video_file,video_hash,duration_ms,start_ms,end_ms,start_frame,end_frame,wrist1_x,wrist1_y,thumb1_mcp_x,thumb1_mcp_y,thumb1_pip_x,thumb1_pip_y,thumb1_dip_x,thumb1_dip_y,index1_mcp_x,index1_mcp_y,index1_pip_x,index1_pip_y,index1_dip_x,index1_dip_y,middle1_mcp_x,middle1_mcp_y,middle1_pip_x,middle1_pip_y,middle1_dip_x,middle1_dip_y,ring1_mcp_x,ring1_mcp_y,ring1_pip_x,ring1_pip_y,ring1_dip_x,ring1_dip_y,pinky1_mcp_x,pinky1_mcp_y,pinky1_pip_x,pinky1_pip_y,pinky1_dip_x,pinky1_dip_y,wrist2_x,wrist2_y,thumb2_mcp_x,thumb2_mcp_y,thumb2_pip_x,thumb2_pip_y,thumb2_dip_x,thumb2_dip_y,index2_mcp_x,index2_mcp_y,index2_pip_x,index2_pip_y,index2_dip_x,index2_dip_y,middle2_mcp_x,middle2_mcp_y,middle2_pip_x,middle2_pip_y,middle2_dip_x,middle2_dip_y,ring2_mcp_x,ring2_mcp_y,ring2_pip_x,ring2_pip_y,ring2_dip_x,ring2_dip_y,pinky2_mcp_x,pinky2_mcp_y,pinky2_pip_x,pinky2_pip_y,pinky2_dip_x,pinky2_dip_y,wrist3_x,wrist3_y,thumb3_mcp_x,thumb3_mcp_y,thumb3_pip_x,thumb3_pip_y,thumb3_dip_x,thumb3_dip_y,index3_mcp_x,index3_mcp_y,index3_pip_x,index3_pip_y,index3_dip_x,index3_dip_y,middle3_mcp_x,middle3_mcp_y,middle3_pip_x,middle3_pip_y,middle3_dip_x,middle3_dip_y,ring3_mcp_x,ring3_mcp_y,ring3_pip_x,ring3_pip_y,ring3_dip_x,ring3_dip_y,pinky3_mcp_x,pinky3_mcp_y,pinky3_pip_x,pinky3_pip_y,pinky3_dip_x,pinky3_dip_y,wrist4_x,wrist4_y,thumb4_mcp_x,thumb4_mcp_y,thumb4_pip_x,thumb4_pip_y,thumb4_dip_x,thumb4_dip_y,index4_mcp_x,index4_mcp_y,index4_pip_x,index4_pip_y,index4_dip_x,index4_dip_y,middle4_mcp_x,middle4_mcp_y,middle4_pip_x,middle4_pip_y,middle4_dip_x,middle4_dip_y,ring4_mcp_x,ring4_mcp_y,ring4_pip_x,ring4_pip_y,ring4_dip_x,ring4_dip_y,pinky4_mcp_x,pinky4_mcp_y,pinky4_pip_x,pinky4_pip_y,pinky4_dip_x,pinky4_dip_y,wrist5_x,wrist5_y,thumb5_mcp_x,thumb5_mcp_y,thumb5_pip_x,thumb5_pip_y,thumb5_dip_x,thumb5_dip_y,index5_mcp_x,index5_mcp_y,index5_pip_x,index5_pip_y,index5_dip_x,index5_dip_y,middle5_mcp_x,middle5_mcp_y,middle5_pip_x,middle5_pip_y,middle5_dip_x,middle5_dip_y,ring5_mcp_x,ring5_mcp_y,ring5_pip_x,ring5_pip_y,ring5_dip_x,ring5_dip_y,pinky5_mcp_x,pinky5_mcp_y,pinky5_pip_x,pinky5_pip_y,pinky5_dip_x,pinky5_dip_y,wrist1_vx,wrist1_vy,thumb1_mcp_vx,thumb1_mcp_vy,thumb1_pip_vx,thumb1_pip_vy,thumb1_dip_vx,thumb1_dip_vy,index1_mcp_vx,index1_mcp_vy,index1_pip_vx,index1_pip_vy,index1_dip_vx,index1_dip_vy,middle1_mcp_vx,middle1_mcp_vy,middle1_pip_vx,middle1_pip_vy,middle1_dip_vx,middle1_dip_vy,ring1_mcp_vx,ring1_mcp_vy,ring1_pip_vx,ring1_pip_vy,ring1_dip_vx,ring1_dip_vy,pinky1_mcp_vx,pinky1_mcp_vy,pinky1_pip_vx,pinky1_pip_vy,pinky1_dip_vx,pinky1_dip_vy,wrist2_vx,wrist2_vy,thumb2_mcp_vx,thumb2_mcp_vy,thumb2_pip_vx,thumb2_pip_vy,thumb2_dip_vx,thumb2_dip_vy,index2_mcp_vx,index2_mcp_vy,index2_pip_vx,index2_pip_vy,index2_dip_vx,index2_dip_vy,middle2_mcp_vx,middle2_mcp_vy,middle2_pip_vx,middle2_pip_vy,middle2_dip_vx,middle2_dip_vy,ring2_mcp_vx,ring2_mcp_vy,ring2_pip_vx,ring2_pip_vy,ring2_dip_vx,ring2_dip_vy,pinky2_mcp_vx,pinky2_mcp_vy,pinky2_pip_vx,pinky2_pip_vy,pinky2_dip_vx,pinky2_dip_vy,wrist3_vx,wrist3_vy,thumb3_mcp_vx,thumb3_mcp_vy,thumb3_pip_vx,thumb3_pip_vy,thumb3_dip_vx,thumb3_dip_vy,index3_mcp_vx,index3_mcp_vy,index3_pip_vx,index3_pip_vy,index3_dip_vx,index3_dip_vy,middle3_mcp_vx,middle3_mcp_vy,middle3_pip_vx,middle3_pip_vy,middle3_dip_vx,middle3_dip_vy,ring3_mcp_vx,ring3_mcp_vy,ring3_pip_vx,ring3_pip_vy,ring3_dip_vx,ring3_dip_vy,pinky3_mcp_vx,pinky3_mcp_vy,pinky3_pip_vx,pinky3_pip_vy,pinky3_dip_vx,pinky3_dip_vy,wrist4_vx,wrist4_vy,thumb4_mcp_vx,thumb4_mcp_vy,thumb4_pip_vx,thumb4_pip_vy,thumb4_dip_vx,thumb4_dip_vy,index4_mcp_vx,index4_mcp_vy,index4_pip_vx,index4_pip_vy,index4_dip_vx,index4_dip_vy,middle4_mcp_vx,middle4_mcp_vy,middle4_pip_vx,middle4_pip_vy,middle4_dip_vx,middle4_dip_vy,ring4_mcp_vx,ring4_mcp_vy,ring4_pip_vx,ring4_pip_vy,ring4_dip_vx,ring4_dip_vy,pinky4_mcp_vx,pinky4_mcp_vy,pinky4_pip_vx,pinky4_pip_vy,pinky4_dip_vx,pinky4_dip_vy,thumb_touch,index_touch,middle_touch,ring_touch,pinky_touch,hand_move,hand_point_of_view,hand_closer,hovering,daylight,hand_visible,out_of_sync,rightHand,any_difference
record10.mp4,9584e0b97ad7a64c,16666,0,333,0,4,2.5135,0.3542,3.2561,0.8916,3.493,1.2117,3.7412,1.4923,2.9092,1.4716,2.9561,1.8968,2.9778,2.2345,2.4047,1.497,2.3647,1.9787,2.3179,2.3472,2.0162,1.4195,1.9198,1.8317,1.8506,2.1349,1.6513,1.2791,1.4771,1.5171,1.3468,1.7081,2.4865,0.3466,3.2373,0.8974,3.475,1.2105,3.7031,1.4792,2.8929,1.4687,2.9563,1.8934,2.9936,2.2404,2.3759,1.4294,2.3281,1.8727,2.2752,2.2446,2.0007,1.354,1.9094,1.7775,1.8397,2.1234,1.632,1.2233,1.454,1.4733,1.3113,1.7056,2.4437,0.337,3.1827,0.8609,3.4395,1.16,3.7027,1.4078,2.8734,1.4523,2.9614,1.8753,3.0163,2.2362,2.3596,1.4185,2.3223,1.878,2.2731,2.2722,1.9765,1.3213,1.8834,1.7483,1.8048,2.1095,1.6141,1.1986,1.4376,1.4538,1.2984,1.7058,2.4254,0.3307,3.1557,0.8652,3.3904,1.1686,3.6303,1.4296,2.8464,1.4519,2.9301,1.8664,2.9803,2.2226,2.3294,1.4061,2.2897,1.8564,2.2418,2.2447,1.9335,1.2894,1.8331,1.7172,1.7491,2.0778,1.5733,1.1599,1.3978,1.4094,1.2611,1.6618,2.3902,0.3302,3.118,0.8532,3.355,1.1403,3.5792,1.3901,2.7926,1.4465,2.8834,1.8433,2.9416,2.1945,2.2908,1.3429,2.2471,1.7254,2.196,2.0746,1.8795,1.216,1.7525,1.5721,1.6414,1.8823,1.5267,1.1258,1.3198,1.3392,1.1424,1.5657,0.0,0.0,0.0,0.0,0.0,0.0,-0.4587,-0.1575,0.0,0.0,0.0,0.0,0.0,0.0,-0.3465,-0.8144,-0.4402,-1.2772,-0.5144,-1.2356,-0.1869,-0.7888,-0.125,-0.6529,0.0,0.0,-0.2324,-0.6721,-0.2777,-0.5282,-0.4272,-0.0309,-0.5162,-0.116,-0.6573,-0.4405,-0.4274,-0.608,-0.0042,-0.8601,0.0,0.0,0.0,0.0,0.0,0.0,0.0,0.0,0.0,0.0,0.0,0.0,-0.2918,-0.3941,-0.3126,-0.3511,-0.4198,-0.1672,0.0,0.0,0.0,0.0,0.0,0.0,0.0,0.0,0.0,0.0,-0.5846,0.1016,-0.8625,0.2589,0.0,0.0,0.0,0.0,-0.4279,-0.1615,0.0,0.0,-0.3883,-0.257,-0.3729,-0.3276,-0.5116,-0.3794,-0.5993,-0.3708,-0.6632,-0.3774,-0.4856,-0.4607,-0.4748,-0.5279,-0.4433,-0.5235,-0.424,-0.005,-0.4551,-0.145,-0.4269,-0.3412,-0.6162,-0.4751,-0.6485,-0.0655,-0.5625,-0.2782,-0.4666,-0.3386,-0.4644,-0.7619,-0.5125,-1.5775,-0.5518,-2.0488,-0.6501,-0.8839,-0.9709,-1.7487,-1.2979,-2.3557,-0.5619,-0.4107,-0.9393,-0.8467,-1.4311,-1.1576,False,False,False,False,False,False,front,False,False,False,True,False,True,
record10.mp4,9584e0b97ad7a64c,16666,250,583,3,7,2.4254,0.3307,3.1557,0.8652,3.3904,1.1686,3.6303,1.4296,2.8464,1.4519,2.9301,1.8664,2.9803,2.2226,2.3294,1.4061,2.2897,1.8564,2.2418,2.2447,1.9335,1.2894,1.8331,1.7172,1.7491,2.0778,1.5733,1.1599,1.3978,1.4094,1.2611,1.6618,2.3902,0.3302,3.118,0.8532,3.355,1.1403,3.5792,1.3901,2.7926,1.4465,2.8834,1.8433,2.9416,2.1945,2.2908,1.3429,2.2471,1.7254,2.196,2.0746,1.8795,1.216,1.7525,1.5721,1.6414,1.8823,1.5267,1.1258,1.3198,1.3392,1.1424,1.5657,2.3677,0.3067,3.0792,0.815,3.3204,1.0948,3.5375,1.3501,2.7728,1.4283,2.8617,1.8127,2.9124,2.1441,2.2905,1.3962,2.2657,1.8013,2.2268,2.1558,1.8828,1.2849,1.7707,1.6536,1.6769,1.9795,1.5225,1.149,1.3293,1.366,1.1717,1.5914,2.3615,0.3164,3.0679,0.8051,3.2853,1.082,3.4632,1.3633,2.7614,1.4106,2.8447,1.7875,2.8913,2.1174,2.2683,1.3907,2.2227,1.7983,2.1641,2.1565,1.8712,1.2764,1.7542,1.6589,1.6554,1.9965,1.5083,1.1277,1.3119,1.3439,1.1508,1.5695,2.3391,0.3077,3.0472,0.7875,3.2407,1.0634,3.3792,1.3587,2.7428,1.399,2.821,1.7773,2.8622,2.1011,2.2637,1.403,2.2333,1.8318,2.1909,2.2019,1.8718,1.3072,1.7644,1.6984,1.6782,2.0359,1.5132,1.1448,1.3238,1.3657,1.1733,1.5912,-0.424,-0.005,-0.4551,-0.145,-0.4269,-0.3412,-0.6162,-0.4751,-0.6485,-0.0655,-0.5625,-0.2782,-0.4666,-0.3386,-0.4644,-0.7619,-0.5125,-1.5775,-0.5518,-2.0488,-0.6501,-0.8839,-0.9709,-1.7487,-1.2979,-2.3557,-0.5619,-0.4107,-0.9393,-0.8467,-1.4311,-1.1576,0.0,0.0,-0.4677,-0.4602,-0.417,-0.5482,-0.5014,-0.482,0.0,0.0,-0.2618,-0.369,-0.3518,-0.6074,-0.0038,0.6431,0.2237,0.9144,0.3706,0.9784,0.0397,0.8299,0.2194,0.9826,0.4279,1.1714,0.0,0.0,0.0,0.0,0.3533,0.309,0.0,0.0,0.0,0.0,-0.4175,-0.1516,-0.8847,0.1568,0.0,0.0,0.0,0.0,-0.2506,-0.3172,0.0,0.0,-0.5115,-0.0357,-0.7463,0.0078,0.0,0.0,0.0,0.0,0.0,0.0,0.0,0.0,0.0,0.0,0.0,0.0,0.0,0.0,0.0,0.0,-0.5378,-0.2243,-1.0126,-0.0553,0.0,0.0,0.0,0.0,-0.3508,-0.1965,0.0,0.0,0.1273,0.4032,0.3234,0.5469,0.0,0.0,0.1225,0.4755,0.2747,0.4749,0.0,0.0,0.0,0.0,0.0,0.0,False,False,True,True,True,False,front,False,False,False,True,False,True,
record10.mp4,9584e0b97ad7a64c,16666,500,833,6,10,2.3615,0.3164,3.0679,0.8051,3.2853,1.082,3.4632,1.3633,2.7614,1.4106,2.8447,1.7875,2.8913,2.1174,2.2683,1.3907,2.2227,1.7983,2.1641,2.1565,1.8712,1.2764,1.7542,1.6589,1.6554,1.9965,1.5083,1.1277,1.3119,1.3439,1.1508,1.5695,2.3391,0.3077,3.0472,0.7875,3.2407,1.0634,3.3792,1.3587,2.7428,1.399,2.821,1.7773,2.8622,2.1011,2.2637,1.403,2.2333,1.8318,2.1909,2.2019,1.8718,1.3072,1.7644,1.6984,1.6782,2.0359,1.5132,1.1448,1.3238,1.3657,1.1733,1.5912,2.3402,0.3024,3.0335,0.7516,3.2196,1.0302,3.3258,1.3421,2.7248,1.3978,2.8079,1.7867,2.8519,2.1183,2.2558,1.401,2.2361,1.841,2.2055,2.2175,1.8647,1.3177,1.7624,1.7226,1.6822,2.0616,1.5165,1.1591,1.3308,1.3861,1.185,1.6051,2.3367,0.3059,3.0363,0.7508,3.2119,1.0303,3.3065,1.3399,2.72,1.3955,2.8021,1.79,2.8473,2.1186,2.2576,1.4127,2.2422,1.8636,2.2207,2.2377,1.8677,1.3238,1.7688,1.7263,1.6936,2.0522,1.5093,1.1683,1.3271,1.3946,1.1855,1.6069,2.3213,0.2898,3.0205,0.7476,3.1913,1.0186,3.2755,1.3135,2.6955,1.3985,2.7823,1.7786,2.8335,2.1045,2.2216,1.3127,2.1986,1.6582,2.1659,1.9523,1.8021,1.2003,1.6667,1.515,1.5524,1.7797,1.4668,1.095,1.2575,1.2956,1.0839,1.4865,0.0,0.0,0.0,0.0,-0.5378,-0.2243,-1.0126,-0.0553,0.0,0.0,0.0,0.0,-0.3508,-0.1965,0.0,0.0,0.1273,0.4032,0.3234,0.5469,0.0,0.0,0.1225,0.4755,0.2747,0.4749,0.0,0.0,0.0,0.0,0.0,0.0,0.0,0.0,-0.1656,-0.4324,-0.254,-0.4001,-0.6435,-0.2003,0.0,0.0,0.0,0.0,0.0,0.0,0.0,0.0,0.0,0.0,0.0,0.0,0.0,0.0,0.0,0.0,0.0,0.0,0.0,0.0,0.0,0.0,0.0,0.0,0.0,0.0,0.0,0.0,0.0,0.0,0.0,0.0,0.0,0.0,0.0,0.0,0.0,0.0,0.0,0.0,0.0,0.0,0.0,0.0,0.0,0.0,0.0,0.0,0.0,0.0,0.0,0.0,0.0,0.0,0.0,0.0,0.0,0.0,0.0,0.0,0.0,0.0,-0.373,-0.3178,0.0,0.0,0.0,0.0,0.0,0.0,-0.4347,-1.2051,-0.5252,-2.4758,-0.6608,-3.4389,-0.7899,-1.4877,-1.2309,-2.5454,-1.7004,-3.2835,-0.5119,-0.8832,-0.8376,-1.1919,-1.2248,-1.4505,False,False,False,False,False,False,front,False,False,False,True,False,True,
record10.mp4,9584e0b97ad7a64c,16666,750,1083,9,13,2.3367,0.3059,3.0363,0.7508,3.2119,1.0303,3.3065,1.3399,2.72,1.3955,2.8021,1.79,2.8473,2.1186,2.2576,1.4127,2.2422,1.8636,2.2207,2.2377,1.8677,1.3238,1.7688,1.7263,1.6936,2.0522,1.5093,1.1683,1.3271,1.3946,1.1855,1.6069,2.3213,0.2898,3.0205,0.7476,3.1913,1.0186,3.2755,1.3135,2.6955,1.3985,2.7823,1.7786,2.8335,2.1045,2.2216,1.3127,2.1986,1.6582,2.1659,1.9523,1.8021,1.2003,1.6667,1.515,1.5524,1.7797,1.4668,1.095,1.2575,1.2956,1.0839,1.4865,2.3212,0.2897,3.0059,0.737,3.1826,1.0194,3.2747,1.315,2.6913,1.3947,2.7794,1.7783,2.8313,2.1101,2.2163,1.3247,2.1786,1.6955,2.1344,2.0117,1.8053,1.206,1.6698,1.5417,1.5603,1.8314,1.4599,1.0844,1.2452,1.2828,1.0702,1.4768,2.2971,0.2887,2.9862,0.7283,3.1548,1.011,3.2472,1.3125,2.6773,1.4222,2.747,1.8033,2.7835,2.1199,2.2146,1.3945,2.1912,1.8068,2.1594,2.1474,1.8136,1.2755,1.6922,1.6454,1.5916,1.946,1.4616,1.1209,1.2662,1.325,1.106,1.5194,2.3034,0.2987,2.9846,0.7346,3.1549,1.0152,3.2606,1.3161,2.6616,1.4029,2.7385,1.7901,2.7861,2.1188,2.2079,1.3629,2.1708,1.7765,2.127,2.1192,1.8116,1.2585,1.6911,1.641,1.5905,1.9631,1.4617,1.1154,1.2678,1.3269,1.11,1.5354,0.0,0.0,0.0,0.0,0.0,0.0,-0.373,-0.3178,0.0,0.0,0.0,0.0,0.0,0.0,-0.4347,-1.2051,-0.5252,-2.4758,-0.6608,-3.4389,-0.7899,-1.4877,-1.2309,-2.5454,-1.7004,-3.2835,-0.5119,-0.8832,-0.8376,-1.1919,-1.2248,-1.4505,0.0,0.0,0.0,0.0,0.0,0.0,0.0,0.0,0.0,0.0,0.0,0.0,0.0,0.0,0.0,0.0,-0.2413,0.4496,-0.3789,0.7159,0.0,0.0,0.0,0.0,0.0946,0.6231,0.0,0.0,0.0,0.0,0.0,0.0,0.0,0.0,0.0,0.0,0.0,0.0,0.0,0.0,0.0,0.0,-0.3858,0.2968,-0.5693,0.1173,-0.0193,0.831,0.1499,1.3259,0.2969,1.6158,0.0985,0.8266,0.2677,1.2354,0.3731,1.3635,0.0203,0.4341,0.2499,0.5017,0.4264,0.5081,0.0,0.0,0.0,0.0,0.0,0.0,0.0,0.0,0.0,0.0,0.0,0.0,0.0,0.0,0.0,0.0,-0.2447,-0.3656,-0.39,-0.3396,0.0,0.0,0.0,0.0,0.0,0.0,0.0,0.0,0.0,0.0,0.0,0.0,False,False,True,True,True,False,front,False,False,False,True,False,True,
record10.mp4,9584e0b97ad7a64c,16666,1000,1333,12,16,2.2971,0.2887,2.9862,0.7283,3.1548,1.011,3.2472,1.3125,2.6773,1.4222,2.747,1.8033,2.7835,2.1199,2.2146,1.3945,2.1912,1.8068,2.1594,2.1474,1.8136,1.2755,1.6922,1.6454,1.5916,1.946,1.4616,1.1209,1.2662,1.325,1.106,1.5194,2.3034,0.2987,2.9846,0.7346,3.1549,1.0152,3.2606,1.3161,2.6616,1.4029,2.7385,1.7901,2.7861,2.1188,2.2079,1.3629,2.1708,1.7765,2.127,2.1192,1.8116,1.2585,1.6911,1.641,1.5905,1.9631,1.4617,1.1154,1.2678,1.3269,1.11,1.5354,2.3069,0.302,2.9852,0.7476,3.151,1.0329,3.2803,1.3266,2.6663,1.4143,2.7434,1.8015,2.7936,2.1315,2.1964,1.33,2.1511,1.7229,2.1035,2.0537,1.7804,1.21,1.6434,1.5854,1.5329,1.9067,1.4509,1.0925,1.2599,1.3147,1.1045,1.5323,2.3032,0.3057,2.9825,0.7511,3.1489,1.0385,3.2896,1.332,2.6568,1.4113,2.7292,1.7897,2.7683,2.105,2.1848,1.3869,2.1521,1.8008,2.1123,2.1412,1.7788,1.2726,1.6529,1.6497,1.5504,1.9602,1.4475,1.1119,1.2654,1.3308,1.123,1.5492,2.2993,0.3057,2.9792,0.7577,3.1568,1.0417,3.3094,1.3294,2.6638,1.404,2.74,1.7867,2.7846,2.101,2.1901,1.385,2.1577,1.806,2.1187,2.1549,1.7908,1.2762,1.6705,1.6592,1.5758,1.9769,1.4529,1.11,1.2738,1.3312,1.1348,1.5526,0.0,0.0,0.0,0.0,0.0,0.0,0.0,0.0,0.0,0.0,0.0,0.0,0.0,0.0,0.0,0.0,-0.2447,-0.3656,-0.39,-0.3396,0.0,0.0,0.0,0.0,0.0,0.0,0.0,0.0,0.0,0.0,0.0,0.0,0.0,0.0,0.0,0.0,0.0,0.0,0.0,0.0,0.0,0.0,0.0,0.0,0.0,0.0,-0.1389,-0.3956,-0.238,-0.6455,-0.2833,-0.7894,-0.3765,-0.5846,-0.5741,-0.6697,-0.6934,-0.6786,0.0,0.0,0.0,0.0,0.0,0.0,0.0,0.0,0.0,0.0,0.0,0.0,0.0,0.0,0.0,0.0,0.0,0.0,-0.3011,-0.3161,-0.1376,0.6774,0.0118,0.9266,0.1044,1.0415,-0.019,0.7452,0.113,0.7649,0.2086,0.6365,0.0,0.0,0.0,0.0,0.0,0.0,0.0,0.0,0.0,0.0,0.0,0.0,0.0,0.0,0.0,0.0,0.0,0.0,0.0,0.0,0.0,0.0,0.0,0.0,0.0,0.0,0.0,0.0,0.0,0.0,0.0,0.0,0.0,0.0,0.0,0.0,0.0,0.0,False,False,True,True,False,False,front,False,False,False,True,False,True,
record10.mp4,9584e0b97ad7a64c,16666,1250,1583,15,19,2.3032,0.3057,2.9825,0.7511,3.1489,1.0385,3.2896,1.332,2.6568,1.4113,2.7292,1.7897,2.7683,2.105,2.1848,1.3869,2.1521,1.8008,2.1123,2.1412,1.7788,1.2726,1.6529,1.6497,1.5504,1.9602,1.4475,1.1119,1.2654,1.3308,1.123,1.5492,2.2993,0.3057,2.9792,0.7577,3.1568,1.0417,3.3094,1.3294,2.6638,1.404,2.74,1.7867,2.7846,2.101,2.1901,1.385,2.1577,1.806,2.1187,2.1549,1.7908,1.2762,1.6705,1.6592,1.5758,1.9769,1.4529,1.11,1.2738,1.3312,1.1348,1.5526,2.3005,0.3138,2.9743,0.7663,3.1531,1.0543,3.3134,1.3415,2.6637,1.3902,2.7498,1.7685,2.8066,2.0946,2.1819,1.3607,2.1449,1.7736,2.1028,2.1252,1.783,1.2638,1.6611,1.6492,1.5652,1.9792,1.4452,1.1134,1.266,1.3366,1.1256,1.5644,2.3022,0.3122,2.9792,0.7702,3.1582,1.0639,3.3243,1.3498,2.6647,1.4025,2.7457,1.7787,2.794,2.0965,2.1902,1.4013,2.1654,1.8233,2.1322,2.1731,1.7933,1.2991,1.6734,1.6794,1.5759,1.9966,1.4557,1.1262,1.2788,1.3444,1.1383,1.5637,2.3103,0.3063,2.9804,0.7727,3.166,1.0637,3.3258,1.3539,2.6644,1.4057,2.747,1.7833,2.7949,2.0968,2.1981,1.4072,2.179,1.8356,2.1498,2.1865,1.8025,1.3049,1.6835,1.692,1.5857,2.009,1.4692,1.1391,1.2896,1.3598,1.1476,1.5754,0.0,0.0,0.0,0.0,0.0,0.0,0.0,0.0,0.0,0.0,0.0,0.0,0.0,0.0,0.0,0.0,0.0,0.0,0.0,0.0,0.0,0.0,0.0,0.0,0.0,0.0,0.0,0.0,0.0,0.0,0.0,0.0,0.0,0.0,0.0,0.0,0.0,0.0,0.0,0.0,0.0,0.0,0.0,0.0,0.0,0.0,0.0,0.0,-0.1549,-0.3895,-0.1912,-0.3578,0.0,0.0,0.0,0.0,0.0,0.0,0.0,0.0,0.0,0.0,0.0,0.0,0.0,0.0,0.0,0.0,0.0,0.0,0.0,0.0,0.0,0.0,0.0,0.0,0.0,0.0,0.0988,0.4828,0.2445,0.5917,0.3492,0.5695,0.1227,0.4202,0.0,0.0,0.0,0.0,0.0,0.0,0.0,0.0,0.0,0.0,0.0,0.0,0.0,0.0,0.0,0.0,0.0,0.0,0.0,0.0,0.0,0.0,0.0,0.0,0.0,0.0,0.0,0.0,0.0,0.0,0.0,0.0,0.0,0.0,0.0,0.0,0.0,0.0,0.0,0.0,0.0,0.0,False,False,False,False,False,False,front,False,False,False,True,False,True,
record10.mp4,9584e0b97ad7a64c,16666,1500,1833,18,22,2.3022,0.3122,2.9792,0.7702,3.1582,1.0639,3.3243,1.3498,2.6647,1.4025,2.7457,1.7787,2.794,2.0965,2.1902,1.4013,2.1654,1.8233,2.1322,2.1731,1.7933,1.2991,1.6734,1.6794,1.5759,1.9966,1.4557,1.1262,1.2788,1.3444,1.1383,1.5637,2.3103,0.3063,2.9804,0.7727,3.166,1.0637,3.3258,1.3539,2.6644,1.4057,2.747,1.7833,2.7949,2.0968,2.1981,1.4072,2.179,1.8356,2.1498,2.1865,1.8025,1.3049,1.6835,1.692,1.5857,2.009,1.4692,1.1391,1.2896,1.3598,1.1476,1.5754,2.3111,0.2994,2.9786,0.771,3.1657,1.0636,3.3206,1.362,2.6651,1.4144,2.7475,1.7936,2.7919,2.1055,2.2036,1.4187,2.1886,1.8519,2.1631,2.2082,1.8062,1.3129,1.686,1.699,1.5864,2.0127,1.4752,1.149,1.2961,1.3659,1.1541,1.5774,2.3156,0.3073,2.9832,0.7766,3.17,1.0661,3.3233,1.363,2.6727,1.4113,2.7537,1.7913,2.7967,2.1026,2.2109,1.4175,2.1948,1.8496,2.1686,2.2035,1.8158,1.3155,1.6958,1.7031,1.5966,2.0179,1.4853,1.1577,1.306,1.3752,1.164,1.5847,2.3207,0.304,2.9895,0.7738,3.1753,1.0662,3.3309,1.3646,2.6736,1.4096,2.7538,1.7905,2.7967,2.1041,2.2159,1.4173,2.2015,1.85,2.1769,2.2065,1.8207,1.3171,1.7015,1.706,1.6028,2.0218,1.4917,1.1638,1.3125,1.3796,1.1699,1.5871,0.0,0.0,0.0,0.0,0.0,0.0,0.0,0.0,0.0,0.0,0.0,0.0,0.0,0.0,0.0,0.0,0.0,0.0,0.0,0.0,0.0,0.0,0.0,0.0,0.0,0.0,0.0,0.0,0.0,0.0,0.0,0.0,0.0,0.0,0.0,0.0,0.0,0.0,0.0,0.0,0.0,0.0,0.0,0.0,0.0,0.0,0.0,0.0,0.0,0.0,0.0,0.0,0.0,0.0,0.0,0.0,0.0,0.0,0.0,0.0,0.0,0.0,0.0,0.0,0.0,0.0,0.0,0.0,0.0,0.0,0.0,0.0,0.0,0.0,0.0,0.0,0.0,0.0,0.0,0.0,0.0,0.0,0.0,0.0,0.0,0.0,0.0,0.0,0.0,0.0,0.0,0.0,0.0,0.0,0.0,0.0,0.0,0.0,0.0,0.0,0.0,0.0,0.0,0.0,0.0,0.0,0.0,0.0,0.0,0.0,0.0,0.0,0.0,0.0,0.0,0.0,0.0,0.0,0.0,0.0,0.0,0.0,0.0,0.0,0.0,0.0,0.0,0.0,False,False,False,False,False,False,front,False,False,False,True,False,True,
record10.mp4,9584e0b97ad7a64c,16666,1750,2083,21,25,2.3156,0.3073,2.9832,0.7766,3.17,1.0661,3.3233,1.363,2.6727,1.4113,2.7537,1.7913,2.7967,2.1026,2.2109,1.4175,2.1948,1.8496,2.1686,2.2035,1.8158,1.3155,1.6958,1.7031,1.5966,2.0179,1.4853,1.1577,1.306,1.3752,1.164,1.5847,2.3207,0.304,2.9895,0.7738,3.1753,1.0662,3.3309,1.3646,2.6736,1.4096,2.7538,1.7905,2.7967,2.1041,2.2159,1.4173,2.2015,1.85,2.1769,2.2065,1.8207,1.3171,1.7015,1.706,1.6028,2.0218,1.4917,1.1638,1.3125,1.3796,1.1699,1.5871,2.3234,0.2979,2.994,0.7764,3.1775,1.0722,3.3371,1.3697,2.674,1.4152,2.7538,1.7975,2.7972,2.1127,2.2164,1.4188,2.2031,1.8538,2.1815,2.2143,1.8218,1.317,1.701,1.7067,1.602,2.0229,1.4924,1.1644,1.3109,1.3807,1.1672,1.5876,2.3179,0.2961,2.9925,0.7788,3.173,1.0733,3.3333,1.3685,2.6725,1.4235,2.751,1.8034,2.7949,2.1144,2.2131,1.4193,2.1993,1.8489,2.1781,2.2059,1.8172,1.3162,1.6964,1.7031,1.5987,2.0201,1.4854,1.1605,1.3048,1.3768,1.1621,1.5849,2.3217,0.2969,2.99,0.7771,3.1702,1.0691,3.3293,1.3633,2.673,1.422,2.7506,1.8031,2.7937,2.1122,2.2129,1.4163,2.1975,1.8479,2.1749,2.2034,1.817,1.3133,1.6957,1.704,1.5983,2.0221,1.485,1.1588,1.3035,1.3793,1.1605,1.5893,0.0,0.0,0.0,0.0,0.0,0.0,0.0,0.0,0.0,0.0,0.0,0.0,0.0,0.0,0.0,0.0,0.0,0.0,0.0,0.0,0.0,0.0,0.0,0.0,0.0,0.0,0.0,0.0,0.0,0.0,0.0,0.0,0.0,0.0,0.0,0.0,0.0,0.0,0.0,0.0,0.0,0.0,0.0,0.0,0.0,0.0,0.0,0.0,0.0,0.0,0.0,0.0,0.0,0.0,0.0,0.0,0.0,0.0,0.0,0.0,0.0,0.0,0.0,0.0,0.0,0.0,0.0,0.0,0.0,0.0,0.0,0.0,0.0,0.0,0.0,0.0,0.0,0.0,0.0,0.0,0.0,0.0,0.0,0.0,0.0,0.0,0.0,0.0,0.0,0.0,0.0,0.0,0.0,0.0,0.0,0.0,0.0,0.0,0.0,0.0,0.0,0.0,0.0,0.0,0.0,0.0,0.0,0.0,0.0,0.0,0.0,0.0,0.0,0.0,0.0,0.0,0.0,0.0,0.0,0.0,0.0,0.0,0.0,0.0,0.0,0.0,0.0,0.0,False,False,False,False,False,False,front,False,False,False,True,False,True,hand standing there but move while touching
record10.mp4,9584e0b97ad7a64c,16666,2000,2333,24,28,2.3179,0.2961,2.9925,0.7788,3.173,1.0733,3.3333,1.3685,2.6725,1.4235,2.751,1.8034,2.7949,2.1144,2.2131,1.4193,2.1993,1.8489,2.1781,2.2059,1.8172,1.3162,1.6964,1.7031,1.5987,2.0201,1.4854,1.1605,1.3048,1.3768,1.1621,1.5849,2.3217,0.2969,2.99,0.7771,3.1702,1.0691,3.3293,1.3633,2.673,1.422,2.7506,1.8031,2.7937,2.1122,2.2129,1.4163,2.1975,1.8479,2.1749,2.2034,1.817,1.3133,1.6957,1.704,1.5983,2.0221,1.485,1.1588,1.3035,1.3793,1.1605,1.5893,2.3158,0.3033,2.9933,0.7795,3.1727,1.0689,3.3289,1.3641,2.6725,1.4179,2.7502,1.8012,2.7917,2.1142,2.215,1.4215,2.2001,1.8544,2.1753,2.2112,1.8195,1.3211,1.6988,1.7102,1.5987,2.0225,1.4853,1.1674,1.303,1.3828,1.1581,1.5883,2.3176,0.2875,2.9864,0.7671,3.1724,1.0578,3.3284,1.3588,2.6731,1.4073,2.7507,1.7905,2.791,2.1036,2.2167,1.4177,2.2001,1.8517,2.1738,2.2088,1.821,1.3193,1.6997,1.7124,1.5999,2.0293,1.4901,1.1618,1.3091,1.3816,1.1654,1.5906,2.3218,0.287,2.9906,0.775,3.174,1.0634,3.3329,1.3563,2.6737,1.4064,2.749,1.7921,2.7886,2.1065,2.2137,1.4106,2.1963,1.8458,2.1715,2.2044,1.8173,1.3152,1.6976,1.7087,1.6012,2.0256,1.4869,1.154,1.3068,1.3779,1.1641,1.5885,0.0,0.0,0.0,0.0,0.0,0.0,0.0,0.0,0.0,0.0,0.0,0.0,0.0,0.0,0.0,0.0,0.0,0.0,0.0,0.0,0.0,0.0,0.0,0.0,0.0,0.0,0.0,0.0,0.0,0.0,0.0,0.0,0.0,0.0,0.0,0.0,0.0,0.0,0.0,0.0,0.0,0.0,0.0,0.0,0.0,0.0,0.0,0.0,0.0,0.0,0.0,0.0,0.0,0.0,0.0,0.0,0.0,0.0,0.0,0.0,0.0,0.0,0.0,0.0,0.0,0.0,0.0,0.0,0.0,0.0,0.0,0.0,0.0,0.0,0.0,0.0,0.0,0.0,0.0,0.0,0.0,0.0,0.0,0.0,0.0,0.0,0.0,0.0,0.0,0.0,0.0,0.0,0.0,0.0,0.0,0.0,0.0,0.0,0.0,0.0,0.0,0.0,0.0,0.0,0.0,0.0,0.0,0.0,0.0,0.0,0.0,0.0,0.0,0.0,0.0,0.0,0.0,0.0,0.0,0.0,0.0,0.0,0.0,0.0,0.0,0.0,0.0,0.0,False,False,False,False,False,False,front,False,False,False,True,False,True,hand standing there but move while touching
record10.mp4,9584e0b97ad7a64c,16666,2250,2583,27,31,2.3176,0.2875,2.9864,0.7671,3.1724,1.0578,3.3284,1.3588,2.6731,1.4073,2.7507,1.7905,2.791,2.1036,2.2167,1.4177,2.2001,1.8517,2.1738,2.2088,1.821,1.3193,1.6997,1.7124,1.5999,2.0293,1.4901,1.1618,1.3091,1.3816,1.1654,1.5906,2.3218,0.287,2.9906,0.775,3.174,1.0634,3.3329,1.3563,2.6737,1.4064,2.749,1.7921,2.7886,2.1065,2.2137,1.4106,2.1963,1.8458,2.1715,2.2044,1.8173,1.3152,1.6976,1.7087,1.6012,2.0256,1.4869,1.154,1.3068,1.3779,1.1641,1.5885,2.3192,0.2808,2.9828,0.7733,3.1669,1.0569,3.3215,1.3516,2.6715,1.4037,2.747,1.7921,2.7852,2.1068,2.2057,1.4072,2.1855,1.8471,2.1606,2.2081,1.8091,1.3134,1.6888,1.7095,1.5952,2.0276,1.4824,1.1401,1.3055,1.3677,1.1671,1.5817,2.3216,0.2937,2.9872,0.7891,3.1656,1.0704,3.3224,1.3609,2.6748,1.4013,2.746,1.7924,2.7803,2.107,2.2015,1.3983,2.1785,1.8419,2.1535,2.2058,1.805,1.3039,1.6861,1.7042,1.5952,2.0253,1.479,1.1339,1.3041,1.3651,1.1685,1.5814,2.3151,0.2922,2.9849,0.7877,3.1599,1.0654,3.3111,1.3561,2.6763,1.3986,2.7463,1.7926,2.7796,2.1093,2.2051,1.3949,2.1794,1.8414,2.1507,2.208,1.8083,1.3012,1.6882,1.7043,1.595,2.0275,1.4764,1.1355,1.3001,1.3676,1.1633,1.5847,0.0,0.0,0.0,0.0,0.0,0.0,0.0,0.0,0.0,0.0,0.0,0.0,0.0,0.0,0.0,0.0,0.0,0.0,0.0,0.0,0.0,0.0,0.0,0.0,0.0,0.0,0.0,0.0,0.0,0.0,0.0,0.0,0.0,0.0,0.0,0.0,0.0,0.0,0.0,0.0,0.0,0.0,0.0,0.0,0.0,0.0,0.0,0.0,0.0,0.0,0.0,0.0,0.0,0.0,0.0,0.0,0.0,0.0,0.0,0.0,0.0,0.0,0.0,0.0,0.0,0.0,0.0,0.0,0.0,0.0,0.0,0.0,0.0,0.0,0.0,0.0,0.0,0.0,0.0,0.0,0.0,0.0,0.0,0.0,0.0,0.0,0.0,0.0,0.0,0.0,0.0,0.0,0.0,0.0,0.0,0.0,0.0,0.0,0.0,0.0,0.0,0.0,0.0,0.0,0.0,0.0,0.0,0.0,0.0,0.0,0.0,0.0,0.0,0.0,0.0,0.0,0.0,0.0,0.0,0.0,0.0,0.0,0.0,0.0,0.0,0.0,0.0,0.0,False,False,False,False,False,False,front,False,False,False,True,False,True,hand standing there but move while touching
record10.mp4,9584e0b97ad7a64c,16666,2500,2833,30,34,2.3216,0.2937,2.9872,0.7891,3.1656,1.0704,3.3224,1.3609,2.6748,1.4013,2.746,1.7924,2.7803,2.107,2.2015,1.3983,2.1785,1.8419,2.1535,2.2058,1.805,1.3039,1.6861,1.7042,1.5952,2.0253,1.479,1.1339,1.3041,1.3651,1.1685,1.5814,2.3151,0.2922,2.9849,0.7877,3.1599,1.0654,3.3111,1.3561,2.6763,1.3986,2.7463,1.7926,2.7796,2.1093,2.2051,1.3949,2.1794,1.8414,2.1507,2.208,1.8083,1.3012,1.6882,1.7043,1.595,2.0275,1.4764,1.1355,1.3001,1.3676,1.1633,1.5847,2.3068,0.2907,2.9732,0.7855,3.1467,1.0659,3.3047,1.3477,2.6709,1.4043,2.7346,1.7948,2.7643,2.1063,2.2,1.3914,2.1717,1.8343,2.1415,2.196,1.8038,1.2941,1.6859,1.6978,1.5971,2.0244,1.4704,1.1227,1.2982,1.3601,1.1671,1.5815,2.303,0.2923,2.9727,0.7882,3.1433,1.0712,3.3068,1.3544,2.6631,1.3961,2.7255,1.7851,2.7558,2.0999,2.1947,1.3834,2.1666,1.8269,2.1387,2.1921,1.8019,1.2861,1.6843,1.6926,1.5958,2.021,1.4688,1.1234,1.2931,1.3597,1.1611,1.5809,2.3022,0.2891,2.9688,0.7831,3.1397,1.065,3.2997,1.3461,2.6576,1.3795,2.7163,1.7741,2.7424,2.0997,2.1942,1.3544,2.1644,1.8046,2.1351,2.1808,1.8052,1.2546,1.6963,1.6696,1.616,2.0038,1.4694,1.115,1.2964,1.3584,1.1664,1.5858,0.0,0.0,0.0,0.0,0.0,0.0,0.0,0.0,0.0,0.0,0.0,0.0,0.0,0.0,0.0,0.0,0.0,0.0,0.0,0.0,0.0,0.0,0.0,0.0,0.0,0.0,0.0,0.0,0.0,0.0,0.0,0.0,0.0,0.0,0.0,0.0,0.0,0.0,0.0,0.0,0.0,0.0,0.0,0.0,0.0,0.0,0.0,0.0,0.0,0.0,0.0,0.0,0.0,0.0,0.0,0.0,0.0,0.0,0.0,0.0,0.0,0.0,0.0,0.0,0.0,0.0,0.0,0.0,0.0,0.0,0.0,0.0,0.0,0.0,0.0,0.0,0.0,0.0,0.0,0.0,0.0,0.0,0.0,0.0,0.0,0.0,0.0,0.0,0.0,0.0,0.0,0.0,0.0,0.0,0.0,0.0,0.0,0.0,0.0,0.0,0.0,0.0,0.0,0.0,0.0,0.0,0.0,0.0,0.0,0.0,0.0,0.0,0.0,0.0,0.0,0.0,0.0,0.0,0.0,0.0,0.0,0.0,0.0,0.0,0.0,0.0,0.0,0.0,False,False,False,False,False,False,front,False,False,False,True,False,True,hand standing there but move while touching
record10.mp4,9584e0b97ad7a64c,16666,2750,3083,33,37,2.303,0.2923,2.9727,0.7882,3.1433,1.0712,3.3068,1.3544,2.6631,1.3961,2.7255,1.7851,2.7558,2.0999,2.1947,1.3834,2.1666,1.8269,2.1387,2.1921,1.8019,1.2861,1.6843,1.6926,1.5958,2.021,1.4688,1.1234,1.2931,1.3597,1.1611,1.5809,2.3022,0.2891,2.9688,0.7831,3.1397,1.065,3.2997,1.3461,2.6576,1.3795,2.7163,1.7741,2.7424,2.0997,2.1942,1.3544,2.1644,1.8046,2.1351,2.1808,1.8052,1.2546,1.6963,1.6696,1.616,2.0038,1.4694,1.115,1.2964,1.3584,1.1664,1.5858,2.3031,0.2858,2.9682,0.7784,3.1394,1.0608,3.2666,1.3499,2.6569,1.3549,2.713,1.7527,2.7376,2.0865,2.1988,1.3253,2.168,1.7753,2.14,2.1527,1.8189,1.2334,1.7184,1.6454,1.6478,1.977,1.4776,1.1049,1.3088,1.3525,1.1824,1.5828,2.3001,0.2861,2.9822,0.7647,3.1411,1.0497,3.2304,1.3566,2.662,1.3248,2.7186,1.7318,2.7422,2.0783,2.202,1.2851,2.1783,1.7391,2.1554,2.1209,1.8246,1.1882,1.7471,1.6074,1.6963,1.9434,1.48,1.093,1.3244,1.3523,1.2094,1.5931,2.2976,0.2795,2.9937,0.7502,3.1466,1.0359,3.1968,1.3491,2.6655,1.3007,2.7197,1.7042,2.7431,2.049,2.2016,1.2529,2.1777,1.6991,2.1597,2.0705,1.8312,1.1661,1.7677,1.5731,1.7368,1.9063,1.4833,1.0807,1.3404,1.3442,1.2408,1.5909,0.0,0.0,0.0,0.0,0.0,0.0,0.0,0.0,0.0,0.0,0.0,0.0,0.0,0.0,0.0,0.0,0.0,0.0,0.0,0.0,0.0,0.0,0.0,0.0,0.0,0.0,0.0,0.0,0.0,0.0,0.0,0.0,0.0,0.0,0.0,0.0,0.0,0.0,-0.3983,0.0452,0.0,0.0,0.0,0.0,0.0,0.0,0.0,0.0,0.0,0.0,0.0,0.0,0.0,0.0,0.0,0.0,0.3828,-0.322,0.0,0.0,0.0,0.0,0.0,0.0,0.0,0.0,0.0,0.0,0.0,0.0,-0.4316,0.0798,0.0,0.0,0.0,0.0,0.0,0.0,0.0373,-0.4793,0.1222,-0.4316,0.1841,-0.3791,0.0677,-0.5379,0.3414,-0.4524,0.5766,-0.4004,0.0,0.0,0.0,0.0,0.0,0.0,0.0,0.0,0.0,0.0,0.0,0.0,-0.4041,-0.0896,0.0,0.0,0.0,0.0,0.0,0.0,0.0,0.0,-0.0075,-0.4816,0.0513,-0.6061,0.0,0.0,0.2484,-0.4132,0.4885,-0.4475,0.0,0.0,0.0,0.0,0.0,0.0,False,False,False,False,False,False,front,False,False,False,True,False,True,hand standing there but move while touching
record10.mp4,9584e0b97ad7a64c,16666,3000,3333,36,40,2.3001,0.2861,2.9822,0.7647,3.1411,1.0497,3.2304,1.3566,2.662,1.3248,2.7186,1.7318,2.7422,2.0783,2.202,1.2851,2.1783,1.7391,2.1554,2.1209,1.8246,1.1882,1.7471,1.6074,1.6963,1.9434,1.48,1.093,1.3244,1.3523,1.2094,1.5931,2.2976,0.2795,2.9937,0.7502,3.1466,1.0359,3.1968,1.3491,2.6655,1.3007,2.7197,1.7042,2.7431,2.049,2.2016,1.2529,2.1777,1.6991,2.1597,2.0705,1.8312,1.1661,1.7677,1.5731,1.7368,1.9063,1.4833,1.0807,1.3404,1.3442,1.2408,1.5909,2.2771,0.2673,2.988,0.7458,3.1315,1.0171,3.1102,1.3212,2.6724,1.3011,2.7205,1.6925,2.7397,2.0084,2.1931,1.2172,2.1695,1.6471,2.1586,1.9831,1.8195,1.1303,1.7604,1.5363,1.7453,1.8559,1.4695,1.0528,1.3411,1.3288,1.2668,1.5779,2.2529,0.2867,2.9782,0.7534,3.1124,1.0173,3.0429,1.322,2.6606,1.2765,2.7017,1.6623,2.7204,1.9654,2.1585,1.1785,2.1485,1.598,2.1559,1.9218,1.7931,1.094,1.7547,1.5034,1.7509,1.8155,1.45,1.0464,1.3401,1.3238,1.2897,1.5759,2.237,0.2825,2.9642,0.7372,3.0977,0.9997,3.0237,1.3047,2.6414,1.229,2.6789,1.6047,2.6969,1.9061,2.1296,1.1432,2.1243,1.5537,2.1434,1.871,1.7696,1.0761,1.7466,1.4786,1.7589,1.7863,1.4417,1.0376,1.3475,1.315,1.3222,1.5698,0.0,0.0,0.0,0.0,0.0,0.0,-0.4041,-0.0896,0.0,0.0,0.0,0.0,0.0,0.0,0.0,0.0,-0.0075,-0.4816,0.0513,-0.6061,0.0,0.0,0.2484,-0.4132,0.4885,-0.4475,0.0,0.0,0.0,0.0,0.0,0.0,0.0,0.0,0.0,0.0,0.0,0.0,-1.0431,-0.3364,0.0,0.0,0.0,0.0,-0.0404,-0.4892,-0.1022,-0.4306,-0.0985,-0.6264,-0.0133,-1.0534,-0.1415,-0.4316,-0.0881,-0.4432,0.1027,-0.6069,0.0,0.0,0.0,0.0,0.0,0.0,0.0,0.0,0.0,0.0,0.0,0.0,-0.8016,0.009,0.0,0.0,-0.2231,-0.3598,-0.2305,-0.5119,-0.4118,-0.4599,-0.2496,-0.5848,-0.032,-0.7298,-0.3135,-0.4323,0.0,0.0,0.0665,-0.481,0.0,0.0,0.0,0.0,0.0,0.0,0.0,0.0,0.0,0.0,0.0,0.0,0.0,0.0,-0.2312,-0.5716,-0.2751,-0.6935,-0.2831,-0.714,-0.3491,-0.4253,-0.2917,-0.5339,-0.1506,-0.6121,0.0,0.0,0.0,0.0,0.0,0.0,0.0,0.0,0.0,0.0,0.0,0.0,False,False,False,False,False,False,front,False,False,False,True,False,True,hand standing there but move while touching
record10.mp4,9584e0b97ad7a64c,16666,3250,3583,39,43,2.2529,0.2867,2.9782,0.7534,3.1124,1.0173,3.0429,1.322,2.6606,1.2765,2.7017,1.6623,2.7204,1.9654,2.1585,1.1785,2.1485,1.598,2.1559,1.9218,1.7931,1.094,1.7547,1.5034,1.7509,1.8155,1.45,1.0464,1.3401,1.3238,1.2897,1.5759,2.237,0.2825,2.9642,0.7372,3.0977,0.9997,3.0237,1.3047,2.6414,1.229,2.6789,1.6047,2.6969,1.9061,2.1296,1.1432,2.1243,1.5537,2.1434,1.871,1.7696,1.0761,1.7466,1.4786,1.7589,1.7863,1.4417,1.0376,1.3475,1.315,1.3222,1.5698,2.2166,0.2599,2.9446,0.73,3.0844,1.0056,2.9968,1.2993,2.6365,1.2309,2.6715,1.6106,2.6884,1.8976,2.1226,1.1583,2.114,1.5755,2.1355,1.8706,1.7554,1.0907,1.7349,1.4919,1.7551,1.7782,1.4264,1.0465,1.3434,1.3193,1.3264,1.5525,2.2044,0.248,2.9192,0.7337,3.0717,1.0064,3.0058,1.3021,2.622,1.2363,2.6725,1.6214,2.6952,1.927,2.1147,1.1755,2.1027,1.5971,2.1183,1.9225,1.7536,1.097,1.7191,1.4971,1.7262,1.8024,1.4334,1.0267,1.3452,1.2955,1.3143,1.5393,2.2034,0.2529,2.913,0.739,3.0616,1.0076,3.0084,1.3064,2.6194,1.2879,2.6757,1.6712,2.7018,1.9734,2.1146,1.2195,2.0973,1.6431,2.1005,1.9877,1.7563,1.112,1.7059,1.511,1.6889,1.826,1.4394,1.0243,1.3426,1.2914,1.2957,1.5385,0.0,0.0,0.0,0.0,0.0,0.0,0.0,0.0,-0.2312,-0.5716,-0.2751,-0.6935,-0.2831,-0.714,-0.3491,-0.4253,-0.2917,-0.5339,-0.1506,-0.6121,0.0,0.0,0.0,0.0,0.0,0.0,0.0,0.0,0.0,0.0,0.0,0.0,0.0,0.0,0.0,0.0,0.0,0.0,0.0,0.0,0.0,0.0,0.0,0.0,0.0,0.0,0.0,0.0,0.0,0.0,0.0,0.0,0.0,0.0,0.0,0.0,0.0,0.0,0.0,0.0,0.0,0.0,0.0,0.0,0.0,0.0,0.0,0.0,0.0,0.0,0.0,0.0,0.0,0.0,0.0,0.0,0.0,0.0,0.0,0.0,0.0,0.0,-0.2049,0.6183,0.0,0.0,0.0,0.0,-0.3439,0.2881,0.0,0.0,0.0,0.0,0.0,0.0,0.0,0.0,0.0,0.0,0.0,0.0,0.0,0.0,-0.0312,0.6223,0.0386,0.5999,0.079,0.5586,-0.0018,0.53,-0.0641,0.5541,-0.2143,0.7853,0.0,0.0,0.0,0.0,-0.4496,0.2843,0.0,0.0,0.0,0.0,0.0,0.0,False,False,False,False,False,False,front,False,False,False,True,False,True,hand standing there but move while touching
record10.mp4,9584e0b97ad7a64c,16666,3500,3833,42,46,2.2044,0.248,2.9192,0.7337,3.0717,1.0064,3.0058,1.3021,2.622,1.2363,2.6725,1.6214,2.6952,1.927,2.1147,1.1755,2.1027,1.5971,2.1183,1.9225,1.7536,1.097,1.7191,1.4971,1.7262,1.8024,1.4334,1.0267,1.3452,1.2955,1.3143,1.5393,2.2034,0.2529,2.913,0.739,3.0616,1.0076,3.0084,1.3064,2.6194,1.2879,2.6757,1.6712,2.7018,1.9734,2.1146,1.2195,2.0973,1.6431,2.1005,1.9877,1.7563,1.112,1.7059,1.511,1.6889,1.826,1.4394,1.0243,1.3426,1.2914,1.2957,1.5385,2.2091,0.26,2.9005,0.7472,3.0472,1.0099,3.0307,1.313,2.6119,1.3231,2.6788,1.7047,2.7131,2.0164,2.1115,1.2551,2.0899,1.6789,2.0837,2.0344,1.7533,1.1423,1.6882,1.5406,1.6506,1.8584,1.4431,1.0437,1.3352,1.3063,1.267,1.5512,2.2283,0.2575,2.894,0.7443,3.0449,1.0103,3.0586,1.3151,2.6113,1.3681,2.6843,1.7492,2.7258,2.0561,2.12,1.2931,2.0965,1.7222,2.082,2.0801,1.7543,1.1829,1.6701,1.5836,1.6123,1.9064,1.4493,1.0576,1.3168,1.316,1.214,1.5544,2.2496,0.2738,2.8992,0.7623,3.0542,1.0323,3.1101,1.3281,2.6176,1.4012,2.6998,1.7758,2.7485,2.0817,2.1271,1.3515,2.1009,1.775,2.0811,2.1249,1.7528,1.2508,1.6441,1.6324,1.5579,1.9393,1.4498,1.1046,1.2915,1.3391,1.1558,1.5571,0.0,0.0,0.0,0.0,0.0,0.0,0.0,0.0,-0.0312,0.6223,0.0386,0.5999,0.079,0.5586,-0.0018,0.53,-0.0641,0.5541,-0.2143,0.7853,0.0,0.0,0.0,0.0,-0.4496,0.2843,0.0,0.0,0.0,0.0,0.0,0.0,0.0,0.0,0.0,0.0,0.0,0.0,0.0,0.0,-0.0904,0.4243,0.0366,0.4044,0.1362,0.5183,-0.0366,0.4295,-0.0891,0.4309,-0.2017,0.5622,0.0,0.0,-0.2138,0.3575,-0.4607,0.3906,0.0,0.0,0.0,0.0,0.0,0.0,0.0,0.0,0.0,0.0,0.0,0.0,0.0,0.0,-0.0074,0.535,0.0658,0.5301,0.1512,0.4718,0.1013,0.4525,0.0786,0.515,-0.0209,0.5447,0.0116,0.4836,-0.215,0.5114,-0.4567,0.5713,0.0,0.0,0.0,0.0,-0.6298,0.0373,0.0,0.0,0.0,0.0,0.0,0.0,0.6204,0.1571,0.0757,0.3986,0.0,0.0,0.2735,0.3086,0.0855,0.7033,0.0529,0.636,-0.0101,0.5391,-0.0183,0.8176,-0.3128,0.5878,-0.6552,0.3962,0.0057,0.5655,-0.3049,0.2786,-0.702,0.0326,False,False,False,False,False,False,front,False,False,False,True,False,True,hand standing there but move while touching
record10.mp4,9584e0b97ad7a64c,16666,3750,4083,45,49,2.2283,0.2575,2.894,0.7443,3.0449,1.0103,3.0586,1.3151,2.6113,1.3681,2.6843,1.7492,2.7258,2.0561,2.12,1.2931,2.0965,1.7222,2.082,2.0801,1.7543,1.1829,1.6701,1.5836,1.6123,1.9064,1.4493,1.0576,1.3168,1.316,1.214,1.5544,2.2496,0.2738,2.8992,0.7623,3.0542,1.0323,3.1101,1.3281,2.6176,1.4012,2.6998,1.7758,2.7485,2.0817,2.1271,1.3515,2.1009,1.775,2.0811,2.1249,1.7528,1.2508,1.6441,1.6324,1.5579,1.9393,1.4498,1.1046,1.2915,1.3391,1.1558,1.5571,2.2569,0.2792,2.9019,0.7673,3.0662,1.0444,3.157,1.3379,2.6224,1.4029,2.7173,1.7804,2.7754,2.0877,2.1336,1.3764,2.1126,1.8041,2.0917,2.1557,1.7553,1.2788,1.6426,1.6542,1.552,1.9564,1.4512,1.1252,1.2863,1.3483,1.1477,1.557,2.2636,0.2795,2.9021,0.7718,3.0705,1.0491,3.1747,1.3384,2.6304,1.4108,2.7273,1.7872,2.7843,2.0927,2.1389,1.3911,2.1164,1.816,2.0932,2.1654,1.7571,1.294,1.6399,1.6641,1.5465,1.9625,1.4548,1.1292,1.2861,1.3498,1.1474,1.5562,2.2674,0.2791,2.9065,0.7736,3.0772,1.0493,3.1763,1.3397,2.6371,1.4045,2.7329,1.7845,2.7887,2.092,2.1478,1.3812,2.1236,1.8104,2.1,2.1645,1.7618,1.2826,1.6429,1.6625,1.551,1.9703,1.4604,1.1206,1.293,1.3475,1.158,1.5584,0.0,0.0,0.0,0.0,0.0,0.0,0.6204,0.1571,0.0757,0.3986,0.0,0.0,0.2735,0.3086,0.0855,0.7033,0.0529,0.636,-0.0101,0.5391,-0.0183,0.8176,-0.3128,0.5878,-0.6552,0.3962,0.0057,0.5655,-0.3049,0.2786,-0.702,0.0326,0.0,0.0,0.0,0.0,0.0,0.0,0.5654,0.1185,0.0,0.0,0.0,0.0,0.0,0.0,0.0,0.0,0.0,0.0,0.0,0.0,0.0,0.0,0.0,0.0,0.0,0.0,0.0,0.0,0.0,0.0,0.0,0.0,0.0,0.0,0.0,0.0,0.0,0.0,0.0,0.0,0.0,0.0,0.0,0.0,0.0,0.0,0.0,0.0,0.0,0.0,0.0,0.0,0.0,0.0,0.0,0.0,0.0,0.0,0.0,0.0,0.0,0.0,0.0,0.0,0.0,0.0,0.0,0.0,0.0,0.0,0.0,0.0,0.0,0.0,0.0,0.0,0.0,0.0,0.0,0.0,0.0,0.0,0.0,0.0,0.0,0.0,0.0,0.0,0.0,0.0,0.0,0.0,0.0,0.0,0.0,0.0,False,False,False,False,False,False,front,False,False,False,True,False,True,hand standing there but move while touching
record10.mp4,9584e0b97ad7a64c,16666,4000,4333,48,52,2.2636,0.2795,2.9021,0.7718,3.0705,1.0491,3.1747,1.3384,2.6304,1.4108,2.7273,1.7872,2.7843,2.0927,2.1389,1.3911,2.1164,1.816,2.0932,2.1654,1.7571,1.294,1.6399,1.6641,1.5465,1.9625,1.4548,1.1292,1.2861,1.3498,1.1474,1.5562,2.2674,0.2791,2.9065,0.7736,3.0772,1.0493,3.1763,1.3397,2.6371,1.4045,2.7329,1.7845,2.7887,2.092,2.1478,1.3812,2.1236,1.8104,2.1,2.1645,1.7618,1.2826,1.6429,1.6625,1.551,1.9703,1.4604,1.1206,1.293,1.3475,1.158,1.5584,2.2714,0.2814,2.9254,0.7718,3.0879,1.0497,3.1639,1.3483,2.6501,1.3982,2.7407,1.7865,2.7911,2.0973,2.1601,1.3766,2.1341,1.8129,2.1086,2.1693,1.7722,1.2807,1.6517,1.6693,1.5613,1.9813,1.464,1.1261,1.2958,1.3557,1.1628,1.566,2.2803,0.2841,2.9362,0.7736,3.0964,1.051,3.1627,1.3492,2.6603,1.3973,2.7512,1.7879,2.801,2.1054,2.1656,1.3747,2.1387,1.8107,2.1114,2.1712,1.7772,1.2839,1.6579,1.6716,1.569,1.9869,1.4654,1.1271,1.2962,1.3557,1.1626,1.5678,2.2786,0.2893,2.9332,0.7759,3.0975,1.0553,3.1676,1.3536,2.6607,1.4014,2.7548,1.7921,2.8085,2.1074,2.161,1.3817,2.1367,1.8189,2.1132,2.1779,1.7717,1.2926,1.6568,1.6762,1.5734,1.9865,1.4553,1.1326,1.2886,1.3622,1.1581,1.5745,0.0,0.0,0.0,0.0,0.0,0.0,0.0,0.0,0.0,0.0,0.0,0.0,0.0,0.0,0.0,0.0,0.0,0.0,0.0,0.0,0.0,0.0,0.0,0.0,0.0,0.0,0.0,0.0,0.0,0.0,0.0,0.0,0.0,0.0,0.0,0.0,0.0,0.0,0.0,0.0,0.0,0.0,0.0,0.0,0.0,0.0,0.0,0.0,0.0,0.0,0.0,0.0,0.0,0.0,0.0,0.0,0.0,0.0,0.0,0.0,0.0,0.0,0.0,0.0,0.0,0.0,0.0,0.0,0.0,0.0,0.0,0.0,0.0,0.0,0.0,0.0,0.0,0.0,0.0,0.0,0.0,0.0,0.0,0.0,0.0,0.0,0.0,0.0,0.0,0.0,0.0,0.0,0.0,0.0,0.0,0.0,0.0,0.0,0.0,0.0,0.0,0.0,0.0,0.0,0.0,0.0,0.0,0.0,0.0,0.0,0.0,0.0,0.0,0.0,0.0,0.0,0.0,0.0,0.0,0.0,0.0,0.0,0.0,0.0,0.0,0.0,0.0,0.0,False,False,False,False,False,False,front,False,False,False,True,False,True,hand standing there but move while touching
record10.mp4,9584e0b97ad7a64c,16666,4250,4583,51,55,2.2803,0.2841,2.9362,0.7736,3.0964,1.051,3.1627,1.3492,2.6603,1.3973,2.7512,1.7879,2.801,2.1054,2.1656,1.3747,2.1387,1.8107,2.1114,2.1712,1.7772,1.2839,1.6579,1.6716,1.569,1.9869,1.4654,1.1271,1.2962,1.3557,1.1626,1.5678,2.2786,0.2893,2.9332,0.7759,3.0975,1.0553,3.1676,1.3536,2.6607,1.4014,2.7548,1.7921,2.8085,2.1074,2.161,1.3817,2.1367,1.8189,2.1132,2.1779,1.7717,1.2926,1.6568,1.6762,1.5734,1.9865,1.4553,1.1326,1.2886,1.3622,1.1581,1.5745,2.273,0.2904,2.9309,0.785,3.0942,1.0608,3.1721,1.3545,2.6643,1.4195,2.7581,1.8,2.812,2.1071,2.1595,1.399,2.1329,1.8299,2.1077,2.184,1.7715,1.2977,1.6531,1.6748,1.5656,1.9802,1.4546,1.1275,1.2867,1.3556,1.1557,1.5695,2.261,0.2871,2.9184,0.7732,3.0892,1.0468,3.1622,1.341,2.6673,1.4131,2.7743,1.7884,2.8409,2.0933,2.1602,1.3978,2.1354,1.8281,2.1098,2.1843,1.7686,1.2916,1.6551,1.6723,1.5711,1.984,1.4529,1.1244,1.2871,1.3573,1.1573,1.5768,2.2538,0.2742,2.9214,0.771,3.0813,1.0469,3.1471,1.3396,2.6971,1.4103,2.82,1.7776,2.9067,2.0654,2.1723,1.4015,2.1509,1.8287,2.1279,2.1775,1.7924,1.2922,1.6891,1.672,1.6162,1.9798,1.4614,1.1258,1.2971,1.3579,1.1719,1.5747,0.0,0.0,0.0,0.0,0.0,0.0,0.0,0.0,0.0,0.0,0.0,0.0,0.0,0.0,0.0,0.0,0.0,0.0,0.0,0.0,0.0,0.0,0.0,0.0,0.0,0.0,0.0,0.0,0.0,0.0,0.0,0.0,0.0,0.0,0.0,0.0,0.0,0.0,0.0,0.0,0.0,0.0,0.0,0.0,0.0,0.0,0.0,0.0,0.0,0.0,0.0,0.0,0.0,0.0,0.0,0.0,0.0,0.0,0.0,0.0,0.0,0.0,0.0,0.0,0.0,0.0,0.0,0.0,0.0,0.0,0.0,0.0,0.0,0.0,0.0,0.0,0.0,0.0,0.0,0.0,0.0,0.0,0.0,0.0,0.0,0.0,0.0,0.0,0.0,0.0,0.0,0.0,0.0,0.0,0.0,0.0,0.0,0.0,0.0,0.0,0.0,0.0,0.0,0.0,0.0,0.0,0.551,-0.1301,0.7921,-0.3365,0.0,0.0,0.0,0.0,0.0,0.0,0.0,0.0,0.4098,-0.0029,0.5426,-0.0502,0.0,0.0,0.0,0.0,0.0,0.0,False,False,False,False,False,False,front,False,False,False,True,False,True,hand standing there but move while touching
record10.mp4,9584e0b97ad7a64c,16666,4500,4833,54,58,2.261,0.2871,2.9184,0.7732,3.0892,1.0468,3.1622,1.341,2.6673,1.4131,2.7743,1.7884,2.8409,2.0933,2.1602,1.3978,2.1354,1.8281,2.1098,2.1843,1.7686,1.2916,1.6551,1.6723,1.5711,1.984,1.4529,1.1244,1.2871,1.3573,1.1573,1.5768,2.2538,0.2742,2.9214,0.771,3.0813,1.0469,3.1471,1.3396,2.6971,1.4103,2.82,1.7776,2.9067,2.0654,2.1723,1.4015,2.1509,1.8287,2.1279,2.1775,1.7924,1.2922,1.6891,1.672,1.6162,1.9798,1.4614,1.1258,1.2971,1.3579,1.1719,1.5747,2.2503,0.2715,2.9175,0.7533,3.0767,1.0311,3.1435,1.3292,2.6999,1.3816,2.8232,1.7561,2.9071,2.0539,2.1756,1.3819,2.1557,1.8131,2.1345,2.1648,1.795,1.275,1.7014,1.6637,1.6372,1.9779,1.4587,1.1128,1.2917,1.3473,1.1645,1.5655,2.2443,0.2632,2.9137,0.7526,3.0698,1.0297,3.1339,1.3274,2.694,1.3657,2.817,1.7422,2.902,2.0483,2.1705,1.3678,2.1549,1.801,2.14,2.1567,1.7937,1.2708,1.7054,1.6603,1.6458,1.9763,1.4596,1.1134,1.2983,1.3501,1.1765,1.5704,2.2433,0.2712,2.9148,0.7529,3.0706,1.0304,3.1332,1.3268,2.6908,1.3635,2.8125,1.7388,2.8958,2.0474,2.1715,1.3633,2.1595,1.7948,2.1479,2.1517,1.7929,1.2712,1.7058,1.6592,1.6462,1.9768,1.4606,1.1143,1.3012,1.3513,1.18,1.5725,0.0,0.0,0.0,0.0,0.0,0.0,0.0,0.0,0.0,0.0,0.551,-0.1301,0.7921,-0.3365,0.0,0.0,0.0,0.0,0.0,0.0,0.0,0.0,0.4098,-0.0029,0.5426,-0.0502,0.0,0.0,0.0,0.0,0.0,0.0,0.0,0.0,0.0,0.0,0.0,0.0,0.0,0.0,0.0,0.0,0.0,0.0,0.0,0.0,0.0,0.0,0.0,0.0,0.0,0.0,0.0,0.0,0.0,0.0,0.0,0.0,0.0,0.0,0.0,0.0,0.0,0.0,0.0,0.0,0.0,0.0,0.0,0.0,0.0,0.0,0.0,0.0,0.0,0.0,0.0,0.0,0.0,0.0,0.0,0.0,0.0,0.0,0.0,0.0,0.0,0.0,0.0,0.0,0.0,0.0,0.0,0.0,0.0,0.0,0.0,0.0,0.0,0.0,0.0,0.0,0.0,0.0,0.0,0.0,0.0,0.0,0.0,0.0,0.0,0.0,0.0,0.0,0.0,0.0,0.0,0.0,0.0,0.0,0.0,0.0,0.0,0.0,0.0,0.0,0.0,0.0,False,False,False,False,False,False,front,False,False,False,True,False,True,hand standing there but move while touching
record10.mp4,9584e0b97ad7a64c,16666,4750,5083,57,61,2.2443,0.2632,2.9137,0.7526,3.0698,1.0297,3.1339,1.3274,2.694,1.3657,2.817,1.7422,2.902,2.0483,2.1705,1.3678,2.1549,1.801,2.14,2.1567,1.7937,1.2708,1.7054,1.6603,1.6458,1.9763,1.4596,1.1134,1.2983,1.3501,1.1765,1.5704,2.2433,0.2712,2.9148,0.7529,3.0706,1.0304,3.1332,1.3268,2.6908,1.3635,2.8125,1.7388,2.8958,2.0474,2.1715,1.3633,2.1595,1.7948,2.1479,2.1517,1.7929,1.2712,1.7058,1.6592,1.6462,1.9768,1.4606,1.1143,1.3012,1.3513,1.18,1.5725,2.2444,0.2674,2.907,0.7505,3.0707,1.0253,3.1312,1.317,2.6678,1.363,2.7806,1.7452,2.8581,2.0584,2.1605,1.3457,2.1422,1.777,2.1246,2.1315,1.7783,1.2461,1.6883,1.6388,1.6261,1.9638,1.4508,1.0875,1.2941,1.3312,1.1722,1.559,2.2403,0.2785,2.8904,0.7606,3.053,1.0328,3.1156,1.3218,2.6132,1.39,2.6865,1.7738,2.7286,2.0762,2.0922,1.3428,2.0418,1.7754,1.9941,2.128,1.7068,1.2154,1.5964,1.6084,1.5179,1.9331,1.3924,1.0397,1.241,1.2872,1.1247,1.5228,2.2457,0.2921,2.8907,0.7747,3.052,1.0387,3.1201,1.3239,2.5661,1.3978,2.6205,1.7725,2.6429,2.0701,2.0555,1.3518,1.9875,1.7759,1.9217,2.1253,1.6865,1.2147,1.5534,1.5948,1.4522,1.9136,1.378,1.0259,1.2174,1.2566,1.0932,1.4832,0.0,0.0,0.0,0.0,0.0,0.0,0.0,0.0,0.0,0.0,0.0,0.0,0.0,0.0,0.0,0.0,0.0,0.0,0.0,0.0,0.0,0.0,0.0,0.0,0.0,0.0,0.0,0.0,0.0,0.0,0.0,0.0,0.0,0.0,0.0,0.0,0.0,0.0,0.0,0.0,0.0,0.0,0.0,0.0,-0.4549,0.1318,0.0,0.0,0.0,0.0,0.0,0.0,0.0,0.0,0.0,0.0,0.0,0.0,0.0,0.0,0.0,0.0,0.0,0.0,0.0,0.0,0.0,0.0,0.0,0.0,0.0,0.0,-0.6499,0.3214,-1.1193,0.3404,-1.5413,0.2129,-0.8133,-0.0345,-1.1956,-0.019,-1.5535,-0.0414,-0.8515,-0.3657,-1.0938,-0.3621,-1.2884,-0.3653,-0.6954,-0.5687,-0.6329,-0.523,-0.5655,-0.4312,0.0,0.0,0.0,0.0,0.0,0.0,0.0,0.0,-0.5684,0.094,-0.7952,-0.0152,-1.0327,-0.0744,-0.4419,0.108,-0.6541,0.0065,-0.8717,-0.0331,0.0,0.0,-0.518,-0.1639,-0.7911,-0.2355,0.0,0.0,-0.2839,-0.3692,-0.3798,-0.4767,False,False,False,False,False,False,front,False,False,False,True,False,True,hand standing there but move while touching
record10.mp4,9584e0b97ad7a64c,16666,5000,5333,60,64,2.2403,0.2785,2.8904,0.7606,3.053,1.0328,3.1156,1.3218,2.6132,1.39,2.6865,1.7738,2.7286,2.0762,2.0922,1.3428,2.0418,1.7754,1.9941,2.128,1.7068,1.2154,1.5964,1.6084,1.5179,1.9331,1.3924,1.0397,1.241,1.2872,1.1247,1.5228,2.2457,0.2921,2.8907,0.7747,3.052,1.0387,3.1201,1.3239,2.5661,1.3978,2.6205,1.7725,2.6429,2.0701,2.0555,1.3518,1.9875,1.7759,1.9217,2.1253,1.6865,1.2147,1.5534,1.5948,1.4522,1.9136,1.378,1.0259,1.2174,1.2566,1.0932,1.4832,2.2607,0.3127,2.9072,0.7884,3.0599,1.0528,3.1135,1.3439,2.5328,1.3941,2.5757,1.7726,2.5881,2.0773,2.032,1.3408,1.9565,1.7618,1.8796,2.1165,1.6725,1.2026,1.5332,1.5832,1.4235,1.9001,1.3773,1.0288,1.2113,1.2572,1.0809,1.482,2.2762,0.3037,2.9149,0.7929,3.0679,1.064,3.116,1.3613,2.5323,1.4078,2.5723,1.799,2.5814,2.1041,2.0354,1.3486,1.9535,1.7755,1.8714,2.1312,1.679,1.2141,1.5313,1.5937,1.4176,1.9055,1.385,1.0367,1.2159,1.2633,1.0862,1.4806,2.3017,0.3021,2.9359,0.81,3.0793,1.0833,3.127,1.3789,2.5451,1.4075,2.584,1.8027,2.5918,2.1124,2.0462,1.3512,1.9622,1.784,1.8783,2.1443,1.686,1.2194,1.5357,1.6012,1.419,1.914,1.3895,1.0409,1.2192,1.2677,1.0881,1.4864,0.0,0.0,0.0,0.0,0.0,0.0,0.0,0.0,-0.5684,0.094,-0.7952,-0.0152,-1.0327,-0.0744,-0.4419,0.108,-0.6541,0.0065,-0.8717,-0.0331,0.0,0.0,-0.518,-0.1639,-0.7911,-0.2355,0.0,0.0,-0.2839,-0.3692,-0.3798,-0.4767,0.0,0.0,0.0,0.0,0.0,0.0,0.0,0.0,-0.4008,-0.0446,-0.5398,0.0006,-0.6601,0.0872,0.0,0.0,-0.3737,-0.1696,-0.5077,-0.1054,0.0,0.0,0.0,0.0,0.0,0.0,0.0,0.0,0.0,0.0,0.0,0.0,0.0,0.0,0.0,0.0,0.0,0.0,0.0,0.0,0.0,0.0,0.0,0.0,0.0,0.0,0.0,0.0,0.0,0.0,0.0,0.0,0.0,0.0,0.0,0.0,0.0,0.0,0.0,0.0,0.0,0.0,0.0,0.0,0.0,0.0,0.0,0.0,0.0,0.0,0.0,0.0,0.0,0.0,0.0,0.0,0.0,0.0,0.0,0.0,0.0,0.0,0.0,0.0,0.0,0.0,0.0,0.0,0.0,0.0,0.0,0.0,0.0,0.0,0.0,0.0,False,False,False,False,False,False,front,False,False,False,True,False,True,hand standing there but move while touching
record10.mp4,9584e0b97ad7a64c,16666,5250,5583,63,67,2.2762,0.3037,2.9149,0.7929,3.0679,1.064,3.116,1.3613,2.5323,1.4078,2.5723,1.799,2.5814,2.1041,2.0354,1.3486,1.9535,1.7755,1.8714,2.1312,1.679,1.2141,1.5313,1.5937,1.4176,1.9055,1.385,1.0367,1.2159,1.2633,1.0862,1.4806,2.3017,0.3021,2.9359,0.81,3.0793,1.0833,3.127,1.3789,2.5451,1.4075,2.584,1.8027,2.5918,2.1124,2.0462,1.3512,1.9622,1.784,1.8783,2.1443,1.686,1.2194,1.5357,1.6012,1.419,1.914,1.3895,1.0409,1.2192,1.2677,1.0881,1.4864,2.2953,0.2985,2.9399,0.8033,3.0845,1.0776,3.1416,1.3765,2.5781,1.4127,2.617,1.8047,2.6286,2.1025,2.0548,1.3654,1.9682,1.7974,1.8865,2.1466,1.6967,1.2383,1.5513,1.6185,1.4444,1.9251,1.3899,1.0471,1.2199,1.2716,1.0924,1.4841,2.3053,0.3022,2.9579,0.8082,3.1068,1.0814,3.1526,1.3732,2.6424,1.4073,2.7089,1.7971,2.7448,2.094,2.0945,1.3647,2.0167,1.8037,1.9489,2.154,1.7294,1.2347,1.5946,1.6243,1.4988,1.9351,1.4151,1.048,1.2431,1.2793,1.1137,1.495,2.3056,0.2999,2.9596,0.8021,3.113,1.0734,3.1523,1.3612,2.6954,1.4129,2.7801,1.7956,2.8338,2.0819,2.1235,1.3728,2.0548,1.809,1.9995,2.1519,1.7562,1.2372,1.6327,1.6268,1.5526,1.9394,1.4325,1.0496,1.2627,1.2854,1.1348,1.5027,0.0,0.0,0.0,0.0,0.0,0.0,0.0,0.0,0.0,0.0,0.0,0.0,0.0,0.0,0.0,0.0,0.0,0.0,0.0,0.0,0.0,0.0,0.0,0.0,0.0,0.0,0.0,0.0,0.0,0.0,0.0,0.0,0.0,0.0,0.0,0.0,0.0,0.0,0.0,0.0,0.3978,0.0623,0.0,0.0,0.4429,-0.1198,0.0,0.0,0.0,0.0,0.0,0.0,0.0,0.0,0.0,0.0,0.0,0.0,0.0,0.0,0.0,0.0,0.0,0.0,0.0,0.0,0.0,0.0,0.0,0.0,0.0,0.0,0.7657,-0.0638,1.093,-0.0899,1.3841,-0.1004,0.4728,-0.0091,0.5768,0.0742,0.7423,0.0885,0.0,0.0,0.5154,0.0683,0.647,0.1191,0.0,0.0,0.0,0.0,0.0,0.0,0.0,0.0,0.0,0.0,0.0,0.0,0.0,0.0,0.6384,0.0678,0.8587,-0.018,1.0723,-0.146,0.0,0.0,0.4594,0.0639,0.6096,-0.0251,0.0,0.0,0.4597,0.0303,0.6487,0.0512,0.0,0.0,0.0,0.0,0.0,0.0,False,False,False,False,False,False,front,False,False,False,True,False,True,hand standing there but move while touching
record10.mp4,9584e0b97ad7a64c,16666,5500,5833,66,70,2.3053,0.3022,2.9579,0.8082,3.1068,1.0814,3.1526,1.3732,2.6424,1.4073,2.7089,1.7971,2.7448,2.094,2.0945,1.3647,2.0167,1.8037,1.9489,2.154,1.7294,1.2347,1.5946,1.6243,1.4988,1.9351,1.4151,1.048,1.2431,1.2793,1.1137,1.495,2.3056,0.2999,2.9596,0.8021,3.113,1.0734,3.1523,1.3612,2.6954,1.4129,2.7801,1.7956,2.8338,2.0819,2.1235,1.3728,2.0548,1.809,1.9995,2.1519,1.7562,1.2372,1.6327,1.6268,1.5526,1.9394,1.4325,1.0496,1.2627,1.2854,1.1348,1.5027,2.3049,0.292,2.9604,0.7866,3.1171,1.0586,3.1689,1.3519,2.7045,1.3907,2.8038,1.7715,2.8758,2.0683,2.1512,1.36,2.0972,1.7998,2.0543,2.1463,1.777,1.2288,1.6651,1.6233,1.5934,1.942,1.4462,1.046,1.2767,1.2879,1.1498,1.5128,2.3125,0.2759,2.9807,0.771,3.1226,1.0501,3.1736,1.3483,2.7221,1.367,2.8377,1.75,2.9227,2.0622,2.2134,1.3511,2.2068,1.798,2.2009,2.1566,1.8269,1.2291,1.7315,1.6283,1.6634,1.9521,1.4818,1.0563,1.3171,1.2954,1.1902,1.5197,2.3155,0.2751,2.9827,0.7647,3.132,1.0448,3.1812,1.3424,2.7325,1.3505,2.8563,1.7397,2.9457,2.06,2.2471,1.3408,2.2505,1.7941,2.2531,2.1625,1.8423,1.2274,1.7433,1.6278,1.6682,1.9514,1.4858,1.0677,1.3204,1.3056,1.1906,1.5319,0.0,0.0,0.0,0.0,0.0,0.0,0.0,0.0,0.6384,0.0678,0.8587,-0.018,1.0723,-0.146,0.0,0.0,0.4594,0.0639,0.6096,-0.0251,0.0,0.0,0.4597,0.0303,0.6487,0.0512,0.0,0.0,0.0,0.0,0.0,0.0,0.0,0.0,0.0,0.0,0.0,0.0,0.0,0.0,0.0,0.0,0.2851,-0.2907,0.506,-0.1643,0.0,0.0,0.5113,-0.1108,0.6607,-0.0685,0.0,0.0,0.0,0.0,0.4916,0.0322,0.0,0.0,0.0,0.0,0.0,0.0,0.0,0.0,0.0,0.0,0.0,0.0,0.0,0.0,0.0,0.0,0.4038,-0.2562,0.5582,-0.0724,0.7413,-0.1056,1.3046,-0.0214,1.7456,0.1231,0.5942,0.0037,0.7905,0.0594,0.8325,0.1197,0.424,0.1233,0.4815,0.0898,0.4808,0.0817,0.0,0.0,0.0,0.0,0.0,0.0,0.0,0.0,0.0,0.0,0.0,0.0,0.0,0.0,0.4051,-0.1241,0.5261,-0.0463,0.628,0.0716,0.0,0.0,0.0,0.0,0.0,0.0,0.0,0.0,0.0,0.0,0.0,0.0,False,False,False,False,False,False,front,False,False,False,True,False,True,hand standing there but move while touching
record10.mp4,9584e0b97ad7a64c,16666,5750,6083,69,73,2.3125,0.2759,2.9807,0.771,3.1226,1.0501,3.1736,1.3483,2.7221,1.367,2.8377,1.75,2.9227,2.0622,2.2134,1.3511,2.2068,1.798,2.2009,2.1566,1.8269,1.2291,1.7315,1.6283,1.6634,1.9521,1.4818,1.0563,1.3171,1.2954,1.1902,1.5197,2.3155,0.2751,2.9827,0.7647,3.132,1.0448,3.1812,1.3424,2.7325,1.3505,2.8563,1.7397,2.9457,2.06,2.2471,1.3408,2.2505,1.7941,2.2531,2.1625,1.8423,1.2274,1.7433,1.6278,1.6682,1.9514,1.4858,1.0677,1.3204,1.3056,1.1906,1.5319,2.3185,0.2642,2.9817,0.7635,3.1297,1.0471,3.1825,1.3467,2.7341,1.3475,2.8565,1.7327,2.943,2.0512,2.2588,1.3464,2.2677,1.8016,2.2737,2.1745,1.8457,1.2309,1.7447,1.6313,1.6675,1.9506,1.487,1.0738,1.3214,1.3097,1.1934,1.5332,2.3151,0.2493,2.9816,0.7607,3.1324,1.0457,3.1787,1.3451,2.7305,1.3345,2.8523,1.7236,2.9381,2.0485,2.2558,1.3346,2.2629,1.7923,2.2699,2.1687,1.8421,1.2198,1.7433,1.6254,1.6692,1.9476,1.4832,1.0665,1.322,1.3081,1.197,1.5377,2.3067,0.2592,2.9714,0.7634,3.1232,1.0483,3.1708,1.3442,2.7208,1.3366,2.8399,1.7214,2.9241,2.0451,2.2438,1.3366,2.2499,1.7912,2.256,2.167,1.8349,1.2246,1.7398,1.6266,1.6699,1.9508,1.4755,1.0639,1.3158,1.3047,1.1934,1.5359,0.0,0.0,0.0,0.0,0.0,0.0,0.0,0.0,0.0,0.0,0.0,0.0,0.0,0.0,0.4051,-0.1241,0.5261,-0.0463,0.628,0.0716,0.0,0.0,0.0,0.0,0.0,0.0,0.0,0.0,0.0,0.0,0.0,0.0,0.0,0.0,0.0,0.0,0.0,0.0,0.0,0.0,0.0,0.0,0.0,0.0,0.0,0.0,0.0,0.0,0.0,0.0,0.0,0.0,0.0,0.0,0.0,0.0,0.0,0.0,0.0,0.0,0.0,0.0,0.0,0.0,0.0,0.0,0.0,0.0,0.0,0.0,0.0,0.0,0.0,0.0,0.0,0.0,0.0,0.0,0.0,0.0,0.0,0.0,0.0,0.0,0.0,0.0,0.0,0.0,0.0,0.0,0.0,0.0,0.0,0.0,0.0,0.0,0.0,0.0,0.0,0.0,0.0,0.0,0.0,0.0,0.0,0.0,0.0,0.0,0.0,0.0,0.0,0.0,0.0,0.0,0.0,0.0,0.0,0.0,0.0,0.0,0.0,0.0,0.0,0.0,0.0,0.0,0.0,0.0,False,False,False,False,False,False,front,False,False,False,True,False,True,hand standing there but move while touching
record10.mp4,9584e0b97ad7a64c,16666,6000,6333,72,76,2.3151,0.2493,2.9816,0.7607,3.1324,1.0457,3.1787,1.3451,2.7305,1.3345,2.8523,1.7236,2.9381,2.0485,2.2558,1.3346,2.2629,1.7923,2.2699,2.1687,1.8421,1.2198,1.7433,1.6254,1.6692,1.9476,1.4832,1.0665,1.322,1.3081,1.197,1.5377,2.3067,0.2592,2.9714,0.7634,3.1232,1.0483,3.1708,1.3442,2.7208,1.3366,2.8399,1.7214,2.9241,2.0451,2.2438,1.3366,2.2499,1.7912,2.256,2.167,1.8349,1.2246,1.7398,1.6266,1.6699,1.9508,1.4755,1.0639,1.3158,1.3047,1.1934,1.5359,2.2923,0.2625,2.9465,0.7523,3.1123,1.0323,3.1659,1.3267,2.6794,1.3504,2.7921,1.7362,2.8711,2.0577,2.1985,1.3357,2.1957,1.7878,2.1982,2.1589,1.7757,1.2171,1.6686,1.62,1.5923,1.9467,1.4384,1.0466,1.2871,1.2942,1.1706,1.5308,2.295,0.2759,2.9445,0.7563,3.1063,1.0351,3.1664,1.3338,2.6574,1.359,2.7656,1.739,2.8354,2.0548,2.1721,1.3501,2.1552,1.7964,2.1374,2.1606,1.76,1.2336,1.6392,1.6233,1.5483,1.9411,1.4319,1.0527,1.2722,1.2894,1.1485,1.5181,2.2964,0.2773,2.9411,0.7664,3.1053,1.045,3.1741,1.3464,2.6308,1.3812,2.7181,1.7729,2.7686,2.0764,2.1368,1.3533,2.0967,1.8031,2.0605,2.1626,1.7361,1.2265,1.601,1.6234,1.5009,1.9443,1.4224,1.0446,1.2609,1.287,1.136,1.5177,0.0,0.0,0.0,0.0,0.0,0.0,0.0,0.0,0.0,0.0,0.0,0.0,0.0,0.0,0.0,0.0,0.0,0.0,0.0,0.0,0.0,0.0,0.0,0.0,0.0,0.0,0.0,0.0,0.0,0.0,0.0,0.0,0.0,0.0,0.0,0.0,0.0,0.0,0.0,0.0,-0.4989,0.1669,-0.5755,0.1781,-0.6392,0.1519,-0.5457,-0.0101,-0.6532,-0.0413,-0.697,-0.0968,-0.7126,-0.0908,-0.8578,-0.0805,-0.9355,-0.0492,-0.4465,-0.2091,0.0,0.0,0.0,0.0,0.0,0.0,0.0,0.0,0.0,0.0,0.0,0.0,0.0,0.0,0.0,0.0,-0.424,-0.0338,0.0,0.0,-0.482,0.103,-0.7236,0.0203,0.0,0.0,0.0,0.0,-0.5241,-0.0676,0.0,0.0,0.0,0.0,0.0,0.0,0.0,0.0,0.0,0.0,0.0,0.0,0.0,0.0,-0.3204,0.2675,-0.5721,0.4093,-0.8053,0.2603,-0.4256,0.0383,-0.7039,0.0799,-0.927,0.0231,0.0,0.0,-0.4612,0.0006,-0.5706,0.0388,0.0,0.0,0.0,0.0,0.0,0.0,False,False,False,False,False,False,front,False,False,False,True,False,True,hand standing there but move while touching
record10.mp4,9584e0b97ad7a64c,16666,6250,6583,75,79,2.295,0.2759,2.9445,0.7563,3.1063,1.0351,3.1664,1.3338,2.6574,1.359,2.7656,1.739,2.8354,2.0548,2.1721,1.3501,2.1552,1.7964,2.1374,2.1606,1.76,1.2336,1.6392,1.6233,1.5483,1.9411,1.4319,1.0527,1.2722,1.2894,1.1485,1.5181,2.2964,0.2773,2.9411,0.7664,3.1053,1.045,3.1741,1.3464,2.6308,1.3812,2.7181,1.7729,2.7686,2.0764,2.1368,1.3533,2.0967,1.8031,2.0605,2.1626,1.7361,1.2265,1.601,1.6234,1.5009,1.9443,1.4224,1.0446,1.2609,1.287,1.136,1.5177,2.3034,0.278,2.9413,0.7767,3.1097,1.0574,3.1794,1.3544,2.6197,1.3997,2.6946,1.7912,2.7348,2.0832,2.1221,1.3694,2.0698,1.8185,2.0236,2.1685,1.7314,1.2393,1.5893,1.6354,1.4838,1.9475,1.4135,1.0533,1.2463,1.2945,1.1181,1.5203,2.312,0.2865,2.9503,0.7894,3.1132,1.0672,3.1884,1.3636,2.6249,1.4144,2.6984,1.8017,2.7383,2.0918,2.1275,1.377,2.0708,1.82,2.0171,2.1669,1.7342,1.2432,1.5883,1.6374,1.4796,1.9464,1.4128,1.0532,1.2435,1.2933,1.1151,1.52,2.309,0.2917,2.9514,0.7941,3.1108,1.0703,3.1891,1.3641,2.6467,1.4124,2.7242,1.793,2.7721,2.0848,2.1356,1.3827,2.0819,1.8217,2.0324,2.1674,1.7435,1.241,1.6016,1.6308,1.4968,1.9387,1.4178,1.0497,1.2455,1.2862,1.1145,1.5086,0.0,0.0,0.0,0.0,0.0,0.0,0.0,0.0,-0.3204,0.2675,-0.5721,0.4093,-0.8053,0.2603,-0.4256,0.0383,-0.7039,0.0799,-0.927,0.0231,0.0,0.0,-0.4612,0.0006,-0.5706,0.0388,0.0,0.0,0.0,0.0,0.0,0.0,0.0,0.0,0.0,0.0,0.0,0.0,0.0,0.0,0.0,0.0,0.0,0.0,-0.4066,0.0819,0.0,0.0,0.0,0.0,-0.4439,0.0711,0.0,0.0,0.0,0.0,0.0,0.0,0.0,0.0,0.0,0.0,0.0,0.0,0.0,0.0,0.0,0.0,0.0,0.0,0.0,0.0,0.0,0.0,0.0,0.0,0.0,0.0,0.0,0.0,0.0,0.0,0.0,0.0,0.0,0.0,0.0,0.0,0.0,0.0,0.0,0.0,0.0,0.0,0.0,0.0,0.0,0.0,0.0,0.0,0.0,0.0,0.0,0.0,0.0,0.0,0.0,0.0,0.4076,-0.0841,0.0,0.0,0.0,0.0,0.0,0.0,0.0,0.0,0.0,0.0,0.0,0.0,0.0,0.0,0.0,0.0,0.0,0.0,False,False,False,False,False,False,front,False,False,False,True,False,True,hand standing there but move while touching
record10.mp4,9584e0b97ad7a64c,16666,6500,6833,78,82,2.312,0.2865,2.9503,0.7894,3.1132,1.0672,3.1884,1.3636,2.6249,1.4144,2.6984,1.8017,2.7383,2.0918,2.1275,1.377,2.0708,1.82,2.0171,2.1669,1.7342,1.2432,1.5883,1.6374,1.4796,1.9464,1.4128,1.0532,1.2435,1.2933,1.1151,1.52,2.309,0.2917,2.9514,0.7941,3.1108,1.0703,3.1891,1.3641,2.6467,1.4124,2.7242,1.793,2.7721,2.0848,2.1356,1.3827,2.0819,1.8217,2.0324,2.1674,1.7435,1.241,1.6016,1.6308,1.4968,1.9387,1.4178,1.0497,1.2455,1.2862,1.1145,1.5086,2.3111,0.2953,2.9683,0.7775,3.1273,1.0513,3.2048,1.3473,2.6972,1.3898,2.8049,1.7696,2.8791,2.0734,2.1851,1.3754,2.1558,1.8172,2.1259,2.168,1.7972,1.2419,1.6898,1.6362,1.6163,1.9491,1.4532,1.0604,1.2851,1.2952,1.1578,1.5155,2.3095,0.2838,2.9762,0.7556,3.1366,1.0244,3.2365,1.3189,2.7515,1.3623,2.8872,1.7407,2.9835,2.0504,2.2481,1.3719,2.2557,1.8168,2.2612,2.1722,1.853,1.2503,1.7762,1.6449,1.727,1.9551,1.4917,1.0884,1.3204,1.3146,1.1905,1.5229,2.3065,0.2725,2.985,0.7275,3.1494,1.0031,3.2692,1.2991,2.789,1.3252,2.9428,1.7067,3.0583,2.0246,2.2834,1.3638,2.3044,1.8153,2.3212,2.1772,1.8942,1.2541,1.832,1.6482,1.7902,1.9617,1.5231,1.1134,1.3502,1.3423,1.2146,1.5478,0.0,0.0,0.0,0.0,0.0,0.0,0.0,0.0,0.0,0.0,0.0,0.0,0.4076,-0.0841,0.0,0.0,0.0,0.0,0.0,0.0,0.0,0.0,0.0,0.0,0.0,0.0,0.0,0.0,0.0,0.0,0.0,0.0,0.0,0.0,0.0,0.0,0.0,0.0,0.0,0.0,0.608,-0.2715,0.9724,-0.2812,1.2896,-0.137,0.5963,-0.0884,0.8905,-0.0542,1.1268,0.0064,0.6475,0.0109,1.0632,0.0646,1.4399,0.125,0.4261,0.1282,0.4765,0.1089,0.5217,0.0827,0.0,0.0,0.0,0.0,0.0,0.0,0.3778,-0.3386,0.6473,-0.3277,0.9789,-0.3443,1.2426,-0.274,0.7508,-0.0411,1.1894,-0.005,1.6103,0.0506,0.6639,0.0992,1.0277,0.104,1.3178,0.0718,0.4589,0.3338,0.4203,0.2306,0.0,0.0,0.0,0.0,0.0,0.0,0.0,0.0,0.3945,-0.238,0.4515,-0.4476,0.6709,-0.4099,0.9007,-0.3111,0.4251,-0.098,0.5869,-0.0174,0.7233,0.0595,0.4968,0.0467,0.6724,0.0393,0.7615,0.0791,0.3781,0.3007,0.3597,0.334,0.2909,0.2999,False,False,False,False,False,False,front,False,False,False,True,False,True,hand standing there but move while touching
record10.mp4,9584e0b97ad7a64c,16666,6750,7083,81,85,2.3095,0.2838,2.9762,0.7556,3.1366,1.0244,3.2365,1.3189,2.7515,1.3623,2.8872,1.7407,2.9835,2.0504,2.2481,1.3719,2.2557,1.8168,2.2612,2.1722,1.853,1.2503,1.7762,1.6449,1.727,1.9551,1.4917,1.0884,1.3204,1.3146,1.1905,1.5229,2.3065,0.2725,2.985,0.7275,3.1494,1.0031,3.2692,1.2991,2.789,1.3252,2.9428,1.7067,3.0583,2.0246,2.2834,1.3638,2.3044,1.8153,2.3212,2.1772,1.8942,1.2541,1.832,1.6482,1.7902,1.9617,1.5231,1.1134,1.3502,1.3423,1.2146,1.5478,2.3065,0.2675,3.0092,0.7214,3.1646,1.0001,3.2818,1.3026,2.8183,1.3187,2.976,1.7046,3.0973,2.0238,2.3142,1.3556,2.3443,1.8093,2.3669,2.1772,1.9264,1.2551,1.8753,1.656,1.8366,1.9771,1.5543,1.1261,1.386,1.3579,1.2526,1.569,2.3024,0.2619,3.0136,0.72,3.1778,0.9992,3.2757,1.3004,2.8136,1.3181,2.962,1.7036,3.0741,2.0211,2.3174,1.3427,2.3498,1.7968,2.3763,2.1635,1.928,1.2442,1.8785,1.65,1.8433,1.9693,1.5535,1.1159,1.391,1.3527,1.265,1.5672,2.3089,0.258,2.9993,0.7335,3.1722,1.0052,3.2605,1.2954,2.7639,1.3257,2.8891,1.7058,2.9893,2.0208,2.2942,1.3228,2.316,1.7748,2.337,2.1451,1.903,1.2259,1.844,1.637,1.8026,1.9656,1.5335,1.097,1.3702,1.3403,1.24,1.5602,0.0,0.0,0.0,0.0,0.0,0.0,0.3945,-0.238,0.4515,-0.4476,0.6709,-0.4099,0.9007,-0.3111,0.4251,-0.098,0.5869,-0.0174,0.7233,0.0595,0.4968,0.0467,0.6724,0.0393,0.7615,0.0791,0.3781,0.3007,0.3597,0.334,0.2909,0.2999,0.0,0.0,0.0,0.0,0.0,0.0,0.0,0.0,0.0,0.0,0.3996,-0.0256,0.4698,-0.0095,0.0,0.0,0.4798,-0.0723,0.55,0.0007,0.0,0.0,0.5218,0.0947,0.5593,0.1859,0.376,0.1535,0.431,0.1877,0.458,0.2556,0.0,0.0,0.0,0.0,0.0,0.0,0.0,0.0,0.0,0.0,0.0,0.0,0.0,0.0,0.0,0.0,0.0,0.0,0.0,0.0,0.0,0.0,0.0,0.0,0.0,0.0,0.0,0.0,0.0,0.0,0.0,0.0,0.0,0.0,0.0,0.0,0.0,0.0,0.0,0.0,-0.5991,0.091,-0.8787,0.0261,-1.0226,-0.003,0.0,0.0,-0.4068,-0.2645,-0.4728,-0.2215,0.0,0.0,-0.4157,-0.1568,-0.4898,-0.0444,0.0,0.0,0.0,0.0,0.0,0.0,False,False,False,False,False,False,front,False,False,False,True,False,True,hand standing there but move while touching
record10.mp4,9584e0b97ad7a64c,16666,7000,7333,84,88,2.3024,0.2619,3.0136,0.72,3.1778,0.9992,3.2757,1.3004,2.8136,1.3181,2.962,1.7036,3.0741,2.0211,2.3174,1.3427,2.3498,1.7968,2.3763,2.1635,1.928,1.2442,1.8785,1.65,1.8433,1.9693,1.5535,1.1159,1.391,1.3527,1.265,1.5672,2.3089,0.258,2.9993,0.7335,3.1722,1.0052,3.2605,1.2954,2.7639,1.3257,2.8891,1.7058,2.9893,2.0208,2.2942,1.3228,2.316,1.7748,2.337,2.1451,1.903,1.2259,1.844,1.637,1.8026,1.9656,1.5335,1.097,1.3702,1.3403,1.24,1.5602,2.294,0.2533,2.9642,0.7329,3.1404,1.0087,3.2059,1.3043,2.6983,1.3322,2.8026,1.7209,2.8799,2.042,2.2129,1.3127,2.2035,1.7634,2.1949,2.1287,1.8071,1.2079,1.7262,1.6183,1.6729,1.9515,1.4602,1.0534,1.3108,1.3068,1.1931,1.5416,2.2922,0.2743,2.9629,0.7389,3.1255,1.0152,3.1866,1.3148,2.675,1.3405,2.7812,1.73,2.8538,2.0525,2.1804,1.3266,2.1614,1.7758,2.1408,2.142,1.7775,1.2211,1.6718,1.622,1.5924,1.948,1.4267,1.0537,1.2682,1.2902,1.1445,1.5174,2.2974,0.2891,2.9557,0.7564,3.1149,1.0335,3.1695,1.3436,2.6368,1.3829,2.7221,1.7673,2.7674,2.0704,2.1236,1.3515,2.0778,1.7916,2.0322,2.1467,1.7323,1.2189,1.5989,1.6146,1.4979,1.9338,1.4071,1.0437,1.2388,1.2764,1.1088,1.4993,0.0,0.0,0.0,0.0,0.0,0.0,0.0,0.0,-0.5991,0.091,-0.8787,0.0261,-1.0226,-0.003,0.0,0.0,-0.4068,-0.2645,-0.4728,-0.2215,0.0,0.0,-0.4157,-0.1568,-0.4898,-0.0444,0.0,0.0,0.0,0.0,0.0,0.0,0.0,0.0,-0.4231,-0.0073,0.0,0.0,-0.657,0.1074,-0.79,0.0792,-1.0415,0.1825,-1.3176,0.2556,-0.9792,-0.1216,-1.3557,-0.137,-1.7121,-0.1975,-1.1549,-0.2161,-1.4184,-0.2248,-1.5629,-0.1694,-0.883,-0.5251,-0.7159,-0.404,-0.5643,-0.2247,0.0,0.0,0.0,0.0,0.0,0.0,0.0,0.0,0.0,0.0,0.0,0.0,0.0,0.0,-0.3869,0.1661,-0.5016,0.1469,-0.6443,0.1583,0.0,0.0,-0.648,0.0433,-0.9586,-0.0428,0.0,0.0,-0.5063,-0.1978,-0.5783,-0.2876,0.0,0.0,0.0,0.0,0.0,0.0,-0.2066,0.3475,-0.4604,0.5099,-0.712,0.4487,-1.0405,0.2156,-0.6844,0.2997,-1.0071,0.1909,-1.3082,0.0568,-0.545,-0.0261,-0.8787,-0.0891,-1.1379,-0.171,0.0,0.0,0.0,0.0,-0.4302,-0.2185,False,False,False,False,False,False,front,False,False,False,True,False,True,hand standing there but move while touching
record10.mp4,9584e0b97ad7a64c,16666,7250,7583,87,91,2.2922,0.2743,2.9629,0.7389,3.1255,1.0152,3.1866,1.3148,2.675,1.3405,2.7812,1.73,2.8538,2.0525,2.1804,1.3266,2.1614,1.7758,2.1408,2.142,1.7775,1.2211,1.6718,1.622,1.5924,1.948,1.4267,1.0537,1.2682,1.2902,1.1445,1.5174,2.2974,0.2891,2.9557,0.7564,3.1149,1.0335,3.1695,1.3436,2.6368,1.3829,2.7221,1.7673,2.7674,2.0704,2.1236,1.3515,2.0778,1.7916,2.0322,2.1467,1.7323,1.2189,1.5989,1.6146,1.4979,1.9338,1.4071,1.0437,1.2388,1.2764,1.1088,1.4993,2.3072,0.2964,2.9498,0.7835,3.1112,1.061,3.1861,1.36,2.6178,1.4039,2.6935,1.7898,2.7397,2.0912,2.1085,1.3699,2.0537,1.8099,2.0028,2.1616,1.7202,1.2286,1.5732,1.6215,1.4611,1.9386,1.406,1.0432,1.2316,1.2733,1.0952,1.4919,2.3145,0.3081,2.9591,0.7972,3.1199,1.071,3.1912,1.3641,2.6375,1.4199,2.7113,1.8078,2.7503,2.1052,2.1138,1.3854,2.0516,1.8268,1.9939,2.1716,1.7206,1.2436,1.5707,1.6315,1.4579,1.9396,1.4022,1.0494,1.2231,1.2791,1.0836,1.4927,2.3003,0.3058,2.9522,0.7886,3.1156,1.0636,3.1998,1.3578,2.6688,1.4042,2.7547,1.794,2.8041,2.1005,2.1268,1.3837,2.0648,1.8241,2.0071,2.1709,1.7355,1.2499,1.5929,1.6357,1.4868,1.9438,1.4072,1.0558,1.2298,1.2853,1.0915,1.5013,0.0,0.0,0.0,0.0,0.0,0.0,-0.2066,0.3475,-0.4604,0.5099,-0.712,0.4487,-1.0405,0.2156,-0.6844,0.2997,-1.0071,0.1909,-1.3082,0.0568,-0.545,-0.0261,-0.8787,-0.0891,-1.1379,-0.171,0.0,0.0,0.0,0.0,-0.4302,-0.2185,0.0,0.0,0.0,0.0,0.0,0.0,0.0,0.0,0.0,0.0,-0.3442,0.2716,-0.3346,0.2504,0.0,0.0,0.0,0.0,0.0,0.0,0.0,0.0,0.0,0.0,-0.4435,0.0583,0.0,0.0,0.0,0.0,0.0,0.0,0.0,0.0,0.0,0.0,0.0,0.0,0.0,0.0,0.0,0.0,0.0,0.0,0.0,0.0,0.0,0.0,0.0,0.0,0.0,0.0,0.0,0.0,0.0,0.0,0.0,0.0,0.0,0.0,0.0,0.0,0.0,0.0,0.0,0.0,0.0,0.0,0.0,0.0,0.0,0.0,0.3779,-0.1886,0.5229,-0.1651,0.6481,-0.0566,0.0,0.0,0.0,0.0,0.0,0.0,0.0,0.0,0.0,0.0,0.0,0.0,0.0,0.0,0.0,0.0,0.0,0.0,False,False,False,False,False,False,front,False,False,False,True,False,True,hand standing there but move while touching
record10.mp4,9584e0b97ad7a64c,16666,7500,7833,90,94,2.3145,0.3081,2.9591,0.7972,3.1199,1.071,3.1912,1.3641,2.6375,1.4199,2.7113,1.8078,2.7503,2.1052,2.1138,1.3854,2.0516,1.8268,1.9939,2.1716,1.7206,1.2436,1.5707,1.6315,1.4579,1.9396,1.4022,1.0494,1.2231,1.2791,1.0836,1.4927,2.3003,0.3058,2.9522,0.7886,3.1156,1.0636,3.1998,1.3578,2.6688,1.4042,2.7547,1.794,2.8041,2.1005,2.1268,1.3837,2.0648,1.8241,2.0071,2.1709,1.7355,1.2499,1.5929,1.6357,1.4868,1.9438,1.4072,1.0558,1.2298,1.2853,1.0915,1.5013,2.3168,0.2922,2.9645,0.7653,3.1295,1.038,3.2226,1.3392,2.7093,1.3565,2.8392,1.7429,2.9348,2.0602,2.1769,1.3718,2.1449,1.8154,2.1125,2.1679,1.7828,1.2535,1.6631,1.647,1.575,1.9599,1.4626,1.076,1.2909,1.3071,1.1551,1.5191,2.3277,0.2868,3.0017,0.7656,3.163,1.0415,3.2634,1.3392,2.7979,1.3174,2.9346,1.7127,3.0226,2.0365,2.2869,1.3417,2.29,1.8037,2.2852,2.1718,1.8504,1.2462,1.7564,1.6523,1.6847,1.9663,1.4972,1.1104,1.3297,1.3504,1.1949,1.5605,2.3183,0.268,3.0113,0.7255,3.1746,1.0116,3.2761,1.3208,2.851,1.2959,3.0153,1.6853,3.1305,2.0097,2.342,1.3223,2.3815,1.7888,2.4144,2.1649,1.885,1.2423,1.8118,1.6505,1.7589,1.9704,1.5178,1.1221,1.3573,1.3679,1.2291,1.581,0.0,0.0,0.0,0.0,0.0,0.0,0.0,0.0,0.3779,-0.1886,0.5229,-0.1651,0.6481,-0.0566,0.0,0.0,0.0,0.0,0.0,0.0,0.0,0.0,0.0,0.0,0.0,0.0,0.0,0.0,0.0,0.0,0.0,0.0,0.0,0.0,0.0,0.0,0.0,0.0,0.0,0.0,0.4877,-0.575,1.018,-0.6167,1.5756,-0.4851,0.6034,-0.1437,0.9651,-0.1045,1.2698,-0.0365,0.5699,0.0432,0.8461,0.1369,1.0626,0.1943,0.6668,0.2431,0.7365,0.2616,0.7674,0.2149,0.0,0.0,0.4429,0.0033,0.3992,0.0419,0.4857,-0.0,1.0543,-0.4655,1.1352,-0.3586,1.0453,-0.2821,1.3103,-0.3587,1.7269,-0.1395,2.0551,0.0465,0.8039,-0.0862,1.1105,0.0621,1.3061,0.0762,0.4119,0.4102,0.461,0.5166,0.4731,0.493,0.0,0.0,0.1158,-0.4829,0.0,0.0,0.0,0.0,0.6404,-0.2595,0.9718,-0.3304,1.2992,-0.3231,0.6631,-0.2335,1.1028,-0.1794,1.5566,-0.0829,0.4177,-0.0477,0.6675,-0.0215,0.8935,0.0486,0.0,0.0,0.0,0.0,0.412,0.2469,False,False,False,False,False,False,front,False,False,False,True,False,True,hand standing there but move while touching
record10.mp4,9584e0b97ad7a64c,16666,7750,8083,93,97,2.3277,0.2868,3.0017,0.7656,3.163,1.0415,3.2634,1.3392,2.7979,1.3174,2.9346,1.7127,3.0226,2.0365,2.2869,1.3417,2.29,1.8037,2.2852,2.1718,1.8504,1.2462,1.7564,1.6523,1.6847,1.9663,1.4972,1.1104,1.3297,1.3504,1.1949,1.5605,2.3183,0.268,3.0113,0.7255,3.1746,1.0116,3.2761,1.3208,2.851,1.2959,3.0153,1.6853,3.1305,2.0097,2.342,1.3223,2.3815,1.7888,2.4144,2.1649,1.885,1.2423,1.8118,1.6505,1.7589,1.9704,1.5178,1.1221,1.3573,1.3679,1.2291,1.581,2.3112,0.2497,3.0099,0.7141,3.1792,1.0025,3.2701,1.3159,2.8577,1.2996,3.0282,1.6802,3.1587,1.9893,2.3411,1.3251,2.3801,1.7881,2.4146,2.158,1.8963,1.239,1.8235,1.6529,1.7702,1.9793,1.528,1.1156,1.3696,1.365,1.2477,1.5883,2.3116,0.2381,3.0004,0.7145,3.1741,1.0,3.2623,1.3074,2.825,1.3009,2.9844,1.68,3.1047,1.9938,2.3199,1.3229,2.3521,1.7801,2.3841,2.1505,1.8926,1.2327,1.8155,1.6468,1.7612,1.9755,1.5269,1.1081,1.3668,1.3542,1.2446,1.5773,2.3092,0.2513,2.9906,0.727,3.1626,1.0137,3.2375,1.3176,2.7579,1.292,2.8913,1.6774,2.9943,1.9968,2.2649,1.3051,2.283,1.7675,2.3101,2.1418,1.8445,1.2166,1.762,1.6383,1.7074,1.9768,1.4829,1.0757,1.3299,1.3263,1.2099,1.5578,0.0,0.0,0.1158,-0.4829,0.0,0.0,0.0,0.0,0.6404,-0.2595,0.9718,-0.3304,1.2992,-0.3231,0.6631,-0.2335,1.1028,-0.1794,1.5566,-0.0829,0.4177,-0.0477,0.6675,-0.0215,0.8935,0.0486,0.0,0.0,0.0,0.0,0.412,0.2469,0.0,0.0,0.0,0.0,0.0,0.0,0.0,0.0,0.0,0.0,0.0,0.0,0.3404,-0.2458,0.0,0.0,0.0,0.0,0.0,0.0,0.0,0.0,0.0,0.0,0.0,0.0,0.0,0.0,0.0,0.0,0.0,0.0,0.0,0.0,0.0,0.0,0.0,0.0,0.0,0.0,0.0,0.0,-0.5211,-0.0021,-0.6436,0.0539,0.0,0.0,0.0,0.0,0.0,0.0,0.0,0.0,0.0,0.0,0.0,0.0,0.0,0.0,0.0,0.0,0.0,0.0,0.0,0.0,0.0,0.0,0.0,0.0,0.0,0.0,-0.808,-0.1071,-1.1222,-0.0315,-1.3303,0.0354,-0.6636,-0.2142,-0.8324,-0.1519,-0.8912,-0.1042,-0.58,-0.1942,-0.6449,-0.1022,-0.6485,0.0146,-0.5297,-0.3906,-0.445,-0.3364,-0.4179,-0.2352,False,False,False,False,False,False,front,False,False,False,True,False,True,hand standing there but move while touching
record10.mp4,9584e0b97ad7a64c,16666,8000,8333,96,100,2.3116,0.2381,3.0004,0.7145,3.1741,1.0,3.2623,1.3074,2.825,1.3009,2.9844,1.68,3.1047,1.9938,2.3199,1.3229,2.3521,1.7801,2.3841,2.1505,1.8926,1.2327,1.8155,1.6468,1.7612,1.9755,1.5269,1.1081,1.3668,1.3542,1.2446,1.5773,2.3092,0.2513,2.9906,0.727,3.1626,1.0137,3.2375,1.3176,2.7579,1.292,2.8913,1.6774,2.9943,1.9968,2.2649,1.3051,2.283,1.7675,2.3101,2.1418,1.8445,1.2166,1.762,1.6383,1.7074,1.9768,1.4829,1.0757,1.3299,1.3263,1.2099,1.5578,2.3108,0.2658,2.9937,0.7272,3.1562,1.0171,3.2261,1.3293,2.7331,1.3116,2.8581,1.6993,2.9438,2.0257,2.243,1.3299,2.2467,1.7871,2.2442,2.1591,1.8192,1.2319,1.7159,1.6407,1.6367,1.9694,1.4603,1.0765,1.3017,1.3145,1.1799,1.5396,2.3079,0.2849,2.99,0.746,3.1511,1.0295,3.2186,1.3459,2.6868,1.3392,2.7886,1.7311,2.851,2.0518,2.1917,1.3336,2.1785,1.7899,2.1666,2.1608,1.7682,1.2256,1.6494,1.635,1.5605,1.9656,1.4325,1.0654,1.272,1.3088,1.1481,1.5414,2.3025,0.2858,2.974,0.7516,3.1329,1.0344,3.2156,1.3458,2.6585,1.3583,2.7572,1.747,2.8188,2.0643,2.1729,1.3559,2.1551,1.8054,2.1327,2.1689,1.7553,1.2435,1.6381,1.6414,1.5481,1.9637,1.416,1.0724,1.2578,1.3084,1.1347,1.5341,0.0,0.0,0.0,0.0,0.0,0.0,0.0,0.0,-0.808,-0.1071,-1.1222,-0.0315,-1.3303,0.0354,-0.6636,-0.2142,-0.8324,-0.1519,-0.8912,-0.1042,-0.58,-0.1942,-0.6449,-0.1022,-0.6485,0.0146,-0.5297,-0.3906,-0.445,-0.3364,-0.4179,-0.2352,0.0,0.0,0.0,0.0,0.0,0.0,0.0,0.0,0.0,0.0,-0.3996,0.2637,-0.6077,0.3493,0.0,0.0,-0.438,0.2369,-0.7946,0.2082,0.0,0.0,-0.5547,0.0286,-0.8514,-0.0886,0.0,0.0,0.0,0.0,-0.3617,-0.2192,0.0,0.0,0.0,0.0,0.0,0.0,0.0,0.0,-0.5509,0.3288,-0.8277,0.3793,-1.1048,0.3099,-0.6098,0.044,-0.8123,0.0329,-0.9234,0.0208,-0.6074,-0.0745,-0.792,-0.0673,-0.9066,-0.045,0.0,0.0,0.0,0.0,0.0,0.0,0.0,0.0,0.0,0.0,0.0,0.0,0.0,0.0,-0.3411,0.2297,-0.3773,0.1912,-0.3885,0.1513,0.0,0.0,0.0,0.0,-0.4088,0.0966,0.0,0.0,0.0,0.0,0.0,0.0,0.0,0.0,0.0,0.0,0.0,0.0,False,False,False,False,False,False,front,False,False,False,True,False,True,hand standing there but move while touching
record10.mp4,9584e0b97ad7a64c,16666,8250,8583,99,103,2.3079,0.2849,2.99,0.746,3.1511,1.0295,3.2186,1.3459,2.6868,1.3392,2.7886,1.7311,2.851,2.0518,2.1917,1.3336,2.1785,1.7899,2.1666,2.1608,1.7682,1.2256,1.6494,1.635,1.5605,1.9656,1.4325,1.0654,1.272,1.3088,1.1481,1.5414,2.3025,0.2858,2.974,0.7516,3.1329,1.0344,3.2156,1.3458,2.6585,1.3583,2.7572,1.747,2.8188,2.0643,2.1729,1.3559,2.1551,1.8054,2.1327,2.1689,1.7553,1.2435,1.6381,1.6414,1.5481,1.9637,1.416,1.0724,1.2578,1.3084,1.1347,1.5341,2.2937,0.2871,2.9655,0.7656,3.1253,1.0527,3.2146,1.3552,2.6472,1.368,2.7466,1.7556,2.8146,2.0696,2.1599,1.3618,2.1403,1.8121,2.1183,2.1761,1.7506,1.254,1.631,1.6477,1.5411,1.9662,1.4157,1.0893,1.2537,1.3246,1.1283,1.5458,2.2804,0.264,2.9385,0.7648,3.1131,1.0587,3.2177,1.3652,2.6347,1.3769,2.7484,1.7645,2.8258,2.08,2.1454,1.3737,2.1355,1.8289,2.1205,2.2026,1.7465,1.2635,1.6323,1.6616,1.5461,1.9816,1.4205,1.1049,1.257,1.3411,1.1294,1.5627,2.2404,0.187,2.8778,0.7369,3.0415,1.0534,3.1797,1.3591,2.6171,1.3639,2.7349,1.7496,2.8108,2.0661,2.1256,1.3616,2.1232,1.816,2.1096,2.1875,1.7234,1.2555,1.619,1.6547,1.5387,1.9754,1.3922,1.0969,1.2384,1.3378,1.1198,1.5625,0.0,0.0,0.0,0.0,0.0,0.0,0.0,0.0,-0.3411,0.2297,-0.3773,0.1912,-0.3885,0.1513,0.0,0.0,0.0,0.0,-0.4088,0.0966,0.0,0.0,0.0,0.0,0.0,0.0,0.0,0.0,0.0,0.0,0.0,0.0,0.0,0.0,0.0,0.0,0.0,0.0,0.0,0.0,0.0,0.0,0.0,0.0,0.0,0.0,0.0,0.0,0.0,0.0,0.0,0.0,0.0,0.0,0.0,0.0,0.0,0.0,0.0,0.0,0.0,0.0,0.0,0.0,0.0,0.0,0.0,0.0,0.0,0.0,0.0,0.0,0.0,0.0,0.0,0.0,0.0,0.0,0.0,0.0,0.0,0.0,0.0,0.0,0.0,0.0,0.0,0.0,0.0,0.0,0.0,0.0,0.0,0.0,0.0,0.0,-0.4816,-0.9278,-0.731,-0.3357,-0.8624,-0.0634,-0.4569,-0.0739,0.0,0.0,0.0,0.0,0.0,0.0,0.0,0.0,0.0,0.0,0.0,0.0,0.0,0.0,0.0,0.0,0.0,0.0,0.0,0.0,0.0,0.0,0.0,0.0,False,False,False,False,False,False,front,False,False,False,True,False,True,hand standing there but move while touching
record10.mp4,9584e0b97ad7a64c,16666,8500,8833,102,106,2.2804,0.264,2.9385,0.7648,3.1131,1.0587,3.2177,1.3652,2.6347,1.3769,2.7484,1.7645,2.8258,2.08,2.1454,1.3737,2.1355,1.8289,2.1205,2.2026,1.7465,1.2635,1.6323,1.6616,1.5461,1.9816,1.4205,1.1049,1.257,1.3411,1.1294,1.5627,2.2404,0.187,2.8778,0.7369,3.0415,1.0534,3.1797,1.3591,2.6171,1.3639,2.7349,1.7496,2.8108,2.0661,2.1256,1.3616,2.1232,1.816,2.1096,2.1875,1.7234,1.2555,1.619,1.6547,1.5387,1.9754,1.3922,1.0969,1.2384,1.3378,1.1198,1.5625,2.1619,0.0719,2.7993,0.6694,2.9648,1.0245,3.1291,1.3379,2.5924,1.3259,2.7039,1.7062,2.7784,2.016,2.0915,1.3306,2.0845,1.784,2.0667,2.1465,1.7126,1.2258,1.6175,1.6292,1.5388,1.9497,1.3875,1.057,1.241,1.3097,1.1219,1.5347,2.1508,0.0462,2.779,0.669,2.9445,1.0178,3.1021,1.322,2.5872,1.2853,2.7012,1.6616,2.787,1.9644,2.0777,1.2826,2.0667,1.7304,2.0525,2.0835,1.7054,1.1691,1.6094,1.5803,1.5306,1.9054,1.3824,0.9961,1.2396,1.2556,1.1242,1.4869,2.1236,0.0243,2.7742,0.6262,2.9628,0.9706,3.1334,1.2522,2.6176,1.2347,2.7418,1.6026,2.8327,1.9035,2.1193,1.2365,2.1325,1.6792,2.1334,2.0339,1.7454,1.1369,1.6741,1.5412,1.6121,1.8643,1.416,0.9741,1.2766,1.2284,1.1556,1.4536,-0.4816,-0.9278,-0.731,-0.3357,-0.8624,-0.0634,-0.4569,-0.0739,0.0,0.0,0.0,0.0,0.0,0.0,0.0,0.0,0.0,0.0,0.0,0.0,0.0,0.0,0.0,0.0,0.0,0.0,0.0,0.0,0.0,0.0,0.0,0.0,-0.9467,-1.3873,-0.9461,-0.8136,-0.9242,-0.3486,-0.6104,-0.2555,-0.2979,-0.4581,-0.3745,-0.5233,-0.3912,-0.604,-0.4108,-0.3739,-0.4663,-0.386,-0.5174,-0.4947,0.0,0.0,0.0,0.0,0.0,0.0,-0.0568,-0.481,0.0,0.0,0.0,0.0,0.0,0.0,0.0,0.0,0.0,0.0,0.0,0.0,-0.0613,-0.4838,-0.0314,-0.5307,0.1033,-0.6138,-0.1648,-0.5711,-0.212,-0.6382,-0.1687,-0.7497,-0.0852,-0.6744,-0.0965,-0.5816,-0.0972,-0.5277,-0.0606,-0.7245,-0.0173,-0.6442,0.0267,-0.5692,-0.3282,-0.2647,-0.0573,-0.5158,0.2206,-0.5685,0.3774,-0.8417,0.3653,-0.6092,0.4891,-0.7104,0.5506,-0.734,0.5019,-0.5553,0.7933,-0.6161,0.9745,-0.5979,0.4815,-0.3889,0.7801,-0.4718,0.9819,-0.4954,0.4056,-0.2657,0.4464,-0.3274,0.3785,-0.4013,False,False,False,False,False,False,front,False,False,False,True,False,True,hand standing there but move while touching
record10.mp4,9584e0b97ad7a64c,16666,8750,9083,105,109,2.1508,0.0462,2.779,0.669,2.9445,1.0178,3.1021,1.322,2.5872,1.2853,2.7012,1.6616,2.787,1.9644,2.0777,1.2826,2.0667,1.7304,2.0525,2.0835,1.7054,1.1691,1.6094,1.5803,1.5306,1.9054,1.3824,0.9961,1.2396,1.2556,1.1242,1.4869,2.1236,0.0243,2.7742,0.6262,2.9628,0.9706,3.1334,1.2522,2.6176,1.2347,2.7418,1.6026,2.8327,1.9035,2.1193,1.2365,2.1325,1.6792,2.1334,2.0339,1.7454,1.1369,1.6741,1.5412,1.6121,1.8643,1.416,0.9741,1.2766,1.2284,1.1556,1.4536,2.1519,0.0453,2.8047,0.6043,3.0165,0.9264,3.2163,1.201,2.7025,1.1965,2.8357,1.5643,2.9398,1.8667,2.2192,1.2132,2.2507,1.647,2.2728,1.9924,1.8435,1.1262,1.7968,1.5252,1.7574,1.8422,1.503,0.9888,1.3528,1.2378,1.2219,1.452,2.1885,0.0661,2.8473,0.5936,3.0602,0.9076,3.2439,1.1883,2.7145,1.1754,2.8476,1.5357,2.9551,1.8404,2.2634,1.1935,2.2947,1.6328,2.3185,1.9875,1.8894,1.1189,1.8359,1.5237,1.7933,1.8467,1.5399,0.9978,1.3805,1.2469,1.2503,1.4613,2.1495,0.0415,2.8133,0.5882,3.0193,0.9049,3.1925,1.1802,2.6735,1.1794,2.7779,1.5315,2.8616,1.8283,2.2073,1.1934,2.2053,1.61,2.1948,1.9466,1.8314,1.1024,1.7668,1.4914,1.7117,1.8043,1.4704,0.9489,1.303,1.188,1.1618,1.399,-0.3282,-0.2647,-0.0573,-0.5158,0.2206,-0.5685,0.3774,-0.8417,0.3653,-0.6092,0.4891,-0.7104,0.5506,-0.734,0.5019,-0.5553,0.7933,-0.6161,0.9745,-0.5979,0.4815,-0.3889,0.7801,-0.4718,0.9819,-0.4954,0.4056,-0.2657,0.4464,-0.3274,0.3785,-0.4013,0.341,0.2538,0.3675,-0.2633,0.6478,-0.5333,0.9988,-0.6169,1.0233,-0.4606,1.1316,-0.4616,1.2895,-0.4438,1.2031,-0.2811,1.4237,-0.3887,1.6798,-0.4991,1.1822,-0.1288,1.4781,-0.1922,1.7508,-0.2665,1.0476,0.1774,0.918,0.1125,0.7988,-0.0186,0.4356,0.2476,0.5067,-0.1283,0.5194,-0.2229,0.0,0.0,0.0,0.0,0.0,0.0,0.0,0.0,0.5267,-0.2346,0.5236,-0.1693,0.5439,-0.0587,0.5464,-0.0868,0.4656,-0.0178,0.4276,0.0538,0.4389,0.108,0.0,0.0,0.0,0.0,-0.4702,-0.2964,-0.4093,-0.0653,-0.4921,-0.0332,-0.6187,-0.0972,-0.4938,0.0485,-0.839,-0.0497,-1.1268,-0.1457,-0.6758,-0.0011,-1.0767,-0.2747,-1.4899,-0.493,-0.6991,-0.199,-0.833,-0.3892,-0.9832,-0.5106,-0.8364,-0.5899,-0.9337,-0.7088,-1.0658,-0.7512,False,False,False,False,False,False,front,False,False,False,True,False,True,hand standing there but move while touching
record10.mp4,9584e0b97ad7a64c,16666,9000,9333,108,112,2.1885,0.0661,2.8473,0.5936,3.0602,0.9076,3.2439,1.1883,2.7145,1.1754,2.8476,1.5357,2.9551,1.8404,2.2634,1.1935,2.2947,1.6328,2.3185,1.9875,1.8894,1.1189,1.8359,1.5237,1.7933,1.8467,1.5399,0.9978,1.3805,1.2469,1.2503,1.4613,2.1495,0.0415,2.8133,0.5882,3.0193,0.9049,3.1925,1.1802,2.6735,1.1794,2.7779,1.5315,2.8616,1.8283,2.2073,1.1934,2.2053,1.61,2.1948,1.9466,1.8314,1.1024,1.7668,1.4914,1.7117,1.8043,1.4704,0.9489,1.303,1.188,1.1618,1.399,2.0923,0.0225,2.7216,0.5766,2.9063,0.9027,3.0773,1.188,2.538,1.1909,2.6243,1.5427,2.6917,1.8331,2.0656,1.1841,2.0363,1.5901,2.003,1.9128,1.6986,1.0707,1.6136,1.4572,1.5433,1.7718,1.3682,0.9078,1.2075,1.145,1.0738,1.3572,2.1042,0.0134,2.7204,0.5811,2.8978,0.9019,3.0629,1.1879,2.5171,1.1984,2.606,1.5511,2.6746,1.842,2.0436,1.1786,2.0154,1.5855,1.9888,1.915,1.6975,1.0539,1.6019,1.4354,1.5211,1.7453,1.3844,0.8869,1.224,1.1107,1.0896,1.3107,2.109,0.0233,2.7355,0.573,2.912,0.8942,3.0698,1.1845,2.5285,1.1798,2.6149,1.5377,2.6779,1.8326,2.0533,1.1468,2.021,1.5564,1.9874,1.8894,1.7025,1.02,1.6057,1.4031,1.5262,1.7171,1.3844,0.8554,1.231,1.0888,1.1032,1.3027,-0.4702,-0.2964,-0.4093,-0.0653,-0.4921,-0.0332,-0.6187,-0.0972,-0.4938,0.0485,-0.839,-0.0497,-1.1268,-0.1457,-0.6758,-0.0011,-1.0767,-0.2747,-1.4899,-0.493,-0.6991,-0.199,-0.833,-0.3892,-0.9832,-0.5106,-0.8364,-0.5899,-0.9337,-0.7088,-1.0658,-0.7512,-0.689,-0.2296,-1.1044,-0.1388,-1.3616,-0.0262,-1.3887,0.0937,-1.6321,0.1375,-1.851,0.1351,-2.0466,0.0574,-1.7079,-0.1119,-2.0358,-0.2393,-2.3114,-0.4069,-1.599,-0.3818,-1.8454,-0.4116,-2.0289,-0.3922,-1.2313,-0.4955,-1.1513,-0.5188,-1.0608,-0.504,0.0,0.0,0.0,0.0,0.0,0.0,0.0,0.0,0.0,0.0,0.0,0.0,0.0,0.0,0.0,0.0,0.0,0.0,0.0,0.0,0.0,0.0,0.0,0.0,-0.2647,-0.3146,0.0,0.0,0.1968,-0.4079,0.1876,-0.5533,0.0,0.0,0.0,0.0,0.0,0.0,0.0,0.0,0.0,0.0,0.0,0.0,0.0,0.0,0.1169,-0.3831,0.0,0.0,0.0,0.0,0.0607,-0.4093,0.0,0.0,0.0,0.0,0.0,0.0,0.0,0.0,0.0,0.0,False,False,False,False,False,False,front,False,False,False,True,False,True,hand standing there but move while touching
record10.mp4,9584e0b97ad7a64c,16666,9250,9583,111,115,2.1042,0.0134,2.7204,0.5811,2.8978,0.9019,3.0629,1.1879,2.5171,1.1984,2.606,1.5511,2.6746,1.842,2.0436,1.1786,2.0154,1.5855,1.9888,1.915,1.6975,1.0539,1.6019,1.4354,1.5211,1.7453,1.3844,0.8869,1.224,1.1107,1.0896,1.3107,2.109,0.0233,2.7355,0.573,2.912,0.8942,3.0698,1.1845,2.5285,1.1798,2.6149,1.5377,2.6779,1.8326,2.0533,1.1468,2.021,1.5564,1.9874,1.8894,1.7025,1.02,1.6057,1.4031,1.5262,1.7171,1.3844,0.8554,1.231,1.0888,1.1032,1.3027,2.1763,0.0342,2.7886,0.5761,2.9703,0.894,3.1331,1.1844,2.5835,1.1663,2.6763,1.5183,2.7453,1.8039,2.099,1.1484,2.0633,1.5544,2.027,1.8727,1.7588,1.0182,1.6571,1.3912,1.5768,1.69,1.4393,0.8507,1.2741,1.0754,1.1404,1.2771,2.3174,0.0422,2.9254,0.5827,3.1138,0.8954,3.2866,1.1743,2.7285,1.1597,2.8423,1.5059,2.9231,1.7894,2.2387,1.1539,2.2215,1.5496,2.1956,1.8628,1.8958,1.0372,1.8111,1.3926,1.7385,1.673,1.6079,0.8842,1.4376,1.0934,1.2886,1.2734,2.393,0.0511,3.0222,0.5907,3.2107,0.8979,3.3844,1.1736,2.82,1.1541,2.9513,1.4944,3.046,1.7749,2.3347,1.1556,2.337,1.5519,2.3264,1.873,1.9876,1.0513,1.9077,1.403,1.8376,1.6858,1.6826,0.9125,1.5146,1.1017,1.3737,1.2779,0.0,0.0,0.0,0.0,0.0,0.0,0.0,0.0,0.0,0.0,0.0,0.0,0.0,0.0,0.1169,-0.3831,0.0,0.0,0.0,0.0,0.0607,-0.4093,0.0,0.0,0.0,0.0,0.0,0.0,0.0,0.0,0.0,0.0,0.8116,0.1307,0.64,0.037,0.7027,-0.0027,0.7632,-0.0008,0.663,-0.1628,0.7391,-0.2329,0.8124,-0.3458,0.5507,0.0195,0.5095,-0.0236,0.4768,-0.201,0.6784,-0.0211,0.6183,-0.1428,0.6097,-0.3259,0.661,-0.0566,0.5185,-0.1611,0.4479,-0.3084,1.6789,0.0958,1.6289,0.0791,1.7081,0.0167,1.827,-0.1203,1.7254,-0.078,1.9762,-0.1483,2.117,-0.1732,1.6627,0.0653,1.8835,-0.0572,2.0069,-0.1172,1.6301,0.2263,1.8332,0.0163,1.9257,-0.2024,2.0077,0.3998,1.9462,0.214,1.7646,-0.0433,0.9106,0.1064,1.166,0.0964,1.168,0.0298,1.1782,-0.0088,1.1023,-0.0683,1.3132,-0.1381,1.4796,-0.1747,1.1575,0.0202,1.392,0.0278,1.577,0.122,1.106,0.1701,1.1638,0.1253,1.1936,0.1539,0.9,0.3401,0.9282,0.0996,1.0257,0.0543,False,False,False,False,False,False,front,False,False,False,True,False,True,hand standing there but move while touching
record10.mp4,9584e0b97ad7a64c,16666,9500,9833,114,118,2.3174,0.0422,2.9254,0.5827,3.1138,0.8954,3.2866,1.1743,2.7285,1.1597,2.8423,1.5059,2.9231,1.7894,2.2387,1.1539,2.2215,1.5496,2.1956,1.8628,1.8958,1.0372,1.8111,1.3926,1.7385,1.673,1.6079,0.8842,1.4376,1.0934,1.2886,1.2734,2.393,0.0511,3.0222,0.5907,3.2107,0.8979,3.3844,1.1736,2.82,1.1541,2.9513,1.4944,3.046,1.7749,2.3347,1.1556,2.337,1.5519,2.3264,1.873,1.9876,1.0513,1.9077,1.403,1.8376,1.6858,1.6826,0.9125,1.5146,1.1017,1.3737,1.2779,2.4163,0.0525,3.0552,0.6035,3.2442,0.909,3.4062,1.1828,2.8621,1.1572,2.9946,1.506,3.0934,1.7889,2.3795,1.1521,2.3839,1.5576,2.3759,1.8845,2.0132,1.06,1.9322,1.4236,1.8618,1.7132,1.6938,0.9261,1.5264,1.1239,1.3798,1.301,2.3861,0.0483,3.01,0.5978,3.1997,0.9009,3.3672,1.169,2.811,1.1574,2.9311,1.5025,3.0215,1.7893,2.3362,1.154,2.3303,1.5563,2.3126,1.8829,1.9813,1.0593,1.9038,1.4184,1.8391,1.7087,1.6657,0.9265,1.4969,1.1312,1.353,1.3122,2.3661,0.0542,2.9833,0.604,3.1722,0.9106,3.3381,1.1789,2.7529,1.1687,2.8555,1.5164,2.9376,1.7984,2.2817,1.162,2.2622,1.5731,2.2348,1.8997,1.9338,1.0541,1.8513,1.4209,1.7818,1.7134,1.6268,0.918,1.4569,1.1328,1.3167,1.3227,0.9106,0.1064,1.166,0.0964,1.168,0.0298,1.1782,-0.0088,1.1023,-0.0683,1.3132,-0.1381,1.4796,-0.1747,1.1575,0.0202,1.392,0.0278,1.577,0.122,1.106,0.1701,1.1638,0.1253,1.1936,0.1539,0.9,0.3401,0.9282,0.0996,1.0257,0.0543,0.0,0.0,0.3973,0.1545,0.4033,0.1341,0.0,0.0,0.5081,0.0379,0.5219,0.1399,0.5718,0.169,0.5394,-0.0423,0.5648,0.0687,0.596,0.1393,0.0,0.0,0.0,0.0,0.2918,0.3308,0.0,0.0,0.0,0.0,0.0,0.0,0.0,0.0,-0.5376,-0.0687,-0.5298,-0.0969,-0.4641,-0.1646,-0.6084,0.0021,-0.7559,-0.042,-0.8561,0.0052,-0.515,0.023,-0.6387,-0.0159,-0.7542,-0.0188,0.0,0.0,0.0,0.0,0.0,0.0,0.0,0.0,0.0,0.0,0.0,0.0,0.0,0.0,0.0,0.0,0.0,0.0,0.0,0.0,-0.7002,0.1363,-0.9109,0.1675,-1.0107,0.1093,-0.6576,0.0967,-0.8201,0.202,-0.9368,0.202,-0.5722,-0.0625,-0.6322,0.0299,-0.6898,0.057,-0.4685,-0.103,-0.4824,0.0194,-0.4381,0.1262,False,False,False,False,False,False,front,False,False,False,True,False,True,hand standing there but move while touching
record10.mp4,9584e0b97ad7a64c,16666,9750,10083,117,121,2.3861,0.0483,3.01,0.5978,3.1997,0.9009,3.3672,1.169,2.811,1.1574,2.9311,1.5025,3.0215,1.7893,2.3362,1.154,2.3303,1.5563,2.3126,1.8829,1.9813,1.0593,1.9038,1.4184,1.8391,1.7087,1.6657,0.9265,1.4969,1.1312,1.353,1.3122,2.3661,0.0542,2.9833,0.604,3.1722,0.9106,3.3381,1.1789,2.7529,1.1687,2.8555,1.5164,2.9376,1.7984,2.2817,1.162,2.2622,1.5731,2.2348,1.8997,1.9338,1.0541,1.8513,1.4209,1.7818,1.7134,1.6268,0.918,1.4569,1.1328,1.3167,1.3227,2.3313,0.0456,2.9404,0.5994,3.1238,0.9094,3.2863,1.1827,2.7278,1.1815,2.8199,1.5368,2.8854,1.8186,2.2439,1.1629,2.2138,1.5793,2.1738,1.9117,1.8867,1.0524,1.7961,1.4282,1.7202,1.7315,1.5775,0.9025,1.4113,1.129,1.2706,1.3308,2.3379,0.0491,2.9522,0.6033,3.1386,0.9181,3.3115,1.1861,2.7292,1.1786,2.8282,1.54,2.9007,1.8285,2.2441,1.1643,2.2199,1.5803,2.1893,1.9086,1.8942,1.0548,1.806,1.4315,1.7324,1.7342,1.5736,0.9037,1.4086,1.1312,1.2722,1.3381,2.3913,0.051,2.9997,0.5888,3.1899,0.9007,3.3987,1.1584,2.8141,1.1673,2.9364,1.525,3.0226,1.8163,2.3138,1.1777,2.3042,1.5946,2.2838,1.9255,1.9669,1.072,1.891,1.4404,1.827,1.7368,1.6572,0.9302,1.4997,1.1547,1.3663,1.3535,0.0,0.0,0.0,0.0,0.0,0.0,0.0,0.0,-0.7002,0.1363,-0.9109,0.1675,-1.0107,0.1093,-0.6576,0.0967,-0.8201,0.202,-0.9368,0.202,-0.5722,-0.0625,-0.6322,0.0299,-0.6898,0.057,-0.4685,-0.103,-0.4824,0.0194,-0.4381,0.1262,-0.419,-0.104,-0.5162,-0.0553,-0.5829,-0.0139,-0.6241,0.0465,0.0,0.0,-0.4292,0.2457,-0.6291,0.2429,-0.455,0.01,-0.5826,0.0746,-0.7347,0.1451,-0.5674,-0.0211,-0.665,0.0889,-0.7421,0.2185,-0.5938,-0.187,-0.5493,-0.0456,-0.5553,0.0977,0.0,0.0,0.0,0.0,0.0,0.0,0.0,0.0,0.0,0.0,0.0,0.0,0.0,0.0,0.0,0.0,0.0,0.0,0.0,0.0,0.0,0.0,0.0,0.0,0.0,0.0,0.0,0.0,0.0,0.0,0.0,0.0,0.643,0.0226,0.5722,-0.1748,0.6191,-0.2098,1.0496,-0.3337,1.0239,-0.1361,1.3046,-0.1799,1.4697,-0.1465,0.8397,0.1616,1.0159,0.1715,1.1391,0.2035,0.8762,0.2069,1.0235,0.1074,1.1398,0.0312,1.0069,0.3196,1.0974,0.2833,1.1341,0.1863,False,False,False,False,False,False,front,False,False,False,True,False,True,hand standing there but move while touching
record10.mp4,9584e0b97ad7a64c,16666,10000,10333,120,124,2.3379,0.0491,2.9522,0.6033,3.1386,0.9181,3.3115,1.1861,2.7292,1.1786,2.8282,1.54,2.9007,1.8285,2.2441,1.1643,2.2199,1.5803,2.1893,1.9086,1.8942,1.0548,1.806,1.4315,1.7324,1.7342,1.5736,0.9037,1.4086,1.1312,1.2722,1.3381,2.3913,0.051,2.9997,0.5888,3.1899,0.9007,3.3987,1.1584,2.8141,1.1673,2.9364,1.525,3.0226,1.8163,2.3138,1.1777,2.3042,1.5946,2.2838,1.9255,1.9669,1.072,1.891,1.4404,1.827,1.7368,1.6572,0.9302,1.4997,1.1547,1.3663,1.3535,2.4846,0.048,3.1319,0.5848,3.3534,0.8945,3.556,1.1604,2.9953,1.1423,3.133,1.505,3.235,1.7943,2.4971,1.1701,2.5087,1.5876,2.5029,1.9146,2.1328,1.0664,2.0697,1.4348,2.0181,1.7285,1.7998,0.9263,1.6392,1.1475,1.4988,1.3391,2.5096,0.0196,3.178,0.5742,3.399,0.885,3.5816,1.1589,3.0216,1.1424,3.1687,1.5073,3.2839,1.7987,2.5325,1.1618,2.5579,1.5834,2.5726,1.9159,2.1697,1.0657,2.1221,1.4412,2.0844,1.7404,1.8352,0.9255,1.675,1.1471,1.5377,1.3406,2.4988,0.0166,3.1692,0.5722,3.3833,0.8771,3.5536,1.1568,3.0048,1.1476,3.1437,1.5111,3.2548,1.8029,2.5317,1.1458,2.554,1.5697,2.5681,1.9083,2.1637,1.0556,2.1124,1.4371,2.0736,1.7443,1.8185,0.9213,1.6599,1.1456,1.5264,1.3416,0.643,0.0226,0.5722,-0.1748,0.6191,-0.2098,1.0496,-0.3337,1.0239,-0.1361,1.3046,-0.1799,1.4697,-0.1465,0.8397,0.1616,1.0159,0.1715,1.1391,0.2035,0.8762,0.2069,1.0235,0.1074,1.1398,0.0312,1.0069,0.3196,1.0974,0.2833,1.1341,0.1863,1.1248,-0.0361,1.5931,-0.048,1.969,-0.0742,1.8951,0.0233,2.1832,-0.3011,2.3684,-0.2409,2.5582,-0.2647,2.2084,-0.0922,2.4633,-0.0835,2.6398,-0.1311,1.9984,-0.067,2.153,-0.0675,2.3017,-0.1,1.7175,-0.0471,1.6814,-0.0869,1.5957,-0.1746,0.2968,-0.3375,0.549,-0.1259,0.5433,-0.1138,0.0,0.0,0.0,0.0,0.4253,0.0268,0.5829,0.0516,0.4216,-0.0978,0.586,-0.05,0.8293,0.0153,0.44,-0.0094,0.6241,0.0769,0.7894,0.1419,0.4217,-0.0097,0.4254,-0.005,0.4635,0.0178,0.0,0.0,0.0,0.0,0.0,0.0,0.0,0.0,0.0,0.0,0.0,0.0,0.0,0.0,0.0,0.0,0.0,0.0,0.0,0.0,0.0,0.0,0.0,0.0,0.0,0.0,0.0,0.0,0.0,0.0,0.0,0.0,False,False,False,False,False,False,front,False,False,False,True,False,True,hand standing there but move while touching
record10.mp4,9584e0b97ad7a64c,16666,10250,10583,123,127,2.5096,0.0196,3.178,0.5742,3.399,0.885,3.5816,1.1589,3.0216,1.1424,3.1687,1.5073,3.2839,1.7987,2.5325,1.1618,2.5579,1.5834,2.5726,1.9159,2.1697,1.0657,2.1221,1.4412,2.0844,1.7404,1.8352,0.9255,1.675,1.1471,1.5377,1.3406,2.4988,0.0166,3.1692,0.5722,3.3833,0.8771,3.5536,1.1568,3.0048,1.1476,3.1437,1.5111,3.2548,1.8029,2.5317,1.1458,2.554,1.5697,2.5681,1.9083,2.1637,1.0556,2.1124,1.4371,2.0736,1.7443,1.8185,0.9213,1.6599,1.1456,1.5264,1.3416,2.4811,0.0182,3.1414,0.5727,3.3495,0.873,3.5147,1.1523,2.9721,1.1487,3.1072,1.5056,3.2134,1.7962,2.4982,1.1407,2.5129,1.5569,2.5174,1.8948,2.1304,1.0444,2.0747,1.42,2.0314,1.7249,1.7914,0.9246,1.6316,1.1484,1.4967,1.3449,2.4091,0.0075,3.0668,0.5543,3.2519,0.8692,3.4342,1.1535,2.8913,1.1328,2.9945,1.4864,3.0788,1.768,2.406,1.1169,2.3915,1.5258,2.3698,1.8498,2.0292,1.0073,1.953,1.3891,1.891,1.6967,1.6991,0.8736,1.5328,1.1019,1.3934,1.3008,2.3939,-0.0019,3.0228,0.5263,3.2014,0.8422,3.3785,1.1365,2.837,1.1279,2.9374,1.4757,3.0131,1.7479,2.3537,1.109,2.3292,1.511,2.2963,1.8295,1.9862,0.9899,1.9041,1.3672,1.837,1.6703,1.6708,0.8398,1.5009,1.0656,1.3623,1.2641,0.0,0.0,0.0,0.0,0.0,0.0,0.0,0.0,0.0,0.0,0.0,0.0,0.0,0.0,0.0,0.0,0.0,0.0,0.0,0.0,0.0,0.0,0.0,0.0,0.0,0.0,0.0,0.0,0.0,0.0,0.0,0.0,0.0,0.0,0.0,0.0,-0.4075,-0.0493,-0.4683,-0.0542,0.0,0.0,-0.4393,-0.0663,-0.4999,-0.0806,-0.4037,-0.061,-0.4961,-0.1535,-0.6103,-0.1629,-0.4019,-0.1345,-0.4534,-0.2053,-0.5094,-0.2341,0.0,0.0,0.0,0.0,0.0,0.0,-0.8572,-0.1272,-0.8882,-0.219,-1.1618,-0.0457,-0.9579,0.0138,-0.9617,-0.1894,-1.3419,-0.2286,-1.6016,-0.3357,-1.0973,-0.2837,-1.4443,-0.371,-1.758,-0.5356,-1.2042,-0.4427,-1.4494,-0.3686,-1.6707,-0.336,-1.0993,-0.6063,-1.1752,-0.5543,-1.2303,-0.5261,0.0,0.0,-0.5299,-0.3378,-0.6081,-0.3246,-0.6717,-0.2043,-0.6553,-0.0596,-0.6874,-0.1289,-0.7919,-0.2422,-0.6302,-0.095,-0.7507,-0.1783,-0.8846,-0.2447,-0.5183,-0.2091,-0.5888,-0.2632,-0.6512,-0.3181,-0.34,-0.4072,-0.3846,-0.4377,-0.3739,-0.4417,False,False,False,False,False,False,front,False,False,False,True,False,True,hand standing there but move while touching
record10.mp4,9584e0b97ad7a64c,16666,10500,10833,126,130,2.4091,0.0075,3.0668,0.5543,3.2519,0.8692,3.4342,1.1535,2.8913,1.1328,2.9945,1.4864,3.0788,1.768,2.406,1.1169,2.3915,1.5258,2.3698,1.8498,2.0292,1.0073,1.953,1.3891,1.891,1.6967,1.6991,0.8736,1.5328,1.1019,1.3934,1.3008,2.3939,-0.0019,3.0228,0.5263,3.2014,0.8422,3.3785,1.1365,2.837,1.1279,2.9374,1.4757,3.0131,1.7479,2.3537,1.109,2.3292,1.511,2.2963,1.8295,1.9862,0.9899,1.9041,1.3672,1.837,1.6703,1.6708,0.8398,1.5009,1.0656,1.3623,1.2641,2.4423,-0.0077,3.0551,0.5252,3.241,0.8376,3.4317,1.1099,2.8709,1.0777,2.9776,1.4219,3.0588,1.6952,2.3861,1.0833,2.3695,1.4854,2.3451,1.7938,2.0264,0.9774,1.9502,1.3471,1.8879,1.6352,1.7085,0.8251,1.5407,1.0413,1.4024,1.2275,2.5472,-0.0071,3.1828,0.5378,3.3887,0.84,3.5874,1.0978,3.0573,1.0721,3.1796,1.4013,3.2755,1.6622,2.6053,1.0753,2.6187,1.4665,2.6154,1.7696,2.2343,0.9686,2.1828,1.324,2.1439,1.6045,1.8755,0.8258,1.7266,1.0392,1.6015,1.2265,2.6058,0.0083,3.2589,0.5387,3.4692,0.828,3.6564,1.0722,3.0953,1.0675,3.2201,1.3944,3.3254,1.6582,2.6457,1.0696,2.6714,1.4585,2.6933,1.7659,2.2907,0.971,2.2529,1.323,2.2284,1.6082,1.9335,0.8344,1.7801,1.045,1.6519,1.2329,0.0,0.0,-0.5299,-0.3378,-0.6081,-0.3246,-0.6717,-0.2043,-0.6553,-0.0596,-0.6874,-0.1289,-0.7919,-0.2422,-0.6302,-0.095,-0.7507,-0.1783,-0.8846,-0.2447,-0.5183,-0.2091,-0.5888,-0.2632,-0.6512,-0.3181,-0.34,-0.4072,-0.3846,-0.4377,-0.3739,-0.4417,0.5836,-0.0695,0.0,0.0,0.4768,-0.0558,0.641,-0.3202,0.4092,-0.6037,0.4842,-0.6485,0.5504,-0.6352,0.3901,-0.3094,0.4852,-0.3075,0.5879,-0.4302,0.4836,-0.151,0.555,-0.2421,0.614,-0.4222,0.4536,-0.178,0.4797,-0.2918,0.4831,-0.441,1.248,0.0067,1.5199,0.1508,1.7576,0.0283,1.8536,-0.144,2.219,-0.0673,2.4039,-0.2452,2.5796,-0.393,2.6093,-0.0951,2.9673,-0.2257,3.218,-0.2871,2.4756,-0.105,2.7688,-0.2752,3.0477,-0.3665,1.9882,0.009,2.2124,-0.025,2.3701,-0.0114,0.7066,0.1854,0.9176,0.0111,0.9705,-0.1438,0.8321,-0.3092,0.4577,-0.0558,0.4884,-0.083,0.6015,-0.0482,0.4871,-0.0687,0.6338,-0.0963,0.9377,-0.0451,0.6797,0.0294,0.8449,-0.012,1.0174,0.0454,0.6992,0.1032,0.6445,0.0689,0.6066,0.077,False,False,False,False,False,False,front,False,False,False,True,False,True,hand standing there but move while touching
record10.mp4,9584e0b97ad7a64c,16666,10750,11083,129,133,2.5472,-0.0071,3.1828,0.5378,3.3887,0.84,3.5874,1.0978,3.0573,1.0721,3.1796,1.4013,3.2755,1.6622,2.6053,1.0753,2.6187,1.4665,2.6154,1.7696,2.2343,0.9686,2.1828,1.324,2.1439,1.6045,1.8755,0.8258,1.7266,1.0392,1.6015,1.2265,2.6058,0.0083,3.2589,0.5387,3.4692,0.828,3.6564,1.0722,3.0953,1.0675,3.2201,1.3944,3.3254,1.6582,2.6457,1.0696,2.6714,1.4585,2.6933,1.7659,2.2907,0.971,2.2529,1.323,2.2284,1.6082,1.9335,0.8344,1.7801,1.045,1.6519,1.2329,2.5937,-0.0001,3.2389,0.5251,3.4462,0.8072,3.6242,1.0571,3.0805,1.0702,3.1981,1.3941,3.2915,1.6572,2.6284,1.0683,2.6398,1.4509,2.643,1.76,2.2667,0.9713,2.2195,1.3181,2.1887,1.6068,1.9182,0.8269,1.7644,1.0352,1.6365,1.2248,2.5829,0.0094,3.2273,0.5389,3.4243,0.8208,3.601,1.074,3.0574,1.0868,3.1751,1.4114,3.2692,1.672,2.5952,1.0671,2.5994,1.4515,2.5907,1.7619,2.2353,0.9562,2.1867,1.3086,2.1524,1.6034,1.8907,0.8177,1.7369,1.028,1.6086,1.2234,2.5828,0.0103,3.2439,0.553,3.4454,0.8488,3.6417,1.0978,3.0601,1.0851,3.1803,1.4183,3.275,1.6873,2.5932,1.0708,2.5993,1.4626,2.5945,1.7743,2.236,0.9674,2.1849,1.3253,2.1473,1.6181,1.8861,0.8343,1.7282,1.0432,1.5984,1.2357,0.7066,0.1854,0.9176,0.0111,0.9705,-0.1438,0.8321,-0.3092,0.4577,-0.0558,0.4884,-0.083,0.6015,-0.0482,0.4871,-0.0687,0.6338,-0.0963,0.9377,-0.0451,0.6797,0.0294,0.8449,-0.012,1.0174,0.0454,0.6992,0.1032,0.6445,0.0689,0.6066,0.077,0.0,0.0,0.0,0.0,0.0,0.0,-0.3888,-0.1809,0.0,0.0,0.0,0.0,-0.4077,-0.0123,0.0,0.0,0.0,0.0,-0.6055,-0.0707,0.0,0.0,-0.4026,-0.059,-0.4776,-0.0177,0.0,0.0,0.0,0.0,0.0,0.0,0.0,0.0,0.0,0.0,0.0,0.0,0.0,0.0,0.0,0.0,0.0,0.0,0.0,0.0,0.0,0.0,-0.4817,0.0072,-0.623,0.0226,-0.3744,-0.1796,-0.3906,-0.1137,-0.4327,-0.04,0.0,0.0,0.0,0.0,0.0,0.0,0.0,0.0,0.0,0.0,0.254,0.3372,0.4895,0.2873,0.0,0.0,0.0,0.0,0.0,0.0,0.0,0.0,0.0,0.0,0.0,0.0,0.0,0.0,0.0,0.0,0.0,0.0,0.0,0.0,0.0,0.0,0.0,0.0,False,False,False,False,False,False,front,False,False,False,True,False,True,hand standing there but move while touching
record10.mp4,9584e0b97ad7a64c,16666,11000,11333,132,136,2.5829,0.0094,3.2273,0.5389,3.4243,0.8208,3.601,1.074,3.0574,1.0868,3.1751,1.4114,3.2692,1.672,2.5952,1.0671,2.5994,1.4515,2.5907,1.7619,2.2353,0.9562,2.1867,1.3086,2.1524,1.6034,1.8907,0.8177,1.7369,1.028,1.6086,1.2234,2.5828,0.0103,3.2439,0.553,3.4454,0.8488,3.6417,1.0978,3.0601,1.0851,3.1803,1.4183,3.275,1.6873,2.5932,1.0708,2.5993,1.4626,2.5945,1.7743,2.236,0.9674,2.1849,1.3253,2.1473,1.6181,1.8861,0.8343,1.7282,1.0432,1.5984,1.2357,2.5785,0.008,3.2439,0.5554,3.455,0.8473,3.6573,1.0949,3.0624,1.0878,3.1898,1.4258,3.2912,1.7048,2.5984,1.075,2.612,1.474,2.6165,1.7955,2.2362,0.9765,2.1852,1.3373,2.1479,1.6352,1.8818,0.8524,1.7231,1.0634,1.5925,1.2589,2.5443,-0.0188,3.1975,0.5406,3.417,0.8341,3.6296,1.0778,3.0314,1.0929,3.1565,1.438,3.2578,1.7233,2.5768,1.0779,2.585,1.4929,2.5832,1.8355,2.206,0.9723,2.1546,1.3451,2.1142,1.6573,1.8458,0.8425,1.6947,1.0653,1.5701,1.2774,2.4741,-0.0028,3.1295,0.5416,3.3458,0.8351,3.5777,1.081,2.9695,1.0954,3.092,1.4351,3.1893,1.731,2.4892,1.0782,2.4812,1.4914,2.4598,1.8452,2.1076,0.972,2.038,1.338,1.9753,1.6515,1.7586,0.8693,1.5842,1.0937,1.4381,1.3089,0.0,0.0,0.0,0.0,0.254,0.3372,0.4895,0.2873,0.0,0.0,0.0,0.0,0.0,0.0,0.0,0.0,0.0,0.0,0.0,0.0,0.0,0.0,0.0,0.0,0.0,0.0,0.0,0.0,0.0,0.0,0.0,0.0,0.0,0.0,0.0,0.0,0.0,0.0,0.0,0.0,0.0,0.0,0.0,0.0,0.0,0.0,0.0,0.0,0.0,0.0,0.0,0.0,0.0,0.0,0.0,0.0,0.0,0.0,0.0,0.0,0.0,0.0,0.0,0.0,-0.4073,-0.3194,-0.5522,-0.1772,-0.4527,-0.1575,0.0,0.0,0.0,0.0,-0.3959,0.1461,-0.3984,0.2209,0.0,0.0,0.0,0.0,-0.3972,0.4761,0.0,0.0,0.0,0.0,-0.4007,0.2631,-0.4282,-0.1177,0.0,0.0,0.0,0.0,-0.8458,0.1928,-0.8194,0.0121,-0.8569,0.0119,-0.6251,0.0383,-0.7456,0.0309,-0.7781,-0.0349,-0.8255,0.0924,-1.056,0.0035,-1.2507,-0.0178,-1.4862,0.118,-1.1856,-0.0042,-1.4045,-0.0857,-1.6741,-0.0702,-1.0511,0.3231,-1.3311,0.3426,-1.5908,0.3806,False,False,False,False,False,False,front,False,False,False,True,False,True,hand standing there but move while touching
record10.mp4,9584e0b97ad7a64c,16666,11250,11583,135,139,2.5443,-0.0188,3.1975,0.5406,3.417,0.8341,3.6296,1.0778,3.0314,1.0929,3.1565,1.438,3.2578,1.7233,2.5768,1.0779,2.585,1.4929,2.5832,1.8355,2.206,0.9723,2.1546,1.3451,2.1142,1.6573,1.8458,0.8425,1.6947,1.0653,1.5701,1.2774,2.4741,-0.0028,3.1295,0.5416,3.3458,0.8351,3.5777,1.081,2.9695,1.0954,3.092,1.4351,3.1893,1.731,2.4892,1.0782,2.4812,1.4914,2.4598,1.8452,2.1076,0.972,2.038,1.338,1.9753,1.6515,1.7586,0.8693,1.5842,1.0937,1.4381,1.3089,2.3821,0.0038,3.0373,0.5435,3.265,0.8565,3.5191,1.1078,2.8595,1.1118,2.964,1.4612,3.0412,1.7667,2.3647,1.0844,2.328,1.4971,2.2728,1.8394,1.9854,0.9905,1.8881,1.3775,1.7934,1.7006,1.6442,0.8739,1.4631,1.1204,1.3101,1.3474,2.2693,0.0249,2.9282,0.6236,3.1564,0.9527,3.3906,1.2104,2.7399,1.2278,2.8444,1.6062,2.9232,1.9267,2.2212,1.1888,2.1839,1.6328,2.1357,1.9887,1.8471,1.0868,1.749,1.5035,1.6612,1.8418,1.5222,0.9557,1.3611,1.2318,1.2286,1.4806,2.1525,0.0669,2.8205,0.6586,3.0504,0.9909,3.2889,1.2498,2.6491,1.278,2.7496,1.6695,2.8214,1.9924,2.1335,1.2415,2.1137,1.7003,2.0874,2.0666,1.7533,1.1327,1.6725,1.5647,1.6051,1.9191,1.4203,0.9819,1.2845,1.2631,1.17,1.5177,-0.8458,0.1928,-0.8194,0.0121,-0.8569,0.0119,-0.6251,0.0383,-0.7456,0.0309,-0.7781,-0.0349,-0.8255,0.0924,-1.056,0.0035,-1.2507,-0.0178,-1.4862,0.118,-1.1856,-0.0042,-1.4045,-0.0857,-1.6741,-0.0702,-1.0511,0.3231,-1.3311,0.3426,-1.5908,0.3806,-1.1084,0.0797,-1.111,0.0231,-0.9742,0.2579,-0.7064,0.323,-1.3245,0.1975,-1.542,0.3134,-1.7845,0.4297,-1.5001,0.0753,-1.8457,0.0688,-2.2533,-0.0709,-1.4726,0.2226,-1.8061,0.4763,-2.1916,0.5926,-1.3773,0.0549,-1.4595,0.321,-1.5421,0.463,-1.3423,0.2506,-1.2983,0.9542,-1.2927,1.146,-1.5297,1.2216,-1.4241,1.3801,-1.4237,1.7265,-1.4044,1.9048,-1.7076,1.2417,-1.7165,1.6152,-1.632,1.7773,-1.6466,1.1466,-1.6568,1.4997,-1.5733,1.6798,-1.453,0.9743,-1.2144,1.3265,-0.9709,1.5865,-1.4073,0.5059,-1.2974,0.4213,-1.2772,0.4593,-1.2251,0.4749,-1.0939,0.6053,-1.1422,0.7634,-1.2257,0.792,-1.0566,0.6358,-0.8456,0.8127,-0.5819,0.9386,-1.1301,0.5533,-0.9217,0.7378,-0.676,0.9323,-1.2279,0.3152,-0.9233,0.3771,-0.7056,0.4462,False,False,False,False,False,True,front,False,True,False,True,False,True,
record10.mp4,9584e0b97ad7a64c,16666,11500,11833,138,142,2.2693,0.0249,2.9282,0.6236,3.1564,0.9527,3.3906,1.2104,2.7399,1.2278,2.8444,1.6062,2.9232,1.9267,2.2212,1.1888,2.1839,1.6328,2.1357,1.9887,1.8471,1.0868,1.749,1.5035,1.6612,1.8418,1.5222,0.9557,1.3611,1.2318,1.2286,1.4806,2.1525,0.0669,2.8205,0.6586,3.0504,0.9909,3.2889,1.2498,2.6491,1.278,2.7496,1.6695,2.8214,1.9924,2.1335,1.2415,2.1137,1.7003,2.0874,2.0666,1.7533,1.1327,1.6725,1.5647,1.6051,1.9191,1.4203,0.9819,1.2845,1.2631,1.17,1.5177,2.1289,0.1224,2.7868,0.711,3.0105,1.0484,3.2508,1.3036,2.5615,1.2977,2.655,1.665,2.7226,1.9783,2.0731,1.3053,2.0583,1.7673,2.0369,2.1419,1.7031,1.2062,1.6185,1.6355,1.544,1.9947,1.39,1.0484,1.2495,1.3256,1.1304,1.5811,2.105,0.2054,2.7856,0.7699,2.9972,1.1093,3.2333,1.3846,2.5639,1.3867,2.6684,1.7748,2.7445,2.1052,2.0487,1.3806,2.0216,1.8483,1.9882,2.23,1.6805,1.2803,1.5865,1.6982,1.5023,2.0414,1.375,1.1433,1.217,1.4022,1.0848,1.6351,2.0507,0.2077,2.7341,0.8027,2.9472,1.1295,3.1524,1.3979,2.5153,1.4402,2.6122,1.8143,2.6902,2.1303,1.9988,1.4224,1.9675,1.8696,1.9381,2.2413,1.6314,1.3032,1.531,1.714,1.4499,2.06,1.3197,1.133,1.1642,1.3924,1.0345,1.6282,-1.4073,0.5059,-1.2974,0.4213,-1.2772,0.4593,-1.2251,0.4749,-1.0939,0.6053,-1.1422,0.7634,-1.2257,0.792,-1.0566,0.6358,-0.8456,0.8127,-0.5819,0.9386,-1.1301,0.5533,-0.9217,0.7378,-0.676,0.9323,-1.2279,0.3152,-0.9233,0.3771,-0.7056,0.4462,-0.2849,0.6691,-0.4062,0.6315,-0.4803,0.6928,-0.459,0.6482,-1.0551,0.2375,-1.1396,-0.055,-1.1911,-0.17,-0.7279,0.7688,-0.6669,0.808,-0.6084,0.9079,-0.6048,0.8861,-0.6505,0.8522,-0.7359,0.9102,-0.3649,0.8012,-0.4214,0.7533,-0.4775,0.7637,-0.2842,0.9879,-0.0143,0.7009,-0.1591,0.7256,-0.2085,0.965,0.0275,1.0588,0.1593,1.308,0.2604,1.5113,-0.2901,0.8958,-0.4375,0.9643,-0.5803,1.048,-0.2695,0.8813,-0.3802,0.7474,-0.4969,0.5564,-0.1784,1.1299,-0.3864,0.9115,-0.543,0.6432,-0.6543,0.0278,-0.621,0.3954,-0.6018,0.243,-0.9743,0.1592,-0.5851,0.6448,-0.6769,0.4753,-0.6537,0.302,-0.6014,0.5044,-0.6512,0.2561,-0.6037,0.1369,-0.5909,0.2767,-0.6688,0.1896,-0.6305,0.2243,-0.6663,-0.1247,-0.6368,-0.1179,-0.6055,-0.0833,False,False,False,False,False,True,front,False,False,False,True,False,True,hand standing there but move while touching
record10.mp4,9584e0b97ad7a64c,16666,11750,12083,141,145,2.105,0.2054,2.7856,0.7699,2.9972,1.1093,3.2333,1.3846,2.5639,1.3867,2.6684,1.7748,2.7445,2.1052,2.0487,1.3806,2.0216,1.8483,1.9882,2.23,1.6805,1.2803,1.5865,1.6982,1.5023,2.0414,1.375,1.1433,1.217,1.4022,1.0848,1.6351,2.0507,0.2077,2.7341,0.8027,2.9472,1.1295,3.1524,1.3979,2.5153,1.4402,2.6122,1.8143,2.6902,2.1303,1.9988,1.4224,1.9675,1.8696,1.9381,2.2413,1.6314,1.3032,1.531,1.714,1.4499,2.06,1.3197,1.133,1.1642,1.3924,1.0345,1.6282,2.024,0.2316,2.6995,0.8232,2.9046,1.1429,3.0909,1.4152,2.4666,1.4668,2.5583,1.8413,2.6301,2.1548,1.956,1.4252,1.9206,1.8601,1.8847,2.2222,1.5911,1.3103,1.4874,1.7184,1.4043,2.0605,1.2796,1.1408,1.1187,1.3963,0.9849,1.6274,1.9831,0.23,2.6461,0.8262,2.8498,1.1442,3.0272,1.4167,2.4221,1.4743,2.5122,1.8446,2.5833,2.1529,1.9071,1.4313,1.8662,1.8586,1.8262,2.2133,1.5488,1.3181,1.444,1.721,1.3594,2.057,1.2366,1.1524,1.0772,1.4031,0.9428,1.6299,1.9443,0.2354,2.5914,0.8177,2.7825,1.1312,2.9591,1.398,2.3807,1.4717,2.4665,1.8333,2.535,2.1348,1.8833,1.4249,1.8434,1.842,1.8052,2.1837,1.5255,1.3085,1.4247,1.7025,1.3466,2.0314,1.211,1.1485,1.055,1.3946,0.9252,1.6177,-0.6543,0.0278,-0.621,0.3954,-0.6018,0.243,-0.9743,0.1592,-0.5851,0.6448,-0.6769,0.4753,-0.6537,0.302,-0.6014,0.5044,-0.6512,0.2561,-0.6037,0.1369,-0.5909,0.2767,-0.6688,0.1896,-0.6305,0.2243,-0.6663,-0.1247,-0.6368,-0.1179,-0.6055,-0.0833,-0.3214,0.2875,-0.4171,0.2465,-0.513,0.1619,-0.7419,0.209,-0.587,0.3209,-0.6488,0.3253,-0.7247,0.2956,-0.5155,0.0336,-0.5657,-0.1146,-0.6431,-0.2299,-0.4862,0.0847,-0.5254,0.0533,-0.5505,0.0056,-0.4831,0.0942,-0.548,0.047,-0.5974,-0.0096,-0.4869,-0.0187,-0.6352,0.0356,-0.6533,0.0149,-0.7585,0.0172,-0.5296,0.0889,-0.5492,0.0395,-0.557,-0.0234,-0.5832,0.0717,-0.6471,-0.018,-0.6961,-0.1059,-0.5033,0.0929,-0.5166,0.031,-0.5336,-0.0422,-0.512,0.1384,-0.494,0.0813,-0.5018,0.0305,-0.4677,0.0656,-0.6589,-0.102,-0.8099,-0.1567,-0.8197,-0.2249,-0.4984,-0.0312,-0.55,-0.1367,-0.5816,-0.2178,0.0,0.0,0.0,0.0,-0.2534,-0.3568,0.0,0.0,0.0,0.0,0.0,0.0,0.0,0.0,0.0,0.0,0.0,0.0,False,False,False,False,False,True,front,False,False,False,True,False,True,hand standing there but move while touching
record10.mp4,9584e0b97ad7a64c,16666,12000,12333,144,148,1.9831,0.23,2.6461,0.8262,2.8498,1.1442,3.0272,1.4167,2.4221,1.4743,2.5122,1.8446,2.5833,2.1529,1.9071,1.4313,1.8662,1.8586,1.8262,2.2133,1.5488,1.3181,1.444,1.721,1.3594,2.057,1.2366,1.1524,1.0772,1.4031,0.9428,1.6299,1.9443,0.2354,2.5914,0.8177,2.7825,1.1312,2.9591,1.398,2.3807,1.4717,2.4665,1.8333,2.535,2.1348,1.8833,1.4249,1.8434,1.842,1.8052,2.1837,1.5255,1.3085,1.4247,1.7025,1.3466,2.0314,1.211,1.1485,1.055,1.3946,0.9252,1.6177,1.9472,0.2574,2.5845,0.8164,2.7751,1.126,2.9547,1.3935,2.364,1.46,2.4519,1.8251,2.5178,2.1287,1.8633,1.4165,1.828,1.8324,1.794,2.1701,1.5072,1.3055,1.4074,1.699,1.3307,2.0233,1.203,1.1453,1.0475,1.389,0.9204,1.6086,1.8939,0.2483,2.5445,0.8085,2.7449,1.1171,2.9386,1.3796,2.3469,1.4619,2.4312,1.8218,2.495,2.1226,1.8505,1.415,1.8148,1.8263,1.7804,2.1615,1.4977,1.3037,1.3981,1.6958,1.3185,2.0197,1.1895,1.14,1.0338,1.3855,0.9028,1.6064,1.8877,0.2577,2.5464,0.8081,2.7411,1.1181,2.9317,1.3769,2.3381,1.4371,2.4277,1.7965,2.499,2.0935,1.8349,1.3795,1.7985,1.781,1.7634,2.1071,1.4779,1.2736,1.382,1.6571,1.3081,1.9753,1.1643,1.1288,1.0094,1.3689,0.8827,1.5813,-0.4677,0.0656,-0.6589,-0.102,-0.8099,-0.1567,-0.8197,-0.2249,-0.4984,-0.0312,-0.55,-0.1367,-0.5816,-0.2178,0.0,0.0,0.0,0.0,-0.2534,-0.3568,0.0,0.0,0.0,0.0,0.0,0.0,0.0,0.0,0.0,0.0,0.0,0.0,0.0,0.0,0.0,0.0,0.0,0.0,0.0,0.0,0.0,0.0,0.0,0.0,0.0,0.0,0.0,0.0,0.0,0.0,0.0,0.0,0.0,0.0,0.0,0.0,0.0,0.0,0.0,0.0,0.0,0.0,0.0,0.0,-0.6341,-0.1083,-0.4761,-0.0945,0.0,0.0,0.0,0.0,0.0,0.0,0.0,0.0,0.0,0.0,0.0,0.0,0.0,0.0,0.0,0.0,0.0,0.0,0.0,0.0,0.0,0.0,0.0,0.0,0.0,0.0,0.0,0.0,0.0,0.0,0.0,0.0,0.0,0.0,0.0,0.0,0.0,0.0,0.0,0.0,0.0,0.0,-0.1881,-0.4285,-0.1966,-0.5465,-0.2048,-0.6554,-0.2393,-0.3627,-0.1942,-0.4658,-0.1248,-0.5349,0.0,0.0,0.0,0.0,0.0,0.0,False,False,False,False,False,False,front,False,False,False,True,False,True,hand standing there but move while touching
record10.mp4,9584e0b97ad7a64c,16666,12250,12583,147,151,1.8939,0.2483,2.5445,0.8085,2.7449,1.1171,2.9386,1.3796,2.3469,1.4619,2.4312,1.8218,2.495,2.1226,1.8505,1.415,1.8148,1.8263,1.7804,2.1615,1.4977,1.3037,1.3981,1.6958,1.3185,2.0197,1.1895,1.14,1.0338,1.3855,0.9028,1.6064,1.8877,0.2577,2.5464,0.8081,2.7411,1.1181,2.9317,1.3769,2.3381,1.4371,2.4277,1.7965,2.499,2.0935,1.8349,1.3795,1.7985,1.781,1.7634,2.1071,1.4779,1.2736,1.382,1.6571,1.3081,1.9753,1.1643,1.1288,1.0094,1.3689,0.8827,1.5813,1.8601,0.2003,2.4991,0.7219,2.7121,1.0238,2.9301,1.2709,2.3145,1.3114,2.4029,1.6767,2.4675,1.9712,1.8331,1.3249,1.8022,1.7449,1.7714,2.0772,1.488,1.2405,1.4009,1.6308,1.3321,1.9476,1.1665,1.0916,1.0174,1.3271,0.8949,1.5335,1.8746,0.1362,2.5166,0.6312,2.7267,0.9296,2.9534,1.1841,2.3402,1.2189,2.4297,1.5919,2.4966,1.874,1.8622,1.2125,1.83,1.6562,1.7977,1.9905,1.5258,1.11,1.4541,1.5143,1.3994,1.8299,1.1831,0.9892,1.0439,1.2392,0.9408,1.4578,1.898,0.0957,2.5376,0.6016,2.7481,0.9046,2.9631,1.1675,2.3473,1.1686,2.4302,1.5388,2.495,1.8255,1.8873,1.1556,1.8541,1.5923,1.8226,1.9171,1.5566,1.049,1.4834,1.4497,1.4287,1.7622,1.2168,0.9254,1.0823,1.1797,0.9813,1.4007,0.0,0.0,0.0,0.0,0.0,0.0,0.0,0.0,0.0,0.0,0.0,0.0,0.0,0.0,-0.1881,-0.4285,-0.1966,-0.5465,-0.2048,-0.6554,-0.2393,-0.3627,-0.1942,-0.4658,-0.1248,-0.5349,0.0,0.0,0.0,0.0,0.0,0.0,-0.3333,-0.6916,-0.5698,-1.0387,-0.3493,-1.136,-0.0185,-1.2764,-0.2838,-1.5146,-0.2987,-1.4422,-0.3794,-1.4741,-0.0212,-0.6578,0.0452,-0.4345,0.0,0.0,0.1226,-0.3982,0.0,0.0,0.2887,-0.3339,0.0257,-0.4489,0.0959,-0.5044,0.1473,-0.5757,0.1732,-0.7636,0.2085,-1.0791,0.1742,-1.1216,0.2775,-1.0331,0.3058,-1.101,0.3189,-1.0096,0.3466,-1.1574,0.3459,-1.3373,0.3309,-1.0556,0.3126,-1.0331,0.45,-1.5545,0.6334,-1.3867,0.801,-1.4004,0.198,-1.2186,0.3153,-1.0466,0.5463,-0.9014,0.2818,-0.4879,0.2529,-0.3572,0.0,0.0,0.0,0.0,0.0856,-0.606,0.0061,-0.6404,-0.0198,-0.584,0.3019,-0.6858,0.2902,-0.7702,0.2998,-0.8837,0.3712,-0.7341,0.3529,-0.7786,0.3529,-0.8163,0.4054,-0.7685,0.4633,-0.7161,0.4876,-0.6882,False,False,False,False,False,True,front,False,False,False,True,False,True,
record10.mp4,9584e0b97ad7a64c,16666,12500,12833,150,154,1.8746,0.1362,2.5166,0.6312,2.7267,0.9296,2.9534,1.1841,2.3402,1.2189,2.4297,1.5919,2.4966,1.874,1.8622,1.2125,1.83,1.6562,1.7977,1.9905,1.5258,1.11,1.4541,1.5143,1.3994,1.8299,1.1831,0.9892,1.0439,1.2392,0.9408,1.4578,1.898,0.0957,2.5376,0.6016,2.7481,0.9046,2.9631,1.1675,2.3473,1.1686,2.4302,1.5388,2.495,1.8255,1.8873,1.1556,1.8541,1.5923,1.8226,1.9171,1.5566,1.049,1.4834,1.4497,1.4287,1.7622,1.2168,0.9254,1.0823,1.1797,0.9813,1.4007,1.9518,0.0925,2.5837,0.6131,2.7834,0.9131,2.9942,1.1709,2.3916,1.1626,2.4784,1.5212,2.5488,1.812,1.9358,1.142,1.9112,1.5662,1.8833,1.8931,1.5955,1.0332,1.5222,1.4301,1.4665,1.7458,1.2659,0.9003,1.1267,1.1558,1.0231,1.3842,2.015,0.1121,2.6542,0.6191,2.8485,0.9156,3.0381,1.1815,2.4436,1.168,2.5346,1.5204,2.6076,1.8019,1.9857,1.1439,1.9664,1.5599,1.9401,1.8858,1.6512,1.0369,1.5818,1.426,1.5266,1.735,1.3261,0.9076,1.1788,1.157,1.0676,1.3805,2.0807,0.114,2.7027,0.6323,2.8964,0.9257,3.0843,1.1886,2.4869,1.1822,2.5796,1.5373,2.6529,1.8225,2.0301,1.1561,2.0158,1.5712,2.0002,1.9021,1.6827,1.0485,1.6127,1.4366,1.5611,1.7464,1.372,0.9174,1.2232,1.1608,1.1098,1.3806,0.2818,-0.4879,0.2529,-0.3572,0.0,0.0,0.0,0.0,0.0856,-0.606,0.0061,-0.6404,-0.0198,-0.584,0.3019,-0.6858,0.2902,-0.7702,0.2998,-0.8837,0.3712,-0.7341,0.3529,-0.7786,0.3529,-0.8163,0.4054,-0.7685,0.4633,-0.7161,0.4876,-0.6882,0.6486,-0.0384,0.5556,0.1388,0.4255,0.1025,0.0,0.0,0.5336,-0.0719,0.5803,-0.2123,0.6488,-0.1619,0.5847,-0.1638,0.6883,-0.3144,0.7317,-0.2895,0.4681,-0.1908,0.4673,-0.2364,0.4554,-0.1967,0.5925,-0.3024,0.5352,-0.2878,0.5031,-0.1988,0.7522,0.2332,0.8393,0.0714,0.7746,0.029,0.5229,0.1271,0.619,0.0638,0.6698,-0.0087,0.6999,-0.1213,0.5947,0.0222,0.6564,-0.0757,0.6766,-0.087,0.6631,0.0436,0.7088,-0.0479,0.7159,-0.1288,0.716,0.0866,0.6195,0.014,0.53,-0.0431,0.7913,0.023,0.5841,0.1592,0.5775,0.1225,0.557,0.0847,0.5217,0.1717,0.5423,0.2033,0.5448,0.2488,0.5344,0.1471,0.5958,0.1373,0.7237,0.1962,0.3793,0.1401,0.0,0.0,0.4158,0.137,0.5527,0.1181,0.5354,0.0457,0.5087,0.0005,False,False,False,False,False,True,front,False,False,False,True,False,True,
record10.mp4,9584e0b97ad7a64c,16666,12750,13083,153,157,2.015,0.1121,2.6542,0.6191,2.8485,0.9156,3.0381,1.1815,2.4436,1.168,2.5346,1.5204,2.6076,1.8019,1.9857,1.1439,1.9664,1.5599,1.9401,1.8858,1.6512,1.0369,1.5818,1.426,1.5266,1.735,1.3261,0.9076,1.1788,1.157,1.0676,1.3805,2.0807,0.114,2.7027,0.6323,2.8964,0.9257,3.0843,1.1886,2.4869,1.1822,2.5796,1.5373,2.6529,1.8225,2.0301,1.1561,2.0158,1.5712,2.0002,1.9021,1.6827,1.0485,1.6127,1.4366,1.5611,1.7464,1.372,0.9174,1.2232,1.1608,1.1098,1.3806,2.1139,0.1451,2.7328,0.6811,2.933,0.9617,3.12,1.2106,2.5238,1.209,2.6237,1.5608,2.7016,1.8525,2.0653,1.1807,2.0578,1.5887,2.0477,1.9223,1.7175,1.0877,1.6511,1.4621,1.602,1.7643,1.4047,0.9604,1.2541,1.1913,1.1337,1.3996,2.1564,0.2019,2.7889,0.7285,2.9829,1.0028,3.159,1.2434,2.5623,1.2321,2.6631,1.5834,2.7362,1.8771,2.0963,1.2138,2.0945,1.6174,2.0885,1.9541,1.7502,1.1294,1.6863,1.4924,1.64,1.7915,1.436,1.0082,1.2879,1.2291,1.1689,1.4321,2.1846,0.2233,2.8202,0.7383,3.0126,1.0056,3.1846,1.2476,2.5959,1.2518,2.7077,1.6065,2.7866,1.9023,2.1205,1.2496,2.1205,1.6559,2.1144,1.9975,1.7696,1.1598,1.7056,1.5188,1.6586,1.8185,1.4461,1.0375,1.2967,1.2548,1.1765,1.4602,0.7913,0.023,0.5841,0.1592,0.5775,0.1225,0.557,0.0847,0.5217,0.1717,0.5423,0.2033,0.5448,0.2488,0.5344,0.1471,0.5958,0.1373,0.7237,0.1962,0.3793,0.1401,0.0,0.0,0.4158,0.137,0.5527,0.1181,0.5354,0.0457,0.5087,0.0005,0.4003,0.3748,0.3631,0.5879,0.4402,0.4332,0.43,0.2657,0.4443,0.3222,0.5307,0.2836,0.587,0.3608,0.4242,0.2967,0.5056,0.2101,0.5721,0.244,0.4193,0.4728,0.4621,0.3074,0.4928,0.2158,0.3942,0.5187,0.372,0.3675,0.0,0.0,0.506,0.6767,0.667,0.5648,0.5949,0.4899,0.4643,0.3905,0.4582,0.2754,0.4699,0.269,0.4126,0.2939,0.3694,0.3938,0.4375,0.3419,0.4858,0.3782,0.39,0.4965,0.4192,0.3603,0.4516,0.3236,0.373,0.569,0.4022,0.4495,0.4192,0.3861,0.3396,0.257,0.0,0.0,0.0,0.0,0.0,0.0,0.4047,0.2371,0.5368,0.278,0.607,0.3027,0.2913,0.4311,0.3132,0.4638,0.3119,0.5225,0.2336,0.3653,0.0,0.0,0.0,0.0,0.0,0.0,0.0,0.0,0.0,0.0,False,False,False,False,False,False,front,False,False,False,True,False,True,
record10.mp4,9584e0b97ad7a64c,16666,13000,13333,156,160,2.1564,0.2019,2.7889,0.7285,2.9829,1.0028,3.159,1.2434,2.5623,1.2321,2.6631,1.5834,2.7362,1.8771,2.0963,1.2138,2.0945,1.6174,2.0885,1.9541,1.7502,1.1294,1.6863,1.4924,1.64,1.7915,1.436,1.0082,1.2879,1.2291,1.1689,1.4321,2.1846,0.2233,2.8202,0.7383,3.0126,1.0056,3.1846,1.2476,2.5959,1.2518,2.7077,1.6065,2.7866,1.9023,2.1205,1.2496,2.1205,1.6559,2.1144,1.9975,1.7696,1.1598,1.7056,1.5188,1.6586,1.8185,1.4461,1.0375,1.2967,1.2548,1.1765,1.4602,2.2027,0.2248,2.8451,0.7317,3.0483,1.0031,3.232,1.2559,2.6263,1.2566,2.7425,1.6201,2.8211,1.9207,2.14,1.2586,2.136,1.677,2.1247,2.0239,1.7847,1.1696,1.719,1.5365,1.6691,1.8406,1.4561,1.0457,1.3046,1.2665,1.1809,1.4744,2.2251,0.2181,2.8693,0.7379,3.0743,1.013,3.2534,1.2751,2.6451,1.2762,2.7616,1.6431,2.8418,1.9453,2.1562,1.2702,2.1523,1.691,2.1423,2.0404,1.7956,1.1782,1.7274,1.5491,1.6766,1.8549,1.4659,1.0547,1.3124,1.2804,1.1873,1.4919,2.2278,0.2095,2.8762,0.7366,3.0818,1.0126,3.2693,1.2703,2.6572,1.2872,2.7778,1.6569,2.8624,1.9622,2.1664,1.2816,2.1618,1.7038,2.1508,2.0554,1.8111,1.1908,1.7407,1.5609,1.6869,1.8672,1.4807,1.0657,1.3239,1.2879,1.1943,1.496,0.3396,0.257,0.0,0.0,0.0,0.0,0.0,0.0,0.4047,0.2371,0.5368,0.278,0.607,0.3027,0.2913,0.4311,0.3132,0.4638,0.3119,0.5225,0.2336,0.3653,0.0,0.0,0.0,0.0,0.0,0.0,0.0,0.0,0.0,0.0,0.0,0.0,0.0,0.0,0.4301,-0.0294,0.5714,0.0998,0.0,0.0,0.4193,0.1634,0.4151,0.2222,0.0,0.0,0.0,0.0,0.0,0.0,0.0,0.0,0.0,0.0,0.0,0.0,0.0,0.0,0.0,0.0,0.0,0.0,0.0,0.0,0.0,0.0,0.0,0.0,0.0,0.0,0.0,0.0,0.0,0.0,0.0,0.0,0.0,0.0,0.0,0.0,0.0,0.0,0.0,0.0,0.0,0.0,0.0,0.0,0.0,0.0,0.0,0.0,0.0,0.0,0.0,0.0,0.0,0.0,0.0,0.0,0.0,0.0,0.0,0.0,0.0,0.0,0.0,0.0,0.0,0.0,0.0,0.0,0.0,0.0,0.0,0.0,0.0,0.0,0.0,0.0,0.0,0.0,0.0,0.0,0.0,0.0,False,False,False,False,False,False,front,False,False,False,True,False,True,hand standing there but move while touching
record10.mp4,9584e0b97ad7a64c,16666,13250,13583,159,163,2.2251,0.2181,2.8693,0.7379,3.0743,1.013,3.2534,1.2751,2.6451,1.2762,2.7616,1.6431,2.8418,1.9453,2.1562,1.2702,2.1523,1.691,2.1423,2.0404,1.7956,1.1782,1.7274,1.5491,1.6766,1.8549,1.4659,1.0547,1.3124,1.2804,1.1873,1.4919,2.2278,0.2095,2.8762,0.7366,3.0818,1.0126,3.2693,1.2703,2.6572,1.2872,2.7778,1.6569,2.8624,1.9622,2.1664,1.2816,2.1618,1.7038,2.1508,2.0554,1.8111,1.1908,1.7407,1.5609,1.6869,1.8672,1.4807,1.0657,1.3239,1.2879,1.1943,1.496,2.2443,0.2024,2.8975,0.7412,3.106,1.0235,3.2942,1.2829,2.6727,1.2899,2.7893,1.6626,2.8686,1.9724,2.1798,1.281,2.1776,1.708,2.1676,2.0621,1.8148,1.1905,1.745,1.5706,1.6922,1.8841,1.4883,1.0619,1.3303,1.2921,1.2006,1.5066,2.2517,0.2113,2.9074,0.7465,3.1162,1.0293,3.3069,1.2886,2.687,1.3024,2.8062,1.6753,2.886,1.9869,2.1859,1.2939,2.1835,1.7188,2.1722,2.074,1.821,1.2048,1.753,1.58,1.7007,1.8906,1.4914,1.0776,1.3325,1.3012,1.201,1.5107,2.2536,0.2116,2.9148,0.7443,3.1242,1.0256,3.3113,1.2878,2.6975,1.3019,2.8175,1.6764,2.8985,1.9847,2.1951,1.3003,2.1918,1.728,2.1809,2.0822,1.8318,1.2124,1.7615,1.5875,1.7069,1.8972,1.4977,1.0828,1.3391,1.3068,1.2067,1.5155,0.0,0.0,0.0,0.0,0.0,0.0,0.0,0.0,0.0,0.0,0.0,0.0,0.0,0.0,0.0,0.0,0.0,0.0,0.0,0.0,0.0,0.0,0.0,0.0,0.0,0.0,0.0,0.0,0.0,0.0,0.0,0.0,0.0,0.0,0.0,0.0,0.0,0.0,0.0,0.0,0.0,0.0,0.0,0.0,0.0,0.0,0.0,0.0,0.0,0.0,0.0,0.0,0.0,0.0,0.0,0.0,0.0,0.0,0.0,0.0,0.0,0.0,0.0,0.0,0.0,0.0,0.0,0.0,0.0,0.0,0.0,0.0,0.0,0.0,0.0,0.0,0.0,0.0,0.0,0.0,0.0,0.0,0.0,0.0,0.0,0.0,0.0,0.0,0.0,0.0,0.0,0.0,0.0,0.0,0.0,0.0,0.0,0.0,0.0,0.0,0.0,0.0,0.0,0.0,0.0,0.0,0.0,0.0,0.0,0.0,0.0,0.0,0.0,0.0,0.0,0.0,0.0,0.0,0.0,0.0,0.0,0.0,0.0,0.0,0.0,0.0,0.0,0.0,False,False,False,False,False,False,front,False,False,False,True,False,True,
record10.mp4,9584e0b97ad7a64c,16666,13500,13833,162,166,2.2517,0.2113,2.9074,0.7465,3.1162,1.0293,3.3069,1.2886,2.687,1.3024,2.8062,1.6753,2.886,1.9869,2.1859,1.2939,2.1835,1.7188,2.1722,2.074,1.821,1.2048,1.753,1.58,1.7007,1.8906,1.4914,1.0776,1.3325,1.3012,1.201,1.5107,2.2536,0.2116,2.9148,0.7443,3.1242,1.0256,3.3113,1.2878,2.6975,1.3019,2.8175,1.6764,2.8985,1.9847,2.1951,1.3003,2.1918,1.728,2.1809,2.0822,1.8318,1.2124,1.7615,1.5875,1.7069,1.8972,1.4977,1.0828,1.3391,1.3068,1.2067,1.5155,2.2697,0.2062,2.9254,0.7567,3.1412,1.0411,3.343,1.2939,2.7084,1.3133,2.8366,1.6868,2.9255,1.9958,2.2011,1.3027,2.1996,1.7319,2.19,2.0883,1.8331,1.2081,1.7621,1.5865,1.7085,1.8998,1.4967,1.0798,1.3373,1.306,1.2071,1.5193,2.2621,0.1966,2.9089,0.7382,3.143,1.0037,3.3838,1.2262,2.7009,1.2806,2.8313,1.6314,2.928,1.929,2.2084,1.2949,2.2048,1.7234,2.1938,2.0835,1.8488,1.199,1.7793,1.5814,1.7215,1.8963,1.5042,1.0709,1.3495,1.2913,1.223,1.5022,2.2658,0.1991,2.8939,0.707,3.1327,0.9581,3.3736,1.1678,2.7261,1.2155,2.8747,1.5449,2.9957,1.809,2.2362,1.2813,2.2396,1.7187,2.2456,2.0792,1.87,1.1863,1.8025,1.5744,1.7507,1.8919,1.5095,1.0562,1.3551,1.287,1.2315,1.5053,0.0,0.0,0.0,0.0,0.0,0.0,0.0,0.0,0.0,0.0,0.0,0.0,0.0,0.0,0.0,0.0,0.0,0.0,0.0,0.0,0.0,0.0,0.0,0.0,0.0,0.0,0.0,0.0,0.0,0.0,0.0,0.0,0.0,0.0,0.0,0.0,0.0,0.0,0.0,0.0,0.0,0.0,0.0,0.0,0.0,0.0,0.0,0.0,0.0,0.0,0.0,0.0,0.0,0.0,0.0,0.0,0.0,0.0,0.0,0.0,0.0,0.0,0.0,0.0,0.0,0.0,0.0,0.0,0.0213,-0.4452,0.4855,-0.8062,-0.0885,-0.3901,-0.0636,-0.6598,0.0303,-0.795,0.0,0.0,0.0,0.0,0.0,0.0,0.0,0.0,0.0,0.0,0.0,0.0,0.0,0.0,0.0,0.0,0.0,0.0,0.0,0.0,-0.1805,-0.3755,-0.124,-0.5499,-0.1233,-0.7035,0.3027,-0.7835,0.5232,-1.0418,0.8158,-1.4454,0.0,0.0,0.4199,-0.0563,0.6242,-0.0513,0.0,0.0,0.0,0.0,0.0,0.0,0.0,0.0,0.0,0.0,0.0,0.0,False,False,False,False,False,False,front,False,False,False,True,False,True,
record10.mp4,9584e0b97ad7a64c,16666,13750,14083,165,169,2.2621,0.1966,2.9089,0.7382,3.143,1.0037,3.3838,1.2262,2.7009,1.2806,2.8313,1.6314,2.928,1.929,2.2084,1.2949,2.2048,1.7234,2.1938,2.0835,1.8488,1.199,1.7793,1.5814,1.7215,1.8963,1.5042,1.0709,1.3495,1.2913,1.223,1.5022,2.2658,0.1991,2.8939,0.707,3.1327,0.9581,3.3736,1.1678,2.7261,1.2155,2.8747,1.5449,2.9957,1.809,2.2362,1.2813,2.2396,1.7187,2.2456,2.0792,1.87,1.1863,1.8025,1.5744,1.7507,1.8919,1.5095,1.0562,1.3551,1.287,1.2315,1.5053,2.2705,0.2064,2.905,0.7046,3.1422,0.9652,3.3954,1.1798,2.7099,1.2491,2.8441,1.5987,2.9533,1.8863,2.2288,1.2772,2.2317,1.7084,2.2337,2.0634,1.8643,1.1829,1.797,1.572,1.7462,1.8925,1.5092,1.0447,1.3542,1.2764,1.231,1.4987,2.2544,0.1947,2.9042,0.6652,3.1525,0.9054,3.4089,1.1123,2.7105,1.2557,2.8464,1.6182,2.9513,1.9203,2.2226,1.2825,2.2292,1.7143,2.233,2.0746,1.8599,1.1899,1.7956,1.5758,1.7459,1.8924,1.5061,1.0621,1.3512,1.2905,1.2253,1.507,2.259,0.2039,2.9374,0.6502,3.1913,0.8911,3.4556,1.1043,2.7359,1.2494,2.8749,1.6116,2.9797,1.9149,2.2443,1.2854,2.2634,1.7193,2.2787,2.0782,1.8726,1.1973,1.8116,1.5836,1.7663,1.8985,1.512,1.0705,1.3514,1.2969,1.2217,1.5102,0.0,0.0,-0.1805,-0.3755,-0.124,-0.5499,-0.1233,-0.7035,0.3027,-0.7835,0.5232,-1.0418,0.8158,-1.4454,0.0,0.0,0.4199,-0.0563,0.6242,-0.0513,0.0,0.0,0.0,0.0,0.0,0.0,0.0,0.0,0.0,0.0,0.0,0.0,0.0,0.0,0.0,0.0,0.0,0.0,0.0,0.0,-0.1946,0.4046,-0.3686,0.6482,-0.5113,0.9313,0.0,0.0,0.0,0.0,0.0,0.0,0.0,0.0,0.0,0.0,0.0,0.0,0.0,0.0,0.0,0.0,0.0,0.0,0.0,0.0,-0.0094,-0.4694,0.1231,-0.7118,0.1607,-0.8028,0.0,0.0,0.0,0.0,-0.0235,0.4038,0.0,0.0,0.0,0.0,0.0,0.0,0.0,0.0,0.0,0.0,0.0,0.0,0.0,0.0,0.0,0.0,0.0,0.0,0.0,0.0,0.4009,-0.1802,0.4675,-0.1722,0.5625,-0.0969,0.0,0.0,0.0,0.0,0.0,0.0,0.0,0.0,0.4115,0.0609,0.55,0.0434,0.0,0.0,0.0,0.0,0.0,0.0,0.0,0.0,0.0,0.0,0.0,0.0,False,False,False,False,False,False,front,False,False,False,True,False,True,
record10.mp4,9584e0b97ad7a64c,16666,14000,14333,168,172,2.2544,0.1947,2.9042,0.6652,3.1525,0.9054,3.4089,1.1123,2.7105,1.2557,2.8464,1.6182,2.9513,1.9203,2.2226,1.2825,2.2292,1.7143,2.233,2.0746,1.8599,1.1899,1.7956,1.5758,1.7459,1.8924,1.5061,1.0621,1.3512,1.2905,1.2253,1.507,2.259,0.2039,2.9374,0.6502,3.1913,0.8911,3.4556,1.1043,2.7359,1.2494,2.8749,1.6116,2.9797,1.9149,2.2443,1.2854,2.2634,1.7193,2.2787,2.0782,1.8726,1.1973,1.8116,1.5836,1.7663,1.8985,1.512,1.0705,1.3514,1.2969,1.2217,1.5102,2.2596,0.201,2.9861,0.6252,3.2562,0.8691,3.5267,1.0878,2.845,1.2262,3.0156,1.5858,3.1332,1.8922,2.3519,1.2849,2.4075,1.7184,2.4434,2.0768,1.9582,1.204,1.9319,1.5872,1.9102,1.8988,1.5632,1.0909,1.3998,1.3149,1.2607,1.5211,2.2578,0.2026,3.0206,0.5826,3.292,0.8137,3.5551,1.0369,2.91,1.1766,3.1059,1.5302,3.2476,1.8349,2.4459,1.2685,2.5423,1.6998,2.6074,2.0568,2.0583,1.2071,2.0753,1.5926,2.0861,1.9059,1.6366,1.1103,1.4926,1.3401,1.3799,1.5552,2.2495,0.2037,3.0318,0.5823,3.3014,0.8216,3.5646,1.0543,2.9321,1.1626,3.1217,1.5181,3.2631,1.8209,2.4703,1.2455,2.5721,1.683,2.6419,2.0389,2.0816,1.2036,2.1119,1.5935,2.1339,1.9116,1.6681,1.113,1.5321,1.3466,1.4318,1.5639,0.0,0.0,0.4009,-0.1802,0.4675,-0.1722,0.5625,-0.0969,0.0,0.0,0.0,0.0,0.0,0.0,0.0,0.0,0.4115,0.0609,0.55,0.0434,0.0,0.0,0.0,0.0,0.0,0.0,0.0,0.0,0.0,0.0,0.0,0.0,0.0,0.0,0.5861,-0.3014,0.7815,-0.2645,0.8571,-0.1985,1.3148,-0.28,1.6953,-0.3113,1.8494,-0.2738,1.2969,-0.0058,1.7358,-0.0115,1.9845,-0.0165,1.0308,0.0806,1.4505,0.0436,1.7343,0.0032,0.6166,0.2458,0.5829,0.2174,0.47,0.1311,0.0,0.0,0.4108,-0.5069,0.4258,-0.6601,0.3373,-0.6063,0.774,-0.5899,1.0754,-0.6618,1.3622,-0.682,1.1185,-0.1944,1.6055,-0.2209,1.953,-0.2384,1.1921,0.0368,1.7062,0.064,2.0931,0.0849,0.8742,0.2319,1.104,0.2998,1.4191,0.4063,0.0,0.0,0.0,0.0,0.0,0.0,0.0,0.0,0.0,0.0,0.0,0.0,0.0,0.0,0.2939,-0.2771,0.3591,-0.2029,0.4149,-0.2161,0.0,0.0,0.4418,0.0109,0.576,0.0689,0.0,0.0,0.4765,0.0786,0.6252,0.1046,False,False,False,False,False,False,front,False,False,False,True,False,True,
record10.mp4,9584e0b97ad7a64c,16666,14250,14583,171,175,2.2578,0.2026,3.0206,0.5826,3.292,0.8137,3.5551,1.0369,2.91,1.1766,3.1059,1.5302,3.2476,1.8349,2.4459,1.2685,2.5423,1.6998,2.6074,2.0568,2.0583,1.2071,2.0753,1.5926,2.0861,1.9059,1.6366,1.1103,1.4926,1.3401,1.3799,1.5552,2.2495,0.2037,3.0318,0.5823,3.3014,0.8216,3.5646,1.0543,2.9321,1.1626,3.1217,1.5181,3.2631,1.8209,2.4703,1.2455,2.5721,1.683,2.6419,2.0389,2.0816,1.2036,2.1119,1.5935,2.1339,1.9116,1.6681,1.113,1.5321,1.3466,1.4318,1.5639,2.2265,0.1675,3.0079,0.5863,3.2785,0.821,3.5373,1.0343,2.9129,1.1629,3.0957,1.5136,3.2376,1.8086,2.4557,1.2231,2.5507,1.6538,2.6257,2.0068,2.08,1.1785,2.1145,1.5746,2.147,1.9051,1.6788,1.096,1.5633,1.3326,1.4765,1.5549,2.2161,0.1589,2.9848,0.5925,3.2621,0.8262,3.5228,1.0239,2.8958,1.1489,3.0769,1.4936,3.2192,1.7797,2.448,1.2032,2.5403,1.6294,2.6124,1.9769,2.0731,1.1648,2.108,1.5592,2.1381,1.8898,1.6774,1.0843,1.5676,1.3194,1.4832,1.5402,2.2118,0.1675,2.9802,0.5864,3.2534,0.816,3.5037,1.0161,2.9069,1.1419,3.0972,1.4779,3.2495,1.7579,2.473,1.2022,2.5707,1.6214,2.6451,1.9647,2.1007,1.163,2.1417,1.5492,2.1712,1.8728,1.6954,1.087,1.5876,1.3228,1.5081,1.5447,0.0,0.0,0.0,0.0,0.0,0.0,0.0,0.0,0.0,0.0,0.0,0.0,0.0,0.0,0.2939,-0.2771,0.3591,-0.2029,0.4149,-0.2161,0.0,0.0,0.4418,0.0109,0.576,0.0689,0.0,0.0,0.4765,0.0786,0.6252,0.1046,-0.2765,-0.4369,0.0,0.0,0.0,0.0,-0.3282,-0.2407,0.0,0.0,0.0,0.0,0.0,0.0,0.0,0.0,-0.2582,-0.3522,-0.195,-0.3864,0.0,0.0,0.0,0.0,0.0,0.0,0.0,0.0,0.3761,-0.169,0.5392,-0.1091,0.0,0.0,0.0,0.0,0.0,0.0,0.0,0.0,0.0,0.0,0.0,0.0,-0.2192,-0.3437,0.0,0.0,0.0,0.0,0.0,0.0,0.0,0.0,0.0,0.0,0.0,0.0,0.0,0.0,0.0,0.0,0.0,0.0,0.0,0.0,0.0,0.0,0.0,0.0,0.0,0.0,0.0,0.0,0.0,0.0,0.3654,-0.2625,0.0,0.0,0.0,0.0,0.394,-0.147,0.0,0.0,0.4059,-0.1201,0.3983,-0.204,0.0,0.0,0.0,0.0,0.0,0.0,False,False,False,False,False,False,front,False,False,False,True,False,True,
record10.mp4,9584e0b97ad7a64c,16666,14500,14833,174,178,2.2161,0.1589,2.9848,0.5925,3.2621,0.8262,3.5228,1.0239,2.8958,1.1489,3.0769,1.4936,3.2192,1.7797,2.448,1.2032,2.5403,1.6294,2.6124,1.9769,2.0731,1.1648,2.108,1.5592,2.1381,1.8898,1.6774,1.0843,1.5676,1.3194,1.4832,1.5402,2.2118,0.1675,2.9802,0.5864,3.2534,0.816,3.5037,1.0161,2.9069,1.1419,3.0972,1.4779,3.2495,1.7579,2.473,1.2022,2.5707,1.6214,2.6451,1.9647,2.1007,1.163,2.1417,1.5492,2.1712,1.8728,1.6954,1.087,1.5876,1.3228,1.5081,1.5447,2.2008,0.1632,2.9774,0.5916,3.2502,0.8177,3.4863,1.018,2.9176,1.1348,3.1089,1.4622,3.2635,1.7326,2.4877,1.1986,2.5896,1.614,2.673,1.9526,2.115,1.1538,2.1595,1.5412,2.1965,1.8672,1.7026,1.0822,1.6025,1.321,1.5325,1.5442,2.2029,0.1539,2.9728,0.5989,3.2396,0.8268,3.4661,1.0257,2.9151,1.1253,3.1031,1.4547,3.2562,1.7274,2.4863,1.1838,2.5893,1.6043,2.6752,1.9474,2.12,1.1314,2.1703,1.5349,2.2117,1.8733,1.7072,1.0506,1.6141,1.3006,1.5437,1.5338,2.2083,0.1566,2.968,0.5982,3.2315,0.8276,3.4468,1.0376,2.9272,1.1167,3.1202,1.4441,3.2789,1.7184,2.491,1.1672,2.5943,1.5822,2.6821,1.9251,2.123,1.1227,2.1709,1.5216,2.2104,1.8563,1.7088,1.054,1.6113,1.3027,1.5379,1.5351,0.0,0.0,0.0,0.0,0.0,0.0,0.0,0.0,0.0,0.0,0.0,0.0,0.3654,-0.2625,0.0,0.0,0.0,0.0,0.394,-0.147,0.0,0.0,0.4059,-0.1201,0.3983,-0.204,0.0,0.0,0.0,0.0,0.0,0.0,0.0,0.0,0.0,0.0,0.0,0.0,0.0,0.0,0.0,0.0,0.0,0.0,0.0,0.0,0.0,0.0,0.0,0.0,0.0,0.0,0.0,0.0,0.0,0.0,0.0,0.0,0.0,0.0,0.0,0.0,0.0,0.0,0.0,0.0,0.0,0.0,0.0,0.0,0.0,0.0,0.0,0.0,0.0,0.0,0.0,0.0,0.0,0.0,0.0,0.0,0.0,0.0,0.0,0.0,0.0,0.0,0.0,0.0,0.0,0.0,0.0,0.0,0.0,0.0,0.0,0.0,0.0,0.0,0.0,0.0,0.0,0.0,0.0,0.0,0.0,0.0,0.0,0.0,0.0,0.0,0.0,0.0,0.0,0.0,0.0,0.0,0.0,0.0,0.0,0.0,0.0,0.0,0.0,0.0,0.0,0.0,False,False,False,False,False,False,front,False,False,False,True,False,True,hand standing there but move while touching
record10.mp4,9584e0b97ad7a64c,16666,14750,15083,177,181,2.2029,0.1539,2.9728,0.5989,3.2396,0.8268,3.4661,1.0257,2.9151,1.1253,3.1031,1.4547,3.2562,1.7274,2.4863,1.1838,2.5893,1.6043,2.6752,1.9474,2.12,1.1314,2.1703,1.5349,2.2117,1.8733,1.7072,1.0506,1.6141,1.3006,1.5437,1.5338,2.2083,0.1566,2.968,0.5982,3.2315,0.8276,3.4468,1.0376,2.9272,1.1167,3.1202,1.4441,3.2789,1.7184,2.491,1.1672,2.5943,1.5822,2.6821,1.9251,2.123,1.1227,2.1709,1.5216,2.2104,1.8563,1.7088,1.054,1.6113,1.3027,1.5379,1.5351,2.194,0.1579,2.9624,0.6054,3.2197,0.8361,3.4325,1.0436,2.9219,1.1175,3.1118,1.442,3.2679,1.7107,2.4905,1.1618,2.5939,1.5744,2.6828,1.9124,2.133,1.1132,2.1876,1.513,2.2355,1.8508,1.716,1.037,1.6316,1.2868,1.5696,1.5236,2.203,0.1675,2.9605,0.6014,3.2173,0.8307,3.4227,1.0453,2.922,1.1139,3.1129,1.4329,3.2725,1.6989,2.4941,1.1589,2.5998,1.567,2.692,1.9035,2.1294,1.1147,2.1797,1.5089,2.2233,1.8402,1.7144,1.0501,1.6212,1.2993,1.5508,1.5336,2.2045,0.1721,2.9609,0.6066,3.2179,0.8333,3.4227,1.0537,2.9251,1.1214,3.1178,1.4421,3.2791,1.7053,2.4929,1.1657,2.6008,1.5726,2.6931,1.9043,2.123,1.1229,2.1734,1.5176,2.2168,1.846,1.7119,1.0518,1.6175,1.3004,1.5463,1.5314,0.0,0.0,0.0,0.0,0.0,0.0,0.0,0.0,0.0,0.0,0.0,0.0,0.0,0.0,0.0,0.0,0.0,0.0,0.0,0.0,0.0,0.0,0.0,0.0,0.0,0.0,0.0,0.0,0.0,0.0,0.0,0.0,0.0,0.0,0.0,0.0,0.0,0.0,0.0,0.0,0.0,0.0,0.0,0.0,0.0,0.0,0.0,0.0,0.0,0.0,0.0,0.0,0.0,0.0,0.0,0.0,0.0,0.0,0.0,0.0,0.0,0.0,0.3828,-0.1381,0.0,0.0,0.0,0.0,0.0,0.0,0.0,0.0,0.0,0.0,0.0,0.0,0.0,0.0,0.0,0.0,0.0,0.0,0.0,0.0,0.0,0.0,0.0,0.0,0.0,0.0,0.0,0.0,0.0,0.0,0.0,0.0,0.0,0.0,0.0,0.0,0.0,0.0,0.0,0.0,0.0,0.0,0.0,0.0,0.0,0.0,0.0,0.0,0.0,0.0,0.0,0.0,0.0,0.0,0.0,0.0,0.0,0.0,0.0,0.0,0.0,0.0,0.0,0.0,False,False,False,False,False,False,front,False,False,False,True,False,True,
record10.mp4,9584e0b97ad7a64c,16666,15000,15333,180,184,2.203,0.1675,2.9605,0.6014,3.2173,0.8307,3.4227,1.0453,2.922,1.1139,3.1129,1.4329,3.2725,1.6989,2.4941,1.1589,2.5998,1.567,2.692,1.9035,2.1294,1.1147,2.1797,1.5089,2.2233,1.8402,1.7144,1.0501,1.6212,1.2993,1.5508,1.5336,2.2045,0.1721,2.9609,0.6066,3.2179,0.8333,3.4227,1.0537,2.9251,1.1214,3.1178,1.4421,3.2791,1.7053,2.4929,1.1657,2.6008,1.5726,2.6931,1.9043,2.123,1.1229,2.1734,1.5176,2.2168,1.846,1.7119,1.0518,1.6175,1.3004,1.5463,1.5314,2.2059,0.1729,2.9602,0.6082,3.2173,0.8359,3.4184,1.061,2.9207,1.1255,3.1129,1.4558,3.2723,1.7219,2.4919,1.1677,2.5995,1.5775,2.6906,1.9079,2.1214,1.1242,2.1703,1.5223,2.2125,1.8489,1.7117,1.0525,1.6155,1.3034,1.5413,1.533,2.2159,0.1731,2.9677,0.6098,3.2187,0.8418,3.4156,1.0846,2.9251,1.1274,3.1217,1.4635,3.2846,1.7345,2.4921,1.1669,2.603,1.5797,2.6971,1.9122,2.1189,1.1293,2.1686,1.531,2.2113,1.8551,1.7111,1.0592,1.6115,1.3101,1.5337,1.5346,2.2139,0.1691,2.9647,0.6053,3.2117,0.8391,3.4073,1.0814,2.9285,1.1299,3.1225,1.4684,3.2823,1.7406,2.4959,1.1752,2.6017,1.5881,2.6902,1.916,2.1172,1.131,2.1623,1.5294,2.2014,1.8511,1.7065,1.059,1.6063,1.3099,1.5299,1.535,0.0,0.0,0.0,0.0,0.0,0.0,0.0,0.0,0.0,0.0,0.0,0.0,0.0,0.0,0.0,0.0,0.0,0.0,0.0,0.0,0.0,0.0,0.0,0.0,0.0,0.0,0.0,0.0,0.0,0.0,0.0,0.0,0.0,0.0,0.0,0.0,0.0,0.0,0.0,0.0,0.0,0.0,0.0,0.0,0.0,0.0,0.0,0.0,0.0,0.0,0.0,0.0,0.0,0.0,0.0,0.0,0.0,0.0,0.0,0.0,0.0,0.0,0.0,0.0,0.0,0.0,0.0,0.0,0.0,0.0,0.0,0.0,0.0,0.0,0.0,0.0,0.0,0.0,0.0,0.0,0.0,0.0,0.0,0.0,0.0,0.0,0.0,0.0,0.0,0.0,0.0,0.0,0.0,0.0,0.0,0.0,0.0,0.0,0.0,0.0,0.0,0.0,0.0,0.0,0.0,0.0,0.0,0.0,0.0,0.0,0.0,0.0,0.0,0.0,0.0,0.0,0.0,0.0,0.0,0.0,0.0,0.0,0.0,0.0,0.0,0.0,0.0,0.0,False,False,False,False,False,False,front,False,False,False,True,False,True,
record10.mp4,9584e0b97ad7a64c,16666,15250,15583,183,187,2.2159,0.1731,2.9677,0.6098,3.2187,0.8418,3.4156,1.0846,2.9251,1.1274,3.1217,1.4635,3.2846,1.7345,2.4921,1.1669,2.603,1.5797,2.6971,1.9122,2.1189,1.1293,2.1686,1.531,2.2113,1.8551,1.7111,1.0592,1.6115,1.3101,1.5337,1.5346,2.2139,0.1691,2.9647,0.6053,3.2117,0.8391,3.4073,1.0814,2.9285,1.1299,3.1225,1.4684,3.2823,1.7406,2.4959,1.1752,2.6017,1.5881,2.6902,1.916,2.1172,1.131,2.1623,1.5294,2.2014,1.8511,1.7065,1.059,1.6063,1.3099,1.5299,1.535,2.2175,0.1664,2.9646,0.6091,3.2091,0.8498,3.396,1.0973,2.9154,1.1339,3.1073,1.4749,3.2641,1.7487,2.488,1.1784,2.5914,1.5955,2.6755,1.9251,2.1132,1.1365,2.1575,1.5366,2.1956,1.856,1.7009,1.0577,1.5972,1.307,1.5172,1.528,2.2253,0.1711,2.9425,0.6062,3.1756,0.8481,3.3599,1.089,2.8751,1.1401,3.0426,1.48,3.1774,1.7564,2.4259,1.1842,2.4927,1.5948,2.5415,1.9209,2.0358,1.1385,2.0489,1.5305,2.0631,1.8448,1.6438,1.0531,1.5258,1.298,1.4319,1.5172,2.2323,0.1666,2.9454,0.6423,3.1761,0.8897,3.3537,1.1261,2.8082,1.1493,2.9433,1.4979,3.0481,1.781,2.3639,1.1765,2.4048,1.5943,2.4281,1.9232,1.9834,1.1074,1.981,1.4999,1.9799,1.8181,1.5934,0.9893,1.4714,1.2319,1.3703,1.4614,0.0,0.0,0.0,0.0,0.0,0.0,0.0,0.0,0.0,0.0,0.0,0.0,0.0,0.0,0.0,0.0,0.0,0.0,0.0,0.0,0.0,0.0,0.0,0.0,0.0,0.0,0.0,0.0,0.0,0.0,0.0,0.0,0.0,0.0,0.0,0.0,0.0,0.0,0.0,0.0,0.0,0.0,0.0,0.0,0.0,0.0,0.0,0.0,0.0,0.0,0.0,0.0,0.0,0.0,0.0,0.0,0.0,0.0,0.0,0.0,0.0,0.0,0.0,0.0,0.0,0.0,0.0,0.0,-0.3996,-0.0202,-0.4296,-0.0983,-0.48,0.0731,-0.7698,0.0604,-1.0329,0.0914,-0.7396,0.0695,-1.1744,-0.0082,-1.5946,-0.0499,-0.9205,0.0236,-1.2922,-0.0727,-1.5777,-0.1341,-0.6788,-0.055,-0.8501,-0.1072,-1.0145,-0.129,0.0,0.0,0.0357,0.4351,0.0061,0.5006,-0.0744,0.4467,-0.8065,0.1118,-1.1956,0.2157,-1.557,0.2956,-0.7475,-0.0935,-1.059,-0.0061,-1.3669,0.0273,-0.6323,-0.3746,-0.8182,-0.3687,-1.0027,-0.3214,-0.6072,-0.7694,-0.6551,-0.7966,-0.7427,-0.6725,False,False,False,False,False,False,front,False,False,False,True,False,True,hand standing there but move while touching
record10.mp4,9584e0b97ad7a64c,16666,15500,15833,186,190,2.2253,0.1711,2.9425,0.6062,3.1756,0.8481,3.3599,1.089,2.8751,1.1401,3.0426,1.48,3.1774,1.7564,2.4259,1.1842,2.4927,1.5948,2.5415,1.9209,2.0358,1.1385,2.0489,1.5305,2.0631,1.8448,1.6438,1.0531,1.5258,1.298,1.4319,1.5172,2.2323,0.1666,2.9454,0.6423,3.1761,0.8897,3.3537,1.1261,2.8082,1.1493,2.9433,1.4979,3.0481,1.781,2.3639,1.1765,2.4048,1.5943,2.4281,1.9232,1.9834,1.1074,1.981,1.4999,1.9799,1.8181,1.5934,0.9893,1.4714,1.2319,1.3703,1.4614,2.2348,0.1521,2.925,0.6344,3.15,0.8811,3.3164,1.1212,2.7492,1.1595,2.8673,1.5076,2.9611,1.7995,2.3023,1.1645,2.3154,1.5858,2.3211,1.9253,1.9205,1.0704,1.8837,1.4589,1.8592,1.7885,1.5524,0.9461,1.4129,1.1784,1.2971,1.4094,2.2492,0.137,2.9201,0.633,3.1391,0.8818,3.2932,1.1284,2.6976,1.1503,2.7979,1.4999,2.8746,1.7953,2.2308,1.1509,2.2137,1.5704,2.1935,1.9083,1.855,1.0351,1.7938,1.4252,1.7474,1.7557,1.5059,0.8986,1.3511,1.1282,1.2193,1.3557,2.2712,0.1412,2.9208,0.6492,3.1364,0.9087,3.283,1.1711,2.6634,1.1549,2.7489,1.5216,2.8155,1.8353,2.2015,1.1402,2.1713,1.5676,2.1406,1.9112,1.8288,1.0221,1.7472,1.4203,1.6864,1.7572,1.4798,0.857,1.3144,1.0902,1.1753,1.3229,0.0,0.0,0.0357,0.4351,0.0061,0.5006,-0.0744,0.4467,-0.8065,0.1118,-1.1956,0.2157,-1.557,0.2956,-0.7475,-0.0935,-1.059,-0.0061,-1.3669,0.0273,-0.6323,-0.3746,-0.8182,-0.3687,-1.0027,-0.3214,-0.6072,-0.7694,-0.6551,-0.7966,-0.7427,-0.6725,0.0,0.0,0.0,0.0,0.0,0.0,-0.45,-0.0585,-0.7107,0.1227,-0.9166,0.1175,-1.0488,0.2238,-0.7416,-0.1442,-1.0772,-0.1019,-1.2887,0.0261,-0.7578,-0.4458,-1.1728,-0.4934,-1.4541,-0.356,-0.495,-0.5198,-0.7043,-0.645,-0.8816,-0.6261,0.0,0.0,0.0,0.0,0.0,0.0,0.0,0.0,-0.6141,-0.1098,-0.8264,-0.0924,-1.0302,-0.0499,-0.8516,-0.1617,-1.2109,-0.1838,-1.5194,-0.2029,-0.7797,-0.4202,-1.0698,-0.401,-1.3309,-0.3903,-0.5536,-0.5661,-0.7357,-0.597,-0.9265,-0.6389,0.0,0.0,0.0,0.0,0.0,0.0,-0.1224,0.5141,-0.4119,0.0557,-0.5899,0.2623,-0.7111,0.4813,0.0,0.0,-0.5104,-0.033,-0.6372,0.0354,0.0,0.0,-0.5618,-0.0595,-0.7347,0.0173,-0.3137,-0.5001,-0.4423,-0.4574,-0.5303,-0.396,False,False,False,False,False,False,front,False,False,False,True,False,True,hand standing there but move while touching
record10.mp4,9584e0b97ad7a64c,16666,15750,16083,189,193,2.2492,0.137,2.9201,0.633,3.1391,0.8818,3.2932,1.1284,2.6976,1.1503,2.7979,1.4999,2.8746,1.7953,2.2308,1.1509,2.2137,1.5704,2.1935,1.9083,1.855,1.0351,1.7938,1.4252,1.7474,1.7557,1.5059,0.8986,1.3511,1.1282,1.2193,1.3557,2.2712,0.1412,2.9208,0.6492,3.1364,0.9087,3.283,1.1711,2.6634,1.1549,2.7489,1.5216,2.8155,1.8353,2.2015,1.1402,2.1713,1.5676,2.1406,1.9112,1.8288,1.0221,1.7472,1.4203,1.6864,1.7572,1.4798,0.857,1.3144,1.0902,1.1753,1.3229,2.2932,0.169,2.9418,0.6776,3.1418,0.9345,3.2675,1.1952,2.6471,1.1784,2.7215,1.5418,2.779,1.857,2.1824,1.1496,2.1498,1.5715,2.1172,1.917,1.809,1.02,1.7152,1.4088,1.6484,1.7432,1.4652,0.8517,1.2955,1.0795,1.1604,1.3082,2.3138,0.1984,2.9533,0.6837,3.1435,0.933,3.2644,1.1983,2.653,1.2058,2.7323,1.5786,2.7941,1.8926,2.1912,1.1644,2.1516,1.5855,2.1138,1.9388,1.8211,1.0298,1.7158,1.4168,1.6388,1.7492,1.4799,0.8615,1.3063,1.0859,1.1679,1.313,2.3537,0.197,2.9902,0.698,3.1753,0.9496,3.3039,1.2164,2.6722,1.2143,2.7532,1.5909,2.8157,1.901,2.2034,1.1765,2.1596,1.6045,2.1176,1.9564,1.8318,1.0329,1.7245,1.424,1.6441,1.7538,1.487,0.8734,1.3101,1.0992,1.166,1.3254,0.0,0.0,0.0,0.0,0.0,0.0,-0.1224,0.5141,-0.4119,0.0557,-0.5899,0.2623,-0.7111,0.4813,0.0,0.0,-0.5104,-0.033,-0.6372,0.0354,0.0,0.0,-0.5618,-0.0595,-0.7347,0.0173,-0.3137,-0.5001,-0.4423,-0.4574,-0.5303,-0.396,0.2657,0.3349,0.2522,0.3427,0.0,0.0,0.0,0.0,0.0,0.0,-0.3296,0.2431,-0.4399,0.2614,0.0,0.0,0.0,0.0,0.0,0.0,0.0,0.0,-0.3856,-0.1381,-0.458,-0.1689,0.0,0.0,0.0,0.0,0.0,0.0,0.2446,0.3505,0.0,0.0,0.0,0.0,0.0,0.0,0.0,0.0,0.1282,0.4373,0.1795,0.4234,0.0,0.0,0.0,0.0,0.0,0.0,0.0,0.0,0.0,0.0,0.0,0.0,0.0,0.0,0.0,0.0,0.0,0.0,0.4812,-0.0173,0.4447,0.1725,0.3829,0.2005,0.4761,0.2179,0.0,0.0,0.0,0.0,0.0,0.0,0.0,0.0,0.0,0.0,0.0,0.0,0.0,0.0,0.0,0.0,0.0,0.0,0.0,0.0,0.0,0.0,0.0,0.0,False,False,False,False,False,False,front,False,False,False,True,False,True,hand standing there but move while touching
record10.mp4,9584e0b97ad7a64c,16666,16000,16333,192,196,2.3138,0.1984,2.9533,0.6837,3.1435,0.933,3.2644,1.1983,2.653,1.2058,2.7323,1.5786,2.7941,1.8926,2.1912,1.1644,2.1516,1.5855,2.1138,1.9388,1.8211,1.0298,1.7158,1.4168,1.6388,1.7492,1.4799,0.8615,1.3063,1.0859,1.1679,1.313,2.3537,0.197,2.9902,0.698,3.1753,0.9496,3.3039,1.2164,2.6722,1.2143,2.7532,1.5909,2.8157,1.901,2.2034,1.1765,2.1596,1.6045,2.1176,1.9564,1.8318,1.0329,1.7245,1.424,1.6441,1.7538,1.487,0.8734,1.3101,1.0992,1.166,1.3254,2.3546,0.2158,3.0036,0.6971,3.1914,0.9504,3.3259,1.2276,2.6894,1.2274,2.7773,1.6064,2.8423,1.9199,2.2122,1.1938,2.1706,1.6267,2.1285,1.9877,1.8403,1.0545,1.7371,1.444,1.6609,1.7735,1.4857,0.8909,1.3083,1.1135,1.1685,1.3366,2.3883,0.212,3.0318,0.708,3.2184,0.9695,3.364,1.2481,2.7174,1.2491,2.8087,1.6282,2.8767,1.9361,2.2349,1.2198,2.1866,1.6576,2.1396,2.0109,1.8652,1.0743,1.7537,1.462,1.6705,1.7846,1.5065,0.904,1.319,1.1205,1.1741,1.3371,2.4112,0.2176,3.0614,0.7262,3.2545,0.9866,3.396,1.2638,2.7461,1.2549,2.8411,1.6384,2.9131,1.9506,2.257,1.2167,2.2071,1.6597,2.1601,2.0196,1.8825,1.0729,1.7711,1.4656,1.6884,1.7949,1.5194,0.91,1.3295,1.131,1.1816,1.3501,0.4812,-0.0173,0.4447,0.1725,0.3829,0.2005,0.4761,0.2179,0.0,0.0,0.0,0.0,0.0,0.0,0.0,0.0,0.0,0.0,0.0,0.0,0.0,0.0,0.0,0.0,0.0,0.0,0.0,0.0,0.0,0.0,0.0,0.0,0.0,0.0,0.0,0.0,0.0,0.0,0.0,0.0,0.0,0.0,0.0,0.0,0.0,0.0,0.0,0.0,0.0,0.0,0.0,0.0,0.0,0.0,0.0,0.0,0.0,0.0,0.0,0.0,0.0,0.0,0.0,0.0,0.4062,-0.0455,0.0,0.0,0.0,0.0,0.4591,0.2467,0.3373,0.2614,0.3784,0.2627,0.4148,0.1949,0.274,0.3134,0.1918,0.3728,0.0,0.0,0.0,0.0,0.0,0.0,0.0,0.0,0.0,0.0,0.0,0.0,0.0,0.0,0.0,0.0,0.3522,0.2174,0.4293,0.204,0.3806,0.187,0.0,0.0,0.3863,0.1206,0.4332,0.1725,0.0,0.0,0.0,0.0,0.0,0.0,0.0,0.0,0.0,0.0,0.0,0.0,0.0,0.0,0.0,0.0,0.0,0.0,False,False,False,False,False,False,front,False,False,False,True,False,True,
record10.mp4,9584e0b97ad7a64c,16666,16249,16583,195,199,2.3883,0.212,3.0318,0.708,3.2184,0.9695,3.364,1.2481,2.7174,1.2491,2.8087,1.6282,2.8767,1.9361,2.2349,1.2198,2.1866,1.6576,2.1396,2.0109,1.8652,1.0743,1.7537,1.462,1.6705,1.7846,1.5065,0.904,1.319,1.1205,1.1741,1.3371,2.4112,0.2176,3.0614,0.7262,3.2545,0.9866,3.396,1.2638,2.7461,1.2549,2.8411,1.6384,2.9131,1.9506,2.257,1.2167,2.2071,1.6597,2.1601,2.0196,1.8825,1.0729,1.7711,1.4656,1.6884,1.7949,1.5194,0.91,1.3295,1.131,1.1816,1.3501,2.3975,0.2195,3.0633,0.718,3.2581,0.9789,3.3969,1.2584,2.7686,1.2583,2.8724,1.6413,2.9505,1.9515,2.2648,1.2339,2.2175,1.6778,2.1723,2.0348,1.8873,1.1029,1.7839,1.4905,1.7077,1.8151,1.5143,0.935,1.3296,1.1574,1.1847,1.3764,2.3803,0.2163,3.0726,0.6968,3.2734,0.9668,3.431,1.2476,2.8202,1.2451,2.9554,1.6288,3.0527,1.9451,2.3225,1.2472,2.3269,1.6932,2.3199,2.0562,1.932,1.1456,1.8658,1.531,1.8184,1.8549,1.5686,1.0107,1.4034,1.2373,1.2671,1.4543,2.3693,0.2106,3.077,0.6776,3.2806,0.9476,3.4498,1.225,2.8615,1.2165,3.0163,1.5989,3.1387,1.9255,2.3797,1.249,2.4102,1.6961,2.4343,2.0639,1.9947,1.1602,1.9496,1.5451,1.9198,1.8681,1.6099,1.0535,1.4476,1.2821,1.3142,1.4975,0.0,0.0,0.3522,0.2174,0.4293,0.204,0.3806,0.187,0.0,0.0,0.3863,0.1206,0.4332,0.1725,0.0,0.0,0.0,0.0,0.0,0.0,0.0,0.0,0.0,0.0,0.0,0.0,0.0,0.0,0.0,0.0,0.0,0.0,0.0,0.0,0.0,0.0,0.0,0.0,0.0,0.0,0.0,0.0,0.0,0.0,0.4509,0.0115,0.0,0.0,0.0,0.0,0.0,0.0,0.0,0.0,0.0,0.0,0.0,0.0,0.0,0.0,0.0,0.0,0.0,0.0,0.0,0.0,0.0,0.0,0.0,0.0,0.4066,-0.1294,0.615,-0.1579,0.9881,-0.1486,1.2169,-0.0769,0.6868,0.1589,1.303,0.1826,1.7568,0.2552,0.5322,0.5075,0.9756,0.4826,1.3172,0.474,0.6462,0.9013,0.879,0.9511,0.9817,0.9281,0.0,0.0,0.0,0.0,0.0,0.0,0.0,0.0,0.4977,-0.3443,0.7345,-0.3605,1.0362,-0.2358,0.6891,0.021,1.0028,0.0359,1.3784,0.0927,0.7555,0.1761,1.0093,0.1705,1.2217,0.1592,0.4977,0.5158,0.5318,0.5391,0.5671,0.5196,False,False,False,False,False,False,front,False,False,False,True,False,True,hand standing there but move while touching
