video_file,video_hash,video_width,video_height,video_fps,total_video_frames,video_duration_sec,frame_idx,timestamp_ms,hand,hand_score,wrist_x,wrist_y,wrist_z,wrist_visibility,wrist_presence,thumb_cmc_x,thumb_cmc_y,thumb_cmc_z,thumb_cmc_visibility,thumb_cmc_presence,thumb_mcp_x,thumb_mcp_y,thumb_mcp_z,thumb_mcp_visibility,thumb_mcp_presence,thumb_ip_x,thumb_ip_y,thumb_ip_z,thumb_ip_visibility,thumb_ip_presence,thumb_tip_x,thumb_tip_y,thumb_tip_z,thumb_tip_visibility,thumb_tip_presence,index_mcp_x,index_mcp_y,index_mcp_z,index_mcp_visibility,index_mcp_presence,index_pip_x,index_pip_y,index_pip_z,index_pip_visibility,index_pip_presence,index_dip_x,index_dip_y,index_dip_z,index_dip_visibility,index_dip_presence,index_tip_x,index_tip_y,index_tip_z,index_tip_visibility,index_tip_presence,middle_mcp_x,middle_mcp_y,middle_mcp_z,middle_mcp_visibility,middle_mcp_presence,middle_pip_x,middle_pip_y,middle_pip_z,middle_pip_visibility,middle_pip_presence,middle_dip_x,middle_dip_y,middle_dip_z,middle_dip_visibility,middle_dip_presence,middle_tip_x,middle_tip_y,middle_tip_z,middle_tip_visibility,middle_tip_presence,ring_mcp_x,ring_mcp_y,ring_mcp_z,ring_mcp_visibility,ring_mcp_presence,ring_pip_x,ring_pip_y,ring_pip_z,ring_pip_visibility,ring_pip_presence,ring_dip_x,ring_dip_y,ring_dip_z,ring_dip_visibility,ring_dip_presence,ring_tip_x,ring_tip_y,ring_tip_z,ring_tip_visibility,ring_tip_presence,pinky_mcp_x,pinky_mcp_y,pinky_mcp_z,pinky_mcp_visibility,pinky_mcp_presence,pinky_pip_x,pinky_pip_y,pinky_pip_z,pinky_pip_visibility,pinky_pip_presence,pinky_dip_x,pinky_dip_y,pinky_dip_z,pinky_dip_visibility,pinky_dip_presence,pinky_tip_x,pinky_tip_y,pinky_tip_z,pinky_tip_visibility,pinky_tip_presence
v15.mp4,5239f79215d2b91df5766b4a5286bcdca785813e9671cda0a655095777e7c82c,1920,1080,12.08,157,13.0,0,0,Right,0.940842,0.000000,0.000000,0.000000,0.0,0.0,0.760282,0.201440,-0.498778,0.0,0.0,1.388972,0.738483,-0.905082,0.0,0.0,1.935471,1.245950,-1.194130,0.0,0.0,2.579198,1.552524,-1.497001,0.0,0.0,0.918698,0.547950,-1.534655,0.0,0.0,1.257510,1.178781,-2.071417,0.0,0.0,1.466661,1.705501,-2.341715,0.0,0.0,1.604017,2.260331,-2.531216,0.0,0.0,0.184377,0.595740,-1.488414,0.0,0.0,0.061069,1.397165,-2.064120,0.0,0.0,-0.010292,2.065820,-2.327579,0.0,0.0,-0.088094,2.651574,-2.534964,0.0,0.0,-0.419185,0.692168,-1.409020,0.0,0.0,-0.537463,1.506998,-1.960393,0.0,0.0,-0.610478,2.254186,-2.245692,0.0,0.0,-0.654823,2.889770,-2.424884,0.0,0.0,-0.872068,0.804001,-1.324674,0.0,0.0,-1.213303,1.456247,-1.757414,0.0,0.0,-1.413711,1.920151,-1.982691,0.0,0.0,-1.560546,2.365874,-2.151288,0.0,0.0
v15.mp4,5239f79215d2b91df5766b4a5286bcdca785813e9671cda0a655095777e7c82c,1920,1080,12.08,157,13.0,1,83,Right,0.848687,0.000000,0.000000,0.000000,0.0,0.0,0.655849,0.311524,-0.395307,0.0,0.0,1.349799,0.822964,-0.677103,0.0,0.0,1.830855,1.252892,-0.870050,0.0,0.0,2.354569,1.496390,-1.053136,0.0,0.0,1.129277,0.719403,-1.090661,0.0,0.0,1.375774,1.322033,-1.587219,0.0,0.0,1.537314,1.864780,-1.863845,0.0,0.0,1.645491,2.397097,-2.050353,0.0,0.0,0.539283,0.751971,-1.100844,0.0,0.0,0.470679,1.575351,-1.623467,0.0,0.0,0.354292,2.330625,-1.876822,0.0,0.0,0.218571,2.960704,-2.058765,0.0,0.0,-0.035606,0.769419,-1.103257,0.0,0.0,-0.197638,1.491129,-1.627972,0.0,0.0,-0.306031,2.173749,-1.841179,0.0,0.0,-0.379267,2.763827,-1.950013,0.0,0.0,-0.559484,0.794943,-1.110025,0.0,0.0,-0.819361,1.417362,-1.544120,0.0,0.0,-1.009133,1.826917,-1.709948,0.0,0.0,-1.149015,2.223504,-1.808667,0.0,0.0
v15.mp4,5239f79215d2b91df5766b4a5286bcdca785813e9671cda0a655095777e7c82c,1920,1080,12.08,157,13.0,2,166,Right,0.893614,0.000000,0.000000,0.000000,0.0,0.0,0.717805,0.310648,-0.538615,0.0,0.0,1.435797,0.714751,-0.955633,0.0,0.0,1.932858,1.096973,-1.241961,0.0,0.0,2.475895,1.326334,-1.526732,0.0,0.0,1.219374,0.627087,-1.548416,0.0,0.0,1.471193,1.255172,-2.236128,0.0,0.0,1.642263,1.817781,-2.647245,0.0,0.0,1.755037,2.341559,-2.914271,0.0,0.0,0.623328,0.654754,-1.520254,0.0,0.0,0.549733,1.467509,-2.206946,0.0,0.0,0.396331,2.258643,-2.525742,0.0,0.0,0.208934,2.922616,-2.756337,0.0,0.0,0.024534,0.702672,-1.478870,0.0,0.0,-0.111661,1.434548,-2.131506,0.0,0.0,-0.203413,2.134780,-2.391555,0.0,0.0,-0.314779,2.728043,-2.544545,0.0,0.0,-0.506949,0.745571,-1.444915,0.0,0.0,-0.821135,1.303319,-1.983335,0.0,0.0,-0.993988,1.734444,-2.200888,0.0,0.0,-1.151136,2.159950,-2.342954,0.0,0.0
v15.mp4,5239f79215d2b91df5766b4a5286bcdca785813e9671cda0a655095777e7c82c,1920,1080,12.08,157,13.0,3,250,Right,0.948165,0.000000,0.000000,0.000000,0.0,0.0,0.824712,0.250938,-0.593801,0.0,0.0,1.509531,0.669114,-1.044879,0.0,0.0,1.963367,1.047773,-1.359382,0.0,0.0,2.500206,1.261227,-1.680000,0.0,0.0,1.315596,0.497207,-1.725185,0.0,0.0,1.573879,1.192129,-2.466369,0.0,0.0,1.745804,1.730633,-2.898090,0.0,0.0,1.864689,2.214144,-3.172592,0.0,0.0,0.710518,0.477901,-1.712704,0.0,0.0,0.625899,1.284537,-2.516715,0.0,0.0,0.492923,2.119952,-2.893989,0.0,0.0,0.304472,2.835773,-3.144766,0.0,0.0,0.088753,0.534322,-1.681674,0.0,0.0,-0.055289,1.251690,-2.437782,0.0,0.0,-0.110610,2.011264,-2.762275,0.0,0.0,-0.191816,2.694707,-2.946649,0.0,0.0,-0.490755,0.615578,-1.660190,0.0,0.0,-0.857893,1.177673,-2.267613,0.0,0.0,-1.043229,1.656644,-2.520072,0.0,0.0,-1.242689,2.130190,-2.679087,0.0,0.0
v15.mp4,5239f79215d2b91df5766b4a5286bcdca785813e9671cda0a655095777e7c82c,1920,1080,12.08,157,13.0,4,333,Right,0.93289,0.000000,0.000000,0.000000,0.0,0.0,0.851591,0.282315,-0.589594,0.0,0.0,1.475892,0.687916,-1.189448,0.0,0.0,1.853048,1.058599,-1.629954,0.0,0.0,2.386620,1.329232,-2.092276,0.0,0.0,1.295674,0.594711,-2.274743,0.0,0.0,1.535410,1.329970,-3.241692,0.0,0.0,1.685650,1.950905,-3.819547,0.0,0.0,1.736713,2.557682,-4.184576,0.0,0.0,0.731226,0.551746,-2.311158,0.0,0.0,0.623259,1.267102,-3.396851,0.0,0.0,0.525123,2.066623,-3.902090,0.0,0.0,0.368367,2.792748,-4.261437,0.0,0.0,0.143993,0.586307,-2.289033,0.0,0.0,-0.115660,1.262707,-3.276455,0.0,0.0,-0.186472,1.990929,-3.690830,0.0,0.0,-0.286245,2.649734,-3.942273,0.0,0.0,-0.454216,0.675734,-2.253857,0.0,0.0,-0.835958,1.128521,-2.999357,0.0,0.0,-1.057964,1.562689,-3.303985,0.0,0.0,-1.206741,2.010402,-3.519513,0.0,0.0
v15.mp4,5239f79215d2b91df5766b4a5286bcdca785813e9671cda0a655095777e7c82c,1920,1080,12.08,157,13.0,5,416,Right,0.977806,0.000000,0.000000,0.000000,0.0,0.0,0.837352,0.373772,-0.554980,0.0,0.0,1.361507,0.795404,-1.188997,0.0,0.0,1.593876,1.200582,-1.653510,0.0,0.0,1.947140,1.462449,-2.139660,0.0,0.0,1.335119,0.601752,-2.360705,0.0,0.0,1.602600,1.150045,-3.383360,0.0,0.0,1.817356,1.668933,-4.028627,0.0,0.0,1.942268,2.145504,-4.438647,0.0,0.0,0.807269,0.524158,-2.412260,0.0,0.0,0.759064,1.108803,-3.587579,0.0,0.0,0.671003,1.881121,-4.171278,0.0,0.0,0.496477,2.551180,-4.578368,0.0,0.0,0.219673,0.547593,-2.388150,0.0,0.0,-0.014465,1.134476,-3.415384,0.0,0.0,-0.084734,1.839213,-3.864938,0.0,0.0,-0.207689,2.447900,-4.135147,0.0,0.0,-0.392430,0.651206,-2.344217,0.0,0.0,-0.770628,1.064395,-3.083075,0.0,0.0,-0.982620,1.481339,-3.397000,0.0,0.0,-1.125998,1.883314,-3.623418,0.0,0.0
v15.mp4,5239f79215d2b91df5766b4a5286bcdca785813e9671cda0a655095777e7c82c,1920,1080,12.08,157,13.0,6,500,Right,0.93016,0.000000,0.000000,0.000000,0.0,0.0,0.829288,0.266425,-0.629212,0.0,0.0,1.453388,0.678339,-1.226152,0.0,0.0,1.828444,1.066977,-1.643424,0.0,0.0,2.348405,1.339842,-2.077544,0.0,0.0,1.270391,0.616635,-2.298879,0.0,0.0,1.485237,1.373241,-3.254680,0.0,0.0,1.585355,2.014822,-3.830855,0.0,0.0,1.589456,2.621160,-4.187621,0.0,0.0,0.696509,0.579394,-2.286148,0.0,0.0,0.543617,1.293765,-3.316101,0.0,0.0,0.437488,2.083925,-3.764896,0.0,0.0,0.283354,2.767988,-4.086269,0.0,0.0,0.107324,0.611130,-2.219933,0.0,0.0,-0.183762,1.295498,-3.149092,0.0,0.0,-0.255327,2.007768,-3.503295,0.0,0.0,-0.351917,2.631430,-3.716556,0.0,0.0,-0.475372,0.701785,-2.147070,0.0,0.0,-0.887628,1.189239,-2.841597,0.0,0.0,-1.120142,1.618629,-3.095211,0.0,0.0,-1.281012,2.041287,-3.272333,0.0,0.0
v15.mp4,5239f79215d2b91df5766b4a5286bcdca785813e9671cda0a655095777e7c82c,1920,1080,12.08,157,13.0,7,583,Right,0.958695,0.000000,0.000000,0.000000,0.0,0.0,0.852157,0.319492,-0.578543,0.0,0.0,1.449000,0.722988,-1.193337,0.0,0.0,1.775593,1.081179,-1.637499,0.0,0.0,2.250239,1.311793,-2.102379,0.0,0.0,1.305418,0.621396,-2.300637,0.0,0.0,1.511148,1.330641,-3.273742,0.0,0.0,1.636344,1.940744,-3.864927,0.0,0.0,1.671317,2.483568,-4.234275,0.0,0.0,0.761112,0.557007,-2.327619,0.0,0.0,0.656565,1.223546,-3.418006,0.0,0.0,0.545236,2.015043,-3.932803,0.0,0.0,0.367573,2.679825,-4.294377,0.0,0.0,0.171904,0.572825,-2.289638,0.0,0.0,-0.061590,1.208238,-3.265115,0.0,0.0,-0.148503,1.941934,-3.684590,0.0,0.0,-0.279753,2.561669,-3.938772,0.0,0.0,-0.435597,0.646993,-2.234993,0.0,0.0,-0.824431,1.102203,-2.970899,0.0,0.0,-1.054794,1.540745,-3.282997,0.0,0.0,-1.218079,1.961716,-3.503345,0.0,0.0
v15.mp4,5239f79215d2b91df5766b4a5286bcdca785813e9671cda0a655095777e7c82c,1920,1080,12.08,157,13.0,8,666,Right,0.927663,0.000000,0.000000,0.000000,0.0,0.0,0.854923,0.292217,-0.590360,0.0,0.0,1.430621,0.687571,-1.210276,0.0,0.0,1.758038,1.064616,-1.661249,0.0,0.0,2.258487,1.279214,-2.133678,0.0,0.0,1.299630,0.644793,-2.318538,0.0,0.0,1.508987,1.331070,-3.306254,0.0,0.0,1.642025,1.906277,-3.906158,0.0,0.0,1.681345,2.441327,-4.281722,0.0,0.0,0.757485,0.598141,-2.343149,0.0,0.0,0.669040,1.222750,-3.482295,0.0,0.0,0.596298,1.982753,-4.039861,0.0,0.0,0.447053,2.654194,-4.430684,0.0,0.0,0.176882,0.615476,-2.297792,0.0,0.0,-0.081407,1.222084,-3.305345,0.0,0.0,-0.141878,1.917035,-3.736673,0.0,0.0,-0.240478,2.527658,-3.995115,0.0,0.0,-0.411354,0.686050,-2.236175,0.0,0.0,-0.793054,1.123022,-2.978141,0.0,0.0,-1.005421,1.542957,-3.286288,0.0,0.0,-1.140437,1.955533,-3.504340,0.0,0.0
v15.mp4,5239f79215d2b91df5766b4a5286bcdca785813e9671cda0a655095777e7c82c,1920,1080,12.08,157,13.0,9,750,Right,0.953145,0.000000,0.000000,0.000000,0.0,0.0,0.861296,0.278906,-0.584143,0.0,0.0,1.508151,0.679547,-1.171814,0.0,0.0,1.884190,1.084878,-1.592288,0.0,0.0,2.401094,1.342722,-2.026362,0.0,0.0,1.354782,0.582912,-2.284995,0.0,0.0,1.670866,1.271738,-3.254036,0.0,0.0,1.855709,1.857068,-3.849667,0.0,0.0,1.965839,2.421400,-4.238763,0.0,0.0,0.825295,0.530797,-2.329020,0.0,0.0,0.856643,0.977684,-3.487644,0.0,0.0,0.905070,1.578052,-4.093378,0.0,0.0,0.888534,2.156522,-4.523633,0.0,0.0,0.241727,0.556757,-2.302799,0.0,0.0,0.013882,1.111902,-3.344197,0.0,0.0,-0.040836,1.799846,-3.819406,0.0,0.0,-0.125864,2.450589,-4.109434,0.0,0.0,-0.359401,0.652807,-2.257741,0.0,0.0,-0.753371,1.129034,-3.039042,0.0,0.0,-0.993751,1.539925,-3.375324,0.0,0.0,-1.117189,1.962097,-3.612720,0.0,0.0
v15.mp4,5239f79215d2b91df5766b4a5286bcdca785813e9671cda0a655095777e7c82c,1920,1080,12.08,157,13.0,10,833,None,0.0,0.0,0.0,0.0,0.0,0.0,0.0,0.0,0.0,0.0,0.0,0.0,0.0,0.0,0.0,0.0,0.0,0.0,0.0,0.0,0.0,0.0,0.0,0.0,0.0,0.0,0.0,0.0,0.0,0.0,0.0,0.0,0.0,0.0,0.0,0.0,0.0,0.0,0.0,0.0,0.0,0.0,0.0,0.0,0.0,0.0,0.0,0.0,0.0,0.0,0.0,0.0,0.0,0.0,0.0,0.0,0.0,0.0,0.0,0.0,0.0,0.0,0.0,0.0,0.0,0.0,0.0,0.0,0.0,0.0,0.0,0.0,0.0,0.0,0.0,0.0,0.0,0.0,0.0,0.0,0.0,0.0,0.0,0.0,0.0,0.0,0.0,0.0,0.0,0.0,0.0,0.0,0.0,0.0,0.0,0.0,0.0,0.0,0.0,0.0,0.0,0.0,0.0,0.0,0.0,0.0
v15.mp4,5239f79215d2b91df5766b4a5286bcdca785813e9671cda0a655095777e7c82c,1920,1080,12.08,157,13.0,11,916,Right,0.648564,0.000000,0.000000,0.000000,0.0,0.0,0.738752,0.245773,-0.497455,0.0,0.0,1.377767,0.744569,-0.974420,0.0,0.0,1.800964,1.159217,-1.301691,0.0,0.0,2.352075,1.542111,-1.650180,0.0,0.0,1.066431,0.565952,-1.966833,0.0,0.0,1.371361,1.388144,-2.752307,0.0,0.0,1.518470,2.034556,-3.210576,0.0,0.0,1.605908,2.617547,-3.518453,0.0,0.0,0.393194,0.592864,-1.937407,0.0,0.0,0.481937,1.315949,-2.667631,0.0,0.0,0.451662,1.825145,-2.989393,0.0,0.0,0.405549,2.263227,-3.260124,0.0,0.0,-0.218549,0.663064,-1.868977,0.0,0.0,-0.333820,1.346590,-2.582731,0.0,0.0,-0.403611,2.032093,-2.960711,0.0,0.0,-0.446530,2.585060,-3.226390,0.0,0.0,-0.739641,0.765022,-1.776206,0.0,0.0,-1.014873,1.307220,-2.380429,0.0,0.0,-1.178116,1.692487,-2.705922,0.0,0.0,-1.317553,2.071219,-2.961007,0.0,0.0
v15.mp4,5239f79215d2b91df5766b4a5286bcdca785813e9671cda0a655095777e7c82c,1920,1080,12.08,157,13.0,12,1000,Right,0.939758,0.000000,0.000000,0.000000,0.0,0.0,0.750225,0.311814,-0.446886,0.0,0.0,1.447597,0.741710,-0.824683,0.0,0.0,1.923133,1.148658,-1.094543,0.0,0.0,2.445635,1.434242,-1.369156,0.0,0.0,1.231831,0.712409,-1.402391,0.0,0.0,1.498508,1.523371,-2.016059,0.0,0.0,1.611394,2.097931,-2.380308,0.0,0.0,1.702653,2.605716,-2.620110,0.0,0.0,0.669552,0.734098,-1.411370,0.0,0.0,0.747476,1.601122,-2.073161,0.0,0.0,0.751253,2.321340,-2.417564,0.0,0.0,0.744605,2.925999,-2.668758,0.0,0.0,0.081495,0.730135,-1.394432,0.0,0.0,-0.036707,1.459268,-1.990021,0.0,0.0,-0.085326,2.137514,-2.237789,0.0,0.0,-0.140394,2.706180,-2.393034,0.0,0.0,-0.441494,0.719066,-1.380496,0.0,0.0,-0.716472,1.320764,-1.889723,0.0,0.0,-0.886240,1.744094,-2.095392,0.0,0.0,-1.014876,2.148939,-2.230204,0.0,0.0
v15.mp4,5239f79215d2b91df5766b4a5286bcdca785813e9671cda0a655095777e7c82c,1920,1080,12.08,157,13.0,13,1083,Right,0.925901,0.000000,0.000000,0.000000,0.0,0.0,0.858753,0.303971,-0.510862,0.0,0.0,1.514180,0.662927,-1.025493,0.0,0.0,1.924299,1.000392,-1.405002,0.0,0.0,2.423131,1.230427,-1.796602,0.0,0.0,1.300950,0.609265,-1.889657,0.0,0.0,1.496490,1.380076,-2.702403,0.0,0.0,1.592191,1.978199,-3.182105,0.0,0.0,1.624925,2.504671,-3.483484,0.0,0.0,0.736905,0.604118,-1.905870,0.0,0.0,0.768637,1.355066,-2.798073,0.0,0.0,0.758567,2.088423,-3.222920,0.0,0.0,0.684227,2.692898,-3.523695,0.0,0.0,0.146872,0.628344,-1.874779,0.0,0.0,-0.019725,1.291284,-2.687645,0.0,0.0,-0.054057,1.985856,-3.015200,0.0,0.0,-0.114763,2.583042,-3.212270,0.0,0.0,-0.424198,0.675460,-1.832894,0.0,0.0,-0.699309,1.183031,-2.476653,0.0,0.0,-0.880558,1.592821,-2.726982,0.0,0.0,-1.041547,1.991991,-2.895425,0.0,0.0
v15.mp4,5239f79215d2b91df5766b4a5286bcdca785813e9671cda0a655095777e7c82c,1920,1080,12.08,157,13.0,14,1166,Right,0.949469,0.000000,0.000000,0.000000,0.0,0.0,0.866485,0.237496,-0.535266,0.0,0.0,1.553145,0.609340,-1.026400,0.0,0.0,2.009653,0.972558,-1.389886,0.0,0.0,2.562645,1.185269,-1.765539,0.0,0.0,1.342537,0.536131,-1.826548,0.0,0.0,1.556933,1.414014,-2.606261,0.0,0.0,1.652901,2.043090,-3.063341,0.0,0.0,1.689370,2.605690,-3.354914,0.0,0.0,0.760065,0.521653,-1.850691,0.0,0.0,0.781222,1.359215,-2.713046,0.0,0.0,0.755332,2.135183,-3.114263,0.0,0.0,0.663915,2.786036,-3.391573,0.0,0.0,0.146494,0.549783,-1.836761,0.0,0.0,0.009919,1.323821,-2.638187,0.0,0.0,-0.042472,2.056671,-2.946240,0.0,0.0,-0.104386,2.696518,-3.128225,0.0,0.0,-0.430395,0.594285,-1.821354,0.0,0.0,-0.747502,1.116398,-2.481218,0.0,0.0,-0.949468,1.545070,-2.725951,0.0,0.0,-1.122853,1.981603,-2.879140,0.0,0.0
v15.mp4,5239f79215d2b91df5766b4a5286bcdca785813e9671cda0a655095777e7c82c,1920,1080,12.08,157,13.0,15,1250,Right,0.936626,0.000000,0.000000,0.000000,0.0,0.0,0.882217,0.221735,-0.568643,0.0,0.0,1.553761,0.604589,-1.106644,0.0,0.0,1.992049,1.006185,-1.497133,0.0,0.0,2.540560,1.265745,-1.902465,0.0,0.0,1.326039,0.513501,-2.057094,0.0,0.0,1.594624,1.400029,-2.924295,0.0,0.0,1.749121,2.036282,-3.434762,0.0,0.0,1.837321,2.608420,-3.757915,0.0,0.0,0.746590,0.513075,-2.075034,0.0,0.0,0.747965,1.348397,-3.021374,0.0,0.0,0.732077,2.137781,-3.438427,0.0,0.0,0.660293,2.814319,-3.731212,0.0,0.0,0.139861,0.568006,-2.047227,0.0,0.0,-0.057040,1.351524,-2.911158,0.0,0.0,-0.090143,2.108902,-3.235885,0.0,0.0,-0.135643,2.776614,-3.432464,0.0,0.0,-0.442356,0.649119,-2.015770,0.0,0.0,-0.819584,1.142479,-2.714225,0.0,0.0,-1.043427,1.574830,-2.970479,0.0,0.0,-1.214027,2.020455,-3.136516,0.0,0.0
v15.mp4,5239f79215d2b91df5766b4a5286bcdca785813e9671cda0a655095777e7c82c,1920,1080,12.08,157,13.0,16,1333,Right,0.914581,0.000000,0.000000,0.000000,0.0,0.0,0.893551,0.246401,-0.535597,0.0,0.0,1.535381,0.615065,-1.117565,0.0,0.0,1.914705,1.000700,-1.542569,0.0,0.0,2.483574,1.251813,-1.987770,0.0,0.0,1.297473,0.571729,-2.243908,0.0,0.0,1.552029,1.365791,-3.194808,0.0,0.0,1.674235,1.985992,-3.771652,0.0,0.0,1.729103,2.545574,-4.135580,0.0,0.0,0.725376,0.572488,-2.270233,0.0,0.0,0.699645,1.314098,-3.310653,0.0,0.0,0.692738,2.069789,-3.797479,0.0,0.0,0.633920,2.718405,-4.154413,0.0,0.0,0.131217,0.609337,-2.226071,0.0,0.0,-0.101503,1.312666,-3.158893,0.0,0.0,-0.123266,2.039252,-3.530612,0.0,0.0,-0.176286,2.675114,-3.765725,0.0,0.0,-0.448044,0.681945,-2.162129,0.0,0.0,-0.827914,1.094260,-2.889713,0.0,0.0,-1.062015,1.506426,-3.166434,0.0,0.0,-1.221035,1.930943,-3.360381,0.0,0.0
v15.mp4,5239f79215d2b91df5766b4a5286bcdca785813e9671cda0a655095777e7c82c,1920,1080,12.08,157,13.0,17,1416,Right,0.910289,0.000000,0.000000,0.000000,0.0,0.0,0.874211,0.260326,-0.536312,0.0,0.0,1.505586,0.604350,-1.116187,0.0,0.0,1.895723,0.962239,-1.535735,0.0,0.0,2.453905,1.174080,-1.972887,0.0,0.0,1.314118,0.528341,-2.188562,0.0,0.0,1.543028,1.339291,-3.101580,0.0,0.0,1.646951,1.939517,-3.643975,0.0,0.0,1.692624,2.457999,-3.981207,0.0,0.0,0.737742,0.522912,-2.205677,0.0,0.0,0.752847,1.259061,-3.186278,0.0,0.0,0.758472,1.993326,-3.620211,0.0,0.0,0.688600,2.598841,-3.933299,0.0,0.0,0.129673,0.554246,-2.158746,0.0,0.0,-0.030483,1.265416,-3.049211,0.0,0.0,-0.033454,1.975394,-3.375404,0.0,0.0,-0.072261,2.583968,-3.573498,0.0,0.0,-0.465307,0.629653,-2.093786,0.0,0.0,-0.792826,1.063935,-2.793729,0.0,0.0,-0.989260,1.478382,-3.040475,0.0,0.0,-1.134574,1.882339,-3.205597,0.0,0.0
v15.mp4,5239f79215d2b91df5766b4a5286bcdca785813e9671cda0a655095777e7c82c,1920,1080,12.08,157,13.0,18,1500,Right,0.917767,0.000000,0.000000,0.000000,0.0,0.0,0.881727,0.236133,-0.546301,0.0,0.0,1.539388,0.605548,-1.106340,0.0,0.0,1.967750,0.984175,-1.518991,0.0,0.0,2.553386,1.217167,-1.950899,0.0,0.0,1.311782,0.580750,-2.118596,0.0,0.0,1.554361,1.407862,-3.019959,0.0,0.0,1.685901,2.028048,-3.556888,0.0,0.0,1.758127,2.582249,-3.896262,0.0,0.0,0.741192,0.577289,-2.144466,0.0,0.0,0.719952,1.357305,-3.135114,0.0,0.0,0.707563,2.129996,-3.588688,0.0,0.0,0.646868,2.781195,-3.914083,0.0,0.0,0.147099,0.607665,-2.113052,0.0,0.0,-0.069032,1.334836,-3.013291,0.0,0.0,-0.099692,2.071053,-3.358827,0.0,0.0,-0.143512,2.710774,-3.570561,0.0,0.0,-0.427832,0.662835,-2.068999,0.0,0.0,-0.796984,1.118243,-2.777605,0.0,0.0,-1.013605,1.543157,-3.038382,0.0,0.0,-1.166890,1.982162,-3.214264,0.0,0.0
v15.mp4,5239f79215d2b91df5766b4a5286bcdca785813e9671cda0a655095777e7c82c,1920,1080,12.08,157,13.0,19,1583,Right,0.908129,0.000000,0.000000,0.000000,0.0,0.0,0.878374,0.232252,-0.585445,0.0,0.0,1.528356,0.608206,-1.165086,0.0,0.0,1.929698,0.992745,-1.578226,0.0,0.0,2.467165,1.237662,-2.008727,0.0,0.0,1.308025,0.594750,-2.180627,0.0,0.0,1.570276,1.373350,-3.096493,0.0,0.0,1.687083,2.004429,-3.648819,0.0,0.0,1.714089,2.578958,-3.993541,0.0,0.0,0.732255,0.579635,-2.187091,0.0,0.0,0.722509,1.321213,-3.152579,0.0,0.0,0.692752,2.068040,-3.571371,0.0,0.0,0.588188,2.690534,-3.871892,0.0,0.0,0.142009,0.601123,-2.144933,0.0,0.0,-0.048439,1.323310,-3.042657,0.0,0.0,-0.083744,2.055036,-3.389438,0.0,0.0,-0.146508,2.687998,-3.600309,0.0,0.0,-0.435932,0.655044,-2.092583,0.0,0.0,-0.802119,1.110014,-2.807094,0.0,0.0,-1.019047,1.534719,-3.078200,0.0,0.0,-1.181543,1.963579,-3.260435,0.0,0.0
v15.mp4,5239f79215d2b91df5766b4a5286bcdca785813e9671cda0a655095777e7c82c,1920,1080,12.08,157,13.0,20,1666,Right,0.894472,0.000000,0.000000,0.000000,0.0,0.0,0.879626,0.239076,-0.543391,0.0,0.0,1.522020,0.624390,-1.104689,0.0,0.0,1.930314,1.021146,-1.504420,0.0,0.0,2.480283,1.237158,-1.923934,0.0,0.0,1.321901,0.589571,-2.181342,0.0,0.0,1.618162,1.331842,-3.102903,0.0,0.0,1.735034,1.940835,-3.661269,0.0,0.0,1.769356,2.491612,-4.011704,0.0,0.0,0.758642,0.576340,-2.207346,0.0,0.0,0.760682,1.209816,-3.174765,0.0,0.0,0.744964,1.866289,-3.593582,0.0,0.0,0.654523,2.414793,-3.899891,0.0,0.0,0.170802,0.589131,-2.180006,0.0,0.0,-0.015030,1.262468,-3.098080,0.0,0.0,-0.045296,1.989818,-3.458035,0.0,0.0,-0.100601,2.631583,-3.677311,0.0,0.0,-0.417766,0.637122,-2.134204,0.0,0.0,-0.770138,1.093447,-2.871001,0.0,0.0,-0.997913,1.523243,-3.145282,0.0,0.0,-1.167735,1.941244,-3.328370,0.0,0.0
v15.mp4,5239f79215d2b91df5766b4a5286bcdca785813e9671cda0a655095777e7c82c,1920,1080,12.08,157,13.0,21,1750,Right,0.5975,0.000000,0.000000,0.000000,0.0,0.0,0.913908,0.156760,-0.861455,0.0,0.0,1.690136,0.579972,-1.525869,0.0,0.0,2.193901,1.022918,-1.962226,0.0,0.0,2.797709,1.266870,-2.401707,0.0,0.0,1.292844,0.459999,-2.533209,0.0,0.0,1.674212,1.254408,-3.540107,0.0,0.0,1.826631,1.952288,-4.139381,0.0,0.0,1.908301,2.624811,-4.524608,0.0,0.0,0.616175,0.450594,-2.425290,0.0,0.0,0.459628,1.007959,-3.533409,0.0,0.0,0.483488,1.595788,-3.994742,0.0,0.0,0.445427,2.134221,-4.326270,0.0,0.0,-0.009736,0.499718,-2.288414,0.0,0.0,-0.317759,1.155782,-3.320626,0.0,0.0,-0.238252,1.870228,-3.716178,0.0,0.0,-0.207226,2.523911,-3.952371,0.0,0.0,-0.553891,0.616925,-2.160746,0.0,0.0,-0.943722,1.142102,-2.970171,0.0,0.0,-1.099940,1.540560,-3.285620,0.0,0.0,-1.168854,1.985327,-3.499960,0.0,0.0
v15.mp4,5239f79215d2b91df5766b4a5286bcdca785813e9671cda0a655095777e7c82c,1920,1080,12.08,157,13.0,22,1833,Right,0.621086,0.000000,0.000000,0.000000,0.0,0.0,0.870343,0.201160,-0.651503,0.0,0.0,1.567670,0.521986,-1.298784,0.0,0.0,1.938247,0.926145,-1.743881,0.0,0.0,2.459147,1.154608,-2.206298,0.0,0.0,1.246365,0.392403,-2.577796,0.0,0.0,1.649806,1.083087,-3.618953,0.0,0.0,1.850467,1.654471,-4.232125,0.0,0.0,1.942717,2.235120,-4.631499,0.0,0.0,0.660898,0.508802,-2.584152,0.0,0.0,0.644026,1.012881,-3.832635,0.0,0.0,0.683841,1.554161,-4.438230,0.0,0.0,0.618284,2.089104,-4.870490,0.0,0.0,0.087951,0.650686,-2.512022,0.0,0.0,-0.126869,1.179152,-3.634789,0.0,0.0,-0.069810,1.818712,-4.159013,0.0,0.0,-0.073135,2.433979,-4.487015,0.0,0.0,-0.483976,0.827618,-2.413169,0.0,0.0,-0.783676,1.161523,-3.262835,0.0,0.0,-0.943850,1.508564,-3.660809,0.0,0.0,-0.997035,1.876992,-3.954478,0.0,0.0
v15.mp4,5239f79215d2b91df5766b4a5286bcdca785813e9671cda0a655095777e7c82c,1920,1080,12.08,157,13.0,23,1916,Right,0.882998,0.000000,0.000000,0.000000,0.0,0.0,0.879321,0.224072,-0.548227,0.0,0.0,1.515378,0.553965,-1.142557,0.0,0.0,1.843363,0.926205,-1.550369,0.0,0.0,2.364182,1.150885,-1.973904,0.0,0.0,1.329204,0.459354,-2.392461,0.0,0.0,1.641143,1.101700,-3.368502,0.0,0.0,1.799842,1.654939,-3.961211,0.0,0.0,1.900242,2.193880,-4.346646,0.0,0.0,0.748367,0.500734,-2.427947,0.0,0.0,0.797129,1.099031,-3.546619,0.0,0.0,0.828050,1.768920,-4.113745,0.0,0.0,0.780324,2.383044,-4.535501,0.0,0.0,0.168986,0.564672,-2.380672,0.0,0.0,0.006443,1.177778,-3.418473,0.0,0.0,0.002778,1.865867,-3.907200,0.0,0.0,-0.052269,2.500125,-4.217442,0.0,0.0,-0.430135,0.690438,-2.298450,0.0,0.0,-0.732613,1.080582,-3.086043,0.0,0.0,-0.949573,1.474054,-3.429947,0.0,0.0,-1.084371,1.854746,-3.686208,0.0,0.0
v15.mp4,5239f79215d2b91df5766b4a5286bcdca785813e9671cda0a655095777e7c82c,1920,1080,12.08,157,13.0,24,2000,Right,0.909093,0.000000,0.000000,0.000000,0.0,0.0,0.828887,0.237927,-0.425912,0.0,0.0,1.501096,0.692236,-0.818249,0.0,0.0,1.992914,1.091579,-1.112430,0.0,0.0,2.553529,1.306220,-1.422443,0.0,0.0,1.320698,0.566107,-1.605942,0.0,0.0,1.679524,1.481999,-2.267397,0.0,0.0,1.946592,2.102489,-2.628071,0.0,0.0,2.119257,2.674703,-2.862866,0.0,0.0,0.762094,0.502076,-1.681037,0.0,0.0,0.772342,1.281510,-2.449228,0.0,0.0,0.729316,2.073955,-2.775007,0.0,0.0,0.596250,2.775779,-2.991699,0.0,0.0,0.137665,0.524964,-1.716249,0.0,0.0,-0.047999,1.294536,-2.451019,0.0,0.0,-0.094256,2.083639,-2.725127,0.0,0.0,-0.150631,2.792252,-2.885103,0.0,0.0,-0.461197,0.591403,-1.746960,0.0,0.0,-0.846933,1.179248,-2.366180,0.0,0.0,-1.061354,1.648043,-2.582554,0.0,0.0,-1.228647,2.127043,-2.710362,0.0,0.0
v15.mp4,5239f79215d2b91df5766b4a5286bcdca785813e9671cda0a655095777e7c82c,1920,1080,12.08,157,13.0,25,2083,Right,0.905553,0.000000,0.000000,0.000000,0.0,0.0,0.837123,0.218485,-0.368263,0.0,0.0,1.527068,0.649475,-0.708189,0.0,0.0,2.021150,1.010486,-0.974577,0.0,0.0,2.579567,1.241297,-1.256239,0.0,0.0,1.336392,0.586570,-1.368512,0.0,0.0,1.641910,1.491346,-1.964283,0.0,0.0,1.853648,2.104325,-2.299945,0.0,0.0,1.985803,2.671752,-2.520459,0.0,0.0,0.767200,0.550002,-1.456109,0.0,0.0,0.758511,1.355170,-2.118913,0.0,0.0,0.714580,2.124786,-2.426005,0.0,0.0,0.613975,2.811555,-2.640818,0.0,0.0,0.151169,0.566696,-1.512687,0.0,0.0,-0.029526,1.329641,-2.160821,0.0,0.0,-0.093049,2.069857,-2.423508,0.0,0.0,-0.143982,2.725583,-2.585445,0.0,0.0,-0.419830,0.585522,-1.565571,0.0,0.0,-0.790695,1.140763,-2.129569,0.0,0.0,-1.009876,1.578375,-2.332803,0.0,0.0,-1.183152,2.028786,-2.453989,0.0,0.0
v15.mp4,5239f79215d2b91df5766b4a5286bcdca785813e9671cda0a655095777e7c82c,1920,1080,12.08,157,13.0,26,2166,Right,0.924282,0.000000,0.000000,0.000000,0.0,0.0,0.901354,0.194832,-0.601430,0.0,0.0,1.574836,0.556255,-1.144033,0.0,0.0,1.962368,0.953296,-1.525871,0.0,0.0,2.479943,1.211695,-1.912480,0.0,0.0,1.352905,0.418970,-2.111387,0.0,0.0,1.695193,1.222803,-2.959918,0.0,0.0,1.924146,1.780168,-3.448434,0.0,0.0,2.077723,2.308781,-3.772463,0.0,0.0,0.764041,0.406117,-2.138967,0.0,0.0,0.783151,1.141418,-3.173109,0.0,0.0,0.764009,1.904771,-3.685102,0.0,0.0,0.660344,2.584278,-4.038333,0.0,0.0,0.153640,0.468652,-2.110997,0.0,0.0,0.043709,1.167708,-3.057602,0.0,0.0,0.023119,1.925340,-3.482107,0.0,0.0,-0.036281,2.613732,-3.738067,0.0,0.0,-0.461604,0.591488,-2.073985,0.0,0.0,-0.788257,1.098021,-2.809300,0.0,0.0,-1.008685,1.528393,-3.121471,0.0,0.0,-1.174421,1.948978,-3.335688,0.0,0.0
v15.mp4,5239f79215d2b91df5766b4a5286bcdca785813e9671cda0a655095777e7c82c,1920,1080,12.08,157,13.0,27,2250,Right,0.872149,0.000000,0.000000,0.000000,0.0,0.0,0.857296,0.221559,-0.514567,0.0,0.0,1.567478,0.624310,-0.967956,0.0,0.0,2.090868,1.001893,-1.302882,0.0,0.0,2.679395,1.252712,-1.654961,0.0,0.0,1.329895,0.512877,-1.749300,0.0,0.0,1.593289,1.409603,-2.490816,0.0,0.0,1.726230,2.041801,-2.906559,0.0,0.0,1.815186,2.617490,-3.171673,0.0,0.0,0.746866,0.530975,-1.793243,0.0,0.0,0.775303,1.425159,-2.625337,0.0,0.0,0.745031,2.250401,-2.992988,0.0,0.0,0.658264,2.962231,-3.248901,0.0,0.0,0.154084,0.613814,-1.805704,0.0,0.0,-0.041021,1.408765,-2.575640,0.0,0.0,-0.101894,2.176174,-2.865727,0.0,0.0,-0.150990,2.852650,-3.042034,0.0,0.0,-0.408697,0.695176,-1.822050,0.0,0.0,-0.773986,1.224109,-2.458133,0.0,0.0,-0.986804,1.670315,-2.687272,0.0,0.0,-1.148888,2.133631,-2.832319,0.0,0.0
v15.mp4,5239f79215d2b91df5766b4a5286bcdca785813e9671cda0a655095777e7c82c,1920,1080,12.08,157,13.0,28,2333,Right,0.899236,0.000000,0.000000,0.000000,0.0,0.0,0.906441,0.216782,-0.589740,0.0,0.0,1.588325,0.579116,-1.168570,0.0,0.0,2.006973,0.972819,-1.578099,0.0,0.0,2.556103,1.221836,-2.001013,0.0,0.0,1.353551,0.453980,-2.241983,0.0,0.0,1.631214,1.296914,-3.160513,0.0,0.0,1.783564,1.953350,-3.705329,0.0,0.0,1.856145,2.548490,-4.051249,0.0,0.0,0.762484,0.461801,-2.242553,0.0,0.0,0.748774,1.256288,-3.259521,0.0,0.0,0.739224,2.059912,-3.714976,0.0,0.0,0.659609,2.746230,-4.038850,0.0,0.0,0.161241,0.534905,-2.183259,0.0,0.0,-0.024506,1.286953,-3.089911,0.0,0.0,-0.039421,2.032618,-3.436768,0.0,0.0,-0.090557,2.694586,-3.649340,0.0,0.0,-0.419885,0.652860,-2.115262,0.0,0.0,-0.788488,1.125368,-2.826715,0.0,0.0,-0.993814,1.546563,-3.098590,0.0,0.0,-1.143258,1.980223,-3.282659,0.0,0.0
v15.mp4,5239f79215d2b91df5766b4a5286bcdca785813e9671cda0a655095777e7c82c,1920,1080,12.08,157,13.0,29,2416,Right,0.923124,0.000000,0.000000,0.000000,0.0,0.0,0.881484,0.188170,-0.535838,0.0,0.0,1.565313,0.590770,-1.060052,0.0,0.0,1.996017,1.033254,-1.444735,0.0,0.0,2.463055,1.343350,-1.841546,0.0,0.0,1.340045,0.461332,-1.994800,0.0,0.0,1.541032,1.356235,-2.798788,0.0,0.0,1.652428,1.967858,-3.241117,0.0,0.0,1.732509,2.510230,-3.526490,0.0,0.0,0.746578,0.447466,-2.038261,0.0,0.0,0.777759,1.341169,-2.962509,0.0,0.0,0.766210,2.180857,-3.363861,0.0,0.0,0.682747,2.895488,-3.642091,0.0,0.0,0.136576,0.531579,-2.034408,0.0,0.0,-0.017953,1.354563,-2.863165,0.0,0.0,-0.051795,2.155003,-3.180878,0.0,0.0,-0.101324,2.851959,-3.378625,0.0,0.0,-0.446684,0.648326,-2.028247,0.0,0.0,-0.809259,1.225409,-2.695475,0.0,0.0,-1.007082,1.682643,-2.955307,0.0,0.0,-1.148392,2.147534,-3.130820,0.0,0.0
v15.mp4,5239f79215d2b91df5766b4a5286bcdca785813e9671cda0a655095777e7c82c,1920,1080,12.08,157,13.0,30,2500,Right,0.939919,0.000000,0.000000,0.000000,0.0,0.0,0.855086,0.233029,-0.558107,0.0,0.0,1.515594,0.581087,-1.132788,0.0,0.0,1.920933,0.951750,-1.549501,0.0,0.0,2.468858,1.213016,-1.982715,0.0,0.0,1.311081,0.456402,-2.202802,0.0,0.0,1.602509,1.216683,-3.115840,0.0,0.0,1.764069,1.818516,-3.659565,0.0,0.0,1.866821,2.375550,-4.007976,0.0,0.0,0.738736,0.477085,-2.227806,0.0,0.0,0.748183,1.198533,-3.269928,0.0,0.0,0.733769,1.993252,-3.749631,0.0,0.0,0.656892,2.684846,-4.091268,0.0,0.0,0.135931,0.566523,-2.188060,0.0,0.0,-0.070373,1.242581,-3.102770,0.0,0.0,-0.098785,1.971012,-3.446261,0.0,0.0,-0.163047,2.620407,-3.660925,0.0,0.0,-0.459738,0.696022,-2.138508,0.0,0.0,-0.815340,1.139191,-2.851384,0.0,0.0,-1.035475,1.556534,-3.115056,0.0,0.0,-1.187028,1.990422,-3.296780,0.0,0.0
v15.mp4,5239f79215d2b91df5766b4a5286bcdca785813e9671cda0a655095777e7c82c,1920,1080,12.08,157,13.0,31,2583,Right,0.888466,0.000000,0.000000,0.000000,0.0,0.0,0.866530,0.218259,-0.591335,0.0,0.0,1.540693,0.575018,-1.193007,0.0,0.0,1.953308,0.950850,-1.625593,0.0,0.0,2.538778,1.194934,-2.078885,0.0,0.0,1.309525,0.493069,-2.307198,0.0,0.0,1.590318,1.299328,-3.255068,0.0,0.0,1.722366,1.935701,-3.823099,0.0,0.0,1.776803,2.525584,-4.186502,0.0,0.0,0.728690,0.510168,-2.312634,0.0,0.0,0.729369,1.248000,-3.354074,0.0,0.0,0.699109,2.021362,-3.825866,0.0,0.0,0.613425,2.697939,-4.174142,0.0,0.0,0.127834,0.581160,-2.252745,0.0,0.0,-0.095803,1.278903,-3.176251,0.0,0.0,-0.128635,1.996074,-3.522829,0.0,0.0,-0.199104,2.633353,-3.747308,0.0,0.0,-0.456787,0.687947,-2.181952,0.0,0.0,-0.829758,1.139275,-2.905578,0.0,0.0,-1.062479,1.556616,-3.174456,0.0,0.0,-1.222661,1.999914,-3.366773,0.0,0.0
v15.mp4,5239f79215d2b91df5766b4a5286bcdca785813e9671cda0a655095777e7c82c,1920,1080,12.08,157,13.0,32,2666,Right,0.897329,0.000000,0.000000,0.000000,0.0,0.0,0.903553,0.215667,-0.585239,0.0,0.0,1.580395,0.545593,-1.189518,0.0,0.0,1.995558,0.861537,-1.622528,0.0,0.0,2.602042,1.008660,-2.073471,0.0,0.0,1.330762,0.505844,-2.292944,0.0,0.0,1.548622,1.345979,-3.237627,0.0,0.0,1.663516,1.933540,-3.806988,0.0,0.0,1.733446,2.451089,-4.172313,0.0,0.0,0.746779,0.509791,-2.302760,0.0,0.0,0.715679,1.248062,-3.353635,0.0,0.0,0.699769,1.978860,-3.859341,0.0,0.0,0.635450,2.618333,-4.235904,0.0,0.0,0.144453,0.549785,-2.242298,0.0,0.0,-0.067630,1.245937,-3.181520,0.0,0.0,-0.081003,1.952159,-3.563900,0.0,0.0,-0.132455,2.575681,-3.811873,0.0,0.0,-0.445426,0.634218,-2.164733,0.0,0.0,-0.789395,1.064965,-2.885296,0.0,0.0,-1.011152,1.491510,-3.160165,0.0,0.0,-1.173300,1.922759,-3.361633,0.0,0.0
v15.mp4,5239f79215d2b91df5766b4a5286bcdca785813e9671cda0a655095777e7c82c,1920,1080,12.08,157,13.0,33,2750,Right,0.938965,0.000000,0.000000,0.000000,0.0,0.0,0.901117,0.171620,-0.549364,0.0,0.0,1.629625,0.455360,-1.106565,0.0,0.0,2.141383,0.653403,-1.532110,0.0,0.0,2.775477,0.614310,-1.978055,0.0,0.0,1.353976,0.487221,-1.973659,0.0,0.0,1.560316,1.350360,-2.805815,0.0,0.0,1.695682,1.935388,-3.305885,0.0,0.0,1.796291,2.444038,-3.638633,0.0,0.0,0.766090,0.500117,-2.018053,0.0,0.0,0.740520,1.277431,-2.999954,0.0,0.0,0.713955,2.014155,-3.486765,0.0,0.0,0.652451,2.664193,-3.835408,0.0,0.0,0.149019,0.547463,-2.005915,0.0,0.0,-0.060864,1.245423,-2.859631,0.0,0.0,-0.090791,1.945142,-3.184093,0.0,0.0,-0.134522,2.568033,-3.392501,0.0,0.0,-0.423824,0.598564,-1.990604,0.0,0.0,-0.774795,1.067153,-2.663409,0.0,0.0,-0.982722,1.494576,-2.906416,0.0,0.0,-1.131141,1.948813,-3.076429,0.0,0.0
v15.mp4,5239f79215d2b91df5766b4a5286bcdca785813e9671cda0a655095777e7c82c,1920,1080,12.08,157,13.0,34,2833,Right,0.905899,0.000000,0.000000,0.000000,0.0,0.0,0.900155,0.184728,-0.518675,0.0,0.0,1.643372,0.452460,-1.031960,0.0,0.0,2.194681,0.580712,-1.425400,0.0,0.0,2.826021,0.490700,-1.840108,0.0,0.0,1.374164,0.489092,-1.833297,0.0,0.0,1.623525,1.315227,-2.621703,0.0,0.0,1.808229,1.901664,-3.112635,0.0,0.0,1.947713,2.413544,-3.440678,0.0,0.0,0.775852,0.496709,-1.871289,0.0,0.0,0.776751,1.299328,-2.748600,0.0,0.0,0.768189,2.044207,-3.176594,0.0,0.0,0.730591,2.695215,-3.486420,0.0,0.0,0.159949,0.554982,-1.863056,0.0,0.0,-0.026722,1.314694,-2.631510,0.0,0.0,-0.056634,2.030151,-2.917441,0.0,0.0,-0.098480,2.646276,-3.103133,0.0,0.0,-0.388026,0.612244,-1.855947,0.0,0.0,-0.732455,1.095810,-2.471151,0.0,0.0,-0.922371,1.495414,-2.684376,0.0,0.0,-1.077558,1.919605,-2.829932,0.0,0.0
v15.mp4,5239f79215d2b91df5766b4a5286bcdca785813e9671cda0a655095777e7c82c,1920,1080,12.08,157,13.0,35,2916,Right,0.842886,0.000000,0.000000,0.000000,0.0,0.0,0.897323,0.145158,-0.540175,0.0,0.0,1.653008,0.361951,-1.072761,0.0,0.0,2.181405,0.436678,-1.478013,0.0,0.0,2.826883,0.318240,-1.908390,0.0,0.0,1.349489,0.524594,-1.878489,0.0,0.0,1.587295,1.309379,-2.679023,0.0,0.0,1.769720,1.880407,-3.190937,0.0,0.0,1.906332,2.384224,-3.537648,0.0,0.0,0.737804,0.550423,-1.909773,0.0,0.0,0.746721,1.329062,-2.798308,0.0,0.0,0.740313,2.051747,-3.265671,0.0,0.0,0.716072,2.697493,-3.615148,0.0,0.0,0.122790,0.585079,-1.890388,0.0,0.0,-0.064507,1.334172,-2.681982,0.0,0.0,-0.079703,2.027361,-3.019374,0.0,0.0,-0.122123,2.612494,-3.245015,0.0,0.0,-0.413799,0.607444,-1.866412,0.0,0.0,-0.740924,1.061353,-2.498166,0.0,0.0,-0.943723,1.436890,-2.731775,0.0,0.0,-1.108194,1.827515,-2.900250,0.0,0.0
v15.mp4,5239f79215d2b91df5766b4a5286bcdca785813e9671cda0a655095777e7c82c,1920,1080,12.08,157,13.0,36,3000,Right,0.854443,0.000000,0.000000,0.000000,0.0,0.0,0.880719,0.146102,-0.544413,0.0,0.0,1.656416,0.406184,-1.053658,0.0,0.0,2.218241,0.552544,-1.423154,0.0,0.0,2.853353,0.500648,-1.810367,0.0,0.0,1.377290,0.517530,-1.847506,0.0,0.0,1.609708,1.375157,-2.647595,0.0,0.0,1.761953,1.984043,-3.162428,0.0,0.0,1.874576,2.518017,-3.505080,0.0,0.0,0.759460,0.557217,-1.857574,0.0,0.0,0.757232,1.430039,-2.706447,0.0,0.0,0.758937,2.145445,-3.127485,0.0,0.0,0.744188,2.758895,-3.438467,0.0,0.0,0.162049,0.591782,-1.827465,0.0,0.0,-0.021553,1.394166,-2.602719,0.0,0.0,-0.009908,2.079720,-2.920207,0.0,0.0,-0.008332,2.673836,-3.125370,0.0,0.0,-0.367309,0.603227,-1.793696,0.0,0.0,-0.698324,1.120730,-2.424763,0.0,0.0,-0.885770,1.524697,-2.657776,0.0,0.0,-1.034397,1.939625,-2.818112,0.0,0.0
v15.mp4,5239f79215d2b91df5766b4a5286bcdca785813e9671cda0a655095777e7c82c,1920,1080,12.08,157,13.0,37,3083,Right,0.881494,0.000000,0.000000,0.000000,0.0,0.0,0.856297,0.174670,-0.526948,0.0,0.0,1.542149,0.520354,-0.997929,0.0,0.0,1.965549,0.885620,-1.340175,0.0,0.0,2.453939,1.156847,-1.694830,0.0,0.0,1.327181,0.539017,-1.753749,0.0,0.0,1.578890,1.370643,-2.501126,0.0,0.0,1.704351,1.966024,-2.945208,0.0,0.0,1.785263,2.481733,-3.228753,0.0,0.0,0.741458,0.537434,-1.776417,0.0,0.0,0.732396,1.390174,-2.574430,0.0,0.0,0.706905,2.153531,-2.925965,0.0,0.0,0.645131,2.787966,-3.168290,0.0,0.0,0.130109,0.567826,-1.770402,0.0,0.0,-0.059088,1.355400,-2.514217,0.0,0.0,-0.080035,2.077807,-2.797521,0.0,0.0,-0.097895,2.696058,-2.966051,0.0,0.0,-0.447202,0.604211,-1.765859,0.0,0.0,-0.785075,1.139704,-2.389609,0.0,0.0,-0.981355,1.565201,-2.612160,0.0,0.0,-1.150416,1.978834,-2.748067,0.0,0.0
v15.mp4,5239f79215d2b91df5766b4a5286bcdca785813e9671cda0a655095777e7c82c,1920,1080,12.08,157,13.0,38,3166,Right,0.932117,0.000000,0.000000,0.000000,0.0,0.0,0.886544,0.190943,-0.567247,0.0,0.0,1.545068,0.533393,-1.112328,0.0,0.0,1.933393,0.911034,-1.504552,0.0,0.0,2.430712,1.187794,-1.911340,0.0,0.0,1.329772,0.480687,-2.047104,0.0,0.0,1.599662,1.298982,-2.905200,0.0,0.0,1.740515,1.934054,-3.424013,0.0,0.0,1.808887,2.484711,-3.752817,0.0,0.0,0.740074,0.468551,-2.059788,0.0,0.0,0.744621,1.248551,-2.975728,0.0,0.0,0.732123,2.020186,-3.372831,0.0,0.0,0.660420,2.654318,-3.651766,0.0,0.0,0.116247,0.509303,-2.029435,0.0,0.0,-0.046351,1.261918,-2.872659,0.0,0.0,-0.056798,2.031588,-3.190708,0.0,0.0,-0.090417,2.685916,-3.383602,0.0,0.0,-0.479853,0.586701,-1.994090,0.0,0.0,-0.854571,1.077746,-2.686354,0.0,0.0,-1.072201,1.517844,-2.942579,0.0,0.0,-1.244606,1.940500,-3.107974,0.0,0.0
v15.mp4,5239f79215d2b91df5766b4a5286bcdca785813e9671cda0a655095777e7c82c,1920,1080,12.08,157,13.0,39,3250,Right,0.922405,0.000000,0.000000,0.000000,0.0,0.0,0.882772,0.176701,-0.574476,0.0,0.0,1.565095,0.540305,-1.148236,0.0,0.0,1.987728,0.921253,-1.577206,0.0,0.0,2.511303,1.217981,-2.028466,0.0,0.0,1.323282,0.499248,-2.122517,0.0,0.0,1.578769,1.326294,-3.003399,0.0,0.0,1.722508,1.947960,-3.525605,0.0,0.0,1.806770,2.520457,-3.870240,0.0,0.0,0.743862,0.495963,-2.167058,0.0,0.0,0.730921,1.280289,-3.173021,0.0,0.0,0.686664,2.068500,-3.637801,0.0,0.0,0.604618,2.762595,-3.968738,0.0,0.0,0.133876,0.554969,-2.159541,0.0,0.0,-0.063062,1.283487,-3.054260,0.0,0.0,-0.111895,2.027027,-3.398488,0.0,0.0,-0.173034,2.686552,-3.618393,0.0,0.0,-0.458525,0.634453,-2.148945,0.0,0.0,-0.837497,1.101715,-2.871111,0.0,0.0,-1.049755,1.533340,-3.151210,0.0,0.0,-1.196255,1.993387,-3.344451,0.0,0.0
v15.mp4,5239f79215d2b91df5766b4a5286bcdca785813e9671cda0a655095777e7c82c,1920,1080,12.08,157,13.0,40,3333,Right,0.938712,0.000000,0.000000,0.000000,0.0,0.0,0.886525,0.180139,-0.541099,0.0,0.0,1.552501,0.541930,-1.077062,0.0,0.0,1.986584,0.920285,-1.470344,0.0,0.0,2.533008,1.216467,-1.886445,0.0,0.0,1.315039,0.498937,-2.017871,0.0,0.0,1.581746,1.367786,-2.823815,0.0,0.0,1.721927,2.006203,-3.293285,0.0,0.0,1.787285,2.590579,-3.606134,0.0,0.0,0.737263,0.494210,-2.050227,0.0,0.0,0.726418,1.323373,-2.957912,0.0,0.0,0.681150,2.110265,-3.358659,0.0,0.0,0.596306,2.775018,-3.650005,0.0,0.0,0.111189,0.543290,-2.027630,0.0,0.0,-0.082426,1.297524,-2.818368,0.0,0.0,-0.117151,2.045966,-3.094206,0.0,0.0,-0.157315,2.691664,-3.286196,0.0,0.0,-0.484496,0.597914,-2.004192,0.0,0.0,-0.877713,0.977335,-2.675223,0.0,0.0,-1.108577,1.353977,-2.914310,0.0,0.0,-1.270792,1.761746,-3.078787,0.0,0.0
v15.mp4,5239f79215d2b91df5766b4a5286bcdca785813e9671cda0a655095777e7c82c,1920,1080,12.08,157,13.0,41,3416,Right,0.908554,0.000000,0.000000,0.000000,0.0,0.0,0.863810,0.196154,-0.428401,0.0,0.0,1.486576,0.569666,-0.898662,0.0,0.0,1.894831,0.948127,-1.256833,0.0,0.0,2.363600,1.257871,-1.642252,0.0,0.0,1.361094,0.545833,-1.761405,0.0,0.0,1.592237,1.351427,-2.488215,0.0,0.0,1.752253,1.932734,-2.911169,0.0,0.0,1.850905,2.476282,-3.198863,0.0,0.0,0.803267,0.534523,-1.843123,0.0,0.0,0.783354,1.363494,-2.672282,0.0,0.0,0.746955,2.123987,-3.045625,0.0,0.0,0.658445,2.761308,-3.312122,0.0,0.0,0.192887,0.556559,-1.873309,0.0,0.0,0.034310,1.304011,-2.621471,0.0,0.0,-0.004301,2.017033,-2.895766,0.0,0.0,-0.037536,2.632278,-3.080507,0.0,0.0,-0.390934,0.568579,-1.895520,0.0,0.0,-0.721634,0.858584,-2.548758,0.0,0.0,-0.932044,1.163685,-2.782531,0.0,0.0,-1.088323,1.512380,-2.934873,0.0,0.0
v15.mp4,5239f79215d2b91df5766b4a5286bcdca785813e9671cda0a655095777e7c82c,1920,1080,12.08,157,13.0,42,3500,Right,0.862603,0.000000,0.000000,0.000000,0.0,0.0,0.822376,0.158494,-0.387103,0.0,0.0,1.483940,0.552217,-0.754566,0.0,0.0,1.950909,0.911164,-1.029640,0.0,0.0,2.497364,1.171847,-1.329829,0.0,0.0,1.310421,0.583828,-1.398353,0.0,0.0,1.541270,1.367462,-1.973632,0.0,0.0,1.676867,1.951744,-2.309406,0.0,0.0,1.755475,2.477853,-2.537390,0.0,0.0,0.717148,0.573356,-1.472203,0.0,0.0,0.694557,1.384637,-2.098632,0.0,0.0,0.632414,2.087103,-2.375189,0.0,0.0,0.551702,2.663132,-2.575964,0.0,0.0,0.098590,0.582592,-1.515738,0.0,0.0,-0.013523,1.344839,-2.115128,0.0,0.0,-0.023064,2.040078,-2.343625,0.0,0.0,-0.001366,2.626460,-2.501882,0.0,0.0,-0.464749,0.574693,-1.556090,0.0,0.0,-0.763889,0.970005,-2.106876,0.0,0.0,-0.946576,1.319298,-2.292956,0.0,0.0,-1.087421,1.694467,-2.408695,0.0,0.0
v15.mp4,5239f79215d2b91df5766b4a5286bcdca785813e9671cda0a655095777e7c82c,1920,1080,12.08,157,13.0,43,3583,Right,0.948432,0.000000,0.000000,0.000000,0.0,0.0,0.849274,0.302432,-0.431847,0.0,0.0,1.469868,0.713720,-0.853925,0.0,0.0,1.879178,1.137949,-1.170380,0.0,0.0,2.407377,1.433225,-1.485815,0.0,0.0,1.362937,0.561165,-1.632299,0.0,0.0,1.684619,1.212918,-2.351364,0.0,0.0,1.943893,1.738194,-2.772499,0.0,0.0,2.124070,2.254977,-3.052090,0.0,0.0,0.825584,0.439128,-1.718087,0.0,0.0,0.940150,0.976393,-2.590522,0.0,0.0,0.996249,1.712427,-3.010933,0.0,0.0,0.933785,2.383225,-3.296717,0.0,0.0,0.189370,0.403409,-1.759961,0.0,0.0,-0.029993,0.952322,-2.544481,0.0,0.0,-0.113242,1.681555,-2.836887,0.0,0.0,-0.215826,2.351169,-3.001732,0.0,0.0,-0.439684,0.435258,-1.800697,0.0,0.0,-0.779978,0.835083,-2.435313,0.0,0.0,-0.989884,1.208624,-2.663620,0.0,0.0,-1.139709,1.605617,-2.800350,0.0,0.0
v15.mp4,5239f79215d2b91df5766b4a5286bcdca785813e9671cda0a655095777e7c82c,1920,1080,12.08,157,13.0,44,3666,Right,0.987404,0.000000,0.000000,0.000000,0.0,0.0,0.617311,0.718659,-0.262648,0.0,0.0,1.057349,1.274117,-0.650790,0.0,0.0,1.265418,1.815264,-1.011338,0.0,0.0,1.568789,2.206699,-1.371274,0.0,0.0,1.582660,0.480744,-1.252682,0.0,0.0,2.122291,0.801830,-1.860451,0.0,0.0,2.501429,1.079422,-2.208182,0.0,0.0,2.789869,1.425272,-2.443832,0.0,0.0,1.240565,0.204191,-1.440225,0.0,0.0,1.768661,0.508707,-2.254375,0.0,0.0,2.070956,1.129785,-2.687663,0.0,0.0,2.177845,1.755883,-2.968968,0.0,0.0,0.723175,0.085532,-1.581889,0.0,0.0,0.738623,0.569270,-2.338273,0.0,0.0,0.616402,1.258836,-2.642372,0.0,0.0,0.442583,1.853275,-2.792865,0.0,0.0,0.115232,0.130904,-1.717762,0.0,0.0,-0.116235,0.611758,-2.339808,0.0,0.0,-0.389721,1.041545,-2.582258,0.0,0.0,-0.587309,1.407279,-2.714408,0.0,0.0
v15.mp4,5239f79215d2b91df5766b4a5286bcdca785813e9671cda0a655095777e7c82c,1920,1080,12.08,157,13.0,45,3750,Right,0.97576,0.000000,0.000000,0.000000,0.0,0.0,0.642432,0.798285,-0.331712,0.0,0.0,1.009712,1.387887,-0.828240,0.0,0.0,0.999880,2.095283,-1.299463,0.0,0.0,1.077183,2.662258,-1.817021,0.0,0.0,1.550419,0.349416,-1.468840,0.0,0.0,2.179467,0.722198,-2.177793,0.0,0.0,2.551603,1.007250,-2.605101,0.0,0.0,2.865279,1.353078,-2.909804,0.0,0.0,1.170630,0.056856,-1.683746,0.0,0.0,1.774584,0.425303,-2.565553,0.0,0.0,2.015225,1.110499,-3.064358,0.0,0.0,2.069786,1.820393,-3.407629,0.0,0.0,0.587253,-0.055193,-1.848139,0.0,0.0,0.603306,0.367510,-2.638241,0.0,0.0,0.608863,0.910843,-2.980155,0.0,0.0,0.543519,1.402257,-3.182190,0.0,0.0,-0.063859,-0.016932,-2.010799,0.0,0.0,-0.322053,0.266602,-2.633800,0.0,0.0,-0.504867,0.667543,-2.871115,0.0,0.0,-0.631115,1.023962,-3.029589,0.0,0.0
v15.mp4,5239f79215d2b91df5766b4a5286bcdca785813e9671cda0a655095777e7c82c,1920,1080,12.08,157,13.0,46,3833,Left,0.790309,0.000000,0.000000,0.000000,0.0,0.0,-0.082409,0.581315,-0.359576,0.0,0.0,0.006926,1.283500,-0.914387,0.0,0.0,0.187514,1.920876,-1.445535,0.0,0.0,0.432683,2.608808,-2.017995,0.0,0.0,0.490920,0.320278,-1.531296,0.0,0.0,0.552976,1.336596,-2.353261,0.0,0.0,0.443713,2.069713,-2.814814,0.0,0.0,0.329667,2.745331,-3.088343,0.0,0.0,0.975254,0.157374,-1.743702,0.0,0.0,1.525515,1.365608,-2.677317,0.0,0.0,1.379205,2.502395,-3.099861,0.0,0.0,1.225238,3.416833,-3.337255,0.0,0.0,1.359998,0.200466,-1.940550,0.0,0.0,2.182770,1.158067,-2.738366,0.0,0.0,2.404701,2.324259,-3.146782,0.0,0.0,2.515650,3.250516,-3.378375,0.0,0.0,1.664062,0.346361,-2.122453,0.0,0.0,2.347683,0.809307,-2.596065,0.0,0.0,2.792764,1.277623,-2.826767,0.0,0.0,3.166201,1.663311,-3.021695,0.0,0.0
v15.mp4,5239f79215d2b91df5766b4a5286bcdca785813e9671cda0a655095777e7c82c,1920,1080,12.08,157,13.0,47,3916,Right,0.799753,0.000000,0.000000,0.000000,0.0,0.0,0.741655,0.405562,-0.351409,0.0,0.0,1.274828,0.900788,-0.903458,0.0,0.0,1.501144,1.444322,-1.365829,0.0,0.0,1.664198,1.951207,-1.888570,0.0,0.0,1.464406,0.442703,-1.980265,0.0,0.0,1.997315,0.797184,-2.812464,0.0,0.0,2.396898,1.177707,-3.321011,0.0,0.0,2.708985,1.560745,-3.679904,0.0,0.0,1.034674,0.394790,-2.187276,0.0,0.0,1.496334,1.264465,-3.271476,0.0,0.0,1.728218,2.150225,-3.822978,0.0,0.0,1.829186,2.926703,-4.177992,0.0,0.0,0.480626,0.515147,-2.315974,0.0,0.0,0.697970,1.478906,-3.346331,0.0,0.0,0.791682,2.374138,-3.850917,0.0,0.0,0.831834,3.187290,-4.127754,0.0,0.0,-0.090335,0.736180,-2.403087,0.0,0.0,-0.180003,1.421541,-3.215826,0.0,0.0,-0.310609,1.952937,-3.573021,0.0,0.0,-0.377458,2.487584,-3.801090,0.0,0.0
v15.mp4,5239f79215d2b91df5766b4a5286bcdca785813e9671cda0a655095777e7c82c,1920,1080,12.08,157,13.0,48,4000,Right,0.960755,0.000000,0.000000,0.000000,0.0,0.0,0.746675,0.275386,-0.295368,0.0,0.0,1.310086,0.719580,-0.726844,0.0,0.0,1.653308,1.195727,-1.081185,0.0,0.0,1.973450,1.630083,-1.478084,0.0,0.0,1.445564,0.614124,-1.558760,0.0,0.0,1.897827,1.093709,-2.315421,0.0,0.0,2.224473,1.493645,-2.790847,0.0,0.0,2.503527,1.844553,-3.086677,0.0,0.0,1.036034,0.528859,-1.712541,0.0,0.0,1.498603,1.336055,-2.548686,0.0,0.0,1.685182,2.123121,-2.960650,0.0,0.0,1.753025,2.813145,-3.213511,0.0,0.0,0.493159,0.565865,-1.815406,0.0,0.0,0.713634,1.480498,-2.594039,0.0,0.0,0.798758,2.316155,-2.910329,0.0,0.0,0.816667,3.027946,-3.067241,0.0,0.0,-0.078838,0.685015,-1.895611,0.0,0.0,-0.097150,1.481173,-2.484787,0.0,0.0,-0.135872,2.080257,-2.669914,0.0,0.0,-0.177943,2.597371,-2.765830,0.0,0.0
v15.mp4,5239f79215d2b91df5766b4a5286bcdca785813e9671cda0a655095777e7c82c,1920,1080,12.08,157,13.0,49,4083,Right,0.906537,0.000000,0.000000,0.000000,0.0,0.0,0.838510,0.210722,-0.449130,0.0,0.0,1.467872,0.582693,-0.951634,0.0,0.0,1.869461,0.977372,-1.328652,0.0,0.0,2.416863,1.262189,-1.735493,0.0,0.0,1.294732,0.641649,-1.965548,0.0,0.0,1.657703,1.381737,-2.797801,0.0,0.0,1.804433,1.957703,-3.289156,0.0,0.0,1.886802,2.480269,-3.602456,0.0,0.0,0.750583,0.636693,-2.050006,0.0,0.0,0.834558,1.340397,-3.002973,0.0,0.0,0.859618,2.070550,-3.449935,0.0,0.0,0.831305,2.718321,-3.765772,0.0,0.0,0.172553,0.656554,-2.074150,0.0,0.0,0.025462,1.357285,-2.945969,0.0,0.0,0.037751,2.080128,-3.306000,0.0,0.0,0.026715,2.716428,-3.527934,0.0,0.0,-0.394938,0.714231,-2.078777,0.0,0.0,-0.737763,1.209893,-2.781255,0.0,0.0,-0.976284,1.640825,-3.039455,0.0,0.0,-1.135737,2.055649,-3.209068,0.0,0.0
v15.mp4,5239f79215d2b91df5766b4a5286bcdca785813e9671cda0a655095777e7c82c,1920,1080,12.08,157,13.0,50,4166,Right,0.957109,0.000000,0.000000,0.000000,0.0,0.0,0.835624,0.344365,-0.438564,0.0,0.0,1.459204,0.665761,-0.988440,0.0,0.0,1.824894,0.987715,-1.398987,0.0,0.0,2.329633,1.230970,-1.832125,0.0,0.0,1.334229,0.636145,-2.099761,0.0,0.0,1.610626,1.358267,-3.002459,0.0,0.0,1.739465,1.935678,-3.542133,0.0,0.0,1.800443,2.459505,-3.881414,0.0,0.0,0.803690,0.615834,-2.167391,0.0,0.0,0.903155,1.299292,-3.165607,0.0,0.0,0.942167,2.014587,-3.631936,0.0,0.0,0.874346,2.616800,-3.965336,0.0,0.0,0.230170,0.614291,-2.162271,0.0,0.0,0.129166,1.268348,-3.090601,0.0,0.0,0.132038,1.931040,-3.462974,0.0,0.0,0.090268,2.506025,-3.686485,0.0,0.0,-0.353850,0.656328,-2.125111,0.0,0.0,-0.622308,1.109698,-2.862938,0.0,0.0,-0.831943,1.522206,-3.141507,0.0,0.0,-0.991854,1.925319,-3.327583,0.0,0.0
v15.mp4,5239f79215d2b91df5766b4a5286bcdca785813e9671cda0a655095777e7c82c,1920,1080,12.08,157,13.0,51,4250,Right,0.960879,0.000000,0.000000,0.000000,0.0,0.0,0.832227,0.330768,-0.450999,0.0,0.0,1.476824,0.667332,-0.976145,0.0,0.0,1.884042,1.017157,-1.372809,0.0,0.0,2.411979,1.285826,-1.786858,0.0,0.0,1.359914,0.608439,-1.995675,0.0,0.0,1.643834,1.369727,-2.882299,0.0,0.0,1.770949,1.977226,-3.408635,0.0,0.0,1.832411,2.540345,-3.736436,0.0,0.0,0.841903,0.584065,-2.065423,0.0,0.0,0.915498,1.307480,-3.046177,0.0,0.0,0.934362,2.049602,-3.485028,0.0,0.0,0.855668,2.674811,-3.786140,0.0,0.0,0.267831,0.606340,-2.076832,0.0,0.0,0.156486,1.279815,-2.999831,0.0,0.0,0.124768,1.954728,-3.340340,0.0,0.0,0.080629,2.550645,-3.530853,0.0,0.0,-0.309964,0.680465,-2.066379,0.0,0.0,-0.580655,1.127883,-2.813764,0.0,0.0,-0.796272,1.541769,-3.081346,0.0,0.0,-0.964347,1.973129,-3.244283,0.0,0.0
v15.mp4,5239f79215d2b91df5766b4a5286bcdca785813e9671cda0a655095777e7c82c,1920,1080,12.08,157,13.0,52,4333,Right,0.954085,0.000000,0.000000,0.000000,0.0,0.0,0.827918,0.296125,-0.442445,0.0,0.0,1.468187,0.674725,-0.929852,0.0,0.0,1.881202,1.038493,-1.304278,0.0,0.0,2.385095,1.288005,-1.699273,0.0,0.0,1.352546,0.628179,-1.837199,0.0,0.0,1.643805,1.404526,-2.654259,0.0,0.0,1.781527,2.005754,-3.147481,0.0,0.0,1.849947,2.568539,-3.464126,0.0,0.0,0.822229,0.583124,-1.922616,0.0,0.0,0.907725,1.309742,-2.841775,0.0,0.0,0.904829,2.050339,-3.270417,0.0,0.0,0.816800,2.698547,-3.559906,0.0,0.0,0.238270,0.593503,-1.959805,0.0,0.0,0.151059,1.284066,-2.819144,0.0,0.0,0.113249,1.977200,-3.161016,0.0,0.0,0.059536,2.593153,-3.358242,0.0,0.0,-0.339275,0.642626,-1.983270,0.0,0.0,-0.638656,1.131302,-2.694154,0.0,0.0,-0.844632,1.552837,-2.964191,0.0,0.0,-1.008848,1.994383,-3.129296,0.0,0.0
v15.mp4,5239f79215d2b91df5766b4a5286bcdca785813e9671cda0a655095777e7c82c,1920,1080,12.08,157,13.0,53,4416,Right,0.93166,0.000000,0.000000,0.000000,0.0,0.0,0.817852,0.279957,-0.373444,0.0,0.0,1.425598,0.609816,-0.842697,0.0,0.0,1.859173,0.940986,-1.214369,0.0,0.0,2.401627,1.210378,-1.619135,0.0,0.0,1.398182,0.524242,-1.753072,0.0,0.0,1.671299,1.271189,-2.517194,0.0,0.0,1.790063,1.833957,-2.971384,0.0,0.0,1.844642,2.355413,-3.269878,0.0,0.0,0.866561,0.461873,-1.861898,0.0,0.0,0.994237,1.219594,-2.715072,0.0,0.0,1.000491,1.939686,-3.115932,0.0,0.0,0.911785,2.521334,-3.399097,0.0,0.0,0.241449,0.451079,-1.911906,0.0,0.0,0.225397,1.161968,-2.697603,0.0,0.0,0.235608,1.823524,-3.005740,0.0,0.0,0.222554,2.379663,-3.207554,0.0,0.0,-0.370735,0.471554,-1.941153,0.0,0.0,-0.656581,0.831956,-2.620873,0.0,0.0,-0.857486,1.119733,-2.869765,0.0,0.0,-1.008051,1.427546,-3.031147,0.0,0.0
v15.mp4,5239f79215d2b91df5766b4a5286bcdca785813e9671cda0a655095777e7c82c,1920,1080,12.08,157,13.0,54,4500,Left,0.587191,0.000000,0.000000,0.000000,0.0,0.0,0.695893,0.338901,-0.593441,0.0,0.0,1.581193,0.876203,-1.140128,0.0,0.0,2.253426,1.355329,-1.538206,0.0,0.0,2.904497,1.781274,-1.977671,0.0,0.0,1.543009,0.647295,-2.131605,0.0,0.0,1.819629,1.913347,-2.984345,0.0,0.0,1.797271,2.709493,-3.416798,0.0,0.0,1.786727,3.423716,-3.686951,0.0,0.0,1.285802,0.573098,-2.158595,0.0,0.0,1.491463,1.771519,-3.113925,0.0,0.0,1.396940,2.793853,-3.561234,0.0,0.0,1.288000,3.704153,-3.888044,0.0,0.0,0.991007,0.585944,-2.147645,0.0,0.0,1.355928,1.581721,-3.024130,0.0,0.0,1.466693,2.641761,-3.516027,0.0,0.0,1.523788,3.594268,-3.850703,0.0,0.0,0.709457,0.670233,-2.122587,0.0,0.0,1.206764,1.115994,-2.845448,0.0,0.0,1.488379,1.573359,-3.265938,0.0,0.0,1.681596,2.066232,-3.584328,0.0,0.0
v15.mp4,5239f79215d2b91df5766b4a5286bcdca785813e9671cda0a655095777e7c82c,1920,1080,12.08,157,13.0,55,4583,Right,0.968563,0.000000,0.000000,0.000000,0.0,0.0,0.751866,0.239275,-0.363378,0.0,0.0,1.351792,0.699827,-0.812009,0.0,0.0,1.689633,1.200759,-1.161765,0.0,0.0,2.132545,1.574462,-1.559799,0.0,0.0,1.424865,0.545804,-1.693469,0.0,0.0,1.828213,1.108428,-2.410803,0.0,0.0,2.079720,1.523643,-2.849376,0.0,0.0,2.298363,1.859580,-3.143171,0.0,0.0,0.924416,0.457516,-1.829616,0.0,0.0,1.203145,1.328809,-2.724187,0.0,0.0,1.313283,2.097115,-3.195327,0.0,0.0,1.364136,2.733541,-3.501590,0.0,0.0,0.332626,0.500950,-1.903580,0.0,0.0,0.524320,1.416656,-2.741696,0.0,0.0,0.611346,2.199336,-3.147783,0.0,0.0,0.675285,2.859758,-3.387508,0.0,0.0,-0.255377,0.618641,-1.946899,0.0,0.0,-0.344351,1.242030,-2.629966,0.0,0.0,-0.506225,1.650891,-2.890294,0.0,0.0,-0.625811,2.045127,-3.049973,0.0,0.0
v15.mp4,5239f79215d2b91df5766b4a5286bcdca785813e9671cda0a655095777e7c82c,1920,1080,12.08,157,13.0,56,4666,Right,0.958705,0.000000,0.000000,0.000000,0.0,0.0,0.772080,0.240876,-0.409529,0.0,0.0,1.380052,0.609312,-0.870670,0.0,0.0,1.827860,0.981421,-1.229389,0.0,0.0,2.377717,1.257356,-1.616960,0.0,0.0,1.335552,0.615244,-1.727610,0.0,0.0,1.682211,1.398116,-2.503570,0.0,0.0,1.817776,2.000531,-2.970040,0.0,0.0,1.896019,2.518070,-3.260164,0.0,0.0,0.805013,0.573237,-1.816197,0.0,0.0,0.893568,1.364447,-2.619647,0.0,0.0,0.861153,2.114169,-2.937641,0.0,0.0,0.790863,2.729687,-3.155232,0.0,0.0,0.211329,0.583416,-1.867638,0.0,0.0,0.092126,1.398586,-2.607603,0.0,0.0,0.066580,2.132589,-2.840461,0.0,0.0,0.048533,2.731778,-2.977962,0.0,0.0,-0.382209,0.624088,-1.912259,0.0,0.0,-0.692266,1.192118,-2.537176,0.0,0.0,-0.906082,1.663235,-2.723024,0.0,0.0,-1.073187,2.100341,-2.826886,0.0,0.0
v15.mp4,5239f79215d2b91df5766b4a5286bcdca785813e9671cda0a655095777e7c82c,1920,1080,12.08,157,13.0,57,4750,Right,0.954664,0.000000,0.000000,0.000000,0.0,0.0,0.814559,0.274818,-0.459496,0.0,0.0,1.475778,0.605468,-0.940155,0.0,0.0,1.935041,0.953727,-1.307165,0.0,0.0,2.469346,1.223627,-1.689015,0.0,0.0,1.357718,0.572228,-1.763527,0.0,0.0,1.661127,1.375254,-2.553709,0.0,0.0,1.804640,2.000089,-3.030061,0.0,0.0,1.880462,2.567463,-3.335478,0.0,0.0,0.804547,0.537207,-1.827643,0.0,0.0,0.906064,1.315024,-2.669117,0.0,0.0,0.879510,2.081768,-3.023569,0.0,0.0,0.777206,2.712071,-3.265055,0.0,0.0,0.198453,0.557838,-1.856639,0.0,0.0,0.136981,1.311725,-2.645327,0.0,0.0,0.098271,2.033560,-2.908474,0.0,0.0,0.061987,2.634798,-3.056736,0.0,0.0,-0.379833,0.605441,-1.881201,0.0,0.0,-0.636802,1.125325,-2.553058,0.0,0.0,-0.786775,1.580685,-2.790262,0.0,0.0,-0.898214,2.044113,-2.929147,0.0,0.0
v15.mp4,5239f79215d2b91df5766b4a5286bcdca785813e9671cda0a655095777e7c82c,1920,1080,12.08,157,13.0,58,4833,Right,0.951357,0.000000,0.000000,0.000000,0.0,0.0,0.837864,0.255219,-0.457177,0.0,0.0,1.495747,0.590478,-0.953551,0.0,0.0,1.930884,0.941780,-1.334609,0.0,0.0,2.453010,1.211957,-1.731728,0.0,0.0,1.358312,0.567908,-1.824414,0.0,0.0,1.663026,1.361660,-2.636873,0.0,0.0,1.809282,1.974859,-3.121755,0.0,0.0,1.890251,2.526579,-3.432748,0.0,0.0,0.799595,0.542823,-1.897094,0.0,0.0,0.878086,1.314922,-2.776585,0.0,0.0,0.867547,2.081124,-3.158709,0.0,0.0,0.803429,2.722240,-3.423944,0.0,0.0,0.199883,0.567422,-1.929101,0.0,0.0,0.107826,1.303496,-2.747282,0.0,0.0,0.083946,2.020662,-3.037018,0.0,0.0,0.066821,2.627342,-3.206468,0.0,0.0,-0.375450,0.617021,-1.953126,0.0,0.0,-0.643970,1.116274,-2.640319,0.0,0.0,-0.797570,1.576864,-2.892675,0.0,0.0,-0.899440,2.053188,-3.048034,0.0,0.0
v15.mp4,5239f79215d2b91df5766b4a5286bcdca785813e9671cda0a655095777e7c82c,1920,1080,12.08,157,13.0,59,4916,Right,0.955345,0.000000,0.000000,0.000000,0.0,0.0,0.826093,0.264535,-0.467666,0.0,0.0,1.488421,0.601314,-0.956738,0.0,0.0,1.931972,0.952906,-1.329578,0.0,0.0,2.462825,1.216600,-1.716504,0.0,0.0,1.364038,0.576925,-1.790688,0.0,0.0,1.668712,1.368375,-2.590705,0.0,0.0,1.824026,1.986122,-3.067073,0.0,0.0,1.909158,2.550452,-3.370658,0.0,0.0,0.808875,0.539954,-1.855039,0.0,0.0,0.871875,1.313576,-2.724035,0.0,0.0,0.863441,2.093964,-3.100656,0.0,0.0,0.793877,2.749784,-3.357766,0.0,0.0,0.207985,0.554425,-1.882423,0.0,0.0,0.102016,1.282631,-2.693453,0.0,0.0,0.076689,2.006453,-2.977957,0.0,0.0,0.056909,2.628282,-3.139582,0.0,0.0,-0.370399,0.597462,-1.904253,0.0,0.0,-0.641776,1.089099,-2.586085,0.0,0.0,-0.798700,1.550075,-2.832484,0.0,0.0,-0.908727,2.027645,-2.979608,0.0,0.0
v15.mp4,5239f79215d2b91df5766b4a5286bcdca785813e9671cda0a655095777e7c82c,1920,1080,12.08,157,13.0,60,5000,Right,0.942473,0.000000,0.000000,0.000000,0.0,0.0,0.800216,0.233515,-0.407843,0.0,0.0,1.467928,0.593038,-0.836647,0.0,0.0,1.950429,0.972803,-1.161690,0.0,0.0,2.489976,1.225477,-1.498539,0.0,0.0,1.358881,0.561064,-1.628333,0.0,0.0,1.709364,1.366439,-2.364043,0.0,0.0,1.873317,1.997326,-2.798940,0.0,0.0,1.951713,2.553384,-3.069339,0.0,0.0,0.805032,0.550399,-1.698628,0.0,0.0,0.895580,1.338763,-2.466166,0.0,0.0,0.896699,2.112507,-2.767588,0.0,0.0,0.829460,2.745993,-2.966047,0.0,0.0,0.204296,0.574170,-1.738179,0.0,0.0,0.117914,1.324166,-2.478079,0.0,0.0,0.109764,2.073087,-2.725286,0.0,0.0,0.098064,2.713890,-2.857378,0.0,0.0,-0.370596,0.619315,-1.769778,0.0,0.0,-0.658096,1.162003,-2.405645,0.0,0.0,-0.806399,1.633612,-2.620833,0.0,0.0,-0.912993,2.114049,-2.737965,0.0,0.0
v15.mp4,5239f79215d2b91df5766b4a5286bcdca785813e9671cda0a655095777e7c82c,1920,1080,12.08,157,13.0,61,5083,Right,0.970215,0.000000,0.000000,0.000000,0.0,0.0,0.807708,0.316951,-0.444719,0.0,0.0,1.436035,0.680144,-0.946886,0.0,0.0,1.839705,1.048604,-1.333079,0.0,0.0,2.320534,1.310698,-1.729858,0.0,0.0,1.444666,0.562053,-1.878943,0.0,0.0,1.790425,1.259108,-2.736521,0.0,0.0,1.969837,1.856993,-3.249066,0.0,0.0,2.055420,2.419746,-3.565758,0.0,0.0,0.939364,0.451648,-1.967269,0.0,0.0,1.075718,1.168970,-2.939449,0.0,0.0,1.026477,1.992238,-3.388212,0.0,0.0,0.854220,2.697356,-3.683542,0.0,0.0,0.350793,0.430515,-2.005972,0.0,0.0,0.208847,1.080129,-2.906393,0.0,0.0,0.112536,1.803173,-3.258638,0.0,0.0,0.003262,2.442149,-3.448556,0.0,0.0,-0.258693,0.489172,-2.029017,0.0,0.0,-0.515472,1.061343,-2.715063,0.0,0.0,-0.715824,1.554800,-2.964264,0.0,0.0,-0.862723,2.029335,-3.118574,0.0,0.0
v15.mp4,5239f79215d2b91df5766b4a5286bcdca785813e9671cda0a655095777e7c82c,1920,1080,12.08,157,13.0,62,5166,Right,0.893541,0.000000,0.000000,0.000000,0.0,0.0,0.560374,0.857179,-0.721592,0.0,0.0,1.083251,1.544196,-1.620654,0.0,0.0,1.291473,2.155418,-2.358732,0.0,0.0,1.607300,2.693593,-3.128474,0.0,0.0,1.482592,0.765606,-3.067981,0.0,0.0,1.877481,1.702179,-4.398442,0.0,0.0,1.983509,2.727058,-5.093475,0.0,0.0,2.009649,3.649898,-5.555540,0.0,0.0,1.231856,0.519601,-3.285771,0.0,0.0,1.646917,0.996623,-4.835378,0.0,0.0,1.642269,1.997851,-5.576810,0.0,0.0,1.564255,3.024610,-6.105519,0.0,0.0,0.836831,0.488979,-3.449085,0.0,0.0,1.307909,1.074865,-4.999457,0.0,0.0,1.476045,2.289930,-5.851035,0.0,0.0,1.546327,3.480380,-6.384294,0.0,0.0,0.325075,0.676752,-3.569293,0.0,0.0,0.317887,1.488238,-4.858731,0.0,0.0,0.009482,2.268027,-5.553468,0.0,0.0,-0.182735,3.052755,-6.048738,0.0,0.0
v15.mp4,5239f79215d2b91df5766b4a5286bcdca785813e9671cda0a655095777e7c82c,1920,1080,12.08,157,13.0,63,5250,Left,0.99243,0.000000,0.000000,0.000000,0.0,0.0,-0.848345,0.257584,-0.587020,0.0,0.0,-1.371848,0.450046,-1.155823,0.0,0.0,-1.702290,0.863746,-1.572079,0.0,0.0,-1.805780,1.513306,-2.024267,0.0,0.0,-0.704479,-0.407901,-2.229060,0.0,0.0,-0.972660,-0.178342,-3.065015,0.0,0.0,-1.162562,0.369585,-3.570567,0.0,0.0,-1.379872,1.022125,-3.932743,0.0,0.0,0.109690,-0.581867,-2.245177,0.0,0.0,0.447274,0.394388,-3.117879,0.0,0.0,0.581536,1.433209,-3.607382,0.0,0.0,0.653440,2.410225,-4.048270,0.0,0.0,0.768603,-0.525861,-2.186879,0.0,0.0,1.261717,0.389846,-3.017900,0.0,0.0,1.468658,1.318742,-3.453304,0.0,0.0,1.554216,2.203847,-3.789633,0.0,0.0,1.133703,-0.425624,-2.115319,0.0,0.0,1.750131,-0.053529,-2.770829,0.0,0.0,2.065614,0.280555,-3.075698,0.0,0.0,2.293195,0.650989,-3.351452,0.0,0.0
v15.mp4,5239f79215d2b91df5766b4a5286bcdca785813e9671cda0a655095777e7c82c,1920,1080,12.08,157,13.0,64,5333,Left,0.98895,0.000000,0.000000,0.000000,0.0,0.0,-0.722102,0.468372,-1.180136,0.0,0.0,-1.272137,0.834335,-2.153620,0.0,0.0,-1.517478,1.491793,-2.981108,0.0,0.0,-1.718695,2.005438,-3.869811,0.0,0.0,-0.756756,-0.243949,-2.856548,0.0,0.0,-0.947880,0.139484,-4.015075,0.0,0.0,-1.084287,0.642349,-4.665567,0.0,0.0,-1.163165,1.295292,-4.983024,0.0,0.0,0.076266,-0.260379,-2.740931,0.0,0.0,0.419775,0.095916,-4.050489,0.0,0.0,0.455667,0.510006,-4.751459,0.0,0.0,0.413920,1.014203,-5.130198,0.0,0.0,0.738947,-0.179671,-2.607124,0.0,0.0,1.285280,0.649063,-3.877030,0.0,0.0,1.537012,1.636698,-4.422749,0.0,0.0,1.658017,2.509855,-4.580981,0.0,0.0,1.191730,0.060623,-2.511343,0.0,0.0,1.623401,0.299678,-3.499256,0.0,0.0,2.012272,0.614855,-3.897480,0.0,0.0,2.319840,1.048806,-4.073755,0.0,0.0
v15.mp4,5239f79215d2b91df5766b4a5286bcdca785813e9671cda0a655095777e7c82c,1920,1080,12.08,157,13.0,65,5416,Left,0.688332,0.000000,0.000000,0.000000,0.0,0.0,-0.740841,0.140784,-0.612113,0.0,0.0,-1.289185,0.248892,-1.108635,0.0,0.0,-1.850929,0.214805,-1.560335,0.0,0.0,-2.320844,-0.110943,-2.046067,0.0,0.0,-0.808471,0.462914,-1.579932,0.0,0.0,-1.213021,1.365398,-2.191649,0.0,0.0,-1.435011,1.980873,-2.483138,0.0,0.0,-1.570382,2.549049,-2.582434,0.0,0.0,-0.076844,0.456611,-1.564236,0.0,0.0,-0.061037,1.511005,-2.354420,0.0,0.0,-0.184309,2.357371,-2.742726,0.0,0.0,-0.262707,3.056897,-2.918562,0.0,0.0,0.584927,0.396476,-1.518306,0.0,0.0,1.119932,1.477609,-2.430249,0.0,0.0,1.361062,2.223011,-2.845294,0.0,0.0,1.498719,2.896763,-2.947414,0.0,0.0,1.122106,0.403888,-1.468506,0.0,0.0,1.698094,0.845641,-2.154568,0.0,0.0,2.129373,1.119837,-2.386879,0.0,0.0,2.447794,1.440676,-2.466151,0.0,0.0
v15.mp4,5239f79215d2b91df5766b4a5286bcdca785813e9671cda0a655095777e7c82c,1920,1080,12.08,157,13.0,66,5500,Right,0.90613,0.000000,0.000000,0.000000,0.0,0.0,0.699206,0.356251,-0.381222,0.0,0.0,1.312130,0.836283,-0.675008,0.0,0.0,1.841851,1.230757,-0.896142,0.0,0.0,2.316101,1.464365,-1.126616,0.0,0.0,0.996220,0.556221,-1.125111,0.0,0.0,1.349230,1.369156,-1.561267,0.0,0.0,1.557931,2.002981,-1.758922,0.0,0.0,1.666403,2.589585,-1.898081,0.0,0.0,0.264580,0.548559,-1.122059,0.0,0.0,0.299079,1.232789,-1.557588,0.0,0.0,0.193608,1.678896,-1.711354,0.0,0.0,0.085546,2.092071,-1.843715,0.0,0.0,-0.352759,0.583796,-1.112167,0.0,0.0,-0.323678,1.383826,-1.598132,0.0,0.0,-0.411682,2.061081,-1.803079,0.0,0.0,-0.435220,2.700000,-1.925080,0.0,0.0,-0.871476,0.644878,-1.098806,0.0,0.0,-1.040176,1.340170,-1.496491,0.0,0.0,-1.171132,1.829486,-1.662014,0.0,0.0,-1.211208,2.321549,-1.781331,0.0,0.0
v15.mp4,5239f79215d2b91df5766b4a5286bcdca785813e9671cda0a655095777e7c82c,1920,1080,12.08,157,13.0,67,5583,Right,0.861075,0.000000,0.000000,0.000000,0.0,0.0,0.747869,0.263331,-0.399672,0.0,0.0,1.442382,0.767167,-0.726711,0.0,0.0,1.896164,1.205728,-0.940166,0.0,0.0,2.399356,1.481818,-1.149720,0.0,0.0,1.286322,0.689146,-1.358200,0.0,0.0,1.597536,1.458032,-1.936743,0.0,0.0,1.722527,2.064129,-2.255204,0.0,0.0,1.822420,2.581903,-2.450076,0.0,0.0,0.734780,0.694520,-1.346040,0.0,0.0,0.769363,1.380452,-1.908713,0.0,0.0,0.729644,2.003949,-2.105452,0.0,0.0,0.710810,2.500500,-2.248636,0.0,0.0,0.174064,0.717590,-1.322245,0.0,0.0,0.067070,1.436299,-1.910435,0.0,0.0,0.020030,2.117276,-2.139433,0.0,0.0,0.006705,2.678683,-2.260263,0.0,0.0,-0.345721,0.785304,-1.287190,0.0,0.0,-0.519992,1.432536,-1.774100,0.0,0.0,-0.674246,1.836263,-1.958465,0.0,0.0,-0.782757,2.210276,-2.071357,0.0,0.0
v15.mp4,5239f79215d2b91df5766b4a5286bcdca785813e9671cda0a655095777e7c82c,1920,1080,12.08,157,13.0,68,5666,Right,0.980053,0.000000,0.000000,0.000000,0.0,0.0,0.814784,0.299254,-0.325594,0.0,0.0,1.497016,0.720863,-0.695512,0.0,0.0,1.924143,1.105098,-0.978129,0.0,0.0,2.410565,1.367328,-1.265188,0.0,0.0,1.437060,0.645630,-1.503131,0.0,0.0,1.763240,1.353773,-2.214344,0.0,0.0,1.902753,1.960044,-2.636246,0.0,0.0,1.989499,2.535871,-2.905011,0.0,0.0,0.973725,0.553916,-1.620608,0.0,0.0,1.185151,1.049440,-2.472817,0.0,0.0,1.341452,1.646036,-2.895122,0.0,0.0,1.413221,2.193200,-3.178020,0.0,0.0,0.430832,0.535329,-1.697603,0.0,0.0,0.319098,1.160135,-2.527410,0.0,0.0,0.287698,1.888644,-2.893799,0.0,0.0,0.254305,2.541117,-3.087791,0.0,0.0,-0.157282,0.595000,-1.749852,0.0,0.0,-0.395537,1.210410,-2.419251,0.0,0.0,-0.605016,1.661256,-2.689910,0.0,0.0,-0.713365,2.082047,-2.850137,0.0,0.0
v15.mp4,5239f79215d2b91df5766b4a5286bcdca785813e9671cda0a655095777e7c82c,1920,1080,12.08,157,13.0,69,5750,Right,0.95981,0.000000,0.000000,0.000000,0.0,0.0,0.857450,0.354295,-0.292009,0.0,0.0,1.541643,0.843451,-0.608843,0.0,0.0,2.013606,1.224885,-0.868375,0.0,0.0,2.534153,1.444113,-1.145737,0.0,0.0,1.456010,0.596322,-1.286933,0.0,0.0,1.904423,0.936057,-1.905120,0.0,0.0,2.255788,1.242202,-2.266753,0.0,0.0,2.522891,1.596962,-2.512343,0.0,0.0,0.950583,0.533796,-1.431361,0.0,0.0,1.069103,1.216737,-2.163200,0.0,0.0,1.032382,2.024106,-2.512672,0.0,0.0,0.899841,2.740101,-2.740648,0.0,0.0,0.395056,0.557267,-1.548886,0.0,0.0,0.313249,1.311175,-2.274509,0.0,0.0,0.269462,2.043268,-2.596854,0.0,0.0,0.229717,2.677954,-2.771963,0.0,0.0,-0.156452,0.607777,-1.654645,0.0,0.0,-0.451725,1.235673,-2.258475,0.0,0.0,-0.602346,1.709957,-2.518816,0.0,0.0,-0.713936,2.171230,-2.673961,0.0,0.0
v15.mp4,5239f79215d2b91df5766b4a5286bcdca785813e9671cda0a655095777e7c82c,1920,1080,12.08,157,13.0,70,5833,Right,0.975302,0.000000,0.000000,0.000000,0.0,0.0,0.879197,0.436883,-0.333372,0.0,0.0,1.576197,1.001230,-0.669895,0.0,0.0,2.069747,1.415081,-0.936442,0.0,0.0,2.602283,1.633841,-1.217972,0.0,0.0,1.448268,0.664723,-1.395917,0.0,0.0,1.897280,0.907940,-2.070248,0.0,0.0,2.276340,1.194740,-2.472828,0.0,0.0,2.584917,1.538399,-2.747955,0.0,0.0,0.941378,0.566030,-1.524147,0.0,0.0,0.990018,1.263629,-2.313200,0.0,0.0,0.957252,2.118518,-2.683281,0.0,0.0,0.817392,2.854605,-2.931803,0.0,0.0,0.384430,0.566842,-1.627522,0.0,0.0,0.254425,1.320910,-2.410206,0.0,0.0,0.217615,2.092184,-2.753224,0.0,0.0,0.174752,2.732304,-2.938573,0.0,0.0,-0.144954,0.602803,-1.720893,0.0,0.0,-0.469055,1.254901,-2.366359,0.0,0.0,-0.626757,1.762398,-2.646413,0.0,0.0,-0.740088,2.219597,-2.817022,0.0,0.0
v15.mp4,5239f79215d2b91df5766b4a5286bcdca785813e9671cda0a655095777e7c82c,1920,1080,12.08,157,13.0,71,5916,Right,0.978631,0.000000,0.000000,0.000000,0.0,0.0,0.902809,0.407864,-0.365910,0.0,0.0,1.627673,0.934457,-0.716005,0.0,0.0,2.139063,1.340943,-0.988749,0.0,0.0,2.677520,1.591419,-1.275886,0.0,0.0,1.443707,0.635763,-1.429526,0.0,0.0,1.871692,0.904150,-2.128823,0.0,0.0,2.249038,1.203251,-2.556706,0.0,0.0,2.577035,1.542855,-2.850327,0.0,0.0,0.912510,0.564457,-1.547207,0.0,0.0,0.950499,1.354074,-2.321639,0.0,0.0,0.889158,2.188679,-2.693276,0.0,0.0,0.760681,2.906166,-2.951527,0.0,0.0,0.350954,0.587644,-1.644255,0.0,0.0,0.250116,1.400151,-2.421761,0.0,0.0,0.209230,2.151266,-2.760833,0.0,0.0,0.178677,2.776745,-2.949531,0.0,0.0,-0.168672,0.623636,-1.734246,0.0,0.0,-0.484197,1.289319,-2.375747,0.0,0.0,-0.639909,1.809342,-2.648643,0.0,0.0,-0.761556,2.280464,-2.818578,0.0,0.0
v15.mp4,5239f79215d2b91df5766b4a5286bcdca785813e9671cda0a655095777e7c82c,1920,1080,12.08,157,13.0,72,6000,Right,0.956642,0.000000,0.000000,0.000000,0.0,0.0,0.828195,0.220966,-0.290250,0.0,0.0,1.559583,0.632452,-0.561126,0.0,0.0,2.085716,1.022085,-0.778042,0.0,0.0,2.614645,1.310870,-1.010989,0.0,0.0,1.406493,0.594728,-1.096388,0.0,0.0,1.706093,1.378399,-1.638237,0.0,0.0,1.905749,1.978605,-1.955119,0.0,0.0,2.026625,2.540874,-2.165558,0.0,0.0,0.887160,0.598447,-1.198192,0.0,0.0,0.883107,1.396457,-1.787471,0.0,0.0,0.819788,2.156050,-2.040756,0.0,0.0,0.712173,2.798236,-2.217303,0.0,0.0,0.314095,0.624204,-1.285175,0.0,0.0,0.221420,1.403485,-1.883455,0.0,0.0,0.180553,2.090186,-2.101455,0.0,0.0,0.161164,2.679294,-2.221760,0.0,0.0,-0.228640,0.642418,-1.368967,0.0,0.0,-0.476582,1.221885,-1.916239,0.0,0.0,-0.621303,1.690831,-2.121319,0.0,0.0,-0.731878,2.165326,-2.231562,0.0,0.0
v15.mp4,5239f79215d2b91df5766b4a5286bcdca785813e9671cda0a655095777e7c82c,1920,1080,12.08,157,13.0,73,6083,Right,0.938566,0.000000,0.000000,0.000000,0.0,0.0,0.832074,0.262420,-0.491933,0.0,0.0,1.560797,0.617308,-0.975841,0.0,0.0,2.044181,0.948306,-1.350801,0.0,0.0,2.593014,1.243847,-1.749916,0.0,0.0,1.387268,0.559243,-1.775711,0.0,0.0,1.680557,1.367180,-2.595014,0.0,0.0,1.856185,2.003489,-3.098996,0.0,0.0,1.960527,2.584936,-3.427883,0.0,0.0,0.824730,0.559806,-1.846570,0.0,0.0,0.827410,1.353099,-2.710422,0.0,0.0,0.742944,2.141026,-3.085554,0.0,0.0,0.630307,2.806704,-3.350737,0.0,0.0,0.242569,0.599350,-1.894348,0.0,0.0,0.162349,1.343887,-2.716823,0.0,0.0,0.115104,2.060701,-3.023694,0.0,0.0,0.081080,2.672228,-3.207051,0.0,0.0,-0.306978,0.646300,-1.941404,0.0,0.0,-0.567071,1.189682,-2.643562,0.0,0.0,-0.730199,1.655594,-2.918016,0.0,0.0,-0.855999,2.132045,-3.091914,0.0,0.0
v15.mp4,5239f79215d2b91df5766b4a5286bcdca785813e9671cda0a655095777e7c82c,1920,1080,12.08,157,13.0,74,6166,Right,0.972877,0.000000,0.000000,0.000000,0.0,0.0,0.812964,0.263357,-0.491932,0.0,0.0,1.486719,0.662755,-0.983061,0.0,0.0,1.952262,1.047426,-1.358144,0.0,0.0,2.490462,1.315081,-1.755968,0.0,0.0,1.374923,0.591925,-1.813077,0.0,0.0,1.664829,1.403815,-2.636908,0.0,0.0,1.840904,2.066756,-3.134421,0.0,0.0,1.930935,2.663030,-3.449128,0.0,0.0,0.843967,0.545618,-1.879366,0.0,0.0,0.818720,1.351033,-2.748770,0.0,0.0,0.706767,2.169455,-3.095761,0.0,0.0,0.549091,2.849830,-3.325920,0.0,0.0,0.256911,0.567648,-1.920755,0.0,0.0,0.160843,1.340204,-2.742237,0.0,0.0,0.094207,2.099062,-3.027099,0.0,0.0,0.024122,2.743215,-3.185213,0.0,0.0,-0.324291,0.629524,-1.960937,0.0,0.0,-0.615206,1.177779,-2.650197,0.0,0.0,-0.794267,1.649352,-2.904784,0.0,0.0,-0.931575,2.132893,-3.056051,0.0,0.0
v15.mp4,5239f79215d2b91df5766b4a5286bcdca785813e9671cda0a655095777e7c82c,1920,1080,12.08,157,13.0,75,6250,Right,0.976519,0.000000,0.000000,0.000000,0.0,0.0,0.827043,0.255918,-0.452722,0.0,0.0,1.496133,0.663052,-0.909624,0.0,0.0,1.955572,1.040937,-1.263911,0.0,0.0,2.476597,1.310504,-1.639559,0.0,0.0,1.370706,0.616310,-1.690866,0.0,0.0,1.658132,1.422369,-2.466710,0.0,0.0,1.836394,2.081718,-2.935752,0.0,0.0,1.921979,2.674917,-3.237505,0.0,0.0,0.833618,0.555557,-1.771603,0.0,0.0,0.776645,1.368741,-2.609409,0.0,0.0,0.680639,2.196362,-2.953099,0.0,0.0,0.549454,2.887411,-3.181308,0.0,0.0,0.241968,0.561705,-1.828409,0.0,0.0,0.119862,1.339439,-2.616468,0.0,0.0,0.071575,2.099155,-2.902643,0.0,0.0,0.025841,2.747024,-3.065243,0.0,0.0,-0.334821,0.604862,-1.883730,0.0,0.0,-0.654830,1.173101,-2.559195,0.0,0.0,-0.829746,1.651009,-2.820138,0.0,0.0,-0.954231,2.146132,-2.975019,0.0,0.0
v15.mp4,5239f79215d2b91df5766b4a5286bcdca785813e9671cda0a655095777e7c82c,1920,1080,12.08,157,13.0,76,6333,Right,0.962828,0.000000,0.000000,0.000000,0.0,0.0,0.841707,0.244017,-0.421291,0.0,0.0,1.538931,0.670140,-0.849966,0.0,0.0,2.027000,1.097205,-1.171825,0.0,0.0,2.587932,1.377188,-1.509251,0.0,0.0,1.381914,0.644058,-1.698174,0.0,0.0,1.705957,1.467551,-2.472270,0.0,0.0,1.929616,2.107832,-2.939522,0.0,0.0,2.065764,2.681860,-3.237597,0.0,0.0,0.853586,0.587903,-1.776610,0.0,0.0,0.710946,1.406453,-2.642347,0.0,0.0,0.648102,2.139249,-3.010370,0.0,0.0,0.556742,2.761617,-3.257192,0.0,0.0,0.276434,0.579342,-1.820361,0.0,0.0,0.055825,1.370592,-2.637733,0.0,0.0,0.028771,2.100027,-2.956507,0.0,0.0,0.009908,2.740529,-3.133160,0.0,0.0,-0.288177,0.616900,-1.852871,0.0,0.0,-0.630420,1.229088,-2.529362,0.0,0.0,-0.805076,1.716208,-2.792914,0.0,0.0,-0.915410,2.200604,-2.949710,0.0,0.0
v15.mp4,5239f79215d2b91df5766b4a5286bcdca785813e9671cda0a655095777e7c82c,1920,1080,12.08,157,13.0,77,6416,Right,0.937278,0.000000,0.000000,0.000000,0.0,0.0,0.800577,0.369581,-0.502824,0.0,0.0,1.532391,0.734418,-1.014433,0.0,0.0,1.964935,1.076908,-1.376229,0.0,0.0,2.448752,1.352068,-1.760539,0.0,0.0,1.382538,0.495674,-2.126850,0.0,0.0,1.746429,1.257121,-3.055528,0.0,0.0,1.900853,1.962474,-3.588509,0.0,0.0,1.962110,2.617983,-3.920474,0.0,0.0,0.854462,0.492728,-2.183425,0.0,0.0,0.958541,0.807144,-3.213912,0.0,0.0,0.928154,1.270834,-3.623299,0.0,0.0,0.794864,1.758642,-3.904038,0.0,0.0,0.293500,0.566543,-2.202447,0.0,0.0,0.243559,1.095210,-3.251457,0.0,0.0,0.207523,1.791416,-3.703475,0.0,0.0,0.163106,2.467923,-3.957439,0.0,0.0,-0.292778,0.735828,-2.188266,0.0,0.0,-0.458399,1.149652,-3.037054,0.0,0.0,-0.655034,1.579750,-3.399302,0.0,0.0,-0.782373,2.037905,-3.633203,0.0,0.0
v15.mp4,5239f79215d2b91df5766b4a5286bcdca785813e9671cda0a655095777e7c82c,1920,1080,12.08,157,13.0,78,6500,Right,0.900682,0.000000,0.000000,0.000000,0.0,0.0,0.814601,0.459795,-0.527904,0.0,0.0,1.546825,0.786873,-1.113154,0.0,0.0,1.966487,1.061545,-1.559700,0.0,0.0,2.483823,1.298640,-2.036326,0.0,0.0,1.428407,0.490195,-2.291304,0.0,0.0,1.792660,1.147701,-3.312510,0.0,0.0,1.949244,1.724039,-3.897232,0.0,0.0,1.979615,2.311055,-4.268160,0.0,0.0,0.882164,0.468619,-2.387989,0.0,0.0,1.076852,0.921241,-3.636637,0.0,0.0,1.158937,1.593835,-4.264513,0.0,0.0,1.125385,2.275107,-4.693540,0.0,0.0,0.315888,0.534333,-2.416091,0.0,0.0,0.269730,1.050954,-3.589321,0.0,0.0,0.270412,1.736786,-4.124015,0.0,0.0,0.233159,2.425080,-4.423158,0.0,0.0,-0.248295,0.680733,-2.410750,0.0,0.0,-0.439672,1.054467,-3.326649,0.0,0.0,-0.622803,1.469744,-3.738893,0.0,0.0,-0.702888,1.917331,-4.011466,0.0,0.0
v15.mp4,5239f79215d2b91df5766b4a5286bcdca785813e9671cda0a655095777e7c82c,1920,1080,12.08,157,13.0,79,6583,Right,0.927898,0.000000,0.000000,0.000000,0.0,0.0,0.840697,0.354588,-0.581728,0.0,0.0,1.560296,0.680744,-1.153917,0.0,0.0,1.991013,0.980595,-1.566076,0.0,0.0,2.541672,1.230614,-1.991917,0.0,0.0,1.418784,0.529390,-2.311247,0.0,0.0,1.763081,1.312320,-3.319964,0.0,0.0,1.886939,1.925468,-3.885799,0.0,0.0,1.922970,2.544694,-4.240090,0.0,0.0,0.858712,0.527444,-2.374965,0.0,0.0,1.052934,1.234347,-3.581253,0.0,0.0,1.198055,2.051331,-4.179117,0.0,0.0,1.249765,2.842015,-4.585409,0.0,0.0,0.310129,0.585083,-2.375044,0.0,0.0,0.215893,1.219357,-3.502012,0.0,0.0,0.209822,1.878206,-3.982434,0.0,0.0,0.206936,2.538161,-4.244494,0.0,0.0,-0.231604,0.715635,-2.353010,0.0,0.0,-0.486013,1.153477,-3.244757,0.0,0.0,-0.695529,1.560207,-3.613328,0.0,0.0,-0.765074,1.991609,-3.846497,0.0,0.0
v15.mp4,5239f79215d2b91df5766b4a5286bcdca785813e9671cda0a655095777e7c82c,1920,1080,12.08,157,13.0,80,6666,Right,0.918669,0.000000,0.000000,0.000000,0.0,0.0,0.824537,0.194207,-0.455464,0.0,0.0,1.538122,0.581402,-0.892695,0.0,0.0,2.044355,0.977847,-1.225341,0.0,0.0,2.615558,1.288468,-1.576121,0.0,0.0,1.360058,0.545869,-1.645885,0.0,0.0,1.693449,1.386162,-2.388667,0.0,0.0,1.882751,2.035567,-2.837060,0.0,0.0,1.999887,2.621662,-3.132753,0.0,0.0,0.801533,0.568223,-1.715215,0.0,0.0,0.853716,1.375736,-2.506564,0.0,0.0,0.798487,2.169468,-2.841503,0.0,0.0,0.721710,2.822356,-3.077541,0.0,0.0,0.221318,0.635237,-1.762335,0.0,0.0,0.165896,1.402486,-2.517543,0.0,0.0,0.130048,2.139917,-2.797730,0.0,0.0,0.131387,2.759107,-2.968856,0.0,0.0,-0.326421,0.706520,-1.809790,0.0,0.0,-0.605964,1.255853,-2.476096,0.0,0.0,-0.783625,1.714750,-2.739262,0.0,0.0,-0.904326,2.195032,-2.902356,0.0,0.0
v15.mp4,5239f79215d2b91df5766b4a5286bcdca785813e9671cda0a655095777e7c82c,1920,1080,12.08,157,13.0,81,6750,Right,0.953989,0.000000,0.000000,0.000000,0.0,0.0,0.838068,0.203914,-0.498931,0.0,0.0,1.530116,0.570629,-0.976881,0.0,0.0,1.984438,0.968588,-1.326542,0.0,0.0,2.524023,1.265997,-1.689676,0.0,0.0,1.345662,0.565007,-1.804743,0.0,0.0,1.648611,1.403375,-2.608147,0.0,0.0,1.831573,2.055957,-3.092742,0.0,0.0,1.935186,2.643987,-3.400676,0.0,0.0,0.788305,0.582365,-1.841259,0.0,0.0,0.791984,1.370652,-2.680784,0.0,0.0,0.739682,2.166551,-3.015656,0.0,0.0,0.635055,2.828851,-3.245322,0.0,0.0,0.198706,0.619566,-1.850082,0.0,0.0,0.107987,1.354689,-2.662099,0.0,0.0,0.075569,2.078858,-2.948608,0.0,0.0,0.049218,2.707063,-3.110623,0.0,0.0,-0.362547,0.669506,-1.853592,0.0,0.0,-0.652910,1.183536,-2.557949,0.0,0.0,-0.846329,1.630832,-2.821626,0.0,0.0,-0.988947,2.100161,-2.978135,0.0,0.0
v15.mp4,5239f79215d2b91df5766b4a5286bcdca785813e9671cda0a655095777e7c82c,1920,1080,12.08,157,13.0,82,6833,Right,0.964567,0.000000,0.000000,0.000000,0.0,0.0,0.836356,0.238616,-0.529698,0.0,0.0,1.506467,0.594405,-1.072484,0.0,0.0,1.916780,0.974532,-1.474033,0.0,0.0,2.439993,1.270065,-1.895495,0.0,0.0,1.334136,0.580463,-1.991410,0.0,0.0,1.618354,1.395478,-2.861090,0.0,0.0,1.795815,2.042759,-3.387729,0.0,0.0,1.894689,2.622525,-3.722381,0.0,0.0,0.765360,0.575609,-2.026247,0.0,0.0,0.769975,1.351596,-2.956722,0.0,0.0,0.735628,2.140332,-3.349449,0.0,0.0,0.646665,2.805735,-3.624322,0.0,0.0,0.169887,0.590041,-2.020651,0.0,0.0,0.059181,1.316267,-2.898072,0.0,0.0,0.047791,2.040163,-3.217725,0.0,0.0,0.022706,2.661867,-3.403684,0.0,0.0,-0.403936,0.627503,-2.004771,0.0,0.0,-0.689126,1.166328,-2.741064,0.0,0.0,-0.885028,1.629670,-3.018838,0.0,0.0,-1.022714,2.094625,-3.192940,0.0,0.0
v15.mp4,5239f79215d2b91df5766b4a5286bcdca785813e9671cda0a655095777e7c82c,1920,1080,12.08,157,13.0,83,6916,Right,0.964483,0.000000,0.000000,0.000000,0.0,0.0,0.816919,0.257117,-0.516454,0.0,0.0,1.478103,0.663403,-1.033180,0.0,0.0,1.896936,1.086140,-1.414512,0.0,0.0,2.430499,1.390302,-1.812962,0.0,0.0,1.328556,0.640751,-1.920250,0.0,0.0,1.633262,1.417025,-2.761464,0.0,0.0,1.832465,2.067495,-3.273017,0.0,0.0,1.950106,2.643282,-3.594043,0.0,0.0,0.770326,0.590820,-1.957497,0.0,0.0,0.735847,1.335743,-2.855309,0.0,0.0,0.669886,2.133401,-3.225273,0.0,0.0,0.549545,2.797189,-3.477079,0.0,0.0,0.175806,0.582721,-1.958648,0.0,0.0,0.051536,1.313172,-2.804018,0.0,0.0,0.024422,2.061204,-3.102256,0.0,0.0,-0.023643,2.697485,-3.269207,0.0,0.0,-0.397670,0.612567,-1.952519,0.0,0.0,-0.716674,1.204478,-2.650366,0.0,0.0,-0.921388,1.690203,-2.901664,0.0,0.0,-1.068276,2.169976,-3.053023,0.0,0.0
v15.mp4,5239f79215d2b91df5766b4a5286bcdca785813e9671cda0a655095777e7c82c,1920,1080,12.08,157,13.0,84,7000,Right,0.985651,0.000000,0.000000,0.000000,0.0,0.0,0.825445,0.345358,-0.469648,0.0,0.0,1.478085,0.687191,-1.033728,0.0,0.0,1.827868,1.059683,-1.455742,0.0,0.0,2.315243,1.346607,-1.902214,0.0,0.0,1.421042,0.561210,-2.199238,0.0,0.0,1.779771,1.163886,-3.201300,0.0,0.0,1.973408,1.789380,-3.808666,0.0,0.0,2.051937,2.377432,-4.189533,0.0,0.0,0.922770,0.498217,-2.300825,0.0,0.0,1.098986,0.983406,-3.474512,0.0,0.0,1.137987,1.754892,-4.055581,0.0,0.0,1.024192,2.454447,-4.454302,0.0,0.0,0.358863,0.494436,-2.333152,0.0,0.0,0.299595,1.000294,-3.415118,0.0,0.0,0.289045,1.689997,-3.906927,0.0,0.0,0.185799,2.329761,-4.189014,0.0,0.0,-0.257724,0.589679,-2.331477,0.0,0.0,-0.539678,1.052979,-3.175506,0.0,0.0,-0.744832,1.494129,-3.553693,0.0,0.0,-0.869579,1.920778,-3.806661,0.0,0.0
v15.mp4,5239f79215d2b91df5766b4a5286bcdca785813e9671cda0a655095777e7c82c,1920,1080,12.08,157,13.0,85,7083,Right,0.97142,0.000000,0.000000,0.000000,0.0,0.0,0.785507,0.422175,-0.487624,0.0,0.0,1.472508,0.772684,-1.036608,0.0,0.0,1.847190,1.068156,-1.464419,0.0,0.0,2.349452,1.301843,-1.919499,0.0,0.0,1.417455,0.498298,-2.090179,0.0,0.0,1.809892,1.067655,-3.030544,0.0,0.0,2.025808,1.646987,-3.581958,0.0,0.0,2.120829,2.243169,-3.934252,0.0,0.0,0.899430,0.465744,-2.207882,0.0,0.0,1.241870,0.911488,-3.387947,0.0,0.0,1.440982,1.684389,-4.024739,0.0,0.0,1.491334,2.475616,-4.452843,0.0,0.0,0.331227,0.529893,-2.255261,0.0,0.0,0.262857,1.070915,-3.329778,0.0,0.0,0.247064,1.777472,-3.821552,0.0,0.0,0.200931,2.481253,-4.094943,0.0,0.0,-0.261702,0.665959,-2.279029,0.0,0.0,-0.480026,1.069591,-3.112904,0.0,0.0,-0.669095,1.492101,-3.474049,0.0,0.0,-0.739977,1.944238,-3.707282,0.0,0.0
v15.mp4,5239f79215d2b91df5766b4a5286bcdca785813e9671cda0a655095777e7c82c,1920,1080,12.08,157,13.0,86,7166,Right,0.954307,0.000000,0.000000,0.000000,0.0,0.0,0.875242,0.268770,-0.431449,0.0,0.0,1.549116,0.622749,-0.930400,0.0,0.0,1.986159,1.010961,-1.313705,0.0,0.0,2.534762,1.262107,-1.712994,0.0,0.0,1.381998,0.625434,-1.963942,0.0,0.0,1.755615,1.419766,-2.849279,0.0,0.0,1.925486,2.036182,-3.348119,0.0,0.0,2.010673,2.616656,-3.659851,0.0,0.0,0.849866,0.602864,-2.082198,0.0,0.0,0.998597,1.384179,-3.142266,0.0,0.0,1.100287,2.265410,-3.652414,0.0,0.0,1.104405,3.063360,-3.991844,0.0,0.0,0.300001,0.614634,-2.140349,0.0,0.0,0.200865,1.282414,-3.135978,0.0,0.0,0.197761,1.991833,-3.558832,0.0,0.0,0.203515,2.655013,-3.784882,0.0,0.0,-0.259231,0.689839,-2.172484,0.0,0.0,-0.541589,1.176852,-2.957081,0.0,0.0,-0.748288,1.619153,-3.262908,0.0,0.0,-0.831990,2.063227,-3.448739,0.0,0.0
v15.mp4,5239f79215d2b91df5766b4a5286bcdca785813e9671cda0a655095777e7c82c,1920,1080,12.08,157,13.0,87,7250,Right,0.946739,0.000000,0.000000,0.000000,0.0,0.0,0.820999,0.188247,-0.372898,0.0,0.0,1.557173,0.589487,-0.700078,0.0,0.0,2.065465,1.001038,-0.933227,0.0,0.0,2.626507,1.286047,-1.171801,0.0,0.0,1.365470,0.580025,-1.340197,0.0,0.0,1.700015,1.433858,-1.946916,0.0,0.0,1.904947,2.069351,-2.310035,0.0,0.0,2.043352,2.623969,-2.543997,0.0,0.0,0.810789,0.601146,-1.388071,0.0,0.0,0.838027,1.451372,-1.996449,0.0,0.0,0.813036,2.217755,-2.235263,0.0,0.0,0.749760,2.834610,-2.406886,0.0,0.0,0.226083,0.634803,-1.418229,0.0,0.0,0.132856,1.429888,-2.021165,0.0,0.0,0.114194,2.146495,-2.226214,0.0,0.0,0.114576,2.748397,-2.345808,0.0,0.0,-0.315776,0.668072,-1.447408,0.0,0.0,-0.566343,1.237680,-1.997792,0.0,0.0,-0.733321,1.693734,-2.191320,0.0,0.0,-0.868474,2.147946,-2.298896,0.0,0.0
v15.mp4,5239f79215d2b91df5766b4a5286bcdca785813e9671cda0a655095777e7c82c,1920,1080,12.08,157,13.0,88,7333,Right,0.96631,0.000000,0.000000,0.000000,0.0,0.0,0.818910,0.218361,-0.469447,0.0,0.0,1.518998,0.597492,-0.897515,0.0,0.0,1.968501,0.983817,-1.208177,0.0,0.0,2.487615,1.253416,-1.527303,0.0,0.0,1.342766,0.570790,-1.646963,0.0,0.0,1.644700,1.401195,-2.377322,0.0,0.0,1.830432,2.035648,-2.811250,0.0,0.0,1.945449,2.603831,-3.084290,0.0,0.0,0.780657,0.578931,-1.681702,0.0,0.0,0.774904,1.403387,-2.446643,0.0,0.0,0.739916,2.204050,-2.751910,0.0,0.0,0.653678,2.863684,-2.957568,0.0,0.0,0.184587,0.609130,-1.691997,0.0,0.0,0.068210,1.356789,-2.432278,0.0,0.0,0.051218,2.079919,-2.685838,0.0,0.0,0.048267,2.707125,-2.825375,0.0,0.0,-0.376685,0.653462,-1.700651,0.0,0.0,-0.667263,1.202412,-2.346727,0.0,0.0,-0.852000,1.666993,-2.576515,0.0,0.0,-0.991893,2.140387,-2.706445,0.0,0.0
v15.mp4,5239f79215d2b91df5766b4a5286bcdca785813e9671cda0a655095777e7c82c,1920,1080,12.08,157,13.0,89,7416,Right,0.968414,0.000000,0.000000,0.000000,0.0,0.0,0.844656,0.243208,-0.499020,0.0,0.0,1.510544,0.591100,-1.017194,0.0,0.0,1.914505,0.979694,-1.403452,0.0,0.0,2.436486,1.244469,-1.806796,0.0,0.0,1.355832,0.561212,-1.914340,0.0,0.0,1.625580,1.390903,-2.759450,0.0,0.0,1.819653,2.032780,-3.267733,0.0,0.0,1.938183,2.608762,-3.589551,0.0,0.0,0.794234,0.539229,-1.961276,0.0,0.0,0.789116,1.355628,-2.890268,0.0,0.0,0.769072,2.164249,-3.291749,0.0,0.0,0.682931,2.841210,-3.564595,0.0,0.0,0.190002,0.552775,-1.964169,0.0,0.0,0.078542,1.303753,-2.836138,0.0,0.0,0.067647,2.037972,-3.149763,0.0,0.0,0.043095,2.670021,-3.324270,0.0,0.0,-0.390495,0.599644,-1.955392,0.0,0.0,-0.683244,1.148084,-2.681871,0.0,0.0,-0.876164,1.616968,-2.947943,0.0,0.0,-1.007040,2.084961,-3.107953,0.0,0.0
v15.mp4,5239f79215d2b91df5766b4a5286bcdca785813e9671cda0a655095777e7c82c,1920,1080,12.08,157,13.0,90,7500,Right,0.953929,0.000000,0.000000,0.000000,0.0,0.0,0.854492,0.258377,-0.512715,0.0,0.0,1.524095,0.611126,-1.036982,0.0,0.0,1.927538,1.001847,-1.417946,0.0,0.0,2.435489,1.279361,-1.811711,0.0,0.0,1.359062,0.565641,-2.000206,0.0,0.0,1.673054,1.351410,-2.885964,0.0,0.0,1.864723,2.001346,-3.415545,0.0,0.0,1.977635,2.580180,-3.741764,0.0,0.0,0.793801,0.537508,-2.042557,0.0,0.0,0.824234,1.287288,-2.982644,0.0,0.0,0.826649,2.089886,-3.367089,0.0,0.0,0.756830,2.761635,-3.626111,0.0,0.0,0.198790,0.558149,-2.045181,0.0,0.0,0.081588,1.271711,-2.939368,0.0,0.0,0.076824,2.031508,-3.267336,0.0,0.0,0.051963,2.689755,-3.446053,0.0,0.0,-0.375950,0.630006,-2.035436,0.0,0.0,-0.701386,1.150147,-2.765348,0.0,0.0,-0.899784,1.626517,-3.037863,0.0,0.0,-1.027155,2.101580,-3.202780,0.0,0.0
v15.mp4,5239f79215d2b91df5766b4a5286bcdca785813e9671cda0a655095777e7c82c,1920,1080,12.08,157,13.0,91,7583,Right,0.937581,0.000000,0.000000,0.000000,0.0,0.0,0.836987,0.232691,-0.520867,0.0,0.0,1.521661,0.587784,-1.029360,0.0,0.0,1.955782,0.962782,-1.400904,0.0,0.0,2.482923,1.245276,-1.786790,0.0,0.0,1.359831,0.541445,-1.903927,0.0,0.0,1.676563,1.361732,-2.732546,0.0,0.0,1.883571,2.013578,-3.225650,0.0,0.0,2.015109,2.595458,-3.537055,0.0,0.0,0.783583,0.521635,-1.938383,0.0,0.0,0.821841,1.319016,-2.815521,0.0,0.0,0.814453,2.137809,-3.169239,0.0,0.0,0.747251,2.821118,-3.409914,0.0,0.0,0.177780,0.550874,-1.939949,0.0,0.0,0.065987,1.289942,-2.765920,0.0,0.0,0.056353,2.043562,-3.050208,0.0,0.0,0.037069,2.693480,-3.210086,0.0,0.0,-0.393643,0.609847,-1.938115,0.0,0.0,-0.715803,1.147192,-2.639886,0.0,0.0,-0.907062,1.621051,-2.897165,0.0,0.0,-1.035350,2.105875,-3.050618,0.0,0.0
v15.mp4,5239f79215d2b91df5766b4a5286bcdca785813e9671cda0a655095777e7c82c,1920,1080,12.08,157,13.0,92,7666,Right,0.968628,0.000000,0.000000,0.000000,0.0,0.0,0.880985,0.239950,-0.511198,0.0,0.0,1.598521,0.648630,-0.979881,0.0,0.0,2.062457,1.078369,-1.327307,0.0,0.0,2.590878,1.376999,-1.692965,0.0,0.0,1.370891,0.596425,-1.776351,0.0,0.0,1.930480,0.958822,-2.531306,0.0,0.0,2.371734,1.225014,-2.946312,0.0,0.0,2.729889,1.495622,-3.222542,0.0,0.0,0.827621,0.590263,-1.835549,0.0,0.0,0.940844,1.328975,-2.718925,0.0,0.0,0.907216,2.162719,-3.096007,0.0,0.0,0.778021,2.890017,-3.336322,0.0,0.0,0.245592,0.623552,-1.867013,0.0,0.0,0.136759,1.310166,-2.725916,0.0,0.0,0.121805,2.067306,-3.065969,0.0,0.0,0.091062,2.738198,-3.245616,0.0,0.0,-0.303651,0.665502,-1.893513,0.0,0.0,-0.651999,1.219497,-2.600511,0.0,0.0,-0.836654,1.704430,-2.884418,0.0,0.0,-0.979255,2.183317,-3.054458,0.0,0.0
v15.mp4,5239f79215d2b91df5766b4a5286bcdca785813e9671cda0a655095777e7c82c,1920,1080,12.08,157,13.0,93,7750,Right,0.967232,0.000000,0.000000,0.000000,0.0,0.0,0.902739,0.368528,-0.465928,0.0,0.0,1.642753,0.773031,-0.949786,0.0,0.0,2.147037,1.111669,-1.306657,0.0,0.0,2.743843,1.370809,-1.693481,0.0,0.0,1.380804,0.581415,-1.924151,0.0,0.0,1.926323,0.481725,-2.794223,0.0,0.0,2.347359,0.669763,-3.324804,0.0,0.0,2.654078,0.931852,-3.668116,0.0,0.0,0.822511,0.554299,-1.998812,0.0,0.0,0.932300,1.259566,-2.930807,0.0,0.0,0.925407,2.058231,-3.394999,0.0,0.0,0.818680,2.708951,-3.720058,0.0,0.0,0.230652,0.606048,-2.027702,0.0,0.0,0.133950,1.308537,-2.967192,0.0,0.0,0.145249,2.073858,-3.438224,0.0,0.0,0.123480,2.702796,-3.709989,0.0,0.0,-0.300366,0.685547,-2.028086,0.0,0.0,-0.598630,1.195630,-2.767200,0.0,0.0,-0.768022,1.652986,-3.097686,0.0,0.0,-0.904921,2.078265,-3.317039,0.0,0.0
v15.mp4,5239f79215d2b91df5766b4a5286bcdca785813e9671cda0a655095777e7c82c,1920,1080,12.08,157,13.0,94,7833,Right,0.956672,0.000000,0.000000,0.000000,0.0,0.0,0.902998,0.274078,-0.415427,0.0,0.0,1.665710,0.713008,-0.859807,0.0,0.0,2.188738,1.080096,-1.215961,0.0,0.0,2.760386,1.393356,-1.609909,0.0,0.0,1.375057,0.567068,-1.697963,0.0,0.0,1.908339,0.762762,-2.471483,0.0,0.0,2.335718,0.997531,-2.911264,0.0,0.0,2.667535,1.254520,-3.204411,0.0,0.0,0.831547,0.573986,-1.813046,0.0,0.0,0.957820,1.343656,-2.685090,0.0,0.0,0.917738,2.157697,-3.087076,0.0,0.0,0.820306,2.841869,-3.356372,0.0,0.0,0.249982,0.642647,-1.895998,0.0,0.0,0.197637,1.366402,-2.778487,0.0,0.0,0.184975,2.136086,-3.184180,0.0,0.0,0.164674,2.781081,-3.411324,0.0,0.0,-0.288401,0.700990,-1.958303,0.0,0.0,-0.575182,1.256780,-2.678586,0.0,0.0,-0.735959,1.719108,-2.994182,0.0,0.0,-0.868442,2.167416,-3.196435,0.0,0.0
v15.mp4,5239f79215d2b91df5766b4a5286bcdca785813e9671cda0a655095777e7c82c,1920,1080,12.08,157,13.0,95,7916,Right,0.941763,0.000000,0.000000,0.000000,0.0,0.0,0.820812,0.198147,-0.381295,0.0,0.0,1.542471,0.648061,-0.706212,0.0,0.0,2.040571,1.066372,-0.940954,0.0,0.0,2.586595,1.321197,-1.188217,0.0,0.0,1.382455,0.563946,-1.343222,0.0,0.0,1.727797,1.124032,-1.933850,0.0,0.0,1.944895,1.553939,-2.275986,0.0,0.0,2.123669,1.978108,-2.504218,0.0,0.0,0.828912,0.562770,-1.411349,0.0,0.0,0.891144,1.316442,-2.079623,0.0,0.0,0.853387,2.070021,-2.395226,0.0,0.0,0.767050,2.725115,-2.609053,0.0,0.0,0.244172,0.608203,-1.455149,0.0,0.0,0.178841,1.332316,-2.127466,0.0,0.0,0.153169,2.066659,-2.413666,0.0,0.0,0.159039,2.724331,-2.577322,0.0,0.0,-0.305288,0.657483,-1.492357,0.0,0.0,-0.578665,1.212053,-2.076860,0.0,0.0,-0.751791,1.668197,-2.309340,0.0,0.0,-0.876623,2.144238,-2.446652,0.0,0.0
v15.mp4,5239f79215d2b91df5766b4a5286bcdca785813e9671cda0a655095777e7c82c,1920,1080,12.08,157,13.0,96,8000,Right,0.910523,0.000000,0.000000,0.000000,0.0,0.0,0.818028,0.172200,-0.440157,0.0,0.0,1.561362,0.553200,-0.813394,0.0,0.0,2.098459,0.975811,-1.084481,0.0,0.0,2.665909,1.315368,-1.364369,0.0,0.0,1.373696,0.522570,-1.414112,0.0,0.0,1.606112,1.418760,-2.064281,0.0,0.0,1.720663,2.072064,-2.447162,0.0,0.0,1.773395,2.642512,-2.694175,0.0,0.0,0.792100,0.569668,-1.446419,0.0,0.0,0.866594,1.412880,-2.117673,0.0,0.0,0.847480,2.216913,-2.390413,0.0,0.0,0.782648,2.874327,-2.580693,0.0,0.0,0.203557,0.631035,-1.468498,0.0,0.0,0.160720,1.392142,-2.123368,0.0,0.0,0.151568,2.120750,-2.352536,0.0,0.0,0.161630,2.744044,-2.483929,0.0,0.0,-0.323176,0.683826,-1.495561,0.0,0.0,-0.597954,1.211656,-2.107970,0.0,0.0,-0.752186,1.662018,-2.345580,0.0,0.0,-0.865650,2.139369,-2.477541,0.0,0.0
v15.mp4,5239f79215d2b91df5766b4a5286bcdca785813e9671cda0a655095777e7c82c,1920,1080,12.08,157,13.0,97,8083,Right,0.942925,0.000000,0.000000,0.000000,0.0,0.0,0.830423,0.158254,-0.554858,0.0,0.0,1.562951,0.521766,-1.028456,0.0,0.0,2.070337,0.948066,-1.367953,0.0,0.0,2.622774,1.273900,-1.713816,0.0,0.0,1.355221,0.525428,-1.742493,0.0,0.0,1.618720,1.413590,-2.526228,0.0,0.0,1.737695,2.076489,-2.991901,0.0,0.0,1.796567,2.645998,-3.283647,0.0,0.0,0.773187,0.567992,-1.744525,0.0,0.0,0.803281,1.396738,-2.562250,0.0,0.0,0.786720,2.205185,-2.886257,0.0,0.0,0.728497,2.855282,-3.103203,0.0,0.0,0.182493,0.627194,-1.733808,0.0,0.0,0.097558,1.363035,-2.512594,0.0,0.0,0.089219,2.095945,-2.775933,0.0,0.0,0.103148,2.720050,-2.919023,0.0,0.0,-0.353603,0.694089,-1.729778,0.0,0.0,-0.629877,1.222946,-2.411022,0.0,0.0,-0.797690,1.673681,-2.663046,0.0,0.0,-0.919406,2.141899,-2.805841,0.0,0.0
v15.mp4,5239f79215d2b91df5766b4a5286bcdca785813e9671cda0a655095777e7c82c,1920,1080,12.08,157,13.0,98,8166,Right,0.973744,0.000000,0.000000,0.000000,0.0,0.0,0.853744,0.225918,-0.577478,0.0,0.0,1.553832,0.651052,-1.058203,0.0,0.0,2.003306,1.097605,-1.389665,0.0,0.0,2.519462,1.404482,-1.722214,0.0,0.0,1.352129,0.652006,-1.864732,0.0,0.0,1.594175,1.440769,-2.703046,0.0,0.0,1.713044,2.124253,-3.214613,0.0,0.0,1.737678,2.713475,-3.526464,0.0,0.0,0.776305,0.590429,-1.866530,0.0,0.0,0.655884,1.266923,-2.749904,0.0,0.0,0.582398,2.084697,-3.109987,0.0,0.0,0.462444,2.747186,-3.349624,0.0,0.0,0.197308,0.583873,-1.852585,0.0,0.0,0.041294,1.258768,-2.710790,0.0,0.0,0.004233,2.022944,-3.034610,0.0,0.0,-0.023573,2.673251,-3.203000,0.0,0.0,-0.352746,0.638837,-1.840081,0.0,0.0,-0.670729,1.211855,-2.557100,0.0,0.0,-0.868478,1.703017,-2.830091,0.0,0.0,-0.994294,2.179388,-2.983111,0.0,0.0
v15.mp4,5239f79215d2b91df5766b4a5286bcdca785813e9671cda0a655095777e7c82c,1920,1080,12.08,157,13.0,99,8250,Right,0.972984,0.000000,0.000000,0.000000,0.0,0.0,0.784669,0.262956,-0.521569,0.0,0.0,1.471144,0.716325,-0.919010,0.0,0.0,1.931610,1.233928,-1.196682,0.0,0.0,2.444239,1.498080,-1.451893,0.0,0.0,1.390822,0.500665,-1.539907,0.0,0.0,1.670127,1.256007,-2.252505,0.0,0.0,1.776646,1.933541,-2.640390,0.0,0.0,1.812563,2.528014,-2.850825,0.0,0.0,0.861420,0.411383,-1.511248,0.0,0.0,0.944288,0.815143,-2.239797,0.0,0.0,0.906959,1.529103,-2.446759,0.0,0.0,0.775655,2.135208,-2.556160,0.0,0.0,0.253577,0.436828,-1.486496,0.0,0.0,0.154397,0.924226,-2.229945,0.0,0.0,0.105829,1.663686,-2.439354,0.0,0.0,0.020015,2.303003,-2.502781,0.0,0.0,-0.368601,0.585219,-1.472064,0.0,0.0,-0.591934,1.191245,-2.088035,0.0,0.0,-0.758973,1.695388,-2.298224,0.0,0.0,-0.893479,2.179895,-2.387716,0.0,0.0
v15.mp4,5239f79215d2b91df5766b4a5286bcdca785813e9671cda0a655095777e7c82c,1920,1080,12.08,157,13.0,100,8333,Right,0.934614,0.000000,0.000000,0.000000,0.0,0.0,0.819202,0.336400,-0.419335,0.0,0.0,1.507459,0.749248,-0.839415,0.0,0.0,2.004597,1.146523,-1.170923,0.0,0.0,2.559482,1.427468,-1.504146,0.0,0.0,1.386190,0.548991,-1.605550,0.0,0.0,1.677289,1.326817,-2.357892,0.0,0.0,1.786604,1.988355,-2.767344,0.0,0.0,1.829739,2.565384,-3.009733,0.0,0.0,0.841999,0.438625,-1.694205,0.0,0.0,0.909448,0.812196,-2.524043,0.0,0.0,0.864259,1.598979,-2.825580,0.0,0.0,0.713565,2.282245,-3.009352,0.0,0.0,0.226451,0.428868,-1.765580,0.0,0.0,0.209245,0.849055,-2.636258,0.0,0.0,0.182289,1.652500,-2.939518,0.0,0.0,0.131781,2.361656,-3.070115,0.0,0.0,-0.382280,0.543852,-1.826574,0.0,0.0,-0.564445,1.182049,-2.580689,0.0,0.0,-0.785188,1.744935,-2.844981,0.0,0.0,-0.938823,2.273843,-2.969348,0.0,0.0
v15.mp4,5239f79215d2b91df5766b4a5286bcdca785813e9671cda0a655095777e7c82c,1920,1080,12.08,157,13.0,101,8416,Right,0.9067,0.000000,0.000000,0.000000,0.0,0.0,0.811198,0.174479,-0.361209,0.0,0.0,1.497191,0.612292,-0.718240,0.0,0.0,1.999520,1.024158,-0.985923,0.0,0.0,2.596748,1.292876,-1.272653,0.0,0.0,1.361705,0.513099,-1.500859,0.0,0.0,1.647538,1.402344,-2.151561,0.0,0.0,1.774784,2.050776,-2.513650,0.0,0.0,1.822131,2.610636,-2.734356,0.0,0.0,0.792274,0.490741,-1.589163,0.0,0.0,0.800030,1.186711,-2.275714,0.0,0.0,0.786082,1.938444,-2.532730,0.0,0.0,0.722730,2.536701,-2.702931,0.0,0.0,0.177232,0.520875,-1.645959,0.0,0.0,0.113725,1.196916,-2.344107,0.0,0.0,0.161582,1.921170,-2.586846,0.0,0.0,0.240592,2.545963,-2.727555,0.0,0.0,-0.407421,0.597295,-1.690847,0.0,0.0,-0.810170,1.019883,-2.312386,0.0,0.0,-1.083347,1.374930,-2.498567,0.0,0.0,-1.278714,1.742560,-2.593425,0.0,0.0
v15.mp4,5239f79215d2b91df5766b4a5286bcdca785813e9671cda0a655095777e7c82c,1920,1080,12.08,157,13.0,102,8500,Right,0.965166,0.000000,0.000000,0.000000,0.0,0.0,0.853114,0.154090,-0.367956,0.0,0.0,1.530853,0.553294,-0.716821,0.0,0.0,1.976088,0.928122,-0.976402,0.0,0.0,2.494457,1.188519,-1.254013,0.0,0.0,1.367695,0.512131,-1.433115,0.0,0.0,1.568103,1.290278,-2.067670,0.0,0.0,1.692979,1.887433,-2.428341,0.0,0.0,1.733070,2.421389,-2.650589,0.0,0.0,0.783715,0.515825,-1.508325,0.0,0.0,0.799782,1.184525,-2.160184,0.0,0.0,0.794948,1.878374,-2.432679,0.0,0.0,0.727474,2.450654,-2.622747,0.0,0.0,0.181485,0.546095,-1.557190,0.0,0.0,0.161248,1.157493,-2.243909,0.0,0.0,0.207204,1.799694,-2.546223,0.0,0.0,0.258948,2.362348,-2.730159,0.0,0.0,-0.390407,0.606665,-1.591363,0.0,0.0,-0.727176,0.958783,-2.207377,0.0,0.0,-0.971225,1.271060,-2.445844,0.0,0.0,-1.158384,1.596512,-2.588223,0.0,0.0
v15.mp4,5239f79215d2b91df5766b4a5286bcdca785813e9671cda0a655095777e7c82c,1920,1080,12.08,157,13.0,103,8583,Right,0.960172,0.000000,0.000000,0.000000,0.0,0.0,0.852680,0.151272,-0.277574,0.0,0.0,1.506713,0.573867,-0.574716,0.0,0.0,1.952243,0.976414,-0.798338,0.0,0.0,2.443565,1.273618,-1.039252,0.0,0.0,1.392577,0.540944,-1.291829,0.0,0.0,1.630470,1.328370,-1.862259,0.0,0.0,1.763680,1.891323,-2.185184,0.0,0.0,1.816078,2.408061,-2.388939,0.0,0.0,0.858282,0.544192,-1.390677,0.0,0.0,0.869734,1.224963,-2.001910,0.0,0.0,0.900357,1.816540,-2.267464,0.0,0.0,0.849785,2.309122,-2.453072,0.0,0.0,0.264297,0.573379,-1.454077,0.0,0.0,0.198720,1.222194,-2.100182,0.0,0.0,0.251768,1.825518,-2.393883,0.0,0.0,0.299423,2.361943,-2.573971,0.0,0.0,-0.303492,0.628947,-1.495097,0.0,0.0,-0.653622,0.937949,-2.070531,0.0,0.0,-0.887020,1.215063,-2.291206,0.0,0.0,-1.062156,1.514669,-2.422075,0.0,0.0
v15.mp4,5239f79215d2b91df5766b4a5286bcdca785813e9671cda0a655095777e7c82c,1920,1080,12.08,157,13.0,104,8666,Right,0.945061,0.000000,0.000000,0.000000,0.0,0.0,0.860429,0.211683,-0.428874,0.0,0.0,1.557817,0.611358,-0.834758,0.0,0.0,2.028447,1.006165,-1.137714,0.0,0.0,2.530406,1.299959,-1.446150,0.0,0.0,1.399613,0.551671,-1.632173,0.0,0.0,1.686776,1.362305,-2.371552,0.0,0.0,1.780971,1.977768,-2.787453,0.0,0.0,1.789546,2.530740,-3.042462,0.0,0.0,0.878473,0.521376,-1.699788,0.0,0.0,0.950838,1.077805,-2.515968,0.0,0.0,0.946440,1.704260,-2.859967,0.0,0.0,0.856447,2.237298,-3.087925,0.0,0.0,0.304470,0.561755,-1.741457,0.0,0.0,0.244607,1.111998,-2.567741,0.0,0.0,0.271956,1.790767,-2.920762,0.0,0.0,0.303168,2.411062,-3.115548,0.0,0.0,-0.273492,0.669201,-1.769754,0.0,0.0,-0.550527,1.205048,-2.473421,0.0,0.0,-0.744702,1.629922,-2.760740,0.0,0.0,-0.857356,2.056881,-2.930474,0.0,0.0
v15.mp4,5239f79215d2b91df5766b4a5286bcdca785813e9671cda0a655095777e7c82c,1920,1080,12.08,157,13.0,105,8750,Right,0.976928,0.000000,0.000000,0.000000,0.0,0.0,0.816546,0.296392,-0.251452,0.0,0.0,1.503367,0.819739,-0.533591,0.0,0.0,1.887484,1.252801,-0.773244,0.0,0.0,2.329682,1.514706,-1.027605,0.0,0.0,1.504417,0.457252,-1.210408,0.0,0.0,1.948481,0.972493,-1.773730,0.0,0.0,2.230910,1.393886,-2.088962,0.0,0.0,2.475690,1.829303,-2.299834,0.0,0.0,1.019600,0.375995,-1.372882,0.0,0.0,1.389801,0.677269,-2.091777,0.0,0.0,1.632974,1.199540,-2.474107,0.0,0.0,1.778724,1.741457,-2.728209,0.0,0.0,0.453119,0.428877,-1.500380,0.0,0.0,0.506974,0.941935,-2.240224,0.0,0.0,0.543102,1.573471,-2.613718,0.0,0.0,0.557488,2.172500,-2.820003,0.0,0.0,-0.127914,0.579602,-1.610864,0.0,0.0,-0.372325,1.202181,-2.268473,0.0,0.0,-0.618917,1.619773,-2.568550,0.0,0.0,-0.764792,2.038277,-2.742078,0.0,0.0
v15.mp4,5239f79215d2b91df5766b4a5286bcdca785813e9671cda0a655095777e7c82c,1920,1080,12.08,157,13.0,106,8833,Right,0.971131,0.000000,0.000000,0.000000,0.0,0.0,0.888666,0.312046,-0.284267,0.0,0.0,1.590962,0.815012,-0.590750,0.0,0.0,2.042853,1.230195,-0.837614,0.0,0.0,2.529303,1.433392,-1.101668,0.0,0.0,1.488307,0.499460,-1.314103,0.0,0.0,1.951172,0.894201,-1.910761,0.0,0.0,2.326699,1.215971,-2.245878,0.0,0.0,2.633603,1.552312,-2.469822,0.0,0.0,0.977884,0.441616,-1.463474,0.0,0.0,1.095160,1.017534,-2.206951,0.0,0.0,1.177124,1.843295,-2.548065,0.0,0.0,1.138358,2.579433,-2.763393,0.0,0.0,0.412818,0.491573,-1.577484,0.0,0.0,0.361984,1.147231,-2.328498,0.0,0.0,0.407395,1.900223,-2.655600,0.0,0.0,0.447887,2.560568,-2.826732,0.0,0.0,-0.143820,0.606253,-1.677084,0.0,0.0,-0.436921,1.252420,-2.308399,0.0,0.0,-0.645693,1.727950,-2.557645,0.0,0.0,-0.797625,2.173696,-2.694697,0.0,0.0
v15.mp4,5239f79215d2b91df5766b4a5286bcdca785813e9671cda0a655095777e7c82c,1920,1080,12.08,157,13.0,107,8916,Right,0.969996,0.000000,0.000000,0.000000,0.0,0.0,0.872920,0.381942,-0.298407,0.0,0.0,1.444594,0.993774,-0.678933,0.0,0.0,1.682163,1.533886,-0.985981,0.0,0.0,1.870858,1.888262,-1.308697,0.0,0.0,1.493401,0.592229,-1.548850,0.0,0.0,1.994650,0.884096,-2.243632,0.0,0.0,2.394745,1.113034,-2.659281,0.0,0.0,2.726941,1.373244,-2.945105,0.0,0.0,0.972024,0.466845,-1.719194,0.0,0.0,1.052004,1.257956,-2.557115,0.0,0.0,1.045634,2.131970,-2.955647,0.0,0.0,0.940054,2.882263,-3.212867,0.0,0.0,0.409394,0.470451,-1.845051,0.0,0.0,0.345017,1.277944,-2.640428,0.0,0.0,0.339948,2.045141,-3.008536,0.0,0.0,0.332023,2.698574,-3.215500,0.0,0.0,-0.132120,0.549634,-1.955874,0.0,0.0,-0.482675,1.239102,-2.565830,0.0,0.0,-0.664088,1.741775,-2.821832,0.0,0.0,-0.799458,2.194655,-2.985856,0.0,0.0
v15.mp4,5239f79215d2b91df5766b4a5286bcdca785813e9671cda0a655095777e7c82c,1920,1080,12.08,157,13.0,108,9000,Right,0.962025,0.000000,0.000000,0.000000,0.0,0.0,0.869313,0.212860,-0.347185,0.0,0.0,1.551278,0.718637,-0.674655,0.0,0.0,1.962810,1.194096,-0.910874,0.0,0.0,2.378418,1.484970,-1.157317,0.0,0.0,1.418966,0.484406,-1.443553,0.0,0.0,1.955085,0.919180,-2.007646,0.0,0.0,2.344780,1.234034,-2.301193,0.0,0.0,2.673120,1.550600,-2.517239,0.0,0.0,0.864425,0.470625,-1.564296,0.0,0.0,0.957452,1.278928,-2.306357,0.0,0.0,0.950262,2.135675,-2.630016,0.0,0.0,0.864149,2.874480,-2.835174,0.0,0.0,0.263478,0.526924,-1.646900,0.0,0.0,0.207615,1.319889,-2.380556,0.0,0.0,0.223537,2.100926,-2.695138,0.0,0.0,0.268581,2.780992,-2.871088,0.0,0.0,-0.298280,0.619505,-1.717194,0.0,0.0,-0.635422,1.285169,-2.338892,0.0,0.0,-0.828062,1.782129,-2.583102,0.0,0.0,-0.969504,2.245470,-2.727914,0.0,0.0
v15.mp4,5239f79215d2b91df5766b4a5286bcdca785813e9671cda0a655095777e7c82c,1920,1080,12.08,157,13.0,109,9083,Right,0.960206,0.000000,0.000000,0.000000,0.0,0.0,0.803559,0.193448,-0.375868,0.0,0.0,1.515435,0.608213,-0.695929,0.0,0.0,2.006207,0.962755,-0.930190,0.0,0.0,2.534905,1.213366,-1.177592,0.0,0.0,1.362308,0.522723,-1.311801,0.0,0.0,1.713276,1.357108,-1.884802,0.0,0.0,1.927887,1.973722,-2.198815,0.0,0.0,2.058418,2.529298,-2.402391,0.0,0.0,0.804448,0.536636,-1.394227,0.0,0.0,0.865957,1.390823,-2.030762,0.0,0.0,0.850759,2.194580,-2.305894,0.0,0.0,0.798408,2.853421,-2.490454,0.0,0.0,0.204177,0.590981,-1.456123,0.0,0.0,0.131576,1.367050,-2.100779,0.0,0.0,0.152435,2.096153,-2.351596,0.0,0.0,0.217195,2.709781,-2.498658,0.0,0.0,-0.359805,0.658679,-1.515089,0.0,0.0,-0.662973,1.263795,-2.086601,0.0,0.0,-0.861431,1.731196,-2.285364,0.0,0.0,-0.999137,2.174612,-2.395981,0.0,0.0
v15.mp4,5239f79215d2b91df5766b4a5286bcdca785813e9671cda0a655095777e7c82c,1920,1080,12.08,157,13.0,110,9166,Right,0.941185,0.000000,0.000000,0.000000,0.0,0.0,0.849908,0.216354,-0.491545,0.0,0.0,1.544208,0.565856,-0.986881,0.0,0.0,1.990511,0.939118,-1.350331,0.0,0.0,2.543266,1.228784,-1.731701,0.0,0.0,1.371235,0.507071,-1.909070,0.0,0.0,1.687706,1.352282,-2.750168,0.0,0.0,1.882115,1.998004,-3.250615,0.0,0.0,2.007534,2.580790,-3.573602,0.0,0.0,0.803053,0.522257,-1.968218,0.0,0.0,0.871644,1.316384,-2.869569,0.0,0.0,0.858461,2.092098,-3.249892,0.0,0.0,0.797775,2.734506,-3.516632,0.0,0.0,0.212687,0.579026,-1.991500,0.0,0.0,0.172665,1.308379,-2.864383,0.0,0.0,0.178807,2.030041,-3.205697,0.0,0.0,0.199421,2.647911,-3.409158,0.0,0.0,-0.354697,0.658599,-2.002971,0.0,0.0,-0.647221,1.166324,-2.760283,0.0,0.0,-0.854804,1.608228,-3.067777,0.0,0.0,-0.991902,2.058818,-3.261338,0.0,0.0
v15.mp4,5239f79215d2b91df5766b4a5286bcdca785813e9671cda0a655095777e7c82c,1920,1080,12.08,157,13.0,111,9250,Right,0.936198,0.000000,0.000000,0.000000,0.0,0.0,0.839946,0.184208,-0.509842,0.0,0.0,1.546017,0.553005,-0.975733,0.0,0.0,1.997268,0.953781,-1.308851,0.0,0.0,2.519635,1.234095,-1.652372,0.0,0.0,1.353219,0.526878,-1.809964,0.0,0.0,1.678364,1.382637,-2.593383,0.0,0.0,1.883542,2.034323,-3.050714,0.0,0.0,2.005394,2.611296,-3.337826,0.0,0.0,0.780871,0.538131,-1.850163,0.0,0.0,0.838104,1.348509,-2.715957,0.0,0.0,0.856224,2.172242,-3.086701,0.0,0.0,0.804749,2.844534,-3.327365,0.0,0.0,0.189028,0.599036,-1.858026,0.0,0.0,0.131914,1.346456,-2.682492,0.0,0.0,0.166984,2.098232,-3.001430,0.0,0.0,0.203115,2.744654,-3.179291,0.0,0.0,-0.370294,0.681486,-1.861465,0.0,0.0,-0.711097,1.255985,-2.571271,0.0,0.0,-0.926202,1.716667,-2.844738,0.0,0.0,-1.072781,2.176298,-3.002585,0.0,0.0
v15.mp4,5239f79215d2b91df5766b4a5286bcdca785813e9671cda0a655095777e7c82c,1920,1080,12.08,157,13.0,112,9333,Right,0.954653,0.000000,0.000000,0.000000,0.0,0.0,0.850629,0.225148,-0.510169,0.0,0.0,1.527110,0.604029,-1.004360,0.0,0.0,1.935099,1.018322,-1.359053,0.0,0.0,2.440694,1.308433,-1.725335,0.0,0.0,1.357206,0.551404,-1.911082,0.0,0.0,1.677706,1.370222,-2.751638,0.0,0.0,1.899594,2.019184,-3.251750,0.0,0.0,2.027011,2.595678,-3.558399,0.0,0.0,0.790716,0.530179,-1.951111,0.0,0.0,0.811455,1.288337,-2.858282,0.0,0.0,0.809286,2.086477,-3.238721,0.0,0.0,0.720713,2.742654,-3.489209,0.0,0.0,0.192346,0.556108,-1.953890,0.0,0.0,0.109575,1.291763,-2.832197,0.0,0.0,0.137041,2.052480,-3.176842,0.0,0.0,0.142582,2.710821,-3.366240,0.0,0.0,-0.385768,0.624683,-1.944554,0.0,0.0,-0.732361,1.210632,-2.674535,0.0,0.0,-0.959874,1.684926,-2.953472,0.0,0.0,-1.115791,2.145945,-3.119064,0.0,0.0
v15.mp4,5239f79215d2b91df5766b4a5286bcdca785813e9671cda0a655095777e7c82c,1920,1080,12.08,157,13.0,113,9416,Right,0.969735,0.000000,0.000000,0.000000,0.0,0.0,0.826768,0.244872,-0.460308,0.0,0.0,1.543921,0.624914,-0.895934,0.0,0.0,1.981765,1.038416,-1.209252,0.0,0.0,2.487917,1.291829,-1.527733,0.0,0.0,1.402415,0.485876,-1.781633,0.0,0.0,1.797244,1.215613,-2.556463,0.0,0.0,2.013878,1.842202,-2.996691,0.0,0.0,2.151367,2.429445,-3.278581,0.0,0.0,0.866872,0.437127,-1.846667,0.0,0.0,1.052968,0.864322,-2.763209,0.0,0.0,1.130562,1.519987,-3.163679,0.0,0.0,1.077345,2.136213,-3.424672,0.0,0.0,0.280158,0.479795,-1.872990,0.0,0.0,0.217838,1.052462,-2.741759,0.0,0.0,0.252391,1.766479,-3.089046,0.0,0.0,0.234834,2.442248,-3.278416,0.0,0.0,-0.331651,0.618513,-1.889195,0.0,0.0,-0.649307,1.187075,-2.631352,0.0,0.0,-0.867887,1.638606,-2.933686,0.0,0.0,-0.988907,2.100796,-3.107651,0.0,0.0
v15.mp4,5239f79215d2b91df5766b4a5286bcdca785813e9671cda0a655095777e7c82c,1920,1080,12.08,157,13.0,114,9500,Right,0.970291,0.000000,0.000000,0.000000,0.0,0.0,0.849498,0.350096,-0.492834,0.0,0.0,1.574847,0.665665,-0.997213,0.0,0.0,1.988622,0.993428,-1.375076,0.0,0.0,2.502448,1.256880,-1.774710,0.0,0.0,1.410926,0.348639,-1.995242,0.0,0.0,1.848568,0.843856,-2.878840,0.0,0.0,2.083564,1.341179,-3.379034,0.0,0.0,2.204168,1.823738,-3.693413,0.0,0.0,0.860425,0.378961,-2.070286,0.0,0.0,1.094528,0.657351,-3.145756,0.0,0.0,1.167268,1.296747,-3.660892,0.0,0.0,1.128567,1.949634,-4.004594,0.0,0.0,0.288470,0.512395,-2.094854,0.0,0.0,0.290428,0.938775,-3.145039,0.0,0.0,0.333591,1.640653,-3.617390,0.0,0.0,0.345767,2.327758,-3.876677,0.0,0.0,-0.285164,0.728620,-2.091332,0.0,0.0,-0.488858,1.131943,-2.939212,0.0,0.0,-0.704419,1.527129,-3.298557,0.0,0.0,-0.800594,1.943734,-3.523574,0.0,0.0
v15.mp4,5239f79215d2b91df5766b4a5286bcdca785813e9671cda0a655095777e7c82c,1920,1080,12.08,157,13.0,115,9583,Right,0.932175,0.000000,0.000000,0.000000,0.0,0.0,0.865644,0.228277,-0.370705,0.0,0.0,1.556334,0.632611,-0.785304,0.0,0.0,2.054832,1.040094,-1.108840,0.0,0.0,2.593601,1.279868,-1.449396,0.0,0.0,1.399749,0.594846,-1.682616,0.0,0.0,1.771405,1.459837,-2.453102,0.0,0.0,1.971161,2.083190,-2.876166,0.0,0.0,2.103138,2.645165,-3.134531,0.0,0.0,0.879106,0.575945,-1.795923,0.0,0.0,0.958998,1.257864,-2.659236,0.0,0.0,1.007256,2.042847,-3.001441,0.0,0.0,0.973614,2.732745,-3.217998,0.0,0.0,0.327582,0.617905,-1.872680,0.0,0.0,0.248063,1.314969,-2.735765,0.0,0.0,0.264327,2.051384,-3.053720,0.0,0.0,0.313080,2.708384,-3.209297,0.0,0.0,-0.219043,0.722148,-1.930792,0.0,0.0,-0.514039,1.326485,-2.648309,0.0,0.0,-0.729540,1.786909,-2.900068,0.0,0.0,-0.846446,2.236841,-3.031581,0.0,0.0
v15.mp4,5239f79215d2b91df5766b4a5286bcdca785813e9671cda0a655095777e7c82c,1920,1080,12.08,157,13.0,116,9666,Right,0.943344,0.000000,0.000000,0.000000,0.0,0.0,0.839026,0.162008,-0.395314,0.0,0.0,1.575839,0.557867,-0.725239,0.0,0.0,2.060233,0.960254,-0.961847,0.0,0.0,2.586620,1.237766,-1.203278,0.0,0.0,1.374341,0.545398,-1.333873,0.0,0.0,1.684267,1.382177,-1.950635,0.0,0.0,1.900019,1.997678,-2.318926,0.0,0.0,2.062393,2.540961,-2.558485,0.0,0.0,0.819200,0.589352,-1.389591,0.0,0.0,0.860311,1.405191,-2.032015,0.0,0.0,0.879518,2.177075,-2.308943,0.0,0.0,0.869362,2.824228,-2.501233,0.0,0.0,0.246838,0.647533,-1.431263,0.0,0.0,0.212784,1.387941,-2.080405,0.0,0.0,0.227218,2.083319,-2.325875,0.0,0.0,0.275963,2.693774,-2.466585,0.0,0.0,-0.289895,0.708440,-1.473132,0.0,0.0,-0.573829,1.276574,-2.075154,0.0,0.0,-0.762006,1.735171,-2.301218,0.0,0.0,-0.905379,2.198058,-2.424708,0.0,0.0
v15.mp4,5239f79215d2b91df5766b4a5286bcdca785813e9671cda0a655095777e7c82c,1920,1080,12.08,157,13.0,117,9750,Right,0.961212,0.000000,0.000000,0.000000,0.0,0.0,0.791225,0.178812,-0.417520,0.0,0.0,1.511473,0.568881,-0.776428,0.0,0.0,1.984189,0.949612,-1.032705,0.0,0.0,2.529008,1.220658,-1.302027,0.0,0.0,1.352933,0.526552,-1.435419,0.0,0.0,1.669086,1.386194,-2.054977,0.0,0.0,1.870373,2.018520,-2.413704,0.0,0.0,2.022365,2.571233,-2.646635,0.0,0.0,0.802452,0.576758,-1.472669,0.0,0.0,0.860864,1.377011,-2.122549,0.0,0.0,0.850523,2.125392,-2.381959,0.0,0.0,0.817009,2.729967,-2.561149,0.0,0.0,0.214034,0.634739,-1.488475,0.0,0.0,0.158209,1.370301,-2.146696,0.0,0.0,0.173552,2.085565,-2.379099,0.0,0.0,0.221003,2.692445,-2.514516,0.0,0.0,-0.342259,0.693139,-1.501693,0.0,0.0,-0.623965,1.258695,-2.119954,0.0,0.0,-0.846274,1.707107,-2.342039,0.0,0.0,-1.020578,2.145476,-2.464280,0.0,0.0
v15.mp4,5239f79215d2b91df5766b4a5286bcdca785813e9671cda0a655095777e7c82c,1920,1080,12.08,157,13.0,118,9833,Right,0.960308,0.000000,0.000000,0.000000,0.0,0.0,0.807002,0.197405,-0.473456,0.0,0.0,1.511264,0.566487,-0.890019,0.0,0.0,1.966584,0.928907,-1.187550,0.0,0.0,2.508985,1.195726,-1.500367,0.0,0.0,1.360607,0.510295,-1.596358,0.0,0.0,1.670939,1.383079,-2.262220,0.0,0.0,1.876702,2.022973,-2.642677,0.0,0.0,2.029195,2.584275,-2.886740,0.0,0.0,0.799655,0.547561,-1.615442,0.0,0.0,0.866447,1.383332,-2.340184,0.0,0.0,0.879222,2.142979,-2.640350,0.0,0.0,0.857761,2.757252,-2.843827,0.0,0.0,0.195481,0.598672,-1.603789,0.0,0.0,0.131149,1.354289,-2.309140,0.0,0.0,0.161262,2.084860,-2.548199,0.0,0.0,0.203868,2.713276,-2.687361,0.0,0.0,-0.364989,0.649455,-1.589792,0.0,0.0,-0.653195,1.201318,-2.227220,0.0,0.0,-0.883768,1.641071,-2.441968,0.0,0.0,-1.063458,2.079904,-2.561232,0.0,0.0
v15.mp4,5239f79215d2b91df5766b4a5286bcdca785813e9671cda0a655095777e7c82c,1920,1080,12.08,157,13.0,119,9916,Right,0.933839,0.000000,0.000000,0.000000,0.0,0.0,0.848961,0.162890,-0.478772,0.0,0.0,1.563815,0.547639,-0.938084,0.0,0.0,2.028143,0.957625,-1.263767,0.0,0.0,2.581842,1.253387,-1.604642,0.0,0.0,1.366968,0.530839,-1.810917,0.0,0.0,1.735249,1.381584,-2.605237,0.0,0.0,1.966280,2.033257,-3.089331,0.0,0.0,2.136335,2.606908,-3.399454,0.0,0.0,0.793698,0.552674,-1.851608,0.0,0.0,0.847241,1.333081,-2.656241,0.0,0.0,0.858124,2.047777,-2.970656,0.0,0.0,0.839167,2.626707,-3.195386,0.0,0.0,0.202928,0.587855,-1.864127,0.0,0.0,0.138263,1.337081,-2.667082,0.0,0.0,0.171042,2.075006,-2.965197,0.0,0.0,0.217925,2.710775,-3.143300,0.0,0.0,-0.358240,0.642648,-1.865677,0.0,0.0,-0.652352,1.219528,-2.566538,0.0,0.0,-0.887421,1.668556,-2.822012,0.0,0.0,-1.060958,2.112635,-2.978159,0.0,0.0
v15.mp4,5239f79215d2b91df5766b4a5286bcdca785813e9671cda0a655095777e7c82c,1920,1080,12.08,157,13.0,120,10000,Right,0.935173,0.000000,0.000000,0.000000,0.0,0.0,0.856007,0.208805,-0.459108,0.0,0.0,1.581734,0.574111,-0.937886,0.0,0.0,2.034973,0.984418,-1.288540,0.0,0.0,2.561066,1.261104,-1.650497,0.0,0.0,1.362487,0.565695,-1.896395,0.0,0.0,1.774114,1.329375,-2.732339,0.0,0.0,1.990681,1.962957,-3.213012,0.0,0.0,2.139512,2.537402,-3.515692,0.0,0.0,0.834216,0.557477,-1.959998,0.0,0.0,1.007125,0.977825,-2.914750,0.0,0.0,1.028532,1.527210,-3.291569,0.0,0.0,0.934922,2.043805,-3.532114,0.0,0.0,0.266603,0.591741,-1.982991,0.0,0.0,0.240696,1.151590,-2.930546,0.0,0.0,0.264633,1.852076,-3.288622,0.0,0.0,0.254263,2.506030,-3.472786,0.0,0.0,-0.313684,0.714899,-1.981798,0.0,0.0,-0.586022,1.248420,-2.770118,0.0,0.0,-0.835343,1.683392,-3.063489,0.0,0.0,-0.996438,2.132810,-3.229251,0.0,0.0
v15.mp4,5239f79215d2b91df5766b4a5286bcdca785813e9671cda0a655095777e7c82c,1920,1080,12.08,157,13.0,121,10083,Right,0.950421,0.000000,0.000000,0.000000,0.0,0.0,0.815829,0.329329,-0.466101,0.0,0.0,1.540143,0.702650,-0.930872,0.0,0.0,1.957415,1.056529,-1.268037,0.0,0.0,2.461437,1.299358,-1.620512,0.0,0.0,1.373342,0.421872,-1.891835,0.0,0.0,1.802640,1.045169,-2.729743,0.0,0.0,2.060401,1.554571,-3.219159,0.0,0.0,2.230369,2.034208,-3.525108,0.0,0.0,0.838850,0.430627,-1.958508,0.0,0.0,1.006910,0.750569,-2.940600,0.0,0.0,1.087026,1.198172,-3.386854,0.0,0.0,1.080455,1.657708,-3.682647,0.0,0.0,0.260739,0.543832,-1.981276,0.0,0.0,0.231147,1.094643,-2.949759,0.0,0.0,0.261301,1.751391,-3.371092,0.0,0.0,0.289903,2.389089,-3.603672,0.0,0.0,-0.329691,0.742149,-1.978671,0.0,0.0,-0.532164,1.221960,-2.758227,0.0,0.0,-0.744391,1.631453,-3.072275,0.0,0.0,-0.871126,2.057177,-3.264979,0.0,0.0
v15.mp4,5239f79215d2b91df5766b4a5286bcdca785813e9671cda0a655095777e7c82c,1920,1080,12.08,157,13.0,122,10166,Right,0.866166,0.000000,0.000000,0.000000,0.0,0.0,0.873196,0.177679,-0.474436,0.0,0.0,1.630223,0.528578,-0.916788,0.0,0.0,2.111659,0.879144,-1.236259,0.0,0.0,2.671505,1.140116,-1.575360,0.0,0.0,1.406945,0.516790,-1.791884,0.0,0.0,1.754979,1.336502,-2.547307,0.0,0.0,1.982183,1.929547,-2.969243,0.0,0.0,2.158670,2.469860,-3.247394,0.0,0.0,0.852190,0.542707,-1.874947,0.0,0.0,0.960076,1.403291,-2.788400,0.0,0.0,1.021474,2.275236,-3.223592,0.0,0.0,1.022006,3.020223,-3.516670,0.0,0.0,0.302441,0.619331,-1.919003,0.0,0.0,0.295594,1.370270,-2.784170,0.0,0.0,0.357271,2.108465,-3.188123,0.0,0.0,0.441981,2.771025,-3.432264,0.0,0.0,-0.243677,0.714640,-1.951754,0.0,0.0,-0.553649,1.276063,-2.673472,0.0,0.0,-0.763571,1.720855,-2.989110,0.0,0.0,-0.901160,2.165941,-3.194565,0.0,0.0
v15.mp4,5239f79215d2b91df5766b4a5286bcdca785813e9671cda0a655095777e7c82c,1920,1080,12.08,157,13.0,123,10250,Right,0.935308,0.000000,0.000000,0.000000,0.0,0.0,0.820461,0.167015,-0.447451,0.0,0.0,1.528621,0.518703,-0.855341,0.0,0.0,1.987505,0.885274,-1.149064,0.0,0.0,2.517189,1.150647,-1.455693,0.0,0.0,1.366651,0.457048,-1.579198,0.0,0.0,1.678780,1.350153,-2.241781,0.0,0.0,1.883904,1.974920,-2.613997,0.0,0.0,2.027156,2.521815,-2.854254,0.0,0.0,0.809617,0.520797,-1.617319,0.0,0.0,0.898667,1.390217,-2.376097,0.0,0.0,0.943040,2.174238,-2.710150,0.0,0.0,0.932794,2.807020,-2.931683,0.0,0.0,0.217555,0.616223,-1.618947,0.0,0.0,0.187790,1.372462,-2.344441,0.0,0.0,0.232466,2.060168,-2.609643,0.0,0.0,0.293797,2.655261,-2.763346,0.0,0.0,-0.337278,0.707032,-1.614773,0.0,0.0,-0.639415,1.223778,-2.266284,0.0,0.0,-0.857109,1.638019,-2.501418,0.0,0.0,-1.011475,2.068390,-2.632836,0.0,0.0
v15.mp4,5239f79215d2b91df5766b4a5286bcdca785813e9671cda0a655095777e7c82c,1920,1080,12.08,157,13.0,124,10333,Right,0.940758,0.000000,0.000000,0.000000,0.0,0.0,0.821122,0.189814,-0.439412,0.0,0.0,1.518290,0.538926,-0.864773,0.0,0.0,1.979642,0.892434,-1.179504,0.0,0.0,2.519591,1.147154,-1.509520,0.0,0.0,1.376168,0.473418,-1.621978,0.0,0.0,1.678775,1.348749,-2.315872,0.0,0.0,1.886813,1.972074,-2.710041,0.0,0.0,2.033711,2.521513,-2.965886,0.0,0.0,0.821318,0.514731,-1.676407,0.0,0.0,0.895098,1.372379,-2.466999,0.0,0.0,0.933425,2.159164,-2.812285,0.0,0.0,0.921781,2.802601,-3.042165,0.0,0.0,0.224262,0.585787,-1.693112,0.0,0.0,0.171075,1.320168,-2.439900,0.0,0.0,0.223438,2.008656,-2.706775,0.0,0.0,0.287158,2.602472,-2.861357,0.0,0.0,-0.345179,0.657615,-1.703531,0.0,0.0,-0.658302,1.190975,-2.369337,0.0,0.0,-0.868177,1.619948,-2.610272,0.0,0.0,-1.012136,2.055563,-2.747356,0.0,0.0
v15.mp4,5239f79215d2b91df5766b4a5286bcdca785813e9671cda0a655095777e7c82c,1920,1080,12.08,157,13.0,125,10416,Right,0.948517,0.000000,0.000000,0.000000,0.0,0.0,0.830252,0.201250,-0.477579,0.0,0.0,1.533405,0.540115,-0.952015,0.0,0.0,1.995621,0.894464,-1.303604,0.0,0.0,2.559000,1.158891,-1.672500,0.0,0.0,1.377921,0.491411,-1.806755,0.0,0.0,1.710217,1.345975,-2.593209,0.0,0.0,1.920948,1.970595,-3.054904,0.0,0.0,2.082455,2.529487,-3.356491,0.0,0.0,0.816163,0.532451,-1.866859,0.0,0.0,0.897934,1.364636,-2.748544,0.0,0.0,0.939531,2.147083,-3.141077,0.0,0.0,0.946050,2.804236,-3.411531,0.0,0.0,0.227311,0.595503,-1.887872,0.0,0.0,0.158479,1.338078,-2.724784,0.0,0.0,0.203575,2.028932,-3.042908,0.0,0.0,0.260056,2.626734,-3.230732,0.0,0.0,-0.334885,0.663259,-1.900092,0.0,0.0,-0.660017,1.212589,-2.629743,0.0,0.0,-0.881123,1.661824,-2.910663,0.0,0.0,-1.027366,2.116183,-3.081237,0.0,0.0
v15.mp4,5239f79215d2b91df5766b4a5286bcdca785813e9671cda0a655095777e7c82c,1920,1080,12.08,157,13.0,126,10500,Right,0.946822,0.000000,0.000000,0.000000,0.0,0.0,0.832242,0.180582,-0.494871,0.0,0.0,1.532437,0.533713,-0.967130,0.0,0.0,1.986729,0.907429,-1.311017,0.0,0.0,2.550041,1.181491,-1.671564,0.0,0.0,1.370326,0.482896,-1.791638,0.0,0.0,1.696776,1.342358,-2.556698,0.0,0.0,1.915166,1.968204,-3.006576,0.0,0.0,2.085449,2.531403,-3.303773,0.0,0.0,0.799454,0.532600,-1.832814,0.0,0.0,0.894855,1.365701,-2.693506,0.0,0.0,0.942613,2.139089,-3.081335,0.0,0.0,0.950918,2.788562,-3.352533,0.0,0.0,0.203643,0.601059,-1.834553,0.0,0.0,0.140286,1.328823,-2.645516,0.0,0.0,0.186893,2.020595,-2.947425,0.0,0.0,0.241598,2.620620,-3.129904,0.0,0.0,-0.351066,0.666002,-1.830496,0.0,0.0,-0.650979,1.196213,-2.547954,0.0,0.0,-0.870106,1.631607,-2.820933,0.0,0.0,-1.012710,2.078562,-2.987400,0.0,0.0
v15.mp4,5239f79215d2b91df5766b4a5286bcdca785813e9671cda0a655095777e7c82c,1920,1080,12.08,157,13.0,127,10583,Right,0.945045,0.000000,0.000000,0.000000,0.0,0.0,0.842308,0.188141,-0.514473,0.0,0.0,1.545149,0.534248,-1.012678,0.0,0.0,2.011029,0.901229,-1.378038,0.0,0.0,2.610959,1.153487,-1.761930,0.0,0.0,1.368266,0.490721,-1.857510,0.0,0.0,1.693100,1.370724,-2.656291,0.0,0.0,1.927662,1.998756,-3.130957,0.0,0.0,2.111257,2.567866,-3.443795,0.0,0.0,0.798120,0.542594,-1.896272,0.0,0.0,0.877400,1.385987,-2.783336,0.0,0.0,0.930038,2.142626,-3.185919,0.0,0.0,0.941750,2.789419,-3.472108,0.0,0.0,0.203415,0.603506,-1.893790,0.0,0.0,0.128165,1.338374,-2.729360,0.0,0.0,0.170797,2.013972,-3.041053,0.0,0.0,0.209208,2.603009,-3.232046,0.0,0.0,-0.354075,0.657067,-1.884795,0.0,0.0,-0.639862,1.161015,-2.619385,0.0,0.0,-0.864309,1.580217,-2.897858,0.0,0.0,-1.022768,2.015886,-3.070686,0.0,0.0
v15.mp4,5239f79215d2b91df5766b4a5286bcdca785813e9671cda0a655095777e7c82c,1920,1080,12.08,157,13.0,128,10666,Right,0.92761,0.000000,0.000000,0.000000,0.0,0.0,0.827107,0.215505,-0.488951,0.0,0.0,1.578911,0.564985,-0.943558,0.0,0.0,2.143776,0.826722,-1.279402,0.0,0.0,2.798519,0.859357,-1.633570,0.0,0.0,1.382599,0.495473,-1.679078,0.0,0.0,1.705924,1.324930,-2.391600,0.0,0.0,1.935358,1.907738,-2.800930,0.0,0.0,2.112422,2.429557,-3.070208,0.0,0.0,0.810377,0.517945,-1.720731,0.0,0.0,0.883029,1.318385,-2.520133,0.0,0.0,0.901130,2.049216,-2.868000,0.0,0.0,0.860369,2.671952,-3.108739,0.0,0.0,0.201267,0.568664,-1.726214,0.0,0.0,0.139953,1.288764,-2.488406,0.0,0.0,0.169450,1.963794,-2.744075,0.0,0.0,0.199846,2.567059,-2.897026,0.0,0.0,-0.358272,0.605740,-1.728724,0.0,0.0,-0.641216,1.123309,-2.396927,0.0,0.0,-0.861691,1.539106,-2.620399,0.0,0.0,-1.031495,1.982453,-2.752432,0.0,0.0
v15.mp4,5239f79215d2b91df5766b4a5286bcdca785813e9671cda0a655095777e7c82c,1920,1080,12.08,157,13.0,129,10750,Right,0.936752,0.000000,0.000000,0.000000,0.0,0.0,0.874224,0.213933,-0.484898,0.0,0.0,1.630527,0.583477,-0.931899,0.0,0.0,2.202829,0.888867,-1.266898,0.0,0.0,2.880077,0.949408,-1.622658,0.0,0.0,1.397532,0.470237,-1.692413,0.0,0.0,1.778882,0.996158,-2.453050,0.0,0.0,2.098956,1.319340,-2.902107,0.0,0.0,2.376596,1.625521,-3.203915,0.0,0.0,0.818100,0.528734,-1.757300,0.0,0.0,0.928485,1.275229,-2.617061,0.0,0.0,0.956189,1.999048,-3.062997,0.0,0.0,0.936037,2.648599,-3.385071,0.0,0.0,0.237312,0.613094,-1.788946,0.0,0.0,0.190789,1.300661,-2.639709,0.0,0.0,0.223907,1.986322,-3.036927,0.0,0.0,0.251960,2.596476,-3.280214,0.0,0.0,-0.298767,0.678002,-1.808602,0.0,0.0,-0.561946,1.196155,-2.518131,0.0,0.0,-0.750914,1.616207,-2.827157,0.0,0.0,-0.895798,2.044623,-3.034269,0.0,0.0
v15.mp4,5239f79215d2b91df5766b4a5286bcdca785813e9671cda0a655095777e7c82c,1920,1080,12.08,157,13.0,130,10833,Right,0.96574,0.000000,0.000000,0.000000,0.0,0.0,0.939793,0.348202,-0.384283,0.0,0.0,1.703562,0.683919,-0.844709,0.0,0.0,2.200610,0.942378,-1.211269,0.0,0.0,2.832353,1.087645,-1.603837,0.0,0.0,1.435503,0.506683,-1.816400,0.0,0.0,1.875741,0.532292,-2.667517,0.0,0.0,2.264126,0.546096,-3.178789,0.0,0.0,2.634433,0.588034,-3.511186,0.0,0.0,0.868129,0.500391,-1.948935,0.0,0.0,0.986061,1.135943,-2.956232,0.0,0.0,1.038970,1.835207,-3.525483,0.0,0.0,1.020595,2.440141,-3.922725,0.0,0.0,0.297065,0.598406,-2.021517,0.0,0.0,0.248742,1.208281,-3.022689,0.0,0.0,0.281132,1.901366,-3.573186,0.0,0.0,0.304552,2.486530,-3.896114,0.0,0.0,-0.200467,0.734737,-2.053819,0.0,0.0,-0.481373,1.212674,-2.817081,0.0,0.0,-0.695161,1.609133,-3.177742,0.0,0.0,-0.840639,1.983479,-3.426008,0.0,0.0
v15.mp4,5239f79215d2b91df5766b4a5286bcdca785813e9671cda0a655095777e7c82c,1920,1080,12.08,157,13.0,131,10916,Right,0.960685,0.000000,0.000000,0.000000,0.0,0.0,0.937187,0.325630,-0.350747,0.0,0.0,1.765831,0.744979,-0.715545,0.0,0.0,2.336265,1.012381,-1.008582,0.0,0.0,2.977694,1.111849,-1.331216,0.0,0.0,1.438504,0.486111,-1.535307,0.0,0.0,1.920728,0.573456,-2.251032,0.0,0.0,2.362458,0.656285,-2.675647,0.0,0.0,2.760327,0.790749,-2.964444,0.0,0.0,0.857908,0.488237,-1.670530,0.0,0.0,0.996142,1.199093,-2.468749,0.0,0.0,1.043981,1.955475,-2.905173,0.0,0.0,1.028717,2.617846,-3.220188,0.0,0.0,0.283831,0.585353,-1.766855,0.0,0.0,0.225754,1.288882,-2.612307,0.0,0.0,0.240088,2.007916,-3.074386,0.0,0.0,0.277304,2.633789,-3.354258,0.0,0.0,-0.226522,0.693992,-1.836168,0.0,0.0,-0.545189,1.274566,-2.527303,0.0,0.0,-0.762146,1.699918,-2.843743,0.0,0.0,-0.931522,2.114689,-3.058082,0.0,0.0
v15.mp4,5239f79215d2b91df5766b4a5286bcdca785813e9671cda0a655095777e7c82c,1920,1080,12.08,157,13.0,132,11000,Right,0.939375,0.000000,0.000000,0.000000,0.0,0.0,0.826192,0.231392,-0.382617,0.0,0.0,1.600987,0.612773,-0.716487,0.0,0.0,2.184957,0.906436,-0.972588,0.0,0.0,2.796458,1.066156,-1.247118,0.0,0.0,1.423565,0.462989,-1.347005,0.0,0.0,1.735244,1.345475,-1.956033,0.0,0.0,1.972521,1.945539,-2.298288,0.0,0.0,2.159182,2.475113,-2.518126,0.0,0.0,0.856003,0.490160,-1.419208,0.0,0.0,0.969076,1.322636,-2.089476,0.0,0.0,0.992225,2.115644,-2.384224,0.0,0.0,0.963792,2.778359,-2.584683,0.0,0.0,0.270745,0.569603,-1.469155,0.0,0.0,0.239589,1.327520,-2.156347,0.0,0.0,0.255175,2.016854,-2.420213,0.0,0.0,0.305565,2.602546,-2.565762,0.0,0.0,-0.271832,0.655435,-1.513086,0.0,0.0,-0.521723,1.234312,-2.108687,0.0,0.0,-0.713442,1.667788,-2.313044,0.0,0.0,-0.872000,2.092745,-2.424635,0.0,0.0
v15.mp4,5239f79215d2b91df5766b4a5286bcdca785813e9671cda0a655095777e7c82c,1920,1080,12.08,157,13.0,133,11083,Right,0.939186,0.000000,0.000000,0.000000,0.0,0.0,0.855061,0.225128,-0.464349,0.0,0.0,1.609046,0.563108,-0.909366,0.0,0.0,2.138745,0.854414,-1.244058,0.0,0.0,2.746403,1.045846,-1.598113,0.0,0.0,1.422162,0.477180,-1.742579,0.0,0.0,1.740232,1.305472,-2.520953,0.0,0.0,1.955017,1.912622,-2.979977,0.0,0.0,2.111718,2.468697,-3.278271,0.0,0.0,0.863687,0.494436,-1.815722,0.0,0.0,0.942616,1.279281,-2.693659,0.0,0.0,0.961260,2.068414,-3.101017,0.0,0.0,0.924587,2.737723,-3.382139,0.0,0.0,0.293253,0.570231,-1.853649,0.0,0.0,0.249605,1.289786,-2.703847,0.0,0.0,0.277805,1.971153,-3.055928,0.0,0.0,0.326413,2.560501,-3.263989,0.0,0.0,-0.259234,0.674780,-1.881696,0.0,0.0,-0.539596,1.213554,-2.594023,0.0,0.0,-0.749170,1.641298,-2.873317,0.0,0.0,-0.903791,2.072902,-3.048743,0.0,0.0
v15.mp4,5239f79215d2b91df5766b4a5286bcdca785813e9671cda0a655095777e7c82c,1920,1080,12.08,157,13.0,134,11166,Right,0.91267,0.000000,0.000000,0.000000,0.0,0.0,0.831708,0.199948,-0.512454,0.0,0.0,1.590546,0.533537,-0.984540,0.0,0.0,2.115749,0.849487,-1.330474,0.0,0.0,2.724755,1.049969,-1.695041,0.0,0.0,1.407936,0.431365,-1.832926,0.0,0.0,1.740036,1.273549,-2.632461,0.0,0.0,1.946042,1.899806,-3.104890,0.0,0.0,2.098980,2.460849,-3.415571,0.0,0.0,0.831610,0.470309,-1.893006,0.0,0.0,0.921084,1.289954,-2.790972,0.0,0.0,0.948044,2.101836,-3.206442,0.0,0.0,0.927565,2.777875,-3.496187,0.0,0.0,0.250838,0.562137,-1.921853,0.0,0.0,0.219229,1.305546,-2.783413,0.0,0.0,0.263374,2.001149,-3.149508,0.0,0.0,0.324647,2.590476,-3.372243,0.0,0.0,-0.305320,0.672597,-1.944678,0.0,0.0,-0.577830,1.215809,-2.676238,0.0,0.0,-0.771342,1.641787,-2.979932,0.0,0.0,-0.913419,2.068422,-3.176680,0.0,0.0
v15.mp4,5239f79215d2b91df5766b4a5286bcdca785813e9671cda0a655095777e7c82c,1920,1080,12.08,157,13.0,135,11250,Right,0.948321,0.000000,0.000000,0.000000,0.0,0.0,0.841981,0.222665,-0.530921,0.0,0.0,1.590565,0.542260,-1.043535,0.0,0.0,2.090991,0.848157,-1.420662,0.0,0.0,2.711004,1.044145,-1.822492,0.0,0.0,1.406383,0.444346,-1.989148,0.0,0.0,1.726271,1.261597,-2.851796,0.0,0.0,1.935481,1.871986,-3.362066,0.0,0.0,2.092821,2.418955,-3.692052,0.0,0.0,0.831558,0.470612,-2.051180,0.0,0.0,0.904004,1.253721,-3.032609,0.0,0.0,0.940081,2.058669,-3.501141,0.0,0.0,0.920806,2.741447,-3.828913,0.0,0.0,0.250835,0.552430,-2.070170,0.0,0.0,0.188885,1.249382,-3.009104,0.0,0.0,0.236434,1.957451,-3.424301,0.0,0.0,0.284625,2.560998,-3.675014,0.0,0.0,-0.309189,0.671222,-2.075458,0.0,0.0,-0.590885,1.183294,-2.844302,0.0,0.0,-0.802292,1.618300,-3.164215,0.0,0.0,-0.953075,2.046362,-3.376533,0.0,0.0
v15.mp4,5239f79215d2b91df5766b4a5286bcdca785813e9671cda0a655095777e7c82c,1920,1080,12.08,157,13.0,136,11333,Right,0.948701,0.000000,0.000000,0.000000,0.0,0.0,0.821130,0.194102,-0.469824,0.0,0.0,1.516342,0.550420,-0.918748,0.0,0.0,2.029777,0.896603,-1.256101,0.0,0.0,2.638791,1.107296,-1.615558,0.0,0.0,1.388720,0.494721,-1.726556,0.0,0.0,1.724983,1.322842,-2.490097,0.0,0.0,1.956680,1.917397,-2.936146,0.0,0.0,2.147174,2.435028,-3.216959,0.0,0.0,0.852787,0.502523,-1.787766,0.0,0.0,0.917651,1.302154,-2.616810,0.0,0.0,0.932947,2.093853,-2.965452,0.0,0.0,0.889876,2.743712,-3.197419,0.0,0.0,0.251171,0.559738,-1.814344,0.0,0.0,0.141558,1.278641,-2.603652,0.0,0.0,0.143139,1.979442,-2.872651,0.0,0.0,0.163629,2.566067,-3.022631,0.0,0.0,-0.327611,0.635797,-1.836653,0.0,0.0,-0.687576,1.135270,-2.495579,0.0,0.0,-0.929940,1.547480,-2.699050,0.0,0.0,-1.111807,1.943597,-2.811933,0.0,0.0
v15.mp4,5239f79215d2b91df5766b4a5286bcdca785813e9671cda0a655095777e7c82c,1920,1080,12.08,157,13.0,137,11416,Right,0.781081,0.000000,0.000000,0.000000,0.0,0.0,0.781830,0.173356,-0.421062,0.0,0.0,1.494663,0.552741,-0.818984,0.0,0.0,2.032739,0.865798,-1.108701,0.0,0.0,2.693950,1.071471,-1.434021,0.0,0.0,1.390486,0.422758,-1.625382,0.0,0.0,1.715603,1.290150,-2.280244,0.0,0.0,1.924900,1.886191,-2.651876,0.0,0.0,2.084133,2.420614,-2.899723,0.0,0.0,0.814542,0.439382,-1.695971,0.0,0.0,0.937897,1.357163,-2.371545,0.0,0.0,0.959486,2.125884,-2.652112,0.0,0.0,0.945408,2.731310,-2.859915,0.0,0.0,0.179921,0.489382,-1.726759,0.0,0.0,0.152844,1.293603,-2.361371,0.0,0.0,0.175943,1.979592,-2.580720,0.0,0.0,0.216174,2.563393,-2.743745,0.0,0.0,-0.410393,0.505084,-1.753999,0.0,0.0,-0.764617,0.793694,-2.352026,0.0,0.0,-1.033761,1.051125,-2.544995,0.0,0.0,-1.235799,1.356747,-2.669260,0.0,0.0
v15.mp4,5239f79215d2b91df5766b4a5286bcdca785813e9671cda0a655095777e7c82c,1920,1080,12.08,157,13.0,138,11500,Right,0.676063,0.000000,0.000000,0.000000,0.0,0.0,0.786575,0.224006,-0.316895,0.0,0.0,1.552413,0.633614,-0.603908,0.0,0.0,2.114071,0.946787,-0.825006,0.0,0.0,2.732942,1.131951,-1.076191,0.0,0.0,1.446829,0.529990,-1.173814,0.0,0.0,1.766365,1.356972,-1.701492,0.0,0.0,1.923549,1.916152,-1.990354,0.0,0.0,2.029019,2.421591,-2.189908,0.0,0.0,0.903478,0.524187,-1.279119,0.0,0.0,1.080666,1.378357,-1.837177,0.0,0.0,1.123105,2.073874,-2.108056,0.0,0.0,1.115279,2.655971,-2.315572,0.0,0.0,0.310760,0.527506,-1.368282,0.0,0.0,0.329791,1.242036,-1.938973,0.0,0.0,0.362066,1.865374,-2.233094,0.0,0.0,0.437881,2.433871,-2.443243,0.0,0.0,-0.247404,0.519594,-1.447848,0.0,0.0,-0.512058,0.794180,-2.010449,0.0,0.0,-0.688325,1.005669,-2.266787,0.0,0.0,-0.789925,1.286554,-2.439470,0.0,0.0
v15.mp4,5239f79215d2b91df5766b4a5286bcdca785813e9671cda0a655095777e7c82c,1920,1080,12.08,157,13.0,139,11583,Right,0.84089,0.000000,0.000000,0.000000,0.0,0.0,0.774700,0.186614,-0.319553,0.0,0.0,1.564335,0.601088,-0.614375,0.0,0.0,2.088129,0.947230,-0.842381,0.0,0.0,2.600203,1.185183,-1.086474,0.0,0.0,1.534287,0.480502,-1.110853,0.0,0.0,1.791659,1.198538,-1.603173,0.0,0.0,1.928364,1.745301,-1.882768,0.0,0.0,2.020893,2.233026,-2.075802,0.0,0.0,1.008613,0.441270,-1.195288,0.0,0.0,1.110001,1.199746,-1.760652,0.0,0.0,1.031757,1.983275,-2.035000,0.0,0.0,0.922751,2.660238,-2.230819,0.0,0.0,0.445742,0.460351,-1.263867,0.0,0.0,0.522667,1.114763,-1.829945,0.0,0.0,0.473289,1.836238,-2.104921,0.0,0.0,0.456213,2.469529,-2.279837,0.0,0.0,-0.083760,0.532851,-1.324806,0.0,0.0,-0.192843,1.019670,-1.809149,0.0,0.0,-0.367566,1.377592,-2.010721,0.0,0.0,-0.504947,1.760170,-2.143852,0.0,0.0
v15.mp4,5239f79215d2b91df5766b4a5286bcdca785813e9671cda0a655095777e7c82c,1920,1080,12.08,157,13.0,140,11666,Right,0.846297,0.000000,0.000000,0.000000,0.0,0.0,0.302681,0.680943,-0.281096,0.0,0.0,0.773369,1.333930,-0.689982,0.0,0.0,1.061500,1.957079,-1.073149,0.0,0.0,1.098576,2.582119,-1.490978,0.0,0.0,1.518330,0.491237,-1.304217,0.0,0.0,2.083086,1.260266,-1.966119,0.0,0.0,2.414947,1.884872,-2.338125,0.0,0.0,2.619266,2.407983,-2.561821,0.0,0.0,1.447151,0.152283,-1.479037,0.0,0.0,2.130905,0.795987,-2.233038,0.0,0.0,2.408266,1.605508,-2.581915,0.0,0.0,2.530237,2.295324,-2.795541,0.0,0.0,1.234856,-0.033785,-1.635527,0.0,0.0,1.679097,0.568299,-2.375893,0.0,0.0,1.721647,1.464419,-2.714106,0.0,0.0,1.708853,2.219036,-2.869745,0.0,0.0,0.949688,-0.056467,-1.782170,0.0,0.0,1.462952,0.509472,-2.317197,0.0,0.0,1.838276,0.981242,-2.569450,0.0,0.0,2.157255,1.388675,-2.731974,0.0,0.0
v15.mp4,5239f79215d2b91df5766b4a5286bcdca785813e9671cda0a655095777e7c82c,1920,1080,12.08,157,13.0,141,11750,Right,0.998328,0.000000,0.000000,0.000000,0.0,0.0,0.618573,0.655619,-0.369582,0.0,0.0,0.997876,1.163038,-1.001812,0.0,0.0,1.036544,1.785398,-1.590917,0.0,0.0,1.098242,2.275959,-2.231513,0.0,0.0,1.611584,0.257226,-1.837936,0.0,0.0,2.180969,0.483714,-2.772055,0.0,0.0,2.691705,0.855362,-3.363515,0.0,0.0,3.097174,1.212428,-3.770843,0.0,0.0,1.235513,0.039372,-2.106266,0.0,0.0,1.847240,0.460317,-3.224611,0.0,0.0,2.126733,1.379954,-3.784622,0.0,0.0,2.248835,2.208029,-4.146029,0.0,0.0,0.688507,0.036929,-2.327804,0.0,0.0,0.989588,0.554078,-3.345775,0.0,0.0,1.026562,1.316197,-3.745050,0.0,0.0,0.975159,1.916816,-3.944853,0.0,0.0,0.068049,0.204953,-2.535348,0.0,0.0,0.115760,0.794259,-3.325742,0.0,0.0,0.048945,1.399354,-3.635250,0.0,0.0,-0.034324,1.877820,-3.825844,0.0,0.0
v15.mp4,5239f79215d2b91df5766b4a5286bcdca785813e9671cda0a655095777e7c82c,1920,1080,12.08,157,13.0,142,11833,Right,0.997514,0.000000,0.000000,0.000000,0.0,0.0,0.882446,0.428306,-0.549479,0.0,0.0,1.601966,0.888009,-1.144753,0.0,0.0,2.027563,1.319878,-1.657666,0.0,0.0,2.515309,1.581982,-2.190000,0.0,0.0,1.520743,0.177550,-1.924175,0.0,0.0,2.145155,0.480415,-2.894107,0.0,0.0,2.620056,0.990538,-3.450311,0.0,0.0,2.954347,1.478734,-3.782940,0.0,0.0,1.012396,0.037948,-2.068827,0.0,0.0,1.413944,0.113448,-3.248519,0.0,0.0,1.702378,1.033058,-3.723615,0.0,0.0,1.788416,1.931215,-3.968066,0.0,0.0,0.411845,0.124491,-2.184883,0.0,0.0,0.279532,0.659084,-3.253307,0.0,0.0,0.274326,1.554179,-3.494711,0.0,0.0,0.260432,2.305009,-3.524453,0.0,0.0,-0.216334,0.428706,-2.317391,0.0,0.0,-0.532849,1.091193,-3.144039,0.0,0.0,-0.735360,1.702426,-3.341708,0.0,0.0,-0.859002,2.178319,-3.385949,0.0,0.0
v15.mp4,5239f79215d2b91df5766b4a5286bcdca785813e9671cda0a655095777e7c82c,1920,1080,12.08,157,13.0,143,11916,Right,0.96786,0.000000,0.000000,0.000000,0.0,0.0,0.927969,0.417343,-0.534667,0.0,0.0,1.722070,0.784713,-1.065182,0.0,0.0,2.273618,1.006993,-1.502788,0.0,0.0,2.897717,1.125472,-1.969282,0.0,0.0,1.503221,0.223797,-1.927707,0.0,0.0,2.030342,0.666136,-2.787685,0.0,0.0,2.270457,1.176189,-3.268938,0.0,0.0,2.420333,1.708983,-3.583641,0.0,0.0,0.954369,0.205185,-2.044211,0.0,0.0,1.039856,0.537586,-3.090324,0.0,0.0,1.064084,1.270159,-3.535693,0.0,0.0,1.051812,1.985130,-3.823440,0.0,0.0,0.370838,0.337109,-2.127286,0.0,0.0,0.242419,0.854547,-3.129828,0.0,0.0,0.254841,1.576572,-3.457136,0.0,0.0,0.301208,2.227109,-3.611979,0.0,0.0,-0.206868,0.581456,-2.211202,0.0,0.0,-0.432265,1.120436,-3.033449,0.0,0.0,-0.626037,1.610464,-3.301286,0.0,0.0,-0.704445,2.052695,-3.445080,0.0,0.0
v15.mp4,5239f79215d2b91df5766b4a5286bcdca785813e9671cda0a655095777e7c82c,1920,1080,12.08,157,13.0,144,12000,Right,0.93701,0.000000,0.000000,0.000000,0.0,0.0,0.860902,0.342211,-0.311077,0.0,0.0,1.618953,0.721511,-0.713611,0.0,0.0,2.173263,0.985670,-1.065812,0.0,0.0,2.735614,1.184554,-1.448811,0.0,0.0,1.516233,0.490697,-1.571313,0.0,0.0,1.975055,1.147092,-2.318154,0.0,0.0,2.203200,1.692406,-2.734783,0.0,0.0,2.388645,2.236322,-2.998389,0.0,0.0,1.040930,0.412434,-1.744032,0.0,0.0,1.220143,0.770869,-2.593409,0.0,0.0,1.324271,1.288221,-2.934992,0.0,0.0,1.354893,1.781533,-3.157221,0.0,0.0,0.491021,0.427559,-1.879913,0.0,0.0,0.391763,1.055521,-2.748878,0.0,0.0,0.393986,1.790158,-3.031488,0.0,0.0,0.434725,2.432388,-3.155890,0.0,0.0,-0.093788,0.538861,-1.997875,0.0,0.0,-0.278602,1.180615,-2.708678,0.0,0.0,-0.499561,1.692008,-2.916504,0.0,0.0,-0.648560,2.131231,-3.015077,0.0,0.0
v15.mp4,5239f79215d2b91df5766b4a5286bcdca785813e9671cda0a655095777e7c82c,1920,1080,12.08,157,13.0,145,12083,Right,0.977113,0.000000,0.000000,0.000000,0.0,0.0,0.807711,0.447984,-0.332647,0.0,0.0,1.539610,1.090689,-0.688252,0.0,0.0,1.966017,1.602025,-0.977729,0.0,0.0,2.433363,1.892065,-1.283237,0.0,0.0,1.541888,0.554988,-1.467266,0.0,0.0,2.022713,1.114603,-2.095527,0.0,0.0,2.375657,1.524737,-2.445245,0.0,0.0,2.723802,1.996277,-2.690276,0.0,0.0,1.112522,0.349478,-1.639343,0.0,0.0,1.596345,0.700215,-2.457222,0.0,0.0,2.021468,1.190265,-2.927981,0.0,0.0,2.325458,1.733056,-3.260745,0.0,0.0,0.567776,0.311061,-1.758849,0.0,0.0,0.532261,1.069119,-2.592297,0.0,0.0,0.545232,1.800085,-2.986399,0.0,0.0,0.579368,2.465612,-3.209364,0.0,0.0,-0.024579,0.418716,-1.862182,0.0,0.0,-0.277172,1.157515,-2.557698,0.0,0.0,-0.549153,1.659670,-2.832357,0.0,0.0,-0.715751,2.091521,-2.999299,0.0,0.0
v15.mp4,5239f79215d2b91df5766b4a5286bcdca785813e9671cda0a655095777e7c82c,1920,1080,12.08,157,13.0,146,12166,Right,0.950937,0.000000,0.000000,0.000000,0.0,0.0,0.968627,0.340035,-0.376966,0.0,0.0,1.721602,0.842885,-0.794004,0.0,0.0,2.189119,1.229063,-1.119633,0.0,0.0,2.658076,1.398238,-1.459787,0.0,0.0,1.532262,0.468812,-1.745386,0.0,0.0,2.050559,0.763494,-2.517402,0.0,0.0,2.486165,0.962945,-2.961860,0.0,0.0,2.878113,1.223762,-3.264238,0.0,0.0,0.965832,0.389730,-1.896392,0.0,0.0,1.019756,1.193897,-2.842458,0.0,0.0,1.096589,2.027246,-3.273613,0.0,0.0,1.067065,2.778016,-3.562198,0.0,0.0,0.403229,0.431854,-2.001851,0.0,0.0,0.262430,1.258118,-2.911139,0.0,0.0,0.292719,2.038846,-3.299310,0.0,0.0,0.322460,2.719739,-3.517575,0.0,0.0,-0.128986,0.529472,-2.092727,0.0,0.0,-0.462593,1.217791,-2.794848,0.0,0.0,-0.658737,1.717276,-3.074956,0.0,0.0,-0.802589,2.176440,-3.259005,0.0,0.0
v15.mp4,5239f79215d2b91df5766b4a5286bcdca785813e9671cda0a655095777e7c82c,1920,1080,12.08,157,13.0,147,12250,Right,0.946975,0.000000,0.000000,0.000000,0.0,0.0,0.905326,0.280686,-0.391446,0.0,0.0,1.664642,0.698094,-0.776118,0.0,0.0,2.179425,1.039155,-1.071902,0.0,0.0,2.737081,1.204481,-1.381056,0.0,0.0,1.500099,0.462344,-1.577316,0.0,0.0,1.998934,0.851422,-2.285537,0.0,0.0,2.385557,1.105251,-2.693654,0.0,0.0,2.751842,1.389350,-2.975703,0.0,0.0,0.960309,0.452572,-1.701027,0.0,0.0,1.074724,1.252070,-2.588502,0.0,0.0,1.115834,2.076772,-3.018382,0.0,0.0,1.089159,2.811957,-3.303236,0.0,0.0,0.404344,0.526217,-1.786921,0.0,0.0,0.317352,1.313903,-2.637630,0.0,0.0,0.311521,2.068126,-3.000450,0.0,0.0,0.328029,2.722466,-3.201508,0.0,0.0,-0.125296,0.623626,-1.861910,0.0,0.0,-0.429774,1.266882,-2.535657,0.0,0.0,-0.641380,1.744902,-2.801807,0.0,0.0,-0.783600,2.190883,-2.968246,0.0,0.0
v15.mp4,5239f79215d2b91df5766b4a5286bcdca785813e9671cda0a655095777e7c82c,1920,1080,12.08,157,13.0,148,12333,Right,0.942619,0.000000,0.000000,0.000000,0.0,0.0,0.847988,0.247731,-0.328772,0.0,0.0,1.611946,0.630538,-0.639131,0.0,0.0,2.180757,0.907267,-0.889428,0.0,0.0,2.787015,1.073380,-1.161761,0.0,0.0,1.455196,0.491323,-1.265895,0.0,0.0,1.805183,1.308204,-1.857323,0.0,0.0,2.057026,1.871204,-2.193381,0.0,0.0,2.246334,2.403227,-2.417938,0.0,0.0,0.929612,0.496938,-1.377526,0.0,0.0,1.001573,1.343406,-2.043548,0.0,0.0,1.029093,2.141262,-2.350195,0.0,0.0,1.004987,2.826273,-2.563481,0.0,0.0,0.353546,0.552439,-1.465494,0.0,0.0,0.284225,1.368826,-2.146660,0.0,0.0,0.286237,2.076572,-2.418888,0.0,0.0,0.317033,2.679263,-2.574318,0.0,0.0,-0.202376,0.610920,-1.546441,0.0,0.0,-0.464323,1.238917,-2.150750,0.0,0.0,-0.645797,1.717387,-2.373318,0.0,0.0,-0.790881,2.179236,-2.498314,0.0,0.0
v15.mp4,5239f79215d2b91df5766b4a5286bcdca785813e9671cda0a655095777e7c82c,1920,1080,12.08,157,13.0,149,12416,Right,0.946586,0.000000,0.000000,0.000000,0.0,0.0,0.870331,0.215965,-0.448209,0.0,0.0,1.614836,0.541930,-0.908019,0.0,0.0,2.145750,0.849794,-1.261794,0.0,0.0,2.773515,1.078219,-1.639468,0.0,0.0,1.443464,0.497290,-1.767629,0.0,0.0,1.750017,1.308941,-2.584540,0.0,0.0,1.968375,1.906251,-3.074350,0.0,0.0,2.125926,2.463474,-3.388956,0.0,0.0,0.879637,0.516009,-1.851228,0.0,0.0,0.944519,1.294363,-2.722788,0.0,0.0,0.975479,2.058454,-3.109475,0.0,0.0,0.963139,2.701686,-3.388981,0.0,0.0,0.308855,0.565427,-1.902395,0.0,0.0,0.247772,1.310071,-2.769098,0.0,0.0,0.267686,1.985160,-3.109939,0.0,0.0,0.310189,2.558223,-3.311694,0.0,0.0,-0.230820,0.630645,-1.940050,0.0,0.0,-0.492047,1.183044,-2.667001,0.0,0.0,-0.698170,1.622872,-2.941414,0.0,0.0,-0.851134,2.064649,-3.116048,0.0,0.0
v15.mp4,5239f79215d2b91df5766b4a5286bcdca785813e9671cda0a655095777e7c82c,1920,1080,12.08,157,13.0,150,12500,Right,0.931446,0.000000,0.000000,0.000000,0.0,0.0,0.816174,0.173572,-0.459039,0.0,0.0,1.574707,0.533010,-0.863892,0.0,0.0,2.134119,0.895049,-1.162922,0.0,0.0,2.757789,1.136798,-1.480977,0.0,0.0,1.411981,0.493617,-1.567551,0.0,0.0,1.741285,1.337877,-2.294998,0.0,0.0,1.963275,1.971884,-2.742540,0.0,0.0,2.122904,2.530724,-3.032385,0.0,0.0,0.845255,0.528496,-1.624711,0.0,0.0,0.915204,1.383234,-2.378125,0.0,0.0,0.938281,2.176961,-2.712805,0.0,0.0,0.933253,2.819675,-2.950574,0.0,0.0,0.262063,0.589120,-1.663458,0.0,0.0,0.201855,1.398586,-2.415821,0.0,0.0,0.226588,2.128659,-2.702890,0.0,0.0,0.280882,2.737353,-2.872392,0.0,0.0,-0.281122,0.647467,-1.700135,0.0,0.0,-0.556049,1.260368,-2.365444,0.0,0.0,-0.753944,1.716381,-2.605342,0.0,0.0,-0.902457,2.163114,-2.745928,0.0,0.0
v15.mp4,5239f79215d2b91df5766b4a5286bcdca785813e9671cda0a655095777e7c82c,1920,1080,12.08,157,13.0,151,12583,Right,0.954905,0.000000,0.000000,0.000000,0.0,0.0,0.832346,0.193472,-0.476107,0.0,0.0,1.589846,0.557739,-0.903289,0.0,0.0,2.124706,0.925267,-1.216728,0.0,0.0,2.750031,1.146761,-1.545576,0.0,0.0,1.412660,0.492937,-1.668114,0.0,0.0,1.740650,1.345222,-2.428733,0.0,0.0,1.968445,1.984188,-2.884366,0.0,0.0,2.129770,2.548389,-3.173134,0.0,0.0,0.848457,0.508269,-1.722420,0.0,0.0,0.890157,1.346043,-2.537546,0.0,0.0,0.907135,2.141519,-2.890590,0.0,0.0,0.888071,2.784089,-3.130625,0.0,0.0,0.262128,0.561887,-1.752422,0.0,0.0,0.197434,1.359240,-2.557937,0.0,0.0,0.212410,2.100830,-2.857417,0.0,0.0,0.253735,2.727857,-3.023072,0.0,0.0,-0.292931,0.636085,-1.777919,0.0,0.0,-0.555560,1.233860,-2.474971,0.0,0.0,-0.761813,1.695884,-2.724367,0.0,0.0,-0.918866,2.148591,-2.865744,0.0,0.0
v15.mp4,5239f79215d2b91df5766b4a5286bcdca785813e9671cda0a655095777e7c82c,1920,1080,12.08,157,13.0,152,12666,Right,0.958002,0.000000,0.000000,0.000000,0.0,0.0,0.843023,0.190602,-0.515879,0.0,0.0,1.603848,0.545990,-0.964260,0.0,0.0,2.153772,0.919535,-1.285937,0.0,0.0,2.788249,1.139412,-1.620908,0.0,0.0,1.421044,0.495050,-1.764792,0.0,0.0,1.769539,1.335859,-2.575851,0.0,0.0,2.016524,1.986105,-3.070540,0.0,0.0,2.190467,2.562175,-3.380360,0.0,0.0,0.853872,0.503300,-1.805007,0.0,0.0,0.900003,1.331761,-2.645440,0.0,0.0,0.932567,2.145474,-3.002702,0.0,0.0,0.919416,2.810448,-3.246649,0.0,0.0,0.273008,0.552012,-1.825038,0.0,0.0,0.211407,1.355653,-2.659945,0.0,0.0,0.247306,2.116556,-2.974945,0.0,0.0,0.297186,2.761922,-3.148778,0.0,0.0,-0.281970,0.632018,-1.842082,0.0,0.0,-0.568230,1.256168,-2.549337,0.0,0.0,-0.769803,1.733800,-2.802220,0.0,0.0,-0.925374,2.190892,-2.948016,0.0,0.0
v15.mp4,5239f79215d2b91df5766b4a5286bcdca785813e9671cda0a655095777e7c82c,1920,1080,12.08,157,13.0,153,12750,Right,0.970693,0.000000,0.000000,0.000000,0.0,0.0,0.842308,0.166795,-0.467741,0.0,0.0,1.635262,0.452135,-0.890599,0.0,0.0,2.236027,0.619190,-1.204005,0.0,0.0,2.874158,0.535073,-1.533211,0.0,0.0,1.447050,0.468331,-1.589942,0.0,0.0,1.743287,1.336165,-2.312567,0.0,0.0,1.985325,1.932516,-2.761002,0.0,0.0,2.183487,2.434550,-3.053963,0.0,0.0,0.880855,0.480375,-1.643224,0.0,0.0,0.941868,1.325462,-2.394669,0.0,0.0,0.946521,2.110557,-2.724147,0.0,0.0,0.916002,2.761333,-2.953801,0.0,0.0,0.289611,0.530882,-1.673965,0.0,0.0,0.262087,1.306398,-2.413983,0.0,0.0,0.276757,2.041838,-2.684932,0.0,0.0,0.314767,2.666760,-2.842072,0.0,0.0,-0.257203,0.593516,-1.703453,0.0,0.0,-0.535660,1.201921,-2.336329,0.0,0.0,-0.731140,1.670294,-2.549119,0.0,0.0,-0.885921,2.123064,-2.674412,0.0,0.0
v15.mp4,5239f79215d2b91df5766b4a5286bcdca785813e9671cda0a655095777e7c82c,1920,1080,12.08,157,13.0,154,12833,Right,0.947263,0.000000,0.000000,0.000000,0.0,0.0,0.882630,0.109155,-0.557993,0.0,0.0,1.721268,0.298096,-1.079822,0.0,0.0,2.329721,0.352828,-1.470727,0.0,0.0,3.003794,0.177742,-1.882893,0.0,0.0,1.452786,0.435387,-1.854077,0.0,0.0,1.742837,1.244893,-2.711568,0.0,0.0,1.997097,1.857855,-3.267278,0.0,0.0,2.196356,2.392735,-3.633717,0.0,0.0,0.862406,0.500612,-1.893636,0.0,0.0,0.914867,1.280889,-2.779828,0.0,0.0,0.959084,2.033318,-3.193099,0.0,0.0,0.985942,2.678619,-3.496640,0.0,0.0,0.285734,0.561994,-1.908339,0.0,0.0,0.244256,1.279511,-2.768612,0.0,0.0,0.283990,1.955405,-3.101402,0.0,0.0,0.321723,2.541276,-3.303259,0.0,0.0,-0.241550,0.614083,-1.919340,0.0,0.0,-0.511800,1.156911,-2.619556,0.0,0.0,-0.717410,1.586928,-2.868237,0.0,0.0,-0.877931,2.030526,-3.034155,0.0,0.0
v15.mp4,5239f79215d2b91df5766b4a5286bcdca785813e9671cda0a655095777e7c82c,1920,1080,12.08,157,13.0,155,12916,Right,0.90358,0.000000,0.000000,0.000000,0.0,0.0,0.848616,0.070786,-0.438699,0.0,0.0,1.725973,0.256316,-0.841093,0.0,0.0,2.358941,0.239446,-1.150468,0.0,0.0,3.002468,0.016314,-1.479404,0.0,0.0,1.442210,0.469087,-1.380891,0.0,0.0,1.767393,1.343081,-2.005568,0.0,0.0,2.016624,1.956607,-2.407674,0.0,0.0,2.209837,2.475511,-2.680861,0.0,0.0,0.862319,0.540120,-1.431044,0.0,0.0,0.941558,1.392417,-2.050969,0.0,0.0,0.965776,2.133013,-2.330133,0.0,0.0,1.001651,2.738213,-2.541469,0.0,0.0,0.272587,0.585002,-1.463360,0.0,0.0,0.264658,1.369366,-2.075788,0.0,0.0,0.289595,2.069326,-2.278578,0.0,0.0,0.343382,2.641380,-2.407986,0.0,0.0,-0.250516,0.584740,-1.496471,0.0,0.0,-0.476443,1.175395,-2.022525,0.0,0.0,-0.681481,1.611179,-2.159896,0.0,0.0,-0.846334,2.023978,-2.242474,0.0,0.0
v15.mp4,5239f79215d2b91df5766b4a5286bcdca785813e9671cda0a655095777e7c82c,1920,1080,12.08,157,13.0,156,13000,Right,0.867324,0.000000,0.000000,0.000000,0.0,0.0,0.859516,0.091564,-0.406760,0.0,0.0,1.729792,0.263645,-0.782631,0.0,0.0,2.361159,0.238556,-1.079551,0.0,0.0,2.995113,0.030447,-1.394069,0.0,0.0,1.459778,0.477023,-1.266939,0.0,0.0,1.768786,1.324008,-1.867873,0.0,0.0,1.991220,1.917371,-2.256911,0.0,0.0,2.170062,2.427543,-2.522113,0.0,0.0,0.891972,0.551222,-1.323854,0.0,0.0,0.992312,1.382661,-1.923992,0.0,0.0,1.002691,2.122610,-2.206327,0.0,0.0,1.023831,2.749393,-2.417858,0.0,0.0,0.309357,0.597839,-1.366781,0.0,0.0,0.300977,1.371054,-1.959170,0.0,0.0,0.297874,2.029698,-2.155269,0.0,0.0,0.328531,2.579566,-2.276823,0.0,0.0,-0.202654,0.583857,-1.411948,0.0,0.0,-0.396663,1.165054,-1.930090,0.0,0.0,-0.596637,1.574856,-2.072875,0.0,0.0,-0.749660,1.975441,-2.156555,0.0,0.0
