video_file,video_hash,video_width,video_height,video_fps,total_video_frames,video_duration_sec,frame_idx,timestamp_ms,hand,hand_score,wrist_x,wrist_y,wrist_z,wrist_visibility,wrist_presence,thumb_cmc_x,thumb_cmc_y,thumb_cmc_z,thumb_cmc_visibility,thumb_cmc_presence,thumb_mcp_x,thumb_mcp_y,thumb_mcp_z,thumb_mcp_visibility,thumb_mcp_presence,thumb_ip_x,thumb_ip_y,thumb_ip_z,thumb_ip_visibility,thumb_ip_presence,thumb_tip_x,thumb_tip_y,thumb_tip_z,thumb_tip_visibility,thumb_tip_presence,index_mcp_x,index_mcp_y,index_mcp_z,index_mcp_visibility,index_mcp_presence,index_pip_x,index_pip_y,index_pip_z,index_pip_visibility,index_pip_presence,index_dip_x,index_dip_y,index_dip_z,index_dip_visibility,index_dip_presence,index_tip_x,index_tip_y,index_tip_z,index_tip_visibility,index_tip_presence,middle_mcp_x,middle_mcp_y,middle_mcp_z,middle_mcp_visibility,middle_mcp_presence,middle_pip_x,middle_pip_y,middle_pip_z,middle_pip_visibility,middle_pip_presence,middle_dip_x,middle_dip_y,middle_dip_z,middle_dip_visibility,middle_dip_presence,middle_tip_x,middle_tip_y,middle_tip_z,middle_tip_visibility,middle_tip_presence,ring_mcp_x,ring_mcp_y,ring_mcp_z,ring_mcp_visibility,ring_mcp_presence,ring_pip_x,ring_pip_y,ring_pip_z,ring_pip_visibility,ring_pip_presence,ring_dip_x,ring_dip_y,ring_dip_z,ring_dip_visibility,ring_dip_presence,ring_tip_x,ring_tip_y,ring_tip_z,ring_tip_visibility,ring_tip_presence,pinky_mcp_x,pinky_mcp_y,pinky_mcp_z,pinky_mcp_visibility,pinky_mcp_presence,pinky_pip_x,pinky_pip_y,pinky_pip_z,pinky_pip_visibility,pinky_pip_presence,pinky_dip_x,pinky_dip_y,pinky_dip_z,pinky_dip_visibility,pinky_dip_presence,pinky_tip_x,pinky_tip_y,pinky_tip_z,pinky_tip_visibility,pinky_tip_presence
record2.mp4,e7f94d8ffdda6840c9b04703cf2b6166921cdbd5be69632bee01bf2c9ebea648,640,480,12.02,736,61.25,0,0,Left,0.994912,0.000000,0.000000,0.000000,0.0,0.0,-0.673194,0.467889,-0.337254,0.0,0.0,-1.240950,1.083828,-0.642793,0.0,0.0,-1.605276,1.666256,-0.857419,0.0,0.0,-1.983526,2.040676,-1.091541,0.0,0.0,-0.633014,1.001692,-1.294319,0.0,0.0,-0.819931,1.850933,-1.779407,0.0,0.0,-0.954260,2.446163,-2.046066,0.0,0.0,-1.100799,2.934953,-2.226233,0.0,0.0,0.019761,0.924740,-1.294823,0.0,0.0,0.137943,1.816061,-1.801350,0.0,0.0,0.134609,2.554557,-2.074045,0.0,0.0,0.131117,3.099815,-2.305802,0.0,0.0,0.510671,0.872837,-1.254282,0.0,0.0,0.813202,1.684870,-1.692120,0.0,0.0,0.901978,2.327655,-1.930947,0.0,0.0,0.965390,2.798493,-2.111268,0.0,0.0,0.896869,0.851417,-1.210488,0.0,0.0,1.344873,1.477664,-1.588666,0.0,0.0,1.657166,1.896328,-1.793458,0.0,0.0,1.883661,2.250703,-1.940833,0.0,0.0
record2.mp4,e7f94d8ffdda6840c9b04703cf2b6166921cdbd5be69632bee01bf2c9ebea648,640,480,12.02,736,61.25,1,83,Left,0.962197,0.000000,0.000000,0.000000,0.0,0.0,-0.629478,0.405114,-0.439960,0.0,0.0,-1.100196,0.906512,-0.803795,0.0,0.0,-1.467553,1.427751,-1.082600,0.0,0.0,-1.818825,1.853859,-1.381223,0.0,0.0,-0.466758,1.028179,-1.245711,0.0,0.0,-0.698110,1.740158,-1.750816,0.0,0.0,-0.799066,2.304590,-2.024288,0.0,0.0,-0.921469,2.817869,-2.201542,0.0,0.0,0.136019,0.993782,-1.184015,0.0,0.0,0.211761,1.694099,-1.732533,0.0,0.0,0.225353,2.327753,-1.979164,0.0,0.0,0.188996,2.867898,-2.167861,0.0,0.0,0.607742,0.937286,-1.105282,0.0,0.0,0.821377,1.563829,-1.559906,0.0,0.0,0.888454,2.165874,-1.745686,0.0,0.0,0.877137,2.687827,-1.872996,0.0,0.0,0.963593,0.864735,-1.043122,0.0,0.0,1.388241,1.346694,-1.442262,0.0,0.0,1.625443,1.744179,-1.657535,0.0,0.0,1.793500,2.143530,-1.802243,0.0,0.0
record2.mp4,e7f94d8ffdda6840c9b04703cf2b6166921cdbd5be69632bee01bf2c9ebea648,640,480,12.02,736,61.25,2,166,Left,0.914902,0.000000,0.000000,0.000000,0.0,0.0,-0.609162,0.395583,-0.425298,0.0,0.0,-1.047868,0.888640,-0.798099,0.0,0.0,-1.405435,1.389656,-1.096830,0.0,0.0,-1.779102,1.789659,-1.415374,0.0,0.0,-0.455493,1.039880,-1.182872,0.0,0.0,-0.670742,1.759749,-1.680000,0.0,0.0,-0.765537,2.286369,-1.950419,0.0,0.0,-0.873284,2.774565,-2.128975,0.0,0.0,0.134177,1.024075,-1.149802,0.0,0.0,0.198876,1.713254,-1.687530,0.0,0.0,0.238102,2.282380,-1.938249,0.0,0.0,0.236450,2.792708,-2.129097,0.0,0.0,0.606432,0.962787,-1.104821,0.0,0.0,0.800043,1.574029,-1.570262,0.0,0.0,0.891930,2.136276,-1.778377,0.0,0.0,0.925461,2.639039,-1.919505,0.0,0.0,0.946686,0.872069,-1.074518,0.0,0.0,1.355757,1.340729,-1.477538,0.0,0.0,1.598504,1.706590,-1.695879,0.0,0.0,1.790218,2.082559,-1.847378,0.0,0.0
record2.mp4,e7f94d8ffdda6840c9b04703cf2b6166921cdbd5be69632bee01bf2c9ebea648,640,480,12.02,736,61.25,3,250,Left,0.925914,0.000000,0.000000,0.000000,0.0,0.0,-0.620530,0.403048,-0.430343,0.0,0.0,-1.063937,0.899110,-0.813269,0.0,0.0,-1.427052,1.396783,-1.117752,0.0,0.0,-1.808752,1.785252,-1.442131,0.0,0.0,-0.471957,1.032603,-1.232350,0.0,0.0,-0.684423,1.747138,-1.750974,0.0,0.0,-0.784149,2.279082,-2.031989,0.0,0.0,-0.903173,2.769115,-2.214122,0.0,0.0,0.120689,1.005264,-1.198276,0.0,0.0,0.185978,1.703231,-1.760358,0.0,0.0,0.223690,2.286230,-2.025610,0.0,0.0,0.217000,2.803998,-2.225214,0.0,0.0,0.599723,0.946195,-1.148618,0.0,0.0,0.793991,1.561702,-1.628902,0.0,0.0,0.888750,2.132348,-1.846534,0.0,0.0,0.922710,2.639950,-1.992687,0.0,0.0,0.953326,0.863180,-1.112208,0.0,0.0,1.360980,1.339012,-1.523033,0.0,0.0,1.601830,1.710149,-1.745770,0.0,0.0,1.790516,2.091488,-1.899689,0.0,0.0
record2.mp4,e7f94d8ffdda6840c9b04703cf2b6166921cdbd5be69632bee01bf2c9ebea648,640,480,12.02,736,61.25,4,333,Left,0.918134,0.000000,0.000000,0.000000,0.0,0.0,-0.611727,0.399083,-0.415560,0.0,0.0,-1.066461,0.882780,-0.790295,0.0,0.0,-1.440296,1.376768,-1.090711,0.0,0.0,-1.816743,1.761081,-1.411598,0.0,0.0,-0.461093,1.042690,-1.201068,0.0,0.0,-0.685019,1.748968,-1.701948,0.0,0.0,-0.783649,2.270851,-1.972736,0.0,0.0,-0.897822,2.751633,-2.150493,0.0,0.0,0.131795,1.020849,-1.171634,0.0,0.0,0.186568,1.712169,-1.713235,0.0,0.0,0.227035,2.280509,-1.965217,0.0,0.0,0.220690,2.781046,-2.157408,0.0,0.0,0.605850,0.955929,-1.126517,0.0,0.0,0.792116,1.570028,-1.590897,0.0,0.0,0.888355,2.132107,-1.799951,0.0,0.0,0.920275,2.627269,-1.943232,0.0,0.0,0.946906,0.861122,-1.094187,0.0,0.0,1.353670,1.323650,-1.498785,0.0,0.0,1.591548,1.681660,-1.718344,0.0,0.0,1.776008,2.053418,-1.869992,0.0,0.0
record2.mp4,e7f94d8ffdda6840c9b04703cf2b6166921cdbd5be69632bee01bf2c9ebea648,640,480,12.02,736,61.25,5,416,Left,0.931848,0.000000,0.000000,0.000000,0.0,0.0,-0.622483,0.409373,-0.430385,0.0,0.0,-1.070032,0.915210,-0.801912,0.0,0.0,-1.444977,1.412568,-1.096267,0.0,0.0,-1.818656,1.810899,-1.409074,0.0,0.0,-0.447883,1.064619,-1.193652,0.0,0.0,-0.676465,1.761303,-1.691463,0.0,0.0,-0.777447,2.281595,-1.965548,0.0,0.0,-0.893742,2.773385,-2.147172,0.0,0.0,0.135893,1.038095,-1.154157,0.0,0.0,0.206439,1.716763,-1.685652,0.0,0.0,0.245641,2.290170,-1.935659,0.0,0.0,0.238070,2.802521,-2.127951,0.0,0.0,0.598098,0.972940,-1.101630,0.0,0.0,0.795847,1.572711,-1.558552,0.0,0.0,0.886005,2.133054,-1.762843,0.0,0.0,0.917438,2.642413,-1.902862,0.0,0.0,0.933779,0.876168,-1.064542,0.0,0.0,1.335446,1.332357,-1.458812,0.0,0.0,1.579374,1.685978,-1.669570,0.0,0.0,1.769678,2.060018,-1.815843,0.0,0.0
record2.mp4,e7f94d8ffdda6840c9b04703cf2b6166921cdbd5be69632bee01bf2c9ebea648,640,480,12.02,736,61.25,6,500,Left,0.930955,0.000000,0.000000,0.000000,0.0,0.0,-0.622561,0.429681,-0.408194,0.0,0.0,-1.084505,0.949502,-0.773946,0.0,0.0,-1.466371,1.459344,-1.068376,0.0,0.0,-1.860533,1.850415,-1.381801,0.0,0.0,-0.474759,1.072598,-1.176694,0.0,0.0,-0.700449,1.802046,-1.671074,0.0,0.0,-0.792134,2.337834,-1.939601,0.0,0.0,-0.903238,2.850952,-2.118607,0.0,0.0,0.113052,1.034720,-1.151989,0.0,0.0,0.190969,1.722394,-1.699782,0.0,0.0,0.244268,2.314507,-1.958245,0.0,0.0,0.253023,2.854120,-2.153001,0.0,0.0,0.578652,0.964052,-1.111144,0.0,0.0,0.792336,1.570166,-1.578649,0.0,0.0,0.896426,2.154175,-1.781437,0.0,0.0,0.942658,2.688705,-1.915818,0.0,0.0,0.919025,0.868122,-1.084096,0.0,0.0,1.335031,1.341190,-1.481991,0.0,0.0,1.582064,1.705766,-1.687910,0.0,0.0,1.778633,2.090770,-1.827381,0.0,0.0
record2.mp4,e7f94d8ffdda6840c9b04703cf2b6166921cdbd5be69632bee01bf2c9ebea648,640,480,12.02,736,61.25,7,583,Left,0.932751,0.000000,0.000000,0.000000,0.0,0.0,-0.615320,0.405741,-0.400395,0.0,0.0,-1.072270,0.904224,-0.743402,0.0,0.0,-1.440548,1.407123,-1.012616,0.0,0.0,-1.816895,1.785906,-1.294931,0.0,0.0,-0.448151,1.060519,-1.108033,0.0,0.0,-0.678764,1.752209,-1.571101,0.0,0.0,-0.767859,2.274040,-1.822137,0.0,0.0,-0.873608,2.772029,-1.990958,0.0,0.0,0.143298,1.052774,-1.069613,0.0,0.0,0.215249,1.716321,-1.595410,0.0,0.0,0.254969,2.281128,-1.838605,0.0,0.0,0.252855,2.800434,-2.020299,0.0,0.0,0.601628,0.990152,-1.015482,0.0,0.0,0.810988,1.554130,-1.461167,0.0,0.0,0.902530,2.099106,-1.641871,0.0,0.0,0.935009,2.602416,-1.759503,0.0,0.0,0.917550,0.891066,-0.976352,0.0,0.0,1.335280,1.337788,-1.353790,0.0,0.0,1.579713,1.680332,-1.543345,0.0,0.0,1.782108,2.049463,-1.669532,0.0,0.0
record2.mp4,e7f94d8ffdda6840c9b04703cf2b6166921cdbd5be69632bee01bf2c9ebea648,640,480,12.02,736,61.25,8,666,Left,0.93463,0.000000,0.000000,0.000000,0.0,0.0,-0.614440,0.406953,-0.404659,0.0,0.0,-1.053312,0.905298,-0.752114,0.0,0.0,-1.412036,1.400614,-1.024318,0.0,0.0,-1.782242,1.787104,-1.309846,0.0,0.0,-0.433536,1.080467,-1.110889,0.0,0.0,-0.643877,1.764616,-1.571334,0.0,0.0,-0.726144,2.267622,-1.822615,0.0,0.0,-0.822141,2.745314,-1.992588,0.0,0.0,0.145998,1.076528,-1.072361,0.0,0.0,0.225119,1.725972,-1.584181,0.0,0.0,0.271704,2.267121,-1.824695,0.0,0.0,0.279079,2.765048,-2.005108,0.0,0.0,0.593292,1.018154,-1.019720,0.0,0.0,0.801587,1.584076,-1.461280,0.0,0.0,0.893303,2.104787,-1.651021,0.0,0.0,0.932083,2.585525,-1.776456,0.0,0.0,0.894518,0.920008,-0.981346,0.0,0.0,1.308042,1.345952,-1.357258,0.0,0.0,1.563001,1.669407,-1.550542,0.0,0.0,1.773231,2.018288,-1.680398,0.0,0.0
record2.mp4,e7f94d8ffdda6840c9b04703cf2b6166921cdbd5be69632bee01bf2c9ebea648,640,480,12.02,736,61.25,9,750,Left,0.901722,0.000000,0.000000,0.000000,0.0,0.0,-0.616890,0.390892,-0.412872,0.0,0.0,-1.059390,0.879286,-0.758611,0.0,0.0,-1.409733,1.373535,-1.026546,0.0,0.0,-1.760958,1.751510,-1.307122,0.0,0.0,-0.441162,1.094518,-1.124792,0.0,0.0,-0.670186,1.758420,-1.581950,0.0,0.0,-0.750910,2.231929,-1.826785,0.0,0.0,-0.838449,2.675278,-1.991034,0.0,0.0,0.141744,1.090438,-1.078361,0.0,0.0,0.211068,1.718158,-1.592012,0.0,0.0,0.253476,2.236500,-1.829636,0.0,0.0,0.256203,2.707907,-2.006023,0.0,0.0,0.585693,1.025802,-1.017540,0.0,0.0,0.777051,1.567808,-1.461032,0.0,0.0,0.860525,2.058638,-1.651855,0.0,0.0,0.892119,2.511551,-1.776912,0.0,0.0,0.874486,0.915881,-0.970786,0.0,0.0,1.271104,1.326760,-1.351814,0.0,0.0,1.521959,1.637708,-1.549060,0.0,0.0,1.729456,1.978140,-1.680026,0.0,0.0
record2.mp4,e7f94d8ffdda6840c9b04703cf2b6166921cdbd5be69632bee01bf2c9ebea648,640,480,12.02,736,61.25,10,833,Left,0.937434,0.000000,0.000000,0.000000,0.0,0.0,-0.604392,0.398138,-0.403127,0.0,0.0,-1.044251,0.881602,-0.742296,0.0,0.0,-1.396603,1.376063,-1.003182,0.0,0.0,-1.761315,1.749678,-1.274341,0.0,0.0,-0.419842,1.086990,-1.119415,0.0,0.0,-0.649640,1.752823,-1.567092,0.0,0.0,-0.738201,2.230187,-1.802881,0.0,0.0,-0.841325,2.674821,-1.960466,0.0,0.0,0.164427,1.083068,-1.072122,0.0,0.0,0.241228,1.706595,-1.588214,0.0,0.0,0.281920,2.232648,-1.824547,0.0,0.0,0.276500,2.707181,-1.999945,0.0,0.0,0.605680,1.017125,-1.007514,0.0,0.0,0.802070,1.538238,-1.445578,0.0,0.0,0.886949,2.036694,-1.630166,0.0,0.0,0.913175,2.495908,-1.751103,0.0,0.0,0.898245,0.909671,-0.956564,0.0,0.0,1.308855,1.324731,-1.329889,0.0,0.0,1.556182,1.644556,-1.524308,0.0,0.0,1.754547,1.992293,-1.653640,0.0,0.0
record2.mp4,e7f94d8ffdda6840c9b04703cf2b6166921cdbd5be69632bee01bf2c9ebea648,640,480,12.02,736,61.25,11,916,Left,0.914789,0.000000,0.000000,0.000000,0.0,0.0,-0.588869,0.387074,-0.358612,0.0,0.0,-1.023383,0.883697,-0.662708,0.0,0.0,-1.351449,1.372325,-0.901655,0.0,0.0,-1.715465,1.720977,-1.151957,0.0,0.0,-0.396269,1.108289,-0.973322,0.0,0.0,-0.612725,1.765023,-1.380498,0.0,0.0,-0.713609,2.216444,-1.601838,0.0,0.0,-0.820719,2.634098,-1.750995,0.0,0.0,0.166094,1.111534,-0.944428,0.0,0.0,0.231841,1.732635,-1.380019,0.0,0.0,0.273537,2.217279,-1.583103,0.0,0.0,0.281199,2.662980,-1.740420,0.0,0.0,0.598727,1.037794,-0.905420,0.0,0.0,0.784459,1.559439,-1.289677,0.0,0.0,0.871675,2.029731,-1.459600,0.0,0.0,0.918523,2.468124,-1.575887,0.0,0.0,0.887220,0.914849,-0.879461,0.0,0.0,1.275743,1.316676,-1.213811,0.0,0.0,1.524644,1.611628,-1.385888,0.0,0.0,1.735865,1.933608,-1.502030,0.0,0.0
record2.mp4,e7f94d8ffdda6840c9b04703cf2b6166921cdbd5be69632bee01bf2c9ebea648,640,480,12.02,736,61.25,12,1000,Left,0.913984,0.000000,0.000000,0.000000,0.0,0.0,-0.579236,0.391951,-0.359547,0.0,0.0,-1.006983,0.887868,-0.667165,0.0,0.0,-1.331970,1.380720,-0.906485,0.0,0.0,-1.684173,1.735607,-1.157009,0.0,0.0,-0.389799,1.121062,-0.990129,0.0,0.0,-0.602871,1.779030,-1.400653,0.0,0.0,-0.702122,2.229558,-1.623343,0.0,0.0,-0.811590,2.630051,-1.770926,0.0,0.0,0.167528,1.127188,-0.954394,0.0,0.0,0.230647,1.745812,-1.390908,0.0,0.0,0.266225,2.228818,-1.595541,0.0,0.0,0.263044,2.658485,-1.752432,0.0,0.0,0.591725,1.056991,-0.906755,0.0,0.0,0.780743,1.587339,-1.288931,0.0,0.0,0.868875,2.051971,-1.462037,0.0,0.0,0.907899,2.474224,-1.580958,0.0,0.0,0.867001,0.934224,-0.870699,0.0,0.0,1.258485,1.332939,-1.205927,0.0,0.0,1.505864,1.627377,-1.383434,0.0,0.0,1.709709,1.947183,-1.502350,0.0,0.0
record2.mp4,e7f94d8ffdda6840c9b04703cf2b6166921cdbd5be69632bee01bf2c9ebea648,640,480,12.02,736,61.25,13,1083,Left,0.943669,0.000000,0.000000,0.000000,0.0,0.0,-0.583220,0.382294,-0.402756,0.0,0.0,-1.025709,0.897678,-0.729704,0.0,0.0,-1.358292,1.406779,-0.976712,0.0,0.0,-1.725384,1.767312,-1.236863,0.0,0.0,-0.415700,1.094125,-1.092714,0.0,0.0,-0.622500,1.755791,-1.522336,0.0,0.0,-0.715746,2.222014,-1.753354,0.0,0.0,-0.820801,2.654209,-1.909537,0.0,0.0,0.153793,1.097584,-1.038924,0.0,0.0,0.235032,1.703344,-1.496557,0.0,0.0,0.277571,2.201132,-1.704764,0.0,0.0,0.284084,2.655088,-1.865577,0.0,0.0,0.589258,1.044027,-0.973087,0.0,0.0,0.783535,1.585192,-1.377042,0.0,0.0,0.862330,2.057074,-1.562498,0.0,0.0,0.896215,2.492015,-1.688946,0.0,0.0,0.876487,0.946534,-0.921243,0.0,0.0,1.272830,1.359852,-1.275880,0.0,0.0,1.523286,1.660324,-1.470524,0.0,0.0,1.716531,1.980978,-1.602217,0.0,0.0
record2.mp4,e7f94d8ffdda6840c9b04703cf2b6166921cdbd5be69632bee01bf2c9ebea648,640,480,12.02,736,61.25,14,1166,Left,0.941684,0.000000,0.000000,0.000000,0.0,0.0,-0.584063,0.409844,-0.359343,0.0,0.0,-1.041766,0.958905,-0.664793,0.0,0.0,-1.393900,1.477983,-0.903333,0.0,0.0,-1.757646,1.831977,-1.158049,0.0,0.0,-0.433288,1.109806,-1.034125,0.0,0.0,-0.638734,1.773792,-1.449037,0.0,0.0,-0.729802,2.237677,-1.671615,0.0,0.0,-0.839288,2.685628,-1.824598,0.0,0.0,0.135866,1.094762,-1.007707,0.0,0.0,0.223999,1.709671,-1.460550,0.0,0.0,0.287084,2.222917,-1.669089,0.0,0.0,0.300306,2.706430,-1.832295,0.0,0.0,0.575901,1.025647,-0.966790,0.0,0.0,0.782893,1.583056,-1.366807,0.0,0.0,0.888037,2.088880,-1.545384,0.0,0.0,0.937424,2.561731,-1.667337,0.0,0.0,0.876053,0.913429,-0.937424,0.0,0.0,1.291553,1.348311,-1.290160,0.0,0.0,1.555867,1.674647,-1.476829,0.0,0.0,1.761662,2.026013,-1.602724,0.0,0.0
record2.mp4,e7f94d8ffdda6840c9b04703cf2b6166921cdbd5be69632bee01bf2c9ebea648,640,480,12.02,736,61.25,15,1250,Left,0.947768,0.000000,0.000000,0.000000,0.0,0.0,-0.606538,0.375927,-0.415074,0.0,0.0,-1.090665,0.930089,-0.757305,0.0,0.0,-1.481864,1.474589,-1.019249,0.0,0.0,-1.878801,1.859148,-1.299897,0.0,0.0,-0.448557,1.029004,-1.152274,0.0,0.0,-0.663265,1.686558,-1.591093,0.0,0.0,-0.768927,2.184184,-1.826349,0.0,0.0,-0.888941,2.674061,-1.994289,0.0,0.0,0.149882,1.041651,-1.105928,0.0,0.0,0.217528,1.667524,-1.571815,0.0,0.0,0.277026,2.216885,-1.777233,0.0,0.0,0.283029,2.746838,-1.947520,0.0,0.0,0.616064,1.002733,-1.045992,0.0,0.0,0.844195,1.613242,-1.461769,0.0,0.0,0.965666,2.159998,-1.649336,0.0,0.0,1.011273,2.672408,-1.785249,0.0,0.0,0.920398,0.914017,-1.000552,0.0,0.0,1.369506,1.363820,-1.371971,0.0,0.0,1.656683,1.719262,-1.579437,0.0,0.0,1.870112,2.101248,-1.726828,0.0,0.0
record2.mp4,e7f94d8ffdda6840c9b04703cf2b6166921cdbd5be69632bee01bf2c9ebea648,640,480,12.02,736,61.25,16,1333,Left,0.941259,0.000000,0.000000,0.000000,0.0,0.0,-0.627183,0.383965,-0.450387,0.0,0.0,-1.118960,0.956250,-0.816193,0.0,0.0,-1.496700,1.507256,-1.099840,0.0,0.0,-1.908512,1.912402,-1.403348,0.0,0.0,-0.464637,1.004935,-1.213145,0.0,0.0,-0.672920,1.684930,-1.698071,0.0,0.0,-0.770650,2.216697,-1.971469,0.0,0.0,-0.889389,2.754966,-2.162592,0.0,0.0,0.151642,0.971036,-1.161055,0.0,0.0,0.251586,1.610136,-1.675243,0.0,0.0,0.323355,2.194728,-1.914809,0.0,0.0,0.348747,2.768704,-2.108222,0.0,0.0,0.634740,0.930628,-1.096473,0.0,0.0,0.896265,1.555209,-1.547967,0.0,0.0,1.054992,2.146801,-1.750348,0.0,0.0,1.140625,2.712151,-1.891707,0.0,0.0,0.976210,0.869234,-1.049726,0.0,0.0,1.437968,1.349642,-1.433260,0.0,0.0,1.739994,1.713988,-1.636627,0.0,0.0,1.971809,2.108427,-1.781332,0.0,0.0
record2.mp4,e7f94d8ffdda6840c9b04703cf2b6166921cdbd5be69632bee01bf2c9ebea648,640,480,12.02,736,61.25,17,1416,Left,0.929094,0.000000,0.000000,0.000000,0.0,0.0,-0.634081,0.424771,-0.471364,0.0,0.0,-1.114450,0.982754,-0.864648,0.0,0.0,-1.494546,1.531475,-1.169340,0.0,0.0,-1.894097,1.970504,-1.493121,0.0,0.0,-0.447045,1.017432,-1.301671,0.0,0.0,-0.632963,1.780256,-1.832434,0.0,0.0,-0.707896,2.370174,-2.122871,0.0,0.0,-0.810882,2.926587,-2.316742,0.0,0.0,0.176662,0.974667,-1.245775,0.0,0.0,0.316195,1.670714,-1.821810,0.0,0.0,0.380473,2.301286,-2.082809,0.0,0.0,0.395475,2.884539,-2.281333,0.0,0.0,0.654595,0.919233,-1.174913,0.0,0.0,0.922857,1.551717,-1.665068,0.0,0.0,1.040432,2.175896,-1.871500,0.0,0.0,1.091255,2.755869,-2.008959,0.0,0.0,0.985532,0.849664,-1.122531,0.0,0.0,1.471693,1.326837,-1.536957,0.0,0.0,1.766639,1.716011,-1.753563,0.0,0.0,1.994483,2.128925,-1.902372,0.0,0.0
record2.mp4,e7f94d8ffdda6840c9b04703cf2b6166921cdbd5be69632bee01bf2c9ebea648,640,480,12.02,736,61.25,18,1500,Left,0.922259,0.000000,0.000000,0.000000,0.0,0.0,-0.640578,0.368565,-0.475707,0.0,0.0,-1.116480,0.926039,-0.851555,0.0,0.0,-1.482136,1.483934,-1.145148,0.0,0.0,-1.873577,1.905613,-1.458105,0.0,0.0,-0.445364,0.982124,-1.225528,0.0,0.0,-0.643947,1.724506,-1.710350,0.0,0.0,-0.729631,2.278175,-1.976684,0.0,0.0,-0.828016,2.819074,-2.161805,0.0,0.0,0.171755,0.964394,-1.161674,0.0,0.0,0.269517,1.576877,-1.666139,0.0,0.0,0.347090,2.119626,-1.892107,0.0,0.0,0.379513,2.660589,-2.075489,0.0,0.0,0.655002,0.938102,-1.090955,0.0,0.0,0.881196,1.550976,-1.543875,0.0,0.0,1.017970,2.119340,-1.744498,0.0,0.0,1.097979,2.667290,-1.885840,0.0,0.0,0.988164,0.895103,-1.040853,0.0,0.0,1.437544,1.370644,-1.425821,0.0,0.0,1.725913,1.737750,-1.630863,0.0,0.0,1.941437,2.128252,-1.777449,0.0,0.0
record2.mp4,e7f94d8ffdda6840c9b04703cf2b6166921cdbd5be69632bee01bf2c9ebea648,640,480,12.02,736,61.25,19,1583,Left,0.922033,0.000000,0.000000,0.000000,0.0,0.0,-0.632508,0.373535,-0.456231,0.0,0.0,-1.104656,0.939677,-0.826513,0.0,0.0,-1.469885,1.500372,-1.114939,0.0,0.0,-1.875494,1.892292,-1.421384,0.0,0.0,-0.456552,0.975550,-1.212785,0.0,0.0,-0.667761,1.666306,-1.687005,0.0,0.0,-0.780473,2.203288,-1.946790,0.0,0.0,-0.904188,2.732781,-2.128765,0.0,0.0,0.152687,0.956278,-1.158092,0.0,0.0,0.228449,1.522498,-1.648012,0.0,0.0,0.310452,2.029980,-1.863687,0.0,0.0,0.341348,2.531774,-2.043363,0.0,0.0,0.641685,0.939148,-1.095025,0.0,0.0,0.851168,1.532459,-1.544014,0.0,0.0,0.975253,2.069464,-1.737988,0.0,0.0,1.051680,2.587962,-1.877892,0.0,0.0,0.985353,0.907539,-1.049874,0.0,0.0,1.408151,1.378278,-1.435994,0.0,0.0,1.690079,1.735727,-1.636565,0.0,0.0,1.908186,2.126396,-1.781822,0.0,0.0
record2.mp4,e7f94d8ffdda6840c9b04703cf2b6166921cdbd5be69632bee01bf2c9ebea648,640,480,12.02,736,61.25,20,1666,Left,0.953561,0.000000,0.000000,0.000000,0.0,0.0,-0.634754,0.392821,-0.400551,0.0,0.0,-1.149638,1.007186,-0.731514,0.0,0.0,-1.550917,1.579694,-0.992152,0.0,0.0,-1.968989,1.965030,-1.275086,0.0,0.0,-0.505579,1.001668,-1.116954,0.0,0.0,-0.727228,1.686098,-1.541159,0.0,0.0,-0.826521,2.191634,-1.766047,0.0,0.0,-0.938103,2.708438,-1.928379,0.0,0.0,0.107082,0.957794,-1.084677,0.0,0.0,0.189514,1.591249,-1.532531,0.0,0.0,0.272831,2.139073,-1.730866,0.0,0.0,0.311835,2.691594,-1.903169,0.0,0.0,0.601801,0.914229,-1.040644,0.0,0.0,0.831066,1.546612,-1.450470,0.0,0.0,0.989213,2.127869,-1.634533,0.0,0.0,1.093534,2.688536,-1.770526,0.0,0.0,0.965900,0.857668,-1.011535,0.0,0.0,1.417033,1.366392,-1.370326,0.0,0.0,1.715735,1.752959,-1.563165,0.0,0.0,1.948976,2.162556,-1.705357,0.0,0.0
record2.mp4,e7f94d8ffdda6840c9b04703cf2b6166921cdbd5be69632bee01bf2c9ebea648,640,480,12.02,736,61.25,21,1750,Left,0.949049,0.000000,0.000000,0.000000,0.0,0.0,-0.624312,0.414011,-0.400149,0.0,0.0,-1.091566,0.977400,-0.742700,0.0,0.0,-1.477894,1.529835,-1.010993,0.0,0.0,-1.852279,1.946156,-1.297234,0.0,0.0,-0.475888,1.007986,-1.138348,0.0,0.0,-0.703996,1.631458,-1.619020,0.0,0.0,-0.813993,2.144280,-1.885708,0.0,0.0,-0.943117,2.648677,-2.063606,0.0,0.0,0.129680,0.979941,-1.107761,0.0,0.0,0.204178,1.688535,-1.651187,0.0,0.0,0.257065,2.322011,-1.915147,0.0,0.0,0.267577,2.906954,-2.118128,0.0,0.0,0.614724,0.929519,-1.059325,0.0,0.0,0.859260,1.561583,-1.522545,0.0,0.0,1.004296,2.170055,-1.723424,0.0,0.0,1.072688,2.732259,-1.856134,0.0,0.0,0.972229,0.857479,-1.023298,0.0,0.0,1.408732,1.357230,-1.411241,0.0,0.0,1.674491,1.753316,-1.612875,0.0,0.0,1.892424,2.172600,-1.752992,0.0,0.0
record2.mp4,e7f94d8ffdda6840c9b04703cf2b6166921cdbd5be69632bee01bf2c9ebea648,640,480,12.02,736,61.25,22,1833,Left,0.946125,0.000000,0.000000,0.000000,0.0,0.0,-0.595050,0.427088,-0.362666,0.0,0.0,-1.060006,0.985423,-0.678009,0.0,0.0,-1.428115,1.511425,-0.932356,0.0,0.0,-1.803439,1.884617,-1.205968,0.0,0.0,-0.452523,1.062969,-1.022204,0.0,0.0,-0.651607,1.732159,-1.458596,0.0,0.0,-0.710277,2.243303,-1.703503,0.0,0.0,-0.775807,2.737646,-1.869930,0.0,0.0,0.136950,1.012103,-1.006418,0.0,0.0,0.213279,1.699549,-1.480890,0.0,0.0,0.281254,2.286156,-1.708192,0.0,0.0,0.316304,2.823414,-1.886350,0.0,0.0,0.609399,0.934265,-0.978277,0.0,0.0,0.827944,1.536927,-1.388627,0.0,0.0,0.961804,2.101711,-1.568831,0.0,0.0,1.041741,2.620811,-1.690783,0.0,0.0,0.958874,0.840808,-0.963952,0.0,0.0,1.376799,1.312626,-1.318432,0.0,0.0,1.635475,1.675986,-1.503152,0.0,0.0,1.847577,2.054527,-1.629552,0.0,0.0
record2.mp4,e7f94d8ffdda6840c9b04703cf2b6166921cdbd5be69632bee01bf2c9ebea648,640,480,12.02,736,61.25,23,1916,Left,0.981661,0.000000,0.000000,0.000000,0.0,0.0,-0.599150,0.447966,-0.310787,0.0,0.0,-1.071322,0.979575,-0.614542,0.0,0.0,-1.442361,1.499758,-0.857969,0.0,0.0,-1.797998,1.907272,-1.124556,0.0,0.0,-0.412950,1.109632,-0.993595,0.0,0.0,-0.591516,1.809109,-1.395414,0.0,0.0,-0.678738,2.330111,-1.614636,0.0,0.0,-0.783955,2.814655,-1.762557,0.0,0.0,0.163376,1.087413,-0.984047,0.0,0.0,0.270435,1.814697,-1.387699,0.0,0.0,0.331461,2.414002,-1.552316,0.0,0.0,0.343679,2.936440,-1.687028,0.0,0.0,0.616452,1.000762,-0.958399,0.0,0.0,0.888412,1.704377,-1.313579,0.0,0.0,1.035217,2.284912,-1.468995,0.0,0.0,1.099524,2.811769,-1.582552,0.0,0.0,0.902708,0.872840,-0.939284,0.0,0.0,1.411687,1.296459,-1.264102,0.0,0.0,1.724942,1.618073,-1.433169,0.0,0.0,1.962783,1.952432,-1.548266,0.0,0.0
record2.mp4,e7f94d8ffdda6840c9b04703cf2b6166921cdbd5be69632bee01bf2c9ebea648,640,480,12.02,736,61.25,24,2000,Left,0.926549,0.000000,0.000000,0.000000,0.0,0.0,-0.627724,0.428559,-0.411388,0.0,0.0,-1.081260,0.968483,-0.796968,0.0,0.0,-1.444462,1.486635,-1.111610,0.0,0.0,-1.830022,1.894702,-1.454491,0.0,0.0,-0.460822,1.075049,-1.221893,0.0,0.0,-0.594055,1.788895,-1.696993,0.0,0.0,-0.686824,2.302776,-1.963663,0.0,0.0,-0.785488,2.823332,-2.154166,0.0,0.0,0.154916,0.993590,-1.200543,0.0,0.0,0.279869,1.551996,-1.655501,0.0,0.0,0.342259,1.990560,-1.828278,0.0,0.0,0.362511,2.399283,-1.981514,0.0,0.0,0.647638,0.879128,-1.167296,0.0,0.0,0.954940,1.520344,-1.592082,0.0,0.0,1.222832,2.101037,-1.764243,0.0,0.0,1.420543,2.694525,-1.904478,0.0,0.0,0.972429,0.744081,-1.144415,0.0,0.0,1.463625,1.141335,-1.526442,0.0,0.0,1.802549,1.426648,-1.698126,0.0,0.0,2.091836,1.762539,-1.825341,0.0,0.0
record2.mp4,e7f94d8ffdda6840c9b04703cf2b6166921cdbd5be69632bee01bf2c9ebea648,640,480,12.02,736,61.25,25,2083,Left,0.915917,0.000000,0.000000,0.000000,0.0,0.0,-0.625357,0.418879,-0.447744,0.0,0.0,-1.072052,0.973728,-0.845881,0.0,0.0,-1.442233,1.508175,-1.167569,0.0,0.0,-1.840935,1.914800,-1.512594,0.0,0.0,-0.468502,1.036305,-1.269503,0.0,0.0,-0.605075,1.796896,-1.770734,0.0,0.0,-0.704865,2.350526,-2.054905,0.0,0.0,-0.811238,2.907035,-2.254166,0.0,0.0,0.152422,0.957762,-1.229307,0.0,0.0,0.267262,1.522649,-1.738915,0.0,0.0,0.345935,2.015933,-1.952576,0.0,0.0,0.382582,2.491548,-2.132308,0.0,0.0,0.651618,0.870848,-1.176796,0.0,0.0,0.944372,1.492690,-1.636891,0.0,0.0,1.183793,2.095030,-1.822576,0.0,0.0,1.359472,2.683943,-1.962587,0.0,0.0,0.995689,0.778383,-1.139069,0.0,0.0,1.486053,1.253489,-1.531647,0.0,0.0,1.812964,1.592292,-1.713879,0.0,0.0,2.087884,1.958619,-1.847342,0.0,0.0
record2.mp4,e7f94d8ffdda6840c9b04703cf2b6166921cdbd5be69632bee01bf2c9ebea648,640,480,12.02,736,61.25,26,2166,Left,0.959703,0.000000,0.000000,0.000000,0.0,0.0,-0.633618,0.449399,-0.388583,0.0,0.0,-1.098496,1.007519,-0.737765,0.0,0.0,-1.466279,1.535124,-1.019987,0.0,0.0,-1.844597,1.937787,-1.323591,0.0,0.0,-0.503300,1.054878,-1.154041,0.0,0.0,-0.668358,1.826602,-1.611610,0.0,0.0,-0.730155,2.362465,-1.850606,0.0,0.0,-0.810334,2.895645,-2.013535,0.0,0.0,0.106203,0.968784,-1.131447,0.0,0.0,0.191521,1.630532,-1.633462,0.0,0.0,0.279514,2.207198,-1.850270,0.0,0.0,0.322013,2.761214,-2.023646,0.0,0.0,0.599352,0.875916,-1.092180,0.0,0.0,0.859776,1.482439,-1.522204,0.0,0.0,1.050927,2.081969,-1.690065,0.0,0.0,1.174850,2.663546,-1.809155,0.0,0.0,0.966285,0.786842,-1.067101,0.0,0.0,1.421388,1.260340,-1.446112,0.0,0.0,1.713419,1.629412,-1.632088,0.0,0.0,1.960263,2.030504,-1.759600,0.0,0.0
record2.mp4,e7f94d8ffdda6840c9b04703cf2b6166921cdbd5be69632bee01bf2c9ebea648,640,480,12.02,736,61.25,27,2250,Left,0.96278,0.000000,0.000000,0.000000,0.0,0.0,-0.631477,0.427991,-0.397567,0.0,0.0,-1.123069,0.982685,-0.740318,0.0,0.0,-1.510488,1.514407,-1.008885,0.0,0.0,-1.860240,1.923204,-1.294927,0.0,0.0,-0.502140,1.033570,-1.176709,0.0,0.0,-0.685936,1.789465,-1.648797,0.0,0.0,-0.746807,2.350178,-1.900357,0.0,0.0,-0.825620,2.888962,-2.063922,0.0,0.0,0.112305,0.975089,-1.137300,0.0,0.0,0.195461,1.676206,-1.641655,0.0,0.0,0.295268,2.310935,-1.856225,0.0,0.0,0.347761,2.881684,-2.024337,0.0,0.0,0.601654,0.904196,-1.080479,0.0,0.0,0.821293,1.540986,-1.511064,0.0,0.0,0.987244,2.144036,-1.674507,0.0,0.0,1.084504,2.701975,-1.781929,0.0,0.0,0.959484,0.821021,-1.037840,0.0,0.0,1.386396,1.315971,-1.413775,0.0,0.0,1.644211,1.702532,-1.596357,0.0,0.0,1.844961,2.107918,-1.715199,0.0,0.0
record2.mp4,e7f94d8ffdda6840c9b04703cf2b6166921cdbd5be69632bee01bf2c9ebea648,640,480,12.02,736,61.25,28,2333,Left,0.970165,0.000000,0.000000,0.000000,0.0,0.0,-0.639587,0.429628,-0.425670,0.0,0.0,-1.138783,0.999273,-0.788434,0.0,0.0,-1.529879,1.545941,-1.069470,0.0,0.0,-1.888879,1.973069,-1.367688,0.0,0.0,-0.520007,1.012752,-1.273676,0.0,0.0,-0.704047,1.787458,-1.770323,0.0,0.0,-0.771676,2.367269,-2.031819,0.0,0.0,-0.868077,2.936070,-2.203185,0.0,0.0,0.108170,0.930631,-1.219201,0.0,0.0,0.187964,1.595865,-1.765091,0.0,0.0,0.274984,2.227199,-1.997544,0.0,0.0,0.302711,2.807620,-2.180246,0.0,0.0,0.605332,0.864657,-1.142766,0.0,0.0,0.837276,1.464975,-1.603015,0.0,0.0,0.988322,2.076211,-1.777965,0.0,0.0,1.062993,2.637426,-1.893287,0.0,0.0,0.981895,0.807631,-1.081309,0.0,0.0,1.418355,1.316205,-1.474024,0.0,0.0,1.680375,1.727639,-1.671239,0.0,0.0,1.879094,2.156544,-1.803263,0.0,0.0
record2.mp4,e7f94d8ffdda6840c9b04703cf2b6166921cdbd5be69632bee01bf2c9ebea648,640,480,12.02,736,61.25,29,2416,Left,0.968288,0.000000,0.000000,0.000000,0.0,0.0,-0.641895,0.410820,-0.414229,0.0,0.0,-1.130138,0.986367,-0.774959,0.0,0.0,-1.516698,1.548906,-1.059209,0.0,0.0,-1.873151,1.993483,-1.365203,0.0,0.0,-0.543728,1.001760,-1.240756,0.0,0.0,-0.724270,1.732377,-1.732196,0.0,0.0,-0.793296,2.284536,-1.991694,0.0,0.0,-0.876392,2.827716,-2.163820,0.0,0.0,0.079408,0.934065,-1.201101,0.0,0.0,0.176908,1.575980,-1.722809,0.0,0.0,0.264417,2.172114,-1.936027,0.0,0.0,0.298349,2.727340,-2.106123,0.0,0.0,0.587846,0.872887,-1.144899,0.0,0.0,0.816703,1.504316,-1.603526,0.0,0.0,0.975510,2.124858,-1.781473,0.0,0.0,1.065050,2.703767,-1.900771,0.0,0.0,0.966736,0.812646,-1.101149,0.0,0.0,1.373472,1.317361,-1.498920,0.0,0.0,1.624481,1.724333,-1.695851,0.0,0.0,1.814743,2.148140,-1.828494,0.0,0.0
record2.mp4,e7f94d8ffdda6840c9b04703cf2b6166921cdbd5be69632bee01bf2c9ebea648,640,480,12.02,736,61.25,30,2500,Left,0.978616,0.000000,0.000000,0.000000,0.0,0.0,-0.622102,0.446294,-0.377952,0.0,0.0,-1.095402,1.024803,-0.741820,0.0,0.0,-1.493201,1.587017,-1.027651,0.0,0.0,-1.880950,2.015952,-1.333623,0.0,0.0,-0.539611,0.995716,-1.268144,0.0,0.0,-0.691331,1.697929,-1.771121,0.0,0.0,-0.730761,2.240948,-2.025694,0.0,0.0,-0.785886,2.753435,-2.187925,0.0,0.0,0.083720,0.920090,-1.242721,0.0,0.0,0.164919,1.610909,-1.781559,0.0,0.0,0.233233,2.240918,-1.985300,0.0,0.0,0.242133,2.780144,-2.144491,0.0,0.0,0.597991,0.855383,-1.193941,0.0,0.0,0.831846,1.514747,-1.659716,0.0,0.0,0.988614,2.158708,-1.830520,0.0,0.0,1.054063,2.726496,-1.941925,0.0,0.0,0.983654,0.794054,-1.151364,0.0,0.0,1.401722,1.311264,-1.549530,0.0,0.0,1.646400,1.734852,-1.746256,0.0,0.0,1.822124,2.165725,-1.878208,0.0,0.0
record2.mp4,e7f94d8ffdda6840c9b04703cf2b6166921cdbd5be69632bee01bf2c9ebea648,640,480,12.02,736,61.25,31,2583,Left,0.975326,0.000000,0.000000,0.000000,0.0,0.0,-0.655421,0.416891,-0.352671,0.0,0.0,-1.176833,1.050044,-0.668069,0.0,0.0,-1.587269,1.632675,-0.911942,0.0,0.0,-1.979928,2.066063,-1.177124,0.0,0.0,-0.542761,0.953141,-1.092961,0.0,0.0,-0.695579,1.423623,-1.532550,0.0,0.0,-0.717524,1.885318,-1.769420,0.0,0.0,-0.771662,2.344414,-1.933558,0.0,0.0,0.074581,0.924405,-1.086234,0.0,0.0,0.153424,1.638018,-1.555557,0.0,0.0,0.214259,2.274657,-1.764822,0.0,0.0,0.213804,2.845736,-1.943221,0.0,0.0,0.587893,0.894673,-1.061569,0.0,0.0,0.816288,1.570620,-1.483210,0.0,0.0,0.961522,2.200377,-1.663743,0.0,0.0,1.023084,2.775728,-1.792152,0.0,0.0,0.979209,0.836033,-1.044478,0.0,0.0,1.389380,1.352980,-1.412291,0.0,0.0,1.643396,1.769736,-1.603489,0.0,0.0,1.830892,2.194246,-1.743518,0.0,0.0
record2.mp4,e7f94d8ffdda6840c9b04703cf2b6166921cdbd5be69632bee01bf2c9ebea648,640,480,12.02,736,61.25,32,2666,Left,0.955956,0.000000,0.000000,0.000000,0.0,0.0,-0.678312,0.402324,-0.441789,0.0,0.0,-1.183099,1.031006,-0.820964,0.0,0.0,-1.616297,1.619996,-1.103872,0.0,0.0,-2.010010,2.086351,-1.401592,0.0,0.0,-0.594297,0.870762,-1.353659,0.0,0.0,-0.699659,1.289945,-1.895026,0.0,0.0,-0.724427,1.746925,-2.193603,0.0,0.0,-0.781379,2.243217,-2.400270,0.0,0.0,0.059191,0.857849,-1.329748,0.0,0.0,0.170681,1.578044,-1.944751,0.0,0.0,0.238986,2.278489,-2.242405,0.0,0.0,0.260988,2.924561,-2.482178,0.0,0.0,0.592220,0.853058,-1.277260,0.0,0.0,0.853720,1.522630,-1.808390,0.0,0.0,1.007879,2.192160,-2.029955,0.0,0.0,1.074087,2.820915,-2.180670,0.0,0.0,0.998942,0.807168,-1.234526,0.0,0.0,1.424980,1.332282,-1.663412,0.0,0.0,1.682525,1.756107,-1.875421,0.0,0.0,1.877503,2.198569,-2.033006,0.0,0.0
record2.mp4,e7f94d8ffdda6840c9b04703cf2b6166921cdbd5be69632bee01bf2c9ebea648,640,480,12.02,736,61.25,33,2750,Left,0.962348,0.000000,0.000000,0.000000,0.0,0.0,-0.646400,0.415392,-0.415659,0.0,0.0,-1.165336,1.028647,-0.779241,0.0,0.0,-1.604067,1.627707,-1.053741,0.0,0.0,-1.992056,2.095683,-1.350374,0.0,0.0,-0.605315,0.920451,-1.312311,0.0,0.0,-0.792552,1.494102,-1.824215,0.0,0.0,-0.841787,2.005961,-2.097263,0.0,0.0,-0.909429,2.524762,-2.283538,0.0,0.0,0.031155,0.890389,-1.282926,0.0,0.0,0.108184,1.642153,-1.847440,0.0,0.0,0.154925,2.322710,-2.100500,0.0,0.0,0.155758,2.930549,-2.309456,0.0,0.0,0.556255,0.872442,-1.226705,0.0,0.0,0.791356,1.559231,-1.702655,0.0,0.0,0.926820,2.210953,-1.887349,0.0,0.0,0.978403,2.799364,-2.020090,0.0,0.0,0.959676,0.835786,-1.181041,0.0,0.0,1.372348,1.359165,-1.578666,0.0,0.0,1.609218,1.781904,-1.775509,0.0,0.0,1.785229,2.216653,-1.921287,0.0,0.0
record2.mp4,e7f94d8ffdda6840c9b04703cf2b6166921cdbd5be69632bee01bf2c9ebea648,640,480,12.02,736,61.25,34,2833,Left,0.969132,0.000000,0.000000,0.000000,0.0,0.0,-0.631088,0.429510,-0.445127,0.0,0.0,-1.127086,1.036912,-0.821628,0.0,0.0,-1.550611,1.631473,-1.095984,0.0,0.0,-1.907924,2.115411,-1.388991,0.0,0.0,-0.571947,0.950837,-1.425464,0.0,0.0,-0.758257,1.588006,-1.985368,0.0,0.0,-0.826270,2.137613,-2.286396,0.0,0.0,-0.919385,2.682123,-2.483608,0.0,0.0,0.059171,0.900329,-1.368412,0.0,0.0,0.149499,1.656275,-1.992292,0.0,0.0,0.191395,2.357487,-2.283087,0.0,0.0,0.180709,2.973335,-2.513417,0.0,0.0,0.565038,0.894768,-1.277617,0.0,0.0,0.803369,1.573121,-1.780401,0.0,0.0,0.921102,2.226668,-1.979423,0.0,0.0,0.946175,2.802870,-2.119446,0.0,0.0,0.953404,0.887377,-1.198487,0.0,0.0,1.377450,1.417629,-1.614710,0.0,0.0,1.618589,1.838007,-1.829374,0.0,0.0,1.789538,2.273119,-1.984227,0.0,0.0
record2.mp4,e7f94d8ffdda6840c9b04703cf2b6166921cdbd5be69632bee01bf2c9ebea648,640,480,12.02,736,61.25,35,2916,Left,0.969206,0.000000,0.000000,0.000000,0.0,0.0,-0.638165,0.458142,-0.386691,0.0,0.0,-1.121671,0.995961,-0.751788,0.0,0.0,-1.517804,1.518278,-1.038354,0.0,0.0,-1.840136,1.969317,-1.351147,0.0,0.0,-0.539306,1.026301,-1.318074,0.0,0.0,-0.681719,1.802190,-1.850548,0.0,0.0,-0.714002,2.401433,-2.132691,0.0,0.0,-0.755613,2.945145,-2.316446,0.0,0.0,0.079682,0.937479,-1.296190,0.0,0.0,0.161164,1.697669,-1.890061,0.0,0.0,0.235023,2.382599,-2.157107,0.0,0.0,0.267340,2.969717,-2.364904,0.0,0.0,0.582899,0.861658,-1.246603,0.0,0.0,0.815809,1.525852,-1.732370,0.0,0.0,0.943733,2.194483,-1.931638,0.0,0.0,0.986360,2.782679,-2.071505,0.0,0.0,0.966299,0.795856,-1.205649,0.0,0.0,1.387770,1.319097,-1.631975,0.0,0.0,1.633932,1.761329,-1.860966,0.0,0.0,1.812807,2.208369,-2.020285,0.0,0.0
record2.mp4,e7f94d8ffdda6840c9b04703cf2b6166921cdbd5be69632bee01bf2c9ebea648,640,480,12.02,736,61.25,36,3000,Left,0.974042,0.000000,0.000000,0.000000,0.0,0.0,-0.646446,0.396896,-0.409995,0.0,0.0,-1.151625,0.890702,-0.787516,0.0,0.0,-1.565147,1.378659,-1.079266,0.0,0.0,-1.870023,1.767884,-1.393817,0.0,0.0,-0.566680,0.962166,-1.384311,0.0,0.0,-0.699144,1.733698,-1.923758,0.0,0.0,-0.727560,2.317089,-2.208285,0.0,0.0,-0.762361,2.844605,-2.389780,0.0,0.0,0.081845,0.894794,-1.342747,0.0,0.0,0.180885,1.652842,-1.924015,0.0,0.0,0.243103,2.311817,-2.173290,0.0,0.0,0.265404,2.863686,-2.367392,0.0,0.0,0.600846,0.845412,-1.271081,0.0,0.0,0.822161,1.524278,-1.741187,0.0,0.0,0.945493,2.146430,-1.938210,0.0,0.0,0.986060,2.679164,-2.076208,0.0,0.0,0.980697,0.803603,-1.209202,0.0,0.0,1.382015,1.303896,-1.613718,0.0,0.0,1.615753,1.695661,-1.831022,0.0,0.0,1.782650,2.095217,-1.982003,0.0,0.0
record2.mp4,e7f94d8ffdda6840c9b04703cf2b6166921cdbd5be69632bee01bf2c9ebea648,640,480,12.02,736,61.25,37,3083,Left,0.964148,0.000000,0.000000,0.000000,0.0,0.0,-0.646666,0.415795,-0.442546,0.0,0.0,-1.186667,0.834821,-0.866748,0.0,0.0,-1.674385,1.210459,-1.191873,0.0,0.0,-2.040814,1.534943,-1.533129,0.0,0.0,-0.554104,0.940158,-1.519017,0.0,0.0,-0.714046,1.726303,-2.113487,0.0,0.0,-0.750428,2.332027,-2.431300,0.0,0.0,-0.795041,2.894743,-2.631822,0.0,0.0,0.092229,0.881346,-1.457616,0.0,0.0,0.178841,1.672899,-2.101539,0.0,0.0,0.223574,2.364142,-2.379936,0.0,0.0,0.229302,2.945586,-2.590460,0.0,0.0,0.605371,0.864959,-1.357457,0.0,0.0,0.834616,1.565620,-1.858085,0.0,0.0,0.946739,2.206401,-2.054907,0.0,0.0,0.969400,2.765053,-2.187851,0.0,0.0,0.982117,0.867545,-1.267744,0.0,0.0,1.392612,1.380172,-1.678244,0.0,0.0,1.624798,1.781333,-1.892458,0.0,0.0,1.777626,2.210679,-2.040321,0.0,0.0
record2.mp4,e7f94d8ffdda6840c9b04703cf2b6166921cdbd5be69632bee01bf2c9ebea648,640,480,12.02,736,61.25,38,3166,Left,0.925087,0.000000,0.000000,0.000000,0.0,0.0,-0.639487,0.361557,-0.460366,0.0,0.0,-1.164242,0.725811,-0.884192,0.0,0.0,-1.634931,1.039228,-1.220521,0.0,0.0,-2.004946,1.309203,-1.578686,0.0,0.0,-0.547791,0.876839,-1.444461,0.0,0.0,-0.705881,1.705437,-2.016507,0.0,0.0,-0.755027,2.315594,-2.313000,0.0,0.0,-0.822357,2.873635,-2.500381,0.0,0.0,0.095194,0.894254,-1.384784,0.0,0.0,0.167993,1.698223,-1.992531,0.0,0.0,0.204215,2.368726,-2.248153,0.0,0.0,0.202528,2.944864,-2.441591,0.0,0.0,0.613521,0.892714,-1.295604,0.0,0.0,0.827788,1.594890,-1.787102,0.0,0.0,0.929122,2.210266,-1.979707,0.0,0.0,0.952587,2.751185,-2.109277,0.0,0.0,0.993940,0.869730,-1.220747,0.0,0.0,1.403266,1.367706,-1.634420,0.0,0.0,1.624203,1.770909,-1.846403,0.0,0.0,1.772418,2.186245,-1.992946,0.0,0.0
record2.mp4,e7f94d8ffdda6840c9b04703cf2b6166921cdbd5be69632bee01bf2c9ebea648,640,480,12.02,736,61.25,39,3250,Left,0.918247,0.000000,0.000000,0.000000,0.0,0.0,-0.685910,0.340788,-0.518175,0.0,0.0,-1.273276,0.721569,-0.964933,0.0,0.0,-1.770552,1.099653,-1.309481,0.0,0.0,-2.011562,1.511450,-1.670529,0.0,0.0,-0.521921,0.866138,-1.575236,0.0,0.0,-0.696447,1.711882,-2.185958,0.0,0.0,-0.740713,2.349487,-2.510041,0.0,0.0,-0.801119,2.930307,-2.717797,0.0,0.0,0.149097,0.855786,-1.496657,0.0,0.0,0.246838,1.661668,-2.154756,0.0,0.0,0.286579,2.353648,-2.452027,0.0,0.0,0.276242,2.951588,-2.684163,0.0,0.0,0.673710,0.838212,-1.387846,0.0,0.0,0.903189,1.527372,-1.924014,0.0,0.0,0.999851,2.168003,-2.155386,0.0,0.0,1.003301,2.733129,-2.317797,0.0,0.0,1.044251,0.809803,-1.294765,0.0,0.0,1.492592,1.301014,-1.747850,0.0,0.0,1.730836,1.701133,-1.995207,0.0,0.0,1.888692,2.127537,-2.172864,0.0,0.0
record2.mp4,e7f94d8ffdda6840c9b04703cf2b6166921cdbd5be69632bee01bf2c9ebea648,640,480,12.02,736,61.25,40,3333,Left,0.911517,0.000000,0.000000,0.000000,0.0,0.0,-0.670485,0.418672,-0.511090,0.0,0.0,-1.144168,0.896927,-0.968245,0.0,0.0,-1.537478,1.411399,-1.321122,0.0,0.0,-1.824273,1.902896,-1.692474,0.0,0.0,-0.488168,0.938665,-1.577310,0.0,0.0,-0.652881,1.697421,-2.211713,0.0,0.0,-0.715010,2.286899,-2.549382,0.0,0.0,-0.794878,2.829067,-2.762502,0.0,0.0,0.160901,0.907219,-1.511643,0.0,0.0,0.235304,1.657186,-2.187769,0.0,0.0,0.280146,2.314434,-2.477419,0.0,0.0,0.260475,2.876191,-2.700628,0.0,0.0,0.673785,0.862181,-1.419509,0.0,0.0,0.898515,1.532532,-2.002768,0.0,0.0,0.999037,2.157032,-2.254820,0.0,0.0,1.004923,2.707735,-2.424456,0.0,0.0,1.028129,0.801751,-1.336423,0.0,0.0,1.456202,1.261630,-1.820050,0.0,0.0,1.685429,1.647389,-2.078290,0.0,0.0,1.849537,2.057655,-2.264093,0.0,0.0
record2.mp4,e7f94d8ffdda6840c9b04703cf2b6166921cdbd5be69632bee01bf2c9ebea648,640,480,12.02,736,61.25,41,3416,Left,0.957788,0.000000,0.000000,0.000000,0.0,0.0,-0.654749,0.411151,-0.459165,0.0,0.0,-1.114966,0.923617,-0.857722,0.0,0.0,-1.471100,1.453258,-1.169069,0.0,0.0,-1.780390,1.921233,-1.499189,0.0,0.0,-0.494295,0.997706,-1.339787,0.0,0.0,-0.648966,1.764537,-1.863759,0.0,0.0,-0.704992,2.323130,-2.131942,0.0,0.0,-0.781159,2.844696,-2.304640,0.0,0.0,0.135043,0.942557,-1.286650,0.0,0.0,0.215724,1.662341,-1.848062,0.0,0.0,0.276930,2.286305,-2.091044,0.0,0.0,0.271061,2.825394,-2.281123,0.0,0.0,0.636230,0.869807,-1.215023,0.0,0.0,0.836343,1.515850,-1.694371,0.0,0.0,0.956344,2.125670,-1.905939,0.0,0.0,0.993664,2.672644,-2.052829,0.0,0.0,0.999466,0.790855,-1.157007,0.0,0.0,1.408330,1.268927,-1.579373,0.0,0.0,1.638766,1.663682,-1.813348,0.0,0.0,1.802324,2.082331,-1.976084,0.0,0.0
record2.mp4,e7f94d8ffdda6840c9b04703cf2b6166921cdbd5be69632bee01bf2c9ebea648,640,480,12.02,736,61.25,42,3500,Left,0.934168,0.000000,0.000000,0.000000,0.0,0.0,-0.671824,0.421938,-0.473828,0.0,0.0,-1.186953,0.937987,-0.874325,0.0,0.0,-1.564248,1.427761,-1.179488,0.0,0.0,-1.823119,1.873320,-1.504972,0.0,0.0,-0.508480,0.954606,-1.454893,0.0,0.0,-0.645136,1.745031,-2.033971,0.0,0.0,-0.691140,2.353196,-2.344847,0.0,0.0,-0.759218,2.921904,-2.543298,0.0,0.0,0.140294,0.879054,-1.394741,0.0,0.0,0.256540,1.665002,-2.013071,0.0,0.0,0.322157,2.336726,-2.302055,0.0,0.0,0.332895,2.925684,-2.526319,0.0,0.0,0.653161,0.825849,-1.306743,0.0,0.0,0.893780,1.509577,-1.816599,0.0,0.0,1.019298,2.155121,-2.045922,0.0,0.0,1.057114,2.731036,-2.205919,0.0,0.0,1.034149,0.781177,-1.232274,0.0,0.0,1.467938,1.291940,-1.670142,0.0,0.0,1.712324,1.698298,-1.912192,0.0,0.0,1.882885,2.122144,-2.084124,0.0,0.0
record2.mp4,e7f94d8ffdda6840c9b04703cf2b6166921cdbd5be69632bee01bf2c9ebea648,640,480,12.02,736,61.25,43,3583,Left,0.93485,0.000000,0.000000,0.000000,0.0,0.0,-0.677789,0.389692,-0.505137,0.0,0.0,-1.214606,0.809839,-0.963361,0.0,0.0,-1.679191,1.192859,-1.321286,0.0,0.0,-2.041953,1.538122,-1.700992,0.0,0.0,-0.556267,0.925460,-1.580574,0.0,0.0,-0.713913,1.745326,-2.199519,0.0,0.0,-0.752164,2.357041,-2.525469,0.0,0.0,-0.813853,2.924489,-2.736716,0.0,0.0,0.101647,0.884405,-1.524526,0.0,0.0,0.205941,1.678316,-2.209004,0.0,0.0,0.272737,2.351496,-2.526752,0.0,0.0,0.286935,2.945913,-2.767408,0.0,0.0,0.625485,0.844975,-1.435679,0.0,0.0,0.858489,1.542226,-1.995291,0.0,0.0,0.973645,2.177024,-2.249392,0.0,0.0,1.005181,2.742775,-2.422523,0.0,0.0,1.001043,0.799816,-1.359981,0.0,0.0,1.444605,1.300385,-1.832294,0.0,0.0,1.686105,1.695850,-2.095031,0.0,0.0,1.857554,2.120093,-2.280763,0.0,0.0
record2.mp4,e7f94d8ffdda6840c9b04703cf2b6166921cdbd5be69632bee01bf2c9ebea648,640,480,12.02,736,61.25,44,3666,Left,0.953168,0.000000,0.000000,0.000000,0.0,0.0,-0.661484,0.408413,-0.455977,0.0,0.0,-1.196050,0.868504,-0.871752,0.0,0.0,-1.632200,1.332932,-1.190119,0.0,0.0,-1.965263,1.741485,-1.522920,0.0,0.0,-0.508254,0.939826,-1.475824,0.0,0.0,-0.670502,1.727945,-2.037303,0.0,0.0,-0.728181,2.312332,-2.321778,0.0,0.0,-0.804310,2.857116,-2.501853,0.0,0.0,0.149591,0.896548,-1.414604,0.0,0.0,0.243922,1.666863,-2.057584,0.0,0.0,0.292569,2.337143,-2.332084,0.0,0.0,0.282263,2.904009,-2.539265,0.0,0.0,0.658758,0.857181,-1.318342,0.0,0.0,0.888093,1.514384,-1.840719,0.0,0.0,0.998799,2.153969,-2.051811,0.0,0.0,1.010957,2.713849,-2.191081,0.0,0.0,1.016508,0.815241,-1.232025,0.0,0.0,1.454490,1.319487,-1.655928,0.0,0.0,1.681074,1.719104,-1.879218,0.0,0.0,1.839401,2.145235,-2.035762,0.0,0.0
record2.mp4,e7f94d8ffdda6840c9b04703cf2b6166921cdbd5be69632bee01bf2c9ebea648,640,480,12.02,736,61.25,45,3750,Left,0.934996,0.000000,0.000000,0.000000,0.0,0.0,-0.673773,0.416116,-0.456822,0.0,0.0,-1.200890,0.918712,-0.857801,0.0,0.0,-1.610803,1.428259,-1.170000,0.0,0.0,-1.904180,1.873823,-1.504205,0.0,0.0,-0.484806,0.946037,-1.434530,0.0,0.0,-0.625970,1.748940,-2.009225,0.0,0.0,-0.680654,2.351214,-2.318138,0.0,0.0,-0.756382,2.913643,-2.514460,0.0,0.0,0.172808,0.875777,-1.383246,0.0,0.0,0.274497,1.681800,-1.991683,0.0,0.0,0.330620,2.359929,-2.269485,0.0,0.0,0.328213,2.946691,-2.486192,0.0,0.0,0.683176,0.824292,-1.304287,0.0,0.0,0.918468,1.527338,-1.813327,0.0,0.0,1.046384,2.178168,-2.040675,0.0,0.0,1.075766,2.753971,-2.198527,0.0,0.0,1.049170,0.780612,-1.236719,0.0,0.0,1.494832,1.281036,-1.671050,0.0,0.0,1.744201,1.684590,-1.906138,0.0,0.0,1.913768,2.110354,-2.072918,0.0,0.0
record2.mp4,e7f94d8ffdda6840c9b04703cf2b6166921cdbd5be69632bee01bf2c9ebea648,640,480,12.02,736,61.25,46,3833,Left,0.944235,0.000000,0.000000,0.000000,0.0,0.0,-0.668281,0.422610,-0.451565,0.0,0.0,-1.155420,0.940773,-0.849131,0.0,0.0,-1.540495,1.465188,-1.158734,0.0,0.0,-1.814801,1.941825,-1.491106,0.0,0.0,-0.486974,0.983474,-1.383864,0.0,0.0,-0.632313,1.734913,-1.935654,0.0,0.0,-0.693606,2.303464,-2.221402,0.0,0.0,-0.777124,2.829099,-2.400578,0.0,0.0,0.146450,0.930131,-1.334737,0.0,0.0,0.233777,1.676198,-1.921261,0.0,0.0,0.296598,2.316872,-2.172935,0.0,0.0,0.289383,2.862825,-2.367901,0.0,0.0,0.651991,0.861084,-1.263234,0.0,0.0,0.869526,1.541067,-1.774408,0.0,0.0,1.002637,2.155933,-1.998970,0.0,0.0,1.043466,2.701111,-2.150011,0.0,0.0,1.015297,0.782065,-1.200301,0.0,0.0,1.434894,1.262931,-1.642685,0.0,0.0,1.673528,1.660221,-1.880903,0.0,0.0,1.843615,2.074140,-2.047282,0.0,0.0
record2.mp4,e7f94d8ffdda6840c9b04703cf2b6166921cdbd5be69632bee01bf2c9ebea648,640,480,12.02,736,61.25,47,3916,Left,0.958851,0.000000,0.000000,0.000000,0.0,0.0,-0.680620,0.399053,-0.431459,0.0,0.0,-1.172359,0.927290,-0.816426,0.0,0.0,-1.562896,1.455881,-1.119641,0.0,0.0,-1.896384,1.913384,-1.446675,0.0,0.0,-0.527548,0.963359,-1.315408,0.0,0.0,-0.693737,1.754804,-1.819037,0.0,0.0,-0.747930,2.335616,-2.077754,0.0,0.0,-0.818322,2.888993,-2.246946,0.0,0.0,0.114766,0.923135,-1.272315,0.0,0.0,0.207086,1.672945,-1.793628,0.0,0.0,0.283660,2.303900,-2.002755,0.0,0.0,0.298737,2.866895,-2.175189,0.0,0.0,0.628820,0.861345,-1.208546,0.0,0.0,0.852528,1.553110,-1.663264,0.0,0.0,0.993308,2.178469,-1.849157,0.0,0.0,1.053319,2.743869,-1.981189,0.0,0.0,0.996227,0.790101,-1.156324,0.0,0.0,1.451824,1.288093,-1.545535,0.0,0.0,1.712120,1.681777,-1.743302,0.0,0.0,1.903543,2.091561,-1.884862,0.0,0.0
record2.mp4,e7f94d8ffdda6840c9b04703cf2b6166921cdbd5be69632bee01bf2c9ebea648,640,480,12.02,736,61.25,48,4000,Left,0.934758,0.000000,0.000000,0.000000,0.0,0.0,-0.664808,0.411988,-0.419052,0.0,0.0,-1.164716,0.925577,-0.819248,0.0,0.0,-1.554331,1.434522,-1.141608,0.0,0.0,-1.862997,1.896965,-1.488969,0.0,0.0,-0.559128,0.960951,-1.356328,0.0,0.0,-0.703422,1.776887,-1.892384,0.0,0.0,-0.758424,2.369409,-2.180226,0.0,0.0,-0.830201,2.927310,-2.371153,0.0,0.0,0.095113,0.894382,-1.331170,0.0,0.0,0.199403,1.597077,-1.876122,0.0,0.0,0.274940,2.203329,-2.097359,0.0,0.0,0.296338,2.738954,-2.280678,0.0,0.0,0.623281,0.823275,-1.283430,0.0,0.0,0.898749,1.525483,-1.757611,0.0,0.0,1.085347,2.155069,-1.947635,0.0,0.0,1.186343,2.734249,-2.089437,0.0,0.0,0.997659,0.750859,-1.244258,0.0,0.0,1.499678,1.222538,-1.650180,0.0,0.0,1.785374,1.583271,-1.845705,0.0,0.0,1.998089,1.972187,-1.987472,0.0,0.0
record2.mp4,e7f94d8ffdda6840c9b04703cf2b6166921cdbd5be69632bee01bf2c9ebea648,640,480,12.02,736,61.25,49,4083,Left,0.937065,0.000000,0.000000,0.000000,0.0,0.0,-0.668055,0.432086,-0.418898,0.0,0.0,-1.135580,0.932133,-0.817981,0.0,0.0,-1.484666,1.423999,-1.135782,0.0,0.0,-1.758483,1.886255,-1.474857,0.0,0.0,-0.548492,0.972477,-1.364817,0.0,0.0,-0.664659,1.737052,-1.923922,0.0,0.0,-0.713394,2.316490,-2.230405,0.0,0.0,-0.787524,2.860881,-2.430654,0.0,0.0,0.103351,0.900196,-1.335804,0.0,0.0,0.212986,1.564407,-1.917573,0.0,0.0,0.281467,2.178418,-2.165581,0.0,0.0,0.280856,2.710069,-2.363562,0.0,0.0,0.624451,0.833426,-1.283283,0.0,0.0,0.898589,1.485777,-1.782163,0.0,0.0,1.065758,2.117016,-1.990190,0.0,0.0,1.129995,2.684380,-2.138677,0.0,0.0,0.994595,0.766475,-1.237550,0.0,0.0,1.495826,1.222185,-1.657927,0.0,0.0,1.765369,1.607483,-1.871465,0.0,0.0,1.947464,2.020142,-2.024502,0.0,0.0
record2.mp4,e7f94d8ffdda6840c9b04703cf2b6166921cdbd5be69632bee01bf2c9ebea648,640,480,12.02,736,61.25,50,4166,Left,0.951603,0.000000,0.000000,0.000000,0.0,0.0,-0.646962,0.399131,-0.459119,0.0,0.0,-1.120076,0.913485,-0.862840,0.0,0.0,-1.478408,1.432705,-1.176515,0.0,0.0,-1.775102,1.890797,-1.507799,0.0,0.0,-0.502436,0.937543,-1.376124,0.0,0.0,-0.659936,1.711475,-1.916691,0.0,0.0,-0.716188,2.289619,-2.211106,0.0,0.0,-0.789701,2.835024,-2.406973,0.0,0.0,0.147831,0.890411,-1.319067,0.0,0.0,0.244115,1.540978,-1.868694,0.0,0.0,0.311111,2.130075,-2.095587,0.0,0.0,0.319341,2.654097,-2.282011,0.0,0.0,0.661998,0.857931,-1.243457,0.0,0.0,0.895693,1.514994,-1.714293,0.0,0.0,1.021416,2.118514,-1.900967,0.0,0.0,1.062857,2.653717,-2.037499,0.0,0.0,1.021617,0.824239,-1.182540,0.0,0.0,1.494722,1.301987,-1.582647,0.0,0.0,1.737000,1.688677,-1.786519,0.0,0.0,1.883652,2.095289,-1.932494,0.0,0.0
record2.mp4,e7f94d8ffdda6840c9b04703cf2b6166921cdbd5be69632bee01bf2c9ebea648,640,480,12.02,736,61.25,51,4250,Left,0.926768,0.000000,0.000000,0.000000,0.0,0.0,-0.675086,0.411176,-0.474093,0.0,0.0,-1.165676,0.940248,-0.892954,0.0,0.0,-1.539434,1.469353,-1.218344,0.0,0.0,-1.841146,1.949493,-1.562922,0.0,0.0,-0.550249,0.937000,-1.454551,0.0,0.0,-0.681563,1.734487,-2.022089,0.0,0.0,-0.724363,2.331507,-2.323921,0.0,0.0,-0.796006,2.908632,-2.524995,0.0,0.0,0.107720,0.857947,-1.401776,0.0,0.0,0.210806,1.516343,-1.992776,0.0,0.0,0.293852,2.126352,-2.244373,0.0,0.0,0.311469,2.691548,-2.450328,0.0,0.0,0.636526,0.810094,-1.327311,0.0,0.0,0.897199,1.455713,-1.836648,0.0,0.0,1.056654,2.090368,-2.047994,0.0,0.0,1.124047,2.677109,-2.201058,0.0,0.0,1.021516,0.773962,-1.265980,0.0,0.0,1.502394,1.264376,-1.704376,0.0,0.0,1.764636,1.667421,-1.934227,0.0,0.0,1.935216,2.109494,-2.100072,0.0,0.0
record2.mp4,e7f94d8ffdda6840c9b04703cf2b6166921cdbd5be69632bee01bf2c9ebea648,640,480,12.02,736,61.25,52,4333,Left,0.974259,0.000000,0.000000,0.000000,0.0,0.0,-0.657180,0.422826,-0.426674,0.0,0.0,-1.120357,0.964178,-0.806898,0.0,0.0,-1.496406,1.496763,-1.100077,0.0,0.0,-1.782264,1.964009,-1.409730,0.0,0.0,-0.520834,0.972291,-1.327028,0.0,0.0,-0.685643,1.717777,-1.847300,0.0,0.0,-0.740424,2.301308,-2.122143,0.0,0.0,-0.818902,2.861559,-2.302516,0.0,0.0,0.114642,0.919802,-1.278008,0.0,0.0,0.217507,1.612383,-1.829703,0.0,0.0,0.287773,2.253044,-2.059234,0.0,0.0,0.280702,2.827253,-2.240670,0.0,0.0,0.622940,0.888392,-1.205487,0.0,0.0,0.869192,1.570581,-1.679335,0.0,0.0,0.994760,2.213889,-1.870333,0.0,0.0,1.021840,2.797663,-2.000086,0.0,0.0,0.978817,0.855984,-1.143119,0.0,0.0,1.459804,1.349327,-1.540507,0.0,0.0,1.716528,1.757378,-1.743160,0.0,0.0,1.880968,2.188251,-1.883952,0.0,0.0
record2.mp4,e7f94d8ffdda6840c9b04703cf2b6166921cdbd5be69632bee01bf2c9ebea648,640,480,12.02,736,61.25,53,4416,Left,0.957168,0.000000,0.000000,0.000000,0.0,0.0,-0.649714,0.417714,-0.379113,0.0,0.0,-1.116243,0.908537,-0.729209,0.0,0.0,-1.480917,1.425107,-1.008513,0.0,0.0,-1.785592,1.881792,-1.305878,0.0,0.0,-0.539573,1.013024,-1.179118,0.0,0.0,-0.758831,1.751810,-1.667925,0.0,0.0,-0.820194,2.308008,-1.924217,0.0,0.0,-0.894252,2.813475,-2.091070,0.0,0.0,0.082296,0.949086,-1.154117,0.0,0.0,0.149014,1.656261,-1.688406,0.0,0.0,0.208695,2.275312,-1.928540,0.0,0.0,0.214373,2.821837,-2.116461,0.0,0.0,0.588538,0.878640,-1.110733,0.0,0.0,0.789885,1.520296,-1.569706,0.0,0.0,0.898858,2.137134,-1.768742,0.0,0.0,0.934249,2.690507,-1.905897,0.0,0.0,0.958491,0.812645,-1.075505,0.0,0.0,1.394750,1.307874,-1.487099,0.0,0.0,1.642342,1.718300,-1.711938,0.0,0.0,1.818284,2.140430,-1.865760,0.0,0.0
record2.mp4,e7f94d8ffdda6840c9b04703cf2b6166921cdbd5be69632bee01bf2c9ebea648,640,480,12.02,736,61.25,54,4500,Left,0.967779,0.000000,0.000000,0.000000,0.0,0.0,-0.677174,0.415767,-0.449739,0.0,0.0,-1.169421,0.939962,-0.837848,0.0,0.0,-1.550285,1.456559,-1.138816,0.0,0.0,-1.861804,1.921450,-1.459464,0.0,0.0,-0.562142,0.953436,-1.369168,0.0,0.0,-0.780731,1.743936,-1.892762,0.0,0.0,-0.843470,2.337916,-2.159225,0.0,0.0,-0.923174,2.900871,-2.334225,0.0,0.0,0.085492,0.878186,-1.317632,0.0,0.0,0.188166,1.607841,-1.894377,0.0,0.0,0.252020,2.270747,-2.142703,0.0,0.0,0.254770,2.864622,-2.339609,0.0,0.0,0.608213,0.823146,-1.242232,0.0,0.0,0.854904,1.486855,-1.727193,0.0,0.0,0.964023,2.140004,-1.920047,0.0,0.0,0.995808,2.731645,-2.054603,0.0,0.0,1.001682,0.783094,-1.180805,0.0,0.0,1.483060,1.310866,-1.608306,0.0,0.0,1.734999,1.739478,-1.831941,0.0,0.0,1.909359,2.180476,-1.986257,0.0,0.0
record2.mp4,e7f94d8ffdda6840c9b04703cf2b6166921cdbd5be69632bee01bf2c9ebea648,640,480,12.02,736,61.25,55,4583,Left,0.963208,0.000000,0.000000,0.000000,0.0,0.0,-0.696190,0.402941,-0.429101,0.0,0.0,-1.176510,0.950557,-0.781178,0.0,0.0,-1.567288,1.478812,-1.043340,0.0,0.0,-1.885895,1.912784,-1.324001,0.0,0.0,-0.564720,0.958847,-1.329550,0.0,0.0,-0.764957,1.705569,-1.843311,0.0,0.0,-0.836212,2.284058,-2.111791,0.0,0.0,-0.927606,2.827891,-2.287261,0.0,0.0,0.085742,0.891636,-1.270098,0.0,0.0,0.160425,1.612285,-1.811937,0.0,0.0,0.208465,2.256241,-2.045639,0.0,0.0,0.193709,2.820475,-2.236287,0.0,0.0,0.600418,0.842084,-1.186193,0.0,0.0,0.815466,1.512341,-1.635658,0.0,0.0,0.914284,2.140892,-1.822178,0.0,0.0,0.925231,2.706996,-1.958379,0.0,0.0,0.987229,0.795758,-1.115350,0.0,0.0,1.440372,1.299524,-1.514159,0.0,0.0,1.681578,1.712893,-1.731949,0.0,0.0,1.819631,2.146086,-1.886894,0.0,0.0
record2.mp4,e7f94d8ffdda6840c9b04703cf2b6166921cdbd5be69632bee01bf2c9ebea648,640,480,12.02,736,61.25,56,4666,Left,0.955658,0.000000,0.000000,0.000000,0.0,0.0,-0.688326,0.399319,-0.428851,0.0,0.0,-1.164901,0.910431,-0.799106,0.0,0.0,-1.551552,1.423457,-1.081600,0.0,0.0,-1.852609,1.870414,-1.385588,0.0,0.0,-0.575047,0.968672,-1.343641,0.0,0.0,-0.783415,1.687708,-1.876562,0.0,0.0,-0.853911,2.265006,-2.165251,0.0,0.0,-0.940278,2.815090,-2.354945,0.0,0.0,0.069184,0.912676,-1.288438,0.0,0.0,0.137702,1.621734,-1.838828,0.0,0.0,0.182943,2.264029,-2.074803,0.0,0.0,0.167320,2.827883,-2.267645,0.0,0.0,0.581209,0.870181,-1.209136,0.0,0.0,0.813126,1.546036,-1.663592,0.0,0.0,0.923513,2.165068,-1.848795,0.0,0.0,0.937110,2.724854,-1.985574,0.0,0.0,0.957932,0.827484,-1.142212,0.0,0.0,1.415089,1.307574,-1.542023,0.0,0.0,1.664913,1.715633,-1.757005,0.0,0.0,1.815163,2.151244,-1.911059,0.0,0.0
record2.mp4,e7f94d8ffdda6840c9b04703cf2b6166921cdbd5be69632bee01bf2c9ebea648,640,480,12.02,736,61.25,57,4750,Left,0.945857,0.000000,0.000000,0.000000,0.0,0.0,-0.680338,0.404864,-0.460760,0.0,0.0,-1.190533,0.960003,-0.841948,0.0,0.0,-1.583502,1.490163,-1.128223,0.0,0.0,-1.893460,1.941377,-1.436567,0.0,0.0,-0.598227,0.963143,-1.409207,0.0,0.0,-0.797614,1.728946,-1.938069,0.0,0.0,-0.851216,2.330435,-2.214106,0.0,0.0,-0.922675,2.903063,-2.396321,0.0,0.0,0.048655,0.903119,-1.342595,0.0,0.0,0.147240,1.649420,-1.917648,0.0,0.0,0.214626,2.325092,-2.170982,0.0,0.0,0.217849,2.915890,-2.373782,0.0,0.0,0.561663,0.866575,-1.246074,0.0,0.0,0.804739,1.560983,-1.717916,0.0,0.0,0.923639,2.209003,-1.903383,0.0,0.0,0.947982,2.785049,-2.036458,0.0,0.0,0.946893,0.832358,-1.163942,0.0,0.0,1.422567,1.357912,-1.571476,0.0,0.0,1.677120,1.784717,-1.781101,0.0,0.0,1.839269,2.221508,-1.929929,0.0,0.0
record2.mp4,e7f94d8ffdda6840c9b04703cf2b6166921cdbd5be69632bee01bf2c9ebea648,640,480,12.02,736,61.25,58,4833,Left,0.940134,0.000000,0.000000,0.000000,0.0,0.0,-0.673132,0.396513,-0.440697,0.0,0.0,-1.207947,0.936478,-0.806343,0.0,0.0,-1.623023,1.455853,-1.080697,0.0,0.0,-1.920802,1.893979,-1.376215,0.0,0.0,-0.574221,0.935073,-1.400249,0.0,0.0,-0.765832,1.717834,-1.927357,0.0,0.0,-0.825737,2.328478,-2.202606,0.0,0.0,-0.907993,2.919105,-2.384721,0.0,0.0,0.083904,0.886622,-1.341127,0.0,0.0,0.181930,1.653379,-1.919569,0.0,0.0,0.227170,2.340337,-2.168890,0.0,0.0,0.210570,2.948913,-2.366908,0.0,0.0,0.593911,0.865882,-1.249512,0.0,0.0,0.857099,1.559311,-1.715692,0.0,0.0,0.984687,2.212713,-1.888729,0.0,0.0,1.016008,2.804959,-2.013958,0.0,0.0,0.972989,0.843247,-1.172762,0.0,0.0,1.455416,1.359134,-1.568619,0.0,0.0,1.728239,1.784603,-1.766740,0.0,0.0,1.902832,2.231694,-1.908460,0.0,0.0
record2.mp4,e7f94d8ffdda6840c9b04703cf2b6166921cdbd5be69632bee01bf2c9ebea648,640,480,12.02,736,61.25,59,4916,Left,0.945864,0.000000,0.000000,0.000000,0.0,0.0,-0.663878,0.439927,-0.389089,0.0,0.0,-1.154683,0.959410,-0.727959,0.0,0.0,-1.542640,1.440627,-0.988620,0.0,0.0,-1.815781,1.866534,-1.263997,0.0,0.0,-0.534193,0.988757,-1.216805,0.0,0.0,-0.700994,1.717003,-1.675372,0.0,0.0,-0.750907,2.259332,-1.909439,0.0,0.0,-0.831292,2.805435,-2.067325,0.0,0.0,0.091713,0.932627,-1.180906,0.0,0.0,0.165821,1.656558,-1.687274,0.0,0.0,0.207790,2.296782,-1.905842,0.0,0.0,0.175126,2.877711,-2.083635,0.0,0.0,0.594692,0.888251,-1.120051,0.0,0.0,0.851945,1.512725,-1.543941,0.0,0.0,0.970188,2.116943,-1.709965,0.0,0.0,0.988560,2.676587,-1.830216,0.0,0.0,0.966537,0.848812,-1.072107,0.0,0.0,1.439578,1.344970,-1.444733,0.0,0.0,1.700219,1.751644,-1.640631,0.0,0.0,1.870943,2.197318,-1.780892,0.0,0.0
record2.mp4,e7f94d8ffdda6840c9b04703cf2b6166921cdbd5be69632bee01bf2c9ebea648,640,480,12.02,736,61.25,60,5000,Left,0.816037,0.000000,0.000000,0.000000,0.0,0.0,-0.667143,0.461497,-0.420420,0.0,0.0,-1.158518,0.994605,-0.773542,0.0,0.0,-1.537517,1.497432,-1.039358,0.0,0.0,-1.765434,1.949891,-1.313214,0.0,0.0,-0.495591,1.008188,-1.271574,0.0,0.0,-0.611079,1.774569,-1.762283,0.0,0.0,-0.642117,2.341408,-2.018431,0.0,0.0,-0.695058,2.900486,-2.188587,0.0,0.0,0.133857,0.948279,-1.225008,0.0,0.0,0.308492,1.753570,-1.766490,0.0,0.0,0.399931,2.425963,-2.019000,0.0,0.0,0.426411,3.025899,-2.214941,0.0,0.0,0.627994,0.908106,-1.151228,0.0,0.0,0.955073,1.602672,-1.603833,0.0,0.0,1.109657,2.210665,-1.789279,0.0,0.0,1.168692,2.772332,-1.916113,0.0,0.0,0.965393,0.868874,-1.090082,0.0,0.0,1.429776,1.383463,-1.462812,0.0,0.0,1.699352,1.756744,-1.650403,0.0,0.0,1.886140,2.170780,-1.783642,0.0,0.0
record2.mp4,e7f94d8ffdda6840c9b04703cf2b6166921cdbd5be69632bee01bf2c9ebea648,640,480,12.02,736,61.25,61,5083,Left,0.971031,0.000000,0.000000,0.000000,0.0,0.0,-0.645348,0.471874,-0.391026,0.0,0.0,-1.084395,0.984859,-0.740006,0.0,0.0,-1.417611,1.470649,-0.999192,0.0,0.0,-1.620621,1.902556,-1.268035,0.0,0.0,-0.420306,0.984683,-1.280161,0.0,0.0,-0.491580,1.741729,-1.773849,0.0,0.0,-0.512692,2.318320,-2.033538,0.0,0.0,-0.555652,2.846347,-2.196446,0.0,0.0,0.218207,0.906627,-1.222657,0.0,0.0,0.389312,1.660707,-1.729978,0.0,0.0,0.495880,2.312641,-1.953156,0.0,0.0,0.534705,2.852164,-2.134078,0.0,0.0,0.714608,0.855280,-1.134487,0.0,0.0,1.031477,1.532586,-1.549333,0.0,0.0,1.197705,2.128254,-1.725917,0.0,0.0,1.258383,2.638637,-1.853273,0.0,0.0,1.050965,0.816814,-1.054960,0.0,0.0,1.502321,1.300459,-1.402311,0.0,0.0,1.767352,1.683882,-1.591378,0.0,0.0,1.953428,2.087978,-1.726565,0.0,0.0
record2.mp4,e7f94d8ffdda6840c9b04703cf2b6166921cdbd5be69632bee01bf2c9ebea648,640,480,12.02,736,61.25,62,5166,Left,0.929641,0.000000,0.000000,0.000000,0.0,0.0,-0.618075,0.414034,-0.505031,0.0,0.0,-1.029373,0.883902,-0.916987,0.0,0.0,-1.337537,1.369440,-1.225921,0.0,0.0,-1.537439,1.836950,-1.541884,0.0,0.0,-0.356080,0.916146,-1.403571,0.0,0.0,-0.445861,1.641110,-1.953582,0.0,0.0,-0.464952,2.214938,-2.251775,0.0,0.0,-0.504364,2.717582,-2.438907,0.0,0.0,0.295689,0.846181,-1.311417,0.0,0.0,0.453501,1.540271,-1.878080,0.0,0.0,0.567673,2.166282,-2.140972,0.0,0.0,0.609289,2.693411,-2.351480,0.0,0.0,0.797727,0.794664,-1.199726,0.0,0.0,1.063128,1.417549,-1.665561,0.0,0.0,1.224587,2.012246,-1.892467,0.0,0.0,1.276079,2.524747,-2.054616,0.0,0.0,1.146040,0.745287,-1.105059,0.0,0.0,1.611941,1.203226,-1.486370,0.0,0.0,1.868908,1.603280,-1.715385,0.0,0.0,2.032256,2.013688,-1.884569,0.0,0.0
record2.mp4,e7f94d8ffdda6840c9b04703cf2b6166921cdbd5be69632bee01bf2c9ebea648,640,480,12.02,736,61.25,63,5250,Left,0.9522,0.000000,0.000000,0.000000,0.0,0.0,-0.598854,0.444418,-0.478791,0.0,0.0,-1.015726,0.973321,-0.871017,0.0,0.0,-1.330205,1.499503,-1.163743,0.0,0.0,-1.565473,1.948700,-1.463765,0.0,0.0,-0.327071,0.957006,-1.375861,0.0,0.0,-0.472290,1.722146,-1.922386,0.0,0.0,-0.519300,2.299761,-2.201160,0.0,0.0,-0.580537,2.803552,-2.368780,0.0,0.0,0.300590,0.885054,-1.294534,0.0,0.0,0.443950,1.633844,-1.872545,0.0,0.0,0.528751,2.268576,-2.117522,0.0,0.0,0.546682,2.816900,-2.301080,0.0,0.0,0.783380,0.831934,-1.194728,0.0,0.0,1.040320,1.465343,-1.677552,0.0,0.0,1.173800,2.059380,-1.911523,0.0,0.0,1.222482,2.593881,-2.065345,0.0,0.0,1.129917,0.780551,-1.108402,0.0,0.0,1.575930,1.247290,-1.499660,0.0,0.0,1.829434,1.644679,-1.735738,0.0,0.0,1.980467,2.059080,-1.905527,0.0,0.0
record2.mp4,e7f94d8ffdda6840c9b04703cf2b6166921cdbd5be69632bee01bf2c9ebea648,640,480,12.02,736,61.25,64,5333,Left,0.950461,0.000000,0.000000,0.000000,0.0,0.0,-0.607324,0.445516,-0.478013,0.0,0.0,-1.013456,0.952842,-0.880732,0.0,0.0,-1.298651,1.480473,-1.189217,0.0,0.0,-1.551419,1.939543,-1.509835,0.0,0.0,-0.331612,0.958227,-1.354560,0.0,0.0,-0.470037,1.732550,-1.897514,0.0,0.0,-0.515911,2.313468,-2.183511,0.0,0.0,-0.574561,2.822577,-2.361096,0.0,0.0,0.293219,0.890358,-1.283966,0.0,0.0,0.415433,1.633332,-1.847776,0.0,0.0,0.501336,2.253464,-2.100626,0.0,0.0,0.529152,2.787854,-2.294964,0.0,0.0,0.776971,0.832524,-1.195946,0.0,0.0,1.022996,1.467105,-1.664187,0.0,0.0,1.147797,2.043189,-1.890200,0.0,0.0,1.199737,2.559118,-2.047812,0.0,0.0,1.127463,0.778279,-1.123744,0.0,0.0,1.570260,1.223507,-1.515425,0.0,0.0,1.826780,1.615173,-1.749333,0.0,0.0,1.992785,2.026315,-1.919676,0.0,0.0
record2.mp4,e7f94d8ffdda6840c9b04703cf2b6166921cdbd5be69632bee01bf2c9ebea648,640,480,12.02,736,61.25,65,5416,Left,0.949516,0.000000,0.000000,0.000000,0.0,0.0,-0.598490,0.447531,-0.489035,0.0,0.0,-0.997541,0.958613,-0.896944,0.0,0.0,-1.264759,1.477029,-1.204827,0.0,0.0,-1.508755,1.932197,-1.522467,0.0,0.0,-0.338410,0.971818,-1.387194,0.0,0.0,-0.457427,1.733265,-1.934422,0.0,0.0,-0.492396,2.296084,-2.218303,0.0,0.0,-0.544288,2.794534,-2.392255,0.0,0.0,0.278345,0.882318,-1.312070,0.0,0.0,0.403375,1.624635,-1.888330,0.0,0.0,0.489310,2.239280,-2.155289,0.0,0.0,0.517865,2.770658,-2.358818,0.0,0.0,0.768350,0.812862,-1.217595,0.0,0.0,1.011253,1.438288,-1.702329,0.0,0.0,1.141894,2.016447,-1.948239,0.0,0.0,1.198267,2.529025,-2.115725,0.0,0.0,1.131467,0.762790,-1.137248,0.0,0.0,1.568928,1.232454,-1.541474,0.0,0.0,1.811254,1.618934,-1.787890,0.0,0.0,1.971613,2.022247,-1.965633,0.0,0.0
record2.mp4,e7f94d8ffdda6840c9b04703cf2b6166921cdbd5be69632bee01bf2c9ebea648,640,480,12.02,736,61.25,66,5500,Left,0.935607,0.000000,0.000000,0.000000,0.0,0.0,-0.596272,0.444799,-0.520931,0.0,0.0,-0.972994,0.953425,-0.944780,0.0,0.0,-1.240642,1.472312,-1.266817,0.0,0.0,-1.520269,1.926542,-1.600266,0.0,0.0,-0.324996,0.974393,-1.387575,0.0,0.0,-0.441702,1.722919,-1.935154,0.0,0.0,-0.488356,2.278571,-2.223449,0.0,0.0,-0.558831,2.781216,-2.405835,0.0,0.0,0.286068,0.906550,-1.303977,0.0,0.0,0.402771,1.634731,-1.883170,0.0,0.0,0.490864,2.238908,-2.158685,0.0,0.0,0.522412,2.775401,-2.369069,0.0,0.0,0.771002,0.844421,-1.205222,0.0,0.0,1.008790,1.469756,-1.696255,0.0,0.0,1.141582,2.034216,-1.945890,0.0,0.0,1.200970,2.543852,-2.117376,0.0,0.0,1.119524,0.784712,-1.124343,0.0,0.0,1.555385,1.241734,-1.533799,0.0,0.0,1.794973,1.617899,-1.783768,0.0,0.0,1.953387,2.017813,-1.965661,0.0,0.0
record2.mp4,e7f94d8ffdda6840c9b04703cf2b6166921cdbd5be69632bee01bf2c9ebea648,640,480,12.02,736,61.25,67,5583,Left,0.943639,0.000000,0.000000,0.000000,0.0,0.0,-0.599263,0.461691,-0.517498,0.0,0.0,-0.989753,0.986843,-0.940523,0.0,0.0,-1.284566,1.524474,-1.259347,0.0,0.0,-1.572094,1.992868,-1.588775,0.0,0.0,-0.351869,0.998971,-1.415195,0.0,0.0,-0.478371,1.788806,-1.970318,0.0,0.0,-0.516992,2.373989,-2.251662,0.0,0.0,-0.578112,2.891614,-2.423783,0.0,0.0,0.260199,0.902838,-1.330532,0.0,0.0,0.389595,1.658390,-1.929115,0.0,0.0,0.481742,2.301184,-2.200274,0.0,0.0,0.514406,2.856295,-2.401920,0.0,0.0,0.747623,0.821943,-1.229191,0.0,0.0,1.007793,1.447552,-1.732613,0.0,0.0,1.152835,2.054365,-1.980291,0.0,0.0,1.216372,2.604717,-2.144591,0.0,0.0,1.109345,0.757499,-1.144229,0.0,0.0,1.558995,1.230895,-1.569777,0.0,0.0,1.813338,1.632552,-1.827274,0.0,0.0,1.986624,2.063438,-2.009098,0.0,0.0
record2.mp4,e7f94d8ffdda6840c9b04703cf2b6166921cdbd5be69632bee01bf2c9ebea648,640,480,12.02,736,61.25,68,5666,Left,0.942494,0.000000,0.000000,0.000000,0.0,0.0,-0.629663,0.434318,-0.501947,0.0,0.0,-1.050152,0.930175,-0.927536,0.0,0.0,-1.353716,1.459317,-1.255823,0.0,0.0,-1.611922,1.956303,-1.593912,0.0,0.0,-0.397193,0.946334,-1.411016,0.0,0.0,-0.507327,1.765072,-1.965335,0.0,0.0,-0.527850,2.355064,-2.240419,0.0,0.0,-0.570361,2.874605,-2.408846,0.0,0.0,0.248945,0.855534,-1.340394,0.0,0.0,0.390878,1.637483,-1.946651,0.0,0.0,0.497481,2.288302,-2.221617,0.0,0.0,0.545973,2.847749,-2.428139,0.0,0.0,0.757423,0.780241,-1.251599,0.0,0.0,1.015407,1.433269,-1.762841,0.0,0.0,1.164235,2.057176,-2.012302,0.0,0.0,1.235719,2.608379,-2.178471,0.0,0.0,1.122599,0.724257,-1.177298,0.0,0.0,1.591025,1.228527,-1.605179,0.0,0.0,1.854591,1.639017,-1.859288,0.0,0.0,2.046929,2.060588,-2.039415,0.0,0.0
record2.mp4,e7f94d8ffdda6840c9b04703cf2b6166921cdbd5be69632bee01bf2c9ebea648,640,480,12.02,736,61.25,69,5750,Left,0.948241,0.000000,0.000000,0.000000,0.0,0.0,-0.630934,0.427708,-0.515247,0.0,0.0,-1.049047,0.962302,-0.929766,0.0,0.0,-1.342829,1.497362,-1.243426,0.0,0.0,-1.579457,1.985635,-1.568950,0.0,0.0,-0.354017,0.935039,-1.411174,0.0,0.0,-0.468821,1.722916,-1.956107,0.0,0.0,-0.512555,2.310192,-2.236846,0.0,0.0,-0.576888,2.843266,-2.412700,0.0,0.0,0.277892,0.851526,-1.327055,0.0,0.0,0.417948,1.616218,-1.893869,0.0,0.0,0.522261,2.256463,-2.152940,0.0,0.0,0.564694,2.812801,-2.355594,0.0,0.0,0.777437,0.796713,-1.225818,0.0,0.0,1.034335,1.469259,-1.702395,0.0,0.0,1.186989,2.070836,-1.935763,0.0,0.0,1.258744,2.610353,-2.098909,0.0,0.0,1.145147,0.756692,-1.142746,0.0,0.0,1.599863,1.242880,-1.545633,0.0,0.0,1.856645,1.635245,-1.785768,0.0,0.0,2.027741,2.047189,-1.959512,0.0,0.0
record2.mp4,e7f94d8ffdda6840c9b04703cf2b6166921cdbd5be69632bee01bf2c9ebea648,640,480,12.02,736,61.25,70,5833,Left,0.955916,0.000000,0.000000,0.000000,0.0,0.0,-0.616662,0.448839,-0.445251,0.0,0.0,-1.019035,0.990959,-0.826937,0.0,0.0,-1.324543,1.524041,-1.113188,0.0,0.0,-1.552025,1.993462,-1.413175,0.0,0.0,-0.343028,0.943868,-1.365784,0.0,0.0,-0.482858,1.723401,-1.897670,0.0,0.0,-0.535774,2.317347,-2.169114,0.0,0.0,-0.597583,2.832544,-2.330227,0.0,0.0,0.282161,0.868076,-1.295761,0.0,0.0,0.416556,1.646626,-1.812307,0.0,0.0,0.512096,2.286312,-2.023216,0.0,0.0,0.546956,2.818922,-2.193350,0.0,0.0,0.780943,0.821140,-1.205214,0.0,0.0,1.041845,1.524131,-1.647263,0.0,0.0,1.185026,2.133117,-1.868575,0.0,0.0,1.252062,2.662304,-2.023859,0.0,0.0,1.131902,0.788340,-1.124302,0.0,0.0,1.604231,1.272193,-1.497894,0.0,0.0,1.863049,1.669285,-1.723085,0.0,0.0,2.021233,2.066619,-1.887117,0.0,0.0
record2.mp4,e7f94d8ffdda6840c9b04703cf2b6166921cdbd5be69632bee01bf2c9ebea648,640,480,12.02,736,61.25,71,5916,Left,0.936832,0.000000,0.000000,0.000000,0.0,0.0,-0.599296,0.467101,-0.408522,0.0,0.0,-0.999989,0.974425,-0.807014,0.0,0.0,-1.325423,1.495700,-1.114007,0.0,0.0,-1.565800,1.939891,-1.441190,0.0,0.0,-0.332682,0.977747,-1.381125,0.0,0.0,-0.480500,1.631770,-1.943210,0.0,0.0,-0.554289,2.184490,-2.241365,0.0,0.0,-0.636082,2.656521,-2.421329,0.0,0.0,0.271929,0.911465,-1.337420,0.0,0.0,0.364865,1.662677,-1.854844,0.0,0.0,0.401764,2.281661,-2.050969,0.0,0.0,0.373656,2.758192,-2.213677,0.0,0.0,0.764229,0.843626,-1.272323,0.0,0.0,1.065063,1.558109,-1.723881,0.0,0.0,1.224171,2.133230,-1.949355,0.0,0.0,1.280454,2.609262,-2.113756,0.0,0.0,1.117978,0.764858,-1.208023,0.0,0.0,1.588131,1.190497,-1.591310,0.0,0.0,1.872897,1.572385,-1.825754,0.0,0.0,2.046494,1.949554,-2.002714,0.0,0.0
record2.mp4,e7f94d8ffdda6840c9b04703cf2b6166921cdbd5be69632bee01bf2c9ebea648,640,480,12.02,736,61.25,72,6000,Left,0.824633,0.000000,0.000000,0.000000,0.0,0.0,-0.627112,0.446925,-0.474238,0.0,0.0,-1.039606,0.983998,-0.893702,0.0,0.0,-1.388145,1.526802,-1.215970,0.0,0.0,-1.640149,2.012972,-1.559421,0.0,0.0,-0.377353,0.943852,-1.448060,0.0,0.0,-0.503903,1.515528,-2.038378,0.0,0.0,-0.577475,2.040556,-2.366492,0.0,0.0,-0.667294,2.557474,-2.577284,0.0,0.0,0.237839,0.877636,-1.382765,0.0,0.0,0.318103,1.513030,-1.964624,0.0,0.0,0.373241,2.126605,-2.220884,0.0,0.0,0.364016,2.676208,-2.433668,0.0,0.0,0.741670,0.834826,-1.295310,0.0,0.0,1.005915,1.445777,-1.785704,0.0,0.0,1.178243,2.027560,-2.015621,0.0,0.0,1.246138,2.557255,-2.184091,0.0,0.0,1.115480,0.783151,-1.218866,0.0,0.0,1.575692,1.205300,-1.621116,0.0,0.0,1.859750,1.584404,-1.854590,0.0,0.0,2.044654,1.989101,-2.034104,0.0,0.0
record2.mp4,e7f94d8ffdda6840c9b04703cf2b6166921cdbd5be69632bee01bf2c9ebea648,640,480,12.02,736,61.25,73,6083,Left,0.828384,0.000000,0.000000,0.000000,0.0,0.0,-0.668032,0.403414,-0.624110,0.0,0.0,-1.142793,0.935603,-1.134728,0.0,0.0,-1.544644,1.475468,-1.515680,0.0,0.0,-1.821876,1.986400,-1.913582,0.0,0.0,-0.430447,0.795289,-1.795352,0.0,0.0,-0.587789,1.416906,-2.462177,0.0,0.0,-0.663355,1.967646,-2.827212,0.0,0.0,-0.753573,2.551503,-3.071664,0.0,0.0,0.256899,0.738152,-1.669690,0.0,0.0,0.401290,1.325605,-2.377644,0.0,0.0,0.502289,1.950719,-2.712356,0.0,0.0,0.553099,2.573188,-2.993592,0.0,0.0,0.794377,0.718340,-1.510070,0.0,0.0,1.054195,1.223044,-2.092011,0.0,0.0,1.242569,1.851321,-2.368198,0.0,0.0,1.343110,2.458376,-2.577716,0.0,0.0,1.183307,0.703575,-1.370484,0.0,0.0,1.673103,1.138663,-1.840426,0.0,0.0,1.988103,1.530216,-2.119971,0.0,0.0,2.213098,1.964704,-2.342949,0.0,0.0
record2.mp4,e7f94d8ffdda6840c9b04703cf2b6166921cdbd5be69632bee01bf2c9ebea648,640,480,12.02,736,61.25,74,6166,Left,0.832053,0.000000,0.000000,0.000000,0.0,0.0,-0.683003,0.425706,-0.652314,0.0,0.0,-1.143948,0.934568,-1.211190,0.0,0.0,-1.559279,1.499969,-1.629587,0.0,0.0,-1.828562,2.036687,-2.063924,0.0,0.0,-0.424754,0.781494,-1.957932,0.0,0.0,-0.612763,1.387251,-2.709513,0.0,0.0,-0.685145,1.965982,-3.129437,0.0,0.0,-0.764292,2.570853,-3.403824,0.0,0.0,0.255839,0.728121,-1.830058,0.0,0.0,0.392165,1.312344,-2.609079,0.0,0.0,0.494179,1.963509,-2.966829,0.0,0.0,0.542827,2.582082,-3.259359,0.0,0.0,0.800452,0.716889,-1.662681,0.0,0.0,1.103113,1.260287,-2.316909,0.0,0.0,1.313942,1.908661,-2.628782,0.0,0.0,1.413499,2.529715,-2.855237,0.0,0.0,1.191462,0.711513,-1.508882,0.0,0.0,1.671583,1.089605,-2.018485,0.0,0.0,1.971230,1.466804,-2.310846,0.0,0.0,2.173596,1.901911,-2.542080,0.0,0.0
record2.mp4,e7f94d8ffdda6840c9b04703cf2b6166921cdbd5be69632bee01bf2c9ebea648,640,480,12.02,736,61.25,75,6250,Left,0.855718,0.000000,0.000000,0.000000,0.0,0.0,-0.675333,0.404987,-0.643383,0.0,0.0,-1.150515,0.964990,-1.160724,0.0,0.0,-1.567191,1.543412,-1.547850,0.0,0.0,-1.847909,2.043727,-1.946756,0.0,0.0,-0.443609,0.765631,-1.807826,0.0,0.0,-0.639587,1.343987,-2.490952,0.0,0.0,-0.721179,1.890210,-2.865356,0.0,0.0,-0.797502,2.480047,-3.116113,0.0,0.0,0.234758,0.717328,-1.681727,0.0,0.0,0.383670,1.270648,-2.388041,0.0,0.0,0.502898,1.888889,-2.699937,0.0,0.0,0.577897,2.499320,-2.959475,0.0,0.0,0.786840,0.715964,-1.528937,0.0,0.0,1.076763,1.250772,-2.133335,0.0,0.0,1.299504,1.880066,-2.408933,0.0,0.0,1.430878,2.507525,-2.608883,0.0,0.0,1.188558,0.712352,-1.397342,0.0,0.0,1.668624,1.114728,-1.875697,0.0,0.0,1.975765,1.478559,-2.144347,0.0,0.0,2.172660,1.900424,-2.354897,0.0,0.0
record2.mp4,e7f94d8ffdda6840c9b04703cf2b6166921cdbd5be69632bee01bf2c9ebea648,640,480,12.02,736,61.25,76,6333,Left,0.928139,0.000000,0.000000,0.000000,0.0,0.0,-0.675531,0.377304,-0.618245,0.0,0.0,-1.168102,0.952550,-1.078177,0.0,0.0,-1.596892,1.538422,-1.405147,0.0,0.0,-1.843239,2.037335,-1.732609,0.0,0.0,-0.491841,0.681432,-1.752376,0.0,0.0,-0.696210,1.285509,-2.391087,0.0,0.0,-0.732651,1.834373,-2.723901,0.0,0.0,-0.758365,2.425093,-2.946881,0.0,0.0,0.208487,0.633122,-1.606868,0.0,0.0,0.352290,1.156565,-2.283736,0.0,0.0,0.494504,1.767767,-2.567007,0.0,0.0,0.601933,2.392315,-2.811677,0.0,0.0,0.787405,0.647539,-1.432886,0.0,0.0,1.049976,1.112334,-2.031016,0.0,0.0,1.256054,1.717316,-2.296862,0.0,0.0,1.381572,2.318965,-2.482816,0.0,0.0,1.208315,0.673437,-1.276334,0.0,0.0,1.685496,1.101192,-1.747548,0.0,0.0,1.997533,1.478445,-2.018574,0.0,0.0,2.209645,1.893107,-2.231402,0.0,0.0
record2.mp4,e7f94d8ffdda6840c9b04703cf2b6166921cdbd5be69632bee01bf2c9ebea648,640,480,12.02,736,61.25,77,6416,Left,0.917766,0.000000,0.000000,0.000000,0.0,0.0,-0.700247,0.396433,-0.637375,0.0,0.0,-1.205699,0.957029,-1.131788,0.0,0.0,-1.614488,1.518533,-1.494879,0.0,0.0,-1.879357,2.008824,-1.865386,0.0,0.0,-0.535532,0.672081,-1.813165,0.0,0.0,-0.708930,1.287780,-2.470408,0.0,0.0,-0.778643,1.843412,-2.804244,0.0,0.0,-0.844270,2.438660,-3.028351,0.0,0.0,0.172880,0.644888,-1.680959,0.0,0.0,0.335374,1.164465,-2.392644,0.0,0.0,0.459202,1.780556,-2.682010,0.0,0.0,0.541782,2.401759,-2.923309,0.0,0.0,0.752126,0.668787,-1.520723,0.0,0.0,1.024793,1.134977,-2.140031,0.0,0.0,1.177681,1.741756,-2.391732,0.0,0.0,1.256615,2.349583,-2.567709,0.0,0.0,1.175180,0.690454,-1.381977,0.0,0.0,1.657890,1.090425,-1.872087,0.0,0.0,1.955485,1.452295,-2.135708,0.0,0.0,2.139897,1.856208,-2.340226,0.0,0.0
record2.mp4,e7f94d8ffdda6840c9b04703cf2b6166921cdbd5be69632bee01bf2c9ebea648,640,480,12.02,736,61.25,78,6500,Left,0.890109,0.000000,0.000000,0.000000,0.0,0.0,-0.706600,0.391306,-0.675054,0.0,0.0,-1.235490,0.971222,-1.175961,0.0,0.0,-1.622096,1.528955,-1.542520,0.0,0.0,-1.876694,2.038523,-1.923358,0.0,0.0,-0.475906,0.721842,-1.814172,0.0,0.0,-0.633365,1.307513,-2.471059,0.0,0.0,-0.698725,1.834671,-2.826259,0.0,0.0,-0.775205,2.417589,-3.072107,0.0,0.0,0.227722,0.665953,-1.671779,0.0,0.0,0.390794,1.204147,-2.368608,0.0,0.0,0.504547,1.787803,-2.695659,0.0,0.0,0.581799,2.403816,-2.979271,0.0,0.0,0.786192,0.669937,-1.502851,0.0,0.0,1.049011,1.139032,-2.102346,0.0,0.0,1.210504,1.718389,-2.370291,0.0,0.0,1.297541,2.303401,-2.574653,0.0,0.0,1.199301,0.680406,-1.360902,0.0,0.0,1.660130,1.112025,-1.845713,0.0,0.0,1.954272,1.478845,-2.121160,0.0,0.0,2.154938,1.881982,-2.344632,0.0,0.0
record2.mp4,e7f94d8ffdda6840c9b04703cf2b6166921cdbd5be69632bee01bf2c9ebea648,640,480,12.02,736,61.25,79,6583,Left,0.887619,0.000000,0.000000,0.000000,0.0,0.0,-0.678402,0.390079,-0.638901,0.0,0.0,-1.159136,0.938765,-1.134048,0.0,0.0,-1.579772,1.515135,-1.501532,0.0,0.0,-1.856910,2.030573,-1.880981,0.0,0.0,-0.473001,0.718510,-1.766761,0.0,0.0,-0.673713,1.337091,-2.424551,0.0,0.0,-0.736228,1.896369,-2.782440,0.0,0.0,-0.792124,2.500160,-3.030890,0.0,0.0,0.219135,0.683454,-1.643584,0.0,0.0,0.373562,1.247178,-2.334076,0.0,0.0,0.495672,1.856769,-2.649864,0.0,0.0,0.572838,2.481768,-2.921810,0.0,0.0,0.783945,0.693404,-1.495401,0.0,0.0,1.075081,1.229794,-2.092129,0.0,0.0,1.246967,1.827318,-2.372436,0.0,0.0,1.331384,2.423714,-2.581992,0.0,0.0,1.191936,0.700395,-1.370040,0.0,0.0,1.685165,1.112114,-1.856132,0.0,0.0,1.978366,1.474901,-2.141620,0.0,0.0,2.162268,1.895746,-2.368634,0.0,0.0
record2.mp4,e7f94d8ffdda6840c9b04703cf2b6166921cdbd5be69632bee01bf2c9ebea648,640,480,12.02,736,61.25,80,6666,Left,0.824873,0.000000,0.000000,0.000000,0.0,0.0,-0.700460,0.376378,-0.704539,0.0,0.0,-1.181033,0.933417,-1.265678,0.0,0.0,-1.580873,1.513289,-1.684625,0.0,0.0,-1.860790,2.063788,-2.122746,0.0,0.0,-0.473271,0.731401,-1.946618,0.0,0.0,-0.662719,1.329879,-2.668398,0.0,0.0,-0.740613,1.882688,-3.063144,0.0,0.0,-0.828460,2.473968,-3.332056,0.0,0.0,0.211656,0.698054,-1.810382,0.0,0.0,0.347101,1.283246,-2.558057,0.0,0.0,0.452476,1.895152,-2.906729,0.0,0.0,0.518844,2.504350,-3.201205,0.0,0.0,0.770827,0.710312,-1.645589,0.0,0.0,1.057424,1.268728,-2.273556,0.0,0.0,1.274730,1.887916,-2.573452,0.0,0.0,1.402230,2.499348,-2.804053,0.0,0.0,1.183858,0.713219,-1.505651,0.0,0.0,1.641535,1.121035,-2.014486,0.0,0.0,1.925715,1.485247,-2.314117,0.0,0.0,2.116367,1.901409,-2.556007,0.0,0.0
record2.mp4,e7f94d8ffdda6840c9b04703cf2b6166921cdbd5be69632bee01bf2c9ebea648,640,480,12.02,736,61.25,81,6750,Left,0.893063,0.000000,0.000000,0.000000,0.0,0.0,-0.657050,0.393875,-0.599736,0.0,0.0,-1.122226,0.947094,-1.096359,0.0,0.0,-1.521729,1.530895,-1.474061,0.0,0.0,-1.814216,2.055841,-1.876098,0.0,0.0,-0.433282,0.810119,-1.727249,0.0,0.0,-0.637849,1.440505,-2.381830,0.0,0.0,-0.705205,2.009274,-2.739494,0.0,0.0,-0.790049,2.582038,-2.981586,0.0,0.0,0.239994,0.762229,-1.628942,0.0,0.0,0.368227,1.407883,-2.307829,0.0,0.0,0.477286,2.021439,-2.611169,0.0,0.0,0.527661,2.597150,-2.866364,0.0,0.0,0.779080,0.740909,-1.503298,0.0,0.0,1.093693,1.384141,-2.080487,0.0,0.0,1.348868,1.996972,-2.338354,0.0,0.0,1.496273,2.578882,-2.533741,0.0,0.0,1.170852,0.711807,-1.396029,0.0,0.0,1.642344,1.171239,-1.873660,0.0,0.0,1.939409,1.562141,-2.140007,0.0,0.0,2.143550,1.991588,-2.349141,0.0,0.0
record2.mp4,e7f94d8ffdda6840c9b04703cf2b6166921cdbd5be69632bee01bf2c9ebea648,640,480,12.02,736,61.25,82,6833,Left,0.869507,0.000000,0.000000,0.000000,0.0,0.0,-0.661915,0.404872,-0.601904,0.0,0.0,-1.122586,0.957457,-1.099885,0.0,0.0,-1.515428,1.534203,-1.477731,0.0,0.0,-1.816372,2.058011,-1.881971,0.0,0.0,-0.411152,0.840217,-1.730796,0.0,0.0,-0.608923,1.454034,-2.383793,0.0,0.0,-0.663611,2.018461,-2.743286,0.0,0.0,-0.735374,2.594803,-2.988696,0.0,0.0,0.253758,0.782487,-1.632150,0.0,0.0,0.380250,1.419573,-2.305011,0.0,0.0,0.500548,2.026159,-2.615847,0.0,0.0,0.559750,2.610947,-2.878137,0.0,0.0,0.787984,0.750501,-1.505658,0.0,0.0,1.105640,1.387813,-2.083994,0.0,0.0,1.356297,2.011176,-2.368527,0.0,0.0,1.497840,2.605263,-2.583707,0.0,0.0,1.169549,0.707697,-1.395460,0.0,0.0,1.643840,1.158101,-1.875207,0.0,0.0,1.930430,1.550133,-2.158181,0.0,0.0,2.119364,1.988470,-2.382040,0.0,0.0
record2.mp4,e7f94d8ffdda6840c9b04703cf2b6166921cdbd5be69632bee01bf2c9ebea648,640,480,12.02,736,61.25,83,6916,Left,0.893386,0.000000,0.000000,0.000000,0.0,0.0,-0.649465,0.399085,-0.575122,0.0,0.0,-1.095440,0.962839,-1.046805,0.0,0.0,-1.479712,1.549195,-1.403152,0.0,0.0,-1.765697,2.063182,-1.779482,0.0,0.0,-0.404851,0.845604,-1.638031,0.0,0.0,-0.608957,1.486103,-2.247725,0.0,0.0,-0.657815,2.057987,-2.564913,0.0,0.0,-0.729915,2.625333,-2.773454,0.0,0.0,0.256247,0.799440,-1.531949,0.0,0.0,0.359459,1.425171,-2.177631,0.0,0.0,0.485034,2.038874,-2.455063,0.0,0.0,0.536049,2.616884,-2.683653,0.0,0.0,0.780096,0.774795,-1.398706,0.0,0.0,1.059044,1.373116,-1.944489,0.0,0.0,1.284674,1.983336,-2.192386,0.0,0.0,1.398070,2.552046,-2.370805,0.0,0.0,1.158922,0.741046,-1.282133,0.0,0.0,1.631277,1.207720,-1.721001,0.0,0.0,1.917646,1.613928,-1.974490,0.0,0.0,2.102111,2.054574,-2.170649,0.0,0.0
record2.mp4,e7f94d8ffdda6840c9b04703cf2b6166921cdbd5be69632bee01bf2c9ebea648,640,480,12.02,736,61.25,84,7000,Left,0.873243,0.000000,0.000000,0.000000,0.0,0.0,-0.669910,0.425303,-0.608237,0.0,0.0,-1.131671,0.993435,-1.105590,0.0,0.0,-1.500275,1.554049,-1.476338,0.0,0.0,-1.778548,2.083206,-1.869863,0.0,0.0,-0.429298,0.841967,-1.747154,0.0,0.0,-0.600780,1.487228,-2.413373,0.0,0.0,-0.671110,2.077508,-2.781756,0.0,0.0,-0.758614,2.659355,-3.021891,0.0,0.0,0.233386,0.789359,-1.629512,0.0,0.0,0.349738,1.444931,-2.301033,0.0,0.0,0.444779,2.096026,-2.617298,0.0,0.0,0.481968,2.703456,-2.881130,0.0,0.0,0.765202,0.774607,-1.482951,0.0,0.0,1.029816,1.380267,-2.044237,0.0,0.0,1.213249,2.025284,-2.334732,0.0,0.0,1.290449,2.609489,-2.551322,0.0,0.0,1.145802,0.756613,-1.353558,0.0,0.0,1.604143,1.204881,-1.810469,0.0,0.0,1.880603,1.601558,-2.095390,0.0,0.0,2.051729,2.022199,-2.320843,0.0,0.0
record2.mp4,e7f94d8ffdda6840c9b04703cf2b6166921cdbd5be69632bee01bf2c9ebea648,640,480,12.02,736,61.25,85,7083,Left,0.908388,0.000000,0.000000,0.000000,0.0,0.0,-0.655928,0.424723,-0.536729,0.0,0.0,-1.118395,0.979358,-0.989123,0.0,0.0,-1.474512,1.538626,-1.339170,0.0,0.0,-1.776643,2.031207,-1.713002,0.0,0.0,-0.406430,0.883745,-1.533357,0.0,0.0,-0.601921,1.551995,-2.144349,0.0,0.0,-0.692770,2.155052,-2.483861,0.0,0.0,-0.805068,2.717672,-2.703171,0.0,0.0,0.248919,0.831917,-1.450904,0.0,0.0,0.351598,1.521007,-2.047157,0.0,0.0,0.456803,2.170724,-2.312205,0.0,0.0,0.488058,2.748305,-2.535059,0.0,0.0,0.766047,0.795950,-1.349977,0.0,0.0,1.035131,1.453602,-1.860169,0.0,0.0,1.241455,2.085046,-2.112974,0.0,0.0,1.332510,2.646477,-2.300536,0.0,0.0,1.135268,0.744689,-1.265350,0.0,0.0,1.597693,1.198112,-1.690607,0.0,0.0,1.878451,1.612207,-1.948773,0.0,0.0,2.053847,2.039471,-2.148895,0.0,0.0
record2.mp4,e7f94d8ffdda6840c9b04703cf2b6166921cdbd5be69632bee01bf2c9ebea648,640,480,12.02,736,61.25,86,7166,Left,0.932406,0.000000,0.000000,0.000000,0.0,0.0,-0.624533,0.438293,-0.497064,0.0,0.0,-1.046466,0.940543,-0.947580,0.0,0.0,-1.388411,1.480638,-1.295367,0.0,0.0,-1.667677,1.971697,-1.664876,0.0,0.0,-0.395176,0.926911,-1.539209,0.0,0.0,-0.556353,1.580911,-2.153388,0.0,0.0,-0.625834,2.147555,-2.484576,0.0,0.0,-0.708896,2.660128,-2.690140,0.0,0.0,0.238890,0.866587,-1.460043,0.0,0.0,0.314982,1.528126,-2.049640,0.0,0.0,0.383593,2.141449,-2.288912,0.0,0.0,0.383927,2.655782,-2.489079,0.0,0.0,0.749517,0.819761,-1.359560,0.0,0.0,0.987957,1.452194,-1.865296,0.0,0.0,1.136819,2.047561,-2.114259,0.0,0.0,1.174590,2.551626,-2.295638,0.0,0.0,1.115378,0.765090,-1.267491,0.0,0.0,1.545146,1.200913,-1.690213,0.0,0.0,1.798588,1.603969,-1.954043,0.0,0.0,1.951342,2.006365,-2.154932,0.0,0.0
record2.mp4,e7f94d8ffdda6840c9b04703cf2b6166921cdbd5be69632bee01bf2c9ebea648,640,480,12.02,736,61.25,87,7250,Left,0.93445,0.000000,0.000000,0.000000,0.0,0.0,-0.635582,0.413600,-0.525535,0.0,0.0,-1.070485,0.943711,-0.988010,0.0,0.0,-1.432500,1.501758,-1.341240,0.0,0.0,-1.739971,1.990459,-1.716702,0.0,0.0,-0.403532,0.868033,-1.580345,0.0,0.0,-0.586183,1.513290,-2.176459,0.0,0.0,-0.637093,2.079621,-2.490969,0.0,0.0,-0.715599,2.607095,-2.693119,0.0,0.0,0.250129,0.823397,-1.495182,0.0,0.0,0.344709,1.512000,-2.093804,0.0,0.0,0.451152,2.138306,-2.348016,0.0,0.0,0.474291,2.683610,-2.562531,0.0,0.0,0.770523,0.795774,-1.381600,0.0,0.0,1.036532,1.454336,-1.885063,0.0,0.0,1.232878,2.069027,-2.126252,0.0,0.0,1.307566,2.600305,-2.307097,0.0,0.0,1.142739,0.751234,-1.279510,0.0,0.0,1.613401,1.206835,-1.689330,0.0,0.0,1.875984,1.612208,-1.933026,0.0,0.0,2.032977,2.027875,-2.123629,0.0,0.0
record2.mp4,e7f94d8ffdda6840c9b04703cf2b6166921cdbd5be69632bee01bf2c9ebea648,640,480,12.02,736,61.25,88,7333,Left,0.864798,0.000000,0.000000,0.000000,0.0,0.0,-0.636143,0.440264,-0.559527,0.0,0.0,-1.066311,0.954801,-1.040440,0.0,0.0,-1.430207,1.497018,-1.400023,0.0,0.0,-1.668285,2.003382,-1.776442,0.0,0.0,-0.367725,0.880133,-1.690620,0.0,0.0,-0.544718,1.512579,-2.352003,0.0,0.0,-0.608402,2.082343,-2.711899,0.0,0.0,-0.696896,2.622106,-2.938773,0.0,0.0,0.271070,0.823818,-1.585852,0.0,0.0,0.360609,1.480362,-2.252974,0.0,0.0,0.439423,2.105152,-2.552850,0.0,0.0,0.452659,2.654150,-2.796911,0.0,0.0,0.785820,0.798656,-1.450544,0.0,0.0,1.043971,1.410908,-2.013587,0.0,0.0,1.202420,2.012602,-2.294782,0.0,0.0,1.255509,2.540384,-2.496806,0.0,0.0,1.155030,0.778352,-1.325180,0.0,0.0,1.596602,1.208939,-1.779001,0.0,0.0,1.854553,1.601759,-2.059165,0.0,0.0,2.016913,2.012540,-2.275514,0.0,0.0
record2.mp4,e7f94d8ffdda6840c9b04703cf2b6166921cdbd5be69632bee01bf2c9ebea648,640,480,12.02,736,61.25,89,7416,Left,0.891666,0.000000,0.000000,0.000000,0.0,0.0,-0.656137,0.428209,-0.564852,0.0,0.0,-1.105836,0.962472,-1.041718,0.0,0.0,-1.490042,1.535762,-1.393717,0.0,0.0,-1.729221,2.050514,-1.760237,0.0,0.0,-0.397802,0.832619,-1.705654,0.0,0.0,-0.583295,1.483308,-2.365951,0.0,0.0,-0.643238,2.076342,-2.718810,0.0,0.0,-0.726788,2.637361,-2.940165,0.0,0.0,0.255234,0.792246,-1.592736,0.0,0.0,0.356786,1.463967,-2.271041,0.0,0.0,0.451261,2.126311,-2.567414,0.0,0.0,0.476144,2.706200,-2.805026,0.0,0.0,0.779481,0.788781,-1.446647,0.0,0.0,1.038033,1.427545,-2.009560,0.0,0.0,1.205642,2.060047,-2.279602,0.0,0.0,1.262964,2.621211,-2.469947,0.0,0.0,1.157623,0.786404,-1.311596,0.0,0.0,1.603464,1.220974,-1.759960,0.0,0.0,1.865612,1.622654,-2.030105,0.0,0.0,2.020055,2.041856,-2.236296,0.0,0.0
record2.mp4,e7f94d8ffdda6840c9b04703cf2b6166921cdbd5be69632bee01bf2c9ebea648,640,480,12.02,736,61.25,90,7500,Left,0.908315,0.000000,0.000000,0.000000,0.0,0.0,-0.650838,0.428578,-0.527808,0.0,0.0,-1.109794,0.967667,-0.975615,0.0,0.0,-1.492930,1.541245,-1.309205,0.0,0.0,-1.753482,2.051332,-1.659250,0.0,0.0,-0.396562,0.839320,-1.609826,0.0,0.0,-0.607547,1.498419,-2.242743,0.0,0.0,-0.662787,2.101818,-2.581780,0.0,0.0,-0.745191,2.665835,-2.794738,0.0,0.0,0.255232,0.792206,-1.515205,0.0,0.0,0.353479,1.488820,-2.149563,0.0,0.0,0.469747,2.156688,-2.418195,0.0,0.0,0.506231,2.737620,-2.639016,0.0,0.0,0.782919,0.776228,-1.391852,0.0,0.0,1.044982,1.441289,-1.926942,0.0,0.0,1.234715,2.080223,-2.171454,0.0,0.0,1.304305,2.648727,-2.346122,0.0,0.0,1.165529,0.756328,-1.279725,0.0,0.0,1.626710,1.212615,-1.718732,0.0,0.0,1.899155,1.623084,-1.971461,0.0,0.0,2.056803,2.049997,-2.162969,0.0,0.0
record2.mp4,e7f94d8ffdda6840c9b04703cf2b6166921cdbd5be69632bee01bf2c9ebea648,640,480,12.02,736,61.25,91,7583,Left,0.886555,0.000000,0.000000,0.000000,0.0,0.0,-0.633406,0.452714,-0.510037,0.0,0.0,-1.088713,0.978486,-0.969475,0.0,0.0,-1.479234,1.537250,-1.315908,0.0,0.0,-1.705344,2.049317,-1.681053,0.0,0.0,-0.397112,0.860252,-1.660315,0.0,0.0,-0.589686,1.522189,-2.315758,0.0,0.0,-0.652919,2.122180,-2.663017,0.0,0.0,-0.733917,2.669083,-2.876832,0.0,0.0,0.244394,0.811446,-1.575131,0.0,0.0,0.327204,1.518990,-2.214908,0.0,0.0,0.395479,2.179964,-2.473732,0.0,0.0,0.394274,2.736876,-2.690096,0.0,0.0,0.772450,0.786347,-1.459253,0.0,0.0,1.021279,1.435154,-2.004393,0.0,0.0,1.174385,2.067830,-2.263178,0.0,0.0,1.217423,2.609775,-2.449665,0.0,0.0,1.154171,0.762394,-1.349692,0.0,0.0,1.600960,1.206436,-1.795392,0.0,0.0,1.863309,1.615698,-2.065162,0.0,0.0,2.018715,2.028160,-2.273327,0.0,0.0
record2.mp4,e7f94d8ffdda6840c9b04703cf2b6166921cdbd5be69632bee01bf2c9ebea648,640,480,12.02,736,61.25,92,7666,Left,0.907118,0.000000,0.000000,0.000000,0.0,0.0,-0.661457,0.421993,-0.549449,0.0,0.0,-1.126819,0.951023,-1.009454,0.0,0.0,-1.511965,1.524687,-1.349762,0.0,0.0,-1.764087,2.042369,-1.705054,0.0,0.0,-0.390353,0.828460,-1.633152,0.0,0.0,-0.590496,1.495608,-2.259746,0.0,0.0,-0.661694,2.095027,-2.590200,0.0,0.0,-0.754653,2.662667,-2.797216,0.0,0.0,0.272580,0.792796,-1.524442,0.0,0.0,0.362292,1.484517,-2.155069,0.0,0.0,0.455850,2.146541,-2.421536,0.0,0.0,0.470573,2.726549,-2.642384,0.0,0.0,0.793414,0.782985,-1.386549,0.0,0.0,1.048305,1.418665,-1.913939,0.0,0.0,1.224773,2.059438,-2.163065,0.0,0.0,1.280689,2.632694,-2.343763,0.0,0.0,1.164115,0.768801,-1.261425,0.0,0.0,1.627628,1.220344,-1.687693,0.0,0.0,1.900163,1.635950,-1.942826,0.0,0.0,2.059698,2.073789,-2.139561,0.0,0.0
record2.mp4,e7f94d8ffdda6840c9b04703cf2b6166921cdbd5be69632bee01bf2c9ebea648,640,480,12.02,736,61.25,93,7750,Left,0.944481,0.000000,0.000000,0.000000,0.0,0.0,-0.606125,0.444458,-0.445728,0.0,0.0,-1.042911,1.021826,-0.846875,0.0,0.0,-1.402362,1.583960,-1.157163,0.0,0.0,-1.675264,2.043656,-1.493655,0.0,0.0,-0.389371,0.939749,-1.390128,0.0,0.0,-0.568201,1.597894,-1.938104,0.0,0.0,-0.631498,2.156163,-2.231513,0.0,0.0,-0.713672,2.677032,-2.420526,0.0,0.0,0.233966,0.896521,-1.336760,0.0,0.0,0.324091,1.629590,-1.859309,0.0,0.0,0.420610,2.247076,-2.073924,0.0,0.0,0.443027,2.782810,-2.258483,0.0,0.0,0.737345,0.854997,-1.262854,0.0,0.0,1.002134,1.574242,-1.721691,0.0,0.0,1.198170,2.186599,-1.954260,0.0,0.0,1.290889,2.722212,-2.128689,0.0,0.0,1.097187,0.783484,-1.196509,0.0,0.0,1.546383,1.236495,-1.586545,0.0,0.0,1.813648,1.621224,-1.820481,0.0,0.0,1.972907,2.018810,-2.001797,0.0,0.0
record2.mp4,e7f94d8ffdda6840c9b04703cf2b6166921cdbd5be69632bee01bf2c9ebea648,640,480,12.02,736,61.25,94,7833,Left,0.897108,0.000000,0.000000,0.000000,0.0,0.0,-0.658003,0.421030,-0.588152,0.0,0.0,-1.114879,0.989883,-1.057968,0.0,0.0,-1.512706,1.564112,-1.404984,0.0,0.0,-1.822050,2.069524,-1.773873,0.0,0.0,-0.429863,0.856527,-1.664481,0.0,0.0,-0.617549,1.517765,-2.285373,0.0,0.0,-0.684404,2.103923,-2.615069,0.0,0.0,-0.772310,2.676172,-2.830953,0.0,0.0,0.232964,0.805968,-1.551741,0.0,0.0,0.339435,1.458301,-2.204782,0.0,0.0,0.429720,2.105186,-2.495468,0.0,0.0,0.453947,2.697152,-2.731801,0.0,0.0,0.757890,0.784939,-1.411344,0.0,0.0,1.026044,1.392054,-1.959343,0.0,0.0,1.203470,2.024682,-2.215946,0.0,0.0,1.282570,2.605415,-2.400732,0.0,0.0,1.136671,0.753840,-1.288553,0.0,0.0,1.607555,1.209797,-1.736292,0.0,0.0,1.885112,1.616883,-1.996693,0.0,0.0,2.060628,2.050367,-2.196058,0.0,0.0
record2.mp4,e7f94d8ffdda6840c9b04703cf2b6166921cdbd5be69632bee01bf2c9ebea648,640,480,12.02,736,61.25,95,7916,Left,0.872784,0.000000,0.000000,0.000000,0.0,0.0,-0.631854,0.417055,-0.543239,0.0,0.0,-1.078876,0.953928,-0.994206,0.0,0.0,-1.463904,1.507388,-1.328689,0.0,0.0,-1.736536,1.995271,-1.681485,0.0,0.0,-0.377039,0.879602,-1.589848,0.0,0.0,-0.574169,1.486541,-2.209953,0.0,0.0,-0.641308,2.043299,-2.550220,0.0,0.0,-0.724990,2.580559,-2.765417,0.0,0.0,0.268057,0.835837,-1.482094,0.0,0.0,0.386684,1.504340,-2.085740,0.0,0.0,0.476135,2.132199,-2.343365,0.0,0.0,0.504898,2.672054,-2.558396,0.0,0.0,0.779992,0.809688,-1.348161,0.0,0.0,1.057728,1.441947,-1.853428,0.0,0.0,1.278979,2.048123,-2.084231,0.0,0.0,1.387819,2.593553,-2.254033,0.0,0.0,1.144658,0.772866,-1.227952,0.0,0.0,1.576812,1.225346,-1.629539,0.0,0.0,1.840167,1.612842,-1.856853,0.0,0.0,2.007605,2.019891,-2.034315,0.0,0.0
record2.mp4,e7f94d8ffdda6840c9b04703cf2b6166921cdbd5be69632bee01bf2c9ebea648,640,480,12.02,736,61.25,96,8000,Left,0.887646,0.000000,0.000000,0.000000,0.0,0.0,-0.642983,0.436608,-0.546169,0.0,0.0,-1.073042,0.969747,-1.020291,0.0,0.0,-1.438227,1.542447,-1.381038,0.0,0.0,-1.733511,2.051329,-1.759010,0.0,0.0,-0.385805,0.879861,-1.615487,0.0,0.0,-0.585715,1.513145,-2.254396,0.0,0.0,-0.638491,2.089893,-2.598918,0.0,0.0,-0.718518,2.629877,-2.813593,0.0,0.0,0.263687,0.837559,-1.514191,0.0,0.0,0.370887,1.484080,-2.171446,0.0,0.0,0.486451,2.125412,-2.456167,0.0,0.0,0.518967,2.680024,-2.680810,0.0,0.0,0.779402,0.809560,-1.384010,0.0,0.0,1.056019,1.432672,-1.941888,0.0,0.0,1.280579,2.062255,-2.205305,0.0,0.0,1.378657,2.616970,-2.385054,0.0,0.0,1.137286,0.773904,-1.263369,0.0,0.0,1.581894,1.223596,-1.693945,0.0,0.0,1.851160,1.634282,-1.941839,0.0,0.0,2.022053,2.059610,-2.130675,0.0,0.0
record2.mp4,e7f94d8ffdda6840c9b04703cf2b6166921cdbd5be69632bee01bf2c9ebea648,640,480,12.02,736,61.25,97,8083,Left,0.924497,0.000000,0.000000,0.000000,0.0,0.0,-0.636167,0.436877,-0.510704,0.0,0.0,-1.074908,0.965768,-0.974691,0.0,0.0,-1.450310,1.533061,-1.326914,0.0,0.0,-1.748142,2.036841,-1.700728,0.0,0.0,-0.388782,0.874905,-1.615768,0.0,0.0,-0.579052,1.532019,-2.235552,0.0,0.0,-0.622578,2.116066,-2.563211,0.0,0.0,-0.691813,2.651735,-2.771498,0.0,0.0,0.258290,0.835120,-1.536226,0.0,0.0,0.359284,1.557333,-2.150488,0.0,0.0,0.456981,2.207930,-2.409625,0.0,0.0,0.472303,2.755322,-2.626874,0.0,0.0,0.779536,0.809139,-1.424995,0.0,0.0,1.058187,1.507509,-1.947844,0.0,0.0,1.261688,2.145092,-2.209216,0.0,0.0,1.340707,2.686826,-2.402434,0.0,0.0,1.138670,0.770094,-1.320197,0.0,0.0,1.598982,1.223433,-1.750512,0.0,0.0,1.866629,1.634340,-2.014384,0.0,0.0,2.034247,2.052686,-2.219658,0.0,0.0
record2.mp4,e7f94d8ffdda6840c9b04703cf2b6166921cdbd5be69632bee01bf2c9ebea648,640,480,12.02,736,61.25,98,8166,Left,0.926901,0.000000,0.000000,0.000000,0.0,0.0,-0.666880,0.459136,-0.557849,0.0,0.0,-1.109745,1.038673,-1.018665,0.0,0.0,-1.492110,1.618487,-1.366141,0.0,0.0,-1.793024,2.109140,-1.731146,0.0,0.0,-0.437047,0.851969,-1.601120,0.0,0.0,-0.606286,1.538136,-2.215182,0.0,0.0,-0.648544,2.138273,-2.535340,0.0,0.0,-0.711634,2.720802,-2.744172,0.0,0.0,0.223911,0.787861,-1.509033,0.0,0.0,0.359756,1.478196,-2.161845,0.0,0.0,0.478068,2.149798,-2.447413,0.0,0.0,0.528528,2.779934,-2.674436,0.0,0.0,0.752434,0.775743,-1.391795,0.0,0.0,1.048566,1.408371,-1.937683,0.0,0.0,1.226413,2.071249,-2.197617,0.0,0.0,1.308280,2.690761,-2.380096,0.0,0.0,1.138856,0.765894,-1.291552,0.0,0.0,1.615506,1.228902,-1.728712,0.0,0.0,1.887104,1.642924,-1.985072,0.0,0.0,2.050283,2.091071,-2.181069,0.0,0.0
record2.mp4,e7f94d8ffdda6840c9b04703cf2b6166921cdbd5be69632bee01bf2c9ebea648,640,480,12.02,736,61.25,99,8250,Left,0.887798,0.000000,0.000000,0.000000,0.0,0.0,-0.667099,0.428601,-0.561521,0.0,0.0,-1.126710,0.940317,-1.034916,0.0,0.0,-1.482310,1.480464,-1.394897,0.0,0.0,-1.763930,1.984368,-1.773155,0.0,0.0,-0.406534,0.843097,-1.621583,0.0,0.0,-0.625211,1.508406,-2.273122,0.0,0.0,-0.722170,2.117219,-2.633255,0.0,0.0,-0.841075,2.687481,-2.862028,0.0,0.0,0.262819,0.793696,-1.525174,0.0,0.0,0.355045,1.483303,-2.195173,0.0,0.0,0.440128,2.163648,-2.501436,0.0,0.0,0.455474,2.764951,-2.745525,0.0,0.0,0.788863,0.767539,-1.403237,0.0,0.0,1.040630,1.414843,-1.961445,0.0,0.0,1.222859,2.079351,-2.225937,0.0,0.0,1.293084,2.677310,-2.413871,0.0,0.0,1.158120,0.740707,-1.296773,0.0,0.0,1.615925,1.190351,-1.757091,0.0,0.0,1.885791,1.614136,-2.026596,0.0,0.0,2.059512,2.060197,-2.228807,0.0,0.0
record2.mp4,e7f94d8ffdda6840c9b04703cf2b6166921cdbd5be69632bee01bf2c9ebea648,640,480,12.02,736,61.25,100,8333,Left,0.795861,0.000000,0.000000,0.000000,0.0,0.0,-0.657987,0.437204,-0.600225,0.0,0.0,-1.102487,0.969824,-1.093084,0.0,0.0,-1.468038,1.512729,-1.462557,0.0,0.0,-1.736625,2.014308,-1.844502,0.0,0.0,-0.408335,0.842494,-1.695858,0.0,0.0,-0.558002,1.475533,-2.353875,0.0,0.0,-0.609579,2.035222,-2.699153,0.0,0.0,-0.679967,2.582378,-2.918298,0.0,0.0,0.246346,0.788784,-1.584733,0.0,0.0,0.359858,1.429503,-2.288230,0.0,0.0,0.444614,2.064701,-2.605038,0.0,0.0,0.478314,2.642590,-2.850528,0.0,0.0,0.775809,0.769373,-1.447298,0.0,0.0,1.036479,1.348207,-2.036142,0.0,0.0,1.204765,1.980512,-2.323584,0.0,0.0,1.285875,2.563409,-2.520400,0.0,0.0,1.159959,0.758099,-1.325835,0.0,0.0,1.593964,1.208744,-1.785367,0.0,0.0,1.849610,1.611878,-2.063008,0.0,0.0,2.007962,2.031151,-2.274645,0.0,0.0
record2.mp4,e7f94d8ffdda6840c9b04703cf2b6166921cdbd5be69632bee01bf2c9ebea648,640,480,12.02,736,61.25,101,8416,Left,0.864254,0.000000,0.000000,0.000000,0.0,0.0,-0.675207,0.422090,-0.609416,0.0,0.0,-1.148283,0.980903,-1.101156,0.0,0.0,-1.542069,1.554530,-1.467106,0.0,0.0,-1.808701,2.075917,-1.847947,0.0,0.0,-0.425647,0.799348,-1.741189,0.0,0.0,-0.634016,1.486030,-2.415582,0.0,0.0,-0.694441,2.104165,-2.775535,0.0,0.0,-0.772732,2.696495,-3.001944,0.0,0.0,0.252509,0.752259,-1.616970,0.0,0.0,0.373800,1.429343,-2.314032,0.0,0.0,0.478970,2.116862,-2.619516,0.0,0.0,0.521011,2.733134,-2.864452,0.0,0.0,0.786430,0.747520,-1.464202,0.0,0.0,1.059366,1.353569,-2.041122,0.0,0.0,1.265609,2.015252,-2.309352,0.0,0.0,1.360738,2.617114,-2.496869,0.0,0.0,1.169324,0.752086,-1.329762,0.0,0.0,1.626925,1.221611,-1.782964,0.0,0.0,1.907480,1.645939,-2.047559,0.0,0.0,2.082892,2.092336,-2.251139,0.0,0.0
record2.mp4,e7f94d8ffdda6840c9b04703cf2b6166921cdbd5be69632bee01bf2c9ebea648,640,480,12.02,736,61.25,102,8500,Left,0.900486,0.000000,0.000000,0.000000,0.0,0.0,-0.648697,0.437217,-0.556243,0.0,0.0,-1.103650,1.016052,-1.018955,0.0,0.0,-1.455122,1.597302,-1.366916,0.0,0.0,-1.749567,2.109237,-1.736898,0.0,0.0,-0.410358,0.852883,-1.605620,0.0,0.0,-0.585296,1.524731,-2.234047,0.0,0.0,-0.670959,2.128819,-2.579694,0.0,0.0,-0.768610,2.697088,-2.797298,0.0,0.0,0.247467,0.803671,-1.505873,0.0,0.0,0.360759,1.512967,-2.105514,0.0,0.0,0.438970,2.185416,-2.364909,0.0,0.0,0.451907,2.775989,-2.582112,0.0,0.0,0.772823,0.789162,-1.385970,0.0,0.0,1.024009,1.472329,-1.904689,0.0,0.0,1.192033,2.142190,-2.168950,0.0,0.0,1.252798,2.731914,-2.360894,0.0,0.0,1.143631,0.773907,-1.280990,0.0,0.0,1.603212,1.256120,-1.705501,0.0,0.0,1.867087,1.686888,-1.964777,0.0,0.0,2.009135,2.124680,-2.166201,0.0,0.0
record2.mp4,e7f94d8ffdda6840c9b04703cf2b6166921cdbd5be69632bee01bf2c9ebea648,640,480,12.02,736,61.25,103,8583,Left,0.964629,0.000000,0.000000,0.000000,0.0,0.0,-0.622558,0.459062,-0.426451,0.0,0.0,-1.071335,1.040518,-0.800588,0.0,0.0,-1.411898,1.615479,-1.090249,0.0,0.0,-1.699659,2.114611,-1.399034,0.0,0.0,-0.408564,0.943758,-1.271671,0.0,0.0,-0.586759,1.663199,-1.779840,0.0,0.0,-0.663105,2.266457,-2.045594,0.0,0.0,-0.756330,2.847786,-2.217140,0.0,0.0,0.217864,0.908491,-1.227328,0.0,0.0,0.329016,1.685503,-1.758257,0.0,0.0,0.418016,2.370385,-1.983913,0.0,0.0,0.438138,3.002927,-2.161649,0.0,0.0,0.711433,0.873584,-1.161452,0.0,0.0,0.973900,1.568635,-1.610110,0.0,0.0,1.117084,2.218849,-1.801637,0.0,0.0,1.172765,2.824487,-1.933240,0.0,0.0,1.071150,0.823781,-1.109333,0.0,0.0,1.522292,1.305431,-1.488613,0.0,0.0,1.768059,1.729332,-1.690107,0.0,0.0,1.920645,2.183340,-1.834234,0.0,0.0
record2.mp4,e7f94d8ffdda6840c9b04703cf2b6166921cdbd5be69632bee01bf2c9ebea648,640,480,12.02,736,61.25,104,8666,Left,0.94532,0.000000,0.000000,0.000000,0.0,0.0,-0.562607,0.447569,-0.364169,0.0,0.0,-0.937653,0.938485,-0.695397,0.0,0.0,-1.215558,1.450170,-0.961752,0.0,0.0,-1.533476,1.826908,-1.242907,0.0,0.0,-0.365040,1.031470,-1.051339,0.0,0.0,-0.518813,1.695157,-1.511920,0.0,0.0,-0.558244,2.203880,-1.766537,0.0,0.0,-0.605265,2.662847,-1.932446,0.0,0.0,0.235229,0.967343,-1.023023,0.0,0.0,0.320934,1.626977,-1.502827,0.0,0.0,0.412432,2.178655,-1.719841,0.0,0.0,0.459999,2.668443,-1.886938,0.0,0.0,0.715537,0.884567,-0.983267,0.0,0.0,0.932318,1.486553,-1.397761,0.0,0.0,1.072547,2.017242,-1.580451,0.0,0.0,1.137842,2.485707,-1.703836,0.0,0.0,1.051110,0.791124,-0.955037,0.0,0.0,1.467562,1.209889,-1.312923,0.0,0.0,1.720364,1.557793,-1.510660,0.0,0.0,1.902590,1.926274,-1.645567,0.0,0.0
record2.mp4,e7f94d8ffdda6840c9b04703cf2b6166921cdbd5be69632bee01bf2c9ebea648,640,480,12.02,736,61.25,105,8750,Left,0.936314,0.000000,0.000000,0.000000,0.0,0.0,-0.555357,0.437605,-0.407263,0.0,0.0,-0.929132,0.927440,-0.758365,0.0,0.0,-1.201934,1.423623,-1.031908,0.0,0.0,-1.522056,1.805275,-1.318792,0.0,0.0,-0.321670,1.053998,-1.124142,0.0,0.0,-0.475327,1.730804,-1.606471,0.0,0.0,-0.531127,2.232022,-1.873993,0.0,0.0,-0.609714,2.663848,-2.044340,0.0,0.0,0.265180,0.995472,-1.075284,0.0,0.0,0.367810,1.663878,-1.565606,0.0,0.0,0.451096,2.204665,-1.797791,0.0,0.0,0.481031,2.662715,-1.976157,0.0,0.0,0.726950,0.911203,-1.015232,0.0,0.0,0.967018,1.512667,-1.438791,0.0,0.0,1.097400,2.016311,-1.639913,0.0,0.0,1.151017,2.454180,-1.778662,0.0,0.0,1.046217,0.814181,-0.967918,0.0,0.0,1.471444,1.215455,-1.337445,0.0,0.0,1.720651,1.546597,-1.548606,0.0,0.0,1.901302,1.902678,-1.695229,0.0,0.0
record2.mp4,e7f94d8ffdda6840c9b04703cf2b6166921cdbd5be69632bee01bf2c9ebea648,640,480,12.02,736,61.25,106,8833,Left,0.939915,0.000000,0.000000,0.000000,0.0,0.0,-0.576226,0.409318,-0.434613,0.0,0.0,-0.977702,0.917114,-0.797942,0.0,0.0,-1.258092,1.436294,-1.080111,0.0,0.0,-1.579397,1.814472,-1.374682,0.0,0.0,-0.333250,1.023184,-1.169805,0.0,0.0,-0.512705,1.715734,-1.657840,0.0,0.0,-0.578890,2.246303,-1.926485,0.0,0.0,-0.657062,2.727294,-2.101559,0.0,0.0,0.266009,0.974105,-1.118910,0.0,0.0,0.382077,1.650590,-1.615360,0.0,0.0,0.472941,2.214699,-1.843812,0.0,0.0,0.508019,2.712548,-2.021445,0.0,0.0,0.736215,0.897352,-1.057782,0.0,0.0,0.995683,1.490196,-1.490369,0.0,0.0,1.127563,2.022082,-1.690840,0.0,0.0,1.181617,2.502309,-1.828409,0.0,0.0,1.062277,0.805238,-1.013299,0.0,0.0,1.518288,1.218285,-1.379591,0.0,0.0,1.776377,1.568905,-1.584886,0.0,0.0,1.949376,1.952892,-1.730271,0.0,0.0
record2.mp4,e7f94d8ffdda6840c9b04703cf2b6166921cdbd5be69632bee01bf2c9ebea648,640,480,12.02,736,61.25,107,8916,Left,0.944756,0.000000,0.000000,0.000000,0.0,0.0,-0.565571,0.427721,-0.397136,0.0,0.0,-0.953830,0.914170,-0.742499,0.0,0.0,-1.229470,1.424955,-1.008864,0.0,0.0,-1.544144,1.805177,-1.287092,0.0,0.0,-0.334318,1.053180,-1.113957,0.0,0.0,-0.506138,1.742993,-1.576648,0.0,0.0,-0.565168,2.258155,-1.825475,0.0,0.0,-0.643041,2.700418,-1.984403,0.0,0.0,0.258960,1.010964,-1.065972,0.0,0.0,0.360200,1.701187,-1.526255,0.0,0.0,0.440824,2.245332,-1.724716,0.0,0.0,0.458653,2.689655,-1.879527,0.0,0.0,0.721586,0.920071,-1.007113,0.0,0.0,0.970598,1.528824,-1.408876,0.0,0.0,1.092044,2.031510,-1.594459,0.0,0.0,1.125307,2.463142,-1.725309,0.0,0.0,1.031360,0.803945,-0.960536,0.0,0.0,1.480645,1.183931,-1.317675,0.0,0.0,1.733325,1.519728,-1.524569,0.0,0.0,1.895314,1.884577,-1.669813,0.0,0.0
record2.mp4,e7f94d8ffdda6840c9b04703cf2b6166921cdbd5be69632bee01bf2c9ebea648,640,480,12.02,736,61.25,108,9000,Left,0.959659,0.000000,0.000000,0.000000,0.0,0.0,-0.592449,0.398634,-0.461394,0.0,0.0,-0.998677,0.898020,-0.836679,0.0,0.0,-1.294178,1.444352,-1.117385,0.0,0.0,-1.613716,1.872517,-1.407543,0.0,0.0,-0.350090,1.017115,-1.221364,0.0,0.0,-0.535169,1.730448,-1.701991,0.0,0.0,-0.593887,2.263866,-1.957378,0.0,0.0,-0.670115,2.741373,-2.124504,0.0,0.0,0.264825,0.981787,-1.145761,0.0,0.0,0.357409,1.671274,-1.627025,0.0,0.0,0.440813,2.223877,-1.833551,0.0,0.0,0.459608,2.686292,-1.999458,0.0,0.0,0.730033,0.914788,-1.059747,0.0,0.0,0.968101,1.524719,-1.475937,0.0,0.0,1.103547,2.047715,-1.666273,0.0,0.0,1.154132,2.506487,-1.804299,0.0,0.0,1.039676,0.829514,-0.991591,0.0,0.0,1.511175,1.226205,-1.355886,0.0,0.0,1.769138,1.574321,-1.567650,0.0,0.0,1.925669,1.954277,-1.719819,0.0,0.0
record2.mp4,e7f94d8ffdda6840c9b04703cf2b6166921cdbd5be69632bee01bf2c9ebea648,640,480,12.02,736,61.25,109,9083,Left,0.937086,0.000000,0.000000,0.000000,0.0,0.0,-0.580444,0.404518,-0.420447,0.0,0.0,-0.972662,0.884467,-0.776909,0.0,0.0,-1.254179,1.402188,-1.048969,0.0,0.0,-1.568428,1.796886,-1.333166,0.0,0.0,-0.332697,1.037851,-1.157633,0.0,0.0,-0.508198,1.730515,-1.625525,0.0,0.0,-0.569778,2.243044,-1.878756,0.0,0.0,-0.646909,2.695674,-2.044940,0.0,0.0,0.267623,1.003146,-1.100894,0.0,0.0,0.355341,1.679473,-1.574429,0.0,0.0,0.435206,2.213352,-1.787871,0.0,0.0,0.455557,2.659089,-1.957385,0.0,0.0,0.730771,0.924482,-1.032154,0.0,0.0,0.964364,1.529173,-1.446006,0.0,0.0,1.084935,2.028198,-1.647071,0.0,0.0,1.122984,2.456697,-1.791695,0.0,0.0,1.034494,0.820867,-0.976616,0.0,0.0,1.484436,1.199151,-1.341859,0.0,0.0,1.737347,1.530052,-1.558446,0.0,0.0,1.902000,1.889829,-1.713754,0.0,0.0
record2.mp4,e7f94d8ffdda6840c9b04703cf2b6166921cdbd5be69632bee01bf2c9ebea648,640,480,12.02,736,61.25,110,9166,Left,0.956179,0.000000,0.000000,0.000000,0.0,0.0,-0.625117,0.388441,-0.434845,0.0,0.0,-1.087824,0.963357,-0.787394,0.0,0.0,-1.394841,1.526941,-1.054601,0.0,0.0,-1.738236,1.929213,-1.338066,0.0,0.0,-0.414824,0.973662,-1.182222,0.0,0.0,-0.616442,1.644519,-1.616761,0.0,0.0,-0.675893,2.156779,-1.850073,0.0,0.0,-0.740484,2.664362,-2.018042,0.0,0.0,0.209933,0.932858,-1.124484,0.0,0.0,0.339944,1.545741,-1.566751,0.0,0.0,0.473283,2.069917,-1.770344,0.0,0.0,0.553476,2.582762,-1.947354,0.0,0.0,0.706411,0.887529,-1.052275,0.0,0.0,0.961017,1.515424,-1.457941,0.0,0.0,1.101343,2.050072,-1.660077,0.0,0.0,1.185999,2.547824,-1.813092,0.0,0.0,1.043768,0.825781,-0.994705,0.0,0.0,1.508198,1.260496,-1.345813,0.0,0.0,1.792276,1.622353,-1.550186,0.0,0.0,1.992096,2.013186,-1.706054,0.0,0.0
record2.mp4,e7f94d8ffdda6840c9b04703cf2b6166921cdbd5be69632bee01bf2c9ebea648,640,480,12.02,736,61.25,111,9250,Left,0.93221,0.000000,0.000000,0.000000,0.0,0.0,-0.630849,0.365917,-0.432679,0.0,0.0,-1.114876,0.962419,-0.773046,0.0,0.0,-1.437371,1.511397,-1.030430,0.0,0.0,-1.787043,1.902959,-1.301450,0.0,0.0,-0.402014,0.906823,-1.146864,0.0,0.0,-0.562795,1.405609,-1.593325,0.0,0.0,-0.612578,1.840431,-1.845954,0.0,0.0,-0.673464,2.305476,-2.025646,0.0,0.0,0.231218,0.904566,-1.109712,0.0,0.0,0.339216,1.593122,-1.578427,0.0,0.0,0.442024,2.188245,-1.816400,0.0,0.0,0.503268,2.769953,-2.016746,0.0,0.0,0.728008,0.890905,-1.057182,0.0,0.0,0.982868,1.513010,-1.481576,0.0,0.0,1.130683,2.066452,-1.700430,0.0,0.0,1.215059,2.586574,-1.857581,0.0,0.0,1.076644,0.835018,-1.020969,0.0,0.0,1.531284,1.285372,-1.374371,0.0,0.0,1.803587,1.646836,-1.576130,0.0,0.0,1.995633,2.026740,-1.731423,0.0,0.0
record2.mp4,e7f94d8ffdda6840c9b04703cf2b6166921cdbd5be69632bee01bf2c9ebea648,640,480,12.02,736,61.25,112,9333,Left,0.952812,0.000000,0.000000,0.000000,0.0,0.0,-0.639916,0.376477,-0.442384,0.0,0.0,-1.122159,0.990140,-0.787843,0.0,0.0,-1.432904,1.553542,-1.042803,0.0,0.0,-1.776706,1.948444,-1.308901,0.0,0.0,-0.422047,0.898669,-1.178788,0.0,0.0,-0.550118,1.400625,-1.632528,0.0,0.0,-0.579592,1.845363,-1.882848,0.0,0.0,-0.619225,2.307064,-2.055151,0.0,0.0,0.214953,0.887757,-1.131181,0.0,0.0,0.336140,1.609743,-1.597980,0.0,0.0,0.455888,2.231373,-1.824309,0.0,0.0,0.530554,2.815986,-2.013835,0.0,0.0,0.720692,0.872587,-1.068330,0.0,0.0,0.973751,1.512052,-1.487476,0.0,0.0,1.120315,2.089751,-1.701954,0.0,0.0,1.196416,2.617842,-1.853611,0.0,0.0,1.081213,0.817899,-1.022244,0.0,0.0,1.545278,1.288041,-1.367350,0.0,0.0,1.823808,1.670750,-1.567449,0.0,0.0,2.006356,2.061365,-1.720699,0.0,0.0
record2.mp4,e7f94d8ffdda6840c9b04703cf2b6166921cdbd5be69632bee01bf2c9ebea648,640,480,12.02,736,61.25,113,9416,Left,0.950901,0.000000,0.000000,0.000000,0.0,0.0,-0.630028,0.374854,-0.427954,0.0,0.0,-1.113073,0.967379,-0.768098,0.0,0.0,-1.440052,1.517471,-1.024103,0.0,0.0,-1.776203,1.910129,-1.293647,0.0,0.0,-0.419449,0.936858,-1.143154,0.0,0.0,-0.599943,1.413324,-1.589249,0.0,0.0,-0.642905,1.843566,-1.839431,0.0,0.0,-0.691830,2.290435,-2.012242,0.0,0.0,0.206512,0.925380,-1.102545,0.0,0.0,0.307711,1.620586,-1.557319,0.0,0.0,0.417211,2.214797,-1.776298,0.0,0.0,0.484675,2.777358,-1.960521,0.0,0.0,0.699846,0.903212,-1.047942,0.0,0.0,0.951817,1.529032,-1.460112,0.0,0.0,1.091567,2.073411,-1.665876,0.0,0.0,1.163374,2.577769,-1.812167,0.0,0.0,1.050150,0.841285,-1.009735,0.0,0.0,1.513025,1.279954,-1.356326,0.0,0.0,1.784554,1.642926,-1.553136,0.0,0.0,1.963263,2.025556,-1.701994,0.0,0.0
record2.mp4,e7f94d8ffdda6840c9b04703cf2b6166921cdbd5be69632bee01bf2c9ebea648,640,480,12.02,736,61.25,114,9500,Left,0.947969,0.000000,0.000000,0.000000,0.0,0.0,-0.599423,0.412401,-0.471385,0.0,0.0,-1.041145,0.929283,-0.863381,0.0,0.0,-1.378821,1.474552,-1.159866,0.0,0.0,-1.715474,1.901673,-1.470653,0.0,0.0,-0.398201,0.957380,-1.338994,0.0,0.0,-0.616892,1.704141,-1.841359,0.0,0.0,-0.666461,2.258302,-2.095776,0.0,0.0,-0.721080,2.779647,-2.267339,0.0,0.0,0.235406,0.922908,-1.273018,0.0,0.0,0.319037,1.640207,-1.820513,0.0,0.0,0.416169,2.240554,-2.053228,0.0,0.0,0.462881,2.773077,-2.234432,0.0,0.0,0.725670,0.883390,-1.187557,0.0,0.0,0.960841,1.517619,-1.665739,0.0,0.0,1.092148,2.081315,-1.873757,0.0,0.0,1.154914,2.590321,-2.016935,0.0,0.0,1.058359,0.834414,-1.117813,0.0,0.0,1.528506,1.272205,-1.538391,0.0,0.0,1.785903,1.640229,-1.773073,0.0,0.0,1.955338,2.038827,-1.936886,0.0,0.0
record2.mp4,e7f94d8ffdda6840c9b04703cf2b6166921cdbd5be69632bee01bf2c9ebea648,640,480,12.02,736,61.25,115,9583,Left,0.946061,0.000000,0.000000,0.000000,0.0,0.0,-0.590960,0.406274,-0.402322,0.0,0.0,-1.012673,0.919126,-0.740662,0.0,0.0,-1.309984,1.462804,-1.005265,0.0,0.0,-1.638488,1.872673,-1.282732,0.0,0.0,-0.368277,1.040758,-1.088462,0.0,0.0,-0.545574,1.746310,-1.517365,0.0,0.0,-0.585832,2.257244,-1.742790,0.0,0.0,-0.643873,2.734175,-1.896544,0.0,0.0,0.234371,0.999706,-1.048547,0.0,0.0,0.358336,1.677370,-1.509614,0.0,0.0,0.474384,2.241908,-1.720490,0.0,0.0,0.528130,2.760323,-1.887870,0.0,0.0,0.704522,0.917019,-0.996048,0.0,0.0,0.950905,1.510529,-1.401989,0.0,0.0,1.089505,2.034426,-1.589212,0.0,0.0,1.151845,2.525993,-1.720937,0.0,0.0,1.020724,0.815047,-0.958232,0.0,0.0,1.482025,1.215679,-1.314473,0.0,0.0,1.744542,1.563940,-1.513623,0.0,0.0,1.928647,1.954310,-1.654413,0.0,0.0
record2.mp4,e7f94d8ffdda6840c9b04703cf2b6166921cdbd5be69632bee01bf2c9ebea648,640,480,12.02,736,61.25,116,9666,Left,0.957254,0.000000,0.000000,0.000000,0.0,0.0,-0.617027,0.404749,-0.437093,0.0,0.0,-1.053728,1.003238,-0.802741,0.0,0.0,-1.358090,1.571789,-1.082028,0.0,0.0,-1.728856,1.955893,-1.375226,0.0,0.0,-0.418446,0.941318,-1.241596,0.0,0.0,-0.559026,1.723233,-1.668545,0.0,0.0,-0.640982,2.279841,-1.881268,0.0,0.0,-0.724591,2.824312,-2.040088,0.0,0.0,0.215234,0.886077,-1.180813,0.0,0.0,0.320564,1.413704,-1.604527,0.0,0.0,0.423086,1.853321,-1.749547,0.0,0.0,0.479088,2.282184,-1.892799,0.0,0.0,0.723903,0.849850,-1.107329,0.0,0.0,0.967934,1.452459,-1.502342,0.0,0.0,1.140259,1.990576,-1.655688,0.0,0.0,1.265713,2.514584,-1.786701,0.0,0.0,1.077176,0.809607,-1.049595,0.0,0.0,1.540374,1.269620,-1.393125,0.0,0.0,1.821916,1.633098,-1.571070,0.0,0.0,2.028588,2.032977,-1.713829,0.0,0.0
record2.mp4,e7f94d8ffdda6840c9b04703cf2b6166921cdbd5be69632bee01bf2c9ebea648,640,480,12.02,736,61.25,117,9750,Left,0.933744,0.000000,0.000000,0.000000,0.0,0.0,-0.642019,0.401927,-0.443850,0.0,0.0,-1.093390,0.978957,-0.805010,0.0,0.0,-1.425522,1.533644,-1.078538,0.0,0.0,-1.755298,1.964753,-1.362853,0.0,0.0,-0.419066,0.930349,-1.235021,0.0,0.0,-0.629564,1.616170,-1.704525,0.0,0.0,-0.706093,2.158821,-1.946756,0.0,0.0,-0.789028,2.702792,-2.114270,0.0,0.0,0.211617,0.905747,-1.184242,0.0,0.0,0.333063,1.587977,-1.676251,0.0,0.0,0.443820,2.188132,-1.889887,0.0,0.0,0.501961,2.794751,-2.066432,0.0,0.0,0.711329,0.893825,-1.117772,0.0,0.0,0.993506,1.517220,-1.556712,0.0,0.0,1.150961,2.103202,-1.752897,0.0,0.0,1.237107,2.684952,-1.891566,0.0,0.0,1.050376,0.871227,-1.068148,0.0,0.0,1.548398,1.331265,-1.435886,0.0,0.0,1.835842,1.696051,-1.634646,0.0,0.0,2.034240,2.114685,-1.781242,0.0,0.0
record2.mp4,e7f94d8ffdda6840c9b04703cf2b6166921cdbd5be69632bee01bf2c9ebea648,640,480,12.02,736,61.25,118,9833,Left,0.909327,0.000000,0.000000,0.000000,0.0,0.0,-0.636779,0.384198,-0.422486,0.0,0.0,-1.101011,0.955146,-0.773248,0.0,0.0,-1.428759,1.489989,-1.042655,0.0,0.0,-1.774306,1.875259,-1.326356,0.0,0.0,-0.417495,0.892224,-1.143864,0.0,0.0,-0.539931,1.358922,-1.595036,0.0,0.0,-0.561670,1.808264,-1.844384,0.0,0.0,-0.603989,2.269902,-2.015866,0.0,0.0,0.208238,0.895236,-1.110382,0.0,0.0,0.303365,1.622616,-1.582647,0.0,0.0,0.409795,2.249989,-1.803156,0.0,0.0,0.465523,2.839881,-1.986740,0.0,0.0,0.717489,0.872826,-1.060582,0.0,0.0,0.981481,1.532196,-1.477862,0.0,0.0,1.153803,2.102065,-1.667917,0.0,0.0,1.243536,2.628842,-1.803151,0.0,0.0,1.088807,0.808251,-1.026357,0.0,0.0,1.555021,1.255360,-1.372954,0.0,0.0,1.829910,1.628488,-1.558270,0.0,0.0,2.023014,2.025597,-1.699052,0.0,0.0
record2.mp4,e7f94d8ffdda6840c9b04703cf2b6166921cdbd5be69632bee01bf2c9ebea648,640,480,12.02,736,61.25,119,9916,Left,0.937562,0.000000,0.000000,0.000000,0.0,0.0,-0.636644,0.364354,-0.443240,0.0,0.0,-1.096001,0.965879,-0.797229,0.0,0.0,-1.395828,1.523327,-1.061880,0.0,0.0,-1.743948,1.925927,-1.342315,0.0,0.0,-0.416676,0.903616,-1.173225,0.0,0.0,-0.521639,1.388869,-1.635102,0.0,0.0,-0.567002,1.822256,-1.896398,0.0,0.0,-0.625468,2.276292,-2.075620,0.0,0.0,0.210393,0.897432,-1.132976,0.0,0.0,0.314232,1.639706,-1.575446,0.0,0.0,0.408992,2.253130,-1.786974,0.0,0.0,0.459383,2.823959,-1.970053,0.0,0.0,0.717228,0.869138,-1.081085,0.0,0.0,0.986441,1.549086,-1.486316,0.0,0.0,1.155095,2.112069,-1.691129,0.0,0.0,1.247053,2.630610,-1.842733,0.0,0.0,1.088921,0.794521,-1.045524,0.0,0.0,1.548805,1.246082,-1.396573,0.0,0.0,1.823711,1.604118,-1.592146,0.0,0.0,2.009081,1.985738,-1.741778,0.0,0.0
record2.mp4,e7f94d8ffdda6840c9b04703cf2b6166921cdbd5be69632bee01bf2c9ebea648,640,480,12.02,736,61.25,120,10000,Left,0.950788,0.000000,0.000000,0.000000,0.0,0.0,-0.646835,0.382546,-0.447040,0.0,0.0,-1.099337,0.997731,-0.804007,0.0,0.0,-1.398086,1.567628,-1.070844,0.0,0.0,-1.754647,1.972190,-1.351066,0.0,0.0,-0.431369,0.905139,-1.196009,0.0,0.0,-0.550178,1.387469,-1.674899,0.0,0.0,-0.590229,1.824280,-1.944810,0.0,0.0,-0.646825,2.285849,-2.130713,0.0,0.0,0.199790,0.892910,-1.157302,0.0,0.0,0.311098,1.624931,-1.646726,0.0,0.0,0.416265,2.248359,-1.891577,0.0,0.0,0.473332,2.834783,-2.093457,0.0,0.0,0.707609,0.870487,-1.103359,0.0,0.0,0.979072,1.543390,-1.544612,0.0,0.0,1.145190,2.130179,-1.773757,0.0,0.0,1.238063,2.673663,-1.935661,0.0,0.0,1.077772,0.807819,-1.064124,0.0,0.0,1.539845,1.277787,-1.435271,0.0,0.0,1.818966,1.646963,-1.645646,0.0,0.0,2.016747,2.039361,-1.803888,0.0,0.0
record2.mp4,e7f94d8ffdda6840c9b04703cf2b6166921cdbd5be69632bee01bf2c9ebea648,640,480,12.02,736,61.25,121,10083,Left,0.946507,0.000000,0.000000,0.000000,0.0,0.0,-0.600552,0.434788,-0.402320,0.0,0.0,-1.000475,0.947987,-0.750648,0.0,0.0,-1.289322,1.450926,-1.025872,0.0,0.0,-1.606310,1.840508,-1.317088,0.0,0.0,-0.381172,1.039023,-1.114200,0.0,0.0,-0.521851,1.691045,-1.577890,0.0,0.0,-0.558726,2.198857,-1.836280,0.0,0.0,-0.609391,2.684293,-2.011080,0.0,0.0,0.212624,0.979759,-1.081920,0.0,0.0,0.302941,1.633201,-1.581274,0.0,0.0,0.396344,2.193681,-1.822110,0.0,0.0,0.447916,2.713124,-2.009480,0.0,0.0,0.689696,0.897349,-1.034734,0.0,0.0,0.916970,1.501499,-1.466980,0.0,0.0,1.062557,2.039941,-1.658257,0.0,0.0,1.140541,2.540220,-1.789845,0.0,0.0,1.034430,0.799093,-1.001439,0.0,0.0,1.474385,1.214595,-1.369315,0.0,0.0,1.723552,1.556634,-1.563126,0.0,0.0,1.905924,1.930003,-1.697833,0.0,0.0
record2.mp4,e7f94d8ffdda6840c9b04703cf2b6166921cdbd5be69632bee01bf2c9ebea648,640,480,12.02,736,61.25,122,10166,Left,0.938131,0.000000,0.000000,0.000000,0.0,0.0,-0.581488,0.409793,-0.443732,0.0,0.0,-0.963731,0.930574,-0.816328,0.0,0.0,-1.251847,1.447706,-1.104597,0.0,0.0,-1.595228,1.847204,-1.409199,0.0,0.0,-0.357308,1.054187,-1.159021,0.0,0.0,-0.485853,1.702602,-1.624861,0.0,0.0,-0.531730,2.203923,-1.888780,0.0,0.0,-0.588108,2.695564,-2.070895,0.0,0.0,0.233335,1.024877,-1.108910,0.0,0.0,0.433918,1.702776,-1.583269,0.0,0.0,0.580063,2.268564,-1.799385,0.0,0.0,0.675489,2.810507,-1.970010,0.0,0.0,0.697791,0.955999,-1.048163,0.0,0.0,1.023192,1.582339,-1.464013,0.0,0.0,1.227720,2.123980,-1.648194,0.0,0.0,1.360982,2.657741,-1.778981,0.0,0.0,0.993990,0.857253,-1.005555,0.0,0.0,1.456868,1.251695,-1.372403,0.0,0.0,1.758624,1.552270,-1.560028,0.0,0.0,2.000957,1.906646,-1.689869,0.0,0.0
record2.mp4,e7f94d8ffdda6840c9b04703cf2b6166921cdbd5be69632bee01bf2c9ebea648,640,480,12.02,736,61.25,123,10250,Left,0.941404,0.000000,0.000000,0.000000,0.0,0.0,-0.635908,0.428092,-0.458092,0.0,0.0,-1.058915,0.984118,-0.847740,0.0,0.0,-1.347492,1.526061,-1.150537,0.0,0.0,-1.713896,1.927346,-1.472173,0.0,0.0,-0.407504,1.021823,-1.285323,0.0,0.0,-0.536722,1.776409,-1.766557,0.0,0.0,-0.586145,2.313520,-2.025789,0.0,0.0,-0.654905,2.850551,-2.209421,0.0,0.0,0.230492,0.932281,-1.231867,0.0,0.0,0.408140,1.556347,-1.731258,0.0,0.0,0.569002,2.081502,-1.958506,0.0,0.0,0.664092,2.577288,-2.146620,0.0,0.0,0.723375,0.839450,-1.158324,0.0,0.0,1.066717,1.466420,-1.592082,0.0,0.0,1.354765,2.065219,-1.796076,0.0,0.0,1.556187,2.663522,-1.954177,0.0,0.0,1.051214,0.733834,-1.099903,0.0,0.0,1.563149,1.130245,-1.489673,0.0,0.0,1.910561,1.422344,-1.692261,0.0,0.0,2.197025,1.776050,-1.838516,0.0,0.0
record2.mp4,e7f94d8ffdda6840c9b04703cf2b6166921cdbd5be69632bee01bf2c9ebea648,640,480,12.02,736,61.25,124,10333,Left,0.946872,0.000000,0.000000,0.000000,0.0,0.0,-0.641251,0.456065,-0.438063,0.0,0.0,-1.076677,0.989911,-0.813220,0.0,0.0,-1.362643,1.518693,-1.108538,0.0,0.0,-1.705800,1.947642,-1.425312,0.0,0.0,-0.393973,1.078957,-1.185226,0.0,0.0,-0.522779,1.803088,-1.670821,0.0,0.0,-0.564243,2.348533,-1.946909,0.0,0.0,-0.624110,2.867813,-2.136680,0.0,0.0,0.226168,1.001707,-1.149290,0.0,0.0,0.422586,1.691093,-1.630039,0.0,0.0,0.532046,2.272358,-1.852955,0.0,0.0,0.599261,2.810620,-2.028132,0.0,0.0,0.695786,0.903824,-1.102810,0.0,0.0,1.030813,1.579453,-1.527631,0.0,0.0,1.205664,2.149275,-1.736493,0.0,0.0,1.317521,2.708381,-1.889532,0.0,0.0,0.988884,0.799648,-1.071706,0.0,0.0,1.506836,1.124703,-1.460205,0.0,0.0,1.849652,1.322773,-1.663720,0.0,0.0,2.127273,1.576299,-1.803121,0.0,0.0
record2.mp4,e7f94d8ffdda6840c9b04703cf2b6166921cdbd5be69632bee01bf2c9ebea648,640,480,12.02,736,61.25,125,10416,Left,0.942686,0.000000,0.000000,0.000000,0.0,0.0,-0.649841,0.501802,-0.448868,0.0,0.0,-1.092191,1.054155,-0.839160,0.0,0.0,-1.400817,1.600445,-1.148120,0.0,0.0,-1.730268,2.076912,-1.470024,0.0,0.0,-0.393345,1.126169,-1.255804,0.0,0.0,-0.510821,1.930234,-1.755795,0.0,0.0,-0.543540,2.490795,-2.019191,0.0,0.0,-0.598771,3.039837,-2.196798,0.0,0.0,0.213317,1.008755,-1.219650,0.0,0.0,0.438341,1.739318,-1.762246,0.0,0.0,0.559579,2.351566,-2.009802,0.0,0.0,0.630118,2.917244,-2.200535,0.0,0.0,0.674163,0.873671,-1.167583,0.0,0.0,1.016772,1.465615,-1.637933,0.0,0.0,1.175527,2.034679,-1.857994,0.0,0.0,1.282490,2.578773,-2.008841,0.0,0.0,0.984522,0.750515,-1.130359,0.0,0.0,1.506705,1.133098,-1.546466,0.0,0.0,1.840958,1.358860,-1.763624,0.0,0.0,2.138618,1.631052,-1.909284,0.0,0.0
record2.mp4,e7f94d8ffdda6840c9b04703cf2b6166921cdbd5be69632bee01bf2c9ebea648,640,480,12.02,736,61.25,126,10500,Left,0.917551,0.000000,0.000000,0.000000,0.0,0.0,-0.664905,0.514822,-0.542213,0.0,0.0,-1.111531,1.072104,-1.001097,0.0,0.0,-1.438581,1.606873,-1.357393,0.0,0.0,-1.795365,2.068254,-1.723075,0.0,0.0,-0.401735,1.077493,-1.493557,0.0,0.0,-0.510213,1.915872,-2.076933,0.0,0.0,-0.538132,2.528440,-2.380626,0.0,0.0,-0.589537,3.095740,-2.577641,0.0,0.0,0.228217,0.956260,-1.425797,0.0,0.0,0.465295,1.713182,-2.093352,0.0,0.0,0.585614,2.414409,-2.412886,0.0,0.0,0.653509,3.021449,-2.650803,0.0,0.0,0.705131,0.827946,-1.335625,0.0,0.0,1.053195,1.390605,-1.896148,0.0,0.0,1.213685,1.994906,-2.167972,0.0,0.0,1.310724,2.535122,-2.348199,0.0,0.0,1.030121,0.716219,-1.262869,0.0,0.0,1.580516,1.090539,-1.735273,0.0,0.0,1.919824,1.321293,-1.997495,0.0,0.0,2.229793,1.589876,-2.178106,0.0,0.0
record2.mp4,e7f94d8ffdda6840c9b04703cf2b6166921cdbd5be69632bee01bf2c9ebea648,640,480,12.02,736,61.25,127,10583,Left,0.941359,0.000000,0.000000,0.000000,0.0,0.0,-0.660019,0.476328,-0.505705,0.0,0.0,-1.126781,1.014341,-0.928612,0.0,0.0,-1.437627,1.556543,-1.252445,0.0,0.0,-1.751995,2.042740,-1.588472,0.0,0.0,-0.409452,1.069964,-1.382142,0.0,0.0,-0.537286,1.878113,-1.932245,0.0,0.0,-0.572352,2.476553,-2.230817,0.0,0.0,-0.624576,3.023946,-2.427326,0.0,0.0,0.230399,0.966275,-1.314904,0.0,0.0,0.452753,1.711027,-1.893125,0.0,0.0,0.558190,2.368686,-2.165798,0.0,0.0,0.616947,2.945822,-2.377076,0.0,0.0,0.704316,0.857826,-1.232595,0.0,0.0,1.040140,1.458201,-1.729272,0.0,0.0,1.184335,2.071712,-1.988299,0.0,0.0,1.262532,2.629768,-2.169538,0.0,0.0,1.010517,0.756902,-1.166102,0.0,0.0,1.557987,1.102588,-1.603336,0.0,0.0,1.912640,1.311490,-1.854606,0.0,0.0,2.208291,1.561052,-2.028552,0.0,0.0
record2.mp4,e7f94d8ffdda6840c9b04703cf2b6166921cdbd5be69632bee01bf2c9ebea648,640,480,12.02,736,61.25,128,10666,Left,0.941555,0.000000,0.000000,0.000000,0.0,0.0,-0.654574,0.482958,-0.511879,0.0,0.0,-1.104337,1.030884,-0.932303,0.0,0.0,-1.426135,1.591917,-1.253872,0.0,0.0,-1.765042,2.078653,-1.586472,0.0,0.0,-0.390909,1.072289,-1.379384,0.0,0.0,-0.513676,1.895527,-1.910536,0.0,0.0,-0.545099,2.485698,-2.185808,0.0,0.0,-0.597843,3.036231,-2.370130,0.0,0.0,0.242355,0.970849,-1.314677,0.0,0.0,0.457648,1.709586,-1.900055,0.0,0.0,0.566803,2.366669,-2.170224,0.0,0.0,0.624756,2.951326,-2.376544,0.0,0.0,0.712633,0.861453,-1.234839,0.0,0.0,1.037188,1.465427,-1.742379,0.0,0.0,1.165184,2.088797,-2.004060,0.0,0.0,1.231145,2.666589,-2.184208,0.0,0.0,1.018043,0.762093,-1.171230,0.0,0.0,1.570681,1.100446,-1.619554,0.0,0.0,1.921375,1.293681,-1.876192,0.0,0.0,2.217508,1.533522,-2.052331,0.0,0.0
record2.mp4,e7f94d8ffdda6840c9b04703cf2b6166921cdbd5be69632bee01bf2c9ebea648,640,480,12.02,736,61.25,129,10750,Left,0.928744,0.000000,0.000000,0.000000,0.0,0.0,-0.661070,0.474211,-0.523169,0.0,0.0,-1.102510,1.027277,-0.964106,0.0,0.0,-1.427837,1.581406,-1.302163,0.0,0.0,-1.765541,2.080243,-1.655462,0.0,0.0,-0.413282,1.056677,-1.461618,0.0,0.0,-0.527684,1.899408,-2.019379,0.0,0.0,-0.559899,2.508500,-2.309178,0.0,0.0,-0.605683,3.063931,-2.502653,0.0,0.0,0.231804,0.951155,-1.402810,0.0,0.0,0.473826,1.732669,-1.994138,0.0,0.0,0.592328,2.395935,-2.261748,0.0,0.0,0.663245,2.981745,-2.468782,0.0,0.0,0.716243,0.843685,-1.327585,0.0,0.0,1.041896,1.519993,-1.848472,0.0,0.0,1.175196,2.151054,-2.122891,0.0,0.0,1.248256,2.717741,-2.313453,0.0,0.0,1.020931,0.747786,-1.266667,0.0,0.0,1.591743,1.108193,-1.723931,0.0,0.0,1.962581,1.305374,-1.988233,0.0,0.0,2.267354,1.523741,-2.172944,0.0,0.0
record2.mp4,e7f94d8ffdda6840c9b04703cf2b6166921cdbd5be69632bee01bf2c9ebea648,640,480,12.02,736,61.25,130,10833,Left,0.940397,0.000000,0.000000,0.000000,0.0,0.0,-0.651237,0.469843,-0.487215,0.0,0.0,-1.083308,1.014690,-0.908508,0.0,0.0,-1.408171,1.553662,-1.236606,0.0,0.0,-1.742003,2.041756,-1.586593,0.0,0.0,-0.394540,1.053403,-1.382590,0.0,0.0,-0.503413,1.867332,-1.909367,0.0,0.0,-0.541150,2.462169,-2.188324,0.0,0.0,-0.597318,3.016742,-2.378225,0.0,0.0,0.241587,0.947519,-1.336738,0.0,0.0,0.471027,1.714914,-1.879782,0.0,0.0,0.597069,2.359368,-2.129807,0.0,0.0,0.673821,2.946079,-2.331731,0.0,0.0,0.730658,0.831117,-1.274513,0.0,0.0,1.054269,1.525566,-1.755305,0.0,0.0,1.207445,2.156057,-2.010199,0.0,0.0,1.295453,2.736876,-2.195702,0.0,0.0,1.041503,0.719676,-1.225600,0.0,0.0,1.624564,1.089260,-1.661240,0.0,0.0,2.000233,1.324140,-1.913901,0.0,0.0,2.309948,1.589097,-2.093544,0.0,0.0
record2.mp4,e7f94d8ffdda6840c9b04703cf2b6166921cdbd5be69632bee01bf2c9ebea648,640,480,12.02,736,61.25,131,10916,Left,0.958467,0.000000,0.000000,0.000000,0.0,0.0,-0.646375,0.437005,-0.472324,0.0,0.0,-1.059330,0.962890,-0.861200,0.0,0.0,-1.344616,1.495809,-1.160320,0.0,0.0,-1.670179,1.950065,-1.472767,0.0,0.0,-0.414363,0.996709,-1.251872,0.0,0.0,-0.547103,1.791428,-1.738036,0.0,0.0,-0.575244,2.367430,-1.987461,0.0,0.0,-0.623580,2.879417,-2.148588,0.0,0.0,0.206249,0.942087,-1.178748,0.0,0.0,0.350962,1.687627,-1.694209,0.0,0.0,0.459760,2.287648,-1.927604,0.0,0.0,0.511700,2.812777,-2.108095,0.0,0.0,0.693544,0.886051,-1.091951,0.0,0.0,0.931208,1.545314,-1.532757,0.0,0.0,1.058286,2.128402,-1.746001,0.0,0.0,1.123066,2.637117,-1.891473,0.0,0.0,1.034719,0.832670,-1.021293,0.0,0.0,1.494164,1.303785,-1.395064,0.0,0.0,1.771036,1.675217,-1.612779,0.0,0.0,1.981932,2.052083,-1.766315,0.0,0.0
record2.mp4,e7f94d8ffdda6840c9b04703cf2b6166921cdbd5be69632bee01bf2c9ebea648,640,480,12.02,736,61.25,132,11000,Left,0.958783,0.000000,0.000000,0.000000,0.0,0.0,-0.622972,0.421654,-0.481934,0.0,0.0,-1.043761,0.947544,-0.883779,0.0,0.0,-1.339406,1.474777,-1.191679,0.0,0.0,-1.655757,1.911725,-1.511884,0.0,0.0,-0.400344,0.979128,-1.312955,0.0,0.0,-0.524455,1.741110,-1.830761,0.0,0.0,-0.558903,2.315361,-2.099600,0.0,0.0,-0.604357,2.821213,-2.270696,0.0,0.0,0.224882,0.920674,-1.240490,0.0,0.0,0.380750,1.651800,-1.789549,0.0,0.0,0.494687,2.254958,-2.030566,0.0,0.0,0.562216,2.779659,-2.213494,0.0,0.0,0.715681,0.873955,-1.154278,0.0,0.0,0.956244,1.528591,-1.627161,0.0,0.0,1.094747,2.118423,-1.844311,0.0,0.0,1.178651,2.630591,-1.987100,0.0,0.0,1.056322,0.832061,-1.084091,0.0,0.0,1.510816,1.326606,-1.482560,0.0,0.0,1.795461,1.706411,-1.707171,0.0,0.0,2.021962,2.086643,-1.861778,0.0,0.0
record2.mp4,e7f94d8ffdda6840c9b04703cf2b6166921cdbd5be69632bee01bf2c9ebea648,640,480,12.02,736,61.25,133,11083,Left,0.951671,0.000000,0.000000,0.000000,0.0,0.0,-0.634955,0.409889,-0.530228,0.0,0.0,-1.048671,0.939629,-0.963743,0.0,0.0,-1.322774,1.475117,-1.292209,0.0,0.0,-1.675831,1.906299,-1.633634,0.0,0.0,-0.411291,0.975242,-1.412360,0.0,0.0,-0.532862,1.732473,-1.967629,0.0,0.0,-0.557294,2.318820,-2.260086,0.0,0.0,-0.600584,2.830006,-2.445781,0.0,0.0,0.224056,0.919349,-1.321567,0.0,0.0,0.380157,1.653898,-1.897382,0.0,0.0,0.496674,2.264334,-2.148226,0.0,0.0,0.560259,2.784315,-2.337332,0.0,0.0,0.715513,0.877233,-1.217305,0.0,0.0,0.983112,1.566102,-1.715112,0.0,0.0,1.123655,2.150529,-1.947409,0.0,0.0,1.199238,2.645092,-2.099318,0.0,0.0,1.046419,0.838547,-1.130471,0.0,0.0,1.515889,1.324178,-1.546117,0.0,0.0,1.811806,1.700247,-1.784364,0.0,0.0,2.043999,2.072774,-1.949696,0.0,0.0
record2.mp4,e7f94d8ffdda6840c9b04703cf2b6166921cdbd5be69632bee01bf2c9ebea648,640,480,12.02,736,61.25,134,11166,Left,0.953014,0.000000,0.000000,0.000000,0.0,0.0,-0.620954,0.401187,-0.515808,0.0,0.0,-1.025802,0.952656,-0.929127,0.0,0.0,-1.301076,1.503569,-1.243832,0.0,0.0,-1.659025,1.941172,-1.572904,0.0,0.0,-0.387347,1.015793,-1.314829,0.0,0.0,-0.513353,1.735281,-1.828308,0.0,0.0,-0.551646,2.294479,-2.108962,0.0,0.0,-0.605049,2.835554,-2.297539,0.0,0.0,0.221534,0.965629,-1.227326,0.0,0.0,0.399264,1.634940,-1.780222,0.0,0.0,0.530268,2.250839,-2.035890,0.0,0.0,0.603287,2.834576,-2.230613,0.0,0.0,0.698415,0.915984,-1.127458,0.0,0.0,0.981036,1.550050,-1.603913,0.0,0.0,1.140458,2.157718,-1.826746,0.0,0.0,1.229567,2.729787,-1.974662,0.0,0.0,1.020349,0.870026,-1.047605,0.0,0.0,1.466577,1.330754,-1.450715,0.0,0.0,1.753264,1.693372,-1.676634,0.0,0.0,1.982297,2.092143,-1.833322,0.0,0.0
record2.mp4,e7f94d8ffdda6840c9b04703cf2b6166921cdbd5be69632bee01bf2c9ebea648,640,480,12.02,736,61.25,135,11250,Left,0.959227,0.000000,0.000000,0.000000,0.0,0.0,-0.627237,0.382725,-0.525438,0.0,0.0,-1.053864,0.953850,-0.936617,0.0,0.0,-1.350011,1.509567,-1.255823,0.0,0.0,-1.717862,1.941878,-1.589566,0.0,0.0,-0.428205,0.946610,-1.331565,0.0,0.0,-0.530667,1.727172,-1.836499,0.0,0.0,-0.572834,2.299813,-2.099403,0.0,0.0,-0.624182,2.865656,-2.283171,0.0,0.0,0.212728,0.875542,-1.241934,0.0,0.0,0.362820,1.393076,-1.766419,0.0,0.0,0.506024,1.891506,-1.979178,0.0,0.0,0.607146,2.397145,-2.158164,0.0,0.0,0.718268,0.830841,-1.148591,0.0,0.0,0.979335,1.379700,-1.623353,0.0,0.0,1.142420,1.934004,-1.817650,0.0,0.0,1.269621,2.476489,-1.956012,0.0,0.0,1.078176,0.804367,-1.078334,0.0,0.0,1.512292,1.310880,-1.495124,0.0,0.0,1.804840,1.683891,-1.714573,0.0,0.0,2.050352,2.091155,-1.869991,0.0,0.0
record2.mp4,e7f94d8ffdda6840c9b04703cf2b6166921cdbd5be69632bee01bf2c9ebea648,640,480,12.02,736,61.25,136,11333,Left,0.912707,0.000000,0.000000,0.000000,0.0,0.0,-0.606861,0.415878,-0.536963,0.0,0.0,-0.988975,0.952141,-0.972497,0.0,0.0,-1.264871,1.484916,-1.308037,0.0,0.0,-1.634993,1.882426,-1.649092,0.0,0.0,-0.365318,0.943993,-1.422910,0.0,0.0,-0.452271,1.724742,-1.977727,0.0,0.0,-0.511995,2.282428,-2.262650,0.0,0.0,-0.560337,2.811954,-2.450078,0.0,0.0,0.260332,0.890131,-1.325718,0.0,0.0,0.367136,1.331539,-1.886095,0.0,0.0,0.413968,1.686056,-2.069275,0.0,0.0,0.447670,2.023996,-2.213697,0.0,0.0,0.757149,0.855443,-1.227935,0.0,0.0,0.990153,1.323167,-1.758629,0.0,0.0,1.133387,1.801536,-1.955585,0.0,0.0,1.264365,2.262655,-2.081998,0.0,0.0,1.093748,0.848710,-1.148747,0.0,0.0,1.518839,1.344923,-1.577272,0.0,0.0,1.799296,1.682605,-1.789092,0.0,0.0,2.031445,2.038676,-1.939703,0.0,0.0
record2.mp4,e7f94d8ffdda6840c9b04703cf2b6166921cdbd5be69632bee01bf2c9ebea648,640,480,12.02,736,61.25,137,11416,Left,0.964399,0.000000,0.000000,0.000000,0.0,0.0,-0.614244,0.433546,-0.376527,0.0,0.0,-1.018162,0.990870,-0.712296,0.0,0.0,-1.282057,1.538633,-0.975185,0.0,0.0,-1.627983,1.927098,-1.243381,0.0,0.0,-0.409426,1.013748,-1.057201,0.0,0.0,-0.555481,1.796605,-1.455631,0.0,0.0,-0.612383,2.343724,-1.650372,0.0,0.0,-0.656017,2.826445,-1.780243,0.0,0.0,0.186950,0.956996,-1.002429,0.0,0.0,0.287884,1.478885,-1.390207,0.0,0.0,0.362537,1.891188,-1.512789,0.0,0.0,0.401140,2.252483,-1.618003,0.0,0.0,0.678244,0.908469,-0.940510,0.0,0.0,0.925641,1.524835,-1.316855,0.0,0.0,1.094100,2.065662,-1.458684,0.0,0.0,1.223432,2.558757,-1.557640,0.0,0.0,1.012394,0.890021,-0.887029,0.0,0.0,1.452715,1.371357,-1.203978,0.0,0.0,1.741493,1.715931,-1.348512,0.0,0.0,1.975087,2.067849,-1.446697,0.0,0.0
record2.mp4,e7f94d8ffdda6840c9b04703cf2b6166921cdbd5be69632bee01bf2c9ebea648,640,480,12.02,736,61.25,138,11500,Left,0.939642,0.000000,0.000000,0.000000,0.0,0.0,-0.607633,0.396455,-0.451313,0.0,0.0,-1.040214,0.939646,-0.816203,0.0,0.0,-1.335376,1.484354,-1.092654,0.0,0.0,-1.703565,1.869923,-1.375688,0.0,0.0,-0.381265,0.923012,-1.204540,0.0,0.0,-0.523331,1.625123,-1.693903,0.0,0.0,-0.594781,2.170748,-1.958925,0.0,0.0,-0.682436,2.695541,-2.139112,0.0,0.0,0.259692,0.879392,-1.140621,0.0,0.0,0.436215,1.456841,-1.631392,0.0,0.0,0.547742,1.956907,-1.826212,0.0,0.0,0.604588,2.447346,-1.980476,0.0,0.0,0.753946,0.869080,-1.071542,0.0,0.0,1.026499,1.462269,-1.516496,0.0,0.0,1.182385,2.032872,-1.695460,0.0,0.0,1.283965,2.590392,-1.815896,0.0,0.0,1.083341,0.866400,-1.020186,0.0,0.0,1.528819,1.338010,-1.386209,0.0,0.0,1.819654,1.685040,-1.567838,0.0,0.0,2.032810,2.082888,-1.693619,0.0,0.0
record2.mp4,e7f94d8ffdda6840c9b04703cf2b6166921cdbd5be69632bee01bf2c9ebea648,640,480,12.02,736,61.25,139,11583,Left,0.897446,0.000000,0.000000,0.000000,0.0,0.0,-0.641478,0.365708,-0.453162,0.0,0.0,-1.102974,0.959079,-0.819733,0.0,0.0,-1.414061,1.519940,-1.098947,0.0,0.0,-1.746260,1.948922,-1.395834,0.0,0.0,-0.412066,0.942403,-1.168595,0.0,0.0,-0.511267,1.475428,-1.627928,0.0,0.0,-0.505909,1.938292,-1.887823,0.0,0.0,-0.523171,2.404252,-2.070100,0.0,0.0,0.199997,0.940411,-1.121867,0.0,0.0,0.289716,1.682602,-1.602352,0.0,0.0,0.395784,2.295235,-1.854745,0.0,0.0,0.460938,2.885566,-2.062914,0.0,0.0,0.692651,0.918696,-1.061213,0.0,0.0,0.947024,1.637104,-1.494334,0.0,0.0,1.126519,2.200563,-1.735519,0.0,0.0,1.239498,2.707382,-1.907294,0.0,0.0,1.043057,0.858723,-1.014144,0.0,0.0,1.490287,1.343066,-1.379633,0.0,0.0,1.788698,1.709528,-1.599716,0.0,0.0,2.026515,2.085093,-1.767576,0.0,0.0
record2.mp4,e7f94d8ffdda6840c9b04703cf2b6166921cdbd5be69632bee01bf2c9ebea648,640,480,12.02,736,61.25,140,11666,Left,0.926168,0.000000,0.000000,0.000000,0.0,0.0,-0.649888,0.384034,-0.447994,0.0,0.0,-1.104739,0.991444,-0.817444,0.0,0.0,-1.414101,1.561388,-1.094570,0.0,0.0,-1.748869,1.986305,-1.380652,0.0,0.0,-0.430880,0.894490,-1.240239,0.0,0.0,-0.464608,1.451323,-1.726440,0.0,0.0,-0.440389,1.930752,-1.981183,0.0,0.0,-0.450068,2.401567,-2.152511,0.0,0.0,0.208843,0.882223,-1.197095,0.0,0.0,0.322653,1.653165,-1.726579,0.0,0.0,0.436586,2.312193,-1.975430,0.0,0.0,0.495163,2.904392,-2.174574,0.0,0.0,0.717524,0.867282,-1.135516,0.0,0.0,0.963821,1.551536,-1.598710,0.0,0.0,1.140139,2.153100,-1.819400,0.0,0.0,1.246070,2.690345,-1.969842,0.0,0.0,1.078673,0.822850,-1.087547,0.0,0.0,1.534020,1.330880,-1.478203,0.0,0.0,1.845549,1.724600,-1.701225,0.0,0.0,2.100777,2.128543,-1.864722,0.0,0.0
record2.mp4,e7f94d8ffdda6840c9b04703cf2b6166921cdbd5be69632bee01bf2c9ebea648,640,480,12.02,736,61.25,141,11750,Left,0.932223,0.000000,0.000000,0.000000,0.0,0.0,-0.651884,0.386377,-0.482436,0.0,0.0,-1.129799,0.989068,-0.881990,0.0,0.0,-1.470273,1.554923,-1.183383,0.0,0.0,-1.795309,2.015899,-1.501236,0.0,0.0,-0.475341,0.878720,-1.364969,0.0,0.0,-0.608376,1.510377,-1.901307,0.0,0.0,-0.655304,2.058139,-2.189064,0.0,0.0,-0.722210,2.597522,-2.378329,0.0,0.0,0.170701,0.853465,-1.308780,0.0,0.0,0.278694,1.662902,-1.857272,0.0,0.0,0.376835,2.345808,-2.109377,0.0,0.0,0.428591,2.976436,-2.314211,0.0,0.0,0.689660,0.845709,-1.234054,0.0,0.0,0.958471,1.563987,-1.708178,0.0,0.0,1.143002,2.201314,-1.937193,0.0,0.0,1.255745,2.782842,-2.097579,0.0,0.0,1.070196,0.827232,-1.174826,0.0,0.0,1.541899,1.349113,-1.576391,0.0,0.0,1.851065,1.759056,-1.807035,0.0,0.0,2.092447,2.186235,-1.977313,0.0,0.0
record2.mp4,e7f94d8ffdda6840c9b04703cf2b6166921cdbd5be69632bee01bf2c9ebea648,640,480,12.02,736,61.25,142,11833,Left,0.939004,0.000000,0.000000,0.000000,0.0,0.0,-0.612169,0.413047,-0.438398,0.0,0.0,-1.043383,0.919719,-0.810761,0.0,0.0,-1.343767,1.425624,-1.099088,0.0,0.0,-1.652862,1.839576,-1.400587,0.0,0.0,-0.448287,1.004302,-1.243031,0.0,0.0,-0.586719,1.715461,-1.751973,0.0,0.0,-0.609401,2.270620,-2.023246,0.0,0.0,-0.637920,2.782335,-2.200765,0.0,0.0,0.173931,0.942479,-1.193371,0.0,0.0,0.298081,1.640975,-1.759424,0.0,0.0,0.390134,2.242825,-2.019426,0.0,0.0,0.446213,2.783510,-2.214741,0.0,0.0,0.666376,0.879209,-1.126555,0.0,0.0,0.919039,1.474325,-1.606760,0.0,0.0,1.058091,2.043246,-1.816608,0.0,0.0,1.131539,2.554844,-1.953473,0.0,0.0,1.018335,0.816157,-1.073662,0.0,0.0,1.470277,1.276975,-1.482077,0.0,0.0,1.747630,1.643429,-1.705299,0.0,0.0,1.973286,2.029480,-1.857396,0.0,0.0
record2.mp4,e7f94d8ffdda6840c9b04703cf2b6166921cdbd5be69632bee01bf2c9ebea648,640,480,12.02,736,61.25,143,11916,Left,0.960938,0.000000,0.000000,0.000000,0.0,0.0,-0.630751,0.415177,-0.446906,0.0,0.0,-1.065789,0.938919,-0.816718,0.0,0.0,-1.352455,1.441282,-1.099940,0.0,0.0,-1.663157,1.843679,-1.397720,0.0,0.0,-0.455650,0.985474,-1.253977,0.0,0.0,-0.575901,1.686274,-1.755927,0.0,0.0,-0.602211,2.229785,-2.024385,0.0,0.0,-0.639874,2.732123,-2.200443,0.0,0.0,0.174110,0.914367,-1.197767,0.0,0.0,0.310459,1.620540,-1.750044,0.0,0.0,0.406916,2.222987,-2.004177,0.0,0.0,0.462514,2.754970,-2.197343,0.0,0.0,0.674253,0.852994,-1.123894,0.0,0.0,0.925801,1.478197,-1.594593,0.0,0.0,1.074276,2.047919,-1.803801,0.0,0.0,1.162440,2.555700,-1.941486,0.0,0.0,1.038930,0.794321,-1.064065,0.0,0.0,1.489237,1.270711,-1.464267,0.0,0.0,1.766114,1.634877,-1.682025,0.0,0.0,1.986752,2.009857,-1.830596,0.0,0.0
record2.mp4,e7f94d8ffdda6840c9b04703cf2b6166921cdbd5be69632bee01bf2c9ebea648,640,480,12.02,736,61.25,144,12000,Left,0.9469,0.000000,0.000000,0.000000,0.0,0.0,-0.634686,0.365560,-0.496842,0.0,0.0,-1.053627,0.830380,-0.909059,0.0,0.0,-1.360649,1.301766,-1.210610,0.0,0.0,-1.684365,1.649780,-1.524625,0.0,0.0,-0.487107,0.958304,-1.483398,0.0,0.0,-0.616003,1.694414,-2.043295,0.0,0.0,-0.633293,2.245564,-2.341144,0.0,0.0,-0.658152,2.733768,-2.539691,0.0,0.0,0.155211,0.910256,-1.400613,0.0,0.0,0.290702,1.623982,-2.038983,0.0,0.0,0.384524,2.219500,-2.342364,0.0,0.0,0.440592,2.740137,-2.574616,0.0,0.0,0.659065,0.868241,-1.287051,0.0,0.0,0.908262,1.475317,-1.807446,0.0,0.0,1.050606,2.046103,-2.062487,0.0,0.0,1.119843,2.536140,-2.240920,0.0,0.0,1.018874,0.822823,-1.185766,0.0,0.0,1.461603,1.283017,-1.626223,0.0,0.0,1.729156,1.632894,-1.892239,0.0,0.0,1.938341,2.001956,-2.085464,0.0,0.0
record2.mp4,e7f94d8ffdda6840c9b04703cf2b6166921cdbd5be69632bee01bf2c9ebea648,640,480,12.02,736,61.25,145,12083,Left,0.943717,0.000000,0.000000,0.000000,0.0,0.0,-0.592634,0.346519,-0.463435,0.0,0.0,-1.008897,0.740180,-0.860931,0.0,0.0,-1.383030,1.101220,-1.165600,0.0,0.0,-1.765445,1.295664,-1.488150,0.0,0.0,-0.452616,1.011357,-1.349125,0.0,0.0,-0.593125,1.734039,-1.867713,0.0,0.0,-0.625652,2.262787,-2.142239,0.0,0.0,-0.666828,2.727310,-2.324568,0.0,0.0,0.154384,0.990864,-1.284471,0.0,0.0,0.271354,1.687968,-1.877498,0.0,0.0,0.350292,2.258106,-2.160622,0.0,0.0,0.392070,2.747225,-2.370428,0.0,0.0,0.634774,0.941486,-1.194208,0.0,0.0,0.877677,1.549823,-1.683965,0.0,0.0,1.002428,2.086519,-1.930685,0.0,0.0,1.061986,2.546646,-2.096639,0.0,0.0,0.971631,0.875428,-1.116731,0.0,0.0,1.406671,1.334465,-1.539181,0.0,0.0,1.674157,1.674832,-1.795231,0.0,0.0,1.885016,2.028151,-1.974963,0.0,0.0
record2.mp4,e7f94d8ffdda6840c9b04703cf2b6166921cdbd5be69632bee01bf2c9ebea648,640,480,12.02,736,61.25,146,12166,Left,0.940298,0.000000,0.000000,0.000000,0.0,0.0,-0.608212,0.358184,-0.437938,0.0,0.0,-1.069233,0.782804,-0.806858,0.0,0.0,-1.439169,1.240549,-1.079277,0.0,0.0,-1.687626,1.637571,-1.360362,0.0,0.0,-0.454165,0.997379,-1.343691,0.0,0.0,-0.610114,1.730824,-1.863137,0.0,0.0,-0.644210,2.263900,-2.137141,0.0,0.0,-0.686722,2.741047,-2.317809,0.0,0.0,0.168595,0.961830,-1.277487,0.0,0.0,0.282387,1.655748,-1.881143,0.0,0.0,0.352125,2.228873,-2.173895,0.0,0.0,0.382454,2.728976,-2.397170,0.0,0.0,0.654618,0.914394,-1.182656,0.0,0.0,0.895174,1.504813,-1.686822,0.0,0.0,1.019294,2.059114,-1.938794,0.0,0.0,1.069053,2.538372,-2.111755,0.0,0.0,0.992782,0.858624,-1.095125,0.0,0.0,1.450330,1.307169,-1.529345,0.0,0.0,1.712378,1.651664,-1.791531,0.0,0.0,1.912703,2.014113,-1.977478,0.0,0.0
record2.mp4,e7f94d8ffdda6840c9b04703cf2b6166921cdbd5be69632bee01bf2c9ebea648,640,480,12.02,736,61.25,147,12250,Left,0.930808,0.000000,0.000000,0.000000,0.0,0.0,-0.637426,0.390939,-0.470370,0.0,0.0,-1.083942,0.870124,-0.869314,0.0,0.0,-1.433096,1.365671,-1.183996,0.0,0.0,-1.774119,1.792043,-1.514527,0.0,0.0,-0.412614,0.973783,-1.279750,0.0,0.0,-0.561675,1.702392,-1.770892,0.0,0.0,-0.606862,2.232303,-2.025881,0.0,0.0,-0.670376,2.721890,-2.199588,0.0,0.0,0.223874,0.947150,-1.223274,0.0,0.0,0.348724,1.629938,-1.791254,0.0,0.0,0.423691,2.211909,-2.049904,0.0,0.0,0.444299,2.720607,-2.249813,0.0,0.0,0.711456,0.881968,-1.149243,0.0,0.0,0.954552,1.473775,-1.626101,0.0,0.0,1.086604,2.029225,-1.834609,0.0,0.0,1.146181,2.528449,-1.980516,0.0,0.0,1.045741,0.793827,-1.092246,0.0,0.0,1.494499,1.223485,-1.497252,0.0,0.0,1.754840,1.559974,-1.718339,0.0,0.0,1.966661,1.923791,-1.876264,0.0,0.0
record2.mp4,e7f94d8ffdda6840c9b04703cf2b6166921cdbd5be69632bee01bf2c9ebea648,640,480,12.02,736,61.25,148,12333,Left,0.933064,0.000000,0.000000,0.000000,0.0,0.0,-0.618437,0.388219,-0.491288,0.0,0.0,-1.033565,0.876639,-0.898732,0.0,0.0,-1.373920,1.380077,-1.211100,0.0,0.0,-1.689582,1.809602,-1.538280,0.0,0.0,-0.373428,0.985164,-1.347117,0.0,0.0,-0.537580,1.706924,-1.865786,0.0,0.0,-0.590748,2.239251,-2.138664,0.0,0.0,-0.658937,2.720625,-2.321266,0.0,0.0,0.234155,0.970614,-1.279090,0.0,0.0,0.349280,1.666486,-1.866943,0.0,0.0,0.430379,2.239589,-2.149243,0.0,0.0,0.463528,2.729949,-2.365657,0.0,0.0,0.710111,0.922100,-1.189715,0.0,0.0,0.947598,1.544514,-1.688572,0.0,0.0,1.094885,2.078582,-1.928344,0.0,0.0,1.183928,2.539957,-2.093780,0.0,0.0,1.042319,0.844646,-1.114872,0.0,0.0,1.491040,1.286218,-1.530549,0.0,0.0,1.756908,1.625152,-1.766487,0.0,0.0,1.970399,1.967224,-1.937444,0.0,0.0
record2.mp4,e7f94d8ffdda6840c9b04703cf2b6166921cdbd5be69632bee01bf2c9ebea648,640,480,12.02,736,61.25,149,12416,Left,0.895537,0.000000,0.000000,0.000000,0.0,0.0,-0.594970,0.361606,-0.467491,0.0,0.0,-0.974175,0.830363,-0.850279,0.0,0.0,-1.307839,1.306776,-1.149849,0.0,0.0,-1.643561,1.701078,-1.462964,0.0,0.0,-0.359641,1.036841,-1.196735,0.0,0.0,-0.536780,1.729988,-1.678215,0.0,0.0,-0.598779,2.226032,-1.942423,0.0,0.0,-0.661961,2.677016,-2.120200,0.0,0.0,0.225274,1.030853,-1.136955,0.0,0.0,0.321326,1.698075,-1.645216,0.0,0.0,0.399584,2.224919,-1.890396,0.0,0.0,0.433442,2.683899,-2.082763,0.0,0.0,0.681461,0.968221,-1.068433,0.0,0.0,0.913433,1.572280,-1.507400,0.0,0.0,1.047926,2.073779,-1.724676,0.0,0.0,1.123946,2.512562,-1.877701,0.0,0.0,0.997526,0.865777,-1.018121,0.0,0.0,1.429771,1.287925,-1.389796,0.0,0.0,1.692685,1.612930,-1.602361,0.0,0.0,1.898491,1.952623,-1.756533,0.0,0.0
record2.mp4,e7f94d8ffdda6840c9b04703cf2b6166921cdbd5be69632bee01bf2c9ebea648,640,480,12.02,736,61.25,150,12500,Left,0.906082,0.000000,0.000000,0.000000,0.0,0.0,-0.629160,0.346372,-0.515123,0.0,0.0,-1.059080,0.789965,-0.940090,0.0,0.0,-1.434791,1.251321,-1.264271,0.0,0.0,-1.765491,1.639192,-1.603340,0.0,0.0,-0.410286,0.989419,-1.401334,0.0,0.0,-0.571348,1.713101,-1.943080,0.0,0.0,-0.618292,2.241020,-2.232116,0.0,0.0,-0.671893,2.716814,-2.424458,0.0,0.0,0.208797,0.964491,-1.323565,0.0,0.0,0.308944,1.655731,-1.915349,0.0,0.0,0.388334,2.215844,-2.203167,0.0,0.0,0.425072,2.708656,-2.428961,0.0,0.0,0.692641,0.905855,-1.227715,0.0,0.0,0.922162,1.520460,-1.733304,0.0,0.0,1.058404,2.070544,-1.999280,0.0,0.0,1.135252,2.548676,-2.186625,0.0,0.0,1.029004,0.824468,-1.146714,0.0,0.0,1.468162,1.275928,-1.577283,0.0,0.0,1.733899,1.618501,-1.841628,0.0,0.0,1.948288,1.980905,-2.035865,0.0,0.0
record2.mp4,e7f94d8ffdda6840c9b04703cf2b6166921cdbd5be69632bee01bf2c9ebea648,640,480,12.02,736,61.25,151,12583,Left,0.939829,0.000000,0.000000,0.000000,0.0,0.0,-0.621448,0.397273,-0.449311,0.0,0.0,-1.032783,0.920345,-0.813574,0.0,0.0,-1.377752,1.440809,-1.094105,0.0,0.0,-1.730296,1.831995,-1.389033,0.0,0.0,-0.399485,1.026678,-1.191694,0.0,0.0,-0.558564,1.733646,-1.648487,0.0,0.0,-0.602925,2.237343,-1.886770,0.0,0.0,-0.657007,2.706265,-2.050287,0.0,0.0,0.199943,1.006204,-1.135198,0.0,0.0,0.310633,1.674686,-1.645859,0.0,0.0,0.400176,2.222015,-1.881562,0.0,0.0,0.444402,2.705526,-2.065408,0.0,0.0,0.668754,0.943394,-1.065052,0.0,0.0,0.895099,1.534491,-1.506130,0.0,0.0,1.038673,2.058305,-1.713989,0.0,0.0,1.132090,2.527188,-1.857241,0.0,0.0,0.996721,0.850335,-1.011403,0.0,0.0,1.428437,1.292902,-1.387679,0.0,0.0,1.688614,1.623858,-1.598240,0.0,0.0,1.895101,1.967205,-1.747816,0.0,0.0
record2.mp4,e7f94d8ffdda6840c9b04703cf2b6166921cdbd5be69632bee01bf2c9ebea648,640,480,12.02,736,61.25,152,12666,Left,0.926063,0.000000,0.000000,0.000000,0.0,0.0,-0.633122,0.386990,-0.488302,0.0,0.0,-1.079033,0.886551,-0.891465,0.0,0.0,-1.462058,1.386852,-1.196079,0.0,0.0,-1.762767,1.836509,-1.513776,0.0,0.0,-0.412645,0.951049,-1.415991,0.0,0.0,-0.572756,1.739177,-1.962853,0.0,0.0,-0.625749,2.319567,-2.249199,0.0,0.0,-0.685843,2.856075,-2.437263,0.0,0.0,0.222120,0.924599,-1.344973,0.0,0.0,0.331847,1.677165,-1.961623,0.0,0.0,0.410854,2.301438,-2.253495,0.0,0.0,0.451180,2.847691,-2.478810,0.0,0.0,0.714376,0.882074,-1.247728,0.0,0.0,0.956450,1.528678,-1.767049,0.0,0.0,1.106674,2.117407,-2.015747,0.0,0.0,1.195866,2.632452,-2.185077,0.0,0.0,1.055729,0.823352,-1.163041,0.0,0.0,1.529063,1.312092,-1.594668,0.0,0.0,1.803312,1.677116,-1.840369,0.0,0.0,2.027109,2.050126,-2.017563,0.0,0.0
record2.mp4,e7f94d8ffdda6840c9b04703cf2b6166921cdbd5be69632bee01bf2c9ebea648,640,480,12.02,736,61.25,153,12750,Left,0.910603,0.000000,0.000000,0.000000,0.0,0.0,-0.598259,0.344966,-0.447019,0.0,0.0,-1.011804,0.765720,-0.828309,0.0,0.0,-1.383982,1.169800,-1.125782,0.0,0.0,-1.732194,1.480841,-1.438737,0.0,0.0,-0.412241,1.020398,-1.252625,0.0,0.0,-0.568283,1.736190,-1.747399,0.0,0.0,-0.625425,2.250201,-2.015112,0.0,0.0,-0.687896,2.725021,-2.196009,0.0,0.0,0.187986,1.000680,-1.197498,0.0,0.0,0.298602,1.685951,-1.748331,0.0,0.0,0.380985,2.229647,-2.019330,0.0,0.0,0.425511,2.723440,-2.228541,0.0,0.0,0.660739,0.941093,-1.122492,0.0,0.0,0.895605,1.549622,-1.584903,0.0,0.0,1.039686,2.073801,-1.818912,0.0,0.0,1.125085,2.539700,-1.981347,0.0,0.0,0.995169,0.849463,-1.061250,0.0,0.0,1.440563,1.290666,-1.449639,0.0,0.0,1.708658,1.621809,-1.677764,0.0,0.0,1.921286,1.971365,-1.842533,0.0,0.0
record2.mp4,e7f94d8ffdda6840c9b04703cf2b6166921cdbd5be69632bee01bf2c9ebea648,640,480,12.02,736,61.25,154,12833,Left,0.936002,0.000000,0.000000,0.000000,0.0,0.0,-0.646986,0.365583,-0.491396,0.0,0.0,-1.077875,0.889901,-0.874058,0.0,0.0,-1.451015,1.412528,-1.160426,0.0,0.0,-1.758842,1.837960,-1.462437,0.0,0.0,-0.450655,0.970615,-1.360433,0.0,0.0,-0.602765,1.711302,-1.884446,0.0,0.0,-0.651575,2.268107,-2.170637,0.0,0.0,-0.706236,2.803329,-2.364930,0.0,0.0,0.182621,0.923456,-1.287983,0.0,0.0,0.307283,1.626737,-1.863388,0.0,0.0,0.395150,2.225683,-2.145171,0.0,0.0,0.443234,2.773996,-2.369127,0.0,0.0,0.676471,0.877826,-1.195448,0.0,0.0,0.921239,1.485166,-1.679211,0.0,0.0,1.071454,2.059844,-1.917706,0.0,0.0,1.162664,2.579475,-2.086578,0.0,0.0,1.032898,0.818353,-1.121050,0.0,0.0,1.491829,1.301056,-1.531794,0.0,0.0,1.772311,1.659438,-1.771187,0.0,0.0,1.991240,2.033968,-1.946205,0.0,0.0
record2.mp4,e7f94d8ffdda6840c9b04703cf2b6166921cdbd5be69632bee01bf2c9ebea648,640,480,12.02,736,61.25,155,12916,Left,0.936735,0.000000,0.000000,0.000000,0.0,0.0,-0.635677,0.389461,-0.460110,0.0,0.0,-1.086249,0.904262,-0.842349,0.0,0.0,-1.449026,1.423124,-1.141366,0.0,0.0,-1.793723,1.858879,-1.454905,0.0,0.0,-0.416826,0.977068,-1.246878,0.0,0.0,-0.561612,1.724595,-1.734268,0.0,0.0,-0.605214,2.275022,-1.990607,0.0,0.0,-0.667643,2.797420,-2.164761,0.0,0.0,0.205106,0.955769,-1.190021,0.0,0.0,0.317770,1.657156,-1.741458,0.0,0.0,0.414684,2.256257,-1.996834,0.0,0.0,0.464571,2.797178,-2.195195,0.0,0.0,0.689493,0.907659,-1.116239,0.0,0.0,0.927562,1.520921,-1.581910,0.0,0.0,1.083138,2.089851,-1.788342,0.0,0.0,1.176354,2.603937,-1.929650,0.0,0.0,1.030062,0.834516,-1.059635,0.0,0.0,1.482121,1.293808,-1.451134,0.0,0.0,1.760589,1.646855,-1.663475,0.0,0.0,1.991796,2.017339,-1.813915,0.0,0.0
record2.mp4,e7f94d8ffdda6840c9b04703cf2b6166921cdbd5be69632bee01bf2c9ebea648,640,480,12.02,736,61.25,156,13000,Left,0.916338,0.000000,0.000000,0.000000,0.0,0.0,-0.644879,0.389615,-0.513852,0.0,0.0,-1.109896,0.946890,-0.920654,0.0,0.0,-1.474912,1.486524,-1.235226,0.0,0.0,-1.857220,1.927810,-1.568317,0.0,0.0,-0.403724,0.984121,-1.333185,0.0,0.0,-0.555360,1.761524,-1.832171,0.0,0.0,-0.616001,2.327903,-2.097335,0.0,0.0,-0.686433,2.887488,-2.284983,0.0,0.0,0.233859,0.936727,-1.256348,0.0,0.0,0.362434,1.578387,-1.786680,0.0,0.0,0.487645,2.138806,-2.018904,0.0,0.0,0.573407,2.675754,-2.211437,0.0,0.0,0.722187,0.872506,-1.167682,0.0,0.0,1.021071,1.495865,-1.640792,0.0,0.0,1.261258,2.084954,-1.855460,0.0,0.0,1.444343,2.664175,-2.011986,0.0,0.0,1.051671,0.790837,-1.099041,0.0,0.0,1.581511,1.231367,-1.515343,0.0,0.0,1.940121,1.525808,-1.736081,0.0,0.0,2.243496,1.857132,-1.894759,0.0,0.0
record2.mp4,e7f94d8ffdda6840c9b04703cf2b6166921cdbd5be69632bee01bf2c9ebea648,640,480,12.02,736,61.25,157,13083,Left,0.904045,0.000000,0.000000,0.000000,0.0,0.0,-0.653195,0.395558,-0.513723,0.0,0.0,-1.113764,0.958790,-0.904001,0.0,0.0,-1.468339,1.503402,-1.206091,0.0,0.0,-1.861459,1.915405,-1.524522,0.0,0.0,-0.396323,1.013683,-1.261264,0.0,0.0,-0.543673,1.771164,-1.731880,0.0,0.0,-0.595643,2.312586,-1.982382,0.0,0.0,-0.655528,2.856166,-2.162685,0.0,0.0,0.238400,0.960130,-1.181569,0.0,0.0,0.376157,1.559145,-1.681085,0.0,0.0,0.497008,2.070237,-1.898578,0.0,0.0,0.580550,2.596291,-2.080271,0.0,0.0,0.716005,0.889579,-1.096596,0.0,0.0,0.994139,1.427131,-1.542730,0.0,0.0,1.174947,1.947527,-1.745949,0.0,0.0,1.314851,2.473975,-1.895313,0.0,0.0,1.030150,0.805391,-1.036690,0.0,0.0,1.558128,1.193295,-1.434553,0.0,0.0,1.910782,1.453919,-1.653575,0.0,0.0,2.206446,1.769716,-1.811591,0.0,0.0
record2.mp4,e7f94d8ffdda6840c9b04703cf2b6166921cdbd5be69632bee01bf2c9ebea648,640,480,12.02,736,61.25,158,13166,Left,0.851124,0.000000,0.000000,0.000000,0.0,0.0,-0.619531,0.356038,-0.512871,0.0,0.0,-1.069901,0.912165,-0.897684,0.0,0.0,-1.433290,1.459093,-1.197898,0.0,0.0,-1.818270,1.889739,-1.517514,0.0,0.0,-0.383429,0.967882,-1.240881,0.0,0.0,-0.520509,1.718669,-1.712284,0.0,0.0,-0.560765,2.265376,-1.973509,0.0,0.0,-0.606283,2.808408,-2.164692,0.0,0.0,0.248139,0.929388,-1.158427,0.0,0.0,0.362401,1.466889,-1.653316,0.0,0.0,0.478595,1.937794,-1.881207,0.0,0.0,0.567623,2.425275,-2.078456,0.0,0.0,0.737478,0.875552,-1.072729,0.0,0.0,0.994025,1.410050,-1.516622,0.0,0.0,1.183844,1.908844,-1.719932,0.0,0.0,1.336772,2.407570,-1.876083,0.0,0.0,1.068512,0.803866,-1.012362,0.0,0.0,1.581327,1.221183,-1.410808,0.0,0.0,1.936187,1.496595,-1.629693,0.0,0.0,2.240365,1.810360,-1.791672,0.0,0.0
record2.mp4,e7f94d8ffdda6840c9b04703cf2b6166921cdbd5be69632bee01bf2c9ebea648,640,480,12.02,736,61.25,159,13250,Left,0.898439,0.000000,0.000000,0.000000,0.0,0.0,-0.611919,0.364806,-0.476357,0.0,0.0,-1.044367,0.935415,-0.850992,0.0,0.0,-1.390525,1.469864,-1.149806,0.0,0.0,-1.791161,1.850443,-1.469404,0.0,0.0,-0.375336,1.000067,-1.159728,0.0,0.0,-0.510458,1.686096,-1.605677,0.0,0.0,-0.579523,2.197361,-1.863927,0.0,0.0,-0.649004,2.728482,-2.060757,0.0,0.0,0.233287,0.966724,-1.095377,0.0,0.0,0.343257,1.454585,-1.527435,0.0,0.0,0.458193,1.843217,-1.719822,0.0,0.0,0.547444,2.271418,-1.899174,0.0,0.0,0.711907,0.923841,-1.030161,0.0,0.0,0.969520,1.488565,-1.430125,0.0,0.0,1.210427,1.963440,-1.610425,0.0,0.0,1.420153,2.464517,-1.761117,0.0,0.0,1.030853,0.861687,-0.988851,0.0,0.0,1.515976,1.262438,-1.350124,0.0,0.0,1.869417,1.519844,-1.539008,0.0,0.0,2.171344,1.824905,-1.684590,0.0,0.0
record2.mp4,e7f94d8ffdda6840c9b04703cf2b6166921cdbd5be69632bee01bf2c9ebea648,640,480,12.02,736,61.25,160,13333,Left,0.926269,0.000000,0.000000,0.000000,0.0,0.0,-0.615907,0.369545,-0.495558,0.0,0.0,-1.048897,0.915021,-0.909362,0.0,0.0,-1.399624,1.457234,-1.231575,0.0,0.0,-1.787482,1.857172,-1.577076,0.0,0.0,-0.376221,0.973336,-1.323668,0.0,0.0,-0.489865,1.665081,-1.829753,0.0,0.0,-0.543957,2.179832,-2.112975,0.0,0.0,-0.614518,2.694810,-2.314451,0.0,0.0,0.255982,0.948408,-1.247566,0.0,0.0,0.384911,1.502413,-1.716965,0.0,0.0,0.503731,1.919194,-1.902853,0.0,0.0,0.575099,2.326124,-2.070440,0.0,0.0,0.744597,0.906047,-1.163905,0.0,0.0,1.024912,1.567911,-1.613887,0.0,0.0,1.313280,2.119796,-1.826095,0.0,0.0,1.540817,2.670214,-1.990451,0.0,0.0,1.044542,0.841976,-1.093617,0.0,0.0,1.558277,1.256890,-1.490239,0.0,0.0,1.935463,1.522239,-1.695946,0.0,0.0,2.253077,1.829512,-1.849418,0.0,0.0
record2.mp4,e7f94d8ffdda6840c9b04703cf2b6166921cdbd5be69632bee01bf2c9ebea648,640,480,12.02,736,61.25,161,13416,Left,0.963248,0.000000,0.000000,0.000000,0.0,0.0,-0.625212,0.390576,-0.441566,0.0,0.0,-1.061885,0.957389,-0.840993,0.0,0.0,-1.438688,1.506709,-1.147678,0.0,0.0,-1.797352,1.939353,-1.485228,0.0,0.0,-0.359429,0.990178,-1.330951,0.0,0.0,-0.546581,1.611070,-1.818416,0.0,0.0,-0.591218,2.102106,-2.079212,0.0,0.0,-0.656900,2.580972,-2.262942,0.0,0.0,0.243978,1.002628,-1.273787,0.0,0.0,0.223336,1.682176,-1.706765,0.0,0.0,0.254151,2.189252,-1.867792,0.0,0.0,0.224056,2.641491,-2.021120,0.0,0.0,0.723392,0.967771,-1.198445,0.0,0.0,1.003862,1.706155,-1.612926,0.0,0.0,1.296436,2.286572,-1.834166,0.0,0.0,1.492698,2.826829,-2.011658,0.0,0.0,1.010001,0.878941,-1.127771,0.0,0.0,1.557819,1.283702,-1.502989,0.0,0.0,1.951191,1.580315,-1.720156,0.0,0.0,2.263821,1.895266,-1.889045,0.0,0.0
record2.mp4,e7f94d8ffdda6840c9b04703cf2b6166921cdbd5be69632bee01bf2c9ebea648,640,480,12.02,736,61.25,162,13500,Left,0.935622,0.000000,0.000000,0.000000,0.0,0.0,-0.627761,0.334484,-0.480118,0.0,0.0,-1.086855,0.856858,-0.899162,0.0,0.0,-1.502071,1.364556,-1.226564,0.0,0.0,-1.924798,1.736970,-1.583980,0.0,0.0,-0.375411,0.953007,-1.332582,0.0,0.0,-0.564803,1.573443,-1.804553,0.0,0.0,-0.617366,2.060742,-2.060441,0.0,0.0,-0.673940,2.549674,-2.252942,0.0,0.0,0.243126,0.968061,-1.266216,0.0,0.0,0.315278,1.551254,-1.689042,0.0,0.0,0.397347,1.971411,-1.847882,0.0,0.0,0.431826,2.371404,-2.009732,0.0,0.0,0.730998,0.945536,-1.187705,0.0,0.0,0.999713,1.638613,-1.590289,0.0,0.0,1.287584,2.193895,-1.795862,0.0,0.0,1.512426,2.728502,-1.972806,0.0,0.0,1.032308,0.868052,-1.122290,0.0,0.0,1.569355,1.275388,-1.499335,0.0,0.0,1.963263,1.559637,-1.716898,0.0,0.0,2.283664,1.873311,-1.889830,0.0,0.0
record2.mp4,e7f94d8ffdda6840c9b04703cf2b6166921cdbd5be69632bee01bf2c9ebea648,640,480,12.02,736,61.25,163,13583,Left,0.961687,0.000000,0.000000,0.000000,0.0,0.0,-0.600260,0.342348,-0.498736,0.0,0.0,-1.048353,0.816035,-0.947401,0.0,0.0,-1.473467,1.308392,-1.284599,0.0,0.0,-1.912621,1.677513,-1.647102,0.0,0.0,-0.375725,0.941455,-1.479033,0.0,0.0,-0.547650,1.515064,-2.010167,0.0,0.0,-0.576806,1.989237,-2.294106,0.0,0.0,-0.624126,2.452808,-2.495842,0.0,0.0,0.250296,0.974535,-1.390949,0.0,0.0,0.313502,1.600127,-1.867980,0.0,0.0,0.399402,2.057521,-2.042027,0.0,0.0,0.422638,2.480555,-2.212184,0.0,0.0,0.737821,0.953428,-1.282235,0.0,0.0,1.003553,1.615138,-1.729140,0.0,0.0,1.269628,2.153028,-1.964567,0.0,0.0,1.449208,2.654302,-2.155203,0.0,0.0,1.025175,0.877270,-1.180473,0.0,0.0,1.555054,1.253477,-1.598392,0.0,0.0,1.944558,1.521252,-1.855446,0.0,0.0,2.263142,1.818256,-2.053887,0.0,0.0
record2.mp4,e7f94d8ffdda6840c9b04703cf2b6166921cdbd5be69632bee01bf2c9ebea648,640,480,12.02,736,61.25,164,13666,Left,0.954459,0.000000,0.000000,0.000000,0.0,0.0,-0.588405,0.338142,-0.479561,0.0,0.0,-1.020922,0.831955,-0.904113,0.0,0.0,-1.449891,1.307827,-1.227325,0.0,0.0,-1.916855,1.637039,-1.580955,0.0,0.0,-0.367199,0.956473,-1.380675,0.0,0.0,-0.520964,1.493042,-1.869415,0.0,0.0,-0.545879,1.934860,-2.136722,0.0,0.0,-0.589862,2.367008,-2.331199,0.0,0.0,0.256499,0.984972,-1.306254,0.0,0.0,0.408969,1.586555,-1.730225,0.0,0.0,0.552744,2.007401,-1.897710,0.0,0.0,0.625922,2.378299,-2.065563,0.0,0.0,0.743607,0.950731,-1.213198,0.0,0.0,1.025925,1.649930,-1.625681,0.0,0.0,1.327279,2.170309,-1.863269,0.0,0.0,1.548184,2.647032,-2.057907,0.0,0.0,1.029691,0.843578,-1.126056,0.0,0.0,1.548975,1.214811,-1.515123,0.0,0.0,1.930648,1.471425,-1.751978,0.0,0.0,2.229011,1.744178,-1.936180,0.0,0.0
record2.mp4,e7f94d8ffdda6840c9b04703cf2b6166921cdbd5be69632bee01bf2c9ebea648,640,480,12.02,736,61.25,165,13750,Left,0.944222,0.000000,0.000000,0.000000,0.0,0.0,-0.576503,0.360073,-0.452397,0.0,0.0,-0.996029,0.810144,-0.880826,0.0,0.0,-1.410445,1.255873,-1.215038,0.0,0.0,-1.834845,1.604672,-1.579791,0.0,0.0,-0.341420,0.996560,-1.350005,0.0,0.0,-0.512395,1.521144,-1.862462,0.0,0.0,-0.569440,1.963040,-2.152138,0.0,0.0,-0.641310,2.393245,-2.354651,0.0,0.0,0.245728,1.031251,-1.293852,0.0,0.0,0.264591,1.709976,-1.742812,0.0,0.0,0.307032,2.203077,-1.928584,0.0,0.0,0.285469,2.627234,-2.102292,0.0,0.0,0.721219,0.984833,-1.218578,0.0,0.0,0.995395,1.674771,-1.629576,0.0,0.0,1.254807,2.188990,-1.859888,0.0,0.0,1.412333,2.638666,-2.046951,0.0,0.0,1.010891,0.854759,-1.150545,0.0,0.0,1.527757,1.215656,-1.528320,0.0,0.0,1.894318,1.482738,-1.759116,0.0,0.0,2.181539,1.760518,-1.939666,0.0,0.0
record2.mp4,e7f94d8ffdda6840c9b04703cf2b6166921cdbd5be69632bee01bf2c9ebea648,640,480,12.02,736,61.25,166,13833,Left,0.965436,0.000000,0.000000,0.000000,0.0,0.0,-0.581962,0.361647,-0.428892,0.0,0.0,-1.010214,0.875286,-0.822081,0.0,0.0,-1.426318,1.366443,-1.124102,0.0,0.0,-1.870881,1.715640,-1.452545,0.0,0.0,-0.356832,0.973355,-1.296745,0.0,0.0,-0.544050,1.532287,-1.772920,0.0,0.0,-0.596017,1.997527,-2.030644,0.0,0.0,-0.657753,2.453776,-2.213857,0.0,0.0,0.253202,0.994458,-1.233003,0.0,0.0,0.367820,1.576904,-1.641228,0.0,0.0,0.489486,2.018978,-1.781168,0.0,0.0,0.552085,2.416145,-1.925734,0.0,0.0,0.732098,0.964417,-1.152738,0.0,0.0,1.002208,1.632965,-1.551620,0.0,0.0,1.272882,2.160598,-1.750703,0.0,0.0,1.466955,2.647638,-1.911808,0.0,0.0,1.020738,0.872869,-1.077620,0.0,0.0,1.533451,1.262786,-1.447520,0.0,0.0,1.895478,1.556732,-1.661853,0.0,0.0,2.174068,1.868326,-1.826636,0.0,0.0
record2.mp4,e7f94d8ffdda6840c9b04703cf2b6166921cdbd5be69632bee01bf2c9ebea648,640,480,12.02,736,61.25,167,13916,Left,0.954812,0.000000,0.000000,0.000000,0.0,0.0,-0.589260,0.330570,-0.502150,0.0,0.0,-1.022459,0.795617,-0.950033,0.0,0.0,-1.439263,1.274533,-1.290416,0.0,0.0,-1.856196,1.644198,-1.656824,0.0,0.0,-0.337084,0.920117,-1.447768,0.0,0.0,-0.534602,1.487528,-1.974251,0.0,0.0,-0.603105,1.954062,-2.265353,0.0,0.0,-0.676089,2.422513,-2.470285,0.0,0.0,0.287016,0.955004,-1.361235,0.0,0.0,0.398469,1.575791,-1.824541,0.0,0.0,0.509349,2.017214,-2.002889,0.0,0.0,0.565113,2.415920,-2.175516,0.0,0.0,0.772609,0.945922,-1.256333,0.0,0.0,1.063192,1.632238,-1.698715,0.0,0.0,1.344311,2.180713,-1.934639,0.0,0.0,1.552832,2.692892,-2.123642,0.0,0.0,1.057647,0.881005,-1.158783,0.0,0.0,1.570658,1.286372,-1.558539,0.0,0.0,1.938005,1.572012,-1.792413,0.0,0.0,2.236263,1.879255,-1.975209,0.0,0.0
record2.mp4,e7f94d8ffdda6840c9b04703cf2b6166921cdbd5be69632bee01bf2c9ebea648,640,480,12.02,736,61.25,168,14000,Left,0.916502,0.000000,0.000000,0.000000,0.0,0.0,-0.650591,0.363174,-0.503461,0.0,0.0,-1.101545,0.883279,-0.936794,0.0,0.0,-1.514942,1.376048,-1.270119,0.0,0.0,-1.922347,1.736035,-1.625579,0.0,0.0,-0.371888,0.909861,-1.412008,0.0,0.0,-0.565568,1.463789,-1.949325,0.0,0.0,-0.638986,1.932204,-2.256205,0.0,0.0,-0.700147,2.433065,-2.476145,0.0,0.0,0.267267,0.923562,-1.332375,0.0,0.0,0.399940,1.488366,-1.830904,0.0,0.0,0.544781,1.922843,-2.053010,0.0,0.0,0.659892,2.373332,-2.253826,0.0,0.0,0.761303,0.929310,-1.232969,0.0,0.0,1.057628,1.593040,-1.699585,0.0,0.0,1.378492,2.139205,-1.953415,0.0,0.0,1.644724,2.697873,-2.150489,0.0,0.0,1.047431,0.905203,-1.143114,0.0,0.0,1.577158,1.259576,-1.554356,0.0,0.0,1.975153,1.511444,-1.792640,0.0,0.0,2.306975,1.814702,-1.976307,0.0,0.0
record2.mp4,e7f94d8ffdda6840c9b04703cf2b6166921cdbd5be69632bee01bf2c9ebea648,640,480,12.02,736,61.25,169,14083,Left,0.92662,0.000000,0.000000,0.000000,0.0,0.0,-0.611374,0.360962,-0.482806,0.0,0.0,-1.055739,0.846176,-0.915446,0.0,0.0,-1.483283,1.339899,-1.251927,0.0,0.0,-1.912512,1.701761,-1.611056,0.0,0.0,-0.384188,0.920210,-1.390089,0.0,0.0,-0.572173,1.475934,-1.905201,0.0,0.0,-0.631479,1.927165,-2.184665,0.0,0.0,-0.696007,2.419440,-2.384969,0.0,0.0,0.249790,0.923223,-1.314359,0.0,0.0,0.379763,1.461903,-1.822018,0.0,0.0,0.538574,1.892477,-2.031847,0.0,0.0,0.639274,2.316274,-2.219828,0.0,0.0,0.749246,0.904227,-1.216510,0.0,0.0,1.037677,1.485544,-1.674776,0.0,0.0,1.345778,1.999990,-1.890756,0.0,0.0,1.585419,2.516200,-2.060140,0.0,0.0,1.064868,0.847529,-1.129058,0.0,0.0,1.571964,1.190336,-1.534434,0.0,0.0,1.942128,1.436254,-1.756602,0.0,0.0,2.261160,1.737287,-1.925144,0.0,0.0
record2.mp4,e7f94d8ffdda6840c9b04703cf2b6166921cdbd5be69632bee01bf2c9ebea648,640,480,12.02,736,61.25,170,14166,Left,0.932633,0.000000,0.000000,0.000000,0.0,0.0,-0.623576,0.367746,-0.447345,0.0,0.0,-1.079925,0.857182,-0.849763,0.0,0.0,-1.517839,1.351253,-1.161680,0.0,0.0,-1.927191,1.718983,-1.495657,0.0,0.0,-0.394163,0.915125,-1.343980,0.0,0.0,-0.600344,1.465678,-1.830173,0.0,0.0,-0.639478,1.913309,-2.085702,0.0,0.0,-0.684360,2.397443,-2.276608,0.0,0.0,0.244822,0.906696,-1.283458,0.0,0.0,0.355100,1.417305,-1.779342,0.0,0.0,0.511168,1.845011,-1.977690,0.0,0.0,0.620471,2.286587,-2.164984,0.0,0.0,0.751037,0.874353,-1.200030,0.0,0.0,1.024105,1.424514,-1.653555,0.0,0.0,1.286266,1.890466,-1.854812,0.0,0.0,1.494567,2.372483,-2.018306,0.0,0.0,1.081286,0.813433,-1.125671,0.0,0.0,1.602694,1.144130,-1.544900,0.0,0.0,1.983136,1.383188,-1.776976,0.0,0.0,2.312502,1.691826,-1.954071,0.0,0.0
record2.mp4,e7f94d8ffdda6840c9b04703cf2b6166921cdbd5be69632bee01bf2c9ebea648,640,480,12.02,736,61.25,171,14250,Left,0.891741,0.000000,0.000000,0.000000,0.0,0.0,-0.625375,0.381503,-0.477474,0.0,0.0,-1.072313,0.844664,-0.910105,0.0,0.0,-1.488708,1.321737,-1.241256,0.0,0.0,-1.867089,1.697465,-1.595221,0.0,0.0,-0.371866,0.920761,-1.412870,0.0,0.0,-0.564567,1.430690,-1.935424,0.0,0.0,-0.613138,1.860915,-2.222932,0.0,0.0,-0.674330,2.331812,-2.432644,0.0,0.0,0.260717,0.925116,-1.345881,0.0,0.0,0.367279,1.492820,-1.881165,0.0,0.0,0.509575,1.915408,-2.126950,0.0,0.0,0.598560,2.335455,-2.343290,0.0,0.0,0.758821,0.904529,-1.250126,0.0,0.0,1.041328,1.512518,-1.729940,0.0,0.0,1.371920,2.033693,-1.977874,0.0,0.0,1.633526,2.561912,-2.175221,0.0,0.0,1.071605,0.840965,-1.160039,0.0,0.0,1.591416,1.161359,-1.594823,0.0,0.0,1.970406,1.382691,-1.842334,0.0,0.0,2.310108,1.674153,-2.031883,0.0,0.0
record2.mp4,e7f94d8ffdda6840c9b04703cf2b6166921cdbd5be69632bee01bf2c9ebea648,640,480,12.02,736,61.25,172,14333,Left,0.925792,0.000000,0.000000,0.000000,0.0,0.0,-0.619238,0.369932,-0.457222,0.0,0.0,-1.066889,0.868295,-0.881911,0.0,0.0,-1.511850,1.367699,-1.214316,0.0,0.0,-1.965840,1.737235,-1.569712,0.0,0.0,-0.387159,0.923851,-1.370461,0.0,0.0,-0.594609,1.479353,-1.881416,0.0,0.0,-0.663301,1.923046,-2.163063,0.0,0.0,-0.730783,2.405099,-2.369123,0.0,0.0,0.249628,0.927444,-1.312230,0.0,0.0,0.353166,1.469674,-1.807416,0.0,0.0,0.473848,1.880737,-2.012419,0.0,0.0,0.548938,2.298787,-2.203085,0.0,0.0,0.749728,0.911081,-1.230508,0.0,0.0,1.036127,1.506780,-1.676417,0.0,0.0,1.324613,2.023852,-1.890666,0.0,0.0,1.550555,2.547503,-2.066171,0.0,0.0,1.054619,0.857243,-1.158102,0.0,0.0,1.578736,1.190779,-1.552050,0.0,0.0,1.958642,1.441848,-1.772643,0.0,0.0,2.283395,1.754881,-1.945741,0.0,0.0
record2.mp4,e7f94d8ffdda6840c9b04703cf2b6166921cdbd5be69632bee01bf2c9ebea648,640,480,12.02,736,61.25,173,14416,Left,0.983226,0.000000,0.000000,0.000000,0.0,0.0,-0.644360,0.373836,-0.435577,0.0,0.0,-1.114930,0.947573,-0.772260,0.0,0.0,-1.470955,1.499067,-1.018405,0.0,0.0,-1.794437,1.913255,-1.276190,0.0,0.0,-0.348689,0.963733,-1.140339,0.0,0.0,-0.569146,1.614795,-1.555661,0.0,0.0,-0.655875,2.157661,-1.781057,0.0,0.0,-0.749263,2.691172,-1.942673,0.0,0.0,0.270242,0.979486,-1.073081,0.0,0.0,0.451656,1.731197,-1.484507,0.0,0.0,0.583799,2.343473,-1.661838,0.0,0.0,0.660747,2.932450,-1.818001,0.0,0.0,0.730090,0.974802,-0.991790,0.0,0.0,1.043411,1.667037,-1.361502,0.0,0.0,1.220357,2.227586,-1.542974,0.0,0.0,1.323328,2.765205,-1.677614,0.0,0.0,1.012136,0.938835,-0.928673,0.0,0.0,1.540341,1.374386,-1.246491,0.0,0.0,1.893565,1.692936,-1.427271,0.0,0.0,2.148900,2.040653,-1.564338,0.0,0.0
record2.mp4,e7f94d8ffdda6840c9b04703cf2b6166921cdbd5be69632bee01bf2c9ebea648,640,480,12.02,736,61.25,174,14500,Left,0.92508,0.000000,0.000000,0.000000,0.0,0.0,-0.629798,0.391658,-0.480150,0.0,0.0,-1.065614,0.901558,-0.864822,0.0,0.0,-1.417600,1.411325,-1.158228,0.0,0.0,-1.754781,1.810645,-1.463573,0.0,0.0,-0.334823,1.010606,-1.248540,0.0,0.0,-0.516312,1.688341,-1.739497,0.0,0.0,-0.574431,2.195906,-2.010053,0.0,0.0,-0.643626,2.682525,-2.196059,0.0,0.0,0.261190,0.997407,-1.177715,0.0,0.0,0.365842,1.661769,-1.717915,0.0,0.0,0.460616,2.202032,-1.987672,0.0,0.0,0.511939,2.705542,-2.201597,0.0,0.0,0.719326,0.950122,-1.090306,0.0,0.0,0.951390,1.531568,-1.558009,0.0,0.0,1.107445,2.042247,-1.791281,0.0,0.0,1.209654,2.506870,-1.954324,0.0,0.0,1.031266,0.874370,-1.020214,0.0,0.0,1.495592,1.283575,-1.411297,0.0,0.0,1.789688,1.604381,-1.637884,0.0,0.0,2.022889,1.943125,-1.804300,0.0,0.0
record2.mp4,e7f94d8ffdda6840c9b04703cf2b6166921cdbd5be69632bee01bf2c9ebea648,640,480,12.02,736,61.25,175,14583,Left,0.922062,0.000000,0.000000,0.000000,0.0,0.0,-0.599898,0.388225,-0.464647,0.0,0.0,-1.022496,0.893188,-0.841670,0.0,0.0,-1.371837,1.401332,-1.133130,0.0,0.0,-1.718405,1.784555,-1.437268,0.0,0.0,-0.318947,1.013156,-1.187277,0.0,0.0,-0.504129,1.678258,-1.654724,0.0,0.0,-0.562005,2.173675,-1.911375,0.0,0.0,-0.628755,2.645217,-2.089354,0.0,0.0,0.270907,1.011174,-1.124767,0.0,0.0,0.365028,1.666288,-1.635234,0.0,0.0,0.458494,2.194997,-1.881812,0.0,0.0,0.509757,2.680736,-2.076834,0.0,0.0,0.727042,0.961463,-1.049244,0.0,0.0,0.955657,1.549357,-1.493119,0.0,0.0,1.112182,2.044377,-1.704831,0.0,0.0,1.212502,2.492163,-1.852570,0.0,0.0,1.030465,0.873023,-0.992102,0.0,0.0,1.479244,1.270157,-1.364434,0.0,0.0,1.765443,1.577979,-1.572715,0.0,0.0,1.993858,1.902067,-1.723783,0.0,0.0
record2.mp4,e7f94d8ffdda6840c9b04703cf2b6166921cdbd5be69632bee01bf2c9ebea648,640,480,12.02,736,61.25,176,14666,Left,0.934278,0.000000,0.000000,0.000000,0.0,0.0,-0.624938,0.395817,-0.474893,0.0,0.0,-1.054492,0.901825,-0.863941,0.0,0.0,-1.406624,1.409859,-1.164074,0.0,0.0,-1.747148,1.810811,-1.476996,0.0,0.0,-0.330725,1.013134,-1.238724,0.0,0.0,-0.501284,1.690690,-1.723534,0.0,0.0,-0.554836,2.198585,-1.986451,0.0,0.0,-0.621857,2.685152,-2.167616,0.0,0.0,0.265609,0.992500,-1.175193,0.0,0.0,0.371829,1.667161,-1.712007,0.0,0.0,0.466590,2.212899,-1.974805,0.0,0.0,0.515674,2.712929,-2.182091,0.0,0.0,0.728039,0.934391,-1.095829,0.0,0.0,0.971662,1.535144,-1.563221,0.0,0.0,1.135560,2.055134,-1.794486,0.0,0.0,1.238676,2.521744,-1.954339,0.0,0.0,1.044271,0.845667,-1.032758,0.0,0.0,1.501669,1.268520,-1.423411,0.0,0.0,1.796071,1.591562,-1.647489,0.0,0.0,2.037643,1.931360,-1.810879,0.0,0.0
record2.mp4,e7f94d8ffdda6840c9b04703cf2b6166921cdbd5be69632bee01bf2c9ebea648,640,480,12.02,736,61.25,177,14750,Left,0.898738,0.000000,0.000000,0.000000,0.0,0.0,-0.627298,0.386961,-0.482766,0.0,0.0,-1.064460,0.898508,-0.869727,0.0,0.0,-1.416197,1.405849,-1.167824,0.0,0.0,-1.746159,1.802420,-1.480252,0.0,0.0,-0.348142,1.019203,-1.233390,0.0,0.0,-0.528039,1.692232,-1.713340,0.0,0.0,-0.581278,2.189279,-1.976663,0.0,0.0,-0.642573,2.662183,-2.158317,0.0,0.0,0.249351,1.002095,-1.167522,0.0,0.0,0.356037,1.658458,-1.697106,0.0,0.0,0.457290,2.199013,-1.957385,0.0,0.0,0.516766,2.698225,-2.161752,0.0,0.0,0.712405,0.945124,-1.087720,0.0,0.0,0.953880,1.547685,-1.546578,0.0,0.0,1.114183,2.053041,-1.770009,0.0,0.0,1.218502,2.512675,-1.925569,0.0,0.0,1.025253,0.852126,-1.026425,0.0,0.0,1.476982,1.257454,-1.414841,0.0,0.0,1.776383,1.572047,-1.633590,0.0,0.0,2.022654,1.906149,-1.791554,0.0,0.0
record2.mp4,e7f94d8ffdda6840c9b04703cf2b6166921cdbd5be69632bee01bf2c9ebea648,640,480,12.02,736,61.25,178,14833,Left,0.939215,0.000000,0.000000,0.000000,0.0,0.0,-0.611222,0.382184,-0.448937,0.0,0.0,-1.057159,0.911793,-0.810244,0.0,0.0,-1.405149,1.420693,-1.090345,0.0,0.0,-1.750712,1.791591,-1.385091,0.0,0.0,-0.347592,1.031535,-1.146471,0.0,0.0,-0.522551,1.707012,-1.586089,0.0,0.0,-0.581164,2.211757,-1.826587,0.0,0.0,-0.651452,2.694199,-1.995238,0.0,0.0,0.249853,1.012567,-1.087373,0.0,0.0,0.386892,1.675123,-1.566354,0.0,0.0,0.500825,2.218272,-1.789770,0.0,0.0,0.564837,2.725814,-1.967725,0.0,0.0,0.707748,0.951943,-1.015195,0.0,0.0,0.976701,1.552926,-1.429856,0.0,0.0,1.143105,2.061826,-1.617517,0.0,0.0,1.247190,2.535087,-1.748223,0.0,0.0,1.014522,0.854436,-0.961876,0.0,0.0,1.480493,1.262992,-1.312861,0.0,0.0,1.782955,1.570798,-1.499261,0.0,0.0,2.028154,1.896549,-1.631693,0.0,0.0
record2.mp4,e7f94d8ffdda6840c9b04703cf2b6166921cdbd5be69632bee01bf2c9ebea648,640,480,12.02,736,61.25,179,14916,Left,0.971486,0.000000,0.000000,0.000000,0.0,0.0,-0.626703,0.346882,-0.500023,0.0,0.0,-1.087314,0.907137,-0.910409,0.0,0.0,-1.501586,1.428810,-1.226935,0.0,0.0,-1.898088,1.816279,-1.567107,0.0,0.0,-0.388949,0.874689,-1.343262,0.0,0.0,-0.567212,1.461870,-1.840601,0.0,0.0,-0.639284,1.960209,-2.125253,0.0,0.0,-0.708972,2.482798,-2.333351,0.0,0.0,0.258779,0.852211,-1.259901,0.0,0.0,0.382233,1.415576,-1.736975,0.0,0.0,0.524920,1.911000,-1.949621,0.0,0.0,0.634771,2.407671,-2.148267,0.0,0.0,0.773206,0.842670,-1.161464,0.0,0.0,1.077277,1.485475,-1.590081,0.0,0.0,1.359866,2.047679,-1.794227,0.0,0.0,1.577580,2.610346,-1.961581,0.0,0.0,1.118767,0.804370,-1.081313,0.0,0.0,1.613501,1.252494,-1.457957,0.0,0.0,1.971988,1.572608,-1.666651,0.0,0.0,2.258589,1.922758,-1.831956,0.0,0.0
record2.mp4,e7f94d8ffdda6840c9b04703cf2b6166921cdbd5be69632bee01bf2c9ebea648,640,480,12.02,736,61.25,180,15000,Left,0.915048,0.000000,0.000000,0.000000,0.0,0.0,-0.636779,0.373372,-0.510106,0.0,0.0,-1.070436,0.914939,-0.950359,0.0,0.0,-1.455986,1.439023,-1.302336,0.0,0.0,-1.834505,1.838865,-1.680248,0.0,0.0,-0.363387,0.892863,-1.361868,0.0,0.0,-0.519495,1.474667,-1.881399,0.0,0.0,-0.600067,1.946034,-2.183353,0.0,0.0,-0.681225,2.462877,-2.401159,0.0,0.0,0.273698,0.864787,-1.292551,0.0,0.0,0.419344,1.430507,-1.771462,0.0,0.0,0.567963,1.871477,-1.982322,0.0,0.0,0.669078,2.325563,-2.177680,0.0,0.0,0.785314,0.848876,-1.212140,0.0,0.0,1.101727,1.539930,-1.659239,0.0,0.0,1.432429,2.110277,-1.880165,0.0,0.0,1.696558,2.676572,-2.056364,0.0,0.0,1.122084,0.808842,-1.147482,0.0,0.0,1.649464,1.248074,-1.530665,0.0,0.0,2.035335,1.566591,-1.735933,0.0,0.0,2.345579,1.920644,-1.897964,0.0,0.0
record2.mp4,e7f94d8ffdda6840c9b04703cf2b6166921cdbd5be69632bee01bf2c9ebea648,640,480,12.02,736,61.25,181,15083,Left,0.900383,0.000000,0.000000,0.000000,0.0,0.0,-0.609636,0.368958,-0.477111,0.0,0.0,-1.029651,0.883936,-0.904432,0.0,0.0,-1.444722,1.395518,-1.244657,0.0,0.0,-1.875053,1.766609,-1.603831,0.0,0.0,-0.380989,0.924132,-1.325945,0.0,0.0,-0.561772,1.463220,-1.837471,0.0,0.0,-0.640108,1.902350,-2.120463,0.0,0.0,-0.708492,2.373144,-2.322855,0.0,0.0,0.249603,0.898460,-1.260198,0.0,0.0,0.364329,1.386732,-1.753271,0.0,0.0,0.491242,1.794383,-1.952796,0.0,0.0,0.574327,2.212913,-2.137153,0.0,0.0,0.757368,0.864197,-1.183968,0.0,0.0,1.036972,1.426960,-1.651199,0.0,0.0,1.319758,1.935306,-1.875328,0.0,0.0,1.543878,2.449565,-2.047091,0.0,0.0,1.093297,0.809860,-1.118908,0.0,0.0,1.604621,1.201231,-1.525690,0.0,0.0,1.979689,1.504494,-1.757504,0.0,0.0,2.288096,1.857043,-1.937255,0.0,0.0
record2.mp4,e7f94d8ffdda6840c9b04703cf2b6166921cdbd5be69632bee01bf2c9ebea648,640,480,12.02,736,61.25,182,15166,Left,0.896391,0.000000,0.000000,0.000000,0.0,0.0,-0.600566,0.368054,-0.489711,0.0,0.0,-1.014185,0.853385,-0.930184,0.0,0.0,-1.398441,1.364032,-1.273859,0.0,0.0,-1.783829,1.753784,-1.640208,0.0,0.0,-0.352548,0.903748,-1.404117,0.0,0.0,-0.539770,1.409803,-1.942037,0.0,0.0,-0.611593,1.845368,-2.240946,0.0,0.0,-0.685978,2.307298,-2.453532,0.0,0.0,0.279643,0.900258,-1.336234,0.0,0.0,0.415758,1.449221,-1.856360,0.0,0.0,0.546542,1.872842,-2.067579,0.0,0.0,0.618355,2.288762,-2.258135,0.0,0.0,0.782063,0.882445,-1.252764,0.0,0.0,1.085166,1.493025,-1.736726,0.0,0.0,1.375620,2.023790,-1.965277,0.0,0.0,1.591605,2.549233,-2.142756,0.0,0.0,1.100738,0.833683,-1.178979,0.0,0.0,1.625133,1.226286,-1.607201,0.0,0.0,2.003507,1.516803,-1.844246,0.0,0.0,2.312714,1.855487,-2.025679,0.0,0.0
record2.mp4,e7f94d8ffdda6840c9b04703cf2b6166921cdbd5be69632bee01bf2c9ebea648,640,480,12.02,736,61.25,183,15250,Left,0.940031,0.000000,0.000000,0.000000,0.0,0.0,-0.639330,0.362111,-0.489795,0.0,0.0,-1.086070,0.931913,-0.898863,0.0,0.0,-1.509180,1.464641,-1.221809,0.0,0.0,-1.942482,1.844244,-1.566137,0.0,0.0,-0.406361,0.881737,-1.286251,0.0,0.0,-0.579137,1.450979,-1.779912,0.0,0.0,-0.677819,1.910275,-2.063211,0.0,0.0,-0.759862,2.406591,-2.269904,0.0,0.0,0.244729,0.872259,-1.215453,0.0,0.0,0.399435,1.425432,-1.681563,0.0,0.0,0.536616,1.869803,-1.892703,0.0,0.0,0.637626,2.345697,-2.087727,0.0,0.0,0.760709,0.862037,-1.135552,0.0,0.0,1.089709,1.501235,-1.582700,0.0,0.0,1.415917,2.077551,-1.824818,0.0,0.0,1.680454,2.671426,-2.012438,0.0,0.0,1.088399,0.833757,-1.069749,0.0,0.0,1.621169,1.284233,-1.456190,0.0,0.0,2.022595,1.614857,-1.681221,0.0,0.0,2.342784,1.986615,-1.859552,0.0,0.0
record2.mp4,e7f94d8ffdda6840c9b04703cf2b6166921cdbd5be69632bee01bf2c9ebea648,640,480,12.02,736,61.25,184,15333,Left,0.971045,0.000000,0.000000,0.000000,0.0,0.0,-0.639268,0.407300,-0.433802,0.0,0.0,-1.093878,0.959477,-0.772095,0.0,0.0,-1.437956,1.487887,-1.026118,0.0,0.0,-1.769405,1.908994,-1.290212,0.0,0.0,-0.308917,0.982986,-1.114175,0.0,0.0,-0.528347,1.649255,-1.554489,0.0,0.0,-0.599011,2.190158,-1.800862,0.0,0.0,-0.672613,2.722697,-1.972410,0.0,0.0,0.299135,0.991877,-1.046757,0.0,0.0,0.427680,1.676395,-1.497426,0.0,0.0,0.552068,2.262154,-1.692971,0.0,0.0,0.635800,2.827296,-1.851793,0.0,0.0,0.752400,0.976585,-0.968097,0.0,0.0,1.022322,1.629267,-1.366333,0.0,0.0,1.179131,2.145883,-1.532554,0.0,0.0,1.286691,2.648649,-1.645599,0.0,0.0,1.024316,0.929482,-0.908805,0.0,0.0,1.524245,1.319005,-1.250412,0.0,0.0,1.856908,1.619319,-1.423400,0.0,0.0,2.121758,1.950165,-1.542365,0.0,0.0
record2.mp4,e7f94d8ffdda6840c9b04703cf2b6166921cdbd5be69632bee01bf2c9ebea648,640,480,12.02,736,61.25,185,15416,Left,0.924517,0.000000,0.000000,0.000000,0.0,0.0,-0.629906,0.405591,-0.504666,0.0,0.0,-1.040947,0.919526,-0.914615,0.0,0.0,-1.376888,1.435845,-1.221098,0.0,0.0,-1.702207,1.854829,-1.535965,0.0,0.0,-0.301006,0.995625,-1.341121,0.0,0.0,-0.458674,1.688556,-1.864945,0.0,0.0,-0.495042,2.208397,-2.147999,0.0,0.0,-0.545579,2.695543,-2.335589,0.0,0.0,0.303437,0.977288,-1.254756,0.0,0.0,0.441006,1.672219,-1.834753,0.0,0.0,0.552951,2.242075,-2.118304,0.0,0.0,0.620929,2.760607,-2.333428,0.0,0.0,0.758749,0.943663,-1.146631,0.0,0.0,1.033087,1.557920,-1.636641,0.0,0.0,1.196018,2.083021,-1.879979,0.0,0.0,1.303041,2.560273,-2.042490,0.0,0.0,1.053215,0.886284,-1.053635,0.0,0.0,1.541016,1.287470,-1.445150,0.0,0.0,1.844278,1.597588,-1.668895,0.0,0.0,2.087720,1.927733,-1.829920,0.0,0.0
record2.mp4,e7f94d8ffdda6840c9b04703cf2b6166921cdbd5be69632bee01bf2c9ebea648,640,480,12.02,736,61.25,186,15500,Left,0.92437,0.000000,0.000000,0.000000,0.0,0.0,-0.622374,0.400756,-0.478493,0.0,0.0,-1.037658,0.899237,-0.874704,0.0,0.0,-1.380742,1.394041,-1.176364,0.0,0.0,-1.704089,1.806171,-1.489873,0.0,0.0,-0.317008,1.016812,-1.284256,0.0,0.0,-0.474749,1.691701,-1.782971,0.0,0.0,-0.513343,2.185816,-2.057402,0.0,0.0,-0.560154,2.664691,-2.244266,0.0,0.0,0.285060,0.996510,-1.210479,0.0,0.0,0.417172,1.665267,-1.762627,0.0,0.0,0.531168,2.209198,-2.038913,0.0,0.0,0.603490,2.721129,-2.254240,0.0,0.0,0.739054,0.950134,-1.115085,0.0,0.0,1.002851,1.541271,-1.583133,0.0,0.0,1.165480,2.039575,-1.818909,0.0,0.0,1.274550,2.500521,-1.982386,0.0,0.0,1.033142,0.877296,-1.034625,0.0,0.0,1.507947,1.258619,-1.418596,0.0,0.0,1.812212,1.557466,-1.639938,0.0,0.0,2.062931,1.882809,-1.801460,0.0,0.0
record2.mp4,e7f94d8ffdda6840c9b04703cf2b6166921cdbd5be69632bee01bf2c9ebea648,640,480,12.02,736,61.25,187,15583,Left,0.952622,0.000000,0.000000,0.000000,0.0,0.0,-0.614753,0.388495,-0.452181,0.0,0.0,-1.031516,0.873550,-0.828832,0.0,0.0,-1.361878,1.374098,-1.114569,0.0,0.0,-1.681290,1.777996,-1.410383,0.0,0.0,-0.301996,1.015863,-1.202635,0.0,0.0,-0.467260,1.674566,-1.670432,0.0,0.0,-0.509624,2.167764,-1.922212,0.0,0.0,-0.566674,2.611197,-2.090589,0.0,0.0,0.296193,1.020188,-1.129561,0.0,0.0,0.415621,1.682994,-1.625599,0.0,0.0,0.521999,2.209834,-1.852385,0.0,0.0,0.579345,2.658448,-2.031333,0.0,0.0,0.742477,0.974282,-1.039697,0.0,0.0,0.988413,1.580954,-1.465079,0.0,0.0,1.144512,2.061247,-1.667995,0.0,0.0,1.238783,2.484408,-1.810489,0.0,0.0,1.023331,0.883327,-0.963830,0.0,0.0,1.489454,1.243099,-1.320490,0.0,0.0,1.789166,1.534466,-1.522842,0.0,0.0,2.023596,1.834684,-1.668180,0.0,0.0
record2.mp4,e7f94d8ffdda6840c9b04703cf2b6166921cdbd5be69632bee01bf2c9ebea648,640,480,12.02,736,61.25,188,15666,Left,0.940556,0.000000,0.000000,0.000000,0.0,0.0,-0.588053,0.401951,-0.465718,0.0,0.0,-0.985691,0.864992,-0.864940,0.0,0.0,-1.309550,1.343027,-1.166688,0.0,0.0,-1.609465,1.749297,-1.478938,0.0,0.0,-0.278880,1.055033,-1.285683,0.0,0.0,-0.436014,1.706216,-1.782856,0.0,0.0,-0.465836,2.176579,-2.047594,0.0,0.0,-0.504225,2.582832,-2.217845,0.0,0.0,0.314002,1.040006,-1.206902,0.0,0.0,0.464787,1.708374,-1.729526,0.0,0.0,0.575159,2.216515,-1.960527,0.0,0.0,0.630000,2.616468,-2.138052,0.0,0.0,0.750089,0.970301,-1.108280,0.0,0.0,1.031183,1.575829,-1.556421,0.0,0.0,1.201615,2.043911,-1.771615,0.0,0.0,1.300991,2.428616,-1.918792,0.0,0.0,1.017709,0.859768,-1.020037,0.0,0.0,1.493302,1.208198,-1.390732,0.0,0.0,1.790417,1.496873,-1.602426,0.0,0.0,2.022402,1.782460,-1.753484,0.0,0.0
record2.mp4,e7f94d8ffdda6840c9b04703cf2b6166921cdbd5be69632bee01bf2c9ebea648,640,480,12.02,736,61.25,189,15750,Left,0.97305,0.000000,0.000000,0.000000,0.0,0.0,-0.631310,0.388129,-0.447606,0.0,0.0,-1.068837,0.926350,-0.824352,0.0,0.0,-1.435499,1.424553,-1.109976,0.0,0.0,-1.770274,1.808716,-1.411263,0.0,0.0,-0.376143,1.001952,-1.256704,0.0,0.0,-0.544749,1.669173,-1.735754,0.0,0.0,-0.565550,2.192724,-1.996781,0.0,0.0,-0.597294,2.674027,-2.174773,0.0,0.0,0.244294,0.966040,-1.190311,0.0,0.0,0.422101,1.633628,-1.678348,0.0,0.0,0.589173,2.179537,-1.906889,0.0,0.0,0.702987,2.662653,-2.096353,0.0,0.0,0.722466,0.912831,-1.102648,0.0,0.0,1.035243,1.582241,-1.527795,0.0,0.0,1.252165,2.110807,-1.742593,0.0,0.0,1.398541,2.588652,-1.897238,0.0,0.0,1.036004,0.827963,-1.026419,0.0,0.0,1.558637,1.246358,-1.383054,0.0,0.0,1.898012,1.568718,-1.586622,0.0,0.0,2.152504,1.898054,-1.736144,0.0,0.0
record2.mp4,e7f94d8ffdda6840c9b04703cf2b6166921cdbd5be69632bee01bf2c9ebea648,640,480,12.02,736,61.25,190,15833,Left,0.958453,0.000000,0.000000,0.000000,0.0,0.0,-0.616914,0.368048,-0.503113,0.0,0.0,-1.037974,0.874479,-0.929967,0.0,0.0,-1.422803,1.382592,-1.258598,0.0,0.0,-1.746875,1.811234,-1.607034,0.0,0.0,-0.336843,0.913923,-1.410042,0.0,0.0,-0.517434,1.514771,-1.930955,0.0,0.0,-0.589597,2.021379,-2.218173,0.0,0.0,-0.666852,2.552025,-2.422068,0.0,0.0,0.300946,0.889307,-1.326502,0.0,0.0,0.435253,1.455888,-1.853861,0.0,0.0,0.595224,1.973063,-2.093241,0.0,0.0,0.694870,2.473916,-2.304603,0.0,0.0,0.793506,0.865284,-1.220252,0.0,0.0,1.102562,1.467088,-1.686404,0.0,0.0,1.364367,2.023524,-1.907587,0.0,0.0,1.545674,2.573458,-2.081074,0.0,0.0,1.117692,0.810724,-1.128441,0.0,0.0,1.641641,1.206942,-1.528194,0.0,0.0,1.983528,1.518119,-1.748283,0.0,0.0,2.249047,1.870489,-1.918331,0.0,0.0
record2.mp4,e7f94d8ffdda6840c9b04703cf2b6166921cdbd5be69632bee01bf2c9ebea648,640,480,12.02,736,61.25,191,15916,Left,0.934302,0.000000,0.000000,0.000000,0.0,0.0,-0.601196,0.385383,-0.493427,0.0,0.0,-1.007658,0.908729,-0.936998,0.0,0.0,-1.404535,1.408512,-1.288096,0.0,0.0,-1.793026,1.792762,-1.664076,0.0,0.0,-0.377925,0.930890,-1.418899,0.0,0.0,-0.543396,1.511822,-1.947239,0.0,0.0,-0.603592,1.983684,-2.235979,0.0,0.0,-0.658261,2.483238,-2.439853,0.0,0.0,0.257150,0.889866,-1.346901,0.0,0.0,0.405477,1.430705,-1.860064,0.0,0.0,0.575643,1.894437,-2.085961,0.0,0.0,0.691777,2.356467,-2.291447,0.0,0.0,0.767886,0.846634,-1.255330,0.0,0.0,1.070619,1.447513,-1.726071,0.0,0.0,1.364843,1.992616,-1.971356,0.0,0.0,1.586619,2.517657,-2.161737,0.0,0.0,1.102934,0.781057,-1.173957,0.0,0.0,1.630167,1.179250,-1.581512,0.0,0.0,1.999565,1.500368,-1.824410,0.0,0.0,2.291025,1.849095,-2.014434,0.0,0.0
record2.mp4,e7f94d8ffdda6840c9b04703cf2b6166921cdbd5be69632bee01bf2c9ebea648,640,480,12.02,736,61.25,192,16000,Left,0.89509,0.000000,0.000000,0.000000,0.0,0.0,-0.634513,0.361777,-0.556902,0.0,0.0,-1.088068,0.922027,-0.992718,0.0,0.0,-1.488890,1.468559,-1.325187,0.0,0.0,-1.836730,1.892566,-1.677603,0.0,0.0,-0.395263,0.825094,-1.467594,0.0,0.0,-0.578409,1.459149,-2.021033,0.0,0.0,-0.646190,1.999777,-2.335171,0.0,0.0,-0.711213,2.560494,-2.562229,0.0,0.0,0.271120,0.794201,-1.372044,0.0,0.0,0.427767,1.351186,-1.934324,0.0,0.0,0.592293,1.869319,-2.206618,0.0,0.0,0.716421,2.408225,-2.446454,0.0,0.0,0.798751,0.795958,-1.262043,0.0,0.0,1.129377,1.418758,-1.776787,0.0,0.0,1.424855,2.012367,-2.049101,0.0,0.0,1.646700,2.599836,-2.256171,0.0,0.0,1.152010,0.784880,-1.169456,0.0,0.0,1.699660,1.239861,-1.602071,0.0,0.0,2.080781,1.584906,-1.859147,0.0,0.0,2.368483,1.968432,-2.062883,0.0,0.0
record2.mp4,e7f94d8ffdda6840c9b04703cf2b6166921cdbd5be69632bee01bf2c9ebea648,640,480,12.02,736,61.25,193,16083,Left,0.968836,0.000000,0.000000,0.000000,0.0,0.0,-0.634795,0.430623,-0.420366,0.0,0.0,-1.081025,1.009365,-0.751833,0.0,0.0,-1.409327,1.569682,-0.999553,0.0,0.0,-1.718358,1.989749,-1.258463,0.0,0.0,-0.331990,0.981111,-1.107149,0.0,0.0,-0.551073,1.689249,-1.530406,0.0,0.0,-0.609700,2.276983,-1.758764,0.0,0.0,-0.662065,2.830554,-1.914012,0.0,0.0,0.281002,0.962481,-1.046685,0.0,0.0,0.426221,1.734998,-1.467576,0.0,0.0,0.581450,2.362586,-1.646733,0.0,0.0,0.698105,2.939398,-1.795157,0.0,0.0,0.750960,0.923222,-0.971989,0.0,0.0,1.060311,1.629681,-1.343689,0.0,0.0,1.272025,2.190234,-1.505640,0.0,0.0,1.425274,2.710542,-1.617763,0.0,0.0,1.057371,0.864811,-0.914984,0.0,0.0,1.597048,1.293538,-1.231453,0.0,0.0,1.932968,1.639595,-1.395084,0.0,0.0,2.180967,2.007317,-1.510568,0.0,0.0
record2.mp4,e7f94d8ffdda6840c9b04703cf2b6166921cdbd5be69632bee01bf2c9ebea648,640,480,12.02,736,61.25,194,16166,Left,0.912665,0.000000,0.000000,0.000000,0.0,0.0,-0.600376,0.400475,-0.476918,0.0,0.0,-1.021290,0.897976,-0.863328,0.0,0.0,-1.346537,1.404999,-1.157363,0.0,0.0,-1.646949,1.821379,-1.462728,0.0,0.0,-0.302824,1.015851,-1.258621,0.0,0.0,-0.494038,1.703243,-1.759181,0.0,0.0,-0.546894,2.227654,-2.036393,0.0,0.0,-0.606276,2.715955,-2.222428,0.0,0.0,0.296906,0.987276,-1.185464,0.0,0.0,0.434600,1.643102,-1.719601,0.0,0.0,0.559283,2.187295,-1.974942,0.0,0.0,0.638344,2.685369,-2.174111,0.0,0.0,0.754022,0.932610,-1.096530,0.0,0.0,1.023501,1.521944,-1.554160,0.0,0.0,1.192830,2.028772,-1.768206,0.0,0.0,1.298766,2.494503,-1.915853,0.0,0.0,1.055027,0.848711,-1.025126,0.0,0.0,1.543076,1.227400,-1.404425,0.0,0.0,1.842258,1.540372,-1.613989,0.0,0.0,2.066450,1.880781,-1.763587,0.0,0.0
record2.mp4,e7f94d8ffdda6840c9b04703cf2b6166921cdbd5be69632bee01bf2c9ebea648,640,480,12.02,736,61.25,195,16250,Left,0.942842,0.000000,0.000000,0.000000,0.0,0.0,-0.600842,0.405463,-0.479945,0.0,0.0,-1.017064,0.915930,-0.874274,0.0,0.0,-1.352284,1.431239,-1.169244,0.0,0.0,-1.654855,1.840728,-1.476300,0.0,0.0,-0.312700,1.019619,-1.316389,0.0,0.0,-0.493502,1.713917,-1.822751,0.0,0.0,-0.532057,2.231801,-2.094872,0.0,0.0,-0.573830,2.703861,-2.275304,0.0,0.0,0.287983,0.987959,-1.235129,0.0,0.0,0.423715,1.663161,-1.781470,0.0,0.0,0.545746,2.209147,-2.035533,0.0,0.0,0.623470,2.685604,-2.233096,0.0,0.0,0.745744,0.931011,-1.132908,0.0,0.0,1.018422,1.530296,-1.602335,0.0,0.0,1.196143,2.036424,-1.827363,0.0,0.0,1.311224,2.482795,-1.981196,0.0,0.0,1.048932,0.851676,-1.044352,0.0,0.0,1.527242,1.247818,-1.432936,0.0,0.0,1.828047,1.561060,-1.654138,0.0,0.0,2.060044,1.889963,-1.813436,0.0,0.0
record2.mp4,e7f94d8ffdda6840c9b04703cf2b6166921cdbd5be69632bee01bf2c9ebea648,640,480,12.02,736,61.25,196,16333,Left,0.947733,0.000000,0.000000,0.000000,0.0,0.0,-0.582063,0.397491,-0.447625,0.0,0.0,-0.975046,0.882968,-0.826041,0.0,0.0,-1.306506,1.392278,-1.112028,0.0,0.0,-1.610949,1.795827,-1.409305,0.0,0.0,-0.299912,1.039342,-1.244547,0.0,0.0,-0.470040,1.700315,-1.728109,0.0,0.0,-0.504992,2.193999,-1.986676,0.0,0.0,-0.545901,2.634735,-2.157620,0.0,0.0,0.294468,1.015114,-1.173950,0.0,0.0,0.438273,1.672049,-1.694522,0.0,0.0,0.560729,2.195470,-1.927063,0.0,0.0,0.633071,2.635381,-2.107075,0.0,0.0,0.744824,0.946036,-1.084192,0.0,0.0,1.018475,1.532954,-1.532458,0.0,0.0,1.197635,2.022775,-1.740778,0.0,0.0,1.312440,2.446827,-1.882525,0.0,0.0,1.036369,0.840145,-1.005898,0.0,0.0,1.503316,1.216735,-1.377872,0.0,0.0,1.792194,1.521809,-1.584611,0.0,0.0,2.014783,1.837616,-1.731426,0.0,0.0
record2.mp4,e7f94d8ffdda6840c9b04703cf2b6166921cdbd5be69632bee01bf2c9ebea648,640,480,12.02,736,61.25,197,16416,Left,0.945549,0.000000,0.000000,0.000000,0.0,0.0,-0.598011,0.405805,-0.473148,0.0,0.0,-0.994200,0.900663,-0.870296,0.0,0.0,-1.330450,1.419908,-1.169575,0.0,0.0,-1.638665,1.835181,-1.478014,0.0,0.0,-0.309668,1.030567,-1.317498,0.0,0.0,-0.485693,1.722811,-1.830938,0.0,0.0,-0.519612,2.235063,-2.101811,0.0,0.0,-0.559417,2.696824,-2.277416,0.0,0.0,0.293088,0.997596,-1.239193,0.0,0.0,0.439426,1.667407,-1.801602,0.0,0.0,0.570713,2.230592,-2.052795,0.0,0.0,0.651534,2.716557,-2.243081,0.0,0.0,0.746991,0.928002,-1.139613,0.0,0.0,1.015512,1.508925,-1.619265,0.0,0.0,1.200309,2.038694,-1.841113,0.0,0.0,1.322815,2.514678,-1.987030,0.0,0.0,1.047158,0.830123,-1.052110,0.0,0.0,1.520002,1.222125,-1.443516,0.0,0.0,1.813357,1.539979,-1.659453,0.0,0.0,2.041349,1.876439,-1.810556,0.0,0.0
record2.mp4,e7f94d8ffdda6840c9b04703cf2b6166921cdbd5be69632bee01bf2c9ebea648,640,480,12.02,736,61.25,198,16500,Left,0.959257,0.000000,0.000000,0.000000,0.0,0.0,-0.597877,0.374553,-0.441724,0.0,0.0,-1.022305,0.893666,-0.816815,0.0,0.0,-1.372277,1.418330,-1.103685,0.0,0.0,-1.693547,1.833938,-1.408895,0.0,0.0,-0.337989,1.010411,-1.244579,0.0,0.0,-0.533780,1.645132,-1.740921,0.0,0.0,-0.577035,2.160410,-2.022961,0.0,0.0,-0.628262,2.633118,-2.215457,0.0,0.0,0.268971,0.984384,-1.184696,0.0,0.0,0.437297,1.612414,-1.688290,0.0,0.0,0.582382,2.142332,-1.925568,0.0,0.0,0.679391,2.613465,-2.119553,0.0,0.0,0.741099,0.918610,-1.106150,0.0,0.0,1.054609,1.541769,-1.550027,0.0,0.0,1.255582,2.055077,-1.765466,0.0,0.0,1.388650,2.522523,-1.919367,0.0,0.0,1.050803,0.807169,-1.038019,0.0,0.0,1.547163,1.201225,-1.408108,0.0,0.0,1.863731,1.517117,-1.609697,0.0,0.0,2.103607,1.841805,-1.756531,0.0,0.0
record2.mp4,e7f94d8ffdda6840c9b04703cf2b6166921cdbd5be69632bee01bf2c9ebea648,640,480,12.02,736,61.25,199,16583,Left,0.961635,0.000000,0.000000,0.000000,0.0,0.0,-0.604862,0.360119,-0.472963,0.0,0.0,-1.035177,0.938953,-0.859346,0.0,0.0,-1.403792,1.488883,-1.156853,0.0,0.0,-1.772856,1.893609,-1.475176,0.0,0.0,-0.368477,0.946164,-1.275829,0.0,0.0,-0.541483,1.565662,-1.744061,0.0,0.0,-0.594067,2.072491,-2.005271,0.0,0.0,-0.649470,2.597068,-2.197403,0.0,0.0,0.265630,0.904433,-1.203022,0.0,0.0,0.414438,1.463771,-1.677116,0.0,0.0,0.595272,1.963092,-1.899131,0.0,0.0,0.735363,2.477892,-2.100058,0.0,0.0,0.759265,0.869662,-1.114690,0.0,0.0,1.074733,1.469841,-1.541365,0.0,0.0,1.356156,2.032101,-1.757814,0.0,0.0,1.573924,2.587072,-1.927689,0.0,0.0,1.090506,0.804361,-1.042575,0.0,0.0,1.597514,1.252370,-1.409461,0.0,0.0,1.945329,1.594840,-1.621036,0.0,0.0,2.219774,1.964578,-1.786787,0.0,0.0
record2.mp4,e7f94d8ffdda6840c9b04703cf2b6166921cdbd5be69632bee01bf2c9ebea648,640,480,12.02,736,61.25,200,16666,Left,0.920987,0.000000,0.000000,0.000000,0.0,0.0,-0.594730,0.361452,-0.497762,0.0,0.0,-1.010466,0.903529,-0.907787,0.0,0.0,-1.367625,1.439546,-1.227954,0.0,0.0,-1.721073,1.834290,-1.571350,0.0,0.0,-0.339295,0.910881,-1.294832,0.0,0.0,-0.526336,1.497283,-1.779426,0.0,0.0,-0.604469,1.972815,-2.057890,0.0,0.0,-0.673869,2.459815,-2.261396,0.0,0.0,0.284205,0.891916,-1.216362,0.0,0.0,0.419374,1.423554,-1.673420,0.0,0.0,0.568443,1.848508,-1.878730,0.0,0.0,0.683359,2.272792,-2.067961,0.0,0.0,0.782132,0.878112,-1.128596,0.0,0.0,1.091346,1.530758,-1.555052,0.0,0.0,1.383612,2.068136,-1.769867,0.0,0.0,1.625899,2.596292,-1.943092,0.0,0.0,1.111931,0.836937,-1.056217,0.0,0.0,1.619642,1.267794,-1.430094,0.0,0.0,1.978459,1.578462,-1.635404,0.0,0.0,2.268819,1.919014,-1.796178,0.0,0.0
record2.mp4,e7f94d8ffdda6840c9b04703cf2b6166921cdbd5be69632bee01bf2c9ebea648,640,480,12.02,736,61.25,201,16750,Left,0.908062,0.000000,0.000000,0.000000,0.0,0.0,-0.627245,0.360694,-0.465881,0.0,0.0,-1.049994,0.911137,-0.866258,0.0,0.0,-1.424871,1.438611,-1.182109,0.0,0.0,-1.823753,1.809493,-1.513839,0.0,0.0,-0.393475,0.892805,-1.259395,0.0,0.0,-0.564934,1.457499,-1.732605,0.0,0.0,-0.663247,1.885842,-1.992545,0.0,0.0,-0.736094,2.348084,-2.179415,0.0,0.0,0.247006,0.876412,-1.188991,0.0,0.0,0.368253,1.363845,-1.616765,0.0,0.0,0.504643,1.729953,-1.783794,0.0,0.0,0.614783,2.122117,-1.947591,0.0,0.0,0.762046,0.858426,-1.110022,0.0,0.0,1.051022,1.445813,-1.526605,0.0,0.0,1.360251,1.980296,-1.727793,0.0,0.0,1.625911,2.528866,-1.888651,0.0,0.0,1.098895,0.818511,-1.043381,0.0,0.0,1.612192,1.247484,-1.407289,0.0,0.0,1.985241,1.572318,-1.604908,0.0,0.0,2.288100,1.941114,-1.760464,0.0,0.0
record2.mp4,e7f94d8ffdda6840c9b04703cf2b6166921cdbd5be69632bee01bf2c9ebea648,640,480,12.02,736,61.25,202,16833,Left,0.921202,0.000000,0.000000,0.000000,0.0,0.0,-0.634721,0.381914,-0.474027,0.0,0.0,-1.075651,0.950586,-0.840250,0.0,0.0,-1.403776,1.493557,-1.120496,0.0,0.0,-1.717448,1.897219,-1.416763,0.0,0.0,-0.343450,0.924393,-1.194093,0.0,0.0,-0.560900,1.579553,-1.653861,0.0,0.0,-0.660305,2.119759,-1.914403,0.0,0.0,-0.757422,2.664283,-2.101518,0.0,0.0,0.280808,0.914221,-1.128571,0.0,0.0,0.467987,1.574866,-1.576462,0.0,0.0,0.621994,2.131767,-1.781104,0.0,0.0,0.726022,2.697659,-1.959377,0.0,0.0,0.768334,0.906287,-1.055595,0.0,0.0,1.109539,1.569276,-1.461746,0.0,0.0,1.346867,2.139947,-1.660816,0.0,0.0,1.521358,2.707111,-1.810868,0.0,0.0,1.082164,0.876669,-1.004148,0.0,0.0,1.611524,1.320073,-1.352578,0.0,0.0,1.962656,1.642673,-1.543270,0.0,0.0,2.226368,2.004358,-1.688052,0.0,0.0
record2.mp4,e7f94d8ffdda6840c9b04703cf2b6166921cdbd5be69632bee01bf2c9ebea648,640,480,12.02,736,61.25,203,16916,Left,0.944544,0.000000,0.000000,0.000000,0.0,0.0,-0.589827,0.398668,-0.441402,0.0,0.0,-0.976729,0.889268,-0.795757,0.0,0.0,-1.265853,1.385941,-1.064689,0.0,0.0,-1.566263,1.791268,-1.342673,0.0,0.0,-0.303052,1.040616,-1.114846,0.0,0.0,-0.516098,1.708631,-1.582654,0.0,0.0,-0.590713,2.221783,-1.854562,0.0,0.0,-0.659181,2.680408,-2.033668,0.0,0.0,0.279718,1.015067,-1.041694,0.0,0.0,0.396913,1.670724,-1.497648,0.0,0.0,0.497906,2.200867,-1.719344,0.0,0.0,0.565182,2.664091,-1.895038,0.0,0.0,0.726563,0.962570,-0.960926,0.0,0.0,1.000920,1.562965,-1.362347,0.0,0.0,1.161728,2.049003,-1.562695,0.0,0.0,1.263088,2.486858,-1.701486,0.0,0.0,1.025689,0.884242,-0.897121,0.0,0.0,1.488333,1.261431,-1.235687,0.0,0.0,1.787152,1.555945,-1.425973,0.0,0.0,2.007789,1.872860,-1.559586,0.0,0.0
record2.mp4,e7f94d8ffdda6840c9b04703cf2b6166921cdbd5be69632bee01bf2c9ebea648,640,480,12.02,736,61.25,204,17000,Left,0.937293,0.000000,0.000000,0.000000,0.0,0.0,-0.609316,0.395510,-0.450600,0.0,0.0,-1.003380,0.892737,-0.811601,0.0,0.0,-1.301983,1.417677,-1.083932,0.0,0.0,-1.628125,1.827118,-1.365893,0.0,0.0,-0.326799,1.035730,-1.161615,0.0,0.0,-0.520140,1.711098,-1.626141,0.0,0.0,-0.570975,2.218818,-1.882543,0.0,0.0,-0.617918,2.686087,-2.054671,0.0,0.0,0.267135,1.011277,-1.090281,0.0,0.0,0.393568,1.659095,-1.577892,0.0,0.0,0.513494,2.192232,-1.804452,0.0,0.0,0.597661,2.663021,-1.981076,0.0,0.0,0.721591,0.944186,-1.007129,0.0,0.0,0.975893,1.509471,-1.428741,0.0,0.0,1.138391,2.015804,-1.622364,0.0,0.0,1.254077,2.477717,-1.755095,0.0,0.0,1.027748,0.849289,-0.941631,0.0,0.0,1.485147,1.241785,-1.296973,0.0,0.0,1.774546,1.553718,-1.490444,0.0,0.0,1.999405,1.890524,-1.625928,0.0,0.0
record2.mp4,e7f94d8ffdda6840c9b04703cf2b6166921cdbd5be69632bee01bf2c9ebea648,640,480,12.02,736,61.25,205,17083,Left,0.944259,0.000000,0.000000,0.000000,0.0,0.0,-0.629269,0.377858,-0.506083,0.0,0.0,-1.062815,0.905017,-0.895719,0.0,0.0,-1.382839,1.446297,-1.185508,0.0,0.0,-1.703579,1.878637,-1.484649,0.0,0.0,-0.364017,0.972221,-1.288434,0.0,0.0,-0.561402,1.680539,-1.793614,0.0,0.0,-0.620921,2.231843,-2.074044,0.0,0.0,-0.679584,2.747498,-2.262863,0.0,0.0,0.257972,0.950447,-1.202498,0.0,0.0,0.410349,1.630680,-1.738634,0.0,0.0,0.528817,2.208941,-1.994991,0.0,0.0,0.610020,2.741226,-2.195576,0.0,0.0,0.731209,0.911177,-1.102259,0.0,0.0,1.002281,1.497530,-1.561488,0.0,0.0,1.161208,2.034717,-1.774472,0.0,0.0,1.272072,2.535323,-1.920057,0.0,0.0,1.055062,0.851220,-1.023357,0.0,0.0,1.537184,1.269839,-1.401532,0.0,0.0,1.837882,1.594041,-1.605693,0.0,0.0,2.068809,1.942143,-1.751076,0.0,0.0
record2.mp4,e7f94d8ffdda6840c9b04703cf2b6166921cdbd5be69632bee01bf2c9ebea648,640,480,12.02,736,61.25,206,17166,Left,0.906339,0.000000,0.000000,0.000000,0.0,0.0,-0.608574,0.392119,-0.467558,0.0,0.0,-1.018767,0.895580,-0.836499,0.0,0.0,-1.324907,1.422561,-1.114472,0.0,0.0,-1.630788,1.839294,-1.401935,0.0,0.0,-0.319017,1.021564,-1.207397,0.0,0.0,-0.509026,1.710559,-1.689658,0.0,0.0,-0.573817,2.229780,-1.957466,0.0,0.0,-0.640532,2.719872,-2.138473,0.0,0.0,0.285723,0.995320,-1.131883,0.0,0.0,0.409281,1.637714,-1.659717,0.0,0.0,0.516537,2.175328,-1.912523,0.0,0.0,0.586398,2.673783,-2.105528,0.0,0.0,0.739656,0.942501,-1.041714,0.0,0.0,0.992227,1.501765,-1.492777,0.0,0.0,1.154002,1.999847,-1.697328,0.0,0.0,1.262556,2.464277,-1.834389,0.0,0.0,1.035487,0.863823,-0.969849,0.0,0.0,1.506398,1.253451,-1.340526,0.0,0.0,1.801377,1.557837,-1.538267,0.0,0.0,2.032647,1.890346,-1.676009,0.0,0.0
record2.mp4,e7f94d8ffdda6840c9b04703cf2b6166921cdbd5be69632bee01bf2c9ebea648,640,480,12.02,736,61.25,207,17250,Left,0.923143,0.000000,0.000000,0.000000,0.0,0.0,-0.597917,0.408333,-0.396957,0.0,0.0,-1.011332,0.937465,-0.720858,0.0,0.0,-1.304708,1.463066,-0.962794,0.0,0.0,-1.610888,1.842704,-1.215384,0.0,0.0,-0.308608,1.080079,-1.091000,0.0,0.0,-0.485821,1.757086,-1.527456,0.0,0.0,-0.548831,2.244870,-1.771342,0.0,0.0,-0.612314,2.698664,-1.937487,0.0,0.0,0.276119,1.047147,-1.035557,0.0,0.0,0.409107,1.702984,-1.502572,0.0,0.0,0.525557,2.215667,-1.731058,0.0,0.0,0.610429,2.679781,-1.910411,0.0,0.0,0.712942,0.974308,-0.962074,0.0,0.0,0.979363,1.554900,-1.367179,0.0,0.0,1.149060,2.030751,-1.560697,0.0,0.0,1.267312,2.462904,-1.694228,0.0,0.0,0.992460,0.870862,-0.900857,0.0,0.0,1.461002,1.256259,-1.241388,0.0,0.0,1.763175,1.541860,-1.426489,0.0,0.0,2.007391,1.855396,-1.556031,0.0,0.0
record2.mp4,e7f94d8ffdda6840c9b04703cf2b6166921cdbd5be69632bee01bf2c9ebea648,640,480,12.02,736,61.25,208,17333,Left,0.883291,0.000000,0.000000,0.000000,0.0,0.0,-0.600587,0.385725,-0.408601,0.0,0.0,-1.023080,0.870882,-0.741482,0.0,0.0,-1.304170,1.371536,-0.995332,0.0,0.0,-1.572171,1.751802,-1.256295,0.0,0.0,-0.313159,1.086300,-1.075346,0.0,0.0,-0.474847,1.728757,-1.505542,0.0,0.0,-0.527150,2.177869,-1.742557,0.0,0.0,-0.587331,2.600556,-1.905693,0.0,0.0,0.278752,1.053538,-1.025248,0.0,0.0,0.412508,1.659888,-1.525070,0.0,0.0,0.526440,2.145674,-1.780475,0.0,0.0,0.604175,2.593997,-1.973909,0.0,0.0,0.714007,0.964595,-0.957023,0.0,0.0,0.978281,1.496645,-1.387366,0.0,0.0,1.148667,1.952350,-1.587691,0.0,0.0,1.263236,2.378949,-1.721806,0.0,0.0,0.992616,0.835076,-0.901048,0.0,0.0,1.456154,1.207552,-1.252697,0.0,0.0,1.750998,1.482476,-1.436150,0.0,0.0,2.002417,1.790936,-1.563154,0.0,0.0
record2.mp4,e7f94d8ffdda6840c9b04703cf2b6166921cdbd5be69632bee01bf2c9ebea648,640,480,12.02,736,61.25,209,17416,Left,0.876144,0.000000,0.000000,0.000000,0.0,0.0,-0.587058,0.399249,-0.394677,0.0,0.0,-0.979818,0.864288,-0.723445,0.0,0.0,-1.255960,1.346739,-0.974383,0.0,0.0,-1.516943,1.697662,-1.234801,0.0,0.0,-0.276483,1.115797,-1.054717,0.0,0.0,-0.432873,1.717132,-1.474580,0.0,0.0,-0.482371,2.146170,-1.704248,0.0,0.0,-0.546484,2.523865,-1.859473,0.0,0.0,0.301741,1.081220,-1.003274,0.0,0.0,0.434683,1.690179,-1.482501,0.0,0.0,0.527610,2.160467,-1.714601,0.0,0.0,0.569645,2.552334,-1.890465,0.0,0.0,0.725519,0.972136,-0.935305,0.0,0.0,0.993226,1.506178,-1.347575,0.0,0.0,1.170228,1.941866,-1.541900,0.0,0.0,1.274691,2.325084,-1.674542,0.0,0.0,0.987254,0.815582,-0.877088,0.0,0.0,1.445143,1.167684,-1.225053,0.0,0.0,1.738417,1.437562,-1.416848,0.0,0.0,1.983235,1.733677,-1.551071,0.0,0.0
record2.mp4,e7f94d8ffdda6840c9b04703cf2b6166921cdbd5be69632bee01bf2c9ebea648,640,480,12.02,736,61.25,210,17500,Left,0.898247,0.000000,0.000000,0.000000,0.0,0.0,-0.552447,0.417117,-0.315879,0.0,0.0,-0.915825,0.860330,-0.614037,0.0,0.0,-1.188948,1.319941,-0.840509,0.0,0.0,-1.447479,1.664918,-1.076041,0.0,0.0,-0.259978,1.151848,-1.010288,0.0,0.0,-0.415536,1.778958,-1.414056,0.0,0.0,-0.446910,2.178608,-1.617765,0.0,0.0,-0.487962,2.477603,-1.741993,0.0,0.0,0.303825,1.109783,-0.977316,0.0,0.0,0.456520,1.796928,-1.407674,0.0,0.0,0.548959,2.224411,-1.584602,0.0,0.0,0.576311,2.500451,-1.712712,0.0,0.0,0.718490,0.979238,-0.921596,0.0,0.0,1.004850,1.579558,-1.297336,0.0,0.0,1.177740,1.987908,-1.462176,0.0,0.0,1.261448,2.269118,-1.567223,0.0,0.0,0.967784,0.791999,-0.864400,0.0,0.0,1.432631,1.146220,-1.185261,0.0,0.0,1.720009,1.417955,-1.355872,0.0,0.0,1.938617,1.676701,-1.466547,0.0,0.0
record2.mp4,e7f94d8ffdda6840c9b04703cf2b6166921cdbd5be69632bee01bf2c9ebea648,640,480,12.02,736,61.25,211,17583,Left,0.914945,0.000000,0.000000,0.000000,0.0,0.0,-0.564621,0.411458,-0.323409,0.0,0.0,-0.946596,0.858623,-0.620131,0.0,0.0,-1.235923,1.324892,-0.848218,0.0,0.0,-1.491474,1.690750,-1.083846,0.0,0.0,-0.321606,1.114028,-1.002819,0.0,0.0,-0.473916,1.733369,-1.403970,0.0,0.0,-0.489038,2.162956,-1.611434,0.0,0.0,-0.514445,2.535169,-1.747382,0.0,0.0,0.261892,1.061153,-0.968622,0.0,0.0,0.403227,1.686806,-1.429786,0.0,0.0,0.531550,2.149388,-1.630460,0.0,0.0,0.607375,2.516397,-1.780202,0.0,0.0,0.703353,0.941433,-0.911419,0.0,0.0,0.981523,1.515114,-1.307381,0.0,0.0,1.168285,1.954611,-1.470970,0.0,0.0,1.283971,2.315691,-1.575175,0.0,0.0,0.989966,0.778148,-0.856252,0.0,0.0,1.456310,1.152544,-1.184924,0.0,0.0,1.731490,1.434267,-1.351441,0.0,0.0,1.954670,1.721892,-1.461340,0.0,0.0
record2.mp4,e7f94d8ffdda6840c9b04703cf2b6166921cdbd5be69632bee01bf2c9ebea648,640,480,12.02,736,61.25,212,17666,Left,0.94921,0.000000,0.000000,0.000000,0.0,0.0,-0.568237,0.411597,-0.346798,0.0,0.0,-0.949822,0.863705,-0.655051,0.0,0.0,-1.236617,1.359639,-0.883454,0.0,0.0,-1.490998,1.754505,-1.118022,0.0,0.0,-0.307233,1.099296,-1.075708,0.0,0.0,-0.481983,1.726745,-1.505072,0.0,0.0,-0.497963,2.195099,-1.728055,0.0,0.0,-0.527094,2.573054,-1.867903,0.0,0.0,0.276414,1.053068,-1.026095,0.0,0.0,0.443642,1.723385,-1.496169,0.0,0.0,0.561391,2.228501,-1.687634,0.0,0.0,0.610497,2.591602,-1.830760,0.0,0.0,0.715713,0.941866,-0.953283,0.0,0.0,1.004749,1.530250,-1.356744,0.0,0.0,1.193372,1.993594,-1.514353,0.0,0.0,1.292528,2.356000,-1.613744,0.0,0.0,1.006913,0.783473,-0.883214,0.0,0.0,1.481566,1.171011,-1.221564,0.0,0.0,1.763239,1.478728,-1.390276,0.0,0.0,1.974563,1.783068,-1.499861,0.0,0.0
record2.mp4,e7f94d8ffdda6840c9b04703cf2b6166921cdbd5be69632bee01bf2c9ebea648,640,480,12.02,736,61.25,213,17750,Left,0.806024,0.000000,0.000000,0.000000,0.0,0.0,-0.586862,0.383376,-0.440105,0.0,0.0,-0.994247,0.890292,-0.787053,0.0,0.0,-1.318695,1.431837,-1.052739,0.0,0.0,-1.611703,1.864824,-1.328384,0.0,0.0,-0.348053,1.031895,-1.155617,0.0,0.0,-0.525089,1.739850,-1.621522,0.0,0.0,-0.555136,2.253995,-1.867088,0.0,0.0,-0.591140,2.717369,-2.027604,0.0,0.0,0.253176,0.995073,-1.096122,0.0,0.0,0.403645,1.666047,-1.635457,0.0,0.0,0.528105,2.232135,-1.882025,0.0,0.0,0.604519,2.722245,-2.062007,0.0,0.0,0.719591,0.902160,-1.021148,0.0,0.0,1.007008,1.496306,-1.477271,0.0,0.0,1.186053,2.024257,-1.662441,0.0,0.0,1.295952,2.494967,-1.776711,0.0,0.0,1.050326,0.758984,-0.961741,0.0,0.0,1.528385,1.203181,-1.325080,0.0,0.0,1.801226,1.555144,-1.504004,0.0,0.0,2.009738,1.917206,-1.624460,0.0,0.0
record2.mp4,e7f94d8ffdda6840c9b04703cf2b6166921cdbd5be69632bee01bf2c9ebea648,640,480,12.02,736,61.25,214,17833,Left,0.924321,0.000000,0.000000,0.000000,0.0,0.0,-0.582278,0.424653,-0.453037,0.0,0.0,-0.984116,0.965111,-0.808521,0.0,0.0,-1.284673,1.501443,-1.078450,0.0,0.0,-1.595045,1.918678,-1.361283,0.0,0.0,-0.352984,1.037617,-1.184503,0.0,0.0,-0.539429,1.773460,-1.648695,0.0,0.0,-0.587415,2.325957,-1.894690,0.0,0.0,-0.646892,2.821756,-2.057806,0.0,0.0,0.237735,0.986688,-1.116984,0.0,0.0,0.362467,1.669646,-1.649495,0.0,0.0,0.489517,2.266713,-1.901449,0.0,0.0,0.567472,2.781348,-2.090708,0.0,0.0,0.703887,0.898786,-1.031924,0.0,0.0,0.950640,1.520409,-1.479865,0.0,0.0,1.132563,2.079983,-1.671069,0.0,0.0,1.248630,2.572564,-1.795487,0.0,0.0,1.051293,0.782531,-0.963555,0.0,0.0,1.506457,1.247537,-1.338091,0.0,0.0,1.766912,1.617627,-1.534668,0.0,0.0,1.960453,1.992343,-1.668160,0.0,0.0
record2.mp4,e7f94d8ffdda6840c9b04703cf2b6166921cdbd5be69632bee01bf2c9ebea648,640,480,12.02,736,61.25,215,17916,Left,0.966089,0.000000,0.000000,0.000000,0.0,0.0,-0.623030,0.442425,-0.438635,0.0,0.0,-1.078905,1.063500,-0.787852,0.0,0.0,-1.375647,1.659724,-1.046608,0.0,0.0,-1.733612,2.063076,-1.319638,0.0,0.0,-0.434328,1.027873,-1.247978,0.0,0.0,-0.614626,1.851647,-1.722908,0.0,0.0,-0.681156,2.444052,-1.957599,0.0,0.0,-0.751202,2.975922,-2.105800,0.0,0.0,0.179786,0.959696,-1.182360,0.0,0.0,0.296039,1.737124,-1.704183,0.0,0.0,0.408885,2.379897,-1.923910,0.0,0.0,0.478162,2.932722,-2.087918,0.0,0.0,0.661784,0.886606,-1.095726,0.0,0.0,0.894431,1.564905,-1.539128,0.0,0.0,1.051101,2.179464,-1.728398,0.0,0.0,1.149500,2.721817,-1.847514,0.0,0.0,1.013692,0.810397,-1.023152,0.0,0.0,1.436348,1.346171,-1.393585,0.0,0.0,1.688842,1.738580,-1.588521,0.0,0.0,1.879774,2.132821,-1.718458,0.0,0.0
record2.mp4,e7f94d8ffdda6840c9b04703cf2b6166921cdbd5be69632bee01bf2c9ebea648,640,480,12.02,736,61.25,216,18000,Left,0.953001,0.000000,0.000000,0.000000,0.0,0.0,-0.602998,0.469305,-0.411623,0.0,0.0,-1.053065,1.131790,-0.758273,0.0,0.0,-1.349938,1.757704,-1.020668,0.0,0.0,-1.737311,2.194343,-1.299000,0.0,0.0,-0.442498,1.025225,-1.249689,0.0,0.0,-0.589441,1.900470,-1.752310,0.0,0.0,-0.635035,2.527263,-2.002949,0.0,0.0,-0.687533,3.104236,-2.161719,0.0,0.0,0.165678,0.949024,-1.212327,0.0,0.0,0.291875,1.799407,-1.768494,0.0,0.0,0.395434,2.499067,-2.010162,0.0,0.0,0.474160,3.120446,-2.188700,0.0,0.0,0.655307,0.877397,-1.152844,0.0,0.0,0.917393,1.618512,-1.636559,0.0,0.0,1.077011,2.271415,-1.841435,0.0,0.0,1.192952,2.849680,-1.964843,0.0,0.0,1.016656,0.814633,-1.102826,0.0,0.0,1.432438,1.432733,-1.508044,0.0,0.0,1.697607,1.857484,-1.713061,0.0,0.0,1.934087,2.265152,-1.847732,0.0,0.0
record2.mp4,e7f94d8ffdda6840c9b04703cf2b6166921cdbd5be69632bee01bf2c9ebea648,640,480,12.02,736,61.25,217,18083,Left,0.959285,0.000000,0.000000,0.000000,0.0,0.0,-0.611600,0.483268,-0.454562,0.0,0.0,-1.100685,1.171926,-0.848639,0.0,0.0,-1.416168,1.831254,-1.142796,0.0,0.0,-1.838112,2.286339,-1.455780,0.0,0.0,-0.506394,1.015739,-1.437856,0.0,0.0,-0.623180,1.946228,-2.021485,0.0,0.0,-0.658700,2.649404,-2.318132,0.0,0.0,-0.703826,3.273511,-2.497616,0.0,0.0,0.120273,0.890808,-1.392809,0.0,0.0,0.290180,1.832419,-2.008639,0.0,0.0,0.407854,2.620907,-2.268130,0.0,0.0,0.496966,3.308959,-2.456090,0.0,0.0,0.630917,0.810226,-1.322712,0.0,0.0,0.957281,1.649079,-1.851577,0.0,0.0,1.149635,2.386873,-2.072572,0.0,0.0,1.271426,3.026372,-2.201822,0.0,0.0,1.020326,0.765022,-1.262008,0.0,0.0,1.455864,1.456864,-1.694684,0.0,0.0,1.742697,1.948099,-1.913125,0.0,0.0,1.986768,2.411307,-2.055358,0.0,0.0
record2.mp4,e7f94d8ffdda6840c9b04703cf2b6166921cdbd5be69632bee01bf2c9ebea648,640,480,12.02,736,61.25,218,18166,Left,0.972116,0.000000,0.000000,0.000000,0.0,0.0,-0.611413,0.476327,-0.460896,0.0,0.0,-1.121929,1.166227,-0.855093,0.0,0.0,-1.456647,1.811105,-1.148573,0.0,0.0,-1.888789,2.276356,-1.465548,0.0,0.0,-0.528498,1.013321,-1.456193,0.0,0.0,-0.646624,1.923495,-2.026712,0.0,0.0,-0.686150,2.618391,-2.322298,0.0,0.0,-0.738055,3.241663,-2.507317,0.0,0.0,0.101790,0.860618,-1.408838,0.0,0.0,0.278571,1.777868,-2.014748,0.0,0.0,0.396627,2.571465,-2.288230,0.0,0.0,0.477087,3.267861,-2.499169,0.0,0.0,0.620748,0.768267,-1.334620,0.0,0.0,0.927505,1.598951,-1.844767,0.0,0.0,1.101233,2.340252,-2.073214,0.0,0.0,1.195155,2.969541,-2.219480,0.0,0.0,1.030607,0.721502,-1.271423,0.0,0.0,1.458862,1.427025,-1.692953,0.0,0.0,1.753914,1.930684,-1.920681,0.0,0.0,2.003911,2.389487,-2.077146,0.0,0.0
record2.mp4,e7f94d8ffdda6840c9b04703cf2b6166921cdbd5be69632bee01bf2c9ebea648,640,480,12.02,736,61.25,219,18250,Left,0.97238,0.000000,0.000000,0.000000,0.0,0.0,-0.620575,0.474881,-0.468071,0.0,0.0,-1.127155,1.137921,-0.863191,0.0,0.0,-1.463814,1.767012,-1.155365,0.0,0.0,-1.874100,2.231592,-1.467961,0.0,0.0,-0.500267,1.003882,-1.461278,0.0,0.0,-0.636701,1.893743,-2.027129,0.0,0.0,-0.686103,2.576721,-2.319398,0.0,0.0,-0.750706,3.195815,-2.505269,0.0,0.0,0.138364,0.857944,-1.407039,0.0,0.0,0.295930,1.731888,-2.031000,0.0,0.0,0.397986,2.507472,-2.313301,0.0,0.0,0.462164,3.190630,-2.529707,0.0,0.0,0.653212,0.770249,-1.324485,0.0,0.0,0.956854,1.565239,-1.846570,0.0,0.0,1.125584,2.298189,-2.072960,0.0,0.0,1.212995,2.927977,-2.218407,0.0,0.0,1.049427,0.724472,-1.253595,0.0,0.0,1.503213,1.399306,-1.686058,0.0,0.0,1.800619,1.888502,-1.916720,0.0,0.0,2.052103,2.346356,-2.074416,0.0,0.0
record2.mp4,e7f94d8ffdda6840c9b04703cf2b6166921cdbd5be69632bee01bf2c9ebea648,640,480,12.02,736,61.25,220,18333,Left,0.952329,0.000000,0.000000,0.000000,0.0,0.0,-0.636608,0.452119,-0.484169,0.0,0.0,-1.132218,1.051785,-0.888834,0.0,0.0,-1.473181,1.644597,-1.195342,0.0,0.0,-1.845145,2.105307,-1.519154,0.0,0.0,-0.491011,1.021769,-1.412521,0.0,0.0,-0.668346,1.858421,-1.979984,0.0,0.0,-0.717965,2.515337,-2.274548,0.0,0.0,-0.774791,3.113910,-2.460690,0.0,0.0,0.145894,0.916390,-1.354722,0.0,0.0,0.275729,1.746804,-1.997263,0.0,0.0,0.374888,2.476459,-2.289856,0.0,0.0,0.441352,3.131426,-2.503409,0.0,0.0,0.644695,0.830306,-1.272738,0.0,0.0,0.930673,1.551462,-1.812483,0.0,0.0,1.108927,2.235300,-2.037497,0.0,0.0,1.213614,2.843124,-2.174978,0.0,0.0,1.012806,0.762346,-1.204990,0.0,0.0,1.451574,1.365916,-1.650916,0.0,0.0,1.735034,1.815828,-1.878695,0.0,0.0,1.983525,2.255806,-2.029203,0.0,0.0
record2.mp4,e7f94d8ffdda6840c9b04703cf2b6166921cdbd5be69632bee01bf2c9ebea648,640,480,12.02,736,61.25,221,18416,Left,0.958258,0.000000,0.000000,0.000000,0.0,0.0,-0.637132,0.447540,-0.462025,0.0,0.0,-1.116704,1.008401,-0.848100,0.0,0.0,-1.452222,1.547480,-1.142420,0.0,0.0,-1.798999,1.976641,-1.452646,0.0,0.0,-0.461890,1.021160,-1.323178,0.0,0.0,-0.627609,1.797747,-1.859494,0.0,0.0,-0.681851,2.411976,-2.143553,0.0,0.0,-0.751874,2.974786,-2.325338,0.0,0.0,0.169268,0.925733,-1.262663,0.0,0.0,0.284188,1.670399,-1.881574,0.0,0.0,0.385680,2.348880,-2.170150,0.0,0.0,0.449098,2.961401,-2.380829,0.0,0.0,0.659940,0.844776,-1.178888,0.0,0.0,0.925400,1.500615,-1.692054,0.0,0.0,1.091201,2.139377,-1.902028,0.0,0.0,1.182417,2.720905,-2.032875,0.0,0.0,1.023757,0.775687,-1.109877,0.0,0.0,1.460824,1.307617,-1.538013,0.0,0.0,1.732220,1.719962,-1.758297,0.0,0.0,1.965364,2.148544,-1.903817,0.0,0.0
record2.mp4,e7f94d8ffdda6840c9b04703cf2b6166921cdbd5be69632bee01bf2c9ebea648,640,480,12.02,736,61.25,222,18500,Left,0.927301,0.000000,0.000000,0.000000,0.0,0.0,-0.591921,0.426577,-0.420136,0.0,0.0,-1.024217,0.947911,-0.783579,0.0,0.0,-1.374638,1.482290,-1.070417,0.0,0.0,-1.708836,1.912865,-1.374857,0.0,0.0,-0.393512,1.032180,-1.206560,0.0,0.0,-0.568476,1.777096,-1.703715,0.0,0.0,-0.629420,2.327110,-1.971387,0.0,0.0,-0.704567,2.831667,-2.146956,0.0,0.0,0.219051,0.970264,-1.164619,0.0,0.0,0.313160,1.674140,-1.732160,0.0,0.0,0.399829,2.275857,-2.005278,0.0,0.0,0.448683,2.813727,-2.210786,0.0,0.0,0.693869,0.889693,-1.103112,0.0,0.0,0.921910,1.501361,-1.579211,0.0,0.0,1.069058,2.073553,-1.790510,0.0,0.0,1.149373,2.587038,-1.930671,0.0,0.0,1.030995,0.798487,-1.054100,0.0,0.0,1.458850,1.266763,-1.457551,0.0,0.0,1.715824,1.635782,-1.677007,0.0,0.0,1.931774,2.023603,-1.827800,0.0,0.0
record2.mp4,e7f94d8ffdda6840c9b04703cf2b6166921cdbd5be69632bee01bf2c9ebea648,640,480,12.02,736,61.25,223,18583,Left,0.9626,0.000000,0.000000,0.000000,0.0,0.0,-0.618848,0.451896,-0.407437,0.0,0.0,-1.071342,1.007966,-0.768016,0.0,0.0,-1.432768,1.544854,-1.058549,0.0,0.0,-1.783778,1.982447,-1.369335,0.0,0.0,-0.412867,1.030972,-1.191108,0.0,0.0,-0.578443,1.831924,-1.675337,0.0,0.0,-0.641088,2.408729,-1.929281,0.0,0.0,-0.720430,2.949495,-2.095773,0.0,0.0,0.203965,0.941998,-1.165551,0.0,0.0,0.304803,1.690336,-1.704676,0.0,0.0,0.419105,2.323516,-1.955626,0.0,0.0,0.488838,2.888829,-2.150531,0.0,0.0,0.692187,0.833377,-1.121208,0.0,0.0,0.930447,1.502178,-1.578462,0.0,0.0,1.115939,2.122847,-1.776752,0.0,0.0,1.231630,2.679897,-1.910031,0.0,0.0,1.054982,0.717135,-1.090275,0.0,0.0,1.500030,1.244094,-1.482717,0.0,0.0,1.770143,1.648650,-1.687157,0.0,0.0,1.992479,2.059283,-1.827343,0.0,0.0
record2.mp4,e7f94d8ffdda6840c9b04703cf2b6166921cdbd5be69632bee01bf2c9ebea648,640,480,12.02,736,61.25,224,18666,Left,0.972344,0.000000,0.000000,0.000000,0.0,0.0,-0.646549,0.488653,-0.414756,0.0,0.0,-1.154306,1.163828,-0.793855,0.0,0.0,-1.546568,1.783074,-1.092141,0.0,0.0,-1.968020,2.242131,-1.414546,0.0,0.0,-0.509659,0.958002,-1.335509,0.0,0.0,-0.610986,1.977695,-1.848914,0.0,0.0,-0.692502,2.650454,-2.098239,0.0,0.0,-0.781301,3.251669,-2.252232,0.0,0.0,0.128443,0.839997,-1.311154,0.0,0.0,0.287146,1.838779,-1.819283,0.0,0.0,0.393095,2.576871,-2.023494,0.0,0.0,0.485320,3.203029,-2.190276,0.0,0.0,0.660408,0.754931,-1.267255,0.0,0.0,0.958484,1.641517,-1.716824,0.0,0.0,1.153845,2.354328,-1.923141,0.0,0.0,1.317751,2.968017,-2.064663,0.0,0.0,1.071287,0.709416,-1.232782,0.0,0.0,1.546526,1.414898,-1.630603,0.0,0.0,1.852404,1.885745,-1.842391,0.0,0.0,2.113545,2.321184,-1.990850,0.0,0.0
record2.mp4,e7f94d8ffdda6840c9b04703cf2b6166921cdbd5be69632bee01bf2c9ebea648,640,480,12.02,736,61.25,225,18750,Left,0.970612,0.000000,0.000000,0.000000,0.0,0.0,-0.602057,0.460957,-0.381909,0.0,0.0,-1.062286,1.079357,-0.710098,0.0,0.0,-1.414157,1.650214,-0.971142,0.0,0.0,-1.809902,2.046943,-1.253739,0.0,0.0,-0.445095,1.045896,-1.116817,0.0,0.0,-0.601008,1.874113,-1.565964,0.0,0.0,-0.661919,2.460063,-1.796477,0.0,0.0,-0.737105,3.009578,-1.948113,0.0,0.0,0.159100,0.967172,-1.093364,0.0,0.0,0.265140,1.762422,-1.594016,0.0,0.0,0.370036,2.429109,-1.818928,0.0,0.0,0.445076,3.026936,-1.993041,0.0,0.0,0.644705,0.870331,-1.053685,0.0,0.0,0.885465,1.567540,-1.483544,0.0,0.0,1.057780,2.202834,-1.665847,0.0,0.0,1.181946,2.770649,-1.785087,0.0,0.0,1.011461,0.769353,-1.027117,0.0,0.0,1.435706,1.346702,-1.406849,0.0,0.0,1.702652,1.769309,-1.603452,0.0,0.0,1.944842,2.180328,-1.734433,0.0,0.0
record2.mp4,e7f94d8ffdda6840c9b04703cf2b6166921cdbd5be69632bee01bf2c9ebea648,640,480,12.02,736,61.25,226,18833,Left,0.98626,0.000000,0.000000,0.000000,0.0,0.0,-0.590490,0.501293,-0.374698,0.0,0.0,-1.022368,1.134939,-0.717749,0.0,0.0,-1.365087,1.703709,-0.988324,0.0,0.0,-1.764010,2.095290,-1.281895,0.0,0.0,-0.452936,1.078206,-1.188340,0.0,0.0,-0.555750,1.873273,-1.673462,0.0,0.0,-0.565597,2.487669,-1.927672,0.0,0.0,-0.588965,3.053625,-2.091207,0.0,0.0,0.146528,0.951928,-1.168253,0.0,0.0,0.293776,1.750011,-1.691484,0.0,0.0,0.421026,2.449222,-1.920051,0.0,0.0,0.515370,3.072938,-2.095832,0.0,0.0,0.636745,0.843183,-1.127109,0.0,0.0,0.921914,1.550262,-1.571242,0.0,0.0,1.121773,2.208709,-1.757189,0.0,0.0,1.255526,2.795674,-1.877779,0.0,0.0,1.006950,0.749497,-1.096615,0.0,0.0,1.453923,1.309506,-1.481906,0.0,0.0,1.732050,1.739470,-1.682196,0.0,0.0,1.963918,2.163175,-1.816106,0.0,0.0
record2.mp4,e7f94d8ffdda6840c9b04703cf2b6166921cdbd5be69632bee01bf2c9ebea648,640,480,12.02,736,61.25,227,18916,Left,0.9818,0.000000,0.000000,0.000000,0.0,0.0,-0.582048,0.481262,-0.345904,0.0,0.0,-1.005423,1.087124,-0.674365,0.0,0.0,-1.345001,1.641391,-0.936850,0.0,0.0,-1.754746,2.002719,-1.221231,0.0,0.0,-0.438625,1.001874,-1.131486,0.0,0.0,-0.537785,1.766604,-1.603335,0.0,0.0,-0.565760,2.357152,-1.851604,0.0,0.0,-0.608621,2.899136,-2.012913,0.0,0.0,0.181713,0.902236,-1.118465,0.0,0.0,0.308342,1.661557,-1.626937,0.0,0.0,0.423336,2.323892,-1.847984,0.0,0.0,0.495840,2.917513,-2.018948,0.0,0.0,0.686132,0.816347,-1.082934,0.0,0.0,0.961176,1.510138,-1.515828,0.0,0.0,1.163106,2.153023,-1.692770,0.0,0.0,1.292962,2.730972,-1.809378,0.0,0.0,1.065304,0.740734,-1.055116,0.0,0.0,1.506039,1.275041,-1.425680,0.0,0.0,1.776499,1.690463,-1.615195,0.0,0.0,1.993354,2.112189,-1.743476,0.0,0.0
record2.mp4,e7f94d8ffdda6840c9b04703cf2b6166921cdbd5be69632bee01bf2c9ebea648,640,480,12.02,736,61.25,228,19000,Left,0.946389,0.000000,0.000000,0.000000,0.0,0.0,-0.604806,0.415888,-0.435602,0.0,0.0,-1.073767,1.064282,-0.798470,0.0,0.0,-1.429742,1.645617,-1.085948,0.0,0.0,-1.849177,2.025584,-1.399281,0.0,0.0,-0.475808,0.950412,-1.213049,0.0,0.0,-0.607206,1.593475,-1.688097,0.0,0.0,-0.654465,2.102695,-1.945837,0.0,0.0,-0.717279,2.616385,-2.127992,0.0,0.0,0.155833,0.865172,-1.183480,0.0,0.0,0.308604,1.518448,-1.692139,0.0,0.0,0.439269,2.096136,-1.926973,0.0,0.0,0.531462,2.669989,-2.122335,0.0,0.0,0.675191,0.807929,-1.141387,0.0,0.0,0.976096,1.460255,-1.600818,0.0,0.0,1.197092,2.073741,-1.813546,0.0,0.0,1.360383,2.668120,-1.965430,0.0,0.0,1.072520,0.748086,-1.114465,0.0,0.0,1.562802,1.263199,-1.503363,0.0,0.0,1.880218,1.647802,-1.710362,0.0,0.0,2.131357,2.052918,-1.864261,0.0,0.0
record2.mp4,e7f94d8ffdda6840c9b04703cf2b6166921cdbd5be69632bee01bf2c9ebea648,640,480,12.02,736,61.25,229,19083,Left,0.922323,0.000000,0.000000,0.000000,0.0,0.0,-0.570347,0.411646,-0.400166,0.0,0.0,-1.031598,1.053623,-0.715264,0.0,0.0,-1.391553,1.629762,-0.966317,0.0,0.0,-1.792251,2.001579,-1.239298,0.0,0.0,-0.406527,0.994071,-1.029001,0.0,0.0,-0.587845,1.602506,-1.450473,0.0,0.0,-0.689125,2.063552,-1.690181,0.0,0.0,-0.792139,2.539602,-1.865213,0.0,0.0,0.187337,0.963061,-0.999864,0.0,0.0,0.304546,1.571108,-1.439798,0.0,0.0,0.418851,2.072687,-1.653421,0.0,0.0,0.508805,2.587438,-1.835078,0.0,0.0,0.672799,0.931186,-0.967375,0.0,0.0,0.929583,1.586164,-1.390178,0.0,0.0,1.145982,2.158915,-1.598384,0.0,0.0,1.326491,2.724719,-1.747288,0.0,0.0,1.019050,0.875217,-0.948779,0.0,0.0,1.479745,1.385537,-1.313591,0.0,0.0,1.807723,1.725956,-1.505982,0.0,0.0,2.084170,2.072855,-1.647815,0.0,0.0
record2.mp4,e7f94d8ffdda6840c9b04703cf2b6166921cdbd5be69632bee01bf2c9ebea648,640,480,12.02,736,61.25,230,19166,Left,0.926945,0.000000,0.000000,0.000000,0.0,0.0,-0.553868,0.422452,-0.387209,0.0,0.0,-0.990416,1.035137,-0.702627,0.0,0.0,-1.330813,1.589397,-0.955398,0.0,0.0,-1.724798,1.937544,-1.227415,0.0,0.0,-0.386848,1.051050,-1.018069,0.0,0.0,-0.571472,1.676163,-1.438626,0.0,0.0,-0.666133,2.144107,-1.673500,0.0,0.0,-0.760642,2.622214,-1.839156,0.0,0.0,0.190596,0.994095,-0.991843,0.0,0.0,0.297254,1.588067,-1.434850,0.0,0.0,0.424492,2.090333,-1.644795,0.0,0.0,0.529401,2.600926,-1.816141,0.0,0.0,0.662119,0.930476,-0.961058,0.0,0.0,0.918246,1.545389,-1.381020,0.0,0.0,1.125750,2.096668,-1.581997,0.0,0.0,1.296034,2.630039,-1.717486,0.0,0.0,1.008147,0.852039,-0.943795,0.0,0.0,1.471350,1.373979,-1.301689,0.0,0.0,1.803237,1.729038,-1.490902,0.0,0.0,2.080105,2.090312,-1.623640,0.0,0.0
record2.mp4,e7f94d8ffdda6840c9b04703cf2b6166921cdbd5be69632bee01bf2c9ebea648,640,480,12.02,736,61.25,231,19250,Left,0.918686,0.000000,0.000000,0.000000,0.0,0.0,-0.555295,0.398894,-0.393172,0.0,0.0,-0.999882,0.987349,-0.712474,0.0,0.0,-1.349265,1.540898,-0.970316,0.0,0.0,-1.740850,1.908596,-1.249091,0.0,0.0,-0.379629,1.032958,-1.017772,0.0,0.0,-0.573116,1.647868,-1.442137,0.0,0.0,-0.675950,2.108460,-1.678405,0.0,0.0,-0.770484,2.575517,-1.846481,0.0,0.0,0.198642,0.993482,-0.994889,0.0,0.0,0.306141,1.584082,-1.438800,0.0,0.0,0.423008,2.063325,-1.648452,0.0,0.0,0.522731,2.548929,-1.822041,0.0,0.0,0.673118,0.929814,-0.970410,0.0,0.0,0.923508,1.536084,-1.399361,0.0,0.0,1.131077,2.079543,-1.610943,0.0,0.0,1.306395,2.603300,-1.755652,0.0,0.0,1.022030,0.838018,-0.958841,0.0,0.0,1.477000,1.361628,-1.325304,0.0,0.0,1.809610,1.717272,-1.524181,0.0,0.0,2.092020,2.071873,-1.666533,0.0,0.0
record2.mp4,e7f94d8ffdda6840c9b04703cf2b6166921cdbd5be69632bee01bf2c9ebea648,640,480,12.02,736,61.25,232,19333,Left,0.912474,0.000000,0.000000,0.000000,0.0,0.0,-0.551759,0.393422,-0.377437,0.0,0.0,-0.986162,0.968229,-0.693972,0.0,0.0,-1.327477,1.497772,-0.953221,0.0,0.0,-1.715185,1.840262,-1.233816,0.0,0.0,-0.372199,1.028783,-0.995417,0.0,0.0,-0.569914,1.620114,-1.407608,0.0,0.0,-0.677305,2.064857,-1.641742,0.0,0.0,-0.779200,2.530104,-1.811016,0.0,0.0,0.204821,0.988699,-0.975413,0.0,0.0,0.289694,1.543955,-1.399282,0.0,0.0,0.398252,1.977785,-1.597586,0.0,0.0,0.486068,2.424458,-1.765459,0.0,0.0,0.681527,0.927299,-0.951923,0.0,0.0,0.930246,1.536568,-1.364556,0.0,0.0,1.150008,2.053780,-1.559748,0.0,0.0,1.335113,2.561332,-1.697506,0.0,0.0,1.029345,0.839953,-0.939963,0.0,0.0,1.476611,1.348479,-1.291545,0.0,0.0,1.800151,1.682408,-1.472944,0.0,0.0,2.074486,2.026400,-1.604803,0.0,0.0
record2.mp4,e7f94d8ffdda6840c9b04703cf2b6166921cdbd5be69632bee01bf2c9ebea648,640,480,12.02,736,61.25,233,19416,Left,0.931289,0.000000,0.000000,0.000000,0.0,0.0,-0.560336,0.399836,-0.364071,0.0,0.0,-0.993808,0.999516,-0.684634,0.0,0.0,-1.336007,1.545950,-0.947051,0.0,0.0,-1.731371,1.915874,-1.233700,0.0,0.0,-0.396416,1.009042,-1.027683,0.0,0.0,-0.589574,1.633339,-1.455078,0.0,0.0,-0.704671,2.105716,-1.691306,0.0,0.0,-0.815259,2.582534,-1.858334,0.0,0.0,0.191594,0.975320,-1.018119,0.0,0.0,0.311496,1.570231,-1.451975,0.0,0.0,0.424080,2.031154,-1.650183,0.0,0.0,0.516268,2.489001,-1.816198,0.0,0.0,0.678015,0.915347,-1.001784,0.0,0.0,0.957765,1.551423,-1.430201,0.0,0.0,1.192159,2.110304,-1.640063,0.0,0.0,1.393553,2.649170,-1.784747,0.0,0.0,1.031199,0.827899,-0.992245,0.0,0.0,1.484704,1.370896,-1.354717,0.0,0.0,1.815770,1.724766,-1.543007,0.0,0.0,2.102572,2.081498,-1.679583,0.0,0.0
record2.mp4,e7f94d8ffdda6840c9b04703cf2b6166921cdbd5be69632bee01bf2c9ebea648,640,480,12.02,736,61.25,234,19500,Left,0.921554,0.000000,0.000000,0.000000,0.0,0.0,-0.556173,0.410243,-0.365242,0.0,0.0,-0.987185,0.978084,-0.676326,0.0,0.0,-1.332317,1.501105,-0.918261,0.0,0.0,-1.706482,1.856412,-1.174416,0.0,0.0,-0.366248,1.022760,-1.012304,0.0,0.0,-0.585078,1.553394,-1.457152,0.0,0.0,-0.682240,1.992246,-1.705418,0.0,0.0,-0.781401,2.422952,-1.872856,0.0,0.0,0.208209,1.014827,-0.998616,0.0,0.0,0.306085,1.698174,-1.489968,0.0,0.0,0.398839,2.266317,-1.729396,0.0,0.0,0.478249,2.827691,-1.909549,0.0,0.0,0.674112,0.962027,-0.973301,0.0,0.0,0.942829,1.586518,-1.426512,0.0,0.0,1.138783,2.114984,-1.632924,0.0,0.0,1.287869,2.625129,-1.759595,0.0,0.0,1.010583,0.868314,-0.956368,0.0,0.0,1.452656,1.354707,-1.336352,0.0,0.0,1.768097,1.693020,-1.527758,0.0,0.0,2.041554,2.049089,-1.655349,0.0,0.0
record2.mp4,e7f94d8ffdda6840c9b04703cf2b6166921cdbd5be69632bee01bf2c9ebea648,640,480,12.02,736,61.25,235,19583,Left,0.934458,0.000000,0.000000,0.000000,0.0,0.0,-0.591257,0.421853,-0.362753,0.0,0.0,-1.029344,0.999699,-0.683123,0.0,0.0,-1.375360,1.542415,-0.936268,0.0,0.0,-1.745676,1.933129,-1.205708,0.0,0.0,-0.399967,1.002751,-1.049020,0.0,0.0,-0.569968,1.537609,-1.492819,0.0,0.0,-0.617555,1.982249,-1.729188,0.0,0.0,-0.679416,2.409867,-1.884497,0.0,0.0,0.188966,0.971807,-1.037383,0.0,0.0,0.248141,1.692807,-1.536222,0.0,0.0,0.341768,2.300348,-1.776477,0.0,0.0,0.412107,2.854664,-1.963348,0.0,0.0,0.676591,0.908915,-1.010940,0.0,0.0,0.923239,1.539411,-1.464425,0.0,0.0,1.118220,2.095070,-1.687889,0.0,0.0,1.265399,2.590203,-1.830268,0.0,0.0,1.037244,0.816071,-0.990761,0.0,0.0,1.489445,1.341678,-1.376733,0.0,0.0,1.810124,1.713979,-1.590854,0.0,0.0,2.095707,2.075436,-1.740228,0.0,0.0
record2.mp4,e7f94d8ffdda6840c9b04703cf2b6166921cdbd5be69632bee01bf2c9ebea648,640,480,12.02,736,61.25,236,19666,Left,0.941677,0.000000,0.000000,0.000000,0.0,0.0,-0.551186,0.435892,-0.362019,0.0,0.0,-0.961614,0.990639,-0.671214,0.0,0.0,-1.300310,1.514548,-0.912760,0.0,0.0,-1.700841,1.864417,-1.169386,0.0,0.0,-0.379989,1.065725,-1.023231,0.0,0.0,-0.516801,1.779879,-1.445143,0.0,0.0,-0.553153,2.305380,-1.664082,0.0,0.0,-0.596018,2.798301,-1.811677,0.0,0.0,0.200092,1.033480,-0.996364,0.0,0.0,0.283308,1.744376,-1.471593,0.0,0.0,0.383580,2.317102,-1.685046,0.0,0.0,0.460381,2.835528,-1.846318,0.0,0.0,0.660279,0.951820,-0.955673,0.0,0.0,0.906933,1.575606,-1.377959,0.0,0.0,1.104969,2.120176,-1.564919,0.0,0.0,1.250802,2.614451,-1.683951,0.0,0.0,0.985946,0.840826,-0.925215,0.0,0.0,1.429589,1.339681,-1.299528,0.0,0.0,1.737159,1.684686,-1.498664,0.0,0.0,2.011784,2.035482,-1.630682,0.0,0.0
record2.mp4,e7f94d8ffdda6840c9b04703cf2b6166921cdbd5be69632bee01bf2c9ebea648,640,480,12.02,736,61.25,237,19750,Left,0.954032,0.000000,0.000000,0.000000,0.0,0.0,-0.562692,0.423672,-0.387188,0.0,0.0,-0.971003,0.980022,-0.708671,0.0,0.0,-1.303849,1.501938,-0.966923,0.0,0.0,-1.714445,1.850978,-1.243061,0.0,0.0,-0.360610,1.082269,-0.999676,0.0,0.0,-0.498438,1.761338,-1.410491,0.0,0.0,-0.558455,2.254709,-1.632934,0.0,0.0,-0.620938,2.743934,-1.789239,0.0,0.0,0.208328,1.045729,-0.972550,0.0,0.0,0.321035,1.698877,-1.412695,0.0,0.0,0.434332,2.225803,-1.613287,0.0,0.0,0.523127,2.735144,-1.772634,0.0,0.0,0.660908,0.958257,-0.940173,0.0,0.0,0.914024,1.565646,-1.350293,0.0,0.0,1.122847,2.109988,-1.543707,0.0,0.0,1.286411,2.633029,-1.672471,0.0,0.0,0.985099,0.844538,-0.921636,0.0,0.0,1.435308,1.336299,-1.282298,0.0,0.0,1.748845,1.676976,-1.476844,0.0,0.0,2.023774,2.028161,-1.610760,0.0,0.0
record2.mp4,e7f94d8ffdda6840c9b04703cf2b6166921cdbd5be69632bee01bf2c9ebea648,640,480,12.02,736,61.25,238,19833,Left,0.948372,0.000000,0.000000,0.000000,0.0,0.0,-0.568460,0.419246,-0.410004,0.0,0.0,-0.984836,0.984376,-0.752048,0.0,0.0,-1.341464,1.490956,-1.025746,0.0,0.0,-1.787033,1.801652,-1.318971,0.0,0.0,-0.371644,1.062453,-1.107037,0.0,0.0,-0.488779,1.766194,-1.555758,0.0,0.0,-0.549960,2.282850,-1.796371,0.0,0.0,-0.623661,2.803104,-1.964479,0.0,0.0,0.215233,1.001187,-1.070693,0.0,0.0,0.332085,1.610555,-1.552694,0.0,0.0,0.448222,2.112363,-1.766302,0.0,0.0,0.530262,2.611701,-1.935408,0.0,0.0,0.680985,0.917520,-1.026235,0.0,0.0,0.955873,1.530800,-1.477095,0.0,0.0,1.184290,2.103598,-1.688745,0.0,0.0,1.360042,2.660564,-1.828320,0.0,0.0,1.015336,0.819567,-0.994541,0.0,0.0,1.484460,1.350824,-1.381660,0.0,0.0,1.815894,1.714303,-1.591529,0.0,0.0,2.101861,2.093533,-1.737902,0.0,0.0
record2.mp4,e7f94d8ffdda6840c9b04703cf2b6166921cdbd5be69632bee01bf2c9ebea648,640,480,12.02,736,61.25,239,19916,Left,0.933376,0.000000,0.000000,0.000000,0.0,0.0,-0.553467,0.419818,-0.343708,0.0,0.0,-0.988107,0.896331,-0.651155,0.0,0.0,-1.367886,1.294309,-0.896430,0.0,0.0,-1.745054,1.544556,-1.156066,0.0,0.0,-0.395483,1.076553,-1.006010,0.0,0.0,-0.559126,1.776559,-1.438603,0.0,0.0,-0.598340,2.311807,-1.681866,0.0,0.0,-0.645240,2.824890,-1.846102,0.0,0.0,0.172274,1.039024,-0.982994,0.0,0.0,0.241938,1.751759,-1.467629,0.0,0.0,0.345602,2.327943,-1.716811,0.0,0.0,0.426925,2.869985,-1.905725,0.0,0.0,0.630475,0.964662,-0.939940,0.0,0.0,0.874008,1.611815,-1.353444,0.0,0.0,1.074311,2.150172,-1.560080,0.0,0.0,1.216928,2.635419,-1.694223,0.0,0.0,0.966274,0.868869,-0.905925,0.0,0.0,1.426293,1.360126,-1.263965,0.0,0.0,1.734980,1.709527,-1.467681,0.0,0.0,2.000350,2.065865,-1.604668,0.0,0.0
record2.mp4,e7f94d8ffdda6840c9b04703cf2b6166921cdbd5be69632bee01bf2c9ebea648,640,480,12.02,736,61.25,240,20000,Left,0.950867,0.000000,0.000000,0.000000,0.0,0.0,-0.554892,0.381427,-0.366324,0.0,0.0,-0.986842,0.824744,-0.682206,0.0,0.0,-1.393247,1.203436,-0.930012,0.0,0.0,-1.807147,1.426061,-1.194912,0.0,0.0,-0.430461,1.053896,-1.068337,0.0,0.0,-0.554845,1.782152,-1.499317,0.0,0.0,-0.595477,2.301757,-1.725954,0.0,0.0,-0.651073,2.787019,-1.877947,0.0,0.0,0.146570,1.032769,-1.036153,0.0,0.0,0.230538,1.754865,-1.524608,0.0,0.0,0.319859,2.336963,-1.759467,0.0,0.0,0.381141,2.867554,-1.938523,0.0,0.0,0.613800,0.958262,-0.985556,0.0,0.0,0.840164,1.576286,-1.406251,0.0,0.0,1.023738,2.124786,-1.615729,0.0,0.0,1.151745,2.624494,-1.753648,0.0,0.0,0.960995,0.856953,-0.944952,0.0,0.0,1.412578,1.361043,-1.326367,0.0,0.0,1.722661,1.708755,-1.546375,0.0,0.0,1.992399,2.063163,-1.694613,0.0,0.0
record2.mp4,e7f94d8ffdda6840c9b04703cf2b6166921cdbd5be69632bee01bf2c9ebea648,640,480,12.02,736,61.25,241,20083,Left,0.941117,0.000000,0.000000,0.000000,0.0,0.0,-0.553822,0.365462,-0.344969,0.0,0.0,-1.002253,0.746864,-0.659025,0.0,0.0,-1.428825,1.013841,-0.914685,0.0,0.0,-1.818607,1.103327,-1.188057,0.0,0.0,-0.437278,1.082136,-1.008468,0.0,0.0,-0.583119,1.809763,-1.420837,0.0,0.0,-0.626393,2.320054,-1.640801,0.0,0.0,-0.676374,2.791637,-1.787818,0.0,0.0,0.124950,1.065593,-0.985249,0.0,0.0,0.200475,1.795941,-1.457409,0.0,0.0,0.280496,2.373315,-1.686528,0.0,0.0,0.341350,2.890359,-1.857389,0.0,0.0,0.582228,0.990952,-0.943586,0.0,0.0,0.802969,1.609536,-1.341352,0.0,0.0,0.977555,2.142403,-1.541143,0.0,0.0,1.103731,2.624690,-1.669570,0.0,0.0,0.917873,0.893203,-0.912278,0.0,0.0,1.364499,1.386765,-1.269162,0.0,0.0,1.663143,1.720477,-1.475296,0.0,0.0,1.923511,2.065392,-1.611775,0.0,0.0
record2.mp4,e7f94d8ffdda6840c9b04703cf2b6166921cdbd5be69632bee01bf2c9ebea648,640,480,12.02,736,61.25,242,20166,Left,0.935702,0.000000,0.000000,0.000000,0.0,0.0,-0.563726,0.378200,-0.358013,0.0,0.0,-1.013906,0.803993,-0.670648,0.0,0.0,-1.404593,1.187894,-0.914512,0.0,0.0,-1.713013,1.479572,-1.167813,0.0,0.0,-0.400694,1.066571,-1.078907,0.0,0.0,-0.559089,1.813457,-1.527753,0.0,0.0,-0.606472,2.344038,-1.773506,0.0,0.0,-0.660081,2.846813,-1.938823,0.0,0.0,0.177033,1.034950,-1.048433,0.0,0.0,0.240746,1.756535,-1.561872,0.0,0.0,0.307883,2.346898,-1.819481,0.0,0.0,0.353167,2.889945,-2.014072,0.0,0.0,0.634240,0.968285,-0.996464,0.0,0.0,0.870678,1.602718,-1.426672,0.0,0.0,1.054289,2.164407,-1.634323,0.0,0.0,1.170449,2.680447,-1.771538,0.0,0.0,0.961714,0.884921,-0.954047,0.0,0.0,1.408795,1.385385,-1.339240,0.0,0.0,1.699018,1.731463,-1.558833,0.0,0.0,1.940537,2.097515,-1.704429,0.0,0.0
record2.mp4,e7f94d8ffdda6840c9b04703cf2b6166921cdbd5be69632bee01bf2c9ebea648,640,480,12.02,736,61.25,243,20250,Left,0.913033,0.000000,0.000000,0.000000,0.0,0.0,-0.619190,0.386129,-0.418866,0.0,0.0,-1.093446,0.885234,-0.752155,0.0,0.0,-1.484016,1.385174,-1.012823,0.0,0.0,-1.807127,1.802434,-1.288304,0.0,0.0,-0.387329,1.027604,-1.087257,0.0,0.0,-0.550746,1.773792,-1.527512,0.0,0.0,-0.600995,2.320065,-1.763950,0.0,0.0,-0.650987,2.836749,-1.926538,0.0,0.0,0.210868,1.004569,-1.042899,0.0,0.0,0.283938,1.738576,-1.548900,0.0,0.0,0.370494,2.337640,-1.804127,0.0,0.0,0.442189,2.890451,-2.003910,0.0,0.0,0.681743,0.931780,-0.987084,0.0,0.0,0.927738,1.563896,-1.431067,0.0,0.0,1.113918,2.123584,-1.649783,0.0,0.0,1.250930,2.630875,-1.797571,0.0,0.0,1.009586,0.835182,-0.946000,0.0,0.0,1.491074,1.337481,-1.341225,0.0,0.0,1.807127,1.692121,-1.565735,0.0,0.0,2.091036,2.048153,-1.721410,0.0,0.0
record2.mp4,e7f94d8ffdda6840c9b04703cf2b6166921cdbd5be69632bee01bf2c9ebea648,640,480,12.02,736,61.25,244,20333,Left,0.902107,0.000000,0.000000,0.000000,0.0,0.0,-0.576503,0.399952,-0.386467,0.0,0.0,-0.989689,0.892348,-0.702231,0.0,0.0,-1.326204,1.374989,-0.955784,0.0,0.0,-1.651959,1.750961,-1.221931,0.0,0.0,-0.323961,1.095413,-0.960806,0.0,0.0,-0.487709,1.741878,-1.356952,0.0,0.0,-0.541301,2.213423,-1.578889,0.0,0.0,-0.599290,2.678696,-1.738504,0.0,0.0,0.236576,1.083445,-0.924781,0.0,0.0,0.308187,1.691962,-1.387507,0.0,0.0,0.409089,2.209700,-1.621274,0.0,0.0,0.478379,2.699771,-1.803721,0.0,0.0,0.670678,1.003106,-0.879896,0.0,0.0,0.905443,1.572164,-1.283931,0.0,0.0,1.097836,2.060085,-1.470488,0.0,0.0,1.235697,2.522638,-1.598595,0.0,0.0,0.961200,0.883764,-0.850598,0.0,0.0,1.402324,1.287405,-1.204721,0.0,0.0,1.701562,1.576360,-1.394502,0.0,0.0,1.972777,1.890020,-1.525199,0.0,0.0
record2.mp4,e7f94d8ffdda6840c9b04703cf2b6166921cdbd5be69632bee01bf2c9ebea648,640,480,12.02,736,61.25,245,20416,Left,0.945379,0.000000,0.000000,0.000000,0.0,0.0,-0.604453,0.402704,-0.412567,0.0,0.0,-1.040033,0.940672,-0.742298,0.0,0.0,-1.390894,1.449550,-1.003213,0.0,0.0,-1.731842,1.834046,-1.282761,0.0,0.0,-0.353027,1.089423,-1.033776,0.0,0.0,-0.510068,1.767500,-1.436631,0.0,0.0,-0.563811,2.255631,-1.662246,0.0,0.0,-0.624481,2.738086,-1.825767,0.0,0.0,0.219236,1.059433,-0.986034,0.0,0.0,0.329637,1.683789,-1.438663,0.0,0.0,0.455887,2.218368,-1.666351,0.0,0.0,0.549719,2.736496,-1.847818,0.0,0.0,0.665491,0.975753,-0.926884,0.0,0.0,0.935838,1.587282,-1.330074,0.0,0.0,1.172401,2.104866,-1.527962,0.0,0.0,1.352171,2.620490,-1.668359,0.0,0.0,0.970358,0.857111,-0.882565,0.0,0.0,1.417533,1.253724,-1.241649,0.0,0.0,1.731289,1.525869,-1.433432,0.0,0.0,2.007146,1.828188,-1.566354,0.0,0.0
record2.mp4,e7f94d8ffdda6840c9b04703cf2b6166921cdbd5be69632bee01bf2c9ebea648,640,480,12.02,736,61.25,246,20500,Left,0.911895,0.000000,0.000000,0.000000,0.0,0.0,-0.627385,0.398532,-0.476617,0.0,0.0,-1.088867,0.991669,-0.836348,0.0,0.0,-1.468643,1.539111,-1.118863,0.0,0.0,-1.883385,1.946178,-1.425470,0.0,0.0,-0.396833,1.065795,-1.177912,0.0,0.0,-0.548059,1.841497,-1.602661,0.0,0.0,-0.602940,2.381483,-1.829196,0.0,0.0,-0.660666,2.923426,-2.000422,0.0,0.0,0.207318,1.009037,-1.118555,0.0,0.0,0.357697,1.624842,-1.577454,0.0,0.0,0.500002,2.152974,-1.790000,0.0,0.0,0.606578,2.677703,-1.972929,0.0,0.0,0.678439,0.903573,-1.052301,0.0,0.0,0.987287,1.519862,-1.479962,0.0,0.0,1.248951,2.080752,-1.696268,0.0,0.0,1.458459,2.645491,-1.859490,0.0,0.0,1.002734,0.769677,-1.005490,0.0,0.0,1.535876,1.196470,-1.408201,0.0,0.0,1.910267,1.458309,-1.632622,0.0,0.0,2.234401,1.753363,-1.793952,0.0,0.0
record2.mp4,e7f94d8ffdda6840c9b04703cf2b6166921cdbd5be69632bee01bf2c9ebea648,640,480,12.02,736,61.25,247,20583,Left,0.90611,0.000000,0.000000,0.000000,0.0,0.0,-0.606397,0.400093,-0.468247,0.0,0.0,-1.052238,0.968147,-0.860108,0.0,0.0,-1.441403,1.507068,-1.169920,0.0,0.0,-1.844709,1.908948,-1.507072,0.0,0.0,-0.381459,1.029403,-1.267513,0.0,0.0,-0.546106,1.778954,-1.736329,0.0,0.0,-0.611820,2.311501,-1.992651,0.0,0.0,-0.679123,2.844396,-2.184078,0.0,0.0,0.233387,0.984293,-1.218377,0.0,0.0,0.377575,1.581960,-1.716540,0.0,0.0,0.531554,2.057645,-1.947016,0.0,0.0,0.652582,2.529842,-2.139546,0.0,0.0,0.715226,0.907060,-1.153362,0.0,0.0,1.031345,1.579102,-1.611377,0.0,0.0,1.338331,2.156774,-1.828415,0.0,0.0,1.591777,2.748966,-1.994699,0.0,0.0,1.022951,0.801530,-1.101070,0.0,0.0,1.564712,1.212117,-1.529238,0.0,0.0,1.944514,1.463052,-1.745003,0.0,0.0,2.285741,1.766127,-1.896706,0.0,0.0
record2.mp4,e7f94d8ffdda6840c9b04703cf2b6166921cdbd5be69632bee01bf2c9ebea648,640,480,12.02,736,61.25,248,20666,Left,0.908697,0.000000,0.000000,0.000000,0.0,0.0,-0.601262,0.381393,-0.433430,0.0,0.0,-1.023719,0.936244,-0.802246,0.0,0.0,-1.373050,1.441630,-1.097654,0.0,0.0,-1.764684,1.783176,-1.417706,0.0,0.0,-0.385499,1.023305,-1.165657,0.0,0.0,-0.544412,1.717390,-1.610481,0.0,0.0,-0.642471,2.219037,-1.861039,0.0,0.0,-0.738854,2.725091,-2.043050,0.0,0.0,0.221723,0.986490,-1.115524,0.0,0.0,0.360982,1.530391,-1.529185,0.0,0.0,0.502967,1.927999,-1.700516,0.0,0.0,0.606574,2.320864,-1.857304,0.0,0.0,0.702744,0.921637,-1.057017,0.0,0.0,0.985227,1.603257,-1.458673,0.0,0.0,1.281401,2.164815,-1.649976,0.0,0.0,1.532698,2.725566,-1.800071,0.0,0.0,1.016254,0.832148,-1.009706,0.0,0.0,1.496038,1.290920,-1.368951,0.0,0.0,1.849413,1.586698,-1.545167,0.0,0.0,2.155784,1.912456,-1.676070,0.0,0.0
record2.mp4,e7f94d8ffdda6840c9b04703cf2b6166921cdbd5be69632bee01bf2c9ebea648,640,480,12.02,736,61.25,249,20750,Left,0.96128,0.000000,0.000000,0.000000,0.0,0.0,-0.650908,0.374677,-0.397683,0.0,0.0,-1.125391,0.940923,-0.738518,0.0,0.0,-1.476129,1.470390,-1.009726,0.0,0.0,-1.857032,1.838917,-1.300403,0.0,0.0,-0.421481,0.964878,-1.094595,0.0,0.0,-0.598414,1.646608,-1.492900,0.0,0.0,-0.673403,2.144027,-1.694736,0.0,0.0,-0.752456,2.643495,-1.844387,0.0,0.0,0.187749,0.947623,-1.053345,0.0,0.0,0.300421,1.555531,-1.439836,0.0,0.0,0.423465,2.023717,-1.592556,0.0,0.0,0.501345,2.486315,-1.737627,0.0,0.0,0.679832,0.922568,-1.002482,0.0,0.0,0.928511,1.607647,-1.383732,0.0,0.0,1.112345,2.151089,-1.564642,0.0,0.0,1.253772,2.673027,-1.703810,0.0,0.0,1.021082,0.884692,-0.961749,0.0,0.0,1.475854,1.381781,-1.296725,0.0,0.0,1.795971,1.714730,-1.476699,0.0,0.0,2.052410,2.064594,-1.614520,0.0,0.0
record2.mp4,e7f94d8ffdda6840c9b04703cf2b6166921cdbd5be69632bee01bf2c9ebea648,640,480,12.02,736,61.25,250,20833,Left,0.972702,0.000000,0.000000,0.000000,0.0,0.0,-0.625797,0.385998,-0.375605,0.0,0.0,-1.099517,0.926998,-0.699285,0.0,0.0,-1.478532,1.461120,-0.947709,0.0,0.0,-1.849089,1.857562,-1.213834,0.0,0.0,-0.393921,0.982143,-1.059207,0.0,0.0,-0.633122,1.547452,-1.462965,0.0,0.0,-0.704131,2.022233,-1.675502,0.0,0.0,-0.784925,2.475120,-1.821359,0.0,0.0,0.193242,1.011669,-1.027000,0.0,0.0,0.261687,1.785489,-1.438938,0.0,0.0,0.332509,2.380743,-1.615118,0.0,0.0,0.362982,2.914185,-1.766076,0.0,0.0,0.668365,0.978187,-0.978278,0.0,0.0,0.917323,1.643519,-1.353590,0.0,0.0,1.075409,2.164981,-1.526187,0.0,0.0,1.170473,2.631321,-1.649958,0.0,0.0,0.998160,0.884300,-0.939807,0.0,0.0,1.456807,1.353252,-1.267364,0.0,0.0,1.757617,1.707198,-1.442579,0.0,0.0,1.995483,2.059743,-1.571762,0.0,0.0
record2.mp4,e7f94d8ffdda6840c9b04703cf2b6166921cdbd5be69632bee01bf2c9ebea648,640,480,12.02,736,61.25,251,20916,Left,0.94666,0.000000,0.000000,0.000000,0.0,0.0,-0.620290,0.408966,-0.368468,0.0,0.0,-1.107200,0.972415,-0.673696,0.0,0.0,-1.497415,1.493412,-0.912457,0.0,0.0,-1.857500,1.874572,-1.168726,0.0,0.0,-0.406635,1.017329,-1.012018,0.0,0.0,-0.623790,1.616970,-1.410724,0.0,0.0,-0.700692,2.087765,-1.627547,0.0,0.0,-0.786065,2.564008,-1.780252,0.0,0.0,0.169276,1.002557,-0.988172,0.0,0.0,0.218810,1.726936,-1.441544,0.0,0.0,0.302904,2.310614,-1.678737,0.0,0.0,0.358190,2.864576,-1.874516,0.0,0.0,0.644249,0.946401,-0.947289,0.0,0.0,0.871828,1.566988,-1.360985,0.0,0.0,1.063281,2.120799,-1.589302,0.0,0.0,1.207695,2.624932,-1.747582,0.0,0.0,1.004323,0.854738,-0.914815,0.0,0.0,1.453438,1.364203,-1.274665,0.0,0.0,1.765291,1.714939,-1.485043,0.0,0.0,2.043343,2.062519,-1.639598,0.0,0.0
record2.mp4,e7f94d8ffdda6840c9b04703cf2b6166921cdbd5be69632bee01bf2c9ebea648,640,480,12.02,736,61.25,252,21000,Left,0.933332,0.000000,0.000000,0.000000,0.0,0.0,-0.579435,0.411549,-0.340806,0.0,0.0,-1.012602,0.906013,-0.647516,0.0,0.0,-1.368325,1.392013,-0.899165,0.0,0.0,-1.711370,1.775650,-1.167379,0.0,0.0,-0.372205,1.084202,-0.927665,0.0,0.0,-0.548285,1.755387,-1.312142,0.0,0.0,-0.604334,2.227980,-1.522017,0.0,0.0,-0.654991,2.682598,-1.671189,0.0,0.0,0.183965,1.071148,-0.915379,0.0,0.0,0.217705,1.746023,-1.339774,0.0,0.0,0.291442,2.263981,-1.544137,0.0,0.0,0.344652,2.734933,-1.710576,0.0,0.0,0.638028,0.981721,-0.893532,0.0,0.0,0.854432,1.591176,-1.275830,0.0,0.0,1.032898,2.103261,-1.455945,0.0,0.0,1.166622,2.566899,-1.584184,0.0,0.0,0.962481,0.852580,-0.881708,0.0,0.0,1.393030,1.307198,-1.227833,0.0,0.0,1.678886,1.629394,-1.414245,0.0,0.0,1.937663,1.962586,-1.544432,0.0,0.0
record2.mp4,e7f94d8ffdda6840c9b04703cf2b6166921cdbd5be69632bee01bf2c9ebea648,640,480,12.02,736,61.25,253,21083,Left,0.918965,0.000000,0.000000,0.000000,0.0,0.0,-0.560255,0.382158,-0.371188,0.0,0.0,-0.974421,0.865270,-0.673718,0.0,0.0,-1.329942,1.339280,-0.915424,0.0,0.0,-1.690824,1.707164,-1.173020,0.0,0.0,-0.348394,1.096905,-0.931800,0.0,0.0,-0.523557,1.758475,-1.315838,0.0,0.0,-0.585940,2.232042,-1.531263,0.0,0.0,-0.645546,2.685910,-1.685542,0.0,0.0,0.201682,1.090250,-0.901191,0.0,0.0,0.251321,1.739503,-1.311298,0.0,0.0,0.326955,2.238587,-1.513361,0.0,0.0,0.379704,2.702971,-1.680168,0.0,0.0,0.639577,1.007891,-0.867347,0.0,0.0,0.841085,1.588283,-1.243272,0.0,0.0,1.001026,2.073824,-1.431940,0.0,0.0,1.120606,2.519727,-1.566943,0.0,0.0,0.949363,0.880744,-0.848305,0.0,0.0,1.378216,1.333265,-1.199557,0.0,0.0,1.668780,1.649125,-1.401688,0.0,0.0,1.921127,1.975237,-1.543929,0.0,0.0
record2.mp4,e7f94d8ffdda6840c9b04703cf2b6166921cdbd5be69632bee01bf2c9ebea648,640,480,12.02,736,61.25,254,21166,Left,0.934482,0.000000,0.000000,0.000000,0.0,0.0,-0.595939,0.360335,-0.425361,0.0,0.0,-1.056382,0.899746,-0.747159,0.0,0.0,-1.449880,1.387578,-0.992370,0.0,0.0,-1.844617,1.711288,-1.255093,0.0,0.0,-0.392589,1.072945,-1.060171,0.0,0.0,-0.552429,1.782541,-1.474530,0.0,0.0,-0.617747,2.300702,-1.704538,0.0,0.0,-0.673188,2.797080,-1.869424,0.0,0.0,0.183236,1.056639,-1.014666,0.0,0.0,0.378392,1.760707,-1.449593,0.0,0.0,0.516256,2.294471,-1.666289,0.0,0.0,0.634513,2.820898,-1.843096,0.0,0.0,0.631414,0.988844,-0.963057,0.0,0.0,0.890496,1.609098,-1.369255,0.0,0.0,1.070819,2.144774,-1.581947,0.0,0.0,1.233266,2.663201,-1.727771,0.0,0.0,0.947654,0.890949,-0.928472,0.0,0.0,1.407044,1.400461,-1.294451,0.0,0.0,1.731369,1.731558,-1.499968,0.0,0.0,2.014235,2.074533,-1.642946,0.0,0.0
record2.mp4,e7f94d8ffdda6840c9b04703cf2b6166921cdbd5be69632bee01bf2c9ebea648,640,480,12.02,736,61.25,255,21250,Left,0.946968,0.000000,0.000000,0.000000,0.0,0.0,-0.602240,0.383367,-0.397206,0.0,0.0,-1.081459,0.988302,-0.720472,0.0,0.0,-1.485570,1.526134,-0.976149,0.0,0.0,-1.917572,1.878836,-1.255356,0.0,0.0,-0.407140,1.028956,-1.073837,0.0,0.0,-0.607933,1.708174,-1.471441,0.0,0.0,-0.706517,2.193868,-1.676532,0.0,0.0,-0.809492,2.685799,-1.830660,0.0,0.0,0.184149,1.006828,-1.040361,0.0,0.0,0.277016,1.606130,-1.446458,0.0,0.0,0.365411,2.073134,-1.620965,0.0,0.0,0.420804,2.531181,-1.778286,0.0,0.0,0.654846,0.958695,-1.000667,0.0,0.0,0.887018,1.592451,-1.397844,0.0,0.0,1.068270,2.133561,-1.596230,0.0,0.0,1.210962,2.659637,-1.745497,0.0,0.0,0.982395,0.879996,-0.973373,0.0,0.0,1.424785,1.405214,-1.340577,0.0,0.0,1.754742,1.745605,-1.548318,0.0,0.0,2.029457,2.103958,-1.701399,0.0,0.0
record2.mp4,e7f94d8ffdda6840c9b04703cf2b6166921cdbd5be69632bee01bf2c9ebea648,640,480,12.02,736,61.25,256,21333,Left,0.942185,0.000000,0.000000,0.000000,0.0,0.0,-0.586506,0.400782,-0.340778,0.0,0.0,-1.041241,0.937059,-0.660198,0.0,0.0,-1.416554,1.434046,-0.919243,0.0,0.0,-1.844388,1.767285,-1.199057,0.0,0.0,-0.391731,1.029065,-0.990059,0.0,0.0,-0.636669,1.644453,-1.393902,0.0,0.0,-0.778684,2.109075,-1.618197,0.0,0.0,-0.929109,2.546569,-1.779138,0.0,0.0,0.176466,1.027871,-0.974412,0.0,0.0,0.188574,1.602754,-1.349748,0.0,0.0,0.201718,2.004766,-1.499478,0.0,0.0,0.176494,2.361783,-1.637912,0.0,0.0,0.645723,0.991670,-0.953862,0.0,0.0,0.847516,1.673548,-1.332752,0.0,0.0,1.027139,2.196300,-1.515433,0.0,0.0,1.148007,2.666872,-1.656837,0.0,0.0,0.968501,0.919556,-0.938093,0.0,0.0,1.418501,1.392291,-1.279768,0.0,0.0,1.745103,1.707028,-1.463061,0.0,0.0,2.012155,2.030170,-1.601079,0.0,0.0
record2.mp4,e7f94d8ffdda6840c9b04703cf2b6166921cdbd5be69632bee01bf2c9ebea648,640,480,12.02,736,61.25,257,21416,Left,0.945315,0.000000,0.000000,0.000000,0.0,0.0,-0.614821,0.406288,-0.340725,0.0,0.0,-1.091774,0.951183,-0.640488,0.0,0.0,-1.480437,1.465648,-0.882282,0.0,0.0,-1.890392,1.812575,-1.140738,0.0,0.0,-0.450978,1.025470,-0.942852,0.0,0.0,-0.722369,1.740960,-1.339404,0.0,0.0,-0.844697,2.254551,-1.554122,0.0,0.0,-0.960465,2.747130,-1.704666,0.0,0.0,0.108957,1.042794,-0.931596,0.0,0.0,0.062046,1.790495,-1.354666,0.0,0.0,0.052918,2.363802,-1.559036,0.0,0.0,0.036228,2.901142,-1.726327,0.0,0.0,0.577662,1.002389,-0.910058,0.0,0.0,0.752851,1.661756,-1.304841,0.0,0.0,0.898774,2.204328,-1.504042,0.0,0.0,1.010876,2.694200,-1.642530,0.0,0.0,0.929241,0.930497,-0.897544,0.0,0.0,1.346016,1.420876,-1.243297,0.0,0.0,1.654964,1.737090,-1.432272,0.0,0.0,1.941532,2.061426,-1.568045,0.0,0.0
record2.mp4,e7f94d8ffdda6840c9b04703cf2b6166921cdbd5be69632bee01bf2c9ebea648,640,480,12.02,736,61.25,258,21500,Left,0.955938,0.000000,0.000000,0.000000,0.0,0.0,-0.590464,0.403982,-0.326589,0.0,0.0,-1.051343,0.927767,-0.604569,0.0,0.0,-1.436140,1.415606,-0.829591,0.0,0.0,-1.820602,1.765112,-1.069300,0.0,0.0,-0.437546,1.074122,-0.898863,0.0,0.0,-0.672462,1.735493,-1.283767,0.0,0.0,-0.803487,2.206279,-1.493007,0.0,0.0,-0.938168,2.670016,-1.639106,0.0,0.0,0.110869,1.074171,-0.893650,0.0,0.0,0.110874,1.732446,-1.332883,0.0,0.0,0.144552,2.261723,-1.555841,0.0,0.0,0.169553,2.761189,-1.732716,0.0,0.0,0.564374,1.009332,-0.877924,0.0,0.0,0.747603,1.596129,-1.290466,0.0,0.0,0.905389,2.099790,-1.495593,0.0,0.0,1.035645,2.564697,-1.630614,0.0,0.0,0.910937,0.915770,-0.869284,0.0,0.0,1.340201,1.410505,-1.239738,0.0,0.0,1.654278,1.703184,-1.436862,0.0,0.0,1.950919,2.003363,-1.568782,0.0,0.0
record2.mp4,e7f94d8ffdda6840c9b04703cf2b6166921cdbd5be69632bee01bf2c9ebea648,640,480,12.02,736,61.25,259,21583,Left,0.939797,0.000000,0.000000,0.000000,0.0,0.0,-0.570444,0.391294,-0.337853,0.0,0.0,-1.020549,0.876563,-0.626822,0.0,0.0,-1.408922,1.359754,-0.857434,0.0,0.0,-1.810216,1.704938,-1.101222,0.0,0.0,-0.425795,1.077708,-0.918644,0.0,0.0,-0.662927,1.732833,-1.304557,0.0,0.0,-0.773327,2.208899,-1.510590,0.0,0.0,-0.882392,2.665271,-1.653945,0.0,0.0,0.122603,1.079985,-0.904850,0.0,0.0,0.119636,1.734822,-1.355000,0.0,0.0,0.146578,2.249875,-1.575426,0.0,0.0,0.164396,2.721377,-1.747667,0.0,0.0,0.575734,1.006409,-0.880659,0.0,0.0,0.733788,1.559096,-1.303725,0.0,0.0,0.865805,2.043771,-1.507929,0.0,0.0,0.972502,2.477132,-1.639763,0.0,0.0,0.918237,0.900192,-0.863267,0.0,0.0,1.346057,1.377619,-1.245738,0.0,0.0,1.649785,1.668038,-1.452677,0.0,0.0,1.937912,1.967294,-1.590468,0.0,0.0
record2.mp4,e7f94d8ffdda6840c9b04703cf2b6166921cdbd5be69632bee01bf2c9ebea648,640,480,12.02,736,61.25,260,21666,Left,0.942245,0.000000,0.000000,0.000000,0.0,0.0,-0.586348,0.417833,-0.327622,0.0,0.0,-1.039286,0.938444,-0.608572,0.0,0.0,-1.411994,1.430575,-0.835994,0.0,0.0,-1.810307,1.773493,-1.077571,0.0,0.0,-0.438012,1.097964,-0.899649,0.0,0.0,-0.654435,1.758791,-1.290939,0.0,0.0,-0.781947,2.230332,-1.504496,0.0,0.0,-0.925286,2.688824,-1.652299,0.0,0.0,0.108746,1.089917,-0.894083,0.0,0.0,0.120302,1.748716,-1.343163,0.0,0.0,0.158421,2.281073,-1.572156,0.0,0.0,0.169687,2.772643,-1.751782,0.0,0.0,0.556467,1.011106,-0.878376,0.0,0.0,0.745830,1.586237,-1.294935,0.0,0.0,0.905284,2.091038,-1.501171,0.0,0.0,1.020506,2.551645,-1.636312,0.0,0.0,0.896746,0.901811,-0.870159,0.0,0.0,1.337477,1.388015,-1.247419,0.0,0.0,1.648933,1.688991,-1.453223,0.0,0.0,1.933833,2.004070,-1.591009,0.0,0.0
record2.mp4,e7f94d8ffdda6840c9b04703cf2b6166921cdbd5be69632bee01bf2c9ebea648,640,480,12.02,736,61.25,261,21750,Left,0.94068,0.000000,0.000000,0.000000,0.0,0.0,-0.569233,0.397816,-0.323693,0.0,0.0,-1.012679,0.866029,-0.606111,0.0,0.0,-1.389399,1.331496,-0.835242,0.0,0.0,-1.772192,1.670476,-1.076898,0.0,0.0,-0.432595,1.091909,-0.883268,0.0,0.0,-0.662390,1.713930,-1.267227,0.0,0.0,-0.770238,2.163295,-1.481982,0.0,0.0,-0.886166,2.597766,-1.632046,0.0,0.0,0.111482,1.093399,-0.875368,0.0,0.0,0.110037,1.704056,-1.314091,0.0,0.0,0.141716,2.195344,-1.538763,0.0,0.0,0.151917,2.651102,-1.716137,0.0,0.0,0.559432,1.019837,-0.858237,0.0,0.0,0.720118,1.544840,-1.262831,0.0,0.0,0.848597,2.011078,-1.462213,0.0,0.0,0.940323,2.437286,-1.595948,0.0,0.0,0.896384,0.910839,-0.848799,0.0,0.0,1.318545,1.347638,-1.215385,0.0,0.0,1.609895,1.621518,-1.416403,0.0,0.0,1.876178,1.916549,-1.551772,0.0,0.0
record2.mp4,e7f94d8ffdda6840c9b04703cf2b6166921cdbd5be69632bee01bf2c9ebea648,640,480,12.02,736,61.25,262,21833,Left,0.96228,0.000000,0.000000,0.000000,0.0,0.0,-0.582372,0.433609,-0.310237,0.0,0.0,-1.029831,0.942961,-0.594098,0.0,0.0,-1.393412,1.430275,-0.825667,0.0,0.0,-1.773460,1.769607,-1.072922,0.0,0.0,-0.442737,1.111431,-0.908125,0.0,0.0,-0.670278,1.764726,-1.288836,0.0,0.0,-0.784321,2.223621,-1.497564,0.0,0.0,-0.908305,2.665534,-1.642629,0.0,0.0,0.104991,1.092211,-0.902293,0.0,0.0,0.128386,1.730915,-1.329595,0.0,0.0,0.170386,2.250557,-1.540633,0.0,0.0,0.182505,2.723866,-1.709824,0.0,0.0,0.554913,1.007602,-0.883160,0.0,0.0,0.751107,1.567367,-1.268273,0.0,0.0,0.892587,2.064365,-1.456791,0.0,0.0,0.986315,2.517141,-1.587594,0.0,0.0,0.888198,0.894730,-0.871113,0.0,0.0,1.321378,1.340121,-1.221808,0.0,0.0,1.611643,1.631534,-1.415115,0.0,0.0,1.865917,1.939988,-1.546528,0.0,0.0
record2.mp4,e7f94d8ffdda6840c9b04703cf2b6166921cdbd5be69632bee01bf2c9ebea648,640,480,12.02,736,61.25,263,21916,Left,0.97487,0.000000,0.000000,0.000000,0.0,0.0,-0.604933,0.413307,-0.336860,0.0,0.0,-1.078369,0.972411,-0.635230,0.0,0.0,-1.465138,1.485239,-0.880932,0.0,0.0,-1.875931,1.845623,-1.148397,0.0,0.0,-0.477057,1.096925,-0.955027,0.0,0.0,-0.709416,1.797019,-1.335123,0.0,0.0,-0.827655,2.283239,-1.544725,0.0,0.0,-0.950522,2.767605,-1.696850,0.0,0.0,0.078752,1.074908,-0.949914,0.0,0.0,0.117512,1.734010,-1.345055,0.0,0.0,0.171369,2.277212,-1.531121,0.0,0.0,0.200193,2.795970,-1.692735,0.0,0.0,0.538365,1.001286,-0.935169,0.0,0.0,0.760835,1.639600,-1.298140,0.0,0.0,0.912185,2.178248,-1.474232,0.0,0.0,1.017646,2.687511,-1.606670,0.0,0.0,0.879131,0.901476,-0.932118,0.0,0.0,1.349536,1.381638,-1.269601,0.0,0.0,1.659054,1.686511,-1.451215,0.0,0.0,1.919415,1.999225,-1.579860,0.0,0.0
record2.mp4,e7f94d8ffdda6840c9b04703cf2b6166921cdbd5be69632bee01bf2c9ebea648,640,480,12.02,736,61.25,264,22000,Left,0.956019,0.000000,0.000000,0.000000,0.0,0.0,-0.582201,0.467063,-0.312976,0.0,0.0,-1.063237,1.047416,-0.586057,0.0,0.0,-1.492504,1.558636,-0.813009,0.0,0.0,-1.944032,1.889858,-1.060306,0.0,0.0,-0.491675,1.118524,-0.893803,0.0,0.0,-0.728806,1.822680,-1.244605,0.0,0.0,-0.842088,2.303643,-1.430795,0.0,0.0,-0.948823,2.783643,-1.568116,0.0,0.0,0.061906,1.059004,-0.892581,0.0,0.0,0.126171,1.671354,-1.267581,0.0,0.0,0.186451,2.189537,-1.432346,0.0,0.0,0.218943,2.680603,-1.579538,0.0,0.0,0.528565,0.961192,-0.885351,0.0,0.0,0.772321,1.513903,-1.237212,0.0,0.0,0.920921,2.035470,-1.401041,0.0,0.0,1.033449,2.520500,-1.522779,0.0,0.0,0.888395,0.861241,-0.890134,0.0,0.0,1.378740,1.341598,-1.223357,0.0,0.0,1.715387,1.676322,-1.408809,0.0,0.0,1.998437,2.019989,-1.541022,0.0,0.0
record2.mp4,e7f94d8ffdda6840c9b04703cf2b6166921cdbd5be69632bee01bf2c9ebea648,640,480,12.02,736,61.25,265,22083,Left,0.960213,0.000000,0.000000,0.000000,0.0,0.0,-0.609228,0.415022,-0.347921,0.0,0.0,-1.127322,0.984235,-0.658955,0.0,0.0,-1.566014,1.514639,-0.907867,0.0,0.0,-1.982866,1.879642,-1.181977,0.0,0.0,-0.547602,1.011092,-1.092173,0.0,0.0,-0.805504,1.682086,-1.495183,0.0,0.0,-0.916586,2.157641,-1.696565,0.0,0.0,-1.014886,2.642037,-1.843712,0.0,0.0,0.053055,0.982667,-1.083458,0.0,0.0,0.119817,1.620955,-1.516967,0.0,0.0,0.173940,2.154153,-1.682658,0.0,0.0,0.203136,2.659958,-1.829708,0.0,0.0,0.558923,0.924522,-1.059578,0.0,0.0,0.820434,1.561916,-1.453526,0.0,0.0,1.003258,2.161969,-1.620561,0.0,0.0,1.129474,2.734874,-1.749078,0.0,0.0,0.927601,0.845695,-1.045717,0.0,0.0,1.398693,1.350047,-1.407203,0.0,0.0,1.701983,1.714889,-1.597320,0.0,0.0,1.942947,2.091281,-1.736182,0.0,0.0
record2.mp4,e7f94d8ffdda6840c9b04703cf2b6166921cdbd5be69632bee01bf2c9ebea648,640,480,12.02,736,61.25,266,22166,Left,0.928064,0.000000,0.000000,0.000000,0.0,0.0,-0.537275,0.413589,-0.359084,0.0,0.0,-0.950462,0.955115,-0.698069,0.0,0.0,-1.341546,1.470584,-0.970132,0.0,0.0,-1.726609,1.861108,-1.274322,0.0,0.0,-0.436199,1.082652,-1.128414,0.0,0.0,-0.678687,1.687749,-1.573874,0.0,0.0,-0.814484,2.115706,-1.811108,0.0,0.0,-0.958169,2.539066,-1.970978,0.0,0.0,0.128682,1.078898,-1.122266,0.0,0.0,0.251059,1.798636,-1.549596,0.0,0.0,0.289612,2.309458,-1.707579,0.0,0.0,0.276760,2.773659,-1.835435,0.0,0.0,0.595204,1.002795,-1.102943,0.0,0.0,0.971310,1.719944,-1.494735,0.0,0.0,1.229470,2.288519,-1.654205,0.0,0.0,1.387795,2.831661,-1.774432,0.0,0.0,0.907370,0.878296,-1.090960,0.0,0.0,1.393968,1.327390,-1.446683,0.0,0.0,1.706167,1.653106,-1.614904,0.0,0.0,1.952203,2.006825,-1.734604,0.0,0.0
record2.mp4,e7f94d8ffdda6840c9b04703cf2b6166921cdbd5be69632bee01bf2c9ebea648,640,480,12.02,736,61.25,267,22250,Left,0.887238,0.000000,0.000000,0.000000,0.0,0.0,-0.515767,0.444883,-0.311135,0.0,0.0,-0.871703,0.970703,-0.608746,0.0,0.0,-1.183662,1.439421,-0.852068,0.0,0.0,-1.541118,1.802190,-1.118629,0.0,0.0,-0.257837,1.095078,-0.890548,0.0,0.0,-0.273647,1.669621,-1.227624,0.0,0.0,-0.255008,2.035678,-1.410096,0.0,0.0,-0.263466,2.388388,-1.544580,0.0,0.0,0.302353,1.061011,-0.893569,0.0,0.0,0.571640,1.781830,-1.233150,0.0,0.0,0.741514,2.295587,-1.398749,0.0,0.0,0.854584,2.773801,-1.535704,0.0,0.0,0.735748,0.987576,-0.884791,0.0,0.0,1.155456,1.707377,-1.213330,0.0,0.0,1.488761,2.258452,-1.389736,0.0,0.0,1.738017,2.768759,-1.520596,0.0,0.0,0.998920,0.891796,-0.879058,0.0,0.0,1.513088,1.363552,-1.191322,0.0,0.0,1.880097,1.694523,-1.351384,0.0,0.0,2.180640,2.039370,-1.462237,0.0,0.0
record2.mp4,e7f94d8ffdda6840c9b04703cf2b6166921cdbd5be69632bee01bf2c9ebea648,640,480,12.02,736,61.25,268,22333,Left,0.965484,0.000000,0.000000,0.000000,0.0,0.0,-0.540413,0.413684,-0.503030,0.0,0.0,-0.844126,1.098583,-0.911011,0.0,0.0,-1.074258,1.769693,-1.215695,0.0,0.0,-1.427069,2.314696,-1.533477,0.0,0.0,-0.309918,0.851336,-1.357191,0.0,0.0,-0.277907,1.349667,-1.862899,0.0,0.0,-0.221617,1.778932,-2.116404,0.0,0.0,-0.177785,2.222854,-2.289398,0.0,0.0,0.351899,0.719746,-1.275320,0.0,0.0,0.597823,1.274343,-1.762344,0.0,0.0,0.824322,1.790512,-1.944579,0.0,0.0,1.023218,2.326599,-2.110360,0.0,0.0,0.876915,0.675468,-1.186763,0.0,0.0,1.243341,1.251296,-1.631129,0.0,0.0,1.562846,1.790620,-1.808941,0.0,0.0,1.826754,2.316268,-1.941100,0.0,0.0,1.242925,0.677280,-1.116245,0.0,0.0,1.739809,1.210091,-1.505206,0.0,0.0,2.101925,1.620626,-1.718181,0.0,0.0,2.410946,2.050587,-1.878141,0.0,0.0
record2.mp4,e7f94d8ffdda6840c9b04703cf2b6166921cdbd5be69632bee01bf2c9ebea648,640,480,12.02,736,61.25,269,22416,Left,0.970941,0.000000,0.000000,0.000000,0.0,0.0,-0.554146,0.445719,-0.555338,0.0,0.0,-0.822496,1.193819,-0.993016,0.0,0.0,-0.925373,1.874011,-1.313942,0.0,0.0,-1.240076,2.396689,-1.643780,0.0,0.0,-0.268594,0.805109,-1.483825,0.0,0.0,-0.193551,1.328828,-2.050194,0.0,0.0,-0.137996,1.835282,-2.310787,0.0,0.0,-0.127768,2.332207,-2.464463,0.0,0.0,0.392357,0.671300,-1.374611,0.0,0.0,0.616981,1.293842,-1.922084,0.0,0.0,0.809610,1.922718,-2.095604,0.0,0.0,0.914611,2.501227,-2.225434,0.0,0.0,0.917352,0.641910,-1.259765,0.0,0.0,1.250926,1.310420,-1.757735,0.0,0.0,1.496488,1.969137,-1.970302,0.0,0.0,1.634039,2.566175,-2.095852,0.0,0.0,1.289548,0.663703,-1.162940,0.0,0.0,1.715185,1.268668,-1.575981,0.0,0.0,1.982333,1.791879,-1.821689,0.0,0.0,2.142791,2.318552,-1.991960,0.0,0.0
record2.mp4,e7f94d8ffdda6840c9b04703cf2b6166921cdbd5be69632bee01bf2c9ebea648,640,480,12.02,736,61.25,270,22500,Left,0.98027,0.000000,0.000000,0.000000,0.0,0.0,-0.524152,0.510604,-0.534841,0.0,0.0,-0.793286,1.231662,-0.983816,0.0,0.0,-0.911403,1.895578,-1.314534,0.0,0.0,-1.161902,2.388874,-1.656486,0.0,0.0,-0.309465,0.828199,-1.590152,0.0,0.0,-0.237097,1.721373,-2.215604,0.0,0.0,-0.144872,2.419337,-2.501876,0.0,0.0,-0.068095,3.019064,-2.652952,0.0,0.0,0.333371,0.665390,-1.493066,0.0,0.0,0.595261,1.600012,-2.112740,0.0,0.0,0.806412,2.378578,-2.319421,0.0,0.0,0.957794,3.012003,-2.449496,0.0,0.0,0.874301,0.625826,-1.375691,0.0,0.0,1.230594,1.466673,-1.889170,0.0,0.0,1.444022,2.174813,-2.101454,0.0,0.0,1.580632,2.762441,-2.213417,0.0,0.0,1.277773,0.654774,-1.274522,0.0,0.0,1.676765,1.336844,-1.676454,0.0,0.0,1.880452,1.841091,-1.894682,0.0,0.0,1.999733,2.301591,-2.033099,0.0,0.0
record2.mp4,e7f94d8ffdda6840c9b04703cf2b6166921cdbd5be69632bee01bf2c9ebea648,640,480,12.02,736,61.25,271,22583,Left,0.99037,0.000000,0.000000,0.000000,0.0,0.0,-0.536643,0.553134,-0.559697,0.0,0.0,-0.803231,1.200694,-1.025189,0.0,0.0,-0.892258,1.807902,-1.356030,0.0,0.0,-1.133965,2.296074,-1.696646,0.0,0.0,-0.318319,0.903384,-1.730932,0.0,0.0,-0.205914,1.751098,-2.411404,0.0,0.0,-0.080419,2.454624,-2.728977,0.0,0.0,0.016943,3.025079,-2.896621,0.0,0.0,0.315781,0.683587,-1.620187,0.0,0.0,0.638410,1.537818,-2.325504,0.0,0.0,0.855444,2.334663,-2.580250,0.0,0.0,0.988320,2.951495,-2.742433,0.0,0.0,0.847070,0.590345,-1.482713,0.0,0.0,1.270744,1.336800,-2.070067,0.0,0.0,1.532043,2.070403,-2.325509,0.0,0.0,1.655351,2.671407,-2.464744,0.0,0.0,1.263024,0.576252,-1.356578,0.0,0.0,1.718959,1.180830,-1.831780,0.0,0.0,1.960489,1.701294,-2.106921,0.0,0.0,2.075483,2.191195,-2.282934,0.0,0.0
record2.mp4,e7f94d8ffdda6840c9b04703cf2b6166921cdbd5be69632bee01bf2c9ebea648,640,480,12.02,736,61.25,272,22666,Left,0.992679,0.000000,0.000000,0.000000,0.0,0.0,-0.545570,0.536114,-0.589773,0.0,0.0,-0.808908,1.186224,-1.065360,0.0,0.0,-0.888854,1.813223,-1.397458,0.0,0.0,-1.114795,2.309102,-1.739879,0.0,0.0,-0.315874,0.899005,-1.771531,0.0,0.0,-0.200338,1.736071,-2.454424,0.0,0.0,-0.071460,2.428685,-2.778057,0.0,0.0,0.027836,3.020975,-2.957101,0.0,0.0,0.325993,0.686040,-1.649794,0.0,0.0,0.649073,1.532166,-2.366318,0.0,0.0,0.864606,2.327319,-2.633325,0.0,0.0,1.004770,2.977208,-2.807451,0.0,0.0,0.852690,0.598125,-1.500555,0.0,0.0,1.280745,1.330871,-2.090922,0.0,0.0,1.531614,2.068623,-2.337508,0.0,0.0,1.652626,2.706667,-2.475008,0.0,0.0,1.261592,0.584145,-1.366440,0.0,0.0,1.733124,1.164034,-1.834125,0.0,0.0,1.977787,1.671400,-2.096180,0.0,0.0,2.097108,2.180418,-2.267271,0.0,0.0
record2.mp4,e7f94d8ffdda6840c9b04703cf2b6166921cdbd5be69632bee01bf2c9ebea648,640,480,12.02,736,61.25,273,22750,Left,0.993158,0.000000,0.000000,0.000000,0.0,0.0,-0.540915,0.543328,-0.589333,0.0,0.0,-0.793452,1.189886,-1.072374,0.0,0.0,-0.879294,1.803038,-1.416179,0.0,0.0,-1.120610,2.291383,-1.772348,0.0,0.0,-0.325500,0.910653,-1.763018,0.0,0.0,-0.203593,1.774924,-2.439276,0.0,0.0,-0.069545,2.474516,-2.749499,0.0,0.0,0.037870,3.058823,-2.916704,0.0,0.0,0.308914,0.707549,-1.641582,0.0,0.0,0.637468,1.549826,-2.366409,0.0,0.0,0.864913,2.344273,-2.628078,0.0,0.0,1.012700,2.978683,-2.791141,0.0,0.0,0.835453,0.616877,-1.491848,0.0,0.0,1.260074,1.342887,-2.088397,0.0,0.0,1.522739,2.081561,-2.329414,0.0,0.0,1.657252,2.710961,-2.457596,0.0,0.0,1.248686,0.592662,-1.356404,0.0,0.0,1.722797,1.173544,-1.828907,0.0,0.0,1.968588,1.689334,-2.088214,0.0,0.0,2.093089,2.191237,-2.253316,0.0,0.0
record2.mp4,e7f94d8ffdda6840c9b04703cf2b6166921cdbd5be69632bee01bf2c9ebea648,640,480,12.02,736,61.25,274,22833,Left,0.994548,0.000000,0.000000,0.000000,0.0,0.0,-0.529104,0.539049,-0.571572,0.0,0.0,-0.775563,1.173930,-1.031947,0.0,0.0,-0.863181,1.779716,-1.354641,0.0,0.0,-1.092778,2.265783,-1.688653,0.0,0.0,-0.291539,0.935840,-1.707835,0.0,0.0,-0.207947,1.767073,-2.358810,0.0,0.0,-0.072983,2.440885,-2.662288,0.0,0.0,0.034774,3.005211,-2.829180,0.0,0.0,0.329640,0.731222,-1.583614,0.0,0.0,0.620693,1.544080,-2.287533,0.0,0.0,0.833777,2.327261,-2.552851,0.0,0.0,0.975196,2.959551,-2.724021,0.0,0.0,0.841431,0.642552,-1.431054,0.0,0.0,1.245561,1.344221,-2.010147,0.0,0.0,1.500661,2.067661,-2.253929,0.0,0.0,1.623722,2.687178,-2.388179,0.0,0.0,1.247529,0.624871,-1.291891,0.0,0.0,1.712445,1.181010,-1.753505,0.0,0.0,1.953039,1.686498,-2.017148,0.0,0.0,2.063185,2.181221,-2.187233,0.0,0.0
record2.mp4,e7f94d8ffdda6840c9b04703cf2b6166921cdbd5be69632bee01bf2c9ebea648,640,480,12.02,736,61.25,275,22916,Left,0.995559,0.000000,0.000000,0.000000,0.0,0.0,-0.527399,0.518860,-0.492801,0.0,0.0,-0.808110,1.169593,-0.888806,0.0,0.0,-0.946453,1.770093,-1.166799,0.0,0.0,-1.204420,2.216896,-1.456820,0.0,0.0,-0.302294,0.941207,-1.512277,0.0,0.0,-0.219193,1.757738,-2.097422,0.0,0.0,-0.091567,2.416683,-2.372397,0.0,0.0,0.008237,2.980953,-2.525063,0.0,0.0,0.323197,0.729095,-1.414978,0.0,0.0,0.623480,1.540304,-2.043632,0.0,0.0,0.843836,2.300040,-2.289241,0.0,0.0,0.990466,2.931592,-2.451406,0.0,0.0,0.838189,0.633120,-1.290704,0.0,0.0,1.233905,1.339462,-1.821864,0.0,0.0,1.496048,2.051962,-2.069120,0.0,0.0,1.625051,2.663388,-2.206585,0.0,0.0,1.242201,0.607142,-1.175579,0.0,0.0,1.711375,1.183489,-1.608573,0.0,0.0,1.966303,1.683888,-1.867079,0.0,0.0,2.087664,2.168598,-2.034013,0.0,0.0
record2.mp4,e7f94d8ffdda6840c9b04703cf2b6166921cdbd5be69632bee01bf2c9ebea648,640,480,12.02,736,61.25,276,23000,Left,0.994695,0.000000,0.000000,0.000000,0.0,0.0,-0.554560,0.527259,-0.499428,0.0,0.0,-0.859222,1.171156,-0.903576,0.0,0.0,-1.062253,1.757761,-1.196044,0.0,0.0,-1.352214,2.207485,-1.502964,0.0,0.0,-0.295230,0.959197,-1.459487,0.0,0.0,-0.247750,1.793311,-2.027129,0.0,0.0,-0.154789,2.459985,-2.297706,0.0,0.0,-0.084825,3.051518,-2.450471,0.0,0.0,0.327330,0.771538,-1.364004,0.0,0.0,0.607080,1.586100,-1.956118,0.0,0.0,0.817420,2.326616,-2.181793,0.0,0.0,0.967762,2.958312,-2.332020,0.0,0.0,0.833702,0.674541,-1.246515,0.0,0.0,1.221120,1.378875,-1.743680,0.0,0.0,1.471432,2.075805,-1.956138,0.0,0.0,1.617706,2.704900,-2.074544,0.0,0.0,1.221000,0.638602,-1.143025,0.0,0.0,1.694175,1.191657,-1.542717,0.0,0.0,1.947105,1.672568,-1.762514,0.0,0.0,2.084290,2.161140,-1.903688,0.0,0.0
record2.mp4,e7f94d8ffdda6840c9b04703cf2b6166921cdbd5be69632bee01bf2c9ebea648,640,480,12.02,736,61.25,277,23083,Left,0.989287,0.000000,0.000000,0.000000,0.0,0.0,-0.564332,0.537986,-0.574257,0.0,0.0,-0.871374,1.164065,-1.039152,0.0,0.0,-1.070607,1.738162,-1.382853,0.0,0.0,-1.405408,2.193799,-1.739033,0.0,0.0,-0.288310,0.958849,-1.582973,0.0,0.0,-0.224591,1.748667,-2.202012,0.0,0.0,-0.120439,2.414887,-2.497839,0.0,0.0,-0.050030,2.979364,-2.665343,0.0,0.0,0.340114,0.778724,-1.469445,0.0,0.0,0.640103,1.571325,-2.147742,0.0,0.0,0.857038,2.313247,-2.405258,0.0,0.0,0.994577,2.914909,-2.569233,0.0,0.0,0.843124,0.677489,-1.336489,0.0,0.0,1.222682,1.378320,-1.903267,0.0,0.0,1.481428,2.071880,-2.135039,0.0,0.0,1.621834,2.664304,-2.255438,0.0,0.0,1.220506,0.628094,-1.221231,0.0,0.0,1.692223,1.181694,-1.667639,0.0,0.0,1.937158,1.671306,-1.911668,0.0,0.0,2.068820,2.149825,-2.066698,0.0,0.0
record2.mp4,e7f94d8ffdda6840c9b04703cf2b6166921cdbd5be69632bee01bf2c9ebea648,640,480,12.02,736,61.25,278,23166,Left,0.982034,0.000000,0.000000,0.000000,0.0,0.0,-0.587146,0.507383,-0.604928,0.0,0.0,-0.925444,1.121382,-1.075108,0.0,0.0,-1.156490,1.692645,-1.420005,0.0,0.0,-1.467972,2.165438,-1.773646,0.0,0.0,-0.273046,0.906889,-1.603318,0.0,0.0,-0.214757,1.716549,-2.232792,0.0,0.0,-0.150331,2.382465,-2.541841,0.0,0.0,-0.111173,2.961265,-2.719883,0.0,0.0,0.376953,0.749404,-1.474492,0.0,0.0,0.666995,1.561420,-2.149534,0.0,0.0,0.865661,2.290631,-2.421804,0.0,0.0,0.994129,2.894831,-2.604649,0.0,0.0,0.880134,0.668473,-1.328714,0.0,0.0,1.254380,1.387520,-1.902706,0.0,0.0,1.510873,2.068837,-2.162200,0.0,0.0,1.656660,2.646058,-2.307410,0.0,0.0,1.245397,0.638582,-1.201804,0.0,0.0,1.712431,1.193907,-1.653808,0.0,0.0,1.961354,1.663699,-1.913123,0.0,0.0,2.110078,2.125860,-2.085970,0.0,0.0
record2.mp4,e7f94d8ffdda6840c9b04703cf2b6166921cdbd5be69632bee01bf2c9ebea648,640,480,12.02,736,61.25,279,23250,Left,0.985571,0.000000,0.000000,0.000000,0.0,0.0,-0.557998,0.482291,-0.612118,0.0,0.0,-0.906762,1.102089,-1.103624,0.0,0.0,-1.212769,1.633573,-1.465434,0.0,0.0,-1.551914,2.035958,-1.837008,0.0,0.0,-0.224505,0.889941,-1.680866,0.0,0.0,-0.158791,1.733340,-2.319106,0.0,0.0,-0.098487,2.398927,-2.625984,0.0,0.0,-0.067472,2.960190,-2.801459,0.0,0.0,0.415946,0.742218,-1.550299,0.0,0.0,0.706346,1.590476,-2.251708,0.0,0.0,0.892682,2.328015,-2.552846,0.0,0.0,0.997904,2.920726,-2.754695,0.0,0.0,0.909810,0.678229,-1.393818,0.0,0.0,1.292002,1.430110,-1.979661,0.0,0.0,1.532635,2.114609,-2.291639,0.0,0.0,1.651376,2.667084,-2.473338,0.0,0.0,1.270109,0.660355,-1.252602,0.0,0.0,1.734533,1.233872,-1.708849,0.0,0.0,1.974614,1.705190,-2.002977,0.0,0.0,2.104442,2.152909,-2.204707,0.0,0.0
record2.mp4,e7f94d8ffdda6840c9b04703cf2b6166921cdbd5be69632bee01bf2c9ebea648,640,480,12.02,736,61.25,280,23333,Left,0.9361,0.000000,0.000000,0.000000,0.0,0.0,-0.562521,0.449465,-0.597759,0.0,0.0,-0.904788,1.040916,-1.057417,0.0,0.0,-1.184020,1.583135,-1.405360,0.0,0.0,-1.483343,1.992645,-1.755396,0.0,0.0,-0.208917,0.909582,-1.485649,0.0,0.0,-0.165144,1.785510,-2.086744,0.0,0.0,-0.127770,2.438990,-2.375617,0.0,0.0,-0.107771,2.998667,-2.537925,0.0,0.0,0.416788,0.784469,-1.370258,0.0,0.0,0.690614,1.624584,-2.040352,0.0,0.0,0.875072,2.340630,-2.330841,0.0,0.0,0.990612,2.936164,-2.515409,0.0,0.0,0.902029,0.711431,-1.243114,0.0,0.0,1.262481,1.434419,-1.798894,0.0,0.0,1.479963,2.084560,-2.078040,0.0,0.0,1.604492,2.628927,-2.228504,0.0,0.0,1.257726,0.675918,-1.138371,0.0,0.0,1.707851,1.236543,-1.565648,0.0,0.0,1.937461,1.689079,-1.826878,0.0,0.0,2.073449,2.124978,-1.997066,0.0,0.0
record2.mp4,e7f94d8ffdda6840c9b04703cf2b6166921cdbd5be69632bee01bf2c9ebea648,640,480,12.02,736,61.25,281,23416,Left,0.955762,0.000000,0.000000,0.000000,0.0,0.0,-0.585035,0.489612,-0.584532,0.0,0.0,-0.952384,1.130524,-1.042824,0.0,0.0,-1.262675,1.703848,-1.389917,0.0,0.0,-1.573134,2.170839,-1.746833,0.0,0.0,-0.257446,0.899495,-1.528511,0.0,0.0,-0.205414,1.785112,-2.140332,0.0,0.0,-0.147218,2.470602,-2.437807,0.0,0.0,-0.110203,3.064182,-2.607430,0.0,0.0,0.389002,0.742518,-1.425189,0.0,0.0,0.695268,1.601289,-2.093580,0.0,0.0,0.894173,2.354521,-2.382756,0.0,0.0,1.019204,2.989885,-2.574308,0.0,0.0,0.891998,0.651813,-1.305443,0.0,0.0,1.304909,1.412645,-1.871112,0.0,0.0,1.562289,2.107747,-2.151009,0.0,0.0,1.705310,2.698259,-2.305895,0.0,0.0,1.262319,0.609561,-1.204565,0.0,0.0,1.755858,1.198106,-1.648079,0.0,0.0,2.004929,1.687539,-1.909601,0.0,0.0,2.150165,2.163906,-2.081277,0.0,0.0
record2.mp4,e7f94d8ffdda6840c9b04703cf2b6166921cdbd5be69632bee01bf2c9ebea648,640,480,12.02,736,61.25,282,23500,Left,0.901047,0.000000,0.000000,0.000000,0.0,0.0,-0.565395,0.428380,-0.635337,0.0,0.0,-0.928030,0.967675,-1.152804,0.0,0.0,-1.231288,1.492658,-1.546542,0.0,0.0,-1.513864,1.934312,-1.950115,0.0,0.0,-0.239434,0.896805,-1.693230,0.0,0.0,-0.200426,1.732292,-2.353201,0.0,0.0,-0.139723,2.370002,-2.681220,0.0,0.0,-0.093099,2.923976,-2.876176,0.0,0.0,0.411755,0.773228,-1.569683,0.0,0.0,0.667956,1.566592,-2.318264,0.0,0.0,0.858358,2.271815,-2.662341,0.0,0.0,0.982550,2.868407,-2.898831,0.0,0.0,0.905715,0.686641,-1.421346,0.0,0.0,1.267243,1.370639,-2.039527,0.0,0.0,1.514332,2.035390,-2.369481,0.0,0.0,1.648143,2.588355,-2.569182,0.0,0.0,1.253061,0.627919,-1.289977,0.0,0.0,1.701259,1.154442,-1.767362,0.0,0.0,1.949948,1.620219,-2.075473,0.0,0.0,2.117464,2.077394,-2.293670,0.0,0.0
record2.mp4,e7f94d8ffdda6840c9b04703cf2b6166921cdbd5be69632bee01bf2c9ebea648,640,480,12.02,736,61.25,283,23583,Left,0.955374,0.000000,0.000000,0.000000,0.0,0.0,-0.574846,0.438907,-0.605934,0.0,0.0,-0.935571,1.010137,-1.087035,0.0,0.0,-1.228929,1.522968,-1.452007,0.0,0.0,-1.532639,1.938675,-1.828186,0.0,0.0,-0.222933,0.963012,-1.599826,0.0,0.0,-0.178334,1.821312,-2.224843,0.0,0.0,-0.117464,2.474141,-2.530331,0.0,0.0,-0.076259,3.037561,-2.708625,0.0,0.0,0.402627,0.792796,-1.490265,0.0,0.0,0.728403,1.617983,-2.191125,0.0,0.0,0.916407,2.345184,-2.510976,0.0,0.0,1.035919,2.961404,-2.725524,0.0,0.0,0.884596,0.683239,-1.361153,0.0,0.0,1.306036,1.398108,-1.942310,0.0,0.0,1.554896,2.080785,-2.258331,0.0,0.0,1.692552,2.661666,-2.443418,0.0,0.0,1.241792,0.613234,-1.250216,0.0,0.0,1.738175,1.175186,-1.702232,0.0,0.0,2.007137,1.645957,-1.994390,0.0,0.0,2.177142,2.111888,-2.195171,0.0,0.0
record2.mp4,e7f94d8ffdda6840c9b04703cf2b6166921cdbd5be69632bee01bf2c9ebea648,640,480,12.02,736,61.25,284,23666,Left,0.95212,0.000000,0.000000,0.000000,0.0,0.0,-0.565998,0.511968,-0.615182,0.0,0.0,-0.923630,1.111045,-1.129280,0.0,0.0,-1.212017,1.669500,-1.515386,0.0,0.0,-1.524719,2.131684,-1.913302,0.0,0.0,-0.254709,0.920170,-1.736352,0.0,0.0,-0.193770,1.778096,-2.406101,0.0,0.0,-0.110208,2.449260,-2.725985,0.0,0.0,-0.055117,3.006307,-2.909957,0.0,0.0,0.395145,0.762431,-1.621959,0.0,0.0,0.695627,1.583750,-2.374541,0.0,0.0,0.887494,2.325147,-2.697670,0.0,0.0,1.002312,2.930617,-2.915075,0.0,0.0,0.895664,0.663939,-1.479730,0.0,0.0,1.298605,1.375838,-2.103537,0.0,0.0,1.547082,2.067684,-2.419824,0.0,0.0,1.666703,2.636090,-2.606053,0.0,0.0,1.246230,0.611032,-1.351394,0.0,0.0,1.728746,1.159577,-1.842585,0.0,0.0,1.983455,1.643039,-2.152641,0.0,0.0,2.143812,2.111399,-2.366485,0.0,0.0
record2.mp4,e7f94d8ffdda6840c9b04703cf2b6166921cdbd5be69632bee01bf2c9ebea648,640,480,12.02,736,61.25,285,23750,Left,0.959328,0.000000,0.000000,0.000000,0.0,0.0,-0.554952,0.499686,-0.563704,0.0,0.0,-0.921147,1.105044,-1.040476,0.0,0.0,-1.227287,1.642236,-1.404353,0.0,0.0,-1.548801,2.089405,-1.781916,0.0,0.0,-0.256990,0.931021,-1.612630,0.0,0.0,-0.224302,1.796963,-2.242074,0.0,0.0,-0.153332,2.455438,-2.541593,0.0,0.0,-0.102226,3.024115,-2.715736,0.0,0.0,0.384441,0.782583,-1.520522,0.0,0.0,0.680977,1.607580,-2.229894,0.0,0.0,0.876259,2.337725,-2.536080,0.0,0.0,0.999745,2.953783,-2.742564,0.0,0.0,0.880825,0.682856,-1.401390,0.0,0.0,1.280519,1.403451,-1.993484,0.0,0.0,1.524191,2.089319,-2.289808,0.0,0.0,1.657468,2.672417,-2.461417,0.0,0.0,1.237184,0.619428,-1.294643,0.0,0.0,1.720637,1.175327,-1.757159,0.0,0.0,1.974210,1.653536,-2.039253,0.0,0.0,2.137071,2.127096,-2.231658,0.0,0.0
record2.mp4,e7f94d8ffdda6840c9b04703cf2b6166921cdbd5be69632bee01bf2c9ebea648,640,480,12.02,736,61.25,286,23833,Left,0.962364,0.000000,0.000000,0.000000,0.0,0.0,-0.570681,0.465923,-0.616398,0.0,0.0,-0.917039,1.050224,-1.110391,0.0,0.0,-1.189250,1.601066,-1.477576,0.0,0.0,-1.493834,2.055470,-1.854125,0.0,0.0,-0.257754,0.912107,-1.664127,0.0,0.0,-0.203980,1.750657,-2.306971,0.0,0.0,-0.138198,2.414495,-2.614512,0.0,0.0,-0.090320,2.996600,-2.792135,0.0,0.0,0.382306,0.781560,-1.538452,0.0,0.0,0.661585,1.597827,-2.252179,0.0,0.0,0.856311,2.322138,-2.548092,0.0,0.0,0.981768,2.933953,-2.744762,0.0,0.0,0.877683,0.701983,-1.389264,0.0,0.0,1.260513,1.412083,-1.979675,0.0,0.0,1.510487,2.090755,-2.257169,0.0,0.0,1.648250,2.673195,-2.415789,0.0,0.0,1.238711,0.657231,-1.258614,0.0,0.0,1.703933,1.202178,-1.717618,0.0,0.0,1.957369,1.673984,-1.990695,0.0,0.0,2.118665,2.146925,-2.176044,0.0,0.0
record2.mp4,e7f94d8ffdda6840c9b04703cf2b6166921cdbd5be69632bee01bf2c9ebea648,640,480,12.02,736,61.25,287,23916,Left,0.973202,0.000000,0.000000,0.000000,0.0,0.0,-0.582523,0.442923,-0.584034,0.0,0.0,-0.947057,1.025815,-1.049758,0.0,0.0,-1.276925,1.561707,-1.398069,0.0,0.0,-1.595913,2.003969,-1.757549,0.0,0.0,-0.270489,0.917121,-1.585525,0.0,0.0,-0.219993,1.783682,-2.199261,0.0,0.0,-0.154214,2.446571,-2.491104,0.0,0.0,-0.108224,3.018107,-2.660005,0.0,0.0,0.377465,0.775748,-1.475348,0.0,0.0,0.678884,1.604368,-2.148890,0.0,0.0,0.872115,2.323460,-2.432158,0.0,0.0,1.002378,2.933786,-2.624478,0.0,0.0,0.875031,0.689380,-1.345075,0.0,0.0,1.271825,1.403751,-1.905011,0.0,0.0,1.512486,2.069779,-2.182026,0.0,0.0,1.653051,2.643758,-2.344618,0.0,0.0,1.234399,0.638819,-1.232727,0.0,0.0,1.713547,1.192709,-1.680965,0.0,0.0,1.978961,1.656118,-1.955714,0.0,0.0,2.156981,2.121223,-2.142777,0.0,0.0
record2.mp4,e7f94d8ffdda6840c9b04703cf2b6166921cdbd5be69632bee01bf2c9ebea648,640,480,12.02,736,61.25,288,24000,Left,0.964287,0.000000,0.000000,0.000000,0.0,0.0,-0.557885,0.526124,-0.507941,0.0,0.0,-0.921880,1.126332,-0.943357,0.0,0.0,-1.205104,1.673328,-1.278134,0.0,0.0,-1.522848,2.107374,-1.624131,0.0,0.0,-0.263989,0.997450,-1.461544,0.0,0.0,-0.227687,1.815478,-2.047638,0.0,0.0,-0.152489,2.446792,-2.325259,0.0,0.0,-0.101427,2.994474,-2.485044,0.0,0.0,0.357174,0.829239,-1.381976,0.0,0.0,0.625460,1.610689,-2.048178,0.0,0.0,0.833862,2.304683,-2.317819,0.0,0.0,0.968270,2.885356,-2.495285,0.0,0.0,0.842534,0.706594,-1.279614,0.0,0.0,1.220958,1.398824,-1.839023,0.0,0.0,1.481586,2.052115,-2.085371,0.0,0.0,1.633402,2.617535,-2.220046,0.0,0.0,1.199758,0.627049,-1.188903,0.0,0.0,1.660319,1.163861,-1.634575,0.0,0.0,1.915602,1.629358,-1.887803,0.0,0.0,2.091989,2.104059,-2.052771,0.0,0.0
record2.mp4,e7f94d8ffdda6840c9b04703cf2b6166921cdbd5be69632bee01bf2c9ebea648,640,480,12.02,736,61.25,289,24083,Left,0.973344,0.000000,0.000000,0.000000,0.0,0.0,-0.571023,0.504716,-0.524871,0.0,0.0,-0.941717,1.102699,-0.969380,0.0,0.0,-1.214623,1.655720,-1.304778,0.0,0.0,-1.530849,2.093748,-1.651447,0.0,0.0,-0.290007,0.951912,-1.530484,0.0,0.0,-0.222154,1.765713,-2.138857,0.0,0.0,-0.128763,2.417279,-2.429921,0.0,0.0,-0.065253,2.978641,-2.595484,0.0,0.0,0.351804,0.787062,-1.441411,0.0,0.0,0.649586,1.598331,-2.091062,0.0,0.0,0.877677,2.310179,-2.334601,0.0,0.0,1.021328,2.892498,-2.498711,0.0,0.0,0.855104,0.676344,-1.330797,0.0,0.0,1.241929,1.393490,-1.875079,0.0,0.0,1.507410,2.067448,-2.098290,0.0,0.0,1.655229,2.645676,-2.222134,0.0,0.0,1.217007,0.601078,-1.234806,0.0,0.0,1.694413,1.146383,-1.665939,0.0,0.0,1.954845,1.618277,-1.900943,0.0,0.0,2.121504,2.090953,-2.055344,0.0,0.0
record2.mp4,e7f94d8ffdda6840c9b04703cf2b6166921cdbd5be69632bee01bf2c9ebea648,640,480,12.02,736,61.25,290,24166,Left,0.971454,0.000000,0.000000,0.000000,0.0,0.0,-0.574645,0.491854,-0.567043,0.0,0.0,-0.928356,1.046120,-1.050385,0.0,0.0,-1.227291,1.578914,-1.411698,0.0,0.0,-1.550319,2.043118,-1.783318,0.0,0.0,-0.285858,0.945797,-1.640134,0.0,0.0,-0.229235,1.760539,-2.279912,0.0,0.0,-0.143508,2.415721,-2.585536,0.0,0.0,-0.085323,2.982427,-2.758687,0.0,0.0,0.361772,0.807038,-1.525746,0.0,0.0,0.639603,1.611640,-2.212738,0.0,0.0,0.855012,2.318882,-2.469670,0.0,0.0,0.988472,2.893720,-2.641834,0.0,0.0,0.859000,0.707269,-1.385298,0.0,0.0,1.230505,1.414778,-1.955172,0.0,0.0,1.490677,2.079441,-2.188370,0.0,0.0,1.631344,2.647892,-2.317912,0.0,0.0,1.206486,0.633188,-1.258836,0.0,0.0,1.674640,1.160317,-1.701474,0.0,0.0,1.930464,1.622829,-1.940657,0.0,0.0,2.096683,2.088639,-2.098624,0.0,0.0
record2.mp4,e7f94d8ffdda6840c9b04703cf2b6166921cdbd5be69632bee01bf2c9ebea648,640,480,12.02,736,61.25,291,24250,Left,0.948609,0.000000,0.000000,0.000000,0.0,0.0,-0.591360,0.451539,-0.590079,0.0,0.0,-0.946641,0.981531,-1.065691,0.0,0.0,-1.233951,1.479455,-1.421163,0.0,0.0,-1.514063,1.879781,-1.786641,0.0,0.0,-0.271509,0.975455,-1.595459,0.0,0.0,-0.212112,1.761275,-2.218078,0.0,0.0,-0.137374,2.390620,-2.521651,0.0,0.0,-0.086805,2.944469,-2.699123,0.0,0.0,0.358196,0.839149,-1.473151,0.0,0.0,0.623002,1.609857,-2.173295,0.0,0.0,0.828979,2.296404,-2.460369,0.0,0.0,0.957736,2.870631,-2.650148,0.0,0.0,0.841664,0.740981,-1.328244,0.0,0.0,1.204611,1.418658,-1.900004,0.0,0.0,1.458880,2.066016,-2.150383,0.0,0.0,1.595435,2.627369,-2.291152,0.0,0.0,1.191160,0.667773,-1.202127,0.0,0.0,1.647084,1.176050,-1.646902,0.0,0.0,1.902767,1.624126,-1.902149,0.0,0.0,2.066414,2.082022,-2.073034,0.0,0.0
record2.mp4,e7f94d8ffdda6840c9b04703cf2b6166921cdbd5be69632bee01bf2c9ebea648,640,480,12.02,736,61.25,292,24333,Left,0.935889,0.000000,0.000000,0.000000,0.0,0.0,-0.597343,0.433913,-0.581346,0.0,0.0,-0.974162,0.948133,-1.051844,0.0,0.0,-1.269958,1.423561,-1.405149,0.0,0.0,-1.537030,1.815973,-1.768401,0.0,0.0,-0.283679,0.959921,-1.592739,0.0,0.0,-0.203077,1.778201,-2.225072,0.0,0.0,-0.123414,2.434843,-2.540572,0.0,0.0,-0.072846,3.001552,-2.722075,0.0,0.0,0.358341,0.808885,-1.476490,0.0,0.0,0.656552,1.610768,-2.164558,0.0,0.0,0.868040,2.320037,-2.453958,0.0,0.0,1.003027,2.906857,-2.649554,0.0,0.0,0.851833,0.701502,-1.337689,0.0,0.0,1.229932,1.406901,-1.898866,0.0,0.0,1.492713,2.069821,-2.153481,0.0,0.0,1.636345,2.634257,-2.299529,0.0,0.0,1.205938,0.625688,-1.217395,0.0,0.0,1.681337,1.161823,-1.653833,0.0,0.0,1.946444,1.624225,-1.905787,0.0,0.0,2.120191,2.083585,-2.075344,0.0,0.0
record2.mp4,e7f94d8ffdda6840c9b04703cf2b6166921cdbd5be69632bee01bf2c9ebea648,640,480,12.02,736,61.25,293,24416,Left,0.957955,0.000000,0.000000,0.000000,0.0,0.0,-0.584688,0.430510,-0.565134,0.0,0.0,-0.975876,0.938106,-1.030472,0.0,0.0,-1.310619,1.383526,-1.385314,0.0,0.0,-1.630831,1.729429,-1.752382,0.0,0.0,-0.281655,0.991565,-1.543781,0.0,0.0,-0.235606,1.789268,-2.154884,0.0,0.0,-0.174015,2.421032,-2.460193,0.0,0.0,-0.132473,2.983485,-2.640291,0.0,0.0,0.345437,0.837899,-1.437331,0.0,0.0,0.625193,1.613304,-2.116624,0.0,0.0,0.832168,2.299170,-2.408894,0.0,0.0,0.974686,2.889399,-2.605998,0.0,0.0,0.829535,0.729925,-1.307996,0.0,0.0,1.200208,1.417092,-1.858212,0.0,0.0,1.453593,2.060312,-2.107477,0.0,0.0,1.602621,2.629652,-2.250684,0.0,0.0,1.185414,0.655453,-1.197957,0.0,0.0,1.643320,1.178086,-1.631693,0.0,0.0,1.901276,1.625407,-1.882396,0.0,0.0,2.074056,2.088568,-2.049614,0.0,0.0
record2.mp4,e7f94d8ffdda6840c9b04703cf2b6166921cdbd5be69632bee01bf2c9ebea648,640,480,12.02,736,61.25,294,24500,Left,0.960001,0.000000,0.000000,0.000000,0.0,0.0,-0.588004,0.465422,-0.573971,0.0,0.0,-0.974040,1.030051,-1.041906,0.0,0.0,-1.295536,1.551135,-1.384910,0.0,0.0,-1.583485,2.013106,-1.739189,0.0,0.0,-0.308473,0.922084,-1.690530,0.0,0.0,-0.226521,1.790001,-2.361995,0.0,0.0,-0.132546,2.494952,-2.690378,0.0,0.0,-0.078256,3.102661,-2.876283,0.0,0.0,0.350703,0.753481,-1.579820,0.0,0.0,0.685493,1.614047,-2.287649,0.0,0.0,0.914549,2.380360,-2.573697,0.0,0.0,1.057620,3.011282,-2.771257,0.0,0.0,0.861341,0.655719,-1.443183,0.0,0.0,1.290274,1.398870,-2.018923,0.0,0.0,1.571294,2.111891,-2.280924,0.0,0.0,1.712777,2.724609,-2.435233,0.0,0.0,1.226364,0.597668,-1.322952,0.0,0.0,1.744040,1.165923,-1.788717,0.0,0.0,2.030630,1.663135,-2.064178,0.0,0.0,2.209357,2.164918,-2.249791,0.0,0.0
record2.mp4,e7f94d8ffdda6840c9b04703cf2b6166921cdbd5be69632bee01bf2c9ebea648,640,480,12.02,736,61.25,295,24583,Left,0.974779,0.000000,0.000000,0.000000,0.0,0.0,-0.561412,0.534712,-0.542550,0.0,0.0,-0.924171,1.131390,-0.998588,0.0,0.0,-1.200112,1.673850,-1.335736,0.0,0.0,-1.512845,2.113240,-1.683987,0.0,0.0,-0.270806,0.976962,-1.596659,0.0,0.0,-0.224259,1.749191,-2.225205,0.0,0.0,-0.139674,2.390174,-2.531219,0.0,0.0,-0.090036,2.934076,-2.707644,0.0,0.0,0.363550,0.805679,-1.495992,0.0,0.0,0.647531,1.581900,-2.182349,0.0,0.0,0.862305,2.283561,-2.460984,0.0,0.0,0.995787,2.852782,-2.650723,0.0,0.0,0.858320,0.689096,-1.369180,0.0,0.0,1.232735,1.384568,-1.945902,0.0,0.0,1.495014,2.043273,-2.213218,0.0,0.0,1.635052,2.594038,-2.367527,0.0,0.0,1.209185,0.611801,-1.253529,0.0,0.0,1.681367,1.139410,-1.721072,0.0,0.0,1.947101,1.604451,-2.000007,0.0,0.0,2.120857,2.059705,-2.186817,0.0,0.0
record2.mp4,e7f94d8ffdda6840c9b04703cf2b6166921cdbd5be69632bee01bf2c9ebea648,640,480,12.02,736,61.25,296,24666,Left,0.974174,0.000000,0.000000,0.000000,0.0,0.0,-0.574695,0.526405,-0.498123,0.0,0.0,-0.959444,1.123415,-0.933603,0.0,0.0,-1.250921,1.663523,-1.264557,0.0,0.0,-1.558979,2.085771,-1.608065,0.0,0.0,-0.287380,0.983569,-1.497493,0.0,0.0,-0.229168,1.793688,-2.084782,0.0,0.0,-0.131734,2.424612,-2.363654,0.0,0.0,-0.059941,2.971788,-2.525555,0.0,0.0,0.342840,0.816941,-1.419017,0.0,0.0,0.626358,1.615491,-2.068883,0.0,0.0,0.853443,2.309608,-2.323170,0.0,0.0,1.003457,2.886164,-2.496125,0.0,0.0,0.838930,0.700191,-1.313513,0.0,0.0,1.211708,1.398233,-1.852065,0.0,0.0,1.470371,2.054044,-2.077740,0.0,0.0,1.618865,2.623805,-2.206598,0.0,0.0,1.196996,0.616892,-1.220006,0.0,0.0,1.659728,1.137697,-1.648823,0.0,0.0,1.907526,1.591632,-1.884156,0.0,0.0,2.070498,2.057894,-2.039822,0.0,0.0
record2.mp4,e7f94d8ffdda6840c9b04703cf2b6166921cdbd5be69632bee01bf2c9ebea648,640,480,12.02,736,61.25,297,24750,Left,0.968456,0.000000,0.000000,0.000000,0.0,0.0,-0.580206,0.493496,-0.543714,0.0,0.0,-0.947846,1.087881,-0.993387,0.0,0.0,-1.265002,1.634900,-1.336029,0.0,0.0,-1.592242,2.094424,-1.693708,0.0,0.0,-0.302528,0.967534,-1.525031,0.0,0.0,-0.244886,1.792644,-2.126994,0.0,0.0,-0.148663,2.445527,-2.422403,0.0,0.0,-0.080713,3.021321,-2.598861,0.0,0.0,0.335682,0.801780,-1.436644,0.0,0.0,0.633354,1.608930,-2.091760,0.0,0.0,0.858996,2.324652,-2.363345,0.0,0.0,1.006084,2.931953,-2.555368,0.0,0.0,0.836628,0.683168,-1.327826,0.0,0.0,1.227537,1.389482,-1.868361,0.0,0.0,1.489594,2.060738,-2.104855,0.0,0.0,1.635841,2.649597,-2.246109,0.0,0.0,1.203218,0.596414,-1.237717,0.0,0.0,1.686646,1.144610,-1.677500,0.0,0.0,1.950812,1.618430,-1.927613,0.0,0.0,2.130163,2.101635,-2.096682,0.0,0.0
record2.mp4,e7f94d8ffdda6840c9b04703cf2b6166921cdbd5be69632bee01bf2c9ebea648,640,480,12.02,736,61.25,298,24833,Left,0.948697,0.000000,0.000000,0.000000,0.0,0.0,-0.578469,0.439040,-0.577121,0.0,0.0,-0.967101,0.980265,-1.047448,0.0,0.0,-1.312217,1.447017,-1.403749,0.0,0.0,-1.641452,1.840269,-1.776303,0.0,0.0,-0.327127,0.942219,-1.624227,0.0,0.0,-0.249368,1.801417,-2.259758,0.0,0.0,-0.142389,2.476902,-2.570193,0.0,0.0,-0.062363,3.077310,-2.755473,0.0,0.0,0.321893,0.778421,-1.525411,0.0,0.0,0.656512,1.601205,-2.217689,0.0,0.0,0.893305,2.327895,-2.512593,0.0,0.0,1.056365,2.955604,-2.719247,0.0,0.0,0.830503,0.664426,-1.402370,0.0,0.0,1.255579,1.376559,-1.968723,0.0,0.0,1.530071,2.067632,-2.227200,0.0,0.0,1.683258,2.679582,-2.381818,0.0,0.0,1.209810,0.581123,-1.299002,0.0,0.0,1.720869,1.134937,-1.758655,0.0,0.0,1.997143,1.618641,-2.026628,0.0,0.0,2.174478,2.117945,-2.208963,0.0,0.0
record2.mp4,e7f94d8ffdda6840c9b04703cf2b6166921cdbd5be69632bee01bf2c9ebea648,640,480,12.02,736,61.25,299,24916,Left,0.943943,0.000000,0.000000,0.000000,0.0,0.0,-0.593250,0.455454,-0.581046,0.0,0.0,-0.962963,0.986586,-1.050166,0.0,0.0,-1.267755,1.450123,-1.406364,0.0,0.0,-1.564920,1.818241,-1.779092,0.0,0.0,-0.292377,1.008833,-1.584328,0.0,0.0,-0.210625,1.810019,-2.209194,0.0,0.0,-0.112942,2.455606,-2.519728,0.0,0.0,-0.049482,3.030753,-2.706383,0.0,0.0,0.337488,0.845920,-1.481329,0.0,0.0,0.655272,1.618367,-2.185450,0.0,0.0,0.891626,2.322243,-2.497462,0.0,0.0,1.046453,2.933687,-2.712392,0.0,0.0,0.820771,0.718989,-1.355073,0.0,0.0,1.222297,1.386299,-1.928805,0.0,0.0,1.494547,2.056059,-2.194388,0.0,0.0,1.638065,2.648682,-2.351773,0.0,0.0,1.174874,0.619248,-1.249135,0.0,0.0,1.671752,1.138760,-1.711749,0.0,0.0,1.942053,1.607866,-1.986165,0.0,0.0,2.116681,2.091335,-2.172981,0.0,0.0
record2.mp4,e7f94d8ffdda6840c9b04703cf2b6166921cdbd5be69632bee01bf2c9ebea648,640,480,12.02,736,61.25,300,25000,Left,0.951766,0.000000,0.000000,0.000000,0.0,0.0,-0.597905,0.432762,-0.589215,0.0,0.0,-0.996976,0.937661,-1.071733,0.0,0.0,-1.323299,1.337084,-1.439319,0.0,0.0,-1.659254,1.647989,-1.823262,0.0,0.0,-0.345421,0.969241,-1.643649,0.0,0.0,-0.256884,1.795498,-2.294768,0.0,0.0,-0.145411,2.467724,-2.623590,0.0,0.0,-0.067344,3.061974,-2.820127,0.0,0.0,0.300430,0.793472,-1.538934,0.0,0.0,0.627321,1.588590,-2.260008,0.0,0.0,0.859885,2.327132,-2.579867,0.0,0.0,1.018711,2.966615,-2.801180,0.0,0.0,0.806579,0.679094,-1.408550,0.0,0.0,1.224222,1.382052,-1.986028,0.0,0.0,1.497467,2.063488,-2.253154,0.0,0.0,1.643309,2.663270,-2.411463,0.0,0.0,1.184752,0.605318,-1.299353,0.0,0.0,1.679022,1.156045,-1.763513,0.0,0.0,1.955456,1.637114,-2.039227,0.0,0.0,2.138669,2.134240,-2.226592,0.0,0.0
record2.mp4,e7f94d8ffdda6840c9b04703cf2b6166921cdbd5be69632bee01bf2c9ebea648,640,480,12.02,736,61.25,301,25083,Left,0.963505,0.000000,0.000000,0.000000,0.0,0.0,-0.606999,0.475064,-0.529047,0.0,0.0,-1.002624,1.061860,-0.958114,0.0,0.0,-1.322153,1.579829,-1.275849,0.0,0.0,-1.608473,2.029843,-1.605488,0.0,0.0,-0.361297,0.955518,-1.557421,0.0,0.0,-0.268364,1.809548,-2.177024,0.0,0.0,-0.161188,2.497766,-2.482995,0.0,0.0,-0.091422,3.110911,-2.663690,0.0,0.0,0.287124,0.786259,-1.466834,0.0,0.0,0.626264,1.611140,-2.160007,0.0,0.0,0.866537,2.369387,-2.462107,0.0,0.0,1.028988,3.020755,-2.672243,0.0,0.0,0.799458,0.688149,-1.347594,0.0,0.0,1.227045,1.401314,-1.905314,0.0,0.0,1.510962,2.096515,-2.148403,0.0,0.0,1.668887,2.712549,-2.289985,0.0,0.0,1.180566,0.628672,-1.244361,0.0,0.0,1.693611,1.187177,-1.692142,0.0,0.0,1.974647,1.670438,-1.943411,0.0,0.0,2.163358,2.170306,-2.111182,0.0,0.0
record2.mp4,e7f94d8ffdda6840c9b04703cf2b6166921cdbd5be69632bee01bf2c9ebea648,640,480,12.02,736,61.25,302,25166,Left,0.983862,0.000000,0.000000,0.000000,0.0,0.0,-0.594902,0.533892,-0.465261,0.0,0.0,-0.978179,1.153195,-0.863518,0.0,0.0,-1.265472,1.692454,-1.169609,0.0,0.0,-1.584869,2.117762,-1.493531,0.0,0.0,-0.319392,1.017818,-1.369492,0.0,0.0,-0.217806,1.787558,-1.895817,0.0,0.0,-0.088989,2.405386,-2.144046,0.0,0.0,-0.001061,2.954851,-2.295286,0.0,0.0,0.304431,0.833758,-1.311183,0.0,0.0,0.624597,1.602404,-1.915027,0.0,0.0,0.864584,2.313103,-2.162467,0.0,0.0,1.022437,2.938248,-2.337442,0.0,0.0,0.800302,0.696190,-1.229240,0.0,0.0,1.193249,1.357938,-1.723200,0.0,0.0,1.457284,2.029749,-1.925320,0.0,0.0,1.601861,2.639155,-2.045815,0.0,0.0,1.169191,0.588353,-1.162971,0.0,0.0,1.658877,1.106650,-1.568545,0.0,0.0,1.924752,1.580065,-1.793306,0.0,0.0,2.102805,2.070546,-1.944239,0.0,0.0
record2.mp4,e7f94d8ffdda6840c9b04703cf2b6166921cdbd5be69632bee01bf2c9ebea648,640,480,12.02,736,61.25,303,25250,Left,0.984744,0.000000,0.000000,0.000000,0.0,0.0,-0.578961,0.527290,-0.454848,0.0,0.0,-0.951551,1.113268,-0.845869,0.0,0.0,-1.221763,1.632937,-1.142823,0.0,0.0,-1.564750,2.020693,-1.452782,0.0,0.0,-0.291810,1.011516,-1.351729,0.0,0.0,-0.221206,1.762243,-1.880062,0.0,0.0,-0.103753,2.368355,-2.137395,0.0,0.0,-0.020145,2.896385,-2.292953,0.0,0.0,0.327272,0.828918,-1.285818,0.0,0.0,0.618071,1.572187,-1.893999,0.0,0.0,0.847380,2.257804,-2.144959,0.0,0.0,0.998308,2.844904,-2.320006,0.0,0.0,0.820215,0.697592,-1.193694,0.0,0.0,1.180578,1.331608,-1.684515,0.0,0.0,1.425063,1.969424,-1.880849,0.0,0.0,1.550647,2.531089,-1.993846,0.0,0.0,1.185679,0.599994,-1.116052,0.0,0.0,1.639128,1.110714,-1.509166,0.0,0.0,1.882602,1.555686,-1.721857,0.0,0.0,2.043848,2.010980,-1.861427,0.0,0.0
record2.mp4,e7f94d8ffdda6840c9b04703cf2b6166921cdbd5be69632bee01bf2c9ebea648,640,480,12.02,736,61.25,304,25333,Left,0.9739,0.000000,0.000000,0.000000,0.0,0.0,-0.564044,0.508555,-0.489436,0.0,0.0,-0.932907,1.075858,-0.898773,0.0,0.0,-1.211917,1.584966,-1.201547,0.0,0.0,-1.514702,1.996662,-1.517508,0.0,0.0,-0.273893,1.004459,-1.460660,0.0,0.0,-0.207775,1.738638,-2.027776,0.0,0.0,-0.095451,2.336135,-2.309781,0.0,0.0,-0.016733,2.852359,-2.480595,0.0,0.0,0.348666,0.833570,-1.375865,0.0,0.0,0.626905,1.580597,-2.012002,0.0,0.0,0.847769,2.245866,-2.285498,0.0,0.0,0.986411,2.799078,-2.483285,0.0,0.0,0.838159,0.703518,-1.262785,0.0,0.0,1.193246,1.343238,-1.780095,0.0,0.0,1.436798,1.963832,-2.014958,0.0,0.0,1.551032,2.491665,-2.160855,0.0,0.0,1.192088,0.594954,-1.162373,0.0,0.0,1.646613,1.093925,-1.586383,0.0,0.0,1.886357,1.531652,-1.838154,0.0,0.0,2.038442,1.974292,-2.011833,0.0,0.0
record2.mp4,e7f94d8ffdda6840c9b04703cf2b6166921cdbd5be69632bee01bf2c9ebea648,640,480,12.02,736,61.25,305,25416,Left,0.958297,0.000000,0.000000,0.000000,0.0,0.0,-0.553168,0.475197,-0.547299,0.0,0.0,-0.932159,1.010032,-1.011292,0.0,0.0,-1.285516,1.418231,-1.358546,0.0,0.0,-1.638329,1.734487,-1.717648,0.0,0.0,-0.293674,0.957820,-1.657764,0.0,0.0,-0.201170,1.781405,-2.311529,0.0,0.0,-0.106046,2.443499,-2.634640,0.0,0.0,-0.056424,3.026370,-2.821914,0.0,0.0,0.338687,0.799310,-1.557252,0.0,0.0,0.651326,1.624342,-2.293189,0.0,0.0,0.872355,2.367429,-2.625273,0.0,0.0,1.006878,2.991463,-2.853375,0.0,0.0,0.837105,0.709616,-1.419545,0.0,0.0,1.239964,1.414745,-2.005793,0.0,0.0,1.507395,2.091512,-2.299508,0.0,0.0,1.633276,2.662964,-2.473500,0.0,0.0,1.204754,0.657273,-1.294224,0.0,0.0,1.692325,1.200993,-1.756262,0.0,0.0,1.943076,1.661824,-2.043538,0.0,0.0,2.096188,2.126558,-2.240074,0.0,0.0
record2.mp4,e7f94d8ffdda6840c9b04703cf2b6166921cdbd5be69632bee01bf2c9ebea648,640,480,12.02,736,61.25,306,25500,Left,0.947505,0.000000,0.000000,0.000000,0.0,0.0,-0.584976,0.438539,-0.576709,0.0,0.0,-1.001919,0.935344,-1.074850,0.0,0.0,-1.381748,1.327927,-1.462457,0.0,0.0,-1.776634,1.617872,-1.872193,0.0,0.0,-0.351790,0.948805,-1.690391,0.0,0.0,-0.282218,1.814632,-2.351661,0.0,0.0,-0.185470,2.499005,-2.673724,0.0,0.0,-0.118445,3.106487,-2.860362,0.0,0.0,0.306688,0.782102,-1.595608,0.0,0.0,0.638318,1.603243,-2.308771,0.0,0.0,0.872949,2.348235,-2.599466,0.0,0.0,1.032458,2.991080,-2.797493,0.0,0.0,0.819370,0.666321,-1.472930,0.0,0.0,1.242054,1.389388,-2.055894,0.0,0.0,1.509262,2.095442,-2.321399,0.0,0.0,1.654789,2.718006,-2.474319,0.0,0.0,1.190743,0.588131,-1.367859,0.0,0.0,1.693564,1.161853,-1.829565,0.0,0.0,1.971492,1.658547,-2.097684,0.0,0.0,2.147472,2.160075,-2.278854,0.0,0.0
record2.mp4,e7f94d8ffdda6840c9b04703cf2b6166921cdbd5be69632bee01bf2c9ebea648,640,480,12.02,736,61.25,307,25583,Left,0.978083,0.000000,0.000000,0.000000,0.0,0.0,-0.620091,0.494325,-0.520324,0.0,0.0,-1.032358,1.130982,-0.940903,0.0,0.0,-1.363261,1.666343,-1.254967,0.0,0.0,-1.727005,2.088492,-1.587485,0.0,0.0,-0.370430,0.957372,-1.507117,0.0,0.0,-0.282266,1.772518,-2.098331,0.0,0.0,-0.181913,2.444874,-2.390024,0.0,0.0,-0.115452,3.040298,-2.563750,0.0,0.0,0.278502,0.783248,-1.423283,0.0,0.0,0.605979,1.604270,-2.055208,0.0,0.0,0.841280,2.349162,-2.314136,0.0,0.0,1.001589,2.987247,-2.498312,0.0,0.0,0.795051,0.673736,-1.317073,0.0,0.0,1.204809,1.407335,-1.841969,0.0,0.0,1.474645,2.098008,-2.069001,0.0,0.0,1.628751,2.706095,-2.202638,0.0,0.0,1.180463,0.595208,-1.228523,0.0,0.0,1.665600,1.173225,-1.656404,0.0,0.0,1.940553,1.661282,-1.894853,0.0,0.0,2.115318,2.154342,-2.055213,0.0,0.0
record2.mp4,e7f94d8ffdda6840c9b04703cf2b6166921cdbd5be69632bee01bf2c9ebea648,640,480,12.02,736,61.25,308,25666,Left,0.983141,0.000000,0.000000,0.000000,0.0,0.0,-0.590221,0.515849,-0.474000,0.0,0.0,-0.972630,1.130988,-0.875919,0.0,0.0,-1.271311,1.677315,-1.180858,0.0,0.0,-1.611856,2.102659,-1.498573,0.0,0.0,-0.311778,0.992307,-1.397413,0.0,0.0,-0.227713,1.775106,-1.942475,0.0,0.0,-0.123292,2.404435,-2.206298,0.0,0.0,-0.056995,2.959294,-2.366546,0.0,0.0,0.318532,0.819645,-1.331205,0.0,0.0,0.628098,1.586431,-1.949011,0.0,0.0,0.848824,2.294147,-2.204417,0.0,0.0,0.987331,2.909590,-2.385625,0.0,0.0,0.816885,0.700813,-1.240832,0.0,0.0,1.198334,1.356980,-1.746944,0.0,0.0,1.445279,2.016817,-1.955468,0.0,0.0,1.567255,2.604744,-2.078444,0.0,0.0,1.183085,0.616516,-1.166282,0.0,0.0,1.656530,1.144021,-1.575122,0.0,0.0,1.910081,1.598228,-1.801613,0.0,0.0,2.074446,2.065820,-1.953232,0.0,0.0
record2.mp4,e7f94d8ffdda6840c9b04703cf2b6166921cdbd5be69632bee01bf2c9ebea648,640,480,12.02,736,61.25,309,25750,Left,0.981825,0.000000,0.000000,0.000000,0.0,0.0,-0.572542,0.513679,-0.478306,0.0,0.0,-0.954725,1.117678,-0.884356,0.0,0.0,-1.250592,1.653594,-1.187128,0.0,0.0,-1.597689,2.060216,-1.502551,0.0,0.0,-0.300820,0.972096,-1.448659,0.0,0.0,-0.232486,1.732288,-2.012237,0.0,0.0,-0.127007,2.347986,-2.287945,0.0,0.0,-0.055260,2.884637,-2.452151,0.0,0.0,0.330419,0.811692,-1.370356,0.0,0.0,0.620888,1.577015,-1.992063,0.0,0.0,0.839423,2.266468,-2.243713,0.0,0.0,0.975497,2.843074,-2.422479,0.0,0.0,0.830846,0.705856,-1.264435,0.0,0.0,1.191482,1.372345,-1.772174,0.0,0.0,1.429687,2.011754,-1.985693,0.0,0.0,1.545106,2.564550,-2.112116,0.0,0.0,1.195886,0.627471,-1.172269,0.0,0.0,1.659128,1.150679,-1.579658,0.0,0.0,1.904080,1.602693,-1.807971,0.0,0.0,2.054173,2.060654,-1.961870,0.0,0.0
record2.mp4,e7f94d8ffdda6840c9b04703cf2b6166921cdbd5be69632bee01bf2c9ebea648,640,480,12.02,736,61.25,310,25833,Left,0.976146,0.000000,0.000000,0.000000,0.0,0.0,-0.548455,0.527713,-0.465308,0.0,0.0,-0.914761,1.096690,-0.874728,0.0,0.0,-1.194150,1.609768,-1.181249,0.0,0.0,-1.521400,2.012330,-1.499476,0.0,0.0,-0.269180,1.002344,-1.447518,0.0,0.0,-0.205341,1.718714,-2.016374,0.0,0.0,-0.099469,2.299668,-2.297288,0.0,0.0,-0.026479,2.817155,-2.468175,0.0,0.0,0.347430,0.840877,-1.371698,0.0,0.0,0.612647,1.560352,-2.025406,0.0,0.0,0.830699,2.209634,-2.307392,0.0,0.0,0.970215,2.765063,-2.507689,0.0,0.0,0.835863,0.724006,-1.263196,0.0,0.0,1.178881,1.353915,-1.799817,0.0,0.0,1.427929,1.965787,-2.040399,0.0,0.0,1.554658,2.499045,-2.185756,0.0,0.0,1.189372,0.636859,-1.163060,0.0,0.0,1.627000,1.124710,-1.595400,0.0,0.0,1.862294,1.553174,-1.847963,0.0,0.0,2.020823,1.999885,-2.020961,0.0,0.0
record2.mp4,e7f94d8ffdda6840c9b04703cf2b6166921cdbd5be69632bee01bf2c9ebea648,640,480,12.02,736,61.25,311,25916,Left,0.979139,0.000000,0.000000,0.000000,0.0,0.0,-0.595528,0.517511,-0.520641,0.0,0.0,-0.988098,1.141876,-0.962154,0.0,0.0,-1.298617,1.691643,-1.293000,0.0,0.0,-1.636835,2.112097,-1.636511,0.0,0.0,-0.331644,0.962668,-1.552146,0.0,0.0,-0.265132,1.741201,-2.155580,0.0,0.0,-0.162535,2.362832,-2.452407,0.0,0.0,-0.091139,2.928809,-2.633707,0.0,0.0,0.308284,0.794519,-1.468509,0.0,0.0,0.595239,1.575578,-2.154937,0.0,0.0,0.821553,2.278349,-2.451025,0.0,0.0,0.971228,2.888225,-2.660010,0.0,0.0,0.815382,0.693479,-1.353262,0.0,0.0,1.189201,1.383807,-1.917994,0.0,0.0,1.451559,2.042172,-2.167163,0.0,0.0,1.596156,2.627139,-2.314788,0.0,0.0,1.190284,0.631892,-1.251204,0.0,0.0,1.654019,1.164955,-1.698688,0.0,0.0,1.906665,1.615451,-1.951858,0.0,0.0,2.075854,2.088315,-2.124758,0.0,0.0
record2.mp4,e7f94d8ffdda6840c9b04703cf2b6166921cdbd5be69632bee01bf2c9ebea648,640,480,12.02,736,61.25,312,26000,Left,0.977783,0.000000,0.000000,0.000000,0.0,0.0,-0.593498,0.528519,-0.481255,0.0,0.0,-0.980950,1.161223,-0.891825,0.0,0.0,-1.281199,1.703178,-1.202858,0.0,0.0,-1.649090,2.101310,-1.530378,0.0,0.0,-0.315711,0.985194,-1.450664,0.0,0.0,-0.249224,1.752449,-2.015160,0.0,0.0,-0.146645,2.372554,-2.292311,0.0,0.0,-0.073885,2.944334,-2.464678,0.0,0.0,0.315812,0.808911,-1.387260,0.0,0.0,0.607270,1.586000,-2.037052,0.0,0.0,0.836071,2.300324,-2.318649,0.0,0.0,0.990821,2.941003,-2.519866,0.0,0.0,0.816658,0.691101,-1.293220,0.0,0.0,1.203468,1.370495,-1.825954,0.0,0.0,1.463164,2.037724,-2.053776,0.0,0.0,1.605333,2.642542,-2.189803,0.0,0.0,1.189202,0.607565,-1.212774,0.0,0.0,1.659153,1.148101,-1.642868,0.0,0.0,1.920277,1.614488,-1.881490,0.0,0.0,2.103251,2.109292,-2.043733,0.0,0.0
record2.mp4,e7f94d8ffdda6840c9b04703cf2b6166921cdbd5be69632bee01bf2c9ebea648,640,480,12.02,736,61.25,313,26083,Left,0.962051,0.000000,0.000000,0.000000,0.0,0.0,-0.570192,0.486979,-0.431037,0.0,0.0,-0.942652,1.084661,-0.802994,0.0,0.0,-1.223458,1.602913,-1.098632,0.0,0.0,-1.589599,1.959406,-1.414215,0.0,0.0,-0.315197,1.003231,-1.267007,0.0,0.0,-0.258569,1.789756,-1.757890,0.0,0.0,-0.174358,2.357886,-2.001833,0.0,0.0,-0.097169,2.882900,-2.160425,0.0,0.0,0.312546,0.829593,-1.215976,0.0,0.0,0.545582,1.449102,-1.744059,0.0,0.0,0.751651,2.006137,-1.946773,0.0,0.0,0.900217,2.515672,-2.099925,0.0,0.0,0.811981,0.696726,-1.148911,0.0,0.0,1.140154,1.331198,-1.622247,0.0,0.0,1.399984,1.930726,-1.823744,0.0,0.0,1.578483,2.477893,-1.947134,0.0,0.0,1.176026,0.604506,-1.092576,0.0,0.0,1.603918,1.114780,-1.473168,0.0,0.0,1.857311,1.534703,-1.674436,0.0,0.0,2.030408,1.984064,-1.812399,0.0,0.0
record2.mp4,e7f94d8ffdda6840c9b04703cf2b6166921cdbd5be69632bee01bf2c9ebea648,640,480,12.02,736,61.25,314,26166,Left,0.97688,0.000000,0.000000,0.000000,0.0,0.0,-0.570949,0.488159,-0.448421,0.0,0.0,-0.935198,1.123976,-0.831588,0.0,0.0,-1.222916,1.675860,-1.132948,0.0,0.0,-1.629793,2.039209,-1.447391,0.0,0.0,-0.333820,0.977527,-1.292458,0.0,0.0,-0.263300,1.811145,-1.763492,0.0,0.0,-0.188301,2.407780,-1.980964,0.0,0.0,-0.122388,2.972745,-2.130670,0.0,0.0,0.293863,0.807816,-1.240556,0.0,0.0,0.527428,1.381735,-1.749670,0.0,0.0,0.718699,1.924885,-1.922063,0.0,0.0,0.849533,2.439100,-2.059032,0.0,0.0,0.804334,0.706756,-1.178466,0.0,0.0,1.161380,1.322869,-1.646594,0.0,0.0,1.413149,1.948762,-1.843496,0.0,0.0,1.588867,2.537697,-1.971560,0.0,0.0,1.178706,0.656901,-1.130408,0.0,0.0,1.650967,1.174834,-1.519599,0.0,0.0,1.929720,1.603427,-1.736842,0.0,0.0,2.122509,2.074736,-1.891760,0.0,0.0
record2.mp4,e7f94d8ffdda6840c9b04703cf2b6166921cdbd5be69632bee01bf2c9ebea648,640,480,12.02,736,61.25,315,26250,Left,0.977174,0.000000,0.000000,0.000000,0.0,0.0,-0.588302,0.485811,-0.417697,0.0,0.0,-0.977923,1.130077,-0.775160,0.0,0.0,-1.271638,1.693361,-1.059347,0.0,0.0,-1.650277,2.052264,-1.357310,0.0,0.0,-0.350729,0.963488,-1.210793,0.0,0.0,-0.282051,1.790902,-1.662227,0.0,0.0,-0.212341,2.385521,-1.883624,0.0,0.0,-0.146933,2.948625,-2.040455,0.0,0.0,0.280863,0.789418,-1.175637,0.0,0.0,0.518095,1.365933,-1.665010,0.0,0.0,0.698489,1.877337,-1.843975,0.0,0.0,0.832174,2.369733,-1.988606,0.0,0.0,0.800252,0.687594,-1.129123,0.0,0.0,1.156763,1.325068,-1.575803,0.0,0.0,1.416580,1.938480,-1.755630,0.0,0.0,1.612288,2.521024,-1.876854,0.0,0.0,1.184402,0.641047,-1.096800,0.0,0.0,1.642876,1.166794,-1.461575,0.0,0.0,1.906083,1.577306,-1.647098,0.0,0.0,2.087410,2.026021,-1.780211,0.0,0.0
record2.mp4,e7f94d8ffdda6840c9b04703cf2b6166921cdbd5be69632bee01bf2c9ebea648,640,480,12.02,736,61.25,316,26333,Left,0.961674,0.000000,0.000000,0.000000,0.0,0.0,-0.551565,0.540126,-0.414300,0.0,0.0,-0.913088,1.100466,-0.806249,0.0,0.0,-1.210928,1.611632,-1.118954,0.0,0.0,-1.539925,2.017663,-1.450788,0.0,0.0,-0.289156,1.050246,-1.292172,0.0,0.0,-0.222626,1.776520,-1.815304,0.0,0.0,-0.117082,2.347320,-2.073604,0.0,0.0,-0.039193,2.855604,-2.236073,0.0,0.0,0.309711,0.875467,-1.263015,0.0,0.0,0.524807,1.608338,-1.865455,0.0,0.0,0.705870,2.254997,-2.122882,0.0,0.0,0.824733,2.819685,-2.308207,0.0,0.0,0.794838,0.721093,-1.210214,0.0,0.0,1.134729,1.345410,-1.703330,0.0,0.0,1.373252,1.964022,-1.902466,0.0,0.0,1.500471,2.520611,-2.026992,0.0,0.0,1.159122,0.592193,-1.169196,0.0,0.0,1.604061,1.085908,-1.575753,0.0,0.0,1.849462,1.524353,-1.796917,0.0,0.0,2.026900,1.984235,-1.948726,0.0,0.0
record2.mp4,e7f94d8ffdda6840c9b04703cf2b6166921cdbd5be69632bee01bf2c9ebea648,640,480,12.02,736,61.25,317,26416,Left,0.967653,0.000000,0.000000,0.000000,0.0,0.0,-0.567944,0.526211,-0.470951,0.0,0.0,-0.941604,1.131129,-0.883278,0.0,0.0,-1.243339,1.658768,-1.203240,0.0,0.0,-1.615791,2.055939,-1.541578,0.0,0.0,-0.315698,0.995109,-1.411592,0.0,0.0,-0.252401,1.776375,-1.964965,0.0,0.0,-0.153712,2.389947,-2.228791,0.0,0.0,-0.085533,2.938883,-2.389744,0.0,0.0,0.304548,0.830538,-1.358319,0.0,0.0,0.533610,1.632663,-1.987540,0.0,0.0,0.721632,2.330327,-2.244529,0.0,0.0,0.839115,2.925299,-2.425888,0.0,0.0,0.803495,0.700219,-1.280026,0.0,0.0,1.163735,1.371302,-1.796392,0.0,0.0,1.410316,2.018108,-2.005638,0.0,0.0,1.541638,2.587278,-2.129719,0.0,0.0,1.182914,0.593017,-1.216714,0.0,0.0,1.654713,1.138111,-1.633838,0.0,0.0,1.906296,1.597199,-1.861240,0.0,0.0,2.077657,2.064078,-2.016404,0.0,0.0
record2.mp4,e7f94d8ffdda6840c9b04703cf2b6166921cdbd5be69632bee01bf2c9ebea648,640,480,12.02,736,61.25,318,26500,Left,0.969424,0.000000,0.000000,0.000000,0.0,0.0,-0.558973,0.520140,-0.428724,0.0,0.0,-0.920624,1.099841,-0.805328,0.0,0.0,-1.184834,1.610535,-1.098395,0.0,0.0,-1.525680,1.994699,-1.408402,0.0,0.0,-0.271119,1.034551,-1.268899,0.0,0.0,-0.226275,1.769831,-1.772902,0.0,0.0,-0.134209,2.338035,-2.016965,0.0,0.0,-0.063752,2.837790,-2.166570,0.0,0.0,0.328086,0.873079,-1.221167,0.0,0.0,0.529620,1.615875,-1.785353,0.0,0.0,0.708387,2.252521,-2.015617,0.0,0.0,0.825351,2.789930,-2.179321,0.0,0.0,0.809907,0.732825,-1.152474,0.0,0.0,1.131164,1.376744,-1.619462,0.0,0.0,1.358549,1.971937,-1.807277,0.0,0.0,1.483195,2.491598,-1.919943,0.0,0.0,1.172177,0.614292,-1.097347,0.0,0.0,1.598929,1.126187,-1.480793,0.0,0.0,1.837016,1.555960,-1.688036,0.0,0.0,1.999463,1.991908,-1.827148,0.0,0.0
record2.mp4,e7f94d8ffdda6840c9b04703cf2b6166921cdbd5be69632bee01bf2c9ebea648,640,480,12.02,736,61.25,319,26583,Left,0.955162,0.000000,0.000000,0.000000,0.0,0.0,-0.571984,0.487179,-0.480461,0.0,0.0,-0.944227,1.093331,-0.886880,0.0,0.0,-1.247156,1.624485,-1.199123,0.0,0.0,-1.583611,2.031684,-1.530313,0.0,0.0,-0.301019,0.987089,-1.408399,0.0,0.0,-0.246329,1.743622,-1.957090,0.0,0.0,-0.157457,2.325094,-2.226482,0.0,0.0,-0.092393,2.858398,-2.395521,0.0,0.0,0.317240,0.839528,-1.348736,0.0,0.0,0.540993,1.594394,-1.957964,0.0,0.0,0.722570,2.239088,-2.215903,0.0,0.0,0.837562,2.805020,-2.404332,0.0,0.0,0.813175,0.719336,-1.265067,0.0,0.0,1.154753,1.388657,-1.773335,0.0,0.0,1.392310,1.999560,-1.988584,0.0,0.0,1.523548,2.539400,-2.121879,0.0,0.0,1.186370,0.614442,-1.196285,0.0,0.0,1.636870,1.145141,-1.608873,0.0,0.0,1.877899,1.575023,-1.834336,0.0,0.0,2.035704,2.015375,-1.990758,0.0,0.0
record2.mp4,e7f94d8ffdda6840c9b04703cf2b6166921cdbd5be69632bee01bf2c9ebea648,640,480,12.02,736,61.25,320,26666,Left,0.952939,0.000000,0.000000,0.000000,0.0,0.0,-0.558201,0.486430,-0.414086,0.0,0.0,-0.956728,1.115526,-0.779523,0.0,0.0,-1.282103,1.662095,-1.064400,0.0,0.0,-1.641156,2.054656,-1.366778,0.0,0.0,-0.305806,0.974392,-1.248642,0.0,0.0,-0.278809,1.648160,-1.740485,0.0,0.0,-0.204320,2.181543,-1.982109,0.0,0.0,-0.154441,2.687301,-2.137281,0.0,0.0,0.311770,0.845769,-1.218267,0.0,0.0,0.494691,1.618702,-1.767091,0.0,0.0,0.657258,2.265498,-1.998077,0.0,0.0,0.757472,2.843212,-2.171716,0.0,0.0,0.810408,0.735669,-1.166118,0.0,0.0,1.124101,1.404819,-1.623817,0.0,0.0,1.354568,2.018218,-1.815458,0.0,0.0,1.481844,2.564049,-1.936536,0.0,0.0,1.183931,0.631766,-1.127934,0.0,0.0,1.628654,1.165053,-1.501012,0.0,0.0,1.868463,1.606626,-1.704462,0.0,0.0,2.025406,2.059522,-1.848869,0.0,0.0
record2.mp4,e7f94d8ffdda6840c9b04703cf2b6166921cdbd5be69632bee01bf2c9ebea648,640,480,12.02,736,61.25,321,26750,Left,0.956955,0.000000,0.000000,0.000000,0.0,0.0,-0.591650,0.464894,-0.470692,0.0,0.0,-0.993681,1.140172,-0.869560,0.0,0.0,-1.328875,1.701945,-1.178167,0.0,0.0,-1.727258,2.107877,-1.505221,0.0,0.0,-0.363831,0.919583,-1.354050,0.0,0.0,-0.336869,1.516949,-1.889110,0.0,0.0,-0.265858,2.048070,-2.159663,0.0,0.0,-0.230637,2.581393,-2.336632,0.0,0.0,0.276539,0.789828,-1.318761,0.0,0.0,0.501807,1.577843,-1.906768,0.0,0.0,0.693476,2.268802,-2.172420,0.0,0.0,0.813280,2.912710,-2.375656,0.0,0.0,0.796550,0.701776,-1.262595,0.0,0.0,1.160788,1.393802,-1.766623,0.0,0.0,1.423081,2.046524,-2.003798,0.0,0.0,1.572578,2.644729,-2.155144,0.0,0.0,1.194063,0.615613,-1.222540,0.0,0.0,1.678032,1.177598,-1.624978,0.0,0.0,1.946616,1.636715,-1.855084,0.0,0.0,2.117119,2.114130,-2.024412,0.0,0.0
record2.mp4,e7f94d8ffdda6840c9b04703cf2b6166921cdbd5be69632bee01bf2c9ebea648,640,480,12.02,736,61.25,322,26833,Left,0.979345,0.000000,0.000000,0.000000,0.0,0.0,-0.584914,0.504228,-0.450014,0.0,0.0,-0.960143,1.120641,-0.834964,0.0,0.0,-1.276035,1.677892,-1.132891,0.0,0.0,-1.630158,2.107815,-1.447416,0.0,0.0,-0.319053,1.003502,-1.307973,0.0,0.0,-0.373247,1.761951,-1.826098,0.0,0.0,-0.343078,2.369902,-2.082922,0.0,0.0,-0.331534,2.950434,-2.246994,0.0,0.0,0.295891,0.865220,-1.258322,0.0,0.0,0.474391,1.620279,-1.848404,0.0,0.0,0.650498,2.298478,-2.102344,0.0,0.0,0.774012,2.920736,-2.285853,0.0,0.0,0.786746,0.751596,-1.185019,0.0,0.0,1.126658,1.396581,-1.674690,0.0,0.0,1.363643,2.029025,-1.868000,0.0,0.0,1.505801,2.627356,-1.984805,0.0,0.0,1.157857,0.656430,-1.127074,0.0,0.0,1.617003,1.164315,-1.523133,0.0,0.0,1.868901,1.594089,-1.726585,0.0,0.0,2.051970,2.059548,-1.863828,0.0,0.0
record2.mp4,e7f94d8ffdda6840c9b04703cf2b6166921cdbd5be69632bee01bf2c9ebea648,640,480,12.02,736,61.25,323,26916,Left,0.975325,0.000000,0.000000,0.000000,0.0,0.0,-0.585026,0.501949,-0.475227,0.0,0.0,-0.960408,1.106003,-0.878510,0.0,0.0,-1.253558,1.642261,-1.190834,0.0,0.0,-1.600257,2.073875,-1.521680,0.0,0.0,-0.318281,1.009569,-1.365152,0.0,0.0,-0.337897,1.760542,-1.918277,0.0,0.0,-0.298316,2.368552,-2.199516,0.0,0.0,-0.288958,2.933673,-2.375640,0.0,0.0,0.294168,0.852071,-1.308253,0.0,0.0,0.493608,1.597572,-1.932373,0.0,0.0,0.669826,2.270934,-2.213666,0.0,0.0,0.789100,2.878910,-2.417253,0.0,0.0,0.785632,0.728568,-1.228471,0.0,0.0,1.129477,1.365333,-1.743870,0.0,0.0,1.369551,1.988379,-1.959885,0.0,0.0,1.503201,2.565304,-2.092655,0.0,0.0,1.166637,0.631013,-1.164507,0.0,0.0,1.630731,1.137330,-1.584036,0.0,0.0,1.882342,1.566340,-1.809300,0.0,0.0,2.057521,2.021467,-1.963083,0.0,0.0
record2.mp4,e7f94d8ffdda6840c9b04703cf2b6166921cdbd5be69632bee01bf2c9ebea648,640,480,12.02,736,61.25,324,27000,Left,0.979557,0.000000,0.000000,0.000000,0.0,0.0,-0.558636,0.505512,-0.421494,0.0,0.0,-0.934234,1.106501,-0.806367,0.0,0.0,-1.240367,1.660435,-1.107214,0.0,0.0,-1.614139,2.067667,-1.425183,0.0,0.0,-0.319329,0.990544,-1.297224,0.0,0.0,-0.350858,1.695166,-1.816616,0.0,0.0,-0.302567,2.264463,-2.078379,0.0,0.0,-0.277593,2.790994,-2.242546,0.0,0.0,0.291805,0.861695,-1.257723,0.0,0.0,0.468312,1.621327,-1.838791,0.0,0.0,0.637911,2.284815,-2.088136,0.0,0.0,0.747917,2.858245,-2.269565,0.0,0.0,0.785548,0.760223,-1.191182,0.0,0.0,1.109046,1.418030,-1.663416,0.0,0.0,1.336954,2.033541,-1.854611,0.0,0.0,1.464718,2.583830,-1.974374,0.0,0.0,1.162798,0.668222,-1.137017,0.0,0.0,1.596263,1.180286,-1.512970,0.0,0.0,1.826120,1.611401,-1.708480,0.0,0.0,1.981409,2.058575,-1.843213,0.0,0.0
record2.mp4,e7f94d8ffdda6840c9b04703cf2b6166921cdbd5be69632bee01bf2c9ebea648,640,480,12.02,736,61.25,325,27083,Left,0.967268,0.000000,0.000000,0.000000,0.0,0.0,-0.583463,0.469860,-0.471860,0.0,0.0,-0.994825,1.090656,-0.884359,0.0,0.0,-1.326456,1.656432,-1.197256,0.0,0.0,-1.688237,2.079328,-1.527414,0.0,0.0,-0.368771,0.917157,-1.437733,0.0,0.0,-0.427200,1.522635,-1.990651,0.0,0.0,-0.392025,2.050455,-2.266965,0.0,0.0,-0.385887,2.570108,-2.444348,0.0,0.0,0.266423,0.812661,-1.388458,0.0,0.0,0.440559,1.582925,-2.024398,0.0,0.0,0.614399,2.260557,-2.315122,0.0,0.0,0.726869,2.869836,-2.532000,0.0,0.0,0.783144,0.736716,-1.306028,0.0,0.0,1.114049,1.394532,-1.833421,0.0,0.0,1.364572,2.013281,-2.074815,0.0,0.0,1.510528,2.567782,-2.229680,0.0,0.0,1.178972,0.657572,-1.234510,0.0,0.0,1.634497,1.178045,-1.651774,0.0,0.0,1.882090,1.607063,-1.885432,0.0,0.0,2.047888,2.052037,-2.054537,0.0,0.0
record2.mp4,e7f94d8ffdda6840c9b04703cf2b6166921cdbd5be69632bee01bf2c9ebea648,640,480,12.02,736,61.25,326,27166,Left,0.981874,0.000000,0.000000,0.000000,0.0,0.0,-0.568022,0.488593,-0.444820,0.0,0.0,-0.955595,1.098998,-0.838546,0.0,0.0,-1.280744,1.667821,-1.146013,0.0,0.0,-1.670857,2.091176,-1.472366,0.0,0.0,-0.342557,0.978824,-1.322688,0.0,0.0,-0.427802,1.732928,-1.851286,0.0,0.0,-0.417399,2.340814,-2.121518,0.0,0.0,-0.426949,2.903117,-2.293888,0.0,0.0,0.265737,0.856570,-1.278301,0.0,0.0,0.445352,1.624092,-1.848254,0.0,0.0,0.596784,2.296240,-2.093243,0.0,0.0,0.697605,2.887618,-2.276241,0.0,0.0,0.765635,0.766037,-1.211363,0.0,0.0,1.101860,1.435319,-1.689002,0.0,0.0,1.314625,2.061688,-1.887556,0.0,0.0,1.436037,2.630945,-2.014292,0.0,0.0,1.156792,0.689439,-1.158946,0.0,0.0,1.602207,1.205750,-1.545520,0.0,0.0,1.834877,1.625529,-1.747848,0.0,0.0,1.983409,2.064163,-1.887956,0.0,0.0
record2.mp4,e7f94d8ffdda6840c9b04703cf2b6166921cdbd5be69632bee01bf2c9ebea648,640,480,12.02,736,61.25,327,27250,Left,0.972302,0.000000,0.000000,0.000000,0.0,0.0,-0.546898,0.475003,-0.405482,0.0,0.0,-0.917300,1.007893,-0.785689,0.0,0.0,-1.215977,1.531859,-1.086354,0.0,0.0,-1.561611,1.938790,-1.405796,0.0,0.0,-0.309924,0.994588,-1.267980,0.0,0.0,-0.378112,1.732622,-1.782311,0.0,0.0,-0.358563,2.306019,-2.046387,0.0,0.0,-0.351450,2.811362,-2.212147,0.0,0.0,0.301618,0.885722,-1.230964,0.0,0.0,0.463733,1.606737,-1.792143,0.0,0.0,0.608649,2.219699,-2.031541,0.0,0.0,0.705780,2.740677,-2.209239,0.0,0.0,0.794188,0.776408,-1.168889,0.0,0.0,1.095167,1.405755,-1.628596,0.0,0.0,1.288369,1.972884,-1.811744,0.0,0.0,1.391148,2.470613,-1.931501,0.0,0.0,1.153479,0.666961,-1.117812,0.0,0.0,1.575348,1.141170,-1.491413,0.0,0.0,1.787206,1.535463,-1.684089,0.0,0.0,1.925248,1.939844,-1.817001,0.0,0.0
record2.mp4,e7f94d8ffdda6840c9b04703cf2b6166921cdbd5be69632bee01bf2c9ebea648,640,480,12.02,736,61.25,328,27333,Left,0.972294,0.000000,0.000000,0.000000,0.0,0.0,-0.567104,0.480873,-0.438065,0.0,0.0,-0.944507,1.053436,-0.823771,0.0,0.0,-1.251787,1.596227,-1.117536,0.0,0.0,-1.583726,2.003212,-1.428592,0.0,0.0,-0.311161,1.025319,-1.339082,0.0,0.0,-0.408285,1.769042,-1.857508,0.0,0.0,-0.388659,2.335680,-2.114117,0.0,0.0,-0.389187,2.853918,-2.272479,0.0,0.0,0.295287,0.905645,-1.280583,0.0,0.0,0.466875,1.650695,-1.876991,0.0,0.0,0.643561,2.292569,-2.133558,0.0,0.0,0.762823,2.851811,-2.316545,0.0,0.0,0.775767,0.793985,-1.189836,0.0,0.0,1.066964,1.442540,-1.680574,0.0,0.0,1.285300,2.012096,-1.878057,0.0,0.0,1.417445,2.524906,-1.995944,0.0,0.0,1.131679,0.686630,-1.108671,0.0,0.0,1.545333,1.166069,-1.500612,0.0,0.0,1.765462,1.552585,-1.698769,0.0,0.0,1.921923,1.960258,-1.829730,0.0,0.0
record2.mp4,e7f94d8ffdda6840c9b04703cf2b6166921cdbd5be69632bee01bf2c9ebea648,640,480,12.02,736,61.25,329,27416,Left,0.9715,0.000000,0.000000,0.000000,0.0,0.0,-0.550519,0.454819,-0.443477,0.0,0.0,-0.924745,1.035979,-0.849094,0.0,0.0,-1.222358,1.585073,-1.173305,0.0,0.0,-1.625310,1.953808,-1.517442,0.0,0.0,-0.331573,0.949611,-1.337725,0.0,0.0,-0.379029,1.748477,-1.863807,0.0,0.0,-0.369156,2.328585,-2.128014,0.0,0.0,-0.363916,2.855428,-2.296921,0.0,0.0,0.297123,0.817737,-1.292284,0.0,0.0,0.448100,1.454270,-1.827492,0.0,0.0,0.587408,2.015703,-2.015901,0.0,0.0,0.677473,2.510594,-2.161313,0.0,0.0,0.810316,0.719411,-1.231935,0.0,0.0,1.108051,1.369260,-1.709367,0.0,0.0,1.328571,1.960192,-1.894829,0.0,0.0,1.473244,2.488209,-2.014070,0.0,0.0,1.186912,0.646378,-1.183615,0.0,0.0,1.587921,1.158747,-1.571322,0.0,0.0,1.824762,1.564858,-1.765729,0.0,0.0,1.989745,1.991800,-1.900904,0.0,0.0
record2.mp4,e7f94d8ffdda6840c9b04703cf2b6166921cdbd5be69632bee01bf2c9ebea648,640,480,12.02,736,61.25,330,27500,Left,0.959407,0.000000,0.000000,0.000000,0.0,0.0,-0.577790,0.479723,-0.428035,0.0,0.0,-0.953848,1.086160,-0.794828,0.0,0.0,-1.261179,1.627254,-1.084833,0.0,0.0,-1.608908,2.032327,-1.389398,0.0,0.0,-0.328296,0.969529,-1.220097,0.0,0.0,-0.395555,1.787089,-1.717031,0.0,0.0,-0.385190,2.401311,-1.971270,0.0,0.0,-0.384974,2.980455,-2.131710,0.0,0.0,0.287721,0.834839,-1.186095,0.0,0.0,0.464214,1.653456,-1.725736,0.0,0.0,0.628534,2.343819,-1.974901,0.0,0.0,0.753767,2.978642,-2.159592,0.0,0.0,0.791036,0.732389,-1.132630,0.0,0.0,1.117746,1.423717,-1.583948,0.0,0.0,1.346043,2.048228,-1.787105,0.0,0.0,1.490340,2.634163,-1.915393,0.0,0.0,1.179360,0.655510,-1.095154,0.0,0.0,1.618585,1.184727,-1.453896,0.0,0.0,1.857915,1.598189,-1.642984,0.0,0.0,2.026543,2.048225,-1.775006,0.0,0.0
record2.mp4,e7f94d8ffdda6840c9b04703cf2b6166921cdbd5be69632bee01bf2c9ebea648,640,480,12.02,736,61.25,331,27583,Left,0.967582,0.000000,0.000000,0.000000,0.0,0.0,-0.542521,0.495453,-0.408324,0.0,0.0,-0.905879,1.043756,-0.784049,0.0,0.0,-1.199665,1.568143,-1.077334,0.0,0.0,-1.541466,1.965853,-1.388897,0.0,0.0,-0.303653,1.023648,-1.284807,0.0,0.0,-0.371365,1.775740,-1.808339,0.0,0.0,-0.358726,2.344390,-2.074682,0.0,0.0,-0.368401,2.858381,-2.239877,0.0,0.0,0.290485,0.890866,-1.241934,0.0,0.0,0.409837,1.623086,-1.830420,0.0,0.0,0.543453,2.243984,-2.098290,0.0,0.0,0.628549,2.778360,-2.294214,0.0,0.0,0.777109,0.773408,-1.170897,0.0,0.0,1.071565,1.390229,-1.654726,0.0,0.0,1.293719,1.955906,-1.871513,0.0,0.0,1.412917,2.451535,-2.010572,0.0,0.0,1.149430,0.676086,-1.108336,0.0,0.0,1.574707,1.152043,-1.506053,0.0,0.0,1.792243,1.546167,-1.731926,0.0,0.0,1.933948,1.956834,-1.888723,0.0,0.0
record2.mp4,e7f94d8ffdda6840c9b04703cf2b6166921cdbd5be69632bee01bf2c9ebea648,640,480,12.02,736,61.25,332,27666,Left,0.973564,0.000000,0.000000,0.000000,0.0,0.0,-0.536832,0.485426,-0.410111,0.0,0.0,-0.901994,1.044910,-0.792244,0.0,0.0,-1.187909,1.586100,-1.088365,0.0,0.0,-1.572856,1.963697,-1.406067,0.0,0.0,-0.310477,1.001320,-1.305774,0.0,0.0,-0.377083,1.776075,-1.807379,0.0,0.0,-0.357458,2.349246,-2.049658,0.0,0.0,-0.356136,2.846598,-2.196724,0.0,0.0,0.291824,0.888519,-1.258281,0.0,0.0,0.415934,1.665985,-1.795767,0.0,0.0,0.552893,2.292142,-2.004771,0.0,0.0,0.635826,2.801689,-2.159811,0.0,0.0,0.785474,0.775800,-1.183394,0.0,0.0,1.070858,1.450003,-1.626101,0.0,0.0,1.281810,2.015723,-1.803300,0.0,0.0,1.397207,2.494678,-1.918716,0.0,0.0,1.153421,0.663234,-1.117811,0.0,0.0,1.576287,1.164622,-1.484541,0.0,0.0,1.796302,1.575586,-1.680768,0.0,0.0,1.934072,1.987711,-1.816614,0.0,0.0
record2.mp4,e7f94d8ffdda6840c9b04703cf2b6166921cdbd5be69632bee01bf2c9ebea648,640,480,12.02,736,61.25,333,27750,Left,0.965017,0.000000,0.000000,0.000000,0.0,0.0,-0.532886,0.503210,-0.442617,0.0,0.0,-0.892241,1.041684,-0.849263,0.0,0.0,-1.177195,1.552592,-1.159088,0.0,0.0,-1.527202,1.950055,-1.489286,0.0,0.0,-0.314391,1.027284,-1.430310,0.0,0.0,-0.372185,1.800648,-1.975587,0.0,0.0,-0.344066,2.357950,-2.233722,0.0,0.0,-0.341911,2.842935,-2.389940,0.0,0.0,0.285020,0.899449,-1.371451,0.0,0.0,0.430315,1.643756,-1.993292,0.0,0.0,0.573779,2.260238,-2.259274,0.0,0.0,0.662430,2.769060,-2.452679,0.0,0.0,0.773096,0.779870,-1.279962,0.0,0.0,1.057181,1.401025,-1.794788,0.0,0.0,1.274470,1.978236,-2.034119,0.0,0.0,1.396017,2.470028,-2.189010,0.0,0.0,1.137087,0.671711,-1.193937,0.0,0.0,1.571712,1.156461,-1.624799,0.0,0.0,1.792413,1.556883,-1.880565,0.0,0.0,1.939592,1.957862,-2.059508,0.0,0.0
record2.mp4,e7f94d8ffdda6840c9b04703cf2b6166921cdbd5be69632bee01bf2c9ebea648,640,480,12.02,736,61.25,334,27833,Left,0.974664,0.000000,0.000000,0.000000,0.0,0.0,-0.543166,0.499596,-0.432133,0.0,0.0,-0.905025,1.079301,-0.825287,0.0,0.0,-1.204247,1.606939,-1.129950,0.0,0.0,-1.565035,2.000190,-1.457121,0.0,0.0,-0.300116,1.003035,-1.340932,0.0,0.0,-0.347474,1.775262,-1.866713,0.0,0.0,-0.329599,2.358204,-2.133002,0.0,0.0,-0.329392,2.870687,-2.296765,0.0,0.0,0.302144,0.877162,-1.292844,0.0,0.0,0.472570,1.658304,-1.856120,0.0,0.0,0.615108,2.300866,-2.097723,0.0,0.0,0.710236,2.830339,-2.277847,0.0,0.0,0.792753,0.769855,-1.218272,0.0,0.0,1.115805,1.454597,-1.680153,0.0,0.0,1.350477,2.054392,-1.887486,0.0,0.0,1.493963,2.572794,-2.025362,0.0,0.0,1.161269,0.673026,-1.154083,0.0,0.0,1.626653,1.170514,-1.533553,0.0,0.0,1.868636,1.571064,-1.742948,0.0,0.0,2.031327,1.969333,-1.890226,0.0,0.0
record2.mp4,e7f94d8ffdda6840c9b04703cf2b6166921cdbd5be69632bee01bf2c9ebea648,640,480,12.02,736,61.25,335,27916,Left,0.920959,0.000000,0.000000,0.000000,0.0,0.0,-0.534786,0.518381,-0.434890,0.0,0.0,-0.890597,1.063697,-0.840605,0.0,0.0,-1.186045,1.599578,-1.157049,0.0,0.0,-1.559911,1.999946,-1.494873,0.0,0.0,-0.293203,1.040007,-1.347299,0.0,0.0,-0.349070,1.809066,-1.887407,0.0,0.0,-0.328915,2.388762,-2.170388,0.0,0.0,-0.332123,2.899540,-2.352833,0.0,0.0,0.313484,0.923156,-1.308870,0.0,0.0,0.473266,1.688548,-1.891596,0.0,0.0,0.623284,2.318849,-2.156513,0.0,0.0,0.714854,2.840693,-2.359122,0.0,0.0,0.795741,0.783013,-1.243871,0.0,0.0,1.116919,1.440673,-1.729632,0.0,0.0,1.364844,2.023807,-1.955867,0.0,0.0,1.519086,2.524178,-2.112942,0.0,0.0,1.129672,0.636643,-1.187629,0.0,0.0,1.648040,1.032352,-1.605781,0.0,0.0,1.960654,1.361440,-1.840108,0.0,0.0,2.210538,1.708206,-2.005197,0.0,0.0
record2.mp4,e7f94d8ffdda6840c9b04703cf2b6166921cdbd5be69632bee01bf2c9ebea648,640,480,12.02,736,61.25,336,28000,Left,0.92397,0.000000,0.000000,0.000000,0.0,0.0,-0.564669,0.517912,-0.406029,0.0,0.0,-0.926149,1.049840,-0.782448,0.0,0.0,-1.220664,1.564332,-1.083261,0.0,0.0,-1.565163,1.969192,-1.405571,0.0,0.0,-0.316531,1.070612,-1.226852,0.0,0.0,-0.363886,1.860740,-1.718922,0.0,0.0,-0.336905,2.426823,-1.976206,0.0,0.0,-0.328814,2.927328,-2.144713,0.0,0.0,0.289452,0.942856,-1.205591,0.0,0.0,0.488120,1.702523,-1.729064,0.0,0.0,0.648072,2.324258,-1.971808,0.0,0.0,0.751932,2.848157,-2.163015,0.0,0.0,0.771596,0.770476,-1.164129,0.0,0.0,1.101509,1.406034,-1.615880,0.0,0.0,1.331255,2.000699,-1.846341,0.0,0.0,1.486853,2.519713,-2.009799,0.0,0.0,1.101884,0.595312,-1.131320,0.0,0.0,1.653343,0.955115,-1.540430,0.0,0.0,2.002703,1.243066,-1.774767,0.0,0.0,2.307450,1.550668,-1.938481,0.0,0.0
record2.mp4,e7f94d8ffdda6840c9b04703cf2b6166921cdbd5be69632bee01bf2c9ebea648,640,480,12.02,736,61.25,337,28083,Left,0.949809,0.000000,0.000000,0.000000,0.0,0.0,-0.562453,0.514964,-0.424442,0.0,0.0,-0.919742,1.065876,-0.805330,0.0,0.0,-1.208336,1.596147,-1.102215,0.0,0.0,-1.569689,1.999400,-1.422759,0.0,0.0,-0.323705,1.078669,-1.295369,0.0,0.0,-0.370973,1.841632,-1.794434,0.0,0.0,-0.351600,2.404107,-2.051889,0.0,0.0,-0.352537,2.909201,-2.225836,0.0,0.0,0.286400,0.946898,-1.268834,0.0,0.0,0.518959,1.676581,-1.793595,0.0,0.0,0.682682,2.295132,-2.028824,0.0,0.0,0.794625,2.821335,-2.215945,0.0,0.0,0.765542,0.787624,-1.221889,0.0,0.0,1.111924,1.430180,-1.688318,0.0,0.0,1.316564,2.023664,-1.940300,0.0,0.0,1.463813,2.556700,-2.121408,0.0,0.0,1.087720,0.629992,-1.182621,0.0,0.0,1.651293,0.941796,-1.616408,0.0,0.0,2.030282,1.127491,-1.871625,0.0,0.0,2.359980,1.339969,-2.049862,0.0,0.0
record2.mp4,e7f94d8ffdda6840c9b04703cf2b6166921cdbd5be69632bee01bf2c9ebea648,640,480,12.02,736,61.25,338,28166,Left,0.953503,0.000000,0.000000,0.000000,0.0,0.0,-0.574617,0.531708,-0.413399,0.0,0.0,-0.967935,1.101920,-0.796562,0.0,0.0,-1.278878,1.655484,-1.095516,0.0,0.0,-1.646571,2.098837,-1.419209,0.0,0.0,-0.355239,1.074110,-1.328203,0.0,0.0,-0.387754,1.875955,-1.838631,0.0,0.0,-0.353573,2.468030,-2.100480,0.0,0.0,-0.350500,3.001022,-2.276642,0.0,0.0,0.269028,0.943868,-1.308957,0.0,0.0,0.510678,1.723307,-1.856863,0.0,0.0,0.677740,2.376746,-2.108526,0.0,0.0,0.778988,2.929493,-2.310084,0.0,0.0,0.754707,0.778112,-1.262827,0.0,0.0,1.110701,1.435885,-1.741842,0.0,0.0,1.324733,2.055006,-1.996597,0.0,0.0,1.466638,2.600809,-2.180872,0.0,0.0,1.073641,0.613878,-1.222257,0.0,0.0,1.681180,0.959805,-1.670449,0.0,0.0,2.073535,1.177493,-1.930957,0.0,0.0,2.419892,1.412975,-2.113300,0.0,0.0
record2.mp4,e7f94d8ffdda6840c9b04703cf2b6166921cdbd5be69632bee01bf2c9ebea648,640,480,12.02,736,61.25,339,28250,Left,0.965313,0.000000,0.000000,0.000000,0.0,0.0,-0.564683,0.471988,-0.394716,0.0,0.0,-0.943747,1.020069,-0.736521,0.0,0.0,-1.223206,1.540877,-0.999259,0.0,0.0,-1.555811,1.933751,-1.275657,0.0,0.0,-0.318254,1.025609,-1.160748,0.0,0.0,-0.403551,1.757292,-1.622413,0.0,0.0,-0.391627,2.301334,-1.855510,0.0,0.0,-0.394290,2.785190,-2.005094,0.0,0.0,0.279746,0.950224,-1.109607,0.0,0.0,0.415614,1.637801,-1.598376,0.0,0.0,0.556876,2.201941,-1.801633,0.0,0.0,0.652642,2.680420,-1.957968,0.0,0.0,0.753437,0.872645,-1.040240,0.0,0.0,1.021736,1.509433,-1.458674,0.0,0.0,1.201326,2.036752,-1.632064,0.0,0.0,1.311869,2.496245,-1.747603,0.0,0.0,1.084708,0.791804,-0.982237,0.0,0.0,1.527893,1.247115,-1.344686,0.0,0.0,1.794432,1.603776,-1.540002,0.0,0.0,1.992420,1.965456,-1.672526,0.0,0.0
record2.mp4,e7f94d8ffdda6840c9b04703cf2b6166921cdbd5be69632bee01bf2c9ebea648,640,480,12.02,736,61.25,340,28333,Left,0.951437,0.000000,0.000000,0.000000,0.0,0.0,-0.566195,0.473544,-0.434023,0.0,0.0,-0.942085,1.043622,-0.799713,0.0,0.0,-1.220247,1.572709,-1.081254,0.0,0.0,-1.572073,1.967031,-1.374604,0.0,0.0,-0.321888,1.023560,-1.231870,0.0,0.0,-0.397788,1.761551,-1.720318,0.0,0.0,-0.388226,2.323565,-1.965449,0.0,0.0,-0.393867,2.842486,-2.121800,0.0,0.0,0.277186,0.928746,-1.175346,0.0,0.0,0.429849,1.624619,-1.714902,0.0,0.0,0.580217,2.228402,-1.943055,0.0,0.0,0.684137,2.764425,-2.110748,0.0,0.0,0.753455,0.850375,-1.100683,0.0,0.0,1.037057,1.473287,-1.560017,0.0,0.0,1.231280,2.044757,-1.748685,0.0,0.0,1.358031,2.565884,-1.865594,0.0,0.0,1.099193,0.777536,-1.040670,0.0,0.0,1.555052,1.258179,-1.424670,0.0,0.0,1.835266,1.634532,-1.627878,0.0,0.0,2.052292,2.025517,-1.763311,0.0,0.0
record2.mp4,e7f94d8ffdda6840c9b04703cf2b6166921cdbd5be69632bee01bf2c9ebea648,640,480,12.02,736,61.25,341,28416,Left,0.943148,0.000000,0.000000,0.000000,0.0,0.0,-0.570184,0.497120,-0.478350,0.0,0.0,-0.939112,1.054859,-0.890885,0.0,0.0,-1.230226,1.584241,-1.203742,0.0,0.0,-1.577648,2.012021,-1.528046,0.0,0.0,-0.308053,0.991603,-1.413462,0.0,0.0,-0.359907,1.746202,-1.987636,0.0,0.0,-0.344963,2.344917,-2.278362,0.0,0.0,-0.352333,2.876885,-2.454388,0.0,0.0,0.309176,0.896629,-1.341880,0.0,0.0,0.475953,1.641382,-1.978605,0.0,0.0,0.628100,2.293333,-2.251259,0.0,0.0,0.728215,2.846678,-2.444209,0.0,0.0,0.792253,0.820090,-1.245247,0.0,0.0,1.091981,1.466488,-1.774536,0.0,0.0,1.308704,2.065976,-1.996300,0.0,0.0,1.434929,2.591414,-2.129353,0.0,0.0,1.130905,0.753219,-1.160905,0.0,0.0,1.597193,1.242487,-1.591445,0.0,0.0,1.875905,1.639272,-1.823610,0.0,0.0,2.092734,2.038962,-1.978847,0.0,0.0
record2.mp4,e7f94d8ffdda6840c9b04703cf2b6166921cdbd5be69632bee01bf2c9ebea648,640,480,12.02,736,61.25,342,28500,Left,0.946376,0.000000,0.000000,0.000000,0.0,0.0,-0.570829,0.487656,-0.485073,0.0,0.0,-0.941092,1.065161,-0.892388,0.0,0.0,-1.221376,1.604388,-1.196884,0.0,0.0,-1.573819,2.015916,-1.512158,0.0,0.0,-0.332099,1.014493,-1.405064,0.0,0.0,-0.388602,1.786929,-1.966624,0.0,0.0,-0.367540,2.389661,-2.247234,0.0,0.0,-0.369710,2.927413,-2.418580,0.0,0.0,0.279712,0.909707,-1.328733,0.0,0.0,0.457698,1.664774,-1.939690,0.0,0.0,0.613826,2.311105,-2.195536,0.0,0.0,0.713742,2.867941,-2.378471,0.0,0.0,0.763388,0.828607,-1.231077,0.0,0.0,1.073421,1.493581,-1.742720,0.0,0.0,1.287274,2.106632,-1.965605,0.0,0.0,1.414382,2.647693,-2.101870,0.0,0.0,1.106333,0.762044,-1.147670,0.0,0.0,1.584073,1.264518,-1.573038,0.0,0.0,1.882416,1.660857,-1.812384,0.0,0.0,2.113056,2.064473,-1.973491,0.0,0.0
record2.mp4,e7f94d8ffdda6840c9b04703cf2b6166921cdbd5be69632bee01bf2c9ebea648,640,480,12.02,736,61.25,343,28583,Left,0.952017,0.000000,0.000000,0.000000,0.0,0.0,-0.569197,0.481624,-0.456614,0.0,0.0,-0.947521,1.069046,-0.845039,0.0,0.0,-1.242830,1.618910,-1.136722,0.0,0.0,-1.595017,2.047091,-1.442332,0.0,0.0,-0.317543,1.001331,-1.343373,0.0,0.0,-0.370065,1.766180,-1.882247,0.0,0.0,-0.352163,2.367061,-2.160067,0.0,0.0,-0.362274,2.898913,-2.332789,0.0,0.0,0.296147,0.916090,-1.276987,0.0,0.0,0.479374,1.673414,-1.852075,0.0,0.0,0.644134,2.318376,-2.104358,0.0,0.0,0.752595,2.866439,-2.292039,0.0,0.0,0.777090,0.842477,-1.187325,0.0,0.0,1.084731,1.530446,-1.667157,0.0,0.0,1.308582,2.135376,-1.880649,0.0,0.0,1.441162,2.657975,-2.017980,0.0,0.0,1.110600,0.769373,-1.109967,0.0,0.0,1.596435,1.258148,-1.504385,0.0,0.0,1.889429,1.650778,-1.722662,0.0,0.0,2.107374,2.040823,-1.873413,0.0,0.0
record2.mp4,e7f94d8ffdda6840c9b04703cf2b6166921cdbd5be69632bee01bf2c9ebea648,640,480,12.02,736,61.25,344,28666,Left,0.919892,0.000000,0.000000,0.000000,0.0,0.0,-0.554053,0.505051,-0.435110,0.0,0.0,-0.928675,1.056736,-0.827359,0.0,0.0,-1.216162,1.591079,-1.126695,0.0,0.0,-1.576927,1.990758,-1.442465,0.0,0.0,-0.309069,1.061708,-1.316550,0.0,0.0,-0.377263,1.797598,-1.854221,0.0,0.0,-0.348786,2.377640,-2.140486,0.0,0.0,-0.355719,2.870557,-2.321226,0.0,0.0,0.297930,0.966946,-1.265125,0.0,0.0,0.482861,1.709973,-1.842575,0.0,0.0,0.655774,2.332901,-2.108721,0.0,0.0,0.760546,2.832835,-2.306128,0.0,0.0,0.767760,0.858347,-1.187279,0.0,0.0,1.079813,1.545931,-1.673134,0.0,0.0,1.324280,2.131734,-1.906404,0.0,0.0,1.471889,2.615830,-2.060840,0.0,0.0,1.072652,0.739214,-1.116020,0.0,0.0,1.596143,1.128276,-1.531406,0.0,0.0,1.920155,1.452946,-1.765898,0.0,0.0,2.178740,1.777258,-1.925104,0.0,0.0
record2.mp4,e7f94d8ffdda6840c9b04703cf2b6166921cdbd5be69632bee01bf2c9ebea648,640,480,12.02,736,61.25,345,28750,Left,0.932767,0.000000,0.000000,0.000000,0.0,0.0,-0.578540,0.512262,-0.439662,0.0,0.0,-0.967644,1.075624,-0.832108,0.0,0.0,-1.273654,1.610618,-1.132529,0.0,0.0,-1.630942,2.033041,-1.456030,0.0,0.0,-0.323848,1.066988,-1.365532,0.0,0.0,-0.359137,1.866600,-1.881814,0.0,0.0,-0.344085,2.449554,-2.142699,0.0,0.0,-0.355418,2.967133,-2.315389,0.0,0.0,0.301762,0.940543,-1.330183,0.0,0.0,0.553677,1.692709,-1.880509,0.0,0.0,0.712671,2.324620,-2.122880,0.0,0.0,0.813176,2.860556,-2.312844,0.0,0.0,0.780835,0.792253,-1.269890,0.0,0.0,1.141297,1.444059,-1.748419,0.0,0.0,1.348117,2.049795,-1.995496,0.0,0.0,1.480389,2.590421,-2.171578,0.0,0.0,1.087575,0.644497,-1.217383,0.0,0.0,1.706564,0.964644,-1.656848,0.0,0.0,2.099398,1.167643,-1.911212,0.0,0.0,2.429857,1.399395,-2.088196,0.0,0.0
record2.mp4,e7f94d8ffdda6840c9b04703cf2b6166921cdbd5be69632bee01bf2c9ebea648,640,480,12.02,736,61.25,346,28833,Left,0.949389,0.000000,0.000000,0.000000,0.0,0.0,-0.544975,0.529970,-0.375400,0.0,0.0,-0.898790,1.073043,-0.732772,0.0,0.0,-1.196253,1.609679,-1.007637,0.0,0.0,-1.537123,2.018766,-1.304435,0.0,0.0,-0.289326,1.128864,-1.257819,0.0,0.0,-0.349250,1.896310,-1.740007,0.0,0.0,-0.335389,2.447823,-1.980812,0.0,0.0,-0.347505,2.931803,-2.141925,0.0,0.0,0.304761,1.013663,-1.239399,0.0,0.0,0.522852,1.770117,-1.758083,0.0,0.0,0.679657,2.370342,-1.983909,0.0,0.0,0.770970,2.862468,-2.163205,0.0,0.0,0.756354,0.845479,-1.193791,0.0,0.0,1.102206,1.474625,-1.646614,0.0,0.0,1.315965,2.047775,-1.885699,0.0,0.0,1.447453,2.549569,-2.059689,0.0,0.0,1.043189,0.667903,-1.150325,0.0,0.0,1.628480,0.963054,-1.581011,0.0,0.0,2.017953,1.148935,-1.835289,0.0,0.0,2.351889,1.363367,-2.012109,0.0,0.0
record2.mp4,e7f94d8ffdda6840c9b04703cf2b6166921cdbd5be69632bee01bf2c9ebea648,640,480,12.02,736,61.25,347,28916,Left,0.951772,0.000000,0.000000,0.000000,0.0,0.0,-0.572044,0.455306,-0.427848,0.0,0.0,-0.937262,0.993909,-0.788994,0.0,0.0,-1.213037,1.522881,-1.060712,0.0,0.0,-1.546215,1.905369,-1.344448,0.0,0.0,-0.313859,1.042939,-1.242958,0.0,0.0,-0.399562,1.755292,-1.725526,0.0,0.0,-0.379821,2.288979,-1.972207,0.0,0.0,-0.381401,2.778910,-2.133264,0.0,0.0,0.289257,0.954285,-1.181769,0.0,0.0,0.438436,1.640140,-1.700293,0.0,0.0,0.588839,2.210808,-1.922685,0.0,0.0,0.680540,2.714341,-2.095354,0.0,0.0,0.757637,0.863889,-1.100618,0.0,0.0,1.023493,1.473101,-1.537773,0.0,0.0,1.205562,2.017587,-1.731136,0.0,0.0,1.310912,2.505824,-1.863692,0.0,0.0,1.081387,0.773464,-1.033328,0.0,0.0,1.556953,1.198949,-1.409990,0.0,0.0,1.851066,1.551374,-1.625416,0.0,0.0,2.070938,1.933041,-1.776577,0.0,0.0
record2.mp4,e7f94d8ffdda6840c9b04703cf2b6166921cdbd5be69632bee01bf2c9ebea648,640,480,12.02,736,61.25,348,29000,Left,0.935589,0.000000,0.000000,0.000000,0.0,0.0,-0.574103,0.471637,-0.438484,0.0,0.0,-0.942174,1.038401,-0.808603,0.0,0.0,-1.212415,1.577251,-1.088239,0.0,0.0,-1.564554,1.954844,-1.382197,0.0,0.0,-0.321111,1.048116,-1.268729,0.0,0.0,-0.397960,1.774484,-1.760173,0.0,0.0,-0.376142,2.322170,-2.006562,0.0,0.0,-0.374612,2.823248,-2.167932,0.0,0.0,0.277831,0.956669,-1.211317,0.0,0.0,0.431349,1.663845,-1.754681,0.0,0.0,0.592211,2.255437,-1.986730,0.0,0.0,0.697704,2.776973,-2.161971,0.0,0.0,0.749600,0.862408,-1.133057,0.0,0.0,1.035806,1.496058,-1.594452,0.0,0.0,1.240878,2.066544,-1.793776,0.0,0.0,1.364560,2.575607,-1.924749,0.0,0.0,1.078297,0.762062,-1.067965,0.0,0.0,1.556340,1.219997,-1.461364,0.0,0.0,1.855628,1.589891,-1.680350,0.0,0.0,2.084627,1.978397,-1.832006,0.0,0.0
record2.mp4,e7f94d8ffdda6840c9b04703cf2b6166921cdbd5be69632bee01bf2c9ebea648,640,480,12.02,736,61.25,349,29083,Left,0.944608,0.000000,0.000000,0.000000,0.0,0.0,-0.573807,0.494815,-0.423096,0.0,0.0,-0.961332,1.088891,-0.790578,0.0,0.0,-1.267901,1.638022,-1.070928,0.0,0.0,-1.625437,2.048699,-1.365522,0.0,0.0,-0.319294,1.042637,-1.269749,0.0,0.0,-0.393113,1.805861,-1.778104,0.0,0.0,-0.384358,2.394909,-2.036804,0.0,0.0,-0.401338,2.924828,-2.202445,0.0,0.0,0.283041,0.946760,-1.221953,0.0,0.0,0.454741,1.686754,-1.784280,0.0,0.0,0.614966,2.319825,-2.033475,0.0,0.0,0.720857,2.874334,-2.219150,0.0,0.0,0.755521,0.859251,-1.150065,0.0,0.0,1.062041,1.523228,-1.623084,0.0,0.0,1.285429,2.130337,-1.830238,0.0,0.0,1.419950,2.673354,-1.964053,0.0,0.0,1.083216,0.769386,-1.089015,0.0,0.0,1.587797,1.242929,-1.480883,0.0,0.0,1.897788,1.627475,-1.694850,0.0,0.0,2.131940,2.023333,-1.842615,0.0,0.0
record2.mp4,e7f94d8ffdda6840c9b04703cf2b6166921cdbd5be69632bee01bf2c9ebea648,640,480,12.02,736,61.25,350,29166,Left,0.930308,0.000000,0.000000,0.000000,0.0,0.0,-0.557329,0.480094,-0.431232,0.0,0.0,-0.939644,1.043494,-0.804204,0.0,0.0,-1.239206,1.570792,-1.090947,0.0,0.0,-1.580611,1.981824,-1.394278,0.0,0.0,-0.297009,1.036631,-1.265801,0.0,0.0,-0.384888,1.755901,-1.783638,0.0,0.0,-0.367775,2.332945,-2.055099,0.0,0.0,-0.373213,2.841179,-2.227636,0.0,0.0,0.302812,0.949225,-1.211701,0.0,0.0,0.466189,1.663388,-1.780633,0.0,0.0,0.623488,2.278244,-2.034476,0.0,0.0,0.730577,2.796345,-2.221370,0.0,0.0,0.772074,0.857815,-1.134747,0.0,0.0,1.091423,1.521897,-1.607692,0.0,0.0,1.332143,2.087739,-1.806690,0.0,0.0,1.481201,2.581201,-1.933686,0.0,0.0,1.097443,0.757504,-1.069309,0.0,0.0,1.581024,1.222344,-1.459375,0.0,0.0,1.883716,1.601283,-1.666350,0.0,0.0,2.117051,1.979815,-1.806997,0.0,0.0
record2.mp4,e7f94d8ffdda6840c9b04703cf2b6166921cdbd5be69632bee01bf2c9ebea648,640,480,12.02,736,61.25,351,29250,Left,0.961687,0.000000,0.000000,0.000000,0.0,0.0,-0.586745,0.480972,-0.485931,0.0,0.0,-0.978872,1.056752,-0.881816,0.0,0.0,-1.267381,1.598518,-1.176907,0.0,0.0,-1.620391,2.011389,-1.479211,0.0,0.0,-0.311118,1.028771,-1.345867,0.0,0.0,-0.414585,1.749851,-1.891818,0.0,0.0,-0.395263,2.343952,-2.177026,0.0,0.0,-0.403361,2.882592,-2.355928,0.0,0.0,0.298411,0.917505,-1.260444,0.0,0.0,0.495746,1.608879,-1.874591,0.0,0.0,0.675119,2.268272,-2.140899,0.0,0.0,0.791483,2.842088,-2.329144,0.0,0.0,0.772238,0.829492,-1.153953,0.0,0.0,1.118190,1.463397,-1.667582,0.0,0.0,1.362371,2.085764,-1.881381,0.0,0.0,1.510789,2.662594,-2.005650,0.0,0.0,1.109678,0.753721,-1.061928,0.0,0.0,1.575689,1.234802,-1.474486,0.0,0.0,1.879072,1.628803,-1.691251,0.0,0.0,2.116603,2.050111,-1.832085,0.0,0.0
record2.mp4,e7f94d8ffdda6840c9b04703cf2b6166921cdbd5be69632bee01bf2c9ebea648,640,480,12.02,736,61.25,352,29333,Left,0.955223,0.000000,0.000000,0.000000,0.0,0.0,-0.556846,0.469089,-0.454965,0.0,0.0,-0.935631,1.040936,-0.842114,0.0,0.0,-1.229224,1.584521,-1.134149,0.0,0.0,-1.593316,1.987879,-1.435156,0.0,0.0,-0.297948,0.999960,-1.323391,0.0,0.0,-0.392167,1.726714,-1.872002,0.0,0.0,-0.377823,2.313936,-2.168697,0.0,0.0,-0.392497,2.852105,-2.356476,0.0,0.0,0.319867,0.901156,-1.246048,0.0,0.0,0.506776,1.584608,-1.862610,0.0,0.0,0.682582,2.223778,-2.154139,0.0,0.0,0.799671,2.786377,-2.364243,0.0,0.0,0.796603,0.829237,-1.140305,0.0,0.0,1.140974,1.487244,-1.650073,0.0,0.0,1.415058,2.089411,-1.883865,0.0,0.0,1.586711,2.632638,-2.026329,0.0,0.0,1.124729,0.774932,-1.043667,0.0,0.0,1.584029,1.256966,-1.441345,0.0,0.0,1.878932,1.640324,-1.658906,0.0,0.0,2.114961,2.040308,-1.805781,0.0,0.0
record2.mp4,e7f94d8ffdda6840c9b04703cf2b6166921cdbd5be69632bee01bf2c9ebea648,640,480,12.02,736,61.25,353,29416,Left,0.972239,0.000000,0.000000,0.000000,0.0,0.0,-0.574898,0.469096,-0.418566,0.0,0.0,-0.941802,1.015123,-0.776566,0.0,0.0,-1.205186,1.525406,-1.051648,0.0,0.0,-1.525774,1.894081,-1.333991,0.0,0.0,-0.267466,1.021853,-1.166040,0.0,0.0,-0.353278,1.698106,-1.656144,0.0,0.0,-0.345004,2.235771,-1.922552,0.0,0.0,-0.349666,2.727386,-2.090733,0.0,0.0,0.339441,0.914395,-1.102298,0.0,0.0,0.510231,1.585368,-1.624779,0.0,0.0,0.663876,2.167271,-1.864033,0.0,0.0,0.775374,2.674872,-2.037782,0.0,0.0,0.808694,0.829264,-1.018548,0.0,0.0,1.149511,1.441203,-1.446805,0.0,0.0,1.392290,1.979562,-1.634498,0.0,0.0,1.552252,2.470307,-1.752185,0.0,0.0,1.130566,0.756104,-0.948129,0.0,0.0,1.549003,1.206291,-1.281123,0.0,0.0,1.817441,1.555908,-1.453818,0.0,0.0,2.029310,1.926678,-1.569306,0.0,0.0
record2.mp4,e7f94d8ffdda6840c9b04703cf2b6166921cdbd5be69632bee01bf2c9ebea648,640,480,12.02,736,61.25,354,29500,Left,0.970613,0.000000,0.000000,0.000000,0.0,0.0,-0.563806,0.477474,-0.435655,0.0,0.0,-0.923506,1.021696,-0.816741,0.0,0.0,-1.206406,1.541283,-1.110620,0.0,0.0,-1.535962,1.919007,-1.413944,0.0,0.0,-0.239957,1.039068,-1.242620,0.0,0.0,-0.326711,1.739242,-1.761556,0.0,0.0,-0.322252,2.252509,-2.031524,0.0,0.0,-0.337726,2.700442,-2.193132,0.0,0.0,0.356800,0.954525,-1.173688,0.0,0.0,0.519706,1.653626,-1.717832,0.0,0.0,0.668538,2.228225,-1.950730,0.0,0.0,0.763536,2.697538,-2.117264,0.0,0.0,0.808704,0.860834,-1.085545,0.0,0.0,1.132919,1.446604,-1.539939,0.0,0.0,1.358477,1.980002,-1.745178,0.0,0.0,1.495138,2.445145,-1.871169,0.0,0.0,1.116909,0.764937,-1.008718,0.0,0.0,1.538421,1.205968,-1.358587,0.0,0.0,1.796870,1.551853,-1.547907,0.0,0.0,1.992664,1.908637,-1.677027,0.0,0.0
record2.mp4,e7f94d8ffdda6840c9b04703cf2b6166921cdbd5be69632bee01bf2c9ebea648,640,480,12.02,736,61.25,355,29583,Left,0.963251,0.000000,0.000000,0.000000,0.0,0.0,-0.561761,0.468928,-0.431410,0.0,0.0,-0.929712,1.010467,-0.808887,0.0,0.0,-1.215971,1.524881,-1.103462,0.0,0.0,-1.541654,1.890244,-1.404976,0.0,0.0,-0.252454,1.037291,-1.228299,0.0,0.0,-0.339646,1.726434,-1.748639,0.0,0.0,-0.340809,2.241035,-2.025076,0.0,0.0,-0.363148,2.717489,-2.198010,0.0,0.0,0.345321,0.936731,-1.174365,0.0,0.0,0.516499,1.593395,-1.743098,0.0,0.0,0.682178,2.160965,-2.005906,0.0,0.0,0.796282,2.678189,-2.195671,0.0,0.0,0.808299,0.840452,-1.100159,0.0,0.0,1.122910,1.415624,-1.582867,0.0,0.0,1.342949,1.947782,-1.803207,0.0,0.0,1.482110,2.446998,-1.936708,0.0,0.0,1.124480,0.748947,-1.037349,0.0,0.0,1.545523,1.193297,-1.410179,0.0,0.0,1.808933,1.532094,-1.609171,0.0,0.0,2.020865,1.907227,-1.743821,0.0,0.0
record2.mp4,e7f94d8ffdda6840c9b04703cf2b6166921cdbd5be69632bee01bf2c9ebea648,640,480,12.02,736,61.25,356,29666,Left,0.96208,0.000000,0.000000,0.000000,0.0,0.0,-0.554603,0.449942,-0.443459,0.0,0.0,-0.928725,0.991354,-0.827184,0.0,0.0,-1.208996,1.511239,-1.130037,0.0,0.0,-1.541503,1.871934,-1.441554,0.0,0.0,-0.266534,1.006641,-1.240858,0.0,0.0,-0.322484,1.722255,-1.742642,0.0,0.0,-0.322810,2.239036,-2.003796,0.0,0.0,-0.328774,2.731689,-2.173302,0.0,0.0,0.337859,0.892300,-1.180877,0.0,0.0,0.503501,1.473956,-1.709185,0.0,0.0,0.651715,1.974953,-1.931467,0.0,0.0,0.759401,2.443871,-2.099167,0.0,0.0,0.817908,0.808179,-1.107643,0.0,0.0,1.141474,1.380152,-1.579851,0.0,0.0,1.375548,1.903656,-1.792139,0.0,0.0,1.545409,2.395074,-1.925546,0.0,0.0,1.149640,0.747980,-1.046644,0.0,0.0,1.579627,1.211242,-1.418246,0.0,0.0,1.849666,1.539808,-1.615703,0.0,0.0,2.067128,1.897933,-1.752288,0.0,0.0
record2.mp4,e7f94d8ffdda6840c9b04703cf2b6166921cdbd5be69632bee01bf2c9ebea648,640,480,12.02,736,61.25,357,29750,Left,0.96788,0.000000,0.000000,0.000000,0.0,0.0,-0.581317,0.460746,-0.454035,0.0,0.0,-0.969939,1.034625,-0.849833,0.0,0.0,-1.272488,1.579313,-1.160107,0.0,0.0,-1.623040,1.967434,-1.481358,0.0,0.0,-0.300403,0.995060,-1.289347,0.0,0.0,-0.341795,1.741586,-1.805560,0.0,0.0,-0.348594,2.296741,-2.075329,0.0,0.0,-0.363009,2.831868,-2.249308,0.0,0.0,0.308379,0.881018,-1.226186,0.0,0.0,0.480241,1.509245,-1.759721,0.0,0.0,0.634399,2.044746,-1.977571,0.0,0.0,0.749880,2.548229,-2.141823,0.0,0.0,0.796548,0.807960,-1.147670,0.0,0.0,1.133453,1.425286,-1.621502,0.0,0.0,1.387800,1.981768,-1.827970,0.0,0.0,1.577254,2.507459,-1.957461,0.0,0.0,1.140576,0.763041,-1.081822,0.0,0.0,1.578031,1.249405,-1.450353,0.0,0.0,1.863720,1.603361,-1.639142,0.0,0.0,2.093018,1.986868,-1.770422,0.0,0.0
record2.mp4,e7f94d8ffdda6840c9b04703cf2b6166921cdbd5be69632bee01bf2c9ebea648,640,480,12.02,736,61.25,358,29833,Left,0.965282,0.000000,0.000000,0.000000,0.0,0.0,-0.580270,0.462951,-0.437856,0.0,0.0,-0.963695,1.058045,-0.817256,0.0,0.0,-1.256054,1.610712,-1.117635,0.0,0.0,-1.626700,1.965316,-1.429369,0.0,0.0,-0.314545,0.993736,-1.251815,0.0,0.0,-0.359791,1.755124,-1.750103,0.0,0.0,-0.370317,2.312438,-2.010377,0.0,0.0,-0.380254,2.853629,-2.184561,0.0,0.0,0.295801,0.872157,-1.202972,0.0,0.0,0.479112,1.486945,-1.745156,0.0,0.0,0.644980,2.007516,-1.978117,0.0,0.0,0.783933,2.508728,-2.152787,0.0,0.0,0.786598,0.802857,-1.136442,0.0,0.0,1.125999,1.435322,-1.617593,0.0,0.0,1.385695,1.993775,-1.825707,0.0,0.0,1.599018,2.527658,-1.955586,0.0,0.0,1.138413,0.764265,-1.082088,0.0,0.0,1.584401,1.280922,-1.456944,0.0,0.0,1.874264,1.633152,-1.643813,0.0,0.0,2.118065,2.009082,-1.772338,0.0,0.0
record2.mp4,e7f94d8ffdda6840c9b04703cf2b6166921cdbd5be69632bee01bf2c9ebea648,640,480,12.02,736,61.25,359,29916,Left,0.970987,0.000000,0.000000,0.000000,0.0,0.0,-0.568317,0.440496,-0.447628,0.0,0.0,-0.946689,1.016911,-0.826424,0.0,0.0,-1.224245,1.559696,-1.126039,0.0,0.0,-1.603900,1.908457,-1.437783,0.0,0.0,-0.305281,0.985777,-1.220170,0.0,0.0,-0.355277,1.721242,-1.712026,0.0,0.0,-0.349571,2.277464,-1.980651,0.0,0.0,-0.339516,2.819135,-2.164144,0.0,0.0,0.301525,0.867186,-1.163341,0.0,0.0,0.477634,1.445449,-1.675293,0.0,0.0,0.646852,1.942195,-1.892973,0.0,0.0,0.790217,2.432307,-2.061554,0.0,0.0,0.796500,0.797311,-1.094239,0.0,0.0,1.127225,1.428848,-1.553562,0.0,0.0,1.397027,1.974592,-1.747568,0.0,0.0,1.620316,2.507792,-1.872482,0.0,0.0,1.149313,0.758621,-1.040130,0.0,0.0,1.584639,1.258162,-1.405105,0.0,0.0,1.872130,1.606423,-1.583679,0.0,0.0,2.112220,1.984752,-1.706157,0.0,0.0
record2.mp4,e7f94d8ffdda6840c9b04703cf2b6166921cdbd5be69632bee01bf2c9ebea648,640,480,12.02,736,61.25,360,30000,Left,0.947122,0.000000,0.000000,0.000000,0.0,0.0,-0.578207,0.500780,-0.439092,0.0,0.0,-0.967996,1.061911,-0.825733,0.0,0.0,-1.262761,1.603231,-1.122693,0.0,0.0,-1.600406,2.019399,-1.430729,0.0,0.0,-0.330695,1.032176,-1.318522,0.0,0.0,-0.410146,1.781473,-1.858828,0.0,0.0,-0.375097,2.360832,-2.135972,0.0,0.0,-0.353378,2.899458,-2.310305,0.0,0.0,0.277942,0.896078,-1.267204,0.0,0.0,0.430284,1.635583,-1.877131,0.0,0.0,0.592071,2.275972,-2.146703,0.0,0.0,0.712503,2.849141,-2.337037,0.0,0.0,0.768337,0.791235,-1.190888,0.0,0.0,1.129740,1.445789,-1.696296,0.0,0.0,1.385982,2.038966,-1.906043,0.0,0.0,1.550470,2.588049,-2.030524,0.0,0.0,1.118211,0.712543,-1.125817,0.0,0.0,1.585753,1.217820,-1.532430,0.0,0.0,1.873632,1.606428,-1.742538,0.0,0.0,2.103478,2.026750,-1.880017,0.0,0.0
record2.mp4,e7f94d8ffdda6840c9b04703cf2b6166921cdbd5be69632bee01bf2c9ebea648,640,480,12.02,736,61.25,361,30083,Left,0.948316,0.000000,0.000000,0.000000,0.0,0.0,-0.562584,0.514957,-0.415222,0.0,0.0,-0.936469,1.103215,-0.806634,0.0,0.0,-1.239159,1.652275,-1.114884,0.0,0.0,-1.610543,2.053596,-1.438942,0.0,0.0,-0.340120,1.028309,-1.317784,0.0,0.0,-0.364980,1.711899,-1.863714,0.0,0.0,-0.319989,2.262350,-2.148433,0.0,0.0,-0.296433,2.797081,-2.331113,0.0,0.0,0.272325,0.899968,-1.286798,0.0,0.0,0.426326,1.626002,-1.906077,0.0,0.0,0.602993,2.271422,-2.179834,0.0,0.0,0.730687,2.859094,-2.375469,0.0,0.0,0.762606,0.792257,-1.226678,0.0,0.0,1.121860,1.439051,-1.740265,0.0,0.0,1.416456,2.047826,-1.946037,0.0,0.0,1.604901,2.617358,-2.069701,0.0,0.0,1.115314,0.694669,-1.175234,0.0,0.0,1.586025,1.195399,-1.580148,0.0,0.0,1.878189,1.597978,-1.781499,0.0,0.0,2.112118,2.031463,-1.916980,0.0,0.0
record2.mp4,e7f94d8ffdda6840c9b04703cf2b6166921cdbd5be69632bee01bf2c9ebea648,640,480,12.02,736,61.25,362,30166,Left,0.965266,0.000000,0.000000,0.000000,0.0,0.0,-0.598220,0.482102,-0.481510,0.0,0.0,-1.010170,1.117186,-0.898611,0.0,0.0,-1.361970,1.690072,-1.214905,0.0,0.0,-1.748561,2.113967,-1.545492,0.0,0.0,-0.388705,0.919950,-1.422625,0.0,0.0,-0.489373,1.476995,-2.003184,0.0,0.0,-0.499965,2.019585,-2.314399,0.0,0.0,-0.543211,2.567226,-2.515127,0.0,0.0,0.257124,0.828337,-1.369952,0.0,0.0,0.433349,1.595691,-2.019293,0.0,0.0,0.606073,2.307459,-2.324407,0.0,0.0,0.729161,2.974689,-2.549221,0.0,0.0,0.771547,0.779555,-1.288435,0.0,0.0,1.166785,1.466940,-1.831878,0.0,0.0,1.475731,2.126868,-2.075394,0.0,0.0,1.675345,2.744298,-2.225920,0.0,0.0,1.142323,0.726909,-1.219633,0.0,0.0,1.645799,1.263238,-1.638787,0.0,0.0,1.964955,1.690467,-1.861363,0.0,0.0,2.210028,2.141119,-2.019824,0.0,0.0
record2.mp4,e7f94d8ffdda6840c9b04703cf2b6166921cdbd5be69632bee01bf2c9ebea648,640,480,12.02,736,61.25,363,30250,Left,0.976096,0.000000,0.000000,0.000000,0.0,0.0,-0.566318,0.516497,-0.410674,0.0,0.0,-0.942915,1.104142,-0.791757,0.0,0.0,-1.260932,1.662025,-1.085569,0.0,0.0,-1.649373,2.054352,-1.390868,0.0,0.0,-0.349589,1.020274,-1.312155,0.0,0.0,-0.445346,1.771626,-1.867332,0.0,0.0,-0.433663,2.382148,-2.164357,0.0,0.0,-0.437725,2.951334,-2.350592,0.0,0.0,0.273429,0.879191,-1.264487,0.0,0.0,0.437574,1.629210,-1.885728,0.0,0.0,0.600195,2.305501,-2.170991,0.0,0.0,0.718268,2.903632,-2.374539,0.0,0.0,0.766883,0.788476,-1.184748,0.0,0.0,1.131089,1.449216,-1.687487,0.0,0.0,1.405739,2.079345,-1.897484,0.0,0.0,1.570474,2.648982,-2.023041,0.0,0.0,1.113597,0.726948,-1.113709,0.0,0.0,1.585482,1.240472,-1.503180,0.0,0.0,1.870174,1.646467,-1.702871,0.0,0.0,2.091844,2.077240,-1.835672,0.0,0.0
record2.mp4,e7f94d8ffdda6840c9b04703cf2b6166921cdbd5be69632bee01bf2c9ebea648,640,480,12.02,736,61.25,364,30333,Left,0.979184,0.000000,0.000000,0.000000,0.0,0.0,-0.570729,0.505580,-0.431712,0.0,0.0,-0.929073,1.056032,-0.825599,0.0,0.0,-1.232021,1.578944,-1.122843,0.0,0.0,-1.581941,1.971965,-1.429600,0.0,0.0,-0.332067,1.033932,-1.392342,0.0,0.0,-0.436236,1.764540,-1.975042,0.0,0.0,-0.426121,2.361493,-2.290276,0.0,0.0,-0.434160,2.912074,-2.484875,0.0,0.0,0.284167,0.891879,-1.325960,0.0,0.0,0.442665,1.614327,-1.986328,0.0,0.0,0.589362,2.276877,-2.298553,0.0,0.0,0.694035,2.856301,-2.518837,0.0,0.0,0.766132,0.803992,-1.222568,0.0,0.0,1.130709,1.440024,-1.751496,0.0,0.0,1.397138,2.045477,-1.985481,0.0,0.0,1.548264,2.590475,-2.125445,0.0,0.0,1.109014,0.751198,-1.125547,0.0,0.0,1.574207,1.242785,-1.529026,0.0,0.0,1.846778,1.629552,-1.744858,0.0,0.0,2.056191,2.045295,-1.889365,0.0,0.0
record2.mp4,e7f94d8ffdda6840c9b04703cf2b6166921cdbd5be69632bee01bf2c9ebea648,640,480,12.02,736,61.25,365,30416,Left,0.942975,0.000000,0.000000,0.000000,0.0,0.0,-0.599395,0.460371,-0.437129,0.0,0.0,-1.002024,0.963292,-0.818409,0.0,0.0,-1.312051,1.435856,-1.101696,0.0,0.0,-1.592487,1.800328,-1.389529,0.0,0.0,-0.378611,1.004600,-1.388098,0.0,0.0,-0.486140,1.771587,-1.966989,0.0,0.0,-0.480515,2.376628,-2.271674,0.0,0.0,-0.490661,2.937251,-2.458102,0.0,0.0,0.248748,0.880608,-1.319255,0.0,0.0,0.409166,1.624483,-1.984475,0.0,0.0,0.561357,2.284371,-2.302205,0.0,0.0,0.672246,2.872850,-2.523820,0.0,0.0,0.741205,0.809029,-1.213905,0.0,0.0,1.096431,1.447268,-1.751868,0.0,0.0,1.355599,2.053982,-1.995404,0.0,0.0,1.509283,2.610224,-2.139627,0.0,0.0,1.095250,0.772933,-1.115087,0.0,0.0,1.572717,1.258262,-1.538480,0.0,0.0,1.853455,1.640254,-1.768619,0.0,0.0,2.071624,2.064462,-1.919731,0.0,0.0
record2.mp4,e7f94d8ffdda6840c9b04703cf2b6166921cdbd5be69632bee01bf2c9ebea648,640,480,12.02,736,61.25,366,30500,Left,0.919608,0.000000,0.000000,0.000000,0.0,0.0,-0.610771,0.444443,-0.493604,0.0,0.0,-1.034202,0.948224,-0.928502,0.0,0.0,-1.370571,1.436129,-1.258620,0.0,0.0,-1.672476,1.855297,-1.600378,0.0,0.0,-0.402069,1.004833,-1.510454,0.0,0.0,-0.488225,1.782217,-2.137508,0.0,0.0,-0.459796,2.408124,-2.477556,0.0,0.0,-0.455890,2.988543,-2.690350,0.0,0.0,0.235545,0.871528,-1.434395,0.0,0.0,0.418107,1.626888,-2.150496,0.0,0.0,0.580351,2.314199,-2.503986,0.0,0.0,0.703409,2.931983,-2.756430,0.0,0.0,0.736237,0.782914,-1.321405,0.0,0.0,1.114186,1.454484,-1.898786,0.0,0.0,1.402369,2.090285,-2.158224,0.0,0.0,1.576908,2.664454,-2.317159,0.0,0.0,1.095277,0.722216,-1.217773,0.0,0.0,1.593881,1.229814,-1.672225,0.0,0.0,1.882562,1.634723,-1.916266,0.0,0.0,2.111147,2.069820,-2.080791,0.0,0.0
record2.mp4,e7f94d8ffdda6840c9b04703cf2b6166921cdbd5be69632bee01bf2c9ebea648,640,480,12.02,736,61.25,367,30583,Left,0.929289,0.000000,0.000000,0.000000,0.0,0.0,-0.604119,0.481063,-0.460639,0.0,0.0,-1.011246,1.024746,-0.868822,0.0,0.0,-1.347613,1.565015,-1.186068,0.0,0.0,-1.703405,2.001459,-1.512310,0.0,0.0,-0.363657,1.020081,-1.352404,0.0,0.0,-0.444449,1.760536,-1.921731,0.0,0.0,-0.434440,2.358812,-2.227339,0.0,0.0,-0.445619,2.922485,-2.421733,0.0,0.0,0.267992,0.900350,-1.296690,0.0,0.0,0.441101,1.626454,-1.957816,0.0,0.0,0.597703,2.290176,-2.274068,0.0,0.0,0.711697,2.890180,-2.500465,0.0,0.0,0.755284,0.801391,-1.212482,0.0,0.0,1.118466,1.417069,-1.746747,0.0,0.0,1.388542,2.037603,-1.968181,0.0,0.0,1.552872,2.608019,-2.102632,0.0,0.0,1.097788,0.717239,-1.141351,0.0,0.0,1.591947,1.208539,-1.556919,0.0,0.0,1.879182,1.603935,-1.767366,0.0,0.0,2.115881,2.033316,-1.908718,0.0,0.0
record2.mp4,e7f94d8ffdda6840c9b04703cf2b6166921cdbd5be69632bee01bf2c9ebea648,640,480,12.02,736,61.25,368,30666,Left,0.941937,0.000000,0.000000,0.000000,0.0,0.0,-0.602305,0.494808,-0.472108,0.0,0.0,-1.008395,1.044720,-0.888104,0.0,0.0,-1.343907,1.580170,-1.214184,0.0,0.0,-1.714662,2.017055,-1.550332,0.0,0.0,-0.342498,1.017504,-1.351229,0.0,0.0,-0.444528,1.778123,-1.919445,0.0,0.0,-0.442733,2.386582,-2.222835,0.0,0.0,-0.454926,2.960097,-2.414977,0.0,0.0,0.282525,0.887619,-1.292192,0.0,0.0,0.444858,1.624524,-1.942731,0.0,0.0,0.596896,2.298142,-2.247241,0.0,0.0,0.709269,2.904948,-2.464493,0.0,0.0,0.770218,0.786086,-1.208386,0.0,0.0,1.140322,1.424815,-1.742474,0.0,0.0,1.417113,2.054610,-1.966135,0.0,0.0,1.589711,2.636896,-2.099522,0.0,0.0,1.119146,0.706506,-1.138424,0.0,0.0,1.614900,1.211723,-1.552344,0.0,0.0,1.904949,1.611919,-1.762284,0.0,0.0,2.138255,2.042699,-1.902760,0.0,0.0
record2.mp4,e7f94d8ffdda6840c9b04703cf2b6166921cdbd5be69632bee01bf2c9ebea648,640,480,12.02,736,61.25,369,30750,Left,0.941648,0.000000,0.000000,0.000000,0.0,0.0,-0.598646,0.486850,-0.500478,0.0,0.0,-0.994406,1.004513,-0.949378,0.0,0.0,-1.319097,1.522151,-1.303384,0.0,0.0,-1.697634,1.943116,-1.670274,0.0,0.0,-0.363659,1.010701,-1.442285,0.0,0.0,-0.458529,1.764921,-2.050833,0.0,0.0,-0.440993,2.373586,-2.379528,0.0,0.0,-0.435641,2.945349,-2.587517,0.0,0.0,0.264087,0.885104,-1.379115,0.0,0.0,0.426932,1.603988,-2.068340,0.0,0.0,0.584844,2.267031,-2.384992,0.0,0.0,0.704518,2.866561,-2.608118,0.0,0.0,0.759858,0.786918,-1.290868,0.0,0.0,1.126528,1.415948,-1.856617,0.0,0.0,1.400546,2.038006,-2.089693,0.0,0.0,1.572198,2.610191,-2.227543,0.0,0.0,1.110722,0.710223,-1.217542,0.0,0.0,1.596527,1.197440,-1.653270,0.0,0.0,1.879133,1.594667,-1.873537,0.0,0.0,2.106555,2.022050,-2.021431,0.0,0.0
record2.mp4,e7f94d8ffdda6840c9b04703cf2b6166921cdbd5be69632bee01bf2c9ebea648,640,480,12.02,736,61.25,370,30833,Left,0.934227,0.000000,0.000000,0.000000,0.0,0.0,-0.611336,0.486600,-0.510419,0.0,0.0,-1.020108,1.049211,-0.954676,0.0,0.0,-1.374158,1.585248,-1.303508,0.0,0.0,-1.748229,2.019858,-1.664350,0.0,0.0,-0.367144,0.994791,-1.447197,0.0,0.0,-0.446781,1.769146,-2.052845,0.0,0.0,-0.438119,2.398586,-2.379007,0.0,0.0,-0.450184,2.993486,-2.584805,0.0,0.0,0.268536,0.859912,-1.382924,0.0,0.0,0.454238,1.618666,-2.068669,0.0,0.0,0.609967,2.316774,-2.389638,0.0,0.0,0.723683,2.943980,-2.616522,0.0,0.0,0.767470,0.765984,-1.293407,0.0,0.0,1.162253,1.433258,-1.850541,0.0,0.0,1.448486,2.076519,-2.079284,0.0,0.0,1.628880,2.669008,-2.214642,0.0,0.0,1.126443,0.697707,-1.221138,0.0,0.0,1.635252,1.217833,-1.648052,0.0,0.0,1.931182,1.624292,-1.859027,0.0,0.0,2.168152,2.059707,-2.000028,0.0,0.0
record2.mp4,e7f94d8ffdda6840c9b04703cf2b6166921cdbd5be69632bee01bf2c9ebea648,640,480,12.02,736,61.25,371,30916,Left,0.926999,0.000000,0.000000,0.000000,0.0,0.0,-0.587493,0.480075,-0.494074,0.0,0.0,-0.973934,1.005687,-0.925997,0.0,0.0,-1.291063,1.523017,-1.260962,0.0,0.0,-1.660273,1.928518,-1.607155,0.0,0.0,-0.325153,1.025998,-1.413276,0.0,0.0,-0.415970,1.745878,-1.998706,0.0,0.0,-0.411205,2.325083,-2.305799,0.0,0.0,-0.427315,2.859031,-2.497596,0.0,0.0,0.288887,0.917366,-1.344337,0.0,0.0,0.441112,1.610316,-2.009318,0.0,0.0,0.578787,2.239008,-2.302521,0.0,0.0,0.669585,2.796691,-2.507697,0.0,0.0,0.768318,0.822963,-1.252063,0.0,0.0,1.116275,1.413597,-1.797376,0.0,0.0,1.354391,1.995463,-2.014968,0.0,0.0,1.493699,2.531951,-2.144326,0.0,0.0,1.105961,0.739840,-1.175340,0.0,0.0,1.582292,1.196953,-1.603621,0.0,0.0,1.863505,1.567707,-1.822035,0.0,0.0,2.092537,1.973924,-1.968275,0.0,0.0
record2.mp4,e7f94d8ffdda6840c9b04703cf2b6166921cdbd5be69632bee01bf2c9ebea648,640,480,12.02,736,61.25,372,31000,Left,0.934461,0.000000,0.000000,0.000000,0.0,0.0,-0.584235,0.462797,-0.427088,0.0,0.0,-0.984363,1.005721,-0.794077,0.0,0.0,-1.307425,1.532739,-1.080598,0.0,0.0,-1.635080,1.928962,-1.384076,0.0,0.0,-0.303464,1.045314,-1.204302,0.0,0.0,-0.421310,1.765684,-1.699370,0.0,0.0,-0.431879,2.321054,-1.975034,0.0,0.0,-0.461021,2.843418,-2.158398,0.0,0.0,0.297496,0.964913,-1.153567,0.0,0.0,0.448529,1.657193,-1.689892,0.0,0.0,0.605364,2.241815,-1.945140,0.0,0.0,0.716968,2.766427,-2.140052,0.0,0.0,0.763659,0.872911,-1.082719,0.0,0.0,1.094172,1.518426,-1.531380,0.0,0.0,1.361170,2.072658,-1.735647,0.0,0.0,1.545933,2.582521,-1.873304,0.0,0.0,1.079185,0.772436,-1.025384,0.0,0.0,1.586216,1.194988,-1.395448,0.0,0.0,1.913196,1.520432,-1.591140,0.0,0.0,2.182055,1.871311,-1.726836,0.0,0.0
record2.mp4,e7f94d8ffdda6840c9b04703cf2b6166921cdbd5be69632bee01bf2c9ebea648,640,480,12.02,736,61.25,373,31083,Left,0.944095,0.000000,0.000000,0.000000,0.0,0.0,-0.627137,0.482708,-0.461053,0.0,0.0,-1.058899,1.082573,-0.836950,0.0,0.0,-1.410494,1.631012,-1.133449,0.0,0.0,-1.793617,2.037944,-1.446063,0.0,0.0,-0.324398,1.000416,-1.291425,0.0,0.0,-0.412287,1.844675,-1.765096,0.0,0.0,-0.447101,2.430298,-2.006911,0.0,0.0,-0.480143,3.015537,-2.182389,0.0,0.0,0.320421,0.868945,-1.233397,0.0,0.0,0.504945,1.433229,-1.736664,0.0,0.0,0.656893,1.950771,-1.944831,0.0,0.0,0.775724,2.462540,-2.129567,0.0,0.0,0.809657,0.756888,-1.160266,0.0,0.0,1.168822,1.242175,-1.610712,0.0,0.0,1.397745,1.725211,-1.804246,0.0,0.0,1.589254,2.221236,-1.954917,0.0,0.0,1.139668,0.681009,-1.106394,0.0,0.0,1.739307,1.016897,-1.515506,0.0,0.0,2.155171,1.209454,-1.735715,0.0,0.0,2.517875,1.464166,-1.898138,0.0,0.0
record2.mp4,e7f94d8ffdda6840c9b04703cf2b6166921cdbd5be69632bee01bf2c9ebea648,640,480,12.02,736,61.25,374,31166,Left,0.908202,0.000000,0.000000,0.000000,0.0,0.0,-0.607122,0.454720,-0.420086,0.0,0.0,-1.029207,1.029103,-0.784022,0.0,0.0,-1.345146,1.558013,-1.071275,0.0,0.0,-1.702647,1.941938,-1.380204,0.0,0.0,-0.326370,1.005628,-1.280720,0.0,0.0,-0.365304,1.806132,-1.767510,0.0,0.0,-0.367893,2.368633,-2.027756,0.0,0.0,-0.370792,2.928517,-2.216389,0.0,0.0,0.307933,0.878500,-1.220094,0.0,0.0,0.445262,1.325312,-1.670274,0.0,0.0,0.531640,1.713239,-1.809084,0.0,0.0,0.589189,2.113064,-1.956963,0.0,0.0,0.812438,0.753718,-1.152174,0.0,0.0,1.112131,1.158684,-1.577769,0.0,0.0,1.284250,1.567023,-1.738825,0.0,0.0,1.407862,1.979962,-1.877223,0.0,0.0,1.136900,0.650415,-1.099558,0.0,0.0,1.697592,0.962783,-1.503552,0.0,0.0,2.114001,1.150380,-1.728241,0.0,0.0,2.462989,1.386864,-1.903152,0.0,0.0
record2.mp4,e7f94d8ffdda6840c9b04703cf2b6166921cdbd5be69632bee01bf2c9ebea648,640,480,12.02,736,61.25,375,31250,Left,0.931038,0.000000,0.000000,0.000000,0.0,0.0,-0.598283,0.446574,-0.406841,0.0,0.0,-0.990119,0.985707,-0.764085,0.0,0.0,-1.296209,1.505864,-1.046289,0.0,0.0,-1.667171,1.872856,-1.346584,0.0,0.0,-0.330903,1.025785,-1.218778,0.0,0.0,-0.380411,1.792429,-1.655688,0.0,0.0,-0.391929,2.317685,-1.874647,0.0,0.0,-0.399247,2.819665,-2.033429,0.0,0.0,0.294926,0.923423,-1.163137,0.0,0.0,0.398988,1.310946,-1.587623,0.0,0.0,0.466019,1.661195,-1.713612,0.0,0.0,0.508002,1.990851,-1.847199,0.0,0.0,0.790632,0.789703,-1.098805,0.0,0.0,1.053667,1.128316,-1.501188,0.0,0.0,1.200466,1.474376,-1.642167,0.0,0.0,1.314027,1.820396,-1.764849,0.0,0.0,1.107059,0.672137,-1.049743,0.0,0.0,1.651798,0.955274,-1.414345,0.0,0.0,2.034517,1.132074,-1.604534,0.0,0.0,2.361535,1.347365,-1.755032,0.0,0.0
record2.mp4,e7f94d8ffdda6840c9b04703cf2b6166921cdbd5be69632bee01bf2c9ebea648,640,480,12.02,736,61.25,376,31333,Left,0.921185,0.000000,0.000000,0.000000,0.0,0.0,-0.608601,0.479670,-0.349586,0.0,0.0,-1.006307,1.042000,-0.670589,0.0,0.0,-1.323155,1.562734,-0.927083,0.0,0.0,-1.690885,1.950210,-1.203063,0.0,0.0,-0.334039,1.032565,-1.117002,0.0,0.0,-0.415088,1.792893,-1.568402,0.0,0.0,-0.430034,2.349043,-1.817052,0.0,0.0,-0.447791,2.868732,-1.991880,0.0,0.0,0.264017,0.951766,-1.076676,0.0,0.0,0.292495,1.486990,-1.487088,0.0,0.0,0.275218,1.950823,-1.610844,0.0,0.0,0.235158,2.369534,-1.737552,0.0,0.0,0.757547,0.837515,-1.027323,0.0,0.0,1.045727,1.260774,-1.407126,0.0,0.0,1.189240,1.599188,-1.528341,0.0,0.0,1.273056,1.905546,-1.627950,0.0,0.0,1.088614,0.723381,-0.990795,0.0,0.0,1.639477,1.035219,-1.349584,0.0,0.0,2.045599,1.254857,-1.535784,0.0,0.0,2.392027,1.498684,-1.675929,0.0,0.0
record2.mp4,e7f94d8ffdda6840c9b04703cf2b6166921cdbd5be69632bee01bf2c9ebea648,640,480,12.02,736,61.25,377,31416,Left,0.987727,0.000000,0.000000,0.000000,0.0,0.0,-0.572695,0.485138,-0.216630,0.0,0.0,-0.927549,0.925914,-0.535914,0.0,0.0,-1.240238,1.385172,-0.810513,0.0,0.0,-1.584271,1.733552,-1.107839,0.0,0.0,-0.333551,1.151801,-0.921783,0.0,0.0,-0.450137,1.815769,-1.311463,0.0,0.0,-0.474735,2.268405,-1.511421,0.0,0.0,-0.499146,2.621013,-1.634247,0.0,0.0,0.199215,1.123373,-0.937399,0.0,0.0,0.182214,1.742790,-1.240728,0.0,0.0,0.196597,2.128812,-1.304725,0.0,0.0,0.176367,2.374293,-1.367107,0.0,0.0,0.647865,0.990303,-0.935253,0.0,0.0,0.968685,1.671841,-1.268728,0.0,0.0,1.315341,2.219645,-1.425916,0.0,0.0,1.574003,2.680804,-1.543518,0.0,0.0,0.931837,0.811322,-0.913340,0.0,0.0,1.444703,1.134995,-1.188500,0.0,0.0,1.797789,1.375654,-1.297356,0.0,0.0,2.098567,1.603872,-1.375558,0.0,0.0
record2.mp4,e7f94d8ffdda6840c9b04703cf2b6166921cdbd5be69632bee01bf2c9ebea648,640,480,12.02,736,61.25,378,31500,Left,0.966953,0.000000,0.000000,0.000000,0.0,0.0,-0.575124,0.434488,-0.305192,0.0,0.0,-0.976736,0.901654,-0.655932,0.0,0.0,-1.302104,1.401374,-0.936856,0.0,0.0,-1.653897,1.768136,-1.239506,0.0,0.0,-0.380952,1.049813,-1.135050,0.0,0.0,-0.507584,1.726073,-1.587120,0.0,0.0,-0.517766,2.189177,-1.802186,0.0,0.0,-0.537226,2.549061,-1.930578,0.0,0.0,0.186555,1.046948,-1.119448,0.0,0.0,0.191170,1.713723,-1.534924,0.0,0.0,0.230388,2.158316,-1.648229,0.0,0.0,0.222987,2.445736,-1.736392,0.0,0.0,0.660695,0.974741,-1.081807,0.0,0.0,0.986477,1.647559,-1.480692,0.0,0.0,1.318819,2.220942,-1.648413,0.0,0.0,1.559298,2.690466,-1.763832,0.0,0.0,0.978699,0.847623,-1.032981,0.0,0.0,1.478458,1.294878,-1.367369,0.0,0.0,1.802498,1.618008,-1.521110,0.0,0.0,2.070348,1.929056,-1.626751,0.0,0.0
record2.mp4,e7f94d8ffdda6840c9b04703cf2b6166921cdbd5be69632bee01bf2c9ebea648,640,480,12.02,736,61.25,379,31583,Left,0.979672,0.000000,0.000000,0.000000,0.0,0.0,-0.569181,0.417656,-0.316851,0.0,0.0,-0.963896,0.904723,-0.642555,0.0,0.0,-1.277033,1.396916,-0.892161,0.0,0.0,-1.615754,1.743269,-1.163304,0.0,0.0,-0.333388,1.007712,-1.111765,0.0,0.0,-0.450735,1.637572,-1.520949,0.0,0.0,-0.484150,2.093120,-1.722866,0.0,0.0,-0.526640,2.509496,-1.858488,0.0,0.0,0.253777,1.007233,-1.075968,0.0,0.0,0.431365,1.612453,-1.443720,0.0,0.0,0.594474,2.015458,-1.552598,0.0,0.0,0.702243,2.335187,-1.651455,0.0,0.0,0.719291,0.969838,-1.015782,0.0,0.0,1.066897,1.608576,-1.361357,0.0,0.0,1.348959,2.150579,-1.503089,0.0,0.0,1.559670,2.635962,-1.612309,0.0,0.0,1.021883,0.881711,-0.951019,0.0,0.0,1.497896,1.297995,-1.249513,0.0,0.0,1.793840,1.590318,-1.387512,0.0,0.0,2.019631,1.894423,-1.486516,0.0,0.0
record2.mp4,e7f94d8ffdda6840c9b04703cf2b6166921cdbd5be69632bee01bf2c9ebea648,640,480,12.02,736,61.25,380,31666,Left,0.97617,0.000000,0.000000,0.000000,0.0,0.0,-0.598693,0.420721,-0.347975,0.0,0.0,-1.021941,0.947085,-0.675539,0.0,0.0,-1.361008,1.466205,-0.918884,0.0,0.0,-1.706806,1.828971,-1.168572,0.0,0.0,-0.328998,0.963545,-1.151334,0.0,0.0,-0.479902,1.616841,-1.576383,0.0,0.0,-0.518320,2.096522,-1.780535,0.0,0.0,-0.561286,2.566390,-1.913464,0.0,0.0,0.289206,0.923819,-1.087522,0.0,0.0,0.451055,1.465244,-1.473790,0.0,0.0,0.625136,1.912176,-1.583890,0.0,0.0,0.753392,2.320087,-1.687323,0.0,0.0,0.766347,0.903906,-1.003966,0.0,0.0,1.066846,1.463678,-1.373285,0.0,0.0,1.244040,1.989591,-1.520532,0.0,0.0,1.375878,2.483929,-1.624281,0.0,0.0,1.070948,0.897890,-0.921074,0.0,0.0,1.520630,1.340927,-1.236463,0.0,0.0,1.797874,1.647913,-1.393621,0.0,0.0,1.995534,1.978907,-1.504339,0.0,0.0
record2.mp4,e7f94d8ffdda6840c9b04703cf2b6166921cdbd5be69632bee01bf2c9ebea648,640,480,12.02,736,61.25,381,31750,Left,0.942098,0.000000,0.000000,0.000000,0.0,0.0,-0.610215,0.414111,-0.352559,0.0,0.0,-1.052180,0.988554,-0.677825,0.0,0.0,-1.399164,1.515279,-0.930928,0.0,0.0,-1.756605,1.890032,-1.200407,0.0,0.0,-0.331990,0.945378,-1.079811,0.0,0.0,-0.493863,1.591921,-1.471898,0.0,0.0,-0.546245,2.058208,-1.662133,0.0,0.0,-0.587864,2.530972,-1.795723,0.0,0.0,0.260982,0.930343,-1.041596,0.0,0.0,0.300357,1.528628,-1.402710,0.0,0.0,0.341505,1.912096,-1.506321,0.0,0.0,0.347512,2.271839,-1.606913,0.0,0.0,0.750468,0.916862,-0.991409,0.0,0.0,0.997397,1.562305,-1.350489,0.0,0.0,1.192456,2.104621,-1.505707,0.0,0.0,1.338094,2.614341,-1.621328,0.0,0.0,1.077373,0.900409,-0.945290,0.0,0.0,1.541808,1.398252,-1.239901,0.0,0.0,1.849617,1.728257,-1.384498,0.0,0.0,2.083277,2.074234,-1.498688,0.0,0.0
record2.mp4,e7f94d8ffdda6840c9b04703cf2b6166921cdbd5be69632bee01bf2c9ebea648,640,480,12.02,736,61.25,382,31833,Left,0.966991,0.000000,0.000000,0.000000,0.0,0.0,-0.611898,0.386234,-0.333151,0.0,0.0,-1.058612,0.934784,-0.629924,0.0,0.0,-1.391838,1.443512,-0.859595,0.0,0.0,-1.746623,1.782425,-1.105496,0.0,0.0,-0.352838,0.949098,-0.975708,0.0,0.0,-0.517560,1.470817,-1.310998,0.0,0.0,-0.573808,1.870126,-1.479747,0.0,0.0,-0.616873,2.282846,-1.606535,0.0,0.0,0.250745,0.953274,-0.933254,0.0,0.0,0.344518,1.469279,-1.233281,0.0,0.0,0.451215,1.824103,-1.326377,0.0,0.0,0.513915,2.140814,-1.431574,0.0,0.0,0.735859,0.936128,-0.876234,0.0,0.0,0.979249,1.534681,-1.179879,0.0,0.0,1.158824,1.999410,-1.302985,0.0,0.0,1.285593,2.426324,-1.408012,0.0,0.0,1.056162,0.879770,-0.824929,0.0,0.0,1.501108,1.320285,-1.087907,0.0,0.0,1.794857,1.639980,-1.207791,0.0,0.0,2.010094,1.964977,-1.304885,0.0,0.0
record2.mp4,e7f94d8ffdda6840c9b04703cf2b6166921cdbd5be69632bee01bf2c9ebea648,640,480,12.02,736,61.25,383,31916,Left,0.80805,0.000000,0.000000,0.000000,0.0,0.0,-0.630878,0.375981,-0.429902,0.0,0.0,-1.072392,0.937980,-0.782232,0.0,0.0,-1.424784,1.450508,-1.056307,0.0,0.0,-1.776085,1.837636,-1.338097,0.0,0.0,-0.335235,0.975076,-1.075591,0.0,0.0,-0.397304,1.364059,-1.517764,0.0,0.0,-0.424284,1.715148,-1.767158,0.0,0.0,-0.470581,2.095127,-1.933823,0.0,0.0,0.258778,0.964481,-1.031290,0.0,0.0,0.388867,1.658596,-1.513891,0.0,0.0,0.514931,2.239556,-1.750346,0.0,0.0,0.577957,2.780980,-1.935771,0.0,0.0,0.735219,0.929704,-0.976560,0.0,0.0,1.000356,1.565687,-1.400965,0.0,0.0,1.211500,2.089333,-1.599684,0.0,0.0,1.340040,2.568350,-1.727922,0.0,0.0,1.068780,0.837455,-0.937175,0.0,0.0,1.496325,1.303394,-1.279322,0.0,0.0,1.785984,1.649505,-1.459061,0.0,0.0,2.027716,2.008184,-1.588222,0.0,0.0
record2.mp4,e7f94d8ffdda6840c9b04703cf2b6166921cdbd5be69632bee01bf2c9ebea648,640,480,12.02,736,61.25,384,32000,Left,0.911995,0.000000,0.000000,0.000000,0.0,0.0,-0.667184,0.407109,-0.459358,0.0,0.0,-1.144369,1.044637,-0.842075,0.0,0.0,-1.527377,1.581771,-1.138641,0.0,0.0,-1.937012,1.965359,-1.442634,0.0,0.0,-0.380493,0.907508,-1.200256,0.0,0.0,-0.368175,1.340270,-1.675798,0.0,0.0,-0.334413,1.706192,-1.935400,0.0,0.0,-0.310708,2.108658,-2.109273,0.0,0.0,0.262934,0.842868,-1.157144,0.0,0.0,0.391922,1.631362,-1.678126,0.0,0.0,0.539542,2.304416,-1.941705,0.0,0.0,0.641358,2.927257,-2.150056,0.0,0.0,0.771412,0.815355,-1.098647,0.0,0.0,1.055036,1.527363,-1.564164,0.0,0.0,1.298688,2.169830,-1.810919,0.0,0.0,1.470627,2.758020,-1.971558,0.0,0.0,1.131962,0.771702,-1.054486,0.0,0.0,1.595618,1.334668,-1.430815,0.0,0.0,1.923145,1.739555,-1.642265,0.0,0.0,2.209883,2.147751,-1.797499,0.0,0.0
record2.mp4,e7f94d8ffdda6840c9b04703cf2b6166921cdbd5be69632bee01bf2c9ebea648,640,480,12.02,736,61.25,385,32083,Left,0.957548,0.000000,0.000000,0.000000,0.0,0.0,-0.604942,0.436832,-0.436012,0.0,0.0,-1.056101,1.059297,-0.801827,0.0,0.0,-1.411875,1.633942,-1.083029,0.0,0.0,-1.777252,2.027495,-1.375948,0.0,0.0,-0.384529,0.981645,-1.234434,0.0,0.0,-0.476835,1.775668,-1.705047,0.0,0.0,-0.472826,2.353777,-1.930629,0.0,0.0,-0.468499,2.890105,-2.075155,0.0,0.0,0.221524,0.938425,-1.179603,0.0,0.0,0.330225,1.750696,-1.689505,0.0,0.0,0.451851,2.396730,-1.890464,0.0,0.0,0.539251,2.966888,-2.040714,0.0,0.0,0.705526,0.900853,-1.107696,0.0,0.0,0.975838,1.598340,-1.541092,0.0,0.0,1.165309,2.191036,-1.724287,0.0,0.0,1.299033,2.720798,-1.839078,0.0,0.0,1.050742,0.863809,-1.052121,0.0,0.0,1.495148,1.395697,-1.414983,0.0,0.0,1.799176,1.784255,-1.613447,0.0,0.0,2.053235,2.173343,-1.749052,0.0,0.0
record2.mp4,e7f94d8ffdda6840c9b04703cf2b6166921cdbd5be69632bee01bf2c9ebea648,640,480,12.02,736,61.25,386,32166,Left,0.952246,0.000000,0.000000,0.000000,0.0,0.0,-0.607826,0.430165,-0.487724,0.0,0.0,-1.048634,1.012573,-0.901393,0.0,0.0,-1.428555,1.548238,-1.221508,0.0,0.0,-1.821357,1.947268,-1.554878,0.0,0.0,-0.398093,0.961357,-1.404082,0.0,0.0,-0.462716,1.776559,-1.952309,0.0,0.0,-0.448205,2.386036,-2.223438,0.0,0.0,-0.451749,2.961367,-2.399110,0.0,0.0,0.234039,0.894138,-1.346558,0.0,0.0,0.382895,1.696608,-1.986405,0.0,0.0,0.509430,2.387073,-2.273010,0.0,0.0,0.597233,3.017499,-2.481036,0.0,0.0,0.728756,0.843542,-1.264117,0.0,0.0,1.041565,1.523552,-1.797863,0.0,0.0,1.249238,2.158616,-2.027171,0.0,0.0,1.381049,2.738003,-2.168424,0.0,0.0,1.084851,0.798514,-1.197894,0.0,0.0,1.555660,1.349007,-1.631749,0.0,0.0,1.862577,1.748336,-1.864668,0.0,0.0,2.131561,2.160634,-2.024495,0.0,0.0
record2.mp4,e7f94d8ffdda6840c9b04703cf2b6166921cdbd5be69632bee01bf2c9ebea648,640,480,12.02,736,61.25,387,32250,Left,0.912929,0.000000,0.000000,0.000000,0.0,0.0,-0.609350,0.430283,-0.516973,0.0,0.0,-1.029720,0.939969,-0.964098,0.0,0.0,-1.380045,1.419819,-1.307748,0.0,0.0,-1.750790,1.792891,-1.664212,0.0,0.0,-0.400855,0.990440,-1.493300,0.0,0.0,-0.453805,1.763302,-2.079879,0.0,0.0,-0.417207,2.357796,-2.374027,0.0,0.0,-0.399955,2.900864,-2.560794,0.0,0.0,0.235713,0.912479,-1.417219,0.0,0.0,0.394795,1.683164,-2.100412,0.0,0.0,0.536084,2.344171,-2.406056,0.0,0.0,0.630385,2.932010,-2.623907,0.0,0.0,0.729747,0.841186,-1.313538,0.0,0.0,1.046307,1.503808,-1.874562,0.0,0.0,1.269437,2.129290,-2.120438,0.0,0.0,1.397267,2.686610,-2.272328,0.0,0.0,1.068729,0.776415,-1.224062,0.0,0.0,1.534621,1.292203,-1.675772,0.0,0.0,1.827387,1.688780,-1.926184,0.0,0.0,2.078521,2.097340,-2.099324,0.0,0.0
record2.mp4,e7f94d8ffdda6840c9b04703cf2b6166921cdbd5be69632bee01bf2c9ebea648,640,480,12.02,736,61.25,388,32333,Left,0.942228,0.000000,0.000000,0.000000,0.0,0.0,-0.608099,0.404052,-0.521973,0.0,0.0,-1.036835,0.909154,-0.965854,0.0,0.0,-1.393552,1.377709,-1.304760,0.0,0.0,-1.762840,1.699619,-1.656705,0.0,0.0,-0.394303,0.981272,-1.490050,0.0,0.0,-0.445275,1.770402,-2.073050,0.0,0.0,-0.428668,2.374536,-2.365942,0.0,0.0,-0.428049,2.914378,-2.548819,0.0,0.0,0.233122,0.919843,-1.409540,0.0,0.0,0.393504,1.713964,-2.063175,0.0,0.0,0.521817,2.385433,-2.350305,0.0,0.0,0.607957,2.970962,-2.554215,0.0,0.0,0.721925,0.867046,-1.304604,0.0,0.0,1.044663,1.540351,-1.840703,0.0,0.0,1.256426,2.168795,-2.083540,0.0,0.0,1.377096,2.727070,-2.234782,0.0,0.0,1.062630,0.820439,-1.216246,0.0,0.0,1.532452,1.347073,-1.652518,0.0,0.0,1.829633,1.745572,-1.901028,0.0,0.0,2.073426,2.155009,-2.072699,0.0,0.0
record2.mp4,e7f94d8ffdda6840c9b04703cf2b6166921cdbd5be69632bee01bf2c9ebea648,640,480,12.02,736,61.25,389,32416,Left,0.946566,0.000000,0.000000,0.000000,0.0,0.0,-0.598792,0.395428,-0.503865,0.0,0.0,-1.050520,0.837172,-0.950489,0.0,0.0,-1.492871,1.207250,-1.292336,0.0,0.0,-1.897042,1.438711,-1.647413,0.0,0.0,-0.407927,0.982064,-1.531027,0.0,0.0,-0.469846,1.767061,-2.136275,0.0,0.0,-0.439587,2.375244,-2.441881,0.0,0.0,-0.428404,2.924366,-2.630368,0.0,0.0,0.223786,0.916022,-1.449993,0.0,0.0,0.376730,1.700993,-2.144265,0.0,0.0,0.513193,2.381207,-2.454524,0.0,0.0,0.606074,2.976245,-2.671634,0.0,0.0,0.713879,0.868506,-1.335336,0.0,0.0,1.033823,1.540468,-1.891040,0.0,0.0,1.251382,2.170195,-2.143395,0.0,0.0,1.369282,2.735434,-2.296574,0.0,0.0,1.052229,0.832289,-1.233508,0.0,0.0,1.527730,1.351700,-1.679366,0.0,0.0,1.820673,1.746872,-1.934275,0.0,0.0,2.058084,2.163350,-2.107848,0.0,0.0
record2.mp4,e7f94d8ffdda6840c9b04703cf2b6166921cdbd5be69632bee01bf2c9ebea648,640,480,12.02,736,61.25,390,32500,Left,0.948532,0.000000,0.000000,0.000000,0.0,0.0,-0.618873,0.412963,-0.466114,0.0,0.0,-1.103515,0.894554,-0.881743,0.0,0.0,-1.552684,1.326124,-1.195143,0.0,0.0,-1.899358,1.647244,-1.517085,0.0,0.0,-0.416904,0.950919,-1.488234,0.0,0.0,-0.467912,1.783350,-2.060929,0.0,0.0,-0.440593,2.394237,-2.340072,0.0,0.0,-0.432318,2.945230,-2.515515,0.0,0.0,0.236605,0.864620,-1.421164,0.0,0.0,0.398883,1.690068,-2.104657,0.0,0.0,0.517499,2.376960,-2.418048,0.0,0.0,0.598784,2.988310,-2.645208,0.0,0.0,0.740673,0.813989,-1.317028,0.0,0.0,1.067073,1.508171,-1.872386,0.0,0.0,1.279019,2.149215,-2.135431,0.0,0.0,1.396435,2.725999,-2.301540,0.0,0.0,1.087282,0.790483,-1.220344,0.0,0.0,1.577302,1.326105,-1.675854,0.0,0.0,1.881022,1.718236,-1.944362,0.0,0.0,2.144624,2.138776,-2.131645,0.0,0.0
record2.mp4,e7f94d8ffdda6840c9b04703cf2b6166921cdbd5be69632bee01bf2c9ebea648,640,480,12.02,736,61.25,391,32583,Left,0.920662,0.000000,0.000000,0.000000,0.0,0.0,-0.634773,0.445625,-0.509201,0.0,0.0,-1.071333,1.002716,-0.937305,0.0,0.0,-1.448666,1.528844,-1.271229,0.0,0.0,-1.856881,1.942845,-1.617072,0.0,0.0,-0.382931,0.964341,-1.395295,0.0,0.0,-0.455340,1.745865,-1.947479,0.0,0.0,-0.431681,2.340165,-2.225967,0.0,0.0,-0.423081,2.897107,-2.408506,0.0,0.0,0.251886,0.907572,-1.327692,0.0,0.0,0.395533,1.664764,-1.975582,0.0,0.0,0.530413,2.327157,-2.269673,0.0,0.0,0.620803,2.925971,-2.484134,0.0,0.0,0.744591,0.849391,-1.237817,0.0,0.0,1.056769,1.501065,-1.788129,0.0,0.0,1.269154,2.111675,-2.024029,0.0,0.0,1.401735,2.670895,-2.168989,0.0,0.0,1.084881,0.792480,-1.163764,0.0,0.0,1.557757,1.300808,-1.606828,0.0,0.0,1.859814,1.680093,-1.841213,0.0,0.0,2.128840,2.078033,-2.003684,0.0,0.0
record2.mp4,e7f94d8ffdda6840c9b04703cf2b6166921cdbd5be69632bee01bf2c9ebea648,640,480,12.02,736,61.25,392,32666,Left,0.938084,0.000000,0.000000,0.000000,0.0,0.0,-0.649095,0.441926,-0.545750,0.0,0.0,-1.095041,0.992832,-0.997749,0.0,0.0,-1.462403,1.524953,-1.341720,0.0,0.0,-1.851009,1.959181,-1.696749,0.0,0.0,-0.389822,0.939338,-1.514764,0.0,0.0,-0.445142,1.723368,-2.109202,0.0,0.0,-0.412001,2.334038,-2.408227,0.0,0.0,-0.409238,2.895900,-2.597080,0.0,0.0,0.261469,0.870073,-1.425459,0.0,0.0,0.422686,1.635874,-2.109087,0.0,0.0,0.568446,2.321118,-2.410583,0.0,0.0,0.656500,2.925191,-2.628201,0.0,0.0,0.765286,0.810324,-1.311534,0.0,0.0,1.089631,1.471395,-1.896437,0.0,0.0,1.315738,2.106261,-2.151325,0.0,0.0,1.447256,2.674175,-2.304299,0.0,0.0,1.110730,0.754852,-1.211649,0.0,0.0,1.595036,1.273085,-1.679553,0.0,0.0,1.900145,1.669233,-1.930899,0.0,0.0,2.162136,2.075784,-2.104083,0.0,0.0
record2.mp4,e7f94d8ffdda6840c9b04703cf2b6166921cdbd5be69632bee01bf2c9ebea648,640,480,12.02,736,61.25,393,32750,Left,0.939048,0.000000,0.000000,0.000000,0.0,0.0,-0.626730,0.454613,-0.487345,0.0,0.0,-1.069722,0.999601,-0.898581,0.0,0.0,-1.438426,1.523045,-1.210971,0.0,0.0,-1.776804,1.942411,-1.534322,0.0,0.0,-0.367958,0.971456,-1.422126,0.0,0.0,-0.431196,1.729528,-1.992585,0.0,0.0,-0.398196,2.324122,-2.281122,0.0,0.0,-0.391019,2.869549,-2.461469,0.0,0.0,0.269364,0.898462,-1.346555,0.0,0.0,0.412086,1.652604,-2.003020,0.0,0.0,0.553695,2.318644,-2.294260,0.0,0.0,0.640654,2.900135,-2.503133,0.0,0.0,0.760860,0.837221,-1.244034,0.0,0.0,1.067258,1.496323,-1.797773,0.0,0.0,1.283693,2.109175,-2.041094,0.0,0.0,1.405583,2.651979,-2.186997,0.0,0.0,1.095262,0.783404,-1.152372,0.0,0.0,1.561599,1.287081,-1.600746,0.0,0.0,1.860835,1.678148,-1.847345,0.0,0.0,2.114289,2.077781,-2.015447,0.0,0.0
record2.mp4,e7f94d8ffdda6840c9b04703cf2b6166921cdbd5be69632bee01bf2c9ebea648,640,480,12.02,736,61.25,394,32833,Left,0.931729,0.000000,0.000000,0.000000,0.0,0.0,-0.622984,0.446616,-0.475132,0.0,0.0,-1.058573,0.971332,-0.877992,0.0,0.0,-1.422975,1.473519,-1.189535,0.0,0.0,-1.769021,1.876107,-1.512676,0.0,0.0,-0.347218,0.973213,-1.341216,0.0,0.0,-0.416663,1.708337,-1.882533,0.0,0.0,-0.396952,2.275131,-2.160822,0.0,0.0,-0.401587,2.801077,-2.338050,0.0,0.0,0.285711,0.915301,-1.271949,0.0,0.0,0.420199,1.645246,-1.887863,0.0,0.0,0.554599,2.276987,-2.163691,0.0,0.0,0.631477,2.833476,-2.365401,0.0,0.0,0.771101,0.851646,-1.179783,0.0,0.0,1.068889,1.495255,-1.701258,0.0,0.0,1.280495,2.078327,-1.930681,0.0,0.0,1.400543,2.600231,-2.072239,0.0,0.0,1.096626,0.785053,-1.100021,0.0,0.0,1.552837,1.262216,-1.520215,0.0,0.0,1.844437,1.634825,-1.748388,0.0,0.0,2.092539,2.023059,-1.906166,0.0,0.0
record2.mp4,e7f94d8ffdda6840c9b04703cf2b6166921cdbd5be69632bee01bf2c9ebea648,640,480,12.02,736,61.25,395,32916,Left,0.930106,0.000000,0.000000,0.000000,0.0,0.0,-0.626402,0.435741,-0.512341,0.0,0.0,-1.062726,0.969831,-0.944157,0.0,0.0,-1.447295,1.497533,-1.275261,0.0,0.0,-1.803630,1.916707,-1.617513,0.0,0.0,-0.348859,0.979311,-1.419197,0.0,0.0,-0.430344,1.722347,-1.973453,0.0,0.0,-0.412357,2.280815,-2.253269,0.0,0.0,-0.418385,2.804354,-2.431620,0.0,0.0,0.273494,0.930989,-1.335772,0.0,0.0,0.394032,1.661961,-1.964090,0.0,0.0,0.526964,2.280996,-2.244365,0.0,0.0,0.602663,2.831777,-2.450278,0.0,0.0,0.755647,0.879319,-1.229297,0.0,0.0,1.036245,1.513694,-1.769451,0.0,0.0,1.240160,2.091024,-2.019113,0.0,0.0,1.359844,2.608272,-2.173932,0.0,0.0,1.078329,0.822987,-1.135143,0.0,0.0,1.531820,1.298146,-1.568016,0.0,0.0,1.827809,1.659681,-1.810348,0.0,0.0,2.082722,2.039571,-1.979872,0.0,0.0
record2.mp4,e7f94d8ffdda6840c9b04703cf2b6166921cdbd5be69632bee01bf2c9ebea648,640,480,12.02,736,61.25,396,33000,Left,0.918087,0.000000,0.000000,0.000000,0.0,0.0,-0.608506,0.435444,-0.445461,0.0,0.0,-1.031629,0.941400,-0.826922,0.0,0.0,-1.382689,1.433120,-1.121891,0.0,0.0,-1.730757,1.809155,-1.427895,0.0,0.0,-0.332304,0.995447,-1.253130,0.0,0.0,-0.417307,1.707206,-1.741423,0.0,0.0,-0.400630,2.236961,-1.988363,0.0,0.0,-0.408131,2.714803,-2.149137,0.0,0.0,0.282210,0.959762,-1.188381,0.0,0.0,0.408646,1.651291,-1.746597,0.0,0.0,0.537811,2.236423,-1.993682,0.0,0.0,0.605336,2.733179,-2.179852,0.0,0.0,0.759514,0.891335,-1.101945,0.0,0.0,1.025097,1.514333,-1.574642,0.0,0.0,1.204624,2.046858,-1.787687,0.0,0.0,1.302157,2.505773,-1.925974,0.0,0.0,1.073267,0.802534,-1.026933,0.0,0.0,1.519191,1.237992,-1.417557,0.0,0.0,1.806617,1.579792,-1.636764,0.0,0.0,2.052325,1.929409,-1.790173,0.0,0.0
record2.mp4,e7f94d8ffdda6840c9b04703cf2b6166921cdbd5be69632bee01bf2c9ebea648,640,480,12.02,736,61.25,397,33083,Left,0.902961,0.000000,0.000000,0.000000,0.0,0.0,-0.589622,0.439394,-0.428296,0.0,0.0,-1.000692,0.958570,-0.802689,0.0,0.0,-1.367879,1.450695,-1.095372,0.0,0.0,-1.716926,1.805822,-1.401078,0.0,0.0,-0.316973,1.049616,-1.207371,0.0,0.0,-0.402656,1.750178,-1.673879,0.0,0.0,-0.390240,2.246346,-1.908611,0.0,0.0,-0.398525,2.698609,-2.061735,0.0,0.0,0.269006,1.020613,-1.150103,0.0,0.0,0.375785,1.707083,-1.677702,0.0,0.0,0.501780,2.254021,-1.908514,0.0,0.0,0.568164,2.722002,-2.082675,0.0,0.0,0.726223,0.944695,-1.072788,0.0,0.0,0.981053,1.555861,-1.528231,0.0,0.0,1.169540,2.065128,-1.738784,0.0,0.0,1.279490,2.502300,-1.875104,0.0,0.0,1.026608,0.835259,-1.005420,0.0,0.0,1.466543,1.260610,-1.377308,0.0,0.0,1.752192,1.589990,-1.586211,0.0,0.0,1.994570,1.930562,-1.733684,0.0,0.0
record2.mp4,e7f94d8ffdda6840c9b04703cf2b6166921cdbd5be69632bee01bf2c9ebea648,640,480,12.02,736,61.25,398,33166,Left,0.904147,0.000000,0.000000,0.000000,0.0,0.0,-0.579792,0.417152,-0.459743,0.0,0.0,-0.980652,0.881334,-0.866653,0.0,0.0,-1.374732,1.359986,-1.183990,0.0,0.0,-1.748726,1.752481,-1.512292,0.0,0.0,-0.327669,1.044875,-1.294316,0.0,0.0,-0.403036,1.727646,-1.800081,0.0,0.0,-0.388907,2.222182,-2.058070,0.0,0.0,-0.395756,2.670924,-2.226164,0.0,0.0,0.261588,1.024312,-1.229405,0.0,0.0,0.380176,1.696937,-1.812195,0.0,0.0,0.497925,2.245610,-2.079768,0.0,0.0,0.561403,2.713562,-2.280168,0.0,0.0,0.720354,0.947268,-1.142292,0.0,0.0,0.986637,1.532932,-1.639735,0.0,0.0,1.170426,2.053715,-1.875824,0.0,0.0,1.275156,2.500243,-2.029496,0.0,0.0,1.021385,0.830334,-1.064524,0.0,0.0,1.475194,1.272067,-1.465655,0.0,0.0,1.768004,1.605899,-1.693184,0.0,0.0,2.024300,1.942451,-1.855398,0.0,0.0
record2.mp4,e7f94d8ffdda6840c9b04703cf2b6166921cdbd5be69632bee01bf2c9ebea648,640,480,12.02,736,61.25,399,33250,Left,0.858905,0.000000,0.000000,0.000000,0.0,0.0,-0.593482,0.379281,-0.490691,0.0,0.0,-1.031028,0.827625,-0.911821,0.0,0.0,-1.447342,1.282548,-1.240423,0.0,0.0,-1.823346,1.646216,-1.581018,0.0,0.0,-0.360750,0.998830,-1.369979,0.0,0.0,-0.436512,1.702288,-1.913087,0.0,0.0,-0.427435,2.229614,-2.197960,0.0,0.0,-0.437313,2.725043,-2.385614,0.0,0.0,0.249787,0.972680,-1.302041,0.0,0.0,0.375595,1.673859,-1.932095,0.0,0.0,0.495759,2.259611,-2.233517,0.0,0.0,0.570712,2.787252,-2.459734,0.0,0.0,0.726314,0.904803,-1.209800,0.0,0.0,0.996756,1.514698,-1.738901,0.0,0.0,1.201237,2.065713,-1.988593,0.0,0.0,1.326187,2.554802,-2.151472,0.0,0.0,1.053578,0.804375,-1.130356,0.0,0.0,1.519085,1.273868,-1.555633,0.0,0.0,1.812807,1.617687,-1.794533,0.0,0.0,2.068171,1.974036,-1.965866,0.0,0.0
record2.mp4,e7f94d8ffdda6840c9b04703cf2b6166921cdbd5be69632bee01bf2c9ebea648,640,480,12.02,736,61.25,400,33333,Left,0.898931,0.000000,0.000000,0.000000,0.0,0.0,-0.611042,0.424599,-0.481543,0.0,0.0,-1.015031,0.931574,-0.878230,0.0,0.0,-1.384527,1.455584,-1.180641,0.0,0.0,-1.733721,1.882183,-1.492763,0.0,0.0,-0.339633,1.024058,-1.313739,0.0,0.0,-0.425412,1.738596,-1.823739,0.0,0.0,-0.414364,2.263106,-2.084806,0.0,0.0,-0.424805,2.762403,-2.258890,0.0,0.0,0.264045,0.991988,-1.238279,0.0,0.0,0.377278,1.676689,-1.838094,0.0,0.0,0.498933,2.259676,-2.121050,0.0,0.0,0.568362,2.788890,-2.333875,0.0,0.0,0.726971,0.929895,-1.141001,0.0,0.0,0.979211,1.507210,-1.652793,0.0,0.0,1.170718,2.056793,-1.894061,0.0,0.0,1.283085,2.555469,-2.050840,0.0,0.0,1.034280,0.845249,-1.056747,0.0,0.0,1.498433,1.294373,-1.480347,0.0,0.0,1.795085,1.636680,-1.722932,0.0,0.0,2.050459,1.999566,-1.894518,0.0,0.0
record2.mp4,e7f94d8ffdda6840c9b04703cf2b6166921cdbd5be69632bee01bf2c9ebea648,640,480,12.02,736,61.25,401,33416,Left,0.89521,0.000000,0.000000,0.000000,0.0,0.0,-0.606509,0.444909,-0.466178,0.0,0.0,-1.021576,0.956736,-0.861032,0.0,0.0,-1.379938,1.457712,-1.160021,0.0,0.0,-1.727950,1.831798,-1.469341,0.0,0.0,-0.332106,1.012687,-1.332551,0.0,0.0,-0.415599,1.709521,-1.856865,0.0,0.0,-0.395272,2.239943,-2.127106,0.0,0.0,-0.398888,2.732153,-2.304456,0.0,0.0,0.272865,0.972672,-1.262680,0.0,0.0,0.391628,1.666522,-1.874549,0.0,0.0,0.520961,2.253330,-2.161482,0.0,0.0,0.595689,2.774657,-2.375742,0.0,0.0,0.743261,0.913635,-1.166416,0.0,0.0,1.001884,1.519422,-1.685228,0.0,0.0,1.187443,2.060505,-1.926684,0.0,0.0,1.290769,2.537501,-2.081958,0.0,0.0,1.053611,0.837153,-1.080431,0.0,0.0,1.516394,1.280118,-1.506698,0.0,0.0,1.812835,1.614916,-1.748860,0.0,0.0,2.069530,1.969529,-1.919321,0.0,0.0
record2.mp4,e7f94d8ffdda6840c9b04703cf2b6166921cdbd5be69632bee01bf2c9ebea648,640,480,12.02,736,61.25,402,33500,Left,0.892296,0.000000,0.000000,0.000000,0.0,0.0,-0.621527,0.411387,-0.451099,0.0,0.0,-1.048529,0.928475,-0.826569,0.0,0.0,-1.412444,1.432533,-1.120938,0.0,0.0,-1.750441,1.815438,-1.430576,0.0,0.0,-0.333862,1.048380,-1.204111,0.0,0.0,-0.433484,1.733495,-1.668221,0.0,0.0,-0.419098,2.234613,-1.909119,0.0,0.0,-0.421047,2.716316,-2.075119,0.0,0.0,0.262122,1.009265,-1.146619,0.0,0.0,0.375058,1.661500,-1.681972,0.0,0.0,0.507790,2.210608,-1.930381,0.0,0.0,0.590839,2.724396,-2.122393,0.0,0.0,0.725198,0.923805,-1.071763,0.0,0.0,0.998429,1.518760,-1.542450,0.0,0.0,1.209607,2.037666,-1.760394,0.0,0.0,1.348930,2.524686,-1.904710,0.0,0.0,1.030734,0.810600,-1.010046,0.0,0.0,1.506764,1.247375,-1.405180,0.0,0.0,1.834932,1.572680,-1.622512,0.0,0.0,2.123739,1.924205,-1.775998,0.0,0.0
record2.mp4,e7f94d8ffdda6840c9b04703cf2b6166921cdbd5be69632bee01bf2c9ebea648,640,480,12.02,736,61.25,403,33583,Left,0.920634,0.000000,0.000000,0.000000,0.0,0.0,-0.566114,0.416710,-0.413190,0.0,0.0,-0.964234,0.881069,-0.796239,0.0,0.0,-1.343727,1.359398,-1.093939,0.0,0.0,-1.693284,1.751966,-1.411934,0.0,0.0,-0.325713,1.066604,-1.241700,0.0,0.0,-0.412984,1.707477,-1.728827,0.0,0.0,-0.405239,2.204131,-1.989500,0.0,0.0,-0.418331,2.634252,-2.160657,0.0,0.0,0.263286,1.041609,-1.184401,0.0,0.0,0.398818,1.667206,-1.664098,0.0,0.0,0.520171,2.156958,-1.859378,0.0,0.0,0.578325,2.555733,-2.021095,0.0,0.0,0.724714,0.950279,-1.109613,0.0,0.0,1.017205,1.579777,-1.555440,0.0,0.0,1.247033,2.088923,-1.774492,0.0,0.0,1.383131,2.526934,-1.929436,0.0,0.0,1.004387,0.818405,-1.036750,0.0,0.0,1.509264,1.199838,-1.424199,0.0,0.0,1.850107,1.495281,-1.644645,0.0,0.0,2.126846,1.796794,-1.803327,0.0,0.0
record2.mp4,e7f94d8ffdda6840c9b04703cf2b6166921cdbd5be69632bee01bf2c9ebea648,640,480,12.02,736,61.25,404,33666,Left,0.931396,0.000000,0.000000,0.000000,0.0,0.0,-0.568682,0.382795,-0.442522,0.0,0.0,-0.970568,0.851937,-0.834640,0.0,0.0,-1.358104,1.320605,-1.137660,0.0,0.0,-1.715425,1.701493,-1.459263,0.0,0.0,-0.327076,1.040237,-1.283302,0.0,0.0,-0.429243,1.658257,-1.779826,0.0,0.0,-0.429847,2.131179,-2.051474,0.0,0.0,-0.444952,2.566925,-2.234556,0.0,0.0,0.271112,1.002140,-1.217893,0.0,0.0,0.415719,1.596386,-1.727600,0.0,0.0,0.549781,2.072064,-1.952095,0.0,0.0,0.630972,2.483810,-2.136185,0.0,0.0,0.739543,0.924292,-1.133159,0.0,0.0,1.028271,1.540929,-1.588852,0.0,0.0,1.262185,2.042006,-1.807225,0.0,0.0,1.418032,2.495892,-1.962386,0.0,0.0,1.037327,0.808541,-1.055265,0.0,0.0,1.525899,1.218455,-1.437533,0.0,0.0,1.852580,1.506303,-1.646736,0.0,0.0,2.121462,1.809093,-1.798923,0.0,0.0
record2.mp4,e7f94d8ffdda6840c9b04703cf2b6166921cdbd5be69632bee01bf2c9ebea648,640,480,12.02,736,61.25,405,33750,Left,0.929179,0.000000,0.000000,0.000000,0.0,0.0,-0.606348,0.407293,-0.442517,0.0,0.0,-1.028263,0.920646,-0.807282,0.0,0.0,-1.389978,1.401282,-1.092621,0.0,0.0,-1.740925,1.769035,-1.391082,0.0,0.0,-0.329485,1.037638,-1.176829,0.0,0.0,-0.486761,1.736169,-1.623499,0.0,0.0,-0.515886,2.226950,-1.862499,0.0,0.0,-0.549226,2.703776,-2.030483,0.0,0.0,0.269416,0.973538,-1.109441,0.0,0.0,0.408755,1.568326,-1.608469,0.0,0.0,0.556997,2.071235,-1.844049,0.0,0.0,0.662592,2.553982,-2.033725,0.0,0.0,0.735740,0.890874,-1.024363,0.0,0.0,1.022249,1.443553,-1.453377,0.0,0.0,1.267107,1.961340,-1.653912,0.0,0.0,1.455219,2.476072,-1.797371,0.0,0.0,1.062833,0.791776,-0.954673,0.0,0.0,1.544567,1.169127,-1.319630,0.0,0.0,1.872394,1.451535,-1.517529,0.0,0.0,2.149840,1.779021,-1.658535,0.0,0.0
record2.mp4,e7f94d8ffdda6840c9b04703cf2b6166921cdbd5be69632bee01bf2c9ebea648,640,480,12.02,736,61.25,406,33833,Left,0.940777,0.000000,0.000000,0.000000,0.0,0.0,-0.588842,0.451396,-0.437296,0.0,0.0,-1.005091,0.983211,-0.805727,0.0,0.0,-1.381397,1.492324,-1.087409,0.0,0.0,-1.738006,1.863757,-1.384259,0.0,0.0,-0.326387,1.055334,-1.251408,0.0,0.0,-0.475309,1.762308,-1.707518,0.0,0.0,-0.496076,2.267080,-1.941505,0.0,0.0,-0.528807,2.769943,-2.108423,0.0,0.0,0.280456,0.964908,-1.183412,0.0,0.0,0.424372,1.541414,-1.706781,0.0,0.0,0.587739,2.040603,-1.937712,0.0,0.0,0.696272,2.516839,-2.123344,0.0,0.0,0.748482,0.868661,-1.091886,0.0,0.0,1.055519,1.436807,-1.544902,0.0,0.0,1.333232,1.981909,-1.755303,0.0,0.0,1.543590,2.527688,-1.906326,0.0,0.0,1.064583,0.767893,-1.011151,0.0,0.0,1.569196,1.138513,-1.411519,0.0,0.0,1.923495,1.409780,-1.633899,0.0,0.0,2.228915,1.737289,-1.790521,0.0,0.0
record2.mp4,e7f94d8ffdda6840c9b04703cf2b6166921cdbd5be69632bee01bf2c9ebea648,640,480,12.02,736,61.25,407,33916,Left,0.935091,0.000000,0.000000,0.000000,0.0,0.0,-0.600122,0.398376,-0.443876,0.0,0.0,-1.037477,0.958108,-0.795539,0.0,0.0,-1.397447,1.476229,-1.072795,0.0,0.0,-1.754408,1.847962,-1.365891,0.0,0.0,-0.353568,0.980178,-1.148032,0.0,0.0,-0.487243,1.675928,-1.586442,0.0,0.0,-0.520994,2.194894,-1.823024,0.0,0.0,-0.556684,2.717228,-1.994872,0.0,0.0,0.267073,0.909500,-1.091747,0.0,0.0,0.398796,1.487127,-1.551898,0.0,0.0,0.558594,1.976096,-1.758099,0.0,0.0,0.683461,2.470915,-1.936286,0.0,0.0,0.757152,0.841901,-1.028054,0.0,0.0,1.024497,1.426603,-1.446260,0.0,0.0,1.250743,1.943696,-1.636483,0.0,0.0,1.437142,2.461874,-1.777003,0.0,0.0,1.103329,0.766629,-0.983360,0.0,0.0,1.608722,1.210398,-1.348156,0.0,0.0,1.940215,1.523347,-1.544656,0.0,0.0,2.201779,1.870354,-1.688752,0.0,0.0
record2.mp4,e7f94d8ffdda6840c9b04703cf2b6166921cdbd5be69632bee01bf2c9ebea648,640,480,12.02,736,61.25,408,34000,Left,0.958163,0.000000,0.000000,0.000000,0.0,0.0,-0.571362,0.454105,-0.382158,0.0,0.0,-0.972983,1.011232,-0.712483,0.0,0.0,-1.309221,1.519177,-0.975369,0.0,0.0,-1.653037,1.885934,-1.258742,0.0,0.0,-0.294370,1.090812,-1.043800,0.0,0.0,-0.461085,1.725923,-1.477141,0.0,0.0,-0.500248,2.239057,-1.730305,0.0,0.0,-0.549851,2.742445,-1.906122,0.0,0.0,0.277840,1.019730,-1.013095,0.0,0.0,0.438777,1.712296,-1.445120,0.0,0.0,0.593962,2.293721,-1.644376,0.0,0.0,0.691685,2.841036,-1.809520,0.0,0.0,0.732368,0.919460,-0.971189,0.0,0.0,1.057601,1.580423,-1.349172,0.0,0.0,1.296709,2.124684,-1.522096,0.0,0.0,1.454652,2.650364,-1.647503,0.0,0.0,1.036789,0.796231,-0.945104,0.0,0.0,1.549414,1.179706,-1.280550,0.0,0.0,1.897414,1.476942,-1.456353,0.0,0.0,2.177724,1.817084,-1.580555,0.0,0.0
record2.mp4,e7f94d8ffdda6840c9b04703cf2b6166921cdbd5be69632bee01bf2c9ebea648,640,480,12.02,736,61.25,409,34083,Left,0.955399,0.000000,0.000000,0.000000,0.0,0.0,-0.587528,0.434213,-0.395448,0.0,0.0,-0.999318,0.986142,-0.727207,0.0,0.0,-1.338843,1.484680,-0.990639,0.0,0.0,-1.687676,1.838382,-1.269815,0.0,0.0,-0.308244,1.051055,-1.066699,0.0,0.0,-0.461200,1.759777,-1.490039,0.0,0.0,-0.499111,2.276917,-1.717318,0.0,0.0,-0.546742,2.766691,-1.872775,0.0,0.0,0.274286,0.988571,-1.026688,0.0,0.0,0.396232,1.670421,-1.470817,0.0,0.0,0.522850,2.226994,-1.671036,0.0,0.0,0.606017,2.736022,-1.834920,0.0,0.0,0.734016,0.903194,-0.974856,0.0,0.0,0.991894,1.527582,-1.360845,0.0,0.0,1.184571,2.059408,-1.534380,0.0,0.0,1.325473,2.554576,-1.657181,0.0,0.0,1.062597,0.801536,-0.939489,0.0,0.0,1.523344,1.242112,-1.272452,0.0,0.0,1.817393,1.574901,-1.449048,0.0,0.0,2.053926,1.926282,-1.574163,0.0,0.0
record2.mp4,e7f94d8ffdda6840c9b04703cf2b6166921cdbd5be69632bee01bf2c9ebea648,640,480,12.02,736,61.25,410,34166,Left,0.947573,0.000000,0.000000,0.000000,0.0,0.0,-0.597609,0.427585,-0.424634,0.0,0.0,-1.024828,0.989423,-0.792881,0.0,0.0,-1.392293,1.518293,-1.082182,0.0,0.0,-1.754588,1.896051,-1.395364,0.0,0.0,-0.338545,1.018766,-1.202001,0.0,0.0,-0.487848,1.737794,-1.648213,0.0,0.0,-0.525261,2.281462,-1.885053,0.0,0.0,-0.576386,2.799250,-2.051600,0.0,0.0,0.274744,0.951892,-1.153252,0.0,0.0,0.418186,1.643283,-1.583401,0.0,0.0,0.564107,2.169955,-1.755336,0.0,0.0,0.644312,2.653641,-1.909002,0.0,0.0,0.758947,0.864976,-1.091273,0.0,0.0,1.064632,1.592629,-1.488659,0.0,0.0,1.320606,2.170305,-1.681798,0.0,0.0,1.497764,2.710023,-1.829186,0.0,0.0,1.076575,0.761369,-1.040595,0.0,0.0,1.588693,1.224393,-1.395145,0.0,0.0,1.924609,1.573319,-1.592176,0.0,0.0,2.182351,1.947809,-1.739278,0.0,0.0
record2.mp4,e7f94d8ffdda6840c9b04703cf2b6166921cdbd5be69632bee01bf2c9ebea648,640,480,12.02,736,61.25,411,34250,Left,0.931465,0.000000,0.000000,0.000000,0.0,0.0,-0.587526,0.415492,-0.446888,0.0,0.0,-1.013694,0.936025,-0.853108,0.0,0.0,-1.414771,1.427460,-1.173609,0.0,0.0,-1.776836,1.825491,-1.516523,0.0,0.0,-0.345832,1.011090,-1.305140,0.0,0.0,-0.505290,1.647117,-1.807018,0.0,0.0,-0.546970,2.149238,-2.072926,0.0,0.0,-0.608539,2.644359,-2.249976,0.0,0.0,0.264118,0.953519,-1.251234,0.0,0.0,0.352041,1.609685,-1.745118,0.0,0.0,0.441561,2.141238,-1.940987,0.0,0.0,0.453179,2.624810,-2.107466,0.0,0.0,0.746937,0.872825,-1.180806,0.0,0.0,1.040120,1.515359,-1.620127,0.0,0.0,1.285505,2.110719,-1.825809,0.0,0.0,1.431906,2.667647,-1.978060,0.0,0.0,1.075600,0.766947,-1.121228,0.0,0.0,1.558850,1.206321,-1.496206,0.0,0.0,1.864269,1.573074,-1.704201,0.0,0.0,2.100820,1.969892,-1.861870,0.0,0.0
record2.mp4,e7f94d8ffdda6840c9b04703cf2b6166921cdbd5be69632bee01bf2c9ebea648,640,480,12.02,736,61.25,412,34333,Left,0.961967,0.000000,0.000000,0.000000,0.0,0.0,-0.621779,0.439210,-0.412451,0.0,0.0,-1.076278,1.006710,-0.749459,0.0,0.0,-1.454057,1.547715,-1.007168,0.0,0.0,-1.724769,1.982953,-1.281524,0.0,0.0,-0.402344,0.970218,-1.207108,0.0,0.0,-0.592311,1.780704,-1.670039,0.0,0.0,-0.661244,2.358396,-1.903039,0.0,0.0,-0.727492,2.907158,-2.054387,0.0,0.0,0.206322,0.928253,-1.156989,0.0,0.0,0.296621,1.687274,-1.629355,0.0,0.0,0.374797,2.294052,-1.823466,0.0,0.0,0.407914,2.842509,-1.981411,0.0,0.0,0.700295,0.886889,-1.090918,0.0,0.0,0.940824,1.577836,-1.503034,0.0,0.0,1.061528,2.151771,-1.691407,0.0,0.0,1.126667,2.683561,-1.823562,0.0,0.0,1.054988,0.847604,-1.038653,0.0,0.0,1.505622,1.342092,-1.394070,0.0,0.0,1.752383,1.733330,-1.591898,0.0,0.0,1.908153,2.145494,-1.733824,0.0,0.0
record2.mp4,e7f94d8ffdda6840c9b04703cf2b6166921cdbd5be69632bee01bf2c9ebea648,640,480,12.02,736,61.25,413,34416,Left,0.932499,0.000000,0.000000,0.000000,0.0,0.0,-0.600741,0.424007,-0.428065,0.0,0.0,-1.037725,0.943753,-0.795077,0.0,0.0,-1.385028,1.461962,-1.085402,0.0,0.0,-1.700452,1.898736,-1.395130,0.0,0.0,-0.382273,0.980058,-1.204658,0.0,0.0,-0.528545,1.744839,-1.685361,0.0,0.0,-0.577390,2.297912,-1.940104,0.0,0.0,-0.643914,2.814997,-2.108719,0.0,0.0,0.234026,0.945810,-1.157716,0.0,0.0,0.314967,1.663893,-1.664013,0.0,0.0,0.406382,2.244942,-1.893068,0.0,0.0,0.452792,2.769359,-2.074876,0.0,0.0,0.720892,0.889161,-1.094717,0.0,0.0,0.946763,1.543969,-1.525453,0.0,0.0,1.094877,2.096798,-1.712627,0.0,0.0,1.171705,2.595811,-1.846494,0.0,0.0,1.059969,0.812338,-1.047233,0.0,0.0,1.488109,1.272933,-1.418217,0.0,0.0,1.732020,1.639340,-1.617085,0.0,0.0,1.909743,2.023964,-1.759334,0.0,0.0
record2.mp4,e7f94d8ffdda6840c9b04703cf2b6166921cdbd5be69632bee01bf2c9ebea648,640,480,12.02,736,61.25,414,34500,Left,0.957646,0.000000,0.000000,0.000000,0.0,0.0,-0.601354,0.434121,-0.443152,0.0,0.0,-1.026499,0.957488,-0.827446,0.0,0.0,-1.363541,1.481533,-1.125689,0.0,0.0,-1.681288,1.917043,-1.441922,0.0,0.0,-0.361419,0.992864,-1.284899,0.0,0.0,-0.503325,1.732055,-1.792262,0.0,0.0,-0.559996,2.277163,-2.056238,0.0,0.0,-0.635495,2.782281,-2.225785,0.0,0.0,0.244043,0.955739,-1.228909,0.0,0.0,0.333913,1.659449,-1.766556,0.0,0.0,0.426156,2.239884,-2.000850,0.0,0.0,0.466531,2.751245,-2.182734,0.0,0.0,0.724073,0.896377,-1.153200,0.0,0.0,0.945805,1.538650,-1.612350,0.0,0.0,1.091171,2.091175,-1.814274,0.0,0.0,1.168344,2.587380,-1.953970,0.0,0.0,1.063568,0.816266,-1.090392,0.0,0.0,1.479970,1.265012,-1.480697,0.0,0.0,1.715200,1.622405,-1.691840,0.0,0.0,1.884831,1.997115,-1.841034,0.0,0.0
record2.mp4,e7f94d8ffdda6840c9b04703cf2b6166921cdbd5be69632bee01bf2c9ebea648,640,480,12.02,736,61.25,415,34583,Left,0.951189,0.000000,0.000000,0.000000,0.0,0.0,-0.606061,0.429650,-0.460155,0.0,0.0,-1.024707,0.982980,-0.843891,0.0,0.0,-1.341693,1.533270,-1.136551,0.0,0.0,-1.684035,1.974650,-1.445179,0.0,0.0,-0.358295,1.014502,-1.277003,0.0,0.0,-0.530686,1.757886,-1.784288,0.0,0.0,-0.584744,2.331395,-2.050120,0.0,0.0,-0.655179,2.865357,-2.225367,0.0,0.0,0.240233,0.981493,-1.216513,0.0,0.0,0.344315,1.716975,-1.750203,0.0,0.0,0.438671,2.323732,-1.980743,0.0,0.0,0.478702,2.868451,-2.159571,0.0,0.0,0.709991,0.926538,-1.140380,0.0,0.0,0.944726,1.587660,-1.599934,0.0,0.0,1.096797,2.159026,-1.796995,0.0,0.0,1.179715,2.678313,-1.931272,0.0,0.0,1.035854,0.847972,-1.080839,0.0,0.0,1.476881,1.312430,-1.479675,0.0,0.0,1.746842,1.685778,-1.695754,0.0,0.0,1.945051,2.079062,-1.845827,0.0,0.0
record2.mp4,e7f94d8ffdda6840c9b04703cf2b6166921cdbd5be69632bee01bf2c9ebea648,640,480,12.02,736,61.25,416,34666,Left,0.869425,0.000000,0.000000,0.000000,0.0,0.0,-0.584582,0.419181,-0.402249,0.0,0.0,-0.970851,0.908488,-0.748732,0.0,0.0,-1.264728,1.412531,-1.021462,0.0,0.0,-1.604536,1.808346,-1.309536,0.0,0.0,-0.346129,1.079277,-1.090021,0.0,0.0,-0.513815,1.753157,-1.555274,0.0,0.0,-0.553273,2.258160,-1.811402,0.0,0.0,-0.605193,2.719973,-1.983406,0.0,0.0,0.236440,1.049254,-1.048099,0.0,0.0,0.310725,1.706585,-1.560637,0.0,0.0,0.393813,2.239018,-1.804071,0.0,0.0,0.436885,2.721102,-1.986937,0.0,0.0,0.688536,0.962334,-0.993548,0.0,0.0,0.921340,1.550177,-1.435700,0.0,0.0,1.077064,2.052256,-1.634250,0.0,0.0,1.160570,2.504549,-1.766690,0.0,0.0,0.984354,0.841717,-0.951540,0.0,0.0,1.404045,1.238330,-1.334469,0.0,0.0,1.665018,1.560621,-1.544285,0.0,0.0,1.880474,1.913505,-1.687619,0.0,0.0
record2.mp4,e7f94d8ffdda6840c9b04703cf2b6166921cdbd5be69632bee01bf2c9ebea648,640,480,12.02,736,61.25,417,34750,Left,0.911811,0.000000,0.000000,0.000000,0.0,0.0,-0.597592,0.409853,-0.430620,0.0,0.0,-1.017040,0.935056,-0.784918,0.0,0.0,-1.317312,1.449432,-1.061757,0.0,0.0,-1.670815,1.821111,-1.353146,0.0,0.0,-0.377857,1.062729,-1.133151,0.0,0.0,-0.562874,1.763482,-1.595599,0.0,0.0,-0.612109,2.293300,-1.845980,0.0,0.0,-0.674445,2.786242,-2.014711,0.0,0.0,0.214750,1.012256,-1.085838,0.0,0.0,0.331934,1.657956,-1.587521,0.0,0.0,0.431798,2.212780,-1.819818,0.0,0.0,0.486514,2.723718,-1.996619,0.0,0.0,0.678654,0.926936,-1.026827,0.0,0.0,0.931617,1.512421,-1.465620,0.0,0.0,1.085823,2.047049,-1.654653,0.0,0.0,1.180177,2.547678,-1.779108,0.0,0.0,1.003574,0.817007,-0.984711,0.0,0.0,1.454150,1.257599,-1.356959,0.0,0.0,1.721393,1.605403,-1.548352,0.0,0.0,1.923437,1.983074,-1.677726,0.0,0.0
record2.mp4,e7f94d8ffdda6840c9b04703cf2b6166921cdbd5be69632bee01bf2c9ebea648,640,480,12.02,736,61.25,418,34833,Left,0.923963,0.000000,0.000000,0.000000,0.0,0.0,-0.601991,0.421386,-0.413800,0.0,0.0,-1.018576,0.950605,-0.757750,0.0,0.0,-1.339488,1.477954,-1.024387,0.0,0.0,-1.701488,1.875136,-1.305437,0.0,0.0,-0.380634,1.066949,-1.108350,0.0,0.0,-0.564613,1.773674,-1.557709,0.0,0.0,-0.612929,2.304336,-1.801652,0.0,0.0,-0.672569,2.797675,-1.966659,0.0,0.0,0.212243,1.024993,-1.060752,0.0,0.0,0.319123,1.688484,-1.549708,0.0,0.0,0.429060,2.246269,-1.773608,0.0,0.0,0.497767,2.759199,-1.945545,0.0,0.0,0.673659,0.945232,-1.000355,0.0,0.0,0.909982,1.537370,-1.425964,0.0,0.0,1.073303,2.072276,-1.605517,0.0,0.0,1.178094,2.566129,-1.724396,0.0,0.0,0.986066,0.835303,-0.955490,0.0,0.0,1.441262,1.274309,-1.317084,0.0,0.0,1.717214,1.621129,-1.502111,0.0,0.0,1.930713,1.988053,-1.627354,0.0,0.0
record2.mp4,e7f94d8ffdda6840c9b04703cf2b6166921cdbd5be69632bee01bf2c9ebea648,640,480,12.02,736,61.25,419,34916,Left,0.88367,0.000000,0.000000,0.000000,0.0,0.0,-0.597166,0.417221,-0.410995,0.0,0.0,-1.019408,0.931292,-0.749736,0.0,0.0,-1.344770,1.451177,-1.015694,0.0,0.0,-1.687315,1.863877,-1.295294,0.0,0.0,-0.362853,1.074031,-1.073298,0.0,0.0,-0.536711,1.800077,-1.512933,0.0,0.0,-0.582139,2.323544,-1.753765,0.0,0.0,-0.639376,2.823335,-1.917981,0.0,0.0,0.220601,1.045820,-1.030302,0.0,0.0,0.325657,1.723978,-1.516828,0.0,0.0,0.418280,2.275302,-1.753179,0.0,0.0,0.476679,2.789163,-1.936298,0.0,0.0,0.670854,0.962485,-0.974760,0.0,0.0,0.901454,1.534180,-1.392422,0.0,0.0,1.046191,2.054068,-1.574874,0.0,0.0,1.140319,2.535604,-1.698842,0.0,0.0,0.980279,0.849069,-0.935912,0.0,0.0,1.448544,1.288998,-1.288423,0.0,0.0,1.724020,1.632751,-1.472351,0.0,0.0,1.947650,1.996096,-1.600514,0.0,0.0
record2.mp4,e7f94d8ffdda6840c9b04703cf2b6166921cdbd5be69632bee01bf2c9ebea648,640,480,12.02,736,61.25,420,35000,Left,0.947293,0.000000,0.000000,0.000000,0.0,0.0,-0.610822,0.399167,-0.407378,0.0,0.0,-1.062485,0.979447,-0.747926,0.0,0.0,-1.415410,1.550473,-1.010800,0.0,0.0,-1.791985,1.971817,-1.292942,0.0,0.0,-0.402138,1.040376,-1.137795,0.0,0.0,-0.606661,1.729850,-1.573445,0.0,0.0,-0.691729,2.250437,-1.806136,0.0,0.0,-0.787738,2.772945,-1.970882,0.0,0.0,0.194251,1.011178,-1.093228,0.0,0.0,0.287318,1.652884,-1.544395,0.0,0.0,0.390647,2.207710,-1.737671,0.0,0.0,0.444045,2.746240,-1.903536,0.0,0.0,0.666791,0.938767,-1.035352,0.0,0.0,0.925485,1.552029,-1.439818,0.0,0.0,1.118196,2.120024,-1.618205,0.0,0.0,1.243556,2.665400,-1.750033,0.0,0.0,0.993034,0.830668,-0.991578,0.0,0.0,1.469714,1.283662,-1.350610,0.0,0.0,1.767547,1.652461,-1.546282,0.0,0.0,2.000184,2.052267,-1.688423,0.0,0.0
record2.mp4,e7f94d8ffdda6840c9b04703cf2b6166921cdbd5be69632bee01bf2c9ebea648,640,480,12.02,736,61.25,421,35083,Left,0.949669,0.000000,0.000000,0.000000,0.0,0.0,-0.629242,0.366047,-0.455422,0.0,0.0,-1.108463,0.947209,-0.809693,0.0,0.0,-1.471885,1.522135,-1.081901,0.0,0.0,-1.841467,1.956274,-1.369132,0.0,0.0,-0.469223,0.931117,-1.204392,0.0,0.0,-0.647210,1.620833,-1.661848,0.0,0.0,-0.735220,2.150475,-1.902409,0.0,0.0,-0.835140,2.681999,-2.070925,0.0,0.0,0.178018,0.887476,-1.143806,0.0,0.0,0.284711,1.463900,-1.630971,0.0,0.0,0.382389,2.007782,-1.840758,0.0,0.0,0.429631,2.545801,-2.020955,0.0,0.0,0.684738,0.848223,-1.074251,0.0,0.0,0.928732,1.396501,-1.504359,0.0,0.0,1.075812,1.951266,-1.685007,0.0,0.0,1.164446,2.483927,-1.817268,0.0,0.0,1.054219,0.798205,-1.025964,0.0,0.0,1.538099,1.290267,-1.398284,0.0,0.0,1.830116,1.680395,-1.601778,0.0,0.0,2.036987,2.094932,-1.751708,0.0,0.0
record2.mp4,e7f94d8ffdda6840c9b04703cf2b6166921cdbd5be69632bee01bf2c9ebea648,640,480,12.02,736,61.25,422,35166,Left,0.94722,0.000000,0.000000,0.000000,0.0,0.0,-0.637553,0.429886,-0.401333,0.0,0.0,-1.107370,0.974183,-0.739875,0.0,0.0,-1.479929,1.517944,-1.006130,0.0,0.0,-1.774464,1.971019,-1.291767,0.0,0.0,-0.409743,1.031019,-1.118872,0.0,0.0,-0.627978,1.796818,-1.563773,0.0,0.0,-0.699880,2.380494,-1.801228,0.0,0.0,-0.788877,2.932689,-1.962354,0.0,0.0,0.197386,1.006740,-1.081377,0.0,0.0,0.287445,1.795766,-1.591040,0.0,0.0,0.379530,2.464091,-1.832651,0.0,0.0,0.421185,3.067537,-2.016815,0.0,0.0,0.670246,0.936913,-1.023027,0.0,0.0,0.932568,1.669730,-1.448862,0.0,0.0,1.120241,2.290091,-1.625111,0.0,0.0,1.220562,2.852442,-1.744118,0.0,0.0,0.988526,0.846057,-0.978808,0.0,0.0,1.479998,1.328006,-1.348906,0.0,0.0,1.760694,1.729100,-1.537404,0.0,0.0,1.982137,2.141543,-1.664929,0.0,0.0
record2.mp4,e7f94d8ffdda6840c9b04703cf2b6166921cdbd5be69632bee01bf2c9ebea648,640,480,12.02,736,61.25,423,35250,Left,0.872889,0.000000,0.000000,0.000000,0.0,0.0,-0.616896,0.419300,-0.423632,0.0,0.0,-1.065634,0.907621,-0.785802,0.0,0.0,-1.423998,1.423190,-1.074652,0.0,0.0,-1.726035,1.878220,-1.380599,0.0,0.0,-0.394023,1.058008,-1.132999,0.0,0.0,-0.586143,1.788961,-1.612585,0.0,0.0,-0.640881,2.333436,-1.882270,0.0,0.0,-0.695122,2.848050,-2.065420,0.0,0.0,0.195853,1.028273,-1.097196,0.0,0.0,0.268431,1.754190,-1.628357,0.0,0.0,0.345661,2.339668,-1.896893,0.0,0.0,0.399202,2.877881,-2.105464,0.0,0.0,0.661640,0.942849,-1.047689,0.0,0.0,0.886064,1.572988,-1.503583,0.0,0.0,1.044143,2.128541,-1.710560,0.0,0.0,1.146396,2.630328,-1.852953,0.0,0.0,0.984838,0.830604,-1.013284,0.0,0.0,1.437960,1.296985,-1.403722,0.0,0.0,1.711723,1.657935,-1.610470,0.0,0.0,1.940378,2.030681,-1.755558,0.0,0.0
record2.mp4,e7f94d8ffdda6840c9b04703cf2b6166921cdbd5be69632bee01bf2c9ebea648,640,480,12.02,736,61.25,424,35333,Left,0.909109,0.000000,0.000000,0.000000,0.0,0.0,-0.619751,0.402371,-0.457001,0.0,0.0,-1.071109,0.927259,-0.834223,0.0,0.0,-1.436139,1.468829,-1.129647,0.0,0.0,-1.765647,1.930053,-1.443511,0.0,0.0,-0.398681,1.035152,-1.227419,0.0,0.0,-0.604393,1.782172,-1.712709,0.0,0.0,-0.676580,2.327926,-1.977741,0.0,0.0,-0.755753,2.861179,-2.160059,0.0,0.0,0.206874,1.003864,-1.172899,0.0,0.0,0.304011,1.674963,-1.705992,0.0,0.0,0.410641,2.253762,-1.958099,0.0,0.0,0.476225,2.803737,-2.158252,0.0,0.0,0.675664,0.932773,-1.103067,0.0,0.0,0.914081,1.535267,-1.560811,0.0,0.0,1.091864,2.110572,-1.761639,0.0,0.0,1.207220,2.650188,-1.902068,0.0,0.0,0.999164,0.831329,-1.050906,0.0,0.0,1.472843,1.294986,-1.441339,0.0,0.0,1.759083,1.665528,-1.648026,0.0,0.0,1.986033,2.053526,-1.793862,0.0,0.0
record2.mp4,e7f94d8ffdda6840c9b04703cf2b6166921cdbd5be69632bee01bf2c9ebea648,640,480,12.02,736,61.25,425,35416,Left,0.880231,0.000000,0.000000,0.000000,0.0,0.0,-0.624784,0.384234,-0.481389,0.0,0.0,-1.072696,0.903580,-0.873806,0.0,0.0,-1.434959,1.433970,-1.180122,0.0,0.0,-1.791853,1.875383,-1.504215,0.0,0.0,-0.417764,1.002704,-1.262220,0.0,0.0,-0.600187,1.740507,-1.767422,0.0,0.0,-0.652505,2.298013,-2.047646,0.0,0.0,-0.727302,2.840496,-2.239411,0.0,0.0,0.198184,0.973668,-1.203229,0.0,0.0,0.294562,1.639070,-1.770840,0.0,0.0,0.393804,2.229290,-2.051015,0.0,0.0,0.445833,2.792446,-2.267971,0.0,0.0,0.678529,0.912690,-1.127696,0.0,0.0,0.906558,1.506952,-1.604089,0.0,0.0,1.068690,2.074425,-1.812061,0.0,0.0,1.162062,2.608464,-1.955525,0.0,0.0,1.016872,0.823283,-1.072220,0.0,0.0,1.483594,1.276597,-1.466804,0.0,0.0,1.754070,1.643005,-1.672977,0.0,0.0,1.960414,2.035113,-1.819662,0.0,0.0
record2.mp4,e7f94d8ffdda6840c9b04703cf2b6166921cdbd5be69632bee01bf2c9ebea648,640,480,12.02,736,61.25,426,35500,Left,0.876558,0.000000,0.000000,0.000000,0.0,0.0,-0.602964,0.425684,-0.434700,0.0,0.0,-1.035459,0.916006,-0.798516,0.0,0.0,-1.379445,1.433045,-1.080357,0.0,0.0,-1.720165,1.864081,-1.373650,0.0,0.0,-0.369797,1.067402,-1.156181,0.0,0.0,-0.556245,1.790069,-1.631192,0.0,0.0,-0.598909,2.332673,-1.893136,0.0,0.0,-0.656434,2.839108,-2.070969,0.0,0.0,0.221011,1.042321,-1.103424,0.0,0.0,0.322355,1.720818,-1.653355,0.0,0.0,0.412289,2.292436,-1.926462,0.0,0.0,0.459878,2.817019,-2.131708,0.0,0.0,0.672546,0.967522,-1.033120,0.0,0.0,0.901715,1.543903,-1.497296,0.0,0.0,1.036804,2.085787,-1.703008,0.0,0.0,1.108116,2.581072,-1.839523,0.0,0.0,0.973298,0.864714,-0.978043,0.0,0.0,1.444971,1.290552,-1.364826,0.0,0.0,1.721563,1.638741,-1.571232,0.0,0.0,1.948445,2.013152,-1.714498,0.0,0.0
record2.mp4,e7f94d8ffdda6840c9b04703cf2b6166921cdbd5be69632bee01bf2c9ebea648,640,480,12.02,736,61.25,427,35583,Left,0.902532,0.000000,0.000000,0.000000,0.0,0.0,-0.622401,0.400130,-0.476366,0.0,0.0,-1.060259,0.916452,-0.851898,0.0,0.0,-1.393256,1.458215,-1.134586,0.0,0.0,-1.735708,1.908986,-1.428291,0.0,0.0,-0.384786,1.036519,-1.215239,0.0,0.0,-0.572205,1.748491,-1.704262,0.0,0.0,-0.622097,2.307123,-1.972753,0.0,0.0,-0.687023,2.816312,-2.151027,0.0,0.0,0.218503,1.011798,-1.138759,0.0,0.0,0.326643,1.703846,-1.686025,0.0,0.0,0.418451,2.292914,-1.950157,0.0,0.0,0.470159,2.824001,-2.148598,0.0,0.0,0.677602,0.951026,-1.047107,0.0,0.0,0.905607,1.543719,-1.507119,0.0,0.0,1.053329,2.094968,-1.709386,0.0,0.0,1.140627,2.596179,-1.841903,0.0,0.0,0.992885,0.861020,-0.974092,0.0,0.0,1.460905,1.305160,-1.357077,0.0,0.0,1.750395,1.661526,-1.560685,0.0,0.0,1.981408,2.031926,-1.699581,0.0,0.0
record2.mp4,e7f94d8ffdda6840c9b04703cf2b6166921cdbd5be69632bee01bf2c9ebea648,640,480,12.02,736,61.25,428,35666,Left,0.866951,0.000000,0.000000,0.000000,0.0,0.0,-0.605992,0.394232,-0.460069,0.0,0.0,-1.028796,0.876329,-0.833527,0.0,0.0,-1.366485,1.386061,-1.122481,0.0,0.0,-1.695892,1.821425,-1.422455,0.0,0.0,-0.368092,1.039464,-1.169985,0.0,0.0,-0.558302,1.721243,-1.657867,0.0,0.0,-0.613395,2.246258,-1.930311,0.0,0.0,-0.680478,2.737425,-2.112686,0.0,0.0,0.228338,1.022716,-1.105826,0.0,0.0,0.330327,1.668341,-1.656085,0.0,0.0,0.418209,2.226693,-1.926180,0.0,0.0,0.463141,2.739910,-2.128217,0.0,0.0,0.684164,0.964229,-1.028959,0.0,0.0,0.905771,1.521951,-1.491822,0.0,0.0,1.040039,2.046504,-1.694760,0.0,0.0,1.112515,2.532733,-1.828531,0.0,0.0,0.990553,0.874429,-0.970654,0.0,0.0,1.440795,1.275352,-1.353971,0.0,0.0,1.708968,1.606621,-1.556389,0.0,0.0,1.925052,1.968139,-1.695308,0.0,0.0
record2.mp4,e7f94d8ffdda6840c9b04703cf2b6166921cdbd5be69632bee01bf2c9ebea648,640,480,12.02,736,61.25,429,35750,Left,0.904283,0.000000,0.000000,0.000000,0.0,0.0,-0.604900,0.404087,-0.445759,0.0,0.0,-1.034630,0.921080,-0.806065,0.0,0.0,-1.380377,1.445833,-1.087055,0.0,0.0,-1.718297,1.867445,-1.383727,0.0,0.0,-0.359795,1.053416,-1.142000,0.0,0.0,-0.556507,1.770633,-1.603446,0.0,0.0,-0.626935,2.307642,-1.860964,0.0,0.0,-0.710862,2.813875,-2.036806,0.0,0.0,0.231626,1.024225,-1.088443,0.0,0.0,0.336191,1.708359,-1.585016,0.0,0.0,0.426040,2.272264,-1.828813,0.0,0.0,0.471486,2.789850,-2.020668,0.0,0.0,0.688158,0.952559,-1.023837,0.0,0.0,0.914866,1.554727,-1.451545,0.0,0.0,1.054643,2.095283,-1.652293,0.0,0.0,1.136087,2.589285,-1.792279,0.0,0.0,0.998807,0.848842,-0.977984,0.0,0.0,1.468198,1.283122,-1.341252,0.0,0.0,1.749126,1.632931,-1.540792,0.0,0.0,1.965103,1.998662,-1.682834,0.0,0.0
record2.mp4,e7f94d8ffdda6840c9b04703cf2b6166921cdbd5be69632bee01bf2c9ebea648,640,480,12.02,736,61.25,430,35833,Left,0.91362,0.000000,0.000000,0.000000,0.0,0.0,-0.591130,0.413704,-0.446023,0.0,0.0,-1.011283,0.935278,-0.813709,0.0,0.0,-1.359573,1.456681,-1.098070,0.0,0.0,-1.716744,1.855072,-1.396601,0.0,0.0,-0.366312,1.051060,-1.181455,0.0,0.0,-0.562889,1.754638,-1.673798,0.0,0.0,-0.648190,2.292864,-1.948694,0.0,0.0,-0.746410,2.792530,-2.130130,0.0,0.0,0.219420,1.023114,-1.129095,0.0,0.0,0.323619,1.731260,-1.656137,0.0,0.0,0.397745,2.311585,-1.909121,0.0,0.0,0.430958,2.831968,-2.101724,0.0,0.0,0.675330,0.960311,-1.064299,0.0,0.0,0.897342,1.575928,-1.515064,0.0,0.0,1.034506,2.124268,-1.724400,0.0,0.0,1.116035,2.618139,-1.864259,0.0,0.0,0.992661,0.871271,-1.016798,0.0,0.0,1.448619,1.312798,-1.393537,0.0,0.0,1.729873,1.659728,-1.599335,0.0,0.0,1.952213,2.018759,-1.743256,0.0,0.0
record2.mp4,e7f94d8ffdda6840c9b04703cf2b6166921cdbd5be69632bee01bf2c9ebea648,640,480,12.02,736,61.25,431,35916,Left,0.894672,0.000000,0.000000,0.000000,0.0,0.0,-0.585596,0.410821,-0.412976,0.0,0.0,-0.989206,0.907178,-0.764900,0.0,0.0,-1.320850,1.425156,-1.045718,0.0,0.0,-1.679463,1.832385,-1.342415,0.0,0.0,-0.390733,1.082578,-1.093857,0.0,0.0,-0.580769,1.780326,-1.557261,0.0,0.0,-0.653597,2.300737,-1.815882,0.0,0.0,-0.738716,2.781400,-1.988330,0.0,0.0,0.181444,1.057433,-1.060288,0.0,0.0,0.274807,1.748246,-1.560942,0.0,0.0,0.357870,2.312692,-1.807174,0.0,0.0,0.400453,2.818469,-1.997730,0.0,0.0,0.637908,0.966119,-1.015988,0.0,0.0,0.863244,1.565848,-1.448190,0.0,0.0,1.011602,2.104707,-1.647625,0.0,0.0,1.099209,2.586508,-1.783655,0.0,0.0,0.962363,0.836358,-0.987247,0.0,0.0,1.421296,1.287485,-1.355082,0.0,0.0,1.703233,1.642304,-1.553009,0.0,0.0,1.933749,2.007256,-1.692065,0.0,0.0
record2.mp4,e7f94d8ffdda6840c9b04703cf2b6166921cdbd5be69632bee01bf2c9ebea648,640,480,12.02,736,61.25,432,36000,Left,0.929461,0.000000,0.000000,0.000000,0.0,0.0,-0.598123,0.420790,-0.383876,0.0,0.0,-1.057935,0.960202,-0.701264,0.0,0.0,-1.378312,1.499702,-0.947604,0.0,0.0,-1.727096,1.894475,-1.209694,0.0,0.0,-0.472843,1.057958,-1.066462,0.0,0.0,-0.664680,1.817814,-1.493554,0.0,0.0,-0.729320,2.358005,-1.713297,0.0,0.0,-0.811444,2.850580,-1.857025,0.0,0.0,0.112094,1.003339,-1.031066,0.0,0.0,0.214280,1.725030,-1.510065,0.0,0.0,0.309801,2.328358,-1.735184,0.0,0.0,0.356778,2.860947,-1.909288,0.0,0.0,0.591883,0.912319,-0.981217,0.0,0.0,0.812183,1.543923,-1.396325,0.0,0.0,0.955037,2.138088,-1.588934,0.0,0.0,1.038017,2.667031,-1.716665,0.0,0.0,0.967147,0.803102,-0.943030,0.0,0.0,1.406017,1.328552,-1.306661,0.0,0.0,1.670507,1.728433,-1.507928,0.0,0.0,1.883019,2.129398,-1.644845,0.0,0.0
record2.mp4,e7f94d8ffdda6840c9b04703cf2b6166921cdbd5be69632bee01bf2c9ebea648,640,480,12.02,736,61.25,433,36083,Left,0.927056,0.000000,0.000000,0.000000,0.0,0.0,-0.624836,0.413887,-0.407033,0.0,0.0,-1.109655,0.961340,-0.746266,0.0,0.0,-1.459927,1.513851,-1.007996,0.0,0.0,-1.809189,1.951704,-1.285512,0.0,0.0,-0.552270,1.020957,-1.160471,0.0,0.0,-0.763736,1.807795,-1.616758,0.0,0.0,-0.822567,2.383192,-1.844897,0.0,0.0,-0.900240,2.915810,-1.994448,0.0,0.0,0.048491,0.985162,-1.120981,0.0,0.0,0.132487,1.740115,-1.643578,0.0,0.0,0.208293,2.382616,-1.874183,0.0,0.0,0.232029,2.945314,-2.050017,0.0,0.0,0.545404,0.911276,-1.064630,0.0,0.0,0.744639,1.563091,-1.511685,0.0,0.0,0.857082,2.199781,-1.699613,0.0,0.0,0.903229,2.751460,-1.820769,0.0,0.0,0.931846,0.816069,-1.020736,0.0,0.0,1.352190,1.373357,-1.410592,0.0,0.0,1.592352,1.809117,-1.619498,0.0,0.0,1.783185,2.234303,-1.759496,0.0,0.0
record2.mp4,e7f94d8ffdda6840c9b04703cf2b6166921cdbd5be69632bee01bf2c9ebea648,640,480,12.02,736,61.25,434,36166,Left,0.952123,0.000000,0.000000,0.000000,0.0,0.0,-0.637286,0.428889,-0.441993,0.0,0.0,-1.159318,1.039398,-0.813233,0.0,0.0,-1.539140,1.614808,-1.090271,0.0,0.0,-1.881022,2.072016,-1.388244,0.0,0.0,-0.592387,1.007103,-1.392638,0.0,0.0,-0.825258,1.880776,-1.920879,0.0,0.0,-0.908418,2.519960,-2.180137,0.0,0.0,-1.004736,3.106437,-2.343103,0.0,0.0,0.013289,0.928253,-1.346574,0.0,0.0,0.088554,1.818827,-1.938049,0.0,0.0,0.138149,2.569679,-2.198995,0.0,0.0,0.144805,3.212469,-2.399183,0.0,0.0,0.520214,0.869928,-1.273391,0.0,0.0,0.723567,1.642352,-1.774577,0.0,0.0,0.823678,2.368813,-1.997436,0.0,0.0,0.861321,2.984882,-2.141788,0.0,0.0,0.937873,0.825512,-1.209469,0.0,0.0,1.341337,1.498991,-1.644469,0.0,0.0,1.574398,1.983276,-1.882256,0.0,0.0,1.760825,2.433970,-2.043920,0.0,0.0
record2.mp4,e7f94d8ffdda6840c9b04703cf2b6166921cdbd5be69632bee01bf2c9ebea648,640,480,12.02,736,61.25,435,36250,Left,0.937784,0.000000,0.000000,0.000000,0.0,0.0,-0.606311,0.438158,-0.432411,0.0,0.0,-1.090278,1.059501,-0.798280,0.0,0.0,-1.444881,1.640565,-1.074972,0.0,0.0,-1.815590,2.082402,-1.374186,0.0,0.0,-0.583355,1.048638,-1.368393,0.0,0.0,-0.772158,1.891511,-1.892529,0.0,0.0,-0.842759,2.500767,-2.155086,0.0,0.0,-0.926613,3.054734,-2.326489,0.0,0.0,0.004608,0.968116,-1.338518,0.0,0.0,0.072424,1.798850,-1.939831,0.0,0.0,0.131885,2.510569,-2.223069,0.0,0.0,0.143007,3.122981,-2.443671,0.0,0.0,0.501711,0.883410,-1.281136,0.0,0.0,0.689193,1.606121,-1.786427,0.0,0.0,0.814005,2.288031,-2.014115,0.0,0.0,0.866013,2.841674,-2.166789,0.0,0.0,0.918694,0.801472,-1.233830,0.0,0.0,1.278653,1.464571,-1.675261,0.0,0.0,1.510321,1.944005,-1.923817,0.0,0.0,1.704545,2.378987,-2.096127,0.0,0.0
record2.mp4,e7f94d8ffdda6840c9b04703cf2b6166921cdbd5be69632bee01bf2c9ebea648,640,480,12.02,736,61.25,436,36333,Left,0.954117,0.000000,0.000000,0.000000,0.0,0.0,-0.576765,0.470692,-0.373169,0.0,0.0,-1.066847,1.122790,-0.710257,0.0,0.0,-1.446215,1.716134,-0.967391,0.0,0.0,-1.815253,2.150151,-1.247775,0.0,0.0,-0.571697,1.102427,-1.290849,0.0,0.0,-0.748923,1.980315,-1.787236,0.0,0.0,-0.836420,2.587672,-2.033075,0.0,0.0,-0.924903,3.142787,-2.193426,0.0,0.0,-0.007293,1.010980,-1.284239,0.0,0.0,0.076160,1.884783,-1.849165,0.0,0.0,0.130072,2.605127,-2.116579,0.0,0.0,0.150713,3.225275,-2.325930,0.0,0.0,0.473483,0.919440,-1.247756,0.0,0.0,0.698852,1.698392,-1.728930,0.0,0.0,0.848240,2.389252,-1.953255,0.0,0.0,0.934195,2.948645,-2.102519,0.0,0.0,0.875280,0.837585,-1.215368,0.0,0.0,1.254163,1.538993,-1.636813,0.0,0.0,1.495461,2.016802,-1.872609,0.0,0.0,1.697252,2.444917,-2.034746,0.0,0.0
record2.mp4,e7f94d8ffdda6840c9b04703cf2b6166921cdbd5be69632bee01bf2c9ebea648,640,480,12.02,736,61.25,437,36416,Left,0.945803,0.000000,0.000000,0.000000,0.0,0.0,-0.549508,0.438952,-0.292432,0.0,0.0,-1.036124,1.056072,-0.561538,0.0,0.0,-1.393166,1.633536,-0.775710,0.0,0.0,-1.743482,2.041823,-1.016012,0.0,0.0,-0.525741,1.126572,-0.986649,0.0,0.0,-0.738029,1.879984,-1.377917,0.0,0.0,-0.860541,2.387753,-1.570847,0.0,0.0,-0.995468,2.863718,-1.704057,0.0,0.0,0.009986,1.071167,-1.002670,0.0,0.0,0.046514,1.803320,-1.439339,0.0,0.0,0.068261,2.370400,-1.634925,0.0,0.0,0.050501,2.864679,-1.794337,0.0,0.0,0.473732,0.972481,-1.003397,0.0,0.0,0.659941,1.626841,-1.402756,0.0,0.0,0.775492,2.236332,-1.591485,0.0,0.0,0.846940,2.748760,-1.722816,0.0,0.0,0.859592,0.851100,-1.006884,0.0,0.0,1.243707,1.455231,-1.380156,0.0,0.0,1.506450,1.870179,-1.591876,0.0,0.0,1.736521,2.261971,-1.737929,0.0,0.0
record2.mp4,e7f94d8ffdda6840c9b04703cf2b6166921cdbd5be69632bee01bf2c9ebea648,640,480,12.02,736,61.25,438,36500,Left,0.959624,0.000000,0.000000,0.000000,0.0,0.0,-0.552779,0.437870,-0.312113,0.0,0.0,-1.035815,1.094715,-0.575253,0.0,0.0,-1.404173,1.709985,-0.780477,0.0,0.0,-1.774037,2.138475,-1.012661,0.0,0.0,-0.532437,1.087535,-0.969562,0.0,0.0,-0.770498,1.820884,-1.353394,0.0,0.0,-0.909465,2.300994,-1.547434,0.0,0.0,-1.048866,2.764559,-1.685338,0.0,0.0,-0.001775,1.066354,-0.971287,0.0,0.0,0.012156,1.789966,-1.399204,0.0,0.0,0.033991,2.359328,-1.603174,0.0,0.0,0.045326,2.867446,-1.773006,0.0,0.0,0.465837,0.995038,-0.960787,0.0,0.0,0.662058,1.724003,-1.370159,0.0,0.0,0.817932,2.354766,-1.577008,0.0,0.0,0.937935,2.892512,-1.720037,0.0,0.0,0.859274,0.899639,-0.952254,0.0,0.0,1.211297,1.555139,-1.329583,0.0,0.0,1.467328,1.981154,-1.543090,0.0,0.0,1.699767,2.360954,-1.692525,0.0,0.0
record2.mp4,e7f94d8ffdda6840c9b04703cf2b6166921cdbd5be69632bee01bf2c9ebea648,640,480,12.02,736,61.25,439,36583,Left,0.970976,0.000000,0.000000,0.000000,0.0,0.0,-0.562983,0.448792,-0.271401,0.0,0.0,-1.039388,1.045458,-0.543281,0.0,0.0,-1.411176,1.627089,-0.759049,0.0,0.0,-1.784021,2.030968,-1.003692,0.0,0.0,-0.526859,1.078733,-0.959233,0.0,0.0,-0.763525,1.730893,-1.358855,0.0,0.0,-0.904391,2.217328,-1.570525,0.0,0.0,-1.046698,2.668027,-1.710798,0.0,0.0,0.006573,1.081124,-0.981778,0.0,0.0,0.023754,1.936742,-1.409966,0.0,0.0,0.029873,2.586600,-1.616934,0.0,0.0,0.029523,3.151699,-1.781914,0.0,0.0,0.478324,1.017447,-0.982665,0.0,0.0,0.683163,1.821732,-1.372738,0.0,0.0,0.794718,2.438098,-1.556693,0.0,0.0,0.868654,2.947465,-1.679444,0.0,0.0,0.849688,0.903473,-0.981249,0.0,0.0,1.215633,1.561615,-1.333725,0.0,0.0,1.462254,1.983883,-1.515973,0.0,0.0,1.688571,2.366889,-1.639010,0.0,0.0
record2.mp4,e7f94d8ffdda6840c9b04703cf2b6166921cdbd5be69632bee01bf2c9ebea648,640,480,12.02,736,61.25,440,36666,Left,0.960439,0.000000,0.000000,0.000000,0.0,0.0,-0.539240,0.459395,-0.298297,0.0,0.0,-0.995287,1.006252,-0.585893,0.0,0.0,-1.372705,1.542993,-0.814502,0.0,0.0,-1.708470,1.955856,-1.064097,0.0,0.0,-0.490254,1.137226,-0.975845,0.0,0.0,-0.718947,1.899670,-1.377403,0.0,0.0,-0.825092,2.424864,-1.586229,0.0,0.0,-0.924272,2.904411,-1.726541,0.0,0.0,0.024172,1.113244,-0.979851,0.0,0.0,0.041883,1.908681,-1.425094,0.0,0.0,0.044558,2.524129,-1.635228,0.0,0.0,0.035046,3.066058,-1.800564,0.0,0.0,0.474841,1.028690,-0.967384,0.0,0.0,0.668936,1.747047,-1.360592,0.0,0.0,0.772769,2.341958,-1.548152,0.0,0.0,0.832027,2.830838,-1.673952,0.0,0.0,0.831441,0.917116,-0.957778,0.0,0.0,1.193442,1.523357,-1.321149,0.0,0.0,1.425502,1.925069,-1.523022,0.0,0.0,1.637030,2.288597,-1.657235,0.0,0.0
record2.mp4,e7f94d8ffdda6840c9b04703cf2b6166921cdbd5be69632bee01bf2c9ebea648,640,480,12.02,736,61.25,441,36750,Left,0.895309,0.000000,0.000000,0.000000,0.0,0.0,-0.551064,0.412684,-0.313969,0.0,0.0,-0.993913,0.930213,-0.601504,0.0,0.0,-1.371203,1.446976,-0.833164,0.0,0.0,-1.696601,1.863841,-1.088289,0.0,0.0,-0.461562,1.123903,-0.951741,0.0,0.0,-0.665974,1.857504,-1.355366,0.0,0.0,-0.798407,2.356268,-1.568969,0.0,0.0,-0.938960,2.818762,-1.716566,0.0,0.0,0.053456,1.116162,-0.957541,0.0,0.0,0.029436,1.839366,-1.406214,0.0,0.0,0.011293,2.370757,-1.628095,0.0,0.0,-0.021547,2.849910,-1.804382,0.0,0.0,0.504452,1.026765,-0.951330,0.0,0.0,0.685220,1.695311,-1.362853,0.0,0.0,0.819791,2.265135,-1.564923,0.0,0.0,0.909000,2.748601,-1.703876,0.0,0.0,0.862727,0.887873,-0.948802,0.0,0.0,1.235601,1.474665,-1.328100,0.0,0.0,1.491841,1.857317,-1.538661,0.0,0.0,1.733538,2.222307,-1.683748,0.0,0.0
record2.mp4,e7f94d8ffdda6840c9b04703cf2b6166921cdbd5be69632bee01bf2c9ebea648,640,480,12.02,736,61.25,442,36833,Left,0.913491,0.000000,0.000000,0.000000,0.0,0.0,-0.555275,0.417714,-0.297064,0.0,0.0,-1.010716,0.911406,-0.577867,0.0,0.0,-1.372615,1.414161,-0.804253,0.0,0.0,-1.719822,1.804748,-1.050366,0.0,0.0,-0.480925,1.097384,-0.925678,0.0,0.0,-0.682615,1.802314,-1.318990,0.0,0.0,-0.791212,2.289696,-1.523758,0.0,0.0,-0.916376,2.749380,-1.663427,0.0,0.0,0.050538,1.090887,-0.928497,0.0,0.0,0.008898,1.768623,-1.378390,0.0,0.0,-0.003654,2.300469,-1.593942,0.0,0.0,-0.037882,2.781959,-1.761952,0.0,0.0,0.513735,1.005717,-0.916480,0.0,0.0,0.695004,1.640871,-1.325136,0.0,0.0,0.836782,2.202193,-1.517099,0.0,0.0,0.920610,2.682796,-1.645273,0.0,0.0,0.879713,0.875800,-0.906444,0.0,0.0,1.250102,1.431985,-1.276439,0.0,0.0,1.498192,1.815522,-1.479430,0.0,0.0,1.728711,2.195363,-1.617223,0.0,0.0
record2.mp4,e7f94d8ffdda6840c9b04703cf2b6166921cdbd5be69632bee01bf2c9ebea648,640,480,12.02,736,61.25,443,36916,Left,0.924422,0.000000,0.000000,0.000000,0.0,0.0,-0.573228,0.430417,-0.311931,0.0,0.0,-1.047170,0.953764,-0.589251,0.0,0.0,-1.424966,1.478015,-0.807582,0.0,0.0,-1.748866,1.885001,-1.042889,0.0,0.0,-0.489875,1.104057,-0.936337,0.0,0.0,-0.733852,1.797374,-1.332594,0.0,0.0,-0.840785,2.280370,-1.545422,0.0,0.0,-0.959591,2.742746,-1.689013,0.0,0.0,0.036623,1.103126,-0.929786,0.0,0.0,0.015725,1.839907,-1.399103,0.0,0.0,0.030516,2.439671,-1.646768,0.0,0.0,0.031549,2.978379,-1.839300,0.0,0.0,0.489966,1.027460,-0.905264,0.0,0.0,0.665513,1.674045,-1.316236,0.0,0.0,0.803804,2.239374,-1.518489,0.0,0.0,0.891632,2.716927,-1.651556,0.0,0.0,0.851309,0.914167,-0.884597,0.0,0.0,1.225340,1.485068,-1.254203,0.0,0.0,1.466151,1.873275,-1.459868,0.0,0.0,1.695070,2.250522,-1.597973,0.0,0.0
record2.mp4,e7f94d8ffdda6840c9b04703cf2b6166921cdbd5be69632bee01bf2c9ebea648,640,480,12.02,736,61.25,444,37000,Left,0.921714,0.000000,0.000000,0.000000,0.0,0.0,-0.563275,0.424331,-0.311236,0.0,0.0,-1.036810,0.915805,-0.590628,0.0,0.0,-1.444421,1.412757,-0.813961,0.0,0.0,-1.787145,1.800918,-1.057171,0.0,0.0,-0.493549,1.088652,-0.939612,0.0,0.0,-0.772027,1.791671,-1.349536,0.0,0.0,-0.888923,2.308860,-1.576712,0.0,0.0,-1.007538,2.800667,-1.730612,0.0,0.0,0.033800,1.088162,-0.937616,0.0,0.0,0.012790,1.830219,-1.402441,0.0,0.0,0.031507,2.439086,-1.639876,0.0,0.0,0.039956,2.996115,-1.826584,0.0,0.0,0.496332,1.008930,-0.920375,0.0,0.0,0.681478,1.663720,-1.331107,0.0,0.0,0.820244,2.243721,-1.518899,0.0,0.0,0.908417,2.745806,-1.642750,0.0,0.0,0.874685,0.887731,-0.908938,0.0,0.0,1.255318,1.461418,-1.283251,0.0,0.0,1.492451,1.855176,-1.479327,0.0,0.0,1.710150,2.241424,-1.608858,0.0,0.0
record2.mp4,e7f94d8ffdda6840c9b04703cf2b6166921cdbd5be69632bee01bf2c9ebea648,640,480,12.02,736,61.25,445,37083,Left,0.928688,0.000000,0.000000,0.000000,0.0,0.0,-0.555398,0.409668,-0.339266,0.0,0.0,-1.032451,0.920005,-0.644129,0.0,0.0,-1.442543,1.419785,-0.879236,0.0,0.0,-1.808939,1.793699,-1.131523,0.0,0.0,-0.491080,1.091079,-1.065412,0.0,0.0,-0.779553,1.860878,-1.502532,0.0,0.0,-0.895542,2.419516,-1.735162,0.0,0.0,-1.009559,2.931221,-1.891066,0.0,0.0,0.037603,1.088556,-1.053261,0.0,0.0,0.027984,1.903264,-1.548577,0.0,0.0,0.026830,2.534410,-1.794149,0.0,0.0,0.017735,3.096908,-1.984402,0.0,0.0,0.495721,1.019688,-1.019426,0.0,0.0,0.689659,1.716662,-1.450517,0.0,0.0,0.809279,2.318485,-1.657006,0.0,0.0,0.880151,2.829977,-1.793226,0.0,0.0,0.864121,0.918292,-0.990330,0.0,0.0,1.253679,1.523090,-1.376658,0.0,0.0,1.492444,1.930429,-1.588708,0.0,0.0,1.703617,2.321932,-1.731798,0.0,0.0
record2.mp4,e7f94d8ffdda6840c9b04703cf2b6166921cdbd5be69632bee01bf2c9ebea648,640,480,12.02,736,61.25,446,37166,Left,0.922336,0.000000,0.000000,0.000000,0.0,0.0,-0.573113,0.392424,-0.306197,0.0,0.0,-1.054340,0.862282,-0.586889,0.0,0.0,-1.471304,1.296068,-0.806409,0.0,0.0,-1.818648,1.594020,-1.044928,0.0,0.0,-0.528744,1.100720,-1.013771,0.0,0.0,-0.806974,1.860238,-1.434874,0.0,0.0,-0.915876,2.402376,-1.661551,0.0,0.0,-1.024990,2.896269,-1.814365,0.0,0.0,-0.004139,1.112238,-1.010459,0.0,0.0,-0.020327,1.887805,-1.486445,0.0,0.0,-0.004401,2.486570,-1.732198,0.0,0.0,-0.000343,3.018230,-1.924505,0.0,0.0,0.450304,1.042947,-0.982898,0.0,0.0,0.626640,1.699332,-1.388012,0.0,0.0,0.754025,2.263943,-1.596368,0.0,0.0,0.831137,2.740168,-1.739165,0.0,0.0,0.811316,0.932654,-0.959087,0.0,0.0,1.182245,1.491802,-1.328611,0.0,0.0,1.425318,1.872275,-1.540577,0.0,0.0,1.642711,2.243117,-1.685493,0.0,0.0
record2.mp4,e7f94d8ffdda6840c9b04703cf2b6166921cdbd5be69632bee01bf2c9ebea648,640,480,12.02,736,61.25,447,37250,Left,0.94951,0.000000,0.000000,0.000000,0.0,0.0,-0.593755,0.364071,-0.350299,0.0,0.0,-1.117941,0.837007,-0.657144,0.0,0.0,-1.570268,1.271402,-0.893100,0.0,0.0,-1.969732,1.562834,-1.147628,0.0,0.0,-0.537676,1.074496,-1.084308,0.0,0.0,-0.814562,1.838414,-1.512595,0.0,0.0,-0.936567,2.390934,-1.735893,0.0,0.0,-1.065157,2.892169,-1.885219,0.0,0.0,0.009192,1.092737,-1.060384,0.0,0.0,-0.007717,1.876140,-1.541459,0.0,0.0,-0.010019,2.494603,-1.772710,0.0,0.0,-0.031923,3.044843,-1.954080,0.0,0.0,0.466916,1.038575,-1.014657,0.0,0.0,0.623497,1.689843,-1.425628,0.0,0.0,0.725876,2.255416,-1.622931,0.0,0.0,0.779080,2.735308,-1.756457,0.0,0.0,0.819007,0.944884,-0.977308,0.0,0.0,1.199723,1.506867,-1.358777,0.0,0.0,1.454201,1.896492,-1.576183,0.0,0.0,1.676944,2.276226,-1.722218,0.0,0.0
record2.mp4,e7f94d8ffdda6840c9b04703cf2b6166921cdbd5be69632bee01bf2c9ebea648,640,480,12.02,736,61.25,448,37333,Left,0.924835,0.000000,0.000000,0.000000,0.0,0.0,-0.575068,0.403859,-0.366350,0.0,0.0,-1.061803,0.909637,-0.694564,0.0,0.0,-1.513974,1.401627,-0.948328,0.0,0.0,-1.912267,1.770744,-1.222439,0.0,0.0,-0.513175,1.085982,-1.149793,0.0,0.0,-0.765875,1.813101,-1.619717,0.0,0.0,-0.885493,2.342576,-1.873829,0.0,0.0,-1.029616,2.839808,-2.045299,0.0,0.0,0.027965,1.108969,-1.125906,0.0,0.0,0.017582,1.825698,-1.668521,0.0,0.0,0.024744,2.433818,-1.937025,0.0,0.0,0.004154,2.978455,-2.143456,0.0,0.0,0.479703,1.052526,-1.077359,0.0,0.0,0.653645,1.695925,-1.540004,0.0,0.0,0.766051,2.262520,-1.748577,0.0,0.0,0.817862,2.746912,-1.887107,0.0,0.0,0.821205,0.939278,-1.035511,0.0,0.0,1.216219,1.490650,-1.450881,0.0,0.0,1.471647,1.856574,-1.675584,0.0,0.0,1.700351,2.220525,-1.825715,0.0,0.0
record2.mp4,e7f94d8ffdda6840c9b04703cf2b6166921cdbd5be69632bee01bf2c9ebea648,640,480,12.02,736,61.25,449,37416,Left,0.925438,0.000000,0.000000,0.000000,0.0,0.0,-0.559945,0.384306,-0.367854,0.0,0.0,-1.041806,0.928250,-0.671230,0.0,0.0,-1.460187,1.441857,-0.915017,0.0,0.0,-1.896517,1.762691,-1.182393,0.0,0.0,-0.483229,1.091478,-0.986492,0.0,0.0,-0.722767,1.811963,-1.384082,0.0,0.0,-0.853053,2.297982,-1.601217,0.0,0.0,-0.992833,2.770155,-1.755840,0.0,0.0,0.053960,1.102654,-0.966182,0.0,0.0,0.062136,1.747404,-1.390183,0.0,0.0,0.085046,2.273655,-1.585255,0.0,0.0,0.085136,2.762848,-1.749309,0.0,0.0,0.509681,1.026026,-0.940654,0.0,0.0,0.685974,1.641750,-1.330217,0.0,0.0,0.803963,2.173658,-1.504675,0.0,0.0,0.884375,2.646761,-1.629581,0.0,0.0,0.864200,0.892128,-0.929502,0.0,0.0,1.264870,1.433310,-1.289474,0.0,0.0,1.542189,1.778474,-1.481720,0.0,0.0,1.794527,2.114959,-1.616083,0.0,0.0
record2.mp4,e7f94d8ffdda6840c9b04703cf2b6166921cdbd5be69632bee01bf2c9ebea648,640,480,12.02,736,61.25,450,37500,Left,0.925974,0.000000,0.000000,0.000000,0.0,0.0,-0.579162,0.406332,-0.339745,0.0,0.0,-1.080442,0.933619,-0.651062,0.0,0.0,-1.491441,1.449571,-0.899547,0.0,0.0,-1.889484,1.801099,-1.168852,0.0,0.0,-0.525942,1.068558,-1.056331,0.0,0.0,-0.753654,1.807206,-1.488123,0.0,0.0,-0.854663,2.311783,-1.710914,0.0,0.0,-0.972335,2.797521,-1.863762,0.0,0.0,0.036801,1.070764,-1.048658,0.0,0.0,0.019471,1.738668,-1.528616,0.0,0.0,0.029957,2.290234,-1.734362,0.0,0.0,0.008424,2.789364,-1.896637,0.0,0.0,0.512400,0.994862,-1.025412,0.0,0.0,0.714284,1.636816,-1.461775,0.0,0.0,0.860868,2.218806,-1.649684,0.0,0.0,0.944634,2.738401,-1.777115,0.0,0.0,0.866143,0.876808,-1.007787,0.0,0.0,1.279596,1.393123,-1.402193,0.0,0.0,1.556059,1.740950,-1.606071,0.0,0.0,1.803637,2.096520,-1.744272,0.0,0.0
record2.mp4,e7f94d8ffdda6840c9b04703cf2b6166921cdbd5be69632bee01bf2c9ebea648,640,480,12.02,736,61.25,451,37583,Left,0.927628,0.000000,0.000000,0.000000,0.0,0.0,-0.546059,0.426084,-0.336149,0.0,0.0,-1.001174,0.960340,-0.645045,0.0,0.0,-1.405059,1.469265,-0.890655,0.0,0.0,-1.816014,1.804652,-1.156984,0.0,0.0,-0.525788,1.098588,-1.035408,0.0,0.0,-0.705607,1.798560,-1.446781,0.0,0.0,-0.782050,2.279538,-1.652179,0.0,0.0,-0.877383,2.739023,-1.795087,0.0,0.0,0.006110,1.108106,-1.030425,0.0,0.0,0.004107,1.822133,-1.520464,0.0,0.0,0.034885,2.392919,-1.749074,0.0,0.0,0.037795,2.912263,-1.925983,0.0,0.0,0.466252,1.036752,-1.007398,0.0,0.0,0.653061,1.681240,-1.441252,0.0,0.0,0.779506,2.235127,-1.638788,0.0,0.0,0.850918,2.710924,-1.769759,0.0,0.0,0.820114,0.916332,-0.989504,0.0,0.0,1.203715,1.463216,-1.381513,0.0,0.0,1.451891,1.822859,-1.599748,0.0,0.0,1.682596,2.178844,-1.748889,0.0,0.0
record2.mp4,e7f94d8ffdda6840c9b04703cf2b6166921cdbd5be69632bee01bf2c9ebea648,640,480,12.02,736,61.25,452,37666,Left,0.940045,0.000000,0.000000,0.000000,0.0,0.0,-0.540609,0.410495,-0.331528,0.0,0.0,-1.004934,0.921609,-0.621483,0.0,0.0,-1.413188,1.426538,-0.851448,0.0,0.0,-1.829970,1.750483,-1.099458,0.0,0.0,-0.522732,1.104638,-0.961438,0.0,0.0,-0.757104,1.801333,-1.350659,0.0,0.0,-0.848040,2.287244,-1.548677,0.0,0.0,-0.950353,2.750427,-1.688015,0.0,0.0,0.013016,1.114972,-0.950992,0.0,0.0,0.010151,1.784586,-1.420496,0.0,0.0,0.034420,2.343770,-1.640283,0.0,0.0,0.029100,2.853935,-1.809831,0.0,0.0,0.466736,1.037973,-0.927710,0.0,0.0,0.631210,1.621858,-1.348491,0.0,0.0,0.740179,2.163507,-1.540333,0.0,0.0,0.800842,2.627993,-1.664632,0.0,0.0,0.816772,0.912343,-0.912138,0.0,0.0,1.194982,1.439225,-1.299627,0.0,0.0,1.447471,1.790566,-1.516236,0.0,0.0,1.682011,2.138677,-1.659563,0.0,0.0
record2.mp4,e7f94d8ffdda6840c9b04703cf2b6166921cdbd5be69632bee01bf2c9ebea648,640,480,12.02,736,61.25,453,37750,Left,0.943574,0.000000,0.000000,0.000000,0.0,0.0,-0.579596,0.394634,-0.361686,0.0,0.0,-1.069068,0.889421,-0.675604,0.0,0.0,-1.500347,1.375509,-0.917218,0.0,0.0,-1.902350,1.723384,-1.175232,0.0,0.0,-0.507944,1.063459,-1.095345,0.0,0.0,-0.766592,1.799234,-1.532682,0.0,0.0,-0.867365,2.337179,-1.761980,0.0,0.0,-0.984694,2.843341,-1.918271,0.0,0.0,0.045256,1.072870,-1.067557,0.0,0.0,0.033854,1.769112,-1.579029,0.0,0.0,0.052450,2.377475,-1.823281,0.0,0.0,0.041660,2.927695,-2.012746,0.0,0.0,0.509770,1.016214,-1.018850,0.0,0.0,0.674336,1.637321,-1.458802,0.0,0.0,0.782399,2.206784,-1.653320,0.0,0.0,0.836318,2.699798,-1.781735,0.0,0.0,0.866243,0.918687,-0.978897,0.0,0.0,1.265425,1.470041,-1.381508,0.0,0.0,1.523115,1.848359,-1.600582,0.0,0.0,1.753888,2.224189,-1.744576,0.0,0.0
record2.mp4,e7f94d8ffdda6840c9b04703cf2b6166921cdbd5be69632bee01bf2c9ebea648,640,480,12.02,736,61.25,454,37833,Left,0.943719,0.000000,0.000000,0.000000,0.0,0.0,-0.563369,0.421743,-0.329291,0.0,0.0,-1.023450,0.917774,-0.623913,0.0,0.0,-1.416918,1.411131,-0.852913,0.0,0.0,-1.772137,1.787033,-1.096333,0.0,0.0,-0.500651,1.095661,-1.029547,0.0,0.0,-0.748224,1.826428,-1.462917,0.0,0.0,-0.846421,2.353270,-1.698267,0.0,0.0,-0.955717,2.856915,-1.857417,0.0,0.0,0.033055,1.097808,-1.012632,0.0,0.0,0.029614,1.807116,-1.509953,0.0,0.0,0.053065,2.398908,-1.756699,0.0,0.0,0.050477,2.936779,-1.947699,0.0,0.0,0.484168,1.039811,-0.975477,0.0,0.0,0.652335,1.652687,-1.400186,0.0,0.0,0.766055,2.212868,-1.596562,0.0,0.0,0.827781,2.699518,-1.727756,0.0,0.0,0.835252,0.948552,-0.945018,0.0,0.0,1.222645,1.472793,-1.328864,0.0,0.0,1.469729,1.837233,-1.539415,0.0,0.0,1.688031,2.200939,-1.679076,0.0,0.0
record2.mp4,e7f94d8ffdda6840c9b04703cf2b6166921cdbd5be69632bee01bf2c9ebea648,640,480,12.02,736,61.25,455,37916,Left,0.948657,0.000000,0.000000,0.000000,0.0,0.0,-0.561283,0.429619,-0.342565,0.0,0.0,-1.022138,0.976701,-0.644584,0.0,0.0,-1.423038,1.506110,-0.879443,0.0,0.0,-1.840786,1.864144,-1.132529,0.0,0.0,-0.529728,1.082867,-1.059639,0.0,0.0,-0.754405,1.833417,-1.497413,0.0,0.0,-0.844381,2.382981,-1.724208,0.0,0.0,-0.951937,2.898640,-1.876592,0.0,0.0,0.009967,1.072460,-1.044407,0.0,0.0,0.017716,1.813031,-1.549634,0.0,0.0,0.051326,2.435201,-1.790519,0.0,0.0,0.050614,2.989923,-1.977755,0.0,0.0,0.478375,1.001450,-1.009514,0.0,0.0,0.670852,1.642688,-1.449128,0.0,0.0,0.813863,2.233791,-1.650450,0.0,0.0,0.898406,2.734088,-1.782657,0.0,0.0,0.856381,0.898076,-0.980812,0.0,0.0,1.249628,1.459260,-1.378876,0.0,0.0,1.501837,1.843289,-1.598594,0.0,0.0,1.734029,2.217926,-1.745554,0.0,0.0
record2.mp4,e7f94d8ffdda6840c9b04703cf2b6166921cdbd5be69632bee01bf2c9ebea648,640,480,12.02,736,61.25,456,38000,Left,0.959472,0.000000,0.000000,0.000000,0.0,0.0,-0.560785,0.431392,-0.338005,0.0,0.0,-1.049658,0.965042,-0.649764,0.0,0.0,-1.463594,1.480106,-0.881672,0.0,0.0,-1.789972,1.884117,-1.130460,0.0,0.0,-0.542668,1.086346,-1.215113,0.0,0.0,-0.798014,1.883839,-1.719518,0.0,0.0,-0.911031,2.467147,-1.989145,0.0,0.0,-1.032398,2.999401,-2.163399,0.0,0.0,-0.003002,1.063670,-1.196671,0.0,0.0,-0.007732,1.869921,-1.760865,0.0,0.0,0.007186,2.526663,-2.044530,0.0,0.0,0.008919,3.101388,-2.261737,0.0,0.0,0.456398,1.024334,-1.146794,0.0,0.0,0.644608,1.757506,-1.624068,0.0,0.0,0.773505,2.387791,-1.864414,0.0,0.0,0.849752,2.908362,-2.023164,0.0,0.0,0.820224,0.977436,-1.096487,0.0,0.0,1.208688,1.598802,-1.526743,0.0,0.0,1.466843,2.004211,-1.776182,0.0,0.0,1.691025,2.386175,-1.942920,0.0,0.0
record2.mp4,e7f94d8ffdda6840c9b04703cf2b6166921cdbd5be69632bee01bf2c9ebea648,640,480,12.02,736,61.25,457,38083,Left,0.965671,0.000000,0.000000,0.000000,0.0,0.0,-0.572404,0.376579,-0.340705,0.0,0.0,-1.051912,0.821911,-0.649196,0.0,0.0,-1.479830,1.229190,-0.886784,0.0,0.0,-1.879014,1.494894,-1.141618,0.0,0.0,-0.561908,1.084902,-1.099272,0.0,0.0,-0.810468,1.808714,-1.553240,0.0,0.0,-0.895289,2.346642,-1.799156,0.0,0.0,-0.980676,2.834622,-1.963924,0.0,0.0,-0.019331,1.090558,-1.077830,0.0,0.0,-0.032370,1.821702,-1.605092,0.0,0.0,-0.016265,2.418604,-1.871290,0.0,0.0,-0.010088,2.957505,-2.071886,0.0,0.0,0.437206,1.041167,-1.030932,0.0,0.0,0.607863,1.681307,-1.473987,0.0,0.0,0.720291,2.245333,-1.693954,0.0,0.0,0.785408,2.716028,-1.836987,0.0,0.0,0.792629,0.962602,-0.989119,0.0,0.0,1.170411,1.515639,-1.389738,0.0,0.0,1.420308,1.893554,-1.622442,0.0,0.0,1.644541,2.258085,-1.775558,0.0,0.0
record2.mp4,e7f94d8ffdda6840c9b04703cf2b6166921cdbd5be69632bee01bf2c9ebea648,640,480,12.02,736,61.25,458,38166,Left,0.95102,0.000000,0.000000,0.000000,0.0,0.0,-0.548056,0.416809,-0.289562,0.0,0.0,-0.977314,0.937822,-0.540986,0.0,0.0,-1.349231,1.423119,-0.737275,0.0,0.0,-1.705768,1.768236,-0.949097,0.0,0.0,-0.508642,1.118292,-0.886481,0.0,0.0,-0.736838,1.771261,-1.275833,0.0,0.0,-0.825967,2.259316,-1.495371,0.0,0.0,-0.933700,2.728723,-1.647485,0.0,0.0,0.006371,1.119425,-0.880080,0.0,0.0,0.003922,1.750840,-1.336369,0.0,0.0,0.018690,2.315826,-1.577881,0.0,0.0,0.005866,2.830300,-1.766612,0.0,0.0,0.450659,1.054868,-0.856547,0.0,0.0,0.610882,1.626386,-1.253440,0.0,0.0,0.709666,2.160125,-1.442325,0.0,0.0,0.759934,2.621799,-1.567643,0.0,0.0,0.809182,0.944858,-0.838337,0.0,0.0,1.168096,1.454179,-1.199811,0.0,0.0,1.398210,1.794305,-1.396484,0.0,0.0,1.605853,2.132074,-1.525451,0.0,0.0
record2.mp4,e7f94d8ffdda6840c9b04703cf2b6166921cdbd5be69632bee01bf2c9ebea648,640,480,12.02,736,61.25,459,38250,Left,0.959849,0.000000,0.000000,0.000000,0.0,0.0,-0.533927,0.424938,-0.342595,0.0,0.0,-0.957058,0.964370,-0.648684,0.0,0.0,-1.333035,1.493432,-0.881988,0.0,0.0,-1.735742,1.853699,-1.132321,0.0,0.0,-0.486772,1.059409,-1.090655,0.0,0.0,-0.705505,1.804497,-1.539366,0.0,0.0,-0.799534,2.342726,-1.773301,0.0,0.0,-0.906778,2.838104,-1.929120,0.0,0.0,0.051062,1.070778,-1.067974,0.0,0.0,0.055320,1.805785,-1.572907,0.0,0.0,0.079217,2.405153,-1.807033,0.0,0.0,0.081797,2.934015,-1.987042,0.0,0.0,0.511948,1.028039,-1.023426,0.0,0.0,0.695612,1.685118,-1.455002,0.0,0.0,0.818680,2.255940,-1.644079,0.0,0.0,0.891011,2.737217,-1.769518,0.0,0.0,0.875071,0.947467,-0.984703,0.0,0.0,1.254511,1.495956,-1.372988,0.0,0.0,1.492371,1.861442,-1.582755,0.0,0.0,1.703128,2.217906,-1.721973,0.0,0.0
record2.mp4,e7f94d8ffdda6840c9b04703cf2b6166921cdbd5be69632bee01bf2c9ebea648,640,480,12.02,736,61.25,460,38333,Left,0.938771,0.000000,0.000000,0.000000,0.0,0.0,-0.544809,0.435805,-0.307919,0.0,0.0,-0.983653,0.981959,-0.578315,0.0,0.0,-1.355746,1.506541,-0.789899,0.0,0.0,-1.739212,1.875570,-1.017274,0.0,0.0,-0.534120,1.106630,-0.922092,0.0,0.0,-0.741992,1.825437,-1.322086,0.0,0.0,-0.822540,2.351906,-1.537898,0.0,0.0,-0.908018,2.845315,-1.682572,0.0,0.0,-0.011942,1.106107,-0.913834,0.0,0.0,0.006735,1.836138,-1.356077,0.0,0.0,0.042169,2.419543,-1.572137,0.0,0.0,0.056305,2.945188,-1.741048,0.0,0.0,0.444511,1.035852,-0.892112,0.0,0.0,0.635856,1.669665,-1.279179,0.0,0.0,0.781960,2.221896,-1.462629,0.0,0.0,0.875995,2.687110,-1.583386,0.0,0.0,0.812098,0.926659,-0.877199,0.0,0.0,1.188128,1.476083,-1.226617,0.0,0.0,1.435641,1.851314,-1.420362,0.0,0.0,1.659022,2.213224,-1.549748,0.0,0.0
record2.mp4,e7f94d8ffdda6840c9b04703cf2b6166921cdbd5be69632bee01bf2c9ebea648,640,480,12.02,736,61.25,461,38416,Left,0.960659,0.000000,0.000000,0.000000,0.0,0.0,-0.536622,0.431153,-0.346423,0.0,0.0,-0.970867,0.958063,-0.658216,0.0,0.0,-1.357204,1.466033,-0.901193,0.0,0.0,-1.748828,1.842389,-1.159800,0.0,0.0,-0.521671,1.098891,-1.070013,0.0,0.0,-0.738079,1.812760,-1.528236,0.0,0.0,-0.816375,2.345175,-1.776209,0.0,0.0,-0.910202,2.842399,-1.941639,0.0,0.0,0.013394,1.066165,-1.057382,0.0,0.0,0.032925,1.779997,-1.587401,0.0,0.0,0.061037,2.396918,-1.853675,0.0,0.0,0.058335,2.955793,-2.057201,0.0,0.0,0.480020,0.990412,-1.026311,0.0,0.0,0.664801,1.622078,-1.488897,0.0,0.0,0.788671,2.213625,-1.709395,0.0,0.0,0.856284,2.719413,-1.851601,0.0,0.0,0.863875,0.891763,-1.000120,0.0,0.0,1.232997,1.459680,-1.415220,0.0,0.0,1.477442,1.839120,-1.645840,0.0,0.0,1.704242,2.207097,-1.797696,0.0,0.0
record2.mp4,e7f94d8ffdda6840c9b04703cf2b6166921cdbd5be69632bee01bf2c9ebea648,640,480,12.02,736,61.25,462,38500,Left,0.943631,0.000000,0.000000,0.000000,0.0,0.0,-0.520302,0.421761,-0.326373,0.0,0.0,-0.959046,0.971580,-0.624976,0.0,0.0,-1.344994,1.505719,-0.856290,0.0,0.0,-1.730451,1.890453,-1.108420,0.0,0.0,-0.518041,1.069619,-1.062189,0.0,0.0,-0.734582,1.833173,-1.496592,0.0,0.0,-0.829191,2.366052,-1.719101,0.0,0.0,-0.932934,2.859972,-1.869560,0.0,0.0,0.009151,1.073811,-1.054349,0.0,0.0,0.001239,1.788532,-1.537333,0.0,0.0,0.031620,2.363495,-1.756522,0.0,0.0,0.039169,2.877604,-1.929401,0.0,0.0,0.477665,1.023020,-1.027489,0.0,0.0,0.654039,1.698613,-1.451740,0.0,0.0,0.791640,2.280426,-1.641251,0.0,0.0,0.884560,2.769273,-1.770826,0.0,0.0,0.855939,0.932168,-1.005114,0.0,0.0,1.232794,1.504172,-1.393710,0.0,0.0,1.486941,1.876334,-1.605266,0.0,0.0,1.717449,2.225615,-1.748182,0.0,0.0
record2.mp4,e7f94d8ffdda6840c9b04703cf2b6166921cdbd5be69632bee01bf2c9ebea648,640,480,12.02,736,61.25,463,38583,Left,0.965653,0.000000,0.000000,0.000000,0.0,0.0,-0.526016,0.416476,-0.343181,0.0,0.0,-0.983060,0.995067,-0.649411,0.0,0.0,-1.384835,1.555882,-0.883338,0.0,0.0,-1.809067,1.949872,-1.136470,0.0,0.0,-0.549151,1.051543,-1.101422,0.0,0.0,-0.735377,1.830233,-1.546701,0.0,0.0,-0.838514,2.371947,-1.770576,0.0,0.0,-0.959294,2.877668,-1.922728,0.0,0.0,-0.001338,1.037374,-1.085397,0.0,0.0,-0.000215,1.697197,-1.560275,0.0,0.0,0.001586,2.241440,-1.751670,0.0,0.0,-0.029444,2.736813,-1.909603,0.0,0.0,0.481852,0.982483,-1.057365,0.0,0.0,0.672822,1.643510,-1.491213,0.0,0.0,0.813228,2.273462,-1.684189,0.0,0.0,0.891986,2.815028,-1.819586,0.0,0.0,0.874666,0.896929,-1.035049,0.0,0.0,1.282405,1.493625,-1.435398,0.0,0.0,1.568498,1.894872,-1.661232,0.0,0.0,1.806293,2.273392,-1.819165,0.0,0.0
record2.mp4,e7f94d8ffdda6840c9b04703cf2b6166921cdbd5be69632bee01bf2c9ebea648,640,480,12.02,736,61.25,464,38666,Left,0.960449,0.000000,0.000000,0.000000,0.0,0.0,-0.526500,0.411744,-0.328027,0.0,0.0,-0.994574,0.992329,-0.624293,0.0,0.0,-1.418068,1.555312,-0.856319,0.0,0.0,-1.850726,1.941489,-1.107482,0.0,0.0,-0.548845,1.041736,-1.054811,0.0,0.0,-0.753070,1.829442,-1.471701,0.0,0.0,-0.863162,2.354598,-1.670279,0.0,0.0,-0.984162,2.857014,-1.809930,0.0,0.0,-0.003336,1.022329,-1.049551,0.0,0.0,-0.007081,1.645712,-1.514484,0.0,0.0,-0.018037,2.152838,-1.692643,0.0,0.0,-0.057545,2.624810,-1.840723,0.0,0.0,0.485934,0.963191,-1.034149,0.0,0.0,0.681529,1.592867,-1.470643,0.0,0.0,0.807151,2.206955,-1.654282,0.0,0.0,0.883319,2.750152,-1.782897,0.0,0.0,0.895165,0.881762,-1.023718,0.0,0.0,1.301214,1.485216,-1.429247,0.0,0.0,1.588531,1.888194,-1.651323,0.0,0.0,1.831307,2.271850,-1.806347,0.0,0.0
record2.mp4,e7f94d8ffdda6840c9b04703cf2b6166921cdbd5be69632bee01bf2c9ebea648,640,480,12.02,736,61.25,465,38750,Left,0.983044,0.000000,0.000000,0.000000,0.0,0.0,-0.557258,0.433849,-0.260146,0.0,0.0,-1.046215,1.065914,-0.517928,0.0,0.0,-1.483725,1.642487,-0.719136,0.0,0.0,-1.892823,2.026168,-0.942679,0.0,0.0,-0.612341,0.983400,-0.988930,0.0,0.0,-0.794682,1.545249,-1.397642,0.0,0.0,-0.876967,1.977075,-1.603273,0.0,0.0,-0.974744,2.397601,-1.739175,0.0,0.0,-0.059120,0.996931,-1.018268,0.0,0.0,-0.030780,1.800895,-1.479311,0.0,0.0,0.000454,2.477184,-1.692117,0.0,0.0,0.012128,3.061495,-1.866571,0.0,0.0,0.446891,0.967340,-1.024391,0.0,0.0,0.686120,1.727007,-1.449224,0.0,0.0,0.859748,2.375752,-1.652796,0.0,0.0,0.968510,2.917837,-1.785761,0.0,0.0,0.873247,0.892672,-1.025547,0.0,0.0,1.258338,1.566325,-1.404377,0.0,0.0,1.519559,1.997605,-1.608044,0.0,0.0,1.748514,2.386993,-1.750763,0.0,0.0
record2.mp4,e7f94d8ffdda6840c9b04703cf2b6166921cdbd5be69632bee01bf2c9ebea648,640,480,12.02,736,61.25,466,38833,Left,0.978423,0.000000,0.000000,0.000000,0.0,0.0,-0.575283,0.427794,-0.290834,0.0,0.0,-1.077748,1.026871,-0.568361,0.0,0.0,-1.517051,1.600246,-0.784695,0.0,0.0,-1.938141,2.005739,-1.020478,0.0,0.0,-0.634847,0.997741,-0.991329,0.0,0.0,-0.803076,1.563811,-1.425066,0.0,0.0,-0.873126,2.037068,-1.661419,0.0,0.0,-0.958227,2.499472,-1.820014,0.0,0.0,-0.075022,0.991328,-1.013106,0.0,0.0,-0.022596,1.759791,-1.501276,0.0,0.0,-0.015938,2.421562,-1.740034,0.0,0.0,-0.037624,3.006681,-1.932656,0.0,0.0,0.429416,0.959434,-1.015793,0.0,0.0,0.651862,1.696385,-1.455911,0.0,0.0,0.786176,2.340218,-1.653994,0.0,0.0,0.852302,2.891758,-1.784848,0.0,0.0,0.853318,0.895741,-1.018859,0.0,0.0,1.244611,1.531821,-1.404294,0.0,0.0,1.494622,1.962367,-1.605707,0.0,0.0,1.706736,2.371328,-1.745543,0.0,0.0
record2.mp4,e7f94d8ffdda6840c9b04703cf2b6166921cdbd5be69632bee01bf2c9ebea648,640,480,12.02,736,61.25,467,38916,Left,0.981053,0.000000,0.000000,0.000000,0.0,0.0,-0.587615,0.435446,-0.297915,0.0,0.0,-1.078245,1.015732,-0.582928,0.0,0.0,-1.504670,1.579434,-0.802959,0.0,0.0,-1.924279,1.972099,-1.040186,0.0,0.0,-0.622896,0.984113,-1.043441,0.0,0.0,-0.795942,1.633254,-1.478825,0.0,0.0,-0.859890,2.140196,-1.702244,0.0,0.0,-0.934843,2.625672,-1.849540,0.0,0.0,-0.051122,0.971863,-1.054280,0.0,0.0,-0.037520,1.748065,-1.560155,0.0,0.0,-0.035496,2.421566,-1.797449,0.0,0.0,-0.056735,3.007709,-1.985162,0.0,0.0,0.460456,0.939310,-1.040973,0.0,0.0,0.656326,1.654589,-1.486013,0.0,0.0,0.780956,2.294359,-1.673564,0.0,0.0,0.848129,2.831098,-1.795258,0.0,0.0,0.880542,0.887766,-1.028320,0.0,0.0,1.262593,1.519259,-1.423869,0.0,0.0,1.509615,1.943425,-1.628937,0.0,0.0,1.731697,2.345856,-1.767017,0.0,0.0
record2.mp4,e7f94d8ffdda6840c9b04703cf2b6166921cdbd5be69632bee01bf2c9ebea648,640,480,12.02,736,61.25,468,39000,Left,0.973789,0.000000,0.000000,0.000000,0.0,0.0,-0.570632,0.437419,-0.291031,0.0,0.0,-1.060735,1.027154,-0.572864,0.0,0.0,-1.467795,1.584653,-0.792732,0.0,0.0,-1.864686,1.987265,-1.030810,0.0,0.0,-0.601865,1.009172,-1.009577,0.0,0.0,-0.742512,1.625852,-1.439407,0.0,0.0,-0.797786,2.110075,-1.665080,0.0,0.0,-0.866159,2.575120,-1.816810,0.0,0.0,-0.037993,0.993012,-1.030341,0.0,0.0,-0.007445,1.760529,-1.521320,0.0,0.0,-0.002283,2.407251,-1.754114,0.0,0.0,-0.022386,2.975190,-1.940771,0.0,0.0,0.464345,0.954281,-1.031897,0.0,0.0,0.657486,1.666035,-1.481189,0.0,0.0,0.779521,2.301020,-1.684925,0.0,0.0,0.842446,2.833034,-1.818240,0.0,0.0,0.875953,0.891687,-1.032310,0.0,0.0,1.259520,1.522625,-1.437781,0.0,0.0,1.515113,1.947895,-1.656749,0.0,0.0,1.737958,2.347655,-1.806894,0.0,0.0
record2.mp4,e7f94d8ffdda6840c9b04703cf2b6166921cdbd5be69632bee01bf2c9ebea648,640,480,12.02,736,61.25,469,39083,Left,0.983567,0.000000,0.000000,0.000000,0.0,0.0,-0.567699,0.434767,-0.318232,0.0,0.0,-1.058328,1.024922,-0.605714,0.0,0.0,-1.462150,1.571029,-0.828606,0.0,0.0,-1.858232,1.953400,-1.070319,0.0,0.0,-0.609801,1.045497,-1.033419,0.0,0.0,-0.798187,1.792109,-1.455016,0.0,0.0,-0.851598,2.357518,-1.676779,0.0,0.0,-0.909068,2.889954,-1.827392,0.0,0.0,-0.047729,1.002321,-1.034240,0.0,0.0,-0.010913,1.798380,-1.502241,0.0,0.0,0.016871,2.478060,-1.718331,0.0,0.0,0.018961,3.087369,-1.893606,0.0,0.0,0.448061,0.946471,-1.018214,0.0,0.0,0.640836,1.674083,-1.433056,0.0,0.0,0.755562,2.320693,-1.620564,0.0,0.0,0.814581,2.867163,-1.745918,0.0,0.0,0.856058,0.888049,-1.008066,0.0,0.0,1.244549,1.515343,-1.388406,0.0,0.0,1.495154,1.942986,-1.596835,0.0,0.0,1.708374,2.336747,-1.737133,0.0,0.0
record2.mp4,e7f94d8ffdda6840c9b04703cf2b6166921cdbd5be69632bee01bf2c9ebea648,640,480,12.02,736,61.25,470,39166,Left,0.983164,0.000000,0.000000,0.000000,0.0,0.0,-0.569536,0.437503,-0.300683,0.0,0.0,-1.061642,1.011664,-0.591410,0.0,0.0,-1.454926,1.545878,-0.820783,0.0,0.0,-1.872768,1.907006,-1.070559,0.0,0.0,-0.573718,1.050643,-1.028030,0.0,0.0,-0.736596,1.859732,-1.438770,0.0,0.0,-0.820811,2.414945,-1.643561,0.0,0.0,-0.906908,2.935068,-1.785201,0.0,0.0,-0.008898,1.016684,-1.040484,0.0,0.0,-0.009221,1.806885,-1.511521,0.0,0.0,0.001147,2.445523,-1.725600,0.0,0.0,-0.003669,3.024015,-1.894215,0.0,0.0,0.484923,0.952058,-1.031547,0.0,0.0,0.685007,1.699272,-1.450465,0.0,0.0,0.814198,2.354379,-1.638526,0.0,0.0,0.892852,2.920373,-1.766015,0.0,0.0,0.875515,0.876378,-1.025029,0.0,0.0,1.276266,1.498034,-1.414051,0.0,0.0,1.534372,1.908002,-1.622000,0.0,0.0,1.766826,2.298631,-1.760568,0.0,0.0
record2.mp4,e7f94d8ffdda6840c9b04703cf2b6166921cdbd5be69632bee01bf2c9ebea648,640,480,12.02,736,61.25,471,39250,Left,0.960839,0.000000,0.000000,0.000000,0.0,0.0,-0.555905,0.422130,-0.346634,0.0,0.0,-1.030052,1.017082,-0.658103,0.0,0.0,-1.448521,1.560903,-0.901672,0.0,0.0,-1.842736,1.940928,-1.163740,0.0,0.0,-0.545034,1.023422,-1.132582,0.0,0.0,-0.695531,1.855426,-1.572100,0.0,0.0,-0.784258,2.390097,-1.790180,0.0,0.0,-0.897390,2.907764,-1.939299,0.0,0.0,0.030964,0.976802,-1.119737,0.0,0.0,0.042172,1.642544,-1.599799,0.0,0.0,0.036012,2.183756,-1.795425,0.0,0.0,-0.007119,2.679898,-1.959605,0.0,0.0,0.529164,0.917246,-1.091412,0.0,0.0,0.722002,1.542625,-1.513793,0.0,0.0,0.834074,2.131501,-1.692644,0.0,0.0,0.895198,2.639473,-1.822551,0.0,0.0,0.936792,0.847309,-1.072546,0.0,0.0,1.328459,1.445830,-1.453323,0.0,0.0,1.598778,1.843011,-1.665749,0.0,0.0,1.827251,2.222679,-1.818370,0.0,0.0
record2.mp4,e7f94d8ffdda6840c9b04703cf2b6166921cdbd5be69632bee01bf2c9ebea648,640,480,12.02,736,61.25,472,39333,Left,0.979579,0.000000,0.000000,0.000000,0.0,0.0,-0.564392,0.469686,-0.281940,0.0,0.0,-1.029439,1.017347,-0.578892,0.0,0.0,-1.435021,1.530478,-0.822110,0.0,0.0,-1.801964,1.902483,-1.088080,0.0,0.0,-0.544507,1.082258,-0.998857,0.0,0.0,-0.705383,1.884911,-1.409714,0.0,0.0,-0.772867,2.437762,-1.620640,0.0,0.0,-0.856767,2.954698,-1.762265,0.0,0.0,-0.009365,1.064271,-1.019450,0.0,0.0,0.019922,1.891086,-1.481803,0.0,0.0,0.054218,2.542048,-1.697095,0.0,0.0,0.063377,3.122198,-1.866434,0.0,0.0,0.469592,0.986826,-1.016282,0.0,0.0,0.696661,1.756530,-1.408775,0.0,0.0,0.849402,2.390687,-1.583213,0.0,0.0,0.943563,2.925966,-1.703906,0.0,0.0,0.859255,0.876112,-1.015864,0.0,0.0,1.271502,1.479949,-1.365767,0.0,0.0,1.523699,1.884636,-1.548715,0.0,0.0,1.758735,2.265759,-1.673675,0.0,0.0
record2.mp4,e7f94d8ffdda6840c9b04703cf2b6166921cdbd5be69632bee01bf2c9ebea648,640,480,12.02,736,61.25,473,39416,Left,0.967315,0.000000,0.000000,0.000000,0.0,0.0,-0.580520,0.443726,-0.343881,0.0,0.0,-1.061764,0.986072,-0.671123,0.0,0.0,-1.489891,1.505494,-0.932534,0.0,0.0,-1.881452,1.904845,-1.215684,0.0,0.0,-0.553952,1.030764,-1.123174,0.0,0.0,-0.758490,1.803268,-1.585502,0.0,0.0,-0.846661,2.365374,-1.825166,0.0,0.0,-0.955510,2.899665,-1.985101,0.0,0.0,0.005129,1.007024,-1.121036,0.0,0.0,0.027546,1.797745,-1.645010,0.0,0.0,0.044367,2.465626,-1.886985,0.0,0.0,0.031774,3.061715,-2.077336,0.0,0.0,0.498248,0.950247,-1.097449,0.0,0.0,0.702531,1.666189,-1.550160,0.0,0.0,0.828876,2.303280,-1.741401,0.0,0.0,0.894379,2.847843,-1.869764,0.0,0.0,0.904570,0.874702,-1.080025,0.0,0.0,1.307732,1.472197,-1.485908,0.0,0.0,1.552900,1.880964,-1.698146,0.0,0.0,1.770589,2.269900,-1.841660,0.0,0.0
record2.mp4,e7f94d8ffdda6840c9b04703cf2b6166921cdbd5be69632bee01bf2c9ebea648,640,480,12.02,736,61.25,474,39500,Left,0.96418,0.000000,0.000000,0.000000,0.0,0.0,-0.568446,0.429159,-0.346764,0.0,0.0,-1.068245,1.014000,-0.663861,0.0,0.0,-1.509292,1.554345,-0.913736,0.0,0.0,-1.893025,1.948605,-1.188001,0.0,0.0,-0.563033,1.023547,-1.138187,0.0,0.0,-0.778444,1.670294,-1.612211,0.0,0.0,-0.905335,2.146750,-1.863679,0.0,0.0,-1.051768,2.615011,-2.026906,0.0,0.0,-0.009256,1.009700,-1.136949,0.0,0.0,0.015843,1.797270,-1.653686,0.0,0.0,0.027431,2.446119,-1.898024,0.0,0.0,0.002745,3.023471,-2.093835,0.0,0.0,0.479978,0.971267,-1.116394,0.0,0.0,0.685217,1.680320,-1.574483,0.0,0.0,0.828172,2.301111,-1.789472,0.0,0.0,0.903886,2.823509,-1.933693,0.0,0.0,0.887285,0.905190,-1.100215,0.0,0.0,1.275998,1.516322,-1.506883,0.0,0.0,1.534933,1.919176,-1.730849,0.0,0.0,1.758558,2.299113,-1.887540,0.0,0.0
record2.mp4,e7f94d8ffdda6840c9b04703cf2b6166921cdbd5be69632bee01bf2c9ebea648,640,480,12.02,736,61.25,475,39583,Left,0.971235,0.000000,0.000000,0.000000,0.0,0.0,-0.540006,0.445196,-0.297274,0.0,0.0,-0.997096,1.008205,-0.574927,0.0,0.0,-1.407513,1.545821,-0.790549,0.0,0.0,-1.809061,1.914907,-1.023479,0.0,0.0,-0.539542,1.061834,-0.981905,0.0,0.0,-0.771359,1.640463,-1.407513,0.0,0.0,-0.883644,2.093098,-1.634386,0.0,0.0,-1.013486,2.532558,-1.783873,0.0,0.0,-0.013696,1.078728,-0.983809,0.0,0.0,0.016640,1.784661,-1.476224,0.0,0.0,0.039602,2.407537,-1.710054,0.0,0.0,0.024547,2.952003,-1.892590,0.0,0.0,0.450474,1.036335,-0.966487,0.0,0.0,0.636418,1.669145,-1.394999,0.0,0.0,0.756377,2.258267,-1.583279,0.0,0.0,0.807139,2.755657,-1.704161,0.0,0.0,0.833713,0.947562,-0.951991,0.0,0.0,1.209668,1.502627,-1.328383,0.0,0.0,1.443175,1.888911,-1.530540,0.0,0.0,1.644619,2.260663,-1.666658,0.0,0.0
record2.mp4,e7f94d8ffdda6840c9b04703cf2b6166921cdbd5be69632bee01bf2c9ebea648,640,480,12.02,736,61.25,476,39666,Left,0.956271,0.000000,0.000000,0.000000,0.0,0.0,-0.555058,0.450751,-0.302809,0.0,0.0,-1.015703,0.975764,-0.584318,0.0,0.0,-1.442660,1.501112,-0.809476,0.0,0.0,-1.862591,1.874642,-1.055782,0.0,0.0,-0.554472,1.102856,-0.962559,0.0,0.0,-0.879615,1.818527,-1.389557,0.0,0.0,-1.035324,2.361192,-1.622478,0.0,0.0,-1.188581,2.861580,-1.775319,0.0,0.0,-0.037842,1.088497,-0.957417,0.0,0.0,-0.029530,1.818548,-1.434302,0.0,0.0,-0.016830,2.433405,-1.665000,0.0,0.0,-0.030239,2.978125,-1.842768,0.0,0.0,0.423105,1.020305,-0.936488,0.0,0.0,0.614163,1.669243,-1.353133,0.0,0.0,0.729857,2.256796,-1.539411,0.0,0.0,0.792696,2.754230,-1.658595,0.0,0.0,0.814961,0.922171,-0.920069,0.0,0.0,1.192378,1.483700,-1.293282,0.0,0.0,1.428730,1.872868,-1.491413,0.0,0.0,1.637387,2.246623,-1.619413,0.0,0.0
record2.mp4,e7f94d8ffdda6840c9b04703cf2b6166921cdbd5be69632bee01bf2c9ebea648,640,480,12.02,736,61.25,477,39750,Left,0.958263,0.000000,0.000000,0.000000,0.0,0.0,-0.565738,0.437865,-0.272571,0.0,0.0,-1.010809,0.982433,-0.538288,0.0,0.0,-1.408461,1.524019,-0.747147,0.0,0.0,-1.844885,1.857238,-0.973925,0.0,0.0,-0.597112,1.065771,-0.972834,0.0,0.0,-0.886489,1.766005,-1.410475,0.0,0.0,-1.027152,2.296207,-1.645927,0.0,0.0,-1.181208,2.783910,-1.803297,0.0,0.0,-0.066049,1.064698,-0.982975,0.0,0.0,-0.065909,1.764294,-1.477584,0.0,0.0,-0.050937,2.376832,-1.717626,0.0,0.0,-0.060331,2.922558,-1.904650,0.0,0.0,0.414380,1.002690,-0.972290,0.0,0.0,0.599765,1.654338,-1.414518,0.0,0.0,0.712495,2.248103,-1.615956,0.0,0.0,0.771644,2.758526,-1.746157,0.0,0.0,0.816012,0.902934,-0.960057,0.0,0.0,1.183023,1.471603,-1.358678,0.0,0.0,1.420413,1.853799,-1.572336,0.0,0.0,1.629606,2.230606,-1.712356,0.0,0.0
record2.mp4,e7f94d8ffdda6840c9b04703cf2b6166921cdbd5be69632bee01bf2c9ebea648,640,480,12.02,736,61.25,478,39833,Left,0.972612,0.000000,0.000000,0.000000,0.0,0.0,-0.558190,0.456724,-0.228450,0.0,0.0,-1.032754,1.036623,-0.466874,0.0,0.0,-1.456908,1.569150,-0.664166,0.0,0.0,-1.896030,1.887283,-0.881968,0.0,0.0,-0.616413,1.074277,-0.848414,0.0,0.0,-0.904805,1.808459,-1.220464,0.0,0.0,-1.062118,2.305666,-1.411065,0.0,0.0,-1.232373,2.772356,-1.543771,0.0,0.0,-0.101697,1.067914,-0.877880,0.0,0.0,-0.161023,1.710605,-1.309635,0.0,0.0,-0.199385,2.246279,-1.506614,0.0,0.0,-0.253202,2.726922,-1.664151,0.0,0.0,0.372709,1.013216,-0.890728,0.0,0.0,0.566646,1.671412,-1.289774,0.0,0.0,0.710607,2.252495,-1.466952,0.0,0.0,0.807075,2.746506,-1.585375,0.0,0.0,0.786822,0.933075,-0.901161,0.0,0.0,1.166618,1.523594,-1.258621,0.0,0.0,1.432197,1.906467,-1.446807,0.0,0.0,1.667258,2.265874,-1.574078,0.0,0.0
record2.mp4,e7f94d8ffdda6840c9b04703cf2b6166921cdbd5be69632bee01bf2c9ebea648,640,480,12.02,736,61.25,479,39916,Left,0.966562,0.000000,0.000000,0.000000,0.0,0.0,-0.558987,0.464124,-0.240922,0.0,0.0,-1.038715,1.029352,-0.510224,0.0,0.0,-1.474350,1.553593,-0.728571,0.0,0.0,-1.910441,1.885815,-0.965000,0.0,0.0,-0.627423,1.062444,-0.966075,0.0,0.0,-0.912805,1.807087,-1.383024,0.0,0.0,-1.072182,2.329830,-1.595557,0.0,0.0,-1.229562,2.809227,-1.740062,0.0,0.0,-0.107372,1.037611,-0.995914,0.0,0.0,-0.143758,1.641365,-1.452716,0.0,0.0,-0.191955,2.144571,-1.623956,0.0,0.0,-0.255400,2.581116,-1.762698,0.0,0.0,0.390110,0.978174,-1.011486,0.0,0.0,0.603018,1.640216,-1.459649,0.0,0.0,0.731738,2.240754,-1.647491,0.0,0.0,0.808519,2.758406,-1.770196,0.0,0.0,0.811705,0.906054,-1.019064,0.0,0.0,1.210373,1.504790,-1.418217,0.0,0.0,1.487339,1.887836,-1.622249,0.0,0.0,1.713013,2.250061,-1.759998,0.0,0.0
record2.mp4,e7f94d8ffdda6840c9b04703cf2b6166921cdbd5be69632bee01bf2c9ebea648,640,480,12.02,736,61.25,480,40000,Left,0.954099,0.000000,0.000000,0.000000,0.0,0.0,-0.568267,0.467915,-0.255805,0.0,0.0,-1.036247,1.022032,-0.539887,0.0,0.0,-1.464989,1.527182,-0.770037,0.0,0.0,-1.898611,1.858087,-1.018442,0.0,0.0,-0.619850,1.063843,-1.023697,0.0,0.0,-0.893384,1.819215,-1.449776,0.0,0.0,-1.068855,2.334266,-1.663786,0.0,0.0,-1.241354,2.806468,-1.813041,0.0,0.0,-0.096688,1.021586,-1.058555,0.0,0.0,-0.150686,1.620841,-1.542689,0.0,0.0,-0.238553,2.098550,-1.734291,0.0,0.0,-0.338536,2.505413,-1.892661,0.0,0.0,0.406306,0.953346,-1.077291,0.0,0.0,0.624058,1.609349,-1.545585,0.0,0.0,0.748970,2.202720,-1.751458,0.0,0.0,0.825913,2.703851,-1.893437,0.0,0.0,0.839595,0.869902,-1.088419,0.0,0.0,1.231615,1.490828,-1.508554,0.0,0.0,1.509833,1.869735,-1.731081,0.0,0.0,1.747102,2.228973,-1.888439,0.0,0.0
record2.mp4,e7f94d8ffdda6840c9b04703cf2b6166921cdbd5be69632bee01bf2c9ebea648,640,480,12.02,736,61.25,481,40083,Left,0.963493,0.000000,0.000000,0.000000,0.0,0.0,-0.563705,0.467718,-0.229281,0.0,0.0,-1.035065,1.026579,-0.490210,0.0,0.0,-1.456650,1.535961,-0.703205,0.0,0.0,-1.884794,1.863293,-0.936184,0.0,0.0,-0.638121,1.049367,-0.957986,0.0,0.0,-0.919019,1.814750,-1.360555,0.0,0.0,-1.067395,2.338362,-1.562276,0.0,0.0,-1.207299,2.820573,-1.701216,0.0,0.0,-0.118751,1.013492,-0.993217,0.0,0.0,-0.171660,1.648916,-1.444313,0.0,0.0,-0.218055,2.182383,-1.624440,0.0,0.0,-0.265490,2.651318,-1.773472,0.0,0.0,0.389814,0.942353,-1.009608,0.0,0.0,0.608558,1.625804,-1.441189,0.0,0.0,0.742988,2.228707,-1.624626,0.0,0.0,0.835940,2.740891,-1.748499,0.0,0.0,0.840255,0.859050,-1.017877,0.0,0.0,1.228251,1.479070,-1.408863,0.0,0.0,1.491719,1.877302,-1.609887,0.0,0.0,1.722064,2.250182,-1.747179,0.0,0.0
record2.mp4,e7f94d8ffdda6840c9b04703cf2b6166921cdbd5be69632bee01bf2c9ebea648,640,480,12.02,736,61.25,482,40166,Left,0.969505,0.000000,0.000000,0.000000,0.0,0.0,-0.571154,0.464277,-0.224177,0.0,0.0,-1.056197,0.993237,-0.473606,0.0,0.0,-1.504250,1.506012,-0.676804,0.0,0.0,-1.922692,1.849950,-0.899686,0.0,0.0,-0.641202,1.049080,-0.907084,0.0,0.0,-0.977451,1.777553,-1.282391,0.0,0.0,-1.107148,2.299338,-1.470136,0.0,0.0,-1.234536,2.781232,-1.599589,0.0,0.0,-0.118865,1.023146,-0.937778,0.0,0.0,-0.131611,1.710728,-1.389696,0.0,0.0,-0.134031,2.328069,-1.605335,0.0,0.0,-0.147945,2.884369,-1.779781,0.0,0.0,0.384525,0.952877,-0.942488,0.0,0.0,0.594844,1.614314,-1.346875,0.0,0.0,0.699181,2.216575,-1.528644,0.0,0.0,0.757970,2.745151,-1.651717,0.0,0.0,0.827259,0.875727,-0.940705,0.0,0.0,1.228729,1.469463,-1.311274,0.0,0.0,1.470779,1.853447,-1.504475,0.0,0.0,1.687013,2.233657,-1.631582,0.0,0.0
record2.mp4,e7f94d8ffdda6840c9b04703cf2b6166921cdbd5be69632bee01bf2c9ebea648,640,480,12.02,736,61.25,483,40250,Left,0.96782,0.000000,0.000000,0.000000,0.0,0.0,-0.587222,0.466538,-0.209062,0.0,0.0,-1.085667,1.011826,-0.452957,0.0,0.0,-1.527884,1.522777,-0.654091,0.0,0.0,-1.922876,1.875728,-0.873845,0.0,0.0,-0.625682,1.015688,-0.898724,0.0,0.0,-0.894769,1.611591,-1.286140,0.0,0.0,-1.018389,2.050605,-1.481734,0.0,0.0,-1.153459,2.477345,-1.611617,0.0,0.0,-0.087792,1.022929,-0.945582,0.0,0.0,-0.116825,1.761092,-1.414685,0.0,0.0,-0.147851,2.397689,-1.641920,0.0,0.0,-0.201067,2.934333,-1.824310,0.0,0.0,0.411585,0.975768,-0.963889,0.0,0.0,0.606395,1.649254,-1.385857,0.0,0.0,0.711014,2.255629,-1.581433,0.0,0.0,0.759971,2.759085,-1.710426,0.0,0.0,0.838712,0.900602,-0.973344,0.0,0.0,1.226595,1.498379,-1.351105,0.0,0.0,1.473097,1.875767,-1.548494,0.0,0.0,1.702974,2.244861,-1.682221,0.0,0.0
record2.mp4,e7f94d8ffdda6840c9b04703cf2b6166921cdbd5be69632bee01bf2c9ebea648,640,480,12.02,736,61.25,484,40333,Left,0.974232,0.000000,0.000000,0.000000,0.0,0.0,-0.582678,0.443176,-0.228873,0.0,0.0,-1.097962,1.011071,-0.457487,0.0,0.0,-1.528681,1.544059,-0.639352,0.0,0.0,-1.917134,1.902569,-0.838031,0.0,0.0,-0.620131,1.030540,-0.839793,0.0,0.0,-0.882224,1.582197,-1.219511,0.0,0.0,-1.028040,1.993290,-1.431245,0.0,0.0,-1.185873,2.398207,-1.572691,0.0,0.0,-0.085871,1.034051,-0.870663,0.0,0.0,-0.084565,1.753884,-1.302633,0.0,0.0,-0.100665,2.368009,-1.533728,0.0,0.0,-0.142470,2.906597,-1.723690,0.0,0.0,0.404347,0.996592,-0.881726,0.0,0.0,0.607791,1.671956,-1.283431,0.0,0.0,0.715702,2.255041,-1.488300,0.0,0.0,0.758885,2.744375,-1.624914,0.0,0.0,0.818421,0.931822,-0.887919,0.0,0.0,1.211630,1.530560,-1.241410,0.0,0.0,1.467923,1.913703,-1.431672,0.0,0.0,1.682505,2.281652,-1.563489,0.0,0.0
record2.mp4,e7f94d8ffdda6840c9b04703cf2b6166921cdbd5be69632bee01bf2c9ebea648,640,480,12.02,736,61.25,485,40416,Left,0.970029,0.000000,0.000000,0.000000,0.0,0.0,-0.583274,0.457269,-0.226360,0.0,0.0,-1.094088,0.996230,-0.465969,0.0,0.0,-1.541798,1.515520,-0.660605,0.0,0.0,-1.911228,1.891430,-0.874301,0.0,0.0,-0.607287,1.033872,-0.873996,0.0,0.0,-0.920480,1.588213,-1.289691,0.0,0.0,-1.099913,2.023226,-1.528072,0.0,0.0,-1.293072,2.456684,-1.683701,0.0,0.0,-0.078632,1.027885,-0.908526,0.0,0.0,-0.092867,1.747028,-1.378443,0.0,0.0,-0.110565,2.380597,-1.629769,0.0,0.0,-0.156611,2.948491,-1.830620,0.0,0.0,0.410318,0.991133,-0.920989,0.0,0.0,0.616331,1.670709,-1.350296,0.0,0.0,0.740627,2.263625,-1.557038,0.0,0.0,0.795331,2.772023,-1.690817,0.0,0.0,0.831723,0.936085,-0.927776,0.0,0.0,1.227800,1.525882,-1.309513,0.0,0.0,1.493919,1.908597,-1.507940,0.0,0.0,1.723898,2.290993,-1.639418,0.0,0.0
record2.mp4,e7f94d8ffdda6840c9b04703cf2b6166921cdbd5be69632bee01bf2c9ebea648,640,480,12.02,736,61.25,486,40500,Left,0.966069,0.000000,0.000000,0.000000,0.0,0.0,-0.593342,0.456241,-0.253618,0.0,0.0,-1.080661,0.954304,-0.528964,0.0,0.0,-1.517293,1.462242,-0.752253,0.0,0.0,-1.916761,1.840945,-0.993516,0.0,0.0,-0.622901,1.042809,-0.964187,0.0,0.0,-0.987132,1.769613,-1.380576,0.0,0.0,-1.119940,2.318649,-1.597429,0.0,0.0,-1.256609,2.833888,-1.743231,0.0,0.0,-0.091245,1.019273,-0.986560,0.0,0.0,-0.144581,1.769991,-1.475864,0.0,0.0,-0.150095,2.418821,-1.713157,0.0,0.0,-0.174837,3.001120,-1.901983,0.0,0.0,0.408659,0.957808,-0.982517,0.0,0.0,0.601442,1.656991,-1.418568,0.0,0.0,0.709974,2.265761,-1.608081,0.0,0.0,0.765665,2.795087,-1.732842,0.0,0.0,0.840095,0.892753,-0.973932,0.0,0.0,1.231919,1.489917,-1.370616,0.0,0.0,1.485359,1.872615,-1.571124,0.0,0.0,1.721372,2.257919,-1.700817,0.0,0.0
record2.mp4,e7f94d8ffdda6840c9b04703cf2b6166921cdbd5be69632bee01bf2c9ebea648,640,480,12.02,736,61.25,487,40583,Left,0.953925,0.000000,0.000000,0.000000,0.0,0.0,-0.591344,0.474434,-0.214924,0.0,0.0,-1.072916,0.965518,-0.481014,0.0,0.0,-1.524474,1.440314,-0.700738,0.0,0.0,-1.931486,1.775406,-0.936743,0.0,0.0,-0.593690,1.080110,-0.944868,0.0,0.0,-0.929728,1.724772,-1.392812,0.0,0.0,-1.109198,2.216694,-1.640040,0.0,0.0,-1.308405,2.662125,-1.794773,0.0,0.0,-0.085022,1.068216,-0.981174,0.0,0.0,-0.114800,1.754051,-1.501047,0.0,0.0,-0.121843,2.396701,-1.757143,0.0,0.0,-0.155126,2.939637,-1.951833,0.0,0.0,0.397685,0.988899,-0.987620,0.0,0.0,0.579728,1.628197,-1.452241,0.0,0.0,0.692263,2.238953,-1.655459,0.0,0.0,0.739054,2.751623,-1.778938,0.0,0.0,0.823011,0.885800,-0.982616,0.0,0.0,1.221955,1.456216,-1.390863,0.0,0.0,1.465886,1.842525,-1.594634,0.0,0.0,1.683563,2.235250,-1.721708,0.0,0.0
record2.mp4,e7f94d8ffdda6840c9b04703cf2b6166921cdbd5be69632bee01bf2c9ebea648,640,480,12.02,736,61.25,488,40666,Left,0.969929,0.000000,0.000000,0.000000,0.0,0.0,-0.561874,0.470212,-0.218315,0.0,0.0,-1.014806,0.981330,-0.481639,0.0,0.0,-1.394902,1.455254,-0.704763,0.0,0.0,-1.801548,1.767732,-0.948136,0.0,0.0,-0.565359,1.093446,-0.895562,0.0,0.0,-0.838605,1.808205,-1.308360,0.0,0.0,-0.983656,2.312048,-1.532889,0.0,0.0,-1.157919,2.786732,-1.682103,0.0,0.0,-0.053825,1.071641,-0.939000,0.0,0.0,-0.051668,1.799184,-1.396640,0.0,0.0,-0.047518,2.405131,-1.620978,0.0,0.0,-0.076991,2.947934,-1.799256,0.0,0.0,0.424105,0.997516,-0.959034,0.0,0.0,0.617432,1.689678,-1.368473,0.0,0.0,0.736095,2.279762,-1.553295,0.0,0.0,0.797904,2.789806,-1.676675,0.0,0.0,0.832266,0.894106,-0.974217,0.0,0.0,1.231332,1.481687,-1.346222,0.0,0.0,1.486830,1.846841,-1.535147,0.0,0.0,1.715699,2.209171,-1.657900,0.0,0.0
record2.mp4,e7f94d8ffdda6840c9b04703cf2b6166921cdbd5be69632bee01bf2c9ebea648,640,480,12.02,736,61.25,489,40750,Left,0.933726,0.000000,0.000000,0.000000,0.0,0.0,-0.556966,0.431835,-0.284975,0.0,0.0,-1.001446,0.931135,-0.568974,0.0,0.0,-1.377045,1.399415,-0.807926,0.0,0.0,-1.802946,1.717930,-1.063881,0.0,0.0,-0.516272,1.094456,-0.888565,0.0,0.0,-0.785322,1.792237,-1.304943,0.0,0.0,-0.963964,2.263486,-1.534721,0.0,0.0,-1.162395,2.708063,-1.689689,0.0,0.0,-0.005483,1.086438,-0.907031,0.0,0.0,-0.046018,1.699661,-1.357017,0.0,0.0,-0.119241,2.177784,-1.554983,0.0,0.0,-0.219993,2.617855,-1.710431,0.0,0.0,0.460277,1.015529,-0.920521,0.0,0.0,0.641845,1.606582,-1.333185,0.0,0.0,0.731682,2.125023,-1.503050,0.0,0.0,0.772897,2.581744,-1.616410,0.0,0.0,0.853180,0.908561,-0.940221,0.0,0.0,1.257344,1.439779,-1.309995,0.0,0.0,1.537221,1.774149,-1.496859,0.0,0.0,1.780980,2.109816,-1.622437,0.0,0.0
record2.mp4,e7f94d8ffdda6840c9b04703cf2b6166921cdbd5be69632bee01bf2c9ebea648,640,480,12.02,736,61.25,490,40833,Left,0.926484,0.000000,0.000000,0.000000,0.0,0.0,-0.550599,0.448140,-0.284120,0.0,0.0,-0.989291,0.987473,-0.578424,0.0,0.0,-1.399696,1.450167,-0.824711,0.0,0.0,-1.792297,1.778939,-1.091557,0.0,0.0,-0.500573,1.103631,-0.991233,0.0,0.0,-0.754582,1.794216,-1.446722,0.0,0.0,-0.958394,2.248131,-1.698112,0.0,0.0,-1.180161,2.688042,-1.865245,0.0,0.0,0.016577,1.079864,-1.017570,0.0,0.0,-0.030707,1.706043,-1.497869,0.0,0.0,-0.141139,2.186343,-1.705564,0.0,0.0,-0.283948,2.608290,-1.871718,0.0,0.0,0.487459,0.994045,-1.033574,0.0,0.0,0.701580,1.593938,-1.472562,0.0,0.0,0.811068,2.135493,-1.664448,0.0,0.0,0.858280,2.603679,-1.796700,0.0,0.0,0.876860,0.867533,-1.052508,0.0,0.0,1.265855,1.407073,-1.442056,0.0,0.0,1.555761,1.728497,-1.643359,0.0,0.0,1.818043,2.049516,-1.785476,0.0,0.0
record2.mp4,e7f94d8ffdda6840c9b04703cf2b6166921cdbd5be69632bee01bf2c9ebea648,640,480,12.02,736,61.25,491,40916,Left,0.92921,0.000000,0.000000,0.000000,0.0,0.0,-0.563188,0.456808,-0.261506,0.0,0.0,-1.035582,0.993292,-0.543117,0.0,0.0,-1.459105,1.467969,-0.786850,0.0,0.0,-1.886031,1.783905,-1.058606,0.0,0.0,-0.559338,1.071959,-0.894121,0.0,0.0,-0.890295,1.777935,-1.319089,0.0,0.0,-1.128690,2.256793,-1.555588,0.0,0.0,-1.372270,2.708848,-1.707850,0.0,0.0,-0.053527,1.062504,-0.932421,0.0,0.0,-0.092547,1.824968,-1.366812,0.0,0.0,-0.196092,2.405637,-1.567815,0.0,0.0,-0.305705,2.920333,-1.729866,0.0,0.0,0.430887,0.987077,-0.964878,0.0,0.0,0.588104,1.694627,-1.375847,0.0,0.0,0.632889,2.295995,-1.579630,0.0,0.0,0.659259,2.801874,-1.714067,0.0,0.0,0.857290,0.883145,-0.997868,0.0,0.0,1.192313,1.511020,-1.363740,0.0,0.0,1.433824,1.906991,-1.559400,0.0,0.0,1.675268,2.269355,-1.696377,0.0,0.0
record2.mp4,e7f94d8ffdda6840c9b04703cf2b6166921cdbd5be69632bee01bf2c9ebea648,640,480,12.02,736,61.25,492,41000,Left,0.938182,0.000000,0.000000,0.000000,0.0,0.0,-0.580193,0.478382,-0.264416,0.0,0.0,-1.062616,0.984141,-0.552761,0.0,0.0,-1.515989,1.447747,-0.797077,0.0,0.0,-1.923428,1.784710,-1.062765,0.0,0.0,-0.571051,1.077907,-0.938291,0.0,0.0,-0.910950,1.730930,-1.406431,0.0,0.0,-1.138905,2.199313,-1.676145,0.0,0.0,-1.379738,2.637122,-1.848377,0.0,0.0,-0.070252,1.060860,-0.977679,0.0,0.0,-0.120644,1.820434,-1.484309,0.0,0.0,-0.201800,2.436225,-1.743782,0.0,0.0,-0.295338,2.984058,-1.941991,0.0,0.0,0.407199,1.002199,-1.004454,0.0,0.0,0.562940,1.730455,-1.468951,0.0,0.0,0.617335,2.346030,-1.696163,0.0,0.0,0.636643,2.873847,-1.838591,0.0,0.0,0.832352,0.925635,-1.028599,0.0,0.0,1.161035,1.554924,-1.434229,0.0,0.0,1.400806,1.942539,-1.645862,0.0,0.0,1.632021,2.311882,-1.785070,0.0,0.0
record2.mp4,e7f94d8ffdda6840c9b04703cf2b6166921cdbd5be69632bee01bf2c9ebea648,640,480,12.02,736,61.25,493,41083,Left,0.944896,0.000000,0.000000,0.000000,0.0,0.0,-0.553732,0.467189,-0.245946,0.0,0.0,-1.004695,0.974577,-0.525731,0.0,0.0,-1.441127,1.417107,-0.766567,0.0,0.0,-1.880298,1.716183,-1.031983,0.0,0.0,-0.554217,1.129227,-0.853118,0.0,0.0,-0.852251,1.839667,-1.248578,0.0,0.0,-1.034620,2.320991,-1.460946,0.0,0.0,-1.213332,2.758821,-1.603811,0.0,0.0,-0.071568,1.118367,-0.901097,0.0,0.0,-0.123558,1.878559,-1.333200,0.0,0.0,-0.234965,2.417650,-1.529257,0.0,0.0,-0.344271,2.893166,-1.676916,0.0,0.0,0.391374,1.037858,-0.940768,0.0,0.0,0.558727,1.774303,-1.353355,0.0,0.0,0.594024,2.380209,-1.554719,0.0,0.0,0.609012,2.910396,-1.685046,0.0,0.0,0.785590,0.924941,-0.977761,0.0,0.0,1.150262,1.518232,-1.352498,0.0,0.0,1.401828,1.880225,-1.547693,0.0,0.0,1.643367,2.230290,-1.677322,0.0,0.0
record2.mp4,e7f94d8ffdda6840c9b04703cf2b6166921cdbd5be69632bee01bf2c9ebea648,640,480,12.02,736,61.25,494,41166,Left,0.923448,0.000000,0.000000,0.000000,0.0,0.0,-0.572456,0.428852,-0.302936,0.0,0.0,-1.032676,0.928349,-0.609773,0.0,0.0,-1.465677,1.377801,-0.870251,0.0,0.0,-1.911081,1.683627,-1.153010,0.0,0.0,-0.567181,1.080630,-0.957594,0.0,0.0,-0.860091,1.811845,-1.387329,0.0,0.0,-1.038696,2.299304,-1.619484,0.0,0.0,-1.227491,2.746844,-1.779040,0.0,0.0,-0.060955,1.076226,-0.984168,0.0,0.0,-0.140196,1.732645,-1.447247,0.0,0.0,-0.245467,2.241352,-1.657842,0.0,0.0,-0.365968,2.709783,-1.826307,0.0,0.0,0.418124,1.007062,-1.005027,0.0,0.0,0.565557,1.642358,-1.434590,0.0,0.0,0.620057,2.191232,-1.638892,0.0,0.0,0.634834,2.678300,-1.780611,0.0,0.0,0.829172,0.906911,-1.030819,0.0,0.0,1.179990,1.455086,-1.415335,0.0,0.0,1.454562,1.784509,-1.626254,0.0,0.0,1.707076,2.112425,-1.774323,0.0,0.0
record2.mp4,e7f94d8ffdda6840c9b04703cf2b6166921cdbd5be69632bee01bf2c9ebea648,640,480,12.02,736,61.25,495,41250,Left,0.905527,0.000000,0.000000,0.000000,0.0,0.0,-0.584445,0.409653,-0.299863,0.0,0.0,-1.069758,0.925560,-0.589807,0.0,0.0,-1.492706,1.398888,-0.833466,0.0,0.0,-1.923490,1.725649,-1.097072,0.0,0.0,-0.558845,1.058320,-0.924031,0.0,0.0,-0.847576,1.795770,-1.335323,0.0,0.0,-1.051970,2.294700,-1.555953,0.0,0.0,-1.257261,2.742451,-1.705387,0.0,0.0,-0.039357,1.046422,-0.944209,0.0,0.0,-0.117105,1.685939,-1.370835,0.0,0.0,-0.251259,2.173221,-1.543753,0.0,0.0,-0.403730,2.602180,-1.687349,0.0,0.0,0.446241,0.990047,-0.965078,0.0,0.0,0.576109,1.636784,-1.372177,0.0,0.0,0.609270,2.194048,-1.550281,0.0,0.0,0.609060,2.668856,-1.674562,0.0,0.0,0.859893,0.912146,-0.993635,0.0,0.0,1.214691,1.516595,-1.364733,0.0,0.0,1.484468,1.911001,-1.566218,0.0,0.0,1.715471,2.282560,-1.709310,0.0,0.0
record2.mp4,e7f94d8ffdda6840c9b04703cf2b6166921cdbd5be69632bee01bf2c9ebea648,640,480,12.02,736,61.25,496,41333,Left,0.923663,0.000000,0.000000,0.000000,0.0,0.0,-0.581141,0.409169,-0.309989,0.0,0.0,-1.060592,0.946160,-0.611952,0.0,0.0,-1.492769,1.413565,-0.862921,0.0,0.0,-1.914201,1.744059,-1.137352,0.0,0.0,-0.575613,1.053908,-1.000401,0.0,0.0,-0.861541,1.768647,-1.444324,0.0,0.0,-1.064454,2.255242,-1.687370,0.0,0.0,-1.274317,2.705102,-1.853043,0.0,0.0,-0.046400,1.037120,-1.019419,0.0,0.0,-0.158067,1.676627,-1.475374,0.0,0.0,-0.292244,2.169145,-1.674546,0.0,0.0,-0.441722,2.616998,-1.840783,0.0,0.0,0.442208,0.984373,-1.035046,0.0,0.0,0.566777,1.642217,-1.461306,0.0,0.0,0.621158,2.223681,-1.667410,0.0,0.0,0.638281,2.721347,-1.813988,0.0,0.0,0.854449,0.905862,-1.056711,0.0,0.0,1.176548,1.524957,-1.446092,0.0,0.0,1.441409,1.924595,-1.671592,0.0,0.0,1.670640,2.300039,-1.835182,0.0,0.0
record2.mp4,e7f94d8ffdda6840c9b04703cf2b6166921cdbd5be69632bee01bf2c9ebea648,640,480,12.02,736,61.25,497,41416,Left,0.936048,0.000000,0.000000,0.000000,0.0,0.0,-0.575735,0.419169,-0.317686,0.0,0.0,-1.054832,0.954182,-0.627052,0.0,0.0,-1.489717,1.435698,-0.883578,0.0,0.0,-1.902085,1.765223,-1.160642,0.0,0.0,-0.586743,1.061225,-1.016180,0.0,0.0,-0.875591,1.752970,-1.485473,0.0,0.0,-1.081343,2.225969,-1.747327,0.0,0.0,-1.297507,2.670680,-1.921052,0.0,0.0,-0.064961,1.041012,-1.034506,0.0,0.0,-0.157475,1.665219,-1.525142,0.0,0.0,-0.278350,2.152418,-1.745058,0.0,0.0,-0.413273,2.592721,-1.918600,0.0,0.0,0.420110,0.988544,-1.048791,0.0,0.0,0.580456,1.650592,-1.511007,0.0,0.0,0.666605,2.236827,-1.727430,0.0,0.0,0.710769,2.749095,-1.871093,0.0,0.0,0.839237,0.914831,-1.066948,0.0,0.0,1.155550,1.536724,-1.466438,0.0,0.0,1.418686,1.924541,-1.683648,0.0,0.0,1.652969,2.288742,-1.836806,0.0,0.0
record2.mp4,e7f94d8ffdda6840c9b04703cf2b6166921cdbd5be69632bee01bf2c9ebea648,640,480,12.02,736,61.25,498,41500,Left,0.959162,0.000000,0.000000,0.000000,0.0,0.0,-0.583932,0.443538,-0.254022,0.0,0.0,-1.089811,0.962613,-0.513170,0.0,0.0,-1.526286,1.442415,-0.736465,0.0,0.0,-1.938447,1.765275,-0.981906,0.0,0.0,-0.601724,1.044744,-0.830785,0.0,0.0,-0.929840,1.696569,-1.236994,0.0,0.0,-1.162498,2.137098,-1.468415,0.0,0.0,-1.392293,2.569018,-1.623739,0.0,0.0,-0.095361,1.027218,-0.866784,0.0,0.0,-0.151839,1.682499,-1.298173,0.0,0.0,-0.247122,2.195502,-1.500759,0.0,0.0,-0.343382,2.663624,-1.662885,0.0,0.0,0.397852,0.971537,-0.900594,0.0,0.0,0.595029,1.666352,-1.325499,0.0,0.0,0.697041,2.257879,-1.527762,0.0,0.0,0.765354,2.763555,-1.656703,0.0,0.0,0.849994,0.904671,-0.934048,0.0,0.0,1.182816,1.560711,-1.308987,0.0,0.0,1.437899,1.965885,-1.506183,0.0,0.0,1.670552,2.327644,-1.639688,0.0,0.0
record2.mp4,e7f94d8ffdda6840c9b04703cf2b6166921cdbd5be69632bee01bf2c9ebea648,640,480,12.02,736,61.25,499,41583,Left,0.964969,0.000000,0.000000,0.000000,0.0,0.0,-0.606137,0.468475,-0.246721,0.0,0.0,-1.134816,1.004326,-0.504902,0.0,0.0,-1.599579,1.473748,-0.720837,0.0,0.0,-2.022409,1.794830,-0.958936,0.0,0.0,-0.603403,1.053030,-0.882288,0.0,0.0,-0.950847,1.637921,-1.331618,0.0,0.0,-1.197677,2.048496,-1.601961,0.0,0.0,-1.440510,2.434366,-1.772377,0.0,0.0,-0.089377,1.003923,-0.925400,0.0,0.0,-0.103816,1.842625,-1.378176,0.0,0.0,-0.166383,2.471555,-1.626389,0.0,0.0,-0.234699,3.032439,-1.825468,0.0,0.0,0.409191,0.946131,-0.958394,0.0,0.0,0.615957,1.727757,-1.403498,0.0,0.0,0.715353,2.345925,-1.648196,0.0,0.0,0.768429,2.867363,-1.801214,0.0,0.0,0.864045,0.890994,-0.984910,0.0,0.0,1.223581,1.576251,-1.368724,0.0,0.0,1.486944,1.987862,-1.572328,0.0,0.0,1.717401,2.365763,-1.708809,0.0,0.0
record2.mp4,e7f94d8ffdda6840c9b04703cf2b6166921cdbd5be69632bee01bf2c9ebea648,640,480,12.02,736,61.25,500,41666,Left,0.955079,0.000000,0.000000,0.000000,0.0,0.0,-0.599408,0.479928,-0.244271,0.0,0.0,-1.107727,1.002847,-0.503877,0.0,0.0,-1.571026,1.452457,-0.723963,0.0,0.0,-1.963969,1.772301,-0.965928,0.0,0.0,-0.581728,1.076577,-0.892879,0.0,0.0,-0.925112,1.643535,-1.359716,0.0,0.0,-1.169029,2.032140,-1.645313,0.0,0.0,-1.421994,2.402213,-1.825248,0.0,0.0,-0.079331,1.031460,-0.937180,0.0,0.0,-0.087914,1.790316,-1.440184,0.0,0.0,-0.155575,2.405643,-1.727169,0.0,0.0,-0.237009,2.962043,-1.947066,0.0,0.0,0.400599,0.976855,-0.965472,0.0,0.0,0.598893,1.730967,-1.438033,0.0,0.0,0.700041,2.338513,-1.684275,0.0,0.0,0.750270,2.863500,-1.834210,0.0,0.0,0.845315,0.924878,-0.987176,0.0,0.0,1.197194,1.582413,-1.386202,0.0,0.0,1.451194,1.982803,-1.587613,0.0,0.0,1.677561,2.359484,-1.717824,0.0,0.0
record2.mp4,e7f94d8ffdda6840c9b04703cf2b6166921cdbd5be69632bee01bf2c9ebea648,640,480,12.02,736,61.25,501,41750,Left,0.959058,0.000000,0.000000,0.000000,0.0,0.0,-0.586107,0.496283,-0.255349,0.0,0.0,-1.072637,0.992620,-0.549832,0.0,0.0,-1.534224,1.446730,-0.796152,0.0,0.0,-1.954349,1.790818,-1.062953,0.0,0.0,-0.602372,1.077435,-0.984110,0.0,0.0,-0.949443,1.824384,-1.447090,0.0,0.0,-1.124754,2.375646,-1.700317,0.0,0.0,-1.303124,2.878005,-1.862583,0.0,0.0,-0.104574,1.023388,-1.022021,0.0,0.0,-0.150284,1.840469,-1.550144,0.0,0.0,-0.205684,2.499211,-1.816255,0.0,0.0,-0.266922,3.083372,-2.016947,0.0,0.0,0.388343,0.954447,-1.037373,0.0,0.0,0.587394,1.721257,-1.518085,0.0,0.0,0.683424,2.375901,-1.746606,0.0,0.0,0.744006,2.937162,-1.887332,0.0,0.0,0.844102,0.900629,-1.044789,0.0,0.0,1.202276,1.560889,-1.468921,0.0,0.0,1.436105,1.979284,-1.686145,0.0,0.0,1.666199,2.380782,-1.824919,0.0,0.0
record2.mp4,e7f94d8ffdda6840c9b04703cf2b6166921cdbd5be69632bee01bf2c9ebea648,640,480,12.02,736,61.25,502,41833,Left,0.961111,0.000000,0.000000,0.000000,0.0,0.0,-0.584130,0.463633,-0.297271,0.0,0.0,-1.076703,0.992244,-0.618713,0.0,0.0,-1.514047,1.451033,-0.883356,0.0,0.0,-1.981551,1.737288,-1.167632,0.0,0.0,-0.614465,1.079959,-1.067956,0.0,0.0,-0.873455,1.836611,-1.556436,0.0,0.0,-1.019870,2.393256,-1.838839,0.0,0.0,-1.185923,2.897182,-2.022864,0.0,0.0,-0.095235,1.033598,-1.093633,0.0,0.0,-0.097822,1.829265,-1.608779,0.0,0.0,-0.134873,2.482836,-1.866476,0.0,0.0,-0.191199,3.062605,-2.068319,0.0,0.0,0.392670,0.967733,-1.099059,0.0,0.0,0.583285,1.710221,-1.551000,0.0,0.0,0.679167,2.344082,-1.763976,0.0,0.0,0.726379,2.880828,-1.904781,0.0,0.0,0.822855,0.899138,-1.105576,0.0,0.0,1.196095,1.548712,-1.502480,0.0,0.0,1.451160,1.959576,-1.708214,0.0,0.0,1.679414,2.348350,-1.844574,0.0,0.0
record2.mp4,e7f94d8ffdda6840c9b04703cf2b6166921cdbd5be69632bee01bf2c9ebea648,640,480,12.02,736,61.25,503,41916,Left,0.960867,0.000000,0.000000,0.000000,0.0,0.0,-0.577340,0.435129,-0.284438,0.0,0.0,-1.067685,0.956093,-0.581528,0.0,0.0,-1.496048,1.412009,-0.824726,0.0,0.0,-1.923952,1.737278,-1.086301,0.0,0.0,-0.586443,1.069267,-0.997584,0.0,0.0,-0.859393,1.859648,-1.426815,0.0,0.0,-1.029960,2.389871,-1.655688,0.0,0.0,-1.221371,2.892584,-1.809184,0.0,0.0,-0.067799,1.043138,-1.020881,0.0,0.0,-0.101423,1.830514,-1.488417,0.0,0.0,-0.156783,2.435506,-1.716412,0.0,0.0,-0.233075,2.993671,-1.898213,0.0,0.0,0.416612,0.987411,-1.025416,0.0,0.0,0.604693,1.721038,-1.452945,0.0,0.0,0.701484,2.329525,-1.659403,0.0,0.0,0.754275,2.861131,-1.797955,0.0,0.0,0.832610,0.927562,-1.029443,0.0,0.0,1.216925,1.578499,-1.414250,0.0,0.0,1.474487,1.967991,-1.618563,0.0,0.0,1.707776,2.347426,-1.756584,0.0,0.0
record2.mp4,e7f94d8ffdda6840c9b04703cf2b6166921cdbd5be69632bee01bf2c9ebea648,640,480,12.02,736,61.25,504,42000,Left,0.948245,0.000000,0.000000,0.000000,0.0,0.0,-0.572201,0.416773,-0.286532,0.0,0.0,-1.023256,0.899825,-0.581297,0.0,0.0,-1.426331,1.338402,-0.827801,0.0,0.0,-1.870857,1.627683,-1.088127,0.0,0.0,-0.548290,1.074356,-0.926747,0.0,0.0,-0.808750,1.802540,-1.344556,0.0,0.0,-0.972013,2.302173,-1.566805,0.0,0.0,-1.161564,2.765241,-1.716670,0.0,0.0,-0.031324,1.068200,-0.945297,0.0,0.0,-0.088305,1.710028,-1.407285,0.0,0.0,-0.191917,2.213915,-1.608537,0.0,0.0,-0.328111,2.668816,-1.766215,0.0,0.0,0.444482,1.007265,-0.954746,0.0,0.0,0.610437,1.614010,-1.372961,0.0,0.0,0.672483,2.156329,-1.548259,0.0,0.0,0.683707,2.626534,-1.665313,0.0,0.0,0.844056,0.923658,-0.969490,0.0,0.0,1.201913,1.498899,-1.343917,0.0,0.0,1.446527,1.867864,-1.538696,0.0,0.0,1.668466,2.236170,-1.671084,0.0,0.0
record2.mp4,e7f94d8ffdda6840c9b04703cf2b6166921cdbd5be69632bee01bf2c9ebea648,640,480,12.02,736,61.25,505,42083,Left,0.921989,0.000000,0.000000,0.000000,0.0,0.0,-0.566766,0.421652,-0.320489,0.0,0.0,-1.012144,0.935010,-0.634838,0.0,0.0,-1.419741,1.380262,-0.892816,0.0,0.0,-1.834568,1.700208,-1.166398,0.0,0.0,-0.522002,1.076703,-1.025921,0.0,0.0,-0.771595,1.830852,-1.490109,0.0,0.0,-0.968966,2.345688,-1.744459,0.0,0.0,-1.191297,2.816917,-1.912850,0.0,0.0,-0.002085,1.058489,-1.038926,0.0,0.0,-0.045416,1.734817,-1.536561,0.0,0.0,-0.173617,2.253306,-1.759765,0.0,0.0,-0.333255,2.717635,-1.933128,0.0,0.0,0.473340,0.995581,-1.043193,0.0,0.0,0.654574,1.657193,-1.490143,0.0,0.0,0.728787,2.239877,-1.690317,0.0,0.0,0.749932,2.734968,-1.824534,0.0,0.0,0.873986,0.906625,-1.053581,0.0,0.0,1.232687,1.513574,-1.446294,0.0,0.0,1.484050,1.899337,-1.655639,0.0,0.0,1.707633,2.272746,-1.801236,0.0,0.0
record2.mp4,e7f94d8ffdda6840c9b04703cf2b6166921cdbd5be69632bee01bf2c9ebea648,640,480,12.02,736,61.25,506,42166,Left,0.942369,0.000000,0.000000,0.000000,0.0,0.0,-0.566876,0.439452,-0.293814,0.0,0.0,-1.048562,0.943591,-0.606081,0.0,0.0,-1.485987,1.401409,-0.870845,0.0,0.0,-1.919814,1.712190,-1.156523,0.0,0.0,-0.550534,1.078962,-1.000012,0.0,0.0,-0.881358,1.876650,-1.448669,0.0,0.0,-1.072111,2.414407,-1.681924,0.0,0.0,-1.254782,2.903697,-1.835608,0.0,0.0,-0.046281,1.057486,-1.030162,0.0,0.0,-0.150017,1.788183,-1.523687,0.0,0.0,-0.281164,2.341835,-1.739994,0.0,0.0,-0.402170,2.842204,-1.906333,0.0,0.0,0.438212,0.979332,-1.047995,0.0,0.0,0.613382,1.681436,-1.502788,0.0,0.0,0.702732,2.269120,-1.704323,0.0,0.0,0.776082,2.770365,-1.834092,0.0,0.0,0.865550,0.883997,-1.066918,0.0,0.0,1.208613,1.505138,-1.462913,0.0,0.0,1.456991,1.893310,-1.664291,0.0,0.0,1.710088,2.251550,-1.801414,0.0,0.0
record2.mp4,e7f94d8ffdda6840c9b04703cf2b6166921cdbd5be69632bee01bf2c9ebea648,640,480,12.02,736,61.25,507,42250,Left,0.94799,0.000000,0.000000,0.000000,0.0,0.0,-0.591249,0.432351,-0.305820,0.0,0.0,-1.092901,0.935072,-0.588586,0.0,0.0,-1.536108,1.390473,-0.815945,0.0,0.0,-1.916672,1.726237,-1.062420,0.0,0.0,-0.554743,1.051322,-0.973092,0.0,0.0,-0.913304,1.668380,-1.433805,0.0,0.0,-1.152328,2.120211,-1.704896,0.0,0.0,-1.395733,2.537568,-1.875110,0.0,0.0,-0.029998,1.037974,-0.980474,0.0,0.0,-0.097451,1.791160,-1.482827,0.0,0.0,-0.167868,2.421274,-1.759992,0.0,0.0,-0.237915,2.981275,-1.971028,0.0,0.0,0.446502,0.992874,-0.972478,0.0,0.0,0.613996,1.694405,-1.435630,0.0,0.0,0.714761,2.288712,-1.682168,0.0,0.0,0.776242,2.795458,-1.834896,0.0,0.0,0.861751,0.939109,-0.963602,0.0,0.0,1.216189,1.560944,-1.367355,0.0,0.0,1.464460,1.956503,-1.586586,0.0,0.0,1.687108,2.330906,-1.730242,0.0,0.0
record2.mp4,e7f94d8ffdda6840c9b04703cf2b6166921cdbd5be69632bee01bf2c9ebea648,640,480,12.02,736,61.25,508,42333,Left,0.960804,0.000000,0.000000,0.000000,0.0,0.0,-0.559587,0.460071,-0.289794,0.0,0.0,-1.030610,0.944827,-0.588043,0.0,0.0,-1.473889,1.397791,-0.833529,0.0,0.0,-1.883114,1.729128,-1.096125,0.0,0.0,-0.562919,1.091947,-0.982793,0.0,0.0,-0.915745,1.811278,-1.434931,0.0,0.0,-1.088932,2.339505,-1.681006,0.0,0.0,-1.257842,2.812601,-1.838611,0.0,0.0,-0.058655,1.064940,-1.001076,0.0,0.0,-0.120414,1.829608,-1.523566,0.0,0.0,-0.174583,2.456072,-1.791213,0.0,0.0,-0.227161,3.016505,-1.989334,0.0,0.0,0.414804,0.997816,-1.001052,0.0,0.0,0.600092,1.690236,-1.476970,0.0,0.0,0.686956,2.300521,-1.715994,0.0,0.0,0.741148,2.818825,-1.861627,0.0,0.0,0.830647,0.930859,-0.998109,0.0,0.0,1.199685,1.552153,-1.417560,0.0,0.0,1.446078,1.949799,-1.645438,0.0,0.0,1.679904,2.325462,-1.791503,0.0,0.0
record2.mp4,e7f94d8ffdda6840c9b04703cf2b6166921cdbd5be69632bee01bf2c9ebea648,640,480,12.02,736,61.25,509,42416,Left,0.952078,0.000000,0.000000,0.000000,0.0,0.0,-0.574279,0.431438,-0.299753,0.0,0.0,-1.019503,0.902580,-0.613369,0.0,0.0,-1.433510,1.349931,-0.873975,0.0,0.0,-1.863085,1.669615,-1.156183,0.0,0.0,-0.544938,1.073390,-0.971375,0.0,0.0,-0.799582,1.797556,-1.410646,0.0,0.0,-0.959931,2.311624,-1.657375,0.0,0.0,-1.137739,2.787127,-1.825072,0.0,0.0,-0.026331,1.086977,-0.997235,0.0,0.0,-0.063878,1.855226,-1.469966,0.0,0.0,-0.132494,2.445901,-1.702470,0.0,0.0,-0.218755,2.985182,-1.883673,0.0,0.0,0.450163,1.026699,-1.009769,0.0,0.0,0.637047,1.781547,-1.439106,0.0,0.0,0.729499,2.400600,-1.650993,0.0,0.0,0.767184,2.941106,-1.795860,0.0,0.0,0.830961,0.921639,-1.024261,0.0,0.0,1.248959,1.506482,-1.414585,0.0,0.0,1.534872,1.868524,-1.621471,0.0,0.0,1.789483,2.229973,-1.761742,0.0,0.0
record2.mp4,e7f94d8ffdda6840c9b04703cf2b6166921cdbd5be69632bee01bf2c9ebea648,640,480,12.02,736,61.25,510,42500,Left,0.942321,0.000000,0.000000,0.000000,0.0,0.0,-0.588805,0.384097,-0.345406,0.0,0.0,-1.054672,0.853413,-0.682780,0.0,0.0,-1.481506,1.294669,-0.953415,0.0,0.0,-1.884338,1.632751,-1.245412,0.0,0.0,-0.535503,1.019767,-1.127697,0.0,0.0,-0.821219,1.753700,-1.602335,0.0,0.0,-1.013874,2.247371,-1.869093,0.0,0.0,-1.218118,2.700027,-2.053446,0.0,0.0,0.013485,1.039687,-1.125299,0.0,0.0,-0.068451,1.672648,-1.602330,0.0,0.0,-0.203572,2.119575,-1.811777,0.0,0.0,-0.361724,2.506447,-1.989656,0.0,0.0,0.502542,1.007224,-1.110402,0.0,0.0,0.684250,1.671742,-1.547597,0.0,0.0,0.769193,2.208000,-1.766825,0.0,0.0,0.796913,2.662720,-1.933728,0.0,0.0,0.875681,0.934357,-1.099590,0.0,0.0,1.294455,1.449332,-1.490339,0.0,0.0,1.606691,1.751322,-1.712169,0.0,0.0,1.865795,2.053841,-1.878057,0.0,0.0
record2.mp4,e7f94d8ffdda6840c9b04703cf2b6166921cdbd5be69632bee01bf2c9ebea648,640,480,12.02,736,61.25,511,42583,Left,0.927514,0.000000,0.000000,0.000000,0.0,0.0,-0.570448,0.397188,-0.311091,0.0,0.0,-1.050138,0.834388,-0.607901,0.0,0.0,-1.472200,1.243253,-0.846971,0.0,0.0,-1.851042,1.537685,-1.102740,0.0,0.0,-0.529234,1.062967,-1.004201,0.0,0.0,-0.814783,1.751318,-1.454288,0.0,0.0,-0.984063,2.248276,-1.699519,0.0,0.0,-1.164437,2.713635,-1.859409,0.0,0.0,-0.012759,1.077748,-1.011486,0.0,0.0,-0.058458,1.796310,-1.527107,0.0,0.0,-0.085606,2.366637,-1.795654,0.0,0.0,-0.123679,2.881548,-2.001612,0.0,0.0,0.453452,1.021667,-0.998881,0.0,0.0,0.632183,1.638407,-1.465989,0.0,0.0,0.759993,2.179455,-1.698497,0.0,0.0,0.842379,2.644040,-1.848073,0.0,0.0,0.851120,0.938712,-0.986611,0.0,0.0,1.241895,1.492542,-1.398401,0.0,0.0,1.516121,1.838071,-1.621968,0.0,0.0,1.776305,2.183197,-1.772380,0.0,0.0
record2.mp4,e7f94d8ffdda6840c9b04703cf2b6166921cdbd5be69632bee01bf2c9ebea648,640,480,12.02,736,61.25,512,42666,Left,0.926404,0.000000,0.000000,0.000000,0.0,0.0,-0.580330,0.394008,-0.282426,0.0,0.0,-1.060200,0.796942,-0.562764,0.0,0.0,-1.472549,1.196134,-0.785741,0.0,0.0,-1.825720,1.497928,-1.021628,0.0,0.0,-0.569493,1.055608,-0.982649,0.0,0.0,-0.870571,1.726265,-1.419347,0.0,0.0,-1.019675,2.215700,-1.654413,0.0,0.0,-1.182593,2.675377,-1.809865,0.0,0.0,-0.050116,1.076058,-0.990175,0.0,0.0,-0.124323,1.728439,-1.515069,0.0,0.0,-0.144866,2.290522,-1.788134,0.0,0.0,-0.178888,2.796729,-1.996714,0.0,0.0,0.423774,1.020460,-0.971696,0.0,0.0,0.577221,1.599543,-1.440719,0.0,0.0,0.698682,2.134146,-1.666251,0.0,0.0,0.769510,2.594187,-1.811195,0.0,0.0,0.825088,0.934623,-0.949787,0.0,0.0,1.202631,1.454242,-1.370621,0.0,0.0,1.470490,1.779692,-1.597019,0.0,0.0,1.725603,2.118622,-1.744742,0.0,0.0
record2.mp4,e7f94d8ffdda6840c9b04703cf2b6166921cdbd5be69632bee01bf2c9ebea648,640,480,12.02,736,61.25,513,42750,Left,0.946462,0.000000,0.000000,0.000000,0.0,0.0,-0.586078,0.382861,-0.255624,0.0,0.0,-1.052509,0.773957,-0.521556,0.0,0.0,-1.462188,1.165562,-0.736182,0.0,0.0,-1.829960,1.470850,-0.960827,0.0,0.0,-0.582661,1.048222,-0.929966,0.0,0.0,-0.871303,1.706369,-1.340951,0.0,0.0,-1.005925,2.189272,-1.554485,0.0,0.0,-1.159518,2.635426,-1.694740,0.0,0.0,-0.071183,1.091115,-0.942390,0.0,0.0,-0.119026,1.721990,-1.437263,0.0,0.0,-0.129479,2.286494,-1.675981,0.0,0.0,-0.160037,2.778953,-1.858134,0.0,0.0,0.402792,1.041157,-0.930419,0.0,0.0,0.565416,1.602867,-1.378341,0.0,0.0,0.675466,2.131474,-1.578042,0.0,0.0,0.728992,2.584622,-1.702451,0.0,0.0,0.801611,0.944004,-0.913922,0.0,0.0,1.192591,1.464125,-1.320108,0.0,0.0,1.466547,1.780173,-1.530185,0.0,0.0,1.719629,2.104740,-1.662646,0.0,0.0
record2.mp4,e7f94d8ffdda6840c9b04703cf2b6166921cdbd5be69632bee01bf2c9ebea648,640,480,12.02,736,61.25,514,42833,Left,0.932661,0.000000,0.000000,0.000000,0.0,0.0,-0.576423,0.372399,-0.224575,0.0,0.0,-1.043757,0.733609,-0.469525,0.0,0.0,-1.440980,1.100454,-0.673198,0.0,0.0,-1.793440,1.399343,-0.888214,0.0,0.0,-0.578450,1.071007,-0.827167,0.0,0.0,-0.878805,1.676962,-1.211504,0.0,0.0,-1.014040,2.126314,-1.416745,0.0,0.0,-1.161444,2.541041,-1.553263,0.0,0.0,-0.082668,1.120855,-0.852795,0.0,0.0,-0.142600,1.725206,-1.316789,0.0,0.0,-0.162251,2.253942,-1.549019,0.0,0.0,-0.198799,2.709528,-1.726003,0.0,0.0,0.379330,1.065709,-0.857184,0.0,0.0,0.535208,1.596316,-1.278147,0.0,0.0,0.628647,2.090792,-1.470190,0.0,0.0,0.670483,2.513851,-1.591261,0.0,0.0,0.772661,0.952129,-0.856576,0.0,0.0,1.148756,1.434855,-1.244583,0.0,0.0,1.407323,1.727199,-1.444219,0.0,0.0,1.645494,2.036985,-1.568772,0.0,0.0
record2.mp4,e7f94d8ffdda6840c9b04703cf2b6166921cdbd5be69632bee01bf2c9ebea648,640,480,12.02,736,61.25,515,42916,Left,0.953682,0.000000,0.000000,0.000000,0.0,0.0,-0.591506,0.381697,-0.204681,0.0,0.0,-1.092292,0.764454,-0.443101,0.0,0.0,-1.495485,1.162927,-0.642454,0.0,0.0,-1.812563,1.499191,-0.854036,0.0,0.0,-0.584032,1.070343,-0.821988,0.0,0.0,-0.876841,1.686323,-1.209891,0.0,0.0,-1.030388,2.140642,-1.424565,0.0,0.0,-1.195820,2.563796,-1.566705,0.0,0.0,-0.073375,1.108336,-0.858442,0.0,0.0,-0.137257,1.745617,-1.314073,0.0,0.0,-0.166668,2.289407,-1.550656,0.0,0.0,-0.212737,2.756509,-1.734932,0.0,0.0,0.391440,1.050041,-0.870621,0.0,0.0,0.555907,1.614324,-1.283148,0.0,0.0,0.658312,2.138388,-1.478968,0.0,0.0,0.707409,2.589983,-1.608459,0.0,0.0,0.780620,0.944391,-0.875554,0.0,0.0,1.176402,1.437016,-1.254191,0.0,0.0,1.446924,1.730426,-1.446265,0.0,0.0,1.696333,2.042794,-1.568942,0.0,0.0
record2.mp4,e7f94d8ffdda6840c9b04703cf2b6166921cdbd5be69632bee01bf2c9ebea648,640,480,12.02,736,61.25,516,43000,Left,0.962577,0.000000,0.000000,0.000000,0.0,0.0,-0.619154,0.381378,-0.257548,0.0,0.0,-1.109420,0.821886,-0.512002,0.0,0.0,-1.510804,1.253218,-0.720110,0.0,0.0,-1.866187,1.586526,-0.939810,0.0,0.0,-0.579098,1.052634,-0.860680,0.0,0.0,-0.866944,1.694604,-1.247088,0.0,0.0,-1.023781,2.156554,-1.457999,0.0,0.0,-1.197653,2.595399,-1.599932,0.0,0.0,-0.058888,1.082771,-0.873685,0.0,0.0,-0.122233,1.710235,-1.328121,0.0,0.0,-0.156465,2.266568,-1.561357,0.0,0.0,-0.207322,2.753691,-1.743541,0.0,0.0,0.411628,1.035416,-0.867076,0.0,0.0,0.571862,1.603564,-1.278040,0.0,0.0,0.677574,2.141520,-1.471821,0.0,0.0,0.734382,2.610239,-1.600168,0.0,0.0,0.805417,0.952020,-0.859499,0.0,0.0,1.197748,1.450167,-1.236463,0.0,0.0,1.467919,1.751212,-1.431348,0.0,0.0,1.717690,2.062989,-1.556901,0.0,0.0
record2.mp4,e7f94d8ffdda6840c9b04703cf2b6166921cdbd5be69632bee01bf2c9ebea648,640,480,12.02,736,61.25,517,43083,Left,0.945673,0.000000,0.000000,0.000000,0.0,0.0,-0.599910,0.353551,-0.288144,0.0,0.0,-1.077903,0.773268,-0.562245,0.0,0.0,-1.462733,1.212418,-0.787871,0.0,0.0,-1.801829,1.565152,-1.027393,0.0,0.0,-0.538956,1.043039,-0.886418,0.0,0.0,-0.842869,1.677996,-1.274957,0.0,0.0,-1.005641,2.121876,-1.490365,0.0,0.0,-1.174927,2.553663,-1.638724,0.0,0.0,-0.006866,1.085707,-0.893532,0.0,0.0,-0.078624,1.709961,-1.333955,0.0,0.0,-0.115154,2.211844,-1.554369,0.0,0.0,-0.165980,2.663327,-1.729085,0.0,0.0,0.459566,1.043448,-0.885414,0.0,0.0,0.610709,1.616987,-1.284796,0.0,0.0,0.699016,2.112584,-1.466212,0.0,0.0,0.749292,2.550020,-1.591332,0.0,0.0,0.831173,0.958019,-0.881138,0.0,0.0,1.211628,1.442482,-1.248708,0.0,0.0,1.477466,1.724887,-1.434259,0.0,0.0,1.725737,2.025664,-1.555905,0.0,0.0
record2.mp4,e7f94d8ffdda6840c9b04703cf2b6166921cdbd5be69632bee01bf2c9ebea648,640,480,12.02,736,61.25,518,43166,Left,0.90989,0.000000,0.000000,0.000000,0.0,0.0,-0.629232,0.351596,-0.333317,0.0,0.0,-1.133714,0.778579,-0.622606,0.0,0.0,-1.521032,1.234097,-0.848859,0.0,0.0,-1.827173,1.628706,-1.087600,0.0,0.0,-0.548764,1.045575,-0.989150,0.0,0.0,-0.831092,1.707324,-1.401650,0.0,0.0,-0.997997,2.157981,-1.622942,0.0,0.0,-1.176852,2.600851,-1.772830,0.0,0.0,-0.000085,1.095640,-0.974161,0.0,0.0,-0.053624,1.766325,-1.445268,0.0,0.0,-0.076809,2.291341,-1.680880,0.0,0.0,-0.123861,2.757353,-1.866109,0.0,0.0,0.456294,1.059738,-0.942142,0.0,0.0,0.606509,1.638981,-1.361816,0.0,0.0,0.701539,2.140245,-1.557481,0.0,0.0,0.748735,2.584957,-1.692255,0.0,0.0,0.803620,0.976616,-0.916223,0.0,0.0,1.189057,1.477877,-1.304183,0.0,0.0,1.464140,1.784471,-1.509069,0.0,0.0,1.712670,2.114538,-1.645988,0.0,0.0
record2.mp4,e7f94d8ffdda6840c9b04703cf2b6166921cdbd5be69632bee01bf2c9ebea648,640,480,12.02,736,61.25,519,43250,Left,0.906717,0.000000,0.000000,0.000000,0.0,0.0,-0.580328,0.332764,-0.295141,0.0,0.0,-1.065438,0.728835,-0.568567,0.0,0.0,-1.463430,1.155173,-0.782254,0.0,0.0,-1.787957,1.490738,-1.011788,0.0,0.0,-0.543142,1.080109,-0.929397,0.0,0.0,-0.862300,1.735990,-1.307337,0.0,0.0,-1.023610,2.191140,-1.513344,0.0,0.0,-1.171942,2.611172,-1.655396,0.0,0.0,-0.031501,1.149338,-0.920500,0.0,0.0,-0.094222,1.837663,-1.344095,0.0,0.0,-0.113606,2.323912,-1.561578,0.0,0.0,-0.134732,2.743661,-1.734519,0.0,0.0,0.405120,1.111353,-0.890754,0.0,0.0,0.536966,1.704492,-1.273838,0.0,0.0,0.618170,2.166523,-1.465904,0.0,0.0,0.678836,2.553705,-1.601096,0.0,0.0,0.743260,1.010967,-0.862066,0.0,0.0,1.111392,1.501763,-1.222030,0.0,0.0,1.376163,1.799746,-1.415950,0.0,0.0,1.625368,2.108692,-1.545534,0.0,0.0
record2.mp4,e7f94d8ffdda6840c9b04703cf2b6166921cdbd5be69632bee01bf2c9ebea648,640,480,12.02,736,61.25,520,43333,Left,0.891242,0.000000,0.000000,0.000000,0.0,0.0,-0.598666,0.264748,-0.314919,0.0,0.0,-1.094486,0.614007,-0.593180,0.0,0.0,-1.497913,0.971091,-0.813564,0.0,0.0,-1.853705,1.226546,-1.047577,0.0,0.0,-0.547035,1.068835,-0.885479,0.0,0.0,-0.882268,1.678557,-1.250544,0.0,0.0,-1.048015,2.116127,-1.457130,0.0,0.0,-1.195723,2.520569,-1.601957,0.0,0.0,-0.035936,1.160545,-0.868114,0.0,0.0,-0.114592,1.804264,-1.269519,0.0,0.0,-0.140595,2.275545,-1.482347,0.0,0.0,-0.161098,2.692064,-1.650940,0.0,0.0,0.395674,1.134797,-0.835449,0.0,0.0,0.502672,1.717789,-1.204193,0.0,0.0,0.578073,2.161969,-1.396848,0.0,0.0,0.638419,2.543081,-1.530325,0.0,0.0,0.720316,1.033067,-0.807214,0.0,0.0,1.073773,1.496056,-1.154635,0.0,0.0,1.332170,1.767398,-1.341993,0.0,0.0,1.571379,2.052019,-1.463969,0.0,0.0
record2.mp4,e7f94d8ffdda6840c9b04703cf2b6166921cdbd5be69632bee01bf2c9ebea648,640,480,12.02,736,61.25,521,43416,Left,0.926447,0.000000,0.000000,0.000000,0.0,0.0,-0.594755,0.293616,-0.275858,0.0,0.0,-1.098251,0.686514,-0.525347,0.0,0.0,-1.489991,1.106221,-0.720435,0.0,0.0,-1.806266,1.438514,-0.928338,0.0,0.0,-0.553922,1.107889,-0.806221,0.0,0.0,-0.874256,1.709596,-1.141236,0.0,0.0,-1.040664,2.125902,-1.329537,0.0,0.0,-1.178765,2.484344,-1.457236,0.0,0.0,-0.052302,1.182897,-0.796154,0.0,0.0,-0.115287,1.862593,-1.128242,0.0,0.0,-0.146459,2.297777,-1.292285,0.0,0.0,-0.165680,2.646015,-1.427085,0.0,0.0,0.370232,1.142533,-0.774882,0.0,0.0,0.495741,1.730230,-1.088034,0.0,0.0,0.571267,2.148320,-1.250091,0.0,0.0,0.631597,2.489463,-1.369113,0.0,0.0,0.686692,1.026075,-0.756494,0.0,0.0,1.035082,1.458771,-1.060455,0.0,0.0,1.295505,1.715589,-1.219740,0.0,0.0,1.531246,1.972022,-1.323829,0.0,0.0
record2.mp4,e7f94d8ffdda6840c9b04703cf2b6166921cdbd5be69632bee01bf2c9ebea648,640,480,12.02,736,61.25,522,43500,Left,0.932274,0.000000,0.000000,0.000000,0.0,0.0,-0.589370,0.299366,-0.305296,0.0,0.0,-1.097359,0.708074,-0.569099,0.0,0.0,-1.479466,1.140629,-0.777510,0.0,0.0,-1.835930,1.471607,-0.998592,0.0,0.0,-0.533602,1.095186,-0.827483,0.0,0.0,-0.853387,1.714804,-1.155050,0.0,0.0,-1.005218,2.136288,-1.333310,0.0,0.0,-1.132524,2.510957,-1.459809,0.0,0.0,-0.024279,1.165439,-0.811088,0.0,0.0,-0.080598,1.824156,-1.162580,0.0,0.0,-0.102702,2.276171,-1.341181,0.0,0.0,-0.113545,2.656833,-1.486983,0.0,0.0,0.403009,1.126072,-0.783449,0.0,0.0,0.540578,1.707062,-1.116116,0.0,0.0,0.624544,2.135984,-1.288001,0.0,0.0,0.700178,2.503163,-1.412880,0.0,0.0,0.725783,1.022240,-0.761034,0.0,0.0,1.081245,1.465499,-1.081620,0.0,0.0,1.342980,1.712351,-1.251702,0.0,0.0,1.593757,1.964093,-1.363639,0.0,0.0
record2.mp4,e7f94d8ffdda6840c9b04703cf2b6166921cdbd5be69632bee01bf2c9ebea648,640,480,12.02,736,61.25,523,43583,Left,0.943559,0.000000,0.000000,0.000000,0.0,0.0,-0.599745,0.291640,-0.317084,0.0,0.0,-1.112657,0.690422,-0.602975,0.0,0.0,-1.511036,1.119721,-0.827919,0.0,0.0,-1.865677,1.457729,-1.066700,0.0,0.0,-0.537305,1.077469,-0.908390,0.0,0.0,-0.864678,1.727909,-1.262716,0.0,0.0,-1.027501,2.172236,-1.455510,0.0,0.0,-1.163573,2.564738,-1.588910,0.0,0.0,-0.019078,1.149801,-0.886565,0.0,0.0,-0.085458,1.848794,-1.254368,0.0,0.0,-0.109711,2.329360,-1.437729,0.0,0.0,-0.120815,2.733364,-1.589602,0.0,0.0,0.417108,1.114134,-0.849153,0.0,0.0,0.560362,1.732040,-1.186507,0.0,0.0,0.655144,2.188300,-1.359268,0.0,0.0,0.733088,2.572800,-1.487664,0.0,0.0,0.745523,1.011521,-0.816421,0.0,0.0,1.107276,1.480260,-1.137081,0.0,0.0,1.373347,1.745876,-1.306507,0.0,0.0,1.622851,2.010768,-1.420070,0.0,0.0
record2.mp4,e7f94d8ffdda6840c9b04703cf2b6166921cdbd5be69632bee01bf2c9ebea648,640,480,12.02,736,61.25,524,43666,Left,0.937082,0.000000,0.000000,0.000000,0.0,0.0,-0.617444,0.303397,-0.331446,0.0,0.0,-1.116797,0.732575,-0.620726,0.0,0.0,-1.506061,1.196684,-0.849142,0.0,0.0,-1.860063,1.569347,-1.091438,0.0,0.0,-0.539134,1.063183,-0.908407,0.0,0.0,-0.865345,1.720537,-1.270527,0.0,0.0,-1.038962,2.171318,-1.465094,0.0,0.0,-1.186631,2.571303,-1.599392,0.0,0.0,-0.012948,1.139546,-0.888013,0.0,0.0,-0.077262,1.847127,-1.263844,0.0,0.0,-0.102022,2.334591,-1.440801,0.0,0.0,-0.114375,2.748909,-1.587008,0.0,0.0,0.431420,1.103476,-0.856792,0.0,0.0,0.567148,1.737255,-1.209734,0.0,0.0,0.663162,2.196455,-1.375679,0.0,0.0,0.746383,2.590825,-1.496643,0.0,0.0,0.761107,1.001011,-0.832069,0.0,0.0,1.130820,1.474524,-1.167790,0.0,0.0,1.408013,1.739986,-1.337101,0.0,0.0,1.673342,2.004749,-1.449282,0.0,0.0
record2.mp4,e7f94d8ffdda6840c9b04703cf2b6166921cdbd5be69632bee01bf2c9ebea648,640,480,12.02,736,61.25,525,43750,Left,0.949789,0.000000,0.000000,0.000000,0.0,0.0,-0.595993,0.318939,-0.288486,0.0,0.0,-1.103749,0.741151,-0.561350,0.0,0.0,-1.491202,1.188374,-0.775028,0.0,0.0,-1.832031,1.534929,-1.002611,0.0,0.0,-0.534841,1.086421,-0.878381,0.0,0.0,-0.849975,1.727629,-1.227604,0.0,0.0,-1.009362,2.169194,-1.412328,0.0,0.0,-1.144110,2.535451,-1.537761,0.0,0.0,-0.015617,1.157564,-0.870879,0.0,0.0,-0.071556,1.897682,-1.225839,0.0,0.0,-0.098061,2.358007,-1.389894,0.0,0.0,-0.115352,2.710937,-1.525095,0.0,0.0,0.423639,1.108843,-0.847909,0.0,0.0,0.570351,1.753274,-1.183486,0.0,0.0,0.664471,2.193022,-1.349694,0.0,0.0,0.739048,2.541433,-1.471492,0.0,0.0,0.748964,0.987407,-0.825414,0.0,0.0,1.117762,1.456607,-1.150238,0.0,0.0,1.395120,1.722477,-1.319737,0.0,0.0,1.652106,1.979066,-1.431829,0.0,0.0
record2.mp4,e7f94d8ffdda6840c9b04703cf2b6166921cdbd5be69632bee01bf2c9ebea648,640,480,12.02,736,61.25,526,43833,Left,0.950918,0.000000,0.000000,0.000000,0.0,0.0,-0.592682,0.306339,-0.308056,0.0,0.0,-1.091257,0.708316,-0.591727,0.0,0.0,-1.478979,1.129069,-0.815828,0.0,0.0,-1.844178,1.451578,-1.055148,0.0,0.0,-0.525590,1.097703,-0.892925,0.0,0.0,-0.845661,1.738326,-1.252646,0.0,0.0,-1.016730,2.172179,-1.451863,0.0,0.0,-1.158431,2.537848,-1.587657,0.0,0.0,-0.017197,1.171503,-0.878927,0.0,0.0,-0.082045,1.887772,-1.244056,0.0,0.0,-0.108110,2.351584,-1.425009,0.0,0.0,-0.118957,2.720079,-1.573320,0.0,0.0,0.409950,1.123799,-0.849875,0.0,0.0,0.549081,1.748193,-1.189856,0.0,0.0,0.648497,2.192854,-1.361303,0.0,0.0,0.735550,2.554802,-1.486505,0.0,0.0,0.735650,1.002304,-0.824149,0.0,0.0,1.097902,1.466559,-1.147788,0.0,0.0,1.362218,1.728974,-1.314607,0.0,0.0,1.613591,1.982686,-1.425121,0.0,0.0
record2.mp4,e7f94d8ffdda6840c9b04703cf2b6166921cdbd5be69632bee01bf2c9ebea648,640,480,12.02,736,61.25,527,43916,Left,0.954327,0.000000,0.000000,0.000000,0.0,0.0,-0.605124,0.323941,-0.302729,0.0,0.0,-1.095848,0.754331,-0.574634,0.0,0.0,-1.486664,1.203475,-0.787454,0.0,0.0,-1.829645,1.561767,-1.012842,0.0,0.0,-0.517944,1.105712,-0.862560,0.0,0.0,-0.841080,1.731440,-1.207380,0.0,0.0,-1.008820,2.157059,-1.390759,0.0,0.0,-1.154477,2.518279,-1.514699,0.0,0.0,-0.005072,1.171035,-0.843618,0.0,0.0,-0.063597,1.871776,-1.205766,0.0,0.0,-0.086338,2.341917,-1.378677,0.0,0.0,-0.106187,2.712284,-1.520083,0.0,0.0,0.421653,1.119430,-0.810582,0.0,0.0,0.567610,1.727899,-1.143423,0.0,0.0,0.676386,2.171473,-1.304261,0.0,0.0,0.755900,2.533868,-1.421493,0.0,0.0,0.740239,0.997992,-0.781224,0.0,0.0,1.107727,1.447207,-1.097358,0.0,0.0,1.378612,1.711035,-1.260590,0.0,0.0,1.628569,1.972549,-1.367927,0.0,0.0
record2.mp4,e7f94d8ffdda6840c9b04703cf2b6166921cdbd5be69632bee01bf2c9ebea648,640,480,12.02,736,61.25,528,44000,Left,0.954825,0.000000,0.000000,0.000000,0.0,0.0,-0.595772,0.333867,-0.298502,0.0,0.0,-1.081709,0.779121,-0.568662,0.0,0.0,-1.450960,1.239957,-0.781406,0.0,0.0,-1.809729,1.583198,-1.008153,0.0,0.0,-0.535883,1.111711,-0.853990,0.0,0.0,-0.834051,1.744909,-1.190924,0.0,0.0,-0.989819,2.165915,-1.366947,0.0,0.0,-1.131368,2.524113,-1.488506,0.0,0.0,-0.029746,1.175147,-0.840392,0.0,0.0,-0.075323,1.864572,-1.198438,0.0,0.0,-0.090157,2.331467,-1.369818,0.0,0.0,-0.105073,2.707809,-1.510033,0.0,0.0,0.397461,1.122920,-0.813458,0.0,0.0,0.543139,1.734265,-1.152950,0.0,0.0,0.652170,2.176380,-1.323535,0.0,0.0,0.737570,2.539623,-1.446108,0.0,0.0,0.719864,1.002651,-0.788756,0.0,0.0,1.079133,1.461341,-1.115387,0.0,0.0,1.350209,1.724252,-1.289964,0.0,0.0,1.602715,1.980072,-1.405293,0.0,0.0
record2.mp4,e7f94d8ffdda6840c9b04703cf2b6166921cdbd5be69632bee01bf2c9ebea648,640,480,12.02,736,61.25,529,44083,Left,0.93228,0.000000,0.000000,0.000000,0.0,0.0,-0.625991,0.301967,-0.334475,0.0,0.0,-1.167673,0.738256,-0.614362,0.0,0.0,-1.582112,1.192848,-0.832590,0.0,0.0,-1.953728,1.531434,-1.067259,0.0,0.0,-0.555602,1.051307,-0.909990,0.0,0.0,-0.873667,1.724117,-1.267560,0.0,0.0,-1.040297,2.192854,-1.462698,0.0,0.0,-1.185083,2.620070,-1.599044,0.0,0.0,-0.024644,1.129205,-0.887327,0.0,0.0,-0.082441,1.847117,-1.265356,0.0,0.0,-0.105354,2.354251,-1.451918,0.0,0.0,-0.115074,2.792350,-1.604397,0.0,0.0,0.422873,1.096928,-0.851826,0.0,0.0,0.575811,1.738718,-1.205596,0.0,0.0,0.684955,2.208334,-1.379744,0.0,0.0,0.784196,2.612691,-1.504279,0.0,0.0,0.760510,1.001420,-0.823960,0.0,0.0,1.132331,1.495436,-1.160325,0.0,0.0,1.410777,1.774962,-1.333522,0.0,0.0,1.678753,2.053572,-1.447928,0.0,0.0
record2.mp4,e7f94d8ffdda6840c9b04703cf2b6166921cdbd5be69632bee01bf2c9ebea648,640,480,12.02,736,61.25,530,44166,Left,0.946579,0.000000,0.000000,0.000000,0.0,0.0,-0.626813,0.303486,-0.305656,0.0,0.0,-1.154215,0.708852,-0.585390,0.0,0.0,-1.571774,1.144514,-0.808669,0.0,0.0,-1.952676,1.466228,-1.047766,0.0,0.0,-0.572558,1.059071,-0.885650,0.0,0.0,-0.898070,1.728445,-1.232255,0.0,0.0,-1.052720,2.192127,-1.413619,0.0,0.0,-1.174964,2.590180,-1.537817,0.0,0.0,-0.037632,1.137123,-0.874226,0.0,0.0,-0.091936,1.868086,-1.232908,0.0,0.0,-0.109306,2.354989,-1.395874,0.0,0.0,-0.109332,2.746194,-1.529850,0.0,0.0,0.410764,1.097606,-0.848559,0.0,0.0,0.564810,1.733901,-1.181528,0.0,0.0,0.671397,2.188948,-1.337184,0.0,0.0,0.766114,2.563340,-1.451197,0.0,0.0,0.742324,0.990867,-0.827988,0.0,0.0,1.120696,1.464330,-1.146699,0.0,0.0,1.401807,1.739906,-1.306120,0.0,0.0,1.666142,2.010463,-1.410404,0.0,0.0
record2.mp4,e7f94d8ffdda6840c9b04703cf2b6166921cdbd5be69632bee01bf2c9ebea648,640,480,12.02,736,61.25,531,44250,Left,0.946173,0.000000,0.000000,0.000000,0.0,0.0,-0.598663,0.317181,-0.301099,0.0,0.0,-1.091559,0.743248,-0.574126,0.0,0.0,-1.480384,1.197578,-0.791502,0.0,0.0,-1.853388,1.540584,-1.022441,0.0,0.0,-0.541026,1.087569,-0.848395,0.0,0.0,-0.868488,1.723885,-1.185776,0.0,0.0,-1.032900,2.157771,-1.361834,0.0,0.0,-1.167025,2.522003,-1.482820,0.0,0.0,-0.025567,1.164408,-0.837581,0.0,0.0,-0.075406,1.872802,-1.189493,0.0,0.0,-0.098947,2.336752,-1.349241,0.0,0.0,-0.110190,2.698131,-1.479666,0.0,0.0,0.407061,1.118100,-0.815438,0.0,0.0,0.560391,1.721295,-1.147110,0.0,0.0,0.656019,2.165112,-1.301760,0.0,0.0,0.738465,2.528280,-1.414516,0.0,0.0,0.733117,1.001506,-0.797842,0.0,0.0,1.099019,1.453119,-1.115226,0.0,0.0,1.363647,1.718195,-1.274744,0.0,0.0,1.615379,1.976171,-1.379368,0.0,0.0
record2.mp4,e7f94d8ffdda6840c9b04703cf2b6166921cdbd5be69632bee01bf2c9ebea648,640,480,12.02,736,61.25,532,44333,Left,0.937598,0.000000,0.000000,0.000000,0.0,0.0,-0.603213,0.308925,-0.319714,0.0,0.0,-1.114305,0.734919,-0.594466,0.0,0.0,-1.511891,1.166931,-0.812231,0.0,0.0,-1.900985,1.460193,-1.045287,0.0,0.0,-0.540764,1.084130,-0.854902,0.0,0.0,-0.852646,1.714894,-1.195735,0.0,0.0,-1.013205,2.150248,-1.384391,0.0,0.0,-1.150112,2.536001,-1.517441,0.0,0.0,-0.022794,1.154836,-0.836929,0.0,0.0,-0.073399,1.837124,-1.196535,0.0,0.0,-0.091839,2.312453,-1.376761,0.0,0.0,-0.100538,2.712707,-1.523954,0.0,0.0,0.413963,1.109597,-0.808255,0.0,0.0,0.567006,1.716959,-1.146163,0.0,0.0,0.674584,2.164688,-1.319510,0.0,0.0,0.768640,2.543825,-1.444179,0.0,0.0,0.745468,0.993917,-0.786658,0.0,0.0,1.106825,1.452505,-1.107216,0.0,0.0,1.377636,1.714435,-1.276883,0.0,0.0,1.636555,1.975683,-1.389659,0.0,0.0
record2.mp4,e7f94d8ffdda6840c9b04703cf2b6166921cdbd5be69632bee01bf2c9ebea648,640,480,12.02,736,61.25,533,44416,Left,0.935178,0.000000,0.000000,0.000000,0.0,0.0,-0.610523,0.307190,-0.316346,0.0,0.0,-1.138426,0.730202,-0.590590,0.0,0.0,-1.549538,1.164883,-0.808060,0.0,0.0,-1.924842,1.470234,-1.041462,0.0,0.0,-0.546055,1.078140,-0.865171,0.0,0.0,-0.864435,1.716988,-1.211330,0.0,0.0,-1.025868,2.163730,-1.402480,0.0,0.0,-1.165005,2.568371,-1.536510,0.0,0.0,-0.026849,1.153280,-0.848420,0.0,0.0,-0.086242,1.847561,-1.213183,0.0,0.0,-0.103587,2.335377,-1.391052,0.0,0.0,-0.109779,2.752674,-1.535907,0.0,0.0,0.410114,1.112665,-0.819661,0.0,0.0,0.560767,1.732483,-1.157403,0.0,0.0,0.674908,2.187543,-1.320813,0.0,0.0,0.774722,2.579757,-1.438274,0.0,0.0,0.740267,1.002594,-0.798242,0.0,0.0,1.101866,1.469071,-1.118799,0.0,0.0,1.367661,1.737746,-1.281969,0.0,0.0,1.621812,2.009873,-1.389044,0.0,0.0
record2.mp4,e7f94d8ffdda6840c9b04703cf2b6166921cdbd5be69632bee01bf2c9ebea648,640,480,12.02,736,61.25,534,44500,Left,0.934489,0.000000,0.000000,0.000000,0.0,0.0,-0.611733,0.306364,-0.326092,0.0,0.0,-1.137213,0.742956,-0.604956,0.0,0.0,-1.559924,1.197418,-0.826658,0.0,0.0,-1.956101,1.520085,-1.064546,0.0,0.0,-0.549222,1.069356,-0.872584,0.0,0.0,-0.876868,1.717681,-1.223000,0.0,0.0,-1.042631,2.175540,-1.417164,0.0,0.0,-1.182177,2.595024,-1.554719,0.0,0.0,-0.030291,1.146688,-0.853645,0.0,0.0,-0.091937,1.838595,-1.222660,0.0,0.0,-0.112648,2.331759,-1.402241,0.0,0.0,-0.118740,2.764594,-1.549808,0.0,0.0,0.409421,1.111247,-0.824299,0.0,0.0,0.559813,1.733194,-1.170628,0.0,0.0,0.672806,2.192467,-1.336051,0.0,0.0,0.776287,2.594913,-1.454648,0.0,0.0,0.743356,1.008779,-0.803355,0.0,0.0,1.106327,1.486634,-1.130781,0.0,0.0,1.377805,1.759058,-1.296047,0.0,0.0,1.639341,2.032280,-1.405016,0.0,0.0
record2.mp4,e7f94d8ffdda6840c9b04703cf2b6166921cdbd5be69632bee01bf2c9ebea648,640,480,12.02,736,61.25,535,44583,Left,0.931504,0.000000,0.000000,0.000000,0.0,0.0,-0.611196,0.293601,-0.308320,0.0,0.0,-1.119117,0.688282,-0.586848,0.0,0.0,-1.528179,1.098084,-0.814141,0.0,0.0,-1.931948,1.373873,-1.057351,0.0,0.0,-0.554454,1.064499,-0.845444,0.0,0.0,-0.867187,1.709626,-1.192672,0.0,0.0,-1.025121,2.160830,-1.384975,0.0,0.0,-1.155685,2.557996,-1.518883,0.0,0.0,-0.030036,1.141352,-0.836469,0.0,0.0,-0.088744,1.836446,-1.199810,0.0,0.0,-0.108816,2.318580,-1.377213,0.0,0.0,-0.113417,2.726466,-1.520853,0.0,0.0,0.415232,1.101558,-0.816540,0.0,0.0,0.564289,1.721991,-1.154833,0.0,0.0,0.674875,2.170096,-1.317694,0.0,0.0,0.773530,2.552181,-1.433826,0.0,0.0,0.751786,0.993958,-0.803673,0.0,0.0,1.117080,1.462466,-1.122590,0.0,0.0,1.390530,1.733705,-1.283507,0.0,0.0,1.652064,2.007561,-1.388582,0.0,0.0
record2.mp4,e7f94d8ffdda6840c9b04703cf2b6166921cdbd5be69632bee01bf2c9ebea648,640,480,12.02,736,61.25,536,44666,Left,0.950828,0.000000,0.000000,0.000000,0.0,0.0,-0.617742,0.307051,-0.313523,0.0,0.0,-1.127549,0.749905,-0.583897,0.0,0.0,-1.534481,1.216671,-0.794056,0.0,0.0,-1.912564,1.568507,-1.018723,0.0,0.0,-0.550189,1.068912,-0.866358,0.0,0.0,-0.878867,1.721414,-1.202690,0.0,0.0,-1.038610,2.172799,-1.380014,0.0,0.0,-1.170636,2.571280,-1.504218,0.0,0.0,-0.026325,1.150418,-0.845868,0.0,0.0,-0.091977,1.866519,-1.193232,0.0,0.0,-0.115092,2.349414,-1.353946,0.0,0.0,-0.120674,2.747326,-1.488690,0.0,0.0,0.414571,1.111659,-0.813313,0.0,0.0,0.561988,1.739046,-1.141752,0.0,0.0,0.667741,2.189380,-1.298679,0.0,0.0,0.763633,2.567106,-1.414671,0.0,0.0,0.742030,1.000644,-0.786473,0.0,0.0,1.108913,1.466811,-1.103202,0.0,0.0,1.380201,1.736196,-1.264408,0.0,0.0,1.640394,2.000666,-1.371603,0.0,0.0
record2.mp4,e7f94d8ffdda6840c9b04703cf2b6166921cdbd5be69632bee01bf2c9ebea648,640,480,12.02,736,61.25,537,44750,Left,0.945741,0.000000,0.000000,0.000000,0.0,0.0,-0.618884,0.308117,-0.327965,0.0,0.0,-1.129640,0.751879,-0.608908,0.0,0.0,-1.531350,1.213422,-0.827739,0.0,0.0,-1.916175,1.552458,-1.061178,0.0,0.0,-0.555320,1.069368,-0.893721,0.0,0.0,-0.876146,1.712862,-1.238376,0.0,0.0,-1.033591,2.158494,-1.419776,0.0,0.0,-1.166486,2.551278,-1.546892,0.0,0.0,-0.029008,1.151133,-0.870337,0.0,0.0,-0.092715,1.853714,-1.231516,0.0,0.0,-0.113744,2.336426,-1.398331,0.0,0.0,-0.120457,2.732816,-1.536194,0.0,0.0,0.411797,1.110410,-0.834846,0.0,0.0,0.557423,1.733376,-1.174062,0.0,0.0,0.665915,2.181080,-1.335585,0.0,0.0,0.762031,2.556013,-1.453363,0.0,0.0,0.739292,0.995731,-0.806068,0.0,0.0,1.099905,1.455201,-1.129268,0.0,0.0,1.369163,1.721493,-1.295816,0.0,0.0,1.626779,1.982641,-1.406647,0.0,0.0
record2.mp4,e7f94d8ffdda6840c9b04703cf2b6166921cdbd5be69632bee01bf2c9ebea648,640,480,12.02,736,61.25,538,44833,Left,0.947342,0.000000,0.000000,0.000000,0.0,0.0,-0.596317,0.307290,-0.292035,0.0,0.0,-1.103498,0.715707,-0.566068,0.0,0.0,-1.509065,1.131637,-0.788707,0.0,0.0,-1.903458,1.413559,-1.028824,0.0,0.0,-0.558876,1.081059,-0.852455,0.0,0.0,-0.869813,1.720568,-1.196579,0.0,0.0,-1.024882,2.159643,-1.386115,0.0,0.0,-1.155786,2.550307,-1.519443,0.0,0.0,-0.043837,1.151027,-0.849023,0.0,0.0,-0.098993,1.842861,-1.208743,0.0,0.0,-0.114227,2.316186,-1.387034,0.0,0.0,-0.117597,2.713152,-1.533467,0.0,0.0,0.398924,1.104830,-0.831383,0.0,0.0,0.551639,1.729763,-1.165328,0.0,0.0,0.660812,2.181540,-1.334113,0.0,0.0,0.756312,2.560333,-1.457006,0.0,0.0,0.738571,0.988895,-0.817662,0.0,0.0,1.097041,1.458548,-1.133179,0.0,0.0,1.360846,1.725085,-1.296386,0.0,0.0,1.614072,1.988160,-1.404767,0.0,0.0
record2.mp4,e7f94d8ffdda6840c9b04703cf2b6166921cdbd5be69632bee01bf2c9ebea648,640,480,12.02,736,61.25,539,44916,Left,0.953272,0.000000,0.000000,0.000000,0.0,0.0,-0.601796,0.315485,-0.318063,0.0,0.0,-1.094035,0.720056,-0.614201,0.0,0.0,-1.498665,1.133349,-0.850665,0.0,0.0,-1.899048,1.419146,-1.104183,0.0,0.0,-0.551619,1.075093,-0.931876,0.0,0.0,-0.871169,1.753038,-1.297947,0.0,0.0,-1.036824,2.222718,-1.493015,0.0,0.0,-1.172971,2.628485,-1.627590,0.0,0.0,-0.032691,1.153306,-0.917280,0.0,0.0,-0.094880,1.890533,-1.303726,0.0,0.0,-0.121783,2.386799,-1.487311,0.0,0.0,-0.134188,2.787109,-1.634430,0.0,0.0,0.404844,1.116358,-0.885698,0.0,0.0,0.559861,1.769077,-1.237988,0.0,0.0,0.668433,2.241052,-1.411510,0.0,0.0,0.764471,2.625707,-1.536539,0.0,0.0,0.731821,1.012969,-0.858582,0.0,0.0,1.097646,1.499400,-1.190973,0.0,0.0,1.364562,1.776584,-1.364148,0.0,0.0,1.622942,2.044285,-1.478789,0.0,0.0
record2.mp4,e7f94d8ffdda6840c9b04703cf2b6166921cdbd5be69632bee01bf2c9ebea648,640,480,12.02,736,61.25,540,45000,Left,0.946022,0.000000,0.000000,0.000000,0.0,0.0,-0.610280,0.317515,-0.308109,0.0,0.0,-1.124796,0.752484,-0.581095,0.0,0.0,-1.515629,1.205582,-0.793447,0.0,0.0,-1.863858,1.551751,-1.020996,0.0,0.0,-0.559256,1.090023,-0.897398,0.0,0.0,-0.863645,1.738039,-1.253737,0.0,0.0,-1.015972,2.185261,-1.446544,0.0,0.0,-1.152674,2.596096,-1.581006,0.0,0.0,-0.041100,1.150506,-0.880140,0.0,0.0,-0.090196,1.837682,-1.268268,0.0,0.0,-0.107848,2.324179,-1.463536,0.0,0.0,-0.120809,2.745926,-1.619659,0.0,0.0,0.395422,1.108773,-0.845788,0.0,0.0,0.539954,1.727025,-1.204988,0.0,0.0,0.641275,2.193545,-1.384812,0.0,0.0,0.728119,2.595630,-1.511164,0.0,0.0,0.726252,1.008718,-0.814457,0.0,0.0,1.081394,1.490396,-1.155205,0.0,0.0,1.346855,1.765157,-1.333823,0.0,0.0,1.601794,2.044370,-1.449440,0.0,0.0
record2.mp4,e7f94d8ffdda6840c9b04703cf2b6166921cdbd5be69632bee01bf2c9ebea648,640,480,12.02,736,61.25,541,45083,Left,0.936171,0.000000,0.000000,0.000000,0.0,0.0,-0.616106,0.311915,-0.326436,0.0,0.0,-1.128688,0.745893,-0.608309,0.0,0.0,-1.528435,1.201096,-0.830412,0.0,0.0,-1.907734,1.538661,-1.067900,0.0,0.0,-0.553842,1.055601,-0.899687,0.0,0.0,-0.853472,1.706621,-1.264718,0.0,0.0,-1.011867,2.165237,-1.467566,0.0,0.0,-1.160058,2.598829,-1.611429,0.0,0.0,-0.022969,1.130322,-0.880487,0.0,0.0,-0.081259,1.804202,-1.279939,0.0,0.0,-0.100786,2.303361,-1.485544,0.0,0.0,-0.117302,2.753868,-1.651609,0.0,0.0,0.422681,1.097640,-0.846492,0.0,0.0,0.570931,1.710088,-1.212876,0.0,0.0,0.684863,2.185433,-1.391079,0.0,0.0,0.780359,2.606241,-1.518254,0.0,0.0,0.759320,1.001966,-0.819309,0.0,0.0,1.124351,1.478854,-1.159949,0.0,0.0,1.391261,1.750229,-1.333988,0.0,0.0,1.650892,2.032650,-1.448915,0.0,0.0
record2.mp4,e7f94d8ffdda6840c9b04703cf2b6166921cdbd5be69632bee01bf2c9ebea648,640,480,12.02,736,61.25,542,45166,Left,0.93904,0.000000,0.000000,0.000000,0.0,0.0,-0.593322,0.315693,-0.332260,0.0,0.0,-1.078754,0.727584,-0.634198,0.0,0.0,-1.474791,1.162948,-0.868171,0.0,0.0,-1.857118,1.476032,-1.118258,0.0,0.0,-0.543502,1.065604,-1.001536,0.0,0.0,-0.855577,1.743889,-1.397178,0.0,0.0,-1.026419,2.213562,-1.607654,0.0,0.0,-1.179964,2.636108,-1.750819,0.0,0.0,-0.018328,1.136552,-0.978173,0.0,0.0,-0.076062,1.850493,-1.417497,0.0,0.0,-0.097748,2.358742,-1.635317,0.0,0.0,-0.111544,2.797583,-1.805630,0.0,0.0,0.420221,1.110209,-0.933374,0.0,0.0,0.560378,1.745053,-1.327990,0.0,0.0,0.662892,2.227709,-1.523419,0.0,0.0,0.751234,2.632588,-1.658393,0.0,0.0,0.747548,1.025933,-0.891404,0.0,0.0,1.118487,1.537961,-1.256568,0.0,0.0,1.388870,1.830281,-1.451244,0.0,0.0,1.651623,2.125819,-1.579085,0.0,0.0
record2.mp4,e7f94d8ffdda6840c9b04703cf2b6166921cdbd5be69632bee01bf2c9ebea648,640,480,12.02,736,61.25,543,45250,Left,0.946432,0.000000,0.000000,0.000000,0.0,0.0,-0.594795,0.327489,-0.308015,0.0,0.0,-1.088628,0.729240,-0.589211,0.0,0.0,-1.486832,1.147738,-0.802387,0.0,0.0,-1.848001,1.442388,-1.028339,0.0,0.0,-0.539049,1.065834,-0.983312,0.0,0.0,-0.861465,1.755622,-1.379933,0.0,0.0,-1.028061,2.239855,-1.592041,0.0,0.0,-1.185863,2.669170,-1.733051,0.0,0.0,-0.013903,1.130435,-0.958744,0.0,0.0,-0.078260,1.848595,-1.404474,0.0,0.0,-0.100692,2.374186,-1.629839,0.0,0.0,-0.118515,2.816529,-1.803019,0.0,0.0,0.423660,1.111394,-0.908873,0.0,0.0,0.553118,1.757943,-1.303449,0.0,0.0,0.641208,2.241651,-1.501906,0.0,0.0,0.710857,2.638554,-1.636041,0.0,0.0,0.747040,1.042565,-0.859186,0.0,0.0,1.114671,1.558624,-1.229109,0.0,0.0,1.385763,1.847290,-1.430176,0.0,0.0,1.643136,2.138860,-1.558696,0.0,0.0
record2.mp4,e7f94d8ffdda6840c9b04703cf2b6166921cdbd5be69632bee01bf2c9ebea648,640,480,12.02,736,61.25,544,45333,Left,0.936908,0.000000,0.000000,0.000000,0.0,0.0,-0.604979,0.334377,-0.307115,0.0,0.0,-1.092567,0.774435,-0.579997,0.0,0.0,-1.483690,1.263726,-0.791019,0.0,0.0,-1.850904,1.626425,-1.016084,0.0,0.0,-0.556573,1.063899,-0.905095,0.0,0.0,-0.866316,1.702241,-1.274541,0.0,0.0,-1.021794,2.160851,-1.468932,0.0,0.0,-1.168103,2.578224,-1.602518,0.0,0.0,-0.031281,1.142346,-0.887385,0.0,0.0,-0.093950,1.823502,-1.304146,0.0,0.0,-0.109889,2.322759,-1.505860,0.0,0.0,-0.126731,2.748670,-1.665650,0.0,0.0,0.411145,1.107885,-0.852574,0.0,0.0,0.539480,1.699876,-1.235803,0.0,0.0,0.639400,2.168354,-1.417845,0.0,0.0,0.718907,2.557172,-1.543057,0.0,0.0,0.743273,1.005297,-0.820291,0.0,0.0,1.118515,1.484119,-1.180600,0.0,0.0,1.391330,1.770004,-1.372489,0.0,0.0,1.653660,2.067352,-1.497738,0.0,0.0
record2.mp4,e7f94d8ffdda6840c9b04703cf2b6166921cdbd5be69632bee01bf2c9ebea648,640,480,12.02,736,61.25,545,45416,Left,0.95174,0.000000,0.000000,0.000000,0.0,0.0,-0.586080,0.337807,-0.317707,0.0,0.0,-1.052715,0.801075,-0.596336,0.0,0.0,-1.439494,1.277158,-0.815716,0.0,0.0,-1.822954,1.643483,-1.052742,0.0,0.0,-0.535201,1.060507,-0.918155,0.0,0.0,-0.834939,1.720077,-1.283023,0.0,0.0,-0.997998,2.163890,-1.471114,0.0,0.0,-1.165186,2.575193,-1.604447,0.0,0.0,-0.015335,1.125284,-0.904947,0.0,0.0,-0.066909,1.761421,-1.305319,0.0,0.0,-0.100289,2.236174,-1.485437,0.0,0.0,-0.149112,2.652325,-1.633461,0.0,0.0,0.438710,1.081646,-0.879960,0.0,0.0,0.567950,1.690978,-1.254386,0.0,0.0,0.645554,2.169012,-1.425157,0.0,0.0,0.692930,2.589715,-1.548091,0.0,0.0,0.792077,0.971276,-0.860092,0.0,0.0,1.149049,1.460514,-1.221480,0.0,0.0,1.415058,1.740927,-1.411054,0.0,0.0,1.665865,2.026819,-1.537454,0.0,0.0
record2.mp4,e7f94d8ffdda6840c9b04703cf2b6166921cdbd5be69632bee01bf2c9ebea648,640,480,12.02,736,61.25,546,45500,Left,0.925241,0.000000,0.000000,0.000000,0.0,0.0,-0.586713,0.338697,-0.330541,0.0,0.0,-1.087917,0.836350,-0.627007,0.0,0.0,-1.496753,1.340037,-0.864470,0.0,0.0,-1.899475,1.706032,-1.122978,0.0,0.0,-0.546641,1.027270,-0.993629,0.0,0.0,-0.850525,1.725758,-1.379591,0.0,0.0,-1.027918,2.189647,-1.572436,0.0,0.0,-1.208971,2.635181,-1.711080,0.0,0.0,-0.005655,1.078273,-0.984832,0.0,0.0,-0.086144,1.681104,-1.398626,0.0,0.0,-0.136530,2.138079,-1.565217,0.0,0.0,-0.204975,2.552855,-1.709146,0.0,0.0,0.466934,1.049012,-0.966559,0.0,0.0,0.604336,1.667873,-1.365665,0.0,0.0,0.704984,2.178801,-1.540948,0.0,0.0,0.771979,2.626621,-1.670008,0.0,0.0,0.828105,0.963153,-0.953861,0.0,0.0,1.206070,1.496662,-1.330887,0.0,0.0,1.509641,1.810562,-1.530900,0.0,0.0,1.785749,2.122135,-1.670833,0.0,0.0
record2.mp4,e7f94d8ffdda6840c9b04703cf2b6166921cdbd5be69632bee01bf2c9ebea648,640,480,12.02,736,61.25,547,45583,Left,0.941962,0.000000,0.000000,0.000000,0.0,0.0,-0.604862,0.363949,-0.322612,0.0,0.0,-1.105619,0.850509,-0.635141,0.0,0.0,-1.524362,1.361435,-0.886611,0.0,0.0,-1.939504,1.733708,-1.161770,0.0,0.0,-0.572308,1.003500,-1.043145,0.0,0.0,-0.903216,1.685475,-1.466913,0.0,0.0,-1.094733,2.158725,-1.676979,0.0,0.0,-1.283175,2.594972,-1.820543,0.0,0.0,-0.033030,1.042691,-1.045555,0.0,0.0,-0.196581,1.684647,-1.481268,0.0,0.0,-0.340602,2.159684,-1.644770,0.0,0.0,-0.484303,2.577500,-1.784457,0.0,0.0,0.461890,1.016624,-1.039228,0.0,0.0,0.594220,1.668181,-1.462136,0.0,0.0,0.670310,2.223421,-1.651097,0.0,0.0,0.708146,2.707715,-1.788125,0.0,0.0,0.850198,0.941035,-1.034684,0.0,0.0,1.226834,1.495280,-1.430889,0.0,0.0,1.517578,1.835848,-1.642899,0.0,0.0,1.776715,2.174288,-1.792533,0.0,0.0
record2.mp4,e7f94d8ffdda6840c9b04703cf2b6166921cdbd5be69632bee01bf2c9ebea648,640,480,12.02,736,61.25,548,45666,Left,0.964455,0.000000,0.000000,0.000000,0.0,0.0,-0.577942,0.408241,-0.246725,0.0,0.0,-1.040350,0.883587,-0.540409,0.0,0.0,-1.437511,1.379932,-0.779088,0.0,0.0,-1.843505,1.732853,-1.040612,0.0,0.0,-0.577371,1.060125,-0.995791,0.0,0.0,-0.901160,1.703134,-1.410097,0.0,0.0,-1.110857,2.161982,-1.607592,0.0,0.0,-1.311062,2.557108,-1.735782,0.0,0.0,-0.061165,1.089117,-1.020603,0.0,0.0,-0.265007,1.694060,-1.451351,0.0,0.0,-0.474746,2.110860,-1.593850,0.0,0.0,-0.674281,2.426321,-1.706131,0.0,0.0,0.418261,1.047993,-1.029599,0.0,0.0,0.557198,1.666447,-1.459790,0.0,0.0,0.625725,2.211060,-1.645060,0.0,0.0,0.659421,2.673534,-1.768691,0.0,0.0,0.790157,0.965527,-1.028049,0.0,0.0,1.163897,1.515690,-1.428510,0.0,0.0,1.457286,1.848612,-1.633377,0.0,0.0,1.718160,2.184104,-1.769431,0.0,0.0
record2.mp4,e7f94d8ffdda6840c9b04703cf2b6166921cdbd5be69632bee01bf2c9ebea648,640,480,12.02,736,61.25,549,45750,Left,0.980199,0.000000,0.000000,0.000000,0.0,0.0,-0.616887,0.427728,-0.245247,0.0,0.0,-1.092487,0.925721,-0.535143,0.0,0.0,-1.526663,1.441319,-0.769507,0.0,0.0,-1.923889,1.825648,-1.020130,0.0,0.0,-0.583819,1.012642,-0.968108,0.0,0.0,-0.944268,1.691691,-1.379834,0.0,0.0,-1.168445,2.152593,-1.576805,0.0,0.0,-1.372404,2.559844,-1.695119,0.0,0.0,-0.056793,1.065369,-0.996218,0.0,0.0,-0.199058,1.929955,-1.446746,0.0,0.0,-0.349239,2.551072,-1.635926,0.0,0.0,-0.471107,3.074721,-1.777383,0.0,0.0,0.427511,1.038674,-1.001350,0.0,0.0,0.613199,1.752155,-1.415192,0.0,0.0,0.693303,2.335248,-1.603112,0.0,0.0,0.745628,2.810235,-1.721854,0.0,0.0,0.810035,0.984385,-0.998344,0.0,0.0,1.209627,1.568978,-1.366483,0.0,0.0,1.494955,1.930215,-1.553234,0.0,0.0,1.763311,2.281103,-1.674756,0.0,0.0
record2.mp4,e7f94d8ffdda6840c9b04703cf2b6166921cdbd5be69632bee01bf2c9ebea648,640,480,12.02,736,61.25,550,45833,Left,0.953766,0.000000,0.000000,0.000000,0.0,0.0,-0.601604,0.386754,-0.292187,0.0,0.0,-1.096428,0.883823,-0.568291,0.0,0.0,-1.516233,1.392884,-0.787886,0.0,0.0,-1.904258,1.759105,-1.025304,0.0,0.0,-0.575192,1.013838,-0.944599,0.0,0.0,-0.949150,1.651675,-1.341611,0.0,0.0,-1.171274,2.084345,-1.549389,0.0,0.0,-1.383664,2.492613,-1.683798,0.0,0.0,-0.048711,1.057168,-0.945469,0.0,0.0,-0.139075,1.786664,-1.394968,0.0,0.0,-0.181484,2.373245,-1.622932,0.0,0.0,-0.209427,2.889546,-1.803308,0.0,0.0,0.420738,1.042595,-0.927013,0.0,0.0,0.554624,1.681199,-1.347646,0.0,0.0,0.659345,2.218607,-1.562209,0.0,0.0,0.751882,2.676048,-1.701864,0.0,0.0,0.814916,1.001986,-0.906265,0.0,0.0,1.181617,1.564456,-1.283780,0.0,0.0,1.462125,1.891954,-1.486145,0.0,0.0,1.738900,2.208524,-1.619851,0.0,0.0
record2.mp4,e7f94d8ffdda6840c9b04703cf2b6166921cdbd5be69632bee01bf2c9ebea648,640,480,12.02,736,61.25,551,45916,Left,0.966103,0.000000,0.000000,0.000000,0.0,0.0,-0.579645,0.425672,-0.276971,0.0,0.0,-1.044839,0.896983,-0.568024,0.0,0.0,-1.462108,1.390907,-0.797860,0.0,0.0,-1.862100,1.750834,-1.042471,0.0,0.0,-0.569617,1.083537,-0.976572,0.0,0.0,-0.879291,1.770191,-1.396560,0.0,0.0,-1.002187,2.281318,-1.623316,0.0,0.0,-1.128952,2.745904,-1.775438,0.0,0.0,-0.046517,1.092336,-0.982020,0.0,0.0,-0.123021,1.795057,-1.461189,0.0,0.0,-0.143230,2.382929,-1.697438,0.0,0.0,-0.165668,2.901563,-1.878500,0.0,0.0,0.420598,1.041021,-0.961890,0.0,0.0,0.569862,1.709572,-1.385876,0.0,0.0,0.675680,2.268526,-1.584824,0.0,0.0,0.740397,2.750783,-1.717545,0.0,0.0,0.789162,0.961737,-0.938514,0.0,0.0,1.166383,1.458386,-1.328126,0.0,0.0,1.438838,1.749795,-1.530519,0.0,0.0,1.695471,2.049118,-1.657663,0.0,0.0
record2.mp4,e7f94d8ffdda6840c9b04703cf2b6166921cdbd5be69632bee01bf2c9ebea648,640,480,12.02,736,61.25,552,46000,Left,0.960812,0.000000,0.000000,0.000000,0.0,0.0,-0.570373,0.409821,-0.264407,0.0,0.0,-1.028038,0.891162,-0.543444,0.0,0.0,-1.418087,1.371417,-0.773882,0.0,0.0,-1.808452,1.721454,-1.024304,0.0,0.0,-0.526278,1.106291,-0.866724,0.0,0.0,-0.805216,1.804727,-1.228330,0.0,0.0,-0.962093,2.273253,-1.419185,0.0,0.0,-1.109798,2.711704,-1.552365,0.0,0.0,-0.011290,1.140393,-0.888159,0.0,0.0,-0.065181,1.903680,-1.287440,0.0,0.0,-0.094652,2.459631,-1.482267,0.0,0.0,-0.114491,2.963400,-1.639288,0.0,0.0,0.443167,1.065391,-0.891469,0.0,0.0,0.628421,1.733333,-1.256009,0.0,0.0,0.748648,2.264175,-1.431826,0.0,0.0,0.835860,2.731779,-1.558543,0.0,0.0,0.787975,0.935721,-0.895096,0.0,0.0,1.196927,1.416661,-1.234285,0.0,0.0,1.481578,1.681786,-1.405074,0.0,0.0,1.760376,1.953142,-1.520165,0.0,0.0
record2.mp4,e7f94d8ffdda6840c9b04703cf2b6166921cdbd5be69632bee01bf2c9ebea648,640,480,12.02,736,61.25,553,46083,Left,0.961481,0.000000,0.000000,0.000000,0.0,0.0,-0.586391,0.398258,-0.284102,0.0,0.0,-1.047466,0.896872,-0.608372,0.0,0.0,-1.451327,1.402869,-0.867596,0.0,0.0,-1.873278,1.774369,-1.151969,0.0,0.0,-0.512733,1.040627,-1.101890,0.0,0.0,-0.794827,1.793896,-1.534486,0.0,0.0,-0.959402,2.302258,-1.755662,0.0,0.0,-1.129534,2.756038,-1.913686,0.0,0.0,0.034471,1.081152,-1.113892,0.0,0.0,-0.062153,1.731223,-1.545416,0.0,0.0,-0.180623,2.141358,-1.701157,0.0,0.0,-0.310766,2.456086,-1.841882,0.0,0.0,0.520853,1.031130,-1.103560,0.0,0.0,0.711991,1.738979,-1.522981,0.0,0.0,0.860581,2.288230,-1.715823,0.0,0.0,0.955588,2.751693,-1.870420,0.0,0.0,0.861228,0.913231,-1.084307,0.0,0.0,1.290068,1.410172,-1.470373,0.0,0.0,1.619330,1.683851,-1.668941,0.0,0.0,1.914758,1.955684,-1.817444,0.0,0.0
record2.mp4,e7f94d8ffdda6840c9b04703cf2b6166921cdbd5be69632bee01bf2c9ebea648,640,480,12.02,736,61.25,554,46166,Left,0.95801,0.000000,0.000000,0.000000,0.0,0.0,-0.608242,0.391150,-0.304062,0.0,0.0,-1.095971,0.883200,-0.628695,0.0,0.0,-1.518060,1.388436,-0.891030,0.0,0.0,-1.920416,1.767751,-1.177488,0.0,0.0,-0.549684,1.056056,-1.068212,0.0,0.0,-0.830024,1.764242,-1.509598,0.0,0.0,-0.993268,2.263997,-1.743254,0.0,0.0,-1.168228,2.727865,-1.904403,0.0,0.0,-0.009348,1.083384,-1.084470,0.0,0.0,-0.075233,1.800295,-1.555378,0.0,0.0,-0.138704,2.306745,-1.765904,0.0,0.0,-0.218919,2.753787,-1.935069,0.0,0.0,0.474491,1.014420,-1.076434,0.0,0.0,0.697604,1.740016,-1.510430,0.0,0.0,0.882396,2.301841,-1.712832,0.0,0.0,1.001353,2.798253,-1.859289,0.0,0.0,0.844442,0.885223,-1.064086,0.0,0.0,1.281052,1.379927,-1.450037,0.0,0.0,1.595436,1.666175,-1.641603,0.0,0.0,1.886882,1.963757,-1.775477,0.0,0.0
record2.mp4,e7f94d8ffdda6840c9b04703cf2b6166921cdbd5be69632bee01bf2c9ebea648,640,480,12.02,736,61.25,555,46250,Left,0.953913,0.000000,0.000000,0.000000,0.0,0.0,-0.562797,0.422273,-0.265065,0.0,0.0,-1.002504,0.876013,-0.571122,0.0,0.0,-1.406831,1.352035,-0.823233,0.0,0.0,-1.802094,1.695725,-1.100816,0.0,0.0,-0.511561,1.107560,-0.985248,0.0,0.0,-0.787871,1.763525,-1.392812,0.0,0.0,-0.944803,2.235353,-1.604616,0.0,0.0,-1.102744,2.643323,-1.748070,0.0,0.0,0.010313,1.142447,-1.011040,0.0,0.0,-0.024057,1.873206,-1.474598,0.0,0.0,-0.024677,2.402509,-1.695383,0.0,0.0,-0.033769,2.833526,-1.866320,0.0,0.0,0.466175,1.058405,-1.007362,0.0,0.0,0.660291,1.724551,-1.418209,0.0,0.0,0.827210,2.230827,-1.605741,0.0,0.0,0.945569,2.644925,-1.737472,0.0,0.0,0.806266,0.899790,-0.997930,0.0,0.0,1.233961,1.373935,-1.376437,0.0,0.0,1.535743,1.649546,-1.565682,0.0,0.0,1.821921,1.926346,-1.689184,0.0,0.0
record2.mp4,e7f94d8ffdda6840c9b04703cf2b6166921cdbd5be69632bee01bf2c9ebea648,640,480,12.02,736,61.25,556,46333,Left,0.979764,0.000000,0.000000,0.000000,0.0,0.0,-0.582989,0.401832,-0.273970,0.0,0.0,-1.027308,0.838289,-0.594568,0.0,0.0,-1.409313,1.327207,-0.844483,0.0,0.0,-1.795765,1.701108,-1.117291,0.0,0.0,-0.493576,1.072660,-1.101191,0.0,0.0,-0.772974,1.754925,-1.547002,0.0,0.0,-0.941162,2.266268,-1.788159,0.0,0.0,-1.115312,2.665810,-1.948448,0.0,0.0,0.068768,1.122364,-1.109722,0.0,0.0,0.036670,1.892876,-1.558730,0.0,0.0,0.014306,2.425397,-1.764931,0.0,0.0,-0.006328,2.800936,-1.932357,0.0,0.0,0.529749,1.051960,-1.083205,0.0,0.0,0.756967,1.777782,-1.479772,0.0,0.0,0.913948,2.281730,-1.689551,0.0,0.0,1.017917,2.662381,-1.853428,0.0,0.0,0.835590,0.897026,-1.045471,0.0,0.0,1.317057,1.262668,-1.421422,0.0,0.0,1.660446,1.453418,-1.626587,0.0,0.0,1.961709,1.636481,-1.769726,0.0,0.0
record2.mp4,e7f94d8ffdda6840c9b04703cf2b6166921cdbd5be69632bee01bf2c9ebea648,640,480,12.02,736,61.25,557,46416,Left,0.983195,0.000000,0.000000,0.000000,0.0,0.0,-0.611332,0.408892,-0.271683,0.0,0.0,-1.080301,0.856938,-0.588866,0.0,0.0,-1.479503,1.366234,-0.835381,0.0,0.0,-1.854591,1.758949,-1.111798,0.0,0.0,-0.516184,1.093102,-1.108057,0.0,0.0,-0.819768,1.806694,-1.530546,0.0,0.0,-0.995472,2.321835,-1.754880,0.0,0.0,-1.171204,2.730488,-1.908469,0.0,0.0,0.051974,1.117683,-1.121809,0.0,0.0,0.047173,1.926491,-1.556198,0.0,0.0,0.033411,2.479223,-1.785067,0.0,0.0,0.030918,2.868808,-1.976156,0.0,0.0,0.511906,1.034808,-1.094248,0.0,0.0,0.796115,1.739903,-1.492338,0.0,0.0,0.996587,2.258954,-1.760179,0.0,0.0,1.155742,2.650074,-1.976317,0.0,0.0,0.823367,0.878980,-1.050774,0.0,0.0,1.323648,1.117637,-1.433688,0.0,0.0,1.682207,1.206367,-1.667724,0.0,0.0,2.012070,1.300625,-1.842150,0.0,0.0
record2.mp4,e7f94d8ffdda6840c9b04703cf2b6166921cdbd5be69632bee01bf2c9ebea648,640,480,12.02,736,61.25,558,46500,Left,0.981959,0.000000,0.000000,0.000000,0.0,0.0,-0.618558,0.406009,-0.287864,0.0,0.0,-1.118289,0.900000,-0.601494,0.0,0.0,-1.508028,1.440045,-0.841790,0.0,0.0,-1.896183,1.861342,-1.110343,0.0,0.0,-0.515378,1.065824,-1.091013,0.0,0.0,-0.788920,1.841753,-1.507611,0.0,0.0,-0.980422,2.373220,-1.730893,0.0,0.0,-1.173455,2.834997,-1.883739,0.0,0.0,0.064289,1.082293,-1.101255,0.0,0.0,0.062459,1.947501,-1.513458,0.0,0.0,0.041858,2.563065,-1.733036,0.0,0.0,0.048098,3.060165,-1.920040,0.0,0.0,0.533114,1.012402,-1.075533,0.0,0.0,0.820414,1.765207,-1.478795,0.0,0.0,1.036240,2.330734,-1.739476,0.0,0.0,1.227252,2.794675,-1.945752,0.0,0.0,0.854243,0.895056,-1.037486,0.0,0.0,1.354848,1.196321,-1.428711,0.0,0.0,1.726920,1.249703,-1.639431,0.0,0.0,2.082589,1.325381,-1.792582,0.0,0.0
record2.mp4,e7f94d8ffdda6840c9b04703cf2b6166921cdbd5be69632bee01bf2c9ebea648,640,480,12.02,736,61.25,559,46583,Left,0.967792,0.000000,0.000000,0.000000,0.0,0.0,-0.613251,0.417312,-0.294909,0.0,0.0,-1.106927,0.877604,-0.614741,0.0,0.0,-1.501913,1.384353,-0.866783,0.0,0.0,-1.874616,1.796553,-1.144073,0.0,0.0,-0.517220,1.095624,-1.074201,0.0,0.0,-0.787154,1.831325,-1.503802,0.0,0.0,-0.952430,2.347309,-1.737753,0.0,0.0,-1.129643,2.799951,-1.897639,0.0,0.0,0.047565,1.095854,-1.090666,0.0,0.0,0.042921,1.911787,-1.538008,0.0,0.0,0.043417,2.505727,-1.777791,0.0,0.0,0.052541,3.001193,-1.975754,0.0,0.0,0.514654,1.004530,-1.074288,0.0,0.0,0.767013,1.711031,-1.494649,0.0,0.0,0.966096,2.255564,-1.744413,0.0,0.0,1.129575,2.711961,-1.936290,0.0,0.0,0.847153,0.863853,-1.049006,0.0,0.0,1.344471,1.191239,-1.446164,0.0,0.0,1.713839,1.298681,-1.657218,0.0,0.0,2.062686,1.430357,-1.806769,0.0,0.0
record2.mp4,e7f94d8ffdda6840c9b04703cf2b6166921cdbd5be69632bee01bf2c9ebea648,640,480,12.02,736,61.25,560,46666,Left,0.965189,0.000000,0.000000,0.000000,0.0,0.0,-0.600073,0.428870,-0.286482,0.0,0.0,-1.085658,0.911890,-0.607427,0.0,0.0,-1.486428,1.423488,-0.862765,0.0,0.0,-1.880791,1.818269,-1.143174,0.0,0.0,-0.514744,1.097886,-1.080445,0.0,0.0,-0.793352,1.856301,-1.516922,0.0,0.0,-0.968408,2.377623,-1.757372,0.0,0.0,-1.152785,2.830649,-1.921575,0.0,0.0,0.051633,1.091489,-1.104133,0.0,0.0,0.038672,1.915333,-1.564317,0.0,0.0,0.028620,2.522386,-1.817776,0.0,0.0,0.033512,3.025756,-2.024141,0.0,0.0,0.519680,1.001721,-1.092837,0.0,0.0,0.767625,1.728493,-1.524033,0.0,0.0,0.959715,2.281036,-1.785045,0.0,0.0,1.124947,2.736752,-1.982256,0.0,0.0,0.849324,0.867366,-1.070902,0.0,0.0,1.325449,1.217244,-1.470954,0.0,0.0,1.688881,1.332599,-1.683819,0.0,0.0,2.038883,1.464561,-1.833925,0.0,0.0
record2.mp4,e7f94d8ffdda6840c9b04703cf2b6166921cdbd5be69632bee01bf2c9ebea648,640,480,12.02,736,61.25,561,46750,Left,0.972192,0.000000,0.000000,0.000000,0.0,0.0,-0.625552,0.433868,-0.291316,0.0,0.0,-1.135980,0.935364,-0.614171,0.0,0.0,-1.543838,1.465115,-0.874506,0.0,0.0,-1.919164,1.879092,-1.159270,0.0,0.0,-0.534896,1.073381,-1.078075,0.0,0.0,-0.814548,1.882418,-1.510769,0.0,0.0,-0.995826,2.439906,-1.739814,0.0,0.0,-1.172490,2.925564,-1.894298,0.0,0.0,0.034994,1.062951,-1.105780,0.0,0.0,0.026765,1.945104,-1.572756,0.0,0.0,0.018407,2.591501,-1.820557,0.0,0.0,0.031449,3.122102,-2.019904,0.0,0.0,0.518518,0.976369,-1.100270,0.0,0.0,0.787196,1.760212,-1.532726,0.0,0.0,0.984877,2.352317,-1.784190,0.0,0.0,1.149460,2.843718,-1.970362,0.0,0.0,0.868962,0.855144,-1.085265,0.0,0.0,1.342885,1.310734,-1.478465,0.0,0.0,1.697397,1.479748,-1.682714,0.0,0.0,2.039842,1.641299,-1.825837,0.0,0.0
record2.mp4,e7f94d8ffdda6840c9b04703cf2b6166921cdbd5be69632bee01bf2c9ebea648,640,480,12.02,736,61.25,562,46833,Left,0.966769,0.000000,0.000000,0.000000,0.0,0.0,-0.589699,0.395855,-0.279059,0.0,0.0,-1.059284,0.862857,-0.561590,0.0,0.0,-1.448898,1.364504,-0.787232,0.0,0.0,-1.817563,1.734733,-1.029221,0.0,0.0,-0.546909,1.054124,-0.928837,0.0,0.0,-0.819643,1.745675,-1.323313,0.0,0.0,-0.977456,2.238333,-1.527938,0.0,0.0,-1.126633,2.680353,-1.662911,0.0,0.0,-0.017189,1.088724,-0.933937,0.0,0.0,-0.046349,1.846038,-1.375872,0.0,0.0,-0.031283,2.384472,-1.583601,0.0,0.0,-0.005416,2.844935,-1.744738,0.0,0.0,0.451955,1.036492,-0.917009,0.0,0.0,0.654539,1.709190,-1.320071,0.0,0.0,0.840795,2.220423,-1.491876,0.0,0.0,1.004698,2.645756,-1.603771,0.0,0.0,0.828004,0.938327,-0.898343,0.0,0.0,1.203218,1.494038,-1.260312,0.0,0.0,1.473036,1.805945,-1.432938,0.0,0.0,1.750824,2.112871,-1.542412,0.0,0.0
record2.mp4,e7f94d8ffdda6840c9b04703cf2b6166921cdbd5be69632bee01bf2c9ebea648,640,480,12.02,736,61.25,563,46916,Left,0.969478,0.000000,0.000000,0.000000,0.0,0.0,-0.569014,0.401636,-0.273857,0.0,0.0,-1.021966,0.908763,-0.551782,0.0,0.0,-1.415415,1.417127,-0.772579,0.0,0.0,-1.803547,1.774290,-1.009338,0.0,0.0,-0.515644,1.064188,-0.962787,0.0,0.0,-0.786162,1.778314,-1.357135,0.0,0.0,-0.945331,2.271651,-1.554640,0.0,0.0,-1.105584,2.720474,-1.684275,0.0,0.0,0.010719,1.093323,-0.965399,0.0,0.0,-0.018323,1.836835,-1.416990,0.0,0.0,-0.007778,2.397530,-1.621305,0.0,0.0,0.006344,2.876491,-1.778821,0.0,0.0,0.469462,1.048404,-0.942139,0.0,0.0,0.667419,1.724603,-1.344822,0.0,0.0,0.845250,2.241149,-1.510249,0.0,0.0,0.999227,2.667208,-1.616783,0.0,0.0,0.833549,0.965335,-0.917180,0.0,0.0,1.205163,1.544924,-1.280674,0.0,0.0,1.477599,1.851009,-1.455367,0.0,0.0,1.761430,2.144043,-1.564272,0.0,0.0
record2.mp4,e7f94d8ffdda6840c9b04703cf2b6166921cdbd5be69632bee01bf2c9ebea648,640,480,12.02,736,61.25,564,47000,Left,0.964949,0.000000,0.000000,0.000000,0.0,0.0,-0.557158,0.392746,-0.283775,0.0,0.0,-1.002878,0.901980,-0.542623,0.0,0.0,-1.393494,1.409849,-0.749166,0.0,0.0,-1.791235,1.760428,-0.973752,0.0,0.0,-0.507409,1.081889,-0.839293,0.0,0.0,-0.772680,1.804233,-1.185777,0.0,0.0,-0.945577,2.282110,-1.363430,0.0,0.0,-1.115363,2.714672,-1.485002,0.0,0.0,-0.001835,1.143851,-0.836911,0.0,0.0,-0.029774,1.893319,-1.220922,0.0,0.0,-0.025801,2.429616,-1.402689,0.0,0.0,-0.017865,2.901585,-1.547434,0.0,0.0,0.440882,1.099249,-0.821197,0.0,0.0,0.625905,1.786431,-1.177605,0.0,0.0,0.787687,2.306577,-1.349551,0.0,0.0,0.922811,2.756693,-1.469035,0.0,0.0,0.784081,0.991583,-0.808532,0.0,0.0,1.164849,1.533842,-1.147582,0.0,0.0,1.442464,1.825904,-1.323497,0.0,0.0,1.719154,2.116613,-1.439633,0.0,0.0
record2.mp4,e7f94d8ffdda6840c9b04703cf2b6166921cdbd5be69632bee01bf2c9ebea648,640,480,12.02,736,61.25,565,47083,Left,0.964135,0.000000,0.000000,0.000000,0.0,0.0,-0.567641,0.384438,-0.275834,0.0,0.0,-1.025978,0.883982,-0.551409,0.0,0.0,-1.403691,1.388369,-0.770333,0.0,0.0,-1.804114,1.743612,-1.008313,0.0,0.0,-0.527688,1.042585,-0.938073,0.0,0.0,-0.784188,1.742995,-1.308427,0.0,0.0,-0.934731,2.231898,-1.490343,0.0,0.0,-1.092024,2.663942,-1.620692,0.0,0.0,0.002700,1.092279,-0.941726,0.0,0.0,-0.038335,1.712888,-1.350207,0.0,0.0,-0.091607,2.131279,-1.507545,0.0,0.0,-0.172683,2.464567,-1.639896,0.0,0.0,0.471517,1.053386,-0.929437,0.0,0.0,0.632564,1.673520,-1.314382,0.0,0.0,0.746126,2.140661,-1.473131,0.0,0.0,0.811428,2.515797,-1.589698,0.0,0.0,0.831044,0.960804,-0.916280,0.0,0.0,1.199830,1.489224,-1.276329,0.0,0.0,1.495132,1.800480,-1.467287,0.0,0.0,1.761498,2.101276,-1.600803,0.0,0.0
record2.mp4,e7f94d8ffdda6840c9b04703cf2b6166921cdbd5be69632bee01bf2c9ebea648,640,480,12.02,736,61.25,566,47166,Left,0.951257,0.000000,0.000000,0.000000,0.0,0.0,-0.575034,0.376043,-0.296170,0.0,0.0,-1.028972,0.850176,-0.602624,0.0,0.0,-1.421776,1.351296,-0.849688,0.0,0.0,-1.828237,1.698617,-1.116633,0.0,0.0,-0.526827,1.025010,-1.015591,0.0,0.0,-0.783238,1.700809,-1.449483,0.0,0.0,-0.944486,2.194900,-1.676960,0.0,0.0,-1.118197,2.637132,-1.830359,0.0,0.0,0.005292,1.081717,-1.011619,0.0,0.0,-0.045065,1.638284,-1.456218,0.0,0.0,-0.090138,2.043717,-1.620094,0.0,0.0,-0.156414,2.364542,-1.757338,0.0,0.0,0.484469,1.045323,-0.994173,0.0,0.0,0.652312,1.645148,-1.433761,0.0,0.0,0.797158,2.154653,-1.616956,0.0,0.0,0.896513,2.582707,-1.743976,0.0,0.0,0.848676,0.946668,-0.971683,0.0,0.0,1.210026,1.464519,-1.360567,0.0,0.0,1.503433,1.762866,-1.553260,0.0,0.0,1.777581,2.058024,-1.687494,0.0,0.0
record2.mp4,e7f94d8ffdda6840c9b04703cf2b6166921cdbd5be69632bee01bf2c9ebea648,640,480,12.02,736,61.25,567,47250,Left,0.964353,0.000000,0.000000,0.000000,0.0,0.0,-0.572512,0.401829,-0.277653,0.0,0.0,-1.043268,0.929472,-0.562815,0.0,0.0,-1.462759,1.455277,-0.798513,0.0,0.0,-1.879941,1.806225,-1.054701,0.0,0.0,-0.513237,1.028929,-0.947243,0.0,0.0,-0.754780,1.764209,-1.347744,0.0,0.0,-0.931007,2.265749,-1.553757,0.0,0.0,-1.105469,2.731500,-1.693305,0.0,0.0,0.009258,1.079472,-0.953179,0.0,0.0,-0.021451,1.687763,-1.361700,0.0,0.0,-0.051103,2.096127,-1.504026,0.0,0.0,-0.082428,2.420226,-1.624532,0.0,0.0,0.479937,1.048612,-0.947644,0.0,0.0,0.701311,1.716508,-1.365113,0.0,0.0,0.930586,2.258612,-1.527718,0.0,0.0,1.130270,2.716555,-1.637069,0.0,0.0,0.853941,0.967437,-0.938286,0.0,0.0,1.221512,1.568652,-1.295141,0.0,0.0,1.515649,1.886134,-1.453047,0.0,0.0,1.807349,2.174129,-1.561667,0.0,0.0
record2.mp4,e7f94d8ffdda6840c9b04703cf2b6166921cdbd5be69632bee01bf2c9ebea648,640,480,12.02,736,61.25,568,47333,Left,0.963336,0.000000,0.000000,0.000000,0.0,0.0,-0.590508,0.441917,-0.283686,0.0,0.0,-1.049619,0.954070,-0.572483,0.0,0.0,-1.481517,1.454886,-0.810117,0.0,0.0,-1.875038,1.818306,-1.065375,0.0,0.0,-0.535955,1.039053,-0.958523,0.0,0.0,-0.837732,1.779838,-1.384572,0.0,0.0,-1.024600,2.284789,-1.599207,0.0,0.0,-1.222193,2.755903,-1.735834,0.0,0.0,-0.025473,1.081337,-0.973976,0.0,0.0,-0.103125,1.857753,-1.467781,0.0,0.0,-0.136282,2.467628,-1.706356,0.0,0.0,-0.153537,3.000397,-1.884008,0.0,0.0,0.444377,1.039138,-0.968931,0.0,0.0,0.694858,1.740895,-1.414721,0.0,0.0,0.896593,2.311628,-1.611236,0.0,0.0,1.064093,2.780615,-1.731715,0.0,0.0,0.841695,0.961642,-0.962741,0.0,0.0,1.214448,1.608475,-1.345349,0.0,0.0,1.477493,1.969430,-1.533475,0.0,0.0,1.760607,2.304872,-1.656120,0.0,0.0
record2.mp4,e7f94d8ffdda6840c9b04703cf2b6166921cdbd5be69632bee01bf2c9ebea648,640,480,12.02,736,61.25,569,47416,Left,0.977467,0.000000,0.000000,0.000000,0.0,0.0,-0.587534,0.448207,-0.257528,0.0,0.0,-1.042039,0.963963,-0.536375,0.0,0.0,-1.467922,1.458688,-0.764444,0.0,0.0,-1.856368,1.819037,-1.011283,0.0,0.0,-0.531600,1.072724,-0.930195,0.0,0.0,-0.833457,1.701554,-1.343752,0.0,0.0,-1.040119,2.132685,-1.566451,0.0,0.0,-1.245977,2.537926,-1.709033,0.0,0.0,-0.029776,1.095753,-0.945501,0.0,0.0,-0.057180,1.855087,-1.421037,0.0,0.0,-0.047439,2.451365,-1.669173,0.0,0.0,-0.025837,2.962902,-1.858911,0.0,0.0,0.423954,1.054190,-0.933845,0.0,0.0,0.669384,1.743153,-1.360774,0.0,0.0,0.882695,2.291782,-1.563782,0.0,0.0,1.062451,2.735944,-1.690528,0.0,0.0,0.817216,0.978641,-0.916065,0.0,0.0,1.191038,1.592644,-1.281383,0.0,0.0,1.454304,1.925328,-1.462808,0.0,0.0,1.725725,2.230977,-1.579023,0.0,0.0
record2.mp4,e7f94d8ffdda6840c9b04703cf2b6166921cdbd5be69632bee01bf2c9ebea648,640,480,12.02,736,61.25,570,47500,Left,0.962615,0.000000,0.000000,0.000000,0.0,0.0,-0.593995,0.446273,-0.257725,0.0,0.0,-1.041560,0.954010,-0.531921,0.0,0.0,-1.458529,1.440860,-0.754650,0.0,0.0,-1.839731,1.800219,-0.995926,0.0,0.0,-0.527026,1.074352,-0.926261,0.0,0.0,-0.810334,1.668449,-1.349666,0.0,0.0,-1.028204,2.078259,-1.588737,0.0,0.0,-1.255098,2.463553,-1.741764,0.0,0.0,-0.028825,1.099649,-0.940130,0.0,0.0,-0.056050,1.840769,-1.424508,0.0,0.0,-0.044585,2.429702,-1.690213,0.0,0.0,-0.027308,2.933438,-1.892766,0.0,0.0,0.420553,1.064404,-0.926289,0.0,0.0,0.672184,1.749628,-1.356980,0.0,0.0,0.890673,2.289132,-1.565613,0.0,0.0,1.066145,2.730998,-1.697383,0.0,0.0,0.811504,0.990187,-0.906290,0.0,0.0,1.185831,1.591818,-1.271135,0.0,0.0,1.452016,1.918387,-1.450749,0.0,0.0,1.722985,2.227765,-1.566764,0.0,0.0
record2.mp4,e7f94d8ffdda6840c9b04703cf2b6166921cdbd5be69632bee01bf2c9ebea648,640,480,12.02,736,61.25,571,47583,Left,0.965047,0.000000,0.000000,0.000000,0.0,0.0,-0.597868,0.454846,-0.253219,0.0,0.0,-1.059319,0.964725,-0.538991,0.0,0.0,-1.472940,1.448949,-0.779250,0.0,0.0,-1.848806,1.799606,-1.037922,0.0,0.0,-0.544482,1.073781,-0.921305,0.0,0.0,-0.798928,1.638021,-1.369610,0.0,0.0,-0.991266,1.987634,-1.629646,0.0,0.0,-1.200403,2.303565,-1.792165,0.0,0.0,-0.027958,1.068953,-0.956089,0.0,0.0,-0.033335,1.841337,-1.457734,0.0,0.0,-0.021724,2.431420,-1.748342,0.0,0.0,-0.010180,2.948507,-1.969894,0.0,0.0,0.439793,1.012755,-0.964616,0.0,0.0,0.713452,1.748687,-1.420444,0.0,0.0,0.936241,2.296812,-1.651579,0.0,0.0,1.112232,2.748627,-1.795467,0.0,0.0,0.843987,0.932320,-0.964772,0.0,0.0,1.223946,1.579794,-1.336816,0.0,0.0,1.503025,1.918002,-1.514394,0.0,0.0,1.786670,2.233980,-1.630267,0.0,0.0
record2.mp4,e7f94d8ffdda6840c9b04703cf2b6166921cdbd5be69632bee01bf2c9ebea648,640,480,12.02,736,61.25,572,47666,Left,0.970072,0.000000,0.000000,0.000000,0.0,0.0,-0.598235,0.441538,-0.251412,0.0,0.0,-1.066665,0.951053,-0.525529,0.0,0.0,-1.494884,1.450012,-0.748199,0.0,0.0,-1.864640,1.820302,-0.988292,0.0,0.0,-0.539335,1.067067,-0.925570,0.0,0.0,-0.829313,1.671573,-1.349495,0.0,0.0,-1.045753,2.094858,-1.590374,0.0,0.0,-1.261825,2.499138,-1.745826,0.0,0.0,-0.032062,1.086042,-0.948260,0.0,0.0,-0.067002,1.848345,-1.426654,0.0,0.0,-0.061815,2.437628,-1.689301,0.0,0.0,-0.039934,2.949496,-1.890504,0.0,0.0,0.425670,1.047842,-0.943435,0.0,0.0,0.684423,1.761992,-1.375890,0.0,0.0,0.907305,2.310578,-1.586038,0.0,0.0,1.095699,2.763526,-1.718767,0.0,0.0,0.819001,0.979399,-0.931486,0.0,0.0,1.206133,1.600572,-1.295830,0.0,0.0,1.487529,1.928272,-1.471888,0.0,0.0,1.774775,2.236975,-1.585112,0.0,0.0
record2.mp4,e7f94d8ffdda6840c9b04703cf2b6166921cdbd5be69632bee01bf2c9ebea648,640,480,12.02,736,61.25,573,47750,Left,0.975473,0.000000,0.000000,0.000000,0.0,0.0,-0.598552,0.421213,-0.232521,0.0,0.0,-1.070694,0.908521,-0.500067,0.0,0.0,-1.475533,1.403995,-0.719896,0.0,0.0,-1.857271,1.742320,-0.956237,0.0,0.0,-0.564215,1.073961,-0.905468,0.0,0.0,-0.829223,1.771342,-1.303475,0.0,0.0,-0.969723,2.286947,-1.517728,0.0,0.0,-1.096922,2.742253,-1.657391,0.0,0.0,-0.032474,1.077774,-0.928011,0.0,0.0,-0.053028,1.837842,-1.378182,0.0,0.0,-0.026228,2.420724,-1.599535,0.0,0.0,0.014610,2.908868,-1.769153,0.0,0.0,0.441146,1.016454,-0.921393,0.0,0.0,0.681437,1.709192,-1.317435,0.0,0.0,0.883840,2.244911,-1.486626,0.0,0.0,1.050526,2.682644,-1.595869,0.0,0.0,0.822378,0.922452,-0.909650,0.0,0.0,1.199399,1.515420,-1.255596,0.0,0.0,1.471750,1.831586,-1.415642,0.0,0.0,1.747531,2.137208,-1.514359,0.0,0.0
record2.mp4,e7f94d8ffdda6840c9b04703cf2b6166921cdbd5be69632bee01bf2c9ebea648,640,480,12.02,736,61.25,574,47833,Left,0.967577,0.000000,0.000000,0.000000,0.0,0.0,-0.581093,0.405654,-0.258894,0.0,0.0,-1.039069,0.903315,-0.533145,0.0,0.0,-1.435223,1.394417,-0.752383,0.0,0.0,-1.829854,1.723292,-0.987297,0.0,0.0,-0.544284,1.042758,-0.954669,0.0,0.0,-0.790586,1.754364,-1.358730,0.0,0.0,-0.937794,2.266369,-1.570968,0.0,0.0,-1.081461,2.735159,-1.711917,0.0,0.0,-0.010365,1.071393,-0.966529,0.0,0.0,-0.035429,1.819636,-1.425561,0.0,0.0,-0.010745,2.382969,-1.643984,0.0,0.0,0.022809,2.864325,-1.810924,0.0,0.0,0.464768,1.030023,-0.949595,0.0,0.0,0.697353,1.713605,-1.359688,0.0,0.0,0.900281,2.241303,-1.531298,0.0,0.0,1.072507,2.682275,-1.641573,0.0,0.0,0.840339,0.947546,-0.929155,0.0,0.0,1.212183,1.526774,-1.289949,0.0,0.0,1.479031,1.826105,-1.455847,0.0,0.0,1.757856,2.118536,-1.559311,0.0,0.0
record2.mp4,e7f94d8ffdda6840c9b04703cf2b6166921cdbd5be69632bee01bf2c9ebea648,640,480,12.02,736,61.25,575,47916,Left,0.971626,0.000000,0.000000,0.000000,0.0,0.0,-0.577763,0.391850,-0.249194,0.0,0.0,-1.058620,0.859171,-0.529800,0.0,0.0,-1.499840,1.325393,-0.754501,0.0,0.0,-1.896679,1.643038,-0.999708,0.0,0.0,-0.553925,1.047647,-0.990434,0.0,0.0,-0.819452,1.748903,-1.402790,0.0,0.0,-0.974798,2.265710,-1.614068,0.0,0.0,-1.113100,2.712817,-1.751712,0.0,0.0,-0.014458,1.080177,-1.008401,0.0,0.0,-0.033353,1.856574,-1.472345,0.0,0.0,-0.022181,2.399283,-1.688376,0.0,0.0,0.004316,2.837152,-1.853009,0.0,0.0,0.459767,1.029264,-0.993915,0.0,0.0,0.701715,1.731964,-1.409798,0.0,0.0,0.906296,2.249736,-1.589576,0.0,0.0,1.083340,2.662322,-1.706914,0.0,0.0,0.831069,0.932046,-0.971827,0.0,0.0,1.202711,1.519348,-1.340285,0.0,0.0,1.476513,1.822606,-1.512957,0.0,0.0,1.758432,2.111811,-1.622492,0.0,0.0
record2.mp4,e7f94d8ffdda6840c9b04703cf2b6166921cdbd5be69632bee01bf2c9ebea648,640,480,12.02,736,61.25,576,48000,Left,0.956104,0.000000,0.000000,0.000000,0.0,0.0,-0.558392,0.354523,-0.258162,0.0,0.0,-1.022191,0.789365,-0.542877,0.0,0.0,-1.444857,1.189476,-0.775099,0.0,0.0,-1.845075,1.401190,-1.027603,0.0,0.0,-0.544681,1.055533,-0.982289,0.0,0.0,-0.811344,1.730010,-1.390860,0.0,0.0,-0.964715,2.210940,-1.608216,0.0,0.0,-1.100124,2.644264,-1.753660,0.0,0.0,-0.019821,1.104955,-0.998668,0.0,0.0,-0.053510,1.835928,-1.449593,0.0,0.0,-0.043908,2.344074,-1.666121,0.0,0.0,-0.012220,2.768777,-1.831185,0.0,0.0,0.440200,1.065749,-0.983955,0.0,0.0,0.657690,1.725623,-1.382695,0.0,0.0,0.851734,2.209852,-1.562204,0.0,0.0,1.025208,2.605653,-1.681511,0.0,0.0,0.801787,0.972029,-0.965745,0.0,0.0,1.152975,1.512271,-1.314664,0.0,0.0,1.416867,1.777059,-1.478631,0.0,0.0,1.684205,2.034699,-1.583421,0.0,0.0
record2.mp4,e7f94d8ffdda6840c9b04703cf2b6166921cdbd5be69632bee01bf2c9ebea648,640,480,12.02,736,61.25,577,48083,Left,0.945351,0.000000,0.000000,0.000000,0.0,0.0,-0.569441,0.344371,-0.243540,0.0,0.0,-1.035378,0.723518,-0.521285,0.0,0.0,-1.492312,1.034449,-0.748145,0.0,0.0,-1.904700,1.164473,-0.993198,0.0,0.0,-0.547898,1.051398,-0.955751,0.0,0.0,-0.810036,1.710879,-1.360542,0.0,0.0,-0.957960,2.187861,-1.575885,0.0,0.0,-1.092797,2.610688,-1.717762,0.0,0.0,-0.020757,1.108690,-0.972984,0.0,0.0,-0.059821,1.847335,-1.425787,0.0,0.0,-0.052722,2.362787,-1.643433,0.0,0.0,-0.029814,2.783729,-1.806813,0.0,0.0,0.441681,1.067320,-0.957871,0.0,0.0,0.655470,1.723174,-1.354072,0.0,0.0,0.843527,2.207722,-1.534684,0.0,0.0,1.001693,2.599427,-1.651053,0.0,0.0,0.799004,0.967806,-0.937957,0.0,0.0,1.158805,1.504975,-1.285927,0.0,0.0,1.423044,1.771822,-1.452377,0.0,0.0,1.686192,2.037500,-1.556825,0.0,0.0
record2.mp4,e7f94d8ffdda6840c9b04703cf2b6166921cdbd5be69632bee01bf2c9ebea648,640,480,12.02,736,61.25,578,48166,Left,0.961481,0.000000,0.000000,0.000000,0.0,0.0,-0.565812,0.337541,-0.195284,0.0,0.0,-1.046851,0.710214,-0.445834,0.0,0.0,-1.493441,1.044141,-0.652613,0.0,0.0,-1.873886,1.222132,-0.877225,0.0,0.0,-0.560548,1.078618,-0.871074,0.0,0.0,-0.845612,1.732752,-1.234808,0.0,0.0,-0.986836,2.197981,-1.427654,0.0,0.0,-1.100208,2.598761,-1.555754,0.0,0.0,-0.047455,1.131454,-0.898742,0.0,0.0,-0.081768,1.871676,-1.289428,0.0,0.0,-0.077425,2.359133,-1.475612,0.0,0.0,-0.047105,2.742125,-1.621453,0.0,0.0,0.405060,1.088677,-0.893595,0.0,0.0,0.619104,1.736468,-1.233624,0.0,0.0,0.787143,2.196434,-1.392603,0.0,0.0,0.931495,2.561752,-1.503201,0.0,0.0,0.754381,0.990086,-0.881122,0.0,0.0,1.108797,1.498265,-1.186807,0.0,0.0,1.368024,1.752684,-1.332710,0.0,0.0,1.617945,2.003656,-1.425190,0.0,0.0
record2.mp4,e7f94d8ffdda6840c9b04703cf2b6166921cdbd5be69632bee01bf2c9ebea648,640,480,12.02,736,61.25,579,48250,Left,0.949994,0.000000,0.000000,0.000000,0.0,0.0,-0.609402,0.337331,-0.263990,0.0,0.0,-1.086734,0.756963,-0.536100,0.0,0.0,-1.503106,1.210807,-0.755403,0.0,0.0,-1.891592,1.548219,-0.990648,0.0,0.0,-0.530040,1.042700,-0.876275,0.0,0.0,-0.808809,1.663897,-1.231550,0.0,0.0,-0.961004,2.109559,-1.421787,0.0,0.0,-1.094291,2.512730,-1.553884,0.0,0.0,0.005399,1.114073,-0.878751,0.0,0.0,-0.032687,1.823182,-1.269726,0.0,0.0,-0.025550,2.316913,-1.457374,0.0,0.0,-0.000107,2.726171,-1.607800,0.0,0.0,0.463996,1.075886,-0.857558,0.0,0.0,0.686356,1.687966,-1.211542,0.0,0.0,0.859860,2.148333,-1.364359,0.0,0.0,1.005561,2.530465,-1.472784,0.0,0.0,0.809265,0.962963,-0.835668,0.0,0.0,1.186238,1.439160,-1.149641,0.0,0.0,1.449710,1.690618,-1.293211,0.0,0.0,1.710410,1.943687,-1.387567,0.0,0.0
record2.mp4,e7f94d8ffdda6840c9b04703cf2b6166921cdbd5be69632bee01bf2c9ebea648,640,480,12.02,736,61.25,580,48333,Left,0.951893,0.000000,0.000000,0.000000,0.0,0.0,-0.604232,0.344435,-0.308174,0.0,0.0,-1.107222,0.817214,-0.594876,0.0,0.0,-1.539917,1.281098,-0.823491,0.0,0.0,-1.927862,1.622518,-1.071869,0.0,0.0,-0.514776,1.061382,-0.949965,0.0,0.0,-0.781775,1.719450,-1.331395,0.0,0.0,-0.961971,2.175853,-1.541174,0.0,0.0,-1.135314,2.609571,-1.689716,0.0,0.0,0.026080,1.103073,-0.947095,0.0,0.0,-0.002948,1.815434,-1.322139,0.0,0.0,-0.018099,2.324052,-1.486704,0.0,0.0,-0.041748,2.771797,-1.630749,0.0,0.0,0.488197,1.057865,-0.931248,0.0,0.0,0.677649,1.756737,-1.284920,0.0,0.0,0.840737,2.274724,-1.447747,0.0,0.0,0.957987,2.733960,-1.571911,0.0,0.0,0.827158,0.948170,-0.920961,0.0,0.0,1.216125,1.457686,-1.256379,0.0,0.0,1.515209,1.741984,-1.423130,0.0,0.0,1.785013,2.023759,-1.539193,0.0,0.0
record2.mp4,e7f94d8ffdda6840c9b04703cf2b6166921cdbd5be69632bee01bf2c9ebea648,640,480,12.02,736,61.25,581,48416,Left,0.940795,0.000000,0.000000,0.000000,0.0,0.0,-0.591967,0.362755,-0.307020,0.0,0.0,-1.075212,0.821608,-0.631694,0.0,0.0,-1.513386,1.289728,-0.895026,0.0,0.0,-1.940723,1.613249,-1.181132,0.0,0.0,-0.517623,1.019557,-1.077171,0.0,0.0,-0.788449,1.682771,-1.524310,0.0,0.0,-0.969214,2.150042,-1.764957,0.0,0.0,-1.138333,2.587411,-1.927379,0.0,0.0,0.039529,1.067815,-1.071482,0.0,0.0,-0.017617,1.640416,-1.477927,0.0,0.0,-0.069045,2.018232,-1.600001,0.0,0.0,-0.130349,2.320427,-1.712604,0.0,0.0,0.526615,1.030813,-1.054164,0.0,0.0,0.697905,1.692161,-1.475899,0.0,0.0,0.877654,2.226374,-1.640528,0.0,0.0,1.011779,2.709938,-1.760132,0.0,0.0,0.864664,0.932548,-1.031962,0.0,0.0,1.235242,1.447290,-1.404237,0.0,0.0,1.543072,1.724965,-1.567611,0.0,0.0,1.825217,1.998720,-1.682592,0.0,0.0
record2.mp4,e7f94d8ffdda6840c9b04703cf2b6166921cdbd5be69632bee01bf2c9ebea648,640,480,12.02,736,61.25,582,48500,Left,0.969157,0.000000,0.000000,0.000000,0.0,0.0,-0.613056,0.376163,-0.279116,0.0,0.0,-1.119979,0.783824,-0.614211,0.0,0.0,-1.572180,1.227762,-0.888537,0.0,0.0,-2.012339,1.554764,-1.186461,0.0,0.0,-0.525946,1.051851,-1.046910,0.0,0.0,-0.873177,1.674096,-1.492051,0.0,0.0,-1.083625,2.148325,-1.732224,0.0,0.0,-1.280318,2.567010,-1.892112,0.0,0.0,0.002027,1.115981,-1.072061,0.0,0.0,-0.207671,1.845109,-1.509592,0.0,0.0,-0.338364,2.347462,-1.686388,0.0,0.0,-0.451282,2.763634,-1.829894,0.0,0.0,0.471723,1.070246,-1.073313,0.0,0.0,0.637710,1.769906,-1.477831,0.0,0.0,0.788886,2.300232,-1.644410,0.0,0.0,0.886656,2.755478,-1.766466,0.0,0.0,0.814849,0.943930,-1.069809,0.0,0.0,1.247825,1.431920,-1.427244,0.0,0.0,1.573025,1.719563,-1.584341,0.0,0.0,1.862406,2.015875,-1.692454,0.0,0.0
record2.mp4,e7f94d8ffdda6840c9b04703cf2b6166921cdbd5be69632bee01bf2c9ebea648,640,480,12.02,736,61.25,583,48583,Left,0.946118,0.000000,0.000000,0.000000,0.0,0.0,-0.604348,0.403069,-0.286438,0.0,0.0,-1.095513,0.871455,-0.603390,0.0,0.0,-1.546773,1.343189,-0.856626,0.0,0.0,-1.976796,1.675118,-1.123049,0.0,0.0,-0.505648,1.066625,-1.028738,0.0,0.0,-0.823132,1.704515,-1.476031,0.0,0.0,-1.022359,2.170569,-1.720926,0.0,0.0,-1.228868,2.607624,-1.884484,0.0,0.0,0.023274,1.101504,-1.047753,0.0,0.0,-0.106055,1.884541,-1.533109,0.0,0.0,-0.176449,2.443942,-1.767029,0.0,0.0,-0.242465,2.937311,-1.945862,0.0,0.0,0.479565,1.065250,-1.038750,0.0,0.0,0.678871,1.780546,-1.476679,0.0,0.0,0.853432,2.328054,-1.671130,0.0,0.0,0.978775,2.810473,-1.802064,0.0,0.0,0.820929,0.987396,-1.025868,0.0,0.0,1.240278,1.511207,-1.405271,0.0,0.0,1.549231,1.781185,-1.576994,0.0,0.0,1.847848,2.075069,-1.691098,0.0,0.0
record2.mp4,e7f94d8ffdda6840c9b04703cf2b6166921cdbd5be69632bee01bf2c9ebea648,640,480,12.02,736,61.25,584,48666,Left,0.948082,0.000000,0.000000,0.000000,0.0,0.0,-0.621509,0.401589,-0.294050,0.0,0.0,-1.119237,0.879254,-0.587970,0.0,0.0,-1.574059,1.362730,-0.828514,0.0,0.0,-1.996928,1.691322,-1.085688,0.0,0.0,-0.519587,1.038491,-0.955310,0.0,0.0,-0.838000,1.680046,-1.349371,0.0,0.0,-1.024264,2.128482,-1.549139,0.0,0.0,-1.215259,2.569237,-1.683228,0.0,0.0,0.003809,1.092378,-0.959059,0.0,0.0,-0.056090,1.806042,-1.418696,0.0,0.0,-0.061949,2.390711,-1.627857,0.0,0.0,-0.081288,2.909946,-1.793515,0.0,0.0,0.467139,1.062449,-0.943193,0.0,0.0,0.627674,1.686858,-1.360978,0.0,0.0,0.751702,2.214656,-1.543182,0.0,0.0,0.833602,2.677945,-1.664115,0.0,0.0,0.830249,0.982960,-0.929165,0.0,0.0,1.233305,1.496816,-1.304856,0.0,0.0,1.530996,1.783688,-1.493875,0.0,0.0,1.822921,2.080403,-1.620866,0.0,0.0
record2.mp4,e7f94d8ffdda6840c9b04703cf2b6166921cdbd5be69632bee01bf2c9ebea648,640,480,12.02,736,61.25,585,48750,Left,0.882923,0.000000,0.000000,0.000000,0.0,0.0,-0.623248,0.359779,-0.345419,0.0,0.0,-1.133492,0.804506,-0.673812,0.0,0.0,-1.597154,1.261144,-0.935412,0.0,0.0,-1.980572,1.621612,-1.224271,0.0,0.0,-0.536771,1.021867,-1.132063,0.0,0.0,-0.857203,1.502591,-1.607726,0.0,0.0,-1.112236,1.839481,-1.880301,0.0,0.0,-1.380198,2.180067,-2.064531,0.0,0.0,-0.014453,1.078333,-1.126610,0.0,0.0,-0.102014,1.727860,-1.664712,0.0,0.0,-0.132919,2.247390,-1.955431,0.0,0.0,-0.169985,2.717274,-2.189558,0.0,0.0,0.448560,1.072599,-1.094528,0.0,0.0,0.604009,1.693918,-1.588428,0.0,0.0,0.746364,2.182168,-1.842325,0.0,0.0,0.852028,2.592595,-2.019419,0.0,0.0,0.819259,1.005140,-1.059205,0.0,0.0,1.219004,1.497767,-1.496104,0.0,0.0,1.532484,1.760685,-1.731533,0.0,0.0,1.833400,2.021433,-1.900568,0.0,0.0
record2.mp4,e7f94d8ffdda6840c9b04703cf2b6166921cdbd5be69632bee01bf2c9ebea648,640,480,12.02,736,61.25,586,48833,Left,0.929818,0.000000,0.000000,0.000000,0.0,0.0,-0.605648,0.374818,-0.323963,0.0,0.0,-1.107501,0.823187,-0.651127,0.0,0.0,-1.585072,1.291306,-0.910160,0.0,0.0,-1.979967,1.660513,-1.194503,0.0,0.0,-0.527445,1.027147,-1.140832,0.0,0.0,-0.875520,1.508975,-1.611769,0.0,0.0,-1.124418,1.867433,-1.876888,0.0,0.0,-1.386874,2.211176,-2.056313,0.0,0.0,-0.005178,1.080695,-1.139432,0.0,0.0,-0.095828,1.740324,-1.681476,0.0,0.0,-0.122309,2.273417,-1.969689,0.0,0.0,-0.155179,2.746771,-2.200952,0.0,0.0,0.452712,1.075896,-1.106064,0.0,0.0,0.611356,1.692833,-1.595968,0.0,0.0,0.745380,2.190790,-1.847141,0.0,0.0,0.838403,2.608750,-2.023001,0.0,0.0,0.819316,1.013671,-1.066703,0.0,0.0,1.228272,1.503222,-1.500162,0.0,0.0,1.543301,1.769690,-1.737091,0.0,0.0,1.839669,2.037062,-1.905787,0.0,0.0
record2.mp4,e7f94d8ffdda6840c9b04703cf2b6166921cdbd5be69632bee01bf2c9ebea648,640,480,12.02,736,61.25,587,48916,Left,0.947859,0.000000,0.000000,0.000000,0.0,0.0,-0.592908,0.344653,-0.289517,0.0,0.0,-1.084430,0.765969,-0.572742,0.0,0.0,-1.519593,1.220019,-0.802741,0.0,0.0,-1.915314,1.553985,-1.055998,0.0,0.0,-0.567124,1.052039,-0.918468,0.0,0.0,-0.871248,1.691472,-1.278124,0.0,0.0,-1.022793,2.137482,-1.467375,0.0,0.0,-1.153199,2.543166,-1.601853,0.0,0.0,-0.040016,1.102717,-0.923978,0.0,0.0,-0.094752,1.790741,-1.312874,0.0,0.0,-0.096022,2.280359,-1.491911,0.0,0.0,-0.086802,2.708957,-1.646570,0.0,0.0,0.432714,1.054310,-0.913899,0.0,0.0,0.553313,1.689282,-1.288704,0.0,0.0,0.642551,2.154403,-1.468391,0.0,0.0,0.721394,2.544976,-1.601017,0.0,0.0,0.797069,0.947343,-0.904232,0.0,0.0,1.189957,1.430632,-1.266893,0.0,0.0,1.495793,1.686283,-1.455841,0.0,0.0,1.794783,1.938198,-1.586044,0.0,0.0
record2.mp4,e7f94d8ffdda6840c9b04703cf2b6166921cdbd5be69632bee01bf2c9ebea648,640,480,12.02,736,61.25,588,49000,Left,0.937517,0.000000,0.000000,0.000000,0.0,0.0,-0.635454,0.302766,-0.322817,0.0,0.0,-1.163583,0.729642,-0.631465,0.0,0.0,-1.597703,1.178996,-0.883123,0.0,0.0,-2.000861,1.521284,-1.157461,0.0,0.0,-0.572773,0.998563,-0.986304,0.0,0.0,-0.885424,1.644647,-1.371796,0.0,0.0,-1.073136,2.093378,-1.578618,0.0,0.0,-1.258491,2.498998,-1.727802,0.0,0.0,-0.000975,1.068637,-0.986393,0.0,0.0,-0.072748,1.712622,-1.363692,0.0,0.0,-0.136192,2.162608,-1.517039,0.0,0.0,-0.217438,2.537677,-1.656521,0.0,0.0,0.485599,1.038461,-0.975050,0.0,0.0,0.613968,1.705503,-1.331534,0.0,0.0,0.704053,2.187384,-1.483920,0.0,0.0,0.745332,2.609469,-1.610419,0.0,0.0,0.828893,0.928756,-0.970213,0.0,0.0,1.226300,1.384107,-1.318223,0.0,0.0,1.528086,1.646538,-1.490388,0.0,0.0,1.791513,1.912337,-1.613742,0.0,0.0
record2.mp4,e7f94d8ffdda6840c9b04703cf2b6166921cdbd5be69632bee01bf2c9ebea648,640,480,12.02,736,61.25,589,49083,Left,0.921629,0.000000,0.000000,0.000000,0.0,0.0,-0.627702,0.323844,-0.329143,0.0,0.0,-1.131828,0.764955,-0.657745,0.0,0.0,-1.575089,1.229546,-0.928657,0.0,0.0,-1.994590,1.572936,-1.221687,0.0,0.0,-0.560008,0.995790,-1.077901,0.0,0.0,-0.848910,1.666746,-1.520132,0.0,0.0,-1.043383,2.135099,-1.755026,0.0,0.0,-1.241950,2.577940,-1.916357,0.0,0.0,0.004290,1.053685,-1.074124,0.0,0.0,-0.092982,1.626052,-1.504738,0.0,0.0,-0.161933,2.037157,-1.656725,0.0,0.0,-0.249705,2.391797,-1.794898,0.0,0.0,0.498878,1.020892,-1.058596,0.0,0.0,0.629415,1.656211,-1.478804,0.0,0.0,0.745502,2.169849,-1.639940,0.0,0.0,0.814022,2.628767,-1.763824,0.0,0.0,0.854951,0.922533,-1.045494,0.0,0.0,1.249406,1.420956,-1.427554,0.0,0.0,1.563325,1.696479,-1.602328,0.0,0.0,1.855388,1.975407,-1.727546,0.0,0.0
record2.mp4,e7f94d8ffdda6840c9b04703cf2b6166921cdbd5be69632bee01bf2c9ebea648,640,480,12.02,736,61.25,590,49166,Left,0.94925,0.000000,0.000000,0.000000,0.0,0.0,-0.639394,0.418291,-0.267049,0.0,0.0,-1.147067,0.870858,-0.564855,0.0,0.0,-1.614291,1.326746,-0.822242,0.0,0.0,-2.044171,1.674299,-1.104503,0.0,0.0,-0.548963,1.047220,-0.917383,0.0,0.0,-0.970273,1.694185,-1.329792,0.0,0.0,-1.221833,2.140417,-1.548341,0.0,0.0,-1.458865,2.547755,-1.690545,0.0,0.0,-0.047069,1.109743,-0.948554,0.0,0.0,-0.332628,1.816796,-1.382891,0.0,0.0,-0.534235,2.349280,-1.561781,0.0,0.0,-0.718024,2.788494,-1.705031,0.0,0.0,0.422232,1.075557,-0.968496,0.0,0.0,0.542328,1.769814,-1.375335,0.0,0.0,0.641608,2.298558,-1.550118,0.0,0.0,0.697945,2.741002,-1.670894,0.0,0.0,0.795105,0.982502,-0.988414,0.0,0.0,1.189093,1.519259,-1.355869,0.0,0.0,1.501300,1.818845,-1.531593,0.0,0.0,1.797653,2.106142,-1.652226,0.0,0.0
record2.mp4,e7f94d8ffdda6840c9b04703cf2b6166921cdbd5be69632bee01bf2c9ebea648,640,480,12.02,736,61.25,591,49250,Left,0.86887,0.000000,0.000000,0.000000,0.0,0.0,-0.643461,0.327882,-0.432056,0.0,0.0,-1.148188,0.827228,-0.807235,0.0,0.0,-1.630862,1.274890,-1.113442,0.0,0.0,-2.091321,1.587238,-1.445659,0.0,0.0,-0.528707,0.939640,-1.207661,0.0,0.0,-0.845145,1.415945,-1.725896,0.0,0.0,-1.158493,1.740857,-2.031647,0.0,0.0,-1.470076,2.100916,-2.240417,0.0,0.0,0.042928,0.975079,-1.178792,0.0,0.0,-0.046824,1.502190,-1.692163,0.0,0.0,-0.148988,1.895857,-1.919198,0.0,0.0,-0.245914,2.275984,-2.111109,0.0,0.0,0.538555,0.985140,-1.147225,0.0,0.0,0.678565,1.598331,-1.641746,0.0,0.0,0.809765,2.136105,-1.856310,0.0,0.0,0.912509,2.637846,-2.009284,0.0,0.0,0.930111,0.950107,-1.126548,0.0,0.0,1.286754,1.505415,-1.549218,0.0,0.0,1.610809,1.803833,-1.753188,0.0,0.0,1.908053,2.101639,-1.903862,0.0,0.0
record2.mp4,e7f94d8ffdda6840c9b04703cf2b6166921cdbd5be69632bee01bf2c9ebea648,640,480,12.02,736,61.25,592,49333,Left,0.875281,0.000000,0.000000,0.000000,0.0,0.0,-0.625846,0.334498,-0.431384,0.0,0.0,-1.124255,0.824721,-0.806722,0.0,0.0,-1.597402,1.305399,-1.113940,0.0,0.0,-2.037867,1.654073,-1.452065,0.0,0.0,-0.532853,0.981004,-1.180326,0.0,0.0,-0.896941,1.509276,-1.695309,0.0,0.0,-1.201764,1.868536,-2.006506,0.0,0.0,-1.498721,2.221955,-2.222048,0.0,0.0,0.002672,1.011902,-1.160558,0.0,0.0,-0.156635,1.564013,-1.688547,0.0,0.0,-0.284914,1.927688,-1.947681,0.0,0.0,-0.388600,2.271007,-2.161059,0.0,0.0,0.492963,1.006315,-1.138244,0.0,0.0,0.606998,1.654160,-1.651600,0.0,0.0,0.743395,2.183151,-1.914607,0.0,0.0,0.869201,2.662871,-2.102379,0.0,0.0,0.898674,0.960130,-1.122484,0.0,0.0,1.237341,1.527823,-1.563979,0.0,0.0,1.555780,1.822308,-1.795001,0.0,0.0,1.868831,2.104414,-1.967841,0.0,0.0
record2.mp4,e7f94d8ffdda6840c9b04703cf2b6166921cdbd5be69632bee01bf2c9ebea648,640,480,12.02,736,61.25,593,49416,Left,0.871687,0.000000,0.000000,0.000000,0.0,0.0,-0.612149,0.377660,-0.376661,0.0,0.0,-1.104678,0.868586,-0.702848,0.0,0.0,-1.567310,1.323781,-0.964604,0.0,0.0,-1.960695,1.665902,-1.250678,0.0,0.0,-0.525563,1.037732,-1.077459,0.0,0.0,-0.855174,1.536911,-1.559484,0.0,0.0,-1.133295,1.884681,-1.840541,0.0,0.0,-1.427264,2.235251,-2.023025,0.0,0.0,-0.005735,1.090517,-1.062338,0.0,0.0,-0.064533,1.807171,-1.589065,0.0,0.0,-0.108569,2.379577,-1.870061,0.0,0.0,-0.158489,2.897056,-2.088117,0.0,0.0,0.451913,1.068083,-1.031919,0.0,0.0,0.600190,1.730608,-1.513226,0.0,0.0,0.722334,2.238559,-1.743925,0.0,0.0,0.813057,2.676530,-1.892841,0.0,0.0,0.824656,0.989476,-1.006805,0.0,0.0,1.187361,1.517534,-1.423044,0.0,0.0,1.481232,1.798419,-1.630139,0.0,0.0,1.768191,2.072023,-1.771102,0.0,0.0
record2.mp4,e7f94d8ffdda6840c9b04703cf2b6166921cdbd5be69632bee01bf2c9ebea648,640,480,12.02,736,61.25,594,49500,Left,0.872132,0.000000,0.000000,0.000000,0.0,0.0,-0.613787,0.371716,-0.337655,0.0,0.0,-1.109469,0.810657,-0.655080,0.0,0.0,-1.572544,1.258272,-0.910540,0.0,0.0,-1.968580,1.597739,-1.189194,0.0,0.0,-0.519241,1.045002,-1.044934,0.0,0.0,-0.849749,1.501023,-1.508666,0.0,0.0,-1.112882,1.804075,-1.783166,0.0,0.0,-1.392464,2.087273,-1.963106,0.0,0.0,-0.004355,1.094798,-1.040990,0.0,0.0,-0.085352,1.734781,-1.553349,0.0,0.0,-0.114715,2.261293,-1.831971,0.0,0.0,-0.150022,2.718196,-2.053172,0.0,0.0,0.453633,1.076339,-1.017520,0.0,0.0,0.589995,1.702608,-1.491574,0.0,0.0,0.707829,2.185617,-1.731835,0.0,0.0,0.787479,2.592370,-1.894841,0.0,0.0,0.820940,0.991331,-0.992875,0.0,0.0,1.230040,1.468700,-1.412190,0.0,0.0,1.555867,1.724295,-1.628715,0.0,0.0,1.860471,1.983361,-1.778611,0.0,0.0
record2.mp4,e7f94d8ffdda6840c9b04703cf2b6166921cdbd5be69632bee01bf2c9ebea648,640,480,12.02,736,61.25,595,49583,Left,0.93044,0.000000,0.000000,0.000000,0.0,0.0,-0.597455,0.381619,-0.285145,0.0,0.0,-1.104134,0.801713,-0.583359,0.0,0.0,-1.570208,1.246099,-0.826636,0.0,0.0,-1.976709,1.592424,-1.091245,0.0,0.0,-0.505096,1.079356,-0.962556,0.0,0.0,-0.845747,1.750459,-1.356215,0.0,0.0,-1.041596,2.210112,-1.564305,0.0,0.0,-1.230552,2.628659,-1.708561,0.0,0.0,0.018005,1.126846,-0.974251,0.0,0.0,-0.089981,1.817348,-1.415894,0.0,0.0,-0.127449,2.313755,-1.625469,0.0,0.0,-0.167221,2.747802,-1.795970,0.0,0.0,0.466365,1.088075,-0.965036,0.0,0.0,0.601429,1.710901,-1.378828,0.0,0.0,0.722744,2.197822,-1.578776,0.0,0.0,0.809700,2.613173,-1.722852,0.0,0.0,0.793933,0.994404,-0.953424,0.0,0.0,1.230205,1.445437,-1.338566,0.0,0.0,1.559174,1.671253,-1.539443,0.0,0.0,1.865878,1.910357,-1.678398,0.0,0.0
record2.mp4,e7f94d8ffdda6840c9b04703cf2b6166921cdbd5be69632bee01bf2c9ebea648,640,480,12.02,736,61.25,596,49666,Left,0.971941,0.000000,0.000000,0.000000,0.0,0.0,-0.573193,0.381443,-0.236372,0.0,0.0,-1.026219,0.786693,-0.516740,0.0,0.0,-1.442953,1.216778,-0.744553,0.0,0.0,-1.811154,1.540744,-0.998710,0.0,0.0,-0.496591,1.143714,-0.915675,0.0,0.0,-0.782116,1.757944,-1.288719,0.0,0.0,-0.927968,2.181565,-1.491778,0.0,0.0,-1.052265,2.501589,-1.627209,0.0,0.0,0.019799,1.195746,-0.938359,0.0,0.0,-0.010874,1.925017,-1.296157,0.0,0.0,-0.037732,2.353718,-1.456936,0.0,0.0,-0.061976,2.639668,-1.592112,0.0,0.0,0.451555,1.110614,-0.936846,0.0,0.0,0.642590,1.762597,-1.267393,0.0,0.0,0.808034,2.227074,-1.454956,0.0,0.0,0.924980,2.589877,-1.604732,0.0,0.0,0.741560,0.934147,-0.926489,0.0,0.0,1.173260,1.276981,-1.242140,0.0,0.0,1.495568,1.468560,-1.413185,0.0,0.0,1.772664,1.647291,-1.534632,0.0,0.0
record2.mp4,e7f94d8ffdda6840c9b04703cf2b6166921cdbd5be69632bee01bf2c9ebea648,640,480,12.02,736,61.25,597,49750,Left,0.971931,0.000000,0.000000,0.000000,0.0,0.0,-0.615418,0.419582,-0.261069,0.0,0.0,-1.096129,0.835039,-0.583149,0.0,0.0,-1.534299,1.273349,-0.835232,0.0,0.0,-1.898938,1.597000,-1.118358,0.0,0.0,-0.503845,1.088158,-1.150163,0.0,0.0,-0.778335,1.760876,-1.606314,0.0,0.0,-0.931716,2.228660,-1.859765,0.0,0.0,-1.087398,2.582103,-2.021101,0.0,0.0,0.064370,1.124341,-1.163421,0.0,0.0,0.029474,1.934593,-1.602837,0.0,0.0,-0.026251,2.422597,-1.812866,0.0,0.0,-0.086372,2.720479,-1.982787,0.0,0.0,0.517298,1.058526,-1.135156,0.0,0.0,0.735381,1.769418,-1.528486,0.0,0.0,0.889653,2.279705,-1.780752,0.0,0.0,0.985805,2.652700,-1.976819,0.0,0.0,0.813131,0.915924,-1.089143,0.0,0.0,1.272667,1.227897,-1.432875,0.0,0.0,1.576953,1.372248,-1.633242,0.0,0.0,1.827455,1.503667,-1.784633,0.0,0.0
record2.mp4,e7f94d8ffdda6840c9b04703cf2b6166921cdbd5be69632bee01bf2c9ebea648,640,480,12.02,736,61.25,598,49833,Left,0.983234,0.000000,0.000000,0.000000,0.0,0.0,-0.628688,0.454964,-0.241980,0.0,0.0,-1.129563,0.919260,-0.548399,0.0,0.0,-1.592147,1.379875,-0.788955,0.0,0.0,-1.999859,1.675526,-1.066045,0.0,0.0,-0.549659,1.095104,-1.115024,0.0,0.0,-0.833995,1.819673,-1.532647,0.0,0.0,-0.993444,2.314250,-1.754177,0.0,0.0,-1.148348,2.711052,-1.900840,0.0,0.0,0.019339,1.132017,-1.131093,0.0,0.0,-0.019650,1.973761,-1.557953,0.0,0.0,-0.067513,2.494894,-1.773739,0.0,0.0,-0.109470,2.842512,-1.950419,0.0,0.0,0.473095,1.058401,-1.098700,0.0,0.0,0.740846,1.767092,-1.467348,0.0,0.0,0.937302,2.283260,-1.730778,0.0,0.0,1.068613,2.667414,-1.939722,0.0,0.0,0.776058,0.910306,-1.047139,0.0,0.0,1.221713,1.211328,-1.368157,0.0,0.0,1.509862,1.347794,-1.573897,0.0,0.0,1.753600,1.477312,-1.735024,0.0,0.0
record2.mp4,e7f94d8ffdda6840c9b04703cf2b6166921cdbd5be69632bee01bf2c9ebea648,640,480,12.02,736,61.25,599,49916,Left,0.979976,0.000000,0.000000,0.000000,0.0,0.0,-0.579041,0.459010,-0.219909,0.0,0.0,-1.080839,0.894427,-0.521707,0.0,0.0,-1.523287,1.328217,-0.757754,0.0,0.0,-1.931452,1.639339,-1.024155,0.0,0.0,-0.497795,1.080954,-1.082190,0.0,0.0,-0.774620,1.787384,-1.508213,0.0,0.0,-0.951996,2.283405,-1.723214,0.0,0.0,-1.119351,2.668384,-1.853658,0.0,0.0,0.052663,1.139695,-1.087557,0.0,0.0,-0.004603,1.980505,-1.493312,0.0,0.0,-0.047701,2.474905,-1.660899,0.0,0.0,-0.074801,2.773668,-1.797720,0.0,0.0,0.495411,1.089336,-1.052770,0.0,0.0,0.743590,1.820117,-1.416969,0.0,0.0,0.935917,2.370158,-1.646212,0.0,0.0,1.079925,2.748447,-1.819148,0.0,0.0,0.792064,0.968919,-0.996727,0.0,0.0,1.164450,1.447668,-1.320030,0.0,0.0,1.424469,1.780398,-1.533667,0.0,0.0,1.654649,2.075987,-1.696178,0.0,0.0
record2.mp4,e7f94d8ffdda6840c9b04703cf2b6166921cdbd5be69632bee01bf2c9ebea648,640,480,12.02,736,61.25,600,50000,Left,0.984302,0.000000,0.000000,0.000000,0.0,0.0,-0.635412,0.439095,-0.285775,0.0,0.0,-1.162969,0.934622,-0.606995,0.0,0.0,-1.633876,1.381485,-0.858232,0.0,0.0,-2.017935,1.742474,-1.158621,0.0,0.0,-0.527290,1.070800,-1.154951,0.0,0.0,-0.796684,1.839137,-1.621825,0.0,0.0,-0.988646,2.374874,-1.903683,0.0,0.0,-1.184563,2.814027,-2.094552,0.0,0.0,0.048540,1.114882,-1.178583,0.0,0.0,0.036086,1.963641,-1.610575,0.0,0.0,-0.038891,2.533271,-1.871247,0.0,0.0,-0.084092,2.950234,-2.087752,0.0,0.0,0.511259,1.038796,-1.161368,0.0,0.0,0.828892,1.753379,-1.591738,0.0,0.0,1.021208,2.315070,-1.946098,0.0,0.0,1.195614,2.757459,-2.225476,0.0,0.0,0.826121,0.867058,-1.124694,0.0,0.0,1.204277,0.950322,-1.533884,0.0,0.0,1.465469,0.877989,-1.782986,0.0,0.0,1.721351,0.821895,-1.975957,0.0,0.0
record2.mp4,e7f94d8ffdda6840c9b04703cf2b6166921cdbd5be69632bee01bf2c9ebea648,640,480,12.02,736,61.25,601,50083,Left,0.966795,0.000000,0.000000,0.000000,0.0,0.0,-0.626661,0.385379,-0.266185,0.0,0.0,-1.138796,0.846228,-0.573960,0.0,0.0,-1.576497,1.290145,-0.818422,0.0,0.0,-1.961432,1.652013,-1.112178,0.0,0.0,-0.519455,1.055081,-1.062942,0.0,0.0,-0.780285,1.762441,-1.495649,0.0,0.0,-0.962701,2.257723,-1.761853,0.0,0.0,-1.132267,2.672785,-1.940349,0.0,0.0,0.061332,1.112522,-1.094773,0.0,0.0,0.037091,1.908564,-1.470039,0.0,0.0,-0.044382,2.445875,-1.685351,0.0,0.0,-0.087879,2.826716,-1.866976,0.0,0.0,0.532034,1.023155,-1.092590,0.0,0.0,0.819455,1.731743,-1.513338,0.0,0.0,1.012211,2.314702,-1.843327,0.0,0.0,1.202041,2.775735,-2.099583,0.0,0.0,0.849221,0.834197,-1.067596,0.0,0.0,1.175915,0.895771,-1.456995,0.0,0.0,1.436859,0.767577,-1.657668,0.0,0.0,1.710080,0.638464,-1.812698,0.0,0.0
record2.mp4,e7f94d8ffdda6840c9b04703cf2b6166921cdbd5be69632bee01bf2c9ebea648,640,480,12.02,736,61.25,602,50166,Left,0.974369,0.000000,0.000000,0.000000,0.0,0.0,-0.620464,0.384762,-0.284156,0.0,0.0,-1.121981,0.862645,-0.559571,0.0,0.0,-1.538675,1.323291,-0.776378,0.0,0.0,-1.910540,1.650329,-1.010123,0.0,0.0,-0.542047,1.050595,-0.923807,0.0,0.0,-0.787162,1.730414,-1.307714,0.0,0.0,-0.952248,2.192983,-1.522493,0.0,0.0,-1.129111,2.639937,-1.667192,0.0,0.0,0.002862,1.107852,-0.916466,0.0,0.0,-0.036005,1.818741,-1.295076,0.0,0.0,-0.042892,2.369460,-1.471802,0.0,0.0,-0.063320,2.863866,-1.621955,0.0,0.0,0.461885,1.086312,-0.893063,0.0,0.0,0.616595,1.790593,-1.241885,0.0,0.0,0.750460,2.319164,-1.424385,0.0,0.0,0.845284,2.791003,-1.557463,0.0,0.0,0.780192,1.001134,-0.871481,0.0,0.0,1.150266,1.527136,-1.197587,0.0,0.0,1.437152,1.812394,-1.372504,0.0,0.0,1.697524,2.104415,-1.494098,0.0,0.0
record2.mp4,e7f94d8ffdda6840c9b04703cf2b6166921cdbd5be69632bee01bf2c9ebea648,640,480,12.02,736,61.25,603,50250,Left,0.951059,0.000000,0.000000,0.000000,0.0,0.0,-0.613083,0.337252,-0.313426,0.0,0.0,-1.117292,0.799883,-0.619909,0.0,0.0,-1.559163,1.261470,-0.869753,0.0,0.0,-1.962077,1.586561,-1.144110,0.0,0.0,-0.548785,1.002184,-0.998689,0.0,0.0,-0.828683,1.687993,-1.405185,0.0,0.0,-0.996734,2.166948,-1.624942,0.0,0.0,-1.160086,2.615328,-1.778901,0.0,0.0,-0.004816,1.077506,-0.998815,0.0,0.0,-0.096558,1.729168,-1.390214,0.0,0.0,-0.147671,2.179256,-1.539315,0.0,0.0,-0.200176,2.569199,-1.671155,0.0,0.0,0.478653,1.053271,-0.985710,0.0,0.0,0.611970,1.762155,-1.365139,0.0,0.0,0.773887,2.297759,-1.520286,0.0,0.0,0.900237,2.781005,-1.639656,0.0,0.0,0.835790,0.949998,-0.975134,0.0,0.0,1.189809,1.472691,-1.320040,0.0,0.0,1.485753,1.756884,-1.473671,0.0,0.0,1.764547,2.033086,-1.582989,0.0,0.0
record2.mp4,e7f94d8ffdda6840c9b04703cf2b6166921cdbd5be69632bee01bf2c9ebea648,640,480,12.02,736,61.25,604,50333,Left,0.903032,0.000000,0.000000,0.000000,0.0,0.0,-0.597342,0.338926,-0.325463,0.0,0.0,-1.091622,0.798932,-0.660529,0.0,0.0,-1.531286,1.259608,-0.932287,0.0,0.0,-1.954000,1.585393,-1.226500,0.0,0.0,-0.530273,0.986355,-1.099126,0.0,0.0,-0.811122,1.655623,-1.548695,0.0,0.0,-0.981797,2.129345,-1.788692,0.0,0.0,-1.153296,2.578940,-1.957673,0.0,0.0,0.011893,1.057140,-1.094978,0.0,0.0,-0.131643,1.599410,-1.527278,0.0,0.0,-0.245290,1.947871,-1.678169,0.0,0.0,-0.360892,2.241372,-1.814658,0.0,0.0,0.499438,1.055908,-1.077178,0.0,0.0,0.627785,1.713507,-1.500884,0.0,0.0,0.793885,2.254751,-1.675986,0.0,0.0,0.916446,2.745015,-1.812959,0.0,0.0,0.849493,0.987186,-1.058008,0.0,0.0,1.205153,1.512639,-1.427777,0.0,0.0,1.511167,1.786607,-1.598401,0.0,0.0,1.802322,2.062586,-1.727112,0.0,0.0
record2.mp4,e7f94d8ffdda6840c9b04703cf2b6166921cdbd5be69632bee01bf2c9ebea648,640,480,12.02,736,61.25,605,50416,Left,0.93422,0.000000,0.000000,0.000000,0.0,0.0,-0.628345,0.336322,-0.331999,0.0,0.0,-1.176162,0.820330,-0.675217,0.0,0.0,-1.635937,1.309067,-0.954979,0.0,0.0,-2.081014,1.654680,-1.263459,0.0,0.0,-0.574699,0.970556,-1.132652,0.0,0.0,-0.856585,1.699805,-1.590078,0.0,0.0,-1.042692,2.213618,-1.836968,0.0,0.0,-1.222622,2.694913,-2.014426,0.0,0.0,-0.011317,1.019814,-1.133529,0.0,0.0,-0.115701,1.627731,-1.558062,0.0,0.0,-0.237996,1.987779,-1.699348,0.0,0.0,-0.357505,2.295603,-1.835627,0.0,0.0,0.490916,1.012920,-1.122887,0.0,0.0,0.647963,1.718259,-1.531709,0.0,0.0,0.817139,2.269917,-1.698129,0.0,0.0,0.948254,2.765324,-1.837316,0.0,0.0,0.860017,0.954195,-1.114537,0.0,0.0,1.231271,1.518797,-1.482688,0.0,0.0,1.559648,1.835233,-1.661037,0.0,0.0,1.859029,2.147348,-1.799391,0.0,0.0
record2.mp4,e7f94d8ffdda6840c9b04703cf2b6166921cdbd5be69632bee01bf2c9ebea648,640,480,12.02,736,61.25,606,50500,Left,0.91149,0.000000,0.000000,0.000000,0.0,0.0,-0.615638,0.329198,-0.348458,0.0,0.0,-1.145690,0.810430,-0.672640,0.0,0.0,-1.601185,1.291458,-0.935314,0.0,0.0,-2.030443,1.612991,-1.218656,0.0,0.0,-0.556511,0.982166,-1.043783,0.0,0.0,-0.809469,1.688536,-1.462241,0.0,0.0,-0.982571,2.184564,-1.686949,0.0,0.0,-1.139312,2.666165,-1.846391,0.0,0.0,0.001490,1.028927,-1.021238,0.0,0.0,-0.071456,1.574290,-1.423849,0.0,0.0,-0.138557,1.892394,-1.543819,0.0,0.0,-0.184967,2.177008,-1.652511,0.0,0.0,0.494394,1.023879,-0.994407,0.0,0.0,0.640611,1.668304,-1.403424,0.0,0.0,0.808003,2.195618,-1.552834,0.0,0.0,0.966869,2.688115,-1.661980,0.0,0.0,0.856223,0.977571,-0.971940,0.0,0.0,1.209588,1.525968,-1.330550,0.0,0.0,1.515991,1.802401,-1.482216,0.0,0.0,1.819361,2.083324,-1.589891,0.0,0.0
record2.mp4,e7f94d8ffdda6840c9b04703cf2b6166921cdbd5be69632bee01bf2c9ebea648,640,480,12.02,736,61.25,607,50583,Left,0.943178,0.000000,0.000000,0.000000,0.0,0.0,-0.609604,0.405158,-0.323781,0.0,0.0,-1.101689,0.914673,-0.636459,0.0,0.0,-1.556134,1.396155,-0.884183,0.0,0.0,-1.960001,1.721326,-1.145239,0.0,0.0,-0.560046,1.024291,-1.045126,0.0,0.0,-0.810139,1.737649,-1.492913,0.0,0.0,-0.969252,2.246209,-1.735837,0.0,0.0,-1.139236,2.737289,-1.893841,0.0,0.0,-0.007328,1.053900,-1.056768,0.0,0.0,-0.030336,1.899736,-1.546233,0.0,0.0,-0.044533,2.557360,-1.790860,0.0,0.0,-0.063123,3.155355,-1.978611,0.0,0.0,0.470846,1.019093,-1.045707,0.0,0.0,0.653566,1.727633,-1.486526,0.0,0.0,0.793027,2.283771,-1.686110,0.0,0.0,0.908207,2.774075,-1.812324,0.0,0.0,0.843427,0.948269,-1.037789,0.0,0.0,1.183544,1.532651,-1.409636,0.0,0.0,1.456667,1.851411,-1.582605,0.0,0.0,1.736758,2.180912,-1.697293,0.0,0.0
record2.mp4,e7f94d8ffdda6840c9b04703cf2b6166921cdbd5be69632bee01bf2c9ebea648,640,480,12.02,736,61.25,608,50666,Left,0.939822,0.000000,0.000000,0.000000,0.0,0.0,-0.630287,0.385435,-0.303365,0.0,0.0,-1.130307,0.866577,-0.611482,0.0,0.0,-1.585337,1.341294,-0.866109,0.0,0.0,-2.005164,1.683760,-1.136962,0.0,0.0,-0.540028,1.004131,-1.009812,0.0,0.0,-0.859579,1.641855,-1.458564,0.0,0.0,-1.063704,2.106900,-1.693809,0.0,0.0,-1.286447,2.550278,-1.846056,0.0,0.0,-0.003865,1.066812,-1.017147,0.0,0.0,-0.119085,1.715298,-1.512460,0.0,0.0,-0.193586,2.269060,-1.724896,0.0,0.0,-0.285723,2.747241,-1.886167,0.0,0.0,0.473435,1.050211,-1.007538,0.0,0.0,0.620966,1.713247,-1.464224,0.0,0.0,0.744321,2.253980,-1.648954,0.0,0.0,0.817617,2.720252,-1.764402,0.0,0.0,0.839765,0.983518,-0.998017,0.0,0.0,1.183640,1.526589,-1.392440,0.0,0.0,1.454210,1.827181,-1.578993,0.0,0.0,1.719655,2.132846,-1.700251,0.0,0.0
record2.mp4,e7f94d8ffdda6840c9b04703cf2b6166921cdbd5be69632bee01bf2c9ebea648,640,480,12.02,736,61.25,609,50750,Left,0.874054,0.000000,0.000000,0.000000,0.0,0.0,-0.612582,0.372479,-0.360926,0.0,0.0,-1.113345,0.865738,-0.682393,0.0,0.0,-1.565200,1.336358,-0.944123,0.0,0.0,-1.971339,1.657971,-1.227545,0.0,0.0,-0.540557,1.024705,-1.061678,0.0,0.0,-0.821415,1.531729,-1.546980,0.0,0.0,-1.044353,1.916210,-1.826581,0.0,0.0,-1.295446,2.317455,-2.012698,0.0,0.0,-0.008010,1.067166,-1.061166,0.0,0.0,-0.078343,1.708075,-1.603978,0.0,0.0,-0.139190,2.239483,-1.877371,0.0,0.0,-0.226028,2.742579,-2.087500,0.0,0.0,0.462279,1.040809,-1.047093,0.0,0.0,0.634953,1.681246,-1.536091,0.0,0.0,0.777996,2.198259,-1.749654,0.0,0.0,0.865268,2.655832,-1.886145,0.0,0.0,0.845967,0.958133,-1.040374,0.0,0.0,1.190556,1.515929,-1.456196,0.0,0.0,1.469625,1.831951,-1.660714,0.0,0.0,1.738475,2.153823,-1.800165,0.0,0.0
record2.mp4,e7f94d8ffdda6840c9b04703cf2b6166921cdbd5be69632bee01bf2c9ebea648,640,480,12.02,736,61.25,610,50833,Left,0.918694,0.000000,0.000000,0.000000,0.0,0.0,-0.613622,0.393943,-0.322659,0.0,0.0,-1.120530,0.924725,-0.624503,0.0,0.0,-1.586264,1.416529,-0.870480,0.0,0.0,-2.017059,1.759916,-1.135157,0.0,0.0,-0.535759,1.023099,-0.980906,0.0,0.0,-0.775127,1.464681,-1.442179,0.0,0.0,-0.993225,1.762783,-1.709136,0.0,0.0,-1.252122,2.072953,-1.880883,0.0,0.0,-0.022431,1.078743,-0.994585,0.0,0.0,-0.084662,1.804676,-1.506723,0.0,0.0,-0.132725,2.403158,-1.789806,0.0,0.0,-0.198549,2.951538,-2.009696,0.0,0.0,0.441269,1.064743,-0.991703,0.0,0.0,0.629847,1.770023,-1.462813,0.0,0.0,0.797160,2.326223,-1.704096,0.0,0.0,0.912655,2.798946,-1.856341,0.0,0.0,0.829923,0.990077,-0.989005,0.0,0.0,1.185681,1.590536,-1.378986,0.0,0.0,1.465540,1.929382,-1.577161,0.0,0.0,1.739434,2.252034,-1.713451,0.0,0.0
record2.mp4,e7f94d8ffdda6840c9b04703cf2b6166921cdbd5be69632bee01bf2c9ebea648,640,480,12.02,736,61.25,611,50916,Left,0.936028,0.000000,0.000000,0.000000,0.0,0.0,-0.650082,0.424222,-0.361069,0.0,0.0,-1.184529,0.979244,-0.701677,0.0,0.0,-1.654664,1.480290,-0.977685,0.0,0.0,-2.102791,1.828480,-1.277766,0.0,0.0,-0.564317,0.984008,-1.108341,0.0,0.0,-0.783820,1.419389,-1.644443,0.0,0.0,-1.002313,1.702846,-1.966313,0.0,0.0,-1.261307,1.970839,-2.167322,0.0,0.0,-0.024366,1.006938,-1.122203,0.0,0.0,-0.073671,1.803737,-1.702518,0.0,0.0,-0.115635,2.451478,-2.050666,0.0,0.0,-0.167180,3.043070,-2.320337,0.0,0.0,0.464650,0.994345,-1.115619,0.0,0.0,0.680264,1.787016,-1.656210,0.0,0.0,0.866647,2.389815,-1.959764,0.0,0.0,1.007837,2.885414,-2.151636,0.0,0.0,0.885241,0.947337,-1.105215,0.0,0.0,1.246290,1.608265,-1.539049,0.0,0.0,1.538484,1.971263,-1.768674,0.0,0.0,1.834587,2.300696,-1.931078,0.0,0.0
record2.mp4,e7f94d8ffdda6840c9b04703cf2b6166921cdbd5be69632bee01bf2c9ebea648,640,480,12.02,736,61.25,612,51000,Left,0.946914,0.000000,0.000000,0.000000,0.0,0.0,-0.645378,0.412829,-0.351361,0.0,0.0,-1.184801,0.980321,-0.683383,0.0,0.0,-1.650572,1.476302,-0.956400,0.0,0.0,-2.100020,1.792105,-1.251858,0.0,0.0,-0.564563,0.982549,-1.085201,0.0,0.0,-0.777622,1.434038,-1.619143,0.0,0.0,-0.987726,1.701717,-1.940545,0.0,0.0,-1.245573,1.935461,-2.138942,0.0,0.0,-0.025258,1.009865,-1.102856,0.0,0.0,-0.080312,1.777302,-1.674518,0.0,0.0,-0.116043,2.420690,-2.017670,0.0,0.0,-0.162568,2.998412,-2.284279,0.0,0.0,0.460897,1.000164,-1.101061,0.0,0.0,0.660035,1.789978,-1.630776,0.0,0.0,0.854949,2.382751,-1.923732,0.0,0.0,1.006043,2.865012,-2.108485,0.0,0.0,0.879753,0.957445,-1.096700,0.0,0.0,1.230813,1.616620,-1.521264,0.0,0.0,1.522734,1.969441,-1.742127,0.0,0.0,1.819761,2.281526,-1.896526,0.0,0.0
record2.mp4,e7f94d8ffdda6840c9b04703cf2b6166921cdbd5be69632bee01bf2c9ebea648,640,480,12.02,736,61.25,613,51083,Left,0.934403,0.000000,0.000000,0.000000,0.0,0.0,-0.625196,0.407798,-0.376015,0.0,0.0,-1.141060,0.955409,-0.726627,0.0,0.0,-1.620496,1.450798,-1.012157,0.0,0.0,-2.085417,1.766858,-1.322523,0.0,0.0,-0.553587,1.000693,-1.149136,0.0,0.0,-0.796280,1.476281,-1.688634,0.0,0.0,-1.033058,1.740876,-2.010235,0.0,0.0,-1.313904,1.986521,-2.214398,0.0,0.0,-0.022137,1.028534,-1.160958,0.0,0.0,-0.084579,1.793277,-1.757177,0.0,0.0,-0.113180,2.420393,-2.117753,0.0,0.0,-0.149778,2.990711,-2.397866,0.0,0.0,0.454586,1.017175,-1.150618,0.0,0.0,0.639917,1.784987,-1.700514,0.0,0.0,0.814521,2.364589,-2.008939,0.0,0.0,0.951647,2.833541,-2.205730,0.0,0.0,0.866139,0.971465,-1.137814,0.0,0.0,1.224158,1.632110,-1.576256,0.0,0.0,1.518610,1.982821,-1.808770,0.0,0.0,1.818216,2.297517,-1.974159,0.0,0.0
record2.mp4,e7f94d8ffdda6840c9b04703cf2b6166921cdbd5be69632bee01bf2c9ebea648,640,480,12.02,736,61.25,614,51166,Left,0.966758,0.000000,0.000000,0.000000,0.0,0.0,-0.615284,0.389326,-0.320203,0.0,0.0,-1.143439,0.899859,-0.637873,0.0,0.0,-1.603208,1.396725,-0.889894,0.0,0.0,-2.063784,1.708786,-1.162978,0.0,0.0,-0.618511,1.022366,-1.073070,0.0,0.0,-0.863549,1.793273,-1.515144,0.0,0.0,-1.007681,2.351592,-1.744897,0.0,0.0,-1.153667,2.850740,-1.897532,0.0,0.0,-0.071534,1.036575,-1.075047,0.0,0.0,-0.116129,1.853693,-1.559168,0.0,0.0,-0.123990,2.460725,-1.785367,0.0,0.0,-0.121638,2.997219,-1.960587,0.0,0.0,0.418110,1.005064,-1.054282,0.0,0.0,0.596467,1.766197,-1.496365,0.0,0.0,0.732905,2.353421,-1.702868,0.0,0.0,0.854433,2.843008,-1.837224,0.0,0.0,0.810375,0.952689,-1.033446,0.0,0.0,1.178615,1.584072,-1.430321,0.0,0.0,1.465121,1.930010,-1.634538,0.0,0.0,1.751603,2.251606,-1.767991,0.0,0.0
record2.mp4,e7f94d8ffdda6840c9b04703cf2b6166921cdbd5be69632bee01bf2c9ebea648,640,480,12.02,736,61.25,615,51250,Left,0.956494,0.000000,0.000000,0.000000,0.0,0.0,-0.613396,0.373419,-0.283900,0.0,0.0,-1.121706,0.842167,-0.572422,0.0,0.0,-1.579376,1.285852,-0.805478,0.0,0.0,-2.030279,1.559778,-1.056939,0.0,0.0,-0.568747,1.023850,-0.978264,0.0,0.0,-0.835769,1.724410,-1.396000,0.0,0.0,-0.994381,2.240104,-1.623528,0.0,0.0,-1.158234,2.709744,-1.776925,0.0,0.0,-0.033850,1.074047,-0.982817,0.0,0.0,-0.099494,1.786698,-1.448640,0.0,0.0,-0.107768,2.360025,-1.671008,0.0,0.0,-0.110386,2.874574,-1.844184,0.0,0.0,0.440536,1.048302,-0.962638,0.0,0.0,0.591849,1.727897,-1.377474,0.0,0.0,0.731216,2.261482,-1.553768,0.0,0.0,0.844897,2.722789,-1.669504,0.0,0.0,0.812309,0.976417,-0.943277,0.0,0.0,1.161691,1.539980,-1.315078,0.0,0.0,1.442305,1.840331,-1.494807,0.0,0.0,1.725412,2.137322,-1.609119,0.0,0.0
record2.mp4,e7f94d8ffdda6840c9b04703cf2b6166921cdbd5be69632bee01bf2c9ebea648,640,480,12.02,736,61.25,616,51333,Left,0.954442,0.000000,0.000000,0.000000,0.0,0.0,-0.606205,0.338600,-0.286278,0.0,0.0,-1.136746,0.780331,-0.569242,0.0,0.0,-1.590726,1.204400,-0.798910,0.0,0.0,-2.016261,1.453721,-1.048502,0.0,0.0,-0.587520,1.037181,-0.935620,0.0,0.0,-0.859291,1.712263,-1.319339,0.0,0.0,-1.006446,2.205346,-1.526556,0.0,0.0,-1.150375,2.659549,-1.672495,0.0,0.0,-0.060954,1.097767,-0.944609,0.0,0.0,-0.133068,1.812421,-1.371655,0.0,0.0,-0.141184,2.348156,-1.582454,0.0,0.0,-0.144248,2.823128,-1.752023,0.0,0.0,0.407205,1.069691,-0.932154,0.0,0.0,0.544609,1.739049,-1.323748,0.0,0.0,0.683214,2.247848,-1.513366,0.0,0.0,0.802667,2.684291,-1.644956,0.0,0.0,0.774203,0.979536,-0.921063,0.0,0.0,1.124910,1.510033,-1.284622,0.0,0.0,1.414086,1.791832,-1.473302,0.0,0.0,1.701334,2.071382,-1.599179,0.0,0.0
record2.mp4,e7f94d8ffdda6840c9b04703cf2b6166921cdbd5be69632bee01bf2c9ebea648,640,480,12.02,736,61.25,617,51416,Left,0.96944,0.000000,0.000000,0.000000,0.0,0.0,-0.621214,0.352962,-0.267015,0.0,0.0,-1.125566,0.715503,-0.559937,0.0,0.0,-1.611469,1.027727,-0.789540,0.0,0.0,-2.026003,1.197997,-1.035920,0.0,0.0,-0.571738,1.052314,-1.030684,0.0,0.0,-0.858068,1.780926,-1.437962,0.0,0.0,-1.023669,2.287119,-1.660528,0.0,0.0,-1.181198,2.748333,-1.812917,0.0,0.0,-0.028842,1.117397,-1.031097,0.0,0.0,-0.113191,1.885664,-1.485373,0.0,0.0,-0.145333,2.454569,-1.727728,0.0,0.0,-0.157914,2.937289,-1.918857,0.0,0.0,0.425063,1.094916,-0.993379,0.0,0.0,0.609214,1.798215,-1.386197,0.0,0.0,0.776547,2.349949,-1.618618,0.0,0.0,0.910697,2.817854,-1.784400,0.0,0.0,0.744311,1.017999,-0.948563,0.0,0.0,1.165684,1.522761,-1.301681,0.0,0.0,1.494124,1.764861,-1.501143,0.0,0.0,1.806284,2.013778,-1.637489,0.0,0.0
record2.mp4,e7f94d8ffdda6840c9b04703cf2b6166921cdbd5be69632bee01bf2c9ebea648,640,480,12.02,736,61.25,618,51500,Left,0.97184,0.000000,0.000000,0.000000,0.0,0.0,-0.599817,0.332650,-0.260310,0.0,0.0,-1.070554,0.650439,-0.571971,0.0,0.0,-1.556355,0.898650,-0.822598,0.0,0.0,-1.989188,0.991417,-1.098404,0.0,0.0,-0.528812,1.077948,-1.050485,0.0,0.0,-0.830672,1.777599,-1.471523,0.0,0.0,-0.980249,2.265975,-1.693435,0.0,0.0,-1.119282,2.664167,-1.837316,0.0,0.0,0.002295,1.173427,-1.056959,0.0,0.0,-0.077811,1.917807,-1.476655,0.0,0.0,-0.142753,2.450808,-1.659910,0.0,0.0,-0.195377,2.851793,-1.800032,0.0,0.0,0.447997,1.134015,-1.030682,0.0,0.0,0.626771,1.869058,-1.420793,0.0,0.0,0.768226,2.391580,-1.652007,0.0,0.0,0.861727,2.824938,-1.815756,0.0,0.0,0.724892,1.003413,-0.991685,0.0,0.0,1.144523,1.379852,-1.348358,0.0,0.0,1.471528,1.549046,-1.544281,0.0,0.0,1.757292,1.718788,-1.674987,0.0,0.0
record2.mp4,e7f94d8ffdda6840c9b04703cf2b6166921cdbd5be69632bee01bf2c9ebea648,640,480,12.02,736,61.25,619,51583,Left,0.951867,0.000000,0.000000,0.000000,0.0,0.0,-0.608080,0.349909,-0.268013,0.0,0.0,-1.105768,0.747844,-0.551275,0.0,0.0,-1.520613,1.137138,-0.772768,0.0,0.0,-1.814181,1.471792,-1.015217,0.0,0.0,-0.512941,1.098958,-1.017059,0.0,0.0,-0.781386,1.771716,-1.428184,0.0,0.0,-0.916166,2.218764,-1.664080,0.0,0.0,-1.056384,2.633977,-1.829840,0.0,0.0,0.027304,1.151550,-1.028837,0.0,0.0,-0.039556,1.842375,-1.465500,0.0,0.0,-0.096310,2.362155,-1.710514,0.0,0.0,-0.150427,2.813046,-1.907392,0.0,0.0,0.464746,1.112373,-1.007825,0.0,0.0,0.644733,1.805327,-1.392112,0.0,0.0,0.792826,2.313590,-1.639554,0.0,0.0,0.876422,2.778285,-1.830247,0.0,0.0,0.749149,1.002577,-0.978405,0.0,0.0,1.138433,1.351142,-1.333370,0.0,0.0,1.450055,1.512588,-1.540273,0.0,0.0,1.709762,1.709901,-1.688498,0.0,0.0
record2.mp4,e7f94d8ffdda6840c9b04703cf2b6166921cdbd5be69632bee01bf2c9ebea648,640,480,12.02,736,61.25,620,51666,Left,0.908285,0.000000,0.000000,0.000000,0.0,0.0,-0.650527,0.381648,-0.350265,0.0,0.0,-1.154714,0.851520,-0.700305,0.0,0.0,-1.587416,1.361252,-0.976541,0.0,0.0,-1.980056,1.744977,-1.279341,0.0,0.0,-0.556066,1.047613,-1.179246,0.0,0.0,-0.817528,1.785316,-1.656276,0.0,0.0,-0.959187,2.291697,-1.913278,0.0,0.0,-1.106982,2.756960,-2.086476,0.0,0.0,0.018962,1.109614,-1.174331,0.0,0.0,-0.033101,1.859102,-1.653461,0.0,0.0,-0.078359,2.418178,-1.863067,0.0,0.0,-0.137070,2.890431,-2.031921,0.0,0.0,0.489865,1.057720,-1.144952,0.0,0.0,0.687539,1.784217,-1.586444,0.0,0.0,0.845561,2.341396,-1.814008,0.0,0.0,0.939119,2.842006,-1.982221,0.0,0.0,0.795327,0.927687,-1.112390,0.0,0.0,1.216843,1.330612,-1.506841,0.0,0.0,1.546778,1.546576,-1.711250,0.0,0.0,1.838793,1.781077,-1.857060,0.0,0.0
record2.mp4,e7f94d8ffdda6840c9b04703cf2b6166921cdbd5be69632bee01bf2c9ebea648,640,480,12.02,736,61.25,621,51750,Left,0.924889,0.000000,0.000000,0.000000,0.0,0.0,-0.633421,0.362658,-0.348021,0.0,0.0,-1.132774,0.824045,-0.682658,0.0,0.0,-1.546405,1.321422,-0.943492,0.0,0.0,-1.941825,1.681559,-1.230202,0.0,0.0,-0.524784,1.057919,-1.112803,0.0,0.0,-0.798210,1.769547,-1.544121,0.0,0.0,-0.942468,2.252757,-1.780726,0.0,0.0,-1.086048,2.696951,-1.946233,0.0,0.0,0.045948,1.111463,-1.099451,0.0,0.0,-0.005782,1.803598,-1.533722,0.0,0.0,-0.067935,2.289903,-1.726685,0.0,0.0,-0.143976,2.691506,-1.886574,0.0,0.0,0.513988,1.057469,-1.064644,0.0,0.0,0.703357,1.749092,-1.477511,0.0,0.0,0.870448,2.302497,-1.704152,0.0,0.0,0.974950,2.802200,-1.877412,0.0,0.0,0.813218,0.927258,-1.027135,0.0,0.0,1.228064,1.301049,-1.396474,0.0,0.0,1.551669,1.488462,-1.591416,0.0,0.0,1.838220,1.700536,-1.734259,0.0,0.0
record2.mp4,e7f94d8ffdda6840c9b04703cf2b6166921cdbd5be69632bee01bf2c9ebea648,640,480,12.02,736,61.25,622,51833,Left,0.92331,0.000000,0.000000,0.000000,0.0,0.0,-0.645967,0.347953,-0.366303,0.0,0.0,-1.169758,0.819139,-0.709536,0.0,0.0,-1.610906,1.308457,-0.983775,0.0,0.0,-2.036876,1.666491,-1.287541,0.0,0.0,-0.536407,1.035577,-1.118237,0.0,0.0,-0.801093,1.762235,-1.550712,0.0,0.0,-0.953619,2.247662,-1.788210,0.0,0.0,-1.114885,2.701279,-1.958812,0.0,0.0,0.048041,1.087347,-1.112878,0.0,0.0,0.014472,1.787969,-1.532548,0.0,0.0,-0.038493,2.262798,-1.719098,0.0,0.0,-0.108424,2.668845,-1.880037,0.0,0.0,0.530229,1.017022,-1.090079,0.0,0.0,0.741013,1.725362,-1.485553,0.0,0.0,0.928794,2.283618,-1.698543,0.0,0.0,1.052306,2.806904,-1.872751,0.0,0.0,0.852699,0.862122,-1.070660,0.0,0.0,1.269514,1.243042,-1.433568,0.0,0.0,1.605783,1.436486,-1.621974,0.0,0.0,1.907944,1.648212,-1.765705,0.0,0.0
record2.mp4,e7f94d8ffdda6840c9b04703cf2b6166921cdbd5be69632bee01bf2c9ebea648,640,480,12.02,736,61.25,623,51916,Left,0.918202,0.000000,0.000000,0.000000,0.0,0.0,-0.633058,0.362621,-0.357804,0.0,0.0,-1.140978,0.824125,-0.718553,0.0,0.0,-1.567518,1.301817,-1.004049,0.0,0.0,-1.979711,1.658357,-1.323915,0.0,0.0,-0.519353,1.069978,-1.182626,0.0,0.0,-0.793439,1.774343,-1.629524,0.0,0.0,-0.942707,2.246044,-1.876568,0.0,0.0,-1.095309,2.679172,-2.055762,0.0,0.0,0.062395,1.111612,-1.192385,0.0,0.0,0.013377,1.831019,-1.620692,0.0,0.0,-0.029027,2.304098,-1.826121,0.0,0.0,-0.071820,2.693251,-2.002281,0.0,0.0,0.538097,1.021337,-1.176735,0.0,0.0,0.744101,1.758838,-1.598841,0.0,0.0,0.948908,2.354710,-1.858965,0.0,0.0,1.105035,2.905783,-2.070934,0.0,0.0,0.840468,0.840305,-1.155478,0.0,0.0,1.270194,1.159333,-1.557824,0.0,0.0,1.626759,1.283727,-1.771597,0.0,0.0,1.962475,1.434675,-1.933596,0.0,0.0
record2.mp4,e7f94d8ffdda6840c9b04703cf2b6166921cdbd5be69632bee01bf2c9ebea648,640,480,12.02,736,61.25,624,52000,Left,0.9747,0.000000,0.000000,0.000000,0.0,0.0,-0.677031,0.344431,-0.303906,0.0,0.0,-1.253136,0.811933,-0.643647,0.0,0.0,-1.692601,1.321814,-0.910715,0.0,0.0,-2.151205,1.700147,-1.225749,0.0,0.0,-0.598916,0.982282,-1.176927,0.0,0.0,-0.891046,1.723201,-1.607376,0.0,0.0,-1.052053,2.243198,-1.830739,0.0,0.0,-1.206041,2.680179,-1.991721,0.0,0.0,-0.018453,1.078612,-1.191285,0.0,0.0,-0.218082,1.797681,-1.529309,0.0,0.0,-0.412866,2.256946,-1.626543,0.0,0.0,-0.593274,2.563006,-1.738539,0.0,0.0,0.486580,1.034000,-1.184879,0.0,0.0,0.680868,1.770987,-1.565529,0.0,0.0,0.847750,2.395805,-1.815472,0.0,0.0,0.960120,2.920635,-2.038442,0.0,0.0,0.820723,0.875385,-1.164613,0.0,0.0,1.312944,1.064411,-1.548554,0.0,0.0,1.703297,1.110603,-1.769160,0.0,0.0,2.035869,1.150527,-1.950862,0.0,0.0
record2.mp4,e7f94d8ffdda6840c9b04703cf2b6166921cdbd5be69632bee01bf2c9ebea648,640,480,12.02,736,61.25,625,52083,Left,0.987378,0.000000,0.000000,0.000000,0.0,0.0,-0.620929,0.367343,-0.286189,0.0,0.0,-1.186008,0.837165,-0.584035,0.0,0.0,-1.635313,1.316449,-0.815966,0.0,0.0,-2.107592,1.602521,-1.075517,0.0,0.0,-0.592147,0.962827,-0.928010,0.0,0.0,-0.880829,1.654419,-1.260313,0.0,0.0,-1.008355,2.131365,-1.438538,0.0,0.0,-1.122443,2.537236,-1.557300,0.0,0.0,-0.040817,1.040483,-0.891480,0.0,0.0,-0.278536,1.803282,-1.130573,0.0,0.0,-0.439711,2.237573,-1.167977,0.0,0.0,-0.579909,2.551219,-1.228335,0.0,0.0,0.435377,1.051881,-0.838558,0.0,0.0,0.433814,1.761643,-1.017972,0.0,0.0,0.438748,2.227116,-1.028100,0.0,0.0,0.415282,2.579523,-1.069082,0.0,0.0,0.820050,0.992990,-0.798086,0.0,0.0,0.942009,1.560906,-0.921594,0.0,0.0,0.968704,1.894319,-0.934450,0.0,0.0,0.976943,2.152127,-0.966509,0.0,0.0
record2.mp4,e7f94d8ffdda6840c9b04703cf2b6166921cdbd5be69632bee01bf2c9ebea648,640,480,12.02,736,61.25,626,52166,Left,0.968328,0.000000,0.000000,0.000000,0.0,0.0,-0.697912,0.429132,-0.317823,0.0,0.0,-1.279938,0.966775,-0.648036,0.0,0.0,-1.780618,1.488556,-0.916742,0.0,0.0,-2.262473,1.871014,-1.225346,0.0,0.0,-0.616892,0.974227,-1.203140,0.0,0.0,-0.874789,1.793786,-1.648115,0.0,0.0,-0.981911,2.365018,-1.885977,0.0,0.0,-1.114300,2.855619,-2.060379,0.0,0.0,0.009046,0.955208,-1.229481,0.0,0.0,-0.056280,1.665137,-1.689754,0.0,0.0,-0.213051,2.224790,-1.893384,0.0,0.0,-0.371488,2.630276,-2.083800,0.0,0.0,0.533343,0.860930,-1.224705,0.0,0.0,0.698303,1.335138,-1.654264,0.0,0.0,0.781933,1.616476,-1.852581,0.0,0.0,0.858921,1.740400,-2.019711,0.0,0.0,0.935464,0.729909,-1.222513,0.0,0.0,1.361805,0.849876,-1.616434,0.0,0.0,1.708992,0.848305,-1.828492,0.0,0.0,2.023591,0.839506,-1.997891,0.0,0.0
record2.mp4,e7f94d8ffdda6840c9b04703cf2b6166921cdbd5be69632bee01bf2c9ebea648,640,480,12.02,736,61.25,627,52250,Left,0.935511,0.000000,0.000000,0.000000,0.0,0.0,-0.640960,0.381250,-0.363843,0.0,0.0,-1.208401,0.913767,-0.716201,0.0,0.0,-1.688013,1.453247,-0.984293,0.0,0.0,-2.165976,1.783602,-1.291027,0.0,0.0,-0.593431,0.923873,-1.255595,0.0,0.0,-0.822207,1.665859,-1.713855,0.0,0.0,-0.940496,2.219762,-1.956795,0.0,0.0,-1.040014,2.701394,-2.128555,0.0,0.0,0.008788,0.975445,-1.225391,0.0,0.0,-0.078097,1.676419,-1.629147,0.0,0.0,-0.236101,2.134663,-1.740618,0.0,0.0,-0.393757,2.475999,-1.853861,0.0,0.0,0.529666,0.959050,-1.176563,0.0,0.0,0.729021,1.682312,-1.552803,0.0,0.0,0.885859,2.298144,-1.715534,0.0,0.0,0.981388,2.781633,-1.852802,0.0,0.0,0.909766,0.874100,-1.129207,0.0,0.0,1.366426,1.411741,-1.463737,0.0,0.0,1.711748,1.823771,-1.649868,0.0,0.0,1.977482,2.184895,-1.799238,0.0,0.0
record2.mp4,e7f94d8ffdda6840c9b04703cf2b6166921cdbd5be69632bee01bf2c9ebea648,640,480,12.02,736,61.25,628,52333,Left,0.96707,0.000000,0.000000,0.000000,0.0,0.0,-0.630662,0.455568,-0.276741,0.0,0.0,-1.144695,0.923147,-0.611371,0.0,0.0,-1.593675,1.402555,-0.883497,0.0,0.0,-2.045039,1.686902,-1.182886,0.0,0.0,-0.565239,0.994998,-1.100886,0.0,0.0,-0.819698,1.623230,-1.572340,0.0,0.0,-0.961884,2.127502,-1.830336,0.0,0.0,-1.109138,2.571645,-1.999547,0.0,0.0,0.021358,1.040922,-1.128350,0.0,0.0,-0.083268,1.840379,-1.571014,0.0,0.0,-0.197179,2.454106,-1.739132,0.0,0.0,-0.322595,2.928279,-1.875430,0.0,0.0,0.504422,1.017487,-1.129805,0.0,0.0,0.746416,1.774151,-1.505097,0.0,0.0,0.881773,2.373067,-1.648101,0.0,0.0,0.914521,2.860734,-1.759863,0.0,0.0,0.853000,0.929607,-1.131964,0.0,0.0,1.222075,1.427538,-1.429391,0.0,0.0,1.403834,1.817969,-1.565955,0.0,0.0,1.476297,2.194344,-1.674185,0.0,0.0
record2.mp4,e7f94d8ffdda6840c9b04703cf2b6166921cdbd5be69632bee01bf2c9ebea648,640,480,12.02,736,61.25,629,52416,Left,0.58221,0.000000,0.000000,0.000000,0.0,0.0,-0.659077,0.466155,-0.330975,0.0,0.0,-1.160477,0.961195,-0.661273,0.0,0.0,-1.609606,1.423496,-0.937385,0.0,0.0,-2.040596,1.760413,-1.245022,0.0,0.0,-0.578812,1.038220,-1.081010,0.0,0.0,-0.829119,1.661593,-1.547511,0.0,0.0,-1.005172,2.128226,-1.809669,0.0,0.0,-1.195557,2.576981,-1.985914,0.0,0.0,0.003721,1.025273,-1.096312,0.0,0.0,-0.093567,1.696909,-1.560945,0.0,0.0,-0.199818,2.264355,-1.747589,0.0,0.0,-0.339182,2.740946,-1.900863,0.0,0.0,0.501934,0.957080,-1.100411,0.0,0.0,0.683944,1.648815,-1.511887,0.0,0.0,0.820819,2.270286,-1.655002,0.0,0.0,0.859488,2.796817,-1.757919,0.0,0.0,0.877422,0.825569,-1.114252,0.0,0.0,1.263839,1.379661,-1.451728,0.0,0.0,1.494977,1.799439,-1.593044,0.0,0.0,1.635302,2.215195,-1.699731,0.0,0.0
record2.mp4,e7f94d8ffdda6840c9b04703cf2b6166921cdbd5be69632bee01bf2c9ebea648,640,480,12.02,736,61.25,630,52500,Left,0.867095,0.000000,0.000000,0.000000,0.0,0.0,-0.669014,0.408746,-0.359889,0.0,0.0,-1.249947,1.046969,-0.664913,0.0,0.0,-1.767522,1.624177,-0.892497,0.0,0.0,-2.224257,2.004292,-1.144774,0.0,0.0,-0.684183,0.844339,-1.240685,0.0,0.0,-0.969578,1.519487,-1.717328,0.0,0.0,-1.166441,2.039214,-1.957877,0.0,0.0,-1.330313,2.555741,-2.130315,0.0,0.0,-0.080246,0.855466,-1.222627,0.0,0.0,-0.182008,1.425528,-1.666429,0.0,0.0,-0.260911,1.836812,-1.786855,0.0,0.0,-0.338216,2.178561,-1.920220,0.0,0.0,0.474093,0.874984,-1.195433,0.0,0.0,0.623741,1.575820,-1.621244,0.0,0.0,0.738462,2.259622,-1.771868,0.0,0.0,0.798895,2.850128,-1.903034,0.0,0.0,0.926227,0.872516,-1.174481,0.0,0.0,1.309063,1.556886,-1.544399,0.0,0.0,1.553180,2.056727,-1.729499,0.0,0.0,1.699907,2.513367,-1.887953,0.0,0.0
record2.mp4,e7f94d8ffdda6840c9b04703cf2b6166921cdbd5be69632bee01bf2c9ebea648,640,480,12.02,736,61.25,631,52583,Left,0.92584,0.000000,0.000000,0.000000,0.0,0.0,-0.637379,0.399903,-0.318070,0.0,0.0,-1.179463,0.974574,-0.607334,0.0,0.0,-1.664362,1.518339,-0.836317,0.0,0.0,-2.083878,1.908187,-1.088771,0.0,0.0,-0.603199,0.934835,-1.028454,0.0,0.0,-0.848882,1.424548,-1.471660,0.0,0.0,-0.998499,1.835372,-1.721444,0.0,0.0,-1.167775,2.259513,-1.894211,0.0,0.0,-0.015181,0.959601,-1.051441,0.0,0.0,-0.009539,1.689753,-1.512145,0.0,0.0,0.004106,2.318458,-1.728507,0.0,0.0,-0.025735,2.882394,-1.919496,0.0,0.0,0.500406,0.937896,-1.059153,0.0,0.0,0.661405,1.639794,-1.472259,0.0,0.0,0.753177,2.270650,-1.636289,0.0,0.0,0.767427,2.818412,-1.759690,0.0,0.0,0.922294,0.853859,-1.075131,0.0,0.0,1.267075,1.450848,-1.431487,0.0,0.0,1.463403,1.912652,-1.604472,0.0,0.0,1.603278,2.360062,-1.736902,0.0,0.0
record2.mp4,e7f94d8ffdda6840c9b04703cf2b6166921cdbd5be69632bee01bf2c9ebea648,640,480,12.02,736,61.25,632,52666,Left,0.932334,0.000000,0.000000,0.000000,0.0,0.0,-0.677081,0.387241,-0.397192,0.0,0.0,-1.210356,0.967535,-0.745563,0.0,0.0,-1.670359,1.516874,-1.011741,0.0,0.0,-2.107684,1.931968,-1.298953,0.0,0.0,-0.703024,0.918253,-1.266025,0.0,0.0,-0.891301,1.338923,-1.806017,0.0,0.0,-0.995238,1.747521,-2.103069,0.0,0.0,-1.129238,2.170490,-2.296273,0.0,0.0,-0.096536,0.925402,-1.265047,0.0,0.0,-0.089389,1.671845,-1.862741,0.0,0.0,-0.085522,2.352712,-2.154011,0.0,0.0,-0.128159,2.946817,-2.385594,0.0,0.0,0.431274,0.896490,-1.240923,0.0,0.0,0.597415,1.577907,-1.760051,0.0,0.0,0.685680,2.224935,-1.984159,0.0,0.0,0.693673,2.782501,-2.131231,0.0,0.0,0.877745,0.822606,-1.223095,0.0,0.0,1.206225,1.410654,-1.647281,0.0,0.0,1.405970,1.860058,-1.861940,0.0,0.0,1.556049,2.298114,-2.017708,0.0,0.0
record2.mp4,e7f94d8ffdda6840c9b04703cf2b6166921cdbd5be69632bee01bf2c9ebea648,640,480,12.02,736,61.25,633,52750,Left,0.975272,0.000000,0.000000,0.000000,0.0,0.0,-0.662514,0.433983,-0.284204,0.0,0.0,-1.241455,1.036779,-0.569290,0.0,0.0,-1.719151,1.592239,-0.793125,0.0,0.0,-2.153398,1.998516,-1.038236,0.0,0.0,-0.735974,0.969318,-1.045885,0.0,0.0,-0.946202,1.421065,-1.506811,0.0,0.0,-1.044418,1.845411,-1.762377,0.0,0.0,-1.173953,2.272218,-1.932428,0.0,0.0,-0.142707,0.939200,-1.088294,0.0,0.0,-0.125614,1.760618,-1.597478,0.0,0.0,-0.147104,2.466733,-1.846902,0.0,0.0,-0.208077,3.079456,-2.050874,0.0,0.0,0.379163,0.901211,-1.108251,0.0,0.0,0.545153,1.649104,-1.571631,0.0,0.0,0.582951,2.318026,-1.778934,0.0,0.0,0.556297,2.901274,-1.915340,0.0,0.0,0.820652,0.852101,-1.125884,0.0,0.0,1.165749,1.482982,-1.526105,0.0,0.0,1.368150,1.957557,-1.730964,0.0,0.0,1.521599,2.421929,-1.875891,0.0,0.0
record2.mp4,e7f94d8ffdda6840c9b04703cf2b6166921cdbd5be69632bee01bf2c9ebea648,640,480,12.02,736,61.25,634,52833,Left,0.985902,0.000000,0.000000,0.000000,0.0,0.0,-0.648860,0.475158,-0.255526,0.0,0.0,-1.225775,1.089204,-0.546751,0.0,0.0,-1.698953,1.639912,-0.783498,0.0,0.0,-2.136271,2.021429,-1.047235,0.0,0.0,-0.741414,0.995899,-1.081456,0.0,0.0,-0.981796,1.753194,-1.504354,0.0,0.0,-1.062863,2.316803,-1.709194,0.0,0.0,-1.156163,2.849020,-1.848841,0.0,0.0,-0.151391,0.927288,-1.134527,0.0,0.0,-0.157776,1.776293,-1.630369,0.0,0.0,-0.188500,2.488146,-1.853412,0.0,0.0,-0.242871,3.099878,-2.037880,0.0,0.0,0.382705,0.858032,-1.154974,0.0,0.0,0.542064,1.625397,-1.586188,0.0,0.0,0.588194,2.311776,-1.762829,0.0,0.0,0.597680,2.891893,-1.886439,0.0,0.0,0.831101,0.803449,-1.171933,0.0,0.0,1.194170,1.485387,-1.559048,0.0,0.0,1.390945,1.985315,-1.758046,0.0,0.0,1.562884,2.463440,-1.897704,0.0,0.0
record2.mp4,e7f94d8ffdda6840c9b04703cf2b6166921cdbd5be69632bee01bf2c9ebea648,640,480,12.02,736,61.25,635,52916,Left,0.984232,0.000000,0.000000,0.000000,0.0,0.0,-0.651629,0.462814,-0.295647,0.0,0.0,-1.220476,1.060224,-0.621459,0.0,0.0,-1.674306,1.593134,-0.883246,0.0,0.0,-2.134165,1.965457,-1.172637,0.0,0.0,-0.730979,0.999315,-1.207468,0.0,0.0,-0.898105,1.830349,-1.676027,0.0,0.0,-0.975603,2.436953,-1.904542,0.0,0.0,-1.059377,2.981558,-2.057699,0.0,0.0,-0.132974,0.925921,-1.250256,0.0,0.0,-0.124638,1.777119,-1.783998,0.0,0.0,-0.150977,2.499263,-2.016936,0.0,0.0,-0.204322,3.107765,-2.206363,0.0,0.0,0.398567,0.864081,-1.262671,0.0,0.0,0.552550,1.625566,-1.724630,0.0,0.0,0.575826,2.320239,-1.928233,0.0,0.0,0.556523,2.895079,-2.070616,0.0,0.0,0.834531,0.814351,-1.273532,0.0,0.0,1.211158,1.483648,-1.695781,0.0,0.0,1.423416,1.975266,-1.928587,0.0,0.0,1.593180,2.429163,-2.090274,0.0,0.0
record2.mp4,e7f94d8ffdda6840c9b04703cf2b6166921cdbd5be69632bee01bf2c9ebea648,640,480,12.02,736,61.25,636,53000,Left,0.991313,0.000000,0.000000,0.000000,0.0,0.0,-0.637782,0.434166,-0.232282,0.0,0.0,-1.231329,1.031749,-0.503809,0.0,0.0,-1.705282,1.565272,-0.726940,0.0,0.0,-2.182514,1.906984,-0.982627,0.0,0.0,-0.684965,1.012326,-0.998534,0.0,0.0,-0.869608,1.868196,-1.367204,0.0,0.0,-0.981622,2.447665,-1.548277,0.0,0.0,-1.091801,2.972569,-1.677353,0.0,0.0,-0.092490,0.968836,-1.047276,0.0,0.0,-0.133787,1.817840,-1.431548,0.0,0.0,-0.179342,2.460509,-1.589812,0.0,0.0,-0.220893,3.010680,-1.731966,0.0,0.0,0.432625,0.899379,-1.067319,0.0,0.0,0.625895,1.755677,-1.403293,0.0,0.0,0.739500,2.460171,-1.558811,0.0,0.0,0.814456,3.060461,-1.685421,0.0,0.0,0.842871,0.820530,-1.084811,0.0,0.0,1.275206,1.492131,-1.404251,0.0,0.0,1.545235,1.945767,-1.569567,0.0,0.0,1.784745,2.363006,-1.690291,0.0,0.0
record2.mp4,e7f94d8ffdda6840c9b04703cf2b6166921cdbd5be69632bee01bf2c9ebea648,640,480,12.02,736,61.25,637,53083,Left,0.981102,0.000000,0.000000,0.000000,0.0,0.0,-0.661394,0.435239,-0.307835,0.0,0.0,-1.204342,0.964927,-0.659738,0.0,0.0,-1.680991,1.488060,-0.934852,0.0,0.0,-2.139220,1.844250,-1.234768,0.0,0.0,-0.646746,0.976551,-1.299008,0.0,0.0,-0.834077,1.773138,-1.809648,0.0,0.0,-0.965417,2.318765,-2.076104,0.0,0.0,-1.117668,2.825475,-2.259230,0.0,0.0,-0.016139,0.949754,-1.322598,0.0,0.0,-0.080328,1.666248,-1.864519,0.0,0.0,-0.167307,2.211739,-2.095509,0.0,0.0,-0.274970,2.656679,-2.281601,0.0,0.0,0.513632,0.889709,-1.306794,0.0,0.0,0.756355,1.637137,-1.793731,0.0,0.0,0.942617,2.317480,-2.024561,0.0,0.0,1.036236,2.933577,-2.201603,0.0,0.0,0.893643,0.793027,-1.281162,0.0,0.0,1.340269,1.262782,-1.707139,0.0,0.0,1.671353,1.541925,-1.916805,0.0,0.0,1.950187,1.869209,-2.070903,0.0,0.0
record2.mp4,e7f94d8ffdda6840c9b04703cf2b6166921cdbd5be69632bee01bf2c9ebea648,640,480,12.02,736,61.25,638,53166,Left,0.985003,0.000000,0.000000,0.000000,0.0,0.0,-0.621045,0.449482,-0.282705,0.0,0.0,-1.151729,1.014122,-0.619271,0.0,0.0,-1.616444,1.541333,-0.883882,0.0,0.0,-2.088680,1.872118,-1.178102,0.0,0.0,-0.597436,1.035658,-1.254043,0.0,0.0,-0.788192,1.825394,-1.773969,0.0,0.0,-0.899551,2.391510,-2.065993,0.0,0.0,-1.024019,2.915000,-2.264953,0.0,0.0,-0.001619,1.012897,-1.296917,0.0,0.0,-0.023414,1.867363,-1.792328,0.0,0.0,-0.066283,2.486531,-2.021934,0.0,0.0,-0.111045,2.998892,-2.210210,0.0,0.0,0.513954,0.938818,-1.301927,0.0,0.0,0.792670,1.862813,-1.772037,0.0,0.0,1.018426,2.549710,-2.031452,0.0,0.0,1.162019,3.151773,-2.221561,0.0,0.0,0.871126,0.815870,-1.290850,0.0,0.0,1.328898,1.344257,-1.703348,0.0,0.0,1.674719,1.621430,-1.910067,0.0,0.0,1.978009,1.914610,-2.059075,0.0,0.0
record2.mp4,e7f94d8ffdda6840c9b04703cf2b6166921cdbd5be69632bee01bf2c9ebea648,640,480,12.02,736,61.25,639,53250,Left,0.961407,0.000000,0.000000,0.000000,0.0,0.0,-0.642964,0.407826,-0.320815,0.0,0.0,-1.222834,1.031968,-0.637118,0.0,0.0,-1.703190,1.602048,-0.893347,0.0,0.0,-2.180956,1.911327,-1.174161,0.0,0.0,-0.665203,0.980474,-1.157839,0.0,0.0,-0.851307,1.881855,-1.594009,0.0,0.0,-0.965108,2.445351,-1.802591,0.0,0.0,-1.077718,2.984434,-1.945750,0.0,0.0,-0.061341,0.946782,-1.161600,0.0,0.0,-0.072885,1.668654,-1.597591,0.0,0.0,-0.087300,2.173336,-1.737177,0.0,0.0,-0.104291,2.607725,-1.865415,0.0,0.0,0.465415,0.906701,-1.147455,0.0,0.0,0.656153,1.676821,-1.573911,0.0,0.0,0.810881,2.325220,-1.747418,0.0,0.0,0.938397,2.890410,-1.872058,0.0,0.0,0.864506,0.866750,-1.132575,0.0,0.0,1.246524,1.552148,-1.496606,0.0,0.0,1.531789,1.959709,-1.669551,0.0,0.0,1.798698,2.327588,-1.798105,0.0,0.0
record2.mp4,e7f94d8ffdda6840c9b04703cf2b6166921cdbd5be69632bee01bf2c9ebea648,640,480,12.02,736,61.25,640,53333,Left,0.966649,0.000000,0.000000,0.000000,0.0,0.0,-0.645730,0.439643,-0.294674,0.0,0.0,-1.211409,0.990967,-0.613931,0.0,0.0,-1.686625,1.497289,-0.873435,0.0,0.0,-2.119035,1.851128,-1.158443,0.0,0.0,-0.658976,1.029736,-1.106432,0.0,0.0,-0.842905,1.832907,-1.556856,0.0,0.0,-0.956519,2.389847,-1.792000,0.0,0.0,-1.089168,2.909237,-1.950804,0.0,0.0,-0.071866,0.981151,-1.134491,0.0,0.0,-0.050659,1.817292,-1.642724,0.0,0.0,-0.062443,2.493596,-1.890006,0.0,0.0,-0.095341,3.082373,-2.086570,0.0,0.0,0.440812,0.922128,-1.133795,0.0,0.0,0.640986,1.735483,-1.582578,0.0,0.0,0.761567,2.409277,-1.801781,0.0,0.0,0.830991,2.976804,-1.952345,0.0,0.0,0.839350,0.859173,-1.129822,0.0,0.0,1.204274,1.508936,-1.522611,0.0,0.0,1.449169,1.917886,-1.732879,0.0,0.0,1.677640,2.310003,-1.879281,0.0,0.0
record2.mp4,e7f94d8ffdda6840c9b04703cf2b6166921cdbd5be69632bee01bf2c9ebea648,640,480,12.02,736,61.25,641,53416,Left,0.973125,0.000000,0.000000,0.000000,0.0,0.0,-0.629749,0.425929,-0.278725,0.0,0.0,-1.185726,0.981253,-0.577313,0.0,0.0,-1.635540,1.485745,-0.821828,0.0,0.0,-2.083925,1.815899,-1.087372,0.0,0.0,-0.640118,1.041861,-1.038923,0.0,0.0,-0.829998,1.846590,-1.453113,0.0,0.0,-0.935635,2.390614,-1.657256,0.0,0.0,-1.061566,2.903488,-1.797757,0.0,0.0,-0.065383,1.016050,-1.066952,0.0,0.0,-0.073928,1.810433,-1.564171,0.0,0.0,-0.098915,2.468025,-1.799165,0.0,0.0,-0.142640,3.041248,-1.981505,0.0,0.0,0.429691,0.962670,-1.065870,0.0,0.0,0.612284,1.718336,-1.500002,0.0,0.0,0.734568,2.352270,-1.696901,0.0,0.0,0.810309,2.887081,-1.827458,0.0,0.0,0.817129,0.901729,-1.063340,0.0,0.0,1.160671,1.534120,-1.448672,0.0,0.0,1.403743,1.911611,-1.650607,0.0,0.0,1.644836,2.277817,-1.785858,0.0,0.0
record2.mp4,e7f94d8ffdda6840c9b04703cf2b6166921cdbd5be69632bee01bf2c9ebea648,640,480,12.02,736,61.25,642,53500,Left,0.960197,0.000000,0.000000,0.000000,0.0,0.0,-0.650647,0.423685,-0.284502,0.0,0.0,-1.237610,1.001570,-0.570111,0.0,0.0,-1.738248,1.511962,-0.799500,0.0,0.0,-2.211864,1.831433,-1.050231,0.0,0.0,-0.693606,0.990913,-1.012448,0.0,0.0,-0.930067,1.809780,-1.402713,0.0,0.0,-1.037966,2.355826,-1.591048,0.0,0.0,-1.162025,2.874176,-1.723003,0.0,0.0,-0.123852,0.983321,-1.034051,0.0,0.0,-0.157111,1.831302,-1.495423,0.0,0.0,-0.194371,2.509216,-1.716217,0.0,0.0,-0.242352,3.104396,-1.892489,0.0,0.0,0.386460,0.957589,-1.029623,0.0,0.0,0.565265,1.764793,-1.445608,0.0,0.0,0.675602,2.412029,-1.648026,0.0,0.0,0.753575,2.961924,-1.783755,0.0,0.0,0.799299,0.927137,-1.023742,0.0,0.0,1.157542,1.611049,-1.399843,0.0,0.0,1.420607,2.009824,-1.601638,0.0,0.0,1.679078,2.389584,-1.740293,0.0,0.0
record2.mp4,e7f94d8ffdda6840c9b04703cf2b6166921cdbd5be69632bee01bf2c9ebea648,640,480,12.02,736,61.25,643,53583,Left,0.972678,0.000000,0.000000,0.000000,0.0,0.0,-0.649730,0.423891,-0.231218,0.0,0.0,-1.226070,0.999631,-0.489006,0.0,0.0,-1.685480,1.528983,-0.700751,0.0,0.0,-2.079423,1.907373,-0.937021,0.0,0.0,-0.687637,0.999203,-0.933350,0.0,0.0,-0.900773,1.622284,-1.327586,0.0,0.0,-1.025104,2.088185,-1.538734,0.0,0.0,-1.171199,2.545160,-1.681575,0.0,0.0,-0.122106,1.010882,-0.982856,0.0,0.0,-0.147609,1.868518,-1.434109,0.0,0.0,-0.184891,2.564201,-1.666509,0.0,0.0,-0.240020,3.169929,-1.854405,0.0,0.0,0.373874,0.991792,-1.002487,0.0,0.0,0.537012,1.803376,-1.403067,0.0,0.0,0.647539,2.468460,-1.590421,0.0,0.0,0.709598,3.037517,-1.717202,0.0,0.0,0.775790,0.944432,-1.016679,0.0,0.0,1.119606,1.624609,-1.377688,0.0,0.0,1.370331,2.031079,-1.555391,0.0,0.0,1.611717,2.420448,-1.675803,0.0,0.0
record2.mp4,e7f94d8ffdda6840c9b04703cf2b6166921cdbd5be69632bee01bf2c9ebea648,640,480,12.02,736,61.25,644,53666,Left,0.978891,0.000000,0.000000,0.000000,0.0,0.0,-0.637560,0.442564,-0.246458,0.0,0.0,-1.155161,0.999233,-0.521989,0.0,0.0,-1.594301,1.525739,-0.741961,0.0,0.0,-2.020194,1.895175,-0.984168,0.0,0.0,-0.654891,1.007886,-1.002853,0.0,0.0,-0.880482,1.551020,-1.437438,0.0,0.0,-1.027019,1.980323,-1.666035,0.0,0.0,-1.209989,2.394683,-1.813817,0.0,0.0,-0.088095,1.015041,-1.034633,0.0,0.0,-0.110398,1.779448,-1.551048,0.0,0.0,-0.144056,2.447259,-1.808203,0.0,0.0,-0.209323,3.017656,-2.006368,0.0,0.0,0.403457,0.994295,-1.034226,0.0,0.0,0.578220,1.730082,-1.486570,0.0,0.0,0.698115,2.372455,-1.689578,0.0,0.0,0.747688,2.910014,-1.817656,0.0,0.0,0.798285,0.943899,-1.026073,0.0,0.0,1.136520,1.590251,-1.419362,0.0,0.0,1.370902,2.000875,-1.622007,0.0,0.0,1.583534,2.401802,-1.755375,0.0,0.0
record2.mp4,e7f94d8ffdda6840c9b04703cf2b6166921cdbd5be69632bee01bf2c9ebea648,640,480,12.02,736,61.25,645,53750,Left,0.97882,0.000000,0.000000,0.000000,0.0,0.0,-0.656029,0.441175,-0.335573,0.0,0.0,-1.159550,1.036572,-0.667232,0.0,0.0,-1.561801,1.609829,-0.922919,0.0,0.0,-1.983943,2.025125,-1.200719,0.0,0.0,-0.703923,0.970179,-1.222288,0.0,0.0,-0.914522,1.844131,-1.710057,0.0,0.0,-1.019619,2.453601,-1.953526,0.0,0.0,-1.112185,3.012793,-2.112866,0.0,0.0,-0.127933,0.950825,-1.228408,0.0,0.0,-0.173165,1.882810,-1.753713,0.0,0.0,-0.206547,2.594477,-1.988924,0.0,0.0,-0.237611,3.218561,-2.177292,0.0,0.0,0.394900,0.929666,-1.207228,0.0,0.0,0.582791,1.762785,-1.669006,0.0,0.0,0.668689,2.447834,-1.881452,0.0,0.0,0.728924,3.017663,-2.025892,0.0,0.0,0.820377,0.914185,-1.185859,0.0,0.0,1.181879,1.625887,-1.598681,0.0,0.0,1.423090,2.070305,-1.820632,0.0,0.0,1.648586,2.470128,-1.973930,0.0,0.0
record2.mp4,e7f94d8ffdda6840c9b04703cf2b6166921cdbd5be69632bee01bf2c9ebea648,640,480,12.02,736,61.25,646,53833,Left,0.991587,0.000000,0.000000,0.000000,0.0,0.0,-0.647386,0.405285,-0.297765,0.0,0.0,-1.225588,1.002791,-0.597472,0.0,0.0,-1.609158,1.597356,-0.825293,0.0,0.0,-2.038449,1.999484,-1.076829,0.0,0.0,-0.736714,0.972504,-1.115557,0.0,0.0,-0.935168,1.839564,-1.534289,0.0,0.0,-1.029432,2.444946,-1.736784,0.0,0.0,-1.126424,2.996869,-1.869394,0.0,0.0,-0.133118,0.937295,-1.119064,0.0,0.0,-0.140687,1.876376,-1.569467,0.0,0.0,-0.146053,2.617123,-1.769272,0.0,0.0,-0.172049,3.259968,-1.934469,0.0,0.0,0.390553,0.905909,-1.091926,0.0,0.0,0.601612,1.747771,-1.479145,0.0,0.0,0.709236,2.443474,-1.658549,0.0,0.0,0.762192,3.027728,-1.785196,0.0,0.0,0.806997,0.886427,-1.063695,0.0,0.0,1.208900,1.588616,-1.420022,0.0,0.0,1.466565,2.033363,-1.610393,0.0,0.0,1.691068,2.451133,-1.738836,0.0,0.0
record2.mp4,e7f94d8ffdda6840c9b04703cf2b6166921cdbd5be69632bee01bf2c9ebea648,640,480,12.02,736,61.25,647,53916,Left,0.97693,0.000000,0.000000,0.000000,0.0,0.0,-0.619360,0.395891,-0.287879,0.0,0.0,-1.167279,0.961614,-0.582879,0.0,0.0,-1.542081,1.524792,-0.811596,0.0,0.0,-1.961488,1.890800,-1.059385,0.0,0.0,-0.676387,1.001424,-1.092230,0.0,0.0,-0.886989,1.799611,-1.504720,0.0,0.0,-0.993506,2.348096,-1.697356,0.0,0.0,-1.103484,2.864625,-1.834604,0.0,0.0,-0.073442,0.956707,-1.105762,0.0,0.0,-0.114151,1.632355,-1.586574,0.0,0.0,-0.151015,2.162477,-1.770731,0.0,0.0,-0.206931,2.636624,-1.919263,0.0,0.0,0.437947,0.908833,-1.092701,0.0,0.0,0.663863,1.600959,-1.516942,0.0,0.0,0.801822,2.231982,-1.672212,0.0,0.0,0.883144,2.790213,-1.783603,0.0,0.0,0.844370,0.873774,-1.078990,0.0,0.0,1.219709,1.500473,-1.462567,0.0,0.0,1.478828,1.916877,-1.651629,0.0,0.0,1.705799,2.344053,-1.780137,0.0,0.0
record2.mp4,e7f94d8ffdda6840c9b04703cf2b6166921cdbd5be69632bee01bf2c9ebea648,640,480,12.02,736,61.25,648,54000,Left,0.966004,0.000000,0.000000,0.000000,0.0,0.0,-0.631826,0.422225,-0.317393,0.0,0.0,-1.159232,1.014998,-0.649327,0.0,0.0,-1.606154,1.586974,-0.920147,0.0,0.0,-2.072537,1.996276,-1.218861,0.0,0.0,-0.645401,0.990987,-1.168627,0.0,0.0,-0.865332,1.826936,-1.639517,0.0,0.0,-1.028594,2.415390,-1.867643,0.0,0.0,-1.192965,2.960977,-2.021331,0.0,0.0,-0.050466,0.946107,-1.196590,0.0,0.0,-0.039339,1.712796,-1.686919,0.0,0.0,-0.094254,2.329930,-1.861467,0.0,0.0,-0.177972,2.873150,-2.007873,0.0,0.0,0.476903,0.868453,-1.207643,0.0,0.0,0.726963,1.620920,-1.666153,0.0,0.0,0.867239,2.325983,-1.841467,0.0,0.0,0.943084,2.933426,-1.963456,0.0,0.0,0.906641,0.785858,-1.219220,0.0,0.0,1.291610,1.455809,-1.621272,0.0,0.0,1.523810,1.951665,-1.820981,0.0,0.0,1.713571,2.428955,-1.963319,0.0,0.0
record2.mp4,e7f94d8ffdda6840c9b04703cf2b6166921cdbd5be69632bee01bf2c9ebea648,640,480,12.02,736,61.25,649,54083,Left,0.950616,0.000000,0.000000,0.000000,0.0,0.0,-0.605455,0.413776,-0.300569,0.0,0.0,-1.141497,0.999377,-0.598029,0.0,0.0,-1.561948,1.572022,-0.840732,0.0,0.0,-1.964574,1.998871,-1.106241,0.0,0.0,-0.601619,1.039264,-1.045829,0.0,0.0,-0.819512,1.803601,-1.473415,0.0,0.0,-0.966126,2.323265,-1.682969,0.0,0.0,-1.130265,2.818766,-1.827628,0.0,0.0,-0.028331,1.018831,-1.068037,0.0,0.0,-0.019014,1.717492,-1.554387,0.0,0.0,-0.056336,2.290629,-1.758801,0.0,0.0,-0.126461,2.798341,-1.921646,0.0,0.0,0.467626,0.943071,-1.072540,0.0,0.0,0.693346,1.635786,-1.519642,0.0,0.0,0.829957,2.274815,-1.701658,0.0,0.0,0.901000,2.815927,-1.823300,0.0,0.0,0.868186,0.839876,-1.077695,0.0,0.0,1.231494,1.465585,-1.466450,0.0,0.0,1.440627,1.926386,-1.667224,0.0,0.0,1.613516,2.366435,-1.807264,0.0,0.0
record2.mp4,e7f94d8ffdda6840c9b04703cf2b6166921cdbd5be69632bee01bf2c9ebea648,640,480,12.02,736,61.25,650,54166,Left,0.967488,0.000000,0.000000,0.000000,0.0,0.0,-0.592163,0.423874,-0.309292,0.0,0.0,-1.119768,1.043389,-0.607927,0.0,0.0,-1.532108,1.638242,-0.849761,0.0,0.0,-1.953516,2.054880,-1.117263,0.0,0.0,-0.573313,1.025902,-1.055161,0.0,0.0,-0.805440,1.825777,-1.485576,0.0,0.0,-0.952514,2.365643,-1.702594,0.0,0.0,-1.099223,2.882722,-1.851673,0.0,0.0,-0.001335,1.001427,-1.071676,0.0,0.0,0.000250,1.747617,-1.519810,0.0,0.0,-0.029088,2.333621,-1.689540,0.0,0.0,-0.073695,2.853299,-1.832343,0.0,0.0,0.498913,0.934869,-1.075767,0.0,0.0,0.697226,1.673193,-1.495769,0.0,0.0,0.822294,2.327934,-1.663398,0.0,0.0,0.903286,2.882696,-1.778499,0.0,0.0,0.901775,0.848829,-1.083254,0.0,0.0,1.244902,1.497752,-1.448066,0.0,0.0,1.451117,1.963191,-1.633650,0.0,0.0,1.623018,2.384578,-1.766321,0.0,0.0
record2.mp4,e7f94d8ffdda6840c9b04703cf2b6166921cdbd5be69632bee01bf2c9ebea648,640,480,12.02,736,61.25,651,54250,Left,0.962695,0.000000,0.000000,0.000000,0.0,0.0,-0.588567,0.418229,-0.310276,0.0,0.0,-1.110942,1.044590,-0.603711,0.0,0.0,-1.514324,1.618062,-0.838096,0.0,0.0,-1.915123,2.041568,-1.097460,0.0,0.0,-0.542724,1.021319,-1.026199,0.0,0.0,-0.732549,1.666789,-1.449569,0.0,0.0,-0.823593,2.147704,-1.668080,0.0,0.0,-0.926653,2.614593,-1.815361,0.0,0.0,0.025418,0.998029,-1.051883,0.0,0.0,0.033996,1.837504,-1.518202,0.0,0.0,0.040808,2.527599,-1.738930,0.0,0.0,0.023151,3.137509,-1.921609,0.0,0.0,0.521340,0.929607,-1.060781,0.0,0.0,0.700219,1.704080,-1.484356,0.0,0.0,0.788080,2.379983,-1.680727,0.0,0.0,0.819474,2.951555,-1.814360,0.0,0.0,0.933259,0.831052,-1.072092,0.0,0.0,1.297289,1.499817,-1.452992,0.0,0.0,1.505991,1.988028,-1.661029,0.0,0.0,1.677023,2.437478,-1.810071,0.0,0.0
record2.mp4,e7f94d8ffdda6840c9b04703cf2b6166921cdbd5be69632bee01bf2c9ebea648,640,480,12.02,736,61.25,652,54333,Left,0.926057,0.000000,0.000000,0.000000,0.0,0.0,-0.619911,0.432409,-0.455743,0.0,0.0,-1.124948,1.062628,-0.865154,0.0,0.0,-1.542693,1.647639,-1.175799,0.0,0.0,-1.961323,2.099073,-1.510326,0.0,0.0,-0.520155,0.983993,-1.455997,0.0,0.0,-0.687193,1.474317,-2.064566,0.0,0.0,-0.765893,1.932415,-2.398633,0.0,0.0,-0.870248,2.381021,-2.616487,0.0,0.0,0.076608,0.962212,-1.441820,0.0,0.0,0.074419,1.753786,-2.131227,0.0,0.0,0.083229,2.469659,-2.485278,0.0,0.0,0.057189,3.089192,-2.758219,0.0,0.0,0.571617,0.915586,-1.396428,0.0,0.0,0.760995,1.667616,-1.987832,0.0,0.0,0.897627,2.359126,-2.266181,0.0,0.0,0.946866,2.935085,-2.448620,0.0,0.0,0.972703,0.834219,-1.355266,0.0,0.0,1.319254,1.471568,-1.844079,0.0,0.0,1.528405,1.964393,-2.114376,0.0,0.0,1.691097,2.424766,-2.309552,0.0,0.0
record2.mp4,e7f94d8ffdda6840c9b04703cf2b6166921cdbd5be69632bee01bf2c9ebea648,640,480,12.02,736,61.25,653,54416,Left,0.942474,0.000000,0.000000,0.000000,0.0,0.0,-0.646984,0.406183,-0.391206,0.0,0.0,-1.165700,1.053257,-0.732380,0.0,0.0,-1.579986,1.648372,-1.001850,0.0,0.0,-2.003806,2.105713,-1.293447,0.0,0.0,-0.588805,0.977080,-1.157325,0.0,0.0,-0.730608,1.462957,-1.682324,0.0,0.0,-0.874229,1.879780,-1.976833,0.0,0.0,-1.057852,2.298716,-2.166441,0.0,0.0,0.001165,0.964708,-1.171877,0.0,0.0,0.061177,1.785356,-1.728027,0.0,0.0,0.082424,2.512929,-2.018394,0.0,0.0,0.069507,3.169007,-2.248905,0.0,0.0,0.508457,0.909395,-1.174758,0.0,0.0,0.729752,1.680280,-1.680825,0.0,0.0,0.852775,2.379005,-1.932866,0.0,0.0,0.900443,2.988358,-2.095197,0.0,0.0,0.935057,0.811322,-1.184506,0.0,0.0,1.294242,1.482100,-1.598533,0.0,0.0,1.502240,1.983771,-1.819327,0.0,0.0,1.652353,2.447146,-1.980975,0.0,0.0
record2.mp4,e7f94d8ffdda6840c9b04703cf2b6166921cdbd5be69632bee01bf2c9ebea648,640,480,12.02,736,61.25,654,54500,Left,0.971133,0.000000,0.000000,0.000000,0.0,0.0,-0.580245,0.437545,-0.378130,0.0,0.0,-1.079859,1.057792,-0.728343,0.0,0.0,-1.483047,1.633787,-1.005386,0.0,0.0,-1.887664,2.069464,-1.311311,0.0,0.0,-0.549262,1.049773,-1.237465,0.0,0.0,-0.774248,1.740569,-1.756140,0.0,0.0,-0.886035,2.298854,-2.031710,0.0,0.0,-1.009688,2.818831,-2.210820,0.0,0.0,0.019707,0.981318,-1.245554,0.0,0.0,0.079008,1.826662,-1.822197,0.0,0.0,0.103463,2.540597,-2.097979,0.0,0.0,0.103825,3.179583,-2.311023,0.0,0.0,0.512942,0.892033,-1.232477,0.0,0.0,0.718004,1.657945,-1.738509,0.0,0.0,0.804762,2.338690,-1.955068,0.0,0.0,0.833379,2.920208,-2.091967,0.0,0.0,0.939870,0.800463,-1.225059,0.0,0.0,1.292159,1.487079,-1.659597,0.0,0.0,1.486181,1.986079,-1.885341,0.0,0.0,1.639219,2.438532,-2.039746,0.0,0.0
record2.mp4,e7f94d8ffdda6840c9b04703cf2b6166921cdbd5be69632bee01bf2c9ebea648,640,480,12.02,736,61.25,655,54583,Left,0.960186,0.000000,0.000000,0.000000,0.0,0.0,-0.598509,0.468145,-0.452975,0.0,0.0,-1.037181,1.045296,-0.884313,0.0,0.0,-1.392271,1.600177,-1.218406,0.0,0.0,-1.788059,2.048678,-1.577953,0.0,0.0,-0.560914,1.068814,-1.536094,0.0,0.0,-0.716198,1.867401,-2.134072,0.0,0.0,-0.764910,2.475509,-2.436042,0.0,0.0,-0.833961,3.026903,-2.634425,0.0,0.0,0.026925,0.989605,-1.519774,0.0,0.0,0.055321,1.792355,-2.227515,0.0,0.0,0.091135,2.506064,-2.561415,0.0,0.0,0.085508,3.120651,-2.812252,0.0,0.0,0.517631,0.898321,-1.466244,0.0,0.0,0.704540,1.610990,-2.046101,0.0,0.0,0.806289,2.300972,-2.298860,0.0,0.0,0.828085,2.864184,-2.466567,0.0,0.0,0.912606,0.805715,-1.419403,0.0,0.0,1.262916,1.436601,-1.909545,0.0,0.0,1.456124,1.921678,-2.181807,0.0,0.0,1.612911,2.365004,-2.373595,0.0,0.0
record2.mp4,e7f94d8ffdda6840c9b04703cf2b6166921cdbd5be69632bee01bf2c9ebea648,640,480,12.02,736,61.25,656,54666,Left,0.956675,0.000000,0.000000,0.000000,0.0,0.0,-0.606053,0.458688,-0.402761,0.0,0.0,-1.104820,1.062632,-0.770077,0.0,0.0,-1.465787,1.641159,-1.054926,0.0,0.0,-1.825277,2.094543,-1.365597,0.0,0.0,-0.556306,1.048576,-1.361608,0.0,0.0,-0.732522,1.935730,-1.884950,0.0,0.0,-0.800335,2.549171,-2.141098,0.0,0.0,-0.870517,3.108481,-2.310016,0.0,0.0,0.035930,0.955208,-1.348623,0.0,0.0,0.032211,1.732570,-1.961235,0.0,0.0,0.065532,2.395310,-2.230148,0.0,0.0,0.073378,2.965262,-2.433591,0.0,0.0,0.534560,0.865617,-1.306849,0.0,0.0,0.725885,1.598661,-1.823813,0.0,0.0,0.851991,2.301627,-2.041901,0.0,0.0,0.916578,2.888450,-2.186068,0.0,0.0,0.947252,0.791271,-1.271584,0.0,0.0,1.308420,1.465376,-1.717755,0.0,0.0,1.512025,1.968632,-1.958739,0.0,0.0,1.671228,2.422893,-2.124760,0.0,0.0
record2.mp4,e7f94d8ffdda6840c9b04703cf2b6166921cdbd5be69632bee01bf2c9ebea648,640,480,12.02,736,61.25,657,54750,Left,0.948484,0.000000,0.000000,0.000000,0.0,0.0,-0.591010,0.433559,-0.384288,0.0,0.0,-1.068484,1.034648,-0.744140,0.0,0.0,-1.389332,1.622669,-1.025969,0.0,0.0,-1.751972,2.066769,-1.332982,0.0,0.0,-0.555785,1.039666,-1.308267,0.0,0.0,-0.742441,1.921742,-1.818924,0.0,0.0,-0.829698,2.537298,-2.069328,0.0,0.0,-0.915481,3.101882,-2.234003,0.0,0.0,0.034336,0.957177,-1.299008,0.0,0.0,0.034907,1.676846,-1.858993,0.0,0.0,0.061903,2.286154,-2.080242,0.0,0.0,0.068505,2.816307,-2.253400,0.0,0.0,0.538664,0.866883,-1.267021,0.0,0.0,0.732972,1.599906,-1.760171,0.0,0.0,0.858979,2.291062,-1.955929,0.0,0.0,0.936817,2.878109,-2.088017,0.0,0.0,0.951687,0.781713,-1.240025,0.0,0.0,1.314830,1.450791,-1.660954,0.0,0.0,1.513259,1.951082,-1.876861,0.0,0.0,1.666014,2.403350,-2.027921,0.0,0.0
record2.mp4,e7f94d8ffdda6840c9b04703cf2b6166921cdbd5be69632bee01bf2c9ebea648,640,480,12.02,736,61.25,658,54833,Left,0.965042,0.000000,0.000000,0.000000,0.0,0.0,-0.587840,0.453071,-0.402800,0.0,0.0,-1.040254,1.058854,-0.776606,0.0,0.0,-1.351509,1.665633,-1.056941,0.0,0.0,-1.682390,2.160885,-1.360531,0.0,0.0,-0.551905,1.046211,-1.420629,0.0,0.0,-0.739594,1.924901,-1.974464,0.0,0.0,-0.812362,2.548841,-2.244395,0.0,0.0,-0.888893,3.108099,-2.415047,0.0,0.0,0.032554,0.951893,-1.396151,0.0,0.0,0.047645,1.686239,-2.008609,0.0,0.0,0.087601,2.332044,-2.264060,0.0,0.0,0.099355,2.878580,-2.461407,0.0,0.0,0.537513,0.864537,-1.343204,0.0,0.0,0.738697,1.584502,-1.885757,0.0,0.0,0.862903,2.290759,-2.126296,0.0,0.0,0.932207,2.877455,-2.283633,0.0,0.0,0.953211,0.792320,-1.289360,0.0,0.0,1.331858,1.459303,-1.749802,0.0,0.0,1.537112,1.967671,-2.004050,0.0,0.0,1.691519,2.419083,-2.181489,0.0,0.0
record2.mp4,e7f94d8ffdda6840c9b04703cf2b6166921cdbd5be69632bee01bf2c9ebea648,640,480,12.02,736,61.25,659,54916,Left,0.97664,0.000000,0.000000,0.000000,0.0,0.0,-0.570946,0.475217,-0.379542,0.0,0.0,-1.011874,1.129171,-0.727065,0.0,0.0,-1.291930,1.764278,-0.982809,0.0,0.0,-1.632243,2.228863,-1.258988,0.0,0.0,-0.556483,1.049110,-1.364341,0.0,0.0,-0.728390,1.911421,-1.891611,0.0,0.0,-0.787518,2.525052,-2.145122,0.0,0.0,-0.850271,3.072416,-2.305444,0.0,0.0,0.024714,0.941376,-1.342916,0.0,0.0,0.056681,1.666291,-1.920714,0.0,0.0,0.111257,2.300734,-2.153398,0.0,0.0,0.129402,2.837983,-2.335044,0.0,0.0,0.532697,0.853612,-1.294569,0.0,0.0,0.737584,1.568630,-1.814587,0.0,0.0,0.866651,2.267709,-2.045913,0.0,0.0,0.934888,2.848651,-2.196921,0.0,0.0,0.956025,0.789113,-1.244295,0.0,0.0,1.328965,1.452527,-1.686036,0.0,0.0,1.545704,1.955928,-1.931677,0.0,0.0,1.698080,2.404355,-2.103249,0.0,0.0
record2.mp4,e7f94d8ffdda6840c9b04703cf2b6166921cdbd5be69632bee01bf2c9ebea648,640,480,12.02,736,61.25,660,55000,Left,0.972305,0.000000,0.000000,0.000000,0.0,0.0,-0.574910,0.440719,-0.373025,0.0,0.0,-1.052112,1.117353,-0.703877,0.0,0.0,-1.364069,1.775319,-0.949101,0.0,0.0,-1.732235,2.259283,-1.223132,0.0,0.0,-0.552362,0.983075,-1.309406,0.0,0.0,-0.708040,1.860174,-1.799538,0.0,0.0,-0.790800,2.481876,-2.031602,0.0,0.0,-0.873391,3.039942,-2.184608,0.0,0.0,0.050755,0.883239,-1.301219,0.0,0.0,0.077501,1.675730,-1.830878,0.0,0.0,0.133330,2.339878,-2.039868,0.0,0.0,0.168829,2.903927,-2.213546,0.0,0.0,0.578913,0.790281,-1.269514,0.0,0.0,0.783064,1.585235,-1.754588,0.0,0.0,0.928059,2.308939,-1.963288,0.0,0.0,1.029234,2.909147,-2.108012,0.0,0.0,1.025096,0.711934,-1.238820,0.0,0.0,1.411166,1.430192,-1.666378,0.0,0.0,1.636164,1.948755,-1.895719,0.0,0.0,1.809236,2.403011,-2.060485,0.0,0.0
record2.mp4,e7f94d8ffdda6840c9b04703cf2b6166921cdbd5be69632bee01bf2c9ebea648,640,480,12.02,736,61.25,661,55083,Left,0.968007,0.000000,0.000000,0.000000,0.0,0.0,-0.579017,0.458244,-0.345700,0.0,0.0,-1.067396,1.123010,-0.651777,0.0,0.0,-1.371080,1.748086,-0.884039,0.0,0.0,-1.685943,2.228184,-1.139795,0.0,0.0,-0.520501,1.024157,-1.167742,0.0,0.0,-0.679656,1.738431,-1.634512,0.0,0.0,-0.732610,2.267617,-1.861334,0.0,0.0,-0.804833,2.764053,-2.006279,0.0,0.0,0.072570,0.953069,-1.174090,0.0,0.0,0.132575,1.800697,-1.700094,0.0,0.0,0.193997,2.517681,-1.939837,0.0,0.0,0.220913,3.142482,-2.130348,0.0,0.0,0.573924,0.864749,-1.157721,0.0,0.0,0.762842,1.612597,-1.620829,0.0,0.0,0.865044,2.291606,-1.820935,0.0,0.0,0.901907,2.868041,-1.952661,0.0,0.0,0.986075,0.763926,-1.145127,0.0,0.0,1.379689,1.429875,-1.547058,0.0,0.0,1.576685,1.925901,-1.762229,0.0,0.0,1.713552,2.377025,-1.914093,0.0,0.0
record2.mp4,e7f94d8ffdda6840c9b04703cf2b6166921cdbd5be69632bee01bf2c9ebea648,640,480,12.02,736,61.25,662,55166,Left,0.977869,0.000000,0.000000,0.000000,0.0,0.0,-0.555857,0.459556,-0.309830,0.0,0.0,-1.022609,1.116591,-0.585302,0.0,0.0,-1.317261,1.739365,-0.791947,0.0,0.0,-1.614298,2.202174,-1.021423,0.0,0.0,-0.486642,1.048779,-1.024787,0.0,0.0,-0.666217,1.760372,-1.435552,0.0,0.0,-0.751422,2.287647,-1.641770,0.0,0.0,-0.839237,2.778704,-1.777639,0.0,0.0,0.087513,1.010903,-1.030171,0.0,0.0,0.186625,1.895165,-1.470626,0.0,0.0,0.251085,2.581638,-1.668590,0.0,0.0,0.294662,3.187813,-1.831802,0.0,0.0,0.571568,0.927061,-1.017460,0.0,0.0,0.797619,1.710764,-1.414529,0.0,0.0,0.927322,2.400939,-1.603265,0.0,0.0,0.996869,2.983105,-1.733448,0.0,0.0,0.956521,0.812660,-1.007104,0.0,0.0,1.362622,1.456031,-1.362584,0.0,0.0,1.592449,1.919747,-1.557678,0.0,0.0,1.773901,2.338580,-1.697151,0.0,0.0
record2.mp4,e7f94d8ffdda6840c9b04703cf2b6166921cdbd5be69632bee01bf2c9ebea648,640,480,12.02,736,61.25,663,55250,Left,0.965651,0.000000,0.000000,0.000000,0.0,0.0,-0.562799,0.479662,-0.269148,0.0,0.0,-1.018118,1.085602,-0.525001,0.0,0.0,-1.302858,1.673094,-0.729788,0.0,0.0,-1.595675,2.121861,-0.956006,0.0,0.0,-0.444830,1.135641,-0.905669,0.0,0.0,-0.561870,1.991511,-1.248813,0.0,0.0,-0.599806,2.557926,-1.411603,0.0,0.0,-0.634546,3.067745,-1.516824,0.0,0.0,0.101175,1.062742,-0.926578,0.0,0.0,0.212104,1.970937,-1.291867,0.0,0.0,0.291482,2.640989,-1.464377,0.0,0.0,0.349418,3.207925,-1.608989,0.0,0.0,0.569962,0.916058,-0.926484,0.0,0.0,0.828526,1.612861,-1.262251,0.0,0.0,0.976448,2.160902,-1.430507,0.0,0.0,1.079842,2.605455,-1.550317,0.0,0.0,0.937078,0.756507,-0.928048,0.0,0.0,1.469987,1.279156,-1.259143,0.0,0.0,1.820775,1.613538,-1.436623,0.0,0.0,2.148828,1.926866,-1.555366,0.0,0.0
record2.mp4,e7f94d8ffdda6840c9b04703cf2b6166921cdbd5be69632bee01bf2c9ebea648,640,480,12.02,736,61.25,664,55333,Left,0.93897,0.000000,0.000000,0.000000,0.0,0.0,-0.550766,0.428899,-0.326669,0.0,0.0,-1.000506,0.981822,-0.630144,0.0,0.0,-1.265662,1.556605,-0.871702,0.0,0.0,-1.586087,2.003744,-1.128638,0.0,0.0,-0.426585,1.070027,-1.020810,0.0,0.0,-0.567790,1.877910,-1.424170,0.0,0.0,-0.627735,2.416240,-1.630008,0.0,0.0,-0.713274,2.921916,-1.773169,0.0,0.0,0.156890,0.996292,-1.007135,0.0,0.0,0.206261,1.601505,-1.439343,0.0,0.0,0.227102,2.085459,-1.616821,0.0,0.0,0.215995,2.523357,-1.768521,0.0,0.0,0.640973,0.879252,-0.977426,0.0,0.0,0.918640,1.395983,-1.356909,0.0,0.0,1.063816,1.848653,-1.492003,0.0,0.0,1.154371,2.250541,-1.597428,0.0,0.0,1.005522,0.752436,-0.957022,0.0,0.0,1.514989,1.171191,-1.303045,0.0,0.0,1.863037,1.445044,-1.471500,0.0,0.0,2.179525,1.743817,-1.589456,0.0,0.0
record2.mp4,e7f94d8ffdda6840c9b04703cf2b6166921cdbd5be69632bee01bf2c9ebea648,640,480,12.02,736,61.25,665,55416,Left,0.959939,0.000000,0.000000,0.000000,0.0,0.0,-0.555981,0.447846,-0.289572,0.0,0.0,-1.003107,1.039343,-0.575639,0.0,0.0,-1.303521,1.618139,-0.809613,0.0,0.0,-1.662294,2.011935,-1.071922,0.0,0.0,-0.495863,1.063731,-0.940410,0.0,0.0,-0.637278,1.857488,-1.336610,0.0,0.0,-0.716482,2.416062,-1.546058,0.0,0.0,-0.794575,2.919496,-1.689318,0.0,0.0,0.058821,1.043627,-0.945106,0.0,0.0,0.169212,1.779187,-1.317382,0.0,0.0,0.257799,2.295372,-1.465195,0.0,0.0,0.329384,2.742825,-1.591982,0.0,0.0,0.547204,0.971229,-0.940324,0.0,0.0,0.850974,1.750158,-1.309391,0.0,0.0,1.131006,2.360543,-1.488529,0.0,0.0,1.360178,2.894482,-1.617529,0.0,0.0,0.908313,0.873107,-0.934569,0.0,0.0,1.373714,1.454116,-1.269813,0.0,0.0,1.709844,1.820521,-1.442734,0.0,0.0,2.000360,2.153205,-1.564028,0.0,0.0
record2.mp4,e7f94d8ffdda6840c9b04703cf2b6166921cdbd5be69632bee01bf2c9ebea648,640,480,12.02,736,61.25,666,55500,Left,0.980964,0.000000,0.000000,0.000000,0.0,0.0,-0.518382,0.420587,-0.338798,0.0,0.0,-0.897920,0.979831,-0.646251,0.0,0.0,-1.207683,1.541811,-0.891783,0.0,0.0,-1.568085,1.938829,-1.157837,0.0,0.0,-0.410600,1.101236,-1.019248,0.0,0.0,-0.569091,1.798446,-1.447833,0.0,0.0,-0.641561,2.309712,-1.672016,0.0,0.0,-0.711698,2.801651,-1.828220,0.0,0.0,0.133055,1.066050,-1.006458,0.0,0.0,0.226670,1.728920,-1.492576,0.0,0.0,0.319588,2.243787,-1.710831,0.0,0.0,0.403600,2.740472,-1.877954,0.0,0.0,0.587415,0.995519,-0.979209,0.0,0.0,0.872160,1.660112,-1.422277,0.0,0.0,1.113243,2.192538,-1.604761,0.0,0.0,1.312204,2.677919,-1.722011,0.0,0.0,0.924246,0.908973,-0.957419,0.0,0.0,1.367194,1.472699,-1.357369,0.0,0.0,1.685813,1.799145,-1.561159,0.0,0.0,1.988473,2.125608,-1.691987,0.0,0.0
record2.mp4,e7f94d8ffdda6840c9b04703cf2b6166921cdbd5be69632bee01bf2c9ebea648,640,480,12.02,736,61.25,667,55583,Left,0.973588,0.000000,0.000000,0.000000,0.0,0.0,-0.546324,0.420732,-0.308104,0.0,0.0,-0.925387,0.914609,-0.619934,0.0,0.0,-1.220910,1.455359,-0.870814,0.0,0.0,-1.569631,1.838886,-1.146248,0.0,0.0,-0.435491,1.086065,-0.997687,0.0,0.0,-0.622729,1.767051,-1.430958,0.0,0.0,-0.683361,2.293702,-1.667327,0.0,0.0,-0.739850,2.777787,-1.829768,0.0,0.0,0.118285,1.087777,-1.000371,0.0,0.0,0.214845,1.827711,-1.473384,0.0,0.0,0.315462,2.382283,-1.693329,0.0,0.0,0.408352,2.892836,-1.859950,0.0,0.0,0.583870,1.000784,-0.981600,0.0,0.0,0.885662,1.706862,-1.402425,0.0,0.0,1.131414,2.255743,-1.584110,0.0,0.0,1.325693,2.747015,-1.705134,0.0,0.0,0.910627,0.861520,-0.963835,0.0,0.0,1.380008,1.362869,-1.349798,0.0,0.0,1.702843,1.673260,-1.540463,0.0,0.0,2.010840,1.985489,-1.661539,0.0,0.0
record2.mp4,e7f94d8ffdda6840c9b04703cf2b6166921cdbd5be69632bee01bf2c9ebea648,640,480,12.02,736,61.25,668,55666,Left,0.974113,0.000000,0.000000,0.000000,0.0,0.0,-0.546126,0.399817,-0.329718,0.0,0.0,-0.928893,0.913754,-0.611242,0.0,0.0,-1.195864,1.440918,-0.824876,0.0,0.0,-1.559052,1.791635,-1.049809,0.0,0.0,-0.412969,1.072321,-0.929441,0.0,0.0,-0.579493,1.729608,-1.330883,0.0,0.0,-0.640001,2.220597,-1.548182,0.0,0.0,-0.698961,2.677741,-1.692821,0.0,0.0,0.132249,1.077311,-0.896960,0.0,0.0,0.218661,1.764580,-1.342581,0.0,0.0,0.313560,2.309541,-1.552125,0.0,0.0,0.409305,2.809506,-1.709006,0.0,0.0,0.580914,1.024961,-0.850942,0.0,0.0,0.816928,1.631413,-1.249714,0.0,0.0,1.008363,2.129000,-1.428313,0.0,0.0,1.171741,2.570812,-1.538296,0.0,0.0,0.914480,0.935937,-0.811614,0.0,0.0,1.336287,1.443579,-1.166247,0.0,0.0,1.635065,1.737400,-1.351896,0.0,0.0,1.915623,2.032551,-1.468464,0.0,0.0
record2.mp4,e7f94d8ffdda6840c9b04703cf2b6166921cdbd5be69632bee01bf2c9ebea648,640,480,12.02,736,61.25,669,55750,Left,0.975362,0.000000,0.000000,0.000000,0.0,0.0,-0.523693,0.438368,-0.286855,0.0,0.0,-0.899411,0.978883,-0.548492,0.0,0.0,-1.161204,1.524633,-0.746026,0.0,0.0,-1.529565,1.874382,-0.955707,0.0,0.0,-0.404550,1.113548,-0.899625,0.0,0.0,-0.568657,1.823102,-1.288761,0.0,0.0,-0.620760,2.341960,-1.490283,0.0,0.0,-0.670300,2.803931,-1.622501,0.0,0.0,0.123671,1.103331,-0.883101,0.0,0.0,0.230924,1.858500,-1.318600,0.0,0.0,0.335389,2.422040,-1.518660,0.0,0.0,0.434363,2.922733,-1.665825,0.0,0.0,0.560930,1.042171,-0.849461,0.0,0.0,0.822393,1.696646,-1.242010,0.0,0.0,1.017765,2.221186,-1.427333,0.0,0.0,1.179016,2.671803,-1.540625,0.0,0.0,0.884541,0.951624,-0.817023,0.0,0.0,1.323413,1.488898,-1.175705,0.0,0.0,1.628004,1.808530,-1.373203,0.0,0.0,1.909561,2.120001,-1.497337,0.0,0.0
record2.mp4,e7f94d8ffdda6840c9b04703cf2b6166921cdbd5be69632bee01bf2c9ebea648,640,480,12.02,736,61.25,670,55833,Left,0.971985,0.000000,0.000000,0.000000,0.0,0.0,-0.553680,0.414889,-0.306979,0.0,0.0,-0.976689,0.991043,-0.576184,0.0,0.0,-1.271185,1.562871,-0.781013,0.0,0.0,-1.650690,1.936647,-1.003984,0.0,0.0,-0.455189,1.067411,-0.915415,0.0,0.0,-0.614543,1.777387,-1.282928,0.0,0.0,-0.673543,2.290899,-1.466082,0.0,0.0,-0.732968,2.767255,-1.592368,0.0,0.0,0.089130,1.068487,-0.905366,0.0,0.0,0.188616,1.867645,-1.320216,0.0,0.0,0.292549,2.464776,-1.514689,0.0,0.0,0.389403,3.013318,-1.666110,0.0,0.0,0.549478,1.012271,-0.880513,0.0,0.0,0.820461,1.722678,-1.275462,0.0,0.0,1.037868,2.287712,-1.478160,0.0,0.0,1.217825,2.778358,-1.608006,0.0,0.0,0.904394,0.917663,-0.856811,0.0,0.0,1.357575,1.497795,-1.220838,0.0,0.0,1.683319,1.839523,-1.425068,0.0,0.0,1.983696,2.165031,-1.560277,0.0,0.0
record2.mp4,e7f94d8ffdda6840c9b04703cf2b6166921cdbd5be69632bee01bf2c9ebea648,640,480,12.02,736,61.25,671,55916,Left,0.977049,0.000000,0.000000,0.000000,0.0,0.0,-0.543752,0.419782,-0.322156,0.0,0.0,-0.969053,1.001902,-0.598279,0.0,0.0,-1.268281,1.571714,-0.804488,0.0,0.0,-1.658989,1.935806,-1.025861,0.0,0.0,-0.458690,1.093350,-0.968340,0.0,0.0,-0.595716,1.833088,-1.359636,0.0,0.0,-0.632637,2.379162,-1.559078,0.0,0.0,-0.671777,2.872615,-1.695108,0.0,0.0,0.085196,1.072445,-0.946913,0.0,0.0,0.208994,1.845407,-1.379580,0.0,0.0,0.323226,2.440886,-1.575235,0.0,0.0,0.430242,2.984568,-1.728112,0.0,0.0,0.543084,1.005868,-0.910734,0.0,0.0,0.809327,1.684199,-1.310522,0.0,0.0,1.009227,2.232094,-1.498623,0.0,0.0,1.176217,2.704923,-1.618338,0.0,0.0,0.891579,0.917201,-0.879441,0.0,0.0,1.335990,1.498324,-1.249209,0.0,0.0,1.658989,1.837607,-1.454996,0.0,0.0,1.953670,2.164241,-1.588045,0.0,0.0
record2.mp4,e7f94d8ffdda6840c9b04703cf2b6166921cdbd5be69632bee01bf2c9ebea648,640,480,12.02,736,61.25,672,56000,Left,0.961547,0.000000,0.000000,0.000000,0.0,0.0,-0.543390,0.418272,-0.354174,0.0,0.0,-0.970881,0.982689,-0.660104,0.0,0.0,-1.292241,1.550370,-0.892732,0.0,0.0,-1.669153,1.937519,-1.147331,0.0,0.0,-0.453124,1.095233,-1.057202,0.0,0.0,-0.579724,1.861306,-1.470202,0.0,0.0,-0.637262,2.394610,-1.673156,0.0,0.0,-0.697845,2.885933,-1.813219,0.0,0.0,0.106288,1.073344,-1.035586,0.0,0.0,0.239089,1.844420,-1.497781,0.0,0.0,0.349711,2.400558,-1.700887,0.0,0.0,0.438434,2.913532,-1.858706,0.0,0.0,0.564646,0.994125,-0.998210,0.0,0.0,0.831329,1.691710,-1.435672,0.0,0.0,1.056373,2.275568,-1.646609,0.0,0.0,1.239123,2.802629,-1.785417,0.0,0.0,0.899161,0.890651,-0.963363,0.0,0.0,1.349224,1.467360,-1.370375,0.0,0.0,1.681308,1.802318,-1.594472,0.0,0.0,1.988987,2.137617,-1.742996,0.0,0.0
record2.mp4,e7f94d8ffdda6840c9b04703cf2b6166921cdbd5be69632bee01bf2c9ebea648,640,480,12.02,736,61.25,673,56083,Left,0.97211,0.000000,0.000000,0.000000,0.0,0.0,-0.563244,0.421362,-0.316312,0.0,0.0,-1.016459,0.981311,-0.616680,0.0,0.0,-1.340288,1.545732,-0.843872,0.0,0.0,-1.702373,1.963180,-1.090501,0.0,0.0,-0.464630,1.059027,-1.055204,0.0,0.0,-0.605622,1.861328,-1.445367,0.0,0.0,-0.665016,2.416905,-1.633433,0.0,0.0,-0.729149,2.913675,-1.766115,0.0,0.0,0.101430,1.031274,-1.032789,0.0,0.0,0.093835,1.698578,-1.400919,0.0,0.0,0.076135,2.151335,-1.514596,0.0,0.0,0.039977,2.530458,-1.628014,0.0,0.0,0.589184,0.950811,-0.997942,0.0,0.0,0.823404,1.604143,-1.365852,0.0,0.0,0.995335,2.131611,-1.526173,0.0,0.0,1.117654,2.597078,-1.654341,0.0,0.0,0.943752,0.846002,-0.962865,0.0,0.0,1.420497,1.367543,-1.318549,0.0,0.0,1.768384,1.664072,-1.509382,0.0,0.0,2.066698,1.967967,-1.648545,0.0,0.0
record2.mp4,e7f94d8ffdda6840c9b04703cf2b6166921cdbd5be69632bee01bf2c9ebea648,640,480,12.02,736,61.25,674,56166,Left,0.972349,0.000000,0.000000,0.000000,0.0,0.0,-0.567348,0.409580,-0.316108,0.0,0.0,-1.034749,0.977198,-0.614244,0.0,0.0,-1.376634,1.547653,-0.846774,0.0,0.0,-1.711894,1.974811,-1.100078,0.0,0.0,-0.466565,1.044169,-1.014863,0.0,0.0,-0.615692,1.837254,-1.411941,0.0,0.0,-0.695467,2.387320,-1.608008,0.0,0.0,-0.780357,2.887431,-1.744404,0.0,0.0,0.087974,1.040115,-1.005707,0.0,0.0,0.041753,1.758385,-1.384692,0.0,0.0,-0.017097,2.236871,-1.517401,0.0,0.0,-0.083758,2.634361,-1.637370,0.0,0.0,0.571919,0.983140,-0.986910,0.0,0.0,0.818010,1.739671,-1.379398,0.0,0.0,1.045396,2.368763,-1.570617,0.0,0.0,1.220057,2.926770,-1.712739,0.0,0.0,0.927739,0.896045,-0.965349,0.0,0.0,1.360863,1.499523,-1.326920,0.0,0.0,1.694160,1.865567,-1.516935,0.0,0.0,1.997499,2.211068,-1.655623,0.0,0.0
record2.mp4,e7f94d8ffdda6840c9b04703cf2b6166921cdbd5be69632bee01bf2c9ebea648,640,480,12.02,736,61.25,675,56250,Left,0.946079,0.000000,0.000000,0.000000,0.0,0.0,-0.552448,0.405604,-0.324882,0.0,0.0,-1.015096,0.942402,-0.617199,0.0,0.0,-1.345292,1.490532,-0.849897,0.0,0.0,-1.666819,1.911156,-1.101748,0.0,0.0,-0.458333,1.079324,-0.979906,0.0,0.0,-0.590717,1.838803,-1.369665,0.0,0.0,-0.655416,2.365298,-1.560525,0.0,0.0,-0.715181,2.849876,-1.695854,0.0,0.0,0.104522,1.046031,-0.972825,0.0,0.0,0.150284,1.703043,-1.395070,0.0,0.0,0.164828,2.174874,-1.567394,0.0,0.0,0.166691,2.588881,-1.709959,0.0,0.0,0.579210,0.962926,-0.957035,0.0,0.0,0.819519,1.624460,-1.375250,0.0,0.0,1.041916,2.225516,-1.577073,0.0,0.0,1.220308,2.758795,-1.717060,0.0,0.0,0.929134,0.858062,-0.941984,0.0,0.0,1.357254,1.444235,-1.330970,0.0,0.0,1.673428,1.823381,-1.547516,0.0,0.0,1.968941,2.185152,-1.697843,0.0,0.0
record2.mp4,e7f94d8ffdda6840c9b04703cf2b6166921cdbd5be69632bee01bf2c9ebea648,640,480,12.02,736,61.25,676,56333,Left,0.939292,0.000000,0.000000,0.000000,0.0,0.0,-0.572670,0.385443,-0.361005,0.0,0.0,-1.058784,0.966265,-0.661199,0.0,0.0,-1.418592,1.541005,-0.888800,0.0,0.0,-1.756897,1.972207,-1.134276,0.0,0.0,-0.468177,1.022537,-1.066514,0.0,0.0,-0.599544,1.741868,-1.469152,0.0,0.0,-0.670087,2.250671,-1.656342,0.0,0.0,-0.735689,2.737665,-1.788887,0.0,0.0,0.112631,1.011089,-1.038674,0.0,0.0,0.179789,1.650729,-1.463467,0.0,0.0,0.218346,2.121907,-1.613184,0.0,0.0,0.231766,2.538638,-1.742153,0.0,0.0,0.598475,0.947250,-1.003575,0.0,0.0,0.840301,1.580635,-1.431767,0.0,0.0,1.058995,2.179909,-1.623337,0.0,0.0,1.232167,2.725054,-1.755343,0.0,0.0,0.960942,0.857027,-0.971963,0.0,0.0,1.382355,1.456513,-1.376798,0.0,0.0,1.697833,1.857775,-1.600907,0.0,0.0,1.980605,2.246507,-1.756789,0.0,0.0
record2.mp4,e7f94d8ffdda6840c9b04703cf2b6166921cdbd5be69632bee01bf2c9ebea648,640,480,12.02,736,61.25,677,56416,Left,0.913583,0.000000,0.000000,0.000000,0.0,0.0,-0.576162,0.382033,-0.392028,0.0,0.0,-1.043529,0.925432,-0.720231,0.0,0.0,-1.398366,1.483083,-0.977855,0.0,0.0,-1.695962,1.923984,-1.253148,0.0,0.0,-0.455545,1.049564,-1.092911,0.0,0.0,-0.616853,1.743620,-1.528300,0.0,0.0,-0.717552,2.238904,-1.749326,0.0,0.0,-0.815928,2.730318,-1.903394,0.0,0.0,0.117749,1.024483,-1.059581,0.0,0.0,0.180083,1.641379,-1.533842,0.0,0.0,0.220442,2.122246,-1.732840,0.0,0.0,0.244444,2.573915,-1.891899,0.0,0.0,0.594738,0.961614,-1.019575,0.0,0.0,0.833395,1.589191,-1.473039,0.0,0.0,1.058413,2.195054,-1.685704,0.0,0.0,1.238573,2.761213,-1.829995,0.0,0.0,0.944825,0.881727,-0.986863,0.0,0.0,1.377279,1.450022,-1.406201,0.0,0.0,1.696686,1.840245,-1.642550,0.0,0.0,1.989189,2.231931,-1.804592,0.0,0.0
record2.mp4,e7f94d8ffdda6840c9b04703cf2b6166921cdbd5be69632bee01bf2c9ebea648,640,480,12.02,736,61.25,678,56500,Left,0.975128,0.000000,0.000000,0.000000,0.0,0.0,-0.599528,0.409566,-0.309243,0.0,0.0,-1.061595,0.939978,-0.580555,0.0,0.0,-1.387136,1.481253,-0.788281,0.0,0.0,-1.641022,1.932305,-1.012037,0.0,0.0,-0.462043,1.057743,-0.926145,0.0,0.0,-0.660919,1.690479,-1.307289,0.0,0.0,-0.761098,2.151626,-1.507260,0.0,0.0,-0.858292,2.582072,-1.638799,0.0,0.0,0.091498,1.072047,-0.911435,0.0,0.0,0.139458,1.853375,-1.350493,0.0,0.0,0.203298,2.469696,-1.568844,0.0,0.0,0.257819,3.019935,-1.738239,0.0,0.0,0.554251,1.020973,-0.878538,0.0,0.0,0.785268,1.741197,-1.273005,0.0,0.0,0.965637,2.326577,-1.469907,0.0,0.0,1.092829,2.828097,-1.598744,0.0,0.0,0.892031,0.932985,-0.847243,0.0,0.0,1.333630,1.493755,-1.213277,0.0,0.0,1.632896,1.863231,-1.416124,0.0,0.0,1.913048,2.215974,-1.550050,0.0,0.0
record2.mp4,e7f94d8ffdda6840c9b04703cf2b6166921cdbd5be69632bee01bf2c9ebea648,640,480,12.02,736,61.25,679,56583,Left,0.967308,0.000000,0.000000,0.000000,0.0,0.0,-0.595127,0.422057,-0.332694,0.0,0.0,-1.075592,0.943612,-0.617344,0.0,0.0,-1.395309,1.493442,-0.833109,0.0,0.0,-1.599882,1.965933,-1.063435,0.0,0.0,-0.486628,1.073587,-1.011270,0.0,0.0,-0.683315,1.882213,-1.418505,0.0,0.0,-0.748340,2.448483,-1.627391,0.0,0.0,-0.806121,2.966396,-1.766161,0.0,0.0,0.067311,1.053310,-0.988186,0.0,0.0,0.131708,1.879954,-1.442262,0.0,0.0,0.204044,2.510202,-1.661901,0.0,0.0,0.269706,3.074843,-1.834849,0.0,0.0,0.535160,0.997941,-0.947410,0.0,0.0,0.772730,1.730655,-1.348469,0.0,0.0,0.955344,2.333331,-1.550691,0.0,0.0,1.098811,2.852449,-1.688192,0.0,0.0,0.886890,0.928706,-0.911388,0.0,0.0,1.322332,1.516978,-1.291990,0.0,0.0,1.616334,1.892458,-1.508978,0.0,0.0,1.891318,2.244508,-1.652347,0.0,0.0
record2.mp4,e7f94d8ffdda6840c9b04703cf2b6166921cdbd5be69632bee01bf2c9ebea648,640,480,12.02,736,61.25,680,56666,Left,0.956521,0.000000,0.000000,0.000000,0.0,0.0,-0.576515,0.401808,-0.354640,0.0,0.0,-1.065544,0.928770,-0.656870,0.0,0.0,-1.382286,1.471667,-0.883462,0.0,0.0,-1.589129,1.945162,-1.130099,0.0,0.0,-0.463285,1.089722,-1.073706,0.0,0.0,-0.619154,1.894180,-1.481070,0.0,0.0,-0.694033,2.438558,-1.683341,0.0,0.0,-0.770760,2.936963,-1.820514,0.0,0.0,0.087290,1.073453,-1.045697,0.0,0.0,0.143458,1.863008,-1.486218,0.0,0.0,0.210873,2.430857,-1.693281,0.0,0.0,0.261608,2.941508,-1.863532,0.0,0.0,0.545595,1.012278,-1.000180,0.0,0.0,0.746930,1.719925,-1.407408,0.0,0.0,0.913203,2.315419,-1.624271,0.0,0.0,1.044999,2.828337,-1.778049,0.0,0.0,0.882999,0.926485,-0.957588,0.0,0.0,1.332847,1.509486,-1.352718,0.0,0.0,1.649023,1.867136,-1.587534,0.0,0.0,1.940985,2.208457,-1.747793,0.0,0.0
record2.mp4,e7f94d8ffdda6840c9b04703cf2b6166921cdbd5be69632bee01bf2c9ebea648,640,480,12.02,736,61.25,681,56750,Left,0.943984,0.000000,0.000000,0.000000,0.0,0.0,-0.636995,0.375780,-0.360058,0.0,0.0,-1.165290,0.928159,-0.681749,0.0,0.0,-1.490656,1.493358,-0.928302,0.0,0.0,-1.695423,2.000919,-1.198254,0.0,0.0,-0.560657,0.992557,-1.145762,0.0,0.0,-0.667479,1.879291,-1.586065,0.0,0.0,-0.749983,2.463372,-1.808255,0.0,0.0,-0.851623,2.988324,-1.957100,0.0,0.0,0.032156,0.976036,-1.124327,0.0,0.0,0.084879,1.785922,-1.543003,0.0,0.0,0.063554,2.341593,-1.717325,0.0,0.0,0.010053,2.815735,-1.876087,0.0,0.0,0.542124,0.926423,-1.089002,0.0,0.0,0.773718,1.692376,-1.474041,0.0,0.0,0.937627,2.349772,-1.677823,0.0,0.0,1.045518,2.916440,-1.841174,0.0,0.0,0.926349,0.861438,-1.058684,0.0,0.0,1.343474,1.478155,-1.423131,0.0,0.0,1.653109,1.888615,-1.638331,0.0,0.0,1.929142,2.274360,-1.802169,0.0,0.0
record2.mp4,e7f94d8ffdda6840c9b04703cf2b6166921cdbd5be69632bee01bf2c9ebea648,640,480,12.02,736,61.25,682,56833,Left,0.883361,0.000000,0.000000,0.000000,0.0,0.0,-0.594399,0.380447,-0.336657,0.0,0.0,-1.115802,0.909195,-0.630189,0.0,0.0,-1.449747,1.458592,-0.859018,0.0,0.0,-1.646421,1.945576,-1.108229,0.0,0.0,-0.526138,1.037908,-1.030348,0.0,0.0,-0.715210,1.834417,-1.442042,0.0,0.0,-0.809185,2.361470,-1.645780,0.0,0.0,-0.908249,2.856193,-1.786112,0.0,0.0,0.020192,1.040668,-1.021817,0.0,0.0,-0.003252,1.793462,-1.462725,0.0,0.0,-0.039679,2.328076,-1.659740,0.0,0.0,-0.097256,2.796824,-1.822763,0.0,0.0,0.503778,0.993282,-1.001066,0.0,0.0,0.698912,1.720133,-1.414651,0.0,0.0,0.854449,2.345152,-1.623828,0.0,0.0,0.965791,2.881319,-1.774854,0.0,0.0,0.886180,0.917019,-0.983504,0.0,0.0,1.231864,1.531950,-1.367467,0.0,0.0,1.493120,1.944347,-1.589350,0.0,0.0,1.740595,2.332213,-1.748431,0.0,0.0
record2.mp4,e7f94d8ffdda6840c9b04703cf2b6166921cdbd5be69632bee01bf2c9ebea648,640,480,12.02,736,61.25,683,56916,Left,0.938059,0.000000,0.000000,0.000000,0.0,0.0,-0.637275,0.378952,-0.328804,0.0,0.0,-1.155879,0.922673,-0.624502,0.0,0.0,-1.493252,1.481095,-0.848778,0.0,0.0,-1.702160,1.964648,-1.089983,0.0,0.0,-0.594926,0.977582,-1.073079,0.0,0.0,-0.750820,1.515029,-1.531133,0.0,0.0,-0.830615,1.957105,-1.772157,0.0,0.0,-0.926476,2.384045,-1.925359,0.0,0.0,-0.015978,1.004507,-1.073728,0.0,0.0,0.020982,1.794846,-1.582977,0.0,0.0,0.042939,2.454240,-1.827142,0.0,0.0,0.034745,3.033047,-2.014582,0.0,0.0,0.481493,0.988467,-1.053848,0.0,0.0,0.673337,1.746357,-1.506049,0.0,0.0,0.803933,2.374849,-1.718011,0.0,0.0,0.876051,2.914624,-1.853191,0.0,0.0,0.865653,0.922465,-1.034661,0.0,0.0,1.213058,1.546249,-1.436901,0.0,0.0,1.471017,1.971752,-1.652086,0.0,0.0,1.704804,2.375179,-1.795660,0.0,0.0
record2.mp4,e7f94d8ffdda6840c9b04703cf2b6166921cdbd5be69632bee01bf2c9ebea648,640,480,12.02,736,61.25,684,57000,Left,0.963151,0.000000,0.000000,0.000000,0.0,0.0,-0.622609,0.398345,-0.288303,0.0,0.0,-1.143437,0.955286,-0.556629,0.0,0.0,-1.469527,1.520200,-0.762226,0.0,0.0,-1.682631,1.995315,-0.984423,0.0,0.0,-0.579064,1.014968,-0.978815,0.0,0.0,-0.742596,1.534433,-1.409618,0.0,0.0,-0.834623,1.952574,-1.643161,0.0,0.0,-0.939557,2.350699,-1.791678,0.0,0.0,-0.012358,1.021004,-0.993917,0.0,0.0,0.011562,1.820740,-1.465511,0.0,0.0,0.012262,2.463805,-1.703128,0.0,0.0,-0.009639,3.026187,-1.889380,0.0,0.0,0.471401,0.997097,-0.990156,0.0,0.0,0.658145,1.760178,-1.417429,0.0,0.0,0.779598,2.388615,-1.634347,0.0,0.0,0.843982,2.924086,-1.775212,0.0,0.0,0.854609,0.936644,-0.984008,0.0,0.0,1.197445,1.571348,-1.364198,0.0,0.0,1.450863,1.994982,-1.574915,0.0,0.0,1.679815,2.391346,-1.717632,0.0,0.0
record2.mp4,e7f94d8ffdda6840c9b04703cf2b6166921cdbd5be69632bee01bf2c9ebea648,640,480,12.02,736,61.25,685,57083,Left,0.96782,0.000000,0.000000,0.000000,0.0,0.0,-0.599610,0.410112,-0.292007,0.0,0.0,-1.115135,1.007347,-0.552260,0.0,0.0,-1.439966,1.591045,-0.747147,0.0,0.0,-1.676985,2.056162,-0.960653,0.0,0.0,-0.559008,1.035922,-0.975937,0.0,0.0,-0.755390,1.578720,-1.399139,0.0,0.0,-0.877182,2.003497,-1.627708,0.0,0.0,-1.010280,2.401585,-1.772552,0.0,0.0,-0.003230,1.030631,-0.982541,0.0,0.0,0.017512,1.836729,-1.444002,0.0,0.0,0.020042,2.468459,-1.679673,0.0,0.0,0.004385,3.018302,-1.863452,0.0,0.0,0.472326,1.007329,-0.970301,0.0,0.0,0.674766,1.790720,-1.391088,0.0,0.0,0.798077,2.417775,-1.611802,0.0,0.0,0.867688,2.941246,-1.753559,0.0,0.0,0.850938,0.956242,-0.955530,0.0,0.0,1.207199,1.620002,-1.326652,0.0,0.0,1.462731,2.049448,-1.536032,0.0,0.0,1.688693,2.438543,-1.677914,0.0,0.0
record2.mp4,e7f94d8ffdda6840c9b04703cf2b6166921cdbd5be69632bee01bf2c9ebea648,640,480,12.02,736,61.25,686,57166,Left,0.975993,0.000000,0.000000,0.000000,0.0,0.0,-0.623786,0.401403,-0.324926,0.0,0.0,-1.148373,0.979219,-0.612190,0.0,0.0,-1.517113,1.552860,-0.827061,0.0,0.0,-1.768222,2.028456,-1.059370,0.0,0.0,-0.563616,1.010052,-1.059409,0.0,0.0,-0.756157,1.581695,-1.521114,0.0,0.0,-0.904669,2.021640,-1.770323,0.0,0.0,-1.075119,2.425823,-1.924960,0.0,0.0,-0.001748,1.017747,-1.060810,0.0,0.0,0.045978,1.896072,-1.577581,0.0,0.0,0.047560,2.577908,-1.847705,0.0,0.0,0.026488,3.178815,-2.052136,0.0,0.0,0.476920,1.004275,-1.041070,0.0,0.0,0.686624,1.804216,-1.502153,0.0,0.0,0.801116,2.452303,-1.743193,0.0,0.0,0.860772,2.993829,-1.893306,0.0,0.0,0.860037,0.963412,-1.019964,0.0,0.0,1.225712,1.646967,-1.412180,0.0,0.0,1.492319,2.084642,-1.628251,0.0,0.0,1.731661,2.477333,-1.774578,0.0,0.0
record2.mp4,e7f94d8ffdda6840c9b04703cf2b6166921cdbd5be69632bee01bf2c9ebea648,640,480,12.02,736,61.25,687,57250,Left,0.971725,0.000000,0.000000,0.000000,0.0,0.0,-0.569171,0.412730,-0.249442,0.0,0.0,-1.052394,0.925941,-0.502543,0.0,0.0,-1.423188,1.411114,-0.706315,0.0,0.0,-1.718287,1.778568,-0.933686,0.0,0.0,-0.533672,1.089422,-0.906973,0.0,0.0,-0.854374,1.680366,-1.318814,0.0,0.0,-1.061255,2.108116,-1.554759,0.0,0.0,-1.264118,2.505876,-1.707489,0.0,0.0,-0.016682,1.092956,-0.932261,0.0,0.0,0.000950,1.904280,-1.378368,0.0,0.0,-0.002422,2.504508,-1.620836,0.0,0.0,-0.009519,3.044113,-1.806952,0.0,0.0,0.437844,1.050047,-0.936291,0.0,0.0,0.637204,1.827361,-1.342244,0.0,0.0,0.749549,2.423536,-1.566290,0.0,0.0,0.824802,2.931636,-1.709323,0.0,0.0,0.805722,0.984772,-0.935369,0.0,0.0,1.157473,1.639464,-1.299508,0.0,0.0,1.402123,2.060089,-1.500190,0.0,0.0,1.618959,2.442054,-1.630886,0.0,0.0
record2.mp4,e7f94d8ffdda6840c9b04703cf2b6166921cdbd5be69632bee01bf2c9ebea648,640,480,12.02,736,61.25,688,57333,Left,0.97357,0.000000,0.000000,0.000000,0.0,0.0,-0.563421,0.405680,-0.294964,0.0,0.0,-1.048630,0.904544,-0.594930,0.0,0.0,-1.494585,1.336722,-0.825929,0.0,0.0,-1.921258,1.603620,-1.077843,0.0,0.0,-0.624929,1.079372,-1.123476,0.0,0.0,-0.902714,1.850549,-1.581420,0.0,0.0,-1.012247,2.417171,-1.820893,0.0,0.0,-1.098177,2.926619,-1.975811,0.0,0.0,-0.071454,1.051018,-1.123975,0.0,0.0,-0.005812,1.866496,-1.618183,0.0,0.0,0.024083,2.495854,-1.850741,0.0,0.0,0.040932,3.066203,-2.027713,0.0,0.0,0.409956,0.997658,-1.095466,0.0,0.0,0.607742,1.733009,-1.529454,0.0,0.0,0.704856,2.334078,-1.748323,0.0,0.0,0.762263,2.845186,-1.886402,0.0,0.0,0.781485,0.937596,-1.063728,0.0,0.0,1.104638,1.584985,-1.444814,0.0,0.0,1.350288,1.991553,-1.653980,0.0,0.0,1.567182,2.368176,-1.790248,0.0,0.0
record2.mp4,e7f94d8ffdda6840c9b04703cf2b6166921cdbd5be69632bee01bf2c9ebea648,640,480,12.02,736,61.25,689,57416,Left,0.953118,0.000000,0.000000,0.000000,0.0,0.0,-0.636377,0.356939,-0.375815,0.0,0.0,-1.207432,0.829750,-0.719308,0.0,0.0,-1.705899,1.204997,-0.984735,0.0,0.0,-2.157722,1.385998,-1.270167,0.0,0.0,-0.681639,1.014897,-1.268070,0.0,0.0,-0.987165,1.865989,-1.765635,0.0,0.0,-1.118489,2.484384,-2.024786,0.0,0.0,-1.238530,3.039674,-2.194288,0.0,0.0,-0.092284,0.993554,-1.250784,0.0,0.0,-0.055861,1.887681,-1.815185,0.0,0.0,-0.042543,2.603416,-2.099525,0.0,0.0,-0.038972,3.238693,-2.313907,0.0,0.0,0.403493,0.964718,-1.201312,0.0,0.0,0.602903,1.775062,-1.683900,0.0,0.0,0.711336,2.447847,-1.934354,0.0,0.0,0.780332,3.015604,-2.092538,0.0,0.0,0.789274,0.937963,-1.155721,0.0,0.0,1.148901,1.663432,-1.574619,0.0,0.0,1.397655,2.113827,-1.810305,0.0,0.0,1.619818,2.527048,-1.966226,0.0,0.0
record2.mp4,e7f94d8ffdda6840c9b04703cf2b6166921cdbd5be69632bee01bf2c9ebea648,640,480,12.02,736,61.25,690,57500,Left,0.939445,0.000000,0.000000,0.000000,0.0,0.0,-0.694728,0.324803,-0.472363,0.0,0.0,-1.269797,0.738442,-0.916196,0.0,0.0,-1.804227,1.067496,-1.250566,0.0,0.0,-2.280095,1.237688,-1.609761,0.0,0.0,-0.726292,0.967131,-1.661512,0.0,0.0,-1.027454,1.850172,-2.303185,0.0,0.0,-1.157924,2.507742,-2.644778,0.0,0.0,-1.294734,3.083308,-2.862145,0.0,0.0,-0.100786,0.956886,-1.614653,0.0,0.0,-0.067477,1.862752,-2.342913,0.0,0.0,-0.081211,2.605769,-2.713476,0.0,0.0,-0.112019,3.245348,-2.986947,0.0,0.0,0.405128,0.953722,-1.518001,0.0,0.0,0.595600,1.786617,-2.127844,0.0,0.0,0.689449,2.500474,-2.452712,0.0,0.0,0.727034,3.087122,-2.658725,0.0,0.0,0.773985,0.950850,-1.420196,0.0,0.0,1.121982,1.654468,-1.921331,0.0,0.0,1.352332,2.115115,-2.210824,0.0,0.0,1.555145,2.538734,-2.409125,0.0,0.0
record2.mp4,e7f94d8ffdda6840c9b04703cf2b6166921cdbd5be69632bee01bf2c9ebea648,640,480,12.02,736,61.25,691,57583,Left,0.954496,0.000000,0.000000,0.000000,0.0,0.0,-0.699750,0.308148,-0.409238,0.0,0.0,-1.271946,0.707514,-0.782666,0.0,0.0,-1.764469,1.026744,-1.064586,0.0,0.0,-2.165006,1.227824,-1.369888,0.0,0.0,-0.676601,0.993065,-1.450859,0.0,0.0,-0.969811,1.859854,-2.011324,0.0,0.0,-1.099732,2.503517,-2.315004,0.0,0.0,-1.224328,3.076437,-2.514417,0.0,0.0,-0.064854,0.981994,-1.415244,0.0,0.0,-0.013045,1.879308,-2.051487,0.0,0.0,-0.019119,2.599511,-2.379403,0.0,0.0,-0.035379,3.221331,-2.626489,0.0,0.0,0.425422,0.968533,-1.333504,0.0,0.0,0.625792,1.809863,-1.858386,0.0,0.0,0.719960,2.495701,-2.120656,0.0,0.0,0.764192,3.070356,-2.292774,0.0,0.0,0.796062,0.955048,-1.253970,0.0,0.0,1.141769,1.652974,-1.701816,0.0,0.0,1.372790,2.086697,-1.944948,0.0,0.0,1.571145,2.493257,-2.106848,0.0,0.0
record2.mp4,e7f94d8ffdda6840c9b04703cf2b6166921cdbd5be69632bee01bf2c9ebea648,640,480,12.02,736,61.25,692,57666,Left,0.974567,0.000000,0.000000,0.000000,0.0,0.0,-0.740312,0.346747,-0.514042,0.0,0.0,-1.326814,0.848091,-0.934899,0.0,0.0,-1.706516,1.382709,-1.239441,0.0,0.0,-1.981680,1.890484,-1.563674,0.0,0.0,-0.654984,0.968394,-1.568297,0.0,0.0,-0.921278,1.767915,-2.147447,0.0,0.0,-1.014938,2.411920,-2.448138,0.0,0.0,-1.119740,3.007010,-2.646590,0.0,0.0,0.000504,0.927304,-1.481311,0.0,0.0,0.061464,1.757205,-2.168906,0.0,0.0,0.071070,2.495499,-2.510531,0.0,0.0,0.043955,3.142374,-2.768289,0.0,0.0,0.501689,0.909548,-1.353052,0.0,0.0,0.711307,1.655195,-1.910276,0.0,0.0,0.806447,2.371991,-2.169481,0.0,0.0,0.824215,2.975309,-2.342318,0.0,0.0,0.866361,0.899188,-1.234907,0.0,0.0,1.236151,1.529852,-1.711507,0.0,0.0,1.461653,1.989397,-1.980737,0.0,0.0,1.651065,2.436460,-2.163462,0.0,0.0
record2.mp4,e7f94d8ffdda6840c9b04703cf2b6166921cdbd5be69632bee01bf2c9ebea648,640,480,12.02,736,61.25,693,57750,Left,0.96184,0.000000,0.000000,0.000000,0.0,0.0,-0.689153,0.384501,-0.517771,0.0,0.0,-1.222088,0.928440,-0.937200,0.0,0.0,-1.562667,1.491707,-1.241030,0.0,0.0,-1.829808,2.017416,-1.564285,0.0,0.0,-0.610429,1.016291,-1.577357,0.0,0.0,-0.844443,1.769005,-2.180218,0.0,0.0,-0.931200,2.368328,-2.504901,0.0,0.0,-1.033996,2.935832,-2.719982,0.0,0.0,0.010661,0.971556,-1.488008,0.0,0.0,0.118587,1.736403,-2.199187,0.0,0.0,0.157674,2.419332,-2.559721,0.0,0.0,0.147072,3.030820,-2.831812,0.0,0.0,0.491360,0.947937,-1.359121,0.0,0.0,0.717025,1.635586,-1.934394,0.0,0.0,0.808723,2.303288,-2.204519,0.0,0.0,0.812419,2.867738,-2.384651,0.0,0.0,0.856424,0.930019,-1.240327,0.0,0.0,1.236036,1.505879,-1.714273,0.0,0.0,1.468895,1.923070,-1.983529,0.0,0.0,1.651047,2.327454,-2.171247,0.0,0.0
record2.mp4,e7f94d8ffdda6840c9b04703cf2b6166921cdbd5be69632bee01bf2c9ebea648,640,480,12.02,736,61.25,694,57833,Left,0.93188,0.000000,0.000000,0.000000,0.0,0.0,-0.623125,0.403607,-0.395436,0.0,0.0,-1.130073,0.968291,-0.710814,0.0,0.0,-1.491239,1.539528,-0.959325,0.0,0.0,-1.783692,2.023540,-1.227658,0.0,0.0,-0.505312,1.031638,-1.104241,0.0,0.0,-0.772110,1.830266,-1.557000,0.0,0.0,-0.885176,2.379679,-1.801729,0.0,0.0,-0.998529,2.920908,-1.971827,0.0,0.0,0.063210,1.030411,-1.069675,0.0,0.0,0.111416,1.707968,-1.583862,0.0,0.0,0.132233,2.302482,-1.832714,0.0,0.0,0.133399,2.856112,-2.028476,0.0,0.0,0.531837,0.991393,-1.020024,0.0,0.0,0.738455,1.669490,-1.466655,0.0,0.0,0.858993,2.280514,-1.649701,0.0,0.0,0.942882,2.818382,-1.773063,0.0,0.0,0.899596,0.934709,-0.983736,0.0,0.0,1.252575,1.532024,-1.367868,0.0,0.0,1.481348,1.948684,-1.559743,0.0,0.0,1.697898,2.333942,-1.689265,0.0,0.0
record2.mp4,e7f94d8ffdda6840c9b04703cf2b6166921cdbd5be69632bee01bf2c9ebea648,640,480,12.02,736,61.25,695,57916,Left,0.896519,0.000000,0.000000,0.000000,0.0,0.0,-0.639623,0.372459,-0.465380,0.0,0.0,-1.144702,0.950203,-0.840170,0.0,0.0,-1.530062,1.529937,-1.127852,0.0,0.0,-1.861583,1.981681,-1.439642,0.0,0.0,-0.517553,0.950659,-1.339644,0.0,0.0,-0.784152,1.646056,-1.877749,0.0,0.0,-0.940899,2.169089,-2.176472,0.0,0.0,-1.079866,2.699388,-2.382174,0.0,0.0,0.074121,0.959993,-1.286835,0.0,0.0,0.129778,1.532739,-1.857444,0.0,0.0,0.179316,2.033544,-2.120407,0.0,0.0,0.218261,2.512539,-2.334633,0.0,0.0,0.572598,0.956636,-1.219165,0.0,0.0,0.790370,1.605143,-1.755670,0.0,0.0,0.939513,2.226563,-2.004631,0.0,0.0,1.059370,2.804762,-2.175770,0.0,0.0,0.950734,0.924768,-1.159421,0.0,0.0,1.307159,1.519949,-1.600732,0.0,0.0,1.571845,1.925799,-1.828894,0.0,0.0,1.809657,2.315883,-1.996586,0.0,0.0
record2.mp4,e7f94d8ffdda6840c9b04703cf2b6166921cdbd5be69632bee01bf2c9ebea648,640,480,12.02,736,61.25,696,58000,Left,0.956402,0.000000,0.000000,0.000000,0.0,0.0,-0.628353,0.469191,-0.304597,0.0,0.0,-1.138862,1.045594,-0.588735,0.0,0.0,-1.548842,1.631921,-0.819152,0.0,0.0,-1.907150,2.079306,-1.075631,0.0,0.0,-0.555136,1.063261,-0.944611,0.0,0.0,-0.840518,1.703048,-1.364807,0.0,0.0,-0.965917,2.209614,-1.592871,0.0,0.0,-1.080735,2.684166,-1.744407,0.0,0.0,-0.011034,1.062166,-0.954602,0.0,0.0,0.016605,1.842337,-1.432345,0.0,0.0,0.029379,2.476602,-1.668337,0.0,0.0,0.034740,3.038748,-1.848659,0.0,0.0,0.464291,1.003065,-0.948830,0.0,0.0,0.710569,1.733800,-1.377763,0.0,0.0,0.859640,2.355320,-1.574526,0.0,0.0,0.948283,2.890695,-1.698816,0.0,0.0,0.845692,0.911928,-0.945546,0.0,0.0,1.240405,1.522233,-1.315581,0.0,0.0,1.500954,1.963342,-1.507446,0.0,0.0,1.727825,2.373867,-1.636053,0.0,0.0
record2.mp4,e7f94d8ffdda6840c9b04703cf2b6166921cdbd5be69632bee01bf2c9ebea648,640,480,12.02,736,61.25,697,58083,Left,0.970035,0.000000,0.000000,0.000000,0.0,0.0,-0.586741,0.433722,-0.384821,0.0,0.0,-1.063323,0.999422,-0.716560,0.0,0.0,-1.455617,1.554135,-0.974006,0.0,0.0,-1.837016,1.986545,-1.251129,0.0,0.0,-0.532911,1.093364,-1.140079,0.0,0.0,-0.790210,1.845022,-1.602601,0.0,0.0,-0.880729,2.417588,-1.853182,0.0,0.0,-0.966903,2.955748,-2.022443,0.0,0.0,0.024958,1.048277,-1.110512,0.0,0.0,0.041091,1.799710,-1.632958,0.0,0.0,0.054406,2.459030,-1.884740,0.0,0.0,0.056366,3.046617,-2.081462,0.0,0.0,0.494222,0.972639,-1.062021,0.0,0.0,0.720525,1.665316,-1.510781,0.0,0.0,0.863586,2.292382,-1.705845,0.0,0.0,0.949025,2.820412,-1.834477,0.0,0.0,0.866176,0.894302,-1.023872,0.0,0.0,1.270414,1.495794,-1.425461,0.0,0.0,1.543088,1.911308,-1.640943,0.0,0.0,1.795322,2.299741,-1.783186,0.0,0.0
record2.mp4,e7f94d8ffdda6840c9b04703cf2b6166921cdbd5be69632bee01bf2c9ebea648,640,480,12.02,736,61.25,698,58166,Left,0.976384,0.000000,0.000000,0.000000,0.0,0.0,-0.601740,0.421971,-0.375375,0.0,0.0,-1.097359,0.984553,-0.690189,0.0,0.0,-1.501398,1.543453,-0.939369,0.0,0.0,-1.850878,1.986610,-1.217192,0.0,0.0,-0.509582,1.103198,-1.089310,0.0,0.0,-0.733713,1.921342,-1.507099,0.0,0.0,-0.859016,2.468545,-1.730965,0.0,0.0,-0.985934,2.979998,-1.883787,0.0,0.0,0.053693,1.076840,-1.059707,0.0,0.0,0.088270,1.837327,-1.491865,0.0,0.0,0.098827,2.423733,-1.699392,0.0,0.0,0.099252,2.935448,-1.877141,0.0,0.0,0.513631,0.985782,-1.014106,0.0,0.0,0.724284,1.624227,-1.386312,0.0,0.0,0.862384,2.140831,-1.566843,0.0,0.0,0.965467,2.583828,-1.707720,0.0,0.0,0.865284,0.870098,-0.981631,0.0,0.0,1.300224,1.367951,-1.331532,0.0,0.0,1.618850,1.644360,-1.524982,0.0,0.0,1.915100,1.903126,-1.663540,0.0,0.0
record2.mp4,e7f94d8ffdda6840c9b04703cf2b6166921cdbd5be69632bee01bf2c9ebea648,640,480,12.02,736,61.25,699,58250,Left,0.952276,0.000000,0.000000,0.000000,0.0,0.0,-0.606394,0.403156,-0.356218,0.0,0.0,-1.104021,0.930825,-0.669408,0.0,0.0,-1.478357,1.466556,-0.924300,0.0,0.0,-1.864580,1.868705,-1.201736,0.0,0.0,-0.512941,1.066220,-1.045911,0.0,0.0,-0.731065,1.874023,-1.451879,0.0,0.0,-0.833694,2.404845,-1.663768,0.0,0.0,-0.957390,2.905739,-1.809660,0.0,0.0,0.082956,1.047361,-1.021943,0.0,0.0,0.111475,1.681464,-1.451609,0.0,0.0,0.133455,2.196689,-1.640823,0.0,0.0,0.139068,2.658803,-1.801615,0.0,0.0,0.554235,0.950995,-0.980701,0.0,0.0,0.765854,1.445210,-1.346224,0.0,0.0,0.880042,1.867699,-1.489375,0.0,0.0,0.958958,2.248093,-1.604326,0.0,0.0,0.904488,0.817438,-0.953813,0.0,0.0,1.364159,1.179524,-1.285416,0.0,0.0,1.709928,1.362613,-1.446609,0.0,0.0,2.035131,1.563795,-1.562240,0.0,0.0
record2.mp4,e7f94d8ffdda6840c9b04703cf2b6166921cdbd5be69632bee01bf2c9ebea648,640,480,12.02,736,61.25,700,58333,Left,0.952704,0.000000,0.000000,0.000000,0.0,0.0,-0.604379,0.414460,-0.357258,0.0,0.0,-1.104180,0.951516,-0.704909,0.0,0.0,-1.493052,1.508169,-0.977163,0.0,0.0,-1.858430,1.943026,-1.271626,0.0,0.0,-0.529700,1.022488,-1.238500,0.0,0.0,-0.720685,1.883981,-1.689146,0.0,0.0,-0.806583,2.452950,-1.922442,0.0,0.0,-0.913215,2.982933,-2.090832,0.0,0.0,0.085908,0.976804,-1.214507,0.0,0.0,0.111363,1.531459,-1.672202,0.0,0.0,0.104749,1.971371,-1.849640,0.0,0.0,0.091012,2.357728,-2.019643,0.0,0.0,0.586824,0.897630,-1.165347,0.0,0.0,0.797622,1.379149,-1.555187,0.0,0.0,0.874193,1.796960,-1.708539,0.0,0.0,0.926595,2.154468,-1.852246,0.0,0.0,0.949835,0.802114,-1.125436,0.0,0.0,1.431103,1.160319,-1.476563,0.0,0.0,1.792121,1.334528,-1.659487,0.0,0.0,2.118345,1.530091,-1.808414,0.0,0.0
record2.mp4,e7f94d8ffdda6840c9b04703cf2b6166921cdbd5be69632bee01bf2c9ebea648,640,480,12.02,736,61.25,701,58416,Left,0.94198,0.000000,0.000000,0.000000,0.0,0.0,-0.605884,0.412945,-0.364512,0.0,0.0,-1.106011,0.969190,-0.722219,0.0,0.0,-1.504148,1.536796,-1.004542,0.0,0.0,-1.908890,1.961741,-1.314956,0.0,0.0,-0.522557,1.048990,-1.246499,0.0,0.0,-0.714475,1.909712,-1.704127,0.0,0.0,-0.816942,2.466844,-1.939449,0.0,0.0,-0.929825,2.977729,-2.108066,0.0,0.0,0.088468,1.014152,-1.225724,0.0,0.0,0.073534,1.617870,-1.672580,0.0,0.0,0.009107,2.063135,-1.824881,0.0,0.0,-0.058493,2.439763,-1.972095,0.0,0.0,0.581089,0.924229,-1.184573,0.0,0.0,0.788023,1.476432,-1.571033,0.0,0.0,0.900113,1.945346,-1.731813,0.0,0.0,0.970547,2.350274,-1.880717,0.0,0.0,0.922310,0.801029,-1.151615,0.0,0.0,1.414449,1.150723,-1.510062,0.0,0.0,1.790920,1.309626,-1.703046,0.0,0.0,2.119154,1.484712,-1.858360,0.0,0.0
record2.mp4,e7f94d8ffdda6840c9b04703cf2b6166921cdbd5be69632bee01bf2c9ebea648,640,480,12.02,736,61.25,702,58500,Left,0.958416,0.000000,0.000000,0.000000,0.0,0.0,-0.617279,0.414561,-0.351222,0.0,0.0,-1.109373,0.966707,-0.671410,0.0,0.0,-1.501079,1.525744,-0.929720,0.0,0.0,-1.867146,1.960429,-1.215362,0.0,0.0,-0.512198,1.077617,-1.076399,0.0,0.0,-0.727610,1.912314,-1.494763,0.0,0.0,-0.841814,2.442294,-1.717417,0.0,0.0,-0.965104,2.941918,-1.873686,0.0,0.0,0.068443,1.057799,-1.068515,0.0,0.0,0.106555,1.760072,-1.483375,0.0,0.0,0.121283,2.306849,-1.672334,0.0,0.0,0.125634,2.806386,-1.836866,0.0,0.0,0.550324,0.977076,-1.047625,0.0,0.0,0.750062,1.676717,-1.443022,0.0,0.0,0.876225,2.240523,-1.656169,0.0,0.0,0.971561,2.754618,-1.822133,0.0,0.0,0.878429,0.864863,-1.031026,0.0,0.0,1.313837,1.317822,-1.403259,0.0,0.0,1.641310,1.527288,-1.604368,0.0,0.0,1.945405,1.729779,-1.751430,0.0,0.0
record2.mp4,e7f94d8ffdda6840c9b04703cf2b6166921cdbd5be69632bee01bf2c9ebea648,640,480,12.02,736,61.25,703,58583,Left,0.916705,0.000000,0.000000,0.000000,0.0,0.0,-0.596593,0.416644,-0.383451,0.0,0.0,-1.078158,0.938906,-0.717658,0.0,0.0,-1.484630,1.470677,-0.985171,0.0,0.0,-1.853107,1.881678,-1.280497,0.0,0.0,-0.489366,1.100666,-1.120755,0.0,0.0,-0.702622,1.893985,-1.554553,0.0,0.0,-0.820330,2.419950,-1.791777,0.0,0.0,-0.957732,2.919858,-1.958781,0.0,0.0,0.093763,1.063278,-1.104100,0.0,0.0,0.147680,1.761932,-1.550945,0.0,0.0,0.164523,2.308480,-1.769863,0.0,0.0,0.143594,2.811424,-1.956286,0.0,0.0,0.563005,0.960635,-1.073248,0.0,0.0,0.750702,1.619690,-1.481638,0.0,0.0,0.867908,2.187374,-1.705432,0.0,0.0,0.938900,2.692175,-1.879353,0.0,0.0,0.894333,0.823172,-1.051079,0.0,0.0,1.357463,1.258644,-1.429649,0.0,0.0,1.691869,1.494313,-1.642663,0.0,0.0,1.989193,1.734668,-1.800289,0.0,0.0
record2.mp4,e7f94d8ffdda6840c9b04703cf2b6166921cdbd5be69632bee01bf2c9ebea648,640,480,12.02,736,61.25,704,58666,Left,0.909012,0.000000,0.000000,0.000000,0.0,0.0,-0.644748,0.428259,-0.381515,0.0,0.0,-1.161188,0.975838,-0.720815,0.0,0.0,-1.583658,1.530889,-0.987472,0.0,0.0,-1.947543,1.984650,-1.279465,0.0,0.0,-0.543699,1.049815,-1.197242,0.0,0.0,-0.788523,1.888335,-1.666518,0.0,0.0,-0.905249,2.465791,-1.921780,0.0,0.0,-1.037320,3.013892,-2.097993,0.0,0.0,0.058952,1.000402,-1.180643,0.0,0.0,0.090675,1.760913,-1.671860,0.0,0.0,0.123942,2.386810,-1.921672,0.0,0.0,0.134572,2.954396,-2.132649,0.0,0.0,0.556384,0.907714,-1.140993,0.0,0.0,0.739445,1.622643,-1.574656,0.0,0.0,0.875763,2.248510,-1.811274,0.0,0.0,0.969980,2.796858,-1.992063,0.0,0.0,0.922452,0.793412,-1.107044,0.0,0.0,1.388059,1.275627,-1.503549,0.0,0.0,1.724464,1.551469,-1.724602,0.0,0.0,2.028937,1.818011,-1.886104,0.0,0.0
record2.mp4,e7f94d8ffdda6840c9b04703cf2b6166921cdbd5be69632bee01bf2c9ebea648,640,480,12.02,736,61.25,705,58750,Left,0.935646,0.000000,0.000000,0.000000,0.0,0.0,-0.615321,0.434195,-0.355618,0.0,0.0,-1.092619,0.960434,-0.678706,0.0,0.0,-1.479546,1.490736,-0.940233,0.0,0.0,-1.847384,1.910816,-1.227516,0.0,0.0,-0.508097,1.106657,-1.046590,0.0,0.0,-0.728966,1.878350,-1.459431,0.0,0.0,-0.828007,2.390824,-1.683766,0.0,0.0,-0.945595,2.889478,-1.841265,0.0,0.0,0.051494,1.075364,-1.043110,0.0,0.0,0.077835,1.816563,-1.482747,0.0,0.0,0.101741,2.401791,-1.703510,0.0,0.0,0.100382,2.940788,-1.887424,0.0,0.0,0.523954,0.968214,-1.022345,0.0,0.0,0.686128,1.642314,-1.411114,0.0,0.0,0.804413,2.201491,-1.606223,0.0,0.0,0.889095,2.701760,-1.756512,0.0,0.0,0.877906,0.824791,-1.010140,0.0,0.0,1.303542,1.265423,-1.374679,0.0,0.0,1.604826,1.517245,-1.562712,0.0,0.0,1.897551,1.768232,-1.695549,0.0,0.0
record2.mp4,e7f94d8ffdda6840c9b04703cf2b6166921cdbd5be69632bee01bf2c9ebea648,640,480,12.02,736,61.25,706,58833,Left,0.928076,0.000000,0.000000,0.000000,0.0,0.0,-0.634757,0.408534,-0.367705,0.0,0.0,-1.136537,0.978884,-0.692561,0.0,0.0,-1.564349,1.545856,-0.951707,0.0,0.0,-1.943157,1.992968,-1.237956,0.0,0.0,-0.592050,0.991096,-1.100747,0.0,0.0,-0.817973,1.886105,-1.529051,0.0,0.0,-0.913026,2.474542,-1.747628,0.0,0.0,-1.000978,3.024115,-1.895248,0.0,0.0,-0.002592,0.968741,-1.087295,0.0,0.0,0.031598,1.853555,-1.518352,0.0,0.0,0.049223,2.511503,-1.705692,0.0,0.0,0.065046,3.103396,-1.866197,0.0,0.0,0.513592,0.908806,-1.060299,0.0,0.0,0.717633,1.707420,-1.441578,0.0,0.0,0.859913,2.359288,-1.614153,0.0,0.0,0.983681,2.931868,-1.745241,0.0,0.0,0.917888,0.841597,-1.044442,0.0,0.0,1.301538,1.461505,-1.393868,0.0,0.0,1.558502,1.850699,-1.569205,0.0,0.0,1.808677,2.212015,-1.696145,0.0,0.0
record2.mp4,e7f94d8ffdda6840c9b04703cf2b6166921cdbd5be69632bee01bf2c9ebea648,640,480,12.02,736,61.25,707,58916,Left,0.963468,0.000000,0.000000,0.000000,0.0,0.0,-0.635862,0.424385,-0.383798,0.0,0.0,-1.148948,1.033404,-0.731544,0.0,0.0,-1.594638,1.618823,-1.005513,0.0,0.0,-2.013889,2.079370,-1.308130,0.0,0.0,-0.616851,0.990424,-1.218358,0.0,0.0,-0.814690,1.945751,-1.678241,0.0,0.0,-0.918084,2.589250,-1.907726,0.0,0.0,-1.018579,3.164110,-2.059489,0.0,0.0,-0.025572,0.941887,-1.203163,0.0,0.0,0.007260,1.855005,-1.664694,0.0,0.0,0.012376,2.549247,-1.856598,0.0,0.0,-0.002372,3.145638,-2.022037,0.0,0.0,0.496451,0.887716,-1.172525,0.0,0.0,0.658596,1.737722,-1.581309,0.0,0.0,0.720676,2.439426,-1.772077,0.0,0.0,0.764410,3.026818,-1.913165,0.0,0.0,0.914471,0.841851,-1.151504,0.0,0.0,1.283039,1.566799,-1.533972,0.0,0.0,1.530379,2.051225,-1.745592,0.0,0.0,1.751840,2.477631,-1.896705,0.0,0.0
record2.mp4,e7f94d8ffdda6840c9b04703cf2b6166921cdbd5be69632bee01bf2c9ebea648,640,480,12.02,736,61.25,708,59000,Left,0.95975,0.000000,0.000000,0.000000,0.0,0.0,-0.562702,0.416564,-0.339308,0.0,0.0,-1.010950,0.976594,-0.647751,0.0,0.0,-1.416753,1.522195,-0.893710,0.0,0.0,-1.834200,1.910261,-1.166619,0.0,0.0,-0.519856,1.075916,-1.016378,0.0,0.0,-0.706781,1.866245,-1.413571,0.0,0.0,-0.797222,2.410664,-1.619592,0.0,0.0,-0.882339,2.908273,-1.761338,0.0,0.0,0.028257,1.066895,-1.006857,0.0,0.0,0.088435,1.867356,-1.393217,0.0,0.0,0.101329,2.450804,-1.542168,0.0,0.0,0.091056,2.954638,-1.668359,0.0,0.0,0.505582,1.000740,-0.989903,0.0,0.0,0.703199,1.790932,-1.351780,0.0,0.0,0.799756,2.419483,-1.512808,0.0,0.0,0.859292,2.961935,-1.630043,0.0,0.0,0.864847,0.898180,-0.981280,0.0,0.0,1.222613,1.524987,-1.322374,0.0,0.0,1.454457,1.929957,-1.500175,0.0,0.0,1.658391,2.302417,-1.624018,0.0,0.0
record2.mp4,e7f94d8ffdda6840c9b04703cf2b6166921cdbd5be69632bee01bf2c9ebea648,640,480,12.02,736,61.25,709,59083,Left,0.932831,0.000000,0.000000,0.000000,0.0,0.0,-0.578879,0.414299,-0.383155,0.0,0.0,-1.035406,0.988879,-0.709453,0.0,0.0,-1.446577,1.538946,-0.967863,0.0,0.0,-1.849351,1.936568,-1.244148,0.0,0.0,-0.539547,1.046523,-1.102859,0.0,0.0,-0.731972,1.867597,-1.545648,0.0,0.0,-0.833284,2.415666,-1.770904,0.0,0.0,-0.939909,2.937872,-1.923941,0.0,0.0,0.024107,1.018840,-1.074099,0.0,0.0,0.058572,1.666667,-1.538364,0.0,0.0,0.081973,2.173327,-1.725620,0.0,0.0,0.074319,2.629700,-1.879320,0.0,0.0,0.506763,0.966168,-1.037856,0.0,0.0,0.692555,1.603190,-1.457519,0.0,0.0,0.838023,2.187523,-1.628971,0.0,0.0,0.949438,2.708563,-1.749290,0.0,0.0,0.891999,0.900967,-1.014688,0.0,0.0,1.226424,1.512215,-1.389123,0.0,0.0,1.477564,1.924627,-1.585189,0.0,0.0,1.709730,2.313648,-1.722061,0.0,0.0
record2.mp4,e7f94d8ffdda6840c9b04703cf2b6166921cdbd5be69632bee01bf2c9ebea648,640,480,12.02,736,61.25,710,59166,Left,0.950878,0.000000,0.000000,0.000000,0.0,0.0,-0.576761,0.405142,-0.375901,0.0,0.0,-1.056278,0.975116,-0.698530,0.0,0.0,-1.476542,1.540751,-0.953077,0.0,0.0,-1.881614,1.962375,-1.224831,0.0,0.0,-0.558351,1.057466,-1.083674,0.0,0.0,-0.744167,1.879982,-1.509857,0.0,0.0,-0.832077,2.449405,-1.718390,0.0,0.0,-0.914128,2.976153,-1.858473,0.0,0.0,-0.000740,1.026106,-1.056799,0.0,0.0,0.042826,1.687572,-1.510106,0.0,0.0,0.079024,2.156168,-1.676930,0.0,0.0,0.102753,2.567186,-1.809617,0.0,0.0,0.483003,0.960410,-1.022491,0.0,0.0,0.674458,1.572619,-1.438028,0.0,0.0,0.828195,2.096420,-1.587426,0.0,0.0,0.966808,2.545537,-1.685008,0.0,0.0,0.875165,0.898589,-0.999937,0.0,0.0,1.197383,1.524430,-1.364876,0.0,0.0,1.464783,1.936905,-1.543163,0.0,0.0,1.725341,2.314938,-1.663060,0.0,0.0
record2.mp4,e7f94d8ffdda6840c9b04703cf2b6166921cdbd5be69632bee01bf2c9ebea648,640,480,12.02,736,61.25,711,59250,Left,0.944474,0.000000,0.000000,0.000000,0.0,0.0,-0.567188,0.414294,-0.357168,0.0,0.0,-1.041408,1.027343,-0.666195,0.0,0.0,-1.467559,1.597783,-0.908465,0.0,0.0,-1.866533,2.003709,-1.167259,0.0,0.0,-0.540616,1.057386,-1.074097,0.0,0.0,-0.712874,1.899818,-1.493993,0.0,0.0,-0.797400,2.481934,-1.697505,0.0,0.0,-0.865706,3.016861,-1.834579,0.0,0.0,0.016887,1.017153,-1.050650,0.0,0.0,0.109778,1.662578,-1.481226,0.0,0.0,0.162245,2.071359,-1.622682,0.0,0.0,0.205394,2.423938,-1.737467,0.0,0.0,0.505508,0.957639,-1.019310,0.0,0.0,0.731838,1.608029,-1.423662,0.0,0.0,0.920407,2.131199,-1.559540,0.0,0.0,1.105932,2.565568,-1.647234,0.0,0.0,0.889829,0.902676,-0.996540,0.0,0.0,1.208083,1.556653,-1.335778,0.0,0.0,1.466692,1.978654,-1.488467,0.0,0.0,1.724600,2.345148,-1.592500,0.0,0.0
record2.mp4,e7f94d8ffdda6840c9b04703cf2b6166921cdbd5be69632bee01bf2c9ebea648,640,480,12.02,736,61.25,712,59333,Left,0.951958,0.000000,0.000000,0.000000,0.0,0.0,-0.578733,0.440535,-0.329450,0.0,0.0,-1.059042,1.075533,-0.604962,0.0,0.0,-1.487172,1.642062,-0.819975,0.0,0.0,-1.876443,2.024003,-1.057098,0.0,0.0,-0.544847,1.043997,-1.036785,0.0,0.0,-0.735195,1.808302,-1.449783,0.0,0.0,-0.867566,2.340062,-1.645621,0.0,0.0,-0.985620,2.833054,-1.771606,0.0,0.0,0.019469,1.015667,-1.019890,0.0,0.0,0.097120,1.653702,-1.442222,0.0,0.0,0.150247,2.062746,-1.584420,0.0,0.0,0.185612,2.395505,-1.695861,0.0,0.0,0.503751,0.971651,-0.995016,0.0,0.0,0.731502,1.594149,-1.399201,0.0,0.0,0.946008,2.100889,-1.556474,0.0,0.0,1.141367,2.503704,-1.653386,0.0,0.0,0.883053,0.920446,-0.975243,0.0,0.0,1.183543,1.575508,-1.316436,0.0,0.0,1.458065,1.995133,-1.488310,0.0,0.0,1.722166,2.353320,-1.606810,0.0,0.0
record2.mp4,e7f94d8ffdda6840c9b04703cf2b6166921cdbd5be69632bee01bf2c9ebea648,640,480,12.02,736,61.25,713,59416,Left,0.927759,0.000000,0.000000,0.000000,0.0,0.0,-0.599147,0.421518,-0.371565,0.0,0.0,-1.087378,1.055636,-0.670939,0.0,0.0,-1.521744,1.648917,-0.895465,0.0,0.0,-1.932554,2.046007,-1.139983,0.0,0.0,-0.565261,1.022596,-1.131784,0.0,0.0,-0.778457,1.757029,-1.603727,0.0,0.0,-0.912182,2.307470,-1.849976,0.0,0.0,-1.028423,2.822114,-2.007086,0.0,0.0,0.001235,1.011363,-1.100000,0.0,0.0,0.087932,1.689075,-1.565331,0.0,0.0,0.160838,2.107948,-1.734507,0.0,0.0,0.209945,2.422225,-1.863294,0.0,0.0,0.489918,0.981672,-1.059793,0.0,0.0,0.718692,1.649664,-1.501424,0.0,0.0,0.921286,2.197223,-1.680505,0.0,0.0,1.097841,2.634918,-1.787794,0.0,0.0,0.872003,0.929513,-1.024338,0.0,0.0,1.171858,1.588309,-1.378800,0.0,0.0,1.435324,2.011758,-1.550621,0.0,0.0,1.677177,2.366516,-1.669088,0.0,0.0
record2.mp4,e7f94d8ffdda6840c9b04703cf2b6166921cdbd5be69632bee01bf2c9ebea648,640,480,12.02,736,61.25,714,59500,Left,0.95268,0.000000,0.000000,0.000000,0.0,0.0,-0.627000,0.439576,-0.358928,0.0,0.0,-1.165271,1.065688,-0.674198,0.0,0.0,-1.621286,1.637325,-0.917128,0.0,0.0,-2.018720,2.039840,-1.189259,0.0,0.0,-0.586107,1.007029,-1.160850,0.0,0.0,-0.803671,1.726585,-1.644540,0.0,0.0,-0.943305,2.257207,-1.908452,0.0,0.0,-1.064255,2.768060,-2.080428,0.0,0.0,0.000324,0.967445,-1.149511,0.0,0.0,0.114809,1.780700,-1.617030,0.0,0.0,0.233909,2.320149,-1.812384,0.0,0.0,0.332161,2.775669,-1.967468,0.0,0.0,0.507214,0.937286,-1.124493,0.0,0.0,0.735195,1.772963,-1.569788,0.0,0.0,0.934357,2.457312,-1.777496,0.0,0.0,1.098249,3.044470,-1.912864,0.0,0.0,0.894459,0.901583,-1.099346,0.0,0.0,1.215870,1.615834,-1.473367,0.0,0.0,1.474352,2.045243,-1.651787,0.0,0.0,1.701884,2.416768,-1.775974,0.0,0.0
record2.mp4,e7f94d8ffdda6840c9b04703cf2b6166921cdbd5be69632bee01bf2c9ebea648,640,480,12.02,736,61.25,715,59583,Left,0.978428,0.000000,0.000000,0.000000,0.0,0.0,-0.630932,0.431584,-0.315490,0.0,0.0,-1.174804,1.073347,-0.597055,0.0,0.0,-1.624652,1.671882,-0.815049,0.0,0.0,-1.999802,2.129214,-1.059795,0.0,0.0,-0.604639,1.011890,-1.040198,0.0,0.0,-0.805625,1.673259,-1.457986,0.0,0.0,-0.916122,2.172174,-1.668077,0.0,0.0,-1.016222,2.653343,-1.806852,0.0,0.0,-0.042037,1.009329,-1.041504,0.0,0.0,0.017480,1.868719,-1.507249,0.0,0.0,0.036023,2.518410,-1.719396,0.0,0.0,0.054648,3.077103,-1.887913,0.0,0.0,0.452786,0.985166,-1.022580,0.0,0.0,0.674658,1.829104,-1.443249,0.0,0.0,0.842841,2.480962,-1.635774,0.0,0.0,0.971862,3.022346,-1.758820,0.0,0.0,0.844772,0.936057,-1.004666,0.0,0.0,1.195422,1.656193,-1.373744,0.0,0.0,1.451309,2.100959,-1.568536,0.0,0.0,1.687198,2.480210,-1.700504,0.0,0.0
record2.mp4,e7f94d8ffdda6840c9b04703cf2b6166921cdbd5be69632bee01bf2c9ebea648,640,480,12.02,736,61.25,716,59666,Left,0.975282,0.000000,0.000000,0.000000,0.0,0.0,-0.648379,0.440442,-0.274227,0.0,0.0,-1.208704,1.057159,-0.519290,0.0,0.0,-1.607530,1.669768,-0.705877,0.0,0.0,-1.938944,2.144509,-0.912658,0.0,0.0,-0.586080,1.023600,-0.911157,0.0,0.0,-0.792020,1.664308,-1.294370,0.0,0.0,-0.899769,2.159849,-1.496628,0.0,0.0,-1.009935,2.638272,-1.632516,0.0,0.0,-0.020722,1.009715,-0.919302,0.0,0.0,0.051115,1.874153,-1.351462,0.0,0.0,0.063376,2.530942,-1.563748,0.0,0.0,0.067087,3.101501,-1.733711,0.0,0.0,0.469795,0.983791,-0.908046,0.0,0.0,0.711996,1.815176,-1.300394,0.0,0.0,0.869325,2.460832,-1.483587,0.0,0.0,0.980907,3.002272,-1.601071,0.0,0.0,0.853805,0.938100,-0.896171,0.0,0.0,1.200002,1.639588,-1.238274,0.0,0.0,1.445711,2.078960,-1.416188,0.0,0.0,1.674603,2.470782,-1.535490,0.0,0.0
record2.mp4,e7f94d8ffdda6840c9b04703cf2b6166921cdbd5be69632bee01bf2c9ebea648,640,480,12.02,736,61.25,717,59750,Left,0.983048,0.000000,0.000000,0.000000,0.0,0.0,-0.620530,0.434133,-0.337028,0.0,0.0,-1.161140,1.007105,-0.647915,0.0,0.0,-1.553856,1.581420,-0.887076,0.0,0.0,-1.869667,2.053017,-1.150786,0.0,0.0,-0.568020,1.058270,-1.162179,0.0,0.0,-0.713681,1.954217,-1.608101,0.0,0.0,-0.770996,2.547319,-1.830822,0.0,0.0,-0.819650,3.095293,-1.976521,0.0,0.0,0.016787,0.993703,-1.150400,0.0,0.0,0.105668,1.862566,-1.630023,0.0,0.0,0.158813,2.526430,-1.854573,0.0,0.0,0.199652,3.113963,-2.034697,0.0,0.0,0.507023,0.939417,-1.112317,0.0,0.0,0.744170,1.752149,-1.517555,0.0,0.0,0.898982,2.409045,-1.709317,0.0,0.0,1.012644,2.961953,-1.842945,0.0,0.0,0.879811,0.896279,-1.078814,0.0,0.0,1.219725,1.593019,-1.439531,0.0,0.0,1.462769,2.039933,-1.637655,0.0,0.0,1.692417,2.433196,-1.771541,0.0,0.0
record2.mp4,e7f94d8ffdda6840c9b04703cf2b6166921cdbd5be69632bee01bf2c9ebea648,640,480,12.02,736,61.25,718,59833,Left,0.967642,0.000000,0.000000,0.000000,0.0,0.0,-0.674802,0.436240,-0.444541,0.0,0.0,-1.232947,0.998230,-0.877368,0.0,0.0,-1.678134,1.575647,-1.202338,0.0,0.0,-2.020574,2.082570,-1.556740,0.0,0.0,-0.621795,0.955562,-1.620456,0.0,0.0,-0.765507,1.934944,-2.256829,0.0,0.0,-0.815651,2.634767,-2.583132,0.0,0.0,-0.866835,3.234265,-2.777134,0.0,0.0,0.010351,0.877195,-1.576967,0.0,0.0,0.178234,1.802280,-2.176116,0.0,0.0,0.273427,2.442920,-2.399657,0.0,0.0,0.312357,2.957792,-2.578587,0.0,0.0,0.558760,0.828605,-1.503743,0.0,0.0,0.841241,1.726409,-2.078232,0.0,0.0,1.021575,2.474125,-2.353734,0.0,0.0,1.137061,3.066996,-2.528372,0.0,0.0,0.953178,0.810575,-1.419425,0.0,0.0,1.326797,1.558409,-1.868885,0.0,0.0,1.581183,2.070698,-2.101579,0.0,0.0,1.804961,2.500448,-2.268599,0.0,0.0
record2.mp4,e7f94d8ffdda6840c9b04703cf2b6166921cdbd5be69632bee01bf2c9ebea648,640,480,12.02,736,61.25,719,59916,Left,0.951683,0.000000,0.000000,0.000000,0.0,0.0,-0.668962,0.437555,-0.390548,0.0,0.0,-1.205130,1.012354,-0.766938,0.0,0.0,-1.644807,1.582312,-1.055827,0.0,0.0,-1.972396,2.076230,-1.370892,0.0,0.0,-0.573729,0.983006,-1.433124,0.0,0.0,-0.738614,1.903486,-2.024015,0.0,0.0,-0.823478,2.591361,-2.334090,0.0,0.0,-0.901084,3.186205,-2.524666,0.0,0.0,0.035413,0.913675,-1.418135,0.0,0.0,0.094818,1.773173,-1.972608,0.0,0.0,0.071513,2.376510,-2.179050,0.0,0.0,0.009786,2.856443,-2.344168,0.0,0.0,0.570957,0.863712,-1.381015,0.0,0.0,0.830690,1.758271,-1.923301,0.0,0.0,1.002966,2.489560,-2.177763,0.0,0.0,1.108426,3.068900,-2.337381,0.0,0.0,0.959411,0.826865,-1.334356,0.0,0.0,1.311051,1.581324,-1.763039,0.0,0.0,1.566428,2.090167,-1.980395,0.0,0.0,1.784408,2.514438,-2.135078,0.0,0.0
record2.mp4,e7f94d8ffdda6840c9b04703cf2b6166921cdbd5be69632bee01bf2c9ebea648,640,480,12.02,736,61.25,720,60000,Left,0.946847,0.000000,0.000000,0.000000,0.0,0.0,-0.642174,0.482008,-0.330073,0.0,0.0,-1.160646,1.069102,-0.638596,0.0,0.0,-1.573528,1.634283,-0.871457,0.0,0.0,-1.867750,2.110301,-1.131364,0.0,0.0,-0.566113,1.063580,-1.240659,0.0,0.0,-0.748734,1.848596,-1.747933,0.0,0.0,-0.834478,2.423049,-2.017547,0.0,0.0,-0.911802,2.961404,-2.191845,0.0,0.0,0.012241,1.005273,-1.239867,0.0,0.0,0.044943,1.902730,-1.804326,0.0,0.0,0.073550,2.611370,-2.092713,0.0,0.0,0.099593,3.221278,-2.316675,0.0,0.0,0.502456,0.944480,-1.203875,0.0,0.0,0.724270,1.798309,-1.687823,0.0,0.0,0.890744,2.466479,-1.929957,0.0,0.0,1.005668,2.999529,-2.088258,0.0,0.0,0.879332,0.875482,-1.164341,0.0,0.0,1.209835,1.590014,-1.584562,0.0,0.0,1.453055,2.061713,-1.821991,0.0,0.0,1.678778,2.475170,-1.985376,0.0,0.0
record2.mp4,e7f94d8ffdda6840c9b04703cf2b6166921cdbd5be69632bee01bf2c9ebea648,640,480,12.02,736,61.25,721,60083,Left,0.966611,0.000000,0.000000,0.000000,0.0,0.0,-0.648252,0.453710,-0.357332,0.0,0.0,-1.205740,1.054024,-0.682308,0.0,0.0,-1.645727,1.637600,-0.917640,0.0,0.0,-1.936292,2.129612,-1.178001,0.0,0.0,-0.584498,0.997490,-1.355162,0.0,0.0,-0.751114,1.779623,-1.879583,0.0,0.0,-0.826109,2.369628,-2.147235,0.0,0.0,-0.891277,2.914799,-2.317621,0.0,0.0,0.022114,0.935190,-1.334576,0.0,0.0,0.076514,1.891196,-1.922216,0.0,0.0,0.095429,2.623267,-2.205377,0.0,0.0,0.114567,3.240425,-2.424557,0.0,0.0,0.528925,0.904507,-1.274452,0.0,0.0,0.772291,1.798717,-1.772435,0.0,0.0,0.931034,2.494246,-2.017660,0.0,0.0,1.027324,3.030333,-2.176743,0.0,0.0,0.918392,0.891995,-1.210490,0.0,0.0,1.259581,1.636716,-1.636913,0.0,0.0,1.509041,2.114233,-1.882753,0.0,0.0,1.724640,2.524372,-2.052941,0.0,0.0
record2.mp4,e7f94d8ffdda6840c9b04703cf2b6166921cdbd5be69632bee01bf2c9ebea648,640,480,12.02,736,61.25,722,60166,Left,0.968375,0.000000,0.000000,0.000000,0.0,0.0,-0.616388,0.473142,-0.314912,0.0,0.0,-1.121266,1.064192,-0.609662,0.0,0.0,-1.509118,1.645095,-0.838658,0.0,0.0,-1.799530,2.122812,-1.088930,0.0,0.0,-0.569084,1.068281,-1.094512,0.0,0.0,-0.757539,1.898365,-1.533234,0.0,0.0,-0.808626,2.493277,-1.750968,0.0,0.0,-0.832179,3.039313,-1.894251,0.0,0.0,-0.008526,1.009095,-1.094719,0.0,0.0,0.008544,1.890713,-1.600426,0.0,0.0,0.030217,2.580508,-1.837754,0.0,0.0,0.059924,3.183937,-2.020695,0.0,0.0,0.479570,0.946782,-1.069110,0.0,0.0,0.692363,1.777955,-1.507499,0.0,0.0,0.838040,2.442700,-1.705972,0.0,0.0,0.946801,2.979231,-1.832429,0.0,0.0,0.870340,0.905555,-1.044462,0.0,0.0,1.202754,1.602634,-1.429482,0.0,0.0,1.427314,2.070589,-1.640809,0.0,0.0,1.641504,2.480164,-1.781649,0.0,0.0
record2.mp4,e7f94d8ffdda6840c9b04703cf2b6166921cdbd5be69632bee01bf2c9ebea648,640,480,12.02,736,61.25,723,60250,Left,0.964907,0.000000,0.000000,0.000000,0.0,0.0,-0.607021,0.455485,-0.300825,0.0,0.0,-1.133965,0.976454,-0.612501,0.0,0.0,-1.558788,1.501010,-0.855469,0.0,0.0,-1.858345,1.967762,-1.120491,0.0,0.0,-0.560674,1.079036,-1.171806,0.0,0.0,-0.699757,1.967151,-1.646890,0.0,0.0,-0.753526,2.570191,-1.892619,0.0,0.0,-0.795016,3.112425,-2.051261,0.0,0.0,0.011638,1.005071,-1.179017,0.0,0.0,0.069230,1.907870,-1.714788,0.0,0.0,0.102543,2.592645,-1.985634,0.0,0.0,0.137238,3.182107,-2.194154,0.0,0.0,0.503828,0.930763,-1.151693,0.0,0.0,0.739644,1.752867,-1.605845,0.0,0.0,0.879597,2.422843,-1.830320,0.0,0.0,0.970676,2.963497,-1.978483,0.0,0.0,0.880073,0.881299,-1.120322,0.0,0.0,1.225538,1.581042,-1.521657,0.0,0.0,1.455837,2.040727,-1.743555,0.0,0.0,1.668638,2.448912,-1.890728,0.0,0.0
record2.mp4,e7f94d8ffdda6840c9b04703cf2b6166921cdbd5be69632bee01bf2c9ebea648,640,480,12.02,736,61.25,724,60333,Left,0.965111,0.000000,0.000000,0.000000,0.0,0.0,-0.599580,0.448664,-0.324780,0.0,0.0,-1.105601,0.961268,-0.679523,0.0,0.0,-1.538559,1.440464,-0.952536,0.0,0.0,-1.875100,1.849901,-1.249076,0.0,0.0,-0.539275,1.074051,-1.367461,0.0,0.0,-0.719263,2.007214,-1.888859,0.0,0.0,-0.768607,2.627949,-2.146504,0.0,0.0,-0.806661,3.178504,-2.311367,0.0,0.0,0.034900,1.009233,-1.367095,0.0,0.0,0.076089,1.940184,-1.975429,0.0,0.0,0.098775,2.644175,-2.278396,0.0,0.0,0.123779,3.247974,-2.507423,0.0,0.0,0.517512,0.953568,-1.317043,0.0,0.0,0.738356,1.815053,-1.816070,0.0,0.0,0.874705,2.499910,-2.074209,0.0,0.0,0.959589,3.041555,-2.245083,0.0,0.0,0.878458,0.923814,-1.258259,0.0,0.0,1.210415,1.644750,-1.680813,0.0,0.0,1.429910,2.110315,-1.929043,0.0,0.0,1.638262,2.527792,-2.099834,0.0,0.0
record2.mp4,e7f94d8ffdda6840c9b04703cf2b6166921cdbd5be69632bee01bf2c9ebea648,640,480,12.02,736,61.25,725,60416,Left,0.966512,0.000000,0.000000,0.000000,0.0,0.0,-0.626970,0.441533,-0.361825,0.0,0.0,-1.116944,0.932663,-0.751188,0.0,0.0,-1.533070,1.407735,-1.055109,0.0,0.0,-1.893454,1.806493,-1.385073,0.0,0.0,-0.548118,1.040217,-1.443474,0.0,0.0,-0.724481,1.969408,-1.997001,0.0,0.0,-0.785419,2.599623,-2.267621,0.0,0.0,-0.837030,3.151460,-2.439695,0.0,0.0,0.039361,1.003331,-1.438655,0.0,0.0,0.045184,1.922171,-2.094567,0.0,0.0,0.066867,2.627830,-2.407365,0.0,0.0,0.090930,3.227441,-2.637611,0.0,0.0,0.528387,0.947702,-1.384009,0.0,0.0,0.734937,1.782371,-1.925124,0.0,0.0,0.865340,2.448896,-2.176129,0.0,0.0,0.950498,2.974632,-2.336849,0.0,0.0,0.892711,0.903926,-1.322519,0.0,0.0,1.225092,1.600004,-1.776347,0.0,0.0,1.446220,2.057702,-2.020627,0.0,0.0,1.667883,2.466982,-2.185395,0.0,0.0
record2.mp4,e7f94d8ffdda6840c9b04703cf2b6166921cdbd5be69632bee01bf2c9ebea648,640,480,12.02,736,61.25,726,60500,Left,0.954424,0.000000,0.000000,0.000000,0.0,0.0,-0.597789,0.434042,-0.318213,0.0,0.0,-1.069259,0.967436,-0.617751,0.0,0.0,-1.423290,1.508342,-0.846374,0.0,0.0,-1.668432,1.972210,-1.094524,0.0,0.0,-0.498125,1.098511,-1.122959,0.0,0.0,-0.649665,1.970193,-1.573785,0.0,0.0,-0.720414,2.561601,-1.800682,0.0,0.0,-0.775800,3.091465,-1.944296,0.0,0.0,0.057968,1.057109,-1.112971,0.0,0.0,0.102170,1.937717,-1.612647,0.0,0.0,0.123786,2.595176,-1.851684,0.0,0.0,0.144842,3.161576,-2.031596,0.0,0.0,0.520212,0.990854,-1.075059,0.0,0.0,0.736929,1.777930,-1.498648,0.0,0.0,0.859827,2.405169,-1.699719,0.0,0.0,0.940402,2.920596,-1.829166,0.0,0.0,0.870043,0.926142,-1.037950,0.0,0.0,1.205054,1.593001,-1.412540,0.0,0.0,1.433664,2.032773,-1.616615,0.0,0.0,1.648502,2.435547,-1.749089,0.0,0.0
record2.mp4,e7f94d8ffdda6840c9b04703cf2b6166921cdbd5be69632bee01bf2c9ebea648,640,480,12.02,736,61.25,727,60583,Left,0.951025,0.000000,0.000000,0.000000,0.0,0.0,-0.642914,0.423215,-0.399020,0.0,0.0,-1.158260,0.991025,-0.759407,0.0,0.0,-1.496678,1.593047,-1.036631,0.0,0.0,-1.805753,2.115126,-1.334621,0.0,0.0,-0.559317,1.034137,-1.251764,0.0,0.0,-0.682273,1.934842,-1.765717,0.0,0.0,-0.753865,2.577161,-2.035596,0.0,0.0,-0.818283,3.151245,-2.207011,0.0,0.0,0.037985,0.987680,-1.224482,0.0,0.0,0.099031,1.893042,-1.772514,0.0,0.0,0.121711,2.599472,-2.028547,0.0,0.0,0.141128,3.213431,-2.222531,0.0,0.0,0.534577,0.927490,-1.175493,0.0,0.0,0.774012,1.760278,-1.644560,0.0,0.0,0.921469,2.439142,-1.859846,0.0,0.0,1.019770,2.999396,-1.999271,0.0,0.0,0.903139,0.876218,-1.132915,0.0,0.0,1.251201,1.554367,-1.538656,0.0,0.0,1.491260,2.020941,-1.755076,0.0,0.0,1.719333,2.438015,-1.898460,0.0,0.0
record2.mp4,e7f94d8ffdda6840c9b04703cf2b6166921cdbd5be69632bee01bf2c9ebea648,640,480,12.02,736,61.25,728,60666,Left,0.957353,0.000000,0.000000,0.000000,0.0,0.0,-0.639815,0.407275,-0.403083,0.0,0.0,-1.139711,0.948017,-0.744081,0.0,0.0,-1.459302,1.514261,-1.005459,0.0,0.0,-1.722714,2.016719,-1.285886,0.0,0.0,-0.527376,1.055189,-1.177384,0.0,0.0,-0.680096,1.856726,-1.657970,0.0,0.0,-0.754812,2.442835,-1.907320,0.0,0.0,-0.828001,2.984104,-2.070524,0.0,0.0,0.057181,1.031729,-1.142324,0.0,0.0,0.087922,1.832470,-1.686370,0.0,0.0,0.106874,2.487211,-1.946332,0.0,0.0,0.116156,3.071018,-2.140152,0.0,0.0,0.531589,0.970331,-1.088179,0.0,0.0,0.731620,1.713521,-1.555987,0.0,0.0,0.872965,2.342632,-1.759402,0.0,0.0,0.969557,2.872158,-1.887371,0.0,0.0,0.886677,0.895989,-1.043353,0.0,0.0,1.214528,1.523645,-1.453823,0.0,0.0,1.443221,1.964091,-1.670114,0.0,0.0,1.670068,2.369089,-1.809670,0.0,0.0
record2.mp4,e7f94d8ffdda6840c9b04703cf2b6166921cdbd5be69632bee01bf2c9ebea648,640,480,12.02,736,61.25,729,60750,Left,0.955351,0.000000,0.000000,0.000000,0.0,0.0,-0.618803,0.396757,-0.379711,0.0,0.0,-1.119551,0.886122,-0.720709,0.0,0.0,-1.485053,1.391646,-0.984415,0.0,0.0,-1.783618,1.829514,-1.268420,0.0,0.0,-0.496094,1.079550,-1.155673,0.0,0.0,-0.656687,1.909948,-1.643911,0.0,0.0,-0.734298,2.508344,-1.913434,0.0,0.0,-0.814088,3.053276,-2.086722,0.0,0.0,0.076421,1.057647,-1.118728,0.0,0.0,0.130847,1.875587,-1.642662,0.0,0.0,0.161379,2.516957,-1.912823,0.0,0.0,0.182663,3.096618,-2.116667,0.0,0.0,0.542233,0.993446,-1.057913,0.0,0.0,0.764321,1.741553,-1.505809,0.0,0.0,0.908230,2.355822,-1.725792,0.0,0.0,1.005592,2.873148,-1.868188,0.0,0.0,0.876666,0.913796,-1.002802,0.0,0.0,1.228365,1.535497,-1.392151,0.0,0.0,1.474814,1.950067,-1.601404,0.0,0.0,1.715405,2.338110,-1.737836,0.0,0.0
record2.mp4,e7f94d8ffdda6840c9b04703cf2b6166921cdbd5be69632bee01bf2c9ebea648,640,480,12.02,736,61.25,730,60833,Left,0.932903,0.000000,0.000000,0.000000,0.0,0.0,-0.612737,0.394975,-0.418059,0.0,0.0,-1.111961,0.860576,-0.803665,0.0,0.0,-1.487614,1.362601,-1.097630,0.0,0.0,-1.805995,1.807929,-1.409836,0.0,0.0,-0.478682,1.071708,-1.302581,0.0,0.0,-0.637359,1.919871,-1.835450,0.0,0.0,-0.708311,2.526594,-2.118853,0.0,0.0,-0.780780,3.058577,-2.295624,0.0,0.0,0.093910,1.058677,-1.256106,0.0,0.0,0.144640,1.919668,-1.834175,0.0,0.0,0.170922,2.566258,-2.115396,0.0,0.0,0.194793,3.130340,-2.320380,0.0,0.0,0.554800,1.003005,-1.181784,0.0,0.0,0.780436,1.770005,-1.677295,0.0,0.0,0.913890,2.390313,-1.915240,0.0,0.0,1.004155,2.900651,-2.064817,0.0,0.0,0.882244,0.935058,-1.110691,0.0,0.0,1.246460,1.555490,-1.532105,0.0,0.0,1.490695,1.979707,-1.759515,0.0,0.0,1.724610,2.374744,-1.908496,0.0,0.0
record2.mp4,e7f94d8ffdda6840c9b04703cf2b6166921cdbd5be69632bee01bf2c9ebea648,640,480,12.02,736,61.25,731,60916,Left,0.946318,0.000000,0.000000,0.000000,0.0,0.0,-0.640871,0.378375,-0.373776,0.0,0.0,-1.166192,0.879956,-0.698530,0.0,0.0,-1.531671,1.397905,-0.948912,0.0,0.0,-1.786247,1.861015,-1.215778,0.0,0.0,-0.484848,1.075877,-1.082116,0.0,0.0,-0.642939,1.935359,-1.525730,0.0,0.0,-0.718393,2.529596,-1.761677,0.0,0.0,-0.789345,3.063071,-1.912814,0.0,0.0,0.081147,1.074453,-1.046053,0.0,0.0,0.119447,1.922645,-1.515283,0.0,0.0,0.146979,2.559043,-1.751477,0.0,0.0,0.173434,3.119352,-1.930329,0.0,0.0,0.535910,1.024182,-0.991713,0.0,0.0,0.742734,1.782331,-1.396739,0.0,0.0,0.873582,2.391620,-1.602953,0.0,0.0,0.967280,2.908273,-1.738944,0.0,0.0,0.859940,0.952485,-0.944970,0.0,0.0,1.210057,1.560567,-1.299309,0.0,0.0,1.447847,1.974591,-1.492995,0.0,0.0,1.669381,2.361832,-1.620776,0.0,0.0
record2.mp4,e7f94d8ffdda6840c9b04703cf2b6166921cdbd5be69632bee01bf2c9ebea648,640,480,12.02,736,61.25,732,61000,Left,0.948609,0.000000,0.000000,0.000000,0.0,0.0,-0.668257,0.392050,-0.391647,0.0,0.0,-1.200705,0.913402,-0.729349,0.0,0.0,-1.518461,1.478439,-0.984805,0.0,0.0,-1.746099,1.987968,-1.256811,0.0,0.0,-0.514449,1.033312,-1.169798,0.0,0.0,-0.656802,1.898846,-1.637922,0.0,0.0,-0.725344,2.519305,-1.876997,0.0,0.0,-0.793352,3.075652,-2.029735,0.0,0.0,0.085644,1.015899,-1.130310,0.0,0.0,0.152544,1.905979,-1.650128,0.0,0.0,0.187319,2.591241,-1.900280,0.0,0.0,0.213659,3.187848,-2.087996,0.0,0.0,0.565214,0.959808,-1.067585,0.0,0.0,0.801882,1.750473,-1.510709,0.0,0.0,0.948331,2.396801,-1.715263,0.0,0.0,1.045246,2.936751,-1.847185,0.0,0.0,0.910163,0.889673,-1.011914,0.0,0.0,1.284840,1.526515,-1.397409,0.0,0.0,1.531114,1.965103,-1.602321,0.0,0.0,1.767981,2.372216,-1.736456,0.0,0.0
record2.mp4,e7f94d8ffdda6840c9b04703cf2b6166921cdbd5be69632bee01bf2c9ebea648,640,480,12.02,736,61.25,733,61083,Left,0.941295,0.000000,0.000000,0.000000,0.0,0.0,-0.647506,0.407511,-0.391573,0.0,0.0,-1.164799,0.946646,-0.736596,0.0,0.0,-1.488363,1.520011,-0.996077,0.0,0.0,-1.734001,2.038595,-1.270757,0.0,0.0,-0.523324,1.048253,-1.209563,0.0,0.0,-0.662906,1.932951,-1.705233,0.0,0.0,-0.724627,2.561975,-1.963437,0.0,0.0,-0.793963,3.123906,-2.126986,0.0,0.0,0.055144,1.027226,-1.169194,0.0,0.0,0.118528,1.910529,-1.702591,0.0,0.0,0.155616,2.589242,-1.957345,0.0,0.0,0.186378,3.182463,-2.148226,0.0,0.0,0.531532,0.978789,-1.105111,0.0,0.0,0.771763,1.780471,-1.558986,0.0,0.0,0.921580,2.427620,-1.768068,0.0,0.0,1.024229,2.973048,-1.902709,0.0,0.0,0.885365,0.922966,-1.046765,0.0,0.0,1.256448,1.567176,-1.443604,0.0,0.0,1.502356,2.004914,-1.655380,0.0,0.0,1.734616,2.417158,-1.793326,0.0,0.0
record2.mp4,e7f94d8ffdda6840c9b04703cf2b6166921cdbd5be69632bee01bf2c9ebea648,640,480,12.02,736,61.25,734,61166,Left,0.942474,0.000000,0.000000,0.000000,0.0,0.0,-0.653212,0.403249,-0.382996,0.0,0.0,-1.194984,0.913632,-0.720683,0.0,0.0,-1.531820,1.472294,-0.980001,0.0,0.0,-1.762751,1.989042,-1.257992,0.0,0.0,-0.511299,1.054238,-1.158813,0.0,0.0,-0.645333,1.903170,-1.632890,0.0,0.0,-0.712257,2.515372,-1.885816,0.0,0.0,-0.778891,3.074012,-2.049620,0.0,0.0,0.081277,1.018598,-1.127727,0.0,0.0,0.151418,1.891657,-1.638769,0.0,0.0,0.189699,2.565380,-1.890445,0.0,0.0,0.218561,3.161549,-2.084113,0.0,0.0,0.558795,0.953788,-1.075127,0.0,0.0,0.800876,1.743056,-1.510215,0.0,0.0,0.960012,2.394241,-1.711121,0.0,0.0,1.065631,2.940734,-1.844579,0.0,0.0,0.909541,0.877714,-1.030306,0.0,0.0,1.291354,1.517411,-1.411720,0.0,0.0,1.546966,1.965407,-1.613876,0.0,0.0,1.783771,2.381003,-1.747249,0.0,0.0
record2.mp4,e7f94d8ffdda6840c9b04703cf2b6166921cdbd5be69632bee01bf2c9ebea648,640,480,12.02,736,61.25,735,61250,Left,0.943572,0.000000,0.000000,0.000000,0.0,0.0,-0.663373,0.390159,-0.415386,0.0,0.0,-1.211917,0.908457,-0.771763,0.0,0.0,-1.536261,1.466877,-1.042663,0.0,0.0,-1.760860,1.980667,-1.330926,0.0,0.0,-0.517023,1.039067,-1.214223,0.0,0.0,-0.651871,1.903385,-1.695868,0.0,0.0,-0.708778,2.523673,-1.943200,0.0,0.0,-0.769309,3.083566,-2.101858,0.0,0.0,0.085433,1.004465,-1.172989,0.0,0.0,0.162663,1.903040,-1.704703,0.0,0.0,0.211645,2.595247,-1.963779,0.0,0.0,0.247764,3.204749,-2.159534,0.0,0.0,0.568188,0.939543,-1.109534,0.0,0.0,0.810880,1.733971,-1.564284,0.0,0.0,0.964651,2.388114,-1.776034,0.0,0.0,1.064865,2.938512,-1.914047,0.0,0.0,0.922093,0.864301,-1.054972,0.0,0.0,1.298105,1.503265,-1.451434,0.0,0.0,1.546738,1.947798,-1.663697,0.0,0.0,1.781942,2.362309,-1.803845,0.0,0.0
