video_file,video_hash,video_width,video_height,video_fps,total_video_frames,video_duration_sec,frame_idx,timestamp_ms,hand,hand_score,wrist_x,wrist_y,wrist_z,wrist_visibility,wrist_presence,thumb_cmc_x,thumb_cmc_y,thumb_cmc_z,thumb_cmc_visibility,thumb_cmc_presence,thumb_mcp_x,thumb_mcp_y,thumb_mcp_z,thumb_mcp_visibility,thumb_mcp_presence,thumb_ip_x,thumb_ip_y,thumb_ip_z,thumb_ip_visibility,thumb_ip_presence,thumb_tip_x,thumb_tip_y,thumb_tip_z,thumb_tip_visibility,thumb_tip_presence,index_mcp_x,index_mcp_y,index_mcp_z,index_mcp_visibility,index_mcp_presence,index_pip_x,index_pip_y,index_pip_z,index_pip_visibility,index_pip_presence,index_dip_x,index_dip_y,index_dip_z,index_dip_visibility,index_dip_presence,index_tip_x,index_tip_y,index_tip_z,index_tip_visibility,index_tip_presence,middle_mcp_x,middle_mcp_y,middle_mcp_z,middle_mcp_visibility,middle_mcp_presence,middle_pip_x,middle_pip_y,middle_pip_z,middle_pip_visibility,middle_pip_presence,middle_dip_x,middle_dip_y,middle_dip_z,middle_dip_visibility,middle_dip_presence,middle_tip_x,middle_tip_y,middle_tip_z,middle_tip_visibility,middle_tip_presence,ring_mcp_x,ring_mcp_y,ring_mcp_z,ring_mcp_visibility,ring_mcp_presence,ring_pip_x,ring_pip_y,ring_pip_z,ring_pip_visibility,ring_pip_presence,ring_dip_x,ring_dip_y,ring_dip_z,ring_dip_visibility,ring_dip_presence,ring_tip_x,ring_tip_y,ring_tip_z,ring_tip_visibility,ring_tip_presence,pinky_mcp_x,pinky_mcp_y,pinky_mcp_z,pinky_mcp_visibility,pinky_mcp_presence,pinky_pip_x,pinky_pip_y,pinky_pip_z,pinky_pip_visibility,pinky_pip_presence,pinky_dip_x,pinky_dip_y,pinky_dip_z,pinky_dip_visibility,pinky_dip_presence,pinky_tip_x,pinky_tip_y,pinky_tip_z,pinky_tip_visibility,pinky_tip_presence
v21.mp4,c414793092cbd3f6b2a0783f0a0eb93ea5fe3e9c0a97cfa5c0c72a011ea9d9d6,1920,1080,12.08,151,12.5,0,0,Left,0.877071,0.000000,0.000000,0.000000,0.0,0.0,-0.852995,0.071100,-0.389457,0.0,0.0,-1.615805,0.569085,-0.670022,0.0,0.0,-2.175231,1.102884,-0.855067,0.0,0.0,-2.631861,1.539978,-1.085754,0.0,0.0,-1.511528,0.534536,-1.195040,0.0,0.0,-1.982772,1.100443,-1.628862,0.0,0.0,-2.269775,1.507742,-1.881225,0.0,0.0,-2.560202,1.880978,-2.074875,0.0,0.0,-1.028778,0.496935,-1.210741,0.0,0.0,-1.166616,1.378428,-1.765407,0.0,0.0,-1.278239,2.069877,-2.115250,0.0,0.0,-1.409793,2.658866,-2.385696,0.0,0.0,-0.463847,0.480653,-1.183995,0.0,0.0,-0.202502,1.422517,-1.717985,0.0,0.0,-0.019725,2.115328,-1.927525,0.0,0.0,0.066274,2.667505,-2.053412,0.0,0.0,0.086050,0.510544,-1.150871,0.0,0.0,0.427709,1.224709,-1.593041,0.0,0.0,0.596933,1.674348,-1.723156,0.0,0.0,0.666255,2.082104,-1.795337,0.0,0.0
v21.mp4,c414793092cbd3f6b2a0783f0a0eb93ea5fe3e9c0a97cfa5c0c72a011ea9d9d6,1920,1080,12.08,151,12.5,1,83,Left,0.912213,0.000000,0.000000,0.000000,0.0,0.0,-0.986940,0.110375,-0.408970,0.0,0.0,-1.851574,0.589935,-0.668575,0.0,0.0,-2.407806,1.133320,-0.848544,0.0,0.0,-2.855720,1.560558,-1.076013,0.0,0.0,-1.399600,0.674039,-1.068063,0.0,0.0,-1.380019,1.638253,-1.534642,0.0,0.0,-1.433358,2.259353,-1.847921,0.0,0.0,-1.487667,2.827275,-2.067377,0.0,0.0,-0.765390,0.592464,-1.091551,0.0,0.0,-0.547874,1.674405,-1.578381,0.0,0.0,-0.500346,2.435078,-1.906563,0.0,0.0,-0.439102,3.102392,-2.179974,0.0,0.0,-0.189695,0.546184,-1.098667,0.0,0.0,0.226436,1.478488,-1.587165,0.0,0.0,0.350392,2.204890,-1.819403,0.0,0.0,0.425595,2.833690,-1.977941,0.0,0.0,0.307523,0.549122,-1.116616,0.0,0.0,0.709368,1.123657,-1.520491,0.0,0.0,0.883789,1.555612,-1.651037,0.0,0.0,1.007237,1.952454,-1.736666,0.0,0.0
v21.mp4,c414793092cbd3f6b2a0783f0a0eb93ea5fe3e9c0a97cfa5c0c72a011ea9d9d6,1920,1080,12.08,151,12.5,2,166,Left,0.92754,0.000000,0.000000,0.000000,0.0,0.0,-0.993981,0.162673,-0.510976,0.0,0.0,-1.890557,0.729641,-0.872140,0.0,0.0,-2.415283,1.258843,-1.122465,0.0,0.0,-2.850284,1.675427,-1.427816,0.0,0.0,-1.256288,0.779840,-1.468140,0.0,0.0,-1.330643,1.716023,-1.982104,0.0,0.0,-1.398679,2.314412,-2.291804,0.0,0.0,-1.468750,2.904421,-2.523642,0.0,0.0,-0.575505,0.655245,-1.465993,0.0,0.0,-0.383787,1.577667,-2.076020,0.0,0.0,-0.299883,2.209408,-2.446076,0.0,0.0,-0.192532,2.854290,-2.745700,0.0,0.0,0.009447,0.575379,-1.422884,0.0,0.0,0.472864,1.314091,-2.002164,0.0,0.0,0.681634,1.930202,-2.241182,0.0,0.0,0.840939,2.531193,-2.401357,0.0,0.0,0.492942,0.553035,-1.388492,0.0,0.0,0.887518,1.082795,-1.841314,0.0,0.0,1.136649,1.438837,-1.968132,0.0,0.0,1.353368,1.770184,-2.056571,0.0,0.0
v21.mp4,c414793092cbd3f6b2a0783f0a0eb93ea5fe3e9c0a97cfa5c0c72a011ea9d9d6,1920,1080,12.08,151,12.5,3,250,Left,0.979186,0.000000,0.000000,0.000000,0.0,0.0,-0.873487,0.256824,-0.398101,0.0,0.0,-1.691961,0.844863,-0.691784,0.0,0.0,-2.230001,1.375797,-0.909474,0.0,0.0,-2.681921,1.779038,-1.167438,0.0,0.0,-1.223563,0.821452,-1.200510,0.0,0.0,-1.376454,1.700226,-1.667599,0.0,0.0,-1.444931,2.280657,-1.934076,0.0,0.0,-1.505621,2.823306,-2.127798,0.0,0.0,-0.602973,0.698254,-1.239906,0.0,0.0,-0.638234,1.459997,-1.803788,0.0,0.0,-0.697704,2.084728,-2.147729,0.0,0.0,-0.703337,2.714640,-2.412520,0.0,0.0,-0.014827,0.573115,-1.244041,0.0,0.0,0.380323,1.166568,-1.795366,0.0,0.0,0.617298,1.645209,-2.008230,0.0,0.0,0.795852,2.127585,-2.132660,0.0,0.0,0.507928,0.491392,-1.248921,0.0,0.0,0.948843,0.870959,-1.678605,0.0,0.0,1.248490,1.127026,-1.792092,0.0,0.0,1.496319,1.406393,-1.859124,0.0,0.0
v21.mp4,c414793092cbd3f6b2a0783f0a0eb93ea5fe3e9c0a97cfa5c0c72a011ea9d9d6,1920,1080,12.08,151,12.5,4,333,Left,0.895877,0.000000,0.000000,0.000000,0.0,0.0,-0.904091,0.262275,-0.356455,0.0,0.0,-1.694971,0.826630,-0.636326,0.0,0.0,-2.224806,1.323141,-0.854943,0.0,0.0,-2.683098,1.731663,-1.115458,0.0,0.0,-1.211186,0.872425,-1.121542,0.0,0.0,-1.353218,1.705393,-1.586440,0.0,0.0,-1.441520,2.295268,-1.853551,0.0,0.0,-1.526156,2.823727,-2.048450,0.0,0.0,-0.616564,0.742375,-1.203645,0.0,0.0,-0.698172,1.607802,-1.749780,0.0,0.0,-0.799348,2.315195,-2.127498,0.0,0.0,-0.841053,2.987452,-2.422548,0.0,0.0,-0.037493,0.557342,-1.248563,0.0,0.0,0.315112,1.161775,-1.832227,0.0,0.0,0.551548,1.653185,-2.108751,0.0,0.0,0.739091,2.141729,-2.273539,0.0,0.0,0.483856,0.396765,-1.285482,0.0,0.0,0.902254,0.619622,-1.759325,0.0,0.0,1.184307,0.796575,-1.906470,0.0,0.0,1.425051,1.029048,-1.998330,0.0,0.0
v21.mp4,c414793092cbd3f6b2a0783f0a0eb93ea5fe3e9c0a97cfa5c0c72a011ea9d9d6,1920,1080,12.08,151,12.5,5,416,Left,0.847685,0.000000,0.000000,0.000000,0.0,0.0,-0.959130,0.273450,-0.338153,0.0,0.0,-1.776794,0.806478,-0.634541,0.0,0.0,-2.308842,1.333137,-0.862444,0.0,0.0,-2.779958,1.779195,-1.129700,0.0,0.0,-1.301032,0.806149,-1.182378,0.0,0.0,-1.539627,1.631990,-1.648326,0.0,0.0,-1.665001,2.150746,-1.888516,0.0,0.0,-1.770367,2.616217,-2.066932,0.0,0.0,-0.700544,0.681035,-1.280828,0.0,0.0,-0.804712,1.620017,-1.865758,0.0,0.0,-0.912444,2.307899,-2.256900,0.0,0.0,-0.959351,2.966973,-2.557933,0.0,0.0,-0.112298,0.518366,-1.335519,0.0,0.0,0.245944,1.239486,-1.999174,0.0,0.0,0.470602,1.752446,-2.330881,0.0,0.0,0.637706,2.256840,-2.524918,0.0,0.0,0.401000,0.364409,-1.366370,0.0,0.0,0.831743,0.572099,-1.925227,0.0,0.0,1.133326,0.671391,-2.119672,0.0,0.0,1.376442,0.849225,-2.239116,0.0,0.0
v21.mp4,c414793092cbd3f6b2a0783f0a0eb93ea5fe3e9c0a97cfa5c0c72a011ea9d9d6,1920,1080,12.08,151,12.5,6,500,Left,0.689356,0.000000,0.000000,0.000000,0.0,0.0,-0.955028,0.202214,-0.290986,0.0,0.0,-1.795180,0.762736,-0.518570,0.0,0.0,-2.343065,1.288376,-0.673817,0.0,0.0,-2.813348,1.695703,-0.884692,0.0,0.0,-1.381763,0.795829,-1.054002,0.0,0.0,-1.504973,1.699714,-1.400541,0.0,0.0,-1.564061,2.257689,-1.595266,0.0,0.0,-1.634533,2.774741,-1.759939,0.0,0.0,-0.788982,0.703678,-1.123754,0.0,0.0,-0.610389,1.747618,-1.524361,0.0,0.0,-0.549123,2.420487,-1.813771,0.0,0.0,-0.489196,3.027149,-2.070983,0.0,0.0,-0.222743,0.597931,-1.150915,0.0,0.0,0.159137,1.450549,-1.685406,0.0,0.0,0.326490,2.067420,-2.004868,0.0,0.0,0.439637,2.622067,-2.230324,0.0,0.0,0.238359,0.497944,-1.154247,0.0,0.0,0.689186,0.717010,-1.680515,0.0,0.0,1.025849,0.728507,-1.879793,0.0,0.0,1.286019,0.770003,-2.010904,0.0,0.0
v21.mp4,c414793092cbd3f6b2a0783f0a0eb93ea5fe3e9c0a97cfa5c0c72a011ea9d9d6,1920,1080,12.08,151,12.5,7,583,Left,0.829,0.000000,0.000000,0.000000,0.0,0.0,-0.858851,0.191523,-0.213776,0.0,0.0,-1.680011,0.693875,-0.374318,0.0,0.0,-2.234264,1.206525,-0.475907,0.0,0.0,-2.677489,1.605045,-0.616967,0.0,0.0,-1.539144,0.608930,-0.881264,0.0,0.0,-2.013972,1.138087,-1.173757,0.0,0.0,-2.272599,1.442067,-1.296366,0.0,0.0,-2.491562,1.731034,-1.386261,0.0,0.0,-1.079409,0.546436,-0.949535,0.0,0.0,-1.253682,1.416635,-1.301319,0.0,0.0,-1.386744,2.053678,-1.530881,0.0,0.0,-1.437507,2.639889,-1.719530,0.0,0.0,-0.544710,0.508042,-0.979986,0.0,0.0,-0.292340,1.418057,-1.449080,0.0,0.0,-0.118767,2.067817,-1.721519,0.0,0.0,0.010566,2.672366,-1.895003,0.0,0.0,-0.042491,0.475679,-0.981138,0.0,0.0,0.353838,0.873125,-1.459066,0.0,0.0,0.742685,1.115486,-1.651219,0.0,0.0,1.049787,1.401096,-1.760507,0.0,0.0
v21.mp4,c414793092cbd3f6b2a0783f0a0eb93ea5fe3e9c0a97cfa5c0c72a011ea9d9d6,1920,1080,12.08,151,12.5,8,666,Left,0.506988,0.000000,0.000000,0.000000,0.0,0.0,-0.962136,0.135244,-0.362802,0.0,0.0,-1.812884,0.657680,-0.597541,0.0,0.0,-2.339340,1.189035,-0.748198,0.0,0.0,-2.792209,1.642879,-0.943240,0.0,0.0,-1.415295,0.716205,-1.116807,0.0,0.0,-1.567848,1.403539,-1.528032,0.0,0.0,-1.692078,1.847709,-1.759201,0.0,0.0,-1.818545,2.320890,-1.933084,0.0,0.0,-0.864641,0.626441,-1.165742,0.0,0.0,-0.958712,1.475316,-1.627500,0.0,0.0,-1.120956,2.104360,-1.959810,0.0,0.0,-1.224967,2.750090,-2.245363,0.0,0.0,-0.306208,0.568190,-1.178789,0.0,0.0,-0.038971,1.383184,-1.754898,0.0,0.0,0.096906,2.108889,-2.087319,0.0,0.0,0.167291,2.808288,-2.308933,0.0,0.0,0.217251,0.525640,-1.174426,0.0,0.0,0.700091,0.865613,-1.704246,0.0,0.0,1.021608,1.165741,-1.915349,0.0,0.0,1.266679,1.511804,-2.055623,0.0,0.0
v21.mp4,c414793092cbd3f6b2a0783f0a0eb93ea5fe3e9c0a97cfa5c0c72a011ea9d9d6,1920,1080,12.08,151,12.5,9,750,Left,0.853966,0.000000,0.000000,0.000000,0.0,0.0,-1.008604,0.191233,-0.439511,0.0,0.0,-1.870964,0.780851,-0.727089,0.0,0.0,-2.403131,1.332008,-0.921582,0.0,0.0,-2.884123,1.726341,-1.173212,0.0,0.0,-1.315515,0.744452,-1.193129,0.0,0.0,-1.302200,1.606692,-1.654533,0.0,0.0,-1.382455,2.185482,-1.967424,0.0,0.0,-1.460324,2.749432,-2.204879,0.0,0.0,-0.642673,0.670117,-1.206984,0.0,0.0,-0.412305,1.741613,-1.691286,0.0,0.0,-0.344505,2.502495,-2.043509,0.0,0.0,-0.230615,3.180441,-2.352441,0.0,0.0,-0.064371,0.614495,-1.193961,0.0,0.0,0.267889,1.532109,-1.697505,0.0,0.0,0.392817,2.270713,-1.984315,0.0,0.0,0.513639,2.946220,-2.202465,0.0,0.0,0.397993,0.583477,-1.185320,0.0,0.0,0.835236,1.130359,-1.626961,0.0,0.0,1.103025,1.529018,-1.805441,0.0,0.0,1.330083,1.929579,-1.942568,0.0,0.0
v21.mp4,c414793092cbd3f6b2a0783f0a0eb93ea5fe3e9c0a97cfa5c0c72a011ea9d9d6,1920,1080,12.08,151,12.5,10,833,Left,0.918913,0.000000,0.000000,0.000000,0.0,0.0,-1.010758,0.279156,-0.519383,0.0,0.0,-1.959126,0.891291,-0.909400,0.0,0.0,-2.568037,1.418482,-1.178598,0.0,0.0,-3.104577,1.840357,-1.499366,0.0,0.0,-1.278455,0.738604,-1.620203,0.0,0.0,-1.402474,1.518496,-2.194496,0.0,0.0,-1.514506,2.115955,-2.537153,0.0,0.0,-1.646008,2.680820,-2.792259,0.0,0.0,-0.578631,0.714166,-1.608304,0.0,0.0,-0.388673,1.863977,-2.205525,0.0,0.0,-0.319651,2.686241,-2.587546,0.0,0.0,-0.264524,3.385025,-2.932438,0.0,0.0,-0.023462,0.726502,-1.555392,0.0,0.0,0.288955,1.788057,-2.131937,0.0,0.0,0.435211,2.512357,-2.468596,0.0,0.0,0.565842,3.112590,-2.731223,0.0,0.0,0.385836,0.749144,-1.504110,0.0,0.0,0.757006,1.474385,-1.983912,0.0,0.0,0.985567,1.921803,-2.238563,0.0,0.0,1.174161,2.329280,-2.451034,0.0,0.0
v21.mp4,c414793092cbd3f6b2a0783f0a0eb93ea5fe3e9c0a97cfa5c0c72a011ea9d9d6,1920,1080,12.08,151,12.5,11,916,Left,0.922155,0.000000,0.000000,0.000000,0.0,0.0,-0.990999,0.239814,-0.608970,0.0,0.0,-1.925315,0.828406,-1.102263,0.0,0.0,-2.538050,1.281220,-1.452804,0.0,0.0,-3.145044,1.586595,-1.852421,0.0,0.0,-1.294039,0.653240,-1.900788,0.0,0.0,-1.392218,1.293585,-2.578484,0.0,0.0,-1.495479,1.858376,-2.995687,0.0,0.0,-1.634750,2.415012,-3.309964,0.0,0.0,-0.578987,0.652250,-1.865358,0.0,0.0,-0.375148,1.712374,-2.609116,0.0,0.0,-0.275583,2.529311,-3.120596,0.0,0.0,-0.226371,3.262882,-3.570604,0.0,0.0,-0.007324,0.693032,-1.770384,0.0,0.0,0.312536,1.699883,-2.436490,0.0,0.0,0.475696,2.425396,-2.857498,0.0,0.0,0.634186,3.007712,-3.189086,0.0,0.0,0.413586,0.737956,-1.674171,0.0,0.0,0.749902,1.412955,-2.178258,0.0,0.0,0.956199,1.845829,-2.477267,0.0,0.0,1.146422,2.275186,-2.744946,0.0,0.0
v21.mp4,c414793092cbd3f6b2a0783f0a0eb93ea5fe3e9c0a97cfa5c0c72a011ea9d9d6,1920,1080,12.08,151,12.5,12,1000,Left,0.971787,0.000000,0.000000,0.000000,0.0,0.0,-0.932741,0.222240,-0.509064,0.0,0.0,-1.877335,0.732846,-0.936044,0.0,0.0,-2.504973,1.149308,-1.252960,0.0,0.0,-3.105054,1.407618,-1.626487,0.0,0.0,-1.251827,0.766310,-1.585092,0.0,0.0,-1.305729,1.623427,-2.151411,0.0,0.0,-1.401310,2.249547,-2.498230,0.0,0.0,-1.504111,2.820810,-2.757512,0.0,0.0,-0.563915,0.732362,-1.595861,0.0,0.0,-0.322780,1.841126,-2.204258,0.0,0.0,-0.224815,2.662657,-2.598013,0.0,0.0,-0.140297,3.379084,-2.938030,0.0,0.0,0.002218,0.703427,-1.562773,0.0,0.0,0.320914,1.721676,-2.119212,0.0,0.0,0.474999,2.442094,-2.435797,0.0,0.0,0.616215,3.043314,-2.681046,0.0,0.0,0.433790,0.692461,-1.532724,0.0,0.0,0.790528,1.392007,-1.986225,0.0,0.0,1.011376,1.840692,-2.205900,0.0,0.0,1.211097,2.242066,-2.383780,0.0,0.0
v21.mp4,c414793092cbd3f6b2a0783f0a0eb93ea5fe3e9c0a97cfa5c0c72a011ea9d9d6,1920,1080,12.08,151,12.5,13,1083,Left,0.964136,0.000000,0.000000,0.000000,0.0,0.0,-0.977691,0.221089,-0.504248,0.0,0.0,-1.909275,0.760136,-0.918790,0.0,0.0,-2.519731,1.235374,-1.219159,0.0,0.0,-3.113598,1.545842,-1.566497,0.0,0.0,-1.239503,0.782205,-1.565026,0.0,0.0,-1.301026,1.779980,-2.101328,0.0,0.0,-1.394497,2.470357,-2.406246,0.0,0.0,-1.478997,3.076283,-2.628503,0.0,0.0,-0.529237,0.718424,-1.556393,0.0,0.0,-0.270532,1.837386,-2.146185,0.0,0.0,-0.198324,2.642244,-2.485654,0.0,0.0,-0.123996,3.319349,-2.772503,0.0,0.0,0.052629,0.669609,-1.503792,0.0,0.0,0.365571,1.673872,-2.009879,0.0,0.0,0.472988,2.380690,-2.251038,0.0,0.0,0.576853,2.991254,-2.438299,0.0,0.0,0.470394,0.644915,-1.459563,0.0,0.0,0.805169,1.345042,-1.866856,0.0,0.0,1.011584,1.797536,-2.031655,0.0,0.0,1.206975,2.210219,-2.159909,0.0,0.0
v21.mp4,c414793092cbd3f6b2a0783f0a0eb93ea5fe3e9c0a97cfa5c0c72a011ea9d9d6,1920,1080,12.08,151,12.5,14,1166,Left,0.95743,0.000000,0.000000,0.000000,0.0,0.0,-0.966820,0.235969,-0.504292,0.0,0.0,-1.871892,0.822325,-0.893329,0.0,0.0,-2.435823,1.344931,-1.166716,0.0,0.0,-2.945474,1.770192,-1.481292,0.0,0.0,-1.176585,0.861248,-1.536420,0.0,0.0,-1.234038,1.841496,-2.063501,0.0,0.0,-1.334066,2.517823,-2.358443,0.0,0.0,-1.428820,3.115356,-2.572191,0.0,0.0,-0.490572,0.800528,-1.519337,0.0,0.0,-0.242903,1.857880,-2.100068,0.0,0.0,-0.176005,2.645515,-2.424315,0.0,0.0,-0.099350,3.315130,-2.695733,0.0,0.0,0.071353,0.743791,-1.463381,0.0,0.0,0.386692,1.683765,-1.968248,0.0,0.0,0.498350,2.365050,-2.204295,0.0,0.0,0.611882,2.967975,-2.383973,0.0,0.0,0.475438,0.704359,-1.416767,0.0,0.0,0.818520,1.351356,-1.827322,0.0,0.0,1.039105,1.797896,-1.996395,0.0,0.0,1.243804,2.212488,-2.124288,0.0,0.0
v21.mp4,c414793092cbd3f6b2a0783f0a0eb93ea5fe3e9c0a97cfa5c0c72a011ea9d9d6,1920,1080,12.08,151,12.5,15,1250,Left,0.967147,0.000000,0.000000,0.000000,0.0,0.0,-0.930997,0.270502,-0.474914,0.0,0.0,-1.826898,0.838573,-0.846035,0.0,0.0,-2.417924,1.365996,-1.108629,0.0,0.0,-2.945347,1.789624,-1.413315,0.0,0.0,-1.121234,0.832734,-1.467517,0.0,0.0,-1.226044,1.805226,-1.964455,0.0,0.0,-1.324371,2.478808,-2.243552,0.0,0.0,-1.432593,3.075565,-2.448085,0.0,0.0,-0.418707,0.778147,-1.447498,0.0,0.0,-0.215256,1.816391,-1.956841,0.0,0.0,-0.156511,2.619433,-2.249407,0.0,0.0,-0.091901,3.302608,-2.513399,0.0,0.0,0.153184,0.737409,-1.391119,0.0,0.0,0.453212,1.680541,-1.819569,0.0,0.0,0.547233,2.354647,-2.033390,0.0,0.0,0.633535,2.935245,-2.219046,0.0,0.0,0.569837,0.708321,-1.346928,0.0,0.0,0.902803,1.344560,-1.712706,0.0,0.0,1.101576,1.775476,-1.877354,0.0,0.0,1.275198,2.170375,-2.013495,0.0,0.0
v21.mp4,c414793092cbd3f6b2a0783f0a0eb93ea5fe3e9c0a97cfa5c0c72a011ea9d9d6,1920,1080,12.08,151,12.5,16,1333,Left,0.966457,0.000000,0.000000,0.000000,0.0,0.0,-0.884849,0.251121,-0.450942,0.0,0.0,-1.804291,0.827809,-0.784295,0.0,0.0,-2.418571,1.385363,-1.020338,0.0,0.0,-2.945719,1.796709,-1.293022,0.0,0.0,-1.107138,0.837359,-1.311196,0.0,0.0,-1.261844,1.837590,-1.754456,0.0,0.0,-1.354943,2.517669,-1.997935,0.0,0.0,-1.437892,3.130179,-2.178479,0.0,0.0,-0.425446,0.798837,-1.274877,0.0,0.0,-0.220733,1.733190,-1.749049,0.0,0.0,-0.126819,2.456871,-2.007211,0.0,0.0,-0.017036,3.109152,-2.236994,0.0,0.0,0.136949,0.767982,-1.209428,0.0,0.0,0.472199,1.619314,-1.616558,0.0,0.0,0.640071,2.230646,-1.787664,0.0,0.0,0.800268,2.790233,-1.928179,0.0,0.0,0.558573,0.770105,-1.157477,0.0,0.0,0.851603,1.434087,-1.485840,0.0,0.0,1.057056,1.849461,-1.613114,0.0,0.0,1.239373,2.229418,-1.713792,0.0,0.0
v21.mp4,c414793092cbd3f6b2a0783f0a0eb93ea5fe3e9c0a97cfa5c0c72a011ea9d9d6,1920,1080,12.08,151,12.5,17,1416,Left,0.973693,0.000000,0.000000,0.000000,0.0,0.0,-0.893111,0.278525,-0.440323,0.0,0.0,-1.785775,0.851567,-0.770259,0.0,0.0,-2.408026,1.400814,-1.003870,0.0,0.0,-2.925170,1.823049,-1.271504,0.0,0.0,-1.089929,0.829116,-1.287612,0.0,0.0,-1.260230,1.824002,-1.728649,0.0,0.0,-1.350418,2.518334,-1.972897,0.0,0.0,-1.429217,3.145511,-2.154644,0.0,0.0,-0.427231,0.797347,-1.255548,0.0,0.0,-0.279632,1.676385,-1.721200,0.0,0.0,-0.228549,2.392971,-1.967198,0.0,0.0,-0.143641,3.038237,-2.190685,0.0,0.0,0.136467,0.774906,-1.196083,0.0,0.0,0.433711,1.646328,-1.592734,0.0,0.0,0.571605,2.287559,-1.751056,0.0,0.0,0.704866,2.874313,-1.891672,0.0,0.0,0.576648,0.789463,-1.151050,0.0,0.0,0.849239,1.444796,-1.485296,0.0,0.0,1.038579,1.879694,-1.614627,0.0,0.0,1.214388,2.283069,-1.719658,0.0,0.0
v21.mp4,c414793092cbd3f6b2a0783f0a0eb93ea5fe3e9c0a97cfa5c0c72a011ea9d9d6,1920,1080,12.08,151,12.5,18,1500,Left,0.980453,0.000000,0.000000,0.000000,0.0,0.0,-0.897543,0.239624,-0.383277,0.0,0.0,-1.790194,0.795010,-0.650763,0.0,0.0,-2.389894,1.355526,-0.833152,0.0,0.0,-2.885932,1.780357,-1.041634,0.0,0.0,-1.066670,0.803285,-1.041709,0.0,0.0,-1.235442,1.489400,-1.409863,0.0,0.0,-1.344481,1.991642,-1.628465,0.0,0.0,-1.466071,2.481138,-1.804803,0.0,0.0,-0.394163,0.859243,-1.023743,0.0,0.0,-0.234117,1.669394,-1.415989,0.0,0.0,-0.144634,2.323697,-1.656886,0.0,0.0,-0.052560,2.936950,-1.882670,0.0,0.0,0.155735,0.874768,-0.983893,0.0,0.0,0.361393,1.717787,-1.340207,0.0,0.0,0.476576,2.361647,-1.506183,0.0,0.0,0.589608,2.958730,-1.655830,0.0,0.0,0.540939,0.864046,-0.953021,0.0,0.0,0.795808,1.465884,-1.271860,0.0,0.0,0.979114,1.881915,-1.406880,0.0,0.0,1.157855,2.281280,-1.516255,0.0,0.0
v21.mp4,c414793092cbd3f6b2a0783f0a0eb93ea5fe3e9c0a97cfa5c0c72a011ea9d9d6,1920,1080,12.08,151,12.5,19,1583,Left,0.893446,0.000000,0.000000,0.000000,0.0,0.0,-0.946225,0.227392,-0.413298,0.0,0.0,-1.830989,0.875841,-0.673479,0.0,0.0,-2.418231,1.427106,-0.858738,0.0,0.0,-2.964715,1.790719,-1.070968,0.0,0.0,-1.078753,0.667924,-1.059929,0.0,0.0,-1.302909,1.223600,-1.452658,0.0,0.0,-1.550802,1.573136,-1.690361,0.0,0.0,-1.799515,1.969066,-1.886277,0.0,0.0,-0.419280,0.783391,-1.046935,0.0,0.0,-0.404931,1.310582,-1.480259,0.0,0.0,-0.390858,1.727495,-1.733914,0.0,0.0,-0.314114,2.151068,-1.970740,0.0,0.0,0.138453,0.864319,-1.025326,0.0,0.0,0.307598,1.620727,-1.469669,0.0,0.0,0.448560,2.265719,-1.703146,0.0,0.0,0.626367,2.885623,-1.897458,0.0,0.0,0.565537,0.898949,-1.009975,0.0,0.0,0.796781,1.567839,-1.392123,0.0,0.0,0.992325,1.970692,-1.579318,0.0,0.0,1.228864,2.340266,-1.742415,0.0,0.0
v21.mp4,c414793092cbd3f6b2a0783f0a0eb93ea5fe3e9c0a97cfa5c0c72a011ea9d9d6,1920,1080,12.08,151,12.5,20,1666,Left,0.674399,0.000000,0.000000,0.000000,0.0,0.0,-0.895319,0.329881,-0.383426,0.0,0.0,-1.727448,0.937424,-0.650043,0.0,0.0,-2.289007,1.456547,-0.842670,0.0,0.0,-2.779680,1.803177,-1.067086,0.0,0.0,-1.148162,0.596796,-1.095383,0.0,0.0,-1.306284,1.100049,-1.490154,0.0,0.0,-1.507281,1.361014,-1.734830,0.0,0.0,-1.730525,1.685792,-1.940954,0.0,0.0,-0.522055,0.647249,-1.098792,0.0,0.0,-0.483430,1.062811,-1.557972,0.0,0.0,-0.513168,1.350346,-1.836996,0.0,0.0,-0.512845,1.684883,-2.099807,0.0,0.0,0.063042,0.749288,-1.085517,0.0,0.0,0.265093,1.495906,-1.571210,0.0,0.0,0.450080,2.119807,-1.841116,0.0,0.0,0.662034,2.731953,-2.064378,0.0,0.0,0.570122,0.845804,-1.068491,0.0,0.0,0.819602,1.482441,-1.475566,0.0,0.0,1.034734,1.889715,-1.683114,0.0,0.0,1.280010,2.301712,-1.868452,0.0,0.0
v21.mp4,c414793092cbd3f6b2a0783f0a0eb93ea5fe3e9c0a97cfa5c0c72a011ea9d9d6,1920,1080,12.08,151,12.5,21,1750,Left,0.836008,0.000000,0.000000,0.000000,0.0,0.0,-1.000410,0.287840,-0.449168,0.0,0.0,-1.868960,0.889634,-0.736478,0.0,0.0,-2.443309,1.436526,-0.923401,0.0,0.0,-2.927525,1.836113,-1.141893,0.0,0.0,-1.105226,0.583219,-1.256374,0.0,0.0,-1.266018,1.016560,-1.719518,0.0,0.0,-1.485479,1.197467,-2.013575,0.0,0.0,-1.756312,1.434694,-2.246819,0.0,0.0,-0.453016,0.674848,-1.235011,0.0,0.0,-0.347909,1.113750,-1.751485,0.0,0.0,-0.356710,1.415356,-2.063123,0.0,0.0,-0.345524,1.735210,-2.347661,0.0,0.0,0.141784,0.767741,-1.192819,0.0,0.0,0.375610,1.523215,-1.751524,0.0,0.0,0.527989,2.136966,-2.050823,0.0,0.0,0.690108,2.734416,-2.283612,0.0,0.0,0.624567,0.831291,-1.146081,0.0,0.0,0.880627,1.431134,-1.619538,0.0,0.0,1.098286,1.859257,-1.846841,0.0,0.0,1.333130,2.294806,-2.036585,0.0,0.0
v21.mp4,c414793092cbd3f6b2a0783f0a0eb93ea5fe3e9c0a97cfa5c0c72a011ea9d9d6,1920,1080,12.08,151,12.5,22,1833,Left,0.955164,0.000000,0.000000,0.000000,0.0,0.0,-1.050413,0.287017,-0.436857,0.0,0.0,-1.998669,0.927365,-0.738669,0.0,0.0,-2.619362,1.509142,-0.942191,0.0,0.0,-3.134658,1.930019,-1.189084,0.0,0.0,-1.154820,0.692231,-1.306623,0.0,0.0,-1.360197,1.090118,-1.805599,0.0,0.0,-1.605954,1.386719,-2.114748,0.0,0.0,-1.898554,1.729897,-2.339632,0.0,0.0,-0.463545,0.745016,-1.315064,0.0,0.0,-0.336503,1.741510,-1.820637,0.0,0.0,-0.326135,2.492130,-2.170948,0.0,0.0,-0.294809,3.154302,-2.483848,0.0,0.0,0.115371,0.778816,-1.288063,0.0,0.0,0.422695,1.768949,-1.796002,0.0,0.0,0.567974,2.518004,-2.087080,0.0,0.0,0.711273,3.177514,-2.315987,0.0,0.0,0.546590,0.771160,-1.258863,0.0,0.0,0.902310,1.458127,-1.668230,0.0,0.0,1.129341,1.923911,-1.851535,0.0,0.0,1.359874,2.354894,-2.012310,0.0,0.0
v21.mp4,c414793092cbd3f6b2a0783f0a0eb93ea5fe3e9c0a97cfa5c0c72a011ea9d9d6,1920,1080,12.08,151,12.5,23,1916,Left,0.932076,0.000000,0.000000,0.000000,0.0,0.0,-0.975184,0.212037,-0.560744,0.0,0.0,-1.881585,0.834841,-0.974537,0.0,0.0,-2.444966,1.360684,-1.260606,0.0,0.0,-2.989489,1.780072,-1.593436,0.0,0.0,-1.119706,0.731974,-1.661234,0.0,0.0,-1.290560,1.124102,-2.293856,0.0,0.0,-1.494461,1.502554,-2.700305,0.0,0.0,-1.732177,1.913927,-2.991947,0.0,0.0,-0.433159,0.768828,-1.637262,0.0,0.0,-0.319724,1.780990,-2.275635,0.0,0.0,-0.281173,2.591072,-2.737682,0.0,0.0,-0.248802,3.309976,-3.140629,0.0,0.0,0.133357,0.794320,-1.566946,0.0,0.0,0.435049,1.737009,-2.152628,0.0,0.0,0.606211,2.459585,-2.528198,0.0,0.0,0.753759,3.046777,-2.821980,0.0,0.0,0.572974,0.774465,-1.498342,0.0,0.0,0.901127,1.430681,-1.937760,0.0,0.0,1.106670,1.885429,-2.176700,0.0,0.0,1.287554,2.293645,-2.393906,0.0,0.0
v21.mp4,c414793092cbd3f6b2a0783f0a0eb93ea5fe3e9c0a97cfa5c0c72a011ea9d9d6,1920,1080,12.08,151,12.5,24,2000,Left,0.940644,0.000000,0.000000,0.000000,0.0,0.0,-0.913875,0.206242,-0.518015,0.0,0.0,-1.827118,0.810955,-0.884425,0.0,0.0,-2.405765,1.356594,-1.136250,0.0,0.0,-2.950975,1.781658,-1.429140,0.0,0.0,-1.073315,0.764292,-1.488624,0.0,0.0,-1.279526,1.298154,-2.049260,0.0,0.0,-1.492220,1.720583,-2.396754,0.0,0.0,-1.746689,2.138955,-2.650611,0.0,0.0,-0.407601,0.821600,-1.470516,0.0,0.0,-0.308587,1.805971,-2.043622,0.0,0.0,-0.272032,2.600830,-2.446140,0.0,0.0,-0.238597,3.322827,-2.798835,0.0,0.0,0.147349,0.842599,-1.416465,0.0,0.0,0.402867,1.767470,-1.956953,0.0,0.0,0.561102,2.466199,-2.292317,0.0,0.0,0.698236,3.070491,-2.554863,0.0,0.0,0.578238,0.827215,-1.366021,0.0,0.0,0.869690,1.474507,-1.801196,0.0,0.0,1.095505,1.903840,-2.032134,0.0,0.0,1.305759,2.314782,-2.229888,0.0,0.0
v21.mp4,c414793092cbd3f6b2a0783f0a0eb93ea5fe3e9c0a97cfa5c0c72a011ea9d9d6,1920,1080,12.08,151,12.5,25,2083,Left,0.902461,0.000000,0.000000,0.000000,0.0,0.0,-0.896196,0.250877,-0.487839,0.0,0.0,-1.794447,0.830997,-0.839020,0.0,0.0,-2.418651,1.373323,-1.091043,0.0,0.0,-2.971186,1.814288,-1.381746,0.0,0.0,-1.048701,0.783840,-1.385710,0.0,0.0,-1.299556,1.472356,-1.899351,0.0,0.0,-1.469341,2.028089,-2.195333,0.0,0.0,-1.640617,2.566662,-2.413440,0.0,0.0,-0.391905,0.832931,-1.379194,0.0,0.0,-0.339979,1.836577,-1.916007,0.0,0.0,-0.320460,2.661404,-2.252763,0.0,0.0,-0.267218,3.412491,-2.545072,0.0,0.0,0.166824,0.837599,-1.341966,0.0,0.0,0.397847,1.750387,-1.832376,0.0,0.0,0.517401,2.466643,-2.092192,0.0,0.0,0.634042,3.113097,-2.294481,0.0,0.0,0.605746,0.815349,-1.314430,0.0,0.0,0.893848,1.461902,-1.723693,0.0,0.0,1.085501,1.919452,-1.917498,0.0,0.0,1.274250,2.360740,-2.074464,0.0,0.0
v21.mp4,c414793092cbd3f6b2a0783f0a0eb93ea5fe3e9c0a97cfa5c0c72a011ea9d9d6,1920,1080,12.08,151,12.5,26,2166,Left,0.881303,0.000000,0.000000,0.000000,0.0,0.0,-0.880690,0.310140,-0.415824,0.0,0.0,-1.725199,0.896780,-0.752774,0.0,0.0,-2.359128,1.407879,-1.005130,0.0,0.0,-2.895525,1.835788,-1.295673,0.0,0.0,-1.029767,0.899814,-1.319173,0.0,0.0,-1.216953,1.775840,-1.805123,0.0,0.0,-1.351744,2.421558,-2.078402,0.0,0.0,-1.474151,3.007236,-2.279567,0.0,0.0,-0.388648,0.885629,-1.338318,0.0,0.0,-0.264379,1.919192,-1.841657,0.0,0.0,-0.230987,2.730006,-2.148118,0.0,0.0,-0.161490,3.447499,-2.420900,0.0,0.0,0.157365,0.841440,-1.322849,0.0,0.0,0.436602,1.795047,-1.762994,0.0,0.0,0.564661,2.509345,-1.986905,0.0,0.0,0.694077,3.137725,-2.172849,0.0,0.0,0.582384,0.784177,-1.315516,0.0,0.0,0.905507,1.459222,-1.689907,0.0,0.0,1.098766,1.926836,-1.862149,0.0,0.0,1.287031,2.357065,-2.004092,0.0,0.0
v21.mp4,c414793092cbd3f6b2a0783f0a0eb93ea5fe3e9c0a97cfa5c0c72a011ea9d9d6,1920,1080,12.08,151,12.5,27,2250,Left,0.931914,0.000000,0.000000,0.000000,0.0,0.0,-0.931715,0.407086,-0.303621,0.0,0.0,-1.800059,0.996649,-0.583623,0.0,0.0,-2.471357,1.528794,-0.806131,0.0,0.0,-3.002085,1.932167,-1.059484,0.0,0.0,-1.105787,0.741210,-1.076481,0.0,0.0,-1.447962,0.963120,-1.573476,0.0,0.0,-1.639363,1.166847,-1.878184,0.0,0.0,-1.767916,1.364138,-2.075261,0.0,0.0,-0.506615,0.750947,-1.159144,0.0,0.0,-0.358569,1.861084,-1.637642,0.0,0.0,-0.289019,2.804001,-1.946969,0.0,0.0,-0.158865,3.600014,-2.217028,0.0,0.0,0.090805,0.771711,-1.210801,0.0,0.0,0.426831,1.839245,-1.672160,0.0,0.0,0.584569,2.604649,-1.880156,0.0,0.0,0.739992,3.281859,-2.031091,0.0,0.0,0.598497,0.752334,-1.256279,0.0,0.0,0.969132,1.491699,-1.591500,0.0,0.0,1.180016,1.985696,-1.670771,0.0,0.0,1.366597,2.446226,-1.743572,0.0,0.0
v21.mp4,c414793092cbd3f6b2a0783f0a0eb93ea5fe3e9c0a97cfa5c0c72a011ea9d9d6,1920,1080,12.08,151,12.5,28,2333,Left,0.976185,0.000000,0.000000,0.000000,0.0,0.0,-0.897486,0.254310,-0.403079,0.0,0.0,-1.743442,0.813295,-0.721375,0.0,0.0,-2.323015,1.335975,-0.952366,0.0,0.0,-2.805876,1.775233,-1.218749,0.0,0.0,-1.123045,0.865538,-1.257566,0.0,0.0,-1.277829,1.766329,-1.717178,0.0,0.0,-1.401599,2.395191,-1.982815,0.0,0.0,-1.501260,2.965768,-2.173112,0.0,0.0,-0.456429,0.835413,-1.270689,0.0,0.0,-0.362638,1.846014,-1.762641,0.0,0.0,-0.323475,2.626412,-2.053272,0.0,0.0,-0.257871,3.302256,-2.291385,0.0,0.0,0.104328,0.778199,-1.249642,0.0,0.0,0.353641,1.683390,-1.686947,0.0,0.0,0.476496,2.348918,-1.891908,0.0,0.0,0.596989,2.934688,-2.042231,0.0,0.0,0.521062,0.731851,-1.233682,0.0,0.0,0.826795,1.342611,-1.596890,0.0,0.0,1.020285,1.788106,-1.735565,0.0,0.0,1.195210,2.199896,-1.831670,0.0,0.0
v21.mp4,c414793092cbd3f6b2a0783f0a0eb93ea5fe3e9c0a97cfa5c0c72a011ea9d9d6,1920,1080,12.08,151,12.5,29,2416,Left,0.948138,0.000000,0.000000,0.000000,0.0,0.0,-0.922100,0.282946,-0.433476,0.0,0.0,-1.814350,0.835538,-0.803527,0.0,0.0,-2.440345,1.360912,-1.079879,0.0,0.0,-2.962044,1.812837,-1.397440,0.0,0.0,-1.123552,0.850618,-1.439505,0.0,0.0,-1.295019,1.849862,-1.961983,0.0,0.0,-1.422159,2.545925,-2.253554,0.0,0.0,-1.535129,3.155978,-2.462158,0.0,0.0,-0.445249,0.804854,-1.458372,0.0,0.0,-0.324279,1.877189,-1.998263,0.0,0.0,-0.283427,2.706815,-2.309596,0.0,0.0,-0.210529,3.409192,-2.580172,0.0,0.0,0.118005,0.754958,-1.440025,0.0,0.0,0.381833,1.714280,-1.910523,0.0,0.0,0.498760,2.425494,-2.147360,0.0,0.0,0.616100,3.030013,-2.335923,0.0,0.0,0.546350,0.715421,-1.427973,0.0,0.0,0.849684,1.397271,-1.824524,0.0,0.0,1.060550,1.854443,-2.002431,0.0,0.0,1.263129,2.258870,-2.141912,0.0,0.0
v21.mp4,c414793092cbd3f6b2a0783f0a0eb93ea5fe3e9c0a97cfa5c0c72a011ea9d9d6,1920,1080,12.08,151,12.5,30,2500,Left,0.919934,0.000000,0.000000,0.000000,0.0,0.0,-0.915227,0.298891,-0.452720,0.0,0.0,-1.790568,0.863421,-0.832920,0.0,0.0,-2.418769,1.373134,-1.116530,0.0,0.0,-2.957459,1.803959,-1.446684,0.0,0.0,-1.106781,0.887907,-1.489497,0.0,0.0,-1.277498,1.881367,-2.021625,0.0,0.0,-1.395462,2.571158,-2.323116,0.0,0.0,-1.496510,3.179558,-2.539555,0.0,0.0,-0.456537,0.830610,-1.502375,0.0,0.0,-0.322214,1.892254,-2.055655,0.0,0.0,-0.282098,2.722622,-2.392622,0.0,0.0,-0.208134,3.440133,-2.687205,0.0,0.0,0.096648,0.776283,-1.475281,0.0,0.0,0.384984,1.737207,-1.960634,0.0,0.0,0.514916,2.447000,-2.227100,0.0,0.0,0.651641,3.058021,-2.440639,0.0,0.0,0.534404,0.739817,-1.453573,0.0,0.0,0.847481,1.418834,-1.860609,0.0,0.0,1.062102,1.865088,-2.054326,0.0,0.0,1.275049,2.260470,-2.210654,0.0,0.0
v21.mp4,c414793092cbd3f6b2a0783f0a0eb93ea5fe3e9c0a97cfa5c0c72a011ea9d9d6,1920,1080,12.08,151,12.5,31,2583,Left,0.936154,0.000000,0.000000,0.000000,0.0,0.0,-0.912641,0.287713,-0.455468,0.0,0.0,-1.805565,0.849248,-0.829792,0.0,0.0,-2.437504,1.373140,-1.107844,0.0,0.0,-2.973775,1.820829,-1.429682,0.0,0.0,-1.097733,0.871018,-1.462413,0.0,0.0,-1.284471,1.875843,-1.991173,0.0,0.0,-1.406352,2.587382,-2.291825,0.0,0.0,-1.512424,3.211262,-2.508069,0.0,0.0,-0.432771,0.817594,-1.473654,0.0,0.0,-0.317114,1.890001,-2.022092,0.0,0.0,-0.272772,2.737891,-2.350535,0.0,0.0,-0.194473,3.463556,-2.636448,0.0,0.0,0.124434,0.765857,-1.448006,0.0,0.0,0.399183,1.731345,-1.929054,0.0,0.0,0.534069,2.459663,-2.182334,0.0,0.0,0.672667,3.084135,-2.384044,0.0,0.0,0.561861,0.734471,-1.429984,0.0,0.0,0.879189,1.424301,-1.835451,0.0,0.0,1.098522,1.892927,-2.023017,0.0,0.0,1.312204,2.308634,-2.171726,0.0,0.0
v21.mp4,c414793092cbd3f6b2a0783f0a0eb93ea5fe3e9c0a97cfa5c0c72a011ea9d9d6,1920,1080,12.08,151,12.5,32,2666,Left,0.910545,0.000000,0.000000,0.000000,0.0,0.0,-0.910262,0.286939,-0.473510,0.0,0.0,-1.797837,0.852303,-0.863766,0.0,0.0,-2.433733,1.361957,-1.156047,0.0,0.0,-2.983684,1.804343,-1.493497,0.0,0.0,-1.096679,0.882219,-1.502624,0.0,0.0,-1.283909,1.852268,-2.048258,0.0,0.0,-1.410697,2.543572,-2.363506,0.0,0.0,-1.525581,3.158831,-2.593070,0.0,0.0,-0.442365,0.828926,-1.514596,0.0,0.0,-0.320503,1.879783,-2.080846,0.0,0.0,-0.271820,2.713385,-2.428681,0.0,0.0,-0.195670,3.442259,-2.733359,0.0,0.0,0.110915,0.773543,-1.489587,0.0,0.0,0.387652,1.723340,-1.986432,0.0,0.0,0.521109,2.445691,-2.257962,0.0,0.0,0.658437,3.068235,-2.476212,0.0,0.0,0.553929,0.729799,-1.472795,0.0,0.0,0.870599,1.415386,-1.889405,0.0,0.0,1.088017,1.880142,-2.090166,0.0,0.0,1.301340,2.290713,-2.253955,0.0,0.0
v21.mp4,c414793092cbd3f6b2a0783f0a0eb93ea5fe3e9c0a97cfa5c0c72a011ea9d9d6,1920,1080,12.08,151,12.5,33,2750,Left,0.920346,0.000000,0.000000,0.000000,0.0,0.0,-0.960784,0.287839,-0.450085,0.0,0.0,-1.899354,0.915961,-0.741954,0.0,0.0,-2.531829,1.440275,-0.942659,0.0,0.0,-3.081883,1.815348,-1.176640,0.0,0.0,-1.126103,0.708009,-1.184081,0.0,0.0,-1.272789,1.054212,-1.656052,0.0,0.0,-1.450095,1.366740,-1.951542,0.0,0.0,-1.654142,1.736463,-2.168681,0.0,0.0,-0.484874,0.767856,-1.201798,0.0,0.0,-0.381363,1.801912,-1.664050,0.0,0.0,-0.336427,2.667136,-1.997970,0.0,0.0,-0.252863,3.451635,-2.296147,0.0,0.0,0.084997,0.806081,-1.198317,0.0,0.0,0.363894,1.769932,-1.669860,0.0,0.0,0.502800,2.502294,-1.945205,0.0,0.0,0.630734,3.172184,-2.155967,0.0,0.0,0.559694,0.787867,-1.200028,0.0,0.0,0.880910,1.483878,-1.566986,0.0,0.0,1.106982,1.946582,-1.721361,0.0,0.0,1.323315,2.380551,-1.861402,0.0,0.0
v21.mp4,c414793092cbd3f6b2a0783f0a0eb93ea5fe3e9c0a97cfa5c0c72a011ea9d9d6,1920,1080,12.08,151,12.5,34,2833,Left,0.970081,0.000000,0.000000,0.000000,0.0,0.0,-1.002793,0.263737,-0.470494,0.0,0.0,-1.933692,0.876448,-0.826164,0.0,0.0,-2.552270,1.416004,-1.078779,0.0,0.0,-3.096988,1.846220,-1.369020,0.0,0.0,-1.150021,0.680484,-1.402157,0.0,0.0,-1.291975,1.005974,-1.993807,0.0,0.0,-1.406830,1.249686,-2.363475,0.0,0.0,-1.515902,1.503630,-2.607365,0.0,0.0,-0.487108,0.740680,-1.412236,0.0,0.0,-0.380958,1.833530,-1.977274,0.0,0.0,-0.344401,2.727753,-2.356889,0.0,0.0,-0.249652,3.486299,-2.684054,0.0,0.0,0.085128,0.789120,-1.388668,0.0,0.0,0.361921,1.802464,-1.911184,0.0,0.0,0.518342,2.543396,-2.191275,0.0,0.0,0.671260,3.185977,-2.407597,0.0,0.0,0.548353,0.784304,-1.367605,0.0,0.0,0.898394,1.452333,-1.756127,0.0,0.0,1.124875,1.913414,-1.905106,0.0,0.0,1.332656,2.338968,-2.040382,0.0,0.0
v21.mp4,c414793092cbd3f6b2a0783f0a0eb93ea5fe3e9c0a97cfa5c0c72a011ea9d9d6,1920,1080,12.08,151,12.5,35,2916,Left,0.961992,0.000000,0.000000,0.000000,0.0,0.0,-0.989690,0.207571,-0.557622,0.0,0.0,-1.936513,0.816562,-0.942017,0.0,0.0,-2.515404,1.359565,-1.202299,0.0,0.0,-3.043908,1.763678,-1.500951,0.0,0.0,-1.159943,0.653234,-1.529349,0.0,0.0,-1.269628,0.988480,-2.130648,0.0,0.0,-1.369288,1.371365,-2.509145,0.0,0.0,-1.490157,1.796836,-2.773883,0.0,0.0,-0.461997,0.726010,-1.503795,0.0,0.0,-0.367513,1.744461,-2.103072,0.0,0.0,-0.326499,2.586003,-2.508615,0.0,0.0,-0.258359,3.332712,-2.856021,0.0,0.0,0.111336,0.773936,-1.443616,0.0,0.0,0.402048,1.691206,-2.003391,0.0,0.0,0.563851,2.414907,-2.320488,0.0,0.0,0.713467,3.050709,-2.561264,0.0,0.0,0.554979,0.770084,-1.391448,0.0,0.0,0.891901,1.391636,-1.824857,0.0,0.0,1.113252,1.839980,-2.023778,0.0,0.0,1.317731,2.270864,-2.195153,0.0,0.0
v21.mp4,c414793092cbd3f6b2a0783f0a0eb93ea5fe3e9c0a97cfa5c0c72a011ea9d9d6,1920,1080,12.08,151,12.5,36,3000,Left,0.861778,0.000000,0.000000,0.000000,0.0,0.0,-0.918231,0.259282,-0.485701,0.0,0.0,-1.786896,0.820831,-0.875194,0.0,0.0,-2.367456,1.320646,-1.160894,0.0,0.0,-2.864826,1.772666,-1.487775,0.0,0.0,-1.110692,0.909292,-1.498574,0.0,0.0,-1.165108,1.849436,-2.041220,0.0,0.0,-1.242921,2.516938,-2.348714,0.0,0.0,-1.315001,3.098027,-2.565246,0.0,0.0,-0.459710,0.867646,-1.501674,0.0,0.0,-0.346550,1.869936,-2.089586,0.0,0.0,-0.299458,2.672913,-2.428269,0.0,0.0,-0.216167,3.345387,-2.705651,0.0,0.0,0.080313,0.801286,-1.468257,0.0,0.0,0.355898,1.684906,-1.982907,0.0,0.0,0.483959,2.356690,-2.234646,0.0,0.0,0.610399,2.933038,-2.419999,0.0,0.0,0.500752,0.741047,-1.443830,0.0,0.0,0.836138,1.353615,-1.868614,0.0,0.0,1.041974,1.787507,-2.052731,0.0,0.0,1.234276,2.176012,-2.188996,0.0,0.0
v21.mp4,c414793092cbd3f6b2a0783f0a0eb93ea5fe3e9c0a97cfa5c0c72a011ea9d9d6,1920,1080,12.08,151,12.5,37,3083,Left,0.883653,0.000000,0.000000,0.000000,0.0,0.0,-0.889013,0.281618,-0.467425,0.0,0.0,-1.770913,0.840239,-0.841142,0.0,0.0,-2.399863,1.346035,-1.120533,0.0,0.0,-2.929639,1.795894,-1.444055,0.0,0.0,-1.088914,0.871385,-1.426463,0.0,0.0,-1.187327,1.834040,-1.940564,0.0,0.0,-1.242872,2.532798,-2.232718,0.0,0.0,-1.288796,3.155696,-2.447050,0.0,0.0,-0.434958,0.827328,-1.442667,0.0,0.0,-0.317227,1.886410,-1.981157,0.0,0.0,-0.248438,2.725483,-2.307552,0.0,0.0,-0.153553,3.453977,-2.592264,0.0,0.0,0.123149,0.770567,-1.426626,0.0,0.0,0.391473,1.717404,-1.904810,0.0,0.0,0.533188,2.446213,-2.159195,0.0,0.0,0.673554,3.074561,-2.361670,0.0,0.0,0.571246,0.720892,-1.420679,0.0,0.0,0.894074,1.398876,-1.826766,0.0,0.0,1.105418,1.874226,-2.018598,0.0,0.0,1.313272,2.296929,-2.172739,0.0,0.0
v21.mp4,c414793092cbd3f6b2a0783f0a0eb93ea5fe3e9c0a97cfa5c0c72a011ea9d9d6,1920,1080,12.08,151,12.5,38,3166,Left,0.86546,0.000000,0.000000,0.000000,0.0,0.0,-0.872815,0.281167,-0.475901,0.0,0.0,-1.728364,0.854160,-0.858239,0.0,0.0,-2.357101,1.353339,-1.143869,0.0,0.0,-2.895547,1.796327,-1.474178,0.0,0.0,-1.067527,0.894246,-1.466077,0.0,0.0,-1.165139,1.833269,-1.997050,0.0,0.0,-1.222065,2.522708,-2.301439,0.0,0.0,-1.268789,3.143141,-2.524847,0.0,0.0,-0.427475,0.853416,-1.481186,0.0,0.0,-0.314031,1.882640,-2.043098,0.0,0.0,-0.242842,2.708320,-2.385759,0.0,0.0,-0.146190,3.429442,-2.683483,0.0,0.0,0.122648,0.796011,-1.462302,0.0,0.0,0.394633,1.715026,-1.957191,0.0,0.0,0.540509,2.434903,-2.222663,0.0,0.0,0.682459,3.055882,-2.433985,0.0,0.0,0.570242,0.741302,-1.453364,0.0,0.0,0.892013,1.403395,-1.870437,0.0,0.0,1.103050,1.868644,-2.071880,0.0,0.0,1.310607,2.285682,-2.235471,0.0,0.0
v21.mp4,c414793092cbd3f6b2a0783f0a0eb93ea5fe3e9c0a97cfa5c0c72a011ea9d9d6,1920,1080,12.08,151,12.5,39,3250,Left,0.86541,0.000000,0.000000,0.000000,0.0,0.0,-0.901563,0.295772,-0.514456,0.0,0.0,-1.772549,0.869063,-0.928058,0.0,0.0,-2.400600,1.380107,-1.236018,0.0,0.0,-2.956194,1.820944,-1.586485,0.0,0.0,-1.084712,0.881833,-1.556129,0.0,0.0,-1.184678,1.836890,-2.117862,0.0,0.0,-1.239801,2.545408,-2.436998,0.0,0.0,-1.287946,3.186147,-2.669633,0.0,0.0,-0.431226,0.843474,-1.555164,0.0,0.0,-0.287459,1.899365,-2.150891,0.0,0.0,-0.229450,2.740380,-2.511098,0.0,0.0,-0.151007,3.484075,-2.823893,0.0,0.0,0.116617,0.792591,-1.518052,0.0,0.0,0.413708,1.724422,-2.034950,0.0,0.0,0.555043,2.456080,-2.308375,0.0,0.0,0.691177,3.088653,-2.526087,0.0,0.0,0.557196,0.743999,-1.493449,0.0,0.0,0.894430,1.427852,-1.925013,0.0,0.0,1.107153,1.907389,-2.139067,0.0,0.0,1.315387,2.344204,-2.313635,0.0,0.0
v21.mp4,c414793092cbd3f6b2a0783f0a0eb93ea5fe3e9c0a97cfa5c0c72a011ea9d9d6,1920,1080,12.08,151,12.5,40,3333,Left,0.886038,0.000000,0.000000,0.000000,0.0,0.0,-0.892463,0.276839,-0.497713,0.0,0.0,-1.770301,0.842382,-0.901465,0.0,0.0,-2.396770,1.343504,-1.204297,0.0,0.0,-2.950364,1.781749,-1.552447,0.0,0.0,-1.093025,0.866043,-1.525450,0.0,0.0,-1.179967,1.813036,-2.079911,0.0,0.0,-1.240508,2.510995,-2.401594,0.0,0.0,-1.289871,3.140785,-2.637703,0.0,0.0,-0.435920,0.827813,-1.536407,0.0,0.0,-0.308772,1.867844,-2.125172,0.0,0.0,-0.236417,2.697130,-2.484568,0.0,0.0,-0.138683,3.430129,-2.795997,0.0,0.0,0.117405,0.776407,-1.511682,0.0,0.0,0.394211,1.708696,-2.024877,0.0,0.0,0.547095,2.432369,-2.296321,0.0,0.0,0.699324,3.055568,-2.512345,0.0,0.0,0.564589,0.731212,-1.498309,0.0,0.0,0.888294,1.405970,-1.925958,0.0,0.0,1.093545,1.881686,-2.134848,0.0,0.0,1.295417,2.311207,-2.305438,0.0,0.0
v21.mp4,c414793092cbd3f6b2a0783f0a0eb93ea5fe3e9c0a97cfa5c0c72a011ea9d9d6,1920,1080,12.08,151,12.5,41,3416,Left,0.918474,0.000000,0.000000,0.000000,0.0,0.0,-0.885707,0.238981,-0.508612,0.0,0.0,-1.768334,0.832875,-0.918829,0.0,0.0,-2.416920,1.336102,-1.220420,0.0,0.0,-2.967974,1.773369,-1.563216,0.0,0.0,-1.072293,0.803399,-1.575244,0.0,0.0,-1.207685,1.837612,-2.124454,0.0,0.0,-1.290627,2.544843,-2.431273,0.0,0.0,-1.370498,3.192770,-2.663480,0.0,0.0,-0.418979,0.792031,-1.573704,0.0,0.0,-0.390752,1.639916,-2.193445,0.0,0.0,-0.364165,2.291800,-2.520171,0.0,0.0,-0.315424,2.908712,-2.795821,0.0,0.0,0.145988,0.781976,-1.537197,0.0,0.0,0.382178,1.659154,-2.071896,0.0,0.0,0.553174,2.369917,-2.321439,0.0,0.0,0.712946,3.016790,-2.521937,0.0,0.0,0.605633,0.793168,-1.512071,0.0,0.0,0.893919,1.452916,-1.953566,0.0,0.0,1.113097,1.901303,-2.155231,0.0,0.0,1.321228,2.310277,-2.318731,0.0,0.0
v21.mp4,c414793092cbd3f6b2a0783f0a0eb93ea5fe3e9c0a97cfa5c0c72a011ea9d9d6,1920,1080,12.08,151,12.5,42,3500,Left,0.931855,0.000000,0.000000,0.000000,0.0,0.0,-0.876605,0.263660,-0.449662,0.0,0.0,-1.716407,0.845958,-0.845243,0.0,0.0,-2.343909,1.331868,-1.142633,0.0,0.0,-2.873565,1.760530,-1.473280,0.0,0.0,-1.016705,0.848658,-1.489497,0.0,0.0,-1.172036,1.853938,-2.025330,0.0,0.0,-1.263121,2.532603,-2.323562,0.0,0.0,-1.349264,3.148593,-2.551553,0.0,0.0,-0.379698,0.837584,-1.510246,0.0,0.0,-0.407007,1.561267,-2.165238,0.0,0.0,-0.392320,2.002121,-2.480145,0.0,0.0,-0.337961,2.402320,-2.723914,0.0,0.0,0.173938,0.832856,-1.495129,0.0,0.0,0.364409,1.652605,-2.058337,0.0,0.0,0.528183,2.302936,-2.299743,0.0,0.0,0.693478,2.883658,-2.478577,0.0,0.0,0.617892,0.844447,-1.484161,0.0,0.0,0.879168,1.504443,-1.934789,0.0,0.0,1.081840,1.925806,-2.132756,0.0,0.0,1.286060,2.304307,-2.285534,0.0,0.0
v21.mp4,c414793092cbd3f6b2a0783f0a0eb93ea5fe3e9c0a97cfa5c0c72a011ea9d9d6,1920,1080,12.08,151,12.5,43,3583,Left,0.91024,0.000000,0.000000,0.000000,0.0,0.0,-0.907236,0.284097,-0.422209,0.0,0.0,-1.761395,0.874296,-0.807482,0.0,0.0,-2.407269,1.393793,-1.099940,0.0,0.0,-2.952619,1.815604,-1.423378,0.0,0.0,-1.031244,0.853276,-1.443132,0.0,0.0,-1.208241,1.864637,-1.961047,0.0,0.0,-1.314826,2.557292,-2.242578,0.0,0.0,-1.406755,3.190627,-2.457271,0.0,0.0,-0.387682,0.844728,-1.465806,0.0,0.0,-0.418104,1.592140,-2.065176,0.0,0.0,-0.440190,2.077141,-2.343179,0.0,0.0,-0.389957,2.510758,-2.569147,0.0,0.0,0.160365,0.845774,-1.453713,0.0,0.0,0.330434,1.695441,-1.977236,0.0,0.0,0.461939,2.382188,-2.202241,0.0,0.0,0.623325,2.999560,-2.376318,0.0,0.0,0.588433,0.857862,-1.444134,0.0,0.0,0.830628,1.535584,-1.872491,0.0,0.0,1.021887,1.968913,-2.059635,0.0,0.0,1.228380,2.360918,-2.206076,0.0,0.0
v21.mp4,c414793092cbd3f6b2a0783f0a0eb93ea5fe3e9c0a97cfa5c0c72a011ea9d9d6,1920,1080,12.08,151,12.5,44,3666,Left,0.941991,0.000000,0.000000,0.000000,0.0,0.0,-0.904446,0.287125,-0.386487,0.0,0.0,-1.751336,0.870023,-0.768311,0.0,0.0,-2.399412,1.401675,-1.056423,0.0,0.0,-2.943807,1.814241,-1.374473,0.0,0.0,-1.019450,0.834426,-1.420293,0.0,0.0,-1.178490,1.889748,-1.924193,0.0,0.0,-1.276865,2.587495,-2.185648,0.0,0.0,-1.353507,3.200619,-2.381267,0.0,0.0,-0.364254,0.836854,-1.440425,0.0,0.0,-0.344410,1.602666,-2.025985,0.0,0.0,-0.339871,1.947561,-2.250458,0.0,0.0,-0.282709,2.217873,-2.423210,0.0,0.0,0.198680,0.847185,-1.425331,0.0,0.0,0.376047,1.779189,-1.946187,0.0,0.0,0.519139,2.461494,-2.151823,0.0,0.0,0.683609,3.043074,-2.305566,0.0,0.0,0.607630,0.862050,-1.402733,0.0,0.0,0.866139,1.568467,-1.816059,0.0,0.0,1.053544,1.994073,-1.981029,0.0,0.0,1.246332,2.364947,-2.109429,0.0,0.0
v21.mp4,c414793092cbd3f6b2a0783f0a0eb93ea5fe3e9c0a97cfa5c0c72a011ea9d9d6,1920,1080,12.08,151,12.5,45,3750,Left,0.921536,0.000000,0.000000,0.000000,0.0,0.0,-0.884769,0.264611,-0.458798,0.0,0.0,-1.738148,0.847322,-0.849702,0.0,0.0,-2.357872,1.383626,-1.138240,0.0,0.0,-2.886966,1.815100,-1.468689,0.0,0.0,-0.998030,0.833488,-1.496691,0.0,0.0,-1.129950,1.811568,-2.027461,0.0,0.0,-1.219402,2.503454,-2.318535,0.0,0.0,-1.295213,3.127462,-2.535465,0.0,0.0,-0.313505,0.843994,-1.496672,0.0,0.0,-0.227317,1.730379,-2.063734,0.0,0.0,-0.190986,2.345411,-2.345771,0.0,0.0,-0.119130,2.887088,-2.587237,0.0,0.0,0.236402,0.851522,-1.461758,0.0,0.0,0.420419,1.764196,-1.961281,0.0,0.0,0.543837,2.457428,-2.191317,0.0,0.0,0.679165,3.072939,-2.379910,0.0,0.0,0.634438,0.848744,-1.433010,0.0,0.0,0.905428,1.513554,-1.864735,0.0,0.0,1.109472,1.935115,-2.061580,0.0,0.0,1.306490,2.318012,-2.217078,0.0,0.0
v21.mp4,c414793092cbd3f6b2a0783f0a0eb93ea5fe3e9c0a97cfa5c0c72a011ea9d9d6,1920,1080,12.08,151,12.5,46,3833,Left,0.779681,0.000000,0.000000,0.000000,0.0,0.0,-0.898226,0.341910,-0.437671,0.0,0.0,-1.751288,0.924992,-0.789089,0.0,0.0,-2.384943,1.465099,-1.050229,0.0,0.0,-2.893594,1.943762,-1.345979,0.0,0.0,-1.061628,0.918639,-1.355533,0.0,0.0,-1.182711,1.864364,-1.850323,0.0,0.0,-1.239562,2.586320,-2.118537,0.0,0.0,-1.295923,3.234749,-2.311532,0.0,0.0,-0.437901,0.882790,-1.360530,0.0,0.0,-0.342990,1.916584,-1.885424,0.0,0.0,-0.329178,2.755599,-2.184461,0.0,0.0,-0.273730,3.501585,-2.443630,0.0,0.0,0.102015,0.835338,-1.331149,0.0,0.0,0.368575,1.800537,-1.790176,0.0,0.0,0.525230,2.533629,-1.999059,0.0,0.0,0.672562,3.175522,-2.163691,0.0,0.0,0.536360,0.784313,-1.312349,0.0,0.0,0.889845,1.479101,-1.708297,0.0,0.0,1.097651,1.958597,-1.882223,0.0,0.0,1.291290,2.399573,-2.015321,0.0,0.0
v21.mp4,c414793092cbd3f6b2a0783f0a0eb93ea5fe3e9c0a97cfa5c0c72a011ea9d9d6,1920,1080,12.08,151,12.5,47,3916,Left,0.903375,0.000000,0.000000,0.000000,0.0,0.0,-0.911641,0.298436,-0.472743,0.0,0.0,-1.784263,0.857914,-0.861395,0.0,0.0,-2.420306,1.374466,-1.152599,0.0,0.0,-2.975512,1.810774,-1.483276,0.0,0.0,-1.093054,0.856672,-1.461781,0.0,0.0,-1.202680,1.814147,-1.999125,0.0,0.0,-1.253303,2.532190,-2.303144,0.0,0.0,-1.302812,3.176037,-2.524777,0.0,0.0,-0.434945,0.824633,-1.473192,0.0,0.0,-0.345052,1.882992,-2.042667,0.0,0.0,-0.325979,2.725797,-2.386974,0.0,0.0,-0.278320,3.469466,-2.685190,0.0,0.0,0.121172,0.777397,-1.448975,0.0,0.0,0.393409,1.724683,-1.943300,0.0,0.0,0.529604,2.469916,-2.201704,0.0,0.0,0.659000,3.113458,-2.406938,0.0,0.0,0.567664,0.735943,-1.434978,0.0,0.0,0.893536,1.419092,-1.850821,0.0,0.0,1.093461,1.905491,-2.051705,0.0,0.0,1.285802,2.350909,-2.213803,0.0,0.0
v21.mp4,c414793092cbd3f6b2a0783f0a0eb93ea5fe3e9c0a97cfa5c0c72a011ea9d9d6,1920,1080,12.08,151,12.5,48,4000,Left,0.85261,0.000000,0.000000,0.000000,0.0,0.0,-0.900083,0.282303,-0.512450,0.0,0.0,-1.788369,0.845447,-0.918754,0.0,0.0,-2.421644,1.345586,-1.220370,0.0,0.0,-2.974618,1.781396,-1.564434,0.0,0.0,-1.110936,0.864183,-1.531482,0.0,0.0,-1.224992,1.815573,-2.089638,0.0,0.0,-1.276490,2.523167,-2.409161,0.0,0.0,-1.333266,3.159463,-2.641789,0.0,0.0,-0.457859,0.818851,-1.534412,0.0,0.0,-0.390340,1.857757,-2.137451,0.0,0.0,-0.342169,2.698260,-2.508501,0.0,0.0,-0.278072,3.443920,-2.822987,0.0,0.0,0.096014,0.768639,-1.502030,0.0,0.0,0.364988,1.698633,-2.030898,0.0,0.0,0.518290,2.441448,-2.317644,0.0,0.0,0.659285,3.082449,-2.537644,0.0,0.0,0.545693,0.733700,-1.480284,0.0,0.0,0.868117,1.408062,-1.913651,0.0,0.0,1.079463,1.887181,-2.126400,0.0,0.0,1.284670,2.323360,-2.297716,0.0,0.0
v21.mp4,c414793092cbd3f6b2a0783f0a0eb93ea5fe3e9c0a97cfa5c0c72a011ea9d9d6,1920,1080,12.08,151,12.5,49,4083,Left,0.867192,0.000000,0.000000,0.000000,0.0,0.0,-0.901892,0.294134,-0.480867,0.0,0.0,-1.782445,0.857062,-0.866189,0.0,0.0,-2.409930,1.362754,-1.149939,0.0,0.0,-2.941870,1.805776,-1.472458,0.0,0.0,-1.129011,0.874682,-1.472401,0.0,0.0,-1.230918,1.843889,-2.007944,0.0,0.0,-1.287626,2.544085,-2.308894,0.0,0.0,-1.352508,3.167652,-2.525693,0.0,0.0,-0.484585,0.821477,-1.480623,0.0,0.0,-0.418620,1.866737,-2.069769,0.0,0.0,-0.380847,2.700299,-2.431173,0.0,0.0,-0.319770,3.423489,-2.733427,0.0,0.0,0.065140,0.769108,-1.451933,0.0,0.0,0.334316,1.702897,-1.974991,0.0,0.0,0.484393,2.444025,-2.255559,0.0,0.0,0.631960,3.083066,-2.465296,0.0,0.0,0.513341,0.742999,-1.430095,0.0,0.0,0.823749,1.419015,-1.859476,0.0,0.0,1.035814,1.889047,-2.062965,0.0,0.0,1.250342,2.319154,-2.221571,0.0,0.0
v21.mp4,c414793092cbd3f6b2a0783f0a0eb93ea5fe3e9c0a97cfa5c0c72a011ea9d9d6,1920,1080,12.08,151,12.5,50,4166,Left,0.834654,0.000000,0.000000,0.000000,0.0,0.0,-0.889775,0.263972,-0.471091,0.0,0.0,-1.728961,0.757741,-0.878463,0.0,0.0,-2.421195,1.132953,-1.192958,0.0,0.0,-3.042830,1.385959,-1.551715,0.0,0.0,-1.064899,0.886715,-1.502645,0.0,0.0,-1.213499,1.842887,-2.052349,0.0,0.0,-1.291087,2.571566,-2.368769,0.0,0.0,-1.354282,3.199534,-2.596240,0.0,0.0,-0.424252,0.853522,-1.528034,0.0,0.0,-0.402753,1.907896,-2.130934,0.0,0.0,-0.382576,2.765133,-2.502721,0.0,0.0,-0.304100,3.489570,-2.809999,0.0,0.0,0.125758,0.799180,-1.511016,0.0,0.0,0.385873,1.733741,-2.041333,0.0,0.0,0.546082,2.480183,-2.326886,0.0,0.0,0.721314,3.106735,-2.539333,0.0,0.0,0.573425,0.752466,-1.500947,0.0,0.0,0.894395,1.408796,-1.926996,0.0,0.0,1.124116,1.864320,-2.118921,0.0,0.0,1.357401,2.270758,-2.269850,0.0,0.0
v21.mp4,c414793092cbd3f6b2a0783f0a0eb93ea5fe3e9c0a97cfa5c0c72a011ea9d9d6,1920,1080,12.08,151,12.5,51,4250,Left,0.915695,0.000000,0.000000,0.000000,0.0,0.0,-0.874313,0.263408,-0.433606,0.0,0.0,-1.705378,0.670110,-0.853223,0.0,0.0,-2.446403,0.797282,-1.200018,0.0,0.0,-3.105885,0.726120,-1.598555,0.0,0.0,-1.063346,0.867533,-1.469663,0.0,0.0,-1.269065,1.809355,-2.022538,0.0,0.0,-1.352070,2.536728,-2.345388,0.0,0.0,-1.419430,3.171762,-2.580672,0.0,0.0,-0.445946,0.863527,-1.519425,0.0,0.0,-0.430300,1.894824,-2.113332,0.0,0.0,-0.412349,2.741593,-2.458743,0.0,0.0,-0.359870,3.490728,-2.746123,0.0,0.0,0.104046,0.836198,-1.528223,0.0,0.0,0.341105,1.777176,-2.023274,0.0,0.0,0.499023,2.511253,-2.275429,0.0,0.0,0.651586,3.129723,-2.466257,0.0,0.0,0.557604,0.790964,-1.549637,0.0,0.0,0.863121,1.457190,-1.934461,0.0,0.0,1.073626,1.930976,-2.105985,0.0,0.0,1.262071,2.350291,-2.246266,0.0,0.0
v21.mp4,c414793092cbd3f6b2a0783f0a0eb93ea5fe3e9c0a97cfa5c0c72a011ea9d9d6,1920,1080,12.08,151,12.5,52,4333,Left,0.891657,0.000000,0.000000,0.000000,0.0,0.0,-0.856803,0.288217,-0.375982,0.0,0.0,-1.676726,0.686128,-0.752353,0.0,0.0,-2.429565,0.747843,-1.074974,0.0,0.0,-3.087877,0.599436,-1.450898,0.0,0.0,-1.045508,0.872702,-1.299218,0.0,0.0,-1.249063,1.840984,-1.794072,0.0,0.0,-1.326604,2.553717,-2.079977,0.0,0.0,-1.396370,3.180616,-2.289071,0.0,0.0,-0.432250,0.871160,-1.361773,0.0,0.0,-0.416157,1.913725,-1.884119,0.0,0.0,-0.381386,2.747665,-2.175418,0.0,0.0,-0.320142,3.490343,-2.421480,0.0,0.0,0.121136,0.844872,-1.389402,0.0,0.0,0.353057,1.784396,-1.819815,0.0,0.0,0.498381,2.508668,-2.024798,0.0,0.0,0.635863,3.137475,-2.183164,0.0,0.0,0.570441,0.801589,-1.431277,0.0,0.0,0.865540,1.470596,-1.765131,0.0,0.0,1.069716,1.943474,-1.898968,0.0,0.0,1.252076,2.375949,-2.010386,0.0,0.0
v21.mp4,c414793092cbd3f6b2a0783f0a0eb93ea5fe3e9c0a97cfa5c0c72a011ea9d9d6,1920,1080,12.08,151,12.5,53,4416,Left,0.858261,0.000000,0.000000,0.000000,0.0,0.0,-0.835650,0.319747,-0.400206,0.0,0.0,-1.602866,0.813006,-0.760225,0.0,0.0,-2.270544,1.165712,-1.047088,0.0,0.0,-2.848328,1.455221,-1.371841,0.0,0.0,-0.966293,0.952837,-1.316397,0.0,0.0,-1.168697,1.892358,-1.809843,0.0,0.0,-1.258179,2.576930,-2.090343,0.0,0.0,-1.333398,3.191891,-2.292324,0.0,0.0,-0.374414,0.938772,-1.350061,0.0,0.0,-0.364330,1.926840,-1.896720,0.0,0.0,-0.344378,2.735512,-2.201605,0.0,0.0,-0.293554,3.460271,-2.454654,0.0,0.0,0.145657,0.909077,-1.348664,0.0,0.0,0.375708,1.802334,-1.807050,0.0,0.0,0.515892,2.503338,-2.005649,0.0,0.0,0.635833,3.128420,-2.160172,0.0,0.0,0.575206,0.876925,-1.358861,0.0,0.0,0.878826,1.506920,-1.730604,0.0,0.0,1.067547,1.956166,-1.881810,0.0,0.0,1.235462,2.380271,-2.000167,0.0,0.0
v21.mp4,c414793092cbd3f6b2a0783f0a0eb93ea5fe3e9c0a97cfa5c0c72a011ea9d9d6,1920,1080,12.08,151,12.5,54,4500,Left,0.79435,0.000000,0.000000,0.000000,0.0,0.0,-0.875969,0.316288,-0.454346,0.0,0.0,-1.704872,0.902455,-0.801830,0.0,0.0,-2.352049,1.421351,-1.060004,0.0,0.0,-2.894625,1.863462,-1.354478,0.0,0.0,-1.033101,0.912767,-1.326702,0.0,0.0,-1.167111,1.817798,-1.818005,0.0,0.0,-1.235177,2.518431,-2.102135,0.0,0.0,-1.300024,3.157384,-2.310032,0.0,0.0,-0.411626,0.890183,-1.325425,0.0,0.0,-0.344799,1.845271,-1.843660,0.0,0.0,-0.329347,2.664773,-2.152319,0.0,0.0,-0.278197,3.407616,-2.421926,0.0,0.0,0.127524,0.852139,-1.295095,0.0,0.0,0.365770,1.764124,-1.745537,0.0,0.0,0.519812,2.465058,-1.953142,0.0,0.0,0.657108,3.083271,-2.121482,0.0,0.0,0.564561,0.799004,-1.279804,0.0,0.0,0.899700,1.457943,-1.666610,0.0,0.0,1.098510,1.920784,-1.835991,0.0,0.0,1.274594,2.346194,-1.969420,0.0,0.0
v21.mp4,c414793092cbd3f6b2a0783f0a0eb93ea5fe3e9c0a97cfa5c0c72a011ea9d9d6,1920,1080,12.08,151,12.5,55,4583,Left,0.853604,0.000000,0.000000,0.000000,0.0,0.0,-0.907368,0.296903,-0.452366,0.0,0.0,-1.764801,0.857775,-0.811012,0.0,0.0,-2.398954,1.375201,-1.080264,0.0,0.0,-2.957121,1.792483,-1.385528,0.0,0.0,-1.051539,0.869244,-1.353031,0.0,0.0,-1.170747,1.787783,-1.858302,0.0,0.0,-1.233641,2.490988,-2.145860,0.0,0.0,-1.293861,3.129986,-2.357633,0.0,0.0,-0.396339,0.850658,-1.364681,0.0,0.0,-0.311289,1.876545,-1.899738,0.0,0.0,-0.300422,2.703889,-2.228436,0.0,0.0,-0.257048,3.447871,-2.513770,0.0,0.0,0.155191,0.812277,-1.344531,0.0,0.0,0.418436,1.744718,-1.818222,0.0,0.0,0.561891,2.462293,-2.058729,0.0,0.0,0.696159,3.097745,-2.248213,0.0,0.0,0.590234,0.770964,-1.335650,0.0,0.0,0.900464,1.426517,-1.735073,0.0,0.0,1.093662,1.892257,-1.921234,0.0,0.0,1.277808,2.327426,-2.069950,0.0,0.0
v21.mp4,c414793092cbd3f6b2a0783f0a0eb93ea5fe3e9c0a97cfa5c0c72a011ea9d9d6,1920,1080,12.08,151,12.5,56,4666,Left,0.920219,0.000000,0.000000,0.000000,0.0,0.0,-0.889013,0.304762,-0.453148,0.0,0.0,-1.738301,0.867579,-0.830156,0.0,0.0,-2.440159,1.304546,-1.121619,0.0,0.0,-3.087979,1.568133,-1.455971,0.0,0.0,-1.039150,0.887559,-1.400317,0.0,0.0,-1.203717,1.833418,-1.917921,0.0,0.0,-1.275845,2.556821,-2.211662,0.0,0.0,-1.325385,3.204019,-2.427268,0.0,0.0,-0.407425,0.862366,-1.421368,0.0,0.0,-0.340642,1.888958,-1.974675,0.0,0.0,-0.310790,2.731903,-2.297392,0.0,0.0,-0.236578,3.481907,-2.573666,0.0,0.0,0.143322,0.819822,-1.409158,0.0,0.0,0.421855,1.745335,-1.890814,0.0,0.0,0.578116,2.484023,-2.128220,0.0,0.0,0.733482,3.132312,-2.314090,0.0,0.0,0.589800,0.782360,-1.409781,0.0,0.0,0.925243,1.450338,-1.806934,0.0,0.0,1.140771,1.924820,-1.984353,0.0,0.0,1.345462,2.356660,-2.127110,0.0,0.0
v21.mp4,c414793092cbd3f6b2a0783f0a0eb93ea5fe3e9c0a97cfa5c0c72a011ea9d9d6,1920,1080,12.08,151,12.5,57,4750,Left,0.895903,0.000000,0.000000,0.000000,0.0,0.0,-0.866050,0.296764,-0.435107,0.0,0.0,-1.697852,0.793211,-0.826878,0.0,0.0,-2.444509,1.110856,-1.141275,0.0,0.0,-3.117660,1.257193,-1.498451,0.0,0.0,-1.005235,0.898173,-1.403613,0.0,0.0,-1.198845,1.811429,-1.933327,0.0,0.0,-1.273776,2.532607,-2.237646,0.0,0.0,-1.329740,3.174466,-2.460118,0.0,0.0,-0.380306,0.885054,-1.438014,0.0,0.0,-0.341048,1.899090,-2.007334,0.0,0.0,-0.323871,2.736775,-2.335485,0.0,0.0,-0.264338,3.478225,-2.612316,0.0,0.0,0.163325,0.854104,-1.436235,0.0,0.0,0.404850,1.778131,-1.919113,0.0,0.0,0.554403,2.503648,-2.149280,0.0,0.0,0.700426,3.129369,-2.327166,0.0,0.0,0.602606,0.813216,-1.447449,0.0,0.0,0.897893,1.465803,-1.833632,0.0,0.0,1.089071,1.931219,-2.000948,0.0,0.0,1.266822,2.354163,-2.136238,0.0,0.0
v21.mp4,c414793092cbd3f6b2a0783f0a0eb93ea5fe3e9c0a97cfa5c0c72a011ea9d9d6,1920,1080,12.08,151,12.5,58,4833,Left,0.861655,0.000000,0.000000,0.000000,0.0,0.0,-0.832742,0.294558,-0.397022,0.0,0.0,-1.643216,0.766847,-0.761965,0.0,0.0,-2.366693,0.986097,-1.064231,0.0,0.0,-3.026628,0.968255,-1.415216,0.0,0.0,-0.991885,0.908746,-1.292526,0.0,0.0,-1.172450,1.809972,-1.781281,0.0,0.0,-1.238312,2.510849,-2.066880,0.0,0.0,-1.297774,3.131712,-2.276748,0.0,0.0,-0.379214,0.895210,-1.335435,0.0,0.0,-0.348855,1.879515,-1.841247,0.0,0.0,-0.313495,2.701769,-2.122786,0.0,0.0,-0.249336,3.433383,-2.364810,0.0,0.0,0.169840,0.853723,-1.346521,0.0,0.0,0.376038,1.775722,-1.774739,0.0,0.0,0.525389,2.472620,-1.971991,0.0,0.0,0.661571,3.076994,-2.128016,0.0,0.0,0.618148,0.782592,-1.372345,0.0,0.0,0.924199,1.431710,-1.727295,0.0,0.0,1.131871,1.887569,-1.872804,0.0,0.0,1.313928,2.303740,-1.989685,0.0,0.0
v21.mp4,c414793092cbd3f6b2a0783f0a0eb93ea5fe3e9c0a97cfa5c0c72a011ea9d9d6,1920,1080,12.08,151,12.5,59,4916,Left,0.834985,0.000000,0.000000,0.000000,0.0,0.0,-0.859790,0.305887,-0.447415,0.0,0.0,-1.644546,0.870684,-0.815097,0.0,0.0,-2.277908,1.322131,-1.100337,0.0,0.0,-2.854910,1.669753,-1.425908,0.0,0.0,-0.999321,0.940840,-1.371216,0.0,0.0,-1.167367,1.839410,-1.884300,0.0,0.0,-1.229113,2.525309,-2.176724,0.0,0.0,-1.276872,3.149186,-2.386901,0.0,0.0,-0.395024,0.919160,-1.385213,0.0,0.0,-0.353919,1.874095,-1.932348,0.0,0.0,-0.324099,2.693005,-2.238704,0.0,0.0,-0.268736,3.429577,-2.500255,0.0,0.0,0.137639,0.875548,-1.369119,0.0,0.0,0.358560,1.761281,-1.838675,0.0,0.0,0.515498,2.451755,-2.045413,0.0,0.0,0.646567,3.059703,-2.209098,0.0,0.0,0.574150,0.813998,-1.367721,0.0,0.0,0.904726,1.447856,-1.764507,0.0,0.0,1.110578,1.902312,-1.936448,0.0,0.0,1.289154,2.321271,-2.070732,0.0,0.0
v21.mp4,c414793092cbd3f6b2a0783f0a0eb93ea5fe3e9c0a97cfa5c0c72a011ea9d9d6,1920,1080,12.08,151,12.5,60,5000,Left,0.876667,0.000000,0.000000,0.000000,0.0,0.0,-0.877856,0.346024,-0.436591,0.0,0.0,-1.712578,0.937524,-0.800652,0.0,0.0,-2.372044,1.454368,-1.074862,0.0,0.0,-2.956898,1.853149,-1.384517,0.0,0.0,-1.066314,0.911967,-1.360249,0.0,0.0,-1.178888,1.823309,-1.861501,0.0,0.0,-1.235264,2.524888,-2.144692,0.0,0.0,-1.292281,3.160955,-2.350830,0.0,0.0,-0.434904,0.861924,-1.371248,0.0,0.0,-0.338908,1.858360,-1.901111,0.0,0.0,-0.319004,2.696270,-2.211058,0.0,0.0,-0.270591,3.438991,-2.481121,0.0,0.0,0.111499,0.816323,-1.349016,0.0,0.0,0.370479,1.759891,-1.809450,0.0,0.0,0.523568,2.476143,-2.028735,0.0,0.0,0.659825,3.100749,-2.203302,0.0,0.0,0.548401,0.773802,-1.336783,0.0,0.0,0.885094,1.448393,-1.726799,0.0,0.0,1.090478,1.916461,-1.902930,0.0,0.0,1.273112,2.348295,-2.041128,0.0,0.0
v21.mp4,c414793092cbd3f6b2a0783f0a0eb93ea5fe3e9c0a97cfa5c0c72a011ea9d9d6,1920,1080,12.08,151,12.5,61,5083,Left,0.885984,0.000000,0.000000,0.000000,0.0,0.0,-0.881723,0.290554,-0.474547,0.0,0.0,-1.738947,0.871124,-0.853705,0.0,0.0,-2.398601,1.378845,-1.138343,0.0,0.0,-2.981825,1.787797,-1.465042,0.0,0.0,-1.062907,0.878055,-1.427764,0.0,0.0,-1.186554,1.808222,-1.943740,0.0,0.0,-1.234546,2.514142,-2.231622,0.0,0.0,-1.274894,3.149590,-2.442824,0.0,0.0,-0.422031,0.841891,-1.437435,0.0,0.0,-0.330037,1.855642,-1.985887,0.0,0.0,-0.281080,2.687154,-2.307287,0.0,0.0,-0.200441,3.421828,-2.587018,0.0,0.0,0.134427,0.785415,-1.415243,0.0,0.0,0.412896,1.695286,-1.898227,0.0,0.0,0.575160,2.420081,-2.137542,0.0,0.0,0.726958,3.057929,-2.327384,0.0,0.0,0.590474,0.734077,-1.405084,0.0,0.0,0.925457,1.394610,-1.812192,0.0,0.0,1.138525,1.867313,-1.999050,0.0,0.0,1.342132,2.301861,-2.148878,0.0,0.0
v21.mp4,c414793092cbd3f6b2a0783f0a0eb93ea5fe3e9c0a97cfa5c0c72a011ea9d9d6,1920,1080,12.08,151,12.5,62,5166,Left,0.872624,0.000000,0.000000,0.000000,0.0,0.0,-0.866430,0.297059,-0.482942,0.0,0.0,-1.713073,0.880186,-0.866117,0.0,0.0,-2.357498,1.382334,-1.155930,0.0,0.0,-2.925000,1.794213,-1.488848,0.0,0.0,-1.028540,0.906060,-1.439700,0.0,0.0,-1.150902,1.825145,-1.967597,0.0,0.0,-1.195705,2.521902,-2.267180,0.0,0.0,-1.231516,3.153565,-2.487051,0.0,0.0,-0.394056,0.862876,-1.451852,0.0,0.0,-0.308434,1.853341,-2.022446,0.0,0.0,-0.252968,2.681538,-2.363920,0.0,0.0,-0.164566,3.421335,-2.656910,0.0,0.0,0.156551,0.797724,-1.432813,0.0,0.0,0.433566,1.681672,-1.939233,0.0,0.0,0.603246,2.408768,-2.199230,0.0,0.0,0.766067,3.054699,-2.401267,0.0,0.0,0.611783,0.737977,-1.425689,0.0,0.0,0.943307,1.383508,-1.852652,0.0,0.0,1.160028,1.859579,-2.055249,0.0,0.0,1.373960,2.301387,-2.216220,0.0,0.0
v21.mp4,c414793092cbd3f6b2a0783f0a0eb93ea5fe3e9c0a97cfa5c0c72a011ea9d9d6,1920,1080,12.08,151,12.5,63,5250,Left,0.858536,0.000000,0.000000,0.000000,0.0,0.0,-0.897277,0.299771,-0.497977,0.0,0.0,-1.749473,0.899221,-0.896205,0.0,0.0,-2.393417,1.425175,-1.195116,0.0,0.0,-2.971836,1.854363,-1.537002,0.0,0.0,-1.054496,0.892371,-1.505641,0.0,0.0,-1.179808,1.836092,-2.051856,0.0,0.0,-1.223416,2.554056,-2.363481,0.0,0.0,-1.258556,3.205708,-2.594158,0.0,0.0,-0.415124,0.858806,-1.511018,0.0,0.0,-0.313348,1.884166,-2.100065,0.0,0.0,-0.274504,2.725029,-2.466751,0.0,0.0,-0.202080,3.481558,-2.785044,0.0,0.0,0.134076,0.807115,-1.479178,0.0,0.0,0.431149,1.734499,-1.990444,0.0,0.0,0.595027,2.479171,-2.268249,0.0,0.0,0.759556,3.128428,-2.491004,0.0,0.0,0.579385,0.757675,-1.459058,0.0,0.0,0.920363,1.423792,-1.886313,0.0,0.0,1.137836,1.900591,-2.100027,0.0,0.0,1.356889,2.338593,-2.276295,0.0,0.0
v21.mp4,c414793092cbd3f6b2a0783f0a0eb93ea5fe3e9c0a97cfa5c0c72a011ea9d9d6,1920,1080,12.08,151,12.5,64,5333,Left,0.923653,0.000000,0.000000,0.000000,0.0,0.0,-0.856507,0.312436,-0.444030,0.0,0.0,-1.676322,0.906535,-0.817218,0.0,0.0,-2.323572,1.421784,-1.100101,0.0,0.0,-2.889394,1.836380,-1.425085,0.0,0.0,-1.023662,0.901621,-1.414406,0.0,0.0,-1.146426,1.838466,-1.918159,0.0,0.0,-1.184631,2.538489,-2.193483,0.0,0.0,-1.212119,3.166709,-2.396975,0.0,0.0,-0.392332,0.865220,-1.435475,0.0,0.0,-0.311951,1.868697,-1.981648,0.0,0.0,-0.268148,2.693517,-2.304811,0.0,0.0,-0.189364,3.418898,-2.587189,0.0,0.0,0.161679,0.804170,-1.419507,0.0,0.0,0.428903,1.704509,-1.897267,0.0,0.0,0.584061,2.426674,-2.145607,0.0,0.0,0.735434,3.054536,-2.344483,0.0,0.0,0.615174,0.745322,-1.411350,0.0,0.0,0.934787,1.399620,-1.818408,0.0,0.0,1.146762,1.864755,-2.013715,0.0,0.0,1.358962,2.292317,-2.171087,0.0,0.0
v21.mp4,c414793092cbd3f6b2a0783f0a0eb93ea5fe3e9c0a97cfa5c0c72a011ea9d9d6,1920,1080,12.08,151,12.5,65,5416,Left,0.877705,0.000000,0.000000,0.000000,0.0,0.0,-0.888579,0.314525,-0.441137,0.0,0.0,-1.662318,0.901689,-0.811821,0.0,0.0,-2.274540,1.426226,-1.089531,0.0,0.0,-2.833354,1.846960,-1.407956,0.0,0.0,-0.997743,0.905663,-1.418184,0.0,0.0,-1.104525,1.830984,-1.928075,0.0,0.0,-1.140965,2.536456,-2.217255,0.0,0.0,-1.173892,3.159739,-2.436113,0.0,0.0,-0.365381,0.874801,-1.449117,0.0,0.0,-0.267130,1.867213,-1.996376,0.0,0.0,-0.231737,2.696434,-2.350537,0.0,0.0,-0.158002,3.412113,-2.663501,0.0,0.0,0.192023,0.811383,-1.440048,0.0,0.0,0.447368,1.697633,-1.945526,0.0,0.0,0.600335,2.420562,-2.249514,0.0,0.0,0.762881,3.046619,-2.494724,0.0,0.0,0.641616,0.733189,-1.432973,0.0,0.0,1.068566,1.302410,-1.888399,0.0,0.0,1.386667,1.689371,-2.117039,0.0,0.0,1.700112,2.048632,-2.298454,0.0,0.0
v21.mp4,c414793092cbd3f6b2a0783f0a0eb93ea5fe3e9c0a97cfa5c0c72a011ea9d9d6,1920,1080,12.08,151,12.5,66,5500,Left,0.881879,0.000000,0.000000,0.000000,0.0,0.0,-0.858693,0.358196,-0.379291,0.0,0.0,-1.610668,0.972823,-0.707197,0.0,0.0,-2.208487,1.513717,-0.957488,0.0,0.0,-2.725890,1.947984,-1.249611,0.0,0.0,-1.004069,0.957938,-1.290694,0.0,0.0,-1.081855,1.849504,-1.757423,0.0,0.0,-1.107218,2.535329,-2.013195,0.0,0.0,-1.127588,3.151604,-2.205928,0.0,0.0,-0.415642,0.916105,-1.334192,0.0,0.0,-0.300721,1.879290,-1.821634,0.0,0.0,-0.253104,2.692809,-2.121680,0.0,0.0,-0.158094,3.394296,-2.394271,0.0,0.0,0.128332,0.843325,-1.340781,0.0,0.0,0.402753,1.742628,-1.792269,0.0,0.0,0.571230,2.451578,-2.053142,0.0,0.0,0.746333,3.059503,-2.269913,0.0,0.0,0.583993,0.750290,-1.348758,0.0,0.0,1.016517,1.320408,-1.765184,0.0,0.0,1.311605,1.708649,-1.972996,0.0,0.0,1.603385,2.050571,-2.138075,0.0,0.0
v21.mp4,c414793092cbd3f6b2a0783f0a0eb93ea5fe3e9c0a97cfa5c0c72a011ea9d9d6,1920,1080,12.08,151,12.5,67,5583,Left,0.947815,0.000000,0.000000,0.000000,0.0,0.0,-0.850713,0.368869,-0.330698,0.0,0.0,-1.563412,0.973788,-0.641717,0.0,0.0,-2.140165,1.506933,-0.880217,0.0,0.0,-2.656478,1.898244,-1.158834,0.0,0.0,-0.982117,0.967082,-1.214034,0.0,0.0,-1.065505,1.853848,-1.647304,0.0,0.0,-1.078848,2.529063,-1.883842,0.0,0.0,-1.086112,3.120994,-2.063988,0.0,0.0,-0.382240,0.909625,-1.269624,0.0,0.0,-0.265787,1.885321,-1.722236,0.0,0.0,-0.208262,2.684781,-2.012189,0.0,0.0,-0.112981,3.366274,-2.276527,0.0,0.0,0.165097,0.831455,-1.283982,0.0,0.0,0.414996,1.725915,-1.706701,0.0,0.0,0.573934,2.416747,-1.967937,0.0,0.0,0.742557,3.011382,-2.185760,0.0,0.0,0.614952,0.740660,-1.293013,0.0,0.0,1.053506,1.286749,-1.683329,0.0,0.0,1.367556,1.650916,-1.878328,0.0,0.0,1.672832,1.980410,-2.033317,0.0,0.0
v21.mp4,c414793092cbd3f6b2a0783f0a0eb93ea5fe3e9c0a97cfa5c0c72a011ea9d9d6,1920,1080,12.08,151,12.5,68,5666,Left,0.943367,0.000000,0.000000,0.000000,0.0,0.0,-0.859525,0.367720,-0.311860,0.0,0.0,-1.560685,0.969821,-0.616572,0.0,0.0,-2.115810,1.509619,-0.850020,0.0,0.0,-2.631054,1.910718,-1.128462,0.0,0.0,-1.018738,0.977595,-1.205816,0.0,0.0,-1.065811,1.845411,-1.639096,0.0,0.0,-1.083746,2.507288,-1.877683,0.0,0.0,-1.096985,3.098634,-2.063296,0.0,0.0,-0.429918,0.915105,-1.277877,0.0,0.0,-0.301991,1.878874,-1.727307,0.0,0.0,-0.241342,2.652878,-2.020062,0.0,0.0,-0.140880,3.323483,-2.288289,0.0,0.0,0.119887,0.822004,-1.308435,0.0,0.0,0.367380,1.695050,-1.753819,0.0,0.0,0.524766,2.377372,-2.048099,0.0,0.0,0.693718,2.977125,-2.290498,0.0,0.0,0.568736,0.709005,-1.328415,0.0,0.0,1.034325,1.188866,-1.758628,0.0,0.0,1.372455,1.496826,-1.982719,0.0,0.0,1.696973,1.783433,-2.157615,0.0,0.0
v21.mp4,c414793092cbd3f6b2a0783f0a0eb93ea5fe3e9c0a97cfa5c0c72a011ea9d9d6,1920,1080,12.08,151,12.5,69,5750,Left,0.935737,0.000000,0.000000,0.000000,0.0,0.0,-0.835294,0.383172,-0.355451,0.0,0.0,-1.530117,1.019209,-0.704933,0.0,0.0,-2.071446,1.557566,-0.976459,0.0,0.0,-2.580329,1.971610,-1.285404,0.0,0.0,-1.004642,1.000851,-1.319573,0.0,0.0,-1.061441,1.860996,-1.808141,0.0,0.0,-1.059500,2.527189,-2.073256,0.0,0.0,-1.050377,3.126238,-2.268456,0.0,0.0,-0.421269,0.927888,-1.372681,0.0,0.0,-0.288663,1.892244,-1.896215,0.0,0.0,-0.206393,2.681409,-2.211519,0.0,0.0,-0.096946,3.353114,-2.489075,0.0,0.0,0.112948,0.853118,-1.383649,0.0,0.0,0.374242,1.766464,-1.846642,0.0,0.0,0.550495,2.456517,-2.110796,0.0,0.0,0.737395,3.030346,-2.324077,0.0,0.0,0.550019,0.780320,-1.391187,0.0,0.0,0.911725,1.399047,-1.792347,0.0,0.0,1.171270,1.807843,-1.999364,0.0,0.0,1.440985,2.173232,-2.164311,0.0,0.0
v21.mp4,c414793092cbd3f6b2a0783f0a0eb93ea5fe3e9c0a97cfa5c0c72a011ea9d9d6,1920,1080,12.08,151,12.5,70,5833,Left,0.972959,0.000000,0.000000,0.000000,0.0,0.0,-0.784102,0.403770,-0.302164,0.0,0.0,-1.474454,1.041530,-0.599465,0.0,0.0,-2.004579,1.589681,-0.829349,0.0,0.0,-2.496517,1.976268,-1.094095,0.0,0.0,-0.945210,1.030189,-1.150778,0.0,0.0,-1.026182,1.901491,-1.583144,0.0,0.0,-1.032353,2.559813,-1.815447,0.0,0.0,-1.022858,3.135690,-1.984981,0.0,0.0,-0.369693,0.968873,-1.205896,0.0,0.0,-0.285652,1.947399,-1.660168,0.0,0.0,-0.209465,2.719430,-1.926102,0.0,0.0,-0.098126,3.358853,-2.155918,0.0,0.0,0.149783,0.898201,-1.223417,0.0,0.0,0.380239,1.824632,-1.622724,0.0,0.0,0.554825,2.489872,-1.835822,0.0,0.0,0.737154,3.036519,-2.005032,0.0,0.0,0.571645,0.822414,-1.237682,0.0,0.0,0.895348,1.450165,-1.586178,0.0,0.0,1.132274,1.872112,-1.750123,0.0,0.0,1.367619,2.247556,-1.873770,0.0,0.0
v21.mp4,c414793092cbd3f6b2a0783f0a0eb93ea5fe3e9c0a97cfa5c0c72a011ea9d9d6,1920,1080,12.08,151,12.5,71,5916,Left,0.978876,0.000000,0.000000,0.000000,0.0,0.0,-0.746760,0.423770,-0.309837,0.0,0.0,-1.367194,1.033150,-0.641817,0.0,0.0,-1.858771,1.564499,-0.901504,0.0,0.0,-2.355138,1.932272,-1.198222,0.0,0.0,-0.909295,1.056605,-1.252925,0.0,0.0,-1.053473,1.867500,-1.739273,0.0,0.0,-1.138077,2.471410,-2.006580,0.0,0.0,-1.193148,3.012433,-2.193525,0.0,0.0,-0.361310,0.991764,-1.305507,0.0,0.0,-0.272047,1.922185,-1.829196,0.0,0.0,-0.210279,2.644670,-2.126535,0.0,0.0,-0.118625,3.249823,-2.372360,0.0,0.0,0.150215,0.919866,-1.314327,0.0,0.0,0.421952,1.794087,-1.763977,0.0,0.0,0.614111,2.435210,-1.993893,0.0,0.0,0.806587,2.959001,-2.167385,0.0,0.0,0.580293,0.842841,-1.316709,0.0,0.0,0.910258,1.473152,-1.689661,0.0,0.0,1.137669,1.881002,-1.862777,0.0,0.0,1.355201,2.245195,-1.991209,0.0,0.0
v21.mp4,c414793092cbd3f6b2a0783f0a0eb93ea5fe3e9c0a97cfa5c0c72a011ea9d9d6,1920,1080,12.08,151,12.5,72,6000,Left,0.989517,0.000000,0.000000,0.000000,0.0,0.0,-0.748717,0.441462,-0.230735,0.0,0.0,-1.368119,1.050095,-0.494575,0.0,0.0,-1.857828,1.596386,-0.697415,0.0,0.0,-2.351047,1.957273,-0.935358,0.0,0.0,-0.925955,1.001197,-1.092320,0.0,0.0,-1.152301,1.664955,-1.519961,0.0,0.0,-1.288248,2.195634,-1.752373,0.0,0.0,-1.394633,2.685643,-1.915557,0.0,0.0,-0.394478,0.976431,-1.158539,0.0,0.0,-0.297093,1.910002,-1.614272,0.0,0.0,-0.221061,2.653776,-1.870263,0.0,0.0,-0.113822,3.271683,-2.089138,0.0,0.0,0.124564,0.930385,-1.180623,0.0,0.0,0.419808,1.820675,-1.580032,0.0,0.0,0.617241,2.470069,-1.775237,0.0,0.0,0.794832,3.000082,-1.927170,0.0,0.0,0.579787,0.875130,-1.191595,0.0,0.0,0.948689,1.505639,-1.520085,0.0,0.0,1.166405,1.919946,-1.666281,0.0,0.0,1.354319,2.297295,-1.778886,0.0,0.0
v21.mp4,c414793092cbd3f6b2a0783f0a0eb93ea5fe3e9c0a97cfa5c0c72a011ea9d9d6,1920,1080,12.08,151,12.5,73,6083,Left,0.988225,0.000000,0.000000,0.000000,0.0,0.0,-0.764198,0.465862,-0.311156,0.0,0.0,-1.409945,1.123804,-0.636939,0.0,0.0,-1.922036,1.677446,-0.883475,0.0,0.0,-2.453592,2.010195,-1.164194,0.0,0.0,-0.975741,0.958828,-1.315467,0.0,0.0,-1.255148,1.554934,-1.880736,0.0,0.0,-1.437855,2.050500,-2.215674,0.0,0.0,-1.581913,2.516826,-2.437825,0.0,0.0,-0.414038,0.938141,-1.372245,0.0,0.0,-0.287323,1.951242,-1.930266,0.0,0.0,-0.208563,2.732718,-2.250238,0.0,0.0,-0.090739,3.366538,-2.514753,0.0,0.0,0.110592,0.909366,-1.385444,0.0,0.0,0.414244,1.846992,-1.862955,0.0,0.0,0.610763,2.537336,-2.092460,0.0,0.0,0.799315,3.085665,-2.264759,0.0,0.0,0.560911,0.870551,-1.392115,0.0,0.0,0.895403,1.553722,-1.763466,0.0,0.0,1.107226,1.991105,-1.922250,0.0,0.0,1.294086,2.377792,-2.046884,0.0,0.0
v21.mp4,c414793092cbd3f6b2a0783f0a0eb93ea5fe3e9c0a97cfa5c0c72a011ea9d9d6,1920,1080,12.08,151,12.5,74,6166,Left,0.988915,0.000000,0.000000,0.000000,0.0,0.0,-0.761415,0.448599,-0.261533,0.0,0.0,-1.400414,1.086891,-0.547415,0.0,0.0,-1.884994,1.645848,-0.766874,0.0,0.0,-2.344029,2.028147,-1.021801,0.0,0.0,-0.939955,1.037910,-1.152442,0.0,0.0,-1.130949,1.843914,-1.575130,0.0,0.0,-1.197469,2.451995,-1.784046,0.0,0.0,-1.218319,2.985222,-1.930289,0.0,0.0,-0.387407,0.969645,-1.210347,0.0,0.0,-0.314679,1.939543,-1.680942,0.0,0.0,-0.238983,2.704569,-1.932771,0.0,0.0,-0.111539,3.316938,-2.140369,0.0,0.0,0.136473,0.896512,-1.223396,0.0,0.0,0.422363,1.803147,-1.634369,0.0,0.0,0.607468,2.480004,-1.841894,0.0,0.0,0.808167,3.020498,-1.995736,0.0,0.0,0.572666,0.824542,-1.225275,0.0,0.0,0.904461,1.483548,-1.575813,0.0,0.0,1.129639,1.922227,-1.737082,0.0,0.0,1.356851,2.312209,-1.852502,0.0,0.0
v21.mp4,c414793092cbd3f6b2a0783f0a0eb93ea5fe3e9c0a97cfa5c0c72a011ea9d9d6,1920,1080,12.08,151,12.5,75,6250,Left,0.987017,0.000000,0.000000,0.000000,0.0,0.0,-0.769054,0.459061,-0.317177,0.0,0.0,-1.405703,1.078681,-0.678073,0.0,0.0,-1.891272,1.623257,-0.957426,0.0,0.0,-2.369457,2.011540,-1.276092,0.0,0.0,-0.933970,1.073630,-1.362774,0.0,0.0,-1.033374,1.969516,-1.868315,0.0,0.0,-1.106594,2.605904,-2.130731,0.0,0.0,-1.160715,3.161223,-2.311112,0.0,0.0,-0.380594,0.972020,-1.424121,0.0,0.0,-0.267030,1.990296,-1.973447,0.0,0.0,-0.190775,2.749659,-2.266395,0.0,0.0,-0.086216,3.351978,-2.505854,0.0,0.0,0.137486,0.876229,-1.435936,0.0,0.0,0.443687,1.800276,-1.916932,0.0,0.0,0.647591,2.479903,-2.164048,0.0,0.0,0.857915,3.018839,-2.346991,0.0,0.0,0.573373,0.792022,-1.437341,0.0,0.0,0.961517,1.438419,-1.849715,0.0,0.0,1.236597,1.831509,-2.041197,0.0,0.0,1.508001,2.172717,-2.178383,0.0,0.0
v21.mp4,c414793092cbd3f6b2a0783f0a0eb93ea5fe3e9c0a97cfa5c0c72a011ea9d9d6,1920,1080,12.08,151,12.5,76,6333,Left,0.983314,0.000000,0.000000,0.000000,0.0,0.0,-0.808630,0.456586,-0.269243,0.0,0.0,-1.417887,1.038018,-0.621175,0.0,0.0,-1.899507,1.580338,-0.887197,0.0,0.0,-2.391835,1.994907,-1.194643,0.0,0.0,-0.938698,1.061163,-1.356605,0.0,0.0,-1.025255,1.973153,-1.849815,0.0,0.0,-1.093468,2.626295,-2.119614,0.0,0.0,-1.157223,3.187204,-2.316961,0.0,0.0,-0.348660,0.937912,-1.449470,0.0,0.0,-0.219863,1.970749,-1.972733,0.0,0.0,-0.141674,2.748066,-2.291955,0.0,0.0,-0.042013,3.363293,-2.564672,0.0,0.0,0.189432,0.811523,-1.483871,0.0,0.0,0.491604,1.694080,-2.002399,0.0,0.0,0.646871,2.386047,-2.340091,0.0,0.0,0.814905,2.957014,-2.599737,0.0,0.0,0.619804,0.693206,-1.491744,0.0,0.0,1.121989,1.121703,-1.977444,0.0,0.0,1.518365,1.354065,-2.219175,0.0,0.0,1.887337,1.578403,-2.396108,0.0,0.0
v21.mp4,c414793092cbd3f6b2a0783f0a0eb93ea5fe3e9c0a97cfa5c0c72a011ea9d9d6,1920,1080,12.08,151,12.5,77,6416,Left,0.981417,0.000000,0.000000,0.000000,0.0,0.0,-0.821120,0.452383,-0.214369,0.0,0.0,-1.445691,1.034914,-0.504844,0.0,0.0,-1.929660,1.574848,-0.735315,0.0,0.0,-2.414451,1.995116,-1.016912,0.0,0.0,-0.976404,1.084000,-1.126423,0.0,0.0,-1.025459,1.950347,-1.567513,0.0,0.0,-1.090793,2.576712,-1.823277,0.0,0.0,-1.164391,3.117880,-2.016046,0.0,0.0,-0.409250,0.965504,-1.247391,0.0,0.0,-0.265577,1.953894,-1.702051,0.0,0.0,-0.203750,2.700370,-2.020376,0.0,0.0,-0.129273,3.299772,-2.292903,0.0,0.0,0.119154,0.815804,-1.319538,0.0,0.0,0.388923,1.673910,-1.810740,0.0,0.0,0.530250,2.345194,-2.184980,0.0,0.0,0.681656,2.913928,-2.473915,0.0,0.0,0.549577,0.654938,-1.361860,0.0,0.0,1.045237,0.933820,-1.856851,0.0,0.0,1.366440,1.071945,-2.126048,0.0,0.0,1.659165,1.221323,-2.321405,0.0,0.0
v21.mp4,c414793092cbd3f6b2a0783f0a0eb93ea5fe3e9c0a97cfa5c0c72a011ea9d9d6,1920,1080,12.08,151,12.5,78,6500,Left,0.980603,0.000000,0.000000,0.000000,0.0,0.0,-0.791379,0.443437,-0.287248,0.0,0.0,-1.431726,1.038895,-0.615650,0.0,0.0,-1.939959,1.567034,-0.868013,0.0,0.0,-2.412605,1.955991,-1.155579,0.0,0.0,-0.948950,1.061602,-1.276942,0.0,0.0,-1.077764,1.929089,-1.760036,0.0,0.0,-1.161389,2.565281,-2.024077,0.0,0.0,-1.228010,3.124390,-2.212448,0.0,0.0,-0.383438,0.967450,-1.346854,0.0,0.0,-0.285330,1.934443,-1.858026,0.0,0.0,-0.211886,2.700896,-2.154893,0.0,0.0,-0.107894,3.319712,-2.406837,0.0,0.0,0.140099,0.868310,-1.368679,0.0,0.0,0.423521,1.745309,-1.828365,0.0,0.0,0.595600,2.408700,-2.091871,0.0,0.0,0.768751,2.947862,-2.294540,0.0,0.0,0.569723,0.770268,-1.378281,0.0,0.0,0.992382,1.330903,-1.780898,0.0,0.0,1.293895,1.685381,-1.978703,0.0,0.0,1.570100,2.000468,-2.124311,0.0,0.0
v21.mp4,c414793092cbd3f6b2a0783f0a0eb93ea5fe3e9c0a97cfa5c0c72a011ea9d9d6,1920,1080,12.08,151,12.5,79,6583,Left,0.97,0.000000,0.000000,0.000000,0.0,0.0,-0.786550,0.464648,-0.343518,0.0,0.0,-1.445742,1.077658,-0.727807,0.0,0.0,-1.978773,1.599228,-1.029823,0.0,0.0,-2.497432,1.983604,-1.368494,0.0,0.0,-0.952328,1.051439,-1.433628,0.0,0.0,-1.097318,1.927598,-1.990700,0.0,0.0,-1.185839,2.573914,-2.299990,0.0,0.0,-1.255592,3.153414,-2.514834,0.0,0.0,-0.382490,0.947177,-1.495470,0.0,0.0,-0.302084,1.933108,-2.111037,0.0,0.0,-0.239385,2.710368,-2.462628,0.0,0.0,-0.154115,3.354622,-2.750289,0.0,0.0,0.138190,0.864355,-1.505605,0.0,0.0,0.422583,1.773610,-2.025767,0.0,0.0,0.600831,2.481958,-2.298666,0.0,0.0,0.772127,3.052581,-2.502763,0.0,0.0,0.574541,0.805232,-1.507685,0.0,0.0,0.916981,1.473546,-1.922034,0.0,0.0,1.142852,1.919414,-2.123168,0.0,0.0,1.357051,2.321137,-2.278930,0.0,0.0
v21.mp4,c414793092cbd3f6b2a0783f0a0eb93ea5fe3e9c0a97cfa5c0c72a011ea9d9d6,1920,1080,12.08,151,12.5,80,6666,Left,0.97416,0.000000,0.000000,0.000000,0.0,0.0,-0.770596,0.454563,-0.335359,0.0,0.0,-1.418384,1.083639,-0.692964,0.0,0.0,-1.942493,1.617076,-0.971029,0.0,0.0,-2.467305,1.981876,-1.285306,0.0,0.0,-0.946827,1.047714,-1.357109,0.0,0.0,-1.128828,1.854832,-1.889222,0.0,0.0,-1.237989,2.469970,-2.183912,0.0,0.0,-1.319426,3.027689,-2.388878,0.0,0.0,-0.394092,0.969997,-1.409887,0.0,0.0,-0.306708,1.922900,-1.998792,0.0,0.0,-0.249816,2.679383,-2.341511,0.0,0.0,-0.159321,3.319612,-2.620262,0.0,0.0,0.120091,0.898067,-1.413559,0.0,0.0,0.418812,1.788480,-1.918283,0.0,0.0,0.608440,2.481537,-2.188495,0.0,0.0,0.805779,3.050716,-2.387063,0.0,0.0,0.556164,0.837346,-1.408616,0.0,0.0,0.885243,1.496896,-1.810837,0.0,0.0,1.106692,1.934246,-2.007515,0.0,0.0,1.328793,2.331706,-2.157804,0.0,0.0
v21.mp4,c414793092cbd3f6b2a0783f0a0eb93ea5fe3e9c0a97cfa5c0c72a011ea9d9d6,1920,1080,12.08,151,12.5,81,6750,Left,0.975122,0.000000,0.000000,0.000000,0.0,0.0,-0.796896,0.441217,-0.326790,0.0,0.0,-1.471931,1.072278,-0.645329,0.0,0.0,-2.020436,1.615610,-0.882395,0.0,0.0,-2.553606,1.988736,-1.148298,0.0,0.0,-0.965249,0.989575,-1.286211,0.0,0.0,-1.213060,1.665628,-1.804635,0.0,0.0,-1.373528,2.212411,-2.101882,0.0,0.0,-1.509402,2.741026,-2.308918,0.0,0.0,-0.408501,0.963505,-1.320816,0.0,0.0,-0.329700,1.882017,-1.883768,0.0,0.0,-0.284608,2.649025,-2.217607,0.0,0.0,-0.189304,3.296234,-2.493136,0.0,0.0,0.105204,0.933311,-1.309679,0.0,0.0,0.404430,1.827256,-1.801853,0.0,0.0,0.593922,2.502921,-2.056670,0.0,0.0,0.790667,3.051898,-2.243106,0.0,0.0,0.532231,0.905744,-1.290461,0.0,0.0,0.878820,1.561358,-1.682449,0.0,0.0,1.112516,1.978833,-1.867989,0.0,0.0,1.339018,2.361881,-2.008770,0.0,0.0
v21.mp4,c414793092cbd3f6b2a0783f0a0eb93ea5fe3e9c0a97cfa5c0c72a011ea9d9d6,1920,1080,12.08,151,12.5,82,6833,Left,0.976258,0.000000,0.000000,0.000000,0.0,0.0,-0.798303,0.434295,-0.289617,0.0,0.0,-1.472926,1.055507,-0.600830,0.0,0.0,-2.013091,1.576647,-0.843662,0.0,0.0,-2.530944,1.938111,-1.121994,0.0,0.0,-1.032953,0.994837,-1.228500,0.0,0.0,-1.227007,1.722268,-1.708193,0.0,0.0,-1.349671,2.282449,-1.971428,0.0,0.0,-1.454826,2.809444,-2.158984,0.0,0.0,-0.492037,0.954506,-1.286871,0.0,0.0,-0.379333,1.857411,-1.827211,0.0,0.0,-0.329838,2.603389,-2.141535,0.0,0.0,-0.240539,3.243096,-2.400582,0.0,0.0,0.024781,0.908221,-1.299099,0.0,0.0,0.339672,1.794827,-1.773579,0.0,0.0,0.525101,2.454109,-2.021649,0.0,0.0,0.720557,3.001594,-2.203525,0.0,0.0,0.462902,0.857972,-1.300567,0.0,0.0,0.796352,1.506964,-1.684513,0.0,0.0,1.019941,1.924284,-1.870451,0.0,0.0,1.245091,2.308779,-2.011131,0.0,0.0
v21.mp4,c414793092cbd3f6b2a0783f0a0eb93ea5fe3e9c0a97cfa5c0c72a011ea9d9d6,1920,1080,12.08,151,12.5,83,6916,Left,0.982082,0.000000,0.000000,0.000000,0.0,0.0,-0.806130,0.403733,-0.290427,0.0,0.0,-1.490648,1.021032,-0.609141,0.0,0.0,-2.020555,1.549025,-0.859232,0.0,0.0,-2.518404,1.926693,-1.147633,0.0,0.0,-0.989558,1.052316,-1.226704,0.0,0.0,-1.103826,1.927987,-1.694907,0.0,0.0,-1.178451,2.555839,-1.953926,0.0,0.0,-1.237453,3.101662,-2.138465,0.0,0.0,-0.410235,0.961158,-1.291777,0.0,0.0,-0.293539,1.940593,-1.777270,0.0,0.0,-0.226782,2.693625,-2.057316,0.0,0.0,-0.140365,3.310318,-2.298002,0.0,0.0,0.109975,0.869562,-1.315164,0.0,0.0,0.391577,1.778532,-1.739269,0.0,0.0,0.548839,2.439217,-1.971985,0.0,0.0,0.704861,2.978773,-2.154892,0.0,0.0,0.523169,0.787870,-1.331103,0.0,0.0,0.873598,1.424972,-1.691042,0.0,0.0,1.124801,1.838478,-1.863430,0.0,0.0,1.360023,2.200182,-1.995056,0.0,0.0
v21.mp4,c414793092cbd3f6b2a0783f0a0eb93ea5fe3e9c0a97cfa5c0c72a011ea9d9d6,1920,1080,12.08,151,12.5,84,7000,Left,0.977091,0.000000,0.000000,0.000000,0.0,0.0,-0.806004,0.422333,-0.326386,0.0,0.0,-1.482305,1.029386,-0.666840,0.0,0.0,-2.004094,1.562276,-0.923780,0.0,0.0,-2.505280,1.944539,-1.214428,0.0,0.0,-0.947557,1.050804,-1.316890,0.0,0.0,-1.045446,1.919287,-1.823220,0.0,0.0,-1.142022,2.548535,-2.115489,0.0,0.0,-1.239493,3.102406,-2.324252,0.0,0.0,-0.361057,0.971453,-1.368701,0.0,0.0,-0.228607,1.958187,-1.884791,0.0,0.0,-0.173051,2.720100,-2.211433,0.0,0.0,-0.092404,3.346003,-2.492602,0.0,0.0,0.154367,0.895755,-1.374281,0.0,0.0,0.440263,1.815736,-1.856936,0.0,0.0,0.614449,2.468071,-2.165397,0.0,0.0,0.806345,2.998365,-2.401879,0.0,0.0,0.557211,0.827136,-1.367601,0.0,0.0,0.977681,1.385945,-1.795348,0.0,0.0,1.313998,1.689270,-2.018427,0.0,0.0,1.642124,1.957755,-2.185020,0.0,0.0
v21.mp4,c414793092cbd3f6b2a0783f0a0eb93ea5fe3e9c0a97cfa5c0c72a011ea9d9d6,1920,1080,12.08,151,12.5,85,7083,Left,0.805881,0.000000,0.000000,0.000000,0.0,0.0,-0.814926,0.499811,-0.242555,0.0,0.0,-1.504895,1.146725,-0.507108,0.0,0.0,-2.064047,1.675685,-0.719418,0.0,0.0,-2.578134,2.021052,-0.989397,0.0,0.0,-1.075944,1.092203,-1.104348,0.0,0.0,-1.131075,2.021192,-1.497327,0.0,0.0,-1.232177,2.623782,-1.691140,0.0,0.0,-1.314209,3.157872,-1.839382,0.0,0.0,-0.540839,0.957516,-1.200155,0.0,0.0,-0.350195,1.989578,-1.644623,0.0,0.0,-0.318531,2.728308,-1.933264,0.0,0.0,-0.263043,3.328047,-2.173455,0.0,0.0,-0.020579,0.803720,-1.254987,0.0,0.0,0.342072,1.738058,-1.798739,0.0,0.0,0.478555,2.397135,-2.206895,0.0,0.0,0.621843,2.940117,-2.490450,0.0,0.0,0.407476,0.670270,-1.276404,0.0,0.0,0.678609,1.056048,-1.824894,0.0,0.0,0.757870,1.111298,-2.133616,0.0,0.0,0.856167,1.132312,-2.347312,0.0,0.0
v21.mp4,c414793092cbd3f6b2a0783f0a0eb93ea5fe3e9c0a97cfa5c0c72a011ea9d9d6,1920,1080,12.08,151,12.5,86,7166,Left,0.951368,0.000000,0.000000,0.000000,0.0,0.0,-0.829205,0.401053,-0.288903,0.0,0.0,-1.544550,1.055357,-0.576384,0.0,0.0,-2.078892,1.611513,-0.792657,0.0,0.0,-2.589783,1.972659,-1.067989,0.0,0.0,-1.093159,1.053338,-1.190171,0.0,0.0,-1.154444,2.018476,-1.616402,0.0,0.0,-1.243922,2.609581,-1.835663,0.0,0.0,-1.342712,3.116054,-1.996535,0.0,0.0,-0.527281,0.928560,-1.258069,0.0,0.0,-0.334010,2.017781,-1.721313,0.0,0.0,-0.275544,2.713248,-2.002419,0.0,0.0,-0.229141,3.277853,-2.234007,0.0,0.0,-0.001405,0.793206,-1.284643,0.0,0.0,0.346201,1.749987,-1.805262,0.0,0.0,0.470940,2.383070,-2.151158,0.0,0.0,0.584190,2.924754,-2.392863,0.0,0.0,0.427881,0.679672,-1.285524,0.0,0.0,0.780991,1.127013,-1.781582,0.0,0.0,0.946409,1.237295,-2.030754,0.0,0.0,1.105477,1.335080,-2.202132,0.0,0.0
v21.mp4,c414793092cbd3f6b2a0783f0a0eb93ea5fe3e9c0a97cfa5c0c72a011ea9d9d6,1920,1080,12.08,151,12.5,87,7250,Left,0.988346,0.000000,0.000000,0.000000,0.0,0.0,-0.825620,0.377295,-0.274372,0.0,0.0,-1.499533,0.974739,-0.564969,0.0,0.0,-1.988844,1.518699,-0.777578,0.0,0.0,-2.477545,1.882264,-1.035349,0.0,0.0,-1.047424,1.020725,-1.181353,0.0,0.0,-1.113011,1.924352,-1.633387,0.0,0.0,-1.196234,2.537841,-1.896443,0.0,0.0,-1.284384,3.048008,-2.084844,0.0,0.0,-0.464159,0.926493,-1.250973,0.0,0.0,-0.315474,1.945038,-1.720151,0.0,0.0,-0.233670,2.668590,-2.020343,0.0,0.0,-0.142180,3.234406,-2.267357,0.0,0.0,0.065987,0.825872,-1.276994,0.0,0.0,0.320760,1.741557,-1.753579,0.0,0.0,0.455006,2.400046,-2.073704,0.0,0.0,0.598689,2.946171,-2.306606,0.0,0.0,0.497946,0.745281,-1.280493,0.0,0.0,0.950981,1.248299,-1.699800,0.0,0.0,1.273871,1.549076,-1.911516,0.0,0.0,1.558121,1.830096,-2.064451,0.0,0.0
v21.mp4,c414793092cbd3f6b2a0783f0a0eb93ea5fe3e9c0a97cfa5c0c72a011ea9d9d6,1920,1080,12.08,151,12.5,88,7333,Left,0.977287,0.000000,0.000000,0.000000,0.0,0.0,-0.784674,0.442320,-0.268805,0.0,0.0,-1.433818,1.058808,-0.588979,0.0,0.0,-1.962860,1.576508,-0.845152,0.0,0.0,-2.462305,1.947165,-1.137774,0.0,0.0,-0.941369,1.079985,-1.227849,0.0,0.0,-1.084799,1.938287,-1.706924,0.0,0.0,-1.178896,2.561627,-1.963224,0.0,0.0,-1.251202,3.102625,-2.142215,0.0,0.0,-0.379554,0.993469,-1.308131,0.0,0.0,-0.287688,1.945401,-1.810593,0.0,0.0,-0.222546,2.703030,-2.084627,0.0,0.0,-0.128602,3.306210,-2.316493,0.0,0.0,0.130866,0.903280,-1.346371,0.0,0.0,0.374037,1.799118,-1.789191,0.0,0.0,0.504185,2.464837,-2.025391,0.0,0.0,0.643297,3.004152,-2.208016,0.0,0.0,0.538446,0.818699,-1.374439,0.0,0.0,0.880123,1.443052,-1.747910,0.0,0.0,1.119296,1.848967,-1.926496,0.0,0.0,1.351035,2.204292,-2.061460,0.0,0.0
v21.mp4,c414793092cbd3f6b2a0783f0a0eb93ea5fe3e9c0a97cfa5c0c72a011ea9d9d6,1920,1080,12.08,151,12.5,89,7416,Left,0.979936,0.000000,0.000000,0.000000,0.0,0.0,-0.769963,0.442177,-0.300944,0.0,0.0,-1.424562,1.052914,-0.628344,0.0,0.0,-1.958781,1.568003,-0.881702,0.0,0.0,-2.468979,1.928465,-1.168625,0.0,0.0,-0.933335,1.075635,-1.252911,0.0,0.0,-1.062231,1.930106,-1.738347,0.0,0.0,-1.160345,2.549707,-2.007286,0.0,0.0,-1.240720,3.099018,-2.195302,0.0,0.0,-0.381849,0.985773,-1.308642,0.0,0.0,-0.284343,1.934811,-1.825382,0.0,0.0,-0.224051,2.682053,-2.121098,0.0,0.0,-0.147268,3.299069,-2.368850,0.0,0.0,0.125625,0.911581,-1.321238,0.0,0.0,0.368849,1.809366,-1.767898,0.0,0.0,0.519852,2.488020,-2.011442,0.0,0.0,0.661664,3.039589,-2.197291,0.0,0.0,0.543501,0.853579,-1.326533,0.0,0.0,0.892435,1.508806,-1.706072,0.0,0.0,1.137792,1.929632,-1.893110,0.0,0.0,1.357433,2.307097,-2.032158,0.0,0.0
v21.mp4,c414793092cbd3f6b2a0783f0a0eb93ea5fe3e9c0a97cfa5c0c72a011ea9d9d6,1920,1080,12.08,151,12.5,90,7500,Left,0.97658,0.000000,0.000000,0.000000,0.0,0.0,-0.758155,0.416845,-0.280344,0.0,0.0,-1.411951,1.030259,-0.562532,0.0,0.0,-1.940090,1.553816,-0.780948,0.0,0.0,-2.452817,1.905052,-1.032263,0.0,0.0,-0.944570,1.056994,-1.095561,0.0,0.0,-1.109935,1.822917,-1.523700,0.0,0.0,-1.226301,2.389459,-1.759181,0.0,0.0,-1.326774,2.900906,-1.928922,0.0,0.0,-0.410037,1.004574,-1.150415,0.0,0.0,-0.318474,1.913912,-1.610506,0.0,0.0,-0.259477,2.628200,-1.878552,0.0,0.0,-0.182047,3.241688,-2.105895,0.0,0.0,0.093216,0.943397,-1.170052,0.0,0.0,0.317818,1.812235,-1.579160,0.0,0.0,0.462997,2.457400,-1.797227,0.0,0.0,0.603261,3.011135,-1.966479,0.0,0.0,0.512055,0.879968,-1.184492,0.0,0.0,0.847435,1.509206,-1.538174,0.0,0.0,1.088860,1.914561,-1.707848,0.0,0.0,1.308747,2.290070,-1.835117,0.0,0.0
v21.mp4,c414793092cbd3f6b2a0783f0a0eb93ea5fe3e9c0a97cfa5c0c72a011ea9d9d6,1920,1080,12.08,151,12.5,91,7583,Left,0.979199,0.000000,0.000000,0.000000,0.0,0.0,-0.791482,0.436106,-0.272802,0.0,0.0,-1.484990,1.068413,-0.536029,0.0,0.0,-2.027932,1.587552,-0.734378,0.0,0.0,-2.552293,1.911087,-0.963783,0.0,0.0,-0.973895,1.006902,-1.090265,0.0,0.0,-1.241620,1.580066,-1.556041,0.0,0.0,-1.467182,2.024916,-1.839533,0.0,0.0,-1.677964,2.448431,-2.036929,0.0,0.0,-0.437322,0.994044,-1.148645,0.0,0.0,-0.314183,1.928853,-1.619507,0.0,0.0,-0.256287,2.675367,-1.917209,0.0,0.0,-0.171757,3.290454,-2.170979,0.0,0.0,0.066281,0.959306,-1.172176,0.0,0.0,0.318588,1.859711,-1.599063,0.0,0.0,0.480523,2.527470,-1.835646,0.0,0.0,0.634370,3.076496,-2.018110,0.0,0.0,0.487845,0.908973,-1.188674,0.0,0.0,0.858231,1.555660,-1.539084,0.0,0.0,1.117852,1.962505,-1.703570,0.0,0.0,1.336781,2.332191,-1.832610,0.0,0.0
v21.mp4,c414793092cbd3f6b2a0783f0a0eb93ea5fe3e9c0a97cfa5c0c72a011ea9d9d6,1920,1080,12.08,151,12.5,92,7666,Left,0.97589,0.000000,0.000000,0.000000,0.0,0.0,-0.816562,0.409017,-0.293280,0.0,0.0,-1.525584,1.052148,-0.582044,0.0,0.0,-2.078772,1.567588,-0.805236,0.0,0.0,-2.633494,1.875520,-1.062415,0.0,0.0,-1.013281,0.945574,-1.137633,0.0,0.0,-1.267851,1.472751,-1.615074,0.0,0.0,-1.493643,1.879985,-1.896828,0.0,0.0,-1.713082,2.284644,-2.094240,0.0,0.0,-0.463637,0.962692,-1.203153,0.0,0.0,-0.371322,1.886511,-1.692753,0.0,0.0,-0.327604,2.639809,-1.992748,0.0,0.0,-0.247785,3.273020,-2.247544,0.0,0.0,0.052193,0.947275,-1.233942,0.0,0.0,0.305082,1.839395,-1.695448,0.0,0.0,0.461479,2.506372,-1.942236,0.0,0.0,0.624974,3.067183,-2.125844,0.0,0.0,0.481696,0.901772,-1.256291,0.0,0.0,0.823027,1.555748,-1.633705,0.0,0.0,1.070162,1.952945,-1.803664,0.0,0.0,1.300980,2.312545,-1.936162,0.0,0.0
v21.mp4,c414793092cbd3f6b2a0783f0a0eb93ea5fe3e9c0a97cfa5c0c72a011ea9d9d6,1920,1080,12.08,151,12.5,93,7750,Left,0.968305,0.000000,0.000000,0.000000,0.0,0.0,-0.777313,0.415829,-0.284894,0.0,0.0,-1.472277,1.049648,-0.587061,0.0,0.0,-2.023707,1.558308,-0.827479,0.0,0.0,-2.539506,1.900680,-1.105050,0.0,0.0,-1.000681,1.073545,-1.143556,0.0,0.0,-1.068974,1.932431,-1.585466,0.0,0.0,-1.125907,2.551615,-1.825182,0.0,0.0,-1.176064,3.101202,-1.999539,0.0,0.0,-0.455513,0.992913,-1.217718,0.0,0.0,-0.341716,1.941756,-1.681050,0.0,0.0,-0.267006,2.689160,-1.945130,0.0,0.0,-0.162876,3.312608,-2.172664,0.0,0.0,0.049481,0.902469,-1.257387,0.0,0.0,0.298728,1.801734,-1.671571,0.0,0.0,0.454777,2.465656,-1.892937,0.0,0.0,0.617953,3.021042,-2.066336,0.0,0.0,0.464162,0.811847,-1.292736,0.0,0.0,0.812850,1.459544,-1.656874,0.0,0.0,1.064201,1.881600,-1.830067,0.0,0.0,1.305482,2.254275,-1.960024,0.0,0.0
v21.mp4,c414793092cbd3f6b2a0783f0a0eb93ea5fe3e9c0a97cfa5c0c72a011ea9d9d6,1920,1080,12.08,151,12.5,94,7833,Left,0.964995,0.000000,0.000000,0.000000,0.0,0.0,-0.809374,0.408181,-0.354693,0.0,0.0,-1.507079,1.037435,-0.719604,0.0,0.0,-2.066460,1.544179,-1.003336,0.0,0.0,-2.603135,1.887428,-1.325542,0.0,0.0,-0.996795,1.031500,-1.368177,0.0,0.0,-1.066977,1.898229,-1.894748,0.0,0.0,-1.131143,2.537004,-2.185178,0.0,0.0,-1.187525,3.104779,-2.390348,0.0,0.0,-0.418474,0.958214,-1.425049,0.0,0.0,-0.312478,1.919906,-1.970368,0.0,0.0,-0.244591,2.687008,-2.277251,0.0,0.0,-0.156703,3.318651,-2.538408,0.0,0.0,0.102458,0.883156,-1.441704,0.0,0.0,0.335595,1.780501,-1.926735,0.0,0.0,0.484427,2.456527,-2.187043,0.0,0.0,0.637251,3.009235,-2.385488,0.0,0.0,0.518200,0.804807,-1.453980,0.0,0.0,0.855923,1.448591,-1.867603,0.0,0.0,1.106249,1.871932,-2.069025,0.0,0.0,1.346882,2.240222,-2.221639,0.0,0.0
v21.mp4,c414793092cbd3f6b2a0783f0a0eb93ea5fe3e9c0a97cfa5c0c72a011ea9d9d6,1920,1080,12.08,151,12.5,95,7916,Left,0.95588,0.000000,0.000000,0.000000,0.0,0.0,-0.798481,0.428100,-0.337586,0.0,0.0,-1.504065,1.059206,-0.679621,0.0,0.0,-2.084922,1.557991,-0.949187,0.0,0.0,-2.623889,1.892984,-1.256571,0.0,0.0,-1.008928,1.050891,-1.290060,0.0,0.0,-1.089037,1.910853,-1.791132,0.0,0.0,-1.148139,2.549566,-2.069720,0.0,0.0,-1.201454,3.119045,-2.269021,0.0,0.0,-0.441402,0.967688,-1.349608,0.0,0.0,-0.315854,1.914865,-1.874353,0.0,0.0,-0.250728,2.681199,-2.180634,0.0,0.0,-0.165838,3.330287,-2.442867,0.0,0.0,0.071411,0.883299,-1.371174,0.0,0.0,0.320732,1.771121,-1.839063,0.0,0.0,0.480066,2.444451,-2.095587,0.0,0.0,0.643946,3.008403,-2.291592,0.0,0.0,0.487872,0.800277,-1.389295,0.0,0.0,0.827591,1.448716,-1.788457,0.0,0.0,1.081117,1.874525,-1.986631,0.0,0.0,1.325315,2.250980,-2.137783,0.0,0.0
v21.mp4,c414793092cbd3f6b2a0783f0a0eb93ea5fe3e9c0a97cfa5c0c72a011ea9d9d6,1920,1080,12.08,151,12.5,96,8000,Left,0.966036,0.000000,0.000000,0.000000,0.0,0.0,-0.801979,0.412944,-0.363803,0.0,0.0,-1.504280,1.061013,-0.710675,0.0,0.0,-2.075605,1.577007,-0.978708,0.0,0.0,-2.609202,1.916596,-1.283299,0.0,0.0,-0.966225,1.069217,-1.314859,0.0,0.0,-1.070666,1.977974,-1.814690,0.0,0.0,-1.144332,2.594277,-2.096898,0.0,0.0,-1.203501,3.146949,-2.298740,0.0,0.0,-0.400580,1.000145,-1.347806,0.0,0.0,-0.274471,1.850669,-1.883637,0.0,0.0,-0.204041,2.525907,-2.184773,0.0,0.0,-0.110006,3.117214,-2.437681,0.0,0.0,0.096041,0.924552,-1.344736,0.0,0.0,0.379130,1.745852,-1.814062,0.0,0.0,0.544710,2.380643,-2.061438,0.0,0.0,0.725705,2.930259,-2.249778,0.0,0.0,0.492250,0.866177,-1.341037,0.0,0.0,0.833417,1.492833,-1.728960,0.0,0.0,1.099557,1.903677,-1.918651,0.0,0.0,1.360062,2.268746,-2.063349,0.0,0.0
v21.mp4,c414793092cbd3f6b2a0783f0a0eb93ea5fe3e9c0a97cfa5c0c72a011ea9d9d6,1920,1080,12.08,151,12.5,97,8083,Left,0.962295,0.000000,0.000000,0.000000,0.0,0.0,-0.800437,0.402549,-0.347633,0.0,0.0,-1.453378,1.037852,-0.741294,0.0,0.0,-2.008249,1.532743,-1.055595,0.0,0.0,-2.535012,1.859192,-1.407704,0.0,0.0,-0.950736,1.073425,-1.435694,0.0,0.0,-1.058287,1.972876,-1.971383,0.0,0.0,-1.144167,2.552910,-2.262128,0.0,0.0,-1.206179,3.075556,-2.469028,0.0,0.0,-0.392517,1.010159,-1.484733,0.0,0.0,-0.359243,1.755232,-2.109836,0.0,0.0,-0.294522,2.287385,-2.434518,0.0,0.0,-0.185128,2.767042,-2.687169,0.0,0.0,0.096783,0.955515,-1.486525,0.0,0.0,0.356938,1.678261,-2.041733,0.0,0.0,0.546727,2.251831,-2.327471,0.0,0.0,0.769621,2.734763,-2.525042,0.0,0.0,0.477883,0.922194,-1.476766,0.0,0.0,0.792706,1.529113,-1.908210,0.0,0.0,1.052718,1.891835,-2.123953,0.0,0.0,1.318720,2.202696,-2.284860,0.0,0.0
v21.mp4,c414793092cbd3f6b2a0783f0a0eb93ea5fe3e9c0a97cfa5c0c72a011ea9d9d6,1920,1080,12.08,151,12.5,98,8166,Left,0.943128,0.000000,0.000000,0.000000,0.0,0.0,-0.871607,0.430367,-0.417851,0.0,0.0,-1.430070,1.052729,-1.037805,0.0,0.0,-1.983204,1.451558,-1.525350,0.0,0.0,-2.558701,1.773052,-2.058397,0.0,0.0,-1.048643,0.980548,-2.258810,0.0,0.0,-1.119774,1.891785,-3.113118,0.0,0.0,-1.208628,2.503402,-3.606112,0.0,0.0,-1.278696,3.037646,-3.947162,0.0,0.0,-0.521461,0.925806,-2.311478,0.0,0.0,-0.500975,1.516691,-3.294847,0.0,0.0,-0.448392,1.854752,-3.785826,0.0,0.0,-0.372450,2.163098,-4.181797,0.0,0.0,0.018939,0.913919,-2.270081,0.0,0.0,0.320054,1.549443,-3.156657,0.0,0.0,0.530055,2.172541,-3.656562,0.0,0.0,0.785711,2.612935,-4.008059,0.0,0.0,0.434775,0.913312,-2.176238,0.0,0.0,0.774193,1.532235,-2.789154,0.0,0.0,1.019028,1.891412,-3.127238,0.0,0.0,1.329928,2.175204,-3.421476,0.0,0.0
v21.mp4,c414793092cbd3f6b2a0783f0a0eb93ea5fe3e9c0a97cfa5c0c72a011ea9d9d6,1920,1080,12.08,151,12.5,99,8250,Left,0.840486,0.000000,0.000000,0.000000,0.0,0.0,-0.933828,0.403334,-0.410729,0.0,0.0,-1.503016,1.033142,-1.061187,0.0,0.0,-2.025738,1.419525,-1.576783,0.0,0.0,-2.578516,1.737131,-2.139653,0.0,0.0,-1.077922,1.007720,-2.411185,0.0,0.0,-1.199515,1.914430,-3.315370,0.0,0.0,-1.289043,2.531858,-3.827622,0.0,0.0,-1.358238,3.068218,-4.185075,0.0,0.0,-0.527899,0.949226,-2.482855,0.0,0.0,-0.503828,1.423701,-3.641783,0.0,0.0,-0.496474,1.751861,-4.247408,0.0,0.0,-0.459477,2.072755,-4.718319,0.0,0.0,0.000202,0.908073,-2.434309,0.0,0.0,0.338708,1.488232,-3.459560,0.0,0.0,0.533121,2.100462,-4.016498,0.0,0.0,0.774877,2.552447,-4.396582,0.0,0.0,0.384095,0.885361,-2.321534,0.0,0.0,0.777098,1.489012,-3.015721,0.0,0.0,1.056931,1.831719,-3.384231,0.0,0.0,1.402221,2.153023,-3.699166,0.0,0.0
v21.mp4,c414793092cbd3f6b2a0783f0a0eb93ea5fe3e9c0a97cfa5c0c72a011ea9d9d6,1920,1080,12.08,151,12.5,100,8333,Left,0.982073,0.000000,0.000000,0.000000,0.0,0.0,-0.846168,0.380129,-0.314269,0.0,0.0,-1.562359,1.015012,-0.634571,0.0,0.0,-2.107396,1.541902,-0.881410,0.0,0.0,-2.629468,1.877167,-1.167629,0.0,0.0,-1.075987,1.034515,-1.251507,0.0,0.0,-1.152664,1.911326,-1.725233,0.0,0.0,-1.214912,2.535311,-1.986502,0.0,0.0,-1.264847,3.080608,-2.170057,0.0,0.0,-0.488383,0.950022,-1.301223,0.0,0.0,-0.300569,1.935354,-1.793409,0.0,0.0,-0.228476,2.680185,-2.072593,0.0,0.0,-0.139776,3.284855,-2.308946,0.0,0.0,0.024476,0.864057,-1.310804,0.0,0.0,0.342688,1.759566,-1.756805,0.0,0.0,0.507063,2.414154,-1.997681,0.0,0.0,0.674521,2.953997,-2.177364,0.0,0.0,0.419804,0.791756,-1.313263,0.0,0.0,0.792289,1.439265,-1.687505,0.0,0.0,1.066907,1.849197,-1.862577,0.0,0.0,1.319753,2.207027,-1.991121,0.0,0.0
v21.mp4,c414793092cbd3f6b2a0783f0a0eb93ea5fe3e9c0a97cfa5c0c72a011ea9d9d6,1920,1080,12.08,151,12.5,101,8416,Left,0.96818,0.000000,0.000000,0.000000,0.0,0.0,-0.844720,0.392047,-0.335758,0.0,0.0,-1.535751,1.031340,-0.672331,0.0,0.0,-2.081374,1.543729,-0.931955,0.0,0.0,-2.620242,1.866123,-1.229438,0.0,0.0,-1.065523,1.050596,-1.279656,0.0,0.0,-1.135030,1.898917,-1.766189,0.0,0.0,-1.193817,2.518506,-2.035103,0.0,0.0,-1.244877,3.064256,-2.223615,0.0,0.0,-0.500714,0.967117,-1.322944,0.0,0.0,-0.357996,1.914276,-1.838082,0.0,0.0,-0.305514,2.657397,-2.138904,0.0,0.0,-0.227499,3.269439,-2.390159,0.0,0.0,0.004831,0.878613,-1.325538,0.0,0.0,0.324075,1.742468,-1.794265,0.0,0.0,0.502058,2.394236,-2.054461,0.0,0.0,0.680345,2.929092,-2.243512,0.0,0.0,0.408309,0.802983,-1.320672,0.0,0.0,0.787763,1.435954,-1.706734,0.0,0.0,1.064005,1.836778,-1.891743,0.0,0.0,1.323820,2.186501,-2.028190,0.0,0.0
v21.mp4,c414793092cbd3f6b2a0783f0a0eb93ea5fe3e9c0a97cfa5c0c72a011ea9d9d6,1920,1080,12.08,151,12.5,102,8500,Left,0.973184,0.000000,0.000000,0.000000,0.0,0.0,-0.840597,0.394193,-0.324119,0.0,0.0,-1.529471,1.036711,-0.650492,0.0,0.0,-2.077602,1.544378,-0.903159,0.0,0.0,-2.614623,1.860273,-1.194243,0.0,0.0,-1.067581,1.043737,-1.250568,0.0,0.0,-1.149589,1.887815,-1.723248,0.0,0.0,-1.209430,2.505342,-1.982722,0.0,0.0,-1.259353,3.049163,-2.166322,0.0,0.0,-0.505006,0.965794,-1.296949,0.0,0.0,-0.366060,1.910552,-1.795304,0.0,0.0,-0.311204,2.651851,-2.086595,0.0,0.0,-0.231779,3.261141,-2.332489,0.0,0.0,0.003369,0.880003,-1.303333,0.0,0.0,0.316033,1.747060,-1.758502,0.0,0.0,0.488091,2.397159,-2.015308,0.0,0.0,0.663372,2.929463,-2.204687,0.0,0.0,0.408761,0.803614,-1.301943,0.0,0.0,0.783123,1.431836,-1.681254,0.0,0.0,1.058122,1.831996,-1.865563,0.0,0.0,1.318590,2.180181,-2.002634,0.0,0.0
v21.mp4,c414793092cbd3f6b2a0783f0a0eb93ea5fe3e9c0a97cfa5c0c72a011ea9d9d6,1920,1080,12.08,151,12.5,103,8583,Left,0.976653,0.000000,0.000000,0.000000,0.0,0.0,-0.842398,0.388990,-0.314287,0.0,0.0,-1.535425,1.022640,-0.638017,0.0,0.0,-2.086072,1.530840,-0.889558,0.0,0.0,-2.618510,1.851674,-1.179802,0.0,0.0,-1.071861,1.037386,-1.245206,0.0,0.0,-1.164414,1.884535,-1.715676,0.0,0.0,-1.226884,2.499301,-1.972609,0.0,0.0,-1.275809,3.040512,-2.153795,0.0,0.0,-0.505756,0.962079,-1.295057,0.0,0.0,-0.367038,1.908078,-1.791258,0.0,0.0,-0.310133,2.640978,-2.077245,0.0,0.0,-0.228874,3.243787,-2.318088,0.0,0.0,0.004743,0.878354,-1.304136,0.0,0.0,0.312582,1.746071,-1.758612,0.0,0.0,0.482682,2.390237,-2.011460,0.0,0.0,0.657525,2.919424,-2.196861,0.0,0.0,0.408511,0.804444,-1.304248,0.0,0.0,0.778847,1.433494,-1.682001,0.0,0.0,1.052526,1.831222,-1.862781,0.0,0.0,1.312176,2.176359,-1.996107,0.0,0.0
v21.mp4,c414793092cbd3f6b2a0783f0a0eb93ea5fe3e9c0a97cfa5c0c72a011ea9d9d6,1920,1080,12.08,151,12.5,104,8666,Left,0.966935,0.000000,0.000000,0.000000,0.0,0.0,-0.810467,0.338331,-0.381446,0.0,0.0,-1.492890,0.961385,-0.754543,0.0,0.0,-2.033962,1.470957,-1.038233,0.0,0.0,-2.557850,1.795970,-1.357647,0.0,0.0,-1.001113,1.046301,-1.401865,0.0,0.0,-1.134294,1.902633,-1.925233,0.0,0.0,-1.241728,2.465970,-2.198632,0.0,0.0,-1.315611,2.977741,-2.383723,0.0,0.0,-0.443615,1.009103,-1.413213,0.0,0.0,-0.385041,1.756500,-2.021625,0.0,0.0,-0.320913,2.290848,-2.308817,0.0,0.0,-0.201739,2.764256,-2.517943,0.0,0.0,0.041048,0.955165,-1.383914,0.0,0.0,0.365080,1.627130,-1.938038,0.0,0.0,0.558299,2.127773,-2.174367,0.0,0.0,0.763872,2.574004,-2.315838,0.0,0.0,0.425382,0.917871,-1.347585,0.0,0.0,0.795276,1.505121,-1.773292,0.0,0.0,1.076836,1.841569,-1.950281,0.0,0.0,1.341613,2.139443,-2.065016,0.0,0.0
v21.mp4,c414793092cbd3f6b2a0783f0a0eb93ea5fe3e9c0a97cfa5c0c72a011ea9d9d6,1920,1080,12.08,151,12.5,105,8750,Left,0.963961,0.000000,0.000000,0.000000,0.0,0.0,-0.800170,0.398943,-0.351183,0.0,0.0,-1.454027,1.076976,-0.753107,0.0,0.0,-2.021128,1.571182,-1.076153,0.0,0.0,-2.554084,1.861016,-1.428947,0.0,0.0,-1.053999,1.038304,-1.488441,0.0,0.0,-1.188675,1.998404,-2.012029,0.0,0.0,-1.270315,2.600716,-2.260794,0.0,0.0,-1.322606,3.162121,-2.444601,0.0,0.0,-0.538531,0.939364,-1.537442,0.0,0.0,-0.458683,1.545046,-2.259435,0.0,0.0,-0.377597,1.866314,-2.575823,0.0,0.0,-0.244142,2.160925,-2.801576,0.0,0.0,-0.032682,0.881481,-1.534880,0.0,0.0,0.333643,1.540697,-2.195395,0.0,0.0,0.631833,2.073361,-2.479889,0.0,0.0,0.958515,2.524230,-2.653074,0.0,0.0,0.413716,0.881179,-1.512691,0.0,0.0,0.772197,1.587715,-1.991416,0.0,0.0,1.070587,1.975448,-2.213507,0.0,0.0,1.394758,2.302107,-2.379358,0.0,0.0
v21.mp4,c414793092cbd3f6b2a0783f0a0eb93ea5fe3e9c0a97cfa5c0c72a011ea9d9d6,1920,1080,12.08,151,12.5,106,8833,Left,0.915058,0.000000,0.000000,0.000000,0.0,0.0,-0.838612,0.376825,-0.333672,0.0,0.0,-1.476507,1.036810,-0.771427,0.0,0.0,-2.032653,1.531498,-1.124621,0.0,0.0,-2.560721,1.849782,-1.509859,0.0,0.0,-1.130908,1.005957,-1.644770,0.0,0.0,-1.268753,1.943001,-2.262374,0.0,0.0,-1.329512,2.564487,-2.567130,0.0,0.0,-1.380265,3.129499,-2.784758,0.0,0.0,-0.617857,0.926298,-1.720093,0.0,0.0,-0.587115,1.480014,-2.598107,0.0,0.0,-0.567052,1.856373,-3.029680,0.0,0.0,-0.497300,2.225149,-3.333553,0.0,0.0,-0.109356,0.858357,-1.720547,0.0,0.0,0.284517,1.466759,-2.550235,0.0,0.0,0.582340,1.966747,-2.908468,0.0,0.0,0.883882,2.399751,-3.103876,0.0,0.0,0.332398,0.845612,-1.681842,0.0,0.0,0.744457,1.543884,-2.283486,0.0,0.0,1.058484,1.923897,-2.545058,0.0,0.0,1.389354,2.289377,-2.721939,0.0,0.0
v21.mp4,c414793092cbd3f6b2a0783f0a0eb93ea5fe3e9c0a97cfa5c0c72a011ea9d9d6,1920,1080,12.08,151,12.5,107,8916,Left,0.989598,0.000000,0.000000,0.000000,0.0,0.0,-0.824879,0.328456,-0.318336,0.0,0.0,-1.562652,0.982644,-0.592848,0.0,0.0,-2.135975,1.501034,-0.793823,0.0,0.0,-2.639374,1.807897,-1.036932,0.0,0.0,-1.107395,1.015956,-1.128758,0.0,0.0,-1.207591,1.891798,-1.526214,0.0,0.0,-1.299949,2.481073,-1.727276,0.0,0.0,-1.376082,3.010759,-1.868351,0.0,0.0,-0.530623,0.948970,-1.147325,0.0,0.0,-0.293132,1.925570,-1.590364,0.0,0.0,-0.185325,2.574688,-1.821950,0.0,0.0,-0.058228,3.093151,-2.006134,0.0,0.0,-0.021285,0.868401,-1.128749,0.0,0.0,0.370267,1.707610,-1.557531,0.0,0.0,0.559816,2.273743,-1.753246,0.0,0.0,0.746630,2.750244,-1.879037,0.0,0.0,0.376563,0.807803,-1.103885,0.0,0.0,0.759536,1.466998,-1.456700,0.0,0.0,1.035799,1.843006,-1.594169,0.0,0.0,1.290691,2.166994,-1.680561,0.0,0.0
v21.mp4,c414793092cbd3f6b2a0783f0a0eb93ea5fe3e9c0a97cfa5c0c72a011ea9d9d6,1920,1080,12.08,151,12.5,108,9000,Left,0.98296,0.000000,0.000000,0.000000,0.0,0.0,-0.855776,0.341495,-0.368431,0.0,0.0,-1.561175,0.964290,-0.716375,0.0,0.0,-2.094080,1.482680,-0.978767,0.0,0.0,-2.613311,1.817395,-1.281986,0.0,0.0,-1.084927,1.003290,-1.341861,0.0,0.0,-1.207246,1.857302,-1.845631,0.0,0.0,-1.298335,2.465730,-2.124406,0.0,0.0,-1.370669,2.999195,-2.317731,0.0,0.0,-0.503908,0.952941,-1.364581,0.0,0.0,-0.307082,1.911022,-1.891305,0.0,0.0,-0.208829,2.628119,-2.180400,0.0,0.0,-0.090338,3.213019,-2.420201,0.0,0.0,0.002613,0.895713,-1.348319,0.0,0.0,0.321206,1.773181,-1.827705,0.0,0.0,0.488517,2.394428,-2.075525,0.0,0.0,0.668900,2.908623,-2.254433,0.0,0.0,0.397317,0.844767,-1.327384,0.0,0.0,0.759040,1.490290,-1.725597,0.0,0.0,1.041082,1.864029,-1.906049,0.0,0.0,1.311156,2.181981,-2.035025,0.0,0.0
v21.mp4,c414793092cbd3f6b2a0783f0a0eb93ea5fe3e9c0a97cfa5c0c72a011ea9d9d6,1920,1080,12.08,151,12.5,109,9083,Left,0.985326,0.000000,0.000000,0.000000,0.0,0.0,-0.832065,0.363256,-0.344294,0.0,0.0,-1.546943,0.985703,-0.679012,0.0,0.0,-2.091137,1.503888,-0.935033,0.0,0.0,-2.610767,1.842526,-1.232091,0.0,0.0,-1.069152,1.028227,-1.295601,0.0,0.0,-1.191140,1.878489,-1.777640,0.0,0.0,-1.277116,2.485725,-2.045601,0.0,0.0,-1.345359,3.018873,-2.235573,0.0,0.0,-0.496613,0.963450,-1.326994,0.0,0.0,-0.281741,1.913049,-1.825662,0.0,0.0,-0.175449,2.628828,-2.104994,0.0,0.0,-0.059574,3.211169,-2.345603,0.0,0.0,0.007969,0.899008,-1.320476,0.0,0.0,0.332560,1.780071,-1.773116,0.0,0.0,0.501862,2.402415,-2.020442,0.0,0.0,0.681248,2.905307,-2.208316,0.0,0.0,0.401433,0.842249,-1.309148,0.0,0.0,0.777352,1.489139,-1.693278,0.0,0.0,1.066700,1.864789,-1.881281,0.0,0.0,1.339280,2.174011,-2.021314,0.0,0.0
v21.mp4,c414793092cbd3f6b2a0783f0a0eb93ea5fe3e9c0a97cfa5c0c72a011ea9d9d6,1920,1080,12.08,151,12.5,110,9166,Left,0.982427,0.000000,0.000000,0.000000,0.0,0.0,-0.825584,0.371435,-0.357542,0.0,0.0,-1.531209,0.995331,-0.707021,0.0,0.0,-2.085017,1.504391,-0.975650,0.0,0.0,-2.606549,1.851277,-1.286213,0.0,0.0,-1.049314,1.020348,-1.343197,0.0,0.0,-1.176632,1.877415,-1.837611,0.0,0.0,-1.260734,2.493110,-2.112941,0.0,0.0,-1.325988,3.035252,-2.310134,0.0,0.0,-0.476000,0.955144,-1.375533,0.0,0.0,-0.256058,1.904626,-1.891465,0.0,0.0,-0.154497,2.632276,-2.185434,0.0,0.0,-0.048913,3.230683,-2.441631,0.0,0.0,0.036723,0.895402,-1.368338,0.0,0.0,0.354759,1.781446,-1.829366,0.0,0.0,0.517500,2.410253,-2.085268,0.0,0.0,0.692509,2.915699,-2.284542,0.0,0.0,0.439320,0.843408,-1.357354,0.0,0.0,0.804812,1.491132,-1.748490,0.0,0.0,1.084052,1.871754,-1.946099,0.0,0.0,1.354779,2.182764,-2.097813,0.0,0.0
v21.mp4,c414793092cbd3f6b2a0783f0a0eb93ea5fe3e9c0a97cfa5c0c72a011ea9d9d6,1920,1080,12.08,151,12.5,111,9250,Left,0.973826,0.000000,0.000000,0.000000,0.0,0.0,-0.824421,0.385986,-0.369012,0.0,0.0,-1.541434,1.005710,-0.731117,0.0,0.0,-2.099951,1.513610,-1.011107,0.0,0.0,-2.633290,1.867231,-1.333366,0.0,0.0,-1.046346,1.011077,-1.380225,0.0,0.0,-1.178042,1.865943,-1.891293,0.0,0.0,-1.261170,2.499523,-2.178498,0.0,0.0,-1.325798,3.061427,-2.385799,0.0,0.0,-0.459241,0.941061,-1.415472,0.0,0.0,-0.247914,1.912435,-1.940205,0.0,0.0,-0.146743,2.660312,-2.246668,0.0,0.0,-0.044436,3.284829,-2.518324,0.0,0.0,0.060505,0.876630,-1.410372,0.0,0.0,0.372368,1.780030,-1.874616,0.0,0.0,0.537550,2.431127,-2.139965,0.0,0.0,0.710185,2.956812,-2.351767,0.0,0.0,0.468289,0.818726,-1.402531,0.0,0.0,0.837142,1.475071,-1.795417,0.0,0.0,1.110481,1.879461,-2.002137,0.0,0.0,1.376542,2.216026,-2.166112,0.0,0.0
v21.mp4,c414793092cbd3f6b2a0783f0a0eb93ea5fe3e9c0a97cfa5c0c72a011ea9d9d6,1920,1080,12.08,151,12.5,112,9333,Left,0.967217,0.000000,0.000000,0.000000,0.0,0.0,-0.840383,0.374233,-0.425584,0.0,0.0,-1.570765,1.002267,-0.816546,0.0,0.0,-2.136709,1.525215,-1.111827,0.0,0.0,-2.680983,1.896422,-1.448864,0.0,0.0,-1.024045,1.008723,-1.476623,0.0,0.0,-1.170700,1.884325,-2.020240,0.0,0.0,-1.258330,2.542014,-2.327044,0.0,0.0,-1.331199,3.123083,-2.545544,0.0,0.0,-0.429551,0.941115,-1.488586,0.0,0.0,-0.221639,1.920562,-2.043151,0.0,0.0,-0.120327,2.694205,-2.368386,0.0,0.0,-0.017298,3.345008,-2.654699,0.0,0.0,0.091516,0.875500,-1.459847,0.0,0.0,0.401621,1.774119,-1.954010,0.0,0.0,0.567418,2.442909,-2.235465,0.0,0.0,0.744963,2.989916,-2.456456,0.0,0.0,0.502168,0.814434,-1.430874,0.0,0.0,0.876804,1.475261,-1.846419,0.0,0.0,1.156164,1.884401,-2.062634,0.0,0.0,1.431530,2.230344,-2.233199,0.0,0.0
v21.mp4,c414793092cbd3f6b2a0783f0a0eb93ea5fe3e9c0a97cfa5c0c72a011ea9d9d6,1920,1080,12.08,151,12.5,113,9416,Left,0.976951,0.000000,0.000000,0.000000,0.0,0.0,-0.866701,0.376026,-0.422587,0.0,0.0,-1.617085,0.994923,-0.826720,0.0,0.0,-2.199904,1.519019,-1.133915,0.0,0.0,-2.748525,1.902902,-1.482867,0.0,0.0,-1.055158,0.953075,-1.533616,0.0,0.0,-1.209073,1.858979,-2.096422,0.0,0.0,-1.301062,2.539011,-2.409662,0.0,0.0,-1.375604,3.137911,-2.632716,0.0,0.0,-0.432431,0.884852,-1.556502,0.0,0.0,-0.247771,1.891955,-2.136964,0.0,0.0,-0.158274,2.687671,-2.471804,0.0,0.0,-0.064707,3.359403,-2.764686,0.0,0.0,0.108305,0.828968,-1.533869,0.0,0.0,0.408982,1.761267,-2.040851,0.0,0.0,0.558945,2.448717,-2.320654,0.0,0.0,0.716476,3.012739,-2.541959,0.0,0.0,0.531445,0.781700,-1.510149,0.0,0.0,0.904933,1.460840,-1.938066,0.0,0.0,1.168276,1.890100,-2.157195,0.0,0.0,1.421631,2.255924,-2.330071,0.0,0.0
v21.mp4,c414793092cbd3f6b2a0783f0a0eb93ea5fe3e9c0a97cfa5c0c72a011ea9d9d6,1920,1080,12.08,151,12.5,114,9500,Left,0.973052,0.000000,0.000000,0.000000,0.0,0.0,-0.843071,0.364433,-0.431749,0.0,0.0,-1.591310,0.989529,-0.824800,0.0,0.0,-2.162710,1.525031,-1.121006,0.0,0.0,-2.672135,1.955561,-1.458670,0.0,0.0,-1.038055,0.941944,-1.514749,0.0,0.0,-1.188832,1.847364,-2.086113,0.0,0.0,-1.261771,2.525348,-2.411024,0.0,0.0,-1.318004,3.131846,-2.640770,0.0,0.0,-0.416912,0.883252,-1.539194,0.0,0.0,-0.289861,1.861933,-2.138194,0.0,0.0,-0.199927,2.666996,-2.481887,0.0,0.0,-0.097519,3.365777,-2.774840,0.0,0.0,0.120508,0.832048,-1.521490,0.0,0.0,0.370314,1.732483,-2.032640,0.0,0.0,0.508733,2.428358,-2.300465,0.0,0.0,0.654881,3.023835,-2.511680,0.0,0.0,0.556733,0.790964,-1.506553,0.0,0.0,0.886560,1.436898,-1.934096,0.0,0.0,1.129149,1.872842,-2.139775,0.0,0.0,1.368826,2.264052,-2.301175,0.0,0.0
v21.mp4,c414793092cbd3f6b2a0783f0a0eb93ea5fe3e9c0a97cfa5c0c72a011ea9d9d6,1920,1080,12.08,151,12.5,115,9583,Left,0.981357,0.000000,0.000000,0.000000,0.0,0.0,-0.824443,0.399374,-0.388646,0.0,0.0,-1.561457,1.051459,-0.743062,0.0,0.0,-2.102009,1.614671,-1.005841,0.0,0.0,-2.581960,2.051151,-1.306852,0.0,0.0,-0.988192,0.972372,-1.408323,0.0,0.0,-1.135907,1.905003,-1.932939,0.0,0.0,-1.197692,2.594734,-2.225229,0.0,0.0,-1.238347,3.197944,-2.430718,0.0,0.0,-0.364887,0.903303,-1.431544,0.0,0.0,-0.227813,1.919947,-1.965429,0.0,0.0,-0.128864,2.722057,-2.261577,0.0,0.0,-0.019506,3.396026,-2.518084,0.0,0.0,0.166934,0.849234,-1.414352,0.0,0.0,0.419225,1.789930,-1.862980,0.0,0.0,0.553248,2.488302,-2.093404,0.0,0.0,0.687145,3.074205,-2.280590,0.0,0.0,0.590080,0.808827,-1.399566,0.0,0.0,0.915658,1.474347,-1.779437,0.0,0.0,1.135082,1.925802,-1.960709,0.0,0.0,1.339710,2.323662,-2.103292,0.0,0.0
v21.mp4,c414793092cbd3f6b2a0783f0a0eb93ea5fe3e9c0a97cfa5c0c72a011ea9d9d6,1920,1080,12.08,151,12.5,116,9666,Left,0.987112,0.000000,0.000000,0.000000,0.0,0.0,-0.769097,0.442545,-0.375800,0.0,0.0,-1.462601,1.119911,-0.723370,0.0,0.0,-1.963599,1.714528,-0.981925,0.0,0.0,-2.426456,2.167583,-1.281479,0.0,0.0,-0.868460,1.044008,-1.384060,0.0,0.0,-0.948574,2.017713,-1.889892,0.0,0.0,-0.985865,2.705359,-2.171458,0.0,0.0,-1.001281,3.298262,-2.367602,0.0,0.0,-0.248805,0.942544,-1.407026,0.0,0.0,-0.049239,1.999873,-1.912125,0.0,0.0,0.081526,2.798533,-2.188982,0.0,0.0,0.223784,3.456281,-2.430075,0.0,0.0,0.268054,0.861946,-1.388689,0.0,0.0,0.578288,1.843458,-1.805211,0.0,0.0,0.750304,2.528952,-2.008057,0.0,0.0,0.914527,3.089317,-2.175452,0.0,0.0,0.675775,0.811609,-1.373586,0.0,0.0,1.029564,1.499119,-1.723774,0.0,0.0,1.263607,1.943675,-1.880187,0.0,0.0,1.479276,2.319314,-2.001954,0.0,0.0
v21.mp4,c414793092cbd3f6b2a0783f0a0eb93ea5fe3e9c0a97cfa5c0c72a011ea9d9d6,1920,1080,12.08,151,12.5,117,9750,Left,0.980355,0.000000,0.000000,0.000000,0.0,0.0,-0.723312,0.454825,-0.365927,0.0,0.0,-1.367475,1.126200,-0.682663,0.0,0.0,-1.794393,1.721320,-0.915017,0.0,0.0,-2.181519,2.182592,-1.181011,0.0,0.0,-0.733223,1.084914,-1.255508,0.0,0.0,-0.789154,2.010899,-1.715122,0.0,0.0,-0.803258,2.672767,-1.965851,0.0,0.0,-0.798831,3.242244,-2.139450,0.0,0.0,-0.127128,0.986812,-1.261278,0.0,0.0,0.099405,1.999384,-1.730040,0.0,0.0,0.241442,2.761542,-1.987406,0.0,0.0,0.384181,3.387065,-2.207951,0.0,0.0,0.370276,0.903481,-1.231164,0.0,0.0,0.662148,1.810796,-1.617970,0.0,0.0,0.851297,2.466300,-1.806669,0.0,0.0,1.026819,3.001805,-1.957101,0.0,0.0,0.757247,0.836572,-1.207244,0.0,0.0,1.108403,1.497187,-1.540675,0.0,0.0,1.332059,1.931057,-1.699398,0.0,0.0,1.539522,2.301766,-1.817152,0.0,0.0
v21.mp4,c414793092cbd3f6b2a0783f0a0eb93ea5fe3e9c0a97cfa5c0c72a011ea9d9d6,1920,1080,12.08,151,12.5,118,9833,Left,0.968344,0.000000,0.000000,0.000000,0.0,0.0,-0.706510,0.444882,-0.398456,0.0,0.0,-1.333537,1.120336,-0.742847,0.0,0.0,-1.786173,1.737333,-0.989929,0.0,0.0,-2.184122,2.226164,-1.265897,0.0,0.0,-0.699967,1.076482,-1.383085,0.0,0.0,-0.727963,2.014425,-1.886478,0.0,0.0,-0.719064,2.709489,-2.161415,0.0,0.0,-0.712227,3.318414,-2.348431,0.0,0.0,-0.072335,0.957072,-1.363428,0.0,0.0,0.218943,1.973037,-1.884077,0.0,0.0,0.393086,2.772427,-2.176929,0.0,0.0,0.544752,3.455823,-2.426083,0.0,0.0,0.427555,0.879957,-1.299255,0.0,0.0,0.781886,1.775791,-1.714318,0.0,0.0,1.013009,2.450976,-1.921339,0.0,0.0,1.192548,3.024574,-2.086555,0.0,0.0,0.804850,0.831967,-1.241963,0.0,0.0,1.204675,1.492853,-1.592408,0.0,0.0,1.463520,1.920446,-1.766693,0.0,0.0,1.687539,2.317878,-1.898818,0.0,0.0
v21.mp4,c414793092cbd3f6b2a0783f0a0eb93ea5fe3e9c0a97cfa5c0c72a011ea9d9d6,1920,1080,12.08,151,12.5,119,9916,Left,0.961895,0.000000,0.000000,0.000000,0.0,0.0,-0.689896,0.437567,-0.414631,0.0,0.0,-1.307907,1.113483,-0.769526,0.0,0.0,-1.766489,1.723564,-1.021636,0.0,0.0,-2.164906,2.200691,-1.303521,0.0,0.0,-0.667813,1.076023,-1.429960,0.0,0.0,-0.696104,2.030313,-1.941747,0.0,0.0,-0.691227,2.735620,-2.218388,0.0,0.0,-0.685653,3.347183,-2.403384,0.0,0.0,-0.036402,0.962511,-1.397033,0.0,0.0,0.261455,1.994716,-1.918191,0.0,0.0,0.453061,2.786115,-2.200031,0.0,0.0,0.625399,3.452293,-2.438893,0.0,0.0,0.457938,0.893760,-1.318743,0.0,0.0,0.811056,1.796575,-1.725030,0.0,0.0,1.057145,2.475537,-1.921693,0.0,0.0,1.251539,3.043459,-2.080809,0.0,0.0,0.821329,0.849647,-1.249833,0.0,0.0,1.220130,1.518051,-1.589613,0.0,0.0,1.467408,1.961914,-1.758431,0.0,0.0,1.681186,2.367688,-1.887961,0.0,0.0
v21.mp4,c414793092cbd3f6b2a0783f0a0eb93ea5fe3e9c0a97cfa5c0c72a011ea9d9d6,1920,1080,12.08,151,12.5,120,10000,Left,0.949217,0.000000,0.000000,0.000000,0.0,0.0,-0.671727,0.441071,-0.435491,0.0,0.0,-1.282035,1.116619,-0.798839,0.0,0.0,-1.751792,1.722483,-1.059530,0.0,0.0,-2.153095,2.193792,-1.349267,0.0,0.0,-0.647821,1.081378,-1.420188,0.0,0.0,-0.692165,2.005657,-1.937429,0.0,0.0,-0.676204,2.704078,-2.212604,0.0,0.0,-0.651457,3.312102,-2.394764,0.0,0.0,-0.023738,0.971463,-1.381949,0.0,0.0,0.254666,1.979763,-1.928847,0.0,0.0,0.442675,2.757294,-2.209100,0.0,0.0,0.624340,3.417768,-2.436303,0.0,0.0,0.471588,0.891134,-1.303658,0.0,0.0,0.817905,1.765825,-1.741635,0.0,0.0,1.052195,2.445663,-1.934757,0.0,0.0,1.242071,3.019885,-2.077874,0.0,0.0,0.838024,0.826725,-1.236745,0.0,0.0,1.228163,1.497426,-1.592617,0.0,0.0,1.470610,1.952884,-1.761621,0.0,0.0,1.681091,2.364363,-1.885433,0.0,0.0
v21.mp4,c414793092cbd3f6b2a0783f0a0eb93ea5fe3e9c0a97cfa5c0c72a011ea9d9d6,1920,1080,12.08,151,12.5,121,10083,Left,0.956794,0.000000,0.000000,0.000000,0.0,0.0,-0.680253,0.435973,-0.431968,0.0,0.0,-1.292358,1.112653,-0.791621,0.0,0.0,-1.751243,1.716916,-1.049905,0.0,0.0,-2.155200,2.180037,-1.336532,0.0,0.0,-0.671593,1.086711,-1.394269,0.0,0.0,-0.717326,1.996198,-1.900865,0.0,0.0,-0.687547,2.685968,-2.165848,0.0,0.0,-0.642462,3.285174,-2.340871,0.0,0.0,-0.055049,0.990147,-1.357302,0.0,0.0,0.240352,1.990105,-1.891916,0.0,0.0,0.439104,2.753617,-2.152574,0.0,0.0,0.633470,3.401474,-2.363041,0.0,0.0,0.441232,0.906669,-1.283795,0.0,0.0,0.792470,1.772296,-1.719406,0.0,0.0,1.023707,2.436480,-1.902686,0.0,0.0,1.215901,2.990620,-2.033720,0.0,0.0,0.806322,0.826737,-1.221776,0.0,0.0,1.200657,1.502575,-1.575273,0.0,0.0,1.445939,1.952708,-1.738039,0.0,0.0,1.657947,2.345171,-1.854143,0.0,0.0
v21.mp4,c414793092cbd3f6b2a0783f0a0eb93ea5fe3e9c0a97cfa5c0c72a011ea9d9d6,1920,1080,12.08,151,12.5,122,10166,Left,0.943434,0.000000,0.000000,0.000000,0.0,0.0,-0.668502,0.431126,-0.423184,0.0,0.0,-1.259208,1.112562,-0.762600,0.0,0.0,-1.694261,1.713704,-1.003433,0.0,0.0,-2.072131,2.164341,-1.273659,0.0,0.0,-0.642079,1.107866,-1.339337,0.0,0.0,-0.672022,2.001422,-1.827760,0.0,0.0,-0.644386,2.670125,-2.092254,0.0,0.0,-0.602635,3.250460,-2.268563,0.0,0.0,-0.039539,1.012700,-1.299410,0.0,0.0,0.257290,1.998725,-1.793342,0.0,0.0,0.452413,2.736378,-2.046535,0.0,0.0,0.641331,3.361374,-2.256109,0.0,0.0,0.443978,0.932175,-1.225082,0.0,0.0,0.800900,1.792995,-1.625528,0.0,0.0,1.035338,2.429629,-1.802267,0.0,0.0,1.234154,2.961077,-1.937109,0.0,0.0,0.800856,0.857900,-1.163932,0.0,0.0,1.189597,1.509983,-1.500954,0.0,0.0,1.436360,1.942150,-1.658492,0.0,0.0,1.650522,2.324263,-1.772694,0.0,0.0
v21.mp4,c414793092cbd3f6b2a0783f0a0eb93ea5fe3e9c0a97cfa5c0c72a011ea9d9d6,1920,1080,12.08,151,12.5,123,10250,Left,0.939052,0.000000,0.000000,0.000000,0.0,0.0,-0.667926,0.432167,-0.397296,0.0,0.0,-1.248847,1.102246,-0.729528,0.0,0.0,-1.689964,1.692818,-0.971644,0.0,0.0,-2.092320,2.123349,-1.238566,0.0,0.0,-0.684389,1.106345,-1.264273,0.0,0.0,-0.677646,1.996807,-1.723240,0.0,0.0,-0.621469,2.652970,-1.960798,0.0,0.0,-0.561227,3.225748,-2.120255,0.0,0.0,-0.088594,1.019999,-1.237588,0.0,0.0,0.198516,1.965815,-1.721760,0.0,0.0,0.390348,2.703216,-1.956894,0.0,0.0,0.568081,3.325851,-2.148089,0.0,0.0,0.401505,0.931160,-1.179464,0.0,0.0,0.731824,1.750396,-1.574251,0.0,0.0,0.951609,2.400365,-1.741404,0.0,0.0,1.130659,2.948517,-1.865315,0.0,0.0,0.768281,0.840728,-1.133891,0.0,0.0,1.142429,1.473156,-1.472714,0.0,0.0,1.386195,1.909136,-1.630156,0.0,0.0,1.593971,2.300041,-1.740418,0.0,0.0
v21.mp4,c414793092cbd3f6b2a0783f0a0eb93ea5fe3e9c0a97cfa5c0c72a011ea9d9d6,1920,1080,12.08,151,12.5,124,10333,Left,0.954958,0.000000,0.000000,0.000000,0.0,0.0,-0.673461,0.433825,-0.381034,0.0,0.0,-1.282309,1.100257,-0.711453,0.0,0.0,-1.732536,1.689391,-0.955424,0.0,0.0,-2.140460,2.118220,-1.226613,0.0,0.0,-0.726341,1.094099,-1.252586,0.0,0.0,-0.724025,2.010561,-1.706632,0.0,0.0,-0.686767,2.675360,-1.940598,0.0,0.0,-0.640584,3.254108,-2.096523,0.0,0.0,-0.132000,1.000957,-1.238044,0.0,0.0,0.155511,1.997234,-1.703375,0.0,0.0,0.335370,2.746562,-1.923723,0.0,0.0,0.504765,3.370039,-2.106226,0.0,0.0,0.368039,0.912661,-1.192051,0.0,0.0,0.704169,1.779408,-1.575384,0.0,0.0,0.915601,2.437937,-1.732052,0.0,0.0,1.094034,2.986308,-1.850530,0.0,0.0,0.751908,0.834552,-1.157049,0.0,0.0,1.129486,1.489485,-1.491745,0.0,0.0,1.377337,1.923300,-1.638865,0.0,0.0,1.592855,2.308159,-1.740978,0.0,0.0
v21.mp4,c414793092cbd3f6b2a0783f0a0eb93ea5fe3e9c0a97cfa5c0c72a011ea9d9d6,1920,1080,12.08,151,12.5,125,10416,Left,0.97998,0.000000,0.000000,0.000000,0.0,0.0,-0.693487,0.455202,-0.308717,0.0,0.0,-1.300451,1.112366,-0.600868,0.0,0.0,-1.764814,1.707836,-0.820827,0.0,0.0,-2.196590,2.120542,-1.069317,0.0,0.0,-0.770775,1.096000,-1.141888,0.0,0.0,-0.823829,1.988263,-1.586439,0.0,0.0,-0.846962,2.636871,-1.835316,0.0,0.0,-0.877336,3.212015,-2.002154,0.0,0.0,-0.189105,1.019244,-1.151727,0.0,0.0,0.003666,1.958174,-1.577474,0.0,0.0,0.120974,2.709375,-1.798652,0.0,0.0,0.223230,3.343158,-1.990516,0.0,0.0,0.304807,0.944276,-1.129073,0.0,0.0,0.567038,1.785197,-1.475404,0.0,0.0,0.728570,2.442537,-1.636103,0.0,0.0,0.852327,2.994064,-1.765629,0.0,0.0,0.684573,0.876313,-1.112263,0.0,0.0,1.021999,1.504198,-1.421451,0.0,0.0,1.243538,1.939405,-1.566223,0.0,0.0,1.422712,2.332642,-1.670143,0.0,0.0
v21.mp4,c414793092cbd3f6b2a0783f0a0eb93ea5fe3e9c0a97cfa5c0c72a011ea9d9d6,1920,1080,12.08,151,12.5,126,10500,Left,0.981529,0.000000,0.000000,0.000000,0.0,0.0,-0.722483,0.460920,-0.302595,0.0,0.0,-1.342012,1.094051,-0.596156,0.0,0.0,-1.832459,1.665880,-0.822557,0.0,0.0,-2.288252,2.069316,-1.078169,0.0,0.0,-0.841248,1.077899,-1.111648,0.0,0.0,-0.940248,1.956139,-1.558662,0.0,0.0,-0.995004,2.612779,-1.816446,0.0,0.0,-1.051476,3.194975,-1.988530,0.0,0.0,-0.273670,0.997671,-1.129402,0.0,0.0,-0.130037,1.930525,-1.550110,0.0,0.0,-0.031873,2.699823,-1.774018,0.0,0.0,0.057164,3.349751,-1.969205,0.0,0.0,0.227415,0.928946,-1.118138,0.0,0.0,0.459224,1.767877,-1.457219,0.0,0.0,0.611028,2.446139,-1.616029,0.0,0.0,0.729852,3.012963,-1.744562,0.0,0.0,0.636792,0.869874,-1.114251,0.0,0.0,0.946679,1.520216,-1.418383,0.0,0.0,1.160464,1.981754,-1.560309,0.0,0.0,1.337415,2.393217,-1.661414,0.0,0.0
v21.mp4,c414793092cbd3f6b2a0783f0a0eb93ea5fe3e9c0a97cfa5c0c72a011ea9d9d6,1920,1080,12.08,151,12.5,127,10583,Left,0.981721,0.000000,0.000000,0.000000,0.0,0.0,-0.750817,0.486214,-0.267123,0.0,0.0,-1.395028,1.103480,-0.570223,0.0,0.0,-1.915757,1.645128,-0.814820,0.0,0.0,-2.407442,2.000868,-1.091752,0.0,0.0,-0.948681,1.083575,-1.113798,0.0,0.0,-1.111090,1.970785,-1.556579,0.0,0.0,-1.198712,2.596833,-1.794287,0.0,0.0,-1.288235,3.152846,-1.953777,0.0,0.0,-0.399503,1.005109,-1.170895,0.0,0.0,-0.308592,1.943593,-1.625696,0.0,0.0,-0.265677,2.692811,-1.858778,0.0,0.0,-0.229861,3.319104,-2.052444,0.0,0.0,0.100744,0.917884,-1.193674,0.0,0.0,0.304925,1.755348,-1.572333,0.0,0.0,0.424334,2.417477,-1.746602,0.0,0.0,0.517626,2.974474,-1.879857,0.0,0.0,0.512890,0.837719,-1.216309,0.0,0.0,0.802632,1.492790,-1.548958,0.0,0.0,1.002523,1.944540,-1.701862,0.0,0.0,1.174226,2.355481,-1.810605,0.0,0.0
v21.mp4,c414793092cbd3f6b2a0783f0a0eb93ea5fe3e9c0a97cfa5c0c72a011ea9d9d6,1920,1080,12.08,151,12.5,128,10666,Left,0.989921,0.000000,0.000000,0.000000,0.0,0.0,-0.785009,0.448073,-0.237452,0.0,0.0,-1.459052,1.057079,-0.521278,0.0,0.0,-1.979733,1.593734,-0.749794,0.0,0.0,-2.479506,1.942229,-1.016605,0.0,0.0,-1.072183,0.978900,-1.113168,0.0,0.0,-1.245190,1.891838,-1.542986,0.0,0.0,-1.337532,2.532155,-1.768700,0.0,0.0,-1.427288,3.096400,-1.926092,0.0,0.0,-0.489254,0.905898,-1.192976,0.0,0.0,-0.419636,1.927237,-1.626592,0.0,0.0,-0.393841,2.696877,-1.848153,0.0,0.0,-0.355165,3.327939,-2.040718,0.0,0.0,0.047568,0.824892,-1.235571,0.0,0.0,0.245730,1.718036,-1.610649,0.0,0.0,0.346160,2.412013,-1.788820,0.0,0.0,0.434870,2.989157,-1.930348,0.0,0.0,0.491910,0.753617,-1.272490,0.0,0.0,0.774681,1.434019,-1.613711,0.0,0.0,0.982626,1.909141,-1.766070,0.0,0.0,1.166230,2.335698,-1.876621,0.0,0.0
v21.mp4,c414793092cbd3f6b2a0783f0a0eb93ea5fe3e9c0a97cfa5c0c72a011ea9d9d6,1920,1080,12.08,151,12.5,129,10750,Left,0.979914,0.000000,0.000000,0.000000,0.0,0.0,-0.778000,0.401544,-0.261815,0.0,0.0,-1.447451,0.989279,-0.564979,0.0,0.0,-2.010664,1.483931,-0.809470,0.0,0.0,-2.502079,1.818304,-1.097215,0.0,0.0,-1.111240,0.951576,-1.195782,0.0,0.0,-1.366562,1.847231,-1.646204,0.0,0.0,-1.467216,2.492212,-1.867501,0.0,0.0,-1.558995,3.040939,-2.018014,0.0,0.0,-0.548703,0.896697,-1.281545,0.0,0.0,-0.534392,1.859863,-1.773601,0.0,0.0,-0.531301,2.626743,-2.016577,0.0,0.0,-0.523604,3.237708,-2.213598,0.0,0.0,-0.004995,0.803370,-1.325941,0.0,0.0,0.139379,1.627773,-1.748043,0.0,0.0,0.204562,2.317543,-1.942061,0.0,0.0,0.253365,2.892908,-2.088677,0.0,0.0,0.463919,0.707150,-1.363021,0.0,0.0,0.714600,1.350826,-1.739438,0.0,0.0,0.894402,1.826987,-1.900279,0.0,0.0,1.054247,2.263214,-2.012542,0.0,0.0
v21.mp4,c414793092cbd3f6b2a0783f0a0eb93ea5fe3e9c0a97cfa5c0c72a011ea9d9d6,1920,1080,12.08,151,12.5,130,10833,Left,0.988841,0.000000,0.000000,0.000000,0.0,0.0,-0.796170,0.364332,-0.272153,0.0,0.0,-1.462412,0.936861,-0.578736,0.0,0.0,-2.014545,1.443615,-0.819007,0.0,0.0,-2.521316,1.788090,-1.102692,0.0,0.0,-1.192398,0.870982,-1.233725,0.0,0.0,-1.479170,1.772715,-1.700370,0.0,0.0,-1.579043,2.438596,-1.932527,0.0,0.0,-1.658939,3.000897,-2.092676,0.0,0.0,-0.638995,0.809027,-1.315325,0.0,0.0,-0.668834,1.777044,-1.814983,0.0,0.0,-0.682244,2.568333,-2.062681,0.0,0.0,-0.670025,3.204477,-2.267983,0.0,0.0,-0.078861,0.740291,-1.357513,0.0,0.0,0.048345,1.608960,-1.806077,0.0,0.0,0.089071,2.312567,-2.024442,0.0,0.0,0.119744,2.902203,-2.187208,0.0,0.0,0.428354,0.684387,-1.388638,0.0,0.0,0.662241,1.331420,-1.795563,0.0,0.0,0.831026,1.820729,-1.980289,0.0,0.0,0.977452,2.266745,-2.108625,0.0,0.0
v21.mp4,c414793092cbd3f6b2a0783f0a0eb93ea5fe3e9c0a97cfa5c0c72a011ea9d9d6,1920,1080,12.08,151,12.5,131,10916,Left,0.992417,0.000000,0.000000,0.000000,0.0,0.0,-0.826202,0.384521,-0.323531,0.0,0.0,-1.498081,0.936643,-0.696836,0.0,0.0,-2.051892,1.425000,-0.995253,0.0,0.0,-2.571108,1.762890,-1.337180,0.0,0.0,-1.246580,0.832538,-1.442284,0.0,0.0,-1.516399,1.751041,-2.010024,0.0,0.0,-1.646755,2.428883,-2.310440,0.0,0.0,-1.749981,3.000801,-2.517084,0.0,0.0,-0.690076,0.771232,-1.535056,0.0,0.0,-0.696289,1.733058,-2.172663,0.0,0.0,-0.734159,2.545838,-2.489850,0.0,0.0,-0.730214,3.196840,-2.741672,0.0,0.0,-0.129704,0.705571,-1.583198,0.0,0.0,0.029719,1.563717,-2.156282,0.0,0.0,0.059986,2.268262,-2.411798,0.0,0.0,0.086020,2.853740,-2.590043,0.0,0.0,0.382708,0.664918,-1.619608,0.0,0.0,0.646583,1.326003,-2.110869,0.0,0.0,0.817329,1.815045,-2.318426,0.0,0.0,0.973259,2.257098,-2.461095,0.0,0.0
v21.mp4,c414793092cbd3f6b2a0783f0a0eb93ea5fe3e9c0a97cfa5c0c72a011ea9d9d6,1920,1080,12.08,151,12.5,132,11000,Left,0.991917,0.000000,0.000000,0.000000,0.0,0.0,-0.821254,0.380544,-0.320420,0.0,0.0,-1.535531,0.985131,-0.663894,0.0,0.0,-2.105438,1.496992,-0.928869,0.0,0.0,-2.621990,1.828965,-1.232306,0.0,0.0,-1.268573,0.845875,-1.400977,0.0,0.0,-1.550522,1.773146,-1.945609,0.0,0.0,-1.690439,2.450692,-2.233718,0.0,0.0,-1.789231,3.029179,-2.432637,0.0,0.0,-0.718135,0.747329,-1.485431,0.0,0.0,-0.752322,1.743437,-2.110368,0.0,0.0,-0.759110,2.586723,-2.421734,0.0,0.0,-0.720666,3.255661,-2.666505,0.0,0.0,-0.162378,0.678507,-1.524539,0.0,0.0,0.005142,1.587852,-2.081004,0.0,0.0,0.064905,2.314646,-2.320111,0.0,0.0,0.111412,2.905399,-2.483710,0.0,0.0,0.351696,0.664588,-1.553301,0.0,0.0,0.628388,1.375880,-2.020364,0.0,0.0,0.803492,1.878751,-2.209974,0.0,0.0,0.949321,2.317603,-2.338811,0.0,0.0
v21.mp4,c414793092cbd3f6b2a0783f0a0eb93ea5fe3e9c0a97cfa5c0c72a011ea9d9d6,1920,1080,12.08,151,12.5,133,11083,Left,0.987861,0.000000,0.000000,0.000000,0.0,0.0,-0.821311,0.404067,-0.328660,0.0,0.0,-1.524654,1.007254,-0.670732,0.0,0.0,-2.089155,1.506777,-0.937840,0.0,0.0,-2.606412,1.845483,-1.242688,0.0,0.0,-1.256874,0.865093,-1.369785,0.0,0.0,-1.535920,1.793963,-1.915992,0.0,0.0,-1.673455,2.466170,-2.208596,0.0,0.0,-1.770191,3.043464,-2.410779,0.0,0.0,-0.728072,0.773859,-1.452002,0.0,0.0,-0.746279,1.752684,-2.083156,0.0,0.0,-0.744927,2.585886,-2.398083,0.0,0.0,-0.698704,3.251658,-2.644072,0.0,0.0,-0.184089,0.712397,-1.493150,0.0,0.0,-0.013716,1.613530,-2.050562,0.0,0.0,0.065214,2.337218,-2.284745,0.0,0.0,0.133341,2.937722,-2.446233,0.0,0.0,0.329733,0.706035,-1.527279,0.0,0.0,0.626462,1.397984,-1.994896,0.0,0.0,0.799094,1.898538,-2.185611,0.0,0.0,0.945705,2.349313,-2.315368,0.0,0.0
v21.mp4,c414793092cbd3f6b2a0783f0a0eb93ea5fe3e9c0a97cfa5c0c72a011ea9d9d6,1920,1080,12.08,151,12.5,134,11166,Left,0.990124,0.000000,0.000000,0.000000,0.0,0.0,-0.836075,0.388745,-0.345691,0.0,0.0,-1.532697,0.986242,-0.718124,0.0,0.0,-2.078437,1.490761,-1.013214,0.0,0.0,-2.614686,1.822184,-1.348301,0.0,0.0,-1.255633,0.855410,-1.439169,0.0,0.0,-1.541588,1.779284,-2.011035,0.0,0.0,-1.679642,2.453238,-2.313886,0.0,0.0,-1.777168,3.034513,-2.523009,0.0,0.0,-0.709624,0.769517,-1.522528,0.0,0.0,-0.717872,1.761718,-2.185123,0.0,0.0,-0.710033,2.582236,-2.507825,0.0,0.0,-0.667019,3.237857,-2.758380,0.0,0.0,-0.160234,0.710117,-1.563864,0.0,0.0,0.011516,1.617863,-2.148428,0.0,0.0,0.091955,2.331588,-2.390109,0.0,0.0,0.160234,2.921501,-2.554376,0.0,0.0,0.346056,0.699425,-1.598021,0.0,0.0,0.622919,1.395222,-2.081427,0.0,0.0,0.787369,1.888585,-2.280346,0.0,0.0,0.933444,2.329691,-2.416922,0.0,0.0
v21.mp4,c414793092cbd3f6b2a0783f0a0eb93ea5fe3e9c0a97cfa5c0c72a011ea9d9d6,1920,1080,12.08,151,12.5,135,11250,Left,0.99605,0.000000,0.000000,0.000000,0.0,0.0,-0.804337,0.376570,-0.262802,0.0,0.0,-1.504149,1.002138,-0.533445,0.0,0.0,-2.047415,1.544852,-0.744443,0.0,0.0,-2.562975,1.879584,-0.999361,0.0,0.0,-1.210075,0.894438,-1.133453,0.0,0.0,-1.453484,1.824220,-1.571036,0.0,0.0,-1.571662,2.491357,-1.797356,0.0,0.0,-1.647153,3.056842,-1.955007,0.0,0.0,-0.656902,0.812827,-1.206356,0.0,0.0,-0.616547,1.839574,-1.682315,0.0,0.0,-0.587435,2.631022,-1.913734,0.0,0.0,-0.529752,3.263826,-2.103839,0.0,0.0,-0.109745,0.758273,-1.244380,0.0,0.0,0.075706,1.719191,-1.674002,0.0,0.0,0.178201,2.385585,-1.854020,0.0,0.0,0.261234,2.948501,-1.981564,0.0,0.0,0.371784,0.737598,-1.274683,0.0,0.0,0.664966,1.442382,-1.642097,0.0,0.0,0.843938,1.914803,-1.784399,0.0,0.0,0.990088,2.333644,-1.877698,0.0,0.0
v21.mp4,c414793092cbd3f6b2a0783f0a0eb93ea5fe3e9c0a97cfa5c0c72a011ea9d9d6,1920,1080,12.08,151,12.5,136,11333,Left,0.993137,0.000000,0.000000,0.000000,0.0,0.0,-0.792218,0.380063,-0.260911,0.0,0.0,-1.471420,1.009770,-0.526264,0.0,0.0,-2.002685,1.550836,-0.730675,0.0,0.0,-2.511896,1.888195,-0.975864,0.0,0.0,-1.161739,0.928233,-1.088296,0.0,0.0,-1.344257,1.857067,-1.501484,0.0,0.0,-1.437246,2.497725,-1.721745,0.0,0.0,-1.502323,3.044985,-1.878421,0.0,0.0,-0.597571,0.842539,-1.153433,0.0,0.0,-0.500701,1.855594,-1.594930,0.0,0.0,-0.453914,2.608850,-1.823981,0.0,0.0,-0.394219,3.222327,-2.017992,0.0,0.0,-0.049795,0.775945,-1.183819,0.0,0.0,0.174297,1.737132,-1.578724,0.0,0.0,0.289254,2.391812,-1.755165,0.0,0.0,0.377115,2.952149,-1.888719,0.0,0.0,0.421986,0.734013,-1.207763,0.0,0.0,0.712732,1.418767,-1.548059,0.0,0.0,0.897836,1.874946,-1.682011,0.0,0.0,1.053613,2.283162,-1.774423,0.0,0.0
v21.mp4,c414793092cbd3f6b2a0783f0a0eb93ea5fe3e9c0a97cfa5c0c72a011ea9d9d6,1920,1080,12.08,151,12.5,137,11416,Left,0.994184,0.000000,0.000000,0.000000,0.0,0.0,-0.805260,0.394152,-0.311658,0.0,0.0,-1.521192,1.028080,-0.613462,0.0,0.0,-2.025841,1.587817,-0.838300,0.0,0.0,-2.521706,1.955222,-1.103619,0.0,0.0,-1.064588,0.971376,-1.220403,0.0,0.0,-1.204833,1.923162,-1.681452,0.0,0.0,-1.313090,2.572027,-1.935354,0.0,0.0,-1.402737,3.120093,-2.111184,0.0,0.0,-0.470486,0.878028,-1.270056,0.0,0.0,-0.375210,1.919002,-1.749494,0.0,0.0,-0.302264,2.703165,-2.000568,0.0,0.0,-0.217751,3.349058,-2.208086,0.0,0.0,0.068537,0.803176,-1.281570,0.0,0.0,0.321519,1.759605,-1.698578,0.0,0.0,0.445196,2.438015,-1.884579,0.0,0.0,0.540622,3.022162,-2.021184,0.0,0.0,0.523365,0.756671,-1.289391,0.0,0.0,0.819646,1.439838,-1.636103,0.0,0.0,1.001335,1.906983,-1.767300,0.0,0.0,1.156312,2.325998,-1.857353,0.0,0.0
v21.mp4,c414793092cbd3f6b2a0783f0a0eb93ea5fe3e9c0a97cfa5c0c72a011ea9d9d6,1920,1080,12.08,151,12.5,138,11500,Left,0.992853,0.000000,0.000000,0.000000,0.0,0.0,-0.788128,0.419935,-0.321402,0.0,0.0,-1.468171,1.046668,-0.642245,0.0,0.0,-1.952628,1.605538,-0.877642,0.0,0.0,-2.404893,2.004015,-1.149883,0.0,0.0,-1.019597,1.001990,-1.305860,0.0,0.0,-1.177927,1.892334,-1.789381,0.0,0.0,-1.255457,2.548802,-2.050049,0.0,0.0,-1.313357,3.111377,-2.230284,0.0,0.0,-0.415552,0.900067,-1.345137,0.0,0.0,-0.278907,1.935443,-1.851060,0.0,0.0,-0.203590,2.729419,-2.127535,0.0,0.0,-0.121608,3.359414,-2.360395,0.0,0.0,0.117506,0.816113,-1.338375,0.0,0.0,0.390928,1.759033,-1.759867,0.0,0.0,0.506641,2.457537,-1.962644,0.0,0.0,0.604464,3.012406,-2.120161,0.0,0.0,0.557070,0.758475,-1.326749,0.0,0.0,0.870757,1.449681,-1.678593,0.0,0.0,1.053572,1.915342,-1.831667,0.0,0.0,1.203217,2.323271,-1.943976,0.0,0.0
v21.mp4,c414793092cbd3f6b2a0783f0a0eb93ea5fe3e9c0a97cfa5c0c72a011ea9d9d6,1920,1080,12.08,151,12.5,139,11583,Left,0.989734,0.000000,0.000000,0.000000,0.0,0.0,-0.776395,0.437665,-0.336847,0.0,0.0,-1.447070,1.088954,-0.668827,0.0,0.0,-1.918671,1.668821,-0.913616,0.0,0.0,-2.375544,2.074184,-1.193752,0.0,0.0,-0.967594,1.045094,-1.322195,0.0,0.0,-1.091145,1.933409,-1.814422,0.0,0.0,-1.148699,2.574615,-2.082426,0.0,0.0,-1.196228,3.126199,-2.266016,0.0,0.0,-0.374755,0.950859,-1.345874,0.0,0.0,-0.201860,1.953253,-1.862690,0.0,0.0,-0.106691,2.727790,-2.148922,0.0,0.0,-0.017763,3.346579,-2.391003,0.0,0.0,0.138451,0.872167,-1.324327,0.0,0.0,0.436917,1.801016,-1.745252,0.0,0.0,0.590449,2.488698,-1.949142,0.0,0.0,0.717431,3.029420,-2.109500,0.0,0.0,0.554149,0.816124,-1.300425,0.0,0.0,0.859536,1.512313,-1.645148,0.0,0.0,1.046780,1.969116,-1.803718,0.0,0.0,1.204989,2.363462,-1.923727,0.0,0.0
v21.mp4,c414793092cbd3f6b2a0783f0a0eb93ea5fe3e9c0a97cfa5c0c72a011ea9d9d6,1920,1080,12.08,151,12.5,140,11666,Left,0.987054,0.000000,0.000000,0.000000,0.0,0.0,-0.746077,0.463208,-0.317974,0.0,0.0,-1.386315,1.100712,-0.651054,0.0,0.0,-1.877380,1.661843,-0.907584,0.0,0.0,-2.337396,2.082953,-1.198444,0.0,0.0,-0.877199,1.079430,-1.289652,0.0,0.0,-1.034106,1.947084,-1.781184,0.0,0.0,-1.091553,2.596368,-2.043359,0.0,0.0,-1.127937,3.165088,-2.224332,0.0,0.0,-0.288150,0.987014,-1.324862,0.0,0.0,-0.104121,1.979952,-1.841565,0.0,0.0,-0.009979,2.751849,-2.118804,0.0,0.0,0.077560,3.374233,-2.355342,0.0,0.0,0.218160,0.901226,-1.316256,0.0,0.0,0.506465,1.806219,-1.729865,0.0,0.0,0.640514,2.482534,-1.917623,0.0,0.0,0.745507,3.022514,-2.068168,0.0,0.0,0.617639,0.827333,-1.307071,0.0,0.0,0.935466,1.525794,-1.652478,0.0,0.0,1.117967,1.987789,-1.812596,0.0,0.0,1.267899,2.388578,-1.932807,0.0,0.0
v21.mp4,c414793092cbd3f6b2a0783f0a0eb93ea5fe3e9c0a97cfa5c0c72a011ea9d9d6,1920,1080,12.08,151,12.5,141,11750,Left,0.97072,0.000000,0.000000,0.000000,0.0,0.0,-0.736731,0.434610,-0.376578,0.0,0.0,-1.390572,1.069676,-0.730017,0.0,0.0,-1.873726,1.643661,-0.995344,0.0,0.0,-2.345059,2.073510,-1.294331,0.0,0.0,-0.817698,1.036911,-1.362335,0.0,0.0,-0.960525,1.931476,-1.881846,0.0,0.0,-1.029092,2.589257,-2.171939,0.0,0.0,-1.077893,3.170513,-2.373305,0.0,0.0,-0.197543,0.958607,-1.373030,0.0,0.0,-0.035030,1.942698,-1.925875,0.0,0.0,0.064814,2.715230,-2.238941,0.0,0.0,0.164447,3.362778,-2.502326,0.0,0.0,0.313531,0.893176,-1.340742,0.0,0.0,0.589009,1.796012,-1.788567,0.0,0.0,0.763342,2.467080,-2.003318,0.0,0.0,0.902215,3.016061,-2.172387,0.0,0.0,0.710841,0.839308,-1.311767,0.0,0.0,1.013150,1.519270,-1.682396,0.0,0.0,1.199628,1.961982,-1.862591,0.0,0.0,1.359312,2.358207,-2.000549,0.0,0.0
v21.mp4,c414793092cbd3f6b2a0783f0a0eb93ea5fe3e9c0a97cfa5c0c72a011ea9d9d6,1920,1080,12.08,151,12.5,142,11833,Left,0.961123,0.000000,0.000000,0.000000,0.0,0.0,-0.715020,0.446891,-0.379282,0.0,0.0,-1.336494,1.079264,-0.733250,0.0,0.0,-1.814466,1.649256,-0.996514,0.0,0.0,-2.261804,2.095183,-1.288173,0.0,0.0,-0.784729,1.068710,-1.371047,0.0,0.0,-0.922598,1.974277,-1.889659,0.0,0.0,-0.978039,2.641202,-2.173725,0.0,0.0,-1.014167,3.229940,-2.367088,0.0,0.0,-0.179577,0.980909,-1.371563,0.0,0.0,-0.022787,1.949773,-1.937517,0.0,0.0,0.089583,2.722443,-2.254045,0.0,0.0,0.198192,3.389850,-2.513049,0.0,0.0,0.321269,0.914906,-1.326881,0.0,0.0,0.595241,1.796766,-1.780972,0.0,0.0,0.776698,2.472641,-1.999913,0.0,0.0,0.915801,3.040600,-2.166797,0.0,0.0,0.708346,0.869190,-1.285697,0.0,0.0,1.015199,1.552864,-1.658087,0.0,0.0,1.202981,2.005793,-1.842309,0.0,0.0,1.362203,2.422890,-1.980441,0.0,0.0
v21.mp4,c414793092cbd3f6b2a0783f0a0eb93ea5fe3e9c0a97cfa5c0c72a011ea9d9d6,1920,1080,12.08,151,12.5,143,11916,Left,0.966463,0.000000,0.000000,0.000000,0.0,0.0,-0.701998,0.453774,-0.368149,0.0,0.0,-1.329731,1.092270,-0.726581,0.0,0.0,-1.825016,1.673429,-0.992553,0.0,0.0,-2.286612,2.115681,-1.289427,0.0,0.0,-0.821583,1.067205,-1.387164,0.0,0.0,-0.966240,1.956672,-1.922535,0.0,0.0,-1.017809,2.637458,-2.213685,0.0,0.0,-1.045092,3.228002,-2.405970,0.0,0.0,-0.226393,0.971855,-1.386911,0.0,0.0,-0.068960,1.954922,-1.947406,0.0,0.0,0.056952,2.726379,-2.241955,0.0,0.0,0.179010,3.374264,-2.484359,0.0,0.0,0.280794,0.903684,-1.342473,0.0,0.0,0.562593,1.802521,-1.795880,0.0,0.0,0.747589,2.486743,-2.003161,0.0,0.0,0.887501,3.046445,-2.159529,0.0,0.0,0.683375,0.852634,-1.299398,0.0,0.0,0.998094,1.565682,-1.670921,0.0,0.0,1.180224,2.036204,-1.850787,0.0,0.0,1.326778,2.465281,-1.984538,0.0,0.0
v21.mp4,c414793092cbd3f6b2a0783f0a0eb93ea5fe3e9c0a97cfa5c0c72a011ea9d9d6,1920,1080,12.08,151,12.5,144,12000,Left,0.969783,0.000000,0.000000,0.000000,0.0,0.0,-0.723068,0.443343,-0.367664,0.0,0.0,-1.354785,1.089637,-0.720908,0.0,0.0,-1.830648,1.673834,-0.984971,0.0,0.0,-2.302558,2.108581,-1.282052,0.0,0.0,-0.871495,1.072455,-1.341898,0.0,0.0,-0.969480,1.960947,-1.857023,0.0,0.0,-1.006565,2.633523,-2.139206,0.0,0.0,-1.025182,3.219494,-2.329202,0.0,0.0,-0.293111,0.972953,-1.348568,0.0,0.0,-0.097236,1.951200,-1.880942,0.0,0.0,0.044208,2.712713,-2.164762,0.0,0.0,0.177528,3.343319,-2.401474,0.0,0.0,0.218270,0.892661,-1.315001,0.0,0.0,0.526305,1.794201,-1.755041,0.0,0.0,0.730330,2.470745,-1.958334,0.0,0.0,0.896825,3.015137,-2.113884,0.0,0.0,0.635540,0.830119,-1.283489,0.0,0.0,0.970447,1.538014,-1.655036,0.0,0.0,1.186148,1.990908,-1.830465,0.0,0.0,1.371469,2.395405,-1.959100,0.0,0.0
v21.mp4,c414793092cbd3f6b2a0783f0a0eb93ea5fe3e9c0a97cfa5c0c72a011ea9d9d6,1920,1080,12.08,151,12.5,145,12083,Left,0.978311,0.000000,0.000000,0.000000,0.0,0.0,-0.749040,0.438948,-0.354833,0.0,0.0,-1.398262,1.075253,-0.699275,0.0,0.0,-1.856750,1.647845,-0.961589,0.0,0.0,-2.321503,2.072704,-1.256714,0.0,0.0,-0.899708,1.060739,-1.301379,0.0,0.0,-0.979191,1.948724,-1.797410,0.0,0.0,-1.009014,2.603017,-2.065664,0.0,0.0,-1.018599,3.183026,-2.250939,0.0,0.0,-0.301231,0.945571,-1.329634,0.0,0.0,-0.093886,1.944220,-1.859711,0.0,0.0,0.029149,2.710137,-2.148362,0.0,0.0,0.148653,3.351567,-2.386888,0.0,0.0,0.218209,0.852955,-1.318762,0.0,0.0,0.529884,1.760613,-1.768962,0.0,0.0,0.723763,2.443362,-1.978506,0.0,0.0,0.882799,3.011085,-2.135789,0.0,0.0,0.639147,0.790435,-1.308353,0.0,0.0,0.955447,1.486771,-1.691056,0.0,0.0,1.158762,1.939346,-1.866668,0.0,0.0,1.332131,2.351125,-1.993558,0.0,0.0
v21.mp4,c414793092cbd3f6b2a0783f0a0eb93ea5fe3e9c0a97cfa5c0c72a011ea9d9d6,1920,1080,12.08,151,12.5,146,12166,Left,0.987435,0.000000,0.000000,0.000000,0.0,0.0,-0.735780,0.437808,-0.296645,0.0,0.0,-1.373815,1.073190,-0.601763,0.0,0.0,-1.866202,1.648000,-0.838428,0.0,0.0,-2.345911,2.049797,-1.107814,0.0,0.0,-0.897387,1.057214,-1.161180,0.0,0.0,-0.998831,1.959928,-1.612740,0.0,0.0,-1.058575,2.620945,-1.856098,0.0,0.0,-1.104568,3.193846,-2.023001,0.0,0.0,-0.311836,0.966216,-1.202234,0.0,0.0,-0.128939,1.956247,-1.652171,0.0,0.0,-0.026761,2.719962,-1.885241,0.0,0.0,0.071358,3.342318,-2.086009,0.0,0.0,0.207129,0.884054,-1.210201,0.0,0.0,0.476445,1.780726,-1.587113,0.0,0.0,0.635583,2.469106,-1.760578,0.0,0.0,0.766747,3.038704,-1.899918,0.0,0.0,0.621963,0.814495,-1.219624,0.0,0.0,0.937438,1.505987,-1.557262,0.0,0.0,1.144514,1.969470,-1.712465,0.0,0.0,1.314769,2.388750,-1.824895,0.0,0.0
v21.mp4,c414793092cbd3f6b2a0783f0a0eb93ea5fe3e9c0a97cfa5c0c72a011ea9d9d6,1920,1080,12.08,151,12.5,147,12250,Left,0.986091,0.000000,0.000000,0.000000,0.0,0.0,-0.760444,0.431520,-0.290218,0.0,0.0,-1.423520,1.045077,-0.596731,0.0,0.0,-1.921965,1.607822,-0.837355,0.0,0.0,-2.415836,1.996154,-1.113231,0.0,0.0,-0.973699,1.017845,-1.160102,0.0,0.0,-1.105338,1.928237,-1.608233,0.0,0.0,-1.190861,2.586254,-1.849022,0.0,0.0,-1.264802,3.155756,-2.015328,0.0,0.0,-0.384721,0.935766,-1.206358,0.0,0.0,-0.224214,1.935284,-1.655769,0.0,0.0,-0.137483,2.695196,-1.885984,0.0,0.0,-0.053747,3.321876,-2.085406,0.0,0.0,0.144649,0.860319,-1.219508,0.0,0.0,0.403215,1.760160,-1.598079,0.0,0.0,0.559463,2.451465,-1.771823,0.0,0.0,0.689009,3.030291,-1.912424,0.0,0.0,0.572955,0.796763,-1.233429,0.0,0.0,0.875736,1.482628,-1.574162,0.0,0.0,1.077575,1.946988,-1.732145,0.0,0.0,1.248585,2.372426,-1.848576,0.0,0.0
v21.mp4,c414793092cbd3f6b2a0783f0a0eb93ea5fe3e9c0a97cfa5c0c72a011ea9d9d6,1920,1080,12.08,151,12.5,148,12333,Left,0.986574,0.000000,0.000000,0.000000,0.0,0.0,-0.792538,0.443744,-0.249038,0.0,0.0,-1.471557,1.045907,-0.564839,0.0,0.0,-2.010668,1.556415,-0.821283,0.0,0.0,-2.527857,1.881901,-1.118336,0.0,0.0,-1.077987,0.999508,-1.209047,0.0,0.0,-1.273464,1.880141,-1.686652,0.0,0.0,-1.373545,2.515268,-1.940323,0.0,0.0,-1.468384,3.068308,-2.113131,0.0,0.0,-0.507193,0.915196,-1.297046,0.0,0.0,-0.434380,1.911369,-1.792809,0.0,0.0,-0.389189,2.686917,-2.041847,0.0,0.0,-0.338549,3.318685,-2.250379,0.0,0.0,0.023191,0.828015,-1.343444,0.0,0.0,0.221744,1.716339,-1.763369,0.0,0.0,0.331569,2.416875,-1.955169,0.0,0.0,0.424879,2.997887,-2.103534,0.0,0.0,0.467627,0.750201,-1.382193,0.0,0.0,0.732562,1.434627,-1.745454,0.0,0.0,0.918452,1.902231,-1.903764,0.0,0.0,1.078543,2.328770,-2.020403,0.0,0.0
v21.mp4,c414793092cbd3f6b2a0783f0a0eb93ea5fe3e9c0a97cfa5c0c72a011ea9d9d6,1920,1080,12.08,151,12.5,149,12416,Left,0.992287,0.000000,0.000000,0.000000,0.0,0.0,-0.796677,0.401148,-0.242093,0.0,0.0,-1.483317,0.994010,-0.519145,0.0,0.0,-2.027110,1.488056,-0.737612,0.0,0.0,-2.528170,1.801193,-0.999208,0.0,0.0,-1.133506,0.943080,-1.123644,0.0,0.0,-1.338262,1.825467,-1.536798,0.0,0.0,-1.424020,2.456961,-1.744002,0.0,0.0,-1.496470,2.991015,-1.888731,0.0,0.0,-0.571285,0.879111,-1.197778,0.0,0.0,-0.515012,1.862359,-1.624068,0.0,0.0,-0.496636,2.621235,-1.843377,0.0,0.0,-0.456368,3.217475,-2.032248,0.0,0.0,-0.028738,0.798972,-1.232632,0.0,0.0,0.159531,1.696287,-1.600957,0.0,0.0,0.244963,2.380442,-1.785945,0.0,0.0,0.323049,2.930646,-1.935106,0.0,0.0,0.439340,0.727058,-1.259411,0.0,0.0,0.699295,1.379221,-1.590820,0.0,0.0,0.865588,1.864138,-1.745969,0.0,0.0,1.008701,2.291121,-1.860646,0.0,0.0
v21.mp4,c414793092cbd3f6b2a0783f0a0eb93ea5fe3e9c0a97cfa5c0c72a011ea9d9d6,1920,1080,12.08,151,12.5,150,12500,Left,0.99173,0.000000,0.000000,0.000000,0.0,0.0,-0.817789,0.389311,-0.266422,0.0,0.0,-1.498313,0.969382,-0.573023,0.0,0.0,-2.030359,1.475859,-0.813873,0.0,0.0,-2.538944,1.806169,-1.093777,0.0,0.0,-1.167454,0.932083,-1.199767,0.0,0.0,-1.392658,1.818665,-1.659183,0.0,0.0,-1.506076,2.443121,-1.900333,0.0,0.0,-1.585815,2.978077,-2.068459,0.0,0.0,-0.603181,0.861547,-1.279240,0.0,0.0,-0.568274,1.836643,-1.765388,0.0,0.0,-0.547846,2.619646,-2.020878,0.0,0.0,-0.491601,3.245560,-2.235615,0.0,0.0,-0.057301,0.774801,-1.318474,0.0,0.0,0.136225,1.663079,-1.752026,0.0,0.0,0.223178,2.371059,-1.965664,0.0,0.0,0.315635,2.947623,-2.128208,0.0,0.0,0.411638,0.696595,-1.347215,0.0,0.0,0.695363,1.350728,-1.727433,0.0,0.0,0.886365,1.826659,-1.895250,0.0,0.0,1.058321,2.250525,-2.014988,0.0,0.0
