video_file,video_hash,video_width,video_height,video_fps,total_video_frames,video_duration_sec,frame_idx,timestamp_ms,hand,hand_score,wrist_x,wrist_y,wrist_z,wrist_visibility,wrist_presence,thumb_cmc_x,thumb_cmc_y,thumb_cmc_z,thumb_cmc_visibility,thumb_cmc_presence,thumb_mcp_x,thumb_mcp_y,thumb_mcp_z,thumb_mcp_visibility,thumb_mcp_presence,thumb_ip_x,thumb_ip_y,thumb_ip_z,thumb_ip_visibility,thumb_ip_presence,thumb_tip_x,thumb_tip_y,thumb_tip_z,thumb_tip_visibility,thumb_tip_presence,index_mcp_x,index_mcp_y,index_mcp_z,index_mcp_visibility,index_mcp_presence,index_pip_x,index_pip_y,index_pip_z,index_pip_visibility,index_pip_presence,index_dip_x,index_dip_y,index_dip_z,index_dip_visibility,index_dip_presence,index_tip_x,index_tip_y,index_tip_z,index_tip_visibility,index_tip_presence,middle_mcp_x,middle_mcp_y,middle_mcp_z,middle_mcp_visibility,middle_mcp_presence,middle_pip_x,middle_pip_y,middle_pip_z,middle_pip_visibility,middle_pip_presence,middle_dip_x,middle_dip_y,middle_dip_z,middle_dip_visibility,middle_dip_presence,middle_tip_x,middle_tip_y,middle_tip_z,middle_tip_visibility,middle_tip_presence,ring_mcp_x,ring_mcp_y,ring_mcp_z,ring_mcp_visibility,ring_mcp_presence,ring_pip_x,ring_pip_y,ring_pip_z,ring_pip_visibility,ring_pip_presence,ring_dip_x,ring_dip_y,ring_dip_z,ring_dip_visibility,ring_dip_presence,ring_tip_x,ring_tip_y,ring_tip_z,ring_tip_visibility,ring_tip_presence,pinky_mcp_x,pinky_mcp_y,pinky_mcp_z,pinky_mcp_visibility,pinky_mcp_presence,pinky_pip_x,pinky_pip_y,pinky_pip_z,pinky_pip_visibility,pinky_pip_presence,pinky_dip_x,pinky_dip_y,pinky_dip_z,pinky_dip_visibility,pinky_dip_presence,pinky_tip_x,pinky_tip_y,pinky_tip_z,pinky_tip_visibility,pinky_tip_presence
v22.mp4,d7d289b723fef38ee20d930381259dd8e60879e32c15757927df9a9fef68f29a,1920,1080,12.09,142,11.75,0,0,Left,0.968732,0.000000,0.000000,0.000000,0.0,0.0,-0.916110,0.208707,-0.375485,0.0,0.0,-1.710454,0.782343,-0.669228,0.0,0.0,-2.168027,1.380291,-0.858336,0.0,0.0,-2.508470,1.871400,-1.105599,0.0,0.0,-1.161495,0.951333,-1.262661,0.0,0.0,-1.277923,1.905249,-1.669837,0.0,0.0,-1.366881,2.593044,-1.908776,0.0,0.0,-1.479840,3.148221,-2.086463,0.0,0.0,-0.577139,0.908432,-1.234464,0.0,0.0,-0.324149,2.040466,-1.721376,0.0,0.0,-0.260546,2.791253,-2.050609,0.0,0.0,-0.230665,3.344179,-2.318871,0.0,0.0,-0.068476,0.863328,-1.146276,0.0,0.0,0.278058,1.849005,-1.564712,0.0,0.0,0.380899,2.513220,-1.810013,0.0,0.0,0.454011,2.999284,-1.993800,0.0,0.0,0.333006,0.846496,-1.051793,0.0,0.0,0.675361,1.527101,-1.397820,0.0,0.0,0.833565,1.945100,-1.552132,0.0,0.0,0.951685,2.301296,-1.663847,0.0,0.0
v22.mp4,d7d289b723fef38ee20d930381259dd8e60879e32c15757927df9a9fef68f29a,1920,1080,12.09,142,11.75,1,83,Left,0.988155,0.000000,0.000000,0.000000,0.0,0.0,-0.861220,0.295664,-0.308040,0.0,0.0,-1.537040,0.840625,-0.604889,0.0,0.0,-1.973640,1.410939,-0.805184,0.0,0.0,-2.356298,1.895179,-1.043624,0.0,0.0,-1.023426,0.984738,-1.288846,0.0,0.0,-1.201550,1.885298,-1.759604,0.0,0.0,-1.323223,2.505566,-2.030935,0.0,0.0,-1.433673,3.037544,-2.220331,0.0,0.0,-0.406575,0.953455,-1.322289,0.0,0.0,-0.276318,1.980993,-1.821609,0.0,0.0,-0.272550,2.733556,-2.144747,0.0,0.0,-0.235168,3.323354,-2.412196,0.0,0.0,0.109329,0.904863,-1.303196,0.0,0.0,0.353202,1.823129,-1.797993,0.0,0.0,0.452680,2.488581,-2.126872,0.0,0.0,0.584967,3.027105,-2.364452,0.0,0.0,0.488340,0.862191,-1.262038,0.0,0.0,0.915292,1.390519,-1.701788,0.0,0.0,1.270695,1.689609,-1.920689,0.0,0.0,1.593808,1.970751,-2.072817,0.0,0.0
v22.mp4,d7d289b723fef38ee20d930381259dd8e60879e32c15757927df9a9fef68f29a,1920,1080,12.09,142,11.75,2,166,Left,0.971784,0.000000,0.000000,0.000000,0.0,0.0,-0.852990,0.355544,-0.335044,0.0,0.0,-1.545330,0.907675,-0.670055,0.0,0.0,-2.002495,1.502005,-0.912521,0.0,0.0,-2.404913,1.982893,-1.194399,0.0,0.0,-1.035551,1.018248,-1.344036,0.0,0.0,-1.195965,1.988357,-1.829844,0.0,0.0,-1.304016,2.620384,-2.095438,0.0,0.0,-1.403260,3.171949,-2.284592,0.0,0.0,-0.433088,0.973677,-1.390268,0.0,0.0,-0.250429,2.015531,-1.929858,0.0,0.0,-0.244388,2.774252,-2.271260,0.0,0.0,-0.223336,3.388415,-2.544663,0.0,0.0,0.077227,0.905686,-1.384300,0.0,0.0,0.382582,1.844991,-1.915001,0.0,0.0,0.507257,2.520896,-2.264010,0.0,0.0,0.645646,3.082004,-2.514253,0.0,0.0,0.451091,0.843265,-1.357303,0.0,0.0,0.973837,1.373336,-1.843492,0.0,0.0,1.349777,1.623736,-2.088164,0.0,0.0,1.694561,1.840548,-2.253143,0.0,0.0
v22.mp4,d7d289b723fef38ee20d930381259dd8e60879e32c15757927df9a9fef68f29a,1920,1080,12.09,142,11.75,3,250,Left,0.877748,0.000000,0.000000,0.000000,0.0,0.0,-0.884980,0.353752,-0.206316,0.0,0.0,-1.507148,0.864313,-0.497767,0.0,0.0,-1.962574,1.381007,-0.739669,0.0,0.0,-2.362750,1.877239,-1.038620,0.0,0.0,-1.084557,0.989555,-1.179750,0.0,0.0,-1.212792,1.907396,-1.635184,0.0,0.0,-1.320803,2.501946,-1.887929,0.0,0.0,-1.418555,3.017560,-2.081550,0.0,0.0,-0.487332,0.936320,-1.325060,0.0,0.0,-0.327513,1.912627,-1.832686,0.0,0.0,-0.339378,2.630111,-2.175560,0.0,0.0,-0.350535,3.206562,-2.460848,0.0,0.0,0.063580,0.803046,-1.419623,0.0,0.0,0.302547,1.693747,-1.988486,0.0,0.0,0.348599,2.347238,-2.405852,0.0,0.0,0.399438,2.896065,-2.718042,0.0,0.0,0.478679,0.626510,-1.476434,0.0,0.0,0.886386,0.899220,-2.054256,0.0,0.0,1.100140,0.984658,-2.363027,0.0,0.0,1.288529,1.065189,-2.581515,0.0,0.0
v22.mp4,d7d289b723fef38ee20d930381259dd8e60879e32c15757927df9a9fef68f29a,1920,1080,12.09,142,11.75,4,333,Left,0.941577,0.000000,0.000000,0.000000,0.0,0.0,-0.854269,0.306265,-0.237669,0.0,0.0,-1.504276,0.853215,-0.491720,0.0,0.0,-1.922739,1.401140,-0.685096,0.0,0.0,-2.314106,1.832804,-0.924032,0.0,0.0,-1.022397,0.997012,-1.087624,0.0,0.0,-1.209855,1.886589,-1.479512,0.0,0.0,-1.317394,2.468937,-1.680480,0.0,0.0,-1.421532,2.949614,-1.835927,0.0,0.0,-0.409874,0.959480,-1.177345,0.0,0.0,-0.290421,1.922104,-1.626584,0.0,0.0,-0.310641,2.609038,-1.933571,0.0,0.0,-0.336940,3.130443,-2.183085,0.0,0.0,0.126469,0.842424,-1.220310,0.0,0.0,0.335697,1.701020,-1.710717,0.0,0.0,0.382177,2.333772,-2.083284,0.0,0.0,0.446943,2.854377,-2.356479,0.0,0.0,0.534370,0.688670,-1.232976,0.0,0.0,0.916286,1.005514,-1.716367,0.0,0.0,1.142533,1.168319,-1.988979,0.0,0.0,1.345643,1.330114,-2.179922,0.0,0.0
v22.mp4,d7d289b723fef38ee20d930381259dd8e60879e32c15757927df9a9fef68f29a,1920,1080,12.09,142,11.75,5,416,Left,0.965247,0.000000,0.000000,0.000000,0.0,0.0,-0.832299,0.353766,-0.366348,0.0,0.0,-1.507127,0.898894,-0.736043,0.0,0.0,-1.971133,1.436982,-1.009280,0.0,0.0,-2.369977,1.922841,-1.312768,0.0,0.0,-1.013260,0.985510,-1.468811,0.0,0.0,-1.213091,1.859705,-2.014945,0.0,0.0,-1.326953,2.494281,-2.305058,0.0,0.0,-1.417956,3.056270,-2.502838,0.0,0.0,-0.410946,0.966128,-1.490000,0.0,0.0,-0.296290,1.942528,-2.098499,0.0,0.0,-0.276414,2.710656,-2.446155,0.0,0.0,-0.249406,3.336865,-2.728519,0.0,0.0,0.094464,0.940695,-1.456815,0.0,0.0,0.329207,1.835586,-1.971222,0.0,0.0,0.424506,2.519983,-2.251187,0.0,0.0,0.502233,3.062138,-2.458816,0.0,0.0,0.467880,0.909905,-1.414673,0.0,0.0,0.788949,1.584759,-1.844854,0.0,0.0,0.997794,2.005563,-2.065346,0.0,0.0,1.183067,2.380691,-2.225524,0.0,0.0
v22.mp4,d7d289b723fef38ee20d930381259dd8e60879e32c15757927df9a9fef68f29a,1920,1080,12.09,142,11.75,6,500,Left,0.966825,0.000000,0.000000,0.000000,0.0,0.0,-0.839425,0.366308,-0.363307,0.0,0.0,-1.528400,0.910151,-0.728123,0.0,0.0,-2.002231,1.452174,-0.997816,0.0,0.0,-2.411800,1.933972,-1.297059,0.0,0.0,-1.029258,0.989214,-1.447213,0.0,0.0,-1.230748,1.864288,-1.988608,0.0,0.0,-1.345615,2.511003,-2.274949,0.0,0.0,-1.433770,3.085807,-2.468242,0.0,0.0,-0.430528,0.954685,-1.467483,0.0,0.0,-0.311103,1.957219,-2.065394,0.0,0.0,-0.292701,2.735014,-2.397619,0.0,0.0,-0.264128,3.369022,-2.667157,0.0,0.0,0.077737,0.919921,-1.435729,0.0,0.0,0.329070,1.822575,-1.942231,0.0,0.0,0.423331,2.525623,-2.207974,0.0,0.0,0.498740,3.086830,-2.403726,0.0,0.0,0.462511,0.892364,-1.396385,0.0,0.0,0.795064,1.577591,-1.817889,0.0,0.0,1.004800,2.015239,-2.029280,0.0,0.0,1.188527,2.405402,-2.182179,0.0,0.0
v22.mp4,d7d289b723fef38ee20d930381259dd8e60879e32c15757927df9a9fef68f29a,1920,1080,12.09,142,11.75,7,583,Left,0.954761,0.000000,0.000000,0.000000,0.0,0.0,-0.826752,0.371170,-0.370759,0.0,0.0,-1.504151,0.917001,-0.745518,0.0,0.0,-1.980884,1.437975,-1.025854,0.0,0.0,-2.390136,1.913983,-1.336609,0.0,0.0,-1.005131,0.998905,-1.469674,0.0,0.0,-1.206577,1.855337,-2.020427,0.0,0.0,-1.323010,2.488974,-2.316296,0.0,0.0,-1.415376,3.057662,-2.519513,0.0,0.0,-0.410310,0.964406,-1.494307,0.0,0.0,-0.291336,1.920890,-2.112039,0.0,0.0,-0.275557,2.694100,-2.465616,0.0,0.0,-0.251973,3.331956,-2.753600,0.0,0.0,0.096604,0.931475,-1.466051,0.0,0.0,0.341265,1.823651,-1.989597,0.0,0.0,0.438828,2.522795,-2.270769,0.0,0.0,0.519120,3.082897,-2.479478,0.0,0.0,0.479404,0.901591,-1.429754,0.0,0.0,0.804546,1.582486,-1.865582,0.0,0.0,1.009795,2.016830,-2.087340,0.0,0.0,1.193617,2.406466,-2.249825,0.0,0.0
v22.mp4,d7d289b723fef38ee20d930381259dd8e60879e32c15757927df9a9fef68f29a,1920,1080,12.09,142,11.75,8,666,Left,0.955888,0.000000,0.000000,0.000000,0.0,0.0,-0.828789,0.374958,-0.383507,0.0,0.0,-1.523402,0.917224,-0.757833,0.0,0.0,-2.012500,1.451180,-1.034719,0.0,0.0,-2.430128,1.927360,-1.339990,0.0,0.0,-0.997303,0.990481,-1.478060,0.0,0.0,-1.211308,1.856503,-2.033997,0.0,0.0,-1.331740,2.509324,-2.331475,0.0,0.0,-1.426517,3.093623,-2.534333,0.0,0.0,-0.397102,0.960251,-1.497224,0.0,0.0,-0.285584,1.943887,-2.115104,0.0,0.0,-0.270503,2.731475,-2.464000,0.0,0.0,-0.245462,3.378437,-2.747119,0.0,0.0,0.110597,0.928214,-1.464971,0.0,0.0,0.353934,1.823360,-1.991194,0.0,0.0,0.448893,2.532798,-2.269723,0.0,0.0,0.524622,3.104963,-2.475221,0.0,0.0,0.497323,0.900660,-1.426741,0.0,0.0,0.836815,1.573603,-1.866388,0.0,0.0,1.054738,2.008236,-2.089059,0.0,0.0,1.244292,2.399376,-2.251065,0.0,0.0
v22.mp4,d7d289b723fef38ee20d930381259dd8e60879e32c15757927df9a9fef68f29a,1920,1080,12.09,142,11.75,9,750,Left,0.958307,0.000000,0.000000,0.000000,0.0,0.0,-0.838125,0.361756,-0.338590,0.0,0.0,-1.546565,0.908596,-0.658690,0.0,0.0,-2.060010,1.456541,-0.890841,0.0,0.0,-2.494494,1.918813,-1.148821,0.0,0.0,-1.013455,0.981923,-1.318204,0.0,0.0,-1.242841,1.858683,-1.818172,0.0,0.0,-1.378932,2.497923,-2.089304,0.0,0.0,-1.495566,3.068573,-2.278801,0.0,0.0,-0.402142,0.956811,-1.348972,0.0,0.0,-0.295570,1.930886,-1.872720,0.0,0.0,-0.299818,2.699461,-2.179851,0.0,0.0,-0.291447,3.337998,-2.439222,0.0,0.0,0.115609,0.915975,-1.335253,0.0,0.0,0.344995,1.811944,-1.794009,0.0,0.0,0.419600,2.494082,-2.056937,0.0,0.0,0.484626,3.065574,-2.262126,0.0,0.0,0.496662,0.863754,-1.316371,0.0,0.0,0.883028,1.464510,-1.732173,0.0,0.0,1.160090,1.840163,-1.945525,0.0,0.0,1.399030,2.187812,-2.099182,0.0,0.0
v22.mp4,d7d289b723fef38ee20d930381259dd8e60879e32c15757927df9a9fef68f29a,1920,1080,12.09,142,11.75,10,833,Left,0.968236,0.000000,0.000000,0.000000,0.0,0.0,-0.846920,0.373346,-0.317384,0.0,0.0,-1.558318,0.916755,-0.625395,0.0,0.0,-2.058379,1.474736,-0.851856,0.0,0.0,-2.467900,1.963831,-1.110048,0.0,0.0,-0.986396,0.988913,-1.264366,0.0,0.0,-1.194886,1.836414,-1.752640,0.0,0.0,-1.343543,2.455333,-2.027589,0.0,0.0,-1.482636,3.014521,-2.227080,0.0,0.0,-0.373545,0.970095,-1.313577,0.0,0.0,-0.245074,1.909475,-1.835580,0.0,0.0,-0.247246,2.666960,-2.168863,0.0,0.0,-0.236783,3.310512,-2.449629,0.0,0.0,0.147900,0.920478,-1.317073,0.0,0.0,0.404261,1.804298,-1.813364,0.0,0.0,0.502825,2.454926,-2.132579,0.0,0.0,0.594130,3.020037,-2.376087,0.0,0.0,0.525125,0.849594,-1.306202,0.0,0.0,0.972545,1.364357,-1.769505,0.0,0.0,1.266896,1.661996,-2.017700,0.0,0.0,1.524864,1.950252,-2.196265,0.0,0.0
v22.mp4,d7d289b723fef38ee20d930381259dd8e60879e32c15757927df9a9fef68f29a,1920,1080,12.09,142,11.75,11,916,Left,0.92997,0.000000,0.000000,0.000000,0.0,0.0,-0.853004,0.382654,-0.401049,0.0,0.0,-1.528188,0.994888,-0.708629,0.0,0.0,-2.051389,1.564116,-0.934700,0.0,0.0,-2.521000,2.039592,-1.194928,0.0,0.0,-0.957616,0.906549,-1.310984,0.0,0.0,-1.324802,1.668014,-1.796350,0.0,0.0,-1.544288,2.232629,-2.061332,0.0,0.0,-1.742965,2.787473,-2.261714,0.0,0.0,-0.337640,0.901431,-1.333661,0.0,0.0,-0.302328,1.630692,-1.904579,0.0,0.0,-0.331918,2.325461,-2.242219,0.0,0.0,-0.321913,2.952809,-2.522884,0.0,0.0,0.225689,0.829226,-1.317800,0.0,0.0,0.503386,1.504357,-1.875309,0.0,0.0,0.630186,2.040597,-2.161492,0.0,0.0,0.757740,2.553181,-2.370556,0.0,0.0,0.674339,0.725358,-1.298616,0.0,0.0,1.138743,1.124572,-1.800846,0.0,0.0,1.440405,1.350726,-2.035563,0.0,0.0,1.734479,1.591716,-2.204117,0.0,0.0
v22.mp4,d7d289b723fef38ee20d930381259dd8e60879e32c15757927df9a9fef68f29a,1920,1080,12.09,142,11.75,12,1000,Left,0.947978,0.000000,0.000000,0.000000,0.0,0.0,-0.835798,0.382919,-0.422379,0.0,0.0,-1.533427,1.006361,-0.748989,0.0,0.0,-2.024739,1.576398,-0.988333,0.0,0.0,-2.460208,2.044905,-1.261910,0.0,0.0,-0.932230,0.952811,-1.362499,0.0,0.0,-1.304095,1.714357,-1.863659,0.0,0.0,-1.523071,2.259807,-2.139384,0.0,0.0,-1.733432,2.786859,-2.346632,0.0,0.0,-0.321376,0.935209,-1.366690,0.0,0.0,-0.246958,1.578683,-1.982175,0.0,0.0,-0.259556,2.202212,-2.345356,0.0,0.0,-0.247769,2.766860,-2.638724,0.0,0.0,0.221761,0.853996,-1.329438,0.0,0.0,0.513198,1.464177,-1.908284,0.0,0.0,0.664128,1.902770,-2.197918,0.0,0.0,0.814947,2.318852,-2.403709,0.0,0.0,0.663611,0.744127,-1.289340,0.0,0.0,1.117205,1.136456,-1.789215,0.0,0.0,1.416454,1.326616,-2.031577,0.0,0.0,1.705209,1.535062,-2.205195,0.0,0.0
v22.mp4,d7d289b723fef38ee20d930381259dd8e60879e32c15757927df9a9fef68f29a,1920,1080,12.09,142,11.75,13,1083,Left,0.9549,0.000000,0.000000,0.000000,0.0,0.0,-0.801224,0.373784,-0.373519,0.0,0.0,-1.497535,0.989749,-0.661521,0.0,0.0,-2.001338,1.556877,-0.874788,0.0,0.0,-2.441225,2.007636,-1.119743,0.0,0.0,-0.927753,0.923264,-1.237423,0.0,0.0,-1.301247,1.696509,-1.695908,0.0,0.0,-1.518575,2.259087,-1.945296,0.0,0.0,-1.710293,2.791940,-2.130004,0.0,0.0,-0.332117,0.912716,-1.251308,0.0,0.0,-0.284916,1.559571,-1.777924,0.0,0.0,-0.263418,2.185964,-2.059822,0.0,0.0,-0.208190,2.748438,-2.296631,0.0,0.0,0.219634,0.843212,-1.232743,0.0,0.0,0.466750,1.418679,-1.724450,0.0,0.0,0.608098,1.866378,-1.937980,0.0,0.0,0.758753,2.296143,-2.096486,0.0,0.0,0.691004,0.748803,-1.217077,0.0,0.0,1.070338,1.145017,-1.646740,0.0,0.0,1.330281,1.374333,-1.835127,0.0,0.0,1.581653,1.607030,-1.970134,0.0,0.0
v22.mp4,d7d289b723fef38ee20d930381259dd8e60879e32c15757927df9a9fef68f29a,1920,1080,12.09,142,11.75,14,1166,Left,0.956011,0.000000,0.000000,0.000000,0.0,0.0,-0.810478,0.364806,-0.363041,0.0,0.0,-1.489054,0.963618,-0.650014,0.0,0.0,-1.996851,1.524960,-0.867645,0.0,0.0,-2.439241,1.986206,-1.120558,0.0,0.0,-0.917709,0.924404,-1.208445,0.0,0.0,-1.273810,1.692203,-1.673450,0.0,0.0,-1.483515,2.261014,-1.935768,0.0,0.0,-1.667028,2.801683,-2.128915,0.0,0.0,-0.317429,0.918330,-1.233430,0.0,0.0,-0.274764,1.585187,-1.745340,0.0,0.0,-0.251843,2.210947,-2.027962,0.0,0.0,-0.195143,2.772618,-2.267945,0.0,0.0,0.233594,0.850032,-1.228180,0.0,0.0,0.478080,1.442957,-1.709539,0.0,0.0,0.623907,1.905957,-1.928029,0.0,0.0,0.784065,2.346616,-2.094788,0.0,0.0,0.696314,0.756645,-1.226464,0.0,0.0,1.063281,1.135252,-1.653418,0.0,0.0,1.327519,1.365068,-1.841034,0.0,0.0,1.591918,1.597875,-1.976836,0.0,0.0
v22.mp4,d7d289b723fef38ee20d930381259dd8e60879e32c15757927df9a9fef68f29a,1920,1080,12.09,142,11.75,15,1250,Left,0.952653,0.000000,0.000000,0.000000,0.0,0.0,-0.815521,0.370503,-0.245739,0.0,0.0,-1.479959,0.871290,-0.507685,0.0,0.0,-1.965962,1.404613,-0.706420,0.0,0.0,-2.371401,1.860836,-0.935161,0.0,0.0,-0.983288,0.999957,-1.080188,0.0,0.0,-1.234219,1.889702,-1.486088,0.0,0.0,-1.379594,2.509126,-1.701505,0.0,0.0,-1.513841,3.045947,-1.862812,0.0,0.0,-0.399738,0.990859,-1.157595,0.0,0.0,-0.358572,1.912136,-1.607124,0.0,0.0,-0.382183,2.649912,-1.895185,0.0,0.0,-0.404002,3.265953,-2.135223,0.0,0.0,0.127561,0.919410,-1.193069,0.0,0.0,0.307675,1.783355,-1.628063,0.0,0.0,0.366994,2.450164,-1.926928,0.0,0.0,0.409993,3.010490,-2.157066,0.0,0.0,0.523819,0.809371,-1.211642,0.0,0.0,0.932028,1.230074,-1.639255,0.0,0.0,1.215631,1.509524,-1.875740,0.0,0.0,1.454353,1.780425,-2.041819,0.0,0.0
v22.mp4,d7d289b723fef38ee20d930381259dd8e60879e32c15757927df9a9fef68f29a,1920,1080,12.09,142,11.75,16,1333,Left,0.966765,0.000000,0.000000,0.000000,0.0,0.0,-0.834241,0.373264,-0.254275,0.0,0.0,-1.501158,0.892443,-0.540531,0.0,0.0,-2.004570,1.430421,-0.758717,0.0,0.0,-2.441046,1.884289,-1.008642,0.0,0.0,-1.027450,0.975245,-1.182648,0.0,0.0,-1.271183,1.852486,-1.631846,0.0,0.0,-1.420495,2.471814,-1.873560,0.0,0.0,-1.552164,3.014627,-2.053510,0.0,0.0,-0.451232,0.951548,-1.269897,0.0,0.0,-0.383049,1.874233,-1.769530,0.0,0.0,-0.405364,2.632648,-2.093073,0.0,0.0,-0.420836,3.264180,-2.367210,0.0,0.0,0.087602,0.870586,-1.307892,0.0,0.0,0.303022,1.714373,-1.788105,0.0,0.0,0.365214,2.377654,-2.114608,0.0,0.0,0.410414,2.939709,-2.369639,0.0,0.0,0.520814,0.756392,-1.325832,0.0,0.0,0.937403,1.173672,-1.790228,0.0,0.0,1.203331,1.442679,-2.047060,0.0,0.0,1.431858,1.712930,-2.234866,0.0,0.0
v22.mp4,d7d289b723fef38ee20d930381259dd8e60879e32c15757927df9a9fef68f29a,1920,1080,12.09,142,11.75,17,1416,Left,0.974052,0.000000,0.000000,0.000000,0.0,0.0,-0.863457,0.341112,-0.277390,0.0,0.0,-1.574923,0.835322,-0.557129,0.0,0.0,-2.086297,1.373361,-0.762273,0.0,0.0,-2.487781,1.854553,-0.995992,0.0,0.0,-1.044624,0.957874,-1.168958,0.0,0.0,-1.286123,1.841838,-1.619562,0.0,0.0,-1.452425,2.464352,-1.874860,0.0,0.0,-1.595271,3.016929,-2.059244,0.0,0.0,-0.440939,0.935820,-1.234631,0.0,0.0,-0.387321,1.894029,-1.718249,0.0,0.0,-0.443262,2.652526,-2.041485,0.0,0.0,-0.472870,3.287113,-2.309218,0.0,0.0,0.093271,0.879709,-1.254837,0.0,0.0,0.324344,1.739215,-1.723581,0.0,0.0,0.393009,2.406479,-2.050761,0.0,0.0,0.456425,2.982337,-2.296775,0.0,0.0,0.501576,0.804139,-1.257839,0.0,0.0,0.939406,1.261980,-1.699968,0.0,0.0,1.238401,1.548331,-1.937523,0.0,0.0,1.498833,1.827472,-2.104263,0.0,0.0
v22.mp4,d7d289b723fef38ee20d930381259dd8e60879e32c15757927df9a9fef68f29a,1920,1080,12.09,142,11.75,18,1500,Left,0.966618,0.000000,0.000000,0.000000,0.0,0.0,-0.859029,0.365090,-0.296015,0.0,0.0,-1.540531,0.888249,-0.597984,0.0,0.0,-2.034075,1.414025,-0.817412,0.0,0.0,-2.442480,1.884448,-1.063960,0.0,0.0,-1.024656,0.988419,-1.258182,0.0,0.0,-1.248498,1.853663,-1.739371,0.0,0.0,-1.397895,2.474130,-2.006043,0.0,0.0,-1.532249,3.036316,-2.197455,0.0,0.0,-0.435557,0.957749,-1.316535,0.0,0.0,-0.360656,1.897655,-1.851263,0.0,0.0,-0.403828,2.658605,-2.195256,0.0,0.0,-0.429050,3.308478,-2.477565,0.0,0.0,0.087419,0.901356,-1.323441,0.0,0.0,0.323673,1.752476,-1.826440,0.0,0.0,0.407061,2.423783,-2.156783,0.0,0.0,0.478501,3.013841,-2.402867,0.0,0.0,0.489887,0.835315,-1.312357,0.0,0.0,0.923074,1.313750,-1.774725,0.0,0.0,1.222014,1.597342,-2.016948,0.0,0.0,1.489696,1.888928,-2.187495,0.0,0.0
v22.mp4,d7d289b723fef38ee20d930381259dd8e60879e32c15757927df9a9fef68f29a,1920,1080,12.09,142,11.75,19,1583,Left,0.97051,0.000000,0.000000,0.000000,0.0,0.0,-0.846579,0.322664,-0.374086,0.0,0.0,-1.534636,0.884347,-0.682547,0.0,0.0,-2.058149,1.427963,-0.910453,0.0,0.0,-2.504648,1.878488,-1.169131,0.0,0.0,-1.008330,0.908124,-1.267109,0.0,0.0,-1.360174,1.666692,-1.743614,0.0,0.0,-1.554641,2.237692,-2.002107,0.0,0.0,-1.729439,2.778842,-2.188086,0.0,0.0,-0.424341,0.930081,-1.275134,0.0,0.0,-0.389876,1.665547,-1.816936,0.0,0.0,-0.396883,2.343507,-2.115950,0.0,0.0,-0.377712,2.944242,-2.363238,0.0,0.0,0.109763,0.909047,-1.245994,0.0,0.0,0.369653,1.582582,-1.737330,0.0,0.0,0.485751,2.109495,-1.967280,0.0,0.0,0.589466,2.588383,-2.137090,0.0,0.0,0.544737,0.863602,-1.217266,0.0,0.0,0.968195,1.334824,-1.644172,0.0,0.0,1.240383,1.622671,-1.840254,0.0,0.0,1.490202,1.904863,-1.978965,0.0,0.0
v22.mp4,d7d289b723fef38ee20d930381259dd8e60879e32c15757927df9a9fef68f29a,1920,1080,12.09,142,11.75,20,1666,Left,0.943904,0.000000,0.000000,0.000000,0.0,0.0,-0.854904,0.341510,-0.397147,0.0,0.0,-1.579638,0.946819,-0.696914,0.0,0.0,-2.080186,1.508303,-0.918459,0.0,0.0,-2.515640,1.952392,-1.169658,0.0,0.0,-1.029782,0.914768,-1.252799,0.0,0.0,-1.415189,1.686449,-1.713787,0.0,0.0,-1.643067,2.228897,-1.962799,0.0,0.0,-1.836119,2.762211,-2.151049,0.0,0.0,-0.450374,0.924537,-1.256205,0.0,0.0,-0.429609,1.552761,-1.813790,0.0,0.0,-0.448885,2.119218,-2.114280,0.0,0.0,-0.419551,2.649418,-2.359929,0.0,0.0,0.081333,0.879937,-1.228116,0.0,0.0,0.344937,1.461365,-1.747401,0.0,0.0,0.481297,1.881035,-1.977189,0.0,0.0,0.642358,2.292894,-2.142917,0.0,0.0,0.538536,0.820056,-1.203491,0.0,0.0,0.921798,1.235033,-1.642083,0.0,0.0,1.194745,1.465084,-1.841224,0.0,0.0,1.470123,1.712316,-1.986381,0.0,0.0
v22.mp4,d7d289b723fef38ee20d930381259dd8e60879e32c15757927df9a9fef68f29a,1920,1080,12.09,142,11.75,21,1750,Left,0.938743,0.000000,0.000000,0.000000,0.0,0.0,-0.868286,0.343316,-0.404222,0.0,0.0,-1.533542,0.948799,-0.744411,0.0,0.0,-2.002877,1.472269,-0.999927,0.0,0.0,-2.420902,1.932981,-1.293097,0.0,0.0,-1.027064,0.924116,-1.403235,0.0,0.0,-1.364346,1.669787,-1.916730,0.0,0.0,-1.555277,2.209731,-2.189830,0.0,0.0,-1.725083,2.727670,-2.400049,0.0,0.0,-0.441456,0.919256,-1.437125,0.0,0.0,-0.365448,1.523113,-2.108979,0.0,0.0,-0.376805,2.054477,-2.489325,0.0,0.0,-0.375949,2.543398,-2.784489,0.0,0.0,0.102832,0.865703,-1.427119,0.0,0.0,0.371444,1.407523,-2.068376,0.0,0.0,0.487915,1.766294,-2.394688,0.0,0.0,0.605876,2.117727,-2.617228,0.0,0.0,0.555596,0.774583,-1.408473,0.0,0.0,0.979840,1.077424,-1.969159,0.0,0.0,1.251194,1.205623,-2.253262,0.0,0.0,1.498342,1.368901,-2.452964,0.0,0.0
v22.mp4,d7d289b723fef38ee20d930381259dd8e60879e32c15757927df9a9fef68f29a,1920,1080,12.09,142,11.75,22,1833,Left,0.947543,0.000000,0.000000,0.000000,0.0,0.0,-0.857367,0.334424,-0.363868,0.0,0.0,-1.509155,0.923327,-0.692080,0.0,0.0,-1.974047,1.454154,-0.945545,0.0,0.0,-2.387603,1.935145,-1.242769,0.0,0.0,-1.016314,0.965016,-1.333261,0.0,0.0,-1.272670,1.797647,-1.843049,0.0,0.0,-1.424691,2.370556,-2.118805,0.0,0.0,-1.563455,2.901494,-2.330380,0.0,0.0,-0.441431,0.916194,-1.396306,0.0,0.0,-0.328648,1.530916,-2.040015,0.0,0.0,-0.318758,2.047930,-2.396736,0.0,0.0,-0.310260,2.514358,-2.675704,0.0,0.0,0.115056,0.803612,-1.420343,0.0,0.0,0.389017,1.345940,-2.060199,0.0,0.0,0.511624,1.708962,-2.384071,0.0,0.0,0.616707,2.074023,-2.605247,0.0,0.0,0.588092,0.644983,-1.431131,0.0,0.0,1.036045,0.922405,-2.014809,0.0,0.0,1.310772,1.047128,-2.300488,0.0,0.0,1.541180,1.207410,-2.495725,0.0,0.0
v22.mp4,d7d289b723fef38ee20d930381259dd8e60879e32c15757927df9a9fef68f29a,1920,1080,12.09,142,11.75,23,1916,Left,0.953288,0.000000,0.000000,0.000000,0.0,0.0,-0.835387,0.309587,-0.331262,0.0,0.0,-1.521359,0.863110,-0.649694,0.0,0.0,-2.006173,1.386848,-0.901104,0.0,0.0,-2.419100,1.850252,-1.193256,0.0,0.0,-0.995533,1.004463,-1.256394,0.0,0.0,-1.250248,1.922182,-1.739633,0.0,0.0,-1.401376,2.509109,-2.001228,0.0,0.0,-1.540408,3.041404,-2.198689,0.0,0.0,-0.412543,0.971827,-1.319009,0.0,0.0,-0.347912,1.612086,-1.911450,0.0,0.0,-0.352409,2.114944,-2.230233,0.0,0.0,-0.341187,2.566045,-2.476566,0.0,0.0,0.123036,0.849516,-1.343249,0.0,0.0,0.350703,1.385751,-1.925619,0.0,0.0,0.472808,1.763741,-2.208001,0.0,0.0,0.604357,2.132628,-2.399349,0.0,0.0,0.557240,0.677803,-1.355043,0.0,0.0,0.945503,0.958426,-1.883334,0.0,0.0,1.214215,1.075737,-2.119579,0.0,0.0,1.464236,1.216976,-2.273710,0.0,0.0
v22.mp4,d7d289b723fef38ee20d930381259dd8e60879e32c15757927df9a9fef68f29a,1920,1080,12.09,142,11.75,24,2000,Left,0.926941,0.000000,0.000000,0.000000,0.0,0.0,-0.835387,0.343055,-0.369154,0.0,0.0,-1.502894,0.907900,-0.712068,0.0,0.0,-1.983058,1.423395,-0.986408,0.0,0.0,-2.393976,1.899131,-1.304135,0.0,0.0,-0.970063,1.008195,-1.326445,0.0,0.0,-1.202026,1.939063,-1.832020,0.0,0.0,-1.350533,2.541410,-2.107195,0.0,0.0,-1.487070,3.092296,-2.319165,0.0,0.0,-0.386392,0.946250,-1.400272,0.0,0.0,-0.282935,1.598492,-2.055148,0.0,0.0,-0.274663,2.136698,-2.434013,0.0,0.0,-0.263835,2.642222,-2.726667,0.0,0.0,0.164844,0.800156,-1.433467,0.0,0.0,0.413731,1.340968,-2.079782,0.0,0.0,0.529506,1.717813,-2.414325,0.0,0.0,0.646116,2.102918,-2.640175,0.0,0.0,0.615121,0.608639,-1.454338,0.0,0.0,1.044974,0.910366,-2.037644,0.0,0.0,1.324410,1.040543,-2.314665,0.0,0.0,1.582371,1.202569,-2.502521,0.0,0.0
v22.mp4,d7d289b723fef38ee20d930381259dd8e60879e32c15757927df9a9fef68f29a,1920,1080,12.09,142,11.75,25,2083,Left,0.855976,0.000000,0.000000,0.000000,0.0,0.0,-0.843478,0.404265,-0.358244,0.0,0.0,-1.479715,0.968712,-0.696405,0.0,0.0,-1.956017,1.479033,-0.966250,0.0,0.0,-2.370228,1.950235,-1.275899,0.0,0.0,-0.943492,1.060384,-1.316380,0.0,0.0,-1.172130,1.987952,-1.828524,0.0,0.0,-1.329117,2.594314,-2.101473,0.0,0.0,-1.477148,3.135526,-2.299766,0.0,0.0,-0.355017,0.995750,-1.388839,0.0,0.0,-0.243752,1.814122,-2.030433,0.0,0.0,-0.253592,2.492106,-2.429480,0.0,0.0,-0.255969,3.081590,-2.733681,0.0,0.0,0.173703,0.821084,-1.412390,0.0,0.0,0.438595,1.401890,-2.039175,0.0,0.0,0.564726,1.863443,-2.392210,0.0,0.0,0.696719,2.298882,-2.628335,0.0,0.0,0.591529,0.592632,-1.421577,0.0,0.0,1.025097,0.823392,-1.979477,0.0,0.0,1.282808,0.937324,-2.243090,0.0,0.0,1.540411,1.089158,-2.419781,0.0,0.0
v22.mp4,d7d289b723fef38ee20d930381259dd8e60879e32c15757927df9a9fef68f29a,1920,1080,12.09,142,11.75,26,2166,Left,0.823624,0.000000,0.000000,0.000000,0.0,0.0,-0.824520,0.397185,-0.236082,0.0,0.0,-1.445618,0.916668,-0.542300,0.0,0.0,-1.910001,1.428431,-0.795890,0.0,0.0,-2.341524,1.881176,-1.102925,0.0,0.0,-0.987156,1.009517,-1.218286,0.0,0.0,-1.218286,1.918825,-1.698398,0.0,0.0,-1.369288,2.529877,-1.951299,0.0,0.0,-1.521483,3.056450,-2.136924,0.0,0.0,-0.369319,0.962628,-1.348574,0.0,0.0,-0.267260,1.896627,-1.914745,0.0,0.0,-0.310633,2.619408,-2.286420,0.0,0.0,-0.362108,3.208771,-2.577790,0.0,0.0,0.174015,0.810406,-1.422325,0.0,0.0,0.424568,1.544167,-2.029456,0.0,0.0,0.473903,2.114208,-2.434128,0.0,0.0,0.520433,2.606459,-2.718471,0.0,0.0,0.584872,0.604674,-1.462252,0.0,0.0,0.977124,0.781398,-2.048591,0.0,0.0,1.132268,0.773690,-2.337950,0.0,0.0,1.275465,0.778968,-2.532173,0.0,0.0
v22.mp4,d7d289b723fef38ee20d930381259dd8e60879e32c15757927df9a9fef68f29a,1920,1080,12.09,142,11.75,27,2250,Left,0.825118,0.000000,0.000000,0.000000,0.0,0.0,-0.843340,0.355036,-0.270002,0.0,0.0,-1.495752,0.872385,-0.582573,0.0,0.0,-1.960731,1.378793,-0.834290,0.0,0.0,-2.381125,1.815774,-1.144541,0.0,0.0,-1.051937,0.938608,-1.269583,0.0,0.0,-1.267087,1.861395,-1.739988,0.0,0.0,-1.413614,2.463930,-1.970669,0.0,0.0,-1.547627,2.983854,-2.141378,0.0,0.0,-0.414945,0.905927,-1.385848,0.0,0.0,-0.301993,1.861139,-1.940711,0.0,0.0,-0.350955,2.574226,-2.279239,0.0,0.0,-0.406999,3.140240,-2.543736,0.0,0.0,0.147512,0.771793,-1.451766,0.0,0.0,0.408663,1.530809,-2.085014,0.0,0.0,0.433829,2.124936,-2.501239,0.0,0.0,0.452393,2.624741,-2.788076,0.0,0.0,0.574723,0.584634,-1.483293,0.0,0.0,0.894559,0.761302,-2.115924,0.0,0.0,0.994269,0.699778,-2.428143,0.0,0.0,1.080855,0.632453,-2.634371,0.0,0.0
v22.mp4,d7d289b723fef38ee20d930381259dd8e60879e32c15757927df9a9fef68f29a,1920,1080,12.09,142,11.75,28,2333,Left,0.6724,0.000000,0.000000,0.000000,0.0,0.0,-0.865536,0.309371,-0.290221,0.0,0.0,-1.525635,0.824951,-0.590854,0.0,0.0,-1.960998,1.334438,-0.820057,0.0,0.0,-2.373336,1.761692,-1.103696,0.0,0.0,-1.085336,0.931698,-1.245667,0.0,0.0,-1.301384,1.849303,-1.685188,0.0,0.0,-1.441797,2.438930,-1.896984,0.0,0.0,-1.569597,2.930891,-2.047721,0.0,0.0,-0.472783,0.910005,-1.314960,0.0,0.0,-0.340152,1.899408,-1.810308,0.0,0.0,-0.383748,2.611814,-2.105155,0.0,0.0,-0.434250,3.131915,-2.339755,0.0,0.0,0.081302,0.816890,-1.339893,0.0,0.0,0.347496,1.703182,-1.929174,0.0,0.0,0.390472,2.337567,-2.336615,0.0,0.0,0.445171,2.821480,-2.615184,0.0,0.0,0.509671,0.688634,-1.330109,0.0,0.0,0.741155,0.963106,-1.943210,0.0,0.0,0.808715,0.928255,-2.258842,0.0,0.0,0.904395,0.860141,-2.460520,0.0,0.0
v22.mp4,d7d289b723fef38ee20d930381259dd8e60879e32c15757927df9a9fef68f29a,1920,1080,12.09,142,11.75,29,2416,Left,0.875575,0.000000,0.000000,0.000000,0.0,0.0,-0.867065,0.267161,-0.269285,0.0,0.0,-1.531674,0.786585,-0.554351,0.0,0.0,-1.987214,1.291974,-0.769512,0.0,0.0,-2.400923,1.727797,-1.041565,0.0,0.0,-1.126564,0.917624,-1.191566,0.0,0.0,-1.361612,1.798569,-1.611603,0.0,0.0,-1.497081,2.389736,-1.820126,0.0,0.0,-1.613802,2.874928,-1.976511,0.0,0.0,-0.533570,0.886276,-1.280497,0.0,0.0,-0.397112,1.882171,-1.768075,0.0,0.0,-0.425393,2.570666,-2.085353,0.0,0.0,-0.473837,3.089066,-2.338975,0.0,0.0,0.025085,0.783230,-1.320572,0.0,0.0,0.283603,1.670863,-1.895056,0.0,0.0,0.315285,2.323257,-2.311193,0.0,0.0,0.346611,2.851469,-2.606274,0.0,0.0,0.479928,0.648612,-1.323277,0.0,0.0,0.805497,0.893516,-1.904422,0.0,0.0,0.939036,0.894837,-2.204740,0.0,0.0,1.066523,0.897894,-2.406832,0.0,0.0
v22.mp4,d7d289b723fef38ee20d930381259dd8e60879e32c15757927df9a9fef68f29a,1920,1080,12.09,142,11.75,30,2500,Left,0.970772,0.000000,0.000000,0.000000,0.0,0.0,-0.881021,0.280412,-0.315707,0.0,0.0,-1.601621,0.830719,-0.597638,0.0,0.0,-2.050140,1.380508,-0.795147,0.0,0.0,-2.482111,1.792586,-1.023676,0.0,0.0,-1.080331,0.948101,-1.212413,0.0,0.0,-1.342818,1.785836,-1.661388,0.0,0.0,-1.495348,2.397214,-1.903676,0.0,0.0,-1.628359,2.928625,-2.075551,0.0,0.0,-0.467564,0.947078,-1.231898,0.0,0.0,-0.382378,1.932341,-1.688931,0.0,0.0,-0.379449,2.686206,-1.961643,0.0,0.0,-0.357931,3.287586,-2.197400,0.0,0.0,0.050672,0.907186,-1.208487,0.0,0.0,0.202015,1.820631,-1.600882,0.0,0.0,0.259243,2.482303,-1.823851,0.0,0.0,0.333425,3.014152,-2.001261,0.0,0.0,0.433880,0.838099,-1.179500,0.0,0.0,0.725994,1.494743,-1.535489,0.0,0.0,0.925154,1.930661,-1.715330,0.0,0.0,1.105036,2.315538,-1.844324,0.0,0.0
v22.mp4,d7d289b723fef38ee20d930381259dd8e60879e32c15757927df9a9fef68f29a,1920,1080,12.09,142,11.75,31,2583,Left,0.958274,0.000000,0.000000,0.000000,0.0,0.0,-0.866553,0.317615,-0.362253,0.0,0.0,-1.618065,0.860890,-0.709559,0.0,0.0,-2.131567,1.403873,-0.965507,0.0,0.0,-2.563671,1.873480,-1.252412,0.0,0.0,-1.115941,0.921700,-1.402285,0.0,0.0,-1.385621,1.792762,-1.937057,0.0,0.0,-1.551724,2.428270,-2.233462,0.0,0.0,-1.689793,2.998154,-2.436801,0.0,0.0,-0.515559,0.911041,-1.424047,0.0,0.0,-0.434678,1.904540,-1.977794,0.0,0.0,-0.445156,2.692403,-2.298783,0.0,0.0,-0.431016,3.342953,-2.567240,0.0,0.0,0.002337,0.896080,-1.399753,0.0,0.0,0.210486,1.837808,-1.877930,0.0,0.0,0.289726,2.544374,-2.142317,0.0,0.0,0.369170,3.121796,-2.344526,0.0,0.0,0.400170,0.870077,-1.369442,0.0,0.0,0.677982,1.559158,-1.777404,0.0,0.0,0.873223,2.008336,-1.982842,0.0,0.0,1.048674,2.411210,-2.134465,0.0,0.0
v22.mp4,d7d289b723fef38ee20d930381259dd8e60879e32c15757927df9a9fef68f29a,1920,1080,12.09,142,11.75,32,2666,Left,0.966528,0.000000,0.000000,0.000000,0.0,0.0,-0.891521,0.289177,-0.351904,0.0,0.0,-1.641451,0.848033,-0.680799,0.0,0.0,-2.151016,1.396603,-0.921784,0.0,0.0,-2.603691,1.856403,-1.194034,0.0,0.0,-1.138969,0.875587,-1.340220,0.0,0.0,-1.413895,1.657596,-1.855281,0.0,0.0,-1.596765,2.255477,-2.143431,0.0,0.0,-1.749576,2.794649,-2.347298,0.0,0.0,-0.534461,0.892079,-1.368793,0.0,0.0,-0.462756,1.872795,-1.895219,0.0,0.0,-0.468991,2.653467,-2.210388,0.0,0.0,-0.448597,3.302317,-2.482069,0.0,0.0,-0.005512,0.886943,-1.354532,0.0,0.0,0.169977,1.815596,-1.818104,0.0,0.0,0.245444,2.514421,-2.086031,0.0,0.0,0.327392,3.088203,-2.297032,0.0,0.0,0.398917,0.856347,-1.333680,0.0,0.0,0.668917,1.516921,-1.740140,0.0,0.0,0.857359,1.958121,-1.954293,0.0,0.0,1.031319,2.355399,-2.115929,0.0,0.0
v22.mp4,d7d289b723fef38ee20d930381259dd8e60879e32c15757927df9a9fef68f29a,1920,1080,12.09,142,11.75,33,2750,Left,0.956581,0.000000,0.000000,0.000000,0.0,0.0,-0.906131,0.291126,-0.332731,0.0,0.0,-1.638147,0.853655,-0.637499,0.0,0.0,-2.144499,1.383837,-0.860521,0.0,0.0,-2.591932,1.832625,-1.114668,0.0,0.0,-1.108355,0.889092,-1.298803,0.0,0.0,-1.413148,1.586038,-1.803511,0.0,0.0,-1.610157,2.139293,-2.091110,0.0,0.0,-1.784596,2.655242,-2.298293,0.0,0.0,-0.514285,0.916545,-1.336702,0.0,0.0,-0.450935,1.860902,-1.865719,0.0,0.0,-0.467789,2.636286,-2.200521,0.0,0.0,-0.460819,3.288569,-2.490224,0.0,0.0,0.010216,0.912735,-1.329332,0.0,0.0,0.192511,1.819038,-1.805744,0.0,0.0,0.273540,2.495375,-2.091289,0.0,0.0,0.364811,3.054012,-2.314311,0.0,0.0,0.412380,0.876736,-1.311857,0.0,0.0,0.713970,1.512350,-1.720088,0.0,0.0,0.916364,1.933162,-1.937759,0.0,0.0,1.100789,2.313941,-2.105842,0.0,0.0
v22.mp4,d7d289b723fef38ee20d930381259dd8e60879e32c15757927df9a9fef68f29a,1920,1080,12.09,142,11.75,34,2833,Left,0.93526,0.000000,0.000000,0.000000,0.0,0.0,-0.902896,0.254164,-0.444670,0.0,0.0,-1.729441,0.884948,-0.768225,0.0,0.0,-2.242579,1.455989,-0.990801,0.0,0.0,-2.761235,1.836779,-1.242581,0.0,0.0,-1.152909,0.736451,-1.358213,0.0,0.0,-1.434030,1.147674,-1.920210,0.0,0.0,-1.685982,1.563154,-2.282449,0.0,0.0,-1.935714,2.018269,-2.544885,0.0,0.0,-0.526576,0.825735,-1.362363,0.0,0.0,-0.448349,1.800263,-1.907107,0.0,0.0,-0.459721,2.670282,-2.292326,0.0,0.0,-0.434693,3.451754,-2.629663,0.0,0.0,0.015577,0.872047,-1.334046,0.0,0.0,0.226363,1.849088,-1.855539,0.0,0.0,0.320991,2.601375,-2.193257,0.0,0.0,0.448277,3.247404,-2.452767,0.0,0.0,0.446645,0.866812,-1.304225,0.0,0.0,0.742419,1.543551,-1.739390,0.0,0.0,0.968709,2.001224,-1.975911,0.0,0.0,1.184669,2.431689,-2.170178,0.0,0.0
v22.mp4,d7d289b723fef38ee20d930381259dd8e60879e32c15757927df9a9fef68f29a,1920,1080,12.09,142,11.75,35,2916,Left,0.930822,0.000000,0.000000,0.000000,0.0,0.0,-0.940461,0.225347,-0.535626,0.0,0.0,-1.733016,0.868998,-0.974924,0.0,0.0,-2.208441,1.421263,-1.285757,0.0,0.0,-2.712866,1.847567,-1.640169,0.0,0.0,-1.160300,0.730089,-1.753520,0.0,0.0,-1.447031,1.082240,-2.446276,0.0,0.0,-1.678568,1.473234,-2.896461,0.0,0.0,-1.911249,1.905704,-3.226816,0.0,0.0,-0.532827,0.813623,-1.758264,0.0,0.0,-0.441997,1.796967,-2.488837,0.0,0.0,-0.439416,2.624771,-3.026162,0.0,0.0,-0.448386,3.369664,-3.489063,0.0,0.0,0.005435,0.879555,-1.706469,0.0,0.0,0.216904,1.829920,-2.376213,0.0,0.0,0.316032,2.577406,-2.832833,0.0,0.0,0.439589,3.187388,-3.184910,0.0,0.0,0.425238,0.898200,-1.644668,0.0,0.0,0.742324,1.584287,-2.176768,0.0,0.0,0.982704,2.026296,-2.485719,0.0,0.0,1.220838,2.440326,-2.749511,0.0,0.0
v22.mp4,d7d289b723fef38ee20d930381259dd8e60879e32c15757927df9a9fef68f29a,1920,1080,12.09,142,11.75,36,3000,Left,0.975462,0.000000,0.000000,0.000000,0.0,0.0,-0.881003,0.258625,-0.338151,0.0,0.0,-1.655822,0.796665,-0.644118,0.0,0.0,-2.166249,1.341938,-0.866052,0.0,0.0,-2.595642,1.782120,-1.120324,0.0,0.0,-1.109150,0.902345,-1.267038,0.0,0.0,-1.337245,1.797287,-1.736883,0.0,0.0,-1.482594,2.438508,-1.991518,0.0,0.0,-1.595060,2.991662,-2.168695,0.0,0.0,-0.494042,0.910069,-1.303187,0.0,0.0,-0.430758,1.898670,-1.794067,0.0,0.0,-0.441716,2.686307,-2.073798,0.0,0.0,-0.421753,3.325167,-2.308064,0.0,0.0,0.036115,0.883727,-1.298832,0.0,0.0,0.187807,1.791307,-1.741075,0.0,0.0,0.236590,2.468419,-1.972730,0.0,0.0,0.300515,3.038834,-2.147401,0.0,0.0,0.435407,0.836385,-1.289429,0.0,0.0,0.709253,1.501309,-1.683986,0.0,0.0,0.919788,1.934053,-1.858207,0.0,0.0,1.109599,2.323660,-1.977518,0.0,0.0
v22.mp4,d7d289b723fef38ee20d930381259dd8e60879e32c15757927df9a9fef68f29a,1920,1080,12.09,142,11.75,37,3083,Left,0.938416,0.000000,0.000000,0.000000,0.0,0.0,-0.894804,0.313868,-0.384193,0.0,0.0,-1.695055,0.877477,-0.725896,0.0,0.0,-2.231872,1.424214,-0.974511,0.0,0.0,-2.680656,1.886160,-1.252676,0.0,0.0,-1.139725,0.921173,-1.365986,0.0,0.0,-1.371627,1.797214,-1.879623,0.0,0.0,-1.515127,2.455282,-2.157016,0.0,0.0,-1.630262,3.040995,-2.348200,0.0,0.0,-0.531720,0.890452,-1.380252,0.0,0.0,-0.450415,1.914759,-1.909918,0.0,0.0,-0.454706,2.737170,-2.216957,0.0,0.0,-0.432167,3.420871,-2.477513,0.0,0.0,-0.005422,0.861892,-1.354352,0.0,0.0,0.185516,1.818544,-1.825245,0.0,0.0,0.257029,2.547282,-2.086679,0.0,0.0,0.337009,3.156650,-2.285285,0.0,0.0,0.399380,0.826498,-1.325242,0.0,0.0,0.677878,1.520957,-1.736176,0.0,0.0,0.871238,1.990073,-1.945013,0.0,0.0,1.050621,2.418920,-2.098602,0.0,0.0
v22.mp4,d7d289b723fef38ee20d930381259dd8e60879e32c15757927df9a9fef68f29a,1920,1080,12.09,142,11.75,38,3166,Left,0.970201,0.000000,0.000000,0.000000,0.0,0.0,-0.909927,0.295032,-0.370273,0.0,0.0,-1.680344,0.849140,-0.713554,0.0,0.0,-2.198186,1.394010,-0.963912,0.0,0.0,-2.646186,1.851668,-1.243888,0.0,0.0,-1.128928,0.889228,-1.383416,0.0,0.0,-1.382494,1.776587,-1.897554,0.0,0.0,-1.523804,2.437854,-2.172619,0.0,0.0,-1.635321,3.012793,-2.362958,0.0,0.0,-0.510175,0.884132,-1.406201,0.0,0.0,-0.452773,1.906323,-1.954087,0.0,0.0,-0.465908,2.725335,-2.272757,0.0,0.0,-0.460797,3.391829,-2.539832,0.0,0.0,0.025593,0.864724,-1.382390,0.0,0.0,0.197998,1.806470,-1.856731,0.0,0.0,0.253540,2.513311,-2.114026,0.0,0.0,0.311759,3.091277,-2.309877,0.0,0.0,0.430561,0.829399,-1.353067,0.0,0.0,0.723004,1.508836,-1.761287,0.0,0.0,0.909970,1.959311,-1.960946,0.0,0.0,1.078907,2.362851,-2.105924,0.0,0.0
v22.mp4,d7d289b723fef38ee20d930381259dd8e60879e32c15757927df9a9fef68f29a,1920,1080,12.09,142,11.75,39,3250,Left,0.966231,0.000000,0.000000,0.000000,0.0,0.0,-0.921824,0.305405,-0.391407,0.0,0.0,-1.712273,0.857866,-0.757923,0.0,0.0,-2.232195,1.407443,-1.027046,0.0,0.0,-2.691690,1.875520,-1.327044,0.0,0.0,-1.139620,0.885283,-1.449964,0.0,0.0,-1.377903,1.769498,-1.990805,0.0,0.0,-1.524398,2.439753,-2.286699,0.0,0.0,-1.639480,3.030515,-2.491476,0.0,0.0,-0.511510,0.852455,-1.468235,0.0,0.0,-0.441577,1.873326,-2.037595,0.0,0.0,-0.454138,2.714241,-2.371664,0.0,0.0,-0.441427,3.407822,-2.655157,0.0,0.0,0.028536,0.835122,-1.439892,0.0,0.0,0.214442,1.794815,-1.932973,0.0,0.0,0.275646,2.526874,-2.207657,0.0,0.0,0.342507,3.125738,-2.419566,0.0,0.0,0.441816,0.819725,-1.406960,0.0,0.0,0.722607,1.514721,-1.830540,0.0,0.0,0.904241,1.983578,-2.048681,0.0,0.0,1.070376,2.405570,-2.212229,0.0,0.0
v22.mp4,d7d289b723fef38ee20d930381259dd8e60879e32c15757927df9a9fef68f29a,1920,1080,12.09,142,11.75,40,3333,Left,0.956182,0.000000,0.000000,0.000000,0.0,0.0,-0.911991,0.266686,-0.373929,0.0,0.0,-1.733135,0.844556,-0.671838,0.0,0.0,-2.271374,1.404169,-0.878117,0.0,0.0,-2.750531,1.827929,-1.116346,0.0,0.0,-1.154904,0.786097,-1.303284,0.0,0.0,-1.462902,1.359759,-1.779021,0.0,0.0,-1.643010,1.882837,-2.043208,0.0,0.0,-1.810597,2.399023,-2.240110,0.0,0.0,-0.532113,0.851223,-1.324237,0.0,0.0,-0.469361,1.849908,-1.824693,0.0,0.0,-0.490590,2.674003,-2.144713,0.0,0.0,-0.490759,3.374332,-2.427252,0.0,0.0,0.005378,0.884011,-1.302536,0.0,0.0,0.191212,1.822500,-1.766599,0.0,0.0,0.260233,2.536177,-2.041355,0.0,0.0,0.334739,3.132676,-2.257527,0.0,0.0,0.415069,0.874154,-1.274797,0.0,0.0,0.714643,1.549618,-1.675263,0.0,0.0,0.914146,1.994937,-1.882441,0.0,0.0,1.088100,2.402484,-2.045710,0.0,0.0
v22.mp4,d7d289b723fef38ee20d930381259dd8e60879e32c15757927df9a9fef68f29a,1920,1080,12.09,142,11.75,41,3416,Left,0.916645,0.000000,0.000000,0.000000,0.0,0.0,-0.943068,0.265534,-0.559179,0.0,0.0,-1.700180,0.900041,-1.045704,0.0,0.0,-2.182477,1.426082,-1.388980,0.0,0.0,-2.714837,1.836359,-1.769150,0.0,0.0,-1.170914,0.736587,-1.948463,0.0,0.0,-1.476017,1.143475,-2.699586,0.0,0.0,-1.664055,1.623614,-3.168008,0.0,0.0,-1.853469,2.120303,-3.508012,0.0,0.0,-0.536061,0.797684,-1.939308,0.0,0.0,-0.435122,1.769966,-2.768636,0.0,0.0,-0.430098,2.607447,-3.343218,0.0,0.0,-0.441380,3.350285,-3.830190,0.0,0.0,-0.002530,0.866214,-1.858940,0.0,0.0,0.218433,1.786430,-2.573625,0.0,0.0,0.313301,2.548487,-3.038490,0.0,0.0,0.429472,3.154869,-3.398885,0.0,0.0,0.414445,0.908756,-1.768301,0.0,0.0,0.729480,1.562618,-2.318066,0.0,0.0,0.960759,1.991340,-2.642550,0.0,0.0,1.187551,2.402804,-2.921317,0.0,0.0
v22.mp4,d7d289b723fef38ee20d930381259dd8e60879e32c15757927df9a9fef68f29a,1920,1080,12.09,142,11.75,42,3500,Left,0.955688,0.000000,0.000000,0.000000,0.0,0.0,-0.921939,0.219457,-0.510114,0.0,0.0,-1.715112,0.854449,-0.920974,0.0,0.0,-2.189927,1.414511,-1.205927,0.0,0.0,-2.701691,1.817222,-1.527800,0.0,0.0,-1.166247,0.726574,-1.670060,0.0,0.0,-1.446827,1.127409,-2.323696,0.0,0.0,-1.656782,1.564169,-2.736647,0.0,0.0,-1.863610,2.022817,-3.036247,0.0,0.0,-0.531649,0.807178,-1.663732,0.0,0.0,-0.436154,1.803618,-2.336234,0.0,0.0,-0.433486,2.636797,-2.811915,0.0,0.0,-0.433143,3.370976,-3.224614,0.0,0.0,0.008951,0.871643,-1.604934,0.0,0.0,0.214967,1.825710,-2.214932,0.0,0.0,0.307037,2.572119,-2.612650,0.0,0.0,0.421722,3.183194,-2.922310,0.0,0.0,0.425256,0.892852,-1.539428,0.0,0.0,0.729065,1.579745,-2.031487,0.0,0.0,0.965549,2.028714,-2.308507,0.0,0.0,1.198048,2.448624,-2.540826,0.0,0.0
v22.mp4,d7d289b723fef38ee20d930381259dd8e60879e32c15757927df9a9fef68f29a,1920,1080,12.09,142,11.75,43,3583,Left,0.987616,0.000000,0.000000,0.000000,0.0,0.0,-0.855496,0.259219,-0.329430,0.0,0.0,-1.650749,0.819299,-0.599804,0.0,0.0,-2.158368,1.384715,-0.785265,0.0,0.0,-2.576832,1.824469,-0.999760,0.0,0.0,-1.108569,0.834928,-1.203486,0.0,0.0,-1.344313,1.573196,-1.633594,0.0,0.0,-1.469895,2.174744,-1.862649,0.0,0.0,-1.558382,2.710742,-2.026504,0.0,0.0,-0.482673,0.876097,-1.227582,0.0,0.0,-0.439939,1.869816,-1.677369,0.0,0.0,-0.463827,2.665634,-1.945453,0.0,0.0,-0.443263,3.307292,-2.177015,0.0,0.0,0.048114,0.890720,-1.211720,0.0,0.0,0.200889,1.808909,-1.622054,0.0,0.0,0.258035,2.520065,-1.858623,0.0,0.0,0.333109,3.106277,-2.043477,0.0,0.0,0.456209,0.881432,-1.189993,0.0,0.0,0.723216,1.538821,-1.564014,0.0,0.0,0.932938,1.990709,-1.749328,0.0,0.0,1.126417,2.400158,-1.882996,0.0,0.0
v22.mp4,d7d289b723fef38ee20d930381259dd8e60879e32c15757927df9a9fef68f29a,1920,1080,12.09,142,11.75,44,3666,Left,0.949338,0.000000,0.000000,0.000000,0.0,0.0,-0.910099,0.301316,-0.401195,0.0,0.0,-1.724478,0.867434,-0.753882,0.0,0.0,-2.250589,1.432052,-1.007774,0.0,0.0,-2.700834,1.908938,-1.292212,0.0,0.0,-1.131009,0.894060,-1.409484,0.0,0.0,-1.340490,1.813597,-1.931479,0.0,0.0,-1.465600,2.495507,-2.212194,0.0,0.0,-1.570287,3.094300,-2.406326,0.0,0.0,-0.502211,0.872713,-1.418141,0.0,0.0,-0.431537,1.920581,-1.955236,0.0,0.0,-0.440256,2.759444,-2.267591,0.0,0.0,-0.425183,3.451374,-2.534707,0.0,0.0,0.031391,0.856256,-1.385728,0.0,0.0,0.207908,1.826645,-1.856708,0.0,0.0,0.269747,2.564042,-2.121194,0.0,0.0,0.337649,3.170624,-2.325582,0.0,0.0,0.432008,0.835869,-1.351537,0.0,0.0,0.713639,1.535997,-1.766312,0.0,0.0,0.903735,2.008908,-1.979890,0.0,0.0,1.079763,2.433786,-2.138276,0.0,0.0
v22.mp4,d7d289b723fef38ee20d930381259dd8e60879e32c15757927df9a9fef68f29a,1920,1080,12.09,142,11.75,45,3750,Left,0.968863,0.000000,0.000000,0.000000,0.0,0.0,-0.898364,0.304594,-0.363696,0.0,0.0,-1.679262,0.857359,-0.695207,0.0,0.0,-2.193428,1.408726,-0.936944,0.0,0.0,-2.627670,1.883021,-1.209556,0.0,0.0,-1.102149,0.908098,-1.338529,0.0,0.0,-1.325905,1.818556,-1.831286,0.0,0.0,-1.444069,2.486776,-2.094598,0.0,0.0,-1.536914,3.068010,-2.278020,0.0,0.0,-0.484564,0.896472,-1.358552,0.0,0.0,-0.424444,1.918169,-1.877333,0.0,0.0,-0.437888,2.730025,-2.183291,0.0,0.0,-0.429225,3.392533,-2.443951,0.0,0.0,0.047950,0.874364,-1.334560,0.0,0.0,0.215729,1.823910,-1.783528,0.0,0.0,0.274227,2.527307,-2.035324,0.0,0.0,0.339695,3.099000,-2.230621,0.0,0.0,0.450225,0.842651,-1.306240,0.0,0.0,0.728133,1.527664,-1.698290,0.0,0.0,0.909549,1.986010,-1.896405,0.0,0.0,1.082354,2.391678,-2.042365,0.0,0.0
v22.mp4,d7d289b723fef38ee20d930381259dd8e60879e32c15757927df9a9fef68f29a,1920,1080,12.09,142,11.75,46,3833,Left,0.947356,0.000000,0.000000,0.000000,0.0,0.0,-0.876289,0.311266,-0.401910,0.0,0.0,-1.680447,0.869238,-0.755177,0.0,0.0,-2.213627,1.414542,-1.010714,0.0,0.0,-2.648545,1.899208,-1.297655,0.0,0.0,-1.087544,0.914704,-1.417597,0.0,0.0,-1.320311,1.814206,-1.943039,0.0,0.0,-1.449905,2.493152,-2.224875,0.0,0.0,-1.553095,3.093374,-2.419510,0.0,0.0,-0.468919,0.896820,-1.425858,0.0,0.0,-0.405793,1.939991,-1.969409,0.0,0.0,-0.412024,2.767319,-2.285280,0.0,0.0,-0.393490,3.452050,-2.554511,0.0,0.0,0.059049,0.882436,-1.392354,0.0,0.0,0.225747,1.852322,-1.871829,0.0,0.0,0.297471,2.581036,-2.140015,0.0,0.0,0.380425,3.180490,-2.345340,0.0,0.0,0.459807,0.861795,-1.356474,0.0,0.0,0.720060,1.562394,-1.778514,0.0,0.0,0.911673,2.028524,-1.995822,0.0,0.0,1.100768,2.449666,-2.155969,0.0,0.0
v22.mp4,d7d289b723fef38ee20d930381259dd8e60879e32c15757927df9a9fef68f29a,1920,1080,12.09,142,11.75,47,3916,Left,0.951064,0.000000,0.000000,0.000000,0.0,0.0,-0.854833,0.301438,-0.406945,0.0,0.0,-1.644038,0.868537,-0.748934,0.0,0.0,-2.179057,1.406257,-0.992791,0.0,0.0,-2.615830,1.876171,-1.265378,0.0,0.0,-1.060842,0.918618,-1.389695,0.0,0.0,-1.307070,1.794922,-1.903820,0.0,0.0,-1.441533,2.453684,-2.179510,0.0,0.0,-1.552469,3.040842,-2.370736,0.0,0.0,-0.447382,0.929988,-1.388631,0.0,0.0,-0.408026,1.929424,-1.932925,0.0,0.0,-0.421040,2.731951,-2.251544,0.0,0.0,-0.407512,3.397744,-2.518884,0.0,0.0,0.067275,0.927355,-1.346242,0.0,0.0,0.214447,1.850592,-1.819068,0.0,0.0,0.286778,2.552673,-2.078057,0.0,0.0,0.370710,3.128103,-2.274504,0.0,0.0,0.451025,0.907140,-1.303836,0.0,0.0,0.697122,1.586329,-1.717746,0.0,0.0,0.889647,2.030683,-1.926588,0.0,0.0,1.082206,2.428674,-2.078379,0.0,0.0
v22.mp4,d7d289b723fef38ee20d930381259dd8e60879e32c15757927df9a9fef68f29a,1920,1080,12.09,142,11.75,48,4000,Left,0.939303,0.000000,0.000000,0.000000,0.0,0.0,-0.859495,0.264806,-0.447247,0.0,0.0,-1.671737,0.859148,-0.779642,0.0,0.0,-2.225707,1.433763,-1.000597,0.0,0.0,-2.726432,1.868789,-1.242547,0.0,0.0,-1.098651,0.771370,-1.414354,0.0,0.0,-1.453683,1.313760,-1.988366,0.0,0.0,-1.669590,1.829319,-2.329043,0.0,0.0,-1.867018,2.349976,-2.565998,0.0,0.0,-0.485660,0.873554,-1.397986,0.0,0.0,-0.447337,1.877455,-1.986839,0.0,0.0,-0.463606,2.710165,-2.350594,0.0,0.0,-0.442926,3.418431,-2.653056,0.0,0.0,0.033257,0.939417,-1.344284,0.0,0.0,0.225582,1.891574,-1.873423,0.0,0.0,0.318075,2.619350,-2.162042,0.0,0.0,0.408232,3.224036,-2.373996,0.0,0.0,0.432990,0.962035,-1.290832,0.0,0.0,0.716866,1.658638,-1.721469,0.0,0.0,0.942313,2.109385,-1.933226,0.0,0.0,1.137279,2.529570,-2.095466,0.0,0.0
v22.mp4,d7d289b723fef38ee20d930381259dd8e60879e32c15757927df9a9fef68f29a,1920,1080,12.09,142,11.75,49,4083,Left,0.909944,0.000000,0.000000,0.000000,0.0,0.0,-0.895923,0.231131,-0.576140,0.0,0.0,-1.700884,0.874170,-1.024682,0.0,0.0,-2.233566,1.414386,-1.333941,0.0,0.0,-2.774912,1.838144,-1.676814,0.0,0.0,-1.146410,0.708586,-1.802189,0.0,0.0,-1.434648,1.089399,-2.529969,0.0,0.0,-1.639726,1.540143,-3.003978,0.0,0.0,-1.838307,2.028019,-3.347387,0.0,0.0,-0.520116,0.813455,-1.777557,0.0,0.0,-0.458504,1.792065,-2.541909,0.0,0.0,-0.459466,2.650935,-3.087265,0.0,0.0,-0.446955,3.437675,-3.550841,0.0,0.0,0.011141,0.893496,-1.699560,0.0,0.0,0.201776,1.849432,-2.373675,0.0,0.0,0.298753,2.613905,-2.819886,0.0,0.0,0.432003,3.239986,-3.162958,0.0,0.0,0.432012,0.926040,-1.618550,0.0,0.0,0.702567,1.609457,-2.147621,0.0,0.0,0.930608,2.066203,-2.457606,0.0,0.0,1.161189,2.500672,-2.721965,0.0,0.0
v22.mp4,d7d289b723fef38ee20d930381259dd8e60879e32c15757927df9a9fef68f29a,1920,1080,12.09,142,11.75,50,4166,Left,0.95826,0.000000,0.000000,0.000000,0.0,0.0,-0.904360,0.236389,-0.411311,0.0,0.0,-1.728732,0.860258,-0.733834,0.0,0.0,-2.245337,1.439797,-0.949857,0.0,0.0,-2.743277,1.843917,-1.199291,0.0,0.0,-1.174932,0.749600,-1.425883,0.0,0.0,-1.461133,1.263775,-1.951977,0.0,0.0,-1.654002,1.756406,-2.264341,0.0,0.0,-1.844041,2.249413,-2.498030,0.0,0.0,-0.545062,0.821245,-1.437755,0.0,0.0,-0.462396,1.833604,-1.982888,0.0,0.0,-0.464476,2.647161,-2.353978,0.0,0.0,-0.467966,3.341892,-2.683427,0.0,0.0,-0.004570,0.874241,-1.402229,0.0,0.0,0.178721,1.827734,-1.905891,0.0,0.0,0.257691,2.554222,-2.229520,0.0,0.0,0.346587,3.145827,-2.486890,0.0,0.0,0.401644,0.890474,-1.358919,0.0,0.0,0.690318,1.574761,-1.785440,0.0,0.0,0.913438,2.010850,-2.021967,0.0,0.0,1.113359,2.414608,-2.215943,0.0,0.0
v22.mp4,d7d289b723fef38ee20d930381259dd8e60879e32c15757927df9a9fef68f29a,1920,1080,12.09,142,11.75,51,4250,Left,0.977041,0.000000,0.000000,0.000000,0.0,0.0,-0.884363,0.279734,-0.364564,0.0,0.0,-1.651364,0.832651,-0.694025,0.0,0.0,-2.164196,1.381123,-0.931968,0.0,0.0,-2.583104,1.851170,-1.203194,0.0,0.0,-1.083243,0.936977,-1.354137,0.0,0.0,-1.282246,1.864060,-1.851092,0.0,0.0,-1.405903,2.519429,-2.120211,0.0,0.0,-1.506576,3.081405,-2.305024,0.0,0.0,-0.473210,0.930294,-1.379631,0.0,0.0,-0.388449,1.950716,-1.905245,0.0,0.0,-0.389550,2.750875,-2.205392,0.0,0.0,-0.366303,3.383672,-2.455863,0.0,0.0,0.044649,0.907756,-1.362023,0.0,0.0,0.212326,1.840169,-1.829611,0.0,0.0,0.266794,2.531271,-2.082381,0.0,0.0,0.339297,3.089977,-2.271137,0.0,0.0,0.428281,0.879169,-1.339432,0.0,0.0,0.712577,1.566853,-1.748059,0.0,0.0,0.936138,2.006784,-1.938450,0.0,0.0,1.147301,2.388513,-2.071435,0.0,0.0
v22.mp4,d7d289b723fef38ee20d930381259dd8e60879e32c15757927df9a9fef68f29a,1920,1080,12.09,142,11.75,52,4333,Left,0.9357,0.000000,0.000000,0.000000,0.0,0.0,-0.857202,0.302603,-0.428411,0.0,0.0,-1.673341,0.863460,-0.790814,0.0,0.0,-2.202079,1.407911,-1.051252,0.0,0.0,-2.633119,1.896117,-1.342115,0.0,0.0,-1.084181,0.928363,-1.450054,0.0,0.0,-1.286454,1.863434,-1.979163,0.0,0.0,-1.404148,2.536361,-2.259447,0.0,0.0,-1.509786,3.129274,-2.453187,0.0,0.0,-0.470581,0.916757,-1.447920,0.0,0.0,-0.402059,1.948951,-2.014685,0.0,0.0,-0.406210,2.763346,-2.346594,0.0,0.0,-0.395314,3.429652,-2.625816,0.0,0.0,0.044286,0.905400,-1.405237,0.0,0.0,0.220083,1.848541,-1.907322,0.0,0.0,0.304291,2.569333,-2.192430,0.0,0.0,0.389817,3.144909,-2.405219,0.0,0.0,0.432005,0.894540,-1.361597,0.0,0.0,0.685902,1.620132,-1.797479,0.0,0.0,0.897469,2.075800,-2.025715,0.0,0.0,1.106753,2.467694,-2.193430,0.0,0.0
v22.mp4,d7d289b723fef38ee20d930381259dd8e60879e32c15757927df9a9fef68f29a,1920,1080,12.09,142,11.75,53,4416,Left,0.959833,0.000000,0.000000,0.000000,0.0,0.0,-0.875419,0.275287,-0.437979,0.0,0.0,-1.703805,0.852658,-0.800196,0.0,0.0,-2.233560,1.414754,-1.057007,0.0,0.0,-2.681328,1.903376,-1.345823,0.0,0.0,-1.089092,0.901951,-1.462112,0.0,0.0,-1.288787,1.850460,-1.990835,0.0,0.0,-1.420454,2.522037,-2.282576,0.0,0.0,-1.540968,3.119758,-2.489915,0.0,0.0,-0.454299,0.897142,-1.448106,0.0,0.0,-0.320775,1.904411,-2.001270,0.0,0.0,-0.302166,2.702932,-2.330209,0.0,0.0,-0.274236,3.365959,-2.616288,0.0,0.0,0.068000,0.897338,-1.393761,0.0,0.0,0.242716,1.872328,-1.880450,0.0,0.0,0.319456,2.591411,-2.157754,0.0,0.0,0.414444,3.169651,-2.374819,0.0,0.0,0.446179,0.896834,-1.339892,0.0,0.0,0.695894,1.638592,-1.767050,0.0,0.0,0.916942,2.087481,-1.990198,0.0,0.0,1.140162,2.471270,-2.158544,0.0,0.0
v22.mp4,d7d289b723fef38ee20d930381259dd8e60879e32c15757927df9a9fef68f29a,1920,1080,12.09,142,11.75,54,4500,Left,0.974876,0.000000,0.000000,0.000000,0.0,0.0,-0.804277,0.256940,-0.337431,0.0,0.0,-1.603387,0.832478,-0.623981,0.0,0.0,-2.140651,1.386182,-0.827592,0.0,0.0,-2.552345,1.828014,-1.061083,0.0,0.0,-1.025196,0.926442,-1.179374,0.0,0.0,-1.269497,1.897607,-1.578937,0.0,0.0,-1.409002,2.514352,-1.777186,0.0,0.0,-1.511519,3.061899,-1.924561,0.0,0.0,-0.443837,0.983941,-1.175274,0.0,0.0,-0.444811,1.830334,-1.604844,0.0,0.0,-0.456595,2.357118,-1.810768,0.0,0.0,-0.419574,2.799055,-1.986634,0.0,0.0,0.047188,1.006081,-1.137862,0.0,0.0,0.155915,1.908663,-1.515509,0.0,0.0,0.260897,2.535734,-1.706370,0.0,0.0,0.404494,3.070105,-1.861861,0.0,0.0,0.401791,0.999681,-1.098104,0.0,0.0,0.608528,1.686248,-1.437264,0.0,0.0,0.818298,2.076852,-1.598278,0.0,0.0,1.042487,2.411701,-1.716062,0.0,0.0
v22.mp4,d7d289b723fef38ee20d930381259dd8e60879e32c15757927df9a9fef68f29a,1920,1080,12.09,142,11.75,55,4583,Left,0.90311,0.000000,0.000000,0.000000,0.0,0.0,-0.841130,0.333593,-0.386798,0.0,0.0,-1.533909,0.900812,-0.838444,0.0,0.0,-2.068276,1.363684,-1.185276,0.0,0.0,-2.515801,1.779271,-1.561885,0.0,0.0,-1.029829,0.937499,-1.705247,0.0,0.0,-1.225718,1.918226,-2.340894,0.0,0.0,-1.376644,2.534838,-2.681198,0.0,0.0,-1.504897,3.076325,-2.914062,0.0,0.0,-0.478832,0.942997,-1.742060,0.0,0.0,-0.535403,1.625317,-2.499510,0.0,0.0,-0.591712,2.001683,-2.873416,0.0,0.0,-0.593564,2.322460,-3.157787,0.0,0.0,0.037680,0.962261,-1.719575,0.0,0.0,0.234028,1.776685,-2.432018,0.0,0.0,0.359638,2.458308,-2.842500,0.0,0.0,0.543502,3.005258,-3.119053,0.0,0.0,0.431838,0.981458,-1.663156,0.0,0.0,0.676573,1.687813,-2.181937,0.0,0.0,0.877281,2.092922,-2.457903,0.0,0.0,1.132171,2.435697,-2.677782,0.0,0.0
v22.mp4,d7d289b723fef38ee20d930381259dd8e60879e32c15757927df9a9fef68f29a,1920,1080,12.09,142,11.75,56,4666,Left,0.903677,0.000000,0.000000,0.000000,0.0,0.0,-0.813701,0.321652,-0.398687,0.0,0.0,-1.495973,0.893700,-0.863889,0.0,0.0,-2.000830,1.341529,-1.223560,0.0,0.0,-2.435600,1.750717,-1.612825,0.0,0.0,-1.043020,0.931440,-1.728425,0.0,0.0,-1.216922,1.905194,-2.367130,0.0,0.0,-1.347762,2.508073,-2.708801,0.0,0.0,-1.466155,3.036189,-2.946639,0.0,0.0,-0.514561,0.943141,-1.770102,0.0,0.0,-0.563838,1.587262,-2.553902,0.0,0.0,-0.615020,1.923160,-2.954073,0.0,0.0,-0.622595,2.215868,-3.255525,0.0,0.0,0.001061,0.970728,-1.750892,0.0,0.0,0.219101,1.768058,-2.492095,0.0,0.0,0.361021,2.435035,-2.937009,0.0,0.0,0.563374,2.960610,-3.234898,0.0,0.0,0.404232,0.988830,-1.695134,0.0,0.0,0.643454,1.682751,-2.232743,0.0,0.0,0.858710,2.081446,-2.529429,0.0,0.0,1.142833,2.414892,-2.766829,0.0,0.0
v22.mp4,d7d289b723fef38ee20d930381259dd8e60879e32c15757927df9a9fef68f29a,1920,1080,12.09,142,11.75,57,4750,Left,0.914712,0.000000,0.000000,0.000000,0.0,0.0,-0.850103,0.288061,-0.357342,0.0,0.0,-1.615266,0.854207,-0.737478,0.0,0.0,-2.146678,1.364414,-1.025804,0.0,0.0,-2.576082,1.788126,-1.338546,0.0,0.0,-1.037018,0.929555,-1.449763,0.0,0.0,-1.281495,1.920436,-1.977736,0.0,0.0,-1.433753,2.549493,-2.253696,0.0,0.0,-1.539201,3.107978,-2.450587,0.0,0.0,-0.472075,0.954882,-1.477593,0.0,0.0,-0.467074,1.652062,-2.138980,0.0,0.0,-0.500997,1.962215,-2.430984,0.0,0.0,-0.473491,2.218775,-2.635659,0.0,0.0,0.031261,0.981343,-1.459680,0.0,0.0,0.218960,1.837720,-2.057325,0.0,0.0,0.337389,2.486247,-2.357497,0.0,0.0,0.517374,3.028343,-2.555864,0.0,0.0,0.404800,1.000213,-1.420721,0.0,0.0,0.634420,1.684945,-1.868183,0.0,0.0,0.844581,2.079010,-2.079437,0.0,0.0,1.096791,2.420216,-2.236824,0.0,0.0
v22.mp4,d7d289b723fef38ee20d930381259dd8e60879e32c15757927df9a9fef68f29a,1920,1080,12.09,142,11.75,58,4833,Left,0.952921,0.000000,0.000000,0.000000,0.0,0.0,-0.814478,0.285347,-0.325149,0.0,0.0,-1.587011,0.824830,-0.608537,0.0,0.0,-2.114139,1.342379,-0.810817,0.0,0.0,-2.523982,1.770355,-1.042521,0.0,0.0,-1.035198,0.966655,-1.159932,0.0,0.0,-1.247785,1.854572,-1.580265,0.0,0.0,-1.387389,2.436321,-1.805507,0.0,0.0,-1.502292,2.948810,-1.962590,0.0,0.0,-0.452850,0.991994,-1.160425,0.0,0.0,-0.446238,1.907130,-1.594651,0.0,0.0,-0.453561,2.530623,-1.830743,0.0,0.0,-0.427664,3.063156,-2.028300,0.0,0.0,0.028939,0.996127,-1.126211,0.0,0.0,0.180722,1.876549,-1.499291,0.0,0.0,0.297907,2.504015,-1.702382,0.0,0.0,0.431752,3.026773,-1.860485,0.0,0.0,0.382041,0.979877,-1.091262,0.0,0.0,0.623199,1.641945,-1.420349,0.0,0.0,0.829733,2.041164,-1.585239,0.0,0.0,1.028386,2.385869,-1.703544,0.0,0.0
v22.mp4,d7d289b723fef38ee20d930381259dd8e60879e32c15757927df9a9fef68f29a,1920,1080,12.09,142,11.75,59,4916,Left,0.899508,0.000000,0.000000,0.000000,0.0,0.0,-0.852029,0.324285,-0.415393,0.0,0.0,-1.623562,0.882710,-0.777463,0.0,0.0,-2.165734,1.413920,-1.040342,0.0,0.0,-2.604942,1.892453,-1.331423,0.0,0.0,-1.046906,0.970120,-1.441073,0.0,0.0,-1.256311,1.871613,-1.976742,0.0,0.0,-1.387980,2.532172,-2.269630,0.0,0.0,-1.503137,3.132108,-2.472340,0.0,0.0,-0.468143,0.956114,-1.441893,0.0,0.0,-0.446178,1.929802,-2.039801,0.0,0.0,-0.470672,2.722926,-2.392435,0.0,0.0,-0.460249,3.406714,-2.681076,0.0,0.0,0.030838,0.936859,-1.396024,0.0,0.0,0.240032,1.871018,-1.900150,0.0,0.0,0.380767,2.598677,-2.169619,0.0,0.0,0.519122,3.201765,-2.369897,0.0,0.0,0.427763,0.921169,-1.350349,0.0,0.0,0.721973,1.643188,-1.774570,0.0,0.0,0.937009,2.118172,-1.989544,0.0,0.0,1.142388,2.546237,-2.147478,0.0,0.0
v22.mp4,d7d289b723fef38ee20d930381259dd8e60879e32c15757927df9a9fef68f29a,1920,1080,12.09,142,11.75,60,5000,Left,0.948195,0.000000,0.000000,0.000000,0.0,0.0,-0.834755,0.307162,-0.381062,0.0,0.0,-1.624266,0.855105,-0.705096,0.0,0.0,-2.173446,1.376267,-0.939357,0.0,0.0,-2.597620,1.836223,-1.203484,0.0,0.0,-1.063301,0.943942,-1.312721,0.0,0.0,-1.277489,1.835014,-1.804308,0.0,0.0,-1.411488,2.480718,-2.079490,0.0,0.0,-1.523047,3.062025,-2.271464,0.0,0.0,-0.479515,0.941936,-1.316122,0.0,0.0,-0.463503,1.878565,-1.854578,0.0,0.0,-0.495370,2.646588,-2.181743,0.0,0.0,-0.488212,3.308455,-2.452220,0.0,0.0,0.021795,0.938258,-1.278185,0.0,0.0,0.194010,1.851883,-1.738713,0.0,0.0,0.323095,2.546239,-1.996213,0.0,0.0,0.462216,3.117131,-2.187040,0.0,0.0,0.416251,0.932822,-1.239856,0.0,0.0,0.670629,1.642506,-1.634659,0.0,0.0,0.871683,2.092658,-1.836018,0.0,0.0,1.071085,2.482831,-1.980341,0.0,0.0
v22.mp4,d7d289b723fef38ee20d930381259dd8e60879e32c15757927df9a9fef68f29a,1920,1080,12.09,142,11.75,61,5083,Left,0.978093,0.000000,0.000000,0.000000,0.0,0.0,-0.815961,0.295732,-0.340049,0.0,0.0,-1.616354,0.857018,-0.638277,0.0,0.0,-2.145572,1.401070,-0.853914,0.0,0.0,-2.569048,1.849662,-1.102265,0.0,0.0,-1.044126,0.947689,-1.230098,0.0,0.0,-1.268921,1.861560,-1.676716,0.0,0.0,-1.402492,2.485810,-1.923603,0.0,0.0,-1.506002,3.043936,-2.100770,0.0,0.0,-0.447825,0.953132,-1.235121,0.0,0.0,-0.379053,1.870473,-1.692233,0.0,0.0,-0.360451,2.546017,-1.945780,0.0,0.0,-0.315193,3.119739,-2.169309,0.0,0.0,0.052910,0.955211,-1.203958,0.0,0.0,0.210174,1.895199,-1.595237,0.0,0.0,0.333579,2.553481,-1.801870,0.0,0.0,0.477334,3.089774,-1.970369,0.0,0.0,0.426914,0.946007,-1.172174,0.0,0.0,0.657516,1.671538,-1.518142,0.0,0.0,0.862892,2.108140,-1.689545,0.0,0.0,1.066018,2.470869,-1.816913,0.0,0.0
v22.mp4,d7d289b723fef38ee20d930381259dd8e60879e32c15757927df9a9fef68f29a,1920,1080,12.09,142,11.75,62,5166,Left,0.922143,0.000000,0.000000,0.000000,0.0,0.0,-0.808590,0.301218,-0.379952,0.0,0.0,-1.501062,0.853783,-0.782261,0.0,0.0,-2.008225,1.325864,-1.085250,0.0,0.0,-2.444832,1.726673,-1.415989,0.0,0.0,-1.003059,0.929617,-1.519347,0.0,0.0,-1.203053,1.839378,-2.089152,0.0,0.0,-1.364165,2.432072,-2.405165,0.0,0.0,-1.488171,2.967207,-2.628226,0.0,0.0,-0.436657,0.958545,-1.540870,0.0,0.0,-0.470039,1.621126,-2.213826,0.0,0.0,-0.535853,1.964831,-2.546151,0.0,0.0,-0.543839,2.279219,-2.797043,0.0,0.0,0.067078,0.986989,-1.512740,0.0,0.0,0.216363,1.790758,-2.123665,0.0,0.0,0.335628,2.410609,-2.449680,0.0,0.0,0.508450,2.940165,-2.673633,0.0,0.0,0.447864,1.004345,-1.464195,0.0,0.0,0.665838,1.659261,-1.930493,0.0,0.0,0.866815,2.032090,-2.161829,0.0,0.0,1.108144,2.364823,-2.337088,0.0,0.0
v22.mp4,d7d289b723fef38ee20d930381259dd8e60879e32c15757927df9a9fef68f29a,1920,1080,12.09,142,11.75,63,5250,Left,0.92906,0.000000,0.000000,0.000000,0.0,0.0,-0.794768,0.311251,-0.302927,0.0,0.0,-1.530542,0.880495,-0.612177,0.0,0.0,-2.083450,1.394183,-0.839669,0.0,0.0,-2.504430,1.794103,-1.088320,0.0,0.0,-1.033274,0.936391,-1.229129,0.0,0.0,-1.243112,1.910975,-1.674061,0.0,0.0,-1.376595,2.530498,-1.899663,0.0,0.0,-1.478608,3.075271,-2.062283,0.0,0.0,-0.489248,0.950141,-1.250605,0.0,0.0,-0.431392,1.655484,-1.788844,0.0,0.0,-0.418170,1.958210,-2.001174,0.0,0.0,-0.383924,2.206278,-2.152797,0.0,0.0,0.011232,0.978823,-1.236271,0.0,0.0,0.189273,1.851128,-1.710139,0.0,0.0,0.330266,2.486514,-1.917134,0.0,0.0,0.490185,3.032326,-2.061656,0.0,0.0,0.402021,1.013041,-1.208121,0.0,0.0,0.642510,1.719786,-1.574766,0.0,0.0,0.855249,2.110942,-1.726397,0.0,0.0,1.070699,2.451942,-1.836781,0.0,0.0
v22.mp4,d7d289b723fef38ee20d930381259dd8e60879e32c15757927df9a9fef68f29a,1920,1080,12.09,142,11.75,64,5333,Left,0.976786,0.000000,0.000000,0.000000,0.0,0.0,-0.798986,0.298239,-0.275155,0.0,0.0,-1.551561,0.839652,-0.569348,0.0,0.0,-2.083181,1.360895,-0.786228,0.0,0.0,-2.497910,1.771315,-1.037754,0.0,0.0,-1.055393,0.952969,-1.188786,0.0,0.0,-1.264882,1.840756,-1.628660,0.0,0.0,-1.396677,2.443521,-1.865622,0.0,0.0,-1.479401,2.973670,-2.030754,0.0,0.0,-0.477809,0.961996,-1.215049,0.0,0.0,-0.430826,1.847942,-1.702386,0.0,0.0,-0.339743,2.329756,-1.924916,0.0,0.0,-0.212215,2.701934,-2.090016,0.0,0.0,0.022220,0.966764,-1.198844,0.0,0.0,0.186068,1.889675,-1.611759,0.0,0.0,0.342883,2.507683,-1.805930,0.0,0.0,0.529407,3.006874,-1.942695,0.0,0.0,0.393420,0.955845,-1.170444,0.0,0.0,0.637400,1.669899,-1.504570,0.0,0.0,0.845506,2.072019,-1.649579,0.0,0.0,1.050728,2.406906,-1.747953,0.0,0.0
v22.mp4,d7d289b723fef38ee20d930381259dd8e60879e32c15757927df9a9fef68f29a,1920,1080,12.09,142,11.75,65,5416,Left,0.959764,0.000000,0.000000,0.000000,0.0,0.0,-0.824785,0.325914,-0.335495,0.0,0.0,-1.583846,0.875488,-0.648676,0.0,0.0,-2.111123,1.392491,-0.882367,0.0,0.0,-2.533291,1.836642,-1.149233,0.0,0.0,-1.091524,0.960721,-1.268624,0.0,0.0,-1.287939,1.833373,-1.743478,0.0,0.0,-1.400113,2.463729,-2.002694,0.0,0.0,-1.486049,3.028319,-2.183234,0.0,0.0,-0.521457,0.944957,-1.292556,0.0,0.0,-0.442052,1.918258,-1.810938,0.0,0.0,-0.428472,2.680484,-2.117265,0.0,0.0,-0.386071,3.319779,-2.372711,0.0,0.0,-0.022789,0.928831,-1.273902,0.0,0.0,0.195950,1.862284,-1.718571,0.0,0.0,0.347288,2.541222,-1.960683,0.0,0.0,0.503844,3.086765,-2.141426,0.0,0.0,0.375464,0.910399,-1.251172,0.0,0.0,0.656580,1.634755,-1.629271,0.0,0.0,0.862678,2.085897,-1.820341,0.0,0.0,1.059670,2.475938,-1.958650,0.0,0.0
v22.mp4,d7d289b723fef38ee20d930381259dd8e60879e32c15757927df9a9fef68f29a,1920,1080,12.09,142,11.75,66,5500,Left,0.960714,0.000000,0.000000,0.000000,0.0,0.0,-0.841199,0.298264,-0.354300,0.0,0.0,-1.617780,0.849216,-0.671502,0.0,0.0,-2.140802,1.382909,-0.905084,0.0,0.0,-2.571472,1.833334,-1.173368,0.0,0.0,-1.091929,0.943638,-1.280429,0.0,0.0,-1.306346,1.820410,-1.752672,0.0,0.0,-1.425012,2.458460,-2.006876,0.0,0.0,-1.517451,3.025639,-2.185496,0.0,0.0,-0.509659,0.938963,-1.297965,0.0,0.0,-0.448921,1.931620,-1.792701,0.0,0.0,-0.430575,2.704814,-2.080185,0.0,0.0,-0.375647,3.341056,-2.326182,0.0,0.0,-0.004949,0.926625,-1.276765,0.0,0.0,0.196639,1.871500,-1.707883,0.0,0.0,0.328582,2.548522,-1.944189,0.0,0.0,0.483329,3.085323,-2.125836,0.0,0.0,0.391286,0.900350,-1.253798,0.0,0.0,0.651121,1.617527,-1.630358,0.0,0.0,0.851605,2.063883,-1.821204,0.0,0.0,1.055089,2.442510,-1.960889,0.0,0.0
v22.mp4,d7d289b723fef38ee20d930381259dd8e60879e32c15757927df9a9fef68f29a,1920,1080,12.09,142,11.75,67,5583,Left,0.951998,0.000000,0.000000,0.000000,0.0,0.0,-0.844157,0.285274,-0.366079,0.0,0.0,-1.625507,0.831150,-0.688756,0.0,0.0,-2.153619,1.355762,-0.926011,0.0,0.0,-2.584944,1.806934,-1.198871,0.0,0.0,-1.092411,0.935211,-1.305434,0.0,0.0,-1.313535,1.799477,-1.782644,0.0,0.0,-1.436021,2.437458,-2.041543,0.0,0.0,-1.531133,3.005403,-2.224977,0.0,0.0,-0.506008,0.937418,-1.319890,0.0,0.0,-0.448498,1.921763,-1.823467,0.0,0.0,-0.438001,2.695325,-2.124179,0.0,0.0,-0.390128,3.334034,-2.382348,0.0,0.0,0.001172,0.924755,-1.293896,0.0,0.0,0.196666,1.861748,-1.732592,0.0,0.0,0.330491,2.540860,-1.980213,0.0,0.0,0.488539,3.077037,-2.171557,0.0,0.0,0.398767,0.892899,-1.266191,0.0,0.0,0.656763,1.603324,-1.650303,0.0,0.0,0.856893,2.046936,-1.848306,0.0,0.0,1.063778,2.422055,-1.994634,0.0,0.0
v22.mp4,d7d289b723fef38ee20d930381259dd8e60879e32c15757927df9a9fef68f29a,1920,1080,12.09,142,11.75,68,5666,Left,0.970975,0.000000,0.000000,0.000000,0.0,0.0,-0.836962,0.280637,-0.344416,0.0,0.0,-1.621695,0.830006,-0.643312,0.0,0.0,-2.149967,1.364536,-0.862182,0.0,0.0,-2.581264,1.808847,-1.115345,0.0,0.0,-1.105388,0.923829,-1.228512,0.0,0.0,-1.340202,1.763842,-1.680709,0.0,0.0,-1.481038,2.371171,-1.925814,0.0,0.0,-1.590254,2.915848,-2.099362,0.0,0.0,-0.526640,0.935585,-1.245555,0.0,0.0,-0.466174,1.900757,-1.722716,0.0,0.0,-0.459877,2.664294,-2.010702,0.0,0.0,-0.412115,3.302137,-2.258006,0.0,0.0,-0.019053,0.927008,-1.224191,0.0,0.0,0.175455,1.858540,-1.642723,0.0,0.0,0.311661,2.530699,-1.879109,0.0,0.0,0.474807,3.069341,-2.061153,0.0,0.0,0.380108,0.898620,-1.200293,0.0,0.0,0.633855,1.604918,-1.569982,0.0,0.0,0.835115,2.045335,-1.758812,0.0,0.0,1.044965,2.421452,-1.896092,0.0,0.0
v22.mp4,d7d289b723fef38ee20d930381259dd8e60879e32c15757927df9a9fef68f29a,1920,1080,12.09,142,11.75,69,5750,Left,0.943567,0.000000,0.000000,0.000000,0.0,0.0,-0.860067,0.219126,-0.421458,0.0,0.0,-1.710570,0.848120,-0.696708,0.0,0.0,-2.264242,1.395089,-0.880507,0.0,0.0,-2.764126,1.761489,-1.095506,0.0,0.0,-1.137968,0.760473,-1.202066,0.0,0.0,-1.403663,1.068166,-1.673852,0.0,0.0,-1.665177,1.403917,-1.986278,0.0,0.0,-1.930764,1.799809,-2.222571,0.0,0.0,-0.545178,0.873062,-1.196277,0.0,0.0,-0.456945,1.792660,-1.647173,0.0,0.0,-0.471651,2.600548,-1.989370,0.0,0.0,-0.440397,3.321715,-2.302866,0.0,0.0,-0.018912,0.926671,-1.163586,0.0,0.0,0.189669,1.887310,-1.614724,0.0,0.0,0.335473,2.578342,-1.912895,0.0,0.0,0.518077,3.144726,-2.146033,0.0,0.0,0.398187,0.920038,-1.131388,0.0,0.0,0.669499,1.638428,-1.513629,0.0,0.0,0.893073,2.081231,-1.720260,0.0,0.0,1.114139,2.464929,-1.892949,0.0,0.0
v22.mp4,d7d289b723fef38ee20d930381259dd8e60879e32c15757927df9a9fef68f29a,1920,1080,12.09,142,11.75,70,5833,Left,0.932735,0.000000,0.000000,0.000000,0.0,0.0,-0.930975,0.267773,-0.450918,0.0,0.0,-1.752173,0.938617,-0.783142,0.0,0.0,-2.290508,1.487514,-1.017471,0.0,0.0,-2.784595,1.901098,-1.291678,0.0,0.0,-1.113916,0.779287,-1.405705,0.0,0.0,-1.382405,1.018499,-1.969803,0.0,0.0,-1.662181,1.257800,-2.337312,0.0,0.0,-1.945825,1.539134,-2.611296,0.0,0.0,-0.540827,0.864325,-1.425890,0.0,0.0,-0.452220,1.894958,-2.020559,0.0,0.0,-0.458282,2.765601,-2.476322,0.0,0.0,-0.433829,3.522708,-2.874448,0.0,0.0,-0.013045,0.927079,-1.402971,0.0,0.0,0.219165,1.937597,-1.988250,0.0,0.0,0.367518,2.657603,-2.378064,0.0,0.0,0.548181,3.240437,-2.668383,0.0,0.0,0.425833,0.930991,-1.370811,0.0,0.0,0.736840,1.673642,-1.846423,0.0,0.0,0.981852,2.129756,-2.102574,0.0,0.0,1.237305,2.520510,-2.314691,0.0,0.0
v22.mp4,d7d289b723fef38ee20d930381259dd8e60879e32c15757927df9a9fef68f29a,1920,1080,12.09,142,11.75,71,5916,Left,0.981609,0.000000,0.000000,0.000000,0.0,0.0,-0.881718,0.312558,-0.343854,0.0,0.0,-1.716234,0.980947,-0.614322,0.0,0.0,-2.315701,1.558274,-0.810265,0.0,0.0,-2.802263,1.965028,-1.049667,0.0,0.0,-1.112308,0.781740,-1.182507,0.0,0.0,-1.520630,0.959131,-1.655525,0.0,0.0,-1.893787,1.232228,-1.953958,0.0,0.0,-2.215256,1.534962,-2.174803,0.0,0.0,-0.561474,0.857507,-1.241462,0.0,0.0,-0.465940,1.940672,-1.725150,0.0,0.0,-0.469455,2.849696,-2.068730,0.0,0.0,-0.409793,3.589605,-2.374525,0.0,0.0,-0.012997,0.907423,-1.263263,0.0,0.0,0.219317,1.985344,-1.767705,0.0,0.0,0.346955,2.722597,-2.058466,0.0,0.0,0.518740,3.313549,-2.271129,0.0,0.0,0.436486,0.923731,-1.272057,0.0,0.0,0.772516,1.718211,-1.705319,0.0,0.0,1.010401,2.192377,-1.891299,0.0,0.0,1.243036,2.582817,-2.033932,0.0,0.0
v22.mp4,d7d289b723fef38ee20d930381259dd8e60879e32c15757927df9a9fef68f29a,1920,1080,12.09,142,11.75,72,6000,Left,0.994039,0.000000,0.000000,0.000000,0.0,0.0,-0.837407,0.259337,-0.308540,0.0,0.0,-1.610854,0.818349,-0.578275,0.0,0.0,-2.134010,1.367247,-0.774723,0.0,0.0,-2.557747,1.813215,-1.002131,0.0,0.0,-1.096819,0.886451,-1.138296,0.0,0.0,-1.353219,1.736613,-1.547107,0.0,0.0,-1.516097,2.337299,-1.761843,0.0,0.0,-1.640195,2.869232,-1.914994,0.0,0.0,-0.513056,0.929359,-1.166387,0.0,0.0,-0.450883,1.922636,-1.603603,0.0,0.0,-0.452296,2.691730,-1.859025,0.0,0.0,-0.417806,3.316187,-2.074578,0.0,0.0,0.001387,0.941628,-1.156558,0.0,0.0,0.186603,1.876788,-1.551379,0.0,0.0,0.292235,2.537180,-1.766234,0.0,0.0,0.418929,3.072325,-1.929588,0.0,0.0,0.391638,0.931068,-1.141947,0.0,0.0,0.645919,1.601464,-1.496593,0.0,0.0,0.862034,2.019290,-1.665469,0.0,0.0,1.078064,2.380643,-1.781330,0.0,0.0
v22.mp4,d7d289b723fef38ee20d930381259dd8e60879e32c15757927df9a9fef68f29a,1920,1080,12.09,142,11.75,73,6083,Left,0.979473,0.000000,0.000000,0.000000,0.0,0.0,-0.836660,0.268543,-0.360929,0.0,0.0,-1.623717,0.815622,-0.681459,0.0,0.0,-2.151954,1.356583,-0.914128,0.0,0.0,-2.582679,1.813798,-1.184838,0.0,0.0,-1.098398,0.928244,-1.323973,0.0,0.0,-1.351345,1.830522,-1.813739,0.0,0.0,-1.530286,2.451001,-2.086188,0.0,0.0,-1.681010,2.998685,-2.274169,0.0,0.0,-0.514926,0.933009,-1.330999,0.0,0.0,-0.449659,1.938911,-1.828841,0.0,0.0,-0.441014,2.709460,-2.130695,0.0,0.0,-0.393916,3.343089,-2.389807,0.0,0.0,-0.012339,0.933203,-1.296170,0.0,0.0,0.187852,1.903918,-1.730012,0.0,0.0,0.322053,2.572617,-1.985671,0.0,0.0,0.487450,3.091866,-2.181935,0.0,0.0,0.377763,0.926374,-1.257079,0.0,0.0,0.634033,1.667418,-1.633730,0.0,0.0,0.846778,2.094299,-1.830736,0.0,0.0,1.065326,2.444923,-1.974933,0.0,0.0
v22.mp4,d7d289b723fef38ee20d930381259dd8e60879e32c15757927df9a9fef68f29a,1920,1080,12.09,142,11.75,74,6166,Left,0.973533,0.000000,0.000000,0.000000,0.0,0.0,-0.848109,0.271796,-0.362498,0.0,0.0,-1.643571,0.816086,-0.683207,0.0,0.0,-2.175230,1.356905,-0.915650,0.0,0.0,-2.608667,1.814825,-1.184400,0.0,0.0,-1.111258,0.923047,-1.322346,0.0,0.0,-1.371207,1.834581,-1.809239,0.0,0.0,-1.551888,2.457166,-2.078264,0.0,0.0,-1.702267,3.005182,-2.263781,0.0,0.0,-0.526772,0.930873,-1.326914,0.0,0.0,-0.460651,1.939432,-1.827195,0.0,0.0,-0.453966,2.710669,-2.128666,0.0,0.0,-0.407858,3.342924,-2.386515,0.0,0.0,-0.025829,0.933211,-1.289238,0.0,0.0,0.171596,1.906900,-1.721875,0.0,0.0,0.306065,2.576353,-1.972213,0.0,0.0,0.470606,3.095718,-2.165060,0.0,0.0,0.359951,0.928434,-1.247974,0.0,0.0,0.613017,1.666339,-1.623137,0.0,0.0,0.823700,2.088354,-1.817171,0.0,0.0,1.039141,2.436733,-1.959118,0.0,0.0
v22.mp4,d7d289b723fef38ee20d930381259dd8e60879e32c15757927df9a9fef68f29a,1920,1080,12.09,142,11.75,75,6250,Left,0.982067,0.000000,0.000000,0.000000,0.0,0.0,-0.838666,0.270879,-0.350521,0.0,0.0,-1.618998,0.823181,-0.666727,0.0,0.0,-2.150207,1.357592,-0.897369,0.0,0.0,-2.588714,1.803587,-1.164527,0.0,0.0,-1.095596,0.925401,-1.308656,0.0,0.0,-1.354280,1.822735,-1.792547,0.0,0.0,-1.534882,2.438565,-2.060963,0.0,0.0,-1.685328,2.981156,-2.246547,0.0,0.0,-0.514012,0.931930,-1.317378,0.0,0.0,-0.452622,1.924444,-1.811318,0.0,0.0,-0.444884,2.689347,-2.104498,0.0,0.0,-0.397027,3.312601,-2.357293,0.0,0.0,-0.011384,0.936951,-1.284415,0.0,0.0,0.176023,1.896335,-1.713883,0.0,0.0,0.306619,2.554613,-1.958366,0.0,0.0,0.468706,3.062257,-2.147091,0.0,0.0,0.378323,0.934944,-1.247154,0.0,0.0,0.619477,1.665169,-1.618810,0.0,0.0,0.831776,2.078515,-1.808117,0.0,0.0,1.049604,2.414784,-1.946905,0.0,0.0
v22.mp4,d7d289b723fef38ee20d930381259dd8e60879e32c15757927df9a9fef68f29a,1920,1080,12.09,142,11.75,76,6333,Left,0.975578,0.000000,0.000000,0.000000,0.0,0.0,-0.853300,0.278195,-0.366685,0.0,0.0,-1.639996,0.823544,-0.699342,0.0,0.0,-2.176409,1.365753,-0.943880,0.0,0.0,-2.618903,1.825195,-1.226296,0.0,0.0,-1.104966,0.923285,-1.356459,0.0,0.0,-1.373316,1.840120,-1.853541,0.0,0.0,-1.551798,2.471777,-2.122916,0.0,0.0,-1.696697,3.026696,-2.308267,0.0,0.0,-0.522033,0.926909,-1.365709,0.0,0.0,-0.462768,1.946581,-1.882813,0.0,0.0,-0.449814,2.731091,-2.189754,0.0,0.0,-0.398313,3.371208,-2.451809,0.0,0.0,-0.016144,0.926136,-1.331334,0.0,0.0,0.185194,1.900407,-1.780496,0.0,0.0,0.323685,2.583318,-2.039283,0.0,0.0,0.492822,3.110187,-2.236987,0.0,0.0,0.378047,0.918400,-1.292455,0.0,0.0,0.638303,1.665270,-1.679640,0.0,0.0,0.854256,2.098652,-1.881448,0.0,0.0,1.077485,2.455145,-2.029954,0.0,0.0
v22.mp4,d7d289b723fef38ee20d930381259dd8e60879e32c15757927df9a9fef68f29a,1920,1080,12.09,142,11.75,77,6416,Left,0.974385,0.000000,0.000000,0.000000,0.0,0.0,-0.868572,0.273374,-0.377217,0.0,0.0,-1.644754,0.806846,-0.727555,0.0,0.0,-2.173658,1.343092,-0.981792,0.0,0.0,-2.605950,1.821440,-1.273309,0.0,0.0,-1.103931,0.902570,-1.432165,0.0,0.0,-1.375694,1.831674,-1.951570,0.0,0.0,-1.551912,2.478208,-2.235503,0.0,0.0,-1.694949,3.039544,-2.433148,0.0,0.0,-0.505631,0.909128,-1.447707,0.0,0.0,-0.471714,1.944804,-1.989475,0.0,0.0,-0.468385,2.744936,-2.315516,0.0,0.0,-0.415694,3.378959,-2.594032,0.0,0.0,0.010774,0.913004,-1.416407,0.0,0.0,0.201303,1.892669,-1.906870,0.0,0.0,0.323181,2.579861,-2.209231,0.0,0.0,0.494112,3.095200,-2.437733,0.0,0.0,0.405699,0.909143,-1.376206,0.0,0.0,0.709968,1.610372,-1.816143,0.0,0.0,0.974892,2.000109,-2.052724,0.0,0.0,1.251726,2.308486,-2.223611,0.0,0.0
v22.mp4,d7d289b723fef38ee20d930381259dd8e60879e32c15757927df9a9fef68f29a,1920,1080,12.09,142,11.75,78,6500,Left,0.976945,0.000000,0.000000,0.000000,0.0,0.0,-0.859102,0.300918,-0.328132,0.0,0.0,-1.641337,0.861735,-0.633967,0.0,0.0,-2.191033,1.413323,-0.860097,0.0,0.0,-2.629212,1.870120,-1.117659,0.0,0.0,-1.077292,0.947107,-1.273357,0.0,0.0,-1.396533,1.897658,-1.725427,0.0,0.0,-1.587546,2.523466,-1.962204,0.0,0.0,-1.730685,3.078274,-2.131966,0.0,0.0,-0.490958,0.948960,-1.294159,0.0,0.0,-0.435852,1.895400,-1.768717,0.0,0.0,-0.429408,2.609367,-2.023546,0.0,0.0,-0.375203,3.205132,-2.245559,0.0,0.0,0.016373,0.938855,-1.274663,0.0,0.0,0.192103,1.898680,-1.690345,0.0,0.0,0.307512,2.565867,-1.910420,0.0,0.0,0.470458,3.109553,-2.086375,0.0,0.0,0.396861,0.917117,-1.251275,0.0,0.0,0.661238,1.630879,-1.625820,0.0,0.0,0.903958,2.057098,-1.812206,0.0,0.0,1.160162,2.414863,-1.946998,0.0,0.0
v22.mp4,d7d289b723fef38ee20d930381259dd8e60879e32c15757927df9a9fef68f29a,1920,1080,12.09,142,11.75,79,6583,Left,0.938004,0.000000,0.000000,0.000000,0.0,0.0,-0.831376,0.316817,-0.368779,0.0,0.0,-1.507933,0.899645,-0.768524,0.0,0.0,-2.039725,1.388947,-1.065991,0.0,0.0,-2.486548,1.788395,-1.388978,0.0,0.0,-1.014470,0.934710,-1.565198,0.0,0.0,-1.324888,1.881420,-2.127150,0.0,0.0,-1.515405,2.489707,-2.419736,0.0,0.0,-1.656808,3.036895,-2.627702,0.0,0.0,-0.450875,0.958147,-1.586899,0.0,0.0,-0.447322,1.619645,-2.280732,0.0,0.0,-0.454154,1.932343,-2.597575,0.0,0.0,-0.420300,2.213283,-2.833286,0.0,0.0,0.053903,0.985862,-1.554597,0.0,0.0,0.285488,1.769763,-2.189039,0.0,0.0,0.443461,2.376424,-2.513413,0.0,0.0,0.654201,2.886278,-2.731424,0.0,0.0,0.431598,1.001267,-1.498353,0.0,0.0,0.692480,1.666693,-1.977072,0.0,0.0,0.925368,2.028129,-2.212085,0.0,0.0,1.208249,2.342438,-2.389476,0.0,0.0
v22.mp4,d7d289b723fef38ee20d930381259dd8e60879e32c15757927df9a9fef68f29a,1920,1080,12.09,142,11.75,80,6666,Left,0.868829,0.000000,0.000000,0.000000,0.0,0.0,-0.808632,0.346099,-0.415159,0.0,0.0,-1.398762,0.932322,-0.905349,0.0,0.0,-1.921027,1.352544,-1.274346,0.0,0.0,-2.379903,1.725218,-1.669615,0.0,0.0,-1.074996,0.910225,-1.909627,0.0,0.0,-1.320668,1.875756,-2.588553,0.0,0.0,-1.471716,2.478962,-2.941765,0.0,0.0,-1.614955,3.020135,-3.190315,0.0,0.0,-0.565590,0.925296,-1.941423,0.0,0.0,-0.593024,1.471547,-2.805789,0.0,0.0,-0.589504,1.744068,-3.233134,0.0,0.0,-0.566103,1.989743,-3.561308,0.0,0.0,-0.047036,0.961296,-1.900031,0.0,0.0,0.254218,1.645638,-2.705905,0.0,0.0,0.460407,2.224876,-3.171499,0.0,0.0,0.710568,2.651290,-3.484241,0.0,0.0,0.373102,0.982455,-1.817961,0.0,0.0,0.674564,1.668641,-2.395119,0.0,0.0,0.907698,2.031908,-2.716648,0.0,0.0,1.217458,2.325953,-2.978450,0.0,0.0
v22.mp4,d7d289b723fef38ee20d930381259dd8e60879e32c15757927df9a9fef68f29a,1920,1080,12.09,142,11.75,81,6750,Left,0.933545,0.000000,0.000000,0.000000,0.0,0.0,-0.833492,0.292124,-0.357925,0.0,0.0,-1.490953,0.898255,-0.787990,0.0,0.0,-2.015099,1.398928,-1.118054,0.0,0.0,-2.467695,1.789616,-1.471806,0.0,0.0,-1.150254,0.870139,-1.676703,0.0,0.0,-1.428240,1.858957,-2.239958,0.0,0.0,-1.563293,2.490388,-2.497816,0.0,0.0,-1.683745,3.067546,-2.694832,0.0,0.0,-0.612316,0.875438,-1.721715,0.0,0.0,-0.649246,1.447747,-2.544557,0.0,0.0,-0.659805,1.763904,-2.948458,0.0,0.0,-0.650227,2.055332,-3.245674,0.0,0.0,-0.087006,0.898928,-1.693506,0.0,0.0,0.222133,1.588649,-2.484248,0.0,0.0,0.432601,2.172425,-2.912492,0.0,0.0,0.669283,2.637892,-3.181632,0.0,0.0,0.337073,0.940536,-1.622372,0.0,0.0,0.651067,1.669965,-2.210676,0.0,0.0,0.930716,2.090430,-2.537715,0.0,0.0,1.246447,2.475848,-2.785430,0.0,0.0
v22.mp4,d7d289b723fef38ee20d930381259dd8e60879e32c15757927df9a9fef68f29a,1920,1080,12.09,142,11.75,82,6833,Left,0.899322,0.000000,0.000000,0.000000,0.0,0.0,-0.876935,0.304000,-0.317420,0.0,0.0,-1.476557,0.884736,-0.808093,0.0,0.0,-1.978997,1.347747,-1.194830,0.0,0.0,-2.421274,1.727157,-1.614458,0.0,0.0,-1.160906,0.879089,-1.942644,0.0,0.0,-1.450703,1.818753,-2.648871,0.0,0.0,-1.554604,2.464402,-3.001276,0.0,0.0,-1.667084,3.035425,-3.260194,0.0,0.0,-0.651006,0.902344,-2.028469,0.0,0.0,-0.696614,1.370402,-3.041768,0.0,0.0,-0.725172,1.672149,-3.565948,0.0,0.0,-0.762935,1.963911,-3.955273,0.0,0.0,-0.132935,0.928440,-2.010668,0.0,0.0,0.209146,1.573357,-2.960667,0.0,0.0,0.411098,2.129776,-3.468639,0.0,0.0,0.635500,2.553486,-3.788697,0.0,0.0,0.280124,0.949292,-1.928799,0.0,0.0,0.646190,1.648067,-2.624778,0.0,0.0,0.926139,2.062098,-3.005115,0.0,0.0,1.240772,2.479377,-3.295179,0.0,0.0
v22.mp4,d7d289b723fef38ee20d930381259dd8e60879e32c15757927df9a9fef68f29a,1920,1080,12.09,142,11.75,83,6916,Left,0.846172,0.000000,0.000000,0.000000,0.0,0.0,-0.791371,0.289775,-0.190562,0.0,0.0,-1.349951,0.809154,-0.599318,0.0,0.0,-1.815214,1.246019,-0.925035,0.0,0.0,-2.241246,1.629290,-1.296623,0.0,0.0,-1.206649,0.848289,-1.733136,0.0,0.0,-1.495057,1.643300,-2.391187,0.0,0.0,-1.598949,2.255443,-2.727448,0.0,0.0,-1.690891,2.767015,-2.977867,0.0,0.0,-0.744682,0.873734,-1.896487,0.0,0.0,-0.998139,1.424121,-2.854950,0.0,0.0,-1.160678,1.935917,-3.424776,0.0,0.0,-1.281986,2.412102,-3.852574,0.0,0.0,-0.234869,0.904259,-1.951487,0.0,0.0,-0.183814,1.402423,-2.894837,0.0,0.0,-0.192764,1.809150,-3.452901,0.0,0.0,-0.126307,2.131228,-3.803447,0.0,0.0,0.214523,0.938921,-1.929126,0.0,0.0,0.543787,1.543987,-2.671558,0.0,0.0,0.832086,1.947849,-3.099488,0.0,0.0,1.139200,2.379245,-3.418310,0.0,0.0
v22.mp4,d7d289b723fef38ee20d930381259dd8e60879e32c15757927df9a9fef68f29a,1920,1080,12.09,142,11.75,84,7000,Left,0.917207,0.000000,0.000000,0.000000,0.0,0.0,-0.864988,0.274500,-0.341749,0.0,0.0,-1.552104,0.869829,-0.729337,0.0,0.0,-2.105733,1.352849,-1.021466,0.0,0.0,-2.544938,1.733059,-1.344410,0.0,0.0,-1.093415,0.905159,-1.572327,0.0,0.0,-1.432794,1.889422,-2.090105,0.0,0.0,-1.592295,2.532131,-2.326168,0.0,0.0,-1.724880,3.112319,-2.504635,0.0,0.0,-0.538299,0.912980,-1.607745,0.0,0.0,-0.489843,1.520640,-2.382124,0.0,0.0,-0.469025,1.829835,-2.721316,0.0,0.0,-0.427271,2.118654,-2.954839,0.0,0.0,-0.010625,0.911963,-1.568963,0.0,0.0,0.347516,1.676535,-2.275096,0.0,0.0,0.553545,2.250646,-2.551622,0.0,0.0,0.761264,2.746886,-2.710452,0.0,0.0,0.407345,0.922005,-1.498441,0.0,0.0,0.711942,1.638648,-2.013671,0.0,0.0,0.966708,2.037797,-2.213789,0.0,0.0,1.232099,2.421882,-2.350213,0.0,0.0
v22.mp4,d7d289b723fef38ee20d930381259dd8e60879e32c15757927df9a9fef68f29a,1920,1080,12.09,142,11.75,85,7083,Left,0.964441,0.000000,0.000000,0.000000,0.0,0.0,-0.822073,0.279251,-0.370795,0.0,0.0,-1.506317,0.852158,-0.730769,0.0,0.0,-2.046039,1.334085,-0.999009,0.0,0.0,-2.493357,1.723854,-1.294824,0.0,0.0,-1.003454,0.930092,-1.437479,0.0,0.0,-1.330738,1.827617,-1.941739,0.0,0.0,-1.532404,2.402943,-2.203499,0.0,0.0,-1.690049,2.947162,-2.397446,0.0,0.0,-0.450996,0.962049,-1.453076,0.0,0.0,-0.440158,1.585461,-2.102601,0.0,0.0,-0.455061,1.974689,-2.415048,0.0,0.0,-0.424577,2.349770,-2.651811,0.0,0.0,0.050332,0.984942,-1.420136,0.0,0.0,0.271546,1.722336,-2.007539,0.0,0.0,0.437604,2.301325,-2.291029,0.0,0.0,0.646834,2.820174,-2.482488,0.0,0.0,0.444538,1.006185,-1.373109,0.0,0.0,0.671184,1.643484,-1.833261,0.0,0.0,0.898524,1.992031,-2.049021,0.0,0.0,1.163961,2.310917,-2.204355,0.0,0.0
v22.mp4,d7d289b723fef38ee20d930381259dd8e60879e32c15757927df9a9fef68f29a,1920,1080,12.09,142,11.75,86,7166,Left,0.968593,0.000000,0.000000,0.000000,0.0,0.0,-0.793564,0.342495,-0.291036,0.0,0.0,-1.511323,0.902239,-0.561810,0.0,0.0,-2.064699,1.430197,-0.767298,0.0,0.0,-2.508379,1.834424,-1.001841,0.0,0.0,-1.079259,0.953646,-1.131564,0.0,0.0,-1.381928,1.835583,-1.554948,0.0,0.0,-1.565345,2.434301,-1.783127,0.0,0.0,-1.695443,2.979583,-1.942920,0.0,0.0,-0.538333,0.957686,-1.156129,0.0,0.0,-0.488720,1.858328,-1.625486,0.0,0.0,-0.506037,2.574068,-1.896677,0.0,0.0,-0.463148,3.197873,-2.122223,0.0,0.0,-0.043396,0.959936,-1.141437,0.0,0.0,0.218960,1.854444,-1.544690,0.0,0.0,0.396414,2.481438,-1.757973,0.0,0.0,0.598859,2.993245,-1.916187,0.0,0.0,0.354523,0.958159,-1.123023,0.0,0.0,0.646181,1.658743,-1.460875,0.0,0.0,0.877862,2.058189,-1.623875,0.0,0.0,1.113174,2.395065,-1.740492,0.0,0.0
v22.mp4,d7d289b723fef38ee20d930381259dd8e60879e32c15757927df9a9fef68f29a,1920,1080,12.09,142,11.75,87,7250,Left,0.974461,0.000000,0.000000,0.000000,0.0,0.0,-0.833280,0.292621,-0.328319,0.0,0.0,-1.586202,0.843021,-0.643357,0.0,0.0,-2.117893,1.364540,-0.877407,0.0,0.0,-2.564933,1.786098,-1.147393,0.0,0.0,-1.100184,0.929879,-1.328849,0.0,0.0,-1.397152,1.792141,-1.823394,0.0,0.0,-1.583337,2.394315,-2.097891,0.0,0.0,-1.733980,2.934210,-2.288865,0.0,0.0,-0.526642,0.932502,-1.351471,0.0,0.0,-0.463766,1.891257,-1.883742,0.0,0.0,-0.461321,2.653827,-2.214438,0.0,0.0,-0.412406,3.280963,-2.494387,0.0,0.0,-0.023126,0.928873,-1.324573,0.0,0.0,0.229027,1.864035,-1.792287,0.0,0.0,0.410079,2.526880,-2.075353,0.0,0.0,0.619012,3.026597,-2.287008,0.0,0.0,0.375999,0.923203,-1.287200,0.0,0.0,0.644541,1.650617,-1.675313,0.0,0.0,0.878784,2.052551,-1.881625,0.0,0.0,1.118597,2.378783,-2.035637,0.0,0.0
v22.mp4,d7d289b723fef38ee20d930381259dd8e60879e32c15757927df9a9fef68f29a,1920,1080,12.09,142,11.75,88,7333,Left,0.976602,0.000000,0.000000,0.000000,0.0,0.0,-0.844842,0.303071,-0.281749,0.0,0.0,-1.601208,0.862624,-0.516532,0.0,0.0,-2.158627,1.376089,-0.688579,0.0,0.0,-2.586485,1.800697,-0.889638,0.0,0.0,-1.080866,0.901047,-1.079210,0.0,0.0,-1.413773,1.594133,-1.476557,0.0,0.0,-1.627652,2.088745,-1.687074,0.0,0.0,-1.810118,2.571110,-1.839469,0.0,0.0,-0.541162,0.963323,-1.108859,0.0,0.0,-0.525170,1.853973,-1.547566,0.0,0.0,-0.545990,2.597249,-1.820959,0.0,0.0,-0.500159,3.216174,-2.057207,0.0,0.0,-0.047439,0.988493,-1.101190,0.0,0.0,0.175559,1.874517,-1.513238,0.0,0.0,0.352824,2.510232,-1.757594,0.0,0.0,0.562952,3.001359,-1.938222,0.0,0.0,0.345163,0.983094,-1.084883,0.0,0.0,0.618092,1.670780,-1.438560,0.0,0.0,0.862440,2.066342,-1.621010,0.0,0.0,1.118342,2.380109,-1.754961,0.0,0.0
v22.mp4,d7d289b723fef38ee20d930381259dd8e60879e32c15757927df9a9fef68f29a,1920,1080,12.09,142,11.75,89,7416,Left,0.959838,0.000000,0.000000,0.000000,0.0,0.0,-0.825931,0.270517,-0.317223,0.0,0.0,-1.588532,0.862500,-0.581739,0.0,0.0,-2.142417,1.368841,-0.776191,0.0,0.0,-2.633893,1.718993,-1.001664,0.0,0.0,-1.108920,0.815654,-1.164801,0.0,0.0,-1.481876,1.358011,-1.623909,0.0,0.0,-1.741376,1.781166,-1.892683,0.0,0.0,-1.982995,2.208783,-2.085689,0.0,0.0,-0.570385,0.927771,-1.195187,0.0,0.0,-0.541741,1.842186,-1.679124,0.0,0.0,-0.560083,2.589804,-2.004963,0.0,0.0,-0.524197,3.215440,-2.286160,0.0,0.0,-0.071978,0.992681,-1.187303,0.0,0.0,0.146423,1.900076,-1.650883,0.0,0.0,0.321695,2.526915,-1.936997,0.0,0.0,0.531687,3.004056,-2.147366,0.0,0.0,0.321613,1.014134,-1.168936,0.0,0.0,0.574668,1.715164,-1.547310,0.0,0.0,0.811272,2.071115,-1.741418,0.0,0.0,1.057191,2.353490,-1.892576,0.0,0.0
v22.mp4,d7d289b723fef38ee20d930381259dd8e60879e32c15757927df9a9fef68f29a,1920,1080,12.09,142,11.75,90,7500,Left,0.974422,0.000000,0.000000,0.000000,0.0,0.0,-0.835129,0.265750,-0.332462,0.0,0.0,-1.596049,0.802753,-0.629644,0.0,0.0,-2.137932,1.318243,-0.850367,0.0,0.0,-2.572281,1.757065,-1.107440,0.0,0.0,-1.079071,0.948457,-1.255361,0.0,0.0,-1.396354,1.850591,-1.699453,0.0,0.0,-1.596942,2.450367,-1.935194,0.0,0.0,-1.759115,2.983360,-2.098539,0.0,0.0,-0.518158,0.954714,-1.270860,0.0,0.0,-0.492351,1.921267,-1.752406,0.0,0.0,-0.496203,2.684353,-2.041228,0.0,0.0,-0.447109,3.306625,-2.285077,0.0,0.0,-0.016983,0.946081,-1.242828,0.0,0.0,0.221920,1.871379,-1.678796,0.0,0.0,0.402474,2.509233,-1.934259,0.0,0.0,0.612485,2.988167,-2.120502,0.0,0.0,0.377830,0.934490,-1.207903,0.0,0.0,0.657137,1.651241,-1.577128,0.0,0.0,0.911235,2.028911,-1.759840,0.0,0.0,1.174452,2.310708,-1.889211,0.0,0.0
v22.mp4,d7d289b723fef38ee20d930381259dd8e60879e32c15757927df9a9fef68f29a,1920,1080,12.09,142,11.75,91,7583,Left,0.980972,0.000000,0.000000,0.000000,0.0,0.0,-0.844561,0.264119,-0.354154,0.0,0.0,-1.643678,0.780237,-0.677982,0.0,0.0,-2.200225,1.295063,-0.915297,0.0,0.0,-2.613498,1.759614,-1.187680,0.0,0.0,-1.111525,0.914865,-1.352784,0.0,0.0,-1.423992,1.854231,-1.831469,0.0,0.0,-1.614166,2.488434,-2.089653,0.0,0.0,-1.757946,3.046334,-2.265508,0.0,0.0,-0.537392,0.913360,-1.359000,0.0,0.0,-0.500249,1.929498,-1.873782,0.0,0.0,-0.499246,2.713304,-2.187141,0.0,0.0,-0.443840,3.351945,-2.450924,0.0,0.0,-0.033233,0.922235,-1.315958,0.0,0.0,0.215074,1.896398,-1.764162,0.0,0.0,0.402513,2.559963,-2.033647,0.0,0.0,0.621247,3.054176,-2.233904,0.0,0.0,0.368353,0.938710,-1.265885,0.0,0.0,0.654815,1.691784,-1.642898,0.0,0.0,0.909552,2.086292,-1.838122,0.0,0.0,1.173739,2.387345,-1.979441,0.0,0.0
v22.mp4,d7d289b723fef38ee20d930381259dd8e60879e32c15757927df9a9fef68f29a,1920,1080,12.09,142,11.75,92,7666,Left,0.968814,0.000000,0.000000,0.000000,0.0,0.0,-0.818580,0.239245,-0.369738,0.0,0.0,-1.618764,0.657597,-0.723205,0.0,0.0,-2.268493,1.004720,-0.998558,0.0,0.0,-2.796963,1.308050,-1.314929,0.0,0.0,-1.063610,0.938042,-1.351637,0.0,0.0,-1.405004,1.846341,-1.839106,0.0,0.0,-1.629692,2.471698,-2.114442,0.0,0.0,-1.794860,3.021349,-2.304271,0.0,0.0,-0.507079,0.954000,-1.368262,0.0,0.0,-0.483640,1.955463,-1.879135,0.0,0.0,-0.488476,2.735778,-2.188288,0.0,0.0,-0.423845,3.375907,-2.449193,0.0,0.0,-0.010773,0.958792,-1.341785,0.0,0.0,0.232811,1.913828,-1.794774,0.0,0.0,0.412177,2.573893,-2.060877,0.0,0.0,0.637424,3.063715,-2.258210,0.0,0.0,0.391087,0.956512,-1.312881,0.0,0.0,0.672119,1.691678,-1.694787,0.0,0.0,0.939219,2.080596,-1.880977,0.0,0.0,1.215226,2.365436,-2.015220,0.0,0.0
v22.mp4,d7d289b723fef38ee20d930381259dd8e60879e32c15757927df9a9fef68f29a,1920,1080,12.09,142,11.75,93,7750,Left,0.892799,0.000000,0.000000,0.000000,0.0,0.0,-0.788036,0.178483,-0.389540,0.0,0.0,-1.579413,0.501707,-0.758009,0.0,0.0,-2.285917,0.636505,-1.061938,0.0,0.0,-2.887961,0.626644,-1.413216,0.0,0.0,-1.018738,0.895518,-1.316028,0.0,0.0,-1.377253,1.867797,-1.788888,0.0,0.0,-1.590938,2.514357,-2.058243,0.0,0.0,-1.762810,3.068330,-2.249147,0.0,0.0,-0.463218,0.972855,-1.330877,0.0,0.0,-0.474031,1.965837,-1.835968,0.0,0.0,-0.477780,2.744691,-2.142032,0.0,0.0,-0.419975,3.387635,-2.399541,0.0,0.0,0.025731,1.012347,-1.307559,0.0,0.0,0.201491,1.944109,-1.748647,0.0,0.0,0.381886,2.588820,-2.012023,0.0,0.0,0.605758,3.062936,-2.206494,0.0,0.0,0.416686,1.009266,-1.290619,0.0,0.0,0.644125,1.742049,-1.657265,0.0,0.0,0.917073,2.120122,-1.838363,0.0,0.0,1.204808,2.385774,-1.973231,0.0,0.0
v22.mp4,d7d289b723fef38ee20d930381259dd8e60879e32c15757927df9a9fef68f29a,1920,1080,12.09,142,11.75,94,7833,Left,0.937739,0.000000,0.000000,0.000000,0.0,0.0,-0.780844,0.214052,-0.347052,0.0,0.0,-1.567106,0.543218,-0.688740,0.0,0.0,-2.332813,0.564684,-0.981394,0.0,0.0,-2.938789,0.459440,-1.326045,0.0,0.0,-1.018193,0.880616,-1.207335,0.0,0.0,-1.377172,1.866166,-1.651619,0.0,0.0,-1.596236,2.530509,-1.914888,0.0,0.0,-1.790831,3.106760,-2.106106,0.0,0.0,-0.462605,0.968738,-1.234759,0.0,0.0,-0.495367,1.981355,-1.676334,0.0,0.0,-0.489967,2.778153,-1.944845,0.0,0.0,-0.418303,3.441942,-2.181358,0.0,0.0,0.036544,1.003033,-1.227248,0.0,0.0,0.178905,1.952017,-1.609481,0.0,0.0,0.384758,2.606713,-1.837938,0.0,0.0,0.629671,3.112400,-2.013800,0.0,0.0,0.441531,0.980280,-1.229271,0.0,0.0,0.667746,1.685459,-1.562990,0.0,0.0,0.943196,2.083784,-1.725482,0.0,0.0,1.225462,2.381386,-1.846822,0.0,0.0
v22.mp4,d7d289b723fef38ee20d930381259dd8e60879e32c15757927df9a9fef68f29a,1920,1080,12.09,142,11.75,95,7916,Left,0.847779,0.000000,0.000000,0.000000,0.0,0.0,-0.820932,0.257816,-0.332461,0.0,0.0,-1.587749,0.727432,-0.614358,0.0,0.0,-2.227875,1.149030,-0.837073,0.0,0.0,-2.733046,1.515901,-1.093339,0.0,0.0,-1.001578,0.967108,-1.104877,0.0,0.0,-1.379136,1.889791,-1.517348,0.0,0.0,-1.599863,2.516062,-1.755350,0.0,0.0,-1.782378,3.061343,-1.926554,0.0,0.0,-0.467966,1.013870,-1.122803,0.0,0.0,-0.499884,1.988330,-1.570982,0.0,0.0,-0.495036,2.764836,-1.843228,0.0,0.0,-0.423722,3.405288,-2.077295,0.0,0.0,-0.002902,1.038076,-1.110909,0.0,0.0,0.149954,1.965803,-1.505928,0.0,0.0,0.346004,2.595324,-1.715311,0.0,0.0,0.573634,3.091584,-1.877836,0.0,0.0,0.370275,1.034555,-1.104852,0.0,0.0,0.625119,1.716724,-1.448488,0.0,0.0,0.892695,2.093778,-1.611393,0.0,0.0,1.161430,2.395101,-1.732238,0.0,0.0
v22.mp4,d7d289b723fef38ee20d930381259dd8e60879e32c15757927df9a9fef68f29a,1920,1080,12.09,142,11.75,96,8000,Left,0.945251,0.000000,0.000000,0.000000,0.0,0.0,-0.792190,0.271409,-0.358386,0.0,0.0,-1.552516,0.770243,-0.657538,0.0,0.0,-2.121798,1.269978,-0.880231,0.0,0.0,-2.580807,1.691964,-1.135259,0.0,0.0,-1.010505,0.914230,-1.208810,0.0,0.0,-1.314985,1.766590,-1.647860,0.0,0.0,-1.507054,2.367645,-1.893958,0.0,0.0,-1.667440,2.910290,-2.070231,0.0,0.0,-0.447097,0.966031,-1.204671,0.0,0.0,-0.411713,1.861771,-1.695016,0.0,0.0,-0.430342,2.606715,-2.005883,0.0,0.0,-0.393968,3.244244,-2.270015,0.0,0.0,0.044083,0.995930,-1.160424,0.0,0.0,0.234193,1.888988,-1.595054,0.0,0.0,0.426716,2.491153,-1.842267,0.0,0.0,0.646360,2.959786,-2.026561,0.0,0.0,0.437398,1.001859,-1.115027,0.0,0.0,0.704735,1.680946,-1.489887,0.0,0.0,0.957706,2.045569,-1.682442,0.0,0.0,1.223449,2.343178,-1.820192,0.0,0.0
v22.mp4,d7d289b723fef38ee20d930381259dd8e60879e32c15757927df9a9fef68f29a,1920,1080,12.09,142,11.75,97,8083,Left,0.955367,0.000000,0.000000,0.000000,0.0,0.0,-0.811745,0.280167,-0.350713,0.0,0.0,-1.579479,0.800760,-0.657480,0.0,0.0,-2.144995,1.338183,-0.882149,0.0,0.0,-2.606027,1.774821,-1.137552,0.0,0.0,-1.085053,0.914710,-1.261116,0.0,0.0,-1.405710,1.790626,-1.723102,0.0,0.0,-1.602689,2.396336,-1.972833,0.0,0.0,-1.755305,2.936403,-2.143085,0.0,0.0,-0.546525,0.957920,-1.253395,0.0,0.0,-0.507002,1.893829,-1.750874,0.0,0.0,-0.524670,2.637466,-2.047660,0.0,0.0,-0.482968,3.257820,-2.297179,0.0,0.0,-0.069114,0.995608,-1.204406,0.0,0.0,0.163111,1.922607,-1.642408,0.0,0.0,0.352599,2.536195,-1.892498,0.0,0.0,0.571710,2.999228,-2.075758,0.0,0.0,0.314112,1.018763,-1.151344,0.0,0.0,0.604125,1.737110,-1.523651,0.0,0.0,0.858719,2.098060,-1.716557,0.0,0.0,1.116130,2.376680,-1.853219,0.0,0.0
v22.mp4,d7d289b723fef38ee20d930381259dd8e60879e32c15757927df9a9fef68f29a,1920,1080,12.09,142,11.75,98,8166,Left,0.981616,0.000000,0.000000,0.000000,0.0,0.0,-0.834814,0.258912,-0.346185,0.0,0.0,-1.612804,0.785377,-0.644339,0.0,0.0,-2.151020,1.324896,-0.863346,0.0,0.0,-2.599302,1.767698,-1.116196,0.0,0.0,-1.102708,0.876980,-1.222978,0.0,0.0,-1.383851,1.719152,-1.671086,0.0,0.0,-1.557091,2.315058,-1.920099,0.0,0.0,-1.687818,2.851125,-2.095159,0.0,0.0,-0.536158,0.917063,-1.226189,0.0,0.0,-0.469674,1.867452,-1.700162,0.0,0.0,-0.476838,2.602751,-1.991605,0.0,0.0,-0.432044,3.215489,-2.241696,0.0,0.0,-0.041212,0.959870,-1.191202,0.0,0.0,0.188565,1.892441,-1.619812,0.0,0.0,0.367742,2.525016,-1.873896,0.0,0.0,0.583521,3.012798,-2.064701,0.0,0.0,0.349635,0.996971,-1.151916,0.0,0.0,0.609574,1.707911,-1.519337,0.0,0.0,0.852806,2.080199,-1.709738,0.0,0.0,1.113462,2.372015,-1.848164,0.0,0.0
v22.mp4,d7d289b723fef38ee20d930381259dd8e60879e32c15757927df9a9fef68f29a,1920,1080,12.09,142,11.75,99,8250,Left,0.982871,0.000000,0.000000,0.000000,0.0,0.0,-0.824676,0.246689,-0.378074,0.0,0.0,-1.639283,0.776535,-0.684309,0.0,0.0,-2.190378,1.316068,-0.905863,0.0,0.0,-2.630021,1.754688,-1.161588,0.0,0.0,-1.036484,0.912687,-1.279387,0.0,0.0,-1.330574,1.841729,-1.724141,0.0,0.0,-1.534807,2.434085,-1.968247,0.0,0.0,-1.697284,2.969895,-2.140462,0.0,0.0,-0.457356,0.944278,-1.265878,0.0,0.0,-0.386117,1.869759,-1.744158,0.0,0.0,-0.382363,2.577306,-2.024909,0.0,0.0,-0.327997,3.170940,-2.265540,0.0,0.0,0.033619,0.976918,-1.214199,0.0,0.0,0.245962,1.901589,-1.639978,0.0,0.0,0.422363,2.512246,-1.874931,0.0,0.0,0.638681,2.983524,-2.052392,0.0,0.0,0.413456,1.014205,-1.162631,0.0,0.0,0.660401,1.743266,-1.521679,0.0,0.0,0.921838,2.108144,-1.696860,0.0,0.0,1.197936,2.376128,-1.823922,0.0,0.0
v22.mp4,d7d289b723fef38ee20d930381259dd8e60879e32c15757927df9a9fef68f29a,1920,1080,12.09,142,11.75,100,8333,Left,0.951932,0.000000,0.000000,0.000000,0.0,0.0,-0.803928,0.279763,-0.317284,0.0,0.0,-1.572128,0.834690,-0.594441,0.0,0.0,-2.150725,1.348404,-0.801637,0.0,0.0,-2.590337,1.728502,-1.032304,0.0,0.0,-1.009318,0.952970,-1.118322,0.0,0.0,-1.319608,1.892899,-1.485043,0.0,0.0,-1.512421,2.457985,-1.665419,0.0,0.0,-1.652350,2.980477,-1.805003,0.0,0.0,-0.466202,0.982113,-1.121745,0.0,0.0,-0.441147,1.677734,-1.580830,0.0,0.0,-0.443355,2.099715,-1.803288,0.0,0.0,-0.382959,2.479527,-1.984189,0.0,0.0,0.004950,1.013606,-1.088777,0.0,0.0,0.237300,1.796503,-1.508588,0.0,0.0,0.486849,2.336293,-1.700506,0.0,0.0,0.783339,2.790054,-1.839434,0.0,0.0,0.382524,1.052386,-1.051539,0.0,0.0,0.636686,1.735253,-1.394485,0.0,0.0,0.893131,2.073112,-1.543018,0.0,0.0,1.173801,2.339530,-1.647104,0.0,0.0
v22.mp4,d7d289b723fef38ee20d930381259dd8e60879e32c15757927df9a9fef68f29a,1920,1080,12.09,142,11.75,101,8416,Left,0.935941,0.000000,0.000000,0.000000,0.0,0.0,-0.789483,0.317228,-0.307736,0.0,0.0,-1.534918,0.880318,-0.590673,0.0,0.0,-2.107245,1.389707,-0.807580,0.0,0.0,-2.544489,1.767824,-1.045178,0.0,0.0,-1.031735,0.993304,-1.140222,0.0,0.0,-1.294529,1.947536,-1.526677,0.0,0.0,-1.485255,2.511506,-1.702485,0.0,0.0,-1.628496,3.040096,-1.830809,0.0,0.0,-0.528983,1.003954,-1.154104,0.0,0.0,-0.499066,1.651470,-1.684528,0.0,0.0,-0.531228,2.045171,-1.935312,0.0,0.0,-0.485847,2.425878,-2.117780,0.0,0.0,-0.076806,1.024943,-1.131393,0.0,0.0,0.257948,1.718751,-1.635106,0.0,0.0,0.573644,2.155548,-1.863957,0.0,0.0,0.915065,2.536479,-1.999039,0.0,0.0,0.297730,1.069045,-1.099629,0.0,0.0,0.553127,1.729108,-1.483590,0.0,0.0,0.846609,2.079820,-1.666754,0.0,0.0,1.159016,2.392664,-1.791251,0.0,0.0
v22.mp4,d7d289b723fef38ee20d930381259dd8e60879e32c15757927df9a9fef68f29a,1920,1080,12.09,142,11.75,102,8500,Left,0.970468,0.000000,0.000000,0.000000,0.0,0.0,-0.774174,0.250941,-0.358724,0.0,0.0,-1.542500,0.775538,-0.656971,0.0,0.0,-2.107187,1.271024,-0.875440,0.0,0.0,-2.519072,1.676191,-1.120776,0.0,0.0,-0.959601,0.917547,-1.210545,0.0,0.0,-1.275436,1.847845,-1.612224,0.0,0.0,-1.481566,2.424459,-1.821003,0.0,0.0,-1.638459,2.964319,-1.974980,0.0,0.0,-0.399780,0.983464,-1.197940,0.0,0.0,-0.420841,1.690549,-1.663419,0.0,0.0,-0.435137,2.201781,-1.901774,0.0,0.0,-0.373637,2.674145,-2.096290,0.0,0.0,0.077188,1.027679,-1.148927,0.0,0.0,0.278903,1.770315,-1.558638,0.0,0.0,0.467687,2.302691,-1.754170,0.0,0.0,0.718697,2.755503,-1.898441,0.0,0.0,0.452533,1.066524,-1.101806,0.0,0.0,0.697911,1.697148,-1.447200,0.0,0.0,0.966866,2.047640,-1.605767,0.0,0.0,1.260157,2.332388,-1.715322,0.0,0.0
v22.mp4,d7d289b723fef38ee20d930381259dd8e60879e32c15757927df9a9fef68f29a,1920,1080,12.09,142,11.75,103,8583,Left,0.928888,0.000000,0.000000,0.000000,0.0,0.0,-0.794423,0.269389,-0.343179,0.0,0.0,-1.556623,0.814362,-0.604826,0.0,0.0,-2.150411,1.328873,-0.797268,0.0,0.0,-2.605243,1.738971,-1.018149,0.0,0.0,-1.005488,0.909093,-1.092812,0.0,0.0,-1.363805,1.724430,-1.505443,0.0,0.0,-1.597337,2.276683,-1.746998,0.0,0.0,-1.803482,2.798768,-1.931102,0.0,0.0,-0.469731,0.984671,-1.105319,0.0,0.0,-0.477932,1.709654,-1.584472,0.0,0.0,-0.532041,2.323376,-1.872166,0.0,0.0,-0.539371,2.893994,-2.115172,0.0,0.0,0.014813,1.026164,-1.090335,0.0,0.0,0.201771,1.876037,-1.524528,0.0,0.0,0.349902,2.505395,-1.756557,0.0,0.0,0.527249,3.056595,-1.936740,0.0,0.0,0.404217,1.035165,-1.077948,0.0,0.0,0.699342,1.706656,-1.457023,0.0,0.0,0.958008,2.079258,-1.643178,0.0,0.0,1.230615,2.405988,-1.782860,0.0,0.0
v22.mp4,d7d289b723fef38ee20d930381259dd8e60879e32c15757927df9a9fef68f29a,1920,1080,12.09,142,11.75,104,8666,Left,0.892504,0.000000,0.000000,0.000000,0.0,0.0,-0.829704,0.302923,-0.347983,0.0,0.0,-1.543753,0.882094,-0.622340,0.0,0.0,-2.113283,1.383677,-0.818101,0.0,0.0,-2.609974,1.722038,-1.033907,0.0,0.0,-1.039179,0.865655,-1.153397,0.0,0.0,-1.475242,1.579834,-1.567872,0.0,0.0,-1.785435,2.035969,-1.793532,0.0,0.0,-2.058707,2.493435,-1.970291,0.0,0.0,-0.503022,0.960915,-1.160837,0.0,0.0,-0.583013,1.608126,-1.679462,0.0,0.0,-0.700122,2.161776,-1.980531,0.0,0.0,-0.742076,2.663290,-2.228889,0.0,0.0,-0.026565,1.038078,-1.135282,0.0,0.0,0.122512,1.853143,-1.636292,0.0,0.0,0.234504,2.445904,-1.909827,0.0,0.0,0.412914,2.957418,-2.106623,0.0,0.0,0.341611,1.085064,-1.103256,0.0,0.0,0.618316,1.751518,-1.539795,0.0,0.0,0.888008,2.076280,-1.763625,0.0,0.0,1.185243,2.366210,-1.926621,0.0,0.0
v22.mp4,d7d289b723fef38ee20d930381259dd8e60879e32c15757927df9a9fef68f29a,1920,1080,12.09,142,11.75,105,8750,Left,0.930703,0.000000,0.000000,0.000000,0.0,0.0,-0.864045,0.269785,-0.363315,0.0,0.0,-1.612341,0.866508,-0.647656,0.0,0.0,-2.175459,1.357290,-0.857981,0.0,0.0,-2.680758,1.684691,-1.093478,0.0,0.0,-1.017251,0.792798,-1.161067,0.0,0.0,-1.415017,1.376591,-1.621981,0.0,0.0,-1.761798,1.728876,-1.903972,0.0,0.0,-2.115826,2.105112,-2.117217,0.0,0.0,-0.447093,0.913910,-1.176055,0.0,0.0,-0.502967,1.576670,-1.697405,0.0,0.0,-0.622336,2.131978,-2.030589,0.0,0.0,-0.685398,2.638903,-2.313781,0.0,0.0,0.053015,1.013665,-1.161464,0.0,0.0,0.195708,1.861771,-1.677925,0.0,0.0,0.334808,2.464845,-1.967674,0.0,0.0,0.519735,2.981148,-2.180374,0.0,0.0,0.432994,1.074051,-1.141846,0.0,0.0,0.681804,1.743760,-1.576326,0.0,0.0,0.952470,2.057127,-1.791990,0.0,0.0,1.251522,2.342194,-1.957540,0.0,0.0
v22.mp4,d7d289b723fef38ee20d930381259dd8e60879e32c15757927df9a9fef68f29a,1920,1080,12.09,142,11.75,106,8833,Left,0.926365,0.000000,0.000000,0.000000,0.0,0.0,-0.863699,0.313430,-0.258589,0.0,0.0,-1.657126,0.876289,-0.476610,0.0,0.0,-2.237553,1.353132,-0.646713,0.0,0.0,-2.755748,1.671314,-0.846375,0.0,0.0,-1.077200,0.864035,-0.941210,0.0,0.0,-1.455143,1.313774,-1.324546,0.0,0.0,-1.792969,1.621579,-1.559081,0.0,0.0,-2.134417,1.938363,-1.731479,0.0,0.0,-0.553301,0.949153,-0.994848,0.0,0.0,-0.569987,1.786258,-1.396881,0.0,0.0,-0.655919,2.502658,-1.689368,0.0,0.0,-0.666833,3.104473,-1.950915,0.0,0.0,-0.062620,1.003158,-1.020102,0.0,0.0,0.138293,1.908362,-1.435438,0.0,0.0,0.308034,2.553805,-1.714025,0.0,0.0,0.518566,3.062829,-1.923419,0.0,0.0,0.337653,1.023905,-1.034398,0.0,0.0,0.650837,1.713535,-1.383974,0.0,0.0,0.921487,2.082868,-1.570030,0.0,0.0,1.191387,2.380094,-1.719116,0.0,0.0
v22.mp4,d7d289b723fef38ee20d930381259dd8e60879e32c15757927df9a9fef68f29a,1920,1080,12.09,142,11.75,107,8916,Left,0.931868,0.000000,0.000000,0.000000,0.0,0.0,-0.853131,0.251718,-0.291896,0.0,0.0,-1.597436,0.833258,-0.535387,0.0,0.0,-2.086779,1.323771,-0.714636,0.0,0.0,-2.536416,1.633212,-0.926451,0.0,0.0,-1.069560,0.852074,-1.079596,0.0,0.0,-1.405799,1.153377,-1.514138,0.0,0.0,-1.741907,1.351964,-1.791508,0.0,0.0,-2.099225,1.570253,-1.999758,0.0,0.0,-0.542913,0.962660,-1.136336,0.0,0.0,-0.532531,1.879383,-1.600969,0.0,0.0,-0.599909,2.586680,-1.970592,0.0,0.0,-0.612908,3.182533,-2.289904,0.0,0.0,-0.049304,1.014979,-1.151612,0.0,0.0,0.165846,1.928272,-1.639395,0.0,0.0,0.324817,2.513233,-1.984457,0.0,0.0,0.537359,2.969494,-2.229673,0.0,0.0,0.349535,1.009919,-1.147345,0.0,0.0,0.639343,1.686915,-1.539747,0.0,0.0,0.907156,2.021008,-1.748798,0.0,0.0,1.187942,2.291732,-1.914141,0.0,0.0
v22.mp4,d7d289b723fef38ee20d930381259dd8e60879e32c15757927df9a9fef68f29a,1920,1080,12.09,142,11.75,108,9000,Left,0.930642,0.000000,0.000000,0.000000,0.0,0.0,-0.837120,0.231671,-0.304498,0.0,0.0,-1.616237,0.809135,-0.523420,0.0,0.0,-2.138813,1.303689,-0.683021,0.0,0.0,-2.602945,1.612665,-0.870096,0.0,0.0,-1.054044,0.860016,-0.947117,0.0,0.0,-1.360024,1.171662,-1.334277,0.0,0.0,-1.669549,1.367045,-1.574738,0.0,0.0,-2.002242,1.579379,-1.749157,0.0,0.0,-0.530149,0.986010,-0.980568,0.0,0.0,-0.516347,1.870695,-1.375677,0.0,0.0,-0.581669,2.564837,-1.678521,0.0,0.0,-0.591239,3.151428,-1.940317,0.0,0.0,-0.050046,1.041731,-0.989312,0.0,0.0,0.152216,1.925025,-1.423128,0.0,0.0,0.322599,2.498427,-1.722705,0.0,0.0,0.530068,2.948267,-1.930076,0.0,0.0,0.333938,1.033792,-0.986806,0.0,0.0,0.632746,1.701542,-1.338395,0.0,0.0,0.890948,2.034353,-1.522916,0.0,0.0,1.148429,2.297463,-1.664579,0.0,0.0
v22.mp4,d7d289b723fef38ee20d930381259dd8e60879e32c15757927df9a9fef68f29a,1920,1080,12.09,142,11.75,109,9083,Left,0.927727,0.000000,0.000000,0.000000,0.0,0.0,-0.804101,0.288160,-0.290658,0.0,0.0,-1.566735,0.786083,-0.549690,0.0,0.0,-2.111723,1.254853,-0.745543,0.0,0.0,-2.532314,1.659076,-0.974490,0.0,0.0,-1.061934,0.966949,-1.064382,0.0,0.0,-1.280357,1.822261,-1.454847,0.0,0.0,-1.456315,2.391234,-1.664985,0.0,0.0,-1.600768,2.896787,-1.808952,0.0,0.0,-0.540254,0.995350,-1.091768,0.0,0.0,-0.572861,1.927029,-1.514905,0.0,0.0,-0.626003,2.642761,-1.777926,0.0,0.0,-0.598909,3.237299,-1.996787,0.0,0.0,-0.065741,0.996257,-1.083612,0.0,0.0,0.126342,1.875421,-1.480758,0.0,0.0,0.303954,2.463086,-1.718987,0.0,0.0,0.518040,2.920327,-1.885954,0.0,0.0,0.329094,0.979872,-1.069344,0.0,0.0,0.609359,1.645970,-1.416103,0.0,0.0,0.855809,1.996674,-1.589613,0.0,0.0,1.119981,2.278828,-1.707759,0.0,0.0
v22.mp4,d7d289b723fef38ee20d930381259dd8e60879e32c15757927df9a9fef68f29a,1920,1080,12.09,142,11.75,110,9166,Left,0.932965,0.000000,0.000000,0.000000,0.0,0.0,-0.814441,0.265605,-0.326787,0.0,0.0,-1.575954,0.750267,-0.616016,0.0,0.0,-2.109963,1.226964,-0.833547,0.0,0.0,-2.527570,1.650877,-1.083935,0.0,0.0,-1.050236,0.943236,-1.170635,0.0,0.0,-1.272198,1.802605,-1.601969,0.0,0.0,-1.436155,2.389680,-1.835335,0.0,0.0,-1.570755,2.912791,-1.996562,0.0,0.0,-0.513456,0.985198,-1.190149,0.0,0.0,-0.540966,1.910674,-1.671656,0.0,0.0,-0.581802,2.639916,-1.971088,0.0,0.0,-0.547048,3.249896,-2.216644,0.0,0.0,-0.035996,1.001105,-1.169776,0.0,0.0,0.153738,1.888380,-1.612384,0.0,0.0,0.335167,2.486003,-1.870792,0.0,0.0,0.553981,2.949323,-2.050986,0.0,0.0,0.356022,0.995338,-1.143002,0.0,0.0,0.639774,1.673825,-1.520084,0.0,0.0,0.885322,2.025728,-1.707521,0.0,0.0,1.151725,2.307055,-1.836308,0.0,0.0
v22.mp4,d7d289b723fef38ee20d930381259dd8e60879e32c15757927df9a9fef68f29a,1920,1080,12.09,142,11.75,111,9250,Left,0.918174,0.000000,0.000000,0.000000,0.0,0.0,-0.804525,0.208375,-0.394869,0.0,0.0,-1.644214,0.595839,-0.748994,0.0,0.0,-2.338258,0.939956,-1.023595,0.0,0.0,-2.849487,1.291644,-1.337002,0.0,0.0,-1.054410,0.907324,-1.317541,0.0,0.0,-1.326185,1.848488,-1.789911,0.0,0.0,-1.512635,2.491559,-2.053236,0.0,0.0,-1.657056,3.051731,-2.234959,0.0,0.0,-0.506485,0.948620,-1.322321,0.0,0.0,-0.473223,1.923412,-1.824476,0.0,0.0,-0.485396,2.698251,-2.123325,0.0,0.0,-0.423457,3.348769,-2.376713,0.0,0.0,-0.010140,0.972499,-1.290441,0.0,0.0,0.221428,1.922961,-1.740462,0.0,0.0,0.418132,2.581312,-1.997512,0.0,0.0,0.654550,3.090893,-2.189612,0.0,0.0,0.402738,0.976292,-1.260858,0.0,0.0,0.709139,1.696817,-1.653843,0.0,0.0,0.989839,2.084217,-1.848091,0.0,0.0,1.282686,2.386686,-1.987381,0.0,0.0
v22.mp4,d7d289b723fef38ee20d930381259dd8e60879e32c15757927df9a9fef68f29a,1920,1080,12.09,142,11.75,112,9333,Left,0.869504,0.000000,0.000000,0.000000,0.0,0.0,-0.798167,0.202459,-0.389291,0.0,0.0,-1.585256,0.594661,-0.730119,0.0,0.0,-2.278344,0.909421,-1.003289,0.0,0.0,-2.810567,1.210446,-1.316627,0.0,0.0,-0.976858,0.922455,-1.271821,0.0,0.0,-1.304082,1.852174,-1.731598,0.0,0.0,-1.478710,2.525988,-1.995059,0.0,0.0,-1.617959,3.115879,-2.187355,0.0,0.0,-0.421323,0.980151,-1.289772,0.0,0.0,-0.428690,1.921930,-1.810113,0.0,0.0,-0.426747,2.698841,-2.123336,0.0,0.0,-0.353903,3.361445,-2.387088,0.0,0.0,0.066749,1.007888,-1.270478,0.0,0.0,0.213585,1.929567,-1.730873,0.0,0.0,0.392568,2.595639,-1.974476,0.0,0.0,0.617461,3.128933,-2.158212,0.0,0.0,0.463469,1.014919,-1.257855,0.0,0.0,0.713203,1.733195,-1.660494,0.0,0.0,0.976611,2.119768,-1.846721,0.0,0.0,1.273659,2.419640,-1.980872,0.0,0.0
v22.mp4,d7d289b723fef38ee20d930381259dd8e60879e32c15757927df9a9fef68f29a,1920,1080,12.09,142,11.75,113,9416,Left,0.900201,0.000000,0.000000,0.000000,0.0,0.0,-0.812304,0.263645,-0.371333,0.0,0.0,-1.593783,0.745826,-0.683651,0.0,0.0,-2.217668,1.214121,-0.920704,0.0,0.0,-2.678063,1.666282,-1.191296,0.0,0.0,-0.980591,0.931746,-1.233878,0.0,0.0,-1.252956,1.888513,-1.680114,0.0,0.0,-1.423464,2.529068,-1.928576,0.0,0.0,-1.573408,3.098214,-2.104730,0.0,0.0,-0.431800,0.971564,-1.236229,0.0,0.0,-0.470215,1.884084,-1.733795,0.0,0.0,-0.501827,2.631972,-2.031495,0.0,0.0,-0.469178,3.280628,-2.283113,0.0,0.0,0.058677,0.999353,-1.202836,0.0,0.0,0.249422,1.897115,-1.640877,0.0,0.0,0.430711,2.540101,-1.881750,0.0,0.0,0.629400,3.053499,-2.064378,0.0,0.0,0.461700,1.015204,-1.172590,0.0,0.0,0.781686,1.695811,-1.560278,0.0,0.0,1.070406,2.068967,-1.754800,0.0,0.0,1.361710,2.377259,-1.895123,0.0,0.0
v22.mp4,d7d289b723fef38ee20d930381259dd8e60879e32c15757927df9a9fef68f29a,1920,1080,12.09,142,11.75,114,9500,Left,0.902043,0.000000,0.000000,0.000000,0.0,0.0,-0.809976,0.240814,-0.401416,0.0,0.0,-1.637179,0.713811,-0.712225,0.0,0.0,-2.262863,1.204599,-0.940211,0.0,0.0,-2.693189,1.696856,-1.198533,0.0,0.0,-0.992207,0.926586,-1.241523,0.0,0.0,-1.281615,1.849095,-1.691948,0.0,0.0,-1.462143,2.507550,-1.946650,0.0,0.0,-1.617891,3.092592,-2.128927,0.0,0.0,-0.422693,0.971840,-1.229119,0.0,0.0,-0.414168,1.871716,-1.725219,0.0,0.0,-0.420036,2.630565,-2.029366,0.0,0.0,-0.369386,3.292030,-2.287358,0.0,0.0,0.066139,0.995791,-1.182554,0.0,0.0,0.264413,1.877299,-1.625783,0.0,0.0,0.442355,2.532378,-1.870569,0.0,0.0,0.637303,3.067402,-2.056287,0.0,0.0,0.457390,1.001344,-1.141936,0.0,0.0,0.796020,1.690255,-1.538876,0.0,0.0,1.089209,2.075343,-1.737105,0.0,0.0,1.379285,2.396723,-1.878407,0.0,0.0
v22.mp4,d7d289b723fef38ee20d930381259dd8e60879e32c15757927df9a9fef68f29a,1920,1080,12.09,142,11.75,115,9583,Left,0.912122,0.000000,0.000000,0.000000,0.0,0.0,-0.859250,0.201796,-0.364478,0.0,0.0,-1.714113,0.729515,-0.619841,0.0,0.0,-2.344693,1.254619,-0.806792,0.0,0.0,-2.825375,1.685347,-1.023994,0.0,0.0,-1.083551,0.730873,-1.084452,0.0,0.0,-1.535559,1.433880,-1.468155,0.0,0.0,-1.832984,1.929279,-1.674736,0.0,0.0,-2.089969,2.419200,-1.838407,0.0,0.0,-0.540798,0.882086,-1.081416,0.0,0.0,-0.562068,1.594265,-1.538180,0.0,0.0,-0.589193,2.217759,-1.797003,0.0,0.0,-0.545708,2.777221,-2.024322,0.0,0.0,-0.045260,0.997208,-1.052093,0.0,0.0,0.142069,1.841531,-1.502568,0.0,0.0,0.321740,2.474547,-1.723104,0.0,0.0,0.540591,3.018426,-1.890100,0.0,0.0,0.363190,1.067114,-1.024129,0.0,0.0,0.683840,1.779323,-1.420922,0.0,0.0,0.965302,2.133376,-1.605206,0.0,0.0,1.268006,2.425210,-1.742464,0.0,0.0
v22.mp4,d7d289b723fef38ee20d930381259dd8e60879e32c15757927df9a9fef68f29a,1920,1080,12.09,142,11.75,116,9666,Left,0.910605,0.000000,0.000000,0.000000,0.0,0.0,-0.856952,0.206677,-0.446727,0.0,0.0,-1.635518,0.797715,-0.745220,0.0,0.0,-2.224937,1.299107,-0.952218,0.0,0.0,-2.703878,1.663855,-1.183602,0.0,0.0,-1.013151,0.711084,-1.292549,0.0,0.0,-1.448800,1.364723,-1.728034,0.0,0.0,-1.756624,1.781818,-1.950901,0.0,0.0,-2.037648,2.246370,-2.127215,0.0,0.0,-0.473112,0.852932,-1.258710,0.0,0.0,-0.477730,1.429294,-1.803652,0.0,0.0,-0.557499,1.887640,-2.083007,0.0,0.0,-0.557698,2.322329,-2.321293,0.0,0.0,0.026515,0.988870,-1.197863,0.0,0.0,0.226040,1.734905,-1.738706,0.0,0.0,0.404352,2.270688,-1.986548,0.0,0.0,0.651139,2.744488,-2.162689,0.0,0.0,0.455349,1.111372,-1.139325,0.0,0.0,0.704359,1.785627,-1.582801,0.0,0.0,0.985867,2.124622,-1.795419,0.0,0.0,1.318597,2.416345,-1.957317,0.0,0.0
v22.mp4,d7d289b723fef38ee20d930381259dd8e60879e32c15757927df9a9fef68f29a,1920,1080,12.09,142,11.75,117,9750,Right,0.567428,0.000000,0.000000,0.000000,0.0,0.0,-0.829369,0.158625,-0.575064,0.0,0.0,-1.618035,0.755321,-0.951081,0.0,0.0,-2.174770,1.305395,-1.195897,0.0,0.0,-2.669217,1.673417,-1.461625,0.0,0.0,-1.028826,0.599665,-1.552430,0.0,0.0,-1.278921,1.233928,-2.028785,0.0,0.0,-1.452032,1.637022,-2.262030,0.0,0.0,-1.601982,2.085309,-2.449399,0.0,0.0,-0.476591,0.763356,-1.460820,0.0,0.0,-0.417831,1.284533,-2.075877,0.0,0.0,-0.385322,1.640424,-2.409292,0.0,0.0,-0.302360,2.013725,-2.689367,0.0,0.0,0.013532,0.959017,-1.337217,0.0,0.0,0.232536,1.610582,-1.920220,0.0,0.0,0.388753,2.042863,-2.228593,0.0,0.0,0.588438,2.436050,-2.455045,0.0,0.0,0.454200,1.144746,-1.219172,0.0,0.0,0.698763,1.790580,-1.673486,0.0,0.0,0.948936,2.137032,-1.944536,0.0,0.0,1.235252,2.449565,-2.171417,0.0,0.0
v22.mp4,d7d289b723fef38ee20d930381259dd8e60879e32c15757927df9a9fef68f29a,1920,1080,12.09,142,11.75,118,9833,Left,0.940799,0.000000,0.000000,0.000000,0.0,0.0,-0.857304,0.212192,-0.406439,0.0,0.0,-1.590569,0.755657,-0.741730,0.0,0.0,-2.147728,1.283934,-0.983291,0.0,0.0,-2.588095,1.714196,-1.251197,0.0,0.0,-0.991513,0.787784,-1.384902,0.0,0.0,-1.334732,1.586641,-1.843980,0.0,0.0,-1.537057,2.117847,-2.062563,0.0,0.0,-1.708268,2.630564,-2.235319,0.0,0.0,-0.417743,0.894128,-1.374480,0.0,0.0,-0.371042,1.464406,-2.012159,0.0,0.0,-0.349795,1.819883,-2.307022,0.0,0.0,-0.297693,2.164189,-2.530334,0.0,0.0,0.086281,0.996282,-1.323033,0.0,0.0,0.311659,1.683637,-1.905680,0.0,0.0,0.480485,2.197615,-2.153800,0.0,0.0,0.672724,2.666579,-2.321517,0.0,0.0,0.481274,1.080604,-1.266288,0.0,0.0,0.753101,1.713298,-1.740230,0.0,0.0,0.999894,2.030762,-1.966121,0.0,0.0,1.266523,2.317148,-2.126556,0.0,0.0
v22.mp4,d7d289b723fef38ee20d930381259dd8e60879e32c15757927df9a9fef68f29a,1920,1080,12.09,142,11.75,119,9916,Left,0.948889,0.000000,0.000000,0.000000,0.0,0.0,-0.834858,0.305336,-0.348530,0.0,0.0,-1.582322,0.805176,-0.646540,0.0,0.0,-2.126569,1.335531,-0.864830,0.0,0.0,-2.559530,1.777812,-1.108422,0.0,0.0,-1.031239,0.947038,-1.203023,0.0,0.0,-1.270834,1.863609,-1.645775,0.0,0.0,-1.437764,2.488050,-1.880970,0.0,0.0,-1.589485,3.044593,-2.042802,0.0,0.0,-0.483162,0.969660,-1.213360,0.0,0.0,-0.520742,1.929419,-1.715174,0.0,0.0,-0.583784,2.696834,-2.015703,0.0,0.0,-0.600562,3.339892,-2.262150,0.0,0.0,0.003460,0.984200,-1.186588,0.0,0.0,0.207138,1.854308,-1.633918,0.0,0.0,0.336538,2.517507,-1.899562,0.0,0.0,0.473799,3.047206,-2.093499,0.0,0.0,0.396943,1.001984,-1.158674,0.0,0.0,0.734523,1.665614,-1.555206,0.0,0.0,1.020062,2.040653,-1.766878,0.0,0.0,1.293214,2.368158,-1.917105,0.0,0.0
v22.mp4,d7d289b723fef38ee20d930381259dd8e60879e32c15757927df9a9fef68f29a,1920,1080,12.09,142,11.75,120,10000,Left,0.919587,0.000000,0.000000,0.000000,0.0,0.0,-0.834823,0.313655,-0.364654,0.0,0.0,-1.578377,0.819678,-0.692695,0.0,0.0,-2.146561,1.317732,-0.938444,0.0,0.0,-2.621903,1.747779,-1.210079,0.0,0.0,-1.033754,0.961303,-1.286689,0.0,0.0,-1.275064,1.851517,-1.772810,0.0,0.0,-1.445100,2.467447,-2.030318,0.0,0.0,-1.594904,3.025128,-2.206888,0.0,0.0,-0.477312,0.986982,-1.306420,0.0,0.0,-0.522186,1.942302,-1.867943,0.0,0.0,-0.606996,2.692152,-2.201216,0.0,0.0,-0.632925,3.330694,-2.465902,0.0,0.0,0.007093,0.987742,-1.284279,0.0,0.0,0.226964,1.862260,-1.780774,0.0,0.0,0.351542,2.511734,-2.055740,0.0,0.0,0.483230,3.041876,-2.246935,0.0,0.0,0.388968,0.981308,-1.259179,0.0,0.0,0.709865,1.657836,-1.678649,0.0,0.0,0.973358,2.046159,-1.888892,0.0,0.0,1.233505,2.394381,-2.035315,0.0,0.0
v22.mp4,d7d289b723fef38ee20d930381259dd8e60879e32c15757927df9a9fef68f29a,1920,1080,12.09,142,11.75,121,10083,Left,0.891093,0.000000,0.000000,0.000000,0.0,0.0,-0.830418,0.311210,-0.375889,0.0,0.0,-1.547282,0.814832,-0.718643,0.0,0.0,-2.123549,1.294699,-0.973818,0.0,0.0,-2.614260,1.716743,-1.253038,0.0,0.0,-1.015900,0.964322,-1.346820,0.0,0.0,-1.266425,1.822761,-1.852923,0.0,0.0,-1.444302,2.427082,-2.121191,0.0,0.0,-1.601399,2.977677,-2.306966,0.0,0.0,-0.461563,0.997774,-1.367382,0.0,0.0,-0.534479,1.907352,-1.967099,0.0,0.0,-0.627522,2.654216,-2.324238,0.0,0.0,-0.657946,3.285734,-2.606975,0.0,0.0,0.022711,0.999021,-1.342447,0.0,0.0,0.223400,1.837920,-1.872898,0.0,0.0,0.338188,2.488785,-2.170247,0.0,0.0,0.462066,3.010129,-2.376215,0.0,0.0,0.402083,0.985420,-1.312560,0.0,0.0,0.718525,1.640452,-1.761307,0.0,0.0,0.986072,2.022902,-1.992202,0.0,0.0,1.252174,2.366295,-2.153856,0.0,0.0
v22.mp4,d7d289b723fef38ee20d930381259dd8e60879e32c15757927df9a9fef68f29a,1920,1080,12.09,142,11.75,122,10166,Left,0.934825,0.000000,0.000000,0.000000,0.0,0.0,-0.812694,0.313890,-0.311325,0.0,0.0,-1.525027,0.825064,-0.601082,0.0,0.0,-2.093223,1.317782,-0.820833,0.0,0.0,-2.564744,1.733808,-1.066076,0.0,0.0,-1.028163,0.980392,-1.159525,0.0,0.0,-1.298283,1.842182,-1.599888,0.0,0.0,-1.487318,2.435963,-1.832742,0.0,0.0,-1.651051,2.971647,-1.993887,0.0,0.0,-0.509393,1.017983,-1.192460,0.0,0.0,-0.569433,1.927008,-1.692822,0.0,0.0,-0.656454,2.654823,-1.991274,0.0,0.0,-0.689151,3.268715,-2.232513,0.0,0.0,-0.038536,1.021792,-1.187285,0.0,0.0,0.146504,1.864986,-1.630645,0.0,0.0,0.262586,2.506119,-1.889432,0.0,0.0,0.384688,3.022006,-2.076322,0.0,0.0,0.340878,1.006380,-1.177983,0.0,0.0,0.664724,1.649143,-1.566323,0.0,0.0,0.935762,2.023028,-1.768796,0.0,0.0,1.196235,2.353854,-1.910853,0.0,0.0
v22.mp4,d7d289b723fef38ee20d930381259dd8e60879e32c15757927df9a9fef68f29a,1920,1080,12.09,142,11.75,123,10250,Left,0.945526,0.000000,0.000000,0.000000,0.0,0.0,-0.799677,0.243387,-0.310271,0.0,0.0,-1.546036,0.722997,-0.589956,0.0,0.0,-2.116117,1.213444,-0.803414,0.0,0.0,-2.565881,1.603479,-1.040806,0.0,0.0,-1.072808,0.872493,-1.120947,0.0,0.0,-1.453529,1.733261,-1.511054,0.0,0.0,-1.685290,2.272005,-1.701740,0.0,0.0,-1.864770,2.784482,-1.840195,0.0,0.0,-0.547778,0.958372,-1.137182,0.0,0.0,-0.679540,1.662160,-1.598291,0.0,0.0,-0.779753,2.184056,-1.828817,0.0,0.0,-0.796029,2.653881,-2.013007,0.0,0.0,-0.073785,1.017970,-1.119877,0.0,0.0,0.130626,1.724300,-1.539054,0.0,0.0,0.286230,2.228473,-1.741604,0.0,0.0,0.495935,2.645521,-1.883830,0.0,0.0,0.309703,1.060581,-1.101393,0.0,0.0,0.618821,1.672848,-1.457885,0.0,0.0,0.901717,1.989638,-1.627197,0.0,0.0,1.193085,2.253749,-1.742114,0.0,0.0
v22.mp4,d7d289b723fef38ee20d930381259dd8e60879e32c15757927df9a9fef68f29a,1920,1080,12.09,142,11.75,124,10333,Right,0.515683,0.000000,0.000000,0.000000,0.0,0.0,-0.754521,0.265735,-0.383708,0.0,0.0,-1.557851,0.918964,-0.658471,0.0,0.0,-2.152437,1.487708,-0.836864,0.0,0.0,-2.621067,1.846982,-1.038759,0.0,0.0,-1.114660,0.794697,-1.207243,0.0,0.0,-1.268587,1.634431,-1.547129,0.0,0.0,-1.291069,2.178616,-1.692139,0.0,0.0,-1.309877,2.717880,-1.834844,0.0,0.0,-0.721903,0.866020,-1.193688,0.0,0.0,-0.732001,1.452373,-1.670469,0.0,0.0,-0.734920,1.870776,-1.905587,0.0,0.0,-0.726966,2.302713,-2.124334,0.0,0.0,-0.260944,0.971924,-1.151255,0.0,0.0,-0.234532,1.647443,-1.644889,0.0,0.0,-0.268170,2.122260,-1.919029,0.0,0.0,-0.248862,2.597513,-2.136001,0.0,0.0,0.234220,1.106463,-1.100028,0.0,0.0,0.518383,1.746249,-1.593841,0.0,0.0,0.853612,2.105374,-1.891540,0.0,0.0,1.190108,2.490137,-2.125440,0.0,0.0
v22.mp4,d7d289b723fef38ee20d930381259dd8e60879e32c15757927df9a9fef68f29a,1920,1080,12.09,142,11.75,125,10416,Left,0.862197,0.000000,0.000000,0.000000,0.0,0.0,-0.824993,0.302114,-0.232455,0.0,0.0,-1.454327,0.870841,-0.524696,0.0,0.0,-1.978600,1.343991,-0.751203,0.0,0.0,-2.424238,1.685279,-1.002691,0.0,0.0,-1.244580,0.705205,-1.310165,0.0,0.0,-1.769367,1.278524,-1.825204,0.0,0.0,-2.062114,1.697944,-2.057883,0.0,0.0,-2.365539,2.067999,-2.220456,0.0,0.0,-0.787227,0.813313,-1.405817,0.0,0.0,-1.098924,1.307603,-2.162396,0.0,0.0,-1.330972,1.850341,-2.578506,0.0,0.0,-1.499419,2.302042,-2.873974,0.0,0.0,-0.295219,0.897046,-1.431271,0.0,0.0,-0.121687,1.457732,-2.162238,0.0,0.0,0.052344,1.893729,-2.488387,0.0,0.0,0.232837,2.242157,-2.660427,0.0,0.0,0.171392,0.985884,-1.417971,0.0,0.0,0.546384,1.602661,-1.995135,0.0,0.0,0.862967,1.944065,-2.256604,0.0,0.0,1.149359,2.302331,-2.419783,0.0,0.0
v22.mp4,d7d289b723fef38ee20d930381259dd8e60879e32c15757927df9a9fef68f29a,1920,1080,12.09,142,11.75,126,10500,Left,0.969613,0.000000,0.000000,0.000000,0.0,0.0,-0.907111,0.148880,-0.329405,0.0,0.0,-1.699985,0.626007,-0.576702,0.0,0.0,-2.259518,1.137002,-0.747253,0.0,0.0,-2.699433,1.534369,-0.949553,0.0,0.0,-1.148513,0.848652,-1.097985,0.0,0.0,-1.457334,1.777078,-1.487135,0.0,0.0,-1.666675,2.344647,-1.685691,0.0,0.0,-1.846856,2.854024,-1.822073,0.0,0.0,-0.567502,0.941556,-1.110456,0.0,0.0,-0.642907,1.873962,-1.568932,0.0,0.0,-0.780941,2.510703,-1.832926,0.0,0.0,-0.841657,3.046003,-2.031717,0.0,0.0,-0.073946,0.968920,-1.087106,0.0,0.0,0.138422,1.802474,-1.554268,0.0,0.0,0.211247,2.337684,-1.795206,0.0,0.0,0.307885,2.801581,-1.941867,0.0,0.0,0.289873,0.958997,-1.056656,0.0,0.0,0.592311,1.575043,-1.455724,0.0,0.0,0.869468,1.895373,-1.615236,0.0,0.0,1.131353,2.170888,-1.708375,0.0,0.0
v22.mp4,d7d289b723fef38ee20d930381259dd8e60879e32c15757927df9a9fef68f29a,1920,1080,12.09,142,11.75,127,10583,Left,0.937043,0.000000,0.000000,0.000000,0.0,0.0,-0.882171,0.324331,-0.331678,0.0,0.0,-1.601202,0.817779,-0.662282,0.0,0.0,-2.155469,1.268914,-0.911674,0.0,0.0,-2.621934,1.670173,-1.187787,0.0,0.0,-1.101161,0.950537,-1.331545,0.0,0.0,-1.413082,1.800341,-1.832894,0.0,0.0,-1.616462,2.392114,-2.105733,0.0,0.0,-1.800035,2.940019,-2.297935,0.0,0.0,-0.546961,0.967831,-1.379964,0.0,0.0,-0.616096,1.860017,-1.978193,0.0,0.0,-0.736123,2.609906,-2.346088,0.0,0.0,-0.788390,3.244396,-2.638393,0.0,0.0,-0.058323,0.962640,-1.377315,0.0,0.0,0.138827,1.787414,-1.917796,0.0,0.0,0.210510,2.441024,-2.245960,0.0,0.0,0.325815,2.975314,-2.475094,0.0,0.0,0.319942,0.952187,-1.362989,0.0,0.0,0.661524,1.574204,-1.825214,0.0,0.0,0.946050,1.931337,-2.067768,0.0,0.0,1.241887,2.245928,-2.237564,0.0,0.0
v22.mp4,d7d289b723fef38ee20d930381259dd8e60879e32c15757927df9a9fef68f29a,1920,1080,12.09,142,11.75,128,10666,Left,0.946463,0.000000,0.000000,0.000000,0.0,0.0,-0.879153,0.323426,-0.353794,0.0,0.0,-1.611675,0.813492,-0.691747,0.0,0.0,-2.182926,1.292469,-0.943694,0.0,0.0,-2.651001,1.708247,-1.219466,0.0,0.0,-1.090596,0.931501,-1.362858,0.0,0.0,-1.425234,1.811008,-1.862049,0.0,0.0,-1.629682,2.426038,-2.122682,0.0,0.0,-1.800849,2.993104,-2.303211,0.0,0.0,-0.530391,0.948766,-1.396038,0.0,0.0,-0.598019,1.876780,-2.004223,0.0,0.0,-0.715243,2.646171,-2.363379,0.0,0.0,-0.757312,3.288295,-2.643896,0.0,0.0,-0.037468,0.959404,-1.378742,0.0,0.0,0.167776,1.818515,-1.929296,0.0,0.0,0.251109,2.474598,-2.244582,0.0,0.0,0.377797,2.999574,-2.456736,0.0,0.0,0.345963,0.974609,-1.351102,0.0,0.0,0.672362,1.650620,-1.816386,0.0,0.0,0.961946,2.018357,-2.052406,0.0,0.0,1.261755,2.329671,-2.212798,0.0,0.0
v22.mp4,d7d289b723fef38ee20d930381259dd8e60879e32c15757927df9a9fef68f29a,1920,1080,12.09,142,11.75,129,10750,Left,0.945086,0.000000,0.000000,0.000000,0.0,0.0,-0.865294,0.326757,-0.345213,0.0,0.0,-1.592295,0.824046,-0.675729,0.0,0.0,-2.160280,1.305061,-0.922402,0.0,0.0,-2.631103,1.708591,-1.193210,0.0,0.0,-1.087564,0.941530,-1.340005,0.0,0.0,-1.417127,1.816416,-1.834922,0.0,0.0,-1.618145,2.425579,-2.095865,0.0,0.0,-1.786024,2.989269,-2.276543,0.0,0.0,-0.535606,0.960002,-1.373035,0.0,0.0,-0.604384,1.889216,-1.963425,0.0,0.0,-0.715373,2.644370,-2.312492,0.0,0.0,-0.753729,3.278081,-2.587589,0.0,0.0,-0.049592,0.970187,-1.356691,0.0,0.0,0.150574,1.831859,-1.889430,0.0,0.0,0.237585,2.475285,-2.194556,0.0,0.0,0.366891,2.990905,-2.402363,0.0,0.0,0.331511,0.983063,-1.330658,0.0,0.0,0.652254,1.662026,-1.780489,0.0,0.0,0.938018,2.025242,-2.008636,0.0,0.0,1.232076,2.331716,-2.165246,0.0,0.0
v22.mp4,d7d289b723fef38ee20d930381259dd8e60879e32c15757927df9a9fef68f29a,1920,1080,12.09,142,11.75,130,10833,Left,0.954286,0.000000,0.000000,0.000000,0.0,0.0,-0.859199,0.308612,-0.343733,0.0,0.0,-1.597560,0.812786,-0.662770,0.0,0.0,-2.177131,1.298959,-0.901184,0.0,0.0,-2.646988,1.709871,-1.164454,0.0,0.0,-1.082631,0.922017,-1.291533,0.0,0.0,-1.423319,1.805177,-1.764544,0.0,0.0,-1.637750,2.404569,-2.017672,0.0,0.0,-1.811588,2.958742,-2.195821,0.0,0.0,-0.525893,0.949357,-1.317043,0.0,0.0,-0.580914,1.838868,-1.874955,0.0,0.0,-0.686082,2.569262,-2.206685,0.0,0.0,-0.722783,3.196211,-2.473301,0.0,0.0,-0.031374,0.969076,-1.297112,0.0,0.0,0.149754,1.829233,-1.798828,0.0,0.0,0.232726,2.461013,-2.085829,0.0,0.0,0.362666,2.974143,-2.286494,0.0,0.0,0.350360,0.988663,-1.269647,0.0,0.0,0.648468,1.672249,-1.696755,0.0,0.0,0.922802,2.041367,-1.913518,0.0,0.0,1.207294,2.351163,-2.064027,0.0,0.0
v22.mp4,d7d289b723fef38ee20d930381259dd8e60879e32c15757927df9a9fef68f29a,1920,1080,12.09,142,11.75,131,10916,Left,0.952826,0.000000,0.000000,0.000000,0.0,0.0,-0.863655,0.234822,-0.405125,0.0,0.0,-1.646171,0.752971,-0.728465,0.0,0.0,-2.205829,1.269837,-0.957742,0.0,0.0,-2.647961,1.684876,-1.209182,0.0,0.0,-1.059122,0.827911,-1.317334,0.0,0.0,-1.393279,1.730087,-1.746728,0.0,0.0,-1.579717,2.310866,-1.950168,0.0,0.0,-1.724843,2.864484,-2.096368,0.0,0.0,-0.477621,0.917257,-1.287535,0.0,0.0,-0.535322,1.699259,-1.831652,0.0,0.0,-0.630131,2.317540,-2.129414,0.0,0.0,-0.654744,2.887868,-2.360513,0.0,0.0,0.019855,0.986150,-1.213907,0.0,0.0,0.293054,1.737625,-1.714957,0.0,0.0,0.438004,2.266566,-1.967069,0.0,0.0,0.617485,2.732584,-2.132829,0.0,0.0,0.394543,1.045107,-1.137870,0.0,0.0,0.682143,1.690559,-1.545924,0.0,0.0,0.946783,2.024135,-1.745377,0.0,0.0,1.230632,2.322879,-1.882590,0.0,0.0
v22.mp4,d7d289b723fef38ee20d930381259dd8e60879e32c15757927df9a9fef68f29a,1920,1080,12.09,142,11.75,132,11000,Right,0.981262,0.000000,0.000000,0.000000,0.0,0.0,0.499835,0.485875,-0.599338,0.0,0.0,0.627186,1.245438,-1.056166,0.0,0.0,0.599153,1.912214,-1.393762,0.0,0.0,0.687400,2.446671,-1.765066,0.0,0.0,0.287887,0.763988,-1.538633,0.0,0.0,0.445480,1.462140,-2.050617,0.0,0.0,0.617870,1.952521,-2.322426,0.0,0.0,0.749563,2.496031,-2.518810,0.0,0.0,-0.302944,0.679273,-1.443084,0.0,0.0,-0.295078,1.342701,-2.053871,0.0,0.0,-0.291790,1.801198,-2.378264,0.0,0.0,-0.327791,2.300712,-2.639703,0.0,0.0,-0.851485,0.659165,-1.324720,0.0,0.0,-1.195767,1.326771,-1.905519,0.0,0.0,-1.470282,1.954849,-2.255947,0.0,0.0,-1.675595,2.553604,-2.497361,0.0,0.0,-1.314156,0.668038,-1.208599,0.0,0.0,-1.853550,1.178555,-1.606174,0.0,0.0,-2.185902,1.595769,-1.853389,0.0,0.0,-2.461336,2.053639,-2.072732,0.0,0.0
v22.mp4,d7d289b723fef38ee20d930381259dd8e60879e32c15757927df9a9fef68f29a,1920,1080,12.09,142,11.75,133,11083,Right,0.900949,0.000000,0.000000,0.000000,0.0,0.0,-0.891279,0.410880,-0.822369,0.0,0.0,-1.851002,1.488257,-1.333820,0.0,0.0,-2.498849,2.486914,-1.654166,0.0,0.0,-2.955273,3.144861,-1.981826,0.0,0.0,-1.148965,0.832158,-2.106813,0.0,0.0,-1.122050,2.122777,-2.680166,0.0,0.0,-1.039564,3.002478,-2.866310,0.0,0.0,-0.997595,3.901552,-3.024063,0.0,0.0,-0.712089,0.725687,-1.962558,0.0,0.0,-0.599350,1.650560,-2.706801,0.0,0.0,-0.619337,2.408732,-3.018438,0.0,0.0,-0.673007,3.204986,-3.295646,0.0,0.0,-0.231649,0.816547,-1.796946,0.0,0.0,-0.172035,1.786817,-2.582280,0.0,0.0,-0.343870,2.621645,-2.973212,0.0,0.0,-0.457262,3.458859,-3.232335,0.0,0.0,0.299815,1.087325,-1.636227,0.0,0.0,0.384456,2.178645,-2.284420,0.0,0.0,0.486424,3.039759,-2.681110,0.0,0.0,0.629815,3.871699,-3.002799,0.0,0.0
v22.mp4,d7d289b723fef38ee20d930381259dd8e60879e32c15757927df9a9fef68f29a,1920,1080,12.09,142,11.75,134,11166,Left,0.990242,0.000000,0.000000,0.000000,0.0,0.0,-0.842973,0.165874,-0.340204,0.0,0.0,-1.621707,0.715697,-0.624764,0.0,0.0,-2.186116,1.264433,-0.816004,0.0,0.0,-2.630911,1.635474,-1.045393,0.0,0.0,-1.262852,0.584130,-1.327201,0.0,0.0,-1.792633,1.281655,-1.772351,0.0,0.0,-2.088794,1.746656,-1.972365,0.0,0.0,-2.329304,2.185264,-2.120390,0.0,0.0,-0.664457,0.693536,-1.350294,0.0,0.0,-0.726223,1.514944,-1.950968,0.0,0.0,-0.839697,2.115460,-2.266128,0.0,0.0,-0.927900,2.654882,-2.493406,0.0,0.0,-0.083153,0.772678,-1.320193,0.0,0.0,0.221477,1.569564,-1.908556,0.0,0.0,0.343167,2.137655,-2.157450,0.0,0.0,0.430348,2.626256,-2.290049,0.0,0.0,0.383418,0.828138,-1.269362,0.0,0.0,0.722938,1.527369,-1.751630,0.0,0.0,0.951770,1.934098,-1.945243,0.0,0.0,1.122307,2.310933,-2.055915,0.0,0.0
v22.mp4,d7d289b723fef38ee20d930381259dd8e60879e32c15757927df9a9fef68f29a,1920,1080,12.09,142,11.75,135,11250,Left,0.983755,0.000000,0.000000,0.000000,0.0,0.0,-0.929823,0.162711,-0.420186,0.0,0.0,-1.735913,0.700449,-0.738300,0.0,0.0,-2.288779,1.204056,-0.952713,0.0,0.0,-2.756475,1.569264,-1.203975,0.0,0.0,-1.145140,0.815712,-1.388855,0.0,0.0,-1.433943,1.747992,-1.846360,0.0,0.0,-1.608111,2.381901,-2.074904,0.0,0.0,-1.764431,2.936491,-2.239760,0.0,0.0,-0.507428,0.875953,-1.371816,0.0,0.0,-0.495182,1.783034,-1.959536,0.0,0.0,-0.656772,2.471668,-2.290919,0.0,0.0,-0.764609,3.045595,-2.541781,0.0,0.0,0.006643,0.917831,-1.308111,0.0,0.0,0.254964,1.776294,-1.866921,0.0,0.0,0.264600,2.350979,-2.158564,0.0,0.0,0.281486,2.828380,-2.343060,0.0,0.0,0.366502,0.954121,-1.238829,0.0,0.0,0.674843,1.605227,-1.719462,0.0,0.0,0.921918,1.958136,-1.944194,0.0,0.0,1.135938,2.261826,-2.087167,0.0,0.0
v22.mp4,d7d289b723fef38ee20d930381259dd8e60879e32c15757927df9a9fef68f29a,1920,1080,12.09,142,11.75,136,11333,Left,0.957591,0.000000,0.000000,0.000000,0.0,0.0,-0.918183,0.308916,-0.424624,0.0,0.0,-1.658959,0.822775,-0.813219,0.0,0.0,-2.214782,1.314245,-1.097365,0.0,0.0,-2.708830,1.750879,-1.402840,0.0,0.0,-1.058910,0.882661,-1.519039,0.0,0.0,-1.360706,1.787672,-2.060102,0.0,0.0,-1.523241,2.424671,-2.343802,0.0,0.0,-1.679877,3.015730,-2.548515,0.0,0.0,-0.447102,0.901880,-1.520077,0.0,0.0,-0.479083,1.775593,-2.190657,0.0,0.0,-0.596671,2.523666,-2.581088,0.0,0.0,-0.683805,3.172778,-2.895336,0.0,0.0,0.063241,0.945905,-1.470378,0.0,0.0,0.279386,1.752625,-2.063189,0.0,0.0,0.273126,2.383743,-2.398466,0.0,0.0,0.283323,2.910482,-2.636764,0.0,0.0,0.425593,1.007465,-1.414684,0.0,0.0,0.738075,1.670529,-1.910516,0.0,0.0,1.002221,2.030001,-2.180022,0.0,0.0,1.262740,2.359246,-2.378227,0.0,0.0
v22.mp4,d7d289b723fef38ee20d930381259dd8e60879e32c15757927df9a9fef68f29a,1920,1080,12.09,142,11.75,137,11416,Left,0.967904,0.000000,0.000000,0.000000,0.0,0.0,-0.895560,0.339962,-0.396654,0.0,0.0,-1.657256,0.847025,-0.755389,0.0,0.0,-2.263369,1.360167,-1.016162,0.0,0.0,-2.770046,1.758227,-1.293574,0.0,0.0,-1.088765,0.872440,-1.428789,0.0,0.0,-1.408465,1.813015,-1.939475,0.0,0.0,-1.587565,2.475131,-2.196713,0.0,0.0,-1.739938,3.072453,-2.376216,0.0,0.0,-0.488853,0.886527,-1.428517,0.0,0.0,-0.467986,1.762066,-2.058261,0.0,0.0,-0.561939,2.547316,-2.396145,0.0,0.0,-0.624989,3.217238,-2.662611,0.0,0.0,0.030350,0.921583,-1.382633,0.0,0.0,0.266930,1.739186,-1.941563,0.0,0.0,0.274641,2.403577,-2.234949,0.0,0.0,0.284360,2.962912,-2.436416,0.0,0.0,0.416189,0.973421,-1.332397,0.0,0.0,0.753564,1.653714,-1.809874,0.0,0.0,1.021205,2.037130,-2.060647,0.0,0.0,1.261347,2.390201,-2.234896,0.0,0.0
v22.mp4,d7d289b723fef38ee20d930381259dd8e60879e32c15757927df9a9fef68f29a,1920,1080,12.09,142,11.75,138,11500,Left,0.956066,0.000000,0.000000,0.000000,0.0,0.0,-0.911183,0.302441,-0.436495,0.0,0.0,-1.674169,0.811555,-0.809815,0.0,0.0,-2.251688,1.306691,-1.076644,0.0,0.0,-2.734044,1.733675,-1.358503,0.0,0.0,-1.065637,0.879205,-1.478761,0.0,0.0,-1.395693,1.781758,-2.011121,0.0,0.0,-1.569132,2.417450,-2.290133,0.0,0.0,-1.725282,3.004455,-2.486234,0.0,0.0,-0.455808,0.906077,-1.462632,0.0,0.0,-0.477155,1.757140,-2.123245,0.0,0.0,-0.596590,2.503712,-2.502363,0.0,0.0,-0.684556,3.152424,-2.800195,0.0,0.0,0.050282,0.949371,-1.399665,0.0,0.0,0.256368,1.740835,-1.984193,0.0,0.0,0.264925,2.380571,-2.306946,0.0,0.0,0.290746,2.918300,-2.528157,0.0,0.0,0.411220,1.012845,-1.333661,0.0,0.0,0.697526,1.667904,-1.819979,0.0,0.0,0.959631,2.025549,-2.077817,0.0,0.0,1.217703,2.356303,-2.260255,0.0,0.0
v22.mp4,d7d289b723fef38ee20d930381259dd8e60879e32c15757927df9a9fef68f29a,1920,1080,12.09,142,11.75,139,11583,Left,0.958691,0.000000,0.000000,0.000000,0.0,0.0,-0.900150,0.314182,-0.418215,0.0,0.0,-1.668180,0.835076,-0.783171,0.0,0.0,-2.284357,1.341165,-1.044556,0.0,0.0,-2.799151,1.741439,-1.320012,0.0,0.0,-1.099181,0.851490,-1.456418,0.0,0.0,-1.423681,1.774739,-1.978757,0.0,0.0,-1.598773,2.441666,-2.242936,0.0,0.0,-1.750214,3.047126,-2.427868,0.0,0.0,-0.501283,0.881014,-1.447752,0.0,0.0,-0.482689,1.733198,-2.096297,0.0,0.0,-0.587164,2.516354,-2.445489,0.0,0.0,-0.666017,3.195658,-2.718922,0.0,0.0,0.016973,0.928227,-1.394266,0.0,0.0,0.245699,1.731803,-1.967278,0.0,0.0,0.253971,2.393442,-2.267296,0.0,0.0,0.260727,2.958948,-2.471532,0.0,0.0,0.399726,0.986679,-1.337967,0.0,0.0,0.716174,1.650329,-1.824643,0.0,0.0,0.984393,2.027108,-2.079946,0.0,0.0,1.226903,2.385305,-2.257053,0.0,0.0
v22.mp4,d7d289b723fef38ee20d930381259dd8e60879e32c15757927df9a9fef68f29a,1920,1080,12.09,142,11.75,140,11666,Left,0.965404,0.000000,0.000000,0.000000,0.0,0.0,-0.900408,0.305292,-0.426857,0.0,0.0,-1.656918,0.813676,-0.800679,0.0,0.0,-2.228147,1.305620,-1.069000,0.0,0.0,-2.707936,1.733998,-1.354071,0.0,0.0,-1.066897,0.877504,-1.483087,0.0,0.0,-1.385591,1.775147,-2.010095,0.0,0.0,-1.550667,2.411347,-2.285292,0.0,0.0,-1.703345,3.000174,-2.480139,0.0,0.0,-0.457506,0.898268,-1.473359,0.0,0.0,-0.483080,1.750976,-2.129357,0.0,0.0,-0.600197,2.503505,-2.507738,0.0,0.0,-0.683089,3.152151,-2.807836,0.0,0.0,0.053121,0.937823,-1.414482,0.0,0.0,0.259265,1.727639,-1.995232,0.0,0.0,0.269475,2.370435,-2.319258,0.0,0.0,0.303269,2.903480,-2.543152,0.0,0.0,0.424195,0.999674,-1.350719,0.0,0.0,0.716564,1.659032,-1.832783,0.0,0.0,0.984644,2.022714,-2.088273,0.0,0.0,1.254532,2.351629,-2.270549,0.0,0.0
v22.mp4,d7d289b723fef38ee20d930381259dd8e60879e32c15757927df9a9fef68f29a,1920,1080,12.09,142,11.75,141,11750,Left,0.948036,0.000000,0.000000,0.000000,0.0,0.0,-0.903060,0.305916,-0.314279,0.0,0.0,-1.691370,0.822502,-0.565787,0.0,0.0,-2.267303,1.344559,-0.746555,0.0,0.0,-2.732630,1.772122,-0.947229,0.0,0.0,-1.091289,0.816249,-1.080487,0.0,0.0,-1.458868,1.478254,-1.454119,0.0,0.0,-1.669758,1.967294,-1.624811,0.0,0.0,-1.896015,2.454819,-1.758926,0.0,0.0,-0.517446,0.900919,-1.105720,0.0,0.0,-0.520788,1.754539,-1.610843,0.0,0.0,-0.623154,2.497164,-1.912545,0.0,0.0,-0.717360,3.151995,-2.158132,0.0,0.0,-0.009455,0.969554,-1.094026,0.0,0.0,0.218727,1.779044,-1.596228,0.0,0.0,0.237015,2.421571,-1.886648,0.0,0.0,0.242175,2.990184,-2.086089,0.0,0.0,0.375687,1.019259,-1.071811,0.0,0.0,0.710686,1.690985,-1.515378,0.0,0.0,0.971981,2.054359,-1.757011,0.0,0.0,1.216579,2.402930,-1.930038,0.0,0.0
