video_file,video_hash,video_width,video_height,video_fps,total_video_frames,video_duration_sec,frame_idx,timestamp_ms,hand,wrist_x,wrist_y,thumb_cmc_x,thumb_cmc_y,thumb_mcp_x,thumb_mcp_y,thumb_ip_x,thumb_ip_y,thumb_tip_x,thumb_tip_y,index_mcp_x,index_mcp_y,index_pip_x,index_pip_y,index_dip_x,index_dip_y,index_tip_x,index_tip_y,middle_mcp_x,middle_mcp_y,middle_pip_x,middle_pip_y,middle_dip_x,middle_dip_y,middle_tip_x,middle_tip_y,ring_mcp_x,ring_mcp_y,ring_pip_x,ring_pip_y,ring_dip_x,ring_dip_y,ring_tip_x,ring_tip_y,pinky_mcp_x,pinky_mcp_y,pinky_pip_x,pinky_pip_y,pinky_dip_x,pinky_dip_y,pinky_tip_x,pinky_tip_y
v9.mp4,fc23e00695e843a9af4db2c4afd246f62b9fa7dc3f2152f13d0b16a3d1b8c588,1920,1080,12.05,229,19.0,0,0,Right,0.284438,0.121258,0.391939,0.086643,0.500363,0.115572,0.586389,0.166692,0.657728,0.222912,0.487482,0.24494,0.58228,0.411219,0.638465,0.528709,0.679556,0.629109,0.426956,0.310936,0.500015,0.517771,0.550077,0.663154,0.589878,0.785326,0.361867,0.350794,0.411592,0.547598,0.455351,0.686515,0.493242,0.800294,0.296535,0.374095,0.306469,0.545308,0.323078,0.658622,0.345318,0.758507
v9.mp4,fc23e00695e843a9af4db2c4afd246f62b9fa7dc3f2152f13d0b16a3d1b8c588,1920,1080,12.05,229,19.0,1,83,Right,0.272752,0.124378,0.395613,0.10464,0.502802,0.130132,0.581798,0.178229,0.658981,0.242027,0.488269,0.238022,0.584848,0.396974,0.647225,0.510029,0.69109,0.615771,0.427399,0.301364,0.491309,0.516091,0.546717,0.679268,0.589726,0.82157,0.364068,0.34926,0.407957,0.546627,0.4549,0.685895,0.492794,0.80419,0.303062,0.387137,0.314619,0.556952,0.33069,0.668511,0.352688,0.76581
v9.mp4,fc23e00695e843a9af4db2c4afd246f62b9fa7dc3f2152f13d0b16a3d1b8c588,1920,1080,12.05,229,19.0,2,166,Right,0.268833,0.118051,0.390724,0.086904,0.501539,0.114596,0.58329,0.166369,0.655152,0.237245,0.483162,0.192786,0.597342,0.296084,0.671911,0.370947,0.730109,0.441125,0.425601,0.266613,0.485716,0.427335,0.535212,0.546438,0.578789,0.646283,0.364205,0.32645,0.401609,0.515264,0.446753,0.665012,0.48707,0.78409,0.306735,0.375313,0.317378,0.554579,0.331192,0.666154,0.352378,0.759402
v9.mp4,fc23e00695e843a9af4db2c4afd246f62b9fa7dc3f2152f13d0b16a3d1b8c588,1920,1080,12.05,229,19.0,3,250,Right,0.269111,0.129473,0.395521,0.096145,0.504582,0.116921,0.584406,0.170372,0.655774,0.240729,0.482798,0.197394,0.596896,0.28573,0.67101,0.352479,0.731266,0.408238,0.423383,0.268627,0.47958,0.430071,0.526006,0.540059,0.566283,0.622367,0.363449,0.329403,0.401056,0.522126,0.450023,0.671062,0.488369,0.783742,0.310227,0.386838,0.321114,0.562409,0.33467,0.67171,0.353236,0.759962
v9.mp4,fc23e00695e843a9af4db2c4afd246f62b9fa7dc3f2152f13d0b16a3d1b8c588,1920,1080,12.05,229,19.0,4,333,Right,0.268052,0.12228,0.39414,0.091872,0.506427,0.12388,0.585908,0.190045,0.65653,0.247373,0.481641,0.172922,0.592526,0.246729,0.6661,0.307592,0.728424,0.359164,0.421897,0.238701,0.476577,0.39383,0.522187,0.497246,0.563957,0.573041,0.36228,0.306105,0.395745,0.508428,0.445778,0.664495,0.486851,0.78456,0.308712,0.374126,0.322678,0.558657,0.335473,0.672258,0.352597,0.765298
v9.mp4,fc23e00695e843a9af4db2c4afd246f62b9fa7dc3f2152f13d0b16a3d1b8c588,1920,1080,12.05,229,19.0,5,416,Right,0.269872,0.13674,0.398893,0.104332,0.505646,0.120256,0.580905,0.17527,0.652902,0.235199,0.48333,0.186219,0.593384,0.265946,0.667952,0.327271,0.729503,0.375498,0.42258,0.255923,0.477364,0.40492,0.52207,0.498798,0.563296,0.568626,0.364895,0.322342,0.399966,0.513231,0.449108,0.663502,0.486921,0.778368,0.314168,0.393667,0.327438,0.558655,0.336745,0.672382,0.34998,0.761499
v9.mp4,fc23e00695e843a9af4db2c4afd246f62b9fa7dc3f2152f13d0b16a3d1b8c588,1920,1080,12.05,229,19.0,6,500,Right,0.272968,0.139698,0.409343,0.120991,0.511235,0.12371,0.583818,0.175548,0.65739,0.240145,0.500663,0.205077,0.604249,0.280556,0.678905,0.346617,0.740641,0.405976,0.436366,0.283245,0.513887,0.483494,0.57633,0.640575,0.629479,0.773125,0.373041,0.347674,0.410959,0.542677,0.458197,0.691149,0.491077,0.812418,0.319158,0.412994,0.329175,0.564419,0.339662,0.670702,0.356456,0.760243
v9.mp4,fc23e00695e843a9af4db2c4afd246f62b9fa7dc3f2152f13d0b16a3d1b8c588,1920,1080,12.05,229,19.0,7,583,Right,0.269,0.126733,0.397639,0.103812,0.499006,0.121133,0.570443,0.178749,0.638725,0.241912,0.492032,0.210659,0.598931,0.278815,0.674126,0.335423,0.736083,0.386128,0.432299,0.271678,0.511412,0.484236,0.560979,0.643299,0.597108,0.769904,0.368642,0.326613,0.415823,0.538198,0.463004,0.688126,0.496667,0.804601,0.31243,0.382173,0.321721,0.558819,0.334695,0.668934,0.351928,0.759183
v9.mp4,fc23e00695e843a9af4db2c4afd246f62b9fa7dc3f2152f13d0b16a3d1b8c588,1920,1080,12.05,229,19.0,8,666,Right,0.267032,0.13408,0.395881,0.102325,0.500225,0.123929,0.567537,0.195565,0.624839,0.276816,0.487508,0.197757,0.585874,0.242842,0.655725,0.293809,0.71531,0.341715,0.42671,0.262354,0.511459,0.477773,0.56226,0.638363,0.599572,0.76463,0.363758,0.32687,0.418185,0.541252,0.464954,0.690382,0.499119,0.801325,0.310015,0.392299,0.322813,0.571625,0.336891,0.680861,0.355984,0.768845
v9.mp4,fc23e00695e843a9af4db2c4afd246f62b9fa7dc3f2152f13d0b16a3d1b8c588,1920,1080,12.05,229,19.0,9,750,Right,0.268572,0.144438,0.400023,0.110075,0.500848,0.118427,0.572901,0.171317,0.641219,0.235848,0.48511,0.214188,0.583913,0.27219,0.656417,0.320201,0.716183,0.360962,0.426249,0.285882,0.504399,0.480675,0.560645,0.627602,0.599955,0.747761,0.36542,0.346263,0.413251,0.545747,0.462888,0.688931,0.49843,0.802286,0.314795,0.40799,0.32535,0.573292,0.337192,0.681864,0.35522,0.770493
v9.mp4,fc23e00695e843a9af4db2c4afd246f62b9fa7dc3f2152f13d0b16a3d1b8c588,1920,1080,12.05,229,19.0,10,833,Right,0.27599,0.144278,0.414019,0.123602,0.50746,0.132698,0.579071,0.175111,0.651444,0.244352,0.494712,0.228174,0.590457,0.357487,0.658194,0.457157,0.704651,0.537932,0.433636,0.300391,0.512385,0.486694,0.565465,0.632785,0.60442,0.758511,0.371534,0.357583,0.417057,0.540154,0.464446,0.685029,0.499031,0.810221,0.314206,0.411057,0.323417,0.56034,0.33679,0.671202,0.354852,0.771455
v9.mp4,fc23e00695e843a9af4db2c4afd246f62b9fa7dc3f2152f13d0b16a3d1b8c588,1920,1080,12.05,229,19.0,11,916,Right,0.276923,0.142249,0.415194,0.119549,0.51047,0.130818,0.579575,0.177078,0.653944,0.243033,0.500036,0.229855,0.590987,0.395233,0.656538,0.507173,0.703282,0.594478,0.436784,0.293761,0.515175,0.481775,0.566943,0.631575,0.605414,0.757058,0.372514,0.347131,0.419031,0.536625,0.465252,0.684278,0.500344,0.805692,0.312148,0.398327,0.322178,0.554775,0.336346,0.667538,0.3562,0.764489
v9.mp4,fc23e00695e843a9af4db2c4afd246f62b9fa7dc3f2152f13d0b16a3d1b8c588,1920,1080,12.05,229,19.0,12,1000,Right,0.273795,0.129786,0.406686,0.107368,0.506107,0.129967,0.578913,0.179697,0.65515,0.23984,0.495326,0.220654,0.588291,0.392147,0.65162,0.505473,0.698249,0.600984,0.433935,0.28281,0.513617,0.47666,0.566399,0.630786,0.604278,0.760138,0.369461,0.335692,0.419058,0.527577,0.463501,0.672267,0.49717,0.79072,0.307406,0.385671,0.321434,0.550189,0.335026,0.662073,0.35416,0.756424
v9.mp4,fc23e00695e843a9af4db2c4afd246f62b9fa7dc3f2152f13d0b16a3d1b8c588,1920,1080,12.05,229,19.0,13,1083,Right,0.271466,0.124919,0.400875,0.099522,0.503889,0.127475,0.581786,0.178676,0.658812,0.232483,0.492683,0.217786,0.587213,0.396355,0.650352,0.507212,0.697728,0.600732,0.432533,0.28017,0.513732,0.477691,0.566919,0.632233,0.604303,0.761918,0.368545,0.334257,0.41933,0.52852,0.463777,0.674314,0.500533,0.795265,0.305633,0.382124,0.319466,0.551242,0.333637,0.663914,0.352952,0.76137
v9.mp4,fc23e00695e843a9af4db2c4afd246f62b9fa7dc3f2152f13d0b16a3d1b8c588,1920,1080,12.05,229,19.0,14,1166,Right,0.270674,0.127979,0.403559,0.105092,0.50554,0.128007,0.58237,0.172252,0.663264,0.217426,0.493198,0.225827,0.587193,0.399045,0.651077,0.508689,0.699062,0.602638,0.433668,0.287794,0.512858,0.480651,0.567515,0.632924,0.60603,0.762737,0.370088,0.339443,0.418664,0.53077,0.46411,0.675187,0.500694,0.796353,0.307915,0.38669,0.319192,0.552632,0.332752,0.665262,0.353545,0.761396
v9.mp4,fc23e00695e843a9af4db2c4afd246f62b9fa7dc3f2152f13d0b16a3d1b8c588,1920,1080,12.05,229,19.0,15,1250,Right,0.272296,0.126304,0.39997,0.100868,0.504877,0.129073,0.584514,0.180509,0.66341,0.23189,0.490927,0.221163,0.585336,0.39486,0.649643,0.503413,0.698033,0.600336,0.431205,0.285504,0.503703,0.490969,0.559601,0.645297,0.600559,0.777505,0.368667,0.336492,0.414172,0.533322,0.46053,0.675157,0.499279,0.795243,0.307101,0.378999,0.317451,0.55011,0.332215,0.663232,0.352383,0.761657
v9.mp4,fc23e00695e843a9af4db2c4afd246f62b9fa7dc3f2152f13d0b16a3d1b8c588,1920,1080,12.05,229,19.0,16,1333,Right,0.27326,0.129403,0.397452,0.102026,0.503616,0.128394,0.583717,0.178328,0.66305,0.230469,0.485629,0.227121,0.583357,0.392961,0.651732,0.498381,0.704659,0.594148,0.428983,0.291887,0.491104,0.470452,0.546246,0.605828,0.591284,0.72702,0.368076,0.340181,0.409518,0.525009,0.456275,0.667854,0.495108,0.789567,0.306519,0.37902,0.314545,0.54772,0.328211,0.660243,0.347258,0.757388
v9.mp4,fc23e00695e843a9af4db2c4afd246f62b9fa7dc3f2152f13d0b16a3d1b8c588,1920,1080,12.05,229,19.0,17,1416,Right,0.268652,0.130651,0.396633,0.096095,0.502009,0.118479,0.579477,0.16994,0.657071,0.224245,0.485412,0.194842,0.59994,0.315489,0.678298,0.390453,0.74028,0.454329,0.429154,0.262575,0.491993,0.397482,0.543816,0.492381,0.590043,0.575639,0.368662,0.32427,0.404748,0.503948,0.451209,0.652259,0.48965,0.773536,0.307709,0.384253,0.319182,0.553023,0.332738,0.662048,0.353351,0.754525
v9.mp4,fc23e00695e843a9af4db2c4afd246f62b9fa7dc3f2152f13d0b16a3d1b8c588,1920,1080,12.05,229,19.0,18,1500,Right,0.268604,0.129844,0.398296,0.105722,0.503483,0.127801,0.578608,0.18697,0.662318,0.232471,0.489991,0.181836,0.592248,0.331095,0.665888,0.432612,0.728262,0.518122,0.432802,0.246254,0.49013,0.36648,0.536662,0.44244,0.58076,0.507472,0.371487,0.314853,0.406176,0.496428,0.452359,0.653932,0.490869,0.78115,0.309076,0.388324,0.3237,0.549601,0.330455,0.666245,0.345018,0.764746
v9.mp4,fc23e00695e843a9af4db2c4afd246f62b9fa7dc3f2152f13d0b16a3d1b8c588,1920,1080,12.05,229,19.0,19,1583,Right,0.270616,0.129475,0.399865,0.101206,0.502753,0.124013,0.578072,0.184721,0.660506,0.23221,0.489151,0.196168,0.586977,0.361221,0.657966,0.472878,0.718706,0.570677,0.432686,0.251838,0.489812,0.369339,0.539775,0.436922,0.584317,0.497172,0.369748,0.313371,0.402808,0.498776,0.449945,0.652729,0.490023,0.778233,0.304885,0.379605,0.320554,0.541869,0.329823,0.657056,0.34697,0.755353
v9.mp4,fc23e00695e843a9af4db2c4afd246f62b9fa7dc3f2152f13d0b16a3d1b8c588,1920,1080,12.05,229,19.0,20,1666,Right,0.272158,0.129795,0.398783,0.104996,0.501917,0.127332,0.577257,0.187895,0.66074,0.23123,0.493533,0.195847,0.587895,0.36262,0.656147,0.473886,0.713662,0.572023,0.437575,0.249388,0.497869,0.363384,0.545431,0.424808,0.586008,0.480908,0.374117,0.311583,0.406301,0.497412,0.452129,0.65645,0.490555,0.787425,0.308663,0.381556,0.323688,0.542595,0.331651,0.660017,0.347506,0.761387
v9.mp4,fc23e00695e843a9af4db2c4afd246f62b9fa7dc3f2152f13d0b16a3d1b8c588,1920,1080,12.05,229,19.0,21,1750,Right,0.268422,0.120499,0.393746,0.095337,0.497644,0.122711,0.57772,0.184414,0.65923,0.22826,0.487878,0.186441,0.582412,0.362693,0.648984,0.473793,0.705831,0.572465,0.433661,0.236603,0.494305,0.364115,0.546167,0.433368,0.588671,0.49272,0.369694,0.298687,0.405247,0.495464,0.451818,0.652024,0.491874,0.778227,0.303488,0.366528,0.321271,0.540909,0.331589,0.656527,0.348653,0.754842
v9.mp4,fc23e00695e843a9af4db2c4afd246f62b9fa7dc3f2152f13d0b16a3d1b8c588,1920,1080,12.05,229,19.0,22,1833,Right,0.271289,0.123243,0.389815,0.089034,0.497728,0.118423,0.583081,0.17393,0.659605,0.232867,0.484081,0.203212,0.581353,0.374975,0.646404,0.4827,0.6952,0.577183,0.426267,0.262344,0.486907,0.448827,0.540064,0.581664,0.583056,0.69279,0.363862,0.316215,0.409998,0.510602,0.455974,0.656385,0.496038,0.778047,0.301532,0.364985,0.316475,0.543731,0.331705,0.660693,0.349758,0.763797
v9.mp4,fc23e00695e843a9af4db2c4afd246f62b9fa7dc3f2152f13d0b16a3d1b8c588,1920,1080,12.05,229,19.0,23,1916,Right,0.273385,0.136391,0.404219,0.112195,0.508899,0.129722,0.582882,0.182433,0.662019,0.238491,0.500551,0.198259,0.589209,0.37426,0.652649,0.48483,0.702144,0.576996,0.439185,0.265959,0.512621,0.436252,0.570872,0.563244,0.622296,0.675409,0.375941,0.331054,0.418452,0.516474,0.463701,0.665642,0.501707,0.789993,0.315347,0.391696,0.323862,0.550218,0.332876,0.663023,0.351424,0.762395
v9.mp4,fc23e00695e843a9af4db2c4afd246f62b9fa7dc3f2152f13d0b16a3d1b8c588,1920,1080,12.05,229,19.0,24,2000,Right,0.269797,0.121107,0.392841,0.09456,0.498095,0.124939,0.578509,0.177868,0.65358,0.234853,0.490797,0.204324,0.591736,0.38173,0.653962,0.493734,0.701007,0.59006,0.431685,0.262006,0.520265,0.472523,0.579711,0.628914,0.622497,0.7585,0.365443,0.315731,0.421168,0.524587,0.465913,0.671348,0.50591,0.792562,0.298866,0.363295,0.316897,0.539474,0.332428,0.653954,0.352432,0.754193
v9.mp4,fc23e00695e843a9af4db2c4afd246f62b9fa7dc3f2152f13d0b16a3d1b8c588,1920,1080,12.05,229,19.0,25,2083,Right,0.266804,0.12162,0.392396,0.096931,0.499641,0.125865,0.580469,0.178762,0.655726,0.235655,0.492125,0.19891,0.591488,0.378216,0.65552,0.488433,0.704568,0.582044,0.433385,0.259693,0.520473,0.473075,0.578865,0.631934,0.621166,0.763299,0.367933,0.315195,0.419378,0.52436,0.465069,0.671029,0.505624,0.791359,0.30211,0.362724,0.318049,0.542853,0.331678,0.660094,0.349826,0.760983
v9.mp4,fc23e00695e843a9af4db2c4afd246f62b9fa7dc3f2152f13d0b16a3d1b8c588,1920,1080,12.05,229,19.0,26,2166,Right,0.26588,0.123971,0.392429,0.097971,0.500394,0.12242,0.580794,0.180666,0.657501,0.231227,0.490194,0.193559,0.598912,0.335004,0.670481,0.417843,0.728995,0.490132,0.433618,0.254197,0.51968,0.472272,0.578415,0.630388,0.622097,0.762744,0.369093,0.311822,0.419911,0.526782,0.466179,0.677469,0.504558,0.79992,0.304391,0.365663,0.320979,0.549727,0.334543,0.668994,0.353975,0.767968
v9.mp4,fc23e00695e843a9af4db2c4afd246f62b9fa7dc3f2152f13d0b16a3d1b8c588,1920,1080,12.05,229,19.0,27,2250,Right,0.263464,0.129882,0.394458,0.100868,0.504054,0.114632,0.581293,0.175841,0.657024,0.227485,0.493466,0.197674,0.595716,0.285651,0.667273,0.339805,0.730486,0.384281,0.434159,0.258666,0.518981,0.476592,0.57541,0.631161,0.61925,0.75879,0.369577,0.317303,0.418315,0.533106,0.464056,0.682324,0.500003,0.800179,0.310854,0.37579,0.324499,0.557761,0.335236,0.672552,0.35473,0.765174
v9.mp4,fc23e00695e843a9af4db2c4afd246f62b9fa7dc3f2152f13d0b16a3d1b8c588,1920,1080,12.05,229,19.0,28,2333,Right,0.262741,0.136251,0.392386,0.105816,0.493714,0.121547,0.560877,0.182348,0.62637,0.233696,0.489153,0.186097,0.578259,0.227607,0.644463,0.261986,0.70648,0.291815,0.43098,0.249859,0.519584,0.47073,0.576533,0.630279,0.619661,0.758701,0.368968,0.319039,0.420622,0.541918,0.467068,0.692488,0.502513,0.80583,0.316155,0.389775,0.328122,0.5715,0.337109,0.684699,0.353863,0.771561
v9.mp4,fc23e00695e843a9af4db2c4afd246f62b9fa7dc3f2152f13d0b16a3d1b8c588,1920,1080,12.05,229,19.0,29,2416,Right,0.268651,0.134522,0.389612,0.111127,0.496147,0.114994,0.575276,0.159836,0.641165,0.211638,0.482114,0.210082,0.561879,0.219804,0.623328,0.24127,0.684737,0.256825,0.428348,0.278521,0.515477,0.469399,0.575043,0.613029,0.621716,0.728999,0.370166,0.341264,0.416589,0.546619,0.465474,0.688675,0.4999,0.797274,0.320029,0.405198,0.327877,0.569052,0.335118,0.676124,0.349916,0.762364
v9.mp4,fc23e00695e843a9af4db2c4afd246f62b9fa7dc3f2152f13d0b16a3d1b8c588,1920,1080,12.05,229,19.0,30,2500,Right,0.273758,0.147122,0.408213,0.119955,0.507512,0.123554,0.580337,0.160558,0.652241,0.22202,0.491826,0.214851,0.583656,0.278233,0.650157,0.330886,0.701481,0.374204,0.43422,0.299581,0.515505,0.475351,0.576446,0.612814,0.623195,0.733697,0.374703,0.362929,0.414752,0.541559,0.463023,0.68616,0.499535,0.807004,0.320986,0.420163,0.329559,0.571801,0.339887,0.679152,0.358752,0.765248
v9.mp4,fc23e00695e843a9af4db2c4afd246f62b9fa7dc3f2152f13d0b16a3d1b8c588,1920,1080,12.05,229,19.0,31,2583,Right,0.278533,0.131547,0.406154,0.102629,0.506079,0.125137,0.581736,0.177331,0.658817,0.235905,0.493943,0.211105,0.587436,0.389186,0.649954,0.498763,0.697202,0.589252,0.434981,0.274733,0.521129,0.476928,0.580688,0.62388,0.623733,0.747866,0.370865,0.330045,0.419922,0.532259,0.467241,0.682032,0.50477,0.80868,0.307178,0.37626,0.320227,0.547264,0.33385,0.665354,0.350914,0.768781
v9.mp4,fc23e00695e843a9af4db2c4afd246f62b9fa7dc3f2152f13d0b16a3d1b8c588,1920,1080,12.05,229,19.0,32,2666,Right,0.271075,0.127387,0.399705,0.1017,0.502961,0.12678,0.580125,0.17907,0.658035,0.232374,0.495603,0.213987,0.588621,0.395815,0.652025,0.504121,0.701175,0.592714,0.436415,0.272576,0.522689,0.476683,0.579951,0.628968,0.62199,0.755911,0.371178,0.326564,0.421936,0.528116,0.467447,0.675235,0.506507,0.796967,0.306169,0.374793,0.320603,0.546065,0.33326,0.661622,0.352227,0.761104
v9.mp4,fc23e00695e843a9af4db2c4afd246f62b9fa7dc3f2152f13d0b16a3d1b8c588,1920,1080,12.05,229,19.0,33,2750,Right,0.270497,0.126186,0.401319,0.102725,0.503959,0.126707,0.578968,0.178731,0.656764,0.232044,0.495926,0.20897,0.589167,0.393926,0.653449,0.504719,0.702496,0.5968,0.436461,0.272413,0.523188,0.476462,0.581042,0.629439,0.623305,0.759436,0.371867,0.328681,0.421836,0.527785,0.468643,0.671262,0.507159,0.790873,0.307842,0.379197,0.322179,0.550865,0.334442,0.667531,0.353085,0.76676
v9.mp4,fc23e00695e843a9af4db2c4afd246f62b9fa7dc3f2152f13d0b16a3d1b8c588,1920,1080,12.05,229,19.0,34,2833,Right,0.273847,0.13536,0.408224,0.112386,0.508253,0.131753,0.579963,0.181142,0.658384,0.231781,0.501127,0.21524,0.59045,0.393597,0.65389,0.504404,0.700973,0.595172,0.439421,0.280757,0.524713,0.480173,0.582009,0.631249,0.625093,0.76104,0.374506,0.33788,0.421815,0.530529,0.468431,0.671732,0.505765,0.790422,0.311299,0.390591,0.323651,0.553356,0.334526,0.668342,0.35267,0.765787
v9.mp4,fc23e00695e843a9af4db2c4afd246f62b9fa7dc3f2152f13d0b16a3d1b8c588,1920,1080,12.05,229,19.0,35,2916,Right,0.271439,0.128074,0.401399,0.102752,0.503533,0.126647,0.578131,0.17967,0.656509,0.229748,0.494646,0.206639,0.587766,0.391483,0.65195,0.502193,0.70154,0.594414,0.434808,0.268443,0.522738,0.474543,0.581053,0.630006,0.623494,0.761538,0.369796,0.324503,0.421809,0.526573,0.468198,0.670304,0.506514,0.790043,0.305729,0.374683,0.321842,0.547811,0.334587,0.66435,0.35352,0.76343
v9.mp4,fc23e00695e843a9af4db2c4afd246f62b9fa7dc3f2152f13d0b16a3d1b8c588,1920,1080,12.05,229,19.0,36,3000,Right,0.264886,0.118897,0.386359,0.09069,0.494404,0.117652,0.578937,0.17184,0.655562,0.223719,0.486068,0.207593,0.589022,0.368017,0.658997,0.457007,0.71608,0.532146,0.431777,0.270759,0.518626,0.473171,0.577474,0.624804,0.620698,0.754679,0.367508,0.324514,0.420625,0.527279,0.466431,0.672199,0.506805,0.795242,0.30057,0.368614,0.318395,0.548732,0.33269,0.665239,0.350258,0.767742
v9.mp4,fc23e00695e843a9af4db2c4afd246f62b9fa7dc3f2152f13d0b16a3d1b8c588,1920,1080,12.05,229,19.0,37,3083,Right,0.262451,0.124435,0.389554,0.092828,0.500137,0.108437,0.579333,0.167607,0.654935,0.228822,0.489679,0.198239,0.599663,0.288073,0.675715,0.34407,0.738695,0.393553,0.433445,0.269983,0.517665,0.480852,0.574506,0.62977,0.61964,0.754771,0.371558,0.330256,0.421491,0.53915,0.467854,0.682979,0.50521,0.799538,0.311573,0.384454,0.322803,0.563266,0.334603,0.67508,0.355002,0.767462
v9.mp4,fc23e00695e843a9af4db2c4afd246f62b9fa7dc3f2152f13d0b16a3d1b8c588,1920,1080,12.05,229,19.0,38,3166,Right,0.260688,0.129437,0.385886,0.094717,0.492235,0.112162,0.564752,0.170235,0.633781,0.22744,0.488117,0.186784,0.590438,0.238463,0.660842,0.277614,0.723491,0.31495,0.430007,0.253065,0.520407,0.476377,0.576888,0.631859,0.621697,0.756743,0.366458,0.319168,0.423932,0.540879,0.469545,0.687386,0.506768,0.798206,0.31033,0.380169,0.323932,0.567455,0.335718,0.680823,0.354796,0.770149
v9.mp4,fc23e00695e843a9af4db2c4afd246f62b9fa7dc3f2152f13d0b16a3d1b8c588,1920,1080,12.05,229,19.0,39,3250,Right,0.266193,0.142167,0.394958,0.108899,0.501514,0.112815,0.575902,0.168157,0.648036,0.222424,0.486955,0.197722,0.583336,0.235075,0.654269,0.272255,0.718167,0.305113,0.428108,0.26677,0.51545,0.473778,0.576086,0.62601,0.62242,0.748602,0.367365,0.3314,0.420274,0.548452,0.470945,0.694719,0.506381,0.805209,0.317286,0.39741,0.328637,0.570211,0.337504,0.681079,0.353406,0.768441
v9.mp4,fc23e00695e843a9af4db2c4afd246f62b9fa7dc3f2152f13d0b16a3d1b8c588,1920,1080,12.05,229,19.0,40,3333,Right,0.269541,0.146796,0.400997,0.111957,0.502404,0.115988,0.576046,0.169089,0.650145,0.212177,0.486344,0.20446,0.582399,0.247076,0.653344,0.282318,0.715366,0.311419,0.430147,0.281877,0.514703,0.472717,0.577745,0.614848,0.624476,0.734502,0.37156,0.345082,0.416174,0.545248,0.468688,0.68854,0.502944,0.803954,0.322807,0.409221,0.330411,0.572807,0.339064,0.681126,0.352482,0.769919
v9.mp4,fc23e00695e843a9af4db2c4afd246f62b9fa7dc3f2152f13d0b16a3d1b8c588,1920,1080,12.05,229,19.0,41,3416,Right,0.275982,0.156789,0.408917,0.123433,0.506083,0.120816,0.579142,0.157773,0.64993,0.216406,0.488504,0.214537,0.584184,0.279414,0.653392,0.333946,0.70791,0.379808,0.432193,0.302178,0.514676,0.479027,0.576807,0.617045,0.62439,0.738645,0.374862,0.36527,0.41727,0.544791,0.468139,0.68753,0.503531,0.808509,0.324542,0.423875,0.3324,0.575185,0.341297,0.684252,0.356526,0.774212
v9.mp4,fc23e00695e843a9af4db2c4afd246f62b9fa7dc3f2152f13d0b16a3d1b8c588,1920,1080,12.05,229,19.0,42,3500,Right,0.276851,0.141928,0.410787,0.111427,0.507789,0.125155,0.579765,0.175295,0.658556,0.231738,0.497265,0.219404,0.584999,0.395878,0.649529,0.509434,0.696869,0.6004,0.437437,0.284959,0.519526,0.482004,0.579841,0.62904,0.62569,0.755819,0.373654,0.339317,0.420662,0.531422,0.469131,0.680476,0.506139,0.807436,0.311339,0.389489,0.322356,0.552327,0.334354,0.671239,0.351789,0.774619
v9.mp4,fc23e00695e843a9af4db2c4afd246f62b9fa7dc3f2152f13d0b16a3d1b8c588,1920,1080,12.05,229,19.0,43,3583,Right,0.272064,0.126638,0.402334,0.098748,0.503554,0.123223,0.578148,0.177304,0.657274,0.231728,0.494474,0.215993,0.585819,0.398877,0.650444,0.50917,0.700888,0.600506,0.435528,0.273519,0.520652,0.477858,0.579565,0.631345,0.623003,0.760951,0.370939,0.325722,0.421435,0.524787,0.468119,0.67183,0.506196,0.795156,0.307061,0.3723,0.320549,0.543262,0.333612,0.659219,0.352293,0.760248
v9.mp4,fc23e00695e843a9af4db2c4afd246f62b9fa7dc3f2152f13d0b16a3d1b8c588,1920,1080,12.05,229,19.0,44,3666,Right,0.272433,0.128098,0.402698,0.101859,0.505652,0.127434,0.58044,0.179122,0.659215,0.233357,0.495362,0.214298,0.58599,0.396117,0.649813,0.506206,0.698897,0.602435,0.436599,0.27666,0.519019,0.478391,0.578051,0.628965,0.621895,0.761262,0.372718,0.329269,0.420146,0.524109,0.467738,0.667678,0.506342,0.789798,0.309425,0.375495,0.321415,0.543295,0.333697,0.660646,0.352461,0.762103
v9.mp4,fc23e00695e843a9af4db2c4afd246f62b9fa7dc3f2152f13d0b16a3d1b8c588,1920,1080,12.05,229,19.0,45,3750,Right,0.272216,0.128804,0.401598,0.101856,0.504343,0.127383,0.579481,0.179438,0.658518,0.235531,0.494929,0.212516,0.585666,0.395955,0.649504,0.506643,0.698839,0.60401,0.436517,0.273462,0.518434,0.477603,0.57797,0.629582,0.622603,0.763106,0.372807,0.325591,0.420449,0.521744,0.467501,0.666594,0.506148,0.79065,0.30941,0.371685,0.321035,0.540218,0.33305,0.65817,0.351793,0.760747
v9.mp4,fc23e00695e843a9af4db2c4afd246f62b9fa7dc3f2152f13d0b16a3d1b8c588,1920,1080,12.05,229,19.0,46,3833,Right,0.267678,0.125089,0.389475,0.090042,0.497186,0.123957,0.579172,0.181472,0.656737,0.235488,0.48635,0.193165,0.580384,0.381513,0.643161,0.4924,0.691976,0.590717,0.428866,0.254699,0.501241,0.441578,0.558956,0.576444,0.605185,0.69442,0.367156,0.312728,0.414732,0.511642,0.459426,0.65884,0.499408,0.78271,0.305833,0.362331,0.31943,0.545454,0.331499,0.663553,0.348584,0.767355
v9.mp4,fc23e00695e843a9af4db2c4afd246f62b9fa7dc3f2152f13d0b16a3d1b8c588,1920,1080,12.05,229,19.0,47,3916,Right,0.269322,0.11907,0.392159,0.087853,0.497306,0.116475,0.579464,0.182313,0.659923,0.230516,0.491697,0.187172,0.585861,0.372157,0.651237,0.483863,0.704286,0.583028,0.436432,0.239483,0.497589,0.395904,0.551456,0.49609,0.594237,0.581181,0.372011,0.299334,0.410943,0.506646,0.455432,0.657862,0.49399,0.779752,0.304901,0.358042,0.323124,0.549782,0.333944,0.67027,0.349131,0.771968
v9.mp4,fc23e00695e843a9af4db2c4afd246f62b9fa7dc3f2152f13d0b16a3d1b8c588,1920,1080,12.05,229,19.0,48,4000,Right,0.266118,0.112566,0.386874,0.086634,0.492208,0.11992,0.576685,0.185524,0.655604,0.231199,0.487878,0.19234,0.584083,0.376828,0.648445,0.488258,0.703012,0.583451,0.432316,0.238212,0.495113,0.393209,0.546028,0.487228,0.587392,0.563519,0.366853,0.293834,0.409127,0.50456,0.453115,0.657858,0.493164,0.780826,0.298798,0.348611,0.319028,0.541987,0.331961,0.66191,0.348922,0.764879
v9.mp4,fc23e00695e843a9af4db2c4afd246f62b9fa7dc3f2152f13d0b16a3d1b8c588,1920,1080,12.05,229,19.0,49,4083,Right,0.265563,0.109172,0.385457,0.085153,0.491744,0.121216,0.577801,0.186893,0.657828,0.235531,0.491658,0.185388,0.587119,0.37441,0.650415,0.487957,0.702048,0.585507,0.434134,0.232659,0.497978,0.399391,0.546707,0.50507,0.584615,0.5894,0.367491,0.289609,0.41074,0.505962,0.452763,0.657768,0.491004,0.778578,0.299003,0.344918,0.319909,0.542517,0.332354,0.664308,0.348546,0.769067
v9.mp4,fc23e00695e843a9af4db2c4afd246f62b9fa7dc3f2152f13d0b16a3d1b8c588,1920,1080,12.05,229,19.0,50,4166,Right,0.26806,0.115645,0.392752,0.09191,0.498005,0.122758,0.578621,0.18502,0.661512,0.235685,0.496684,0.197424,0.589555,0.382798,0.651379,0.490497,0.701784,0.590724,0.438363,0.246104,0.508732,0.427767,0.570364,0.554766,0.624232,0.670345,0.371971,0.300259,0.409785,0.512079,0.451814,0.660545,0.491551,0.78612,0.303502,0.350394,0.319989,0.536644,0.330894,0.656365,0.351684,0.757693
v9.mp4,fc23e00695e843a9af4db2c4afd246f62b9fa7dc3f2152f13d0b16a3d1b8c588,1920,1080,12.05,229,19.0,51,4250,Right,0.269499,0.134668,0.404639,0.110865,0.505628,0.128398,0.578679,0.182788,0.656669,0.239017,0.502388,0.199781,0.598747,0.353677,0.662052,0.47219,0.708682,0.574461,0.440818,0.259096,0.52038,0.433347,0.572031,0.582557,0.611578,0.708388,0.374522,0.318178,0.421596,0.512928,0.465444,0.664054,0.498353,0.787895,0.310092,0.377419,0.322826,0.549561,0.33391,0.668005,0.352032,0.766604
v9.mp4,fc23e00695e843a9af4db2c4afd246f62b9fa7dc3f2152f13d0b16a3d1b8c588,1920,1080,12.05,229,19.0,52,4333,Right,0.267297,0.130804,0.394252,0.101717,0.497843,0.127587,0.579608,0.186166,0.654841,0.237793,0.494214,0.19149,0.594564,0.353276,0.651726,0.478438,0.691156,0.581571,0.433776,0.247534,0.520929,0.433442,0.574268,0.585763,0.609615,0.705108,0.366699,0.305847,0.422108,0.512667,0.465241,0.665565,0.500021,0.786159,0.300859,0.361767,0.32017,0.54393,0.334931,0.661,0.353414,0.759248
v9.mp4,fc23e00695e843a9af4db2c4afd246f62b9fa7dc3f2152f13d0b16a3d1b8c588,1920,1080,12.05,229,19.0,53,4416,Right,0.26599,0.135718,0.395047,0.106872,0.497915,0.128938,0.579531,0.185843,0.6557,0.235651,0.494581,0.189418,0.593906,0.352131,0.65156,0.477191,0.690415,0.580271,0.434098,0.246705,0.520734,0.433377,0.574751,0.587595,0.609611,0.708266,0.367216,0.307357,0.422468,0.513292,0.466571,0.666535,0.501836,0.787203,0.301719,0.366447,0.320033,0.547344,0.334642,0.664548,0.353332,0.762368
v9.mp4,fc23e00695e843a9af4db2c4afd246f62b9fa7dc3f2152f13d0b16a3d1b8c588,1920,1080,12.05,229,19.0,54,4500,Right,0.266463,0.136219,0.398679,0.107758,0.501517,0.127287,0.578995,0.185422,0.654888,0.236225,0.497094,0.178828,0.596144,0.307049,0.658462,0.415081,0.704264,0.511836,0.435712,0.242219,0.517049,0.429374,0.571929,0.583488,0.610482,0.711073,0.36885,0.308686,0.419501,0.515114,0.465625,0.667763,0.500838,0.790972,0.305505,0.373887,0.322695,0.548244,0.337673,0.663334,0.357431,0.75988
v9.mp4,fc23e00695e843a9af4db2c4afd246f62b9fa7dc3f2152f13d0b16a3d1b8c588,1920,1080,12.05,229,19.0,55,4583,Right,0.265459,0.136987,0.398706,0.102282,0.501265,0.120751,0.577577,0.180189,0.652903,0.230912,0.48882,0.165564,0.585843,0.258571,0.651982,0.343642,0.703198,0.425654,0.430188,0.231881,0.510801,0.42761,0.56775,0.578405,0.608222,0.703157,0.367163,0.30539,0.415441,0.520111,0.463683,0.670363,0.499276,0.78824,0.310769,0.38264,0.325571,0.557111,0.339278,0.668855,0.358862,0.761413
v9.mp4,fc23e00695e843a9af4db2c4afd246f62b9fa7dc3f2152f13d0b16a3d1b8c588,1920,1080,12.05,229,19.0,56,4666,Right,0.260598,0.137154,0.388177,0.102994,0.479932,0.123641,0.545283,0.187538,0.605806,0.247044,0.478726,0.171304,0.572335,0.232101,0.637652,0.320025,0.68782,0.409227,0.424084,0.23001,0.505553,0.433212,0.565186,0.590947,0.604535,0.717906,0.362077,0.297273,0.410868,0.52164,0.462051,0.674025,0.497668,0.786816,0.308885,0.36818,0.322268,0.548624,0.339083,0.661657,0.358795,0.750726
v9.mp4,fc23e00695e843a9af4db2c4afd246f62b9fa7dc3f2152f13d0b16a3d1b8c588,1920,1080,12.05,229,19.0,57,4750,Right,0.265941,0.145245,0.397696,0.107835,0.482827,0.123768,0.541525,0.178973,0.600992,0.227096,0.482981,0.188953,0.570017,0.260061,0.629178,0.343593,0.67379,0.426934,0.425323,0.245309,0.507231,0.436413,0.565065,0.59481,0.60101,0.726615,0.363881,0.306936,0.417319,0.51765,0.469825,0.669015,0.503173,0.790339,0.311179,0.372637,0.324479,0.54585,0.342325,0.652655,0.361302,0.744311
v9.mp4,fc23e00695e843a9af4db2c4afd246f62b9fa7dc3f2152f13d0b16a3d1b8c588,1920,1080,12.05,229,19.0,58,4833,Right,0.263964,0.139795,0.393364,0.097815,0.488271,0.086994,0.563942,0.092014,0.640771,0.094111,0.48345,0.178194,0.576457,0.255487,0.637289,0.351446,0.683315,0.441236,0.425524,0.2521,0.508878,0.443272,0.564837,0.595363,0.600887,0.717676,0.363114,0.319318,0.412527,0.536452,0.463544,0.684316,0.498415,0.798177,0.308677,0.383404,0.321949,0.558558,0.335985,0.666005,0.353193,0.755321
v9.mp4,fc23e00695e843a9af4db2c4afd246f62b9fa7dc3f2152f13d0b16a3d1b8c588,1920,1080,12.05,229,19.0,59,4916,Right,0.257323,0.125027,0.385611,0.089772,0.487321,0.07511,0.572751,0.052012,0.650776,0.022383,0.482938,0.170341,0.581539,0.236184,0.645227,0.337327,0.687931,0.434548,0.427989,0.256364,0.510581,0.439867,0.56981,0.593564,0.602306,0.717296,0.367805,0.323014,0.413018,0.542345,0.461098,0.686239,0.493847,0.800708,0.314477,0.385447,0.324755,0.564108,0.335612,0.678292,0.351443,0.770738
v9.mp4,fc23e00695e843a9af4db2c4afd246f62b9fa7dc3f2152f13d0b16a3d1b8c588,1920,1080,12.05,229,19.0,60,5000,Right,0.252614,0.118978,0.376095,0.080181,0.483368,0.066082,0.570038,0.042719,0.646743,0.011493,0.481814,0.170139,0.581064,0.232444,0.643784,0.32937,0.687793,0.427008,0.428737,0.251495,0.51112,0.43437,0.567847,0.588349,0.6014,0.712839,0.368745,0.316786,0.415638,0.534974,0.460997,0.684536,0.495885,0.804951,0.310687,0.368522,0.324269,0.558482,0.33526,0.677781,0.35057,0.775857
v9.mp4,fc23e00695e843a9af4db2c4afd246f62b9fa7dc3f2152f13d0b16a3d1b8c588,1920,1080,12.05,229,19.0,61,5083,Right,0.250611,0.11993,0.379708,0.090262,0.485963,0.107051,0.563656,0.150431,0.627092,0.215956,0.476412,0.160543,0.572975,0.243528,0.634404,0.334879,0.684365,0.427053,0.421228,0.224829,0.508518,0.431676,0.563207,0.591856,0.600285,0.720602,0.359787,0.293285,0.414241,0.520056,0.463158,0.679298,0.49739,0.798192,0.303527,0.352254,0.322206,0.55318,0.338609,0.675454,0.354603,0.774304
v9.mp4,fc23e00695e843a9af4db2c4afd246f62b9fa7dc3f2152f13d0b16a3d1b8c588,1920,1080,12.05,229,19.0,62,5166,Right,0.268512,0.1431,0.402646,0.103202,0.501127,0.099553,0.574662,0.135908,0.648314,0.18437,0.484587,0.172345,0.573866,0.247467,0.638704,0.339948,0.688182,0.424571,0.424751,0.249745,0.506194,0.432316,0.566307,0.586436,0.60604,0.7132,0.364878,0.321209,0.415375,0.52614,0.467044,0.676601,0.500978,0.795657,0.31309,0.397429,0.325064,0.568529,0.336335,0.682188,0.352774,0.773526
v9.mp4,fc23e00695e843a9af4db2c4afd246f62b9fa7dc3f2152f13d0b16a3d1b8c588,1920,1080,12.05,229,19.0,63,5250,Right,0.268334,0.151376,0.404902,0.113454,0.502703,0.105456,0.576888,0.139938,0.649785,0.190348,0.4849,0.178848,0.579701,0.231934,0.645718,0.317808,0.695355,0.396281,0.426849,0.262245,0.505862,0.438901,0.56353,0.585536,0.601848,0.70649,0.368598,0.333513,0.415311,0.534098,0.467463,0.680064,0.49872,0.795232,0.32092,0.410487,0.328616,0.571881,0.337122,0.682042,0.351301,0.771814
v9.mp4,fc23e00695e843a9af4db2c4afd246f62b9fa7dc3f2152f13d0b16a3d1b8c588,1920,1080,12.05,229,19.0,64,5333,Right,0.268847,0.152172,0.406701,0.114521,0.502668,0.108498,0.576251,0.143733,0.647278,0.197041,0.488832,0.187864,0.589097,0.258905,0.654866,0.355379,0.700753,0.440996,0.42893,0.267613,0.509004,0.443778,0.566963,0.587734,0.604994,0.706237,0.36931,0.334969,0.416535,0.534581,0.467219,0.67992,0.500323,0.796185,0.319312,0.405412,0.328148,0.567494,0.336385,0.678656,0.351741,0.769405
v9.mp4,fc23e00695e843a9af4db2c4afd246f62b9fa7dc3f2152f13d0b16a3d1b8c588,1920,1080,12.05,229,19.0,65,5416,Right,0.273001,0.125606,0.390347,0.087702,0.491677,0.100947,0.575527,0.143855,0.643171,0.207611,0.481259,0.195735,0.584433,0.336685,0.64014,0.448716,0.676568,0.546794,0.424563,0.2589,0.502017,0.457934,0.558913,0.608742,0.59424,0.724871,0.361306,0.315092,0.41046,0.523612,0.456417,0.6743,0.493176,0.791334,0.301563,0.360919,0.316763,0.544434,0.33151,0.66103,0.346786,0.757591
v9.mp4,fc23e00695e843a9af4db2c4afd246f62b9fa7dc3f2152f13d0b16a3d1b8c588,1920,1080,12.05,229,19.0,66,5500,Right,0.274408,0.13087,0.396432,0.095907,0.500118,0.105638,0.576561,0.147981,0.648496,0.213909,0.487732,0.188455,0.583301,0.328068,0.639071,0.442317,0.675502,0.554444,0.426242,0.257403,0.497314,0.449116,0.55856,0.60483,0.606684,0.744235,0.365647,0.320103,0.407096,0.520685,0.453288,0.668159,0.489977,0.797469,0.308696,0.374803,0.319441,0.553153,0.329548,0.668549,0.348698,0.768547
v9.mp4,fc23e00695e843a9af4db2c4afd246f62b9fa7dc3f2152f13d0b16a3d1b8c588,1920,1080,12.05,229,19.0,67,5583,Right,0.275688,0.135981,0.401919,0.098715,0.501697,0.107676,0.575912,0.146663,0.648176,0.211656,0.48781,0.182101,0.582643,0.319907,0.639879,0.435854,0.676589,0.543798,0.427674,0.250457,0.491577,0.415202,0.54851,0.544474,0.592393,0.656216,0.368021,0.317751,0.405043,0.512768,0.452766,0.661677,0.489117,0.786511,0.311986,0.382603,0.321548,0.554141,0.332294,0.667345,0.349769,0.763684
v9.mp4,fc23e00695e843a9af4db2c4afd246f62b9fa7dc3f2152f13d0b16a3d1b8c588,1920,1080,12.05,229,19.0,68,5666,Right,0.273102,0.130153,0.397365,0.094464,0.496319,0.103177,0.573869,0.145611,0.642909,0.213324,0.485975,0.187666,0.585699,0.332712,0.641882,0.447948,0.676662,0.549571,0.425445,0.252867,0.505224,0.451571,0.564481,0.602938,0.602041,0.722081,0.361945,0.313179,0.410097,0.525753,0.456844,0.677273,0.49182,0.796382,0.303641,0.365372,0.317843,0.546539,0.332197,0.665869,0.348845,0.76424
v9.mp4,fc23e00695e843a9af4db2c4afd246f62b9fa7dc3f2152f13d0b16a3d1b8c588,1920,1080,12.05,229,19.0,69,5750,Right,0.271444,0.14079,0.407275,0.101364,0.502107,0.106595,0.572263,0.1487,0.643561,0.211695,0.498418,0.191061,0.591433,0.332943,0.64626,0.453515,0.678293,0.553566,0.43419,0.259958,0.512603,0.454604,0.568126,0.606107,0.604416,0.725767,0.370551,0.321513,0.412658,0.535663,0.458695,0.685311,0.491939,0.804519,0.312461,0.380835,0.322995,0.556404,0.33459,0.67181,0.351378,0.766056
v9.mp4,fc23e00695e843a9af4db2c4afd246f62b9fa7dc3f2152f13d0b16a3d1b8c588,1920,1080,12.05,229,19.0,70,5833,Right,0.269998,0.14406,0.409487,0.104709,0.502285,0.11226,0.570785,0.151428,0.645779,0.208722,0.498679,0.195018,0.590349,0.33266,0.648166,0.452566,0.680867,0.551455,0.432786,0.263521,0.511276,0.451494,0.567077,0.600574,0.604151,0.719544,0.368705,0.326786,0.412464,0.533985,0.459355,0.679234,0.493567,0.797072,0.310802,0.388848,0.324309,0.554227,0.338008,0.667031,0.355936,0.759732
v9.mp4,fc23e00695e843a9af4db2c4afd246f62b9fa7dc3f2152f13d0b16a3d1b8c588,1920,1080,12.05,229,19.0,71,5916,Right,0.270095,0.139526,0.407942,0.102421,0.500985,0.108278,0.571205,0.139826,0.649318,0.189439,0.495238,0.195031,0.588897,0.330302,0.647336,0.44951,0.682596,0.553866,0.431135,0.265265,0.511036,0.448378,0.567664,0.59756,0.605093,0.718524,0.367261,0.328118,0.410439,0.533607,0.457437,0.680701,0.491655,0.801028,0.309859,0.387104,0.323636,0.553006,0.337069,0.666506,0.355192,0.759206
v9.mp4,fc23e00695e843a9af4db2c4afd246f62b9fa7dc3f2152f13d0b16a3d1b8c588,1920,1080,12.05,229,19.0,72,6000,Right,0.263828,0.114981,0.384822,0.079319,0.490933,0.094836,0.575397,0.132389,0.652202,0.166344,0.483188,0.178882,0.592096,0.284178,0.658112,0.376243,0.707547,0.464798,0.428943,0.253827,0.504149,0.458421,0.558823,0.61271,0.596126,0.735511,0.367038,0.314011,0.407877,0.529338,0.451133,0.679069,0.487387,0.798757,0.306647,0.359142,0.318022,0.54441,0.33322,0.65828,0.351841,0.755855
v9.mp4,fc23e00695e843a9af4db2c4afd246f62b9fa7dc3f2152f13d0b16a3d1b8c588,1920,1080,12.05,229,19.0,73,6083,Right,0.261829,0.121031,0.383096,0.0856,0.496497,0.095409,0.582773,0.130197,0.659682,0.139888,0.48376,0.146823,0.593048,0.246434,0.664825,0.317615,0.724671,0.382428,0.427444,0.21173,0.49144,0.3528,0.541415,0.464322,0.580256,0.554256,0.363601,0.284868,0.40568,0.482953,0.450861,0.643294,0.488949,0.77465,0.300218,0.353768,0.321734,0.539412,0.335381,0.658112,0.3513,0.762861
v9.mp4,fc23e00695e843a9af4db2c4afd246f62b9fa7dc3f2152f13d0b16a3d1b8c588,1920,1080,12.05,229,19.0,74,6166,Right,0.26188,0.11267,0.383637,0.072937,0.4919,0.089545,0.575365,0.135489,0.651899,0.157225,0.478148,0.151136,0.591574,0.255378,0.663943,0.330688,0.728859,0.400381,0.423783,0.205639,0.479869,0.334712,0.530703,0.427113,0.572495,0.502857,0.361551,0.273529,0.395948,0.480542,0.44162,0.640134,0.478653,0.76968,0.301355,0.34358,0.322754,0.532203,0.334982,0.652355,0.350579,0.756963
v9.mp4,fc23e00695e843a9af4db2c4afd246f62b9fa7dc3f2152f13d0b16a3d1b8c588,1920,1080,12.05,229,19.0,75,6250,Right,0.260795,0.123733,0.390032,0.080494,0.495837,0.091124,0.574655,0.138269,0.654043,0.17533,0.482433,0.153148,0.595484,0.249092,0.668989,0.320624,0.733165,0.386989,0.427114,0.21465,0.484048,0.341439,0.534825,0.433518,0.577985,0.508687,0.365704,0.286534,0.397243,0.487337,0.444272,0.646053,0.480757,0.772749,0.307172,0.360878,0.324385,0.539263,0.335253,0.656645,0.349783,0.75579
v9.mp4,fc23e00695e843a9af4db2c4afd246f62b9fa7dc3f2152f13d0b16a3d1b8c588,1920,1080,12.05,229,19.0,76,6333,Right,0.262525,0.115283,0.384831,0.072574,0.494854,0.089698,0.57833,0.142667,0.652402,0.180001,0.480324,0.150858,0.594266,0.251088,0.666775,0.320356,0.73149,0.384668,0.422922,0.209545,0.482247,0.34217,0.532757,0.439567,0.575515,0.520124,0.359433,0.281164,0.396198,0.483244,0.442547,0.641633,0.480931,0.769359,0.300696,0.351208,0.322394,0.534856,0.335853,0.65199,0.353544,0.754086
v9.mp4,fc23e00695e843a9af4db2c4afd246f62b9fa7dc3f2152f13d0b16a3d1b8c588,1920,1080,12.05,229,19.0,77,6416,Right,0.265637,0.123867,0.394816,0.08542,0.497149,0.094954,0.575019,0.134923,0.651723,0.184543,0.489642,0.181565,0.598298,0.265557,0.671023,0.330124,0.730625,0.401446,0.434102,0.254603,0.507487,0.458984,0.563574,0.607618,0.605106,0.733169,0.371166,0.316951,0.409373,0.532771,0.455883,0.67895,0.493287,0.796083,0.313436,0.370166,0.321557,0.549366,0.334739,0.662051,0.353606,0.754598
v9.mp4,fc23e00695e843a9af4db2c4afd246f62b9fa7dc3f2152f13d0b16a3d1b8c588,1920,1080,12.05,229,19.0,78,6500,Right,0.267401,0.136764,0.400822,0.102641,0.503275,0.099887,0.576166,0.142359,0.654702,0.183527,0.495407,0.176445,0.59952,0.246897,0.675284,0.302971,0.736556,0.355981,0.435354,0.257903,0.508298,0.458928,0.562699,0.609817,0.601779,0.735305,0.373227,0.325199,0.410731,0.537714,0.458127,0.686382,0.48947,0.80369,0.321797,0.392869,0.328157,0.563725,0.337411,0.67422,0.354454,0.763498
v9.mp4,fc23e00695e843a9af4db2c4afd246f62b9fa7dc3f2152f13d0b16a3d1b8c588,1920,1080,12.05,229,19.0,79,6583,Right,0.270889,0.140754,0.404951,0.103003,0.506532,0.098069,0.580283,0.137024,0.661614,0.176577,0.492104,0.172726,0.59363,0.244446,0.66744,0.302496,0.728484,0.357907,0.432998,0.257069,0.506703,0.456107,0.563893,0.604809,0.605151,0.727821,0.372003,0.326542,0.410083,0.538566,0.458035,0.684762,0.490038,0.801051,0.321149,0.395808,0.328015,0.560952,0.336433,0.668495,0.353301,0.755735
v9.mp4,fc23e00695e843a9af4db2c4afd246f62b9fa7dc3f2152f13d0b16a3d1b8c588,1920,1080,12.05,229,19.0,80,6666,Right,0.273062,0.141753,0.409348,0.101231,0.508564,0.097201,0.581233,0.134592,0.659934,0.174888,0.491781,0.172857,0.591304,0.238685,0.663962,0.295342,0.723329,0.347641,0.431503,0.258801,0.505504,0.452417,0.563052,0.600722,0.602959,0.723152,0.369919,0.330479,0.410512,0.538142,0.459663,0.68256,0.489955,0.797572,0.319438,0.402087,0.327845,0.5632,0.336542,0.671027,0.351273,0.759354
v9.mp4,fc23e00695e843a9af4db2c4afd246f62b9fa7dc3f2152f13d0b16a3d1b8c588,1920,1080,12.05,229,19.0,81,6750,Right,0.272944,0.145756,0.414889,0.110936,0.508169,0.110086,0.57734,0.142584,0.656368,0.186585,0.49859,0.189221,0.591728,0.278073,0.660512,0.3564,0.712273,0.422597,0.438162,0.274831,0.513822,0.450514,0.570251,0.596619,0.612315,0.724914,0.376802,0.342862,0.415315,0.53453,0.461802,0.679372,0.495069,0.805479,0.321925,0.408873,0.329671,0.55828,0.339028,0.664882,0.354604,0.760556
v9.mp4,fc23e00695e843a9af4db2c4afd246f62b9fa7dc3f2152f13d0b16a3d1b8c588,1920,1080,12.05,229,19.0,82,6833,Right,0.274815,0.13594,0.406322,0.103508,0.502652,0.111161,0.575026,0.152779,0.652684,0.205861,0.495391,0.192628,0.582611,0.375322,0.642725,0.488721,0.687199,0.584201,0.434713,0.255896,0.514824,0.452186,0.572193,0.601153,0.609636,0.724656,0.369857,0.315006,0.416761,0.524373,0.463312,0.6777,0.497837,0.802338,0.309433,0.369835,0.322921,0.541111,0.3364,0.659488,0.354394,0.759137
v9.mp4,fc23e00695e843a9af4db2c4afd246f62b9fa7dc3f2152f13d0b16a3d1b8c588,1920,1080,12.05,229,19.0,83,6916,Right,0.270624,0.138934,0.406762,0.10703,0.503533,0.114519,0.571676,0.153254,0.64926,0.201459,0.496162,0.193146,0.582251,0.366734,0.643351,0.482476,0.687842,0.576877,0.43223,0.261538,0.512368,0.449032,0.569498,0.600198,0.611608,0.726883,0.367748,0.323943,0.413787,0.523186,0.46051,0.673723,0.495622,0.797685,0.308982,0.383091,0.324433,0.543135,0.337301,0.657578,0.356102,0.75324
v9.mp4,fc23e00695e843a9af4db2c4afd246f62b9fa7dc3f2152f13d0b16a3d1b8c588,1920,1080,12.05,229,19.0,84,7000,Right,0.270672,0.131627,0.402717,0.100935,0.501513,0.110973,0.573396,0.152627,0.65095,0.204117,0.493484,0.191067,0.582827,0.367245,0.64409,0.480827,0.689807,0.577505,0.431346,0.257345,0.51135,0.449424,0.569636,0.600529,0.609793,0.72583,0.36623,0.319124,0.414234,0.525665,0.461521,0.675713,0.497164,0.798166,0.306044,0.375496,0.322669,0.545127,0.336668,0.658908,0.355758,0.754265
v9.mp4,fc23e00695e843a9af4db2c4afd246f62b9fa7dc3f2152f13d0b16a3d1b8c588,1920,1080,12.05,229,19.0,85,7083,Right,0.268381,0.130192,0.401376,0.099231,0.501167,0.105914,0.574465,0.14755,0.651389,0.200913,0.494676,0.193006,0.588739,0.362883,0.655634,0.47236,0.706978,0.566275,0.434181,0.258597,0.510367,0.451137,0.568636,0.600629,0.609827,0.723898,0.369206,0.318955,0.412913,0.525945,0.45993,0.678258,0.495339,0.801905,0.308439,0.374526,0.323221,0.548185,0.335535,0.663579,0.353405,0.759253
v9.mp4,fc23e00695e843a9af4db2c4afd246f62b9fa7dc3f2152f13d0b16a3d1b8c588,1920,1080,12.05,229,19.0,86,7166,Right,0.26251,0.135994,0.394191,0.097027,0.49552,0.1041,0.565529,0.156756,0.634941,0.217494,0.495802,0.176107,0.603162,0.242129,0.679032,0.295023,0.740081,0.347462,0.435267,0.247722,0.51012,0.453102,0.563585,0.60431,0.603235,0.728914,0.37054,0.312897,0.412449,0.529244,0.458166,0.67877,0.491002,0.793442,0.315632,0.377603,0.328034,0.555436,0.339953,0.666978,0.358288,0.753479
v9.mp4,fc23e00695e843a9af4db2c4afd246f62b9fa7dc3f2152f13d0b16a3d1b8c588,1920,1080,12.05,229,19.0,87,7250,Right,0.258528,0.129937,0.379699,0.085145,0.484119,0.101334,0.558758,0.159554,0.612861,0.238152,0.477678,0.170738,0.57446,0.165879,0.644115,0.210946,0.704814,0.261876,0.422965,0.2306,0.509667,0.4402,0.567252,0.603092,0.605952,0.727821,0.361247,0.295217,0.413399,0.525638,0.460939,0.680177,0.496963,0.789541,0.309799,0.355868,0.326376,0.54882,0.340496,0.662372,0.357395,0.747681
v9.mp4,fc23e00695e843a9af4db2c4afd246f62b9fa7dc3f2152f13d0b16a3d1b8c588,1920,1080,12.05,229,19.0,88,7333,Right,0.265477,0.139947,0.385866,0.100762,0.475428,0.111986,0.538688,0.181854,0.578218,0.274707,0.479825,0.186418,0.577898,0.165694,0.65132,0.200813,0.710295,0.23372,0.425875,0.246964,0.506922,0.448071,0.565654,0.59895,0.600521,0.709249,0.365757,0.30621,0.414332,0.537269,0.466335,0.68517,0.499631,0.788484,0.317299,0.375219,0.327538,0.561813,0.33753,0.6769,0.348059,0.759974
v9.mp4,fc23e00695e843a9af4db2c4afd246f62b9fa7dc3f2152f13d0b16a3d1b8c588,1920,1080,12.05,229,19.0,89,7416,Right,0.268338,0.144596,0.390276,0.10418,0.47992,0.110256,0.542179,0.174429,0.584677,0.264557,0.47726,0.185928,0.572967,0.158066,0.648895,0.183673,0.71095,0.209912,0.424797,0.246039,0.511516,0.44287,0.566315,0.598312,0.599473,0.716446,0.367142,0.309844,0.417862,0.532935,0.467512,0.678614,0.496964,0.782592,0.319702,0.382123,0.330699,0.563058,0.338746,0.673705,0.347966,0.75958
v9.mp4,fc23e00695e843a9af4db2c4afd246f62b9fa7dc3f2152f13d0b16a3d1b8c588,1920,1080,12.05,229,19.0,90,7500,Right,0.269776,0.142644,0.393172,0.106721,0.480361,0.123784,0.539182,0.198919,0.579317,0.292201,0.480432,0.190874,0.57913,0.168142,0.654477,0.19821,0.714469,0.227275,0.426139,0.249167,0.510764,0.445541,0.56761,0.598216,0.601416,0.713665,0.365693,0.30943,0.415566,0.534703,0.466683,0.681716,0.497604,0.786099,0.316331,0.379877,0.327698,0.561066,0.337612,0.67316,0.347198,0.757046
v9.mp4,fc23e00695e843a9af4db2c4afd246f62b9fa7dc3f2152f13d0b16a3d1b8c588,1920,1080,12.05,229,19.0,91,7583,Right,0.276519,0.142267,0.405738,0.102737,0.500989,0.107641,0.575047,0.149185,0.651601,0.201727,0.493925,0.202436,0.583728,0.352589,0.639328,0.472305,0.676989,0.571762,0.435628,0.26827,0.514591,0.462661,0.570351,0.613209,0.605774,0.734469,0.371599,0.327769,0.419268,0.531084,0.468918,0.680839,0.503297,0.799605,0.310657,0.3823,0.321878,0.551804,0.334577,0.667893,0.347562,0.764802
v9.mp4,fc23e00695e843a9af4db2c4afd246f62b9fa7dc3f2152f13d0b16a3d1b8c588,1920,1080,12.05,229,19.0,92,7666,Right,0.272879,0.131261,0.401534,0.095993,0.500261,0.10622,0.575709,0.152878,0.652047,0.211328,0.493832,0.195103,0.585945,0.357493,0.644111,0.47284,0.684375,0.571987,0.433779,0.258052,0.512283,0.455039,0.569772,0.60788,0.605949,0.731146,0.369307,0.314559,0.415838,0.526236,0.461664,0.67642,0.495517,0.796703,0.309289,0.365773,0.323345,0.540787,0.335942,0.658425,0.35289,0.755148
v9.mp4,fc23e00695e843a9af4db2c4afd246f62b9fa7dc3f2152f13d0b16a3d1b8c588,1920,1080,12.05,229,19.0,93,7750,Right,0.27089,0.132531,0.400022,0.096366,0.500054,0.107797,0.574732,0.150572,0.650178,0.206359,0.493985,0.190198,0.586734,0.358062,0.644442,0.47558,0.683514,0.577384,0.43348,0.255307,0.510524,0.454514,0.569061,0.607015,0.606447,0.729403,0.368443,0.313145,0.415429,0.523724,0.461672,0.673173,0.496881,0.792845,0.307945,0.3642,0.322797,0.541002,0.336022,0.657686,0.353493,0.753025
v9.mp4,fc23e00695e843a9af4db2c4afd246f62b9fa7dc3f2152f13d0b16a3d1b8c588,1920,1080,12.05,229,19.0,94,7833,Right,0.270638,0.128766,0.398162,0.092919,0.49989,0.104291,0.576871,0.147216,0.649889,0.209605,0.492603,0.185636,0.585545,0.355382,0.642873,0.472518,0.682112,0.573471,0.432336,0.25157,0.509899,0.45326,0.568892,0.605312,0.607644,0.727878,0.366851,0.312218,0.415947,0.523732,0.462583,0.671636,0.499439,0.790019,0.30537,0.364812,0.321248,0.540958,0.335688,0.656198,0.353876,0.75221
v9.mp4,fc23e00695e843a9af4db2c4afd246f62b9fa7dc3f2152f13d0b16a3d1b8c588,1920,1080,12.05,229,19.0,95,7916,Right,0.272891,0.139301,0.408918,0.101733,0.505417,0.109196,0.574931,0.148803,0.650332,0.210147,0.498742,0.194241,0.587833,0.354411,0.645424,0.471972,0.681529,0.573899,0.436678,0.263213,0.510555,0.456468,0.569111,0.605497,0.608728,0.729069,0.371853,0.323594,0.415306,0.526951,0.462254,0.672712,0.496782,0.791742,0.311561,0.378953,0.323141,0.545727,0.335361,0.661145,0.353435,0.754449
v9.mp4,fc23e00695e843a9af4db2c4afd246f62b9fa7dc3f2152f13d0b16a3d1b8c588,1920,1080,12.05,229,19.0,96,8000,Right,0.273165,0.13772,0.407912,0.100417,0.505299,0.108442,0.575894,0.151064,0.651022,0.211701,0.496604,0.192164,0.586414,0.354114,0.644744,0.47086,0.683279,0.571541,0.433667,0.260269,0.509815,0.457438,0.568417,0.607718,0.608289,0.730884,0.368941,0.322299,0.415038,0.52954,0.462489,0.676182,0.497278,0.796255,0.309774,0.380099,0.322888,0.545694,0.335916,0.659044,0.354276,0.753649
v9.mp4,fc23e00695e843a9af4db2c4afd246f62b9fa7dc3f2152f13d0b16a3d1b8c588,1920,1080,12.05,229,19.0,97,8083,Right,0.271641,0.129974,0.400759,0.092304,0.501022,0.104707,0.575406,0.149419,0.648793,0.209761,0.493649,0.186013,0.586228,0.351039,0.643463,0.468434,0.682151,0.57114,0.431391,0.251531,0.510323,0.454236,0.569099,0.608441,0.607364,0.732017,0.366073,0.312194,0.409849,0.529641,0.456407,0.682102,0.492989,0.803407,0.306071,0.365418,0.32281,0.542635,0.336316,0.65951,0.353421,0.755526
v9.mp4,fc23e00695e843a9af4db2c4afd246f62b9fa7dc3f2152f13d0b16a3d1b8c588,1920,1080,12.05,229,19.0,98,8166,Right,0.271735,0.118116,0.394301,0.085664,0.497765,0.102404,0.576705,0.145759,0.647398,0.208619,0.490705,0.194985,0.583949,0.355673,0.639901,0.470064,0.679262,0.572957,0.430079,0.26281,0.505552,0.463417,0.5643,0.616575,0.604624,0.741388,0.364084,0.318935,0.403566,0.535114,0.446864,0.68976,0.483805,0.814592,0.3026,0.361319,0.319243,0.540372,0.333468,0.656326,0.352234,0.753657
v9.mp4,fc23e00695e843a9af4db2c4afd246f62b9fa7dc3f2152f13d0b16a3d1b8c588,1920,1080,12.05,229,19.0,99,8250,Right,0.269179,0.126821,0.398774,0.095579,0.499932,0.107823,0.575982,0.150361,0.653022,0.207838,0.494865,0.197005,0.586218,0.355507,0.642609,0.470117,0.683452,0.57407,0.435013,0.25911,0.51287,0.460515,0.568687,0.617341,0.605007,0.746741,0.369953,0.315648,0.408094,0.53413,0.450739,0.690712,0.483452,0.815961,0.309258,0.363688,0.324024,0.545278,0.336614,0.664908,0.353787,0.763891
v9.mp4,fc23e00695e843a9af4db2c4afd246f62b9fa7dc3f2152f13d0b16a3d1b8c588,1920,1080,12.05,229,19.0,100,8333,Right,0.267467,0.115637,0.390697,0.084007,0.496477,0.104412,0.576282,0.149212,0.650389,0.205738,0.488427,0.179364,0.580729,0.352998,0.637167,0.46647,0.681107,0.569251,0.42746,0.241281,0.496575,0.413362,0.553806,0.539318,0.601005,0.645996,0.363898,0.304148,0.399916,0.515713,0.443649,0.672489,0.481998,0.8021,0.304712,0.356719,0.321197,0.538371,0.333148,0.653287,0.351561,0.752426
v9.mp4,fc23e00695e843a9af4db2c4afd246f62b9fa7dc3f2152f13d0b16a3d1b8c588,1920,1080,12.05,229,19.0,101,8416,Right,0.266545,0.111492,0.395153,0.089916,0.496759,0.106249,0.571877,0.159878,0.653427,0.206394,0.491716,0.177866,0.58951,0.337232,0.65381,0.450613,0.712853,0.553222,0.434955,0.231522,0.493301,0.353517,0.541947,0.427744,0.58656,0.494514,0.371068,0.294641,0.397601,0.501304,0.440915,0.668448,0.478508,0.80642,0.305182,0.360035,0.324615,0.535202,0.33338,0.655568,0.348445,0.763061
v9.mp4,fc23e00695e843a9af4db2c4afd246f62b9fa7dc3f2152f13d0b16a3d1b8c588,1920,1080,12.05,229,19.0,102,8500,Right,0.264485,0.120114,0.399055,0.096012,0.500007,0.110997,0.570366,0.159997,0.651254,0.204262,0.491291,0.170899,0.589655,0.319847,0.653991,0.429244,0.713172,0.529696,0.434365,0.225025,0.491092,0.337298,0.540253,0.408245,0.588442,0.474919,0.371059,0.292919,0.39492,0.491333,0.438117,0.660168,0.475774,0.80082,0.306786,0.366847,0.325402,0.530165,0.333006,0.652043,0.347934,0.760321
v9.mp4,fc23e00695e843a9af4db2c4afd246f62b9fa7dc3f2152f13d0b16a3d1b8c588,1920,1080,12.05,229,19.0,103,8583,Right,0.264393,0.120333,0.395238,0.087675,0.497438,0.104215,0.571434,0.155978,0.651817,0.203057,0.487159,0.176227,0.591377,0.327625,0.658105,0.431932,0.718869,0.525448,0.431865,0.229265,0.491419,0.344444,0.539348,0.408561,0.585156,0.467521,0.368187,0.292312,0.395379,0.497003,0.439943,0.662548,0.479505,0.799676,0.303628,0.35987,0.323688,0.525474,0.332519,0.647355,0.348523,0.757978
v9.mp4,fc23e00695e843a9af4db2c4afd246f62b9fa7dc3f2152f13d0b16a3d1b8c588,1920,1080,12.05,229,19.0,104,8666,Right,0.261148,0.121855,0.39378,0.092179,0.500265,0.110342,0.576286,0.162973,0.655458,0.204188,0.484663,0.165311,0.591157,0.304748,0.658778,0.40531,0.720411,0.493488,0.42837,0.22013,0.483654,0.323078,0.529096,0.393533,0.571421,0.454575,0.366004,0.290175,0.394066,0.482537,0.438819,0.655664,0.475214,0.795666,0.303757,0.366067,0.326493,0.526153,0.336408,0.64989,0.350501,0.759961
v9.mp4,fc23e00695e843a9af4db2c4afd246f62b9fa7dc3f2152f13d0b16a3d1b8c588,1920,1080,12.05,229,19.0,105,8750,Right,0.26013,0.112719,0.382986,0.079532,0.490815,0.101917,0.57391,0.154164,0.648861,0.192439,0.482496,0.164334,0.591135,0.312524,0.656184,0.409995,0.716002,0.498192,0.428403,0.216653,0.486604,0.343974,0.53169,0.420637,0.572925,0.485152,0.363746,0.283956,0.397531,0.494955,0.439476,0.658979,0.479368,0.794226,0.29907,0.351318,0.322413,0.529116,0.333915,0.650095,0.351617,0.762232
v9.mp4,fc23e00695e843a9af4db2c4afd246f62b9fa7dc3f2152f13d0b16a3d1b8c588,1920,1080,12.05,229,19.0,106,8833,Right,0.25806,0.111711,0.379832,0.073354,0.491488,0.091567,0.57916,0.143038,0.651593,0.205569,0.483889,0.178034,0.591251,0.304863,0.660036,0.386703,0.716757,0.465794,0.429721,0.243251,0.502075,0.477398,0.556363,0.637627,0.595863,0.769993,0.366402,0.299582,0.407155,0.535168,0.44752,0.689918,0.483225,0.814233,0.306954,0.34149,0.321792,0.5321,0.337124,0.649712,0.354431,0.751053
v9.mp4,fc23e00695e843a9af4db2c4afd246f62b9fa7dc3f2152f13d0b16a3d1b8c588,1920,1080,12.05,229,19.0,107,8916,Right,0.259512,0.117105,0.385845,0.080779,0.496697,0.092092,0.577573,0.14512,0.652519,0.209956,0.485687,0.177422,0.589963,0.273186,0.659949,0.342627,0.719542,0.417924,0.43131,0.247077,0.500771,0.47341,0.555343,0.633811,0.595933,0.76846,0.368854,0.307685,0.40652,0.533828,0.44823,0.685706,0.481496,0.805254,0.313113,0.35793,0.325622,0.542376,0.338125,0.659309,0.355144,0.754967
v9.mp4,fc23e00695e843a9af4db2c4afd246f62b9fa7dc3f2152f13d0b16a3d1b8c588,1920,1080,12.05,229,19.0,108,9000,Right,0.264954,0.122784,0.392098,0.091974,0.499227,0.097092,0.576953,0.144828,0.653211,0.198405,0.487672,0.16835,0.58807,0.27211,0.655746,0.342153,0.715199,0.414923,0.430723,0.241608,0.500623,0.474805,0.553729,0.637368,0.593243,0.771994,0.367723,0.306524,0.405017,0.540154,0.447317,0.693691,0.478548,0.811312,0.312698,0.363311,0.328758,0.547846,0.341365,0.664745,0.358858,0.758976
v9.mp4,fc23e00695e843a9af4db2c4afd246f62b9fa7dc3f2152f13d0b16a3d1b8c588,1920,1080,12.05,229,19.0,109,9083,Right,0.267909,0.132544,0.400466,0.09893,0.503052,0.097053,0.577485,0.143761,0.652929,0.201301,0.487718,0.172528,0.586859,0.254618,0.655653,0.315024,0.715526,0.376261,0.432244,0.251389,0.501586,0.474755,0.555098,0.632929,0.592591,0.762037,0.371122,0.31964,0.406153,0.542636,0.449297,0.694866,0.477491,0.80912,0.31959,0.382999,0.329418,0.557432,0.339508,0.671267,0.355451,0.760181
v9.mp4,fc23e00695e843a9af4db2c4afd246f62b9fa7dc3f2152f13d0b16a3d1b8c588,1920,1080,12.05,229,19.0,110,9166,Right,0.266899,0.129104,0.395513,0.093969,0.500097,0.094993,0.578235,0.140771,0.650111,0.19823,0.483303,0.171298,0.582955,0.240961,0.651566,0.291839,0.712868,0.343171,0.42662,0.242753,0.498817,0.472001,0.552979,0.63178,0.589949,0.758225,0.363879,0.307907,0.40284,0.539023,0.447714,0.693932,0.477133,0.806535,0.312994,0.368319,0.326287,0.550989,0.338212,0.667812,0.353615,0.758101
v9.mp4,fc23e00695e843a9af4db2c4afd246f62b9fa7dc3f2152f13d0b16a3d1b8c588,1920,1080,12.05,229,19.0,111,9250,Right,0.269988,0.134727,0.388577,0.094742,0.492795,0.102149,0.56537,0.154155,0.619236,0.227379,0.479106,0.180454,0.576032,0.191873,0.64538,0.224112,0.707348,0.261299,0.42536,0.246463,0.504716,0.464683,0.556248,0.628419,0.591752,0.755092,0.365531,0.31019,0.406899,0.541586,0.452666,0.696275,0.483027,0.807908,0.315498,0.366599,0.327155,0.550818,0.339379,0.664936,0.352192,0.756623
v9.mp4,fc23e00695e843a9af4db2c4afd246f62b9fa7dc3f2152f13d0b16a3d1b8c588,1920,1080,12.05,229,19.0,112,9333,Right,0.27284,0.134001,0.392258,0.110603,0.498298,0.11289,0.581809,0.143449,0.658871,0.152608,0.476205,0.194089,0.56201,0.178391,0.629138,0.192097,0.692529,0.206019,0.425624,0.260565,0.502468,0.465128,0.555571,0.617771,0.591893,0.735426,0.369509,0.31871,0.411795,0.5436,0.458377,0.694662,0.486694,0.808148,0.321508,0.377468,0.331903,0.551911,0.339866,0.663679,0.350385,0.754282
v9.mp4,fc23e00695e843a9af4db2c4afd246f62b9fa7dc3f2152f13d0b16a3d1b8c588,1920,1080,12.05,229,19.0,113,9416,Right,0.266733,0.124416,0.385346,0.093557,0.491088,0.09945,0.570958,0.139384,0.640025,0.185132,0.469629,0.18305,0.5522,0.20462,0.610444,0.225437,0.66734,0.247458,0.423472,0.251659,0.498508,0.466675,0.554849,0.623316,0.593655,0.748951,0.366734,0.312989,0.409257,0.535359,0.452969,0.688657,0.484193,0.803499,0.315189,0.365914,0.32918,0.551495,0.33888,0.671089,0.351666,0.76241
v9.mp4,fc23e00695e843a9af4db2c4afd246f62b9fa7dc3f2152f13d0b16a3d1b8c588,1920,1080,12.05,229,19.0,114,9500,Right,0.27532,0.126146,0.394161,0.086784,0.496883,0.098931,0.575678,0.145539,0.645718,0.208327,0.48895,0.190941,0.582934,0.35065,0.637989,0.469475,0.676371,0.573199,0.42966,0.252303,0.504533,0.481832,0.559923,0.644385,0.595428,0.768959,0.363942,0.309153,0.41005,0.536641,0.45177,0.694338,0.481825,0.814645,0.303443,0.356915,0.322244,0.544344,0.336355,0.667669,0.348899,0.769572
v9.mp4,fc23e00695e843a9af4db2c4afd246f62b9fa7dc3f2152f13d0b16a3d1b8c588,1920,1080,12.05,229,19.0,115,9583,Right,0.273489,0.131635,0.402599,0.09735,0.502202,0.10735,0.575372,0.151124,0.649287,0.211805,0.494549,0.196164,0.584181,0.359626,0.643027,0.471797,0.683561,0.575181,0.435193,0.266786,0.499965,0.480174,0.556963,0.633421,0.594944,0.76092,0.371015,0.323023,0.405627,0.539048,0.450074,0.68867,0.483431,0.810025,0.312055,0.371496,0.323637,0.543445,0.336904,0.662428,0.354803,0.761585
v9.mp4,fc23e00695e843a9af4db2c4afd246f62b9fa7dc3f2152f13d0b16a3d1b8c588,1920,1080,12.05,229,19.0,116,9666,Right,0.269722,0.125267,0.395147,0.089491,0.498599,0.105336,0.575576,0.151939,0.650861,0.209005,0.492173,0.19139,0.582382,0.359442,0.639795,0.472309,0.680525,0.5748,0.43306,0.261329,0.500596,0.479608,0.557123,0.635021,0.595136,0.76202,0.369076,0.318124,0.405361,0.538269,0.448286,0.688556,0.482832,0.810808,0.309925,0.365367,0.323229,0.540927,0.33598,0.658259,0.354192,0.75649
v9.mp4,fc23e00695e843a9af4db2c4afd246f62b9fa7dc3f2152f13d0b16a3d1b8c588,1920,1080,12.05,229,19.0,117,9750,Right,0.268341,0.123931,0.392343,0.087547,0.497137,0.103789,0.575658,0.150208,0.649367,0.209236,0.493155,0.191382,0.582972,0.357336,0.639451,0.471438,0.679539,0.57527,0.433319,0.261504,0.502728,0.477378,0.559168,0.633435,0.596969,0.761088,0.368324,0.318465,0.406963,0.541011,0.448819,0.691131,0.483171,0.812464,0.307708,0.363738,0.322465,0.543965,0.336296,0.661399,0.354486,0.760194
v9.mp4,fc23e00695e843a9af4db2c4afd246f62b9fa7dc3f2152f13d0b16a3d1b8c588,1920,1080,12.05,229,19.0,118,9833,Right,0.267354,0.120474,0.389507,0.087429,0.495206,0.104849,0.575504,0.15017,0.648236,0.210282,0.490298,0.198187,0.584281,0.35933,0.640601,0.473083,0.680821,0.575749,0.430789,0.262477,0.502328,0.478114,0.559125,0.633981,0.596903,0.757932,0.365888,0.314365,0.402803,0.54067,0.444893,0.693032,0.481104,0.813699,0.305176,0.35473,0.31399,0.540864,0.324001,0.658605,0.337981,0.756778
v9.mp4,fc23e00695e843a9af4db2c4afd246f62b9fa7dc3f2152f13d0b16a3d1b8c588,1920,1080,12.05,229,19.0,119,9916,Right,0.269148,0.108694,0.386788,0.081635,0.493869,0.098913,0.576387,0.148606,0.646929,0.211264,0.4886,0.197571,0.582741,0.360535,0.638535,0.470716,0.680563,0.571661,0.428656,0.26013,0.498729,0.470828,0.551663,0.626181,0.587533,0.755778,0.360168,0.308035,0.398053,0.510317,0.436007,0.653309,0.469031,0.779787,0.293983,0.339711,0.285647,0.494861,0.281983,0.600646,0.283986,0.700164
v9.mp4,fc23e00695e843a9af4db2c4afd246f62b9fa7dc3f2152f13d0b16a3d1b8c588,1920,1080,12.05,229,19.0,120,10000,Right,0.269077,0.114104,0.398803,0.095161,0.500561,0.113324,0.575601,0.160388,0.652633,0.217531,0.489133,0.196868,0.58394,0.362028,0.64221,0.475227,0.68326,0.582634,0.424063,0.248111,0.496795,0.459262,0.550417,0.620042,0.587733,0.75721,0.352646,0.286605,0.40493,0.478811,0.451142,0.620443,0.486745,0.745058,0.28399,0.319019,0.27858,0.456254,0.272804,0.55646,0.274603,0.643535
v9.mp4,fc23e00695e843a9af4db2c4afd246f62b9fa7dc3f2152f13d0b16a3d1b8c588,1920,1080,12.05,229,19.0,121,10083,Right,0.268096,0.127048,0.407727,0.106376,0.507205,0.119206,0.574529,0.167421,0.650796,0.228633,0.49214,0.201871,0.584056,0.362197,0.645141,0.479059,0.68655,0.588462,0.424608,0.256057,0.491808,0.453922,0.549373,0.609895,0.590598,0.744876,0.353352,0.296753,0.403527,0.471571,0.455222,0.609204,0.490747,0.730297,0.287126,0.332419,0.279378,0.442351,0.271919,0.530492,0.271382,0.605745
v9.mp4,fc23e00695e843a9af4db2c4afd246f62b9fa7dc3f2152f13d0b16a3d1b8c588,1920,1080,12.05,229,19.0,122,10166,Right,0.266379,0.131713,0.404175,0.108105,0.503892,0.117529,0.572082,0.167752,0.650279,0.229196,0.488614,0.194179,0.582383,0.36185,0.642621,0.478724,0.685156,0.586748,0.423464,0.247795,0.491876,0.451473,0.550249,0.610684,0.590965,0.74707,0.353236,0.290788,0.407978,0.469755,0.461988,0.615476,0.500767,0.743416,0.28761,0.32923,0.276854,0.440083,0.266562,0.52904,0.263726,0.603646
v9.mp4,fc23e00695e843a9af4db2c4afd246f62b9fa7dc3f2152f13d0b16a3d1b8c588,1920,1080,12.05,229,19.0,123,10250,Right,0.265536,0.146139,0.407732,0.12658,0.507223,0.1282,0.575592,0.170979,0.659593,0.2173,0.495192,0.210399,0.58441,0.363233,0.644596,0.482542,0.686611,0.587111,0.427417,0.268486,0.490235,0.456679,0.542045,0.613088,0.582873,0.751647,0.357286,0.31498,0.406556,0.471363,0.459389,0.618903,0.497982,0.754263,0.292482,0.356286,0.275213,0.437891,0.262511,0.517931,0.258728,0.595772
v9.mp4,fc23e00695e843a9af4db2c4afd246f62b9fa7dc3f2152f13d0b16a3d1b8c588,1920,1080,12.05,229,19.0,124,10333,Right,0.267981,0.141677,0.409872,0.116833,0.508927,0.124615,0.574973,0.172788,0.655567,0.229088,0.493472,0.209794,0.584269,0.365616,0.643966,0.481645,0.685722,0.587417,0.425731,0.266599,0.491165,0.458126,0.545713,0.613723,0.585272,0.751084,0.355257,0.311383,0.40623,0.478109,0.458377,0.622977,0.495559,0.755851,0.289974,0.352305,0.27507,0.442366,0.26485,0.525272,0.263292,0.602926
v9.mp4,fc23e00695e843a9af4db2c4afd246f62b9fa7dc3f2152f13d0b16a3d1b8c588,1920,1080,12.05,229,19.0,125,10416,Right,0.269502,0.127243,0.403709,0.09952,0.504636,0.111944,0.575366,0.163072,0.652242,0.224545,0.486872,0.19518,0.582972,0.366811,0.642963,0.478339,0.685181,0.583463,0.421777,0.253682,0.491391,0.46181,0.549128,0.616317,0.590371,0.75041,0.352598,0.298765,0.402879,0.493734,0.454283,0.646603,0.493105,0.781176,0.287199,0.336757,0.274198,0.456579,0.265109,0.551302,0.263966,0.633951
v9.mp4,fc23e00695e843a9af4db2c4afd246f62b9fa7dc3f2152f13d0b16a3d1b8c588,1920,1080,12.05,229,19.0,126,10500,Right,0.269841,0.12444,0.393819,0.086861,0.497309,0.103406,0.57666,0.150718,0.649746,0.213103,0.49014,0.188296,0.584187,0.355366,0.642262,0.468608,0.682196,0.567499,0.4305,0.258893,0.503919,0.473979,0.55944,0.627717,0.597284,0.752399,0.366875,0.317659,0.413922,0.533337,0.459303,0.680261,0.496142,0.801146,0.305209,0.365876,0.312402,0.546877,0.324378,0.662296,0.340926,0.762277
v9.mp4,fc23e00695e843a9af4db2c4afd246f62b9fa7dc3f2152f13d0b16a3d1b8c588,1920,1080,12.05,229,19.0,127,10583,Right,0.267432,0.125604,0.390821,0.087655,0.49703,0.10327,0.578405,0.152555,0.65079,0.214183,0.488095,0.193554,0.583163,0.35548,0.64056,0.470572,0.681185,0.569219,0.428068,0.257905,0.50538,0.469359,0.559739,0.628584,0.595574,0.754957,0.363542,0.314,0.413902,0.523354,0.458838,0.675234,0.496074,0.798392,0.30217,0.360979,0.311514,0.539441,0.322626,0.652593,0.337796,0.749773
v9.mp4,fc23e00695e843a9af4db2c4afd246f62b9fa7dc3f2152f13d0b16a3d1b8c588,1920,1080,12.05,229,19.0,128,10666,Right,0.269665,0.125362,0.394148,0.08934,0.498498,0.105963,0.57851,0.154918,0.652304,0.214011,0.490929,0.194066,0.584749,0.3571,0.642066,0.472476,0.681572,0.57346,0.431146,0.261717,0.505247,0.470353,0.560973,0.628491,0.597177,0.755623,0.36647,0.318755,0.413409,0.526219,0.458458,0.675535,0.495625,0.797737,0.304462,0.365393,0.311331,0.541683,0.321664,0.653771,0.336772,0.749453
v9.mp4,fc23e00695e843a9af4db2c4afd246f62b9fa7dc3f2152f13d0b16a3d1b8c588,1920,1080,12.05,229,19.0,129,10750,Right,0.268075,0.124866,0.389557,0.086387,0.495387,0.105436,0.578038,0.156131,0.652294,0.211973,0.488135,0.194911,0.583258,0.356431,0.641047,0.47057,0.681717,0.569002,0.428626,0.260637,0.505445,0.470232,0.560074,0.630711,0.594783,0.758958,0.364001,0.316553,0.413515,0.526621,0.45818,0.677048,0.495397,0.800811,0.302032,0.361161,0.310749,0.541105,0.321308,0.653946,0.336119,0.751148
v9.mp4,fc23e00695e843a9af4db2c4afd246f62b9fa7dc3f2152f13d0b16a3d1b8c588,1920,1080,12.05,229,19.0,130,10833,Right,0.26493,0.123807,0.387938,0.088352,0.49452,0.103333,0.575592,0.153538,0.651297,0.209342,0.488559,0.199262,0.582537,0.354721,0.641815,0.467793,0.684637,0.57183,0.430351,0.264108,0.499708,0.481503,0.556723,0.644369,0.596223,0.778744,0.366615,0.317757,0.409575,0.532242,0.454275,0.684001,0.490768,0.809482,0.305094,0.362789,0.310909,0.545169,0.319911,0.659861,0.334672,0.7578
v9.mp4,fc23e00695e843a9af4db2c4afd246f62b9fa7dc3f2152f13d0b16a3d1b8c588,1920,1080,12.05,229,19.0,131,10916,Right,0.260215,0.111014,0.372801,0.071807,0.489488,0.090914,0.579788,0.14053,0.652298,0.188992,0.47773,0.161614,0.588343,0.266451,0.653778,0.350961,0.706524,0.431997,0.423543,0.23446,0.483158,0.417897,0.525621,0.551262,0.561612,0.659603,0.361229,0.295033,0.386904,0.482602,0.419976,0.625328,0.452156,0.747742,0.30004,0.337945,0.297186,0.520392,0.298721,0.63387,0.307319,0.739311
v9.mp4,fc23e00695e843a9af4db2c4afd246f62b9fa7dc3f2152f13d0b16a3d1b8c588,1920,1080,12.05,229,19.0,132,11000,Right,0.26053,0.10808,0.374869,0.074859,0.490561,0.089637,0.579711,0.132179,0.658082,0.160279,0.473771,0.131285,0.589414,0.225969,0.658751,0.301201,0.716545,0.375541,0.416942,0.202617,0.477579,0.340093,0.521621,0.451917,0.558978,0.549765,0.35191,0.2734,0.373724,0.4209,0.40305,0.541302,0.430385,0.645279,0.289634,0.33575,0.290514,0.481724,0.289199,0.580065,0.293635,0.675178
v9.mp4,fc23e00695e843a9af4db2c4afd246f62b9fa7dc3f2152f13d0b16a3d1b8c588,1920,1080,12.05,229,19.0,133,11083,Right,0.261346,0.111568,0.37618,0.081884,0.488388,0.090521,0.574775,0.128033,0.652738,0.152764,0.47204,0.135962,0.585801,0.220896,0.657281,0.28316,0.719984,0.342953,0.417364,0.196479,0.480103,0.313406,0.528181,0.414095,0.568828,0.503923,0.352972,0.266202,0.378087,0.400657,0.408145,0.511259,0.437058,0.605059,0.291404,0.333388,0.292867,0.46883,0.29153,0.565839,0.296677,0.658327
v9.mp4,fc23e00695e843a9af4db2c4afd246f62b9fa7dc3f2152f13d0b16a3d1b8c588,1920,1080,12.05,229,19.0,134,11166,Right,0.26428,0.114627,0.384957,0.092132,0.491651,0.094696,0.570406,0.128712,0.650724,0.163918,0.477477,0.144098,0.584675,0.244407,0.657232,0.312752,0.72103,0.379982,0.421819,0.201704,0.478785,0.321548,0.529093,0.421529,0.574781,0.512687,0.356196,0.272362,0.380465,0.405247,0.410515,0.520858,0.438304,0.618394,0.291485,0.344485,0.293206,0.466459,0.291213,0.564961,0.29668,0.655894
v9.mp4,fc23e00695e843a9af4db2c4afd246f62b9fa7dc3f2152f13d0b16a3d1b8c588,1920,1080,12.05,229,19.0,135,11250,Right,0.265078,0.111713,0.384025,0.08719,0.492225,0.091995,0.573525,0.129722,0.651995,0.166723,0.475908,0.142309,0.583703,0.239287,0.655538,0.305011,0.719157,0.368496,0.420315,0.201406,0.478196,0.320944,0.527994,0.421717,0.573056,0.512669,0.354395,0.273707,0.379357,0.404079,0.409701,0.521412,0.439121,0.621279,0.290021,0.345899,0.292444,0.469828,0.291334,0.568226,0.297262,0.66142
v9.mp4,fc23e00695e843a9af4db2c4afd246f62b9fa7dc3f2152f13d0b16a3d1b8c588,1920,1080,12.05,229,19.0,136,11333,Right,0.265158,0.122336,0.393255,0.103852,0.497842,0.102188,0.572353,0.139727,0.655397,0.174324,0.485667,0.136215,0.582816,0.240448,0.653578,0.321625,0.712394,0.398428,0.42682,0.202278,0.485049,0.326235,0.537825,0.435217,0.585066,0.534463,0.36088,0.280645,0.3907,0.401635,0.4252,0.519036,0.453082,0.620869,0.296288,0.363645,0.295704,0.479029,0.293071,0.57822,0.299379,0.668186
v9.mp4,fc23e00695e843a9af4db2c4afd246f62b9fa7dc3f2152f13d0b16a3d1b8c588,1920,1080,12.05,229,19.0,137,11416,Right,0.264986,0.119894,0.388776,0.097475,0.493115,0.099559,0.570123,0.139008,0.652633,0.170809,0.476506,0.137322,0.579299,0.245543,0.650708,0.324205,0.711321,0.400498,0.420971,0.201087,0.483229,0.329225,0.537533,0.439753,0.584858,0.539882,0.357818,0.27673,0.389872,0.410808,0.424417,0.528518,0.452031,0.630667,0.295057,0.358698,0.297836,0.483548,0.296855,0.585241,0.303449,0.676433
v9.mp4,fc23e00695e843a9af4db2c4afd246f62b9fa7dc3f2152f13d0b16a3d1b8c588,1920,1080,12.05,229,19.0,138,11500,Right,0.267382,0.123401,0.388441,0.091235,0.49366,0.093646,0.571982,0.133487,0.652416,0.171522,0.474025,0.139945,0.580458,0.245631,0.653247,0.324466,0.713304,0.40199,0.418496,0.208533,0.482598,0.337402,0.536468,0.450032,0.583477,0.551982,0.356148,0.283888,0.390693,0.414013,0.425536,0.529245,0.453474,0.630192,0.294925,0.361015,0.296568,0.48388,0.295894,0.581331,0.303343,0.670934
v9.mp4,fc23e00695e843a9af4db2c4afd246f62b9fa7dc3f2152f13d0b16a3d1b8c588,1920,1080,12.05,229,19.0,139,11583,Right,0.269199,0.125077,0.395359,0.096535,0.497558,0.097821,0.571085,0.139656,0.651741,0.18058,0.480156,0.145051,0.582234,0.243803,0.654558,0.326906,0.712401,0.407405,0.42299,0.217092,0.485304,0.338234,0.540369,0.451572,0.588333,0.555794,0.36036,0.293951,0.393005,0.415521,0.429364,0.529821,0.45667,0.632343,0.299066,0.374998,0.297501,0.490298,0.295341,0.585791,0.302561,0.673149
v9.mp4,fc23e00695e843a9af4db2c4afd246f62b9fa7dc3f2152f13d0b16a3d1b8c588,1920,1080,12.05,229,19.0,140,11666,Right,0.267492,0.115125,0.382844,0.079716,0.48846,0.090076,0.569535,0.133365,0.644519,0.17835,0.472252,0.139841,0.57998,0.239797,0.649361,0.317265,0.70696,0.394866,0.417972,0.208516,0.483631,0.337983,0.536383,0.451478,0.580928,0.554136,0.355327,0.280951,0.388292,0.414716,0.422183,0.531833,0.451977,0.635963,0.294385,0.352236,0.29557,0.487186,0.295324,0.585905,0.303488,0.679526
v9.mp4,fc23e00695e843a9af4db2c4afd246f62b9fa7dc3f2152f13d0b16a3d1b8c588,1920,1080,12.05,229,19.0,141,11750,Right,0.270674,0.118511,0.390642,0.087921,0.494075,0.092856,0.570721,0.133267,0.64727,0.180308,0.476845,0.140647,0.581844,0.245517,0.651995,0.324658,0.708465,0.404129,0.420479,0.210282,0.484268,0.341547,0.536505,0.456731,0.581949,0.562315,0.357257,0.283919,0.389242,0.41533,0.423692,0.531479,0.452868,0.634344,0.294854,0.358248,0.29529,0.49031,0.294176,0.588361,0.3022,0.679038
v9.mp4,fc23e00695e843a9af4db2c4afd246f62b9fa7dc3f2152f13d0b16a3d1b8c588,1920,1080,12.05,229,19.0,142,11833,Right,0.270701,0.115968,0.389025,0.086261,0.492492,0.094986,0.570559,0.138154,0.648228,0.178926,0.475133,0.144789,0.579817,0.259101,0.649303,0.342818,0.706349,0.422997,0.419629,0.211619,0.482864,0.34709,0.535204,0.463472,0.579383,0.567121,0.356578,0.283521,0.38979,0.419156,0.424648,0.537662,0.454326,0.642657,0.294381,0.356569,0.295884,0.493947,0.296849,0.594318,0.305966,0.688079
v9.mp4,fc23e00695e843a9af4db2c4afd246f62b9fa7dc3f2152f13d0b16a3d1b8c588,1920,1080,12.05,229,19.0,143,11916,Right,0.268901,0.117691,0.385177,0.084457,0.489855,0.09472,0.570362,0.138934,0.646659,0.178807,0.473192,0.140943,0.58097,0.252676,0.649801,0.337009,0.705693,0.418798,0.418021,0.207897,0.483938,0.344057,0.537443,0.461675,0.582398,0.566507,0.355181,0.279702,0.388404,0.415411,0.423345,0.534419,0.454075,0.637973,0.293891,0.350565,0.295851,0.491127,0.296517,0.592103,0.305144,0.685836
v9.mp4,fc23e00695e843a9af4db2c4afd246f62b9fa7dc3f2152f13d0b16a3d1b8c588,1920,1080,12.05,229,19.0,144,12000,Right,0.268042,0.113546,0.384289,0.08174,0.488966,0.093507,0.570432,0.136951,0.646148,0.181301,0.473464,0.137833,0.580675,0.249282,0.649479,0.333966,0.705549,0.416857,0.418787,0.204858,0.48458,0.34235,0.537515,0.461026,0.58177,0.567046,0.355963,0.27737,0.389881,0.415993,0.424028,0.535475,0.454332,0.639619,0.294354,0.34911,0.296661,0.488848,0.298034,0.589289,0.30746,0.682813
v9.mp4,fc23e00695e843a9af4db2c4afd246f62b9fa7dc3f2152f13d0b16a3d1b8c588,1920,1080,12.05,229,19.0,145,12083,Right,0.269262,0.114046,0.386661,0.084278,0.490647,0.094513,0.571039,0.138012,0.647425,0.18035,0.474212,0.139793,0.581298,0.254932,0.650705,0.339179,0.707849,0.420526,0.418538,0.205069,0.483892,0.342301,0.537002,0.460689,0.581334,0.565452,0.355171,0.2772,0.389863,0.414464,0.424522,0.533518,0.455304,0.636267,0.29356,0.349707,0.296294,0.489077,0.297779,0.588466,0.306979,0.67988
v9.mp4,fc23e00695e843a9af4db2c4afd246f62b9fa7dc3f2152f13d0b16a3d1b8c588,1920,1080,12.05,229,19.0,146,12166,Right,0.267678,0.112722,0.383961,0.083685,0.48859,0.094471,0.570167,0.136934,0.646118,0.17674,0.473859,0.138074,0.581296,0.252088,0.650221,0.337451,0.70631,0.419429,0.419082,0.204378,0.485778,0.342617,0.538453,0.462121,0.581788,0.566866,0.356038,0.276845,0.390982,0.414201,0.425575,0.535163,0.456416,0.63939,0.294475,0.34874,0.29743,0.488861,0.299643,0.588507,0.309408,0.681114
v9.mp4,fc23e00695e843a9af4db2c4afd246f62b9fa7dc3f2152f13d0b16a3d1b8c588,1920,1080,12.05,229,19.0,147,12250,Right,0.268819,0.114875,0.386689,0.085717,0.490961,0.093527,0.5713,0.134504,0.647143,0.177626,0.474977,0.134824,0.581393,0.24762,0.65024,0.332775,0.706708,0.415386,0.419357,0.202322,0.483517,0.338356,0.535595,0.455579,0.579381,0.559417,0.355887,0.276583,0.388785,0.414725,0.42377,0.534227,0.454736,0.637345,0.29423,0.349941,0.297541,0.489813,0.300061,0.590707,0.310026,0.68377
v9.mp4,fc23e00695e843a9af4db2c4afd246f62b9fa7dc3f2152f13d0b16a3d1b8c588,1920,1080,12.05,229,19.0,148,12333,Right,0.265925,0.117268,0.384093,0.085904,0.490277,0.089422,0.570294,0.129151,0.647603,0.174078,0.473711,0.138402,0.578277,0.239671,0.647947,0.315326,0.705576,0.390707,0.418729,0.208865,0.480156,0.341862,0.530612,0.455289,0.574141,0.557237,0.355888,0.283192,0.388552,0.418836,0.422793,0.535784,0.452274,0.638225,0.294315,0.355841,0.297132,0.486823,0.298652,0.585471,0.307926,0.676682
v9.mp4,fc23e00695e843a9af4db2c4afd246f62b9fa7dc3f2152f13d0b16a3d1b8c588,1920,1080,12.05,229,19.0,149,12416,Right,0.269351,0.108353,0.38227,0.075021,0.488873,0.084613,0.574128,0.126905,0.646879,0.176582,0.471353,0.13889,0.579586,0.239708,0.648712,0.314799,0.705712,0.388696,0.417736,0.208625,0.483744,0.349204,0.534352,0.466838,0.575382,0.569925,0.353682,0.279571,0.389026,0.421642,0.423927,0.541047,0.455194,0.645884,0.290865,0.346532,0.293802,0.490675,0.296859,0.588435,0.306373,0.681476
v9.mp4,fc23e00695e843a9af4db2c4afd246f62b9fa7dc3f2152f13d0b16a3d1b8c588,1920,1080,12.05,229,19.0,150,12500,Right,0.270853,0.121891,0.38157,0.082514,0.488458,0.092193,0.57522,0.130458,0.650577,0.18125,0.478563,0.194583,0.57586,0.377243,0.638364,0.49363,0.683886,0.592154,0.42136,0.265275,0.505913,0.484136,0.563302,0.641459,0.6016,0.767916,0.359601,0.323905,0.422124,0.530234,0.470671,0.674033,0.510844,0.794042,0.299514,0.366619,0.312741,0.536548,0.326629,0.649838,0.339954,0.752321
v9.mp4,fc23e00695e843a9af4db2c4afd246f62b9fa7dc3f2152f13d0b16a3d1b8c588,1920,1080,12.05,229,19.0,151,12583,Right,0.269295,0.124221,0.391941,0.091734,0.497867,0.111006,0.580414,0.15271,0.65633,0.205864,0.48828,0.200161,0.582366,0.373502,0.641005,0.492173,0.682869,0.594462,0.429635,0.268337,0.510168,0.478601,0.567688,0.637822,0.604575,0.768206,0.366776,0.324262,0.423756,0.52968,0.472848,0.675025,0.511886,0.796394,0.305322,0.370307,0.313041,0.547042,0.326282,0.661418,0.342888,0.762106
v9.mp4,fc23e00695e843a9af4db2c4afd246f62b9fa7dc3f2152f13d0b16a3d1b8c588,1920,1080,12.05,229,19.0,152,12666,Right,0.269326,0.125439,0.393982,0.091772,0.499857,0.111614,0.580705,0.157516,0.65646,0.215509,0.488842,0.201585,0.581639,0.374022,0.641138,0.492148,0.683858,0.593776,0.428971,0.268122,0.50828,0.475343,0.564762,0.636219,0.602435,0.768742,0.364965,0.321841,0.42212,0.521829,0.470815,0.668748,0.510872,0.791502,0.302435,0.366032,0.311224,0.539534,0.324807,0.652794,0.342192,0.751443
v9.mp4,fc23e00695e843a9af4db2c4afd246f62b9fa7dc3f2152f13d0b16a3d1b8c588,1920,1080,12.05,229,19.0,153,12750,Right,0.26956,0.127132,0.396353,0.094027,0.500904,0.111166,0.5802,0.156994,0.655306,0.215674,0.488556,0.202428,0.581704,0.375107,0.641676,0.4931,0.684241,0.594504,0.428616,0.269265,0.507963,0.475086,0.565177,0.635201,0.60305,0.766996,0.364997,0.32336,0.420989,0.521351,0.470068,0.667941,0.509519,0.790232,0.302943,0.36857,0.312079,0.540383,0.325807,0.653679,0.343037,0.751456
v9.mp4,fc23e00695e843a9af4db2c4afd246f62b9fa7dc3f2152f13d0b16a3d1b8c588,1920,1080,12.05,229,19.0,154,12833,Right,0.2711,0.127921,0.398404,0.093171,0.502508,0.110932,0.58089,0.158364,0.656595,0.215922,0.489302,0.200123,0.580924,0.373624,0.640781,0.492192,0.683401,0.594315,0.428682,0.269059,0.506499,0.47344,0.564122,0.632951,0.603051,0.765722,0.365018,0.324175,0.420297,0.520126,0.469862,0.666116,0.509383,0.789469,0.303086,0.370616,0.312308,0.541261,0.325522,0.653957,0.343135,0.75154
v9.mp4,fc23e00695e843a9af4db2c4afd246f62b9fa7dc3f2152f13d0b16a3d1b8c588,1920,1080,12.05,229,19.0,155,12916,Right,0.271591,0.129252,0.39891,0.096087,0.501152,0.110141,0.578289,0.154766,0.654137,0.213151,0.48982,0.202854,0.581967,0.372903,0.641853,0.490943,0.684286,0.592461,0.430097,0.268735,0.507906,0.474238,0.565058,0.633712,0.602754,0.76527,0.36628,0.322483,0.421246,0.520338,0.470745,0.66676,0.509367,0.788485,0.304619,0.369463,0.312522,0.540804,0.325844,0.654633,0.343206,0.751627
v9.mp4,fc23e00695e843a9af4db2c4afd246f62b9fa7dc3f2152f13d0b16a3d1b8c588,1920,1080,12.05,229,19.0,156,13000,Right,0.27353,0.128605,0.399504,0.095713,0.502344,0.112192,0.579201,0.158404,0.654853,0.215316,0.490142,0.201551,0.581345,0.372354,0.641204,0.489644,0.683975,0.592397,0.430122,0.269515,0.507334,0.473788,0.56455,0.6318,0.603334,0.764191,0.366639,0.324284,0.420197,0.521897,0.469199,0.667191,0.508074,0.789947,0.304908,0.371122,0.313489,0.540992,0.326405,0.65292,0.34373,0.749818
v9.mp4,fc23e00695e843a9af4db2c4afd246f62b9fa7dc3f2152f13d0b16a3d1b8c588,1920,1080,12.05,229,19.0,157,13083,Right,0.272995,0.129606,0.397782,0.095044,0.500685,0.111018,0.57866,0.15692,0.653878,0.214332,0.487978,0.201573,0.581284,0.37181,0.64149,0.489326,0.684357,0.591318,0.428502,0.268596,0.507206,0.473388,0.564477,0.632258,0.602466,0.764243,0.365411,0.322838,0.421236,0.521524,0.470406,0.667353,0.509138,0.789096,0.30411,0.368954,0.31357,0.541277,0.326676,0.654521,0.343772,0.751485
v9.mp4,fc23e00695e843a9af4db2c4afd246f62b9fa7dc3f2152f13d0b16a3d1b8c588,1920,1080,12.05,229,19.0,158,13166,Right,0.271554,0.128642,0.394458,0.097417,0.498607,0.105682,0.578499,0.142201,0.657074,0.190784,0.486363,0.204265,0.581345,0.370131,0.642445,0.485768,0.687247,0.590019,0.428159,0.267935,0.503274,0.480342,0.560771,0.63837,0.600539,0.77048,0.365011,0.320084,0.419047,0.524601,0.467119,0.671747,0.505694,0.793304,0.303983,0.364661,0.313934,0.539846,0.327029,0.654241,0.344064,0.751587
v9.mp4,fc23e00695e843a9af4db2c4afd246f62b9fa7dc3f2152f13d0b16a3d1b8c588,1920,1080,12.05,229,19.0,159,13250,Right,0.260263,0.109694,0.372784,0.077064,0.484767,0.089093,0.573397,0.114967,0.65347,0.124379,0.472338,0.166002,0.582229,0.26814,0.648086,0.340247,0.704629,0.407473,0.420721,0.235278,0.495262,0.384517,0.543758,0.498202,0.582292,0.594621,0.3586,0.295885,0.392119,0.448092,0.425256,0.576875,0.456058,0.693332,0.295745,0.344532,0.297222,0.515965,0.300423,0.627493,0.310414,0.731749
v9.mp4,fc23e00695e843a9af4db2c4afd246f62b9fa7dc3f2152f13d0b16a3d1b8c588,1920,1080,12.05,229,19.0,160,13333,Right,0.258291,0.106465,0.380013,0.08744,0.490256,0.091129,0.575466,0.110502,0.656147,0.117214,0.476451,0.12912,0.580905,0.241041,0.650283,0.317057,0.708964,0.385476,0.420266,0.187821,0.492091,0.317054,0.548438,0.422532,0.592542,0.512721,0.352054,0.256854,0.389575,0.387821,0.429016,0.511425,0.464322,0.617719,0.284958,0.324878,0.289447,0.466118,0.292161,0.567876,0.301335,0.661531
v9.mp4,fc23e00695e843a9af4db2c4afd246f62b9fa7dc3f2152f13d0b16a3d1b8c588,1920,1080,12.05,229,19.0,161,13416,Right,0.261034,0.11704,0.381365,0.088674,0.490007,0.076954,0.571631,0.089733,0.652535,0.101177,0.473297,0.134614,0.581681,0.235914,0.652419,0.305564,0.714007,0.3708,0.41669,0.196653,0.474991,0.323075,0.526085,0.4257,0.569338,0.516579,0.350058,0.269572,0.377534,0.400901,0.411383,0.515696,0.441543,0.6122,0.284618,0.342068,0.28964,0.466849,0.292195,0.568709,0.298904,0.662522
v9.mp4,fc23e00695e843a9af4db2c4afd246f62b9fa7dc3f2152f13d0b16a3d1b8c588,1920,1080,12.05,229,19.0,162,13500,Right,0.263954,0.125446,0.393961,0.103162,0.497238,0.080489,0.570395,0.083061,0.654991,0.093919,0.482832,0.139155,0.586412,0.220937,0.658663,0.299654,0.718297,0.372128,0.42242,0.208811,0.481008,0.320801,0.532634,0.420443,0.579018,0.51199,0.35631,0.284193,0.381695,0.403287,0.417447,0.520179,0.445302,0.623745,0.293896,0.363558,0.292633,0.471743,0.291493,0.57248,0.298922,0.66622
v9.mp4,fc23e00695e843a9af4db2c4afd246f62b9fa7dc3f2152f13d0b16a3d1b8c588,1920,1080,12.05,229,19.0,163,13583,Right,0.260787,0.120415,0.38258,0.084618,0.489441,0.066116,0.569341,0.074447,0.645402,0.099211,0.473814,0.141667,0.581696,0.233964,0.654496,0.302227,0.714352,0.36811,0.419053,0.208409,0.473477,0.33422,0.526295,0.436204,0.567549,0.526221,0.3544,0.279969,0.379072,0.411229,0.414098,0.525699,0.442066,0.62623,0.293077,0.351995,0.289579,0.480941,0.28936,0.580623,0.297384,0.672637
v9.mp4,fc23e00695e843a9af4db2c4afd246f62b9fa7dc3f2152f13d0b16a3d1b8c588,1920,1080,12.05,229,19.0,164,13666,Right,0.263035,0.123151,0.388352,0.093133,0.493394,0.072456,0.570813,0.073492,0.652274,0.089468,0.478264,0.141242,0.581893,0.228011,0.655474,0.302057,0.714745,0.373744,0.420705,0.211095,0.475293,0.334483,0.528161,0.43607,0.57134,0.527187,0.35569,0.285714,0.381601,0.41459,0.415971,0.5297,0.441925,0.631378,0.294452,0.361027,0.291838,0.483669,0.291481,0.583056,0.300035,0.675331
v9.mp4,fc23e00695e843a9af4db2c4afd246f62b9fa7dc3f2152f13d0b16a3d1b8c588,1920,1080,12.05,229,19.0,165,13750,Right,0.258187,0.118892,0.379785,0.087873,0.488032,0.072572,0.571039,0.079645,0.649872,0.092748,0.472688,0.135882,0.577914,0.232307,0.650912,0.304268,0.709631,0.37375,0.41716,0.203407,0.473014,0.33489,0.526347,0.439108,0.566054,0.529915,0.351823,0.279602,0.379218,0.415902,0.41532,0.533949,0.444012,0.635196,0.290424,0.354085,0.290629,0.488314,0.293204,0.588065,0.30233,0.679325
v9.mp4,fc23e00695e843a9af4db2c4afd246f62b9fa7dc3f2152f13d0b16a3d1b8c588,1920,1080,12.05,229,19.0,166,13833,Right,0.258764,0.119341,0.378043,0.086698,0.485989,0.073807,0.569588,0.08484,0.646901,0.099472,0.470068,0.140816,0.577871,0.239652,0.651041,0.310557,0.711421,0.378634,0.415934,0.20777,0.475485,0.339505,0.530004,0.441865,0.570988,0.53193,0.351766,0.284082,0.381085,0.423165,0.417837,0.541262,0.446506,0.644546,0.290868,0.356863,0.29314,0.49851,0.29692,0.599929,0.305476,0.693906
v9.mp4,fc23e00695e843a9af4db2c4afd246f62b9fa7dc3f2152f13d0b16a3d1b8c588,1920,1080,12.05,229,19.0,167,13916,Right,0.275702,0.1215,0.392332,0.090667,0.494068,0.103376,0.574542,0.132007,0.646933,0.186437,0.482955,0.233659,0.590406,0.388884,0.653669,0.497179,0.698706,0.589794,0.425879,0.297925,0.517809,0.489675,0.574855,0.639705,0.61519,0.763347,0.361611,0.348193,0.419083,0.538366,0.468313,0.684995,0.510739,0.807695,0.298106,0.379122,0.30235,0.543674,0.312201,0.658124,0.323953,0.761373
v9.mp4,fc23e00695e843a9af4db2c4afd246f62b9fa7dc3f2152f13d0b16a3d1b8c588,1920,1080,12.05,229,19.0,168,14000,Right,0.27382,0.12411,0.400738,0.09924,0.500295,0.109463,0.576638,0.137666,0.656448,0.183548,0.492827,0.223726,0.593177,0.378311,0.655809,0.487775,0.700926,0.58409,0.436499,0.290386,0.519638,0.477557,0.575626,0.625883,0.614667,0.755088,0.37192,0.343461,0.421172,0.536153,0.46595,0.680256,0.500388,0.805526,0.30687,0.38517,0.30656,0.55501,0.311463,0.671483,0.324986,0.774088
v9.mp4,fc23e00695e843a9af4db2c4afd246f62b9fa7dc3f2152f13d0b16a3d1b8c588,1920,1080,12.05,229,19.0,169,14083,Right,0.272141,0.125836,0.398052,0.098448,0.499314,0.105506,0.57531,0.133035,0.653098,0.182411,0.492603,0.219933,0.594055,0.373558,0.657726,0.482813,0.703396,0.579966,0.436286,0.284442,0.519952,0.473573,0.576983,0.625219,0.615415,0.754959,0.371998,0.338183,0.42261,0.539235,0.4685,0.682916,0.503922,0.805394,0.307752,0.38124,0.307135,0.55524,0.312552,0.670201,0.326392,0.770168
v9.mp4,fc23e00695e843a9af4db2c4afd246f62b9fa7dc3f2152f13d0b16a3d1b8c588,1920,1080,12.05,229,19.0,170,14166,Right,0.270913,0.125272,0.399379,0.098892,0.500684,0.105758,0.577582,0.133844,0.656243,0.185679,0.492439,0.220193,0.592063,0.373077,0.655443,0.482656,0.701218,0.581554,0.434912,0.286573,0.518706,0.473224,0.576078,0.624179,0.614996,0.754462,0.370347,0.341722,0.4201,0.539187,0.466696,0.68299,0.502469,0.804669,0.306532,0.38658,0.306313,0.553123,0.312677,0.664439,0.32785,0.760948
v9.mp4,fc23e00695e843a9af4db2c4afd246f62b9fa7dc3f2152f13d0b16a3d1b8c588,1920,1080,12.05,229,19.0,171,14250,Right,0.26889,0.123545,0.393597,0.092824,0.497338,0.102775,0.577868,0.133973,0.654642,0.187969,0.490197,0.216379,0.592375,0.372694,0.655246,0.48243,0.701066,0.580673,0.433495,0.280525,0.519588,0.472228,0.57712,0.623867,0.615154,0.752614,0.368923,0.334589,0.421577,0.537925,0.467212,0.682846,0.503303,0.80388,0.305185,0.376432,0.306741,0.553633,0.313064,0.668038,0.326306,0.76677
v9.mp4,fc23e00695e843a9af4db2c4afd246f62b9fa7dc3f2152f13d0b16a3d1b8c588,1920,1080,12.05,229,19.0,172,14333,Right,0.267507,0.120698,0.388229,0.088977,0.493322,0.101168,0.577505,0.13236,0.654308,0.184413,0.486198,0.210811,0.590445,0.369982,0.653593,0.480488,0.70057,0.578317,0.430011,0.276261,0.520221,0.471518,0.577532,0.625192,0.616013,0.755163,0.365276,0.330955,0.422442,0.536526,0.467207,0.681819,0.504962,0.803143,0.300856,0.371699,0.304092,0.549141,0.311812,0.661965,0.325781,0.761045
v9.mp4,fc23e00695e843a9af4db2c4afd246f62b9fa7dc3f2152f13d0b16a3d1b8c588,1920,1080,12.05,229,19.0,173,14416,Right,0.264813,0.127566,0.390835,0.0917,0.499091,0.090234,0.578124,0.126964,0.657371,0.183429,0.488949,0.209643,0.603697,0.280622,0.68295,0.338631,0.745528,0.395177,0.434856,0.289211,0.515128,0.481417,0.572291,0.625705,0.614464,0.750649,0.374424,0.344998,0.418483,0.543464,0.466512,0.68525,0.501599,0.804082,0.31534,0.389971,0.312082,0.563906,0.316074,0.674397,0.328895,0.767518
v9.mp4,fc23e00695e843a9af4db2c4afd246f62b9fa7dc3f2152f13d0b16a3d1b8c588,1920,1080,12.05,229,19.0,174,14500,Right,0.264845,0.128809,0.394861,0.098585,0.5046,0.096296,0.584371,0.135316,0.662982,0.185887,0.488957,0.20674,0.593086,0.242509,0.667268,0.277227,0.731293,0.30981,0.434174,0.280439,0.516243,0.477591,0.572116,0.625381,0.61236,0.747397,0.373629,0.341236,0.4201,0.544853,0.467803,0.6872,0.501001,0.800449,0.317404,0.397329,0.31546,0.573125,0.317163,0.684403,0.327901,0.773397
v9.mp4,fc23e00695e843a9af4db2c4afd246f62b9fa7dc3f2152f13d0b16a3d1b8c588,1920,1080,12.05,229,19.0,175,14583,Right,0.267066,0.133561,0.395016,0.109392,0.506963,0.104323,0.587296,0.13992,0.665995,0.176261,0.485819,0.199839,0.579715,0.204773,0.649535,0.231424,0.712634,0.255288,0.428695,0.277598,0.511493,0.469848,0.567812,0.619157,0.610265,0.741977,0.37137,0.342077,0.417116,0.542451,0.466364,0.683064,0.499021,0.795714,0.321346,0.405029,0.317641,0.575584,0.316235,0.686133,0.324587,0.775581
v9.mp4,fc23e00695e843a9af4db2c4afd246f62b9fa7dc3f2152f13d0b16a3d1b8c588,1920,1080,12.05,229,19.0,176,14666,Right,0.267526,0.126717,0.391885,0.098321,0.50604,0.105787,0.589725,0.14627,0.666817,0.176802,0.482516,0.199444,0.577051,0.205136,0.645116,0.226359,0.708716,0.244773,0.425277,0.270393,0.51378,0.465334,0.569511,0.614801,0.612457,0.736642,0.366448,0.333459,0.41751,0.539656,0.464316,0.684104,0.497571,0.799171,0.31364,0.390168,0.31507,0.568546,0.316415,0.677074,0.325601,0.765817
v9.mp4,fc23e00695e843a9af4db2c4afd246f62b9fa7dc3f2152f13d0b16a3d1b8c588,1920,1080,12.05,229,19.0,177,14750,Right,0.267476,0.130623,0.393446,0.10616,0.5055,0.100781,0.585886,0.137065,0.659729,0.176783,0.484415,0.20219,0.575112,0.198028,0.643836,0.218509,0.706736,0.235447,0.426971,0.273844,0.51301,0.466178,0.568274,0.615594,0.611594,0.737407,0.36924,0.33813,0.418628,0.53764,0.465094,0.681959,0.49711,0.795923,0.318724,0.400511,0.318021,0.570967,0.317228,0.678871,0.326438,0.766417
v9.mp4,fc23e00695e843a9af4db2c4afd246f62b9fa7dc3f2152f13d0b16a3d1b8c588,1920,1080,12.05,229,19.0,178,14833,Right,0.272057,0.133282,0.39958,0.109343,0.512285,0.102604,0.594229,0.140148,0.670087,0.17819,0.485992,0.198951,0.573636,0.193491,0.642313,0.216315,0.705098,0.234873,0.426733,0.272518,0.511229,0.463227,0.567133,0.612727,0.609184,0.734676,0.369459,0.338251,0.419458,0.537932,0.46672,0.681313,0.49804,0.795992,0.320624,0.404713,0.319501,0.574267,0.317857,0.684229,0.326727,0.773613
v9.mp4,fc23e00695e843a9af4db2c4afd246f62b9fa7dc3f2152f13d0b16a3d1b8c588,1920,1080,12.05,229,19.0,179,14916,Right,0.256617,0.141951,0.39054,0.10708,0.489991,0.111955,0.556049,0.158351,0.620099,0.20753,0.482577,0.19562,0.576404,0.20928,0.644008,0.242871,0.700683,0.278645,0.425093,0.26631,0.510551,0.463322,0.56949,0.613245,0.611416,0.736909,0.365863,0.330579,0.418188,0.533925,0.465817,0.678024,0.498311,0.792399,0.315804,0.39633,0.317843,0.574195,0.319507,0.685138,0.330395,0.769219
v9.mp4,fc23e00695e843a9af4db2c4afd246f62b9fa7dc3f2152f13d0b16a3d1b8c588,1920,1080,12.05,229,19.0,180,15000,Right,0.277502,0.13749,0.403796,0.101176,0.502954,0.105986,0.580533,0.138392,0.656425,0.193808,0.487367,0.216973,0.586057,0.370764,0.644208,0.482751,0.686634,0.577791,0.429146,0.284615,0.516848,0.476071,0.574526,0.626204,0.612708,0.748977,0.363589,0.343387,0.417128,0.534869,0.466694,0.683804,0.50276,0.803553,0.300263,0.389891,0.305549,0.556405,0.31343,0.671171,0.32374,0.766915
v9.mp4,fc23e00695e843a9af4db2c4afd246f62b9fa7dc3f2152f13d0b16a3d1b8c588,1920,1080,12.05,229,19.0,181,15083,Right,0.27387,0.141152,0.407647,0.109431,0.503576,0.110094,0.573494,0.136332,0.653552,0.183218,0.498981,0.21896,0.591521,0.368625,0.653564,0.48156,0.695916,0.578576,0.437937,0.285743,0.518317,0.473317,0.574488,0.622151,0.613019,0.749802,0.373898,0.342023,0.418925,0.537013,0.466676,0.678851,0.499968,0.799156,0.313036,0.392291,0.311306,0.557341,0.315627,0.669541,0.327444,0.765413
v9.mp4,fc23e00695e843a9af4db2c4afd246f62b9fa7dc3f2152f13d0b16a3d1b8c588,1920,1080,12.05,229,19.0,182,15166,Right,0.271748,0.133601,0.402617,0.099225,0.501907,0.107578,0.574617,0.13895,0.652969,0.190642,0.493987,0.217094,0.590581,0.370658,0.652374,0.479055,0.696746,0.577902,0.433195,0.283019,0.51512,0.471654,0.572713,0.621062,0.613641,0.752284,0.368487,0.337707,0.416991,0.535161,0.46293,0.677717,0.498148,0.800588,0.306589,0.38556,0.3105,0.553244,0.31651,0.664913,0.330982,0.761301
v9.mp4,fc23e00695e843a9af4db2c4afd246f62b9fa7dc3f2152f13d0b16a3d1b8c588,1920,1080,12.05,229,19.0,183,15250,Right,0.269504,0.137991,0.403694,0.104587,0.502832,0.108132,0.574954,0.138287,0.654676,0.190689,0.496556,0.2186,0.590381,0.368049,0.653059,0.479242,0.696891,0.578178,0.436409,0.28642,0.516429,0.472095,0.574105,0.62202,0.614091,0.752221,0.371839,0.34278,0.41785,0.53442,0.46512,0.675691,0.499409,0.796652,0.310021,0.393573,0.310009,0.554863,0.314929,0.664687,0.32918,0.758927
v9.mp4,fc23e00695e843a9af4db2c4afd246f62b9fa7dc3f2152f13d0b16a3d1b8c588,1920,1080,12.05,229,19.0,184,15333,Right,0.268515,0.133079,0.39815,0.09911,0.499323,0.10515,0.574392,0.137904,0.652708,0.190188,0.492101,0.21251,0.588945,0.368104,0.650754,0.479273,0.695388,0.578089,0.4325,0.279442,0.515121,0.470849,0.573391,0.624263,0.613514,0.755974,0.368173,0.335742,0.417441,0.531173,0.464268,0.674341,0.500003,0.796328,0.306153,0.385034,0.309999,0.553079,0.315767,0.664293,0.329869,0.759806
v9.mp4,fc23e00695e843a9af4db2c4afd246f62b9fa7dc3f2152f13d0b16a3d1b8c588,1920,1080,12.05,229,19.0,185,15416,Right,0.268939,0.128691,0.397779,0.09749,0.500147,0.105522,0.576431,0.13754,0.653561,0.190698,0.492769,0.212254,0.58923,0.367715,0.65086,0.478039,0.695324,0.576394,0.433179,0.279141,0.515717,0.471161,0.573631,0.624671,0.612998,0.755179,0.368232,0.335408,0.417197,0.531014,0.464131,0.674602,0.500767,0.796856,0.304847,0.383406,0.307916,0.55082,0.314504,0.660982,0.328995,0.756243
v9.mp4,fc23e00695e843a9af4db2c4afd246f62b9fa7dc3f2152f13d0b16a3d1b8c588,1920,1080,12.05,229,19.0,186,15500,Right,0.266547,0.127557,0.392299,0.094685,0.496059,0.102501,0.575353,0.136312,0.653122,0.1905,0.491789,0.213365,0.588867,0.367448,0.650497,0.47605,0.695445,0.574893,0.434663,0.278984,0.516228,0.47277,0.573935,0.62518,0.612321,0.75535,0.370636,0.333525,0.418935,0.532747,0.464972,0.676229,0.500837,0.797168,0.307674,0.377772,0.308275,0.548494,0.314438,0.659017,0.327935,0.754915
v9.mp4,fc23e00695e843a9af4db2c4afd246f62b9fa7dc3f2152f13d0b16a3d1b8c588,1920,1080,12.05,229,19.0,187,15583,Right,0.267598,0.124611,0.385939,0.086103,0.492806,0.096835,0.577974,0.134133,0.652503,0.194809,0.484419,0.202385,0.584295,0.364808,0.645844,0.472141,0.691541,0.572007,0.429082,0.269818,0.506616,0.439976,0.566047,0.572299,0.610448,0.690246,0.366435,0.328174,0.4146,0.516991,0.45898,0.661499,0.497585,0.786765,0.303788,0.372866,0.307485,0.545535,0.312925,0.657427,0.326015,0.755877
v9.mp4,fc23e00695e843a9af4db2c4afd246f62b9fa7dc3f2152f13d0b16a3d1b8c588,1920,1080,12.05,229,19.0,188,15666,Right,0.269532,0.12814,0.392846,0.090013,0.496825,0.095547,0.575108,0.139198,0.656989,0.192485,0.488493,0.189691,0.584019,0.35109,0.64722,0.464136,0.701078,0.563595,0.433105,0.251223,0.498138,0.370163,0.555372,0.450996,0.604494,0.526581,0.370718,0.313264,0.408705,0.503428,0.453527,0.656027,0.490102,0.784023,0.306788,0.375461,0.311137,0.551648,0.312488,0.662995,0.323178,0.758649
v9.mp4,fc23e00695e843a9af4db2c4afd246f62b9fa7dc3f2152f13d0b16a3d1b8c588,1920,1080,12.05,229,19.0,189,15750,Right,0.273056,0.138813,0.405021,0.100958,0.505483,0.102886,0.578467,0.143679,0.660118,0.187299,0.495161,0.211786,0.587459,0.360195,0.652559,0.46985,0.707288,0.564744,0.43625,0.273534,0.498526,0.371615,0.54787,0.427295,0.590335,0.483025,0.372575,0.333458,0.40625,0.509598,0.452541,0.659156,0.489626,0.786584,0.309716,0.396519,0.315077,0.553648,0.316001,0.663835,0.325797,0.759181
v9.mp4,fc23e00695e843a9af4db2c4afd246f62b9fa7dc3f2152f13d0b16a3d1b8c588,1920,1080,12.05,229,19.0,190,15833,Right,0.274685,0.136732,0.405582,0.099263,0.50495,0.102051,0.577378,0.140658,0.657839,0.18634,0.493676,0.21304,0.584884,0.36018,0.649039,0.470444,0.702204,0.566001,0.436301,0.274706,0.498572,0.368091,0.546463,0.422559,0.586406,0.47807,0.373694,0.333344,0.40589,0.504677,0.451032,0.656846,0.487791,0.785704,0.311767,0.396873,0.316284,0.552407,0.314947,0.663171,0.322458,0.756815
v9.mp4,fc23e00695e843a9af4db2c4afd246f62b9fa7dc3f2152f13d0b16a3d1b8c588,1920,1080,12.05,229,19.0,191,15916,Right,0.271714,0.137773,0.406016,0.102497,0.506123,0.104969,0.577854,0.141702,0.659126,0.186161,0.49448,0.21256,0.585445,0.358546,0.649255,0.468281,0.702676,0.562049,0.436462,0.275809,0.496899,0.367826,0.542688,0.42333,0.581856,0.479554,0.374419,0.334788,0.404988,0.50276,0.451214,0.657142,0.490204,0.788031,0.313187,0.398609,0.316054,0.547312,0.31465,0.655485,0.322254,0.748866
v9.mp4,fc23e00695e843a9af4db2c4afd246f62b9fa7dc3f2152f13d0b16a3d1b8c588,1920,1080,12.05,229,19.0,192,16000,Right,0.272641,0.137687,0.404808,0.100201,0.504506,0.102921,0.578255,0.141396,0.659975,0.18524,0.494778,0.213033,0.586868,0.361208,0.650197,0.471341,0.701997,0.565562,0.437113,0.276015,0.501304,0.376906,0.546034,0.42679,0.583664,0.475951,0.374262,0.334762,0.407431,0.511363,0.453289,0.660488,0.490856,0.785885,0.312625,0.397205,0.315144,0.55056,0.314705,0.660199,0.3238,0.753342
v9.mp4,fc23e00695e843a9af4db2c4afd246f62b9fa7dc3f2152f13d0b16a3d1b8c588,1920,1080,12.05,229,19.0,193,16083,Right,0.269742,0.125637,0.396245,0.090707,0.496868,0.101323,0.573873,0.143263,0.654353,0.19012,0.485208,0.201196,0.580781,0.358181,0.6447,0.467901,0.697683,0.565544,0.429886,0.25704,0.492836,0.371005,0.546445,0.438872,0.58954,0.499728,0.367173,0.315897,0.403429,0.502142,0.449561,0.652115,0.487575,0.774994,0.30427,0.37664,0.311086,0.547995,0.313793,0.66005,0.324294,0.754922
v9.mp4,fc23e00695e843a9af4db2c4afd246f62b9fa7dc3f2152f13d0b16a3d1b8c588,1920,1080,12.05,229,19.0,194,16166,Right,0.269042,0.124915,0.387806,0.08627,0.493383,0.100791,0.576425,0.139616,0.650878,0.194165,0.486786,0.198598,0.586282,0.366673,0.647782,0.47635,0.693543,0.571289,0.428874,0.262766,0.51653,0.465188,0.573459,0.622207,0.610336,0.75127,0.363897,0.317628,0.420918,0.522489,0.465982,0.671003,0.504912,0.795294,0.299772,0.360321,0.308242,0.536658,0.316647,0.650348,0.329786,0.749653
v9.mp4,fc23e00695e843a9af4db2c4afd246f62b9fa7dc3f2152f13d0b16a3d1b8c588,1920,1080,12.05,229,19.0,195,16250,Right,0.269575,0.131008,0.401496,0.100086,0.503125,0.106408,0.577964,0.142973,0.655698,0.197406,0.492788,0.20349,0.588875,0.371104,0.651959,0.480141,0.699038,0.575193,0.433405,0.269146,0.512133,0.464962,0.569842,0.61529,0.609544,0.742863,0.369151,0.325629,0.415981,0.521719,0.463224,0.666917,0.498568,0.789007,0.307766,0.377526,0.310847,0.544247,0.317162,0.657796,0.330773,0.754801
v9.mp4,fc23e00695e843a9af4db2c4afd246f62b9fa7dc3f2152f13d0b16a3d1b8c588,1920,1080,12.05,229,19.0,196,16333,Right,0.266272,0.127868,0.39477,0.094863,0.497807,0.101321,0.575952,0.140201,0.655052,0.19082,0.489592,0.204688,0.589747,0.362712,0.655251,0.464689,0.706214,0.556007,0.432392,0.270272,0.513516,0.464223,0.57072,0.612734,0.611754,0.740064,0.367861,0.325485,0.416119,0.524994,0.462531,0.670606,0.499074,0.794845,0.304783,0.374592,0.310887,0.544069,0.318217,0.657694,0.3333,0.755793
v9.mp4,fc23e00695e843a9af4db2c4afd246f62b9fa7dc3f2152f13d0b16a3d1b8c588,1920,1080,12.05,229,19.0,197,16416,Right,0.263585,0.134606,0.395539,0.098811,0.497686,0.101336,0.572907,0.14059,0.652965,0.186321,0.494016,0.202961,0.593927,0.34234,0.66164,0.438843,0.71401,0.524183,0.435351,0.271579,0.513292,0.467256,0.5695,0.617627,0.610491,0.746199,0.371669,0.327969,0.414923,0.530871,0.460992,0.676354,0.494562,0.799935,0.31078,0.380175,0.312862,0.549705,0.318071,0.660348,0.332666,0.754402
v9.mp4,fc23e00695e843a9af4db2c4afd246f62b9fa7dc3f2152f13d0b16a3d1b8c588,1920,1080,12.05,229,19.0,198,16500,Right,0.262898,0.133739,0.395419,0.096298,0.497931,0.100639,0.573621,0.14199,0.653952,0.189466,0.491113,0.196509,0.592973,0.330639,0.663203,0.42227,0.716996,0.504963,0.432159,0.268438,0.510796,0.464527,0.568042,0.615615,0.61015,0.746102,0.369202,0.327192,0.4146,0.533541,0.461956,0.680181,0.497475,0.805888,0.309123,0.381342,0.314117,0.549527,0.321115,0.660503,0.337466,0.754404
v9.mp4,fc23e00695e843a9af4db2c4afd246f62b9fa7dc3f2152f13d0b16a3d1b8c588,1920,1080,12.05,229,19.0,199,16583,Right,0.262463,0.135588,0.397946,0.097845,0.502985,0.097795,0.576147,0.142024,0.652036,0.186568,0.491884,0.192756,0.587279,0.246792,0.656325,0.278237,0.715717,0.305893,0.431362,0.26652,0.5091,0.470625,0.565168,0.615531,0.605394,0.735509,0.369041,0.330632,0.414059,0.534252,0.461006,0.676918,0.494494,0.792459,0.316137,0.391688,0.318174,0.560327,0.322752,0.670184,0.336528,0.756983
v9.mp4,fc23e00695e843a9af4db2c4afd246f62b9fa7dc3f2152f13d0b16a3d1b8c588,1920,1080,12.05,229,19.0,200,16666,Right,0.264503,0.133159,0.390121,0.105118,0.499844,0.096449,0.580171,0.133516,0.653244,0.17057,0.481825,0.195647,0.572461,0.203824,0.640851,0.228203,0.704044,0.244534,0.42605,0.270962,0.510324,0.463228,0.566408,0.613127,0.607165,0.732557,0.368865,0.334359,0.417121,0.538728,0.467788,0.680224,0.50064,0.791523,0.321462,0.398899,0.321791,0.564672,0.321349,0.6719,0.329258,0.758732
v9.mp4,fc23e00695e843a9af4db2c4afd246f62b9fa7dc3f2152f13d0b16a3d1b8c588,1920,1080,12.05,229,19.0,201,16750,Right,0.266389,0.128071,0.392674,0.103874,0.505842,0.105948,0.588904,0.142989,0.662535,0.178071,0.478847,0.200426,0.567897,0.195863,0.632777,0.205851,0.692236,0.207914,0.424942,0.272875,0.508206,0.462702,0.565787,0.609077,0.60758,0.726925,0.369033,0.335951,0.416984,0.535256,0.465289,0.679099,0.498415,0.791839,0.320204,0.395301,0.320098,0.566622,0.319764,0.677488,0.326808,0.766137
v9.mp4,fc23e00695e843a9af4db2c4afd246f62b9fa7dc3f2152f13d0b16a3d1b8c588,1920,1080,12.05,229,19.0,202,16833,Right,0.268785,0.123277,0.391442,0.099315,0.507807,0.111859,0.59505,0.150294,0.672505,0.181373,0.480126,0.195796,0.568719,0.196842,0.631877,0.209286,0.691077,0.216666,0.42647,0.263916,0.51131,0.457437,0.565903,0.605898,0.606537,0.726282,0.368348,0.32688,0.417768,0.530513,0.462157,0.677783,0.494959,0.794046,0.314938,0.382245,0.317301,0.5575,0.318852,0.667214,0.327233,0.758325
v9.mp4,fc23e00695e843a9af4db2c4afd246f62b9fa7dc3f2152f13d0b16a3d1b8c588,1920,1080,12.05,229,19.0,203,16916,Right,0.269568,0.12084,0.391135,0.086179,0.496332,0.102563,0.579773,0.145539,0.654473,0.198039,0.486981,0.20032,0.577361,0.39495,0.636986,0.513322,0.680196,0.611495,0.428739,0.264974,0.514805,0.464749,0.57269,0.614158,0.609809,0.739414,0.363228,0.321501,0.421525,0.523364,0.465374,0.676642,0.500886,0.806443,0.299605,0.361851,0.309934,0.540987,0.318539,0.659075,0.328652,0.764612
v9.mp4,fc23e00695e843a9af4db2c4afd246f62b9fa7dc3f2152f13d0b16a3d1b8c588,1920,1080,12.05,229,19.0,204,17000,Right,0.266728,0.1324,0.400131,0.101387,0.501317,0.108224,0.576984,0.14458,0.654671,0.198668,0.493759,0.202848,0.579159,0.390523,0.63853,0.509326,0.68215,0.608207,0.433606,0.272359,0.514233,0.46591,0.572957,0.617679,0.610866,0.745155,0.369692,0.332133,0.420605,0.525889,0.468513,0.673172,0.50303,0.795724,0.309302,0.385013,0.312334,0.550529,0.318319,0.662731,0.330551,0.758169
v9.mp4,fc23e00695e843a9af4db2c4afd246f62b9fa7dc3f2152f13d0b16a3d1b8c588,1920,1080,12.05,229,19.0,205,17083,Right,0.263899,0.131342,0.395917,0.097125,0.499837,0.10515,0.578062,0.144334,0.65539,0.200354,0.491816,0.203822,0.578177,0.39556,0.636711,0.51205,0.680252,0.609438,0.432592,0.271217,0.51435,0.469332,0.572496,0.621245,0.609793,0.747734,0.36814,0.330129,0.419498,0.522545,0.466226,0.668616,0.501982,0.790317,0.306341,0.383125,0.311094,0.546516,0.318472,0.656463,0.33259,0.75067
v9.mp4,fc23e00695e843a9af4db2c4afd246f62b9fa7dc3f2152f13d0b16a3d1b8c588,1920,1080,12.05,229,19.0,206,17166,Right,0.262019,0.129129,0.392507,0.095349,0.497464,0.104973,0.5775,0.143228,0.653736,0.197778,0.48856,0.199749,0.577092,0.395444,0.636001,0.510832,0.68047,0.60837,0.429298,0.266437,0.512291,0.467567,0.571359,0.619572,0.610346,0.746875,0.36495,0.326122,0.417605,0.521786,0.464125,0.669187,0.501304,0.792059,0.302987,0.37754,0.309182,0.544311,0.317688,0.655676,0.331833,0.752476
v9.mp4,fc23e00695e843a9af4db2c4afd246f62b9fa7dc3f2152f13d0b16a3d1b8c588,1920,1080,12.05,229,19.0,207,17250,Right,0.266553,0.118428,0.387707,0.090387,0.495148,0.099986,0.578825,0.140292,0.653376,0.199292,0.488647,0.20177,0.574397,0.392233,0.631337,0.506596,0.674267,0.610475,0.429376,0.26907,0.502999,0.493642,0.565221,0.654957,0.609281,0.793003,0.365121,0.323524,0.413193,0.537778,0.458578,0.680924,0.497029,0.803196,0.302312,0.364727,0.306169,0.545748,0.314695,0.65965,0.329112,0.761582
v9.mp4,fc23e00695e843a9af4db2c4afd246f62b9fa7dc3f2152f13d0b16a3d1b8c588,1920,1080,12.05,229,19.0,208,17333,Right,0.267462,0.106999,0.383176,0.079689,0.491312,0.099866,0.577736,0.145791,0.651506,0.196721,0.480029,0.197041,0.571668,0.380456,0.627124,0.49218,0.673096,0.593691,0.421807,0.255728,0.487719,0.414083,0.539504,0.524699,0.581286,0.621593,0.358013,0.312448,0.39059,0.493802,0.428725,0.643422,0.463743,0.773058,0.297151,0.358137,0.305711,0.536525,0.311477,0.651071,0.323858,0.755494
v9.mp4,fc23e00695e843a9af4db2c4afd246f62b9fa7dc3f2152f13d0b16a3d1b8c588,1920,1080,12.05,229,19.0,209,17416,Right,0.262367,0.119917,0.386112,0.087999,0.494846,0.097296,0.573061,0.148763,0.653613,0.202432,0.477662,0.183438,0.565147,0.355573,0.627446,0.481619,0.680353,0.596996,0.421821,0.242963,0.481058,0.334137,0.543305,0.407736,0.593302,0.479183,0.360767,0.3125,0.373174,0.436788,0.406866,0.557869,0.430478,0.6619,0.30073,0.391291,0.311921,0.545117,0.312164,0.656502,0.320443,0.757499
v9.mp4,fc23e00695e843a9af4db2c4afd246f62b9fa7dc3f2152f13d0b16a3d1b8c588,1920,1080,12.05,229,19.0,210,17500,Right,0.265289,0.130837,0.388245,0.089741,0.498333,0.094855,0.573473,0.143071,0.648604,0.20106,0.47302,0.17782,0.561391,0.346305,0.625034,0.474528,0.677789,0.594749,0.419966,0.242879,0.484515,0.327218,0.544309,0.38379,0.594885,0.447983,0.361538,0.318562,0.372621,0.42286,0.40645,0.524539,0.43327,0.61544,0.30158,0.403519,0.315067,0.545737,0.312324,0.660674,0.315742,0.766258
v9.mp4,fc23e00695e843a9af4db2c4afd246f62b9fa7dc3f2152f13d0b16a3d1b8c588,1920,1080,12.05,229,19.0,211,17583,Right,0.268305,0.130454,0.385331,0.085252,0.497449,0.089644,0.575033,0.131685,0.646545,0.197013,0.466122,0.161636,0.551696,0.321508,0.610558,0.4432,0.660077,0.560721,0.414934,0.226973,0.48296,0.306728,0.540997,0.358197,0.592921,0.421022,0.358296,0.307085,0.372152,0.415855,0.397856,0.514398,0.419933,0.60407,0.3008,0.39687,0.321371,0.539314,0.316907,0.656536,0.317939,0.762724
v9.mp4,fc23e00695e843a9af4db2c4afd246f62b9fa7dc3f2152f13d0b16a3d1b8c588,1920,1080,12.05,229,19.0,212,17666,Right,0.272427,0.124571,0.381485,0.088866,0.492095,0.095612,0.570568,0.135321,0.640176,0.190926,0.467239,0.155193,0.557528,0.300509,0.615247,0.417464,0.66437,0.533283,0.419086,0.215256,0.47947,0.284702,0.531643,0.338229,0.5797,0.404519,0.361833,0.292323,0.369473,0.420053,0.390703,0.528293,0.410349,0.626485,0.303313,0.380265,0.320048,0.531327,0.3154,0.649794,0.316848,0.757849
v9.mp4,fc23e00695e843a9af4db2c4afd246f62b9fa7dc3f2152f13d0b16a3d1b8c588,1920,1080,12.05,229,19.0,213,17750,Right,0.27931,0.119037,0.389073,0.081933,0.497007,0.088168,0.576761,0.13146,0.649541,0.194717,0.47277,0.176934,0.560524,0.345993,0.621635,0.460786,0.676385,0.563384,0.420968,0.23484,0.487664,0.332469,0.541543,0.380115,0.58661,0.433591,0.360056,0.301871,0.394463,0.512832,0.44269,0.671148,0.48021,0.804346,0.298882,0.370231,0.315897,0.54072,0.318229,0.653601,0.323429,0.758859
v9.mp4,fc23e00695e843a9af4db2c4afd246f62b9fa7dc3f2152f13d0b16a3d1b8c588,1920,1080,12.05,229,19.0,214,17833,Right,0.275782,0.12677,0.397723,0.086966,0.500675,0.097588,0.576034,0.146779,0.657955,0.195975,0.485336,0.197168,0.572233,0.365328,0.632446,0.480872,0.684756,0.58227,0.426535,0.258425,0.483038,0.385463,0.536794,0.470143,0.582239,0.54754,0.364278,0.317363,0.396817,0.521297,0.442259,0.674719,0.476811,0.801337,0.303574,0.372518,0.317093,0.548874,0.32061,0.665062,0.327456,0.765167
v9.mp4,fc23e00695e843a9af4db2c4afd246f62b9fa7dc3f2152f13d0b16a3d1b8c588,1920,1080,12.05,229,19.0,215,17916,Right,0.277064,0.131731,0.399918,0.092997,0.500351,0.104629,0.573487,0.147652,0.653754,0.193687,0.487605,0.201727,0.57878,0.365984,0.641278,0.476361,0.692535,0.571292,0.428031,0.267852,0.482478,0.409443,0.534136,0.504266,0.578903,0.585502,0.365577,0.326048,0.395781,0.519712,0.440312,0.67166,0.474911,0.796462,0.305514,0.377779,0.31544,0.546644,0.318458,0.662164,0.325476,0.761043
v9.mp4,fc23e00695e843a9af4db2c4afd246f62b9fa7dc3f2152f13d0b16a3d1b8c588,1920,1080,12.05,229,19.0,216,18000,Right,0.268802,0.120868,0.381471,0.074906,0.491674,0.093849,0.574454,0.142209,0.650021,0.191041,0.467484,0.173223,0.575249,0.280774,0.649534,0.347343,0.711076,0.406474,0.415264,0.246233,0.465287,0.39455,0.50715,0.503182,0.542742,0.591671,0.359664,0.30866,0.391452,0.498751,0.431305,0.651658,0.465076,0.779891,0.307067,0.36227,0.316756,0.543851,0.318777,0.660203,0.324987,0.758266
v9.mp4,fc23e00695e843a9af4db2c4afd246f62b9fa7dc3f2152f13d0b16a3d1b8c588,1920,1080,12.05,229,19.0,217,18083,Right,0.266397,0.117598,0.37984,0.073513,0.492334,0.091737,0.581426,0.13664,0.653472,0.187957,0.469035,0.177375,0.567386,0.247958,0.638739,0.289261,0.699768,0.32977,0.420217,0.253846,0.476759,0.452021,0.520106,0.59838,0.550414,0.718319,0.363394,0.313926,0.397773,0.519211,0.437613,0.667832,0.469798,0.789475,0.308703,0.356682,0.314052,0.54209,0.322649,0.658715,0.329816,0.760198
v9.mp4,fc23e00695e843a9af4db2c4afd246f62b9fa7dc3f2152f13d0b16a3d1b8c588,1920,1080,12.05,229,19.0,218,18166,Right,0.259464,0.118464,0.376714,0.087591,0.492217,0.105929,0.581776,0.146118,0.654852,0.176827,0.471933,0.182523,0.562541,0.212666,0.625554,0.233248,0.685715,0.245133,0.422259,0.243919,0.49296,0.488493,0.536942,0.665349,0.56561,0.798005,0.364403,0.303213,0.410777,0.541791,0.448936,0.698448,0.477924,0.817486,0.312841,0.349014,0.321296,0.541181,0.3257,0.658351,0.328364,0.757466
v9.mp4,fc23e00695e843a9af4db2c4afd246f62b9fa7dc3f2152f13d0b16a3d1b8c588,1920,1080,12.05,229,19.0,219,18250,Right,0.270416,0.126936,0.38676,0.094801,0.49813,0.101006,0.583757,0.144106,0.657755,0.178323,0.480309,0.198961,0.567454,0.227927,0.63255,0.245187,0.694507,0.254861,0.427605,0.260944,0.491726,0.492841,0.53924,0.657635,0.570464,0.784692,0.368635,0.314928,0.406825,0.544892,0.450228,0.696453,0.479809,0.815077,0.317238,0.359489,0.322284,0.538083,0.326078,0.651577,0.329112,0.7478
v9.mp4,fc23e00695e843a9af4db2c4afd246f62b9fa7dc3f2152f13d0b16a3d1b8c588,1920,1080,12.05,229,19.0,220,18333,Right,0.266465,0.12652,0.386189,0.096326,0.497128,0.099047,0.581645,0.136443,0.652958,0.189898,0.479201,0.204308,0.567544,0.244979,0.634816,0.267517,0.699099,0.285328,0.428133,0.265498,0.493676,0.497574,0.543012,0.661056,0.574692,0.788823,0.369212,0.318698,0.408601,0.547569,0.450741,0.700882,0.480218,0.819202,0.318437,0.361431,0.321958,0.541378,0.325341,0.655817,0.328651,0.751444
v9.mp4,fc23e00695e843a9af4db2c4afd246f62b9fa7dc3f2152f13d0b16a3d1b8c588,1920,1080,12.05,229,19.0,221,18416,Right,0.274192,0.123069,0.386407,0.089151,0.49631,0.098574,0.580946,0.138173,0.652402,0.197207,0.484498,0.20838,0.584609,0.34102,0.647439,0.443195,0.695104,0.53867,0.428939,0.275382,0.491533,0.509668,0.538571,0.676755,0.56928,0.812656,0.36762,0.325673,0.409736,0.549709,0.449443,0.700305,0.478667,0.823326,0.310325,0.358721,0.316958,0.539926,0.322078,0.655514,0.325409,0.756633
v9.mp4,fc23e00695e843a9af4db2c4afd246f62b9fa7dc3f2152f13d0b16a3d1b8c588,1920,1080,12.05,229,19.0,222,18500,Right,0.270488,0.127187,0.390056,0.091365,0.498674,0.104034,0.57902,0.146113,0.654311,0.199752,0.493764,0.201384,0.584661,0.377385,0.644974,0.484511,0.691538,0.576539,0.432638,0.26418,0.490999,0.508291,0.537842,0.679603,0.569216,0.815757,0.368901,0.315922,0.408789,0.542527,0.44769,0.696659,0.47891,0.82293,0.31011,0.357545,0.316537,0.541056,0.320506,0.660181,0.327117,0.764658
v9.mp4,fc23e00695e843a9af4db2c4afd246f62b9fa7dc3f2152f13d0b16a3d1b8c588,1920,1080,12.05,229,19.0,223,18583,Right,0.269263,0.118799,0.385606,0.0835,0.495319,0.098265,0.579773,0.142468,0.65398,0.195981,0.48857,0.191009,0.581875,0.377831,0.643112,0.484717,0.690373,0.574888,0.428258,0.261768,0.491118,0.505937,0.537238,0.673115,0.569042,0.806471,0.365145,0.316264,0.410522,0.545582,0.448295,0.697298,0.481093,0.822669,0.306648,0.354843,0.316277,0.538973,0.321712,0.65591,0.33003,0.759399
v9.mp4,fc23e00695e843a9af4db2c4afd246f62b9fa7dc3f2152f13d0b16a3d1b8c588,1920,1080,12.05,229,19.0,224,18666,Right,0.266217,0.12509,0.387034,0.091415,0.496548,0.104612,0.578708,0.14665,0.654956,0.197934,0.489622,0.19623,0.580904,0.379482,0.643054,0.484931,0.691278,0.57427,0.429196,0.266238,0.488652,0.504285,0.536418,0.671552,0.569197,0.806839,0.366584,0.32014,0.408267,0.541831,0.447858,0.692373,0.481091,0.81787,0.308295,0.36192,0.315442,0.542618,0.32087,0.660738,0.329753,0.764669
v9.mp4,fc23e00695e843a9af4db2c4afd246f62b9fa7dc3f2152f13d0b16a3d1b8c588,1920,1080,12.05,229,19.0,225,18750,Right,0.266669,0.126808,0.386103,0.090833,0.495,0.101902,0.57842,0.143936,0.654151,0.197157,0.489294,0.195547,0.581583,0.379746,0.643007,0.484742,0.690711,0.573224,0.429668,0.265711,0.489592,0.509169,0.537014,0.674924,0.569406,0.807039,0.367447,0.319808,0.408503,0.545963,0.446673,0.697511,0.479036,0.822731,0.309146,0.361317,0.316806,0.541225,0.322527,0.657658,0.331198,0.76091
v9.mp4,fc23e00695e843a9af4db2c4afd246f62b9fa7dc3f2152f13d0b16a3d1b8c588,1920,1080,12.05,229,19.0,226,18833,Right,0.267752,0.114475,0.38209,0.07531,0.491446,0.094982,0.579395,0.143128,0.653555,0.190368,0.483192,0.192044,0.578737,0.377742,0.639408,0.481643,0.689239,0.567937,0.426635,0.252148,0.480524,0.427123,0.524047,0.530921,0.558634,0.611978,0.364148,0.306197,0.402919,0.519157,0.443141,0.672063,0.47952,0.79779,0.304144,0.351909,0.317499,0.543628,0.322457,0.663013,0.331558,0.766727
v9.mp4,fc23e00695e843a9af4db2c4afd246f62b9fa7dc3f2152f13d0b16a3d1b8c588,1920,1080,12.05,229,19.0,227,18916,Right,0.263694,0.117202,0.391127,0.084101,0.495554,0.098373,0.574972,0.14997,0.654342,0.194113,0.488439,0.179377,0.580881,0.366879,0.644237,0.477421,0.698047,0.570225,0.431649,0.234186,0.492914,0.375901,0.543531,0.440593,0.579999,0.490755,0.367314,0.293504,0.401611,0.51113,0.445509,0.671949,0.480074,0.799602,0.303211,0.356445,0.318447,0.542391,0.319203,0.663308,0.3249,0.761818
v9.mp4,fc23e00695e843a9af4db2c4afd246f62b9fa7dc3f2152f13d0b16a3d1b8c588,1920,1080,12.05,229,19.0,228,19000,Right,0.266828,0.120347,0.393093,0.086491,0.49576,0.101104,0.574121,0.144797,0.654614,0.186721,0.482304,0.192235,0.576594,0.373529,0.64115,0.476395,0.697857,0.56519,0.427938,0.244729,0.484102,0.380886,0.533958,0.448113,0.574736,0.50544,0.365645,0.301922,0.400891,0.51239,0.443085,0.668198,0.478416,0.796573,0.303602,0.360216,0.318005,0.538218,0.318962,0.656473,0.326028,0.758418
