video_file,video_hash,video_width,video_height,video_fps,total_video_frames,video_duration_sec,frame_idx,timestamp_ms,hand,hand_score,wrist_x,wrist_y,wrist_z,wrist_visibility,wrist_presence,thumb_cmc_x,thumb_cmc_y,thumb_cmc_z,thumb_cmc_visibility,thumb_cmc_presence,thumb_mcp_x,thumb_mcp_y,thumb_mcp_z,thumb_mcp_visibility,thumb_mcp_presence,thumb_ip_x,thumb_ip_y,thumb_ip_z,thumb_ip_visibility,thumb_ip_presence,thumb_tip_x,thumb_tip_y,thumb_tip_z,thumb_tip_visibility,thumb_tip_presence,index_mcp_x,index_mcp_y,index_mcp_z,index_mcp_visibility,index_mcp_presence,index_pip_x,index_pip_y,index_pip_z,index_pip_visibility,index_pip_presence,index_dip_x,index_dip_y,index_dip_z,index_dip_visibility,index_dip_presence,index_tip_x,index_tip_y,index_tip_z,index_tip_visibility,index_tip_presence,middle_mcp_x,middle_mcp_y,middle_mcp_z,middle_mcp_visibility,middle_mcp_presence,middle_pip_x,middle_pip_y,middle_pip_z,middle_pip_visibility,middle_pip_presence,middle_dip_x,middle_dip_y,middle_dip_z,middle_dip_visibility,middle_dip_presence,middle_tip_x,middle_tip_y,middle_tip_z,middle_tip_visibility,middle_tip_presence,ring_mcp_x,ring_mcp_y,ring_mcp_z,ring_mcp_visibility,ring_mcp_presence,ring_pip_x,ring_pip_y,ring_pip_z,ring_pip_visibility,ring_pip_presence,ring_dip_x,ring_dip_y,ring_dip_z,ring_dip_visibility,ring_dip_presence,ring_tip_x,ring_tip_y,ring_tip_z,ring_tip_visibility,ring_tip_presence,pinky_mcp_x,pinky_mcp_y,pinky_mcp_z,pinky_mcp_visibility,pinky_mcp_presence,pinky_pip_x,pinky_pip_y,pinky_pip_z,pinky_pip_visibility,pinky_pip_presence,pinky_dip_x,pinky_dip_y,pinky_dip_z,pinky_dip_visibility,pinky_dip_presence,pinky_tip_x,pinky_tip_y,pinky_tip_z,pinky_tip_visibility,pinky_tip_presence
video2.mp4,f6bad3096563fbb6012549a50507af13b3de6a1c0921cc34f5e580d9981271d8,1280,720,12.08,150,12.417,0,0,Right,0.852169,0.473035,0.4137,0.0,0.0,0.0,0.537113,0.465474,-0.079435,0.0,0.0,0.580508,0.534878,-0.139834,0.0,0.0,0.60254,0.601644,-0.1861,0.0,0.0,0.619206,0.649982,-0.233848,0.0,0.0,0.491179,0.50807,-0.184108,0.0,0.0,0.485308,0.632283,-0.249933,0.0,0.0,0.481411,0.706611,-0.283057,0.0,0.0,0.478786,0.745135,-0.300321,0.0,0.0,0.423678,0.506903,-0.165135,0.0,0.0,0.393257,0.627553,-0.228244,0.0,0.0,0.378655,0.70571,-0.253713,0.0,0.0,0.378312,0.734263,-0.27112,0.0,0.0,0.374333,0.515634,-0.146264,0.0,0.0,0.340639,0.627307,-0.206387,0.0,0.0,0.329863,0.703442,-0.240609,0.0,0.0,0.338557,0.726029,-0.258969,0.0,0.0,0.342328,0.52829,-0.129493,0.0,0.0,0.302218,0.619552,-0.176432,0.0,0.0,0.287947,0.66749,-0.204328,0.0,0.0,0.292063,0.6741,-0.222097,0.0,0.0
video2.mp4,f6bad3096563fbb6012549a50507af13b3de6a1c0921cc34f5e580d9981271d8,1280,720,12.08,150,12.417,1,83,Right,0.922021,0.489072,0.390441,0.0,0.0,0.0,0.543266,0.455311,-0.06803,0.0,0.0,0.582095,0.529166,-0.120088,0.0,0.0,0.606292,0.597449,-0.159393,0.0,0.0,0.628948,0.630836,-0.198223,0.0,0.0,0.506474,0.517278,-0.158558,0.0,0.0,0.497608,0.627627,-0.222238,0.0,0.0,0.488123,0.710472,-0.253716,0.0,0.0,0.483448,0.759326,-0.269322,0.0,0.0,0.441305,0.503036,-0.144539,0.0,0.0,0.403654,0.610569,-0.205958,0.0,0.0,0.377067,0.70106,-0.228649,0.0,0.0,0.368318,0.741253,-0.242121,0.0,0.0,0.394526,0.501867,-0.131636,0.0,0.0,0.352275,0.593769,-0.187594,0.0,0.0,0.32793,0.678658,-0.213431,0.0,0.0,0.322072,0.72233,-0.225124,0.0,0.0,0.366212,0.508993,-0.121104,0.0,0.0,0.316474,0.575137,-0.16726,0.0,0.0,0.288288,0.632589,-0.193749,0.0,0.0,0.274092,0.669842,-0.209099,0.0,0.0
video2.mp4,f6bad3096563fbb6012549a50507af13b3de6a1c0921cc34f5e580d9981271d8,1280,720,12.08,150,12.417,2,166,Right,0.92164,0.480187,0.403467,0.0,0.0,0.0,0.546891,0.454913,-0.079146,0.0,0.0,0.588487,0.512947,-0.136695,0.0,0.0,0.608294,0.576463,-0.178854,0.0,0.0,0.627857,0.631463,-0.219466,0.0,0.0,0.503166,0.514959,-0.17392,0.0,0.0,0.499174,0.619792,-0.242202,0.0,0.0,0.490647,0.698468,-0.27837,0.0,0.0,0.481781,0.744944,-0.297674,0.0,0.0,0.435793,0.512007,-0.154155,0.0,0.0,0.398865,0.613826,-0.219407,0.0,0.0,0.376016,0.706473,-0.247116,0.0,0.0,0.364246,0.749998,-0.26639,0.0,0.0,0.387639,0.518607,-0.135621,0.0,0.0,0.346902,0.599674,-0.195881,0.0,0.0,0.326095,0.689144,-0.228571,0.0,0.0,0.320197,0.725806,-0.246255,0.0,0.0,0.358652,0.527142,-0.119985,0.0,0.0,0.306597,0.588036,-0.171625,0.0,0.0,0.282715,0.640481,-0.204415,0.0,0.0,0.273785,0.663955,-0.224818,0.0,0.0
video2.mp4,f6bad3096563fbb6012549a50507af13b3de6a1c0921cc34f5e580d9981271d8,1280,720,12.08,150,12.417,3,250,Right,0.830727,0.484049,0.406178,1e-06,0.0,0.0,0.546143,0.456511,-0.084888,0.0,0.0,0.586744,0.515969,-0.14841,0.0,0.0,0.607003,0.575614,-0.195812,0.0,0.0,0.628062,0.628999,-0.242732,0.0,0.0,0.502857,0.525806,-0.185648,0.0,0.0,0.498979,0.631584,-0.258623,0.0,0.0,0.493622,0.702151,-0.298547,0.0,0.0,0.485471,0.74244,-0.321405,0.0,0.0,0.438867,0.521511,-0.16632,0.0,0.0,0.401755,0.615801,-0.238708,0.0,0.0,0.379289,0.699349,-0.275262,0.0,0.0,0.362852,0.747975,-0.302335,0.0,0.0,0.392861,0.524016,-0.147863,0.0,0.0,0.352006,0.595646,-0.211354,0.0,0.0,0.329852,0.678054,-0.249479,0.0,0.0,0.317217,0.724358,-0.273615,0.0,0.0,0.364941,0.528165,-0.132693,0.0,0.0,0.316853,0.580353,-0.184358,0.0,0.0,0.289551,0.630293,-0.220131,0.0,0.0,0.271129,0.667077,-0.245729,0.0,0.0
video2.mp4,f6bad3096563fbb6012549a50507af13b3de6a1c0921cc34f5e580d9981271d8,1280,720,12.08,150,12.417,4,333,Right,0.946582,0.472555,0.409868,0.0,0.0,0.0,0.540513,0.451911,-0.081315,0.0,0.0,0.58583,0.50808,-0.141865,0.0,0.0,0.607271,0.571778,-0.18643,0.0,0.0,0.628986,0.630328,-0.229544,0.0,0.0,0.49857,0.5092,-0.182586,0.0,0.0,0.495914,0.614396,-0.252019,0.0,0.0,0.490656,0.691239,-0.288949,0.0,0.0,0.483619,0.738251,-0.309438,0.0,0.0,0.43207,0.513644,-0.162461,0.0,0.0,0.398214,0.612261,-0.231444,0.0,0.0,0.37771,0.704395,-0.264054,0.0,0.0,0.365928,0.749804,-0.287888,0.0,0.0,0.384126,0.5253,-0.14252,0.0,0.0,0.347064,0.605169,-0.204617,0.0,0.0,0.328128,0.69093,-0.240526,0.0,0.0,0.322542,0.724846,-0.261726,0.0,0.0,0.355193,0.535687,-0.125384,0.0,0.0,0.304817,0.593227,-0.176847,0.0,0.0,0.281969,0.638086,-0.210561,0.0,0.0,0.274094,0.659135,-0.232955,0.0,0.0
video2.mp4,f6bad3096563fbb6012549a50507af13b3de6a1c0921cc34f5e580d9981271d8,1280,720,12.08,150,12.417,5,416,Right,0.616977,0.481781,0.41574,0.0,0.0,0.0,0.544376,0.451633,-0.088561,0.0,0.0,0.583858,0.509882,-0.154008,0.0,0.0,0.605294,0.568089,-0.203267,0.0,0.0,0.627607,0.621513,-0.252575,0.0,0.0,0.497992,0.538662,-0.190452,0.0,0.0,0.49683,0.643959,-0.26592,0.0,0.0,0.494669,0.706536,-0.30917,0.0,0.0,0.490756,0.734738,-0.334201,0.0,0.0,0.436879,0.540609,-0.169955,0.0,0.0,0.404515,0.63566,-0.243715,0.0,0.0,0.381637,0.709909,-0.285194,0.0,0.0,0.364839,0.747392,-0.316541,0.0,0.0,0.391435,0.542072,-0.150405,0.0,0.0,0.353869,0.616576,-0.215535,0.0,0.0,0.332495,0.687737,-0.25952,0.0,0.0,0.322147,0.717585,-0.288432,0.0,0.0,0.36088,0.5392,-0.134176,0.0,0.0,0.313412,0.595528,-0.187817,0.0,0.0,0.287521,0.637282,-0.227399,0.0,0.0,0.273774,0.661354,-0.256403,0.0,0.0
video2.mp4,f6bad3096563fbb6012549a50507af13b3de6a1c0921cc34f5e580d9981271d8,1280,720,12.08,150,12.417,6,500,Right,0.946492,0.478788,0.383718,0.0,0.0,0.0,0.541034,0.437899,-0.075728,0.0,0.0,0.581641,0.504642,-0.131243,0.0,0.0,0.603279,0.576996,-0.171475,0.0,0.0,0.626729,0.631871,-0.210567,0.0,0.0,0.49982,0.491523,-0.169602,0.0,0.0,0.49756,0.603113,-0.235683,0.0,0.0,0.492853,0.688943,-0.270856,0.0,0.0,0.483857,0.74788,-0.290608,0.0,0.0,0.434895,0.494198,-0.150645,0.0,0.0,0.401986,0.598405,-0.214,0.0,0.0,0.381308,0.694339,-0.24174,0.0,0.0,0.367046,0.748647,-0.261882,0.0,0.0,0.38985,0.506676,-0.132271,0.0,0.0,0.352667,0.592605,-0.189008,0.0,0.0,0.331409,0.678641,-0.218866,0.0,0.0,0.321054,0.723644,-0.235926,0.0,0.0,0.364678,0.522548,-0.116761,0.0,0.0,0.315278,0.581862,-0.163294,0.0,0.0,0.288333,0.628692,-0.192505,0.0,0.0,0.272208,0.660236,-0.211823,0.0,0.0
video2.mp4,f6bad3096563fbb6012549a50507af13b3de6a1c0921cc34f5e580d9981271d8,1280,720,12.08,150,12.417,7,583,Right,0.959216,0.475725,0.381218,1e-06,0.0,0.0,0.541194,0.436797,-0.083533,0.0,0.0,0.585048,0.502712,-0.14598,0.0,0.0,0.608601,0.577918,-0.190943,0.0,0.0,0.633007,0.631504,-0.234571,0.0,0.0,0.501051,0.488215,-0.197428,0.0,0.0,0.501691,0.609124,-0.272009,0.0,0.0,0.494633,0.695172,-0.309506,0.0,0.0,0.48706,0.741632,-0.328955,0.0,0.0,0.434437,0.491039,-0.176014,0.0,0.0,0.397943,0.604676,-0.249559,0.0,0.0,0.376183,0.70258,-0.280937,0.0,0.0,0.366378,0.743097,-0.302227,0.0,0.0,0.386932,0.505953,-0.15459,0.0,0.0,0.348955,0.599461,-0.220698,0.0,0.0,0.328609,0.693697,-0.258232,0.0,0.0,0.323346,0.728282,-0.279286,0.0,0.0,0.358728,0.523021,-0.135689,0.0,0.0,0.310187,0.588972,-0.191591,0.0,0.0,0.28586,0.642968,-0.229361,0.0,0.0,0.276581,0.666137,-0.253873,0.0,0.0
video2.mp4,f6bad3096563fbb6012549a50507af13b3de6a1c0921cc34f5e580d9981271d8,1280,720,12.08,150,12.417,8,666,Right,0.926538,0.482369,0.367628,0.0,0.0,0.0,0.547197,0.425496,-0.08411,0.0,0.0,0.59122,0.503963,-0.145835,0.0,0.0,0.616304,0.580082,-0.190286,0.0,0.0,0.639682,0.634562,-0.23513,0.0,0.0,0.509017,0.463077,-0.199494,0.0,0.0,0.501744,0.582912,-0.272456,0.0,0.0,0.491625,0.680552,-0.311528,0.0,0.0,0.481522,0.749174,-0.334898,0.0,0.0,0.44054,0.466641,-0.178994,0.0,0.0,0.405653,0.588909,-0.246309,0.0,0.0,0.384406,0.693918,-0.276628,0.0,0.0,0.373194,0.752239,-0.300566,0.0,0.0,0.390668,0.482663,-0.158865,0.0,0.0,0.355104,0.59047,-0.220614,0.0,0.0,0.333305,0.686365,-0.259012,0.0,0.0,0.326943,0.726481,-0.284066,0.0,0.0,0.361329,0.499737,-0.141643,0.0,0.0,0.310954,0.574185,-0.19765,0.0,0.0,0.283065,0.630926,-0.238073,0.0,0.0,0.269371,0.659009,-0.267035,0.0,0.0
video2.mp4,f6bad3096563fbb6012549a50507af13b3de6a1c0921cc34f5e580d9981271d8,1280,720,12.08,150,12.417,9,750,Right,0.949339,0.499002,0.339308,0.0,0.0,0.0,0.55488,0.418047,-0.06071,0.0,0.0,0.597255,0.510196,-0.11016,0.0,0.0,0.62549,0.591218,-0.147384,0.0,0.0,0.647756,0.649216,-0.183475,0.0,0.0,0.523408,0.446557,-0.155457,0.0,0.0,0.505857,0.560313,-0.217269,0.0,0.0,0.49903,0.66108,-0.246227,0.0,0.0,0.494634,0.749178,-0.261523,0.0,0.0,0.459596,0.426283,-0.143672,0.0,0.0,0.421718,0.514169,-0.198859,0.0,0.0,0.403502,0.616429,-0.212411,0.0,0.0,0.392148,0.694783,-0.221797,0.0,0.0,0.41183,0.431192,-0.132928,0.0,0.0,0.368117,0.514024,-0.186683,0.0,0.0,0.34652,0.615114,-0.2027,0.0,0.0,0.333451,0.699818,-0.209094,0.0,0.0,0.383167,0.4537,-0.124131,0.0,0.0,0.333313,0.516171,-0.168127,0.0,0.0,0.307271,0.588161,-0.187271,0.0,0.0,0.287961,0.660209,-0.198562,0.0,0.0
video2.mp4,f6bad3096563fbb6012549a50507af13b3de6a1c0921cc34f5e580d9981271d8,1280,720,12.08,150,12.417,10,833,Right,0.905747,0.495278,0.398247,0.0,0.0,0.0,0.549777,0.444635,-0.072157,0.0,0.0,0.600138,0.508549,-0.131007,0.0,0.0,0.634113,0.572329,-0.177439,0.0,0.0,0.660427,0.633218,-0.223496,0.0,0.0,0.530196,0.469991,-0.165949,0.0,0.0,0.526343,0.577134,-0.229024,0.0,0.0,0.52069,0.663217,-0.26297,0.0,0.0,0.515009,0.730566,-0.28229,0.0,0.0,0.469507,0.471764,-0.150809,0.0,0.0,0.44699,0.588376,-0.20374,0.0,0.0,0.421039,0.671118,-0.222212,0.0,0.0,0.401349,0.714381,-0.237916,0.0,0.0,0.419027,0.48644,-0.137009,0.0,0.0,0.389215,0.590331,-0.185645,0.0,0.0,0.362752,0.661138,-0.204793,0.0,0.0,0.345168,0.695815,-0.216691,0.0,0.0,0.386245,0.505511,-0.126833,0.0,0.0,0.346899,0.574392,-0.164689,0.0,0.0,0.320432,0.625419,-0.184213,0.0,0.0,0.300806,0.656594,-0.198572,0.0,0.0
video2.mp4,f6bad3096563fbb6012549a50507af13b3de6a1c0921cc34f5e580d9981271d8,1280,720,12.08,150,12.417,11,916,Right,0.956303,0.488676,0.413332,-0.0,0.0,0.0,0.551589,0.441729,-0.064055,0.0,0.0,0.602085,0.504248,-0.116649,0.0,0.0,0.642561,0.580132,-0.156931,0.0,0.0,0.675731,0.653106,-0.19831,0.0,0.0,0.533475,0.439835,-0.161354,0.0,0.0,0.537981,0.491803,-0.223517,0.0,0.0,0.544988,0.556348,-0.258277,0.0,0.0,0.551688,0.625772,-0.280071,0.0,0.0,0.473361,0.460827,-0.149925,0.0,0.0,0.460339,0.543197,-0.204214,0.0,0.0,0.460918,0.629032,-0.225557,0.0,0.0,0.464587,0.697696,-0.245174,0.0,0.0,0.426327,0.49532,-0.138778,0.0,0.0,0.404205,0.583327,-0.193005,0.0,0.0,0.397801,0.678798,-0.219197,0.0,0.0,0.397506,0.753005,-0.237184,0.0,0.0,0.399092,0.530869,-0.129144,0.0,0.0,0.36251,0.597788,-0.171934,0.0,0.0,0.340137,0.654437,-0.195895,0.0,0.0,0.32371,0.70464,-0.215444,0.0,0.0
video2.mp4,f6bad3096563fbb6012549a50507af13b3de6a1c0921cc34f5e580d9981271d8,1280,720,12.08,150,12.417,12,1000,Right,0.589404,0.503884,0.400732,0.0,0.0,0.0,0.564138,0.441858,-0.054551,0.0,0.0,0.608588,0.514105,-0.10447,0.0,0.0,0.640409,0.587232,-0.14461,0.0,0.0,0.671698,0.656419,-0.186794,0.0,0.0,0.546972,0.497564,-0.149667,0.0,0.0,0.549243,0.537731,-0.215396,0.0,0.0,0.553547,0.580195,-0.252714,0.0,0.0,0.559523,0.621028,-0.275053,0.0,0.0,0.487785,0.512277,-0.146665,0.0,0.0,0.47315,0.609205,-0.207538,0.0,0.0,0.466698,0.667427,-0.234594,0.0,0.0,0.463777,0.701845,-0.255426,0.0,0.0,0.438426,0.528444,-0.143667,0.0,0.0,0.413395,0.631988,-0.20095,0.0,0.0,0.402967,0.71384,-0.229889,0.0,0.0,0.397544,0.777042,-0.24903,0.0,0.0,0.403442,0.532565,-0.141313,0.0,0.0,0.363474,0.611129,-0.185764,0.0,0.0,0.335991,0.665859,-0.210374,0.0,0.0,0.314784,0.716877,-0.22963,0.0,0.0
video2.mp4,f6bad3096563fbb6012549a50507af13b3de6a1c0921cc34f5e580d9981271d8,1280,720,12.08,150,12.417,13,1083,Right,0.732417,0.486816,0.370676,0.0,0.0,0.0,0.548029,0.413792,-0.056264,0.0,0.0,0.595875,0.490845,-0.098378,0.0,0.0,0.633418,0.566512,-0.130798,0.0,0.0,0.668045,0.631466,-0.164441,0.0,0.0,0.538214,0.495302,-0.139785,0.0,0.0,0.571314,0.624042,-0.193461,0.0,0.0,0.59625,0.729484,-0.219969,0.0,0.0,0.617766,0.819122,-0.236475,0.0,0.0,0.483479,0.5098,-0.133379,0.0,0.0,0.482161,0.646212,-0.18799,0.0,0.0,0.481865,0.740785,-0.211014,0.0,0.0,0.47998,0.809102,-0.227542,0.0,0.0,0.436184,0.516198,-0.126805,0.0,0.0,0.416199,0.616274,-0.179129,0.0,0.0,0.403152,0.70078,-0.203579,0.0,0.0,0.394536,0.765922,-0.217621,0.0,0.0,0.399174,0.514095,-0.12198,0.0,0.0,0.361506,0.600849,-0.162568,0.0,0.0,0.334857,0.656748,-0.183205,0.0,0.0,0.313018,0.702665,-0.197593,0.0,0.0
video2.mp4,f6bad3096563fbb6012549a50507af13b3de6a1c0921cc34f5e580d9981271d8,1280,720,12.08,150,12.417,14,1166,Right,0.761897,0.484594,0.36531,0.0,0.0,0.0,0.543205,0.432031,-0.041299,0.0,0.0,0.594451,0.520673,-0.072697,0.0,0.0,0.637735,0.595159,-0.095287,0.0,0.0,0.671956,0.654072,-0.11856,0.0,0.0,0.5354,0.505561,-0.116806,0.0,0.0,0.553737,0.620172,-0.160281,0.0,0.0,0.572086,0.707912,-0.181068,0.0,0.0,0.584546,0.791438,-0.194691,0.0,0.0,0.486636,0.5137,-0.113009,0.0,0.0,0.495384,0.641104,-0.159706,0.0,0.0,0.505019,0.749855,-0.179583,0.0,0.0,0.511896,0.845477,-0.195048,0.0,0.0,0.444051,0.516649,-0.107738,0.0,0.0,0.430329,0.623002,-0.155415,0.0,0.0,0.421384,0.716688,-0.176127,0.0,0.0,0.41472,0.802036,-0.188224,0.0,0.0,0.412095,0.513696,-0.102803,0.0,0.0,0.382445,0.594156,-0.143101,0.0,0.0,0.36455,0.654855,-0.163053,0.0,0.0,0.348788,0.716435,-0.176653,0.0,0.0
video2.mp4,f6bad3096563fbb6012549a50507af13b3de6a1c0921cc34f5e580d9981271d8,1280,720,12.08,150,12.417,15,1250,Right,0.884071,0.488159,0.384831,0.0,0.0,0.0,0.551078,0.426508,-0.037963,0.0,0.0,0.602045,0.509966,-0.069459,0.0,0.0,0.634419,0.593353,-0.092909,0.0,0.0,0.663421,0.663903,-0.116645,0.0,0.0,0.538439,0.499341,-0.108834,0.0,0.0,0.548137,0.61415,-0.14828,0.0,0.0,0.557915,0.695353,-0.166515,0.0,0.0,0.563007,0.769339,-0.178076,0.0,0.0,0.485846,0.509175,-0.105023,0.0,0.0,0.482809,0.617788,-0.141586,0.0,0.0,0.485538,0.704475,-0.152647,0.0,0.0,0.48512,0.775684,-0.162853,0.0,0.0,0.441495,0.514894,-0.100349,0.0,0.0,0.417805,0.623207,-0.139813,0.0,0.0,0.404858,0.709434,-0.153195,0.0,0.0,0.394984,0.781815,-0.161489,0.0,0.0,0.405734,0.514191,-0.09598,0.0,0.0,0.368686,0.600697,-0.130753,0.0,0.0,0.343348,0.660165,-0.145398,0.0,0.0,0.320218,0.713294,-0.15534,0.0,0.0
video2.mp4,f6bad3096563fbb6012549a50507af13b3de6a1c0921cc34f5e580d9981271d8,1280,720,12.08,150,12.417,16,1333,Right,0.533215,0.488887,0.39525,0.0,0.0,0.0,0.553799,0.429257,-0.044798,0.0,0.0,0.604886,0.505115,-0.077954,0.0,0.0,0.634317,0.58658,-0.10267,0.0,0.0,0.662626,0.659298,-0.128324,0.0,0.0,0.540923,0.506541,-0.110772,0.0,0.0,0.547929,0.583205,-0.153675,0.0,0.0,0.548405,0.644305,-0.175285,0.0,0.0,0.544892,0.703954,-0.189306,0.0,0.0,0.485929,0.526618,-0.107221,0.0,0.0,0.485316,0.634209,-0.149684,0.0,0.0,0.485105,0.724643,-0.168139,0.0,0.0,0.481317,0.792728,-0.184249,0.0,0.0,0.439584,0.53521,-0.103753,0.0,0.0,0.422179,0.633835,-0.148137,0.0,0.0,0.411184,0.715151,-0.167445,0.0,0.0,0.402459,0.780824,-0.180577,0.0,0.0,0.402299,0.528605,-0.101396,0.0,0.0,0.367252,0.607047,-0.141009,0.0,0.0,0.341345,0.658953,-0.159964,0.0,0.0,0.320024,0.702787,-0.173896,0.0,0.0
video2.mp4,f6bad3096563fbb6012549a50507af13b3de6a1c0921cc34f5e580d9981271d8,1280,720,12.08,150,12.417,17,1416,Right,0.572059,0.484723,0.383243,0.0,0.0,0.0,0.549839,0.421383,-0.048994,0.0,0.0,0.599661,0.492914,-0.084742,0.0,0.0,0.627572,0.573294,-0.111517,0.0,0.0,0.657595,0.644762,-0.138758,0.0,0.0,0.537969,0.521141,-0.117396,0.0,0.0,0.558728,0.62821,-0.164093,0.0,0.0,0.574098,0.713385,-0.187098,0.0,0.0,0.582655,0.785102,-0.201408,0.0,0.0,0.483205,0.537092,-0.112314,0.0,0.0,0.485228,0.653917,-0.158084,0.0,0.0,0.485501,0.749399,-0.176935,0.0,0.0,0.481301,0.818958,-0.192032,0.0,0.0,0.437564,0.539076,-0.107764,0.0,0.0,0.420629,0.641909,-0.156202,0.0,0.0,0.408325,0.728678,-0.177331,0.0,0.0,0.398895,0.794385,-0.190064,0.0,0.0,0.39988,0.52829,-0.10449,0.0,0.0,0.362466,0.612369,-0.147514,0.0,0.0,0.337269,0.666991,-0.168405,0.0,0.0,0.317632,0.71102,-0.182263,0.0,0.0
video2.mp4,f6bad3096563fbb6012549a50507af13b3de6a1c0921cc34f5e580d9981271d8,1280,720,12.08,150,12.417,18,1500,Right,0.664698,0.485015,0.386086,0.0,0.0,0.0,0.549683,0.423452,-0.053038,0.0,0.0,0.598802,0.487168,-0.093999,0.0,0.0,0.626793,0.560847,-0.124895,0.0,0.0,0.656063,0.632656,-0.156138,0.0,0.0,0.538423,0.520736,-0.13483,0.0,0.0,0.560702,0.636755,-0.189589,0.0,0.0,0.573385,0.72535,-0.216869,0.0,0.0,0.579495,0.794389,-0.232847,0.0,0.0,0.483673,0.535502,-0.128217,0.0,0.0,0.482835,0.650276,-0.183567,0.0,0.0,0.483228,0.746476,-0.207645,0.0,0.0,0.480541,0.818952,-0.225586,0.0,0.0,0.437793,0.537716,-0.121386,0.0,0.0,0.418321,0.633988,-0.177112,0.0,0.0,0.406986,0.720799,-0.202057,0.0,0.0,0.398064,0.787652,-0.216505,0.0,0.0,0.400522,0.529834,-0.115517,0.0,0.0,0.36199,0.608312,-0.163666,0.0,0.0,0.336314,0.662981,-0.188103,0.0,0.0,0.315242,0.70921,-0.204057,0.0,0.0
video2.mp4,f6bad3096563fbb6012549a50507af13b3de6a1c0921cc34f5e580d9981271d8,1280,720,12.08,150,12.417,19,1583,Right,0.617969,0.483469,0.39228,0.0,0.0,0.0,0.547278,0.412161,-0.053874,0.0,0.0,0.597411,0.462846,-0.09474,0.0,0.0,0.623314,0.526848,-0.125743,0.0,0.0,0.645201,0.601044,-0.157181,0.0,0.0,0.531909,0.511255,-0.12997,0.0,0.0,0.552948,0.624661,-0.18135,0.0,0.0,0.567616,0.71269,-0.209073,0.0,0.0,0.576356,0.789553,-0.227131,0.0,0.0,0.477549,0.526708,-0.123042,0.0,0.0,0.475779,0.636832,-0.172569,0.0,0.0,0.4763,0.727326,-0.196117,0.0,0.0,0.474273,0.80523,-0.215102,0.0,0.0,0.433554,0.531993,-0.116037,0.0,0.0,0.413731,0.625281,-0.1646,0.0,0.0,0.403325,0.708665,-0.186309,0.0,0.0,0.395612,0.779606,-0.200259,0.0,0.0,0.398971,0.526218,-0.110794,0.0,0.0,0.360327,0.60034,-0.153764,0.0,0.0,0.336998,0.654543,-0.175115,0.0,0.0,0.317407,0.705333,-0.189572,0.0,0.0
video2.mp4,f6bad3096563fbb6012549a50507af13b3de6a1c0921cc34f5e580d9981271d8,1280,720,12.08,150,12.417,20,1666,Left,0.573184,0.481455,0.390019,0.0,0.0,0.0,0.549402,0.412076,-0.064958,0.0,0.0,0.600012,0.470725,-0.111934,0.0,0.0,0.627296,0.535723,-0.146912,0.0,0.0,0.644447,0.612888,-0.182807,0.0,0.0,0.528278,0.505313,-0.147743,0.0,0.0,0.545285,0.620798,-0.205962,0.0,0.0,0.563386,0.711527,-0.239955,0.0,0.0,0.576074,0.793902,-0.263113,0.0,0.0,0.47625,0.518716,-0.136249,0.0,0.0,0.472086,0.628472,-0.195032,0.0,0.0,0.472878,0.723064,-0.225801,0.0,0.0,0.473859,0.81062,-0.250238,0.0,0.0,0.432562,0.525168,-0.124543,0.0,0.0,0.41105,0.616305,-0.177336,0.0,0.0,0.399165,0.700293,-0.201165,0.0,0.0,0.391225,0.773634,-0.217226,0.0,0.0,0.398421,0.522263,-0.115684,0.0,0.0,0.357103,0.59544,-0.160417,0.0,0.0,0.334336,0.653736,-0.18371,0.0,0.0,0.315662,0.710401,-0.200558,0.0,0.0
video2.mp4,f6bad3096563fbb6012549a50507af13b3de6a1c0921cc34f5e580d9981271d8,1280,720,12.08,150,12.417,21,1750,Right,0.556256,0.483888,0.376481,1e-06,0.0,0.0,0.551334,0.404822,-0.071113,0.0,0.0,0.600564,0.461933,-0.124724,0.0,0.0,0.624875,0.523506,-0.164875,0.0,0.0,0.641722,0.599746,-0.205535,0.0,0.0,0.534341,0.509443,-0.166107,0.0,0.0,0.55535,0.636697,-0.231627,0.0,0.0,0.572158,0.731691,-0.268888,0.0,0.0,0.581889,0.803423,-0.292938,0.0,0.0,0.479101,0.524271,-0.153293,0.0,0.0,0.474026,0.63931,-0.219846,0.0,0.0,0.471902,0.736318,-0.255527,0.0,0.0,0.468916,0.815348,-0.283345,0.0,0.0,0.433352,0.530553,-0.140277,0.0,0.0,0.407447,0.622275,-0.199883,0.0,0.0,0.3926,0.712681,-0.232939,0.0,0.0,0.381931,0.78171,-0.255643,0.0,0.0,0.396267,0.526424,-0.129713,0.0,0.0,0.351175,0.59887,-0.181041,0.0,0.0,0.327416,0.66203,-0.21323,0.0,0.0,0.309256,0.717962,-0.23699,0.0,0.0
video2.mp4,f6bad3096563fbb6012549a50507af13b3de6a1c0921cc34f5e580d9981271d8,1280,720,12.08,150,12.417,22,1833,Left,0.567865,0.480446,0.366217,1e-06,0.0,0.0,0.547017,0.397852,-0.072173,0.0,0.0,0.600288,0.44819,-0.130244,0.0,0.0,0.63018,0.501868,-0.175159,0.0,0.0,0.655646,0.570249,-0.220403,0.0,0.0,0.550991,0.543425,-0.177797,0.0,0.0,0.581125,0.689907,-0.251909,0.0,0.0,0.586441,0.774142,-0.291542,0.0,0.0,0.580174,0.797002,-0.312606,0.0,0.0,0.489227,0.555562,-0.167752,0.0,0.0,0.494418,0.689417,-0.237953,0.0,0.0,0.485901,0.787087,-0.274488,0.0,0.0,0.473529,0.831093,-0.30155,0.0,0.0,0.435252,0.544606,-0.158925,0.0,0.0,0.415919,0.649306,-0.225656,0.0,0.0,0.399763,0.751059,-0.270168,0.0,0.0,0.387391,0.799508,-0.299942,0.0,0.0,0.388058,0.515757,-0.151479,0.0,0.0,0.345293,0.597657,-0.212255,0.0,0.0,0.324194,0.675607,-0.255105,0.0,0.0,0.309836,0.725632,-0.285828,0.0,0.0
video2.mp4,f6bad3096563fbb6012549a50507af13b3de6a1c0921cc34f5e580d9981271d8,1280,720,12.08,150,12.417,23,1916,Right,0.704073,0.48136,0.41667,1e-06,0.0,0.0,0.554063,0.457997,-0.063866,0.0,0.0,0.611471,0.524594,-0.117093,0.0,0.0,0.648448,0.601231,-0.156404,0.0,0.0,0.678707,0.689386,-0.195364,0.0,0.0,0.556984,0.526433,-0.185334,0.0,0.0,0.583332,0.682542,-0.254745,0.0,0.0,0.589278,0.777058,-0.285738,0.0,0.0,0.584668,0.813488,-0.301165,0.0,0.0,0.491023,0.53339,-0.177329,0.0,0.0,0.496242,0.678718,-0.246805,0.0,0.0,0.491778,0.789665,-0.271639,0.0,0.0,0.483897,0.840041,-0.289668,0.0,0.0,0.431858,0.527887,-0.168666,0.0,0.0,0.418855,0.645485,-0.237076,0.0,0.0,0.404987,0.753683,-0.269494,0.0,0.0,0.392889,0.812091,-0.290056,0.0,0.0,0.383523,0.516802,-0.160198,0.0,0.0,0.343602,0.605497,-0.224411,0.0,0.0,0.32317,0.685471,-0.26099,0.0,0.0,0.307404,0.737492,-0.286268,0.0,0.0
video2.mp4,f6bad3096563fbb6012549a50507af13b3de6a1c0921cc34f5e580d9981271d8,1280,720,12.08,150,12.417,24,2000,Left,0.580561,0.477107,0.430851,0.0,0.0,0.0,0.550297,0.457676,-0.060199,0.0,0.0,0.608131,0.524547,-0.111376,0.0,0.0,0.645968,0.593143,-0.14887,0.0,0.0,0.676754,0.689578,-0.18557,0.0,0.0,0.557375,0.541071,-0.19199,0.0,0.0,0.589961,0.718142,-0.261033,0.0,0.0,0.590688,0.788685,-0.28607,0.0,0.0,0.580318,0.796138,-0.296777,0.0,0.0,0.490816,0.550819,-0.187382,0.0,0.0,0.49769,0.703491,-0.26181,0.0,0.0,0.491758,0.796368,-0.285975,0.0,0.0,0.483669,0.838059,-0.302548,0.0,0.0,0.431971,0.543835,-0.181125,0.0,0.0,0.417705,0.659876,-0.254123,0.0,0.0,0.404352,0.757379,-0.285026,0.0,0.0,0.393535,0.818356,-0.304555,0.0,0.0,0.383831,0.527911,-0.174369,0.0,0.0,0.34563,0.611309,-0.245249,0.0,0.0,0.324432,0.681704,-0.28257,0.0,0.0,0.309042,0.732865,-0.307677,0.0,0.0
video2.mp4,f6bad3096563fbb6012549a50507af13b3de6a1c0921cc34f5e580d9981271d8,1280,720,12.08,150,12.417,25,2083,Left,0.753806,0.483807,0.411547,1e-06,0.0,0.0,0.549538,0.434384,-0.066881,0.0,0.0,0.609966,0.501139,-0.11665,0.0,0.0,0.641169,0.573905,-0.154272,0.0,0.0,0.671225,0.672435,-0.191691,0.0,0.0,0.562077,0.559654,-0.159754,0.0,0.0,0.596105,0.707321,-0.224995,0.0,0.0,0.612772,0.7844,-0.258457,0.0,0.0,0.616654,0.828329,-0.277653,0.0,0.0,0.496042,0.580758,-0.152676,0.0,0.0,0.502113,0.708921,-0.220831,0.0,0.0,0.502004,0.800658,-0.25415,0.0,0.0,0.493637,0.865365,-0.277886,0.0,0.0,0.438611,0.577378,-0.146033,0.0,0.0,0.420455,0.684777,-0.214332,0.0,0.0,0.406313,0.762111,-0.24452,0.0,0.0,0.391468,0.822314,-0.263075,0.0,0.0,0.39378,0.554745,-0.14086,0.0,0.0,0.355258,0.627721,-0.204679,0.0,0.0,0.32779,0.68576,-0.234646,0.0,0.0,0.302686,0.737287,-0.253725,0.0,0.0
video2.mp4,f6bad3096563fbb6012549a50507af13b3de6a1c0921cc34f5e580d9981271d8,1280,720,12.08,150,12.417,26,2166,Right,0.788859,0.492215,0.391648,0.0,0.0,0.0,0.557498,0.43552,-0.03957,0.0,0.0,0.615065,0.512796,-0.07309,0.0,0.0,0.64844,0.595733,-0.099024,0.0,0.0,0.678007,0.680499,-0.124723,0.0,0.0,0.557575,0.540626,-0.113805,0.0,0.0,0.581398,0.671683,-0.155001,0.0,0.0,0.590542,0.756872,-0.172549,0.0,0.0,0.594345,0.833939,-0.183427,0.0,0.0,0.49744,0.549635,-0.113143,0.0,0.0,0.496929,0.672783,-0.15406,0.0,0.0,0.494895,0.767877,-0.16807,0.0,0.0,0.489789,0.84539,-0.179406,0.0,0.0,0.446936,0.549567,-0.111818,0.0,0.0,0.424204,0.660518,-0.158424,0.0,0.0,0.407335,0.748047,-0.176793,0.0,0.0,0.393535,0.819456,-0.187425,0.0,0.0,0.405363,0.540934,-0.110626,0.0,0.0,0.356573,0.621728,-0.15537,0.0,0.0,0.322002,0.675961,-0.175245,0.0,0.0,0.291258,0.72363,-0.187134,0.0,0.0
video2.mp4,f6bad3096563fbb6012549a50507af13b3de6a1c0921cc34f5e580d9981271d8,1280,720,12.08,150,12.417,27,2250,Right,0.502871,0.491022,0.396612,1e-06,0.0,0.0,0.557581,0.449908,-0.056915,0.0,0.0,0.612017,0.536831,-0.097122,0.0,0.0,0.648547,0.611015,-0.126384,0.0,0.0,0.678614,0.685642,-0.157117,0.0,0.0,0.554845,0.530148,-0.152545,0.0,0.0,0.571095,0.677435,-0.210337,0.0,0.0,0.587062,0.770021,-0.240499,0.0,0.0,0.598352,0.855193,-0.261364,0.0,0.0,0.501906,0.535355,-0.149168,0.0,0.0,0.507389,0.668507,-0.212791,0.0,0.0,0.517108,0.767396,-0.247009,0.0,0.0,0.520757,0.85861,-0.273514,0.0,0.0,0.454541,0.52896,-0.144087,0.0,0.0,0.430112,0.63502,-0.210998,0.0,0.0,0.411184,0.722114,-0.246724,0.0,0.0,0.392045,0.807418,-0.270608,0.0,0.0,0.416703,0.506628,-0.139766,0.0,0.0,0.37238,0.552303,-0.205079,0.0,0.0,0.334594,0.58001,-0.23824,0.0,0.0,0.297854,0.610965,-0.26014,0.0,0.0
video2.mp4,f6bad3096563fbb6012549a50507af13b3de6a1c0921cc34f5e580d9981271d8,1280,720,12.08,150,12.417,28,2333,Right,0.547469,0.492861,0.386837,1e-06,0.0,0.0,0.557865,0.444947,-0.042087,0.0,0.0,0.612358,0.530722,-0.079544,0.0,0.0,0.649979,0.605102,-0.110557,0.0,0.0,0.684318,0.673516,-0.143056,0.0,0.0,0.571895,0.541214,-0.121401,0.0,0.0,0.593091,0.685237,-0.175965,0.0,0.0,0.604262,0.778982,-0.206066,0.0,0.0,0.613109,0.844298,-0.223897,0.0,0.0,0.521327,0.543371,-0.124055,0.0,0.0,0.531766,0.683209,-0.180246,0.0,0.0,0.534194,0.791446,-0.206942,0.0,0.0,0.533148,0.870826,-0.225421,0.0,0.0,0.470515,0.534791,-0.126373,0.0,0.0,0.454922,0.655616,-0.182704,0.0,0.0,0.433307,0.75219,-0.208765,0.0,0.0,0.414957,0.831538,-0.224347,0.0,0.0,0.42381,0.515225,-0.129014,0.0,0.0,0.384024,0.590707,-0.180836,0.0,0.0,0.353587,0.644718,-0.203901,0.0,0.0,0.327232,0.695166,-0.218112,0.0,0.0
video2.mp4,f6bad3096563fbb6012549a50507af13b3de6a1c0921cc34f5e580d9981271d8,1280,720,12.08,150,12.417,29,2416,Right,0.705895,0.491461,0.396682,1e-06,0.0,0.0,0.558388,0.441663,-0.045431,0.0,0.0,0.617677,0.534207,-0.074979,0.0,0.0,0.655361,0.608799,-0.094462,0.0,0.0,0.69205,0.669001,-0.11452,0.0,0.0,0.557805,0.533144,-0.113267,0.0,0.0,0.571494,0.61911,-0.15446,0.0,0.0,0.575829,0.68003,-0.176275,0.0,0.0,0.580105,0.747255,-0.191185,0.0,0.0,0.499758,0.532279,-0.109747,0.0,0.0,0.498314,0.657823,-0.152007,0.0,0.0,0.495576,0.754177,-0.173941,0.0,0.0,0.491518,0.84394,-0.192029,0.0,0.0,0.448415,0.526951,-0.105597,0.0,0.0,0.42564,0.640962,-0.153722,0.0,0.0,0.406402,0.734515,-0.178526,0.0,0.0,0.389389,0.821138,-0.193963,0.0,0.0,0.408621,0.512833,-0.101735,0.0,0.0,0.371226,0.603992,-0.143359,0.0,0.0,0.341565,0.666095,-0.162304,0.0,0.0,0.311712,0.726254,-0.175676,0.0,0.0
video2.mp4,f6bad3096563fbb6012549a50507af13b3de6a1c0921cc34f5e580d9981271d8,1280,720,12.08,150,12.417,30,2500,Right,0.704418,0.491732,0.39028,1e-06,0.0,0.0,0.559489,0.446517,-0.046866,0.0,0.0,0.614371,0.534697,-0.081702,0.0,0.0,0.657994,0.605623,-0.108192,0.0,0.0,0.698885,0.666439,-0.136367,0.0,0.0,0.559458,0.553639,-0.119653,0.0,0.0,0.573291,0.67644,-0.163182,0.0,0.0,0.584821,0.761972,-0.184986,0.0,0.0,0.594945,0.839849,-0.200175,0.0,0.0,0.502551,0.557747,-0.117362,0.0,0.0,0.504697,0.6857,-0.162806,0.0,0.0,0.507891,0.781526,-0.184322,0.0,0.0,0.508575,0.863746,-0.201889,0.0,0.0,0.451658,0.5495,-0.114689,0.0,0.0,0.424784,0.660843,-0.166073,0.0,0.0,0.406378,0.752921,-0.19246,0.0,0.0,0.391453,0.832053,-0.209479,0.0,0.0,0.408181,0.531782,-0.112434,0.0,0.0,0.357398,0.615376,-0.158785,0.0,0.0,0.322185,0.672538,-0.182487,0.0,0.0,0.290533,0.726083,-0.199125,0.0,0.0
video2.mp4,f6bad3096563fbb6012549a50507af13b3de6a1c0921cc34f5e580d9981271d8,1280,720,12.08,150,12.417,31,2583,Left,0.666291,0.490308,0.397531,1e-06,0.0,0.0,0.557456,0.449088,-0.064554,0.0,0.0,0.616092,0.527643,-0.113704,0.0,0.0,0.658702,0.593871,-0.151596,0.0,0.0,0.695937,0.658777,-0.189896,0.0,0.0,0.56128,0.553671,-0.167287,0.0,0.0,0.580497,0.693804,-0.233619,0.0,0.0,0.596145,0.786508,-0.266899,0.0,0.0,0.606079,0.847147,-0.286541,0.0,0.0,0.503034,0.557359,-0.160362,0.0,0.0,0.509529,0.67998,-0.233342,0.0,0.0,0.517324,0.772421,-0.266941,0.0,0.0,0.517402,0.834266,-0.290782,0.0,0.0,0.450412,0.543329,-0.152687,0.0,0.0,0.418181,0.631438,-0.228747,0.0,0.0,0.398463,0.692878,-0.263066,0.0,0.0,0.380335,0.73607,-0.281992,0.0,0.0,0.404163,0.517199,-0.145832,0.0,0.0,0.350736,0.586982,-0.21399,0.0,0.0,0.30899,0.63012,-0.24766,0.0,0.0,0.271361,0.662355,-0.268647,0.0,0.0
video2.mp4,f6bad3096563fbb6012549a50507af13b3de6a1c0921cc34f5e580d9981271d8,1280,720,12.08,150,12.417,32,2666,Left,0.73652,0.489917,0.387926,0.0,0.0,0.0,0.555655,0.43585,-0.055624,0.0,0.0,0.614424,0.518785,-0.0988,0.0,0.0,0.651604,0.595579,-0.132924,0.0,0.0,0.684505,0.679119,-0.167236,0.0,0.0,0.560592,0.567885,-0.138626,0.0,0.0,0.584196,0.70513,-0.200704,0.0,0.0,0.598842,0.779781,-0.233573,0.0,0.0,0.60847,0.822309,-0.251465,0.0,0.0,0.500667,0.579976,-0.134016,0.0,0.0,0.502357,0.693336,-0.190801,0.0,0.0,0.504734,0.772537,-0.214005,0.0,0.0,0.50208,0.825856,-0.23122,0.0,0.0,0.448383,0.568383,-0.131086,0.0,0.0,0.421931,0.662052,-0.193059,0.0,0.0,0.405321,0.732054,-0.219911,0.0,0.0,0.390108,0.785809,-0.235974,0.0,0.0,0.403583,0.537049,-0.129194,0.0,0.0,0.354737,0.60752,-0.186721,0.0,0.0,0.31787,0.654678,-0.213714,0.0,0.0,0.283093,0.691419,-0.230635,0.0,0.0
video2.mp4,f6bad3096563fbb6012549a50507af13b3de6a1c0921cc34f5e580d9981271d8,1280,720,12.08,150,12.417,33,2750,Right,0.500328,0.488909,0.393628,0.0,0.0,0.0,0.554796,0.435563,-0.051774,0.0,0.0,0.607987,0.514046,-0.094423,0.0,0.0,0.637425,0.59069,-0.128236,0.0,0.0,0.665386,0.673056,-0.162169,0.0,0.0,0.551536,0.54696,-0.133437,0.0,0.0,0.570908,0.663212,-0.193953,0.0,0.0,0.579466,0.734547,-0.226632,0.0,0.0,0.583038,0.774447,-0.244178,0.0,0.0,0.49318,0.562915,-0.129196,0.0,0.0,0.488959,0.672857,-0.185069,0.0,0.0,0.487109,0.757996,-0.210192,0.0,0.0,0.483096,0.818238,-0.228909,0.0,0.0,0.443045,0.561682,-0.125632,0.0,0.0,0.415421,0.658095,-0.184412,0.0,0.0,0.401091,0.737289,-0.211313,0.0,0.0,0.39032,0.802269,-0.228084,0.0,0.0,0.402175,0.5424,-0.1227,0.0,0.0,0.346829,0.606633,-0.176769,0.0,0.0,0.309184,0.650395,-0.202489,0.0,0.0,0.276852,0.688122,-0.218968,0.0,0.0
video2.mp4,f6bad3096563fbb6012549a50507af13b3de6a1c0921cc34f5e580d9981271d8,1280,720,12.08,150,12.417,34,2833,Right,0.550376,0.498572,0.385751,1e-06,0.0,0.0,0.559476,0.433419,-0.053719,0.0,0.0,0.612053,0.510314,-0.096536,0.0,0.0,0.645177,0.585916,-0.130369,0.0,0.0,0.668483,0.669657,-0.165432,0.0,0.0,0.557993,0.537115,-0.140511,0.0,0.0,0.575258,0.676658,-0.197318,0.0,0.0,0.586456,0.772955,-0.227872,0.0,0.0,0.59152,0.845051,-0.247458,0.0,0.0,0.504196,0.546815,-0.136767,0.0,0.0,0.505413,0.683899,-0.193017,0.0,0.0,0.506907,0.7892,-0.221659,0.0,0.0,0.504304,0.86626,-0.244715,0.0,0.0,0.456636,0.536793,-0.132699,0.0,0.0,0.430777,0.644932,-0.193533,0.0,0.0,0.412776,0.734597,-0.228523,0.0,0.0,0.397222,0.799475,-0.252465,0.0,0.0,0.415384,0.507571,-0.129227,0.0,0.0,0.356237,0.559837,-0.191363,0.0,0.0,0.314813,0.597262,-0.226829,0.0,0.0,0.279993,0.62371,-0.250897,0.0,0.0
video2.mp4,f6bad3096563fbb6012549a50507af13b3de6a1c0921cc34f5e580d9981271d8,1280,720,12.08,150,12.417,35,2916,Left,0.556659,0.495268,0.3953,1e-06,0.0,0.0,0.558013,0.435827,-0.060159,0.0,0.0,0.610598,0.506763,-0.111757,0.0,0.0,0.644715,0.569537,-0.15346,0.0,0.0,0.65622,0.653496,-0.196811,0.0,0.0,0.564692,0.528696,-0.167246,0.0,0.0,0.58277,0.659383,-0.234127,0.0,0.0,0.595567,0.74996,-0.27175,0.0,0.0,0.603207,0.812108,-0.296897,0.0,0.0,0.51302,0.531566,-0.16429,0.0,0.0,0.521393,0.662448,-0.235316,0.0,0.0,0.52723,0.753556,-0.272526,0.0,0.0,0.529728,0.812775,-0.300948,0.0,0.0,0.462361,0.523355,-0.160102,0.0,0.0,0.443378,0.620194,-0.231106,0.0,0.0,0.426284,0.688522,-0.269935,0.0,0.0,0.412191,0.730894,-0.296133,0.0,0.0,0.416126,0.498265,-0.156712,0.0,0.0,0.359172,0.555788,-0.226276,0.0,0.0,0.318667,0.593566,-0.266576,0.0,0.0,0.283712,0.616086,-0.294345,0.0,0.0
video2.mp4,f6bad3096563fbb6012549a50507af13b3de6a1c0921cc34f5e580d9981271d8,1280,720,12.08,150,12.417,36,3000,Right,0.646278,0.496483,0.391062,1e-06,0.0,0.0,0.555679,0.436886,-0.049922,0.0,0.0,0.61199,0.508078,-0.091656,0.0,0.0,0.647961,0.577639,-0.124286,0.0,0.0,0.658613,0.663547,-0.157475,0.0,0.0,0.560707,0.525579,-0.136667,0.0,0.0,0.578045,0.659904,-0.191973,0.0,0.0,0.588647,0.754951,-0.220215,0.0,0.0,0.59396,0.833494,-0.237123,0.0,0.0,0.507372,0.52973,-0.132693,0.0,0.0,0.511387,0.669179,-0.184113,0.0,0.0,0.511246,0.782894,-0.203501,0.0,0.0,0.505573,0.873488,-0.218398,0.0,0.0,0.459618,0.523901,-0.128536,0.0,0.0,0.438607,0.639898,-0.182518,0.0,0.0,0.41833,0.741153,-0.205286,0.0,0.0,0.398225,0.82481,-0.219027,0.0,0.0,0.418287,0.506155,-0.125304,0.0,0.0,0.370413,0.57759,-0.178511,0.0,0.0,0.336267,0.638701,-0.203385,0.0,0.0,0.304394,0.696718,-0.218592,0.0,0.0
video2.mp4,f6bad3096563fbb6012549a50507af13b3de6a1c0921cc34f5e580d9981271d8,1280,720,12.08,150,12.417,37,3083,Right,0.787205,0.492334,0.403979,1e-06,0.0,0.0,0.555597,0.437462,-0.050062,0.0,0.0,0.613336,0.507764,-0.088051,0.0,0.0,0.64771,0.578588,-0.115941,0.0,0.0,0.657911,0.66247,-0.144106,0.0,0.0,0.543862,0.516784,-0.13108,0.0,0.0,0.556212,0.636189,-0.18094,0.0,0.0,0.56111,0.719737,-0.208364,0.0,0.0,0.562985,0.796834,-0.227031,0.0,0.0,0.485592,0.529641,-0.12512,0.0,0.0,0.480354,0.641553,-0.17158,0.0,0.0,0.47643,0.73064,-0.191669,0.0,0.0,0.471211,0.809127,-0.209289,0.0,0.0,0.43838,0.534389,-0.118833,0.0,0.0,0.413581,0.632126,-0.168189,0.0,0.0,0.39684,0.72421,-0.190343,0.0,0.0,0.383455,0.802348,-0.205643,0.0,0.0,0.401741,0.528518,-0.113507,0.0,0.0,0.347057,0.59975,-0.162153,0.0,0.0,0.308836,0.648612,-0.185469,0.0,0.0,0.275925,0.690014,-0.20105,0.0,0.0
video2.mp4,f6bad3096563fbb6012549a50507af13b3de6a1c0921cc34f5e580d9981271d8,1280,720,12.08,150,12.417,38,3166,Right,0.660566,0.491625,0.406019,0.0,0.0,0.0,0.562045,0.441632,-0.048882,0.0,0.0,0.614825,0.512411,-0.086541,0.0,0.0,0.643239,0.592657,-0.115254,0.0,0.0,0.66921,0.676261,-0.144602,0.0,0.0,0.546615,0.515524,-0.126932,0.0,0.0,0.554332,0.629847,-0.173843,0.0,0.0,0.558287,0.714009,-0.197733,0.0,0.0,0.557865,0.789723,-0.213914,0.0,0.0,0.485816,0.532196,-0.122407,0.0,0.0,0.479357,0.646172,-0.169281,0.0,0.0,0.47618,0.740526,-0.191857,0.0,0.0,0.470025,0.818828,-0.212269,0.0,0.0,0.435267,0.539781,-0.117295,0.0,0.0,0.410851,0.633337,-0.166641,0.0,0.0,0.39757,0.726853,-0.191647,0.0,0.0,0.386704,0.805313,-0.209709,0.0,0.0,0.394354,0.537421,-0.113129,0.0,0.0,0.339928,0.613753,-0.157774,0.0,0.0,0.30235,0.666673,-0.182059,0.0,0.0,0.271427,0.713681,-0.200536,0.0,0.0
video2.mp4,f6bad3096563fbb6012549a50507af13b3de6a1c0921cc34f5e580d9981271d8,1280,720,12.08,150,12.417,39,3250,Right,0.543,0.502991,0.376229,0.0,0.0,0.0,0.565552,0.431999,-0.048416,0.0,0.0,0.614741,0.515028,-0.086739,0.0,0.0,0.643401,0.598853,-0.116976,0.0,0.0,0.669655,0.683343,-0.147629,0.0,0.0,0.560751,0.528674,-0.118355,0.0,0.0,0.570572,0.661801,-0.16802,0.0,0.0,0.576467,0.762059,-0.195099,0.0,0.0,0.578338,0.840754,-0.21182,0.0,0.0,0.507298,0.532872,-0.114427,0.0,0.0,0.504928,0.671039,-0.160713,0.0,0.0,0.504777,0.782634,-0.181457,0.0,0.0,0.50194,0.874772,-0.198739,0.0,0.0,0.461085,0.527941,-0.111179,0.0,0.0,0.435065,0.644631,-0.15923,0.0,0.0,0.418868,0.74858,-0.181612,0.0,0.0,0.405906,0.838312,-0.196786,0.0,0.0,0.421068,0.506886,-0.109262,0.0,0.0,0.373831,0.580754,-0.151777,0.0,0.0,0.34416,0.644794,-0.172915,0.0,0.0,0.320483,0.708084,-0.188292,0.0,0.0
video2.mp4,f6bad3096563fbb6012549a50507af13b3de6a1c0921cc34f5e580d9981271d8,1280,720,12.08,150,12.417,40,3333,Right,0.608442,0.496381,0.385573,1e-06,0.0,0.0,0.5645,0.445499,-0.04134,0.0,0.0,0.616353,0.521106,-0.079285,0.0,0.0,0.645464,0.585356,-0.109237,0.0,0.0,0.654756,0.655544,-0.139694,0.0,0.0,0.564369,0.51713,-0.127866,0.0,0.0,0.574157,0.653481,-0.177316,0.0,0.0,0.57942,0.74748,-0.199964,0.0,0.0,0.581103,0.819189,-0.213986,0.0,0.0,0.511692,0.512352,-0.125974,0.0,0.0,0.508661,0.62471,-0.177953,0.0,0.0,0.501023,0.702216,-0.194304,0.0,0.0,0.494701,0.750938,-0.205887,0.0,0.0,0.464266,0.508726,-0.12323,0.0,0.0,0.459532,0.611422,-0.175026,0.0,0.0,0.461257,0.704082,-0.195444,0.0,0.0,0.465684,0.776716,-0.208576,0.0,0.0,0.423244,0.50293,-0.120441,0.0,0.0,0.388401,0.575885,-0.167075,0.0,0.0,0.369664,0.634101,-0.18995,0.0,0.0,0.355029,0.686217,-0.205745,0.0,0.0
video2.mp4,f6bad3096563fbb6012549a50507af13b3de6a1c0921cc34f5e580d9981271d8,1280,720,12.08,150,12.417,41,3416,Right,0.919198,0.488837,0.392168,1e-06,0.0,0.0,0.548289,0.430062,-0.042624,0.0,0.0,0.607018,0.497145,-0.079573,0.0,0.0,0.644337,0.566921,-0.108991,0.0,0.0,0.645082,0.64545,-0.137943,0.0,0.0,0.556698,0.504798,-0.112663,0.0,0.0,0.569451,0.639398,-0.158461,0.0,0.0,0.575955,0.737995,-0.180761,0.0,0.0,0.578341,0.819617,-0.193904,0.0,0.0,0.503283,0.509102,-0.110423,0.0,0.0,0.511627,0.656625,-0.154803,0.0,0.0,0.510399,0.778295,-0.17014,0.0,0.0,0.506795,0.872234,-0.180986,0.0,0.0,0.455553,0.513747,-0.108212,0.0,0.0,0.448764,0.640654,-0.150579,0.0,0.0,0.434786,0.753328,-0.162629,0.0,0.0,0.424565,0.845081,-0.167907,0.0,0.0,0.416384,0.518149,-0.107293,0.0,0.0,0.396633,0.630241,-0.142258,0.0,0.0,0.385332,0.716791,-0.154697,0.0,0.0,0.376888,0.796374,-0.161968,0.0,0.0
video2.mp4,f6bad3096563fbb6012549a50507af13b3de6a1c0921cc34f5e580d9981271d8,1280,720,12.08,150,12.417,42,3500,Right,0.777485,0.488513,0.394287,1e-06,0.0,0.0,0.54748,0.439039,-0.04451,0.0,0.0,0.604039,0.50551,-0.081983,0.0,0.0,0.639766,0.572044,-0.110697,0.0,0.0,0.648597,0.651848,-0.1385,0.0,0.0,0.553048,0.506615,-0.118344,0.0,0.0,0.56373,0.644826,-0.164624,0.0,0.0,0.564432,0.742296,-0.186659,0.0,0.0,0.562787,0.824985,-0.199895,0.0,0.0,0.500351,0.507655,-0.114206,0.0,0.0,0.501713,0.636599,-0.158196,0.0,0.0,0.497288,0.745432,-0.171755,0.0,0.0,0.491617,0.832046,-0.182331,0.0,0.0,0.454072,0.507479,-0.110258,0.0,0.0,0.439962,0.615367,-0.15437,0.0,0.0,0.422371,0.724431,-0.167265,0.0,0.0,0.409265,0.813196,-0.173773,0.0,0.0,0.417461,0.505963,-0.107398,0.0,0.0,0.398111,0.60165,-0.144978,0.0,0.0,0.385903,0.680797,-0.159163,0.0,0.0,0.376006,0.752501,-0.168162,0.0,0.0
video2.mp4,f6bad3096563fbb6012549a50507af13b3de6a1c0921cc34f5e580d9981271d8,1280,720,12.08,150,12.417,43,3583,Right,0.749113,0.476552,0.410381,1e-06,0.0,0.0,0.53631,0.419051,-0.054048,0.0,0.0,0.589549,0.46385,-0.094499,0.0,0.0,0.619181,0.515825,-0.124637,0.0,0.0,0.643588,0.58106,-0.155313,0.0,0.0,0.528241,0.502754,-0.128143,0.0,0.0,0.539351,0.614605,-0.175608,0.0,0.0,0.539189,0.692401,-0.200833,0.0,0.0,0.537557,0.764326,-0.217423,0.0,0.0,0.473663,0.522061,-0.122127,0.0,0.0,0.471396,0.646579,-0.16715,0.0,0.0,0.468498,0.743021,-0.187468,0.0,0.0,0.463552,0.825062,-0.204614,0.0,0.0,0.431686,0.527786,-0.116809,0.0,0.0,0.413392,0.62896,-0.1646,0.0,0.0,0.398245,0.716957,-0.187372,0.0,0.0,0.385362,0.791524,-0.202762,0.0,0.0,0.401273,0.523521,-0.113035,0.0,0.0,0.3612,0.597584,-0.158486,0.0,0.0,0.330265,0.648388,-0.180288,0.0,0.0,0.30273,0.694054,-0.195323,0.0,0.0
video2.mp4,f6bad3096563fbb6012549a50507af13b3de6a1c0921cc34f5e580d9981271d8,1280,720,12.08,150,12.417,44,3666,Right,0.621361,0.487142,0.409657,1e-06,0.0,0.0,0.552648,0.423797,-0.06002,0.0,0.0,0.598609,0.462378,-0.106348,0.0,0.0,0.617092,0.514108,-0.141155,0.0,0.0,0.639108,0.583054,-0.177007,0.0,0.0,0.537981,0.519904,-0.15032,0.0,0.0,0.556291,0.646645,-0.208168,0.0,0.0,0.567679,0.744604,-0.240839,0.0,0.0,0.573014,0.830362,-0.262395,0.0,0.0,0.479928,0.538685,-0.14163,0.0,0.0,0.476608,0.659803,-0.195859,0.0,0.0,0.473322,0.764759,-0.224033,0.0,0.0,0.467597,0.854863,-0.247846,0.0,0.0,0.433766,0.544429,-0.132597,0.0,0.0,0.407449,0.640055,-0.185129,0.0,0.0,0.390953,0.734364,-0.214139,0.0,0.0,0.378169,0.810072,-0.234761,0.0,0.0,0.397759,0.53927,-0.125381,0.0,0.0,0.345377,0.614726,-0.175527,0.0,0.0,0.309,0.670697,-0.204921,0.0,0.0,0.277481,0.721418,-0.225842,0.0,0.0
video2.mp4,f6bad3096563fbb6012549a50507af13b3de6a1c0921cc34f5e580d9981271d8,1280,720,12.08,150,12.417,45,3750,Right,0.745972,0.490685,0.400678,0.0,0.0,0.0,0.555476,0.44232,-0.046668,0.0,0.0,0.605858,0.520276,-0.083882,0.0,0.0,0.638654,0.590042,-0.112677,0.0,0.0,0.657718,0.661411,-0.141484,0.0,0.0,0.552038,0.510502,-0.127009,0.0,0.0,0.560749,0.629511,-0.171162,0.0,0.0,0.566605,0.712674,-0.191133,0.0,0.0,0.566451,0.787599,-0.204868,0.0,0.0,0.501058,0.507214,-0.121686,0.0,0.0,0.499431,0.606254,-0.167928,0.0,0.0,0.49279,0.683446,-0.183404,0.0,0.0,0.481846,0.743693,-0.196254,0.0,0.0,0.452701,0.503219,-0.115731,0.0,0.0,0.43146,0.589213,-0.16734,0.0,0.0,0.411905,0.658276,-0.185768,0.0,0.0,0.391827,0.71292,-0.196055,0.0,0.0,0.4086,0.49691,-0.110288,0.0,0.0,0.355527,0.566889,-0.156571,0.0,0.0,0.31648,0.620981,-0.178005,0.0,0.0,0.278817,0.670433,-0.192163,0.0,0.0
video2.mp4,f6bad3096563fbb6012549a50507af13b3de6a1c0921cc34f5e580d9981271d8,1280,720,12.08,150,12.417,46,3833,Right,0.874925,0.486746,0.373384,1e-06,0.0,0.0,0.556252,0.424357,-0.055796,0.0,0.0,0.613442,0.503888,-0.094815,0.0,0.0,0.645999,0.58634,-0.122484,0.0,0.0,0.664435,0.669633,-0.149444,0.0,0.0,0.542146,0.513844,-0.135709,0.0,0.0,0.554088,0.646224,-0.187117,0.0,0.0,0.563958,0.736666,-0.213268,0.0,0.0,0.570229,0.822889,-0.229968,0.0,0.0,0.479479,0.523246,-0.126624,0.0,0.0,0.468705,0.647883,-0.1781,0.0,0.0,0.466298,0.750417,-0.199618,0.0,0.0,0.461227,0.838059,-0.216472,0.0,0.0,0.430705,0.527699,-0.117265,0.0,0.0,0.399732,0.632631,-0.171081,0.0,0.0,0.382852,0.727104,-0.192377,0.0,0.0,0.36739,0.809587,-0.204625,0.0,0.0,0.396125,0.526362,-0.109213,0.0,0.0,0.34535,0.610273,-0.157698,0.0,0.0,0.308287,0.671094,-0.178735,0.0,0.0,0.273181,0.729418,-0.191686,0.0,0.0
video2.mp4,f6bad3096563fbb6012549a50507af13b3de6a1c0921cc34f5e580d9981271d8,1280,720,12.08,150,12.417,47,3916,Right,0.537411,0.488151,0.405865,0.0,0.0,0.0,0.558689,0.426447,-0.06805,0.0,0.0,0.615892,0.496367,-0.116947,0.0,0.0,0.646208,0.579878,-0.152505,0.0,0.0,0.674842,0.672597,-0.188271,0.0,0.0,0.534283,0.506366,-0.156162,0.0,0.0,0.52823,0.602603,-0.214716,0.0,0.0,0.522051,0.679468,-0.248846,0.0,0.0,0.51367,0.755727,-0.272074,0.0,0.0,0.473647,0.528675,-0.143425,0.0,0.0,0.462166,0.641305,-0.196236,0.0,0.0,0.457068,0.739572,-0.221452,0.0,0.0,0.447915,0.822968,-0.24526,0.0,0.0,0.427382,0.542106,-0.131369,0.0,0.0,0.400141,0.63823,-0.182398,0.0,0.0,0.383597,0.731711,-0.206372,0.0,0.0,0.366677,0.806512,-0.225106,0.0,0.0,0.393049,0.542392,-0.122094,0.0,0.0,0.344108,0.619229,-0.167323,0.0,0.0,0.310154,0.676138,-0.192177,0.0,0.0,0.279991,0.725529,-0.212408,0.0,0.0
video2.mp4,f6bad3096563fbb6012549a50507af13b3de6a1c0921cc34f5e580d9981271d8,1280,720,12.08,150,12.417,48,4000,Right,0.715091,0.497685,0.398014,1e-06,0.0,0.0,0.569764,0.442223,-0.063685,0.0,0.0,0.622926,0.514273,-0.111941,0.0,0.0,0.6507,0.587258,-0.148298,0.0,0.0,0.671893,0.662617,-0.185041,0.0,0.0,0.547783,0.513934,-0.152532,0.0,0.0,0.553285,0.648853,-0.210471,0.0,0.0,0.557995,0.753329,-0.242712,0.0,0.0,0.560499,0.835993,-0.263213,0.0,0.0,0.487677,0.5133,-0.142536,0.0,0.0,0.472181,0.645723,-0.196811,0.0,0.0,0.461491,0.75454,-0.222815,0.0,0.0,0.452235,0.840396,-0.245207,0.0,0.0,0.438474,0.516173,-0.132817,0.0,0.0,0.404329,0.625893,-0.185036,0.0,0.0,0.382361,0.726512,-0.211523,0.0,0.0,0.36711,0.804136,-0.230199,0.0,0.0,0.400567,0.515265,-0.125296,0.0,0.0,0.343029,0.597601,-0.169878,0.0,0.0,0.305529,0.663196,-0.195194,0.0,0.0,0.275643,0.718994,-0.214771,0.0,0.0
video2.mp4,f6bad3096563fbb6012549a50507af13b3de6a1c0921cc34f5e580d9981271d8,1280,720,12.08,150,12.417,49,4083,Left,0.580863,0.481771,0.39097,0.0,0.0,0.0,0.550994,0.423725,-0.06223,0.0,0.0,0.608696,0.500475,-0.109404,0.0,0.0,0.641953,0.577583,-0.145874,0.0,0.0,0.668232,0.662747,-0.18088,0.0,0.0,0.542991,0.525642,-0.146933,0.0,0.0,0.558551,0.673721,-0.208122,0.0,0.0,0.56663,0.762172,-0.239264,0.0,0.0,0.568265,0.812571,-0.256192,0.0,0.0,0.480264,0.535817,-0.136312,0.0,0.0,0.474844,0.626679,-0.193142,0.0,0.0,0.467898,0.70174,-0.213489,0.0,0.0,0.454336,0.750656,-0.228865,0.0,0.0,0.42683,0.535006,-0.127204,0.0,0.0,0.399713,0.606169,-0.184977,0.0,0.0,0.376912,0.682231,-0.206002,0.0,0.0,0.351695,0.738564,-0.218219,0.0,0.0,0.382901,0.524693,-0.120221,0.0,0.0,0.335314,0.576706,-0.171427,0.0,0.0,0.30052,0.626672,-0.195015,0.0,0.0,0.265431,0.669268,-0.20997,0.0,0.0
video2.mp4,f6bad3096563fbb6012549a50507af13b3de6a1c0921cc34f5e580d9981271d8,1280,720,12.08,150,12.417,50,4166,Right,0.81049,0.49063,0.386671,0.0,0.0,0.0,0.558769,0.436127,-0.05163,0.0,0.0,0.618236,0.513056,-0.091926,0.0,0.0,0.652793,0.595437,-0.122462,0.0,0.0,0.678236,0.680064,-0.151993,0.0,0.0,0.546576,0.514243,-0.132872,0.0,0.0,0.555548,0.651689,-0.183235,0.0,0.0,0.554722,0.744992,-0.206778,0.0,0.0,0.55034,0.824293,-0.22123,0.0,0.0,0.485131,0.5206,-0.126933,0.0,0.0,0.471229,0.63805,-0.176911,0.0,0.0,0.46162,0.735904,-0.194482,0.0,0.0,0.449269,0.815961,-0.209035,0.0,0.0,0.43862,0.523193,-0.121418,0.0,0.0,0.409594,0.624238,-0.174989,0.0,0.0,0.386758,0.723436,-0.19701,0.0,0.0,0.364857,0.806184,-0.210518,0.0,0.0,0.403601,0.520047,-0.116781,0.0,0.0,0.351504,0.599012,-0.165095,0.0,0.0,0.314347,0.664989,-0.189427,0.0,0.0,0.280101,0.727753,-0.206245,0.0,0.0
video2.mp4,f6bad3096563fbb6012549a50507af13b3de6a1c0921cc34f5e580d9981271d8,1280,720,12.08,150,12.417,51,4250,Left,0.548173,0.489642,0.407803,0.0,0.0,0.0,0.557779,0.444568,-0.052008,0.0,0.0,0.619652,0.533957,-0.088062,0.0,0.0,0.657145,0.612316,-0.115081,0.0,0.0,0.690697,0.678179,-0.141921,0.0,0.0,0.547542,0.50203,-0.119253,0.0,0.0,0.545766,0.583722,-0.159791,0.0,0.0,0.541853,0.632722,-0.181908,0.0,0.0,0.535067,0.686835,-0.198631,0.0,0.0,0.48298,0.504359,-0.110953,0.0,0.0,0.466234,0.584521,-0.149699,0.0,0.0,0.4547,0.640866,-0.164619,0.0,0.0,0.437551,0.689538,-0.180771,0.0,0.0,0.434191,0.508188,-0.102966,0.0,0.0,0.406613,0.576796,-0.14198,0.0,0.0,0.387915,0.630571,-0.152336,0.0,0.0,0.366351,0.675268,-0.161445,0.0,0.0,0.398654,0.506517,-0.097461,0.0,0.0,0.357533,0.568162,-0.132946,0.0,0.0,0.324731,0.608202,-0.147258,0.0,0.0,0.291308,0.6451,-0.159326,0.0,0.0
video2.mp4,f6bad3096563fbb6012549a50507af13b3de6a1c0921cc34f5e580d9981271d8,1280,720,12.08,150,12.417,52,4333,Right,0.879111,0.498146,0.38855,0.0,0.0,0.0,0.565711,0.429235,-0.055298,0.0,0.0,0.624114,0.511858,-0.096098,0.0,0.0,0.657495,0.596888,-0.125449,0.0,0.0,0.685308,0.683852,-0.154442,0.0,0.0,0.545123,0.484594,-0.12916,0.0,0.0,0.536547,0.570891,-0.174234,0.0,0.0,0.537539,0.637132,-0.198431,0.0,0.0,0.537421,0.712895,-0.214584,0.0,0.0,0.481188,0.495412,-0.120975,0.0,0.0,0.464268,0.637422,-0.165216,0.0,0.0,0.459032,0.757299,-0.186622,0.0,0.0,0.449549,0.864609,-0.206543,0.0,0.0,0.434617,0.509344,-0.112148,0.0,0.0,0.398708,0.635199,-0.154649,0.0,0.0,0.378454,0.740938,-0.172742,0.0,0.0,0.362518,0.835666,-0.186026,0.0,0.0,0.402678,0.518242,-0.104987,0.0,0.0,0.359766,0.60932,-0.138486,0.0,0.0,0.333643,0.681517,-0.153335,0.0,0.0,0.31343,0.753145,-0.166228,0.0,0.0
video2.mp4,f6bad3096563fbb6012549a50507af13b3de6a1c0921cc34f5e580d9981271d8,1280,720,12.08,150,12.417,53,4416,Right,0.797429,0.4961,0.397479,0.0,0.0,0.0,0.570087,0.451186,-0.057525,0.0,0.0,0.622797,0.524944,-0.102667,0.0,0.0,0.650337,0.592368,-0.137931,0.0,0.0,0.663102,0.659695,-0.174104,0.0,0.0,0.556533,0.511989,-0.148324,0.0,0.0,0.564195,0.652441,-0.203048,0.0,0.0,0.566768,0.758634,-0.230067,0.0,0.0,0.564424,0.84367,-0.246745,0.0,0.0,0.494585,0.509283,-0.141041,0.0,0.0,0.486249,0.649261,-0.192823,0.0,0.0,0.478238,0.766437,-0.214364,0.0,0.0,0.466112,0.863711,-0.23266,0.0,0.0,0.442222,0.505953,-0.133477,0.0,0.0,0.404588,0.607977,-0.187392,0.0,0.0,0.373089,0.695076,-0.212107,0.0,0.0,0.345294,0.765051,-0.227803,0.0,0.0,0.400957,0.497048,-0.127366,0.0,0.0,0.34293,0.559958,-0.176102,0.0,0.0,0.299486,0.615981,-0.202116,0.0,0.0,0.258252,0.667459,-0.220455,0.0,0.0
video2.mp4,f6bad3096563fbb6012549a50507af13b3de6a1c0921cc34f5e580d9981271d8,1280,720,12.08,150,12.417,54,4500,Right,0.537856,0.490515,0.375448,0.0,0.0,0.0,0.559757,0.428648,-0.056506,0.0,0.0,0.618045,0.509756,-0.104888,0.0,0.0,0.650634,0.584436,-0.141838,0.0,0.0,0.656683,0.663821,-0.177607,0.0,0.0,0.552714,0.523269,-0.153987,0.0,0.0,0.55724,0.681812,-0.215879,0.0,0.0,0.554543,0.771711,-0.2457,0.0,0.0,0.549996,0.818644,-0.260974,0.0,0.0,0.495067,0.521354,-0.143454,0.0,0.0,0.484044,0.637408,-0.199066,0.0,0.0,0.475507,0.716684,-0.213639,0.0,0.0,0.466845,0.757798,-0.224242,0.0,0.0,0.4461,0.515783,-0.133178,0.0,0.0,0.426052,0.610294,-0.187389,0.0,0.0,0.411567,0.703368,-0.203605,0.0,0.0,0.397266,0.76755,-0.212849,0.0,0.0,0.406196,0.507417,-0.124004,0.0,0.0,0.37113,0.581446,-0.173055,0.0,0.0,0.348809,0.642818,-0.193485,0.0,0.0,0.327837,0.690826,-0.206102,0.0,0.0
video2.mp4,f6bad3096563fbb6012549a50507af13b3de6a1c0921cc34f5e580d9981271d8,1280,720,12.08,150,12.417,55,4583,Right,0.898468,0.482607,0.390949,0.0,0.0,0.0,0.547835,0.427294,-0.050134,0.0,0.0,0.609063,0.496493,-0.089111,0.0,0.0,0.642517,0.571912,-0.117859,0.0,0.0,0.656498,0.654302,-0.145333,0.0,0.0,0.53164,0.500432,-0.122065,0.0,0.0,0.534436,0.599728,-0.167471,0.0,0.0,0.535016,0.672211,-0.18919,0.0,0.0,0.535204,0.74028,-0.202255,0.0,0.0,0.475367,0.515434,-0.114678,0.0,0.0,0.456449,0.626214,-0.157623,0.0,0.0,0.446343,0.719065,-0.169991,0.0,0.0,0.436261,0.793199,-0.180833,0.0,0.0,0.432702,0.530876,-0.108279,0.0,0.0,0.402762,0.636569,-0.15413,0.0,0.0,0.38372,0.740489,-0.170148,0.0,0.0,0.367653,0.827617,-0.179132,0.0,0.0,0.401968,0.543541,-0.102874,0.0,0.0,0.370829,0.637294,-0.14072,0.0,0.0,0.354118,0.71702,-0.157356,0.0,0.0,0.339291,0.791593,-0.169027,0.0,0.0
video2.mp4,f6bad3096563fbb6012549a50507af13b3de6a1c0921cc34f5e580d9981271d8,1280,720,12.08,150,12.417,56,4666,Right,0.845269,0.490637,0.395553,0.0,0.0,0.0,0.559145,0.437187,-0.051243,0.0,0.0,0.609658,0.516001,-0.090713,0.0,0.0,0.638702,0.588149,-0.119459,0.0,0.0,0.658785,0.659384,-0.149238,0.0,0.0,0.542003,0.502886,-0.137929,0.0,0.0,0.54362,0.600612,-0.188732,0.0,0.0,0.545772,0.676998,-0.217615,0.0,0.0,0.545139,0.750777,-0.237287,0.0,0.0,0.484008,0.509487,-0.131225,0.0,0.0,0.472034,0.622759,-0.179431,0.0,0.0,0.465299,0.716149,-0.201679,0.0,0.0,0.458441,0.793979,-0.221526,0.0,0.0,0.43546,0.517959,-0.123632,0.0,0.0,0.400168,0.62251,-0.171605,0.0,0.0,0.378923,0.717189,-0.194764,0.0,0.0,0.363175,0.795332,-0.211395,0.0,0.0,0.396573,0.522374,-0.116944,0.0,0.0,0.340756,0.604165,-0.158859,0.0,0.0,0.302481,0.662205,-0.180809,0.0,0.0,0.26933,0.709652,-0.197683,0.0,0.0
video2.mp4,f6bad3096563fbb6012549a50507af13b3de6a1c0921cc34f5e580d9981271d8,1280,720,12.08,150,12.417,57,4750,Right,0.554547,0.48703,0.39605,0.0,0.0,0.0,0.557663,0.42924,-0.056251,0.0,0.0,0.614708,0.499271,-0.096681,0.0,0.0,0.643332,0.572,-0.126626,0.0,0.0,0.662938,0.654365,-0.157098,0.0,0.0,0.536235,0.511523,-0.131948,0.0,0.0,0.539278,0.596708,-0.180556,0.0,0.0,0.543358,0.666038,-0.208637,0.0,0.0,0.545795,0.738664,-0.228733,0.0,0.0,0.47598,0.525524,-0.123836,0.0,0.0,0.468764,0.623963,-0.170861,0.0,0.0,0.46499,0.711009,-0.194984,0.0,0.0,0.458767,0.788798,-0.217369,0.0,0.0,0.427454,0.534195,-0.115742,0.0,0.0,0.40197,0.625935,-0.162115,0.0,0.0,0.387093,0.715189,-0.18517,0.0,0.0,0.374376,0.790393,-0.20282,0.0,0.0,0.389475,0.533847,-0.109587,0.0,0.0,0.33992,0.611151,-0.151032,0.0,0.0,0.306499,0.667609,-0.173413,0.0,0.0,0.278556,0.718581,-0.191206,0.0,0.0
video2.mp4,f6bad3096563fbb6012549a50507af13b3de6a1c0921cc34f5e580d9981271d8,1280,720,12.08,150,12.417,58,4833,Left,0.527077,0.491174,0.413326,0.0,0.0,0.0,0.564495,0.446764,-0.051943,0.0,0.0,0.618876,0.516377,-0.08946,0.0,0.0,0.648337,0.583513,-0.117624,0.0,0.0,0.669789,0.655483,-0.147065,0.0,0.0,0.541986,0.522969,-0.12088,0.0,0.0,0.544018,0.600033,-0.166217,0.0,0.0,0.544623,0.665154,-0.192842,0.0,0.0,0.542259,0.734453,-0.211363,0.0,0.0,0.480557,0.536982,-0.115211,0.0,0.0,0.472676,0.652684,-0.156854,0.0,0.0,0.47057,0.749297,-0.178958,0.0,0.0,0.466917,0.835363,-0.200013,0.0,0.0,0.430835,0.543864,-0.109791,0.0,0.0,0.401758,0.639157,-0.152391,0.0,0.0,0.384399,0.725964,-0.174269,0.0,0.0,0.372142,0.802732,-0.191072,0.0,0.0,0.391942,0.537478,-0.106259,0.0,0.0,0.342586,0.615621,-0.142994,0.0,0.0,0.308817,0.670402,-0.161851,0.0,0.0,0.281076,0.721364,-0.177624,0.0,0.0
video2.mp4,f6bad3096563fbb6012549a50507af13b3de6a1c0921cc34f5e580d9981271d8,1280,720,12.08,150,12.417,59,4916,Right,0.56934,0.497381,0.384228,0.0,0.0,0.0,0.560663,0.433525,-0.052944,0.0,0.0,0.612641,0.512016,-0.092645,0.0,0.0,0.646772,0.587508,-0.123083,0.0,0.0,0.665667,0.670077,-0.153694,0.0,0.0,0.542801,0.528342,-0.124806,0.0,0.0,0.553151,0.665355,-0.173479,0.0,0.0,0.565076,0.765943,-0.199663,0.0,0.0,0.574717,0.84085,-0.21537,0.0,0.0,0.487019,0.534601,-0.117921,0.0,0.0,0.478499,0.679048,-0.161978,0.0,0.0,0.473452,0.785744,-0.18107,0.0,0.0,0.470082,0.863185,-0.196897,0.0,0.0,0.441265,0.53556,-0.111878,0.0,0.0,0.410226,0.657451,-0.157523,0.0,0.0,0.391518,0.755117,-0.17889,0.0,0.0,0.380233,0.831622,-0.193054,0.0,0.0,0.406056,0.525149,-0.107396,0.0,0.0,0.353895,0.604104,-0.146788,0.0,0.0,0.320115,0.664487,-0.165865,0.0,0.0,0.294632,0.712742,-0.179442,0.0,0.0
video2.mp4,f6bad3096563fbb6012549a50507af13b3de6a1c0921cc34f5e580d9981271d8,1280,720,12.08,150,12.417,60,5000,Right,0.616237,0.49017,0.401723,0.0,0.0,0.0,0.560554,0.443215,-0.064065,0.0,0.0,0.613669,0.521234,-0.109615,0.0,0.0,0.648305,0.594025,-0.144013,0.0,0.0,0.674562,0.664234,-0.179373,0.0,0.0,0.541781,0.524812,-0.157275,0.0,0.0,0.551846,0.662415,-0.215224,0.0,0.0,0.563069,0.755869,-0.245835,0.0,0.0,0.569032,0.834428,-0.265864,0.0,0.0,0.483464,0.529849,-0.148076,0.0,0.0,0.479594,0.654216,-0.209158,0.0,0.0,0.48032,0.740629,-0.238347,0.0,0.0,0.474244,0.808511,-0.260486,0.0,0.0,0.435818,0.530274,-0.138084,0.0,0.0,0.399554,0.616263,-0.201308,0.0,0.0,0.372387,0.668277,-0.230159,0.0,0.0,0.343532,0.710152,-0.247189,0.0,0.0,0.400878,0.522492,-0.129806,0.0,0.0,0.344714,0.57324,-0.185467,0.0,0.0,0.301683,0.600754,-0.21272,0.0,0.0,0.258398,0.621788,-0.230404,0.0,0.0
video2.mp4,f6bad3096563fbb6012549a50507af13b3de6a1c0921cc34f5e580d9981271d8,1280,720,12.08,150,12.417,61,5083,Left,0.603226,0.490286,0.39743,1e-06,0.0,0.0,0.559132,0.438377,-0.072213,0.0,0.0,0.613481,0.508807,-0.124961,0.0,0.0,0.64721,0.578653,-0.165242,0.0,0.0,0.665931,0.65949,-0.206185,0.0,0.0,0.540744,0.541498,-0.163504,0.0,0.0,0.551906,0.67213,-0.229066,0.0,0.0,0.563043,0.771183,-0.26633,0.0,0.0,0.570597,0.837071,-0.288904,0.0,0.0,0.480421,0.555594,-0.151752,0.0,0.0,0.4769,0.686215,-0.214736,0.0,0.0,0.473106,0.793213,-0.245141,0.0,0.0,0.469449,0.863189,-0.268508,0.0,0.0,0.42853,0.555476,-0.1412,0.0,0.0,0.400014,0.662663,-0.202934,0.0,0.0,0.376655,0.758089,-0.232756,0.0,0.0,0.359356,0.823412,-0.252036,0.0,0.0,0.388061,0.541345,-0.133307,0.0,0.0,0.329676,0.615979,-0.186665,0.0,0.0,0.292289,0.672924,-0.214379,0.0,0.0,0.262681,0.713298,-0.233748,0.0,0.0
video2.mp4,f6bad3096563fbb6012549a50507af13b3de6a1c0921cc34f5e580d9981271d8,1280,720,12.08,150,12.417,62,5166,Left,0.504252,0.491648,0.396604,0.0,0.0,0.0,0.563505,0.43739,-0.069546,0.0,0.0,0.618391,0.505447,-0.121744,0.0,0.0,0.64832,0.57605,-0.161637,0.0,0.0,0.668024,0.659526,-0.201324,0.0,0.0,0.541541,0.547023,-0.161615,0.0,0.0,0.554034,0.698652,-0.229517,0.0,0.0,0.562481,0.79676,-0.26686,0.0,0.0,0.567964,0.846133,-0.286884,0.0,0.0,0.481212,0.556502,-0.149895,0.0,0.0,0.47655,0.697809,-0.211319,0.0,0.0,0.472217,0.801495,-0.240411,0.0,0.0,0.468396,0.865703,-0.262555,0.0,0.0,0.430866,0.555154,-0.139819,0.0,0.0,0.403609,0.662105,-0.200537,0.0,0.0,0.381613,0.75353,-0.232923,0.0,0.0,0.36535,0.813644,-0.253636,0.0,0.0,0.392813,0.54263,-0.132021,0.0,0.0,0.338467,0.622428,-0.185569,0.0,0.0,0.303122,0.681578,-0.216993,0.0,0.0,0.274152,0.722229,-0.238979,0.0,0.0
video2.mp4,f6bad3096563fbb6012549a50507af13b3de6a1c0921cc34f5e580d9981271d8,1280,720,12.08,150,12.417,63,5250,Left,0.63129,0.494215,0.395828,0.0,0.0,0.0,0.563344,0.435135,-0.068458,0.0,0.0,0.617808,0.501423,-0.118529,0.0,0.0,0.644165,0.571742,-0.15682,0.0,0.0,0.661296,0.657373,-0.195433,0.0,0.0,0.539455,0.54854,-0.156842,0.0,0.0,0.551918,0.684794,-0.2193,0.0,0.0,0.564749,0.776705,-0.253126,0.0,0.0,0.575524,0.841941,-0.27327,0.0,0.0,0.481196,0.55701,-0.146859,0.0,0.0,0.476638,0.689503,-0.208502,0.0,0.0,0.474301,0.789995,-0.239241,0.0,0.0,0.471591,0.865603,-0.26286,0.0,0.0,0.432065,0.553042,-0.1377,0.0,0.0,0.403014,0.65603,-0.199078,0.0,0.0,0.382605,0.746214,-0.231188,0.0,0.0,0.367632,0.815833,-0.2516,0.0,0.0,0.394019,0.536287,-0.130665,0.0,0.0,0.340851,0.613912,-0.182512,0.0,0.0,0.306423,0.670555,-0.211434,0.0,0.0,0.278616,0.716702,-0.231979,0.0,0.0
video2.mp4,f6bad3096563fbb6012549a50507af13b3de6a1c0921cc34f5e580d9981271d8,1280,720,12.08,150,12.417,64,5333,Right,0.555561,0.492454,0.408208,0.0,0.0,0.0,0.566407,0.44494,-0.068134,0.0,0.0,0.619221,0.515869,-0.116556,0.0,0.0,0.646345,0.586874,-0.152747,0.0,0.0,0.670669,0.662676,-0.19014,0.0,0.0,0.538933,0.539704,-0.158824,0.0,0.0,0.549145,0.67006,-0.216725,0.0,0.0,0.560175,0.764214,-0.246694,0.0,0.0,0.568034,0.843666,-0.26587,0.0,0.0,0.480874,0.547778,-0.14794,0.0,0.0,0.475197,0.678406,-0.207148,0.0,0.0,0.473521,0.779544,-0.236959,0.0,0.0,0.470378,0.863438,-0.261069,0.0,0.0,0.43239,0.548641,-0.136862,0.0,0.0,0.402468,0.652865,-0.195819,0.0,0.0,0.381987,0.741375,-0.226931,0.0,0.0,0.365479,0.813427,-0.247691,0.0,0.0,0.395014,0.540765,-0.127813,0.0,0.0,0.34174,0.617915,-0.177587,0.0,0.0,0.305708,0.670344,-0.20557,0.0,0.0,0.275381,0.716596,-0.226409,0.0,0.0
video2.mp4,f6bad3096563fbb6012549a50507af13b3de6a1c0921cc34f5e580d9981271d8,1280,720,12.08,150,12.417,65,5416,Left,0.503768,0.492886,0.402453,0.0,0.0,0.0,0.564339,0.441556,-0.065861,0.0,0.0,0.617072,0.511223,-0.113599,0.0,0.0,0.64379,0.584889,-0.150188,0.0,0.0,0.668633,0.661992,-0.187105,0.0,0.0,0.538022,0.546327,-0.148522,0.0,0.0,0.550384,0.684283,-0.208688,0.0,0.0,0.560935,0.777614,-0.241329,0.0,0.0,0.568951,0.836916,-0.2599,0.0,0.0,0.480154,0.554227,-0.138601,0.0,0.0,0.475354,0.685748,-0.195123,0.0,0.0,0.472239,0.787551,-0.22253,0.0,0.0,0.468947,0.85947,-0.243975,0.0,0.0,0.431313,0.551986,-0.130056,0.0,0.0,0.402396,0.656601,-0.186188,0.0,0.0,0.381449,0.748657,-0.215786,0.0,0.0,0.366006,0.816403,-0.234973,0.0,0.0,0.3934,0.538937,-0.123863,0.0,0.0,0.339042,0.618805,-0.171277,0.0,0.0,0.304218,0.676194,-0.198213,0.0,0.0,0.275814,0.720915,-0.217625,0.0,0.0
video2.mp4,f6bad3096563fbb6012549a50507af13b3de6a1c0921cc34f5e580d9981271d8,1280,720,12.08,150,12.417,66,5500,Left,0.519849,0.49536,0.402332,0.0,0.0,0.0,0.568085,0.442365,-0.064304,0.0,0.0,0.621518,0.513392,-0.112133,0.0,0.0,0.64896,0.582546,-0.148984,0.0,0.0,0.673394,0.656915,-0.18641,0.0,0.0,0.541577,0.553566,-0.148295,0.0,0.0,0.553073,0.68607,-0.206679,0.0,0.0,0.564403,0.776687,-0.237884,0.0,0.0,0.573989,0.840128,-0.256303,0.0,0.0,0.4839,0.558969,-0.13961,0.0,0.0,0.478657,0.688765,-0.195452,0.0,0.0,0.475866,0.788735,-0.223096,0.0,0.0,0.472649,0.865941,-0.245101,0.0,0.0,0.434905,0.553488,-0.131758,0.0,0.0,0.404089,0.654394,-0.187926,0.0,0.0,0.382367,0.742154,-0.217564,0.0,0.0,0.366344,0.812822,-0.237061,0.0,0.0,0.396511,0.536428,-0.125913,0.0,0.0,0.341882,0.613718,-0.17272,0.0,0.0,0.305978,0.669236,-0.198702,0.0,0.0,0.275489,0.717756,-0.217821,0.0,0.0
video2.mp4,f6bad3096563fbb6012549a50507af13b3de6a1c0921cc34f5e580d9981271d8,1280,720,12.08,150,12.417,67,5583,Left,0.514962,0.490353,0.387376,0.0,0.0,0.0,0.563853,0.438505,-0.065433,0.0,0.0,0.619137,0.523128,-0.111508,0.0,0.0,0.654137,0.596081,-0.146122,0.0,0.0,0.684119,0.664829,-0.181116,0.0,0.0,0.540927,0.553843,-0.148771,0.0,0.0,0.559482,0.687726,-0.206341,0.0,0.0,0.574265,0.781487,-0.235429,0.0,0.0,0.585613,0.844662,-0.252131,0.0,0.0,0.482196,0.558107,-0.138138,0.0,0.0,0.47718,0.686967,-0.198805,0.0,0.0,0.472869,0.788049,-0.227701,0.0,0.0,0.469278,0.8635,-0.248649,0.0,0.0,0.433024,0.554068,-0.128209,0.0,0.0,0.403832,0.653374,-0.1903,0.0,0.0,0.383698,0.743714,-0.223284,0.0,0.0,0.369163,0.81564,-0.242702,0.0,0.0,0.396077,0.542494,-0.119776,0.0,0.0,0.341163,0.621108,-0.17051,0.0,0.0,0.304661,0.676116,-0.199358,0.0,0.0,0.273733,0.720443,-0.219376,0.0,0.0
video2.mp4,f6bad3096563fbb6012549a50507af13b3de6a1c0921cc34f5e580d9981271d8,1280,720,12.08,150,12.417,68,5666,Left,0.581306,0.489911,0.393028,1e-06,0.0,0.0,0.560398,0.447486,-0.059377,0.0,0.0,0.621926,0.536499,-0.101879,0.0,0.0,0.669109,0.599191,-0.133502,0.0,0.0,0.701689,0.672671,-0.166257,0.0,0.0,0.540709,0.554885,-0.147003,0.0,0.0,0.558227,0.680801,-0.200187,0.0,0.0,0.571005,0.772795,-0.227028,0.0,0.0,0.580591,0.844396,-0.2443,0.0,0.0,0.484537,0.552638,-0.138839,0.0,0.0,0.478662,0.681093,-0.197309,0.0,0.0,0.474666,0.782001,-0.22604,0.0,0.0,0.471269,0.869806,-0.248137,0.0,0.0,0.438876,0.542448,-0.130252,0.0,0.0,0.415248,0.647172,-0.191329,0.0,0.0,0.395143,0.744142,-0.224843,0.0,0.0,0.379354,0.830206,-0.245873,0.0,0.0,0.408878,0.525062,-0.122223,0.0,0.0,0.363422,0.609362,-0.173625,0.0,0.0,0.331883,0.666959,-0.202857,0.0,0.0,0.304102,0.71966,-0.224111,0.0,0.0
video2.mp4,f6bad3096563fbb6012549a50507af13b3de6a1c0921cc34f5e580d9981271d8,1280,720,12.08,150,12.417,69,5750,Left,0.508005,0.488874,0.40294,1e-06,0.0,0.0,0.56256,0.432474,-0.06478,0.0,0.0,0.623418,0.494252,-0.114098,0.0,0.0,0.662175,0.546036,-0.152751,0.0,0.0,0.692992,0.60672,-0.192699,0.0,0.0,0.548001,0.559213,-0.152297,0.0,0.0,0.568835,0.702895,-0.21078,0.0,0.0,0.582159,0.792358,-0.24206,0.0,0.0,0.590059,0.856715,-0.260413,0.0,0.0,0.485973,0.566117,-0.143577,0.0,0.0,0.477206,0.695287,-0.200211,0.0,0.0,0.472293,0.793592,-0.228507,0.0,0.0,0.464992,0.871404,-0.250417,0.0,0.0,0.435154,0.559434,-0.135228,0.0,0.0,0.399983,0.659158,-0.191698,0.0,0.0,0.3809,0.747891,-0.220915,0.0,0.0,0.366036,0.819657,-0.239736,0.0,0.0,0.396208,0.540762,-0.128831,0.0,0.0,0.340264,0.61953,-0.17571,0.0,0.0,0.300934,0.675963,-0.200474,0.0,0.0,0.265568,0.724103,-0.218118,0.0,0.0
video2.mp4,f6bad3096563fbb6012549a50507af13b3de6a1c0921cc34f5e580d9981271d8,1280,720,12.08,150,12.417,70,5833,Right,0.580205,0.488046,0.401518,1e-06,0.0,0.0,0.559469,0.446965,-0.062472,0.0,0.0,0.625181,0.528075,-0.106402,0.0,0.0,0.665764,0.600295,-0.138432,0.0,0.0,0.696844,0.678356,-0.170527,0.0,0.0,0.543433,0.54539,-0.149423,0.0,0.0,0.561701,0.674206,-0.204305,0.0,0.0,0.57613,0.761126,-0.231829,0.0,0.0,0.586064,0.838746,-0.249461,0.0,0.0,0.479402,0.55285,-0.139262,0.0,0.0,0.475266,0.682002,-0.195342,0.0,0.0,0.471641,0.780698,-0.219639,0.0,0.0,0.464315,0.866822,-0.239394,0.0,0.0,0.429173,0.551337,-0.129011,0.0,0.0,0.403142,0.649755,-0.187128,0.0,0.0,0.384609,0.739704,-0.211923,0.0,0.0,0.367462,0.819425,-0.227168,0.0,0.0,0.393841,0.542409,-0.120338,0.0,0.0,0.344953,0.620947,-0.170092,0.0,0.0,0.309108,0.67359,-0.193945,0.0,0.0,0.276371,0.724898,-0.210711,0.0,0.0
video2.mp4,f6bad3096563fbb6012549a50507af13b3de6a1c0921cc34f5e580d9981271d8,1280,720,12.08,150,12.417,71,5916,Right,0.577017,0.49258,0.384487,1e-06,0.0,0.0,0.562293,0.453198,-0.05761,0.0,0.0,0.622477,0.547528,-0.099936,0.0,0.0,0.670792,0.620088,-0.13166,0.0,0.0,0.704176,0.696131,-0.163773,0.0,0.0,0.546443,0.567233,-0.144775,0.0,0.0,0.565548,0.692803,-0.201806,0.0,0.0,0.577563,0.780959,-0.231244,0.0,0.0,0.586367,0.842633,-0.248593,0.0,0.0,0.48525,0.560282,-0.137134,0.0,0.0,0.479409,0.689291,-0.196452,0.0,0.0,0.471988,0.791217,-0.223496,0.0,0.0,0.464084,0.869302,-0.243419,0.0,0.0,0.434931,0.544457,-0.129609,0.0,0.0,0.407286,0.644699,-0.189919,0.0,0.0,0.38772,0.742287,-0.22099,0.0,0.0,0.373576,0.821923,-0.239878,0.0,0.0,0.399274,0.522391,-0.122842,0.0,0.0,0.345676,0.597936,-0.173741,0.0,0.0,0.311956,0.655004,-0.202057,0.0,0.0,0.282883,0.705028,-0.221803,0.0,0.0
video2.mp4,f6bad3096563fbb6012549a50507af13b3de6a1c0921cc34f5e580d9981271d8,1280,720,12.08,150,12.417,72,6000,Left,0.642161,0.491281,0.401468,1e-06,0.0,0.0,0.562773,0.432595,-0.069491,0.0,0.0,0.623811,0.501801,-0.121591,0.0,0.0,0.663586,0.561506,-0.162091,0.0,0.0,0.700439,0.625059,-0.203515,0.0,0.0,0.542718,0.554191,-0.161059,0.0,0.0,0.559473,0.696338,-0.224525,0.0,0.0,0.574836,0.782829,-0.2595,0.0,0.0,0.588008,0.844282,-0.280489,0.0,0.0,0.480131,0.559256,-0.151192,0.0,0.0,0.47186,0.683634,-0.213124,0.0,0.0,0.46956,0.780612,-0.244589,0.0,0.0,0.464987,0.86142,-0.26938,0.0,0.0,0.429836,0.5521,-0.141916,0.0,0.0,0.398399,0.651506,-0.201485,0.0,0.0,0.381499,0.740438,-0.231186,0.0,0.0,0.368159,0.816508,-0.250921,0.0,0.0,0.392667,0.533236,-0.135105,0.0,0.0,0.339083,0.611422,-0.183915,0.0,0.0,0.302178,0.666912,-0.209782,0.0,0.0,0.270747,0.718595,-0.229065,0.0,0.0
video2.mp4,f6bad3096563fbb6012549a50507af13b3de6a1c0921cc34f5e580d9981271d8,1280,720,12.08,150,12.417,73,6083,Right,0.724666,0.492579,0.388745,1e-06,0.0,0.0,0.566831,0.440746,-0.061212,0.0,0.0,0.627147,0.527502,-0.106807,0.0,0.0,0.665042,0.602784,-0.140845,0.0,0.0,0.696869,0.673346,-0.175007,0.0,0.0,0.547927,0.537548,-0.148654,0.0,0.0,0.561075,0.670657,-0.203897,0.0,0.0,0.57213,0.764731,-0.232299,0.0,0.0,0.580763,0.845693,-0.250208,0.0,0.0,0.485303,0.534086,-0.139425,0.0,0.0,0.473536,0.663022,-0.197925,0.0,0.0,0.466862,0.767191,-0.224853,0.0,0.0,0.460536,0.859306,-0.245605,0.0,0.0,0.43576,0.530608,-0.129471,0.0,0.0,0.405057,0.639214,-0.187311,0.0,0.0,0.384173,0.735636,-0.2127,0.0,0.0,0.367475,0.823132,-0.227857,0.0,0.0,0.399894,0.524819,-0.120964,0.0,0.0,0.343854,0.603856,-0.168221,0.0,0.0,0.305592,0.660459,-0.191203,0.0,0.0,0.273096,0.717464,-0.207246,0.0,0.0
video2.mp4,f6bad3096563fbb6012549a50507af13b3de6a1c0921cc34f5e580d9981271d8,1280,720,12.08,150,12.417,74,6166,Right,0.651932,0.487884,0.379642,1e-06,0.0,0.0,0.561196,0.438147,-0.056781,0.0,0.0,0.621865,0.528141,-0.098409,0.0,0.0,0.66586,0.599505,-0.13021,0.0,0.0,0.701186,0.672875,-0.162394,0.0,0.0,0.542214,0.544744,-0.139585,0.0,0.0,0.556111,0.680128,-0.192661,0.0,0.0,0.571896,0.77047,-0.21975,0.0,0.0,0.58475,0.845231,-0.237072,0.0,0.0,0.481672,0.547235,-0.132453,0.0,0.0,0.474699,0.677373,-0.189042,0.0,0.0,0.469572,0.778734,-0.215934,0.0,0.0,0.461506,0.864984,-0.236819,0.0,0.0,0.432157,0.544153,-0.124872,0.0,0.0,0.404854,0.650539,-0.181438,0.0,0.0,0.384979,0.744237,-0.208021,0.0,0.0,0.367867,0.827415,-0.224777,0.0,0.0,0.396736,0.534451,-0.118519,0.0,0.0,0.345223,0.610295,-0.164654,0.0,0.0,0.30899,0.662683,-0.187513,0.0,0.0,0.276487,0.715201,-0.204031,0.0,0.0
video2.mp4,f6bad3096563fbb6012549a50507af13b3de6a1c0921cc34f5e580d9981271d8,1280,720,12.08,150,12.417,75,6250,Right,0.678785,0.489447,0.381435,1e-06,0.0,0.0,0.560635,0.433416,-0.065246,0.0,0.0,0.622182,0.517968,-0.110693,0.0,0.0,0.665612,0.595877,-0.143987,0.0,0.0,0.700834,0.675021,-0.177452,0.0,0.0,0.541877,0.538777,-0.154241,0.0,0.0,0.567223,0.677597,-0.209521,0.0,0.0,0.589269,0.777563,-0.238351,0.0,0.0,0.605456,0.867685,-0.258367,0.0,0.0,0.478566,0.551834,-0.143114,0.0,0.0,0.473957,0.683473,-0.203601,0.0,0.0,0.470792,0.786831,-0.232988,0.0,0.0,0.461504,0.869907,-0.256011,0.0,0.0,0.429139,0.552352,-0.131037,0.0,0.0,0.401089,0.653327,-0.190706,0.0,0.0,0.38409,0.745685,-0.219036,0.0,0.0,0.368475,0.817735,-0.236757,0.0,0.0,0.394641,0.543526,-0.1207,0.0,0.0,0.341137,0.618386,-0.171331,0.0,0.0,0.304074,0.668703,-0.19745,0.0,0.0,0.271733,0.712744,-0.21565,0.0,0.0
video2.mp4,f6bad3096563fbb6012549a50507af13b3de6a1c0921cc34f5e580d9981271d8,1280,720,12.08,150,12.417,76,6333,Right,0.557311,0.492186,0.37809,0.0,0.0,0.0,0.544994,0.485435,-0.026008,0.0,0.0,0.586965,0.602042,-0.050632,0.0,0.0,0.619681,0.696087,-0.070497,0.0,0.0,0.643863,0.785341,-0.090841,0.0,0.0,0.547648,0.559543,-0.09843,0.0,0.0,0.556069,0.691186,-0.135998,0.0,0.0,0.56587,0.767899,-0.152977,0.0,0.0,0.57128,0.84464,-0.165929,0.0,0.0,0.506798,0.53786,-0.105291,0.0,0.0,0.512128,0.671955,-0.15185,0.0,0.0,0.51614,0.777722,-0.175082,0.0,0.0,0.517689,0.878832,-0.193782,0.0,0.0,0.471844,0.518513,-0.110301,0.0,0.0,0.472092,0.632511,-0.160745,0.0,0.0,0.464812,0.745236,-0.187235,0.0,0.0,0.457679,0.859044,-0.204717,0.0,0.0,0.447084,0.49599,-0.113796,0.0,0.0,0.447152,0.585877,-0.158588,0.0,0.0,0.4491,0.659674,-0.181747,0.0,0.0,0.450521,0.743345,-0.198954,0.0,0.0
video2.mp4,f6bad3096563fbb6012549a50507af13b3de6a1c0921cc34f5e580d9981271d8,1280,720,12.08,150,12.417,77,6416,Right,0.888834,0.506387,0.418773,1e-06,0.0,0.0,0.550985,0.484115,-0.038979,0.0,0.0,0.589159,0.583304,-0.073693,0.0,0.0,0.617903,0.668331,-0.099169,0.0,0.0,0.646585,0.739339,-0.126631,0.0,0.0,0.57657,0.523816,-0.134647,0.0,0.0,0.614482,0.591568,-0.183074,0.0,0.0,0.639767,0.650194,-0.206893,0.0,0.0,0.658974,0.712642,-0.223077,0.0,0.0,0.533375,0.513357,-0.135982,0.0,0.0,0.556654,0.639208,-0.187934,0.0,0.0,0.569278,0.747698,-0.21237,0.0,0.0,0.575291,0.841891,-0.231037,0.0,0.0,0.484287,0.503716,-0.134379,0.0,0.0,0.466948,0.617586,-0.187217,0.0,0.0,0.450543,0.717475,-0.214396,0.0,0.0,0.433549,0.801542,-0.231754,0.0,0.0,0.439095,0.49411,-0.131985,0.0,0.0,0.389453,0.556654,-0.180046,0.0,0.0,0.354232,0.599983,-0.204091,0.0,0.0,0.322345,0.641162,-0.220437,0.0,0.0
video2.mp4,f6bad3096563fbb6012549a50507af13b3de6a1c0921cc34f5e580d9981271d8,1280,720,12.08,150,12.417,78,6500,Right,0.769194,0.499361,0.439349,1e-06,0.0,0.0,0.548753,0.502641,-0.046121,0.0,0.0,0.593295,0.598332,-0.079284,0.0,0.0,0.620129,0.672164,-0.100615,0.0,0.0,0.641849,0.720911,-0.12168,0.0,0.0,0.530547,0.575245,-0.130283,0.0,0.0,0.502908,0.691259,-0.178033,0.0,0.0,0.483731,0.764387,-0.203632,0.0,0.0,0.469447,0.838039,-0.220151,0.0,0.0,0.489424,0.541922,-0.126844,0.0,0.0,0.476551,0.668872,-0.172991,0.0,0.0,0.470291,0.76914,-0.194797,0.0,0.0,0.463689,0.845035,-0.21282,0.0,0.0,0.45414,0.515118,-0.121967,0.0,0.0,0.431627,0.625509,-0.17102,0.0,0.0,0.422154,0.720718,-0.194192,0.0,0.0,0.415781,0.795218,-0.209287,0.0,0.0,0.424379,0.49594,-0.117423,0.0,0.0,0.374461,0.580948,-0.160948,0.0,0.0,0.343627,0.63297,-0.178801,0.0,0.0,0.318913,0.669511,-0.191143,0.0,0.0
video2.mp4,f6bad3096563fbb6012549a50507af13b3de6a1c0921cc34f5e580d9981271d8,1280,720,12.08,150,12.417,79,6583,Right,0.77447,0.491368,0.408782,1e-06,0.0,0.0,0.558364,0.461879,-0.064514,0.0,0.0,0.606519,0.538644,-0.11506,0.0,0.0,0.647734,0.605575,-0.153494,0.0,0.0,0.685779,0.676053,-0.193919,0.0,0.0,0.53583,0.543392,-0.161082,0.0,0.0,0.55667,0.665369,-0.220546,0.0,0.0,0.570436,0.765787,-0.250832,0.0,0.0,0.580902,0.841375,-0.269152,0.0,0.0,0.479386,0.543513,-0.151522,0.0,0.0,0.480991,0.678201,-0.218781,0.0,0.0,0.475672,0.784674,-0.2528,0.0,0.0,0.469645,0.864494,-0.276807,0.0,0.0,0.432341,0.540976,-0.140677,0.0,0.0,0.40709,0.648502,-0.207128,0.0,0.0,0.385718,0.743709,-0.242996,0.0,0.0,0.370117,0.818425,-0.263748,0.0,0.0,0.397774,0.536653,-0.130274,0.0,0.0,0.348325,0.616646,-0.18145,0.0,0.0,0.31112,0.670018,-0.209743,0.0,0.0,0.279084,0.713492,-0.229513,0.0,0.0
video2.mp4,f6bad3096563fbb6012549a50507af13b3de6a1c0921cc34f5e580d9981271d8,1280,720,12.08,150,12.417,80,6666,Left,0.56192,0.490581,0.392711,0.0,0.0,0.0,0.564005,0.437059,-0.06909,0.0,0.0,0.621604,0.522599,-0.119698,0.0,0.0,0.658737,0.596462,-0.157559,0.0,0.0,0.692696,0.666485,-0.19704,0.0,0.0,0.546023,0.547295,-0.166334,0.0,0.0,0.564157,0.676644,-0.228638,0.0,0.0,0.578793,0.772716,-0.261052,0.0,0.0,0.589731,0.840269,-0.280496,0.0,0.0,0.485716,0.551762,-0.155615,0.0,0.0,0.483037,0.677958,-0.220439,0.0,0.0,0.479026,0.776543,-0.251938,0.0,0.0,0.475253,0.85001,-0.275609,0.0,0.0,0.435314,0.547446,-0.144843,0.0,0.0,0.407981,0.652012,-0.210838,0.0,0.0,0.388335,0.746745,-0.247348,0.0,0.0,0.373755,0.819926,-0.270029,0.0,0.0,0.39763,0.535408,-0.135097,0.0,0.0,0.344539,0.619002,-0.187974,0.0,0.0,0.308121,0.675916,-0.218492,0.0,0.0,0.278355,0.72069,-0.240792,0.0,0.0
video2.mp4,f6bad3096563fbb6012549a50507af13b3de6a1c0921cc34f5e580d9981271d8,1280,720,12.08,150,12.417,81,6750,Right,0.636373,0.489237,0.380206,1e-06,0.0,0.0,0.561137,0.441955,-0.058986,0.0,0.0,0.621262,0.535018,-0.101482,0.0,0.0,0.662945,0.607128,-0.133236,0.0,0.0,0.696617,0.67879,-0.165097,0.0,0.0,0.547649,0.552331,-0.14373,0.0,0.0,0.5645,0.68681,-0.1984,0.0,0.0,0.580858,0.774217,-0.225428,0.0,0.0,0.59464,0.846611,-0.241872,0.0,0.0,0.485476,0.552444,-0.135308,0.0,0.0,0.478213,0.678972,-0.194342,0.0,0.0,0.47516,0.780084,-0.222403,0.0,0.0,0.470572,0.867928,-0.243342,0.0,0.0,0.434193,0.546002,-0.126352,0.0,0.0,0.405109,0.648995,-0.187048,0.0,0.0,0.38468,0.740928,-0.215955,0.0,0.0,0.367963,0.821669,-0.232674,0.0,0.0,0.396359,0.534245,-0.118293,0.0,0.0,0.345257,0.613414,-0.167239,0.0,0.0,0.309595,0.668167,-0.191665,0.0,0.0,0.277999,0.72048,-0.208412,0.0,0.0
video2.mp4,f6bad3096563fbb6012549a50507af13b3de6a1c0921cc34f5e580d9981271d8,1280,720,12.08,150,12.417,82,6833,Right,0.657338,0.490145,0.384895,1e-06,0.0,0.0,0.56242,0.44791,-0.056576,0.0,0.0,0.621869,0.53509,-0.100437,0.0,0.0,0.662157,0.605637,-0.134054,0.0,0.0,0.694124,0.67802,-0.167758,0.0,0.0,0.550667,0.562511,-0.146106,0.0,0.0,0.568256,0.701084,-0.202867,0.0,0.0,0.583132,0.787179,-0.230906,0.0,0.0,0.595277,0.850914,-0.247218,0.0,0.0,0.487432,0.56242,-0.139295,0.0,0.0,0.481261,0.688432,-0.19873,0.0,0.0,0.478027,0.787278,-0.225944,0.0,0.0,0.47244,0.864585,-0.246511,0.0,0.0,0.435729,0.552953,-0.131863,0.0,0.0,0.404602,0.654691,-0.192201,0.0,0.0,0.384867,0.743766,-0.220574,0.0,0.0,0.368855,0.816335,-0.237407,0.0,0.0,0.396751,0.537408,-0.12516,0.0,0.0,0.344016,0.616939,-0.175176,0.0,0.0,0.307644,0.673084,-0.20068,0.0,0.0,0.275084,0.723498,-0.218107,0.0,0.0
video2.mp4,f6bad3096563fbb6012549a50507af13b3de6a1c0921cc34f5e580d9981271d8,1280,720,12.08,150,12.417,83,6916,Left,0.590884,0.493402,0.381387,0.0,0.0,0.0,0.561367,0.444817,-0.058136,0.0,0.0,0.620935,0.528539,-0.102394,0.0,0.0,0.661165,0.59947,-0.136678,0.0,0.0,0.691145,0.673908,-0.170337,0.0,0.0,0.556581,0.552726,-0.142234,0.0,0.0,0.572763,0.695925,-0.203257,0.0,0.0,0.585476,0.786425,-0.234449,0.0,0.0,0.595386,0.84125,-0.250973,0.0,0.0,0.495018,0.554334,-0.134614,0.0,0.0,0.489446,0.677446,-0.191482,0.0,0.0,0.48548,0.774584,-0.213347,0.0,0.0,0.47944,0.842087,-0.229706,0.0,0.0,0.44414,0.544263,-0.128485,0.0,0.0,0.413032,0.634587,-0.186718,0.0,0.0,0.395069,0.720211,-0.209674,0.0,0.0,0.379843,0.78754,-0.222874,0.0,0.0,0.40318,0.523113,-0.124007,0.0,0.0,0.349324,0.594114,-0.173093,0.0,0.0,0.31353,0.653409,-0.19638,0.0,0.0,0.281778,0.703566,-0.211934,0.0,0.0
video2.mp4,f6bad3096563fbb6012549a50507af13b3de6a1c0921cc34f5e580d9981271d8,1280,720,12.08,150,12.417,84,7000,Right,0.51323,0.497357,0.38579,0.0,0.0,0.0,0.562779,0.437176,-0.050365,0.0,0.0,0.623804,0.522199,-0.088351,0.0,0.0,0.661193,0.605488,-0.116967,0.0,0.0,0.697146,0.685785,-0.145615,0.0,0.0,0.556613,0.536559,-0.12994,0.0,0.0,0.571579,0.661114,-0.1808,0.0,0.0,0.585329,0.747635,-0.205181,0.0,0.0,0.595664,0.828702,-0.220446,0.0,0.0,0.495352,0.550209,-0.125204,0.0,0.0,0.488747,0.664517,-0.17381,0.0,0.0,0.490597,0.760806,-0.191983,0.0,0.0,0.488161,0.848095,-0.207289,0.0,0.0,0.444719,0.547189,-0.120455,0.0,0.0,0.415955,0.639713,-0.175549,0.0,0.0,0.400276,0.729591,-0.19694,0.0,0.0,0.385703,0.814396,-0.209656,0.0,0.0,0.40336,0.530284,-0.116346,0.0,0.0,0.353758,0.596054,-0.165384,0.0,0.0,0.318573,0.647227,-0.186253,0.0,0.0,0.288039,0.701352,-0.199994,0.0,0.0
video2.mp4,f6bad3096563fbb6012549a50507af13b3de6a1c0921cc34f5e580d9981271d8,1280,720,12.08,150,12.417,85,7083,Right,0.75146,0.493133,0.379252,0.0,0.0,0.0,0.565229,0.434158,-0.054527,0.0,0.0,0.621397,0.524338,-0.093662,0.0,0.0,0.656137,0.605946,-0.122612,0.0,0.0,0.690749,0.679296,-0.152287,0.0,0.0,0.554786,0.528557,-0.138205,0.0,0.0,0.576016,0.659752,-0.187335,0.0,0.0,0.594784,0.754931,-0.211286,0.0,0.0,0.610229,0.844476,-0.227655,0.0,0.0,0.491619,0.532598,-0.131091,0.0,0.0,0.487781,0.654879,-0.183007,0.0,0.0,0.488429,0.756161,-0.206796,0.0,0.0,0.486867,0.847857,-0.226135,0.0,0.0,0.439827,0.531054,-0.122928,0.0,0.0,0.414745,0.631515,-0.178691,0.0,0.0,0.40156,0.724983,-0.204507,0.0,0.0,0.391274,0.807567,-0.220308,0.0,0.0,0.400767,0.52463,-0.11562,0.0,0.0,0.346932,0.605315,-0.164206,0.0,0.0,0.309274,0.660719,-0.188708,0.0,0.0,0.276463,0.712511,-0.205545,0.0,0.0
video2.mp4,f6bad3096563fbb6012549a50507af13b3de6a1c0921cc34f5e580d9981271d8,1280,720,12.08,150,12.417,86,7166,Right,0.660543,0.499232,0.373154,0.0,0.0,0.0,0.567145,0.438054,-0.048294,0.0,0.0,0.620875,0.529934,-0.084208,0.0,0.0,0.653649,0.611755,-0.111574,0.0,0.0,0.688569,0.68131,-0.139905,0.0,0.0,0.561572,0.538481,-0.128856,0.0,0.0,0.580171,0.668604,-0.178349,0.0,0.0,0.598342,0.759435,-0.202917,0.0,0.0,0.612111,0.844537,-0.219123,0.0,0.0,0.502664,0.540159,-0.126304,0.0,0.0,0.505767,0.672766,-0.17715,0.0,0.0,0.512055,0.780744,-0.202892,0.0,0.0,0.513953,0.876516,-0.224308,0.0,0.0,0.452158,0.530452,-0.122792,0.0,0.0,0.423085,0.628697,-0.178839,0.0,0.0,0.405569,0.718324,-0.207911,0.0,0.0,0.390956,0.799354,-0.226854,0.0,0.0,0.409387,0.508628,-0.119841,0.0,0.0,0.352048,0.577509,-0.170375,0.0,0.0,0.309279,0.624767,-0.197463,0.0,0.0,0.273425,0.671718,-0.216682,0.0,0.0
video2.mp4,f6bad3096563fbb6012549a50507af13b3de6a1c0921cc34f5e580d9981271d8,1280,720,12.08,150,12.417,87,7250,Right,0.784234,0.49796,0.382871,1e-06,0.0,0.0,0.562349,0.430994,-0.051906,0.0,0.0,0.61932,0.513333,-0.091061,0.0,0.0,0.652016,0.599018,-0.119994,0.0,0.0,0.686071,0.680348,-0.148698,0.0,0.0,0.561202,0.517678,-0.13963,0.0,0.0,0.578903,0.656616,-0.191165,0.0,0.0,0.594689,0.7557,-0.21548,0.0,0.0,0.604846,0.844353,-0.230979,0.0,0.0,0.502554,0.5241,-0.134359,0.0,0.0,0.499659,0.659298,-0.190317,0.0,0.0,0.501091,0.775356,-0.216941,0.0,0.0,0.498192,0.873548,-0.237986,0.0,0.0,0.452058,0.520651,-0.127165,0.0,0.0,0.425303,0.626375,-0.185253,0.0,0.0,0.407499,0.72662,-0.211388,0.0,0.0,0.391114,0.81388,-0.227498,0.0,0.0,0.409387,0.509126,-0.120466,0.0,0.0,0.355771,0.581635,-0.172036,0.0,0.0,0.315258,0.633284,-0.19651,0.0,0.0,0.282906,0.684994,-0.212842,0.0,0.0
video2.mp4,f6bad3096563fbb6012549a50507af13b3de6a1c0921cc34f5e580d9981271d8,1280,720,12.08,150,12.417,88,7333,Right,0.631601,0.493647,0.393728,0.0,0.0,0.0,0.561035,0.440553,-0.050908,0.0,0.0,0.619699,0.519835,-0.091885,0.0,0.0,0.653951,0.600793,-0.123111,0.0,0.0,0.686293,0.684339,-0.154748,0.0,0.0,0.555399,0.530572,-0.139996,0.0,0.0,0.57119,0.647687,-0.193307,0.0,0.0,0.582217,0.733334,-0.218739,0.0,0.0,0.589404,0.808517,-0.234751,0.0,0.0,0.495702,0.543323,-0.135527,0.0,0.0,0.494276,0.656783,-0.193727,0.0,0.0,0.496627,0.757476,-0.22,0.0,0.0,0.496481,0.840888,-0.240475,0.0,0.0,0.443731,0.544128,-0.1296,0.0,0.0,0.421326,0.643594,-0.189498,0.0,0.0,0.408598,0.737797,-0.216258,0.0,0.0,0.39937,0.817907,-0.23259,0.0,0.0,0.399808,0.534721,-0.123845,0.0,0.0,0.350481,0.613047,-0.176379,0.0,0.0,0.315662,0.668445,-0.202401,0.0,0.0,0.289124,0.721148,-0.219968,0.0,0.0
video2.mp4,f6bad3096563fbb6012549a50507af13b3de6a1c0921cc34f5e580d9981271d8,1280,720,12.08,150,12.417,89,7416,Right,0.726663,0.501213,0.373875,1e-06,0.0,0.0,0.56945,0.438749,-0.044322,0.0,0.0,0.624072,0.522377,-0.080973,0.0,0.0,0.65463,0.6069,-0.109639,0.0,0.0,0.687539,0.684149,-0.13825,0.0,0.0,0.565305,0.529256,-0.126054,0.0,0.0,0.576917,0.668253,-0.177523,0.0,0.0,0.589767,0.764568,-0.203011,0.0,0.0,0.600229,0.844765,-0.218649,0.0,0.0,0.508433,0.533426,-0.124145,0.0,0.0,0.509526,0.667346,-0.17511,0.0,0.0,0.514058,0.776333,-0.197541,0.0,0.0,0.516342,0.86493,-0.21575,0.0,0.0,0.458541,0.525377,-0.121213,0.0,0.0,0.431618,0.63387,-0.176344,0.0,0.0,0.412197,0.732889,-0.201077,0.0,0.0,0.396484,0.816969,-0.216342,0.0,0.0,0.414617,0.506743,-0.118383,0.0,0.0,0.359687,0.580784,-0.167406,0.0,0.0,0.319832,0.634102,-0.191035,0.0,0.0,0.287791,0.684764,-0.207047,0.0,0.0
video2.mp4,f6bad3096563fbb6012549a50507af13b3de6a1c0921cc34f5e580d9981271d8,1280,720,12.08,150,12.417,90,7500,Right,0.772716,0.494661,0.38281,1e-06,0.0,0.0,0.556769,0.429246,-0.058909,0.0,0.0,0.616916,0.510187,-0.099753,0.0,0.0,0.65264,0.596305,-0.128341,0.0,0.0,0.685984,0.68074,-0.155957,0.0,0.0,0.555452,0.513985,-0.145381,0.0,0.0,0.574288,0.645293,-0.198588,0.0,0.0,0.588138,0.739536,-0.223331,0.0,0.0,0.595403,0.829318,-0.239064,0.0,0.0,0.494953,0.525789,-0.137147,0.0,0.0,0.494764,0.654888,-0.196137,0.0,0.0,0.499897,0.766786,-0.223902,0.0,0.0,0.497942,0.864491,-0.245364,0.0,0.0,0.444252,0.525426,-0.12747,0.0,0.0,0.416914,0.628068,-0.187973,0.0,0.0,0.400082,0.724577,-0.213599,0.0,0.0,0.383822,0.811621,-0.228585,0.0,0.0,0.403557,0.515866,-0.118955,0.0,0.0,0.353478,0.590194,-0.172709,0.0,0.0,0.312481,0.641723,-0.197069,0.0,0.0,0.278521,0.691185,-0.212507,0.0,0.0
video2.mp4,f6bad3096563fbb6012549a50507af13b3de6a1c0921cc34f5e580d9981271d8,1280,720,12.08,150,12.417,91,7583,Right,0.670753,0.493197,0.390087,0.0,0.0,0.0,0.563718,0.435022,-0.050241,0.0,0.0,0.62055,0.521848,-0.087742,0.0,0.0,0.654784,0.607126,-0.115369,0.0,0.0,0.687753,0.68093,-0.143706,0.0,0.0,0.553829,0.515254,-0.134569,0.0,0.0,0.563606,0.629946,-0.180752,0.0,0.0,0.568508,0.714366,-0.201688,0.0,0.0,0.570796,0.795408,-0.216345,0.0,0.0,0.493132,0.526789,-0.128592,0.0,0.0,0.486871,0.632017,-0.179747,0.0,0.0,0.487194,0.725221,-0.201715,0.0,0.0,0.485252,0.808658,-0.220533,0.0,0.0,0.441753,0.530881,-0.121086,0.0,0.0,0.416174,0.626705,-0.172996,0.0,0.0,0.403663,0.717598,-0.193955,0.0,0.0,0.393108,0.797778,-0.207846,0.0,0.0,0.401002,0.527056,-0.114534,0.0,0.0,0.351271,0.60746,-0.161222,0.0,0.0,0.316539,0.663702,-0.184207,0.0,0.0,0.286911,0.717485,-0.200542,0.0,0.0
video2.mp4,f6bad3096563fbb6012549a50507af13b3de6a1c0921cc34f5e580d9981271d8,1280,720,12.08,150,12.417,92,7666,Right,0.72753,0.492091,0.385078,0.0,0.0,0.0,0.562712,0.432855,-0.047744,0.0,0.0,0.619548,0.518406,-0.08331,0.0,0.0,0.653531,0.603355,-0.109704,0.0,0.0,0.686121,0.684753,-0.136587,0.0,0.0,0.55474,0.514668,-0.127405,0.0,0.0,0.566344,0.636653,-0.171915,0.0,0.0,0.573453,0.728832,-0.19186,0.0,0.0,0.576697,0.81517,-0.205609,0.0,0.0,0.492962,0.527105,-0.122321,0.0,0.0,0.488732,0.6412,-0.170263,0.0,0.0,0.489136,0.740111,-0.190984,0.0,0.0,0.486493,0.827433,-0.208916,0.0,0.0,0.441297,0.532705,-0.115972,0.0,0.0,0.417864,0.631824,-0.166327,0.0,0.0,0.405464,0.7247,-0.187965,0.0,0.0,0.395167,0.806267,-0.202196,0.0,0.0,0.400298,0.531368,-0.110413,0.0,0.0,0.350357,0.611063,-0.156303,0.0,0.0,0.3143,0.666113,-0.179601,0.0,0.0,0.283897,0.717655,-0.196,0.0,0.0
video2.mp4,f6bad3096563fbb6012549a50507af13b3de6a1c0921cc34f5e580d9981271d8,1280,720,12.08,150,12.417,93,7750,Right,0.643232,0.495976,0.376837,0.0,0.0,0.0,0.56507,0.430528,-0.042426,0.0,0.0,0.620294,0.514087,-0.075723,0.0,0.0,0.653961,0.599456,-0.101391,0.0,0.0,0.68703,0.680447,-0.127322,0.0,0.0,0.55953,0.523523,-0.116853,0.0,0.0,0.570538,0.651333,-0.161885,0.0,0.0,0.57658,0.742896,-0.182599,0.0,0.0,0.579237,0.821257,-0.195787,0.0,0.0,0.497756,0.534211,-0.114464,0.0,0.0,0.492248,0.651052,-0.159402,0.0,0.0,0.490392,0.74771,-0.177458,0.0,0.0,0.485474,0.827689,-0.192869,0.0,0.0,0.446387,0.532283,-0.111619,0.0,0.0,0.420413,0.633012,-0.160674,0.0,0.0,0.402635,0.726281,-0.181038,0.0,0.0,0.387501,0.807864,-0.194163,0.0,0.0,0.404199,0.519341,-0.109131,0.0,0.0,0.352494,0.595993,-0.154117,0.0,0.0,0.315054,0.652237,-0.175827,0.0,0.0,0.283453,0.705616,-0.190714,0.0,0.0
video2.mp4,f6bad3096563fbb6012549a50507af13b3de6a1c0921cc34f5e580d9981271d8,1280,720,12.08,150,12.417,94,7833,Right,0.558497,0.493617,0.3922,0.0,0.0,0.0,0.561848,0.43148,-0.046418,0.0,0.0,0.618394,0.516225,-0.082181,0.0,0.0,0.649163,0.600549,-0.109501,0.0,0.0,0.68145,0.680233,-0.137756,0.0,0.0,0.555708,0.520693,-0.122183,0.0,0.0,0.563904,0.610961,-0.16725,0.0,0.0,0.570234,0.676389,-0.188821,0.0,0.0,0.573575,0.747715,-0.203343,0.0,0.0,0.496744,0.534534,-0.119047,0.0,0.0,0.490248,0.636055,-0.168083,0.0,0.0,0.490607,0.725541,-0.191317,0.0,0.0,0.487804,0.808917,-0.211043,0.0,0.0,0.445207,0.538937,-0.114649,0.0,0.0,0.420298,0.629885,-0.165771,0.0,0.0,0.407485,0.713014,-0.18709,0.0,0.0,0.397131,0.791765,-0.201063,0.0,0.0,0.402406,0.531457,-0.110919,0.0,0.0,0.356019,0.610292,-0.155918,0.0,0.0,0.320317,0.664665,-0.176742,0.0,0.0,0.290469,0.719361,-0.19157,0.0,0.0
video2.mp4,f6bad3096563fbb6012549a50507af13b3de6a1c0921cc34f5e580d9981271d8,1280,720,12.08,150,12.417,95,7916,Right,0.760455,0.494208,0.381799,1e-06,0.0,0.0,0.565158,0.440201,-0.044812,0.0,0.0,0.620986,0.532118,-0.077527,0.0,0.0,0.654133,0.610192,-0.101644,0.0,0.0,0.688202,0.675864,-0.126439,0.0,0.0,0.557816,0.528506,-0.119933,0.0,0.0,0.568327,0.648547,-0.162199,0.0,0.0,0.580172,0.734366,-0.182748,0.0,0.0,0.590277,0.818011,-0.197278,0.0,0.0,0.496893,0.526268,-0.1157,0.0,0.0,0.490376,0.639935,-0.159969,0.0,0.0,0.488466,0.732512,-0.180267,0.0,0.0,0.48478,0.817254,-0.197667,0.0,0.0,0.446489,0.524015,-0.110297,0.0,0.0,0.420134,0.626037,-0.159414,0.0,0.0,0.40723,0.714624,-0.182274,0.0,0.0,0.396832,0.794414,-0.197012,0.0,0.0,0.405625,0.521268,-0.105324,0.0,0.0,0.348785,0.603785,-0.150196,0.0,0.0,0.309291,0.657682,-0.173019,0.0,0.0,0.274401,0.709777,-0.188826,0.0,0.0
video2.mp4,f6bad3096563fbb6012549a50507af13b3de6a1c0921cc34f5e580d9981271d8,1280,720,12.08,150,12.417,96,8000,Right,0.511471,0.495632,0.377438,1e-06,0.0,0.0,0.562212,0.436715,-0.052518,0.0,0.0,0.616289,0.525721,-0.090295,0.0,0.0,0.650471,0.60934,-0.119217,0.0,0.0,0.687699,0.680673,-0.147978,0.0,0.0,0.562728,0.520742,-0.135342,0.0,0.0,0.574045,0.661404,-0.188187,0.0,0.0,0.585649,0.754173,-0.214315,0.0,0.0,0.593199,0.842991,-0.231756,0.0,0.0,0.506123,0.521091,-0.130988,0.0,0.0,0.507876,0.648532,-0.189811,0.0,0.0,0.512324,0.758193,-0.218171,0.0,0.0,0.511309,0.858125,-0.24051,0.0,0.0,0.455321,0.510089,-0.125658,0.0,0.0,0.423677,0.599226,-0.185412,0.0,0.0,0.403175,0.677906,-0.210939,0.0,0.0,0.384678,0.751563,-0.226495,0.0,0.0,0.410351,0.490526,-0.121827,0.0,0.0,0.359672,0.552628,-0.176837,0.0,0.0,0.317678,0.592808,-0.203693,0.0,0.0,0.27981,0.633222,-0.221303,0.0,0.0
video2.mp4,f6bad3096563fbb6012549a50507af13b3de6a1c0921cc34f5e580d9981271d8,1280,720,12.08,150,12.417,97,8083,Right,0.634475,0.492073,0.39037,0.0,0.0,0.0,0.553419,0.433457,-0.047177,0.0,0.0,0.612061,0.513473,-0.083504,0.0,0.0,0.648117,0.599506,-0.110737,0.0,0.0,0.682506,0.68618,-0.137508,0.0,0.0,0.558635,0.524869,-0.12118,0.0,0.0,0.57593,0.64145,-0.167622,0.0,0.0,0.587971,0.727482,-0.188742,0.0,0.0,0.594729,0.805229,-0.201885,0.0,0.0,0.502285,0.539783,-0.116439,0.0,0.0,0.500061,0.661112,-0.166121,0.0,0.0,0.501404,0.764514,-0.185364,0.0,0.0,0.498053,0.852026,-0.200017,0.0,0.0,0.45093,0.542985,-0.111197,0.0,0.0,0.428751,0.644062,-0.162195,0.0,0.0,0.414353,0.738336,-0.180409,0.0,0.0,0.400968,0.823221,-0.190771,0.0,0.0,0.405431,0.535632,-0.106935,0.0,0.0,0.363262,0.609372,-0.153187,0.0,0.0,0.332588,0.671335,-0.173669,0.0,0.0,0.306158,0.73459,-0.18644,0.0,0.0
video2.mp4,f6bad3096563fbb6012549a50507af13b3de6a1c0921cc34f5e580d9981271d8,1280,720,12.08,150,12.417,98,8166,Right,0.772239,0.493132,0.399781,0.0,0.0,0.0,0.560144,0.43669,-0.05532,0.0,0.0,0.616062,0.519395,-0.094403,0.0,0.0,0.649346,0.603137,-0.1226,0.0,0.0,0.682958,0.681593,-0.151734,0.0,0.0,0.550637,0.519363,-0.136927,0.0,0.0,0.568762,0.617287,-0.18667,0.0,0.0,0.582125,0.690328,-0.211943,0.0,0.0,0.59139,0.765889,-0.229628,0.0,0.0,0.490517,0.536337,-0.130156,0.0,0.0,0.488731,0.645319,-0.181108,0.0,0.0,0.493499,0.734695,-0.206311,0.0,0.0,0.49389,0.820162,-0.22788,0.0,0.0,0.441162,0.546131,-0.122721,0.0,0.0,0.415294,0.645571,-0.177409,0.0,0.0,0.404818,0.73235,-0.203791,0.0,0.0,0.395887,0.812735,-0.221916,0.0,0.0,0.402842,0.545608,-0.116388,0.0,0.0,0.349011,0.622961,-0.167732,0.0,0.0,0.311376,0.67247,-0.194557,0.0,0.0,0.278683,0.721449,-0.213646,0.0,0.0
video2.mp4,f6bad3096563fbb6012549a50507af13b3de6a1c0921cc34f5e580d9981271d8,1280,720,12.08,150,12.417,99,8250,Right,0.676442,0.492097,0.380104,0.0,0.0,0.0,0.562095,0.451852,-0.040332,0.0,0.0,0.616304,0.549886,-0.073972,0.0,0.0,0.660374,0.619311,-0.100566,0.0,0.0,0.702993,0.674284,-0.128805,0.0,0.0,0.557923,0.557232,-0.120221,0.0,0.0,0.572333,0.680831,-0.164186,0.0,0.0,0.583939,0.767154,-0.184368,0.0,0.0,0.593989,0.840887,-0.19736,0.0,0.0,0.503276,0.547289,-0.119203,0.0,0.0,0.502715,0.66261,-0.168381,0.0,0.0,0.503945,0.75579,-0.190438,0.0,0.0,0.504082,0.839041,-0.207703,0.0,0.0,0.453528,0.534952,-0.116622,0.0,0.0,0.429464,0.629056,-0.171665,0.0,0.0,0.413204,0.717117,-0.197778,0.0,0.0,0.400137,0.79873,-0.213148,0.0,0.0,0.411596,0.519462,-0.113485,0.0,0.0,0.362435,0.602371,-0.160549,0.0,0.0,0.326486,0.654739,-0.183363,0.0,0.0,0.294093,0.705055,-0.198902,0.0,0.0
video2.mp4,f6bad3096563fbb6012549a50507af13b3de6a1c0921cc34f5e580d9981271d8,1280,720,12.08,150,12.417,100,8333,Right,0.65097,0.487155,0.390251,1e-06,0.0,0.0,0.557399,0.442777,-0.054228,0.0,0.0,0.617665,0.525864,-0.096081,0.0,0.0,0.657057,0.605745,-0.127581,0.0,0.0,0.694168,0.681342,-0.158607,0.0,0.0,0.558481,0.537,-0.14812,0.0,0.0,0.585274,0.674335,-0.20748,0.0,0.0,0.60143,0.765898,-0.234717,0.0,0.0,0.610549,0.830875,-0.249724,0.0,0.0,0.498257,0.550505,-0.142077,0.0,0.0,0.500089,0.66196,-0.204458,0.0,0.0,0.502695,0.759658,-0.229792,0.0,0.0,0.499253,0.832442,-0.247885,0.0,0.0,0.445901,0.548852,-0.135332,0.0,0.0,0.420838,0.64437,-0.202866,0.0,0.0,0.406835,0.736327,-0.233502,0.0,0.0,0.392679,0.811245,-0.250387,0.0,0.0,0.400117,0.53923,-0.128382,0.0,0.0,0.348359,0.617598,-0.187847,0.0,0.0,0.310573,0.673335,-0.21763,0.0,0.0,0.276991,0.721892,-0.236447,0.0,0.0
video2.mp4,f6bad3096563fbb6012549a50507af13b3de6a1c0921cc34f5e580d9981271d8,1280,720,12.08,150,12.417,101,8416,Left,0.577456,0.48409,0.392441,0.0,0.0,0.0,0.554514,0.443505,-0.051681,0.0,0.0,0.617438,0.525716,-0.092698,0.0,0.0,0.659653,0.605059,-0.124678,0.0,0.0,0.698207,0.684699,-0.156006,0.0,0.0,0.554152,0.562217,-0.135788,0.0,0.0,0.572902,0.698383,-0.193472,0.0,0.0,0.585303,0.773728,-0.221959,0.0,0.0,0.597421,0.822769,-0.237967,0.0,0.0,0.492883,0.574888,-0.132015,0.0,0.0,0.491541,0.688184,-0.190362,0.0,0.0,0.492825,0.770978,-0.213968,0.0,0.0,0.493381,0.827903,-0.230741,0.0,0.0,0.440061,0.570844,-0.128925,0.0,0.0,0.41685,0.663705,-0.190405,0.0,0.0,0.403873,0.746682,-0.217439,0.0,0.0,0.394533,0.813731,-0.232964,0.0,0.0,0.395595,0.553767,-0.126425,0.0,0.0,0.344755,0.629224,-0.182127,0.0,0.0,0.31057,0.681697,-0.210112,0.0,0.0,0.282064,0.727552,-0.227952,0.0,0.0
video2.mp4,f6bad3096563fbb6012549a50507af13b3de6a1c0921cc34f5e580d9981271d8,1280,720,12.08,150,12.417,102,8500,Left,0.644213,0.485805,0.394081,0.0,0.0,0.0,0.555088,0.442715,-0.055977,0.0,0.0,0.615392,0.522708,-0.101111,0.0,0.0,0.655324,0.593455,-0.137339,0.0,0.0,0.692471,0.668875,-0.173172,0.0,0.0,0.555699,0.571877,-0.139923,0.0,0.0,0.577403,0.714763,-0.202943,0.0,0.0,0.590451,0.786096,-0.235282,0.0,0.0,0.601525,0.816099,-0.251591,0.0,0.0,0.494492,0.577815,-0.135777,0.0,0.0,0.493126,0.69449,-0.19865,0.0,0.0,0.493459,0.781585,-0.227413,0.0,0.0,0.494008,0.838226,-0.247122,0.0,0.0,0.44102,0.56661,-0.132811,0.0,0.0,0.417016,0.661289,-0.197089,0.0,0.0,0.404819,0.743342,-0.226514,0.0,0.0,0.397785,0.808029,-0.24316,0.0,0.0,0.397335,0.543609,-0.13073,0.0,0.0,0.345989,0.622703,-0.185876,0.0,0.0,0.311333,0.676978,-0.21313,0.0,0.0,0.284173,0.723029,-0.23056,0.0,0.0
video2.mp4,f6bad3096563fbb6012549a50507af13b3de6a1c0921cc34f5e580d9981271d8,1280,720,12.08,150,12.417,103,8583,Left,0.671635,0.488588,0.38035,0.0,0.0,0.0,0.553616,0.437008,-0.050853,0.0,0.0,0.611011,0.519618,-0.091931,0.0,0.0,0.650157,0.595528,-0.12501,0.0,0.0,0.683381,0.674854,-0.156684,0.0,0.0,0.559955,0.571541,-0.122076,0.0,0.0,0.583185,0.720336,-0.184277,0.0,0.0,0.59257,0.795312,-0.21805,0.0,0.0,0.595616,0.825463,-0.23495,0.0,0.0,0.501779,0.583588,-0.118792,0.0,0.0,0.503216,0.710965,-0.174058,0.0,0.0,0.503088,0.803283,-0.1969,0.0,0.0,0.500229,0.86007,-0.212758,0.0,0.0,0.451265,0.575064,-0.118063,0.0,0.0,0.427394,0.675636,-0.174446,0.0,0.0,0.411681,0.757243,-0.196147,0.0,0.0,0.399763,0.819073,-0.208197,0.0,0.0,0.408342,0.550041,-0.118728,0.0,0.0,0.367032,0.619202,-0.168099,0.0,0.0,0.340468,0.673506,-0.189609,0.0,0.0,0.319659,0.71898,-0.202655,0.0,0.0
video2.mp4,f6bad3096563fbb6012549a50507af13b3de6a1c0921cc34f5e580d9981271d8,1280,720,12.08,150,12.417,104,8666,Right,0.625513,0.488104,0.390948,1e-06,0.0,0.0,0.552096,0.44133,-0.051521,0.0,0.0,0.609571,0.517062,-0.09361,0.0,0.0,0.645202,0.594253,-0.125653,0.0,0.0,0.674774,0.676125,-0.156726,0.0,0.0,0.556032,0.54363,-0.138621,0.0,0.0,0.57528,0.686873,-0.196277,0.0,0.0,0.585672,0.780945,-0.223362,0.0,0.0,0.590483,0.844068,-0.236799,0.0,0.0,0.497856,0.551316,-0.132897,0.0,0.0,0.499379,0.685841,-0.186365,0.0,0.0,0.499017,0.796225,-0.203658,0.0,0.0,0.493511,0.872706,-0.215441,0.0,0.0,0.447655,0.545956,-0.127624,0.0,0.0,0.42397,0.656669,-0.183856,0.0,0.0,0.405637,0.7578,-0.205644,0.0,0.0,0.38797,0.836922,-0.216909,0.0,0.0,0.404193,0.530778,-0.122941,0.0,0.0,0.356692,0.604188,-0.173845,0.0,0.0,0.323456,0.665618,-0.196639,0.0,0.0,0.293691,0.718772,-0.209764,0.0,0.0
video2.mp4,f6bad3096563fbb6012549a50507af13b3de6a1c0921cc34f5e580d9981271d8,1280,720,12.08,150,12.417,105,8750,Right,0.624582,0.490318,0.400591,1e-06,0.0,0.0,0.557411,0.440678,-0.054991,0.0,0.0,0.614322,0.513581,-0.097727,0.0,0.0,0.647029,0.593017,-0.129221,0.0,0.0,0.675624,0.679362,-0.160953,0.0,0.0,0.545386,0.538806,-0.14626,0.0,0.0,0.557812,0.669885,-0.203301,0.0,0.0,0.559991,0.759261,-0.233062,0.0,0.0,0.559201,0.828745,-0.251049,0.0,0.0,0.48467,0.553156,-0.140003,0.0,0.0,0.479282,0.6825,-0.194267,0.0,0.0,0.479681,0.776985,-0.217576,0.0,0.0,0.477393,0.845731,-0.236245,0.0,0.0,0.435115,0.552695,-0.133411,0.0,0.0,0.406095,0.657711,-0.18948,0.0,0.0,0.392745,0.748217,-0.216161,0.0,0.0,0.38044,0.819385,-0.233642,0.0,0.0,0.396,0.540135,-0.127667,0.0,0.0,0.344286,0.617072,-0.179532,0.0,0.0,0.309542,0.669683,-0.206302,0.0,0.0,0.277474,0.715145,-0.224576,0.0,0.0
video2.mp4,f6bad3096563fbb6012549a50507af13b3de6a1c0921cc34f5e580d9981271d8,1280,720,12.08,150,12.417,106,8833,Right,0.543368,0.492002,0.399182,0.0,0.0,0.0,0.559452,0.442848,-0.054271,0.0,0.0,0.61345,0.519988,-0.095427,0.0,0.0,0.64305,0.598419,-0.126294,0.0,0.0,0.671779,0.678721,-0.157635,0.0,0.0,0.550504,0.529827,-0.140587,0.0,0.0,0.560814,0.66188,-0.19499,0.0,0.0,0.566893,0.757076,-0.22241,0.0,0.0,0.56926,0.836656,-0.23965,0.0,0.0,0.489963,0.539524,-0.134211,0.0,0.0,0.48241,0.660545,-0.18987,0.0,0.0,0.479587,0.76216,-0.215341,0.0,0.0,0.476087,0.849051,-0.235998,0.0,0.0,0.439103,0.540662,-0.127141,0.0,0.0,0.412513,0.640881,-0.183129,0.0,0.0,0.395946,0.732723,-0.207626,0.0,0.0,0.383132,0.811787,-0.223245,0.0,0.0,0.399377,0.532859,-0.121234,0.0,0.0,0.348695,0.611101,-0.171081,0.0,0.0,0.312434,0.66585,-0.19619,0.0,0.0,0.283044,0.71733,-0.213645,0.0,0.0
video2.mp4,f6bad3096563fbb6012549a50507af13b3de6a1c0921cc34f5e580d9981271d8,1280,720,12.08,150,12.417,107,8916,Right,0.606035,0.491413,0.379978,1e-06,0.0,0.0,0.558943,0.43754,-0.059043,0.0,0.0,0.612071,0.529098,-0.099325,0.0,0.0,0.645219,0.611113,-0.128324,0.0,0.0,0.675114,0.682745,-0.156853,0.0,0.0,0.549162,0.517337,-0.140668,0.0,0.0,0.559805,0.651559,-0.191722,0.0,0.0,0.566551,0.743666,-0.21638,0.0,0.0,0.569878,0.823419,-0.232257,0.0,0.0,0.489508,0.520036,-0.13078,0.0,0.0,0.478731,0.639313,-0.184389,0.0,0.0,0.471302,0.734065,-0.207492,0.0,0.0,0.461077,0.814256,-0.22601,0.0,0.0,0.441261,0.519488,-0.120807,0.0,0.0,0.408302,0.613806,-0.176176,0.0,0.0,0.385546,0.702451,-0.200483,0.0,0.0,0.364455,0.777604,-0.215483,0.0,0.0,0.404009,0.513224,-0.112449,0.0,0.0,0.349215,0.585792,-0.15962,0.0,0.0,0.309468,0.639713,-0.183588,0.0,0.0,0.273674,0.688862,-0.200409,0.0,0.0
video2.mp4,f6bad3096563fbb6012549a50507af13b3de6a1c0921cc34f5e580d9981271d8,1280,720,12.08,150,12.417,108,9000,Right,0.607864,0.488105,0.384636,1e-06,0.0,0.0,0.558726,0.429268,-0.05543,0.0,0.0,0.615394,0.513847,-0.09445,0.0,0.0,0.645116,0.599898,-0.122947,0.0,0.0,0.672626,0.686442,-0.151226,0.0,0.0,0.546982,0.533745,-0.133719,0.0,0.0,0.560801,0.662583,-0.184626,0.0,0.0,0.571689,0.750952,-0.209672,0.0,0.0,0.577712,0.828291,-0.225668,0.0,0.0,0.484669,0.548041,-0.126092,0.0,0.0,0.479412,0.66692,-0.179131,0.0,0.0,0.477853,0.767475,-0.203528,0.0,0.0,0.472393,0.85426,-0.223049,0.0,0.0,0.433284,0.548906,-0.118166,0.0,0.0,0.401989,0.648876,-0.171749,0.0,0.0,0.383308,0.737999,-0.194452,0.0,0.0,0.367146,0.818137,-0.208679,0.0,0.0,0.392721,0.539236,-0.111808,0.0,0.0,0.339273,0.617452,-0.159491,0.0,0.0,0.302369,0.673373,-0.182894,0.0,0.0,0.269789,0.728007,-0.198634,0.0,0.0
video2.mp4,f6bad3096563fbb6012549a50507af13b3de6a1c0921cc34f5e580d9981271d8,1280,720,12.08,150,12.417,109,9083,Right,0.644942,0.489594,0.382917,1e-06,0.0,0.0,0.561685,0.438474,-0.060713,0.0,0.0,0.616498,0.527193,-0.104705,0.0,0.0,0.647993,0.611027,-0.136918,0.0,0.0,0.679592,0.68956,-0.169295,0.0,0.0,0.548382,0.550825,-0.151964,0.0,0.0,0.564542,0.685086,-0.212177,0.0,0.0,0.575261,0.779091,-0.243275,0.0,0.0,0.581435,0.848696,-0.261861,0.0,0.0,0.485867,0.560421,-0.142998,0.0,0.0,0.480754,0.686091,-0.20503,0.0,0.0,0.478269,0.789564,-0.235217,0.0,0.0,0.472554,0.866021,-0.258274,0.0,0.0,0.435972,0.555638,-0.133581,0.0,0.0,0.407135,0.654119,-0.19744,0.0,0.0,0.388605,0.745872,-0.230925,0.0,0.0,0.372873,0.816452,-0.251544,0.0,0.0,0.398201,0.541457,-0.124949,0.0,0.0,0.343199,0.616246,-0.181389,0.0,0.0,0.305354,0.665728,-0.213003,0.0,0.0,0.273712,0.70685,-0.234524,0.0,0.0
video2.mp4,f6bad3096563fbb6012549a50507af13b3de6a1c0921cc34f5e580d9981271d8,1280,720,12.08,150,12.417,110,9166,Right,0.600886,0.494545,0.375929,1e-06,0.0,0.0,0.559797,0.43541,-0.057826,0.0,0.0,0.612872,0.523596,-0.098792,0.0,0.0,0.643522,0.604635,-0.129331,0.0,0.0,0.671283,0.682937,-0.15962,0.0,0.0,0.549542,0.537302,-0.136773,0.0,0.0,0.564517,0.671879,-0.191933,0.0,0.0,0.57844,0.763437,-0.220504,0.0,0.0,0.588585,0.840132,-0.238345,0.0,0.0,0.489523,0.543847,-0.12953,0.0,0.0,0.479296,0.673302,-0.184999,0.0,0.0,0.475676,0.777552,-0.211847,0.0,0.0,0.469439,0.864715,-0.232941,0.0,0.0,0.44119,0.537634,-0.122562,0.0,0.0,0.407454,0.638632,-0.180443,0.0,0.0,0.384889,0.729785,-0.208465,0.0,0.0,0.36546,0.809324,-0.226124,0.0,0.0,0.402909,0.518976,-0.117031,0.0,0.0,0.344353,0.585837,-0.167348,0.0,0.0,0.302693,0.634413,-0.193265,0.0,0.0,0.266847,0.680042,-0.211144,0.0,0.0
video2.mp4,f6bad3096563fbb6012549a50507af13b3de6a1c0921cc34f5e580d9981271d8,1280,720,12.08,150,12.417,111,9250,Right,0.657336,0.490326,0.385286,1e-06,0.0,0.0,0.560041,0.436721,-0.061187,0.0,0.0,0.614875,0.521532,-0.103489,0.0,0.0,0.644506,0.602707,-0.133999,0.0,0.0,0.673368,0.682558,-0.164519,0.0,0.0,0.54642,0.53297,-0.146376,0.0,0.0,0.561508,0.660496,-0.201283,0.0,0.0,0.573179,0.754693,-0.229202,0.0,0.0,0.582098,0.838177,-0.247104,0.0,0.0,0.48463,0.540595,-0.136108,0.0,0.0,0.475093,0.659162,-0.192902,0.0,0.0,0.473654,0.757378,-0.219366,0.0,0.0,0.471535,0.843704,-0.240343,0.0,0.0,0.434748,0.539434,-0.125358,0.0,0.0,0.404393,0.632926,-0.182796,0.0,0.0,0.388659,0.722893,-0.207884,0.0,0.0,0.375993,0.802747,-0.223329,0.0,0.0,0.397536,0.531158,-0.116213,0.0,0.0,0.341969,0.607008,-0.164482,0.0,0.0,0.304452,0.66078,-0.188263,0.0,0.0,0.272563,0.712444,-0.204808,0.0,0.0
video2.mp4,f6bad3096563fbb6012549a50507af13b3de6a1c0921cc34f5e580d9981271d8,1280,720,12.08,150,12.417,112,9333,Right,0.650101,0.486894,0.388085,1e-06,0.0,0.0,0.55785,0.440716,-0.056593,0.0,0.0,0.612179,0.524051,-0.096568,0.0,0.0,0.642866,0.607033,-0.125965,0.0,0.0,0.671957,0.685367,-0.15534,0.0,0.0,0.543824,0.525235,-0.136292,0.0,0.0,0.553443,0.660757,-0.188892,0.0,0.0,0.560505,0.758316,-0.215668,0.0,0.0,0.565024,0.836069,-0.232286,0.0,0.0,0.481408,0.536778,-0.127836,0.0,0.0,0.474676,0.66431,-0.18042,0.0,0.0,0.472217,0.768163,-0.204268,0.0,0.0,0.468932,0.850534,-0.223603,0.0,0.0,0.43117,0.54075,-0.119429,0.0,0.0,0.404952,0.641678,-0.172699,0.0,0.0,0.389779,0.736397,-0.196688,0.0,0.0,0.378167,0.813497,-0.211876,0.0,0.0,0.393565,0.535794,-0.112664,0.0,0.0,0.340709,0.614404,-0.157872,0.0,0.0,0.305443,0.670975,-0.180756,0.0,0.0,0.277249,0.719661,-0.197053,0.0,0.0
video2.mp4,f6bad3096563fbb6012549a50507af13b3de6a1c0921cc34f5e580d9981271d8,1280,720,12.08,150,12.417,113,9416,Right,0.669908,0.488543,0.389465,1e-06,0.0,0.0,0.558843,0.441221,-0.058688,0.0,0.0,0.612111,0.524195,-0.100929,0.0,0.0,0.64125,0.605846,-0.132048,0.0,0.0,0.672987,0.684081,-0.16322,0.0,0.0,0.544559,0.534583,-0.141245,0.0,0.0,0.556278,0.664767,-0.195914,0.0,0.0,0.56611,0.759331,-0.224403,0.0,0.0,0.573432,0.839926,-0.242488,0.0,0.0,0.482374,0.541439,-0.132598,0.0,0.0,0.474829,0.666537,-0.18641,0.0,0.0,0.472156,0.767481,-0.211705,0.0,0.0,0.46814,0.852769,-0.232524,0.0,0.0,0.432822,0.540878,-0.123831,0.0,0.0,0.405193,0.640608,-0.179025,0.0,0.0,0.388463,0.732753,-0.204482,0.0,0.0,0.375002,0.811104,-0.220783,0.0,0.0,0.394468,0.532906,-0.116548,0.0,0.0,0.341093,0.611299,-0.163481,0.0,0.0,0.30503,0.666135,-0.187223,0.0,0.0,0.275622,0.717672,-0.204231,0.0,0.0
video2.mp4,f6bad3096563fbb6012549a50507af13b3de6a1c0921cc34f5e580d9981271d8,1280,720,12.08,150,12.417,114,9500,Right,0.635857,0.488402,0.385531,1e-06,0.0,0.0,0.555682,0.433368,-0.064306,0.0,0.0,0.611836,0.514422,-0.108412,0.0,0.0,0.642466,0.596979,-0.139581,0.0,0.0,0.669,0.68407,-0.170167,0.0,0.0,0.544027,0.522053,-0.152706,0.0,0.0,0.558433,0.657064,-0.209459,0.0,0.0,0.568232,0.758159,-0.237062,0.0,0.0,0.571478,0.843358,-0.254331,0.0,0.0,0.482356,0.536235,-0.141252,0.0,0.0,0.475174,0.666018,-0.19969,0.0,0.0,0.468525,0.773035,-0.225041,0.0,0.0,0.456735,0.85715,-0.245126,0.0,0.0,0.432694,0.539242,-0.129595,0.0,0.0,0.402787,0.641878,-0.187729,0.0,0.0,0.379781,0.739474,-0.21296,0.0,0.0,0.357263,0.817464,-0.228507,0.0,0.0,0.393834,0.533598,-0.119741,0.0,0.0,0.343386,0.615696,-0.169867,0.0,0.0,0.305845,0.676551,-0.195323,0.0,0.0,0.272485,0.730672,-0.212897,0.0,0.0
video2.mp4,f6bad3096563fbb6012549a50507af13b3de6a1c0921cc34f5e580d9981271d8,1280,720,12.08,150,12.417,115,9583,Right,0.549629,0.486617,0.381338,0.0,0.0,0.0,0.555533,0.426088,-0.057973,0.0,0.0,0.61104,0.512824,-0.097194,0.0,0.0,0.639097,0.601381,-0.125215,0.0,0.0,0.665949,0.685586,-0.152788,0.0,0.0,0.544192,0.525336,-0.135757,0.0,0.0,0.559327,0.659176,-0.18733,0.0,0.0,0.569137,0.756951,-0.212298,0.0,0.0,0.572613,0.841081,-0.22767,0.0,0.0,0.482729,0.538761,-0.126541,0.0,0.0,0.476085,0.662348,-0.178622,0.0,0.0,0.47263,0.768351,-0.200167,0.0,0.0,0.46601,0.85591,-0.217111,0.0,0.0,0.431834,0.540442,-0.117527,0.0,0.0,0.400976,0.642125,-0.170486,0.0,0.0,0.381566,0.733831,-0.191372,0.0,0.0,0.364812,0.812244,-0.203452,0.0,0.0,0.391543,0.533439,-0.110412,0.0,0.0,0.340029,0.617168,-0.157111,0.0,0.0,0.30299,0.675577,-0.1791,0.0,0.0,0.270855,0.72834,-0.193246,0.0,0.0
video2.mp4,f6bad3096563fbb6012549a50507af13b3de6a1c0921cc34f5e580d9981271d8,1280,720,12.08,150,12.417,116,9666,Right,0.641995,0.488547,0.39547,1e-06,0.0,0.0,0.55766,0.44141,-0.055657,0.0,0.0,0.614273,0.525123,-0.096815,0.0,0.0,0.645821,0.609111,-0.127101,0.0,0.0,0.67667,0.68628,-0.157386,0.0,0.0,0.543353,0.524991,-0.13974,0.0,0.0,0.548366,0.657019,-0.191481,0.0,0.0,0.550248,0.748622,-0.217457,0.0,0.0,0.548935,0.825661,-0.23414,0.0,0.0,0.481344,0.534385,-0.131868,0.0,0.0,0.471577,0.65529,-0.183819,0.0,0.0,0.467007,0.756522,-0.207457,0.0,0.0,0.45955,0.84138,-0.227456,0.0,0.0,0.431358,0.53781,-0.123319,0.0,0.0,0.403968,0.641551,-0.174849,0.0,0.0,0.385743,0.735437,-0.196849,0.0,0.0,0.369299,0.813503,-0.211546,0.0,0.0,0.393083,0.53367,-0.116282,0.0,0.0,0.343558,0.61469,-0.161435,0.0,0.0,0.308371,0.670527,-0.183581,0.0,0.0,0.278265,0.721308,-0.199496,0.0,0.0
video2.mp4,f6bad3096563fbb6012549a50507af13b3de6a1c0921cc34f5e580d9981271d8,1280,720,12.08,150,12.417,117,9750,Right,0.685228,0.486902,0.393874,1e-06,0.0,0.0,0.556584,0.439317,-0.060546,0.0,0.0,0.611996,0.522709,-0.102691,0.0,0.0,0.64149,0.606563,-0.133075,0.0,0.0,0.671079,0.689579,-0.163252,0.0,0.0,0.543017,0.524918,-0.144459,0.0,0.0,0.555537,0.656924,-0.198955,0.0,0.0,0.563266,0.754014,-0.227224,0.0,0.0,0.565736,0.839075,-0.245952,0.0,0.0,0.480219,0.537682,-0.134372,0.0,0.0,0.472547,0.65944,-0.191007,0.0,0.0,0.468496,0.761821,-0.218562,0.0,0.0,0.460832,0.849985,-0.241123,0.0,0.0,0.429489,0.5427,-0.123595,0.0,0.0,0.402942,0.640165,-0.177965,0.0,0.0,0.385029,0.731401,-0.2016,0.0,0.0,0.368267,0.808338,-0.21701,0.0,0.0,0.390721,0.541277,-0.114813,0.0,0.0,0.342119,0.618747,-0.161758,0.0,0.0,0.307811,0.673871,-0.185594,0.0,0.0,0.277946,0.726197,-0.202546,0.0,0.0
video2.mp4,f6bad3096563fbb6012549a50507af13b3de6a1c0921cc34f5e580d9981271d8,1280,720,12.08,150,12.417,118,9833,Right,0.737895,0.48787,0.383901,1e-06,0.0,0.0,0.557634,0.437716,-0.055438,0.0,0.0,0.613909,0.523257,-0.094608,0.0,0.0,0.644311,0.606901,-0.122908,0.0,0.0,0.673501,0.686927,-0.150401,0.0,0.0,0.547099,0.515507,-0.136129,0.0,0.0,0.557571,0.652182,-0.186072,0.0,0.0,0.565748,0.752002,-0.209571,0.0,0.0,0.56878,0.840322,-0.224766,0.0,0.0,0.484198,0.521837,-0.127629,0.0,0.0,0.472441,0.642569,-0.1806,0.0,0.0,0.464897,0.746807,-0.203349,0.0,0.0,0.453702,0.834866,-0.222057,0.0,0.0,0.433577,0.523307,-0.118447,0.0,0.0,0.403067,0.621081,-0.171096,0.0,0.0,0.381496,0.717811,-0.191521,0.0,0.0,0.360913,0.800684,-0.204177,0.0,0.0,0.394608,0.521974,-0.110772,0.0,0.0,0.345368,0.602064,-0.155145,0.0,0.0,0.308364,0.663126,-0.175967,0.0,0.0,0.275248,0.721763,-0.190629,0.0,0.0
video2.mp4,f6bad3096563fbb6012549a50507af13b3de6a1c0921cc34f5e580d9981271d8,1280,720,12.08,150,12.417,119,9916,Right,0.571061,0.485557,0.380012,1e-06,0.0,0.0,0.55397,0.438636,-0.055405,0.0,0.0,0.610526,0.531589,-0.094258,0.0,0.0,0.645838,0.615529,-0.121993,0.0,0.0,0.678448,0.688303,-0.149354,0.0,0.0,0.549301,0.517208,-0.139585,0.0,0.0,0.562911,0.652699,-0.191835,0.0,0.0,0.56865,0.75152,-0.216705,0.0,0.0,0.568923,0.835929,-0.232194,0.0,0.0,0.488768,0.522222,-0.130447,0.0,0.0,0.481456,0.643209,-0.183946,0.0,0.0,0.470726,0.744679,-0.205159,0.0,0.0,0.454473,0.828006,-0.222254,0.0,0.0,0.439815,0.521966,-0.120938,0.0,0.0,0.412154,0.618819,-0.174733,0.0,0.0,0.390536,0.716724,-0.19631,0.0,0.0,0.368309,0.799664,-0.209433,0.0,0.0,0.400515,0.517571,-0.1127,0.0,0.0,0.355683,0.597883,-0.158282,0.0,0.0,0.322537,0.664503,-0.18097,0.0,0.0,0.291925,0.727824,-0.197098,0.0,0.0
video2.mp4,f6bad3096563fbb6012549a50507af13b3de6a1c0921cc34f5e580d9981271d8,1280,720,12.08,150,12.417,120,10000,Right,0.782696,0.486179,0.382391,1e-06,0.0,0.0,0.553852,0.430485,-0.056531,0.0,0.0,0.611666,0.521154,-0.093682,0.0,0.0,0.643374,0.610789,-0.119223,0.0,0.0,0.675292,0.693451,-0.144058,0.0,0.0,0.540166,0.52436,-0.133584,0.0,0.0,0.555524,0.650011,-0.183181,0.0,0.0,0.564223,0.739595,-0.207305,0.0,0.0,0.566439,0.824183,-0.222969,0.0,0.0,0.477913,0.538034,-0.124404,0.0,0.0,0.470493,0.662416,-0.176863,0.0,0.0,0.469449,0.766176,-0.201088,0.0,0.0,0.461718,0.855917,-0.220635,0.0,0.0,0.429881,0.541623,-0.114837,0.0,0.0,0.397761,0.641354,-0.167695,0.0,0.0,0.38233,0.731915,-0.190048,0.0,0.0,0.367091,0.813444,-0.203879,0.0,0.0,0.394306,0.53593,-0.1069,0.0,0.0,0.343302,0.61513,-0.154041,0.0,0.0,0.305393,0.670512,-0.177255,0.0,0.0,0.271686,0.724233,-0.192934,0.0,0.0
video2.mp4,f6bad3096563fbb6012549a50507af13b3de6a1c0921cc34f5e580d9981271d8,1280,720,12.08,150,12.417,121,10083,Right,0.655364,0.490229,0.385011,0.0,0.0,0.0,0.557677,0.43523,-0.057854,0.0,0.0,0.611277,0.522742,-0.099347,0.0,0.0,0.642337,0.605003,-0.129801,0.0,0.0,0.674075,0.679739,-0.160602,0.0,0.0,0.543598,0.529262,-0.137014,0.0,0.0,0.553026,0.636331,-0.187218,0.0,0.0,0.561628,0.71762,-0.213912,0.0,0.0,0.566523,0.797004,-0.232007,0.0,0.0,0.483331,0.537021,-0.128624,0.0,0.0,0.472539,0.661199,-0.179574,0.0,0.0,0.465715,0.758781,-0.203331,0.0,0.0,0.455353,0.84275,-0.223313,0.0,0.0,0.432694,0.537952,-0.119768,0.0,0.0,0.401909,0.637522,-0.169474,0.0,0.0,0.382405,0.727938,-0.191561,0.0,0.0,0.365217,0.804328,-0.206398,0.0,0.0,0.392573,0.53109,-0.112808,0.0,0.0,0.34067,0.611723,-0.153554,0.0,0.0,0.305812,0.668051,-0.173571,0.0,0.0,0.275122,0.720828,-0.188708,0.0,0.0
video2.mp4,f6bad3096563fbb6012549a50507af13b3de6a1c0921cc34f5e580d9981271d8,1280,720,12.08,150,12.417,122,10166,Right,0.598147,0.488277,0.388709,0.0,0.0,0.0,0.555906,0.430996,-0.055133,0.0,0.0,0.608611,0.516934,-0.096318,0.0,0.0,0.638071,0.600779,-0.126893,0.0,0.0,0.670528,0.677821,-0.158236,0.0,0.0,0.542262,0.519461,-0.133737,0.0,0.0,0.544805,0.60507,-0.186076,0.0,0.0,0.544336,0.674872,-0.216084,0.0,0.0,0.541546,0.744611,-0.235956,0.0,0.0,0.481668,0.530281,-0.126804,0.0,0.0,0.468567,0.649446,-0.177101,0.0,0.0,0.460693,0.743987,-0.202277,0.0,0.0,0.450866,0.824895,-0.224179,0.0,0.0,0.431476,0.535822,-0.119536,0.0,0.0,0.40036,0.637607,-0.167955,0.0,0.0,0.382071,0.727996,-0.190856,0.0,0.0,0.366957,0.8039,-0.207223,0.0,0.0,0.392317,0.53072,-0.113953,0.0,0.0,0.341196,0.611781,-0.153769,0.0,0.0,0.306607,0.667787,-0.17384,0.0,0.0,0.276916,0.719014,-0.189735,0.0,0.0
video2.mp4,f6bad3096563fbb6012549a50507af13b3de6a1c0921cc34f5e580d9981271d8,1280,720,12.08,150,12.417,123,10250,Right,0.627425,0.484857,0.383376,1e-06,0.0,0.0,0.555049,0.43324,-0.056457,0.0,0.0,0.612755,0.519884,-0.095958,0.0,0.0,0.643487,0.605342,-0.124388,0.0,0.0,0.673804,0.685623,-0.152702,0.0,0.0,0.542245,0.523299,-0.136893,0.0,0.0,0.555103,0.652677,-0.189135,0.0,0.0,0.561975,0.748896,-0.216453,0.0,0.0,0.563305,0.83217,-0.234361,0.0,0.0,0.479896,0.533812,-0.128022,0.0,0.0,0.472615,0.651986,-0.181954,0.0,0.0,0.467836,0.754559,-0.207782,0.0,0.0,0.45902,0.840849,-0.228941,0.0,0.0,0.429448,0.5369,-0.118628,0.0,0.0,0.401676,0.635208,-0.171173,0.0,0.0,0.383853,0.727127,-0.194621,0.0,0.0,0.367258,0.803979,-0.209879,0.0,0.0,0.390557,0.533163,-0.110945,0.0,0.0,0.339263,0.612742,-0.156866,0.0,0.0,0.303537,0.668652,-0.18058,0.0,0.0,0.272503,0.720963,-0.197297,0.0,0.0
video2.mp4,f6bad3096563fbb6012549a50507af13b3de6a1c0921cc34f5e580d9981271d8,1280,720,12.08,150,12.417,124,10333,Right,0.601443,0.487695,0.382287,1e-06,0.0,0.0,0.557523,0.444697,-0.060514,0.0,0.0,0.613379,0.534733,-0.102282,0.0,0.0,0.649178,0.613039,-0.132476,0.0,0.0,0.680497,0.683147,-0.162734,0.0,0.0,0.549319,0.527674,-0.144048,0.0,0.0,0.558001,0.660815,-0.195993,0.0,0.0,0.564773,0.757169,-0.221959,0.0,0.0,0.567371,0.845239,-0.239373,0.0,0.0,0.487737,0.528212,-0.133387,0.0,0.0,0.476378,0.645521,-0.189088,0.0,0.0,0.464937,0.743879,-0.214622,0.0,0.0,0.449459,0.830479,-0.235529,0.0,0.0,0.437455,0.526543,-0.122074,0.0,0.0,0.407785,0.622071,-0.177333,0.0,0.0,0.384369,0.719078,-0.20154,0.0,0.0,0.361708,0.801781,-0.216987,0.0,0.0,0.397983,0.523822,-0.112479,0.0,0.0,0.349142,0.607723,-0.157268,0.0,0.0,0.313312,0.668496,-0.17942,0.0,0.0,0.280834,0.726002,-0.195984,0.0,0.0
video2.mp4,f6bad3096563fbb6012549a50507af13b3de6a1c0921cc34f5e580d9981271d8,1280,720,12.08,150,12.417,125,10416,Right,0.681175,0.486587,0.391351,1e-06,0.0,0.0,0.554512,0.438189,-0.060674,0.0,0.0,0.611731,0.526043,-0.102419,0.0,0.0,0.646877,0.609725,-0.132479,0.0,0.0,0.681149,0.685874,-0.162347,0.0,0.0,0.53961,0.538164,-0.142473,0.0,0.0,0.549778,0.666115,-0.194831,0.0,0.0,0.555901,0.752632,-0.221022,0.0,0.0,0.55648,0.827992,-0.237709,0.0,0.0,0.477604,0.547749,-0.131684,0.0,0.0,0.468073,0.665304,-0.186777,0.0,0.0,0.463101,0.761253,-0.212379,0.0,0.0,0.451956,0.842844,-0.233084,0.0,0.0,0.428478,0.549106,-0.120463,0.0,0.0,0.397002,0.642981,-0.174645,0.0,0.0,0.378908,0.730069,-0.197753,0.0,0.0,0.359963,0.804243,-0.212482,0.0,0.0,0.392203,0.543606,-0.111166,0.0,0.0,0.341469,0.619475,-0.15761,0.0,0.0,0.304778,0.674305,-0.181152,0.0,0.0,0.270705,0.727696,-0.197832,0.0,0.0
video2.mp4,f6bad3096563fbb6012549a50507af13b3de6a1c0921cc34f5e580d9981271d8,1280,720,12.08,150,12.417,126,10500,Right,0.643287,0.484164,0.389133,1e-06,0.0,0.0,0.547031,0.455705,-0.053147,0.0,0.0,0.598276,0.549919,-0.09523,0.0,0.0,0.642194,0.619194,-0.127386,0.0,0.0,0.680346,0.679942,-0.160214,0.0,0.0,0.540247,0.553823,-0.141791,0.0,0.0,0.550211,0.685789,-0.198254,0.0,0.0,0.555786,0.766458,-0.228152,0.0,0.0,0.558079,0.821683,-0.245436,0.0,0.0,0.485993,0.539449,-0.136107,0.0,0.0,0.47148,0.669434,-0.195154,0.0,0.0,0.458935,0.771264,-0.224676,0.0,0.0,0.447485,0.852844,-0.24676,0.0,0.0,0.438446,0.524844,-0.129579,0.0,0.0,0.412572,0.626823,-0.184955,0.0,0.0,0.390859,0.729392,-0.213674,0.0,0.0,0.373283,0.815386,-0.23193,0.0,0.0,0.404063,0.509981,-0.123868,0.0,0.0,0.3602,0.596302,-0.168005,0.0,0.0,0.331311,0.663625,-0.192202,0.0,0.0,0.30611,0.724211,-0.210108,0.0,0.0
video2.mp4,f6bad3096563fbb6012549a50507af13b3de6a1c0921cc34f5e580d9981271d8,1280,720,12.08,150,12.417,127,10583,Right,0.777543,0.480688,0.403574,1e-06,0.0,0.0,0.544625,0.446118,-0.06589,0.0,0.0,0.602187,0.522333,-0.111864,0.0,0.0,0.64632,0.588205,-0.144474,0.0,0.0,0.687477,0.645579,-0.178077,0.0,0.0,0.530703,0.526762,-0.160392,0.0,0.0,0.545552,0.65512,-0.219467,0.0,0.0,0.554218,0.748292,-0.250969,0.0,0.0,0.556903,0.834282,-0.27155,0.0,0.0,0.470348,0.538881,-0.147637,0.0,0.0,0.464856,0.658128,-0.207114,0.0,0.0,0.458634,0.754,-0.234226,0.0,0.0,0.448615,0.838085,-0.2559,0.0,0.0,0.42463,0.546205,-0.134386,0.0,0.0,0.397832,0.642343,-0.193811,0.0,0.0,0.378645,0.728427,-0.220874,0.0,0.0,0.359978,0.801334,-0.237694,0.0,0.0,0.393999,0.54825,-0.122834,0.0,0.0,0.348174,0.625444,-0.172863,0.0,0.0,0.313624,0.676777,-0.198474,0.0,0.0,0.280704,0.723534,-0.216624,0.0,0.0
video2.mp4,f6bad3096563fbb6012549a50507af13b3de6a1c0921cc34f5e580d9981271d8,1280,720,12.08,150,12.417,128,10666,Right,0.503389,0.485832,0.400406,1e-06,0.0,0.0,0.550072,0.453602,-0.054268,0.0,0.0,0.60616,0.538688,-0.093796,0.0,0.0,0.652714,0.600117,-0.123301,0.0,0.0,0.692626,0.655829,-0.154773,0.0,0.0,0.53802,0.543192,-0.140455,0.0,0.0,0.551859,0.670075,-0.191693,0.0,0.0,0.560134,0.762142,-0.218755,0.0,0.0,0.563334,0.843586,-0.237103,0.0,0.0,0.480764,0.54368,-0.133894,0.0,0.0,0.469721,0.662665,-0.185396,0.0,0.0,0.459356,0.757802,-0.209968,0.0,0.0,0.446727,0.843967,-0.230808,0.0,0.0,0.433912,0.5388,-0.126574,0.0,0.0,0.405379,0.634972,-0.177252,0.0,0.0,0.384363,0.72575,-0.202522,0.0,0.0,0.365641,0.806277,-0.220368,0.0,0.0,0.399536,0.527901,-0.120626,0.0,0.0,0.354466,0.605549,-0.163929,0.0,0.0,0.323238,0.661513,-0.18731,0.0,0.0,0.29411,0.714105,-0.205608,0.0,0.0
video2.mp4,f6bad3096563fbb6012549a50507af13b3de6a1c0921cc34f5e580d9981271d8,1280,720,12.08,150,12.417,129,10750,Right,0.546206,0.488551,0.411237,1e-06,0.0,0.0,0.555728,0.437865,-0.072054,0.0,0.0,0.610118,0.508663,-0.121816,0.0,0.0,0.64663,0.57939,-0.158182,0.0,0.0,0.683914,0.651894,-0.19558,0.0,0.0,0.531328,0.535153,-0.163508,0.0,0.0,0.542661,0.664073,-0.221524,0.0,0.0,0.550922,0.756778,-0.25326,0.0,0.0,0.553851,0.838212,-0.275107,0.0,0.0,0.470435,0.54965,-0.150271,0.0,0.0,0.462493,0.670729,-0.208631,0.0,0.0,0.456524,0.767807,-0.239792,0.0,0.0,0.445139,0.85067,-0.266567,0.0,0.0,0.422787,0.551373,-0.136647,0.0,0.0,0.38868,0.648949,-0.191404,0.0,0.0,0.363906,0.737106,-0.218829,0.0,0.0,0.339842,0.808907,-0.238983,0.0,0.0,0.389024,0.541311,-0.125789,0.0,0.0,0.336805,0.616566,-0.172634,0.0,0.0,0.299512,0.670762,-0.198392,0.0,0.0,0.265323,0.719884,-0.218635,0.0,0.0
video2.mp4,f6bad3096563fbb6012549a50507af13b3de6a1c0921cc34f5e580d9981271d8,1280,720,12.08,150,12.417,130,10833,Left,0.635377,0.487831,0.410482,1e-06,0.0,0.0,0.55674,0.450448,-0.068627,0.0,0.0,0.611456,0.525438,-0.122333,0.0,0.0,0.650978,0.589294,-0.163567,0.0,0.0,0.687523,0.647769,-0.207688,0.0,0.0,0.533551,0.542111,-0.172738,0.0,0.0,0.539377,0.666781,-0.236319,0.0,0.0,0.545549,0.757796,-0.271952,0.0,0.0,0.546873,0.834898,-0.296023,0.0,0.0,0.477303,0.544584,-0.164163,0.0,0.0,0.462387,0.672645,-0.230798,0.0,0.0,0.45331,0.771335,-0.26698,0.0,0.0,0.444337,0.857309,-0.296284,0.0,0.0,0.42917,0.541614,-0.154373,0.0,0.0,0.396183,0.644764,-0.215846,0.0,0.0,0.369707,0.736902,-0.250844,0.0,0.0,0.347355,0.813804,-0.275786,0.0,0.0,0.391599,0.529379,-0.146399,0.0,0.0,0.340399,0.608134,-0.195121,0.0,0.0,0.307756,0.664202,-0.223867,0.0,0.0,0.280764,0.715707,-0.247244,0.0,0.0
video2.mp4,f6bad3096563fbb6012549a50507af13b3de6a1c0921cc34f5e580d9981271d8,1280,720,12.08,150,12.417,131,10916,Left,0.679164,0.492287,0.419001,1e-06,0.0,0.0,0.561649,0.449816,-0.077685,0.0,0.0,0.616631,0.520813,-0.132542,0.0,0.0,0.647537,0.59433,-0.172779,0.0,0.0,0.677269,0.670595,-0.214413,0.0,0.0,0.537927,0.55867,-0.178122,0.0,0.0,0.544427,0.679609,-0.243227,0.0,0.0,0.550554,0.768796,-0.279333,0.0,0.0,0.551659,0.846082,-0.303492,0.0,0.0,0.477749,0.565472,-0.164529,0.0,0.0,0.465576,0.689774,-0.229172,0.0,0.0,0.458716,0.787004,-0.261824,0.0,0.0,0.447763,0.868845,-0.289113,0.0,0.0,0.428367,0.558213,-0.150808,0.0,0.0,0.391043,0.657251,-0.212092,0.0,0.0,0.36461,0.744164,-0.24209,0.0,0.0,0.339153,0.813868,-0.263433,0.0,0.0,0.390673,0.535743,-0.139998,0.0,0.0,0.336856,0.609004,-0.191889,0.0,0.0,0.302069,0.665195,-0.21995,0.0,0.0,0.270177,0.716106,-0.241701,0.0,0.0
video2.mp4,f6bad3096563fbb6012549a50507af13b3de6a1c0921cc34f5e580d9981271d8,1280,720,12.08,150,12.417,132,11000,Right,0.547225,0.48895,0.389916,0.0,0.0,0.0,0.560159,0.446214,-0.051964,0.0,0.0,0.61346,0.529247,-0.09299,0.0,0.0,0.644559,0.600234,-0.124432,0.0,0.0,0.670605,0.662786,-0.156824,0.0,0.0,0.534837,0.545993,-0.135129,0.0,0.0,0.548024,0.680361,-0.188678,0.0,0.0,0.555319,0.768811,-0.216428,0.0,0.0,0.558574,0.839249,-0.232914,0.0,0.0,0.477332,0.542941,-0.130585,0.0,0.0,0.464267,0.678116,-0.183943,0.0,0.0,0.452693,0.778027,-0.207907,0.0,0.0,0.441844,0.858572,-0.226306,0.0,0.0,0.429594,0.536606,-0.125615,0.0,0.0,0.395487,0.645609,-0.178448,0.0,0.0,0.370346,0.738939,-0.203093,0.0,0.0,0.350474,0.818653,-0.218194,0.0,0.0,0.392822,0.523523,-0.121603,0.0,0.0,0.338488,0.602449,-0.164031,0.0,0.0,0.303841,0.661114,-0.184837,0.0,0.0,0.274584,0.716693,-0.199682,0.0,0.0
video2.mp4,f6bad3096563fbb6012549a50507af13b3de6a1c0921cc34f5e580d9981271d8,1280,720,12.08,150,12.417,133,11083,Left,0.504637,0.49159,0.408969,0.0,0.0,0.0,0.56387,0.443507,-0.063356,0.0,0.0,0.617974,0.52472,-0.10808,0.0,0.0,0.649164,0.601436,-0.141082,0.0,0.0,0.678047,0.676752,-0.175346,0.0,0.0,0.539753,0.531367,-0.144768,0.0,0.0,0.539513,0.615374,-0.199533,0.0,0.0,0.53922,0.676828,-0.230808,0.0,0.0,0.53473,0.74208,-0.251882,0.0,0.0,0.4772,0.543433,-0.136239,0.0,0.0,0.46181,0.664614,-0.190508,0.0,0.0,0.45024,0.758988,-0.219112,0.0,0.0,0.435245,0.840492,-0.243426,0.0,0.0,0.425995,0.548831,-0.127647,0.0,0.0,0.389946,0.646528,-0.179655,0.0,0.0,0.36513,0.731933,-0.206205,0.0,0.0,0.343691,0.805244,-0.225283,0.0,0.0,0.388723,0.540905,-0.121327,0.0,0.0,0.335771,0.610394,-0.16358,0.0,0.0,0.301116,0.665116,-0.185662,0.0,0.0,0.269578,0.717598,-0.203527,0.0,0.0
video2.mp4,f6bad3096563fbb6012549a50507af13b3de6a1c0921cc34f5e580d9981271d8,1280,720,12.08,150,12.417,134,11166,Right,0.549188,0.489653,0.398241,1e-06,0.0,0.0,0.561384,0.44229,-0.074102,0.0,0.0,0.61527,0.523182,-0.125633,0.0,0.0,0.644217,0.60001,-0.163421,0.0,0.0,0.669953,0.674609,-0.202342,0.0,0.0,0.533762,0.533938,-0.167559,0.0,0.0,0.544714,0.660934,-0.230168,0.0,0.0,0.555049,0.758612,-0.264375,0.0,0.0,0.559139,0.844676,-0.286847,0.0,0.0,0.472565,0.539796,-0.153963,0.0,0.0,0.457275,0.66439,-0.219626,0.0,0.0,0.448108,0.767051,-0.253362,0.0,0.0,0.436586,0.854646,-0.280032,0.0,0.0,0.424092,0.541634,-0.139891,0.0,0.0,0.389924,0.642773,-0.200514,0.0,0.0,0.366909,0.735228,-0.229886,0.0,0.0,0.346569,0.813111,-0.249415,0.0,0.0,0.388513,0.535443,-0.128479,0.0,0.0,0.336734,0.609666,-0.176656,0.0,0.0,0.30317,0.666227,-0.202262,0.0,0.0,0.274819,0.720065,-0.221796,0.0,0.0
video2.mp4,f6bad3096563fbb6012549a50507af13b3de6a1c0921cc34f5e580d9981271d8,1280,720,12.08,150,12.417,135,11250,Right,0.602766,0.49224,0.400151,0.0,0.0,0.0,0.561003,0.445728,-0.073361,0.0,0.0,0.612942,0.526874,-0.124679,0.0,0.0,0.644107,0.606067,-0.162442,0.0,0.0,0.672325,0.67632,-0.200726,0.0,0.0,0.537306,0.524952,-0.161447,0.0,0.0,0.54433,0.659357,-0.219722,0.0,0.0,0.553516,0.761747,-0.251046,0.0,0.0,0.55851,0.848457,-0.271237,0.0,0.0,0.478394,0.52496,-0.146662,0.0,0.0,0.462578,0.645755,-0.204805,0.0,0.0,0.449804,0.746074,-0.231873,0.0,0.0,0.436962,0.828613,-0.254002,0.0,0.0,0.430387,0.525746,-0.13222,0.0,0.0,0.393553,0.627671,-0.18811,0.0,0.0,0.366713,0.721773,-0.214272,0.0,0.0,0.343782,0.798223,-0.23131,0.0,0.0,0.393661,0.523855,-0.120505,0.0,0.0,0.338292,0.60139,-0.162701,0.0,0.0,0.302699,0.664719,-0.18475,0.0,0.0,0.272531,0.720222,-0.202095,0.0,0.0
video2.mp4,f6bad3096563fbb6012549a50507af13b3de6a1c0921cc34f5e580d9981271d8,1280,720,12.08,150,12.417,136,11333,Right,0.612881,0.487826,0.402618,1e-06,0.0,0.0,0.559685,0.446075,-0.079781,0.0,0.0,0.614363,0.526163,-0.135255,0.0,0.0,0.646235,0.60293,-0.175888,0.0,0.0,0.674198,0.677416,-0.216181,0.0,0.0,0.538377,0.529059,-0.179143,0.0,0.0,0.54832,0.672704,-0.24509,0.0,0.0,0.55783,0.776615,-0.279166,0.0,0.0,0.561831,0.85677,-0.299914,0.0,0.0,0.475591,0.533988,-0.162119,0.0,0.0,0.460747,0.644937,-0.229817,0.0,0.0,0.449378,0.741004,-0.261004,0.0,0.0,0.434321,0.813284,-0.285252,0.0,0.0,0.425654,0.53628,-0.145317,0.0,0.0,0.387451,0.620355,-0.210238,0.0,0.0,0.359502,0.704032,-0.240067,0.0,0.0,0.33223,0.76718,-0.258359,0.0,0.0,0.387818,0.536936,-0.131259,0.0,0.0,0.336844,0.61259,-0.181542,0.0,0.0,0.301416,0.672284,-0.208345,0.0,0.0,0.267796,0.720649,-0.228127,0.0,0.0
video2.mp4,f6bad3096563fbb6012549a50507af13b3de6a1c0921cc34f5e580d9981271d8,1280,720,12.08,150,12.417,137,11416,Right,0.590422,0.48714,0.399596,1e-06,0.0,0.0,0.558693,0.441582,-0.07236,0.0,0.0,0.61304,0.522721,-0.123554,0.0,0.0,0.643506,0.604711,-0.161161,0.0,0.0,0.671903,0.690647,-0.198677,0.0,0.0,0.536518,0.543241,-0.163331,0.0,0.0,0.549382,0.681566,-0.228397,0.0,0.0,0.558514,0.777291,-0.263529,0.0,0.0,0.560627,0.85058,-0.285099,0.0,0.0,0.473219,0.556345,-0.149841,0.0,0.0,0.45886,0.677968,-0.216315,0.0,0.0,0.450878,0.77926,-0.250096,0.0,0.0,0.439498,0.859934,-0.276297,0.0,0.0,0.422687,0.559326,-0.13642,0.0,0.0,0.387337,0.653999,-0.197497,0.0,0.0,0.364585,0.745137,-0.227129,0.0,0.0,0.344053,0.818892,-0.246555,0.0,0.0,0.384342,0.552743,-0.125586,0.0,0.0,0.331799,0.623494,-0.17558,0.0,0.0,0.298278,0.677906,-0.202548,0.0,0.0,0.269788,0.728797,-0.222184,0.0,0.0
video2.mp4,f6bad3096563fbb6012549a50507af13b3de6a1c0921cc34f5e580d9981271d8,1280,720,12.08,150,12.417,138,11500,Right,0.501884,0.489967,0.403914,1e-06,0.0,0.0,0.560714,0.440916,-0.077922,0.0,0.0,0.617095,0.514495,-0.133048,0.0,0.0,0.645274,0.592224,-0.173723,0.0,0.0,0.671391,0.676203,-0.214983,0.0,0.0,0.538947,0.539387,-0.176407,0.0,0.0,0.548793,0.671095,-0.243426,0.0,0.0,0.555944,0.767578,-0.280336,0.0,0.0,0.556005,0.84798,-0.304113,0.0,0.0,0.476766,0.550592,-0.161482,0.0,0.0,0.461811,0.67504,-0.230818,0.0,0.0,0.453098,0.776285,-0.267284,0.0,0.0,0.440727,0.86056,-0.296166,0.0,0.0,0.426634,0.553886,-0.146334,0.0,0.0,0.391998,0.648715,-0.211102,0.0,0.0,0.367966,0.740121,-0.245104,0.0,0.0,0.345744,0.811729,-0.267911,0.0,0.0,0.39026,0.547659,-0.133906,0.0,0.0,0.33615,0.618126,-0.187263,0.0,0.0,0.298962,0.670581,-0.218079,0.0,0.0,0.266297,0.715794,-0.241175,0.0,0.0
video2.mp4,f6bad3096563fbb6012549a50507af13b3de6a1c0921cc34f5e580d9981271d8,1280,720,12.08,150,12.417,139,11583,Right,0.641032,0.490776,0.407092,1e-06,0.0,0.0,0.560724,0.450115,-0.074449,0.0,0.0,0.61491,0.523508,-0.128108,0.0,0.0,0.643916,0.59922,-0.167816,0.0,0.0,0.672164,0.674197,-0.208448,0.0,0.0,0.533424,0.546407,-0.175346,0.0,0.0,0.548672,0.676676,-0.243567,0.0,0.0,0.556715,0.773764,-0.281089,0.0,0.0,0.557272,0.850305,-0.30483,0.0,0.0,0.470626,0.556875,-0.162066,0.0,0.0,0.457898,0.678194,-0.23168,0.0,0.0,0.45043,0.778945,-0.267681,0.0,0.0,0.439117,0.859469,-0.295628,0.0,0.0,0.421743,0.55549,-0.148471,0.0,0.0,0.387629,0.646817,-0.215605,0.0,0.0,0.365302,0.739825,-0.252372,0.0,0.0,0.344652,0.814617,-0.276893,0.0,0.0,0.386771,0.542562,-0.136813,0.0,0.0,0.322712,0.591403,-0.193881,0.0,0.0,0.27997,0.632834,-0.227444,0.0,0.0,0.243669,0.67223,-0.251956,0.0,0.0
video2.mp4,f6bad3096563fbb6012549a50507af13b3de6a1c0921cc34f5e580d9981271d8,1280,720,12.08,150,12.417,140,11666,Right,0.645875,0.492834,0.395598,1e-06,0.0,0.0,0.568604,0.443122,-0.074799,0.0,0.0,0.621942,0.51957,-0.127586,0.0,0.0,0.646642,0.593578,-0.166902,0.0,0.0,0.671506,0.669982,-0.206839,0.0,0.0,0.538482,0.538767,-0.166874,0.0,0.0,0.546172,0.668691,-0.228408,0.0,0.0,0.552716,0.767727,-0.262046,0.0,0.0,0.554588,0.854661,-0.284546,0.0,0.0,0.47649,0.542521,-0.153531,0.0,0.0,0.461531,0.672773,-0.218993,0.0,0.0,0.452279,0.775788,-0.253993,0.0,0.0,0.441079,0.868456,-0.282075,0.0,0.0,0.426917,0.543291,-0.140016,0.0,0.0,0.391931,0.639747,-0.201389,0.0,0.0,0.368131,0.731833,-0.234192,0.0,0.0,0.347952,0.811435,-0.256536,0.0,0.0,0.390859,0.536529,-0.129266,0.0,0.0,0.331421,0.608816,-0.178526,0.0,0.0,0.292092,0.660815,-0.207466,0.0,0.0,0.259387,0.711861,-0.230026,0.0,0.0
video2.mp4,f6bad3096563fbb6012549a50507af13b3de6a1c0921cc34f5e580d9981271d8,1280,720,12.08,150,12.417,141,11750,Right,0.541508,0.487391,0.400089,1e-06,0.0,0.0,0.559992,0.442361,-0.071668,0.0,0.0,0.614436,0.519346,-0.122052,0.0,0.0,0.643627,0.597002,-0.159214,0.0,0.0,0.671057,0.673517,-0.197177,0.0,0.0,0.532884,0.538383,-0.162127,0.0,0.0,0.543175,0.668598,-0.223625,0.0,0.0,0.551474,0.76495,-0.257586,0.0,0.0,0.554559,0.845866,-0.279421,0.0,0.0,0.472396,0.546105,-0.148928,0.0,0.0,0.458018,0.670921,-0.211662,0.0,0.0,0.451205,0.772742,-0.243917,0.0,0.0,0.442915,0.860763,-0.269681,0.0,0.0,0.422426,0.547931,-0.135657,0.0,0.0,0.388832,0.642443,-0.193729,0.0,0.0,0.366684,0.735125,-0.223321,0.0,0.0,0.347801,0.813173,-0.243349,0.0,0.0,0.38484,0.541598,-0.125171,0.0,0.0,0.327988,0.611456,-0.172097,0.0,0.0,0.291175,0.663555,-0.198428,0.0,0.0,0.260121,0.712044,-0.218445,0.0,0.0
video2.mp4,f6bad3096563fbb6012549a50507af13b3de6a1c0921cc34f5e580d9981271d8,1280,720,12.08,150,12.417,142,11833,Right,0.54662,0.488096,0.396944,1e-06,0.0,0.0,0.560828,0.449386,-0.069722,0.0,0.0,0.615589,0.530336,-0.118955,0.0,0.0,0.64844,0.605332,-0.154935,0.0,0.0,0.676771,0.676434,-0.191871,0.0,0.0,0.536201,0.538218,-0.163027,0.0,0.0,0.544722,0.666096,-0.223027,0.0,0.0,0.55054,0.76224,-0.254915,0.0,0.0,0.551284,0.848838,-0.276099,0.0,0.0,0.474839,0.540454,-0.150878,0.0,0.0,0.460285,0.668365,-0.215398,0.0,0.0,0.45057,0.772867,-0.247569,0.0,0.0,0.44021,0.866081,-0.27279,0.0,0.0,0.424562,0.539627,-0.138082,0.0,0.0,0.391939,0.635283,-0.198079,0.0,0.0,0.368904,0.731138,-0.227343,0.0,0.0,0.349679,0.814921,-0.246574,0.0,0.0,0.386945,0.534754,-0.127727,0.0,0.0,0.331789,0.605104,-0.176907,0.0,0.0,0.295398,0.658569,-0.203902,0.0,0.0,0.264766,0.710413,-0.224002,0.0,0.0
video2.mp4,f6bad3096563fbb6012549a50507af13b3de6a1c0921cc34f5e580d9981271d8,1280,720,12.08,150,12.417,143,11916,Right,0.571698,0.486851,0.39766,1e-06,0.0,0.0,0.557862,0.43938,-0.0762,0.0,0.0,0.613796,0.517185,-0.129532,0.0,0.0,0.646656,0.594383,-0.168803,0.0,0.0,0.673981,0.676905,-0.209156,0.0,0.0,0.532612,0.538505,-0.173388,0.0,0.0,0.540913,0.661577,-0.236627,0.0,0.0,0.549522,0.75407,-0.271434,0.0,0.0,0.552119,0.840107,-0.294728,0.0,0.0,0.472837,0.545522,-0.159012,0.0,0.0,0.458837,0.669347,-0.225662,0.0,0.0,0.451605,0.772474,-0.260575,0.0,0.0,0.441571,0.863917,-0.288695,0.0,0.0,0.423505,0.546398,-0.144118,0.0,0.0,0.3905,0.642049,-0.205837,0.0,0.0,0.368347,0.73528,-0.237282,0.0,0.0,0.348406,0.81358,-0.258762,0.0,0.0,0.386823,0.539098,-0.13207,0.0,0.0,0.331686,0.609647,-0.18193,0.0,0.0,0.295679,0.663977,-0.210039,0.0,0.0,0.264701,0.714485,-0.231599,0.0,0.0
video2.mp4,f6bad3096563fbb6012549a50507af13b3de6a1c0921cc34f5e580d9981271d8,1280,720,12.08,150,12.417,144,12000,Right,0.587084,0.485617,0.398253,1e-06,0.0,0.0,0.559813,0.446065,-0.069448,0.0,0.0,0.615411,0.523476,-0.119082,0.0,0.0,0.646386,0.60191,-0.15536,0.0,0.0,0.674072,0.676027,-0.192523,0.0,0.0,0.533743,0.540278,-0.163347,0.0,0.0,0.545275,0.665336,-0.224928,0.0,0.0,0.553211,0.762533,-0.258525,0.0,0.0,0.554478,0.849606,-0.280776,0.0,0.0,0.471536,0.548401,-0.151177,0.0,0.0,0.458298,0.671578,-0.214325,0.0,0.0,0.450621,0.774413,-0.245206,0.0,0.0,0.440412,0.864547,-0.269935,0.0,0.0,0.421111,0.54948,-0.138507,0.0,0.0,0.388297,0.644925,-0.197417,0.0,0.0,0.36593,0.738423,-0.225107,0.0,0.0,0.34637,0.818766,-0.243606,0.0,0.0,0.38385,0.542617,-0.128336,0.0,0.0,0.327383,0.610213,-0.177428,0.0,0.0,0.290937,0.663876,-0.203881,0.0,0.0,0.259819,0.716806,-0.223408,0.0,0.0
video2.mp4,f6bad3096563fbb6012549a50507af13b3de6a1c0921cc34f5e580d9981271d8,1280,720,12.08,150,12.417,145,12083,Right,0.594191,0.487921,0.396654,1e-06,0.0,0.0,0.560177,0.442291,-0.07064,0.0,0.0,0.61644,0.519532,-0.121228,0.0,0.0,0.647496,0.597643,-0.158449,0.0,0.0,0.675735,0.674094,-0.196138,0.0,0.0,0.534724,0.536737,-0.165656,0.0,0.0,0.547046,0.670914,-0.229079,0.0,0.0,0.554571,0.769732,-0.263266,0.0,0.0,0.555438,0.852312,-0.284948,0.0,0.0,0.472547,0.545603,-0.153346,0.0,0.0,0.459507,0.673809,-0.218149,0.0,0.0,0.451468,0.779595,-0.250305,0.0,0.0,0.441161,0.867313,-0.275621,0.0,0.0,0.421964,0.547282,-0.14073,0.0,0.0,0.388955,0.64494,-0.201777,0.0,0.0,0.366543,0.740083,-0.231679,0.0,0.0,0.347072,0.819252,-0.25123,0.0,0.0,0.384279,0.539845,-0.130502,0.0,0.0,0.326505,0.609074,-0.180576,0.0,0.0,0.289347,0.663291,-0.208083,0.0,0.0,0.258609,0.715015,-0.228317,0.0,0.0
video2.mp4,f6bad3096563fbb6012549a50507af13b3de6a1c0921cc34f5e580d9981271d8,1280,720,12.08,150,12.417,146,12166,Right,0.588377,0.484757,0.393928,0.0,0.0,0.0,0.559183,0.438282,-0.067951,0.0,0.0,0.615915,0.512206,-0.116331,0.0,0.0,0.644811,0.590966,-0.151758,0.0,0.0,0.671334,0.670074,-0.187407,0.0,0.0,0.532139,0.532407,-0.15896,0.0,0.0,0.545733,0.668872,-0.220417,0.0,0.0,0.554344,0.769853,-0.253106,0.0,0.0,0.556937,0.851366,-0.27344,0.0,0.0,0.469293,0.544582,-0.147253,0.0,0.0,0.457304,0.675672,-0.208823,0.0,0.0,0.450956,0.781161,-0.238684,0.0,0.0,0.442603,0.867473,-0.2623,0.0,0.0,0.418614,0.548651,-0.135424,0.0,0.0,0.387666,0.647819,-0.193731,0.0,0.0,0.366602,0.742333,-0.222032,0.0,0.0,0.348619,0.820139,-0.240478,0.0,0.0,0.381549,0.5428,-0.125966,0.0,0.0,0.326493,0.614643,-0.174554,0.0,0.0,0.290171,0.666348,-0.200972,0.0,0.0,0.259943,0.713301,-0.220083,0.0,0.0
video2.mp4,f6bad3096563fbb6012549a50507af13b3de6a1c0921cc34f5e580d9981271d8,1280,720,12.08,150,12.417,147,12250,Right,0.597757,0.488811,0.392414,1e-06,0.0,0.0,0.561245,0.442711,-0.071033,0.0,0.0,0.617003,0.522559,-0.121623,0.0,0.0,0.647514,0.600339,-0.159014,0.0,0.0,0.676477,0.67462,-0.196915,0.0,0.0,0.535973,0.537259,-0.162918,0.0,0.0,0.544409,0.672264,-0.22498,0.0,0.0,0.550632,0.769365,-0.25812,0.0,0.0,0.551692,0.848974,-0.27882,0.0,0.0,0.473786,0.543563,-0.150348,0.0,0.0,0.458958,0.67549,-0.214546,0.0,0.0,0.449996,0.780759,-0.24672,0.0,0.0,0.440019,0.866733,-0.271607,0.0,0.0,0.422825,0.544822,-0.137631,0.0,0.0,0.389251,0.644204,-0.198103,0.0,0.0,0.36572,0.740476,-0.228687,0.0,0.0,0.345835,0.81992,-0.248481,0.0,0.0,0.385031,0.53907,-0.127357,0.0,0.0,0.328652,0.611269,-0.175778,0.0,0.0,0.291569,0.665187,-0.202537,0.0,0.0,0.260298,0.714144,-0.222405,0.0,0.0
video2.mp4,f6bad3096563fbb6012549a50507af13b3de6a1c0921cc34f5e580d9981271d8,1280,720,12.08,150,12.417,148,12333,Right,0.541539,0.48625,0.394233,1e-06,0.0,0.0,0.560027,0.440232,-0.07056,0.0,0.0,0.615948,0.518677,-0.120814,0.0,0.0,0.645952,0.597141,-0.157861,0.0,0.0,0.672969,0.672636,-0.19552,0.0,0.0,0.5325,0.540228,-0.163304,0.0,0.0,0.544421,0.668825,-0.22578,0.0,0.0,0.552447,0.763631,-0.259636,0.0,0.0,0.554507,0.843251,-0.281074,0.0,0.0,0.471453,0.54872,-0.15126,0.0,0.0,0.458921,0.676545,-0.214967,0.0,0.0,0.451553,0.780618,-0.246843,0.0,0.0,0.442528,0.867461,-0.271906,0.0,0.0,0.421389,0.549776,-0.139092,0.0,0.0,0.38883,0.647474,-0.199082,0.0,0.0,0.366347,0.740827,-0.228869,0.0,0.0,0.34776,0.818991,-0.24833,0.0,0.0,0.383869,0.541479,-0.129439,0.0,0.0,0.32681,0.613291,-0.178316,0.0,0.0,0.290138,0.666959,-0.205303,0.0,0.0,0.26021,0.716715,-0.225198,0.0,0.0
video2.mp4,f6bad3096563fbb6012549a50507af13b3de6a1c0921cc34f5e580d9981271d8,1280,720,12.08,150,12.417,149,12416,Right,0.630752,0.489518,0.389998,0.0,0.0,0.0,0.561542,0.436402,-0.06437,0.0,0.0,0.616438,0.511962,-0.11061,0.0,0.0,0.644354,0.589406,-0.144669,0.0,0.0,0.670228,0.664529,-0.179249,0.0,0.0,0.534163,0.528261,-0.154307,0.0,0.0,0.54524,0.664082,-0.213629,0.0,0.0,0.552252,0.763973,-0.244781,0.0,0.0,0.554021,0.847421,-0.264158,0.0,0.0,0.471333,0.537765,-0.144098,0.0,0.0,0.457996,0.668166,-0.202816,0.0,0.0,0.449947,0.772499,-0.229787,0.0,0.0,0.441187,0.860193,-0.250998,0.0,0.0,0.420822,0.541098,-0.13375,0.0,0.0,0.388576,0.641352,-0.190272,0.0,0.0,0.366097,0.736218,-0.216217,0.0,0.0,0.34769,0.818725,-0.232846,0.0,0.0,0.384584,0.535317,-0.1256,0.0,0.0,0.327502,0.605474,-0.172975,0.0,0.0,0.290536,0.6593,-0.197577,0.0,0.0,0.259345,0.710541,-0.215075,0.0,0.0
