video_file,video_hash,video_width,video_height,video_fps,total_video_frames,video_duration_sec,frame_idx,timestamp_ms,hand,hand_score,wrist_x,wrist_y,wrist_z,wrist_visibility,wrist_presence,thumb_cmc_x,thumb_cmc_y,thumb_cmc_z,thumb_cmc_visibility,thumb_cmc_presence,thumb_mcp_x,thumb_mcp_y,thumb_mcp_z,thumb_mcp_visibility,thumb_mcp_presence,thumb_ip_x,thumb_ip_y,thumb_ip_z,thumb_ip_visibility,thumb_ip_presence,thumb_tip_x,thumb_tip_y,thumb_tip_z,thumb_tip_visibility,thumb_tip_presence,index_mcp_x,index_mcp_y,index_mcp_z,index_mcp_visibility,index_mcp_presence,index_pip_x,index_pip_y,index_pip_z,index_pip_visibility,index_pip_presence,index_dip_x,index_dip_y,index_dip_z,index_dip_visibility,index_dip_presence,index_tip_x,index_tip_y,index_tip_z,index_tip_visibility,index_tip_presence,middle_mcp_x,middle_mcp_y,middle_mcp_z,middle_mcp_visibility,middle_mcp_presence,middle_pip_x,middle_pip_y,middle_pip_z,middle_pip_visibility,middle_pip_presence,middle_dip_x,middle_dip_y,middle_dip_z,middle_dip_visibility,middle_dip_presence,middle_tip_x,middle_tip_y,middle_tip_z,middle_tip_visibility,middle_tip_presence,ring_mcp_x,ring_mcp_y,ring_mcp_z,ring_mcp_visibility,ring_mcp_presence,ring_pip_x,ring_pip_y,ring_pip_z,ring_pip_visibility,ring_pip_presence,ring_dip_x,ring_dip_y,ring_dip_z,ring_dip_visibility,ring_dip_presence,ring_tip_x,ring_tip_y,ring_tip_z,ring_tip_visibility,ring_tip_presence,pinky_mcp_x,pinky_mcp_y,pinky_mcp_z,pinky_mcp_visibility,pinky_mcp_presence,pinky_pip_x,pinky_pip_y,pinky_pip_z,pinky_pip_visibility,pinky_pip_presence,pinky_dip_x,pinky_dip_y,pinky_dip_z,pinky_dip_visibility,pinky_dip_presence,pinky_tip_x,pinky_tip_y,pinky_tip_z,pinky_tip_visibility,pinky_tip_presence
v1.mp4,1219610e4175dfcfd945e2d4a5016440b91148cdbcc5449d7badf3789d2f4a86,1920,1080,12.02,596,49.583,0,0,Left,0.944573,0.572903,0.10284,1e-06,0.0,0.0,0.481233,0.180081,-0.061861,0.0,0.0,0.407547,0.288696,-0.113643,0.0,0.0,0.373782,0.394413,-0.149659,0.0,0.0,0.355598,0.505943,-0.190918,0.0,0.0,0.483188,0.317332,-0.198484,0.0,0.0,0.468944,0.515958,-0.267024,0.0,0.0,0.462329,0.673233,-0.309427,0.0,0.0,0.454431,0.80348,-0.339295,0.0,0.0,0.555929,0.292955,-0.194415,0.0,0.0,0.569942,0.523498,-0.283876,0.0,0.0,0.583659,0.704626,-0.348023,0.0,0.0,0.594465,0.844621,-0.395875,0.0,0.0,0.612811,0.279459,-0.180899,0.0,0.0,0.659966,0.462334,-0.25611,0.0,0.0,0.690487,0.612626,-0.304902,0.0,0.0,0.714673,0.72152,-0.337207,0.0,0.0,0.658277,0.27574,-0.166303,0.0,0.0,0.710273,0.393243,-0.222343,0.0,0.0,0.745666,0.471617,-0.251466,0.0,0.0,0.77667,0.546951,-0.272486,0.0,0.0
v1.mp4,1219610e4175dfcfd945e2d4a5016440b91148cdbcc5449d7badf3789d2f4a86,1920,1080,12.02,596,49.583,1,83,Left,0.970556,0.569392,0.091452,1e-06,0.0,0.0,0.481224,0.185396,-0.06793,0.0,0.0,0.41792,0.290707,-0.130853,0.0,0.0,0.383951,0.405095,-0.17448,0.0,0.0,0.357047,0.528457,-0.219737,0.0,0.0,0.4798,0.298703,-0.23854,0.0,0.0,0.46317,0.506166,-0.325973,0.0,0.0,0.460916,0.668425,-0.372207,0.0,0.0,0.458882,0.80738,-0.40193,0.0,0.0,0.556483,0.285585,-0.230307,0.0,0.0,0.574054,0.513377,-0.333597,0.0,0.0,0.590142,0.700861,-0.391297,0.0,0.0,0.60508,0.85369,-0.433702,0.0,0.0,0.617915,0.280924,-0.213185,0.0,0.0,0.666197,0.466402,-0.297659,0.0,0.0,0.700401,0.623594,-0.343125,0.0,0.0,0.728036,0.740986,-0.37255,0.0,0.0,0.664949,0.283266,-0.195127,0.0,0.0,0.733324,0.424099,-0.262027,0.0,0.0,0.780898,0.511026,-0.29801,0.0,0.0,0.823117,0.588303,-0.322186,0.0,0.0
v1.mp4,1219610e4175dfcfd945e2d4a5016440b91148cdbcc5449d7badf3789d2f4a86,1920,1080,12.02,596,49.583,2,166,Left,0.950368,0.566385,0.077204,1e-06,0.0,0.0,0.484995,0.169352,-0.052716,0.0,0.0,0.419431,0.280053,-0.098796,0.0,0.0,0.378141,0.398773,-0.13268,0.0,0.0,0.352635,0.514306,-0.168536,0.0,0.0,0.481155,0.275712,-0.17703,0.0,0.0,0.459391,0.491141,-0.238905,0.0,0.0,0.456245,0.636572,-0.267459,0.0,0.0,0.453725,0.768025,-0.286426,0.0,0.0,0.548006,0.262451,-0.175413,0.0,0.0,0.557169,0.441365,-0.252406,0.0,0.0,0.56705,0.607585,-0.289658,0.0,0.0,0.577428,0.751436,-0.317966,0.0,0.0,0.607391,0.247307,-0.168671,0.0,0.0,0.641709,0.382957,-0.23466,0.0,0.0,0.661581,0.516102,-0.264879,0.0,0.0,0.678149,0.634195,-0.285537,0.0,0.0,0.657181,0.239246,-0.162222,0.0,0.0,0.721877,0.341353,-0.219628,0.0,0.0,0.768654,0.40242,-0.247439,0.0,0.0,0.810808,0.466613,-0.266205,0.0,0.0
v1.mp4,1219610e4175dfcfd945e2d4a5016440b91148cdbcc5449d7badf3789d2f4a86,1920,1080,12.02,596,49.583,3,250,Left,0.948917,0.56558,0.079939,1e-06,0.0,0.0,0.478791,0.167876,-0.070049,0.0,0.0,0.414216,0.280863,-0.129954,0.0,0.0,0.379307,0.397947,-0.172366,0.0,0.0,0.356543,0.524316,-0.217376,0.0,0.0,0.475738,0.258854,-0.227075,0.0,0.0,0.446938,0.411299,-0.3139,0.0,0.0,0.435416,0.537667,-0.363919,0.0,0.0,0.422816,0.66078,-0.39796,0.0,0.0,0.550415,0.242037,-0.221701,0.0,0.0,0.562061,0.43347,-0.321533,0.0,0.0,0.573958,0.603903,-0.380825,0.0,0.0,0.583921,0.754802,-0.427624,0.0,0.0,0.612357,0.238804,-0.209584,0.0,0.0,0.644276,0.401096,-0.292286,0.0,0.0,0.66682,0.552388,-0.338414,0.0,0.0,0.683887,0.676216,-0.371906,0.0,0.0,0.661677,0.242167,-0.197794,0.0,0.0,0.717624,0.361682,-0.263275,0.0,0.0,0.759742,0.435332,-0.299497,0.0,0.0,0.797786,0.506872,-0.327516,0.0,0.0
v1.mp4,1219610e4175dfcfd945e2d4a5016440b91148cdbcc5449d7badf3789d2f4a86,1920,1080,12.02,596,49.583,4,333,Left,0.950381,0.569092,0.086312,1e-06,0.0,0.0,0.484369,0.162634,-0.062172,0.0,0.0,0.422405,0.247674,-0.120175,0.0,0.0,0.374523,0.336841,-0.16176,0.0,0.0,0.344164,0.443962,-0.206153,0.0,0.0,0.475704,0.240051,-0.218793,0.0,0.0,0.449351,0.408818,-0.299844,0.0,0.0,0.437268,0.545116,-0.344376,0.0,0.0,0.42409,0.667919,-0.373628,0.0,0.0,0.54924,0.232993,-0.214289,0.0,0.0,0.560569,0.43773,-0.305571,0.0,0.0,0.570247,0.612392,-0.357534,0.0,0.0,0.578339,0.760451,-0.398731,0.0,0.0,0.610999,0.231609,-0.202321,0.0,0.0,0.642587,0.397269,-0.276376,0.0,0.0,0.663501,0.552432,-0.318276,0.0,0.0,0.676564,0.681178,-0.349567,0.0,0.0,0.658692,0.233946,-0.190055,0.0,0.0,0.722607,0.342646,-0.250907,0.0,0.0,0.765214,0.413172,-0.284182,0.0,0.0,0.80011,0.4832,-0.309712,0.0,0.0
v1.mp4,1219610e4175dfcfd945e2d4a5016440b91148cdbcc5449d7badf3789d2f4a86,1920,1080,12.02,596,49.583,5,416,Left,0.971514,0.574488,0.070988,1e-06,0.0,0.0,0.495499,0.140766,-0.054695,0.0,0.0,0.434737,0.229354,-0.108534,0.0,0.0,0.381978,0.307892,-0.148382,0.0,0.0,0.329546,0.365537,-0.191896,0.0,0.0,0.476114,0.204968,-0.202884,0.0,0.0,0.449675,0.37415,-0.277381,0.0,0.0,0.439744,0.50669,-0.318457,0.0,0.0,0.430139,0.631185,-0.346021,0.0,0.0,0.547318,0.198455,-0.202948,0.0,0.0,0.56291,0.423651,-0.279982,0.0,0.0,0.57143,0.59871,-0.321514,0.0,0.0,0.578076,0.752158,-0.355551,0.0,0.0,0.611231,0.1988,-0.196252,0.0,0.0,0.644311,0.390463,-0.261511,0.0,0.0,0.662975,0.547069,-0.297418,0.0,0.0,0.67622,0.680087,-0.324603,0.0,0.0,0.663001,0.204658,-0.18919,0.0,0.0,0.726241,0.321059,-0.243546,0.0,0.0,0.76882,0.394469,-0.270803,0.0,0.0,0.803638,0.470631,-0.291669,0.0,0.0
v1.mp4,1219610e4175dfcfd945e2d4a5016440b91148cdbcc5449d7badf3789d2f4a86,1920,1080,12.02,596,49.583,6,500,Left,0.98739,0.577303,0.075761,1e-06,0.0,0.0,0.485164,0.162191,-0.045997,0.0,0.0,0.414062,0.272919,-0.081257,0.0,0.0,0.378867,0.398783,-0.104209,0.0,0.0,0.358534,0.509472,-0.129995,0.0,0.0,0.476199,0.215484,-0.158088,0.0,0.0,0.453352,0.376503,-0.212106,0.0,0.0,0.447195,0.507644,-0.239591,0.0,0.0,0.441047,0.62443,-0.258375,0.0,0.0,0.550331,0.195245,-0.156032,0.0,0.0,0.567407,0.401021,-0.211863,0.0,0.0,0.575868,0.571033,-0.242399,0.0,0.0,0.583499,0.706625,-0.269807,0.0,0.0,0.612653,0.192078,-0.149189,0.0,0.0,0.648545,0.374001,-0.200246,0.0,0.0,0.665992,0.523601,-0.22967,0.0,0.0,0.680188,0.644452,-0.253041,0.0,0.0,0.662172,0.198136,-0.142159,0.0,0.0,0.723908,0.316919,-0.187619,0.0,0.0,0.767078,0.396486,-0.211682,0.0,0.0,0.802875,0.46764,-0.230239,0.0,0.0
v1.mp4,1219610e4175dfcfd945e2d4a5016440b91148cdbcc5449d7badf3789d2f4a86,1920,1080,12.02,596,49.583,7,583,Left,0.995618,0.577762,0.059287,0.0,0.0,0.0,0.485336,0.158591,-0.040038,0.0,0.0,0.412419,0.278143,-0.072581,0.0,0.0,0.381661,0.401489,-0.09404,0.0,0.0,0.359339,0.504781,-0.118859,0.0,0.0,0.46797,0.212162,-0.144468,0.0,0.0,0.44376,0.352092,-0.20048,0.0,0.0,0.435667,0.474261,-0.23371,0.0,0.0,0.428457,0.586624,-0.255966,0.0,0.0,0.542833,0.179103,-0.143946,0.0,0.0,0.552844,0.363408,-0.195436,0.0,0.0,0.557822,0.519588,-0.225323,0.0,0.0,0.56582,0.6503,-0.252008,0.0,0.0,0.606457,0.168477,-0.139157,0.0,0.0,0.637998,0.342454,-0.186118,0.0,0.0,0.652542,0.47917,-0.211036,0.0,0.0,0.667333,0.596826,-0.23054,0.0,0.0,0.655798,0.173611,-0.133885,0.0,0.0,0.713492,0.288927,-0.175543,0.0,0.0,0.756449,0.36625,-0.193369,0.0,0.0,0.79382,0.439473,-0.206121,0.0,0.0
v1.mp4,1219610e4175dfcfd945e2d4a5016440b91148cdbcc5449d7badf3789d2f4a86,1920,1080,12.02,596,49.583,8,666,Left,0.997447,0.574076,0.068546,0.0,0.0,0.0,0.49005,0.175387,-0.043454,0.0,0.0,0.419307,0.293204,-0.076293,0.0,0.0,0.380715,0.407477,-0.097497,0.0,0.0,0.354861,0.497487,-0.12329,0.0,0.0,0.462011,0.219838,-0.147961,0.0,0.0,0.443334,0.354939,-0.200698,0.0,0.0,0.437348,0.480305,-0.231948,0.0,0.0,0.433425,0.596785,-0.254213,0.0,0.0,0.532316,0.176542,-0.146568,0.0,0.0,0.553579,0.334074,-0.201819,0.0,0.0,0.566391,0.477801,-0.23423,0.0,0.0,0.581686,0.597412,-0.262151,0.0,0.0,0.593916,0.159161,-0.140368,0.0,0.0,0.636223,0.30681,-0.192131,0.0,0.0,0.658981,0.434326,-0.218587,0.0,0.0,0.682926,0.543299,-0.238318,0.0,0.0,0.647325,0.160945,-0.133679,0.0,0.0,0.708352,0.259352,-0.178147,0.0,0.0,0.752774,0.3307,-0.197105,0.0,0.0,0.790661,0.400663,-0.210461,0.0,0.0
v1.mp4,1219610e4175dfcfd945e2d4a5016440b91148cdbcc5449d7badf3789d2f4a86,1920,1080,12.02,596,49.583,9,750,Left,0.994653,0.574466,0.062959,0.0,0.0,0.0,0.491834,0.173063,-0.04253,0.0,0.0,0.423255,0.297442,-0.073471,0.0,0.0,0.385634,0.413265,-0.09428,0.0,0.0,0.360112,0.491467,-0.120366,0.0,0.0,0.45419,0.212385,-0.138006,0.0,0.0,0.442521,0.357236,-0.190981,0.0,0.0,0.434267,0.479382,-0.223588,0.0,0.0,0.428252,0.595275,-0.246615,0.0,0.0,0.520483,0.168303,-0.14064,0.0,0.0,0.541419,0.32658,-0.198299,0.0,0.0,0.556924,0.467734,-0.230988,0.0,0.0,0.575992,0.589822,-0.256895,0.0,0.0,0.583557,0.148808,-0.139408,0.0,0.0,0.628222,0.289932,-0.19769,0.0,0.0,0.654343,0.403908,-0.222086,0.0,0.0,0.681772,0.510984,-0.236744,0.0,0.0,0.645418,0.15159,-0.137661,0.0,0.0,0.70423,0.2501,-0.1852,0.0,0.0,0.748068,0.319733,-0.199623,0.0,0.0,0.786915,0.390735,-0.207936,0.0,0.0
v1.mp4,1219610e4175dfcfd945e2d4a5016440b91148cdbcc5449d7badf3789d2f4a86,1920,1080,12.02,596,49.583,10,833,Left,0.957654,0.57352,0.058787,0.0,0.0,0.0,0.490491,0.176105,-0.048044,0.0,0.0,0.422266,0.298963,-0.086872,0.0,0.0,0.386088,0.411448,-0.116218,0.0,0.0,0.36613,0.502245,-0.150103,0.0,0.0,0.455542,0.222438,-0.150129,0.0,0.0,0.453841,0.39776,-0.215052,0.0,0.0,0.447226,0.53387,-0.256222,0.0,0.0,0.446847,0.650623,-0.28395,0.0,0.0,0.5175,0.170106,-0.156036,0.0,0.0,0.535653,0.322957,-0.227494,0.0,0.0,0.548332,0.46044,-0.265195,0.0,0.0,0.568407,0.573776,-0.293336,0.0,0.0,0.579515,0.141349,-0.159319,0.0,0.0,0.625809,0.269244,-0.227709,0.0,0.0,0.650976,0.385389,-0.252359,0.0,0.0,0.675244,0.488745,-0.266462,0.0,0.0,0.643637,0.136025,-0.163205,0.0,0.0,0.704308,0.23835,-0.217587,0.0,0.0,0.745685,0.309445,-0.233154,0.0,0.0,0.781983,0.371621,-0.242314,0.0,0.0
v1.mp4,1219610e4175dfcfd945e2d4a5016440b91148cdbcc5449d7badf3789d2f4a86,1920,1080,12.02,596,49.583,11,916,Left,0.990458,0.577055,0.071279,0.0,0.0,0.0,0.489258,0.183568,-0.03985,0.0,0.0,0.419938,0.297915,-0.072549,0.0,0.0,0.383944,0.410063,-0.097944,0.0,0.0,0.366636,0.502334,-0.129512,0.0,0.0,0.452948,0.212131,-0.130951,0.0,0.0,0.435909,0.352546,-0.189796,0.0,0.0,0.417642,0.469249,-0.229329,0.0,0.0,0.406391,0.575792,-0.256894,0.0,0.0,0.518865,0.161051,-0.14097,0.0,0.0,0.537896,0.334392,-0.204583,0.0,0.0,0.55251,0.483068,-0.24228,0.0,0.0,0.573935,0.607058,-0.271437,0.0,0.0,0.585446,0.133068,-0.147889,0.0,0.0,0.630047,0.270617,-0.213447,0.0,0.0,0.656748,0.386319,-0.238396,0.0,0.0,0.684576,0.493324,-0.253288,0.0,0.0,0.651531,0.125375,-0.154543,0.0,0.0,0.713415,0.195154,-0.210114,0.0,0.0,0.759097,0.244615,-0.223554,0.0,0.0,0.800162,0.294826,-0.230792,0.0,0.0
v1.mp4,1219610e4175dfcfd945e2d4a5016440b91148cdbcc5449d7badf3789d2f4a86,1920,1080,12.02,596,49.583,12,1000,Right,0.635551,0.568308,0.116791,-1e-06,0.0,0.0,0.533336,0.237203,-0.041874,0.0,0.0,0.475979,0.337818,-0.078567,0.0,0.0,0.427092,0.436133,-0.104469,0.0,0.0,0.392632,0.51215,-0.137799,0.0,0.0,0.543531,0.240974,-0.154059,0.0,0.0,0.597088,0.419117,-0.202442,0.0,0.0,0.624369,0.5311,-0.227084,0.0,0.0,0.643565,0.643515,-0.246128,0.0,0.0,0.541468,0.174516,-0.158549,0.0,0.0,0.570868,0.405301,-0.212867,0.0,0.0,0.591991,0.536245,-0.246523,0.0,0.0,0.614563,0.664024,-0.277241,0.0,0.0,0.532719,0.144161,-0.157241,0.0,0.0,0.537739,0.36261,-0.219344,0.0,0.0,0.543689,0.537008,-0.262052,0.0,0.0,0.566169,0.709009,-0.295525,0.0,0.0,0.526403,0.134772,-0.153015,0.0,0.0,0.537735,0.221595,-0.212877,0.0,0.0,0.563072,0.301857,-0.242782,0.0,0.0,0.598377,0.404159,-0.267385,0.0,0.0
v1.mp4,1219610e4175dfcfd945e2d4a5016440b91148cdbcc5449d7badf3789d2f4a86,1920,1080,12.02,596,49.583,13,1083,Left,0.99871,0.577035,0.112592,0.0,0.0,0.0,0.490598,0.181591,-0.033165,0.0,0.0,0.422579,0.289649,-0.065849,0.0,0.0,0.385337,0.408798,-0.088795,0.0,0.0,0.363737,0.503979,-0.11771,0.0,0.0,0.446693,0.222595,-0.138455,0.0,0.0,0.412839,0.360222,-0.191112,0.0,0.0,0.392629,0.469954,-0.219816,0.0,0.0,0.382231,0.567624,-0.238406,0.0,0.0,0.512037,0.199896,-0.145348,0.0,0.0,0.53311,0.454701,-0.198297,0.0,0.0,0.549944,0.634397,-0.225031,0.0,0.0,0.56618,0.761749,-0.246702,0.0,0.0,0.577867,0.201387,-0.147913,0.0,0.0,0.597414,0.437761,-0.20006,0.0,0.0,0.600463,0.613685,-0.222678,0.0,0.0,0.608189,0.744545,-0.23729,0.0,0.0,0.635709,0.22297,-0.148387,0.0,0.0,0.65548,0.394691,-0.194314,0.0,0.0,0.671074,0.506739,-0.208276,0.0,0.0,0.688519,0.598573,-0.215948,0.0,0.0
v1.mp4,1219610e4175dfcfd945e2d4a5016440b91148cdbcc5449d7badf3789d2f4a86,1920,1080,12.02,596,49.583,14,1166,Left,0.997699,0.578053,0.116155,0.0,0.0,0.0,0.487348,0.202199,-0.042485,0.0,0.0,0.41461,0.309842,-0.084225,0.0,0.0,0.381251,0.416263,-0.114972,0.0,0.0,0.375431,0.495854,-0.15403,0.0,0.0,0.43951,0.22139,-0.161686,0.0,0.0,0.412572,0.351191,-0.220767,0.0,0.0,0.3938,0.469004,-0.256716,0.0,0.0,0.386278,0.583269,-0.28104,0.0,0.0,0.508304,0.184228,-0.167238,0.0,0.0,0.529981,0.444714,-0.230472,0.0,0.0,0.547508,0.639017,-0.26478,0.0,0.0,0.575403,0.786012,-0.293295,0.0,0.0,0.577768,0.188311,-0.167415,0.0,0.0,0.600737,0.449545,-0.228406,0.0,0.0,0.607843,0.624369,-0.252787,0.0,0.0,0.625325,0.753225,-0.268493,0.0,0.0,0.640137,0.225645,-0.166043,0.0,0.0,0.656577,0.436534,-0.216347,0.0,0.0,0.673129,0.559417,-0.230192,0.0,0.0,0.694464,0.65842,-0.238682,0.0,0.0
v1.mp4,1219610e4175dfcfd945e2d4a5016440b91148cdbcc5449d7badf3789d2f4a86,1920,1080,12.02,596,49.583,15,1250,Left,0.98727,0.568691,0.147548,-0.0,0.0,0.0,0.47304,0.201808,-0.05197,0.0,0.0,0.402309,0.283903,-0.093411,0.0,0.0,0.368114,0.390523,-0.121814,0.0,0.0,0.363788,0.478694,-0.15756,0.0,0.0,0.470716,0.214186,-0.162174,0.0,0.0,0.483528,0.447501,-0.217264,0.0,0.0,0.486407,0.605987,-0.249678,0.0,0.0,0.496139,0.732332,-0.270827,0.0,0.0,0.549377,0.181309,-0.161876,0.0,0.0,0.571422,0.466487,-0.216927,0.0,0.0,0.580159,0.646867,-0.251066,0.0,0.0,0.600212,0.780309,-0.281793,0.0,0.0,0.612741,0.186885,-0.156595,0.0,0.0,0.656176,0.448211,-0.209355,0.0,0.0,0.673131,0.60808,-0.233403,0.0,0.0,0.692311,0.722926,-0.25199,0.0,0.0,0.66343,0.221571,-0.152034,0.0,0.0,0.704576,0.396823,-0.19583,0.0,0.0,0.734553,0.496074,-0.207689,0.0,0.0,0.76253,0.572392,-0.217703,0.0,0.0
v1.mp4,1219610e4175dfcfd945e2d4a5016440b91148cdbcc5449d7badf3789d2f4a86,1920,1080,12.02,596,49.583,16,1333,Left,0.996507,0.573781,0.147577,0.0,0.0,0.0,0.479298,0.204643,-0.057547,0.0,0.0,0.399373,0.276093,-0.104511,0.0,0.0,0.361274,0.384526,-0.137148,0.0,0.0,0.342221,0.476223,-0.176119,0.0,0.0,0.476668,0.198313,-0.184101,0.0,0.0,0.47345,0.40961,-0.248279,0.0,0.0,0.475195,0.568267,-0.284756,0.0,0.0,0.476814,0.696712,-0.308893,0.0,0.0,0.558179,0.182254,-0.181194,0.0,0.0,0.577638,0.452015,-0.249568,0.0,0.0,0.582227,0.637001,-0.289506,0.0,0.0,0.590013,0.776684,-0.322605,0.0,0.0,0.620431,0.195618,-0.172523,0.0,0.0,0.662586,0.437987,-0.234782,0.0,0.0,0.681576,0.599279,-0.264777,0.0,0.0,0.700585,0.724567,-0.285705,0.0,0.0,0.665276,0.232355,-0.163962,0.0,0.0,0.709602,0.39514,-0.212911,0.0,0.0,0.738348,0.495169,-0.230762,0.0,0.0,0.764985,0.582811,-0.244085,0.0,0.0
v1.mp4,1219610e4175dfcfd945e2d4a5016440b91148cdbcc5449d7badf3789d2f4a86,1920,1080,12.02,596,49.583,17,1416,Left,0.996754,0.568426,0.141908,0.0,0.0,0.0,0.477879,0.193163,-0.062256,0.0,0.0,0.395062,0.268629,-0.114614,0.0,0.0,0.355772,0.376205,-0.152061,0.0,0.0,0.332237,0.470417,-0.195826,0.0,0.0,0.471216,0.200121,-0.199277,0.0,0.0,0.473327,0.422158,-0.268687,0.0,0.0,0.477158,0.587906,-0.308417,0.0,0.0,0.483552,0.725252,-0.335095,0.0,0.0,0.550874,0.186353,-0.196753,0.0,0.0,0.573019,0.457539,-0.270515,0.0,0.0,0.583278,0.647567,-0.311417,0.0,0.0,0.598387,0.791738,-0.345396,0.0,0.0,0.613354,0.199662,-0.188548,0.0,0.0,0.657204,0.443416,-0.253576,0.0,0.0,0.678505,0.601714,-0.282788,0.0,0.0,0.701293,0.721409,-0.303825,0.0,0.0,0.661489,0.23412,-0.181031,0.0,0.0,0.705382,0.401153,-0.232038,0.0,0.0,0.734163,0.504932,-0.251189,0.0,0.0,0.762979,0.592933,-0.266097,0.0,0.0
v1.mp4,1219610e4175dfcfd945e2d4a5016440b91148cdbcc5449d7badf3789d2f4a86,1920,1080,12.02,596,49.583,18,1500,Left,0.99762,0.568341,0.135772,0.0,0.0,0.0,0.478593,0.205975,-0.055184,0.0,0.0,0.397356,0.297131,-0.104749,0.0,0.0,0.359879,0.408102,-0.14048,0.0,0.0,0.341037,0.500227,-0.181776,0.0,0.0,0.47593,0.212407,-0.192991,0.0,0.0,0.481095,0.447499,-0.259686,0.0,0.0,0.484501,0.611483,-0.29637,0.0,0.0,0.491586,0.742942,-0.32035,0.0,0.0,0.555757,0.189459,-0.192127,0.0,0.0,0.574457,0.462468,-0.260454,0.0,0.0,0.588129,0.651896,-0.294239,0.0,0.0,0.608023,0.788987,-0.323129,0.0,0.0,0.617257,0.19518,-0.185625,0.0,0.0,0.657753,0.442008,-0.24253,0.0,0.0,0.676535,0.602341,-0.266633,0.0,0.0,0.698433,0.71884,-0.285335,0.0,0.0,0.66144,0.223451,-0.17985,0.0,0.0,0.706576,0.3957,-0.224265,0.0,0.0,0.735251,0.501693,-0.240912,0.0,0.0,0.76445,0.587066,-0.254556,0.0,0.0
v1.mp4,1219610e4175dfcfd945e2d4a5016440b91148cdbcc5449d7badf3789d2f4a86,1920,1080,12.02,596,49.583,19,1583,Left,0.99415,0.570127,0.11972,0.0,0.0,0.0,0.481672,0.190864,-0.057093,0.0,0.0,0.400649,0.293108,-0.110517,0.0,0.0,0.361272,0.398371,-0.148327,0.0,0.0,0.335173,0.490799,-0.190131,0.0,0.0,0.480624,0.217594,-0.211962,0.0,0.0,0.478685,0.438494,-0.287016,0.0,0.0,0.480649,0.593935,-0.326222,0.0,0.0,0.484333,0.724439,-0.351561,0.0,0.0,0.557033,0.193914,-0.210196,0.0,0.0,0.569604,0.469103,-0.286876,0.0,0.0,0.585413,0.653843,-0.322763,0.0,0.0,0.604792,0.791858,-0.352657,0.0,0.0,0.616104,0.202293,-0.202332,0.0,0.0,0.655825,0.452836,-0.265332,0.0,0.0,0.680466,0.6182,-0.293307,0.0,0.0,0.705286,0.740733,-0.314776,0.0,0.0,0.659571,0.232181,-0.194761,0.0,0.0,0.705291,0.404161,-0.245332,0.0,0.0,0.736914,0.508078,-0.268579,0.0,0.0,0.767943,0.5955,-0.2873,0.0,0.0
v1.mp4,1219610e4175dfcfd945e2d4a5016440b91148cdbcc5449d7badf3789d2f4a86,1920,1080,12.02,596,49.583,20,1666,Left,0.987074,0.575003,0.129564,1e-06,0.0,0.0,0.483519,0.185066,-0.06487,0.0,0.0,0.405595,0.282673,-0.125472,0.0,0.0,0.365566,0.38554,-0.169123,0.0,0.0,0.339248,0.494605,-0.216719,0.0,0.0,0.483445,0.217883,-0.229091,0.0,0.0,0.481686,0.437413,-0.308955,0.0,0.0,0.482448,0.591769,-0.350787,0.0,0.0,0.485526,0.722498,-0.377575,0.0,0.0,0.560758,0.202291,-0.22351,0.0,0.0,0.571214,0.470822,-0.305861,0.0,0.0,0.583398,0.652343,-0.347809,0.0,0.0,0.59844,0.793885,-0.382467,0.0,0.0,0.621148,0.218162,-0.211022,0.0,0.0,0.656229,0.461381,-0.277142,0.0,0.0,0.680218,0.624193,-0.309276,0.0,0.0,0.703027,0.742774,-0.334049,0.0,0.0,0.664361,0.25051,-0.198916,0.0,0.0,0.707879,0.424388,-0.251492,0.0,0.0,0.738808,0.523777,-0.27731,0.0,0.0,0.768774,0.60574,-0.298074,0.0,0.0
v1.mp4,1219610e4175dfcfd945e2d4a5016440b91148cdbcc5449d7badf3789d2f4a86,1920,1080,12.02,596,49.583,21,1750,Left,0.986926,0.572955,0.130488,1e-06,0.0,0.0,0.483241,0.187825,-0.063951,0.0,0.0,0.405135,0.281646,-0.124026,0.0,0.0,0.364173,0.381121,-0.1676,0.0,0.0,0.339972,0.490125,-0.215083,0.0,0.0,0.486009,0.217076,-0.227546,0.0,0.0,0.482538,0.438823,-0.306724,0.0,0.0,0.483306,0.594892,-0.348112,0.0,0.0,0.486641,0.727499,-0.374788,0.0,0.0,0.563499,0.201911,-0.222792,0.0,0.0,0.571486,0.467176,-0.305468,0.0,0.0,0.585042,0.650169,-0.347137,0.0,0.0,0.602231,0.794567,-0.381485,0.0,0.0,0.623638,0.218452,-0.211205,0.0,0.0,0.65863,0.459707,-0.27733,0.0,0.0,0.682045,0.623418,-0.308644,0.0,0.0,0.705067,0.743824,-0.332869,0.0,0.0,0.666211,0.252151,-0.200107,0.0,0.0,0.709447,0.427013,-0.251995,0.0,0.0,0.740294,0.52975,-0.276961,0.0,0.0,0.770458,0.614653,-0.29732,0.0,0.0
v1.mp4,1219610e4175dfcfd945e2d4a5016440b91148cdbcc5449d7badf3789d2f4a86,1920,1080,12.02,596,49.583,22,1833,Left,0.981867,0.57252,0.135213,1e-06,0.0,0.0,0.481569,0.187035,-0.068335,0.0,0.0,0.406974,0.279096,-0.130417,0.0,0.0,0.370932,0.378781,-0.175244,0.0,0.0,0.343762,0.491471,-0.223932,0.0,0.0,0.488478,0.230424,-0.231299,0.0,0.0,0.489695,0.44248,-0.311576,0.0,0.0,0.488257,0.596001,-0.353976,0.0,0.0,0.485393,0.726293,-0.381181,0.0,0.0,0.567829,0.22328,-0.222737,0.0,0.0,0.580356,0.477266,-0.306781,0.0,0.0,0.589699,0.656566,-0.351648,0.0,0.0,0.600531,0.803055,-0.388359,0.0,0.0,0.627175,0.240548,-0.206817,0.0,0.0,0.661229,0.462545,-0.273548,0.0,0.0,0.686158,0.618425,-0.306979,0.0,0.0,0.707485,0.738892,-0.332705,0.0,0.0,0.667764,0.269,-0.191585,0.0,0.0,0.713417,0.429542,-0.244813,0.0,0.0,0.747081,0.520588,-0.271696,0.0,0.0,0.77875,0.600497,-0.293081,0.0,0.0
v1.mp4,1219610e4175dfcfd945e2d4a5016440b91148cdbcc5449d7badf3789d2f4a86,1920,1080,12.02,596,49.583,23,1916,Left,0.967288,0.572444,0.13454,1e-06,0.0,0.0,0.482332,0.187333,-0.072265,0.0,0.0,0.412238,0.274951,-0.137536,0.0,0.0,0.373492,0.378379,-0.18389,0.0,0.0,0.344554,0.496191,-0.233181,0.0,0.0,0.491299,0.249112,-0.2395,0.0,0.0,0.488221,0.473021,-0.321966,0.0,0.0,0.484354,0.6303,-0.363758,0.0,0.0,0.481476,0.761512,-0.389583,0.0,0.0,0.569118,0.249826,-0.226984,0.0,0.0,0.586449,0.500466,-0.308994,0.0,0.0,0.601575,0.673528,-0.346665,0.0,0.0,0.618318,0.810251,-0.377123,0.0,0.0,0.629907,0.265498,-0.207884,0.0,0.0,0.667102,0.484667,-0.275702,0.0,0.0,0.694631,0.638829,-0.307128,0.0,0.0,0.719836,0.755266,-0.330257,0.0,0.0,0.670427,0.288342,-0.189381,0.0,0.0,0.728912,0.443295,-0.244644,0.0,0.0,0.770413,0.531503,-0.271878,0.0,0.0,0.809387,0.602374,-0.292001,0.0,0.0
v1.mp4,1219610e4175dfcfd945e2d4a5016440b91148cdbcc5449d7badf3789d2f4a86,1920,1080,12.02,596,49.583,24,2000,Left,0.979006,0.583054,0.111282,1e-06,0.0,0.0,0.49432,0.170042,-0.072489,0.0,0.0,0.421713,0.282212,-0.124121,0.0,0.0,0.376419,0.400716,-0.158596,0.0,0.0,0.347073,0.509929,-0.196189,0.0,0.0,0.516676,0.307257,-0.196748,0.0,0.0,0.487507,0.47205,-0.261074,0.0,0.0,0.475491,0.590489,-0.295581,0.0,0.0,0.470393,0.70514,-0.320041,0.0,0.0,0.595026,0.317395,-0.181347,0.0,0.0,0.621301,0.509527,-0.254461,0.0,0.0,0.642336,0.637071,-0.294438,0.0,0.0,0.668728,0.748594,-0.325163,0.0,0.0,0.651169,0.322376,-0.160381,0.0,0.0,0.701111,0.487464,-0.226819,0.0,0.0,0.752448,0.590706,-0.261241,0.0,0.0,0.80507,0.673642,-0.28406,0.0,0.0,0.686085,0.3215,-0.140214,0.0,0.0,0.750503,0.430753,-0.195433,0.0,0.0,0.805039,0.479622,-0.223679,0.0,0.0,0.858934,0.52195,-0.242569,0.0,0.0
v1.mp4,1219610e4175dfcfd945e2d4a5016440b91148cdbcc5449d7badf3789d2f4a86,1920,1080,12.02,596,49.583,25,2083,Left,0.860529,0.578018,0.103827,1e-06,0.0,0.0,0.486839,0.175562,-0.062855,0.0,0.0,0.419152,0.286042,-0.112917,0.0,0.0,0.363124,0.404001,-0.15053,0.0,0.0,0.315574,0.506382,-0.190552,0.0,0.0,0.506033,0.350111,-0.16441,0.0,0.0,0.473079,0.513383,-0.228504,0.0,0.0,0.451053,0.629468,-0.267306,0.0,0.0,0.433508,0.745307,-0.294231,0.0,0.0,0.58081,0.354363,-0.15519,0.0,0.0,0.595286,0.516844,-0.225504,0.0,0.0,0.607282,0.648831,-0.266222,0.0,0.0,0.625069,0.775219,-0.297666,0.0,0.0,0.639308,0.341398,-0.14235,0.0,0.0,0.682449,0.479208,-0.203681,0.0,0.0,0.724067,0.582658,-0.233188,0.0,0.0,0.76359,0.682859,-0.253577,0.0,0.0,0.681644,0.323558,-0.131118,0.0,0.0,0.750993,0.412339,-0.182835,0.0,0.0,0.802404,0.455399,-0.206192,0.0,0.0,0.850775,0.502926,-0.221539,0.0,0.0
v1.mp4,1219610e4175dfcfd945e2d4a5016440b91148cdbcc5449d7badf3789d2f4a86,1920,1080,12.02,596,49.583,26,2166,Left,0.921546,0.571532,0.104351,1e-06,0.0,0.0,0.482753,0.18805,-0.054925,0.0,0.0,0.413979,0.285317,-0.104673,0.0,0.0,0.355938,0.394032,-0.142366,0.0,0.0,0.306279,0.497533,-0.182513,0.0,0.0,0.500207,0.35775,-0.168876,0.0,0.0,0.466125,0.544474,-0.239767,0.0,0.0,0.449559,0.686887,-0.282672,0.0,0.0,0.435166,0.820739,-0.311548,0.0,0.0,0.576434,0.365954,-0.163385,0.0,0.0,0.586737,0.574442,-0.23942,0.0,0.0,0.599631,0.7355,-0.283826,0.0,0.0,0.61767,0.881507,-0.317673,0.0,0.0,0.634837,0.350501,-0.152317,0.0,0.0,0.677535,0.51923,-0.214905,0.0,0.0,0.716592,0.645802,-0.245314,0.0,0.0,0.752239,0.754154,-0.2664,0.0,0.0,0.675218,0.326854,-0.142039,0.0,0.0,0.749256,0.425275,-0.194838,0.0,0.0,0.801449,0.480053,-0.218791,0.0,0.0,0.849827,0.53503,-0.233938,0.0,0.0
v1.mp4,1219610e4175dfcfd945e2d4a5016440b91148cdbcc5449d7badf3789d2f4a86,1920,1080,12.02,596,49.583,27,2250,Left,0.94365,0.57156,0.102299,1e-06,0.0,0.0,0.481232,0.184339,-0.063387,0.0,0.0,0.412663,0.282712,-0.118703,0.0,0.0,0.35332,0.392507,-0.159621,0.0,0.0,0.309617,0.503994,-0.202516,0.0,0.0,0.501355,0.372625,-0.187751,0.0,0.0,0.465744,0.560272,-0.262474,0.0,0.0,0.450994,0.698942,-0.307452,0.0,0.0,0.440293,0.83064,-0.338103,0.0,0.0,0.57985,0.376876,-0.18008,0.0,0.0,0.588546,0.58829,-0.264631,0.0,0.0,0.601228,0.752967,-0.31718,0.0,0.0,0.620995,0.902738,-0.357253,0.0,0.0,0.640132,0.362456,-0.166142,0.0,0.0,0.679296,0.541868,-0.236104,0.0,0.0,0.716564,0.678016,-0.274871,0.0,0.0,0.751194,0.794358,-0.302208,0.0,0.0,0.682415,0.342075,-0.152784,0.0,0.0,0.756039,0.450083,-0.212177,0.0,0.0,0.810007,0.503877,-0.242478,0.0,0.0,0.860484,0.558792,-0.262645,0.0,0.0
v1.mp4,1219610e4175dfcfd945e2d4a5016440b91148cdbcc5449d7badf3789d2f4a86,1920,1080,12.02,596,49.583,28,2333,Left,0.943228,0.568774,0.104572,1e-06,0.0,0.0,0.480249,0.185448,-0.057111,0.0,0.0,0.412184,0.28531,-0.108799,0.0,0.0,0.354536,0.398353,-0.148043,0.0,0.0,0.311248,0.510982,-0.189681,0.0,0.0,0.49977,0.360839,-0.175727,0.0,0.0,0.46801,0.557489,-0.245472,0.0,0.0,0.452233,0.699531,-0.286615,0.0,0.0,0.440647,0.832991,-0.314622,0.0,0.0,0.578462,0.368465,-0.170195,0.0,0.0,0.588651,0.586254,-0.245419,0.0,0.0,0.600418,0.751451,-0.289766,0.0,0.0,0.61799,0.901814,-0.324458,0.0,0.0,0.64022,0.356465,-0.159276,0.0,0.0,0.679278,0.543978,-0.221795,0.0,0.0,0.715062,0.686113,-0.256114,0.0,0.0,0.746659,0.808327,-0.280971,0.0,0.0,0.682587,0.335479,-0.148941,0.0,0.0,0.757716,0.450475,-0.203355,0.0,0.0,0.810767,0.514305,-0.231378,0.0,0.0,0.858455,0.575596,-0.250238,0.0,0.0
v1.mp4,1219610e4175dfcfd945e2d4a5016440b91148cdbcc5449d7badf3789d2f4a86,1920,1080,12.02,596,49.583,29,2416,Left,0.924631,0.575566,0.110335,1e-06,0.0,0.0,0.486029,0.185869,-0.052952,0.0,0.0,0.414599,0.292372,-0.100654,0.0,0.0,0.354174,0.40703,-0.13772,0.0,0.0,0.307437,0.512364,-0.177621,0.0,0.0,0.499057,0.352743,-0.15961,0.0,0.0,0.462333,0.527177,-0.222407,0.0,0.0,0.440831,0.651851,-0.258699,0.0,0.0,0.424274,0.771843,-0.283969,0.0,0.0,0.578287,0.367899,-0.157095,0.0,0.0,0.584857,0.57689,-0.225925,0.0,0.0,0.595132,0.736731,-0.266745,0.0,0.0,0.611161,0.886665,-0.299331,0.0,0.0,0.64187,0.36067,-0.150374,0.0,0.0,0.677052,0.54806,-0.211776,0.0,0.0,0.711284,0.693455,-0.247837,0.0,0.0,0.742193,0.822087,-0.273433,0.0,0.0,0.686373,0.339873,-0.143869,0.0,0.0,0.755529,0.468193,-0.198354,0.0,0.0,0.80463,0.54243,-0.22775,0.0,0.0,0.849658,0.612805,-0.248152,0.0,0.0
v1.mp4,1219610e4175dfcfd945e2d4a5016440b91148cdbcc5449d7badf3789d2f4a86,1920,1080,12.02,596,49.583,30,2500,Left,0.949571,0.574387,0.100606,1e-06,0.0,0.0,0.487364,0.171535,-0.056423,0.0,0.0,0.416721,0.280369,-0.105022,0.0,0.0,0.358293,0.396063,-0.141287,0.0,0.0,0.311767,0.499024,-0.179961,0.0,0.0,0.503253,0.334023,-0.165802,0.0,0.0,0.468188,0.47803,-0.229068,0.0,0.0,0.445635,0.590082,-0.264151,0.0,0.0,0.426496,0.698958,-0.288453,0.0,0.0,0.580859,0.358211,-0.16168,0.0,0.0,0.584557,0.566759,-0.232766,0.0,0.0,0.593529,0.72753,-0.2721,0.0,0.0,0.606731,0.875129,-0.303126,0.0,0.0,0.642054,0.359263,-0.153255,0.0,0.0,0.674494,0.543736,-0.216701,0.0,0.0,0.705668,0.687708,-0.251785,0.0,0.0,0.732805,0.814278,-0.276124,0.0,0.0,0.684196,0.34261,-0.145264,0.0,0.0,0.752762,0.473401,-0.200622,0.0,0.0,0.801807,0.549862,-0.229891,0.0,0.0,0.84559,0.622475,-0.25028,0.0,0.0
v1.mp4,1219610e4175dfcfd945e2d4a5016440b91148cdbcc5449d7badf3789d2f4a86,1920,1080,12.02,596,49.583,31,2583,Left,0.956164,0.576432,0.097123,1e-06,0.0,0.0,0.492221,0.162877,-0.055668,0.0,0.0,0.420672,0.257629,-0.107206,0.0,0.0,0.352989,0.348757,-0.146538,0.0,0.0,0.29573,0.416926,-0.188381,0.0,0.0,0.500916,0.313,-0.171927,0.0,0.0,0.466366,0.458381,-0.238982,0.0,0.0,0.445374,0.579004,-0.276104,0.0,0.0,0.427601,0.691812,-0.301549,0.0,0.0,0.578625,0.337396,-0.169058,0.0,0.0,0.585163,0.557176,-0.245603,0.0,0.0,0.594726,0.721102,-0.287924,0.0,0.0,0.608336,0.873139,-0.319995,0.0,0.0,0.641192,0.340553,-0.161193,0.0,0.0,0.674602,0.533627,-0.229235,0.0,0.0,0.706639,0.681614,-0.26786,0.0,0.0,0.734756,0.810885,-0.293231,0.0,0.0,0.683931,0.328352,-0.153214,0.0,0.0,0.751795,0.46553,-0.2112,0.0,0.0,0.803079,0.54569,-0.242675,0.0,0.0,0.848846,0.622042,-0.264157,0.0,0.0
v1.mp4,1219610e4175dfcfd945e2d4a5016440b91148cdbcc5449d7badf3789d2f4a86,1920,1080,12.02,596,49.583,32,2666,Left,0.931541,0.575296,0.076995,1e-06,0.0,0.0,0.492462,0.156219,-0.056972,0.0,0.0,0.427702,0.24405,-0.110978,0.0,0.0,0.359371,0.320381,-0.152813,0.0,0.0,0.300264,0.380043,-0.196675,0.0,0.0,0.502814,0.32878,-0.183108,0.0,0.0,0.469169,0.527145,-0.255349,0.0,0.0,0.456469,0.673076,-0.295868,0.0,0.0,0.447527,0.809151,-0.3237,0.0,0.0,0.582007,0.342143,-0.178466,0.0,0.0,0.589057,0.564581,-0.263825,0.0,0.0,0.598577,0.734211,-0.311571,0.0,0.0,0.612178,0.88835,-0.346675,0.0,0.0,0.643125,0.337703,-0.167462,0.0,0.0,0.677521,0.533096,-0.237156,0.0,0.0,0.70917,0.681096,-0.272629,0.0,0.0,0.735106,0.807284,-0.295742,0.0,0.0,0.683657,0.323602,-0.156971,0.0,0.0,0.75195,0.465022,-0.215847,0.0,0.0,0.800859,0.542997,-0.246173,0.0,0.0,0.84386,0.617931,-0.265671,0.0,0.0
v1.mp4,1219610e4175dfcfd945e2d4a5016440b91148cdbcc5449d7badf3789d2f4a86,1920,1080,12.02,596,49.583,33,2750,Left,0.945844,0.573169,0.089923,1e-06,0.0,0.0,0.486025,0.163435,-0.064997,0.0,0.0,0.415736,0.267597,-0.119477,0.0,0.0,0.360652,0.385256,-0.159301,0.0,0.0,0.326022,0.505601,-0.20119,0.0,0.0,0.505048,0.313797,-0.194039,0.0,0.0,0.474681,0.518409,-0.267051,0.0,0.0,0.465511,0.666737,-0.308414,0.0,0.0,0.460838,0.807144,-0.336556,0.0,0.0,0.582742,0.324207,-0.182614,0.0,0.0,0.594219,0.530614,-0.260704,0.0,0.0,0.604931,0.692055,-0.301962,0.0,0.0,0.62026,0.839143,-0.334361,0.0,0.0,0.641255,0.324817,-0.165878,0.0,0.0,0.678455,0.510679,-0.229407,0.0,0.0,0.710821,0.655737,-0.260094,0.0,0.0,0.738842,0.781909,-0.282052,0.0,0.0,0.67836,0.321317,-0.150462,0.0,0.0,0.748759,0.450471,-0.20492,0.0,0.0,0.799326,0.524434,-0.232368,0.0,0.0,0.843825,0.592349,-0.250797,0.0,0.0
v1.mp4,1219610e4175dfcfd945e2d4a5016440b91148cdbcc5449d7badf3789d2f4a86,1920,1080,12.02,596,49.583,34,2833,Left,0.936126,0.569012,0.092994,1e-06,0.0,0.0,0.483583,0.16111,-0.06986,0.0,0.0,0.415682,0.271896,-0.124556,0.0,0.0,0.363697,0.38696,-0.164405,0.0,0.0,0.32659,0.501413,-0.206406,0.0,0.0,0.503931,0.284702,-0.197309,0.0,0.0,0.48208,0.495976,-0.267519,0.0,0.0,0.477146,0.642731,-0.307113,0.0,0.0,0.474634,0.783004,-0.33514,0.0,0.0,0.581267,0.280968,-0.184798,0.0,0.0,0.601551,0.467232,-0.262944,0.0,0.0,0.618172,0.620154,-0.305603,0.0,0.0,0.638665,0.761564,-0.339661,0.0,0.0,0.638823,0.276631,-0.167186,0.0,0.0,0.682061,0.43761,-0.23081,0.0,0.0,0.713564,0.565248,-0.261614,0.0,0.0,0.743388,0.680043,-0.284294,0.0,0.0,0.677857,0.276635,-0.151581,0.0,0.0,0.746334,0.389748,-0.204625,0.0,0.0,0.795121,0.447101,-0.230559,0.0,0.0,0.840785,0.503049,-0.249054,0.0,0.0
v1.mp4,1219610e4175dfcfd945e2d4a5016440b91148cdbcc5449d7badf3789d2f4a86,1920,1080,12.02,596,49.583,35,2916,Left,0.83562,0.563797,0.106055,1e-06,0.0,0.0,0.47905,0.173775,-0.067541,0.0,0.0,0.413336,0.281537,-0.124294,0.0,0.0,0.366794,0.382892,-0.166753,0.0,0.0,0.329173,0.491838,-0.211778,0.0,0.0,0.492528,0.268718,-0.203521,0.0,0.0,0.478509,0.477373,-0.275857,0.0,0.0,0.476,0.622038,-0.315165,0.0,0.0,0.474884,0.76194,-0.342607,0.0,0.0,0.567617,0.259274,-0.194677,0.0,0.0,0.583984,0.446781,-0.272071,0.0,0.0,0.599804,0.592724,-0.311587,0.0,0.0,0.61968,0.729741,-0.344555,0.0,0.0,0.628099,0.249959,-0.180723,0.0,0.0,0.668158,0.396203,-0.243986,0.0,0.0,0.695585,0.515943,-0.272646,0.0,0.0,0.722846,0.628535,-0.295244,0.0,0.0,0.672099,0.24545,-0.168588,0.0,0.0,0.739989,0.34473,-0.221516,0.0,0.0,0.785895,0.393783,-0.245998,0.0,0.0,0.830643,0.447226,-0.265061,0.0,0.0
v1.mp4,1219610e4175dfcfd945e2d4a5016440b91148cdbcc5449d7badf3789d2f4a86,1920,1080,12.02,596,49.583,36,3000,Left,0.979145,0.566686,0.122519,1e-06,0.0,0.0,0.481841,0.195689,-0.066763,0.0,0.0,0.419256,0.285502,-0.132157,0.0,0.0,0.365748,0.389087,-0.179039,0.0,0.0,0.328005,0.503519,-0.229339,0.0,0.0,0.500181,0.271344,-0.240992,0.0,0.0,0.479614,0.467798,-0.326318,0.0,0.0,0.469397,0.613642,-0.374322,0.0,0.0,0.459305,0.742574,-0.406266,0.0,0.0,0.579821,0.266007,-0.232219,0.0,0.0,0.590209,0.505987,-0.319601,0.0,0.0,0.599925,0.676359,-0.369503,0.0,0.0,0.614739,0.821296,-0.410278,0.0,0.0,0.639552,0.264236,-0.214017,0.0,0.0,0.685508,0.475998,-0.285472,0.0,0.0,0.72537,0.623787,-0.329891,0.0,0.0,0.75842,0.741736,-0.365077,0.0,0.0,0.674803,0.263143,-0.194593,0.0,0.0,0.751727,0.35031,-0.253054,0.0,0.0,0.803912,0.394028,-0.285854,0.0,0.0,0.850207,0.438539,-0.312052,0.0,0.0
v1.mp4,1219610e4175dfcfd945e2d4a5016440b91148cdbcc5449d7badf3789d2f4a86,1920,1080,12.02,596,49.583,37,3083,Left,0.958464,0.575072,0.114833,1e-06,0.0,0.0,0.487688,0.182046,-0.047365,0.0,0.0,0.416086,0.2878,-0.092228,0.0,0.0,0.362979,0.396976,-0.125953,0.0,0.0,0.328235,0.50323,-0.163387,0.0,0.0,0.505375,0.275524,-0.160327,0.0,0.0,0.475389,0.424429,-0.215386,0.0,0.0,0.454645,0.533791,-0.243999,0.0,0.0,0.437923,0.632079,-0.264104,0.0,0.0,0.580269,0.282831,-0.160385,0.0,0.0,0.585119,0.5117,-0.21809,0.0,0.0,0.597021,0.675151,-0.251334,0.0,0.0,0.615403,0.81318,-0.279321,0.0,0.0,0.640886,0.279421,-0.154968,0.0,0.0,0.676718,0.489761,-0.209771,0.0,0.0,0.711295,0.63902,-0.248436,0.0,0.0,0.744145,0.767057,-0.277738,0.0,0.0,0.682068,0.267584,-0.148005,0.0,0.0,0.754716,0.357951,-0.198007,0.0,0.0,0.808777,0.402838,-0.226231,0.0,0.0,0.85795,0.444663,-0.247704,0.0,0.0
v1.mp4,1219610e4175dfcfd945e2d4a5016440b91148cdbcc5449d7badf3789d2f4a86,1920,1080,12.02,596,49.583,38,3166,Left,0.963445,0.571695,0.102253,1e-06,0.0,0.0,0.482966,0.176636,-0.058524,0.0,0.0,0.411442,0.285609,-0.111173,0.0,0.0,0.360707,0.389904,-0.149687,0.0,0.0,0.323165,0.492556,-0.191615,0.0,0.0,0.506562,0.281239,-0.187883,0.0,0.0,0.480938,0.414402,-0.256568,0.0,0.0,0.458256,0.514882,-0.296147,0.0,0.0,0.436268,0.609685,-0.323497,0.0,0.0,0.583594,0.291623,-0.184588,0.0,0.0,0.588165,0.516774,-0.255809,0.0,0.0,0.595442,0.677887,-0.299758,0.0,0.0,0.608027,0.82193,-0.335858,0.0,0.0,0.642672,0.295914,-0.175247,0.0,0.0,0.682397,0.506325,-0.238618,0.0,0.0,0.71854,0.652955,-0.283247,0.0,0.0,0.750915,0.77914,-0.317112,0.0,0.0,0.680754,0.291965,-0.165098,0.0,0.0,0.758168,0.393915,-0.218885,0.0,0.0,0.812947,0.441019,-0.250313,0.0,0.0,0.861959,0.487269,-0.274969,0.0,0.0
v1.mp4,1219610e4175dfcfd945e2d4a5016440b91148cdbcc5449d7badf3789d2f4a86,1920,1080,12.02,596,49.583,39,3250,Left,0.971599,0.571726,0.112084,1e-06,0.0,0.0,0.485202,0.179882,-0.060972,0.0,0.0,0.415241,0.276877,-0.117515,0.0,0.0,0.363363,0.385209,-0.158762,0.0,0.0,0.327334,0.502253,-0.203189,0.0,0.0,0.502756,0.285766,-0.205291,0.0,0.0,0.482586,0.502596,-0.276445,0.0,0.0,0.478656,0.657645,-0.315602,0.0,0.0,0.47995,0.792748,-0.34211,0.0,0.0,0.582591,0.282852,-0.196892,0.0,0.0,0.591232,0.530309,-0.265761,0.0,0.0,0.606746,0.702659,-0.302151,0.0,0.0,0.630495,0.85023,-0.333106,0.0,0.0,0.644631,0.283067,-0.182012,0.0,0.0,0.68535,0.504538,-0.23942,0.0,0.0,0.721937,0.651557,-0.27409,0.0,0.0,0.754985,0.773718,-0.301925,0.0,0.0,0.683281,0.283497,-0.167138,0.0,0.0,0.761618,0.397734,-0.217967,0.0,0.0,0.817904,0.44788,-0.24599,0.0,0.0,0.86596,0.493306,-0.267195,0.0,0.0
v1.mp4,1219610e4175dfcfd945e2d4a5016440b91148cdbcc5449d7badf3789d2f4a86,1920,1080,12.02,596,49.583,40,3333,Left,0.953909,0.573963,0.126546,1e-06,0.0,0.0,0.484679,0.187781,-0.066952,0.0,0.0,0.416678,0.282634,-0.128554,0.0,0.0,0.363351,0.389824,-0.174243,0.0,0.0,0.326085,0.509326,-0.22275,0.0,0.0,0.50093,0.286248,-0.217691,0.0,0.0,0.484686,0.505464,-0.296713,0.0,0.0,0.479721,0.661854,-0.340819,0.0,0.0,0.479783,0.801515,-0.370047,0.0,0.0,0.579434,0.28861,-0.207616,0.0,0.0,0.590654,0.5334,-0.286127,0.0,0.0,0.605474,0.703099,-0.327928,0.0,0.0,0.628532,0.853777,-0.362735,0.0,0.0,0.641958,0.293303,-0.191041,0.0,0.0,0.682273,0.507842,-0.254884,0.0,0.0,0.718152,0.654978,-0.289413,0.0,0.0,0.752141,0.776534,-0.316029,0.0,0.0,0.682339,0.296878,-0.175096,0.0,0.0,0.750956,0.440393,-0.228625,0.0,0.0,0.799891,0.517415,-0.256714,0.0,0.0,0.845961,0.583802,-0.278062,0.0,0.0
v1.mp4,1219610e4175dfcfd945e2d4a5016440b91148cdbcc5449d7badf3789d2f4a86,1920,1080,12.02,596,49.583,41,3416,Left,0.959514,0.569883,0.114537,1e-06,0.0,0.0,0.480964,0.177504,-0.07166,0.0,0.0,0.412779,0.273352,-0.133789,0.0,0.0,0.359663,0.382369,-0.178771,0.0,0.0,0.322465,0.502041,-0.225584,0.0,0.0,0.504133,0.284287,-0.221304,0.0,0.0,0.487546,0.498613,-0.29785,0.0,0.0,0.481179,0.654115,-0.337468,0.0,0.0,0.476783,0.79342,-0.363547,0.0,0.0,0.583682,0.283683,-0.208251,0.0,0.0,0.596239,0.514015,-0.292378,0.0,0.0,0.607448,0.690409,-0.334503,0.0,0.0,0.622833,0.842451,-0.367731,0.0,0.0,0.644385,0.285773,-0.188655,0.0,0.0,0.684058,0.484579,-0.257216,0.0,0.0,0.715965,0.637533,-0.289728,0.0,0.0,0.742673,0.763489,-0.312808,0.0,0.0,0.683392,0.289822,-0.170145,0.0,0.0,0.753303,0.433881,-0.227246,0.0,0.0,0.799537,0.516612,-0.256177,0.0,0.0,0.841069,0.590071,-0.276562,0.0,0.0
v1.mp4,1219610e4175dfcfd945e2d4a5016440b91148cdbcc5449d7badf3789d2f4a86,1920,1080,12.02,596,49.583,42,3500,Left,0.872701,0.570726,0.104408,1e-06,0.0,0.0,0.479914,0.170427,-0.071714,0.0,0.0,0.411475,0.272381,-0.129583,0.0,0.0,0.36134,0.387578,-0.171586,0.0,0.0,0.328705,0.510931,-0.214766,0.0,0.0,0.504863,0.274291,-0.204814,0.0,0.0,0.486888,0.48505,-0.277806,0.0,0.0,0.483647,0.64116,-0.315062,0.0,0.0,0.48067,0.784106,-0.339755,0.0,0.0,0.587056,0.278588,-0.1924,0.0,0.0,0.612616,0.508898,-0.276399,0.0,0.0,0.623855,0.684734,-0.319779,0.0,0.0,0.634301,0.844395,-0.352803,0.0,0.0,0.648309,0.280642,-0.174518,0.0,0.0,0.690768,0.475648,-0.243338,0.0,0.0,0.718957,0.628544,-0.275865,0.0,0.0,0.739924,0.761494,-0.297507,0.0,0.0,0.687071,0.281885,-0.158246,0.0,0.0,0.755167,0.423763,-0.212968,0.0,0.0,0.797454,0.512468,-0.240671,0.0,0.0,0.834586,0.596757,-0.260105,0.0,0.0
v1.mp4,1219610e4175dfcfd945e2d4a5016440b91148cdbcc5449d7badf3789d2f4a86,1920,1080,12.02,596,49.583,43,3583,Left,0.81702,0.570346,0.108613,1e-06,0.0,0.0,0.475688,0.167277,-0.076691,0.0,0.0,0.407428,0.281184,-0.13506,0.0,0.0,0.357642,0.396497,-0.175416,0.0,0.0,0.324527,0.511382,-0.215228,0.0,0.0,0.5113,0.249503,-0.205882,0.0,0.0,0.504824,0.3716,-0.277554,0.0,0.0,0.507232,0.479295,-0.313,0.0,0.0,0.509775,0.591104,-0.33709,0.0,0.0,0.595771,0.267125,-0.19275,0.0,0.0,0.613371,0.480791,-0.279332,0.0,0.0,0.624897,0.659747,-0.324406,0.0,0.0,0.635061,0.831044,-0.359079,0.0,0.0,0.657398,0.284573,-0.174728,0.0,0.0,0.690303,0.458914,-0.247136,0.0,0.0,0.713655,0.611189,-0.286636,0.0,0.0,0.728979,0.749336,-0.312563,0.0,0.0,0.691957,0.291534,-0.158463,0.0,0.0,0.756884,0.418397,-0.212523,0.0,0.0,0.802559,0.505348,-0.244231,0.0,0.0,0.842737,0.592345,-0.268634,0.0,0.0
v1.mp4,1219610e4175dfcfd945e2d4a5016440b91148cdbcc5449d7badf3789d2f4a86,1920,1080,12.02,596,49.583,44,3666,Left,0.727973,0.566087,0.10146,1e-06,0.0,0.0,0.478329,0.159997,-0.078564,0.0,0.0,0.413955,0.268929,-0.139504,0.0,0.0,0.35651,0.370907,-0.18369,0.0,0.0,0.312472,0.46689,-0.228437,0.0,0.0,0.507695,0.252993,-0.206875,0.0,0.0,0.490977,0.382807,-0.281627,0.0,0.0,0.487335,0.492273,-0.320402,0.0,0.0,0.484343,0.603283,-0.346991,0.0,0.0,0.591549,0.272739,-0.194816,0.0,0.0,0.606443,0.479985,-0.283502,0.0,0.0,0.620814,0.6533,-0.333992,0.0,0.0,0.633894,0.820408,-0.372908,0.0,0.0,0.653622,0.286151,-0.178051,0.0,0.0,0.686251,0.458663,-0.252631,0.0,0.0,0.712903,0.611848,-0.29946,0.0,0.0,0.732574,0.749092,-0.330995,0.0,0.0,0.690955,0.287619,-0.162937,0.0,0.0,0.756311,0.411098,-0.220804,0.0,0.0,0.800961,0.499905,-0.257887,0.0,0.0,0.841856,0.58828,-0.286465,0.0,0.0
v1.mp4,1219610e4175dfcfd945e2d4a5016440b91148cdbcc5449d7badf3789d2f4a86,1920,1080,12.02,596,49.583,45,3750,Left,0.803726,0.570045,0.121503,1e-06,0.0,0.0,0.481488,0.17574,-0.078316,0.0,0.0,0.42021,0.277764,-0.140613,0.0,0.0,0.370549,0.379943,-0.187676,0.0,0.0,0.343894,0.496711,-0.236931,0.0,0.0,0.514091,0.260839,-0.213819,0.0,0.0,0.516136,0.47172,-0.293232,0.0,0.0,0.526956,0.632888,-0.337655,0.0,0.0,0.539178,0.780412,-0.367577,0.0,0.0,0.596334,0.263114,-0.198769,0.0,0.0,0.628094,0.45543,-0.281692,0.0,0.0,0.652687,0.615658,-0.328859,0.0,0.0,0.677102,0.768523,-0.366838,0.0,0.0,0.65752,0.276482,-0.178879,0.0,0.0,0.700652,0.456521,-0.246713,0.0,0.0,0.735629,0.612778,-0.286234,0.0,0.0,0.766554,0.753762,-0.315013,0.0,0.0,0.695724,0.292304,-0.161052,0.0,0.0,0.749466,0.424793,-0.213703,0.0,0.0,0.788742,0.51377,-0.244143,0.0,0.0,0.826848,0.599321,-0.26795,0.0,0.0
v1.mp4,1219610e4175dfcfd945e2d4a5016440b91148cdbcc5449d7badf3789d2f4a86,1920,1080,12.02,596,49.583,46,3833,Left,0.924659,0.566727,0.112908,1e-06,0.0,0.0,0.477269,0.177992,-0.085435,0.0,0.0,0.419974,0.282965,-0.155918,0.0,0.0,0.376965,0.399394,-0.207627,0.0,0.0,0.344114,0.523244,-0.260671,0.0,0.0,0.509155,0.237709,-0.241425,0.0,0.0,0.504937,0.444495,-0.327867,0.0,0.0,0.510383,0.601266,-0.370764,0.0,0.0,0.516015,0.745475,-0.398303,0.0,0.0,0.591129,0.249224,-0.2236,0.0,0.0,0.615687,0.463352,-0.317365,0.0,0.0,0.635957,0.638143,-0.364141,0.0,0.0,0.6549,0.799321,-0.400209,0.0,0.0,0.65128,0.269287,-0.200217,0.0,0.0,0.685506,0.462636,-0.27703,0.0,0.0,0.709939,0.628146,-0.320625,0.0,0.0,0.729783,0.768578,-0.350378,0.0,0.0,0.685423,0.293022,-0.178404,0.0,0.0,0.732218,0.432495,-0.236982,0.0,0.0,0.766693,0.530534,-0.273548,0.0,0.0,0.802017,0.619443,-0.301473,0.0,0.0
v1.mp4,1219610e4175dfcfd945e2d4a5016440b91148cdbcc5449d7badf3789d2f4a86,1920,1080,12.02,596,49.583,47,3916,Left,0.971236,0.565719,0.119174,1e-06,0.0,0.0,0.479507,0.182938,-0.079268,0.0,0.0,0.42325,0.283436,-0.146971,0.0,0.0,0.384477,0.400387,-0.196897,0.0,0.0,0.35465,0.523194,-0.248075,0.0,0.0,0.506358,0.228759,-0.233677,0.0,0.0,0.508635,0.439635,-0.316986,0.0,0.0,0.513846,0.602088,-0.356291,0.0,0.0,0.51942,0.747565,-0.380402,0.0,0.0,0.586666,0.230388,-0.217806,0.0,0.0,0.615949,0.449923,-0.306214,0.0,0.0,0.634632,0.628252,-0.345932,0.0,0.0,0.651244,0.782471,-0.375943,0.0,0.0,0.645297,0.247219,-0.196801,0.0,0.0,0.682579,0.448542,-0.268861,0.0,0.0,0.70604,0.619598,-0.306502,0.0,0.0,0.723966,0.761459,-0.331673,0.0,0.0,0.679273,0.270477,-0.177276,0.0,0.0,0.723801,0.420524,-0.23283,0.0,0.0,0.753235,0.531426,-0.266522,0.0,0.0,0.781726,0.629307,-0.291751,0.0,0.0
v1.mp4,1219610e4175dfcfd945e2d4a5016440b91148cdbcc5449d7badf3789d2f4a86,1920,1080,12.02,596,49.583,48,4000,Left,0.973037,0.565648,0.121485,1e-06,0.0,0.0,0.479901,0.184804,-0.081485,0.0,0.0,0.423962,0.279082,-0.152939,0.0,0.0,0.387044,0.397689,-0.205445,0.0,0.0,0.359535,0.523666,-0.259263,0.0,0.0,0.50245,0.222622,-0.243232,0.0,0.0,0.505141,0.425956,-0.329402,0.0,0.0,0.508804,0.58143,-0.368775,0.0,0.0,0.51116,0.719198,-0.39199,0.0,0.0,0.583495,0.227259,-0.226798,0.0,0.0,0.605035,0.45087,-0.316043,0.0,0.0,0.61741,0.632406,-0.35299,0.0,0.0,0.627521,0.784923,-0.381113,0.0,0.0,0.644258,0.242261,-0.205497,0.0,0.0,0.673771,0.438808,-0.277113,0.0,0.0,0.690373,0.606595,-0.311679,0.0,0.0,0.701962,0.743993,-0.335389,0.0,0.0,0.680463,0.262643,-0.185855,0.0,0.0,0.723007,0.401649,-0.242378,0.0,0.0,0.750204,0.510385,-0.275879,0.0,0.0,0.777771,0.607598,-0.301055,0.0,0.0
v1.mp4,1219610e4175dfcfd945e2d4a5016440b91148cdbcc5449d7badf3789d2f4a86,1920,1080,12.02,596,49.583,49,4083,Left,0.952071,0.569108,0.133384,1e-06,0.0,0.0,0.483279,0.195323,-0.080911,0.0,0.0,0.425631,0.27583,-0.154735,0.0,0.0,0.388486,0.388748,-0.208655,0.0,0.0,0.368813,0.519627,-0.263281,0.0,0.0,0.506901,0.230253,-0.253508,0.0,0.0,0.506699,0.438909,-0.343687,0.0,0.0,0.510456,0.595228,-0.386779,0.0,0.0,0.51423,0.733513,-0.412938,0.0,0.0,0.588681,0.238319,-0.237272,0.0,0.0,0.608038,0.461144,-0.332316,0.0,0.0,0.620471,0.642014,-0.375173,0.0,0.0,0.632986,0.796504,-0.408415,0.0,0.0,0.64926,0.257767,-0.214836,0.0,0.0,0.675701,0.450921,-0.288821,0.0,0.0,0.689889,0.617289,-0.3267,0.0,0.0,0.700523,0.753093,-0.35394,0.0,0.0,0.683707,0.28103,-0.193723,0.0,0.0,0.724782,0.412212,-0.251744,0.0,0.0,0.751627,0.513887,-0.287289,0.0,0.0,0.779596,0.606309,-0.314669,0.0,0.0
v1.mp4,1219610e4175dfcfd945e2d4a5016440b91148cdbcc5449d7badf3789d2f4a86,1920,1080,12.02,596,49.583,50,4166,Left,0.96953,0.570998,0.122415,1e-06,0.0,0.0,0.48655,0.183126,-0.078949,0.0,0.0,0.428638,0.263099,-0.150374,0.0,0.0,0.40286,0.375643,-0.202757,0.0,0.0,0.403189,0.505044,-0.255796,0.0,0.0,0.506288,0.231313,-0.245871,0.0,0.0,0.508609,0.452042,-0.333816,0.0,0.0,0.511887,0.605737,-0.374447,0.0,0.0,0.514652,0.741525,-0.398209,0.0,0.0,0.586262,0.239413,-0.230821,0.0,0.0,0.604886,0.458851,-0.320537,0.0,0.0,0.617684,0.634844,-0.358604,0.0,0.0,0.628618,0.78574,-0.388061,0.0,0.0,0.64662,0.257158,-0.210684,0.0,0.0,0.672106,0.443222,-0.281956,0.0,0.0,0.684822,0.607052,-0.318993,0.0,0.0,0.694243,0.742885,-0.345517,0.0,0.0,0.681932,0.27953,-0.191933,0.0,0.0,0.724516,0.406274,-0.249653,0.0,0.0,0.753478,0.507053,-0.285653,0.0,0.0,0.781722,0.600012,-0.312825,0.0,0.0
v1.mp4,1219610e4175dfcfd945e2d4a5016440b91148cdbcc5449d7badf3789d2f4a86,1920,1080,12.02,596,49.583,51,4250,Left,0.947566,0.571277,0.128769,1e-06,0.0,0.0,0.486906,0.186559,-0.086835,0.0,0.0,0.43123,0.269035,-0.162209,0.0,0.0,0.408905,0.382015,-0.214331,0.0,0.0,0.412986,0.513658,-0.265944,0.0,0.0,0.50366,0.236975,-0.269776,0.0,0.0,0.507754,0.44222,-0.364338,0.0,0.0,0.513471,0.595409,-0.408615,0.0,0.0,0.514932,0.72924,-0.434863,0.0,0.0,0.58637,0.245231,-0.249346,0.0,0.0,0.604243,0.4468,-0.350533,0.0,0.0,0.621049,0.620298,-0.39691,0.0,0.0,0.633939,0.769132,-0.432736,0.0,0.0,0.648266,0.265697,-0.222243,0.0,0.0,0.673614,0.434915,-0.304707,0.0,0.0,0.690411,0.593754,-0.349261,0.0,0.0,0.701194,0.722553,-0.379897,0.0,0.0,0.683822,0.292461,-0.195594,0.0,0.0,0.734933,0.414381,-0.261269,0.0,0.0,0.771233,0.503436,-0.302847,0.0,0.0,0.807438,0.584314,-0.333787,0.0,0.0
v1.mp4,1219610e4175dfcfd945e2d4a5016440b91148cdbcc5449d7badf3789d2f4a86,1920,1080,12.02,596,49.583,52,4333,Left,0.957039,0.574821,0.106828,1e-06,0.0,0.0,0.488629,0.15888,-0.076762,0.0,0.0,0.4299,0.251934,-0.137052,0.0,0.0,0.410709,0.372405,-0.179317,0.0,0.0,0.411288,0.500547,-0.222136,0.0,0.0,0.50896,0.238771,-0.214242,0.0,0.0,0.502758,0.442249,-0.29074,0.0,0.0,0.503295,0.588397,-0.328477,0.0,0.0,0.501429,0.714507,-0.351144,0.0,0.0,0.587283,0.238363,-0.195617,0.0,0.0,0.610181,0.426925,-0.273965,0.0,0.0,0.624909,0.579972,-0.30899,0.0,0.0,0.63546,0.710573,-0.335955,0.0,0.0,0.644765,0.245986,-0.173094,0.0,0.0,0.680566,0.404074,-0.239152,0.0,0.0,0.702421,0.541828,-0.272374,0.0,0.0,0.717963,0.655598,-0.294596,0.0,0.0,0.678938,0.26093,-0.15211,0.0,0.0,0.737029,0.377413,-0.205328,0.0,0.0,0.776653,0.459913,-0.23595,0.0,0.0,0.811038,0.534465,-0.257673,0.0,0.0
v1.mp4,1219610e4175dfcfd945e2d4a5016440b91148cdbcc5449d7badf3789d2f4a86,1920,1080,12.02,596,49.583,53,4416,Left,0.942326,0.57595,0.108211,1e-06,0.0,0.0,0.490847,0.161923,-0.070788,0.0,0.0,0.428193,0.259675,-0.124831,0.0,0.0,0.40557,0.375699,-0.162078,0.0,0.0,0.4022,0.496151,-0.199991,0.0,0.0,0.507596,0.233978,-0.199469,0.0,0.0,0.493917,0.403131,-0.269512,0.0,0.0,0.490106,0.52915,-0.30364,0.0,0.0,0.485822,0.645447,-0.325032,0.0,0.0,0.584992,0.231653,-0.184043,0.0,0.0,0.604575,0.414223,-0.260525,0.0,0.0,0.616725,0.562026,-0.296488,0.0,0.0,0.627209,0.696025,-0.324558,0.0,0.0,0.644151,0.240244,-0.164415,0.0,0.0,0.681152,0.391948,-0.227252,0.0,0.0,0.707328,0.52196,-0.256654,0.0,0.0,0.728031,0.634772,-0.276827,0.0,0.0,0.682978,0.253613,-0.146542,0.0,0.0,0.740936,0.368661,-0.198459,0.0,0.0,0.78109,0.446392,-0.226945,0.0,0.0,0.81732,0.52206,-0.247142,0.0,0.0
v1.mp4,1219610e4175dfcfd945e2d4a5016440b91148cdbcc5449d7badf3789d2f4a86,1920,1080,12.02,596,49.583,54,4500,Left,0.890031,0.576989,0.103776,1e-06,0.0,0.0,0.494189,0.164134,-0.069441,0.0,0.0,0.430178,0.261015,-0.124261,0.0,0.0,0.402176,0.37245,-0.163418,0.0,0.0,0.398201,0.494553,-0.203721,0.0,0.0,0.509767,0.257083,-0.197475,0.0,0.0,0.49343,0.4322,-0.266356,0.0,0.0,0.490067,0.556148,-0.301948,0.0,0.0,0.487233,0.67723,-0.325654,0.0,0.0,0.586199,0.251038,-0.184058,0.0,0.0,0.606505,0.424357,-0.263997,0.0,0.0,0.621289,0.570824,-0.307027,0.0,0.0,0.635978,0.707998,-0.340836,0.0,0.0,0.644403,0.253279,-0.165505,0.0,0.0,0.684856,0.401069,-0.230815,0.0,0.0,0.717481,0.527415,-0.263135,0.0,0.0,0.744856,0.636055,-0.286006,0.0,0.0,0.684177,0.260569,-0.148498,0.0,0.0,0.745238,0.374228,-0.201513,0.0,0.0,0.787173,0.447382,-0.230584,0.0,0.0,0.826574,0.518138,-0.25169,0.0,0.0
v1.mp4,1219610e4175dfcfd945e2d4a5016440b91148cdbcc5449d7badf3789d2f4a86,1920,1080,12.02,596,49.583,55,4583,Left,0.959356,0.577459,0.109817,1e-06,0.0,0.0,0.49072,0.183123,-0.072396,0.0,0.0,0.430234,0.270277,-0.134857,0.0,0.0,0.399865,0.378999,-0.179041,0.0,0.0,0.397438,0.505988,-0.224153,0.0,0.0,0.511027,0.276786,-0.226163,0.0,0.0,0.506106,0.488118,-0.305889,0.0,0.0,0.506646,0.634586,-0.348884,0.0,0.0,0.506838,0.767429,-0.376678,0.0,0.0,0.589171,0.266964,-0.211043,0.0,0.0,0.609463,0.453485,-0.301002,0.0,0.0,0.627757,0.604661,-0.348667,0.0,0.0,0.64681,0.735994,-0.385172,0.0,0.0,0.647375,0.266547,-0.188589,0.0,0.0,0.692702,0.415783,-0.258071,0.0,0.0,0.728843,0.542188,-0.290734,0.0,0.0,0.759048,0.647745,-0.314318,0.0,0.0,0.685491,0.274553,-0.167367,0.0,0.0,0.752007,0.379144,-0.222345,0.0,0.0,0.797587,0.44457,-0.249951,0.0,0.0,0.83996,0.507751,-0.269556,0.0,0.0
v1.mp4,1219610e4175dfcfd945e2d4a5016440b91148cdbcc5449d7badf3789d2f4a86,1920,1080,12.02,596,49.583,56,4666,Left,0.979623,0.578434,0.109362,1e-06,0.0,0.0,0.491467,0.177611,-0.077035,0.0,0.0,0.431368,0.266745,-0.144221,0.0,0.0,0.400423,0.381318,-0.191127,0.0,0.0,0.39817,0.507462,-0.239231,0.0,0.0,0.50842,0.272844,-0.240508,0.0,0.0,0.506089,0.49293,-0.325343,0.0,0.0,0.508556,0.648906,-0.369018,0.0,0.0,0.509998,0.782339,-0.395662,0.0,0.0,0.589972,0.272544,-0.223191,0.0,0.0,0.6089,0.514029,-0.312139,0.0,0.0,0.624339,0.69041,-0.356299,0.0,0.0,0.641954,0.836859,-0.389824,0.0,0.0,0.650873,0.280873,-0.198838,0.0,0.0,0.690716,0.484676,-0.269232,0.0,0.0,0.720756,0.636976,-0.306632,0.0,0.0,0.744104,0.756649,-0.332887,0.0,0.0,0.687894,0.292892,-0.175142,0.0,0.0,0.753915,0.429542,-0.232582,0.0,0.0,0.799922,0.511394,-0.265077,0.0,0.0,0.840313,0.582514,-0.288245,0.0,0.0
v1.mp4,1219610e4175dfcfd945e2d4a5016440b91148cdbcc5449d7badf3789d2f4a86,1920,1080,12.02,596,49.583,57,4750,Left,0.971441,0.581029,0.112999,1e-06,0.0,0.0,0.494676,0.171739,-0.080222,0.0,0.0,0.434722,0.255211,-0.149802,0.0,0.0,0.39726,0.365751,-0.199163,0.0,0.0,0.379943,0.493713,-0.249813,0.0,0.0,0.509185,0.27864,-0.244935,0.0,0.0,0.50074,0.489931,-0.330809,0.0,0.0,0.503936,0.642203,-0.375289,0.0,0.0,0.507063,0.776053,-0.403489,0.0,0.0,0.59053,0.280062,-0.227586,0.0,0.0,0.607431,0.507562,-0.319709,0.0,0.0,0.622409,0.678937,-0.366885,0.0,0.0,0.639676,0.829823,-0.40352,0.0,0.0,0.651994,0.287216,-0.203306,0.0,0.0,0.687842,0.472389,-0.27539,0.0,0.0,0.714131,0.622241,-0.313478,0.0,0.0,0.734846,0.745091,-0.340878,0.0,0.0,0.690983,0.29493,-0.180248,0.0,0.0,0.756344,0.432525,-0.239298,0.0,0.0,0.799205,0.519384,-0.273771,0.0,0.0,0.836631,0.598054,-0.298979,0.0,0.0
v1.mp4,1219610e4175dfcfd945e2d4a5016440b91148cdbcc5449d7badf3789d2f4a86,1920,1080,12.02,596,49.583,58,4833,Left,0.959552,0.587072,0.115442,1e-06,0.0,0.0,0.502767,0.164591,-0.07291,0.0,0.0,0.440507,0.235562,-0.138585,0.0,0.0,0.390374,0.32516,-0.186259,0.0,0.0,0.356413,0.428269,-0.235547,0.0,0.0,0.509929,0.273459,-0.231194,0.0,0.0,0.492201,0.463144,-0.313277,0.0,0.0,0.488743,0.603802,-0.355675,0.0,0.0,0.486521,0.731224,-0.383181,0.0,0.0,0.590594,0.281572,-0.218207,0.0,0.0,0.603419,0.505081,-0.310718,0.0,0.0,0.614752,0.671501,-0.36046,0.0,0.0,0.629108,0.823618,-0.398814,0.0,0.0,0.653465,0.290265,-0.197706,0.0,0.0,0.686684,0.477551,-0.271592,0.0,0.0,0.714023,0.625537,-0.311936,0.0,0.0,0.736437,0.748835,-0.340225,0.0,0.0,0.694733,0.296618,-0.177588,0.0,0.0,0.758151,0.43665,-0.237823,0.0,0.0,0.799803,0.522106,-0.273056,0.0,0.0,0.837171,0.601085,-0.298714,0.0,0.0
v1.mp4,1219610e4175dfcfd945e2d4a5016440b91148cdbcc5449d7badf3789d2f4a86,1920,1080,12.02,596,49.583,59,4916,Left,0.945195,0.585241,0.108654,1e-06,0.0,0.0,0.498187,0.173018,-0.071337,0.0,0.0,0.430891,0.269303,-0.132518,0.0,0.0,0.390065,0.386977,-0.176091,0.0,0.0,0.371806,0.515152,-0.221078,0.0,0.0,0.514388,0.278491,-0.224209,0.0,0.0,0.498134,0.474701,-0.301755,0.0,0.0,0.495099,0.618303,-0.340459,0.0,0.0,0.492737,0.751248,-0.365598,0.0,0.0,0.592423,0.282174,-0.211333,0.0,0.0,0.603544,0.50209,-0.300167,0.0,0.0,0.614106,0.673427,-0.345607,0.0,0.0,0.626785,0.82439,-0.38071,0.0,0.0,0.6511,0.290284,-0.19127,0.0,0.0,0.686521,0.478146,-0.262504,0.0,0.0,0.715785,0.628465,-0.297631,0.0,0.0,0.739275,0.752108,-0.32226,0.0,0.0,0.688735,0.298075,-0.171957,0.0,0.0,0.754621,0.434203,-0.231141,0.0,0.0,0.797646,0.52012,-0.263681,0.0,0.0,0.836667,0.598196,-0.286782,0.0,0.0
v1.mp4,1219610e4175dfcfd945e2d4a5016440b91148cdbcc5449d7badf3789d2f4a86,1920,1080,12.02,596,49.583,60,5000,Left,0.963033,0.581412,0.111463,1e-06,0.0,0.0,0.494444,0.170949,-0.072843,0.0,0.0,0.427043,0.273435,-0.130601,0.0,0.0,0.390034,0.392037,-0.170766,0.0,0.0,0.367951,0.513803,-0.212703,0.0,0.0,0.513717,0.278644,-0.211573,0.0,0.0,0.499405,0.488603,-0.285307,0.0,0.0,0.495501,0.638884,-0.323727,0.0,0.0,0.494322,0.77341,-0.348633,0.0,0.0,0.592577,0.281808,-0.195536,0.0,0.0,0.61229,0.491038,-0.269532,0.0,0.0,0.625198,0.643697,-0.302605,0.0,0.0,0.640754,0.777104,-0.329167,0.0,0.0,0.651384,0.289194,-0.174921,0.0,0.0,0.688186,0.474592,-0.237877,0.0,0.0,0.717921,0.616561,-0.26635,0.0,0.0,0.745791,0.73935,-0.28662,0.0,0.0,0.688621,0.299073,-0.155865,0.0,0.0,0.750855,0.434771,-0.209451,0.0,0.0,0.794455,0.517009,-0.236208,0.0,0.0,0.834497,0.589587,-0.254758,0.0,0.0
v1.mp4,1219610e4175dfcfd945e2d4a5016440b91148cdbcc5449d7badf3789d2f4a86,1920,1080,12.02,596,49.583,61,5083,Left,0.884793,0.57772,0.111436,1e-06,0.0,0.0,0.492009,0.169459,-0.080504,0.0,0.0,0.427608,0.275345,-0.138389,0.0,0.0,0.391781,0.393059,-0.178527,0.0,0.0,0.370906,0.514967,-0.220256,0.0,0.0,0.517858,0.276177,-0.212827,0.0,0.0,0.498392,0.482451,-0.28549,0.0,0.0,0.494902,0.625836,-0.325434,0.0,0.0,0.495335,0.759878,-0.353605,0.0,0.0,0.594234,0.273099,-0.195175,0.0,0.0,0.616003,0.441658,-0.277578,0.0,0.0,0.637071,0.574415,-0.321965,0.0,0.0,0.662197,0.69848,-0.357206,0.0,0.0,0.649352,0.272419,-0.172619,0.0,0.0,0.695515,0.410302,-0.240779,0.0,0.0,0.732248,0.522165,-0.272168,0.0,0.0,0.768582,0.622348,-0.294908,0.0,0.0,0.686771,0.277439,-0.152744,0.0,0.0,0.750604,0.387391,-0.208594,0.0,0.0,0.796216,0.446845,-0.236299,0.0,0.0,0.842495,0.500668,-0.256419,0.0,0.0
v1.mp4,1219610e4175dfcfd945e2d4a5016440b91148cdbcc5449d7badf3789d2f4a86,1920,1080,12.02,596,49.583,62,5166,Left,0.913793,0.581856,0.110229,1e-06,0.0,0.0,0.495557,0.177279,-0.078538,0.0,0.0,0.426667,0.280386,-0.138596,0.0,0.0,0.387166,0.394641,-0.180459,0.0,0.0,0.36409,0.514286,-0.223462,0.0,0.0,0.51818,0.272348,-0.216887,0.0,0.0,0.502947,0.483581,-0.295306,0.0,0.0,0.49997,0.63016,-0.338438,0.0,0.0,0.498081,0.765487,-0.366491,0.0,0.0,0.592989,0.272329,-0.199515,0.0,0.0,0.624735,0.46277,-0.279623,0.0,0.0,0.645489,0.607005,-0.323242,0.0,0.0,0.666984,0.739202,-0.35848,0.0,0.0,0.645664,0.278658,-0.177426,0.0,0.0,0.692263,0.438579,-0.245164,0.0,0.0,0.728867,0.562201,-0.283565,0.0,0.0,0.762527,0.671146,-0.31139,0.0,0.0,0.677234,0.288886,-0.156998,0.0,0.0,0.728037,0.414785,-0.208286,0.0,0.0,0.763184,0.486847,-0.237515,0.0,0.0,0.799034,0.551824,-0.260575,0.0,0.0
v1.mp4,1219610e4175dfcfd945e2d4a5016440b91148cdbcc5449d7badf3789d2f4a86,1920,1080,12.02,596,49.583,63,5250,Left,0.986205,0.581357,0.124881,1e-06,0.0,0.0,0.491382,0.189447,-0.075151,0.0,0.0,0.422393,0.27211,-0.134457,0.0,0.0,0.385814,0.385832,-0.174011,0.0,0.0,0.364519,0.506262,-0.214376,0.0,0.0,0.511479,0.277958,-0.220782,0.0,0.0,0.501955,0.487515,-0.295484,0.0,0.0,0.500778,0.637584,-0.33353,0.0,0.0,0.498228,0.768931,-0.356916,0.0,0.0,0.595973,0.280335,-0.200777,0.0,0.0,0.625109,0.497827,-0.27442,0.0,0.0,0.639354,0.659094,-0.308603,0.0,0.0,0.653578,0.793027,-0.33475,0.0,0.0,0.654161,0.289379,-0.17521,0.0,0.0,0.698328,0.464001,-0.233867,0.0,0.0,0.715934,0.603201,-0.265837,0.0,0.0,0.728559,0.719528,-0.288703,0.0,0.0,0.685535,0.30467,-0.150953,0.0,0.0,0.753108,0.403914,-0.197329,0.0,0.0,0.7983,0.464752,-0.223806,0.0,0.0,0.835668,0.517347,-0.242394,0.0,0.0
v1.mp4,1219610e4175dfcfd945e2d4a5016440b91148cdbcc5449d7badf3789d2f4a86,1920,1080,12.02,596,49.583,64,5333,Left,0.933256,0.577325,0.114728,1e-06,0.0,0.0,0.490953,0.186766,-0.070819,0.0,0.0,0.428579,0.267362,-0.135762,0.0,0.0,0.387047,0.377527,-0.182192,0.0,0.0,0.365313,0.510346,-0.229944,0.0,0.0,0.514477,0.280483,-0.23004,0.0,0.0,0.501678,0.491448,-0.311549,0.0,0.0,0.500272,0.641806,-0.355436,0.0,0.0,0.498843,0.778322,-0.383732,0.0,0.0,0.594655,0.272327,-0.216304,0.0,0.0,0.61471,0.491805,-0.301858,0.0,0.0,0.632109,0.661536,-0.344688,0.0,0.0,0.65137,0.808554,-0.378298,0.0,0.0,0.653065,0.268458,-0.195101,0.0,0.0,0.693525,0.458178,-0.261543,0.0,0.0,0.724445,0.605129,-0.292708,0.0,0.0,0.747456,0.731972,-0.316191,0.0,0.0,0.686786,0.269893,-0.174533,0.0,0.0,0.764092,0.368464,-0.228444,0.0,0.0,0.812362,0.430657,-0.25477,0.0,0.0,0.852138,0.495262,-0.2736,0.0,0.0
v1.mp4,1219610e4175dfcfd945e2d4a5016440b91148cdbcc5449d7badf3789d2f4a86,1920,1080,12.02,596,49.583,65,5416,Left,0.925562,0.581277,0.134149,1e-06,0.0,0.0,0.492354,0.188396,-0.081213,0.0,0.0,0.428077,0.273455,-0.150795,0.0,0.0,0.38827,0.382493,-0.200539,0.0,0.0,0.366575,0.515812,-0.251819,0.0,0.0,0.512051,0.274579,-0.247624,0.0,0.0,0.498627,0.486266,-0.334113,0.0,0.0,0.498939,0.640824,-0.379837,0.0,0.0,0.499786,0.781915,-0.410083,0.0,0.0,0.594415,0.276566,-0.230928,0.0,0.0,0.616952,0.501975,-0.322501,0.0,0.0,0.635892,0.670853,-0.37003,0.0,0.0,0.655644,0.82607,-0.408703,0.0,0.0,0.656037,0.28359,-0.207336,0.0,0.0,0.689636,0.46376,-0.279281,0.0,0.0,0.711426,0.613507,-0.317025,0.0,0.0,0.728366,0.743311,-0.345724,0.0,0.0,0.693888,0.291305,-0.185307,0.0,0.0,0.758642,0.418117,-0.244919,0.0,0.0,0.799557,0.503381,-0.279418,0.0,0.0,0.835579,0.585744,-0.305887,0.0,0.0
v1.mp4,1219610e4175dfcfd945e2d4a5016440b91148cdbcc5449d7badf3789d2f4a86,1920,1080,12.02,596,49.583,66,5500,Left,0.886566,0.583098,0.133217,1e-06,0.0,0.0,0.495435,0.182003,-0.079075,0.0,0.0,0.431118,0.271766,-0.146177,0.0,0.0,0.388775,0.384106,-0.194775,0.0,0.0,0.364709,0.513826,-0.244952,0.0,0.0,0.516699,0.260653,-0.233584,0.0,0.0,0.504413,0.457844,-0.313175,0.0,0.0,0.50157,0.60124,-0.35209,0.0,0.0,0.498128,0.732383,-0.377522,0.0,0.0,0.597147,0.267555,-0.21881,0.0,0.0,0.614728,0.490982,-0.307667,0.0,0.0,0.628458,0.657829,-0.352682,0.0,0.0,0.640922,0.809129,-0.388384,0.0,0.0,0.657239,0.278408,-0.197687,0.0,0.0,0.691164,0.465147,-0.270233,0.0,0.0,0.716998,0.614323,-0.307413,0.0,0.0,0.736339,0.743803,-0.334299,0.0,0.0,0.694351,0.29004,-0.177777,0.0,0.0,0.758688,0.421055,-0.237249,0.0,0.0,0.797808,0.508227,-0.270967,0.0,0.0,0.832911,0.59346,-0.296363,0.0,0.0
v1.mp4,1219610e4175dfcfd945e2d4a5016440b91148cdbcc5449d7badf3789d2f4a86,1920,1080,12.02,596,49.583,67,5583,Left,0.912405,0.585718,0.123318,1e-06,0.0,0.0,0.493356,0.17595,-0.081796,0.0,0.0,0.429658,0.27948,-0.147412,0.0,0.0,0.387834,0.395339,-0.194159,0.0,0.0,0.365019,0.520224,-0.242041,0.0,0.0,0.525653,0.248166,-0.230192,0.0,0.0,0.521973,0.420948,-0.308235,0.0,0.0,0.525618,0.552689,-0.345594,0.0,0.0,0.528602,0.675339,-0.370021,0.0,0.0,0.605112,0.263761,-0.214139,0.0,0.0,0.619007,0.487052,-0.297895,0.0,0.0,0.63045,0.656585,-0.338886,0.0,0.0,0.640521,0.810563,-0.371963,0.0,0.0,0.66245,0.283608,-0.192965,0.0,0.0,0.690157,0.465543,-0.261249,0.0,0.0,0.712378,0.615242,-0.298218,0.0,0.0,0.730489,0.744055,-0.325042,0.0,0.0,0.694684,0.299576,-0.173854,0.0,0.0,0.747866,0.428839,-0.22986,0.0,0.0,0.786427,0.517235,-0.263816,0.0,0.0,0.8234,0.599677,-0.289932,0.0,0.0
v1.mp4,1219610e4175dfcfd945e2d4a5016440b91148cdbcc5449d7badf3789d2f4a86,1920,1080,12.02,596,49.583,68,5666,Left,0.978718,0.581678,0.103178,1e-06,0.0,0.0,0.493196,0.160233,-0.069764,0.0,0.0,0.431521,0.265402,-0.126939,0.0,0.0,0.394946,0.392986,-0.168672,0.0,0.0,0.373257,0.519026,-0.212136,0.0,0.0,0.520175,0.254144,-0.195454,0.0,0.0,0.523466,0.472463,-0.264981,0.0,0.0,0.531662,0.627545,-0.297885,0.0,0.0,0.541405,0.759984,-0.317585,0.0,0.0,0.59844,0.265428,-0.181152,0.0,0.0,0.628234,0.499411,-0.250463,0.0,0.0,0.649807,0.663329,-0.279083,0.0,0.0,0.672036,0.801747,-0.300322,0.0,0.0,0.65446,0.278346,-0.162914,0.0,0.0,0.689539,0.478467,-0.218809,0.0,0.0,0.716794,0.628712,-0.243362,0.0,0.0,0.742576,0.755047,-0.259863,0.0,0.0,0.687113,0.287646,-0.146688,0.0,0.0,0.727127,0.427014,-0.19054,0.0,0.0,0.757301,0.521452,-0.211736,0.0,0.0,0.786331,0.603627,-0.226574,0.0,0.0
v1.mp4,1219610e4175dfcfd945e2d4a5016440b91148cdbcc5449d7badf3789d2f4a86,1920,1080,12.02,596,49.583,69,5750,Left,0.955659,0.580422,0.11503,1e-06,0.0,0.0,0.496026,0.162043,-0.081704,0.0,0.0,0.436201,0.263954,-0.147243,0.0,0.0,0.397319,0.381101,-0.194625,0.0,0.0,0.372153,0.50507,-0.244227,0.0,0.0,0.516865,0.226295,-0.226279,0.0,0.0,0.517765,0.403443,-0.304087,0.0,0.0,0.525567,0.540207,-0.344179,0.0,0.0,0.534907,0.661116,-0.370049,0.0,0.0,0.595342,0.226035,-0.208276,0.0,0.0,0.628237,0.420681,-0.290124,0.0,0.0,0.657969,0.570411,-0.332101,0.0,0.0,0.688263,0.699725,-0.365803,0.0,0.0,0.652478,0.240624,-0.185182,0.0,0.0,0.689285,0.415127,-0.249677,0.0,0.0,0.720597,0.552595,-0.284192,0.0,0.0,0.748957,0.66341,-0.309668,0.0,0.0,0.6868,0.25805,-0.164286,0.0,0.0,0.727177,0.391542,-0.212971,0.0,0.0,0.755729,0.4814,-0.242024,0.0,0.0,0.785491,0.558232,-0.265364,0.0,0.0
v1.mp4,1219610e4175dfcfd945e2d4a5016440b91148cdbcc5449d7badf3789d2f4a86,1920,1080,12.02,596,49.583,70,5833,Left,0.948396,0.577618,0.120059,1e-06,0.0,0.0,0.495178,0.175354,-0.071184,0.0,0.0,0.433652,0.271029,-0.130292,0.0,0.0,0.397523,0.383287,-0.173957,0.0,0.0,0.374148,0.500507,-0.219741,0.0,0.0,0.515768,0.235298,-0.205125,0.0,0.0,0.513183,0.422035,-0.278464,0.0,0.0,0.517968,0.563084,-0.317391,0.0,0.0,0.52321,0.693351,-0.342764,0.0,0.0,0.591061,0.232516,-0.190666,0.0,0.0,0.613218,0.409109,-0.26553,0.0,0.0,0.636041,0.555233,-0.302682,0.0,0.0,0.658444,0.690313,-0.333185,0.0,0.0,0.646283,0.242538,-0.171757,0.0,0.0,0.679561,0.394492,-0.233515,0.0,0.0,0.708793,0.524435,-0.264511,0.0,0.0,0.734325,0.636985,-0.287218,0.0,0.0,0.680623,0.258827,-0.154589,0.0,0.0,0.722403,0.373917,-0.203188,0.0,0.0,0.753413,0.454557,-0.230055,0.0,0.0,0.783392,0.531434,-0.250777,0.0,0.0
v1.mp4,1219610e4175dfcfd945e2d4a5016440b91148cdbcc5449d7badf3789d2f4a86,1920,1080,12.02,596,49.583,71,5916,Left,0.941492,0.574784,0.130256,1e-06,0.0,0.0,0.487834,0.190209,-0.07978,0.0,0.0,0.428407,0.273339,-0.146251,0.0,0.0,0.393603,0.383888,-0.193009,0.0,0.0,0.375363,0.511197,-0.240519,0.0,0.0,0.513454,0.263493,-0.233822,0.0,0.0,0.518058,0.466307,-0.317195,0.0,0.0,0.528425,0.619139,-0.361491,0.0,0.0,0.537395,0.751611,-0.389543,0.0,0.0,0.591325,0.257063,-0.215231,0.0,0.0,0.60865,0.439242,-0.302428,0.0,0.0,0.626956,0.587757,-0.344392,0.0,0.0,0.646776,0.718974,-0.376957,0.0,0.0,0.648977,0.259047,-0.191047,0.0,0.0,0.68315,0.400033,-0.261445,0.0,0.0,0.708097,0.522641,-0.294105,0.0,0.0,0.730591,0.628078,-0.317065,0.0,0.0,0.684054,0.269087,-0.168688,0.0,0.0,0.739938,0.363249,-0.225857,0.0,0.0,0.784607,0.424156,-0.255896,0.0,0.0,0.827837,0.48585,-0.277175,0.0,0.0
v1.mp4,1219610e4175dfcfd945e2d4a5016440b91148cdbcc5449d7badf3789d2f4a86,1920,1080,12.02,596,49.583,72,6000,Left,0.960794,0.57565,0.128111,1e-06,0.0,0.0,0.487904,0.184705,-0.084248,0.0,0.0,0.43053,0.270441,-0.15543,0.0,0.0,0.391388,0.381598,-0.205371,0.0,0.0,0.36962,0.50993,-0.255617,0.0,0.0,0.514642,0.251689,-0.252269,0.0,0.0,0.52068,0.462513,-0.33926,0.0,0.0,0.530803,0.616746,-0.381452,0.0,0.0,0.539339,0.750146,-0.407029,0.0,0.0,0.59443,0.255996,-0.231439,0.0,0.0,0.614827,0.462552,-0.320326,0.0,0.0,0.632991,0.62473,-0.358481,0.0,0.0,0.651439,0.767858,-0.388626,0.0,0.0,0.652526,0.266204,-0.204618,0.0,0.0,0.68932,0.428301,-0.277489,0.0,0.0,0.717071,0.56501,-0.311706,0.0,0.0,0.740513,0.682836,-0.335595,0.0,0.0,0.68506,0.280932,-0.179197,0.0,0.0,0.746017,0.386968,-0.236086,0.0,0.0,0.78909,0.458126,-0.266709,0.0,0.0,0.831047,0.527378,-0.289265,0.0,0.0
v1.mp4,1219610e4175dfcfd945e2d4a5016440b91148cdbcc5449d7badf3789d2f4a86,1920,1080,12.02,596,49.583,73,6083,Left,0.93585,0.577879,0.129045,1e-06,0.0,0.0,0.486901,0.184157,-0.08625,0.0,0.0,0.42956,0.269583,-0.161207,0.0,0.0,0.391003,0.387001,-0.215637,0.0,0.0,0.368961,0.521139,-0.271347,0.0,0.0,0.514439,0.247727,-0.253018,0.0,0.0,0.519545,0.46694,-0.339024,0.0,0.0,0.530514,0.621084,-0.379622,0.0,0.0,0.541135,0.751411,-0.405147,0.0,0.0,0.595192,0.259491,-0.235011,0.0,0.0,0.611651,0.494695,-0.324681,0.0,0.0,0.627427,0.665292,-0.364598,0.0,0.0,0.644191,0.812506,-0.39627,0.0,0.0,0.6555,0.276287,-0.211477,0.0,0.0,0.679169,0.47254,-0.282578,0.0,0.0,0.69555,0.627421,-0.318702,0.0,0.0,0.709692,0.753622,-0.345511,0.0,0.0,0.68925,0.293388,-0.189998,0.0,0.0,0.740321,0.421851,-0.249168,0.0,0.0,0.776796,0.508812,-0.284374,0.0,0.0,0.812773,0.585754,-0.311066,0.0,0.0
v1.mp4,1219610e4175dfcfd945e2d4a5016440b91148cdbcc5449d7badf3789d2f4a86,1920,1080,12.02,596,49.583,74,6166,Left,0.952257,0.579335,0.132635,1e-06,0.0,0.0,0.490849,0.183751,-0.083614,0.0,0.0,0.433431,0.271892,-0.156503,0.0,0.0,0.395054,0.388742,-0.209513,0.0,0.0,0.371928,0.518804,-0.264156,0.0,0.0,0.516486,0.241925,-0.24824,0.0,0.0,0.522094,0.463566,-0.332902,0.0,0.0,0.530694,0.620062,-0.372233,0.0,0.0,0.53946,0.751196,-0.396148,0.0,0.0,0.596261,0.255636,-0.230513,0.0,0.0,0.612821,0.494127,-0.316452,0.0,0.0,0.625923,0.666611,-0.35361,0.0,0.0,0.640689,0.814375,-0.383084,0.0,0.0,0.655845,0.274019,-0.207237,0.0,0.0,0.680593,0.478795,-0.275655,0.0,0.0,0.698194,0.635328,-0.309653,0.0,0.0,0.714628,0.762256,-0.334727,0.0,0.0,0.689234,0.29135,-0.185761,0.0,0.0,0.73246,0.425505,-0.241743,0.0,0.0,0.765255,0.514192,-0.273669,0.0,0.0,0.800006,0.591106,-0.297885,0.0,0.0
v1.mp4,1219610e4175dfcfd945e2d4a5016440b91148cdbcc5449d7badf3789d2f4a86,1920,1080,12.02,596,49.583,75,6250,Left,0.9477,0.581252,0.118261,1e-06,0.0,0.0,0.494504,0.16511,-0.081662,0.0,0.0,0.431561,0.259153,-0.150165,0.0,0.0,0.386812,0.374288,-0.199535,0.0,0.0,0.359613,0.491035,-0.251059,0.0,0.0,0.518498,0.238262,-0.233266,0.0,0.0,0.511966,0.420145,-0.314656,0.0,0.0,0.511819,0.557845,-0.354126,0.0,0.0,0.510691,0.679876,-0.378709,0.0,0.0,0.597518,0.256926,-0.216723,0.0,0.0,0.607044,0.481795,-0.299355,0.0,0.0,0.614565,0.649072,-0.3379,0.0,0.0,0.622196,0.796386,-0.368333,0.0,0.0,0.656584,0.277867,-0.195575,0.0,0.0,0.676198,0.477493,-0.263232,0.0,0.0,0.693418,0.630781,-0.301829,0.0,0.0,0.709431,0.757711,-0.329595,0.0,0.0,0.690162,0.296469,-0.176034,0.0,0.0,0.732417,0.428487,-0.232365,0.0,0.0,0.765879,0.518207,-0.267907,0.0,0.0,0.800193,0.59832,-0.294766,0.0,0.0
v1.mp4,1219610e4175dfcfd945e2d4a5016440b91148cdbcc5449d7badf3789d2f4a86,1920,1080,12.02,596,49.583,76,6333,Left,0.893416,0.585676,0.125168,1e-06,0.0,0.0,0.49855,0.164599,-0.074144,0.0,0.0,0.433629,0.254722,-0.135518,0.0,0.0,0.383229,0.357329,-0.18009,0.0,0.0,0.348402,0.45891,-0.226691,0.0,0.0,0.523247,0.243947,-0.20884,0.0,0.0,0.507888,0.407726,-0.282955,0.0,0.0,0.503473,0.535725,-0.320684,0.0,0.0,0.499313,0.652962,-0.345261,0.0,0.0,0.601229,0.26737,-0.195299,0.0,0.0,0.609117,0.475668,-0.270606,0.0,0.0,0.615631,0.636748,-0.30853,0.0,0.0,0.62247,0.783031,-0.339378,0.0,0.0,0.659352,0.286577,-0.177472,0.0,0.0,0.678342,0.474681,-0.24023,0.0,0.0,0.693734,0.622456,-0.277577,0.0,0.0,0.707356,0.749292,-0.304909,0.0,0.0,0.693162,0.299196,-0.161128,0.0,0.0,0.734261,0.42277,-0.213664,0.0,0.0,0.767781,0.508738,-0.246572,0.0,0.0,0.800747,0.589146,-0.271838,0.0,0.0
v1.mp4,1219610e4175dfcfd945e2d4a5016440b91148cdbcc5449d7badf3789d2f4a86,1920,1080,12.02,596,49.583,77,6416,Left,0.923747,0.578937,0.112812,1e-06,0.0,0.0,0.491341,0.167496,-0.07779,0.0,0.0,0.432404,0.261232,-0.144898,0.0,0.0,0.389093,0.386559,-0.194086,0.0,0.0,0.357271,0.517315,-0.244657,0.0,0.0,0.51267,0.248047,-0.227516,0.0,0.0,0.505985,0.464932,-0.307905,0.0,0.0,0.507496,0.620206,-0.34587,0.0,0.0,0.510265,0.75583,-0.369639,0.0,0.0,0.592386,0.261694,-0.212902,0.0,0.0,0.608439,0.489075,-0.298044,0.0,0.0,0.622414,0.659709,-0.336003,0.0,0.0,0.637253,0.810183,-0.365216,0.0,0.0,0.651472,0.273436,-0.193444,0.0,0.0,0.676478,0.458549,-0.261543,0.0,0.0,0.694023,0.612138,-0.293842,0.0,0.0,0.710044,0.743913,-0.316643,0.0,0.0,0.685655,0.282915,-0.175945,0.0,0.0,0.730689,0.414684,-0.232212,0.0,0.0,0.764308,0.505617,-0.263784,0.0,0.0,0.798366,0.589972,-0.286775,0.0,0.0
v1.mp4,1219610e4175dfcfd945e2d4a5016440b91148cdbcc5449d7badf3789d2f4a86,1920,1080,12.02,596,49.583,78,6500,Left,0.929891,0.575334,0.117331,1e-06,0.0,0.0,0.488318,0.173164,-0.075911,0.0,0.0,0.428344,0.267509,-0.135861,0.0,0.0,0.387507,0.38304,-0.177741,0.0,0.0,0.356898,0.506506,-0.220455,0.0,0.0,0.513762,0.262525,-0.213947,0.0,0.0,0.505266,0.468766,-0.288323,0.0,0.0,0.505646,0.616722,-0.326561,0.0,0.0,0.507113,0.749669,-0.351349,0.0,0.0,0.591532,0.26431,-0.196459,0.0,0.0,0.610173,0.456759,-0.273073,0.0,0.0,0.627502,0.605489,-0.308301,0.0,0.0,0.645818,0.737299,-0.336435,0.0,0.0,0.647627,0.265667,-0.174316,0.0,0.0,0.682929,0.416602,-0.237553,0.0,0.0,0.711304,0.544222,-0.265291,0.0,0.0,0.737425,0.655993,-0.284809,0.0,0.0,0.681436,0.271132,-0.154224,0.0,0.0,0.743214,0.381662,-0.206924,0.0,0.0,0.787017,0.45513,-0.233181,0.0,0.0,0.828671,0.52627,-0.251449,0.0,0.0
v1.mp4,1219610e4175dfcfd945e2d4a5016440b91148cdbcc5449d7badf3789d2f4a86,1920,1080,12.02,596,49.583,79,6583,Left,0.862842,0.573695,0.123847,1e-06,0.0,0.0,0.487566,0.186504,-0.074937,0.0,0.0,0.424891,0.279619,-0.136892,0.0,0.0,0.383036,0.389113,-0.181005,0.0,0.0,0.354932,0.511563,-0.226422,0.0,0.0,0.508615,0.268581,-0.221047,0.0,0.0,0.502658,0.472259,-0.297738,0.0,0.0,0.506677,0.61896,-0.338153,0.0,0.0,0.509895,0.753723,-0.365106,0.0,0.0,0.584552,0.261032,-0.205887,0.0,0.0,0.600067,0.447602,-0.28883,0.0,0.0,0.618326,0.59626,-0.329936,0.0,0.0,0.637909,0.730842,-0.363065,0.0,0.0,0.642428,0.255171,-0.184878,0.0,0.0,0.677645,0.400761,-0.251536,0.0,0.0,0.708179,0.519296,-0.281743,0.0,0.0,0.735607,0.622804,-0.304047,0.0,0.0,0.679673,0.255972,-0.165611,0.0,0.0,0.749302,0.346651,-0.220965,0.0,0.0,0.796989,0.401195,-0.248655,0.0,0.0,0.842757,0.455453,-0.268701,0.0,0.0
v1.mp4,1219610e4175dfcfd945e2d4a5016440b91148cdbcc5449d7badf3789d2f4a86,1920,1080,12.02,596,49.583,80,6666,Left,0.942594,0.572241,0.123159,1e-06,0.0,0.0,0.486976,0.192269,-0.062417,0.0,0.0,0.422111,0.284076,-0.120402,0.0,0.0,0.380686,0.389601,-0.162744,0.0,0.0,0.355937,0.508913,-0.207531,0.0,0.0,0.504034,0.266201,-0.210712,0.0,0.0,0.50417,0.478768,-0.283632,0.0,0.0,0.509583,0.626759,-0.32044,0.0,0.0,0.514802,0.760767,-0.344853,0.0,0.0,0.58009,0.256619,-0.203133,0.0,0.0,0.59991,0.485364,-0.279288,0.0,0.0,0.617393,0.649674,-0.316258,0.0,0.0,0.639115,0.79425,-0.34664,0.0,0.0,0.63968,0.247248,-0.188916,0.0,0.0,0.679218,0.419563,-0.250986,0.0,0.0,0.705839,0.552461,-0.281495,0.0,0.0,0.731058,0.670293,-0.305464,0.0,0.0,0.677553,0.242731,-0.175167,0.0,0.0,0.748457,0.327542,-0.228752,0.0,0.0,0.797527,0.368362,-0.255005,0.0,0.0,0.843921,0.413819,-0.274681,0.0,0.0
v1.mp4,1219610e4175dfcfd945e2d4a5016440b91148cdbcc5449d7badf3789d2f4a86,1920,1080,12.02,596,49.583,81,6750,Left,0.982008,0.573405,0.130539,1e-06,0.0,0.0,0.48783,0.200483,-0.059553,0.0,0.0,0.422211,0.288757,-0.117762,0.0,0.0,0.380626,0.39455,-0.159501,0.0,0.0,0.355896,0.513228,-0.203769,0.0,0.0,0.504185,0.271186,-0.21619,0.0,0.0,0.5049,0.482682,-0.292307,0.0,0.0,0.50848,0.635981,-0.332384,0.0,0.0,0.510289,0.767958,-0.358138,0.0,0.0,0.583981,0.260539,-0.208286,0.0,0.0,0.603639,0.496801,-0.284284,0.0,0.0,0.61827,0.66821,-0.321411,0.0,0.0,0.635738,0.813367,-0.351535,0.0,0.0,0.643623,0.257159,-0.192771,0.0,0.0,0.686299,0.463907,-0.254298,0.0,0.0,0.718948,0.612019,-0.286084,0.0,0.0,0.744508,0.740583,-0.311093,0.0,0.0,0.678181,0.259518,-0.176798,0.0,0.0,0.752045,0.346762,-0.229069,0.0,0.0,0.802206,0.392987,-0.254564,0.0,0.0,0.844517,0.443207,-0.273315,0.0,0.0
v1.mp4,1219610e4175dfcfd945e2d4a5016440b91148cdbcc5449d7badf3789d2f4a86,1920,1080,12.02,596,49.583,82,6833,Left,0.975355,0.578221,0.132009,1e-06,0.0,0.0,0.490358,0.198168,-0.060385,0.0,0.0,0.424037,0.282074,-0.121222,0.0,0.0,0.381553,0.386641,-0.165214,0.0,0.0,0.355252,0.511013,-0.211927,0.0,0.0,0.505172,0.263095,-0.222741,0.0,0.0,0.501765,0.476043,-0.301812,0.0,0.0,0.504658,0.63122,-0.344417,0.0,0.0,0.50878,0.76393,-0.372325,0.0,0.0,0.584972,0.254582,-0.215153,0.0,0.0,0.601413,0.502516,-0.290957,0.0,0.0,0.615933,0.675386,-0.328058,0.0,0.0,0.635466,0.821462,-0.359427,0.0,0.0,0.646471,0.251734,-0.199881,0.0,0.0,0.685544,0.467695,-0.260473,0.0,0.0,0.714358,0.614183,-0.292685,0.0,0.0,0.737533,0.738682,-0.319403,0.0,0.0,0.682668,0.253336,-0.184109,0.0,0.0,0.754476,0.340237,-0.237009,0.0,0.0,0.80345,0.386409,-0.264004,0.0,0.0,0.844742,0.435635,-0.284709,0.0,0.0
v1.mp4,1219610e4175dfcfd945e2d4a5016440b91148cdbcc5449d7badf3789d2f4a86,1920,1080,12.02,596,49.583,83,6916,Left,0.970724,0.579426,0.129643,1e-06,0.0,0.0,0.492251,0.199287,-0.055875,0.0,0.0,0.426112,0.282628,-0.112929,0.0,0.0,0.382192,0.38773,-0.15451,0.0,0.0,0.355778,0.507505,-0.198673,0.0,0.0,0.506682,0.264103,-0.208682,0.0,0.0,0.502389,0.47685,-0.282326,0.0,0.0,0.502677,0.629558,-0.321471,0.0,0.0,0.503004,0.759954,-0.346963,0.0,0.0,0.586166,0.25378,-0.203222,0.0,0.0,0.600136,0.497311,-0.27458,0.0,0.0,0.612366,0.670275,-0.309291,0.0,0.0,0.629189,0.814465,-0.338688,0.0,0.0,0.647898,0.250393,-0.190434,0.0,0.0,0.68402,0.4659,-0.24861,0.0,0.0,0.711378,0.612468,-0.278299,0.0,0.0,0.7332,0.737983,-0.303049,0.0,0.0,0.684378,0.251874,-0.17705,0.0,0.0,0.758484,0.339749,-0.227241,0.0,0.0,0.807694,0.386069,-0.250859,0.0,0.0,0.848335,0.435356,-0.269047,0.0,0.0
v1.mp4,1219610e4175dfcfd945e2d4a5016440b91148cdbcc5449d7badf3789d2f4a86,1920,1080,12.02,596,49.583,84,7000,Left,0.955604,0.578395,0.124805,1e-06,0.0,0.0,0.491801,0.186264,-0.067077,0.0,0.0,0.425069,0.279092,-0.128852,0.0,0.0,0.379685,0.388807,-0.172756,0.0,0.0,0.352817,0.508245,-0.218487,0.0,0.0,0.507295,0.249122,-0.227088,0.0,0.0,0.496085,0.450266,-0.304845,0.0,0.0,0.493671,0.599433,-0.344298,0.0,0.0,0.492194,0.730828,-0.370016,0.0,0.0,0.587349,0.25038,-0.216141,0.0,0.0,0.59762,0.49015,-0.297803,0.0,0.0,0.606463,0.665562,-0.336712,0.0,0.0,0.6189,0.816466,-0.368588,0.0,0.0,0.649443,0.26046,-0.197952,0.0,0.0,0.684755,0.477102,-0.2644,0.0,0.0,0.713325,0.62941,-0.298299,0.0,0.0,0.736724,0.755512,-0.323901,0.0,0.0,0.687333,0.274132,-0.179701,0.0,0.0,0.764071,0.39954,-0.234912,0.0,0.0,0.813783,0.471652,-0.264546,0.0,0.0,0.856724,0.539132,-0.286911,0.0,0.0
v1.mp4,1219610e4175dfcfd945e2d4a5016440b91148cdbcc5449d7badf3789d2f4a86,1920,1080,12.02,596,49.583,85,7083,Left,0.931671,0.583856,0.135056,1e-06,0.0,0.0,0.495148,0.188019,-0.0631,0.0,0.0,0.426024,0.282439,-0.120364,0.0,0.0,0.380511,0.389285,-0.162823,0.0,0.0,0.354732,0.5059,-0.207814,0.0,0.0,0.509148,0.257446,-0.207255,0.0,0.0,0.49198,0.443079,-0.279303,0.0,0.0,0.486808,0.579594,-0.315579,0.0,0.0,0.48301,0.706028,-0.339635,0.0,0.0,0.586379,0.264974,-0.19935,0.0,0.0,0.596747,0.494482,-0.276107,0.0,0.0,0.606915,0.659006,-0.314956,0.0,0.0,0.618988,0.806219,-0.347401,0.0,0.0,0.647689,0.276124,-0.185117,0.0,0.0,0.678618,0.47196,-0.249319,0.0,0.0,0.704782,0.61731,-0.283668,0.0,0.0,0.728329,0.740786,-0.309368,0.0,0.0,0.687828,0.285329,-0.171164,0.0,0.0,0.747982,0.423222,-0.225016,0.0,0.0,0.787305,0.51145,-0.25503,0.0,0.0,0.824192,0.593616,-0.278289,0.0,0.0
v1.mp4,1219610e4175dfcfd945e2d4a5016440b91148cdbcc5449d7badf3789d2f4a86,1920,1080,12.02,596,49.583,86,7166,Left,0.927638,0.579522,0.139102,1e-06,0.0,0.0,0.492879,0.19067,-0.075615,0.0,0.0,0.425819,0.276647,-0.143191,0.0,0.0,0.38074,0.380447,-0.191329,0.0,0.0,0.352101,0.500693,-0.24128,0.0,0.0,0.505851,0.256435,-0.247335,0.0,0.0,0.488912,0.43037,-0.332891,0.0,0.0,0.481629,0.565486,-0.377055,0.0,0.0,0.475822,0.689816,-0.405938,0.0,0.0,0.587276,0.26437,-0.234429,0.0,0.0,0.592126,0.485782,-0.328915,0.0,0.0,0.600718,0.656126,-0.376811,0.0,0.0,0.612737,0.806263,-0.415199,0.0,0.0,0.649595,0.28013,-0.213687,0.0,0.0,0.679221,0.471454,-0.290117,0.0,0.0,0.704719,0.623276,-0.329565,0.0,0.0,0.725186,0.746372,-0.35845,0.0,0.0,0.688495,0.295031,-0.19329,0.0,0.0,0.750738,0.429659,-0.256193,0.0,0.0,0.789874,0.513493,-0.291704,0.0,0.0,0.826205,0.591773,-0.318697,0.0,0.0
v1.mp4,1219610e4175dfcfd945e2d4a5016440b91148cdbcc5449d7badf3789d2f4a86,1920,1080,12.02,596,49.583,87,7250,Left,0.939004,0.587541,0.124864,1e-06,0.0,0.0,0.508114,0.169473,-0.063776,0.0,0.0,0.436591,0.240662,-0.12229,0.0,0.0,0.367995,0.283798,-0.166375,0.0,0.0,0.301995,0.304254,-0.214017,0.0,0.0,0.506651,0.250433,-0.208815,0.0,0.0,0.478869,0.417433,-0.284143,0.0,0.0,0.467199,0.546657,-0.322904,0.0,0.0,0.456799,0.66202,-0.348082,0.0,0.0,0.584999,0.259553,-0.201262,0.0,0.0,0.592941,0.489323,-0.279667,0.0,0.0,0.603197,0.651873,-0.31711,0.0,0.0,0.616717,0.799217,-0.346569,0.0,0.0,0.648658,0.270893,-0.188044,0.0,0.0,0.678319,0.471692,-0.253653,0.0,0.0,0.705656,0.618448,-0.289644,0.0,0.0,0.729668,0.743502,-0.314338,0.0,0.0,0.692865,0.276637,-0.175445,0.0,0.0,0.752218,0.424713,-0.231308,0.0,0.0,0.792205,0.51283,-0.263096,0.0,0.0,0.826029,0.593957,-0.286194,0.0,0.0
v1.mp4,1219610e4175dfcfd945e2d4a5016440b91148cdbcc5449d7badf3789d2f4a86,1920,1080,12.02,596,49.583,88,7333,Left,0.903798,0.59659,0.112796,1e-06,0.0,0.0,0.512727,0.148987,-0.060794,0.0,0.0,0.436124,0.205909,-0.117362,0.0,0.0,0.366856,0.20434,-0.162012,0.0,0.0,0.313331,0.159429,-0.211524,0.0,0.0,0.515867,0.235395,-0.196553,0.0,0.0,0.481524,0.399326,-0.264516,0.0,0.0,0.46763,0.523333,-0.299557,0.0,0.0,0.459115,0.636697,-0.323715,0.0,0.0,0.594522,0.256238,-0.19213,0.0,0.0,0.594974,0.484067,-0.262449,0.0,0.0,0.60182,0.647208,-0.29624,0.0,0.0,0.616258,0.791379,-0.323608,0.0,0.0,0.657266,0.270984,-0.182276,0.0,0.0,0.681794,0.47686,-0.241495,0.0,0.0,0.705912,0.620621,-0.275615,0.0,0.0,0.72945,0.74335,-0.299547,0.0,0.0,0.698421,0.276134,-0.173537,0.0,0.0,0.754218,0.425372,-0.224427,0.0,0.0,0.794304,0.512569,-0.253763,0.0,0.0,0.829005,0.58799,-0.275573,0.0,0.0
v1.mp4,1219610e4175dfcfd945e2d4a5016440b91148cdbcc5449d7badf3789d2f4a86,1920,1080,12.02,596,49.583,89,7416,Left,0.90895,0.592886,0.135077,1e-06,0.0,0.0,0.510554,0.172448,-0.062133,0.0,0.0,0.434244,0.220226,-0.121904,0.0,0.0,0.367992,0.190223,-0.168855,0.0,0.0,0.322105,0.108941,-0.221626,0.0,0.0,0.515075,0.239959,-0.211767,0.0,0.0,0.484097,0.39654,-0.284781,0.0,0.0,0.468579,0.518625,-0.322679,0.0,0.0,0.456932,0.628856,-0.348365,0.0,0.0,0.595318,0.258966,-0.206287,0.0,0.0,0.59572,0.486327,-0.280349,0.0,0.0,0.602699,0.649281,-0.314943,0.0,0.0,0.616737,0.793418,-0.343416,0.0,0.0,0.658969,0.277887,-0.194641,0.0,0.0,0.683589,0.487448,-0.255576,0.0,0.0,0.711961,0.630335,-0.291345,0.0,0.0,0.736566,0.752128,-0.317212,0.0,0.0,0.700856,0.287118,-0.183924,0.0,0.0,0.756816,0.434988,-0.236379,0.0,0.0,0.796844,0.522138,-0.268307,0.0,0.0,0.829844,0.596112,-0.293038,0.0,0.0
v1.mp4,1219610e4175dfcfd945e2d4a5016440b91148cdbcc5449d7badf3789d2f4a86,1920,1080,12.02,596,49.583,90,7500,Left,0.882114,0.586211,0.12128,1e-06,0.0,0.0,0.506047,0.167585,-0.063291,0.0,0.0,0.436519,0.234444,-0.123244,0.0,0.0,0.37397,0.268237,-0.168905,0.0,0.0,0.316394,0.266148,-0.218368,0.0,0.0,0.504686,0.244151,-0.217862,0.0,0.0,0.484548,0.414239,-0.296948,0.0,0.0,0.476636,0.549849,-0.338566,0.0,0.0,0.469392,0.672531,-0.366642,0.0,0.0,0.585279,0.256614,-0.212214,0.0,0.0,0.591155,0.486624,-0.296718,0.0,0.0,0.598141,0.653708,-0.338743,0.0,0.0,0.607304,0.805986,-0.372482,0.0,0.0,0.650413,0.271523,-0.199818,0.0,0.0,0.677115,0.472334,-0.269837,0.0,0.0,0.700774,0.62001,-0.308902,0.0,0.0,0.720111,0.744128,-0.336741,0.0,0.0,0.694906,0.281028,-0.187844,0.0,0.0,0.751685,0.426799,-0.248877,0.0,0.0,0.792033,0.51094,-0.285112,0.0,0.0,0.827947,0.589221,-0.312294,0.0,0.0
v1.mp4,1219610e4175dfcfd945e2d4a5016440b91148cdbcc5449d7badf3789d2f4a86,1920,1080,12.02,596,49.583,91,7583,Left,0.962658,0.580543,0.116794,1e-06,0.0,0.0,0.495045,0.184728,-0.058638,0.0,0.0,0.428539,0.286447,-0.113418,0.0,0.0,0.391769,0.400029,-0.153026,0.0,0.0,0.368422,0.521071,-0.194872,0.0,0.0,0.506931,0.261181,-0.211582,0.0,0.0,0.49541,0.467371,-0.284076,0.0,0.0,0.491611,0.616003,-0.318486,0.0,0.0,0.488377,0.750937,-0.340422,0.0,0.0,0.585354,0.26224,-0.204563,0.0,0.0,0.593,0.493034,-0.283645,0.0,0.0,0.602356,0.669532,-0.320027,0.0,0.0,0.614886,0.81847,-0.34943,0.0,0.0,0.646727,0.270301,-0.190354,0.0,0.0,0.679939,0.466754,-0.255209,0.0,0.0,0.704757,0.620067,-0.284508,0.0,0.0,0.725609,0.74349,-0.305823,0.0,0.0,0.687887,0.27967,-0.176139,0.0,0.0,0.750282,0.423153,-0.230236,0.0,0.0,0.789147,0.512249,-0.25748,0.0,0.0,0.823948,0.592183,-0.277375,0.0,0.0
v1.mp4,1219610e4175dfcfd945e2d4a5016440b91148cdbcc5449d7badf3789d2f4a86,1920,1080,12.02,596,49.583,92,7666,Left,0.951148,0.579416,0.13578,1e-06,0.0,0.0,0.493551,0.193717,-0.076388,0.0,0.0,0.430363,0.287969,-0.142419,0.0,0.0,0.394818,0.399535,-0.188755,0.0,0.0,0.367476,0.522243,-0.236438,0.0,0.0,0.504786,0.264041,-0.245002,0.0,0.0,0.496296,0.474769,-0.329024,0.0,0.0,0.497344,0.62694,-0.370086,0.0,0.0,0.496621,0.761908,-0.396265,0.0,0.0,0.585001,0.261129,-0.229557,0.0,0.0,0.596901,0.488091,-0.323749,0.0,0.0,0.60835,0.660092,-0.368951,0.0,0.0,0.620619,0.811461,-0.404572,0.0,0.0,0.647617,0.269713,-0.206804,0.0,0.0,0.678765,0.454119,-0.281988,0.0,0.0,0.701989,0.602487,-0.317927,0.0,0.0,0.719747,0.72335,-0.343561,0.0,0.0,0.689765,0.28458,-0.184862,0.0,0.0,0.75172,0.424617,-0.247212,0.0,0.0,0.789739,0.513125,-0.282381,0.0,0.0,0.824442,0.594453,-0.308268,0.0,0.0
v1.mp4,1219610e4175dfcfd945e2d4a5016440b91148cdbcc5449d7badf3789d2f4a86,1920,1080,12.02,596,49.583,93,7750,Left,0.961531,0.58008,0.139354,1e-06,0.0,0.0,0.493035,0.197834,-0.076343,0.0,0.0,0.430574,0.290849,-0.144131,0.0,0.0,0.395803,0.404115,-0.192389,0.0,0.0,0.366475,0.526619,-0.241886,0.0,0.0,0.501533,0.260849,-0.246415,0.0,0.0,0.494773,0.470893,-0.332248,0.0,0.0,0.495825,0.623139,-0.374744,0.0,0.0,0.495606,0.758618,-0.401737,0.0,0.0,0.582703,0.258429,-0.231834,0.0,0.0,0.596276,0.485689,-0.327145,0.0,0.0,0.608979,0.659409,-0.372276,0.0,0.0,0.622913,0.81002,-0.407534,0.0,0.0,0.646914,0.268156,-0.210036,0.0,0.0,0.679072,0.45461,-0.286327,0.0,0.0,0.702471,0.603285,-0.321953,0.0,0.0,0.721611,0.724406,-0.347083,0.0,0.0,0.690403,0.284243,-0.189017,0.0,0.0,0.752312,0.425351,-0.251696,0.0,0.0,0.790497,0.513367,-0.285984,0.0,0.0,0.825666,0.594685,-0.310998,0.0,0.0
v1.mp4,1219610e4175dfcfd945e2d4a5016440b91148cdbcc5449d7badf3789d2f4a86,1920,1080,12.02,596,49.583,94,7833,Left,0.967098,0.578594,0.122332,1e-06,0.0,0.0,0.492634,0.189144,-0.06983,0.0,0.0,0.42983,0.28429,-0.133643,0.0,0.0,0.394507,0.399786,-0.178724,0.0,0.0,0.366936,0.523201,-0.225005,0.0,0.0,0.50184,0.263729,-0.236995,0.0,0.0,0.495596,0.477056,-0.320537,0.0,0.0,0.496308,0.63107,-0.361406,0.0,0.0,0.496098,0.767345,-0.386768,0.0,0.0,0.581312,0.258342,-0.224345,0.0,0.0,0.595421,0.491325,-0.315675,0.0,0.0,0.607895,0.666912,-0.35782,0.0,0.0,0.6217,0.818393,-0.39036,0.0,0.0,0.644361,0.265212,-0.204345,0.0,0.0,0.67948,0.457801,-0.27837,0.0,0.0,0.704272,0.612206,-0.312134,0.0,0.0,0.723663,0.738562,-0.335269,0.0,0.0,0.686713,0.279898,-0.184501,0.0,0.0,0.750987,0.423949,-0.245389,0.0,0.0,0.790944,0.514713,-0.277325,0.0,0.0,0.826688,0.598174,-0.299793,0.0,0.0
v1.mp4,1219610e4175dfcfd945e2d4a5016440b91148cdbcc5449d7badf3789d2f4a86,1920,1080,12.02,596,49.583,95,7916,Left,0.966969,0.57569,0.114906,1e-06,0.0,0.0,0.490382,0.190992,-0.066562,0.0,0.0,0.427744,0.287021,-0.127465,0.0,0.0,0.393763,0.400495,-0.169743,0.0,0.0,0.368724,0.521645,-0.213595,0.0,0.0,0.506723,0.271055,-0.229917,0.0,0.0,0.498653,0.483572,-0.311173,0.0,0.0,0.498356,0.635848,-0.35356,0.0,0.0,0.496954,0.769616,-0.380342,0.0,0.0,0.585157,0.262124,-0.217595,0.0,0.0,0.59995,0.494661,-0.303646,0.0,0.0,0.611367,0.66768,-0.345956,0.0,0.0,0.625947,0.816625,-0.379071,0.0,0.0,0.644946,0.26582,-0.197481,0.0,0.0,0.682473,0.463507,-0.266327,0.0,0.0,0.709921,0.613388,-0.300585,0.0,0.0,0.732448,0.7376,-0.32539,0.0,0.0,0.682932,0.278971,-0.177242,0.0,0.0,0.756992,0.397078,-0.233282,0.0,0.0,0.806245,0.461999,-0.262058,0.0,0.0,0.850031,0.522777,-0.282618,0.0,0.0
v1.mp4,1219610e4175dfcfd945e2d4a5016440b91148cdbcc5449d7badf3789d2f4a86,1920,1080,12.02,596,49.583,96,8000,Left,0.93019,0.573713,0.109978,1e-06,0.0,0.0,0.492726,0.180575,-0.064747,0.0,0.0,0.429839,0.287801,-0.118991,0.0,0.0,0.395499,0.408279,-0.15877,0.0,0.0,0.373332,0.527749,-0.200723,0.0,0.0,0.508128,0.274142,-0.197366,0.0,0.0,0.494712,0.478343,-0.267138,0.0,0.0,0.493889,0.619929,-0.30373,0.0,0.0,0.494213,0.753823,-0.328199,0.0,0.0,0.581329,0.265097,-0.1871,0.0,0.0,0.603674,0.458273,-0.262315,0.0,0.0,0.624331,0.609211,-0.298729,0.0,0.0,0.646024,0.743338,-0.327989,0.0,0.0,0.638088,0.26021,-0.171527,0.0,0.0,0.678368,0.4206,-0.232149,0.0,0.0,0.708874,0.545214,-0.257689,0.0,0.0,0.736937,0.653526,-0.276579,0.0,0.0,0.677177,0.261055,-0.157596,0.0,0.0,0.7451,0.369993,-0.208358,0.0,0.0,0.790056,0.433644,-0.231913,0.0,0.0,0.832175,0.49343,-0.248539,0.0,0.0
v1.mp4,1219610e4175dfcfd945e2d4a5016440b91148cdbcc5449d7badf3789d2f4a86,1920,1080,12.02,596,49.583,97,8083,Left,0.893134,0.578877,0.099968,1e-06,0.0,0.0,0.496482,0.171159,-0.062913,0.0,0.0,0.429636,0.287152,-0.112217,0.0,0.0,0.395736,0.40498,-0.14775,0.0,0.0,0.371854,0.51279,-0.185333,0.0,0.0,0.510185,0.279786,-0.178358,0.0,0.0,0.483093,0.420828,-0.244433,0.0,0.0,0.464634,0.525748,-0.28196,0.0,0.0,0.447877,0.630824,-0.307549,0.0,0.0,0.582889,0.273002,-0.169745,0.0,0.0,0.600112,0.435316,-0.242668,0.0,0.0,0.622493,0.568039,-0.281865,0.0,0.0,0.646608,0.693085,-0.313529,0.0,0.0,0.640347,0.268351,-0.15719,0.0,0.0,0.678698,0.409539,-0.219717,0.0,0.0,0.710589,0.5223,-0.248567,0.0,0.0,0.740944,0.623616,-0.269178,0.0,0.0,0.68309,0.264842,-0.14609,0.0,0.0,0.744229,0.373064,-0.196616,0.0,0.0,0.788178,0.434552,-0.220541,0.0,0.0,0.83036,0.494574,-0.238127,0.0,0.0
v1.mp4,1219610e4175dfcfd945e2d4a5016440b91148cdbcc5449d7badf3789d2f4a86,1920,1080,12.02,596,49.583,98,8166,Left,0.887942,0.577045,0.088032,1e-06,0.0,0.0,0.498125,0.15709,-0.061784,0.0,0.0,0.434229,0.267839,-0.110836,0.0,0.0,0.397616,0.384301,-0.147785,0.0,0.0,0.373464,0.499516,-0.187853,0.0,0.0,0.505353,0.261878,-0.176105,0.0,0.0,0.479389,0.42141,-0.238788,0.0,0.0,0.462841,0.534319,-0.273182,0.0,0.0,0.450762,0.647224,-0.296981,0.0,0.0,0.575206,0.253361,-0.168141,0.0,0.0,0.590991,0.414107,-0.238756,0.0,0.0,0.611821,0.545461,-0.277487,0.0,0.0,0.63788,0.666389,-0.309534,0.0,0.0,0.632177,0.246305,-0.156146,0.0,0.0,0.673297,0.383682,-0.216896,0.0,0.0,0.707,0.492238,-0.245808,0.0,0.0,0.741154,0.583755,-0.267384,0.0,0.0,0.676744,0.243918,-0.145525,0.0,0.0,0.73914,0.353871,-0.196009,0.0,0.0,0.783952,0.414322,-0.220973,0.0,0.0,0.829711,0.468622,-0.239897,0.0,0.0
v1.mp4,1219610e4175dfcfd945e2d4a5016440b91148cdbcc5449d7badf3789d2f4a86,1920,1080,12.02,596,49.583,99,8250,Left,0.964974,0.5746,0.098418,1e-06,0.0,0.0,0.49355,0.180445,-0.059572,0.0,0.0,0.428167,0.281877,-0.113012,0.0,0.0,0.395669,0.395404,-0.152207,0.0,0.0,0.372134,0.508586,-0.193508,0.0,0.0,0.503206,0.277131,-0.194261,0.0,0.0,0.48839,0.479506,-0.264499,0.0,0.0,0.478809,0.618959,-0.303474,0.0,0.0,0.470048,0.747035,-0.329139,0.0,0.0,0.576197,0.257931,-0.185224,0.0,0.0,0.589429,0.434979,-0.26245,0.0,0.0,0.60378,0.578412,-0.302292,0.0,0.0,0.622203,0.702682,-0.333688,0.0,0.0,0.63271,0.250709,-0.170219,0.0,0.0,0.67428,0.393934,-0.230275,0.0,0.0,0.70436,0.509152,-0.25621,0.0,0.0,0.733046,0.605192,-0.275696,0.0,0.0,0.67491,0.255018,-0.156396,0.0,0.0,0.741605,0.35707,-0.204442,0.0,0.0,0.787703,0.414238,-0.226672,0.0,0.0,0.831049,0.468338,-0.242614,0.0,0.0
v1.mp4,1219610e4175dfcfd945e2d4a5016440b91148cdbcc5449d7badf3789d2f4a86,1920,1080,12.02,596,49.583,100,8333,Left,0.929985,0.571494,0.107512,1e-06,0.0,0.0,0.491492,0.184209,-0.057059,0.0,0.0,0.431675,0.281937,-0.11073,0.0,0.0,0.397741,0.392857,-0.150833,0.0,0.0,0.373513,0.507934,-0.192937,0.0,0.0,0.501356,0.270053,-0.194061,0.0,0.0,0.486845,0.476706,-0.266604,0.0,0.0,0.479393,0.61785,-0.306225,0.0,0.0,0.472016,0.747711,-0.332294,0.0,0.0,0.574141,0.256235,-0.188296,0.0,0.0,0.58705,0.444074,-0.266346,0.0,0.0,0.593995,0.586764,-0.304952,0.0,0.0,0.604797,0.709943,-0.335123,0.0,0.0,0.630799,0.247817,-0.176414,0.0,0.0,0.672148,0.396665,-0.23837,0.0,0.0,0.702246,0.511516,-0.263668,0.0,0.0,0.731449,0.608968,-0.2828,0.0,0.0,0.671599,0.247615,-0.16533,0.0,0.0,0.742223,0.337963,-0.216282,0.0,0.0,0.79094,0.384115,-0.237395,0.0,0.0,0.836208,0.43207,-0.252246,0.0,0.0
v1.mp4,1219610e4175dfcfd945e2d4a5016440b91148cdbcc5449d7badf3789d2f4a86,1920,1080,12.02,596,49.583,101,8416,Left,0.984,0.57432,0.116186,1e-06,0.0,0.0,0.490919,0.192457,-0.062454,0.0,0.0,0.429887,0.283563,-0.122471,0.0,0.0,0.393665,0.392706,-0.165284,0.0,0.0,0.370304,0.513867,-0.210933,0.0,0.0,0.50223,0.273726,-0.221692,0.0,0.0,0.489814,0.488846,-0.300261,0.0,0.0,0.485195,0.637446,-0.341725,0.0,0.0,0.478418,0.766307,-0.368037,0.0,0.0,0.577294,0.266363,-0.213345,0.0,0.0,0.590188,0.501044,-0.293157,0.0,0.0,0.599164,0.670273,-0.333738,0.0,0.0,0.61091,0.808706,-0.365934,0.0,0.0,0.635087,0.260025,-0.197324,0.0,0.0,0.676666,0.438336,-0.2617,0.0,0.0,0.702341,0.572897,-0.297034,0.0,0.0,0.723296,0.681811,-0.324435,0.0,0.0,0.672196,0.258057,-0.181031,0.0,0.0,0.746687,0.331962,-0.236244,0.0,0.0,0.796085,0.369212,-0.264914,0.0,0.0,0.838979,0.407837,-0.286014,0.0,0.0
v1.mp4,1219610e4175dfcfd945e2d4a5016440b91148cdbcc5449d7badf3789d2f4a86,1920,1080,12.02,596,49.583,102,8500,Left,0.976851,0.575358,0.117572,1e-06,0.0,0.0,0.490554,0.191379,-0.060566,0.0,0.0,0.429202,0.278521,-0.120457,0.0,0.0,0.396691,0.387824,-0.162709,0.0,0.0,0.373745,0.510834,-0.207558,0.0,0.0,0.499568,0.269442,-0.223013,0.0,0.0,0.486597,0.48541,-0.300748,0.0,0.0,0.482014,0.635112,-0.340813,0.0,0.0,0.475799,0.763768,-0.36646,0.0,0.0,0.577335,0.261004,-0.215213,0.0,0.0,0.58473,0.496335,-0.29408,0.0,0.0,0.595813,0.668598,-0.332528,0.0,0.0,0.608965,0.814122,-0.363987,0.0,0.0,0.640417,0.256297,-0.199748,0.0,0.0,0.668777,0.459223,-0.264258,0.0,0.0,0.689205,0.60856,-0.298782,0.0,0.0,0.703864,0.73221,-0.326142,0.0,0.0,0.6827,0.255373,-0.183411,0.0,0.0,0.753521,0.347003,-0.240629,0.0,0.0,0.799689,0.400691,-0.270892,0.0,0.0,0.837893,0.458704,-0.29324,0.0,0.0
v1.mp4,1219610e4175dfcfd945e2d4a5016440b91148cdbcc5449d7badf3789d2f4a86,1920,1080,12.02,596,49.583,103,8583,Left,0.982663,0.574,0.099094,1e-06,0.0,0.0,0.489613,0.177377,-0.058499,0.0,0.0,0.427876,0.274115,-0.115056,0.0,0.0,0.39523,0.390733,-0.154871,0.0,0.0,0.373469,0.516224,-0.196902,0.0,0.0,0.499943,0.266264,-0.213133,0.0,0.0,0.486984,0.484068,-0.288845,0.0,0.0,0.481943,0.633471,-0.326893,0.0,0.0,0.476063,0.762743,-0.350896,0.0,0.0,0.576633,0.260234,-0.20618,0.0,0.0,0.585983,0.501539,-0.284486,0.0,0.0,0.596976,0.67358,-0.322083,0.0,0.0,0.609685,0.81717,-0.352088,0.0,0.0,0.638077,0.256156,-0.192114,0.0,0.0,0.668701,0.458454,-0.256644,0.0,0.0,0.690863,0.609513,-0.290226,0.0,0.0,0.707782,0.732952,-0.31561,0.0,0.0,0.679237,0.256306,-0.177346,0.0,0.0,0.750804,0.365561,-0.234519,0.0,0.0,0.797476,0.428525,-0.264365,0.0,0.0,0.837857,0.490478,-0.285657,0.0,0.0
v1.mp4,1219610e4175dfcfd945e2d4a5016440b91148cdbcc5449d7badf3789d2f4a86,1920,1080,12.02,596,49.583,104,8666,Left,0.973814,0.576098,0.110078,1e-06,0.0,0.0,0.490505,0.183059,-0.065053,0.0,0.0,0.426712,0.278628,-0.123968,0.0,0.0,0.392014,0.397186,-0.165059,0.0,0.0,0.36961,0.522201,-0.207895,0.0,0.0,0.500498,0.258291,-0.221846,0.0,0.0,0.488132,0.468955,-0.299049,0.0,0.0,0.485369,0.616709,-0.3372,0.0,0.0,0.48206,0.747284,-0.361138,0.0,0.0,0.576614,0.258632,-0.21014,0.0,0.0,0.583567,0.49041,-0.292364,0.0,0.0,0.590435,0.661796,-0.331161,0.0,0.0,0.598158,0.808488,-0.362243,0.0,0.0,0.638059,0.264883,-0.191619,0.0,0.0,0.66663,0.462708,-0.259655,0.0,0.0,0.690027,0.615062,-0.295214,0.0,0.0,0.708267,0.736876,-0.320779,0.0,0.0,0.6787,0.277134,-0.172752,0.0,0.0,0.746382,0.411203,-0.231578,0.0,0.0,0.791534,0.495987,-0.265603,0.0,0.0,0.831954,0.572201,-0.290009,0.0,0.0
v1.mp4,1219610e4175dfcfd945e2d4a5016440b91148cdbcc5449d7badf3789d2f4a86,1920,1080,12.02,596,49.583,105,8750,Left,0.978587,0.579847,0.117517,1e-06,0.0,0.0,0.496004,0.179532,-0.054105,0.0,0.0,0.425434,0.288727,-0.100723,0.0,0.0,0.38878,0.404537,-0.133941,0.0,0.0,0.364993,0.517006,-0.169249,0.0,0.0,0.508139,0.254587,-0.178445,0.0,0.0,0.489015,0.382741,-0.244398,0.0,0.0,0.468788,0.471325,-0.277433,0.0,0.0,0.445595,0.55191,-0.298456,0.0,0.0,0.581243,0.258244,-0.174894,0.0,0.0,0.587616,0.476679,-0.24826,0.0,0.0,0.593984,0.642495,-0.286876,0.0,0.0,0.600027,0.786364,-0.317452,0.0,0.0,0.639359,0.26771,-0.166283,0.0,0.0,0.666028,0.464499,-0.23205,0.0,0.0,0.687456,0.622196,-0.268867,0.0,0.0,0.703459,0.752998,-0.293517,0.0,0.0,0.681368,0.276327,-0.156996,0.0,0.0,0.741026,0.424675,-0.211911,0.0,0.0,0.781899,0.520274,-0.241876,0.0,0.0,0.817003,0.605584,-0.263413,0.0,0.0
v1.mp4,1219610e4175dfcfd945e2d4a5016440b91148cdbcc5449d7badf3789d2f4a86,1920,1080,12.02,596,49.583,106,8833,Left,0.943422,0.578399,0.114204,1e-06,0.0,0.0,0.495127,0.176332,-0.060376,0.0,0.0,0.427951,0.288653,-0.111326,0.0,0.0,0.392445,0.401411,-0.147338,0.0,0.0,0.367008,0.516316,-0.185249,0.0,0.0,0.507123,0.250202,-0.193207,0.0,0.0,0.488824,0.375781,-0.266668,0.0,0.0,0.469662,0.465501,-0.303776,0.0,0.0,0.4483,0.544995,-0.326932,0.0,0.0,0.580845,0.258041,-0.188188,0.0,0.0,0.58558,0.475774,-0.268821,0.0,0.0,0.592231,0.640972,-0.311076,0.0,0.0,0.599115,0.787711,-0.343913,0.0,0.0,0.639778,0.271286,-0.178324,0.0,0.0,0.664129,0.466621,-0.250399,0.0,0.0,0.685046,0.627052,-0.290732,0.0,0.0,0.701292,0.761622,-0.317475,0.0,0.0,0.682971,0.281783,-0.167954,0.0,0.0,0.740918,0.431228,-0.227343,0.0,0.0,0.780782,0.52696,-0.260351,0.0,0.0,0.815403,0.61432,-0.284324,0.0,0.0
v1.mp4,1219610e4175dfcfd945e2d4a5016440b91148cdbcc5449d7badf3789d2f4a86,1920,1080,12.02,596,49.583,107,8916,Left,0.975334,0.577543,0.129652,1e-06,0.0,0.0,0.494231,0.191711,-0.066334,0.0,0.0,0.431423,0.285043,-0.126404,0.0,0.0,0.394177,0.395106,-0.168893,0.0,0.0,0.369425,0.514839,-0.213464,0.0,0.0,0.502888,0.26131,-0.223184,0.0,0.0,0.496524,0.473518,-0.299922,0.0,0.0,0.497677,0.626546,-0.336833,0.0,0.0,0.499661,0.759141,-0.360097,0.0,0.0,0.579186,0.259908,-0.212399,0.0,0.0,0.585737,0.497303,-0.293675,0.0,0.0,0.594761,0.66842,-0.330171,0.0,0.0,0.606943,0.817787,-0.359453,0.0,0.0,0.640374,0.268671,-0.195325,0.0,0.0,0.667561,0.466414,-0.260428,0.0,0.0,0.687495,0.622838,-0.291274,0.0,0.0,0.703391,0.753015,-0.314274,0.0,0.0,0.682465,0.282325,-0.178888,0.0,0.0,0.739243,0.422886,-0.234333,0.0,0.0,0.775979,0.515808,-0.264825,0.0,0.0,0.808581,0.602185,-0.287447,0.0,0.0
v1.mp4,1219610e4175dfcfd945e2d4a5016440b91148cdbcc5449d7badf3789d2f4a86,1920,1080,12.02,596,49.583,108,9000,Left,0.963234,0.576803,0.109439,1e-06,0.0,0.0,0.494108,0.179098,-0.067703,0.0,0.0,0.43194,0.279855,-0.126579,0.0,0.0,0.395961,0.396139,-0.168165,0.0,0.0,0.371412,0.516639,-0.209735,0.0,0.0,0.505122,0.27355,-0.217066,0.0,0.0,0.497875,0.478974,-0.295348,0.0,0.0,0.497844,0.624204,-0.333658,0.0,0.0,0.498666,0.758056,-0.357749,0.0,0.0,0.58044,0.263462,-0.205216,0.0,0.0,0.595242,0.462604,-0.293325,0.0,0.0,0.607567,0.617812,-0.332758,0.0,0.0,0.621757,0.757951,-0.361947,0.0,0.0,0.638469,0.266762,-0.187559,0.0,0.0,0.676631,0.423287,-0.258333,0.0,0.0,0.698845,0.558518,-0.28508,0.0,0.0,0.718367,0.680125,-0.302345,0.0,0.0,0.679683,0.281691,-0.171173,0.0,0.0,0.736524,0.416797,-0.228245,0.0,0.0,0.771561,0.508042,-0.254887,0.0,0.0,0.803499,0.599126,-0.272643,0.0,0.0
v1.mp4,1219610e4175dfcfd945e2d4a5016440b91148cdbcc5449d7badf3789d2f4a86,1920,1080,12.02,596,49.583,109,9083,Left,0.957067,0.575794,0.109868,1e-06,0.0,0.0,0.491827,0.181671,-0.069441,0.0,0.0,0.430947,0.282697,-0.13,0.0,0.0,0.395422,0.396679,-0.172643,0.0,0.0,0.369411,0.518302,-0.215935,0.0,0.0,0.504333,0.273905,-0.224694,0.0,0.0,0.498096,0.478111,-0.305564,0.0,0.0,0.497728,0.622908,-0.346683,0.0,0.0,0.498192,0.756367,-0.372544,0.0,0.0,0.578809,0.26575,-0.211172,0.0,0.0,0.592139,0.461271,-0.298863,0.0,0.0,0.605485,0.609417,-0.339456,0.0,0.0,0.620817,0.740669,-0.370658,0.0,0.0,0.636093,0.267509,-0.191318,0.0,0.0,0.670478,0.419409,-0.262571,0.0,0.0,0.695976,0.542079,-0.292088,0.0,0.0,0.71981,0.646503,-0.311672,0.0,0.0,0.674853,0.279859,-0.172324,0.0,0.0,0.730147,0.406094,-0.228712,0.0,0.0,0.767899,0.486735,-0.256045,0.0,0.0,0.805854,0.563404,-0.275011,0.0,0.0
v1.mp4,1219610e4175dfcfd945e2d4a5016440b91148cdbcc5449d7badf3789d2f4a86,1920,1080,12.02,596,49.583,110,9166,Left,0.959327,0.574005,0.118238,1e-06,0.0,0.0,0.490324,0.194266,-0.072474,0.0,0.0,0.430833,0.288514,-0.138208,0.0,0.0,0.395893,0.39658,-0.184416,0.0,0.0,0.368707,0.518697,-0.231969,0.0,0.0,0.504359,0.284337,-0.239647,0.0,0.0,0.498213,0.484616,-0.325857,0.0,0.0,0.49899,0.630339,-0.372674,0.0,0.0,0.49803,0.76179,-0.402821,0.0,0.0,0.578985,0.269932,-0.226522,0.0,0.0,0.595302,0.469096,-0.321122,0.0,0.0,0.60835,0.6222,-0.370007,0.0,0.0,0.623102,0.753628,-0.407252,0.0,0.0,0.635387,0.264731,-0.205376,0.0,0.0,0.673993,0.412982,-0.280816,0.0,0.0,0.702526,0.532325,-0.316118,0.0,0.0,0.727447,0.630709,-0.340628,0.0,0.0,0.673965,0.268571,-0.18457,0.0,0.0,0.741009,0.364509,-0.242462,0.0,0.0,0.785963,0.420744,-0.270277,0.0,0.0,0.828646,0.476548,-0.290266,0.0,0.0
v1.mp4,1219610e4175dfcfd945e2d4a5016440b91148cdbcc5449d7badf3789d2f4a86,1920,1080,12.02,596,49.583,111,9250,Left,0.985709,0.574846,0.110276,1e-06,0.0,0.0,0.489372,0.186059,-0.06172,0.0,0.0,0.429808,0.278055,-0.121912,0.0,0.0,0.395265,0.392912,-0.164555,0.0,0.0,0.372429,0.517902,-0.209547,0.0,0.0,0.502347,0.270183,-0.221064,0.0,0.0,0.499612,0.486111,-0.297521,0.0,0.0,0.501053,0.637522,-0.33592,0.0,0.0,0.501606,0.767127,-0.360037,0.0,0.0,0.57831,0.262856,-0.21236,0.0,0.0,0.589244,0.500541,-0.289039,0.0,0.0,0.600206,0.6712,-0.32412,0.0,0.0,0.614261,0.813451,-0.352187,0.0,0.0,0.638514,0.258111,-0.196426,0.0,0.0,0.677159,0.451825,-0.257175,0.0,0.0,0.702406,0.598475,-0.287721,0.0,0.0,0.721214,0.718835,-0.311823,0.0,0.0,0.677014,0.256076,-0.180391,0.0,0.0,0.749715,0.349058,-0.233136,0.0,0.0,0.79751,0.404583,-0.260221,0.0,0.0,0.837683,0.460502,-0.279997,0.0,0.0
v1.mp4,1219610e4175dfcfd945e2d4a5016440b91148cdbcc5449d7badf3789d2f4a86,1920,1080,12.02,596,49.583,112,9333,Left,0.983937,0.57672,0.115597,1e-06,0.0,0.0,0.491639,0.19343,-0.056201,0.0,0.0,0.431372,0.282258,-0.113014,0.0,0.0,0.39647,0.391425,-0.153304,0.0,0.0,0.375047,0.51252,-0.196441,0.0,0.0,0.505238,0.271294,-0.212268,0.0,0.0,0.49754,0.487591,-0.286497,0.0,0.0,0.498608,0.640748,-0.325547,0.0,0.0,0.498832,0.770935,-0.350802,0.0,0.0,0.581274,0.260819,-0.205701,0.0,0.0,0.587565,0.498648,-0.279497,0.0,0.0,0.596723,0.670166,-0.316257,0.0,0.0,0.60967,0.814377,-0.346485,0.0,0.0,0.6422,0.255316,-0.191361,0.0,0.0,0.676269,0.46441,-0.250686,0.0,0.0,0.702643,0.61647,-0.283714,0.0,0.0,0.722823,0.741543,-0.310525,0.0,0.0,0.681165,0.254118,-0.176119,0.0,0.0,0.754946,0.341597,-0.228896,0.0,0.0,0.803797,0.394515,-0.256782,0.0,0.0,0.844668,0.448459,-0.277495,0.0,0.0
v1.mp4,1219610e4175dfcfd945e2d4a5016440b91148cdbcc5449d7badf3789d2f4a86,1920,1080,12.02,596,49.583,113,9416,Left,0.97994,0.577512,0.102937,1e-06,0.0,0.0,0.492447,0.178516,-0.065249,0.0,0.0,0.430739,0.280305,-0.124333,0.0,0.0,0.395512,0.398292,-0.165598,0.0,0.0,0.372345,0.520175,-0.208994,0.0,0.0,0.504658,0.261653,-0.220153,0.0,0.0,0.491354,0.470835,-0.295603,0.0,0.0,0.48997,0.619363,-0.333876,0.0,0.0,0.489837,0.75056,-0.358295,0.0,0.0,0.580894,0.260402,-0.208022,0.0,0.0,0.585147,0.498515,-0.287407,0.0,0.0,0.592016,0.671236,-0.326513,0.0,0.0,0.602145,0.818154,-0.357999,0.0,0.0,0.642065,0.265948,-0.188697,0.0,0.0,0.673458,0.47294,-0.252352,0.0,0.0,0.701502,0.625357,-0.287327,0.0,0.0,0.724918,0.747319,-0.313436,0.0,0.0,0.682666,0.277025,-0.169188,0.0,0.0,0.752033,0.40734,-0.223228,0.0,0.0,0.797705,0.490313,-0.255087,0.0,0.0,0.838662,0.56482,-0.278661,0.0,0.0
v1.mp4,1219610e4175dfcfd945e2d4a5016440b91148cdbcc5449d7badf3789d2f4a86,1920,1080,12.02,596,49.583,114,9500,Left,0.97277,0.578811,0.111828,1e-06,0.0,0.0,0.492026,0.180143,-0.066801,0.0,0.0,0.429627,0.279883,-0.126761,0.0,0.0,0.39293,0.394294,-0.169405,0.0,0.0,0.368825,0.518254,-0.214074,0.0,0.0,0.502953,0.2611,-0.219291,0.0,0.0,0.488088,0.442488,-0.295207,0.0,0.0,0.483646,0.572468,-0.331897,0.0,0.0,0.479199,0.690847,-0.35509,0.0,0.0,0.578259,0.263081,-0.208756,0.0,0.0,0.581086,0.495844,-0.295015,0.0,0.0,0.585986,0.666176,-0.339147,0.0,0.0,0.592193,0.814007,-0.373599,0.0,0.0,0.639004,0.271447,-0.191059,0.0,0.0,0.671179,0.470154,-0.261402,0.0,0.0,0.697286,0.625477,-0.298948,0.0,0.0,0.716832,0.750254,-0.325719,0.0,0.0,0.6816,0.283728,-0.173155,0.0,0.0,0.743616,0.426292,-0.231236,0.0,0.0,0.781143,0.52216,-0.26521,0.0,0.0,0.8155,0.610763,-0.290665,0.0,0.0
v1.mp4,1219610e4175dfcfd945e2d4a5016440b91148cdbcc5449d7badf3789d2f4a86,1920,1080,12.02,596,49.583,115,9583,Left,0.966556,0.579507,0.099882,1e-06,0.0,0.0,0.493082,0.174112,-0.048943,0.0,0.0,0.429193,0.284744,-0.09585,0.0,0.0,0.392859,0.400508,-0.129701,0.0,0.0,0.367614,0.513564,-0.164332,0.0,0.0,0.506439,0.261803,-0.169053,0.0,0.0,0.49188,0.351513,-0.236285,0.0,0.0,0.482833,0.427018,-0.270301,0.0,0.0,0.471632,0.506584,-0.29184,0.0,0.0,0.582052,0.2723,-0.16884,0.0,0.0,0.586662,0.494323,-0.250024,0.0,0.0,0.592235,0.670888,-0.292709,0.0,0.0,0.597664,0.825667,-0.323756,0.0,0.0,0.642367,0.280144,-0.162566,0.0,0.0,0.674213,0.477445,-0.234598,0.0,0.0,0.69772,0.632821,-0.269503,0.0,0.0,0.715397,0.765626,-0.290096,0.0,0.0,0.684668,0.282097,-0.154759,0.0,0.0,0.746578,0.423725,-0.211259,0.0,0.0,0.785813,0.515138,-0.236992,0.0,0.0,0.82137,0.606756,-0.254062,0.0,0.0
v1.mp4,1219610e4175dfcfd945e2d4a5016440b91148cdbcc5449d7badf3789d2f4a86,1920,1080,12.02,596,49.583,116,9666,Left,0.986762,0.574033,0.109452,1e-06,0.0,0.0,0.487569,0.174167,-0.055787,0.0,0.0,0.426013,0.288931,-0.106629,0.0,0.0,0.387448,0.399637,-0.142242,0.0,0.0,0.36002,0.514618,-0.178519,0.0,0.0,0.504886,0.248949,-0.182721,0.0,0.0,0.494882,0.320146,-0.248285,0.0,0.0,0.494592,0.372873,-0.280946,0.0,0.0,0.499628,0.433776,-0.301749,0.0,0.0,0.580909,0.258994,-0.177417,0.0,0.0,0.58145,0.483046,-0.255962,0.0,0.0,0.588137,0.655046,-0.300128,0.0,0.0,0.596507,0.809055,-0.334132,0.0,0.0,0.640043,0.272766,-0.165175,0.0,0.0,0.673086,0.486198,-0.234414,0.0,0.0,0.700675,0.643961,-0.274352,0.0,0.0,0.722942,0.775056,-0.30026,0.0,0.0,0.680784,0.282025,-0.151256,0.0,0.0,0.742586,0.431574,-0.203986,0.0,0.0,0.779794,0.520752,-0.231336,0.0,0.0,0.816377,0.605306,-0.251878,0.0,0.0
v1.mp4,1219610e4175dfcfd945e2d4a5016440b91148cdbcc5449d7badf3789d2f4a86,1920,1080,12.02,596,49.583,117,9750,Left,0.949743,0.577912,0.114798,1e-06,0.0,0.0,0.49429,0.176256,-0.058399,0.0,0.0,0.430183,0.285578,-0.109591,0.0,0.0,0.391257,0.402006,-0.146113,0.0,0.0,0.365246,0.515518,-0.184692,0.0,0.0,0.507017,0.250528,-0.187772,0.0,0.0,0.493485,0.400007,-0.253004,0.0,0.0,0.49077,0.515595,-0.28323,0.0,0.0,0.488662,0.622759,-0.302764,0.0,0.0,0.582405,0.259127,-0.181541,0.0,0.0,0.585038,0.493572,-0.254988,0.0,0.0,0.591724,0.663442,-0.290736,0.0,0.0,0.599731,0.809864,-0.318603,0.0,0.0,0.641182,0.26874,-0.169826,0.0,0.0,0.670459,0.471211,-0.23347,0.0,0.0,0.696716,0.631918,-0.267589,0.0,0.0,0.718136,0.764158,-0.290979,0.0,0.0,0.681536,0.275255,-0.157834,0.0,0.0,0.738971,0.417469,-0.212032,0.0,0.0,0.776445,0.515096,-0.242531,0.0,0.0,0.810903,0.606257,-0.264793,0.0,0.0
v1.mp4,1219610e4175dfcfd945e2d4a5016440b91148cdbcc5449d7badf3789d2f4a86,1920,1080,12.02,596,49.583,118,9833,Left,0.955713,0.578203,0.126968,1e-06,0.0,0.0,0.492543,0.188837,-0.070027,0.0,0.0,0.428237,0.280662,-0.133094,0.0,0.0,0.390339,0.392799,-0.178233,0.0,0.0,0.36581,0.514682,-0.224918,0.0,0.0,0.499007,0.26416,-0.226883,0.0,0.0,0.495816,0.475204,-0.306375,0.0,0.0,0.498192,0.630308,-0.34478,0.0,0.0,0.49846,0.765881,-0.368433,0.0,0.0,0.577057,0.261854,-0.21488,0.0,0.0,0.589435,0.500051,-0.300284,0.0,0.0,0.599479,0.675464,-0.339,0.0,0.0,0.609803,0.826519,-0.368867,0.0,0.0,0.638941,0.268062,-0.196494,0.0,0.0,0.672087,0.458835,-0.263569,0.0,0.0,0.69528,0.610948,-0.293138,0.0,0.0,0.711839,0.7367,-0.314184,0.0,0.0,0.680742,0.278679,-0.179211,0.0,0.0,0.74229,0.414657,-0.234457,0.0,0.0,0.778873,0.507475,-0.263456,0.0,0.0,0.810398,0.595608,-0.284328,0.0,0.0
v1.mp4,1219610e4175dfcfd945e2d4a5016440b91148cdbcc5449d7badf3789d2f4a86,1920,1080,12.02,596,49.583,119,9916,Left,0.9742,0.57665,0.124826,1e-06,0.0,0.0,0.492709,0.196314,-0.062487,0.0,0.0,0.430003,0.287475,-0.122121,0.0,0.0,0.390732,0.397778,-0.164651,0.0,0.0,0.363842,0.518338,-0.208429,0.0,0.0,0.501182,0.270319,-0.22322,0.0,0.0,0.494933,0.4802,-0.3016,0.0,0.0,0.494536,0.631658,-0.33904,0.0,0.0,0.492915,0.765884,-0.362178,0.0,0.0,0.577905,0.26625,-0.214333,0.0,0.0,0.588754,0.500747,-0.302257,0.0,0.0,0.597278,0.676603,-0.343547,0.0,0.0,0.607006,0.827076,-0.37506,0.0,0.0,0.638298,0.271707,-0.197776,0.0,0.0,0.672921,0.459155,-0.268053,0.0,0.0,0.695788,0.615058,-0.300312,0.0,0.0,0.712558,0.743849,-0.322687,0.0,0.0,0.679288,0.28317,-0.181151,0.0,0.0,0.741337,0.419518,-0.238057,0.0,0.0,0.778373,0.51085,-0.267607,0.0,0.0,0.811125,0.597053,-0.288673,0.0,0.0
v1.mp4,1219610e4175dfcfd945e2d4a5016440b91148cdbcc5449d7badf3789d2f4a86,1920,1080,12.02,596,49.583,120,10000,Left,0.969551,0.575446,0.112578,1e-06,0.0,0.0,0.492336,0.182377,-0.059857,0.0,0.0,0.427334,0.282242,-0.114364,0.0,0.0,0.389681,0.398127,-0.154208,0.0,0.0,0.365667,0.517554,-0.1956,0.0,0.0,0.503257,0.278139,-0.198206,0.0,0.0,0.495664,0.484801,-0.270471,0.0,0.0,0.494923,0.632757,-0.305498,0.0,0.0,0.493233,0.766099,-0.326765,0.0,0.0,0.576677,0.277234,-0.189494,0.0,0.0,0.591231,0.49985,-0.267536,0.0,0.0,0.603619,0.670898,-0.30228,0.0,0.0,0.617105,0.817228,-0.328345,0.0,0.0,0.63395,0.279843,-0.175037,0.0,0.0,0.670719,0.456733,-0.237082,0.0,0.0,0.694746,0.602041,-0.261295,0.0,0.0,0.713468,0.725686,-0.277498,0.0,0.0,0.673288,0.284436,-0.161648,0.0,0.0,0.730174,0.417653,-0.212394,0.0,0.0,0.763883,0.509884,-0.235905,0.0,0.0,0.793496,0.597595,-0.251676,0.0,0.0
v1.mp4,1219610e4175dfcfd945e2d4a5016440b91148cdbcc5449d7badf3789d2f4a86,1920,1080,12.02,596,49.583,121,10083,Left,0.96717,0.574825,0.113977,1e-06,0.0,0.0,0.492148,0.17923,-0.071545,0.0,0.0,0.429614,0.282085,-0.128615,0.0,0.0,0.393513,0.396566,-0.168243,0.0,0.0,0.367256,0.516326,-0.20866,0.0,0.0,0.506279,0.280549,-0.211707,0.0,0.0,0.493919,0.479828,-0.285077,0.0,0.0,0.492147,0.625954,-0.32187,0.0,0.0,0.492668,0.759581,-0.345665,0.0,0.0,0.579236,0.271141,-0.196347,0.0,0.0,0.598707,0.452493,-0.279189,0.0,0.0,0.615292,0.597994,-0.317243,0.0,0.0,0.634136,0.729018,-0.345844,0.0,0.0,0.633997,0.269082,-0.175334,0.0,0.0,0.677031,0.403646,-0.241483,0.0,0.0,0.70774,0.523471,-0.265602,0.0,0.0,0.735438,0.630993,-0.281309,0.0,0.0,0.673258,0.275552,-0.156342,0.0,0.0,0.732377,0.391824,-0.208965,0.0,0.0,0.771067,0.472047,-0.232571,0.0,0.0,0.808868,0.550626,-0.248262,0.0,0.0
v1.mp4,1219610e4175dfcfd945e2d4a5016440b91148cdbcc5449d7badf3789d2f4a86,1920,1080,12.02,596,49.583,122,10166,Left,0.961007,0.571672,0.126154,1e-06,0.0,0.0,0.489139,0.194776,-0.086551,0.0,0.0,0.429321,0.292332,-0.155595,0.0,0.0,0.392426,0.395984,-0.202406,0.0,0.0,0.366114,0.5214,-0.250029,0.0,0.0,0.508514,0.284796,-0.25922,0.0,0.0,0.494839,0.486133,-0.349674,0.0,0.0,0.49234,0.631989,-0.399468,0.0,0.0,0.491298,0.764506,-0.431879,0.0,0.0,0.581639,0.269933,-0.237257,0.0,0.0,0.607042,0.424825,-0.341485,0.0,0.0,0.63327,0.548721,-0.396195,0.0,0.0,0.662833,0.664493,-0.438419,0.0,0.0,0.635774,0.266814,-0.207313,0.0,0.0,0.690706,0.380652,-0.292239,0.0,0.0,0.733226,0.482073,-0.332093,0.0,0.0,0.77234,0.564826,-0.359241,0.0,0.0,0.673258,0.275916,-0.178396,0.0,0.0,0.732803,0.377723,-0.240735,0.0,0.0,0.773537,0.436662,-0.272938,0.0,0.0,0.819315,0.49176,-0.297419,0.0,0.0
v1.mp4,1219610e4175dfcfd945e2d4a5016440b91148cdbcc5449d7badf3789d2f4a86,1920,1080,12.02,596,49.583,123,10250,Left,0.906752,0.573273,0.104333,1e-06,0.0,0.0,0.490176,0.174174,-0.064775,0.0,0.0,0.427236,0.277982,-0.116454,0.0,0.0,0.392975,0.395902,-0.153395,0.0,0.0,0.369124,0.512678,-0.191581,0.0,0.0,0.506944,0.280549,-0.186788,0.0,0.0,0.493161,0.479882,-0.252621,0.0,0.0,0.492036,0.620409,-0.285905,0.0,0.0,0.492915,0.751485,-0.307937,0.0,0.0,0.579812,0.270706,-0.174737,0.0,0.0,0.597498,0.447071,-0.246949,0.0,0.0,0.612067,0.589451,-0.280173,0.0,0.0,0.628921,0.71793,-0.30556,0.0,0.0,0.635249,0.260864,-0.158117,0.0,0.0,0.675328,0.389838,-0.216756,0.0,0.0,0.704999,0.504451,-0.238363,0.0,0.0,0.731994,0.609593,-0.253159,0.0,0.0,0.674841,0.256613,-0.143538,0.0,0.0,0.739382,0.350833,-0.192499,0.0,0.0,0.782482,0.411608,-0.213633,0.0,0.0,0.821673,0.47475,-0.227418,0.0,0.0
v1.mp4,1219610e4175dfcfd945e2d4a5016440b91148cdbcc5449d7badf3789d2f4a86,1920,1080,12.02,596,49.583,124,10333,Left,0.970911,0.572612,0.100551,1e-06,0.0,0.0,0.489793,0.179796,-0.058323,0.0,0.0,0.429681,0.278115,-0.112474,0.0,0.0,0.392953,0.393437,-0.151638,0.0,0.0,0.369029,0.514119,-0.192381,0.0,0.0,0.5,0.279359,-0.196428,0.0,0.0,0.4981,0.488465,-0.267044,0.0,0.0,0.499223,0.634002,-0.301734,0.0,0.0,0.498227,0.76539,-0.323217,0.0,0.0,0.574456,0.270773,-0.188499,0.0,0.0,0.595197,0.484148,-0.261834,0.0,0.0,0.607501,0.646425,-0.294386,0.0,0.0,0.620541,0.785354,-0.319389,0.0,0.0,0.633175,0.260731,-0.174824,0.0,0.0,0.673634,0.421466,-0.234618,0.0,0.0,0.700604,0.554994,-0.260844,0.0,0.0,0.722398,0.671361,-0.279597,0.0,0.0,0.671884,0.255276,-0.161693,0.0,0.0,0.743726,0.346887,-0.212942,0.0,0.0,0.791481,0.401112,-0.23678,0.0,0.0,0.833101,0.457467,-0.252686,0.0,0.0
v1.mp4,1219610e4175dfcfd945e2d4a5016440b91148cdbcc5449d7badf3789d2f4a86,1920,1080,12.02,596,49.583,125,10416,Left,0.976866,0.574056,0.115737,1e-06,0.0,0.0,0.487941,0.192868,-0.064042,0.0,0.0,0.426463,0.28307,-0.12536,0.0,0.0,0.390046,0.392867,-0.168925,0.0,0.0,0.364948,0.515804,-0.214499,0.0,0.0,0.497848,0.276199,-0.226478,0.0,0.0,0.496964,0.48655,-0.305893,0.0,0.0,0.497966,0.639198,-0.346174,0.0,0.0,0.496745,0.773726,-0.371668,0.0,0.0,0.575902,0.270829,-0.217289,0.0,0.0,0.592838,0.50069,-0.301285,0.0,0.0,0.605302,0.676478,-0.341299,0.0,0.0,0.619009,0.826671,-0.372543,0.0,0.0,0.637044,0.270265,-0.200608,0.0,0.0,0.671208,0.463664,-0.267923,0.0,0.0,0.693558,0.619303,-0.301394,0.0,0.0,0.709455,0.749248,-0.326187,0.0,0.0,0.676756,0.27331,-0.183786,0.0,0.0,0.746844,0.377685,-0.240182,0.0,0.0,0.793271,0.442774,-0.269216,0.0,0.0,0.833389,0.505729,-0.289984,0.0,0.0
v1.mp4,1219610e4175dfcfd945e2d4a5016440b91148cdbcc5449d7badf3789d2f4a86,1920,1080,12.02,596,49.583,126,10500,Left,0.958934,0.577272,0.105671,1e-06,0.0,0.0,0.491132,0.183308,-0.064043,0.0,0.0,0.426018,0.280164,-0.121883,0.0,0.0,0.389019,0.397451,-0.163084,0.0,0.0,0.364714,0.518743,-0.205549,0.0,0.0,0.501976,0.272992,-0.212917,0.0,0.0,0.493776,0.479941,-0.288233,0.0,0.0,0.494136,0.629372,-0.32471,0.0,0.0,0.49341,0.763819,-0.347708,0.0,0.0,0.579107,0.27075,-0.202887,0.0,0.0,0.593746,0.495635,-0.286302,0.0,0.0,0.6054,0.670956,-0.324291,0.0,0.0,0.617838,0.82367,-0.353248,0.0,0.0,0.639535,0.273237,-0.186634,0.0,0.0,0.670718,0.461686,-0.254732,0.0,0.0,0.691046,0.617036,-0.286014,0.0,0.0,0.706381,0.748435,-0.30731,0.0,0.0,0.679374,0.279569,-0.170755,0.0,0.0,0.74635,0.409786,-0.227887,0.0,0.0,0.788695,0.497653,-0.258212,0.0,0.0,0.824771,0.580522,-0.27904,0.0,0.0
v1.mp4,1219610e4175dfcfd945e2d4a5016440b91148cdbcc5449d7badf3789d2f4a86,1920,1080,12.02,596,49.583,127,10583,Left,0.943847,0.576951,0.102525,1e-06,0.0,0.0,0.4916,0.179584,-0.054841,0.0,0.0,0.424322,0.287623,-0.103943,0.0,0.0,0.388181,0.404498,-0.139182,0.0,0.0,0.362186,0.518845,-0.175246,0.0,0.0,0.501331,0.276816,-0.182818,0.0,0.0,0.483907,0.41574,-0.254904,0.0,0.0,0.473266,0.522363,-0.292203,0.0,0.0,0.461138,0.625092,-0.315529,0.0,0.0,0.579353,0.277613,-0.178732,0.0,0.0,0.588721,0.48837,-0.258504,0.0,0.0,0.59636,0.651364,-0.298479,0.0,0.0,0.602738,0.797812,-0.328652,0.0,0.0,0.640147,0.283369,-0.169736,0.0,0.0,0.667247,0.462956,-0.238087,0.0,0.0,0.684874,0.609376,-0.271313,0.0,0.0,0.697429,0.737615,-0.292646,0.0,0.0,0.68251,0.288913,-0.160695,0.0,0.0,0.742085,0.422244,-0.216524,0.0,0.0,0.780857,0.512621,-0.245901,0.0,0.0,0.81306,0.600433,-0.26603,0.0,0.0
v1.mp4,1219610e4175dfcfd945e2d4a5016440b91148cdbcc5449d7badf3789d2f4a86,1920,1080,12.02,596,49.583,128,10666,Left,0.876174,0.575885,0.11748,1e-06,0.0,0.0,0.491232,0.183322,-0.06988,0.0,0.0,0.425058,0.288879,-0.12827,0.0,0.0,0.389013,0.399813,-0.169332,0.0,0.0,0.361303,0.516703,-0.211326,0.0,0.0,0.505261,0.279983,-0.212162,0.0,0.0,0.488103,0.401373,-0.294331,0.0,0.0,0.475693,0.49034,-0.337767,0.0,0.0,0.460084,0.576539,-0.364912,0.0,0.0,0.583981,0.285639,-0.20275,0.0,0.0,0.592046,0.48133,-0.29626,0.0,0.0,0.600177,0.642838,-0.346722,0.0,0.0,0.606255,0.792423,-0.384657,0.0,0.0,0.642973,0.294678,-0.187745,0.0,0.0,0.669525,0.467779,-0.266004,0.0,0.0,0.687804,0.6232,-0.30701,0.0,0.0,0.698681,0.758252,-0.334063,0.0,0.0,0.684072,0.298664,-0.17308,0.0,0.0,0.742267,0.426297,-0.234179,0.0,0.0,0.77845,0.517546,-0.267625,0.0,0.0,0.809962,0.608861,-0.291848,0.0,0.0
v1.mp4,1219610e4175dfcfd945e2d4a5016440b91148cdbcc5449d7badf3789d2f4a86,1920,1080,12.02,596,49.583,129,10750,Left,0.9284,0.578153,0.122392,1e-06,0.0,0.0,0.495085,0.181631,-0.06167,0.0,0.0,0.427706,0.284161,-0.113976,0.0,0.0,0.391038,0.400467,-0.150976,0.0,0.0,0.366466,0.516097,-0.189331,0.0,0.0,0.502872,0.265726,-0.193041,0.0,0.0,0.488388,0.435013,-0.25961,0.0,0.0,0.485568,0.558369,-0.290243,0.0,0.0,0.483626,0.673794,-0.309661,0.0,0.0,0.579738,0.269594,-0.184972,0.0,0.0,0.590198,0.493845,-0.257351,0.0,0.0,0.601577,0.659755,-0.289611,0.0,0.0,0.612285,0.804663,-0.315094,0.0,0.0,0.640737,0.275864,-0.172339,0.0,0.0,0.665457,0.457005,-0.234831,0.0,0.0,0.681084,0.605458,-0.265027,0.0,0.0,0.69269,0.733511,-0.285764,0.0,0.0,0.683063,0.281268,-0.160363,0.0,0.0,0.740934,0.417183,-0.214308,0.0,0.0,0.777495,0.510064,-0.24401,0.0,0.0,0.808176,0.598779,-0.265352,0.0,0.0
v1.mp4,1219610e4175dfcfd945e2d4a5016440b91148cdbcc5449d7badf3789d2f4a86,1920,1080,12.02,596,49.583,130,10833,Left,0.960426,0.577103,0.123261,1e-06,0.0,0.0,0.490365,0.191885,-0.069763,0.0,0.0,0.426461,0.282513,-0.132765,0.0,0.0,0.388717,0.393267,-0.178152,0.0,0.0,0.364083,0.517319,-0.224894,0.0,0.0,0.498167,0.280344,-0.225868,0.0,0.0,0.493202,0.486571,-0.306409,0.0,0.0,0.493192,0.636565,-0.346273,0.0,0.0,0.491264,0.770786,-0.371154,0.0,0.0,0.577042,0.278475,-0.214164,0.0,0.0,0.591297,0.498801,-0.303489,0.0,0.0,0.602604,0.671998,-0.345082,0.0,0.0,0.613739,0.823481,-0.376688,0.0,0.0,0.63905,0.282937,-0.196164,0.0,0.0,0.668961,0.464874,-0.267863,0.0,0.0,0.687956,0.617739,-0.29987,0.0,0.0,0.700879,0.747652,-0.321901,0.0,0.0,0.68138,0.290797,-0.179015,0.0,0.0,0.742619,0.421996,-0.238575,0.0,0.0,0.779272,0.512868,-0.269853,0.0,0.0,0.810408,0.600011,-0.29166,0.0,0.0
v1.mp4,1219610e4175dfcfd945e2d4a5016440b91148cdbcc5449d7badf3789d2f4a86,1920,1080,12.02,596,49.583,131,10916,Left,0.963727,0.577431,0.110883,1e-06,0.0,0.0,0.491454,0.18465,-0.064406,0.0,0.0,0.427579,0.281042,-0.123043,0.0,0.0,0.389488,0.394979,-0.165402,0.0,0.0,0.363048,0.516688,-0.208867,0.0,0.0,0.501638,0.281583,-0.213187,0.0,0.0,0.494324,0.488689,-0.29009,0.0,0.0,0.49215,0.636198,-0.328107,0.0,0.0,0.488058,0.769182,-0.351914,0.0,0.0,0.578215,0.278742,-0.20339,0.0,0.0,0.593622,0.498812,-0.289567,0.0,0.0,0.604044,0.670512,-0.330382,0.0,0.0,0.614599,0.821864,-0.361086,0.0,0.0,0.63785,0.28315,-0.187259,0.0,0.0,0.669577,0.468217,-0.256794,0.0,0.0,0.690184,0.620662,-0.288045,0.0,0.0,0.705166,0.751976,-0.309094,0.0,0.0,0.678118,0.291644,-0.171707,0.0,0.0,0.738063,0.424381,-0.228937,0.0,0.0,0.774675,0.514606,-0.258469,0.0,0.0,0.806591,0.601227,-0.278611,0.0,0.0
v1.mp4,1219610e4175dfcfd945e2d4a5016440b91148cdbcc5449d7badf3789d2f4a86,1920,1080,12.02,596,49.583,132,11000,Left,0.965424,0.578502,0.104576,1e-06,0.0,0.0,0.491534,0.176563,-0.067173,0.0,0.0,0.427971,0.277241,-0.126056,0.0,0.0,0.389671,0.393571,-0.168632,0.0,0.0,0.36372,0.514981,-0.21295,0.0,0.0,0.502815,0.282478,-0.211438,0.0,0.0,0.494985,0.489735,-0.287766,0.0,0.0,0.49269,0.637375,-0.326565,0.0,0.0,0.489893,0.768979,-0.35104,0.0,0.0,0.578557,0.282824,-0.200978,0.0,0.0,0.594498,0.501399,-0.284541,0.0,0.0,0.604689,0.670071,-0.324694,0.0,0.0,0.615644,0.819243,-0.354751,0.0,0.0,0.637079,0.288341,-0.184815,0.0,0.0,0.667285,0.475267,-0.252356,0.0,0.0,0.686884,0.626877,-0.283202,0.0,0.0,0.702483,0.758349,-0.304252,0.0,0.0,0.677166,0.295264,-0.169755,0.0,0.0,0.731924,0.426243,-0.225082,0.0,0.0,0.767482,0.512848,-0.252897,0.0,0.0,0.799528,0.594,-0.271913,0.0,0.0
v1.mp4,1219610e4175dfcfd945e2d4a5016440b91148cdbcc5449d7badf3789d2f4a86,1920,1080,12.02,596,49.583,133,11083,Left,0.953111,0.578984,0.113315,1e-06,0.0,0.0,0.491559,0.18154,-0.066722,0.0,0.0,0.427583,0.281396,-0.125181,0.0,0.0,0.389789,0.395458,-0.167447,0.0,0.0,0.364151,0.515834,-0.211999,0.0,0.0,0.504009,0.282393,-0.211391,0.0,0.0,0.495254,0.489619,-0.28659,0.0,0.0,0.492063,0.635146,-0.324654,0.0,0.0,0.488395,0.762967,-0.348892,0.0,0.0,0.577821,0.284976,-0.201562,0.0,0.0,0.594432,0.506519,-0.284593,0.0,0.0,0.604927,0.670651,-0.325582,0.0,0.0,0.616822,0.813886,-0.356237,0.0,0.0,0.63432,0.290729,-0.185588,0.0,0.0,0.663467,0.475214,-0.252344,0.0,0.0,0.683436,0.618926,-0.283997,0.0,0.0,0.701851,0.7433,-0.306098,0.0,0.0,0.672953,0.297088,-0.170625,0.0,0.0,0.720076,0.419122,-0.225306,0.0,0.0,0.753418,0.494852,-0.252565,0.0,0.0,0.786553,0.564806,-0.271555,0.0,0.0
v1.mp4,1219610e4175dfcfd945e2d4a5016440b91148cdbcc5449d7badf3789d2f4a86,1920,1080,12.02,596,49.583,134,11166,Left,0.966164,0.572799,0.120639,1e-06,0.0,0.0,0.48726,0.193676,-0.072822,0.0,0.0,0.429541,0.28628,-0.139378,0.0,0.0,0.391919,0.396472,-0.185937,0.0,0.0,0.362848,0.520573,-0.234474,0.0,0.0,0.503566,0.279718,-0.243743,0.0,0.0,0.495676,0.488345,-0.329386,0.0,0.0,0.494425,0.639252,-0.373171,0.0,0.0,0.491625,0.768726,-0.401405,0.0,0.0,0.580616,0.27848,-0.232653,0.0,0.0,0.59716,0.506709,-0.324329,0.0,0.0,0.607749,0.675347,-0.371225,0.0,0.0,0.619558,0.816123,-0.407269,0.0,0.0,0.638281,0.280845,-0.214045,0.0,0.0,0.672674,0.461345,-0.291723,0.0,0.0,0.691318,0.601502,-0.334201,0.0,0.0,0.708032,0.717367,-0.364749,0.0,0.0,0.673497,0.28555,-0.195177,0.0,0.0,0.730153,0.381956,-0.260132,0.0,0.0,0.772736,0.430356,-0.295472,0.0,0.0,0.813098,0.479399,-0.321184,0.0,0.0
v1.mp4,1219610e4175dfcfd945e2d4a5016440b91148cdbcc5449d7badf3789d2f4a86,1920,1080,12.02,596,49.583,135,11250,Left,0.936458,0.574604,0.112501,1e-06,0.0,0.0,0.49066,0.187166,-0.068656,0.0,0.0,0.430471,0.281139,-0.130551,0.0,0.0,0.391931,0.396398,-0.175263,0.0,0.0,0.364785,0.518619,-0.221221,0.0,0.0,0.503419,0.290198,-0.219949,0.0,0.0,0.493312,0.491146,-0.298806,0.0,0.0,0.49503,0.637052,-0.338561,0.0,0.0,0.495189,0.768969,-0.364352,0.0,0.0,0.578539,0.289434,-0.209532,0.0,0.0,0.590571,0.49651,-0.29874,0.0,0.0,0.603203,0.663152,-0.342407,0.0,0.0,0.617128,0.808105,-0.374985,0.0,0.0,0.636702,0.287721,-0.192533,0.0,0.0,0.665077,0.452218,-0.265035,0.0,0.0,0.684198,0.588064,-0.299102,0.0,0.0,0.701011,0.70492,-0.322477,0.0,0.0,0.673412,0.287451,-0.17624,0.0,0.0,0.729885,0.385506,-0.237048,0.0,0.0,0.770456,0.437764,-0.267979,0.0,0.0,0.809853,0.490317,-0.288987,0.0,0.0
v1.mp4,1219610e4175dfcfd945e2d4a5016440b91148cdbcc5449d7badf3789d2f4a86,1920,1080,12.02,596,49.583,136,11333,Left,0.949997,0.578738,0.116934,1e-06,0.0,0.0,0.490852,0.181516,-0.072396,0.0,0.0,0.426647,0.280152,-0.135766,0.0,0.0,0.388831,0.395238,-0.181832,0.0,0.0,0.365486,0.519171,-0.23048,0.0,0.0,0.503819,0.275645,-0.224779,0.0,0.0,0.494687,0.488231,-0.304758,0.0,0.0,0.4922,0.637731,-0.34518,0.0,0.0,0.489593,0.769977,-0.370561,0.0,0.0,0.580004,0.278974,-0.21261,0.0,0.0,0.594616,0.508439,-0.298823,0.0,0.0,0.604836,0.676129,-0.340942,0.0,0.0,0.615387,0.821029,-0.372748,0.0,0.0,0.638127,0.28689,-0.194359,0.0,0.0,0.664966,0.47938,-0.263411,0.0,0.0,0.68279,0.631999,-0.296526,0.0,0.0,0.69743,0.759563,-0.31967,0.0,0.0,0.676678,0.29453,-0.177314,0.0,0.0,0.717891,0.432462,-0.233174,0.0,0.0,0.747496,0.52538,-0.262375,0.0,0.0,0.777047,0.609584,-0.283446,0.0,0.0
v1.mp4,1219610e4175dfcfd945e2d4a5016440b91148cdbcc5449d7badf3789d2f4a86,1920,1080,12.02,596,49.583,137,11416,Left,0.963144,0.57792,0.119232,1e-06,0.0,0.0,0.492395,0.184282,-0.06741,0.0,0.0,0.429006,0.283814,-0.1268,0.0,0.0,0.389647,0.398602,-0.169668,0.0,0.0,0.362155,0.517278,-0.214736,0.0,0.0,0.503197,0.279809,-0.212519,0.0,0.0,0.493708,0.488548,-0.287848,0.0,0.0,0.490361,0.636604,-0.324319,0.0,0.0,0.487502,0.765418,-0.346686,0.0,0.0,0.579979,0.283139,-0.202251,0.0,0.0,0.594079,0.51159,-0.281719,0.0,0.0,0.604802,0.678929,-0.317826,0.0,0.0,0.616197,0.820688,-0.344982,0.0,0.0,0.638795,0.289634,-0.186697,0.0,0.0,0.664651,0.478351,-0.251224,0.0,0.0,0.681634,0.631648,-0.281113,0.0,0.0,0.695932,0.761466,-0.301817,0.0,0.0,0.678145,0.295934,-0.172288,0.0,0.0,0.721874,0.432779,-0.225241,0.0,0.0,0.749987,0.527419,-0.25259,0.0,0.0,0.776606,0.614589,-0.271857,0.0,0.0
v1.mp4,1219610e4175dfcfd945e2d4a5016440b91148cdbcc5449d7badf3789d2f4a86,1920,1080,12.02,596,49.583,138,11500,Left,0.967302,0.577586,0.117012,1e-06,0.0,0.0,0.492582,0.182503,-0.066921,0.0,0.0,0.430025,0.280948,-0.126913,0.0,0.0,0.390757,0.395817,-0.170772,0.0,0.0,0.364343,0.514532,-0.216963,0.0,0.0,0.503026,0.276893,-0.211894,0.0,0.0,0.493707,0.4883,-0.286824,0.0,0.0,0.489737,0.635601,-0.323195,0.0,0.0,0.486024,0.763464,-0.345636,0.0,0.0,0.579104,0.278665,-0.20197,0.0,0.0,0.592629,0.507574,-0.283113,0.0,0.0,0.602798,0.674309,-0.320409,0.0,0.0,0.613582,0.815136,-0.34818,0.0,0.0,0.637824,0.283919,-0.186485,0.0,0.0,0.663477,0.476825,-0.252038,0.0,0.0,0.681771,0.631509,-0.281845,0.0,0.0,0.696736,0.762071,-0.30237,0.0,0.0,0.677871,0.290232,-0.172021,0.0,0.0,0.722117,0.429599,-0.225529,0.0,0.0,0.750097,0.526111,-0.252845,0.0,0.0,0.776376,0.614281,-0.27204,0.0,0.0
v1.mp4,1219610e4175dfcfd945e2d4a5016440b91148cdbcc5449d7badf3789d2f4a86,1920,1080,12.02,596,49.583,139,11583,Left,0.961964,0.581356,0.110389,1e-06,0.0,0.0,0.496839,0.173348,-0.063471,0.0,0.0,0.432738,0.275241,-0.119197,0.0,0.0,0.392258,0.395935,-0.160134,0.0,0.0,0.362839,0.513563,-0.203491,0.0,0.0,0.506794,0.274609,-0.19471,0.0,0.0,0.489261,0.472994,-0.263236,0.0,0.0,0.481627,0.611489,-0.295411,0.0,0.0,0.47459,0.73594,-0.315679,0.0,0.0,0.581025,0.281711,-0.185688,0.0,0.0,0.591689,0.499696,-0.260652,0.0,0.0,0.598748,0.663167,-0.294598,0.0,0.0,0.606144,0.805068,-0.320201,0.0,0.0,0.638942,0.288093,-0.171902,0.0,0.0,0.664724,0.479098,-0.234419,0.0,0.0,0.682207,0.632298,-0.263063,0.0,0.0,0.696485,0.763775,-0.282674,0.0,0.0,0.678552,0.291926,-0.158999,0.0,0.0,0.723541,0.429824,-0.211108,0.0,0.0,0.751184,0.525441,-0.238062,0.0,0.0,0.777253,0.614459,-0.256917,0.0,0.0
v1.mp4,1219610e4175dfcfd945e2d4a5016440b91148cdbcc5449d7badf3789d2f4a86,1920,1080,12.02,596,49.583,140,11666,Left,0.947909,0.5823,0.111193,1e-06,0.0,0.0,0.498611,0.166051,-0.060244,0.0,0.0,0.429798,0.276323,-0.108017,0.0,0.0,0.389491,0.395819,-0.142249,0.0,0.0,0.35329,0.49883,-0.179081,0.0,0.0,0.507582,0.271214,-0.165227,0.0,0.0,0.484446,0.401398,-0.225655,0.0,0.0,0.474177,0.505209,-0.257482,0.0,0.0,0.463558,0.605611,-0.27924,0.0,0.0,0.581019,0.286551,-0.156431,0.0,0.0,0.591027,0.461336,-0.218395,0.0,0.0,0.600271,0.594,-0.246796,0.0,0.0,0.607106,0.716856,-0.270065,0.0,0.0,0.6384,0.29796,-0.145123,0.0,0.0,0.666324,0.462959,-0.199671,0.0,0.0,0.68807,0.592006,-0.223823,0.0,0.0,0.703774,0.711133,-0.241519,0.0,0.0,0.677768,0.300552,-0.13543,0.0,0.0,0.722132,0.42281,-0.182537,0.0,0.0,0.752384,0.512275,-0.206764,0.0,0.0,0.77776,0.601096,-0.22447,0.0,0.0
v1.mp4,1219610e4175dfcfd945e2d4a5016440b91148cdbcc5449d7badf3789d2f4a86,1920,1080,12.02,596,49.583,141,11750,Left,0.896084,0.570472,0.109666,0.0,0.0,0.0,0.491175,0.160466,-0.055391,0.0,0.0,0.427785,0.276823,-0.096791,0.0,0.0,0.3873,0.390624,-0.128414,0.0,0.0,0.346656,0.486151,-0.162455,0.0,0.0,0.504704,0.257114,-0.144705,0.0,0.0,0.491647,0.379599,-0.200157,0.0,0.0,0.470679,0.464278,-0.230987,0.0,0.0,0.451115,0.546462,-0.252137,0.0,0.0,0.576967,0.258044,-0.139875,0.0,0.0,0.585439,0.385447,-0.197098,0.0,0.0,0.594533,0.478959,-0.226031,0.0,0.0,0.611077,0.567262,-0.251031,0.0,0.0,0.635464,0.258611,-0.133943,0.0,0.0,0.671315,0.368249,-0.190502,0.0,0.0,0.706372,0.44579,-0.21561,0.0,0.0,0.742981,0.515356,-0.233244,0.0,0.0,0.680057,0.256974,-0.129488,0.0,0.0,0.730533,0.368785,-0.174252,0.0,0.0,0.773003,0.42648,-0.194934,0.0,0.0,0.814988,0.474,-0.211425,0.0,0.0
v1.mp4,1219610e4175dfcfd945e2d4a5016440b91148cdbcc5449d7badf3789d2f4a86,1920,1080,12.02,596,49.583,142,11833,Left,0.859235,0.574957,0.090519,1e-06,0.0,0.0,0.495049,0.151252,-0.056854,0.0,0.0,0.43249,0.259209,-0.101072,0.0,0.0,0.388028,0.38259,-0.1347,0.0,0.0,0.348482,0.490369,-0.170089,0.0,0.0,0.503145,0.27797,-0.152456,0.0,0.0,0.47725,0.450792,-0.210119,0.0,0.0,0.467917,0.575641,-0.240672,0.0,0.0,0.461764,0.696584,-0.261789,0.0,0.0,0.577475,0.283804,-0.143027,0.0,0.0,0.578592,0.411746,-0.200171,0.0,0.0,0.584572,0.518916,-0.222187,0.0,0.0,0.593241,0.625568,-0.241709,0.0,0.0,0.63653,0.281139,-0.132575,0.0,0.0,0.663776,0.388061,-0.181906,0.0,0.0,0.682552,0.480275,-0.196905,0.0,0.0,0.69962,0.568492,-0.209161,0.0,0.0,0.678507,0.277015,-0.125152,0.0,0.0,0.729382,0.377182,-0.168578,0.0,0.0,0.768923,0.441716,-0.188445,0.0,0.0,0.803457,0.507166,-0.202879,0.0,0.0
v1.mp4,1219610e4175dfcfd945e2d4a5016440b91148cdbcc5449d7badf3789d2f4a86,1920,1080,12.02,596,49.583,143,11916,Left,0.947956,0.578634,0.110722,1e-06,0.0,0.0,0.491231,0.179601,-0.063957,0.0,0.0,0.427793,0.273021,-0.120306,0.0,0.0,0.382559,0.389933,-0.162148,0.0,0.0,0.346434,0.50746,-0.206402,0.0,0.0,0.49762,0.298854,-0.19021,0.0,0.0,0.481485,0.499219,-0.261228,0.0,0.0,0.473831,0.64419,-0.298644,0.0,0.0,0.468366,0.775268,-0.32301,0.0,0.0,0.573093,0.3098,-0.181631,0.0,0.0,0.576136,0.528433,-0.254886,0.0,0.0,0.581381,0.695956,-0.291127,0.0,0.0,0.589707,0.840987,-0.31951,0.0,0.0,0.634488,0.312762,-0.169089,0.0,0.0,0.652185,0.49726,-0.229522,0.0,0.0,0.664614,0.646832,-0.25955,0.0,0.0,0.675659,0.772072,-0.281297,0.0,0.0,0.676767,0.311125,-0.158031,0.0,0.0,0.725111,0.440482,-0.211545,0.0,0.0,0.75982,0.528311,-0.240152,0.0,0.0,0.792483,0.608416,-0.259992,0.0,0.0
v1.mp4,1219610e4175dfcfd945e2d4a5016440b91148cdbcc5449d7badf3789d2f4a86,1920,1080,12.02,596,49.583,144,12000,Left,0.961529,0.579613,0.107691,1e-06,0.0,0.0,0.489847,0.177747,-0.064147,0.0,0.0,0.424336,0.276047,-0.121054,0.0,0.0,0.379148,0.39069,-0.162879,0.0,0.0,0.347556,0.506756,-0.206764,0.0,0.0,0.497026,0.296801,-0.198529,0.0,0.0,0.480991,0.503599,-0.270985,0.0,0.0,0.47371,0.650148,-0.307945,0.0,0.0,0.467524,0.780867,-0.331502,0.0,0.0,0.572109,0.303171,-0.18978,0.0,0.0,0.576024,0.523156,-0.269016,0.0,0.0,0.580464,0.694205,-0.307881,0.0,0.0,0.587248,0.844418,-0.337086,0.0,0.0,0.632475,0.306814,-0.175939,0.0,0.0,0.655187,0.495175,-0.240636,0.0,0.0,0.670646,0.647701,-0.271167,0.0,0.0,0.683514,0.77809,-0.292147,0.0,0.0,0.674966,0.308419,-0.163186,0.0,0.0,0.726825,0.442213,-0.219031,0.0,0.0,0.761633,0.533361,-0.248165,0.0,0.0,0.793697,0.619737,-0.267667,0.0,0.0
v1.mp4,1219610e4175dfcfd945e2d4a5016440b91148cdbcc5449d7badf3789d2f4a86,1920,1080,12.02,596,49.583,145,12083,Left,0.967942,0.581051,0.114564,1e-06,0.0,0.0,0.490662,0.185231,-0.060628,0.0,0.0,0.42331,0.282543,-0.115798,0.0,0.0,0.377674,0.395207,-0.156138,0.0,0.0,0.345492,0.510052,-0.198412,0.0,0.0,0.497175,0.299289,-0.19909,0.0,0.0,0.479995,0.503325,-0.271485,0.0,0.0,0.472038,0.648784,-0.308746,0.0,0.0,0.464975,0.779195,-0.332781,0.0,0.0,0.572524,0.303246,-0.192044,0.0,0.0,0.57754,0.523387,-0.272077,0.0,0.0,0.5818,0.693691,-0.3123,0.0,0.0,0.588048,0.842009,-0.342922,0.0,0.0,0.632376,0.305321,-0.179081,0.0,0.0,0.656104,0.494596,-0.244548,0.0,0.0,0.672443,0.64675,-0.276025,0.0,0.0,0.685851,0.77461,-0.297803,0.0,0.0,0.674894,0.306703,-0.166698,0.0,0.0,0.726716,0.443116,-0.222755,0.0,0.0,0.762469,0.533843,-0.251789,0.0,0.0,0.795097,0.618892,-0.271358,0.0,0.0
v1.mp4,1219610e4175dfcfd945e2d4a5016440b91148cdbcc5449d7badf3789d2f4a86,1920,1080,12.02,596,49.583,146,12166,Left,0.969569,0.582358,0.112826,1e-06,0.0,0.0,0.492151,0.184699,-0.060178,0.0,0.0,0.424648,0.281939,-0.115613,0.0,0.0,0.379331,0.393353,-0.156039,0.0,0.0,0.346767,0.508096,-0.198262,0.0,0.0,0.497845,0.297993,-0.201819,0.0,0.0,0.480014,0.502257,-0.275057,0.0,0.0,0.471342,0.647249,-0.312278,0.0,0.0,0.463081,0.776403,-0.336158,0.0,0.0,0.573379,0.301635,-0.195118,0.0,0.0,0.577818,0.522607,-0.277221,0.0,0.0,0.581444,0.693854,-0.318117,0.0,0.0,0.586519,0.842893,-0.348885,0.0,0.0,0.632898,0.304418,-0.18223,0.0,0.0,0.656107,0.492552,-0.24917,0.0,0.0,0.670932,0.645386,-0.281344,0.0,0.0,0.682173,0.774532,-0.303407,0.0,0.0,0.674857,0.30655,-0.169768,0.0,0.0,0.726386,0.442606,-0.2269,0.0,0.0,0.761697,0.532454,-0.25665,0.0,0.0,0.793608,0.617548,-0.276655,0.0,0.0
v1.mp4,1219610e4175dfcfd945e2d4a5016440b91148cdbcc5449d7badf3789d2f4a86,1920,1080,12.02,596,49.583,147,12250,Left,0.969352,0.580845,0.109508,1e-06,0.0,0.0,0.49093,0.183733,-0.060038,0.0,0.0,0.424517,0.281674,-0.115568,0.0,0.0,0.380493,0.39332,-0.156099,0.0,0.0,0.346717,0.507853,-0.198307,0.0,0.0,0.497573,0.298803,-0.201775,0.0,0.0,0.480432,0.501321,-0.275647,0.0,0.0,0.471644,0.64547,-0.313328,0.0,0.0,0.463069,0.775186,-0.337465,0.0,0.0,0.572566,0.301224,-0.195036,0.0,0.0,0.577788,0.520097,-0.277229,0.0,0.0,0.581393,0.691063,-0.318025,0.0,0.0,0.586111,0.84,-0.348764,0.0,0.0,0.631734,0.303494,-0.182235,0.0,0.0,0.655191,0.486979,-0.249377,0.0,0.0,0.668773,0.637988,-0.28153,0.0,0.0,0.678732,0.765696,-0.303468,0.0,0.0,0.673448,0.305913,-0.169852,0.0,0.0,0.725587,0.44002,-0.22688,0.0,0.0,0.761103,0.529887,-0.256685,0.0,0.0,0.792792,0.615295,-0.27673,0.0,0.0
v1.mp4,1219610e4175dfcfd945e2d4a5016440b91148cdbcc5449d7badf3789d2f4a86,1920,1080,12.02,596,49.583,148,12333,Left,0.970959,0.58016,0.11059,1e-06,0.0,0.0,0.490037,0.182552,-0.061205,0.0,0.0,0.424342,0.281297,-0.117281,0.0,0.0,0.37934,0.393973,-0.158308,0.0,0.0,0.345793,0.508468,-0.201302,0.0,0.0,0.496391,0.297284,-0.202747,0.0,0.0,0.478171,0.500057,-0.276109,0.0,0.0,0.470098,0.64486,-0.31344,0.0,0.0,0.463094,0.774397,-0.337517,0.0,0.0,0.571481,0.300714,-0.195798,0.0,0.0,0.577061,0.522057,-0.27758,0.0,0.0,0.580749,0.693582,-0.318426,0.0,0.0,0.586221,0.841843,-0.349288,0.0,0.0,0.630778,0.302411,-0.182742,0.0,0.0,0.655441,0.48991,-0.249551,0.0,0.0,0.670469,0.641758,-0.28163,0.0,0.0,0.682161,0.769184,-0.303716,0.0,0.0,0.672597,0.303787,-0.170186,0.0,0.0,0.725266,0.438531,-0.227127,0.0,0.0,0.760821,0.529718,-0.256933,0.0,0.0,0.792772,0.615887,-0.277115,0.0,0.0
v1.mp4,1219610e4175dfcfd945e2d4a5016440b91148cdbcc5449d7badf3789d2f4a86,1920,1080,12.02,596,49.583,149,12416,Left,0.956844,0.581284,0.11071,1e-06,0.0,0.0,0.495139,0.179504,-0.056644,0.0,0.0,0.426235,0.285099,-0.106874,0.0,0.0,0.382306,0.398124,-0.144417,0.0,0.0,0.345958,0.506057,-0.183502,0.0,0.0,0.503652,0.297124,-0.176683,0.0,0.0,0.470066,0.414469,-0.245704,0.0,0.0,0.44372,0.488839,-0.281136,0.0,0.0,0.414867,0.55524,-0.303365,0.0,0.0,0.573297,0.308811,-0.173869,0.0,0.0,0.573904,0.515102,-0.254877,0.0,0.0,0.576039,0.683781,-0.300184,0.0,0.0,0.576802,0.830999,-0.333711,0.0,0.0,0.630408,0.312122,-0.165976,0.0,0.0,0.654601,0.4858,-0.237275,0.0,0.0,0.668494,0.63579,-0.275954,0.0,0.0,0.676627,0.764763,-0.30048,0.0,0.0,0.673309,0.309687,-0.157739,0.0,0.0,0.726992,0.440839,-0.216202,0.0,0.0,0.761478,0.531318,-0.246924,0.0,0.0,0.792513,0.618891,-0.267736,0.0,0.0
v1.mp4,1219610e4175dfcfd945e2d4a5016440b91148cdbcc5449d7badf3789d2f4a86,1920,1080,12.02,596,49.583,150,12500,Left,0.979269,0.578128,0.102398,1e-06,0.0,0.0,0.486552,0.179844,-0.051538,0.0,0.0,0.420623,0.294825,-0.098471,0.0,0.0,0.376087,0.407075,-0.133333,0.0,0.0,0.340962,0.515386,-0.169195,0.0,0.0,0.503613,0.280909,-0.164942,0.0,0.0,0.469706,0.371697,-0.234336,0.0,0.0,0.432866,0.417168,-0.272433,0.0,0.0,0.393965,0.45434,-0.295695,0.0,0.0,0.569881,0.285329,-0.164595,0.0,0.0,0.57393,0.507445,-0.244066,0.0,0.0,0.575399,0.687931,-0.291634,0.0,0.0,0.575566,0.845504,-0.327128,0.0,0.0,0.626397,0.289816,-0.159158,0.0,0.0,0.653708,0.487144,-0.230614,0.0,0.0,0.667252,0.648777,-0.271038,0.0,0.0,0.676072,0.788442,-0.295809,0.0,0.0,0.670172,0.292606,-0.152543,0.0,0.0,0.726463,0.438655,-0.206753,0.0,0.0,0.762597,0.53448,-0.233053,0.0,0.0,0.794697,0.627304,-0.25134,0.0,0.0
v1.mp4,1219610e4175dfcfd945e2d4a5016440b91148cdbcc5449d7badf3789d2f4a86,1920,1080,12.02,596,49.583,151,12583,Left,0.973999,0.584557,0.110312,1e-06,0.0,0.0,0.495888,0.17805,-0.051603,0.0,0.0,0.424565,0.282681,-0.098796,0.0,0.0,0.380157,0.39418,-0.134502,0.0,0.0,0.346006,0.500928,-0.17208,0.0,0.0,0.50275,0.286571,-0.164664,0.0,0.0,0.469167,0.402089,-0.228948,0.0,0.0,0.445608,0.481344,-0.261574,0.0,0.0,0.421878,0.553504,-0.282251,0.0,0.0,0.57307,0.298134,-0.163507,0.0,0.0,0.571289,0.505153,-0.23957,0.0,0.0,0.573316,0.670068,-0.281775,0.0,0.0,0.575679,0.815556,-0.313058,0.0,0.0,0.631349,0.302929,-0.157477,0.0,0.0,0.654335,0.486963,-0.226023,0.0,0.0,0.668141,0.639107,-0.263078,0.0,0.0,0.67828,0.770848,-0.286466,0.0,0.0,0.67522,0.30498,-0.150652,0.0,0.0,0.728555,0.442594,-0.208488,0.0,0.0,0.763034,0.535062,-0.238433,0.0,0.0,0.795072,0.62377,-0.258387,0.0,0.0
v1.mp4,1219610e4175dfcfd945e2d4a5016440b91148cdbcc5449d7badf3789d2f4a86,1920,1080,12.02,596,49.583,152,12666,Left,0.966435,0.581271,0.109675,1e-06,0.0,0.0,0.490499,0.18318,-0.06054,0.0,0.0,0.42555,0.280114,-0.116033,0.0,0.0,0.379704,0.390002,-0.157012,0.0,0.0,0.344532,0.5029,-0.199936,0.0,0.0,0.495464,0.296239,-0.198252,0.0,0.0,0.47443,0.49776,-0.272368,0.0,0.0,0.462694,0.642387,-0.311773,0.0,0.0,0.452249,0.773939,-0.337274,0.0,0.0,0.570933,0.298022,-0.191705,0.0,0.0,0.575191,0.515297,-0.273354,0.0,0.0,0.577791,0.687939,-0.315086,0.0,0.0,0.582273,0.838876,-0.34678,0.0,0.0,0.631498,0.300363,-0.179475,0.0,0.0,0.656008,0.487898,-0.246284,0.0,0.0,0.669779,0.640866,-0.278092,0.0,0.0,0.680246,0.770261,-0.299928,0.0,0.0,0.674774,0.304227,-0.16789,0.0,0.0,0.727284,0.441392,-0.224725,0.0,0.0,0.762471,0.533504,-0.253724,0.0,0.0,0.793796,0.619831,-0.273152,0.0,0.0
v1.mp4,1219610e4175dfcfd945e2d4a5016440b91148cdbcc5449d7badf3789d2f4a86,1920,1080,12.02,596,49.583,153,12750,Left,0.944745,0.583073,0.104258,1e-06,0.0,0.0,0.494245,0.175668,-0.058331,0.0,0.0,0.426586,0.277972,-0.109688,0.0,0.0,0.380425,0.391921,-0.147792,0.0,0.0,0.346437,0.505539,-0.187946,0.0,0.0,0.501429,0.298808,-0.182487,0.0,0.0,0.473944,0.48691,-0.24872,0.0,0.0,0.460599,0.617464,-0.281255,0.0,0.0,0.447919,0.740076,-0.302465,0.0,0.0,0.5739,0.307156,-0.176644,0.0,0.0,0.575554,0.518419,-0.253384,0.0,0.0,0.576743,0.686684,-0.291509,0.0,0.0,0.579065,0.836841,-0.319939,0.0,0.0,0.632592,0.309174,-0.165855,0.0,0.0,0.655424,0.489533,-0.230684,0.0,0.0,0.668532,0.639809,-0.261362,0.0,0.0,0.678393,0.770584,-0.281791,0.0,0.0,0.674787,0.307769,-0.15568,0.0,0.0,0.727415,0.441369,-0.211837,0.0,0.0,0.760787,0.532233,-0.24106,0.0,0.0,0.790956,0.618851,-0.260502,0.0,0.0
v1.mp4,1219610e4175dfcfd945e2d4a5016440b91148cdbcc5449d7badf3789d2f4a86,1920,1080,12.02,596,49.583,154,12833,Left,0.950467,0.582362,0.108009,1e-06,0.0,0.0,0.495364,0.175462,-0.05383,0.0,0.0,0.421925,0.283167,-0.099918,0.0,0.0,0.379203,0.397448,-0.133828,0.0,0.0,0.345384,0.505484,-0.169709,0.0,0.0,0.499851,0.300346,-0.164352,0.0,0.0,0.470595,0.43545,-0.227543,0.0,0.0,0.449695,0.532775,-0.259883,0.0,0.0,0.429019,0.626631,-0.280743,0.0,0.0,0.571949,0.312205,-0.160926,0.0,0.0,0.572925,0.512506,-0.233222,0.0,0.0,0.574258,0.670607,-0.270927,0.0,0.0,0.57596,0.813363,-0.298998,0.0,0.0,0.630684,0.314508,-0.15346,0.0,0.0,0.655328,0.492912,-0.218233,0.0,0.0,0.670425,0.63984,-0.250893,0.0,0.0,0.681562,0.769749,-0.271661,0.0,0.0,0.674882,0.310719,-0.146049,0.0,0.0,0.728292,0.443712,-0.202043,0.0,0.0,0.762986,0.532976,-0.23114,0.0,0.0,0.793836,0.61952,-0.250236,0.0,0.0
v1.mp4,1219610e4175dfcfd945e2d4a5016440b91148cdbcc5449d7badf3789d2f4a86,1920,1080,12.02,596,49.583,155,12916,Left,0.928854,0.579868,0.111946,1e-06,0.0,0.0,0.49193,0.182412,-0.063941,0.0,0.0,0.423304,0.286609,-0.119093,0.0,0.0,0.379923,0.396149,-0.159839,0.0,0.0,0.343272,0.505385,-0.202452,0.0,0.0,0.497842,0.302495,-0.19234,0.0,0.0,0.468158,0.422789,-0.270968,0.0,0.0,0.445292,0.508943,-0.314667,0.0,0.0,0.420405,0.587038,-0.342356,0.0,0.0,0.571991,0.312774,-0.187495,0.0,0.0,0.574355,0.514581,-0.277854,0.0,0.0,0.576689,0.677933,-0.329301,0.0,0.0,0.578455,0.827082,-0.367025,0.0,0.0,0.631253,0.317334,-0.177788,0.0,0.0,0.655224,0.492734,-0.255889,0.0,0.0,0.66992,0.640388,-0.297166,0.0,0.0,0.679984,0.769037,-0.323357,0.0,0.0,0.676404,0.317178,-0.168233,0.0,0.0,0.728483,0.447172,-0.230881,0.0,0.0,0.763602,0.535562,-0.263698,0.0,0.0,0.79533,0.621632,-0.286137,0.0,0.0
v1.mp4,1219610e4175dfcfd945e2d4a5016440b91148cdbcc5449d7badf3789d2f4a86,1920,1080,12.02,596,49.583,156,13000,Left,0.949496,0.580584,0.116672,1e-06,0.0,0.0,0.492866,0.183388,-0.060078,0.0,0.0,0.425717,0.279756,-0.113777,0.0,0.0,0.382006,0.392672,-0.153867,0.0,0.0,0.348395,0.506525,-0.196128,0.0,0.0,0.495654,0.29529,-0.188531,0.0,0.0,0.472606,0.497248,-0.257732,0.0,0.0,0.462211,0.6409,-0.292395,0.0,0.0,0.453808,0.771065,-0.314884,0.0,0.0,0.57051,0.303633,-0.182349,0.0,0.0,0.57329,0.520702,-0.258522,0.0,0.0,0.576754,0.689996,-0.294922,0.0,0.0,0.582817,0.840068,-0.32266,0.0,0.0,0.631523,0.306269,-0.171555,0.0,0.0,0.654643,0.491485,-0.235799,0.0,0.0,0.668239,0.641977,-0.264768,0.0,0.0,0.679495,0.771937,-0.284473,0.0,0.0,0.675327,0.305238,-0.161692,0.0,0.0,0.728181,0.443673,-0.217527,0.0,0.0,0.761722,0.535633,-0.245765,0.0,0.0,0.791872,0.622473,-0.264717,0.0,0.0
v1.mp4,1219610e4175dfcfd945e2d4a5016440b91148cdbcc5449d7badf3789d2f4a86,1920,1080,12.02,596,49.583,157,13083,Left,0.95553,0.579764,0.111269,1e-06,0.0,0.0,0.489267,0.183278,-0.06632,0.0,0.0,0.424976,0.281343,-0.125745,0.0,0.0,0.380825,0.391275,-0.169,0.0,0.0,0.345691,0.506863,-0.214198,0.0,0.0,0.495102,0.296319,-0.214485,0.0,0.0,0.475194,0.499939,-0.292701,0.0,0.0,0.464462,0.645497,-0.333167,0.0,0.0,0.454092,0.777791,-0.35935,0.0,0.0,0.570838,0.300155,-0.205868,0.0,0.0,0.574839,0.515761,-0.294722,0.0,0.0,0.577778,0.689602,-0.339992,0.0,0.0,0.582127,0.843259,-0.373929,0.0,0.0,0.631342,0.30357,-0.190955,0.0,0.0,0.65534,0.488294,-0.263383,0.0,0.0,0.669854,0.643636,-0.298341,0.0,0.0,0.680302,0.775421,-0.322147,0.0,0.0,0.674725,0.30696,-0.176702,0.0,0.0,0.72678,0.44246,-0.237856,0.0,0.0,0.761675,0.533903,-0.270009,0.0,0.0,0.793317,0.619887,-0.291896,0.0,0.0
v1.mp4,1219610e4175dfcfd945e2d4a5016440b91148cdbcc5449d7badf3789d2f4a86,1920,1080,12.02,596,49.583,158,13166,Left,0.954383,0.581402,0.113195,1e-06,0.0,0.0,0.490801,0.183476,-0.064009,0.0,0.0,0.426038,0.278096,-0.122351,0.0,0.0,0.381615,0.389379,-0.165364,0.0,0.0,0.347156,0.506383,-0.210214,0.0,0.0,0.495726,0.297669,-0.206575,0.0,0.0,0.475187,0.501238,-0.282931,0.0,0.0,0.46466,0.646634,-0.32229,0.0,0.0,0.454502,0.779006,-0.347532,0.0,0.0,0.570971,0.303574,-0.198828,0.0,0.0,0.574625,0.518782,-0.284445,0.0,0.0,0.577731,0.691968,-0.327209,0.0,0.0,0.582425,0.843547,-0.359205,0.0,0.0,0.631271,0.306148,-0.185217,0.0,0.0,0.655029,0.489192,-0.255215,0.0,0.0,0.669451,0.64226,-0.287771,0.0,0.0,0.680137,0.772168,-0.309768,0.0,0.0,0.674209,0.307202,-0.172311,0.0,0.0,0.727489,0.441909,-0.231515,0.0,0.0,0.761747,0.533387,-0.261792,0.0,0.0,0.792408,0.6201,-0.282067,0.0,0.0
v1.mp4,1219610e4175dfcfd945e2d4a5016440b91148cdbcc5449d7badf3789d2f4a86,1920,1080,12.02,596,49.583,159,13250,Left,0.951506,0.580521,0.11411,1e-06,0.0,0.0,0.488713,0.186998,-0.06664,0.0,0.0,0.425034,0.282567,-0.127285,0.0,0.0,0.382311,0.39134,-0.171463,0.0,0.0,0.346273,0.507383,-0.217349,0.0,0.0,0.494679,0.300713,-0.218225,0.0,0.0,0.475109,0.502285,-0.298065,0.0,0.0,0.46466,0.647039,-0.339098,0.0,0.0,0.454019,0.77862,-0.365537,0.0,0.0,0.570729,0.304456,-0.209563,0.0,0.0,0.575372,0.518172,-0.301323,0.0,0.0,0.578834,0.690935,-0.347597,0.0,0.0,0.582855,0.842395,-0.381915,0.0,0.0,0.631245,0.30728,-0.194317,0.0,0.0,0.655024,0.486864,-0.269046,0.0,0.0,0.668594,0.640674,-0.304569,0.0,0.0,0.67754,0.770638,-0.328398,0.0,0.0,0.674238,0.309745,-0.17957,0.0,0.0,0.726745,0.441834,-0.2421,0.0,0.0,0.76163,0.531737,-0.27476,0.0,0.0,0.793116,0.617276,-0.296829,0.0,0.0
v1.mp4,1219610e4175dfcfd945e2d4a5016440b91148cdbcc5449d7badf3789d2f4a86,1920,1080,12.02,596,49.583,160,13333,Left,0.954753,0.57918,0.114225,1e-06,0.0,0.0,0.489054,0.186643,-0.065091,0.0,0.0,0.425116,0.281356,-0.124528,0.0,0.0,0.381039,0.391448,-0.167834,0.0,0.0,0.344988,0.507968,-0.212771,0.0,0.0,0.494087,0.297859,-0.214181,0.0,0.0,0.47504,0.500049,-0.293525,0.0,0.0,0.465082,0.645546,-0.334374,0.0,0.0,0.455203,0.777374,-0.360567,0.0,0.0,0.569557,0.301632,-0.206233,0.0,0.0,0.57412,0.519169,-0.296682,0.0,0.0,0.578433,0.693334,-0.342136,0.0,0.0,0.583867,0.845036,-0.375778,0.0,0.0,0.629733,0.304768,-0.19196,0.0,0.0,0.654072,0.485424,-0.265878,0.0,0.0,0.668017,0.639641,-0.300838,0.0,0.0,0.677551,0.77008,-0.32417,0.0,0.0,0.672603,0.308251,-0.178173,0.0,0.0,0.725574,0.441112,-0.240365,0.0,0.0,0.760512,0.531141,-0.272673,0.0,0.0,0.791833,0.617124,-0.294364,0.0,0.0
v1.mp4,1219610e4175dfcfd945e2d4a5016440b91148cdbcc5449d7badf3789d2f4a86,1920,1080,12.02,596,49.583,161,13416,Left,0.975901,0.579641,0.105811,1e-06,0.0,0.0,0.490645,0.17737,-0.060407,0.0,0.0,0.425001,0.278037,-0.113179,0.0,0.0,0.381022,0.389921,-0.151187,0.0,0.0,0.345742,0.504164,-0.19104,0.0,0.0,0.497888,0.303451,-0.191768,0.0,0.0,0.475861,0.505002,-0.260863,0.0,0.0,0.464673,0.647596,-0.295436,0.0,0.0,0.455184,0.776607,-0.31721,0.0,0.0,0.571624,0.307763,-0.182485,0.0,0.0,0.575313,0.519071,-0.256906,0.0,0.0,0.580634,0.685171,-0.291483,0.0,0.0,0.588901,0.827692,-0.3177,0.0,0.0,0.630339,0.306835,-0.168032,0.0,0.0,0.655674,0.48259,-0.228578,0.0,0.0,0.672606,0.627871,-0.255217,0.0,0.0,0.687005,0.750682,-0.273448,0.0,0.0,0.672146,0.305757,-0.154643,0.0,0.0,0.728593,0.438206,-0.207848,0.0,0.0,0.766557,0.525144,-0.234502,0.0,0.0,0.800296,0.605511,-0.251678,0.0,0.0
v1.mp4,1219610e4175dfcfd945e2d4a5016440b91148cdbcc5449d7badf3789d2f4a86,1920,1080,12.02,596,49.583,162,13500,Left,0.93512,0.575107,0.100698,1e-06,0.0,0.0,0.492277,0.176328,-0.062221,0.0,0.0,0.426146,0.28164,-0.114861,0.0,0.0,0.38323,0.393624,-0.15314,0.0,0.0,0.348731,0.508398,-0.192793,0.0,0.0,0.500731,0.298177,-0.195157,0.0,0.0,0.474348,0.503427,-0.266713,0.0,0.0,0.463501,0.643959,-0.304056,0.0,0.0,0.455225,0.774622,-0.328931,0.0,0.0,0.573418,0.294849,-0.18594,0.0,0.0,0.577404,0.457568,-0.265949,0.0,0.0,0.589198,0.591097,-0.302238,0.0,0.0,0.604922,0.71001,-0.330294,0.0,0.0,0.630994,0.291368,-0.172098,0.0,0.0,0.664354,0.415323,-0.237228,0.0,0.0,0.686039,0.524633,-0.260822,0.0,0.0,0.707628,0.62471,-0.277496,0.0,0.0,0.674398,0.294071,-0.160094,0.0,0.0,0.729491,0.402078,-0.214182,0.0,0.0,0.770321,0.465035,-0.238276,0.0,0.0,0.80929,0.528723,-0.254755,0.0,0.0
v1.mp4,1219610e4175dfcfd945e2d4a5016440b91148cdbcc5449d7badf3789d2f4a86,1920,1080,12.02,596,49.583,163,13583,Left,0.885577,0.574343,0.104249,1e-06,0.0,0.0,0.492255,0.178129,-0.062391,0.0,0.0,0.428102,0.283576,-0.116554,0.0,0.0,0.384798,0.395096,-0.157438,0.0,0.0,0.349958,0.506191,-0.200099,0.0,0.0,0.499218,0.301255,-0.192542,0.0,0.0,0.475509,0.505932,-0.26472,0.0,0.0,0.462992,0.644468,-0.303892,0.0,0.0,0.452606,0.773029,-0.330357,0.0,0.0,0.571687,0.294919,-0.185115,0.0,0.0,0.57527,0.449041,-0.268548,0.0,0.0,0.586937,0.57757,-0.308839,0.0,0.0,0.602608,0.694015,-0.339616,0.0,0.0,0.630001,0.287706,-0.172976,0.0,0.0,0.66347,0.410417,-0.240335,0.0,0.0,0.687919,0.519333,-0.265579,0.0,0.0,0.712465,0.614941,-0.283245,0.0,0.0,0.675566,0.286318,-0.162736,0.0,0.0,0.730638,0.394192,-0.217808,0.0,0.0,0.769729,0.45752,-0.242247,0.0,0.0,0.808321,0.518812,-0.259045,0.0,0.0
v1.mp4,1219610e4175dfcfd945e2d4a5016440b91148cdbcc5449d7badf3789d2f4a86,1920,1080,12.02,596,49.583,164,13666,Left,0.975695,0.577953,0.095721,1e-06,0.0,0.0,0.49295,0.178763,-0.047671,0.0,0.0,0.427768,0.277997,-0.097158,0.0,0.0,0.384698,0.392168,-0.13412,0.0,0.0,0.351993,0.509619,-0.174157,0.0,0.0,0.494966,0.297007,-0.181456,0.0,0.0,0.475431,0.509717,-0.25132,0.0,0.0,0.466592,0.654286,-0.287076,0.0,0.0,0.459196,0.78177,-0.309584,0.0,0.0,0.567878,0.294168,-0.181647,0.0,0.0,0.570894,0.522036,-0.252835,0.0,0.0,0.576375,0.685052,-0.288147,0.0,0.0,0.587553,0.822185,-0.314568,0.0,0.0,0.629131,0.278787,-0.175804,0.0,0.0,0.662021,0.444807,-0.238471,0.0,0.0,0.681655,0.569621,-0.27069,0.0,0.0,0.700892,0.678802,-0.293162,0.0,0.0,0.6723,0.261403,-0.168915,0.0,0.0,0.739709,0.331488,-0.225485,0.0,0.0,0.787218,0.360755,-0.251197,0.0,0.0,0.830409,0.397733,-0.267464,0.0,0.0
v1.mp4,1219610e4175dfcfd945e2d4a5016440b91148cdbcc5449d7badf3789d2f4a86,1920,1080,12.02,596,49.583,165,13750,Left,0.989727,0.575378,0.099847,1e-06,0.0,0.0,0.488135,0.185081,-0.047303,0.0,0.0,0.425133,0.281363,-0.097094,0.0,0.0,0.381681,0.394364,-0.133487,0.0,0.0,0.348573,0.510829,-0.173133,0.0,0.0,0.495898,0.288086,-0.18806,0.0,0.0,0.476114,0.502834,-0.258374,0.0,0.0,0.466469,0.650629,-0.294927,0.0,0.0,0.457398,0.779011,-0.318069,0.0,0.0,0.568944,0.28554,-0.18712,0.0,0.0,0.570399,0.524487,-0.257285,0.0,0.0,0.573578,0.696616,-0.293837,0.0,0.0,0.582495,0.838311,-0.321736,0.0,0.0,0.628288,0.274827,-0.178986,0.0,0.0,0.66373,0.466182,-0.239194,0.0,0.0,0.68625,0.609827,-0.273952,0.0,0.0,0.707066,0.7308,-0.299598,0.0,0.0,0.668032,0.263992,-0.169419,0.0,0.0,0.738231,0.33257,-0.223463,0.0,0.0,0.787434,0.370582,-0.250131,0.0,0.0,0.831114,0.411242,-0.267873,0.0,0.0
v1.mp4,1219610e4175dfcfd945e2d4a5016440b91148cdbcc5449d7badf3789d2f4a86,1920,1080,12.02,596,49.583,166,13833,Left,0.981726,0.578952,0.105348,1e-06,0.0,0.0,0.492323,0.182892,-0.054955,0.0,0.0,0.425846,0.279805,-0.109479,0.0,0.0,0.380388,0.395375,-0.14933,0.0,0.0,0.347671,0.509046,-0.19199,0.0,0.0,0.495229,0.283257,-0.200039,0.0,0.0,0.475515,0.499794,-0.271646,0.0,0.0,0.466151,0.649705,-0.308535,0.0,0.0,0.457667,0.781133,-0.332147,0.0,0.0,0.571406,0.286006,-0.195576,0.0,0.0,0.570634,0.524103,-0.271936,0.0,0.0,0.574019,0.698504,-0.310875,0.0,0.0,0.582011,0.847182,-0.340793,0.0,0.0,0.633006,0.284263,-0.183859,0.0,0.0,0.661685,0.490695,-0.245748,0.0,0.0,0.688138,0.646925,-0.278853,0.0,0.0,0.711745,0.773538,-0.302914,0.0,0.0,0.67595,0.282734,-0.171535,0.0,0.0,0.743583,0.405729,-0.224343,0.0,0.0,0.789414,0.48191,-0.251367,0.0,0.0,0.830799,0.551054,-0.269872,0.0,0.0
v1.mp4,1219610e4175dfcfd945e2d4a5016440b91148cdbcc5449d7badf3789d2f4a86,1920,1080,12.02,596,49.583,167,13916,Left,0.983142,0.576414,0.095372,1e-06,0.0,0.0,0.489958,0.17705,-0.050643,0.0,0.0,0.426293,0.275041,-0.10336,0.0,0.0,0.382672,0.393036,-0.142222,0.0,0.0,0.34949,0.510897,-0.183676,0.0,0.0,0.495025,0.27886,-0.195155,0.0,0.0,0.474323,0.495075,-0.266498,0.0,0.0,0.46532,0.645977,-0.302667,0.0,0.0,0.456804,0.778733,-0.326255,0.0,0.0,0.571341,0.282117,-0.193198,0.0,0.0,0.569804,0.521421,-0.270007,0.0,0.0,0.574432,0.698674,-0.308666,0.0,0.0,0.582825,0.849084,-0.339107,0.0,0.0,0.63393,0.278839,-0.184007,0.0,0.0,0.660481,0.484132,-0.247708,0.0,0.0,0.68429,0.638758,-0.280729,0.0,0.0,0.704484,0.764393,-0.305075,0.0,0.0,0.676625,0.273666,-0.173817,0.0,0.0,0.744998,0.399288,-0.229802,0.0,0.0,0.791467,0.473682,-0.258284,0.0,0.0,0.832627,0.54342,-0.277985,0.0,0.0
v1.mp4,1219610e4175dfcfd945e2d4a5016440b91148cdbcc5449d7badf3789d2f4a86,1920,1080,12.02,596,49.583,168,14000,Left,0.967318,0.577545,0.103828,1e-06,0.0,0.0,0.489994,0.178217,-0.060736,0.0,0.0,0.424019,0.276607,-0.116559,0.0,0.0,0.37884,0.395367,-0.157116,0.0,0.0,0.345389,0.512136,-0.198826,0.0,0.0,0.496154,0.288633,-0.200061,0.0,0.0,0.473418,0.482949,-0.274461,0.0,0.0,0.462993,0.622476,-0.312243,0.0,0.0,0.452115,0.747927,-0.336524,0.0,0.0,0.573343,0.299104,-0.19258,0.0,0.0,0.571559,0.510924,-0.279243,0.0,0.0,0.573773,0.683802,-0.323236,0.0,0.0,0.577172,0.834555,-0.356423,0.0,0.0,0.635329,0.303494,-0.178825,0.0,0.0,0.660138,0.486789,-0.251753,0.0,0.0,0.682654,0.638886,-0.287291,0.0,0.0,0.699483,0.764982,-0.311042,0.0,0.0,0.677454,0.306248,-0.164863,0.0,0.0,0.740341,0.441897,-0.227321,0.0,0.0,0.782526,0.525461,-0.260286,0.0,0.0,0.820588,0.604675,-0.28236,0.0,0.0
v1.mp4,1219610e4175dfcfd945e2d4a5016440b91148cdbcc5449d7badf3789d2f4a86,1920,1080,12.02,596,49.583,169,14083,Left,0.976672,0.581518,0.111807,1e-06,0.0,0.0,0.497299,0.175513,-0.050298,0.0,0.0,0.424276,0.283338,-0.096003,0.0,0.0,0.377404,0.40071,-0.129592,0.0,0.0,0.342878,0.508145,-0.165232,0.0,0.0,0.499017,0.275636,-0.167224,0.0,0.0,0.470541,0.404048,-0.230824,0.0,0.0,0.448195,0.499961,-0.263897,0.0,0.0,0.424666,0.592381,-0.285989,0.0,0.0,0.574391,0.290436,-0.166126,0.0,0.0,0.572228,0.499838,-0.23955,0.0,0.0,0.572836,0.66333,-0.280958,0.0,0.0,0.574165,0.80782,-0.313682,0.0,0.0,0.635833,0.298257,-0.159881,0.0,0.0,0.66089,0.485764,-0.227247,0.0,0.0,0.682297,0.634155,-0.266733,0.0,0.0,0.699451,0.756508,-0.293303,0.0,0.0,0.67973,0.301353,-0.152533,0.0,0.0,0.73932,0.442504,-0.210427,0.0,0.0,0.781201,0.526735,-0.242945,0.0,0.0,0.819337,0.605253,-0.266024,0.0,0.0
v1.mp4,1219610e4175dfcfd945e2d4a5016440b91148cdbcc5449d7badf3789d2f4a86,1920,1080,12.02,596,49.583,170,14166,Left,0.972044,0.578786,0.100898,1e-06,0.0,0.0,0.493812,0.176678,-0.048143,0.0,0.0,0.424592,0.285552,-0.094726,0.0,0.0,0.379989,0.399038,-0.129844,0.0,0.0,0.343221,0.506227,-0.166486,0.0,0.0,0.499557,0.280749,-0.166206,0.0,0.0,0.473198,0.401975,-0.234349,0.0,0.0,0.447483,0.475426,-0.270443,0.0,0.0,0.417996,0.538508,-0.293131,0.0,0.0,0.573103,0.290392,-0.167189,0.0,0.0,0.573885,0.503149,-0.247222,0.0,0.0,0.572921,0.67154,-0.292771,0.0,0.0,0.571326,0.819371,-0.326705,0.0,0.0,0.633219,0.294463,-0.162817,0.0,0.0,0.65965,0.48443,-0.23521,0.0,0.0,0.680628,0.637737,-0.275837,0.0,0.0,0.695091,0.766478,-0.301306,0.0,0.0,0.676292,0.293918,-0.156942,0.0,0.0,0.738271,0.436755,-0.215892,0.0,0.0,0.780517,0.522959,-0.246172,0.0,0.0,0.81723,0.602991,-0.266462,0.0,0.0
v1.mp4,1219610e4175dfcfd945e2d4a5016440b91148cdbcc5449d7badf3789d2f4a86,1920,1080,12.02,596,49.583,171,14250,Left,0.978792,0.579274,0.098218,1e-06,0.0,0.0,0.492031,0.175313,-0.058603,0.0,0.0,0.428569,0.275964,-0.11553,0.0,0.0,0.382869,0.391207,-0.157092,0.0,0.0,0.348036,0.507824,-0.200288,0.0,0.0,0.492461,0.281958,-0.207769,0.0,0.0,0.47456,0.492522,-0.283824,0.0,0.0,0.468034,0.643187,-0.322254,0.0,0.0,0.462002,0.777823,-0.347151,0.0,0.0,0.569993,0.284902,-0.201968,0.0,0.0,0.570465,0.514072,-0.286139,0.0,0.0,0.575597,0.688815,-0.32761,0.0,0.0,0.583362,0.841923,-0.359669,0.0,0.0,0.633626,0.28675,-0.189549,0.0,0.0,0.660071,0.480957,-0.259376,0.0,0.0,0.681051,0.639629,-0.293926,0.0,0.0,0.69802,0.770341,-0.317999,0.0,0.0,0.678287,0.289625,-0.176839,0.0,0.0,0.740162,0.43407,-0.237459,0.0,0.0,0.782196,0.52376,-0.269755,0.0,0.0,0.81954,0.607338,-0.291854,0.0,0.0
v1.mp4,1219610e4175dfcfd945e2d4a5016440b91148cdbcc5449d7badf3789d2f4a86,1920,1080,12.02,596,49.583,172,14333,Left,0.980725,0.579535,0.100531,1e-06,0.0,0.0,0.492156,0.176052,-0.061653,0.0,0.0,0.4306,0.274387,-0.121432,0.0,0.0,0.382792,0.387557,-0.165368,0.0,0.0,0.342444,0.501376,-0.211167,0.0,0.0,0.495529,0.283391,-0.212747,0.0,0.0,0.47815,0.493852,-0.29098,0.0,0.0,0.469742,0.644933,-0.331567,0.0,0.0,0.461088,0.778602,-0.357744,0.0,0.0,0.572508,0.286801,-0.206077,0.0,0.0,0.572213,0.517378,-0.292573,0.0,0.0,0.57512,0.692992,-0.336319,0.0,0.0,0.580752,0.845471,-0.369799,0.0,0.0,0.634371,0.290266,-0.192579,0.0,0.0,0.661342,0.486984,-0.263157,0.0,0.0,0.68203,0.642189,-0.29825,0.0,0.0,0.699262,0.768847,-0.322875,0.0,0.0,0.677232,0.295482,-0.179097,0.0,0.0,0.737653,0.436148,-0.239261,0.0,0.0,0.77976,0.521804,-0.270691,0.0,0.0,0.818664,0.602212,-0.29233,0.0,0.0
v1.mp4,1219610e4175dfcfd945e2d4a5016440b91148cdbcc5449d7badf3789d2f4a86,1920,1080,12.02,596,49.583,173,14416,Left,0.969537,0.577692,0.107355,1e-06,0.0,0.0,0.491701,0.176318,-0.064059,0.0,0.0,0.428959,0.272673,-0.123314,0.0,0.0,0.380747,0.384391,-0.166802,0.0,0.0,0.339216,0.495391,-0.212031,0.0,0.0,0.496755,0.288205,-0.209112,0.0,0.0,0.477699,0.49455,-0.285561,0.0,0.0,0.470329,0.644853,-0.325104,0.0,0.0,0.463292,0.778542,-0.350597,0.0,0.0,0.573159,0.293586,-0.200643,0.0,0.0,0.573158,0.516255,-0.284682,0.0,0.0,0.577731,0.689337,-0.326497,0.0,0.0,0.585321,0.839024,-0.358498,0.0,0.0,0.634161,0.297051,-0.186058,0.0,0.0,0.659054,0.478387,-0.25457,0.0,0.0,0.677543,0.625038,-0.287358,0.0,0.0,0.693696,0.746116,-0.310133,0.0,0.0,0.676496,0.300358,-0.172154,0.0,0.0,0.736983,0.436279,-0.23066,0.0,0.0,0.778935,0.520529,-0.261191,0.0,0.0,0.817455,0.599691,-0.282009,0.0,0.0
v1.mp4,1219610e4175dfcfd945e2d4a5016440b91148cdbcc5449d7badf3789d2f4a86,1920,1080,12.02,596,49.583,174,14500,Left,0.938398,0.576343,0.104377,1e-06,0.0,0.0,0.491824,0.174735,-0.067146,0.0,0.0,0.428538,0.276935,-0.124276,0.0,0.0,0.381531,0.392603,-0.165356,0.0,0.0,0.340841,0.503865,-0.207168,0.0,0.0,0.499438,0.303808,-0.204278,0.0,0.0,0.478406,0.499546,-0.277637,0.0,0.0,0.47059,0.640406,-0.313709,0.0,0.0,0.464656,0.77483,-0.337557,0.0,0.0,0.573602,0.308149,-0.192836,0.0,0.0,0.58002,0.498399,-0.279678,0.0,0.0,0.589161,0.652287,-0.320935,0.0,0.0,0.601535,0.790795,-0.35137,0.0,0.0,0.631661,0.306721,-0.175633,0.0,0.0,0.665511,0.447336,-0.246874,0.0,0.0,0.6886,0.576625,-0.275275,0.0,0.0,0.709702,0.694253,-0.293479,0.0,0.0,0.672407,0.306778,-0.159684,0.0,0.0,0.736509,0.427701,-0.218707,0.0,0.0,0.778518,0.502809,-0.24644,0.0,0.0,0.818848,0.581222,-0.264441,0.0,0.0
v1.mp4,1219610e4175dfcfd945e2d4a5016440b91148cdbcc5449d7badf3789d2f4a86,1920,1080,12.02,596,49.583,175,14583,Left,0.87328,0.58036,0.089739,1e-06,0.0,0.0,0.501225,0.156084,-0.053958,0.0,0.0,0.430599,0.24863,-0.101672,0.0,0.0,0.362048,0.316506,-0.139808,0.0,0.0,0.30063,0.352799,-0.18079,0.0,0.0,0.49764,0.28463,-0.165343,0.0,0.0,0.46706,0.470831,-0.227444,0.0,0.0,0.452435,0.59762,-0.259785,0.0,0.0,0.439579,0.720735,-0.281842,0.0,0.0,0.569952,0.289729,-0.161675,0.0,0.0,0.577911,0.460608,-0.235346,0.0,0.0,0.58547,0.60215,-0.272246,0.0,0.0,0.595058,0.734625,-0.299659,0.0,0.0,0.629815,0.284158,-0.153503,0.0,0.0,0.661103,0.421971,-0.214897,0.0,0.0,0.684865,0.534687,-0.240693,0.0,0.0,0.707785,0.638451,-0.256702,0.0,0.0,0.675352,0.278332,-0.146799,0.0,0.0,0.731353,0.398267,-0.197145,0.0,0.0,0.771869,0.463258,-0.219657,0.0,0.0,0.810805,0.529378,-0.234082,0.0,0.0
v1.mp4,1219610e4175dfcfd945e2d4a5016440b91148cdbcc5449d7badf3789d2f4a86,1920,1080,12.02,596,49.583,176,14666,Left,0.834392,0.583217,0.101922,1e-06,0.0,0.0,0.501874,0.154613,-0.060967,0.0,0.0,0.429698,0.236492,-0.113257,0.0,0.0,0.358954,0.280214,-0.152939,0.0,0.0,0.297533,0.28606,-0.195856,0.0,0.0,0.50255,0.284061,-0.189471,0.0,0.0,0.461801,0.429241,-0.25719,0.0,0.0,0.442487,0.532279,-0.293235,0.0,0.0,0.424658,0.639986,-0.319071,0.0,0.0,0.575653,0.3011,-0.183291,0.0,0.0,0.576608,0.468521,-0.265374,0.0,0.0,0.584429,0.601985,-0.309925,0.0,0.0,0.593639,0.731469,-0.344303,0.0,0.0,0.632842,0.302826,-0.171014,0.0,0.0,0.662249,0.430414,-0.239151,0.0,0.0,0.688236,0.540177,-0.273816,0.0,0.0,0.711548,0.642366,-0.297524,0.0,0.0,0.673842,0.295545,-0.159936,0.0,0.0,0.728592,0.405503,-0.215212,0.0,0.0,0.771478,0.462778,-0.244097,0.0,0.0,0.811643,0.52498,-0.265282,0.0,0.0
v1.mp4,1219610e4175dfcfd945e2d4a5016440b91148cdbcc5449d7badf3789d2f4a86,1920,1080,12.02,596,49.583,177,14750,Left,0.782543,0.577825,0.102839,1e-06,0.0,0.0,0.494019,0.162331,-0.063147,0.0,0.0,0.426948,0.263319,-0.115139,0.0,0.0,0.370183,0.359642,-0.154843,0.0,0.0,0.325504,0.450553,-0.196527,0.0,0.0,0.500117,0.284467,-0.184747,0.0,0.0,0.466112,0.427425,-0.253265,0.0,0.0,0.447567,0.527662,-0.289298,0.0,0.0,0.430082,0.633626,-0.314353,0.0,0.0,0.574603,0.298848,-0.178943,0.0,0.0,0.578227,0.455504,-0.262682,0.0,0.0,0.587751,0.588757,-0.308739,0.0,0.0,0.599074,0.71821,-0.34456,0.0,0.0,0.633525,0.30087,-0.168076,0.0,0.0,0.666324,0.419988,-0.239782,0.0,0.0,0.694776,0.527993,-0.27314,0.0,0.0,0.721257,0.628505,-0.295655,0.0,0.0,0.676704,0.295678,-0.158427,0.0,0.0,0.733661,0.403313,-0.214886,0.0,0.0,0.774211,0.461969,-0.242068,0.0,0.0,0.815303,0.523854,-0.261857,0.0,0.0
v1.mp4,1219610e4175dfcfd945e2d4a5016440b91148cdbcc5449d7badf3789d2f4a86,1920,1080,12.02,596,49.583,178,14833,Left,0.815823,0.576973,0.094404,1e-06,0.0,0.0,0.497259,0.159308,-0.061513,0.0,0.0,0.429143,0.272946,-0.113034,0.0,0.0,0.371973,0.387275,-0.153161,0.0,0.0,0.321123,0.48336,-0.195807,0.0,0.0,0.497858,0.278493,-0.18097,0.0,0.0,0.466734,0.453894,-0.246618,0.0,0.0,0.452376,0.572228,-0.279851,0.0,0.0,0.441442,0.694565,-0.303044,0.0,0.0,0.571511,0.285336,-0.175149,0.0,0.0,0.573236,0.439502,-0.253727,0.0,0.0,0.586323,0.567642,-0.291225,0.0,0.0,0.605382,0.688174,-0.320106,0.0,0.0,0.630017,0.283769,-0.165299,0.0,0.0,0.665216,0.398312,-0.233465,0.0,0.0,0.698653,0.493111,-0.26002,0.0,0.0,0.733068,0.579822,-0.276955,0.0,0.0,0.673449,0.281551,-0.157017,0.0,0.0,0.728504,0.388795,-0.211569,0.0,0.0,0.770978,0.446336,-0.236276,0.0,0.0,0.815773,0.50498,-0.253401,0.0,0.0
v1.mp4,1219610e4175dfcfd945e2d4a5016440b91148cdbcc5449d7badf3789d2f4a86,1920,1080,12.02,596,49.583,179,14916,Left,0.89088,0.574534,0.114279,1e-06,0.0,0.0,0.491653,0.184377,-0.068036,0.0,0.0,0.426294,0.285573,-0.128016,0.0,0.0,0.372115,0.389083,-0.173561,0.0,0.0,0.322638,0.485689,-0.221029,0.0,0.0,0.500267,0.282022,-0.214635,0.0,0.0,0.472896,0.491266,-0.290286,0.0,0.0,0.461435,0.632049,-0.328777,0.0,0.0,0.452294,0.763552,-0.355075,0.0,0.0,0.575337,0.274154,-0.206935,0.0,0.0,0.574522,0.422055,-0.298839,0.0,0.0,0.584377,0.539871,-0.341041,0.0,0.0,0.601295,0.645564,-0.372852,0.0,0.0,0.634748,0.269035,-0.193477,0.0,0.0,0.67048,0.372265,-0.270223,0.0,0.0,0.703284,0.46367,-0.298989,0.0,0.0,0.738327,0.540879,-0.317786,0.0,0.0,0.680105,0.273288,-0.181611,0.0,0.0,0.732502,0.37068,-0.24079,0.0,0.0,0.774846,0.424181,-0.266866,0.0,0.0,0.820085,0.473319,-0.285437,0.0,0.0
v1.mp4,1219610e4175dfcfd945e2d4a5016440b91148cdbcc5449d7badf3789d2f4a86,1920,1080,12.02,596,49.583,180,15000,Left,0.882531,0.572536,0.090791,1e-06,0.0,0.0,0.493681,0.167909,-0.054448,0.0,0.0,0.425744,0.286551,-0.098472,0.0,0.0,0.372468,0.402126,-0.131801,0.0,0.0,0.321181,0.493555,-0.166977,0.0,0.0,0.498027,0.284269,-0.160303,0.0,0.0,0.472593,0.490886,-0.21833,0.0,0.0,0.460619,0.630494,-0.247707,0.0,0.0,0.452917,0.760487,-0.267752,0.0,0.0,0.569094,0.274347,-0.155034,0.0,0.0,0.57364,0.428787,-0.219313,0.0,0.0,0.581873,0.549325,-0.246509,0.0,0.0,0.59757,0.656716,-0.267934,0.0,0.0,0.628387,0.262336,-0.146807,0.0,0.0,0.668088,0.379357,-0.203516,0.0,0.0,0.700191,0.473964,-0.223032,0.0,0.0,0.735342,0.558695,-0.235824,0.0,0.0,0.674989,0.257272,-0.140411,0.0,0.0,0.733488,0.360345,-0.185533,0.0,0.0,0.77687,0.419218,-0.203193,0.0,0.0,0.820869,0.473927,-0.215287,0.0,0.0
v1.mp4,1219610e4175dfcfd945e2d4a5016440b91148cdbcc5449d7badf3789d2f4a86,1920,1080,12.02,596,49.583,181,15083,Left,0.978328,0.576627,0.100516,1e-06,0.0,0.0,0.490361,0.179533,-0.051036,0.0,0.0,0.425078,0.277918,-0.103212,0.0,0.0,0.372874,0.391201,-0.141745,0.0,0.0,0.32443,0.494048,-0.182415,0.0,0.0,0.494169,0.279869,-0.188873,0.0,0.0,0.475548,0.490604,-0.256718,0.0,0.0,0.467386,0.639255,-0.290128,0.0,0.0,0.459291,0.766913,-0.31182,0.0,0.0,0.571095,0.28091,-0.186545,0.0,0.0,0.574669,0.503172,-0.255203,0.0,0.0,0.578839,0.672473,-0.285428,0.0,0.0,0.585548,0.814137,-0.309704,0.0,0.0,0.634124,0.273647,-0.178553,0.0,0.0,0.663236,0.457322,-0.237607,0.0,0.0,0.672941,0.591579,-0.265819,0.0,0.0,0.679615,0.706624,-0.287276,0.0,0.0,0.674409,0.263022,-0.170251,0.0,0.0,0.74137,0.3519,-0.22489,0.0,0.0,0.787251,0.402743,-0.251767,0.0,0.0,0.825526,0.459979,-0.270145,0.0,0.0
v1.mp4,1219610e4175dfcfd945e2d4a5016440b91148cdbcc5449d7badf3789d2f4a86,1920,1080,12.02,596,49.583,182,15166,Left,0.976616,0.580557,0.109889,1e-06,0.0,0.0,0.492303,0.185611,-0.051616,0.0,0.0,0.423399,0.2792,-0.10581,0.0,0.0,0.370697,0.386485,-0.145671,0.0,0.0,0.324893,0.491574,-0.189007,0.0,0.0,0.496105,0.277366,-0.199653,0.0,0.0,0.475927,0.492845,-0.270193,0.0,0.0,0.465903,0.643847,-0.306584,0.0,0.0,0.456648,0.77464,-0.330797,0.0,0.0,0.57395,0.279024,-0.198022,0.0,0.0,0.573044,0.511241,-0.27158,0.0,0.0,0.576617,0.683157,-0.3077,0.0,0.0,0.585084,0.831792,-0.336934,0.0,0.0,0.638402,0.273931,-0.189181,0.0,0.0,0.659611,0.478277,-0.252657,0.0,0.0,0.677026,0.6331,-0.286658,0.0,0.0,0.69224,0.764803,-0.312824,0.0,0.0,0.681959,0.266972,-0.179044,0.0,0.0,0.747935,0.363678,-0.235862,0.0,0.0,0.79227,0.417138,-0.263745,0.0,0.0,0.830931,0.472264,-0.28367,0.0,0.0
v1.mp4,1219610e4175dfcfd945e2d4a5016440b91148cdbcc5449d7badf3789d2f4a86,1920,1080,12.02,596,49.583,183,15250,Left,0.967681,0.578835,0.093671,1e-06,0.0,0.0,0.489642,0.175463,-0.056233,0.0,0.0,0.421957,0.274688,-0.113013,0.0,0.0,0.371526,0.387118,-0.15458,0.0,0.0,0.324748,0.493659,-0.198511,0.0,0.0,0.495628,0.277343,-0.206716,0.0,0.0,0.475707,0.491913,-0.279084,0.0,0.0,0.46683,0.644138,-0.31476,0.0,0.0,0.458579,0.778462,-0.338295,0.0,0.0,0.573876,0.282887,-0.20176,0.0,0.0,0.573486,0.510132,-0.28221,0.0,0.0,0.578634,0.683472,-0.319577,0.0,0.0,0.588078,0.834305,-0.348913,0.0,0.0,0.637908,0.282594,-0.189613,0.0,0.0,0.659389,0.478938,-0.25596,0.0,0.0,0.675631,0.63747,-0.287221,0.0,0.0,0.689713,0.771668,-0.309998,0.0,0.0,0.681532,0.281301,-0.1769,0.0,0.0,0.751359,0.411441,-0.2337,0.0,0.0,0.797328,0.491181,-0.261862,0.0,0.0,0.837582,0.567495,-0.281533,0.0,0.0
v1.mp4,1219610e4175dfcfd945e2d4a5016440b91148cdbcc5449d7badf3789d2f4a86,1920,1080,12.02,596,49.583,184,15333,Left,0.960744,0.580316,0.109565,1e-06,0.0,0.0,0.492091,0.174626,-0.061203,0.0,0.0,0.423461,0.27228,-0.11859,0.0,0.0,0.371085,0.380491,-0.161585,0.0,0.0,0.319771,0.483782,-0.207213,0.0,0.0,0.496738,0.275312,-0.204449,0.0,0.0,0.472602,0.487618,-0.275327,0.0,0.0,0.4631,0.637321,-0.309915,0.0,0.0,0.454286,0.771874,-0.333185,0.0,0.0,0.573838,0.287512,-0.197772,0.0,0.0,0.572772,0.510409,-0.276072,0.0,0.0,0.577946,0.679831,-0.313413,0.0,0.0,0.585954,0.829603,-0.3439,0.0,0.0,0.636772,0.292398,-0.185169,0.0,0.0,0.656005,0.480804,-0.251411,0.0,0.0,0.669732,0.631348,-0.284399,0.0,0.0,0.682356,0.756405,-0.308581,0.0,0.0,0.680214,0.292581,-0.17292,0.0,0.0,0.739657,0.438382,-0.231027,0.0,0.0,0.779379,0.523872,-0.262552,0.0,0.0,0.81591,0.602394,-0.285466,0.0,0.0
v1.mp4,1219610e4175dfcfd945e2d4a5016440b91148cdbcc5449d7badf3789d2f4a86,1920,1080,12.02,596,49.583,185,15416,Left,0.919549,0.581687,0.114777,1e-06,0.0,0.0,0.493631,0.176907,-0.059811,0.0,0.0,0.423445,0.261711,-0.11618,0.0,0.0,0.363532,0.352867,-0.158208,0.0,0.0,0.309575,0.437477,-0.202007,0.0,0.0,0.495049,0.28544,-0.199183,0.0,0.0,0.471361,0.472397,-0.270501,0.0,0.0,0.458336,0.607869,-0.305331,0.0,0.0,0.44516,0.730287,-0.328372,0.0,0.0,0.572452,0.301583,-0.193547,0.0,0.0,0.571597,0.510305,-0.275653,0.0,0.0,0.572785,0.677348,-0.314497,0.0,0.0,0.57587,0.826382,-0.344608,0.0,0.0,0.636312,0.306261,-0.182128,0.0,0.0,0.65635,0.486753,-0.251693,0.0,0.0,0.671061,0.639364,-0.284225,0.0,0.0,0.681902,0.770789,-0.306603,0.0,0.0,0.680348,0.30365,-0.170942,0.0,0.0,0.74052,0.439695,-0.231704,0.0,0.0,0.780081,0.524673,-0.26331,0.0,0.0,0.814922,0.606866,-0.285109,0.0,0.0
v1.mp4,1219610e4175dfcfd945e2d4a5016440b91148cdbcc5449d7badf3789d2f4a86,1920,1080,12.02,596,49.583,186,15500,Left,0.953275,0.579578,0.10647,1e-06,0.0,0.0,0.492775,0.176893,-0.05501,0.0,0.0,0.423724,0.268514,-0.109598,0.0,0.0,0.368585,0.369975,-0.149967,0.0,0.0,0.32258,0.472345,-0.192246,0.0,0.0,0.495721,0.281504,-0.200168,0.0,0.0,0.473566,0.489736,-0.272633,0.0,0.0,0.463417,0.638049,-0.309086,0.0,0.0,0.453946,0.770568,-0.332571,0.0,0.0,0.57215,0.289925,-0.195057,0.0,0.0,0.570135,0.514588,-0.274152,0.0,0.0,0.573857,0.686012,-0.311196,0.0,0.0,0.581594,0.837731,-0.34046,0.0,0.0,0.634751,0.294468,-0.183322,0.0,0.0,0.656741,0.489825,-0.24795,0.0,0.0,0.67232,0.644022,-0.2768,0.0,0.0,0.684904,0.774236,-0.29751,0.0,0.0,0.678174,0.2962,-0.171523,0.0,0.0,0.738675,0.436994,-0.226362,0.0,0.0,0.777858,0.522832,-0.252898,0.0,0.0,0.812779,0.605521,-0.271366,0.0,0.0
v1.mp4,1219610e4175dfcfd945e2d4a5016440b91148cdbcc5449d7badf3789d2f4a86,1920,1080,12.02,596,49.583,187,15583,Left,0.960681,0.580303,0.116048,1e-06,0.0,0.0,0.491439,0.184999,-0.059115,0.0,0.0,0.420681,0.283201,-0.113799,0.0,0.0,0.369478,0.391297,-0.15357,0.0,0.0,0.326754,0.496372,-0.194867,0.0,0.0,0.495715,0.290971,-0.201441,0.0,0.0,0.47523,0.496169,-0.272976,0.0,0.0,0.466454,0.642859,-0.307954,0.0,0.0,0.458114,0.775469,-0.330448,0.0,0.0,0.572139,0.295428,-0.194204,0.0,0.0,0.572928,0.515852,-0.274544,0.0,0.0,0.578848,0.686266,-0.312488,0.0,0.0,0.587678,0.835197,-0.341909,0.0,0.0,0.633979,0.29832,-0.180634,0.0,0.0,0.658439,0.477028,-0.246928,0.0,0.0,0.676426,0.622016,-0.276419,0.0,0.0,0.691566,0.744877,-0.296784,0.0,0.0,0.677402,0.302769,-0.167455,0.0,0.0,0.738218,0.438049,-0.223916,0.0,0.0,0.778061,0.521755,-0.252118,0.0,0.0,0.813754,0.602517,-0.271325,0.0,0.0
v1.mp4,1219610e4175dfcfd945e2d4a5016440b91148cdbcc5449d7badf3789d2f4a86,1920,1080,12.02,596,49.583,188,15666,Left,0.954796,0.578754,0.104623,1e-06,0.0,0.0,0.490951,0.174488,-0.062057,0.0,0.0,0.4212,0.279692,-0.116837,0.0,0.0,0.370538,0.389553,-0.156767,0.0,0.0,0.329504,0.49473,-0.198412,0.0,0.0,0.498635,0.298565,-0.20064,0.0,0.0,0.475735,0.493577,-0.271892,0.0,0.0,0.465464,0.635422,-0.308234,0.0,0.0,0.45693,0.769607,-0.332723,0.0,0.0,0.573894,0.302279,-0.19239,0.0,0.0,0.579485,0.500702,-0.274338,0.0,0.0,0.588713,0.662526,-0.314336,0.0,0.0,0.601382,0.808006,-0.345101,0.0,0.0,0.632716,0.302673,-0.177874,0.0,0.0,0.664617,0.467318,-0.244465,0.0,0.0,0.688737,0.611227,-0.272545,0.0,0.0,0.710795,0.739641,-0.292234,0.0,0.0,0.673915,0.302934,-0.164355,0.0,0.0,0.734547,0.433562,-0.220741,0.0,0.0,0.774982,0.514375,-0.247041,0.0,0.0,0.812875,0.595357,-0.264817,0.0,0.0
v1.mp4,1219610e4175dfcfd945e2d4a5016440b91148cdbcc5449d7badf3789d2f4a86,1920,1080,12.02,596,49.583,189,15750,Left,0.795916,0.579861,0.098538,1e-06,0.0,0.0,0.496528,0.159746,-0.071501,0.0,0.0,0.429146,0.259469,-0.131223,0.0,0.0,0.369641,0.361189,-0.175967,0.0,0.0,0.319691,0.459991,-0.221804,0.0,0.0,0.502296,0.289536,-0.206315,0.0,0.0,0.472854,0.47191,-0.280439,0.0,0.0,0.459554,0.597769,-0.318602,0.0,0.0,0.446876,0.724971,-0.34524,0.0,0.0,0.575801,0.296886,-0.196263,0.0,0.0,0.581127,0.461835,-0.289811,0.0,0.0,0.587698,0.606319,-0.338737,0.0,0.0,0.595583,0.747674,-0.375196,0.0,0.0,0.633191,0.296745,-0.180646,0.0,0.0,0.665194,0.428076,-0.257738,0.0,0.0,0.688821,0.552166,-0.291014,0.0,0.0,0.709956,0.66808,-0.312704,0.0,0.0,0.674384,0.296682,-0.166688,0.0,0.0,0.733229,0.41866,-0.228621,0.0,0.0,0.772729,0.491423,-0.258758,0.0,0.0,0.811761,0.569289,-0.279521,0.0,0.0
v1.mp4,1219610e4175dfcfd945e2d4a5016440b91148cdbcc5449d7badf3789d2f4a86,1920,1080,12.02,596,49.583,190,15833,Left,0.840615,0.579426,0.097052,1e-06,0.0,0.0,0.497972,0.152924,-0.056945,0.0,0.0,0.426911,0.254536,-0.105515,0.0,0.0,0.36414,0.332069,-0.143818,0.0,0.0,0.305197,0.37336,-0.185151,0.0,0.0,0.497198,0.279935,-0.168547,0.0,0.0,0.467165,0.418493,-0.23539,0.0,0.0,0.44261,0.515185,-0.272233,0.0,0.0,0.417604,0.611918,-0.296886,0.0,0.0,0.568822,0.293431,-0.165987,0.0,0.0,0.575653,0.462198,-0.240804,0.0,0.0,0.583143,0.598356,-0.27993,0.0,0.0,0.59187,0.72995,-0.31024,0.0,0.0,0.628264,0.292869,-0.159901,0.0,0.0,0.659859,0.423952,-0.224893,0.0,0.0,0.684347,0.539252,-0.255398,0.0,0.0,0.706936,0.648045,-0.275349,0.0,0.0,0.675405,0.283513,-0.155254,0.0,0.0,0.728234,0.407053,-0.206907,0.0,0.0,0.766882,0.480806,-0.2314,0.0,0.0,0.804184,0.554471,-0.248993,0.0,0.0
v1.mp4,1219610e4175dfcfd945e2d4a5016440b91148cdbcc5449d7badf3789d2f4a86,1920,1080,12.02,596,49.583,191,15916,Left,0.753926,0.576237,0.10839,1e-06,0.0,0.0,0.493445,0.158951,-0.068961,0.0,0.0,0.426353,0.245646,-0.125421,0.0,0.0,0.367499,0.324357,-0.168232,0.0,0.0,0.316564,0.401447,-0.213218,0.0,0.0,0.499135,0.278183,-0.198792,0.0,0.0,0.465397,0.430461,-0.27098,0.0,0.0,0.447449,0.539099,-0.309299,0.0,0.0,0.431482,0.650575,-0.33579,0.0,0.0,0.573574,0.293843,-0.189732,0.0,0.0,0.576221,0.456573,-0.276591,0.0,0.0,0.583762,0.590027,-0.32443,0.0,0.0,0.594574,0.720115,-0.361586,0.0,0.0,0.632125,0.297849,-0.175221,0.0,0.0,0.663023,0.41787,-0.247484,0.0,0.0,0.688305,0.526375,-0.281787,0.0,0.0,0.712291,0.626139,-0.30533,0.0,0.0,0.674828,0.295505,-0.162371,0.0,0.0,0.729035,0.405129,-0.219789,0.0,0.0,0.768158,0.467381,-0.248801,0.0,0.0,0.80799,0.533207,-0.270132,0.0,0.0
v1.mp4,1219610e4175dfcfd945e2d4a5016440b91148cdbcc5449d7badf3789d2f4a86,1920,1080,12.02,596,49.583,192,16000,Left,0.868418,0.579776,0.097057,1e-06,0.0,0.0,0.495217,0.162883,-0.062001,0.0,0.0,0.424153,0.268199,-0.115266,0.0,0.0,0.367034,0.378162,-0.156147,0.0,0.0,0.32081,0.481278,-0.198613,0.0,0.0,0.497088,0.275282,-0.186718,0.0,0.0,0.466521,0.470407,-0.255811,0.0,0.0,0.451019,0.605618,-0.292152,0.0,0.0,0.437445,0.738465,-0.316815,0.0,0.0,0.570017,0.276075,-0.179235,0.0,0.0,0.571961,0.435435,-0.260266,0.0,0.0,0.580309,0.573383,-0.298749,0.0,0.0,0.592854,0.701839,-0.328317,0.0,0.0,0.628855,0.274209,-0.167084,0.0,0.0,0.661893,0.397933,-0.233067,0.0,0.0,0.690589,0.508075,-0.256293,0.0,0.0,0.719121,0.607971,-0.27184,0.0,0.0,0.674502,0.277945,-0.156896,0.0,0.0,0.727317,0.387424,-0.209429,0.0,0.0,0.765811,0.453446,-0.231257,0.0,0.0,0.805222,0.521401,-0.246104,0.0,0.0
v1.mp4,1219610e4175dfcfd945e2d4a5016440b91148cdbcc5449d7badf3789d2f4a86,1920,1080,12.02,596,49.583,193,16083,Left,0.867739,0.575865,0.102909,1e-06,0.0,0.0,0.491823,0.169678,-0.063241,0.0,0.0,0.419982,0.271683,-0.116224,0.0,0.0,0.365015,0.377982,-0.156154,0.0,0.0,0.322373,0.482988,-0.197557,0.0,0.0,0.499827,0.278115,-0.190788,0.0,0.0,0.470008,0.486568,-0.25999,0.0,0.0,0.457031,0.62729,-0.295403,0.0,0.0,0.447587,0.756913,-0.319199,0.0,0.0,0.573475,0.274409,-0.183508,0.0,0.0,0.573093,0.438588,-0.26536,0.0,0.0,0.580067,0.566941,-0.304017,0.0,0.0,0.593939,0.681316,-0.333289,0.0,0.0,0.631555,0.271596,-0.171667,0.0,0.0,0.664225,0.391899,-0.240905,0.0,0.0,0.69217,0.494373,-0.266881,0.0,0.0,0.72332,0.585661,-0.283579,0.0,0.0,0.676167,0.277944,-0.161491,0.0,0.0,0.72699,0.386766,-0.215924,0.0,0.0,0.766363,0.448138,-0.238904,0.0,0.0,0.807863,0.507576,-0.254463,0.0,0.0
v1.mp4,1219610e4175dfcfd945e2d4a5016440b91148cdbcc5449d7badf3789d2f4a86,1920,1080,12.02,596,49.583,194,16166,Left,0.836351,0.573966,0.102355,1e-06,0.0,0.0,0.488822,0.169308,-0.060343,0.0,0.0,0.419006,0.2748,-0.112151,0.0,0.0,0.365119,0.382326,-0.151537,0.0,0.0,0.319507,0.485012,-0.19248,0.0,0.0,0.498233,0.275429,-0.18417,0.0,0.0,0.469462,0.483701,-0.25069,0.0,0.0,0.457851,0.625304,-0.28473,0.0,0.0,0.450093,0.758302,-0.308066,0.0,0.0,0.57094,0.271598,-0.178034,0.0,0.0,0.568961,0.438313,-0.254185,0.0,0.0,0.573352,0.5734,-0.288998,0.0,0.0,0.583036,0.69844,-0.316274,0.0,0.0,0.630353,0.265497,-0.167538,0.0,0.0,0.66101,0.391696,-0.231511,0.0,0.0,0.685876,0.496791,-0.254059,0.0,0.0,0.712007,0.594893,-0.269662,0.0,0.0,0.674753,0.266102,-0.158768,0.0,0.0,0.729365,0.369452,-0.210326,0.0,0.0,0.769122,0.426704,-0.230834,0.0,0.0,0.808751,0.48698,-0.245124,0.0,0.0
v1.mp4,1219610e4175dfcfd945e2d4a5016440b91148cdbcc5449d7badf3789d2f4a86,1920,1080,12.02,596,49.583,195,16250,Left,0.961147,0.574474,0.101419,1e-06,0.0,0.0,0.489344,0.172145,-0.054214,0.0,0.0,0.421228,0.270666,-0.106927,0.0,0.0,0.365195,0.380854,-0.145831,0.0,0.0,0.318461,0.485882,-0.187236,0.0,0.0,0.496582,0.272198,-0.190716,0.0,0.0,0.472265,0.48128,-0.25705,0.0,0.0,0.461999,0.6282,-0.288552,0.0,0.0,0.453744,0.75828,-0.309619,0.0,0.0,0.571108,0.278468,-0.187593,0.0,0.0,0.570412,0.499708,-0.255791,0.0,0.0,0.57432,0.665281,-0.285936,0.0,0.0,0.581581,0.808733,-0.310853,0.0,0.0,0.632751,0.272633,-0.178924,0.0,0.0,0.665338,0.450932,-0.237097,0.0,0.0,0.681403,0.585815,-0.264127,0.0,0.0,0.694065,0.706837,-0.285835,0.0,0.0,0.673472,0.261344,-0.170522,0.0,0.0,0.736422,0.354196,-0.224732,0.0,0.0,0.779016,0.407956,-0.251257,0.0,0.0,0.816555,0.470168,-0.270384,0.0,0.0
v1.mp4,1219610e4175dfcfd945e2d4a5016440b91148cdbcc5449d7badf3789d2f4a86,1920,1080,12.02,596,49.583,196,16333,Left,0.974976,0.575684,0.125178,1e-06,0.0,0.0,0.48836,0.19032,-0.052509,0.0,0.0,0.416306,0.276466,-0.107467,0.0,0.0,0.364575,0.379519,-0.148009,0.0,0.0,0.320223,0.486212,-0.191997,0.0,0.0,0.490724,0.268263,-0.202257,0.0,0.0,0.471545,0.487116,-0.272101,0.0,0.0,0.462242,0.639299,-0.30701,0.0,0.0,0.453188,0.769995,-0.330159,0.0,0.0,0.569452,0.270449,-0.200186,0.0,0.0,0.569809,0.511044,-0.268221,0.0,0.0,0.573508,0.682346,-0.299244,0.0,0.0,0.580887,0.829762,-0.326195,0.0,0.0,0.634607,0.268279,-0.191723,0.0,0.0,0.651368,0.471487,-0.250583,0.0,0.0,0.661398,0.621619,-0.282028,0.0,0.0,0.669184,0.748318,-0.307782,0.0,0.0,0.678675,0.265136,-0.182458,0.0,0.0,0.742464,0.366398,-0.236971,0.0,0.0,0.787942,0.419594,-0.264858,0.0,0.0,0.826508,0.47238,-0.285755,0.0,0.0
v1.mp4,1219610e4175dfcfd945e2d4a5016440b91148cdbcc5449d7badf3789d2f4a86,1920,1080,12.02,596,49.583,197,16416,Left,0.96621,0.577237,0.11535,1e-06,0.0,0.0,0.489482,0.181501,-0.056591,0.0,0.0,0.41607,0.272761,-0.111945,0.0,0.0,0.365039,0.379142,-0.152619,0.0,0.0,0.320782,0.485354,-0.195875,0.0,0.0,0.494546,0.267078,-0.202838,0.0,0.0,0.475201,0.485125,-0.273306,0.0,0.0,0.464134,0.637091,-0.308123,0.0,0.0,0.453804,0.769911,-0.330766,0.0,0.0,0.570885,0.274579,-0.196942,0.0,0.0,0.568216,0.510052,-0.270536,0.0,0.0,0.570805,0.681867,-0.303663,0.0,0.0,0.577849,0.831225,-0.330987,0.0,0.0,0.633131,0.28242,-0.184924,0.0,0.0,0.65301,0.481961,-0.24537,0.0,0.0,0.664832,0.636875,-0.274606,0.0,0.0,0.675447,0.765909,-0.296935,0.0,0.0,0.675373,0.290736,-0.173013,0.0,0.0,0.738459,0.429321,-0.225762,0.0,0.0,0.78167,0.513113,-0.253354,0.0,0.0,0.820475,0.58873,-0.273466,0.0,0.0
v1.mp4,1219610e4175dfcfd945e2d4a5016440b91148cdbcc5449d7badf3789d2f4a86,1920,1080,12.02,596,49.583,198,16500,Left,0.946272,0.579224,0.116524,1e-06,0.0,0.0,0.489357,0.176998,-0.056213,0.0,0.0,0.415584,0.267121,-0.109782,0.0,0.0,0.358982,0.36596,-0.150015,0.0,0.0,0.310976,0.465485,-0.192551,0.0,0.0,0.494574,0.274724,-0.192292,0.0,0.0,0.473101,0.486161,-0.26077,0.0,0.0,0.461053,0.633399,-0.294476,0.0,0.0,0.449324,0.763861,-0.31665,0.0,0.0,0.569341,0.287397,-0.187206,0.0,0.0,0.568332,0.51252,-0.2596,0.0,0.0,0.569391,0.678917,-0.292449,0.0,0.0,0.573536,0.825731,-0.319495,0.0,0.0,0.630956,0.293665,-0.17688,0.0,0.0,0.648191,0.488372,-0.23726,0.0,0.0,0.657302,0.636001,-0.264578,0.0,0.0,0.66522,0.762058,-0.284912,0.0,0.0,0.673526,0.294999,-0.167164,0.0,0.0,0.725652,0.439883,-0.219997,0.0,0.0,0.760424,0.526611,-0.246558,0.0,0.0,0.791897,0.608085,-0.265675,0.0,0.0
v1.mp4,1219610e4175dfcfd945e2d4a5016440b91148cdbcc5449d7badf3789d2f4a86,1920,1080,12.02,596,49.583,199,16583,Left,0.925129,0.582398,0.109861,1e-06,0.0,0.0,0.495031,0.164066,-0.056194,0.0,0.0,0.419815,0.244837,-0.110517,0.0,0.0,0.354803,0.324038,-0.151708,0.0,0.0,0.298198,0.395168,-0.195201,0.0,0.0,0.497816,0.272211,-0.19446,0.0,0.0,0.468226,0.463426,-0.262241,0.0,0.0,0.449567,0.596168,-0.293614,0.0,0.0,0.430941,0.715769,-0.314259,0.0,0.0,0.571531,0.28863,-0.190648,0.0,0.0,0.566038,0.506738,-0.271146,0.0,0.0,0.562079,0.671982,-0.309202,0.0,0.0,0.560651,0.820724,-0.33795,0.0,0.0,0.63165,0.296869,-0.180555,0.0,0.0,0.650388,0.487594,-0.247699,0.0,0.0,0.662462,0.640258,-0.278902,0.0,0.0,0.671023,0.772526,-0.299877,0.0,0.0,0.67335,0.297768,-0.170576,0.0,0.0,0.725697,0.442209,-0.227332,0.0,0.0,0.760046,0.531189,-0.256214,0.0,0.0,0.791038,0.617341,-0.276209,0.0,0.0
v1.mp4,1219610e4175dfcfd945e2d4a5016440b91148cdbcc5449d7badf3789d2f4a86,1920,1080,12.02,596,49.583,200,16666,Left,0.931537,0.585544,0.108711,1e-06,0.0,0.0,0.498873,0.15917,-0.053644,0.0,0.0,0.421725,0.243195,-0.102505,0.0,0.0,0.35505,0.318844,-0.138716,0.0,0.0,0.296213,0.372168,-0.177358,0.0,0.0,0.501103,0.271195,-0.181505,0.0,0.0,0.463827,0.423423,-0.245382,0.0,0.0,0.441831,0.53834,-0.275951,0.0,0.0,0.420743,0.646572,-0.296381,0.0,0.0,0.574794,0.297134,-0.177605,0.0,0.0,0.565445,0.504804,-0.251807,0.0,0.0,0.559789,0.666426,-0.286702,0.0,0.0,0.556583,0.813441,-0.313707,0.0,0.0,0.634148,0.310948,-0.168134,0.0,0.0,0.648861,0.492142,-0.232293,0.0,0.0,0.660771,0.634878,-0.263388,0.0,0.0,0.669801,0.761405,-0.284023,0.0,0.0,0.675487,0.311851,-0.158801,0.0,0.0,0.726062,0.450527,-0.213837,0.0,0.0,0.760978,0.533399,-0.242502,0.0,0.0,0.792228,0.615003,-0.262353,0.0,0.0
v1.mp4,1219610e4175dfcfd945e2d4a5016440b91148cdbcc5449d7badf3789d2f4a86,1920,1080,12.02,596,49.583,201,16750,Left,0.943048,0.579569,0.107091,1e-06,0.0,0.0,0.492949,0.166873,-0.059049,0.0,0.0,0.419829,0.269638,-0.112084,0.0,0.0,0.360604,0.377963,-0.151599,0.0,0.0,0.313064,0.477238,-0.193865,0.0,0.0,0.499614,0.263055,-0.19304,0.0,0.0,0.469162,0.435938,-0.260553,0.0,0.0,0.452279,0.564234,-0.292027,0.0,0.0,0.436297,0.685218,-0.312896,0.0,0.0,0.573187,0.287703,-0.187699,0.0,0.0,0.569281,0.501108,-0.262767,0.0,0.0,0.568515,0.665263,-0.295061,0.0,0.0,0.569416,0.808973,-0.320841,0.0,0.0,0.631468,0.300403,-0.177147,0.0,0.0,0.653019,0.480821,-0.240241,0.0,0.0,0.672668,0.627946,-0.265068,0.0,0.0,0.688492,0.754889,-0.282802,0.0,0.0,0.671814,0.301475,-0.167676,0.0,0.0,0.72327,0.439456,-0.222592,0.0,0.0,0.758696,0.527913,-0.248559,0.0,0.0,0.791916,0.613062,-0.266904,0.0,0.0
v1.mp4,1219610e4175dfcfd945e2d4a5016440b91148cdbcc5449d7badf3789d2f4a86,1920,1080,12.02,596,49.583,202,16833,Left,0.871271,0.581045,0.114389,1e-06,0.0,0.0,0.493544,0.167006,-0.071423,0.0,0.0,0.420723,0.275071,-0.12879,0.0,0.0,0.362695,0.384279,-0.17033,0.0,0.0,0.312449,0.481391,-0.214223,0.0,0.0,0.501448,0.275903,-0.20711,0.0,0.0,0.466315,0.424394,-0.278168,0.0,0.0,0.450638,0.531664,-0.314175,0.0,0.0,0.436791,0.643594,-0.33998,0.0,0.0,0.577381,0.295347,-0.19637,0.0,0.0,0.576289,0.457542,-0.281986,0.0,0.0,0.58721,0.595055,-0.325273,0.0,0.0,0.599516,0.730659,-0.359625,0.0,0.0,0.636199,0.305109,-0.180487,0.0,0.0,0.665017,0.447334,-0.253811,0.0,0.0,0.689395,0.575803,-0.287239,0.0,0.0,0.711122,0.696941,-0.310862,0.0,0.0,0.677562,0.306675,-0.166024,0.0,0.0,0.727491,0.434867,-0.227152,0.0,0.0,0.763216,0.519401,-0.258966,0.0,0.0,0.797781,0.607682,-0.282504,0.0,0.0
v1.mp4,1219610e4175dfcfd945e2d4a5016440b91148cdbcc5449d7badf3789d2f4a86,1920,1080,12.02,596,49.583,203,16916,Left,0.845666,0.577338,0.109456,1e-06,0.0,0.0,0.493289,0.163188,-0.063339,0.0,0.0,0.421235,0.2664,-0.116254,0.0,0.0,0.356813,0.35447,-0.157924,0.0,0.0,0.299783,0.426236,-0.202062,0.0,0.0,0.495925,0.278216,-0.179351,0.0,0.0,0.466271,0.409611,-0.249266,0.0,0.0,0.444829,0.503247,-0.287945,0.0,0.0,0.423539,0.603566,-0.314519,0.0,0.0,0.569454,0.289536,-0.174784,0.0,0.0,0.57424,0.440912,-0.252434,0.0,0.0,0.581942,0.570344,-0.291556,0.0,0.0,0.590967,0.702914,-0.323212,0.0,0.0,0.629533,0.291786,-0.167508,0.0,0.0,0.657959,0.414403,-0.23501,0.0,0.0,0.679494,0.529665,-0.263823,0.0,0.0,0.698953,0.643132,-0.28377,0.0,0.0,0.676735,0.288259,-0.162423,0.0,0.0,0.723549,0.414901,-0.216183,0.0,0.0,0.757998,0.495675,-0.241717,0.0,0.0,0.791303,0.576935,-0.260987,0.0,0.0
v1.mp4,1219610e4175dfcfd945e2d4a5016440b91148cdbcc5449d7badf3789d2f4a86,1920,1080,12.02,596,49.583,204,17000,Left,0.852398,0.579268,0.109649,1e-06,0.0,0.0,0.494334,0.155404,-0.066302,0.0,0.0,0.421761,0.251192,-0.118935,0.0,0.0,0.356888,0.329041,-0.159498,0.0,0.0,0.295923,0.393132,-0.202216,0.0,0.0,0.501976,0.261425,-0.181946,0.0,0.0,0.470151,0.382347,-0.252069,0.0,0.0,0.44496,0.469349,-0.292086,0.0,0.0,0.418999,0.559647,-0.31958,0.0,0.0,0.575759,0.277249,-0.174705,0.0,0.0,0.579482,0.427668,-0.255463,0.0,0.0,0.58711,0.55799,-0.300711,0.0,0.0,0.5961,0.689098,-0.336927,0.0,0.0,0.633031,0.283486,-0.163698,0.0,0.0,0.6606,0.400598,-0.231617,0.0,0.0,0.684241,0.511083,-0.263312,0.0,0.0,0.704402,0.614503,-0.285328,0.0,0.0,0.676991,0.28361,-0.155046,0.0,0.0,0.720383,0.401006,-0.206764,0.0,0.0,0.7554,0.47461,-0.232285,0.0,0.0,0.790403,0.547492,-0.252104,0.0,0.0
v1.mp4,1219610e4175dfcfd945e2d4a5016440b91148cdbcc5449d7badf3789d2f4a86,1920,1080,12.02,596,49.583,205,17083,Left,0.901201,0.575013,0.109924,1e-06,0.0,0.0,0.490676,0.164353,-0.069165,0.0,0.0,0.419885,0.267765,-0.120812,0.0,0.0,0.360714,0.376785,-0.159164,0.0,0.0,0.312313,0.476376,-0.198835,0.0,0.0,0.495876,0.267277,-0.186767,0.0,0.0,0.466387,0.456992,-0.250081,0.0,0.0,0.458455,0.592451,-0.281143,0.0,0.0,0.452983,0.722178,-0.303467,0.0,0.0,0.571413,0.267481,-0.175596,0.0,0.0,0.57583,0.398338,-0.253932,0.0,0.0,0.588505,0.516727,-0.288501,0.0,0.0,0.603798,0.634252,-0.316112,0.0,0.0,0.631175,0.26473,-0.161132,0.0,0.0,0.663602,0.36799,-0.22811,0.0,0.0,0.692316,0.457696,-0.249953,0.0,0.0,0.719927,0.546527,-0.264628,0.0,0.0,0.676071,0.267116,-0.149602,0.0,0.0,0.722182,0.37217,-0.203523,0.0,0.0,0.75719,0.435519,-0.227371,0.0,0.0,0.793712,0.500103,-0.244431,0.0,0.0
v1.mp4,1219610e4175dfcfd945e2d4a5016440b91148cdbcc5449d7badf3789d2f4a86,1920,1080,12.02,596,49.583,206,17166,Left,0.930576,0.571924,0.114945,1e-06,0.0,0.0,0.488906,0.181178,-0.062781,0.0,0.0,0.417575,0.282425,-0.117383,0.0,0.0,0.363586,0.384173,-0.159157,0.0,0.0,0.316185,0.481325,-0.202963,0.0,0.0,0.497858,0.26038,-0.195892,0.0,0.0,0.477613,0.477518,-0.266506,0.0,0.0,0.465667,0.620448,-0.302993,0.0,0.0,0.457794,0.75038,-0.328059,0.0,0.0,0.570718,0.25562,-0.188972,0.0,0.0,0.579314,0.399447,-0.271764,0.0,0.0,0.589887,0.488409,-0.304843,0.0,0.0,0.609793,0.566968,-0.329878,0.0,0.0,0.629284,0.257763,-0.178556,0.0,0.0,0.672241,0.363591,-0.250296,0.0,0.0,0.709609,0.426742,-0.27591,0.0,0.0,0.748889,0.479113,-0.292594,0.0,0.0,0.671895,0.269244,-0.169809,0.0,0.0,0.713714,0.3696,-0.226509,0.0,0.0,0.756711,0.415695,-0.253303,0.0,0.0,0.803131,0.454349,-0.273474,0.0,0.0
v1.mp4,1219610e4175dfcfd945e2d4a5016440b91148cdbcc5449d7badf3789d2f4a86,1920,1080,12.02,596,49.583,207,17250,Left,0.955586,0.574223,0.10589,1e-06,0.0,0.0,0.487915,0.176133,-0.060108,0.0,0.0,0.417163,0.275121,-0.113097,0.0,0.0,0.364796,0.379184,-0.15247,0.0,0.0,0.316733,0.475408,-0.193497,0.0,0.0,0.497985,0.275635,-0.188982,0.0,0.0,0.47192,0.478139,-0.257302,0.0,0.0,0.462281,0.617835,-0.29348,0.0,0.0,0.456942,0.745909,-0.317811,0.0,0.0,0.574246,0.268651,-0.181056,0.0,0.0,0.574384,0.430596,-0.255574,0.0,0.0,0.581891,0.555406,-0.289593,0.0,0.0,0.597076,0.669569,-0.316115,0.0,0.0,0.633234,0.261979,-0.168036,0.0,0.0,0.668373,0.373206,-0.22918,0.0,0.0,0.697815,0.468257,-0.25134,0.0,0.0,0.730137,0.556027,-0.267045,0.0,0.0,0.677097,0.263588,-0.156526,0.0,0.0,0.735853,0.339975,-0.205328,0.0,0.0,0.779865,0.383358,-0.224662,0.0,0.0,0.823085,0.433182,-0.237763,0.0,0.0
v1.mp4,1219610e4175dfcfd945e2d4a5016440b91148cdbcc5449d7badf3789d2f4a86,1920,1080,12.02,596,49.583,208,17333,Left,0.97305,0.57736,0.120659,1e-06,0.0,0.0,0.492189,0.189724,-0.046309,0.0,0.0,0.418618,0.281676,-0.096329,0.0,0.0,0.363864,0.381201,-0.133371,0.0,0.0,0.315488,0.479469,-0.173959,0.0,0.0,0.493027,0.264802,-0.186625,0.0,0.0,0.474926,0.474058,-0.252907,0.0,0.0,0.466415,0.624269,-0.286734,0.0,0.0,0.459399,0.754575,-0.309169,0.0,0.0,0.568775,0.262053,-0.186737,0.0,0.0,0.570382,0.502724,-0.251057,0.0,0.0,0.575599,0.669782,-0.281099,0.0,0.0,0.586797,0.813062,-0.30675,0.0,0.0,0.632055,0.255567,-0.180273,0.0,0.0,0.657918,0.452258,-0.235941,0.0,0.0,0.677894,0.594729,-0.265229,0.0,0.0,0.696683,0.717656,-0.289036,0.0,0.0,0.67518,0.249204,-0.172789,0.0,0.0,0.742335,0.338173,-0.223552,0.0,0.0,0.788112,0.381124,-0.247509,0.0,0.0,0.827465,0.427183,-0.265303,0.0,0.0
v1.mp4,1219610e4175dfcfd945e2d4a5016440b91148cdbcc5449d7badf3789d2f4a86,1920,1080,12.02,596,49.583,209,17416,Left,0.985266,0.577966,0.13259,1e-06,0.0,0.0,0.489423,0.197709,-0.055429,0.0,0.0,0.416487,0.281742,-0.112781,0.0,0.0,0.362324,0.377692,-0.154619,0.0,0.0,0.318226,0.484755,-0.200105,0.0,0.0,0.497147,0.258182,-0.216741,0.0,0.0,0.477486,0.473672,-0.292849,0.0,0.0,0.46494,0.624774,-0.331736,0.0,0.0,0.453992,0.753308,-0.356761,0.0,0.0,0.573301,0.260179,-0.213554,0.0,0.0,0.574452,0.510445,-0.290972,0.0,0.0,0.574995,0.683297,-0.32914,0.0,0.0,0.583095,0.828778,-0.359583,0.0,0.0,0.632929,0.262853,-0.202255,0.0,0.0,0.662553,0.465209,-0.267564,0.0,0.0,0.678978,0.612643,-0.303355,0.0,0.0,0.695835,0.739923,-0.330991,0.0,0.0,0.670535,0.268239,-0.189766,0.0,0.0,0.737621,0.348989,-0.24573,0.0,0.0,0.783672,0.392436,-0.272996,0.0,0.0,0.825967,0.439163,-0.293185,0.0,0.0
v1.mp4,1219610e4175dfcfd945e2d4a5016440b91148cdbcc5449d7badf3789d2f4a86,1920,1080,12.02,596,49.583,210,17500,Left,0.964056,0.578998,0.134308,1e-06,0.0,0.0,0.490761,0.197656,-0.054868,0.0,0.0,0.418189,0.279848,-0.113913,0.0,0.0,0.363475,0.3777,-0.157917,0.0,0.0,0.315972,0.485073,-0.205578,0.0,0.0,0.497442,0.259457,-0.215381,0.0,0.0,0.477832,0.476308,-0.290423,0.0,0.0,0.466482,0.62852,-0.32839,0.0,0.0,0.456085,0.757323,-0.353121,0.0,0.0,0.574765,0.260342,-0.21304,0.0,0.0,0.571454,0.505963,-0.290867,0.0,0.0,0.573859,0.679319,-0.328037,0.0,0.0,0.582299,0.825392,-0.358507,0.0,0.0,0.638018,0.262768,-0.202756,0.0,0.0,0.65986,0.472707,-0.268142,0.0,0.0,0.677514,0.624977,-0.300638,0.0,0.0,0.693647,0.75277,-0.326419,0.0,0.0,0.67922,0.266415,-0.191307,0.0,0.0,0.744195,0.368394,-0.247151,0.0,0.0,0.785691,0.426974,-0.273028,0.0,0.0,0.822937,0.486644,-0.292653,0.0,0.0
v1.mp4,1219610e4175dfcfd945e2d4a5016440b91148cdbcc5449d7badf3789d2f4a86,1920,1080,12.02,596,49.583,211,17583,Left,0.947964,0.578299,0.135359,1e-06,0.0,0.0,0.489154,0.191715,-0.062145,0.0,0.0,0.417807,0.272639,-0.124591,0.0,0.0,0.364704,0.3717,-0.170759,0.0,0.0,0.316729,0.477367,-0.219846,0.0,0.0,0.497249,0.256271,-0.223944,0.0,0.0,0.478585,0.472247,-0.301451,0.0,0.0,0.468184,0.626941,-0.340716,0.0,0.0,0.458241,0.760255,-0.366172,0.0,0.0,0.576176,0.263846,-0.216739,0.0,0.0,0.571109,0.501436,-0.298037,0.0,0.0,0.573331,0.676185,-0.334802,0.0,0.0,0.580752,0.82539,-0.364997,0.0,0.0,0.639516,0.27393,-0.202182,0.0,0.0,0.660015,0.481235,-0.267612,0.0,0.0,0.678499,0.637971,-0.297041,0.0,0.0,0.694356,0.766892,-0.319932,0.0,0.0,0.680999,0.284743,-0.187603,0.0,0.0,0.74885,0.41978,-0.242754,0.0,0.0,0.793063,0.503962,-0.26923,0.0,0.0,0.831592,0.581935,-0.289013,0.0,0.0
v1.mp4,1219610e4175dfcfd945e2d4a5016440b91148cdbcc5449d7badf3789d2f4a86,1920,1080,12.02,596,49.583,212,17666,Left,0.905944,0.577832,0.135865,1e-06,0.0,0.0,0.488844,0.185565,-0.064866,0.0,0.0,0.415641,0.267954,-0.126514,0.0,0.0,0.358449,0.360953,-0.173223,0.0,0.0,0.308568,0.46348,-0.222886,0.0,0.0,0.496884,0.257779,-0.21898,0.0,0.0,0.474453,0.474055,-0.295353,0.0,0.0,0.464432,0.6252,-0.334654,0.0,0.0,0.455832,0.761362,-0.36126,0.0,0.0,0.573219,0.269668,-0.212337,0.0,0.0,0.568847,0.505314,-0.294464,0.0,0.0,0.571785,0.675182,-0.335575,0.0,0.0,0.579649,0.825841,-0.369797,0.0,0.0,0.635586,0.280186,-0.199116,0.0,0.0,0.656324,0.480542,-0.266567,0.0,0.0,0.671085,0.627664,-0.300095,0.0,0.0,0.684687,0.750027,-0.325852,0.0,0.0,0.677615,0.288901,-0.186485,0.0,0.0,0.733456,0.435569,-0.243694,0.0,0.0,0.770568,0.521107,-0.27341,0.0,0.0,0.805637,0.599888,-0.296425,0.0,0.0
v1.mp4,1219610e4175dfcfd945e2d4a5016440b91148cdbcc5449d7badf3789d2f4a86,1920,1080,12.02,596,49.583,213,17750,Left,0.912855,0.581634,0.119675,1e-06,0.0,0.0,0.494389,0.170158,-0.063793,0.0,0.0,0.422238,0.256576,-0.124313,0.0,0.0,0.357893,0.343076,-0.169364,0.0,0.0,0.302131,0.430671,-0.216823,0.0,0.0,0.499437,0.252695,-0.218434,0.0,0.0,0.472876,0.43677,-0.292064,0.0,0.0,0.459156,0.572075,-0.326233,0.0,0.0,0.4462,0.69282,-0.34898,0.0,0.0,0.575304,0.271585,-0.212296,0.0,0.0,0.566141,0.497106,-0.299221,0.0,0.0,0.562124,0.667317,-0.340385,0.0,0.0,0.561937,0.818213,-0.372561,0.0,0.0,0.637671,0.285759,-0.199073,0.0,0.0,0.655823,0.477072,-0.271305,0.0,0.0,0.671179,0.629608,-0.306157,0.0,0.0,0.683778,0.75991,-0.330687,0.0,0.0,0.680617,0.293066,-0.185839,0.0,0.0,0.735673,0.43661,-0.246459,0.0,0.0,0.77129,0.52459,-0.278736,0.0,0.0,0.804619,0.609381,-0.302525,0.0,0.0
v1.mp4,1219610e4175dfcfd945e2d4a5016440b91148cdbcc5449d7badf3789d2f4a86,1920,1080,12.02,596,49.583,214,17833,Left,0.920087,0.587941,0.119133,1e-06,0.0,0.0,0.50048,0.169251,-0.059979,0.0,0.0,0.424377,0.24797,-0.117995,0.0,0.0,0.354754,0.308293,-0.161159,0.0,0.0,0.294199,0.350604,-0.207595,0.0,0.0,0.503014,0.253895,-0.217511,0.0,0.0,0.467202,0.406877,-0.29314,0.0,0.0,0.445092,0.522256,-0.329701,0.0,0.0,0.421331,0.629771,-0.354174,0.0,0.0,0.578789,0.278224,-0.213173,0.0,0.0,0.566918,0.493228,-0.302425,0.0,0.0,0.560814,0.661716,-0.347836,0.0,0.0,0.557367,0.814658,-0.383468,0.0,0.0,0.641172,0.297222,-0.200981,0.0,0.0,0.657374,0.479621,-0.275804,0.0,0.0,0.670408,0.628518,-0.317059,0.0,0.0,0.680263,0.756636,-0.345889,0.0,0.0,0.685123,0.304774,-0.188203,0.0,0.0,0.737585,0.442831,-0.251306,0.0,0.0,0.772289,0.526299,-0.287783,0.0,0.0,0.804361,0.608045,-0.315047,0.0,0.0
v1.mp4,1219610e4175dfcfd945e2d4a5016440b91148cdbcc5449d7badf3789d2f4a86,1920,1080,12.02,596,49.583,215,17916,Left,0.938286,0.584354,0.11549,1e-06,0.0,0.0,0.498737,0.171776,-0.050357,0.0,0.0,0.423808,0.246427,-0.102506,0.0,0.0,0.357283,0.305892,-0.142945,0.0,0.0,0.296573,0.349032,-0.186458,0.0,0.0,0.501867,0.261091,-0.193592,0.0,0.0,0.471647,0.464147,-0.260489,0.0,0.0,0.457606,0.608534,-0.29114,0.0,0.0,0.444405,0.73647,-0.311275,0.0,0.0,0.575823,0.274641,-0.191676,0.0,0.0,0.56655,0.499011,-0.269169,0.0,0.0,0.56526,0.669553,-0.304697,0.0,0.0,0.567589,0.82066,-0.332429,0.0,0.0,0.637638,0.283233,-0.182611,0.0,0.0,0.656809,0.478043,-0.246925,0.0,0.0,0.671324,0.628609,-0.27668,0.0,0.0,0.683098,0.756561,-0.297334,0.0,0.0,0.681404,0.288619,-0.173237,0.0,0.0,0.736332,0.434207,-0.228549,0.0,0.0,0.771727,0.523111,-0.256573,0.0,0.0,0.803559,0.608307,-0.276367,0.0,0.0
v1.mp4,1219610e4175dfcfd945e2d4a5016440b91148cdbcc5449d7badf3789d2f4a86,1920,1080,12.02,596,49.583,216,18000,Left,0.962171,0.577704,0.1234,1e-06,0.0,0.0,0.491406,0.180137,-0.056291,0.0,0.0,0.419873,0.264382,-0.111664,0.0,0.0,0.36113,0.356945,-0.153371,0.0,0.0,0.30808,0.449673,-0.197195,0.0,0.0,0.494593,0.266233,-0.200421,0.0,0.0,0.472297,0.47303,-0.270458,0.0,0.0,0.46204,0.6233,-0.303721,0.0,0.0,0.451674,0.75783,-0.325255,0.0,0.0,0.570548,0.276251,-0.195402,0.0,0.0,0.56771,0.501883,-0.271102,0.0,0.0,0.570146,0.672737,-0.304633,0.0,0.0,0.575445,0.822545,-0.332112,0.0,0.0,0.632688,0.283499,-0.184165,0.0,0.0,0.654181,0.469151,-0.246671,0.0,0.0,0.669001,0.618532,-0.273292,0.0,0.0,0.681098,0.745663,-0.292789,0.0,0.0,0.6765,0.289061,-0.173358,0.0,0.0,0.733735,0.43234,-0.226783,0.0,0.0,0.770195,0.521505,-0.252676,0.0,0.0,0.803101,0.606672,-0.271247,0.0,0.0
v1.mp4,1219610e4175dfcfd945e2d4a5016440b91148cdbcc5449d7badf3789d2f4a86,1920,1080,12.02,596,49.583,217,18083,Left,0.938055,0.57673,0.119891,1e-06,0.0,0.0,0.491621,0.175359,-0.059538,0.0,0.0,0.419304,0.266188,-0.115472,0.0,0.0,0.357004,0.356972,-0.157442,0.0,0.0,0.302987,0.445496,-0.201646,0.0,0.0,0.498089,0.265551,-0.201975,0.0,0.0,0.475118,0.466021,-0.271752,0.0,0.0,0.460664,0.60699,-0.304229,0.0,0.0,0.446308,0.733935,-0.325201,0.0,0.0,0.572093,0.279965,-0.196336,0.0,0.0,0.569775,0.500973,-0.275407,0.0,0.0,0.569412,0.668688,-0.311316,0.0,0.0,0.571785,0.816369,-0.339514,0.0,0.0,0.632011,0.288158,-0.184561,0.0,0.0,0.656055,0.470727,-0.250174,0.0,0.0,0.67292,0.62151,-0.279117,0.0,0.0,0.686341,0.751407,-0.299424,0.0,0.0,0.673916,0.29295,-0.173312,0.0,0.0,0.729368,0.434481,-0.228042,0.0,0.0,0.763965,0.522694,-0.254779,0.0,0.0,0.795363,0.608154,-0.274015,0.0,0.0
v1.mp4,1219610e4175dfcfd945e2d4a5016440b91148cdbcc5449d7badf3789d2f4a86,1920,1080,12.02,596,49.583,218,18166,Left,0.90613,0.580205,0.104872,1e-06,0.0,0.0,0.494089,0.15818,-0.062024,0.0,0.0,0.42291,0.258774,-0.115468,0.0,0.0,0.361418,0.356119,-0.155266,0.0,0.0,0.308506,0.44397,-0.19781,0.0,0.0,0.50247,0.264655,-0.187993,0.0,0.0,0.4693,0.410055,-0.255144,0.0,0.0,0.448716,0.523847,-0.288701,0.0,0.0,0.428493,0.634684,-0.311021,0.0,0.0,0.575041,0.286174,-0.181528,0.0,0.0,0.573681,0.48871,-0.255032,0.0,0.0,0.574315,0.6467,-0.289807,0.0,0.0,0.575722,0.792173,-0.317405,0.0,0.0,0.632664,0.295857,-0.170522,0.0,0.0,0.662712,0.46225,-0.232915,0.0,0.0,0.684964,0.609232,-0.262069,0.0,0.0,0.700932,0.743106,-0.282566,0.0,0.0,0.672633,0.293192,-0.160808,0.0,0.0,0.727678,0.426513,-0.213821,0.0,0.0,0.763441,0.518079,-0.240892,0.0,0.0,0.794861,0.610486,-0.260675,0.0,0.0
v1.mp4,1219610e4175dfcfd945e2d4a5016440b91148cdbcc5449d7badf3789d2f4a86,1920,1080,12.02,596,49.583,219,18250,Left,0.850231,0.575646,0.108253,1e-06,0.0,0.0,0.490192,0.166065,-0.067852,0.0,0.0,0.419709,0.275277,-0.122758,0.0,0.0,0.366538,0.379239,-0.164553,0.0,0.0,0.32127,0.477508,-0.208671,0.0,0.0,0.499333,0.269893,-0.192837,0.0,0.0,0.46381,0.42348,-0.261946,0.0,0.0,0.438325,0.523989,-0.297276,0.0,0.0,0.415614,0.630939,-0.321558,0.0,0.0,0.570937,0.274772,-0.184736,0.0,0.0,0.568676,0.429606,-0.263517,0.0,0.0,0.57404,0.555941,-0.301472,0.0,0.0,0.584248,0.67728,-0.331993,0.0,0.0,0.628239,0.276113,-0.173111,0.0,0.0,0.663337,0.392968,-0.243398,0.0,0.0,0.693869,0.502308,-0.274287,0.0,0.0,0.723413,0.606237,-0.295385,0.0,0.0,0.672479,0.278174,-0.163148,0.0,0.0,0.721766,0.392092,-0.21938,0.0,0.0,0.757496,0.455864,-0.246836,0.0,0.0,0.79367,0.520543,-0.267462,0.0,0.0
v1.mp4,1219610e4175dfcfd945e2d4a5016440b91148cdbcc5449d7badf3789d2f4a86,1920,1080,12.02,596,49.583,220,18333,Left,0.756113,0.57241,0.096952,1e-06,0.0,0.0,0.490188,0.162152,-0.061033,0.0,0.0,0.421073,0.272305,-0.111084,0.0,0.0,0.369272,0.377772,-0.150077,0.0,0.0,0.323151,0.470546,-0.191742,0.0,0.0,0.490312,0.260152,-0.178805,0.0,0.0,0.462453,0.427692,-0.244517,0.0,0.0,0.440532,0.533533,-0.2785,0.0,0.0,0.423568,0.64032,-0.301077,0.0,0.0,0.563557,0.255097,-0.174199,0.0,0.0,0.568206,0.398747,-0.252733,0.0,0.0,0.576561,0.504047,-0.28861,0.0,0.0,0.594077,0.603454,-0.315251,0.0,0.0,0.623649,0.251035,-0.166388,0.0,0.0,0.664315,0.356022,-0.237253,0.0,0.0,0.699419,0.432658,-0.264355,0.0,0.0,0.737448,0.505203,-0.280363,0.0,0.0,0.671494,0.252572,-0.159882,0.0,0.0,0.717825,0.361528,-0.212599,0.0,0.0,0.755515,0.418564,-0.235299,0.0,0.0,0.796724,0.473963,-0.251859,0.0,0.0
v1.mp4,1219610e4175dfcfd945e2d4a5016440b91148cdbcc5449d7badf3789d2f4a86,1920,1080,12.02,596,49.583,221,18416,Left,0.855111,0.568152,0.119745,1e-06,0.0,0.0,0.488201,0.179878,-0.061968,0.0,0.0,0.418054,0.275827,-0.115401,0.0,0.0,0.364114,0.375069,-0.156519,0.0,0.0,0.316797,0.468392,-0.200073,0.0,0.0,0.493701,0.254829,-0.193817,0.0,0.0,0.472559,0.462739,-0.26296,0.0,0.0,0.454999,0.602523,-0.298892,0.0,0.0,0.441492,0.733464,-0.324134,0.0,0.0,0.564144,0.249679,-0.187784,0.0,0.0,0.577789,0.385513,-0.268291,0.0,0.0,0.579191,0.475864,-0.303056,0.0,0.0,0.590306,0.563199,-0.330198,0.0,0.0,0.619835,0.250168,-0.177795,0.0,0.0,0.668687,0.344329,-0.247456,0.0,0.0,0.703989,0.407848,-0.27265,0.0,0.0,0.742397,0.464687,-0.289766,0.0,0.0,0.660361,0.258873,-0.169633,0.0,0.0,0.706058,0.352346,-0.223895,0.0,0.0,0.747722,0.398806,-0.248731,0.0,0.0,0.792889,0.442878,-0.267966,0.0,0.0
v1.mp4,1219610e4175dfcfd945e2d4a5016440b91148cdbcc5449d7badf3789d2f4a86,1920,1080,12.02,596,49.583,222,18500,Left,0.90962,0.571858,0.119216,1e-06,0.0,0.0,0.484659,0.180556,-0.073334,0.0,0.0,0.416685,0.275972,-0.138346,0.0,0.0,0.36677,0.369917,-0.187942,0.0,0.0,0.322254,0.4742,-0.240106,0.0,0.0,0.494708,0.257197,-0.229671,0.0,0.0,0.469521,0.469272,-0.310057,0.0,0.0,0.453914,0.610317,-0.352523,0.0,0.0,0.442181,0.740287,-0.381894,0.0,0.0,0.568722,0.252534,-0.22188,0.0,0.0,0.569834,0.39426,-0.31913,0.0,0.0,0.574344,0.49741,-0.36623,0.0,0.0,0.586817,0.596118,-0.402404,0.0,0.0,0.628108,0.251211,-0.208136,0.0,0.0,0.668709,0.34477,-0.290316,0.0,0.0,0.699332,0.424017,-0.324046,0.0,0.0,0.732011,0.490088,-0.347139,0.0,0.0,0.673806,0.260036,-0.195828,0.0,0.0,0.726224,0.346054,-0.256067,0.0,0.0,0.765188,0.397507,-0.283881,0.0,0.0,0.807333,0.444187,-0.305825,0.0,0.0
v1.mp4,1219610e4175dfcfd945e2d4a5016440b91148cdbcc5449d7badf3789d2f4a86,1920,1080,12.02,596,49.583,223,18583,Left,0.94959,0.575977,0.106058,1e-06,0.0,0.0,0.489725,0.171565,-0.060821,0.0,0.0,0.421171,0.265943,-0.116613,0.0,0.0,0.369124,0.36946,-0.156887,0.0,0.0,0.323526,0.473703,-0.198959,0.0,0.0,0.496991,0.250906,-0.206231,0.0,0.0,0.467357,0.46315,-0.274636,0.0,0.0,0.453606,0.606169,-0.305677,0.0,0.0,0.442681,0.735846,-0.326635,0.0,0.0,0.570871,0.252997,-0.199318,0.0,0.0,0.56876,0.439856,-0.271966,0.0,0.0,0.569069,0.583418,-0.301528,0.0,0.0,0.572833,0.712013,-0.325765,0.0,0.0,0.631076,0.25221,-0.186764,0.0,0.0,0.666568,0.388964,-0.249901,0.0,0.0,0.680844,0.503131,-0.275503,0.0,0.0,0.691802,0.611456,-0.295468,0.0,0.0,0.67252,0.256477,-0.174799,0.0,0.0,0.737844,0.333716,-0.230536,0.0,0.0,0.778366,0.371237,-0.255444,0.0,0.0,0.812837,0.422316,-0.273636,0.0,0.0
v1.mp4,1219610e4175dfcfd945e2d4a5016440b91148cdbcc5449d7badf3789d2f4a86,1920,1080,12.02,596,49.583,224,18666,Left,0.963225,0.575753,0.128453,1e-06,0.0,0.0,0.489023,0.190889,-0.054924,0.0,0.0,0.42049,0.27373,-0.111168,0.0,0.0,0.368386,0.372389,-0.152694,0.0,0.0,0.325168,0.482452,-0.197381,0.0,0.0,0.490018,0.258701,-0.207411,0.0,0.0,0.468414,0.471755,-0.279245,0.0,0.0,0.455741,0.618735,-0.31431,0.0,0.0,0.445132,0.748523,-0.337088,0.0,0.0,0.564384,0.260512,-0.204715,0.0,0.0,0.563849,0.490428,-0.279463,0.0,0.0,0.568067,0.658783,-0.313898,0.0,0.0,0.579337,0.80257,-0.342413,0.0,0.0,0.628461,0.257853,-0.195043,0.0,0.0,0.654772,0.43463,-0.258756,0.0,0.0,0.670515,0.572182,-0.289412,0.0,0.0,0.685685,0.693729,-0.313768,0.0,0.0,0.674572,0.255707,-0.184752,0.0,0.0,0.741894,0.342358,-0.241289,0.0,0.0,0.785376,0.383617,-0.267389,0.0,0.0,0.824285,0.432582,-0.286892,0.0,0.0
v1.mp4,1219610e4175dfcfd945e2d4a5016440b91148cdbcc5449d7badf3789d2f4a86,1920,1080,12.02,596,49.583,225,18750,Left,0.962893,0.577792,0.133265,1e-06,0.0,0.0,0.485749,0.201405,-0.053091,0.0,0.0,0.414748,0.280803,-0.111718,0.0,0.0,0.364235,0.375155,-0.15511,0.0,0.0,0.3206,0.486558,-0.202551,0.0,0.0,0.491901,0.254533,-0.218125,0.0,0.0,0.470638,0.467686,-0.295899,0.0,0.0,0.454331,0.617034,-0.337257,0.0,0.0,0.439692,0.744494,-0.364478,0.0,0.0,0.568431,0.253391,-0.217684,0.0,0.0,0.568071,0.498566,-0.297662,0.0,0.0,0.568547,0.672337,-0.338478,0.0,0.0,0.576341,0.820005,-0.371816,0.0,0.0,0.631524,0.254488,-0.208749,0.0,0.0,0.657956,0.465504,-0.27617,0.0,0.0,0.672158,0.615863,-0.311676,0.0,0.0,0.686887,0.744969,-0.340171,0.0,0.0,0.673363,0.259291,-0.19823,0.0,0.0,0.740581,0.348047,-0.256483,0.0,0.0,0.784428,0.398114,-0.283691,0.0,0.0,0.824468,0.453396,-0.304528,0.0,0.0
v1.mp4,1219610e4175dfcfd945e2d4a5016440b91148cdbcc5449d7badf3789d2f4a86,1920,1080,12.02,596,49.583,226,18833,Left,0.941011,0.580794,0.139066,1e-06,0.0,0.0,0.486812,0.20071,-0.050684,0.0,0.0,0.412964,0.276042,-0.106373,0.0,0.0,0.364031,0.370991,-0.147921,0.0,0.0,0.3226,0.480734,-0.193562,0.0,0.0,0.491464,0.253337,-0.207026,0.0,0.0,0.468825,0.464695,-0.281905,0.0,0.0,0.453269,0.613649,-0.322094,0.0,0.0,0.439214,0.740144,-0.348624,0.0,0.0,0.568385,0.254669,-0.207625,0.0,0.0,0.567132,0.498489,-0.282884,0.0,0.0,0.567462,0.671084,-0.321942,0.0,0.0,0.574633,0.817197,-0.35422,0.0,0.0,0.632185,0.257244,-0.200242,0.0,0.0,0.656248,0.468566,-0.264195,0.0,0.0,0.670333,0.615973,-0.297993,0.0,0.0,0.685426,0.74332,-0.325539,0.0,0.0,0.675443,0.262379,-0.191447,0.0,0.0,0.742045,0.344776,-0.24808,0.0,0.0,0.785838,0.394194,-0.274121,0.0,0.0,0.82534,0.450011,-0.293824,0.0,0.0
v1.mp4,1219610e4175dfcfd945e2d4a5016440b91148cdbcc5449d7badf3789d2f4a86,1920,1080,12.02,596,49.583,227,18916,Left,0.96449,0.579108,0.130947,1e-06,0.0,0.0,0.486227,0.184988,-0.060416,0.0,0.0,0.413072,0.26937,-0.118529,0.0,0.0,0.3612,0.370418,-0.160889,0.0,0.0,0.316566,0.478846,-0.205827,0.0,0.0,0.48756,0.253686,-0.214583,0.0,0.0,0.465277,0.461359,-0.291377,0.0,0.0,0.4505,0.614098,-0.331122,0.0,0.0,0.437913,0.746222,-0.356661,0.0,0.0,0.564728,0.260814,-0.208095,0.0,0.0,0.5634,0.500045,-0.289633,0.0,0.0,0.562281,0.677395,-0.329093,0.0,0.0,0.567906,0.826395,-0.360785,0.0,0.0,0.626848,0.275526,-0.194489,0.0,0.0,0.653134,0.489311,-0.260435,0.0,0.0,0.670838,0.641682,-0.28857,0.0,0.0,0.687244,0.767186,-0.30971,0.0,0.0,0.67081,0.295357,-0.181031,0.0,0.0,0.728264,0.441901,-0.235324,0.0,0.0,0.766354,0.527293,-0.25937,0.0,0.0,0.800533,0.607444,-0.276986,0.0,0.0
v1.mp4,1219610e4175dfcfd945e2d4a5016440b91148cdbcc5449d7badf3789d2f4a86,1920,1080,12.02,596,49.583,228,19000,Left,0.949045,0.582275,0.12931,1e-06,0.0,0.0,0.491919,0.17707,-0.058391,0.0,0.0,0.418557,0.261704,-0.114024,0.0,0.0,0.361432,0.359694,-0.155058,0.0,0.0,0.314111,0.462166,-0.198887,0.0,0.0,0.491718,0.245573,-0.203799,0.0,0.0,0.462083,0.438326,-0.274413,0.0,0.0,0.444123,0.576392,-0.309368,0.0,0.0,0.429447,0.701227,-0.332214,0.0,0.0,0.566926,0.260727,-0.198793,0.0,0.0,0.56075,0.496525,-0.276264,0.0,0.0,0.559285,0.67003,-0.313311,0.0,0.0,0.565031,0.819477,-0.343186,0.0,0.0,0.628517,0.277593,-0.186988,0.0,0.0,0.652228,0.486331,-0.250882,0.0,0.0,0.670561,0.638987,-0.278598,0.0,0.0,0.688388,0.766919,-0.299282,0.0,0.0,0.671892,0.294567,-0.17526,0.0,0.0,0.727998,0.441729,-0.228274,0.0,0.0,0.764931,0.52742,-0.251944,0.0,0.0,0.799124,0.609135,-0.269507,0.0,0.0
v1.mp4,1219610e4175dfcfd945e2d4a5016440b91148cdbcc5449d7badf3789d2f4a86,1920,1080,12.02,596,49.583,229,19083,Left,0.959886,0.584045,0.113634,1e-06,0.0,0.0,0.496094,0.169705,-0.054663,0.0,0.0,0.420976,0.252429,-0.108842,0.0,0.0,0.356093,0.333024,-0.148637,0.0,0.0,0.298711,0.406917,-0.19104,0.0,0.0,0.495018,0.246685,-0.203958,0.0,0.0,0.463736,0.412796,-0.276643,0.0,0.0,0.442318,0.540376,-0.313909,0.0,0.0,0.423392,0.656689,-0.338278,0.0,0.0,0.570546,0.264779,-0.200197,0.0,0.0,0.56544,0.488196,-0.279987,0.0,0.0,0.559737,0.657799,-0.318915,0.0,0.0,0.559961,0.805106,-0.350012,0.0,0.0,0.630604,0.283703,-0.189138,0.0,0.0,0.655131,0.483786,-0.254162,0.0,0.0,0.670506,0.633772,-0.284388,0.0,0.0,0.682759,0.761146,-0.306632,0.0,0.0,0.671916,0.297823,-0.177894,0.0,0.0,0.727895,0.443545,-0.231015,0.0,0.0,0.764897,0.526206,-0.256797,0.0,0.0,0.796305,0.606922,-0.276133,0.0,0.0
v1.mp4,1219610e4175dfcfd945e2d4a5016440b91148cdbcc5449d7badf3789d2f4a86,1920,1080,12.02,596,49.583,230,19166,Left,0.941083,0.579937,0.109556,1e-06,0.0,0.0,0.491474,0.166129,-0.064691,0.0,0.0,0.417933,0.263287,-0.12014,0.0,0.0,0.360413,0.368993,-0.160428,0.0,0.0,0.311773,0.470489,-0.203061,0.0,0.0,0.496536,0.269473,-0.202226,0.0,0.0,0.464674,0.429447,-0.272165,0.0,0.0,0.448937,0.549946,-0.30627,0.0,0.0,0.434272,0.668408,-0.329596,0.0,0.0,0.573375,0.292784,-0.194702,0.0,0.0,0.572329,0.490829,-0.276765,0.0,0.0,0.576501,0.652707,-0.316483,0.0,0.0,0.583476,0.797092,-0.347652,0.0,0.0,0.632037,0.306345,-0.181256,0.0,0.0,0.659733,0.469251,-0.249555,0.0,0.0,0.677888,0.60947,-0.279092,0.0,0.0,0.694006,0.732906,-0.300278,0.0,0.0,0.672485,0.311144,-0.168918,0.0,0.0,0.734128,0.437071,-0.227244,0.0,0.0,0.774449,0.511936,-0.255489,0.0,0.0,0.812048,0.588626,-0.275572,0.0,0.0
v1.mp4,1219610e4175dfcfd945e2d4a5016440b91148cdbcc5449d7badf3789d2f4a86,1920,1080,12.02,596,49.583,231,19250,Left,0.876279,0.574523,0.101204,1e-06,0.0,0.0,0.492181,0.157087,-0.060088,0.0,0.0,0.418475,0.272855,-0.109902,0.0,0.0,0.359464,0.382038,-0.147401,0.0,0.0,0.311183,0.47808,-0.187564,0.0,0.0,0.497869,0.265015,-0.179659,0.0,0.0,0.467997,0.409603,-0.243034,0.0,0.0,0.451974,0.511868,-0.27496,0.0,0.0,0.436395,0.620557,-0.29783,0.0,0.0,0.568407,0.279399,-0.174952,0.0,0.0,0.568756,0.45173,-0.24721,0.0,0.0,0.576558,0.593144,-0.282599,0.0,0.0,0.587111,0.727822,-0.311728,0.0,0.0,0.626164,0.283933,-0.166166,0.0,0.0,0.658397,0.430375,-0.230647,0.0,0.0,0.683132,0.552251,-0.259852,0.0,0.0,0.707211,0.667549,-0.28057,0.0,0.0,0.668874,0.280909,-0.158513,0.0,0.0,0.725549,0.40396,-0.213306,0.0,0.0,0.765491,0.473593,-0.240226,0.0,0.0,0.803808,0.545011,-0.260134,0.0,0.0
v1.mp4,1219610e4175dfcfd945e2d4a5016440b91148cdbcc5449d7badf3789d2f4a86,1920,1080,12.02,596,49.583,232,19333,Left,0.849437,0.572467,0.108842,1e-06,0.0,0.0,0.482946,0.160666,-0.07651,0.0,0.0,0.411071,0.272237,-0.136528,0.0,0.0,0.359369,0.375974,-0.181577,0.0,0.0,0.308259,0.471226,-0.229146,0.0,0.0,0.492982,0.24907,-0.203665,0.0,0.0,0.469725,0.345764,-0.281767,0.0,0.0,0.446075,0.419286,-0.326811,0.0,0.0,0.419749,0.498359,-0.357487,0.0,0.0,0.564786,0.254748,-0.194368,0.0,0.0,0.56898,0.401472,-0.28038,0.0,0.0,0.572783,0.532818,-0.327476,0.0,0.0,0.578766,0.66151,-0.366003,0.0,0.0,0.624091,0.260932,-0.181786,0.0,0.0,0.65329,0.385999,-0.256463,0.0,0.0,0.676834,0.501087,-0.291459,0.0,0.0,0.697525,0.605906,-0.316554,0.0,0.0,0.672831,0.265886,-0.171478,0.0,0.0,0.725023,0.375487,-0.228015,0.0,0.0,0.764985,0.442275,-0.255145,0.0,0.0,0.80424,0.505349,-0.277202,0.0,0.0
v1.mp4,1219610e4175dfcfd945e2d4a5016440b91148cdbcc5449d7badf3789d2f4a86,1920,1080,12.02,596,49.583,233,19416,Left,0.87105,0.575929,0.102472,1e-06,0.0,0.0,0.489216,0.15928,-0.064273,0.0,0.0,0.414152,0.262827,-0.116858,0.0,0.0,0.35726,0.366848,-0.156802,0.0,0.0,0.308889,0.460151,-0.199453,0.0,0.0,0.492437,0.259536,-0.187147,0.0,0.0,0.464137,0.451107,-0.250544,0.0,0.0,0.452624,0.583198,-0.28251,0.0,0.0,0.444516,0.708662,-0.305383,0.0,0.0,0.564171,0.256406,-0.180124,0.0,0.0,0.564682,0.422473,-0.254814,0.0,0.0,0.571744,0.558441,-0.28988,0.0,0.0,0.582839,0.685757,-0.318477,0.0,0.0,0.623731,0.252747,-0.169141,0.0,0.0,0.651474,0.391746,-0.232853,0.0,0.0,0.672465,0.506222,-0.258509,0.0,0.0,0.696305,0.60744,-0.277161,0.0,0.0,0.66893,0.255884,-0.160167,0.0,0.0,0.719628,0.373036,-0.21334,0.0,0.0,0.758119,0.442999,-0.238386,0.0,0.0,0.79812,0.509408,-0.256913,0.0,0.0
v1.mp4,1219610e4175dfcfd945e2d4a5016440b91148cdbcc5449d7badf3789d2f4a86,1920,1080,12.02,596,49.583,234,19500,Left,0.89579,0.574386,0.109774,1e-06,0.0,0.0,0.488088,0.169694,-0.069763,0.0,0.0,0.416264,0.26774,-0.127357,0.0,0.0,0.362768,0.366943,-0.170011,0.0,0.0,0.31484,0.46731,-0.214481,0.0,0.0,0.494149,0.264815,-0.2097,0.0,0.0,0.467377,0.463784,-0.284779,0.0,0.0,0.457484,0.603969,-0.323243,0.0,0.0,0.449253,0.735131,-0.34943,0.0,0.0,0.569383,0.262819,-0.200308,0.0,0.0,0.56876,0.423301,-0.284414,0.0,0.0,0.571727,0.551837,-0.322486,0.0,0.0,0.580094,0.670803,-0.352993,0.0,0.0,0.629138,0.262927,-0.186653,0.0,0.0,0.65604,0.380286,-0.257533,0.0,0.0,0.675398,0.485971,-0.284707,0.0,0.0,0.697911,0.58462,-0.303808,0.0,0.0,0.673837,0.270745,-0.17511,0.0,0.0,0.722977,0.373474,-0.231917,0.0,0.0,0.75886,0.43581,-0.258177,0.0,0.0,0.796404,0.498714,-0.277514,0.0,0.0
v1.mp4,1219610e4175dfcfd945e2d4a5016440b91148cdbcc5449d7badf3789d2f4a86,1920,1080,12.02,596,49.583,235,19583,Left,0.833234,0.569115,0.117755,1e-06,0.0,0.0,0.483003,0.176682,-0.070941,0.0,0.0,0.415934,0.271961,-0.13224,0.0,0.0,0.36495,0.369983,-0.176921,0.0,0.0,0.316749,0.474066,-0.223652,0.0,0.0,0.490677,0.263736,-0.222722,0.0,0.0,0.466122,0.463933,-0.29957,0.0,0.0,0.456064,0.604275,-0.338878,0.0,0.0,0.447907,0.736772,-0.366336,0.0,0.0,0.564383,0.260385,-0.213763,0.0,0.0,0.564081,0.427574,-0.298329,0.0,0.0,0.567254,0.558961,-0.336768,0.0,0.0,0.574751,0.684547,-0.368464,0.0,0.0,0.625011,0.25692,-0.19941,0.0,0.0,0.654291,0.383703,-0.271503,0.0,0.0,0.675264,0.490582,-0.300201,0.0,0.0,0.696881,0.592694,-0.322127,0.0,0.0,0.669531,0.259151,-0.186575,0.0,0.0,0.728028,0.350133,-0.246767,0.0,0.0,0.769903,0.399352,-0.273702,0.0,0.0,0.810662,0.456289,-0.294259,0.0,0.0
v1.mp4,1219610e4175dfcfd945e2d4a5016440b91148cdbcc5449d7badf3789d2f4a86,1920,1080,12.02,596,49.583,236,19666,Left,0.937316,0.57133,0.120623,1e-06,0.0,0.0,0.484351,0.181203,-0.064306,0.0,0.0,0.417555,0.270754,-0.125109,0.0,0.0,0.364431,0.370845,-0.168514,0.0,0.0,0.315767,0.476432,-0.213897,0.0,0.0,0.490118,0.252632,-0.226688,0.0,0.0,0.471339,0.460585,-0.30346,0.0,0.0,0.461289,0.605429,-0.338796,0.0,0.0,0.454304,0.73688,-0.362117,0.0,0.0,0.565095,0.25691,-0.220165,0.0,0.0,0.566915,0.482299,-0.303066,0.0,0.0,0.571455,0.642554,-0.339712,0.0,0.0,0.581607,0.784087,-0.368632,0.0,0.0,0.628109,0.256605,-0.206553,0.0,0.0,0.658782,0.410436,-0.279724,0.0,0.0,0.670755,0.530284,-0.312717,0.0,0.0,0.683389,0.640637,-0.336175,0.0,0.0,0.672056,0.258933,-0.192537,0.0,0.0,0.738315,0.341598,-0.256436,0.0,0.0,0.783157,0.379868,-0.286195,0.0,0.0,0.825817,0.43134,-0.307299,0.0,0.0
v1.mp4,1219610e4175dfcfd945e2d4a5016440b91148cdbcc5449d7badf3789d2f4a86,1920,1080,12.02,596,49.583,237,19750,Left,0.957532,0.574017,0.137197,1e-06,0.0,0.0,0.485777,0.195753,-0.060685,0.0,0.0,0.418894,0.274243,-0.123102,0.0,0.0,0.366782,0.36726,-0.168957,0.0,0.0,0.319484,0.474232,-0.218088,0.0,0.0,0.49093,0.255248,-0.226838,0.0,0.0,0.472302,0.468581,-0.305263,0.0,0.0,0.460957,0.618005,-0.344694,0.0,0.0,0.450315,0.747157,-0.370694,0.0,0.0,0.566876,0.260913,-0.222321,0.0,0.0,0.562602,0.491191,-0.30557,0.0,0.0,0.564483,0.658441,-0.345798,0.0,0.0,0.572662,0.803908,-0.378825,0.0,0.0,0.630225,0.264853,-0.209861,0.0,0.0,0.653565,0.451073,-0.279228,0.0,0.0,0.668358,0.594454,-0.314567,0.0,0.0,0.682198,0.719306,-0.342785,0.0,0.0,0.673161,0.268827,-0.196626,0.0,0.0,0.73923,0.359087,-0.256147,0.0,0.0,0.782366,0.404893,-0.285258,0.0,0.0,0.821429,0.457864,-0.307888,0.0,0.0
v1.mp4,1219610e4175dfcfd945e2d4a5016440b91148cdbcc5449d7badf3789d2f4a86,1920,1080,12.02,596,49.583,238,19833,Left,0.979533,0.577626,0.139422,1e-06,0.0,0.0,0.486972,0.198268,-0.056913,0.0,0.0,0.417112,0.274545,-0.118343,0.0,0.0,0.364956,0.366043,-0.164075,0.0,0.0,0.315525,0.468862,-0.213959,0.0,0.0,0.491648,0.247841,-0.222576,0.0,0.0,0.473367,0.463209,-0.302217,0.0,0.0,0.46002,0.6134,-0.344607,0.0,0.0,0.447406,0.741533,-0.372433,0.0,0.0,0.568044,0.253664,-0.219966,0.0,0.0,0.566672,0.496349,-0.30096,0.0,0.0,0.565506,0.666433,-0.342405,0.0,0.0,0.57214,0.813189,-0.375931,0.0,0.0,0.629509,0.258615,-0.208952,0.0,0.0,0.659357,0.465006,-0.277111,0.0,0.0,0.67621,0.615665,-0.315593,0.0,0.0,0.693881,0.745736,-0.346029,0.0,0.0,0.667587,0.264074,-0.196479,0.0,0.0,0.734693,0.343488,-0.25416,0.0,0.0,0.779726,0.383567,-0.28218,0.0,0.0,0.821942,0.42951,-0.303946,0.0,0.0
v1.mp4,1219610e4175dfcfd945e2d4a5016440b91148cdbcc5449d7badf3789d2f4a86,1920,1080,12.02,596,49.583,239,19916,Left,0.957688,0.578848,0.131504,1e-06,0.0,0.0,0.486695,0.19354,-0.053813,0.0,0.0,0.416254,0.271481,-0.112299,0.0,0.0,0.361864,0.365677,-0.155774,0.0,0.0,0.314303,0.470494,-0.203281,0.0,0.0,0.490359,0.24684,-0.215166,0.0,0.0,0.469096,0.458853,-0.29225,0.0,0.0,0.456089,0.612997,-0.333503,0.0,0.0,0.446056,0.741576,-0.360858,0.0,0.0,0.567518,0.249528,-0.214327,0.0,0.0,0.564799,0.494881,-0.293332,0.0,0.0,0.562952,0.66971,-0.334642,0.0,0.0,0.568856,0.817961,-0.368261,0.0,0.0,0.631057,0.255015,-0.20509,0.0,0.0,0.656596,0.4741,-0.271332,0.0,0.0,0.673834,0.62309,-0.306168,0.0,0.0,0.69233,0.747812,-0.333886,0.0,0.0,0.673718,0.262396,-0.19449,0.0,0.0,0.74128,0.354888,-0.251062,0.0,0.0,0.785409,0.40852,-0.277495,0.0,0.0,0.825187,0.463782,-0.297557,0.0,0.0
v1.mp4,1219610e4175dfcfd945e2d4a5016440b91148cdbcc5449d7badf3789d2f4a86,1920,1080,12.02,596,49.583,240,20000,Left,0.966961,0.578383,0.134439,1e-06,0.0,0.0,0.489881,0.183928,-0.057333,0.0,0.0,0.417753,0.26415,-0.115403,0.0,0.0,0.359372,0.35555,-0.158279,0.0,0.0,0.310473,0.454428,-0.204257,0.0,0.0,0.489841,0.24446,-0.21633,0.0,0.0,0.470491,0.457508,-0.29324,0.0,0.0,0.457085,0.613659,-0.332698,0.0,0.0,0.444706,0.74643,-0.3578,0.0,0.0,0.565357,0.25239,-0.210978,0.0,0.0,0.560077,0.489493,-0.292037,0.0,0.0,0.557548,0.665593,-0.332005,0.0,0.0,0.562476,0.814443,-0.364757,0.0,0.0,0.62757,0.267921,-0.197763,0.0,0.0,0.653086,0.482396,-0.263801,0.0,0.0,0.671961,0.635037,-0.29413,0.0,0.0,0.690499,0.757934,-0.317061,0.0,0.0,0.671363,0.287619,-0.184073,0.0,0.0,0.729319,0.438645,-0.238224,0.0,0.0,0.767779,0.522712,-0.263117,0.0,0.0,0.804125,0.600475,-0.281892,0.0,0.0
v1.mp4,1219610e4175dfcfd945e2d4a5016440b91148cdbcc5449d7badf3789d2f4a86,1920,1080,12.02,596,49.583,241,20083,Left,0.943828,0.581925,0.132329,1e-06,0.0,0.0,0.495254,0.178358,-0.052816,0.0,0.0,0.422526,0.253542,-0.107376,0.0,0.0,0.36019,0.336232,-0.148312,0.0,0.0,0.306685,0.420271,-0.192445,0.0,0.0,0.494535,0.240613,-0.206118,0.0,0.0,0.466551,0.445275,-0.276881,0.0,0.0,0.44987,0.59065,-0.311389,0.0,0.0,0.435197,0.717966,-0.334249,0.0,0.0,0.568262,0.258162,-0.202954,0.0,0.0,0.557766,0.490271,-0.282611,0.0,0.0,0.553373,0.663764,-0.322061,0.0,0.0,0.55713,0.811659,-0.35413,0.0,0.0,0.629438,0.277757,-0.191616,0.0,0.0,0.652849,0.48646,-0.257044,0.0,0.0,0.671887,0.635862,-0.287763,0.0,0.0,0.691622,0.756092,-0.310724,0.0,0.0,0.672525,0.297046,-0.179475,0.0,0.0,0.727771,0.447177,-0.234224,0.0,0.0,0.766266,0.529189,-0.260413,0.0,0.0,0.803091,0.605903,-0.28006,0.0,0.0
v1.mp4,1219610e4175dfcfd945e2d4a5016440b91148cdbcc5449d7badf3789d2f4a86,1920,1080,12.02,596,49.583,242,20166,Left,0.954494,0.587468,0.117929,1e-06,0.0,0.0,0.498009,0.163596,-0.054372,0.0,0.0,0.421569,0.237378,-0.10921,0.0,0.0,0.353005,0.298284,-0.150231,0.0,0.0,0.288884,0.341662,-0.194962,0.0,0.0,0.495696,0.239581,-0.208619,0.0,0.0,0.461482,0.41473,-0.28204,0.0,0.0,0.441199,0.550439,-0.319917,0.0,0.0,0.423638,0.672453,-0.345238,0.0,0.0,0.570043,0.260119,-0.205458,0.0,0.0,0.558365,0.483651,-0.286462,0.0,0.0,0.552069,0.653086,-0.32677,0.0,0.0,0.552593,0.800073,-0.359147,0.0,0.0,0.631563,0.281075,-0.194269,0.0,0.0,0.651934,0.491312,-0.261542,0.0,0.0,0.669818,0.638884,-0.294237,0.0,0.0,0.686826,0.761257,-0.317916,0.0,0.0,0.675318,0.29644,-0.182434,0.0,0.0,0.728799,0.450263,-0.238044,0.0,0.0,0.767179,0.530729,-0.265058,0.0,0.0,0.801989,0.606931,-0.285228,0.0,0.0
v1.mp4,1219610e4175dfcfd945e2d4a5016440b91148cdbcc5449d7badf3789d2f4a86,1920,1080,12.02,596,49.583,243,20250,Left,0.943705,0.58597,0.114668,1e-06,0.0,0.0,0.496885,0.158999,-0.047825,0.0,0.0,0.419229,0.226737,-0.096693,0.0,0.0,0.350704,0.280444,-0.134263,0.0,0.0,0.288833,0.313644,-0.175332,0.0,0.0,0.496306,0.250586,-0.182941,0.0,0.0,0.461965,0.419764,-0.248525,0.0,0.0,0.44367,0.554646,-0.282605,0.0,0.0,0.428556,0.67557,-0.306049,0.0,0.0,0.570706,0.276743,-0.182662,0.0,0.0,0.556216,0.495039,-0.256193,0.0,0.0,0.551115,0.663386,-0.294301,0.0,0.0,0.554938,0.809373,-0.325015,0.0,0.0,0.631925,0.294552,-0.174973,0.0,0.0,0.651656,0.495592,-0.235842,0.0,0.0,0.672012,0.639179,-0.264707,0.0,0.0,0.693287,0.758581,-0.285812,0.0,0.0,0.676985,0.3021,-0.166998,0.0,0.0,0.729593,0.449213,-0.218601,0.0,0.0,0.768223,0.528317,-0.242254,0.0,0.0,0.80499,0.60378,-0.259461,0.0,0.0
v1.mp4,1219610e4175dfcfd945e2d4a5016440b91148cdbcc5449d7badf3789d2f4a86,1920,1080,12.02,596,49.583,244,20333,Left,0.952128,0.578728,0.107443,1e-06,0.0,0.0,0.488946,0.165154,-0.053319,0.0,0.0,0.419202,0.266479,-0.104457,0.0,0.0,0.364967,0.371907,-0.142332,0.0,0.0,0.317053,0.473673,-0.183247,0.0,0.0,0.49468,0.253726,-0.195494,0.0,0.0,0.466927,0.444295,-0.263625,0.0,0.0,0.45225,0.584917,-0.297467,0.0,0.0,0.439331,0.714889,-0.320597,0.0,0.0,0.57043,0.273074,-0.192588,0.0,0.0,0.558792,0.49681,-0.267702,0.0,0.0,0.555813,0.667697,-0.304388,0.0,0.0,0.559397,0.817239,-0.334449,0.0,0.0,0.632298,0.288901,-0.182471,0.0,0.0,0.657369,0.494086,-0.244289,0.0,0.0,0.678806,0.643887,-0.270951,0.0,0.0,0.699422,0.769781,-0.291424,0.0,0.0,0.676403,0.297366,-0.172337,0.0,0.0,0.732576,0.444102,-0.224714,0.0,0.0,0.76975,0.526404,-0.248087,0.0,0.0,0.80565,0.604345,-0.265523,0.0,0.0
v1.mp4,1219610e4175dfcfd945e2d4a5016440b91148cdbcc5449d7badf3789d2f4a86,1920,1080,12.02,596,49.583,245,20416,Left,0.949751,0.579966,0.115634,1e-06,0.0,0.0,0.494139,0.172641,-0.060544,0.0,0.0,0.421722,0.271982,-0.117657,0.0,0.0,0.364085,0.378459,-0.160297,0.0,0.0,0.31508,0.481259,-0.20577,0.0,0.0,0.498634,0.259691,-0.204363,0.0,0.0,0.469505,0.448636,-0.274854,0.0,0.0,0.454224,0.587003,-0.308554,0.0,0.0,0.441081,0.717394,-0.331,0.0,0.0,0.572197,0.276775,-0.197079,0.0,0.0,0.567166,0.487239,-0.275846,0.0,0.0,0.570832,0.650973,-0.310773,0.0,0.0,0.578517,0.792832,-0.338539,0.0,0.0,0.631364,0.289768,-0.183339,0.0,0.0,0.662106,0.473181,-0.247982,0.0,0.0,0.688124,0.622289,-0.272934,0.0,0.0,0.710521,0.750226,-0.291153,0.0,0.0,0.672041,0.29863,-0.170238,0.0,0.0,0.727845,0.43821,-0.224943,0.0,0.0,0.76321,0.527616,-0.250085,0.0,0.0,0.796788,0.615131,-0.268192,0.0,0.0
v1.mp4,1219610e4175dfcfd945e2d4a5016440b91148cdbcc5449d7badf3789d2f4a86,1920,1080,12.02,596,49.583,246,20500,Left,0.873177,0.575365,0.100894,1e-06,0.0,0.0,0.491369,0.158861,-0.060562,0.0,0.0,0.418148,0.27167,-0.110951,0.0,0.0,0.364058,0.380129,-0.14885,0.0,0.0,0.318566,0.476127,-0.188925,0.0,0.0,0.495789,0.269065,-0.180198,0.0,0.0,0.465852,0.41824,-0.244326,0.0,0.0,0.447746,0.52039,-0.276586,0.0,0.0,0.431143,0.628449,-0.299188,0.0,0.0,0.567007,0.280403,-0.174361,0.0,0.0,0.566226,0.446583,-0.250181,0.0,0.0,0.571143,0.582637,-0.287798,0.0,0.0,0.579462,0.711124,-0.317774,0.0,0.0,0.624459,0.286069,-0.164059,0.0,0.0,0.658039,0.424059,-0.229717,0.0,0.0,0.683599,0.544413,-0.258051,0.0,0.0,0.708795,0.655381,-0.277694,0.0,0.0,0.668112,0.290439,-0.15496,0.0,0.0,0.721692,0.418156,-0.208934,0.0,0.0,0.760236,0.493378,-0.234958,0.0,0.0,0.799254,0.569337,-0.254007,0.0,0.0
v1.mp4,1219610e4175dfcfd945e2d4a5016440b91148cdbcc5449d7badf3789d2f4a86,1920,1080,12.02,596,49.583,247,20583,Left,0.86696,0.573854,0.106555,1e-06,0.0,0.0,0.487772,0.152464,-0.065535,0.0,0.0,0.415663,0.265759,-0.116393,0.0,0.0,0.364627,0.376671,-0.154695,0.0,0.0,0.314462,0.469451,-0.195263,0.0,0.0,0.495883,0.246136,-0.17563,0.0,0.0,0.474418,0.343813,-0.242282,0.0,0.0,0.456575,0.420609,-0.279119,0.0,0.0,0.437809,0.504639,-0.304503,0.0,0.0,0.567578,0.256967,-0.168403,0.0,0.0,0.569451,0.408483,-0.241294,0.0,0.0,0.575262,0.53206,-0.280126,0.0,0.0,0.583876,0.65702,-0.312537,0.0,0.0,0.626811,0.267061,-0.158277,0.0,0.0,0.656958,0.401999,-0.224024,0.0,0.0,0.680709,0.514096,-0.253828,0.0,0.0,0.703396,0.617211,-0.274837,0.0,0.0,0.674087,0.275337,-0.149826,0.0,0.0,0.72084,0.397139,-0.201191,0.0,0.0,0.75775,0.466659,-0.225427,0.0,0.0,0.796566,0.531972,-0.244487,0.0,0.0
v1.mp4,1219610e4175dfcfd945e2d4a5016440b91148cdbcc5449d7badf3789d2f4a86,1920,1080,12.02,596,49.583,248,20666,Left,0.752172,0.568477,0.112819,0.0,0.0,0.0,0.482815,0.153966,-0.062206,0.0,0.0,0.411038,0.265897,-0.107687,0.0,0.0,0.362428,0.37806,-0.14173,0.0,0.0,0.313626,0.472365,-0.178428,0.0,0.0,0.495537,0.242163,-0.158082,0.0,0.0,0.479476,0.311623,-0.220112,0.0,0.0,0.462115,0.371651,-0.256373,0.0,0.0,0.445065,0.440929,-0.281622,0.0,0.0,0.566431,0.258132,-0.151659,0.0,0.0,0.567552,0.388404,-0.214473,0.0,0.0,0.575686,0.493814,-0.249262,0.0,0.0,0.589744,0.599677,-0.280606,0.0,0.0,0.62547,0.270597,-0.143567,0.0,0.0,0.655258,0.384305,-0.203474,0.0,0.0,0.683551,0.471534,-0.23139,0.0,0.0,0.712364,0.554754,-0.252732,0.0,0.0,0.672652,0.275734,-0.137363,0.0,0.0,0.717319,0.374868,-0.18466,0.0,0.0,0.757742,0.426836,-0.207108,0.0,0.0,0.79971,0.478166,-0.226393,0.0,0.0
v1.mp4,1219610e4175dfcfd945e2d4a5016440b91148cdbcc5449d7badf3789d2f4a86,1920,1080,12.02,596,49.583,249,20750,Left,0.804373,0.570923,0.113597,1e-06,0.0,0.0,0.489078,0.16875,-0.057044,0.0,0.0,0.418626,0.267497,-0.103227,0.0,0.0,0.364083,0.374709,-0.138799,0.0,0.0,0.31559,0.465493,-0.176184,0.0,0.0,0.487451,0.251801,-0.171494,0.0,0.0,0.467185,0.457899,-0.229656,0.0,0.0,0.462183,0.601181,-0.256534,0.0,0.0,0.460857,0.728159,-0.275613,0.0,0.0,0.563286,0.254013,-0.166281,0.0,0.0,0.561347,0.384569,-0.235637,0.0,0.0,0.569345,0.479806,-0.259764,0.0,0.0,0.583903,0.554477,-0.279155,0.0,0.0,0.627989,0.251302,-0.158413,0.0,0.0,0.6511,0.34595,-0.220195,0.0,0.0,0.676828,0.408975,-0.238476,0.0,0.0,0.704302,0.458955,-0.250815,0.0,0.0,0.678334,0.251328,-0.152541,0.0,0.0,0.726865,0.336957,-0.202848,0.0,0.0,0.767186,0.386818,-0.225099,0.0,0.0,0.805997,0.427174,-0.241633,0.0,0.0
v1.mp4,1219610e4175dfcfd945e2d4a5016440b91148cdbcc5449d7badf3789d2f4a86,1920,1080,12.02,596,49.583,250,20833,Left,0.892264,0.567538,0.112898,1e-06,0.0,0.0,0.483252,0.175442,-0.070239,0.0,0.0,0.412393,0.279004,-0.129914,0.0,0.0,0.362366,0.383819,-0.174665,0.0,0.0,0.317755,0.483655,-0.222369,0.0,0.0,0.488118,0.260989,-0.217502,0.0,0.0,0.474911,0.472991,-0.293995,0.0,0.0,0.467697,0.61663,-0.33565,0.0,0.0,0.463846,0.741844,-0.364257,0.0,0.0,0.561778,0.258965,-0.20743,0.0,0.0,0.570074,0.397943,-0.298083,0.0,0.0,0.581529,0.460652,-0.3354,0.0,0.0,0.601172,0.502128,-0.36213,0.0,0.0,0.622641,0.263287,-0.193049,0.0,0.0,0.657372,0.348222,-0.271751,0.0,0.0,0.691489,0.379863,-0.302121,0.0,0.0,0.726925,0.390498,-0.320923,0.0,0.0,0.668758,0.272889,-0.180363,0.0,0.0,0.713917,0.352167,-0.242751,0.0,0.0,0.759155,0.375817,-0.274035,0.0,0.0,0.803087,0.385058,-0.297012,0.0,0.0
v1.mp4,1219610e4175dfcfd945e2d4a5016440b91148cdbcc5449d7badf3789d2f4a86,1920,1080,12.02,596,49.583,251,20916,Left,0.959327,0.573182,0.117761,1e-06,0.0,0.0,0.489595,0.173867,-0.066317,0.0,0.0,0.41616,0.267555,-0.121033,0.0,0.0,0.364671,0.374046,-0.16063,0.0,0.0,0.319166,0.476565,-0.202651,0.0,0.0,0.487355,0.259638,-0.201157,0.0,0.0,0.469462,0.467641,-0.268282,0.0,0.0,0.464804,0.610525,-0.300716,0.0,0.0,0.462411,0.737247,-0.322936,0.0,0.0,0.562743,0.255532,-0.191858,0.0,0.0,0.568976,0.411945,-0.262763,0.0,0.0,0.57795,0.532444,-0.290339,0.0,0.0,0.593045,0.637052,-0.313507,0.0,0.0,0.623245,0.250518,-0.178694,0.0,0.0,0.657252,0.365988,-0.24022,0.0,0.0,0.683651,0.456172,-0.262684,0.0,0.0,0.713679,0.536382,-0.279971,0.0,0.0,0.668288,0.251593,-0.167538,0.0,0.0,0.72823,0.317641,-0.219976,0.0,0.0,0.774616,0.356693,-0.243938,0.0,0.0,0.819681,0.398913,-0.261419,0.0,0.0
v1.mp4,1219610e4175dfcfd945e2d4a5016440b91148cdbcc5449d7badf3789d2f4a86,1920,1080,12.02,596,49.583,252,21000,Left,0.985715,0.572739,0.128911,1e-06,0.0,0.0,0.483756,0.193358,-0.061702,0.0,0.0,0.415211,0.279726,-0.123591,0.0,0.0,0.361439,0.377225,-0.167037,0.0,0.0,0.314172,0.48495,-0.213519,0.0,0.0,0.486867,0.249645,-0.233108,0.0,0.0,0.475385,0.463934,-0.313138,0.0,0.0,0.466971,0.617179,-0.353156,0.0,0.0,0.459579,0.744929,-0.378769,0.0,0.0,0.562596,0.250514,-0.227692,0.0,0.0,0.566449,0.499647,-0.308377,0.0,0.0,0.567305,0.674133,-0.347803,0.0,0.0,0.57455,0.816755,-0.379198,0.0,0.0,0.62254,0.25619,-0.214128,0.0,0.0,0.657303,0.451766,-0.285269,0.0,0.0,0.672095,0.595574,-0.325344,0.0,0.0,0.688162,0.716258,-0.355491,0.0,0.0,0.660886,0.266484,-0.19917,0.0,0.0,0.732915,0.335264,-0.261033,0.0,0.0,0.779561,0.367797,-0.292458,0.0,0.0,0.821474,0.405687,-0.315599,0.0,0.0
v1.mp4,1219610e4175dfcfd945e2d4a5016440b91148cdbcc5449d7badf3789d2f4a86,1920,1080,12.02,596,49.583,253,21083,Left,0.982437,0.577229,0.128455,1e-06,0.0,0.0,0.485918,0.192618,-0.054002,0.0,0.0,0.412809,0.278866,-0.11045,0.0,0.0,0.360798,0.376879,-0.15116,0.0,0.0,0.316112,0.484166,-0.195701,0.0,0.0,0.490243,0.244437,-0.215085,0.0,0.0,0.476673,0.460664,-0.291432,0.0,0.0,0.467344,0.615587,-0.331301,0.0,0.0,0.460697,0.744395,-0.35672,0.0,0.0,0.565938,0.245542,-0.212568,0.0,0.0,0.567268,0.498693,-0.286926,0.0,0.0,0.565729,0.675472,-0.324201,0.0,0.0,0.572662,0.821619,-0.354368,0.0,0.0,0.62621,0.251871,-0.202084,0.0,0.0,0.656422,0.466318,-0.265979,0.0,0.0,0.669146,0.616937,-0.30199,0.0,0.0,0.683248,0.745253,-0.330158,0.0,0.0,0.664132,0.263632,-0.190167,0.0,0.0,0.732622,0.341341,-0.245285,0.0,0.0,0.777113,0.385174,-0.272294,0.0,0.0,0.817756,0.431673,-0.29255,0.0,0.0
v1.mp4,1219610e4175dfcfd945e2d4a5016440b91148cdbcc5449d7badf3789d2f4a86,1920,1080,12.02,596,49.583,254,21166,Left,0.97462,0.577389,0.127697,1e-06,0.0,0.0,0.485367,0.190171,-0.053872,0.0,0.0,0.412829,0.274921,-0.109943,0.0,0.0,0.36172,0.371612,-0.150514,0.0,0.0,0.315408,0.476516,-0.194852,0.0,0.0,0.489218,0.244886,-0.21349,0.0,0.0,0.474674,0.460824,-0.288165,0.0,0.0,0.465219,0.615399,-0.326464,0.0,0.0,0.457629,0.744975,-0.351469,0.0,0.0,0.566059,0.245174,-0.212049,0.0,0.0,0.566713,0.498597,-0.286031,0.0,0.0,0.565739,0.675423,-0.323551,0.0,0.0,0.571034,0.823261,-0.35462,0.0,0.0,0.628332,0.249857,-0.202784,0.0,0.0,0.654029,0.46255,-0.26703,0.0,0.0,0.665492,0.613393,-0.303218,0.0,0.0,0.677244,0.740615,-0.331787,0.0,0.0,0.668879,0.258938,-0.192134,0.0,0.0,0.738399,0.34416,-0.248294,0.0,0.0,0.78372,0.392346,-0.276347,0.0,0.0,0.82382,0.443348,-0.297594,0.0,0.0
v1.mp4,1219610e4175dfcfd945e2d4a5016440b91148cdbcc5449d7badf3789d2f4a86,1920,1080,12.02,596,49.583,255,21250,Left,0.979224,0.580606,0.113909,1e-06,0.0,0.0,0.490688,0.175161,-0.057065,0.0,0.0,0.415018,0.26489,-0.112783,0.0,0.0,0.356906,0.366458,-0.152977,0.0,0.0,0.3099,0.468701,-0.195854,0.0,0.0,0.49086,0.244396,-0.210749,0.0,0.0,0.470818,0.4568,-0.28491,0.0,0.0,0.458154,0.611742,-0.322395,0.0,0.0,0.447366,0.74425,-0.346073,0.0,0.0,0.567518,0.253367,-0.204386,0.0,0.0,0.564868,0.489498,-0.282744,0.0,0.0,0.563711,0.669508,-0.319746,0.0,0.0,0.568764,0.819549,-0.349384,0.0,0.0,0.628592,0.269345,-0.190727,0.0,0.0,0.65261,0.479656,-0.253949,0.0,0.0,0.668842,0.637446,-0.283015,0.0,0.0,0.683353,0.766872,-0.304717,0.0,0.0,0.669839,0.28933,-0.176854,0.0,0.0,0.732153,0.430225,-0.228464,0.0,0.0,0.772337,0.514801,-0.252971,0.0,0.0,0.807533,0.59216,-0.270954,0.0,0.0
v1.mp4,1219610e4175dfcfd945e2d4a5016440b91148cdbcc5449d7badf3789d2f4a86,1920,1080,12.02,596,49.583,256,21333,Left,0.928247,0.585215,0.089487,1e-06,0.0,0.0,0.497671,0.141944,-0.05227,0.0,0.0,0.419361,0.232756,-0.097305,0.0,0.0,0.353,0.316972,-0.132212,0.0,0.0,0.299005,0.388293,-0.170165,0.0,0.0,0.498471,0.256171,-0.160865,0.0,0.0,0.46423,0.393681,-0.218841,0.0,0.0,0.446049,0.495608,-0.248647,0.0,0.0,0.42807,0.597505,-0.269985,0.0,0.0,0.570765,0.276644,-0.158235,0.0,0.0,0.57074,0.443908,-0.224947,0.0,0.0,0.56528,0.573633,-0.258168,0.0,0.0,0.561512,0.698133,-0.285048,0.0,0.0,0.628068,0.28482,-0.151535,0.0,0.0,0.657881,0.423398,-0.210526,0.0,0.0,0.674633,0.534491,-0.237843,0.0,0.0,0.687969,0.645147,-0.257292,0.0,0.0,0.66976,0.287924,-0.145635,0.0,0.0,0.727802,0.398324,-0.194788,0.0,0.0,0.769809,0.45974,-0.219557,0.0,0.0,0.807062,0.529657,-0.237896,0.0,0.0
v1.mp4,1219610e4175dfcfd945e2d4a5016440b91148cdbcc5449d7badf3789d2f4a86,1920,1080,12.02,596,49.583,257,21416,Right,0.68233,0.579209,0.111561,0.0,0.0,0.0,0.491686,0.146564,-0.060734,0.0,0.0,0.411762,0.229802,-0.103814,0.0,0.0,0.34677,0.292058,-0.137479,0.0,0.0,0.284243,0.332725,-0.175154,0.0,0.0,0.49202,0.241105,-0.155325,0.0,0.0,0.453161,0.354217,-0.208049,0.0,0.0,0.414914,0.423173,-0.235669,0.0,0.0,0.3783,0.487341,-0.255493,0.0,0.0,0.565057,0.26427,-0.149235,0.0,0.0,0.577798,0.39008,-0.214058,0.0,0.0,0.590853,0.438478,-0.244816,0.0,0.0,0.609189,0.465321,-0.266796,0.0,0.0,0.626632,0.271164,-0.140668,0.0,0.0,0.667219,0.356329,-0.201103,0.0,0.0,0.704826,0.37828,-0.225809,0.0,0.0,0.73954,0.394425,-0.241371,0.0,0.0,0.675352,0.264651,-0.134088,0.0,0.0,0.729015,0.341839,-0.180059,0.0,0.0,0.775618,0.356436,-0.200416,0.0,0.0,0.815775,0.366843,-0.216494,0.0,0.0
v1.mp4,1219610e4175dfcfd945e2d4a5016440b91148cdbcc5449d7badf3789d2f4a86,1920,1080,12.02,596,49.583,258,21500,Right,0.622703,0.573092,0.109316,0.0,0.0,0.0,0.481977,0.154014,-0.060365,0.0,0.0,0.397153,0.233115,-0.101419,0.0,0.0,0.332589,0.29518,-0.133063,0.0,0.0,0.275148,0.337923,-0.16922,0.0,0.0,0.48837,0.246622,-0.149679,0.0,0.0,0.447769,0.353338,-0.199716,0.0,0.0,0.407128,0.413628,-0.227375,0.0,0.0,0.367633,0.474335,-0.248386,0.0,0.0,0.559702,0.265759,-0.142485,0.0,0.0,0.574711,0.367193,-0.200644,0.0,0.0,0.583385,0.408857,-0.228713,0.0,0.0,0.599737,0.433509,-0.251686,0.0,0.0,0.618136,0.273586,-0.133724,0.0,0.0,0.652405,0.359356,-0.192044,0.0,0.0,0.679929,0.381496,-0.217427,0.0,0.0,0.709409,0.397498,-0.235797,0.0,0.0,0.664382,0.267937,-0.127064,0.0,0.0,0.720494,0.330702,-0.176255,0.0,0.0,0.769902,0.330067,-0.199597,0.0,0.0,0.813726,0.329483,-0.218369,0.0,0.0
v1.mp4,1219610e4175dfcfd945e2d4a5016440b91148cdbcc5449d7badf3789d2f4a86,1920,1080,12.02,596,49.583,259,21583,Right,0.592222,0.577841,0.129319,1e-06,0.0,0.0,0.480594,0.16779,-0.071979,0.0,0.0,0.397173,0.248683,-0.123068,0.0,0.0,0.334855,0.328604,-0.162395,0.0,0.0,0.282063,0.402764,-0.206246,0.0,0.0,0.499598,0.255238,-0.178988,0.0,0.0,0.468006,0.362095,-0.245419,0.0,0.0,0.435306,0.420286,-0.284708,0.0,0.0,0.402296,0.481711,-0.311797,0.0,0.0,0.575986,0.268753,-0.17031,0.0,0.0,0.577073,0.399277,-0.247997,0.0,0.0,0.580597,0.453229,-0.291437,0.0,0.0,0.592151,0.487476,-0.323153,0.0,0.0,0.633813,0.277659,-0.159043,0.0,0.0,0.67295,0.37098,-0.23213,0.0,0.0,0.716234,0.399684,-0.268436,0.0,0.0,0.754494,0.413247,-0.29166,0.0,0.0,0.676586,0.278693,-0.149852,0.0,0.0,0.727355,0.347095,-0.205467,0.0,0.0,0.780612,0.36585,-0.233658,0.0,0.0,0.827129,0.376713,-0.255813,0.0,0.0
v1.mp4,1219610e4175dfcfd945e2d4a5016440b91148cdbcc5449d7badf3789d2f4a86,1920,1080,12.02,596,49.583,260,21666,Left,0.974002,0.58331,0.084655,1e-06,0.0,0.0,0.487266,0.162743,-0.045184,0.0,0.0,0.407388,0.253953,-0.089239,0.0,0.0,0.34189,0.356136,-0.121093,0.0,0.0,0.305479,0.462362,-0.155097,0.0,0.0,0.497593,0.284052,-0.164952,0.0,0.0,0.466961,0.486678,-0.224363,0.0,0.0,0.451898,0.633571,-0.25735,0.0,0.0,0.439121,0.766592,-0.279261,0.0,0.0,0.573918,0.290795,-0.160488,0.0,0.0,0.572646,0.521766,-0.220312,0.0,0.0,0.577837,0.696966,-0.253394,0.0,0.0,0.587727,0.848318,-0.280981,0.0,0.0,0.634311,0.294147,-0.149653,0.0,0.0,0.660969,0.505712,-0.197547,0.0,0.0,0.685662,0.656275,-0.223646,0.0,0.0,0.706923,0.779765,-0.244347,0.0,0.0,0.672988,0.295249,-0.138727,0.0,0.0,0.740802,0.416336,-0.180788,0.0,0.0,0.789492,0.489964,-0.201818,0.0,0.0,0.830721,0.560135,-0.216516,0.0,0.0
v1.mp4,1219610e4175dfcfd945e2d4a5016440b91148cdbcc5449d7badf3789d2f4a86,1920,1080,12.02,596,49.583,261,21750,Left,0.956747,0.5798,0.11053,1e-06,0.0,0.0,0.485996,0.175193,-0.057685,0.0,0.0,0.409372,0.262263,-0.112801,0.0,0.0,0.344571,0.359095,-0.15359,0.0,0.0,0.300917,0.467162,-0.19627,0.0,0.0,0.492804,0.290919,-0.201755,0.0,0.0,0.46399,0.496575,-0.274435,0.0,0.0,0.45083,0.646925,-0.312442,0.0,0.0,0.43855,0.783021,-0.337493,0.0,0.0,0.573372,0.300386,-0.19571,0.0,0.0,0.569613,0.526532,-0.275367,0.0,0.0,0.572116,0.699496,-0.314793,0.0,0.0,0.578872,0.853241,-0.346345,0.0,0.0,0.637623,0.306027,-0.182919,0.0,0.0,0.65852,0.506681,-0.247903,0.0,0.0,0.678958,0.657176,-0.277087,0.0,0.0,0.69609,0.783351,-0.298419,0.0,0.0,0.681022,0.308812,-0.170495,0.0,0.0,0.74262,0.448893,-0.226364,0.0,0.0,0.786176,0.530286,-0.253374,0.0,0.0,0.824748,0.607769,-0.27195,0.0,0.0
v1.mp4,1219610e4175dfcfd945e2d4a5016440b91148cdbcc5449d7badf3789d2f4a86,1920,1080,12.02,596,49.583,262,21833,Left,0.93542,0.578575,0.120072,1e-06,0.0,0.0,0.485435,0.183728,-0.051542,0.0,0.0,0.40714,0.269177,-0.101567,0.0,0.0,0.344648,0.362286,-0.139782,0.0,0.0,0.299309,0.465266,-0.180189,0.0,0.0,0.492405,0.299788,-0.180144,0.0,0.0,0.465137,0.502428,-0.246641,0.0,0.0,0.45133,0.647453,-0.281385,0.0,0.0,0.437982,0.781828,-0.304486,0.0,0.0,0.569943,0.310577,-0.17693,0.0,0.0,0.567583,0.5319,-0.247559,0.0,0.0,0.57024,0.700194,-0.281902,0.0,0.0,0.577434,0.851265,-0.310234,0.0,0.0,0.633234,0.313115,-0.168183,0.0,0.0,0.656125,0.505098,-0.226464,0.0,0.0,0.67488,0.648646,-0.25221,0.0,0.0,0.691414,0.772177,-0.271545,0.0,0.0,0.676624,0.310233,-0.160011,0.0,0.0,0.740477,0.446617,-0.211254,0.0,0.0,0.783461,0.525175,-0.235242,0.0,0.0,0.822165,0.599872,-0.251919,0.0,0.0
v1.mp4,1219610e4175dfcfd945e2d4a5016440b91148cdbcc5449d7badf3789d2f4a86,1920,1080,12.02,596,49.583,263,21916,Left,0.936775,0.577881,0.113087,1e-06,0.0,0.0,0.485595,0.182421,-0.051526,0.0,0.0,0.408048,0.269538,-0.102236,0.0,0.0,0.345309,0.362697,-0.140245,0.0,0.0,0.299377,0.464785,-0.180042,0.0,0.0,0.492109,0.299069,-0.186406,0.0,0.0,0.464487,0.499944,-0.255076,0.0,0.0,0.450985,0.646471,-0.291251,0.0,0.0,0.437441,0.78125,-0.315323,0.0,0.0,0.570071,0.308045,-0.183136,0.0,0.0,0.568778,0.534191,-0.258055,0.0,0.0,0.572273,0.705314,-0.295414,0.0,0.0,0.579861,0.856818,-0.325573,0.0,0.0,0.632801,0.311214,-0.173436,0.0,0.0,0.656563,0.505357,-0.234191,0.0,0.0,0.676991,0.651001,-0.26158,0.0,0.0,0.694616,0.774373,-0.281888,0.0,0.0,0.67545,0.310683,-0.164024,0.0,0.0,0.740214,0.446732,-0.216148,0.0,0.0,0.784779,0.522776,-0.240696,0.0,0.0,0.824316,0.595991,-0.257753,0.0,0.0
v1.mp4,1219610e4175dfcfd945e2d4a5016440b91148cdbcc5449d7badf3789d2f4a86,1920,1080,12.02,596,49.583,264,22000,Left,0.915886,0.577651,0.117127,1e-06,0.0,0.0,0.484482,0.183431,-0.052361,0.0,0.0,0.407246,0.270037,-0.102778,0.0,0.0,0.345375,0.363361,-0.141164,0.0,0.0,0.300259,0.466527,-0.18147,0.0,0.0,0.490803,0.299339,-0.181865,0.0,0.0,0.464384,0.502149,-0.249163,0.0,0.0,0.451832,0.648171,-0.284277,0.0,0.0,0.438718,0.783228,-0.307768,0.0,0.0,0.56851,0.308933,-0.178828,0.0,0.0,0.569246,0.53314,-0.253371,0.0,0.0,0.573064,0.704112,-0.290967,0.0,0.0,0.579947,0.857176,-0.321193,0.0,0.0,0.631947,0.310249,-0.169841,0.0,0.0,0.657565,0.50037,-0.230678,0.0,0.0,0.677067,0.644426,-0.257902,0.0,0.0,0.693236,0.767483,-0.27783,0.0,0.0,0.675868,0.307322,-0.161388,0.0,0.0,0.740557,0.442556,-0.213131,0.0,0.0,0.784216,0.51898,-0.237262,0.0,0.0,0.82325,0.592377,-0.254085,0.0,0.0
v1.mp4,1219610e4175dfcfd945e2d4a5016440b91148cdbcc5449d7badf3789d2f4a86,1920,1080,12.02,596,49.583,265,22083,Left,0.888699,0.581331,0.109351,1e-06,0.0,0.0,0.491097,0.173687,-0.054475,0.0,0.0,0.412321,0.268273,-0.105574,0.0,0.0,0.346266,0.363832,-0.143816,0.0,0.0,0.301299,0.464334,-0.184451,0.0,0.0,0.498277,0.283137,-0.188424,0.0,0.0,0.465027,0.443475,-0.256084,0.0,0.0,0.446775,0.567465,-0.290477,0.0,0.0,0.42853,0.687786,-0.314054,0.0,0.0,0.573995,0.304185,-0.185899,0.0,0.0,0.566836,0.52053,-0.264684,0.0,0.0,0.563469,0.6893,-0.305519,0.0,0.0,0.563173,0.843075,-0.338308,0.0,0.0,0.635222,0.314287,-0.17696,0.0,0.0,0.656658,0.500318,-0.243685,0.0,0.0,0.67652,0.645763,-0.276936,0.0,0.0,0.692708,0.77107,-0.300573,0.0,0.0,0.676503,0.312817,-0.167956,0.0,0.0,0.738801,0.447034,-0.224167,0.0,0.0,0.782039,0.523981,-0.253195,0.0,0.0,0.821669,0.598893,-0.27438,0.0,0.0
v1.mp4,1219610e4175dfcfd945e2d4a5016440b91148cdbcc5449d7badf3789d2f4a86,1920,1080,12.02,596,49.583,266,22166,Left,0.899381,0.58656,0.105648,1e-06,0.0,0.0,0.49886,0.155788,-0.051416,0.0,0.0,0.412789,0.234013,-0.099784,0.0,0.0,0.333235,0.286244,-0.138084,0.0,0.0,0.267303,0.311556,-0.179644,0.0,0.0,0.494528,0.283247,-0.168161,0.0,0.0,0.457592,0.449735,-0.230314,0.0,0.0,0.437004,0.568484,-0.261908,0.0,0.0,0.41842,0.680547,-0.283613,0.0,0.0,0.571074,0.306596,-0.167451,0.0,0.0,0.566492,0.521193,-0.238427,0.0,0.0,0.567109,0.685125,-0.274017,0.0,0.0,0.571933,0.835566,-0.301747,0.0,0.0,0.634959,0.312805,-0.161992,0.0,0.0,0.655993,0.499976,-0.224403,0.0,0.0,0.674594,0.643168,-0.256686,0.0,0.0,0.691354,0.768743,-0.277929,0.0,0.0,0.68083,0.305812,-0.156982,0.0,0.0,0.74085,0.448357,-0.210669,0.0,0.0,0.783866,0.526083,-0.237813,0.0,0.0,0.822097,0.598627,-0.256263,0.0,0.0
v1.mp4,1219610e4175dfcfd945e2d4a5016440b91148cdbcc5449d7badf3789d2f4a86,1920,1080,12.02,596,49.583,267,22250,Left,0.896465,0.595059,0.099229,1e-06,0.0,0.0,0.504041,0.154358,-0.047183,0.0,0.0,0.42309,0.216217,-0.097654,0.0,0.0,0.341717,0.22504,-0.140014,0.0,0.0,0.275342,0.194609,-0.187022,0.0,0.0,0.501534,0.275597,-0.166313,0.0,0.0,0.461898,0.448345,-0.228471,0.0,0.0,0.441423,0.581228,-0.262111,0.0,0.0,0.42147,0.703432,-0.285938,0.0,0.0,0.577372,0.303391,-0.168261,0.0,0.0,0.569461,0.523714,-0.237337,0.0,0.0,0.568358,0.692901,-0.273711,0.0,0.0,0.571441,0.841724,-0.302913,0.0,0.0,0.640925,0.314124,-0.164286,0.0,0.0,0.657616,0.510403,-0.221412,0.0,0.0,0.676708,0.654967,-0.251308,0.0,0.0,0.693922,0.779875,-0.272798,0.0,0.0,0.68735,0.31016,-0.160921,0.0,0.0,0.743743,0.449654,-0.208543,0.0,0.0,0.787512,0.523498,-0.231411,0.0,0.0,0.826928,0.594125,-0.248194,0.0,0.0
v1.mp4,1219610e4175dfcfd945e2d4a5016440b91148cdbcc5449d7badf3789d2f4a86,1920,1080,12.02,596,49.583,268,22333,Left,0.897932,0.591211,0.105648,1e-06,0.0,0.0,0.502331,0.158443,-0.048463,0.0,0.0,0.423196,0.226699,-0.098384,0.0,0.0,0.343502,0.255701,-0.140168,0.0,0.0,0.272416,0.247534,-0.186209,0.0,0.0,0.501131,0.273337,-0.164668,0.0,0.0,0.465862,0.464288,-0.225699,0.0,0.0,0.450076,0.606484,-0.25771,0.0,0.0,0.434333,0.736474,-0.280803,0.0,0.0,0.577106,0.303601,-0.166453,0.0,0.0,0.567581,0.524835,-0.233811,0.0,0.0,0.566254,0.694153,-0.268645,0.0,0.0,0.568936,0.845467,-0.297226,0.0,0.0,0.640409,0.314373,-0.162936,0.0,0.0,0.657122,0.506965,-0.219491,0.0,0.0,0.673371,0.652384,-0.248325,0.0,0.0,0.688616,0.777674,-0.269665,0.0,0.0,0.684995,0.308709,-0.16041,0.0,0.0,0.741362,0.449401,-0.209031,0.0,0.0,0.784754,0.522916,-0.232329,0.0,0.0,0.825249,0.593882,-0.249619,0.0,0.0
v1.mp4,1219610e4175dfcfd945e2d4a5016440b91148cdbcc5449d7badf3789d2f4a86,1920,1080,12.02,596,49.583,269,22416,Left,0.92959,0.581935,0.109968,1e-06,0.0,0.0,0.491665,0.176826,-0.049544,0.0,0.0,0.415276,0.28126,-0.097003,0.0,0.0,0.351392,0.386191,-0.133263,0.0,0.0,0.299186,0.479719,-0.172325,0.0,0.0,0.495311,0.283901,-0.175923,0.0,0.0,0.469717,0.469131,-0.239029,0.0,0.0,0.458018,0.609408,-0.270515,0.0,0.0,0.444645,0.742407,-0.292492,0.0,0.0,0.573755,0.303122,-0.175391,0.0,0.0,0.567732,0.524134,-0.24393,0.0,0.0,0.566632,0.696351,-0.276321,0.0,0.0,0.567484,0.849352,-0.303779,0.0,0.0,0.637406,0.311333,-0.169263,0.0,0.0,0.658651,0.504532,-0.227471,0.0,0.0,0.676863,0.652487,-0.252459,0.0,0.0,0.691693,0.779903,-0.271684,0.0,0.0,0.681331,0.308229,-0.163666,0.0,0.0,0.741577,0.446582,-0.215115,0.0,0.0,0.784073,0.524545,-0.238763,0.0,0.0,0.823089,0.600138,-0.256035,0.0,0.0
v1.mp4,1219610e4175dfcfd945e2d4a5016440b91148cdbcc5449d7badf3789d2f4a86,1920,1080,12.02,596,49.583,270,22500,Left,0.940104,0.581963,0.11707,1e-06,0.0,0.0,0.493656,0.181901,-0.056618,0.0,0.0,0.419036,0.281824,-0.110638,0.0,0.0,0.355125,0.385636,-0.15162,0.0,0.0,0.2979,0.478388,-0.194857,0.0,0.0,0.497558,0.287424,-0.191074,0.0,0.0,0.472827,0.473983,-0.258859,0.0,0.0,0.458628,0.610791,-0.291322,0.0,0.0,0.444542,0.737997,-0.313132,0.0,0.0,0.574478,0.307351,-0.187587,0.0,0.0,0.569433,0.524848,-0.264557,0.0,0.0,0.568766,0.694071,-0.29934,0.0,0.0,0.572124,0.845016,-0.327129,0.0,0.0,0.63778,0.315361,-0.178569,0.0,0.0,0.659672,0.501726,-0.243411,0.0,0.0,0.67713,0.650267,-0.271141,0.0,0.0,0.692225,0.777483,-0.290957,0.0,0.0,0.681732,0.313233,-0.170109,0.0,0.0,0.743209,0.450221,-0.225702,0.0,0.0,0.784432,0.529506,-0.252258,0.0,0.0,0.823071,0.604518,-0.271083,0.0,0.0
v1.mp4,1219610e4175dfcfd945e2d4a5016440b91148cdbcc5449d7badf3789d2f4a86,1920,1080,12.02,596,49.583,271,22583,Left,0.906716,0.585385,0.113463,1e-06,0.0,0.0,0.497073,0.172628,-0.052252,0.0,0.0,0.418261,0.25371,-0.103002,0.0,0.0,0.34183,0.311864,-0.142491,0.0,0.0,0.275215,0.345709,-0.185173,0.0,0.0,0.495384,0.280011,-0.179778,0.0,0.0,0.466766,0.469964,-0.244619,0.0,0.0,0.450662,0.604409,-0.276084,0.0,0.0,0.435308,0.728137,-0.297479,0.0,0.0,0.571584,0.301823,-0.177849,0.0,0.0,0.567435,0.523799,-0.251103,0.0,0.0,0.566315,0.690321,-0.285886,0.0,0.0,0.568831,0.841295,-0.313458,0.0,0.0,0.63561,0.308407,-0.170461,0.0,0.0,0.658297,0.500281,-0.232498,0.0,0.0,0.676306,0.647266,-0.262395,0.0,0.0,0.691604,0.774546,-0.283105,0.0,0.0,0.68004,0.30421,-0.1635,0.0,0.0,0.74146,0.448119,-0.218104,0.0,0.0,0.783555,0.52937,-0.245834,0.0,0.0,0.821678,0.607025,-0.265241,0.0,0.0
v1.mp4,1219610e4175dfcfd945e2d4a5016440b91148cdbcc5449d7badf3789d2f4a86,1920,1080,12.02,596,49.583,272,22666,Left,0.917386,0.583035,0.113434,1e-06,0.0,0.0,0.494861,0.173587,-0.046523,0.0,0.0,0.421318,0.254153,-0.093912,0.0,0.0,0.357263,0.33164,-0.130865,0.0,0.0,0.30231,0.403516,-0.170697,0.0,0.0,0.495895,0.283805,-0.176884,0.0,0.0,0.465603,0.466469,-0.241636,0.0,0.0,0.451092,0.606445,-0.274912,0.0,0.0,0.436506,0.736414,-0.298021,0.0,0.0,0.573013,0.304752,-0.177586,0.0,0.0,0.568008,0.521658,-0.249714,0.0,0.0,0.56808,0.689251,-0.285742,0.0,0.0,0.570823,0.840893,-0.315276,0.0,0.0,0.636694,0.313676,-0.171882,0.0,0.0,0.658444,0.504847,-0.232658,0.0,0.0,0.677121,0.649971,-0.2608,0.0,0.0,0.691655,0.775471,-0.281742,0.0,0.0,0.681489,0.310201,-0.166165,0.0,0.0,0.741778,0.448615,-0.218768,0.0,0.0,0.785308,0.524843,-0.243334,0.0,0.0,0.823692,0.598818,-0.261011,0.0,0.0
v1.mp4,1219610e4175dfcfd945e2d4a5016440b91148cdbcc5449d7badf3789d2f4a86,1920,1080,12.02,596,49.583,273,22750,Left,0.967832,0.582262,0.109564,1e-06,0.0,0.0,0.492426,0.179364,-0.053932,0.0,0.0,0.417131,0.281271,-0.105857,0.0,0.0,0.355144,0.389444,-0.144626,0.0,0.0,0.301837,0.486355,-0.185543,0.0,0.0,0.494098,0.296239,-0.189611,0.0,0.0,0.469891,0.499041,-0.256902,0.0,0.0,0.4599,0.646538,-0.289763,0.0,0.0,0.45049,0.780059,-0.311691,0.0,0.0,0.57274,0.308053,-0.185837,0.0,0.0,0.571162,0.529243,-0.260474,0.0,0.0,0.574186,0.700525,-0.294642,0.0,0.0,0.581373,0.851926,-0.322026,0.0,0.0,0.636333,0.311713,-0.17609,0.0,0.0,0.658367,0.50074,-0.237882,0.0,0.0,0.676062,0.648994,-0.264665,0.0,0.0,0.691952,0.775449,-0.284246,0.0,0.0,0.680083,0.309932,-0.166827,0.0,0.0,0.741305,0.445532,-0.220903,0.0,0.0,0.784233,0.523888,-0.247047,0.0,0.0,0.823419,0.599224,-0.265089,0.0,0.0
v1.mp4,1219610e4175dfcfd945e2d4a5016440b91148cdbcc5449d7badf3789d2f4a86,1920,1080,12.02,596,49.583,274,22833,Left,0.967032,0.57901,0.109227,1e-06,0.0,0.0,0.490522,0.176778,-0.05726,0.0,0.0,0.416277,0.281305,-0.109801,0.0,0.0,0.355368,0.390069,-0.148635,0.0,0.0,0.304428,0.48707,-0.190034,0.0,0.0,0.495036,0.296579,-0.193495,0.0,0.0,0.471426,0.496352,-0.260959,0.0,0.0,0.461344,0.642311,-0.293825,0.0,0.0,0.452283,0.776826,-0.315951,0.0,0.0,0.573343,0.312471,-0.188057,0.0,0.0,0.582433,0.52843,-0.260895,0.0,0.0,0.591765,0.6941,-0.2921,0.0,0.0,0.603591,0.839015,-0.317208,0.0,0.0,0.635381,0.315857,-0.17691,0.0,0.0,0.661774,0.499448,-0.238623,0.0,0.0,0.682684,0.643568,-0.263302,0.0,0.0,0.702218,0.770172,-0.281256,0.0,0.0,0.677358,0.309727,-0.166576,0.0,0.0,0.739932,0.442677,-0.221067,0.0,0.0,0.783309,0.517982,-0.245501,0.0,0.0,0.823008,0.590403,-0.262055,0.0,0.0
v1.mp4,1219610e4175dfcfd945e2d4a5016440b91148cdbcc5449d7badf3789d2f4a86,1920,1080,12.02,596,49.583,275,22916,Left,0.832703,0.577653,0.117897,1e-06,0.0,0.0,0.489718,0.179613,-0.067274,0.0,0.0,0.417116,0.280557,-0.123312,0.0,0.0,0.355314,0.385935,-0.164275,0.0,0.0,0.303395,0.481194,-0.206067,0.0,0.0,0.496927,0.300825,-0.205262,0.0,0.0,0.467904,0.497451,-0.278362,0.0,0.0,0.45696,0.63681,-0.315383,0.0,0.0,0.451041,0.770953,-0.341704,0.0,0.0,0.576973,0.311309,-0.195782,0.0,0.0,0.57406,0.446005,-0.27716,0.0,0.0,0.57898,0.557692,-0.309787,0.0,0.0,0.588491,0.666973,-0.33707,0.0,0.0,0.640344,0.316742,-0.182777,0.0,0.0,0.672568,0.444783,-0.25505,0.0,0.0,0.700365,0.57439,-0.284235,0.0,0.0,0.728145,0.699478,-0.305971,0.0,0.0,0.682658,0.320415,-0.171254,0.0,0.0,0.741834,0.440984,-0.231898,0.0,0.0,0.786484,0.513832,-0.261418,0.0,0.0,0.830082,0.590051,-0.283415,0.0,0.0
v1.mp4,1219610e4175dfcfd945e2d4a5016440b91148cdbcc5449d7badf3789d2f4a86,1920,1080,12.02,596,49.583,276,23000,Left,0.762184,0.572206,0.108316,1e-06,0.0,0.0,0.487634,0.177587,-0.060254,0.0,0.0,0.414597,0.283891,-0.107897,0.0,0.0,0.357839,0.386463,-0.144884,0.0,0.0,0.306657,0.47499,-0.184338,0.0,0.0,0.493669,0.291806,-0.173502,0.0,0.0,0.468165,0.498973,-0.237552,0.0,0.0,0.457371,0.637357,-0.272001,0.0,0.0,0.450638,0.769207,-0.29664,0.0,0.0,0.569674,0.289651,-0.168667,0.0,0.0,0.572272,0.436098,-0.239053,0.0,0.0,0.577763,0.543357,-0.269714,0.0,0.0,0.591685,0.640175,-0.295068,0.0,0.0,0.632032,0.281025,-0.161243,0.0,0.0,0.665324,0.391168,-0.223621,0.0,0.0,0.696923,0.478833,-0.246836,0.0,0.0,0.733905,0.557888,-0.263696,0.0,0.0,0.679764,0.274655,-0.156176,0.0,0.0,0.740143,0.362806,-0.206648,0.0,0.0,0.787067,0.406897,-0.22787,0.0,0.0,0.8356,0.447981,-0.243661,0.0,0.0
v1.mp4,1219610e4175dfcfd945e2d4a5016440b91148cdbcc5449d7badf3789d2f4a86,1920,1080,12.02,596,49.583,277,23083,Left,0.976327,0.579639,0.094919,1e-06,0.0,0.0,0.492517,0.178568,-0.046931,0.0,0.0,0.417709,0.279118,-0.094441,0.0,0.0,0.356314,0.38302,-0.129935,0.0,0.0,0.306682,0.481345,-0.1685,0.0,0.0,0.496776,0.285977,-0.179959,0.0,0.0,0.472616,0.499119,-0.246693,0.0,0.0,0.463029,0.648692,-0.279897,0.0,0.0,0.455586,0.780973,-0.301084,0.0,0.0,0.569476,0.288017,-0.179477,0.0,0.0,0.570713,0.526511,-0.249603,0.0,0.0,0.574503,0.697178,-0.285284,0.0,0.0,0.584906,0.838721,-0.311911,0.0,0.0,0.628868,0.275594,-0.172051,0.0,0.0,0.662889,0.436572,-0.23371,0.0,0.0,0.68718,0.557999,-0.267207,0.0,0.0,0.712185,0.6643,-0.28996,0.0,0.0,0.669397,0.26109,-0.163432,0.0,0.0,0.740404,0.319254,-0.216786,0.0,0.0,0.791288,0.342838,-0.241517,0.0,0.0,0.838519,0.373604,-0.257349,0.0,0.0
v1.mp4,1219610e4175dfcfd945e2d4a5016440b91148cdbcc5449d7badf3789d2f4a86,1920,1080,12.02,596,49.583,278,23166,Left,0.981838,0.581097,0.105161,1e-06,0.0,0.0,0.490546,0.182883,-0.056961,0.0,0.0,0.417198,0.27753,-0.110684,0.0,0.0,0.354855,0.383039,-0.149029,0.0,0.0,0.310859,0.491718,-0.189663,0.0,0.0,0.50144,0.283925,-0.204869,0.0,0.0,0.473193,0.498355,-0.278118,0.0,0.0,0.462192,0.646789,-0.315782,0.0,0.0,0.451752,0.777613,-0.339918,0.0,0.0,0.575898,0.287041,-0.199212,0.0,0.0,0.571743,0.53251,-0.282632,0.0,0.0,0.573212,0.705281,-0.329679,0.0,0.0,0.580995,0.849752,-0.363674,0.0,0.0,0.632018,0.281897,-0.184614,0.0,0.0,0.667473,0.460304,-0.25544,0.0,0.0,0.697631,0.587063,-0.295369,0.0,0.0,0.726099,0.695192,-0.321518,0.0,0.0,0.667467,0.278336,-0.168624,0.0,0.0,0.735174,0.353942,-0.226936,0.0,0.0,0.78253,0.385137,-0.254609,0.0,0.0,0.828021,0.419668,-0.27204,0.0,0.0
v1.mp4,1219610e4175dfcfd945e2d4a5016440b91148cdbcc5449d7badf3789d2f4a86,1920,1080,12.02,596,49.583,279,23250,Left,0.975276,0.580557,0.115356,1e-06,0.0,0.0,0.492758,0.187699,-0.049683,0.0,0.0,0.415436,0.280651,-0.099506,0.0,0.0,0.354195,0.382548,-0.136324,0.0,0.0,0.30724,0.484395,-0.177152,0.0,0.0,0.501009,0.28297,-0.186454,0.0,0.0,0.474802,0.498022,-0.25464,0.0,0.0,0.461745,0.646703,-0.291456,0.0,0.0,0.450559,0.775014,-0.315408,0.0,0.0,0.574639,0.288736,-0.183849,0.0,0.0,0.568618,0.529805,-0.253957,0.0,0.0,0.565913,0.698877,-0.292993,0.0,0.0,0.572297,0.844331,-0.322888,0.0,0.0,0.632817,0.284663,-0.173615,0.0,0.0,0.665026,0.487389,-0.233805,0.0,0.0,0.690459,0.624848,-0.270233,0.0,0.0,0.716391,0.743292,-0.296961,0.0,0.0,0.669416,0.27825,-0.161991,0.0,0.0,0.730909,0.353793,-0.213512,0.0,0.0,0.774275,0.381068,-0.237974,0.0,0.0,0.816535,0.407518,-0.254733,0.0,0.0
v1.mp4,1219610e4175dfcfd945e2d4a5016440b91148cdbcc5449d7badf3789d2f4a86,1920,1080,12.02,596,49.583,280,23333,Left,0.965067,0.578077,0.121235,1e-06,0.0,0.0,0.489551,0.196873,-0.044359,0.0,0.0,0.415264,0.282983,-0.094288,0.0,0.0,0.355596,0.381611,-0.132131,0.0,0.0,0.308788,0.484299,-0.174262,0.0,0.0,0.49896,0.283823,-0.184769,0.0,0.0,0.472716,0.494688,-0.253573,0.0,0.0,0.460376,0.645208,-0.29204,0.0,0.0,0.449919,0.773437,-0.317999,0.0,0.0,0.574576,0.281179,-0.187774,0.0,0.0,0.568039,0.524034,-0.256071,0.0,0.0,0.56717,0.697664,-0.295513,0.0,0.0,0.573791,0.846278,-0.327342,0.0,0.0,0.635899,0.269763,-0.183072,0.0,0.0,0.663327,0.478861,-0.243412,0.0,0.0,0.686453,0.621089,-0.280608,0.0,0.0,0.709495,0.742347,-0.309615,0.0,0.0,0.67542,0.256893,-0.176448,0.0,0.0,0.741143,0.32279,-0.2308,0.0,0.0,0.788193,0.352755,-0.256824,0.0,0.0,0.830433,0.386173,-0.275393,0.0,0.0
v1.mp4,1219610e4175dfcfd945e2d4a5016440b91148cdbcc5449d7badf3789d2f4a86,1920,1080,12.02,596,49.583,281,23416,Left,0.952578,0.579915,0.117924,1e-06,0.0,0.0,0.490123,0.18462,-0.055833,0.0,0.0,0.414534,0.278704,-0.109842,0.0,0.0,0.354729,0.381217,-0.150297,0.0,0.0,0.306554,0.481206,-0.192886,0.0,0.0,0.495213,0.287182,-0.193546,0.0,0.0,0.472974,0.498768,-0.26266,0.0,0.0,0.461307,0.647704,-0.298029,0.0,0.0,0.450551,0.78024,-0.321471,0.0,0.0,0.572896,0.293838,-0.188698,0.0,0.0,0.566165,0.520001,-0.264556,0.0,0.0,0.566656,0.69018,-0.302593,0.0,0.0,0.572458,0.840825,-0.333014,0.0,0.0,0.635945,0.297606,-0.177464,0.0,0.0,0.66156,0.494032,-0.239067,0.0,0.0,0.685218,0.642599,-0.269266,0.0,0.0,0.705797,0.766996,-0.291771,0.0,0.0,0.679224,0.301461,-0.166504,0.0,0.0,0.743424,0.437491,-0.218961,0.0,0.0,0.787296,0.515783,-0.245499,0.0,0.0,0.826782,0.58873,-0.26451,0.0,0.0
v1.mp4,1219610e4175dfcfd945e2d4a5016440b91148cdbcc5449d7badf3789d2f4a86,1920,1080,12.02,596,49.583,282,23500,Left,0.953393,0.581822,0.118141,1e-06,0.0,0.0,0.491581,0.183592,-0.051038,0.0,0.0,0.416201,0.2777,-0.102852,0.0,0.0,0.357189,0.379571,-0.142749,0.0,0.0,0.310339,0.481429,-0.185033,0.0,0.0,0.494609,0.285739,-0.184187,0.0,0.0,0.468673,0.492005,-0.250048,0.0,0.0,0.454634,0.63476,-0.282585,0.0,0.0,0.441223,0.765815,-0.304654,0.0,0.0,0.570864,0.296965,-0.183004,0.0,0.0,0.562276,0.520689,-0.258178,0.0,0.0,0.562507,0.69042,-0.295898,0.0,0.0,0.567643,0.841379,-0.32654,0.0,0.0,0.635099,0.29998,-0.175495,0.0,0.0,0.660154,0.495067,-0.238778,0.0,0.0,0.681972,0.646255,-0.269203,0.0,0.0,0.701225,0.772851,-0.291769,0.0,0.0,0.680146,0.299978,-0.167765,0.0,0.0,0.742691,0.443406,-0.222867,0.0,0.0,0.78395,0.524671,-0.249992,0.0,0.0,0.823462,0.601732,-0.269546,0.0,0.0
v1.mp4,1219610e4175dfcfd945e2d4a5016440b91148cdbcc5449d7badf3789d2f4a86,1920,1080,12.02,596,49.583,283,23583,Left,0.899655,0.582184,0.117051,1e-06,0.0,0.0,0.492674,0.170127,-0.05992,0.0,0.0,0.417022,0.265974,-0.114844,0.0,0.0,0.352976,0.354389,-0.156103,0.0,0.0,0.294432,0.432272,-0.200265,0.0,0.0,0.494574,0.289291,-0.193856,0.0,0.0,0.463277,0.424755,-0.264637,0.0,0.0,0.438641,0.525898,-0.302073,0.0,0.0,0.410654,0.621547,-0.327596,0.0,0.0,0.570484,0.315334,-0.191416,0.0,0.0,0.561769,0.519718,-0.274881,0.0,0.0,0.557699,0.684324,-0.322406,0.0,0.0,0.554969,0.837103,-0.360065,0.0,0.0,0.634092,0.323185,-0.182433,0.0,0.0,0.658657,0.50111,-0.253853,0.0,0.0,0.681364,0.645811,-0.294463,0.0,0.0,0.698958,0.772267,-0.323507,0.0,0.0,0.680259,0.315251,-0.173302,0.0,0.0,0.741905,0.448675,-0.232035,0.0,0.0,0.783984,0.523865,-0.263628,0.0,0.0,0.823787,0.600431,-0.287635,0.0,0.0
v1.mp4,1219610e4175dfcfd945e2d4a5016440b91148cdbcc5449d7badf3789d2f4a86,1920,1080,12.02,596,49.583,284,23666,Left,0.921673,0.582166,0.113444,1e-06,0.0,0.0,0.494398,0.172082,-0.052987,0.0,0.0,0.419957,0.264078,-0.105985,0.0,0.0,0.352839,0.351702,-0.146816,0.0,0.0,0.293808,0.432769,-0.19086,0.0,0.0,0.49817,0.27795,-0.189131,0.0,0.0,0.463921,0.443992,-0.254876,0.0,0.0,0.444519,0.563237,-0.287273,0.0,0.0,0.425064,0.675685,-0.30993,0.0,0.0,0.572558,0.300208,-0.188649,0.0,0.0,0.562159,0.516708,-0.267641,0.0,0.0,0.560464,0.682537,-0.309157,0.0,0.0,0.562995,0.83231,-0.342481,0.0,0.0,0.634735,0.307342,-0.181154,0.0,0.0,0.658122,0.498303,-0.248585,0.0,0.0,0.681191,0.646325,-0.283412,0.0,0.0,0.700945,0.77352,-0.30877,0.0,0.0,0.678711,0.303731,-0.173117,0.0,0.0,0.741479,0.445292,-0.23102,0.0,0.0,0.784201,0.523992,-0.260912,0.0,0.0,0.824537,0.601906,-0.283109,0.0,0.0
v1.mp4,1219610e4175dfcfd945e2d4a5016440b91148cdbcc5449d7badf3789d2f4a86,1920,1080,12.02,596,49.583,285,23750,Left,0.955949,0.577522,0.111764,1e-06,0.0,0.0,0.488321,0.179928,-0.051992,0.0,0.0,0.415715,0.265444,-0.105864,0.0,0.0,0.351122,0.353396,-0.147018,0.0,0.0,0.295152,0.43998,-0.190176,0.0,0.0,0.493543,0.288787,-0.190955,0.0,0.0,0.471065,0.495952,-0.260677,0.0,0.0,0.459062,0.644081,-0.29608,0.0,0.0,0.447055,0.777432,-0.319654,0.0,0.0,0.570019,0.299517,-0.188737,0.0,0.0,0.564837,0.526133,-0.266776,0.0,0.0,0.566898,0.697813,-0.30581,0.0,0.0,0.573789,0.849826,-0.337029,0.0,0.0,0.632946,0.301829,-0.179707,0.0,0.0,0.658717,0.494678,-0.243098,0.0,0.0,0.681221,0.644302,-0.272631,0.0,0.0,0.700681,0.768632,-0.294458,0.0,0.0,0.676605,0.300561,-0.170738,0.0,0.0,0.741101,0.440208,-0.224812,0.0,0.0,0.785091,0.519882,-0.251056,0.0,0.0,0.825551,0.597299,-0.269783,0.0,0.0
v1.mp4,1219610e4175dfcfd945e2d4a5016440b91148cdbcc5449d7badf3789d2f4a86,1920,1080,12.02,596,49.583,286,23833,Left,0.949217,0.577423,0.111488,1e-06,0.0,0.0,0.488406,0.176164,-0.054491,0.0,0.0,0.414905,0.267071,-0.106519,0.0,0.0,0.350158,0.358541,-0.145711,0.0,0.0,0.294597,0.444063,-0.187001,0.0,0.0,0.497417,0.296572,-0.187518,0.0,0.0,0.47202,0.497959,-0.255598,0.0,0.0,0.458923,0.643853,-0.290413,0.0,0.0,0.447552,0.777104,-0.313673,0.0,0.0,0.573036,0.311843,-0.182808,0.0,0.0,0.570643,0.526212,-0.25715,0.0,0.0,0.576304,0.693141,-0.292824,0.0,0.0,0.587831,0.840141,-0.321131,0.0,0.0,0.633993,0.314498,-0.171992,0.0,0.0,0.663834,0.50022,-0.232961,0.0,0.0,0.690376,0.643262,-0.259463,0.0,0.0,0.715346,0.765838,-0.278697,0.0,0.0,0.675409,0.309705,-0.161852,0.0,0.0,0.739038,0.442336,-0.214274,0.0,0.0,0.782981,0.519816,-0.238421,0.0,0.0,0.823867,0.59505,-0.255001,0.0,0.0
v1.mp4,1219610e4175dfcfd945e2d4a5016440b91148cdbcc5449d7badf3789d2f4a86,1920,1080,12.02,596,49.583,287,23916,Left,0.915754,0.578809,0.105984,1e-06,0.0,0.0,0.487864,0.16644,-0.060891,0.0,0.0,0.413215,0.262244,-0.112463,0.0,0.0,0.349268,0.357113,-0.150329,0.0,0.0,0.295428,0.438258,-0.189994,0.0,0.0,0.500941,0.306777,-0.185732,0.0,0.0,0.468844,0.493879,-0.250929,0.0,0.0,0.455276,0.6305,-0.284289,0.0,0.0,0.445293,0.762297,-0.308016,0.0,0.0,0.578831,0.323469,-0.177532,0.0,0.0,0.582516,0.506631,-0.252821,0.0,0.0,0.594683,0.647225,-0.289772,0.0,0.0,0.611313,0.780758,-0.318565,0.0,0.0,0.637281,0.325727,-0.163795,0.0,0.0,0.673623,0.47656,-0.226044,0.0,0.0,0.705952,0.607831,-0.252938,0.0,0.0,0.737451,0.732349,-0.272163,0.0,0.0,0.676342,0.319728,-0.15148,0.0,0.0,0.740408,0.441665,-0.204071,0.0,0.0,0.785597,0.512098,-0.228104,0.0,0.0,0.828318,0.587981,-0.244641,0.0,0.0
v1.mp4,1219610e4175dfcfd945e2d4a5016440b91148cdbcc5449d7badf3789d2f4a86,1920,1080,12.02,596,49.583,288,24000,Left,0.686266,0.572151,0.095126,1e-06,0.0,0.0,0.488475,0.16747,-0.053621,0.0,0.0,0.416681,0.275253,-0.098075,0.0,0.0,0.362167,0.378107,-0.134078,0.0,0.0,0.314713,0.466784,-0.172498,0.0,0.0,0.49423,0.291209,-0.156372,0.0,0.0,0.467054,0.496691,-0.216798,0.0,0.0,0.454049,0.63308,-0.250036,0.0,0.0,0.445554,0.765216,-0.273212,0.0,0.0,0.56717,0.284729,-0.154414,0.0,0.0,0.567453,0.439933,-0.2209,0.0,0.0,0.574712,0.551171,-0.251009,0.0,0.0,0.590186,0.650832,-0.275144,0.0,0.0,0.62779,0.271855,-0.149881,0.0,0.0,0.662344,0.388099,-0.209233,0.0,0.0,0.697454,0.472356,-0.229987,0.0,0.0,0.737293,0.545575,-0.243664,0.0,0.0,0.675235,0.26173,-0.147302,0.0,0.0,0.731457,0.363196,-0.193467,0.0,0.0,0.775861,0.41839,-0.210559,0.0,0.0,0.823122,0.468492,-0.222642,0.0,0.0
v1.mp4,1219610e4175dfcfd945e2d4a5016440b91148cdbcc5449d7badf3789d2f4a86,1920,1080,12.02,596,49.583,289,24083,Left,0.932207,0.575295,0.099236,1e-06,0.0,0.0,0.491635,0.166329,-0.0553,0.0,0.0,0.419345,0.269689,-0.104128,0.0,0.0,0.360246,0.376625,-0.140629,0.0,0.0,0.308886,0.471943,-0.179051,0.0,0.0,0.495176,0.272467,-0.179306,0.0,0.0,0.464385,0.487416,-0.241727,0.0,0.0,0.452477,0.630862,-0.271815,0.0,0.0,0.445132,0.761753,-0.292901,0.0,0.0,0.569079,0.276909,-0.174674,0.0,0.0,0.560268,0.449995,-0.2425,0.0,0.0,0.556708,0.576006,-0.272007,0.0,0.0,0.560768,0.687906,-0.295811,0.0,0.0,0.629027,0.271633,-0.165365,0.0,0.0,0.659545,0.395879,-0.22402,0.0,0.0,0.686832,0.493704,-0.247718,0.0,0.0,0.715276,0.583021,-0.265411,0.0,0.0,0.672181,0.269934,-0.157017,0.0,0.0,0.734491,0.350633,-0.206558,0.0,0.0,0.779816,0.385901,-0.227737,0.0,0.0,0.823218,0.426701,-0.242849,0.0,0.0
v1.mp4,1219610e4175dfcfd945e2d4a5016440b91148cdbcc5449d7badf3789d2f4a86,1920,1080,12.02,596,49.583,290,24166,Left,0.977029,0.579298,0.102733,1e-06,0.0,0.0,0.489878,0.183963,-0.052434,0.0,0.0,0.418022,0.277963,-0.108423,0.0,0.0,0.358382,0.379865,-0.150371,0.0,0.0,0.311639,0.484615,-0.195122,0.0,0.0,0.493932,0.281445,-0.208783,0.0,0.0,0.46739,0.492153,-0.284246,0.0,0.0,0.457052,0.639363,-0.322218,0.0,0.0,0.44686,0.77104,-0.347181,0.0,0.0,0.565516,0.279933,-0.207906,0.0,0.0,0.55083,0.50332,-0.296417,0.0,0.0,0.544522,0.670704,-0.34468,0.0,0.0,0.544579,0.811842,-0.380194,0.0,0.0,0.625458,0.271786,-0.197891,0.0,0.0,0.65677,0.430639,-0.273134,0.0,0.0,0.67676,0.555524,-0.315538,0.0,0.0,0.696437,0.661697,-0.344104,0.0,0.0,0.667155,0.268169,-0.18577,0.0,0.0,0.737131,0.341305,-0.248632,0.0,0.0,0.786254,0.373477,-0.280524,0.0,0.0,0.834961,0.413543,-0.301909,0.0,0.0
v1.mp4,1219610e4175dfcfd945e2d4a5016440b91148cdbcc5449d7badf3789d2f4a86,1920,1080,12.02,596,49.583,291,24250,Left,0.97497,0.582269,0.0974,1e-06,0.0,0.0,0.492079,0.175526,-0.050891,0.0,0.0,0.421059,0.268998,-0.105188,0.0,0.0,0.359675,0.371103,-0.14502,0.0,0.0,0.313479,0.479736,-0.187727,0.0,0.0,0.494934,0.277088,-0.204234,0.0,0.0,0.467995,0.488383,-0.278901,0.0,0.0,0.454714,0.633387,-0.318034,0.0,0.0,0.44132,0.760518,-0.343757,0.0,0.0,0.566543,0.279424,-0.20411,0.0,0.0,0.54982,0.509739,-0.288937,0.0,0.0,0.539373,0.677597,-0.336571,0.0,0.0,0.535354,0.821072,-0.372467,0.0,0.0,0.627356,0.273362,-0.194933,0.0,0.0,0.655806,0.454751,-0.267048,0.0,0.0,0.673492,0.588473,-0.308536,0.0,0.0,0.690738,0.702709,-0.338169,0.0,0.0,0.668516,0.269421,-0.183684,0.0,0.0,0.734034,0.338426,-0.245974,0.0,0.0,0.778667,0.367156,-0.276233,0.0,0.0,0.823165,0.40693,-0.296803,0.0,0.0
v1.mp4,1219610e4175dfcfd945e2d4a5016440b91148cdbcc5449d7badf3789d2f4a86,1920,1080,12.02,596,49.583,292,24333,Left,0.985333,0.584542,0.096855,1e-06,0.0,0.0,0.494517,0.171013,-0.044243,0.0,0.0,0.421194,0.265785,-0.093334,0.0,0.0,0.358751,0.367817,-0.1299,0.0,0.0,0.309533,0.46901,-0.170257,0.0,0.0,0.49916,0.264505,-0.181486,0.0,0.0,0.466232,0.469473,-0.247193,0.0,0.0,0.446216,0.608689,-0.281053,0.0,0.0,0.425772,0.729795,-0.303571,0.0,0.0,0.570859,0.274278,-0.183654,0.0,0.0,0.550743,0.509735,-0.256671,0.0,0.0,0.536145,0.680449,-0.296753,0.0,0.0,0.527509,0.828609,-0.327427,0.0,0.0,0.630788,0.272537,-0.177843,0.0,0.0,0.649278,0.479208,-0.240625,0.0,0.0,0.664794,0.633367,-0.278973,0.0,0.0,0.680526,0.766661,-0.307557,0.0,0.0,0.670952,0.267747,-0.169833,0.0,0.0,0.732929,0.347581,-0.225491,0.0,0.0,0.776008,0.387362,-0.253403,0.0,0.0,0.818482,0.432921,-0.272939,0.0,0.0
v1.mp4,1219610e4175dfcfd945e2d4a5016440b91148cdbcc5449d7badf3789d2f4a86,1920,1080,12.02,596,49.583,293,24416,Left,0.979616,0.582288,0.11355,1e-06,0.0,0.0,0.495687,0.182371,-0.044152,0.0,0.0,0.420362,0.275021,-0.091507,0.0,0.0,0.357804,0.369072,-0.127105,0.0,0.0,0.307882,0.457258,-0.166308,0.0,0.0,0.497347,0.26893,-0.173533,0.0,0.0,0.463434,0.439719,-0.236712,0.0,0.0,0.437778,0.549922,-0.270415,0.0,0.0,0.410991,0.650598,-0.29313,0.0,0.0,0.568321,0.284213,-0.175393,0.0,0.0,0.550786,0.511315,-0.247313,0.0,0.0,0.538573,0.676196,-0.290292,0.0,0.0,0.531529,0.824716,-0.323725,0.0,0.0,0.628079,0.288013,-0.16965,0.0,0.0,0.647926,0.492429,-0.232769,0.0,0.0,0.66737,0.642643,-0.273857,0.0,0.0,0.685598,0.77385,-0.303749,0.0,0.0,0.670354,0.287125,-0.161565,0.0,0.0,0.73403,0.390032,-0.215251,0.0,0.0,0.780688,0.441732,-0.243948,0.0,0.0,0.825236,0.496769,-0.26479,0.0,0.0
v1.mp4,1219610e4175dfcfd945e2d4a5016440b91148cdbcc5449d7badf3789d2f4a86,1920,1080,12.02,596,49.583,294,24500,Left,0.951695,0.581876,0.117328,1e-06,0.0,0.0,0.49221,0.179614,-0.054872,0.0,0.0,0.419007,0.273461,-0.110062,0.0,0.0,0.357267,0.369339,-0.151153,0.0,0.0,0.302138,0.459746,-0.194813,0.0,0.0,0.490861,0.276528,-0.199706,0.0,0.0,0.458775,0.43669,-0.273864,0.0,0.0,0.43197,0.544589,-0.313711,0.0,0.0,0.403349,0.643535,-0.340327,0.0,0.0,0.566003,0.294806,-0.198642,0.0,0.0,0.546572,0.511161,-0.284629,0.0,0.0,0.537444,0.676843,-0.334425,0.0,0.0,0.531532,0.825353,-0.373915,0.0,0.0,0.628794,0.305092,-0.190186,0.0,0.0,0.646463,0.499781,-0.263372,0.0,0.0,0.664844,0.654264,-0.306706,0.0,0.0,0.679172,0.779776,-0.338088,0.0,0.0,0.674975,0.309477,-0.180437,0.0,0.0,0.730539,0.453239,-0.241419,0.0,0.0,0.76966,0.535295,-0.275765,0.0,0.0,0.80616,0.615489,-0.301737,0.0,0.0
v1.mp4,1219610e4175dfcfd945e2d4a5016440b91148cdbcc5449d7badf3789d2f4a86,1920,1080,12.02,596,49.583,295,24583,Left,0.965649,0.583912,0.097586,1e-06,0.0,0.0,0.495904,0.162236,-0.040348,0.0,0.0,0.416871,0.262652,-0.082298,0.0,0.0,0.355965,0.368087,-0.11481,0.0,0.0,0.302848,0.455953,-0.149812,0.0,0.0,0.491638,0.267338,-0.148218,0.0,0.0,0.456269,0.396401,-0.205848,0.0,0.0,0.427817,0.487457,-0.235835,0.0,0.0,0.396661,0.574284,-0.255892,0.0,0.0,0.562343,0.285834,-0.152271,0.0,0.0,0.546595,0.49686,-0.219244,0.0,0.0,0.53639,0.663638,-0.257205,0.0,0.0,0.528411,0.811883,-0.287658,0.0,0.0,0.624655,0.292903,-0.151105,0.0,0.0,0.645948,0.488743,-0.212986,0.0,0.0,0.663725,0.643276,-0.248497,0.0,0.0,0.677065,0.773248,-0.272764,0.0,0.0,0.673012,0.292399,-0.14844,0.0,0.0,0.729534,0.444051,-0.201412,0.0,0.0,0.768486,0.530721,-0.228457,0.0,0.0,0.804147,0.614132,-0.247786,0.0,0.0
v1.mp4,1219610e4175dfcfd945e2d4a5016440b91148cdbcc5449d7badf3789d2f4a86,1920,1080,12.02,596,49.583,296,24666,Left,0.979989,0.582046,0.087598,1e-06,0.0,0.0,0.493317,0.164917,-0.040477,0.0,0.0,0.419934,0.267033,-0.085346,0.0,0.0,0.35786,0.365272,-0.121452,0.0,0.0,0.301598,0.449392,-0.160159,0.0,0.0,0.494001,0.271401,-0.149751,0.0,0.0,0.456659,0.38319,-0.212776,0.0,0.0,0.417607,0.436958,-0.247959,0.0,0.0,0.375969,0.4807,-0.270142,0.0,0.0,0.562433,0.285642,-0.155199,0.0,0.0,0.548668,0.500921,-0.227667,0.0,0.0,0.537199,0.674751,-0.271312,0.0,0.0,0.529439,0.824126,-0.304883,0.0,0.0,0.623987,0.290038,-0.155351,0.0,0.0,0.645462,0.492913,-0.222275,0.0,0.0,0.661531,0.650099,-0.260921,0.0,0.0,0.674278,0.779953,-0.28594,0.0,0.0,0.672927,0.288113,-0.153554,0.0,0.0,0.730823,0.439968,-0.207319,0.0,0.0,0.770428,0.526745,-0.232468,0.0,0.0,0.806859,0.607155,-0.249855,0.0,0.0
v1.mp4,1219610e4175dfcfd945e2d4a5016440b91148cdbcc5449d7badf3789d2f4a86,1920,1080,12.02,596,49.583,297,24750,Left,0.969605,0.582599,0.101041,1e-06,0.0,0.0,0.489818,0.169158,-0.051954,0.0,0.0,0.418973,0.258184,-0.107285,0.0,0.0,0.358214,0.35686,-0.149197,0.0,0.0,0.30803,0.456163,-0.193536,0.0,0.0,0.486293,0.276837,-0.195538,0.0,0.0,0.455228,0.484584,-0.266931,0.0,0.0,0.437299,0.630512,-0.303824,0.0,0.0,0.421337,0.761886,-0.328259,0.0,0.0,0.561819,0.286028,-0.194002,0.0,0.0,0.543148,0.515022,-0.272408,0.0,0.0,0.536616,0.685916,-0.31224,0.0,0.0,0.53567,0.837039,-0.343896,0.0,0.0,0.62664,0.292539,-0.185601,0.0,0.0,0.645859,0.497443,-0.250864,0.0,0.0,0.662432,0.656186,-0.283325,0.0,0.0,0.676782,0.787524,-0.307377,0.0,0.0,0.673971,0.299838,-0.176579,0.0,0.0,0.731646,0.445499,-0.233578,0.0,0.0,0.771713,0.531589,-0.262124,0.0,0.0,0.808732,0.615507,-0.282318,0.0,0.0
v1.mp4,1219610e4175dfcfd945e2d4a5016440b91148cdbcc5449d7badf3789d2f4a86,1920,1080,12.02,596,49.583,298,24833,Left,0.982214,0.581959,0.108582,1e-06,0.0,0.0,0.489491,0.173377,-0.048913,0.0,0.0,0.417398,0.262001,-0.103111,0.0,0.0,0.355459,0.362203,-0.143145,0.0,0.0,0.304198,0.460002,-0.185356,0.0,0.0,0.486445,0.263245,-0.201991,0.0,0.0,0.455377,0.483219,-0.272502,0.0,0.0,0.436791,0.63235,-0.306437,0.0,0.0,0.419184,0.760605,-0.328332,0.0,0.0,0.56217,0.273492,-0.200241,0.0,0.0,0.543512,0.512058,-0.278631,0.0,0.0,0.536902,0.686474,-0.315979,0.0,0.0,0.535921,0.833051,-0.346115,0.0,0.0,0.62667,0.28368,-0.190527,0.0,0.0,0.644982,0.497839,-0.255325,0.0,0.0,0.660429,0.655645,-0.286985,0.0,0.0,0.673368,0.781717,-0.310751,0.0,0.0,0.67259,0.295136,-0.179478,0.0,0.0,0.730142,0.446982,-0.235498,0.0,0.0,0.77089,0.530588,-0.263447,0.0,0.0,0.80783,0.610781,-0.283611,0.0,0.0
v1.mp4,1219610e4175dfcfd945e2d4a5016440b91148cdbcc5449d7badf3789d2f4a86,1920,1080,12.02,596,49.583,299,24916,Left,0.98148,0.582395,0.098254,1e-06,0.0,0.0,0.489543,0.166666,-0.045161,0.0,0.0,0.416493,0.257772,-0.096334,0.0,0.0,0.355334,0.361866,-0.134587,0.0,0.0,0.30678,0.463659,-0.175247,0.0,0.0,0.486506,0.264544,-0.190734,0.0,0.0,0.454504,0.483549,-0.258988,0.0,0.0,0.435375,0.631154,-0.292509,0.0,0.0,0.418416,0.758432,-0.313979,0.0,0.0,0.560416,0.274216,-0.190379,0.0,0.0,0.541763,0.515706,-0.264611,0.0,0.0,0.535907,0.689826,-0.300357,0.0,0.0,0.536918,0.83512,-0.329162,0.0,0.0,0.623447,0.283389,-0.182459,0.0,0.0,0.640586,0.50219,-0.243451,0.0,0.0,0.657264,0.658563,-0.273039,0.0,0.0,0.672782,0.782201,-0.29533,0.0,0.0,0.668067,0.293875,-0.173275,0.0,0.0,0.724345,0.446471,-0.226302,0.0,0.0,0.765927,0.53245,-0.252287,0.0,0.0,0.804064,0.612977,-0.270735,0.0,0.0
v1.mp4,1219610e4175dfcfd945e2d4a5016440b91148cdbcc5449d7badf3789d2f4a86,1920,1080,12.02,596,49.583,300,25000,Left,0.985346,0.583521,0.09647,1e-06,0.0,0.0,0.48994,0.167585,-0.04797,0.0,0.0,0.416443,0.260619,-0.100191,0.0,0.0,0.354744,0.366224,-0.138585,0.0,0.0,0.307348,0.469895,-0.179092,0.0,0.0,0.485019,0.270824,-0.193929,0.0,0.0,0.45411,0.487472,-0.263496,0.0,0.0,0.435581,0.634595,-0.298261,0.0,0.0,0.418801,0.761636,-0.320511,0.0,0.0,0.559016,0.279514,-0.192374,0.0,0.0,0.543762,0.51854,-0.268668,0.0,0.0,0.538448,0.692813,-0.306579,0.0,0.0,0.53949,0.838524,-0.33639,0.0,0.0,0.621373,0.288599,-0.183236,0.0,0.0,0.641998,0.505639,-0.245832,0.0,0.0,0.659589,0.662264,-0.276821,0.0,0.0,0.67559,0.787032,-0.299674,0.0,0.0,0.665823,0.300569,-0.172999,0.0,0.0,0.723737,0.448434,-0.227094,0.0,0.0,0.765694,0.532198,-0.253691,0.0,0.0,0.803412,0.611529,-0.272082,0.0,0.0
v1.mp4,1219610e4175dfcfd945e2d4a5016440b91148cdbcc5449d7badf3789d2f4a86,1920,1080,12.02,596,49.583,301,25083,Left,0.983925,0.581521,0.106767,1e-06,0.0,0.0,0.488425,0.174976,-0.049997,0.0,0.0,0.415773,0.264533,-0.103895,0.0,0.0,0.354019,0.368665,-0.143764,0.0,0.0,0.304878,0.471968,-0.185741,0.0,0.0,0.484234,0.268851,-0.197811,0.0,0.0,0.45423,0.48432,-0.269591,0.0,0.0,0.435232,0.632604,-0.30583,0.0,0.0,0.417623,0.759734,-0.32921,0.0,0.0,0.558774,0.279068,-0.196276,0.0,0.0,0.544509,0.518361,-0.274848,0.0,0.0,0.538899,0.693933,-0.31396,0.0,0.0,0.539682,0.840188,-0.344803,0.0,0.0,0.621419,0.290298,-0.187403,0.0,0.0,0.641815,0.505282,-0.252905,0.0,0.0,0.658068,0.659011,-0.284732,0.0,0.0,0.673295,0.781734,-0.307987,0.0,0.0,0.666231,0.304688,-0.177526,0.0,0.0,0.723639,0.450286,-0.23433,0.0,0.0,0.765969,0.533321,-0.262073,0.0,0.0,0.804151,0.612217,-0.281258,0.0,0.0
v1.mp4,1219610e4175dfcfd945e2d4a5016440b91148cdbcc5449d7badf3789d2f4a86,1920,1080,12.02,596,49.583,302,25166,Left,0.962138,0.584362,0.10862,1e-06,0.0,0.0,0.494005,0.176848,-0.040141,0.0,0.0,0.421714,0.253324,-0.088004,0.0,0.0,0.351395,0.324598,-0.125287,0.0,0.0,0.290989,0.385019,-0.165283,0.0,0.0,0.489862,0.276118,-0.174714,0.0,0.0,0.45094,0.451142,-0.238359,0.0,0.0,0.425153,0.570974,-0.270157,0.0,0.0,0.399377,0.676108,-0.29179,0.0,0.0,0.560365,0.296811,-0.178212,0.0,0.0,0.543145,0.514022,-0.257325,0.0,0.0,0.532925,0.68121,-0.300544,0.0,0.0,0.527714,0.824345,-0.333915,0.0,0.0,0.62082,0.306647,-0.17356,0.0,0.0,0.641208,0.506348,-0.239883,0.0,0.0,0.658474,0.656968,-0.274916,0.0,0.0,0.673152,0.780411,-0.299842,0.0,0.0,0.663808,0.309373,-0.167054,0.0,0.0,0.722382,0.452279,-0.223498,0.0,0.0,0.763087,0.532401,-0.252442,0.0,0.0,0.800219,0.613242,-0.273197,0.0,0.0
v1.mp4,1219610e4175dfcfd945e2d4a5016440b91148cdbcc5449d7badf3789d2f4a86,1920,1080,12.02,596,49.583,303,25250,Left,0.938619,0.590916,0.103601,1e-06,0.0,0.0,0.502405,0.149317,-0.042123,0.0,0.0,0.419588,0.220623,-0.0888,0.0,0.0,0.340642,0.244179,-0.126837,0.0,0.0,0.275375,0.225342,-0.16939,0.0,0.0,0.491598,0.273444,-0.161761,0.0,0.0,0.445585,0.410433,-0.222961,0.0,0.0,0.415349,0.500838,-0.254755,0.0,0.0,0.383361,0.584144,-0.276428,0.0,0.0,0.562627,0.307707,-0.166341,0.0,0.0,0.541831,0.517111,-0.234822,0.0,0.0,0.529749,0.676526,-0.273088,0.0,0.0,0.520908,0.822634,-0.303261,0.0,0.0,0.625562,0.319693,-0.164623,0.0,0.0,0.641555,0.510696,-0.225559,0.0,0.0,0.658833,0.653583,-0.262466,0.0,0.0,0.673495,0.778827,-0.287885,0.0,0.0,0.672973,0.312756,-0.161803,0.0,0.0,0.728056,0.453438,-0.213887,0.0,0.0,0.769133,0.530119,-0.241583,0.0,0.0,0.805586,0.606968,-0.261528,0.0,0.0
v1.mp4,1219610e4175dfcfd945e2d4a5016440b91148cdbcc5449d7badf3789d2f4a86,1920,1080,12.02,596,49.583,304,25333,Left,0.90633,0.590569,0.097186,1e-06,0.0,0.0,0.497495,0.156063,-0.03656,0.0,0.0,0.415994,0.232705,-0.079073,0.0,0.0,0.336739,0.277567,-0.114611,0.0,0.0,0.265378,0.287651,-0.154219,0.0,0.0,0.493663,0.269953,-0.149486,0.0,0.0,0.449061,0.43099,-0.207529,0.0,0.0,0.419681,0.549356,-0.237042,0.0,0.0,0.389907,0.659859,-0.257603,0.0,0.0,0.56355,0.302074,-0.155929,0.0,0.0,0.54217,0.514707,-0.22159,0.0,0.0,0.529385,0.677376,-0.255036,0.0,0.0,0.522167,0.821092,-0.281682,0.0,0.0,0.625348,0.312158,-0.156475,0.0,0.0,0.640425,0.511077,-0.214748,0.0,0.0,0.656522,0.656487,-0.24294,0.0,0.0,0.671337,0.783445,-0.26254,0.0,0.0,0.67121,0.304217,-0.156248,0.0,0.0,0.723098,0.451503,-0.206802,0.0,0.0,0.762907,0.531692,-0.22917,0.0,0.0,0.799825,0.610141,-0.244826,0.0,0.0
v1.mp4,1219610e4175dfcfd945e2d4a5016440b91148cdbcc5449d7badf3789d2f4a86,1920,1080,12.02,596,49.583,305,25416,Left,0.947575,0.58318,0.097208,1e-06,0.0,0.0,0.489962,0.169009,-0.040851,0.0,0.0,0.415102,0.267808,-0.08418,0.0,0.0,0.348451,0.366798,-0.117296,0.0,0.0,0.294089,0.454228,-0.152828,0.0,0.0,0.490062,0.283945,-0.162406,0.0,0.0,0.453887,0.44857,-0.224007,0.0,0.0,0.430669,0.571881,-0.255652,0.0,0.0,0.407085,0.687644,-0.277072,0.0,0.0,0.563395,0.307242,-0.165561,0.0,0.0,0.542822,0.521359,-0.23469,0.0,0.0,0.53351,0.6909,-0.270126,0.0,0.0,0.529046,0.836968,-0.298746,0.0,0.0,0.625682,0.315797,-0.162444,0.0,0.0,0.643283,0.510712,-0.222391,0.0,0.0,0.661672,0.659524,-0.250262,0.0,0.0,0.677256,0.784212,-0.270535,0.0,0.0,0.671402,0.309816,-0.15848,0.0,0.0,0.726222,0.450251,-0.210559,0.0,0.0,0.766489,0.528184,-0.233888,0.0,0.0,0.803659,0.606909,-0.250404,0.0,0.0
v1.mp4,1219610e4175dfcfd945e2d4a5016440b91148cdbcc5449d7badf3789d2f4a86,1920,1080,12.02,596,49.583,306,25500,Left,0.960428,0.581517,0.108217,1e-06,0.0,0.0,0.491417,0.17606,-0.045169,0.0,0.0,0.41437,0.276515,-0.09253,0.0,0.0,0.348408,0.375041,-0.128734,0.0,0.0,0.292553,0.462947,-0.167705,0.0,0.0,0.488054,0.278052,-0.171958,0.0,0.0,0.45473,0.431536,-0.237137,0.0,0.0,0.426945,0.535363,-0.270797,0.0,0.0,0.397273,0.632327,-0.293136,0.0,0.0,0.561131,0.298366,-0.174849,0.0,0.0,0.544919,0.513788,-0.249961,0.0,0.0,0.535421,0.679372,-0.290247,0.0,0.0,0.528813,0.826127,-0.322136,0.0,0.0,0.624279,0.305969,-0.1717,0.0,0.0,0.644257,0.50022,-0.237546,0.0,0.0,0.661832,0.65457,-0.273114,0.0,0.0,0.674676,0.785805,-0.29817,0.0,0.0,0.671542,0.304081,-0.16734,0.0,0.0,0.728173,0.449882,-0.222925,0.0,0.0,0.767695,0.534166,-0.251432,0.0,0.0,0.803082,0.616023,-0.272215,0.0,0.0
v1.mp4,1219610e4175dfcfd945e2d4a5016440b91148cdbcc5449d7badf3789d2f4a86,1920,1080,12.02,596,49.583,307,25583,Left,0.941021,0.584319,0.109931,1e-06,0.0,0.0,0.494345,0.171588,-0.04528,0.0,0.0,0.418643,0.255459,-0.093441,0.0,0.0,0.347748,0.33451,-0.130904,0.0,0.0,0.285753,0.404279,-0.170886,0.0,0.0,0.489478,0.282176,-0.17033,0.0,0.0,0.450661,0.429163,-0.236132,0.0,0.0,0.421766,0.533085,-0.270745,0.0,0.0,0.391595,0.629755,-0.293844,0.0,0.0,0.561379,0.306893,-0.173316,0.0,0.0,0.54443,0.515541,-0.250753,0.0,0.0,0.534125,0.679418,-0.29285,0.0,0.0,0.52685,0.824935,-0.32565,0.0,0.0,0.62379,0.314617,-0.170011,0.0,0.0,0.643206,0.500884,-0.236488,0.0,0.0,0.658696,0.64973,-0.271043,0.0,0.0,0.669033,0.777332,-0.29514,0.0,0.0,0.670984,0.310205,-0.165773,0.0,0.0,0.728999,0.451952,-0.221391,0.0,0.0,0.768255,0.533384,-0.249073,0.0,0.0,0.802784,0.615538,-0.268956,0.0,0.0
v1.mp4,1219610e4175dfcfd945e2d4a5016440b91148cdbcc5449d7badf3789d2f4a86,1920,1080,12.02,596,49.583,308,25666,Left,0.938306,0.586165,0.098011,1e-06,0.0,0.0,0.49572,0.162104,-0.039419,0.0,0.0,0.419438,0.246015,-0.083287,0.0,0.0,0.347891,0.325215,-0.117905,0.0,0.0,0.286333,0.393391,-0.155138,0.0,0.0,0.493116,0.274746,-0.155817,0.0,0.0,0.451892,0.437477,-0.214702,0.0,0.0,0.424734,0.55169,-0.24447,0.0,0.0,0.397377,0.656684,-0.264729,0.0,0.0,0.562752,0.300239,-0.159852,0.0,0.0,0.544255,0.513194,-0.229228,0.0,0.0,0.532861,0.677187,-0.265408,0.0,0.0,0.526307,0.82189,-0.294161,0.0,0.0,0.624171,0.308698,-0.157842,0.0,0.0,0.642256,0.504251,-0.217702,0.0,0.0,0.657588,0.654538,-0.24698,0.0,0.0,0.669361,0.7852,-0.267897,0.0,0.0,0.669968,0.304838,-0.154884,0.0,0.0,0.726459,0.452302,-0.206639,0.0,0.0,0.766274,0.534013,-0.230788,0.0,0.0,0.802283,0.616374,-0.247913,0.0,0.0
v1.mp4,1219610e4175dfcfd945e2d4a5016440b91148cdbcc5449d7badf3789d2f4a86,1920,1080,12.02,596,49.583,309,25750,Left,0.958666,0.581636,0.100522,1e-06,0.0,0.0,0.489589,0.171138,-0.047728,0.0,0.0,0.417911,0.267903,-0.097788,0.0,0.0,0.354231,0.370652,-0.135488,0.0,0.0,0.299982,0.466349,-0.175384,0.0,0.0,0.485626,0.285988,-0.182831,0.0,0.0,0.454471,0.485883,-0.249969,0.0,0.0,0.437724,0.629879,-0.283626,0.0,0.0,0.421671,0.758572,-0.306072,0.0,0.0,0.560139,0.299024,-0.183023,0.0,0.0,0.544002,0.521444,-0.259277,0.0,0.0,0.539752,0.690341,-0.297141,0.0,0.0,0.539791,0.838163,-0.327077,0.0,0.0,0.623716,0.302909,-0.176435,0.0,0.0,0.64159,0.502465,-0.239874,0.0,0.0,0.658332,0.653163,-0.268482,0.0,0.0,0.672993,0.778088,-0.289506,0.0,0.0,0.670806,0.302813,-0.169351,0.0,0.0,0.727876,0.444571,-0.224594,0.0,0.0,0.767692,0.527244,-0.250433,0.0,0.0,0.804319,0.608711,-0.268356,0.0,0.0
v1.mp4,1219610e4175dfcfd945e2d4a5016440b91148cdbcc5449d7badf3789d2f4a86,1920,1080,12.02,596,49.583,310,25833,Left,0.94315,0.579911,0.099037,1e-06,0.0,0.0,0.489833,0.168446,-0.056243,0.0,0.0,0.414209,0.269156,-0.107706,0.0,0.0,0.352673,0.373053,-0.144856,0.0,0.0,0.301663,0.469883,-0.184366,0.0,0.0,0.491616,0.30503,-0.189614,0.0,0.0,0.457705,0.490991,-0.258146,0.0,0.0,0.438711,0.628536,-0.293267,0.0,0.0,0.424962,0.755012,-0.317201,0.0,0.0,0.567694,0.321125,-0.184602,0.0,0.0,0.569616,0.528015,-0.261401,0.0,0.0,0.580934,0.677938,-0.297056,0.0,0.0,0.597147,0.809481,-0.324124,0.0,0.0,0.628852,0.32646,-0.173725,0.0,0.0,0.663122,0.513707,-0.237444,0.0,0.0,0.693453,0.667016,-0.263927,0.0,0.0,0.720848,0.806439,-0.283142,0.0,0.0,0.67183,0.321329,-0.163315,0.0,0.0,0.729371,0.457141,-0.217469,0.0,0.0,0.769103,0.540035,-0.24124,0.0,0.0,0.805038,0.625647,-0.257439,0.0,0.0
v1.mp4,1219610e4175dfcfd945e2d4a5016440b91148cdbcc5449d7badf3789d2f4a86,1920,1080,12.02,596,49.583,311,25916,Left,0.940594,0.58014,0.104931,1e-06,0.0,0.0,0.492857,0.172231,-0.055794,0.0,0.0,0.416297,0.276003,-0.106615,0.0,0.0,0.354232,0.383441,-0.144944,0.0,0.0,0.303973,0.479806,-0.185374,0.0,0.0,0.492938,0.290532,-0.184757,0.0,0.0,0.457274,0.490735,-0.251057,0.0,0.0,0.441347,0.626245,-0.285759,0.0,0.0,0.42913,0.757792,-0.309471,0.0,0.0,0.56509,0.297274,-0.178693,0.0,0.0,0.555078,0.479769,-0.25192,0.0,0.0,0.554686,0.615159,-0.287195,0.0,0.0,0.561399,0.741176,-0.31498,0.0,0.0,0.622596,0.295006,-0.166784,0.0,0.0,0.652849,0.438322,-0.227287,0.0,0.0,0.677917,0.553694,-0.252693,0.0,0.0,0.704736,0.662717,-0.271042,0.0,0.0,0.662986,0.294462,-0.155618,0.0,0.0,0.713127,0.408043,-0.204396,0.0,0.0,0.751206,0.467722,-0.224776,0.0,0.0,0.790294,0.530275,-0.239166,0.0,0.0
v1.mp4,1219610e4175dfcfd945e2d4a5016440b91148cdbcc5449d7badf3789d2f4a86,1920,1080,12.02,596,49.583,312,26000,Left,0.979551,0.576291,0.102825,1e-06,0.0,0.0,0.486716,0.180482,-0.045399,0.0,0.0,0.414744,0.271219,-0.093284,0.0,0.0,0.355385,0.373309,-0.128797,0.0,0.0,0.306351,0.474162,-0.167413,0.0,0.0,0.488878,0.286422,-0.178251,0.0,0.0,0.457729,0.492461,-0.244511,0.0,0.0,0.442557,0.635197,-0.277906,0.0,0.0,0.430059,0.757819,-0.299464,0.0,0.0,0.561389,0.28974,-0.180211,0.0,0.0,0.553475,0.528933,-0.249679,0.0,0.0,0.551198,0.693316,-0.286708,0.0,0.0,0.555408,0.82973,-0.314418,0.0,0.0,0.620945,0.278318,-0.175176,0.0,0.0,0.64471,0.44993,-0.238589,0.0,0.0,0.66136,0.572356,-0.274042,0.0,0.0,0.680117,0.678953,-0.298372,0.0,0.0,0.663174,0.263778,-0.168408,0.0,0.0,0.727002,0.324791,-0.225054,0.0,0.0,0.771862,0.355215,-0.251293,0.0,0.0,0.813896,0.392218,-0.267943,0.0,0.0
v1.mp4,1219610e4175dfcfd945e2d4a5016440b91148cdbcc5449d7badf3789d2f4a86,1920,1080,12.02,596,49.583,313,26083,Left,0.985776,0.583809,0.107723,1e-06,0.0,0.0,0.49491,0.177537,-0.049847,0.0,0.0,0.41361,0.272405,-0.100625,0.0,0.0,0.352307,0.376622,-0.137569,0.0,0.0,0.302037,0.469426,-0.177593,0.0,0.0,0.491041,0.261867,-0.191745,0.0,0.0,0.45971,0.480634,-0.260055,0.0,0.0,0.442135,0.631235,-0.294961,0.0,0.0,0.428115,0.75972,-0.316418,0.0,0.0,0.565228,0.267925,-0.187375,0.0,0.0,0.552618,0.523325,-0.256506,0.0,0.0,0.547134,0.69833,-0.290522,0.0,0.0,0.550741,0.844732,-0.316504,0.0,0.0,0.624644,0.276225,-0.175799,0.0,0.0,0.644345,0.497597,-0.233452,0.0,0.0,0.664725,0.650805,-0.264826,0.0,0.0,0.686636,0.775041,-0.286607,0.0,0.0,0.664606,0.288132,-0.163065,0.0,0.0,0.717523,0.429492,-0.21003,0.0,0.0,0.757896,0.50843,-0.232995,0.0,0.0,0.797272,0.574299,-0.248454,0.0,0.0
v1.mp4,1219610e4175dfcfd945e2d4a5016440b91148cdbcc5449d7badf3789d2f4a86,1920,1080,12.02,596,49.583,314,26166,Left,0.965176,0.583556,0.109129,1e-06,0.0,0.0,0.490817,0.177276,-0.049103,0.0,0.0,0.417569,0.263102,-0.100653,0.0,0.0,0.351478,0.358041,-0.13917,0.0,0.0,0.294521,0.441714,-0.179667,0.0,0.0,0.485746,0.286083,-0.185703,0.0,0.0,0.453435,0.486588,-0.254304,0.0,0.0,0.434708,0.63065,-0.289813,0.0,0.0,0.417909,0.754812,-0.313169,0.0,0.0,0.561644,0.298251,-0.184799,0.0,0.0,0.54976,0.521298,-0.26227,0.0,0.0,0.544759,0.693523,-0.302385,0.0,0.0,0.545275,0.83941,-0.333156,0.0,0.0,0.623989,0.304453,-0.176954,0.0,0.0,0.643071,0.501237,-0.24134,0.0,0.0,0.658551,0.651631,-0.273342,0.0,0.0,0.672095,0.775308,-0.29611,0.0,0.0,0.668893,0.308696,-0.168453,0.0,0.0,0.727174,0.441891,-0.223344,0.0,0.0,0.768394,0.522325,-0.250442,0.0,0.0,0.803581,0.601441,-0.268905,0.0,0.0
v1.mp4,1219610e4175dfcfd945e2d4a5016440b91148cdbcc5449d7badf3789d2f4a86,1920,1080,12.02,596,49.583,315,26250,Left,0.965282,0.585697,0.10824,1e-06,0.0,0.0,0.497645,0.170875,-0.038885,0.0,0.0,0.419309,0.255738,-0.083311,0.0,0.0,0.349864,0.336258,-0.11852,0.0,0.0,0.286648,0.396417,-0.15661,0.0,0.0,0.486941,0.271099,-0.158819,0.0,0.0,0.443666,0.393133,-0.221748,0.0,0.0,0.408495,0.479494,-0.254939,0.0,0.0,0.3717,0.553902,-0.276468,0.0,0.0,0.557062,0.292669,-0.164597,0.0,0.0,0.544704,0.508707,-0.235572,0.0,0.0,0.537705,0.67965,-0.273301,0.0,0.0,0.533532,0.82575,-0.30294,0.0,0.0,0.619264,0.302152,-0.164298,0.0,0.0,0.63721,0.49391,-0.226725,0.0,0.0,0.652017,0.643023,-0.258679,0.0,0.0,0.662833,0.770948,-0.280475,0.0,0.0,0.667311,0.302648,-0.16268,0.0,0.0,0.725027,0.447096,-0.215078,0.0,0.0,0.766292,0.529604,-0.239198,0.0,0.0,0.801914,0.611139,-0.256099,0.0,0.0
v1.mp4,1219610e4175dfcfd945e2d4a5016440b91148cdbcc5449d7badf3789d2f4a86,1920,1080,12.02,596,49.583,316,26333,Left,0.967738,0.583941,0.105326,1e-06,0.0,0.0,0.495027,0.171296,-0.039207,0.0,0.0,0.419924,0.25396,-0.086298,0.0,0.0,0.350047,0.331343,-0.123525,0.0,0.0,0.286897,0.39046,-0.163962,0.0,0.0,0.490776,0.271027,-0.171971,0.0,0.0,0.462398,0.450002,-0.235186,0.0,0.0,0.447973,0.584395,-0.266033,0.0,0.0,0.434462,0.701856,-0.286991,0.0,0.0,0.562143,0.291075,-0.176915,0.0,0.0,0.546658,0.512807,-0.250985,0.0,0.0,0.540533,0.682285,-0.287974,0.0,0.0,0.539728,0.827604,-0.316871,0.0,0.0,0.622342,0.300303,-0.174423,0.0,0.0,0.638118,0.5036,-0.236511,0.0,0.0,0.65344,0.653859,-0.265135,0.0,0.0,0.666549,0.778399,-0.285933,0.0,0.0,0.665324,0.302088,-0.170688,0.0,0.0,0.720228,0.441537,-0.22477,0.0,0.0,0.760827,0.523428,-0.250004,0.0,0.0,0.797363,0.604815,-0.26768,0.0,0.0
v1.mp4,1219610e4175dfcfd945e2d4a5016440b91148cdbcc5449d7badf3789d2f4a86,1920,1080,12.02,596,49.583,317,26416,Left,0.968348,0.582456,0.109195,1e-06,0.0,0.0,0.491779,0.172937,-0.046471,0.0,0.0,0.418395,0.250317,-0.098496,0.0,0.0,0.34788,0.321577,-0.138576,0.0,0.0,0.283601,0.378323,-0.181625,0.0,0.0,0.48733,0.280956,-0.186486,0.0,0.0,0.462339,0.486085,-0.254744,0.0,0.0,0.448558,0.636816,-0.289456,0.0,0.0,0.435671,0.765253,-0.311898,0.0,0.0,0.559479,0.292663,-0.187047,0.0,0.0,0.547342,0.519832,-0.26143,0.0,0.0,0.544769,0.692285,-0.298609,0.0,0.0,0.54627,0.840352,-0.327925,0.0,0.0,0.620999,0.297577,-0.180368,0.0,0.0,0.637385,0.497694,-0.24136,0.0,0.0,0.653127,0.650801,-0.270783,0.0,0.0,0.666438,0.77618,-0.292366,0.0,0.0,0.665713,0.299595,-0.17306,0.0,0.0,0.723927,0.437862,-0.225346,0.0,0.0,0.765192,0.521443,-0.250284,0.0,0.0,0.801478,0.602917,-0.267768,0.0,0.0
v1.mp4,1219610e4175dfcfd945e2d4a5016440b91148cdbcc5449d7badf3789d2f4a86,1920,1080,12.02,596,49.583,318,26500,Left,0.968963,0.581886,0.098856,1e-06,0.0,0.0,0.493321,0.1616,-0.043887,0.0,0.0,0.416504,0.246466,-0.091392,0.0,0.0,0.34608,0.321006,-0.129191,0.0,0.0,0.282186,0.375324,-0.170399,0.0,0.0,0.489787,0.289257,-0.166529,0.0,0.0,0.462172,0.492933,-0.226823,0.0,0.0,0.447456,0.636871,-0.256509,0.0,0.0,0.436366,0.764112,-0.276444,0.0,0.0,0.560918,0.303094,-0.168187,0.0,0.0,0.552294,0.526205,-0.237491,0.0,0.0,0.555136,0.694875,-0.272616,0.0,0.0,0.564831,0.843841,-0.299344,0.0,0.0,0.62041,0.304549,-0.163338,0.0,0.0,0.644041,0.497952,-0.221219,0.0,0.0,0.666948,0.645499,-0.248026,0.0,0.0,0.690146,0.772142,-0.266556,0.0,0.0,0.663437,0.299495,-0.158253,0.0,0.0,0.719183,0.441908,-0.208163,0.0,0.0,0.760488,0.523952,-0.230429,0.0,0.0,0.799201,0.604414,-0.245108,0.0,0.0
v1.mp4,1219610e4175dfcfd945e2d4a5016440b91148cdbcc5449d7badf3789d2f4a86,1920,1080,12.02,596,49.583,319,26583,Left,0.930435,0.580394,0.09883,1e-06,0.0,0.0,0.493126,0.1622,-0.056277,0.0,0.0,0.418222,0.259826,-0.107364,0.0,0.0,0.353062,0.360508,-0.144341,0.0,0.0,0.304973,0.459196,-0.183409,0.0,0.0,0.492167,0.290144,-0.191855,0.0,0.0,0.457288,0.485247,-0.260747,0.0,0.0,0.441513,0.62847,-0.296024,0.0,0.0,0.432317,0.762661,-0.319819,0.0,0.0,0.566798,0.301658,-0.186438,0.0,0.0,0.55604,0.495294,-0.262298,0.0,0.0,0.562902,0.639259,-0.298845,0.0,0.0,0.576954,0.767756,-0.327567,0.0,0.0,0.625844,0.306112,-0.174968,0.0,0.0,0.660317,0.476576,-0.239847,0.0,0.0,0.69723,0.624732,-0.269322,0.0,0.0,0.732038,0.75404,-0.290293,0.0,0.0,0.666511,0.304049,-0.163719,0.0,0.0,0.723575,0.443502,-0.217615,0.0,0.0,0.767421,0.522625,-0.241879,0.0,0.0,0.808147,0.600504,-0.258788,0.0,0.0
v1.mp4,1219610e4175dfcfd945e2d4a5016440b91148cdbcc5449d7badf3789d2f4a86,1920,1080,12.02,596,49.583,320,26666,Left,0.853272,0.576849,0.110946,1e-06,0.0,0.0,0.488797,0.173565,-0.067831,0.0,0.0,0.415858,0.27177,-0.126391,0.0,0.0,0.354508,0.371831,-0.17056,0.0,0.0,0.301763,0.467792,-0.216202,0.0,0.0,0.492176,0.295119,-0.208432,0.0,0.0,0.456972,0.481782,-0.282531,0.0,0.0,0.442409,0.610615,-0.319278,0.0,0.0,0.429613,0.736294,-0.345019,0.0,0.0,0.566441,0.304939,-0.201322,0.0,0.0,0.560664,0.454232,-0.294912,0.0,0.0,0.565889,0.584332,-0.339617,0.0,0.0,0.57526,0.705635,-0.373066,0.0,0.0,0.625774,0.307476,-0.188598,0.0,0.0,0.654726,0.417713,-0.268653,0.0,0.0,0.678685,0.523226,-0.299732,0.0,0.0,0.703163,0.622191,-0.319743,0.0,0.0,0.669801,0.310117,-0.17721,0.0,0.0,0.719458,0.416794,-0.241205,0.0,0.0,0.756556,0.476069,-0.270032,0.0,0.0,0.79602,0.539823,-0.289969,0.0,0.0
v1.mp4,1219610e4175dfcfd945e2d4a5016440b91148cdbcc5449d7badf3789d2f4a86,1920,1080,12.02,596,49.583,321,26750,Left,0.826239,0.575745,0.118225,1e-06,0.0,0.0,0.486033,0.170833,-0.065481,0.0,0.0,0.409,0.273566,-0.120622,0.0,0.0,0.35047,0.372874,-0.163928,0.0,0.0,0.299526,0.464441,-0.209297,0.0,0.0,0.492985,0.284375,-0.181909,0.0,0.0,0.461306,0.397143,-0.255805,0.0,0.0,0.430518,0.461821,-0.297637,0.0,0.0,0.39862,0.531558,-0.325346,0.0,0.0,0.564114,0.298087,-0.177597,0.0,0.0,0.560591,0.444065,-0.26366,0.0,0.0,0.564793,0.568599,-0.31166,0.0,0.0,0.573171,0.691928,-0.348543,0.0,0.0,0.623406,0.304856,-0.169792,0.0,0.0,0.652071,0.417108,-0.246583,0.0,0.0,0.678368,0.52075,-0.281801,0.0,0.0,0.703129,0.620368,-0.304667,0.0,0.0,0.672256,0.309003,-0.163256,0.0,0.0,0.718137,0.416447,-0.22146,0.0,0.0,0.757292,0.473861,-0.247264,0.0,0.0,0.798529,0.534785,-0.266358,0.0,0.0
v1.mp4,1219610e4175dfcfd945e2d4a5016440b91148cdbcc5449d7badf3789d2f4a86,1920,1080,12.02,596,49.583,322,26833,Left,0.814873,0.572468,0.112154,0.0,0.0,0.0,0.488463,0.164205,-0.059817,0.0,0.0,0.412448,0.267037,-0.109127,0.0,0.0,0.351257,0.375479,-0.147502,0.0,0.0,0.297768,0.462775,-0.188745,0.0,0.0,0.489627,0.265759,-0.173527,0.0,0.0,0.462958,0.419205,-0.234708,0.0,0.0,0.45031,0.517886,-0.265725,0.0,0.0,0.439549,0.611272,-0.287998,0.0,0.0,0.564958,0.280156,-0.169423,0.0,0.0,0.569427,0.425169,-0.252293,0.0,0.0,0.581193,0.501563,-0.291182,0.0,0.0,0.597469,0.563844,-0.317465,0.0,0.0,0.626198,0.281102,-0.161243,0.0,0.0,0.663519,0.385381,-0.235464,0.0,0.0,0.703076,0.427114,-0.266064,0.0,0.0,0.738446,0.457454,-0.283478,0.0,0.0,0.671689,0.273328,-0.153845,0.0,0.0,0.715364,0.366927,-0.211169,0.0,0.0,0.75895,0.407933,-0.239715,0.0,0.0,0.800615,0.444151,-0.260094,0.0,0.0
v1.mp4,1219610e4175dfcfd945e2d4a5016440b91148cdbcc5449d7badf3789d2f4a86,1920,1080,12.02,596,49.583,323,26916,Left,0.889856,0.573455,0.107875,1e-06,0.0,0.0,0.49018,0.171354,-0.055273,0.0,0.0,0.414487,0.272408,-0.105192,0.0,0.0,0.35246,0.375039,-0.144831,0.0,0.0,0.298266,0.462145,-0.186695,0.0,0.0,0.488833,0.274442,-0.170869,0.0,0.0,0.469831,0.485909,-0.232834,0.0,0.0,0.465061,0.631147,-0.263213,0.0,0.0,0.465273,0.757188,-0.283865,0.0,0.0,0.56209,0.266353,-0.168979,0.0,0.0,0.557502,0.428076,-0.250785,0.0,0.0,0.56989,0.488495,-0.282623,0.0,0.0,0.592739,0.526096,-0.300852,0.0,0.0,0.624303,0.256217,-0.163574,0.0,0.0,0.660295,0.357606,-0.235257,0.0,0.0,0.70071,0.406512,-0.260027,0.0,0.0,0.743026,0.442777,-0.27164,0.0,0.0,0.672572,0.250409,-0.158963,0.0,0.0,0.720462,0.345619,-0.211398,0.0,0.0,0.767471,0.394669,-0.232966,0.0,0.0,0.814763,0.432396,-0.247228,0.0,0.0
v1.mp4,1219610e4175dfcfd945e2d4a5016440b91148cdbcc5449d7badf3789d2f4a86,1920,1080,12.02,596,49.583,324,27000,Left,0.883163,0.569446,0.105644,1e-06,0.0,0.0,0.484957,0.176276,-0.064312,0.0,0.0,0.413432,0.273966,-0.119445,0.0,0.0,0.353359,0.375484,-0.161299,0.0,0.0,0.302704,0.470725,-0.206283,0.0,0.0,0.493738,0.280335,-0.196019,0.0,0.0,0.470549,0.486327,-0.263237,0.0,0.0,0.464095,0.629289,-0.297231,0.0,0.0,0.463044,0.752351,-0.320689,0.0,0.0,0.565075,0.271146,-0.190614,0.0,0.0,0.565231,0.428536,-0.272663,0.0,0.0,0.571766,0.537539,-0.310414,0.0,0.0,0.588289,0.620998,-0.338157,0.0,0.0,0.624105,0.256904,-0.180266,0.0,0.0,0.662547,0.361218,-0.252688,0.0,0.0,0.694901,0.437835,-0.282042,0.0,0.0,0.731069,0.495576,-0.30087,0.0,0.0,0.671163,0.245199,-0.171094,0.0,0.0,0.733901,0.311316,-0.227736,0.0,0.0,0.780972,0.339969,-0.252355,0.0,0.0,0.828027,0.364782,-0.269481,0.0,0.0
v1.mp4,1219610e4175dfcfd945e2d4a5016440b91148cdbcc5449d7badf3789d2f4a86,1920,1080,12.02,596,49.583,325,27083,Left,0.958197,0.577279,0.102782,1e-06,0.0,0.0,0.49175,0.176744,-0.047287,0.0,0.0,0.415654,0.276373,-0.094272,0.0,0.0,0.351562,0.375907,-0.129397,0.0,0.0,0.299264,0.468144,-0.167811,0.0,0.0,0.492858,0.272351,-0.177574,0.0,0.0,0.472894,0.480308,-0.238459,0.0,0.0,0.468316,0.628169,-0.265327,0.0,0.0,0.467216,0.759803,-0.283485,0.0,0.0,0.563421,0.274999,-0.179117,0.0,0.0,0.565542,0.505531,-0.246123,0.0,0.0,0.571686,0.67282,-0.277621,0.0,0.0,0.583307,0.816302,-0.30206,0.0,0.0,0.624862,0.260407,-0.174284,0.0,0.0,0.656698,0.418333,-0.236352,0.0,0.0,0.675948,0.545167,-0.26774,0.0,0.0,0.696817,0.661164,-0.289655,0.0,0.0,0.670486,0.243106,-0.168361,0.0,0.0,0.738525,0.311226,-0.225554,0.0,0.0,0.786681,0.342614,-0.251311,0.0,0.0,0.832591,0.383291,-0.268305,0.0,0.0
v1.mp4,1219610e4175dfcfd945e2d4a5016440b91148cdbcc5449d7badf3789d2f4a86,1920,1080,12.02,596,49.583,326,27166,Left,0.976699,0.582969,0.119042,1e-06,0.0,0.0,0.491523,0.187122,-0.047356,0.0,0.0,0.413668,0.274634,-0.098784,0.0,0.0,0.351546,0.371808,-0.137385,0.0,0.0,0.302941,0.473215,-0.180301,0.0,0.0,0.492528,0.265981,-0.192343,0.0,0.0,0.473565,0.478932,-0.261255,0.0,0.0,0.465219,0.632926,-0.296648,0.0,0.0,0.459854,0.762892,-0.319853,0.0,0.0,0.567282,0.26827,-0.194232,0.0,0.0,0.56514,0.515798,-0.26418,0.0,0.0,0.567379,0.692651,-0.300178,0.0,0.0,0.577538,0.839575,-0.328689,0.0,0.0,0.629063,0.262015,-0.188469,0.0,0.0,0.653237,0.473238,-0.250675,0.0,0.0,0.671072,0.623518,-0.28558,0.0,0.0,0.69052,0.752933,-0.312012,0.0,0.0,0.670171,0.254626,-0.180979,0.0,0.0,0.732299,0.330051,-0.237082,0.0,0.0,0.776435,0.370975,-0.262946,0.0,0.0,0.818402,0.413648,-0.280883,0.0,0.0
v1.mp4,1219610e4175dfcfd945e2d4a5016440b91148cdbcc5449d7badf3789d2f4a86,1920,1080,12.02,596,49.583,327,27250,Left,0.977935,0.582458,0.108876,1e-06,0.0,0.0,0.492151,0.177054,-0.0449,0.0,0.0,0.412838,0.268076,-0.092445,0.0,0.0,0.350579,0.367711,-0.127343,0.0,0.0,0.303506,0.466345,-0.16634,0.0,0.0,0.490958,0.26368,-0.18434,0.0,0.0,0.466655,0.478384,-0.248955,0.0,0.0,0.45548,0.631459,-0.281615,0.0,0.0,0.448773,0.759208,-0.30288,0.0,0.0,0.567107,0.263955,-0.186269,0.0,0.0,0.563745,0.523034,-0.25282,0.0,0.0,0.567443,0.701211,-0.287262,0.0,0.0,0.579802,0.846918,-0.314137,0.0,0.0,0.629334,0.26008,-0.180565,0.0,0.0,0.648954,0.479308,-0.239467,0.0,0.0,0.667865,0.627232,-0.271787,0.0,0.0,0.689318,0.75233,-0.295637,0.0,0.0,0.672462,0.25764,-0.173125,0.0,0.0,0.733779,0.353369,-0.226354,0.0,0.0,0.77823,0.403275,-0.250263,0.0,0.0,0.819294,0.452652,-0.266056,0.0,0.0
v1.mp4,1219610e4175dfcfd945e2d4a5016440b91148cdbcc5449d7badf3789d2f4a86,1920,1080,12.02,596,49.583,328,27333,Left,0.950604,0.580379,0.119116,1e-06,0.0,0.0,0.492107,0.175682,-0.050114,0.0,0.0,0.411868,0.270973,-0.099217,0.0,0.0,0.35024,0.368159,-0.13548,0.0,0.0,0.303583,0.461798,-0.174449,0.0,0.0,0.493275,0.264274,-0.18593,0.0,0.0,0.468532,0.42321,-0.251992,0.0,0.0,0.456427,0.543351,-0.284673,0.0,0.0,0.446511,0.652352,-0.306185,0.0,0.0,0.569287,0.28083,-0.185163,0.0,0.0,0.559059,0.50576,-0.257587,0.0,0.0,0.55803,0.676804,-0.292235,0.0,0.0,0.563707,0.822647,-0.320035,0.0,0.0,0.63066,0.293861,-0.178029,0.0,0.0,0.648867,0.497566,-0.239206,0.0,0.0,0.670064,0.649487,-0.267969,0.0,0.0,0.689463,0.77864,-0.289028,0.0,0.0,0.674147,0.302406,-0.170453,0.0,0.0,0.729127,0.440634,-0.223268,0.0,0.0,0.769953,0.523047,-0.248697,0.0,0.0,0.807097,0.602379,-0.266977,0.0,0.0
v1.mp4,1219610e4175dfcfd945e2d4a5016440b91148cdbcc5449d7badf3789d2f4a86,1920,1080,12.02,596,49.583,329,27416,Left,0.923163,0.578096,0.12866,1e-06,0.0,0.0,0.492607,0.177618,-0.048974,0.0,0.0,0.411899,0.275253,-0.09505,0.0,0.0,0.347521,0.362666,-0.130052,0.0,0.0,0.288588,0.428967,-0.168334,0.0,0.0,0.489313,0.27695,-0.16841,0.0,0.0,0.466851,0.394957,-0.22876,0.0,0.0,0.451231,0.489784,-0.259224,0.0,0.0,0.434309,0.582853,-0.280181,0.0,0.0,0.56354,0.298549,-0.169648,0.0,0.0,0.55819,0.500765,-0.236645,0.0,0.0,0.558745,0.661547,-0.270083,0.0,0.0,0.561803,0.807697,-0.297874,0.0,0.0,0.626485,0.308179,-0.165852,0.0,0.0,0.643098,0.49127,-0.226718,0.0,0.0,0.662329,0.634049,-0.25769,0.0,0.0,0.679086,0.759499,-0.279537,0.0,0.0,0.673489,0.305059,-0.161834,0.0,0.0,0.726883,0.447137,-0.214546,0.0,0.0,0.76647,0.530683,-0.240687,0.0,0.0,0.80316,0.610919,-0.259909,0.0,0.0
v1.mp4,1219610e4175dfcfd945e2d4a5016440b91148cdbcc5449d7badf3789d2f4a86,1920,1080,12.02,596,49.583,330,27500,Left,0.941582,0.580692,0.121438,1e-06,0.0,0.0,0.494026,0.168464,-0.047991,0.0,0.0,0.413982,0.259093,-0.094861,0.0,0.0,0.348077,0.339379,-0.130926,0.0,0.0,0.286407,0.398119,-0.170657,0.0,0.0,0.49102,0.268051,-0.169726,0.0,0.0,0.463521,0.384485,-0.230204,0.0,0.0,0.446756,0.482438,-0.260694,0.0,0.0,0.430382,0.577367,-0.281791,0.0,0.0,0.564796,0.293512,-0.171729,0.0,0.0,0.556871,0.498971,-0.238327,0.0,0.0,0.557266,0.662656,-0.270239,0.0,0.0,0.561679,0.808788,-0.296557,0.0,0.0,0.627363,0.305778,-0.168489,0.0,0.0,0.645715,0.495073,-0.228154,0.0,0.0,0.665701,0.642842,-0.25764,0.0,0.0,0.683,0.773238,-0.278592,0.0,0.0,0.673908,0.304264,-0.165059,0.0,0.0,0.729709,0.445088,-0.217063,0.0,0.0,0.77028,0.53018,-0.242223,0.0,0.0,0.806698,0.611632,-0.260544,0.0,0.0
v1.mp4,1219610e4175dfcfd945e2d4a5016440b91148cdbcc5449d7badf3789d2f4a86,1920,1080,12.02,596,49.583,331,27583,Left,0.960138,0.581277,0.115411,1e-06,0.0,0.0,0.488687,0.177614,-0.048441,0.0,0.0,0.412179,0.267572,-0.098142,0.0,0.0,0.350267,0.364252,-0.135246,0.0,0.0,0.304324,0.464167,-0.174768,0.0,0.0,0.486249,0.288839,-0.186969,0.0,0.0,0.459394,0.479403,-0.25337,0.0,0.0,0.44679,0.617938,-0.285848,0.0,0.0,0.435639,0.742593,-0.307331,0.0,0.0,0.562122,0.301403,-0.185906,0.0,0.0,0.556283,0.52131,-0.261965,0.0,0.0,0.561577,0.690682,-0.298804,0.0,0.0,0.572008,0.83402,-0.327977,0.0,0.0,0.624838,0.306852,-0.177666,0.0,0.0,0.645722,0.503276,-0.241098,0.0,0.0,0.667722,0.652598,-0.268897,0.0,0.0,0.688149,0.775788,-0.288999,0.0,0.0,0.669987,0.30806,-0.168869,0.0,0.0,0.728711,0.448328,-0.224228,0.0,0.0,0.769777,0.531795,-0.249883,0.0,0.0,0.808367,0.611139,-0.267394,0.0,0.0
v1.mp4,1219610e4175dfcfd945e2d4a5016440b91148cdbcc5449d7badf3789d2f4a86,1920,1080,12.02,596,49.583,332,27666,Left,0.942332,0.581936,0.107257,1e-06,0.0,0.0,0.490802,0.167722,-0.051419,0.0,0.0,0.410993,0.272502,-0.09997,0.0,0.0,0.350389,0.371367,-0.13682,0.0,0.0,0.303086,0.465163,-0.177245,0.0,0.0,0.494549,0.283188,-0.17383,0.0,0.0,0.463766,0.388971,-0.241201,0.0,0.0,0.440882,0.472896,-0.278953,0.0,0.0,0.419919,0.55646,-0.30394,0.0,0.0,0.564154,0.302459,-0.175719,0.0,0.0,0.557315,0.518224,-0.249491,0.0,0.0,0.56113,0.685547,-0.290958,0.0,0.0,0.570124,0.832665,-0.323328,0.0,0.0,0.623628,0.311169,-0.172044,0.0,0.0,0.648446,0.509885,-0.237637,0.0,0.0,0.673215,0.658897,-0.272327,0.0,0.0,0.69617,0.787818,-0.29623,0.0,0.0,0.669449,0.308528,-0.167891,0.0,0.0,0.728056,0.447639,-0.222003,0.0,0.0,0.769886,0.528923,-0.246951,0.0,0.0,0.808275,0.605667,-0.264912,0.0,0.0
v1.mp4,1219610e4175dfcfd945e2d4a5016440b91148cdbcc5449d7badf3789d2f4a86,1920,1080,12.02,596,49.583,333,27750,Left,0.930499,0.579286,0.099485,1e-06,0.0,0.0,0.493237,0.158589,-0.052301,0.0,0.0,0.414491,0.273645,-0.099116,0.0,0.0,0.350928,0.37467,-0.135863,0.0,0.0,0.300444,0.460571,-0.175776,0.0,0.0,0.496409,0.282025,-0.162996,0.0,0.0,0.465362,0.382924,-0.23038,0.0,0.0,0.433909,0.436496,-0.269516,0.0,0.0,0.402331,0.487498,-0.294863,0.0,0.0,0.561763,0.298011,-0.164133,0.0,0.0,0.563266,0.489952,-0.236441,0.0,0.0,0.575453,0.64312,-0.278275,0.0,0.0,0.593189,0.776323,-0.31111,0.0,0.0,0.619069,0.305649,-0.161198,0.0,0.0,0.655759,0.492033,-0.22769,0.0,0.0,0.694297,0.638278,-0.262781,0.0,0.0,0.72945,0.766121,-0.286437,0.0,0.0,0.667486,0.304622,-0.158118,0.0,0.0,0.726139,0.443818,-0.211155,0.0,0.0,0.773428,0.520422,-0.234451,0.0,0.0,0.817422,0.591923,-0.251372,0.0,0.0
v1.mp4,1219610e4175dfcfd945e2d4a5016440b91148cdbcc5449d7badf3789d2f4a86,1920,1080,12.02,596,49.583,334,27833,Left,0.888066,0.576478,0.110757,1e-06,0.0,0.0,0.491635,0.165605,-0.057174,0.0,0.0,0.415797,0.261377,-0.109259,0.0,0.0,0.348343,0.344885,-0.151665,0.0,0.0,0.288684,0.41151,-0.197364,0.0,0.0,0.497148,0.273623,-0.172811,0.0,0.0,0.467366,0.376064,-0.243849,0.0,0.0,0.432802,0.434632,-0.285629,0.0,0.0,0.394467,0.49384,-0.313922,0.0,0.0,0.565785,0.289698,-0.172856,0.0,0.0,0.56531,0.443292,-0.254516,0.0,0.0,0.572723,0.569607,-0.301629,0.0,0.0,0.583523,0.689924,-0.338813,0.0,0.0,0.623648,0.297694,-0.168631,0.0,0.0,0.653916,0.427825,-0.240853,0.0,0.0,0.68277,0.531747,-0.275565,0.0,0.0,0.710038,0.627161,-0.299197,0.0,0.0,0.671282,0.30034,-0.165176,0.0,0.0,0.722444,0.411217,-0.219719,0.0,0.0,0.766314,0.464879,-0.244103,0.0,0.0,0.810131,0.51924,-0.262833,0.0,0.0
v1.mp4,1219610e4175dfcfd945e2d4a5016440b91148cdbcc5449d7badf3789d2f4a86,1920,1080,12.02,596,49.583,335,27916,Left,0.876404,0.579326,0.09363,1e-06,0.0,0.0,0.492774,0.147035,-0.055318,0.0,0.0,0.415154,0.247058,-0.099552,0.0,0.0,0.351331,0.35333,-0.134052,0.0,0.0,0.307211,0.451206,-0.17105,0.0,0.0,0.491305,0.279944,-0.159851,0.0,0.0,0.453683,0.46387,-0.215705,0.0,0.0,0.438894,0.585101,-0.24326,0.0,0.0,0.426739,0.7029,-0.2633,0.0,0.0,0.563613,0.290668,-0.15518,0.0,0.0,0.55941,0.442599,-0.225754,0.0,0.0,0.570102,0.563458,-0.259609,0.0,0.0,0.58492,0.673009,-0.286047,0.0,0.0,0.624182,0.28769,-0.146824,0.0,0.0,0.648793,0.407628,-0.209732,0.0,0.0,0.677005,0.502173,-0.234999,0.0,0.0,0.707785,0.584971,-0.251551,0.0,0.0,0.671478,0.283781,-0.139828,0.0,0.0,0.720693,0.387904,-0.193092,0.0,0.0,0.761829,0.443386,-0.21815,0.0,0.0,0.805137,0.496921,-0.235003,0.0,0.0
v1.mp4,1219610e4175dfcfd945e2d4a5016440b91148cdbcc5449d7badf3789d2f4a86,1920,1080,12.02,596,49.583,336,28000,Left,0.872404,0.575901,0.104974,1e-06,0.0,0.0,0.491291,0.166844,-0.056943,0.0,0.0,0.415492,0.262019,-0.106511,0.0,0.0,0.355102,0.366253,-0.145127,0.0,0.0,0.306826,0.461918,-0.186087,0.0,0.0,0.490336,0.27282,-0.180272,0.0,0.0,0.458007,0.482792,-0.245988,0.0,0.0,0.444027,0.624613,-0.279383,0.0,0.0,0.434443,0.750737,-0.302241,0.0,0.0,0.56537,0.27205,-0.178325,0.0,0.0,0.5567,0.434324,-0.259022,0.0,0.0,0.565563,0.527562,-0.292987,0.0,0.0,0.582409,0.595828,-0.316639,0.0,0.0,0.628265,0.268957,-0.172338,0.0,0.0,0.6506,0.389087,-0.243035,0.0,0.0,0.68459,0.461836,-0.268218,0.0,0.0,0.72339,0.513606,-0.282799,0.0,0.0,0.678944,0.271251,-0.167438,0.0,0.0,0.725728,0.368828,-0.222214,0.0,0.0,0.768834,0.418731,-0.245054,0.0,0.0,0.813114,0.456855,-0.260139,0.0,0.0
v1.mp4,1219610e4175dfcfd945e2d4a5016440b91148cdbcc5449d7badf3789d2f4a86,1920,1080,12.02,596,49.583,337,28083,Left,0.974035,0.572973,0.094558,1e-06,0.0,0.0,0.487586,0.160165,-0.050879,0.0,0.0,0.415891,0.254347,-0.100201,0.0,0.0,0.356257,0.362768,-0.135653,0.0,0.0,0.3056,0.461851,-0.173373,0.0,0.0,0.491322,0.252551,-0.185003,0.0,0.0,0.462718,0.469993,-0.245319,0.0,0.0,0.449941,0.615599,-0.271265,0.0,0.0,0.439583,0.745586,-0.289374,0.0,0.0,0.565453,0.263167,-0.182418,0.0,0.0,0.564942,0.47913,-0.242453,0.0,0.0,0.565987,0.628682,-0.265281,0.0,0.0,0.56866,0.759792,-0.285017,0.0,0.0,0.626504,0.261913,-0.174546,0.0,0.0,0.654387,0.42943,-0.230243,0.0,0.0,0.664033,0.559076,-0.256781,0.0,0.0,0.672728,0.678542,-0.27803,0.0,0.0,0.665661,0.256801,-0.166305,0.0,0.0,0.734084,0.334428,-0.219419,0.0,0.0,0.780767,0.374585,-0.244919,0.0,0.0,0.821134,0.42626,-0.263221,0.0,0.0
v1.mp4,1219610e4175dfcfd945e2d4a5016440b91148cdbcc5449d7badf3789d2f4a86,1920,1080,12.02,596,49.583,338,28166,Left,0.977658,0.579799,0.121993,1e-06,0.0,0.0,0.489284,0.183687,-0.044108,0.0,0.0,0.414055,0.270038,-0.093899,0.0,0.0,0.355706,0.366677,-0.130979,0.0,0.0,0.305798,0.463501,-0.172689,0.0,0.0,0.486398,0.261676,-0.186957,0.0,0.0,0.461277,0.478774,-0.25175,0.0,0.0,0.447332,0.629763,-0.284873,0.0,0.0,0.436427,0.757533,-0.307173,0.0,0.0,0.562678,0.268569,-0.18888,0.0,0.0,0.552746,0.511921,-0.25085,0.0,0.0,0.552842,0.680246,-0.281333,0.0,0.0,0.560986,0.824739,-0.30793,0.0,0.0,0.627771,0.26747,-0.183665,0.0,0.0,0.646001,0.480804,-0.239041,0.0,0.0,0.661649,0.632128,-0.272196,0.0,0.0,0.678805,0.760893,-0.300188,0.0,0.0,0.674045,0.262472,-0.176769,0.0,0.0,0.736725,0.337648,-0.230647,0.0,0.0,0.781593,0.368291,-0.257501,0.0,0.0,0.822116,0.403479,-0.277756,0.0,0.0
v1.mp4,1219610e4175dfcfd945e2d4a5016440b91148cdbcc5449d7badf3789d2f4a86,1920,1080,12.02,596,49.583,339,28250,Left,0.985848,0.581227,0.103689,1e-06,0.0,0.0,0.488636,0.17573,-0.043928,0.0,0.0,0.414146,0.264331,-0.095737,0.0,0.0,0.356892,0.362857,-0.133959,0.0,0.0,0.307443,0.466891,-0.17622,0.0,0.0,0.486061,0.262152,-0.197215,0.0,0.0,0.460975,0.480031,-0.266831,0.0,0.0,0.44566,0.628361,-0.301392,0.0,0.0,0.432723,0.753771,-0.324162,0.0,0.0,0.560457,0.267514,-0.200121,0.0,0.0,0.551668,0.510667,-0.272071,0.0,0.0,0.549065,0.682301,-0.307415,0.0,0.0,0.553056,0.828094,-0.335743,0.0,0.0,0.622648,0.269319,-0.194995,0.0,0.0,0.637757,0.474857,-0.258993,0.0,0.0,0.641577,0.621694,-0.29425,0.0,0.0,0.648684,0.750926,-0.32156,0.0,0.0,0.665113,0.270476,-0.187568,0.0,0.0,0.726093,0.347216,-0.246617,0.0,0.0,0.768131,0.38482,-0.274872,0.0,0.0,0.806768,0.431018,-0.294797,0.0,0.0
v1.mp4,1219610e4175dfcfd945e2d4a5016440b91148cdbcc5449d7badf3789d2f4a86,1920,1080,12.02,596,49.583,340,28333,Left,0.985651,0.582628,0.108437,1e-06,0.0,0.0,0.490912,0.17016,-0.05308,0.0,0.0,0.412167,0.262008,-0.106151,0.0,0.0,0.352605,0.363569,-0.145314,0.0,0.0,0.301034,0.458401,-0.187244,0.0,0.0,0.485726,0.25391,-0.195194,0.0,0.0,0.463304,0.4709,-0.264688,0.0,0.0,0.451144,0.623701,-0.298439,0.0,0.0,0.440959,0.752746,-0.319211,0.0,0.0,0.560475,0.265376,-0.191429,0.0,0.0,0.553347,0.510978,-0.263736,0.0,0.0,0.549818,0.687927,-0.295633,0.0,0.0,0.551035,0.834061,-0.320368,0.0,0.0,0.621216,0.277365,-0.181483,0.0,0.0,0.634686,0.484703,-0.240298,0.0,0.0,0.640575,0.641222,-0.266213,0.0,0.0,0.646411,0.769737,-0.284726,0.0,0.0,0.663096,0.290846,-0.17153,0.0,0.0,0.710301,0.433146,-0.220542,0.0,0.0,0.741165,0.525848,-0.243555,0.0,0.0,0.769358,0.610383,-0.259467,0.0,0.0
v1.mp4,1219610e4175dfcfd945e2d4a5016440b91148cdbcc5449d7badf3789d2f4a86,1920,1080,12.02,596,49.583,341,28416,Left,0.963983,0.583462,0.116678,1e-06,0.0,0.0,0.492198,0.169274,-0.057457,0.0,0.0,0.41362,0.257772,-0.112944,0.0,0.0,0.350683,0.355331,-0.154,0.0,0.0,0.296248,0.449088,-0.19738,0.0,0.0,0.485848,0.265386,-0.200494,0.0,0.0,0.45724,0.45426,-0.271321,0.0,0.0,0.440327,0.59221,-0.305341,0.0,0.0,0.423829,0.713394,-0.327619,0.0,0.0,0.560869,0.285854,-0.196169,0.0,0.0,0.548984,0.505209,-0.278023,0.0,0.0,0.54221,0.674978,-0.317083,0.0,0.0,0.538578,0.820471,-0.347283,0.0,0.0,0.622192,0.301561,-0.185375,0.0,0.0,0.631576,0.490711,-0.252627,0.0,0.0,0.636407,0.642189,-0.282654,0.0,0.0,0.640938,0.768397,-0.303776,0.0,0.0,0.66565,0.31289,-0.174726,0.0,0.0,0.705499,0.457496,-0.232194,0.0,0.0,0.733776,0.548828,-0.261099,0.0,0.0,0.762303,0.637644,-0.281354,0.0,0.0
v1.mp4,1219610e4175dfcfd945e2d4a5016440b91148cdbcc5449d7badf3789d2f4a86,1920,1080,12.02,596,49.583,342,28500,Left,0.953389,0.584469,0.109621,1e-06,0.0,0.0,0.495487,0.164889,-0.053895,0.0,0.0,0.416562,0.253,-0.105266,0.0,0.0,0.350144,0.344998,-0.142917,0.0,0.0,0.292413,0.425914,-0.182795,0.0,0.0,0.487805,0.269211,-0.190353,0.0,0.0,0.454461,0.423296,-0.259737,0.0,0.0,0.435253,0.542816,-0.294702,0.0,0.0,0.415293,0.653147,-0.317801,0.0,0.0,0.563435,0.294287,-0.186896,0.0,0.0,0.553763,0.503617,-0.265431,0.0,0.0,0.545423,0.668307,-0.304076,0.0,0.0,0.538531,0.8114,-0.334156,0.0,0.0,0.623754,0.311484,-0.177305,0.0,0.0,0.633247,0.497005,-0.242809,0.0,0.0,0.63887,0.645647,-0.274281,0.0,0.0,0.640949,0.770974,-0.296169,0.0,0.0,0.66542,0.316884,-0.167694,0.0,0.0,0.704822,0.46069,-0.223579,0.0,0.0,0.733052,0.548738,-0.252693,0.0,0.0,0.758524,0.635742,-0.273076,0.0,0.0
v1.mp4,1219610e4175dfcfd945e2d4a5016440b91148cdbcc5449d7badf3789d2f4a86,1920,1080,12.02,596,49.583,343,28583,Left,0.951343,0.586849,0.098214,1e-06,0.0,0.0,0.496073,0.155677,-0.051944,0.0,0.0,0.416814,0.249975,-0.101778,0.0,0.0,0.34933,0.34271,-0.139641,0.0,0.0,0.291051,0.421606,-0.180151,0.0,0.0,0.489798,0.272965,-0.177508,0.0,0.0,0.453309,0.434133,-0.241811,0.0,0.0,0.435122,0.555287,-0.273462,0.0,0.0,0.417768,0.667396,-0.294855,0.0,0.0,0.562507,0.299768,-0.175339,0.0,0.0,0.552371,0.505226,-0.250472,0.0,0.0,0.546597,0.663848,-0.287184,0.0,0.0,0.542998,0.803704,-0.315138,0.0,0.0,0.621608,0.31387,-0.167464,0.0,0.0,0.632102,0.499641,-0.231016,0.0,0.0,0.641931,0.643057,-0.259933,0.0,0.0,0.649848,0.766672,-0.279489,0.0,0.0,0.663474,0.315093,-0.159705,0.0,0.0,0.702596,0.457259,-0.214264,0.0,0.0,0.731116,0.543862,-0.241233,0.0,0.0,0.758735,0.628943,-0.259526,0.0,0.0
v1.mp4,1219610e4175dfcfd945e2d4a5016440b91148cdbcc5449d7badf3789d2f4a86,1920,1080,12.02,596,49.583,344,28666,Left,0.982701,0.579285,0.106462,1e-06,0.0,0.0,0.489562,0.159631,-0.054123,0.0,0.0,0.41431,0.254142,-0.104352,0.0,0.0,0.352682,0.360573,-0.140755,0.0,0.0,0.302257,0.457944,-0.179847,0.0,0.0,0.48994,0.280251,-0.182421,0.0,0.0,0.462967,0.4874,-0.244345,0.0,0.0,0.447912,0.630386,-0.273477,0.0,0.0,0.436935,0.755789,-0.29274,0.0,0.0,0.566378,0.299574,-0.17604,0.0,0.0,0.563395,0.502699,-0.23772,0.0,0.0,0.566846,0.647245,-0.261408,0.0,0.0,0.573435,0.770672,-0.280996,0.0,0.0,0.628079,0.310056,-0.165156,0.0,0.0,0.648224,0.502753,-0.218481,0.0,0.0,0.663841,0.652379,-0.241697,0.0,0.0,0.678779,0.786322,-0.260022,0.0,0.0,0.668639,0.31237,-0.154694,0.0,0.0,0.718936,0.444431,-0.204217,0.0,0.0,0.756351,0.524791,-0.227854,0.0,0.0,0.789795,0.604198,-0.244071,0.0,0.0
v1.mp4,1219610e4175dfcfd945e2d4a5016440b91148cdbcc5449d7badf3789d2f4a86,1920,1080,12.02,596,49.583,345,28750,Left,0.791771,0.572976,0.124033,1e-06,0.0,0.0,0.482803,0.186989,-0.070254,0.0,0.0,0.412979,0.273834,-0.135622,0.0,0.0,0.353494,0.365019,-0.183916,0.0,0.0,0.303464,0.469514,-0.234283,0.0,0.0,0.48872,0.302022,-0.236017,0.0,0.0,0.455669,0.487187,-0.322559,0.0,0.0,0.444378,0.621563,-0.370293,0.0,0.0,0.435989,0.750896,-0.404406,0.0,0.0,0.564189,0.308648,-0.230494,0.0,0.0,0.555015,0.468483,-0.331545,0.0,0.0,0.561502,0.592865,-0.385267,0.0,0.0,0.573227,0.715163,-0.42818,0.0,0.0,0.626164,0.312165,-0.218033,0.0,0.0,0.651221,0.459048,-0.305886,0.0,0.0,0.679115,0.587185,-0.350758,0.0,0.0,0.708756,0.703779,-0.383651,0.0,0.0,0.669471,0.311901,-0.205288,0.0,0.0,0.720321,0.420253,-0.277328,0.0,0.0,0.757058,0.482444,-0.315382,0.0,0.0,0.796192,0.548413,-0.344506,0.0,0.0
v1.mp4,1219610e4175dfcfd945e2d4a5016440b91148cdbcc5449d7badf3789d2f4a86,1920,1080,12.02,596,49.583,346,28833,Left,0.854278,0.573728,0.108064,1e-06,0.0,0.0,0.487385,0.164336,-0.060563,0.0,0.0,0.411586,0.271778,-0.11294,0.0,0.0,0.352963,0.375498,-0.153206,0.0,0.0,0.304879,0.471561,-0.196865,0.0,0.0,0.492075,0.284432,-0.18514,0.0,0.0,0.458341,0.42161,-0.253075,0.0,0.0,0.436802,0.514805,-0.290237,0.0,0.0,0.412885,0.615913,-0.317239,0.0,0.0,0.563396,0.298895,-0.181682,0.0,0.0,0.554685,0.442243,-0.259087,0.0,0.0,0.556226,0.56441,-0.300647,0.0,0.0,0.559916,0.688938,-0.335681,0.0,0.0,0.62344,0.304011,-0.174094,0.0,0.0,0.645299,0.43716,-0.243733,0.0,0.0,0.664781,0.53817,-0.278572,0.0,0.0,0.684529,0.634442,-0.304695,0.0,0.0,0.668929,0.300934,-0.167239,0.0,0.0,0.718653,0.410847,-0.225705,0.0,0.0,0.75764,0.465573,-0.256447,0.0,0.0,0.796789,0.524413,-0.280479,0.0,0.0
v1.mp4,1219610e4175dfcfd945e2d4a5016440b91148cdbcc5449d7badf3789d2f4a86,1920,1080,12.02,596,49.583,347,28916,Left,0.86637,0.573709,0.100445,1e-06,0.0,0.0,0.484835,0.162285,-0.057611,0.0,0.0,0.410525,0.257741,-0.107146,0.0,0.0,0.35026,0.360258,-0.144851,0.0,0.0,0.305118,0.459246,-0.18462,0.0,0.0,0.486192,0.28328,-0.1793,0.0,0.0,0.459589,0.481169,-0.242523,0.0,0.0,0.452417,0.618212,-0.274342,0.0,0.0,0.44646,0.746029,-0.296842,0.0,0.0,0.560908,0.284933,-0.174375,0.0,0.0,0.558679,0.436787,-0.247058,0.0,0.0,0.563387,0.562512,-0.279014,0.0,0.0,0.57132,0.672617,-0.305316,0.0,0.0,0.623535,0.279149,-0.165488,0.0,0.0,0.642195,0.400542,-0.227673,0.0,0.0,0.657928,0.496979,-0.25052,0.0,0.0,0.678486,0.579931,-0.267457,0.0,0.0,0.671053,0.274686,-0.158353,0.0,0.0,0.720105,0.366583,-0.212751,0.0,0.0,0.759843,0.421443,-0.238129,0.0,0.0,0.800784,0.476817,-0.256004,0.0,0.0
v1.mp4,1219610e4175dfcfd945e2d4a5016440b91148cdbcc5449d7badf3789d2f4a86,1920,1080,12.02,596,49.583,348,29000,Left,0.843811,0.573055,0.105585,1e-06,0.0,0.0,0.4885,0.168811,-0.059165,0.0,0.0,0.411729,0.263384,-0.108614,0.0,0.0,0.354002,0.367165,-0.145923,0.0,0.0,0.306931,0.463998,-0.18577,0.0,0.0,0.488711,0.275251,-0.181935,0.0,0.0,0.460752,0.472789,-0.248699,0.0,0.0,0.45073,0.612666,-0.283124,0.0,0.0,0.444116,0.740031,-0.306782,0.0,0.0,0.56243,0.277317,-0.177233,0.0,0.0,0.560599,0.444765,-0.249067,0.0,0.0,0.567968,0.567082,-0.279712,0.0,0.0,0.581848,0.670338,-0.304522,0.0,0.0,0.623869,0.271379,-0.169048,0.0,0.0,0.648976,0.396106,-0.232655,0.0,0.0,0.673404,0.48841,-0.25622,0.0,0.0,0.702849,0.568028,-0.272757,0.0,0.0,0.671546,0.265882,-0.162438,0.0,0.0,0.72667,0.34874,-0.215922,0.0,0.0,0.770187,0.396812,-0.239393,0.0,0.0,0.813932,0.444108,-0.255761,0.0,0.0
v1.mp4,1219610e4175dfcfd945e2d4a5016440b91148cdbcc5449d7badf3789d2f4a86,1920,1080,12.02,596,49.583,349,29083,Left,0.982584,0.578768,0.111282,1e-06,0.0,0.0,0.490401,0.180523,-0.045679,0.0,0.0,0.415405,0.269046,-0.095501,0.0,0.0,0.354319,0.36738,-0.132125,0.0,0.0,0.306786,0.467471,-0.172362,0.0,0.0,0.490208,0.261026,-0.191457,0.0,0.0,0.462999,0.474574,-0.257559,0.0,0.0,0.450912,0.624913,-0.289631,0.0,0.0,0.442285,0.752136,-0.310947,0.0,0.0,0.564297,0.265538,-0.193246,0.0,0.0,0.562991,0.516686,-0.260624,0.0,0.0,0.564966,0.690335,-0.29375,0.0,0.0,0.573584,0.833229,-0.320566,0.0,0.0,0.625418,0.260524,-0.187364,0.0,0.0,0.653991,0.458236,-0.246836,0.0,0.0,0.670232,0.598618,-0.279854,0.0,0.0,0.688132,0.717253,-0.305743,0.0,0.0,0.667793,0.253463,-0.179961,0.0,0.0,0.733589,0.32241,-0.235446,0.0,0.0,0.780557,0.356321,-0.262426,0.0,0.0,0.822886,0.394634,-0.281636,0.0,0.0
v1.mp4,1219610e4175dfcfd945e2d4a5016440b91148cdbcc5449d7badf3789d2f4a86,1920,1080,12.02,596,49.583,350,29166,Left,0.985514,0.582465,0.121296,1e-06,0.0,0.0,0.491973,0.181427,-0.046118,0.0,0.0,0.412386,0.266914,-0.093986,0.0,0.0,0.352505,0.366031,-0.128317,0.0,0.0,0.306967,0.469329,-0.166577,0.0,0.0,0.489462,0.256866,-0.187728,0.0,0.0,0.465904,0.471579,-0.254914,0.0,0.0,0.451003,0.624804,-0.290414,0.0,0.0,0.439434,0.751523,-0.31299,0.0,0.0,0.564977,0.263169,-0.186794,0.0,0.0,0.560331,0.519058,-0.250104,0.0,0.0,0.558476,0.694025,-0.282549,0.0,0.0,0.565413,0.837488,-0.308775,0.0,0.0,0.626595,0.26659,-0.178438,0.0,0.0,0.648731,0.482169,-0.233632,0.0,0.0,0.663257,0.627842,-0.26557,0.0,0.0,0.680125,0.751379,-0.29046,0.0,0.0,0.668453,0.270331,-0.16857,0.0,0.0,0.728706,0.345996,-0.218719,0.0,0.0,0.770643,0.385368,-0.242062,0.0,0.0,0.809525,0.425601,-0.258267,0.0,0.0
v1.mp4,1219610e4175dfcfd945e2d4a5016440b91148cdbcc5449d7badf3789d2f4a86,1920,1080,12.02,596,49.583,351,29250,Left,0.984846,0.579796,0.11449,1e-06,0.0,0.0,0.487848,0.180119,-0.050066,0.0,0.0,0.41088,0.265498,-0.10194,0.0,0.0,0.350574,0.361651,-0.139145,0.0,0.0,0.303404,0.462063,-0.179973,0.0,0.0,0.489501,0.252942,-0.200586,0.0,0.0,0.46378,0.472165,-0.27277,0.0,0.0,0.448819,0.626108,-0.311012,0.0,0.0,0.436918,0.753989,-0.335086,0.0,0.0,0.564778,0.255474,-0.198766,0.0,0.0,0.559659,0.521331,-0.270903,0.0,0.0,0.559769,0.69912,-0.309221,0.0,0.0,0.568627,0.842758,-0.338774,0.0,0.0,0.624342,0.259143,-0.188646,0.0,0.0,0.648834,0.485465,-0.251192,0.0,0.0,0.66918,0.631454,-0.286432,0.0,0.0,0.691665,0.751173,-0.311957,0.0,0.0,0.663108,0.265546,-0.176773,0.0,0.0,0.723629,0.363491,-0.230353,0.0,0.0,0.766002,0.408797,-0.254443,0.0,0.0,0.806764,0.452469,-0.270702,0.0,0.0
v1.mp4,1219610e4175dfcfd945e2d4a5016440b91148cdbcc5449d7badf3789d2f4a86,1920,1080,12.02,596,49.583,352,29333,Left,0.950235,0.579554,0.106799,1e-06,0.0,0.0,0.490325,0.168108,-0.053018,0.0,0.0,0.414805,0.25956,-0.10616,0.0,0.0,0.35263,0.359375,-0.145111,0.0,0.0,0.304876,0.461133,-0.186431,0.0,0.0,0.487722,0.260854,-0.201122,0.0,0.0,0.457807,0.444127,-0.27341,0.0,0.0,0.441638,0.580904,-0.309558,0.0,0.0,0.428431,0.702592,-0.333201,0.0,0.0,0.564946,0.276638,-0.199418,0.0,0.0,0.554186,0.50686,-0.280369,0.0,0.0,0.552888,0.682417,-0.320297,0.0,0.0,0.558058,0.830357,-0.351222,0.0,0.0,0.627393,0.290308,-0.190401,0.0,0.0,0.64721,0.493114,-0.258018,0.0,0.0,0.666646,0.643861,-0.289434,0.0,0.0,0.684637,0.767266,-0.311528,0.0,0.0,0.670683,0.300833,-0.180671,0.0,0.0,0.730635,0.441625,-0.237453,0.0,0.0,0.771579,0.525639,-0.264604,0.0,0.0,0.807232,0.606078,-0.283476,0.0,0.0
v1.mp4,1219610e4175dfcfd945e2d4a5016440b91148cdbcc5449d7badf3789d2f4a86,1920,1080,12.02,596,49.583,353,29416,Left,0.965233,0.581201,0.107237,1e-06,0.0,0.0,0.490099,0.166946,-0.04917,0.0,0.0,0.408751,0.268823,-0.095688,0.0,0.0,0.349938,0.369515,-0.130614,0.0,0.0,0.303117,0.461312,-0.168495,0.0,0.0,0.488223,0.269664,-0.170658,0.0,0.0,0.460315,0.384147,-0.234714,0.0,0.0,0.440321,0.478027,-0.268883,0.0,0.0,0.418164,0.571477,-0.291928,0.0,0.0,0.562061,0.285298,-0.172336,0.0,0.0,0.554882,0.499147,-0.244058,0.0,0.0,0.552695,0.668261,-0.284,0.0,0.0,0.551401,0.819346,-0.316122,0.0,0.0,0.624987,0.293838,-0.168339,0.0,0.0,0.646706,0.485751,-0.233113,0.0,0.0,0.66467,0.637102,-0.268691,0.0,0.0,0.677926,0.767791,-0.293348,0.0,0.0,0.672493,0.295853,-0.163606,0.0,0.0,0.731082,0.437982,-0.218782,0.0,0.0,0.771348,0.524,-0.246777,0.0,0.0,0.806999,0.606321,-0.266999,0.0,0.0
v1.mp4,1219610e4175dfcfd945e2d4a5016440b91148cdbcc5449d7badf3789d2f4a86,1920,1080,12.02,596,49.583,354,29500,Left,0.959344,0.582958,0.098747,1e-06,0.0,0.0,0.494844,0.163189,-0.051279,0.0,0.0,0.416835,0.260341,-0.103211,0.0,0.0,0.351842,0.347371,-0.1433,0.0,0.0,0.288812,0.418932,-0.186466,0.0,0.0,0.493281,0.267951,-0.181884,0.0,0.0,0.464595,0.380048,-0.255238,0.0,0.0,0.433247,0.457823,-0.297205,0.0,0.0,0.397437,0.526051,-0.324604,0.0,0.0,0.565739,0.28257,-0.184345,0.0,0.0,0.559943,0.49782,-0.264588,0.0,0.0,0.556425,0.670151,-0.310266,0.0,0.0,0.553957,0.822366,-0.34607,0.0,0.0,0.626372,0.292499,-0.18085,0.0,0.0,0.64637,0.489677,-0.250593,0.0,0.0,0.6654,0.643606,-0.287814,0.0,0.0,0.679082,0.775503,-0.313445,0.0,0.0,0.673224,0.294567,-0.176748,0.0,0.0,0.732135,0.440751,-0.232131,0.0,0.0,0.773256,0.525396,-0.257999,0.0,0.0,0.808347,0.605936,-0.276963,0.0,0.0
v1.mp4,1219610e4175dfcfd945e2d4a5016440b91148cdbcc5449d7badf3789d2f4a86,1920,1080,12.02,596,49.583,355,29583,Left,0.9593,0.582608,0.10952,1e-06,0.0,0.0,0.493887,0.167003,-0.04898,0.0,0.0,0.415594,0.257186,-0.098389,0.0,0.0,0.346783,0.339315,-0.135932,0.0,0.0,0.285796,0.405575,-0.176391,0.0,0.0,0.489206,0.274234,-0.178697,0.0,0.0,0.456662,0.394672,-0.247614,0.0,0.0,0.430802,0.490094,-0.285465,0.0,0.0,0.403916,0.580099,-0.310622,0.0,0.0,0.56358,0.295969,-0.179987,0.0,0.0,0.554657,0.504711,-0.255884,0.0,0.0,0.550918,0.670626,-0.296897,0.0,0.0,0.549944,0.819558,-0.329584,0.0,0.0,0.62615,0.306696,-0.175096,0.0,0.0,0.645492,0.492214,-0.240831,0.0,0.0,0.662688,0.635407,-0.274747,0.0,0.0,0.67614,0.760138,-0.298479,0.0,0.0,0.672395,0.307301,-0.169663,0.0,0.0,0.730649,0.444963,-0.224896,0.0,0.0,0.771636,0.525277,-0.252096,0.0,0.0,0.807545,0.604842,-0.271581,0.0,0.0
v1.mp4,1219610e4175dfcfd945e2d4a5016440b91148cdbcc5449d7badf3789d2f4a86,1920,1080,12.02,596,49.583,356,29666,Left,0.958225,0.578107,0.103593,1e-06,0.0,0.0,0.487375,0.165937,-0.044478,0.0,0.0,0.411318,0.255637,-0.089091,0.0,0.0,0.351135,0.35428,-0.122196,0.0,0.0,0.307666,0.454223,-0.157825,0.0,0.0,0.483565,0.285003,-0.171586,0.0,0.0,0.453934,0.481968,-0.235384,0.0,0.0,0.439205,0.625645,-0.269206,0.0,0.0,0.426833,0.75601,-0.291564,0.0,0.0,0.558924,0.295401,-0.170642,0.0,0.0,0.554582,0.521154,-0.237258,0.0,0.0,0.559582,0.689529,-0.271017,0.0,0.0,0.571302,0.835753,-0.298646,0.0,0.0,0.621045,0.299551,-0.163247,0.0,0.0,0.645005,0.49606,-0.217918,0.0,0.0,0.668515,0.636863,-0.241814,0.0,0.0,0.691944,0.756185,-0.25995,0.0,0.0,0.666183,0.299641,-0.155778,0.0,0.0,0.726319,0.438577,-0.204271,0.0,0.0,0.76918,0.519413,-0.225406,0.0,0.0,0.807897,0.597662,-0.239619,0.0,0.0
v1.mp4,1219610e4175dfcfd945e2d4a5016440b91148cdbcc5449d7badf3789d2f4a86,1920,1080,12.02,596,49.583,357,29750,Left,0.898432,0.579492,0.099214,1e-06,0.0,0.0,0.493234,0.161558,-0.050312,0.0,0.0,0.417153,0.245856,-0.099017,0.0,0.0,0.347197,0.322279,-0.136846,0.0,0.0,0.2908,0.394492,-0.177001,0.0,0.0,0.490337,0.281569,-0.179272,0.0,0.0,0.456497,0.465977,-0.244101,0.0,0.0,0.437344,0.594522,-0.275817,0.0,0.0,0.419642,0.718113,-0.297665,0.0,0.0,0.561644,0.296727,-0.179067,0.0,0.0,0.559938,0.498142,-0.26135,0.0,0.0,0.564581,0.663379,-0.304956,0.0,0.0,0.573045,0.811605,-0.337235,0.0,0.0,0.619112,0.299979,-0.172055,0.0,0.0,0.64698,0.458268,-0.242166,0.0,0.0,0.672152,0.593392,-0.275235,0.0,0.0,0.69594,0.713195,-0.296255,0.0,0.0,0.659754,0.298644,-0.164722,0.0,0.0,0.722843,0.428752,-0.222668,0.0,0.0,0.767154,0.498878,-0.24994,0.0,0.0,0.808368,0.570093,-0.267901,0.0,0.0
v1.mp4,1219610e4175dfcfd945e2d4a5016440b91148cdbcc5449d7badf3789d2f4a86,1920,1080,12.02,596,49.583,358,29833,Left,0.927814,0.587861,0.094508,1e-06,0.0,0.0,0.501443,0.137836,-0.051171,0.0,0.0,0.411777,0.220936,-0.099534,0.0,0.0,0.331162,0.263921,-0.138798,0.0,0.0,0.265046,0.265294,-0.18248,0.0,0.0,0.491421,0.249606,-0.172072,0.0,0.0,0.444993,0.382929,-0.238903,0.0,0.0,0.4083,0.452274,-0.275347,0.0,0.0,0.367222,0.513313,-0.300158,0.0,0.0,0.561378,0.280285,-0.17368,0.0,0.0,0.552986,0.474853,-0.247807,0.0,0.0,0.549732,0.626712,-0.292174,0.0,0.0,0.546658,0.767866,-0.327929,0.0,0.0,0.620851,0.294317,-0.169839,0.0,0.0,0.643188,0.45612,-0.234867,0.0,0.0,0.663225,0.591428,-0.27555,0.0,0.0,0.681191,0.712707,-0.304118,0.0,0.0,0.668039,0.295166,-0.165983,0.0,0.0,0.723494,0.43264,-0.218442,0.0,0.0,0.765679,0.507756,-0.247593,0.0,0.0,0.803818,0.579136,-0.269935,0.0,0.0
v1.mp4,1219610e4175dfcfd945e2d4a5016440b91148cdbcc5449d7badf3789d2f4a86,1920,1080,12.02,596,49.583,359,29916,Left,0.920385,0.586078,0.074885,1e-06,0.0,0.0,0.498409,0.133024,-0.052035,0.0,0.0,0.407853,0.217363,-0.101655,0.0,0.0,0.323169,0.268956,-0.142644,0.0,0.0,0.247106,0.288695,-0.187752,0.0,0.0,0.495907,0.241311,-0.169599,0.0,0.0,0.433636,0.335235,-0.239664,0.0,0.0,0.380107,0.395017,-0.282172,0.0,0.0,0.327774,0.453512,-0.311841,0.0,0.0,0.561943,0.265088,-0.171686,0.0,0.0,0.552517,0.44126,-0.248852,0.0,0.0,0.541487,0.584479,-0.295133,0.0,0.0,0.534873,0.722596,-0.332449,0.0,0.0,0.618357,0.280773,-0.169239,0.0,0.0,0.644417,0.442899,-0.240042,0.0,0.0,0.661157,0.569453,-0.279668,0.0,0.0,0.675817,0.689888,-0.307091,0.0,0.0,0.664057,0.289799,-0.166793,0.0,0.0,0.718265,0.421363,-0.220488,0.0,0.0,0.76076,0.48651,-0.246571,0.0,0.0,0.797718,0.549608,-0.267175,0.0,0.0
v1.mp4,1219610e4175dfcfd945e2d4a5016440b91148cdbcc5449d7badf3789d2f4a86,1920,1080,12.02,596,49.583,360,30000,Left,0.825397,0.580768,0.0876,1e-06,0.0,0.0,0.487785,0.157562,-0.061491,0.0,0.0,0.402188,0.260596,-0.114467,0.0,0.0,0.333487,0.344518,-0.156813,0.0,0.0,0.281894,0.428963,-0.20296,0.0,0.0,0.497665,0.263609,-0.18771,0.0,0.0,0.452298,0.336861,-0.266399,0.0,0.0,0.414852,0.376806,-0.314201,0.0,0.0,0.375289,0.420765,-0.346381,0.0,0.0,0.566161,0.277367,-0.186922,0.0,0.0,0.559247,0.437834,-0.278615,0.0,0.0,0.555036,0.579363,-0.33626,0.0,0.0,0.554213,0.712265,-0.381513,0.0,0.0,0.623644,0.289968,-0.181092,0.0,0.0,0.646993,0.432062,-0.264119,0.0,0.0,0.669525,0.547648,-0.309207,0.0,0.0,0.692047,0.651814,-0.338991,0.0,0.0,0.671358,0.297713,-0.175347,0.0,0.0,0.722686,0.418472,-0.236655,0.0,0.0,0.764129,0.484712,-0.266997,0.0,0.0,0.805414,0.544999,-0.2904,0.0,0.0
v1.mp4,1219610e4175dfcfd945e2d4a5016440b91148cdbcc5449d7badf3789d2f4a86,1920,1080,12.02,596,49.583,361,30083,Left,0.836181,0.577799,0.094454,1e-06,0.0,0.0,0.489908,0.154081,-0.060859,0.0,0.0,0.406766,0.255571,-0.114029,0.0,0.0,0.337832,0.34192,-0.156491,0.0,0.0,0.284289,0.426075,-0.202121,0.0,0.0,0.489367,0.257572,-0.180307,0.0,0.0,0.451467,0.33485,-0.254816,0.0,0.0,0.416679,0.387488,-0.298236,0.0,0.0,0.379818,0.447783,-0.327318,0.0,0.0,0.555963,0.270525,-0.179128,0.0,0.0,0.550987,0.42187,-0.263991,0.0,0.0,0.55002,0.558651,-0.312136,0.0,0.0,0.552351,0.691271,-0.350295,0.0,0.0,0.614922,0.279035,-0.174269,0.0,0.0,0.642033,0.415346,-0.251524,0.0,0.0,0.668405,0.537465,-0.289822,0.0,0.0,0.693163,0.650955,-0.315143,0.0,0.0,0.667135,0.282717,-0.169899,0.0,0.0,0.720396,0.404152,-0.228928,0.0,0.0,0.762044,0.473953,-0.256637,0.0,0.0,0.803083,0.541595,-0.277735,0.0,0.0
v1.mp4,1219610e4175dfcfd945e2d4a5016440b91148cdbcc5449d7badf3789d2f4a86,1920,1080,12.02,596,49.583,362,30166,Left,0.904184,0.578869,0.102261,1e-06,0.0,0.0,0.489057,0.163542,-0.053436,0.0,0.0,0.408795,0.254189,-0.102015,0.0,0.0,0.338974,0.342873,-0.140376,0.0,0.0,0.28524,0.427368,-0.180776,0.0,0.0,0.485915,0.269665,-0.174418,0.0,0.0,0.447695,0.466308,-0.238626,0.0,0.0,0.431471,0.602878,-0.270552,0.0,0.0,0.4142,0.732158,-0.292537,0.0,0.0,0.557615,0.274372,-0.17203,0.0,0.0,0.546788,0.429761,-0.248584,0.0,0.0,0.544957,0.560265,-0.28302,0.0,0.0,0.546063,0.675238,-0.309881,0.0,0.0,0.61944,0.273707,-0.165114,0.0,0.0,0.640973,0.389892,-0.230308,0.0,0.0,0.660526,0.490725,-0.253392,0.0,0.0,0.682451,0.581108,-0.268493,0.0,0.0,0.667477,0.27612,-0.159548,0.0,0.0,0.713169,0.379048,-0.21219,0.0,0.0,0.750655,0.439768,-0.234422,0.0,0.0,0.790556,0.502954,-0.249649,0.0,0.0
v1.mp4,1219610e4175dfcfd945e2d4a5016440b91148cdbcc5449d7badf3789d2f4a86,1920,1080,12.02,596,49.583,363,30250,Left,0.792781,0.575491,0.090162,1e-06,0.0,0.0,0.484405,0.161891,-0.060518,0.0,0.0,0.407546,0.255839,-0.117484,0.0,0.0,0.34343,0.345673,-0.16229,0.0,0.0,0.28899,0.437546,-0.209503,0.0,0.0,0.478744,0.280109,-0.199996,0.0,0.0,0.443271,0.477623,-0.274432,0.0,0.0,0.427016,0.612721,-0.312101,0.0,0.0,0.411467,0.738095,-0.337828,0.0,0.0,0.551127,0.277043,-0.200199,0.0,0.0,0.540305,0.435982,-0.290507,0.0,0.0,0.533934,0.56539,-0.331825,0.0,0.0,0.532125,0.681189,-0.362847,0.0,0.0,0.615149,0.268124,-0.195661,0.0,0.0,0.637591,0.380342,-0.274444,0.0,0.0,0.654186,0.475493,-0.30309,0.0,0.0,0.674981,0.56341,-0.321259,0.0,0.0,0.66636,0.261054,-0.19214,0.0,0.0,0.71514,0.355864,-0.254011,0.0,0.0,0.751547,0.414911,-0.279476,0.0,0.0,0.791074,0.477975,-0.29725,0.0,0.0
v1.mp4,1219610e4175dfcfd945e2d4a5016440b91148cdbcc5449d7badf3789d2f4a86,1920,1080,12.02,596,49.583,364,30333,Left,0.929073,0.57936,0.074966,1e-06,0.0,0.0,0.490704,0.14509,-0.048112,0.0,0.0,0.412755,0.240008,-0.09554,0.0,0.0,0.344144,0.338431,-0.131178,0.0,0.0,0.288827,0.435884,-0.169844,0.0,0.0,0.480304,0.25772,-0.174013,0.0,0.0,0.445819,0.467943,-0.23672,0.0,0.0,0.426999,0.609753,-0.26398,0.0,0.0,0.413954,0.737768,-0.28118,0.0,0.0,0.548881,0.265971,-0.176704,0.0,0.0,0.540179,0.506955,-0.245018,0.0,0.0,0.539001,0.668316,-0.277846,0.0,0.0,0.544563,0.811186,-0.301581,0.0,0.0,0.611061,0.256138,-0.173614,0.0,0.0,0.635265,0.406036,-0.240736,0.0,0.0,0.650863,0.517036,-0.272746,0.0,0.0,0.669421,0.624893,-0.292066,0.0,0.0,0.658146,0.241755,-0.169203,0.0,0.0,0.721667,0.318629,-0.228145,0.0,0.0,0.763445,0.353158,-0.252245,0.0,0.0,0.804723,0.400141,-0.266448,0.0,0.0
v1.mp4,1219610e4175dfcfd945e2d4a5016440b91148cdbcc5449d7badf3789d2f4a86,1920,1080,12.02,596,49.583,365,30416,Left,0.981753,0.58039,0.100405,1e-06,0.0,0.0,0.488252,0.166178,-0.044009,0.0,0.0,0.409735,0.252885,-0.092419,0.0,0.0,0.342129,0.344707,-0.128169,0.0,0.0,0.285307,0.437538,-0.167542,0.0,0.0,0.48174,0.25241,-0.185042,0.0,0.0,0.449906,0.468897,-0.251478,0.0,0.0,0.42992,0.617174,-0.283437,0.0,0.0,0.414405,0.741577,-0.304075,0.0,0.0,0.553966,0.255017,-0.189229,0.0,0.0,0.538752,0.511709,-0.25803,0.0,0.0,0.531699,0.682535,-0.293003,0.0,0.0,0.533166,0.823873,-0.319882,0.0,0.0,0.615567,0.252236,-0.186339,0.0,0.0,0.629767,0.445856,-0.251036,0.0,0.0,0.636632,0.580186,-0.286739,0.0,0.0,0.647044,0.70021,-0.311856,0.0,0.0,0.659971,0.25176,-0.181292,0.0,0.0,0.71793,0.332807,-0.240702,0.0,0.0,0.760132,0.369748,-0.267628,0.0,0.0,0.799637,0.415378,-0.285285,0.0,0.0
v1.mp4,1219610e4175dfcfd945e2d4a5016440b91148cdbcc5449d7badf3789d2f4a86,1920,1080,12.02,596,49.583,366,30500,Left,0.982046,0.582463,0.118424,1e-06,0.0,0.0,0.487395,0.176147,-0.043508,0.0,0.0,0.406333,0.256172,-0.092731,0.0,0.0,0.338719,0.346158,-0.129248,0.0,0.0,0.282081,0.435175,-0.169829,0.0,0.0,0.485307,0.243782,-0.186747,0.0,0.0,0.451655,0.461965,-0.252439,0.0,0.0,0.429654,0.613087,-0.286228,0.0,0.0,0.412479,0.736821,-0.308765,0.0,0.0,0.561765,0.248665,-0.190919,0.0,0.0,0.540579,0.509729,-0.256233,0.0,0.0,0.531895,0.685771,-0.291662,0.0,0.0,0.533361,0.829963,-0.320478,0.0,0.0,0.624568,0.251347,-0.187457,0.0,0.0,0.636344,0.477015,-0.246599,0.0,0.0,0.646326,0.627121,-0.281894,0.0,0.0,0.660519,0.753069,-0.309459,0.0,0.0,0.667147,0.254838,-0.181921,0.0,0.0,0.722199,0.345577,-0.236319,0.0,0.0,0.763212,0.391615,-0.261873,0.0,0.0,0.801015,0.440384,-0.280296,0.0,0.0
v1.mp4,1219610e4175dfcfd945e2d4a5016440b91148cdbcc5449d7badf3789d2f4a86,1920,1080,12.02,596,49.583,367,30583,Left,0.977889,0.582927,0.115348,1e-06,0.0,0.0,0.486285,0.174634,-0.048862,0.0,0.0,0.404828,0.25648,-0.101129,0.0,0.0,0.338185,0.346216,-0.139673,0.0,0.0,0.281804,0.436978,-0.182335,0.0,0.0,0.483688,0.246993,-0.19724,0.0,0.0,0.450378,0.460773,-0.267516,0.0,0.0,0.427864,0.610932,-0.304865,0.0,0.0,0.409068,0.736591,-0.32984,0.0,0.0,0.559816,0.252251,-0.199043,0.0,0.0,0.540088,0.505729,-0.272385,0.0,0.0,0.530162,0.680861,-0.313539,0.0,0.0,0.529472,0.828929,-0.346299,0.0,0.0,0.622143,0.255743,-0.192668,0.0,0.0,0.63782,0.479407,-0.256862,0.0,0.0,0.651478,0.628948,-0.293978,0.0,0.0,0.667714,0.754986,-0.322018,0.0,0.0,0.664949,0.259538,-0.18447,0.0,0.0,0.723844,0.364892,-0.241088,0.0,0.0,0.765624,0.415697,-0.267343,0.0,0.0,0.804729,0.467444,-0.286043,0.0,0.0
v1.mp4,1219610e4175dfcfd945e2d4a5016440b91148cdbcc5449d7badf3789d2f4a86,1920,1080,12.02,596,49.583,368,30666,Left,0.976102,0.581296,0.115442,1e-06,0.0,0.0,0.485861,0.176284,-0.047612,0.0,0.0,0.405855,0.255258,-0.10044,0.0,0.0,0.338872,0.344318,-0.139419,0.0,0.0,0.283048,0.433293,-0.181721,0.0,0.0,0.482623,0.24783,-0.200548,0.0,0.0,0.447368,0.460395,-0.269451,0.0,0.0,0.427287,0.612242,-0.30343,0.0,0.0,0.409698,0.739112,-0.325899,0.0,0.0,0.558589,0.257434,-0.201182,0.0,0.0,0.53862,0.501488,-0.27926,0.0,0.0,0.531537,0.680391,-0.319371,0.0,0.0,0.532151,0.827001,-0.350936,0.0,0.0,0.621188,0.267265,-0.193037,0.0,0.0,0.636528,0.483759,-0.257867,0.0,0.0,0.649627,0.637405,-0.289597,0.0,0.0,0.663908,0.759787,-0.312923,0.0,0.0,0.665566,0.277916,-0.183243,0.0,0.0,0.727539,0.419481,-0.238456,0.0,0.0,0.769353,0.500355,-0.263609,0.0,0.0,0.807064,0.575792,-0.281258,0.0,0.0
v1.mp4,1219610e4175dfcfd945e2d4a5016440b91148cdbcc5449d7badf3789d2f4a86,1920,1080,12.02,596,49.583,369,30750,Left,0.956246,0.583044,0.112551,1e-06,0.0,0.0,0.489126,0.169757,-0.042518,0.0,0.0,0.409008,0.248881,-0.091628,0.0,0.0,0.33956,0.33709,-0.129137,0.0,0.0,0.286683,0.429566,-0.169699,0.0,0.0,0.480466,0.255534,-0.185828,0.0,0.0,0.442488,0.46044,-0.253019,0.0,0.0,0.419168,0.603957,-0.287646,0.0,0.0,0.398167,0.731343,-0.311002,0.0,0.0,0.553794,0.27215,-0.187741,0.0,0.0,0.533485,0.497191,-0.263831,0.0,0.0,0.524332,0.669939,-0.30342,0.0,0.0,0.524144,0.817207,-0.335756,0.0,0.0,0.616599,0.286813,-0.181462,0.0,0.0,0.632207,0.501992,-0.243777,0.0,0.0,0.646779,0.655023,-0.27265,0.0,0.0,0.662432,0.779347,-0.294891,0.0,0.0,0.662173,0.29938,-0.173821,0.0,0.0,0.714828,0.451562,-0.226944,0.0,0.0,0.751461,0.536651,-0.250837,0.0,0.0,0.785914,0.619172,-0.268347,0.0,0.0
v1.mp4,1219610e4175dfcfd945e2d4a5016440b91148cdbcc5449d7badf3789d2f4a86,1920,1080,12.02,596,49.583,370,30833,Left,0.930951,0.586288,0.106499,1e-06,0.0,0.0,0.491801,0.164532,-0.043828,0.0,0.0,0.410692,0.24302,-0.09244,0.0,0.0,0.339595,0.321275,-0.129459,0.0,0.0,0.282677,0.40288,-0.169459,0.0,0.0,0.48359,0.255927,-0.18318,0.0,0.0,0.441702,0.428944,-0.250057,0.0,0.0,0.414317,0.552424,-0.284111,0.0,0.0,0.387948,0.663895,-0.307029,0.0,0.0,0.556103,0.27648,-0.185533,0.0,0.0,0.537312,0.496775,-0.263985,0.0,0.0,0.525551,0.663832,-0.305427,0.0,0.0,0.520361,0.807697,-0.338066,0.0,0.0,0.617866,0.292619,-0.180012,0.0,0.0,0.637131,0.497525,-0.244734,0.0,0.0,0.649277,0.648679,-0.275292,0.0,0.0,0.659491,0.775934,-0.297863,0.0,0.0,0.663651,0.301622,-0.173303,0.0,0.0,0.715775,0.450679,-0.226875,0.0,0.0,0.749929,0.534573,-0.251314,0.0,0.0,0.779422,0.61834,-0.269412,0.0,0.0
v1.mp4,1219610e4175dfcfd945e2d4a5016440b91148cdbcc5449d7badf3789d2f4a86,1920,1080,12.02,596,49.583,371,30916,Left,0.955997,0.587625,0.094826,1e-06,0.0,0.0,0.495599,0.147391,-0.03954,0.0,0.0,0.412181,0.234044,-0.080199,0.0,0.0,0.338771,0.315764,-0.111389,0.0,0.0,0.280461,0.385231,-0.145886,0.0,0.0,0.48509,0.263249,-0.153259,0.0,0.0,0.442016,0.399656,-0.213679,0.0,0.0,0.408847,0.498602,-0.248103,0.0,0.0,0.377495,0.595974,-0.271387,0.0,0.0,0.554216,0.288643,-0.156044,0.0,0.0,0.537154,0.500469,-0.220286,0.0,0.0,0.525693,0.660355,-0.255756,0.0,0.0,0.521925,0.80156,-0.284636,0.0,0.0,0.612946,0.304452,-0.153178,0.0,0.0,0.629481,0.510614,-0.209954,0.0,0.0,0.647723,0.65453,-0.237895,0.0,0.0,0.666081,0.778485,-0.257984,0.0,0.0,0.656565,0.311058,-0.149574,0.0,0.0,0.706928,0.463067,-0.198657,0.0,0.0,0.746978,0.544126,-0.220388,0.0,0.0,0.783572,0.621829,-0.235587,0.0,0.0
v1.mp4,1219610e4175dfcfd945e2d4a5016440b91148cdbcc5449d7badf3789d2f4a86,1920,1080,12.02,596,49.583,372,31000,Left,0.886423,0.591083,0.09891,1e-06,0.0,0.0,0.497908,0.145345,-0.051807,0.0,0.0,0.414648,0.23766,-0.098596,0.0,0.0,0.341257,0.322551,-0.135324,0.0,0.0,0.286071,0.392176,-0.17661,0.0,0.0,0.490043,0.276914,-0.166549,0.0,0.0,0.442941,0.406282,-0.230024,0.0,0.0,0.411526,0.492478,-0.266461,0.0,0.0,0.380473,0.581507,-0.292866,0.0,0.0,0.55999,0.318445,-0.166715,0.0,0.0,0.551368,0.498995,-0.241058,0.0,0.0,0.550357,0.622215,-0.285319,0.0,0.0,0.552911,0.734863,-0.320058,0.0,0.0,0.619079,0.343217,-0.161477,0.0,0.0,0.644293,0.538264,-0.229005,0.0,0.0,0.67773,0.681543,-0.265767,0.0,0.0,0.710011,0.810138,-0.292378,0.0,0.0,0.66509,0.34827,-0.155795,0.0,0.0,0.703395,0.493427,-0.211045,0.0,0.0,0.740516,0.559251,-0.237473,0.0,0.0,0.779697,0.623212,-0.257376,0.0,0.0
v1.mp4,1219610e4175dfcfd945e2d4a5016440b91148cdbcc5449d7badf3789d2f4a86,1920,1080,12.02,596,49.583,373,31083,Left,0.848167,0.578714,0.113221,0.0,0.0,0.0,0.491115,0.163613,-0.046972,0.0,0.0,0.409181,0.249433,-0.090286,0.0,0.0,0.342154,0.333498,-0.126054,0.0,0.0,0.280958,0.390406,-0.165935,0.0,0.0,0.485073,0.279021,-0.148804,0.0,0.0,0.449005,0.393716,-0.212367,0.0,0.0,0.421754,0.479157,-0.250401,0.0,0.0,0.393925,0.563638,-0.277608,0.0,0.0,0.55597,0.3054,-0.151432,0.0,0.0,0.548618,0.440228,-0.219373,0.0,0.0,0.543679,0.530029,-0.250401,0.0,0.0,0.544022,0.612958,-0.275326,0.0,0.0,0.615223,0.318184,-0.152251,0.0,0.0,0.633633,0.422628,-0.213281,0.0,0.0,0.642995,0.479104,-0.235944,0.0,0.0,0.652334,0.531677,-0.251655,0.0,0.0,0.663545,0.31765,-0.154766,0.0,0.0,0.702201,0.401086,-0.205645,0.0,0.0,0.737846,0.435014,-0.229013,0.0,0.0,0.767743,0.468717,-0.246393,0.0,0.0
v1.mp4,1219610e4175dfcfd945e2d4a5016440b91148cdbcc5449d7badf3789d2f4a86,1920,1080,12.02,596,49.583,374,31166,Left,0.563962,0.574898,0.129543,1e-06,0.0,0.0,0.488319,0.170055,-0.058837,0.0,0.0,0.410808,0.251509,-0.108878,0.0,0.0,0.344748,0.333711,-0.148119,0.0,0.0,0.27933,0.390604,-0.19159,0.0,0.0,0.485468,0.273355,-0.176162,0.0,0.0,0.451935,0.395673,-0.241484,0.0,0.0,0.419815,0.474456,-0.279087,0.0,0.0,0.38509,0.541149,-0.305503,0.0,0.0,0.561522,0.300459,-0.173591,0.0,0.0,0.555824,0.411702,-0.249629,0.0,0.0,0.553979,0.483862,-0.28749,0.0,0.0,0.557981,0.523075,-0.316662,0.0,0.0,0.626235,0.313356,-0.167981,0.0,0.0,0.639029,0.399056,-0.238469,0.0,0.0,0.65726,0.442005,-0.273302,0.0,0.0,0.677776,0.453466,-0.297158,0.0,0.0,0.678451,0.310614,-0.163461,0.0,0.0,0.723337,0.37956,-0.225154,0.0,0.0,0.767569,0.390198,-0.258415,0.0,0.0,0.805267,0.382048,-0.282403,0.0,0.0
v1.mp4,1219610e4175dfcfd945e2d4a5016440b91148cdbcc5449d7badf3789d2f4a86,1920,1080,12.02,596,49.583,375,31250,Left,0.885795,0.582564,0.097022,1e-06,0.0,0.0,0.496005,0.160259,-0.041353,0.0,0.0,0.416952,0.250151,-0.085219,0.0,0.0,0.346396,0.338037,-0.121284,0.0,0.0,0.284447,0.404146,-0.161094,0.0,0.0,0.490314,0.270397,-0.150467,0.0,0.0,0.449192,0.405747,-0.209935,0.0,0.0,0.425857,0.507858,-0.240629,0.0,0.0,0.400795,0.602041,-0.262066,0.0,0.0,0.560426,0.302325,-0.155516,0.0,0.0,0.535944,0.491445,-0.224464,0.0,0.0,0.516398,0.643661,-0.259901,0.0,0.0,0.498989,0.77421,-0.288874,0.0,0.0,0.622454,0.308122,-0.156121,0.0,0.0,0.636161,0.452161,-0.216769,0.0,0.0,0.639884,0.556211,-0.246406,0.0,0.0,0.640351,0.643086,-0.268085,0.0,0.0,0.670799,0.298244,-0.156515,0.0,0.0,0.723041,0.402545,-0.208529,0.0,0.0,0.759934,0.454466,-0.235674,0.0,0.0,0.793119,0.509608,-0.256193,0.0,0.0
v1.mp4,1219610e4175dfcfd945e2d4a5016440b91148cdbcc5449d7badf3789d2f4a86,1920,1080,12.02,596,49.583,376,31333,Left,0.935411,0.586429,0.097399,1e-06,0.0,0.0,0.486539,0.162063,-0.049724,0.0,0.0,0.409464,0.255162,-0.097075,0.0,0.0,0.346706,0.357836,-0.133168,0.0,0.0,0.298019,0.45932,-0.171601,0.0,0.0,0.481265,0.293345,-0.167449,0.0,0.0,0.449962,0.498769,-0.231614,0.0,0.0,0.431203,0.641144,-0.264612,0.0,0.0,0.414181,0.769662,-0.286153,0.0,0.0,0.551881,0.314955,-0.165295,0.0,0.0,0.5367,0.533849,-0.233157,0.0,0.0,0.529986,0.698961,-0.265635,0.0,0.0,0.525969,0.845639,-0.29157,0.0,0.0,0.614583,0.325621,-0.159034,0.0,0.0,0.619662,0.512502,-0.216376,0.0,0.0,0.617489,0.657083,-0.242112,0.0,0.0,0.615261,0.78174,-0.260824,0.0,0.0,0.661689,0.330007,-0.153483,0.0,0.0,0.699186,0.471255,-0.205707,0.0,0.0,0.728217,0.557958,-0.230828,0.0,0.0,0.756835,0.641549,-0.247821,0.0,0.0
v1.mp4,1219610e4175dfcfd945e2d4a5016440b91148cdbcc5449d7badf3789d2f4a86,1920,1080,12.02,596,49.583,377,31416,Left,0.967646,0.584343,0.112583,1e-06,0.0,0.0,0.487836,0.175612,-0.047458,0.0,0.0,0.411572,0.261235,-0.096388,0.0,0.0,0.347905,0.359043,-0.133197,0.0,0.0,0.296025,0.45896,-0.171979,0.0,0.0,0.483224,0.297169,-0.179235,0.0,0.0,0.450736,0.503992,-0.246059,0.0,0.0,0.43036,0.647025,-0.28015,0.0,0.0,0.411844,0.772829,-0.302174,0.0,0.0,0.558318,0.311614,-0.178568,0.0,0.0,0.539037,0.528972,-0.249807,0.0,0.0,0.5285,0.699098,-0.285256,0.0,0.0,0.521822,0.844585,-0.313477,0.0,0.0,0.621982,0.321461,-0.172339,0.0,0.0,0.622974,0.508193,-0.231092,0.0,0.0,0.617155,0.659159,-0.260333,0.0,0.0,0.61165,0.784637,-0.281795,0.0,0.0,0.667883,0.328741,-0.16604,0.0,0.0,0.704708,0.470295,-0.218983,0.0,0.0,0.733802,0.561632,-0.246485,0.0,0.0,0.760157,0.647626,-0.2651,0.0,0.0
v1.mp4,1219610e4175dfcfd945e2d4a5016440b91148cdbcc5449d7badf3789d2f4a86,1920,1080,12.02,596,49.583,378,31500,Left,0.963524,0.58481,0.111475,1e-06,0.0,0.0,0.488493,0.172227,-0.049166,0.0,0.0,0.409447,0.262202,-0.097299,0.0,0.0,0.346551,0.364304,-0.133272,0.0,0.0,0.297883,0.466448,-0.171407,0.0,0.0,0.482411,0.292576,-0.177223,0.0,0.0,0.449117,0.502972,-0.242763,0.0,0.0,0.429423,0.647741,-0.276228,0.0,0.0,0.412026,0.774379,-0.297949,0.0,0.0,0.556453,0.308454,-0.175769,0.0,0.0,0.538476,0.529317,-0.246147,0.0,0.0,0.530378,0.700492,-0.28102,0.0,0.0,0.525318,0.847714,-0.308865,0.0,0.0,0.61993,0.318327,-0.169245,0.0,0.0,0.620165,0.508941,-0.228522,0.0,0.0,0.616526,0.658545,-0.258455,0.0,0.0,0.61329,0.782351,-0.280142,0.0,0.0,0.667238,0.324117,-0.162765,0.0,0.0,0.70216,0.468569,-0.217075,0.0,0.0,0.729643,0.559491,-0.245532,0.0,0.0,0.75551,0.645323,-0.264789,0.0,0.0
v1.mp4,1219610e4175dfcfd945e2d4a5016440b91148cdbcc5449d7badf3789d2f4a86,1920,1080,12.02,596,49.583,379,31583,Left,0.967074,0.586029,0.103161,1e-06,0.0,0.0,0.489238,0.168134,-0.04513,0.0,0.0,0.410739,0.259753,-0.091379,0.0,0.0,0.347661,0.362361,-0.126331,0.0,0.0,0.296948,0.463295,-0.163476,0.0,0.0,0.482267,0.293543,-0.170546,0.0,0.0,0.447787,0.503251,-0.234083,0.0,0.0,0.427635,0.645343,-0.266247,0.0,0.0,0.410276,0.771279,-0.287023,0.0,0.0,0.556674,0.307404,-0.17068,0.0,0.0,0.538385,0.531799,-0.23689,0.0,0.0,0.528502,0.701254,-0.269379,0.0,0.0,0.522487,0.846643,-0.295768,0.0,0.0,0.621133,0.315618,-0.16582,0.0,0.0,0.620832,0.505862,-0.222057,0.0,0.0,0.614725,0.651704,-0.250532,0.0,0.0,0.609713,0.773154,-0.271345,0.0,0.0,0.668842,0.321005,-0.160733,0.0,0.0,0.704023,0.466539,-0.212321,0.0,0.0,0.732276,0.558228,-0.239237,0.0,0.0,0.758554,0.644581,-0.257472,0.0,0.0
v1.mp4,1219610e4175dfcfd945e2d4a5016440b91148cdbcc5449d7badf3789d2f4a86,1920,1080,12.02,596,49.583,380,31666,Left,0.974526,0.585706,0.094514,1e-06,0.0,0.0,0.493048,0.157372,-0.043806,0.0,0.0,0.413255,0.257836,-0.08608,0.0,0.0,0.348634,0.361688,-0.117785,0.0,0.0,0.298865,0.458735,-0.152072,0.0,0.0,0.486635,0.298658,-0.155636,0.0,0.0,0.44785,0.500266,-0.21264,0.0,0.0,0.426032,0.636662,-0.241249,0.0,0.0,0.40827,0.760365,-0.26019,0.0,0.0,0.556893,0.321272,-0.154354,0.0,0.0,0.541093,0.534432,-0.215876,0.0,0.0,0.538203,0.695476,-0.245503,0.0,0.0,0.541472,0.83556,-0.268803,0.0,0.0,0.617062,0.328347,-0.148052,0.0,0.0,0.62503,0.521461,-0.199656,0.0,0.0,0.636508,0.669444,-0.222997,0.0,0.0,0.649962,0.796889,-0.239997,0.0,0.0,0.662163,0.325344,-0.141852,0.0,0.0,0.700523,0.469239,-0.189244,0.0,0.0,0.73084,0.556625,-0.211128,0.0,0.0,0.761755,0.639157,-0.225252,0.0,0.0
v1.mp4,1219610e4175dfcfd945e2d4a5016440b91148cdbcc5449d7badf3789d2f4a86,1920,1080,12.02,596,49.583,381,31750,Left,0.933601,0.580166,0.104282,1e-06,0.0,0.0,0.492699,0.163011,-0.052777,0.0,0.0,0.416773,0.259398,-0.101682,0.0,0.0,0.352961,0.364567,-0.137903,0.0,0.0,0.303166,0.460037,-0.176883,0.0,0.0,0.490858,0.28158,-0.178439,0.0,0.0,0.452049,0.451863,-0.242348,0.0,0.0,0.430975,0.572714,-0.275485,0.0,0.0,0.414299,0.689741,-0.299675,0.0,0.0,0.562837,0.305918,-0.176467,0.0,0.0,0.558985,0.486934,-0.250964,0.0,0.0,0.559973,0.616498,-0.287027,0.0,0.0,0.56531,0.734587,-0.314979,0.0,0.0,0.621169,0.318537,-0.169078,0.0,0.0,0.64143,0.499835,-0.235577,0.0,0.0,0.666839,0.649211,-0.265896,0.0,0.0,0.691985,0.788754,-0.287869,0.0,0.0,0.66246,0.319194,-0.161354,0.0,0.0,0.712461,0.443581,-0.219382,0.0,0.0,0.756153,0.510076,-0.245554,0.0,0.0,0.797571,0.579706,-0.263543,0.0,0.0
v1.mp4,1219610e4175dfcfd945e2d4a5016440b91148cdbcc5449d7badf3789d2f4a86,1920,1080,12.02,596,49.583,382,31833,Left,0.854408,0.577433,0.108943,1e-06,0.0,0.0,0.490167,0.166026,-0.062462,0.0,0.0,0.417817,0.258493,-0.11752,0.0,0.0,0.353342,0.358268,-0.15875,0.0,0.0,0.303505,0.458554,-0.202392,0.0,0.0,0.490427,0.284107,-0.196987,0.0,0.0,0.452177,0.455911,-0.268779,0.0,0.0,0.434812,0.575061,-0.308802,0.0,0.0,0.421816,0.6953,-0.338223,0.0,0.0,0.563214,0.302489,-0.192321,0.0,0.0,0.559899,0.464453,-0.277598,0.0,0.0,0.565013,0.587656,-0.32264,0.0,0.0,0.576005,0.704462,-0.358059,0.0,0.0,0.622394,0.309949,-0.182089,0.0,0.0,0.6505,0.470751,-0.255647,0.0,0.0,0.684102,0.608656,-0.291013,0.0,0.0,0.717696,0.738157,-0.317227,0.0,0.0,0.665358,0.310416,-0.172255,0.0,0.0,0.715669,0.420552,-0.233759,0.0,0.0,0.758361,0.475628,-0.262737,0.0,0.0,0.801176,0.534488,-0.283988,0.0,0.0
v1.mp4,1219610e4175dfcfd945e2d4a5016440b91148cdbcc5449d7badf3789d2f4a86,1920,1080,12.02,596,49.583,383,31916,Left,0.870996,0.571387,0.111487,1e-06,0.0,0.0,0.485096,0.172564,-0.060758,0.0,0.0,0.40983,0.258495,-0.113404,0.0,0.0,0.352012,0.356105,-0.152614,0.0,0.0,0.304053,0.454709,-0.19389,0.0,0.0,0.486745,0.280145,-0.193409,0.0,0.0,0.458033,0.480603,-0.263731,0.0,0.0,0.44931,0.622077,-0.300754,0.0,0.0,0.441434,0.749578,-0.326316,0.0,0.0,0.563348,0.28409,-0.186828,0.0,0.0,0.559904,0.439857,-0.261968,0.0,0.0,0.566509,0.560222,-0.294384,0.0,0.0,0.577974,0.661788,-0.321485,0.0,0.0,0.625206,0.282249,-0.176209,0.0,0.0,0.645273,0.403711,-0.240316,0.0,0.0,0.6649,0.499364,-0.265017,0.0,0.0,0.687966,0.582099,-0.283827,0.0,0.0,0.671324,0.281054,-0.167206,0.0,0.0,0.72816,0.368262,-0.222607,0.0,0.0,0.771512,0.414311,-0.248506,0.0,0.0,0.812411,0.459087,-0.267106,0.0,0.0
v1.mp4,1219610e4175dfcfd945e2d4a5016440b91148cdbcc5449d7badf3789d2f4a86,1920,1080,12.02,596,49.583,384,32000,Left,0.823967,0.571457,0.103727,1e-06,0.0,0.0,0.484895,0.172433,-0.061169,0.0,0.0,0.409739,0.267043,-0.113824,0.0,0.0,0.351216,0.364103,-0.154296,0.0,0.0,0.302068,0.458751,-0.197839,0.0,0.0,0.488915,0.277531,-0.189604,0.0,0.0,0.460017,0.477463,-0.259606,0.0,0.0,0.44844,0.616099,-0.297591,0.0,0.0,0.439144,0.744638,-0.324473,0.0,0.0,0.561813,0.276511,-0.186197,0.0,0.0,0.563336,0.437225,-0.26193,0.0,0.0,0.56742,0.561734,-0.297138,0.0,0.0,0.57729,0.67144,-0.326114,0.0,0.0,0.623449,0.268053,-0.178769,0.0,0.0,0.647715,0.395951,-0.244995,0.0,0.0,0.669048,0.491815,-0.271122,0.0,0.0,0.696627,0.577243,-0.290836,0.0,0.0,0.671971,0.260122,-0.173025,0.0,0.0,0.728262,0.337117,-0.229698,0.0,0.0,0.772261,0.37584,-0.254144,0.0,0.0,0.816664,0.414716,-0.271771,0.0,0.0
v1.mp4,1219610e4175dfcfd945e2d4a5016440b91148cdbcc5449d7badf3789d2f4a86,1920,1080,12.02,596,49.583,385,32083,Left,0.969984,0.57027,0.103468,1e-06,0.0,0.0,0.484393,0.174887,-0.050935,0.0,0.0,0.411192,0.263317,-0.101309,0.0,0.0,0.350041,0.366113,-0.13816,0.0,0.0,0.301172,0.465947,-0.177711,0.0,0.0,0.489413,0.263659,-0.191512,0.0,0.0,0.462751,0.469277,-0.260879,0.0,0.0,0.452094,0.61797,-0.295417,0.0,0.0,0.444153,0.750075,-0.318461,0.0,0.0,0.562838,0.270907,-0.190459,0.0,0.0,0.567359,0.510622,-0.263989,0.0,0.0,0.572272,0.676007,-0.30112,0.0,0.0,0.582255,0.815939,-0.329308,0.0,0.0,0.620301,0.264086,-0.182023,0.0,0.0,0.653106,0.431115,-0.24802,0.0,0.0,0.676139,0.551797,-0.281165,0.0,0.0,0.700267,0.65859,-0.303814,0.0,0.0,0.65857,0.254187,-0.172521,0.0,0.0,0.728215,0.318538,-0.23022,0.0,0.0,0.775743,0.350694,-0.256192,0.0,0.0,0.819614,0.390832,-0.273025,0.0,0.0
v1.mp4,1219610e4175dfcfd945e2d4a5016440b91148cdbcc5449d7badf3789d2f4a86,1920,1080,12.02,596,49.583,386,32166,Left,0.985581,0.581781,0.105727,1e-06,0.0,0.0,0.490149,0.178073,-0.047206,0.0,0.0,0.410824,0.266043,-0.098315,0.0,0.0,0.349445,0.362197,-0.136293,0.0,0.0,0.301245,0.461681,-0.178133,0.0,0.0,0.490258,0.261974,-0.193268,0.0,0.0,0.463877,0.472949,-0.262631,0.0,0.0,0.451539,0.622228,-0.298074,0.0,0.0,0.440347,0.74889,-0.3211,0.0,0.0,0.565608,0.267801,-0.193006,0.0,0.0,0.564009,0.513749,-0.26315,0.0,0.0,0.565197,0.685384,-0.298567,0.0,0.0,0.572422,0.829031,-0.326227,0.0,0.0,0.625678,0.266077,-0.185044,0.0,0.0,0.651258,0.471687,-0.245057,0.0,0.0,0.667363,0.615778,-0.279504,0.0,0.0,0.683197,0.740168,-0.305665,0.0,0.0,0.664538,0.260921,-0.175526,0.0,0.0,0.727492,0.335233,-0.228907,0.0,0.0,0.772272,0.373921,-0.255522,0.0,0.0,0.811792,0.415024,-0.274114,0.0,0.0
v1.mp4,1219610e4175dfcfd945e2d4a5016440b91148cdbcc5449d7badf3789d2f4a86,1920,1080,12.02,596,49.583,387,32250,Left,0.973557,0.580166,0.112571,1e-06,0.0,0.0,0.488642,0.177982,-0.04892,0.0,0.0,0.410286,0.258377,-0.100228,0.0,0.0,0.349432,0.353125,-0.13779,0.0,0.0,0.303576,0.459573,-0.178929,0.0,0.0,0.48788,0.260633,-0.195098,0.0,0.0,0.463031,0.471581,-0.265555,0.0,0.0,0.449836,0.624793,-0.302321,0.0,0.0,0.439879,0.754239,-0.326357,0.0,0.0,0.565773,0.26253,-0.195922,0.0,0.0,0.562752,0.514602,-0.267464,0.0,0.0,0.56338,0.691557,-0.304371,0.0,0.0,0.571552,0.840479,-0.333564,0.0,0.0,0.628568,0.260049,-0.189424,0.0,0.0,0.647995,0.465316,-0.251684,0.0,0.0,0.658397,0.612984,-0.285759,0.0,0.0,0.670453,0.741858,-0.311583,0.0,0.0,0.670637,0.258369,-0.181629,0.0,0.0,0.733313,0.339195,-0.237784,0.0,0.0,0.776934,0.384208,-0.264347,0.0,0.0,0.815647,0.434329,-0.282683,0.0,0.0
v1.mp4,1219610e4175dfcfd945e2d4a5016440b91148cdbcc5449d7badf3789d2f4a86,1920,1080,12.02,596,49.583,388,32333,Left,0.971483,0.578316,0.117485,1e-06,0.0,0.0,0.484515,0.178863,-0.056904,0.0,0.0,0.408324,0.262466,-0.113737,0.0,0.0,0.349109,0.356382,-0.155081,0.0,0.0,0.302571,0.462378,-0.19911,0.0,0.0,0.485813,0.267257,-0.21275,0.0,0.0,0.460213,0.470953,-0.287846,0.0,0.0,0.445847,0.622757,-0.326302,0.0,0.0,0.432892,0.754155,-0.351212,0.0,0.0,0.565431,0.276184,-0.208111,0.0,0.0,0.562205,0.507615,-0.288301,0.0,0.0,0.563559,0.684225,-0.326708,0.0,0.0,0.570092,0.833293,-0.357429,0.0,0.0,0.628763,0.285658,-0.195969,0.0,0.0,0.649245,0.485123,-0.260626,0.0,0.0,0.663154,0.639402,-0.289914,0.0,0.0,0.674054,0.769827,-0.312428,0.0,0.0,0.671942,0.295192,-0.183653,0.0,0.0,0.737592,0.424228,-0.238307,0.0,0.0,0.780369,0.503793,-0.263809,0.0,0.0,0.815629,0.580922,-0.282264,0.0,0.0
v1.mp4,1219610e4175dfcfd945e2d4a5016440b91148cdbcc5449d7badf3789d2f4a86,1920,1080,12.02,596,49.583,389,32416,Left,0.941083,0.579719,0.12472,1e-06,0.0,0.0,0.486198,0.179863,-0.054192,0.0,0.0,0.408822,0.262568,-0.108968,0.0,0.0,0.351128,0.358081,-0.149648,0.0,0.0,0.305373,0.463223,-0.192837,0.0,0.0,0.484836,0.268013,-0.202866,0.0,0.0,0.456152,0.467985,-0.273328,0.0,0.0,0.440154,0.61066,-0.307987,0.0,0.0,0.424212,0.740674,-0.330733,0.0,0.0,0.562067,0.281876,-0.198863,0.0,0.0,0.557368,0.507881,-0.275138,0.0,0.0,0.559087,0.678704,-0.309813,0.0,0.0,0.564326,0.826041,-0.338657,0.0,0.0,0.626994,0.293719,-0.18781,0.0,0.0,0.645173,0.492383,-0.250842,0.0,0.0,0.659261,0.641552,-0.277148,0.0,0.0,0.671309,0.766584,-0.297324,0.0,0.0,0.672749,0.303033,-0.176546,0.0,0.0,0.732683,0.446054,-0.2308,0.0,0.0,0.771565,0.529716,-0.255306,0.0,0.0,0.806813,0.610306,-0.273107,0.0,0.0
v1.mp4,1219610e4175dfcfd945e2d4a5016440b91148cdbcc5449d7badf3789d2f4a86,1920,1080,12.02,596,49.583,390,32500,Left,0.960919,0.581332,0.104071,1e-06,0.0,0.0,0.488388,0.161453,-0.045829,0.0,0.0,0.405745,0.25834,-0.090043,0.0,0.0,0.348801,0.358899,-0.123288,0.0,0.0,0.304175,0.457916,-0.159768,0.0,0.0,0.48623,0.268453,-0.164103,0.0,0.0,0.455247,0.405256,-0.223691,0.0,0.0,0.433812,0.509425,-0.25463,0.0,0.0,0.412955,0.609755,-0.27567,0.0,0.0,0.559387,0.285601,-0.165644,0.0,0.0,0.55453,0.503583,-0.231225,0.0,0.0,0.554927,0.669889,-0.26564,0.0,0.0,0.558659,0.814237,-0.294243,0.0,0.0,0.622003,0.296235,-0.161691,0.0,0.0,0.641948,0.494952,-0.22013,0.0,0.0,0.657653,0.6422,-0.249957,0.0,0.0,0.670926,0.770081,-0.271958,0.0,0.0,0.669217,0.300169,-0.157159,0.0,0.0,0.72744,0.444737,-0.208819,0.0,0.0,0.768314,0.52667,-0.233604,0.0,0.0,0.804735,0.606121,-0.251662,0.0,0.0
v1.mp4,1219610e4175dfcfd945e2d4a5016440b91148cdbcc5449d7badf3789d2f4a86,1920,1080,12.02,596,49.583,391,32583,Left,0.945505,0.582895,0.107349,1e-06,0.0,0.0,0.490559,0.164586,-0.044032,0.0,0.0,0.408193,0.256768,-0.087396,0.0,0.0,0.349847,0.356206,-0.120101,0.0,0.0,0.30568,0.454587,-0.155792,0.0,0.0,0.486732,0.26857,-0.16148,0.0,0.0,0.455786,0.422973,-0.219644,0.0,0.0,0.437158,0.533928,-0.249468,0.0,0.0,0.420126,0.639239,-0.269696,0.0,0.0,0.561035,0.284774,-0.163109,0.0,0.0,0.555484,0.50445,-0.226711,0.0,0.0,0.55507,0.668045,-0.258803,0.0,0.0,0.558851,0.810527,-0.285272,0.0,0.0,0.623571,0.293743,-0.159308,0.0,0.0,0.642785,0.493971,-0.215395,0.0,0.0,0.658348,0.64091,-0.242265,0.0,0.0,0.671612,0.769111,-0.262259,0.0,0.0,0.669247,0.298083,-0.15496,0.0,0.0,0.728205,0.437567,-0.20523,0.0,0.0,0.768239,0.520401,-0.228424,0.0,0.0,0.803326,0.601911,-0.244829,0.0,0.0
v1.mp4,1219610e4175dfcfd945e2d4a5016440b91148cdbcc5449d7badf3789d2f4a86,1920,1080,12.02,596,49.583,392,32666,Left,0.972036,0.580201,0.112727,1e-06,0.0,0.0,0.487794,0.169183,-0.047883,0.0,0.0,0.41007,0.255155,-0.096918,0.0,0.0,0.350267,0.353149,-0.133424,0.0,0.0,0.304667,0.455471,-0.17273,0.0,0.0,0.484704,0.25846,-0.184348,0.0,0.0,0.462036,0.47095,-0.248259,0.0,0.0,0.451596,0.622662,-0.278845,0.0,0.0,0.443377,0.753249,-0.298634,0.0,0.0,0.559848,0.267845,-0.183173,0.0,0.0,0.555093,0.507285,-0.250115,0.0,0.0,0.557462,0.681474,-0.280392,0.0,0.0,0.565171,0.828543,-0.305656,0.0,0.0,0.623164,0.277694,-0.175702,0.0,0.0,0.641415,0.488039,-0.231488,0.0,0.0,0.654129,0.641857,-0.255744,0.0,0.0,0.666467,0.770089,-0.2747,0.0,0.0,0.668781,0.28901,-0.168017,0.0,0.0,0.726872,0.435445,-0.217451,0.0,0.0,0.767146,0.521834,-0.239776,0.0,0.0,0.803231,0.601929,-0.255669,0.0,0.0
v1.mp4,1219610e4175dfcfd945e2d4a5016440b91148cdbcc5449d7badf3789d2f4a86,1920,1080,12.02,596,49.583,393,32750,Left,0.970808,0.578382,0.117737,1e-06,0.0,0.0,0.490217,0.17662,-0.047745,0.0,0.0,0.412834,0.253512,-0.099074,0.0,0.0,0.348324,0.334981,-0.137562,0.0,0.0,0.29574,0.416796,-0.178978,0.0,0.0,0.485239,0.258665,-0.193901,0.0,0.0,0.464264,0.468391,-0.262117,0.0,0.0,0.453492,0.619433,-0.295582,0.0,0.0,0.444341,0.748477,-0.317223,0.0,0.0,0.560723,0.267959,-0.193296,0.0,0.0,0.559697,0.509616,-0.265894,0.0,0.0,0.562298,0.684987,-0.300081,0.0,0.0,0.570217,0.831628,-0.328073,0.0,0.0,0.622385,0.278961,-0.185506,0.0,0.0,0.643059,0.487503,-0.245055,0.0,0.0,0.656511,0.640215,-0.272167,0.0,0.0,0.669024,0.766446,-0.292898,0.0,0.0,0.665529,0.291197,-0.177235,0.0,0.0,0.722026,0.438805,-0.228324,0.0,0.0,0.762774,0.52201,-0.251876,0.0,0.0,0.798803,0.599897,-0.268971,0.0,0.0
v1.mp4,1219610e4175dfcfd945e2d4a5016440b91148cdbcc5449d7badf3789d2f4a86,1920,1080,12.02,596,49.583,394,32833,Left,0.952548,0.584496,0.114074,1e-06,0.0,0.0,0.497006,0.166064,-0.04935,0.0,0.0,0.416913,0.232462,-0.101632,0.0,0.0,0.339602,0.269577,-0.143273,0.0,0.0,0.268755,0.280898,-0.188889,0.0,0.0,0.491652,0.261726,-0.184451,0.0,0.0,0.465826,0.468908,-0.250437,0.0,0.0,0.453055,0.618293,-0.283596,0.0,0.0,0.441138,0.747153,-0.306134,0.0,0.0,0.566223,0.276266,-0.185097,0.0,0.0,0.560481,0.507554,-0.257141,0.0,0.0,0.56099,0.681224,-0.293292,0.0,0.0,0.566648,0.831638,-0.322293,0.0,0.0,0.628151,0.285028,-0.17933,0.0,0.0,0.643799,0.489705,-0.239138,0.0,0.0,0.655476,0.641337,-0.269741,0.0,0.0,0.667596,0.768611,-0.29207,0.0,0.0,0.671754,0.289275,-0.173722,0.0,0.0,0.726028,0.438198,-0.22542,0.0,0.0,0.766999,0.521018,-0.251175,0.0,0.0,0.803301,0.598205,-0.269665,0.0,0.0
v1.mp4,1219610e4175dfcfd945e2d4a5016440b91148cdbcc5449d7badf3789d2f4a86,1920,1080,12.02,596,49.583,395,32916,Left,0.954073,0.585925,0.108738,1e-06,0.0,0.0,0.500145,0.15782,-0.047729,0.0,0.0,0.422529,0.213541,-0.099741,0.0,0.0,0.348048,0.226298,-0.142531,0.0,0.0,0.280594,0.201999,-0.19022,0.0,0.0,0.490587,0.259276,-0.175887,0.0,0.0,0.462807,0.466236,-0.237627,0.0,0.0,0.45212,0.615859,-0.268457,0.0,0.0,0.442606,0.745002,-0.289956,0.0,0.0,0.565991,0.276624,-0.177437,0.0,0.0,0.558405,0.511479,-0.242471,0.0,0.0,0.559874,0.683407,-0.274873,0.0,0.0,0.566504,0.831961,-0.301914,0.0,0.0,0.629917,0.285912,-0.172955,0.0,0.0,0.643874,0.493283,-0.227392,0.0,0.0,0.655936,0.64477,-0.257502,0.0,0.0,0.668436,0.773217,-0.28038,0.0,0.0,0.676207,0.287111,-0.16882,0.0,0.0,0.728739,0.436243,-0.218072,0.0,0.0,0.76932,0.517954,-0.243346,0.0,0.0,0.805473,0.594992,-0.262007,0.0,0.0
v1.mp4,1219610e4175dfcfd945e2d4a5016440b91148cdbcc5449d7badf3789d2f4a86,1920,1080,12.02,596,49.583,396,33000,Left,0.959322,0.582308,0.103938,1e-06,0.0,0.0,0.49255,0.168354,-0.040382,0.0,0.0,0.415518,0.257887,-0.083611,0.0,0.0,0.354974,0.348735,-0.11699,0.0,0.0,0.306015,0.433818,-0.153724,0.0,0.0,0.487274,0.263555,-0.167303,0.0,0.0,0.460896,0.470875,-0.226155,0.0,0.0,0.451424,0.620558,-0.255191,0.0,0.0,0.444805,0.751932,-0.274858,0.0,0.0,0.563277,0.273258,-0.169807,0.0,0.0,0.557687,0.508411,-0.231294,0.0,0.0,0.560926,0.684036,-0.260727,0.0,0.0,0.57005,0.833755,-0.2862,0.0,0.0,0.627223,0.280627,-0.166263,0.0,0.0,0.643351,0.487066,-0.217643,0.0,0.0,0.655337,0.641441,-0.242334,0.0,0.0,0.667464,0.770128,-0.262205,0.0,0.0,0.673218,0.284769,-0.162433,0.0,0.0,0.72764,0.436555,-0.2091,0.0,0.0,0.767257,0.524264,-0.231025,0.0,0.0,0.802253,0.603296,-0.247208,0.0,0.0
v1.mp4,1219610e4175dfcfd945e2d4a5016440b91148cdbcc5449d7badf3789d2f4a86,1920,1080,12.02,596,49.583,397,33083,Left,0.970125,0.580492,0.111315,1e-06,0.0,0.0,0.490482,0.173994,-0.051982,0.0,0.0,0.415026,0.265143,-0.104604,0.0,0.0,0.354033,0.366131,-0.143168,0.0,0.0,0.303686,0.466007,-0.184277,0.0,0.0,0.485347,0.261759,-0.198792,0.0,0.0,0.463016,0.472337,-0.268323,0.0,0.0,0.450958,0.62463,-0.301787,0.0,0.0,0.439811,0.755669,-0.323204,0.0,0.0,0.561352,0.269245,-0.196308,0.0,0.0,0.557695,0.507012,-0.270804,0.0,0.0,0.559366,0.682901,-0.30438,0.0,0.0,0.56502,0.831509,-0.331581,0.0,0.0,0.624894,0.277576,-0.18711,0.0,0.0,0.643171,0.482434,-0.248748,0.0,0.0,0.654908,0.63855,-0.275699,0.0,0.0,0.664714,0.768534,-0.295887,0.0,0.0,0.670742,0.287396,-0.177663,0.0,0.0,0.728225,0.433836,-0.230649,0.0,0.0,0.767802,0.520638,-0.255427,0.0,0.0,0.802738,0.602208,-0.273073,0.0,0.0
v1.mp4,1219610e4175dfcfd945e2d4a5016440b91148cdbcc5449d7badf3789d2f4a86,1920,1080,12.02,596,49.583,398,33166,Left,0.974901,0.580103,0.118854,1e-06,0.0,0.0,0.491889,0.182968,-0.052117,0.0,0.0,0.419274,0.265164,-0.107771,0.0,0.0,0.352614,0.34436,-0.149044,0.0,0.0,0.286893,0.407782,-0.19317,0.0,0.0,0.487438,0.260962,-0.208961,0.0,0.0,0.464654,0.469704,-0.282238,0.0,0.0,0.451075,0.622878,-0.318024,0.0,0.0,0.438596,0.752572,-0.341151,0.0,0.0,0.562805,0.271063,-0.206616,0.0,0.0,0.558951,0.504594,-0.286142,0.0,0.0,0.559453,0.680947,-0.322433,0.0,0.0,0.564946,0.829819,-0.351655,0.0,0.0,0.625221,0.281662,-0.196669,0.0,0.0,0.645095,0.48466,-0.262392,0.0,0.0,0.656915,0.641043,-0.292605,0.0,0.0,0.667129,0.770255,-0.314961,0.0,0.0,0.66933,0.292434,-0.186084,0.0,0.0,0.72659,0.439261,-0.241608,0.0,0.0,0.76669,0.523891,-0.268528,0.0,0.0,0.801959,0.604223,-0.28822,0.0,0.0
v1.mp4,1219610e4175dfcfd945e2d4a5016440b91148cdbcc5449d7badf3789d2f4a86,1920,1080,12.02,596,49.583,399,33250,Left,0.947299,0.586087,0.108013,1e-06,0.0,0.0,0.496758,0.164611,-0.04647,0.0,0.0,0.41597,0.239979,-0.095011,0.0,0.0,0.343301,0.288251,-0.132717,0.0,0.0,0.274254,0.303834,-0.174264,0.0,0.0,0.491019,0.265188,-0.179147,0.0,0.0,0.464289,0.470255,-0.243276,0.0,0.0,0.4499,0.618475,-0.274746,0.0,0.0,0.436223,0.746982,-0.295695,0.0,0.0,0.563838,0.278112,-0.17968,0.0,0.0,0.557495,0.507281,-0.249486,0.0,0.0,0.557417,0.677687,-0.282812,0.0,0.0,0.561768,0.826819,-0.309325,0.0,0.0,0.625354,0.284867,-0.173803,0.0,0.0,0.643655,0.488428,-0.231697,0.0,0.0,0.655707,0.639489,-0.259571,0.0,0.0,0.666857,0.768479,-0.279671,0.0,0.0,0.670435,0.287478,-0.167908,0.0,0.0,0.726123,0.437604,-0.218264,0.0,0.0,0.766067,0.522839,-0.242439,0.0,0.0,0.800678,0.603847,-0.259568,0.0,0.0
v1.mp4,1219610e4175dfcfd945e2d4a5016440b91148cdbcc5449d7badf3789d2f4a86,1920,1080,12.02,596,49.583,400,33333,Left,0.963103,0.583542,0.105173,1e-06,0.0,0.0,0.494634,0.164776,-0.046586,0.0,0.0,0.417291,0.245876,-0.096383,0.0,0.0,0.347112,0.316525,-0.135677,0.0,0.0,0.279979,0.361662,-0.179122,0.0,0.0,0.489738,0.259291,-0.181384,0.0,0.0,0.463299,0.470049,-0.243451,0.0,0.0,0.452405,0.620882,-0.27304,0.0,0.0,0.442747,0.75243,-0.293428,0.0,0.0,0.564905,0.274114,-0.182723,0.0,0.0,0.561428,0.50974,-0.251272,0.0,0.0,0.563878,0.685477,-0.283383,0.0,0.0,0.571533,0.836096,-0.309954,0.0,0.0,0.627978,0.282965,-0.177601,0.0,0.0,0.645673,0.485688,-0.234723,0.0,0.0,0.655412,0.639118,-0.261428,0.0,0.0,0.665589,0.769607,-0.282011,0.0,0.0,0.672824,0.287068,-0.172487,0.0,0.0,0.725518,0.437359,-0.222843,0.0,0.0,0.765082,0.522113,-0.24645,0.0,0.0,0.800961,0.602401,-0.263804,0.0,0.0
v1.mp4,1219610e4175dfcfd945e2d4a5016440b91148cdbcc5449d7badf3789d2f4a86,1920,1080,12.02,596,49.583,401,33416,Left,0.963878,0.58231,0.11054,1e-06,0.0,0.0,0.490663,0.175741,-0.047846,0.0,0.0,0.416261,0.265571,-0.096759,0.0,0.0,0.359353,0.365642,-0.133389,0.0,0.0,0.311424,0.465955,-0.172633,0.0,0.0,0.489624,0.269103,-0.183463,0.0,0.0,0.464251,0.475264,-0.247679,0.0,0.0,0.452106,0.624539,-0.278335,0.0,0.0,0.441127,0.755434,-0.298164,0.0,0.0,0.565065,0.27801,-0.182364,0.0,0.0,0.559481,0.508677,-0.251886,0.0,0.0,0.561367,0.685562,-0.283633,0.0,0.0,0.567423,0.834864,-0.309738,0.0,0.0,0.628218,0.285007,-0.174955,0.0,0.0,0.645202,0.48253,-0.232301,0.0,0.0,0.655735,0.63636,-0.257132,0.0,0.0,0.665147,0.763851,-0.276087,0.0,0.0,0.674221,0.290326,-0.167457,0.0,0.0,0.730828,0.435723,-0.218102,0.0,0.0,0.768565,0.522115,-0.241496,0.0,0.0,0.802224,0.602472,-0.25801,0.0,0.0
v1.mp4,1219610e4175dfcfd945e2d4a5016440b91148cdbcc5449d7badf3789d2f4a86,1920,1080,12.02,596,49.583,402,33500,Left,0.973848,0.579366,0.118957,1e-06,0.0,0.0,0.487787,0.182154,-0.054956,0.0,0.0,0.413286,0.268703,-0.110739,0.0,0.0,0.355547,0.367632,-0.151293,0.0,0.0,0.307322,0.472123,-0.194122,0.0,0.0,0.485668,0.267083,-0.20854,0.0,0.0,0.463377,0.475483,-0.280909,0.0,0.0,0.451601,0.624761,-0.316139,0.0,0.0,0.440256,0.754259,-0.338914,0.0,0.0,0.562362,0.273552,-0.204325,0.0,0.0,0.559711,0.507211,-0.284133,0.0,0.0,0.561533,0.682279,-0.32149,0.0,0.0,0.567212,0.831128,-0.351536,0.0,0.0,0.625577,0.283318,-0.192828,0.0,0.0,0.645885,0.48457,-0.258534,0.0,0.0,0.658357,0.638694,-0.289207,0.0,0.0,0.668411,0.766261,-0.312152,0.0,0.0,0.670564,0.296661,-0.180822,0.0,0.0,0.730626,0.437616,-0.237379,0.0,0.0,0.771907,0.519954,-0.265649,0.0,0.0,0.808346,0.598659,-0.286053,0.0,0.0
v1.mp4,1219610e4175dfcfd945e2d4a5016440b91148cdbcc5449d7badf3789d2f4a86,1920,1080,12.02,596,49.583,403,33583,Left,0.987537,0.58239,0.112594,1e-06,0.0,0.0,0.492621,0.180208,-0.049192,0.0,0.0,0.411775,0.270949,-0.099441,0.0,0.0,0.352304,0.371395,-0.135574,0.0,0.0,0.307588,0.472145,-0.174429,0.0,0.0,0.489596,0.253738,-0.196322,0.0,0.0,0.464698,0.46845,-0.264746,0.0,0.0,0.450284,0.620615,-0.299148,0.0,0.0,0.439208,0.753402,-0.320315,0.0,0.0,0.564108,0.255741,-0.191444,0.0,0.0,0.560487,0.509116,-0.262837,0.0,0.0,0.55943,0.685454,-0.296282,0.0,0.0,0.566978,0.834998,-0.32249,0.0,0.0,0.623255,0.267443,-0.178842,0.0,0.0,0.649062,0.48332,-0.235955,0.0,0.0,0.664112,0.640663,-0.262944,0.0,0.0,0.679712,0.773611,-0.28237,0.0,0.0,0.662846,0.288631,-0.165331,0.0,0.0,0.723259,0.435825,-0.209582,0.0,0.0,0.762958,0.519443,-0.229181,0.0,0.0,0.800284,0.593113,-0.243167,0.0,0.0
v1.mp4,1219610e4175dfcfd945e2d4a5016440b91148cdbcc5449d7badf3789d2f4a86,1920,1080,12.02,596,49.583,404,33666,Left,0.986852,0.579556,0.110425,1e-06,0.0,0.0,0.489126,0.176605,-0.047825,0.0,0.0,0.413292,0.26477,-0.096234,0.0,0.0,0.355105,0.364633,-0.130829,0.0,0.0,0.309126,0.465828,-0.169026,0.0,0.0,0.49013,0.255571,-0.189351,0.0,0.0,0.466703,0.474974,-0.255871,0.0,0.0,0.452834,0.627459,-0.289267,0.0,0.0,0.442476,0.754052,-0.310584,0.0,0.0,0.564776,0.258198,-0.188188,0.0,0.0,0.565653,0.522199,-0.252554,0.0,0.0,0.568218,0.695257,-0.283886,0.0,0.0,0.578385,0.835683,-0.30902,0.0,0.0,0.624093,0.258854,-0.179871,0.0,0.0,0.648037,0.472852,-0.236162,0.0,0.0,0.661586,0.6153,-0.266515,0.0,0.0,0.677888,0.736861,-0.289997,0.0,0.0,0.662947,0.260914,-0.170483,0.0,0.0,0.7252,0.343736,-0.221795,0.0,0.0,0.767653,0.386404,-0.24494,0.0,0.0,0.806753,0.430518,-0.260894,0.0,0.0
v1.mp4,1219610e4175dfcfd945e2d4a5016440b91148cdbcc5449d7badf3789d2f4a86,1920,1080,12.02,596,49.583,405,33750,Left,0.96608,0.580359,0.085233,1e-06,0.0,0.0,0.492401,0.156845,-0.053579,0.0,0.0,0.414195,0.257523,-0.09863,0.0,0.0,0.357837,0.364108,-0.132424,0.0,0.0,0.313468,0.464633,-0.169114,0.0,0.0,0.492265,0.275679,-0.165806,0.0,0.0,0.463484,0.479096,-0.226523,0.0,0.0,0.450824,0.620112,-0.258455,0.0,0.0,0.441385,0.742785,-0.280003,0.0,0.0,0.562048,0.268655,-0.162777,0.0,0.0,0.567406,0.447448,-0.225493,0.0,0.0,0.575608,0.58009,-0.254021,0.0,0.0,0.588964,0.690669,-0.276978,0.0,0.0,0.620961,0.254065,-0.156323,0.0,0.0,0.652726,0.388947,-0.211619,0.0,0.0,0.673673,0.496712,-0.234699,0.0,0.0,0.697463,0.594472,-0.251606,0.0,0.0,0.666977,0.241907,-0.151088,0.0,0.0,0.728706,0.320072,-0.19884,0.0,0.0,0.771616,0.363526,-0.218564,0.0,0.0,0.812098,0.404771,-0.231574,0.0,0.0
v1.mp4,1219610e4175dfcfd945e2d4a5016440b91148cdbcc5449d7badf3789d2f4a86,1920,1080,12.02,596,49.583,406,33833,Left,0.933151,0.571386,0.097977,1e-06,0.0,0.0,0.484213,0.167646,-0.061934,0.0,0.0,0.409381,0.26536,-0.114076,0.0,0.0,0.354859,0.371935,-0.154083,0.0,0.0,0.309436,0.470559,-0.197256,0.0,0.0,0.493788,0.267545,-0.185449,0.0,0.0,0.468984,0.485007,-0.254814,0.0,0.0,0.452148,0.624649,-0.292034,0.0,0.0,0.440561,0.748115,-0.316452,0.0,0.0,0.561587,0.261239,-0.178914,0.0,0.0,0.574356,0.429682,-0.257695,0.0,0.0,0.582052,0.526365,-0.293328,0.0,0.0,0.602134,0.602147,-0.31848,0.0,0.0,0.614824,0.25646,-0.168845,0.0,0.0,0.664823,0.368204,-0.238346,0.0,0.0,0.700124,0.420525,-0.26686,0.0,0.0,0.741224,0.462924,-0.284058,0.0,0.0,0.654906,0.255683,-0.160174,0.0,0.0,0.713198,0.327702,-0.21295,0.0,0.0,0.762374,0.35161,-0.236472,0.0,0.0,0.811803,0.374427,-0.252843,0.0,0.0
v1.mp4,1219610e4175dfcfd945e2d4a5016440b91148cdbcc5449d7badf3789d2f4a86,1920,1080,12.02,596,49.583,407,33916,Left,0.91276,0.568187,0.102151,1e-06,0.0,0.0,0.482103,0.177097,-0.063233,0.0,0.0,0.408552,0.274997,-0.120312,0.0,0.0,0.35545,0.3718,-0.164491,0.0,0.0,0.311823,0.472169,-0.212889,0.0,0.0,0.493248,0.267401,-0.20399,0.0,0.0,0.467519,0.479092,-0.279788,0.0,0.0,0.454404,0.622818,-0.323389,0.0,0.0,0.444322,0.748473,-0.35309,0.0,0.0,0.566248,0.257898,-0.199035,0.0,0.0,0.569747,0.430355,-0.28497,0.0,0.0,0.571862,0.548611,-0.331423,0.0,0.0,0.583092,0.648327,-0.365882,0.0,0.0,0.621113,0.245588,-0.187762,0.0,0.0,0.665286,0.360951,-0.260908,0.0,0.0,0.701944,0.436734,-0.295904,0.0,0.0,0.741633,0.495387,-0.319077,0.0,0.0,0.659866,0.23736,-0.17711,0.0,0.0,0.726351,0.290874,-0.233726,0.0,0.0,0.773066,0.308294,-0.259198,0.0,0.0,0.817375,0.322133,-0.27681,0.0,0.0
v1.mp4,1219610e4175dfcfd945e2d4a5016440b91148cdbcc5449d7badf3789d2f4a86,1920,1080,12.02,596,49.583,408,34000,Left,0.973166,0.572478,0.077207,1e-06,0.0,0.0,0.487579,0.157238,-0.047214,0.0,0.0,0.412628,0.258307,-0.093501,0.0,0.0,0.35869,0.365003,-0.129239,0.0,0.0,0.31274,0.464218,-0.168646,0.0,0.0,0.492216,0.259863,-0.169827,0.0,0.0,0.465675,0.466554,-0.238146,0.0,0.0,0.454983,0.610885,-0.276743,0.0,0.0,0.446125,0.739795,-0.30242,0.0,0.0,0.566872,0.249042,-0.170789,0.0,0.0,0.576002,0.449651,-0.235501,0.0,0.0,0.579534,0.592366,-0.268818,0.0,0.0,0.59056,0.716355,-0.294649,0.0,0.0,0.624231,0.225742,-0.166655,0.0,0.0,0.669517,0.360012,-0.224097,0.0,0.0,0.697409,0.46347,-0.252568,0.0,0.0,0.727177,0.562196,-0.272759,0.0,0.0,0.66449,0.203276,-0.162225,0.0,0.0,0.738444,0.24678,-0.212033,0.0,0.0,0.790497,0.2667,-0.232085,0.0,0.0,0.837778,0.295422,-0.244735,0.0,0.0
v1.mp4,1219610e4175dfcfd945e2d4a5016440b91148cdbcc5449d7badf3789d2f4a86,1920,1080,12.02,596,49.583,409,34083,Left,0.981932,0.579592,0.107278,1e-06,0.0,0.0,0.491198,0.173617,-0.051591,0.0,0.0,0.413861,0.26557,-0.099875,0.0,0.0,0.355589,0.365837,-0.134489,0.0,0.0,0.313717,0.47016,-0.172819,0.0,0.0,0.492774,0.256073,-0.188673,0.0,0.0,0.470112,0.466594,-0.257166,0.0,0.0,0.456506,0.61714,-0.293898,0.0,0.0,0.444276,0.746225,-0.31724,0.0,0.0,0.569638,0.255349,-0.185196,0.0,0.0,0.574124,0.506183,-0.248867,0.0,0.0,0.576821,0.678082,-0.282163,0.0,0.0,0.585196,0.818375,-0.308841,0.0,0.0,0.630372,0.249745,-0.175279,0.0,0.0,0.661977,0.449922,-0.23164,0.0,0.0,0.685781,0.588137,-0.265755,0.0,0.0,0.708408,0.70654,-0.291138,0.0,0.0,0.671854,0.245302,-0.16448,0.0,0.0,0.735357,0.320891,-0.216125,0.0,0.0,0.78314,0.35848,-0.241745,0.0,0.0,0.82585,0.393384,-0.258977,0.0,0.0
v1.mp4,1219610e4175dfcfd945e2d4a5016440b91148cdbcc5449d7badf3789d2f4a86,1920,1080,12.02,596,49.583,410,34166,Left,0.96276,0.581172,0.12471,1e-06,0.0,0.0,0.491217,0.186497,-0.063319,0.0,0.0,0.413382,0.274582,-0.120395,0.0,0.0,0.351492,0.370224,-0.161143,0.0,0.0,0.306967,0.472655,-0.203762,0.0,0.0,0.49678,0.256865,-0.216555,0.0,0.0,0.470627,0.465317,-0.292558,0.0,0.0,0.453743,0.616434,-0.33234,0.0,0.0,0.44046,0.749625,-0.357371,0.0,0.0,0.574127,0.26246,-0.207792,0.0,0.0,0.573017,0.511581,-0.287509,0.0,0.0,0.573712,0.683003,-0.330251,0.0,0.0,0.581604,0.828808,-0.36317,0.0,0.0,0.631696,0.273127,-0.191275,0.0,0.0,0.663439,0.475636,-0.259374,0.0,0.0,0.693871,0.613348,-0.296323,0.0,0.0,0.723609,0.727576,-0.321531,0.0,0.0,0.666094,0.288494,-0.174292,0.0,0.0,0.713737,0.418396,-0.226885,0.0,0.0,0.747794,0.487545,-0.252349,0.0,0.0,0.782764,0.54603,-0.270574,0.0,0.0
v1.mp4,1219610e4175dfcfd945e2d4a5016440b91148cdbcc5449d7badf3789d2f4a86,1920,1080,12.02,596,49.583,411,34250,Left,0.958928,0.57941,0.127309,1e-06,0.0,0.0,0.490201,0.191066,-0.058932,0.0,0.0,0.411956,0.277194,-0.115245,0.0,0.0,0.35138,0.371026,-0.155529,0.0,0.0,0.307825,0.472038,-0.197318,0.0,0.0,0.496989,0.254265,-0.212663,0.0,0.0,0.470938,0.46552,-0.289241,0.0,0.0,0.455317,0.618923,-0.329271,0.0,0.0,0.443713,0.753407,-0.35309,0.0,0.0,0.573902,0.259775,-0.203207,0.0,0.0,0.573888,0.516196,-0.284276,0.0,0.0,0.57543,0.689189,-0.326735,0.0,0.0,0.5852,0.837335,-0.358528,0.0,0.0,0.631339,0.275705,-0.185361,0.0,0.0,0.661672,0.485978,-0.253194,0.0,0.0,0.688739,0.631212,-0.288325,0.0,0.0,0.715922,0.750362,-0.310843,0.0,0.0,0.665084,0.299158,-0.166297,0.0,0.0,0.705423,0.449729,-0.212491,0.0,0.0,0.730732,0.530449,-0.23307,0.0,0.0,0.759496,0.599673,-0.248214,0.0,0.0
v1.mp4,1219610e4175dfcfd945e2d4a5016440b91148cdbcc5449d7badf3789d2f4a86,1920,1080,12.02,596,49.583,412,34333,Left,0.962297,0.572479,0.126441,1e-06,0.0,0.0,0.483959,0.187957,-0.064465,0.0,0.0,0.415711,0.273435,-0.127981,0.0,0.0,0.357904,0.369325,-0.174169,0.0,0.0,0.310055,0.476308,-0.222532,0.0,0.0,0.492193,0.261113,-0.231839,0.0,0.0,0.468083,0.470704,-0.312584,0.0,0.0,0.456669,0.626927,-0.35405,0.0,0.0,0.446943,0.760411,-0.381336,0.0,0.0,0.5712,0.266703,-0.225026,0.0,0.0,0.570465,0.504108,-0.317279,0.0,0.0,0.577701,0.680976,-0.366495,0.0,0.0,0.589132,0.833384,-0.404933,0.0,0.0,0.633795,0.275781,-0.209308,0.0,0.0,0.661617,0.472563,-0.284056,0.0,0.0,0.686299,0.623482,-0.321838,0.0,0.0,0.709038,0.74336,-0.348841,0.0,0.0,0.675885,0.286571,-0.192988,0.0,0.0,0.736972,0.426365,-0.252429,0.0,0.0,0.776359,0.508858,-0.282659,0.0,0.0,0.814606,0.583965,-0.305058,0.0,0.0
v1.mp4,1219610e4175dfcfd945e2d4a5016440b91148cdbcc5449d7badf3789d2f4a86,1920,1080,12.02,596,49.583,413,34416,Left,0.930672,0.578236,0.132243,1e-06,0.0,0.0,0.490248,0.186222,-0.061501,0.0,0.0,0.41468,0.273225,-0.122291,0.0,0.0,0.354772,0.367427,-0.168598,0.0,0.0,0.307911,0.470425,-0.217457,0.0,0.0,0.492183,0.26355,-0.217677,0.0,0.0,0.466557,0.473255,-0.29437,0.0,0.0,0.453356,0.620259,-0.332484,0.0,0.0,0.442307,0.752892,-0.357427,0.0,0.0,0.569553,0.270319,-0.212519,0.0,0.0,0.567389,0.49954,-0.299019,0.0,0.0,0.571018,0.671911,-0.341322,0.0,0.0,0.580167,0.8221,-0.374933,0.0,0.0,0.634146,0.279258,-0.200102,0.0,0.0,0.661048,0.476989,-0.271815,0.0,0.0,0.682598,0.628594,-0.305073,0.0,0.0,0.702882,0.754346,-0.328917,0.0,0.0,0.679835,0.291245,-0.187602,0.0,0.0,0.737016,0.440788,-0.246926,0.0,0.0,0.773898,0.523793,-0.275566,0.0,0.0,0.810593,0.599596,-0.296473,0.0,0.0
v1.mp4,1219610e4175dfcfd945e2d4a5016440b91148cdbcc5449d7badf3789d2f4a86,1920,1080,12.02,596,49.583,414,34500,Left,0.926382,0.582472,0.121083,1e-06,0.0,0.0,0.491841,0.172427,-0.055177,0.0,0.0,0.41342,0.271353,-0.106929,0.0,0.0,0.356498,0.369093,-0.145677,0.0,0.0,0.315046,0.472645,-0.187935,0.0,0.0,0.499258,0.255892,-0.196436,0.0,0.0,0.465441,0.415217,-0.264415,0.0,0.0,0.443961,0.530944,-0.298823,0.0,0.0,0.423241,0.642939,-0.322384,0.0,0.0,0.573595,0.272485,-0.194747,0.0,0.0,0.564086,0.490318,-0.272596,0.0,0.0,0.564852,0.657361,-0.31431,0.0,0.0,0.569946,0.807609,-0.348553,0.0,0.0,0.635736,0.286117,-0.186016,0.0,0.0,0.661218,0.480005,-0.252987,0.0,0.0,0.684653,0.629247,-0.288525,0.0,0.0,0.706048,0.756699,-0.314853,0.0,0.0,0.681589,0.294255,-0.176772,0.0,0.0,0.73763,0.440779,-0.233086,0.0,0.0,0.775997,0.522707,-0.261985,0.0,0.0,0.813406,0.600349,-0.284282,0.0,0.0
v1.mp4,1219610e4175dfcfd945e2d4a5016440b91148cdbcc5449d7badf3789d2f4a86,1920,1080,12.02,596,49.583,415,34583,Left,0.927814,0.580987,0.118532,1e-06,0.0,0.0,0.491335,0.173166,-0.058293,0.0,0.0,0.414873,0.271189,-0.11195,0.0,0.0,0.356701,0.367523,-0.152215,0.0,0.0,0.310711,0.463766,-0.195759,0.0,0.0,0.495442,0.260428,-0.19725,0.0,0.0,0.465997,0.409431,-0.26963,0.0,0.0,0.442345,0.519963,-0.308449,0.0,0.0,0.418392,0.62935,-0.334338,0.0,0.0,0.570742,0.275283,-0.194686,0.0,0.0,0.564408,0.489131,-0.273531,0.0,0.0,0.565064,0.656577,-0.316086,0.0,0.0,0.569478,0.807968,-0.350721,0.0,0.0,0.63355,0.288091,-0.186055,0.0,0.0,0.661471,0.478923,-0.253986,0.0,0.0,0.686199,0.629445,-0.29008,0.0,0.0,0.707335,0.757754,-0.316325,0.0,0.0,0.679768,0.294448,-0.17744,0.0,0.0,0.736849,0.439655,-0.233819,0.0,0.0,0.775781,0.523486,-0.262721,0.0,0.0,0.812083,0.601988,-0.284776,0.0,0.0
v1.mp4,1219610e4175dfcfd945e2d4a5016440b91148cdbcc5449d7badf3789d2f4a86,1920,1080,12.02,596,49.583,416,34666,Left,0.906021,0.583376,0.125726,1e-06,0.0,0.0,0.494743,0.17661,-0.058221,0.0,0.0,0.417979,0.262828,-0.113761,0.0,0.0,0.353056,0.344527,-0.155631,0.0,0.0,0.298295,0.427476,-0.200386,0.0,0.0,0.497968,0.260317,-0.20295,0.0,0.0,0.465434,0.426518,-0.273792,0.0,0.0,0.4458,0.547647,-0.309685,0.0,0.0,0.427916,0.663026,-0.334467,0.0,0.0,0.573459,0.280129,-0.200337,0.0,0.0,0.56454,0.495973,-0.282801,0.0,0.0,0.56441,0.660521,-0.326238,0.0,0.0,0.569902,0.809997,-0.361282,0.0,0.0,0.635832,0.292922,-0.190691,0.0,0.0,0.661748,0.479219,-0.259977,0.0,0.0,0.68384,0.62611,-0.295602,0.0,0.0,0.704314,0.751475,-0.32178,0.0,0.0,0.68028,0.297968,-0.180992,0.0,0.0,0.737178,0.443074,-0.238561,0.0,0.0,0.775056,0.523836,-0.268389,0.0,0.0,0.811751,0.601851,-0.291304,0.0,0.0
v1.mp4,1219610e4175dfcfd945e2d4a5016440b91148cdbcc5449d7badf3789d2f4a86,1920,1080,12.02,596,49.583,417,34750,Left,0.945565,0.579588,0.126728,1e-06,0.0,0.0,0.492203,0.177425,-0.055895,0.0,0.0,0.416601,0.256793,-0.113692,0.0,0.0,0.351996,0.334625,-0.15805,0.0,0.0,0.292385,0.413461,-0.205416,0.0,0.0,0.494782,0.261846,-0.210608,0.0,0.0,0.468926,0.466433,-0.283342,0.0,0.0,0.455444,0.61314,-0.31849,0.0,0.0,0.443867,0.743986,-0.342222,0.0,0.0,0.571212,0.273694,-0.208459,0.0,0.0,0.565557,0.499861,-0.291382,0.0,0.0,0.568023,0.670249,-0.3314,0.0,0.0,0.576546,0.820308,-0.363695,0.0,0.0,0.634454,0.282162,-0.198635,0.0,0.0,0.660707,0.478648,-0.267809,0.0,0.0,0.681466,0.629172,-0.299366,0.0,0.0,0.701436,0.755303,-0.32248,0.0,0.0,0.679258,0.289174,-0.18848,0.0,0.0,0.737377,0.438128,-0.247049,0.0,0.0,0.775814,0.521949,-0.275047,0.0,0.0,0.812979,0.601995,-0.295627,0.0,0.0
v1.mp4,1219610e4175dfcfd945e2d4a5016440b91148cdbcc5449d7badf3789d2f4a86,1920,1080,12.02,596,49.583,418,34833,Left,0.947035,0.57642,0.133493,1e-06,0.0,0.0,0.488669,0.184444,-0.057336,0.0,0.0,0.414043,0.260029,-0.115673,0.0,0.0,0.351579,0.339093,-0.159847,0.0,0.0,0.298999,0.428971,-0.206787,0.0,0.0,0.49144,0.268666,-0.214655,0.0,0.0,0.47005,0.468948,-0.290166,0.0,0.0,0.459473,0.61884,-0.32825,0.0,0.0,0.449601,0.753239,-0.353905,0.0,0.0,0.569305,0.277779,-0.211196,0.0,0.0,0.566867,0.502294,-0.29521,0.0,0.0,0.572045,0.672277,-0.336972,0.0,0.0,0.581928,0.822186,-0.371173,0.0,0.0,0.632951,0.284974,-0.199918,0.0,0.0,0.66013,0.478802,-0.268724,0.0,0.0,0.68242,0.628986,-0.300492,0.0,0.0,0.701813,0.753546,-0.324366,0.0,0.0,0.677263,0.290441,-0.188532,0.0,0.0,0.737118,0.436652,-0.247014,0.0,0.0,0.77661,0.520271,-0.275453,0.0,0.0,0.813793,0.599636,-0.296535,0.0,0.0
v1.mp4,1219610e4175dfcfd945e2d4a5016440b91148cdbcc5449d7badf3789d2f4a86,1920,1080,12.02,596,49.583,419,34916,Left,0.960413,0.575043,0.122536,1e-06,0.0,0.0,0.487488,0.174657,-0.057304,0.0,0.0,0.412038,0.257093,-0.113198,0.0,0.0,0.349395,0.337177,-0.154566,0.0,0.0,0.29347,0.414985,-0.198932,0.0,0.0,0.493088,0.274737,-0.208548,0.0,0.0,0.472747,0.474821,-0.280464,0.0,0.0,0.461608,0.622378,-0.317013,0.0,0.0,0.451939,0.754229,-0.341469,0.0,0.0,0.569923,0.286377,-0.202978,0.0,0.0,0.570577,0.509272,-0.279977,0.0,0.0,0.576952,0.677586,-0.317446,0.0,0.0,0.589747,0.823539,-0.348274,0.0,0.0,0.631361,0.294135,-0.189927,0.0,0.0,0.662099,0.492461,-0.253025,0.0,0.0,0.687182,0.63921,-0.282651,0.0,0.0,0.710156,0.762773,-0.305286,0.0,0.0,0.67309,0.296952,-0.176963,0.0,0.0,0.738582,0.434525,-0.230927,0.0,0.0,0.782463,0.50868,-0.256565,0.0,0.0,0.822114,0.579509,-0.275434,0.0,0.0
v1.mp4,1219610e4175dfcfd945e2d4a5016440b91148cdbcc5449d7badf3789d2f4a86,1920,1080,12.02,596,49.583,420,35000,Left,0.9499,0.575401,0.085073,1e-06,0.0,0.0,0.491531,0.150802,-0.058675,0.0,0.0,0.412658,0.249048,-0.110547,0.0,0.0,0.347176,0.326749,-0.148944,0.0,0.0,0.288245,0.380695,-0.190176,0.0,0.0,0.495847,0.275228,-0.197162,0.0,0.0,0.468832,0.473104,-0.267886,0.0,0.0,0.457352,0.608777,-0.305837,0.0,0.0,0.446346,0.739039,-0.332345,0.0,0.0,0.571663,0.277694,-0.188763,0.0,0.0,0.58141,0.451118,-0.265016,0.0,0.0,0.587826,0.578848,-0.302247,0.0,0.0,0.599538,0.699694,-0.332547,0.0,0.0,0.628298,0.275936,-0.174225,0.0,0.0,0.667849,0.411099,-0.237421,0.0,0.0,0.693968,0.522799,-0.26665,0.0,0.0,0.720713,0.62954,-0.287914,0.0,0.0,0.66715,0.27375,-0.160509,0.0,0.0,0.730359,0.383203,-0.211929,0.0,0.0,0.776462,0.433276,-0.236548,0.0,0.0,0.820078,0.489017,-0.25458,0.0,0.0
v1.mp4,1219610e4175dfcfd945e2d4a5016440b91148cdbcc5449d7badf3789d2f4a86,1920,1080,12.02,596,49.583,421,35083,Left,0.881983,0.572433,0.094268,1e-06,0.0,0.0,0.490078,0.161861,-0.054339,0.0,0.0,0.412239,0.25535,-0.099868,0.0,0.0,0.348311,0.327615,-0.136115,0.0,0.0,0.28593,0.367667,-0.176039,0.0,0.0,0.49069,0.272602,-0.165187,0.0,0.0,0.467596,0.477486,-0.224731,0.0,0.0,0.455978,0.61416,-0.256675,0.0,0.0,0.447624,0.739718,-0.278984,0.0,0.0,0.56436,0.264478,-0.16147,0.0,0.0,0.574417,0.419977,-0.223127,0.0,0.0,0.589826,0.533597,-0.250873,0.0,0.0,0.613375,0.633803,-0.274493,0.0,0.0,0.624925,0.25131,-0.154545,0.0,0.0,0.66371,0.366176,-0.208656,0.0,0.0,0.698269,0.452571,-0.231477,0.0,0.0,0.738258,0.528058,-0.248244,0.0,0.0,0.673308,0.240216,-0.149587,0.0,0.0,0.733507,0.325053,-0.193016,0.0,0.0,0.782431,0.365053,-0.211605,0.0,0.0,0.830229,0.403387,-0.225481,0.0,0.0
v1.mp4,1219610e4175dfcfd945e2d4a5016440b91148cdbcc5449d7badf3789d2f4a86,1920,1080,12.02,596,49.583,422,35166,Left,0.928356,0.56892,0.102969,1e-06,0.0,0.0,0.486044,0.175094,-0.062423,0.0,0.0,0.411237,0.276511,-0.114907,0.0,0.0,0.35602,0.375581,-0.155007,0.0,0.0,0.307795,0.463402,-0.199103,0.0,0.0,0.495016,0.268555,-0.192382,0.0,0.0,0.471979,0.475853,-0.259437,0.0,0.0,0.458954,0.614475,-0.296003,0.0,0.0,0.450089,0.741153,-0.321391,0.0,0.0,0.568879,0.258163,-0.184533,0.0,0.0,0.584126,0.414658,-0.26403,0.0,0.0,0.600037,0.518532,-0.303076,0.0,0.0,0.626826,0.604627,-0.332782,0.0,0.0,0.626365,0.250741,-0.171353,0.0,0.0,0.678759,0.356066,-0.238673,0.0,0.0,0.717754,0.418544,-0.268032,0.0,0.0,0.761319,0.467512,-0.287827,0.0,0.0,0.669941,0.249582,-0.159486,0.0,0.0,0.734146,0.318625,-0.209606,0.0,0.0,0.782493,0.340981,-0.232665,0.0,0.0,0.831031,0.362816,-0.250139,0.0,0.0
v1.mp4,1219610e4175dfcfd945e2d4a5016440b91148cdbcc5449d7badf3789d2f4a86,1920,1080,12.02,596,49.583,423,35250,Left,0.850688,0.569389,0.101787,1e-06,0.0,0.0,0.488409,0.179253,-0.059823,0.0,0.0,0.413393,0.279967,-0.108856,0.0,0.0,0.355329,0.377333,-0.14728,0.0,0.0,0.303113,0.465486,-0.189487,0.0,0.0,0.493856,0.278068,-0.17324,0.0,0.0,0.472708,0.479853,-0.236154,0.0,0.0,0.461257,0.615292,-0.272234,0.0,0.0,0.45467,0.739532,-0.297473,0.0,0.0,0.565405,0.259972,-0.167313,0.0,0.0,0.583272,0.410979,-0.236623,0.0,0.0,0.602425,0.517588,-0.270723,0.0,0.0,0.632332,0.604441,-0.297891,0.0,0.0,0.622949,0.24101,-0.157872,0.0,0.0,0.673112,0.349166,-0.21823,0.0,0.0,0.713318,0.418819,-0.243801,0.0,0.0,0.75939,0.473392,-0.261813,0.0,0.0,0.667582,0.228928,-0.150211,0.0,0.0,0.733921,0.297594,-0.196674,0.0,0.0,0.781906,0.321164,-0.215773,0.0,0.0,0.830129,0.338793,-0.23003,0.0,0.0
v1.mp4,1219610e4175dfcfd945e2d4a5016440b91148cdbcc5449d7badf3789d2f4a86,1920,1080,12.02,596,49.583,424,35333,Left,0.928517,0.57302,0.101207,1e-06,0.0,0.0,0.4881,0.171358,-0.061817,0.0,0.0,0.413363,0.271784,-0.116114,0.0,0.0,0.356566,0.372416,-0.156889,0.0,0.0,0.305612,0.464751,-0.201249,0.0,0.0,0.493237,0.267586,-0.197931,0.0,0.0,0.470462,0.46901,-0.268576,0.0,0.0,0.460738,0.606991,-0.306032,0.0,0.0,0.451373,0.734057,-0.331955,0.0,0.0,0.568937,0.261888,-0.191396,0.0,0.0,0.5752,0.425857,-0.266076,0.0,0.0,0.579288,0.538389,-0.299895,0.0,0.0,0.5893,0.641463,-0.326784,0.0,0.0,0.626374,0.248916,-0.179607,0.0,0.0,0.670159,0.356627,-0.243103,0.0,0.0,0.69975,0.434475,-0.267914,0.0,0.0,0.729754,0.511267,-0.286012,0.0,0.0,0.666094,0.236452,-0.169069,0.0,0.0,0.732623,0.293403,-0.220973,0.0,0.0,0.777343,0.312256,-0.241852,0.0,0.0,0.819143,0.337308,-0.256765,0.0,0.0
v1.mp4,1219610e4175dfcfd945e2d4a5016440b91148cdbcc5449d7badf3789d2f4a86,1920,1080,12.02,596,49.583,425,35416,Left,0.978612,0.580398,0.109009,1e-06,0.0,0.0,0.493117,0.179822,-0.054103,0.0,0.0,0.413961,0.277369,-0.105643,0.0,0.0,0.352468,0.377999,-0.142788,0.0,0.0,0.304174,0.473236,-0.183539,0.0,0.0,0.492326,0.253784,-0.199439,0.0,0.0,0.471239,0.464665,-0.270128,0.0,0.0,0.460058,0.615054,-0.305919,0.0,0.0,0.451107,0.74449,-0.328196,0.0,0.0,0.567956,0.254528,-0.195455,0.0,0.0,0.570375,0.510477,-0.264567,0.0,0.0,0.573615,0.682491,-0.298419,0.0,0.0,0.583297,0.824874,-0.324642,0.0,0.0,0.62802,0.253048,-0.184526,0.0,0.0,0.657378,0.454527,-0.244582,0.0,0.0,0.683109,0.596485,-0.278382,0.0,0.0,0.707816,0.718146,-0.302552,0.0,0.0,0.668068,0.253526,-0.172766,0.0,0.0,0.727342,0.352163,-0.224547,0.0,0.0,0.772378,0.402595,-0.249874,0.0,0.0,0.813922,0.446776,-0.267136,0.0,0.0
v1.mp4,1219610e4175dfcfd945e2d4a5016440b91148cdbcc5449d7badf3789d2f4a86,1920,1080,12.02,596,49.583,426,35500,Left,0.978078,0.579581,0.107783,1e-06,0.0,0.0,0.491038,0.173842,-0.054601,0.0,0.0,0.41388,0.266138,-0.105911,0.0,0.0,0.351961,0.367963,-0.142881,0.0,0.0,0.305924,0.473036,-0.183956,0.0,0.0,0.495004,0.249548,-0.198106,0.0,0.0,0.473336,0.46399,-0.269464,0.0,0.0,0.459936,0.619543,-0.30718,0.0,0.0,0.449822,0.748251,-0.330952,0.0,0.0,0.572149,0.247781,-0.195229,0.0,0.0,0.571606,0.50907,-0.263961,0.0,0.0,0.570595,0.688188,-0.299912,0.0,0.0,0.577565,0.833323,-0.327928,0.0,0.0,0.63249,0.244881,-0.185664,0.0,0.0,0.660051,0.455038,-0.247776,0.0,0.0,0.678324,0.601337,-0.284618,0.0,0.0,0.697871,0.724728,-0.311246,0.0,0.0,0.67071,0.242519,-0.174995,0.0,0.0,0.729571,0.319241,-0.230173,0.0,0.0,0.770889,0.354911,-0.256527,0.0,0.0,0.810284,0.3876,-0.274368,0.0,0.0
v1.mp4,1219610e4175dfcfd945e2d4a5016440b91148cdbcc5449d7badf3789d2f4a86,1920,1080,12.02,596,49.583,427,35583,Left,0.954548,0.582076,0.11999,1e-06,0.0,0.0,0.495767,0.179484,-0.055182,0.0,0.0,0.414275,0.27353,-0.10599,0.0,0.0,0.351688,0.376049,-0.142589,0.0,0.0,0.303943,0.470189,-0.180962,0.0,0.0,0.491886,0.246642,-0.196318,0.0,0.0,0.471525,0.457072,-0.268539,0.0,0.0,0.45687,0.609918,-0.306033,0.0,0.0,0.446147,0.746568,-0.32773,0.0,0.0,0.567703,0.254991,-0.188492,0.0,0.0,0.567848,0.507174,-0.257928,0.0,0.0,0.566613,0.68022,-0.290198,0.0,0.0,0.572971,0.827275,-0.315524,0.0,0.0,0.625573,0.272416,-0.174408,0.0,0.0,0.648088,0.485145,-0.233667,0.0,0.0,0.671065,0.632608,-0.26078,0.0,0.0,0.693576,0.754963,-0.278475,0.0,0.0,0.662654,0.29745,-0.160163,0.0,0.0,0.687966,0.463832,-0.201406,0.0,0.0,0.704243,0.560564,-0.218403,0.0,0.0,0.721956,0.642089,-0.231106,0.0,0.0
v1.mp4,1219610e4175dfcfd945e2d4a5016440b91148cdbcc5449d7badf3789d2f4a86,1920,1080,12.02,596,49.583,428,35666,Left,0.976397,0.576203,0.129492,1e-06,0.0,0.0,0.486488,0.185048,-0.066379,0.0,0.0,0.416644,0.269346,-0.131554,0.0,0.0,0.354956,0.357915,-0.179134,0.0,0.0,0.29824,0.450816,-0.229358,0.0,0.0,0.486153,0.264778,-0.232873,0.0,0.0,0.465569,0.472851,-0.313416,0.0,0.0,0.455178,0.625316,-0.353184,0.0,0.0,0.446642,0.75086,-0.378857,0.0,0.0,0.565063,0.268681,-0.226943,0.0,0.0,0.565589,0.507937,-0.317414,0.0,0.0,0.57329,0.679874,-0.36083,0.0,0.0,0.58242,0.819746,-0.393686,0.0,0.0,0.628352,0.277177,-0.213457,0.0,0.0,0.651209,0.471168,-0.287678,0.0,0.0,0.668172,0.622178,-0.32183,0.0,0.0,0.682502,0.742106,-0.34545,0.0,0.0,0.672327,0.289354,-0.199978,0.0,0.0,0.726401,0.428046,-0.260594,0.0,0.0,0.764506,0.515242,-0.290282,0.0,0.0,0.798753,0.594316,-0.31121,0.0,0.0
v1.mp4,1219610e4175dfcfd945e2d4a5016440b91148cdbcc5449d7badf3789d2f4a86,1920,1080,12.02,596,49.583,429,35750,Left,0.950252,0.577839,0.132656,1e-06,0.0,0.0,0.488467,0.188262,-0.053107,0.0,0.0,0.412423,0.263586,-0.108866,0.0,0.0,0.347608,0.339249,-0.151064,0.0,0.0,0.288342,0.412926,-0.196198,0.0,0.0,0.484589,0.26215,-0.206382,0.0,0.0,0.46521,0.467814,-0.280104,0.0,0.0,0.452414,0.620729,-0.317288,0.0,0.0,0.441759,0.752009,-0.341407,0.0,0.0,0.561312,0.271034,-0.204354,0.0,0.0,0.561248,0.503407,-0.283475,0.0,0.0,0.563262,0.676644,-0.320568,0.0,0.0,0.571943,0.823807,-0.350518,0.0,0.0,0.624996,0.280321,-0.194968,0.0,0.0,0.648472,0.483011,-0.260102,0.0,0.0,0.665973,0.631865,-0.287487,0.0,0.0,0.682868,0.754624,-0.307473,0.0,0.0,0.670023,0.29023,-0.185376,0.0,0.0,0.727166,0.439901,-0.239714,0.0,0.0,0.765287,0.525829,-0.263479,0.0,0.0,0.800017,0.605763,-0.280543,0.0,0.0
v1.mp4,1219610e4175dfcfd945e2d4a5016440b91148cdbcc5449d7badf3789d2f4a86,1920,1080,12.02,596,49.583,430,35833,Left,0.895228,0.588413,0.111984,1e-06,0.0,0.0,0.498312,0.161316,-0.048995,0.0,0.0,0.416167,0.236134,-0.098441,0.0,0.0,0.345921,0.296026,-0.137015,0.0,0.0,0.28185,0.335499,-0.179689,0.0,0.0,0.493967,0.257915,-0.182025,0.0,0.0,0.456198,0.426287,-0.24673,0.0,0.0,0.432701,0.549441,-0.279343,0.0,0.0,0.411059,0.66165,-0.301639,0.0,0.0,0.568222,0.277159,-0.183087,0.0,0.0,0.562734,0.50222,-0.259326,0.0,0.0,0.561626,0.668128,-0.298964,0.0,0.0,0.566587,0.811849,-0.329833,0.0,0.0,0.628551,0.287806,-0.177098,0.0,0.0,0.650949,0.486499,-0.241345,0.0,0.0,0.668302,0.632769,-0.272082,0.0,0.0,0.685372,0.757957,-0.293685,0.0,0.0,0.673042,0.29132,-0.170832,0.0,0.0,0.723384,0.442826,-0.224291,0.0,0.0,0.761289,0.523409,-0.248774,0.0,0.0,0.796992,0.602037,-0.266544,0.0,0.0
v1.mp4,1219610e4175dfcfd945e2d4a5016440b91148cdbcc5449d7badf3789d2f4a86,1920,1080,12.02,596,49.583,431,35916,Left,0.884681,0.588459,0.108038,1e-06,0.0,0.0,0.495546,0.149427,-0.049972,0.0,0.0,0.411068,0.229308,-0.096199,0.0,0.0,0.338406,0.290129,-0.131393,0.0,0.0,0.271924,0.319949,-0.170358,0.0,0.0,0.495067,0.259385,-0.173101,0.0,0.0,0.456112,0.383536,-0.239632,0.0,0.0,0.425085,0.481604,-0.277288,0.0,0.0,0.39488,0.576443,-0.302929,0.0,0.0,0.571196,0.288458,-0.173448,0.0,0.0,0.564016,0.493853,-0.244489,0.0,0.0,0.560312,0.65238,-0.283098,0.0,0.0,0.561784,0.796108,-0.314346,0.0,0.0,0.632194,0.304304,-0.16805,0.0,0.0,0.649554,0.497115,-0.229481,0.0,0.0,0.668917,0.637899,-0.26047,0.0,0.0,0.686823,0.76258,-0.282539,0.0,0.0,0.675861,0.305552,-0.162888,0.0,0.0,0.725217,0.452554,-0.213314,0.0,0.0,0.766309,0.528925,-0.236259,0.0,0.0,0.803441,0.600948,-0.253217,0.0,0.0
v1.mp4,1219610e4175dfcfd945e2d4a5016440b91148cdbcc5449d7badf3789d2f4a86,1920,1080,12.02,596,49.583,432,36000,Left,0.896237,0.583421,0.105369,1e-06,0.0,0.0,0.488471,0.16578,-0.049797,0.0,0.0,0.408364,0.265478,-0.094882,0.0,0.0,0.347649,0.36218,-0.128569,0.0,0.0,0.298547,0.449431,-0.16469,0.0,0.0,0.49463,0.275364,-0.166801,0.0,0.0,0.459376,0.386989,-0.230152,0.0,0.0,0.436749,0.47226,-0.264798,0.0,0.0,0.415184,0.562618,-0.288448,0.0,0.0,0.569177,0.300301,-0.166465,0.0,0.0,0.558891,0.492462,-0.238035,0.0,0.0,0.558792,0.650009,-0.276489,0.0,0.0,0.562687,0.793851,-0.307412,0.0,0.0,0.629322,0.311954,-0.160737,0.0,0.0,0.648132,0.486898,-0.223547,0.0,0.0,0.666501,0.627371,-0.253121,0.0,0.0,0.682838,0.752038,-0.273856,0.0,0.0,0.673695,0.310926,-0.155122,0.0,0.0,0.729672,0.441813,-0.207742,0.0,0.0,0.769539,0.518664,-0.231303,0.0,0.0,0.806136,0.593522,-0.248131,0.0,0.0
v1.mp4,1219610e4175dfcfd945e2d4a5016440b91148cdbcc5449d7badf3789d2f4a86,1920,1080,12.02,596,49.583,433,36083,Left,0.87737,0.576976,0.108557,1e-06,0.0,0.0,0.487547,0.168038,-0.07263,0.0,0.0,0.410466,0.276008,-0.137163,0.0,0.0,0.347726,0.369093,-0.186386,0.0,0.0,0.292443,0.454085,-0.239412,0.0,0.0,0.492269,0.272222,-0.221565,0.0,0.0,0.461091,0.378068,-0.30454,0.0,0.0,0.436717,0.452402,-0.352631,0.0,0.0,0.409731,0.537364,-0.386886,0.0,0.0,0.564783,0.293431,-0.217069,0.0,0.0,0.558846,0.460862,-0.313128,0.0,0.0,0.56452,0.591926,-0.371175,0.0,0.0,0.572789,0.723469,-0.417775,0.0,0.0,0.624148,0.308904,-0.206247,0.0,0.0,0.65982,0.473266,-0.290397,0.0,0.0,0.69568,0.616444,-0.339983,0.0,0.0,0.727189,0.745747,-0.376473,0.0,0.0,0.670634,0.310517,-0.19543,0.0,0.0,0.726577,0.439836,-0.260072,0.0,0.0,0.770161,0.507338,-0.295288,0.0,0.0,0.813704,0.574639,-0.324355,0.0,0.0
v1.mp4,1219610e4175dfcfd945e2d4a5016440b91148cdbcc5449d7badf3789d2f4a86,1920,1080,12.02,596,49.583,434,36166,Left,0.881022,0.576757,0.089108,0.0,0.0,0.0,0.489297,0.149402,-0.049473,0.0,0.0,0.410883,0.267208,-0.08825,0.0,0.0,0.350972,0.372447,-0.119033,0.0,0.0,0.297925,0.452959,-0.153119,0.0,0.0,0.489854,0.260158,-0.141538,0.0,0.0,0.459659,0.389318,-0.194352,0.0,0.0,0.439925,0.481403,-0.223425,0.0,0.0,0.420725,0.578511,-0.2447,0.0,0.0,0.561709,0.267662,-0.141046,0.0,0.0,0.559583,0.406233,-0.199453,0.0,0.0,0.565191,0.522704,-0.228141,0.0,0.0,0.576395,0.633632,-0.253171,0.0,0.0,0.62361,0.26635,-0.138361,0.0,0.0,0.65128,0.378372,-0.194675,0.0,0.0,0.674303,0.464595,-0.217906,0.0,0.0,0.698153,0.550298,-0.234657,0.0,0.0,0.674092,0.262893,-0.137062,0.0,0.0,0.720282,0.360225,-0.183151,0.0,0.0,0.760231,0.413463,-0.203188,0.0,0.0,0.799616,0.467216,-0.218977,0.0,0.0
v1.mp4,1219610e4175dfcfd945e2d4a5016440b91148cdbcc5449d7badf3789d2f4a86,1920,1080,12.02,596,49.583,435,36250,Left,0.823974,0.56607,0.097796,1e-06,0.0,0.0,0.48336,0.173551,-0.055262,0.0,0.0,0.411072,0.278191,-0.107787,0.0,0.0,0.348061,0.372084,-0.150893,0.0,0.0,0.289642,0.448436,-0.19768,0.0,0.0,0.481206,0.255913,-0.185363,0.0,0.0,0.461843,0.468414,-0.252076,0.0,0.0,0.447547,0.604781,-0.287036,0.0,0.0,0.438032,0.727329,-0.311847,0.0,0.0,0.548491,0.247175,-0.185723,0.0,0.0,0.556826,0.383642,-0.267494,0.0,0.0,0.558893,0.459865,-0.303299,0.0,0.0,0.570344,0.525067,-0.330109,0.0,0.0,0.608787,0.241126,-0.181996,0.0,0.0,0.651415,0.325647,-0.254448,0.0,0.0,0.686338,0.378683,-0.282403,0.0,0.0,0.725241,0.418592,-0.300611,0.0,0.0,0.660594,0.239099,-0.179355,0.0,0.0,0.713156,0.324916,-0.234705,0.0,0.0,0.756881,0.362485,-0.259854,0.0,0.0,0.802007,0.391806,-0.27932,0.0,0.0
v1.mp4,1219610e4175dfcfd945e2d4a5016440b91148cdbcc5449d7badf3789d2f4a86,1920,1080,12.02,596,49.583,436,36333,Left,0.925936,0.574007,0.095176,1e-06,0.0,0.0,0.485178,0.162765,-0.05697,0.0,0.0,0.41254,0.260658,-0.109345,0.0,0.0,0.35335,0.363091,-0.149752,0.0,0.0,0.296477,0.451984,-0.192751,0.0,0.0,0.484669,0.252106,-0.187295,0.0,0.0,0.459806,0.456662,-0.254475,0.0,0.0,0.448154,0.597484,-0.287798,0.0,0.0,0.439576,0.72108,-0.310966,0.0,0.0,0.559291,0.247206,-0.186327,0.0,0.0,0.556548,0.406518,-0.260487,0.0,0.0,0.550375,0.517553,-0.290421,0.0,0.0,0.551511,0.612375,-0.313971,0.0,0.0,0.622651,0.236697,-0.181651,0.0,0.0,0.655893,0.342202,-0.24807,0.0,0.0,0.669036,0.425755,-0.271251,0.0,0.0,0.684483,0.50263,-0.287487,0.0,0.0,0.670479,0.228243,-0.17814,0.0,0.0,0.72893,0.299428,-0.230818,0.0,0.0,0.767471,0.337215,-0.25154,0.0,0.0,0.803326,0.374727,-0.266791,0.0,0.0
v1.mp4,1219610e4175dfcfd945e2d4a5016440b91148cdbcc5449d7badf3789d2f4a86,1920,1080,12.02,596,49.583,437,36416,Left,0.986748,0.576693,0.1226,1e-06,0.0,0.0,0.48754,0.181164,-0.052374,0.0,0.0,0.410719,0.266875,-0.104239,0.0,0.0,0.351381,0.362198,-0.141268,0.0,0.0,0.297581,0.453957,-0.181627,0.0,0.0,0.48178,0.239198,-0.199496,0.0,0.0,0.461499,0.451516,-0.270315,0.0,0.0,0.448213,0.603257,-0.305831,0.0,0.0,0.437228,0.730475,-0.328329,0.0,0.0,0.557701,0.245006,-0.196827,0.0,0.0,0.556535,0.490562,-0.265826,0.0,0.0,0.555871,0.662178,-0.297339,0.0,0.0,0.56299,0.804604,-0.322032,0.0,0.0,0.619519,0.249849,-0.187458,0.0,0.0,0.643902,0.444858,-0.247246,0.0,0.0,0.652317,0.587618,-0.278256,0.0,0.0,0.663223,0.71561,-0.301546,0.0,0.0,0.662044,0.258781,-0.177286,0.0,0.0,0.724023,0.335651,-0.231768,0.0,0.0,0.767512,0.377324,-0.256797,0.0,0.0,0.806643,0.424638,-0.273765,0.0,0.0
v1.mp4,1219610e4175dfcfd945e2d4a5016440b91148cdbcc5449d7badf3789d2f4a86,1920,1080,12.02,596,49.583,438,36500,Left,0.978305,0.579814,0.104876,1e-06,0.0,0.0,0.487161,0.172272,-0.047253,0.0,0.0,0.409441,0.269043,-0.099229,0.0,0.0,0.347583,0.36878,-0.137834,0.0,0.0,0.289738,0.460047,-0.181462,0.0,0.0,0.485586,0.233523,-0.196654,0.0,0.0,0.462542,0.455373,-0.265853,0.0,0.0,0.447401,0.605947,-0.300518,0.0,0.0,0.435845,0.727307,-0.323403,0.0,0.0,0.560792,0.231036,-0.200374,0.0,0.0,0.557394,0.507907,-0.267382,0.0,0.0,0.558887,0.681544,-0.300283,0.0,0.0,0.567989,0.817873,-0.32709,0.0,0.0,0.623408,0.22933,-0.196844,0.0,0.0,0.643942,0.463722,-0.258541,0.0,0.0,0.655738,0.612189,-0.293077,0.0,0.0,0.673521,0.736386,-0.320461,0.0,0.0,0.667227,0.228935,-0.191443,0.0,0.0,0.724492,0.304782,-0.248698,0.0,0.0,0.764507,0.340684,-0.274675,0.0,0.0,0.805388,0.380833,-0.293864,0.0,0.0
v1.mp4,1219610e4175dfcfd945e2d4a5016440b91148cdbcc5449d7badf3789d2f4a86,1920,1080,12.02,596,49.583,439,36583,Left,0.984272,0.576927,0.11272,1e-06,0.0,0.0,0.484927,0.174479,-0.047503,0.0,0.0,0.406671,0.266763,-0.097955,0.0,0.0,0.346828,0.369596,-0.134326,0.0,0.0,0.29189,0.459731,-0.174738,0.0,0.0,0.4853,0.233549,-0.194327,0.0,0.0,0.460181,0.454971,-0.262767,0.0,0.0,0.445129,0.607917,-0.297416,0.0,0.0,0.433881,0.729498,-0.319774,0.0,0.0,0.561834,0.235464,-0.195264,0.0,0.0,0.55584,0.508783,-0.260001,0.0,0.0,0.559074,0.683877,-0.290711,0.0,0.0,0.568997,0.819738,-0.315619,0.0,0.0,0.624018,0.243039,-0.189112,0.0,0.0,0.641107,0.480787,-0.246809,0.0,0.0,0.656221,0.628633,-0.277836,0.0,0.0,0.6745,0.750451,-0.302501,0.0,0.0,0.667736,0.25379,-0.181508,0.0,0.0,0.724713,0.340013,-0.234464,0.0,0.0,0.766203,0.381463,-0.258542,0.0,0.0,0.804039,0.424835,-0.275863,0.0,0.0
v1.mp4,1219610e4175dfcfd945e2d4a5016440b91148cdbcc5449d7badf3789d2f4a86,1920,1080,12.02,596,49.583,440,36666,Left,0.977147,0.579108,0.117109,1e-06,0.0,0.0,0.487809,0.177105,-0.050435,0.0,0.0,0.408846,0.263616,-0.103433,0.0,0.0,0.349392,0.360023,-0.141646,0.0,0.0,0.297501,0.454443,-0.184273,0.0,0.0,0.483012,0.236633,-0.205919,0.0,0.0,0.459465,0.456178,-0.276822,0.0,0.0,0.446092,0.610778,-0.312628,0.0,0.0,0.435836,0.737388,-0.335373,0.0,0.0,0.558834,0.239071,-0.204801,0.0,0.0,0.554876,0.503227,-0.274734,0.0,0.0,0.558181,0.681452,-0.307923,0.0,0.0,0.56862,0.824222,-0.334802,0.0,0.0,0.621886,0.245582,-0.195788,0.0,0.0,0.641574,0.477616,-0.255794,0.0,0.0,0.658686,0.630109,-0.28692,0.0,0.0,0.6778,0.754132,-0.310903,0.0,0.0,0.66585,0.255082,-0.185208,0.0,0.0,0.730379,0.366221,-0.23622,0.0,0.0,0.774685,0.425895,-0.25907,0.0,0.0,0.814675,0.480511,-0.27579,0.0,0.0
v1.mp4,1219610e4175dfcfd945e2d4a5016440b91148cdbcc5449d7badf3789d2f4a86,1920,1080,12.02,596,49.583,441,36750,Left,0.978329,0.578443,0.119828,1e-06,0.0,0.0,0.485602,0.177643,-0.050511,0.0,0.0,0.406207,0.263552,-0.1033,0.0,0.0,0.346077,0.361638,-0.141965,0.0,0.0,0.293935,0.453891,-0.184565,0.0,0.0,0.481928,0.243827,-0.202288,0.0,0.0,0.453472,0.45718,-0.271411,0.0,0.0,0.435335,0.607706,-0.305204,0.0,0.0,0.421186,0.730652,-0.327077,0.0,0.0,0.557716,0.2481,-0.202088,0.0,0.0,0.552868,0.504437,-0.276091,0.0,0.0,0.557459,0.681887,-0.309755,0.0,0.0,0.569186,0.820882,-0.336651,0.0,0.0,0.621065,0.257729,-0.194327,0.0,0.0,0.641565,0.486123,-0.256305,0.0,0.0,0.659275,0.637474,-0.282878,0.0,0.0,0.679243,0.758189,-0.303042,0.0,0.0,0.667704,0.271708,-0.18559,0.0,0.0,0.731646,0.413679,-0.237623,0.0,0.0,0.774899,0.49499,-0.259433,0.0,0.0,0.813608,0.568782,-0.275189,0.0,0.0
v1.mp4,1219610e4175dfcfd945e2d4a5016440b91148cdbcc5449d7badf3789d2f4a86,1920,1080,12.02,596,49.583,442,36833,Left,0.96377,0.581597,0.118176,1e-06,0.0,0.0,0.489573,0.175732,-0.045925,0.0,0.0,0.409269,0.257755,-0.095194,0.0,0.0,0.348227,0.351982,-0.131748,0.0,0.0,0.297453,0.446288,-0.172573,0.0,0.0,0.484298,0.241543,-0.191689,0.0,0.0,0.454134,0.452623,-0.259551,0.0,0.0,0.433911,0.601018,-0.295467,0.0,0.0,0.418322,0.72667,-0.319725,0.0,0.0,0.55883,0.249865,-0.19337,0.0,0.0,0.552704,0.503542,-0.264079,0.0,0.0,0.552594,0.678301,-0.301986,0.0,0.0,0.561772,0.823116,-0.333381,0.0,0.0,0.620975,0.258985,-0.186977,0.0,0.0,0.642078,0.485734,-0.246874,0.0,0.0,0.660704,0.635567,-0.278397,0.0,0.0,0.681977,0.75923,-0.303578,0.0,0.0,0.665193,0.269441,-0.179192,0.0,0.0,0.728357,0.387602,-0.231034,0.0,0.0,0.772181,0.451139,-0.254463,0.0,0.0,0.812965,0.512067,-0.272088,0.0,0.0
v1.mp4,1219610e4175dfcfd945e2d4a5016440b91148cdbcc5449d7badf3789d2f4a86,1920,1080,12.02,596,49.583,443,36916,Left,0.958665,0.5854,0.106758,1e-06,0.0,0.0,0.492681,0.168094,-0.048857,0.0,0.0,0.411639,0.254937,-0.096537,0.0,0.0,0.344284,0.347325,-0.131469,0.0,0.0,0.291091,0.434337,-0.169902,0.0,0.0,0.489361,0.256975,-0.182045,0.0,0.0,0.4545,0.436178,-0.24712,0.0,0.0,0.432177,0.568258,-0.281529,0.0,0.0,0.414761,0.682155,-0.305251,0.0,0.0,0.565133,0.271665,-0.182652,0.0,0.0,0.556161,0.508419,-0.255835,0.0,0.0,0.552212,0.676178,-0.296228,0.0,0.0,0.556897,0.81678,-0.32812,0.0,0.0,0.625081,0.279266,-0.175953,0.0,0.0,0.644926,0.488917,-0.238544,0.0,0.0,0.663285,0.63715,-0.270918,0.0,0.0,0.682802,0.762513,-0.29515,0.0,0.0,0.667522,0.282737,-0.168329,0.0,0.0,0.728548,0.400646,-0.220866,0.0,0.0,0.77125,0.46928,-0.245107,0.0,0.0,0.809855,0.536643,-0.262824,0.0,0.0
v1.mp4,1219610e4175dfcfd945e2d4a5016440b91148cdbcc5449d7badf3789d2f4a86,1920,1080,12.02,596,49.583,444,37000,Left,0.933411,0.591872,0.077494,1e-06,0.0,0.0,0.502888,0.133808,-0.043066,0.0,0.0,0.419508,0.22528,-0.084496,0.0,0.0,0.348308,0.306604,-0.116947,0.0,0.0,0.292211,0.376003,-0.15351,0.0,0.0,0.495892,0.248292,-0.153855,0.0,0.0,0.455246,0.389303,-0.212243,0.0,0.0,0.427056,0.488217,-0.244724,0.0,0.0,0.402441,0.588753,-0.268061,0.0,0.0,0.562608,0.269395,-0.158291,0.0,0.0,0.557177,0.475174,-0.220583,0.0,0.0,0.5541,0.622463,-0.256671,0.0,0.0,0.557695,0.758678,-0.286348,0.0,0.0,0.618276,0.275018,-0.157658,0.0,0.0,0.645083,0.46575,-0.216366,0.0,0.0,0.668519,0.606985,-0.250679,0.0,0.0,0.691201,0.739404,-0.276051,0.0,0.0,0.659441,0.268504,-0.156189,0.0,0.0,0.719054,0.389804,-0.206914,0.0,0.0,0.763473,0.447014,-0.230961,0.0,0.0,0.802059,0.504264,-0.248999,0.0,0.0
v1.mp4,1219610e4175dfcfd945e2d4a5016440b91148cdbcc5449d7badf3789d2f4a86,1920,1080,12.02,596,49.583,445,37083,Left,0.891674,0.5866,0.079535,1e-06,0.0,0.0,0.496754,0.128016,-0.046644,0.0,0.0,0.408406,0.215555,-0.086937,0.0,0.0,0.335033,0.281364,-0.119538,0.0,0.0,0.270015,0.310205,-0.155916,0.0,0.0,0.493092,0.244428,-0.145695,0.0,0.0,0.456304,0.355992,-0.206714,0.0,0.0,0.42175,0.433414,-0.244794,0.0,0.0,0.387363,0.511258,-0.271189,0.0,0.0,0.563869,0.262528,-0.14761,0.0,0.0,0.563183,0.422512,-0.209513,0.0,0.0,0.562009,0.543395,-0.245078,0.0,0.0,0.566327,0.659599,-0.273927,0.0,0.0,0.620568,0.266806,-0.146227,0.0,0.0,0.644096,0.397728,-0.203422,0.0,0.0,0.664133,0.493665,-0.231538,0.0,0.0,0.685386,0.588809,-0.250627,0.0,0.0,0.66447,0.263894,-0.145658,0.0,0.0,0.716141,0.365415,-0.189066,0.0,0.0,0.759565,0.419344,-0.207473,0.0,0.0,0.797746,0.472316,-0.221273,0.0,0.0
v1.mp4,1219610e4175dfcfd945e2d4a5016440b91148cdbcc5449d7badf3789d2f4a86,1920,1080,12.02,596,49.583,446,37166,Left,0.807494,0.57735,0.086038,1e-06,0.0,0.0,0.48139,0.152654,-0.048667,0.0,0.0,0.402938,0.252055,-0.086711,0.0,0.0,0.344554,0.350932,-0.117693,0.0,0.0,0.295439,0.435405,-0.151829,0.0,0.0,0.493141,0.244237,-0.133584,0.0,0.0,0.458869,0.345614,-0.190199,0.0,0.0,0.429518,0.418326,-0.225187,0.0,0.0,0.399293,0.495626,-0.249825,0.0,0.0,0.565458,0.255291,-0.13511,0.0,0.0,0.563601,0.395462,-0.195912,0.0,0.0,0.563346,0.516218,-0.231246,0.0,0.0,0.56827,0.626574,-0.260947,0.0,0.0,0.625279,0.257087,-0.134671,0.0,0.0,0.646744,0.375798,-0.194451,0.0,0.0,0.66889,0.465349,-0.221462,0.0,0.0,0.692372,0.548095,-0.240171,0.0,0.0,0.671899,0.253231,-0.135299,0.0,0.0,0.724945,0.337904,-0.182958,0.0,0.0,0.768371,0.386404,-0.202787,0.0,0.0,0.809074,0.430158,-0.217768,0.0,0.0
v1.mp4,1219610e4175dfcfd945e2d4a5016440b91148cdbcc5449d7badf3789d2f4a86,1920,1080,12.02,596,49.583,447,37250,Left,0.819408,0.57741,0.094094,1e-06,0.0,0.0,0.489679,0.15659,-0.054096,0.0,0.0,0.409762,0.254707,-0.099575,0.0,0.0,0.346932,0.351132,-0.135714,0.0,0.0,0.295576,0.431533,-0.175243,0.0,0.0,0.485059,0.246232,-0.163553,0.0,0.0,0.448955,0.386964,-0.224645,0.0,0.0,0.42924,0.488859,-0.258773,0.0,0.0,0.410178,0.593658,-0.283382,0.0,0.0,0.557983,0.253809,-0.162426,0.0,0.0,0.557145,0.395842,-0.231624,0.0,0.0,0.563712,0.518061,-0.266612,0.0,0.0,0.572863,0.629211,-0.296246,0.0,0.0,0.621169,0.254871,-0.158084,0.0,0.0,0.642623,0.366939,-0.220071,0.0,0.0,0.660043,0.461664,-0.246886,0.0,0.0,0.679045,0.548748,-0.266997,0.0,0.0,0.671493,0.253202,-0.155212,0.0,0.0,0.722139,0.342666,-0.206474,0.0,0.0,0.762207,0.389279,-0.230504,0.0,0.0,0.801004,0.436313,-0.249325,0.0,0.0
v1.mp4,1219610e4175dfcfd945e2d4a5016440b91148cdbcc5449d7badf3789d2f4a86,1920,1080,12.02,596,49.583,448,37333,Left,0.852549,0.574006,0.096822,1e-06,0.0,0.0,0.484172,0.161123,-0.051078,0.0,0.0,0.406462,0.253904,-0.095974,0.0,0.0,0.347962,0.353832,-0.13116,0.0,0.0,0.296684,0.440576,-0.168979,0.0,0.0,0.481476,0.257783,-0.163171,0.0,0.0,0.447498,0.402939,-0.22795,0.0,0.0,0.427304,0.507917,-0.263627,0.0,0.0,0.40762,0.612896,-0.288367,0.0,0.0,0.555302,0.265867,-0.163354,0.0,0.0,0.550408,0.413442,-0.235724,0.0,0.0,0.552938,0.533945,-0.270442,0.0,0.0,0.560426,0.639191,-0.298249,0.0,0.0,0.61809,0.266791,-0.16031,0.0,0.0,0.639216,0.382559,-0.226061,0.0,0.0,0.653287,0.468182,-0.252079,0.0,0.0,0.668912,0.547824,-0.269835,0.0,0.0,0.66719,0.26612,-0.158135,0.0,0.0,0.719048,0.35554,-0.212075,0.0,0.0,0.758171,0.400282,-0.235925,0.0,0.0,0.794587,0.447137,-0.253195,0.0,0.0
v1.mp4,1219610e4175dfcfd945e2d4a5016440b91148cdbcc5449d7badf3789d2f4a86,1920,1080,12.02,596,49.583,449,37416,Left,0.906355,0.573704,0.094811,0.0,0.0,0.0,0.487361,0.149686,-0.05444,0.0,0.0,0.409671,0.249357,-0.099168,0.0,0.0,0.349598,0.353243,-0.133782,0.0,0.0,0.300055,0.442406,-0.170797,0.0,0.0,0.486029,0.258222,-0.161516,0.0,0.0,0.451714,0.403754,-0.223801,0.0,0.0,0.433405,0.509638,-0.257537,0.0,0.0,0.415987,0.619301,-0.281751,0.0,0.0,0.559606,0.275887,-0.157487,0.0,0.0,0.558008,0.413461,-0.224575,0.0,0.0,0.56313,0.531615,-0.254933,0.0,0.0,0.570744,0.6435,-0.281306,0.0,0.0,0.620683,0.287179,-0.151408,0.0,0.0,0.644026,0.414112,-0.211506,0.0,0.0,0.660568,0.510773,-0.234595,0.0,0.0,0.677552,0.60103,-0.251997,0.0,0.0,0.665829,0.292455,-0.147144,0.0,0.0,0.709524,0.411159,-0.199235,0.0,0.0,0.746252,0.477481,-0.224792,0.0,0.0,0.781706,0.541298,-0.243855,0.0,0.0
v1.mp4,1219610e4175dfcfd945e2d4a5016440b91148cdbcc5449d7badf3789d2f4a86,1920,1080,12.02,596,49.583,450,37500,Left,0.856014,0.581689,0.104779,1e-06,0.0,0.0,0.491006,0.154611,-0.071364,0.0,0.0,0.415744,0.25436,-0.131245,0.0,0.0,0.351201,0.353157,-0.176671,0.0,0.0,0.300532,0.447011,-0.225521,0.0,0.0,0.489251,0.265678,-0.206806,0.0,0.0,0.451894,0.412526,-0.285732,0.0,0.0,0.431406,0.518552,-0.33132,0.0,0.0,0.411423,0.630698,-0.363755,0.0,0.0,0.564383,0.296268,-0.198569,0.0,0.0,0.556537,0.444417,-0.288177,0.0,0.0,0.561977,0.565548,-0.338932,0.0,0.0,0.568712,0.688465,-0.380117,0.0,0.0,0.626698,0.32417,-0.185841,0.0,0.0,0.643218,0.481595,-0.263335,0.0,0.0,0.670845,0.617286,-0.304476,0.0,0.0,0.697724,0.741796,-0.335213,0.0,0.0,0.672946,0.340887,-0.174159,0.0,0.0,0.706356,0.47192,-0.236523,0.0,0.0,0.735528,0.545291,-0.270076,0.0,0.0,0.767756,0.617526,-0.296574,0.0,0.0
v1.mp4,1219610e4175dfcfd945e2d4a5016440b91148cdbcc5449d7badf3789d2f4a86,1920,1080,12.02,596,49.583,451,37583,Left,0.883386,0.584081,0.099408,1e-06,0.0,0.0,0.490914,0.150593,-0.061587,0.0,0.0,0.410767,0.250297,-0.115279,0.0,0.0,0.347084,0.350681,-0.15628,0.0,0.0,0.301857,0.448205,-0.201043,0.0,0.0,0.488586,0.273129,-0.186039,0.0,0.0,0.451278,0.423078,-0.258114,0.0,0.0,0.427854,0.529462,-0.299509,0.0,0.0,0.407188,0.637749,-0.327697,0.0,0.0,0.561713,0.302589,-0.180076,0.0,0.0,0.554749,0.476533,-0.258579,0.0,0.0,0.56055,0.608631,-0.301017,0.0,0.0,0.570965,0.730087,-0.334538,0.0,0.0,0.622761,0.324264,-0.169505,0.0,0.0,0.642257,0.506271,-0.23837,0.0,0.0,0.670862,0.647756,-0.271854,0.0,0.0,0.69985,0.774946,-0.295923,0.0,0.0,0.667637,0.334401,-0.159391,0.0,0.0,0.706901,0.472186,-0.214917,0.0,0.0,0.738642,0.549304,-0.240779,0.0,0.0,0.772726,0.621995,-0.259958,0.0,0.0
v1.mp4,1219610e4175dfcfd945e2d4a5016440b91148cdbcc5449d7badf3789d2f4a86,1920,1080,12.02,596,49.583,452,37666,Left,0.940338,0.582934,0.105099,1e-06,0.0,0.0,0.489494,0.154075,-0.057057,0.0,0.0,0.407055,0.248032,-0.107792,0.0,0.0,0.344032,0.351066,-0.145084,0.0,0.0,0.298682,0.450421,-0.185157,0.0,0.0,0.485317,0.259303,-0.185784,0.0,0.0,0.447706,0.4276,-0.253146,0.0,0.0,0.426501,0.549321,-0.287734,0.0,0.0,0.410743,0.661617,-0.31008,0.0,0.0,0.560212,0.280219,-0.180704,0.0,0.0,0.554436,0.50553,-0.254369,0.0,0.0,0.556739,0.667551,-0.289942,0.0,0.0,0.565999,0.804955,-0.317355,0.0,0.0,0.620794,0.297247,-0.170331,0.0,0.0,0.636549,0.499355,-0.233394,0.0,0.0,0.655069,0.644375,-0.260748,0.0,0.0,0.676338,0.763981,-0.279197,0.0,0.0,0.665258,0.308694,-0.160362,0.0,0.0,0.705806,0.463906,-0.213299,0.0,0.0,0.739105,0.549557,-0.236771,0.0,0.0,0.773001,0.62525,-0.25247,0.0,0.0
v1.mp4,1219610e4175dfcfd945e2d4a5016440b91148cdbcc5449d7badf3789d2f4a86,1920,1080,12.02,596,49.583,453,37750,Left,0.974368,0.579294,0.11761,1e-06,0.0,0.0,0.488639,0.164345,-0.054768,0.0,0.0,0.406511,0.255376,-0.105114,0.0,0.0,0.343311,0.35406,-0.142515,0.0,0.0,0.297191,0.452637,-0.183201,0.0,0.0,0.482843,0.259109,-0.186992,0.0,0.0,0.459202,0.469474,-0.252158,0.0,0.0,0.446051,0.615521,-0.284231,0.0,0.0,0.438605,0.740432,-0.304613,0.0,0.0,0.557264,0.269817,-0.183362,0.0,0.0,0.555546,0.514756,-0.250605,0.0,0.0,0.5612,0.686844,-0.280217,0.0,0.0,0.575136,0.827732,-0.304107,0.0,0.0,0.618837,0.283644,-0.174786,0.0,0.0,0.634819,0.495835,-0.231457,0.0,0.0,0.649464,0.643945,-0.254494,0.0,0.0,0.668168,0.765283,-0.271204,0.0,0.0,0.66357,0.29921,-0.167007,0.0,0.0,0.703901,0.46182,-0.215778,0.0,0.0,0.736871,0.552809,-0.236674,0.0,0.0,0.770499,0.628757,-0.251028,0.0,0.0
v1.mp4,1219610e4175dfcfd945e2d4a5016440b91148cdbcc5449d7badf3789d2f4a86,1920,1080,12.02,596,49.583,454,37833,Left,0.966998,0.578993,0.124645,1e-06,0.0,0.0,0.488267,0.168182,-0.056638,0.0,0.0,0.405018,0.256265,-0.108622,0.0,0.0,0.343506,0.352189,-0.14694,0.0,0.0,0.297924,0.450429,-0.188886,0.0,0.0,0.483898,0.258609,-0.192547,0.0,0.0,0.460069,0.46641,-0.259808,0.0,0.0,0.446553,0.614652,-0.294301,0.0,0.0,0.438823,0.739602,-0.316602,0.0,0.0,0.559915,0.268203,-0.188551,0.0,0.0,0.557629,0.519219,-0.257342,0.0,0.0,0.562271,0.690614,-0.289733,0.0,0.0,0.575591,0.832088,-0.315939,0.0,0.0,0.620727,0.284112,-0.179172,0.0,0.0,0.636045,0.506297,-0.236011,0.0,0.0,0.651146,0.655655,-0.260529,0.0,0.0,0.670068,0.778794,-0.279235,0.0,0.0,0.663131,0.302256,-0.170642,0.0,0.0,0.704099,0.461386,-0.21971,0.0,0.0,0.737414,0.547762,-0.241067,0.0,0.0,0.770909,0.623228,-0.25634,0.0,0.0
v1.mp4,1219610e4175dfcfd945e2d4a5016440b91148cdbcc5449d7badf3789d2f4a86,1920,1080,12.02,596,49.583,455,37916,Left,0.967192,0.579391,0.119411,1e-06,0.0,0.0,0.488619,0.166166,-0.053836,0.0,0.0,0.40532,0.256389,-0.104349,0.0,0.0,0.342876,0.352906,-0.141983,0.0,0.0,0.297681,0.452107,-0.183279,0.0,0.0,0.483038,0.259746,-0.186733,0.0,0.0,0.459545,0.466787,-0.252389,0.0,0.0,0.446306,0.613309,-0.285854,0.0,0.0,0.439047,0.737543,-0.307509,0.0,0.0,0.557875,0.268354,-0.184217,0.0,0.0,0.556065,0.518179,-0.252001,0.0,0.0,0.561305,0.689475,-0.283877,0.0,0.0,0.57568,0.831275,-0.309497,0.0,0.0,0.618946,0.281646,-0.176373,0.0,0.0,0.634847,0.501377,-0.232678,0.0,0.0,0.649879,0.650902,-0.257064,0.0,0.0,0.669073,0.775076,-0.275411,0.0,0.0,0.662356,0.297055,-0.169175,0.0,0.0,0.703191,0.455951,-0.218205,0.0,0.0,0.736154,0.543619,-0.239516,0.0,0.0,0.769417,0.620648,-0.254521,0.0,0.0
v1.mp4,1219610e4175dfcfd945e2d4a5016440b91148cdbcc5449d7badf3789d2f4a86,1920,1080,12.02,596,49.583,456,38000,Left,0.970944,0.578352,0.122823,1e-06,0.0,0.0,0.488065,0.168427,-0.05406,0.0,0.0,0.405604,0.256555,-0.104516,0.0,0.0,0.342985,0.351527,-0.141956,0.0,0.0,0.297024,0.448169,-0.183042,0.0,0.0,0.483597,0.255832,-0.187567,0.0,0.0,0.458639,0.466427,-0.252807,0.0,0.0,0.445754,0.615237,-0.285628,0.0,0.0,0.438515,0.740349,-0.306766,0.0,0.0,0.559549,0.264261,-0.184602,0.0,0.0,0.556718,0.517846,-0.251302,0.0,0.0,0.561462,0.688306,-0.281828,0.0,0.0,0.574083,0.828574,-0.306567,0.0,0.0,0.621057,0.279201,-0.176375,0.0,0.0,0.63669,0.501556,-0.231878,0.0,0.0,0.651579,0.650232,-0.255475,0.0,0.0,0.669693,0.773399,-0.273463,0.0,0.0,0.66433,0.297323,-0.168852,0.0,0.0,0.705416,0.457208,-0.21701,0.0,0.0,0.738798,0.545211,-0.237773,0.0,0.0,0.771802,0.621925,-0.252583,0.0,0.0
v1.mp4,1219610e4175dfcfd945e2d4a5016440b91148cdbcc5449d7badf3789d2f4a86,1920,1080,12.02,596,49.583,457,38083,Left,0.969963,0.579007,0.120859,1e-06,0.0,0.0,0.48816,0.169495,-0.050711,0.0,0.0,0.40544,0.256875,-0.099326,0.0,0.0,0.343222,0.352465,-0.135758,0.0,0.0,0.299415,0.452484,-0.175775,0.0,0.0,0.484272,0.258732,-0.180636,0.0,0.0,0.459316,0.466011,-0.244091,0.0,0.0,0.445854,0.612668,-0.276115,0.0,0.0,0.437778,0.737588,-0.296851,0.0,0.0,0.558561,0.266445,-0.179002,0.0,0.0,0.556598,0.515939,-0.244419,0.0,0.0,0.561345,0.687348,-0.274745,0.0,0.0,0.574544,0.82942,-0.299456,0.0,0.0,0.619557,0.278256,-0.172034,0.0,0.0,0.635052,0.496194,-0.226376,0.0,0.0,0.648946,0.645077,-0.249286,0.0,0.0,0.66653,0.76896,-0.266712,0.0,0.0,0.662687,0.292434,-0.165603,0.0,0.0,0.704632,0.451146,-0.213276,0.0,0.0,0.737244,0.540946,-0.233717,0.0,0.0,0.769574,0.620103,-0.248109,0.0,0.0
v1.mp4,1219610e4175dfcfd945e2d4a5016440b91148cdbcc5449d7badf3789d2f4a86,1920,1080,12.02,596,49.583,458,38166,Left,0.97094,0.580603,0.123467,1e-06,0.0,0.0,0.488568,0.171042,-0.053444,0.0,0.0,0.406047,0.257501,-0.104458,0.0,0.0,0.343456,0.35125,-0.142414,0.0,0.0,0.29754,0.448854,-0.183942,0.0,0.0,0.484251,0.256973,-0.189226,0.0,0.0,0.459066,0.467698,-0.254585,0.0,0.0,0.445864,0.61598,-0.286747,0.0,0.0,0.437731,0.741152,-0.307248,0.0,0.0,0.559665,0.26384,-0.186633,0.0,0.0,0.557593,0.518034,-0.253488,0.0,0.0,0.56282,0.689602,-0.283263,0.0,0.0,0.574788,0.830202,-0.307381,0.0,0.0,0.620665,0.276392,-0.178572,0.0,0.0,0.63669,0.496055,-0.233952,0.0,0.0,0.650999,0.64531,-0.25683,0.0,0.0,0.667732,0.76903,-0.274293,0.0,0.0,0.663095,0.291444,-0.171139,0.0,0.0,0.706972,0.449908,-0.219556,0.0,0.0,0.740739,0.540704,-0.240394,0.0,0.0,0.773335,0.62138,-0.255151,0.0,0.0
v1.mp4,1219610e4175dfcfd945e2d4a5016440b91148cdbcc5449d7badf3789d2f4a86,1920,1080,12.02,596,49.583,459,38250,Left,0.969451,0.579965,0.119725,1e-06,0.0,0.0,0.488537,0.168276,-0.052952,0.0,0.0,0.406368,0.25591,-0.103307,0.0,0.0,0.343939,0.350323,-0.140936,0.0,0.0,0.298048,0.4485,-0.182187,0.0,0.0,0.48449,0.25926,-0.186005,0.0,0.0,0.458425,0.467355,-0.250907,0.0,0.0,0.445032,0.615262,-0.283312,0.0,0.0,0.436495,0.740151,-0.304315,0.0,0.0,0.559443,0.266116,-0.183698,0.0,0.0,0.556505,0.515293,-0.252062,0.0,0.0,0.561459,0.685974,-0.284102,0.0,0.0,0.573396,0.827551,-0.309861,0.0,0.0,0.620358,0.278373,-0.175858,0.0,0.0,0.637,0.496503,-0.232688,0.0,0.0,0.651943,0.64639,-0.25708,0.0,0.0,0.669372,0.771476,-0.275509,0.0,0.0,0.663552,0.293823,-0.168516,0.0,0.0,0.706989,0.453173,-0.217828,0.0,0.0,0.740581,0.542577,-0.239349,0.0,0.0,0.773492,0.622795,-0.254647,0.0,0.0
v1.mp4,1219610e4175dfcfd945e2d4a5016440b91148cdbcc5449d7badf3789d2f4a86,1920,1080,12.02,596,49.583,460,38333,Left,0.970898,0.579809,0.118392,1e-06,0.0,0.0,0.488723,0.166529,-0.049985,0.0,0.0,0.407006,0.254502,-0.097798,0.0,0.0,0.343909,0.351187,-0.133708,0.0,0.0,0.29777,0.449918,-0.17303,0.0,0.0,0.484186,0.256306,-0.177291,0.0,0.0,0.457611,0.46733,-0.239595,0.0,0.0,0.442213,0.615224,-0.270537,0.0,0.0,0.432467,0.740621,-0.290454,0.0,0.0,0.558395,0.265641,-0.175859,0.0,0.0,0.555736,0.516957,-0.240198,0.0,0.0,0.560741,0.690203,-0.269486,0.0,0.0,0.57393,0.832756,-0.293212,0.0,0.0,0.619477,0.277277,-0.16928,0.0,0.0,0.635598,0.495976,-0.223149,0.0,0.0,0.650337,0.646582,-0.245687,0.0,0.0,0.668323,0.771622,-0.262656,0.0,0.0,0.662683,0.290782,-0.163197,0.0,0.0,0.706204,0.449144,-0.210311,0.0,0.0,0.740132,0.53981,-0.23039,0.0,0.0,0.772935,0.619899,-0.24443,0.0,0.0
v1.mp4,1219610e4175dfcfd945e2d4a5016440b91148cdbcc5449d7badf3789d2f4a86,1920,1080,12.02,596,49.583,461,38416,Left,0.9538,0.585617,0.102275,1e-06,0.0,0.0,0.49426,0.156523,-0.0443,0.0,0.0,0.40981,0.253372,-0.086703,0.0,0.0,0.347414,0.351021,-0.118707,0.0,0.0,0.302894,0.446415,-0.153939,0.0,0.0,0.49358,0.257709,-0.157628,0.0,0.0,0.453513,0.380496,-0.219315,0.0,0.0,0.425042,0.472817,-0.253605,0.0,0.0,0.400928,0.557914,-0.275802,0.0,0.0,0.562894,0.273457,-0.160528,0.0,0.0,0.552917,0.506875,-0.22625,0.0,0.0,0.553143,0.673699,-0.262157,0.0,0.0,0.560944,0.815003,-0.290199,0.0,0.0,0.62116,0.287334,-0.158462,0.0,0.0,0.635895,0.501411,-0.217728,0.0,0.0,0.65192,0.649289,-0.247475,0.0,0.0,0.669878,0.774897,-0.267578,0.0,0.0,0.665909,0.29736,-0.155728,0.0,0.0,0.708572,0.455426,-0.205257,0.0,0.0,0.742791,0.541475,-0.226609,0.0,0.0,0.775227,0.619389,-0.241349,0.0,0.0
v1.mp4,1219610e4175dfcfd945e2d4a5016440b91148cdbcc5449d7badf3789d2f4a86,1920,1080,12.02,596,49.583,462,38500,Left,0.972528,0.58102,0.09655,1e-06,0.0,0.0,0.488057,0.16445,-0.036822,0.0,0.0,0.405426,0.266091,-0.075909,0.0,0.0,0.3395,0.360707,-0.107524,0.0,0.0,0.294734,0.454506,-0.142015,0.0,0.0,0.490596,0.252946,-0.136276,0.0,0.0,0.450115,0.347631,-0.198695,0.0,0.0,0.410581,0.388632,-0.236857,0.0,0.0,0.373797,0.41839,-0.259568,0.0,0.0,0.553839,0.25047,-0.142504,0.0,0.0,0.552813,0.490441,-0.2005,0.0,0.0,0.552353,0.666222,-0.234794,0.0,0.0,0.556756,0.814203,-0.262841,0.0,0.0,0.612486,0.261651,-0.145218,0.0,0.0,0.632698,0.494508,-0.199766,0.0,0.0,0.650982,0.648027,-0.227936,0.0,0.0,0.669482,0.779097,-0.24632,0.0,0.0,0.66215,0.276669,-0.146931,0.0,0.0,0.706543,0.450507,-0.188722,0.0,0.0,0.741072,0.542821,-0.20264,0.0,0.0,0.7734,0.622425,-0.212359,0.0,0.0
v1.mp4,1219610e4175dfcfd945e2d4a5016440b91148cdbcc5449d7badf3789d2f4a86,1920,1080,12.02,596,49.583,463,38583,Left,0.966986,0.575233,0.092946,1e-06,0.0,0.0,0.479464,0.163638,-0.030275,0.0,0.0,0.396294,0.267014,-0.064343,0.0,0.0,0.335095,0.37052,-0.091994,0.0,0.0,0.294508,0.468239,-0.122339,0.0,0.0,0.485585,0.256696,-0.124749,0.0,0.0,0.45327,0.338592,-0.184954,0.0,0.0,0.417843,0.36611,-0.222006,0.0,0.0,0.385375,0.381845,-0.243283,0.0,0.0,0.550794,0.252075,-0.133627,0.0,0.0,0.551218,0.495724,-0.188536,0.0,0.0,0.552341,0.677123,-0.220989,0.0,0.0,0.559061,0.825287,-0.247493,0.0,0.0,0.609726,0.261853,-0.13863,0.0,0.0,0.630945,0.493476,-0.189041,0.0,0.0,0.648645,0.645893,-0.212113,0.0,0.0,0.665008,0.776292,-0.227299,0.0,0.0,0.658566,0.274344,-0.142512,0.0,0.0,0.706905,0.444497,-0.179692,0.0,0.0,0.742414,0.537597,-0.188075,0.0,0.0,0.773373,0.619395,-0.193729,0.0,0.0
v1.mp4,1219610e4175dfcfd945e2d4a5016440b91148cdbcc5449d7badf3789d2f4a86,1920,1080,12.02,596,49.583,464,38666,Left,0.941527,0.583979,0.088607,1e-06,0.0,0.0,0.487342,0.149933,-0.043804,0.0,0.0,0.404579,0.255857,-0.083974,0.0,0.0,0.343551,0.354443,-0.114802,0.0,0.0,0.297885,0.447661,-0.148551,0.0,0.0,0.49468,0.254225,-0.145903,0.0,0.0,0.462016,0.34257,-0.209826,0.0,0.0,0.425561,0.397979,-0.248413,0.0,0.0,0.38993,0.444293,-0.27269,0.0,0.0,0.560231,0.26397,-0.149627,0.0,0.0,0.556944,0.495035,-0.212828,0.0,0.0,0.554536,0.665286,-0.250573,0.0,0.0,0.555838,0.808771,-0.280626,0.0,0.0,0.616646,0.276371,-0.149509,0.0,0.0,0.634893,0.492901,-0.209053,0.0,0.0,0.651941,0.642976,-0.239832,0.0,0.0,0.667653,0.770394,-0.259841,0.0,0.0,0.6628,0.285037,-0.148828,0.0,0.0,0.708826,0.448375,-0.195667,0.0,0.0,0.744168,0.539779,-0.213688,0.0,0.0,0.775409,0.619116,-0.226287,0.0,0.0
v1.mp4,1219610e4175dfcfd945e2d4a5016440b91148cdbcc5449d7badf3789d2f4a86,1920,1080,12.02,596,49.583,465,38750,Left,0.924234,0.585269,0.092361,1e-06,0.0,0.0,0.490427,0.151123,-0.04411,0.0,0.0,0.406893,0.252613,-0.084227,0.0,0.0,0.346452,0.350402,-0.115551,0.0,0.0,0.301672,0.443451,-0.149454,0.0,0.0,0.490572,0.266451,-0.141049,0.0,0.0,0.458043,0.35481,-0.204515,0.0,0.0,0.427,0.41773,-0.242424,0.0,0.0,0.396961,0.4801,-0.266017,0.0,0.0,0.558181,0.278714,-0.144553,0.0,0.0,0.555292,0.497392,-0.207414,0.0,0.0,0.552913,0.665365,-0.242538,0.0,0.0,0.554732,0.812163,-0.269864,0.0,0.0,0.616783,0.288903,-0.145211,0.0,0.0,0.63653,0.486514,-0.203845,0.0,0.0,0.651552,0.633741,-0.232039,0.0,0.0,0.665354,0.763811,-0.249528,0.0,0.0,0.664208,0.294513,-0.145936,0.0,0.0,0.70657,0.447332,-0.193098,0.0,0.0,0.739045,0.537391,-0.211044,0.0,0.0,0.768959,0.618422,-0.22269,0.0,0.0
v1.mp4,1219610e4175dfcfd945e2d4a5016440b91148cdbcc5449d7badf3789d2f4a86,1920,1080,12.02,596,49.583,466,38833,Left,0.96894,0.579339,0.116297,1e-06,0.0,0.0,0.487597,0.1653,-0.053491,0.0,0.0,0.406857,0.252927,-0.103215,0.0,0.0,0.344049,0.350359,-0.140144,0.0,0.0,0.29602,0.447333,-0.180107,0.0,0.0,0.479546,0.260412,-0.185003,0.0,0.0,0.452967,0.468273,-0.251456,0.0,0.0,0.436278,0.611999,-0.28521,0.0,0.0,0.424024,0.739001,-0.30702,0.0,0.0,0.555724,0.269627,-0.182356,0.0,0.0,0.554587,0.510618,-0.250073,0.0,0.0,0.560225,0.681213,-0.281562,0.0,0.0,0.571598,0.824504,-0.307115,0.0,0.0,0.61909,0.280635,-0.174763,0.0,0.0,0.636787,0.487792,-0.232222,0.0,0.0,0.650751,0.63615,-0.256676,0.0,0.0,0.666155,0.760528,-0.274657,0.0,0.0,0.665054,0.292918,-0.167837,0.0,0.0,0.707737,0.448201,-0.217757,0.0,0.0,0.741733,0.538915,-0.239573,0.0,0.0,0.774072,0.618525,-0.254631,0.0,0.0
v1.mp4,1219610e4175dfcfd945e2d4a5016440b91148cdbcc5449d7badf3789d2f4a86,1920,1080,12.02,596,49.583,467,38916,Left,0.968381,0.579491,0.119716,1e-06,0.0,0.0,0.488359,0.167337,-0.054969,0.0,0.0,0.40716,0.256879,-0.106392,0.0,0.0,0.34527,0.352226,-0.144773,0.0,0.0,0.296813,0.448806,-0.186686,0.0,0.0,0.482934,0.253132,-0.190041,0.0,0.0,0.453974,0.461254,-0.257066,0.0,0.0,0.434904,0.607631,-0.290851,0.0,0.0,0.420525,0.733819,-0.312758,0.0,0.0,0.557268,0.261818,-0.187329,0.0,0.0,0.555073,0.510508,-0.257399,0.0,0.0,0.559722,0.682167,-0.290083,0.0,0.0,0.571486,0.825552,-0.316401,0.0,0.0,0.618588,0.275126,-0.179202,0.0,0.0,0.636259,0.492697,-0.237942,0.0,0.0,0.650534,0.641317,-0.262528,0.0,0.0,0.66799,0.765492,-0.280864,0.0,0.0,0.662908,0.29178,-0.171721,0.0,0.0,0.706679,0.452517,-0.222098,0.0,0.0,0.740508,0.542201,-0.243689,0.0,0.0,0.77373,0.622234,-0.259053,0.0,0.0
v1.mp4,1219610e4175dfcfd945e2d4a5016440b91148cdbcc5449d7badf3789d2f4a86,1920,1080,12.02,596,49.583,468,39000,Left,0.971455,0.581083,0.114958,1e-06,0.0,0.0,0.489072,0.165314,-0.05128,0.0,0.0,0.406441,0.255388,-0.098923,0.0,0.0,0.344469,0.352179,-0.133894,0.0,0.0,0.298007,0.447655,-0.172181,0.0,0.0,0.483392,0.253179,-0.181472,0.0,0.0,0.452805,0.461636,-0.244927,0.0,0.0,0.433389,0.608465,-0.276589,0.0,0.0,0.419376,0.7339,-0.296954,0.0,0.0,0.557024,0.261221,-0.179111,0.0,0.0,0.555184,0.511015,-0.244758,0.0,0.0,0.56053,0.683118,-0.274892,0.0,0.0,0.572905,0.824505,-0.299251,0.0,0.0,0.617865,0.274606,-0.17143,0.0,0.0,0.635756,0.494872,-0.226698,0.0,0.0,0.651068,0.64398,-0.250053,0.0,0.0,0.669252,0.76785,-0.267514,0.0,0.0,0.661684,0.291508,-0.164219,0.0,0.0,0.706601,0.453186,-0.21216,0.0,0.0,0.741767,0.543566,-0.232641,0.0,0.0,0.775212,0.623168,-0.24696,0.0,0.0
v1.mp4,1219610e4175dfcfd945e2d4a5016440b91148cdbcc5449d7badf3789d2f4a86,1920,1080,12.02,596,49.583,469,39083,Left,0.975285,0.580446,0.115664,1e-06,0.0,0.0,0.488771,0.165116,-0.053462,0.0,0.0,0.406793,0.256319,-0.103565,0.0,0.0,0.344658,0.353164,-0.140447,0.0,0.0,0.296799,0.449385,-0.18094,0.0,0.0,0.483977,0.251613,-0.189926,0.0,0.0,0.452905,0.460322,-0.255703,0.0,0.0,0.433387,0.607152,-0.288272,0.0,0.0,0.419098,0.731699,-0.309375,0.0,0.0,0.557506,0.26016,-0.187315,0.0,0.0,0.554854,0.507737,-0.256908,0.0,0.0,0.560111,0.679527,-0.288714,0.0,0.0,0.572136,0.820467,-0.314277,0.0,0.0,0.618238,0.274146,-0.179013,0.0,0.0,0.635367,0.493786,-0.237463,0.0,0.0,0.650803,0.643332,-0.261808,0.0,0.0,0.669108,0.767405,-0.280019,0.0,0.0,0.662323,0.291155,-0.171115,0.0,0.0,0.705778,0.45253,-0.221619,0.0,0.0,0.739838,0.542976,-0.243274,0.0,0.0,0.772913,0.62293,-0.258593,0.0,0.0
v1.mp4,1219610e4175dfcfd945e2d4a5016440b91148cdbcc5449d7badf3789d2f4a86,1920,1080,12.02,596,49.583,470,39166,Left,0.975986,0.579774,0.112133,1e-06,0.0,0.0,0.488531,0.16313,-0.053622,0.0,0.0,0.407761,0.255329,-0.103815,0.0,0.0,0.344441,0.353391,-0.140533,0.0,0.0,0.295899,0.449675,-0.180699,0.0,0.0,0.483295,0.251384,-0.190089,0.0,0.0,0.452127,0.461063,-0.255997,0.0,0.0,0.432964,0.60869,-0.288863,0.0,0.0,0.41883,0.734431,-0.310189,0.0,0.0,0.557471,0.259763,-0.18728,0.0,0.0,0.554576,0.510775,-0.256233,0.0,0.0,0.560189,0.683775,-0.287801,0.0,0.0,0.572014,0.825453,-0.313339,0.0,0.0,0.619083,0.272903,-0.178856,0.0,0.0,0.636,0.494719,-0.236691,0.0,0.0,0.651412,0.645961,-0.261361,0.0,0.0,0.669067,0.770578,-0.279924,0.0,0.0,0.663605,0.288425,-0.170848,0.0,0.0,0.707587,0.451074,-0.220961,0.0,0.0,0.742063,0.543278,-0.242979,0.0,0.0,0.774934,0.624796,-0.258648,0.0,0.0
v1.mp4,1219610e4175dfcfd945e2d4a5016440b91148cdbcc5449d7badf3789d2f4a86,1920,1080,12.02,596,49.583,471,39250,Left,0.96085,0.587775,0.089583,1e-06,0.0,0.0,0.496845,0.150498,-0.040791,0.0,0.0,0.413845,0.253992,-0.081473,0.0,0.0,0.350743,0.354046,-0.113256,0.0,0.0,0.304146,0.446835,-0.148194,0.0,0.0,0.493966,0.254884,-0.147543,0.0,0.0,0.453834,0.362336,-0.209131,0.0,0.0,0.420062,0.43258,-0.244056,0.0,0.0,0.389032,0.495153,-0.266073,0.0,0.0,0.560041,0.269552,-0.152875,0.0,0.0,0.552165,0.504601,-0.216291,0.0,0.0,0.551271,0.675513,-0.251939,0.0,0.0,0.557158,0.818019,-0.279985,0.0,0.0,0.617367,0.2815,-0.153859,0.0,0.0,0.634248,0.496647,-0.212305,0.0,0.0,0.650084,0.64637,-0.242184,0.0,0.0,0.667172,0.77248,-0.261991,0.0,0.0,0.662592,0.289763,-0.153981,0.0,0.0,0.707369,0.450197,-0.20234,0.0,0.0,0.742091,0.53885,-0.22214,0.0,0.0,0.774622,0.618449,-0.235721,0.0,0.0
v1.mp4,1219610e4175dfcfd945e2d4a5016440b91148cdbcc5449d7badf3789d2f4a86,1920,1080,12.02,596,49.583,472,39333,Left,0.961991,0.582739,0.097158,1e-06,0.0,0.0,0.489892,0.158168,-0.043791,0.0,0.0,0.406673,0.258172,-0.086842,0.0,0.0,0.343579,0.356405,-0.120743,0.0,0.0,0.296802,0.450767,-0.157448,0.0,0.0,0.491286,0.250049,-0.149876,0.0,0.0,0.455908,0.345702,-0.215196,0.0,0.0,0.418625,0.39614,-0.253487,0.0,0.0,0.381899,0.435191,-0.276891,0.0,0.0,0.556605,0.255683,-0.15487,0.0,0.0,0.553487,0.495133,-0.221165,0.0,0.0,0.55074,0.675722,-0.26086,0.0,0.0,0.551643,0.826608,-0.292275,0.0,0.0,0.61439,0.268103,-0.155861,0.0,0.0,0.634415,0.488141,-0.217556,0.0,0.0,0.651224,0.64271,-0.250618,0.0,0.0,0.667827,0.772539,-0.272046,0.0,0.0,0.662448,0.28097,-0.155992,0.0,0.0,0.707994,0.447548,-0.203579,0.0,0.0,0.742144,0.540381,-0.222321,0.0,0.0,0.774061,0.622371,-0.23565,0.0,0.0
v1.mp4,1219610e4175dfcfd945e2d4a5016440b91148cdbcc5449d7badf3789d2f4a86,1920,1080,12.02,596,49.583,473,39416,Left,0.949349,0.584574,0.087953,1e-06,0.0,0.0,0.48819,0.151253,-0.04517,0.0,0.0,0.405628,0.257672,-0.08638,0.0,0.0,0.344629,0.358667,-0.118019,0.0,0.0,0.296721,0.451694,-0.15241,0.0,0.0,0.491681,0.255181,-0.14801,0.0,0.0,0.458874,0.349546,-0.212182,0.0,0.0,0.421627,0.406644,-0.250812,0.0,0.0,0.384133,0.458241,-0.275313,0.0,0.0,0.558968,0.264206,-0.151478,0.0,0.0,0.557913,0.492746,-0.216693,0.0,0.0,0.554039,0.66552,-0.255895,0.0,0.0,0.553333,0.812633,-0.28709,0.0,0.0,0.616818,0.276001,-0.151116,0.0,0.0,0.635945,0.489452,-0.211882,0.0,0.0,0.651629,0.640778,-0.243418,0.0,0.0,0.666478,0.770452,-0.264091,0.0,0.0,0.663917,0.285942,-0.150305,0.0,0.0,0.709792,0.448431,-0.19789,0.0,0.0,0.743984,0.540072,-0.216708,0.0,0.0,0.775289,0.621621,-0.230053,0.0,0.0
v1.mp4,1219610e4175dfcfd945e2d4a5016440b91148cdbcc5449d7badf3789d2f4a86,1920,1080,12.02,596,49.583,474,39500,Left,0.933952,0.585064,0.08721,1e-06,0.0,0.0,0.488853,0.149882,-0.049591,0.0,0.0,0.407337,0.256407,-0.095636,0.0,0.0,0.346355,0.355408,-0.131463,0.0,0.0,0.297489,0.449954,-0.17035,0.0,0.0,0.491626,0.256313,-0.159087,0.0,0.0,0.458698,0.351062,-0.228867,0.0,0.0,0.422064,0.407221,-0.270832,0.0,0.0,0.385794,0.457584,-0.297079,0.0,0.0,0.558,0.265618,-0.161821,0.0,0.0,0.555658,0.495761,-0.232482,0.0,0.0,0.552792,0.669867,-0.274532,0.0,0.0,0.553389,0.819965,-0.307372,0.0,0.0,0.615991,0.277791,-0.160796,0.0,0.0,0.636935,0.490238,-0.225542,0.0,0.0,0.653653,0.644122,-0.259448,0.0,0.0,0.66912,0.77711,-0.281431,0.0,0.0,0.664589,0.286796,-0.159461,0.0,0.0,0.708639,0.448839,-0.209008,0.0,0.0,0.74177,0.542089,-0.22902,0.0,0.0,0.772468,0.625084,-0.243357,0.0,0.0
v1.mp4,1219610e4175dfcfd945e2d4a5016440b91148cdbcc5449d7badf3789d2f4a86,1920,1080,12.02,596,49.583,475,39583,Left,0.928037,0.584447,0.093112,1e-06,0.0,0.0,0.492577,0.148875,-0.044195,0.0,0.0,0.408814,0.247625,-0.085401,0.0,0.0,0.345881,0.352828,-0.117053,0.0,0.0,0.299424,0.448826,-0.151541,0.0,0.0,0.486943,0.265189,-0.151246,0.0,0.0,0.450853,0.41173,-0.209315,0.0,0.0,0.431283,0.514621,-0.239342,0.0,0.0,0.415123,0.615631,-0.259352,0.0,0.0,0.55975,0.282277,-0.153407,0.0,0.0,0.553038,0.494198,-0.218019,0.0,0.0,0.554174,0.653588,-0.25006,0.0,0.0,0.560787,0.793991,-0.274999,0.0,0.0,0.620775,0.291777,-0.151491,0.0,0.0,0.636745,0.490176,-0.210136,0.0,0.0,0.652416,0.635925,-0.23618,0.0,0.0,0.668738,0.764066,-0.253446,0.0,0.0,0.666732,0.296808,-0.14937,0.0,0.0,0.709521,0.449124,-0.200089,0.0,0.0,0.742908,0.537135,-0.222019,0.0,0.0,0.774782,0.618706,-0.236374,0.0,0.0
v1.mp4,1219610e4175dfcfd945e2d4a5016440b91148cdbcc5449d7badf3789d2f4a86,1920,1080,12.02,596,49.583,476,39666,Left,0.966349,0.581207,0.114661,1e-06,0.0,0.0,0.489145,0.163825,-0.056115,0.0,0.0,0.408817,0.25287,-0.107527,0.0,0.0,0.345501,0.34853,-0.145791,0.0,0.0,0.296187,0.444878,-0.186892,0.0,0.0,0.481449,0.261018,-0.187123,0.0,0.0,0.456801,0.469044,-0.253797,0.0,0.0,0.441422,0.614514,-0.28685,0.0,0.0,0.43006,0.742393,-0.307894,0.0,0.0,0.556581,0.270061,-0.183153,0.0,0.0,0.555135,0.506658,-0.252253,0.0,0.0,0.55957,0.678943,-0.283206,0.0,0.0,0.569543,0.824364,-0.307851,0.0,0.0,0.619565,0.280466,-0.17453,0.0,0.0,0.636967,0.482415,-0.233183,0.0,0.0,0.650217,0.634057,-0.257703,0.0,0.0,0.664801,0.7614,-0.275048,0.0,0.0,0.666184,0.291368,-0.166777,0.0,0.0,0.709903,0.44635,-0.217409,0.0,0.0,0.742456,0.541468,-0.239882,0.0,0.0,0.773281,0.624829,-0.255111,0.0,0.0
v1.mp4,1219610e4175dfcfd945e2d4a5016440b91148cdbcc5449d7badf3789d2f4a86,1920,1080,12.02,596,49.583,477,39750,Left,0.969921,0.580049,0.11101,1e-06,0.0,0.0,0.48892,0.163746,-0.050842,0.0,0.0,0.407773,0.254794,-0.09963,0.0,0.0,0.345951,0.353052,-0.13621,0.0,0.0,0.297967,0.450489,-0.176152,0.0,0.0,0.484874,0.254255,-0.181296,0.0,0.0,0.456859,0.462478,-0.245448,0.0,0.0,0.43962,0.609312,-0.27754,0.0,0.0,0.426829,0.735199,-0.298485,0.0,0.0,0.557806,0.261186,-0.179997,0.0,0.0,0.555675,0.507608,-0.247889,0.0,0.0,0.559675,0.680667,-0.279988,0.0,0.0,0.570283,0.82466,-0.305852,0.0,0.0,0.618049,0.272272,-0.173245,0.0,0.0,0.63626,0.489804,-0.230164,0.0,0.0,0.650132,0.640647,-0.2545,0.0,0.0,0.66642,0.766883,-0.272728,0.0,0.0,0.661553,0.286551,-0.166883,0.0,0.0,0.706274,0.446754,-0.216304,0.0,0.0,0.740104,0.538237,-0.237793,0.0,0.0,0.772554,0.620379,-0.252962,0.0,0.0
v1.mp4,1219610e4175dfcfd945e2d4a5016440b91148cdbcc5449d7badf3789d2f4a86,1920,1080,12.02,596,49.583,478,39833,Left,0.975766,0.580053,0.113264,1e-06,0.0,0.0,0.489133,0.166259,-0.051657,0.0,0.0,0.40954,0.256943,-0.101346,0.0,0.0,0.345823,0.353546,-0.138367,0.0,0.0,0.296541,0.449605,-0.178839,0.0,0.0,0.484861,0.254154,-0.185431,0.0,0.0,0.456526,0.462964,-0.249935,0.0,0.0,0.43944,0.611058,-0.281822,0.0,0.0,0.426918,0.737935,-0.302508,0.0,0.0,0.558792,0.260649,-0.183716,0.0,0.0,0.557612,0.508788,-0.250993,0.0,0.0,0.561777,0.683327,-0.282127,0.0,0.0,0.571862,0.828048,-0.307476,0.0,0.0,0.619891,0.270872,-0.176391,0.0,0.0,0.637321,0.488286,-0.232636,0.0,0.0,0.650442,0.641063,-0.256887,0.0,0.0,0.66536,0.768421,-0.27532,0.0,0.0,0.663578,0.283376,-0.169467,0.0,0.0,0.708755,0.441633,-0.218438,0.0,0.0,0.741928,0.5348,-0.240068,0.0,0.0,0.773052,0.618029,-0.255509,0.0,0.0
v1.mp4,1219610e4175dfcfd945e2d4a5016440b91148cdbcc5449d7badf3789d2f4a86,1920,1080,12.02,596,49.583,479,39916,Left,0.971677,0.579386,0.115771,1e-06,0.0,0.0,0.4886,0.167576,-0.052234,0.0,0.0,0.408307,0.256957,-0.102552,0.0,0.0,0.345614,0.352856,-0.140015,0.0,0.0,0.297027,0.450075,-0.180819,0.0,0.0,0.483804,0.252608,-0.187915,0.0,0.0,0.456583,0.461584,-0.254148,0.0,0.0,0.439207,0.610348,-0.287222,0.0,0.0,0.42617,0.738069,-0.308546,0.0,0.0,0.557948,0.259021,-0.186144,0.0,0.0,0.557705,0.507539,-0.255288,0.0,0.0,0.56171,0.683755,-0.287344,0.0,0.0,0.571994,0.830004,-0.313292,0.0,0.0,0.619038,0.269667,-0.178712,0.0,0.0,0.637748,0.486159,-0.236197,0.0,0.0,0.650518,0.639396,-0.260493,0.0,0.0,0.665001,0.767665,-0.278789,0.0,0.0,0.662899,0.283026,-0.171724,0.0,0.0,0.708765,0.441582,-0.221207,0.0,0.0,0.741844,0.534749,-0.242676,0.0,0.0,0.772815,0.618777,-0.257973,0.0,0.0
v1.mp4,1219610e4175dfcfd945e2d4a5016440b91148cdbcc5449d7badf3789d2f4a86,1920,1080,12.02,596,49.583,480,40000,Left,0.969847,0.580789,0.110734,1e-06,0.0,0.0,0.489257,0.164083,-0.050472,0.0,0.0,0.408553,0.256417,-0.098866,0.0,0.0,0.345134,0.353149,-0.135204,0.0,0.0,0.297275,0.450202,-0.175133,0.0,0.0,0.485414,0.254247,-0.180965,0.0,0.0,0.457129,0.462289,-0.244511,0.0,0.0,0.439527,0.60966,-0.275976,0.0,0.0,0.426597,0.736407,-0.296436,0.0,0.0,0.55844,0.26103,-0.17991,0.0,0.0,0.556708,0.507941,-0.246611,0.0,0.0,0.560861,0.683515,-0.278069,0.0,0.0,0.571341,0.829996,-0.303702,0.0,0.0,0.619434,0.271048,-0.173388,0.0,0.0,0.637278,0.488117,-0.229172,0.0,0.0,0.651107,0.642206,-0.253489,0.0,0.0,0.667048,0.77089,-0.271907,0.0,0.0,0.664018,0.282831,-0.167278,0.0,0.0,0.708743,0.443213,-0.215954,0.0,0.0,0.741838,0.537572,-0.237529,0.0,0.0,0.77335,0.621644,-0.252947,0.0,0.0
v1.mp4,1219610e4175dfcfd945e2d4a5016440b91148cdbcc5449d7badf3789d2f4a86,1920,1080,12.02,596,49.583,481,40083,Left,0.96392,0.580859,0.114345,1e-06,0.0,0.0,0.488981,0.166341,-0.050902,0.0,0.0,0.408576,0.255496,-0.099855,0.0,0.0,0.346575,0.351616,-0.136617,0.0,0.0,0.29836,0.448731,-0.176877,0.0,0.0,0.485059,0.254662,-0.18236,0.0,0.0,0.457293,0.462224,-0.246928,0.0,0.0,0.439811,0.610273,-0.27921,0.0,0.0,0.426629,0.737589,-0.300123,0.0,0.0,0.558361,0.261476,-0.181399,0.0,0.0,0.556863,0.507461,-0.248933,0.0,0.0,0.561014,0.682785,-0.280585,0.0,0.0,0.571217,0.8293,-0.306262,0.0,0.0,0.619628,0.27095,-0.174992,0.0,0.0,0.637554,0.486628,-0.231438,0.0,0.0,0.650966,0.640518,-0.255468,0.0,0.0,0.666062,0.770098,-0.273641,0.0,0.0,0.664346,0.282115,-0.16904,0.0,0.0,0.708854,0.440145,-0.218119,0.0,0.0,0.741203,0.53445,-0.239295,0.0,0.0,0.771886,0.619759,-0.254371,0.0,0.0
v1.mp4,1219610e4175dfcfd945e2d4a5016440b91148cdbcc5449d7badf3789d2f4a86,1920,1080,12.02,596,49.583,482,40166,Left,0.973124,0.579378,0.112669,1e-06,0.0,0.0,0.488433,0.164582,-0.052854,0.0,0.0,0.408851,0.255203,-0.104208,0.0,0.0,0.345808,0.352367,-0.142563,0.0,0.0,0.296266,0.449949,-0.184472,0.0,0.0,0.485089,0.249522,-0.190938,0.0,0.0,0.456958,0.460555,-0.257606,0.0,0.0,0.439474,0.609928,-0.290573,0.0,0.0,0.426223,0.737005,-0.311895,0.0,0.0,0.558763,0.25722,-0.189131,0.0,0.0,0.55679,0.507012,-0.259294,0.0,0.0,0.560749,0.683069,-0.291897,0.0,0.0,0.570725,0.828694,-0.318321,0.0,0.0,0.62009,0.268992,-0.18146,0.0,0.0,0.637697,0.489312,-0.239925,0.0,0.0,0.651405,0.643566,-0.264923,0.0,0.0,0.667059,0.77145,-0.283844,0.0,0.0,0.664584,0.283121,-0.174097,0.0,0.0,0.708923,0.444383,-0.224593,0.0,0.0,0.741957,0.538148,-0.246721,0.0,0.0,0.773483,0.621925,-0.262588,0.0,0.0
v1.mp4,1219610e4175dfcfd945e2d4a5016440b91148cdbcc5449d7badf3789d2f4a86,1920,1080,12.02,596,49.583,483,40250,Left,0.965131,0.581776,0.111247,1e-06,0.0,0.0,0.490235,0.163487,-0.053399,0.0,0.0,0.408376,0.253845,-0.103339,0.0,0.0,0.34518,0.3488,-0.140673,0.0,0.0,0.296586,0.445554,-0.181303,0.0,0.0,0.483962,0.258016,-0.184222,0.0,0.0,0.455358,0.467219,-0.250093,0.0,0.0,0.437379,0.615467,-0.282888,0.0,0.0,0.425332,0.743942,-0.303918,0.0,0.0,0.557687,0.267454,-0.182218,0.0,0.0,0.555575,0.513216,-0.251372,0.0,0.0,0.560752,0.688359,-0.283277,0.0,0.0,0.573427,0.835152,-0.308535,0.0,0.0,0.619385,0.276647,-0.175032,0.0,0.0,0.637229,0.486791,-0.233186,0.0,0.0,0.650993,0.638231,-0.257077,0.0,0.0,0.667553,0.766678,-0.274333,0.0,0.0,0.664615,0.286665,-0.16851,0.0,0.0,0.709643,0.443497,-0.218891,0.0,0.0,0.74267,0.535826,-0.240213,0.0,0.0,0.774682,0.619913,-0.254775,0.0,0.0
v1.mp4,1219610e4175dfcfd945e2d4a5016440b91148cdbcc5449d7badf3789d2f4a86,1920,1080,12.02,596,49.583,484,40333,Left,0.981254,0.581216,0.111673,0.0,0.0,0.0,0.48928,0.160742,-0.066459,0.0,0.0,0.411634,0.258163,-0.121467,0.0,0.0,0.348093,0.355289,-0.160621,0.0,0.0,0.299443,0.449216,-0.202877,0.0,0.0,0.484549,0.289046,-0.204071,0.0,0.0,0.45298,0.467138,-0.276239,0.0,0.0,0.437653,0.605009,-0.314556,0.0,0.0,0.427342,0.729508,-0.341094,0.0,0.0,0.559626,0.305075,-0.196722,0.0,0.0,0.578276,0.503171,-0.277644,0.0,0.0,0.604011,0.640667,-0.315593,0.0,0.0,0.628951,0.760486,-0.34492,0.0,0.0,0.619808,0.321437,-0.184556,0.0,0.0,0.641833,0.500093,-0.253872,0.0,0.0,0.663624,0.64403,-0.285124,0.0,0.0,0.686429,0.773259,-0.30756,0.0,0.0,0.661588,0.328814,-0.17331,0.0,0.0,0.707627,0.466628,-0.230229,0.0,0.0,0.744098,0.546051,-0.25687,0.0,0.0,0.781252,0.621616,-0.275993,0.0,0.0
v1.mp4,1219610e4175dfcfd945e2d4a5016440b91148cdbcc5449d7badf3789d2f4a86,1920,1080,12.02,596,49.583,485,40416,Left,0.952331,0.583273,0.115975,0.0,0.0,0.0,0.494419,0.162601,-0.0608,0.0,0.0,0.413743,0.259378,-0.112575,0.0,0.0,0.348323,0.358409,-0.150095,0.0,0.0,0.301381,0.454322,-0.189471,0.0,0.0,0.489893,0.27882,-0.19153,0.0,0.0,0.458128,0.472061,-0.259326,0.0,0.0,0.438508,0.606403,-0.293826,0.0,0.0,0.424787,0.730808,-0.317636,0.0,0.0,0.562354,0.293763,-0.18427,0.0,0.0,0.570308,0.440535,-0.255663,0.0,0.0,0.581439,0.532422,-0.280343,0.0,0.0,0.593442,0.615303,-0.301261,0.0,0.0,0.623901,0.314917,-0.174306,0.0,0.0,0.640148,0.477963,-0.239841,0.0,0.0,0.658472,0.60896,-0.26496,0.0,0.0,0.679165,0.733962,-0.283789,0.0,0.0,0.667209,0.332326,-0.165086,0.0,0.0,0.709056,0.469928,-0.218336,0.0,0.0,0.741551,0.547251,-0.242335,0.0,0.0,0.775291,0.620609,-0.26056,0.0,0.0
v1.mp4,1219610e4175dfcfd945e2d4a5016440b91148cdbcc5449d7badf3789d2f4a86,1920,1080,12.02,596,49.583,486,40500,Left,0.961351,0.582675,0.113734,0.0,0.0,0.0,0.495205,0.16107,-0.058086,0.0,0.0,0.413207,0.258382,-0.107483,0.0,0.0,0.347768,0.359849,-0.142924,0.0,0.0,0.30127,0.455996,-0.180479,0.0,0.0,0.489362,0.272868,-0.187443,0.0,0.0,0.457988,0.469372,-0.253296,0.0,0.0,0.438805,0.605466,-0.286645,0.0,0.0,0.425275,0.731229,-0.309676,0.0,0.0,0.561657,0.287691,-0.180884,0.0,0.0,0.569387,0.447686,-0.249493,0.0,0.0,0.582398,0.545654,-0.273129,0.0,0.0,0.596561,0.629831,-0.293255,0.0,0.0,0.623399,0.309316,-0.171477,0.0,0.0,0.638353,0.48133,-0.23507,0.0,0.0,0.656667,0.615323,-0.260713,0.0,0.0,0.67759,0.740249,-0.279812,0.0,0.0,0.66698,0.327328,-0.162509,0.0,0.0,0.70918,0.468968,-0.21512,0.0,0.0,0.74234,0.547622,-0.239459,0.0,0.0,0.77677,0.620209,-0.257773,0.0,0.0
v1.mp4,1219610e4175dfcfd945e2d4a5016440b91148cdbcc5449d7badf3789d2f4a86,1920,1080,12.02,596,49.583,487,40583,Left,0.952441,0.582028,0.117941,0.0,0.0,0.0,0.494129,0.164206,-0.061084,0.0,0.0,0.412556,0.258441,-0.112715,0.0,0.0,0.347213,0.358463,-0.149597,0.0,0.0,0.300436,0.45448,-0.188584,0.0,0.0,0.488584,0.277458,-0.194862,0.0,0.0,0.457952,0.471353,-0.264427,0.0,0.0,0.438215,0.607232,-0.300516,0.0,0.0,0.424416,0.731707,-0.324754,0.0,0.0,0.56202,0.29266,-0.186701,0.0,0.0,0.568641,0.448134,-0.258717,0.0,0.0,0.580606,0.546911,-0.284101,0.0,0.0,0.595059,0.632726,-0.30505,0.0,0.0,0.623644,0.313836,-0.175581,0.0,0.0,0.638734,0.481809,-0.243117,0.0,0.0,0.656399,0.614609,-0.270876,0.0,0.0,0.677201,0.739542,-0.290606,0.0,0.0,0.665942,0.331426,-0.164698,0.0,0.0,0.708851,0.469389,-0.2196,0.0,0.0,0.741714,0.546551,-0.244826,0.0,0.0,0.776364,0.618533,-0.263441,0.0,0.0
v1.mp4,1219610e4175dfcfd945e2d4a5016440b91148cdbcc5449d7badf3789d2f4a86,1920,1080,12.02,596,49.583,488,40666,Left,0.956657,0.57989,0.110295,1e-06,0.0,0.0,0.49028,0.157111,-0.062672,0.0,0.0,0.408919,0.255109,-0.114581,0.0,0.0,0.345524,0.354688,-0.151696,0.0,0.0,0.298696,0.452926,-0.192426,0.0,0.0,0.48139,0.273212,-0.19618,0.0,0.0,0.452946,0.461227,-0.265008,0.0,0.0,0.435342,0.600388,-0.301557,0.0,0.0,0.42331,0.730567,-0.326423,0.0,0.0,0.557843,0.290579,-0.189441,0.0,0.0,0.566586,0.495309,-0.25841,0.0,0.0,0.581953,0.646539,-0.290187,0.0,0.0,0.601444,0.782337,-0.317239,0.0,0.0,0.62097,0.305184,-0.178367,0.0,0.0,0.637149,0.495669,-0.239135,0.0,0.0,0.656284,0.63851,-0.266048,0.0,0.0,0.677854,0.767606,-0.286751,0.0,0.0,0.665773,0.311154,-0.168548,0.0,0.0,0.706589,0.457472,-0.221789,0.0,0.0,0.739396,0.539906,-0.246202,0.0,0.0,0.773096,0.616337,-0.263966,0.0,0.0
v1.mp4,1219610e4175dfcfd945e2d4a5016440b91148cdbcc5449d7badf3789d2f4a86,1920,1080,12.02,596,49.583,489,40750,Left,0.973304,0.579537,0.117988,1e-06,0.0,0.0,0.488186,0.170871,-0.052612,0.0,0.0,0.408235,0.256911,-0.104083,0.0,0.0,0.344863,0.350475,-0.142481,0.0,0.0,0.298029,0.45034,-0.183616,0.0,0.0,0.480873,0.26038,-0.190557,0.0,0.0,0.45516,0.470012,-0.259103,0.0,0.0,0.438105,0.618056,-0.293194,0.0,0.0,0.424926,0.74624,-0.314715,0.0,0.0,0.556254,0.269202,-0.188407,0.0,0.0,0.548383,0.506999,-0.260935,0.0,0.0,0.546557,0.681108,-0.294451,0.0,0.0,0.551406,0.828223,-0.320987,0.0,0.0,0.619365,0.279655,-0.180519,0.0,0.0,0.635247,0.486634,-0.241223,0.0,0.0,0.649496,0.639143,-0.266828,0.0,0.0,0.664651,0.76692,-0.285068,0.0,0.0,0.665637,0.291523,-0.172823,0.0,0.0,0.709749,0.445996,-0.225175,0.0,0.0,0.742412,0.538564,-0.248187,0.0,0.0,0.774365,0.622814,-0.263795,0.0,0.0
v1.mp4,1219610e4175dfcfd945e2d4a5016440b91148cdbcc5449d7badf3789d2f4a86,1920,1080,12.02,596,49.583,490,40833,Left,0.966265,0.581873,0.11183,1e-06,0.0,0.0,0.489684,0.164905,-0.053208,0.0,0.0,0.408391,0.255965,-0.105894,0.0,0.0,0.345246,0.351728,-0.145456,0.0,0.0,0.297056,0.452507,-0.188341,0.0,0.0,0.486367,0.25128,-0.194483,0.0,0.0,0.457265,0.463975,-0.263475,0.0,0.0,0.43988,0.613091,-0.297392,0.0,0.0,0.427054,0.740415,-0.318898,0.0,0.0,0.559279,0.259306,-0.192565,0.0,0.0,0.550699,0.506069,-0.266599,0.0,0.0,0.551109,0.682477,-0.301177,0.0,0.0,0.559158,0.828772,-0.328341,0.0,0.0,0.619917,0.271294,-0.184413,0.0,0.0,0.637233,0.491218,-0.246038,0.0,0.0,0.652153,0.644522,-0.271921,0.0,0.0,0.669189,0.771578,-0.290597,0.0,0.0,0.663231,0.285498,-0.17629,0.0,0.0,0.707055,0.446318,-0.228246,0.0,0.0,0.739168,0.539152,-0.250489,0.0,0.0,0.771157,0.623311,-0.266095,0.0,0.0
v1.mp4,1219610e4175dfcfd945e2d4a5016440b91148cdbcc5449d7badf3789d2f4a86,1920,1080,12.02,596,49.583,491,40916,Left,0.969361,0.581256,0.117428,1e-06,0.0,0.0,0.488726,0.170009,-0.051631,0.0,0.0,0.408886,0.257866,-0.102879,0.0,0.0,0.346767,0.352198,-0.141627,0.0,0.0,0.298492,0.448478,-0.183734,0.0,0.0,0.487183,0.256331,-0.18762,0.0,0.0,0.458069,0.464811,-0.254401,0.0,0.0,0.439986,0.612186,-0.287335,0.0,0.0,0.426522,0.738066,-0.308318,0.0,0.0,0.560735,0.26407,-0.186467,0.0,0.0,0.551349,0.508481,-0.257372,0.0,0.0,0.551437,0.682801,-0.290577,0.0,0.0,0.558975,0.827667,-0.316713,0.0,0.0,0.621725,0.275189,-0.179423,0.0,0.0,0.637721,0.491748,-0.238982,0.0,0.0,0.652108,0.643437,-0.264501,0.0,0.0,0.668834,0.770181,-0.28305,0.0,0.0,0.665475,0.28866,-0.172476,0.0,0.0,0.709446,0.444803,-0.223637,0.0,0.0,0.742055,0.53649,-0.245816,0.0,0.0,0.773722,0.620388,-0.261247,0.0,0.0
v1.mp4,1219610e4175dfcfd945e2d4a5016440b91148cdbcc5449d7badf3789d2f4a86,1920,1080,12.02,596,49.583,492,41000,Left,0.962121,0.579202,0.120575,1e-06,0.0,0.0,0.48784,0.171583,-0.052752,0.0,0.0,0.407891,0.257579,-0.104903,0.0,0.0,0.34524,0.350251,-0.14432,0.0,0.0,0.297884,0.449095,-0.187011,0.0,0.0,0.483168,0.254863,-0.191649,0.0,0.0,0.457321,0.465598,-0.260026,0.0,0.0,0.441351,0.615658,-0.293757,0.0,0.0,0.429289,0.744501,-0.315242,0.0,0.0,0.557655,0.26218,-0.190311,0.0,0.0,0.551369,0.506234,-0.262901,0.0,0.0,0.552292,0.682141,-0.296388,0.0,0.0,0.560058,0.828773,-0.322932,0.0,0.0,0.619956,0.27217,-0.183143,0.0,0.0,0.637296,0.484087,-0.243767,0.0,0.0,0.651043,0.636333,-0.268841,0.0,0.0,0.666419,0.763133,-0.286973,0.0,0.0,0.665132,0.284549,-0.176229,0.0,0.0,0.709354,0.440342,-0.228197,0.0,0.0,0.741769,0.53375,-0.250601,0.0,0.0,0.773121,0.619066,-0.266169,0.0,0.0
v1.mp4,1219610e4175dfcfd945e2d4a5016440b91148cdbcc5449d7badf3789d2f4a86,1920,1080,12.02,596,49.583,493,41083,Left,0.963973,0.579511,0.11802,1e-06,0.0,0.0,0.487748,0.169928,-0.052877,0.0,0.0,0.407912,0.258377,-0.104697,0.0,0.0,0.345251,0.352883,-0.143885,0.0,0.0,0.297217,0.451654,-0.186562,0.0,0.0,0.485528,0.256851,-0.190427,0.0,0.0,0.457811,0.462959,-0.25883,0.0,0.0,0.440235,0.611483,-0.293283,0.0,0.0,0.426937,0.739027,-0.315552,0.0,0.0,0.559056,0.264768,-0.189188,0.0,0.0,0.551901,0.505607,-0.26236,0.0,0.0,0.552208,0.680139,-0.297368,0.0,0.0,0.559651,0.826515,-0.325143,0.0,0.0,0.620639,0.275821,-0.182045,0.0,0.0,0.63824,0.491579,-0.243658,0.0,0.0,0.653357,0.643726,-0.269929,0.0,0.0,0.670483,0.770875,-0.288979,0.0,0.0,0.665279,0.288442,-0.175058,0.0,0.0,0.709492,0.446519,-0.227547,0.0,0.0,0.742314,0.53889,-0.250169,0.0,0.0,0.77464,0.62244,-0.266041,0.0,0.0
v1.mp4,1219610e4175dfcfd945e2d4a5016440b91148cdbcc5449d7badf3789d2f4a86,1920,1080,12.02,596,49.583,494,41166,Left,0.96735,0.578606,0.12431,1e-06,0.0,0.0,0.486592,0.174351,-0.054047,0.0,0.0,0.407836,0.257602,-0.107363,0.0,0.0,0.345439,0.349973,-0.147259,0.0,0.0,0.297309,0.449896,-0.190154,0.0,0.0,0.484285,0.255547,-0.19813,0.0,0.0,0.457478,0.465818,-0.267166,0.0,0.0,0.441331,0.615816,-0.300294,0.0,0.0,0.428687,0.74489,-0.321533,0.0,0.0,0.560971,0.266272,-0.195721,0.0,0.0,0.553653,0.505713,-0.271075,0.0,0.0,0.553152,0.681762,-0.305679,0.0,0.0,0.559761,0.828263,-0.33305,0.0,0.0,0.623647,0.279665,-0.186916,0.0,0.0,0.640689,0.486588,-0.249481,0.0,0.0,0.652104,0.635763,-0.275868,0.0,0.0,0.665204,0.759699,-0.295096,0.0,0.0,0.66787,0.29521,-0.178205,0.0,0.0,0.717782,0.446432,-0.231909,0.0,0.0,0.754685,0.529799,-0.255639,0.0,0.0,0.789359,0.606716,-0.272117,0.0,0.0
v1.mp4,1219610e4175dfcfd945e2d4a5016440b91148cdbcc5449d7badf3789d2f4a86,1920,1080,12.02,596,49.583,495,41250,Left,0.972691,0.57906,0.118519,1e-06,0.0,0.0,0.487992,0.170691,-0.051517,0.0,0.0,0.4092,0.255591,-0.102315,0.0,0.0,0.34814,0.350169,-0.139609,0.0,0.0,0.30189,0.454001,-0.180132,0.0,0.0,0.484084,0.259779,-0.193143,0.0,0.0,0.457035,0.465174,-0.261234,0.0,0.0,0.439872,0.614241,-0.295989,0.0,0.0,0.425745,0.744056,-0.318759,0.0,0.0,0.559176,0.271641,-0.190611,0.0,0.0,0.550802,0.507459,-0.261303,0.0,0.0,0.548621,0.679596,-0.295053,0.0,0.0,0.554352,0.825917,-0.322989,0.0,0.0,0.621164,0.285554,-0.181581,0.0,0.0,0.638562,0.495649,-0.240653,0.0,0.0,0.653198,0.645183,-0.26771,0.0,0.0,0.669382,0.769735,-0.288845,0.0,0.0,0.665331,0.299845,-0.172423,0.0,0.0,0.72258,0.440737,-0.224938,0.0,0.0,0.766009,0.516165,-0.248937,0.0,0.0,0.805967,0.585477,-0.266084,0.0,0.0
v1.mp4,1219610e4175dfcfd945e2d4a5016440b91148cdbcc5449d7badf3789d2f4a86,1920,1080,12.02,596,49.583,496,41333,Left,0.992702,0.581192,0.103556,1e-06,0.0,0.0,0.489689,0.168865,-0.045825,0.0,0.0,0.410191,0.255951,-0.093788,0.0,0.0,0.347172,0.351039,-0.127716,0.0,0.0,0.301694,0.453108,-0.164699,0.0,0.0,0.488677,0.261636,-0.188133,0.0,0.0,0.457461,0.470554,-0.253051,0.0,0.0,0.439399,0.617364,-0.286379,0.0,0.0,0.425701,0.744458,-0.308491,0.0,0.0,0.564918,0.271066,-0.185694,0.0,0.0,0.555046,0.518079,-0.252711,0.0,0.0,0.551081,0.687842,-0.287279,0.0,0.0,0.55704,0.831419,-0.315091,0.0,0.0,0.623714,0.281173,-0.175314,0.0,0.0,0.6499,0.495014,-0.232436,0.0,0.0,0.671104,0.642468,-0.26439,0.0,0.0,0.69401,0.767407,-0.289209,0.0,0.0,0.662489,0.291348,-0.163427,0.0,0.0,0.729891,0.392019,-0.213492,0.0,0.0,0.781247,0.435682,-0.237314,0.0,0.0,0.825829,0.479752,-0.254397,0.0,0.0
v1.mp4,1219610e4175dfcfd945e2d4a5016440b91148cdbcc5449d7badf3789d2f4a86,1920,1080,12.02,596,49.583,497,41416,Left,0.934626,0.576447,0.087782,1e-06,0.0,0.0,0.490162,0.152362,-0.058262,0.0,0.0,0.412941,0.243822,-0.111873,0.0,0.0,0.353514,0.345366,-0.151354,0.0,0.0,0.308425,0.450785,-0.193377,0.0,0.0,0.489793,0.262229,-0.200447,0.0,0.0,0.456098,0.463216,-0.270922,0.0,0.0,0.442297,0.608018,-0.306375,0.0,0.0,0.429974,0.741243,-0.330476,0.0,0.0,0.559707,0.272922,-0.194674,0.0,0.0,0.55123,0.472247,-0.270609,0.0,0.0,0.555128,0.626668,-0.307587,0.0,0.0,0.564549,0.761248,-0.336265,0.0,0.0,0.616555,0.273883,-0.182582,0.0,0.0,0.645051,0.425233,-0.250794,0.0,0.0,0.670357,0.541191,-0.284662,0.0,0.0,0.698405,0.646949,-0.307747,0.0,0.0,0.655883,0.271743,-0.169948,0.0,0.0,0.730736,0.359151,-0.229678,0.0,0.0,0.784841,0.412243,-0.259108,0.0,0.0,0.834876,0.470291,-0.278594,0.0,0.0
v1.mp4,1219610e4175dfcfd945e2d4a5016440b91148cdbcc5449d7badf3789d2f4a86,1920,1080,12.02,596,49.583,498,41500,Left,0.963898,0.581886,0.099471,1e-06,0.0,0.0,0.490445,0.159024,-0.068025,0.0,0.0,0.413902,0.25106,-0.126018,0.0,0.0,0.349832,0.352321,-0.167533,0.0,0.0,0.301409,0.455307,-0.21033,0.0,0.0,0.491088,0.265295,-0.215038,0.0,0.0,0.457415,0.468802,-0.288296,0.0,0.0,0.44232,0.611563,-0.325424,0.0,0.0,0.429961,0.745788,-0.349584,0.0,0.0,0.564853,0.280855,-0.201939,0.0,0.0,0.553936,0.481427,-0.286264,0.0,0.0,0.55338,0.634127,-0.332421,0.0,0.0,0.560436,0.774242,-0.368004,0.0,0.0,0.621058,0.30025,-0.181745,0.0,0.0,0.64629,0.459388,-0.252154,0.0,0.0,0.665764,0.571439,-0.289546,0.0,0.0,0.687373,0.671014,-0.314453,0.0,0.0,0.658986,0.326387,-0.16173,0.0,0.0,0.711433,0.481632,-0.214659,0.0,0.0,0.751046,0.574221,-0.244008,0.0,0.0,0.790703,0.660926,-0.265631,0.0,0.0
v1.mp4,1219610e4175dfcfd945e2d4a5016440b91148cdbcc5449d7badf3789d2f4a86,1920,1080,12.02,596,49.583,499,41583,Left,0.956569,0.576211,0.089876,1e-06,0.0,0.0,0.487766,0.161491,-0.053965,0.0,0.0,0.411584,0.249422,-0.105696,0.0,0.0,0.349296,0.349232,-0.143888,0.0,0.0,0.302125,0.454661,-0.18444,0.0,0.0,0.486411,0.265787,-0.194645,0.0,0.0,0.454313,0.46805,-0.266117,0.0,0.0,0.43947,0.611968,-0.303362,0.0,0.0,0.427134,0.741287,-0.327878,0.0,0.0,0.558066,0.271705,-0.190478,0.0,0.0,0.553179,0.481933,-0.266125,0.0,0.0,0.555392,0.643277,-0.304652,0.0,0.0,0.56411,0.783186,-0.334314,0.0,0.0,0.615765,0.269401,-0.179574,0.0,0.0,0.641061,0.421515,-0.244481,0.0,0.0,0.659047,0.537735,-0.276003,0.0,0.0,0.679332,0.644532,-0.297758,0.0,0.0,0.656023,0.266535,-0.168193,0.0,0.0,0.723304,0.34622,-0.224438,0.0,0.0,0.77133,0.393748,-0.250598,0.0,0.0,0.816131,0.446964,-0.267445,0.0,0.0
v1.mp4,1219610e4175dfcfd945e2d4a5016440b91148cdbcc5449d7badf3789d2f4a86,1920,1080,12.02,596,49.583,500,41666,Left,0.975988,0.576738,0.085061,1e-06,0.0,0.0,0.489514,0.157606,-0.049239,0.0,0.0,0.412255,0.24506,-0.098772,0.0,0.0,0.348919,0.347348,-0.135295,0.0,0.0,0.300949,0.452258,-0.174492,0.0,0.0,0.486058,0.259174,-0.187419,0.0,0.0,0.453578,0.467488,-0.257175,0.0,0.0,0.439296,0.614729,-0.292717,0.0,0.0,0.426957,0.741515,-0.315652,0.0,0.0,0.558328,0.266109,-0.185518,0.0,0.0,0.555008,0.501161,-0.258083,0.0,0.0,0.556712,0.667763,-0.29575,0.0,0.0,0.564387,0.806812,-0.323968,0.0,0.0,0.61578,0.26244,-0.176627,0.0,0.0,0.64139,0.427051,-0.240762,0.0,0.0,0.658512,0.545994,-0.274511,0.0,0.0,0.678111,0.652166,-0.297099,0.0,0.0,0.65496,0.256543,-0.166476,0.0,0.0,0.724424,0.32633,-0.222915,0.0,0.0,0.773489,0.368802,-0.249915,0.0,0.0,0.819103,0.416642,-0.266734,0.0,0.0
v1.mp4,1219610e4175dfcfd945e2d4a5016440b91148cdbcc5449d7badf3789d2f4a86,1920,1080,12.02,596,49.583,501,41750,Left,0.986677,0.582301,0.099724,1e-06,0.0,0.0,0.491547,0.161863,-0.047642,0.0,0.0,0.411175,0.248942,-0.093782,0.0,0.0,0.347987,0.348467,-0.12677,0.0,0.0,0.301723,0.449897,-0.163308,0.0,0.0,0.488261,0.253345,-0.177785,0.0,0.0,0.45812,0.46205,-0.242288,0.0,0.0,0.440395,0.612527,-0.277017,0.0,0.0,0.426008,0.738783,-0.299304,0.0,0.0,0.561158,0.264692,-0.174447,0.0,0.0,0.553803,0.511013,-0.236208,0.0,0.0,0.55017,0.682,-0.269224,0.0,0.0,0.554416,0.824321,-0.295144,0.0,0.0,0.619608,0.269948,-0.164384,0.0,0.0,0.643317,0.481878,-0.216299,0.0,0.0,0.65904,0.626913,-0.24678,0.0,0.0,0.674792,0.750332,-0.270086,0.0,0.0,0.658996,0.272246,-0.153531,0.0,0.0,0.72036,0.360697,-0.201271,0.0,0.0,0.761983,0.410067,-0.224435,0.0,0.0,0.798441,0.456012,-0.239737,0.0,0.0
v1.mp4,1219610e4175dfcfd945e2d4a5016440b91148cdbcc5449d7badf3789d2f4a86,1920,1080,12.02,596,49.583,502,41833,Left,0.975426,0.580646,0.102405,1e-06,0.0,0.0,0.487562,0.165949,-0.056891,0.0,0.0,0.408355,0.250419,-0.110804,0.0,0.0,0.345829,0.348023,-0.14956,0.0,0.0,0.298081,0.44836,-0.191125,0.0,0.0,0.486187,0.252145,-0.200541,0.0,0.0,0.45888,0.466818,-0.270149,0.0,0.0,0.443254,0.618315,-0.305503,0.0,0.0,0.429789,0.745871,-0.328171,0.0,0.0,0.562659,0.258817,-0.195343,0.0,0.0,0.556463,0.506244,-0.26897,0.0,0.0,0.554895,0.682464,-0.306282,0.0,0.0,0.559157,0.829311,-0.335286,0.0,0.0,0.623979,0.266849,-0.183507,0.0,0.0,0.645759,0.473435,-0.245108,0.0,0.0,0.656326,0.62858,-0.278379,0.0,0.0,0.667144,0.757246,-0.302348,0.0,0.0,0.665968,0.279425,-0.171183,0.0,0.0,0.734511,0.411148,-0.223311,0.0,0.0,0.780823,0.492256,-0.250303,0.0,0.0,0.821315,0.56544,-0.269092,0.0,0.0
v1.mp4,1219610e4175dfcfd945e2d4a5016440b91148cdbcc5449d7badf3789d2f4a86,1920,1080,12.02,596,49.583,503,41916,Left,0.977661,0.584668,0.103935,1e-06,0.0,0.0,0.489485,0.169315,-0.043542,0.0,0.0,0.406641,0.253297,-0.089575,0.0,0.0,0.348326,0.350425,-0.123507,0.0,0.0,0.305146,0.453373,-0.160886,0.0,0.0,0.486585,0.261432,-0.177611,0.0,0.0,0.457275,0.463321,-0.241503,0.0,0.0,0.441332,0.611398,-0.275913,0.0,0.0,0.42799,0.741951,-0.298881,0.0,0.0,0.562544,0.268635,-0.177644,0.0,0.0,0.554065,0.502389,-0.241884,0.0,0.0,0.552584,0.671807,-0.273932,0.0,0.0,0.5588,0.816916,-0.301144,0.0,0.0,0.625725,0.276805,-0.170982,0.0,0.0,0.641284,0.486044,-0.224077,0.0,0.0,0.653393,0.636961,-0.250025,0.0,0.0,0.665745,0.766804,-0.271212,0.0,0.0,0.671676,0.286324,-0.163533,0.0,0.0,0.739115,0.42213,-0.210821,0.0,0.0,0.784583,0.500267,-0.232101,0.0,0.0,0.823113,0.573497,-0.247543,0.0,0.0
v1.mp4,1219610e4175dfcfd945e2d4a5016440b91148cdbcc5449d7badf3789d2f4a86,1920,1080,12.02,596,49.583,504,42000,Left,0.959855,0.58123,0.109702,1e-06,0.0,0.0,0.487612,0.16654,-0.044803,0.0,0.0,0.409206,0.2497,-0.092477,0.0,0.0,0.349112,0.346967,-0.129015,0.0,0.0,0.302243,0.450367,-0.168712,0.0,0.0,0.482417,0.256352,-0.176551,0.0,0.0,0.45586,0.462948,-0.24268,0.0,0.0,0.43865,0.610789,-0.277268,0.0,0.0,0.423534,0.742103,-0.299924,0.0,0.0,0.556073,0.268541,-0.177418,0.0,0.0,0.549766,0.50263,-0.242926,0.0,0.0,0.548785,0.672912,-0.273336,0.0,0.0,0.554184,0.817622,-0.299506,0.0,0.0,0.619971,0.279949,-0.172554,0.0,0.0,0.635509,0.490475,-0.227771,0.0,0.0,0.646666,0.641086,-0.250948,0.0,0.0,0.658927,0.766765,-0.269528,0.0,0.0,0.667413,0.289609,-0.167576,0.0,0.0,0.722168,0.437776,-0.217126,0.0,0.0,0.760394,0.525706,-0.23837,0.0,0.0,0.795502,0.606858,-0.253599,0.0,0.0
v1.mp4,1219610e4175dfcfd945e2d4a5016440b91148cdbcc5449d7badf3789d2f4a86,1920,1080,12.02,596,49.583,505,42083,Left,0.973081,0.5792,0.121428,1e-06,0.0,0.0,0.486631,0.177284,-0.051697,0.0,0.0,0.408255,0.259629,-0.104142,0.0,0.0,0.346143,0.351433,-0.143329,0.0,0.0,0.297334,0.450535,-0.185463,0.0,0.0,0.485373,0.254532,-0.19611,0.0,0.0,0.45898,0.466581,-0.265194,0.0,0.0,0.442392,0.616618,-0.299381,0.0,0.0,0.428118,0.746426,-0.321518,0.0,0.0,0.560757,0.264509,-0.194225,0.0,0.0,0.555021,0.503807,-0.267938,0.0,0.0,0.553982,0.679647,-0.302164,0.0,0.0,0.559328,0.826645,-0.329981,0.0,0.0,0.622442,0.279166,-0.185824,0.0,0.0,0.640986,0.488905,-0.246442,0.0,0.0,0.650677,0.641289,-0.272601,0.0,0.0,0.660685,0.768864,-0.292686,0.0,0.0,0.665587,0.296508,-0.177416,0.0,0.0,0.718518,0.442256,-0.229141,0.0,0.0,0.755319,0.527031,-0.252392,0.0,0.0,0.788251,0.606098,-0.269315,0.0,0.0
v1.mp4,1219610e4175dfcfd945e2d4a5016440b91148cdbcc5449d7badf3789d2f4a86,1920,1080,12.02,596,49.583,506,42166,Left,0.963539,0.579575,0.121373,1e-06,0.0,0.0,0.486931,0.175706,-0.050212,0.0,0.0,0.407821,0.256672,-0.101278,0.0,0.0,0.348521,0.348825,-0.139508,0.0,0.0,0.302937,0.451887,-0.180412,0.0,0.0,0.483901,0.256771,-0.192671,0.0,0.0,0.457364,0.464331,-0.261523,0.0,0.0,0.44126,0.614205,-0.295773,0.0,0.0,0.427229,0.74542,-0.317954,0.0,0.0,0.560135,0.267915,-0.191368,0.0,0.0,0.553903,0.505354,-0.264994,0.0,0.0,0.551626,0.679896,-0.299483,0.0,0.0,0.555095,0.827299,-0.327454,0.0,0.0,0.62246,0.280723,-0.183519,0.0,0.0,0.639537,0.484174,-0.243428,0.0,0.0,0.648218,0.634076,-0.268796,0.0,0.0,0.656324,0.759989,-0.28815,0.0,0.0,0.66671,0.294498,-0.175708,0.0,0.0,0.71915,0.440433,-0.227137,0.0,0.0,0.755026,0.525429,-0.250102,0.0,0.0,0.786914,0.605409,-0.266557,0.0,0.0
v1.mp4,1219610e4175dfcfd945e2d4a5016440b91148cdbcc5449d7badf3789d2f4a86,1920,1080,12.02,596,49.583,507,42250,Left,0.968859,0.580197,0.117502,1e-06,0.0,0.0,0.488105,0.174155,-0.05056,0.0,0.0,0.409082,0.257333,-0.101433,0.0,0.0,0.348211,0.350569,-0.139502,0.0,0.0,0.301507,0.451376,-0.180325,0.0,0.0,0.483438,0.254357,-0.191071,0.0,0.0,0.456545,0.462972,-0.25937,0.0,0.0,0.440875,0.613,-0.293262,0.0,0.0,0.427461,0.743711,-0.315009,0.0,0.0,0.558934,0.264379,-0.1894,0.0,0.0,0.55278,0.504855,-0.26195,0.0,0.0,0.550612,0.679976,-0.295864,0.0,0.0,0.554232,0.827323,-0.323168,0.0,0.0,0.620817,0.278136,-0.181412,0.0,0.0,0.638613,0.483565,-0.240609,0.0,0.0,0.647787,0.634169,-0.26625,0.0,0.0,0.65655,0.75987,-0.285601,0.0,0.0,0.664898,0.294668,-0.173526,0.0,0.0,0.717759,0.441368,-0.224279,0.0,0.0,0.754796,0.526801,-0.247187,0.0,0.0,0.787709,0.605813,-0.263472,0.0,0.0
v1.mp4,1219610e4175dfcfd945e2d4a5016440b91148cdbcc5449d7badf3789d2f4a86,1920,1080,12.02,596,49.583,508,42333,Left,0.972985,0.579261,0.124874,1e-06,0.0,0.0,0.486073,0.181232,-0.053727,0.0,0.0,0.40921,0.260567,-0.10886,0.0,0.0,0.347876,0.350511,-0.149942,0.0,0.0,0.299623,0.451577,-0.193806,0.0,0.0,0.483425,0.255186,-0.204846,0.0,0.0,0.457666,0.465841,-0.276824,0.0,0.0,0.441589,0.61648,-0.311946,0.0,0.0,0.427397,0.745653,-0.334444,0.0,0.0,0.559372,0.265279,-0.202411,0.0,0.0,0.554335,0.503719,-0.280123,0.0,0.0,0.553016,0.680805,-0.315838,0.0,0.0,0.557235,0.827605,-0.344473,0.0,0.0,0.621732,0.279401,-0.193131,0.0,0.0,0.640748,0.486647,-0.256949,0.0,0.0,0.649816,0.640335,-0.284754,0.0,0.0,0.658066,0.768107,-0.305715,0.0,0.0,0.665274,0.295781,-0.183706,0.0,0.0,0.719148,0.440598,-0.238033,0.0,0.0,0.75524,0.525934,-0.263143,0.0,0.0,0.787236,0.606076,-0.281299,0.0,0.0
v1.mp4,1219610e4175dfcfd945e2d4a5016440b91148cdbcc5449d7badf3789d2f4a86,1920,1080,12.02,596,49.583,509,42416,Left,0.962708,0.577883,0.124385,1e-06,0.0,0.0,0.485129,0.180324,-0.055222,0.0,0.0,0.408123,0.263376,-0.110491,0.0,0.0,0.348504,0.352511,-0.151942,0.0,0.0,0.300574,0.453788,-0.196446,0.0,0.0,0.482992,0.259806,-0.205243,0.0,0.0,0.457991,0.46702,-0.277843,0.0,0.0,0.442521,0.616633,-0.314033,0.0,0.0,0.428781,0.746673,-0.337795,0.0,0.0,0.558195,0.269841,-0.203295,0.0,0.0,0.552858,0.502345,-0.282583,0.0,0.0,0.551918,0.677726,-0.320429,0.0,0.0,0.556331,0.826466,-0.350939,0.0,0.0,0.62018,0.283167,-0.194707,0.0,0.0,0.639639,0.485337,-0.259728,0.0,0.0,0.649287,0.637963,-0.288828,0.0,0.0,0.658138,0.766108,-0.311045,0.0,0.0,0.664394,0.297327,-0.186275,0.0,0.0,0.717946,0.440658,-0.24173,0.0,0.0,0.754528,0.525569,-0.267873,0.0,0.0,0.787346,0.605606,-0.287172,0.0,0.0
v1.mp4,1219610e4175dfcfd945e2d4a5016440b91148cdbcc5449d7badf3789d2f4a86,1920,1080,12.02,596,49.583,510,42500,Left,0.963287,0.578911,0.115878,1e-06,0.0,0.0,0.487187,0.175419,-0.049421,0.0,0.0,0.408879,0.257637,-0.100367,0.0,0.0,0.347815,0.351051,-0.138351,0.0,0.0,0.300977,0.45351,-0.178895,0.0,0.0,0.482637,0.259773,-0.192649,0.0,0.0,0.454057,0.464346,-0.261581,0.0,0.0,0.437589,0.612222,-0.295446,0.0,0.0,0.423074,0.742292,-0.317457,0.0,0.0,0.557742,0.271802,-0.19144,0.0,0.0,0.551474,0.504285,-0.267134,0.0,0.0,0.549578,0.679675,-0.30291,0.0,0.0,0.553359,0.827389,-0.331635,0.0,0.0,0.619553,0.284465,-0.183435,0.0,0.0,0.638236,0.485997,-0.24568,0.0,0.0,0.6485,0.637509,-0.272916,0.0,0.0,0.657829,0.763899,-0.293263,0.0,0.0,0.663371,0.297704,-0.175124,0.0,0.0,0.718699,0.442067,-0.228382,0.0,0.0,0.755387,0.526963,-0.253106,0.0,0.0,0.787864,0.6076,-0.270772,0.0,0.0
v1.mp4,1219610e4175dfcfd945e2d4a5016440b91148cdbcc5449d7badf3789d2f4a86,1920,1080,12.02,596,49.583,511,42583,Left,0.960275,0.583926,0.092204,1e-06,0.0,0.0,0.492495,0.153589,-0.041965,0.0,0.0,0.410732,0.253634,-0.082172,0.0,0.0,0.349042,0.351718,-0.113714,0.0,0.0,0.300398,0.445791,-0.147552,0.0,0.0,0.497287,0.255499,-0.139603,0.0,0.0,0.462227,0.342863,-0.199328,0.0,0.0,0.427695,0.4047,-0.233372,0.0,0.0,0.390667,0.462829,-0.25509,0.0,0.0,0.562773,0.270998,-0.144226,0.0,0.0,0.555321,0.48725,-0.208699,0.0,0.0,0.548555,0.665188,-0.246934,0.0,0.0,0.544167,0.818661,-0.277286,0.0,0.0,0.620562,0.283608,-0.144976,0.0,0.0,0.639055,0.482247,-0.204964,0.0,0.0,0.649576,0.635825,-0.238028,0.0,0.0,0.657191,0.77061,-0.260028,0.0,0.0,0.666622,0.29204,-0.14501,0.0,0.0,0.721377,0.437558,-0.193785,0.0,0.0,0.758537,0.523702,-0.215567,0.0,0.0,0.791412,0.606161,-0.231186,0.0,0.0
v1.mp4,1219610e4175dfcfd945e2d4a5016440b91148cdbcc5449d7badf3789d2f4a86,1920,1080,12.02,596,49.583,512,42666,Left,0.972959,0.57538,0.097686,1e-06,0.0,0.0,0.482229,0.174188,-0.037587,0.0,0.0,0.403029,0.273227,-0.08034,0.0,0.0,0.338827,0.363668,-0.114646,0.0,0.0,0.293413,0.457651,-0.151635,0.0,0.0,0.488111,0.256839,-0.15034,0.0,0.0,0.44619,0.32396,-0.217116,0.0,0.0,0.405991,0.362119,-0.255433,0.0,0.0,0.365662,0.395983,-0.278965,0.0,0.0,0.555239,0.262844,-0.158602,0.0,0.0,0.549788,0.496029,-0.229984,0.0,0.0,0.542019,0.677826,-0.272184,0.0,0.0,0.536644,0.832566,-0.305576,0.0,0.0,0.617337,0.272127,-0.161631,0.0,0.0,0.636031,0.485639,-0.229358,0.0,0.0,0.645774,0.637885,-0.265305,0.0,0.0,0.653126,0.770237,-0.287948,0.0,0.0,0.666516,0.28072,-0.162434,0.0,0.0,0.720352,0.436478,-0.21485,0.0,0.0,0.758031,0.519128,-0.235096,0.0,0.0,0.791551,0.59841,-0.249234,0.0,0.0
v1.mp4,1219610e4175dfcfd945e2d4a5016440b91148cdbcc5449d7badf3789d2f4a86,1920,1080,12.02,596,49.583,513,42750,Left,0.927152,0.574863,0.12179,1e-06,0.0,0.0,0.480114,0.178604,-0.044285,0.0,0.0,0.397615,0.277963,-0.086903,0.0,0.0,0.336766,0.365427,-0.119923,0.0,0.0,0.291731,0.453663,-0.155092,0.0,0.0,0.489352,0.265396,-0.153011,0.0,0.0,0.450987,0.30849,-0.212056,0.0,0.0,0.418233,0.324456,-0.242977,0.0,0.0,0.388819,0.343068,-0.262268,0.0,0.0,0.5561,0.273941,-0.15739,0.0,0.0,0.547787,0.486719,-0.219302,0.0,0.0,0.538354,0.656359,-0.254902,0.0,0.0,0.531717,0.803128,-0.285731,0.0,0.0,0.618342,0.28521,-0.157275,0.0,0.0,0.637762,0.493586,-0.21899,0.0,0.0,0.650095,0.640876,-0.254377,0.0,0.0,0.658117,0.770819,-0.278659,0.0,0.0,0.666688,0.290519,-0.155518,0.0,0.0,0.720692,0.446934,-0.206462,0.0,0.0,0.759098,0.527511,-0.228457,0.0,0.0,0.793564,0.60683,-0.24546,0.0,0.0
v1.mp4,1219610e4175dfcfd945e2d4a5016440b91148cdbcc5449d7badf3789d2f4a86,1920,1080,12.02,596,49.583,514,42833,Left,0.962741,0.578565,0.116084,1e-06,0.0,0.0,0.486973,0.170204,-0.043757,0.0,0.0,0.407313,0.266611,-0.087975,0.0,0.0,0.348906,0.355009,-0.12288,0.0,0.0,0.301004,0.447341,-0.160563,0.0,0.0,0.491194,0.258293,-0.151085,0.0,0.0,0.4614,0.346123,-0.210985,0.0,0.0,0.430275,0.390298,-0.243387,0.0,0.0,0.3976,0.428425,-0.263092,0.0,0.0,0.557734,0.265913,-0.154722,0.0,0.0,0.550984,0.483763,-0.219431,0.0,0.0,0.542498,0.659154,-0.257845,0.0,0.0,0.536102,0.810132,-0.289154,0.0,0.0,0.61885,0.275878,-0.153597,0.0,0.0,0.636953,0.483165,-0.214051,0.0,0.0,0.648773,0.639648,-0.249373,0.0,0.0,0.656458,0.776593,-0.27357,0.0,0.0,0.667035,0.284725,-0.151077,0.0,0.0,0.724685,0.438292,-0.201012,0.0,0.0,0.76145,0.524224,-0.223553,0.0,0.0,0.794739,0.606616,-0.240204,0.0,0.0
v1.mp4,1219610e4175dfcfd945e2d4a5016440b91148cdbcc5449d7badf3789d2f4a86,1920,1080,12.02,596,49.583,515,42916,Left,0.969844,0.583015,0.110195,1e-06,0.0,0.0,0.490295,0.167223,-0.045759,0.0,0.0,0.410752,0.251172,-0.092995,0.0,0.0,0.348468,0.348573,-0.128637,0.0,0.0,0.299002,0.44697,-0.166966,0.0,0.0,0.482128,0.262021,-0.17347,0.0,0.0,0.454348,0.469931,-0.235678,0.0,0.0,0.437372,0.615809,-0.266322,0.0,0.0,0.422248,0.742643,-0.286316,0.0,0.0,0.55638,0.273033,-0.173299,0.0,0.0,0.549744,0.507868,-0.237126,0.0,0.0,0.548683,0.678048,-0.266605,0.0,0.0,0.552496,0.82269,-0.291421,0.0,0.0,0.619721,0.281758,-0.167681,0.0,0.0,0.635617,0.484917,-0.221893,0.0,0.0,0.645431,0.636009,-0.246475,0.0,0.0,0.655128,0.762597,-0.265525,0.0,0.0,0.666273,0.290782,-0.161936,0.0,0.0,0.722321,0.435396,-0.211154,0.0,0.0,0.760695,0.5239,-0.234316,0.0,0.0,0.794327,0.606207,-0.250589,0.0,0.0
v1.mp4,1219610e4175dfcfd945e2d4a5016440b91148cdbcc5449d7badf3789d2f4a86,1920,1080,12.02,596,49.583,516,43000,Left,0.965348,0.580308,0.118055,1e-06,0.0,0.0,0.487652,0.176251,-0.049527,0.0,0.0,0.40918,0.257737,-0.100779,0.0,0.0,0.346238,0.350157,-0.139244,0.0,0.0,0.298262,0.452254,-0.180668,0.0,0.0,0.485828,0.255329,-0.19317,0.0,0.0,0.457143,0.465809,-0.261173,0.0,0.0,0.440116,0.616122,-0.294683,0.0,0.0,0.425769,0.747841,-0.316868,0.0,0.0,0.56034,0.264398,-0.192902,0.0,0.0,0.553378,0.499565,-0.267286,0.0,0.0,0.552711,0.677223,-0.302772,0.0,0.0,0.558451,0.826964,-0.331794,0.0,0.0,0.622332,0.276702,-0.185931,0.0,0.0,0.640276,0.482682,-0.247086,0.0,0.0,0.647459,0.637279,-0.274224,0.0,0.0,0.654216,0.768361,-0.295393,0.0,0.0,0.66634,0.291242,-0.178747,0.0,0.0,0.720096,0.437067,-0.231776,0.0,0.0,0.75558,0.523822,-0.256164,0.0,0.0,0.786137,0.607269,-0.274104,0.0,0.0
v1.mp4,1219610e4175dfcfd945e2d4a5016440b91148cdbcc5449d7badf3789d2f4a86,1920,1080,12.02,596,49.583,517,43083,Left,0.965613,0.579841,0.122024,1e-06,0.0,0.0,0.487421,0.177816,-0.051397,0.0,0.0,0.407965,0.257616,-0.103289,0.0,0.0,0.347811,0.347492,-0.142039,0.0,0.0,0.301635,0.450184,-0.183562,0.0,0.0,0.484092,0.258518,-0.194546,0.0,0.0,0.455414,0.46522,-0.262897,0.0,0.0,0.439256,0.61464,-0.296357,0.0,0.0,0.424824,0.74535,-0.318151,0.0,0.0,0.558866,0.268403,-0.192787,0.0,0.0,0.55157,0.502353,-0.268215,0.0,0.0,0.550226,0.678484,-0.304271,0.0,0.0,0.55418,0.827882,-0.333249,0.0,0.0,0.620287,0.280826,-0.184318,0.0,0.0,0.638123,0.481512,-0.245748,0.0,0.0,0.647253,0.6356,-0.273282,0.0,0.0,0.655419,0.765235,-0.294169,0.0,0.0,0.664271,0.294954,-0.175807,0.0,0.0,0.719284,0.440118,-0.22859,0.0,0.0,0.756172,0.525504,-0.253272,0.0,0.0,0.788922,0.605985,-0.271092,0.0,0.0
v1.mp4,1219610e4175dfcfd945e2d4a5016440b91148cdbcc5449d7badf3789d2f4a86,1920,1080,12.02,596,49.583,518,43166,Left,0.964443,0.578588,0.117001,1e-06,0.0,0.0,0.486053,0.176831,-0.051661,0.0,0.0,0.408537,0.260137,-0.104622,0.0,0.0,0.347444,0.350423,-0.14393,0.0,0.0,0.299777,0.451921,-0.186022,0.0,0.0,0.483675,0.258525,-0.19983,0.0,0.0,0.456451,0.4673,-0.27002,0.0,0.0,0.439745,0.616848,-0.304268,0.0,0.0,0.425064,0.746502,-0.326486,0.0,0.0,0.558218,0.267071,-0.198345,0.0,0.0,0.552652,0.502824,-0.275495,0.0,0.0,0.551822,0.679045,-0.311478,0.0,0.0,0.556459,0.826818,-0.340328,0.0,0.0,0.619965,0.279012,-0.189987,0.0,0.0,0.639678,0.484531,-0.253248,0.0,0.0,0.648941,0.639322,-0.281039,0.0,0.0,0.657189,0.769525,-0.302089,0.0,0.0,0.66375,0.292446,-0.181411,0.0,0.0,0.718831,0.438603,-0.235451,0.0,0.0,0.755745,0.524211,-0.260388,0.0,0.0,0.788456,0.60557,-0.278489,0.0,0.0
v1.mp4,1219610e4175dfcfd945e2d4a5016440b91148cdbcc5449d7badf3789d2f4a86,1920,1080,12.02,596,49.583,519,43250,Left,0.965971,0.578928,0.118793,1e-06,0.0,0.0,0.486668,0.176663,-0.049275,0.0,0.0,0.407327,0.258224,-0.099622,0.0,0.0,0.346629,0.348827,-0.137358,0.0,0.0,0.301202,0.450912,-0.177883,0.0,0.0,0.483696,0.259183,-0.189231,0.0,0.0,0.454946,0.46641,-0.256204,0.0,0.0,0.438649,0.615062,-0.28892,0.0,0.0,0.424382,0.74454,-0.310148,0.0,0.0,0.55859,0.26772,-0.188283,0.0,0.0,0.551739,0.503421,-0.261666,0.0,0.0,0.550255,0.678233,-0.29647,0.0,0.0,0.553906,0.825754,-0.324524,0.0,0.0,0.620245,0.278849,-0.180823,0.0,0.0,0.637618,0.4805,-0.240962,0.0,0.0,0.646342,0.633596,-0.267652,0.0,0.0,0.654049,0.762444,-0.287898,0.0,0.0,0.664434,0.292334,-0.173234,0.0,0.0,0.719132,0.438036,-0.225255,0.0,0.0,0.755881,0.523088,-0.249257,0.0,0.0,0.788208,0.603164,-0.266468,0.0,0.0
v1.mp4,1219610e4175dfcfd945e2d4a5016440b91148cdbcc5449d7badf3789d2f4a86,1920,1080,12.02,596,49.583,520,43333,Left,0.96318,0.580998,0.114908,1e-06,0.0,0.0,0.490441,0.174571,-0.045031,0.0,0.0,0.410252,0.252906,-0.093773,0.0,0.0,0.346658,0.337794,-0.130365,0.0,0.0,0.296186,0.427194,-0.16995,0.0,0.0,0.484834,0.259656,-0.187089,0.0,0.0,0.455455,0.466852,-0.253723,0.0,0.0,0.437991,0.61572,-0.286752,0.0,0.0,0.422158,0.744468,-0.308207,0.0,0.0,0.559143,0.268776,-0.187514,0.0,0.0,0.551929,0.503131,-0.260177,0.0,0.0,0.550329,0.678135,-0.295371,0.0,0.0,0.554247,0.826124,-0.3239,0.0,0.0,0.620334,0.279144,-0.180784,0.0,0.0,0.638034,0.482945,-0.239854,0.0,0.0,0.64773,0.637541,-0.267129,0.0,0.0,0.656175,0.767018,-0.288039,0.0,0.0,0.664269,0.290122,-0.173485,0.0,0.0,0.718601,0.437242,-0.224478,0.0,0.0,0.756019,0.522578,-0.248113,0.0,0.0,0.788361,0.604177,-0.265211,0.0,0.0
v1.mp4,1219610e4175dfcfd945e2d4a5016440b91148cdbcc5449d7badf3789d2f4a86,1920,1080,12.02,596,49.583,521,43416,Left,0.954496,0.584676,0.109882,1e-06,0.0,0.0,0.493961,0.163456,-0.045152,0.0,0.0,0.41212,0.231262,-0.09419,0.0,0.0,0.338201,0.280431,-0.132809,0.0,0.0,0.2705,0.309788,-0.175185,0.0,0.0,0.487392,0.256862,-0.179148,0.0,0.0,0.457353,0.464012,-0.244145,0.0,0.0,0.438811,0.612043,-0.27694,0.0,0.0,0.421197,0.740154,-0.298837,0.0,0.0,0.560813,0.270749,-0.180744,0.0,0.0,0.552985,0.501428,-0.252229,0.0,0.0,0.550446,0.675314,-0.287725,0.0,0.0,0.553306,0.82453,-0.315895,0.0,0.0,0.621871,0.279717,-0.175755,0.0,0.0,0.638881,0.483906,-0.234632,0.0,0.0,0.647633,0.636505,-0.26306,0.0,0.0,0.655889,0.766205,-0.283866,0.0,0.0,0.66617,0.285838,-0.170612,0.0,0.0,0.7183,0.435209,-0.221209,0.0,0.0,0.756492,0.52012,-0.244914,0.0,0.0,0.788895,0.602356,-0.261756,0.0,0.0
v1.mp4,1219610e4175dfcfd945e2d4a5016440b91148cdbcc5449d7badf3789d2f4a86,1920,1080,12.02,596,49.583,522,43500,Left,0.951275,0.587907,0.100539,1e-06,0.0,0.0,0.498765,0.15669,-0.045969,0.0,0.0,0.421346,0.216845,-0.098261,0.0,0.0,0.344215,0.234021,-0.141042,0.0,0.0,0.275402,0.220544,-0.188512,0.0,0.0,0.491328,0.258253,-0.180973,0.0,0.0,0.456322,0.461584,-0.245231,0.0,0.0,0.439364,0.610393,-0.276866,0.0,0.0,0.423441,0.737238,-0.298901,0.0,0.0,0.564294,0.274962,-0.183888,0.0,0.0,0.552832,0.499221,-0.259119,0.0,0.0,0.55181,0.672956,-0.297799,0.0,0.0,0.555134,0.823261,-0.328398,0.0,0.0,0.626496,0.282831,-0.179618,0.0,0.0,0.638847,0.482,-0.242228,0.0,0.0,0.645953,0.635637,-0.275187,0.0,0.0,0.652954,0.765874,-0.299066,0.0,0.0,0.67153,0.284003,-0.17492,0.0,0.0,0.720367,0.432516,-0.228775,0.0,0.0,0.756771,0.516564,-0.255893,0.0,0.0,0.789521,0.599701,-0.275734,0.0,0.0
v1.mp4,1219610e4175dfcfd945e2d4a5016440b91148cdbcc5449d7badf3789d2f4a86,1920,1080,12.02,596,49.583,523,43583,Left,0.95301,0.587684,0.096688,1e-06,0.0,0.0,0.497662,0.155243,-0.042116,0.0,0.0,0.415552,0.221958,-0.090039,0.0,0.0,0.340265,0.253067,-0.129438,0.0,0.0,0.274829,0.249678,-0.173346,0.0,0.0,0.489673,0.252862,-0.169394,0.0,0.0,0.455707,0.46267,-0.230054,0.0,0.0,0.438401,0.610445,-0.259474,0.0,0.0,0.422463,0.736946,-0.279502,0.0,0.0,0.562635,0.268202,-0.173317,0.0,0.0,0.552212,0.499653,-0.241073,0.0,0.0,0.549713,0.673094,-0.274207,0.0,0.0,0.552405,0.821605,-0.3008,0.0,0.0,0.625228,0.276002,-0.171002,0.0,0.0,0.638711,0.480223,-0.227649,0.0,0.0,0.645403,0.635492,-0.25697,0.0,0.0,0.652979,0.767146,-0.278372,0.0,0.0,0.67134,0.278476,-0.168548,0.0,0.0,0.720964,0.433403,-0.218538,0.0,0.0,0.75818,0.519878,-0.243123,0.0,0.0,0.791545,0.601002,-0.260852,0.0,0.0
v1.mp4,1219610e4175dfcfd945e2d4a5016440b91148cdbcc5449d7badf3789d2f4a86,1920,1080,12.02,596,49.583,524,43666,Left,0.96616,0.582721,0.099128,1e-06,0.0,0.0,0.489755,0.16639,-0.043753,0.0,0.0,0.4132,0.261459,-0.088656,0.0,0.0,0.351433,0.361076,-0.122461,0.0,0.0,0.300211,0.45543,-0.159359,0.0,0.0,0.485005,0.259778,-0.175256,0.0,0.0,0.455286,0.467204,-0.23716,0.0,0.0,0.439908,0.616685,-0.267911,0.0,0.0,0.426382,0.750162,-0.288781,0.0,0.0,0.559501,0.270391,-0.176577,0.0,0.0,0.552849,0.50019,-0.242976,0.0,0.0,0.552608,0.677707,-0.27581,0.0,0.0,0.557243,0.829987,-0.303787,0.0,0.0,0.621894,0.280195,-0.171636,0.0,0.0,0.639245,0.47931,-0.226904,0.0,0.0,0.64581,0.635938,-0.25402,0.0,0.0,0.651791,0.769288,-0.275754,0.0,0.0,0.667591,0.287105,-0.166509,0.0,0.0,0.720115,0.437097,-0.216199,0.0,0.0,0.75764,0.522877,-0.240287,0.0,0.0,0.790123,0.603838,-0.258313,0.0,0.0
v1.mp4,1219610e4175dfcfd945e2d4a5016440b91148cdbcc5449d7badf3789d2f4a86,1920,1080,12.02,596,49.583,525,43750,Left,0.969556,0.580583,0.110115,1e-06,0.0,0.0,0.488782,0.177393,-0.051365,0.0,0.0,0.412675,0.2669,-0.104065,0.0,0.0,0.351162,0.36458,-0.142597,0.0,0.0,0.301745,0.464556,-0.183515,0.0,0.0,0.483104,0.260356,-0.2019,0.0,0.0,0.453846,0.466699,-0.273328,0.0,0.0,0.437811,0.61612,-0.308452,0.0,0.0,0.423279,0.74601,-0.331274,0.0,0.0,0.558889,0.26482,-0.200287,0.0,0.0,0.551446,0.497091,-0.279552,0.0,0.0,0.550733,0.67382,-0.316909,0.0,0.0,0.553915,0.823275,-0.346619,0.0,0.0,0.621658,0.274593,-0.191613,0.0,0.0,0.638934,0.474756,-0.256575,0.0,0.0,0.648067,0.631317,-0.285915,0.0,0.0,0.654824,0.762804,-0.307755,0.0,0.0,0.667537,0.288878,-0.182511,0.0,0.0,0.72246,0.433882,-0.238394,0.0,0.0,0.759849,0.522104,-0.265381,0.0,0.0,0.791398,0.605895,-0.284693,0.0,0.0
v1.mp4,1219610e4175dfcfd945e2d4a5016440b91148cdbcc5449d7badf3789d2f4a86,1920,1080,12.02,596,49.583,526,43833,Left,0.973442,0.578728,0.116635,1e-06,0.0,0.0,0.488119,0.181744,-0.049657,0.0,0.0,0.412452,0.269271,-0.101532,0.0,0.0,0.351223,0.365754,-0.139597,0.0,0.0,0.30134,0.465765,-0.180001,0.0,0.0,0.484813,0.256916,-0.199701,0.0,0.0,0.455093,0.46437,-0.270676,0.0,0.0,0.437924,0.614169,-0.305592,0.0,0.0,0.422672,0.745019,-0.328231,0.0,0.0,0.559763,0.262033,-0.19834,0.0,0.0,0.552206,0.497568,-0.27653,0.0,0.0,0.549912,0.674935,-0.313521,0.0,0.0,0.552822,0.825136,-0.343232,0.0,0.0,0.620975,0.274562,-0.189734,0.0,0.0,0.639947,0.479907,-0.253395,0.0,0.0,0.648674,0.636067,-0.2818,0.0,0.0,0.655169,0.767336,-0.303246,0.0,0.0,0.66429,0.292654,-0.180598,0.0,0.0,0.719714,0.440771,-0.234636,0.0,0.0,0.757044,0.526437,-0.259952,0.0,0.0,0.788787,0.607614,-0.278318,0.0,0.0
v1.mp4,1219610e4175dfcfd945e2d4a5016440b91148cdbcc5449d7badf3789d2f4a86,1920,1080,12.02,596,49.583,527,43916,Left,0.970337,0.579416,0.116343,1e-06,0.0,0.0,0.487796,0.180576,-0.052594,0.0,0.0,0.41261,0.26869,-0.106195,0.0,0.0,0.352161,0.364256,-0.14527,0.0,0.0,0.302936,0.465407,-0.18675,0.0,0.0,0.484743,0.258794,-0.204325,0.0,0.0,0.455836,0.466545,-0.275921,0.0,0.0,0.43892,0.616484,-0.311019,0.0,0.0,0.423944,0.745888,-0.333815,0.0,0.0,0.560304,0.265679,-0.201925,0.0,0.0,0.55211,0.498567,-0.28199,0.0,0.0,0.550562,0.675424,-0.319972,0.0,0.0,0.554375,0.824896,-0.350214,0.0,0.0,0.622372,0.277792,-0.192223,0.0,0.0,0.639777,0.480427,-0.257469,0.0,0.0,0.649144,0.636334,-0.287059,0.0,0.0,0.656865,0.767429,-0.309371,0.0,0.0,0.667025,0.294333,-0.182073,0.0,0.0,0.723745,0.438371,-0.23767,0.0,0.0,0.762515,0.522185,-0.264204,0.0,0.0,0.796169,0.602495,-0.283485,0.0,0.0
v1.mp4,1219610e4175dfcfd945e2d4a5016440b91148cdbcc5449d7badf3789d2f4a86,1920,1080,12.02,596,49.583,528,44000,Left,0.977414,0.583024,0.105481,1e-06,0.0,0.0,0.491236,0.175655,-0.039212,0.0,0.0,0.41262,0.264511,-0.083998,0.0,0.0,0.353528,0.362739,-0.117387,0.0,0.0,0.307273,0.46455,-0.154719,0.0,0.0,0.48793,0.254069,-0.174268,0.0,0.0,0.457808,0.466023,-0.238256,0.0,0.0,0.439206,0.613532,-0.271493,0.0,0.0,0.424464,0.74041,-0.293566,0.0,0.0,0.561007,0.25692,-0.178554,0.0,0.0,0.554191,0.506189,-0.243768,0.0,0.0,0.550056,0.679231,-0.278029,0.0,0.0,0.554133,0.827506,-0.305849,0.0,0.0,0.622839,0.258206,-0.175634,0.0,0.0,0.643395,0.470628,-0.233098,0.0,0.0,0.652942,0.621473,-0.265381,0.0,0.0,0.664638,0.754346,-0.290566,0.0,0.0,0.666029,0.260517,-0.170838,0.0,0.0,0.729246,0.352583,-0.222983,0.0,0.0,0.773058,0.400586,-0.246844,0.0,0.0,0.813467,0.452166,-0.263798,0.0,0.0
v1.mp4,1219610e4175dfcfd945e2d4a5016440b91148cdbcc5449d7badf3789d2f4a86,1920,1080,12.02,596,49.583,529,44083,Left,0.983362,0.580506,0.112139,1e-06,0.0,0.0,0.489831,0.17659,-0.043031,0.0,0.0,0.410734,0.265302,-0.087631,0.0,0.0,0.350754,0.365642,-0.119633,0.0,0.0,0.305312,0.468324,-0.155748,0.0,0.0,0.487047,0.250603,-0.178975,0.0,0.0,0.457043,0.466853,-0.244323,0.0,0.0,0.438308,0.614867,-0.278596,0.0,0.0,0.423126,0.73988,-0.300679,0.0,0.0,0.561209,0.251531,-0.180656,0.0,0.0,0.555005,0.514829,-0.243633,0.0,0.0,0.551232,0.688394,-0.276871,0.0,0.0,0.556391,0.832524,-0.303581,0.0,0.0,0.621131,0.250982,-0.17533,0.0,0.0,0.640355,0.467126,-0.232505,0.0,0.0,0.648942,0.615252,-0.266504,0.0,0.0,0.662458,0.743215,-0.292494,0.0,0.0,0.661289,0.252574,-0.168229,0.0,0.0,0.714584,0.328134,-0.220403,0.0,0.0,0.754138,0.360818,-0.243853,0.0,0.0,0.794254,0.396869,-0.260214,0.0,0.0
v1.mp4,1219610e4175dfcfd945e2d4a5016440b91148cdbcc5449d7badf3789d2f4a86,1920,1080,12.02,596,49.583,530,44166,Left,0.980781,0.57877,0.114986,1e-06,0.0,0.0,0.485583,0.180542,-0.041266,0.0,0.0,0.410082,0.267605,-0.088592,0.0,0.0,0.353284,0.362653,-0.123716,0.0,0.0,0.30806,0.466387,-0.163034,0.0,0.0,0.486486,0.255064,-0.180635,0.0,0.0,0.457344,0.471984,-0.245081,0.0,0.0,0.438724,0.618993,-0.278196,0.0,0.0,0.423859,0.739351,-0.300441,0.0,0.0,0.562132,0.252898,-0.185675,0.0,0.0,0.556465,0.513708,-0.248479,0.0,0.0,0.555946,0.683889,-0.281993,0.0,0.0,0.562733,0.82143,-0.309609,0.0,0.0,0.624232,0.250355,-0.183653,0.0,0.0,0.638472,0.469365,-0.243174,0.0,0.0,0.644591,0.61542,-0.279693,0.0,0.0,0.657259,0.742495,-0.308815,0.0,0.0,0.667494,0.249546,-0.179318,0.0,0.0,0.717853,0.310311,-0.236707,0.0,0.0,0.757491,0.334611,-0.264241,0.0,0.0,0.797289,0.368795,-0.284207,0.0,0.0
v1.mp4,1219610e4175dfcfd945e2d4a5016440b91148cdbcc5449d7badf3789d2f4a86,1920,1080,12.02,596,49.583,531,44250,Left,0.958523,0.580397,0.122745,1e-06,0.0,0.0,0.485591,0.190099,-0.048389,0.0,0.0,0.410384,0.272688,-0.102607,0.0,0.0,0.352564,0.361028,-0.14275,0.0,0.0,0.305973,0.465822,-0.186783,0.0,0.0,0.484085,0.257683,-0.203704,0.0,0.0,0.456649,0.467922,-0.27887,0.0,0.0,0.43821,0.614589,-0.319369,0.0,0.0,0.422328,0.737888,-0.346304,0.0,0.0,0.55962,0.257292,-0.207053,0.0,0.0,0.556289,0.507015,-0.283118,0.0,0.0,0.554158,0.676962,-0.323791,0.0,0.0,0.559027,0.819479,-0.356282,0.0,0.0,0.621778,0.257301,-0.202782,0.0,0.0,0.639464,0.467338,-0.272811,0.0,0.0,0.645994,0.611719,-0.313689,0.0,0.0,0.657147,0.738024,-0.344917,0.0,0.0,0.664481,0.260344,-0.196206,0.0,0.0,0.71599,0.32011,-0.258581,0.0,0.0,0.754593,0.342348,-0.288372,0.0,0.0,0.792162,0.375641,-0.310322,0.0,0.0
v1.mp4,1219610e4175dfcfd945e2d4a5016440b91148cdbcc5449d7badf3789d2f4a86,1920,1080,12.02,596,49.583,532,44333,Left,0.986094,0.578462,0.112821,1e-06,0.0,0.0,0.486295,0.17202,-0.051414,0.0,0.0,0.411036,0.265973,-0.102263,0.0,0.0,0.353532,0.368561,-0.139369,0.0,0.0,0.306251,0.467833,-0.179644,0.0,0.0,0.487259,0.252364,-0.191208,0.0,0.0,0.457307,0.469715,-0.257073,0.0,0.0,0.439783,0.618039,-0.288294,0.0,0.0,0.425502,0.740924,-0.30813,0.0,0.0,0.562346,0.256405,-0.189548,0.0,0.0,0.555394,0.509844,-0.259133,0.0,0.0,0.556671,0.685435,-0.291803,0.0,0.0,0.562518,0.825792,-0.317613,0.0,0.0,0.623766,0.266727,-0.181632,0.0,0.0,0.637454,0.483538,-0.24013,0.0,0.0,0.645064,0.636946,-0.267817,0.0,0.0,0.653763,0.760804,-0.288372,0.0,0.0,0.666767,0.280663,-0.173326,0.0,0.0,0.714076,0.431088,-0.224088,0.0,0.0,0.747683,0.519151,-0.247554,0.0,0.0,0.777428,0.598725,-0.26408,0.0,0.0
v1.mp4,1219610e4175dfcfd945e2d4a5016440b91148cdbcc5449d7badf3789d2f4a86,1920,1080,12.02,596,49.583,533,44416,Left,0.968523,0.578529,0.118493,1e-06,0.0,0.0,0.487766,0.177748,-0.05481,0.0,0.0,0.412961,0.263182,-0.109888,0.0,0.0,0.354129,0.358599,-0.150086,0.0,0.0,0.306808,0.462736,-0.192498,0.0,0.0,0.483178,0.25453,-0.207843,0.0,0.0,0.454431,0.465689,-0.281105,0.0,0.0,0.438049,0.61601,-0.316467,0.0,0.0,0.423717,0.745277,-0.338885,0.0,0.0,0.558971,0.260575,-0.204639,0.0,0.0,0.552231,0.49843,-0.284362,0.0,0.0,0.550964,0.674056,-0.320448,0.0,0.0,0.554025,0.821653,-0.348954,0.0,0.0,0.621862,0.272211,-0.194711,0.0,0.0,0.637437,0.477626,-0.260629,0.0,0.0,0.646053,0.635855,-0.289719,0.0,0.0,0.653358,0.766912,-0.31076,0.0,0.0,0.667587,0.28887,-0.184455,0.0,0.0,0.719081,0.441292,-0.240569,0.0,0.0,0.75349,0.533168,-0.267208,0.0,0.0,0.78357,0.617932,-0.285966,0.0,0.0
v1.mp4,1219610e4175dfcfd945e2d4a5016440b91148cdbcc5449d7badf3789d2f4a86,1920,1080,12.02,596,49.583,534,44500,Left,0.973295,0.576409,0.12155,1e-06,0.0,0.0,0.485583,0.182175,-0.054373,0.0,0.0,0.410788,0.267114,-0.110027,0.0,0.0,0.352259,0.360728,-0.150751,0.0,0.0,0.304975,0.464856,-0.193725,0.0,0.0,0.483173,0.256461,-0.211365,0.0,0.0,0.455994,0.46729,-0.285926,0.0,0.0,0.438688,0.616831,-0.322283,0.0,0.0,0.42296,0.745662,-0.345486,0.0,0.0,0.557958,0.261223,-0.208684,0.0,0.0,0.551779,0.498589,-0.290752,0.0,0.0,0.55045,0.675352,-0.328654,0.0,0.0,0.553789,0.823437,-0.358899,0.0,0.0,0.619639,0.274175,-0.198865,0.0,0.0,0.638027,0.479281,-0.265707,0.0,0.0,0.64621,0.636726,-0.294983,0.0,0.0,0.652223,0.767721,-0.316767,0.0,0.0,0.664227,0.292725,-0.188736,0.0,0.0,0.716505,0.444947,-0.244887,0.0,0.0,0.751518,0.534757,-0.271332,0.0,0.0,0.782641,0.618379,-0.290607,0.0,0.0
v1.mp4,1219610e4175dfcfd945e2d4a5016440b91148cdbcc5449d7badf3789d2f4a86,1920,1080,12.02,596,49.583,535,44583,Left,0.971187,0.577933,0.116507,1e-06,0.0,0.0,0.487033,0.178821,-0.053024,0.0,0.0,0.411692,0.267179,-0.106796,0.0,0.0,0.352368,0.361672,-0.146149,0.0,0.0,0.30592,0.464766,-0.187842,0.0,0.0,0.483312,0.259465,-0.205238,0.0,0.0,0.455757,0.468897,-0.278331,0.0,0.0,0.438085,0.617997,-0.314602,0.0,0.0,0.422446,0.747043,-0.337684,0.0,0.0,0.557837,0.264215,-0.202859,0.0,0.0,0.552,0.500852,-0.282111,0.0,0.0,0.550327,0.676608,-0.31912,0.0,0.0,0.553695,0.824557,-0.348625,0.0,0.0,0.619377,0.276353,-0.193608,0.0,0.0,0.638036,0.481108,-0.258025,0.0,0.0,0.64698,0.637643,-0.286509,0.0,0.0,0.654097,0.768955,-0.307747,0.0,0.0,0.664132,0.293345,-0.184166,0.0,0.0,0.716669,0.443987,-0.238293,0.0,0.0,0.752377,0.532696,-0.263429,0.0,0.0,0.783963,0.615345,-0.281622,0.0,0.0
v1.mp4,1219610e4175dfcfd945e2d4a5016440b91148cdbcc5449d7badf3789d2f4a86,1920,1080,12.02,596,49.583,536,44666,Left,0.967761,0.577993,0.122179,1e-06,0.0,0.0,0.486573,0.18341,-0.05451,0.0,0.0,0.411167,0.269457,-0.109472,0.0,0.0,0.351857,0.363024,-0.149642,0.0,0.0,0.304908,0.465662,-0.192093,0.0,0.0,0.482753,0.26077,-0.209454,0.0,0.0,0.4549,0.467942,-0.283967,0.0,0.0,0.437867,0.617279,-0.32105,0.0,0.0,0.422874,0.746502,-0.344824,0.0,0.0,0.557995,0.265388,-0.206885,0.0,0.0,0.552239,0.500017,-0.288663,0.0,0.0,0.5506,0.675798,-0.327206,0.0,0.0,0.553849,0.824279,-0.357844,0.0,0.0,0.62014,0.277743,-0.197272,0.0,0.0,0.638158,0.480572,-0.264061,0.0,0.0,0.646595,0.635862,-0.293512,0.0,0.0,0.65347,0.766358,-0.315303,0.0,0.0,0.665388,0.295403,-0.187439,0.0,0.0,0.716939,0.44461,-0.243377,0.0,0.0,0.752271,0.53257,-0.269391,0.0,0.0,0.783961,0.615099,-0.288219,0.0,0.0
v1.mp4,1219610e4175dfcfd945e2d4a5016440b91148cdbcc5449d7badf3789d2f4a86,1920,1080,12.02,596,49.583,537,44750,Left,0.970475,0.579299,0.117243,1e-06,0.0,0.0,0.488129,0.178462,-0.050846,0.0,0.0,0.41197,0.26749,-0.102959,0.0,0.0,0.352144,0.362746,-0.141489,0.0,0.0,0.305138,0.465214,-0.182544,0.0,0.0,0.483878,0.256094,-0.200055,0.0,0.0,0.455648,0.466101,-0.271449,0.0,0.0,0.438039,0.615634,-0.306607,0.0,0.0,0.42298,0.746077,-0.32918,0.0,0.0,0.557877,0.261851,-0.198985,0.0,0.0,0.551402,0.500569,-0.276683,0.0,0.0,0.550065,0.677266,-0.31309,0.0,0.0,0.554274,0.826726,-0.342231,0.0,0.0,0.619521,0.274795,-0.191097,0.0,0.0,0.638285,0.481305,-0.254766,0.0,0.0,0.647302,0.636145,-0.282614,0.0,0.0,0.655123,0.766243,-0.30331,0.0,0.0,0.664551,0.29274,-0.182922,0.0,0.0,0.716054,0.445174,-0.23646,0.0,0.0,0.751728,0.534055,-0.260918,0.0,0.0,0.783463,0.616783,-0.278619,0.0,0.0
v1.mp4,1219610e4175dfcfd945e2d4a5016440b91148cdbcc5449d7badf3789d2f4a86,1920,1080,12.02,596,49.583,538,44833,Left,0.973561,0.578332,0.113907,1e-06,0.0,0.0,0.486984,0.176071,-0.052829,0.0,0.0,0.411175,0.267579,-0.10642,0.0,0.0,0.35139,0.36385,-0.145751,0.0,0.0,0.304002,0.465755,-0.187541,0.0,0.0,0.483051,0.256796,-0.205261,0.0,0.0,0.454786,0.467718,-0.27805,0.0,0.0,0.43784,0.617916,-0.313654,0.0,0.0,0.42362,0.748016,-0.33646,0.0,0.0,0.556826,0.26158,-0.203315,0.0,0.0,0.549669,0.49889,-0.283163,0.0,0.0,0.549529,0.677067,-0.320411,0.0,0.0,0.555189,0.82613,-0.349991,0.0,0.0,0.618645,0.274184,-0.194404,0.0,0.0,0.637647,0.483655,-0.259927,0.0,0.0,0.64828,0.640756,-0.288624,0.0,0.0,0.657973,0.77125,-0.309823,0.0,0.0,0.663971,0.291803,-0.185157,0.0,0.0,0.715099,0.444415,-0.240338,0.0,0.0,0.750515,0.533955,-0.26599,0.0,0.0,0.782293,0.617332,-0.2845,0.0,0.0
v1.mp4,1219610e4175dfcfd945e2d4a5016440b91148cdbcc5449d7badf3789d2f4a86,1920,1080,12.02,596,49.583,539,44916,Left,0.877571,0.577196,0.130738,1e-06,0.0,0.0,0.478656,0.194101,-0.080214,0.0,0.0,0.410651,0.281093,-0.159636,0.0,0.0,0.352824,0.358197,-0.216331,0.0,0.0,0.301116,0.468668,-0.276107,0.0,0.0,0.477981,0.299235,-0.295074,0.0,0.0,0.452121,0.478371,-0.404784,0.0,0.0,0.435904,0.621028,-0.467079,0.0,0.0,0.419192,0.747288,-0.508035,0.0,0.0,0.555743,0.314086,-0.285377,0.0,0.0,0.55503,0.48726,-0.411181,0.0,0.0,0.56289,0.636346,-0.480865,0.0,0.0,0.572331,0.77634,-0.5355,0.0,0.0,0.621209,0.334747,-0.265201,0.0,0.0,0.639893,0.501509,-0.376574,0.0,0.0,0.65853,0.653313,-0.440293,0.0,0.0,0.676348,0.782522,-0.484811,0.0,0.0,0.664865,0.35183,-0.241839,0.0,0.0,0.714811,0.472166,-0.324729,0.0,0.0,0.749616,0.544797,-0.371235,0.0,0.0,0.788672,0.618195,-0.408484,0.0,0.0
v1.mp4,1219610e4175dfcfd945e2d4a5016440b91148cdbcc5449d7badf3789d2f4a86,1920,1080,12.02,596,49.583,540,45000,Left,0.83018,0.576478,0.119186,1e-06,0.0,0.0,0.480681,0.185748,-0.07151,0.0,0.0,0.411174,0.275278,-0.138935,0.0,0.0,0.356108,0.363237,-0.18742,0.0,0.0,0.308367,0.467415,-0.238237,0.0,0.0,0.481054,0.301668,-0.246816,0.0,0.0,0.452107,0.478495,-0.340005,0.0,0.0,0.435189,0.612279,-0.393603,0.0,0.0,0.420134,0.73986,-0.42978,0.0,0.0,0.558702,0.312473,-0.23835,0.0,0.0,0.560684,0.471382,-0.340328,0.0,0.0,0.564735,0.596591,-0.392672,0.0,0.0,0.570701,0.72152,-0.434262,0.0,0.0,0.622933,0.329163,-0.222705,0.0,0.0,0.642629,0.493246,-0.313165,0.0,0.0,0.657978,0.636082,-0.359807,0.0,0.0,0.6731,0.771984,-0.393365,0.0,0.0,0.666147,0.342183,-0.205853,0.0,0.0,0.715675,0.459129,-0.275996,0.0,0.0,0.749814,0.530377,-0.311783,0.0,0.0,0.784745,0.608807,-0.339624,0.0,0.0
v1.mp4,1219610e4175dfcfd945e2d4a5016440b91148cdbcc5449d7badf3789d2f4a86,1920,1080,12.02,596,49.583,541,45083,Left,0.810972,0.57418,0.13322,1e-06,0.0,0.0,0.478027,0.197769,-0.073927,0.0,0.0,0.411311,0.278504,-0.146283,0.0,0.0,0.358294,0.361603,-0.198858,0.0,0.0,0.309904,0.469278,-0.253988,0.0,0.0,0.479804,0.31122,-0.262618,0.0,0.0,0.45332,0.482967,-0.360766,0.0,0.0,0.437396,0.613826,-0.416351,0.0,0.0,0.422391,0.737771,-0.453704,0.0,0.0,0.558372,0.320377,-0.252663,0.0,0.0,0.556271,0.46623,-0.362298,0.0,0.0,0.557503,0.584067,-0.418109,0.0,0.0,0.560547,0.703053,-0.462564,0.0,0.0,0.62413,0.334583,-0.234643,0.0,0.0,0.64408,0.488227,-0.332792,0.0,0.0,0.660173,0.633068,-0.385983,0.0,0.0,0.674238,0.766857,-0.423726,0.0,0.0,0.66785,0.34671,-0.214364,0.0,0.0,0.716117,0.461432,-0.289772,0.0,0.0,0.747737,0.535503,-0.331438,0.0,0.0,0.781112,0.614558,-0.364261,0.0,0.0
v1.mp4,1219610e4175dfcfd945e2d4a5016440b91148cdbcc5449d7badf3789d2f4a86,1920,1080,12.02,596,49.583,542,45166,Left,0.875419,0.575543,0.122965,1e-06,0.0,0.0,0.483593,0.186089,-0.064689,0.0,0.0,0.414446,0.272545,-0.126568,0.0,0.0,0.357821,0.368705,-0.171527,0.0,0.0,0.308467,0.46775,-0.218692,0.0,0.0,0.482429,0.29727,-0.225631,0.0,0.0,0.452821,0.474287,-0.311165,0.0,0.0,0.435397,0.608241,-0.358557,0.0,0.0,0.422168,0.734084,-0.389979,0.0,0.0,0.560085,0.309234,-0.21733,0.0,0.0,0.556651,0.463443,-0.306466,0.0,0.0,0.556429,0.580555,-0.344591,0.0,0.0,0.560939,0.689132,-0.375147,0.0,0.0,0.62502,0.322029,-0.203347,0.0,0.0,0.642835,0.485789,-0.285024,0.0,0.0,0.656431,0.629282,-0.321311,0.0,0.0,0.670436,0.764459,-0.346807,0.0,0.0,0.669536,0.332254,-0.18832,0.0,0.0,0.716213,0.453602,-0.254269,0.0,0.0,0.748408,0.530428,-0.285017,0.0,0.0,0.779581,0.610115,-0.307706,0.0,0.0
v1.mp4,1219610e4175dfcfd945e2d4a5016440b91148cdbcc5449d7badf3789d2f4a86,1920,1080,12.02,596,49.583,543,45250,Left,0.852676,0.573509,0.140025,1e-06,0.0,0.0,0.479342,0.200756,-0.074248,0.0,0.0,0.413801,0.279206,-0.145766,0.0,0.0,0.359072,0.363803,-0.197426,0.0,0.0,0.309991,0.469567,-0.251623,0.0,0.0,0.481372,0.305364,-0.260496,0.0,0.0,0.453215,0.477747,-0.356722,0.0,0.0,0.437385,0.612872,-0.410264,0.0,0.0,0.423334,0.738186,-0.445886,0.0,0.0,0.559952,0.317283,-0.249077,0.0,0.0,0.556013,0.46151,-0.355136,0.0,0.0,0.554339,0.578468,-0.405941,0.0,0.0,0.555609,0.692169,-0.446534,0.0,0.0,0.625991,0.332136,-0.229937,0.0,0.0,0.643897,0.484818,-0.325012,0.0,0.0,0.65669,0.631204,-0.373521,0.0,0.0,0.668307,0.765096,-0.407769,0.0,0.0,0.670706,0.343826,-0.208853,0.0,0.0,0.718517,0.460797,-0.281999,0.0,0.0,0.74847,0.537948,-0.32078,0.0,0.0,0.780284,0.61747,-0.351146,0.0,0.0
v1.mp4,1219610e4175dfcfd945e2d4a5016440b91148cdbcc5449d7badf3789d2f4a86,1920,1080,12.02,596,49.583,544,45333,Left,0.954993,0.577914,0.116274,1e-06,0.0,0.0,0.488341,0.174077,-0.053296,0.0,0.0,0.412464,0.267703,-0.105445,0.0,0.0,0.35417,0.369189,-0.144859,0.0,0.0,0.306709,0.471546,-0.187087,0.0,0.0,0.483298,0.262572,-0.189456,0.0,0.0,0.453204,0.470919,-0.25799,0.0,0.0,0.438368,0.61876,-0.291897,0.0,0.0,0.426371,0.751379,-0.314255,0.0,0.0,0.556949,0.276758,-0.186666,0.0,0.0,0.544466,0.504637,-0.259373,0.0,0.0,0.54194,0.674774,-0.292755,0.0,0.0,0.545355,0.823831,-0.320071,0.0,0.0,0.62096,0.287484,-0.178408,0.0,0.0,0.637003,0.488429,-0.238968,0.0,0.0,0.650278,0.64055,-0.265608,0.0,0.0,0.662992,0.767402,-0.285505,0.0,0.0,0.668067,0.295778,-0.170498,0.0,0.0,0.717605,0.445619,-0.223766,0.0,0.0,0.751132,0.537036,-0.249515,0.0,0.0,0.782664,0.620607,-0.267954,0.0,0.0
v1.mp4,1219610e4175dfcfd945e2d4a5016440b91148cdbcc5449d7badf3789d2f4a86,1920,1080,12.02,596,49.583,545,45416,Left,0.967012,0.576338,0.117878,1e-06,0.0,0.0,0.484769,0.180428,-0.053557,0.0,0.0,0.411768,0.266369,-0.109575,0.0,0.0,0.353571,0.362606,-0.151765,0.0,0.0,0.305661,0.465771,-0.196587,0.0,0.0,0.480483,0.255534,-0.206545,0.0,0.0,0.452387,0.463963,-0.281358,0.0,0.0,0.43665,0.61418,-0.31846,0.0,0.0,0.422628,0.744934,-0.342417,0.0,0.0,0.554448,0.263756,-0.205004,0.0,0.0,0.54462,0.496054,-0.287859,0.0,0.0,0.540293,0.672362,-0.327831,0.0,0.0,0.541842,0.821214,-0.359551,0.0,0.0,0.617268,0.276767,-0.196324,0.0,0.0,0.635403,0.482252,-0.264377,0.0,0.0,0.646527,0.636661,-0.294919,0.0,0.0,0.657235,0.762257,-0.317364,0.0,0.0,0.663898,0.294522,-0.187186,0.0,0.0,0.71564,0.44287,-0.244506,0.0,0.0,0.750621,0.531343,-0.271801,0.0,0.0,0.783259,0.613815,-0.291528,0.0,0.0
v1.mp4,1219610e4175dfcfd945e2d4a5016440b91148cdbcc5449d7badf3789d2f4a86,1920,1080,12.02,596,49.583,546,45500,Left,0.969836,0.576377,0.121753,1e-06,0.0,0.0,0.483998,0.18447,-0.055477,0.0,0.0,0.410376,0.270215,-0.112901,0.0,0.0,0.350317,0.364055,-0.155064,0.0,0.0,0.301864,0.467595,-0.19968,0.0,0.0,0.482008,0.259475,-0.216705,0.0,0.0,0.453468,0.466927,-0.294188,0.0,0.0,0.436701,0.617882,-0.332507,0.0,0.0,0.422379,0.747393,-0.357122,0.0,0.0,0.556331,0.26403,-0.21452,0.0,0.0,0.544315,0.501025,-0.301601,0.0,0.0,0.539372,0.679142,-0.343992,0.0,0.0,0.541404,0.827395,-0.377195,0.0,0.0,0.618588,0.277034,-0.204582,0.0,0.0,0.636935,0.486503,-0.276731,0.0,0.0,0.647512,0.641851,-0.309745,0.0,0.0,0.658021,0.767683,-0.333459,0.0,0.0,0.664269,0.296905,-0.193833,0.0,0.0,0.714688,0.448203,-0.253916,0.0,0.0,0.750141,0.536062,-0.282718,0.0,0.0,0.783373,0.617799,-0.303497,0.0,0.0
v1.mp4,1219610e4175dfcfd945e2d4a5016440b91148cdbcc5449d7badf3789d2f4a86,1920,1080,12.02,596,49.583,547,45583,Left,0.964736,0.576996,0.129118,1e-06,0.0,0.0,0.484129,0.189424,-0.056034,0.0,0.0,0.410315,0.271861,-0.113955,0.0,0.0,0.350276,0.362021,-0.156643,0.0,0.0,0.303077,0.466778,-0.201855,0.0,0.0,0.481907,0.263151,-0.217806,0.0,0.0,0.453393,0.466276,-0.296035,0.0,0.0,0.436084,0.616849,-0.335647,0.0,0.0,0.420817,0.747221,-0.361295,0.0,0.0,0.556579,0.269039,-0.215255,0.0,0.0,0.545761,0.500287,-0.302404,0.0,0.0,0.540462,0.676024,-0.345267,0.0,0.0,0.541269,0.824817,-0.379237,0.0,0.0,0.618928,0.282624,-0.204896,0.0,0.0,0.637895,0.488577,-0.276059,0.0,0.0,0.648826,0.643278,-0.308396,0.0,0.0,0.658518,0.770586,-0.332266,0.0,0.0,0.664321,0.301084,-0.193969,0.0,0.0,0.716185,0.448804,-0.252845,0.0,0.0,0.751616,0.535423,-0.280776,0.0,0.0,0.784387,0.617022,-0.301351,0.0,0.0
v1.mp4,1219610e4175dfcfd945e2d4a5016440b91148cdbcc5449d7badf3789d2f4a86,1920,1080,12.02,596,49.583,548,45666,Left,0.965216,0.577632,0.119405,1e-06,0.0,0.0,0.485417,0.181064,-0.051533,0.0,0.0,0.410843,0.268685,-0.105809,0.0,0.0,0.351201,0.364132,-0.146426,0.0,0.0,0.304411,0.468568,-0.18984,0.0,0.0,0.482505,0.256992,-0.205015,0.0,0.0,0.453075,0.464077,-0.279416,0.0,0.0,0.435056,0.614822,-0.31687,0.0,0.0,0.420016,0.745916,-0.341057,0.0,0.0,0.555921,0.262665,-0.204575,0.0,0.0,0.543605,0.500048,-0.285484,0.0,0.0,0.538106,0.676319,-0.324945,0.0,0.0,0.539666,0.825178,-0.356533,0.0,0.0,0.618041,0.275297,-0.196853,0.0,0.0,0.637138,0.488158,-0.263377,0.0,0.0,0.648611,0.644171,-0.293194,0.0,0.0,0.659529,0.772588,-0.315386,0.0,0.0,0.663579,0.292454,-0.188565,0.0,0.0,0.71363,0.445274,-0.244015,0.0,0.0,0.748642,0.534371,-0.269381,0.0,0.0,0.780987,0.617374,-0.287977,0.0,0.0
v1.mp4,1219610e4175dfcfd945e2d4a5016440b91148cdbcc5449d7badf3789d2f4a86,1920,1080,12.02,596,49.583,549,45750,Left,0.96498,0.578976,0.120067,1e-06,0.0,0.0,0.486133,0.181128,-0.050969,0.0,0.0,0.411237,0.267288,-0.104436,0.0,0.0,0.351094,0.364359,-0.144709,0.0,0.0,0.304567,0.469468,-0.18757,0.0,0.0,0.484487,0.259315,-0.199199,0.0,0.0,0.454424,0.462253,-0.271447,0.0,0.0,0.436343,0.608654,-0.30712,0.0,0.0,0.420419,0.73472,-0.330393,0.0,0.0,0.557079,0.265829,-0.199647,0.0,0.0,0.545397,0.498363,-0.282498,0.0,0.0,0.539687,0.675318,-0.323892,0.0,0.0,0.540119,0.824505,-0.356258,0.0,0.0,0.618911,0.27716,-0.192944,0.0,0.0,0.638127,0.484286,-0.262375,0.0,0.0,0.648534,0.640078,-0.294546,0.0,0.0,0.658596,0.768532,-0.317644,0.0,0.0,0.665034,0.293736,-0.185455,0.0,0.0,0.714562,0.443389,-0.243723,0.0,0.0,0.749019,0.531951,-0.27144,0.0,0.0,0.781282,0.615288,-0.291399,0.0,0.0
v1.mp4,1219610e4175dfcfd945e2d4a5016440b91148cdbcc5449d7badf3789d2f4a86,1920,1080,12.02,596,49.583,550,45833,Left,0.98224,0.580971,0.097483,1e-06,0.0,0.0,0.488449,0.168034,-0.038274,0.0,0.0,0.410045,0.266338,-0.079536,0.0,0.0,0.34792,0.365922,-0.111815,0.0,0.0,0.303378,0.467571,-0.145974,0.0,0.0,0.492245,0.250825,-0.149494,0.0,0.0,0.452349,0.343709,-0.216221,0.0,0.0,0.413872,0.399556,-0.253985,0.0,0.0,0.373595,0.443643,-0.276885,0.0,0.0,0.558175,0.258774,-0.156383,0.0,0.0,0.547803,0.492516,-0.230927,0.0,0.0,0.536744,0.680801,-0.275755,0.0,0.0,0.529476,0.835147,-0.310009,0.0,0.0,0.61709,0.271663,-0.157684,0.0,0.0,0.637794,0.488714,-0.224737,0.0,0.0,0.650809,0.64735,-0.260042,0.0,0.0,0.660639,0.778292,-0.282144,0.0,0.0,0.66482,0.284373,-0.157076,0.0,0.0,0.71721,0.441805,-0.207915,0.0,0.0,0.753163,0.532376,-0.228313,0.0,0.0,0.785108,0.615158,-0.242323,0.0,0.0
v1.mp4,1219610e4175dfcfd945e2d4a5016440b91148cdbcc5449d7badf3789d2f4a86,1920,1080,12.02,596,49.583,551,45916,Left,0.971651,0.572869,0.105671,1e-06,0.0,0.0,0.479508,0.189033,-0.040801,0.0,0.0,0.40375,0.295319,-0.090494,0.0,0.0,0.341687,0.380827,-0.129572,0.0,0.0,0.296984,0.469345,-0.17144,0.0,0.0,0.488919,0.26105,-0.18243,0.0,0.0,0.449824,0.326944,-0.25533,0.0,0.0,0.408754,0.352392,-0.294456,0.0,0.0,0.365619,0.370618,-0.319106,0.0,0.0,0.555271,0.260549,-0.190911,0.0,0.0,0.544553,0.494664,-0.276883,0.0,0.0,0.535554,0.67811,-0.328863,0.0,0.0,0.528719,0.833429,-0.370022,0.0,0.0,0.615476,0.272144,-0.190906,0.0,0.0,0.634612,0.490736,-0.267262,0.0,0.0,0.649413,0.646427,-0.309341,0.0,0.0,0.661777,0.773407,-0.337334,0.0,0.0,0.662284,0.282006,-0.187652,0.0,0.0,0.713329,0.445029,-0.243303,0.0,0.0,0.750623,0.530158,-0.266622,0.0,0.0,0.786114,0.610675,-0.284889,0.0,0.0
v1.mp4,1219610e4175dfcfd945e2d4a5016440b91148cdbcc5449d7badf3789d2f4a86,1920,1080,12.02,596,49.583,552,46000,Left,0.962398,0.573343,0.103658,1e-06,0.0,0.0,0.476791,0.174826,-0.042937,0.0,0.0,0.401074,0.274451,-0.0887,0.0,0.0,0.34421,0.367981,-0.124551,0.0,0.0,0.302039,0.468288,-0.162003,0.0,0.0,0.483036,0.263256,-0.160591,0.0,0.0,0.453808,0.346979,-0.231656,0.0,0.0,0.423711,0.397722,-0.270923,0.0,0.0,0.391863,0.44371,-0.294317,0.0,0.0,0.553337,0.271886,-0.165987,0.0,0.0,0.54785,0.502838,-0.247057,0.0,0.0,0.538282,0.684888,-0.293466,0.0,0.0,0.530917,0.842898,-0.32768,0.0,0.0,0.615226,0.282557,-0.16573,0.0,0.0,0.638544,0.486666,-0.238337,0.0,0.0,0.651845,0.638014,-0.274702,0.0,0.0,0.660643,0.768626,-0.296146,0.0,0.0,0.664469,0.291597,-0.16368,0.0,0.0,0.718847,0.444133,-0.216362,0.0,0.0,0.754044,0.53233,-0.237168,0.0,0.0,0.784903,0.615168,-0.251278,0.0,0.0
v1.mp4,1219610e4175dfcfd945e2d4a5016440b91148cdbcc5449d7badf3789d2f4a86,1920,1080,12.02,596,49.583,553,46083,Left,0.945751,0.574178,0.108269,1e-06,0.0,0.0,0.477586,0.179696,-0.060392,0.0,0.0,0.404018,0.277405,-0.121144,0.0,0.0,0.348091,0.362734,-0.166938,0.0,0.0,0.300102,0.465604,-0.214928,0.0,0.0,0.485203,0.269368,-0.216326,0.0,0.0,0.460975,0.353908,-0.30116,0.0,0.0,0.432288,0.414577,-0.346728,0.0,0.0,0.398958,0.469961,-0.376111,0.0,0.0,0.55782,0.28106,-0.216906,0.0,0.0,0.550732,0.500916,-0.323831,0.0,0.0,0.541871,0.677543,-0.387396,0.0,0.0,0.533211,0.834971,-0.434954,0.0,0.0,0.619473,0.294869,-0.208889,0.0,0.0,0.639699,0.4843,-0.300379,0.0,0.0,0.651691,0.636487,-0.349819,0.0,0.0,0.659003,0.761934,-0.381712,0.0,0.0,0.668255,0.305585,-0.198991,0.0,0.0,0.721055,0.453264,-0.26648,0.0,0.0,0.754335,0.540087,-0.300518,0.0,0.0,0.786712,0.622656,-0.326236,0.0,0.0
v1.mp4,1219610e4175dfcfd945e2d4a5016440b91148cdbcc5449d7badf3789d2f4a86,1920,1080,12.02,596,49.583,554,46166,Left,0.955237,0.580415,0.119483,1e-06,0.0,0.0,0.489769,0.177595,-0.046904,0.0,0.0,0.413899,0.263926,-0.095294,0.0,0.0,0.354053,0.361404,-0.13203,0.0,0.0,0.309617,0.463457,-0.171053,0.0,0.0,0.481089,0.265934,-0.179681,0.0,0.0,0.452446,0.469957,-0.245062,0.0,0.0,0.438549,0.615268,-0.276804,0.0,0.0,0.426831,0.746761,-0.297387,0.0,0.0,0.555105,0.275599,-0.17933,0.0,0.0,0.545202,0.504711,-0.248025,0.0,0.0,0.541042,0.67451,-0.27904,0.0,0.0,0.540911,0.82289,-0.304775,0.0,0.0,0.619469,0.283868,-0.173479,0.0,0.0,0.637342,0.482,-0.231572,0.0,0.0,0.648102,0.635572,-0.257421,0.0,0.0,0.656769,0.763611,-0.276564,0.0,0.0,0.66661,0.291915,-0.167517,0.0,0.0,0.718422,0.442427,-0.219193,0.0,0.0,0.752784,0.53574,-0.244041,0.0,0.0,0.783384,0.623108,-0.261524,0.0,0.0
v1.mp4,1219610e4175dfcfd945e2d4a5016440b91148cdbcc5449d7badf3789d2f4a86,1920,1080,12.02,596,49.583,555,46250,Left,0.967619,0.576798,0.124474,1e-06,0.0,0.0,0.484422,0.184397,-0.053029,0.0,0.0,0.409879,0.269481,-0.108245,0.0,0.0,0.351696,0.362861,-0.149276,0.0,0.0,0.305477,0.467664,-0.193004,0.0,0.0,0.483775,0.26285,-0.207277,0.0,0.0,0.456262,0.471549,-0.28042,0.0,0.0,0.439625,0.619982,-0.315853,0.0,0.0,0.424837,0.749336,-0.338869,0.0,0.0,0.55656,0.268662,-0.206103,0.0,0.0,0.545326,0.502688,-0.288222,0.0,0.0,0.539936,0.679085,-0.328424,0.0,0.0,0.540857,0.82802,-0.360451,0.0,0.0,0.617661,0.279881,-0.197446,0.0,0.0,0.638782,0.485918,-0.265209,0.0,0.0,0.648721,0.642907,-0.296661,0.0,0.0,0.657673,0.773438,-0.320126,0.0,0.0,0.662327,0.295334,-0.188169,0.0,0.0,0.714475,0.442947,-0.245174,0.0,0.0,0.749405,0.531576,-0.272619,0.0,0.0,0.781619,0.616295,-0.292929,0.0,0.0
v1.mp4,1219610e4175dfcfd945e2d4a5016440b91148cdbcc5449d7badf3789d2f4a86,1920,1080,12.02,596,49.583,556,46333,Left,0.963993,0.577176,0.129077,1e-06,0.0,0.0,0.484735,0.189932,-0.055796,0.0,0.0,0.410792,0.26992,-0.114292,0.0,0.0,0.352365,0.359724,-0.157331,0.0,0.0,0.305779,0.466064,-0.202807,0.0,0.0,0.482046,0.266341,-0.219408,0.0,0.0,0.454948,0.47114,-0.297285,0.0,0.0,0.439665,0.62189,-0.335584,0.0,0.0,0.425948,0.751784,-0.360258,0.0,0.0,0.556732,0.27174,-0.217106,0.0,0.0,0.546487,0.502645,-0.305403,0.0,0.0,0.541851,0.678783,-0.348167,0.0,0.0,0.542462,0.828235,-0.381692,0.0,0.0,0.619176,0.283647,-0.206838,0.0,0.0,0.638381,0.484663,-0.279227,0.0,0.0,0.647359,0.639535,-0.31205,0.0,0.0,0.654596,0.768329,-0.335994,0.0,0.0,0.664499,0.300496,-0.195826,0.0,0.0,0.717036,0.445219,-0.256448,0.0,0.0,0.751969,0.531589,-0.285725,0.0,0.0,0.784101,0.615083,-0.30703,0.0,0.0
v1.mp4,1219610e4175dfcfd945e2d4a5016440b91148cdbcc5449d7badf3789d2f4a86,1920,1080,12.02,596,49.583,557,46416,Left,0.961099,0.576107,0.129057,1e-06,0.0,0.0,0.483521,0.190771,-0.055084,0.0,0.0,0.41023,0.271439,-0.113453,0.0,0.0,0.351156,0.359927,-0.156653,0.0,0.0,0.304822,0.466983,-0.202364,0.0,0.0,0.481636,0.266443,-0.219138,0.0,0.0,0.454434,0.470907,-0.29692,0.0,0.0,0.438787,0.620686,-0.335445,0.0,0.0,0.424157,0.750777,-0.360534,0.0,0.0,0.555068,0.2715,-0.217313,0.0,0.0,0.545124,0.50139,-0.30575,0.0,0.0,0.540956,0.67644,-0.349303,0.0,0.0,0.541855,0.826,-0.383865,0.0,0.0,0.61677,0.282952,-0.207354,0.0,0.0,0.63754,0.485033,-0.279415,0.0,0.0,0.647772,0.641859,-0.312887,0.0,0.0,0.655859,0.771847,-0.337767,0.0,0.0,0.661122,0.298364,-0.196602,0.0,0.0,0.714001,0.44412,-0.256235,0.0,0.0,0.748901,0.531042,-0.285363,0.0,0.0,0.781202,0.614393,-0.307157,0.0,0.0
v1.mp4,1219610e4175dfcfd945e2d4a5016440b91148cdbcc5449d7badf3789d2f4a86,1920,1080,12.02,596,49.583,558,46500,Left,0.955289,0.575687,0.129215,1e-06,0.0,0.0,0.483424,0.189856,-0.056541,0.0,0.0,0.411137,0.272199,-0.115774,0.0,0.0,0.352122,0.362771,-0.159876,0.0,0.0,0.304493,0.470194,-0.206623,0.0,0.0,0.483033,0.264332,-0.220929,0.0,0.0,0.456685,0.470123,-0.299851,0.0,0.0,0.440555,0.62114,-0.33949,0.0,0.0,0.425322,0.752888,-0.365448,0.0,0.0,0.556612,0.268806,-0.219273,0.0,0.0,0.546026,0.497696,-0.308932,0.0,0.0,0.54038,0.674579,-0.354505,0.0,0.0,0.539503,0.827111,-0.390741,0.0,0.0,0.618752,0.279604,-0.20951,0.0,0.0,0.639705,0.480426,-0.283382,0.0,0.0,0.648903,0.638025,-0.318635,0.0,0.0,0.655963,0.769063,-0.344658,0.0,0.0,0.663642,0.294712,-0.198933,0.0,0.0,0.714926,0.440884,-0.25938,0.0,0.0,0.74832,0.52888,-0.28905,0.0,0.0,0.779496,0.613582,-0.311465,0.0,0.0
v1.mp4,1219610e4175dfcfd945e2d4a5016440b91148cdbcc5449d7badf3789d2f4a86,1920,1080,12.02,596,49.583,559,46583,Left,0.960744,0.577091,0.129064,1e-06,0.0,0.0,0.485117,0.189969,-0.055394,0.0,0.0,0.41146,0.270929,-0.113869,0.0,0.0,0.352019,0.35962,-0.157148,0.0,0.0,0.305869,0.465449,-0.203114,0.0,0.0,0.482594,0.264385,-0.219797,0.0,0.0,0.454808,0.470123,-0.297526,0.0,0.0,0.438956,0.620808,-0.336044,0.0,0.0,0.424714,0.75093,-0.361038,0.0,0.0,0.557526,0.269084,-0.217916,0.0,0.0,0.547095,0.500057,-0.305873,0.0,0.0,0.542274,0.676025,-0.348703,0.0,0.0,0.542546,0.825886,-0.382546,0.0,0.0,0.620267,0.28078,-0.207978,0.0,0.0,0.638923,0.483174,-0.279376,0.0,0.0,0.648157,0.639933,-0.311795,0.0,0.0,0.655382,0.770042,-0.335909,0.0,0.0,0.666064,0.297779,-0.197364,0.0,0.0,0.717902,0.443568,-0.257166,0.0,0.0,0.752551,0.531227,-0.286026,0.0,0.0,0.784053,0.615034,-0.307296,0.0,0.0
v1.mp4,1219610e4175dfcfd945e2d4a5016440b91148cdbcc5449d7badf3789d2f4a86,1920,1080,12.02,596,49.583,560,46666,Left,0.941666,0.580573,0.115453,1e-06,0.0,0.0,0.491601,0.176286,-0.046241,0.0,0.0,0.416839,0.245317,-0.098508,0.0,0.0,0.346089,0.303741,-0.138691,0.0,0.0,0.281931,0.354147,-0.181898,0.0,0.0,0.485089,0.258708,-0.193547,0.0,0.0,0.456426,0.465765,-0.26562,0.0,0.0,0.43864,0.616861,-0.302157,0.0,0.0,0.422698,0.746325,-0.325713,0.0,0.0,0.555948,0.266458,-0.194822,0.0,0.0,0.545345,0.497552,-0.272971,0.0,0.0,0.539585,0.670913,-0.310406,0.0,0.0,0.539732,0.819497,-0.3399,0.0,0.0,0.617227,0.276969,-0.189151,0.0,0.0,0.63633,0.482581,-0.253869,0.0,0.0,0.645984,0.63829,-0.284027,0.0,0.0,0.654434,0.768626,-0.305687,0.0,0.0,0.66234,0.288971,-0.182807,0.0,0.0,0.713968,0.441212,-0.237762,0.0,0.0,0.75044,0.530029,-0.26382,0.0,0.0,0.78189,0.615122,-0.282375,0.0,0.0
v1.mp4,1219610e4175dfcfd945e2d4a5016440b91148cdbcc5449d7badf3789d2f4a86,1920,1080,12.02,596,49.583,561,46750,Left,0.958182,0.587151,0.108976,1e-06,0.0,0.0,0.496034,0.165103,-0.049036,0.0,0.0,0.415455,0.233125,-0.102764,0.0,0.0,0.338406,0.270494,-0.145664,0.0,0.0,0.269898,0.270041,-0.192701,0.0,0.0,0.488924,0.26103,-0.187871,0.0,0.0,0.456236,0.470605,-0.254387,0.0,0.0,0.439938,0.621615,-0.286483,0.0,0.0,0.42518,0.748438,-0.307882,0.0,0.0,0.560709,0.274922,-0.189664,0.0,0.0,0.547299,0.50827,-0.265708,0.0,0.0,0.54403,0.685545,-0.303072,0.0,0.0,0.545837,0.834717,-0.331767,0.0,0.0,0.62209,0.282324,-0.184557,0.0,0.0,0.638167,0.48521,-0.247317,0.0,0.0,0.646125,0.638641,-0.278562,0.0,0.0,0.653873,0.766332,-0.300485,0.0,0.0,0.666835,0.28547,-0.179363,0.0,0.0,0.715471,0.437421,-0.232204,0.0,0.0,0.750926,0.524254,-0.257848,0.0,0.0,0.781854,0.609168,-0.276181,0.0,0.0
v1.mp4,1219610e4175dfcfd945e2d4a5016440b91148cdbcc5449d7badf3789d2f4a86,1920,1080,12.02,596,49.583,562,46833,Left,0.940391,0.587797,0.099999,1e-06,0.0,0.0,0.49773,0.156465,-0.043146,0.0,0.0,0.420137,0.221908,-0.092858,0.0,0.0,0.344332,0.241438,-0.134695,0.0,0.0,0.278203,0.225114,-0.181097,0.0,0.0,0.489882,0.258648,-0.167965,0.0,0.0,0.457379,0.466642,-0.231053,0.0,0.0,0.441278,0.615951,-0.263525,0.0,0.0,0.426226,0.744311,-0.285839,0.0,0.0,0.562041,0.27472,-0.172881,0.0,0.0,0.546869,0.500993,-0.243519,0.0,0.0,0.54188,0.675036,-0.280877,0.0,0.0,0.541861,0.826557,-0.310483,0.0,0.0,0.624735,0.281641,-0.171568,0.0,0.0,0.637204,0.48412,-0.230804,0.0,0.0,0.645716,0.637659,-0.261786,0.0,0.0,0.654512,0.767902,-0.283842,0.0,0.0,0.671131,0.282083,-0.170158,0.0,0.0,0.715753,0.435324,-0.220012,0.0,0.0,0.750287,0.52312,-0.243572,0.0,0.0,0.781612,0.608701,-0.260716,0.0,0.0
v1.mp4,1219610e4175dfcfd945e2d4a5016440b91148cdbcc5449d7badf3789d2f4a86,1920,1080,12.02,596,49.583,563,46916,Left,0.950776,0.587967,0.094123,1e-06,0.0,0.0,0.496721,0.153819,-0.041507,0.0,0.0,0.414623,0.228268,-0.088423,0.0,0.0,0.336506,0.278106,-0.127232,0.0,0.0,0.263526,0.291703,-0.170314,0.0,0.0,0.487093,0.254405,-0.163818,0.0,0.0,0.456011,0.464231,-0.224056,0.0,0.0,0.441167,0.614436,-0.253864,0.0,0.0,0.427182,0.746258,-0.27416,0.0,0.0,0.559304,0.268531,-0.168332,0.0,0.0,0.546135,0.50197,-0.233309,0.0,0.0,0.541647,0.677406,-0.265341,0.0,0.0,0.542665,0.829066,-0.29137,0.0,0.0,0.622023,0.274261,-0.167206,0.0,0.0,0.637308,0.478093,-0.221821,0.0,0.0,0.646152,0.633152,-0.248994,0.0,0.0,0.655176,0.764365,-0.268887,0.0,0.0,0.668181,0.275011,-0.166185,0.0,0.0,0.715723,0.430181,-0.213419,0.0,0.0,0.751347,0.521339,-0.235582,0.0,0.0,0.783125,0.607705,-0.251609,0.0,0.0
v1.mp4,1219610e4175dfcfd945e2d4a5016440b91148cdbcc5449d7badf3789d2f4a86,1920,1080,12.02,596,49.583,564,47000,Left,0.956617,0.584361,0.097763,1e-06,0.0,0.0,0.489633,0.166105,-0.048293,0.0,0.0,0.415027,0.265074,-0.096476,0.0,0.0,0.351038,0.366918,-0.133348,0.0,0.0,0.293874,0.459229,-0.172966,0.0,0.0,0.486021,0.266718,-0.175748,0.0,0.0,0.457823,0.468353,-0.239624,0.0,0.0,0.441979,0.616605,-0.271301,0.0,0.0,0.42764,0.748632,-0.292471,0.0,0.0,0.559674,0.276077,-0.176138,0.0,0.0,0.547475,0.503038,-0.246543,0.0,0.0,0.544227,0.679746,-0.281163,0.0,0.0,0.54572,0.831768,-0.309267,0.0,0.0,0.621577,0.282857,-0.170815,0.0,0.0,0.638518,0.478609,-0.230008,0.0,0.0,0.64865,0.632335,-0.256584,0.0,0.0,0.656882,0.763338,-0.276462,0.0,0.0,0.666925,0.28663,-0.165698,0.0,0.0,0.715058,0.435717,-0.217201,0.0,0.0,0.74989,0.523908,-0.240756,0.0,0.0,0.780954,0.60977,-0.257738,0.0,0.0
v1.mp4,1219610e4175dfcfd945e2d4a5016440b91148cdbcc5449d7badf3789d2f4a86,1920,1080,12.02,596,49.583,565,47083,Left,0.973549,0.5815,0.108319,1e-06,0.0,0.0,0.490846,0.173185,-0.052246,0.0,0.0,0.416081,0.267564,-0.105507,0.0,0.0,0.352478,0.369667,-0.144947,0.0,0.0,0.295793,0.463023,-0.186909,0.0,0.0,0.485075,0.259334,-0.198154,0.0,0.0,0.458201,0.465477,-0.269699,0.0,0.0,0.440978,0.615973,-0.304312,0.0,0.0,0.425508,0.746308,-0.3265,0.0,0.0,0.559474,0.265922,-0.197085,0.0,0.0,0.548746,0.499923,-0.275085,0.0,0.0,0.543753,0.676458,-0.311035,0.0,0.0,0.543403,0.825531,-0.339215,0.0,0.0,0.621873,0.274459,-0.189687,0.0,0.0,0.639071,0.473412,-0.255334,0.0,0.0,0.647633,0.630128,-0.284416,0.0,0.0,0.654416,0.761627,-0.305103,0.0,0.0,0.668291,0.28575,-0.182007,0.0,0.0,0.71837,0.432748,-0.238428,0.0,0.0,0.753277,0.523479,-0.265097,0.0,0.0,0.783962,0.610108,-0.283669,0.0,0.0
v1.mp4,1219610e4175dfcfd945e2d4a5016440b91148cdbcc5449d7badf3789d2f4a86,1920,1080,12.02,596,49.583,566,47166,Left,0.969945,0.579959,0.117092,1e-06,0.0,0.0,0.490153,0.17986,-0.051305,0.0,0.0,0.415719,0.269713,-0.105159,0.0,0.0,0.351879,0.367283,-0.145342,0.0,0.0,0.297012,0.461628,-0.188202,0.0,0.0,0.485394,0.258045,-0.201097,0.0,0.0,0.456571,0.464708,-0.27294,0.0,0.0,0.439851,0.615596,-0.307728,0.0,0.0,0.425285,0.746305,-0.330288,0.0,0.0,0.559003,0.26492,-0.200751,0.0,0.0,0.547326,0.498365,-0.280379,0.0,0.0,0.542189,0.675762,-0.317514,0.0,0.0,0.542838,0.824957,-0.346923,0.0,0.0,0.621204,0.273735,-0.193485,0.0,0.0,0.638921,0.475608,-0.259479,0.0,0.0,0.647699,0.63403,-0.288334,0.0,0.0,0.655234,0.765651,-0.309439,0.0,0.0,0.667538,0.285802,-0.185788,0.0,0.0,0.717724,0.4332,-0.242023,0.0,0.0,0.75222,0.524858,-0.26816,0.0,0.0,0.783117,0.612156,-0.28683,0.0,0.0
v1.mp4,1219610e4175dfcfd945e2d4a5016440b91148cdbcc5449d7badf3789d2f4a86,1920,1080,12.02,596,49.583,567,47250,Left,0.97348,0.580358,0.117405,1e-06,0.0,0.0,0.489322,0.180605,-0.052913,0.0,0.0,0.414059,0.270809,-0.107461,0.0,0.0,0.352196,0.369569,-0.147664,0.0,0.0,0.297316,0.464514,-0.190364,0.0,0.0,0.485206,0.258832,-0.203713,0.0,0.0,0.45713,0.466635,-0.276009,0.0,0.0,0.440593,0.617963,-0.310617,0.0,0.0,0.426198,0.748,-0.33278,0.0,0.0,0.558699,0.266014,-0.201986,0.0,0.0,0.547131,0.503131,-0.281744,0.0,0.0,0.542152,0.679886,-0.318481,0.0,0.0,0.542715,0.827803,-0.347313,0.0,0.0,0.620096,0.276336,-0.193359,0.0,0.0,0.638374,0.478413,-0.259542,0.0,0.0,0.6473,0.634791,-0.288714,0.0,0.0,0.654662,0.764426,-0.309767,0.0,0.0,0.665044,0.290204,-0.184344,0.0,0.0,0.716437,0.436938,-0.240629,0.0,0.0,0.75163,0.526426,-0.267201,0.0,0.0,0.783142,0.611678,-0.286052,0.0,0.0
v1.mp4,1219610e4175dfcfd945e2d4a5016440b91148cdbcc5449d7badf3789d2f4a86,1920,1080,12.02,596,49.583,568,47333,Left,0.967591,0.579901,0.120081,1e-06,0.0,0.0,0.488295,0.183748,-0.055248,0.0,0.0,0.4142,0.273163,-0.112084,0.0,0.0,0.352026,0.368491,-0.153898,0.0,0.0,0.297933,0.464822,-0.198159,0.0,0.0,0.485185,0.2598,-0.213341,0.0,0.0,0.457705,0.467017,-0.2894,0.0,0.0,0.440961,0.618159,-0.326437,0.0,0.0,0.42591,0.748696,-0.350284,0.0,0.0,0.558824,0.265818,-0.211476,0.0,0.0,0.547436,0.501376,-0.296487,0.0,0.0,0.542282,0.6788,-0.336537,0.0,0.0,0.542252,0.828525,-0.367853,0.0,0.0,0.620659,0.276644,-0.2023,0.0,0.0,0.639882,0.478819,-0.272556,0.0,0.0,0.648973,0.635706,-0.303695,0.0,0.0,0.655959,0.766604,-0.326139,0.0,0.0,0.66613,0.291702,-0.192674,0.0,0.0,0.716129,0.438603,-0.25125,0.0,0.0,0.750513,0.52833,-0.278971,0.0,0.0,0.781547,0.614204,-0.299043,0.0,0.0
v1.mp4,1219610e4175dfcfd945e2d4a5016440b91148cdbcc5449d7badf3789d2f4a86,1920,1080,12.02,596,49.583,569,47416,Left,0.959505,0.57945,0.125386,1e-06,0.0,0.0,0.488068,0.186655,-0.056834,0.0,0.0,0.41415,0.273443,-0.114987,0.0,0.0,0.352628,0.366755,-0.15782,0.0,0.0,0.298035,0.464212,-0.203146,0.0,0.0,0.484766,0.259039,-0.217747,0.0,0.0,0.45722,0.465811,-0.29516,0.0,0.0,0.440871,0.617475,-0.332958,0.0,0.0,0.425899,0.749053,-0.357433,0.0,0.0,0.558518,0.264972,-0.215586,0.0,0.0,0.547264,0.497969,-0.302262,0.0,0.0,0.542199,0.675234,-0.343447,0.0,0.0,0.541974,0.826075,-0.37589,0.0,0.0,0.620448,0.276169,-0.206004,0.0,0.0,0.63955,0.476699,-0.277631,0.0,0.0,0.647994,0.633472,-0.309424,0.0,0.0,0.65412,0.764927,-0.332543,0.0,0.0,0.665904,0.291675,-0.19602,0.0,0.0,0.71598,0.43824,-0.255583,0.0,0.0,0.749405,0.52764,-0.283856,0.0,0.0,0.779734,0.613852,-0.304582,0.0,0.0
v1.mp4,1219610e4175dfcfd945e2d4a5016440b91148cdbcc5449d7badf3789d2f4a86,1920,1080,12.02,596,49.583,570,47500,Left,0.966511,0.580557,0.116776,1e-06,0.0,0.0,0.48925,0.182379,-0.05335,0.0,0.0,0.415587,0.273079,-0.110002,0.0,0.0,0.352494,0.368822,-0.152196,0.0,0.0,0.297368,0.466294,-0.197014,0.0,0.0,0.485229,0.257984,-0.212054,0.0,0.0,0.457487,0.467554,-0.288381,0.0,0.0,0.440937,0.619226,-0.326069,0.0,0.0,0.426076,0.75093,-0.350626,0.0,0.0,0.558286,0.262095,-0.211867,0.0,0.0,0.546433,0.497872,-0.297423,0.0,0.0,0.541319,0.677381,-0.339498,0.0,0.0,0.541475,0.82987,-0.372588,0.0,0.0,0.620133,0.271922,-0.204117,0.0,0.0,0.640438,0.477329,-0.27527,0.0,0.0,0.648879,0.635603,-0.308343,0.0,0.0,0.655375,0.767435,-0.332313,0.0,0.0,0.665343,0.286758,-0.195564,0.0,0.0,0.716233,0.435755,-0.254483,0.0,0.0,0.750124,0.525177,-0.282584,0.0,0.0,0.780183,0.611077,-0.303183,0.0,0.0
v1.mp4,1219610e4175dfcfd945e2d4a5016440b91148cdbcc5449d7badf3789d2f4a86,1920,1080,12.02,596,49.583,571,47583,Left,0.973932,0.579829,0.115454,1e-06,0.0,0.0,0.487536,0.182437,-0.053963,0.0,0.0,0.414641,0.272958,-0.111344,0.0,0.0,0.351624,0.369447,-0.153627,0.0,0.0,0.295665,0.466942,-0.198414,0.0,0.0,0.485134,0.257069,-0.216012,0.0,0.0,0.456886,0.467578,-0.293068,0.0,0.0,0.440214,0.619749,-0.330628,0.0,0.0,0.425229,0.750452,-0.354967,0.0,0.0,0.558969,0.261175,-0.215102,0.0,0.0,0.546249,0.499065,-0.301694,0.0,0.0,0.541267,0.678854,-0.343363,0.0,0.0,0.54131,0.829615,-0.376018,0.0,0.0,0.621141,0.271622,-0.206479,0.0,0.0,0.640706,0.477709,-0.278099,0.0,0.0,0.648761,0.636553,-0.311371,0.0,0.0,0.654302,0.767492,-0.335507,0.0,0.0,0.666248,0.287162,-0.197008,0.0,0.0,0.71686,0.437095,-0.25679,0.0,0.0,0.751125,0.527165,-0.285928,0.0,0.0,0.781107,0.613005,-0.307206,0.0,0.0
v1.mp4,1219610e4175dfcfd945e2d4a5016440b91148cdbcc5449d7badf3789d2f4a86,1920,1080,12.02,596,49.583,572,47666,Left,0.966139,0.581754,0.119504,1e-06,0.0,0.0,0.490275,0.182381,-0.052854,0.0,0.0,0.414179,0.271597,-0.107607,0.0,0.0,0.351318,0.369115,-0.148113,0.0,0.0,0.297509,0.466015,-0.191169,0.0,0.0,0.485516,0.257807,-0.205437,0.0,0.0,0.456784,0.465322,-0.278724,0.0,0.0,0.440188,0.616271,-0.314023,0.0,0.0,0.425255,0.747165,-0.336798,0.0,0.0,0.5593,0.263928,-0.204243,0.0,0.0,0.547993,0.498525,-0.285877,0.0,0.0,0.542197,0.675931,-0.324111,0.0,0.0,0.541507,0.826212,-0.354225,0.0,0.0,0.621193,0.274543,-0.196006,0.0,0.0,0.639549,0.478238,-0.263653,0.0,0.0,0.647976,0.635877,-0.293391,0.0,0.0,0.65451,0.767945,-0.314976,0.0,0.0,0.666508,0.289554,-0.187321,0.0,0.0,0.717029,0.437127,-0.24453,0.0,0.0,0.751237,0.52704,-0.271419,0.0,0.0,0.781804,0.613806,-0.290686,0.0,0.0
v1.mp4,1219610e4175dfcfd945e2d4a5016440b91148cdbcc5449d7badf3789d2f4a86,1920,1080,12.02,596,49.583,573,47750,Left,0.969309,0.58239,0.118775,1e-06,0.0,0.0,0.4897,0.18339,-0.052167,0.0,0.0,0.415094,0.273396,-0.107514,0.0,0.0,0.352324,0.369704,-0.148738,0.0,0.0,0.298348,0.467319,-0.192655,0.0,0.0,0.486168,0.258577,-0.208077,0.0,0.0,0.45776,0.467848,-0.282187,0.0,0.0,0.441003,0.618668,-0.318086,0.0,0.0,0.426201,0.74878,-0.341458,0.0,0.0,0.559347,0.263196,-0.208079,0.0,0.0,0.546681,0.498694,-0.291928,0.0,0.0,0.541511,0.678161,-0.332521,0.0,0.0,0.541639,0.829538,-0.36441,0.0,0.0,0.621333,0.273024,-0.200613,0.0,0.0,0.640772,0.478576,-0.27005,0.0,0.0,0.649085,0.637183,-0.301767,0.0,0.0,0.655416,0.769142,-0.324957,0.0,0.0,0.666968,0.287725,-0.192415,0.0,0.0,0.717292,0.435473,-0.250833,0.0,0.0,0.751391,0.525412,-0.278679,0.0,0.0,0.781491,0.611927,-0.298959,0.0,0.0
v1.mp4,1219610e4175dfcfd945e2d4a5016440b91148cdbcc5449d7badf3789d2f4a86,1920,1080,12.02,596,49.583,574,47833,Left,0.975755,0.581559,0.114998,1e-06,0.0,0.0,0.489853,0.181512,-0.05023,0.0,0.0,0.415481,0.273685,-0.104559,0.0,0.0,0.351995,0.370262,-0.145165,0.0,0.0,0.298043,0.46734,-0.188569,0.0,0.0,0.486661,0.255754,-0.205531,0.0,0.0,0.458619,0.469047,-0.278594,0.0,0.0,0.441396,0.619814,-0.313658,0.0,0.0,0.426327,0.749897,-0.336354,0.0,0.0,0.55984,0.259684,-0.206072,0.0,0.0,0.547549,0.49959,-0.288142,0.0,0.0,0.541749,0.67955,-0.327223,0.0,0.0,0.541578,0.830141,-0.357977,0.0,0.0,0.621385,0.269412,-0.199133,0.0,0.0,0.641152,0.479093,-0.266884,0.0,0.0,0.64901,0.637671,-0.297432,0.0,0.0,0.654926,0.769108,-0.319835,0.0,0.0,0.666098,0.284255,-0.19137,0.0,0.0,0.716841,0.434767,-0.248388,0.0,0.0,0.751096,0.525183,-0.275169,0.0,0.0,0.78079,0.611467,-0.294629,0.0,0.0
v1.mp4,1219610e4175dfcfd945e2d4a5016440b91148cdbcc5449d7badf3789d2f4a86,1920,1080,12.02,596,49.583,575,47916,Left,0.970389,0.58064,0.117605,1e-06,0.0,0.0,0.48969,0.182485,-0.052855,0.0,0.0,0.415007,0.272692,-0.107363,0.0,0.0,0.351199,0.369494,-0.147545,0.0,0.0,0.297643,0.467158,-0.190215,0.0,0.0,0.485994,0.259441,-0.206216,0.0,0.0,0.458048,0.468307,-0.279983,0.0,0.0,0.44102,0.619074,-0.315796,0.0,0.0,0.425696,0.750364,-0.338879,0.0,0.0,0.559031,0.264884,-0.205102,0.0,0.0,0.547905,0.500557,-0.287358,0.0,0.0,0.542469,0.68,-0.326955,0.0,0.0,0.542397,0.832062,-0.35808,0.0,0.0,0.620246,0.2754,-0.19683,0.0,0.0,0.640286,0.478427,-0.265097,0.0,0.0,0.649036,0.636237,-0.296457,0.0,0.0,0.65578,0.768639,-0.319151,0.0,0.0,0.664988,0.29044,-0.188006,0.0,0.0,0.716125,0.43748,-0.245485,0.0,0.0,0.751346,0.526126,-0.272983,0.0,0.0,0.782548,0.611621,-0.292766,0.0,0.0
v1.mp4,1219610e4175dfcfd945e2d4a5016440b91148cdbcc5449d7badf3789d2f4a86,1920,1080,12.02,596,49.583,576,48000,Left,0.966059,0.581366,0.12096,1e-06,0.0,0.0,0.489925,0.184081,-0.052649,0.0,0.0,0.414099,0.273323,-0.106851,0.0,0.0,0.351609,0.369715,-0.147023,0.0,0.0,0.299886,0.467688,-0.189764,0.0,0.0,0.486266,0.259372,-0.20467,0.0,0.0,0.45823,0.468765,-0.277706,0.0,0.0,0.440901,0.619574,-0.313119,0.0,0.0,0.425586,0.750812,-0.335956,0.0,0.0,0.559893,0.264137,-0.203779,0.0,0.0,0.548216,0.499891,-0.285145,0.0,0.0,0.542457,0.679018,-0.323968,0.0,0.0,0.542339,0.831245,-0.354512,0.0,0.0,0.621534,0.274456,-0.195905,0.0,0.0,0.64053,0.476171,-0.263578,0.0,0.0,0.64858,0.633601,-0.294241,0.0,0.0,0.654915,0.766121,-0.316421,0.0,0.0,0.666978,0.290297,-0.187564,0.0,0.0,0.717385,0.437847,-0.2449,0.0,0.0,0.752547,0.527071,-0.272053,0.0,0.0,0.783381,0.613011,-0.291509,0.0,0.0
v1.mp4,1219610e4175dfcfd945e2d4a5016440b91148cdbcc5449d7badf3789d2f4a86,1920,1080,12.02,596,49.583,577,48083,Left,0.967222,0.579914,0.121923,1e-06,0.0,0.0,0.487656,0.185678,-0.055167,0.0,0.0,0.412933,0.273438,-0.112405,0.0,0.0,0.351092,0.366816,-0.154986,0.0,0.0,0.299248,0.467236,-0.200135,0.0,0.0,0.485828,0.262619,-0.213434,0.0,0.0,0.458369,0.472262,-0.28934,0.0,0.0,0.441488,0.622386,-0.326336,0.0,0.0,0.425822,0.752997,-0.350539,0.0,0.0,0.559571,0.266711,-0.212472,0.0,0.0,0.547657,0.498855,-0.298993,0.0,0.0,0.541998,0.678302,-0.341408,0.0,0.0,0.541664,0.831939,-0.374707,0.0,0.0,0.621287,0.276114,-0.204147,0.0,0.0,0.641252,0.475278,-0.27605,0.0,0.0,0.648393,0.63305,-0.309533,0.0,0.0,0.653565,0.765951,-0.333867,0.0,0.0,0.666495,0.29105,-0.195236,0.0,0.0,0.717649,0.437551,-0.256248,0.0,0.0,0.752531,0.525695,-0.286001,0.0,0.0,0.783223,0.611164,-0.307602,0.0,0.0
v1.mp4,1219610e4175dfcfd945e2d4a5016440b91148cdbcc5449d7badf3789d2f4a86,1920,1080,12.02,596,49.583,578,48166,Left,0.95863,0.579071,0.122631,1e-06,0.0,0.0,0.487827,0.186447,-0.053889,0.0,0.0,0.41353,0.271952,-0.109537,0.0,0.0,0.351253,0.364751,-0.150923,0.0,0.0,0.300487,0.465738,-0.194614,0.0,0.0,0.486008,0.262907,-0.208275,0.0,0.0,0.456635,0.469958,-0.283,0.0,0.0,0.439632,0.620621,-0.319456,0.0,0.0,0.423779,0.75274,-0.343102,0.0,0.0,0.560093,0.267802,-0.206995,0.0,0.0,0.54887,0.500019,-0.29228,0.0,0.0,0.542611,0.678641,-0.333838,0.0,0.0,0.541228,0.831369,-0.366323,0.0,0.0,0.621708,0.277548,-0.19844,0.0,0.0,0.641213,0.47165,-0.269228,0.0,0.0,0.648774,0.627453,-0.3016,0.0,0.0,0.654044,0.758881,-0.324716,0.0,0.0,0.666428,0.292369,-0.189317,0.0,0.0,0.718382,0.438727,-0.248741,0.0,0.0,0.753203,0.525865,-0.277205,0.0,0.0,0.783978,0.610783,-0.297653,0.0,0.0
v1.mp4,1219610e4175dfcfd945e2d4a5016440b91148cdbcc5449d7badf3789d2f4a86,1920,1080,12.02,596,49.583,579,48250,Left,0.955296,0.577926,0.12071,1e-06,0.0,0.0,0.487106,0.183803,-0.055388,0.0,0.0,0.414127,0.267853,-0.11159,0.0,0.0,0.351353,0.363204,-0.15307,0.0,0.0,0.30025,0.466385,-0.19655,0.0,0.0,0.48558,0.26101,-0.20815,0.0,0.0,0.457288,0.467474,-0.282729,0.0,0.0,0.440458,0.619468,-0.318871,0.0,0.0,0.424413,0.75347,-0.342122,0.0,0.0,0.560511,0.269251,-0.205208,0.0,0.0,0.551065,0.502892,-0.288684,0.0,0.0,0.544184,0.681635,-0.328369,0.0,0.0,0.541534,0.833583,-0.359639,0.0,0.0,0.622,0.279556,-0.195286,0.0,0.0,0.642526,0.472006,-0.264573,0.0,0.0,0.650802,0.629844,-0.296258,0.0,0.0,0.65607,0.761407,-0.319005,0.0,0.0,0.664996,0.291992,-0.185018,0.0,0.0,0.719328,0.436768,-0.243697,0.0,0.0,0.755383,0.524272,-0.272297,0.0,0.0,0.786704,0.609543,-0.2928,0.0,0.0
v1.mp4,1219610e4175dfcfd945e2d4a5016440b91148cdbcc5449d7badf3789d2f4a86,1920,1080,12.02,596,49.583,580,48333,Left,0.963089,0.579094,0.122344,1e-06,0.0,0.0,0.488414,0.183513,-0.056455,0.0,0.0,0.414999,0.269411,-0.113222,0.0,0.0,0.3522,0.363862,-0.155502,0.0,0.0,0.300538,0.466545,-0.199939,0.0,0.0,0.485323,0.258731,-0.208381,0.0,0.0,0.457638,0.467507,-0.281887,0.0,0.0,0.441943,0.620506,-0.317075,0.0,0.0,0.427315,0.754977,-0.339722,0.0,0.0,0.561387,0.266964,-0.205225,0.0,0.0,0.551416,0.498338,-0.287324,0.0,0.0,0.545613,0.678377,-0.325631,0.0,0.0,0.543813,0.832024,-0.356144,0.0,0.0,0.62456,0.277435,-0.195394,0.0,0.0,0.643675,0.467639,-0.262753,0.0,0.0,0.651377,0.627964,-0.293417,0.0,0.0,0.656287,0.761914,-0.315875,0.0,0.0,0.670421,0.290221,-0.185559,0.0,0.0,0.723665,0.436315,-0.242896,0.0,0.0,0.758206,0.52786,-0.271424,0.0,0.0,0.788265,0.616426,-0.292139,0.0,0.0
v1.mp4,1219610e4175dfcfd945e2d4a5016440b91148cdbcc5449d7badf3789d2f4a86,1920,1080,12.02,596,49.583,581,48416,Left,0.951509,0.5769,0.127478,1e-06,0.0,0.0,0.484998,0.188032,-0.062534,0.0,0.0,0.413261,0.268751,-0.124207,0.0,0.0,0.351332,0.359527,-0.170159,0.0,0.0,0.300797,0.466498,-0.218109,0.0,0.0,0.485232,0.267961,-0.221655,0.0,0.0,0.458159,0.470507,-0.300167,0.0,0.0,0.442796,0.621782,-0.338743,0.0,0.0,0.426634,0.756552,-0.364346,0.0,0.0,0.561504,0.278151,-0.217115,0.0,0.0,0.551758,0.497811,-0.30934,0.0,0.0,0.546029,0.676427,-0.355005,0.0,0.0,0.543406,0.832441,-0.390916,0.0,0.0,0.623998,0.288221,-0.205293,0.0,0.0,0.644741,0.471287,-0.280337,0.0,0.0,0.65412,0.630817,-0.315145,0.0,0.0,0.65938,0.765171,-0.340622,0.0,0.0,0.668878,0.298348,-0.193651,0.0,0.0,0.72208,0.438448,-0.256682,0.0,0.0,0.756766,0.526412,-0.288878,0.0,0.0,0.787979,0.614251,-0.312687,0.0,0.0
v1.mp4,1219610e4175dfcfd945e2d4a5016440b91148cdbcc5449d7badf3789d2f4a86,1920,1080,12.02,596,49.583,582,48500,Left,0.936698,0.576298,0.123674,1e-06,0.0,0.0,0.485804,0.18448,-0.058935,0.0,0.0,0.413219,0.267482,-0.117695,0.0,0.0,0.352335,0.363241,-0.161305,0.0,0.0,0.303015,0.470762,-0.206613,0.0,0.0,0.485154,0.266526,-0.215548,0.0,0.0,0.457893,0.47047,-0.292908,0.0,0.0,0.442641,0.621869,-0.3307,0.0,0.0,0.426662,0.757693,-0.355374,0.0,0.0,0.561536,0.275677,-0.211702,0.0,0.0,0.552237,0.496407,-0.300268,0.0,0.0,0.546409,0.67372,-0.342414,0.0,0.0,0.543914,0.828348,-0.375681,0.0,0.0,0.624577,0.284923,-0.200881,0.0,0.0,0.644381,0.469106,-0.273711,0.0,0.0,0.653411,0.627836,-0.306376,0.0,0.0,0.658892,0.761926,-0.329837,0.0,0.0,0.670188,0.294065,-0.190032,0.0,0.0,0.722115,0.437999,-0.251244,0.0,0.0,0.755993,0.527333,-0.281782,0.0,0.0,0.786305,0.615796,-0.303912,0.0,0.0
v1.mp4,1219610e4175dfcfd945e2d4a5016440b91148cdbcc5449d7badf3789d2f4a86,1920,1080,12.02,596,49.583,583,48583,Left,0.933316,0.575686,0.126771,1e-06,0.0,0.0,0.485049,0.186454,-0.058944,0.0,0.0,0.411015,0.268427,-0.116879,0.0,0.0,0.350765,0.36337,-0.159901,0.0,0.0,0.3037,0.471546,-0.204587,0.0,0.0,0.486391,0.268638,-0.212702,0.0,0.0,0.457914,0.473154,-0.287357,0.0,0.0,0.442721,0.622651,-0.323008,0.0,0.0,0.426732,0.756652,-0.346396,0.0,0.0,0.563019,0.278157,-0.208519,0.0,0.0,0.553693,0.496187,-0.295796,0.0,0.0,0.54776,0.672388,-0.337028,0.0,0.0,0.544525,0.825353,-0.369672,0.0,0.0,0.625753,0.286659,-0.197443,0.0,0.0,0.643498,0.465443,-0.268892,0.0,0.0,0.652062,0.622846,-0.301115,0.0,0.0,0.657074,0.755343,-0.324304,0.0,0.0,0.670884,0.294344,-0.186476,0.0,0.0,0.723241,0.437776,-0.246779,0.0,0.0,0.756393,0.528673,-0.277583,0.0,0.0,0.785864,0.617055,-0.29996,0.0,0.0
v1.mp4,1219610e4175dfcfd945e2d4a5016440b91148cdbcc5449d7badf3789d2f4a86,1920,1080,12.02,596,49.583,584,48666,Left,0.915332,0.5743,0.128045,1e-06,0.0,0.0,0.483133,0.190008,-0.059205,0.0,0.0,0.411027,0.272246,-0.118328,0.0,0.0,0.350633,0.363717,-0.162703,0.0,0.0,0.3042,0.471924,-0.208695,0.0,0.0,0.485684,0.276866,-0.214019,0.0,0.0,0.45762,0.478442,-0.290768,0.0,0.0,0.443194,0.625358,-0.328219,0.0,0.0,0.427865,0.759122,-0.35298,0.0,0.0,0.56236,0.286858,-0.210917,0.0,0.0,0.552658,0.501049,-0.301284,0.0,0.0,0.546796,0.67298,-0.344829,0.0,0.0,0.543326,0.826969,-0.378927,0.0,0.0,0.626641,0.293723,-0.200904,0.0,0.0,0.644407,0.470685,-0.275529,0.0,0.0,0.652928,0.626989,-0.309546,0.0,0.0,0.658125,0.761503,-0.333715,0.0,0.0,0.673549,0.297818,-0.190831,0.0,0.0,0.725082,0.43928,-0.253248,0.0,0.0,0.755821,0.530646,-0.284976,0.0,0.0,0.783655,0.621289,-0.308079,0.0,0.0
v1.mp4,1219610e4175dfcfd945e2d4a5016440b91148cdbcc5449d7badf3789d2f4a86,1920,1080,12.02,596,49.583,585,48750,Left,0.892542,0.573324,0.127397,1e-06,0.0,0.0,0.482213,0.186496,-0.059349,0.0,0.0,0.410257,0.271935,-0.118061,0.0,0.0,0.351802,0.367732,-0.162776,0.0,0.0,0.304864,0.475411,-0.209451,0.0,0.0,0.484952,0.273605,-0.208708,0.0,0.0,0.458725,0.47883,-0.284919,0.0,0.0,0.444521,0.62691,-0.322919,0.0,0.0,0.429537,0.761799,-0.348155,0.0,0.0,0.561039,0.28637,-0.206025,0.0,0.0,0.552104,0.502298,-0.293749,0.0,0.0,0.546793,0.673052,-0.336306,0.0,0.0,0.544225,0.828196,-0.369892,0.0,0.0,0.625682,0.293583,-0.197035,0.0,0.0,0.644397,0.472328,-0.269847,0.0,0.0,0.653823,0.626529,-0.303152,0.0,0.0,0.660761,0.760489,-0.327045,0.0,0.0,0.672766,0.295603,-0.18824,0.0,0.0,0.723783,0.436114,-0.248686,0.0,0.0,0.754914,0.525146,-0.27866,0.0,0.0,0.784218,0.612811,-0.300753,0.0,0.0
v1.mp4,1219610e4175dfcfd945e2d4a5016440b91148cdbcc5449d7badf3789d2f4a86,1920,1080,12.02,596,49.583,586,48833,Left,0.888448,0.573268,0.131704,1e-06,0.0,0.0,0.481749,0.188646,-0.06271,0.0,0.0,0.409843,0.271019,-0.123662,0.0,0.0,0.351522,0.365039,-0.169344,0.0,0.0,0.304819,0.475958,-0.216765,0.0,0.0,0.484827,0.272521,-0.217463,0.0,0.0,0.458151,0.478994,-0.295356,0.0,0.0,0.444284,0.627846,-0.333782,0.0,0.0,0.429435,0.762385,-0.359279,0.0,0.0,0.561606,0.284181,-0.212853,0.0,0.0,0.55175,0.499896,-0.303933,0.0,0.0,0.546678,0.671262,-0.348319,0.0,0.0,0.543909,0.826932,-0.383177,0.0,0.0,0.626342,0.29226,-0.201614,0.0,0.0,0.644661,0.469821,-0.276714,0.0,0.0,0.653603,0.626215,-0.311959,0.0,0.0,0.659346,0.761502,-0.337234,0.0,0.0,0.673402,0.296619,-0.190532,0.0,0.0,0.72515,0.436911,-0.252915,0.0,0.0,0.755717,0.526855,-0.285122,0.0,0.0,0.783932,0.616099,-0.308967,0.0,0.0
v1.mp4,1219610e4175dfcfd945e2d4a5016440b91148cdbcc5449d7badf3789d2f4a86,1920,1080,12.02,596,49.583,587,48916,Left,0.87589,0.57326,0.131548,1e-06,0.0,0.0,0.481109,0.189689,-0.062196,0.0,0.0,0.409673,0.272854,-0.122904,0.0,0.0,0.351879,0.366481,-0.168828,0.0,0.0,0.304754,0.476261,-0.21671,0.0,0.0,0.484695,0.274127,-0.214848,0.0,0.0,0.458558,0.479981,-0.29249,0.0,0.0,0.444594,0.628463,-0.33098,0.0,0.0,0.429466,0.763293,-0.356563,0.0,0.0,0.561335,0.286317,-0.210918,0.0,0.0,0.552512,0.501997,-0.301192,0.0,0.0,0.547164,0.673115,-0.345071,0.0,0.0,0.544141,0.828828,-0.379591,0.0,0.0,0.626012,0.293645,-0.200561,0.0,0.0,0.644842,0.470571,-0.275168,0.0,0.0,0.653867,0.626083,-0.309264,0.0,0.0,0.659674,0.762167,-0.333779,0.0,0.0,0.67306,0.296552,-0.190485,0.0,0.0,0.724672,0.435842,-0.252473,0.0,0.0,0.755179,0.526163,-0.283634,0.0,0.0,0.783389,0.616352,-0.306735,0.0,0.0
v1.mp4,1219610e4175dfcfd945e2d4a5016440b91148cdbcc5449d7badf3789d2f4a86,1920,1080,12.02,596,49.583,588,49000,Left,0.864237,0.574072,0.122856,1e-06,0.0,0.0,0.482883,0.182643,-0.057846,0.0,0.0,0.410135,0.268493,-0.114241,0.0,0.0,0.352089,0.366793,-0.157051,0.0,0.0,0.306633,0.476615,-0.201601,0.0,0.0,0.485252,0.273038,-0.200899,0.0,0.0,0.457889,0.477801,-0.274468,0.0,0.0,0.444322,0.625844,-0.310799,0.0,0.0,0.429652,0.761366,-0.334846,0.0,0.0,0.56081,0.28571,-0.19803,0.0,0.0,0.552518,0.500963,-0.283044,0.0,0.0,0.547596,0.671882,-0.32371,0.0,0.0,0.544748,0.826814,-0.355543,0.0,0.0,0.62471,0.292078,-0.189183,0.0,0.0,0.643928,0.46901,-0.259574,0.0,0.0,0.652811,0.622996,-0.290471,0.0,0.0,0.658394,0.758151,-0.312337,0.0,0.0,0.671584,0.293302,-0.18068,0.0,0.0,0.723128,0.433827,-0.239117,0.0,0.0,0.753277,0.525322,-0.267436,0.0,0.0,0.780445,0.616055,-0.287961,0.0,0.0
v1.mp4,1219610e4175dfcfd945e2d4a5016440b91148cdbcc5449d7badf3789d2f4a86,1920,1080,12.02,596,49.583,589,49083,Left,0.895594,0.574315,0.130751,1e-06,0.0,0.0,0.482552,0.190958,-0.062378,0.0,0.0,0.411284,0.270633,-0.123506,0.0,0.0,0.35172,0.363365,-0.169313,0.0,0.0,0.305722,0.474834,-0.216671,0.0,0.0,0.484396,0.276506,-0.218276,0.0,0.0,0.457298,0.47846,-0.297155,0.0,0.0,0.443163,0.62706,-0.336144,0.0,0.0,0.427187,0.76216,-0.361985,0.0,0.0,0.561252,0.288752,-0.213622,0.0,0.0,0.552658,0.499348,-0.30751,0.0,0.0,0.547066,0.670412,-0.353251,0.0,0.0,0.542958,0.825951,-0.38858,0.0,0.0,0.625729,0.29616,-0.202008,0.0,0.0,0.644722,0.470141,-0.278882,0.0,0.0,0.654174,0.626535,-0.313542,0.0,0.0,0.659121,0.762161,-0.3379,0.0,0.0,0.672608,0.299245,-0.190534,0.0,0.0,0.724762,0.436495,-0.253879,0.0,0.0,0.75525,0.526524,-0.285928,0.0,0.0,0.782765,0.617086,-0.309234,0.0,0.0
v1.mp4,1219610e4175dfcfd945e2d4a5016440b91148cdbcc5449d7badf3789d2f4a86,1920,1080,12.02,596,49.583,590,49166,Left,0.858176,0.571117,0.133163,1e-06,0.0,0.0,0.478754,0.192465,-0.067217,0.0,0.0,0.409423,0.273797,-0.132327,0.0,0.0,0.35149,0.365221,-0.181107,0.0,0.0,0.306371,0.480757,-0.231745,0.0,0.0,0.484015,0.279092,-0.232983,0.0,0.0,0.457421,0.479222,-0.316552,0.0,0.0,0.444359,0.627452,-0.358592,0.0,0.0,0.428806,0.763667,-0.386988,0.0,0.0,0.561256,0.292042,-0.227755,0.0,0.0,0.552465,0.499915,-0.328358,0.0,0.0,0.547493,0.67072,-0.379824,0.0,0.0,0.543567,0.828502,-0.420065,0.0,0.0,0.62562,0.300602,-0.214898,0.0,0.0,0.645204,0.46967,-0.296911,0.0,0.0,0.654807,0.625838,-0.3361,0.0,0.0,0.659577,0.761448,-0.36433,0.0,0.0,0.672366,0.303717,-0.202164,0.0,0.0,0.723869,0.439773,-0.268883,0.0,0.0,0.75381,0.529183,-0.303967,0.0,0.0,0.781613,0.619243,-0.33053,0.0,0.0
v1.mp4,1219610e4175dfcfd945e2d4a5016440b91148cdbcc5449d7badf3789d2f4a86,1920,1080,12.02,596,49.583,591,49250,Left,0.858693,0.572346,0.126944,1e-06,0.0,0.0,0.480996,0.18562,-0.0614,0.0,0.0,0.409053,0.269535,-0.120697,0.0,0.0,0.351547,0.365889,-0.165707,0.0,0.0,0.307239,0.479845,-0.21254,0.0,0.0,0.484323,0.275842,-0.209102,0.0,0.0,0.456633,0.480612,-0.286071,0.0,0.0,0.444125,0.631485,-0.325063,0.0,0.0,0.43068,0.767944,-0.35108,0.0,0.0,0.559999,0.28785,-0.205315,0.0,0.0,0.552391,0.500512,-0.295265,0.0,0.0,0.549001,0.672257,-0.339964,0.0,0.0,0.547445,0.829571,-0.374795,0.0,0.0,0.624331,0.293924,-0.195337,0.0,0.0,0.643361,0.471921,-0.269473,0.0,0.0,0.653222,0.629493,-0.304032,0.0,0.0,0.659464,0.76726,-0.32853,0.0,0.0,0.671939,0.294452,-0.185684,0.0,0.0,0.723712,0.435113,-0.246794,0.0,0.0,0.755056,0.525148,-0.277656,0.0,0.0,0.783719,0.613712,-0.300248,0.0,0.0
v1.mp4,1219610e4175dfcfd945e2d4a5016440b91148cdbcc5449d7badf3789d2f4a86,1920,1080,12.02,596,49.583,592,49333,Left,0.882588,0.573291,0.127329,1e-06,0.0,0.0,0.480931,0.186119,-0.060007,0.0,0.0,0.409164,0.269648,-0.118339,0.0,0.0,0.351518,0.365593,-0.162519,0.0,0.0,0.308227,0.47949,-0.208455,0.0,0.0,0.484904,0.27283,-0.20779,0.0,0.0,0.457715,0.478977,-0.283425,0.0,0.0,0.444073,0.627702,-0.320845,0.0,0.0,0.429365,0.763092,-0.345646,0.0,0.0,0.561061,0.285168,-0.204251,0.0,0.0,0.55258,0.501738,-0.292544,0.0,0.0,0.547351,0.672826,-0.335407,0.0,0.0,0.544271,0.828285,-0.36884,0.0,0.0,0.62554,0.291915,-0.194428,0.0,0.0,0.644559,0.470982,-0.267436,0.0,0.0,0.653816,0.625779,-0.300226,0.0,0.0,0.659596,0.760886,-0.323403,0.0,0.0,0.672611,0.294219,-0.184856,0.0,0.0,0.724215,0.434603,-0.245346,0.0,0.0,0.754867,0.525089,-0.27518,0.0,0.0,0.782877,0.614749,-0.296884,0.0,0.0
v1.mp4,1219610e4175dfcfd945e2d4a5016440b91148cdbcc5449d7badf3789d2f4a86,1920,1080,12.02,596,49.583,593,49416,Left,0.874605,0.571972,0.133647,1e-06,0.0,0.0,0.480108,0.189158,-0.061349,0.0,0.0,0.408217,0.270015,-0.121068,0.0,0.0,0.351177,0.364068,-0.16613,0.0,0.0,0.308162,0.477902,-0.213159,0.0,0.0,0.484133,0.273238,-0.213202,0.0,0.0,0.457268,0.479576,-0.289722,0.0,0.0,0.443794,0.62858,-0.327671,0.0,0.0,0.429202,0.764086,-0.352899,0.0,0.0,0.560565,0.28561,-0.209059,0.0,0.0,0.552048,0.501638,-0.298097,0.0,0.0,0.547077,0.672604,-0.342026,0.0,0.0,0.54419,0.828436,-0.376723,0.0,0.0,0.624811,0.293084,-0.198256,0.0,0.0,0.644254,0.471842,-0.271506,0.0,0.0,0.653805,0.627444,-0.305514,0.0,0.0,0.659601,0.762584,-0.330171,0.0,0.0,0.671315,0.296128,-0.187641,0.0,0.0,0.723866,0.435187,-0.248441,0.0,0.0,0.754551,0.525249,-0.279212,0.0,0.0,0.782709,0.61499,-0.302116,0.0,0.0
v1.mp4,1219610e4175dfcfd945e2d4a5016440b91148cdbcc5449d7badf3789d2f4a86,1920,1080,12.02,596,49.583,594,49500,Left,0.868061,0.57311,0.128686,1e-06,0.0,0.0,0.480751,0.18652,-0.060769,0.0,0.0,0.408718,0.269407,-0.119576,0.0,0.0,0.35146,0.365273,-0.164051,0.0,0.0,0.307414,0.478888,-0.21027,0.0,0.0,0.485254,0.272617,-0.209471,0.0,0.0,0.457942,0.477706,-0.285762,0.0,0.0,0.444533,0.626987,-0.32382,0.0,0.0,0.429863,0.7636,-0.349166,0.0,0.0,0.561652,0.28547,-0.205636,0.0,0.0,0.553002,0.499886,-0.294353,0.0,0.0,0.547858,0.671661,-0.337839,0.0,0.0,0.544614,0.828259,-0.371968,0.0,0.0,0.625698,0.29291,-0.195463,0.0,0.0,0.644716,0.469783,-0.268629,0.0,0.0,0.65397,0.624386,-0.301507,0.0,0.0,0.65937,0.759609,-0.324973,0.0,0.0,0.67194,0.295503,-0.185635,0.0,0.0,0.724003,0.43534,-0.246145,0.0,0.0,0.754507,0.526451,-0.275998,0.0,0.0,0.781772,0.617048,-0.2979,0.0,0.0
v1.mp4,1219610e4175dfcfd945e2d4a5016440b91148cdbcc5449d7badf3789d2f4a86,1920,1080,12.02,596,49.583,595,49583,Left,0.872053,0.571964,0.132069,1e-06,0.0,0.0,0.480073,0.188389,-0.060014,0.0,0.0,0.408385,0.269142,-0.118217,0.0,0.0,0.351259,0.363726,-0.162184,0.0,0.0,0.308483,0.477706,-0.207723,0.0,0.0,0.484234,0.273685,-0.207233,0.0,0.0,0.457722,0.478182,-0.283042,0.0,0.0,0.44425,0.626824,-0.320974,0.0,0.0,0.429315,0.762847,-0.346176,0.0,0.0,0.560445,0.287011,-0.203459,0.0,0.0,0.552423,0.501742,-0.291906,0.0,0.0,0.547444,0.672279,-0.335387,0.0,0.0,0.544193,0.828295,-0.369348,0.0,0.0,0.624638,0.294362,-0.193306,0.0,0.0,0.644519,0.472407,-0.266141,0.0,0.0,0.654209,0.626805,-0.298999,0.0,0.0,0.65988,0.761759,-0.322286,0.0,0.0,0.671224,0.297057,-0.183416,0.0,0.0,0.724226,0.436535,-0.243491,0.0,0.0,0.755347,0.525636,-0.27307,0.0,0.0,0.783335,0.614786,-0.294626,0.0,0.0
