video_file,video_hash,video_width,video_height,video_fps,total_video_frames,video_duration_sec,frame_idx,timestamp_ms,hand,hand_score,wrist_x,wrist_y,wrist_z,wrist_visibility,wrist_presence,thumb_cmc_x,thumb_cmc_y,thumb_cmc_z,thumb_cmc_visibility,thumb_cmc_presence,thumb_mcp_x,thumb_mcp_y,thumb_mcp_z,thumb_mcp_visibility,thumb_mcp_presence,thumb_ip_x,thumb_ip_y,thumb_ip_z,thumb_ip_visibility,thumb_ip_presence,thumb_tip_x,thumb_tip_y,thumb_tip_z,thumb_tip_visibility,thumb_tip_presence,index_mcp_x,index_mcp_y,index_mcp_z,index_mcp_visibility,index_mcp_presence,index_pip_x,index_pip_y,index_pip_z,index_pip_visibility,index_pip_presence,index_dip_x,index_dip_y,index_dip_z,index_dip_visibility,index_dip_presence,index_tip_x,index_tip_y,index_tip_z,index_tip_visibility,index_tip_presence,middle_mcp_x,middle_mcp_y,middle_mcp_z,middle_mcp_visibility,middle_mcp_presence,middle_pip_x,middle_pip_y,middle_pip_z,middle_pip_visibility,middle_pip_presence,middle_dip_x,middle_dip_y,middle_dip_z,middle_dip_visibility,middle_dip_presence,middle_tip_x,middle_tip_y,middle_tip_z,middle_tip_visibility,middle_tip_presence,ring_mcp_x,ring_mcp_y,ring_mcp_z,ring_mcp_visibility,ring_mcp_presence,ring_pip_x,ring_pip_y,ring_pip_z,ring_pip_visibility,ring_pip_presence,ring_dip_x,ring_dip_y,ring_dip_z,ring_dip_visibility,ring_dip_presence,ring_tip_x,ring_tip_y,ring_tip_z,ring_tip_visibility,ring_tip_presence,pinky_mcp_x,pinky_mcp_y,pinky_mcp_z,pinky_mcp_visibility,pinky_mcp_presence,pinky_pip_x,pinky_pip_y,pinky_pip_z,pinky_pip_visibility,pinky_pip_presence,pinky_dip_x,pinky_dip_y,pinky_dip_z,pinky_dip_visibility,pinky_dip_presence,pinky_tip_x,pinky_tip_y,pinky_tip_z,pinky_tip_visibility,pinky_tip_presence
v6.mp4,7c99d4d53a4894f3458813770693367ec44e61fa708e6d502318c6a45f04ff2d,1920,1080,12.07,178,14.75,0,0,Right,0.9032,0.227608,0.083345,0.0,0.0,0.0,0.34777,0.050172,-0.02139,0.0,0.0,0.465594,0.110481,-0.045513,0.0,0.0,0.54548,0.191778,-0.064141,0.0,0.0,0.612278,0.261593,-0.083979,0.0,0.0,0.464912,0.227402,-0.097661,0.0,0.0,0.565412,0.379884,-0.138622,0.0,0.0,0.620065,0.478982,-0.156529,0.0,0.0,0.661698,0.570303,-0.168922,0.0,0.0,0.399692,0.287609,-0.11143,0.0,0.0,0.466837,0.465661,-0.157467,0.0,0.0,0.513594,0.591535,-0.182957,0.0,0.0,0.551108,0.701752,-0.201758,0.0,0.0,0.325212,0.330339,-0.123183,0.0,0.0,0.35271,0.557025,-0.176145,0.0,0.0,0.384444,0.719133,-0.210284,0.0,0.0,0.412355,0.852723,-0.230962,0.0,0.0,0.252152,0.362233,-0.131522,0.0,0.0,0.254,0.561286,-0.181423,0.0,0.0,0.257241,0.685083,-0.207268,0.0,0.0,0.265405,0.798073,-0.223173,0.0,0.0
v6.mp4,7c99d4d53a4894f3458813770693367ec44e61fa708e6d502318c6a45f04ff2d,1920,1080,12.07,178,14.75,1,83,Right,0.848413,0.207679,0.071668,1e-06,0.0,0.0,0.333327,0.04145,-0.02253,0.0,0.0,0.451947,0.091485,-0.050347,0.0,0.0,0.536768,0.186934,-0.069003,0.0,0.0,0.604528,0.264941,-0.086842,0.0,0.0,0.444622,0.199476,-0.133422,0.0,0.0,0.550906,0.354653,-0.191152,0.0,0.0,0.613753,0.462544,-0.224628,0.0,0.0,0.664945,0.561163,-0.24816,0.0,0.0,0.383368,0.269238,-0.145058,0.0,0.0,0.448933,0.429383,-0.214584,0.0,0.0,0.501657,0.537599,-0.252992,0.0,0.0,0.541911,0.632818,-0.281493,0.0,0.0,0.314783,0.329656,-0.150517,0.0,0.0,0.349132,0.558595,-0.218604,0.0,0.0,0.385756,0.719813,-0.252687,0.0,0.0,0.412802,0.855082,-0.273617,0.0,0.0,0.248588,0.374199,-0.152332,0.0,0.0,0.259461,0.579628,-0.213975,0.0,0.0,0.261174,0.696497,-0.240761,0.0,0.0,0.266732,0.803653,-0.256311,0.0,0.0
v6.mp4,7c99d4d53a4894f3458813770693367ec44e61fa708e6d502318c6a45f04ff2d,1920,1080,12.07,178,14.75,2,166,Right,0.870242,0.208471,0.073,1e-06,0.0,0.0,0.340922,0.038552,-0.015647,0.0,0.0,0.456505,0.093318,-0.051482,0.0,0.0,0.538498,0.186689,-0.078404,0.0,0.0,0.60785,0.265719,-0.1077,0.0,0.0,0.450901,0.201625,-0.170741,0.0,0.0,0.555537,0.360341,-0.238913,0.0,0.0,0.617199,0.468672,-0.27577,0.0,0.0,0.667397,0.564682,-0.301249,0.0,0.0,0.386347,0.270002,-0.18769,0.0,0.0,0.448458,0.43624,-0.272973,0.0,0.0,0.499358,0.537388,-0.316138,0.0,0.0,0.539329,0.620652,-0.348395,0.0,0.0,0.314348,0.325747,-0.194756,0.0,0.0,0.347968,0.552876,-0.280578,0.0,0.0,0.385106,0.71474,-0.323313,0.0,0.0,0.411898,0.845872,-0.349236,0.0,0.0,0.2448,0.370827,-0.194525,0.0,0.0,0.261193,0.571693,-0.266552,0.0,0.0,0.263099,0.693541,-0.297554,0.0,0.0,0.266321,0.800197,-0.317255,0.0,0.0
v6.mp4,7c99d4d53a4894f3458813770693367ec44e61fa708e6d502318c6a45f04ff2d,1920,1080,12.07,178,14.75,3,250,Right,0.854402,0.203512,0.069011,1e-06,0.0,0.0,0.3376,0.040488,-0.014618,0.0,0.0,0.453271,0.096658,-0.049033,0.0,0.0,0.535939,0.193035,-0.074452,0.0,0.0,0.605705,0.271286,-0.101086,0.0,0.0,0.446969,0.199614,-0.166287,0.0,0.0,0.554477,0.356892,-0.234007,0.0,0.0,0.616779,0.466748,-0.270888,0.0,0.0,0.667576,0.563879,-0.296135,0.0,0.0,0.384313,0.263856,-0.183292,0.0,0.0,0.448574,0.429547,-0.270913,0.0,0.0,0.501196,0.530859,-0.316021,0.0,0.0,0.540487,0.613344,-0.348753,0.0,0.0,0.314114,0.320433,-0.190169,0.0,0.0,0.346711,0.553678,-0.274668,0.0,0.0,0.385863,0.718668,-0.315983,0.0,0.0,0.413379,0.852037,-0.340495,0.0,0.0,0.245833,0.368508,-0.190138,0.0,0.0,0.262235,0.572834,-0.258841,0.0,0.0,0.265395,0.694966,-0.287794,0.0,0.0,0.270481,0.801682,-0.305829,0.0,0.0
v6.mp4,7c99d4d53a4894f3458813770693367ec44e61fa708e6d502318c6a45f04ff2d,1920,1080,12.07,178,14.75,4,333,Right,0.859895,0.20126,0.06281,1e-06,0.0,0.0,0.327897,0.032157,-0.019058,0.0,0.0,0.447546,0.088151,-0.045941,0.0,0.0,0.534182,0.183684,-0.064633,0.0,0.0,0.600505,0.263001,-0.082766,0.0,0.0,0.441183,0.195166,-0.126941,0.0,0.0,0.55211,0.355686,-0.17812,0.0,0.0,0.614881,0.46559,-0.205045,0.0,0.0,0.665455,0.564464,-0.224438,0.0,0.0,0.380695,0.261404,-0.14028,0.0,0.0,0.446597,0.432168,-0.206447,0.0,0.0,0.495548,0.533582,-0.240254,0.0,0.0,0.533567,0.617337,-0.264421,0.0,0.0,0.311794,0.320256,-0.147225,0.0,0.0,0.348671,0.558836,-0.213324,0.0,0.0,0.385886,0.722082,-0.245046,0.0,0.0,0.414625,0.854523,-0.263863,0.0,0.0,0.243811,0.362888,-0.149989,0.0,0.0,0.259232,0.57151,-0.208389,0.0,0.0,0.263353,0.693807,-0.232084,0.0,0.0,0.269342,0.802948,-0.245323,0.0,0.0
v6.mp4,7c99d4d53a4894f3458813770693367ec44e61fa708e6d502318c6a45f04ff2d,1920,1080,12.07,178,14.75,5,416,Right,0.923055,0.206112,0.082115,1e-06,0.0,0.0,0.335535,0.049426,-0.023399,0.0,0.0,0.452573,0.095915,-0.062969,0.0,0.0,0.539076,0.176092,-0.09006,0.0,0.0,0.60949,0.261843,-0.119086,0.0,0.0,0.448502,0.190815,-0.183059,0.0,0.0,0.555708,0.359652,-0.248459,0.0,0.0,0.616358,0.480191,-0.277261,0.0,0.0,0.659709,0.58329,-0.295887,0.0,0.0,0.381532,0.275968,-0.193221,0.0,0.0,0.478431,0.48977,-0.276022,0.0,0.0,0.53407,0.646285,-0.313961,0.0,0.0,0.568463,0.771601,-0.340912,0.0,0.0,0.309594,0.34421,-0.19231,0.0,0.0,0.360685,0.580844,-0.263125,0.0,0.0,0.397144,0.742229,-0.289782,0.0,0.0,0.422142,0.875007,-0.306294,0.0,0.0,0.241455,0.387044,-0.18654,0.0,0.0,0.259427,0.576885,-0.247929,0.0,0.0,0.26555,0.697344,-0.270793,0.0,0.0,0.273719,0.80426,-0.28443,0.0,0.0
v6.mp4,7c99d4d53a4894f3458813770693367ec44e61fa708e6d502318c6a45f04ff2d,1920,1080,12.07,178,14.75,6,500,Right,0.919418,0.206102,0.082109,1e-06,0.0,0.0,0.334839,0.050021,-0.020125,0.0,0.0,0.450827,0.097492,-0.05749,0.0,0.0,0.536872,0.179323,-0.082788,0.0,0.0,0.606599,0.26673,-0.109512,0.0,0.0,0.446022,0.186288,-0.179232,0.0,0.0,0.554273,0.358033,-0.244975,0.0,0.0,0.615841,0.479327,-0.27469,0.0,0.0,0.659951,0.583187,-0.293666,0.0,0.0,0.378503,0.266293,-0.189434,0.0,0.0,0.476606,0.484792,-0.271434,0.0,0.0,0.532007,0.647921,-0.308827,0.0,0.0,0.565268,0.779124,-0.335209,0.0,0.0,0.308006,0.333521,-0.188528,0.0,0.0,0.360451,0.575975,-0.257986,0.0,0.0,0.397971,0.74308,-0.284567,0.0,0.0,0.423698,0.881383,-0.300861,0.0,0.0,0.242415,0.377919,-0.182535,0.0,0.0,0.258893,0.579177,-0.242197,0.0,0.0,0.263253,0.701802,-0.264677,0.0,0.0,0.269803,0.810362,-0.278013,0.0,0.0
v6.mp4,7c99d4d53a4894f3458813770693367ec44e61fa708e6d502318c6a45f04ff2d,1920,1080,12.07,178,14.75,7,583,Right,0.919328,0.202694,0.088737,1e-06,0.0,0.0,0.337303,0.058641,-0.012947,0.0,0.0,0.450502,0.100041,-0.053796,0.0,0.0,0.53231,0.179764,-0.081225,0.0,0.0,0.60554,0.26367,-0.110301,0.0,0.0,0.446292,0.183551,-0.206206,0.0,0.0,0.553111,0.355016,-0.278676,0.0,0.0,0.615403,0.477696,-0.310317,0.0,0.0,0.660432,0.580691,-0.33024,0.0,0.0,0.377663,0.26452,-0.217868,0.0,0.0,0.473577,0.484751,-0.313177,0.0,0.0,0.529736,0.649155,-0.355346,0.0,0.0,0.565235,0.780179,-0.385176,0.0,0.0,0.307524,0.335014,-0.214359,0.0,0.0,0.359388,0.574497,-0.292768,0.0,0.0,0.398399,0.743003,-0.32153,0.0,0.0,0.423709,0.881276,-0.338893,0.0,0.0,0.243003,0.386458,-0.203473,0.0,0.0,0.260891,0.581931,-0.266645,0.0,0.0,0.266389,0.704252,-0.290019,0.0,0.0,0.274492,0.812207,-0.304726,0.0,0.0
v6.mp4,7c99d4d53a4894f3458813770693367ec44e61fa708e6d502318c6a45f04ff2d,1920,1080,12.07,178,14.75,8,666,Right,0.922066,0.204392,0.09183,1e-06,0.0,0.0,0.337894,0.061309,-0.01712,0.0,0.0,0.451906,0.100187,-0.06011,0.0,0.0,0.533656,0.177359,-0.089147,0.0,0.0,0.606506,0.262136,-0.119712,0.0,0.0,0.446183,0.185626,-0.208107,0.0,0.0,0.551212,0.358625,-0.27868,0.0,0.0,0.613697,0.479095,-0.309253,0.0,0.0,0.659114,0.580781,-0.329308,0.0,0.0,0.377471,0.270787,-0.218349,0.0,0.0,0.471632,0.487716,-0.314336,0.0,0.0,0.5299,0.650981,-0.359225,0.0,0.0,0.56761,0.78252,-0.391558,0.0,0.0,0.307088,0.343362,-0.213182,0.0,0.0,0.359006,0.581683,-0.290575,0.0,0.0,0.398692,0.74758,-0.319469,0.0,0.0,0.425352,0.88364,-0.337803,0.0,0.0,0.243024,0.394782,-0.201148,0.0,0.0,0.261274,0.586816,-0.264027,0.0,0.0,0.267621,0.70877,-0.287675,0.0,0.0,0.276649,0.816695,-0.30294,0.0,0.0
v6.mp4,7c99d4d53a4894f3458813770693367ec44e61fa708e6d502318c6a45f04ff2d,1920,1080,12.07,178,14.75,9,750,Right,0.919778,0.2056,0.094715,1e-06,0.0,0.0,0.340899,0.062786,-0.016462,0.0,0.0,0.452134,0.101001,-0.061695,0.0,0.0,0.53267,0.178181,-0.092526,0.0,0.0,0.606961,0.264371,-0.12526,0.0,0.0,0.447854,0.189259,-0.218713,0.0,0.0,0.551861,0.358723,-0.292169,0.0,0.0,0.614003,0.480286,-0.322839,0.0,0.0,0.658878,0.582018,-0.342459,0.0,0.0,0.379433,0.275307,-0.229496,0.0,0.0,0.471901,0.49475,-0.328815,0.0,0.0,0.529315,0.656787,-0.373262,0.0,0.0,0.565698,0.78575,-0.405164,0.0,0.0,0.309407,0.346077,-0.224239,0.0,0.0,0.359414,0.582293,-0.30588,0.0,0.0,0.398838,0.74765,-0.336331,0.0,0.0,0.424287,0.883668,-0.355384,0.0,0.0,0.245171,0.396537,-0.211356,0.0,0.0,0.260561,0.584549,-0.276643,0.0,0.0,0.266527,0.70571,-0.30149,0.0,0.0,0.275462,0.812864,-0.317869,0.0,0.0
v6.mp4,7c99d4d53a4894f3458813770693367ec44e61fa708e6d502318c6a45f04ff2d,1920,1080,12.07,178,14.75,10,833,Right,0.889802,0.201827,0.074206,1e-06,0.0,0.0,0.330243,0.039543,-0.024432,0.0,0.0,0.446635,0.088472,-0.057785,0.0,0.0,0.534102,0.175703,-0.081069,0.0,0.0,0.6026,0.265237,-0.105437,0.0,0.0,0.440361,0.194581,-0.14728,0.0,0.0,0.546551,0.357073,-0.20612,0.0,0.0,0.609288,0.47443,-0.236497,0.0,0.0,0.655357,0.578998,-0.257206,0.0,0.0,0.376848,0.274896,-0.158089,0.0,0.0,0.456822,0.483132,-0.228694,0.0,0.0,0.510955,0.633997,-0.266411,0.0,0.0,0.548292,0.757195,-0.29429,0.0,0.0,0.309463,0.336618,-0.161536,0.0,0.0,0.35467,0.572385,-0.227402,0.0,0.0,0.39101,0.735785,-0.259121,0.0,0.0,0.41846,0.870413,-0.279451,0.0,0.0,0.245407,0.375293,-0.161259,0.0,0.0,0.259943,0.571702,-0.222012,0.0,0.0,0.264641,0.693025,-0.24801,0.0,0.0,0.270477,0.800214,-0.263528,0.0,0.0
v6.mp4,7c99d4d53a4894f3458813770693367ec44e61fa708e6d502318c6a45f04ff2d,1920,1080,12.07,178,14.75,11,916,Right,0.870501,0.207442,0.066374,1e-06,0.0,0.0,0.334264,0.031109,-0.017638,0.0,0.0,0.452135,0.087085,-0.039904,0.0,0.0,0.535521,0.180289,-0.05508,0.0,0.0,0.599365,0.261841,-0.069843,0.0,0.0,0.449617,0.199393,-0.106653,0.0,0.0,0.553608,0.359071,-0.149891,0.0,0.0,0.613979,0.466833,-0.17292,0.0,0.0,0.662609,0.563951,-0.190157,0.0,0.0,0.386143,0.269861,-0.118616,0.0,0.0,0.447179,0.438636,-0.174338,0.0,0.0,0.494112,0.547473,-0.205114,0.0,0.0,0.532473,0.639227,-0.227852,0.0,0.0,0.315569,0.328623,-0.12529,0.0,0.0,0.350945,0.557905,-0.184341,0.0,0.0,0.386224,0.71812,-0.21454,0.0,0.0,0.415312,0.850725,-0.232791,0.0,0.0,0.247171,0.366696,-0.128183,0.0,0.0,0.261737,0.56919,-0.183599,0.0,0.0,0.263266,0.68972,-0.206208,0.0,0.0,0.266665,0.798158,-0.218345,0.0,0.0
v6.mp4,7c99d4d53a4894f3458813770693367ec44e61fa708e6d502318c6a45f04ff2d,1920,1080,12.07,178,14.75,12,1000,Right,0.886337,0.206673,0.067376,1e-06,0.0,0.0,0.334346,0.034646,-0.017407,0.0,0.0,0.451803,0.089974,-0.045144,0.0,0.0,0.535355,0.183544,-0.06456,0.0,0.0,0.60165,0.264313,-0.084246,0.0,0.0,0.445513,0.19285,-0.131751,0.0,0.0,0.554004,0.353992,-0.183385,0.0,0.0,0.615623,0.46463,-0.210114,0.0,0.0,0.665426,0.562744,-0.229297,0.0,0.0,0.382698,0.260548,-0.145103,0.0,0.0,0.445622,0.437537,-0.210366,0.0,0.0,0.492568,0.545854,-0.243043,0.0,0.0,0.529312,0.633631,-0.267057,0.0,0.0,0.312766,0.319482,-0.151481,0.0,0.0,0.349261,0.55662,-0.217284,0.0,0.0,0.387157,0.72019,-0.249646,0.0,0.0,0.416424,0.853111,-0.269421,0.0,0.0,0.244937,0.362588,-0.153113,0.0,0.0,0.261459,0.568724,-0.211969,0.0,0.0,0.264488,0.688828,-0.236436,0.0,0.0,0.268537,0.796037,-0.250603,0.0,0.0
v6.mp4,7c99d4d53a4894f3458813770693367ec44e61fa708e6d502318c6a45f04ff2d,1920,1080,12.07,178,14.75,13,1083,Right,0.854304,0.208885,0.066432,1e-06,0.0,0.0,0.332169,0.03442,-0.020773,0.0,0.0,0.451018,0.089526,-0.047438,0.0,0.0,0.536653,0.18474,-0.065519,0.0,0.0,0.602487,0.266348,-0.083274,0.0,0.0,0.442535,0.191732,-0.125781,0.0,0.0,0.552808,0.354048,-0.175334,0.0,0.0,0.614844,0.463685,-0.201258,0.0,0.0,0.664637,0.562505,-0.220187,0.0,0.0,0.380841,0.258643,-0.137993,0.0,0.0,0.446665,0.43545,-0.201108,0.0,0.0,0.493325,0.541438,-0.233281,0.0,0.0,0.530055,0.628925,-0.256621,0.0,0.0,0.311895,0.317606,-0.144151,0.0,0.0,0.349535,0.556013,-0.208138,0.0,0.0,0.386014,0.719379,-0.239335,0.0,0.0,0.415422,0.853182,-0.258194,0.0,0.0,0.24427,0.360182,-0.146385,0.0,0.0,0.260296,0.567811,-0.204389,0.0,0.0,0.262987,0.689473,-0.228266,0.0,0.0,0.267368,0.798138,-0.241806,0.0,0.0
v6.mp4,7c99d4d53a4894f3458813770693367ec44e61fa708e6d502318c6a45f04ff2d,1920,1080,12.07,178,14.75,14,1166,Right,0.871659,0.207789,0.067584,1e-06,0.0,0.0,0.333826,0.033897,-0.021064,0.0,0.0,0.452362,0.087089,-0.049174,0.0,0.0,0.53575,0.181497,-0.068789,0.0,0.0,0.601244,0.267831,-0.088381,0.0,0.0,0.446736,0.196263,-0.129865,0.0,0.0,0.552674,0.358037,-0.181938,0.0,0.0,0.61412,0.466883,-0.209277,0.0,0.0,0.662954,0.567163,-0.228856,0.0,0.0,0.38306,0.264292,-0.142031,0.0,0.0,0.445755,0.442279,-0.209417,0.0,0.0,0.496779,0.559331,-0.246672,0.0,0.0,0.537933,0.660444,-0.273886,0.0,0.0,0.313299,0.322314,-0.147339,0.0,0.0,0.348263,0.556115,-0.213842,0.0,0.0,0.384269,0.717343,-0.246989,0.0,0.0,0.413503,0.852379,-0.267061,0.0,0.0,0.245652,0.36269,-0.14854,0.0,0.0,0.260037,0.56716,-0.208009,0.0,0.0,0.262451,0.690122,-0.232706,0.0,0.0,0.267524,0.802275,-0.246693,0.0,0.0
v6.mp4,7c99d4d53a4894f3458813770693367ec44e61fa708e6d502318c6a45f04ff2d,1920,1080,12.07,178,14.75,15,1250,Right,0.927144,0.203621,0.077888,1e-06,0.0,0.0,0.333366,0.044428,-0.021664,0.0,0.0,0.450934,0.091881,-0.059208,0.0,0.0,0.536792,0.177113,-0.085233,0.0,0.0,0.607178,0.266845,-0.11316,0.0,0.0,0.446059,0.185243,-0.17423,0.0,0.0,0.552543,0.355905,-0.240349,0.0,0.0,0.613031,0.47759,-0.271586,0.0,0.0,0.656042,0.582887,-0.29165,0.0,0.0,0.377997,0.264129,-0.185761,0.0,0.0,0.468154,0.488364,-0.265492,0.0,0.0,0.520407,0.655302,-0.303711,0.0,0.0,0.553007,0.789578,-0.331313,0.0,0.0,0.307106,0.32872,-0.187392,0.0,0.0,0.358054,0.568924,-0.258046,0.0,0.0,0.393719,0.738371,-0.28938,0.0,0.0,0.418431,0.877642,-0.30931,0.0,0.0,0.240455,0.373145,-0.184016,0.0,0.0,0.256656,0.571425,-0.245714,0.0,0.0,0.261319,0.694611,-0.271447,0.0,0.0,0.268181,0.803142,-0.287498,0.0,0.0
v6.mp4,7c99d4d53a4894f3458813770693367ec44e61fa708e6d502318c6a45f04ff2d,1920,1080,12.07,178,14.75,16,1333,Right,0.916678,0.202485,0.077599,1e-06,0.0,0.0,0.326916,0.042039,-0.025387,0.0,0.0,0.446188,0.087686,-0.058928,0.0,0.0,0.5354,0.173023,-0.081655,0.0,0.0,0.603683,0.264047,-0.10516,0.0,0.0,0.44008,0.183735,-0.15073,0.0,0.0,0.55067,0.35811,-0.208278,0.0,0.0,0.612702,0.477198,-0.23477,0.0,0.0,0.657697,0.580117,-0.251815,0.0,0.0,0.373497,0.263134,-0.160213,0.0,0.0,0.467165,0.486425,-0.227342,0.0,0.0,0.520294,0.651612,-0.259566,0.0,0.0,0.554594,0.78597,-0.282661,0.0,0.0,0.303322,0.328461,-0.1624,0.0,0.0,0.35753,0.568776,-0.22416,0.0,0.0,0.392617,0.736308,-0.2518,0.0,0.0,0.418832,0.873569,-0.268854,0.0,0.0,0.237752,0.371883,-0.161116,0.0,0.0,0.257819,0.574041,-0.217766,0.0,0.0,0.262813,0.696147,-0.240537,0.0,0.0,0.268869,0.802595,-0.253503,0.0,0.0
v6.mp4,7c99d4d53a4894f3458813770693367ec44e61fa708e6d502318c6a45f04ff2d,1920,1080,12.07,178,14.75,17,1416,Right,0.924369,0.2033,0.086426,1e-06,0.0,0.0,0.333185,0.052926,-0.024593,0.0,0.0,0.450422,0.096657,-0.066546,0.0,0.0,0.534823,0.176832,-0.095211,0.0,0.0,0.606731,0.263067,-0.126091,0.0,0.0,0.444295,0.184212,-0.194918,0.0,0.0,0.551768,0.35524,-0.265019,0.0,0.0,0.613654,0.476161,-0.29781,0.0,0.0,0.658189,0.580628,-0.319355,0.0,0.0,0.375723,0.264629,-0.204357,0.0,0.0,0.467926,0.485443,-0.291724,0.0,0.0,0.520788,0.652301,-0.334088,0.0,0.0,0.554807,0.788055,-0.36521,0.0,0.0,0.305849,0.333411,-0.202017,0.0,0.0,0.357825,0.571782,-0.277298,0.0,0.0,0.394637,0.740995,-0.310729,0.0,0.0,0.419312,0.879705,-0.332652,0.0,0.0,0.242022,0.382091,-0.194229,0.0,0.0,0.258573,0.577426,-0.258864,0.0,0.0,0.263677,0.699309,-0.286918,0.0,0.0,0.270394,0.806414,-0.305505,0.0,0.0
v6.mp4,7c99d4d53a4894f3458813770693367ec44e61fa708e6d502318c6a45f04ff2d,1920,1080,12.07,178,14.75,18,1500,Right,0.925837,0.20427,0.090957,1e-06,0.0,0.0,0.339849,0.060165,-0.017746,0.0,0.0,0.452373,0.098602,-0.063106,0.0,0.0,0.532706,0.178619,-0.094591,0.0,0.0,0.608157,0.265987,-0.128282,0.0,0.0,0.447506,0.193355,-0.217479,0.0,0.0,0.550887,0.358496,-0.292293,0.0,0.0,0.613185,0.476848,-0.323815,0.0,0.0,0.658006,0.580579,-0.344498,0.0,0.0,0.380226,0.275243,-0.230061,0.0,0.0,0.468071,0.487939,-0.33292,0.0,0.0,0.521881,0.650164,-0.38143,0.0,0.0,0.556732,0.785068,-0.416473,0.0,0.0,0.311283,0.343683,-0.22716,0.0,0.0,0.356322,0.575465,-0.315785,0.0,0.0,0.394792,0.741887,-0.353826,0.0,0.0,0.419898,0.879795,-0.377709,0.0,0.0,0.247849,0.39492,-0.216365,0.0,0.0,0.261554,0.581205,-0.288435,0.0,0.0,0.266484,0.702351,-0.319576,0.0,0.0,0.27488,0.808139,-0.34068,0.0,0.0
v6.mp4,7c99d4d53a4894f3458813770693367ec44e61fa708e6d502318c6a45f04ff2d,1920,1080,12.07,178,14.75,19,1583,Right,0.917151,0.204196,0.086537,1e-06,0.0,0.0,0.334562,0.050226,-0.023923,0.0,0.0,0.449306,0.093491,-0.065734,0.0,0.0,0.533421,0.178221,-0.09477,0.0,0.0,0.607412,0.264932,-0.126035,0.0,0.0,0.445081,0.191454,-0.191708,0.0,0.0,0.551524,0.356837,-0.26132,0.0,0.0,0.613074,0.476862,-0.293477,0.0,0.0,0.656662,0.583282,-0.314342,0.0,0.0,0.379057,0.273486,-0.202415,0.0,0.0,0.467922,0.489293,-0.290214,0.0,0.0,0.520954,0.652389,-0.33306,0.0,0.0,0.554767,0.785527,-0.364149,0.0,0.0,0.309936,0.340869,-0.20155,0.0,0.0,0.357032,0.575521,-0.278523,0.0,0.0,0.393898,0.742332,-0.312879,0.0,0.0,0.41882,0.87897,-0.334798,0.0,0.0,0.245222,0.387981,-0.195091,0.0,0.0,0.261213,0.580132,-0.260755,0.0,0.0,0.266904,0.701281,-0.288619,0.0,0.0,0.274005,0.807127,-0.306593,0.0,0.0
v6.mp4,7c99d4d53a4894f3458813770693367ec44e61fa708e6d502318c6a45f04ff2d,1920,1080,12.07,178,14.75,20,1666,Right,0.918573,0.205302,0.095318,1e-06,0.0,0.0,0.342002,0.062602,-0.017502,0.0,0.0,0.453688,0.099624,-0.06452,0.0,0.0,0.532732,0.17717,-0.096989,0.0,0.0,0.607455,0.26641,-0.13175,0.0,0.0,0.449722,0.193172,-0.225491,0.0,0.0,0.553217,0.356259,-0.305352,0.0,0.0,0.614917,0.477677,-0.340978,0.0,0.0,0.658421,0.583281,-0.363724,0.0,0.0,0.381629,0.275843,-0.236997,0.0,0.0,0.469453,0.489516,-0.342251,0.0,0.0,0.522069,0.652488,-0.390926,0.0,0.0,0.555309,0.786051,-0.426141,0.0,0.0,0.312133,0.343642,-0.232648,0.0,0.0,0.357869,0.573555,-0.322385,0.0,0.0,0.395796,0.741492,-0.359961,0.0,0.0,0.419275,0.880887,-0.383509,0.0,0.0,0.248057,0.394827,-0.220027,0.0,0.0,0.261658,0.5794,-0.292137,0.0,0.0,0.266276,0.700206,-0.322834,0.0,0.0,0.274277,0.806242,-0.343802,0.0,0.0
v6.mp4,7c99d4d53a4894f3458813770693367ec44e61fa708e6d502318c6a45f04ff2d,1920,1080,12.07,178,14.75,21,1750,Right,0.923431,0.204432,0.096504,1e-06,0.0,0.0,0.338976,0.061407,-0.020119,0.0,0.0,0.451856,0.09829,-0.066133,0.0,0.0,0.53221,0.176471,-0.097926,0.0,0.0,0.60576,0.26729,-0.13201,0.0,0.0,0.447407,0.192003,-0.216603,0.0,0.0,0.552017,0.358369,-0.291208,0.0,0.0,0.614006,0.478206,-0.324085,0.0,0.0,0.658645,0.582225,-0.34553,0.0,0.0,0.379104,0.27289,-0.227764,0.0,0.0,0.468655,0.485058,-0.326739,0.0,0.0,0.522246,0.649927,-0.373118,0.0,0.0,0.556836,0.785877,-0.406862,0.0,0.0,0.309721,0.340705,-0.224185,0.0,0.0,0.357014,0.574558,-0.309183,0.0,0.0,0.395752,0.743707,-0.345773,0.0,0.0,0.421483,0.882337,-0.369112,0.0,0.0,0.246224,0.391302,-0.213236,0.0,0.0,0.262314,0.580905,-0.282759,0.0,0.0,0.268279,0.704497,-0.31236,0.0,0.0,0.276275,0.812136,-0.33242,0.0,0.0
v6.mp4,7c99d4d53a4894f3458813770693367ec44e61fa708e6d502318c6a45f04ff2d,1920,1080,12.07,178,14.75,22,1833,Right,0.930844,0.20526,0.089696,1e-06,0.0,0.0,0.336822,0.05641,-0.019658,0.0,0.0,0.450692,0.097199,-0.061507,0.0,0.0,0.532978,0.17854,-0.089791,0.0,0.0,0.605311,0.267147,-0.119895,0.0,0.0,0.445507,0.189999,-0.201127,0.0,0.0,0.551941,0.358714,-0.271939,0.0,0.0,0.613993,0.478472,-0.303995,0.0,0.0,0.658906,0.581815,-0.324819,0.0,0.0,0.376913,0.268314,-0.211683,0.0,0.0,0.469328,0.484624,-0.302752,0.0,0.0,0.523139,0.651521,-0.345775,0.0,0.0,0.557274,0.787543,-0.377084,0.0,0.0,0.307298,0.335257,-0.208855,0.0,0.0,0.357211,0.574822,-0.286701,0.0,0.0,0.395108,0.744006,-0.319878,0.0,0.0,0.420692,0.881893,-0.340973,0.0,0.0,0.243903,0.383981,-0.199475,0.0,0.0,0.262177,0.580801,-0.264027,0.0,0.0,0.267617,0.703987,-0.290522,0.0,0.0,0.274601,0.810712,-0.307867,0.0,0.0
v6.mp4,7c99d4d53a4894f3458813770693367ec44e61fa708e6d502318c6a45f04ff2d,1920,1080,12.07,178,14.75,23,1916,Right,0.927058,0.204385,0.090178,1e-06,0.0,0.0,0.33609,0.057466,-0.022467,0.0,0.0,0.449085,0.099549,-0.066979,0.0,0.0,0.531502,0.179556,-0.097551,0.0,0.0,0.609136,0.260616,-0.130534,0.0,0.0,0.444018,0.193625,-0.208725,0.0,0.0,0.551351,0.356559,-0.283066,0.0,0.0,0.613551,0.476743,-0.317566,0.0,0.0,0.658087,0.582929,-0.339864,0.0,0.0,0.37658,0.274707,-0.218665,0.0,0.0,0.467781,0.486869,-0.313033,0.0,0.0,0.521497,0.650004,-0.358123,0.0,0.0,0.555561,0.78468,-0.39128,0.0,0.0,0.307234,0.34098,-0.215183,0.0,0.0,0.356134,0.575696,-0.29693,0.0,0.0,0.394951,0.743634,-0.333086,0.0,0.0,0.420233,0.881852,-0.3564,0.0,0.0,0.243812,0.388312,-0.205022,0.0,0.0,0.259322,0.580135,-0.273279,0.0,0.0,0.264875,0.703376,-0.30285,0.0,0.0,0.272771,0.810754,-0.322803,0.0,0.0
v6.mp4,7c99d4d53a4894f3458813770693367ec44e61fa708e6d502318c6a45f04ff2d,1920,1080,12.07,178,14.75,24,2000,Right,0.944175,0.199827,0.086237,1e-06,0.0,0.0,0.325639,0.05076,-0.012342,0.0,0.0,0.442233,0.074982,-0.047543,0.0,0.0,0.53661,0.10953,-0.072085,0.0,0.0,0.621509,0.098654,-0.099749,0.0,0.0,0.435389,0.199243,-0.178854,0.0,0.0,0.549536,0.356198,-0.247925,0.0,0.0,0.609696,0.478672,-0.281328,0.0,0.0,0.652937,0.584293,-0.301853,0.0,0.0,0.371071,0.281734,-0.191849,0.0,0.0,0.469616,0.492396,-0.271479,0.0,0.0,0.52207,0.653709,-0.305683,0.0,0.0,0.551865,0.783418,-0.33076,0.0,0.0,0.304299,0.343301,-0.193701,0.0,0.0,0.357585,0.578303,-0.265828,0.0,0.0,0.395128,0.743356,-0.295639,0.0,0.0,0.418379,0.879679,-0.314199,0.0,0.0,0.244778,0.382892,-0.188982,0.0,0.0,0.256731,0.580989,-0.251365,0.0,0.0,0.261414,0.70186,-0.275813,0.0,0.0,0.268212,0.809188,-0.291265,0.0,0.0
v6.mp4,7c99d4d53a4894f3458813770693367ec44e61fa708e6d502318c6a45f04ff2d,1920,1080,12.07,178,14.75,25,2083,Right,0.907656,0.197731,0.083305,1e-06,0.0,0.0,0.32173,0.046853,-0.013537,0.0,0.0,0.435463,0.063225,-0.050452,0.0,0.0,0.527934,0.076043,-0.077164,0.0,0.0,0.607726,0.023477,-0.107323,0.0,0.0,0.428528,0.198734,-0.178737,0.0,0.0,0.544786,0.357959,-0.243148,0.0,0.0,0.607662,0.475886,-0.271797,0.0,0.0,0.653927,0.577139,-0.289658,0.0,0.0,0.368374,0.278855,-0.191113,0.0,0.0,0.466975,0.486397,-0.27173,0.0,0.0,0.520497,0.648794,-0.305945,0.0,0.0,0.549836,0.780066,-0.330251,0.0,0.0,0.303443,0.34058,-0.1915,0.0,0.0,0.353764,0.578453,-0.26127,0.0,0.0,0.392588,0.742972,-0.287982,0.0,0.0,0.416308,0.879143,-0.304363,0.0,0.0,0.24632,0.3789,-0.185903,0.0,0.0,0.258261,0.57869,-0.244167,0.0,0.0,0.264647,0.700425,-0.265054,0.0,0.0,0.271748,0.811492,-0.278011,0.0,0.0
v6.mp4,7c99d4d53a4894f3458813770693367ec44e61fa708e6d502318c6a45f04ff2d,1920,1080,12.07,178,14.75,26,2166,Right,0.908962,0.196026,0.075618,1e-06,0.0,0.0,0.313004,0.039575,-0.006471,0.0,0.0,0.426274,0.052238,-0.03465,0.0,0.0,0.514624,0.058634,-0.05497,0.0,0.0,0.585585,0.001015,-0.078633,0.0,0.0,0.429363,0.199867,-0.151103,0.0,0.0,0.54344,0.36,-0.207348,0.0,0.0,0.605808,0.475408,-0.232504,0.0,0.0,0.651538,0.575422,-0.247971,0.0,0.0,0.369508,0.27763,-0.165232,0.0,0.0,0.467991,0.491109,-0.235375,0.0,0.0,0.520532,0.651939,-0.266827,0.0,0.0,0.550298,0.781791,-0.288713,0.0,0.0,0.30417,0.340406,-0.168357,0.0,0.0,0.355398,0.582172,-0.230423,0.0,0.0,0.392498,0.744321,-0.256584,0.0,0.0,0.416258,0.87829,-0.272176,0.0,0.0,0.246073,0.379721,-0.165547,0.0,0.0,0.257692,0.582447,-0.216757,0.0,0.0,0.262299,0.704417,-0.234865,0.0,0.0,0.268877,0.814667,-0.245485,0.0,0.0
v6.mp4,7c99d4d53a4894f3458813770693367ec44e61fa708e6d502318c6a45f04ff2d,1920,1080,12.07,178,14.75,27,2250,Right,0.916313,0.195564,0.07001,1e-06,0.0,0.0,0.315304,0.042769,-0.010272,0.0,0.0,0.426804,0.054383,-0.045371,0.0,0.0,0.516436,0.04732,-0.072511,0.0,0.0,0.586768,-0.022535,-0.104182,0.0,0.0,0.429967,0.196887,-0.167684,0.0,0.0,0.542082,0.361325,-0.23041,0.0,0.0,0.605515,0.478131,-0.25886,0.0,0.0,0.652602,0.577819,-0.276932,0.0,0.0,0.370086,0.274473,-0.183182,0.0,0.0,0.464825,0.488271,-0.262322,0.0,0.0,0.518565,0.64739,-0.297593,0.0,0.0,0.549847,0.77617,-0.322332,0.0,0.0,0.3039,0.33508,-0.187157,0.0,0.0,0.352875,0.57403,-0.257492,0.0,0.0,0.391731,0.738001,-0.286858,0.0,0.0,0.416346,0.872148,-0.304628,0.0,0.0,0.244605,0.375044,-0.184988,0.0,0.0,0.257047,0.576263,-0.243584,0.0,0.0,0.262729,0.699913,-0.265297,0.0,0.0,0.270007,0.809678,-0.27878,0.0,0.0
v6.mp4,7c99d4d53a4894f3458813770693367ec44e61fa708e6d502318c6a45f04ff2d,1920,1080,12.07,178,14.75,28,2333,Right,0.91285,0.190984,0.068733,1e-06,0.0,0.0,0.309126,0.037995,-0.012732,0.0,0.0,0.422091,0.051145,-0.044933,0.0,0.0,0.512955,0.043299,-0.070167,0.0,0.0,0.581919,-0.02679,-0.099466,0.0,0.0,0.429478,0.1922,-0.149244,0.0,0.0,0.541132,0.359052,-0.20662,0.0,0.0,0.603887,0.477233,-0.233329,0.0,0.0,0.650482,0.579096,-0.250296,0.0,0.0,0.369779,0.268902,-0.16426,0.0,0.0,0.465572,0.484033,-0.234387,0.0,0.0,0.519028,0.647347,-0.267312,0.0,0.0,0.549736,0.779558,-0.290433,0.0,0.0,0.30324,0.331891,-0.169749,0.0,0.0,0.355574,0.573878,-0.23262,0.0,0.0,0.392501,0.737957,-0.259816,0.0,0.0,0.416618,0.872554,-0.276494,0.0,0.0,0.243481,0.372456,-0.170478,0.0,0.0,0.2572,0.576359,-0.223526,0.0,0.0,0.262253,0.700081,-0.242561,0.0,0.0,0.268273,0.810391,-0.253854,0.0,0.0
v6.mp4,7c99d4d53a4894f3458813770693367ec44e61fa708e6d502318c6a45f04ff2d,1920,1080,12.07,178,14.75,29,2416,Right,0.912266,0.191389,0.064599,1e-06,0.0,0.0,0.30682,0.033722,-0.01272,0.0,0.0,0.419561,0.0473,-0.042155,0.0,0.0,0.508833,0.045075,-0.064575,0.0,0.0,0.57763,-0.018119,-0.090549,0.0,0.0,0.4286,0.194453,-0.141912,0.0,0.0,0.538758,0.362616,-0.197037,0.0,0.0,0.601977,0.47971,-0.223265,0.0,0.0,0.649716,0.580283,-0.239948,0.0,0.0,0.369787,0.270102,-0.155844,0.0,0.0,0.465593,0.483853,-0.222714,0.0,0.0,0.518797,0.646713,-0.25513,0.0,0.0,0.549041,0.778156,-0.277899,0.0,0.0,0.303797,0.333014,-0.160722,0.0,0.0,0.354727,0.575696,-0.220973,0.0,0.0,0.391242,0.739655,-0.247954,0.0,0.0,0.415394,0.874558,-0.264342,0.0,0.0,0.244154,0.37272,-0.161088,0.0,0.0,0.257364,0.579049,-0.21266,0.0,0.0,0.261836,0.702305,-0.231379,0.0,0.0,0.267431,0.811509,-0.242035,0.0,0.0
v6.mp4,7c99d4d53a4894f3458813770693367ec44e61fa708e6d502318c6a45f04ff2d,1920,1080,12.07,178,14.75,30,2500,Right,0.895169,0.196848,0.075785,1e-06,0.0,0.0,0.317179,0.03814,-0.019183,0.0,0.0,0.432174,0.063655,-0.05341,0.0,0.0,0.524791,0.10872,-0.07795,0.0,0.0,0.607762,0.110085,-0.10504,0.0,0.0,0.430359,0.200341,-0.161554,0.0,0.0,0.548583,0.364368,-0.222284,0.0,0.0,0.611914,0.477491,-0.251033,0.0,0.0,0.658246,0.575168,-0.268935,0.0,0.0,0.36891,0.277745,-0.172933,0.0,0.0,0.467946,0.499341,-0.242918,0.0,0.0,0.52072,0.659968,-0.275327,0.0,0.0,0.551684,0.788998,-0.298741,0.0,0.0,0.303398,0.340827,-0.175149,0.0,0.0,0.356522,0.583704,-0.237585,0.0,0.0,0.39249,0.74435,-0.264424,0.0,0.0,0.415005,0.876251,-0.281584,0.0,0.0,0.244489,0.379698,-0.172987,0.0,0.0,0.259349,0.58173,-0.227713,0.0,0.0,0.264244,0.703168,-0.247794,0.0,0.0,0.269797,0.810927,-0.259643,0.0,0.0
v6.mp4,7c99d4d53a4894f3458813770693367ec44e61fa708e6d502318c6a45f04ff2d,1920,1080,12.07,178,14.75,31,2583,Right,0.90577,0.204391,0.07669,1e-06,0.0,0.0,0.325866,0.038965,-0.031271,0.0,0.0,0.444093,0.080972,-0.0642,0.0,0.0,0.539841,0.147022,-0.085626,0.0,0.0,0.623091,0.191391,-0.107747,0.0,0.0,0.433666,0.18623,-0.148917,0.0,0.0,0.552181,0.358854,-0.204829,0.0,0.0,0.613874,0.479585,-0.230418,0.0,0.0,0.657265,0.584721,-0.245875,0.0,0.0,0.369127,0.272482,-0.154285,0.0,0.0,0.470731,0.489103,-0.215368,0.0,0.0,0.523567,0.650514,-0.243878,0.0,0.0,0.55412,0.782528,-0.264347,0.0,0.0,0.302682,0.339425,-0.153601,0.0,0.0,0.361366,0.578071,-0.210534,0.0,0.0,0.397033,0.741557,-0.236807,0.0,0.0,0.420889,0.876464,-0.253496,0.0,0.0,0.242753,0.380224,-0.150415,0.0,0.0,0.259248,0.578115,-0.203526,0.0,0.0,0.263055,0.699927,-0.225036,0.0,0.0,0.268348,0.808229,-0.237362,0.0,0.0
v6.mp4,7c99d4d53a4894f3458813770693367ec44e61fa708e6d502318c6a45f04ff2d,1920,1080,12.07,178,14.75,32,2666,Right,0.908156,0.206688,0.087742,1e-06,0.0,0.0,0.335703,0.05385,-0.023886,0.0,0.0,0.451245,0.089526,-0.065716,0.0,0.0,0.539712,0.148232,-0.093946,0.0,0.0,0.625005,0.191645,-0.124798,0.0,0.0,0.440823,0.191469,-0.199235,0.0,0.0,0.551711,0.359957,-0.271421,0.0,0.0,0.612683,0.480051,-0.306076,0.0,0.0,0.656879,0.582178,-0.328216,0.0,0.0,0.373155,0.275564,-0.207643,0.0,0.0,0.469439,0.489567,-0.294294,0.0,0.0,0.521411,0.651334,-0.334371,0.0,0.0,0.553476,0.782343,-0.364006,0.0,0.0,0.30542,0.341334,-0.204175,0.0,0.0,0.358167,0.574252,-0.278349,0.0,0.0,0.396495,0.740196,-0.310156,0.0,0.0,0.421439,0.876489,-0.331393,0.0,0.0,0.244998,0.385593,-0.195095,0.0,0.0,0.259952,0.578944,-0.258746,0.0,0.0,0.264345,0.699974,-0.285179,0.0,0.0,0.27083,0.808436,-0.302918,0.0,0.0
v6.mp4,7c99d4d53a4894f3458813770693367ec44e61fa708e6d502318c6a45f04ff2d,1920,1080,12.07,178,14.75,33,2750,Right,0.925875,0.20653,0.095447,1e-06,0.0,0.0,0.336948,0.060029,-0.025062,0.0,0.0,0.450252,0.089268,-0.068136,0.0,0.0,0.537585,0.147632,-0.097516,0.0,0.0,0.621035,0.19301,-0.128817,0.0,0.0,0.438107,0.189175,-0.200158,0.0,0.0,0.549924,0.359429,-0.270607,0.0,0.0,0.612271,0.479305,-0.30266,0.0,0.0,0.657997,0.579465,-0.32287,0.0,0.0,0.371977,0.271466,-0.207547,0.0,0.0,0.468185,0.490845,-0.294709,0.0,0.0,0.521816,0.653033,-0.332439,0.0,0.0,0.554262,0.781672,-0.35932,0.0,0.0,0.304828,0.338543,-0.202959,0.0,0.0,0.355221,0.574497,-0.275988,0.0,0.0,0.39422,0.741739,-0.30335,0.0,0.0,0.419801,0.878864,-0.320905,0.0,0.0,0.245523,0.384347,-0.193214,0.0,0.0,0.260756,0.577634,-0.255346,0.0,0.0,0.266433,0.699233,-0.278945,0.0,0.0,0.273421,0.809247,-0.29398,0.0,0.0
v6.mp4,7c99d4d53a4894f3458813770693367ec44e61fa708e6d502318c6a45f04ff2d,1920,1080,12.07,178,14.75,34,2833,Right,0.930983,0.207457,0.094462,1e-06,0.0,0.0,0.336115,0.059185,-0.025433,0.0,0.0,0.449154,0.088579,-0.067609,0.0,0.0,0.536644,0.146689,-0.096037,0.0,0.0,0.619,0.194782,-0.126008,0.0,0.0,0.437841,0.189512,-0.196411,0.0,0.0,0.55097,0.359451,-0.264847,0.0,0.0,0.612717,0.478844,-0.295322,0.0,0.0,0.657533,0.579555,-0.314017,0.0,0.0,0.371336,0.268983,-0.203005,0.0,0.0,0.468219,0.490594,-0.287311,0.0,0.0,0.522796,0.656841,-0.323188,0.0,0.0,0.555023,0.78761,-0.3483,0.0,0.0,0.304326,0.336552,-0.197956,0.0,0.0,0.354868,0.577718,-0.26841,0.0,0.0,0.392757,0.744967,-0.294363,0.0,0.0,0.41774,0.880551,-0.310537,0.0,0.0,0.245573,0.382681,-0.188028,0.0,0.0,0.2612,0.57882,-0.2478,0.0,0.0,0.267219,0.700063,-0.269803,0.0,0.0,0.273573,0.809665,-0.283185,0.0,0.0
v6.mp4,7c99d4d53a4894f3458813770693367ec44e61fa708e6d502318c6a45f04ff2d,1920,1080,12.07,178,14.75,35,2916,Right,0.933424,0.204599,0.091627,1e-06,0.0,0.0,0.330426,0.05487,-0.026149,0.0,0.0,0.445687,0.086073,-0.065058,0.0,0.0,0.535666,0.145798,-0.090845,0.0,0.0,0.618011,0.194805,-0.117932,0.0,0.0,0.436284,0.185547,-0.182648,0.0,0.0,0.55115,0.356978,-0.24742,0.0,0.0,0.612816,0.478057,-0.27633,0.0,0.0,0.657184,0.580618,-0.293877,0.0,0.0,0.370014,0.26531,-0.189516,0.0,0.0,0.468277,0.489372,-0.266676,0.0,0.0,0.523064,0.656459,-0.30005,0.0,0.0,0.555387,0.787788,-0.323569,0.0,0.0,0.302992,0.33286,-0.186366,0.0,0.0,0.355367,0.575431,-0.252425,0.0,0.0,0.392546,0.743685,-0.278381,0.0,0.0,0.417543,0.879644,-0.2947,0.0,0.0,0.243671,0.378268,-0.179014,0.0,0.0,0.260837,0.576436,-0.237082,0.0,0.0,0.266397,0.698189,-0.259294,0.0,0.0,0.27219,0.806961,-0.272527,0.0,0.0
v6.mp4,7c99d4d53a4894f3458813770693367ec44e61fa708e6d502318c6a45f04ff2d,1920,1080,12.07,178,14.75,36,3000,Right,0.931282,0.204481,0.090234,1e-06,0.0,0.0,0.328749,0.050541,-0.028226,0.0,0.0,0.445378,0.08708,-0.064445,0.0,0.0,0.538617,0.155788,-0.087811,0.0,0.0,0.625755,0.192757,-0.112308,0.0,0.0,0.437574,0.187831,-0.170293,0.0,0.0,0.551582,0.356994,-0.230336,0.0,0.0,0.612887,0.477916,-0.256956,0.0,0.0,0.656778,0.583559,-0.273445,0.0,0.0,0.371062,0.270317,-0.176728,0.0,0.0,0.46934,0.48935,-0.248744,0.0,0.0,0.524652,0.654481,-0.281728,0.0,0.0,0.55624,0.787908,-0.305555,0.0,0.0,0.303098,0.336222,-0.174266,0.0,0.0,0.356617,0.578084,-0.2374,0.0,0.0,0.393554,0.744118,-0.26356,0.0,0.0,0.417835,0.880259,-0.280253,0.0,0.0,0.242611,0.378488,-0.168164,0.0,0.0,0.260519,0.577476,-0.225054,0.0,0.0,0.26583,0.699356,-0.247576,0.0,0.0,0.271576,0.806782,-0.261065,0.0,0.0
v6.mp4,7c99d4d53a4894f3458813770693367ec44e61fa708e6d502318c6a45f04ff2d,1920,1080,12.07,178,14.75,37,3083,Right,0.915928,0.202026,0.089207,1e-06,0.0,0.0,0.326069,0.048515,-0.029716,0.0,0.0,0.442109,0.085089,-0.068705,0.0,0.0,0.536053,0.149276,-0.094843,0.0,0.0,0.624658,0.179403,-0.122707,0.0,0.0,0.434971,0.190294,-0.175783,0.0,0.0,0.549859,0.357669,-0.239634,0.0,0.0,0.611513,0.477463,-0.269928,0.0,0.0,0.65641,0.582311,-0.289316,0.0,0.0,0.370409,0.272886,-0.182739,0.0,0.0,0.467903,0.491568,-0.258298,0.0,0.0,0.522574,0.653537,-0.294242,0.0,0.0,0.55545,0.785209,-0.32049,0.0,0.0,0.303153,0.338325,-0.180711,0.0,0.0,0.356713,0.57616,-0.246504,0.0,0.0,0.394361,0.740845,-0.274793,0.0,0.0,0.419608,0.877374,-0.293386,0.0,0.0,0.242905,0.381165,-0.175067,0.0,0.0,0.259881,0.577725,-0.234343,0.0,0.0,0.265795,0.698755,-0.25865,0.0,0.0,0.273064,0.807109,-0.273812,0.0,0.0
v6.mp4,7c99d4d53a4894f3458813770693367ec44e61fa708e6d502318c6a45f04ff2d,1920,1080,12.07,178,14.75,38,3166,Right,0.912325,0.19985,0.087402,1e-06,0.0,0.0,0.32107,0.041745,-0.025894,0.0,0.0,0.440832,0.068398,-0.062687,0.0,0.0,0.540685,0.106647,-0.087986,0.0,0.0,0.626745,0.086311,-0.115467,0.0,0.0,0.430301,0.194406,-0.166723,0.0,0.0,0.54842,0.358624,-0.227766,0.0,0.0,0.609074,0.479069,-0.255059,0.0,0.0,0.653028,0.582045,-0.27191,0.0,0.0,0.369118,0.278441,-0.174432,0.0,0.0,0.467911,0.492992,-0.245954,0.0,0.0,0.521312,0.653372,-0.276777,0.0,0.0,0.552487,0.781132,-0.298927,0.0,0.0,0.30357,0.342294,-0.173578,0.0,0.0,0.356764,0.580161,-0.237228,0.0,0.0,0.394176,0.745633,-0.263055,0.0,0.0,0.419515,0.882038,-0.27944,0.0,0.0,0.244539,0.380543,-0.16884,0.0,0.0,0.259521,0.57867,-0.225876,0.0,0.0,0.264994,0.699977,-0.247711,0.0,0.0,0.271868,0.809039,-0.260956,0.0,0.0
v6.mp4,7c99d4d53a4894f3458813770693367ec44e61fa708e6d502318c6a45f04ff2d,1920,1080,12.07,178,14.75,39,3250,Right,0.914944,0.19932,0.083801,1e-06,0.0,0.0,0.318731,0.037074,-0.024565,0.0,0.0,0.437976,0.067657,-0.058741,0.0,0.0,0.538705,0.109952,-0.082146,0.0,0.0,0.624665,0.090231,-0.107408,0.0,0.0,0.431055,0.19536,-0.156288,0.0,0.0,0.548579,0.361904,-0.212165,0.0,0.0,0.609614,0.479585,-0.235046,0.0,0.0,0.65339,0.581498,-0.248608,0.0,0.0,0.37038,0.277544,-0.164647,0.0,0.0,0.470682,0.494259,-0.230753,0.0,0.0,0.523353,0.658181,-0.259315,0.0,0.0,0.551204,0.789342,-0.279477,0.0,0.0,0.305358,0.342044,-0.164892,0.0,0.0,0.358813,0.580528,-0.225542,0.0,0.0,0.394564,0.745791,-0.250951,0.0,0.0,0.417866,0.882924,-0.266509,0.0,0.0,0.246993,0.381671,-0.161352,0.0,0.0,0.26228,0.582327,-0.215064,0.0,0.0,0.266119,0.705917,-0.235148,0.0,0.0,0.271073,0.815738,-0.246705,0.0,0.0
v6.mp4,7c99d4d53a4894f3458813770693367ec44e61fa708e6d502318c6a45f04ff2d,1920,1080,12.07,178,14.75,40,3333,Right,0.866931,0.201597,0.082036,1e-06,0.0,0.0,0.322051,0.039532,-0.028824,0.0,0.0,0.437929,0.071289,-0.064832,0.0,0.0,0.534138,0.126638,-0.089424,0.0,0.0,0.620119,0.147757,-0.115591,0.0,0.0,0.431689,0.199644,-0.16123,0.0,0.0,0.549985,0.365114,-0.220821,0.0,0.0,0.611371,0.481777,-0.24798,0.0,0.0,0.655439,0.5829,-0.264608,0.0,0.0,0.371054,0.282183,-0.168123,0.0,0.0,0.469936,0.499229,-0.236694,0.0,0.0,0.522419,0.659176,-0.267247,0.0,0.0,0.552419,0.788285,-0.288632,0.0,0.0,0.30637,0.345499,-0.167532,0.0,0.0,0.35799,0.583698,-0.229366,0.0,0.0,0.393471,0.74605,-0.255309,0.0,0.0,0.416535,0.88021,-0.271344,0.0,0.0,0.247181,0.383472,-0.163759,0.0,0.0,0.261386,0.582992,-0.220239,0.0,0.0,0.265961,0.704951,-0.242013,0.0,0.0,0.270963,0.814028,-0.254286,0.0,0.0
v6.mp4,7c99d4d53a4894f3458813770693367ec44e61fa708e6d502318c6a45f04ff2d,1920,1080,12.07,178,14.75,41,3416,Right,0.898792,0.207524,0.084618,1e-06,0.0,0.0,0.33228,0.047158,-0.033092,0.0,0.0,0.448556,0.083162,-0.072282,0.0,0.0,0.538978,0.149262,-0.098435,0.0,0.0,0.62122,0.199987,-0.126332,0.0,0.0,0.436422,0.186589,-0.17515,0.0,0.0,0.550953,0.35765,-0.239111,0.0,0.0,0.6121,0.479162,-0.26943,0.0,0.0,0.656446,0.584774,-0.288722,0.0,0.0,0.370555,0.273224,-0.180428,0.0,0.0,0.468948,0.488002,-0.253934,0.0,0.0,0.521556,0.650529,-0.288377,0.0,0.0,0.553566,0.782946,-0.31364,0.0,0.0,0.30361,0.341088,-0.177551,0.0,0.0,0.359263,0.574799,-0.241834,0.0,0.0,0.396372,0.739977,-0.269802,0.0,0.0,0.421258,0.87637,-0.28853,0.0,0.0,0.244098,0.383002,-0.171651,0.0,0.0,0.260145,0.578471,-0.230576,0.0,0.0,0.264524,0.700399,-0.255047,0.0,0.0,0.270212,0.80968,-0.270387,0.0,0.0
v6.mp4,7c99d4d53a4894f3458813770693367ec44e61fa708e6d502318c6a45f04ff2d,1920,1080,12.07,178,14.75,42,3500,Right,0.913152,0.208743,0.093637,1e-06,0.0,0.0,0.338253,0.057882,-0.025811,0.0,0.0,0.452171,0.088439,-0.069864,0.0,0.0,0.539344,0.149883,-0.100283,0.0,0.0,0.621704,0.203667,-0.133364,0.0,0.0,0.442575,0.193638,-0.201956,0.0,0.0,0.552763,0.36337,-0.274165,0.0,0.0,0.614094,0.483405,-0.308095,0.0,0.0,0.65831,0.585105,-0.329667,0.0,0.0,0.376049,0.276342,-0.210282,0.0,0.0,0.470224,0.492002,-0.297676,0.0,0.0,0.522932,0.653343,-0.336909,0.0,0.0,0.554696,0.783737,-0.365566,0.0,0.0,0.307767,0.34125,-0.206861,0.0,0.0,0.358602,0.574703,-0.281559,0.0,0.0,0.397041,0.740508,-0.312102,0.0,0.0,0.421747,0.876836,-0.332322,0.0,0.0,0.246304,0.385322,-0.198072,0.0,0.0,0.261105,0.578246,-0.262565,0.0,0.0,0.266206,0.700243,-0.288561,0.0,0.0,0.272506,0.809968,-0.305665,0.0,0.0
v6.mp4,7c99d4d53a4894f3458813770693367ec44e61fa708e6d502318c6a45f04ff2d,1920,1080,12.07,178,14.75,43,3583,Right,0.933843,0.205426,0.093912,1e-06,0.0,0.0,0.335982,0.061933,-0.023484,0.0,0.0,0.449751,0.086988,-0.067135,0.0,0.0,0.536769,0.146451,-0.09721,0.0,0.0,0.618502,0.202897,-0.128831,0.0,0.0,0.439723,0.190082,-0.200926,0.0,0.0,0.550632,0.358822,-0.273225,0.0,0.0,0.613304,0.478776,-0.306433,0.0,0.0,0.658727,0.580875,-0.326953,0.0,0.0,0.374035,0.267792,-0.20909,0.0,0.0,0.468356,0.488874,-0.299992,0.0,0.0,0.523167,0.655045,-0.339909,0.0,0.0,0.555796,0.787348,-0.367653,0.0,0.0,0.306505,0.333858,-0.204797,0.0,0.0,0.354213,0.573413,-0.281486,0.0,0.0,0.39391,0.743714,-0.310624,0.0,0.0,0.419571,0.882118,-0.328202,0.0,0.0,0.246001,0.38102,-0.194809,0.0,0.0,0.262242,0.577423,-0.258015,0.0,0.0,0.268311,0.700051,-0.281453,0.0,0.0,0.275672,0.809541,-0.295841,0.0,0.0
v6.mp4,7c99d4d53a4894f3458813770693367ec44e61fa708e6d502318c6a45f04ff2d,1920,1080,12.07,178,14.75,44,3666,Right,0.9247,0.205221,0.086946,1e-06,0.0,0.0,0.329073,0.046542,-0.027915,0.0,0.0,0.445419,0.079585,-0.063084,0.0,0.0,0.536997,0.150061,-0.086772,0.0,0.0,0.617667,0.21583,-0.111511,0.0,0.0,0.441278,0.195217,-0.15813,0.0,0.0,0.552327,0.357714,-0.216327,0.0,0.0,0.613239,0.476573,-0.242083,0.0,0.0,0.655579,0.582304,-0.257754,0.0,0.0,0.377131,0.277661,-0.166424,0.0,0.0,0.469914,0.494195,-0.234372,0.0,0.0,0.523433,0.658197,-0.2658,0.0,0.0,0.553786,0.791366,-0.288262,0.0,0.0,0.3095,0.340726,-0.167369,0.0,0.0,0.358336,0.579471,-0.229949,0.0,0.0,0.393049,0.746344,-0.25712,0.0,0.0,0.417178,0.884181,-0.274054,0.0,0.0,0.246197,0.379054,-0.164934,0.0,0.0,0.261613,0.573731,-0.221772,0.0,0.0,0.26623,0.696677,-0.244083,0.0,0.0,0.271202,0.805217,-0.256933,0.0,0.0
v6.mp4,7c99d4d53a4894f3458813770693367ec44e61fa708e6d502318c6a45f04ff2d,1920,1080,12.07,178,14.75,45,3750,Right,0.897424,0.207564,0.073279,1e-06,0.0,0.0,0.329774,0.039482,-0.027437,0.0,0.0,0.444537,0.078215,-0.05687,0.0,0.0,0.537193,0.146679,-0.078446,0.0,0.0,0.617521,0.206686,-0.101027,0.0,0.0,0.440867,0.206106,-0.123759,0.0,0.0,0.552184,0.355528,-0.175519,0.0,0.0,0.61501,0.462768,-0.199968,0.0,0.0,0.661249,0.561987,-0.21633,0.0,0.0,0.379613,0.291239,-0.134857,0.0,0.0,0.4531,0.508123,-0.196481,0.0,0.0,0.500974,0.662665,-0.228826,0.0,0.0,0.532332,0.790972,-0.252103,0.0,0.0,0.313955,0.345706,-0.141907,0.0,0.0,0.355881,0.573761,-0.204748,0.0,0.0,0.388629,0.735262,-0.236382,0.0,0.0,0.414178,0.87068,-0.255743,0.0,0.0,0.251669,0.3728,-0.146226,0.0,0.0,0.261462,0.563875,-0.205568,0.0,0.0,0.265025,0.686915,-0.230831,0.0,0.0,0.269302,0.793839,-0.245227,0.0,0.0
v6.mp4,7c99d4d53a4894f3458813770693367ec44e61fa708e6d502318c6a45f04ff2d,1920,1080,12.07,178,14.75,46,3833,Right,0.809747,0.213248,0.068355,1e-06,0.0,0.0,0.334773,0.038926,-0.037361,0.0,0.0,0.450485,0.076728,-0.070718,0.0,0.0,0.539578,0.143403,-0.094919,0.0,0.0,0.617826,0.203398,-0.119988,0.0,0.0,0.441531,0.1942,-0.133432,0.0,0.0,0.549641,0.340877,-0.191176,0.0,0.0,0.613464,0.442953,-0.223009,0.0,0.0,0.664022,0.541266,-0.245446,0.0,0.0,0.379291,0.281317,-0.141028,0.0,0.0,0.443261,0.46145,-0.210233,0.0,0.0,0.492386,0.595772,-0.249911,0.0,0.0,0.52931,0.714537,-0.278377,0.0,0.0,0.313509,0.341281,-0.145045,0.0,0.0,0.351876,0.555067,-0.214896,0.0,0.0,0.386163,0.714013,-0.251431,0.0,0.0,0.413637,0.85125,-0.273653,0.0,0.0,0.252115,0.375422,-0.147093,0.0,0.0,0.260196,0.565061,-0.213338,0.0,0.0,0.262927,0.687494,-0.24333,0.0,0.0,0.268431,0.798636,-0.260683,0.0,0.0
v6.mp4,7c99d4d53a4894f3458813770693367ec44e61fa708e6d502318c6a45f04ff2d,1920,1080,12.07,178,14.75,47,3916,Right,0.808537,0.221602,0.077433,1e-06,0.0,0.0,0.345171,0.043153,-0.02909,0.0,0.0,0.46335,0.081599,-0.057586,0.0,0.0,0.549346,0.152167,-0.077625,0.0,0.0,0.621694,0.210289,-0.097718,0.0,0.0,0.457794,0.218462,-0.12163,0.0,0.0,0.560594,0.368948,-0.173262,0.0,0.0,0.6197,0.47029,-0.202523,0.0,0.0,0.668186,0.565045,-0.223559,0.0,0.0,0.392822,0.289956,-0.131504,0.0,0.0,0.446351,0.450256,-0.194133,0.0,0.0,0.490495,0.559683,-0.22851,0.0,0.0,0.527698,0.655987,-0.253128,0.0,0.0,0.321581,0.343512,-0.137664,0.0,0.0,0.351872,0.563191,-0.204167,0.0,0.0,0.383113,0.723945,-0.237918,0.0,0.0,0.411206,0.860168,-0.257902,0.0,0.0,0.253774,0.374806,-0.140979,0.0,0.0,0.261413,0.573544,-0.204034,0.0,0.0,0.26138,0.693439,-0.230248,0.0,0.0,0.266233,0.804277,-0.244484,0.0,0.0
v6.mp4,7c99d4d53a4894f3458813770693367ec44e61fa708e6d502318c6a45f04ff2d,1920,1080,12.07,178,14.75,48,4000,Right,0.841389,0.222362,0.077516,1e-06,0.0,0.0,0.343402,0.040881,-0.027533,0.0,0.0,0.459604,0.075923,-0.05675,0.0,0.0,0.546628,0.147917,-0.077093,0.0,0.0,0.622506,0.205418,-0.098027,0.0,0.0,0.451184,0.214563,-0.132924,0.0,0.0,0.561369,0.362699,-0.191026,0.0,0.0,0.620957,0.467876,-0.225159,0.0,0.0,0.669204,0.567176,-0.248862,0.0,0.0,0.387188,0.290594,-0.142937,0.0,0.0,0.44563,0.449587,-0.211511,0.0,0.0,0.491593,0.552732,-0.248423,0.0,0.0,0.527663,0.64224,-0.275168,0.0,0.0,0.317229,0.346203,-0.148199,0.0,0.0,0.348676,0.56998,-0.219399,0.0,0.0,0.385573,0.729823,-0.255524,0.0,0.0,0.414868,0.862818,-0.276884,0.0,0.0,0.25199,0.379555,-0.149757,0.0,0.0,0.260899,0.582066,-0.214139,0.0,0.0,0.263985,0.703233,-0.241158,0.0,0.0,0.269882,0.813499,-0.256613,0.0,0.0
v6.mp4,7c99d4d53a4894f3458813770693367ec44e61fa708e6d502318c6a45f04ff2d,1920,1080,12.07,178,14.75,49,4083,Right,0.844736,0.222179,0.07746,1e-06,0.0,0.0,0.344402,0.042129,-0.027247,0.0,0.0,0.461378,0.079031,-0.056224,0.0,0.0,0.54754,0.151704,-0.076742,0.0,0.0,0.623456,0.207973,-0.097963,0.0,0.0,0.453105,0.209279,-0.130561,0.0,0.0,0.560119,0.363056,-0.186036,0.0,0.0,0.619944,0.467751,-0.217696,0.0,0.0,0.668461,0.56742,-0.240477,0.0,0.0,0.388257,0.285899,-0.141286,0.0,0.0,0.446933,0.443742,-0.20949,0.0,0.0,0.491558,0.549347,-0.246779,0.0,0.0,0.525811,0.642882,-0.273648,0.0,0.0,0.317321,0.343763,-0.147066,0.0,0.0,0.350836,0.564911,-0.216697,0.0,0.0,0.386241,0.722946,-0.251482,0.0,0.0,0.41436,0.854969,-0.272391,0.0,0.0,0.252039,0.378034,-0.149387,0.0,0.0,0.261802,0.578895,-0.214078,0.0,0.0,0.264133,0.697198,-0.241406,0.0,0.0,0.270064,0.806581,-0.256908,0.0,0.0
v6.mp4,7c99d4d53a4894f3458813770693367ec44e61fa708e6d502318c6a45f04ff2d,1920,1080,12.07,178,14.75,50,4166,Right,0.861638,0.219217,0.077302,1e-06,0.0,0.0,0.341342,0.042052,-0.023111,0.0,0.0,0.458249,0.077108,-0.05059,0.0,0.0,0.546193,0.148208,-0.070218,0.0,0.0,0.621168,0.204435,-0.090585,0.0,0.0,0.450835,0.211761,-0.126307,0.0,0.0,0.559785,0.363963,-0.179236,0.0,0.0,0.619484,0.468135,-0.208656,0.0,0.0,0.667539,0.56531,-0.229486,0.0,0.0,0.387151,0.287764,-0.138282,0.0,0.0,0.447892,0.447778,-0.202165,0.0,0.0,0.493391,0.54778,-0.235768,0.0,0.0,0.527565,0.633996,-0.260056,0.0,0.0,0.316587,0.344711,-0.145184,0.0,0.0,0.349878,0.568495,-0.211539,0.0,0.0,0.386862,0.727435,-0.244805,0.0,0.0,0.415725,0.85857,-0.264771,0.0,0.0,0.250672,0.377902,-0.148225,0.0,0.0,0.261262,0.579995,-0.208926,0.0,0.0,0.265281,0.699718,-0.233866,0.0,0.0,0.271342,0.809136,-0.247967,0.0,0.0
v6.mp4,7c99d4d53a4894f3458813770693367ec44e61fa708e6d502318c6a45f04ff2d,1920,1080,12.07,178,14.75,51,4250,Right,0.855909,0.217863,0.076595,1e-06,0.0,0.0,0.341834,0.041997,-0.021565,0.0,0.0,0.458407,0.077159,-0.05038,0.0,0.0,0.546085,0.147075,-0.071225,0.0,0.0,0.621034,0.204793,-0.093292,0.0,0.0,0.450773,0.214996,-0.131883,0.0,0.0,0.559956,0.365218,-0.187074,0.0,0.0,0.620021,0.468069,-0.217546,0.0,0.0,0.668387,0.563277,-0.238832,0.0,0.0,0.386904,0.29,-0.144628,0.0,0.0,0.447761,0.453813,-0.210947,0.0,0.0,0.493202,0.554567,-0.244638,0.0,0.0,0.526293,0.639995,-0.268824,0.0,0.0,0.31606,0.344827,-0.151714,0.0,0.0,0.3491,0.570862,-0.220303,0.0,0.0,0.387419,0.729849,-0.254052,0.0,0.0,0.416787,0.860554,-0.274155,0.0,0.0,0.2497,0.37653,-0.154369,0.0,0.0,0.260192,0.578349,-0.216355,0.0,0.0,0.264796,0.697909,-0.241315,0.0,0.0,0.271302,0.806778,-0.255492,0.0,0.0
v6.mp4,7c99d4d53a4894f3458813770693367ec44e61fa708e6d502318c6a45f04ff2d,1920,1080,12.07,178,14.75,52,4333,Right,0.878784,0.211152,0.083923,1e-06,0.0,0.0,0.345243,0.053074,-0.026591,0.0,0.0,0.45674,0.084575,-0.072677,0.0,0.0,0.542001,0.144385,-0.106504,0.0,0.0,0.623074,0.211243,-0.14343,0.0,0.0,0.450338,0.19853,-0.204325,0.0,0.0,0.556681,0.357914,-0.277225,0.0,0.0,0.617461,0.472108,-0.309463,0.0,0.0,0.662673,0.57434,-0.33108,0.0,0.0,0.383423,0.28645,-0.216616,0.0,0.0,0.468404,0.48965,-0.317454,0.0,0.0,0.523267,0.641643,-0.36787,0.0,0.0,0.55884,0.76947,-0.403661,0.0,0.0,0.313845,0.347545,-0.216243,0.0,0.0,0.358259,0.573828,-0.304572,0.0,0.0,0.396894,0.737685,-0.343263,0.0,0.0,0.422991,0.875538,-0.367399,0.0,0.0,0.250074,0.385661,-0.209641,0.0,0.0,0.260941,0.573927,-0.283791,0.0,0.0,0.264949,0.697518,-0.315082,0.0,0.0,0.271972,0.806611,-0.335523,0.0,0.0
v6.mp4,7c99d4d53a4894f3458813770693367ec44e61fa708e6d502318c6a45f04ff2d,1920,1080,12.07,178,14.75,53,4416,Right,0.916954,0.207173,0.083317,1e-06,0.0,0.0,0.336347,0.05042,-0.028739,0.0,0.0,0.450151,0.086318,-0.069613,0.0,0.0,0.538479,0.14782,-0.099038,0.0,0.0,0.618841,0.214546,-0.130707,0.0,0.0,0.442528,0.196665,-0.180968,0.0,0.0,0.552207,0.357595,-0.247657,0.0,0.0,0.615426,0.473402,-0.276945,0.0,0.0,0.661347,0.577469,-0.295837,0.0,0.0,0.377295,0.27754,-0.191967,0.0,0.0,0.463923,0.496164,-0.278932,0.0,0.0,0.517524,0.657169,-0.321107,0.0,0.0,0.550579,0.787941,-0.350724,0.0,0.0,0.309069,0.338622,-0.193454,0.0,0.0,0.352029,0.572963,-0.271883,0.0,0.0,0.390353,0.739164,-0.306989,0.0,0.0,0.41701,0.876495,-0.328392,0.0,0.0,0.246653,0.375974,-0.190288,0.0,0.0,0.259863,0.571521,-0.256801,0.0,0.0,0.265396,0.696637,-0.284737,0.0,0.0,0.272043,0.804269,-0.302296,0.0,0.0
v6.mp4,7c99d4d53a4894f3458813770693367ec44e61fa708e6d502318c6a45f04ff2d,1920,1080,12.07,178,14.75,54,4500,Right,0.905795,0.208548,0.0856,1e-06,0.0,0.0,0.336105,0.050635,-0.029539,0.0,0.0,0.451948,0.085026,-0.069862,0.0,0.0,0.5412,0.14805,-0.098162,0.0,0.0,0.619497,0.21693,-0.128673,0.0,0.0,0.443805,0.193229,-0.177453,0.0,0.0,0.553097,0.357936,-0.241046,0.0,0.0,0.615706,0.474161,-0.269535,0.0,0.0,0.661292,0.576463,-0.288081,0.0,0.0,0.378018,0.279294,-0.186354,0.0,0.0,0.465485,0.498291,-0.264979,0.0,0.0,0.518067,0.658768,-0.302322,0.0,0.0,0.551095,0.789116,-0.329418,0.0,0.0,0.309861,0.34361,-0.186223,0.0,0.0,0.355656,0.575702,-0.256734,0.0,0.0,0.391942,0.74009,-0.28759,0.0,0.0,0.416753,0.876182,-0.307486,0.0,0.0,0.247326,0.382131,-0.182023,0.0,0.0,0.260943,0.573425,-0.244015,0.0,0.0,0.26593,0.697371,-0.269553,0.0,0.0,0.271905,0.807039,-0.28573,0.0,0.0
v6.mp4,7c99d4d53a4894f3458813770693367ec44e61fa708e6d502318c6a45f04ff2d,1920,1080,12.07,178,14.75,55,4583,Right,0.930187,0.21082,0.091528,1e-06,0.0,0.0,0.340919,0.055881,-0.025173,0.0,0.0,0.453427,0.084749,-0.069626,0.0,0.0,0.538898,0.147145,-0.1007,0.0,0.0,0.618459,0.212633,-0.134283,0.0,0.0,0.444863,0.193596,-0.203276,0.0,0.0,0.553503,0.359107,-0.274541,0.0,0.0,0.616074,0.475754,-0.30672,0.0,0.0,0.66181,0.576845,-0.327542,0.0,0.0,0.378345,0.279161,-0.212015,0.0,0.0,0.466603,0.49488,-0.304173,0.0,0.0,0.519941,0.655231,-0.347682,0.0,0.0,0.553326,0.785929,-0.379301,0.0,0.0,0.310139,0.344056,-0.208066,0.0,0.0,0.355378,0.573923,-0.286348,0.0,0.0,0.393757,0.739729,-0.319419,0.0,0.0,0.418383,0.876329,-0.340823,0.0,0.0,0.248704,0.386506,-0.198274,0.0,0.0,0.26202,0.57664,-0.262861,0.0,0.0,0.266942,0.700198,-0.289366,0.0,0.0,0.273315,0.808711,-0.307201,0.0,0.0
v6.mp4,7c99d4d53a4894f3458813770693367ec44e61fa708e6d502318c6a45f04ff2d,1920,1080,12.07,178,14.75,56,4666,Right,0.926759,0.205968,0.090368,1e-06,0.0,0.0,0.331874,0.05425,-0.02729,0.0,0.0,0.44786,0.083849,-0.067428,0.0,0.0,0.537714,0.146754,-0.095444,0.0,0.0,0.614035,0.211728,-0.125326,0.0,0.0,0.437018,0.180404,-0.179744,0.0,0.0,0.550774,0.354258,-0.24269,0.0,0.0,0.61527,0.472054,-0.270023,0.0,0.0,0.662867,0.570788,-0.287228,0.0,0.0,0.372207,0.263093,-0.187874,0.0,0.0,0.465905,0.491365,-0.264994,0.0,0.0,0.519596,0.658497,-0.299649,0.0,0.0,0.55235,0.789641,-0.324294,0.0,0.0,0.305115,0.331549,-0.186245,0.0,0.0,0.35576,0.569862,-0.253744,0.0,0.0,0.393303,0.741613,-0.281468,0.0,0.0,0.418854,0.88037,-0.299159,0.0,0.0,0.244343,0.377695,-0.18045,0.0,0.0,0.262137,0.575232,-0.239335,0.0,0.0,0.267602,0.70031,-0.261941,0.0,0.0,0.273205,0.809784,-0.27586,0.0,0.0
v6.mp4,7c99d4d53a4894f3458813770693367ec44e61fa708e6d502318c6a45f04ff2d,1920,1080,12.07,178,14.75,57,4750,Right,0.933804,0.208739,0.089048,1e-06,0.0,0.0,0.334933,0.055002,-0.02693,0.0,0.0,0.449657,0.083564,-0.066656,0.0,0.0,0.537369,0.149896,-0.094075,0.0,0.0,0.614298,0.214345,-0.122893,0.0,0.0,0.440238,0.183645,-0.181222,0.0,0.0,0.553177,0.354435,-0.244652,0.0,0.0,0.616083,0.472276,-0.272248,0.0,0.0,0.662047,0.571745,-0.28981,0.0,0.0,0.373783,0.263316,-0.190276,0.0,0.0,0.4655,0.487149,-0.269275,0.0,0.0,0.519923,0.653432,-0.305484,0.0,0.0,0.553113,0.784885,-0.331407,0.0,0.0,0.305701,0.329994,-0.189439,0.0,0.0,0.354804,0.571067,-0.258649,0.0,0.0,0.391604,0.740744,-0.287381,0.0,0.0,0.417185,0.878238,-0.30563,0.0,0.0,0.244059,0.376483,-0.184355,0.0,0.0,0.261768,0.574501,-0.24547,0.0,0.0,0.267386,0.699313,-0.269571,0.0,0.0,0.273556,0.808867,-0.284228,0.0,0.0
v6.mp4,7c99d4d53a4894f3458813770693367ec44e61fa708e6d502318c6a45f04ff2d,1920,1080,12.07,178,14.75,58,4833,Right,0.932858,0.20488,0.085864,1e-06,0.0,0.0,0.331883,0.050021,-0.025282,0.0,0.0,0.447687,0.083589,-0.064306,0.0,0.0,0.537466,0.154143,-0.091476,0.0,0.0,0.619177,0.21658,-0.121015,0.0,0.0,0.441585,0.181263,-0.182473,0.0,0.0,0.556171,0.336549,-0.24558,0.0,0.0,0.623394,0.443019,-0.273067,0.0,0.0,0.675273,0.536002,-0.291981,0.0,0.0,0.377047,0.265752,-0.193601,0.0,0.0,0.468825,0.483225,-0.273719,0.0,0.0,0.520867,0.64779,-0.310396,0.0,0.0,0.552982,0.782254,-0.337336,0.0,0.0,0.309029,0.332792,-0.194615,0.0,0.0,0.357459,0.571303,-0.265397,0.0,0.0,0.39434,0.740624,-0.2954,0.0,0.0,0.419459,0.878501,-0.31503,0.0,0.0,0.245351,0.378459,-0.191144,0.0,0.0,0.262151,0.576897,-0.253796,0.0,0.0,0.268186,0.700699,-0.279534,0.0,0.0,0.274122,0.807862,-0.29604,0.0,0.0
v6.mp4,7c99d4d53a4894f3458813770693367ec44e61fa708e6d502318c6a45f04ff2d,1920,1080,12.07,178,14.75,59,4916,Right,0.938957,0.204803,0.091809,1e-06,0.0,0.0,0.341278,0.063065,-0.022349,0.0,0.0,0.454373,0.088783,-0.071301,0.0,0.0,0.536709,0.154892,-0.104304,0.0,0.0,0.623151,0.214652,-0.139564,0.0,0.0,0.447897,0.176936,-0.239013,0.0,0.0,0.558009,0.314303,-0.321788,0.0,0.0,0.627863,0.415036,-0.360383,0.0,0.0,0.682784,0.503698,-0.387593,0.0,0.0,0.380506,0.267546,-0.24948,0.0,0.0,0.468547,0.479068,-0.361664,0.0,0.0,0.51959,0.644408,-0.414195,0.0,0.0,0.55348,0.782797,-0.453112,0.0,0.0,0.313197,0.338036,-0.243676,0.0,0.0,0.354692,0.570637,-0.336907,0.0,0.0,0.394168,0.739888,-0.375299,0.0,0.0,0.419124,0.879704,-0.400469,0.0,0.0,0.251815,0.391997,-0.230178,0.0,0.0,0.264118,0.581859,-0.306182,0.0,0.0,0.268233,0.703805,-0.339521,0.0,0.0,0.275916,0.808399,-0.363232,0.0,0.0
v6.mp4,7c99d4d53a4894f3458813770693367ec44e61fa708e6d502318c6a45f04ff2d,1920,1080,12.07,178,14.75,60,5000,Right,0.942808,0.206635,0.093964,1e-06,0.0,0.0,0.340123,0.06131,-0.031193,0.0,0.0,0.453032,0.087072,-0.08401,0.0,0.0,0.538669,0.152358,-0.120428,0.0,0.0,0.62277,0.218962,-0.159498,0.0,0.0,0.441191,0.170076,-0.23952,0.0,0.0,0.551196,0.312918,-0.3239,0.0,0.0,0.620647,0.415751,-0.365789,0.0,0.0,0.675667,0.507112,-0.395412,0.0,0.0,0.376006,0.263105,-0.24727,0.0,0.0,0.466513,0.477657,-0.352412,0.0,0.0,0.51955,0.643913,-0.403278,0.0,0.0,0.554403,0.781476,-0.442778,0.0,0.0,0.310399,0.336091,-0.240623,0.0,0.0,0.354997,0.57381,-0.326688,0.0,0.0,0.39428,0.74422,-0.363117,0.0,0.0,0.418481,0.883582,-0.389213,0.0,0.0,0.250657,0.389702,-0.22814,0.0,0.0,0.26556,0.5833,-0.301311,0.0,0.0,0.270507,0.706812,-0.334202,0.0,0.0,0.277184,0.81282,-0.358292,0.0,0.0
v6.mp4,7c99d4d53a4894f3458813770693367ec44e61fa708e6d502318c6a45f04ff2d,1920,1080,12.07,178,14.75,61,5083,Right,0.939107,0.205846,0.083655,1e-06,0.0,0.0,0.330963,0.044852,-0.033878,0.0,0.0,0.448398,0.082462,-0.074125,0.0,0.0,0.540465,0.155973,-0.101388,0.0,0.0,0.619939,0.222557,-0.131126,0.0,0.0,0.436974,0.171499,-0.180235,0.0,0.0,0.547946,0.31624,-0.248433,0.0,0.0,0.616099,0.420391,-0.284709,0.0,0.0,0.669348,0.515782,-0.310327,0.0,0.0,0.374399,0.263752,-0.187496,0.0,0.0,0.465213,0.479365,-0.264694,0.0,0.0,0.518629,0.646551,-0.30474,0.0,0.0,0.552546,0.78483,-0.335748,0.0,0.0,0.308706,0.334311,-0.186546,0.0,0.0,0.356866,0.574317,-0.25385,0.0,0.0,0.392397,0.742012,-0.284841,0.0,0.0,0.416424,0.880677,-0.306667,0.0,0.0,0.248093,0.378427,-0.182732,0.0,0.0,0.263233,0.578181,-0.245845,0.0,0.0,0.268488,0.7019,-0.274014,0.0,0.0,0.27332,0.812397,-0.292531,0.0,0.0
v6.mp4,7c99d4d53a4894f3458813770693367ec44e61fa708e6d502318c6a45f04ff2d,1920,1080,12.07,178,14.75,62,5166,Right,0.943846,0.205923,0.090116,1e-06,0.0,0.0,0.335162,0.049763,-0.033326,0.0,0.0,0.451081,0.081123,-0.080459,0.0,0.0,0.539756,0.152567,-0.113621,0.0,0.0,0.621445,0.22307,-0.149568,0.0,0.0,0.442947,0.173517,-0.205283,0.0,0.0,0.551316,0.316897,-0.280878,0.0,0.0,0.61889,0.420458,-0.319317,0.0,0.0,0.670731,0.515206,-0.346825,0.0,0.0,0.377541,0.267977,-0.215059,0.0,0.0,0.465568,0.481181,-0.309118,0.0,0.0,0.518364,0.648053,-0.358573,0.0,0.0,0.553235,0.788445,-0.3963,0.0,0.0,0.310158,0.337161,-0.213972,0.0,0.0,0.356616,0.567437,-0.293898,0.0,0.0,0.393279,0.73642,-0.331247,0.0,0.0,0.416252,0.877063,-0.357387,0.0,0.0,0.247612,0.382496,-0.208544,0.0,0.0,0.263493,0.573682,-0.279335,0.0,0.0,0.268314,0.698551,-0.312073,0.0,0.0,0.274598,0.807933,-0.334845,0.0,0.0
v6.mp4,7c99d4d53a4894f3458813770693367ec44e61fa708e6d502318c6a45f04ff2d,1920,1080,12.07,178,14.75,63,5250,Right,0.948851,0.209004,0.092161,1e-06,0.0,0.0,0.344331,0.059301,-0.031831,0.0,0.0,0.455538,0.081813,-0.086893,0.0,0.0,0.538053,0.14919,-0.126825,0.0,0.0,0.619313,0.219801,-0.169989,0.0,0.0,0.445506,0.180117,-0.238203,0.0,0.0,0.550585,0.304952,-0.325035,0.0,0.0,0.621836,0.392322,-0.370577,0.0,0.0,0.67894,0.472103,-0.403948,0.0,0.0,0.38101,0.277868,-0.249022,0.0,0.0,0.46307,0.488314,-0.363673,0.0,0.0,0.516704,0.64969,-0.426996,0.0,0.0,0.552073,0.787035,-0.475632,0.0,0.0,0.315011,0.347246,-0.244866,0.0,0.0,0.352582,0.576617,-0.341405,0.0,0.0,0.392387,0.742231,-0.388664,0.0,0.0,0.415436,0.879697,-0.421508,0.0,0.0,0.254399,0.397539,-0.233918,0.0,0.0,0.265131,0.583828,-0.313097,0.0,0.0,0.269143,0.705588,-0.350967,0.0,0.0,0.276063,0.808561,-0.379169,0.0,0.0
v6.mp4,7c99d4d53a4894f3458813770693367ec44e61fa708e6d502318c6a45f04ff2d,1920,1080,12.07,178,14.75,64,5333,Right,0.950726,0.209575,0.098616,1e-06,0.0,0.0,0.343443,0.061929,-0.02883,0.0,0.0,0.455244,0.084122,-0.083505,0.0,0.0,0.538264,0.152796,-0.122741,0.0,0.0,0.622162,0.220335,-0.165296,0.0,0.0,0.44848,0.176705,-0.241506,0.0,0.0,0.55449,0.302362,-0.32983,0.0,0.0,0.62455,0.396935,-0.374947,0.0,0.0,0.678905,0.485268,-0.407204,0.0,0.0,0.383667,0.27625,-0.252722,0.0,0.0,0.466076,0.48223,-0.370061,0.0,0.0,0.519965,0.644185,-0.432756,0.0,0.0,0.55554,0.783416,-0.480168,0.0,0.0,0.316282,0.345448,-0.24832,0.0,0.0,0.353761,0.567633,-0.348696,0.0,0.0,0.392319,0.736483,-0.396853,0.0,0.0,0.414616,0.877795,-0.429186,0.0,0.0,0.254285,0.397902,-0.236163,0.0,0.0,0.264768,0.58115,-0.317823,0.0,0.0,0.267313,0.704934,-0.356751,0.0,0.0,0.27401,0.809964,-0.385385,0.0,0.0
v6.mp4,7c99d4d53a4894f3458813770693367ec44e61fa708e6d502318c6a45f04ff2d,1920,1080,12.07,178,14.75,65,5416,Right,0.949221,0.213111,0.091529,1e-06,0.0,0.0,0.337662,0.056298,-0.029843,0.0,0.0,0.453148,0.083993,-0.071946,0.0,0.0,0.542544,0.154493,-0.101254,0.0,0.0,0.619083,0.224895,-0.132009,0.0,0.0,0.444946,0.191511,-0.185294,0.0,0.0,0.555647,0.348812,-0.256087,0.0,0.0,0.622567,0.456454,-0.292783,0.0,0.0,0.673047,0.553466,-0.31771,0.0,0.0,0.380204,0.273349,-0.194627,0.0,0.0,0.466577,0.488315,-0.280515,0.0,0.0,0.52001,0.649921,-0.324037,0.0,0.0,0.554811,0.784348,-0.355797,0.0,0.0,0.31163,0.337464,-0.194189,0.0,0.0,0.355444,0.575312,-0.267744,0.0,0.0,0.390618,0.741429,-0.299062,0.0,0.0,0.41443,0.878787,-0.319176,0.0,0.0,0.247337,0.379716,-0.18979,0.0,0.0,0.263962,0.57625,-0.253846,0.0,0.0,0.269141,0.700318,-0.279758,0.0,0.0,0.275003,0.810502,-0.295804,0.0,0.0
v6.mp4,7c99d4d53a4894f3458813770693367ec44e61fa708e6d502318c6a45f04ff2d,1920,1080,12.07,178,14.75,66,5500,Right,0.924968,0.206141,0.08507,1e-06,0.0,0.0,0.327075,0.046021,-0.031252,0.0,0.0,0.445888,0.078785,-0.064424,0.0,0.0,0.539318,0.149174,-0.086319,0.0,0.0,0.614793,0.219581,-0.10848,0.0,0.0,0.435007,0.18018,-0.146033,0.0,0.0,0.549327,0.358562,-0.19979,0.0,0.0,0.615056,0.476528,-0.224129,0.0,0.0,0.66319,0.576924,-0.239352,0.0,0.0,0.371202,0.262777,-0.152174,0.0,0.0,0.466386,0.482524,-0.212833,0.0,0.0,0.521147,0.648528,-0.241349,0.0,0.0,0.5538,0.782481,-0.261749,0.0,0.0,0.304698,0.330027,-0.152412,0.0,0.0,0.357202,0.570596,-0.209711,0.0,0.0,0.393104,0.741826,-0.23606,0.0,0.0,0.418477,0.880822,-0.252378,0.0,0.0,0.244072,0.37389,-0.150258,0.0,0.0,0.261635,0.573483,-0.204073,0.0,0.0,0.266258,0.698763,-0.225979,0.0,0.0,0.270794,0.808851,-0.238286,0.0,0.0
v6.mp4,7c99d4d53a4894f3458813770693367ec44e61fa708e6d502318c6a45f04ff2d,1920,1080,12.07,178,14.75,67,5583,Right,0.927136,0.203494,0.090282,1e-06,0.0,0.0,0.330041,0.054146,-0.030429,0.0,0.0,0.446057,0.08128,-0.071535,0.0,0.0,0.535453,0.147304,-0.100003,0.0,0.0,0.613342,0.215532,-0.129916,0.0,0.0,0.438332,0.190983,-0.181077,0.0,0.0,0.549857,0.362976,-0.247385,0.0,0.0,0.615359,0.480883,-0.279273,0.0,0.0,0.664457,0.581469,-0.300134,0.0,0.0,0.374202,0.269357,-0.189172,0.0,0.0,0.46669,0.485235,-0.269747,0.0,0.0,0.521524,0.65001,-0.308589,0.0,0.0,0.555313,0.783271,-0.336681,0.0,0.0,0.306831,0.333257,-0.187975,0.0,0.0,0.354527,0.568869,-0.258313,0.0,0.0,0.391735,0.739461,-0.288595,0.0,0.0,0.417103,0.879378,-0.308076,0.0,0.0,0.244938,0.377522,-0.183043,0.0,0.0,0.261952,0.574148,-0.245078,0.0,0.0,0.26752,0.698435,-0.270333,0.0,0.0,0.274298,0.808586,-0.286018,0.0,0.0
v6.mp4,7c99d4d53a4894f3458813770693367ec44e61fa708e6d502318c6a45f04ff2d,1920,1080,12.07,178,14.75,68,5666,Right,0.914919,0.203793,0.084365,1e-06,0.0,0.0,0.327882,0.050468,-0.029641,0.0,0.0,0.446639,0.083078,-0.065384,0.0,0.0,0.538748,0.152162,-0.089236,0.0,0.0,0.615623,0.22009,-0.113714,0.0,0.0,0.436372,0.18562,-0.161328,0.0,0.0,0.549512,0.361068,-0.22098,0.0,0.0,0.615371,0.47957,-0.248966,0.0,0.0,0.664502,0.580722,-0.267049,0.0,0.0,0.371516,0.26386,-0.168805,0.0,0.0,0.466329,0.4819,-0.238482,0.0,0.0,0.521255,0.649202,-0.27123,0.0,0.0,0.554671,0.784511,-0.294883,0.0,0.0,0.303921,0.329059,-0.168778,0.0,0.0,0.356111,0.570581,-0.231213,0.0,0.0,0.392304,0.740282,-0.257923,0.0,0.0,0.417878,0.877632,-0.274757,0.0,0.0,0.24183,0.373159,-0.165838,0.0,0.0,0.260252,0.572421,-0.223321,0.0,0.0,0.265757,0.696541,-0.246536,0.0,0.0,0.272256,0.805636,-0.260056,0.0,0.0
v6.mp4,7c99d4d53a4894f3458813770693367ec44e61fa708e6d502318c6a45f04ff2d,1920,1080,12.07,178,14.75,69,5750,Right,0.919461,0.204555,0.09016,1e-06,0.0,0.0,0.329588,0.055056,-0.032283,0.0,0.0,0.446908,0.08394,-0.072535,0.0,0.0,0.537946,0.149648,-0.100022,0.0,0.0,0.616328,0.215232,-0.128667,0.0,0.0,0.435744,0.187103,-0.176499,0.0,0.0,0.549439,0.361938,-0.240647,0.0,0.0,0.615067,0.480019,-0.270456,0.0,0.0,0.663895,0.580886,-0.289757,0.0,0.0,0.371602,0.267577,-0.183426,0.0,0.0,0.466662,0.48685,-0.260438,0.0,0.0,0.521866,0.651626,-0.296611,0.0,0.0,0.555258,0.784698,-0.322617,0.0,0.0,0.304363,0.333662,-0.181803,0.0,0.0,0.356109,0.571192,-0.249038,0.0,0.0,0.393287,0.739688,-0.27695,0.0,0.0,0.418848,0.877976,-0.294862,0.0,0.0,0.242978,0.378047,-0.177001,0.0,0.0,0.260469,0.573658,-0.237561,0.0,0.0,0.266347,0.69742,-0.261827,0.0,0.0,0.273599,0.807495,-0.276527,0.0,0.0
v6.mp4,7c99d4d53a4894f3458813770693367ec44e61fa708e6d502318c6a45f04ff2d,1920,1080,12.07,178,14.75,70,5833,Right,0.920895,0.20674,0.093133,1e-06,0.0,0.0,0.337257,0.057158,-0.029307,0.0,0.0,0.450931,0.082054,-0.075201,0.0,0.0,0.537327,0.147217,-0.107563,0.0,0.0,0.617576,0.215367,-0.142137,0.0,0.0,0.442455,0.192726,-0.201452,0.0,0.0,0.550579,0.367236,-0.273901,0.0,0.0,0.614791,0.484993,-0.308815,0.0,0.0,0.663018,0.585001,-0.33175,0.0,0.0,0.376767,0.274883,-0.210053,0.0,0.0,0.466442,0.490794,-0.298907,0.0,0.0,0.520792,0.65316,-0.34116,0.0,0.0,0.555044,0.784774,-0.372487,0.0,0.0,0.309102,0.338732,-0.20741,0.0,0.0,0.354904,0.573065,-0.28376,0.0,0.0,0.392328,0.742132,-0.3159,0.0,0.0,0.416738,0.880348,-0.337238,0.0,0.0,0.247504,0.382651,-0.199956,0.0,0.0,0.262675,0.57491,-0.265859,0.0,0.0,0.267969,0.698538,-0.29287,0.0,0.0,0.274571,0.807334,-0.310656,0.0,0.0
v6.mp4,7c99d4d53a4894f3458813770693367ec44e61fa708e6d502318c6a45f04ff2d,1920,1080,12.07,178,14.75,71,5916,Right,0.919032,0.204566,0.086402,1e-06,0.0,0.0,0.329429,0.049611,-0.030627,0.0,0.0,0.446024,0.079604,-0.067774,0.0,0.0,0.53766,0.147645,-0.093201,0.0,0.0,0.615712,0.215973,-0.119406,0.0,0.0,0.437966,0.188544,-0.161186,0.0,0.0,0.549392,0.362599,-0.220696,0.0,0.0,0.614269,0.480121,-0.248528,0.0,0.0,0.662884,0.580923,-0.266498,0.0,0.0,0.374405,0.268713,-0.168591,0.0,0.0,0.467418,0.483708,-0.238359,0.0,0.0,0.522289,0.64829,-0.271174,0.0,0.0,0.555013,0.781524,-0.29484,0.0,0.0,0.307164,0.331795,-0.168648,0.0,0.0,0.356882,0.570142,-0.23154,0.0,0.0,0.392951,0.740218,-0.257874,0.0,0.0,0.417962,0.878722,-0.274509,0.0,0.0,0.244712,0.372732,-0.165868,0.0,0.0,0.261366,0.570381,-0.223866,0.0,0.0,0.266414,0.695397,-0.246605,0.0,0.0,0.272339,0.805111,-0.259729,0.0,0.0
v6.mp4,7c99d4d53a4894f3458813770693367ec44e61fa708e6d502318c6a45f04ff2d,1920,1080,12.07,178,14.75,72,6000,Right,0.925371,0.203388,0.085541,1e-06,0.0,0.0,0.327594,0.042888,-0.029153,0.0,0.0,0.443846,0.073743,-0.064712,0.0,0.0,0.535351,0.146098,-0.088257,0.0,0.0,0.61418,0.214431,-0.112598,0.0,0.0,0.438041,0.193504,-0.160461,0.0,0.0,0.550188,0.36544,-0.21662,0.0,0.0,0.614958,0.479976,-0.240607,0.0,0.0,0.66248,0.579342,-0.256023,0.0,0.0,0.375144,0.278909,-0.16737,0.0,0.0,0.469781,0.492351,-0.236538,0.0,0.0,0.524868,0.65172,-0.269263,0.0,0.0,0.556883,0.781759,-0.292842,0.0,0.0,0.308502,0.343064,-0.166174,0.0,0.0,0.356881,0.577064,-0.228102,0.0,0.0,0.39278,0.743023,-0.254627,0.0,0.0,0.416583,0.879258,-0.271429,0.0,0.0,0.247123,0.380322,-0.161716,0.0,0.0,0.26284,0.572197,-0.21763,0.0,0.0,0.267542,0.694365,-0.23976,0.0,0.0,0.272595,0.80199,-0.252759,0.0,0.0
v6.mp4,7c99d4d53a4894f3458813770693367ec44e61fa708e6d502318c6a45f04ff2d,1920,1080,12.07,178,14.75,73,6083,Right,0.916061,0.201011,0.078464,1e-06,0.0,0.0,0.324642,0.033991,-0.025873,0.0,0.0,0.44341,0.06914,-0.054083,0.0,0.0,0.53424,0.142404,-0.072296,0.0,0.0,0.606592,0.214429,-0.090745,0.0,0.0,0.439066,0.189976,-0.131067,0.0,0.0,0.550122,0.366758,-0.179474,0.0,0.0,0.613778,0.482457,-0.200464,0.0,0.0,0.65849,0.581605,-0.213177,0.0,0.0,0.37574,0.27634,-0.138897,0.0,0.0,0.467233,0.49909,-0.19528,0.0,0.0,0.522983,0.658818,-0.223819,0.0,0.0,0.556407,0.787818,-0.243757,0.0,0.0,0.309417,0.33893,-0.14069,0.0,0.0,0.356864,0.575233,-0.196739,0.0,0.0,0.38724,0.733818,-0.223803,0.0,0.0,0.407931,0.863618,-0.239654,0.0,0.0,0.246768,0.373961,-0.13941,0.0,0.0,0.25564,0.566855,-0.191886,0.0,0.0,0.252081,0.683504,-0.211646,0.0,0.0,0.248431,0.783409,-0.221358,0.0,0.0
v6.mp4,7c99d4d53a4894f3458813770693367ec44e61fa708e6d502318c6a45f04ff2d,1920,1080,12.07,178,14.75,74,6166,Right,0.86908,0.202667,0.073821,1e-06,0.0,0.0,0.327558,0.035844,-0.028996,0.0,0.0,0.446831,0.07288,-0.060673,0.0,0.0,0.53796,0.144424,-0.082387,0.0,0.0,0.612602,0.217172,-0.105417,0.0,0.0,0.439704,0.191661,-0.141886,0.0,0.0,0.548866,0.370576,-0.197246,0.0,0.0,0.612459,0.484263,-0.223415,0.0,0.0,0.658945,0.580787,-0.240583,0.0,0.0,0.377262,0.279866,-0.152253,0.0,0.0,0.462743,0.501343,-0.217131,0.0,0.0,0.519039,0.65765,-0.252386,0.0,0.0,0.556457,0.785274,-0.277408,0.0,0.0,0.310064,0.339118,-0.156649,0.0,0.0,0.351777,0.566539,-0.222624,0.0,0.0,0.384001,0.716724,-0.258903,0.0,0.0,0.409724,0.842886,-0.281719,0.0,0.0,0.24341,0.370435,-0.157666,0.0,0.0,0.236341,0.551696,-0.222948,0.0,0.0,0.226246,0.662818,-0.252275,0.0,0.0,0.219658,0.760385,-0.268707,0.0,0.0
v6.mp4,7c99d4d53a4894f3458813770693367ec44e61fa708e6d502318c6a45f04ff2d,1920,1080,12.07,178,14.75,75,6250,Right,0.798908,0.205328,0.066885,1e-06,0.0,0.0,0.334276,0.040534,-0.025299,0.0,0.0,0.448561,0.073157,-0.066355,0.0,0.0,0.534787,0.139426,-0.098923,0.0,0.0,0.609069,0.213548,-0.134616,0.0,0.0,0.442325,0.174457,-0.162654,0.0,0.0,0.547599,0.371158,-0.232178,0.0,0.0,0.61122,0.492311,-0.267845,0.0,0.0,0.658204,0.592281,-0.292363,0.0,0.0,0.376419,0.253538,-0.181555,0.0,0.0,0.462064,0.48923,-0.261457,0.0,0.0,0.51688,0.651157,-0.302739,0.0,0.0,0.55531,0.783087,-0.332281,0.0,0.0,0.304508,0.305794,-0.193648,0.0,0.0,0.353712,0.524505,-0.272444,0.0,0.0,0.391939,0.678067,-0.314032,0.0,0.0,0.424453,0.80782,-0.341959,0.0,0.0,0.231273,0.335115,-0.201408,0.0,0.0,0.221286,0.488027,-0.28143,0.0,0.0,0.213717,0.592881,-0.318955,0.0,0.0,0.212903,0.687925,-0.341878,0.0,0.0
v6.mp4,7c99d4d53a4894f3458813770693367ec44e61fa708e6d502318c6a45f04ff2d,1920,1080,12.07,178,14.75,76,6333,Right,0.672953,0.209313,0.065345,1e-06,0.0,0.0,0.341308,0.043972,-0.025319,0.0,0.0,0.456198,0.079922,-0.068966,0.0,0.0,0.544031,0.144748,-0.104875,0.0,0.0,0.62425,0.216392,-0.144923,0.0,0.0,0.443539,0.187465,-0.170036,0.0,0.0,0.54892,0.378621,-0.245792,0.0,0.0,0.612751,0.498594,-0.285953,0.0,0.0,0.658345,0.602177,-0.314684,0.0,0.0,0.375934,0.258049,-0.193664,0.0,0.0,0.460869,0.485084,-0.284964,0.0,0.0,0.517803,0.647954,-0.334922,0.0,0.0,0.55801,0.784469,-0.370742,0.0,0.0,0.302468,0.301372,-0.21031,0.0,0.0,0.353574,0.5115,-0.300068,0.0,0.0,0.39642,0.659521,-0.35067,0.0,0.0,0.433304,0.788116,-0.384968,0.0,0.0,0.228509,0.321231,-0.222005,0.0,0.0,0.219449,0.449998,-0.311113,0.0,0.0,0.216778,0.546497,-0.356188,0.0,0.0,0.220151,0.640268,-0.385448,0.0,0.0
v6.mp4,7c99d4d53a4894f3458813770693367ec44e61fa708e6d502318c6a45f04ff2d,1920,1080,12.07,178,14.75,77,6416,Right,0.723206,0.212651,0.073382,1e-06,0.0,0.0,0.352136,0.061335,-0.016648,0.0,0.0,0.463919,0.091252,-0.068573,0.0,0.0,0.541067,0.149818,-0.111106,0.0,0.0,0.623008,0.219505,-0.159618,0.0,0.0,0.454165,0.190075,-0.222207,0.0,0.0,0.551857,0.37753,-0.317094,0.0,0.0,0.615195,0.499901,-0.369028,0.0,0.0,0.659291,0.607321,-0.406314,0.0,0.0,0.384266,0.255106,-0.251333,0.0,0.0,0.460246,0.474893,-0.376191,0.0,0.0,0.516247,0.636128,-0.447488,0.0,0.0,0.559789,0.776156,-0.499732,0.0,0.0,0.309473,0.297898,-0.266861,0.0,0.0,0.349377,0.500268,-0.384952,0.0,0.0,0.395266,0.650438,-0.454727,0.0,0.0,0.432307,0.780024,-0.501896,0.0,0.0,0.235576,0.326171,-0.272983,0.0,0.0,0.22288,0.445745,-0.38124,0.0,0.0,0.218814,0.539822,-0.440431,0.0,0.0,0.224219,0.629166,-0.482145,0.0,0.0
v6.mp4,7c99d4d53a4894f3458813770693367ec44e61fa708e6d502318c6a45f04ff2d,1920,1080,12.07,178,14.75,78,6500,Right,0.697705,0.21022,0.060785,1e-06,0.0,0.0,0.343226,0.042247,-0.024926,0.0,0.0,0.455541,0.08069,-0.067307,0.0,0.0,0.537812,0.144946,-0.102701,0.0,0.0,0.612961,0.215346,-0.142472,0.0,0.0,0.445948,0.183291,-0.162738,0.0,0.0,0.549817,0.375243,-0.236888,0.0,0.0,0.611837,0.496574,-0.27781,0.0,0.0,0.658772,0.598593,-0.306908,0.0,0.0,0.378268,0.25278,-0.186268,0.0,0.0,0.460175,0.480866,-0.273351,0.0,0.0,0.514956,0.648595,-0.322415,0.0,0.0,0.556963,0.78708,-0.357243,0.0,0.0,0.302896,0.294354,-0.202971,0.0,0.0,0.350492,0.500152,-0.28877,0.0,0.0,0.391314,0.651199,-0.336879,0.0,0.0,0.42825,0.779677,-0.369486,0.0,0.0,0.227201,0.313724,-0.215243,0.0,0.0,0.215111,0.433457,-0.300748,0.0,0.0,0.209862,0.524603,-0.341272,0.0,0.0,0.209427,0.613304,-0.366686,0.0,0.0
v6.mp4,7c99d4d53a4894f3458813770693367ec44e61fa708e6d502318c6a45f04ff2d,1920,1080,12.07,178,14.75,79,6583,Right,0.740391,0.211094,0.061391,1e-06,0.0,0.0,0.342367,0.045118,-0.025277,0.0,0.0,0.456681,0.082589,-0.070235,0.0,0.0,0.541712,0.145105,-0.107623,0.0,0.0,0.619459,0.214418,-0.149884,0.0,0.0,0.444786,0.173575,-0.173191,0.0,0.0,0.549996,0.374418,-0.24745,0.0,0.0,0.613452,0.497994,-0.286747,0.0,0.0,0.659532,0.602216,-0.315493,0.0,0.0,0.377116,0.241778,-0.197135,0.0,0.0,0.460969,0.479322,-0.285937,0.0,0.0,0.515653,0.646177,-0.334905,0.0,0.0,0.556308,0.784312,-0.370739,0.0,0.0,0.302193,0.283953,-0.213555,0.0,0.0,0.351173,0.501259,-0.299889,0.0,0.0,0.392725,0.655525,-0.349894,0.0,0.0,0.429632,0.785901,-0.385406,0.0,0.0,0.226618,0.303513,-0.225106,0.0,0.0,0.212194,0.42425,-0.311861,0.0,0.0,0.208221,0.513417,-0.356092,0.0,0.0,0.210959,0.59997,-0.385689,0.0,0.0
v6.mp4,7c99d4d53a4894f3458813770693367ec44e61fa708e6d502318c6a45f04ff2d,1920,1080,12.07,178,14.75,80,6666,Right,0.780281,0.208627,0.060035,1e-06,0.0,0.0,0.337715,0.037297,-0.02621,0.0,0.0,0.451978,0.073147,-0.06561,0.0,0.0,0.539134,0.139541,-0.097653,0.0,0.0,0.613531,0.213807,-0.133126,0.0,0.0,0.439771,0.165986,-0.151231,0.0,0.0,0.548397,0.369634,-0.218517,0.0,0.0,0.61208,0.494176,-0.253445,0.0,0.0,0.659988,0.596,-0.277861,0.0,0.0,0.373436,0.239743,-0.171333,0.0,0.0,0.462102,0.481575,-0.245005,0.0,0.0,0.517645,0.653757,-0.283423,0.0,0.0,0.557427,0.79175,-0.310809,0.0,0.0,0.298378,0.28514,-0.186008,0.0,0.0,0.351656,0.501728,-0.259788,0.0,0.0,0.39126,0.656529,-0.300413,0.0,0.0,0.426857,0.785383,-0.328682,0.0,0.0,0.222653,0.307653,-0.197094,0.0,0.0,0.20998,0.429173,-0.273752,0.0,0.0,0.206111,0.517631,-0.309561,0.0,0.0,0.206861,0.602959,-0.331646,0.0,0.0
v6.mp4,7c99d4d53a4894f3458813770693367ec44e61fa708e6d502318c6a45f04ff2d,1920,1080,12.07,178,14.75,81,6750,Right,0.906014,0.201515,0.0736,1e-06,0.0,0.0,0.330281,0.038832,-0.026639,0.0,0.0,0.4471,0.072505,-0.064041,0.0,0.0,0.536502,0.143367,-0.091348,0.0,0.0,0.611562,0.210395,-0.121131,0.0,0.0,0.439695,0.182369,-0.16433,0.0,0.0,0.547243,0.373459,-0.231311,0.0,0.0,0.611556,0.493807,-0.266095,0.0,0.0,0.65995,0.589699,-0.288388,0.0,0.0,0.372428,0.262519,-0.175758,0.0,0.0,0.465041,0.487528,-0.251602,0.0,0.0,0.52197,0.650021,-0.289912,0.0,0.0,0.559148,0.7774,-0.316971,0.0,0.0,0.300599,0.322654,-0.17921,0.0,0.0,0.352159,0.553728,-0.250033,0.0,0.0,0.394777,0.716935,-0.284402,0.0,0.0,0.426913,0.849158,-0.306447,0.0,0.0,0.231302,0.358798,-0.178522,0.0,0.0,0.230938,0.556782,-0.244366,0.0,0.0,0.230786,0.681791,-0.271764,0.0,0.0,0.23417,0.788555,-0.287723,0.0,0.0
v6.mp4,7c99d4d53a4894f3458813770693367ec44e61fa708e6d502318c6a45f04ff2d,1920,1080,12.07,178,14.75,82,6833,Right,0.846567,0.200886,0.085162,1e-06,0.0,0.0,0.335374,0.060282,-0.028693,0.0,0.0,0.448876,0.087363,-0.080079,0.0,0.0,0.534996,0.151834,-0.118832,0.0,0.0,0.616068,0.215324,-0.160629,0.0,0.0,0.439953,0.180835,-0.215593,0.0,0.0,0.548264,0.366642,-0.297456,0.0,0.0,0.613168,0.489953,-0.337611,0.0,0.0,0.661531,0.591154,-0.364823,0.0,0.0,0.374003,0.264831,-0.23031,0.0,0.0,0.466049,0.480517,-0.332397,0.0,0.0,0.521224,0.642404,-0.380115,0.0,0.0,0.559066,0.774749,-0.41448,0.0,0.0,0.304335,0.330001,-0.233463,0.0,0.0,0.356585,0.556878,-0.323101,0.0,0.0,0.396504,0.718141,-0.360172,0.0,0.0,0.426655,0.850007,-0.38456,0.0,0.0,0.236721,0.376981,-0.231229,0.0,0.0,0.239645,0.566043,-0.312939,0.0,0.0,0.241947,0.690421,-0.348177,0.0,0.0,0.251429,0.799121,-0.370804,0.0,0.0
v6.mp4,7c99d4d53a4894f3458813770693367ec44e61fa708e6d502318c6a45f04ff2d,1920,1080,12.07,178,14.75,83,6916,Right,0.855512,0.20231,0.085972,2e-06,0.0,0.0,0.338562,0.058552,-0.024434,0.0,0.0,0.452127,0.089434,-0.074564,0.0,0.0,0.537297,0.159133,-0.112147,0.0,0.0,0.61612,0.223027,-0.153063,0.0,0.0,0.441767,0.181237,-0.214842,0.0,0.0,0.549662,0.371141,-0.293188,0.0,0.0,0.613462,0.493545,-0.329742,0.0,0.0,0.660909,0.591852,-0.354358,0.0,0.0,0.375039,0.263233,-0.23053,0.0,0.0,0.46713,0.485157,-0.329396,0.0,0.0,0.52431,0.646108,-0.373693,0.0,0.0,0.563056,0.77355,-0.405521,0.0,0.0,0.303748,0.328278,-0.233941,0.0,0.0,0.355442,0.560803,-0.321407,0.0,0.0,0.397725,0.722929,-0.357812,0.0,0.0,0.430933,0.852052,-0.381716,0.0,0.0,0.234224,0.37642,-0.231245,0.0,0.0,0.237057,0.567785,-0.310741,0.0,0.0,0.241451,0.69303,-0.344844,0.0,0.0,0.252567,0.799964,-0.36673,0.0,0.0
v6.mp4,7c99d4d53a4894f3458813770693367ec44e61fa708e6d502318c6a45f04ff2d,1920,1080,12.07,178,14.75,84,7000,Right,0.864146,0.197268,0.084095,1e-06,0.0,0.0,0.327076,0.052305,-0.024989,0.0,0.0,0.445879,0.085433,-0.065546,0.0,0.0,0.53599,0.154865,-0.096281,0.0,0.0,0.612119,0.21869,-0.129727,0.0,0.0,0.435961,0.179491,-0.171682,0.0,0.0,0.547592,0.367591,-0.23853,0.0,0.0,0.61107,0.49122,-0.271206,0.0,0.0,0.658119,0.591354,-0.292888,0.0,0.0,0.370272,0.255322,-0.187544,0.0,0.0,0.467433,0.480895,-0.265366,0.0,0.0,0.523451,0.645564,-0.299953,0.0,0.0,0.560121,0.775545,-0.324263,0.0,0.0,0.298847,0.316518,-0.195568,0.0,0.0,0.354852,0.549742,-0.267609,0.0,0.0,0.395341,0.713944,-0.297537,0.0,0.0,0.428499,0.847041,-0.316807,0.0,0.0,0.228601,0.359952,-0.199738,0.0,0.0,0.237147,0.554003,-0.268963,0.0,0.0,0.241091,0.678312,-0.296328,0.0,0.0,0.248173,0.786744,-0.312161,0.0,0.0
v6.mp4,7c99d4d53a4894f3458813770693367ec44e61fa708e6d502318c6a45f04ff2d,1920,1080,12.07,178,14.75,85,7083,Right,0.894091,0.202299,0.093058,1e-06,0.0,0.0,0.342048,0.070087,-0.017788,0.0,0.0,0.454436,0.095074,-0.067564,0.0,0.0,0.53709,0.160586,-0.104587,0.0,0.0,0.619548,0.226085,-0.14395,0.0,0.0,0.442505,0.181627,-0.227233,0.0,0.0,0.551304,0.360937,-0.308584,0.0,0.0,0.618527,0.481735,-0.342949,0.0,0.0,0.667145,0.579427,-0.365011,0.0,0.0,0.374988,0.260631,-0.245338,0.0,0.0,0.464104,0.477778,-0.355395,0.0,0.0,0.523176,0.641331,-0.402832,0.0,0.0,0.562788,0.77312,-0.435563,0.0,0.0,0.304968,0.326425,-0.248727,0.0,0.0,0.353878,0.553459,-0.346466,0.0,0.0,0.396258,0.716253,-0.386761,0.0,0.0,0.427808,0.84761,-0.411215,0.0,0.0,0.236982,0.381074,-0.24411,0.0,0.0,0.23986,0.565728,-0.327709,0.0,0.0,0.242307,0.690578,-0.363517,0.0,0.0,0.251728,0.795391,-0.386356,0.0,0.0
v6.mp4,7c99d4d53a4894f3458813770693367ec44e61fa708e6d502318c6a45f04ff2d,1920,1080,12.07,178,14.75,86,7166,Right,0.889316,0.201915,0.092789,1e-06,0.0,0.0,0.337443,0.065357,-0.023162,0.0,0.0,0.450829,0.093675,-0.071542,0.0,0.0,0.535653,0.164172,-0.107938,0.0,0.0,0.617952,0.226003,-0.146776,0.0,0.0,0.436882,0.181308,-0.21099,0.0,0.0,0.547266,0.360445,-0.288121,0.0,0.0,0.614052,0.47626,-0.322331,0.0,0.0,0.663675,0.570979,-0.344917,0.0,0.0,0.371723,0.259902,-0.228268,0.0,0.0,0.462478,0.47997,-0.330981,0.0,0.0,0.523082,0.6428,-0.379131,0.0,0.0,0.56383,0.774716,-0.412773,0.0,0.0,0.302467,0.324901,-0.232944,0.0,0.0,0.351888,0.551006,-0.324121,0.0,0.0,0.395343,0.713876,-0.36461,0.0,0.0,0.429077,0.847643,-0.390342,0.0,0.0,0.23454,0.377245,-0.231218,0.0,0.0,0.23908,0.561934,-0.311802,0.0,0.0,0.242152,0.687555,-0.347126,0.0,0.0,0.251798,0.794847,-0.369637,0.0,0.0
v6.mp4,7c99d4d53a4894f3458813770693367ec44e61fa708e6d502318c6a45f04ff2d,1920,1080,12.07,178,14.75,87,7250,Right,0.935027,0.204454,0.091977,1e-06,0.0,0.0,0.343345,0.076555,-0.007565,0.0,0.0,0.457701,0.090243,-0.057342,0.0,0.0,0.540388,0.151772,-0.095302,0.0,0.0,0.623029,0.216982,-0.136834,0.0,0.0,0.445797,0.180332,-0.243652,0.0,0.0,0.547371,0.274598,-0.336967,0.0,0.0,0.620326,0.33303,-0.383939,0.0,0.0,0.681222,0.378786,-0.417895,0.0,0.0,0.378882,0.270049,-0.267128,0.0,0.0,0.462337,0.483121,-0.398149,0.0,0.0,0.519054,0.63796,-0.469012,0.0,0.0,0.557575,0.766206,-0.521212,0.0,0.0,0.310126,0.33742,-0.27134,0.0,0.0,0.349744,0.55611,-0.385858,0.0,0.0,0.392688,0.713176,-0.439524,0.0,0.0,0.423075,0.841797,-0.473725,0.0,0.0,0.246572,0.395269,-0.264213,0.0,0.0,0.246252,0.568664,-0.355041,0.0,0.0,0.244496,0.68777,-0.396162,0.0,0.0,0.252685,0.784472,-0.425563,0.0,0.0
v6.mp4,7c99d4d53a4894f3458813770693367ec44e61fa708e6d502318c6a45f04ff2d,1920,1080,12.07,178,14.75,88,7333,Right,0.914086,0.206864,0.103792,1e-06,0.0,0.0,0.339961,0.082279,-0.026059,0.0,0.0,0.45441,0.090369,-0.088315,0.0,0.0,0.533049,0.153322,-0.133559,0.0,0.0,0.607885,0.227555,-0.183441,0.0,0.0,0.433123,0.167909,-0.285959,0.0,0.0,0.523297,0.224628,-0.401954,0.0,0.0,0.593751,0.276112,-0.471367,0.0,0.0,0.656811,0.320011,-0.521022,0.0,0.0,0.371088,0.264992,-0.301231,0.0,0.0,0.456655,0.460549,-0.443918,0.0,0.0,0.513379,0.615892,-0.525737,0.0,0.0,0.556333,0.749092,-0.588829,0.0,0.0,0.310247,0.342606,-0.297768,0.0,0.0,0.350202,0.552907,-0.42155,0.0,0.0,0.393834,0.713585,-0.486444,0.0,0.0,0.419835,0.842704,-0.530628,0.0,0.0,0.25498,0.409985,-0.283807,0.0,0.0,0.247802,0.585967,-0.383639,0.0,0.0,0.243202,0.702217,-0.435629,0.0,0.0,0.248326,0.798219,-0.47507,0.0,0.0
v6.mp4,7c99d4d53a4894f3458813770693367ec44e61fa708e6d502318c6a45f04ff2d,1920,1080,12.07,178,14.75,89,7416,Right,0.918856,0.208562,0.101282,1e-06,0.0,0.0,0.349096,0.084263,-0.025906,0.0,0.0,0.461752,0.104985,-0.091249,0.0,0.0,0.53842,0.170862,-0.139532,0.0,0.0,0.610394,0.238739,-0.192376,0.0,0.0,0.437097,0.17736,-0.299322,0.0,0.0,0.525935,0.226826,-0.418991,0.0,0.0,0.593365,0.278173,-0.48628,0.0,0.0,0.651568,0.322643,-0.533057,0.0,0.0,0.371625,0.275165,-0.3164,0.0,0.0,0.454368,0.46747,-0.471714,0.0,0.0,0.514441,0.623189,-0.559713,0.0,0.0,0.560736,0.760034,-0.625403,0.0,0.0,0.309374,0.350129,-0.313071,0.0,0.0,0.34792,0.553472,-0.451323,0.0,0.0,0.391785,0.711528,-0.524405,0.0,0.0,0.417335,0.842983,-0.571146,0.0,0.0,0.253199,0.413754,-0.29759,0.0,0.0,0.247394,0.584033,-0.403504,0.0,0.0,0.242951,0.702538,-0.458689,0.0,0.0,0.245136,0.802167,-0.500078,0.0,0.0
v6.mp4,7c99d4d53a4894f3458813770693367ec44e61fa708e6d502318c6a45f04ff2d,1920,1080,12.07,178,14.75,90,7500,Right,0.913895,0.21212,0.096951,1e-06,0.0,0.0,0.348129,0.07635,-0.031759,0.0,0.0,0.461598,0.091668,-0.096344,0.0,0.0,0.540815,0.158692,-0.14227,0.0,0.0,0.617766,0.22786,-0.192134,0.0,0.0,0.43276,0.168785,-0.296491,0.0,0.0,0.51776,0.230507,-0.414648,0.0,0.0,0.583668,0.292,-0.482068,0.0,0.0,0.641498,0.347644,-0.529299,0.0,0.0,0.368705,0.269989,-0.308723,0.0,0.0,0.451395,0.467496,-0.458411,0.0,0.0,0.510677,0.623917,-0.54289,0.0,0.0,0.556593,0.763067,-0.606841,0.0,0.0,0.308903,0.348811,-0.301769,0.0,0.0,0.347365,0.554496,-0.432445,0.0,0.0,0.391519,0.712403,-0.501673,0.0,0.0,0.416795,0.84269,-0.547381,0.0,0.0,0.254325,0.414716,-0.283999,0.0,0.0,0.248475,0.584688,-0.387396,0.0,0.0,0.243806,0.700298,-0.442803,0.0,0.0,0.247258,0.798357,-0.484618,0.0,0.0
v6.mp4,7c99d4d53a4894f3458813770693367ec44e61fa708e6d502318c6a45f04ff2d,1920,1080,12.07,178,14.75,91,7583,Right,0.917997,0.203366,0.091174,1e-06,0.0,0.0,0.33414,0.067397,-0.03415,0.0,0.0,0.454742,0.086038,-0.08859,0.0,0.0,0.541284,0.150431,-0.128334,0.0,0.0,0.619395,0.222212,-0.17113,0.0,0.0,0.431259,0.162259,-0.233643,0.0,0.0,0.521514,0.239705,-0.330528,0.0,0.0,0.588189,0.310164,-0.385866,0.0,0.0,0.643754,0.376803,-0.42476,0.0,0.0,0.368503,0.257011,-0.246803,0.0,0.0,0.452917,0.466907,-0.365528,0.0,0.0,0.51141,0.628067,-0.432286,0.0,0.0,0.552976,0.765354,-0.482135,0.0,0.0,0.304975,0.333178,-0.247227,0.0,0.0,0.350012,0.544769,-0.350791,0.0,0.0,0.391222,0.703399,-0.402332,0.0,0.0,0.417863,0.832821,-0.436404,0.0,0.0,0.244573,0.392318,-0.241231,0.0,0.0,0.246301,0.576441,-0.328363,0.0,0.0,0.243502,0.697715,-0.370792,0.0,0.0,0.248177,0.799013,-0.400732,0.0,0.0
v6.mp4,7c99d4d53a4894f3458813770693367ec44e61fa708e6d502318c6a45f04ff2d,1920,1080,12.07,178,14.75,92,7666,Right,0.905332,0.204331,0.093132,2e-06,0.0,0.0,0.339158,0.072925,-0.039098,0.0,0.0,0.455496,0.090909,-0.100241,0.0,0.0,0.539012,0.152221,-0.144197,0.0,0.0,0.620654,0.220475,-0.191528,0.0,0.0,0.435881,0.15987,-0.2585,0.0,0.0,0.53054,0.252135,-0.362251,0.0,0.0,0.596996,0.336373,-0.422003,0.0,0.0,0.650783,0.41521,-0.463827,0.0,0.0,0.369635,0.258726,-0.268862,0.0,0.0,0.454329,0.460006,-0.395122,0.0,0.0,0.513789,0.619449,-0.465962,0.0,0.0,0.557468,0.757261,-0.51989,0.0,0.0,0.304621,0.336461,-0.265076,0.0,0.0,0.349329,0.548186,-0.375977,0.0,0.0,0.393073,0.70803,-0.431967,0.0,0.0,0.420128,0.840994,-0.469701,0.0,0.0,0.245261,0.397727,-0.254106,0.0,0.0,0.246052,0.57646,-0.347749,0.0,0.0,0.244201,0.696601,-0.39443,0.0,0.0,0.249081,0.799699,-0.427985,0.0,0.0
v6.mp4,7c99d4d53a4894f3458813770693367ec44e61fa708e6d502318c6a45f04ff2d,1920,1080,12.07,178,14.75,93,7750,Right,0.935218,0.214752,0.090653,2e-06,0.0,0.0,0.342223,0.0605,-0.038081,0.0,0.0,0.456261,0.08351,-0.090613,0.0,0.0,0.543169,0.152969,-0.127876,0.0,0.0,0.618935,0.227239,-0.167988,0.0,0.0,0.440829,0.182232,-0.216299,0.0,0.0,0.548867,0.326188,-0.302301,0.0,0.0,0.612206,0.449276,-0.349363,0.0,0.0,0.656699,0.560287,-0.380417,0.0,0.0,0.373957,0.274533,-0.22571,0.0,0.0,0.462269,0.480407,-0.321255,0.0,0.0,0.518156,0.642695,-0.368127,0.0,0.0,0.555474,0.777884,-0.402898,0.0,0.0,0.304955,0.339453,-0.22569,0.0,0.0,0.35286,0.553464,-0.312795,0.0,0.0,0.394265,0.713005,-0.352634,0.0,0.0,0.422402,0.847124,-0.379009,0.0,0.0,0.239311,0.380874,-0.22106,0.0,0.0,0.242514,0.565035,-0.301549,0.0,0.0,0.243129,0.68851,-0.33716,0.0,0.0,0.247198,0.796651,-0.360039,0.0,0.0
v6.mp4,7c99d4d53a4894f3458813770693367ec44e61fa708e6d502318c6a45f04ff2d,1920,1080,12.07,178,14.75,94,7833,Right,0.929593,0.209759,0.096671,2e-06,0.0,0.0,0.341738,0.062094,-0.029783,0.0,0.0,0.453508,0.085069,-0.081449,0.0,0.0,0.538615,0.151281,-0.119515,0.0,0.0,0.615289,0.225017,-0.160136,0.0,0.0,0.441802,0.175849,-0.218255,0.0,0.0,0.548595,0.353826,-0.297352,0.0,0.0,0.607133,0.484721,-0.330662,0.0,0.0,0.644602,0.5918,-0.350435,0.0,0.0,0.373032,0.261152,-0.230849,0.0,0.0,0.463771,0.477642,-0.327654,0.0,0.0,0.520228,0.642959,-0.36906,0.0,0.0,0.554827,0.775387,-0.397938,0.0,0.0,0.304079,0.329078,-0.232235,0.0,0.0,0.358216,0.546917,-0.321306,0.0,0.0,0.398905,0.707911,-0.359633,0.0,0.0,0.427115,0.840245,-0.383613,0.0,0.0,0.239758,0.378993,-0.227642,0.0,0.0,0.242804,0.569076,-0.307877,0.0,0.0,0.242859,0.694869,-0.343046,0.0,0.0,0.247924,0.803173,-0.365255,0.0,0.0
v6.mp4,7c99d4d53a4894f3458813770693367ec44e61fa708e6d502318c6a45f04ff2d,1920,1080,12.07,178,14.75,95,7916,Right,0.922129,0.209715,0.098273,2e-06,0.0,0.0,0.345675,0.06809,-0.021308,0.0,0.0,0.455941,0.0885,-0.074692,0.0,0.0,0.537714,0.149849,-0.115121,0.0,0.0,0.612719,0.22329,-0.158679,0.0,0.0,0.44441,0.178167,-0.23041,0.0,0.0,0.550398,0.358963,-0.314954,0.0,0.0,0.607631,0.488609,-0.352338,0.0,0.0,0.643516,0.592999,-0.374439,0.0,0.0,0.374825,0.259292,-0.24618,0.0,0.0,0.46391,0.480338,-0.352121,0.0,0.0,0.521295,0.64637,-0.398106,0.0,0.0,0.555908,0.777285,-0.429853,0.0,0.0,0.304511,0.325341,-0.247815,0.0,0.0,0.355693,0.549434,-0.343477,0.0,0.0,0.398519,0.712885,-0.384064,0.0,0.0,0.429093,0.844325,-0.408728,0.0,0.0,0.238175,0.378638,-0.241389,0.0,0.0,0.24228,0.564253,-0.321118,0.0,0.0,0.243793,0.689734,-0.353236,0.0,0.0,0.250606,0.794363,-0.373669,0.0,0.0
v6.mp4,7c99d4d53a4894f3458813770693367ec44e61fa708e6d502318c6a45f04ff2d,1920,1080,12.07,178,14.75,96,8000,Right,0.913014,0.212616,0.103665,2e-06,0.0,0.0,0.353133,0.076176,-0.018646,0.0,0.0,0.458186,0.094018,-0.074564,0.0,0.0,0.535325,0.154875,-0.114821,0.0,0.0,0.614136,0.221037,-0.158053,0.0,0.0,0.447416,0.183771,-0.25998,0.0,0.0,0.54884,0.36078,-0.348338,0.0,0.0,0.607005,0.490314,-0.382208,0.0,0.0,0.64355,0.591576,-0.401056,0.0,0.0,0.376987,0.266903,-0.273996,0.0,0.0,0.463474,0.484278,-0.386564,0.0,0.0,0.520236,0.64764,-0.428506,0.0,0.0,0.555889,0.778538,-0.457528,0.0,0.0,0.308273,0.33567,-0.271198,0.0,0.0,0.354693,0.557851,-0.373723,0.0,0.0,0.39748,0.7187,-0.41425,0.0,0.0,0.426527,0.850067,-0.43858,0.0,0.0,0.244643,0.393086,-0.25872,0.0,0.0,0.244437,0.574329,-0.344713,0.0,0.0,0.245707,0.699883,-0.380607,0.0,0.0,0.25163,0.806554,-0.404037,0.0,0.0
v6.mp4,7c99d4d53a4894f3458813770693367ec44e61fa708e6d502318c6a45f04ff2d,1920,1080,12.07,178,14.75,97,8083,Right,0.920983,0.214043,0.107102,2e-06,0.0,0.0,0.357102,0.080375,-0.019198,0.0,0.0,0.461644,0.09349,-0.077863,0.0,0.0,0.538619,0.150909,-0.119862,0.0,0.0,0.614887,0.221251,-0.164205,0.0,0.0,0.447857,0.184549,-0.270743,0.0,0.0,0.550981,0.358215,-0.360113,0.0,0.0,0.608577,0.490701,-0.391596,0.0,0.0,0.643167,0.592516,-0.408501,0.0,0.0,0.376214,0.268268,-0.284486,0.0,0.0,0.463445,0.482732,-0.401603,0.0,0.0,0.521389,0.645888,-0.443306,0.0,0.0,0.557418,0.774765,-0.471522,0.0,0.0,0.307429,0.337103,-0.280453,0.0,0.0,0.355641,0.554667,-0.386591,0.0,0.0,0.399655,0.716497,-0.426634,0.0,0.0,0.42941,0.847401,-0.44999,0.0,0.0,0.244568,0.394854,-0.266255,0.0,0.0,0.24469,0.574045,-0.354069,0.0,0.0,0.245819,0.698932,-0.389859,0.0,0.0,0.251411,0.803871,-0.413021,0.0,0.0
v6.mp4,7c99d4d53a4894f3458813770693367ec44e61fa708e6d502318c6a45f04ff2d,1920,1080,12.07,178,14.75,98,8166,Right,0.908308,0.209289,0.098203,2e-06,0.0,0.0,0.341878,0.064604,-0.026284,0.0,0.0,0.453126,0.086302,-0.078068,0.0,0.0,0.53628,0.151224,-0.117055,0.0,0.0,0.610305,0.22267,-0.159188,0.0,0.0,0.439182,0.169224,-0.220693,0.0,0.0,0.547563,0.355974,-0.301675,0.0,0.0,0.606051,0.487632,-0.338067,0.0,0.0,0.643654,0.592213,-0.359725,0.0,0.0,0.369726,0.253715,-0.234943,0.0,0.0,0.461307,0.476731,-0.332172,0.0,0.0,0.519058,0.645614,-0.373877,0.0,0.0,0.554507,0.776466,-0.402673,0.0,0.0,0.300165,0.324472,-0.237219,0.0,0.0,0.355348,0.550881,-0.326194,0.0,0.0,0.398335,0.717257,-0.364294,0.0,0.0,0.430407,0.850584,-0.388011,0.0,0.0,0.235255,0.380838,-0.233033,0.0,0.0,0.241216,0.571305,-0.311505,0.0,0.0,0.243211,0.700468,-0.343701,0.0,0.0,0.248521,0.810672,-0.363493,0.0,0.0
v6.mp4,7c99d4d53a4894f3458813770693367ec44e61fa708e6d502318c6a45f04ff2d,1920,1080,12.07,178,14.75,99,8250,Right,0.916311,0.209386,0.101223,2e-06,0.0,0.0,0.346158,0.068375,-0.02521,0.0,0.0,0.455681,0.08819,-0.079375,0.0,0.0,0.536734,0.150874,-0.119291,0.0,0.0,0.611904,0.226642,-0.161897,0.0,0.0,0.441965,0.179577,-0.236254,0.0,0.0,0.548358,0.356783,-0.321356,0.0,0.0,0.606241,0.486264,-0.358689,0.0,0.0,0.643438,0.590291,-0.380856,0.0,0.0,0.372008,0.261905,-0.250367,0.0,0.0,0.461175,0.480754,-0.354344,0.0,0.0,0.518991,0.646155,-0.398579,0.0,0.0,0.555021,0.776201,-0.42981,0.0,0.0,0.303431,0.329496,-0.250988,0.0,0.0,0.353415,0.553673,-0.345543,0.0,0.0,0.396283,0.715737,-0.387021,0.0,0.0,0.427222,0.846113,-0.413123,0.0,0.0,0.239091,0.384847,-0.244115,0.0,0.0,0.241948,0.571824,-0.325468,0.0,0.0,0.243286,0.69816,-0.360499,0.0,0.0,0.249498,0.803868,-0.383223,0.0,0.0
v6.mp4,7c99d4d53a4894f3458813770693367ec44e61fa708e6d502318c6a45f04ff2d,1920,1080,12.07,178,14.75,100,8333,Right,0.928966,0.211491,0.104592,1e-06,0.0,0.0,0.352654,0.083423,-0.016741,0.0,0.0,0.458481,0.095284,-0.076955,0.0,0.0,0.537693,0.155844,-0.120306,0.0,0.0,0.619167,0.225317,-0.166915,0.0,0.0,0.446301,0.174652,-0.28557,0.0,0.0,0.550086,0.315131,-0.380293,0.0,0.0,0.613868,0.433214,-0.414446,0.0,0.0,0.655462,0.528277,-0.434463,0.0,0.0,0.37786,0.267689,-0.300721,0.0,0.0,0.459526,0.478799,-0.428419,0.0,0.0,0.516171,0.642095,-0.479825,0.0,0.0,0.55174,0.776825,-0.516789,0.0,0.0,0.310686,0.340136,-0.295986,0.0,0.0,0.353007,0.551335,-0.414361,0.0,0.0,0.39871,0.71315,-0.466523,0.0,0.0,0.426402,0.84556,-0.498338,0.0,0.0,0.248276,0.403999,-0.278911,0.0,0.0,0.247991,0.575251,-0.375028,0.0,0.0,0.248915,0.699648,-0.420069,0.0,0.0,0.254843,0.801487,-0.451825,0.0,0.0
v6.mp4,7c99d4d53a4894f3458813770693367ec44e61fa708e6d502318c6a45f04ff2d,1920,1080,12.07,178,14.75,101,8416,Right,0.948834,0.210695,0.094508,1e-06,0.0,0.0,0.344334,0.077248,-0.024649,0.0,0.0,0.457365,0.089738,-0.084731,0.0,0.0,0.540389,0.154538,-0.127737,0.0,0.0,0.622547,0.222532,-0.17402,0.0,0.0,0.443445,0.160447,-0.273172,0.0,0.0,0.547667,0.262071,-0.378367,0.0,0.0,0.616471,0.354513,-0.433839,0.0,0.0,0.666663,0.439626,-0.470811,0.0,0.0,0.376733,0.259736,-0.286842,0.0,0.0,0.457147,0.466553,-0.417851,0.0,0.0,0.514025,0.629348,-0.485427,0.0,0.0,0.550931,0.766713,-0.536308,0.0,0.0,0.310629,0.335405,-0.282714,0.0,0.0,0.350201,0.551718,-0.40255,0.0,0.0,0.395989,0.710044,-0.462385,0.0,0.0,0.423064,0.840259,-0.500846,0.0,0.0,0.250665,0.402237,-0.26764,0.0,0.0,0.247335,0.580522,-0.365568,0.0,0.0,0.244947,0.700024,-0.413185,0.0,0.0,0.250213,0.799309,-0.447234,0.0,0.0
v6.mp4,7c99d4d53a4894f3458813770693367ec44e61fa708e6d502318c6a45f04ff2d,1920,1080,12.07,178,14.75,102,8500,Right,0.933033,0.209194,0.093453,1e-06,0.0,0.0,0.345366,0.079149,-0.024002,0.0,0.0,0.459262,0.093654,-0.080361,0.0,0.0,0.542998,0.152704,-0.121253,0.0,0.0,0.626072,0.216586,-0.165611,0.0,0.0,0.444263,0.168169,-0.257284,0.0,0.0,0.542972,0.253167,-0.361134,0.0,0.0,0.612109,0.336217,-0.420208,0.0,0.0,0.666417,0.414319,-0.460764,0.0,0.0,0.377256,0.260293,-0.27204,0.0,0.0,0.455642,0.466316,-0.397913,0.0,0.0,0.511491,0.627399,-0.466653,0.0,0.0,0.54891,0.761716,-0.519017,0.0,0.0,0.310421,0.333664,-0.270406,0.0,0.0,0.353667,0.552281,-0.384459,0.0,0.0,0.39782,0.710363,-0.442736,0.0,0.0,0.423382,0.837068,-0.480965,0.0,0.0,0.25019,0.398123,-0.25886,0.0,0.0,0.245504,0.579913,-0.35376,0.0,0.0,0.244325,0.700032,-0.400603,0.0,0.0,0.250685,0.799213,-0.434,0.0,0.0
v6.mp4,7c99d4d53a4894f3458813770693367ec44e61fa708e6d502318c6a45f04ff2d,1920,1080,12.07,178,14.75,103,8583,Right,0.917971,0.20532,0.093464,1e-06,0.0,0.0,0.340375,0.074776,-0.028838,0.0,0.0,0.456114,0.089945,-0.085444,0.0,0.0,0.540097,0.151062,-0.126048,0.0,0.0,0.621427,0.218366,-0.170063,0.0,0.0,0.438369,0.155914,-0.25528,0.0,0.0,0.529771,0.239914,-0.362651,0.0,0.0,0.596514,0.324496,-0.426169,0.0,0.0,0.649927,0.404831,-0.469997,0.0,0.0,0.373505,0.252888,-0.268474,0.0,0.0,0.45271,0.462668,-0.395744,0.0,0.0,0.509393,0.626004,-0.46792,0.0,0.0,0.549466,0.763887,-0.52322,0.0,0.0,0.309565,0.331161,-0.266495,0.0,0.0,0.353937,0.549531,-0.381472,0.0,0.0,0.396867,0.707927,-0.442075,0.0,0.0,0.42232,0.836543,-0.48232,0.0,0.0,0.251643,0.399146,-0.255519,0.0,0.0,0.248214,0.582601,-0.354352,0.0,0.0,0.244563,0.703888,-0.405537,0.0,0.0,0.249485,0.805892,-0.441859,0.0,0.0
v6.mp4,7c99d4d53a4894f3458813770693367ec44e61fa708e6d502318c6a45f04ff2d,1920,1080,12.07,178,14.75,104,8666,Right,0.933406,0.206792,0.088085,2e-06,0.0,0.0,0.335972,0.063163,-0.042874,0.0,0.0,0.454248,0.09189,-0.09692,0.0,0.0,0.542914,0.156064,-0.13562,0.0,0.0,0.61771,0.232449,-0.17722,0.0,0.0,0.432858,0.154387,-0.219756,0.0,0.0,0.526636,0.246837,-0.314026,0.0,0.0,0.588171,0.34482,-0.37162,0.0,0.0,0.635851,0.439921,-0.411601,0.0,0.0,0.367741,0.250168,-0.228995,0.0,0.0,0.45202,0.466259,-0.334002,0.0,0.0,0.506912,0.634129,-0.393952,0.0,0.0,0.545035,0.773911,-0.43937,0.0,0.0,0.303022,0.328221,-0.229052,0.0,0.0,0.35374,0.553745,-0.322445,0.0,0.0,0.396235,0.713078,-0.369958,0.0,0.0,0.424166,0.841375,-0.402191,0.0,0.0,0.243613,0.385061,-0.224984,0.0,0.0,0.247829,0.578426,-0.308501,0.0,0.0,0.247522,0.70035,-0.349246,0.0,0.0,0.250498,0.804526,-0.376966,0.0,0.0
v6.mp4,7c99d4d53a4894f3458813770693367ec44e61fa708e6d502318c6a45f04ff2d,1920,1080,12.07,178,14.75,105,8750,Right,0.93791,0.20054,0.092537,2e-06,0.0,0.0,0.32755,0.064296,-0.042914,0.0,0.0,0.445426,0.093779,-0.095354,0.0,0.0,0.534746,0.161626,-0.132149,0.0,0.0,0.61475,0.226022,-0.17161,0.0,0.0,0.429001,0.158408,-0.214171,0.0,0.0,0.530231,0.259076,-0.302845,0.0,0.0,0.593489,0.361867,-0.353852,0.0,0.0,0.640849,0.459679,-0.388218,0.0,0.0,0.365231,0.255234,-0.221869,0.0,0.0,0.454995,0.469054,-0.318896,0.0,0.0,0.509874,0.638561,-0.36954,0.0,0.0,0.547104,0.780442,-0.407447,0.0,0.0,0.300832,0.331874,-0.221212,0.0,0.0,0.352328,0.552951,-0.308697,0.0,0.0,0.393821,0.713544,-0.35064,0.0,0.0,0.421057,0.846148,-0.378605,0.0,0.0,0.240446,0.386384,-0.216875,0.0,0.0,0.246826,0.579635,-0.295308,0.0,0.0,0.246601,0.70101,-0.331787,0.0,0.0,0.249683,0.807811,-0.356003,0.0,0.0
v6.mp4,7c99d4d53a4894f3458813770693367ec44e61fa708e6d502318c6a45f04ff2d,1920,1080,12.07,178,14.75,106,8833,Right,0.949528,0.216636,0.102215,2e-06,0.0,0.0,0.348378,0.068545,-0.029296,0.0,0.0,0.4566,0.092822,-0.082703,0.0,0.0,0.539055,0.161911,-0.120398,0.0,0.0,0.610454,0.238793,-0.16092,0.0,0.0,0.444501,0.188234,-0.22774,0.0,0.0,0.551186,0.352447,-0.31287,0.0,0.0,0.60559,0.485962,-0.353517,0.0,0.0,0.637972,0.599688,-0.37687,0.0,0.0,0.375845,0.273531,-0.236663,0.0,0.0,0.464284,0.492128,-0.334059,0.0,0.0,0.519264,0.658477,-0.374545,0.0,0.0,0.55101,0.790433,-0.402602,0.0,0.0,0.305308,0.339566,-0.233297,0.0,0.0,0.354827,0.563198,-0.320008,0.0,0.0,0.397647,0.728242,-0.355787,0.0,0.0,0.425323,0.863079,-0.377729,0.0,0.0,0.239298,0.386555,-0.223404,0.0,0.0,0.242909,0.574641,-0.296607,0.0,0.0,0.244339,0.701361,-0.324903,0.0,0.0,0.24817,0.80942,-0.34226,0.0,0.0
v6.mp4,7c99d4d53a4894f3458813770693367ec44e61fa708e6d502318c6a45f04ff2d,1920,1080,12.07,178,14.75,107,8916,Right,0.931122,0.211346,0.100209,1e-06,0.0,0.0,0.342073,0.069813,-0.026584,0.0,0.0,0.452375,0.096096,-0.077843,0.0,0.0,0.537361,0.161944,-0.115339,0.0,0.0,0.617705,0.23154,-0.155986,0.0,0.0,0.441831,0.187663,-0.222966,0.0,0.0,0.548842,0.352143,-0.306604,0.0,0.0,0.604232,0.481899,-0.344063,0.0,0.0,0.637004,0.593347,-0.365613,0.0,0.0,0.375013,0.273423,-0.23549,0.0,0.0,0.465569,0.483983,-0.336233,0.0,0.0,0.521813,0.648251,-0.380174,0.0,0.0,0.554978,0.782189,-0.410637,0.0,0.0,0.307299,0.342327,-0.235854,0.0,0.0,0.358787,0.560466,-0.329024,0.0,0.0,0.401192,0.71943,-0.371297,0.0,0.0,0.430251,0.850634,-0.397099,0.0,0.0,0.243945,0.394679,-0.229161,0.0,0.0,0.24723,0.580818,-0.309336,0.0,0.0,0.247946,0.704103,-0.344891,0.0,0.0,0.253111,0.81065,-0.367651,0.0,0.0
v6.mp4,7c99d4d53a4894f3458813770693367ec44e61fa708e6d502318c6a45f04ff2d,1920,1080,12.07,178,14.75,108,9000,Right,0.930277,0.207375,0.096165,1e-06,0.0,0.0,0.33234,0.06221,-0.029131,0.0,0.0,0.447702,0.09197,-0.072678,0.0,0.0,0.539763,0.159114,-0.104186,0.0,0.0,0.615417,0.231533,-0.137875,0.0,0.0,0.434919,0.182617,-0.186106,0.0,0.0,0.548432,0.350885,-0.258013,0.0,0.0,0.604766,0.481522,-0.290594,0.0,0.0,0.637987,0.591864,-0.309292,0.0,0.0,0.3698,0.266884,-0.196935,0.0,0.0,0.466763,0.484007,-0.278679,0.0,0.0,0.521938,0.652319,-0.313685,0.0,0.0,0.552898,0.785508,-0.337389,0.0,0.0,0.302066,0.334322,-0.199394,0.0,0.0,0.360402,0.556964,-0.276457,0.0,0.0,0.401173,0.717518,-0.310645,0.0,0.0,0.430395,0.848427,-0.331274,0.0,0.0,0.237198,0.382254,-0.197177,0.0,0.0,0.244699,0.575625,-0.268179,0.0,0.0,0.245941,0.700802,-0.298384,0.0,0.0,0.250213,0.809035,-0.316015,0.0,0.0
v6.mp4,7c99d4d53a4894f3458813770693367ec44e61fa708e6d502318c6a45f04ff2d,1920,1080,12.07,178,14.75,109,9083,Right,0.924377,0.207743,0.094728,1e-06,0.0,0.0,0.336827,0.064638,-0.027096,0.0,0.0,0.450499,0.091373,-0.075079,0.0,0.0,0.539268,0.157831,-0.110978,0.0,0.0,0.613674,0.234091,-0.149405,0.0,0.0,0.439659,0.188148,-0.202043,0.0,0.0,0.549009,0.35577,-0.279899,0.0,0.0,0.604034,0.48444,-0.315433,0.0,0.0,0.636752,0.593989,-0.33626,0.0,0.0,0.374104,0.270255,-0.215192,0.0,0.0,0.466162,0.484373,-0.30794,0.0,0.0,0.52163,0.649975,-0.349617,0.0,0.0,0.553104,0.782985,-0.378312,0.0,0.0,0.305895,0.335963,-0.217907,0.0,0.0,0.360382,0.557951,-0.303384,0.0,0.0,0.401442,0.717112,-0.341465,0.0,0.0,0.429998,0.847377,-0.364706,0.0,0.0,0.240398,0.3839,-0.214831,0.0,0.0,0.245319,0.575987,-0.290081,0.0,0.0,0.245678,0.700399,-0.321944,0.0,0.0,0.250453,0.806711,-0.341338,0.0,0.0
v6.mp4,7c99d4d53a4894f3458813770693367ec44e61fa708e6d502318c6a45f04ff2d,1920,1080,12.07,178,14.75,110,9166,Right,0.913956,0.20832,0.098156,1e-06,0.0,0.0,0.342719,0.066495,-0.02708,0.0,0.0,0.454337,0.086988,-0.079128,0.0,0.0,0.538598,0.155037,-0.117877,0.0,0.0,0.61409,0.237036,-0.159089,0.0,0.0,0.444384,0.196795,-0.221935,0.0,0.0,0.547593,0.357001,-0.307962,0.0,0.0,0.602816,0.482075,-0.348866,0.0,0.0,0.635624,0.59247,-0.373564,0.0,0.0,0.377124,0.281941,-0.23561,0.0,0.0,0.461692,0.489,-0.341862,0.0,0.0,0.518717,0.648912,-0.39336,0.0,0.0,0.552611,0.782071,-0.429924,0.0,0.0,0.309536,0.346344,-0.236826,0.0,0.0,0.356746,0.56281,-0.334267,0.0,0.0,0.39853,0.717493,-0.381199,0.0,0.0,0.426358,0.846658,-0.410301,0.0,0.0,0.245485,0.393376,-0.230782,0.0,0.0,0.247034,0.577079,-0.312869,0.0,0.0,0.246279,0.698114,-0.350299,0.0,0.0,0.250796,0.801387,-0.374744,0.0,0.0
v6.mp4,7c99d4d53a4894f3458813770693367ec44e61fa708e6d502318c6a45f04ff2d,1920,1080,12.07,178,14.75,111,9250,Right,0.862145,0.202781,0.085961,1e-06,0.0,0.0,0.328566,0.048085,-0.029251,0.0,0.0,0.446458,0.081319,-0.064702,0.0,0.0,0.539229,0.154959,-0.091008,0.0,0.0,0.607998,0.239449,-0.118311,0.0,0.0,0.435585,0.191359,-0.145781,0.0,0.0,0.544111,0.349686,-0.210277,0.0,0.0,0.599663,0.473214,-0.243264,0.0,0.0,0.634367,0.583679,-0.263373,0.0,0.0,0.372728,0.276716,-0.158063,0.0,0.0,0.45954,0.476429,-0.229984,0.0,0.0,0.516045,0.629902,-0.26626,0.0,0.0,0.551819,0.7574,-0.291021,0.0,0.0,0.305917,0.339988,-0.165387,0.0,0.0,0.35862,0.555466,-0.23629,0.0,0.0,0.396986,0.708846,-0.270899,0.0,0.0,0.427149,0.838453,-0.291498,0.0,0.0,0.24056,0.378602,-0.169681,0.0,0.0,0.244509,0.572053,-0.238374,0.0,0.0,0.243912,0.694447,-0.267984,0.0,0.0,0.246869,0.802473,-0.283889,0.0,0.0
v6.mp4,7c99d4d53a4894f3458813770693367ec44e61fa708e6d502318c6a45f04ff2d,1920,1080,12.07,178,14.75,112,9333,Right,0.821807,0.212724,0.077811,1e-06,0.0,0.0,0.335725,0.044147,-0.027815,0.0,0.0,0.45333,0.086461,-0.055234,0.0,0.0,0.539949,0.162886,-0.075555,0.0,0.0,0.605171,0.240711,-0.09566,0.0,0.0,0.445479,0.207981,-0.111137,0.0,0.0,0.545069,0.357874,-0.165663,0.0,0.0,0.601084,0.47293,-0.198672,0.0,0.0,0.640343,0.578812,-0.220879,0.0,0.0,0.380109,0.283143,-0.121732,0.0,0.0,0.440465,0.440076,-0.184916,0.0,0.0,0.487529,0.56361,-0.221358,0.0,0.0,0.523527,0.674545,-0.24655,0.0,0.0,0.311003,0.33994,-0.129491,0.0,0.0,0.351201,0.540069,-0.196678,0.0,0.0,0.387585,0.692918,-0.232955,0.0,0.0,0.418785,0.826446,-0.253835,0.0,0.0,0.244531,0.37553,-0.134668,0.0,0.0,0.246822,0.570782,-0.200007,0.0,0.0,0.243898,0.693342,-0.228921,0.0,0.0,0.245539,0.805156,-0.243844,0.0,0.0
v6.mp4,7c99d4d53a4894f3458813770693367ec44e61fa708e6d502318c6a45f04ff2d,1920,1080,12.07,178,14.75,113,9416,Right,0.882891,0.215954,0.082255,1e-06,0.0,0.0,0.339086,0.045346,-0.02603,0.0,0.0,0.456848,0.091351,-0.055202,0.0,0.0,0.543333,0.173934,-0.076347,0.0,0.0,0.614309,0.243449,-0.098067,0.0,0.0,0.449026,0.206854,-0.127011,0.0,0.0,0.549023,0.359251,-0.184949,0.0,0.0,0.603892,0.477074,-0.218412,0.0,0.0,0.641961,0.583034,-0.240803,0.0,0.0,0.382313,0.283171,-0.13891,0.0,0.0,0.438994,0.448701,-0.206147,0.0,0.0,0.483778,0.56733,-0.241917,0.0,0.0,0.517514,0.668918,-0.267126,0.0,0.0,0.311988,0.34028,-0.146829,0.0,0.0,0.348971,0.543006,-0.217544,0.0,0.0,0.385073,0.695429,-0.254041,0.0,0.0,0.414962,0.825455,-0.27572,0.0,0.0,0.24516,0.376917,-0.151265,0.0,0.0,0.247862,0.574214,-0.219435,0.0,0.0,0.243411,0.696605,-0.249436,0.0,0.0,0.243662,0.807207,-0.265838,0.0,0.0
v6.mp4,7c99d4d53a4894f3458813770693367ec44e61fa708e6d502318c6a45f04ff2d,1920,1080,12.07,178,14.75,114,9500,Right,0.866108,0.214497,0.080962,1e-06,0.0,0.0,0.338459,0.045483,-0.024725,0.0,0.0,0.457562,0.091358,-0.052884,0.0,0.0,0.544157,0.174076,-0.073301,0.0,0.0,0.61309,0.243982,-0.094486,0.0,0.0,0.449096,0.207908,-0.126808,0.0,0.0,0.548392,0.357536,-0.187099,0.0,0.0,0.603754,0.475907,-0.223056,0.0,0.0,0.641974,0.582726,-0.246992,0.0,0.0,0.382965,0.28336,-0.139325,0.0,0.0,0.439355,0.447233,-0.208474,0.0,0.0,0.485261,0.56684,-0.245568,0.0,0.0,0.519685,0.66958,-0.271457,0.0,0.0,0.312729,0.340324,-0.147829,0.0,0.0,0.348996,0.54407,-0.220662,0.0,0.0,0.385844,0.696033,-0.258233,0.0,0.0,0.417021,0.826356,-0.280171,0.0,0.0,0.245328,0.376828,-0.152672,0.0,0.0,0.246387,0.577222,-0.222687,0.0,0.0,0.24188,0.699625,-0.253515,0.0,0.0,0.242037,0.810782,-0.270145,0.0,0.0
v6.mp4,7c99d4d53a4894f3458813770693367ec44e61fa708e6d502318c6a45f04ff2d,1920,1080,12.07,178,14.75,115,9583,Right,0.881469,0.21447,0.080995,1e-06,0.0,0.0,0.337651,0.044512,-0.025629,0.0,0.0,0.457241,0.089189,-0.052184,0.0,0.0,0.544011,0.173072,-0.07113,0.0,0.0,0.613867,0.243869,-0.09026,0.0,0.0,0.449708,0.20855,-0.116631,0.0,0.0,0.547962,0.359184,-0.17197,0.0,0.0,0.602893,0.475614,-0.205084,0.0,0.0,0.641562,0.581209,-0.227391,0.0,0.0,0.382291,0.284719,-0.127986,0.0,0.0,0.438658,0.448827,-0.191308,0.0,0.0,0.484381,0.571124,-0.226995,0.0,0.0,0.520135,0.678646,-0.252258,0.0,0.0,0.311603,0.341333,-0.135927,0.0,0.0,0.348516,0.54372,-0.203834,0.0,0.0,0.384245,0.696079,-0.239827,0.0,0.0,0.415465,0.828025,-0.260935,0.0,0.0,0.244248,0.37642,-0.140736,0.0,0.0,0.247093,0.575858,-0.206922,0.0,0.0,0.242471,0.698452,-0.235966,0.0,0.0,0.242667,0.810222,-0.251339,0.0,0.0
v6.mp4,7c99d4d53a4894f3458813770693367ec44e61fa708e6d502318c6a45f04ff2d,1920,1080,12.07,178,14.75,116,9666,Right,0.915587,0.215852,0.10168,1e-06,0.0,0.0,0.355572,0.080018,-0.023778,0.0,0.0,0.462222,0.105781,-0.08103,0.0,0.0,0.542114,0.169938,-0.12355,0.0,0.0,0.618197,0.23871,-0.17016,0.0,0.0,0.449853,0.184721,-0.255894,0.0,0.0,0.547122,0.355256,-0.348987,0.0,0.0,0.604053,0.488684,-0.38904,0.0,0.0,0.639413,0.597051,-0.411616,0.0,0.0,0.38097,0.272736,-0.268097,0.0,0.0,0.463757,0.470711,-0.381434,0.0,0.0,0.517157,0.62695,-0.428417,0.0,0.0,0.547165,0.75588,-0.462197,0.0,0.0,0.312613,0.342066,-0.265017,0.0,0.0,0.357784,0.550115,-0.372011,0.0,0.0,0.397861,0.710209,-0.419325,0.0,0.0,0.419717,0.842436,-0.44814,0.0,0.0,0.250239,0.398408,-0.25236,0.0,0.0,0.251195,0.582873,-0.343111,0.0,0.0,0.247921,0.711745,-0.384704,0.0,0.0,0.248993,0.820889,-0.412775,0.0,0.0
v6.mp4,7c99d4d53a4894f3458813770693367ec44e61fa708e6d502318c6a45f04ff2d,1920,1080,12.07,178,14.75,117,9750,Right,0.924788,0.21071,0.099095,1e-06,0.0,0.0,0.338995,0.063554,-0.029127,0.0,0.0,0.453437,0.096477,-0.07336,0.0,0.0,0.541527,0.167351,-0.105517,0.0,0.0,0.612292,0.241885,-0.13996,0.0,0.0,0.436262,0.176007,-0.189548,0.0,0.0,0.547043,0.354304,-0.261242,0.0,0.0,0.603351,0.485707,-0.294434,0.0,0.0,0.638061,0.594721,-0.314011,0.0,0.0,0.368209,0.263053,-0.200424,0.0,0.0,0.459899,0.477111,-0.282707,0.0,0.0,0.5149,0.637494,-0.318977,0.0,0.0,0.547301,0.763166,-0.344287,0.0,0.0,0.299634,0.333875,-0.20226,0.0,0.0,0.356241,0.557969,-0.278959,0.0,0.0,0.398132,0.717444,-0.312767,0.0,0.0,0.42875,0.845847,-0.333839,0.0,0.0,0.236247,0.384807,-0.199337,0.0,0.0,0.24466,0.581543,-0.270548,0.0,0.0,0.245511,0.709234,-0.300042,0.0,0.0,0.249335,0.818012,-0.317329,0.0,0.0
v6.mp4,7c99d4d53a4894f3458813770693367ec44e61fa708e6d502318c6a45f04ff2d,1920,1080,12.07,178,14.75,118,9833,Right,0.927547,0.20848,0.098785,2e-06,0.0,0.0,0.33987,0.066529,-0.025521,0.0,0.0,0.453692,0.098889,-0.072612,0.0,0.0,0.541152,0.166844,-0.107749,0.0,0.0,0.612356,0.24098,-0.145524,0.0,0.0,0.437539,0.163184,-0.204274,0.0,0.0,0.548454,0.346663,-0.280737,0.0,0.0,0.6054,0.482757,-0.314817,0.0,0.0,0.639366,0.594456,-0.334707,0.0,0.0,0.369597,0.250391,-0.217067,0.0,0.0,0.463037,0.467197,-0.307932,0.0,0.0,0.517967,0.633398,-0.346905,0.0,0.0,0.549026,0.761882,-0.373965,0.0,0.0,0.301022,0.325581,-0.21892,0.0,0.0,0.358196,0.554168,-0.302342,0.0,0.0,0.399375,0.717623,-0.337585,0.0,0.0,0.428202,0.845768,-0.359221,0.0,0.0,0.237833,0.382994,-0.214901,0.0,0.0,0.245851,0.579837,-0.289719,0.0,0.0,0.246855,0.708061,-0.320583,0.0,0.0,0.250482,0.814009,-0.339167,0.0,0.0
v6.mp4,7c99d4d53a4894f3458813770693367ec44e61fa708e6d502318c6a45f04ff2d,1920,1080,12.07,178,14.75,119,9916,Right,0.908589,0.20869,0.104256,2e-06,0.0,0.0,0.343537,0.071531,-0.031506,0.0,0.0,0.453889,0.099415,-0.084847,0.0,0.0,0.53634,0.165547,-0.123748,0.0,0.0,0.610572,0.240016,-0.164896,0.0,0.0,0.436446,0.173056,-0.228621,0.0,0.0,0.546576,0.349615,-0.311631,0.0,0.0,0.60149,0.481389,-0.349327,0.0,0.0,0.635436,0.591184,-0.371803,0.0,0.0,0.367321,0.258663,-0.239363,0.0,0.0,0.455507,0.472939,-0.341366,0.0,0.0,0.513871,0.635004,-0.38766,0.0,0.0,0.550361,0.762093,-0.420282,0.0,0.0,0.299943,0.331386,-0.237692,0.0,0.0,0.35128,0.558594,-0.329237,0.0,0.0,0.395183,0.720545,-0.371187,0.0,0.0,0.426451,0.849117,-0.397603,0.0,0.0,0.238222,0.390323,-0.229776,0.0,0.0,0.24464,0.583815,-0.309783,0.0,0.0,0.245941,0.712156,-0.345139,0.0,0.0,0.250488,0.818812,-0.367544,0.0,0.0
v6.mp4,7c99d4d53a4894f3458813770693367ec44e61fa708e6d502318c6a45f04ff2d,1920,1080,12.07,178,14.75,120,10000,Right,0.918649,0.207542,0.10258,1e-06,0.0,0.0,0.339917,0.069815,-0.03126,0.0,0.0,0.45334,0.098018,-0.082046,0.0,0.0,0.538475,0.163407,-0.11865,0.0,0.0,0.609359,0.244728,-0.157432,0.0,0.0,0.437849,0.176957,-0.219877,0.0,0.0,0.547304,0.344267,-0.30269,0.0,0.0,0.603023,0.477027,-0.342717,0.0,0.0,0.637002,0.588625,-0.366907,0.0,0.0,0.368076,0.259899,-0.230217,0.0,0.0,0.458262,0.468484,-0.328466,0.0,0.0,0.514663,0.631563,-0.373737,0.0,0.0,0.548923,0.759674,-0.406,0.0,0.0,0.300125,0.331678,-0.229108,0.0,0.0,0.353718,0.55612,-0.317572,0.0,0.0,0.396726,0.7157,-0.358339,0.0,0.0,0.426362,0.842349,-0.384164,0.0,0.0,0.238697,0.387964,-0.222134,0.0,0.0,0.245653,0.580833,-0.299905,0.0,0.0,0.246478,0.704958,-0.334307,0.0,0.0,0.250409,0.807581,-0.356145,0.0,0.0
v6.mp4,7c99d4d53a4894f3458813770693367ec44e61fa708e6d502318c6a45f04ff2d,1920,1080,12.07,178,14.75,121,10083,Right,0.927393,0.206696,0.090509,1e-06,0.0,0.0,0.331007,0.052843,-0.026852,0.0,0.0,0.447641,0.088027,-0.064633,0.0,0.0,0.538548,0.159745,-0.091796,0.0,0.0,0.608809,0.238697,-0.120525,0.0,0.0,0.434008,0.180677,-0.162328,0.0,0.0,0.546539,0.348597,-0.226079,0.0,0.0,0.601896,0.476677,-0.256977,0.0,0.0,0.635959,0.585834,-0.275366,0.0,0.0,0.367391,0.265468,-0.173328,0.0,0.0,0.458328,0.477486,-0.243461,0.0,0.0,0.513473,0.636183,-0.276108,0.0,0.0,0.547047,0.761597,-0.299137,0.0,0.0,0.29887,0.332382,-0.177183,0.0,0.0,0.354833,0.559815,-0.24481,0.0,0.0,0.395604,0.718295,-0.2772,0.0,0.0,0.426277,0.846264,-0.297368,0.0,0.0,0.234133,0.37896,-0.176999,0.0,0.0,0.244335,0.576981,-0.241401,0.0,0.0,0.244996,0.701906,-0.268161,0.0,0.0,0.247725,0.808497,-0.283048,0.0,0.0
v6.mp4,7c99d4d53a4894f3458813770693367ec44e61fa708e6d502318c6a45f04ff2d,1920,1080,12.07,178,14.75,122,10166,Right,0.907566,0.202198,0.087649,1e-06,0.0,0.0,0.333435,0.052881,-0.028497,0.0,0.0,0.449578,0.089309,-0.07175,0.0,0.0,0.538132,0.163252,-0.102132,0.0,0.0,0.612044,0.239316,-0.134849,0.0,0.0,0.439146,0.184382,-0.193604,0.0,0.0,0.545301,0.349238,-0.267529,0.0,0.0,0.601696,0.478098,-0.302464,0.0,0.0,0.637663,0.59024,-0.323711,0.0,0.0,0.371732,0.272634,-0.203839,0.0,0.0,0.460168,0.476729,-0.291991,0.0,0.0,0.514612,0.633901,-0.33229,0.0,0.0,0.547241,0.762346,-0.360799,0.0,0.0,0.303717,0.341451,-0.204386,0.0,0.0,0.354056,0.561996,-0.284843,0.0,0.0,0.39503,0.71807,-0.321061,0.0,0.0,0.423616,0.846831,-0.343663,0.0,0.0,0.240412,0.387142,-0.199886,0.0,0.0,0.248019,0.582462,-0.273551,0.0,0.0,0.248399,0.705616,-0.305849,0.0,0.0,0.252162,0.812014,-0.325456,0.0,0.0
v6.mp4,7c99d4d53a4894f3458813770693367ec44e61fa708e6d502318c6a45f04ff2d,1920,1080,12.07,178,14.75,123,10250,Right,0.911787,0.201426,0.090589,1e-06,0.0,0.0,0.333069,0.055773,-0.027204,0.0,0.0,0.449823,0.090843,-0.071147,0.0,0.0,0.539504,0.163476,-0.102573,0.0,0.0,0.612483,0.241738,-0.136452,0.0,0.0,0.439063,0.183805,-0.194134,0.0,0.0,0.545407,0.348361,-0.26984,0.0,0.0,0.602086,0.478335,-0.306065,0.0,0.0,0.637957,0.58975,-0.327907,0.0,0.0,0.372112,0.270513,-0.205459,0.0,0.0,0.46084,0.478586,-0.291559,0.0,0.0,0.513758,0.636999,-0.329504,0.0,0.0,0.54544,0.76482,-0.356829,0.0,0.0,0.303474,0.33803,-0.207483,0.0,0.0,0.354934,0.5595,-0.287479,0.0,0.0,0.39449,0.716646,-0.323053,0.0,0.0,0.421947,0.845095,-0.345472,0.0,0.0,0.238471,0.38324,-0.204276,0.0,0.0,0.247001,0.57854,-0.277415,0.0,0.0,0.247982,0.702421,-0.30927,0.0,0.0,0.252352,0.809474,-0.328938,0.0,0.0
v6.mp4,7c99d4d53a4894f3458813770693367ec44e61fa708e6d502318c6a45f04ff2d,1920,1080,12.07,178,14.75,124,10333,Right,0.847714,0.201094,0.082026,1e-06,0.0,0.0,0.329548,0.047713,-0.026577,0.0,0.0,0.446728,0.084345,-0.060477,0.0,0.0,0.53739,0.159301,-0.085414,0.0,0.0,0.608005,0.237131,-0.111563,0.0,0.0,0.433984,0.190835,-0.143616,0.0,0.0,0.540214,0.352585,-0.20592,0.0,0.0,0.599362,0.471344,-0.237993,0.0,0.0,0.639367,0.576578,-0.258214,0.0,0.0,0.369711,0.27576,-0.156153,0.0,0.0,0.44805,0.482201,-0.22757,0.0,0.0,0.500748,0.635403,-0.2639,0.0,0.0,0.535974,0.762554,-0.289079,0.0,0.0,0.303025,0.338246,-0.163234,0.0,0.0,0.351549,0.557367,-0.234083,0.0,0.0,0.38973,0.711694,-0.269501,0.0,0.0,0.420744,0.840816,-0.290778,0.0,0.0,0.238864,0.376927,-0.1668,0.0,0.0,0.245353,0.570587,-0.234553,0.0,0.0,0.245929,0.693447,-0.264214,0.0,0.0,0.249278,0.801604,-0.280633,0.0,0.0
v6.mp4,7c99d4d53a4894f3458813770693367ec44e61fa708e6d502318c6a45f04ff2d,1920,1080,12.07,178,14.75,125,10416,Right,0.901638,0.204716,0.086676,1e-06,0.0,0.0,0.338098,0.046992,-0.033333,0.0,0.0,0.456104,0.089524,-0.076934,0.0,0.0,0.544743,0.167378,-0.108111,0.0,0.0,0.621973,0.238604,-0.142063,0.0,0.0,0.443799,0.173693,-0.193129,0.0,0.0,0.556001,0.305715,-0.271126,0.0,0.0,0.626836,0.399802,-0.315064,0.0,0.0,0.680534,0.490432,-0.345948,0.0,0.0,0.376688,0.269676,-0.202938,0.0,0.0,0.439465,0.433253,-0.298432,0.0,0.0,0.491896,0.554849,-0.351533,0.0,0.0,0.532572,0.663691,-0.391162,0.0,0.0,0.309169,0.339027,-0.203336,0.0,0.0,0.346909,0.541656,-0.297426,0.0,0.0,0.385469,0.69733,-0.346765,0.0,0.0,0.413691,0.827795,-0.377748,0.0,0.0,0.247235,0.385893,-0.197788,0.0,0.0,0.250892,0.578499,-0.281726,0.0,0.0,0.246741,0.699451,-0.321011,0.0,0.0,0.247835,0.805479,-0.346151,0.0,0.0
v6.mp4,7c99d4d53a4894f3458813770693367ec44e61fa708e6d502318c6a45f04ff2d,1920,1080,12.07,178,14.75,126,10500,Right,0.91715,0.204354,0.094701,1e-06,0.0,0.0,0.342342,0.055894,-0.037029,0.0,0.0,0.458472,0.089508,-0.089764,0.0,0.0,0.539511,0.1621,-0.128197,0.0,0.0,0.615125,0.235175,-0.169348,0.0,0.0,0.441878,0.183831,-0.226614,0.0,0.0,0.55331,0.310698,-0.314698,0.0,0.0,0.626789,0.394562,-0.365627,0.0,0.0,0.685023,0.475205,-0.402287,0.0,0.0,0.373151,0.275,-0.238039,0.0,0.0,0.435715,0.427332,-0.351857,0.0,0.0,0.490325,0.539483,-0.417538,0.0,0.0,0.534927,0.641903,-0.466966,0.0,0.0,0.307297,0.346049,-0.237327,0.0,0.0,0.342933,0.544816,-0.342893,0.0,0.0,0.385887,0.699337,-0.399912,0.0,0.0,0.416834,0.827878,-0.43739,0.0,0.0,0.248435,0.400494,-0.230005,0.0,0.0,0.253269,0.585445,-0.319924,0.0,0.0,0.24976,0.705461,-0.363673,0.0,0.0,0.251624,0.808954,-0.393759,0.0,0.0
v6.mp4,7c99d4d53a4894f3458813770693367ec44e61fa708e6d502318c6a45f04ff2d,1920,1080,12.07,178,14.75,127,10583,Right,0.918728,0.195191,0.095592,1e-06,0.0,0.0,0.329079,0.055412,-0.03295,0.0,0.0,0.45099,0.085842,-0.08575,0.0,0.0,0.540249,0.164333,-0.123616,0.0,0.0,0.618495,0.240016,-0.163722,0.0,0.0,0.430057,0.163393,-0.240032,0.0,0.0,0.54602,0.246465,-0.332848,0.0,0.0,0.622567,0.323212,-0.382063,0.0,0.0,0.680021,0.396883,-0.416295,0.0,0.0,0.365474,0.264993,-0.250725,0.0,0.0,0.428004,0.441081,-0.374659,0.0,0.0,0.481585,0.58009,-0.440687,0.0,0.0,0.519563,0.694396,-0.488544,0.0,0.0,0.304259,0.340152,-0.247647,0.0,0.0,0.338992,0.547434,-0.36388,0.0,0.0,0.384015,0.705541,-0.422613,0.0,0.0,0.416064,0.832936,-0.458041,0.0,0.0,0.250164,0.401224,-0.235862,0.0,0.0,0.25197,0.584316,-0.328161,0.0,0.0,0.250252,0.703787,-0.372185,0.0,0.0,0.253378,0.802586,-0.40213,0.0,0.0
v6.mp4,7c99d4d53a4894f3458813770693367ec44e61fa708e6d502318c6a45f04ff2d,1920,1080,12.07,178,14.75,128,10666,Right,0.856479,0.203314,0.10963,1e-06,0.0,0.0,0.327179,0.065386,-0.03151,0.0,0.0,0.428087,0.093494,-0.090128,0.0,0.0,0.487398,0.190891,-0.132803,0.0,0.0,0.527048,0.302406,-0.180274,0.0,0.0,0.435172,0.178098,-0.264772,0.0,0.0,0.54533,0.206548,-0.384613,0.0,0.0,0.621291,0.282464,-0.464613,0.0,0.0,0.677503,0.360361,-0.519279,0.0,0.0,0.372581,0.277296,-0.276374,0.0,0.0,0.437961,0.481941,-0.403137,0.0,0.0,0.485338,0.648962,-0.477612,0.0,0.0,0.517899,0.783886,-0.535487,0.0,0.0,0.310452,0.348898,-0.274442,0.0,0.0,0.346168,0.565782,-0.388774,0.0,0.0,0.386453,0.72183,-0.453356,0.0,0.0,0.41038,0.8455,-0.497006,0.0,0.0,0.256325,0.408942,-0.263716,0.0,0.0,0.247782,0.589383,-0.357864,0.0,0.0,0.244603,0.706851,-0.407018,0.0,0.0,0.246155,0.802374,-0.442883,0.0,0.0
v6.mp4,7c99d4d53a4894f3458813770693367ec44e61fa708e6d502318c6a45f04ff2d,1920,1080,12.07,178,14.75,129,10750,Right,0.899363,0.200225,0.109528,2e-06,0.0,0.0,0.329194,0.082478,-0.020036,0.0,0.0,0.425993,0.122262,-0.074666,0.0,0.0,0.483239,0.215401,-0.117065,0.0,0.0,0.520395,0.324506,-0.164119,0.0,0.0,0.434301,0.174231,-0.244885,0.0,0.0,0.542196,0.202427,-0.354302,0.0,0.0,0.613783,0.284075,-0.423325,0.0,0.0,0.666192,0.371008,-0.470563,0.0,0.0,0.372522,0.259276,-0.264165,0.0,0.0,0.438954,0.468944,-0.3921,0.0,0.0,0.48953,0.644435,-0.464207,0.0,0.0,0.522474,0.786137,-0.516579,0.0,0.0,0.305858,0.330096,-0.269242,0.0,0.0,0.344685,0.555864,-0.38478,0.0,0.0,0.386562,0.716727,-0.446291,0.0,0.0,0.412745,0.839582,-0.48473,0.0,0.0,0.248583,0.395234,-0.264949,0.0,0.0,0.242214,0.58298,-0.360529,0.0,0.0,0.242286,0.704884,-0.408826,0.0,0.0,0.245431,0.8031,-0.441561,0.0,0.0
v6.mp4,7c99d4d53a4894f3458813770693367ec44e61fa708e6d502318c6a45f04ff2d,1920,1080,12.07,178,14.75,130,10833,Right,0.915168,0.213549,0.109743,2e-06,0.0,0.0,0.353104,0.088759,-0.025857,0.0,0.0,0.465393,0.103699,-0.092017,0.0,0.0,0.546051,0.173163,-0.140817,0.0,0.0,0.622146,0.245734,-0.193543,0.0,0.0,0.4453,0.176182,-0.300111,0.0,0.0,0.54754,0.255672,-0.414323,0.0,0.0,0.619694,0.351014,-0.476416,0.0,0.0,0.672841,0.436073,-0.518781,0.0,0.0,0.376792,0.269854,-0.315538,0.0,0.0,0.43605,0.476324,-0.461775,0.0,0.0,0.491401,0.642994,-0.536807,0.0,0.0,0.52707,0.779745,-0.5933,0.0,0.0,0.308479,0.342841,-0.311414,0.0,0.0,0.34384,0.558734,-0.444872,0.0,0.0,0.39151,0.720587,-0.509733,0.0,0.0,0.418269,0.848436,-0.550887,0.0,0.0,0.25021,0.414542,-0.294954,0.0,0.0,0.247483,0.587811,-0.398247,0.0,0.0,0.244934,0.711742,-0.447034,0.0,0.0,0.246493,0.81204,-0.483051,0.0,0.0
v6.mp4,7c99d4d53a4894f3458813770693367ec44e61fa708e6d502318c6a45f04ff2d,1920,1080,12.07,178,14.75,131,10916,Right,0.930297,0.210849,0.094097,1e-06,0.0,0.0,0.338684,0.062551,-0.035825,0.0,0.0,0.455503,0.092827,-0.087715,0.0,0.0,0.540696,0.161674,-0.125054,0.0,0.0,0.615759,0.23944,-0.166726,0.0,0.0,0.439854,0.166169,-0.224299,0.0,0.0,0.542474,0.273204,-0.312791,0.0,0.0,0.609312,0.372168,-0.361796,0.0,0.0,0.656923,0.466429,-0.395475,0.0,0.0,0.372363,0.259733,-0.235199,0.0,0.0,0.438704,0.479766,-0.340364,0.0,0.0,0.488091,0.647839,-0.396471,0.0,0.0,0.521035,0.784695,-0.438584,0.0,0.0,0.306572,0.331233,-0.235275,0.0,0.0,0.344512,0.554677,-0.333207,0.0,0.0,0.385802,0.714285,-0.384615,0.0,0.0,0.415236,0.844006,-0.418652,0.0,0.0,0.246716,0.387163,-0.229008,0.0,0.0,0.24816,0.575082,-0.314477,0.0,0.0,0.248429,0.697154,-0.356951,0.0,0.0,0.252011,0.800262,-0.38657,0.0,0.0
v6.mp4,7c99d4d53a4894f3458813770693367ec44e61fa708e6d502318c6a45f04ff2d,1920,1080,12.07,178,14.75,132,11000,Right,0.938038,0.210882,0.112196,2e-06,0.0,0.0,0.353233,0.091896,-0.017463,0.0,0.0,0.465349,0.104084,-0.079675,0.0,0.0,0.545818,0.165232,-0.123863,0.0,0.0,0.62267,0.238446,-0.171322,0.0,0.0,0.450191,0.166516,-0.301837,0.0,0.0,0.552269,0.258306,-0.41125,0.0,0.0,0.623527,0.357368,-0.463976,0.0,0.0,0.673047,0.442698,-0.499138,0.0,0.0,0.380206,0.266981,-0.315466,0.0,0.0,0.441131,0.468547,-0.461927,0.0,0.0,0.493781,0.637164,-0.533139,0.0,0.0,0.52749,0.77779,-0.586554,0.0,0.0,0.3151,0.342815,-0.307364,0.0,0.0,0.34599,0.549274,-0.440947,0.0,0.0,0.392683,0.711776,-0.505088,0.0,0.0,0.417613,0.842337,-0.545239,0.0,0.0,0.260215,0.415773,-0.2853,0.0,0.0,0.256151,0.587178,-0.38974,0.0,0.0,0.25363,0.711268,-0.441731,0.0,0.0,0.255495,0.812457,-0.480012,0.0,0.0
v6.mp4,7c99d4d53a4894f3458813770693367ec44e61fa708e6d502318c6a45f04ff2d,1920,1080,12.07,178,14.75,133,11083,Right,0.936191,0.21222,0.107931,2e-06,0.0,0.0,0.343132,0.066007,-0.029031,0.0,0.0,0.45439,0.096475,-0.079848,0.0,0.0,0.536501,0.167962,-0.115767,0.0,0.0,0.608282,0.246709,-0.154734,0.0,0.0,0.441748,0.174805,-0.222584,0.0,0.0,0.54438,0.354509,-0.309401,0.0,0.0,0.603657,0.48404,-0.35455,0.0,0.0,0.640937,0.593804,-0.380641,0.0,0.0,0.370486,0.257621,-0.231784,0.0,0.0,0.439161,0.496798,-0.329988,0.0,0.0,0.491126,0.667959,-0.376103,0.0,0.0,0.523617,0.799194,-0.408298,0.0,0.0,0.303404,0.326897,-0.228986,0.0,0.0,0.348971,0.562433,-0.3211,0.0,0.0,0.389854,0.721333,-0.366511,0.0,0.0,0.418638,0.846804,-0.393743,0.0,0.0,0.242259,0.385104,-0.218878,0.0,0.0,0.247831,0.579792,-0.293447,0.0,0.0,0.248063,0.708484,-0.325187,0.0,0.0,0.248324,0.816455,-0.345077,0.0,0.0
v6.mp4,7c99d4d53a4894f3458813770693367ec44e61fa708e6d502318c6a45f04ff2d,1920,1080,12.07,178,14.75,134,11166,Right,0.913696,0.211758,0.110218,1e-06,0.0,0.0,0.346235,0.0795,-0.024939,0.0,0.0,0.457299,0.102117,-0.077557,0.0,0.0,0.535063,0.163918,-0.114372,0.0,0.0,0.605164,0.24513,-0.153637,0.0,0.0,0.445903,0.177546,-0.240552,0.0,0.0,0.543959,0.352465,-0.333007,0.0,0.0,0.603304,0.4826,-0.380011,0.0,0.0,0.639685,0.590621,-0.407312,0.0,0.0,0.371448,0.257862,-0.250301,0.0,0.0,0.438853,0.49387,-0.354108,0.0,0.0,0.488756,0.664742,-0.400895,0.0,0.0,0.522063,0.797981,-0.434978,0.0,0.0,0.304058,0.328413,-0.246261,0.0,0.0,0.34858,0.559939,-0.34405,0.0,0.0,0.389504,0.721998,-0.39226,0.0,0.0,0.417606,0.851715,-0.422066,0.0,0.0,0.244652,0.393011,-0.233383,0.0,0.0,0.245986,0.584982,-0.313484,0.0,0.0,0.245099,0.712649,-0.350032,0.0,0.0,0.247773,0.81922,-0.374406,0.0,0.0
v6.mp4,7c99d4d53a4894f3458813770693367ec44e61fa708e6d502318c6a45f04ff2d,1920,1080,12.07,178,14.75,135,11250,Right,0.89768,0.211152,0.112803,2e-06,0.0,0.0,0.345297,0.075932,-0.025968,0.0,0.0,0.457413,0.099051,-0.076299,0.0,0.0,0.537155,0.163811,-0.111424,0.0,0.0,0.605913,0.247623,-0.148518,0.0,0.0,0.444406,0.18308,-0.226931,0.0,0.0,0.543937,0.355109,-0.316274,0.0,0.0,0.603356,0.483617,-0.363305,0.0,0.0,0.639539,0.590922,-0.390701,0.0,0.0,0.370505,0.263689,-0.235756,0.0,0.0,0.438689,0.497145,-0.334744,0.0,0.0,0.489641,0.668222,-0.379914,0.0,0.0,0.522585,0.799741,-0.412379,0.0,0.0,0.303322,0.332668,-0.232016,0.0,0.0,0.350201,0.564204,-0.324828,0.0,0.0,0.390561,0.72426,-0.369516,0.0,0.0,0.418971,0.850796,-0.396658,0.0,0.0,0.244157,0.393454,-0.220332,0.0,0.0,0.24539,0.587248,-0.296602,0.0,0.0,0.244182,0.714578,-0.329931,0.0,0.0,0.246218,0.820032,-0.351281,0.0,0.0
v6.mp4,7c99d4d53a4894f3458813770693367ec44e61fa708e6d502318c6a45f04ff2d,1920,1080,12.07,178,14.75,136,11333,Right,0.903224,0.210909,0.114388,1e-06,0.0,0.0,0.344362,0.078087,-0.026353,0.0,0.0,0.457019,0.100545,-0.0764,0.0,0.0,0.537056,0.163318,-0.111352,0.0,0.0,0.604665,0.249017,-0.148313,0.0,0.0,0.444293,0.1806,-0.225378,0.0,0.0,0.544361,0.354715,-0.315366,0.0,0.0,0.603241,0.483645,-0.363179,0.0,0.0,0.639265,0.590604,-0.390909,0.0,0.0,0.370073,0.261761,-0.234232,0.0,0.0,0.439163,0.495945,-0.332275,0.0,0.0,0.489541,0.667758,-0.376743,0.0,0.0,0.52255,0.799332,-0.408648,0.0,0.0,0.303147,0.331217,-0.231073,0.0,0.0,0.350332,0.5618,-0.324304,0.0,0.0,0.390568,0.72258,-0.369894,0.0,0.0,0.418995,0.849426,-0.397411,0.0,0.0,0.244523,0.392804,-0.219983,0.0,0.0,0.246512,0.58771,-0.296962,0.0,0.0,0.245079,0.715108,-0.330979,0.0,0.0,0.246675,0.82025,-0.352725,0.0,0.0
v6.mp4,7c99d4d53a4894f3458813770693367ec44e61fa708e6d502318c6a45f04ff2d,1920,1080,12.07,178,14.75,137,11416,Right,0.89554,0.210201,0.111668,1e-06,0.0,0.0,0.343499,0.075946,-0.027096,0.0,0.0,0.456774,0.099469,-0.075901,0.0,0.0,0.537378,0.161604,-0.109749,0.0,0.0,0.604431,0.24851,-0.145419,0.0,0.0,0.44383,0.179127,-0.218368,0.0,0.0,0.543325,0.353383,-0.305967,0.0,0.0,0.602784,0.481607,-0.353397,0.0,0.0,0.640207,0.589028,-0.381152,0.0,0.0,0.369947,0.260535,-0.226199,0.0,0.0,0.440838,0.492453,-0.320033,0.0,0.0,0.490903,0.665286,-0.362625,0.0,0.0,0.523161,0.797554,-0.393264,0.0,0.0,0.302064,0.331244,-0.222502,0.0,0.0,0.35115,0.561988,-0.310653,0.0,0.0,0.391231,0.723007,-0.352894,0.0,0.0,0.419607,0.850134,-0.378555,0.0,0.0,0.242313,0.392241,-0.211587,0.0,0.0,0.245388,0.587131,-0.285169,0.0,0.0,0.244025,0.713483,-0.316578,0.0,0.0,0.245335,0.818417,-0.336166,0.0,0.0
v6.mp4,7c99d4d53a4894f3458813770693367ec44e61fa708e6d502318c6a45f04ff2d,1920,1080,12.07,178,14.75,138,11500,Right,0.874658,0.198775,0.092831,1e-06,0.0,0.0,0.318951,0.059868,-0.028851,0.0,0.0,0.431264,0.069598,-0.072097,0.0,0.0,0.519593,0.096399,-0.104386,0.0,0.0,0.601324,0.10729,-0.139473,0.0,0.0,0.422365,0.188089,-0.179827,0.0,0.0,0.533011,0.355146,-0.258913,0.0,0.0,0.595557,0.479386,-0.304749,0.0,0.0,0.638218,0.58278,-0.332384,0.0,0.0,0.359749,0.269486,-0.190266,0.0,0.0,0.438715,0.494879,-0.26978,0.0,0.0,0.48779,0.661407,-0.306883,0.0,0.0,0.519562,0.792621,-0.332739,0.0,0.0,0.297215,0.333318,-0.193759,0.0,0.0,0.350329,0.559089,-0.272046,0.0,0.0,0.391125,0.715409,-0.310058,0.0,0.0,0.421479,0.842541,-0.332965,0.0,0.0,0.239415,0.382838,-0.192458,0.0,0.0,0.243305,0.582601,-0.262158,0.0,0.0,0.243774,0.706421,-0.290506,0.0,0.0,0.245162,0.813835,-0.306833,0.0,0.0
v6.mp4,7c99d4d53a4894f3458813770693367ec44e61fa708e6d502318c6a45f04ff2d,1920,1080,12.07,178,14.75,139,11583,Right,0.887087,0.190015,0.083145,1e-06,0.0,0.0,0.307425,0.047592,-0.024466,0.0,0.0,0.425551,0.06519,-0.062865,0.0,0.0,0.521907,0.070651,-0.092402,0.0,0.0,0.601634,0.024379,-0.126302,0.0,0.0,0.420399,0.186609,-0.164423,0.0,0.0,0.529985,0.351315,-0.232323,0.0,0.0,0.592306,0.475453,-0.266827,0.0,0.0,0.634435,0.582098,-0.288016,0.0,0.0,0.360781,0.271129,-0.177146,0.0,0.0,0.439175,0.486172,-0.249946,0.0,0.0,0.488386,0.65181,-0.282737,0.0,0.0,0.51831,0.787053,-0.306507,0.0,0.0,0.298954,0.333384,-0.18317,0.0,0.0,0.35154,0.555599,-0.257681,0.0,0.0,0.391873,0.712256,-0.294747,0.0,0.0,0.420838,0.841991,-0.317733,0.0,0.0,0.24074,0.376915,-0.184439,0.0,0.0,0.246352,0.577125,-0.252479,0.0,0.0,0.2464,0.701984,-0.282043,0.0,0.0,0.247902,0.810836,-0.300195,0.0,0.0
v6.mp4,7c99d4d53a4894f3458813770693367ec44e61fa708e6d502318c6a45f04ff2d,1920,1080,12.07,178,14.75,140,11666,Right,0.904623,0.184989,0.079772,1e-06,0.0,0.0,0.297099,0.043583,-0.022858,0.0,0.0,0.410698,0.055071,-0.057815,0.0,0.0,0.502489,0.050219,-0.085678,0.0,0.0,0.575789,-0.003122,-0.117828,0.0,0.0,0.417468,0.18211,-0.146045,0.0,0.0,0.529494,0.354005,-0.208088,0.0,0.0,0.591595,0.478103,-0.240025,0.0,0.0,0.633926,0.584559,-0.25971,0.0,0.0,0.358603,0.262232,-0.160148,0.0,0.0,0.441415,0.486013,-0.225971,0.0,0.0,0.489093,0.65367,-0.257684,0.0,0.0,0.518048,0.790721,-0.280393,0.0,0.0,0.296278,0.324106,-0.168546,0.0,0.0,0.353034,0.55642,-0.23558,0.0,0.0,0.391819,0.714193,-0.270427,0.0,0.0,0.42101,0.844319,-0.292421,0.0,0.0,0.237946,0.367906,-0.173214,0.0,0.0,0.244773,0.57221,-0.235987,0.0,0.0,0.245088,0.699092,-0.263289,0.0,0.0,0.24618,0.810223,-0.27948,0.0,0.0
v6.mp4,7c99d4d53a4894f3458813770693367ec44e61fa708e6d502318c6a45f04ff2d,1920,1080,12.07,178,14.75,141,11750,Right,0.911889,0.188558,0.08381,1e-06,0.0,0.0,0.298188,0.044259,-0.022496,0.0,0.0,0.409593,0.055423,-0.054606,0.0,0.0,0.498496,0.057038,-0.079562,0.0,0.0,0.570633,0.01548,-0.108419,0.0,0.0,0.41671,0.1819,-0.139909,0.0,0.0,0.529458,0.356049,-0.199998,0.0,0.0,0.591826,0.478914,-0.231658,0.0,0.0,0.634613,0.585147,-0.251061,0.0,0.0,0.357568,0.26516,-0.152744,0.0,0.0,0.440786,0.488051,-0.215051,0.0,0.0,0.48877,0.655444,-0.246557,0.0,0.0,0.518345,0.79288,-0.269345,0.0,0.0,0.295941,0.328121,-0.160064,0.0,0.0,0.352892,0.558475,-0.224197,0.0,0.0,0.392031,0.715559,-0.259296,0.0,0.0,0.421503,0.845909,-0.281582,0.0,0.0,0.23918,0.370927,-0.163722,0.0,0.0,0.244703,0.572227,-0.224224,0.0,0.0,0.244709,0.697453,-0.250881,0.0,0.0,0.245581,0.80793,-0.266486,0.0,0.0
v6.mp4,7c99d4d53a4894f3458813770693367ec44e61fa708e6d502318c6a45f04ff2d,1920,1080,12.07,178,14.75,142,11833,Right,0.874771,0.191918,0.087683,1e-06,0.0,0.0,0.305057,0.049145,-0.019874,0.0,0.0,0.411673,0.065619,-0.052545,0.0,0.0,0.490671,0.108772,-0.077313,0.0,0.0,0.557858,0.1288,-0.105217,0.0,0.0,0.419427,0.188445,-0.148053,0.0,0.0,0.539102,0.338554,-0.212338,0.0,0.0,0.604976,0.450699,-0.24892,0.0,0.0,0.650924,0.547121,-0.271358,0.0,0.0,0.36057,0.265291,-0.160744,0.0,0.0,0.448768,0.488318,-0.222707,0.0,0.0,0.495267,0.656075,-0.253115,0.0,0.0,0.523204,0.790622,-0.274757,0.0,0.0,0.298218,0.32756,-0.167216,0.0,0.0,0.357534,0.55627,-0.227936,0.0,0.0,0.397258,0.711806,-0.259166,0.0,0.0,0.425707,0.842427,-0.279245,0.0,0.0,0.238209,0.374197,-0.169949,0.0,0.0,0.247533,0.577138,-0.227298,0.0,0.0,0.248803,0.699891,-0.249856,0.0,0.0,0.249549,0.810891,-0.262165,0.0,0.0
v6.mp4,7c99d4d53a4894f3458813770693367ec44e61fa708e6d502318c6a45f04ff2d,1920,1080,12.07,178,14.75,143,11916,Right,0.931403,0.200972,0.101281,2e-06,0.0,0.0,0.330511,0.067314,-0.032711,0.0,0.0,0.447269,0.087272,-0.082059,0.0,0.0,0.53574,0.142423,-0.11907,0.0,0.0,0.607758,0.217964,-0.15829,0.0,0.0,0.430174,0.171923,-0.19902,0.0,0.0,0.540331,0.35175,-0.276658,0.0,0.0,0.600562,0.484227,-0.314932,0.0,0.0,0.638931,0.593943,-0.337501,0.0,0.0,0.363436,0.255434,-0.208555,0.0,0.0,0.447959,0.482051,-0.295919,0.0,0.0,0.497724,0.655729,-0.334206,0.0,0.0,0.525489,0.79101,-0.360639,0.0,0.0,0.296895,0.326435,-0.209138,0.0,0.0,0.357313,0.555174,-0.290485,0.0,0.0,0.396044,0.718858,-0.32498,0.0,0.0,0.422965,0.849814,-0.345904,0.0,0.0,0.236407,0.382141,-0.204953,0.0,0.0,0.248343,0.576895,-0.275845,0.0,0.0,0.248508,0.705168,-0.303679,0.0,0.0,0.250353,0.814942,-0.320183,0.0,0.0
v6.mp4,7c99d4d53a4894f3458813770693367ec44e61fa708e6d502318c6a45f04ff2d,1920,1080,12.07,178,14.75,144,12000,Right,0.911143,0.207808,0.110618,1e-06,0.0,0.0,0.340117,0.079291,-0.030438,0.0,0.0,0.451785,0.086412,-0.08385,0.0,0.0,0.534713,0.137626,-0.122625,0.0,0.0,0.607051,0.216589,-0.163653,0.0,0.0,0.436396,0.186765,-0.226484,0.0,0.0,0.540879,0.359943,-0.317214,0.0,0.0,0.600786,0.486957,-0.365044,0.0,0.0,0.638708,0.592774,-0.392429,0.0,0.0,0.366283,0.268893,-0.234718,0.0,0.0,0.440845,0.490794,-0.331439,0.0,0.0,0.492084,0.659855,-0.373692,0.0,0.0,0.522556,0.792262,-0.40417,0.0,0.0,0.301469,0.3358,-0.231904,0.0,0.0,0.351569,0.556502,-0.324154,0.0,0.0,0.393529,0.714033,-0.367765,0.0,0.0,0.421253,0.840842,-0.394162,0.0,0.0,0.243787,0.394432,-0.221994,0.0,0.0,0.247911,0.584615,-0.297849,0.0,0.0,0.247591,0.711024,-0.330243,0.0,0.0,0.249234,0.817227,-0.350988,0.0,0.0
v6.mp4,7c99d4d53a4894f3458813770693367ec44e61fa708e6d502318c6a45f04ff2d,1920,1080,12.07,178,14.75,145,12083,Right,0.930304,0.208456,0.111948,2e-06,0.0,0.0,0.338782,0.075117,-0.029629,0.0,0.0,0.450757,0.08524,-0.082589,0.0,0.0,0.534171,0.140412,-0.121482,0.0,0.0,0.606247,0.217283,-0.162654,0.0,0.0,0.434268,0.173723,-0.22194,0.0,0.0,0.541563,0.358401,-0.308649,0.0,0.0,0.601131,0.489058,-0.352239,0.0,0.0,0.638126,0.59428,-0.376534,0.0,0.0,0.364493,0.25764,-0.23072,0.0,0.0,0.443168,0.489128,-0.323779,0.0,0.0,0.49319,0.663729,-0.361927,0.0,0.0,0.52122,0.797473,-0.388336,0.0,0.0,0.299535,0.329297,-0.228674,0.0,0.0,0.353653,0.554015,-0.316465,0.0,0.0,0.39421,0.714927,-0.354894,0.0,0.0,0.421077,0.842558,-0.377666,0.0,0.0,0.24217,0.391351,-0.220066,0.0,0.0,0.248493,0.58443,-0.292705,0.0,0.0,0.247728,0.711909,-0.321554,0.0,0.0,0.248157,0.819303,-0.33922,0.0,0.0
v6.mp4,7c99d4d53a4894f3458813770693367ec44e61fa708e6d502318c6a45f04ff2d,1920,1080,12.07,178,14.75,146,12166,Right,0.914346,0.207279,0.109798,2e-06,0.0,0.0,0.336204,0.069741,-0.03283,0.0,0.0,0.449876,0.082626,-0.084485,0.0,0.0,0.534505,0.138343,-0.122274,0.0,0.0,0.604628,0.218856,-0.162083,0.0,0.0,0.433867,0.170485,-0.210555,0.0,0.0,0.540239,0.357713,-0.294261,0.0,0.0,0.599997,0.486923,-0.338237,0.0,0.0,0.638462,0.590864,-0.363437,0.0,0.0,0.363687,0.256519,-0.218139,0.0,0.0,0.442593,0.490073,-0.306561,0.0,0.0,0.494084,0.663978,-0.344953,0.0,0.0,0.524691,0.795597,-0.371625,0.0,0.0,0.297866,0.329183,-0.216003,0.0,0.0,0.353732,0.556167,-0.299777,0.0,0.0,0.395326,0.717231,-0.337668,0.0,0.0,0.424608,0.845167,-0.360312,0.0,0.0,0.239678,0.388848,-0.208157,0.0,0.0,0.24676,0.58426,-0.279061,0.0,0.0,0.246369,0.712148,-0.307084,0.0,0.0,0.247203,0.820929,-0.323651,0.0,0.0
v6.mp4,7c99d4d53a4894f3458813770693367ec44e61fa708e6d502318c6a45f04ff2d,1920,1080,12.07,178,14.75,147,12250,Right,0.90796,0.207837,0.111166,2e-06,0.0,0.0,0.337694,0.071936,-0.03408,0.0,0.0,0.450666,0.083137,-0.088251,0.0,0.0,0.534629,0.138784,-0.127907,0.0,0.0,0.605364,0.220417,-0.169964,0.0,0.0,0.433552,0.175116,-0.221824,0.0,0.0,0.539704,0.356394,-0.310287,0.0,0.0,0.59972,0.484887,-0.357253,0.0,0.0,0.638297,0.589609,-0.384494,0.0,0.0,0.363513,0.260351,-0.229755,0.0,0.0,0.441924,0.489308,-0.32331,0.0,0.0,0.493481,0.661792,-0.364643,0.0,0.0,0.524845,0.794636,-0.394036,0.0,0.0,0.298366,0.331047,-0.227508,0.0,0.0,0.352777,0.555983,-0.31608,0.0,0.0,0.394281,0.715711,-0.357385,0.0,0.0,0.422899,0.843077,-0.382619,0.0,0.0,0.240497,0.389659,-0.219155,0.0,0.0,0.247306,0.583485,-0.293669,0.0,0.0,0.246818,0.710773,-0.324578,0.0,0.0,0.248105,0.818584,-0.343865,0.0,0.0
v6.mp4,7c99d4d53a4894f3458813770693367ec44e61fa708e6d502318c6a45f04ff2d,1920,1080,12.07,178,14.75,148,12333,Right,0.930986,0.207595,0.111554,2e-06,0.0,0.0,0.337032,0.073899,-0.030672,0.0,0.0,0.449665,0.084815,-0.08418,0.0,0.0,0.534016,0.139165,-0.1237,0.0,0.0,0.605733,0.21771,-0.165724,0.0,0.0,0.434135,0.175133,-0.221827,0.0,0.0,0.54204,0.357105,-0.309678,0.0,0.0,0.601503,0.48643,-0.354823,0.0,0.0,0.638632,0.590706,-0.380267,0.0,0.0,0.364633,0.258891,-0.230997,0.0,0.0,0.44367,0.489833,-0.325649,0.0,0.0,0.49463,0.663836,-0.366279,0.0,0.0,0.52382,0.796363,-0.394357,0.0,0.0,0.299331,0.330339,-0.229385,0.0,0.0,0.354015,0.55504,-0.319049,0.0,0.0,0.395189,0.715645,-0.359969,0.0,0.0,0.422949,0.842953,-0.384272,0.0,0.0,0.241422,0.391166,-0.221111,0.0,0.0,0.247714,0.584182,-0.294889,0.0,0.0,0.24745,0.711653,-0.324631,0.0,0.0,0.24875,0.81949,-0.342886,0.0,0.0
v6.mp4,7c99d4d53a4894f3458813770693367ec44e61fa708e6d502318c6a45f04ff2d,1920,1080,12.07,178,14.75,149,12416,Right,0.898125,0.204706,0.110629,2e-06,0.0,0.0,0.332546,0.071043,-0.032571,0.0,0.0,0.4459,0.083028,-0.084868,0.0,0.0,0.532135,0.139538,-0.123141,0.0,0.0,0.603807,0.221092,-0.163659,0.0,0.0,0.430002,0.180663,-0.214944,0.0,0.0,0.538445,0.357394,-0.301685,0.0,0.0,0.599622,0.484494,-0.347872,0.0,0.0,0.639312,0.589617,-0.374699,0.0,0.0,0.362762,0.265738,-0.222948,0.0,0.0,0.441097,0.49152,-0.314273,0.0,0.0,0.492515,0.662114,-0.354649,0.0,0.0,0.523836,0.794739,-0.383258,0.0,0.0,0.299288,0.335172,-0.221024,0.0,0.0,0.353741,0.55881,-0.308096,0.0,0.0,0.395351,0.717256,-0.348867,0.0,0.0,0.424226,0.844195,-0.373588,0.0,0.0,0.242052,0.392468,-0.213027,0.0,0.0,0.2475,0.585573,-0.286802,0.0,0.0,0.246775,0.711792,-0.317505,0.0,0.0,0.248242,0.818826,-0.336377,0.0,0.0
v6.mp4,7c99d4d53a4894f3458813770693367ec44e61fa708e6d502318c6a45f04ff2d,1920,1080,12.07,178,14.75,150,12500,Right,0.910217,0.21151,0.126091,2e-06,0.0,0.0,0.346494,0.092168,-0.022336,0.0,0.0,0.455845,0.098388,-0.081082,0.0,0.0,0.535695,0.148634,-0.123083,0.0,0.0,0.610055,0.222896,-0.168701,0.0,0.0,0.440347,0.197749,-0.266183,0.0,0.0,0.541423,0.368989,-0.362367,0.0,0.0,0.601351,0.495185,-0.407922,0.0,0.0,0.639135,0.593605,-0.433653,0.0,0.0,0.370339,0.282315,-0.276942,0.0,0.0,0.442897,0.502459,-0.383734,0.0,0.0,0.493706,0.664155,-0.427368,0.0,0.0,0.524716,0.790248,-0.460068,0.0,0.0,0.304666,0.349899,-0.271651,0.0,0.0,0.352194,0.566442,-0.375107,0.0,0.0,0.393422,0.720406,-0.424598,0.0,0.0,0.418152,0.843865,-0.456162,0.0,0.0,0.245724,0.407854,-0.255831,0.0,0.0,0.235886,0.586573,-0.340308,0.0,0.0,0.224596,0.705693,-0.377306,0.0,0.0,0.217006,0.80297,-0.402964,0.0,0.0
v6.mp4,7c99d4d53a4894f3458813770693367ec44e61fa708e6d502318c6a45f04ff2d,1920,1080,12.07,178,14.75,151,12583,Right,0.877744,0.206037,0.115285,2e-06,0.0,0.0,0.336163,0.07909,-0.032005,0.0,0.0,0.447679,0.096304,-0.088416,0.0,0.0,0.531381,0.14865,-0.131059,0.0,0.0,0.604334,0.220566,-0.177533,0.0,0.0,0.427653,0.16883,-0.225572,0.0,0.0,0.537117,0.363303,-0.309985,0.0,0.0,0.597864,0.49657,-0.350555,0.0,0.0,0.63651,0.599282,-0.374406,0.0,0.0,0.359657,0.256592,-0.236874,0.0,0.0,0.440621,0.497127,-0.329073,0.0,0.0,0.491081,0.669539,-0.365132,0.0,0.0,0.521933,0.797259,-0.389271,0.0,0.0,0.292941,0.327239,-0.237452,0.0,0.0,0.350207,0.560857,-0.325604,0.0,0.0,0.392679,0.720097,-0.362843,0.0,0.0,0.42558,0.842798,-0.386539,0.0,0.0,0.230624,0.378074,-0.232145,0.0,0.0,0.213228,0.562418,-0.313577,0.0,0.0,0.195794,0.681145,-0.345563,0.0,0.0,0.181588,0.776763,-0.364217,0.0,0.0
v6.mp4,7c99d4d53a4894f3458813770693367ec44e61fa708e6d502318c6a45f04ff2d,1920,1080,12.07,178,14.75,152,12666,Right,0.863765,0.199166,0.109392,2e-06,0.0,0.0,0.326538,0.068703,-0.026069,0.0,0.0,0.445451,0.09451,-0.068695,0.0,0.0,0.53284,0.14808,-0.100264,0.0,0.0,0.601038,0.223548,-0.13535,0.0,0.0,0.422802,0.156374,-0.179216,0.0,0.0,0.535204,0.354836,-0.244829,0.0,0.0,0.595792,0.485422,-0.274971,0.0,0.0,0.634644,0.584545,-0.293923,0.0,0.0,0.35757,0.233777,-0.194013,0.0,0.0,0.445579,0.495001,-0.268015,0.0,0.0,0.493037,0.679748,-0.299702,0.0,0.0,0.519243,0.810599,-0.32032,0.0,0.0,0.289238,0.298114,-0.200403,0.0,0.0,0.353936,0.549563,-0.274295,0.0,0.0,0.394986,0.719284,-0.312479,0.0,0.0,0.428569,0.847941,-0.337805,0.0,0.0,0.223276,0.343755,-0.201688,0.0,0.0,0.205539,0.526198,-0.277079,0.0,0.0,0.18768,0.644633,-0.310164,0.0,0.0,0.171438,0.742836,-0.328856,0.0,0.0
v6.mp4,7c99d4d53a4894f3458813770693367ec44e61fa708e6d502318c6a45f04ff2d,1920,1080,12.07,178,14.75,153,12750,Right,0.850632,0.202598,0.092344,2e-06,0.0,0.0,0.334293,0.061804,-0.028812,0.0,0.0,0.44364,0.08809,-0.077406,0.0,0.0,0.529304,0.141311,-0.115756,0.0,0.0,0.60607,0.211585,-0.157587,0.0,0.0,0.430946,0.168913,-0.187508,0.0,0.0,0.538969,0.357542,-0.266477,0.0,0.0,0.598934,0.487666,-0.310871,0.0,0.0,0.638111,0.597783,-0.341238,0.0,0.0,0.359488,0.240151,-0.205038,0.0,0.0,0.444442,0.478132,-0.291395,0.0,0.0,0.49182,0.661408,-0.335533,0.0,0.0,0.523909,0.809778,-0.368175,0.0,0.0,0.287121,0.29771,-0.214249,0.0,0.0,0.349948,0.530467,-0.293959,0.0,0.0,0.390354,0.69837,-0.334553,0.0,0.0,0.424751,0.83624,-0.363799,0.0,0.0,0.219515,0.33816,-0.219012,0.0,0.0,0.2119,0.475476,-0.294964,0.0,0.0,0.215588,0.575605,-0.329747,0.0,0.0,0.224433,0.671824,-0.352678,0.0,0.0
v6.mp4,7c99d4d53a4894f3458813770693367ec44e61fa708e6d502318c6a45f04ff2d,1920,1080,12.07,178,14.75,154,12833,Right,0.775766,0.200285,0.096481,2e-06,0.0,0.0,0.332573,0.072647,-0.024416,0.0,0.0,0.446236,0.094394,-0.072016,0.0,0.0,0.532086,0.141718,-0.10979,0.0,0.0,0.609396,0.205992,-0.151922,0.0,0.0,0.435492,0.16719,-0.189657,0.0,0.0,0.538237,0.356482,-0.267754,0.0,0.0,0.599105,0.483701,-0.309311,0.0,0.0,0.639652,0.588959,-0.337858,0.0,0.0,0.366076,0.240167,-0.209643,0.0,0.0,0.443607,0.485297,-0.301678,0.0,0.0,0.49118,0.667599,-0.347981,0.0,0.0,0.521715,0.81154,-0.380732,0.0,0.0,0.293184,0.298391,-0.220309,0.0,0.0,0.347696,0.534009,-0.30487,0.0,0.0,0.388828,0.703029,-0.348001,0.0,0.0,0.424338,0.844408,-0.377938,0.0,0.0,0.223806,0.336913,-0.225462,0.0,0.0,0.211703,0.474229,-0.30415,0.0,0.0,0.217504,0.576257,-0.341468,0.0,0.0,0.230191,0.674409,-0.366264,0.0,0.0
v6.mp4,7c99d4d53a4894f3458813770693367ec44e61fa708e6d502318c6a45f04ff2d,1920,1080,12.07,178,14.75,155,12916,Right,0.785551,0.192994,0.094399,2e-06,0.0,0.0,0.323123,0.056475,-0.029341,0.0,0.0,0.441078,0.084156,-0.072589,0.0,0.0,0.530697,0.140946,-0.10561,0.0,0.0,0.606702,0.21154,-0.142881,0.0,0.0,0.427538,0.155748,-0.173763,0.0,0.0,0.536163,0.347776,-0.243109,0.0,0.0,0.596439,0.476159,-0.27883,0.0,0.0,0.635956,0.581507,-0.304044,0.0,0.0,0.360187,0.236136,-0.190239,0.0,0.0,0.443143,0.480781,-0.271672,0.0,0.0,0.492357,0.663586,-0.314625,0.0,0.0,0.523231,0.80605,-0.345682,0.0,0.0,0.288093,0.296861,-0.199431,0.0,0.0,0.344616,0.532536,-0.28003,0.0,0.0,0.387009,0.708371,-0.328599,0.0,0.0,0.423555,0.854649,-0.362543,0.0,0.0,0.218208,0.335121,-0.203497,0.0,0.0,0.203575,0.470508,-0.285431,0.0,0.0,0.20384,0.572955,-0.329082,0.0,0.0,0.209447,0.67221,-0.357666,0.0,0.0
v6.mp4,7c99d4d53a4894f3458813770693367ec44e61fa708e6d502318c6a45f04ff2d,1920,1080,12.07,178,14.75,156,13000,Right,0.767737,0.190001,0.093696,2e-06,0.0,0.0,0.317275,0.054894,-0.023943,0.0,0.0,0.436059,0.088555,-0.059938,0.0,0.0,0.529196,0.145466,-0.087589,0.0,0.0,0.606741,0.210714,-0.11922,0.0,0.0,0.426114,0.144199,-0.151237,0.0,0.0,0.534565,0.336785,-0.213721,0.0,0.0,0.595365,0.468138,-0.244593,0.0,0.0,0.632962,0.575501,-0.265578,0.0,0.0,0.362081,0.222997,-0.168893,0.0,0.0,0.447906,0.473547,-0.240099,0.0,0.0,0.496955,0.66066,-0.27636,0.0,0.0,0.524295,0.805061,-0.301629,0.0,0.0,0.289875,0.285008,-0.180409,0.0,0.0,0.349879,0.525802,-0.254116,0.0,0.0,0.390603,0.704054,-0.298593,0.0,0.0,0.425325,0.851534,-0.328841,0.0,0.0,0.218048,0.326306,-0.186962,0.0,0.0,0.202043,0.469807,-0.264583,0.0,0.0,0.199944,0.57667,-0.304383,0.0,0.0,0.202166,0.67831,-0.328857,0.0,0.0
v6.mp4,7c99d4d53a4894f3458813770693367ec44e61fa708e6d502318c6a45f04ff2d,1920,1080,12.07,178,14.75,157,13083,Left,0.512791,0.186738,0.09149,1e-06,0.0,0.0,0.304044,0.084326,-0.021218,0.0,0.0,0.423296,0.120841,-0.051494,0.0,0.0,0.512578,0.177311,-0.073198,0.0,0.0,0.58534,0.229721,-0.097572,0.0,0.0,0.405284,0.190167,-0.133047,0.0,0.0,0.508744,0.389151,-0.186695,0.0,0.0,0.563915,0.514807,-0.212133,0.0,0.0,0.600559,0.618709,-0.228872,0.0,0.0,0.357917,0.22641,-0.147189,0.0,0.0,0.449873,0.475093,-0.206756,0.0,0.0,0.499455,0.660312,-0.236919,0.0,0.0,0.524969,0.812987,-0.258064,0.0,0.0,0.303992,0.252096,-0.156137,0.0,0.0,0.382434,0.474377,-0.218433,0.0,0.0,0.419727,0.654214,-0.259674,0.0,0.0,0.445876,0.813818,-0.287665,0.0,0.0,0.248735,0.263593,-0.160579,0.0,0.0,0.248088,0.408897,-0.22717,0.0,0.0,0.247765,0.52501,-0.264438,0.0,0.0,0.250238,0.638505,-0.287938,0.0,0.0
v6.mp4,7c99d4d53a4894f3458813770693367ec44e61fa708e6d502318c6a45f04ff2d,1920,1080,12.07,178,14.75,158,13166,Right,0.925583,0.199827,0.100624,2e-06,0.0,0.0,0.318908,0.058999,-0.017646,0.0,0.0,0.436128,0.088013,-0.053083,0.0,0.0,0.527334,0.149676,-0.080009,0.0,0.0,0.598213,0.221446,-0.1094,0.0,0.0,0.428093,0.119059,-0.160819,0.0,0.0,0.540596,0.274462,-0.224276,0.0,0.0,0.602205,0.40032,-0.253641,0.0,0.0,0.638641,0.508748,-0.270908,0.0,0.0,0.365822,0.202695,-0.178607,0.0,0.0,0.454062,0.459201,-0.250191,0.0,0.0,0.501485,0.649744,-0.281362,0.0,0.0,0.52403,0.790371,-0.301106,0.0,0.0,0.297038,0.282534,-0.187966,0.0,0.0,0.359816,0.541563,-0.256535,0.0,0.0,0.401365,0.720124,-0.287046,0.0,0.0,0.43129,0.85856,-0.305444,0.0,0.0,0.229468,0.344354,-0.19213,0.0,0.0,0.229979,0.545446,-0.253413,0.0,0.0,0.233719,0.675576,-0.275419,0.0,0.0,0.235457,0.783921,-0.286709,0.0,0.0
v6.mp4,7c99d4d53a4894f3458813770693367ec44e61fa708e6d502318c6a45f04ff2d,1920,1080,12.07,178,14.75,159,13250,Right,0.885238,0.205011,0.101156,2e-06,0.0,0.0,0.327151,0.063629,-0.030703,0.0,0.0,0.439357,0.086466,-0.073033,0.0,0.0,0.530134,0.140248,-0.104638,0.0,0.0,0.601934,0.209833,-0.137809,0.0,0.0,0.421931,0.158764,-0.172214,0.0,0.0,0.534971,0.350903,-0.242857,0.0,0.0,0.598077,0.479553,-0.281734,0.0,0.0,0.638012,0.585969,-0.30621,0.0,0.0,0.355962,0.237477,-0.182681,0.0,0.0,0.440611,0.475966,-0.258429,0.0,0.0,0.491975,0.653413,-0.29336,0.0,0.0,0.521875,0.790401,-0.317715,0.0,0.0,0.289322,0.310031,-0.185863,0.0,0.0,0.350725,0.547344,-0.254748,0.0,0.0,0.393456,0.717213,-0.283973,0.0,0.0,0.425386,0.85126,-0.302586,0.0,0.0,0.228384,0.367217,-0.185749,0.0,0.0,0.237782,0.559175,-0.247346,0.0,0.0,0.248482,0.68637,-0.27011,0.0,0.0,0.257246,0.799201,-0.282518,0.0,0.0
v6.mp4,7c99d4d53a4894f3458813770693367ec44e61fa708e6d502318c6a45f04ff2d,1920,1080,12.07,178,14.75,160,13333,Right,0.889032,0.208585,0.109043,2e-06,0.0,0.0,0.343049,0.076997,-0.032096,0.0,0.0,0.452975,0.087174,-0.08976,0.0,0.0,0.535694,0.141004,-0.132667,0.0,0.0,0.609751,0.218306,-0.178777,0.0,0.0,0.435923,0.179351,-0.234406,0.0,0.0,0.539248,0.362537,-0.326833,0.0,0.0,0.600354,0.489792,-0.375088,0.0,0.0,0.641025,0.593607,-0.403823,0.0,0.0,0.366255,0.263363,-0.244025,0.0,0.0,0.444434,0.489929,-0.344309,0.0,0.0,0.495804,0.661429,-0.387307,0.0,0.0,0.526842,0.794305,-0.418056,0.0,0.0,0.299669,0.333147,-0.242195,0.0,0.0,0.351986,0.553118,-0.335565,0.0,0.0,0.394255,0.716269,-0.377334,0.0,0.0,0.423449,0.845527,-0.403234,0.0,0.0,0.239205,0.392204,-0.233516,0.0,0.0,0.242279,0.569849,-0.311984,0.0,0.0,0.24811,0.694444,-0.345309,0.0,0.0,0.257069,0.800648,-0.366972,0.0,0.0
v6.mp4,7c99d4d53a4894f3458813770693367ec44e61fa708e6d502318c6a45f04ff2d,1920,1080,12.07,178,14.75,161,13416,Right,0.917642,0.208584,0.114883,2e-06,0.0,0.0,0.341031,0.078362,-0.034416,0.0,0.0,0.452681,0.084282,-0.09257,0.0,0.0,0.535515,0.1367,-0.135426,0.0,0.0,0.608178,0.218083,-0.181031,0.0,0.0,0.433589,0.177216,-0.236469,0.0,0.0,0.539598,0.36147,-0.326708,0.0,0.0,0.600383,0.489766,-0.371567,0.0,0.0,0.63951,0.592834,-0.397648,0.0,0.0,0.362299,0.262152,-0.244472,0.0,0.0,0.44396,0.489311,-0.341302,0.0,0.0,0.494275,0.662683,-0.379383,0.0,0.0,0.524255,0.795603,-0.406527,0.0,0.0,0.296554,0.332625,-0.241595,0.0,0.0,0.352185,0.551504,-0.332459,0.0,0.0,0.392927,0.716156,-0.370927,0.0,0.0,0.42093,0.846967,-0.394582,0.0,0.0,0.238734,0.391369,-0.232307,0.0,0.0,0.245295,0.569984,-0.308944,0.0,0.0,0.25022,0.694138,-0.340817,0.0,0.0,0.257543,0.800522,-0.361519,0.0,0.0
v6.mp4,7c99d4d53a4894f3458813770693367ec44e61fa708e6d502318c6a45f04ff2d,1920,1080,12.07,178,14.75,162,13500,Right,0.878393,0.203229,0.104711,2e-06,0.0,0.0,0.32782,0.066539,-0.030552,0.0,0.0,0.4432,0.083787,-0.077394,0.0,0.0,0.533905,0.138343,-0.112841,0.0,0.0,0.601963,0.221303,-0.150782,0.0,0.0,0.427802,0.155404,-0.180764,0.0,0.0,0.537372,0.352202,-0.253201,0.0,0.0,0.598694,0.486296,-0.290619,0.0,0.0,0.63796,0.593241,-0.313925,0.0,0.0,0.359229,0.241539,-0.192229,0.0,0.0,0.44705,0.490766,-0.266647,0.0,0.0,0.493939,0.674553,-0.297232,0.0,0.0,0.520261,0.811817,-0.317989,0.0,0.0,0.289078,0.311934,-0.196196,0.0,0.0,0.358475,0.550522,-0.264904,0.0,0.0,0.39853,0.716066,-0.292178,0.0,0.0,0.429666,0.847464,-0.309993,0.0,0.0,0.223144,0.361268,-0.196384,0.0,0.0,0.224219,0.538312,-0.262683,0.0,0.0,0.226207,0.654742,-0.287427,0.0,0.0,0.231516,0.755347,-0.300875,0.0,0.0
v6.mp4,7c99d4d53a4894f3458813770693367ec44e61fa708e6d502318c6a45f04ff2d,1920,1080,12.07,178,14.75,163,13583,Right,0.83672,0.201281,0.101643,2e-06,0.0,0.0,0.32733,0.066962,-0.030211,0.0,0.0,0.440245,0.087982,-0.075305,0.0,0.0,0.528761,0.138114,-0.11037,0.0,0.0,0.601443,0.213311,-0.148235,0.0,0.0,0.42767,0.163007,-0.171439,0.0,0.0,0.535613,0.356341,-0.242419,0.0,0.0,0.598184,0.486376,-0.279355,0.0,0.0,0.639752,0.591601,-0.303381,0.0,0.0,0.360128,0.242493,-0.18587,0.0,0.0,0.446222,0.488451,-0.262181,0.0,0.0,0.494065,0.670302,-0.297141,0.0,0.0,0.521804,0.809595,-0.320998,0.0,0.0,0.289173,0.305456,-0.193537,0.0,0.0,0.355054,0.538465,-0.265274,0.0,0.0,0.394659,0.706757,-0.297211,0.0,0.0,0.428917,0.843257,-0.318578,0.0,0.0,0.22194,0.348808,-0.197591,0.0,0.0,0.219621,0.502999,-0.267033,0.0,0.0,0.224289,0.614757,-0.295428,0.0,0.0,0.232792,0.716972,-0.311974,0.0,0.0
v6.mp4,7c99d4d53a4894f3458813770693367ec44e61fa708e6d502318c6a45f04ff2d,1920,1080,12.07,178,14.75,164,13666,Right,0.811588,0.200358,0.097222,2e-06,0.0,0.0,0.328018,0.059128,-0.029027,0.0,0.0,0.442674,0.084101,-0.072293,0.0,0.0,0.531215,0.138357,-0.104845,0.0,0.0,0.607824,0.20839,-0.141027,0.0,0.0,0.433037,0.163579,-0.174292,0.0,0.0,0.536604,0.355404,-0.244443,0.0,0.0,0.599099,0.482076,-0.281536,0.0,0.0,0.640448,0.586715,-0.306751,0.0,0.0,0.363336,0.244286,-0.188914,0.0,0.0,0.445283,0.484251,-0.267067,0.0,0.0,0.493446,0.665884,-0.307085,0.0,0.0,0.522111,0.809633,-0.335891,0.0,0.0,0.291629,0.305545,-0.195822,0.0,0.0,0.348725,0.537959,-0.26962,0.0,0.0,0.390458,0.704973,-0.309617,0.0,0.0,0.425548,0.844103,-0.337854,0.0,0.0,0.224561,0.34277,-0.198294,0.0,0.0,0.216594,0.479487,-0.270359,0.0,0.0,0.2196,0.581686,-0.304984,0.0,0.0,0.226851,0.681371,-0.327313,0.0,0.0
v6.mp4,7c99d4d53a4894f3458813770693367ec44e61fa708e6d502318c6a45f04ff2d,1920,1080,12.07,178,14.75,165,13750,Right,0.798691,0.198154,0.095005,2e-06,0.0,0.0,0.327282,0.060465,-0.026824,0.0,0.0,0.441668,0.087595,-0.071221,0.0,0.0,0.529807,0.141368,-0.105656,0.0,0.0,0.605613,0.211815,-0.144154,0.0,0.0,0.432601,0.155664,-0.176418,0.0,0.0,0.537253,0.347757,-0.248451,0.0,0.0,0.599402,0.47572,-0.286395,0.0,0.0,0.639132,0.580685,-0.311897,0.0,0.0,0.364279,0.234212,-0.193362,0.0,0.0,0.445232,0.480035,-0.274985,0.0,0.0,0.493855,0.661768,-0.316568,0.0,0.0,0.522816,0.802874,-0.346007,0.0,0.0,0.291788,0.296549,-0.202288,0.0,0.0,0.349288,0.533146,-0.280141,0.0,0.0,0.391065,0.704463,-0.322084,0.0,0.0,0.42604,0.846338,-0.351033,0.0,0.0,0.222407,0.337441,-0.20618,0.0,0.0,0.214786,0.479416,-0.280716,0.0,0.0,0.218339,0.583823,-0.315872,0.0,0.0,0.225637,0.682267,-0.338472,0.0,0.0
v6.mp4,7c99d4d53a4894f3458813770693367ec44e61fa708e6d502318c6a45f04ff2d,1920,1080,12.07,178,14.75,166,13833,Right,0.787739,0.193088,0.0951,2e-06,0.0,0.0,0.321418,0.050164,-0.028027,0.0,0.0,0.440777,0.080671,-0.068104,0.0,0.0,0.533768,0.142185,-0.098084,0.0,0.0,0.610806,0.211975,-0.131801,0.0,0.0,0.424059,0.143417,-0.16585,0.0,0.0,0.535166,0.336677,-0.230986,0.0,0.0,0.595883,0.467025,-0.262643,0.0,0.0,0.63455,0.573323,-0.284017,0.0,0.0,0.358194,0.224101,-0.181358,0.0,0.0,0.445096,0.477795,-0.254791,0.0,0.0,0.494959,0.662918,-0.290285,0.0,0.0,0.522818,0.804486,-0.315455,0.0,0.0,0.286799,0.287764,-0.190252,0.0,0.0,0.347358,0.53146,-0.263781,0.0,0.0,0.390111,0.708108,-0.30613,0.0,0.0,0.424945,0.853199,-0.335366,0.0,0.0,0.216883,0.330111,-0.194474,0.0,0.0,0.205995,0.482984,-0.270654,0.0,0.0,0.207035,0.595702,-0.309429,0.0,0.0,0.210229,0.702612,-0.333702,0.0,0.0
v6.mp4,7c99d4d53a4894f3458813770693367ec44e61fa708e6d502318c6a45f04ff2d,1920,1080,12.07,178,14.75,167,13916,Right,0.883915,0.199377,0.103208,2e-06,0.0,0.0,0.324968,0.05943,-0.033675,0.0,0.0,0.441814,0.084783,-0.077688,0.0,0.0,0.533904,0.143181,-0.110177,0.0,0.0,0.60942,0.213171,-0.145383,0.0,0.0,0.427155,0.162513,-0.181426,0.0,0.0,0.538617,0.347971,-0.254003,0.0,0.0,0.599303,0.47623,-0.292223,0.0,0.0,0.638778,0.585087,-0.315929,0.0,0.0,0.358635,0.250027,-0.19124,0.0,0.0,0.442751,0.478672,-0.270684,0.0,0.0,0.494599,0.652947,-0.308866,0.0,0.0,0.526203,0.790179,-0.335505,0.0,0.0,0.290986,0.323617,-0.193377,0.0,0.0,0.350411,0.553841,-0.26652,0.0,0.0,0.394755,0.717867,-0.301283,0.0,0.0,0.428311,0.848885,-0.323523,0.0,0.0,0.228758,0.375916,-0.191861,0.0,0.0,0.2365,0.570968,-0.258347,0.0,0.0,0.244659,0.696987,-0.286124,0.0,0.0,0.252901,0.807347,-0.302209,0.0,0.0
v6.mp4,7c99d4d53a4894f3458813770693367ec44e61fa708e6d502318c6a45f04ff2d,1920,1080,12.07,178,14.75,168,14000,Right,0.896392,0.203119,0.107005,2e-06,0.0,0.0,0.334388,0.0712,-0.031896,0.0,0.0,0.448767,0.083,-0.083274,0.0,0.0,0.536289,0.137134,-0.121102,0.0,0.0,0.606829,0.220719,-0.161229,0.0,0.0,0.430647,0.176621,-0.209094,0.0,0.0,0.537308,0.356244,-0.293798,0.0,0.0,0.598062,0.486037,-0.338844,0.0,0.0,0.637699,0.592548,-0.365495,0.0,0.0,0.361475,0.260518,-0.217745,0.0,0.0,0.443937,0.484281,-0.304817,0.0,0.0,0.49445,0.659311,-0.341947,0.0,0.0,0.524191,0.794466,-0.368815,0.0,0.0,0.295592,0.329323,-0.217276,0.0,0.0,0.352859,0.547995,-0.300886,0.0,0.0,0.393519,0.712172,-0.339153,0.0,0.0,0.421561,0.84266,-0.362826,0.0,0.0,0.235638,0.38609,-0.21107,0.0,0.0,0.24258,0.569458,-0.282935,0.0,0.0,0.246656,0.693532,-0.313001,0.0,0.0,0.253373,0.799249,-0.331877,0.0,0.0
v6.mp4,7c99d4d53a4894f3458813770693367ec44e61fa708e6d502318c6a45f04ff2d,1920,1080,12.07,178,14.75,169,14083,Right,0.908079,0.207367,0.114219,2e-06,0.0,0.0,0.340678,0.077646,-0.031854,0.0,0.0,0.451117,0.083838,-0.088877,0.0,0.0,0.535268,0.135656,-0.130994,0.0,0.0,0.607728,0.218473,-0.175659,0.0,0.0,0.434452,0.181903,-0.234305,0.0,0.0,0.540175,0.358813,-0.326977,0.0,0.0,0.600992,0.486674,-0.373903,0.0,0.0,0.640052,0.591613,-0.400736,0.0,0.0,0.36529,0.266691,-0.243211,0.0,0.0,0.443698,0.489858,-0.340699,0.0,0.0,0.495019,0.6595,-0.379675,0.0,0.0,0.525084,0.790805,-0.407776,0.0,0.0,0.30025,0.334954,-0.241253,0.0,0.0,0.352808,0.553457,-0.334151,0.0,0.0,0.39399,0.714741,-0.37483,0.0,0.0,0.421192,0.843498,-0.399515,0.0,0.0,0.241112,0.392146,-0.232367,0.0,0.0,0.245529,0.574317,-0.309534,0.0,0.0,0.248851,0.700318,-0.341757,0.0,0.0,0.254575,0.806948,-0.362604,0.0,0.0
v6.mp4,7c99d4d53a4894f3458813770693367ec44e61fa708e6d502318c6a45f04ff2d,1920,1080,12.07,178,14.75,170,14166,Right,0.908266,0.203851,0.108819,2e-06,0.0,0.0,0.332187,0.069772,-0.035317,0.0,0.0,0.445432,0.081482,-0.087325,0.0,0.0,0.532669,0.135851,-0.125094,0.0,0.0,0.606395,0.216189,-0.164927,0.0,0.0,0.429288,0.178916,-0.211911,0.0,0.0,0.538561,0.359675,-0.295611,0.0,0.0,0.599381,0.487296,-0.33859,0.0,0.0,0.638955,0.592262,-0.363692,0.0,0.0,0.359927,0.264279,-0.218987,0.0,0.0,0.443181,0.490065,-0.307203,0.0,0.0,0.494645,0.66281,-0.34477,0.0,0.0,0.525746,0.796695,-0.371456,0.0,0.0,0.294562,0.333006,-0.217052,0.0,0.0,0.351865,0.553484,-0.30056,0.0,0.0,0.392743,0.716164,-0.338482,0.0,0.0,0.421593,0.846501,-0.361734,0.0,0.0,0.236288,0.386839,-0.209842,0.0,0.0,0.243442,0.573792,-0.281897,0.0,0.0,0.247487,0.700392,-0.312528,0.0,0.0,0.254149,0.809102,-0.331631,0.0,0.0
v6.mp4,7c99d4d53a4894f3458813770693367ec44e61fa708e6d502318c6a45f04ff2d,1920,1080,12.07,178,14.75,171,14250,Right,0.915225,0.205236,0.117395,2e-06,0.0,0.0,0.339614,0.078915,-0.028242,0.0,0.0,0.45143,0.089224,-0.086033,0.0,0.0,0.534792,0.142844,-0.128869,0.0,0.0,0.608193,0.219871,-0.175189,0.0,0.0,0.434606,0.167047,-0.242446,0.0,0.0,0.538977,0.359492,-0.333717,0.0,0.0,0.600202,0.490209,-0.377991,0.0,0.0,0.638686,0.592747,-0.403295,0.0,0.0,0.364459,0.254316,-0.253502,0.0,0.0,0.445554,0.486172,-0.353445,0.0,0.0,0.497432,0.660969,-0.394233,0.0,0.0,0.52663,0.794255,-0.42283,0.0,0.0,0.297019,0.326714,-0.251564,0.0,0.0,0.356758,0.54996,-0.346475,0.0,0.0,0.399397,0.712346,-0.389125,0.0,0.0,0.427645,0.84173,-0.415604,0.0,0.0,0.23571,0.384845,-0.241673,0.0,0.0,0.230253,0.564342,-0.321695,0.0,0.0,0.223497,0.684391,-0.354614,0.0,0.0,0.219709,0.783791,-0.37558,0.0,0.0
v6.mp4,7c99d4d53a4894f3458813770693367ec44e61fa708e6d502318c6a45f04ff2d,1920,1080,12.07,178,14.75,172,14333,Right,0.817615,0.196399,0.100309,2e-06,0.0,0.0,0.317678,0.058885,-0.022775,0.0,0.0,0.436332,0.087384,-0.061352,0.0,0.0,0.528258,0.13989,-0.091392,0.0,0.0,0.600836,0.215385,-0.125474,0.0,0.0,0.420888,0.141672,-0.159071,0.0,0.0,0.532274,0.32915,-0.22148,0.0,0.0,0.595286,0.457983,-0.25097,0.0,0.0,0.63543,0.562224,-0.270501,0.0,0.0,0.360299,0.223887,-0.17686,0.0,0.0,0.452031,0.483183,-0.246689,0.0,0.0,0.499101,0.668671,-0.278246,0.0,0.0,0.524743,0.809453,-0.299314,0.0,0.0,0.292124,0.290368,-0.187451,0.0,0.0,0.362083,0.535992,-0.259687,0.0,0.0,0.401768,0.70546,-0.297762,0.0,0.0,0.435744,0.841737,-0.323229,0.0,0.0,0.223904,0.338645,-0.193097,0.0,0.0,0.209112,0.504114,-0.269592,0.0,0.0,0.197339,0.617051,-0.303987,0.0,0.0,0.189702,0.71776,-0.323679,0.0,0.0
v6.mp4,7c99d4d53a4894f3458813770693367ec44e61fa708e6d502318c6a45f04ff2d,1920,1080,12.07,178,14.75,173,14416,Right,0.859094,0.203063,0.102454,2e-06,0.0,0.0,0.327775,0.055599,-0.035366,0.0,0.0,0.445228,0.080825,-0.078891,0.0,0.0,0.535988,0.138738,-0.109767,0.0,0.0,0.609591,0.217491,-0.144347,0.0,0.0,0.427182,0.14208,-0.18105,0.0,0.0,0.535279,0.345081,-0.249035,0.0,0.0,0.597702,0.476414,-0.283841,0.0,0.0,0.637204,0.585626,-0.30733,0.0,0.0,0.357266,0.234,-0.190968,0.0,0.0,0.442476,0.486266,-0.266471,0.0,0.0,0.493377,0.669894,-0.305669,0.0,0.0,0.524148,0.809382,-0.334421,0.0,0.0,0.288947,0.307186,-0.192995,0.0,0.0,0.348419,0.545272,-0.267879,0.0,0.0,0.392764,0.715773,-0.312052,0.0,0.0,0.428433,0.851628,-0.343321,0.0,0.0,0.226983,0.354015,-0.190634,0.0,0.0,0.211733,0.501973,-0.26815,0.0,0.0,0.198619,0.600713,-0.305688,0.0,0.0,0.187665,0.692968,-0.328925,0.0,0.0
v6.mp4,7c99d4d53a4894f3458813770693367ec44e61fa708e6d502318c6a45f04ff2d,1920,1080,12.07,178,14.75,174,14500,Right,0.810131,0.195754,0.104878,2e-06,0.0,0.0,0.327394,0.059366,-0.02999,0.0,0.0,0.442353,0.085811,-0.075451,0.0,0.0,0.529911,0.141657,-0.109152,0.0,0.0,0.609651,0.209047,-0.147484,0.0,0.0,0.429261,0.158757,-0.192012,0.0,0.0,0.533747,0.3519,-0.264377,0.0,0.0,0.595915,0.478328,-0.30043,0.0,0.0,0.635559,0.582677,-0.32495,0.0,0.0,0.360422,0.242184,-0.206511,0.0,0.0,0.442248,0.487117,-0.293076,0.0,0.0,0.493187,0.668806,-0.337678,0.0,0.0,0.52267,0.809551,-0.369363,0.0,0.0,0.290673,0.307356,-0.211639,0.0,0.0,0.346028,0.542612,-0.296937,0.0,0.0,0.391196,0.713236,-0.346757,0.0,0.0,0.428298,0.853892,-0.38099,0.0,0.0,0.225242,0.349139,-0.210922,0.0,0.0,0.205927,0.493123,-0.295905,0.0,0.0,0.192819,0.594699,-0.338376,0.0,0.0,0.183228,0.690552,-0.36537,0.0,0.0
v6.mp4,7c99d4d53a4894f3458813770693367ec44e61fa708e6d502318c6a45f04ff2d,1920,1080,12.07,178,14.75,175,14583,Right,0.691743,0.18868,0.099659,2e-06,0.0,0.0,0.313563,0.058471,-0.025685,0.0,0.0,0.432423,0.092849,-0.059085,0.0,0.0,0.520857,0.157723,-0.08283,0.0,0.0,0.593166,0.223097,-0.109953,0.0,0.0,0.417072,0.16728,-0.14764,0.0,0.0,0.521186,0.367439,-0.201815,0.0,0.0,0.579709,0.493208,-0.224781,0.0,0.0,0.616421,0.595679,-0.24057,0.0,0.0,0.357967,0.233604,-0.161694,0.0,0.0,0.453859,0.479658,-0.224755,0.0,0.0,0.50263,0.663732,-0.253642,0.0,0.0,0.525519,0.81005,-0.273156,0.0,0.0,0.290133,0.285889,-0.170138,0.0,0.0,0.371299,0.517351,-0.239522,0.0,0.0,0.412046,0.690903,-0.283132,0.0,0.0,0.442421,0.841105,-0.312244,0.0,0.0,0.221751,0.321942,-0.173736,0.0,0.0,0.210403,0.476116,-0.252216,0.0,0.0,0.201548,0.585934,-0.295,0.0,0.0,0.197206,0.693197,-0.320612,0.0,0.0
v6.mp4,7c99d4d53a4894f3458813770693367ec44e61fa708e6d502318c6a45f04ff2d,1920,1080,12.07,178,14.75,176,14666,Right,0.816697,0.19765,0.101368,2e-06,0.0,0.0,0.322376,0.053934,-0.028724,0.0,0.0,0.439373,0.083528,-0.068231,0.0,0.0,0.533037,0.146461,-0.097133,0.0,0.0,0.607742,0.220866,-0.129223,0.0,0.0,0.421279,0.144836,-0.166578,0.0,0.0,0.534114,0.347268,-0.228395,0.0,0.0,0.596833,0.477379,-0.25677,0.0,0.0,0.635347,0.583809,-0.275539,0.0,0.0,0.35493,0.233236,-0.179064,0.0,0.0,0.447001,0.486436,-0.246947,0.0,0.0,0.497111,0.669312,-0.278088,0.0,0.0,0.522908,0.807554,-0.30053,0.0,0.0,0.285174,0.303089,-0.184363,0.0,0.0,0.352675,0.554709,-0.253198,0.0,0.0,0.394396,0.725055,-0.291977,0.0,0.0,0.425962,0.860477,-0.319245,0.0,0.0,0.217273,0.349857,-0.185315,0.0,0.0,0.202687,0.521373,-0.260475,0.0,0.0,0.192024,0.632495,-0.297699,0.0,0.0,0.183508,0.732282,-0.319901,0.0,0.0
v6.mp4,7c99d4d53a4894f3458813770693367ec44e61fa708e6d502318c6a45f04ff2d,1920,1080,12.07,178,14.75,177,14750,Right,0.916183,0.204935,0.113627,2e-06,0.0,0.0,0.33312,0.070705,-0.037394,0.0,0.0,0.444155,0.087442,-0.092574,0.0,0.0,0.528888,0.146464,-0.13303,0.0,0.0,0.605289,0.219416,-0.176114,0.0,0.0,0.42845,0.177415,-0.224107,0.0,0.0,0.538969,0.357972,-0.311977,0.0,0.0,0.600657,0.485499,-0.357509,0.0,0.0,0.640707,0.592234,-0.383756,0.0,0.0,0.361962,0.269045,-0.230636,0.0,0.0,0.442611,0.490604,-0.325811,0.0,0.0,0.49726,0.661578,-0.368189,0.0,0.0,0.529475,0.794559,-0.398178,0.0,0.0,0.297616,0.341254,-0.226918,0.0,0.0,0.353992,0.56353,-0.317009,0.0,0.0,0.398325,0.721255,-0.359172,0.0,0.0,0.428504,0.845114,-0.384848,0.0,0.0,0.238646,0.397927,-0.217257,0.0,0.0,0.243328,0.590789,-0.292819,0.0,0.0,0.242716,0.720649,-0.323861,0.0,0.0,0.24313,0.825657,-0.343054,0.0,0.0
