video_file,video_hash,duration_ms,start_ms,end_ms,start_frame,end_frame,wrist1_x,wrist1_y,thumb1_mcp_x,thumb1_mcp_y,thumb1_pip_x,thumb1_pip_y,thumb1_dip_x,thumb1_dip_y,index1_mcp_x,index1_mcp_y,index1_pip_x,index1_pip_y,index1_dip_x,index1_dip_y,middle1_mcp_x,middle1_mcp_y,middle1_pip_x,middle1_pip_y,middle1_dip_x,middle1_dip_y,ring1_mcp_x,ring1_mcp_y,ring1_pip_x,ring1_pip_y,ring1_dip_x,ring1_dip_y,pinky1_mcp_x,pinky1_mcp_y,pinky1_pip_x,pinky1_pip_y,pinky1_dip_x,pinky1_dip_y,wrist2_x,wrist2_y,thumb2_mcp_x,thumb2_mcp_y,thumb2_pip_x,thumb2_pip_y,thumb2_dip_x,thumb2_dip_y,index2_mcp_x,index2_mcp_y,index2_pip_x,index2_pip_y,index2_dip_x,index2_dip_y,middle2_mcp_x,middle2_mcp_y,middle2_pip_x,middle2_pip_y,middle2_dip_x,middle2_dip_y,ring2_mcp_x,ring2_mcp_y,ring2_pip_x,ring2_pip_y,ring2_dip_x,ring2_dip_y,pinky2_mcp_x,pinky2_mcp_y,pinky2_pip_x,pinky2_pip_y,pinky2_dip_x,pinky2_dip_y,wrist3_x,wrist3_y,thumb3_mcp_x,thumb3_mcp_y,thumb3_pip_x,thumb3_pip_y,thumb3_dip_x,thumb3_dip_y,index3_mcp_x,index3_mcp_y,index3_pip_x,index3_pip_y,index3_dip_x,index3_dip_y,middle3_mcp_x,middle3_mcp_y,middle3_pip_x,middle3_pip_y,middle3_dip_x,middle3_dip_y,ring3_mcp_x,ring3_mcp_y,ring3_pip_x,ring3_pip_y,ring3_dip_x,ring3_dip_y,pinky3_mcp_x,pinky3_mcp_y,pinky3_pip_x,pinky3_pip_y,pinky3_dip_x,pinky3_dip_y,wrist4_x,wrist4_y,thumb4_mcp_x,thumb4_mcp_y,thumb4_pip_x,thumb4_pip_y,thumb4_dip_x,thumb4_dip_y,index4_mcp_x,index4_mcp_y,index4_pip_x,index4_pip_y,index4_dip_x,index4_dip_y,middle4_mcp_x,middle4_mcp_y,middle4_pip_x,middle4_pip_y,middle4_dip_x,middle4_dip_y,ring4_mcp_x,ring4_mcp_y,ring4_pip_x,ring4_pip_y,ring4_dip_x,ring4_dip_y,pinky4_mcp_x,pinky4_mcp_y,pinky4_pip_x,pinky4_pip_y,pinky4_dip_x,pinky4_dip_y,wrist5_x,wrist5_y,thumb5_mcp_x,thumb5_mcp_y,thumb5_pip_x,thumb5_pip_y,thumb5_dip_x,thumb5_dip_y,index5_mcp_x,index5_mcp_y,index5_pip_x,index5_pip_y,index5_dip_x,index5_dip_y,middle5_mcp_x,middle5_mcp_y,middle5_pip_x,middle5_pip_y,middle5_dip_x,middle5_dip_y,ring5_mcp_x,ring5_mcp_y,ring5_pip_x,ring5_pip_y,ring5_dip_x,ring5_dip_y,pinky5_mcp_x,pinky5_mcp_y,pinky5_pip_x,pinky5_pip_y,pinky5_dip_x,pinky5_dip_y,wrist1_vx,wrist1_vy,thumb1_mcp_vx,thumb1_mcp_vy,thumb1_pip_vx,thumb1_pip_vy,thumb1_dip_vx,thumb1_dip_vy,index1_mcp_vx,index1_mcp_vy,index1_pip_vx,index1_pip_vy,index1_dip_vx,index1_dip_vy,middle1_mcp_vx,middle1_mcp_vy,middle1_pip_vx,middle1_pip_vy,middle1_dip_vx,middle1_dip_vy,ring1_mcp_vx,ring1_mcp_vy,ring1_pip_vx,ring1_pip_vy,ring1_dip_vx,ring1_dip_vy,pinky1_mcp_vx,pinky1_mcp_vy,pinky1_pip_vx,pinky1_pip_vy,pinky1_dip_vx,pinky1_dip_vy,wrist2_vx,wrist2_vy,thumb2_mcp_vx,thumb2_mcp_vy,thumb2_pip_vx,thumb2_pip_vy,thumb2_dip_vx,thumb2_dip_vy,index2_mcp_vx,index2_mcp_vy,index2_pip_vx,index2_pip_vy,index2_dip_vx,index2_dip_vy,middle2_mcp_vx,middle2_mcp_vy,middle2_pip_vx,middle2_pip_vy,middle2_dip_vx,middle2_dip_vy,ring2_mcp_vx,ring2_mcp_vy,ring2_pip_vx,ring2_pip_vy,ring2_dip_vx,ring2_dip_vy,pinky2_mcp_vx,pinky2_mcp_vy,pinky2_pip_vx,pinky2_pip_vy,pinky2_dip_vx,pinky2_dip_vy,wrist3_vx,wrist3_vy,thumb3_mcp_vx,thumb3_mcp_vy,thumb3_pip_vx,thumb3_pip_vy,thumb3_dip_vx,thumb3_dip_vy,index3_mcp_vx,index3_mcp_vy,index3_pip_vx,index3_pip_vy,index3_dip_vx,index3_dip_vy,middle3_mcp_vx,middle3_mcp_vy,middle3_pip_vx,middle3_pip_vy,middle3_dip_vx,middle3_dip_vy,ring3_mcp_vx,ring3_mcp_vy,ring3_pip_vx,ring3_pip_vy,ring3_dip_vx,ring3_dip_vy,pinky3_mcp_vx,pinky3_mcp_vy,pinky3_pip_vx,pinky3_pip_vy,pinky3_dip_vx,pinky3_dip_vy,wrist4_vx,wrist4_vy,thumb4_mcp_vx,thumb4_mcp_vy,thumb4_pip_vx,thumb4_pip_vy,thumb4_dip_vx,thumb4_dip_vy,index4_mcp_vx,index4_mcp_vy,index4_pip_vx,index4_pip_vy,index4_dip_vx,index4_dip_vy,middle4_mcp_vx,middle4_mcp_vy,middle4_pip_vx,middle4_pip_vy,middle4_dip_vx,middle4_dip_vy,ring4_mcp_vx,ring4_mcp_vy,ring4_pip_vx,ring4_pip_vy,ring4_dip_vx,ring4_dip_vy,pinky4_mcp_vx,pinky4_mcp_vy,pinky4_pip_vx,pinky4_pip_vy,pinky4_dip_vx,pinky4_dip_vy,thumb_touch,index_touch,middle_touch,ring_touch,pinky_touch,hand_move,hand_point_of_view,hand_closer,hovering,daylight,hand_visible,out_of_sync,rightHand,any_difference
record8.mp4,6a24bdc5d4a5d763,12916,0,333,0,4,2.943,0.2329,2.1677,0.6588,1.9284,0.9543,1.762,1.1481,2.078,1.1246,1.9475,1.4683,1.8475,1.7426,2.5592,1.2195,2.5126,1.6245,2.4727,1.9303,2.9562,1.165,2.9724,1.529,2.9697,1.8113,3.2666,1.0496,3.3343,1.2845,3.3651,1.4935,2.9376,0.2571,2.153,0.6408,1.9316,0.9307,1.775,1.1549,2.1068,1.1859,1.9805,1.538,1.8784,1.8139,2.5972,1.2382,2.5317,1.6375,2.4772,1.9367,2.9946,1.1919,2.9755,1.5448,2.9537,1.8166,3.3248,1.1289,3.411,1.3924,3.4673,1.6247,2.9339,0.2448,2.1543,0.6285,1.9494,0.9135,1.815,1.1582,2.1559,1.1692,2.0153,1.5002,1.8934,1.7658,2.6628,1.2205,2.5946,1.6012,2.5376,1.9092,3.0488,1.2061,3.0274,1.5591,3.0059,1.8435,3.3929,1.1799,3.4969,1.4478,3.5721,1.6945,2.9146,0.2416,2.1375,0.6253,1.9406,0.9048,1.8113,1.1611,2.1505,1.14,2.0107,1.4335,1.8853,1.6834,2.6534,1.276,2.5853,1.68,2.5213,2.0285,3.0443,1.2612,3.0204,1.6492,2.9865,1.9735,3.396,1.223,3.4906,1.5015,3.5497,1.7676,2.8803,0.2354,2.116,0.6195,1.9375,0.8973,1.8186,1.1684,2.1483,1.2312,2.0125,1.5245,1.8882,1.7839,2.6227,1.2814,2.5562,1.6619,2.4935,1.9909,3.0242,1.2417,3.0049,1.6053,2.9719,1.9128,3.3753,1.202,3.4794,1.4571,3.5602,1.7064,0.0,0.0,0.0,0.0,0.0,0.0,0.0,0.0,0.3467,0.7384,0.3977,0.839,0.3718,0.8597,0.4571,0.2254,0.0,0.0,0.0,0.0,0.4622,0.3239,0.0,0.0,0.0,0.0,0.7013,0.9552,0.9247,1.2998,1.2304,1.5815,0.0,0.0,0.0,0.0,0.0,0.0,0.4811,0.0395,0.5912,-0.201,0.42,-0.4547,0.1812,-0.5799,0.7908,-0.2144,0.7577,-0.4378,0.7274,-0.331,0.6525,0.1711,0.626,0.1725,0.6286,0.3249,0.8205,0.6144,1.0348,0.6673,1.2635,0.8411,0.0,0.0,0.0,0.0,0.0,0.0,0.0,0.0,0.0,0.0,-0.0557,-0.7945,-0.0969,-0.9807,-0.1122,0.6608,-0.1099,0.938,-0.1932,1.42,-0.0525,0.6559,-0.0833,1.0723,-0.2309,1.5477,0.037,0.5136,-0.0751,0.6396,-0.2671,0.8698,-0.4131,-0.0745,0.0,0.0,0.0,0.0,0.0,0.0,-0.0261,1.0988,0.0225,1.0969,0.0352,1.2108,0.0,0.0,-0.351,-0.2181,-0.3353,-0.4534,0.0,0.0,-0.1869,-0.5293,-0.1756,-0.7318,0.0,0.0,-0.135,-0.5353,0.1263,-0.7375,False,True,True,True,False,False,front,False,False,False,True,False,False,
record8.mp4,6a24bdc5d4a5d763,12916,250,583,3,7,2.9146,0.2416,2.1375,0.6253,1.9406,0.9048,1.8113,1.1611,2.1505,1.14,2.0107,1.4335,1.8853,1.6834,2.6534,1.276,2.5853,1.68,2.5213,2.0285,3.0443,1.2612,3.0204,1.6492,2.9865,1.9735,3.396,1.223,3.4906,1.5015,3.5497,1.7676,2.8803,0.2354,2.116,0.6195,1.9375,0.8973,1.8186,1.1684,2.1483,1.2312,2.0125,1.5245,1.8882,1.7839,2.6227,1.2814,2.5562,1.6619,2.4935,1.9909,3.0242,1.2417,3.0049,1.6053,2.9719,1.9128,3.3753,1.202,3.4794,1.4571,3.5602,1.7064,2.8545,0.2221,2.1017,0.6218,1.92,0.8957,1.7958,1.1561,2.1338,1.2229,1.9893,1.5089,1.8486,1.763,2.5816,1.2459,2.494,1.5756,2.4123,1.8496,3.0107,1.2047,2.9996,1.5398,2.9741,1.8209,3.3467,1.1929,3.4539,1.4423,3.5358,1.6866,2.855,0.2226,2.0896,0.6236,1.8933,0.9001,1.7632,1.1568,2.1218,1.1182,1.9631,1.3761,1.8114,1.6045,2.58,1.2647,2.5012,1.6374,2.4263,1.9616,2.9916,1.2401,2.9871,1.6083,2.9583,1.9202,3.3239,1.2076,3.4204,1.4659,3.4863,1.7184,2.8533,0.2329,2.0881,0.6208,1.8971,0.8938,1.7765,1.1623,2.1088,1.1548,1.9579,1.4556,1.8169,1.7244,2.5734,1.2749,2.4932,1.6735,2.4149,2.0182,2.9784,1.2542,2.9654,1.6432,2.9296,1.9681,3.313,1.2239,3.4026,1.4927,3.464,1.7508,-0.4131,-0.0745,0.0,0.0,0.0,0.0,0.0,0.0,-0.0261,1.0988,0.0225,1.0969,0.0352,1.2108,0.0,0.0,-0.351,-0.2181,-0.3353,-0.4534,0.0,0.0,-0.1869,-0.5293,-0.1756,-0.7318,0.0,0.0,-0.135,-0.5353,0.1263,-0.7375,0.0,0.0,0.0,0.0,0.0,0.0,0.0,0.0,0.0,0.0,0.0,0.0,-0.4767,-0.2523,-0.4959,-0.4269,-0.7497,-1.0401,-0.978,-1.7017,-0.1622,-0.4452,-0.0637,-0.7889,0.0261,-1.1076,0.0,0.0,0.0,0.0,0.0,0.0,0.0,0.0,0.0,0.0,0.0,0.0,0.0,0.0,-0.1428,-1.2464,-0.3119,-1.5809,-0.4435,-1.8862,0.0,0.0,0.0866,0.7367,0.167,1.3327,-0.228,0.4217,-0.1497,0.8156,-0.1881,1.1825,0.0,0.0,-0.3992,0.2809,-0.5891,0.379,0.0,0.0,0.0,0.0,0.0,0.0,0.0,0.0,-0.1577,0.4407,-0.0624,0.9578,0.066,1.4443,0.0,0.0,-0.097,0.434,-0.1381,0.6826,0.0,0.0,-0.2606,0.4203,-0.3453,0.5769,0.0,0.0,0.0,0.0,-0.2695,0.3896,False,True,True,True,False,False,front,False,False,False,True,False,False,
record8.mp4,6a24bdc5d4a5d763,12916,500,833,6,10,2.855,0.2226,2.0896,0.6236,1.8933,0.9001,1.7632,1.1568,2.1218,1.1182,1.9631,1.3761,1.8114,1.6045,2.58,1.2647,2.5012,1.6374,2.4263,1.9616,2.9916,1.2401,2.9871,1.6083,2.9583,1.9202,3.3239,1.2076,3.4204,1.4659,3.4863,1.7184,2.8533,0.2329,2.0881,0.6208,1.8971,0.8938,1.7765,1.1623,2.1088,1.1548,1.9579,1.4556,1.8169,1.7244,2.5734,1.2749,2.4932,1.6735,2.4149,2.0182,2.9784,1.2542,2.9654,1.6432,2.9296,1.9681,3.313,1.2239,3.4026,1.4927,3.464,1.7508,2.8324,0.2265,2.0804,0.6125,1.8971,0.8841,1.7743,1.1527,2.101,1.2087,1.9592,1.5215,1.826,1.7849,2.5586,1.2516,2.4763,1.6316,2.4002,1.9391,2.974,1.2129,2.9558,1.5817,2.9231,1.878,3.3086,1.2112,3.4046,1.4753,3.4728,1.7295,2.8327,0.2263,2.0878,0.6071,1.8999,0.878,1.7773,1.1429,2.0939,1.1763,1.9419,1.4679,1.798,1.7238,2.5637,1.242,2.4812,1.618,2.4042,1.9331,2.973,1.223,2.9622,1.5927,2.9353,1.8963,3.3105,1.2137,3.4088,1.473,3.4804,1.7239,2.8204,0.2178,2.0778,0.603,1.8877,0.872,1.7667,1.1356,2.0733,1.144,1.915,1.4104,1.7664,1.6452,2.5455,1.2665,2.4667,1.6481,2.3941,1.9659,2.954,1.2146,2.9511,1.5654,2.9324,1.8499,3.3054,1.1566,3.4215,1.3728,3.524,1.5867,0.0,0.0,0.0,0.0,0.0,0.0,0.0,0.0,-0.1577,0.4407,-0.0624,0.9578,0.066,1.4443,0.0,0.0,-0.097,0.434,-0.1381,0.6826,0.0,0.0,-0.2606,0.4203,-0.3453,0.5769,0.0,0.0,0.0,0.0,-0.2695,0.3896,0.0,0.0,0.0,0.0,0.0,0.0,0.0,0.0,-0.0941,0.6501,0.0153,0.7944,0.1108,0.7294,0.0,0.0,-0.2034,-0.505,-0.1774,-0.9541,-0.0534,-0.4983,-0.1156,-0.7404,-0.0786,-1.0857,0.0,0.0,0.0,0.0,0.0,0.0,0.0,0.0,0.0,0.0,0.0,0.0,0.0,0.0,0.0,0.0,-0.2061,-0.638,-0.3333,-0.7284,0.0,0.0,0.0,0.0,0.0,0.0,0.0,0.0,0.0,0.0,0.0,0.0,0.0,0.0,0.0,0.0,0.0,0.0,0.0,0.0,0.0,0.0,0.0,0.0,0.0,0.0,-0.2477,-0.3887,-0.3248,-0.6928,-0.3815,-0.9465,0.0,0.0,-0.1751,0.3624,-0.1222,0.3954,0.0,0.0,0.0,0.0,-0.0351,-0.559,-0.0609,-0.6874,0.1527,-1.2069,0.5252,-1.6531,False,True,True,False,False,False,front,False,False,False,True,False,False,
record8.mp4,6a24bdc5d4a5d763,12916,750,1083,9,13,2.8327,0.2263,2.0878,0.6071,1.8999,0.878,1.7773,1.1429,2.0939,1.1763,1.9419,1.4679,1.798,1.7238,2.5637,1.242,2.4812,1.618,2.4042,1.9331,2.973,1.223,2.9622,1.5927,2.9353,1.8963,3.3105,1.2137,3.4088,1.473,3.4804,1.7239,2.8204,0.2178,2.0778,0.603,1.8877,0.872,1.7667,1.1356,2.0733,1.144,1.915,1.4104,1.7664,1.6452,2.5455,1.2665,2.4667,1.6481,2.3941,1.9659,2.954,1.2146,2.9511,1.5654,2.9324,1.8499,3.3054,1.1566,3.4215,1.3728,3.524,1.5867,2.8161,0.2179,2.0799,0.5991,1.8916,0.861,1.7746,1.132,2.0829,1.2037,1.9306,1.4957,1.7885,1.7482,2.5369,1.2671,2.4572,1.6492,2.3879,1.9704,2.9431,1.2208,2.939,1.5777,2.9253,1.8698,3.2974,1.1611,3.4189,1.3874,3.5273,1.6089,2.7986,0.209,2.0698,0.5999,1.8878,0.8618,1.7616,1.1213,2.0726,1.2225,1.9236,1.5099,1.7851,1.7583,2.515,1.2473,2.4289,1.5914,2.3562,1.8713,2.9346,1.2055,2.9342,1.5483,2.9247,1.8319,3.2631,1.1713,3.3694,1.405,3.4666,1.6347,2.8057,0.2129,2.0737,0.5997,1.8876,0.8633,1.7602,1.1208,2.0768,1.1768,1.919,1.4581,1.7731,1.707,2.5276,1.2491,2.4473,1.6098,2.3764,1.9128,2.9363,1.2285,2.937,1.5997,2.9248,1.9167,3.2666,1.1916,3.3633,1.4475,3.442,1.6981,0.0,0.0,0.0,0.0,0.0,0.0,0.0,0.0,-0.2477,-0.3887,-0.3248,-0.6928,-0.3815,-0.9465,0.0,0.0,-0.1751,0.3624,-0.1222,0.3954,0.0,0.0,0.0,0.0,-0.0351,-0.559,-0.0609,-0.6874,0.1527,-1.2069,0.5252,-1.6531,0.0,0.0,0.0,0.0,0.0,0.0,0.0,0.0,0.1154,0.7193,0.1888,1.0268,0.2662,1.2411,0.0,0.0,0.0,0.0,0.0,0.0,0.0,0.0,0.0,0.0,0.0,0.0,0.0,0.0,0.0,0.0,0.0,0.0,0.0,0.0,0.0,0.0,0.0,0.0,0.0,0.0,0.0,0.0,0.0,0.0,0.0,0.0,0.0,0.0,-0.3369,-0.6882,-0.3778,-1.18,0.0,0.0,0.0,0.0,-0.0073,-0.4511,-0.4082,0.1215,-0.5891,0.2099,-0.7237,0.3079,0.0,0.0,0.0,0.0,0.0,0.0,0.0,0.0,0.0508,-0.5507,-0.0552,-0.6243,-0.1445,-0.6181,0.0,0.0,0.0,0.0,0.2441,0.5005,0.0,0.0,0.0341,0.6193,0.0018,1.0214,0.0,0.0,-0.0737,0.5118,-0.2957,0.7637,False,True,True,True,True,False,front,False,False,False,True,False,False,
record8.mp4,6a24bdc5d4a5d763,12916,1000,1333,12,16,2.7986,0.209,2.0698,0.5999,1.8878,0.8618,1.7616,1.1213,2.0726,1.2225,1.9236,1.5099,1.7851,1.7583,2.515,1.2473,2.4289,1.5914,2.3562,1.8713,2.9346,1.2055,2.9342,1.5483,2.9247,1.8319,3.2631,1.1713,3.3694,1.405,3.4666,1.6347,2.8057,0.2129,2.0737,0.5997,1.8876,0.8633,1.7602,1.1208,2.0768,1.1768,1.919,1.4581,1.7731,1.707,2.5276,1.2491,2.4473,1.6098,2.3764,1.9128,2.9363,1.2285,2.937,1.5997,2.9248,1.9167,3.2666,1.1916,3.3633,1.4475,3.442,1.6981,2.8009,0.2175,2.0682,0.5993,1.8884,0.8671,1.7679,1.1326,2.0825,1.2089,1.9358,1.5049,1.804,1.7627,2.5346,1.2442,2.4618,1.6021,2.3986,1.9064,2.936,1.2076,2.931,1.5575,2.916,1.8553,3.2683,1.1871,3.3712,1.4381,3.4565,1.6814,2.7932,0.2115,2.069,0.6093,1.8859,0.8751,1.7565,1.1297,2.0914,1.2065,1.9523,1.4992,1.8249,1.7536,2.5332,1.2211,2.4545,1.5701,2.3858,1.8644,2.9411,1.1792,2.937,1.5191,2.9224,1.8033,3.2692,1.1678,3.3752,1.4073,3.4638,1.6417,2.8066,0.2115,2.0707,0.6068,1.8875,0.8763,1.7627,1.1338,2.0904,1.1494,1.936,1.4315,1.7922,1.6761,2.5561,1.2358,2.4927,1.6044,2.4329,1.9242,2.9449,1.2076,2.9431,1.5742,2.9259,1.8848,3.268,1.1779,3.3637,1.4306,3.4351,1.6745,0.0,0.0,0.0,0.0,0.0,0.0,0.0,0.0,0.0508,-0.5507,-0.0552,-0.6243,-0.1445,-0.6181,0.0,0.0,0.0,0.0,0.2441,0.5005,0.0,0.0,0.0341,0.6193,0.0018,1.0214,0.0,0.0,-0.0737,0.5118,-0.2957,0.7637,0.0,0.0,0.0,0.0,0.0,0.0,0.0,0.0,0.0,0.0,0.2026,0.564,0.3726,0.6711,0.0,0.0,0.0,0.0,0.0,0.0,0.0,0.0,-0.0729,-0.5091,-0.1071,-0.7392,0.0,0.0,0.0,0.0,0.0,0.0,0.0,0.0,0.0,0.0,0.0,0.0,0.0,0.0,0.0,0.0,0.0,0.0,0.0,0.0,0.0,0.0,0.0,0.0,-0.153,-0.499,0.0,0.0,0.0722,-0.4562,0.0772,-0.619,0.0,0.0,0.0,0.0,0.0874,-0.472,0.0,0.0,0.0,0.0,0.0,0.0,0.0,0.0,-0.0118,-0.6883,-0.1958,-0.8157,-0.3944,-0.9342,0.0,0.0,0.4598,0.4137,0.5677,0.7201,0.0,0.0,0.0731,0.6629,0.0412,0.9823,0.0,0.0,0.0,0.0,-0.3455,0.3952,False,True,True,True,False,False,front,False,False,False,True,False,False,
record8.mp4,6a24bdc5d4a5d763,12916,1250,1583,15,19,2.7932,0.2115,2.069,0.6093,1.8859,0.8751,1.7565,1.1297,2.0914,1.2065,1.9523,1.4992,1.8249,1.7536,2.5332,1.2211,2.4545,1.5701,2.3858,1.8644,2.9411,1.1792,2.937,1.5191,2.9224,1.8033,3.2692,1.1678,3.3752,1.4073,3.4638,1.6417,2.8066,0.2115,2.0707,0.6068,1.8875,0.8763,1.7627,1.1338,2.0904,1.1494,1.936,1.4315,1.7922,1.6761,2.5561,1.2358,2.4927,1.6044,2.4329,1.9242,2.9449,1.2076,2.9431,1.5742,2.9259,1.8848,3.268,1.1779,3.3637,1.4306,3.4351,1.6745,2.8166,0.2127,2.0754,0.6069,1.8938,0.8717,1.7865,1.1347,2.1089,1.18,1.9591,1.4753,1.8203,1.732,2.5664,1.2511,2.5062,1.6408,2.4494,1.9776,2.9492,1.2221,2.9427,1.5989,2.9224,1.9125,3.27,1.1882,3.3584,1.4501,3.4244,1.6989,2.8173,0.2084,2.0811,0.6075,1.9054,0.8724,1.7884,1.1286,2.1284,1.1552,1.9714,1.4235,1.8211,1.6619,2.5821,1.2305,2.5172,1.5907,2.4559,1.9001,2.9753,1.1992,2.9807,1.551,2.9723,1.849,3.2759,1.1796,3.3584,1.4373,3.421,1.6871,2.8228,0.2141,2.0884,0.6025,1.909,0.8654,1.7893,1.1207,2.1456,1.1473,1.9848,1.413,1.8329,1.6471,2.5961,1.2389,2.5316,1.6018,2.4698,1.9179,2.9871,1.2126,2.9916,1.5743,2.9797,1.8823,3.2854,1.1883,3.368,1.4451,3.432,1.6918,0.0,0.0,0.0,0.0,0.0,0.0,0.0,0.0,-0.0118,-0.6883,-0.1958,-0.8157,-0.3944,-0.9342,0.0,0.0,0.4598,0.4137,0.5677,0.7201,0.0,0.0,0.0731,0.6629,0.0412,0.9823,0.0,0.0,0.0,0.0,-0.3455,0.3952,0.0,0.0,0.0,0.0,0.0,0.0,0.0,0.0,0.222,0.3694,0.2786,0.5275,0.3387,0.6735,0.0,0.0,0.163,0.4384,0.1989,0.6431,0.0,0.0,0.0,0.0,0.0,0.0,0.0,0.0,0.0,0.0,0.0,0.0,0.0,0.0,0.0,0.0,0.0,0.0,0.0,0.0,0.0,0.0,0.1467,-0.6166,0.0097,-0.8341,0.0,0.0,0.1299,-0.5974,0.0773,-0.9225,0.3108,-0.2727,0.4527,-0.5702,0.5935,-0.7556,0.0,0.0,0.0,0.0,0.0,0.0,0.0,0.0,0.0,0.0,0.0,0.0,0.0,0.0,0.0,0.0,0.0,0.0,0.0,0.0,0.0,0.0,0.0,0.0,0.0,0.0,0.0,0.0,0.0,0.0,0.0898,0.4009,0.0,0.0,0.0,0.0,0.0,0.0,False,True,True,True,False,False,front,False,False,False,True,False,False,
record8.mp4,6a24bdc5d4a5d763,12916,1500,1833,18,22,2.8173,0.2084,2.0811,0.6075,1.9054,0.8724,1.7884,1.1286,2.1284,1.1552,1.9714,1.4235,1.8211,1.6619,2.5821,1.2305,2.5172,1.5907,2.4559,1.9001,2.9753,1.1992,2.9807,1.551,2.9723,1.849,3.2759,1.1796,3.3584,1.4373,3.421,1.6871,2.8228,0.2141,2.0884,0.6025,1.909,0.8654,1.7893,1.1207,2.1456,1.1473,1.9848,1.413,1.8329,1.6471,2.5961,1.2389,2.5316,1.6018,2.4698,1.9179,2.9871,1.2126,2.9916,1.5743,2.9797,1.8823,3.2854,1.1883,3.368,1.4451,3.432,1.6918,2.8205,0.214,2.1014,0.6053,1.8884,0.8518,1.7273,1.0749,2.1458,1.1805,2.0009,1.4843,1.8747,1.747,2.5967,1.2565,2.5369,1.6311,2.484,1.9538,2.987,1.227,2.9934,1.6006,2.9825,1.9145,3.2905,1.1908,3.3791,1.4506,3.4459,1.6963,2.8287,0.2139,2.1187,0.5911,1.8869,0.8029,1.6733,0.9477,2.1504,1.1762,2.019,1.4849,1.8944,1.7561,2.5955,1.2264,2.5307,1.5996,2.4679,1.9224,2.9876,1.2055,2.9934,1.5704,2.9794,1.8814,3.2975,1.1864,3.3787,1.446,3.4402,1.6987,2.8361,0.204,2.1246,0.5631,1.8856,0.756,1.6825,0.9195,2.1438,1.1895,2.0093,1.5049,1.8868,1.778,2.5902,1.2643,2.5222,1.6496,2.4606,1.9795,2.989,1.2405,2.9944,1.6109,2.9814,1.9193,3.2953,1.1981,3.3762,1.4567,3.4386,1.7062,0.0,0.0,0.0,0.0,0.0,0.0,0.0,0.0,0.0,0.0,0.0,0.0,0.0,0.0,0.0,0.0,0.0,0.0,0.0,0.0,0.0,0.0,0.0,0.0,0.0898,0.4009,0.0,0.0,0.0,0.0,0.0,0.0,0.0,0.0,0.0,0.0,0.0,0.0,-0.7466,-0.5519,0.0,0.0,0.1937,0.8592,0.5039,1.204,0.0,0.0,0.0,0.0,0.1709,0.4326,0.0,0.0,0.0,0.0,0.0,0.0,0.0,0.0,0.0,0.0,0.0,0.0,0.0,0.0,0.0,0.0,-0.018,-0.5828,-0.6429,-1.5144,0.0,0.0,0.0,0.0,0.0,0.0,0.0,0.0,0.0,0.0,-0.1914,-0.3734,0.0,0.0,0.0,0.0,0.0,0.0,0.0,0.0,0.0,0.0,0.0,0.0,0.0,0.0,0.0,0.0,-0.0153,-0.5644,0.0,0.0,0.0,0.0,0.0,0.0,0.0,0.0,-0.0642,0.4577,-0.1021,0.6023,-0.0877,0.688,0.0167,0.4223,0.011,0.4884,0.0248,0.456,0.0,0.0,0.0,0.0,0.0,0.0,False,True,False,False,False,False,front,False,False,False,True,False,False,
record8.mp4,6a24bdc5d4a5d763,12916,1750,2083,21,25,2.8287,0.2139,2.1187,0.5911,1.8869,0.8029,1.6733,0.9477,2.1504,1.1762,2.019,1.4849,1.8944,1.7561,2.5955,1.2264,2.5307,1.5996,2.4679,1.9224,2.9876,1.2055,2.9934,1.5704,2.9794,1.8814,3.2975,1.1864,3.3787,1.446,3.4402,1.6987,2.8361,0.204,2.1246,0.5631,1.8856,0.756,1.6825,0.9195,2.1438,1.1895,2.0093,1.5049,1.8868,1.778,2.5902,1.2643,2.5222,1.6496,2.4606,1.9795,2.989,1.2405,2.9944,1.6109,2.9814,1.9193,3.2953,1.1981,3.3762,1.4567,3.4386,1.7062,2.8375,0.1946,2.1222,0.5488,1.8798,0.7437,1.6824,0.9209,2.134,1.1884,2.0021,1.5127,1.8825,1.7899,2.5834,1.2605,2.5145,1.6554,2.455,1.9925,2.9887,1.2438,2.995,1.623,2.9818,1.9355,3.2987,1.2018,3.3806,1.4656,3.4409,1.7179,2.8322,0.1922,2.0972,0.5721,1.8747,0.8011,1.7277,1.0747,2.1312,1.2126,1.9955,1.5374,1.8706,1.8158,2.5836,1.2651,2.5123,1.6683,2.4477,2.0086,2.9876,1.2475,2.988,1.6342,2.9662,1.9533,3.3008,1.1975,3.3788,1.4627,3.4362,1.7177,2.8273,0.1907,2.0787,0.5843,1.8764,0.8419,1.7553,1.116,2.1208,1.1848,1.9725,1.491,1.8264,1.7622,2.5929,1.2476,2.5202,1.6488,2.4479,1.9887,2.9856,1.2383,2.9865,1.6219,2.9613,1.9432,3.299,1.1816,3.3762,1.4463,3.4252,1.703,0.0,0.0,0.0,0.0,-0.0153,-0.5644,0.0,0.0,0.0,0.0,0.0,0.0,0.0,0.0,-0.0642,0.4577,-0.1021,0.6023,-0.0877,0.688,0.0167,0.4223,0.011,0.4884,0.0248,0.456,0.0,0.0,0.0,0.0,0.0,0.0,0.0,0.0,0.0,0.0,0.0,0.0,0.0,0.0,0.0,0.0,0.0,0.0,0.0,0.0,0.0,0.0,0.0,0.0,0.0,0.0,0.0,0.0,0.0,0.0,0.0,0.0,0.0,0.0,0.0,0.0,0.0,0.0,0.0,0.0,-0.2975,0.2779,-0.0604,0.684,0.5397,1.8309,0.0,0.0,0.0,0.0,0.0,0.0,0.0,0.0,0.0,0.0,0.0,0.0,0.0,0.0,0.0,0.0,0.0,0.0,0.0,0.0,0.0,0.0,0.0,0.0,0.0,0.0,0.0,0.0,0.0198,0.4913,0.3326,0.4978,0.0,0.0,-0.2774,-0.5591,-0.5329,-0.6457,0.0,0.0,0.0,0.0,0.0,0.0,0.0,0.0,0.0,0.0,0.0,0.0,0.0,0.0,0.0,0.0,0.0,0.0,True,False,True,False,False,False,front,False,False,False,True,False,False,
record8.mp4,6a24bdc5d4a5d763,12916,2000,2333,24,28,2.8322,0.1922,2.0972,0.5721,1.8747,0.8011,1.7277,1.0747,2.1312,1.2126,1.9955,1.5374,1.8706,1.8158,2.5836,1.2651,2.5123,1.6683,2.4477,2.0086,2.9876,1.2475,2.988,1.6342,2.9662,1.9533,3.3008,1.1975,3.3788,1.4627,3.4362,1.7177,2.8273,0.1907,2.0787,0.5843,1.8764,0.8419,1.7553,1.116,2.1208,1.1848,1.9725,1.491,1.8264,1.7622,2.5929,1.2476,2.5202,1.6488,2.4479,1.9887,2.9856,1.2383,2.9865,1.6219,2.9613,1.9432,3.299,1.1816,3.3762,1.4463,3.4252,1.703,2.8187,0.1944,2.0922,0.5707,1.8884,0.8159,1.7616,1.0748,2.108,1.1914,1.9661,1.5112,1.8374,1.7813,2.5851,1.2609,2.5154,1.663,2.4483,1.997,2.9819,1.2399,2.9728,1.6258,2.9368,1.9446,3.3011,1.1858,3.378,1.4538,3.424,1.7111,2.8123,0.1969,2.0854,0.5796,1.8966,0.8372,1.7803,1.1013,2.1109,1.2043,1.9703,1.5233,1.8416,1.7945,2.591,1.2481,2.5261,1.6356,2.46,1.9596,2.9762,1.2285,2.9667,1.6063,2.9311,1.9269,3.3012,1.1727,3.3788,1.4351,3.4252,1.6892,2.8231,0.2034,2.0891,0.5884,1.898,0.8526,1.7752,1.1002,2.121,1.1182,1.9746,1.3757,1.8332,1.6125,2.6069,1.1825,2.5439,1.5274,2.478,1.8269,2.9927,1.1915,2.9851,1.5564,2.9541,1.8739,3.3259,1.1728,3.408,1.4394,3.4568,1.6977,0.0,0.0,0.0,0.0,0.0198,0.4913,0.3326,0.4978,0.0,0.0,-0.2774,-0.5591,-0.5329,-0.6457,0.0,0.0,0.0,0.0,0.0,0.0,0.0,0.0,0.0,0.0,0.0,0.0,0.0,0.0,0.0,0.0,0.0,0.0,0.0,0.0,0.0,0.0,0.0,0.0,0.0759,-0.4972,0.0,0.0,0.0,0.0,0.0,0.0,0.0,0.0,0.0,0.0,0.0,0.0,0.0,0.0,0.0,0.0,0.0,0.0,0.0,0.0,0.0,0.0,0.0,0.0,0.0,0.0,0.0,0.0,0.0,0.0,0.0,0.0,0.0,0.0,0.0,0.0,0.0,0.0,0.0,0.0,0.0,0.0,0.1393,-0.4446,0.0,0.0,0.0,0.0,0.0,0.0,0.0,0.0,0.0,0.0,0.0,0.0,0.0,0.0,0.0,0.0,0.0,0.0,0.0,0.0,0.122,-1.037,0.0521,-1.7779,-0.102,-2.1929,0.1917,-0.7906,0.2153,-1.3031,0.2166,-1.5994,0.1991,-0.4456,0.2219,-0.6008,0.2771,-0.6381,0.0,0.0,0.0,0.0,0.0,0.0,False,True,True,False,False,False,front,False,False,False,True,False,False,
record8.mp4,6a24bdc5d4a5d763,12916,2250,2583,27,31,2.8123,0.1969,2.0854,0.5796,1.8966,0.8372,1.7803,1.1013,2.1109,1.2043,1.9703,1.5233,1.8416,1.7945,2.591,1.2481,2.5261,1.6356,2.46,1.9596,2.9762,1.2285,2.9667,1.6063,2.9311,1.9269,3.3012,1.1727,3.3788,1.4351,3.4252,1.6892,2.8231,0.2034,2.0891,0.5884,1.898,0.8526,1.7752,1.1002,2.121,1.1182,1.9746,1.3757,1.8332,1.6125,2.6069,1.1825,2.5439,1.5274,2.478,1.8269,2.9927,1.1915,2.9851,1.5564,2.9541,1.8739,3.3259,1.1728,3.408,1.4394,3.4568,1.6977,2.822,0.2036,2.1058,0.5671,1.9088,0.8135,1.7873,1.0659,2.1046,1.1433,1.9643,1.427,1.8324,1.6818,2.5951,1.2368,2.5299,1.6203,2.4621,1.9473,2.9856,1.2155,2.973,1.5936,2.9345,1.9125,3.3182,1.1694,3.3988,1.4354,3.4483,1.6916,2.8146,0.2161,2.0938,0.5774,1.9071,0.8304,1.7928,1.0847,2.1113,1.1717,1.9793,1.4697,1.8572,1.733,2.5992,1.2141,2.5384,1.575,2.475,1.8806,2.9896,1.1829,2.9834,1.5359,2.9543,1.8389,3.3198,1.1708,3.4069,1.4358,3.4661,1.6939,2.8205,0.2144,2.0986,0.5742,1.9119,0.8259,1.7944,1.0683,2.1128,1.1454,1.9654,1.4247,1.8236,1.6793,2.5981,1.2039,2.5369,1.5559,2.4767,1.8639,2.9906,1.2029,2.9907,1.5641,2.9713,1.8802,3.3226,1.1785,3.4097,1.4415,3.4688,1.6974,0.0,0.0,0.0,0.0,0.0,0.0,0.0,0.0,0.122,-1.037,0.0521,-1.7779,-0.102,-2.1929,0.1917,-0.7906,0.2153,-1.3031,0.2166,-1.5994,0.1991,-0.4456,0.2219,-0.6008,0.2771,-0.6381,0.0,0.0,0.0,0.0,0.0,0.0,0.0,0.0,0.0,0.0,0.1309,-0.4706,0.1458,-0.4135,0.0,0.0,-0.124,0.6183,-0.0087,0.8361,-0.1423,0.6543,-0.1691,1.1185,-0.1906,1.4505,0.0,0.0,-0.1462,0.4483,-0.236,0.4646,0.0,0.0,0.0,0.0,0.0,0.0,0.0,0.0,0.0,0.0,0.0,0.0,0.0,0.0,0.0,0.0,0.1782,0.5077,0.2951,0.6087,0.0,0.0,0.1008,-0.5392,0.1531,-0.7939,0.0,0.0,0.1237,-0.687,0.2366,-0.8754,0.0,0.0,0.0,0.0,0.0,0.0,0.0,0.0,0.0,0.0,0.0,0.0,0.0,0.0,0.0,0.0,-0.1668,-0.5413,-0.4054,-0.647,0.0,0.0,0.0,0.0,0.0,0.0,0.0,0.0,0.0,0.0,0.2041,0.4968,0.0,0.0,0.0,0.0,0.0,0.0,False,False,True,True,False,False,front,False,False,False,True,False,False,
record8.mp4,6a24bdc5d4a5d763,12916,2500,2833,30,34,2.8146,0.2161,2.0938,0.5774,1.9071,0.8304,1.7928,1.0847,2.1113,1.1717,1.9793,1.4697,1.8572,1.733,2.5992,1.2141,2.5384,1.575,2.475,1.8806,2.9896,1.1829,2.9834,1.5359,2.9543,1.8389,3.3198,1.1708,3.4069,1.4358,3.4661,1.6939,2.8205,0.2144,2.0986,0.5742,1.9119,0.8259,1.7944,1.0683,2.1128,1.1454,1.9654,1.4247,1.8236,1.6793,2.5981,1.2039,2.5369,1.5559,2.4767,1.8639,2.9906,1.2029,2.9907,1.5641,2.9713,1.8802,3.3226,1.1785,3.4097,1.4415,3.4688,1.6974,2.7996,0.2097,2.0883,0.5783,1.8986,0.8242,1.7825,1.0714,2.0945,1.1691,1.9549,1.4638,1.824,1.721,2.5817,1.2383,2.5173,1.6138,2.4517,1.9382,2.9821,1.2169,2.9803,1.5946,2.9509,1.9149,3.3108,1.1683,3.4018,1.4304,3.4594,1.6858,2.7972,0.2148,2.0863,0.5888,1.9022,0.8281,1.7813,1.0644,2.1038,1.1857,1.97,1.4838,1.848,1.7467,2.5802,1.2206,2.5212,1.5824,2.4614,1.9002,2.9753,1.2101,2.9776,1.5796,2.9556,1.8975,3.3035,1.1648,3.3924,1.4246,3.4504,1.6788,2.8095,0.2224,2.0963,0.589,1.9074,0.8348,1.791,1.0754,2.1192,1.1728,1.9796,1.4647,1.85,1.7236,2.5971,1.2103,2.5357,1.561,2.4731,1.8644,2.9834,1.1978,2.9862,1.5543,2.9675,1.8616,3.3086,1.1659,3.3995,1.4246,3.4603,1.6778,0.0,0.0,0.0,0.0,0.0,0.0,0.0,0.0,0.0,0.0,-0.1668,-0.5413,-0.4054,-0.647,0.0,0.0,0.0,0.0,0.0,0.0,0.0,0.0,0.0,0.0,0.2041,0.4968,0.0,0.0,0.0,0.0,0.0,0.0,0.0,0.0,0.0,0.0,0.0,0.0,0.0,0.0,0.0,0.0,-0.1271,0.4703,0.0052,0.5022,-0.1976,0.4146,-0.2363,0.6982,-0.3006,0.8956,0.0,0.0,0.0,0.0,-0.2451,0.4188,0.0,0.0,0.0,0.0,0.0,0.0,0.0,0.0,0.0,0.0,0.0,0.0,0.0,0.0,0.0,0.0,0.0,0.0,0.2853,0.3064,0.0,0.0,0.0,0.0,0.1154,-0.4521,0.0,0.0,0.0,0.0,0.0,0.0,0.0,0.0,0.0,0.0,0.0,0.0,0.0,0.0,0.0,0.0,0.0,0.0,0.0,0.0,0.0,0.0,0.0,0.0,0.0,0.0,0.0,0.0,0.0,0.0,0.141,-0.4323,0.0,0.0,0.0,0.0,0.144,-0.4317,0.0,0.0,0.0,0.0,0.0,0.0,False,True,False,True,False,False,front,False,False,False,True,False,False,
record8.mp4,6a24bdc5d4a5d763,12916,2750,3083,33,37,2.7972,0.2148,2.0863,0.5888,1.9022,0.8281,1.7813,1.0644,2.1038,1.1857,1.97,1.4838,1.848,1.7467,2.5802,1.2206,2.5212,1.5824,2.4614,1.9002,2.9753,1.2101,2.9776,1.5796,2.9556,1.8975,3.3035,1.1648,3.3924,1.4246,3.4504,1.6788,2.8095,0.2224,2.0963,0.589,1.9074,0.8348,1.791,1.0754,2.1192,1.1728,1.9796,1.4647,1.85,1.7236,2.5971,1.2103,2.5357,1.561,2.4731,1.8644,2.9834,1.1978,2.9862,1.5543,2.9675,1.8616,3.3086,1.1659,3.3995,1.4246,3.4603,1.6778,2.8233,0.2172,2.1119,0.586,1.9195,0.8283,1.8049,1.0676,2.1213,1.1534,1.9777,1.4421,1.8456,1.6981,2.5975,1.2339,2.5335,1.6078,2.4687,1.9358,2.9839,1.2079,2.986,1.5732,2.965,1.8859,3.3119,1.1645,3.4,1.4233,3.4574,1.6761,2.8197,0.219,2.1071,0.5831,1.9247,0.8281,1.8204,1.0777,2.14,1.2008,2.0069,1.5015,1.8862,1.7656,2.6122,1.2355,2.5637,1.599,2.5146,1.9179,2.9916,1.2082,2.9957,1.5674,2.9803,1.8761,3.3274,1.1603,3.4341,1.4084,3.5123,1.6485,2.8193,0.2353,2.1025,0.6037,1.9192,0.8545,1.8151,1.1035,2.1387,1.2234,2.0027,1.5163,1.8775,1.7764,2.6278,1.2304,2.5867,1.5664,2.5435,1.8541,2.9975,1.1962,3.0092,1.5246,3.0072,1.8145,3.3246,1.1593,3.4363,1.3914,3.526,1.6225,0.0,0.0,0.0,0.0,0.0,0.0,0.0,0.0,0.0,0.0,0.0,0.0,0.0,0.0,0.0,0.0,0.0,0.0,0.141,-0.4323,0.0,0.0,0.0,0.0,0.144,-0.4317,0.0,0.0,0.0,0.0,0.0,0.0,0.0,0.0,0.0,0.0,0.0,0.0,0.0,0.0,0.0,0.0,0.0,0.0,0.0,0.0,0.0,0.0,-0.0268,0.5643,-0.0533,0.8603,0.0,0.0,0.0,0.0,0.0,0.0,0.0,0.0,0.0,0.0,0.0,0.0,0.0,0.0,0.0,0.0,0.0,0.0,0.0,0.0,0.2227,0.5645,0.3472,0.7073,0.4827,0.8035,0.0,0.0,0.0,0.0,0.5458,-0.2122,0.0,0.0,0.0,0.0,0.0,0.0,0.0,0.0,0.4054,-0.178,0.6539,-0.329,0.0,0.0,0.0,0.0,0.0,0.0,0.0,0.0,0.0,0.0,0.0,0.0,0.0,0.0,0.0,0.0,0.2775,-0.3933,0.3491,-0.7685,0.0,0.0,0.1634,-0.5151,0.3245,-0.7416,0.0,0.0,0.0,0.0,0.0,0.0,False,True,True,False,False,False,front,False,False,False,True,False,False,
record8.mp4,6a24bdc5d4a5d763,12916,3000,3333,36,40,2.8197,0.219,2.1071,0.5831,1.9247,0.8281,1.8204,1.0777,2.14,1.2008,2.0069,1.5015,1.8862,1.7656,2.6122,1.2355,2.5637,1.599,2.5146,1.9179,2.9916,1.2082,2.9957,1.5674,2.9803,1.8761,3.3274,1.1603,3.4341,1.4084,3.5123,1.6485,2.8193,0.2353,2.1025,0.6037,1.9192,0.8545,1.8151,1.1035,2.1387,1.2234,2.0027,1.5163,1.8775,1.7764,2.6278,1.2304,2.5867,1.5664,2.5435,1.8541,2.9975,1.1962,3.0092,1.5246,3.0072,1.8145,3.3246,1.1593,3.4363,1.3914,3.526,1.6225,2.8319,0.2364,2.1086,0.6057,1.9302,0.8642,1.8368,1.122,2.13,1.1907,1.9899,1.4763,1.859,1.7335,2.6296,1.2788,2.5809,1.6537,2.5277,1.9766,2.9948,1.2302,2.9972,1.5666,2.9796,1.8554,3.326,1.1918,3.4295,1.4386,3.5053,1.6811,2.8351,0.2381,2.1103,0.5984,1.9486,0.8582,1.8688,1.1274,2.143,1.2347,2.0021,1.5311,1.8769,1.7905,2.6344,1.282,2.5886,1.6439,2.5422,1.9542,2.9962,1.2521,3.0026,1.5985,2.9929,1.8925,3.3236,1.199,3.4279,1.4473,3.5065,1.6848,2.8155,0.2371,2.1127,0.5922,1.955,0.8517,1.8754,1.1098,2.1142,1.2496,1.9721,1.5363,1.8447,1.7762,2.5986,1.2748,2.5393,1.5709,2.483,1.7693,2.9765,1.254,2.974,1.5677,2.9591,1.8067,3.3065,1.1945,3.4132,1.4172,3.4969,1.6224,0.0,0.0,0.0,0.0,0.0,0.0,0.0,0.0,0.0,0.0,0.0,0.0,0.0,0.0,0.0,0.0,0.2775,-0.3933,0.3491,-0.7685,0.0,0.0,0.1634,-0.5151,0.3245,-0.7416,0.0,0.0,0.0,0.0,0.0,0.0,0.0,0.0,0.0,0.0,0.0,0.0,0.0,0.0,-0.1052,-0.3941,-0.1547,-0.4816,-0.2226,-0.518,0.0217,0.5826,-0.0699,1.0526,-0.1904,1.475,-0.0317,0.4094,-0.1451,0.506,-0.3326,0.492,0.0,0.0,-0.0814,0.5685,-0.2495,0.7062,0.0,0.0,0.0,0.0,0.0,0.0,0.0,0.0,0.1548,0.5232,0.1453,0.6526,0.2131,0.6797,0.0,0.0,0.0,0.0,0.0,0.0,0.0,0.0,0.0,0.0,0.1592,0.4418,0.0,0.0,0.0,0.0,0.0,0.0,0.0,0.0,0.0,0.0,0.0,0.0,0.0,0.0,0.0,0.0,0.0,0.0,-0.3876,-0.1727,-0.4315,-0.0866,-0.5934,-0.8796,-0.7131,-2.228,0.0,0.0,-0.3446,-0.371,-0.4073,-1.0333,0.0,0.0,-0.1769,-0.362,-0.1153,-0.7519,False,True,True,True,False,False,front,False,False,False,True,False,False,
record8.mp4,6a24bdc5d4a5d763,12916,3250,3583,39,43,2.8351,0.2381,2.1103,0.5984,1.9486,0.8582,1.8688,1.1274,2.143,1.2347,2.0021,1.5311,1.8769,1.7905,2.6344,1.282,2.5886,1.6439,2.5422,1.9542,2.9962,1.2521,3.0026,1.5985,2.9929,1.8925,3.3236,1.199,3.4279,1.4473,3.5065,1.6848,2.8155,0.2371,2.1127,0.5922,1.955,0.8517,1.8754,1.1098,2.1142,1.2496,1.9721,1.5363,1.8447,1.7762,2.5986,1.2748,2.5393,1.5709,2.483,1.7693,2.9765,1.254,2.974,1.5677,2.9591,1.8067,3.3065,1.1945,3.4132,1.4172,3.4969,1.6224,2.8066,0.2398,2.1116,0.5923,1.9656,0.855,1.8798,1.1031,2.1199,1.2076,1.9673,1.4671,1.8247,1.6877,2.5878,1.271,2.5385,1.572,2.4911,1.8105,2.9523,1.258,2.9522,1.5765,2.9416,1.8366,3.2763,1.2132,3.374,1.4399,3.4486,1.6553,2.7847,0.2488,2.0975,0.5906,1.9633,0.8565,1.8637,1.1014,2.0661,1.1838,1.906,1.4261,1.7555,1.635,2.5442,1.2749,2.5057,1.5716,2.4764,1.812,2.9251,1.2539,2.9066,1.5234,2.8857,1.7337,3.2651,1.2316,3.3724,1.447,3.4547,1.6562,2.7851,0.2574,2.0856,0.5867,1.956,0.8589,1.8336,1.0946,2.0473,1.1361,1.8775,1.3782,1.7139,1.5848,2.5471,1.2414,2.5086,1.5308,2.4739,1.7622,2.9289,1.2376,2.914,1.4927,2.8907,1.6943,3.271,1.2253,3.3876,1.4414,3.4744,1.6507,0.0,0.0,0.0,0.0,0.0,0.0,0.0,0.0,0.0,0.0,0.0,0.0,-0.3876,-0.1727,-0.4315,-0.0866,-0.5934,-0.8796,-0.7131,-2.228,0.0,0.0,-0.3446,-0.371,-0.4073,-1.0333,0.0,0.0,-0.1769,-0.362,-0.1153,-0.7519,0.0,0.0,0.0,0.0,0.0,0.0,0.0,0.0,0.0679,-0.5067,-0.057,-0.8337,-0.2418,-1.0661,0.0,0.0,0.0,0.0,0.0971,0.4966,0.0,0.0,0.0,0.0,-0.2111,0.3599,-0.3636,0.2252,-0.472,0.2733,-0.582,0.3964,0.0,0.0,0.0,0.0,0.0,0.0,0.0,0.0,-0.6407,-0.2829,-0.7302,-0.4881,-0.8237,-0.6277,-0.5195,0.0466,0.0,0.0,0.0,0.0,0.0,0.0,-0.5431,-0.6324,-0.6654,-1.2253,0.0,0.0,0.0,0.0,0.0,0.0,0.0,0.0,0.0,0.0,0.0,0.0,0.0,0.0,-0.2261,-0.5754,-0.3431,-0.5773,-0.501,-0.6046,0.036,-0.404,0.0347,-0.4921,-0.0292,-0.5998,0.0,0.0,0.0,0.0,0.0595,-0.4747,0.0,0.0,0.0,0.0,0.0,0.0,False,False,False,False,False,False,front,False,False,False,True,False,False,
record8.mp4,6a24bdc5d4a5d763,12916,3500,3833,42,46,2.7847,0.2488,2.0975,0.5906,1.9633,0.8565,1.8637,1.1014,2.0661,1.1838,1.906,1.4261,1.7555,1.635,2.5442,1.2749,2.5057,1.5716,2.4764,1.812,2.9251,1.2539,2.9066,1.5234,2.8857,1.7337,3.2651,1.2316,3.3724,1.447,3.4547,1.6562,2.7851,0.2574,2.0856,0.5867,1.956,0.8589,1.8336,1.0946,2.0473,1.1361,1.8775,1.3782,1.7139,1.5848,2.5471,1.2414,2.5086,1.5308,2.4739,1.7622,2.9289,1.2376,2.914,1.4927,2.8907,1.6943,3.271,1.2253,3.3876,1.4414,3.4744,1.6507,2.7608,0.2569,2.0522,0.5763,1.9304,0.8431,1.7946,1.0736,1.9752,1.169,1.8163,1.4179,1.6664,1.6327,2.4452,1.2511,2.391,1.5482,2.3438,1.7919,2.8468,1.2313,2.8287,1.4934,2.7997,1.7128,3.2129,1.2183,3.3296,1.43,3.4138,1.6429,2.7745,0.2655,2.0549,0.5572,1.9284,0.8366,1.7893,1.0708,1.9902,1.1786,1.8427,1.4471,1.7069,1.6792,2.4501,1.2459,2.3855,1.5486,2.3306,1.7934,2.8459,1.2277,2.8067,1.502,2.7565,1.7291,3.2014,1.2243,3.3069,1.4363,3.3746,1.6477,2.8481,0.2708,2.1151,0.511,1.9451,0.7932,1.7837,1.0024,2.0217,1.0684,1.8645,1.3364,1.723,1.5729,2.4782,1.181,2.4023,1.4597,2.3411,1.6753,2.863,1.2213,2.8232,1.4737,2.7861,1.6677,3.2001,1.234,3.3056,1.4303,3.3865,1.6174,0.0,0.0,0.0,0.0,0.0,0.0,0.0,0.0,-0.2261,-0.5754,-0.3431,-0.5773,-0.501,-0.6046,0.036,-0.404,0.0347,-0.4921,-0.0292,-0.5998,0.0,0.0,0.0,0.0,0.0595,-0.4747,0.0,0.0,0.0,0.0,0.0,0.0,0.0,0.0,-0.4018,-0.1251,0.0,0.0,-0.4703,-0.253,-0.8684,0.3969,-0.7379,0.4775,-0.5723,0.5772,-1.2279,0.1173,-1.4172,0.2101,-1.5681,0.3574,-0.9897,-0.0766,-1.0288,0.0086,-1.0954,0.2233,-0.6988,-0.0849,-0.6992,-0.1379,-0.7298,-0.0941,0.0,0.0,0.0,0.0,0.0,0.0,0.0,0.0,0.0,0.0,0.3149,0.3479,0.4818,0.5529,0.0,0.0,0.0,0.0,0.0,0.0,0.0,0.0,0.0,0.0,-0.5153,0.1946,0.0,0.0,0.0,0.0,-0.4661,0.0572,0.8862,0.0642,0.7257,-0.5573,0.2007,-0.5235,-0.0672,-0.8241,0.3791,-1.3284,0.2627,-1.3337,0.1941,-1.28,0.3374,-0.7818,0.2024,-1.0717,0.1265,-1.4222,0.0,0.0,0.0,0.0,0.3576,-0.7404,0.0,0.0,0.0,0.0,0.0,0.0,False,True,False,False,False,False,front,False,False,False,True,False,False,
record8.mp4,6a24bdc5d4a5d763,12916,3750,4083,45,49,2.7745,0.2655,2.0549,0.5572,1.9284,0.8366,1.7893,1.0708,1.9902,1.1786,1.8427,1.4471,1.7069,1.6792,2.4501,1.2459,2.3855,1.5486,2.3306,1.7934,2.8459,1.2277,2.8067,1.502,2.7565,1.7291,3.2014,1.2243,3.3069,1.4363,3.3746,1.6477,2.8481,0.2708,2.1151,0.511,1.9451,0.7932,1.7837,1.0024,2.0217,1.0684,1.8645,1.3364,1.723,1.5729,2.4782,1.181,2.4023,1.4597,2.3411,1.6753,2.863,1.2213,2.8232,1.4737,2.7861,1.6677,3.2001,1.234,3.3056,1.4303,3.3865,1.6174,2.8851,0.2783,2.1337,0.5097,1.9767,0.8083,1.8327,1.0404,2.0526,1.1174,1.8958,1.3956,1.763,1.6357,2.4875,1.244,2.4043,1.5574,2.3374,1.8117,2.872,1.2753,2.8283,1.571,2.7808,1.8261,3.2025,1.2486,3.3069,1.4484,3.3861,1.639,2.8747,0.2825,2.1292,0.5158,1.9877,0.815,1.8332,1.0695,2.0979,1.1879,1.9636,1.4844,1.8417,1.7321,2.4877,1.3068,2.3819,1.6609,2.2835,1.9403,2.8671,1.2861,2.7997,1.5942,2.7233,1.8408,3.2097,1.2465,3.3138,1.4588,3.3947,1.6599,2.8644,0.2912,2.1269,0.514,1.9907,0.8075,1.8263,1.0661,2.1191,1.186,1.9794,1.4656,1.8412,1.7028,2.5026,1.3157,2.3905,1.663,2.2844,1.9436,2.8729,1.298,2.8048,1.6199,2.7244,1.8772,3.2222,1.2571,3.3253,1.4734,3.4074,1.6801,0.8862,0.0642,0.7257,-0.5573,0.2007,-0.5235,-0.0672,-0.8241,0.3791,-1.3284,0.2627,-1.3337,0.1941,-1.28,0.3374,-0.7818,0.2024,-1.0717,0.1265,-1.4222,0.0,0.0,0.0,0.0,0.3576,-0.7404,0.0,0.0,0.0,0.0,0.0,0.0,0.4466,0.0898,0.0,0.0,0.3803,0.1828,0.5904,0.4581,0.3719,0.5902,0.3768,0.7138,0.4824,0.7558,0.1122,0.7593,0.0243,1.1769,-0.0444,1.6426,0.1091,0.6501,0.0623,1.1728,-0.0641,1.9092,0.0,0.0,0.0,0.0,0.0,0.0,0.0,0.0,0.0,0.0,0.0,0.0,0.0,0.0,0.5394,0.8401,0.8068,1.0571,0.9366,1.148,0.0027,0.7473,-0.2664,1.2323,-0.6415,1.532,0.0,0.0,-0.3407,0.2763,-0.6845,0.1741,0.0,0.0,0.0,0.0,0.0,0.0,0.0,0.0,0.0,0.0,0.0,0.0,0.0,0.0,0.0,0.0,0.0,0.0,0.0,0.0,0.0,0.0,0.0,0.0,0.0,0.0,0.0,0.0,0.0,0.0,0.0127,0.4386,0.0,0.0,0.0,0.0,0.0,0.0,False,False,True,True,False,False,front,False,False,False,True,False,False,
record8.mp4,6a24bdc5d4a5d763,12916,4000,4333,48,52,2.8747,0.2825,2.1292,0.5158,1.9877,0.815,1.8332,1.0695,2.0979,1.1879,1.9636,1.4844,1.8417,1.7321,2.4877,1.3068,2.3819,1.6609,2.2835,1.9403,2.8671,1.2861,2.7997,1.5942,2.7233,1.8408,3.2097,1.2465,3.3138,1.4588,3.3947,1.6599,2.8644,0.2912,2.1269,0.514,1.9907,0.8075,1.8263,1.0661,2.1191,1.186,1.9794,1.4656,1.8412,1.7028,2.5026,1.3157,2.3905,1.663,2.2844,1.9436,2.8729,1.298,2.8048,1.6199,2.7244,1.8772,3.2222,1.2571,3.3253,1.4734,3.4074,1.6801,2.8809,0.2864,2.1255,0.5035,1.9827,0.8043,1.828,1.0685,2.1269,1.1732,1.9806,1.4464,1.8366,1.6806,2.5363,1.2786,2.4315,1.6104,2.3319,1.891,2.8959,1.2642,2.8333,1.5684,2.7624,1.8262,3.2389,1.2713,3.3423,1.4835,3.4259,1.6915,2.9061,0.2861,2.1283,0.4864,1.9838,0.7902,1.8374,1.0624,2.1406,1.1626,1.993,1.4268,1.841,1.6576,2.549,1.2645,2.438,1.594,2.3298,1.8738,2.9039,1.2681,2.837,1.5754,2.7574,1.8407,3.2446,1.2842,3.3414,1.495,3.4134,1.7079,2.9291,0.2833,2.1341,0.4907,1.984,0.7996,1.8387,1.0811,2.2262,1.1412,2.1149,1.415,1.9906,1.6545,2.5668,1.2825,2.4524,1.6331,2.3349,1.9248,2.9163,1.2921,2.8535,1.6218,2.769,1.8965,3.2651,1.2726,3.3561,1.4926,3.4154,1.7122,0.0,0.0,0.0,0.0,0.0,0.0,0.0,0.0,0.0,0.0,0.0,0.0,0.0,0.0,0.0,0.0,0.0,0.0,0.0,0.0,0.0,0.0,0.0,0.0,0.0127,0.4386,0.0,0.0,0.0,0.0,0.0,0.0,0.0,0.0,0.0,0.0,0.0,0.0,0.0,0.0,0.0,0.0,0.0,0.0,0.0,0.0,0.4057,-0.447,0.4946,-0.6326,0.5728,-0.6345,0.2773,-0.4072,0.3433,-0.6201,0.4579,-0.6136,0.0,0.0,0.0,0.0,0.0,0.0,0.0,0.0,0.0,0.0,0.0,0.0,0.0,0.0,0.0,0.0,0.0,0.0,0.0,0.0,0.0,0.0,0.0,0.0,0.0,0.0,0.0,0.0,0.0,0.0,0.0,0.0,0.0,0.0,0.0,0.0,0.0,0.0,0.0,0.0,0.0,0.0,0.0,0.0,0.0,0.0,1.0321,-0.2578,1.4685,-0.1417,1.803,-0.0369,0.0,0.0,0.174,0.4715,0.0613,0.6147,0.0,0.0,0.199,0.5591,0.1397,0.6719,0.0,0.0,0.0,0.0,0.0,0.0,False,False,False,False,False,False,front,False,False,False,True,False,False,
record8.mp4,6a24bdc5d4a5d763,12916,4250,4583,51,55,2.9061,0.2861,2.1283,0.4864,1.9838,0.7902,1.8374,1.0624,2.1406,1.1626,1.993,1.4268,1.841,1.6576,2.549,1.2645,2.438,1.594,2.3298,1.8738,2.9039,1.2681,2.837,1.5754,2.7574,1.8407,3.2446,1.2842,3.3414,1.495,3.4134,1.7079,2.9291,0.2833,2.1341,0.4907,1.984,0.7996,1.8387,1.0811,2.2262,1.1412,2.1149,1.415,1.9906,1.6545,2.5668,1.2825,2.4524,1.6331,2.3349,1.9248,2.9163,1.2921,2.8535,1.6218,2.769,1.8965,3.2651,1.2726,3.3561,1.4926,3.4154,1.7122,2.9364,0.2865,2.1392,0.4979,1.9898,0.808,1.8479,1.099,2.2139,1.1328,2.0841,1.3959,1.9465,1.6231,2.5675,1.3211,2.4518,1.6798,2.3362,1.975,2.9321,1.3285,2.8864,1.6763,2.8147,1.9606,3.2647,1.2817,3.3632,1.5082,3.4285,1.7335,2.9491,0.2878,2.1464,0.4923,1.9963,0.8076,1.8569,1.0908,2.1789,1.1563,2.0256,1.4142,1.8763,1.6417,2.574,1.3012,2.4721,1.6395,2.3751,1.9185,2.9335,1.3064,2.8841,1.6323,2.8201,1.9025,3.264,1.2849,3.3616,1.5064,3.4319,1.7226,2.9789,0.2935,2.1703,0.4773,2.009,0.7893,1.8547,1.0465,2.1553,1.1005,1.9933,1.3517,1.85,1.568,2.5766,1.2159,2.4939,1.4904,2.4369,1.701,2.9228,1.2616,2.8707,1.5204,2.821,1.728,3.2513,1.2884,3.3591,1.5007,3.447,1.7035,0.0,0.0,0.0,0.0,0.0,0.0,0.0,0.0,1.0321,-0.2578,1.4685,-0.1417,1.803,-0.0369,0.0,0.0,0.174,0.4715,0.0613,0.6147,0.0,0.0,0.199,0.5591,0.1397,0.6719,0.0,0.0,0.0,0.0,0.0,0.0,0.0,0.0,0.0,0.0,0.0,0.0,0.0,0.0,0.0,0.0,-0.3707,-0.2299,-0.5319,-0.3787,0.0077,0.4654,-0.0072,0.5632,0.0154,0.6042,0.1906,0.4386,0.396,0.656,0.5497,0.7722,0.0,0.0,0.0,0.0,0.0,0.0,0.0,0.0,0.0,0.0,0.0,0.0,0.0,0.0,-0.4163,0.2795,-0.6959,0.2177,-0.8354,0.2212,0.0,0.0,0.2407,-0.4803,0.4638,-0.6721,0.0,0.0,-0.027,-0.524,0.0648,-0.6922,0.0,0.0,0.0,0.0,0.0,0.0,0.0,0.0,0.0,0.0,0.0,0.0,-0.026,-0.5344,-0.2843,-0.6724,-0.39,-0.7533,-0.3172,-0.888,0.0317,-1.0276,0.2631,-1.7958,0.7442,-2.6203,-0.1284,-0.5396,-0.1612,-1.3481,0.0113,-2.1014,0.0,0.0,0.0,0.0,0.0,0.0,False,False,True,True,False,False,front,False,False,False,True,False,False,
record8.mp4,6a24bdc5d4a5d763,12916,4500,4833,54,58,2.9491,0.2878,2.1464,0.4923,1.9963,0.8076,1.8569,1.0908,2.1789,1.1563,2.0256,1.4142,1.8763,1.6417,2.574,1.3012,2.4721,1.6395,2.3751,1.9185,2.9335,1.3064,2.8841,1.6323,2.8201,1.9025,3.264,1.2849,3.3616,1.5064,3.4319,1.7226,2.9789,0.2935,2.1703,0.4773,2.009,0.7893,1.8547,1.0465,2.1553,1.1005,1.9933,1.3517,1.85,1.568,2.5766,1.2159,2.4939,1.4904,2.4369,1.701,2.9228,1.2616,2.8707,1.5204,2.821,1.728,3.2513,1.2884,3.3591,1.5007,3.447,1.7035,3.0262,0.2844,2.2048,0.4459,2.0138,0.7191,1.8514,0.9322,2.1383,0.9553,1.9347,1.1525,1.7661,1.3108,2.5633,1.1651,2.4697,1.4075,2.4086,1.5688,2.8872,1.2362,2.8284,1.469,2.7975,1.6436,3.208,1.2403,3.2961,1.4162,3.3824,1.5745,2.9922,0.2811,2.1816,0.4669,2.0041,0.7692,1.8461,0.9979,2.0764,1.0877,1.894,1.3381,1.7481,1.5365,2.4421,1.2897,2.3175,1.601,2.2321,1.844,2.8187,1.3069,2.739,1.589,2.6802,1.8234,3.1964,1.259,3.2848,1.463,3.3619,1.6493,2.9482,0.2912,2.1747,0.475,2.0015,0.7794,1.835,1.0068,2.0476,1.1111,1.8645,1.3637,1.7174,1.5631,2.4589,1.2653,2.3613,1.5151,2.2918,1.6696,2.8212,1.3002,2.7473,1.5521,2.6986,1.7418,3.1906,1.2989,3.285,1.5084,3.3683,1.7001,0.0,0.0,0.0,0.0,0.0,0.0,-0.026,-0.5344,-0.2843,-0.6724,-0.39,-0.7533,-0.3172,-0.888,0.0317,-1.0276,0.2631,-1.7958,0.7442,-2.6203,-0.1284,-0.5396,-0.1612,-1.3481,0.0113,-2.1014,0.0,0.0,0.0,0.0,0.0,0.0,0.5689,-0.1098,0.4159,-0.3784,0.0587,-0.8465,-0.0407,-1.3765,-0.2049,-1.7488,-0.7055,-2.3995,-1.0103,-3.0982,-0.161,-0.6125,-0.2914,-0.9989,-0.3412,-1.5928,-0.4287,-0.3065,-0.5106,-0.619,-0.2835,-1.017,-0.5212,-0.5797,-0.759,-1.0184,-0.7786,-1.5536,-0.4046,-0.0393,0.0,0.0,-0.1164,0.5969,-0.0628,0.7825,-0.7368,1.5758,-0.4845,2.2099,-0.2144,2.6866,-1.4425,1.4842,-1.8116,2.3029,-2.1008,3.2762,-0.8159,0.842,-1.0638,1.4287,-1.3964,2.1403,0.0,0.0,-0.1347,0.5577,-0.2434,0.8908,-0.53,0.1224,0.0,0.0,0.0,0.0,0.0,0.0,-0.3469,0.2819,-0.3555,0.3083,-0.3691,0.3204,0.0,0.0,0.5278,-1.0346,0.7193,-2.1014,0.0,0.0,0.0994,-0.4444,0.2222,-0.9835,-0.0697,0.4808,0.0028,0.5469,0.0762,0.6118,False,True,True,True,True,False,front,False,False,False,True,False,False,
record8.mp4,6a24bdc5d4a5d763,12916,4750,5083,57,61,2.9922,0.2811,2.1816,0.4669,2.0041,0.7692,1.8461,0.9979,2.0764,1.0877,1.894,1.3381,1.7481,1.5365,2.4421,1.2897,2.3175,1.601,2.2321,1.844,2.8187,1.3069,2.739,1.589,2.6802,1.8234,3.1964,1.259,3.2848,1.463,3.3619,1.6493,2.9482,0.2912,2.1747,0.475,2.0015,0.7794,1.835,1.0068,2.0476,1.1111,1.8645,1.3637,1.7174,1.5631,2.4589,1.2653,2.3613,1.5151,2.2918,1.6696,2.8212,1.3002,2.7473,1.5521,2.6986,1.7418,3.1906,1.2989,3.285,1.5084,3.3683,1.7001,2.9429,0.2935,2.1613,0.4847,1.9878,0.8019,1.8326,1.0399,2.0457,1.1186,1.8676,1.3742,1.722,1.5838,2.4777,1.2246,2.3916,1.4722,2.3382,1.6551,2.8333,1.2701,2.7694,1.515,2.7232,1.7193,3.1794,1.2862,3.2749,1.4879,3.3582,1.6791,2.9259,0.2928,2.1499,0.4898,1.9844,0.8016,1.8359,1.0537,2.0617,1.1131,1.8897,1.3682,1.7439,1.5794,2.4752,1.2812,2.3651,1.6003,2.2733,1.8601,2.8323,1.2911,2.7533,1.5695,2.6779,1.8029,3.1834,1.2892,3.2764,1.5001,3.3522,1.6975,2.9118,0.2877,2.132,0.5029,1.9679,0.8175,1.8235,1.0678,2.0578,1.1072,1.8839,1.3624,1.7305,1.5736,2.4679,1.3066,2.3498,1.6481,2.2442,1.9178,2.8256,1.2953,2.7393,1.589,2.6527,1.8271,3.1778,1.2897,3.2677,1.5071,3.3377,1.7127,-0.53,0.1224,0.0,0.0,0.0,0.0,0.0,0.0,-0.3469,0.2819,-0.3555,0.3083,-0.3691,0.3204,0.0,0.0,0.5278,-1.0346,0.7193,-2.1014,0.0,0.0,0.0994,-0.4444,0.2222,-0.9835,-0.0697,0.4808,0.0028,0.5469,0.0762,0.6118,0.0,0.0,0.0,0.0,0.0,0.0,0.0,0.0,0.0,0.0,0.0,0.0,0.0,0.0,0.227,-0.4908,0.3644,-0.517,0.5589,-0.1745,0.0,0.0,0.2668,-0.4475,0.2961,-0.2709,0.0,0.0,0.0,0.0,0.0,0.0,0.0,0.0,0.0,0.0,0.0,0.0,0.0,0.0,0.0,0.0,0.0,0.0,0.0,0.0,-0.03,0.6733,-0.3151,1.5248,-0.7727,2.4406,0.0,0.0,-0.1913,0.6496,-0.5397,0.9953,0.0,0.0,0.0,0.0,0.0,0.0,0.0,0.0,0.0,0.0,0.0,0.0,0.0,0.0,0.0,0.0,0.0,0.0,0.0,0.0,0.0,0.0,-0.1845,0.5761,-0.3507,0.6949,0.0,0.0,0.0,0.0,-0.3039,0.2911,0.0,0.0,0.0,0.0,0.0,0.0,False,False,True,True,False,False,front,False,False,False,True,False,False,
record8.mp4,6a24bdc5d4a5d763,12916,5000,5333,60,64,2.9259,0.2928,2.1499,0.4898,1.9844,0.8016,1.8359,1.0537,2.0617,1.1131,1.8897,1.3682,1.7439,1.5794,2.4752,1.2812,2.3651,1.6003,2.2733,1.8601,2.8323,1.2911,2.7533,1.5695,2.6779,1.8029,3.1834,1.2892,3.2764,1.5001,3.3522,1.6975,2.9118,0.2877,2.132,0.5029,1.9679,0.8175,1.8235,1.0678,2.0578,1.1072,1.8839,1.3624,1.7305,1.5736,2.4679,1.3066,2.3498,1.6481,2.2442,1.9178,2.8256,1.2953,2.7393,1.589,2.6527,1.8271,3.1778,1.2897,3.2677,1.5071,3.3377,1.7127,2.8867,0.2907,2.1069,0.5186,1.9451,0.8261,1.8073,1.0832,2.0328,1.1583,1.8662,1.4365,1.7145,1.6674,2.4596,1.3241,2.3426,1.6735,2.237,1.9494,2.8238,1.3048,2.7389,1.6073,2.6517,1.8534,3.1702,1.2825,3.2605,1.5003,3.3285,1.7073,2.8784,0.2897,2.1061,0.5123,1.9451,0.8071,1.7935,1.0671,2.0272,1.1777,1.8636,1.466,1.7129,1.7025,2.4613,1.3259,2.3394,1.6845,2.2327,1.9648,2.829,1.2974,2.7421,1.6044,2.6533,1.8506,3.175,1.2837,3.2659,1.5076,3.336,1.7197,2.8707,0.2823,2.0973,0.502,1.9368,0.7895,1.7889,1.0579,2.0204,1.1855,1.857,1.4716,1.7086,1.7065,2.4581,1.3306,2.3341,1.6866,2.2256,1.9623,2.826,1.2982,2.7377,1.6053,2.6458,1.8492,3.1731,1.2734,3.2582,1.4987,3.3215,1.7109,0.0,0.0,0.0,0.0,0.0,0.0,0.0,0.0,0.0,0.0,0.0,0.0,0.0,0.0,0.0,0.0,-0.1845,0.5761,-0.3507,0.6949,0.0,0.0,0.0,0.0,-0.3039,0.2911,0.0,0.0,0.0,0.0,0.0,0.0,0.0,0.0,0.0,0.0,0.0,0.0,0.0,0.0,-0.3016,0.6157,-0.2136,0.8923,-0.1923,1.1305,0.0,0.0,0.0,0.0,0.0,0.0,0.0,0.0,0.0,0.0,0.0,0.0,0.0,0.0,0.0,0.0,0.0,0.0,0.0,0.0,0.0,0.0,0.0,0.0,0.0,0.0,0.0,0.0,0.0,0.0,-0.0189,0.4175,0.0,0.0,0.0,0.0,0.0,0.0,0.0,0.0,0.0,0.0,0.0,0.0,0.0,0.0,0.0,0.0,0.0,0.0,0.0,0.0,0.0,0.0,0.0,0.0,0.0,0.0,0.0,0.0,0.0,0.0,0.0,0.0,0.0,0.0,0.0,0.0,0.0,0.0,0.0,0.0,0.0,0.0,0.0,0.0,0.0,0.0,0.0,0.0,0.0,0.0,False,True,False,False,False,False,front,False,False,False,True,False,False,
record8.mp4,6a24bdc5d4a5d763,12916,5250,5583,63,67,2.8784,0.2897,2.1061,0.5123,1.9451,0.8071,1.7935,1.0671,2.0272,1.1777,1.8636,1.466,1.7129,1.7025,2.4613,1.3259,2.3394,1.6845,2.2327,1.9648,2.829,1.2974,2.7421,1.6044,2.6533,1.8506,3.175,1.2837,3.2659,1.5076,3.336,1.7197,2.8707,0.2823,2.0973,0.502,1.9368,0.7895,1.7889,1.0579,2.0204,1.1855,1.857,1.4716,1.7086,1.7065,2.4581,1.3306,2.3341,1.6866,2.2256,1.9623,2.826,1.2982,2.7377,1.6053,2.6458,1.8492,3.1731,1.2734,3.2582,1.4987,3.3215,1.7109,2.8729,0.2745,2.0916,0.497,1.9271,0.7802,1.7847,1.0535,2.0296,1.184,1.8605,1.4739,1.7071,1.7085,2.4688,1.3284,2.3396,1.6898,2.2246,1.9686,2.8336,1.3052,2.7423,1.6283,2.6439,1.8849,3.1787,1.2696,3.2604,1.4998,3.3172,1.715,2.8617,0.2775,2.0817,0.5059,1.9219,0.772,1.7746,1.0534,2.029,1.1811,1.8568,1.4797,1.6968,1.72,2.4728,1.3278,2.3383,1.6985,2.2149,1.9915,2.8513,1.3063,2.7581,1.6469,2.6537,1.9108,3.1878,1.2709,3.2631,1.5045,3.318,1.725,2.8925,0.2085,2.1074,0.4444,1.923,0.7215,1.7774,0.9873,2.0419,1.1285,1.8592,1.4147,1.6993,1.658,2.4857,1.3167,2.3542,1.6817,2.2373,1.976,2.8516,1.3047,2.7573,1.6445,2.6559,1.9226,3.1893,1.2495,3.26,1.4935,3.3108,1.7201,0.0,0.0,0.0,0.0,0.0,0.0,0.0,0.0,0.0,0.0,0.0,0.0,0.0,0.0,0.0,0.0,0.0,0.0,0.0,0.0,0.0,0.0,0.0,0.0,0.0,0.0,0.0,0.0,0.0,0.0,0.0,0.0,0.0,0.0,0.0,0.0,0.0,0.0,0.0,0.0,0.0,0.0,0.0,0.0,0.0,0.0,0.0,0.0,0.0,0.0,0.0,0.0,0.0,0.0,0.0,0.0,-0.0224,0.4292,0.0,0.0,0.0,0.0,0.0,0.0,0.0,0.0,0.0,0.0,0.0,0.0,0.0,0.0,0.0,0.0,0.0,0.0,0.0,0.0,0.0,0.0,0.0,0.0,0.0,0.0,0.0,0.0,0.0,0.0,0.0,0.0,0.0,0.0,0.0,0.0,0.0,0.0,0.3716,-0.832,0.3097,-0.741,0.0134,-0.6081,0.0339,-0.7967,0.1551,-0.6333,0.0287,-0.7835,0.0301,-0.7476,0.0,0.0,0.0,0.0,0.0,0.0,0.0,0.0,0.0,0.0,0.0,0.0,0.0,0.0,0.0,0.0,0.0,0.0,False,False,False,False,False,False,front,False,False,False,True,False,False,
record8.mp4,6a24bdc5d4a5d763,12916,5500,5833,66,70,2.8617,0.2775,2.0817,0.5059,1.9219,0.772,1.7746,1.0534,2.029,1.1811,1.8568,1.4797,1.6968,1.72,2.4728,1.3278,2.3383,1.6985,2.2149,1.9915,2.8513,1.3063,2.7581,1.6469,2.6537,1.9108,3.1878,1.2709,3.2631,1.5045,3.318,1.725,2.8925,0.2085,2.1074,0.4444,1.923,0.7215,1.7774,0.9873,2.0419,1.1285,1.8592,1.4147,1.6993,1.658,2.4857,1.3167,2.3542,1.6817,2.2373,1.976,2.8516,1.3047,2.7573,1.6445,2.6559,1.9226,3.1893,1.2495,3.26,1.4935,3.3108,1.7201,2.6848,0.1108,2.938,0.4661,3.0446,0.7255,3.0915,0.9355,2.6554,1.1871,2.5909,1.4006,2.512,1.5437,2.4725,1.2271,2.3915,1.3978,2.3259,1.5038,2.2802,0.8963,2.4223,0.725,2.5391,0.565,2.1544,0.5357,2.2505,0.4086,2.3358,0.2841,0.0,0.0,0.0,0.0,0.0,0.0,0.0,0.0,0.0,0.0,0.0,0.0,0.0,0.0,0.0,0.0,0.0,0.0,0.0,0.0,0.0,0.0,0.0,0.0,0.0,0.0,0.0,0.0,0.0,0.0,0.0,0.0,0.0,0.0,0.0,0.0,0.0,0.0,0.0,0.0,0.0,0.0,0.0,0.0,0.0,0.0,0.0,0.0,0.0,0.0,0.0,0.0,0.0,0.0,0.0,0.0,0.0,0.0,0.0,0.0,0.0,0.0,0.0,0.0,0.3716,-0.832,0.3097,-0.741,0.0134,-0.6081,0.0339,-0.7967,0.1551,-0.6333,0.0287,-0.7835,0.0301,-0.7476,0.0,0.0,0.0,0.0,0.0,0.0,0.0,0.0,0.0,0.0,0.0,0.0,0.0,0.0,0.0,0.0,0.0,0.0,-2.5022,-1.1773,10.0072,0.2615,13.5142,0.0481,15.8329,-0.6237,7.3915,0.7062,8.8158,-0.1698,9.7906,-1.3764,-0.1593,-1.0797,0.45,-3.4206,1.0673,-5.6891,-6.8837,-4.9203,-4.0362,-11.0783,-1.4074,-16.3575,-12.4685,-8.5992,-12.1628,-13.0714,-11.7473,-17.3017,0.0,0.0,0.0,0.0,0.0,0.0,0.0,0.0,0.0,0.0,0.0,0.0,0.0,0.0,0.0,0.0,0.0,0.0,0.0,0.0,0.0,0.0,0.0,0.0,0.0,0.0,0.0,0.0,0.0,0.0,0.0,0.0,0.0,0.0,0.0,0.0,0.0,0.0,0.0,0.0,0.0,0.0,0.0,0.0,0.0,0.0,0.0,0.0,0.0,0.0,0.0,0.0,0.0,0.0,0.0,0.0,0.0,0.0,0.0,0.0,0.0,0.0,0.0,0.0,False,False,False,False,False,False,front,False,False,False,True,True,False,
record8.mp4,6a24bdc5d4a5d763,12916,5750,6083,69,73,0.0,0.0,0.0,0.0,0.0,0.0,0.0,0.0,0.0,0.0,0.0,0.0,0.0,0.0,0.0,0.0,0.0,0.0,0.0,0.0,0.0,0.0,0.0,0.0,0.0,0.0,0.0,0.0,0.0,0.0,0.0,0.0,0.0,0.0,0.0,0.0,0.0,0.0,0.0,0.0,0.0,0.0,0.0,0.0,0.0,0.0,0.0,0.0,0.0,0.0,0.0,0.0,0.0,0.0,0.0,0.0,0.0,0.0,0.0,0.0,0.0,0.0,0.0,0.0,0.0,0.0,0.0,0.0,0.0,0.0,0.0,0.0,0.0,0.0,0.0,0.0,0.0,0.0,0.0,0.0,0.0,0.0,0.0,0.0,0.0,0.0,0.0,0.0,0.0,0.0,0.0,0.0,0.0,0.0,0.0,0.0,2.7861,-0.1063,3.3997,0.5046,3.5737,0.9061,3.7738,1.2272,3.0849,0.8829,3.1044,1.3001,3.1064,1.639,2.5736,0.9839,2.5163,1.4953,2.4831,1.882,2.2048,0.9459,2.1022,1.4294,2.0368,1.8164,1.9883,0.8858,1.882,1.2437,1.8291,1.5374,2.7765,-0.0261,3.3945,0.745,3.5539,1.1628,3.7501,1.479,2.9901,1.2551,2.9804,1.6755,2.9567,2.0355,2.5232,1.2332,2.4576,1.7233,2.4086,2.1056,2.1846,1.1603,2.0924,1.6031,2.033,1.9481,1.9536,1.0677,1.8414,1.3907,1.7682,1.6608,0.0,0.0,0.0,0.0,0.0,0.0,0.0,0.0,0.0,0.0,0.0,0.0,0.0,0.0,0.0,0.0,0.0,0.0,0.0,0.0,0.0,0.0,0.0,0.0,0.0,0.0,0.0,0.0,0.0,0.0,0.0,0.0,0.0,0.0,0.0,0.0,0.0,0.0,0.0,0.0,0.0,0.0,0.0,0.0,0.0,0.0,0.0,0.0,0.0,0.0,0.0,0.0,0.0,0.0,0.0,0.0,0.0,0.0,0.0,0.0,0.0,0.0,0.0,0.0,0.0,0.0,0.0,0.0,0.0,0.0,0.0,0.0,0.0,0.0,0.0,0.0,0.0,0.0,0.0,0.0,0.0,0.0,0.0,0.0,0.0,0.0,0.0,0.0,0.0,0.0,0.0,0.0,0.0,0.0,0.0,0.0,-0.1147,0.9655,-0.062,2.8969,-0.2388,3.0928,-0.2855,3.0336,-1.1418,4.4853,-1.4948,4.5226,-1.8035,4.7781,-0.6074,3.0029,-0.7076,2.7468,-0.8973,2.6942,-0.2427,2.5828,-0.1182,2.093,-0.0457,1.5867,-0.4178,2.1912,-0.4888,1.7713,-0.7336,1.4869,False,False,False,False,False,False,front,False,False,False,False,True,True,
record8.mp4,6a24bdc5d4a5d763,12916,6000,6333,72,76,2.7861,-0.1063,3.3997,0.5046,3.5737,0.9061,3.7738,1.2272,3.0849,0.8829,3.1044,1.3001,3.1064,1.639,2.5736,0.9839,2.5163,1.4953,2.4831,1.882,2.2048,0.9459,2.1022,1.4294,2.0368,1.8164,1.9883,0.8858,1.882,1.2437,1.8291,1.5374,2.7765,-0.0261,3.3945,0.745,3.5539,1.1628,3.7501,1.479,2.9901,1.2551,2.9804,1.6755,2.9567,2.0355,2.5232,1.2332,2.4576,1.7233,2.4086,2.1056,2.1846,1.1603,2.0924,1.6031,2.033,1.9481,1.9536,1.0677,1.8414,1.3907,1.7682,1.6608,2.7666,0.179,3.3916,0.8411,3.5252,1.1839,3.6989,1.5029,2.9642,1.3637,2.9574,1.7982,2.9315,2.1585,2.5007,1.3252,2.4297,1.8072,2.3668,2.1969,2.1792,1.2376,2.0851,1.6808,2.0143,2.0247,1.9265,1.1324,1.8158,1.4175,1.7399,1.6715,2.7427,0.2093,3.3698,0.8412,3.493,1.1718,3.6438,1.4847,2.954,1.3444,2.9355,1.7886,2.8958,2.149,2.4937,1.3365,2.4223,1.8421,2.3563,2.2523,2.1673,1.2576,2.0703,1.7059,1.993,2.0531,1.9049,1.1273,1.798,1.414,1.7216,1.6711,2.7271,0.1751,3.3345,0.8263,3.4557,1.1644,3.6184,1.4588,2.952,1.3304,2.9268,1.7401,2.8836,2.0869,2.4956,1.3438,2.4121,1.8281,2.3356,2.2243,2.1686,1.2533,2.0583,1.6832,1.9692,2.0267,1.9049,1.1055,1.7867,1.3952,1.6937,1.6522,-0.1147,0.9655,-0.062,2.8969,-0.2388,3.0928,-0.2855,3.0336,-1.1418,4.4853,-1.4948,4.5226,-1.8035,4.7781,-0.6074,3.0029,-0.7076,2.7468,-0.8973,2.6942,-0.2427,2.5828,-0.1182,2.093,-0.0457,1.5867,-0.4178,2.1912,-0.4888,1.7713,-0.7336,1.4869,-0.1193,2.4716,-0.0347,1.1574,-0.3457,0.2541,-0.6166,0.2876,-0.3127,1.3082,-0.2766,1.4783,-0.3039,1.4813,-0.2715,1.1088,-0.3358,1.01,-0.5046,1.1003,-0.0647,0.9322,-0.0878,0.9354,-0.2257,0.9227,-0.3266,0.78,-0.308,0.3228,0.0,0.0,-0.2855,0.3604,0.0,0.0,-0.3838,-0.1443,-0.6566,-0.2163,0.0,0.0,0.0,0.0,-0.4244,-0.1131,0.0,0.0,-0.0874,0.4155,-0.125,0.6594,0.0,0.0,0.0,0.0,-0.253,0.3379,0.0,0.0,0.0,0.0,0.0,0.0,-0.1879,-0.4119,-0.4249,-0.1792,-0.4484,-0.0881,-0.306,-0.312,0.0,0.0,-0.1039,-0.5834,-0.1477,-0.7474,0.0,0.0,0.0,0.0,-0.2492,-0.3377,0.0,0.0,0.0,0.0,-0.2874,-0.3184,0.0,0.0,0.0,0.0,-0.3365,-0.2282,False,False,False,False,False,False,front,False,False,False,True,True,True,
record8.mp4,6a24bdc5d4a5d763,12916,6250,6583,75,79,2.7427,0.2093,3.3698,0.8412,3.493,1.1718,3.6438,1.4847,2.954,1.3444,2.9355,1.7886,2.8958,2.149,2.4937,1.3365,2.4223,1.8421,2.3563,2.2523,2.1673,1.2576,2.0703,1.7059,1.993,2.0531,1.9049,1.1273,1.798,1.414,1.7216,1.6711,2.7271,0.1751,3.3345,0.8263,3.4557,1.1644,3.6184,1.4588,2.952,1.3304,2.9268,1.7401,2.8836,2.0869,2.4956,1.3438,2.4121,1.8281,2.3356,2.2243,2.1686,1.2533,2.0583,1.6832,1.9692,2.0267,1.9049,1.1055,1.7867,1.3952,1.6937,1.6522,2.7252,0.1761,3.3192,0.82,3.4427,1.1629,3.5923,1.4633,2.9628,1.2808,2.9453,1.6499,2.9062,1.9737,2.4937,1.321,2.4072,1.8062,2.3218,2.2033,2.1628,1.2353,2.0478,1.6672,1.9523,2.0174,1.8986,1.0851,1.7743,1.3747,1.6741,1.6357,2.7091,0.1444,3.2875,0.8197,3.3982,1.1538,3.5236,1.4513,2.9564,1.3482,2.9399,1.7288,2.9031,2.0534,2.4837,1.3313,2.3744,1.8011,2.2711,2.1858,2.1599,1.2125,2.0283,1.6235,1.9181,1.9536,1.8966,1.0256,1.7663,1.3098,1.6559,1.5656,2.6846,0.0721,3.1961,0.7771,3.2857,1.1061,3.3873,1.4094,2.9054,1.326,2.8927,1.7047,2.8608,2.0241,2.4338,1.3078,2.3155,1.7481,2.2093,2.108,2.1145,1.1606,1.975,1.5519,1.8598,1.8723,1.8571,0.958,1.7246,1.2287,1.6134,1.4778,-0.1879,-0.4119,-0.4249,-0.1792,-0.4484,-0.0881,-0.306,-0.312,0.0,0.0,-0.1039,-0.5834,-0.1477,-0.7474,0.0,0.0,0.0,0.0,-0.2492,-0.3377,0.0,0.0,0.0,0.0,-0.2874,-0.3184,0.0,0.0,0.0,0.0,-0.3365,-0.2282,0.0,0.0,0.0,0.0,0.0,0.0,0.0,0.0,0.1301,-0.5975,0.2221,-1.0873,0.2722,-1.3648,0.0,0.0,0.0,0.0,0.0,0.0,0.0,0.0,0.0,0.0,0.0,0.0,0.0,0.0,0.0,0.0,0.0,0.0,-0.1923,-0.3774,0.0,0.0,-0.5303,-0.1092,-0.8178,-0.1428,-0.0752,0.8022,-0.0642,0.9391,-0.0368,0.9493,0.0,0.0,0.0,0.0,-0.6033,-0.2083,0.0,0.0,-0.2321,-0.5197,-0.4075,-0.7591,-0.0242,-0.7085,-0.0952,-0.7725,-0.2169,-0.8344,-0.2949,-0.8716,-1.1006,-0.5132,-1.3556,-0.5744,-1.6411,-0.5038,-0.615,-0.2672,-0.5687,-0.29,-0.5091,-0.353,-0.6014,-0.2835,-0.7098,-0.6376,-0.7449,-0.9375,-0.5472,-0.6246,-0.6425,-0.8624,-0.7019,-0.9795,-0.4753,-0.8142,-0.5035,-0.9776,-0.5123,-1.0576,False,True,False,False,False,False,front,False,False,False,True,True,True,
record8.mp4,6a24bdc5d4a5d763,12916,6500,6833,78,82,2.7091,0.1444,3.2875,0.8197,3.3982,1.1538,3.5236,1.4513,2.9564,1.3482,2.9399,1.7288,2.9031,2.0534,2.4837,1.3313,2.3744,1.8011,2.2711,2.1858,2.1599,1.2125,2.0283,1.6235,1.9181,1.9536,1.8966,1.0256,1.7663,1.3098,1.6559,1.5656,2.6846,0.0721,3.1961,0.7771,3.2857,1.1061,3.3873,1.4094,2.9054,1.326,2.8927,1.7047,2.8608,2.0241,2.4338,1.3078,2.3155,1.7481,2.2093,2.108,2.1145,1.1606,1.975,1.5519,1.8598,1.8723,1.8571,0.958,1.7246,1.2287,1.6134,1.4778,2.6667,0.0615,3.1701,0.7176,3.2822,1.0538,3.3987,1.3478,2.8853,1.1562,2.8873,1.4275,2.8713,1.6437,2.4078,1.2469,2.3068,1.6479,2.2133,1.9702,2.093,1.1365,1.9584,1.4988,1.8522,1.8018,1.8542,0.9468,1.7177,1.2037,1.6057,1.4375,2.622,0.1062,3.1472,0.7137,3.2575,1.0136,3.3588,1.2763,2.8426,1.3474,2.8614,1.6751,2.8606,1.9524,2.366,1.281,2.2699,1.6661,2.1837,1.9839,2.058,1.1471,1.9213,1.479,1.8174,1.7668,1.8331,0.9588,1.6953,1.1923,1.5815,1.4019,2.6161,0.1297,3.1512,0.6978,3.2714,0.984,3.3664,1.2427,2.8182,1.3102,2.8354,1.6419,2.8351,1.9266,2.3947,1.2416,2.315,1.6137,2.2574,1.9287,2.0678,1.1307,1.9289,1.4744,1.8225,1.7677,1.8227,0.9646,1.6797,1.1956,1.5632,1.4039,-0.2949,-0.8716,-1.1006,-0.5132,-1.3556,-0.5744,-1.6411,-0.5038,-0.615,-0.2672,-0.5687,-0.29,-0.5091,-0.353,-0.6014,-0.2835,-0.7098,-0.6376,-0.7449,-0.9375,-0.5472,-0.6246,-0.6425,-0.8624,-0.7019,-0.9795,-0.4753,-0.8142,-0.5035,-0.9776,-0.5123,-1.0576,0.0,0.0,-0.3131,-0.7172,-0.0423,-0.6304,0.1366,-0.7427,-0.242,-2.0464,-0.0647,-3.3398,0.1268,-4.5829,-0.3128,-0.7331,-0.1041,-1.2077,0.0482,-1.6597,0.0,0.0,-0.1998,-0.6398,-0.0917,-0.8492,0.0,0.0,0.0,0.0,-0.0925,-0.4865,-0.5312,0.5323,0.0,0.0,-0.2931,-0.4786,-0.4745,-0.8508,-0.5079,2.2769,-0.3083,2.9477,-0.1283,3.675,-0.4972,0.4061,-0.4401,0.2161,0.0,0.0,-0.417,0.1258,-0.4425,-0.2362,-0.4145,-0.4168,0.0,0.0,0.0,0.0,-0.2885,-0.4239,0.0,0.0,0.0,0.0,0.0,0.0,0.0911,-0.405,-0.2941,-0.4491,-0.3128,-0.3998,-0.3062,-0.3114,0.345,-0.475,0.5437,-0.6311,0.8874,-0.6643,0.0,0.0,0.0,0.0,0.0,0.0,0.0,0.0,0.0,0.0,0.0,0.0,False,True,False,False,False,False,front,False,False,False,True,True,True,
record8.mp4,6a24bdc5d4a5d763,12916,6750,7083,81,85,2.622,0.1062,3.1472,0.7137,3.2575,1.0136,3.3588,1.2763,2.8426,1.3474,2.8614,1.6751,2.8606,1.9524,2.366,1.281,2.2699,1.6661,2.1837,1.9839,2.058,1.1471,1.9213,1.479,1.8174,1.7668,1.8331,0.9588,1.6953,1.1923,1.5815,1.4019,2.6161,0.1297,3.1512,0.6978,3.2714,0.984,3.3664,1.2427,2.8182,1.3102,2.8354,1.6419,2.8351,1.9266,2.3947,1.2416,2.315,1.6137,2.2574,1.9287,2.0678,1.1307,1.9289,1.4744,1.8225,1.7677,1.8227,0.9646,1.6797,1.1956,1.5632,1.4039,2.6239,0.1746,3.1914,0.7057,3.3197,0.9908,3.3928,1.2485,2.8454,1.2431,2.8614,1.5761,2.8642,1.8739,2.4431,1.1862,2.3844,1.5384,2.3326,1.8473,2.0966,1.1087,1.9603,1.4453,1.8562,1.7316,1.8326,0.9733,1.692,1.2011,1.5778,1.4091,2.651,0.1743,3.2193,0.7076,3.3594,0.9863,3.4211,1.2572,2.8447,1.2806,2.8598,1.633,2.8585,1.938,2.4391,1.2234,2.3788,1.5984,2.3268,1.9303,2.1039,1.1259,1.9782,1.4739,1.8823,1.7664,1.8406,0.9772,1.6984,1.209,1.5799,1.4183,2.6675,0.1754,3.2573,0.7137,3.4094,1.0014,3.5155,1.2705,2.8784,1.1803,2.9067,1.5037,2.909,1.7939,2.4662,1.1846,2.4092,1.549,2.3405,1.8631,2.128,1.121,2.0016,1.4666,1.8946,1.7579,1.8641,0.9924,1.7229,1.219,1.6033,1.4296,0.0,0.0,0.0,0.0,0.0,0.0,0.0911,-0.405,-0.2941,-0.4491,-0.3128,-0.3998,-0.3062,-0.3114,0.345,-0.475,0.5437,-0.6311,0.8874,-0.6643,0.0,0.0,0.0,0.0,0.0,0.0,0.0,0.0,0.0,0.0,0.0,0.0,0.0935,0.5406,0.4849,0.0949,0.5826,0.0825,0.0,0.0,0.3274,-0.8083,0.3122,-0.7926,0.3495,-0.6343,0.5835,-0.6674,0.8366,-0.9075,0.9069,-0.9813,0.3472,-0.2652,0.3778,-0.3514,0.4062,-0.4347,0.0,0.0,0.0,0.0,0.0,0.0,0.0,0.0,0.0,0.0,0.4723,-0.0532,0.0,0.0,-0.0087,0.4469,-0.0186,0.6766,-0.0674,0.7632,-0.048,0.4433,-0.0667,0.7153,-0.0692,0.9881,0.0,0.0,0.2139,0.3415,0.3103,0.4141,0.0,0.0,0.0,0.0,0.0,0.0,0.0,0.0,0.4573,0.0731,0.6018,0.1811,1.1366,0.1602,0.4061,-1.2089,0.5654,-1.5581,0.6083,-1.737,0.3273,-0.4684,0.3664,-0.5956,0.1644,-0.8088,0.0,0.0,0.0,0.0,0.0,0.0,0.0,0.0,0.0,0.0,0.0,0.0,False,True,False,False,False,False,front,False,False,False,True,True,True,
record8.mp4,6a24bdc5d4a5d763,12916,7000,7333,84,88,2.651,0.1743,3.2193,0.7076,3.3594,0.9863,3.4211,1.2572,2.8447,1.2806,2.8598,1.633,2.8585,1.938,2.4391,1.2234,2.3788,1.5984,2.3268,1.9303,2.1039,1.1259,1.9782,1.4739,1.8823,1.7664,1.8406,0.9772,1.6984,1.209,1.5799,1.4183,2.6675,0.1754,3.2573,0.7137,3.4094,1.0014,3.5155,1.2705,2.8784,1.1803,2.9067,1.5037,2.909,1.7939,2.4662,1.1846,2.4092,1.549,2.3405,1.8631,2.128,1.121,2.0016,1.4666,1.8946,1.7579,1.8641,0.9924,1.7229,1.219,1.6033,1.4296,2.6832,0.1743,3.2748,0.7335,3.4337,1.0175,3.5387,1.3033,2.8627,1.2679,2.8754,1.6353,2.8583,1.9446,2.452,1.2436,2.3916,1.6638,2.3266,2.0204,2.1218,1.1405,1.9989,1.5063,1.8944,1.8065,1.8713,1.0012,1.7336,1.2336,1.6153,1.4459,2.7009,0.1857,3.3044,0.7571,3.4716,1.0599,3.6096,1.334,2.8714,1.2806,2.8775,1.6471,2.8575,1.9612,2.4794,1.2286,2.4072,1.6311,2.3273,1.9749,2.1374,1.1394,1.9989,1.5009,1.8845,1.8023,1.8778,1.0067,1.7284,1.2355,1.6012,1.449,2.7101,0.1774,3.3194,0.7501,3.4751,1.0842,3.6476,1.3781,2.8826,1.2661,2.9064,1.6395,2.9026,1.9734,2.4717,1.266,2.4155,1.7091,2.3495,2.0945,2.1378,1.1851,2.0083,1.5569,1.8986,1.8724,1.8822,1.0543,1.7274,1.2781,1.5982,1.4889,0.0,0.0,0.4573,0.0731,0.6018,0.1811,1.1366,0.1602,0.4061,-1.2089,0.5654,-1.5581,0.6083,-1.737,0.3273,-0.4684,0.3664,-0.5956,0.1644,-0.8088,0.0,0.0,0.0,0.0,0.0,0.0,0.0,0.0,0.0,0.0,0.0,0.0,0.0,0.0,0.0,0.0,0.0,0.0,0.2797,0.395,-0.1894,1.0557,-0.377,1.5864,-0.6108,1.8155,-0.1713,0.7112,-0.2127,1.3826,-0.1676,1.8943,0.0,0.0,-0.0329,0.4791,-0.0025,0.5847,0.0,0.0,0.0,0.0,0.0,0.0,0.0,0.0,0.3523,0.2808,0.4516,0.5049,0.8448,0.3648,0.0,0.0,0.0,0.0,0.0,0.0,0.0,0.0,0.1853,-0.3892,0.0088,-0.5414,0.0,0.0,0.0,0.0,0.0,0.0,0.0,0.0,0.0,0.0,0.0,0.0,0.0,0.0,0.0,0.0,0.0,0.0,0.4579,0.5319,0.0,0.0,0.0,0.0,0.5435,0.1466,-0.092,0.4498,0.1,0.9398,0.2669,1.4415,0.0053,0.5503,0.1137,0.6745,0.1701,0.8451,0.0535,0.573,-0.0115,0.5136,-0.0367,0.4805,False,True,True,False,False,False,front,False,False,False,True,True,True,
record8.mp4,6a24bdc5d4a5d763,12916,7250,7583,87,91,2.7009,0.1857,3.3044,0.7571,3.4716,1.0599,3.6096,1.334,2.8714,1.2806,2.8775,1.6471,2.8575,1.9612,2.4794,1.2286,2.4072,1.6311,2.3273,1.9749,2.1374,1.1394,1.9989,1.5009,1.8845,1.8023,1.8778,1.0067,1.7284,1.2355,1.6012,1.449,2.7101,0.1774,3.3194,0.7501,3.4751,1.0842,3.6476,1.3781,2.8826,1.2661,2.9064,1.6395,2.9026,1.9734,2.4717,1.266,2.4155,1.7091,2.3495,2.0945,2.1378,1.1851,2.0083,1.5569,1.8986,1.8724,1.8822,1.0543,1.7274,1.2781,1.5982,1.4889,2.7241,0.1724,3.3105,0.7495,3.4614,1.0955,3.6372,1.39,2.9037,1.3239,2.9179,1.7168,2.907,2.0481,2.4806,1.3163,2.4225,1.7546,2.3569,2.1193,2.1455,1.2136,2.0125,1.5808,1.8983,1.8827,1.8883,1.0626,1.7336,1.2854,1.6033,1.488,2.7222,0.1746,3.2889,0.6614,3.4457,0.9568,3.6473,1.2178,2.8918,1.3106,2.9084,1.7012,2.902,2.035,2.4731,1.316,2.4198,1.7545,2.3629,2.126,2.1389,1.2154,2.0106,1.5876,1.9041,1.894,1.884,1.0664,1.7339,1.2973,1.6088,1.505,2.7264,0.1866,3.2758,0.5973,3.442,0.8385,3.6498,1.0526,2.8912,1.3566,2.9075,1.7439,2.9025,2.0712,2.473,1.3638,2.421,1.7813,2.3671,2.1328,2.1368,1.2374,2.0094,1.6017,1.9053,1.8926,1.8857,1.0812,1.7342,1.3135,1.6081,1.5177,0.0,0.0,0.0,0.0,0.0,0.0,0.4579,0.5319,0.0,0.0,0.0,0.0,0.5435,0.1466,-0.092,0.4498,0.1,0.9398,0.2669,1.4415,0.0053,0.5503,0.1137,0.6745,0.1701,0.8451,0.0535,0.573,-0.0115,0.5136,-0.0367,0.4805,0.0,0.0,0.0,0.0,0.0,0.0,0.0,0.0,0.2541,0.6964,0.1386,0.9312,0.0534,0.9003,0.1069,0.6057,0.0852,0.548,0.0,0.0,0.0,0.0,0.0,0.0,0.0,0.0,0.0,0.0,0.0,0.0,0.0,0.0,0.0,0.0,-0.2581,-1.0489,-0.1877,-1.6511,0.1198,-2.049,0.0,0.0,0.0,0.0,0.0,0.0,0.0,0.0,0.0,0.0,0.0,0.0,0.0,0.0,0.0,0.0,0.0,0.0,0.0,0.0,0.0,0.0,0.0,0.0,0.0,0.0,-0.1576,-0.7713,-0.0438,-1.4259,0.0306,-1.9904,-0.0081,0.5536,-0.0113,0.5148,0.0052,0.4357,-0.0022,0.5756,0.0,0.0,0.0,0.0,0.0,0.0,0.0,0.0,0.0,0.0,0.0,0.0,0.0,0.0,0.0,0.0,False,False,True,True,False,False,front,False,False,False,True,True,True,
record8.mp4,6a24bdc5d4a5d763,12916,7500,7833,90,94,2.7222,0.1746,3.2889,0.6614,3.4457,0.9568,3.6473,1.2178,2.8918,1.3106,2.9084,1.7012,2.902,2.035,2.4731,1.316,2.4198,1.7545,2.3629,2.126,2.1389,1.2154,2.0106,1.5876,1.9041,1.894,1.884,1.0664,1.7339,1.2973,1.6088,1.505,2.7264,0.1866,3.2758,0.5973,3.442,0.8385,3.6498,1.0526,2.8912,1.3566,2.9075,1.7439,2.9025,2.0712,2.473,1.3638,2.421,1.7813,2.3671,2.1328,2.1368,1.2374,2.0094,1.6017,1.9053,1.8926,1.8857,1.0812,1.7342,1.3135,1.6081,1.5177,2.762,0.2093,3.3334,0.7188,3.4767,1.0247,3.6347,1.3268,2.9016,1.3473,2.9119,1.7557,2.9036,2.0976,2.4771,1.3428,2.4224,1.7903,2.3653,2.1555,2.1404,1.2243,2.0118,1.6138,1.9058,1.9148,1.8931,1.0699,1.7451,1.3121,1.6263,1.5229,2.7677,0.2234,3.3678,0.7753,3.5156,1.1165,3.6669,1.4242,2.9142,1.342,2.9166,1.7554,2.8978,2.0992,2.5008,1.3435,2.4442,1.8122,2.379,2.1885,2.1534,1.2374,2.0208,1.6375,1.9127,1.9415,1.8987,1.0921,1.7467,1.3381,1.6262,1.551,2.7759,0.2446,3.3706,0.735,3.5328,1.0346,3.7038,1.3379,2.917,1.356,2.9258,1.7631,2.9077,2.1062,2.5056,1.3658,2.4556,1.8303,2.3981,2.214,2.1618,1.2565,2.0329,1.6491,1.9304,1.9577,1.9094,1.105,1.7605,1.3512,1.6464,1.5651,0.0,0.0,-0.1576,-0.7713,-0.0438,-1.4259,0.0306,-1.9904,-0.0081,0.5536,-0.0113,0.5148,0.0052,0.4357,-0.0022,0.5756,0.0,0.0,0.0,0.0,0.0,0.0,0.0,0.0,0.0,0.0,0.0,0.0,0.0,0.0,0.0,0.0,0.4296,0.2734,0.6941,1.4634,0.4174,2.244,-0.1824,3.303,0.0,0.0,0.0,0.0,0.0,0.0,0.0,0.0,0.0,0.0,0.0,0.0,0.0,0.0,0.0,0.0,0.0,0.0,0.0,0.0,0.0,0.0,0.0,0.0,0.0,0.0,0.4096,0.6725,0.463,1.0922,0.3837,1.16,0.0,0.0,0.0,0.0,0.0,0.0,0.0,0.0,0.0,0.0,0.1627,0.3925,0.0,0.0,0.0,0.0,0.0,0.0,0.0,0.0,0.0,0.0,0.0,0.0,0.0,0.0,0.0335,-0.4859,0.2075,-0.9861,0.4438,-1.0406,0.0,0.0,0.0,0.0,0.0,0.0,0.0,0.0,0.0,0.0,0.0,0.0,0.0,0.0,0.0,0.0,0.0,0.0,0.0,0.0,0.0,0.0,0.0,0.0,True,False,False,False,False,False,front,False,False,False,True,True,True,
record8.mp4,6a24bdc5d4a5d763,12916,7750,8083,93,97,2.7677,0.2234,3.3678,0.7753,3.5156,1.1165,3.6669,1.4242,2.9142,1.342,2.9166,1.7554,2.8978,2.0992,2.5008,1.3435,2.4442,1.8122,2.379,2.1885,2.1534,1.2374,2.0208,1.6375,1.9127,1.9415,1.8987,1.0921,1.7467,1.3381,1.6262,1.551,2.7759,0.2446,3.3706,0.735,3.5328,1.0346,3.7038,1.3379,2.917,1.356,2.9258,1.7631,2.9077,2.1062,2.5056,1.3658,2.4556,1.8303,2.3981,2.214,2.1618,1.2565,2.0329,1.6491,1.9304,1.9577,1.9094,1.105,1.7605,1.3512,1.6464,1.5651,2.8069,0.2569,3.4246,0.7923,3.5757,1.1141,3.7097,1.4109,2.9561,1.3739,2.9429,1.786,2.9114,2.1265,2.5431,1.376,2.4822,1.8476,2.4185,2.2277,2.1869,1.2694,2.0519,1.6682,1.9452,1.9769,1.9349,1.1197,1.7808,1.3648,1.661,1.5778,2.822,0.2839,3.4982,0.8158,3.6744,1.139,3.8467,1.4457,2.9646,1.3588,2.9564,1.7488,2.931,2.082,2.5561,1.3744,2.4963,1.8376,2.4298,2.2194,2.2083,1.2763,2.079,1.6697,1.9713,1.9876,1.9505,1.1186,1.7999,1.3625,1.6781,1.5814,2.836,0.2995,3.5399,0.8376,3.7129,1.1551,3.8601,1.4442,3.0564,1.3903,3.0838,1.7734,3.0885,2.1097,2.6234,1.3678,2.564,1.7822,2.4891,2.1301,2.2491,1.2807,2.1174,1.6571,2.005,1.9704,1.9507,1.1324,1.7887,1.3623,1.6583,1.579,0.0,0.0,0.0335,-0.4859,0.2075,-0.9861,0.4438,-1.0406,0.0,0.0,0.0,0.0,0.0,0.0,0.0,0.0,0.0,0.0,0.0,0.0,0.0,0.0,0.0,0.0,0.0,0.0,0.0,0.0,0.0,0.0,0.0,0.0,0.3738,0.1483,0.6515,0.6911,0.5176,0.9573,0.0721,0.8799,0.4706,0.2159,0.0,0.0,0.0,0.0,0.4518,0.1219,0.0,0.0,0.0,0.0,0.0,0.0,0.0,0.0,0.0,0.0,0.0,0.0,0.0,0.0,0.0,0.0,0.0,0.0,0.8759,0.2796,1.175,0.2965,1.63,0.4149,0.0,0.0,0.1607,-0.4434,0.2336,-0.5299,0.0,0.0,0.0,0.0,0.0,0.0,0.0,0.0,0.0,0.0,0.0,0.0,0.0,0.0,0.0,0.0,0.0,0.0,0.0,0.0,0.5016,0.2625,0.4637,0.1944,0.0,0.0,1.105,0.3797,1.5343,0.2963,1.8984,0.334,0.8097,-0.0803,0.8163,-0.6673,0.7144,-1.0766,0.4918,0.0529,0.4636,-0.1521,0.4055,-0.208,0.0,0.0,0.0,0.0,0.0,0.0,True,True,False,False,False,False,front,False,False,False,True,True,True,
record8.mp4,6a24bdc5d4a5d763,12916,8000,8333,96,100,2.822,0.2839,3.4982,0.8158,3.6744,1.139,3.8467,1.4457,2.9646,1.3588,2.9564,1.7488,2.931,2.082,2.5561,1.3744,2.4963,1.8376,2.4298,2.2194,2.2083,1.2763,2.079,1.6697,1.9713,1.9876,1.9505,1.1186,1.7999,1.3625,1.6781,1.5814,2.836,0.2995,3.5399,0.8376,3.7129,1.1551,3.8601,1.4442,3.0564,1.3903,3.0838,1.7734,3.0885,2.1097,2.6234,1.3678,2.564,1.7822,2.4891,2.1301,2.2491,1.2807,2.1174,1.6571,2.005,1.9704,1.9507,1.1324,1.7887,1.3623,1.6583,1.579,2.8227,0.2979,3.5341,0.8388,3.7298,1.147,3.8808,1.438,3.0806,1.4703,3.1192,1.8503,3.1258,2.1896,2.6264,1.3317,2.5672,1.6676,2.4828,1.9755,2.2261,1.2012,2.0703,1.5264,1.9166,1.8095,1.9427,1.1155,1.7432,1.3237,1.5588,1.5225,2.8094,0.2739,3.504,0.8217,3.6941,1.1252,3.8409,1.4224,3.0752,1.4958,3.1315,1.8669,3.1645,2.1823,2.6091,1.3754,2.5573,1.744,2.4974,2.0869,2.2183,1.2499,2.0751,1.5955,1.9514,1.9134,1.9109,1.1273,1.7126,1.3375,1.5455,1.5414,2.7621,0.2615,3.4415,0.8069,3.6377,1.1043,3.7837,1.3972,3.0599,1.4616,3.1079,1.8259,3.1252,2.1282,2.5896,1.3986,2.5417,1.7868,2.4814,2.1355,2.2002,1.2774,2.0653,1.6275,1.9506,1.9374,1.8752,1.1236,1.6826,1.3317,1.5228,1.5325,0.0,0.0,0.5016,0.2625,0.4637,0.1944,0.0,0.0,1.105,0.3797,1.5343,0.2963,1.8984,0.334,0.8097,-0.0803,0.8163,-0.6673,0.7144,-1.0766,0.4918,0.0529,0.4636,-0.1521,0.4055,-0.208,0.0,0.0,0.0,0.0,0.0,0.0,0.0,0.0,0.0,0.0,0.0,0.0,0.0,0.0,0.2926,0.9639,0.4274,0.9268,0.4486,0.9625,0.0365,-0.4349,0.038,-1.3816,-0.075,-1.8628,-0.2768,-0.9574,-0.5681,-1.5746,-1.0652,-1.9383,0.0,0.0,-0.5486,-0.4649,-1.1997,-0.6805,0.0,0.0,-0.3582,-0.204,-0.4245,-0.2598,-0.4753,-0.1854,0.0,0.0,0.0,0.0,0.4611,-0.0865,-0.2052,0.5201,-0.1181,0.9103,0.1735,1.3271,-0.0934,0.5787,0.0569,0.8228,0.4149,1.2367,-0.379,0.1413,0.0,0.0,0.0,0.0,-0.5695,-0.1496,-0.753,-0.1775,-0.6801,-0.2518,-0.6887,-0.3038,-0.1841,-0.4121,-0.2838,-0.4942,-0.4742,-0.6518,0.0,0.0,-0.1878,0.5153,-0.1933,0.5857,0.0,0.0,-0.1178,0.3857,0.0,0.0,-0.4291,-0.0453,0.0,0.0,0.0,0.0,True,True,True,True,True,False,front,False,False,False,True,True,True,
record8.mp4,6a24bdc5d4a5d763,12916,8250,8583,99,103,2.8094,0.2739,3.504,0.8217,3.6941,1.1252,3.8409,1.4224,3.0752,1.4958,3.1315,1.8669,3.1645,2.1823,2.6091,1.3754,2.5573,1.744,2.4974,2.0869,2.2183,1.2499,2.0751,1.5955,1.9514,1.9134,1.9109,1.1273,1.7126,1.3375,1.5455,1.5414,2.7621,0.2615,3.4415,0.8069,3.6377,1.1043,3.7837,1.3972,3.0599,1.4616,3.1079,1.8259,3.1252,2.1282,2.5896,1.3986,2.5417,1.7868,2.4814,2.1355,2.2002,1.2774,2.0653,1.6275,1.9506,1.9374,1.8752,1.1236,1.6826,1.3317,1.5228,1.5325,2.7213,0.2371,3.3606,0.7759,3.542,1.0616,3.6693,1.3497,3.0066,1.4581,3.0576,1.8148,3.0826,2.1166,2.5482,1.3873,2.5035,1.7751,2.452,2.1204,2.1618,1.2675,2.0354,1.6202,1.9354,1.9304,1.8295,1.0992,1.6397,1.3069,1.4824,1.5122,2.6771,0.2314,3.3227,0.7722,3.5009,1.0551,3.6221,1.3422,2.9588,1.4369,2.9942,1.789,3.0006,2.0836,2.5121,1.3823,2.4628,1.7715,2.4112,2.1117,2.136,1.2587,2.0088,1.6065,1.9107,1.9021,1.7998,1.0935,1.6131,1.2964,1.4602,1.4931,2.6384,0.2168,3.2603,0.7517,3.4413,1.0314,3.571,1.3101,2.9091,1.4205,2.9535,1.77,2.9705,2.0704,2.4691,1.3622,2.4298,1.7497,2.386,2.0922,2.0992,1.2412,1.9787,1.588,1.8852,1.8876,1.779,1.0727,1.6004,1.2737,1.4523,1.4713,-0.5695,-0.1496,-0.753,-0.1775,-0.6801,-0.2518,-0.6887,-0.3038,-0.1841,-0.4121,-0.2838,-0.4942,-0.4742,-0.6518,0.0,0.0,-0.1878,0.5153,-0.1933,0.5857,0.0,0.0,-0.1178,0.3857,0.0,0.0,-0.4291,-0.0453,0.0,0.0,0.0,0.0,-0.4912,-0.2937,-0.9754,-0.3744,-1.153,-0.5147,-1.3783,-0.5721,-0.6419,-0.0425,-0.6068,-0.1333,-0.5133,-0.1403,-0.4981,-0.1364,-0.4594,-0.1404,0.0,0.0,-0.4631,-0.1191,0.0,0.0,0.0,0.0,-0.5517,-0.2939,-0.5167,-0.2994,-0.4867,-0.2439,-0.5265,-0.0674,-0.4503,-0.0438,-0.4891,-0.0773,-0.5624,-0.0901,-0.5693,-0.2528,-0.7541,-0.3066,-0.9752,-0.3927,-0.4304,-0.0592,-0.4848,-0.0435,-0.4865,-0.1027,0.0,0.0,0.0,0.0,-0.2939,-0.3359,0.0,0.0,0.0,0.0,0.0,0.0,-0.4667,-0.176,-0.7517,-0.2467,-0.7174,-0.2855,-0.615,-0.3863,-0.5995,-0.1975,-0.4903,-0.2298,0.0,0.0,-0.5178,-0.2425,-0.3977,-0.2621,0.0,0.0,-0.4439,-0.2117,-0.3624,-0.2228,0.0,0.0,0.0,0.0,0.0,0.0,0.0,0.0,False,False,False,False,False,False,front,False,False,False,True,True,True,
record8.mp4,6a24bdc5d4a5d763,12916,8500,8833,102,106,2.6771,0.2314,3.3227,0.7722,3.5009,1.0551,3.6221,1.3422,2.9588,1.4369,2.9942,1.789,3.0006,2.0836,2.5121,1.3823,2.4628,1.7715,2.4112,2.1117,2.136,1.2587,2.0088,1.6065,1.9107,1.9021,1.7998,1.0935,1.6131,1.2964,1.4602,1.4931,2.6384,0.2168,3.2603,0.7517,3.4413,1.0314,3.571,1.3101,2.9091,1.4205,2.9535,1.77,2.9705,2.0704,2.4691,1.3622,2.4298,1.7497,2.386,2.0922,2.0992,1.2412,1.9787,1.588,1.8852,1.8876,1.779,1.0727,1.6004,1.2737,1.4523,1.4713,2.6335,0.2233,3.2624,0.7564,3.4442,1.0462,3.607,1.3214,2.8909,1.3438,2.9266,1.6867,2.9329,1.991,2.4572,1.3339,2.4183,1.7318,2.3705,2.0825,2.0875,1.2292,1.9674,1.5815,1.8679,1.8807,1.7705,1.0699,1.5912,1.272,1.4419,1.4674,2.6186,0.2161,3.242,0.7466,3.415,1.0413,3.5693,1.3168,2.8803,1.3699,2.9099,1.72,2.913,2.0237,2.4478,1.3373,2.4019,1.7338,2.3518,2.0798,2.0839,1.2222,1.9609,1.5722,1.8619,1.8675,1.7638,1.0632,1.5816,1.2646,1.4302,1.4559,2.62,0.2036,3.2378,0.738,3.406,1.039,3.5588,1.3179,2.8792,1.364,2.9142,1.728,2.9249,2.039,2.4502,1.2978,2.4001,1.6913,2.3473,2.0325,2.0878,1.2064,1.9614,1.5627,1.8595,1.8625,1.7697,1.0575,1.5843,1.2593,1.429,1.4518,-0.4667,-0.176,-0.7517,-0.2467,-0.7174,-0.2855,-0.615,-0.3863,-0.5995,-0.1975,-0.4903,-0.2298,0.0,0.0,-0.5178,-0.2425,-0.3977,-0.2621,0.0,0.0,-0.4439,-0.2117,-0.3624,-0.2228,0.0,0.0,0.0,0.0,0.0,0.0,0.0,0.0,0.0,0.0,0.0,0.0,0.0,0.0,0.4328,0.1362,-0.2189,-0.9239,-0.3242,-1.0031,-0.4527,-0.9561,0.0,0.0,0.0,0.0,0.0,0.0,0.0,0.0,0.0,0.0,0.0,0.0,0.0,0.0,0.0,0.0,0.0,0.0,0.0,0.0,0.0,0.0,0.0,0.0,-0.4483,-0.0552,0.0,0.0,-0.199,0.3958,-0.2366,0.389,0.0,0.0,0.0,0.0,0.0,0.0,0.0,0.0,0.0,0.0,0.0,0.0,0.0,0.0,0.0,0.0,0.0,0.0,0.0,0.0,0.0,0.0,0.0,0.0,0.0,0.0,0.0,0.0,0.0,0.0,0.0,0.0,0.0289,-0.4757,-0.0221,-0.5127,-0.0548,-0.5698,0.0,0.0,0.0,0.0,0.0,0.0,0.0,0.0,0.0,0.0,0.0,0.0,False,True,False,False,False,False,front,False,False,False,True,True,True,
record8.mp4,6a24bdc5d4a5d763,12916,8750,9083,105,109,2.6186,0.2161,3.242,0.7466,3.415,1.0413,3.5693,1.3168,2.8803,1.3699,2.9099,1.72,2.913,2.0237,2.4478,1.3373,2.4019,1.7338,2.3518,2.0798,2.0839,1.2222,1.9609,1.5722,1.8619,1.8675,1.7638,1.0632,1.5816,1.2646,1.4302,1.4559,2.62,0.2036,3.2378,0.738,3.406,1.039,3.5588,1.3179,2.8792,1.364,2.9142,1.728,2.9249,2.039,2.4502,1.2978,2.4001,1.6913,2.3473,2.0325,2.0878,1.2064,1.9614,1.5627,1.8595,1.8625,1.7697,1.0575,1.5843,1.2593,1.429,1.4518,2.6012,0.201,3.2231,0.7425,3.3792,1.039,3.5257,1.3127,2.8674,1.3927,2.9036,1.7492,2.9224,2.0482,2.441,1.3053,2.3883,1.6734,2.335,1.9828,2.081,1.2005,1.9534,1.5423,1.8516,1.8301,1.7564,1.0461,1.5718,1.24,1.4171,1.423,2.6047,0.2021,3.209,0.7309,3.3636,1.0267,3.5078,1.2998,2.8354,1.3763,2.8653,1.7326,2.8755,2.0363,2.426,1.3153,2.3783,1.6956,2.3288,2.0195,2.0672,1.211,1.9349,1.5567,1.8311,1.8487,1.7536,1.051,1.5713,1.2449,1.4205,1.4282,2.5991,0.1995,3.2021,0.7318,3.361,1.0315,3.5048,1.303,2.8191,1.365,2.8378,1.7251,2.8362,2.029,2.4238,1.3246,2.3779,1.7145,2.3296,2.0415,2.067,1.2164,1.9324,1.5596,1.823,1.8426,1.749,1.061,1.5679,1.2523,1.4169,1.4326,0.0,0.0,0.0,0.0,0.0,0.0,0.0,0.0,0.0,0.0,0.0,0.0,0.0,0.0,0.0289,-0.4757,-0.0221,-0.5127,-0.0548,-0.5698,0.0,0.0,0.0,0.0,0.0,0.0,0.0,0.0,0.0,0.0,0.0,0.0,0.0,0.0,0.0,0.0,0.0,0.0,-0.3991,-0.0627,0.0,0.0,0.0,0.0,0.0,0.0,0.0,0.0,0.0,0.0,-0.1486,-0.599,0.0,0.0,0.0,0.0,-0.0952,-0.3913,0.0,0.0,0.0,0.0,0.0,0.0,0.0,0.0,0.0,0.0,0.0,0.0,0.0,0.0,-0.3813,-0.1954,-0.4564,-0.1978,-0.5587,-0.1417,0.0,0.0,0.0,0.0,-0.0732,0.4374,0.0,0.0,0.0,0.0,0.0,0.0,0.0,0.0,0.0,0.0,0.0,0.0,0.0,0.0,0.0,0.0,0.0,0.0,0.0,0.0,0.0,0.0,0.0,0.0,-0.4739,-0.0874,0.0,0.0,0.0,0.0,0.0,0.0,0.0,0.0,0.0,0.0,0.0,0.0,0.0,0.0,0.0,0.0,0.0,0.0,False,False,False,False,False,False,front,False,False,False,True,True,True,
record8.mp4,6a24bdc5d4a5d763,12916,9000,9333,108,112,2.6047,0.2021,3.209,0.7309,3.3636,1.0267,3.5078,1.2998,2.8354,1.3763,2.8653,1.7326,2.8755,2.0363,2.426,1.3153,2.3783,1.6956,2.3288,2.0195,2.0672,1.211,1.9349,1.5567,1.8311,1.8487,1.7536,1.051,1.5713,1.2449,1.4205,1.4282,2.5991,0.1995,3.2021,0.7318,3.361,1.0315,3.5048,1.303,2.8191,1.365,2.8378,1.7251,2.8362,2.029,2.4238,1.3246,2.3779,1.7145,2.3296,2.0415,2.067,1.2164,1.9324,1.5596,1.823,1.8426,1.749,1.061,1.5679,1.2523,1.4169,1.4326,2.5925,0.1883,3.188,0.7283,3.3484,1.0298,3.4958,1.2986,2.8099,1.3728,2.8289,1.7303,2.8322,2.0307,2.4141,1.3318,2.3657,1.7211,2.3176,2.0455,2.065,1.2204,1.929,1.5616,1.8171,1.8419,1.7493,1.0563,1.5648,1.2459,1.4093,1.4196,2.5941,0.2012,3.1961,0.7338,3.3528,1.0353,3.5011,1.3037,2.8101,1.367,2.826,1.7302,2.8238,2.0381,2.4169,1.3184,2.3668,1.7118,2.3118,2.0455,2.071,1.2177,1.9385,1.5628,1.8285,1.8481,1.7567,1.0577,1.5722,1.2464,1.4164,1.4196,2.5888,0.2282,3.2041,0.736,3.3633,1.0457,3.5187,1.3125,2.8065,1.293,2.8311,1.6281,2.8333,1.9353,2.4119,1.2191,2.3568,1.5356,2.2858,1.8154,2.0452,1.1236,1.9035,1.4233,1.7776,1.688,1.7583,1.0411,1.5846,1.2349,1.4336,1.4202,0.0,0.0,0.0,0.0,0.0,0.0,0.0,0.0,0.0,0.0,0.0,0.0,-0.4739,-0.0874,0.0,0.0,0.0,0.0,0.0,0.0,0.0,0.0,0.0,0.0,0.0,0.0,0.0,0.0,0.0,0.0,0.0,0.0,0.0,0.0,0.0,0.0,0.0,0.0,0.0,0.0,0.0,0.0,0.0,0.0,0.0,0.0,0.0,0.0,0.0,0.0,0.0,0.0,0.0,0.0,0.0,0.0,0.0,0.0,0.0,0.0,0.0,0.0,0.0,0.0,0.0,0.0,0.0,0.0,0.0,0.0,0.0,0.0,0.0,0.0,0.0,0.0,0.0,0.0,0.0,0.0,0.0,0.0,0.0,0.0,0.0,0.0,0.0,0.0,0.0,0.0,0.0,0.0,0.0,0.0,0.0,0.0,0.0,0.0,0.0,0.0,0.0,0.0,0.0,0.0,-0.0444,-0.8912,0.0613,-1.2295,0.1144,-1.2383,-0.0601,-1.1964,-0.1205,-2.1227,-0.313,-2.7718,-0.3106,-1.1343,-0.4223,-1.6808,-0.6138,-1.9292,0.0,0.0,0.0,0.0,0.0,0.0,False,False,False,False,False,False,front,False,False,False,True,True,True,
record8.mp4,6a24bdc5d4a5d763,12916,9250,9583,111,115,2.5941,0.2012,3.1961,0.7338,3.3528,1.0353,3.5011,1.3037,2.8101,1.367,2.826,1.7302,2.8238,2.0381,2.4169,1.3184,2.3668,1.7118,2.3118,2.0455,2.071,1.2177,1.9385,1.5628,1.8285,1.8481,1.7567,1.0577,1.5722,1.2464,1.4164,1.4196,2.5888,0.2282,3.2041,0.736,3.3633,1.0457,3.5187,1.3125,2.8065,1.293,2.8311,1.6281,2.8333,1.9353,2.4119,1.2191,2.3568,1.5356,2.2858,1.8154,2.0452,1.1236,1.9035,1.4233,1.7776,1.688,1.7583,1.0411,1.5846,1.2349,1.4336,1.4202,2.6396,0.2342,3.267,0.7471,3.426,1.0697,3.5873,1.3453,2.826,1.2138,2.8397,1.5547,2.832,1.874,2.4183,1.2277,2.359,1.5989,2.2882,1.9301,2.0617,1.1564,1.9223,1.4885,1.802,1.8051,1.7864,1.0532,1.6041,1.2628,1.4502,1.4714,2.6683,0.2315,3.2956,0.7755,3.468,1.1041,3.6682,1.3788,2.8604,1.2323,2.8727,1.5689,2.8581,1.8777,2.4349,1.2767,2.3763,1.6993,2.3043,2.0701,2.0827,1.208,1.946,1.5712,1.8268,1.8883,1.8003,1.0698,1.619,1.2822,1.4685,1.4894,2.6704,0.2287,3.2765,0.7303,3.4489,1.0156,3.6675,1.258,2.8572,1.2581,2.8741,1.5904,2.8685,1.8937,2.4348,1.3168,2.38,1.7255,2.3153,2.0914,2.082,1.2388,1.9503,1.5889,1.8402,1.8939,1.795,1.0841,1.6189,1.2922,1.4748,1.4961,0.0,0.0,0.0,0.0,0.0,0.0,0.0,0.0,-0.0444,-0.8912,0.0613,-1.2295,0.1144,-1.2383,-0.0601,-1.1964,-0.1205,-2.1227,-0.313,-2.7718,-0.3106,-1.1343,-0.4223,-1.6808,-0.6138,-1.9292,0.0,0.0,0.0,0.0,0.0,0.0,0.6125,0.0721,0.7573,0.1332,0.7557,0.2889,0.827,0.3953,0.2358,-0.9542,0.1035,-0.8845,-0.0149,-0.7394,0.0,0.0,0.0266,0.7631,0.0283,1.382,0.1989,0.3957,0.2264,0.785,0.295,1.4113,0.0,0.0,0.2352,0.3359,0.2,0.6168,0.0,0.0,0.3414,0.3386,0.5001,0.4099,0.963,0.3984,0.4095,0.2206,0.3929,0.1694,0.0,0.0,0.197,0.5836,0.205,1.1945,0.1919,1.6667,0.2496,0.6139,0.2822,0.9849,0.2949,0.9908,0.0,0.0,0.0,0.0,0.0,0.0,0.0,0.0,-0.2311,-0.5447,-0.2306,-1.0666,-0.0086,-1.455,0.0,0.0,0.0,0.0,0.0,0.0,-0.0009,0.4823,0.0,0.0,0.0,0.0,0.0,0.0,0.0,0.0,0.0,0.0,0.0,0.0,0.0,0.0,0.0,0.0,False,False,True,True,False,False,front,False,False,False,True,True,True,
record8.mp4,6a24bdc5d4a5d763,12916,9500,9833,114,118,2.6683,0.2315,3.2956,0.7755,3.468,1.1041,3.6682,1.3788,2.8604,1.2323,2.8727,1.5689,2.8581,1.8777,2.4349,1.2767,2.3763,1.6993,2.3043,2.0701,2.0827,1.208,1.946,1.5712,1.8268,1.8883,1.8003,1.0698,1.619,1.2822,1.4685,1.4894,2.6704,0.2287,3.2765,0.7303,3.4489,1.0156,3.6675,1.258,2.8572,1.2581,2.8741,1.5904,2.8685,1.8937,2.4348,1.3168,2.38,1.7255,2.3153,2.0914,2.082,1.2388,1.9503,1.5889,1.8402,1.8939,1.795,1.0841,1.6189,1.2922,1.4748,1.4961,2.6783,0.2245,3.2718,0.6768,3.4429,0.9397,3.6575,1.1767,2.8746,1.248,2.9023,1.5908,2.9052,1.9011,2.4417,1.3205,2.3899,1.7386,2.332,2.1104,2.0936,1.2472,1.9597,1.603,1.8459,1.9045,1.8075,1.0947,1.6302,1.3022,1.4836,1.4999,2.7105,0.2364,3.3218,0.7424,3.4643,1.0319,3.6212,1.3089,2.913,1.3421,2.9302,1.7301,2.9312,2.0597,2.464,1.3451,2.4011,1.7768,2.3402,2.1383,2.1079,1.2429,1.9711,1.6116,1.8577,1.9097,1.8176,1.0863,1.6372,1.2969,1.4887,1.4909,2.7089,0.251,3.3258,0.7605,3.4659,1.0581,3.6018,1.3517,2.9127,1.3775,2.9231,1.7697,2.9142,2.0977,2.4683,1.3533,2.4022,1.7801,2.3382,2.1441,2.1117,1.2425,1.9738,1.6097,1.861,1.9111,1.8126,1.0829,1.6333,1.2949,1.4863,1.4927,0.0,0.0,-0.2311,-0.5447,-0.2306,-1.0666,-0.0086,-1.455,0.0,0.0,0.0,0.0,0.0,0.0,-0.0009,0.4823,0.0,0.0,0.0,0.0,0.0,0.0,0.0,0.0,0.0,0.0,0.0,0.0,0.0,0.0,0.0,0.0,0.0,0.0,-0.0567,-0.6444,-0.0726,-0.914,-0.1207,-0.979,0.0,0.0,0.0,0.0,0.4421,0.0894,0.0,0.0,0.0,0.0,0.0,0.0,0.0,0.0,0.0,0.0,0.0,0.0,0.0,0.0,0.0,0.0,0.0,0.0,0.3839,0.1421,0.5959,0.7809,0.2545,1.0979,-0.4323,1.5733,0.4572,1.1203,0.3327,1.6584,0.31,1.8875,0.0,0.0,0.1337,0.4544,0.0,0.0,0.0,0.0,0.0,0.0,0.0,0.0,0.0,0.0,0.0,0.0,0.0,0.0,0.0,0.0,0.0,0.0,0.0,0.0,-0.2332,0.5153,-0.0038,0.4266,-0.0858,0.4763,-0.2043,0.4582,0.0,0.0,0.0,0.0,0.0,0.0,0.0,0.0,0.0,0.0,0.0,0.0,0.0,0.0,0.0,0.0,0.0,0.0,True,False,False,False,False,False,front,False,False,False,True,True,True,
record8.mp4,6a24bdc5d4a5d763,12916,9750,10083,117,121,2.7105,0.2364,3.3218,0.7424,3.4643,1.0319,3.6212,1.3089,2.913,1.3421,2.9302,1.7301,2.9312,2.0597,2.464,1.3451,2.4011,1.7768,2.3402,2.1383,2.1079,1.2429,1.9711,1.6116,1.8577,1.9097,1.8176,1.0863,1.6372,1.2969,1.4887,1.4909,2.7089,0.251,3.3258,0.7605,3.4659,1.0581,3.6018,1.3517,2.9127,1.3775,2.9231,1.7697,2.9142,2.0977,2.4683,1.3533,2.4022,1.7801,2.3382,2.1441,2.1117,1.2425,1.9738,1.6097,1.861,1.9111,1.8126,1.0829,1.6333,1.2949,1.4863,1.4927,2.7,0.2439,3.3249,0.7523,3.4701,1.0724,3.63,1.3847,2.8883,1.3225,2.8871,1.7031,2.8629,2.0216,2.4648,1.3414,2.4044,1.7747,2.3419,2.1406,2.1129,1.2481,1.9767,1.6227,1.8636,1.9256,1.8196,1.0949,1.6403,1.31,1.4932,1.5095,2.719,0.248,3.3517,0.7777,3.4834,1.0874,3.593,1.389,2.9165,1.3592,2.9147,1.7617,2.888,2.0951,2.4794,1.3457,2.4106,1.79,2.3429,2.1648,2.1207,1.2449,1.9801,1.6263,1.863,1.9346,1.8237,1.0903,1.6446,1.3072,1.4964,1.5081,2.7094,0.2437,3.3441,0.7719,3.4822,1.0826,3.5894,1.388,2.9193,1.3668,2.9255,1.77,2.9038,2.1052,2.479,1.3529,2.4108,1.7986,2.342,2.1751,2.1194,1.2496,1.977,1.631,1.8592,1.9403,1.819,1.0927,1.6391,1.3082,1.4911,1.5093,0.0,0.0,0.0,0.0,0.0,0.0,-0.2332,0.5153,-0.0038,0.4266,-0.0858,0.4763,-0.2043,0.4582,0.0,0.0,0.0,0.0,0.0,0.0,0.0,0.0,0.0,0.0,0.0,0.0,0.0,0.0,0.0,0.0,0.0,0.0,0.0,0.0,0.0,0.0,0.0,0.0,0.3396,0.3981,-0.2938,-0.6624,-0.4338,-0.8023,-0.6192,-0.9166,0.0,0.0,0.0,0.0,0.0,0.0,0.0,0.0,0.0,0.0,0.0,0.0,0.0,0.0,0.0,0.0,0.0,0.0,0.0,0.0,0.3194,0.302,0.0,0.0,-0.4405,0.0512,0.3349,0.4365,0.3282,0.6983,0.2988,0.8746,0.0,0.0,0.0,0.0,0.0,0.0,0.0,0.0,0.0,0.0,0.0,0.0,0.0,0.0,0.0,0.0,0.0,0.0,0.0,0.0,0.0,0.0,0.0,0.0,0.0,0.0,0.0,0.0,0.0,0.0,0.0,0.0,0.0,0.0,0.0,0.0,0.0,0.0,0.0,0.0,0.0,0.0,0.0,0.0,0.0,0.0,0.0,0.0,0.0,0.0,False,False,False,False,False,False,front,False,False,False,True,True,True,
record8.mp4,6a24bdc5d4a5d763,12916,10000,10333,120,124,2.719,0.248,3.3517,0.7777,3.4834,1.0874,3.593,1.389,2.9165,1.3592,2.9147,1.7617,2.888,2.0951,2.4794,1.3457,2.4106,1.79,2.3429,2.1648,2.1207,1.2449,1.9801,1.6263,1.863,1.9346,1.8237,1.0903,1.6446,1.3072,1.4964,1.5081,2.7094,0.2437,3.3441,0.7719,3.4822,1.0826,3.5894,1.388,2.9193,1.3668,2.9255,1.77,2.9038,2.1052,2.479,1.3529,2.4108,1.7986,2.342,2.1751,2.1194,1.2496,1.977,1.631,1.8592,1.9403,1.819,1.0927,1.6391,1.3082,1.4911,1.5093,2.724,0.242,3.3602,0.7986,3.515,1.1334,3.6892,1.417,2.9097,1.3003,2.9178,1.6501,2.9022,1.9627,2.4818,1.3401,2.4251,1.7821,2.3625,2.1585,2.1208,1.2497,1.9833,1.6262,1.8689,1.94,1.8275,1.0991,1.6472,1.3158,1.5004,1.5206,2.7049,0.2358,3.3458,0.7856,3.4972,1.1052,3.6434,1.3928,2.9308,1.3725,2.9452,1.7338,2.934,2.0379,2.4781,1.3736,2.4133,1.8035,2.344,2.1677,2.1131,1.2565,1.9718,1.624,1.8599,1.9343,1.8151,1.0855,1.6355,1.3038,1.4913,1.5121,2.6949,0.2367,3.3283,0.779,3.4785,1.0837,3.6015,1.375,2.9278,1.385,2.9445,1.7565,2.9355,2.0713,2.4757,1.3604,2.408,1.7805,2.3351,2.1362,2.109,1.2472,1.968,1.6162,1.8556,1.9246,1.8069,1.0849,1.625,1.306,1.4778,1.5163,0.0,0.0,0.0,0.0,0.0,0.0,0.0,0.0,0.0,0.0,0.0,0.0,0.0,0.0,0.0,0.0,0.0,0.0,0.0,0.0,0.0,0.0,0.0,0.0,0.0,0.0,0.0,0.0,0.0,0.0,0.0,0.0,0.0,0.0,0.0,0.0,0.3955,0.6115,1.202,0.3498,-0.1156,-0.8017,-0.092,-1.4452,-0.0188,-1.717,0.0,0.0,0.0,0.0,0.0,0.0,0.0,0.0,0.0,0.0,0.0,0.0,0.0,0.0,0.0,0.0,0.0,0.0,0.0,0.0,0.0,0.0,0.0,0.0,-0.5455,-0.2877,0.2515,0.8597,0.3261,0.9967,0.3787,0.8957,-0.0443,0.3999,0.0,0.0,0.0,0.0,0.0,0.0,0.0,0.0,0.0,0.0,0.0,0.0,0.0,0.0,0.0,0.0,0.0,0.0,0.0,0.0,0.0,0.0,-0.5045,-0.2145,0.0,0.0,0.0,0.0,0.0172,0.4019,0.0,0.0,0.0,0.0,0.0,0.0,0.0,0.0,0.0,0.0,0.0,0.0,0.0,0.0,0.0,0.0,0.0,0.0,False,True,False,False,False,False,front,False,False,False,True,True,True,
record8.mp4,6a24bdc5d4a5d763,12916,10250,10583,123,127,2.7049,0.2358,3.3458,0.7856,3.4972,1.1052,3.6434,1.3928,2.9308,1.3725,2.9452,1.7338,2.934,2.0379,2.4781,1.3736,2.4133,1.8035,2.344,2.1677,2.1131,1.2565,1.9718,1.624,1.8599,1.9343,1.8151,1.0855,1.6355,1.3038,1.4913,1.5121,2.6949,0.2367,3.3283,0.779,3.4785,1.0837,3.6015,1.375,2.9278,1.385,2.9445,1.7565,2.9355,2.0713,2.4757,1.3604,2.408,1.7805,2.3351,2.1362,2.109,1.2472,1.968,1.6162,1.8556,1.9246,1.8069,1.0849,1.625,1.306,1.4778,1.5163,2.6832,0.2449,3.3195,0.7801,3.4735,1.0764,3.5881,1.3561,2.931,1.3846,2.9546,1.7648,2.9522,2.0856,2.4766,1.3155,2.3944,1.7063,2.3025,2.0308,2.1041,1.2264,1.9562,1.5925,1.8378,1.8983,1.8025,1.0776,1.6162,1.3014,1.4656,1.5116,2.6899,0.2441,3.3367,0.7666,3.4869,1.0738,3.5968,1.359,2.9547,1.2853,2.9826,1.6324,2.983,1.939,2.5002,1.2343,2.4229,1.6077,2.3356,1.9168,2.1191,1.1959,1.9728,1.5674,1.8576,1.8799,1.8163,1.0732,1.6293,1.2994,1.4818,1.5098,2.7168,0.2485,3.3701,0.7647,3.5086,1.0783,3.6127,1.373,2.9412,1.261,2.9625,1.6123,2.9576,1.9297,2.5038,1.2724,2.442,1.6676,2.3757,2.0146,2.1428,1.2244,2.0097,1.5928,1.9032,1.9096,1.8356,1.0962,1.6535,1.3162,1.5078,1.5238,0.0,0.0,0.0,0.0,0.0,0.0,-0.5045,-0.2145,0.0,0.0,0.0,0.0,0.0172,0.4019,0.0,0.0,0.0,0.0,0.0,0.0,0.0,0.0,0.0,0.0,0.0,0.0,0.0,0.0,0.0,0.0,0.0,0.0,0.0,0.0,0.0,0.0,0.0,0.0,0.0,0.0,0.0,0.0,0.0,0.0,0.0,0.0,0.01,-0.5418,-0.1631,-0.8941,-0.3919,-1.27,0.0,0.0,0.0,0.0,0.0,0.0,0.0,0.0,0.0,0.0,0.0,0.0,0.0,0.0,0.0,0.0,0.0,0.0,0.0,0.0,0.2825,-1.1824,0.3336,-1.576,0.367,-1.7463,0.2812,-0.9667,0.3386,-1.1743,0.3935,-1.3574,0.179,-0.3625,0.0,0.0,0.0,0.0,0.0,0.0,0.0,0.0,0.0,0.0,0.0,0.0,0.4027,-0.0231,0.0,0.0,0.0,0.0,0.0,0.0,0.0,0.0,0.0,0.0,0.0431,0.4598,0.2304,0.7217,0.4833,1.179,0.2855,0.3429,0.445,0.3052,0.5493,0.3584,0.0,0.0,0.0,0.0,0.0,0.0,False,False,True,True,False,False,front,False,False,False,True,True,True,
record8.mp4,6a24bdc5d4a5d763,12916,10500,10833,126,130,2.6899,0.2441,3.3367,0.7666,3.4869,1.0738,3.5968,1.359,2.9547,1.2853,2.9826,1.6324,2.983,1.939,2.5002,1.2343,2.4229,1.6077,2.3356,1.9168,2.1191,1.1959,1.9728,1.5674,1.8576,1.8799,1.8163,1.0732,1.6293,1.2994,1.4818,1.5098,2.7168,0.2485,3.3701,0.7647,3.5086,1.0783,3.6127,1.373,2.9412,1.261,2.9625,1.6123,2.9576,1.9297,2.5038,1.2724,2.442,1.6676,2.3757,2.0146,2.1428,1.2244,2.0097,1.5928,1.9032,1.9096,1.8356,1.0962,1.6535,1.3162,1.5078,1.5238,2.7354,0.2695,3.4205,0.7817,3.5634,1.102,3.6624,1.3871,2.944,1.2243,2.9518,1.5535,2.933,1.8514,2.5285,1.3084,2.4766,1.7336,2.4153,2.1023,2.1687,1.2547,2.0356,1.6264,1.9252,1.9403,1.8649,1.1122,1.6839,1.329,1.5381,1.5336,2.734,0.2581,3.3948,0.7853,3.5473,1.0915,3.6523,1.3776,2.9719,1.4179,2.9813,1.7803,2.9676,2.0776,2.531,1.3869,2.4684,1.7946,2.4029,2.1417,2.1703,1.2702,2.0331,1.6289,1.9244,1.9312,1.8621,1.1064,1.6795,1.3242,1.5324,1.5276,2.7219,0.2594,3.3789,0.79,3.5321,1.0883,3.6344,1.3732,2.9706,1.4313,2.9865,1.8086,2.9836,2.1206,2.5261,1.3628,2.4607,1.7668,2.3921,2.1102,2.1647,1.256,2.0274,1.6241,1.917,1.9301,1.8564,1.0948,1.6746,1.3156,1.5249,1.5193,0.0,0.0,0.4027,-0.0231,0.0,0.0,0.0,0.0,0.0,0.0,0.0,0.0,0.0,0.0,0.0431,0.4598,0.2304,0.7217,0.4833,1.179,0.2855,0.3429,0.445,0.3052,0.5493,0.3584,0.0,0.0,0.0,0.0,0.0,0.0,0.0,0.0,0.6073,0.2041,0.6598,0.285,0.599,0.1705,0.0334,-0.4423,-0.1281,-0.7082,-0.297,-0.9428,0.2983,0.4332,0.4173,0.7956,0.4775,1.0566,0.3118,0.3651,0.3115,0.4053,0.2649,0.3692,0.352,0.1928,0.0,0.0,0.0,0.0,0.0,0.0,0.0,0.0,0.0,0.0,0.0,0.0,0.3327,2.3044,0.3511,2.6997,0.4129,2.6931,0.0299,0.9343,-0.0986,0.7258,-0.1482,0.4684,0.0,0.0,0.0,0.0,0.0,0.0,0.0,0.0,0.0,0.0,0.0,0.0,0.0,0.0,0.0,0.0,0.0,0.0,0.0,0.0,0.0,0.0,0.0,0.0,0.193,0.5177,0.0,0.0,0.0,0.0,-0.1299,-0.3791,0.0,0.0,0.0,0.0,0.0,0.0,0.0,0.0,0.0,0.0,0.0,0.0,False,True,True,True,False,False,front,False,False,False,True,True,True,
record8.mp4,6a24bdc5d4a5d763,12916,10750,11083,129,133,2.734,0.2581,3.3948,0.7853,3.5473,1.0915,3.6523,1.3776,2.9719,1.4179,2.9813,1.7803,2.9676,2.0776,2.531,1.3869,2.4684,1.7946,2.4029,2.1417,2.1703,1.2702,2.0331,1.6289,1.9244,1.9312,1.8621,1.1064,1.6795,1.3242,1.5324,1.5276,2.7219,0.2594,3.3789,0.79,3.5321,1.0883,3.6344,1.3732,2.9706,1.4313,2.9865,1.8086,2.9836,2.1206,2.5261,1.3628,2.4607,1.7668,2.3921,2.1102,2.1647,1.256,2.0274,1.6241,1.917,1.9301,1.8564,1.0948,1.6746,1.3156,1.5249,1.5193,2.7096,0.268,3.3591,0.7932,3.508,1.0872,3.6193,1.374,2.9583,1.4178,2.9783,1.7809,2.979,2.0885,2.5171,1.348,2.4486,1.7299,2.3722,2.0622,2.1575,1.2445,2.0214,1.6051,1.9087,1.9041,1.8507,1.085,1.6699,1.3024,1.5189,1.505,2.7005,0.2568,3.3375,0.7984,3.4897,1.0896,3.6066,1.3682,2.9399,1.4103,2.9583,1.781,2.9569,2.0956,2.5035,1.3498,2.4396,1.7467,2.3703,2.0928,2.1432,1.2416,2.0105,1.606,1.9006,1.9065,1.8387,1.0825,1.6618,1.2982,1.5125,1.4971,2.696,0.257,3.321,0.7886,3.4773,1.0777,3.5998,1.3561,2.931,1.4073,2.9485,1.7792,2.9424,2.0942,2.4943,1.354,2.4299,1.7523,2.3619,2.1001,2.1353,1.245,2.0013,1.6027,1.8921,1.8976,1.8291,1.0866,1.6537,1.302,1.5067,1.5009,0.0,0.0,0.0,0.0,0.0,0.0,0.0,0.0,0.0,0.0,0.0,0.0,0.193,0.5177,0.0,0.0,0.0,0.0,-0.1299,-0.3791,0.0,0.0,0.0,0.0,0.0,0.0,0.0,0.0,0.0,0.0,0.0,0.0,0.0,0.0,0.0,0.0,0.0,0.0,0.0,0.0,0.0,0.0,0.0,0.0,0.0,0.0,0.0,0.0,-0.1453,-0.4444,-0.2396,-0.5781,0.0,0.0,0.0,0.0,0.0,0.0,0.0,0.0,0.0,0.0,0.0,0.0,0.0,0.0,0.0,0.0,0.0,0.0,0.0,0.0,0.0,0.0,0.0,0.0,0.0,0.0,0.0,0.0,0.0,0.0,0.0,0.0,0.0,0.0,0.0,0.0,0.0,0.0,0.0,0.0,0.0,0.0,0.0,0.0,0.0,0.0,0.0,0.0,0.0,0.0,0.0,0.0,0.0,0.0,0.0,0.0,0.0,0.0,0.0,0.0,0.0,0.0,0.0,0.0,0.0,0.0,0.0,0.0,0.0,0.0,0.0,0.0,0.0,0.0,0.0,0.0,False,False,False,False,False,False,front,False,False,False,True,True,True,
record8.mp4,6a24bdc5d4a5d763,12916,11000,11333,132,136,2.7005,0.2568,3.3375,0.7984,3.4897,1.0896,3.6066,1.3682,2.9399,1.4103,2.9583,1.781,2.9569,2.0956,2.5035,1.3498,2.4396,1.7467,2.3703,2.0928,2.1432,1.2416,2.0105,1.606,1.9006,1.9065,1.8387,1.0825,1.6618,1.2982,1.5125,1.4971,2.696,0.257,3.321,0.7886,3.4773,1.0777,3.5998,1.3561,2.931,1.4073,2.9485,1.7792,2.9424,2.0942,2.4943,1.354,2.4299,1.7523,2.3619,2.1001,2.1353,1.245,2.0013,1.6027,1.8921,1.8976,1.8291,1.0866,1.6537,1.302,1.5067,1.5009,2.6783,0.2542,3.3086,0.7846,3.4654,1.0763,3.5873,1.3535,2.9269,1.3939,2.9482,1.7637,2.9453,2.0785,2.4922,1.3583,2.4297,1.7587,2.361,2.1063,2.1309,1.2505,1.9946,1.6027,1.8835,1.8946,1.8199,1.0865,1.642,1.2981,1.4954,1.4947,2.6763,0.2501,3.2972,0.7782,3.4557,1.0687,3.5773,1.3421,2.9326,1.3887,2.9758,1.7673,2.9891,2.0939,2.4935,1.3032,2.4217,1.6805,2.336,2.0021,2.1138,1.2022,1.9602,1.5485,1.8286,1.8408,1.8055,1.0599,1.6079,1.2568,1.4407,1.4436,2.6796,0.2501,3.2982,0.7764,3.4515,1.0619,3.5676,1.3391,2.9353,1.4018,2.969,1.7755,2.9754,2.0935,2.4895,1.3391,2.4185,1.7247,2.3414,2.0537,2.1234,1.2209,1.9751,1.5705,1.8531,1.86,1.812,1.0706,1.62,1.2749,1.4611,1.4658,0.0,0.0,0.0,0.0,0.0,0.0,0.0,0.0,0.0,0.0,0.0,0.0,0.0,0.0,0.0,0.0,0.0,0.0,0.0,0.0,0.0,0.0,0.0,0.0,0.0,0.0,0.0,0.0,0.0,0.0,0.0,0.0,0.0,0.0,0.0,0.0,0.0,0.0,0.0,0.0,0.0,0.0,0.0,0.0,0.0,0.0,0.0,0.0,0.0,0.0,0.0,0.0,0.0,0.0,0.0,0.0,0.0,0.0,0.0,0.0,0.0,0.0,0.0,0.0,0.0,0.0,0.0,0.0,0.0,0.0,0.0,0.0,0.0,0.0,0.0,0.0,0.5212,0.1835,0.0153,-0.6559,-0.0957,-0.9307,-0.2982,-1.2408,-0.2033,-0.5758,-0.4087,-0.6447,-0.6535,-0.6399,0.0,0.0,-0.4062,-0.4916,-0.6512,-0.6082,0.0,0.0,0.0,0.0,0.0,0.0,0.0,0.0,0.0,0.0,0.0,0.0,0.0,0.0,-0.0479,0.4329,-0.0382,0.5319,0.0654,0.622,0.0,0.0,0.0,0.0,0.0,0.0,0.0,0.0,0.0,0.0,0.0,0.0,False,False,True,True,False,False,front,False,False,False,True,True,True,
record8.mp4,6a24bdc5d4a5d763,12916,11250,11583,135,139,2.6763,0.2501,3.2972,0.7782,3.4557,1.0687,3.5773,1.3421,2.9326,1.3887,2.9758,1.7673,2.9891,2.0939,2.4935,1.3032,2.4217,1.6805,2.336,2.0021,2.1138,1.2022,1.9602,1.5485,1.8286,1.8408,1.8055,1.0599,1.6079,1.2568,1.4407,1.4436,2.6796,0.2501,3.2982,0.7764,3.4515,1.0619,3.5676,1.3391,2.9353,1.4018,2.969,1.7755,2.9754,2.0935,2.4895,1.3391,2.4185,1.7247,2.3414,2.0537,2.1234,1.2209,1.9751,1.5705,1.8531,1.86,1.812,1.0706,1.62,1.2749,1.4611,1.4658,2.6609,0.2529,3.2968,0.7731,3.4489,1.0571,3.5595,1.3401,2.9351,1.4056,2.9675,1.7858,2.9756,2.0954,2.4757,1.3308,2.4057,1.7225,2.3319,2.0488,2.1079,1.213,1.9728,1.5743,1.8609,1.8686,1.777,1.0526,1.5811,1.2533,1.4172,1.4402,2.6413,0.2463,3.2744,0.762,3.4267,1.0415,3.5251,1.3263,2.9228,1.4136,2.9529,1.7812,2.9571,2.0791,2.4691,1.3216,2.3969,1.6993,2.3218,2.0173,2.1023,1.2022,1.9692,1.5554,1.862,1.8484,1.7699,1.0503,1.5793,1.256,1.4218,1.4506,2.6352,0.2376,3.2605,0.7504,3.4113,1.0359,3.5019,1.3268,2.8965,1.391,2.9291,1.7563,2.9325,2.0632,2.4518,1.3225,2.3899,1.7161,2.3238,2.0573,2.0856,1.2064,1.9558,1.5655,1.8549,1.8679,1.7668,1.0482,1.5811,1.2597,1.4302,1.4617,0.0,0.0,0.0,0.0,0.0,0.0,0.0,0.0,0.0,0.0,0.0,0.0,0.0,0.0,-0.0479,0.4329,-0.0382,0.5319,0.0654,0.622,0.0,0.0,0.0,0.0,0.0,0.0,0.0,0.0,0.0,0.0,0.0,0.0,0.0,0.0,0.0,0.0,0.0,0.0,0.0,0.0,0.0,0.0,0.0,0.0,0.0,0.0,0.0,0.0,0.0,0.0,0.0,0.0,0.0,0.0,0.0,0.0,0.0,0.0,-0.4217,-0.2163,-0.4681,-0.261,-0.5287,-0.3081,0.0,0.0,0.0,0.0,0.0,0.0,-0.4101,-0.1639,0.0,0.0,0.0,0.0,0.0,0.0,0.0,0.0,0.0,0.0,0.0,0.0,0.0,0.0,0.0,0.0,0.0,0.0,0.0,0.0,0.0,0.0,0.0,0.0,0.0,0.0,0.0,0.0,0.0,0.0,0.0,0.0,-0.3165,-0.2713,-0.2866,-0.2996,0.0,0.0,0.0,0.0,0.0,0.0,0.0242,0.4826,0.0,0.0,0.0,0.0,0.0,0.0,0.0,0.0,0.0,0.0,0.0,0.0,False,False,True,True,True,False,front,False,False,False,True,True,True,
record8.mp4,6a24bdc5d4a5d763,12916,11500,11833,138,142,2.6413,0.2463,3.2744,0.762,3.4267,1.0415,3.5251,1.3263,2.9228,1.4136,2.9529,1.7812,2.9571,2.0791,2.4691,1.3216,2.3969,1.6993,2.3218,2.0173,2.1023,1.2022,1.9692,1.5554,1.862,1.8484,1.7699,1.0503,1.5793,1.256,1.4218,1.4506,2.6352,0.2376,3.2605,0.7504,3.4113,1.0359,3.5019,1.3268,2.8965,1.391,2.9291,1.7563,2.9325,2.0632,2.4518,1.3225,2.3899,1.7161,2.3238,2.0573,2.0856,1.2064,1.9558,1.5655,1.8549,1.8679,1.7668,1.0482,1.5811,1.2597,1.4302,1.4617,2.6256,0.2364,3.2423,0.7565,3.4007,1.0412,3.5072,1.3255,2.8779,1.3756,2.9094,1.7396,2.9134,2.0452,2.4428,1.3224,2.3867,1.7171,2.326,2.0608,2.0813,1.2115,1.9524,1.5671,1.8507,1.8635,1.7663,1.0524,1.5855,1.2636,1.4369,1.4621,2.6138,0.2356,3.1998,0.7289,3.3743,0.9985,3.5475,1.243,2.8539,1.3654,2.8862,1.7257,2.8951,2.0315,2.4299,1.3238,2.3787,1.7136,2.3227,2.0546,2.0752,1.2153,1.9507,1.5631,1.8512,1.8534,1.7652,1.0536,1.5885,1.2606,1.4428,1.4542,2.6032,0.2284,3.1908,0.7043,3.371,0.9508,3.5616,1.1837,2.8545,1.3647,2.8861,1.7306,2.8964,2.0417,2.4286,1.3273,2.3789,1.7188,2.3261,2.063,2.075,1.2144,1.9498,1.5621,1.8482,1.8475,1.7648,1.0631,1.5895,1.2661,1.4445,1.4546,0.0,0.0,0.0,0.0,0.0,0.0,0.0,0.0,-0.3165,-0.2713,-0.2866,-0.2996,0.0,0.0,0.0,0.0,0.0,0.0,0.0242,0.4826,0.0,0.0,0.0,0.0,0.0,0.0,0.0,0.0,0.0,0.0,0.0,0.0,0.0,0.0,0.0,0.0,0.0,0.0,0.0,0.0,0.0,0.0,0.0,0.0,0.0,0.0,0.0,0.0,0.0,0.0,0.0,0.0,0.0,0.0,0.0,0.0,0.0,0.0,0.0,0.0,0.0,0.0,0.0,0.0,0.0,0.0,-0.5057,-0.3285,-0.3137,-0.5081,0.4794,-0.982,0.0,0.0,0.0,0.0,0.0,0.0,0.0,0.0,0.0,0.0,0.0,0.0,0.0,0.0,0.0,0.0,0.0,0.0,0.0,0.0,0.0,0.0,0.0,0.0,0.0,0.0,0.0,0.0,-0.0406,-0.5746,0.17,-0.7148,0.0,0.0,0.0,0.0,0.0,0.0,0.0,0.0,0.0,0.0,0.0,0.0,0.0,0.0,0.0,0.0,0.0,0.0,0.0,0.0,0.0,0.0,0.0,0.0,False,False,False,False,False,False,front,False,False,False,True,True,True,
record8.mp4,6a24bdc5d4a5d763,12916,11750,12083,141,145,2.6138,0.2356,3.1998,0.7289,3.3743,0.9985,3.5475,1.243,2.8539,1.3654,2.8862,1.7257,2.8951,2.0315,2.4299,1.3238,2.3787,1.7136,2.3227,2.0546,2.0752,1.2153,1.9507,1.5631,1.8512,1.8534,1.7652,1.0536,1.5885,1.2606,1.4428,1.4542,2.6032,0.2284,3.1908,0.7043,3.371,0.9508,3.5616,1.1837,2.8545,1.3647,2.8861,1.7306,2.8964,2.0417,2.4286,1.3273,2.3789,1.7188,2.3261,2.063,2.075,1.2144,1.9498,1.5621,1.8482,1.8475,1.7648,1.0631,1.5895,1.2661,1.4445,1.4546,2.6125,0.2329,3.2088,0.7401,3.3757,1.0165,3.5461,1.2734,2.8619,1.3638,2.8855,1.7293,2.8873,2.0385,2.4313,1.3227,2.3763,1.7173,2.3221,2.06,2.0764,1.2136,1.9488,1.5655,1.8477,1.8546,1.771,1.0587,1.597,1.2658,1.4544,1.4568,2.6129,0.2396,3.2104,0.7638,3.3825,1.0637,3.5835,1.3225,2.8607,1.3355,2.8805,1.6816,2.8772,1.98,2.4329,1.3183,2.3791,1.7073,2.3221,2.0458,2.0778,1.2161,1.9528,1.5654,1.8519,1.8554,1.7746,1.0558,1.6019,1.2621,1.4601,1.4525,2.6106,0.2298,3.2016,0.7557,3.3872,1.0555,3.6134,1.3092,2.8534,1.3478,2.8759,1.7024,2.8745,2.0052,2.4312,1.3168,2.3774,1.7102,2.3181,2.0499,2.0777,1.2126,1.9538,1.5648,1.8521,1.8574,1.7739,1.0524,1.6011,1.2621,1.459,1.4552,0.0,0.0,0.0,0.0,-0.0406,-0.5746,0.17,-0.7148,0.0,0.0,0.0,0.0,0.0,0.0,0.0,0.0,0.0,0.0,0.0,0.0,0.0,0.0,0.0,0.0,0.0,0.0,0.0,0.0,0.0,0.0,0.0,0.0,0.0,0.0,0.2163,0.431,0.0577,0.7911,-0.1864,1.0809,0.0,0.0,0.0,0.0,0.0,0.0,0.0,0.0,0.0,0.0,0.0,0.0,0.0,0.0,0.0,0.0,0.0,0.0,0.0,0.0,0.0,0.0,0.0,0.0,0.0,0.0,0.0,0.0,0.0805,0.5623,0.4454,0.5838,0.0,0.0,-0.0589,-0.5672,-0.1193,-0.6969,0.0,0.0,0.0,0.0,0.0,0.0,0.0,0.0,0.0,0.0,0.0,0.0,0.0,0.0,0.0,0.0,0.0,0.0,0.0,0.0,0.0,0.0,0.0,0.0,0.0,0.0,0.0,0.0,0.0,0.0,0.0,0.0,0.0,0.0,0.0,0.0,0.0,0.0,0.0,0.0,0.0,0.0,0.0,0.0,0.0,0.0,0.0,0.0,0.0,0.0,True,False,False,False,False,False,front,False,False,False,True,True,True,
record8.mp4,6a24bdc5d4a5d763,12916,12000,12333,144,148,2.6129,0.2396,3.2104,0.7638,3.3825,1.0637,3.5835,1.3225,2.8607,1.3355,2.8805,1.6816,2.8772,1.98,2.4329,1.3183,2.3791,1.7073,2.3221,2.0458,2.0778,1.2161,1.9528,1.5654,1.8519,1.8554,1.7746,1.0558,1.6019,1.2621,1.4601,1.4525,2.6106,0.2298,3.2016,0.7557,3.3872,1.0555,3.6134,1.3092,2.8534,1.3478,2.8759,1.7024,2.8745,2.0052,2.4312,1.3168,2.3774,1.7102,2.3181,2.0499,2.0777,1.2126,1.9538,1.5648,1.8521,1.8574,1.7739,1.0524,1.6011,1.2621,1.459,1.4552,2.6085,0.2238,3.2049,0.761,3.3879,1.0628,3.5942,1.3243,2.8545,1.3502,2.8739,1.7099,2.8689,2.0158,2.4316,1.3159,2.3757,1.7121,2.3157,2.0516,2.076,1.2131,1.9515,1.5653,1.8507,1.8575,1.7685,1.0532,1.5956,1.2635,1.453,1.4581,2.6032,0.1933,3.1639,0.6978,3.3577,0.9607,3.5881,1.1644,2.8335,1.3406,2.8601,1.6981,2.8633,2.0052,2.4174,1.312,2.3641,1.7066,2.3072,2.0493,2.0675,1.2109,1.9448,1.5642,1.8459,1.8587,1.7654,1.0525,1.5959,1.2634,1.4565,1.4604,2.6097,0.2007,3.1686,0.6959,3.3562,0.9564,3.5838,1.1727,2.841,1.3357,2.8678,1.7038,2.8745,2.0225,2.4242,1.3091,2.3711,1.7126,2.3187,2.0644,2.0758,1.2012,1.9513,1.5611,1.8504,1.858,1.7752,1.0515,1.6045,1.2614,1.4639,1.4566,0.0,0.0,0.0,0.0,0.0,0.0,0.0,0.0,0.0,0.0,0.0,0.0,0.0,0.0,0.0,0.0,0.0,0.0,0.0,0.0,0.0,0.0,0.0,0.0,0.0,0.0,0.0,0.0,0.0,0.0,0.0,0.0,0.0,0.0,0.0,0.0,0.0,0.0,0.0,0.0,0.0,0.0,0.0,0.0,0.0,0.0,0.0,0.0,0.0,0.0,0.0,0.0,0.0,0.0,0.0,0.0,0.0,0.0,0.0,0.0,0.0,0.0,0.0,0.0,0.0,0.0,-0.4881,-0.7526,-0.3598,-1.2152,-0.073,-1.903,0.0,0.0,0.0,0.0,0.0,0.0,0.0,0.0,0.0,0.0,0.0,0.0,0.0,0.0,0.0,0.0,0.0,0.0,0.0,0.0,0.0,0.0,0.0,0.0,0.0,0.0,0.0,0.0,0.0,0.0,0.0,0.0,0.0,0.0,0.0,0.0,0.0,0.0,0.0,0.0,0.0,0.0,0.0,0.0,0.0,0.0,0.0,0.0,0.0,0.0,0.0,0.0,0.0,0.0,0.0,0.0,False,False,False,False,False,False,front,False,False,False,True,True,True,
record8.mp4,6a24bdc5d4a5d763,12916,12250,12583,147,151,2.6032,0.1933,3.1639,0.6978,3.3577,0.9607,3.5881,1.1644,2.8335,1.3406,2.8601,1.6981,2.8633,2.0052,2.4174,1.312,2.3641,1.7066,2.3072,2.0493,2.0675,1.2109,1.9448,1.5642,1.8459,1.8587,1.7654,1.0525,1.5959,1.2634,1.4565,1.4604,2.6097,0.2007,3.1686,0.6959,3.3562,0.9564,3.5838,1.1727,2.841,1.3357,2.8678,1.7038,2.8745,2.0225,2.4242,1.3091,2.3711,1.7126,2.3187,2.0644,2.0758,1.2012,1.9513,1.5611,1.8504,1.858,1.7752,1.0515,1.6045,1.2614,1.4639,1.4566,2.6246,0.2161,3.2058,0.7318,3.3703,1.0109,3.571,1.2728,2.8617,1.338,2.8794,1.7143,2.8784,2.0363,2.4336,1.3099,2.3767,1.7252,2.3224,2.0822,2.0855,1.202,1.9592,1.5711,1.8546,1.8701,1.7826,1.0547,1.6093,1.2668,1.4667,1.4598,2.6277,0.2361,3.2122,0.7231,3.3994,0.9734,3.6363,1.189,2.8695,1.3182,2.886,1.6933,2.8849,2.0135,2.4437,1.3043,2.3922,1.7176,2.3417,2.079,2.0953,1.2057,1.9736,1.5754,1.8704,1.8732,1.7907,1.0651,1.6175,1.2755,1.4738,1.4675,2.6505,0.2238,3.2137,0.7274,3.4101,0.9908,3.6413,1.2104,2.8779,1.3275,2.9032,1.7094,2.9122,2.0335,2.4628,1.3036,2.4102,1.7189,2.3621,2.0815,2.1184,1.204,1.9935,1.5748,1.8892,1.8772,1.8114,1.0687,1.6359,1.2806,1.4876,1.4746,0.0,0.0,0.0,0.0,0.0,0.0,0.0,0.0,0.0,0.0,0.0,0.0,0.0,0.0,0.0,0.0,0.0,0.0,0.0,0.0,0.0,0.0,0.0,0.0,0.0,0.0,0.0,0.0,0.0,0.0,0.0,0.0,0.0,0.0,0.4478,0.4327,0.1705,0.6563,-0.1552,1.2052,0.0,0.0,0.0,0.0,0.0,0.0,0.0,0.0,0.0,0.0,0.0,0.0,0.0,0.0,0.0,0.0,0.0,0.0,0.0,0.0,0.0,0.0,0.0,0.0,0.0,0.0,0.0,0.0,0.3464,-0.4466,0.7782,-0.9969,0.0,0.0,0.0,0.0,0.0,0.0,0.0,0.0,0.0,0.0,0.0,0.0,0.0,0.0,0.0,0.0,0.0,0.0,0.0,0.0,0.0,0.0,0.0,0.0,0.0,0.0,0.0,0.0,0.0,0.0,0.0,0.0,0.0,0.0,0.0,0.0,0.3291,0.2415,0.0,0.0,0.0,0.0,0.0,0.0,0.0,0.0,0.0,0.0,0.0,0.0,0.0,0.0,0.0,0.0,0.0,0.0,True,False,False,False,False,False,front,False,False,False,True,True,True,
record8.mp4,6a24bdc5d4a5d763,12916,12500,12833,150,154,2.6277,0.2361,3.2122,0.7231,3.3994,0.9734,3.6363,1.189,2.8695,1.3182,2.886,1.6933,2.8849,2.0135,2.4437,1.3043,2.3922,1.7176,2.3417,2.079,2.0953,1.2057,1.9736,1.5754,1.8704,1.8732,1.7907,1.0651,1.6175,1.2755,1.4738,1.4675,2.6505,0.2238,3.2137,0.7274,3.4101,0.9908,3.6413,1.2104,2.8779,1.3275,2.9032,1.7094,2.9122,2.0335,2.4628,1.3036,2.4102,1.7189,2.3621,2.0815,2.1184,1.204,1.9935,1.5748,1.8892,1.8772,1.8114,1.0687,1.6359,1.2806,1.4876,1.4746,2.6821,0.2213,3.2585,0.7581,3.4223,1.0663,3.6333,1.3244,2.9135,1.3313,2.9378,1.7169,2.9422,2.0448,2.476,1.3138,2.4208,1.7398,2.3695,2.102,2.1239,1.2101,1.996,1.5842,1.8899,1.8878,1.8218,1.0706,1.6447,1.2832,1.4978,1.4767,2.6841,0.2536,3.2995,0.7281,3.4825,1.0322,3.7105,1.2646,2.9004,1.1053,2.9124,1.398,2.8963,1.679,2.5002,1.2603,2.4474,1.6538,2.3862,1.9932,2.1531,1.2241,2.0345,1.5915,1.9365,1.9025,1.8521,1.0836,1.6751,1.2907,1.5311,1.4852,2.7204,0.2183,3.3042,0.6691,3.4798,0.9513,3.7275,1.1544,2.9032,1.142,2.9056,1.4673,2.89,1.769,2.5174,1.2739,2.4593,1.6831,2.3961,2.038,2.178,1.2407,2.0564,1.6278,1.9611,1.9569,1.8826,1.0907,1.7018,1.3087,1.5568,1.5087,0.0,0.0,0.0,0.0,0.0,0.0,0.0,0.0,0.0,0.0,0.0,0.0,0.3291,0.2415,0.0,0.0,0.0,0.0,0.0,0.0,0.0,0.0,0.0,0.0,0.0,0.0,0.0,0.0,0.0,0.0,0.0,0.0,0.0,0.0,0.5401,0.3698,0.1477,0.9097,-0.0969,1.3737,0.4297,0.0463,0.417,0.0895,0.0,0.0,0.0,0.0,0.0,0.0,0.0,0.0,0.0,0.0,0.0,0.0,0.0,0.0,0.0,0.0,0.0,0.0,0.0,0.0,0.0,0.0,0.4878,-0.3569,0.7167,-0.4057,0.9193,-0.7127,-0.1557,-2.6907,-0.3021,-3.7956,-0.546,-4.3552,0.2881,-0.6366,0.3165,-1.0237,0.1981,-1.2952,0.0,0.0,0.4587,0.0869,0.5553,0.1759,0.0,0.0,0.0,0.0,0.3954,0.1011,0.4382,-0.4252,0.0567,-0.7101,-0.0326,-0.9742,0.2053,-1.3273,0.0327,0.4423,-0.0822,0.835,-0.076,1.0843,0.0,0.0,0.0,0.0,0.1199,0.54,0.0,0.0,0.2629,0.4374,0.2955,0.6555,0.0,0.0,0.0,0.0,0.3095,0.283,False,False,False,False,False,False,front,False,False,False,True,True,True,
