video_file,video_hash,duration_ms,start_ms,end_ms,start_frame,end_frame,wrist1_x,wrist1_y,thumb1_mcp_x,thumb1_mcp_y,thumb1_pip_x,thumb1_pip_y,thumb1_dip_x,thumb1_dip_y,index1_mcp_x,index1_mcp_y,index1_pip_x,index1_pip_y,index1_dip_x,index1_dip_y,middle1_mcp_x,middle1_mcp_y,middle1_pip_x,middle1_pip_y,middle1_dip_x,middle1_dip_y,ring1_mcp_x,ring1_mcp_y,ring1_pip_x,ring1_pip_y,ring1_dip_x,ring1_dip_y,pinky1_mcp_x,pinky1_mcp_y,pinky1_pip_x,pinky1_pip_y,pinky1_dip_x,pinky1_dip_y,wrist2_x,wrist2_y,thumb2_mcp_x,thumb2_mcp_y,thumb2_pip_x,thumb2_pip_y,thumb2_dip_x,thumb2_dip_y,index2_mcp_x,index2_mcp_y,index2_pip_x,index2_pip_y,index2_dip_x,index2_dip_y,middle2_mcp_x,middle2_mcp_y,middle2_pip_x,middle2_pip_y,middle2_dip_x,middle2_dip_y,ring2_mcp_x,ring2_mcp_y,ring2_pip_x,ring2_pip_y,ring2_dip_x,ring2_dip_y,pinky2_mcp_x,pinky2_mcp_y,pinky2_pip_x,pinky2_pip_y,pinky2_dip_x,pinky2_dip_y,wrist3_x,wrist3_y,thumb3_mcp_x,thumb3_mcp_y,thumb3_pip_x,thumb3_pip_y,thumb3_dip_x,thumb3_dip_y,index3_mcp_x,index3_mcp_y,index3_pip_x,index3_pip_y,index3_dip_x,index3_dip_y,middle3_mcp_x,middle3_mcp_y,middle3_pip_x,middle3_pip_y,middle3_dip_x,middle3_dip_y,ring3_mcp_x,ring3_mcp_y,ring3_pip_x,ring3_pip_y,ring3_dip_x,ring3_dip_y,pinky3_mcp_x,pinky3_mcp_y,pinky3_pip_x,pinky3_pip_y,pinky3_dip_x,pinky3_dip_y,wrist4_x,wrist4_y,thumb4_mcp_x,thumb4_mcp_y,thumb4_pip_x,thumb4_pip_y,thumb4_dip_x,thumb4_dip_y,index4_mcp_x,index4_mcp_y,index4_pip_x,index4_pip_y,index4_dip_x,index4_dip_y,middle4_mcp_x,middle4_mcp_y,middle4_pip_x,middle4_pip_y,middle4_dip_x,middle4_dip_y,ring4_mcp_x,ring4_mcp_y,ring4_pip_x,ring4_pip_y,ring4_dip_x,ring4_dip_y,pinky4_mcp_x,pinky4_mcp_y,pinky4_pip_x,pinky4_pip_y,pinky4_dip_x,pinky4_dip_y,wrist5_x,wrist5_y,thumb5_mcp_x,thumb5_mcp_y,thumb5_pip_x,thumb5_pip_y,thumb5_dip_x,thumb5_dip_y,index5_mcp_x,index5_mcp_y,index5_pip_x,index5_pip_y,index5_dip_x,index5_dip_y,middle5_mcp_x,middle5_mcp_y,middle5_pip_x,middle5_pip_y,middle5_dip_x,middle5_dip_y,ring5_mcp_x,ring5_mcp_y,ring5_pip_x,ring5_pip_y,ring5_dip_x,ring5_dip_y,pinky5_mcp_x,pinky5_mcp_y,pinky5_pip_x,pinky5_pip_y,pinky5_dip_x,pinky5_dip_y,wrist1_vx,wrist1_vy,thumb1_mcp_vx,thumb1_mcp_vy,thumb1_pip_vx,thumb1_pip_vy,thumb1_dip_vx,thumb1_dip_vy,index1_mcp_vx,index1_mcp_vy,index1_pip_vx,index1_pip_vy,index1_dip_vx,index1_dip_vy,middle1_mcp_vx,middle1_mcp_vy,middle1_pip_vx,middle1_pip_vy,middle1_dip_vx,middle1_dip_vy,ring1_mcp_vx,ring1_mcp_vy,ring1_pip_vx,ring1_pip_vy,ring1_dip_vx,ring1_dip_vy,pinky1_mcp_vx,pinky1_mcp_vy,pinky1_pip_vx,pinky1_pip_vy,pinky1_dip_vx,pinky1_dip_vy,wrist2_vx,wrist2_vy,thumb2_mcp_vx,thumb2_mcp_vy,thumb2_pip_vx,thumb2_pip_vy,thumb2_dip_vx,thumb2_dip_vy,index2_mcp_vx,index2_mcp_vy,index2_pip_vx,index2_pip_vy,index2_dip_vx,index2_dip_vy,middle2_mcp_vx,middle2_mcp_vy,middle2_pip_vx,middle2_pip_vy,middle2_dip_vx,middle2_dip_vy,ring2_mcp_vx,ring2_mcp_vy,ring2_pip_vx,ring2_pip_vy,ring2_dip_vx,ring2_dip_vy,pinky2_mcp_vx,pinky2_mcp_vy,pinky2_pip_vx,pinky2_pip_vy,pinky2_dip_vx,pinky2_dip_vy,wrist3_vx,wrist3_vy,thumb3_mcp_vx,thumb3_mcp_vy,thumb3_pip_vx,thumb3_pip_vy,thumb3_dip_vx,thumb3_dip_vy,index3_mcp_vx,index3_mcp_vy,index3_pip_vx,index3_pip_vy,index3_dip_vx,index3_dip_vy,middle3_mcp_vx,middle3_mcp_vy,middle3_pip_vx,middle3_pip_vy,middle3_dip_vx,middle3_dip_vy,ring3_mcp_vx,ring3_mcp_vy,ring3_pip_vx,ring3_pip_vy,ring3_dip_vx,ring3_dip_vy,pinky3_mcp_vx,pinky3_mcp_vy,pinky3_pip_vx,pinky3_pip_vy,pinky3_dip_vx,pinky3_dip_vy,wrist4_vx,wrist4_vy,thumb4_mcp_vx,thumb4_mcp_vy,thumb4_pip_vx,thumb4_pip_vy,thumb4_dip_vx,thumb4_dip_vy,index4_mcp_vx,index4_mcp_vy,index4_pip_vx,index4_pip_vy,index4_dip_vx,index4_dip_vy,middle4_mcp_vx,middle4_mcp_vy,middle4_pip_vx,middle4_pip_vy,middle4_dip_vx,middle4_dip_vy,ring4_mcp_vx,ring4_mcp_vy,ring4_pip_vx,ring4_pip_vy,ring4_dip_vx,ring4_dip_vy,pinky4_mcp_vx,pinky4_mcp_vy,pinky4_pip_vx,pinky4_pip_vy,pinky4_dip_vx,pinky4_dip_vy,thumb_touch,index_touch,middle_touch,ring_touch,pinky_touch,hand_move,hand_point_of_view,hand_closer,hovering,daylight,hand_visible,out_of_sync,rightHand,any_difference
video 02.mp4,372655f94428d157,42416,0,333,0,4,1.5359,0.4049,1.2834,1.05,1.38,1.3421,1.4656,1.6877,2.4017,1.4653,2.6957,1.7218,2.943,1.9236,2.688,1.2837,2.9945,1.557,3.2545,1.79,2.7297,1.0861,3.0049,1.287,3.2095,1.4479,2.6556,0.8599,2.9093,0.8975,3.1049,0.9399,1.517,0.3957,1.2715,1.0695,1.3835,1.3747,1.4877,1.7125,2.4103,1.4648,2.7109,1.7283,2.9582,1.9423,2.7344,1.2502,3.0931,1.5008,3.3684,1.6888,2.7789,1.0594,3.1151,1.2303,3.3749,1.3698,2.6621,0.8418,2.9122,0.8784,3.1023,0.912,1.502,0.354,1.256,1.0609,1.3733,1.3756,1.4868,1.7121,2.3982,1.4589,2.6998,1.722,2.9456,1.9399,2.7375,1.2283,3.114,1.4624,3.4124,1.6429,2.7754,1.0403,3.1275,1.198,3.4089,1.3366,2.6518,0.8315,2.9012,0.8697,3.0935,0.9071,1.4922,0.3322,1.2414,1.0544,1.3665,1.3712,1.4871,1.7072,2.3837,1.4622,2.6934,1.7235,2.9419,1.9394,2.7322,1.223,3.1093,1.4537,3.3959,1.6248,2.7699,1.0334,3.1201,1.1871,3.3888,1.3165,2.6383,0.8261,2.8864,0.8625,3.0734,0.8936,1.482,0.3112,1.2285,1.0395,1.3553,1.362,1.4788,1.6961,2.3621,1.4571,2.6722,1.7155,2.9251,1.9299,2.7245,1.222,3.102,1.4536,3.392,1.6254,2.7553,1.0299,3.1061,1.1815,3.3736,1.3065,2.6146,0.8207,2.8604,0.8535,3.0471,0.8782,0.0,0.0,0.0,0.0,0.0,0.0,0.0,0.0,0.0,0.0,0.0,0.0,0.0,0.0,0.559,-0.4046,1.1869,-0.6767,1.372,-1.2197,0.593,-0.3217,1.3278,-0.6828,1.9925,-0.9412,0.0,0.0,0.0,0.0,0.0,0.0,-0.1815,-0.5025,0.0,0.0,0.0,0.0,0.0,0.0,0.0,0.0,0.0,0.0,0.0,0.0,0.0,0.0,0.2528,-0.4635,0.5304,-0.5526,0.0,0.0,0.1501,-0.3896,0.4096,-0.3995,0.0,0.0,0.0,0.0,0.0,0.0,0.0,0.0,0.0,0.0,0.0,0.0,0.0,0.0,0.0,0.0,0.0,0.0,0.0,0.0,0.0,0.0,0.0,0.0,0.0,0.0,0.0,0.0,0.0,0.0,0.0,0.0,0.0,0.0,0.0,0.0,0.0,0.0,0.0,0.0,0.0,0.0,0.0,0.0,0.0,0.0,0.0,0.0,0.0,0.0,0.0,0.0,0.0,0.0,0.0,0.0,0.0,0.0,0.0,0.0,0.0,0.0,0.0,0.0,0.0,0.0,0.0,0.0,0.0,0.0,False,False,False,False,False,False,right,False,False,False,True,False,False,
video 02.mp4,372655f94428d157,42416,250,583,3,7,1.4922,0.3322,1.2414,1.0544,1.3665,1.3712,1.4871,1.7072,2.3837,1.4622,2.6934,1.7235,2.9419,1.9394,2.7322,1.223,3.1093,1.4537,3.3959,1.6248,2.7699,1.0334,3.1201,1.1871,3.3888,1.3165,2.6383,0.8261,2.8864,0.8625,3.0734,0.8936,1.482,0.3112,1.2285,1.0395,1.3553,1.362,1.4788,1.6961,2.3621,1.4571,2.6722,1.7155,2.9251,1.9299,2.7245,1.222,3.102,1.4536,3.392,1.6254,2.7553,1.0299,3.1061,1.1815,3.3736,1.3065,2.6146,0.8207,2.8604,0.8535,3.0471,0.8782,1.4695,0.3022,1.22,1.0367,1.3477,1.3615,1.4726,1.6965,2.3457,1.4531,2.6513,1.7099,2.9034,1.9234,2.7112,1.2224,3.0933,1.458,3.3872,1.6322,2.7329,1.0224,3.0874,1.1724,3.3607,1.2945,2.5929,0.8156,2.8388,0.8475,3.0284,0.8691,1.4633,0.2906,1.2175,1.0316,1.3459,1.3606,1.465,1.6977,2.3304,1.4501,2.6344,1.7055,2.8859,1.9182,2.6977,1.2203,3.0811,1.4561,3.3775,1.6306,2.7157,1.0165,3.072,1.1662,3.3465,1.2869,2.5753,0.8123,2.8217,0.8441,3.0131,0.8649,1.4644,0.2978,1.2187,1.0305,1.3454,1.3579,1.458,1.6979,2.3235,1.4497,2.6249,1.7007,2.8765,1.9094,2.6882,1.2245,3.0719,1.4583,3.3717,1.6304,2.7061,1.0144,3.0622,1.1588,3.3371,1.2741,2.5699,0.8121,2.8149,0.8433,3.0058,0.865,0.0,0.0,0.0,0.0,0.0,0.0,0.0,0.0,0.0,0.0,0.0,0.0,0.0,0.0,0.0,0.0,0.0,0.0,0.0,0.0,0.0,0.0,0.0,0.0,0.0,0.0,0.0,0.0,0.0,0.0,0.0,0.0,0.0,0.0,0.0,0.0,0.0,0.0,0.0,0.0,0.0,0.0,0.0,0.0,0.0,0.0,0.0,0.0,0.0,0.0,0.0,0.0,0.0,0.0,0.0,0.0,0.0,0.0,0.0,0.0,0.0,0.0,0.0,0.0,0.0,0.0,0.0,0.0,0.0,0.0,0.0,0.0,0.0,0.0,0.0,0.0,0.0,0.0,0.0,0.0,0.0,0.0,0.0,0.0,0.0,0.0,0.0,0.0,0.0,0.0,0.0,0.0,0.0,0.0,0.0,0.0,0.0,0.0,0.0,0.0,0.0,0.0,0.0,0.0,0.0,0.0,0.0,0.0,0.0,0.0,0.0,0.0,0.0,0.0,0.0,0.0,0.0,0.0,0.0,0.0,0.0,0.0,0.0,0.0,0.0,0.0,0.0,0.0,False,False,False,False,False,False,right,False,False,False,True,False,False,
video 02.mp4,372655f94428d157,42416,500,833,6,10,1.4633,0.2906,1.2175,1.0316,1.3459,1.3606,1.465,1.6977,2.3304,1.4501,2.6344,1.7055,2.8859,1.9182,2.6977,1.2203,3.0811,1.4561,3.3775,1.6306,2.7157,1.0165,3.072,1.1662,3.3465,1.2869,2.5753,0.8123,2.8217,0.8441,3.0131,0.8649,1.4644,0.2978,1.2187,1.0305,1.3454,1.3579,1.458,1.6979,2.3235,1.4497,2.6249,1.7007,2.8765,1.9094,2.6882,1.2245,3.0719,1.4583,3.3717,1.6304,2.7061,1.0144,3.0622,1.1588,3.3371,1.2741,2.5699,0.8121,2.8149,0.8433,3.0058,0.865,1.473,0.2961,1.2216,1.03,1.3469,1.358,1.453,1.6963,2.3254,1.444,2.6252,1.6947,2.8743,1.9013,2.6907,1.2226,3.0735,1.4582,3.3715,1.6283,2.7082,1.0112,3.0636,1.1579,3.3379,1.273,2.5696,0.814,2.8155,0.8459,3.0067,0.8674,1.4899,0.2987,1.23,1.029,1.3531,1.3578,1.4508,1.6953,2.3276,1.4369,2.6239,1.6893,2.8672,1.8994,2.7001,1.2207,3.0802,1.459,3.3772,1.635,2.7185,1.0114,3.0749,1.16,3.35,1.2784,2.5789,0.8133,2.8258,0.848,3.0179,0.8721,1.5023,0.2978,1.2447,1.0281,1.3628,1.3547,1.4498,1.6911,2.3384,1.4355,2.6321,1.6895,2.874,1.902,2.7075,1.2153,3.0825,1.4551,3.374,1.6344,2.7297,1.0096,3.0838,1.1612,3.3573,1.2834,2.5925,0.8131,2.8397,0.8517,3.0324,0.8814,0.0,0.0,0.0,0.0,0.0,0.0,0.0,0.0,0.0,0.0,0.0,0.0,0.0,0.0,0.0,0.0,0.0,0.0,0.0,0.0,0.0,0.0,0.0,0.0,0.0,0.0,0.0,0.0,0.0,0.0,0.0,0.0,0.0,0.0,0.0,0.0,0.0,0.0,0.0,0.0,0.0,0.0,0.0,0.0,0.0,0.0,0.0,0.0,0.0,0.0,0.0,0.0,0.0,0.0,0.0,0.0,0.0,0.0,0.0,0.0,0.0,0.0,0.0,0.0,0.0,0.0,0.0,0.0,0.0,0.0,0.0,0.0,0.0,0.0,0.0,0.0,0.0,0.0,0.0,0.0,0.0,0.0,0.0,0.0,0.0,0.0,0.0,0.0,0.0,0.0,0.0,0.0,0.0,0.0,0.0,0.0,0.0,0.0,0.0,0.0,0.0,0.0,0.0,0.0,0.0,0.0,0.0,0.0,0.0,0.0,0.0,0.0,0.0,0.0,0.0,0.0,0.0,0.0,0.0,0.0,0.0,0.0,0.0,0.0,0.0,0.0,0.0,0.0,False,False,False,False,False,False,right,False,False,False,True,False,False,
video 02.mp4,372655f94428d157,42416,750,1083,9,13,1.4899,0.2987,1.23,1.029,1.3531,1.3578,1.4508,1.6953,2.3276,1.4369,2.6239,1.6893,2.8672,1.8994,2.7001,1.2207,3.0802,1.459,3.3772,1.635,2.7185,1.0114,3.0749,1.16,3.35,1.2784,2.5789,0.8133,2.8258,0.848,3.0179,0.8721,1.5023,0.2978,1.2447,1.0281,1.3628,1.3547,1.4498,1.6911,2.3384,1.4355,2.6321,1.6895,2.874,1.902,2.7075,1.2153,3.0825,1.4551,3.374,1.6344,2.7297,1.0096,3.0838,1.1612,3.3573,1.2834,2.5925,0.8131,2.8397,0.8517,3.0324,0.8814,1.5246,0.2583,1.2621,1.0066,1.3815,1.3383,1.4521,1.6767,2.3572,1.431,2.6478,1.6881,2.8815,1.9038,2.7167,1.2073,3.088,1.4502,3.372,1.6332,2.7336,1.0043,3.0888,1.1606,3.3605,1.287,2.5919,0.8151,2.8385,0.8567,3.0308,0.8896,1.545,0.2306,1.2663,0.9932,1.389,1.3378,1.4621,1.6811,2.3647,1.4282,2.6599,1.6884,2.8954,1.9069,2.7315,1.2088,3.108,1.4574,3.3941,1.6498,2.7351,1.0055,3.0906,1.1671,3.3625,1.2975,2.5936,0.8162,2.8393,0.8606,3.0325,0.8952,1.5389,0.2375,1.2625,1.002,1.3907,1.3513,1.4688,1.696,2.3671,1.4316,2.6661,1.691,2.9057,1.9081,2.7346,1.2121,3.1118,1.4636,3.3999,1.659,2.737,1.0082,3.0924,1.1751,3.3658,1.3089,2.598,0.8151,2.8457,0.862,3.042,0.898,0.0,0.0,0.0,0.0,0.0,0.0,0.0,0.0,0.0,0.0,0.0,0.0,0.0,0.0,0.0,0.0,0.0,0.0,0.0,0.0,0.0,0.0,0.0,0.0,0.0,0.0,0.0,0.0,0.0,0.0,0.0,0.0,0.2698,-0.4757,0.0,0.0,0.0,0.0,0.0,0.0,0.0,0.0,0.0,0.0,0.0,0.0,0.0,0.0,0.0,0.0,0.0,0.0,0.0,0.0,0.0,0.0,0.0,0.0,0.0,0.0,0.0,0.0,0.0,0.0,0.2425,-0.3292,0.0,0.0,0.0,0.0,0.0,0.0,0.0,0.0,0.0,0.0,0.0,0.0,0.0,0.0,0.0,0.0,0.0,0.0,0.0,0.0,0.0,0.0,0.0,0.0,0.0,0.0,0.0,0.0,0.0,0.0,0.0,0.0,0.0,0.0,0.0,0.0,0.0,0.0,0.0,0.0,0.0,0.0,0.0,0.0,0.0,0.0,0.0,0.0,0.0,0.0,0.0,0.0,0.0,0.0,0.0,0.0,0.0,0.0,0.0,0.0,0.0,0.0,False,False,False,False,False,False,right,False,False,False,True,False,False,
video 02.mp4,372655f94428d157,42416,1000,1333,12,16,1.545,0.2306,1.2663,0.9932,1.389,1.3378,1.4621,1.6811,2.3647,1.4282,2.6599,1.6884,2.8954,1.9069,2.7315,1.2088,3.108,1.4574,3.3941,1.6498,2.7351,1.0055,3.0906,1.1671,3.3625,1.2975,2.5936,0.8162,2.8393,0.8606,3.0325,0.8952,1.5389,0.2375,1.2625,1.002,1.3907,1.3513,1.4688,1.696,2.3671,1.4316,2.6661,1.691,2.9057,1.9081,2.7346,1.2121,3.1118,1.4636,3.3999,1.659,2.737,1.0082,3.0924,1.1751,3.3658,1.3089,2.598,0.8151,2.8457,0.862,3.042,0.898,1.536,0.2541,1.2602,1.0142,1.386,1.3571,1.4695,1.701,2.3724,1.4386,2.6717,1.6986,2.9149,1.9168,2.7403,1.2186,3.1221,1.4685,3.4168,1.6615,2.7389,1.013,3.0926,1.1813,3.3653,1.3149,2.6019,0.8181,2.8508,0.8656,3.0485,0.9016,1.5303,0.2732,1.2476,1.0284,1.3759,1.3617,1.4645,1.7034,2.3741,1.4446,2.6735,1.6991,2.9192,1.9146,2.7662,1.1723,3.1498,1.3846,3.4517,1.5459,2.7603,0.9801,3.125,1.1148,3.4128,1.2124,2.6241,0.8295,2.8746,0.8707,3.0744,0.8996,1.5314,0.2901,1.241,1.0377,1.3718,1.3662,1.4656,1.7048,2.3686,1.456,2.6703,1.7075,2.9221,1.9182,2.8056,1.1338,3.2028,1.3104,3.5224,1.4408,2.7912,0.9443,3.1687,1.0293,3.4656,1.0835,2.6334,0.7982,2.8869,0.7938,3.0911,0.7836,0.0,0.0,0.0,0.0,0.0,0.0,0.0,0.0,0.0,0.0,0.0,0.0,0.0,0.0,0.0,0.0,0.0,0.0,0.0,0.0,0.0,0.0,0.0,0.0,0.0,0.0,0.0,0.0,0.0,0.0,0.0,0.0,0.0,0.0,0.0,0.0,0.0,0.0,0.0,0.0,0.0,0.0,0.0,0.0,0.0,0.0,0.0,0.0,0.0,0.0,0.0,0.0,0.0,0.0,0.0,0.0,0.0,0.0,0.0,0.0,0.0,0.0,0.0,0.0,0.0,0.0,0.0,0.0,0.0,0.0,0.0,0.0,0.0,0.0,0.0,0.0,0.0,0.0,0.3083,-0.551,0.329,-0.9977,0.4151,-1.3758,0.2543,-0.3912,0.3859,-0.7907,0.5653,-1.2211,0.0,0.0,0.0,0.0,0.0,0.0,0.0,0.0,0.0,0.0,0.0,0.0,0.0,0.0,0.0,0.0,0.0,0.0,0.0,0.0,0.4749,-0.4646,0.6386,-0.8944,0.8525,-1.2667,0.373,-0.4316,0.5267,-1.0304,0.6359,-1.5526,0.0,0.0,0.1483,-0.9273,0.2007,-1.3974,False,False,False,False,False,False,right,False,False,False,True,False,False,
video 02.mp4,372655f94428d157,42416,1250,1583,15,19,1.5303,0.2732,1.2476,1.0284,1.3759,1.3617,1.4645,1.7034,2.3741,1.4446,2.6735,1.6991,2.9192,1.9146,2.7662,1.1723,3.1498,1.3846,3.4517,1.5459,2.7603,0.9801,3.125,1.1148,3.4128,1.2124,2.6241,0.8295,2.8746,0.8707,3.0744,0.8996,1.5314,0.2901,1.241,1.0377,1.3718,1.3662,1.4656,1.7048,2.3686,1.456,2.6703,1.7075,2.9221,1.9182,2.8056,1.1338,3.2028,1.3104,3.5224,1.4408,2.7912,0.9443,3.1687,1.0293,3.4656,1.0835,2.6334,0.7982,2.8869,0.7938,3.0911,0.7836,1.5314,0.308,1.2513,1.0481,1.3779,1.3757,1.476,1.7105,2.3803,1.455,2.685,1.7189,2.9284,1.9379,2.7782,1.1631,3.1571,1.3897,3.4373,1.5647,2.7739,0.9677,3.128,1.1006,3.3797,1.2098,2.6362,0.8019,2.8903,0.82,3.0833,0.8276,1.5332,0.3212,1.2556,1.0513,1.3784,1.3761,1.4766,1.7101,2.3963,1.4538,2.6971,1.721,2.9372,1.9434,2.7723,1.2054,3.1483,1.445,3.4275,1.6235,2.7883,1.0135,3.149,1.1699,3.4158,1.2988,2.6473,0.8165,2.9008,0.8481,3.0926,0.8714,1.5344,0.3229,1.2615,1.0564,1.3814,1.3818,1.4798,1.7116,2.4023,1.454,2.7039,1.7213,2.9446,1.9451,2.7746,1.2255,3.1545,1.4729,3.4383,1.6595,2.7934,1.031,3.1555,1.1916,3.4263,1.3217,2.6496,0.825,2.9031,0.8609,3.0943,0.8878,0.0,0.0,0.0,0.0,0.0,0.0,0.0,0.0,0.0,0.0,0.0,0.0,0.0,0.0,0.4749,-0.4646,0.6386,-0.8944,0.8525,-1.2667,0.373,-0.4316,0.5267,-1.0304,0.6359,-1.5526,0.0,0.0,0.1483,-0.9273,0.2007,-1.3974,0.0,0.0,0.0,0.0,0.0,0.0,0.0,0.0,0.0,0.0,0.0,0.0,0.0,0.0,-0.331,0.3528,-0.5507,0.9554,-1.0256,1.4929,0.0,0.0,-0.49,0.859,-1.035,1.5218,0.0,0.0,0.0,0.0,-0.0943,0.5293,0.0,0.0,0.0,0.0,0.0,0.0,0.0,0.0,0.0,0.0,0.0,0.0,0.0,0.0,-0.0702,0.5036,-0.104,0.6585,-0.1171,0.6991,0.171,0.546,0.2495,0.8254,0.4298,1.0591,0.0,0.0,0.0,0.0,0.111,0.5221,0.0,0.0,0.0,0.0,0.0,0.0,0.0,0.0,0.0,0.0,0.0,0.0,0.0,0.0,0.0,0.0,0.0,0.0,0.1309,0.4342,0.0,0.0,0.0,0.0,0.0,0.0,0.0,0.0,0.0,0.0,0.0,0.0,False,False,True,True,True,False,right,False,False,False,True,False,False,
video 02.mp4,372655f94428d157,42416,1500,1833,18,22,1.5332,0.3212,1.2556,1.0513,1.3784,1.3761,1.4766,1.7101,2.3963,1.4538,2.6971,1.721,2.9372,1.9434,2.7723,1.2054,3.1483,1.445,3.4275,1.6235,2.7883,1.0135,3.149,1.1699,3.4158,1.2988,2.6473,0.8165,2.9008,0.8481,3.0926,0.8714,1.5344,0.3229,1.2615,1.0564,1.3814,1.3818,1.4798,1.7116,2.4023,1.454,2.7039,1.7213,2.9446,1.9451,2.7746,1.2255,3.1545,1.4729,3.4383,1.6595,2.7934,1.031,3.1555,1.1916,3.4263,1.3217,2.6496,0.825,2.9031,0.8609,3.0943,0.8878,1.5386,0.3083,1.2666,1.0533,1.3874,1.3881,1.4813,1.7204,2.4001,1.455,2.7039,1.7226,2.9457,1.9459,2.7683,1.2301,3.1499,1.4782,3.4354,1.6642,2.7899,1.034,3.1536,1.1954,3.4265,1.3253,2.6482,0.8332,2.9034,0.8721,3.0959,0.9015,1.549,0.2959,1.2657,1.0391,1.3894,1.3783,1.4836,1.7194,2.3987,1.4559,2.7046,1.7217,2.9502,1.9436,2.7627,1.2394,3.1436,1.4884,3.4322,1.6736,2.7892,1.0426,3.1532,1.1984,3.4292,1.3213,2.6495,0.8427,2.9053,0.8788,3.0993,0.9031,1.5609,0.2843,1.2637,1.0296,1.3903,1.3704,1.4871,1.7161,2.3951,1.4546,2.7038,1.7169,2.9558,1.9373,2.7618,1.2452,3.1459,1.4928,3.4429,1.6805,2.7858,1.0487,3.1505,1.2024,3.4309,1.323,2.6484,0.8483,2.9056,0.8823,3.104,0.9031,0.0,0.0,0.0,0.0,0.0,0.0,0.0,0.0,0.0,0.0,0.0,0.0,0.0,0.0,0.0,0.0,0.0,0.0,0.1309,0.4342,0.0,0.0,0.0,0.0,0.0,0.0,0.0,0.0,0.0,0.0,0.0,0.0,0.0,0.0,0.0,0.0,0.0,0.0,0.0,0.0,0.0,0.0,0.0,0.0,0.0,0.0,0.0,0.0,0.0,0.0,0.0,0.0,0.0,0.0,0.0,0.0,0.0,0.0,0.0,0.0,0.0,0.0,0.0,0.0,0.0,0.0,0.0,0.0,0.0,0.0,0.0,0.0,0.0,0.0,0.0,0.0,0.0,0.0,0.0,0.0,0.0,0.0,0.0,0.0,0.0,0.0,0.0,0.0,0.0,0.0,0.0,0.0,0.0,0.0,0.0,0.0,0.0,0.0,0.0,0.0,0.0,0.0,0.0,0.0,0.0,0.0,0.0,0.0,0.0,0.0,0.0,0.0,0.0,0.0,0.0,0.0,0.0,0.0,0.0,0.0,0.0,0.0,0.0,0.0,0.0,0.0,0.0,0.0,False,False,False,False,False,False,right,False,False,False,True,False,False,
video 02.mp4,372655f94428d157,42416,1750,2083,21,25,1.549,0.2959,1.2657,1.0391,1.3894,1.3783,1.4836,1.7194,2.3987,1.4559,2.7046,1.7217,2.9502,1.9436,2.7627,1.2394,3.1436,1.4884,3.4322,1.6736,2.7892,1.0426,3.1532,1.1984,3.4292,1.3213,2.6495,0.8427,2.9053,0.8788,3.0993,0.9031,1.5609,0.2843,1.2637,1.0296,1.3903,1.3704,1.4871,1.7161,2.3951,1.4546,2.7038,1.7169,2.9558,1.9373,2.7618,1.2452,3.1459,1.4928,3.4429,1.6805,2.7858,1.0487,3.1505,1.2024,3.4309,1.323,2.6484,0.8483,2.9056,0.8823,3.104,0.9031,1.514,0.3117,1.2074,0.9377,1.3195,1.2583,1.4129,1.5906,2.3021,1.2902,2.599,1.4044,2.8772,1.51,2.6042,1.2403,2.9651,1.4142,3.2935,1.5635,2.6291,1.0577,2.9599,1.1692,3.2474,1.2765,2.5271,0.8288,2.7578,0.8444,2.959,0.8636,1.5156,0.3163,1.2012,0.9366,1.3172,1.2563,1.4134,1.5867,2.3184,1.2511,2.6393,1.3578,2.9323,1.4487,2.6134,1.2317,2.9749,1.4069,3.2969,1.5533,2.639,1.0595,2.9709,1.1709,3.2585,1.2769,2.534,0.8352,2.7664,0.8539,2.968,0.8779,1.633,0.292,1.2869,1.0455,1.4162,1.3888,1.5222,1.7495,2.5227,1.4313,2.8647,1.681,3.1425,1.8917,2.8516,1.2672,3.2465,1.5314,3.5567,1.7304,2.8703,1.0846,3.2457,1.2564,3.5401,1.395,2.7421,0.8789,3.0057,0.9183,3.2128,0.9514,0.0,0.0,0.0,0.0,0.0,0.0,0.0,0.0,0.0,0.0,0.0,0.0,0.0,0.0,0.0,0.0,0.0,0.0,0.0,0.0,0.0,0.0,0.0,0.0,0.0,0.0,0.0,0.0,0.0,0.0,0.0,0.0,0.0,0.0,0.0,0.0,0.0,0.0,0.0,0.0,0.0,0.0,0.0,0.0,0.0,0.0,0.0,0.0,0.0,0.0,0.0,0.0,0.0,0.0,0.0,0.0,0.0,0.0,0.0,0.0,0.0,0.0,0.0,0.0,0.0,0.0,0.0,0.0,0.0,0.0,0.0,0.0,0.1945,-0.4661,0.4802,-0.5555,0.6557,-0.7295,0.0,0.0,0.0,0.0,0.0,0.0,0.0,0.0,0.0,0.0,0.0,0.0,0.0,0.0,0.0,0.0,0.0,0.0,0.0,0.0,0.0,0.0,0.0,0.0,0.0,0.0,0.0,0.0,0.0,0.0,0.0,0.0,0.0,0.0,0.0,0.0,0.0,0.0,0.0,0.0,0.0,0.0,0.0,0.0,0.0,0.0,0.0,0.0,0.0,0.0,False,True,False,False,False,False,right,False,False,False,True,False,False,
video 02.mp4,372655f94428d157,42416,2000,2333,24,28,1.5156,0.3163,1.2012,0.9366,1.3172,1.2563,1.4134,1.5867,2.3184,1.2511,2.6393,1.3578,2.9323,1.4487,2.6134,1.2317,2.9749,1.4069,3.2969,1.5533,2.639,1.0595,2.9709,1.1709,3.2585,1.2769,2.534,0.8352,2.7664,0.8539,2.968,0.8779,1.633,0.292,1.2869,1.0455,1.4162,1.3888,1.5222,1.7495,2.5227,1.4313,2.8647,1.681,3.1425,1.8917,2.8516,1.2672,3.2465,1.5314,3.5567,1.7304,2.8703,1.0846,3.2457,1.2564,3.5401,1.395,2.7421,0.8789,3.0057,0.9183,3.2128,0.9514,1.6165,0.3003,1.2876,1.0499,1.4171,1.3921,1.5253,1.7547,2.528,1.4378,2.8687,1.6848,3.1449,1.8916,2.8487,1.2693,3.2407,1.5288,3.5444,1.7222,2.8642,1.0819,3.2378,1.2477,3.5304,1.3797,2.7371,0.8759,3.0002,0.9146,3.2067,0.9456,1.6111,0.2978,1.2876,1.05,1.4197,1.3959,1.5225,1.755,2.5234,1.4363,2.8656,1.6834,3.144,1.8913,2.8674,1.2396,3.2657,1.4812,3.5781,1.6618,2.8767,1.0382,3.2592,1.1768,3.5637,1.2821,2.7365,0.8708,2.9994,0.9041,3.2102,0.9237,1.6024,0.3041,1.2823,1.0618,1.4175,1.4025,1.5255,1.7657,2.5114,1.4508,2.8538,1.6936,3.1341,1.8995,2.8826,1.1841,3.2915,1.3848,3.6154,1.5278,2.8828,0.9886,3.2741,1.0847,3.5907,1.1502,2.7419,0.8613,3.0036,0.8746,3.2199,0.8772,0.0,0.0,0.0,0.0,0.0,0.0,0.0,0.0,0.0,0.0,0.0,0.0,0.0,0.0,0.0,0.0,0.0,0.0,0.0,0.0,0.0,0.0,0.0,0.0,0.0,0.0,0.0,0.0,0.0,0.0,0.0,0.0,0.0,0.0,0.0,0.0,0.0,0.0,0.0,0.0,0.0,0.0,0.0,0.0,0.0,0.0,0.0,0.0,0.0,0.0,0.0,0.0,0.0,0.0,0.0,0.0,0.0,0.0,0.0,0.0,0.0,0.0,0.0,0.0,0.0,0.0,0.0,0.0,0.0,0.0,0.0,0.0,0.0,0.0,0.0,0.0,0.0,0.0,0.2225,-0.3535,0.2967,-0.5659,0.4008,-0.7193,0.1494,-0.5207,0.2547,-0.8444,0.3973,-1.1614,0.0,0.0,0.0,0.0,0.0,0.0,0.0,0.0,0.0,0.0,0.0,0.0,0.0,0.0,0.0,0.0,0.0,0.0,0.0,0.0,0.1826,-0.6691,0.3114,-1.1615,0.4497,-1.6142,0.0734,-0.5975,0.1801,-1.1091,0.3246,-1.5893,0.0,0.0,0.0,0.0,0.1172,-0.5599,False,True,False,False,False,False,right,False,False,False,True,False,False,
video 02.mp4,372655f94428d157,42416,2250,2583,27,31,1.6111,0.2978,1.2876,1.05,1.4197,1.3959,1.5225,1.755,2.5234,1.4363,2.8656,1.6834,3.144,1.8913,2.8674,1.2396,3.2657,1.4812,3.5781,1.6618,2.8767,1.0382,3.2592,1.1768,3.5637,1.2821,2.7365,0.8708,2.9994,0.9041,3.2102,0.9237,1.6024,0.3041,1.2823,1.0618,1.4175,1.4025,1.5255,1.7657,2.5114,1.4508,2.8538,1.6936,3.1341,1.8995,2.8826,1.1841,3.2915,1.3848,3.6154,1.5278,2.8828,0.9886,3.2741,1.0847,3.5907,1.1502,2.7419,0.8613,3.0036,0.8746,3.2199,0.8772,1.6023,0.3103,1.2903,1.0638,1.4256,1.4001,1.5295,1.7589,2.5027,1.451,2.8423,1.6965,3.1153,1.9046,2.8546,1.2154,3.247,1.449,3.5508,1.6403,2.8569,1.0233,3.2128,1.1759,3.4787,1.3151,2.7265,0.8441,2.9902,0.8588,3.1944,0.8677,1.6051,0.3267,1.2928,1.0619,1.4227,1.3942,1.5298,1.7561,2.4989,1.4399,2.8352,1.6884,3.1096,1.9009,2.8351,1.2512,3.2214,1.5064,3.5266,1.7081,2.858,1.0601,3.2213,1.2242,3.502,1.3655,2.7316,0.857,2.9923,0.8806,3.197,0.9023,1.5955,0.3415,1.2942,1.0639,1.4212,1.392,1.5242,1.7491,2.5073,1.4369,2.84,1.6849,3.1111,1.8976,2.8328,1.2676,3.2144,1.5279,3.5113,1.7292,2.8622,1.0755,3.2259,1.241,3.5087,1.3815,2.7342,0.8616,2.9928,0.8904,3.1962,0.9149,0.0,0.0,0.0,0.0,0.0,0.0,0.0,0.0,0.0,0.0,0.0,0.0,0.0,0.0,0.1826,-0.6691,0.3114,-1.1615,0.4497,-1.6142,0.0734,-0.5975,0.1801,-1.1091,0.3246,-1.5893,0.0,0.0,0.0,0.0,0.1172,-0.5599,0.0,0.0,0.0,0.0,0.0,0.0,0.0,0.0,0.0,0.0,0.0,0.0,0.0,0.0,-0.3369,0.3775,-0.5365,0.7731,-0.7782,1.3553,-0.3121,0.4176,-0.7393,1.0989,-1.3496,1.9869,0.0,0.0,0.0,0.0,0.0,0.0,0.0,0.0,0.0,0.0,0.0,0.0,0.0,0.0,0.0,0.0,0.0,0.0,0.0,0.0,-0.2326,0.4268,-0.3049,0.6839,-0.2878,0.807,0.0132,0.4384,0.1018,0.5747,0.2776,0.6002,0.0,0.0,0.0,0.0,0.031,0.4117,0.0,0.0,0.0,0.0,0.0,0.0,0.0,0.0,0.0,0.0,0.0,0.0,0.0,0.0,0.0,0.0,0.0,0.0,0.0,0.0,0.0,0.0,0.0,0.0,0.0,0.0,0.0,0.0,0.0,0.0,0.0,0.0,False,False,True,True,True,False,right,False,False,False,True,False,False,
video 02.mp4,372655f94428d157,42416,2500,2833,30,34,1.6051,0.3267,1.2928,1.0619,1.4227,1.3942,1.5298,1.7561,2.4989,1.4399,2.8352,1.6884,3.1096,1.9009,2.8351,1.2512,3.2214,1.5064,3.5266,1.7081,2.858,1.0601,3.2213,1.2242,3.502,1.3655,2.7316,0.857,2.9923,0.8806,3.197,0.9023,1.5955,0.3415,1.2942,1.0639,1.4212,1.392,1.5242,1.7491,2.5073,1.4369,2.84,1.6849,3.1111,1.8976,2.8328,1.2676,3.2144,1.5279,3.5113,1.7292,2.8622,1.0755,3.2259,1.241,3.5087,1.3815,2.7342,0.8616,2.9928,0.8904,3.1962,0.9149,1.586,0.3459,1.2954,1.067,1.4189,1.3942,1.5206,1.7434,2.5106,1.4348,2.8428,1.6811,3.1137,1.8936,2.8256,1.2692,3.2088,1.5286,3.5041,1.7301,2.86,1.0753,3.2236,1.2439,3.5034,1.3868,2.7295,0.858,2.9884,0.8904,3.1895,0.9167,1.585,0.3479,1.2949,1.0626,1.4181,1.3863,1.5174,1.7332,2.5186,1.4255,2.8487,1.6677,3.1162,1.8784,2.8234,1.2676,3.2039,1.5235,3.4941,1.7229,2.8595,1.0782,3.2212,1.2455,3.4991,1.388,2.7288,0.8579,2.9859,0.8915,3.1865,0.9178,1.5994,0.3846,1.2933,1.0513,1.4106,1.3647,1.5085,1.7078,2.525,1.3913,2.8429,1.5724,3.1028,1.7385,2.8229,1.2864,3.1832,1.5201,3.4739,1.7158,2.8601,1.1035,3.2046,1.2533,3.4778,1.3933,2.7341,0.8645,2.9803,0.8891,3.1809,0.9089,0.0,0.0,0.0,0.0,0.0,0.0,0.0,0.0,0.0,0.0,0.0,0.0,0.0,0.0,0.0,0.0,0.0,0.0,0.0,0.0,0.0,0.0,0.0,0.0,0.0,0.0,0.0,0.0,0.0,0.0,0.0,0.0,0.0,0.0,0.0,0.0,0.0,0.0,0.0,0.0,0.0,0.0,0.0,0.0,0.0,0.0,0.0,0.0,0.0,0.0,0.0,0.0,0.0,0.0,0.0,0.0,0.0,0.0,0.0,0.0,0.0,0.0,0.0,0.0,0.0,0.0,0.0,0.0,0.0,0.0,0.0,0.0,0.0,0.0,0.0,0.0,0.0,0.0,0.0,0.0,0.0,0.0,0.0,0.0,0.0,0.0,0.0,0.0,0.0,0.0,0.0,0.0,0.0,0.0,0.0,0.0,0.1734,0.4418,0.0,0.0,0.0,0.0,0.0,0.0,0.0768,-0.412,-0.0702,-1.1488,-0.1611,-1.6857,0.0,0.0,0.0,0.0,0.0,0.0,0.0,0.0,0.0,0.0,0.0,0.0,0.0,0.0,0.0,0.0,0.0,0.0,False,False,False,False,False,False,right,False,False,False,True,False,False,
video 02.mp4,372655f94428d157,42416,2750,3083,33,37,1.585,0.3479,1.2949,1.0626,1.4181,1.3863,1.5174,1.7332,2.5186,1.4255,2.8487,1.6677,3.1162,1.8784,2.8234,1.2676,3.2039,1.5235,3.4941,1.7229,2.8595,1.0782,3.2212,1.2455,3.4991,1.388,2.7288,0.8579,2.9859,0.8915,3.1865,0.9178,1.5994,0.3846,1.2933,1.0513,1.4106,1.3647,1.5085,1.7078,2.525,1.3913,2.8429,1.5724,3.1028,1.7385,2.8229,1.2864,3.1832,1.5201,3.4739,1.7158,2.8601,1.1035,3.2046,1.2533,3.4778,1.3933,2.7341,0.8645,2.9803,0.8891,3.1809,0.9089,1.6193,0.3998,1.2977,1.0446,1.4063,1.3595,1.5062,1.7051,2.5085,1.3534,2.831,1.5266,3.0991,1.6907,2.8043,1.2848,3.1582,1.513,3.4615,1.7105,2.8562,1.1131,3.1943,1.2594,3.4674,1.397,2.7437,0.8735,2.9839,0.8911,3.1848,0.9027,1.6126,0.4018,1.2943,1.0457,1.4017,1.3549,1.4988,1.6982,2.5078,1.4014,2.8277,1.623,3.0922,1.8254,2.8019,1.2804,3.1604,1.5107,3.4652,1.7051,2.8549,1.1033,3.1912,1.251,3.4686,1.3855,2.7396,0.867,2.9785,0.8872,3.1747,0.8965,1.6014,0.3885,1.2985,1.0559,1.4068,1.3675,1.5024,1.708,2.4944,1.4234,2.8171,1.6754,3.078,1.8909,2.8083,1.2606,3.1733,1.5097,3.4681,1.7079,2.8593,1.0802,3.205,1.2468,3.4774,1.3883,2.7379,0.8578,2.9864,0.8849,3.1808,0.8989,0.1734,0.4418,0.0,0.0,0.0,0.0,0.0,0.0,0.0768,-0.412,-0.0702,-1.1488,-0.1611,-1.6857,0.0,0.0,0.0,0.0,0.0,0.0,0.0,0.0,0.0,0.0,0.0,0.0,0.0,0.0,0.0,0.0,0.0,0.0,0.0,0.0,0.0,0.0,0.0,0.0,0.0,0.0,-0.1984,-0.4561,-0.1437,-0.5519,-0.0444,-0.5757,0.0,0.0,0.0,0.0,0.0,0.0,0.0,0.0,0.0,0.0,0.0,0.0,0.0,0.0,0.0,0.0,0.0,0.0,0.0,0.0,0.0,0.0,0.0,0.0,0.0,0.0,-0.0081,0.5718,-0.0386,1.1477,-0.0826,1.6033,0.0,0.0,0.0,0.0,0.0,0.0,0.0,0.0,0.0,0.0,0.0,0.0,0.0,0.0,0.0,0.0,0.0,0.0,0.0,0.0,0.0,0.0,0.0,0.0,0.0,0.0,0.0,0.0,-0.1283,0.632,-0.1711,0.7891,0.0,0.0,0.0,0.0,0.0,0.0,0.0,0.0,0.0,0.0,0.0,0.0,0.0,0.0,0.0,0.0,0.0,0.0,False,True,False,False,False,False,right,False,False,False,True,False,False,
video 02.mp4,372655f94428d157,42416,3000,3333,36,40,1.6126,0.4018,1.2943,1.0457,1.4017,1.3549,1.4988,1.6982,2.5078,1.4014,2.8277,1.623,3.0922,1.8254,2.8019,1.2804,3.1604,1.5107,3.4652,1.7051,2.8549,1.1033,3.1912,1.251,3.4686,1.3855,2.7396,0.867,2.9785,0.8872,3.1747,0.8965,1.6014,0.3885,1.2985,1.0559,1.4068,1.3675,1.5024,1.708,2.4944,1.4234,2.8171,1.6754,3.078,1.8909,2.8083,1.2606,3.1733,1.5097,3.4681,1.7079,2.8593,1.0802,3.205,1.2468,3.4774,1.3883,2.7379,0.8578,2.9864,0.8849,3.1808,0.8989,1.5998,0.3767,1.2979,1.0597,1.4064,1.374,1.5029,1.7121,2.4894,1.4408,2.8133,1.7001,3.0757,1.916,2.8169,1.2553,3.1876,1.5077,3.4761,1.7045,2.8718,1.073,3.2254,1.2443,3.4977,1.3903,2.7386,0.8496,2.9919,0.8808,3.1851,0.9009,1.6108,0.3682,1.2971,1.0638,1.406,1.3806,1.5037,1.7172,2.4891,1.4556,2.8151,1.7177,3.0778,1.9341,2.8271,1.2553,3.2013,1.5088,3.484,1.7038,2.881,1.0711,3.2378,1.2447,3.5072,1.3913,2.7453,0.848,3.0016,0.881,3.1935,0.9013,1.6159,0.3635,1.2948,1.0668,1.4117,1.3828,1.506,1.7208,2.4908,1.4748,2.8184,1.7226,3.0833,1.9264,2.8717,1.2049,3.2698,1.4046,3.5757,1.5481,2.8913,1.0181,3.2522,1.1302,3.5305,1.211,2.7447,0.8482,3.0005,0.8721,3.1966,0.878,0.0,0.0,0.0,0.0,0.0,0.0,0.0,0.0,0.0,0.0,-0.1283,0.632,-0.1711,0.7891,0.0,0.0,0.0,0.0,0.0,0.0,0.0,0.0,0.0,0.0,0.0,0.0,0.0,0.0,0.0,0.0,0.0,0.0,0.0,0.0,0.0,0.0,0.0,0.0,0.0,0.0,0.0,0.0,0.0,0.0,0.0,0.0,0.0,0.0,0.0,0.0,0.0,0.0,0.0,0.0,0.0,0.0,0.0,0.0,0.0,0.0,0.0,0.0,0.0,0.0,0.0,0.0,0.0,0.0,0.0,0.0,0.0,0.0,0.0,0.0,0.0,0.0,0.0,0.0,0.0,0.0,0.0,0.0,0.0,0.0,0.0,0.0,0.0,0.0,0.0,0.0,0.0,0.0,0.0,0.0,0.0,0.0,0.0,0.0,0.0,0.0,0.0,0.0,0.0,0.0,0.0,0.0,0.0,0.0,0.0,0.0,0.5366,-0.6077,0.8256,-1.256,1.105,-1.8764,0.1244,-0.638,0.174,-1.3793,0.2808,-2.1722,0.0,0.0,0.0,0.0,0.0,0.0,False,False,False,False,False,False,right,False,False,False,True,False,False,
video 02.mp4,372655f94428d157,42416,3250,3583,39,43,1.6108,0.3682,1.2971,1.0638,1.406,1.3806,1.5037,1.7172,2.4891,1.4556,2.8151,1.7177,3.0778,1.9341,2.8271,1.2553,3.2013,1.5088,3.484,1.7038,2.881,1.0711,3.2378,1.2447,3.5072,1.3913,2.7453,0.848,3.0016,0.881,3.1935,0.9013,1.6159,0.3635,1.2948,1.0668,1.4117,1.3828,1.506,1.7208,2.4908,1.4748,2.8184,1.7226,3.0833,1.9264,2.8717,1.2049,3.2698,1.4046,3.5757,1.5481,2.8913,1.0181,3.2522,1.1302,3.5305,1.211,2.7447,0.8482,3.0005,0.8721,3.1966,0.878,1.6355,0.3627,1.2887,1.0644,1.408,1.3786,1.5064,1.7195,2.4741,1.4876,2.8033,1.7314,3.0794,1.9324,2.9173,1.1388,3.3342,1.285,3.6773,1.4021,2.9234,0.9633,3.314,1.0135,3.6278,1.0433,2.7839,0.8517,3.0412,0.8492,3.2501,0.8311,1.6325,0.3916,1.3031,1.0766,1.4135,1.3808,1.5164,1.7216,2.4879,1.4813,2.8195,1.7319,3.0889,1.9415,2.893,1.1869,3.295,1.4039,3.6156,1.582,2.9192,0.9888,3.3016,1.0835,3.5998,1.1508,2.7703,0.7955,3.0297,0.7913,3.2339,0.7852,1.6359,0.3889,1.315,1.0784,1.4214,1.3826,1.5219,1.7254,2.5011,1.4808,2.8341,1.7383,3.0997,1.9584,2.8835,1.2268,3.2867,1.4714,3.6036,1.6697,2.9158,1.0293,3.2977,1.1813,3.5926,1.3233,2.7618,0.798,3.0264,0.802,3.2312,0.8054,0.0,0.0,0.0,0.0,0.0,0.0,0.0,0.0,0.0,0.0,0.0,0.0,0.0,0.0,0.5366,-0.6077,0.8256,-1.256,1.105,-1.8764,0.1244,-0.638,0.174,-1.3793,0.2808,-2.1722,0.0,0.0,0.0,0.0,0.0,0.0,0.0,0.0,0.0,0.0,0.0,0.0,0.0,0.0,0.0,0.0,0.0,0.0,0.0,0.0,0.5501,-0.796,0.776,-1.441,1.2241,-1.7581,0.3876,-0.6599,0.7445,-1.4057,1.1718,-2.02,0.4719,0.0414,0.4905,-0.2755,0.6452,-0.5649,0.0,0.0,0.0,0.0,0.0,0.0,0.0,0.0,0.0,0.0,0.0,0.0,0.0,0.0,-0.2897,0.5723,-0.4661,1.416,-0.7346,2.1412,0.0,0.0,-0.1481,0.8334,-0.3326,1.2801,-0.1621,-0.6689,-0.1373,-0.6888,-0.1933,-0.5471,0.0,0.0,0.0,0.0,0.0,0.0,0.0,0.0,0.0,0.0,0.0,0.0,0.0,0.0,-0.1144,0.4807,-0.1011,0.8124,-0.1445,1.057,-0.0416,0.4886,-0.0468,1.1784,-0.0867,2.0781,0.0,0.0,0.0,0.0,0.0,0.0,False,False,True,True,False,False,right,False,False,False,True,False,False,
video 02.mp4,372655f94428d157,42416,3500,3833,42,46,1.6325,0.3916,1.3031,1.0766,1.4135,1.3808,1.5164,1.7216,2.4879,1.4813,2.8195,1.7319,3.0889,1.9415,2.893,1.1869,3.295,1.4039,3.6156,1.582,2.9192,0.9888,3.3016,1.0835,3.5998,1.1508,2.7703,0.7955,3.0297,0.7913,3.2339,0.7852,1.6359,0.3889,1.315,1.0784,1.4214,1.3826,1.5219,1.7254,2.5011,1.4808,2.8341,1.7383,3.0997,1.9584,2.8835,1.2268,3.2867,1.4714,3.6036,1.6697,2.9158,1.0293,3.2977,1.1813,3.5926,1.3233,2.7618,0.798,3.0264,0.802,3.2312,0.8054,1.6502,0.3854,1.3168,1.0797,1.4234,1.3886,1.5238,1.7345,2.512,1.4824,2.8432,1.7434,3.1121,1.9638,2.883,1.2502,3.2844,1.4945,3.5975,1.6817,2.9243,1.0627,3.302,1.2229,3.5948,1.3576,2.779,0.831,3.0396,0.8468,3.2383,0.8534,1.6574,0.3885,1.3212,1.07,1.432,1.3795,1.5337,1.724,2.5035,1.448,2.8337,1.6893,3.107,1.9008,2.869,1.2665,3.2663,1.5001,3.592,1.6877,2.9194,1.0868,3.2921,1.2336,3.5886,1.3562,2.7902,0.8578,3.0439,0.8714,3.2429,0.874,1.6803,0.39,1.3416,1.0512,1.4585,1.3739,1.6046,1.7128,2.5183,1.398,2.854,1.6134,3.1369,1.806,2.8515,1.2705,3.2449,1.4999,3.5767,1.6889,2.9129,1.1024,3.2833,1.245,3.5826,1.3667,2.8018,0.8766,3.0541,0.8928,3.2597,0.8933,0.0,0.0,0.0,0.0,0.0,0.0,0.0,0.0,0.0,0.0,0.0,0.0,0.0,0.0,-0.1144,0.4807,-0.1011,0.8124,-0.1445,1.057,-0.0416,0.4886,-0.0468,1.1784,-0.0867,2.0781,0.0,0.0,0.0,0.0,0.0,0.0,0.0,0.0,0.0,0.0,0.0,0.0,0.0,0.0,0.0,0.0,0.0,0.0,0.0,0.0,0.0,0.0,0.0,0.0,0.0,0.0,0.1027,0.4017,0.0517,0.5006,0.0257,0.4133,0.2067,0.3977,0.1587,0.5402,0.0858,0.5785,0.0,0.0,0.0,0.0,0.0,0.0,0.0,0.0,-0.1017,-0.41,-0.1129,-0.6449,-0.0608,-0.7499,0.0,0.0,0.0,0.0,0.0,0.0,0.0,0.0,0.0,0.0,0.0,0.0,0.0,0.0,0.0,0.0,0.0,0.0,0.0,0.0,0.0,0.0,0.0,0.0,0.8542,-0.1349,0.1784,-0.6019,0.2439,-0.914,0.3603,-1.1424,0.0,0.0,0.0,0.0,0.0,0.0,0.0,0.0,0.0,0.0,0.0,0.0,0.0,0.0,0.0,0.0,0.0,0.0,False,False,False,True,True,False,right,False,False,False,True,False,False,
video 02.mp4,372655f94428d157,42416,3750,4083,45,49,1.6574,0.3885,1.3212,1.07,1.432,1.3795,1.5337,1.724,2.5035,1.448,2.8337,1.6893,3.107,1.9008,2.869,1.2665,3.2663,1.5001,3.592,1.6877,2.9194,1.0868,3.2921,1.2336,3.5886,1.3562,2.7902,0.8578,3.0439,0.8714,3.2429,0.874,1.6803,0.39,1.3416,1.0512,1.4585,1.3739,1.6046,1.7128,2.5183,1.398,2.854,1.6134,3.1369,1.806,2.8515,1.2705,3.2449,1.4999,3.5767,1.6889,2.9129,1.1024,3.2833,1.245,3.5826,1.3667,2.8018,0.8766,3.0541,0.8928,3.2597,0.8933,1.6885,0.4008,1.3597,1.0547,1.4776,1.3793,1.6752,1.7057,2.528,1.3831,2.8724,1.6083,3.1633,1.802,2.8572,1.266,3.2533,1.504,3.5832,1.6938,2.9182,1.1038,3.2928,1.2561,3.5948,1.3823,2.8153,0.8843,3.0719,0.9096,3.2791,0.9145,1.6909,0.4024,1.3558,0.9962,1.4456,1.2616,1.5905,1.5449,2.5267,1.4497,2.8579,1.7161,3.1352,1.9444,2.8772,1.271,3.2742,1.5116,3.5927,1.7,2.9457,1.1057,3.3211,1.2665,3.6151,1.4035,2.8193,0.8718,3.0814,0.8978,3.286,0.9078,1.6828,0.4092,1.3422,1.0435,1.4016,1.3354,1.4492,1.6744,2.5228,1.5017,2.8419,1.7749,3.1017,2.0061,2.8826,1.2774,3.2752,1.5156,3.5884,1.7,2.945,1.0994,3.3168,1.259,3.611,1.3986,2.8184,0.8656,3.0804,0.8897,3.2833,0.9029,0.0,0.0,0.0,0.0,0.0,0.0,0.8542,-0.1349,0.1784,-0.6019,0.2439,-0.914,0.3603,-1.1424,0.0,0.0,0.0,0.0,0.0,0.0,0.0,0.0,0.0,0.0,0.0,0.0,0.0,0.0,0.0,0.0,0.0,0.0,0.0,0.0,0.0,0.0,0.0,0.0,0.8506,-0.0845,0.0,0.0,0.0,0.0,0.0,0.0,0.0,0.0,0.0,0.0,0.0,0.0,0.0,0.0,0.0,0.0,0.0,0.0,0.0,0.0,0.0,0.0,0.0,0.0,0.0,0.0,-0.0465,-0.6963,-0.3801,-1.4019,-1.0073,-1.9147,-0.0157,0.7923,-0.1725,1.2831,-0.3337,1.6945,0.0,0.0,0.0,0.0,0.0,0.0,0.0,0.0,0.0,0.0,0.0,0.0,0.0,0.0,0.0,0.0,0.0,0.0,0.0,0.0,-0.1645,0.5692,-0.5303,0.8895,-1.7034,1.5602,-0.047,0.6265,-0.1922,0.7091,-0.4037,0.7433,0.0,0.0,0.0,0.0,0.0,0.0,0.0,0.0,0.0,0.0,0.0,0.0,0.0,0.0,0.0,0.0,0.0,0.0,False,True,False,False,False,False,right,False,False,False,True,False,False,
video 02.mp4,372655f94428d157,42416,4000,4333,48,52,1.6909,0.4024,1.3558,0.9962,1.4456,1.2616,1.5905,1.5449,2.5267,1.4497,2.8579,1.7161,3.1352,1.9444,2.8772,1.271,3.2742,1.5116,3.5927,1.7,2.9457,1.1057,3.3211,1.2665,3.6151,1.4035,2.8193,0.8718,3.0814,0.8978,3.286,0.9078,1.6828,0.4092,1.3422,1.0435,1.4016,1.3354,1.4492,1.6744,2.5228,1.5017,2.8419,1.7749,3.1017,2.0061,2.8826,1.2774,3.2752,1.5156,3.5884,1.7,2.945,1.0994,3.3168,1.259,3.611,1.3986,2.8184,0.8656,3.0804,0.8897,3.2833,0.9029,1.6463,0.4152,1.3169,1.0713,1.3671,1.3739,1.3981,1.7209,2.5148,1.5216,2.8238,1.7846,3.0778,2.0083,2.8867,1.2692,3.2747,1.4969,3.5827,1.6705,2.9417,1.0541,3.3112,1.1843,3.6046,1.3015,2.8084,0.8193,3.0658,0.8349,3.2665,0.8528,1.6286,0.4117,1.2891,1.0959,1.3504,1.3937,1.3861,1.7439,2.4932,1.5269,2.7999,1.7877,3.06,2.0064,2.9342,1.2218,3.3462,1.4037,3.6833,1.5319,2.9459,0.9792,3.3264,1.0529,3.636,1.1137,2.7837,0.7875,3.0443,0.7698,3.254,0.7565,1.5987,0.397,1.2696,1.0982,1.336,1.3967,1.3763,1.7438,2.4708,1.5304,2.7747,1.782,3.0381,1.9921,2.9427,1.1763,3.3587,1.3192,3.7035,1.4233,2.9425,0.919,3.3263,0.9567,3.6407,0.9958,2.7469,0.7192,3.0037,0.666,3.2181,0.6298,0.0,0.0,-0.1645,0.5692,-0.5303,0.8895,-1.7034,1.5602,-0.047,0.6265,-0.1922,0.7091,-0.4037,0.7433,0.0,0.0,0.0,0.0,0.0,0.0,0.0,0.0,0.0,0.0,0.0,0.0,0.0,0.0,0.0,0.0,0.0,0.0,-0.4396,0.0728,-0.3047,0.3347,-0.4158,0.464,-0.6156,0.5599,0.0,0.0,0.0,0.0,0.0,0.0,0.0,0.0,0.0,0.0,0.0,0.0,-0.0399,-0.5454,-0.0668,-0.8996,-0.0765,-1.1703,-0.1208,-0.5575,-0.1756,-0.6611,-0.2023,-0.6036,0.0,0.0,-0.3311,0.2934,0.0,0.0,0.0,0.0,0.0,0.0,0.0,0.0,0.0,0.0,0.5655,-0.5634,0.8515,-1.1094,1.1974,-1.6506,0.0495,-0.8915,0.1806,-1.5647,0.3738,-2.2353,-0.2943,-0.379,-0.2557,-0.7749,-0.1497,-1.1461,-0.3591,-0.1779,0.0,0.0,0.0,0.0,0.0,0.0,0.0,0.0,0.0,0.0,0.0,0.0,0.1032,-0.5485,0.1501,-1.0184,0.2429,-1.3081,-0.0408,-0.7255,-0.0012,-1.1589,0.0558,-1.4215,-0.4438,-0.8228,-0.4902,-1.2503,-0.4326,-1.5273,True,False,False,False,False,False,right,False,False,False,True,False,False,
video 02.mp4,372655f94428d157,42416,4250,4583,51,55,1.6286,0.4117,1.2891,1.0959,1.3504,1.3937,1.3861,1.7439,2.4932,1.5269,2.7999,1.7877,3.06,2.0064,2.9342,1.2218,3.3462,1.4037,3.6833,1.5319,2.9459,0.9792,3.3264,1.0529,3.636,1.1137,2.7837,0.7875,3.0443,0.7698,3.254,0.7565,1.5987,0.397,1.2696,1.0982,1.336,1.3967,1.3763,1.7438,2.4708,1.5304,2.7747,1.782,3.0381,1.9921,2.9427,1.1763,3.3587,1.3192,3.7035,1.4233,2.9425,0.919,3.3263,0.9567,3.6407,0.9958,2.7469,0.7192,3.0037,0.666,3.2181,0.6298,1.5774,0.402,1.2652,1.1007,1.3203,1.3951,1.3723,1.7477,2.4566,1.5121,2.7667,1.7676,3.0238,1.9864,2.855,1.2286,3.2558,1.4484,3.5832,1.6354,2.8747,0.9828,3.2445,1.1168,3.5404,1.2565,2.7123,0.6929,2.9711,0.6578,3.1848,0.6466,1.5592,0.4015,1.2596,1.099,1.3125,1.3977,1.3661,1.7473,2.4459,1.4942,2.7559,1.7504,3.0061,1.9722,2.804,1.2548,3.1913,1.4948,3.5036,1.6924,2.842,1.0253,3.2048,1.1832,3.4938,1.3336,2.6836,0.6751,2.9401,0.648,3.149,0.6428,1.5528,0.402,1.2521,1.0984,1.3058,1.3957,1.3606,1.7433,2.4342,1.4854,2.7433,1.7396,2.9918,1.9612,2.7801,1.2651,3.1636,1.5081,3.4731,1.7049,2.8215,1.0398,3.1807,1.1986,3.4664,1.3468,2.6662,0.6689,2.9222,0.645,3.1294,0.642,-0.3591,-0.1779,0.0,0.0,0.0,0.0,0.0,0.0,0.0,0.0,0.0,0.0,0.0,0.0,0.1032,-0.5485,0.1501,-1.0184,0.2429,-1.3081,-0.0408,-0.7255,-0.0012,-1.1589,0.0558,-1.4215,-0.4438,-0.8228,-0.4902,-1.2503,-0.4326,-1.5273,0.0,0.0,0.0,0.0,0.0,0.0,0.0,0.0,0.0,0.0,0.0,0.0,0.0,0.0,-1.0566,0.6295,-1.239,1.5571,-1.4493,2.5552,-0.8166,0.7688,-0.9861,1.9289,-1.2077,3.1413,-0.4167,-0.3164,-0.3926,-0.0987,-0.4009,0.2028,0.0,0.0,0.0,0.0,0.0,0.0,0.0,0.0,0.0,0.0,0.0,0.0,0.0,0.0,-0.6076,0.3122,-0.7686,0.5519,-0.9471,0.6792,-0.3898,0.5059,-0.4726,0.7911,-0.5553,0.9186,-0.3414,-0.2121,0.0,0.0,-0.426,-0.0452,0.0,0.0,0.0,0.0,0.0,0.0,0.0,0.0,0.0,0.0,0.0,0.0,0.0,0.0,0.0,0.0,0.0,0.0,0.0,0.0,0.0,0.0,0.0,0.0,0.0,0.0,0.0,0.0,0.0,0.0,0.0,0.0,False,False,True,True,False,False,right,False,False,False,True,False,False,
video 02.mp4,372655f94428d157,42416,4500,4833,54,58,1.5592,0.4015,1.2596,1.099,1.3125,1.3977,1.3661,1.7473,2.4459,1.4942,2.7559,1.7504,3.0061,1.9722,2.804,1.2548,3.1913,1.4948,3.5036,1.6924,2.842,1.0253,3.2048,1.1832,3.4938,1.3336,2.6836,0.6751,2.9401,0.648,3.149,0.6428,1.5528,0.402,1.2521,1.0984,1.3058,1.3957,1.3606,1.7433,2.4342,1.4854,2.7433,1.7396,2.9918,1.9612,2.7801,1.2651,3.1636,1.5081,3.4731,1.7049,2.8215,1.0398,3.1807,1.1986,3.4664,1.3468,2.6662,0.6689,2.9222,0.645,3.1294,0.642,1.5467,0.3957,1.2509,1.0863,1.3042,1.3865,1.3548,1.7332,2.4349,1.4682,2.7454,1.7212,2.9984,1.9434,2.7568,1.263,3.1381,1.5041,3.4439,1.6993,2.8088,1.0458,3.1702,1.2018,3.4576,1.3478,2.6621,0.6894,2.9195,0.6832,3.1266,0.7025,1.4975,0.4706,1.2479,1.0041,1.2832,1.2823,1.3307,1.6143,2.4118,1.318,2.6792,1.4508,2.9166,1.5726,2.6513,1.2491,2.9763,1.4198,3.2693,1.5768,2.6925,1.0627,3.0069,1.1735,3.272,1.2876,2.5921,0.7758,2.8145,0.7924,3.0062,0.8239,1.5133,0.4469,1.257,0.9018,1.2798,1.1247,1.2854,1.3755,2.4156,1.2994,2.6889,1.4366,2.9252,1.5628,2.6552,1.2479,2.9863,1.4185,3.2807,1.5757,2.7031,1.0732,3.0229,1.1851,3.2875,1.2982,2.5939,0.7877,2.818,0.8058,3.0093,0.8381,0.0,0.0,0.0,0.0,0.0,0.0,0.0,0.0,0.0,0.0,0.0,0.0,0.0,0.0,0.0,0.0,0.0,0.0,0.0,0.0,0.0,0.0,0.0,0.0,0.0,0.0,0.0,0.0,0.0,0.0,0.0,0.0,0.0,0.0,0.0,0.0,0.0,0.0,0.0,0.0,0.0,0.0,0.0,0.0,0.0,0.0,0.0,0.0,0.0,0.0,0.0,0.0,0.0,0.0,0.0,0.0,0.0,0.0,0.0,0.0,-0.0325,0.461,-0.0338,0.7288,0.0,0.0,0.0,0.0,0.0,0.0,0.0,0.0,0.0,0.0,0.0,0.0,0.0,0.0,0.0,0.0,0.0,0.0,0.0,0.0,0.0,0.0,0.0,0.0,0.0,0.0,0.0,0.0,0.0,0.0,0.0,0.0,0.0,0.0,0.1102,-1.2324,-0.0405,-1.8988,-0.5463,-2.8765,0.0,0.0,0.0,0.0,0.0,0.0,0.0,0.0,0.0,0.0,0.0,0.0,0.0,0.0,0.0,0.0,0.0,0.0,0.0,0.0,0.0,0.0,0.0,0.0,False,False,False,False,True,False,right,False,False,False,True,False,False,
video 02.mp4,372655f94428d157,42416,4750,5083,57,61,1.4975,0.4706,1.2479,1.0041,1.2832,1.2823,1.3307,1.6143,2.4118,1.318,2.6792,1.4508,2.9166,1.5726,2.6513,1.2491,2.9763,1.4198,3.2693,1.5768,2.6925,1.0627,3.0069,1.1735,3.272,1.2876,2.5921,0.7758,2.8145,0.7924,3.0062,0.8239,1.5133,0.4469,1.257,0.9018,1.2798,1.1247,1.2854,1.3755,2.4156,1.2994,2.6889,1.4366,2.9252,1.5628,2.6552,1.2479,2.9863,1.4185,3.2807,1.5757,2.7031,1.0732,3.0229,1.1851,3.2875,1.2982,2.5939,0.7877,2.818,0.8058,3.0093,0.8381,1.5014,0.4034,1.2507,0.8264,1.2655,1.0336,1.2425,1.2682,2.4121,1.3851,2.6783,1.5672,2.8992,1.7259,2.6527,1.2657,2.9817,1.4366,3.2599,1.5843,2.6984,1.0687,3.015,1.1763,3.2762,1.2839,2.5754,0.7728,2.7984,0.7926,2.9852,0.8252,1.6033,0.4335,1.2785,1.0874,1.2916,1.3888,1.3325,1.77,2.485,1.4515,2.7967,1.7155,3.0492,1.9463,2.8111,1.2945,3.1972,1.5393,3.5182,1.7393,2.8403,1.0911,3.2144,1.2384,3.5091,1.3626,2.7297,0.8212,2.9866,0.8256,3.202,0.8394,1.5914,0.4188,1.2701,1.0877,1.297,1.3883,1.3349,1.7568,2.4818,1.4432,2.7937,1.6971,3.0465,1.9208,2.8015,1.2856,3.18,1.5342,3.4877,1.7366,2.8437,1.0785,3.2113,1.2318,3.5001,1.3648,2.7191,0.7906,2.9732,0.8013,3.1832,0.8235,0.0,0.0,0.1102,-1.2324,-0.0405,-1.8988,-0.5463,-2.8765,0.0,0.0,0.0,0.0,0.0,0.0,0.0,0.0,0.0,0.0,0.0,0.0,0.0,0.0,0.0,0.0,0.0,0.0,0.0,0.0,0.0,0.0,0.0,0.0,-0.1438,-0.5245,-0.0758,-0.9092,-0.1723,-1.0983,-0.5169,-1.2931,-0.0416,1.0328,-0.1277,1.5732,-0.3138,1.9654,0.0,0.0,0.0,0.0,0.0,0.0,0.0,0.0,0.0,0.0,0.0,0.0,0.0,0.0,0.0,0.0,0.0,0.0,0.0,0.0,0.0,0.0,0.0,0.0,0.0,0.0,0.0,0.0,0.0,0.0,0.0,0.0,0.0,0.0,0.0,0.0,0.0,0.0,0.0,0.0,0.0,0.0,0.0,0.0,0.0,0.0,0.0,0.0,0.0,0.0,0.0,0.0,0.0,0.0,0.0,0.0,0.0,0.0,0.0,0.0,0.0,0.0,0.0,0.0,0.0,0.0,0.0,0.0,0.0,0.0,0.0,0.0,0.0,0.0,0.0,0.0,0.0,0.0,0.0,0.0,0.0,0.0,False,True,False,False,False,False,right,False,False,False,True,False,False,
video 02.mp4,372655f94428d157,42416,5000,5333,60,64,1.6033,0.4335,1.2785,1.0874,1.2916,1.3888,1.3325,1.77,2.485,1.4515,2.7967,1.7155,3.0492,1.9463,2.8111,1.2945,3.1972,1.5393,3.5182,1.7393,2.8403,1.0911,3.2144,1.2384,3.5091,1.3626,2.7297,0.8212,2.9866,0.8256,3.202,0.8394,1.5914,0.4188,1.2701,1.0877,1.297,1.3883,1.3349,1.7568,2.4818,1.4432,2.7937,1.6971,3.0465,1.9208,2.8015,1.2856,3.18,1.5342,3.4877,1.7366,2.8437,1.0785,3.2113,1.2318,3.5001,1.3648,2.7191,0.7906,2.9732,0.8013,3.1832,0.8235,1.5827,0.4181,1.2665,1.0881,1.3016,1.3874,1.335,1.7452,2.4799,1.4441,2.7902,1.6943,3.0427,1.913,2.8188,1.2485,3.201,1.472,3.5048,1.644,2.8604,1.0236,3.2288,1.1456,3.5194,1.2533,2.7235,0.7704,2.9786,0.7876,3.1875,0.8132,1.5719,0.4034,1.2597,1.0878,1.3075,1.3867,1.327,1.7347,2.4702,1.4628,2.7758,1.7035,3.0337,1.9118,2.8825,1.1675,3.2907,1.3161,3.6215,1.419,2.8792,0.9277,3.2536,0.9715,3.5588,1.0087,2.7132,0.732,2.9686,0.7108,3.1796,0.6962,1.5481,0.4011,1.2489,1.0896,1.2973,1.3817,1.3232,1.7253,2.4546,1.4689,2.7561,1.7033,3.0196,1.9016,2.8872,1.119,3.2996,1.2452,3.6445,1.3362,2.8763,0.8497,3.2566,0.8608,3.5724,0.8733,2.6906,0.6656,2.9406,0.6185,3.156,0.5855,0.0,0.0,0.0,0.0,0.0,0.0,0.0,0.0,0.0,0.0,0.0,0.0,0.0,0.0,0.0,0.0,0.0,0.0,0.0,0.0,0.0,0.0,0.0,0.0,0.0,0.0,0.0,0.0,0.0,0.0,0.0,0.0,0.0,0.0,0.0,0.0,0.0,0.0,0.0,0.0,0.0,0.0,0.0,0.0,0.0,0.0,0.2083,-0.4468,0.2527,-0.7495,0.2053,-1.1154,0.2015,-0.6614,0.2107,-1.038,0.2332,-1.344,0.0,0.0,0.0,0.0,0.0,0.0,0.0,0.0,0.0,0.0,0.0,0.0,0.0,0.0,0.0,0.0,0.0,0.0,0.0,0.0,0.759,-0.9642,1.0681,-1.8557,1.3898,-2.6785,0.223,-1.1427,0.2955,-2.0728,0.4684,-2.9118,-0.122,-0.4581,-0.119,-0.9142,-0.0942,-1.3926,0.0,0.0,0.0,0.0,0.0,0.0,0.0,0.0,0.0,0.0,0.0,0.0,0.0,0.0,0.0566,-0.5851,0.1067,-0.8544,0.2767,-0.9975,-0.035,-0.939,0.036,-1.3336,0.1646,-1.6307,-0.2722,-0.7992,-0.3364,-1.1123,-0.2848,-1.3338,False,False,False,False,False,False,right,False,False,False,True,False,False,
video 02.mp4,372655f94428d157,42416,5250,5583,63,67,1.5719,0.4034,1.2597,1.0878,1.3075,1.3867,1.327,1.7347,2.4702,1.4628,2.7758,1.7035,3.0337,1.9118,2.8825,1.1675,3.2907,1.3161,3.6215,1.419,2.8792,0.9277,3.2536,0.9715,3.5588,1.0087,2.7132,0.732,2.9686,0.7108,3.1796,0.6962,1.5481,0.4011,1.2489,1.0896,1.2973,1.3817,1.3232,1.7253,2.4546,1.4689,2.7561,1.7033,3.0196,1.9016,2.8872,1.119,3.2996,1.2452,3.6445,1.3362,2.8763,0.8497,3.2566,0.8608,3.5724,0.8733,2.6906,0.6656,2.9406,0.6185,3.156,0.5855,1.5228,0.4049,1.2437,1.0892,1.2844,1.3821,1.3143,1.7251,2.4523,1.4525,2.7529,1.6884,3.0015,1.8928,2.8025,1.1819,3.1808,1.3794,3.4886,1.542,2.8255,0.9049,3.1872,0.9603,3.4781,0.9972,2.6461,0.6308,2.8949,0.5878,3.1044,0.5682,1.5282,0.4118,1.2407,1.0911,1.2769,1.3872,1.3115,1.7327,2.4446,1.4421,2.7487,1.6846,2.9928,1.8964,2.7885,1.2311,3.1691,1.4527,3.4806,1.6404,2.8252,0.9879,3.1896,1.113,3.4806,1.2359,2.6285,0.6213,2.8706,0.5635,3.0737,0.5396,1.5226,0.4051,1.2364,1.0817,1.2762,1.3809,1.3088,1.7263,2.441,1.4379,2.7471,1.6821,2.9934,1.8972,2.7666,1.2443,3.1517,1.4714,3.4676,1.6609,2.8015,1.0142,3.1648,1.1587,3.459,1.3023,2.608,0.6148,2.8562,0.5689,3.0638,0.5545,0.0,0.0,0.0,0.0,0.0,0.0,0.0,0.0,0.0,0.0,0.0,0.0,0.0,0.0,0.0566,-0.5851,0.1067,-0.8544,0.2767,-0.9975,-0.035,-0.939,0.036,-1.3336,0.1646,-1.6307,-0.2722,-0.7992,-0.3364,-1.1123,-0.2848,-1.3338,0.0,0.0,0.0,0.0,0.0,0.0,0.0,0.0,0.0,0.0,0.0,0.0,0.0,0.0,-1.0204,0.7585,-1.4313,1.6174,-1.8784,2.4796,-0.6117,0.6647,-0.8366,1.1987,-1.1363,1.492,-0.5362,-0.4196,-0.5509,-0.3702,-0.6216,-0.2091,0.0,0.0,0.0,0.0,0.0,0.0,0.0,0.0,0.0,0.0,0.0,0.0,0.0,0.0,-0.1668,0.5854,-0.1384,0.8723,-0.0947,1.1715,-0.0031,0.9884,0.0295,1.8182,0.0296,2.8426,0.0,0.0,-0.29,-0.2893,-0.365,-0.3405,0.0,0.0,0.0,0.0,0.0,0.0,0.0,0.0,0.0,0.0,0.0,0.0,0.0,0.0,0.0,0.0,0.0,0.0,0.0,0.0,-0.2854,0.3167,-0.2998,0.5503,-0.2601,0.7993,0.0,0.0,0.0,0.0,0.0,0.0,False,False,True,True,False,False,right,False,False,False,True,False,False,
video 02.mp4,372655f94428d157,42416,5500,5833,66,70,1.5282,0.4118,1.2407,1.0911,1.2769,1.3872,1.3115,1.7327,2.4446,1.4421,2.7487,1.6846,2.9928,1.8964,2.7885,1.2311,3.1691,1.4527,3.4806,1.6404,2.8252,0.9879,3.1896,1.113,3.4806,1.2359,2.6285,0.6213,2.8706,0.5635,3.0737,0.5396,1.5226,0.4051,1.2364,1.0817,1.2762,1.3809,1.3088,1.7263,2.441,1.4379,2.7471,1.6821,2.9934,1.8972,2.7666,1.2443,3.1517,1.4714,3.4676,1.6609,2.8015,1.0142,3.1648,1.1587,3.459,1.3023,2.608,0.6148,2.8562,0.5689,3.0638,0.5545,1.514,0.401,1.2201,1.0504,1.26,1.3357,1.3,1.6771,2.4006,1.409,2.7105,1.6465,2.9718,1.8581,2.7133,1.2391,3.0992,1.4451,3.4222,1.6137,2.7446,1.0357,3.1021,1.1675,3.3977,1.2936,2.5929,0.6349,2.8397,0.6103,3.043,0.6142,1.5253,0.4219,1.2414,1.0198,1.2803,1.3071,1.3208,1.6496,2.4011,1.3921,2.7079,1.6012,2.9667,1.7877,2.7019,1.2517,3.0723,1.4494,3.3968,1.6214,2.7486,1.0525,3.0971,1.1787,3.3847,1.305,2.6077,0.6822,2.8476,0.6771,3.0492,0.6953,1.5355,0.4287,1.2664,0.9668,1.3035,1.242,1.3362,1.5569,2.423,1.3752,2.7218,1.5457,2.9742,1.6928,2.7042,1.2636,3.0672,1.4496,3.3806,1.6126,2.7549,1.0759,3.0937,1.1889,3.3705,1.3039,2.6238,0.7343,2.8576,0.7356,3.0575,0.7498,0.0,0.0,0.0,0.0,0.0,0.0,0.0,0.0,0.0,0.0,0.0,0.0,0.0,0.0,0.0,0.0,0.0,0.0,0.0,0.0,-0.2854,0.3167,-0.2998,0.5503,-0.2601,0.7993,0.0,0.0,0.0,0.0,0.0,0.0,0.0,0.0,0.0,0.0,0.0,0.0,0.0,0.0,0.0,0.0,0.0,0.0,0.0,0.0,0.0,0.0,0.0,0.0,0.0,0.0,0.0,0.0,0.0,0.0,0.0,0.0,0.0,0.0,0.0,0.0,0.0,0.0,0.0,0.0,0.2527,-0.3637,0.2411,-0.3402,0.2467,-0.3275,0.0,0.0,-0.031,-0.5388,-0.0604,-0.8383,0.0,0.0,0.0,0.0,0.0,0.0,0.0,0.0,0.0,0.0,0.0,0.0,0.1757,0.5642,0.0935,0.7951,0.0733,0.966,0.0,0.0,0.3019,-0.6389,0.2799,-0.7844,0.1853,-1.1166,0.0,0.0,0.1677,-0.6685,0.0902,-1.1432,0.0,0.0,0.0,0.0,0.0,0.0,0.0,0.0,0.0,0.0,0.0,0.0,0.1945,0.6273,0.1202,0.7051,0.1003,0.6563,False,False,False,False,False,False,right,False,False,False,True,False,False,
video 02.mp4,372655f94428d157,42416,5750,6083,69,73,1.5253,0.4219,1.2414,1.0198,1.2803,1.3071,1.3208,1.6496,2.4011,1.3921,2.7079,1.6012,2.9667,1.7877,2.7019,1.2517,3.0723,1.4494,3.3968,1.6214,2.7486,1.0525,3.0971,1.1787,3.3847,1.305,2.6077,0.6822,2.8476,0.6771,3.0492,0.6953,1.5355,0.4287,1.2664,0.9668,1.3035,1.242,1.3362,1.5569,2.423,1.3752,2.7218,1.5457,2.9742,1.6928,2.7042,1.2636,3.0672,1.4496,3.3806,1.6126,2.7549,1.0759,3.0937,1.1889,3.3705,1.3039,2.6238,0.7343,2.8576,0.7356,3.0575,0.7498,1.5432,0.4089,1.2605,0.8804,1.2926,1.1089,1.3295,1.382,2.4113,1.3923,2.7093,1.5967,2.9628,1.7832,2.7085,1.2631,3.0823,1.4568,3.401,1.6222,2.7575,1.0779,3.1033,1.1948,3.3845,1.3041,2.6268,0.7678,2.8656,0.7819,3.0649,0.7999,1.5481,0.3928,1.2731,0.8705,1.3053,1.0952,1.3526,1.3551,2.399,1.4089,2.6966,1.6394,2.9491,1.8439,2.7155,1.256,3.0928,1.4584,3.4107,1.6283,2.7666,1.0684,3.1182,1.1939,3.4067,1.31,2.6398,0.7791,2.8822,0.8037,3.0811,0.8319,1.5629,0.3914,1.2769,0.8658,1.3094,1.0767,1.3652,1.3367,2.3967,1.4141,2.695,1.6546,2.9515,1.8646,2.7219,1.2453,3.1031,1.451,3.4252,1.6201,2.7762,1.0624,3.1317,1.1951,3.424,1.3141,2.6601,0.7975,2.9081,0.8297,3.1081,0.8634,0.0,0.0,0.3019,-0.6389,0.2799,-0.7844,0.1853,-1.1166,0.0,0.0,0.1677,-0.6685,0.0902,-1.1432,0.0,0.0,0.0,0.0,0.0,0.0,0.0,0.0,0.0,0.0,0.0,0.0,0.1945,0.6273,0.1202,0.7051,0.1003,0.6563,0.0,0.0,-0.071,-1.0412,-0.1315,-1.6045,-0.0797,-2.107,0.0,0.0,-0.1507,0.6144,-0.1381,1.0892,0.0,0.0,0.0,0.0,0.0,0.0,0.0,0.0,0.0,0.0,0.0,0.0,0.0362,0.4032,0.097,0.5586,0.0888,0.6032,0.0,0.0,0.0,0.0,0.0,0.0,0.2744,-0.3204,0.0,0.0,-0.1509,0.5079,-0.1622,0.7226,0.0,0.0,0.0,0.0,0.0,0.0,0.0,0.0,0.0,0.0,0.0,0.0,0.0,0.0,0.0,0.0,0.1936,0.3815,0.0,0.0,0.0,0.0,0.0,0.0,0.0,0.0,0.0,0.0,0.0,0.0,0.0,0.0,0.0,0.0,0.0,0.0,0.0,0.0,0.0,0.0,0.0,0.0,0.0,0.0,0.0,0.0,0.3119,0.3132,0.3256,0.3791,False,True,False,False,False,False,right,False,False,False,True,False,False,
video 02.mp4,372655f94428d157,42416,6000,6333,72,76,1.5481,0.3928,1.2731,0.8705,1.3053,1.0952,1.3526,1.3551,2.399,1.4089,2.6966,1.6394,2.9491,1.8439,2.7155,1.256,3.0928,1.4584,3.4107,1.6283,2.7666,1.0684,3.1182,1.1939,3.4067,1.31,2.6398,0.7791,2.8822,0.8037,3.0811,0.8319,1.5629,0.3914,1.2769,0.8658,1.3094,1.0767,1.3652,1.3367,2.3967,1.4141,2.695,1.6546,2.9515,1.8646,2.7219,1.2453,3.1031,1.451,3.4252,1.6201,2.7762,1.0624,3.1317,1.1951,3.424,1.3141,2.6601,0.7975,2.9081,0.8297,3.1081,0.8634,1.5709,0.4167,1.2666,1.072,1.2971,1.3784,1.2972,1.7258,2.4483,1.4491,2.7428,1.7042,2.9853,1.924,2.7778,1.2603,3.1549,1.5015,3.4626,1.6951,2.8291,1.0538,3.1872,1.2077,3.4808,1.3552,2.7026,0.803,2.9499,0.8503,3.1457,0.9074,1.5569,0.419,1.2615,1.0783,1.2922,1.3792,1.2934,1.7269,2.4428,1.4523,2.7394,1.7072,2.9849,1.9262,2.7725,1.2541,3.1461,1.4871,3.4408,1.666,2.8281,1.0494,3.1809,1.2031,3.4621,1.3463,2.7013,0.8002,2.944,0.8492,3.1344,0.9089,1.5483,0.4129,1.2563,1.0752,1.2872,1.3782,1.285,1.7239,2.4358,1.4499,2.7319,1.7053,2.9777,1.9286,2.7676,1.245,3.1422,1.4774,3.4381,1.6597,2.8251,1.0404,3.1783,1.1982,3.4592,1.3459,2.6964,0.7925,2.9404,0.8435,3.1324,0.9057,0.0,0.0,0.0,0.0,0.0,0.0,0.0,0.0,0.0,0.0,0.0,0.0,0.0,0.0,0.0,0.0,0.0,0.0,0.0,0.0,0.0,0.0,0.0,0.0,0.0,0.0,0.0,0.0,0.3119,0.3132,0.3256,0.3791,0.0,0.0,0.0,0.0,0.0,0.0,0.0,0.0,0.0,0.0,0.0,0.0,0.0,0.0,0.0,0.0,0.0,0.0,0.0,0.0,0.0,0.0,0.0,0.0,0.0,0.0,0.0,0.0,0.0,0.0,0.0,0.0,0.0,0.0,0.0,0.0,0.0,0.0,0.0,0.0,0.0,0.0,0.0,0.0,0.0,0.0,0.0,0.0,0.0,0.0,-0.2596,-0.347,0.0,0.0,0.0,0.0,0.0,0.0,0.0,0.0,0.0,0.0,0.0,0.0,0.0,0.0,0.0,0.0,0.0,0.0,0.0,0.0,0.0,0.0,0.0,0.0,0.0,0.0,0.0,0.0,0.0,0.0,0.0,0.0,0.0,0.0,0.0,0.0,0.0,0.0,0.0,0.0,0.0,0.0,0.0,0.0,True,False,False,False,True,False,right,False,False,False,True,False,False,
video 02.mp4,372655f94428d157,42416,6250,6583,75,79,1.5569,0.419,1.2615,1.0783,1.2922,1.3792,1.2934,1.7269,2.4428,1.4523,2.7394,1.7072,2.9849,1.9262,2.7725,1.2541,3.1461,1.4871,3.4408,1.666,2.8281,1.0494,3.1809,1.2031,3.4621,1.3463,2.7013,0.8002,2.944,0.8492,3.1344,0.9089,1.5483,0.4129,1.2563,1.0752,1.2872,1.3782,1.285,1.7239,2.4358,1.4499,2.7319,1.7053,2.9777,1.9286,2.7676,1.245,3.1422,1.4774,3.4381,1.6597,2.8251,1.0404,3.1783,1.1982,3.4592,1.3459,2.6964,0.7925,2.9404,0.8435,3.1324,0.9057,1.5447,0.4156,1.2483,1.083,1.2789,1.3814,1.276,1.7288,2.4264,1.4497,2.7262,1.7049,2.9759,1.9298,2.7606,1.2395,3.1389,1.4694,3.435,1.6491,2.8172,1.0394,3.1716,1.197,3.4497,1.343,2.6949,0.7992,2.9386,0.8496,3.1311,0.9126,1.546,0.413,1.2481,1.0833,1.2782,1.3848,1.2703,1.7326,2.4251,1.4498,2.7274,1.7036,2.9755,1.9271,2.7626,1.2405,3.1406,1.4736,3.4292,1.6561,2.8181,1.0391,3.1737,1.1982,3.4475,1.3436,2.6875,0.8029,2.9302,0.8567,3.1211,0.9199,1.5455,0.4076,1.2455,1.0842,1.2752,1.3848,1.2705,1.7331,2.4236,1.4508,2.726,1.7035,2.9723,1.926,2.7657,1.2403,3.1443,1.4739,3.4312,1.6571,2.8141,1.0392,3.1704,1.198,3.4418,1.3412,2.6819,0.804,2.9254,0.8573,3.1172,0.9199,0.0,0.0,0.0,0.0,0.0,0.0,0.0,0.0,0.0,0.0,0.0,0.0,0.0,0.0,0.0,0.0,0.0,0.0,0.0,0.0,0.0,0.0,0.0,0.0,0.0,0.0,0.0,0.0,0.0,0.0,0.0,0.0,0.0,0.0,0.0,0.0,0.0,0.0,0.0,0.0,0.0,0.0,0.0,0.0,0.0,0.0,0.0,0.0,0.0,0.0,0.0,0.0,0.0,0.0,0.0,0.0,0.0,0.0,0.0,0.0,0.0,0.0,0.0,0.0,0.0,0.0,0.0,0.0,0.0,0.0,0.0,0.0,0.0,0.0,0.0,0.0,0.0,0.0,0.0,0.0,0.0,0.0,0.0,0.0,0.0,0.0,0.0,0.0,0.0,0.0,0.0,0.0,0.0,0.0,0.0,0.0,0.0,0.0,0.0,0.0,0.0,0.0,0.0,0.0,0.0,0.0,0.0,0.0,0.0,0.0,0.0,0.0,0.0,0.0,0.0,0.0,0.0,0.0,0.0,0.0,0.0,0.0,0.0,0.0,0.0,0.0,0.0,0.0,False,False,False,False,False,False,right,False,False,False,True,False,False,
video 02.mp4,372655f94428d157,42416,6500,6833,78,82,1.546,0.413,1.2481,1.0833,1.2782,1.3848,1.2703,1.7326,2.4251,1.4498,2.7274,1.7036,2.9755,1.9271,2.7626,1.2405,3.1406,1.4736,3.4292,1.6561,2.8181,1.0391,3.1737,1.1982,3.4475,1.3436,2.6875,0.8029,2.9302,0.8567,3.1211,0.9199,1.5455,0.4076,1.2455,1.0842,1.2752,1.3848,1.2705,1.7331,2.4236,1.4508,2.726,1.7035,2.9723,1.926,2.7657,1.2403,3.1443,1.4739,3.4312,1.6571,2.8141,1.0392,3.1704,1.198,3.4418,1.3412,2.6819,0.804,2.9254,0.8573,3.1172,0.9199,1.5248,0.4127,1.2332,1.0622,1.2656,1.3609,1.277,1.7025,2.416,1.4204,2.7157,1.6514,2.9666,1.8611,2.7269,1.2482,3.0947,1.4724,3.3881,1.655,2.782,1.0504,3.1239,1.1966,3.3939,1.3266,2.6524,0.8015,2.8877,0.8416,3.0812,0.8875,1.5071,0.4265,1.2336,1.055,1.2641,1.352,1.2709,1.6882,2.4533,1.4185,2.7444,1.6175,2.9865,1.7895,2.7187,1.2589,3.0739,1.4615,3.359,1.6284,2.7628,1.0618,3.0916,1.1912,3.3589,1.3129,2.6268,0.7989,2.8571,0.8355,3.0501,0.8794,1.4784,0.4132,1.2251,1.0405,1.2559,1.3439,1.2491,1.674,2.439,1.4198,2.7253,1.6236,2.961,1.8057,2.6997,1.2565,3.0521,1.4596,3.3363,1.6296,2.7403,1.0534,3.0666,1.1805,3.3345,1.3007,2.5991,0.7906,2.8301,0.8254,3.0254,0.8656,0.0,0.0,0.0,0.0,0.0,0.0,0.0,0.0,0.0,0.0,0.0,0.0,0.0,0.0,0.0,0.0,0.0,0.0,0.0,0.0,0.0,0.0,0.0,0.0,0.0,0.0,0.0,0.0,0.0,0.0,0.0,0.0,0.0,0.0,0.0,0.0,0.0,0.0,0.0,0.0,0.0,0.0,0.0,0.0,0.0,0.0,0.0,0.0,0.0,0.0,0.0,0.0,0.0,0.0,0.0,0.0,0.0,0.0,0.0,0.0,0.0,0.0,0.0,0.0,0.0,0.0,0.0,0.0,0.0,0.0,0.0,0.0,0.444,-0.0216,0.3409,-0.4043,0.2374,-0.8527,0.0,0.0,0.0,0.0,-0.3456,-0.3171,0.0,0.0,0.0,0.0,-0.4172,-0.1624,0.0,0.0,0.0,0.0,0.0,0.0,0.0,0.0,0.0,0.0,0.0,0.0,0.0,0.0,0.0,0.0,0.0,0.0,0.0,0.0,0.0,0.0,0.0,0.0,0.0,0.0,0.0,0.0,0.0,0.0,0.0,0.0,0.0,0.0,0.0,0.0,0.0,0.0,False,True,False,False,False,False,right,False,False,False,True,False,False,
video 02.mp4,372655f94428d157,42416,6750,7083,81,85,1.5071,0.4265,1.2336,1.055,1.2641,1.352,1.2709,1.6882,2.4533,1.4185,2.7444,1.6175,2.9865,1.7895,2.7187,1.2589,3.0739,1.4615,3.359,1.6284,2.7628,1.0618,3.0916,1.1912,3.3589,1.3129,2.6268,0.7989,2.8571,0.8355,3.0501,0.8794,1.4784,0.4132,1.2251,1.0405,1.2559,1.3439,1.2491,1.674,2.439,1.4198,2.7253,1.6236,2.961,1.8057,2.6997,1.2565,3.0521,1.4596,3.3363,1.6296,2.7403,1.0534,3.0666,1.1805,3.3345,1.3007,2.5991,0.7906,2.8301,0.8254,3.0254,0.8656,1.4849,0.3873,1.216,1.0349,1.2443,1.3399,1.2358,1.6722,2.395,1.4078,2.6925,1.6228,2.9354,1.8172,2.6898,1.2424,3.0563,1.4556,3.3461,1.6325,2.7301,1.0394,3.0722,1.1754,3.3431,1.3003,2.5909,0.7805,2.8296,0.8095,3.0287,0.845,1.499,0.391,1.2485,1.0766,1.2833,1.3759,1.2605,1.7162,2.4154,1.4197,2.7198,1.6457,2.9674,1.8503,2.7294,1.2496,3.1076,1.4786,3.4044,1.6616,2.7605,1.0398,3.1071,1.1796,3.3749,1.3034,2.6259,0.7753,2.8673,0.803,3.0637,0.84,1.4971,0.3724,1.2304,1.0732,1.2717,1.3738,1.2462,1.7125,2.4145,1.4259,2.7187,1.6516,2.9715,1.8543,2.7759,1.1814,3.1774,1.3629,3.4982,1.4986,2.7761,0.9724,3.1415,1.0708,3.4361,1.1469,2.6257,0.7865,2.8683,0.8065,3.0678,0.831,0.0,0.0,0.0,0.0,0.0,0.0,0.0,0.0,0.0,0.0,0.0,0.0,0.0,0.0,0.0,0.0,0.0,0.0,0.0,0.0,0.0,0.0,0.0,0.0,0.0,0.0,0.0,0.0,0.0,0.0,0.0,0.0,0.0,0.0,0.0,0.0,0.0,0.0,0.0,0.0,-0.529,-0.1445,0.0,0.0,0.0,0.0,0.0,0.0,0.0,0.0,0.0,0.0,0.0,0.0,0.0,0.0,0.0,0.0,0.0,0.0,0.0,0.0,0.0,0.0,0.0,0.0,0.0,0.0,0.0,0.0,0.0,0.0,0.0,0.0,0.0,0.0,0.0,0.0,0.0,0.0,0.0,0.0,0.0,0.0,0.0,0.0,0.0,0.0,0.0,0.0,0.0,0.0,0.0,0.0,0.0,0.0,0.0,0.0,0.0,0.0,0.0,0.0,0.0,0.0,0.0,0.0,0.0,0.0,0.0,0.0,0.5597,-0.8219,0.8408,-1.394,1.1309,-1.9635,0.1883,-0.8122,0.4136,-1.3112,0.7375,-1.885,0.0,0.0,0.0,0.0,0.0,0.0,False,True,False,False,False,False,right,False,False,False,True,False,False,
video 02.mp4,372655f94428d157,42416,7000,7333,84,88,1.499,0.391,1.2485,1.0766,1.2833,1.3759,1.2605,1.7162,2.4154,1.4197,2.7198,1.6457,2.9674,1.8503,2.7294,1.2496,3.1076,1.4786,3.4044,1.6616,2.7605,1.0398,3.1071,1.1796,3.3749,1.3034,2.6259,0.7753,2.8673,0.803,3.0637,0.84,1.4971,0.3724,1.2304,1.0732,1.2717,1.3738,1.2462,1.7125,2.4145,1.4259,2.7187,1.6516,2.9715,1.8543,2.7759,1.1814,3.1774,1.3629,3.4982,1.4986,2.7761,0.9724,3.1415,1.0708,3.4361,1.1469,2.6257,0.7865,2.8683,0.8065,3.0678,0.831,1.4993,0.3552,1.2347,1.0607,1.2775,1.3698,1.2506,1.7127,2.4194,1.4243,2.7227,1.6529,2.9703,1.8571,2.7661,1.1989,3.1573,1.3986,3.4626,1.5516,2.7729,0.9899,3.1346,1.1004,3.4181,1.1898,2.6243,0.7881,2.8691,0.7951,3.0677,0.7971,1.5055,0.3519,1.234,1.0622,1.2758,1.3685,1.253,1.7172,2.4242,1.4184,2.7286,1.6527,2.9799,1.8626,2.7696,1.2083,3.1599,1.4222,3.4667,1.5904,2.7781,1.0141,3.1413,1.1387,3.4287,1.2395,2.6316,0.8049,2.8771,0.7992,3.078,0.7954,1.5122,0.3528,1.239,1.0533,1.2813,1.3573,1.2614,1.7114,2.4373,1.4122,2.7416,1.6521,2.995,1.8684,2.7755,1.2107,3.1648,1.4341,3.4731,1.6105,2.7833,1.026,3.1445,1.1631,3.4316,1.2738,2.6399,0.829,2.8862,0.8366,3.0895,0.8411,0.0,0.0,0.0,0.0,0.0,0.0,0.0,0.0,0.0,0.0,0.0,0.0,0.0,0.0,0.5597,-0.8219,0.8408,-1.394,1.1309,-1.9635,0.1883,-0.8122,0.4136,-1.3112,0.7375,-1.885,0.0,0.0,0.0,0.0,0.0,0.0,0.0,0.0,0.0,0.0,0.0,0.0,0.0,0.0,0.0,0.0,0.0,0.0,0.0,0.0,0.0,0.0,-0.2417,0.4305,-0.4297,0.638,0.0,0.0,0.0,0.0,-0.2171,0.5163,0.0,0.0,0.0,0.0,-0.0013,-0.4093,0.0,0.0,0.0,0.0,0.0,0.0,0.0,0.0,0.0,0.0,0.0,0.0,0.0,0.0,0.0,0.0,0.0,0.0,0.0495,0.4625,0.0,0.0,0.0799,0.4557,0.1265,0.5921,0.0,0.0,0.0,0.0,0.0,0.0,0.0,0.0,0.0,0.0,0.0,0.0,0.0,0.0,0.0,0.0,0.0,0.0,0.0,0.0,0.0,0.0,0.0,0.0,0.0,0.0,0.0,0.0,0.0,0.0,0.035,0.4123,0.0,0.0,0.1089,0.4508,0.1383,0.5514,False,False,True,True,True,False,right,False,False,False,True,False,False,
video 02.mp4,372655f94428d157,42416,7250,7583,87,91,1.5055,0.3519,1.234,1.0622,1.2758,1.3685,1.253,1.7172,2.4242,1.4184,2.7286,1.6527,2.9799,1.8626,2.7696,1.2083,3.1599,1.4222,3.4667,1.5904,2.7781,1.0141,3.1413,1.1387,3.4287,1.2395,2.6316,0.8049,2.8771,0.7992,3.078,0.7954,1.5122,0.3528,1.239,1.0533,1.2813,1.3573,1.2614,1.7114,2.4373,1.4122,2.7416,1.6521,2.995,1.8684,2.7755,1.2107,3.1648,1.4341,3.4731,1.6105,2.7833,1.026,3.1445,1.1631,3.4316,1.2738,2.6399,0.829,2.8862,0.8366,3.0895,0.8411,1.5297,0.3563,1.2858,1.0257,1.3478,1.3293,1.3505,1.6855,2.4591,1.403,2.7635,1.6451,3.0132,1.864,2.7854,1.2109,3.1688,1.434,3.471,1.61,2.7964,1.0333,3.1565,1.1741,3.4373,1.2884,2.6594,0.844,2.9083,0.8616,3.1108,0.8736,1.5938,0.3915,1.3299,0.9219,1.3949,1.1695,1.4202,1.4755,2.5531,1.4128,2.8786,1.6662,3.1391,1.8889,2.8777,1.2517,3.2712,1.4702,3.5899,1.6543,2.8917,1.0893,3.2494,1.2278,3.5256,1.3355,2.7536,0.903,2.9996,0.9183,3.1997,0.9272,1.5897,0.3861,1.3296,0.9218,1.3987,1.171,1.41,1.46,2.5507,1.3973,2.8753,1.6362,3.1329,1.8522,2.8623,1.2513,3.2501,1.4696,3.5628,1.6566,2.8927,1.0886,3.249,1.226,3.524,1.338,2.7514,0.8866,2.9989,0.9025,3.1985,0.9125,0.0,0.0,0.0,0.0,0.0,0.0,0.0,0.0,0.0,0.0,0.0,0.0,0.0,0.0,0.0,0.0,0.0,0.0,0.0,0.0,0.0,0.0,0.0,0.0,0.035,0.4123,0.0,0.0,0.1089,0.4508,0.1383,0.5514,0.0,0.0,0.5645,-0.3329,0.8014,-0.3371,1.0732,-0.3114,0.0,0.0,0.0,0.0,0.0,0.0,0.0,0.0,0.0,0.0,0.0,0.0,0.0,0.0,0.0,0.0,0.0,0.0,0.0,0.0,0.2669,0.3017,0.2563,0.3905,0.0,0.0,0.0,0.0,0.0,0.0,0.0,0.0,0.0,0.0,0.0,0.0,0.0,0.0,0.0,0.0,0.0,0.0,0.0,0.0,0.0,0.0,0.0,0.0,0.0,0.0,0.0,0.0,0.0,0.0,0.0,0.0,0.0,0.0,0.0,0.0,0.0,0.0,0.0,0.0,0.0,0.0,0.0,0.0,-0.0744,-0.4418,0.0,0.0,0.0,0.0,0.0,0.0,0.0,0.0,0.0,0.0,0.0,0.0,0.0,0.0,0.0,0.0,0.0,0.0,False,False,False,False,False,False,right,False,False,False,True,False,False,
video 02.mp4,372655f94428d157,42416,7500,7833,90,94,1.5938,0.3915,1.3299,0.9219,1.3949,1.1695,1.4202,1.4755,2.5531,1.4128,2.8786,1.6662,3.1391,1.8889,2.8777,1.2517,3.2712,1.4702,3.5899,1.6543,2.8917,1.0893,3.2494,1.2278,3.5256,1.3355,2.7536,0.903,2.9996,0.9183,3.1997,0.9272,1.5897,0.3861,1.3296,0.9218,1.3987,1.171,1.41,1.46,2.5507,1.3973,2.8753,1.6362,3.1329,1.8522,2.8623,1.2513,3.2501,1.4696,3.5628,1.6566,2.8927,1.0886,3.249,1.226,3.524,1.338,2.7514,0.8866,2.9989,0.9025,3.1985,0.9125,1.5459,0.378,1.2732,1.0708,1.3341,1.3772,1.3539,1.7353,2.5061,1.4065,2.8289,1.6593,3.0724,1.8777,2.8376,1.2143,3.2274,1.444,3.5216,1.6296,2.8503,1.0422,3.2175,1.1909,3.502,1.3144,2.7069,0.8452,2.9611,0.8625,3.1589,0.8788,1.5404,0.3743,1.2755,1.0689,1.3378,1.3776,1.3548,1.7344,2.5063,1.4094,2.8249,1.6582,3.0733,1.8788,2.8532,1.1951,3.2506,1.4211,3.5599,1.6042,2.8561,1.0058,3.2268,1.1349,3.5197,1.2441,2.7014,0.831,2.9521,0.8449,3.1566,0.8555,1.523,0.3784,1.2783,1.0719,1.3406,1.3757,1.3465,1.7347,2.5062,1.4137,2.8202,1.6571,3.0678,1.879,2.8557,1.1692,3.247,1.3909,3.5483,1.5752,2.8539,0.952,3.2218,1.0753,3.5065,1.195,2.6801,0.7519,2.9296,0.754,3.1336,0.7728,0.0,0.0,0.0,0.0,0.0,0.0,0.0,0.0,0.0,0.0,0.0,0.0,-0.0744,-0.4418,0.0,0.0,0.0,0.0,0.0,0.0,0.0,0.0,0.0,0.0,0.0,0.0,0.0,0.0,0.0,0.0,0.0,0.0,0.0,0.0,0.0,0.0,0.0,0.0,0.0,0.0,0.0,0.0,0.0,0.0,0.0,0.0,0.0,0.0,0.0,0.0,0.0,0.0,0.0,0.0,0.0,0.0,0.0,0.0,0.0,0.0,0.0,0.0,0.0,0.0,0.0,0.0,0.0,0.0,0.0,0.0,0.0,0.0,0.0,0.0,0.0,0.0,0.0,0.0,0.0,0.0,0.0,0.0,0.4553,-0.303,0.0698,-0.4332,0.1111,-0.6665,0.2111,-0.8371,0.0,0.0,0.0,0.0,0.0,0.0,0.0,0.0,0.0,0.0,0.0,0.0,0.0,0.0,0.0,0.0,0.0,0.0,0.0,0.0,0.0,0.0,0.0,0.0,0.0,0.0,-0.0269,-0.6478,-0.0601,-0.7184,-0.1589,-0.5917,-0.2565,-0.9524,-0.2715,-1.0945,-0.2776,-0.9955,True,True,False,False,False,False,right,False,False,False,True,False,False,
video 02.mp4,372655f94428d157,42416,7750,8083,93,97,1.5404,0.3743,1.2755,1.0689,1.3378,1.3776,1.3548,1.7344,2.5063,1.4094,2.8249,1.6582,3.0733,1.8788,2.8532,1.1951,3.2506,1.4211,3.5599,1.6042,2.8561,1.0058,3.2268,1.1349,3.5197,1.2441,2.7014,0.831,2.9521,0.8449,3.1566,0.8555,1.523,0.3784,1.2783,1.0719,1.3406,1.3757,1.3465,1.7347,2.5062,1.4137,2.8202,1.6571,3.0678,1.879,2.8557,1.1692,3.247,1.3909,3.5483,1.5752,2.8539,0.952,3.2218,1.0753,3.5065,1.195,2.6801,0.7519,2.9296,0.754,3.1336,0.7728,1.4995,0.3746,1.2776,1.0769,1.3394,1.3803,1.3376,1.7346,2.501,1.417,2.8105,1.6562,3.0484,1.8774,2.8354,1.1581,3.2214,1.375,3.5038,1.5565,2.8295,0.9342,3.1881,1.0655,3.4549,1.1953,2.6417,0.6911,2.8931,0.6888,3.0944,0.7088,1.4798,0.3662,1.2637,1.0778,1.3301,1.3826,1.3249,1.7348,2.4819,1.4171,2.7917,1.6549,3.021,1.8733,2.8213,1.1598,3.2087,1.3686,3.4847,1.5429,2.8132,0.9629,3.159,1.0985,3.408,1.2374,2.5971,0.6534,2.848,0.633,3.0428,0.6451,1.4624,0.3604,1.2526,1.0733,1.3165,1.3791,1.3113,1.7262,2.4661,1.415,2.7736,1.6506,2.9998,1.8653,2.8018,1.1646,3.1911,1.3756,3.4654,1.5484,2.7887,0.9698,3.1373,1.1162,3.3895,1.2617,2.5686,0.6494,2.8152,0.6467,3.0053,0.6716,0.0,0.0,0.0,0.0,0.0,0.0,0.0,0.0,0.0,0.0,0.0,0.0,0.0,0.0,0.0,0.0,0.0,0.0,0.0,0.0,-0.0269,-0.6478,-0.0601,-0.7184,-0.1589,-0.5917,-0.2565,-0.9524,-0.2715,-1.0945,-0.2776,-0.9955,0.0,0.0,0.0,0.0,0.0,0.0,0.0,0.0,0.0,0.0,0.0,0.0,0.0,0.0,0.0,0.0,0.0,0.0,-0.5354,-0.2256,0.0,0.0,-0.4058,-0.1184,-0.6223,0.003,-0.4617,-0.733,-0.4397,-0.7852,-0.4719,-0.7714,0.0,0.0,0.0,0.0,0.0,0.0,0.0,0.0,0.0,0.0,0.0,0.0,0.0,0.0,0.0,0.0,0.0,0.0,0.0,0.0,0.0,0.0,-0.346,0.3932,-0.5585,0.502,-0.5312,-0.4493,-0.5372,-0.6647,-0.6139,-0.7582,0.0,0.0,0.0,0.0,0.0,0.0,0.0,0.0,0.0,0.0,0.0,0.0,0.0,0.0,0.0,0.0,0.0,0.0,0.0,0.0,0.0,0.0,0.0,0.0,0.0,0.0,0.0,0.0,-0.3943,0.1654,-0.4525,0.3189,False,False,False,True,False,False,right,False,False,False,True,False,False,
video 02.mp4,372655f94428d157,42416,8000,8333,96,100,1.4798,0.3662,1.2637,1.0778,1.3301,1.3826,1.3249,1.7348,2.4819,1.4171,2.7917,1.6549,3.021,1.8733,2.8213,1.1598,3.2087,1.3686,3.4847,1.5429,2.8132,0.9629,3.159,1.0985,3.408,1.2374,2.5971,0.6534,2.848,0.633,3.0428,0.6451,1.4624,0.3604,1.2526,1.0733,1.3165,1.3791,1.3113,1.7262,2.4661,1.415,2.7736,1.6506,2.9998,1.8653,2.8018,1.1646,3.1911,1.3756,3.4654,1.5484,2.7887,0.9698,3.1373,1.1162,3.3895,1.2617,2.5686,0.6494,2.8152,0.6467,3.0053,0.6716,1.4573,0.348,1.2471,1.0515,1.3041,1.3642,1.3072,1.7099,2.4556,1.4049,2.7571,1.6419,2.9811,1.8568,2.7856,1.1615,3.1714,1.3751,3.4419,1.5488,2.773,0.9699,3.1246,1.1219,3.3782,1.2676,2.5839,0.7009,2.8247,0.7415,3.0061,0.801,1.4504,0.347,1.2301,1.0449,1.2812,1.354,1.3041,1.7011,2.4512,1.3939,2.7573,1.6275,2.9925,1.8397,2.7616,1.1591,3.1492,1.3741,3.4252,1.5474,2.752,0.9688,3.1041,1.122,3.3585,1.2662,2.5842,0.7435,2.8203,0.8022,2.9972,0.8798,1.511,0.3995,1.2624,1.0642,1.3034,1.3736,1.3496,1.7428,2.5203,1.3128,2.8371,1.5184,3.0905,1.7217,2.8058,1.1789,3.1921,1.3863,3.4933,1.5676,2.803,1.0184,3.1629,1.1686,3.4296,1.3067,2.678,0.8292,2.9104,0.8806,3.1006,0.9473,0.0,0.0,0.0,0.0,0.0,0.0,0.0,0.0,0.0,0.0,0.0,0.0,0.0,0.0,0.0,0.0,0.0,0.0,0.0,0.0,0.0,0.0,0.0,0.0,0.0,0.0,0.0,0.0,-0.3943,0.1654,-0.4525,0.3189,0.0,0.0,0.0,0.0,0.0,0.0,0.0,0.0,0.0,0.0,0.0,0.0,0.0,0.0,0.0,0.0,0.0,0.0,0.0,0.0,0.0,0.0,0.0,0.0,0.0,0.0,0.1844,0.6202,0.114,1.1418,0.0096,1.5589,0.0,0.0,0.0,0.0,0.0,0.0,0.0,0.0,0.0,0.0,0.0,0.0,0.0,0.0,0.0,0.0,0.0,0.0,0.0,0.0,0.0,0.0,0.0,0.0,0.0,0.0,0.0045,0.5078,-0.0522,0.7224,-0.1051,0.9379,0.0,0.0,0.0,0.0,0.0,0.0,0.0,0.0,0.0,0.0,0.0,0.0,0.0,0.0,0.0,0.0,0.0,0.0,0.0,0.0,0.0,0.0,0.0,0.0,0.0,0.0,0.0,0.0,0.0,0.0,0.0,0.0,False,False,False,False,True,False,right,False,False,False,True,False,False,
video 02.mp4,372655f94428d157,42416,8250,8583,99,103,1.4504,0.347,1.2301,1.0449,1.2812,1.354,1.3041,1.7011,2.4512,1.3939,2.7573,1.6275,2.9925,1.8397,2.7616,1.1591,3.1492,1.3741,3.4252,1.5474,2.752,0.9688,3.1041,1.122,3.3585,1.2662,2.5842,0.7435,2.8203,0.8022,2.9972,0.8798,1.511,0.3995,1.2624,1.0642,1.3034,1.3736,1.3496,1.7428,2.5203,1.3128,2.8371,1.5184,3.0905,1.7217,2.8058,1.1789,3.1921,1.3863,3.4933,1.5676,2.803,1.0184,3.1629,1.1686,3.4296,1.3067,2.678,0.8292,2.9104,0.8806,3.1006,0.9473,1.5117,0.4082,1.2722,1.037,1.3145,1.3379,1.3571,1.6923,2.5448,1.2875,2.8702,1.4381,3.1356,1.5724,2.7967,1.1788,3.1677,1.3696,3.4542,1.5329,2.7974,1.0209,3.1394,1.1602,3.3901,1.2914,2.6677,0.8128,2.896,0.8658,3.0772,0.9344,1.5251,0.4209,1.2786,1.0123,1.3222,1.3004,1.3595,1.6404,2.5301,1.2535,2.8437,1.4199,3.0978,1.5851,2.7898,1.1635,3.1584,1.3559,3.4467,1.5299,2.8012,1.0147,3.1432,1.1511,3.3949,1.2859,2.6777,0.8057,2.9018,0.8616,3.0803,0.9324,1.6545,0.4089,1.3466,1.0549,1.4227,1.3393,1.4646,1.7058,2.6613,1.4271,2.9734,1.7129,3.2266,1.9808,3.094,1.0823,3.5226,1.2832,3.8607,1.4539,3.0715,0.912,3.4756,1.0014,3.7984,1.1021,2.8895,0.8096,3.157,0.8094,3.3817,0.8449,0.0,0.0,0.0,0.0,0.0,0.0,0.0,0.0,0.0,0.0,0.0,0.0,0.0,0.0,0.0,0.0,0.0,0.0,0.0,0.0,0.0,0.0,0.0,0.0,0.0,0.0,0.0,0.0,0.0,0.0,0.0,0.0,0.0,0.0,0.0,0.0,0.1338,-0.4303,0.09,-0.6086,0.2951,-0.3045,0.3989,-0.9664,0.5439,-1.7996,0.0,0.0,0.0,0.0,-0.472,-0.4176,0.0,0.0,0.0,0.0,-0.4749,-0.1844,0.0,0.0,0.0,0.0,0.0,0.0,0.0,0.0,0.0,0.0,0.0923,-0.4468,0.0294,-0.6177,-0.1748,-0.4046,0.0,0.0,-0.4494,0.1523,0.0,0.0,0.0,0.0,0.0,0.0,0.0,0.0,0.0,0.0,0.0,0.0,0.0,0.0,0.0,0.0,0.0,0.0,0.0,0.0,0.0,0.0,0.0,0.0,0.0,0.0,0.0,0.0,0.0,0.0,0.0,0.0,0.0,0.0,0.0,0.0,0.0,0.0,0.0,0.0,0.0,0.0,0.0,0.0,0.0,0.0,0.0,0.0,0.0,0.0,False,True,False,False,False,False,right,False,False,False,True,False,False,
video 02.mp4,372655f94428d157,42416,8500,8833,102,106,1.5251,0.4209,1.2786,1.0123,1.3222,1.3004,1.3595,1.6404,2.5301,1.2535,2.8437,1.4199,3.0978,1.5851,2.7898,1.1635,3.1584,1.3559,3.4467,1.5299,2.8012,1.0147,3.1432,1.1511,3.3949,1.2859,2.6777,0.8057,2.9018,0.8616,3.0803,0.9324,1.6545,0.4089,1.3466,1.0549,1.4227,1.3393,1.4646,1.7058,2.6613,1.4271,2.9734,1.7129,3.2266,1.9808,3.094,1.0823,3.5226,1.2832,3.8607,1.4539,3.0715,0.912,3.4756,1.0014,3.7984,1.1021,2.8895,0.8096,3.157,0.8094,3.3817,0.8449,1.633,0.4033,1.3458,1.0559,1.4152,1.3443,1.4643,1.7145,2.6558,1.4242,2.9538,1.7185,3.1967,1.994,3.1008,1.0671,3.5312,1.2602,3.8725,1.416,3.0635,0.8821,3.4635,0.9797,3.786,1.0879,2.8654,0.7513,3.1267,0.738,3.35,0.7725,1.6149,0.3939,1.3501,1.0675,1.4257,1.3618,1.4821,1.7326,2.6481,1.4251,2.9454,1.7163,3.1816,1.9894,3.0774,1.0834,3.4893,1.2988,3.8059,1.4782,3.0459,0.8716,3.4366,0.9785,3.7437,1.0939,2.8262,0.7019,3.0875,0.686,3.3109,0.7104,1.4761,0.3596,1.2698,1.0229,1.3481,1.3215,1.4047,1.6726,2.509,1.3479,2.7949,1.6072,3.0092,1.8552,2.7903,1.1405,3.153,1.3865,3.4227,1.6024,2.8052,0.905,3.1704,1.0424,3.4535,1.1939,2.614,0.6291,2.8604,0.6319,3.0724,0.6702,0.0,0.0,0.0,0.0,0.0,0.0,0.0,0.0,0.0,0.0,0.0,0.0,0.0,0.0,0.0,0.0,0.0,0.0,0.0,0.0,0.0,0.0,0.0,0.0,0.0,0.0,0.0,0.0,0.0,0.0,0.0,0.0,0.0,0.0,0.0,0.0,0.0,0.0,0.0,0.0,0.0,0.0,0.0,0.0,0.0,0.0,0.0,0.0,0.0,0.0,0.1424,-0.4573,0.0,0.0,0.0,0.0,0.0,0.0,-0.2909,-0.7021,-0.3649,-0.8608,-0.381,-0.8728,0.0,0.0,0.0,0.0,0.0,0.0,0.0,0.0,0.0,0.0,0.0,0.0,0.0,0.0,0.0,0.0,-0.4993,0.4603,-0.7922,0.741,0.0,0.0,0.0,0.0,-0.5035,0.0721,-0.4666,-0.5882,-0.4665,-0.6193,-0.4663,-0.7385,0.0,0.0,0.0,0.0,0.0,0.0,0.0,0.0,0.0,0.0,0.0,0.0,0.0,0.0,0.0,0.0,0.0,0.0,0.0,0.0,0.0,0.0,0.0,0.0,0.0,0.0,0.0,0.0,0.0,0.0,0.0,0.0,False,True,False,False,False,False,right,False,False,False,True,False,False,
video 02.mp4,372655f94428d157,42416,8750,9083,105,109,1.6149,0.3939,1.3501,1.0675,1.4257,1.3618,1.4821,1.7326,2.6481,1.4251,2.9454,1.7163,3.1816,1.9894,3.0774,1.0834,3.4893,1.2988,3.8059,1.4782,3.0459,0.8716,3.4366,0.9785,3.7437,1.0939,2.8262,0.7019,3.0875,0.686,3.3109,0.7104,1.4761,0.3596,1.2698,1.0229,1.3481,1.3215,1.4047,1.6726,2.509,1.3479,2.7949,1.6072,3.0092,1.8552,2.7903,1.1405,3.153,1.3865,3.4227,1.6024,2.8052,0.905,3.1704,1.0424,3.4535,1.1939,2.614,0.6291,2.8604,0.6319,3.0724,0.6702,1.479,0.35,1.2681,1.0239,1.346,1.3332,1.4,1.6828,2.4923,1.3367,2.7814,1.5892,2.9979,1.8313,2.7689,1.1523,3.1246,1.4004,3.3956,1.6238,2.7888,0.9298,3.1324,1.0874,3.3946,1.2566,2.6014,0.6245,2.843,0.6356,3.0465,0.6789,1.4971,0.3649,1.2535,1.0252,1.3204,1.3337,1.367,1.6829,2.4718,1.3276,2.7576,1.5914,2.9706,1.8411,2.771,1.1535,3.127,1.4068,3.3983,1.6345,2.7932,0.9411,3.1299,1.1109,3.382,1.2904,2.6203,0.6434,2.8498,0.683,3.0367,0.7592,1.5439,0.361,1.255,1.0342,1.3051,1.3612,1.3311,1.7106,2.4993,1.3955,2.783,1.6846,2.9944,1.9421,2.8902,1.1125,3.2678,1.3239,3.5432,1.5119,2.9032,0.9317,3.2562,1.0964,3.517,1.2591,2.718,0.7043,2.9642,0.761,3.1553,0.8433,0.0,0.0,0.0,0.0,0.0,0.0,0.0,0.0,0.0,0.0,0.0,0.0,0.0,0.0,0.0,0.0,0.0,0.0,0.0,0.0,0.0,0.0,0.0,0.0,0.0,0.0,0.0,0.0,0.0,0.0,0.0,0.0,0.0,0.0,0.0,0.0,0.0,0.0,0.0,0.0,0.0,0.0,0.0,0.0,0.0,0.0,0.0,0.0,0.0,0.0,-0.3261,0.2581,0.0,0.0,-0.4588,0.5414,-0.7102,0.7558,0.0,0.0,0.0,0.0,0.0,0.0,0.0,0.0,0.0,0.0,0.0,0.0,0.0,0.0,0.0,0.0,0.0,0.0,0.0,0.0,0.0,0.0,0.0,0.0,0.0,0.0,0.0,0.0,0.0,0.0,-0.1494,0.4018,0.0,0.0,0.0814,0.5637,-0.1162,0.9565,0.0,0.0,0.0,0.0,0.0,0.0,0.0,0.0,0.0,0.0,0.0,0.0,0.0,0.0,0.0,0.0,0.0,0.0,0.0,0.0,0.0,0.0,0.0,0.0,0.0,0.0,0.0,0.0,0.0,0.0,0.0,0.0,True,True,True,True,False,False,right,False,False,False,True,False,False,
video 02.mp4,372655f94428d157,42416,9000,9333,108,112,1.4971,0.3649,1.2535,1.0252,1.3204,1.3337,1.367,1.6829,2.4718,1.3276,2.7576,1.5914,2.9706,1.8411,2.771,1.1535,3.127,1.4068,3.3983,1.6345,2.7932,0.9411,3.1299,1.1109,3.382,1.2904,2.6203,0.6434,2.8498,0.683,3.0367,0.7592,1.5439,0.361,1.255,1.0342,1.3051,1.3612,1.3311,1.7106,2.4993,1.3955,2.783,1.6846,2.9944,1.9421,2.8902,1.1125,3.2678,1.3239,3.5432,1.5119,2.9032,0.9317,3.2562,1.0964,3.517,1.2591,2.718,0.7043,2.9642,0.761,3.1553,0.8433,1.547,0.3584,1.2366,1.0525,1.2966,1.3727,1.3336,1.7275,2.4601,1.3961,2.7415,1.6938,2.9767,1.9567,2.9073,1.011,3.2935,1.2212,3.5939,1.4187,2.9161,0.8506,3.274,1.0246,3.5373,1.1927,2.7938,0.732,3.0398,0.7996,3.218,0.9,1.5403,0.3634,1.2514,1.0756,1.305,1.3996,1.3437,1.751,2.4664,1.4091,2.7426,1.7062,2.97,1.9711,2.9108,1.024,3.2965,1.2499,3.5939,1.4529,2.9071,0.8323,3.2666,0.9926,3.5367,1.1656,2.7612,0.6732,3.0075,0.7024,3.1923,0.7862,1.5251,0.3722,1.2451,1.0852,1.2948,1.4123,1.338,1.7599,2.4738,1.427,2.7551,1.7114,2.9756,1.9675,2.862,1.1252,3.2171,1.4171,3.4538,1.6642,2.8946,0.9412,3.2149,1.1734,3.4245,1.4151,2.705,0.616,2.942,0.6374,3.12,0.716,0.0,0.0,0.0,0.0,0.0,0.0,0.0,0.0,0.0,0.0,0.0,0.0,0.0,0.0,0.0,0.0,0.0,0.0,0.0,0.0,0.0,0.0,0.0,0.0,0.0,0.0,0.0,0.0,0.0,0.0,0.0,0.0,0.0,0.0,0.0,0.0,0.0,0.0,0.0,0.0,-0.4723,0.0071,-0.4998,0.1112,0.0,0.0,0.2057,-1.2237,0.3087,-1.2372,0.6107,-1.1233,0.1554,-0.9768,0.2154,-0.8654,0.2445,-0.8001,0.9128,0.3337,0.9118,0.4642,0.7563,0.6833,0.0,0.0,0.0,0.0,0.0,0.0,0.0,0.0,0.0,0.0,0.0,0.0,0.0,0.0,0.0,0.0,0.0,0.0,-0.0006,0.4072,0.0,0.0,0.0,0.0,0.0,0.0,-0.3883,-0.7003,-0.3854,-1.1573,-0.3059,-1.3549,0.0,0.0,0.0,0.0,0.0,0.0,0.0,0.0,0.0,0.0,0.0,0.0,0.0,0.0,-0.5877,1.2187,-0.9571,2.0137,-1.6883,2.5462,-0.1505,1.3127,-0.6224,2.1776,-1.3519,3.005,-0.6774,-0.6893,-0.7886,-0.7822,-0.8713,-0.8452,False,False,True,True,False,False,right,False,False,False,True,False,False,
video 02.mp4,372655f94428d157,42416,9250,9583,111,115,1.5403,0.3634,1.2514,1.0756,1.305,1.3996,1.3437,1.751,2.4664,1.4091,2.7426,1.7062,2.97,1.9711,2.9108,1.024,3.2965,1.2499,3.5939,1.4529,2.9071,0.8323,3.2666,0.9926,3.5367,1.1656,2.7612,0.6732,3.0075,0.7024,3.1923,0.7862,1.5251,0.3722,1.2451,1.0852,1.2948,1.4123,1.338,1.7599,2.4738,1.427,2.7551,1.7114,2.9756,1.9675,2.862,1.1252,3.2171,1.4171,3.4538,1.6642,2.8946,0.9412,3.2149,1.1734,3.4245,1.4151,2.705,0.616,2.942,0.6374,3.12,0.716,1.5159,0.3754,1.239,1.0865,1.2842,1.4122,1.3278,1.7589,2.4741,1.4273,2.7613,1.7093,2.9796,1.9646,2.8212,1.1681,3.1752,1.4669,3.4226,1.7234,2.8663,0.9778,3.1758,1.2147,3.3878,1.4579,2.6626,0.5984,2.8979,0.6158,3.084,0.6838,1.4936,0.3718,1.2199,1.053,1.2585,1.378,1.299,1.7188,2.4278,1.3785,2.7274,1.6453,2.9498,1.8917,2.721,1.1943,3.062,1.4837,3.3134,1.7452,2.7742,0.997,3.071,1.2365,3.2826,1.4776,2.588,0.5682,2.817,0.5908,3.0007,0.6522,1.5096,0.4121,1.2368,1.0564,1.2695,1.3904,1.3113,1.7333,2.4423,1.2548,2.7385,1.4414,2.9688,1.6201,2.721,1.1912,3.0567,1.4539,3.3187,1.6902,2.7702,1.0123,3.0673,1.2269,3.2883,1.4415,2.6155,0.6237,2.8401,0.6487,3.0233,0.7049,0.0,0.0,0.0,0.0,0.0,0.0,0.0,0.0,0.0,0.0,0.0,0.0,0.0,0.0,-0.5877,1.2187,-0.9571,2.0137,-1.6883,2.5462,-0.1505,1.3127,-0.6224,2.1776,-1.3519,3.005,-0.6774,-0.6893,-0.7886,-0.7822,-0.8713,-0.8452,0.0,0.0,0.0,0.0,0.0,0.0,0.0,0.0,0.0,0.0,0.0,0.0,0.0,0.0,-0.492,0.5168,-0.5048,0.6007,-0.3757,0.7127,-0.3406,0.4402,-0.4713,0.4977,-0.4414,0.5156,-0.5108,-0.2116,-0.5311,-0.2608,-0.4337,-0.3889,0.0,0.0,0.0,0.0,0.0,0.0,0.0,0.0,0.0,0.0,0.0,0.0,0.0,0.0,0.0,0.0,0.0,0.0,0.0,0.0,0.0,0.0,0.0,0.0,0.0,0.0,0.0,0.0,0.0,0.0,0.0,0.0,0.1921,0.485,0.0,0.0,0.0,0.0,0.0,0.0,0.1745,-1.4904,0.1334,-2.4562,0.2294,-3.2722,0.0,0.0,0.0,0.0,0.0633,-0.6622,0.0,0.0,0.0,0.0,0.068,-0.4349,0.3317,0.6681,0.2777,0.6981,0.2719,0.6356,False,False,True,True,False,False,right,False,False,False,True,False,False,
video 02.mp4,372655f94428d157,42416,9500,9833,114,118,1.4936,0.3718,1.2199,1.053,1.2585,1.378,1.299,1.7188,2.4278,1.3785,2.7274,1.6453,2.9498,1.8917,2.721,1.1943,3.062,1.4837,3.3134,1.7452,2.7742,0.997,3.071,1.2365,3.2826,1.4776,2.588,0.5682,2.817,0.5908,3.0007,0.6522,1.5096,0.4121,1.2368,1.0564,1.2695,1.3904,1.3113,1.7333,2.4423,1.2548,2.7385,1.4414,2.9688,1.6201,2.721,1.1912,3.0567,1.4539,3.3187,1.6902,2.7702,1.0123,3.0673,1.2269,3.2883,1.4415,2.6155,0.6237,2.8401,0.6487,3.0233,0.7049,1.8122,0.5488,1.4082,1.2915,1.4634,1.6468,1.5492,2.0474,2.7092,1.2303,3.0985,1.4322,3.4311,1.6397,3.1053,1.3153,3.5062,1.6513,3.8512,1.9534,3.1699,1.1778,3.5113,1.4719,3.7481,1.7372,3.0751,0.8213,3.3311,0.8486,3.5473,0.9015,1.7955,0.4967,1.4072,1.2888,1.4567,1.648,1.5439,2.0498,2.7061,1.5168,3.0495,1.866,3.3077,2.1705,3.1048,1.3382,3.4923,1.6857,3.7943,1.9802,3.1825,1.1773,3.5327,1.4754,3.7765,1.7485,3.0647,0.7835,3.3262,0.8106,3.542,0.8815,1.7273,0.4601,1.3919,1.2714,1.4517,1.6369,1.5302,2.0337,2.6966,1.5505,3.0118,1.9012,3.2422,2.2061,3.1155,1.3139,3.5158,1.622,3.8215,1.8688,3.1776,1.1219,3.55,1.3627,3.8229,1.591,3.0188,0.7625,3.2939,0.7866,3.5123,0.8587,0.1921,0.485,0.0,0.0,0.0,0.0,0.0,0.0,0.1745,-1.4904,0.1334,-2.4562,0.2294,-3.2722,0.0,0.0,0.0,0.0,0.0633,-0.6622,0.0,0.0,0.0,0.0,0.068,-0.4349,0.3317,0.6681,0.2777,0.6981,0.2719,0.6356,0.0,0.0,0.0,0.0,0.0,0.0,0.0,0.0,0.0,0.0,0.0,0.0,0.0,0.0,0.0,0.0,0.0,0.0,0.0,0.0,0.0,0.0,0.0,0.0,0.0,0.0,0.0,0.0,0.0,0.0,0.0,0.0,-0.1986,-0.6199,0.0,0.0,0.0,0.0,0.0,0.0,-0.0365,3.411,-0.583,5.1641,-1.4687,6.3197,0.0,0.0,-0.1663,0.4099,-0.6771,0.319,0.0,0.0,0.0,0.0,0.0,0.0,-0.1238,-0.4495,-0.0576,-0.4525,0.0,0.0,-0.8226,-0.4412,0.0,0.0,0.0,0.0,0.0,0.0,-0.1145,0.4062,-0.4548,0.4234,-0.7891,0.4285,0.0,0.0,0.2836,-0.768,0.3274,-1.3421,-0.0598,-0.6675,0.2081,-1.3577,0.5581,-1.8983,-0.5528,-0.2533,-0.3901,-0.2893,-0.3575,-0.274,False,False,False,False,False,False,right,False,False,False,True,True,False,
video 02.mp4,372655f94428d157,42416,9750,10083,117,121,1.7955,0.4967,1.4072,1.2888,1.4567,1.648,1.5439,2.0498,2.7061,1.5168,3.0495,1.866,3.3077,2.1705,3.1048,1.3382,3.4923,1.6857,3.7943,1.9802,3.1825,1.1773,3.5327,1.4754,3.7765,1.7485,3.0647,0.7835,3.3262,0.8106,3.542,0.8815,1.7273,0.4601,1.3919,1.2714,1.4517,1.6369,1.5302,2.0337,2.6966,1.5505,3.0118,1.9012,3.2422,2.2061,3.1155,1.3139,3.5158,1.622,3.8215,1.8688,3.1776,1.1219,3.55,1.3627,3.8229,1.591,3.0188,0.7625,3.2939,0.7866,3.5123,0.8587,1.6958,0.4495,1.387,1.2532,1.4523,1.6156,1.5322,2.0014,2.6659,1.5555,2.9502,1.8967,3.1844,2.197,3.1473,1.1831,3.5727,1.4187,3.9227,1.6143,3.1759,0.9512,3.5728,1.1088,3.8927,1.285,3.0079,0.7256,3.2849,0.7343,3.5138,0.8032,1.7058,0.4494,1.3798,1.2368,1.4438,1.5986,1.5335,1.9916,2.6264,1.5435,2.9088,1.8895,3.1545,2.2031,3.1664,1.0892,3.592,1.328,3.931,1.5565,3.1725,0.8779,3.5773,1.0521,3.8827,1.2402,3.0211,0.7427,3.2913,0.7585,3.519,0.8322,1.6889,0.4497,1.3623,1.2313,1.4235,1.5813,1.5085,1.967,2.6216,1.5292,2.9257,1.8701,3.1601,2.1702,3.1014,1.1513,3.4994,1.4189,3.7551,1.6985,3.1461,0.9382,3.5132,1.1492,3.7303,1.4401,2.9709,0.6929,3.2118,0.7601,3.3636,0.8817,-0.8226,-0.4412,0.0,0.0,0.0,0.0,0.0,0.0,-0.1145,0.4062,-0.4548,0.4234,-0.7891,0.4285,0.0,0.0,0.2836,-0.768,0.3274,-1.3421,-0.0598,-0.6675,0.2081,-1.3577,0.5581,-1.8983,-0.5528,-0.2533,-0.3901,-0.2893,-0.3575,-0.274,-0.3792,-0.1276,0.0,0.0,0.0,0.0,0.0,0.0,0.0,0.0,-0.742,-0.0544,-0.6969,-0.1098,0.3832,-1.5755,0.6855,-2.4493,1.2196,-3.0661,-0.0203,-2.0565,0.2752,-3.0588,0.8412,-3.6871,-0.1304,-0.4448,-0.108,-0.6294,0.0182,-0.6695,0.0,0.0,0.0,0.0,0.0,0.0,0.0,0.0,-0.4698,-0.1427,-0.4935,-0.0857,0.0,0.0,0.2274,-1.1181,0.2298,-1.0795,0.0991,-0.6883,-0.0398,-0.8719,0.053,-0.6747,-0.1192,-0.5324,0.0,0.0,0.0,0.0,0.0,0.0,0.0,0.0,0.0,0.0,0.0,0.0,-0.3007,-0.2955,0.0,0.0,0.0,0.0,0.0673,-0.3972,-0.7831,0.748,-1.1161,1.0946,-2.1199,1.7116,-0.3181,0.7264,-0.7719,1.1693,-1.8353,2.4076,-0.6048,-0.601,-0.9587,0.0191,-1.8732,0.5964,False,False,False,False,False,False,right,False,False,False,True,True,False,
video 02.mp4,372655f94428d157,42416,10000,10333,120,124,1.7058,0.4494,1.3798,1.2368,1.4438,1.5986,1.5335,1.9916,2.6264,1.5435,2.9088,1.8895,3.1545,2.2031,3.1664,1.0892,3.592,1.328,3.931,1.5565,3.1725,0.8779,3.5773,1.0521,3.8827,1.2402,3.0211,0.7427,3.2913,0.7585,3.519,0.8322,1.6889,0.4497,1.3623,1.2313,1.4235,1.5813,1.5085,1.967,2.6216,1.5292,2.9257,1.8701,3.1601,2.1702,3.1014,1.1513,3.4994,1.4189,3.7551,1.6985,3.1461,0.9382,3.5132,1.1492,3.7303,1.4401,2.9709,0.6929,3.2118,0.7601,3.3636,0.8817,1.6871,0.432,1.3614,1.2089,1.4232,1.5626,1.502,1.9463,2.6438,1.4545,2.9553,1.7651,3.1849,2.0424,3.0509,1.1801,3.4245,1.5056,3.6515,1.7923,3.1181,0.9703,3.4692,1.2495,3.6771,1.5397,2.9336,0.6702,3.1664,0.7566,3.3213,0.8867,1.6824,0.4178,1.3621,1.1926,1.4267,1.5547,1.5026,1.9368,2.6456,1.4093,2.9578,1.7095,3.18,1.9845,3.0201,1.1913,3.3876,1.5254,3.6159,1.8135,3.0951,0.9917,3.4391,1.2796,3.6486,1.5652,2.9095,0.6598,3.1401,0.7534,3.2997,0.8901,1.6933,0.4235,1.3585,1.1681,1.4253,1.5097,1.5096,1.8986,2.6518,1.4285,2.9622,1.7536,3.1859,2.0558,3.0321,1.1849,3.3932,1.5364,3.6186,1.8281,3.1104,0.9921,3.45,1.3091,3.6483,1.6041,3.004,0.8365,3.2331,1.0417,3.3488,1.261,0.0,0.0,0.0,0.0,0.0,0.0,-0.3007,-0.2955,0.0,0.0,0.0,0.0,0.0673,-0.3972,-0.7831,0.748,-1.1161,1.0946,-2.1199,1.7116,-0.3181,0.7264,-0.7719,1.1693,-1.8353,2.4076,-0.6048,-0.601,-0.9587,0.0191,-1.8732,0.5964,0.0,0.0,0.0,0.0,0.0,0.0,0.0,0.0,0.2677,-0.9008,0.3566,-1.264,0.2987,-1.5399,-0.6082,0.3473,-0.9017,1.0452,-1.2482,1.13,-0.3374,0.3862,-0.5295,1.2094,-0.6418,1.2008,-0.4491,-0.273,-0.5463,-0.0423,-0.5089,0.0598,0.0,0.0,0.0,0.0,0.0,0.0,0.0,0.0,0.0217,-0.5381,0.0292,-0.6627,-0.0577,-0.6886,0.0,0.0,-0.4399,0.2351,-0.4235,0.2519,0.0,0.0,-0.3589,0.3582,-0.3386,0.3034,0.0,0.0,0.0,0.0,0.0,0.0,0.0,0.0,0.0,0.0,-0.0177,-0.5422,0.0853,-0.4607,0.0,0.0,0.0526,0.5314,0.071,0.859,0.0,0.0,0.0,0.0,0.0,0.0,0.0,0.0,0.0,0.0,-0.0037,0.4685,1.1387,2.1293,1.1215,3.4733,0.5917,4.4695,False,False,False,False,False,False,right,False,False,False,False,False,False,
video 02.mp4,372655f94428d157,42416,10250,10583,123,127,1.6824,0.4178,1.3621,1.1926,1.4267,1.5547,1.5026,1.9368,2.6456,1.4093,2.9578,1.7095,3.18,1.9845,3.0201,1.1913,3.3876,1.5254,3.6159,1.8135,3.0951,0.9917,3.4391,1.2796,3.6486,1.5652,2.9095,0.6598,3.1401,0.7534,3.2997,0.8901,1.6933,0.4235,1.3585,1.1681,1.4253,1.5097,1.5096,1.8986,2.6518,1.4285,2.9622,1.7536,3.1859,2.0558,3.0321,1.1849,3.3932,1.5364,3.6186,1.8281,3.1104,0.9921,3.45,1.3091,3.6483,1.6041,3.004,0.8365,3.2331,1.0417,3.3488,1.261,1.7063,0.4182,1.3585,1.1567,1.4298,1.5014,1.5254,1.8833,2.6507,1.4452,2.9557,1.7986,3.183,2.1044,3.0357,1.184,3.385,1.549,3.6094,1.8478,3.1218,1.004,3.456,1.3428,3.6552,1.6499,3.0688,0.918,3.3169,1.1589,3.4469,1.405,1.7164,0.4207,1.3503,1.1651,1.4276,1.5152,1.5297,1.9021,2.6463,1.4538,2.9466,1.819,3.1774,2.128,3.0389,1.1871,3.3853,1.5553,3.6149,1.8529,3.1358,1.0217,3.4694,1.3646,3.6734,1.6707,3.1026,0.959,3.3696,1.1892,3.5286,1.4239,1.7101,0.416,1.3502,1.1689,1.4289,1.5188,1.5279,1.9049,2.645,1.4901,2.9415,1.8444,3.1755,2.1436,3.0365,1.2492,3.3911,1.5907,3.6408,1.8667,3.1146,1.0844,3.4662,1.3794,3.7042,1.6472,3.0635,0.9719,3.3349,1.1296,3.5243,1.327,0.0,0.0,0.0,0.0,-0.0177,-0.5422,0.0853,-0.4607,0.0,0.0,0.0526,0.5314,0.071,0.859,0.0,0.0,0.0,0.0,0.0,0.0,0.0,0.0,0.0,0.0,-0.0037,0.4685,1.1387,2.1293,1.1215,3.4733,0.5917,4.4695,0.0,0.0,0.0,0.0,0.0,0.0,0.0,0.0,0.0,0.0,-0.078,0.5419,-0.0355,0.5847,0.0,0.0,0.0,0.0,0.0,0.0,0.0,0.0,0.0724,0.4058,0.0834,0.5518,0.7813,0.9817,1.0095,1.4117,1.1821,1.7338,0.0,0.0,0.0,0.0,0.0,0.0,0.0,0.0,0.0,0.0,0.0,0.0,0.0,0.0,0.0,0.0,0.0,0.0,0.0,0.0,0.0,0.0,0.0,0.0,0.0,0.0,0.4026,0.4884,0.6267,0.3612,0.9726,0.226,0.0,0.0,0.0,0.0,0.0,0.0,0.0,0.0,-0.0155,0.4368,0.0,0.0,0.0,0.0,-0.0287,0.7479,0.0707,0.4261,0.0,0.0,-0.2549,0.7561,0.0,0.0,0.3711,-0.283,-0.4722,0.1547,-0.4181,-0.7188,-0.0522,-1.1679,False,False,False,False,False,False,right,False,False,False,True,True,False,
video 02.mp4,372655f94428d157,42416,10500,10833,126,130,1.7164,0.4207,1.3503,1.1651,1.4276,1.5152,1.5297,1.9021,2.6463,1.4538,2.9466,1.819,3.1774,2.128,3.0389,1.1871,3.3853,1.5553,3.6149,1.8529,3.1358,1.0217,3.4694,1.3646,3.6734,1.6707,3.1026,0.959,3.3696,1.1892,3.5286,1.4239,1.7101,0.416,1.3502,1.1689,1.4289,1.5188,1.5279,1.9049,2.645,1.4901,2.9415,1.8444,3.1755,2.1436,3.0365,1.2492,3.3911,1.5907,3.6408,1.8667,3.1146,1.0844,3.4662,1.3794,3.7042,1.6472,3.0635,0.9719,3.3349,1.1296,3.5243,1.327,1.7085,0.4128,1.3516,1.1659,1.4312,1.5216,1.5203,1.9087,2.6272,1.5115,2.9265,1.8553,3.173,2.1482,3.0311,1.2862,3.3968,1.6012,3.6857,1.8575,3.1074,1.1171,3.4769,1.3714,3.7648,1.6004,3.0341,0.9824,3.3158,1.1053,3.5231,1.2024,1.6963,0.4215,1.3454,1.1659,1.4249,1.5189,1.5273,1.9019,2.6267,1.5179,2.9235,1.8546,3.1661,2.1435,3.0183,1.3141,3.3963,1.6123,3.6959,1.8494,3.0905,1.1487,3.4695,1.3722,3.7623,1.5624,2.9935,0.9739,3.2805,1.0509,3.5065,1.0846,1.6922,0.4215,1.3346,1.1517,1.4192,1.4995,1.5393,1.8745,2.6171,1.5083,2.9206,1.8437,3.1655,2.1329,3.0147,1.3265,3.3987,1.6265,3.7107,1.8606,3.0825,1.1525,3.4677,1.369,3.7693,1.551,2.9701,0.9521,3.2562,0.9719,3.4926,0.9798,0.0,0.0,0.0,0.0,0.0,0.0,0.0,0.0,-0.0155,0.4368,0.0,0.0,0.0,0.0,-0.0287,0.7479,0.0707,0.4261,0.0,0.0,-0.2549,0.7561,0.0,0.0,0.3711,-0.283,-0.4722,0.1547,-0.4181,-0.7188,-0.0522,-1.1679,0.0,0.0,0.0,0.0,0.0,0.0,0.0,0.0,0.0,0.0,0.0,0.0,0.0,0.0,-0.0645,0.4456,0.0,0.0,0.5412,-0.1113,-0.0863,0.394,0.0,0.0,0.7307,-0.5642,0.0,0.0,0.0,0.0,-0.0134,-1.5017,0.0,0.0,0.0,0.0,0.0,0.0,0.0,0.0,0.0,0.0,0.0,0.0,0.0,0.0,0.0,0.0,0.0,0.0,0.0,0.0,-0.202,0.3759,0.0,0.0,-0.0305,-0.4524,-0.4835,-0.101,-0.4201,-0.6481,-0.1977,-1.4016,0.0,0.0,0.0,0.0,0.0,0.0,0.0,0.0,0.0,0.0,0.0,0.0,0.0,0.0,0.0,0.0,0.0,0.0,0.0,0.0,0.0,0.0,0.0,0.0,0.0,0.0,0.0,0.0,-0.2936,-0.9516,-0.1685,-1.2625,False,False,False,False,False,False,right,False,False,False,True,True,False,
video 02.mp4,372655f94428d157,42416,10750,11083,129,133,1.6963,0.4215,1.3454,1.1659,1.4249,1.5189,1.5273,1.9019,2.6267,1.5179,2.9235,1.8546,3.1661,2.1435,3.0183,1.3141,3.3963,1.6123,3.6959,1.8494,3.0905,1.1487,3.4695,1.3722,3.7623,1.5624,2.9935,0.9739,3.2805,1.0509,3.5065,1.0846,1.6922,0.4215,1.3346,1.1517,1.4192,1.4995,1.5393,1.8745,2.6171,1.5083,2.9206,1.8437,3.1655,2.1329,3.0147,1.3265,3.3987,1.6265,3.7107,1.8606,3.0825,1.1525,3.4677,1.369,3.7693,1.551,2.9701,0.9521,3.2562,0.9719,3.4926,0.9798,1.6874,0.4263,1.3253,1.1412,1.4041,1.4775,1.5239,1.8471,2.596,1.5127,2.9023,1.8457,3.1578,2.1336,2.9911,1.3457,3.3837,1.6412,3.7099,1.872,3.0505,1.1612,3.4351,1.3647,3.7502,1.5316,2.9423,0.9135,3.2184,0.899,3.4591,0.8902,1.6882,0.4374,1.3139,1.1148,1.3703,1.4411,1.4587,1.8291,2.5707,1.5185,2.8769,1.8447,3.1346,2.1288,2.9618,1.3689,3.3557,1.651,3.6905,1.8732,3.0267,1.1855,3.4031,1.3747,3.7168,1.5389,2.9206,0.8937,3.1913,0.8743,3.4313,0.8664,1.5353,0.429,1.2092,0.9547,1.2445,1.2533,1.2698,1.6001,2.3884,1.4173,2.666,1.6632,2.8946,1.8818,2.6694,1.3109,2.9981,1.5236,3.2798,1.7038,2.7404,1.1201,3.053,1.2598,3.3128,1.3918,2.6391,0.8387,2.8664,0.8859,3.059,0.9408,0.0,0.0,0.0,0.0,0.0,0.0,0.0,0.0,0.0,0.0,0.0,0.0,0.0,0.0,0.0,0.0,0.0,0.0,0.0,0.0,0.0,0.0,0.0,0.0,0.0,0.0,0.0,0.0,-0.2936,-0.9516,-0.1685,-1.2625,0.0,0.0,0.0,0.0,0.0,0.0,0.0,0.0,0.0,0.0,0.0,0.0,0.0,0.0,0.0,0.0,0.0,0.0,0.0,0.0,0.0,0.0,0.0,0.0,0.0,0.0,-0.3351,-0.4645,-0.4547,-0.8785,-0.4034,-1.0798,0.0,0.0,0.0,0.0,-0.4026,-0.4323,-0.7766,-0.215,0.0,0.0,0.0,0.0,0.0,0.0,-0.3492,0.2754,0.0,0.0,0.0,0.0,-0.2837,0.2894,0.0,0.0,-0.3974,0.0866,0.0,0.0,-0.323,-0.2944,-0.3309,-0.2835,0.0,0.0,0.0,0.0,0.0,0.0,0.0,0.0,0.0,0.0,0.0,0.0,0.0,0.0,0.0,0.0,0.0,0.0,0.0,0.0,0.0,0.0,0.0,0.0,0.0,0.0,0.0,0.0,0.0,0.0,0.0,0.0,False,False,True,True,False,False,right,False,False,False,True,False,False,
video 02.mp4,372655f94428d157,42416,11000,11333,132,136,1.6882,0.4374,1.3139,1.1148,1.3703,1.4411,1.4587,1.8291,2.5707,1.5185,2.8769,1.8447,3.1346,2.1288,2.9618,1.3689,3.3557,1.651,3.6905,1.8732,3.0267,1.1855,3.4031,1.3747,3.7168,1.5389,2.9206,0.8937,3.1913,0.8743,3.4313,0.8664,1.5353,0.429,1.2092,0.9547,1.2445,1.2533,1.2698,1.6001,2.3884,1.4173,2.666,1.6632,2.8946,1.8818,2.6694,1.3109,2.9981,1.5236,3.2798,1.7038,2.7404,1.1201,3.053,1.2598,3.3128,1.3918,2.6391,0.8387,2.8664,0.8859,3.059,0.9408,1.5352,0.4312,1.2109,0.9611,1.2359,1.2645,1.257,1.6059,2.3869,1.3078,2.6659,1.5045,2.8981,1.6908,2.6728,1.2777,3.0028,1.5005,3.2894,1.6979,2.7421,1.117,3.0543,1.2741,3.3097,1.4261,2.6579,0.8424,2.8907,0.8948,3.0918,0.9513,1.5866,0.4219,1.2566,1.0859,1.2605,1.4221,1.2782,1.775,2.5087,1.3789,2.8105,1.63,3.0533,1.8637,2.8356,1.2278,3.1937,1.4845,3.4785,1.7083,2.9142,1.0195,3.2663,1.1752,3.5475,1.3292,2.7734,0.8043,3.0139,0.8561,3.2227,0.9174,1.5885,0.4364,1.2499,1.0973,1.2596,1.4241,1.287,1.7853,2.4717,1.3484,2.7732,1.6,3.0191,1.8366,2.8288,1.1844,3.192,1.431,3.4879,1.6529,2.9009,0.9885,3.264,1.141,3.5501,1.2917,2.782,0.8044,3.0273,0.8555,3.2407,0.9229,0.0,0.0,0.0,0.0,0.0,0.0,0.0,0.0,0.0,0.0,0.0,0.0,0.0,0.0,0.0,0.0,0.0,0.0,0.0,0.0,0.0,0.0,0.0,0.0,0.0,0.0,0.0,0.0,0.0,0.0,0.0,0.0,0.0,0.0,0.0,0.0,0.0,0.0,0.0,0.0,-0.019,-1.3195,-0.0006,-1.9115,0.0415,-2.3009,0.0412,-0.3989,0.0,0.0,0.0,0.0,0.0,0.0,0.0,0.0,-0.0371,0.4123,0.0,0.0,0.0,0.0,0.3952,0.1266,0.0,0.0,0.0,0.0,0.0,0.0,0.0,0.0,0.0,0.0,0.0,0.0,0.0,0.0,0.0,0.0,0.0,0.0,0.0,0.0,0.0,0.0,0.0,0.0,0.0,0.0,0.0,0.0,0.0,0.0,0.0,0.0,0.0,0.0,0.0,0.0,0.0,0.0,0.0,0.0,-0.4468,-0.3674,-0.449,-0.3615,-0.4121,-0.3274,-0.0823,-0.5223,-0.0203,-0.6446,0.1135,-0.6668,-0.1599,-0.3736,-0.0272,-0.4123,0.0306,-0.4513,0.0,0.0,0.0,0.0,0.0,0.0,False,False,False,False,True,False,right,False,False,False,True,False,False,
video 02.mp4,372655f94428d157,42416,11250,11583,135,139,1.5866,0.4219,1.2566,1.0859,1.2605,1.4221,1.2782,1.775,2.5087,1.3789,2.8105,1.63,3.0533,1.8637,2.8356,1.2278,3.1937,1.4845,3.4785,1.7083,2.9142,1.0195,3.2663,1.1752,3.5475,1.3292,2.7734,0.8043,3.0139,0.8561,3.2227,0.9174,1.5885,0.4364,1.2499,1.0973,1.2596,1.4241,1.287,1.7853,2.4717,1.3484,2.7732,1.6,3.0191,1.8366,2.8288,1.1844,3.192,1.431,3.4879,1.6529,2.9009,0.9885,3.264,1.141,3.5501,1.2917,2.782,0.8044,3.0273,0.8555,3.2407,0.9229,1.6269,0.4931,1.314,1.1516,1.3236,1.4786,1.353,1.8371,2.6987,1.2797,3.0128,1.4793,3.2532,1.6664,2.9511,1.164,3.3286,1.3887,3.6068,1.587,2.9993,0.9768,3.3636,1.1255,3.6421,1.2793,2.8505,0.7411,3.1106,0.7873,3.3283,0.8546,1.6272,0.4905,1.3118,1.1392,1.3221,1.4733,1.3452,1.8311,2.6502,1.2861,2.9615,1.4762,3.2003,1.658,2.9138,1.1941,3.2808,1.4111,3.5658,1.6058,2.9735,1.0096,3.3227,1.1638,3.5926,1.3239,2.8427,0.7526,3.0965,0.8043,3.3056,0.8839,1.6754,0.4273,1.2968,1.1893,1.3235,1.5396,1.3948,1.9199,2.59,1.5043,2.8843,1.8372,3.1356,2.1284,3.1034,1.0172,3.5351,1.1854,3.8698,1.3502,3.1053,0.8851,3.5043,1.0487,3.7928,1.2087,3.0175,0.823,3.2979,0.8575,3.5212,0.9381,0.0,0.0,0.0,0.0,0.0,0.0,0.0,0.0,-0.4468,-0.3674,-0.449,-0.3615,-0.4121,-0.3274,-0.0823,-0.5223,-0.0203,-0.6446,0.1135,-0.6668,-0.1599,-0.3736,-0.0272,-0.4123,0.0306,-0.4513,0.0,0.0,0.0,0.0,0.0,0.0,0.0,0.0,0.0,0.0,0.0,0.0,0.0,0.0,0.0,0.0,0.0,0.0,0.0,0.0,0.0,0.0,0.0,0.0,0.0,0.0,0.0,0.0,0.0,0.0,0.0,0.0,0.0,0.0,0.0,0.0,0.0,0.0,0.0,0.0,0.0,0.0,0.0,0.0,0.0,0.0,-0.5777,0.0762,-0.611,-0.0375,-0.63,-0.1,-0.444,0.3575,-0.5693,0.2666,-0.4874,0.2235,-0.3072,0.3902,-0.4864,0.4568,-0.5898,0.5303,0.0,0.0,0.0,0.0,-0.2704,0.3489,0.0,0.0,0.0,0.0,0.0,0.0,0.0,0.0,0.0,0.0,0.0,0.0,0.0,0.0,0.0,0.0,0.0,0.0,0.0,0.0,0.0,0.0,0.0,0.0,0.0,0.0,0.0,0.0,0.0,0.0,0.0,0.0,False,False,False,False,False,False,right,False,False,False,True,True,False,
video 02.mp4,372655f94428d157,42416,11500,11833,138,142,1.6272,0.4905,1.3118,1.1392,1.3221,1.4733,1.3452,1.8311,2.6502,1.2861,2.9615,1.4762,3.2003,1.658,2.9138,1.1941,3.2808,1.4111,3.5658,1.6058,2.9735,1.0096,3.3227,1.1638,3.5926,1.3239,2.8427,0.7526,3.0965,0.8043,3.3056,0.8839,1.6754,0.4273,1.2968,1.1893,1.3235,1.5396,1.3948,1.9199,2.59,1.5043,2.8843,1.8372,3.1356,2.1284,3.1034,1.0172,3.5351,1.1854,3.8698,1.3502,3.1053,0.8851,3.5043,1.0487,3.7928,1.2087,3.0175,0.823,3.2979,0.8575,3.5212,0.9381,1.6771,0.4386,1.3023,1.1911,1.3279,1.5399,1.3957,1.9243,2.5735,1.504,2.8731,1.8356,3.1369,2.1287,3.0906,1.0046,3.521,1.1729,3.8648,1.345,3.1035,0.864,3.51,1.0197,3.8062,1.1777,3.024,0.8198,3.3057,0.8474,3.5349,0.9208,1.6499,0.434,1.3079,1.1872,1.3381,1.5354,1.3914,1.9128,2.5908,1.507,2.8847,1.8285,3.1306,2.1158,3.0775,1.0933,3.4918,1.3328,3.81,1.5436,3.0872,0.8705,3.4943,1.0133,3.7997,1.1693,2.926,0.7311,3.2017,0.7446,3.4317,0.8085,1.615,0.4273,1.3007,1.1816,1.3312,1.5272,1.3757,1.9043,2.592,1.5081,2.8897,1.8151,3.1256,2.0884,2.9804,1.2122,3.3578,1.4957,3.6376,1.734,3.0406,0.9617,3.4181,1.1379,3.7037,1.3273,2.8377,0.6774,3.1,0.6938,3.3177,0.7554,0.0,0.0,0.0,0.0,0.0,0.0,0.0,0.0,0.0,0.0,0.0,0.0,0.0,0.0,0.0,0.0,0.0,0.0,0.0,0.0,0.0,0.0,0.0,0.0,0.0,0.0,0.0,0.0,0.0,0.0,0.0,0.0,0.0,0.0,0.0,0.0,0.0,0.0,0.0,0.0,0.0,0.0,0.0,0.0,0.0,0.0,0.0,0.0,0.0,0.0,0.0,0.0,0.0,0.0,0.0,0.0,0.1623,-0.3733,0.0,0.0,0.0,0.0,0.0,0.0,0.0,0.0,0.0,0.0,0.0,0.0,0.0,0.0,0.0,0.0,0.0,0.0,0.0,0.0,-0.1565,1.056,-0.348,1.9035,-0.6527,2.3646,0.0,0.0,0.0,0.0,0.0,0.0,-1.1661,-1.0569,-1.238,-1.2237,-1.2285,-1.3368,-0.4201,-0.0815,0.0,0.0,0.0,0.0,0.0,0.0,0.0,0.0,0.0,0.0,0.0,0.0,-1.1694,1.4327,-1.6147,1.9622,-2.0775,2.2945,-0.5613,1.0991,-0.9182,1.5018,-1.1574,1.904,-1.0642,-0.6469,-1.2257,-0.6128,-1.3739,-0.6395,False,False,False,False,False,False,right,False,False,False,True,True,False,
video 02.mp4,372655f94428d157,42416,11750,12083,141,145,1.6499,0.434,1.3079,1.1872,1.3381,1.5354,1.3914,1.9128,2.5908,1.507,2.8847,1.8285,3.1306,2.1158,3.0775,1.0933,3.4918,1.3328,3.81,1.5436,3.0872,0.8705,3.4943,1.0133,3.7997,1.1693,2.926,0.7311,3.2017,0.7446,3.4317,0.8085,1.615,0.4273,1.3007,1.1816,1.3312,1.5272,1.3757,1.9043,2.592,1.5081,2.8897,1.8151,3.1256,2.0884,2.9804,1.2122,3.3578,1.4957,3.6376,1.734,3.0406,0.9617,3.4181,1.1379,3.7037,1.3273,2.8377,0.6774,3.1,0.6938,3.3177,0.7554,1.6107,0.4275,1.293,1.1771,1.3177,1.5169,1.3582,1.8972,2.568,1.4925,2.872,1.7896,3.1083,2.0601,2.9256,1.2468,3.3022,1.5295,3.5982,1.7686,2.9832,1.0027,3.3494,1.1872,3.635,1.3791,2.7971,0.6583,3.0483,0.6635,3.2609,0.7151,1.6123,0.4347,1.2805,1.1763,1.3016,1.51,1.3454,1.8914,2.5396,1.4926,2.8541,1.7888,3.0927,2.0546,2.9139,1.2677,3.2915,1.5515,3.5791,1.7858,2.9727,1.0681,3.3175,1.285,3.5656,1.4945,2.7859,0.6436,3.0297,0.6398,3.2247,0.6836,1.6084,0.4294,1.2735,1.1691,1.2975,1.5051,1.3421,1.8839,2.53,1.4827,2.8476,1.7764,3.085,2.0402,2.9029,1.2685,3.2871,1.5573,3.5806,1.7964,2.9608,1.0827,3.306,1.3102,3.5574,1.5285,2.7701,0.6202,3.0143,0.6125,3.2065,0.6494,-0.4201,-0.0815,0.0,0.0,0.0,0.0,0.0,0.0,0.0,0.0,0.0,0.0,0.0,0.0,-1.1694,1.4327,-1.6147,1.9622,-2.0775,2.2945,-0.5613,1.0991,-0.9182,1.5018,-1.1574,1.904,-1.0642,-0.6469,-1.2257,-0.6128,-1.3739,-0.6395,0.0,0.0,0.0,0.0,0.0,0.0,0.0,0.0,0.0,0.0,0.0,0.0,0.0,0.0,-0.6606,0.4171,-0.6703,0.4067,-0.4742,0.4168,-0.6919,0.4934,-0.8284,0.5937,-0.827,0.6241,-0.4899,-0.2297,-0.6227,-0.3649,-0.6841,-0.4852,0.0,0.0,0.0,0.0,0.0,0.0,0.0,0.0,0.0,0.0,0.0,0.0,0.0,0.0,0.0,0.0,0.0,0.0,0.0,0.0,-0.124,0.7784,-0.3798,1.1646,-0.8268,1.3738,0.0,0.0,0.0,0.0,-0.4317,-0.3755,0.0,0.0,0.0,0.0,0.0,0.0,0.0,0.0,0.0,0.0,0.0,0.0,0.0,0.0,0.0,0.0,0.0,0.0,0.0,0.0,0.0,0.0,0.0,0.0,-0.0989,0.4086,0.0,0.0,0.0,0.0,-0.2183,-0.4124,False,False,True,True,False,False,right,False,False,False,True,False,False,
video 02.mp4,372655f94428d157,42416,12000,12333,144,148,1.6123,0.4347,1.2805,1.1763,1.3016,1.51,1.3454,1.8914,2.5396,1.4926,2.8541,1.7888,3.0927,2.0546,2.9139,1.2677,3.2915,1.5515,3.5791,1.7858,2.9727,1.0681,3.3175,1.285,3.5656,1.4945,2.7859,0.6436,3.0297,0.6398,3.2247,0.6836,1.6084,0.4294,1.2735,1.1691,1.2975,1.5051,1.3421,1.8839,2.53,1.4827,2.8476,1.7764,3.085,2.0402,2.9029,1.2685,3.2871,1.5573,3.5806,1.7964,2.9608,1.0827,3.306,1.3102,3.5574,1.5285,2.7701,0.6202,3.0143,0.6125,3.2065,0.6494,1.6213,0.4192,1.2718,1.1439,1.2963,1.4949,1.3452,1.8753,2.5056,1.4095,2.842,1.6869,3.0982,1.9357,2.8649,1.2597,3.2583,1.5534,3.5789,1.8066,2.9581,1.0747,3.3212,1.3037,3.5935,1.5263,2.7987,0.6684,3.048,0.6986,3.248,0.7629,1.6613,0.4563,1.287,1.1516,1.2999,1.5053,1.3567,1.895,2.5151,1.3498,2.8549,1.6255,3.1291,1.8709,2.8685,1.2551,3.2637,1.5526,3.586,1.8099,2.9679,1.0927,3.3395,1.3283,3.6247,1.5436,2.8681,0.8438,3.1205,0.9473,3.3324,1.0542,1.7173,0.5006,1.3068,1.163,1.3242,1.5157,1.3966,1.9095,2.522,1.2563,2.8842,1.4871,3.191,1.6923,2.8783,1.2364,3.284,1.5218,3.6379,1.7629,2.9823,1.1124,3.367,1.3526,3.6624,1.558,2.9351,0.9332,3.1963,1.0489,3.4167,1.1569,0.0,0.0,0.0,0.0,0.0,0.0,0.0,0.0,0.0,0.0,0.0,0.0,0.0,0.0,0.0,0.0,0.0,0.0,0.0,0.0,0.0,0.0,0.0,0.0,-0.0989,0.4086,0.0,0.0,0.0,0.0,-0.2183,-0.4124,0.0,0.0,0.0,0.0,0.0,0.0,0.0,0.0,-0.2938,-0.8822,-0.067,-1.078,0.1586,-1.2592,-0.4579,-0.1065,0.0,0.0,0.0,0.0,0.0,0.0,0.0,0.0,0.4351,-0.0264,0.3441,0.5809,0.4053,1.0367,0.4999,1.3675,0.4763,0.4411,0.0,0.0,0.0,0.0,0.0,0.0,0.113,-0.7102,0.1534,-0.7307,0.3675,-0.7709,0.0,0.0,0.0,0.0,0.0,0.0,0.0,0.0,0.0,0.0,0.3713,0.2063,0.8261,2.0888,0.863,2.9609,1.0042,3.4678,0.675,0.5339,0.0,0.0,0.0,0.0,0.4798,0.1742,0.0833,-1.127,0.3534,-1.6681,0.746,-2.1523,0.0,0.0,0.2441,-0.3714,0.6255,-0.5668,0.0,0.0,0.331,0.2926,0.4549,0.1738,0.8078,1.0769,0.9134,1.2237,1.016,1.2379,False,False,False,False,True,False,right,False,False,False,True,False,False,
video 02.mp4,372655f94428d157,42416,12250,12583,147,151,1.6613,0.4563,1.287,1.1516,1.2999,1.5053,1.3567,1.895,2.5151,1.3498,2.8549,1.6255,3.1291,1.8709,2.8685,1.2551,3.2637,1.5526,3.586,1.8099,2.9679,1.0927,3.3395,1.3283,3.6247,1.5436,2.8681,0.8438,3.1205,0.9473,3.3324,1.0542,1.7173,0.5006,1.3068,1.163,1.3242,1.5157,1.3966,1.9095,2.522,1.2563,2.8842,1.4871,3.191,1.6923,2.8783,1.2364,3.284,1.5218,3.6379,1.7629,2.9823,1.1124,3.367,1.3526,3.6624,1.558,2.9351,0.9332,3.1963,1.0489,3.4167,1.1569,1.7548,0.5286,1.3306,1.1541,1.3495,1.4979,1.4357,1.8839,2.5825,1.2323,2.9789,1.4486,3.3119,1.6407,2.9541,1.2128,3.3761,1.4812,3.7379,1.704,3.0413,1.1131,3.4172,1.3524,3.6957,1.5552,2.9934,0.9674,3.2579,1.0811,3.4766,1.1894,1.7534,0.4971,1.3684,1.1041,1.4376,1.4084,1.5609,1.7586,2.6381,1.3824,2.9712,1.6615,3.2529,1.9134,3.0005,1.2741,3.3975,1.5506,3.7265,1.7844,3.0743,1.1255,3.4523,1.361,3.7374,1.5692,2.9886,0.9276,3.2523,1.0401,3.4594,1.1535,1.7422,0.4668,1.3857,1.1,1.4758,1.4071,1.5979,1.7657,2.6658,1.4517,2.9921,1.7536,3.2649,2.023,3.0909,1.2516,3.5141,1.5123,3.8521,1.7298,3.1319,1.0641,3.5461,1.2296,3.8655,1.3778,2.9934,0.9036,3.2641,0.9845,3.4841,1.0671,0.675,0.5339,0.0,0.0,0.0,0.0,0.4798,0.1742,0.0833,-1.127,0.3534,-1.6681,0.746,-2.1523,0.0,0.0,0.2441,-0.3714,0.6255,-0.5668,0.0,0.0,0.331,0.2926,0.4549,0.1738,0.8078,1.0769,0.9134,1.2237,1.016,1.2379,0.4515,0.3376,0.0,0.0,0.0,0.0,0.4722,-0.3078,0.7285,-0.2888,1.1406,-0.4636,1.457,-0.621,0.9131,-0.284,1.11,-0.4897,1.2055,-0.7098,0.7109,0.0087,0.6047,-0.0026,0.4006,-0.0343,0.7016,0.412,0.7418,0.3882,0.722,0.392,0.0,0.0,0.4495,-0.5956,1.0488,-1.0649,1.4904,-1.4918,0.6617,1.7872,-0.0916,2.5345,-0.7021,3.2464,0.553,0.7299,0.2546,0.8273,-0.136,0.9577,0.3929,0.1478,0.4175,0.1027,0.497,0.1671,-0.0569,-0.4738,-0.0656,-0.4883,-0.2054,-0.4274,0.0,0.0,0.0,0.0,0.4603,-0.0161,0.4449,0.0861,0.3344,0.835,0.2516,1.1094,0.144,1.3196,1.088,-0.271,1.4049,-0.4616,1.5128,-0.6578,0.6937,-0.7407,1.1305,-1.5835,1.5424,-2.3062,0.0,0.0,0.1411,-0.6698,0.2975,-1.0413,False,True,False,False,False,False,right,False,False,False,True,False,False,
video 02.mp4,372655f94428d157,42416,12500,12833,150,154,1.7534,0.4971,1.3684,1.1041,1.4376,1.4084,1.5609,1.7586,2.6381,1.3824,2.9712,1.6615,3.2529,1.9134,3.0005,1.2741,3.3975,1.5506,3.7265,1.7844,3.0743,1.1255,3.4523,1.361,3.7374,1.5692,2.9886,0.9276,3.2523,1.0401,3.4594,1.1535,1.7422,0.4668,1.3857,1.1,1.4758,1.4071,1.5979,1.7657,2.6658,1.4517,2.9921,1.7536,3.2649,2.023,3.0909,1.2516,3.5141,1.5123,3.8521,1.7298,3.1319,1.0641,3.5461,1.2296,3.8655,1.3778,2.9934,0.9036,3.2641,0.9845,3.4841,1.0671,1.7218,0.4355,1.3756,1.0715,1.4581,1.35,1.5509,1.6863,2.6515,1.4654,2.9751,1.7646,3.2514,2.03,3.1344,1.161,3.5817,1.3558,3.956,1.5173,3.1354,0.9574,3.5514,1.0552,3.8872,1.1465,2.9807,0.8358,3.2554,0.8531,3.4876,0.884,1.6979,0.4287,1.3629,1.1053,1.4436,1.4109,1.5396,1.7729,2.6337,1.4594,2.9516,1.7518,3.22,2.0138,3.1101,1.1074,3.5533,1.2831,3.9294,1.4386,3.1179,0.8866,3.5331,0.9758,3.8728,1.0765,2.9664,0.7405,3.2432,0.7447,3.4749,0.775,1.6863,0.4221,1.3511,1.1473,1.4304,1.4664,1.5327,1.8382,2.6308,1.4604,2.9445,1.758,3.202,2.0253,3.114,1.0835,3.5454,1.3065,3.8936,1.4946,3.1155,0.8601,3.5329,0.9907,3.8597,1.123,2.9391,0.6826,3.2164,0.6743,3.4488,0.7037,0.0,0.0,0.0,0.0,0.4603,-0.0161,0.4449,0.0861,0.3344,0.835,0.2516,1.1094,0.144,1.3196,1.088,-0.271,1.4049,-0.4616,1.5128,-0.6578,0.6937,-0.7407,1.1305,-1.5835,1.5424,-2.3062,0.0,0.0,0.1411,-0.6698,0.2975,-1.0413,-0.2463,-0.377,0.0,0.0,-0.2136,-0.6883,-0.5665,-0.957,0.0,0.0,0.0,0.0,0.0,0.0,0.524,-1.092,0.8142,-1.8859,1.252,-2.5601,0.042,-1.2852,0.0635,-2.101,0.2623,-2.787,-0.153,-0.816,-0.1045,-1.5831,0.0419,-2.2063,0.0,0.0,-0.1514,0.4024,-0.1723,0.7261,-0.1334,1.0308,0.0,0.0,0.0,0.0,-0.3737,-0.1921,-0.2893,-0.6375,-0.3376,-0.8652,-0.316,-0.9375,-0.2076,-0.8424,-0.218,-0.9455,-0.1724,-0.8332,-0.1702,-1.1352,-0.1448,-1.2904,-0.1502,-1.2972,0.0,0.0,-0.1424,0.5066,-0.1593,0.6678,-0.0838,0.7863,0.0,0.0,0.0,0.0,0.0,0.0,0.0,0.0,0.0,0.0,-0.4316,0.6746,0.0,0.0,0.0,0.0,-0.1578,0.5603,-0.3291,-0.6976,-0.3234,-0.8475,-0.3147,-0.8592,False,False,False,False,False,False,right,False,False,False,True,False,False,
video 02.mp4,372655f94428d157,42416,12750,13083,153,157,1.6979,0.4287,1.3629,1.1053,1.4436,1.4109,1.5396,1.7729,2.6337,1.4594,2.9516,1.7518,3.22,2.0138,3.1101,1.1074,3.5533,1.2831,3.9294,1.4386,3.1179,0.8866,3.5331,0.9758,3.8728,1.0765,2.9664,0.7405,3.2432,0.7447,3.4749,0.775,1.6863,0.4221,1.3511,1.1473,1.4304,1.4664,1.5327,1.8382,2.6308,1.4604,2.9445,1.758,3.202,2.0253,3.114,1.0835,3.5454,1.3065,3.8936,1.4946,3.1155,0.8601,3.5329,0.9907,3.8597,1.123,2.9391,0.6826,3.2164,0.6743,3.4488,0.7037,1.6511,0.43,1.3476,1.1603,1.421,1.4951,1.521,1.8635,2.6327,1.4688,2.9513,1.7631,3.1994,2.0234,3.0596,1.1532,3.447,1.444,3.7246,1.6833,3.1066,0.9101,3.492,1.0722,3.7665,1.258,2.8731,0.621,3.1377,0.6049,3.3578,0.6439,1.6451,0.4309,1.3387,1.1771,1.4152,1.5019,1.521,1.8744,2.6284,1.4727,2.9549,1.7642,3.2042,2.0219,3.0157,1.1817,3.4005,1.4861,3.6744,1.7395,3.0844,0.9868,3.4382,1.2102,3.6787,1.4412,2.8391,0.5886,3.0907,0.5655,3.2957,0.6076,1.6455,0.4285,1.3222,1.1673,1.3969,1.4811,1.51,1.8504,2.6144,1.4704,2.9475,1.7602,3.1989,2.0175,2.9899,1.1857,3.3733,1.4913,3.6449,1.7462,3.0529,1.0176,3.371,1.283,3.5773,1.539,2.815,0.5667,3.0609,0.5507,3.2567,0.5959,0.0,0.0,-0.1424,0.5066,-0.1593,0.6678,-0.0838,0.7863,0.0,0.0,0.0,0.0,0.0,0.0,0.0,0.0,0.0,0.0,-0.4316,0.6746,0.0,0.0,0.0,0.0,-0.1578,0.5603,-0.3291,-0.6976,-0.3234,-0.8475,-0.3147,-0.8592,-0.4242,0.0953,0.0,0.0,0.0,0.0,0.0,0.0,0.0,0.0,0.0,0.0,0.0,0.0,-0.6548,0.8387,-1.1856,1.6575,-2.0368,2.2735,-0.1077,0.6026,-0.4924,0.9821,-1.1222,1.6267,-0.7947,-0.7423,-0.9476,-0.8367,-1.0963,-0.7204,0.0,0.0,0.0,0.0,0.0,0.0,0.0,0.0,0.0,0.0,0.0,0.0,0.0,0.0,-0.5233,0.3393,-0.5543,0.5006,-0.5971,0.6696,-0.2646,0.9134,-0.6399,1.6424,-1.0454,2.1809,-0.4046,-0.3857,-0.5593,-0.4693,-0.7394,-0.4317,0.0,0.0,0.0,0.0,0.0,0.0,0.0,0.0,0.0,0.0,0.0,0.0,0.0,0.0,0.0,0.0,0.0,0.0,0.0,0.0,-0.379,0.3711,-0.8099,0.8776,-1.2214,1.1782,0.0,0.0,-0.3599,-0.1785,-0.4706,-0.1411,False,False,True,True,False,False,right,False,False,False,True,False,False,
video 02.mp4,372655f94428d157,42416,13000,13333,156,160,1.6451,0.4309,1.3387,1.1771,1.4152,1.5019,1.521,1.8744,2.6284,1.4727,2.9549,1.7642,3.2042,2.0219,3.0157,1.1817,3.4005,1.4861,3.6744,1.7395,3.0844,0.9868,3.4382,1.2102,3.6787,1.4412,2.8391,0.5886,3.0907,0.5655,3.2957,0.6076,1.6455,0.4285,1.3222,1.1673,1.3969,1.4811,1.51,1.8504,2.6144,1.4704,2.9475,1.7602,3.1989,2.0175,2.9899,1.1857,3.3733,1.4913,3.6449,1.7462,3.0529,1.0176,3.371,1.283,3.5773,1.539,2.815,0.5667,3.0609,0.5507,3.2567,0.5959,1.6486,0.4378,1.3129,1.1733,1.3837,1.4756,1.5042,1.8468,2.57,1.466,2.912,1.7597,3.1662,2.0168,2.9603,1.1958,3.3523,1.5007,3.6327,1.7532,3.0243,1.0414,3.3463,1.311,3.5627,1.5567,2.8119,0.5726,3.0563,0.5549,3.2542,0.5927,1.6546,0.4387,1.3101,1.145,1.3748,1.4465,1.4925,1.8032,2.5361,1.4122,2.8748,1.6665,3.1337,1.8935,2.8962,1.2245,3.2892,1.5139,3.597,1.7622,2.9779,1.052,3.3181,1.2942,3.5628,1.5226,2.8219,0.5862,3.0694,0.5808,3.2746,0.6238,1.6911,0.4371,1.3179,1.1139,1.3794,1.4347,1.4907,1.8,2.5418,1.3507,2.8863,1.6133,3.1592,1.8385,2.9059,1.223,3.2986,1.525,3.6123,1.7774,3.0033,1.064,3.3539,1.3136,3.6155,1.5385,2.9182,0.8457,3.1708,0.9666,3.3799,1.0823,0.0,0.0,0.0,0.0,0.0,0.0,0.0,0.0,0.0,0.0,0.0,0.0,0.0,0.0,0.0,0.0,0.0,0.0,0.0,0.0,-0.379,0.3711,-0.8099,0.8776,-1.2214,1.1782,0.0,0.0,-0.3599,-0.1785,-0.4706,-0.1411,0.0,0.0,0.0,0.0,0.0,0.0,0.0,0.0,-0.535,-0.0534,-0.4277,-0.007,0.0,0.0,0.0,0.0,0.0,0.0,0.0,0.0,-0.3452,0.2872,-0.2982,0.3374,0.0,0.0,0.0,0.0,0.0,0.0,0.0,0.0,0.0,0.0,0.0,0.0,0.0,0.0,-0.1385,-0.5193,-0.4037,-0.6397,-0.4421,-1.1089,-0.3873,-1.4679,-0.7631,0.3407,-0.7513,0.1574,-0.4251,0.1076,-0.5519,0.1252,0.0,0.0,0.0012,-0.406,0.0,0.0,0.0,0.0,0.2431,0.3697,0.4393,-0.0199,0.0,0.0,0.0,0.0,0.0,0.0,0.0681,-0.7414,0.1383,-0.6411,0.3074,-0.6627,0.0,0.0,0.0,0.0,0.0,0.0,0.0,0.0,0.4319,0.2341,0.6353,0.1916,1.1599,3.1271,1.2221,4.6486,1.2693,5.5245,False,False,False,False,False,False,right,False,False,False,True,False,False,
video 02.mp4,372655f94428d157,42416,13250,13583,159,163,1.6546,0.4387,1.3101,1.145,1.3748,1.4465,1.4925,1.8032,2.5361,1.4122,2.8748,1.6665,3.1337,1.8935,2.8962,1.2245,3.2892,1.5139,3.597,1.7622,2.9779,1.052,3.3181,1.2942,3.5628,1.5226,2.8219,0.5862,3.0694,0.5808,3.2746,0.6238,1.6911,0.4371,1.3179,1.1139,1.3794,1.4347,1.4907,1.8,2.5418,1.3507,2.8863,1.6133,3.1592,1.8385,2.9059,1.223,3.2986,1.525,3.6123,1.7774,3.0033,1.064,3.3539,1.3136,3.6155,1.5385,2.9182,0.8457,3.1708,0.9666,3.3799,1.0823,1.7321,0.4655,1.3279,1.1178,1.3788,1.4355,1.4996,1.8089,2.551,1.2804,2.9082,1.5278,3.224,1.7452,2.9213,1.2109,3.3234,1.5096,3.671,1.7612,3.0173,1.0839,3.3937,1.346,3.6756,1.5671,2.974,0.9702,3.2333,1.1089,3.4455,1.2347,1.741,0.4854,1.3377,1.1293,1.3808,1.4451,1.5021,1.8247,2.578,1.2852,2.9518,1.5327,3.2826,1.7516,2.9457,1.206,3.3728,1.5013,3.7406,1.7487,3.0429,1.09,3.4424,1.3507,3.739,1.5668,2.9986,0.9892,3.2669,1.1203,3.4856,1.2404,1.7529,0.4528,1.3374,1.1856,1.3927,1.5381,1.4969,1.9269,2.5929,1.4942,2.9395,1.8371,3.2434,2.1202,3.0149,1.2373,3.422,1.5518,3.7545,1.8062,3.1117,1.0776,3.4994,1.3619,3.7852,1.6132,3.0408,0.9501,3.3176,1.0858,3.5247,1.2285,0.4393,-0.0199,0.0,0.0,0.0,0.0,0.0,0.0,0.0681,-0.7414,0.1383,-0.6411,0.3074,-0.6627,0.0,0.0,0.0,0.0,0.0,0.0,0.0,0.0,0.4319,0.2341,0.6353,0.1916,1.1599,3.1271,1.2221,4.6486,1.2693,5.5245,0.4937,0.3425,0.0,0.0,0.0,0.0,0.0,0.0,0.1109,-0.8474,0.2635,-1.0296,0.7808,-1.1238,0.0,0.0,0.0,0.0,0.7072,-0.196,0.0,0.0,0.4793,0.3902,0.724,0.3448,0.6725,1.4991,0.7532,1.715,0.7903,1.8358,0.0,0.0,0.0,0.0,0.0,0.0,0.0,0.0,0.0,0.0,0.5192,0.0581,0.697,0.0762,0.0,0.0,0.5871,-0.0998,0.8284,-0.1489,0.0,0.0,0.58,0.0562,0.7545,-0.0043,0.0,0.0,0.4001,0.1347,0.4773,0.0675,0.1444,-0.3931,-0.0035,0.6784,0.1435,1.1212,-0.062,1.2314,0.179,2.5183,-0.1481,3.6669,-0.4719,4.4405,0.8338,0.378,0.5933,0.6084,0.1677,0.6938,0.8293,-0.1491,0.6864,0.1352,0.5573,0.56,0.5081,-0.4715,0.6107,-0.4147,0.4715,-0.1429,False,True,False,False,True,False,right,False,False,False,True,False,False,
video 02.mp4,372655f94428d157,42416,13500,13833,162,166,1.741,0.4854,1.3377,1.1293,1.3808,1.4451,1.5021,1.8247,2.578,1.2852,2.9518,1.5327,3.2826,1.7516,2.9457,1.206,3.3728,1.5013,3.7406,1.7487,3.0429,1.09,3.4424,1.3507,3.739,1.5668,2.9986,0.9892,3.2669,1.1203,3.4856,1.2404,1.7529,0.4528,1.3374,1.1856,1.3927,1.5381,1.4969,1.9269,2.5929,1.4942,2.9395,1.8371,3.2434,2.1202,3.0149,1.2373,3.422,1.5518,3.7545,1.8062,3.1117,1.0776,3.4994,1.3619,3.7852,1.6132,3.0408,0.9501,3.3176,1.0858,3.5247,1.2285,1.7638,0.4303,1.3405,1.1894,1.4029,1.5558,1.4886,1.9461,2.6026,1.5397,2.9319,1.8896,3.2143,2.1784,3.0596,1.255,3.4467,1.5746,3.7586,1.8292,3.1635,1.0644,3.5441,1.3492,3.8227,1.5974,3.1,0.9505,3.3843,1.0994,3.5964,1.2551,1.7582,0.4346,1.3582,1.1766,1.4239,1.5468,1.5111,1.9335,2.5993,1.5645,2.922,1.906,3.2018,2.1854,3.1168,1.2343,3.5178,1.5095,3.8411,1.7214,3.1989,1.0205,3.5992,1.2374,3.8985,1.4238,3.1109,0.9345,3.3917,1.0637,3.6089,1.1967,1.7926,0.4398,1.3421,1.0613,1.3817,1.3836,1.4535,1.7167,2.5728,1.5413,2.9016,1.8772,3.2026,2.154,3.1258,1.1832,3.5514,1.41,3.9118,1.608,3.2165,1.014,3.639,1.2041,3.9532,1.3688,3.184,0.9944,3.5012,1.108,3.7588,1.2322,0.1444,-0.3931,-0.0035,0.6784,0.1435,1.1212,-0.062,1.2314,0.179,2.5183,-0.1481,3.6669,-0.4719,4.4405,0.8338,0.378,0.5933,0.6084,0.1677,0.6938,0.8293,-0.1491,0.6864,0.1352,0.5573,0.56,0.5081,-0.4715,0.6107,-0.4147,0.4715,-0.1429,0.0,0.0,0.0,0.0,0.0,0.0,0.0,0.0,0.1166,0.5475,-0.092,0.6331,-0.3502,0.7015,0.538,0.2131,0.2978,0.2757,0.0,0.0,0.6237,-0.1594,0.5382,-0.1538,0.4512,-0.1908,0.7128,0.005,0.8028,0.1639,0.8631,0.3211,0.0,0.0,0.0,0.0,0.0,0.0,0.0,0.0,0.0,0.0,0.0,0.0,0.0,0.0,0.6814,-0.2465,0.8463,-0.7751,0.9813,-1.2829,0.4218,-0.5231,0.6571,-1.3307,0.9025,-2.0663,0.0,0.0,0.0879,-0.4257,0.1492,-0.6954,0.4139,0.0623,-0.194,-1.39,-0.5082,-1.9656,-0.6932,-2.6114,-0.3185,-0.2797,-0.2463,-0.3473,0.0,0.0,0.1081,-0.6159,0.4051,-1.1991,0.8522,-1.3663,0.0,0.0,0.4795,-0.4009,0.6597,-0.6636,0.8806,0.7218,1.3195,0.534,1.8057,0.4276,False,False,False,False,False,False,right,False,False,False,True,True,False,
video 02.mp4,372655f94428d157,42416,13750,14083,165,169,1.7582,0.4346,1.3582,1.1766,1.4239,1.5468,1.5111,1.9335,2.5993,1.5645,2.922,1.906,3.2018,2.1854,3.1168,1.2343,3.5178,1.5095,3.8411,1.7214,3.1989,1.0205,3.5992,1.2374,3.8985,1.4238,3.1109,0.9345,3.3917,1.0637,3.6089,1.1967,1.7926,0.4398,1.3421,1.0613,1.3817,1.3836,1.4535,1.7167,2.5728,1.5413,2.9016,1.8772,3.2026,2.154,3.1258,1.1832,3.5514,1.41,3.9118,1.608,3.2165,1.014,3.639,1.2041,3.9532,1.3688,3.184,0.9944,3.5012,1.108,3.7588,1.2322,1.7867,0.4382,1.339,0.9732,1.3604,1.2511,1.3986,1.5554,2.5627,1.3659,2.9058,1.5999,3.2198,1.8112,3.0959,1.1291,3.5184,1.3264,3.8871,1.5219,3.187,0.9924,3.6023,1.1573,3.9072,1.2906,3.1676,0.9785,3.495,1.0879,3.772,1.1792,1.8075,0.4796,1.3415,1.0335,1.3286,1.3354,1.3483,1.6903,2.5464,1.2717,2.9131,1.4733,3.247,1.6457,3.0433,1.1359,3.4877,1.3433,3.8711,1.5391,3.1801,1.0243,3.6094,1.1989,3.9152,1.3383,3.1853,1.0016,3.5303,1.1034,3.8134,1.1801,1.7937,0.4956,1.3411,1.122,1.3299,1.478,1.3553,1.8757,2.5586,1.2682,2.929,1.4682,3.2609,1.6493,3.0341,1.1214,3.4728,1.329,3.8626,1.5295,3.1606,1.0248,3.5934,1.1961,3.9052,1.3314,3.1599,1.0129,3.4926,1.1127,3.7707,1.1885,0.4139,0.0623,-0.194,-1.39,-0.5082,-1.9656,-0.6932,-2.6114,-0.3185,-0.2797,-0.2463,-0.3473,0.0,0.0,0.1081,-0.6159,0.4051,-1.1991,0.8522,-1.3663,0.0,0.0,0.4795,-0.4009,0.6597,-0.6636,0.8806,0.7218,1.3195,0.534,1.8057,0.4276,0.0,0.0,-0.0367,-1.0614,-0.2568,-1.5967,-0.6617,-1.9436,-0.122,-2.1123,0.0508,-3.3402,0.2069,-4.1304,-0.3604,-0.6517,-0.3976,-1.0078,-0.2973,-1.0373,-0.3561,-0.2604,-0.4426,-0.5638,-0.5543,-0.9414,0.0,0.0,0.0,0.0,0.1594,-0.6384,0.2476,0.4926,0.029,0.7178,-0.3782,1.0036,-0.5993,1.6058,-0.1945,-1.1223,0.0874,-1.5078,0.3239,-1.9701,-0.6263,0.0805,-0.3655,0.2013,0.0,0.0,0.0,0.0,0.0841,0.4954,0.0946,0.5672,0.0,0.0,0.4196,0.1853,0.4931,0.0104,0.0,0.0,-0.0043,1.0661,0.0146,1.7181,0.0841,2.2337,0.0,0.0,0.0,0.0,0.0,0.0,0.0,0.0,0.0,0.0,0.0,0.0,0.0,0.0,0.0,0.0,0.0,0.0,0.0,0.0,-0.4546,0.1118,-0.5152,0.1009,False,False,False,False,False,False,right,False,False,False,True,True,False,
video 02.mp4,372655f94428d157,42416,14000,14333,168,172,1.8075,0.4796,1.3415,1.0335,1.3286,1.3354,1.3483,1.6903,2.5464,1.2717,2.9131,1.4733,3.247,1.6457,3.0433,1.1359,3.4877,1.3433,3.8711,1.5391,3.1801,1.0243,3.6094,1.1989,3.9152,1.3383,3.1853,1.0016,3.5303,1.1034,3.8134,1.1801,1.7937,0.4956,1.3411,1.122,1.3299,1.478,1.3553,1.8757,2.5586,1.2682,2.929,1.4682,3.2609,1.6493,3.0341,1.1214,3.4728,1.329,3.8626,1.5295,3.1606,1.0248,3.5934,1.1961,3.9052,1.3314,3.1599,1.0129,3.4926,1.1127,3.7707,1.1885,1.7676,0.4896,1.3387,1.1511,1.3279,1.518,1.3481,1.9145,2.5746,1.2703,2.94,1.4781,3.2634,1.6713,3.0416,1.1039,3.4781,1.3173,3.8646,1.5203,3.1579,1.0085,3.5879,1.185,3.9044,1.3297,3.132,1.0009,3.4618,1.1032,3.7456,1.1832,1.7547,0.4599,1.3289,1.1742,1.3264,1.5561,1.3392,1.95,2.5555,1.4636,2.8895,1.783,3.1948,2.0512,3.0608,1.1028,3.4831,1.3087,3.8477,1.5026,3.1727,0.9691,3.6005,1.1304,3.9123,1.2658,3.1498,0.9745,3.481,1.0611,3.7557,1.1412,1.6992,0.4432,1.3117,1.1793,1.3182,1.5565,1.3293,1.9415,2.5361,1.5288,2.8558,1.8456,3.1448,2.1084,3.0739,1.1168,3.4935,1.3193,3.861,1.5022,3.1515,0.9294,3.5706,1.0319,3.9025,1.1309,3.0324,0.8295,3.3203,0.8379,3.5666,0.8726,0.0,0.0,-0.0043,1.0661,0.0146,1.7181,0.0841,2.2337,0.0,0.0,0.0,0.0,0.0,0.0,0.0,0.0,0.0,0.0,0.0,0.0,0.0,0.0,0.0,0.0,0.0,0.0,0.0,0.0,-0.4546,0.1118,-0.5152,0.1009,0.0,0.0,0.0,0.0,-0.0232,0.4821,-0.0857,0.4671,0.0,0.0,0.0,0.0,0.0,0.0,0.0,0.0,0.0,0.0,0.0,0.0,0.0,0.0,0.0,0.0,0.0,0.0,0.0,0.0,0.0,0.0,0.0,0.0,0.0,0.0,0.0,0.0,-0.0187,0.4539,-0.107,0.4234,-0.2281,2.301,-0.6007,3.6295,-0.8175,4.5233,0.0,0.0,0.0,0.0,0.0,0.0,0.1764,-0.4686,0.1501,-0.6506,0.0934,-0.7615,0.0,0.0,0.2281,-0.5016,0.1209,-0.4998,-0.6687,-0.2014,0.0,0.0,0.0,0.0,0.0,0.0,-0.2334,0.786,-0.4064,0.7542,-0.6022,0.6881,0.0,0.0,0.0,0.0,0.0,0.0,-0.2557,-0.4783,-0.3612,-1.1861,-0.1184,-1.6254,-1.414,-1.7471,-1.9368,-2.6898,-2.2792,-3.2364,False,False,False,False,False,False,right,False,False,False,True,True,False,
video 02.mp4,372655f94428d157,42416,14250,14583,171,175,1.7547,0.4599,1.3289,1.1742,1.3264,1.5561,1.3392,1.95,2.5555,1.4636,2.8895,1.783,3.1948,2.0512,3.0608,1.1028,3.4831,1.3087,3.8477,1.5026,3.1727,0.9691,3.6005,1.1304,3.9123,1.2658,3.1498,0.9745,3.481,1.0611,3.7557,1.1412,1.6992,0.4432,1.3117,1.1793,1.3182,1.5565,1.3293,1.9415,2.5361,1.5288,2.8558,1.8456,3.1448,2.1084,3.0739,1.1168,3.4935,1.3193,3.861,1.5022,3.1515,0.9294,3.5706,1.0319,3.9025,1.1309,3.0324,0.8295,3.3203,0.8379,3.5666,0.8726,1.6667,0.4482,1.2997,1.1717,1.3001,1.5378,1.3034,1.9201,2.5425,1.5623,2.8655,1.863,3.1463,2.115,3.0329,1.2113,3.4446,1.4461,3.7983,1.6316,3.1061,0.953,3.4926,1.0792,3.8134,1.2011,2.9213,0.7179,3.1881,0.714,3.4237,0.7488,1.6554,0.4484,1.2955,1.1741,1.2963,1.5353,1.2889,1.9269,2.5461,1.5632,2.8743,1.8588,3.1485,2.1085,2.937,1.2984,3.3305,1.5703,3.6467,1.7799,3.0309,1.022,3.4043,1.1865,3.7065,1.3527,2.8519,0.6734,3.1061,0.6628,3.3238,0.6918,1.6498,0.4312,1.2821,1.1787,1.2805,1.5365,1.2888,1.9313,2.5261,1.5414,2.855,1.8384,3.1255,2.0877,2.9033,1.2957,3.3042,1.5705,3.6346,1.7782,2.987,1.0676,3.342,1.275,3.6241,1.4646,2.8218,0.6497,3.072,0.6192,3.279,0.6267,-0.6687,-0.2014,0.0,0.0,0.0,0.0,0.0,0.0,-0.2334,0.786,-0.4064,0.7542,-0.6022,0.6881,0.0,0.0,0.0,0.0,0.0,0.0,-0.2557,-0.4783,-0.3612,-1.1861,-0.1184,-1.6254,-1.414,-1.7471,-1.9368,-2.6898,-2.2792,-3.2364,0.0,0.0,0.0,0.0,0.0,0.0,-0.3118,-0.2584,0.0772,0.4029,0.0,0.0,0.0,0.0,-0.4936,1.139,-0.589,1.5275,-0.7555,1.5587,-0.5476,0.2837,-0.9395,0.5694,-1.0725,0.8467,-1.338,-1.3446,-1.5918,-1.4924,-1.7212,-1.4916,0.0,0.0,0.0,0.0,0.0,0.0,0.0,0.0,0.0,0.0,0.0,0.0,0.0,0.0,-1.1417,1.0362,-1.3589,1.4779,-1.8049,1.7656,-0.8953,0.8213,-1.0508,1.277,-1.2735,1.8039,-0.8267,-0.5303,-0.9766,-0.6096,-1.1889,-0.6791,0.0,0.0,0.0,0.0,0.0,0.0,0.0,0.0,0.0,0.0,0.0,0.0,0.0,0.0,-0.406,-0.0319,0.0,0.0,0.0,0.0,-0.5285,0.5497,-0.7513,1.067,-0.9924,1.3491,-0.362,-0.2857,-0.4107,-0.5244,-0.54,-0.7839,False,False,False,False,False,False,right,False,False,False,True,True,False,
video 02.mp4,372655f94428d157,42416,14500,14833,174,178,1.6554,0.4484,1.2955,1.1741,1.2963,1.5353,1.2889,1.9269,2.5461,1.5632,2.8743,1.8588,3.1485,2.1085,2.937,1.2984,3.3305,1.5703,3.6467,1.7799,3.0309,1.022,3.4043,1.1865,3.7065,1.3527,2.8519,0.6734,3.1061,0.6628,3.3238,0.6918,1.6498,0.4312,1.2821,1.1787,1.2805,1.5365,1.2888,1.9313,2.5261,1.5414,2.855,1.8384,3.1255,2.0877,2.9033,1.2957,3.3042,1.5705,3.6346,1.7782,2.987,1.0676,3.342,1.275,3.6241,1.4646,2.8218,0.6497,3.072,0.6192,3.279,0.6267,1.6506,0.405,1.2647,1.1667,1.2681,1.5275,1.2844,1.9252,2.5022,1.5314,2.8337,1.8294,3.105,2.0784,2.8983,1.307,3.3027,1.5876,3.6352,1.7993,2.9716,1.1109,3.3217,1.3412,3.5963,1.5483,2.8011,0.6384,3.0512,0.6024,3.2548,0.6045,1.6382,0.4055,1.2529,1.1594,1.2573,1.517,1.2732,1.92,2.4828,1.5281,2.8189,1.8278,3.0922,2.0749,2.8866,1.3214,3.2909,1.6019,3.6256,1.811,2.954,1.1328,3.3018,1.357,3.5777,1.5541,2.7893,0.633,3.0355,0.5952,3.2373,0.5971,1.6458,0.4159,1.2504,1.1513,1.2545,1.5178,1.2697,1.9199,2.4605,1.5157,2.8022,1.8247,3.0822,2.0772,2.8652,1.3266,3.2719,1.6113,3.609,1.8279,2.9568,1.1571,3.315,1.3711,3.6011,1.5569,2.8228,0.7497,3.0736,0.7582,3.2798,0.7923,0.0,0.0,0.0,0.0,0.0,0.0,0.0,0.0,0.0,0.0,0.0,0.0,0.0,0.0,-0.406,-0.0319,0.0,0.0,0.0,0.0,-0.5285,0.5497,-0.7513,1.067,-0.9924,1.3491,-0.362,-0.2857,-0.4107,-0.5244,-0.54,-0.7839,0.0,0.0,0.0,0.0,0.0,0.0,0.0,0.0,0.0,0.0,0.0,0.0,0.0,0.0,0.0,0.0,0.0,0.0,0.0,0.0,-0.1854,0.5218,-0.2442,0.797,-0.3344,1.0081,0.0,0.0,0.0,0.0,0.0,0.0,0.0,0.0,0.0,0.0,0.0,0.0,0.0,0.0,0.0,0.0,0.0,0.0,0.0,0.0,0.0,0.0,0.0,0.0,0.0,0.0,0.0,0.0,0.0,0.0,0.0,0.0,0.0,0.0,0.0,0.0,0.0,0.0,0.0,0.0,0.0,0.0,0.0,0.0,0.0,0.0,0.0,0.0,0.0,0.0,0.0,0.0,0.0,0.0,0.0,0.0,0.0,0.0,0.0,0.0,0.0,0.0,0.0,0.0,0.404,1.4059,0.4588,1.9642,0.5122,2.3515,False,False,False,True,False,False,right,False,False,False,True,False,False,
video 02.mp4,372655f94428d157,42416,14750,15083,177,181,1.6382,0.4055,1.2529,1.1594,1.2573,1.517,1.2732,1.92,2.4828,1.5281,2.8189,1.8278,3.0922,2.0749,2.8866,1.3214,3.2909,1.6019,3.6256,1.811,2.954,1.1328,3.3018,1.357,3.5777,1.5541,2.7893,0.633,3.0355,0.5952,3.2373,0.5971,1.6458,0.4159,1.2504,1.1513,1.2545,1.5178,1.2697,1.9199,2.4605,1.5157,2.8022,1.8247,3.0822,2.0772,2.8652,1.3266,3.2719,1.6113,3.609,1.8279,2.9568,1.1571,3.315,1.3711,3.6011,1.5569,2.8228,0.7497,3.0736,0.7582,3.2798,0.7923,1.6663,0.4311,1.2614,1.1578,1.2625,1.5193,1.2814,1.9209,2.4649,1.4942,2.7949,1.816,3.0735,2.0793,2.8691,1.3134,3.2659,1.6156,3.6008,1.8577,2.9657,1.1373,3.3342,1.3771,3.6327,1.5872,2.8599,0.8961,3.1115,1.0036,3.3253,1.1137,1.6901,0.4366,1.2704,1.1549,1.2713,1.5158,1.2964,1.9139,2.4657,1.4355,2.7908,1.7269,3.0721,1.9682,2.8553,1.3093,3.2374,1.6203,3.563,1.8752,2.9771,1.1363,3.3501,1.3857,3.6547,1.6032,2.8963,0.9276,3.1559,1.0472,3.3838,1.1565,1.7138,0.4867,1.2981,1.1635,1.2987,1.5076,1.3305,1.9117,2.487,1.3827,2.8256,1.6413,3.129,1.8667,2.8696,1.3023,3.2652,1.6068,3.6198,1.8568,2.9904,1.1546,3.3714,1.4107,3.6739,1.6293,2.935,0.9739,3.1975,1.0835,3.4263,1.1881,0.0,0.0,0.0,0.0,0.0,0.0,0.0,0.0,0.0,0.0,0.0,0.0,0.0,0.0,0.0,0.0,0.0,0.0,0.0,0.0,0.0,0.0,0.0,0.0,0.0,0.0,0.404,1.4059,0.4588,1.9642,0.5122,2.3515,0.0,0.0,0.0,0.0,0.0,0.0,0.0,0.0,0.0,0.0,0.0,0.0,0.0,0.0,0.0,0.0,0.0,0.0,0.0,0.0,0.0,0.0,0.0,0.0,0.381,0.3653,0.4464,1.7641,0.4559,2.9559,0.5481,3.8727,0.0,0.0,0.0,0.0,0.0,0.0,0.0,0.0,0.009,-0.6987,-0.0484,-1.0601,-0.0163,-1.323,0.0,0.0,0.0,0.0,-0.4503,0.2084,0.0,0.0,0.0,0.0,0.0,0.0,0.433,0.375,0.5289,0.5198,0.6958,0.5086,0.2863,0.6039,0.0,0.0,0.0,0.0,0.41,-0.027,0.2569,-0.6354,0.4193,-1.0313,0.6855,-1.2229,0.0,0.0,0.0,0.0,0.6845,-0.2213,0.0,0.0,0.0,0.0,0.0,0.0,0.4669,0.557,0.5018,0.4373,0.5129,0.381,False,False,False,False,True,False,right,False,False,False,True,False,False,
video 02.mp4,372655f94428d157,42416,15000,15333,180,184,1.6901,0.4366,1.2704,1.1549,1.2713,1.5158,1.2964,1.9139,2.4657,1.4355,2.7908,1.7269,3.0721,1.9682,2.8553,1.3093,3.2374,1.6203,3.563,1.8752,2.9771,1.1363,3.3501,1.3857,3.6547,1.6032,2.8963,0.9276,3.1559,1.0472,3.3838,1.1565,1.7138,0.4867,1.2981,1.1635,1.2987,1.5076,1.3305,1.9117,2.487,1.3827,2.8256,1.6413,3.129,1.8667,2.8696,1.3023,3.2652,1.6068,3.6198,1.8568,2.9904,1.1546,3.3714,1.4107,3.6739,1.6293,2.935,0.9739,3.1975,1.0835,3.4263,1.1881,1.7413,0.4876,1.3127,1.1636,1.2905,1.5085,1.2856,1.9007,2.5346,1.4006,2.8836,1.6482,3.1911,1.8622,2.9048,1.2949,3.3226,1.5753,3.6858,1.8057,3.0171,1.1586,3.3948,1.4037,3.6913,1.6164,2.9638,0.9687,3.2297,1.0728,3.4555,1.1823,1.7286,0.4718,1.3129,1.1779,1.2969,1.5408,1.266,1.9249,2.5444,1.3918,2.8958,1.623,3.2031,1.8205,3.0039,1.1952,3.4416,1.3842,3.8096,1.5335,3.0822,1.0808,3.4908,1.2259,3.8252,1.3493,2.9766,0.9045,3.2748,0.9282,3.5336,0.9537,1.7418,0.4808,1.3122,1.1817,1.2945,1.557,1.2671,1.954,2.5471,1.3399,2.9054,1.5453,3.2174,1.7234,3.0353,1.1588,3.4853,1.3186,3.8762,1.4503,3.1106,1.0313,3.5354,1.1345,3.8805,1.2185,3.0202,0.8629,3.312,0.881,3.5691,0.9014,0.2863,0.6039,0.0,0.0,0.0,0.0,0.41,-0.027,0.2569,-0.6354,0.4193,-1.0313,0.6855,-1.2229,0.0,0.0,0.0,0.0,0.6845,-0.2213,0.0,0.0,0.0,0.0,0.0,0.0,0.4669,0.557,0.5018,0.4373,0.5129,0.381,0.0,0.0,0.0,0.0,0.0,0.0,-0.5406,-0.133,0.5735,0.2149,0.6993,0.0825,0.7482,-0.0538,0.4246,-0.0892,0.6914,-0.379,0.7952,-0.6158,0.0,0.0,0.0,0.0,0.0,0.0,0.0,0.0,0.3872,-0.1296,0.0,0.0,0.0,0.0,0.0,0.0,0.0,0.0,0.0,0.0,0.0,0.0,0.0,0.0,0.1429,-0.4974,1.1791,-1.1861,1.4174,-2.2745,1.4734,-3.2408,0.7752,-0.9254,1.1422,-2.117,1.5947,-3.1793,0.1521,-0.7638,0.5371,-1.7215,0.9301,-2.7211,0.0,0.0,0.0,0.0,0.0,0.0,0.0,0.0,0.0323,-0.6249,0.1152,-0.9362,0.1724,-1.1699,0.378,-0.4393,0.5263,-0.7904,0.8028,-1.0025,0.342,-0.5964,0.5371,-1.1008,0.6661,-1.5763,0.525,-0.5012,0.4486,-0.5682,0.4275,-0.6308,False,False,False,False,False,False,right,False,False,False,True,False,False,
video 02.mp4,372655f94428d157,42416,15250,15583,183,187,1.7286,0.4718,1.3129,1.1779,1.2969,1.5408,1.266,1.9249,2.5444,1.3918,2.8958,1.623,3.2031,1.8205,3.0039,1.1952,3.4416,1.3842,3.8096,1.5335,3.0822,1.0808,3.4908,1.2259,3.8252,1.3493,2.9766,0.9045,3.2748,0.9282,3.5336,0.9537,1.7418,0.4808,1.3122,1.1817,1.2945,1.557,1.2671,1.954,2.5471,1.3399,2.9054,1.5453,3.2174,1.7234,3.0353,1.1588,3.4853,1.3186,3.8762,1.4503,3.1106,1.0313,3.5354,1.1345,3.8805,1.2185,3.0202,0.8629,3.312,0.881,3.5691,0.9014,1.7227,0.467,1.3089,1.1818,1.2918,1.5627,1.2525,1.9612,2.5554,1.4082,2.8929,1.6802,3.1929,1.9238,3.062,1.1487,3.4937,1.3099,3.8787,1.4474,3.1175,0.9849,3.5326,1.0694,3.8822,1.1474,3.0154,0.8514,3.3024,0.869,3.5552,0.8976,1.7142,0.4321,1.3047,1.1807,1.2867,1.5679,1.232,1.9581,2.5324,1.5111,2.8522,1.8264,3.1501,2.0894,3.0791,1.1354,3.5158,1.2753,3.9087,1.3862,3.1275,0.9473,3.5368,1.0205,3.8829,1.0865,3.0055,0.8157,3.288,0.8222,3.537,0.8504,1.6875,0.433,1.287,1.1777,1.2675,1.5612,1.2299,1.9502,2.5059,1.5468,2.8208,1.8588,3.1223,2.111,3.0807,1.1428,3.5171,1.2818,3.919,1.3928,3.1227,0.9386,3.527,1.0,3.8735,1.0531,2.9887,0.8013,3.2602,0.8029,3.5006,0.8244,0.0,0.0,0.0,0.0,0.0,0.0,0.0,0.0,0.0323,-0.6249,0.1152,-0.9362,0.1724,-1.1699,0.378,-0.4393,0.5263,-0.7904,0.8028,-1.0025,0.342,-0.5964,0.5371,-1.1008,0.6661,-1.5763,0.525,-0.5012,0.4486,-0.5682,0.4275,-0.6308,0.0,0.0,0.0,0.0,0.0,0.0,0.0,0.0,0.1004,0.8231,-0.1502,1.6258,-0.2953,2.4152,0.0,0.0,0.0,0.0,0.0,0.0,0.0841,-0.559,-0.0336,-0.7848,0.0211,-0.856,0.0,0.0,0.0,0.0,0.0,0.0,-0.1006,-0.415,0.0,0.0,0.0,0.0,0.0,0.0,-0.2732,1.2245,-0.4847,1.7408,-0.5099,1.9717,0.0,0.0,0.2623,-0.4114,0.3569,-0.7287,0.1189,-0.4476,0.0499,-0.5824,0.0079,-0.7253,-0.1184,-0.4257,-0.1709,-0.5572,-0.2172,-0.5612,0.0,0.0,0.0,0.0,0.0,0.0,0.0,0.0,-0.3197,0.4296,-0.3782,0.3895,-0.3348,0.2602,0.0,0.0,0.0,0.0,0.0,0.0,0.0,0.0,0.0,0.0,-0.1129,-0.4024,0.0,0.0,-0.3356,-0.232,-0.4381,-0.3139,False,True,False,False,False,False,right,False,False,False,True,False,False,
video 02.mp4,372655f94428d157,42416,15500,15833,186,190,1.7142,0.4321,1.3047,1.1807,1.2867,1.5679,1.232,1.9581,2.5324,1.5111,2.8522,1.8264,3.1501,2.0894,3.0791,1.1354,3.5158,1.2753,3.9087,1.3862,3.1275,0.9473,3.5368,1.0205,3.8829,1.0865,3.0055,0.8157,3.288,0.8222,3.537,0.8504,1.6875,0.433,1.287,1.1777,1.2675,1.5612,1.2299,1.9502,2.5059,1.5468,2.8208,1.8588,3.1223,2.111,3.0807,1.1428,3.5171,1.2818,3.919,1.3928,3.1227,0.9386,3.527,1.0,3.8735,1.0531,2.9887,0.8013,3.2602,0.8029,3.5006,0.8244,1.6743,0.4339,1.2908,1.165,1.2617,1.5522,1.1988,1.9312,2.4954,1.5423,2.8058,1.8375,3.0925,2.0753,3.0277,1.1958,3.4311,1.3683,3.7994,1.4993,3.0954,0.9641,3.4777,1.0378,3.8115,1.1034,2.9409,0.7865,3.2037,0.7804,3.4365,0.795,1.6611,0.4431,1.2875,1.1809,1.2501,1.5568,1.1951,1.9438,2.5034,1.5496,2.8215,1.8479,3.0983,2.0951,2.9297,1.3269,3.3145,1.6103,3.6395,1.8293,3.0343,1.0757,3.4007,1.2564,3.7025,1.4303,2.8702,0.7148,3.1276,0.6928,3.354,0.7077,1.6483,0.4359,1.2773,1.1814,1.2419,1.5519,1.1942,1.9416,2.5014,1.5508,2.8236,1.8511,3.0978,2.1025,2.8931,1.3516,3.2712,1.6476,3.5974,1.881,2.9966,1.0972,3.356,1.2913,3.6547,1.4731,2.8273,0.6802,3.077,0.6438,3.2974,0.6418,0.0,0.0,0.0,0.0,0.0,0.0,0.0,0.0,-0.3197,0.4296,-0.3782,0.3895,-0.3348,0.2602,0.0,0.0,0.0,0.0,0.0,0.0,0.0,0.0,0.0,0.0,-0.1129,-0.4024,0.0,0.0,-0.3356,-0.232,-0.4381,-0.3139,0.0,0.0,0.0,0.0,0.0,0.0,-0.3744,-0.2285,0.0,0.0,0.0,0.0,-0.3588,-0.4311,-0.6378,0.6385,-1.0364,1.0421,-1.4415,1.2837,-0.3292,0.3072,-0.5942,0.4552,-0.7476,0.6067,-0.5765,-0.1791,-0.6796,-0.2709,-0.7721,-0.3543,0.0,0.0,0.0,0.0,0.0,0.0,0.0,0.0,0.0,0.0,0.0,0.0,0.0,0.0,-1.1665,1.5617,-1.3875,2.8815,-1.9031,3.928,-0.7282,1.3295,-0.916,2.602,-1.2969,3.891,-0.8413,-0.8531,-0.9066,-1.0436,-0.9823,-1.0388,0.0,0.0,0.0,0.0,0.0,0.0,0.0,0.0,0.0,0.0,0.0,0.0,0.0,0.0,-0.4418,0.297,-0.5221,0.4486,-0.5079,0.6235,-0.454,0.258,-0.5384,0.4206,-0.5771,0.5162,-0.5172,-0.4172,-0.6096,-0.5908,-0.682,-0.7936,False,False,True,False,False,False,right,False,False,False,True,False,False,
video 02.mp4,372655f94428d157,42416,15750,16083,189,193,1.6611,0.4431,1.2875,1.1809,1.2501,1.5568,1.1951,1.9438,2.5034,1.5496,2.8215,1.8479,3.0983,2.0951,2.9297,1.3269,3.3145,1.6103,3.6395,1.8293,3.0343,1.0757,3.4007,1.2564,3.7025,1.4303,2.8702,0.7148,3.1276,0.6928,3.354,0.7077,1.6483,0.4359,1.2773,1.1814,1.2419,1.5519,1.1942,1.9416,2.5014,1.5508,2.8236,1.8511,3.0978,2.1025,2.8931,1.3516,3.2712,1.6476,3.5974,1.881,2.9966,1.0972,3.356,1.2913,3.6547,1.4731,2.8273,0.6802,3.077,0.6438,3.2974,0.6418,1.6354,0.4384,1.2676,1.1835,1.2337,1.5512,1.1958,1.9413,2.4912,1.5447,2.8137,1.8424,3.0823,2.0931,2.8708,1.3553,3.2458,1.6462,3.5701,1.8776,2.9743,1.0957,3.3366,1.2817,3.6361,1.4541,2.8028,0.6616,3.0511,0.622,3.2679,0.6159,1.5039,0.4236,1.1787,1.082,1.1622,1.4251,1.128,1.7781,2.3539,1.4649,2.6676,1.7252,2.9339,1.9472,2.7209,1.2373,3.1039,1.4249,3.4459,1.5722,2.8016,0.9983,3.149,1.1079,3.4528,1.2134,2.6023,0.6151,2.8406,0.5762,3.0444,0.5675,1.5138,0.4267,1.1939,1.0878,1.1809,1.4267,1.1539,1.7808,2.3467,1.3189,2.6606,1.5112,2.932,1.6809,2.7634,1.1112,3.1787,1.2589,3.5538,1.3741,2.8102,0.9055,3.1873,0.9877,3.5197,1.067,2.6223,0.6129,2.8777,0.5726,3.1027,0.5545,0.0,0.0,0.0,0.0,0.0,0.0,0.0,0.0,0.0,0.0,0.0,0.0,0.0,0.0,-0.4418,0.297,-0.5221,0.4486,-0.5079,0.6235,-0.454,0.258,-0.5384,0.4206,-0.5771,0.5162,-0.5172,-0.4172,-0.6096,-0.5908,-0.682,-0.7936,0.0,0.0,0.0,0.0,0.0,0.0,0.0,0.0,0.0,0.0,0.0,0.0,0.0,0.0,0.0,0.0,0.0,0.0,0.0,0.0,0.0,0.0,0.0,0.0,0.0,0.0,0.0,0.0,-0.3125,-0.2619,-0.3561,-0.313,0.0,0.0,0.0,0.0,0.0,0.0,0.0,0.0,0.0,0.0,0.0,0.0,0.0,0.0,0.0,0.0,0.0,0.0,0.0,0.0,0.0,0.0,0.0,0.0,0.0,0.0,0.0,0.0,0.0,0.0,0.0,0.0,0.0,0.0,0.0,0.0,0.0,0.0,0.0,0.0,-0.0872,-1.7583,-0.0847,-2.5782,-0.0231,-3.2083,0.5117,-1.5189,0.9008,-2.0,1.2995,-2.3864,0.1044,-1.1181,0.4615,-1.4477,0.8057,-1.7629,0.0,0.0,0.4477,-0.0439,0.7025,-0.1563,False,False,False,False,False,False,right,False,False,False,True,False,False,
video 02.mp4,372655f94428d157,42416,16000,16333,192,196,1.5039,0.4236,1.1787,1.082,1.1622,1.4251,1.128,1.7781,2.3539,1.4649,2.6676,1.7252,2.9339,1.9472,2.7209,1.2373,3.1039,1.4249,3.4459,1.5722,2.8016,0.9983,3.149,1.1079,3.4528,1.2134,2.6023,0.6151,2.8406,0.5762,3.0444,0.5675,1.5138,0.4267,1.1939,1.0878,1.1809,1.4267,1.1539,1.7808,2.3467,1.3189,2.6606,1.5112,2.932,1.6809,2.7634,1.1112,3.1787,1.2589,3.5538,1.3741,2.8102,0.9055,3.1873,0.9877,3.5197,1.067,2.6223,0.6129,2.8777,0.5726,3.1027,0.5545,1.7214,0.4966,1.3111,1.21,1.2809,1.5642,1.2847,1.9679,2.527,1.3984,2.9106,1.6019,3.2589,1.7824,2.9987,1.202,3.4731,1.3865,3.9246,1.5513,2.9886,1.0698,3.3219,1.2559,3.5703,1.4193,2.9231,0.7537,3.1786,0.6871,3.4116,0.6761,1.7172,0.504,1.3162,1.2124,1.2921,1.5629,1.297,1.9691,2.5199,1.3942,2.8983,1.5958,3.2445,1.7747,2.9842,1.2208,3.4546,1.4222,3.902,1.5987,2.9936,1.0956,3.3446,1.2985,3.615,1.4813,2.924,0.7549,3.1872,0.6905,3.421,0.6807,1.7259,0.5115,1.3215,1.207,1.2885,1.5651,1.2931,1.9697,2.5238,1.3845,2.9064,1.5711,3.2547,1.7324,2.9616,1.2452,3.4261,1.4513,3.8722,1.6298,2.9975,1.1239,3.3536,1.3319,3.6316,1.5183,2.9313,0.7757,3.1991,0.7234,3.4364,0.7193,0.0,0.0,0.0,0.0,0.0,0.0,0.0,0.0,-0.0872,-1.7583,-0.0847,-2.5782,-0.0231,-3.2083,0.5117,-1.5189,0.9008,-2.0,1.2995,-2.3864,0.1044,-1.1181,0.4615,-1.4477,0.8057,-1.7629,0.0,0.0,0.4477,-0.0439,0.7025,-0.1563,0.0,0.0,0.0,0.0,0.0,0.0,0.0,0.0,0.0,0.0,0.0,0.0,0.0,0.0,0.0,0.0,0.0,0.0,0.0,0.0,0.0,0.0,0.0,0.0,0.0,0.0,0.0,0.0,0.0,0.0,0.0,0.0,0.0,0.0,0.0,0.0,0.0,0.0,0.0,0.0,0.0,0.0,0.0,0.0,0.0,0.0,0.0,0.0,-0.2228,0.43,-0.2725,0.5706,0.0,0.0,0.2738,0.513,0.5382,0.7467,0.0,0.0,0.0,0.0,0.0,0.0,0.0,0.0,0.0,0.0,0.0,0.0,0.0,0.0,0.0,0.0,0.0,0.0,0.1209,-0.503,0.0,0.0,-0.3387,0.3463,-0.3553,0.3705,0.0,0.0,0.1064,0.3972,0.1985,0.4407,0.0,0.0,0.1411,0.3919,0.1825,0.46,False,False,False,False,False,False,right,False,False,False,True,True,False,
video 02.mp4,372655f94428d157,42416,16249,16583,195,199,1.7172,0.504,1.3162,1.2124,1.2921,1.5629,1.297,1.9691,2.5199,1.3942,2.8983,1.5958,3.2445,1.7747,2.9842,1.2208,3.4546,1.4222,3.902,1.5987,2.9936,1.0956,3.3446,1.2985,3.615,1.4813,2.924,0.7549,3.1872,0.6905,3.421,0.6807,1.7259,0.5115,1.3215,1.207,1.2885,1.5651,1.2931,1.9697,2.5238,1.3845,2.9064,1.5711,3.2547,1.7324,2.9616,1.2452,3.4261,1.4513,3.8722,1.6298,2.9975,1.1239,3.3536,1.3319,3.6316,1.5183,2.9313,0.7757,3.1991,0.7234,3.4364,0.7193,1.6952,0.5363,1.3056,1.1722,1.2761,1.5255,1.2733,1.9224,2.5871,1.3626,2.9842,1.5142,3.3308,1.6345,2.944,1.3058,3.3756,1.4913,3.7694,1.6419,2.995,1.1629,3.376,1.3252,3.6787,1.4694,2.9051,0.7777,3.1757,0.7693,3.408,0.788,1.7149,0.5339,1.3074,1.1753,1.27,1.5305,1.2624,1.924,2.543,1.336,2.9121,1.474,3.2449,1.6004,2.9014,1.3736,3.2985,1.6392,3.6698,1.8734,2.9817,1.1811,3.3415,1.3761,3.6201,1.5613,2.9101,0.7832,3.174,0.767,3.4056,0.7832,1.7064,0.5348,1.3132,1.1675,1.2773,1.5253,1.272,1.9191,2.4854,1.3874,2.8196,1.5905,3.1094,1.7789,2.8894,1.4069,3.2767,1.6759,3.637,1.9102,3.0038,1.1827,3.3718,1.3687,3.6657,1.5449,2.9071,0.7532,3.1683,0.7416,3.3992,0.7631,0.0,0.0,0.0,0.0,0.0,0.0,0.0,0.0,0.0,0.0,0.0,0.0,0.1209,-0.503,0.0,0.0,-0.3387,0.3463,-0.3553,0.3705,0.0,0.0,0.1064,0.3972,0.1985,0.4407,0.0,0.0,0.1411,0.3919,0.1825,0.46,0.0,0.0,0.0,0.0,0.0,0.0,0.0,0.0,0.0,0.0,0.0,0.0,0.0,0.0,0.0,0.0,0.0,0.0,0.0,0.0,0.0,0.0,0.0,0.0,0.0,0.0,0.0,0.0,0.0,0.0,0.0,0.0,0.0,0.0,0.0,0.0,0.0,0.0,0.0,0.0,-0.5255,-0.3165,-0.8586,-0.4791,-1.0227,-0.4058,-0.5069,0.8064,-0.9182,1.7611,-1.1864,2.7561,0.0,0.0,-0.4106,0.6057,-0.6975,1.0939,0.0,0.0,0.0,0.0,0.0,0.0,0.0,0.0,0.0,0.0,0.0,0.0,0.0,0.0,-0.694,0.6194,-1.1142,1.4036,-1.633,2.151,-0.1444,0.4015,-0.2627,0.4422,-0.3944,0.4435,0.0,0.0,0.0,0.0,0.5493,-0.1967,0.0,0.0,0.0,0.0,0.0,0.0,False,False,True,False,False,False,right,False,False,False,True,False,False,
video 02.mp4,372655f94428d157,42416,16500,16833,198,202,1.7149,0.5339,1.3074,1.1753,1.27,1.5305,1.2624,1.924,2.543,1.336,2.9121,1.474,3.2449,1.6004,2.9014,1.3736,3.2985,1.6392,3.6698,1.8734,2.9817,1.1811,3.3415,1.3761,3.6201,1.5613,2.9101,0.7832,3.174,0.767,3.4056,0.7832,1.7064,0.5348,1.3132,1.1675,1.2773,1.5253,1.272,1.9191,2.4854,1.3874,2.8196,1.5905,3.1094,1.7789,2.8894,1.4069,3.2767,1.6759,3.637,1.9102,3.0038,1.1827,3.3718,1.3687,3.6657,1.5449,2.9071,0.7532,3.1683,0.7416,3.3992,0.7631,1.6896,0.4897,1.3085,1.1425,1.2714,1.4977,1.2655,1.8832,2.4914,1.5373,2.8138,1.8226,3.0847,2.0713,2.8875,1.4185,3.2663,1.702,3.6007,1.9374,3.0116,1.1713,3.3768,1.3546,3.6729,1.5293,2.8852,0.7266,3.1398,0.7252,3.3623,0.7592,1.6701,0.4741,1.3022,1.1278,1.2672,1.4695,1.2567,1.8361,2.4734,1.5632,2.7896,1.8518,3.0532,2.1006,2.8746,1.4116,3.2509,1.6957,3.5748,1.9271,3.0023,1.1562,3.3673,1.339,3.6642,1.5121,2.8565,0.715,3.1063,0.7175,3.3226,0.7549,1.6676,0.4546,1.2832,1.0558,1.2221,1.3457,1.1566,1.6489,2.4423,1.5635,2.7602,1.8409,3.04,2.0767,2.8835,1.3309,3.2885,1.5492,3.6562,1.7167,2.9967,1.0946,3.3735,1.2325,3.6911,1.3566,2.8391,0.7269,3.0976,0.7257,3.3193,0.7541,0.0,0.0,0.0,0.0,0.0,0.0,0.0,0.0,-0.694,0.6194,-1.1142,1.4036,-1.633,2.151,-0.1444,0.4015,-0.2627,0.4422,-0.3944,0.4435,0.0,0.0,0.0,0.0,0.5493,-0.1967,0.0,0.0,0.0,0.0,0.0,0.0,-0.2027,-0.5433,0.0,0.0,0.0,0.0,-0.0783,-0.4327,0.0724,1.805,-0.0703,2.7969,-0.2976,3.5233,0.0,0.0,0.0,0.0,-0.4376,0.3275,0.0,0.0,0.0,0.0,0.0,0.0,-0.2644,-0.3206,0.0,0.0,-0.4451,-0.0471,0.0,0.0,0.0,0.0,0.0,0.0,-0.1045,-0.5609,0.0,0.0,-0.2881,0.3476,-0.375,0.3488,0.0,0.0,0.0,0.0,0.0,0.0,0.0,0.0,0.0,0.0,0.0,0.0,0.0,0.0,-0.3995,-0.0911,-0.4719,-0.0522,0.0,0.0,-0.2284,-0.8665,-0.5432,-1.4909,-1.2058,-2.2548,0.0,0.0,0.0,0.0,0.0,0.0,0.1076,-0.9721,0.4534,-1.7643,0.9802,-2.5353,-0.0671,-0.7429,0.0754,-1.2838,0.3239,-1.8739,0.0,0.0,0.0,0.0,0.0,0.0,False,True,False,False,False,False,right,False,False,False,True,False,False,
video 02.mp4,372655f94428d157,42416,16750,17083,201,205,1.6701,0.4741,1.3022,1.1278,1.2672,1.4695,1.2567,1.8361,2.4734,1.5632,2.7896,1.8518,3.0532,2.1006,2.8746,1.4116,3.2509,1.6957,3.5748,1.9271,3.0023,1.1562,3.3673,1.339,3.6642,1.5121,2.8565,0.715,3.1063,0.7175,3.3226,0.7549,1.6676,0.4546,1.2832,1.0558,1.2221,1.3457,1.1566,1.6489,2.4423,1.5635,2.7602,1.8409,3.04,2.0767,2.8835,1.3309,3.2885,1.5492,3.6562,1.7167,2.9967,1.0946,3.3735,1.2325,3.6911,1.3566,2.8391,0.7269,3.0976,0.7257,3.3193,0.7541,1.6244,0.414,1.2022,1.1179,1.1574,1.4628,1.0991,1.8281,2.393,1.5266,2.6998,1.8126,2.9609,2.0478,2.8665,1.1869,3.2792,1.3734,3.6278,1.5097,2.942,0.9812,3.3246,1.0942,3.6398,1.1958,2.787,0.7374,3.0497,0.7394,3.2607,0.7583,1.6301,0.4441,1.2161,1.131,1.1627,1.4819,1.0966,1.8582,2.388,1.3806,2.7059,1.6088,2.989,1.8062,2.8737,1.1822,3.3023,1.3683,3.6932,1.5119,2.9423,0.9825,3.3328,1.0921,3.6565,1.1866,2.8007,0.7486,3.0579,0.749,3.2774,0.7676,1.6602,0.5242,1.2595,1.1666,1.179,1.5314,1.1077,1.9055,2.5917,1.2982,2.97,1.442,3.3052,1.5526,2.9761,1.1553,3.4383,1.2733,3.8463,1.3494,3.0155,0.9721,3.43,1.0482,3.7667,1.101,2.8974,0.7481,3.1543,0.7607,3.372,0.7767,0.0,0.0,-0.2284,-0.8665,-0.5432,-1.4909,-1.2058,-2.2548,0.0,0.0,0.0,0.0,0.0,0.0,0.1076,-0.9721,0.4534,-1.7643,0.9802,-2.5353,-0.0671,-0.7429,0.0754,-1.2838,0.3239,-1.8739,0.0,0.0,0.0,0.0,0.0,0.0,0.0,0.0,0.0,0.0,0.0,0.0,0.0,0.0,0.0,0.0,0.0,0.0,0.0,0.0,0.0,0.0,0.0,0.0,0.0,0.0,0.0,0.0,0.0,0.0,0.0,0.0,0.0,0.0,0.0,0.0,0.0,0.0,0.0,0.0,0.0,0.0,0.0,0.0,0.0,0.0,-0.0597,-1.7373,0.0725,-2.4262,0.3337,-2.8758,0.0,0.0,0.0,0.0,0.7793,0.0253,0.0,0.0,0.0,0.0,0.0,0.0,0.0,0.0,0.0,0.0,0.0,0.0,0.0,0.0,0.0,0.0,0.0,0.0,0.0,0.0,0.0,0.0,0.0,0.0,0.0,0.0,0.0,0.0,0.0,0.0,0.0,0.0,0.0,0.0,0.0,0.0,0.0,0.0,0.0,0.0,0.0,0.0,0.0,0.0,False,False,False,False,False,False,right,False,False,False,True,False,False,
video 02.mp4,372655f94428d157,42416,17000,17333,204,208,1.6301,0.4441,1.2161,1.131,1.1627,1.4819,1.0966,1.8582,2.388,1.3806,2.7059,1.6088,2.989,1.8062,2.8737,1.1822,3.3023,1.3683,3.6932,1.5119,2.9423,0.9825,3.3328,1.0921,3.6565,1.1866,2.8007,0.7486,3.0579,0.749,3.2774,0.7676,1.6602,0.5242,1.2595,1.1666,1.179,1.5314,1.1077,1.9055,2.5917,1.2982,2.97,1.442,3.3052,1.5526,2.9761,1.1553,3.4383,1.2733,3.8463,1.3494,3.0155,0.9721,3.43,1.0482,3.7667,1.101,2.8974,0.7481,3.1543,0.7607,3.372,0.7767,1.686,0.5544,1.2632,1.1699,1.1893,1.5337,1.1109,1.905,2.5545,1.2718,2.9363,1.3913,3.2739,1.4756,2.9784,1.1382,3.4432,1.2266,3.8579,1.2746,3.026,0.9595,3.4419,1.0185,3.7778,1.0511,2.9283,0.7467,3.1837,0.7582,3.4002,0.7708,1.6941,0.5732,1.2715,1.1628,1.2048,1.5252,1.1254,1.8949,2.5274,1.2789,2.9161,1.3998,3.2614,1.4897,2.986,1.127,3.4508,1.1987,3.8652,1.2361,3.0337,0.9491,3.4484,0.9927,3.7816,1.0082,2.9446,0.7605,3.2041,0.7648,3.426,0.7669,1.7351,0.5856,1.2958,1.1431,1.2305,1.5011,1.1487,1.8812,2.5049,1.293,2.8934,1.4142,3.2427,1.5091,2.9847,1.1488,3.4516,1.2244,3.871,1.2707,3.047,0.9672,3.465,1.0094,3.7985,1.0299,2.9679,0.7902,3.232,0.7827,3.4594,0.7759,0.0,0.0,0.0,0.0,0.0,0.0,0.0,0.0,0.0,0.0,0.0,0.0,0.0,0.0,0.0,0.0,0.0,0.0,0.0,0.0,0.0,0.0,0.0,0.0,0.0,0.0,0.0,0.0,0.0,0.0,0.0,0.0,0.3113,0.3641,0.0,0.0,0.0,0.0,0.0,0.0,-0.4484,-0.3182,-0.406,-0.6105,-0.3773,-0.9275,0.0,0.0,0.0583,-0.562,0.1398,-0.9021,0.0,0.0,0.0,0.0,0.1338,-0.6014,0.0,0.0,0.0,0.0,0.0,0.0,0.0,0.0,0.0,0.0,0.0,0.0,0.0,0.0,0.0,0.0,0.0,0.0,0.0,0.0,0.0,0.0,0.0,0.0,0.0863,-0.4577,0.0,0.0,0.0,0.0,0.0448,-0.5103,0.0,0.0,0.0,0.0,0.0,0.0,0.4951,0.1484,0.0,0.0,0.3103,-0.2906,0.0,0.0,0.0,0.0,0.0,0.0,0.0,0.0,0.0,0.0,0.0,0.0,0.0695,0.417,0.0,0.0,0.0,0.0,0.0,0.0,0.2812,0.3586,0.0,0.0,0.4025,0.1091,False,False,False,False,False,False,right,False,False,False,True,False,False,
video 02.mp4,372655f94428d157,42416,17250,17583,207,211,1.6941,0.5732,1.2715,1.1628,1.2048,1.5252,1.1254,1.8949,2.5274,1.2789,2.9161,1.3998,3.2614,1.4897,2.986,1.127,3.4508,1.1987,3.8652,1.2361,3.0337,0.9491,3.4484,0.9927,3.7816,1.0082,2.9446,0.7605,3.2041,0.7648,3.426,0.7669,1.7351,0.5856,1.2958,1.1431,1.2305,1.5011,1.1487,1.8812,2.5049,1.293,2.8934,1.4142,3.2427,1.5091,2.9847,1.1488,3.4516,1.2244,3.871,1.2707,3.047,0.9672,3.465,1.0094,3.7985,1.0299,2.9679,0.7902,3.232,0.7827,3.4594,0.7759,1.7274,0.4559,1.282,1.1257,1.2349,1.4898,1.177,1.8587,2.4321,1.6079,2.7293,1.9349,3.0084,2.1905,3.0808,1.1683,3.5168,1.2906,3.9018,1.3833,3.1156,0.9323,3.5297,0.9861,3.8745,1.0328,2.9545,0.7706,3.2192,0.7585,3.4481,0.7692,1.732,0.4752,1.2855,1.1298,1.2415,1.4884,1.1989,1.8679,2.4057,1.6093,2.711,1.9269,3.004,2.1715,3.0526,1.1739,3.4912,1.2855,3.8843,1.3682,3.1053,0.9344,3.5215,0.9877,3.8635,1.0289,2.9617,0.7731,3.2228,0.7549,3.4518,0.755,1.7081,0.4605,1.2836,1.1152,1.2439,1.4791,1.2022,1.8552,2.3934,1.6089,2.6993,1.9227,2.9916,2.1641,3.0194,1.1879,3.45,1.3174,3.8484,1.4139,3.0885,0.9361,3.4908,0.9928,3.8338,1.0378,2.9341,0.7574,3.1928,0.7331,3.4213,0.7222,0.4951,0.1484,0.0,0.0,0.3103,-0.2906,0.0,0.0,0.0,0.0,0.0,0.0,0.0,0.0,0.0,0.0,0.0,0.0,0.0695,0.417,0.0,0.0,0.0,0.0,0.0,0.0,0.2812,0.3586,0.0,0.0,0.4025,0.1091,0.0,0.0,0.0,0.0,0.0,0.0,0.0,0.0,0.0,0.0,0.0,0.0,0.0,0.0,0.0,0.0,0.0,0.0,0.0,0.0,0.0,0.0,0.0,0.0,0.0,0.0,0.0,0.0,0.0,0.0,0.0,0.0,0.0,0.0,0.0,0.0,0.0,0.0,0.0,0.0,0.0,0.0,0.0,0.0,0.0,0.0,0.0,0.0,0.0,0.0,0.0,0.0,0.0,0.0,0.0,0.0,0.0,0.0,0.0,0.0,0.0,0.0,0.0,0.0,0.0,0.0,0.0,0.0,0.0,0.0,0.0,0.0,0.0,0.0,0.0,0.0,0.0,0.0,-0.4004,0.1681,-0.4957,0.3846,-0.4327,0.5511,0.0,0.0,0.0,0.0,0.0,0.0,0.0,0.0,-0.3606,-0.263,-0.3675,-0.3949,False,True,False,False,False,False,right,False,False,False,True,False,False,
video 02.mp4,372655f94428d157,42416,17500,17833,210,214,1.732,0.4752,1.2855,1.1298,1.2415,1.4884,1.1989,1.8679,2.4057,1.6093,2.711,1.9269,3.004,2.1715,3.0526,1.1739,3.4912,1.2855,3.8843,1.3682,3.1053,0.9344,3.5215,0.9877,3.8635,1.0289,2.9617,0.7731,3.2228,0.7549,3.4518,0.755,1.7081,0.4605,1.2836,1.1152,1.2439,1.4791,1.2022,1.8552,2.3934,1.6089,2.6993,1.9227,2.9916,2.1641,3.0194,1.1879,3.45,1.3174,3.8484,1.4139,3.0885,0.9361,3.4908,0.9928,3.8338,1.0378,2.9341,0.7574,3.1928,0.7331,3.4213,0.7222,1.6868,0.4647,1.2831,1.1199,1.2471,1.4765,1.2368,1.8602,2.4008,1.6037,2.707,1.9127,2.9798,2.1636,2.8737,1.3606,3.2459,1.6504,3.5612,1.8729,3.0191,1.0723,3.3917,1.2397,3.6942,1.39,2.8761,0.7252,3.1186,0.6939,3.3331,0.6809,1.6816,0.4685,1.2856,1.1318,1.2602,1.476,1.2764,1.8658,2.4048,1.6018,2.7203,1.9168,2.9886,2.1764,2.826,1.4034,3.2053,1.72,3.5234,1.96,2.9694,1.1611,3.3312,1.3848,3.6209,1.5809,2.8341,0.7087,3.0765,0.6717,3.2895,0.6575,1.6812,0.4703,1.2855,1.1236,1.2682,1.4665,1.2876,1.8575,2.3844,1.584,2.7028,1.8961,2.9673,2.159,2.7935,1.4171,3.1645,1.7321,3.4819,1.9776,2.952,1.1913,3.3141,1.4183,3.6032,1.6193,2.8294,0.7011,3.0759,0.6724,3.2882,0.6683,0.0,0.0,0.0,0.0,0.0,0.0,0.0,0.0,0.0,0.0,0.0,0.0,0.0,0.0,-0.4004,0.1681,-0.4957,0.3846,-0.4327,0.5511,0.0,0.0,0.0,0.0,0.0,0.0,0.0,0.0,-0.3606,-0.263,-0.3675,-0.3949,0.0,0.0,0.0,0.0,0.0,0.0,0.4163,0.0611,0.0,0.0,0.0,0.0,0.0,0.0,-1.7552,2.0816,-2.4589,4.0124,-3.4594,5.5294,-0.8356,1.6408,-1.1946,2.974,-1.6814,4.2439,-0.6985,-0.388,-0.894,-0.4717,-1.0635,-0.4976,0.0,0.0,0.0,0.0,0.0,0.0,0.4715,0.0659,0.0,0.0,0.0,0.0,0.0,0.0,-0.5677,0.5088,-0.4841,0.8278,-0.4503,1.0372,-0.5917,1.0578,-0.7202,1.7282,-0.8734,2.272,-0.5006,-0.1958,-0.5016,-0.2648,-0.5181,-0.2786,0.0,0.0,0.0,0.0,0.0,0.0,0.0,0.0,0.0,0.0,0.0,0.0,0.0,0.0,-0.3921,0.1654,-0.4914,0.1458,-0.5003,0.2117,-0.2099,0.3634,-0.2061,0.4033,-0.2132,0.4625,0.0,0.0,0.0,0.0,0.0,0.0,False,False,True,True,False,False,right,False,False,False,True,False,False,
video 02.mp4,372655f94428d157,42416,17750,18083,213,217,1.6816,0.4685,1.2856,1.1318,1.2602,1.476,1.2764,1.8658,2.4048,1.6018,2.7203,1.9168,2.9886,2.1764,2.826,1.4034,3.2053,1.72,3.5234,1.96,2.9694,1.1611,3.3312,1.3848,3.6209,1.5809,2.8341,0.7087,3.0765,0.6717,3.2895,0.6575,1.6812,0.4703,1.2855,1.1236,1.2682,1.4665,1.2876,1.8575,2.3844,1.584,2.7028,1.8961,2.9673,2.159,2.7935,1.4171,3.1645,1.7321,3.4819,1.9776,2.952,1.1913,3.3141,1.4183,3.6032,1.6193,2.8294,0.7011,3.0759,0.6724,3.2882,0.6683,1.6926,0.4775,1.2918,1.1074,1.2824,1.455,1.3154,1.8498,2.3623,1.4878,2.6971,1.7579,2.9754,1.9894,2.7497,1.4118,3.1131,1.7201,3.434,1.972,2.9415,1.2111,3.3118,1.4235,3.6023,1.6078,2.847,0.7315,3.0981,0.7125,3.3157,0.7196,1.7992,0.5711,1.3656,1.1208,1.3673,1.4514,1.4099,1.8591,2.4867,1.4345,2.8319,1.6874,3.1351,1.9038,2.9081,1.4594,3.2821,1.7723,3.6225,2.0449,3.0979,1.2765,3.4857,1.496,3.7849,1.6782,3.0743,1.0168,3.3499,1.1225,3.5881,1.2188,1.7597,0.5045,1.3076,1.0165,1.29,1.3141,1.3,1.6592,2.4212,1.3983,2.7785,1.6128,3.0886,1.8,2.8001,1.3917,3.1817,1.6693,3.5207,1.9061,2.9625,1.231,3.3376,1.436,3.6294,1.6126,2.9207,0.946,3.1829,1.0445,3.4006,1.1414,0.0,0.0,0.0,0.0,0.0,0.0,0.0,0.0,0.0,0.0,0.0,0.0,0.0,0.0,-0.3921,0.1654,-0.4914,0.1458,-0.5003,0.2117,-0.2099,0.3634,-0.2061,0.4033,-0.2132,0.4625,0.0,0.0,0.0,0.0,0.0,0.0,0.0,0.0,0.0,0.0,0.0,0.0,0.0,0.0,-0.267,-1.1596,-0.0684,-1.6655,0.0976,-2.0439,-0.5276,-0.0643,-0.6188,-0.1439,-0.5771,-0.0676,0.0,0.0,0.0,0.0,0.0,0.0,0.2112,0.3661,0.2685,0.483,0.3308,0.6176,0.0,0.0,0.0,0.0,0.0,0.0,0.0,0.0,0.0,0.0,0.0,0.0,0.0,0.0,0.0,0.0,0.0,0.0,0.0,0.0,0.0,0.0,0.0,0.0,0.0,0.0,0.0,0.0,0.0,0.0,0.0,0.0,0.4018,0.1616,0.0947,-0.5443,0.0455,-0.8434,-0.0925,-1.1412,0.3529,-0.5358,0.4877,-0.8687,0.6781,-1.1342,0.0,0.0,0.4107,-0.3045,0.5195,-0.3946,0.0,0.0,0.0,0.0,0.0,0.0,0.4417,1.2845,0.5078,1.9885,0.5089,2.5263,False,False,False,False,True,False,right,False,False,False,True,False,False,
video 02.mp4,372655f94428d157,42416,18000,18333,216,220,1.7992,0.5711,1.3656,1.1208,1.3673,1.4514,1.4099,1.8591,2.4867,1.4345,2.8319,1.6874,3.1351,1.9038,2.9081,1.4594,3.2821,1.7723,3.6225,2.0449,3.0979,1.2765,3.4857,1.496,3.7849,1.6782,3.0743,1.0168,3.3499,1.1225,3.5881,1.2188,1.7597,0.5045,1.3076,1.0165,1.29,1.3141,1.3,1.6592,2.4212,1.3983,2.7785,1.6128,3.0886,1.8,2.8001,1.3917,3.1817,1.6693,3.5207,1.9061,2.9625,1.231,3.3376,1.436,3.6294,1.6126,2.9207,0.946,3.1829,1.0445,3.4006,1.1414,1.8234,0.5535,1.3722,1.0754,1.3348,1.4087,1.3223,1.7638,2.5153,1.4069,2.8738,1.6183,3.1918,1.7983,2.9499,1.3965,3.384,1.6408,3.776,1.8538,3.1036,1.2498,3.504,1.4481,3.8206,1.6154,3.062,1.0096,3.3433,1.1192,3.5846,1.2191,1.7758,0.5085,1.3089,1.1059,1.274,1.4669,1.2566,1.8431,2.5154,1.3533,2.9024,1.5492,3.2445,1.6958,2.9141,1.2627,3.3647,1.4619,3.7568,1.6161,3.0241,1.1783,3.4395,1.3611,3.7707,1.5034,2.9849,1.0483,3.2853,1.1878,3.5419,1.2931,1.8081,0.5119,1.3228,1.126,1.2852,1.5154,1.2604,1.9085,2.5213,1.3046,2.9115,1.4824,3.2572,1.6142,2.9873,1.1963,3.443,1.3303,3.8327,1.4373,3.0855,1.1632,3.5238,1.3069,3.8651,1.4028,3.0084,1.0953,3.2993,1.2097,3.5594,1.2836,0.4018,0.1616,0.0947,-0.5443,0.0455,-0.8434,-0.0925,-1.1412,0.3529,-0.5358,0.4877,-0.8687,0.6781,-1.1342,0.0,0.0,0.4107,-0.3045,0.5195,-0.3946,0.0,0.0,0.0,0.0,0.0,0.0,0.4417,1.2845,0.5078,1.9885,0.5089,2.5263,0.0,0.0,0.0,0.0,0.0,0.0,-0.5274,-0.5741,0.0,0.0,0.2526,-0.4159,0.342,-0.6356,0.2518,-0.3794,0.6142,-0.7921,0.9246,-1.1516,0.0,0.0,0.0,0.0,0.2154,-0.3781,0.0,0.0,0.0,0.0,0.0,0.0,0.0,0.0,0.0076,0.5356,-0.0961,0.9147,-0.2597,1.101,0.564,-0.2695,0.7418,-0.3805,0.9335,-0.6235,0.6825,-0.7725,1.0961,-1.2416,1.4138,-1.7366,0.3689,-0.3158,0.61,-0.4483,0.8466,-0.654,0.3839,0.6127,0.6131,0.8577,0.846,0.908,0.0,0.0,0.0,0.0,0.1351,0.5843,0.045,0.7881,0.0706,-0.587,0.1097,-0.8048,0.1529,-0.9836,0.8817,-0.7997,0.9426,-1.5856,0.9142,-2.1535,0.7405,-0.1813,1.0159,-0.6532,1.1372,-1.2119,0.2832,0.566,0.0,0.0,0.0,0.0,False,False,False,False,False,False,right,False,False,False,True,True,False,
video 02.mp4,372655f94428d157,42416,18250,18583,219,223,1.7758,0.5085,1.3089,1.1059,1.274,1.4669,1.2566,1.8431,2.5154,1.3533,2.9024,1.5492,3.2445,1.6958,2.9141,1.2627,3.3647,1.4619,3.7568,1.6161,3.0241,1.1783,3.4395,1.3611,3.7707,1.5034,2.9849,1.0483,3.2853,1.1878,3.5419,1.2931,1.8081,0.5119,1.3228,1.126,1.2852,1.5154,1.2604,1.9085,2.5213,1.3046,2.9115,1.4824,3.2572,1.6142,2.9873,1.1963,3.443,1.3303,3.8327,1.4373,3.0855,1.1632,3.5238,1.3069,3.8651,1.4028,3.0084,1.0953,3.2993,1.2097,3.5594,1.2836,1.8145,0.5305,1.3287,1.1418,1.2951,1.5184,1.2829,1.919,2.5174,1.2738,2.9132,1.4416,3.2716,1.5606,3.0079,1.1636,3.4693,1.2672,3.8641,1.3397,3.1427,1.1312,3.6044,1.2194,3.9429,1.2358,3.1413,1.0824,3.4923,1.1548,3.7852,1.1554,1.8081,0.5563,1.3257,1.1515,1.2906,1.5244,1.2749,1.9266,2.5134,1.2793,2.8951,1.4708,3.2397,1.6235,3.0338,1.1334,3.4903,1.2496,3.8994,1.3539,3.1495,1.0703,3.608,1.1355,3.9602,1.1618,3.1103,1.0541,3.4357,1.0777,3.7237,1.062,1.82,0.493,1.3293,1.1678,1.291,1.5505,1.2662,1.9473,2.5033,1.4983,2.8167,1.8437,3.1238,2.1409,3.0815,1.031,3.5242,1.1106,3.9338,1.2197,3.1858,0.914,3.6182,0.9769,3.9605,1.0156,3.2093,0.9438,3.5562,0.9409,3.8619,0.94,0.0,0.0,0.0,0.0,0.1351,0.5843,0.045,0.7881,0.0706,-0.587,0.1097,-0.8048,0.1529,-0.9836,0.8817,-0.7997,0.9426,-1.5856,0.9142,-2.1535,0.7405,-0.1813,1.0159,-0.6532,1.1372,-1.2119,0.2832,0.566,0.0,0.0,0.0,0.0,0.0,0.0,0.0,0.0,0.0,0.0,0.0,0.0,0.0,0.0,0.0198,-0.4923,0.1733,-0.6453,0.2488,-0.3938,0.3167,-0.7605,0.3781,-1.1765,0.6888,-0.3867,0.9715,-1.0535,0.9368,-2.0117,1.6019,-0.1553,2.3245,-0.6616,2.7205,-1.5443,0.0,0.0,0.0,0.0,0.0,0.0,0.0,0.0,0.0,0.0,-0.2154,0.3484,-0.3797,0.7482,0.3077,-0.3603,0.0,0.0,0.4202,0.1689,0.0808,-0.7242,0.0424,-0.9993,0.2062,-0.8818,-0.3689,-0.3364,-0.6729,-0.9175,-0.732,-1.1114,0.1431,-0.7633,0.0,0.0,0.0,0.0,0.0,0.0,-0.1212,2.6391,-0.9444,4.4927,-1.3965,6.2337,0.5745,-1.233,0.409,-1.6749,0.4149,-1.6161,0.4377,-1.883,0.1227,-1.9105,0.0039,-1.7606,1.192,-1.3296,1.4511,-1.6484,1.6646,-1.4709,False,False,False,False,False,False,right,False,False,False,True,True,False,
video 02.mp4,372655f94428d157,42416,18500,18833,222,226,1.8081,0.5563,1.3257,1.1515,1.2906,1.5244,1.2749,1.9266,2.5134,1.2793,2.8951,1.4708,3.2397,1.6235,3.0338,1.1334,3.4903,1.2496,3.8994,1.3539,3.1495,1.0703,3.608,1.1355,3.9602,1.1618,3.1103,1.0541,3.4357,1.0777,3.7237,1.062,1.82,0.493,1.3293,1.1678,1.291,1.5505,1.2662,1.9473,2.5033,1.4983,2.8167,1.8437,3.1238,2.1409,3.0815,1.031,3.5242,1.1106,3.9338,1.2197,3.1858,0.914,3.6182,0.9769,3.9605,1.0156,3.2093,0.9438,3.5562,0.9409,3.8619,0.94,1.7737,0.4611,1.316,1.1603,1.2793,1.5437,1.2505,1.94,2.4967,1.6009,2.8231,1.9166,3.1333,2.1595,3.1034,1.097,3.5569,1.1994,3.9698,1.3099,3.1697,0.9246,3.5957,0.9745,3.9462,1.0054,3.0459,0.7776,3.317,0.7243,3.5605,0.6826,1.5861,0.4154,1.2075,1.0686,1.1671,1.4343,1.1593,1.7992,2.3378,1.5225,2.6478,1.7968,2.9174,2.023,2.7714,1.3221,3.1413,1.5731,3.4744,1.7706,2.8994,1.0142,3.2605,1.1393,3.5658,1.2574,2.709,0.6429,2.9584,0.5982,3.1755,0.5808,1.7143,0.4495,1.296,1.1661,1.2568,1.5537,1.2484,1.9582,2.4813,1.5972,2.8196,1.9116,3.1189,2.1721,2.9674,1.3476,3.3948,1.6353,3.7818,1.8643,3.0847,1.0546,3.4916,1.2146,3.8303,1.3647,2.9158,0.6889,3.1773,0.6308,3.4064,0.6006,0.1431,-0.7633,0.0,0.0,0.0,0.0,0.0,0.0,-0.1212,2.6391,-0.9444,4.4927,-1.3965,6.2337,0.5745,-1.233,0.409,-1.6749,0.4149,-1.6161,0.4377,-1.883,0.1227,-1.9105,0.0039,-1.7606,1.192,-1.3296,1.4511,-1.6484,1.6646,-1.4709,-0.5579,-0.3841,0.0,0.0,0.0,0.0,0.0,0.0,-0.0788,1.2358,0.0768,0.8778,0.0,0.0,0.264,0.7945,0.3934,1.0704,0.4335,1.0867,0.0,0.0,0.0,0.0,0.0,0.0,-1.9682,-2.0022,-2.8821,-2.6101,-3.6312,-3.1003,0.0,0.0,0.0,0.0,0.0,0.0,0.0,0.0,0.0,0.0,0.0,0.0,0.0,0.0,0.0,0.0,0.0,0.0,0.0,0.0,0.0,0.0,0.0,0.0,0.0,0.0,0.0,0.0,0.0,0.0,0.0,0.0,0.0,0.0,0.0,0.0,0.0,0.0,0.0,0.0,0.0,0.0,0.0,0.0,0.0,0.0,-0.8144,1.5006,-0.9704,2.6101,-1.1259,3.3196,-0.5089,0.7785,-0.6232,1.438,-0.6938,2.1515,-0.7788,-0.5309,-0.8361,-0.5596,-0.9228,-0.4913,False,False,False,False,False,False,right,False,False,False,True,True,False,
video 02.mp4,372655f94428d157,42416,18750,19083,225,229,1.5861,0.4154,1.2075,1.0686,1.1671,1.4343,1.1593,1.7992,2.3378,1.5225,2.6478,1.7968,2.9174,2.023,2.7714,1.3221,3.1413,1.5731,3.4744,1.7706,2.8994,1.0142,3.2605,1.1393,3.5658,1.2574,2.709,0.6429,2.9584,0.5982,3.1755,0.5808,1.7143,0.4495,1.296,1.1661,1.2568,1.5537,1.2484,1.9582,2.4813,1.5972,2.8196,1.9116,3.1189,2.1721,2.9674,1.3476,3.3948,1.6353,3.7818,1.8643,3.0847,1.0546,3.4916,1.2146,3.8303,1.3647,2.9158,0.6889,3.1773,0.6308,3.4064,0.6006,1.6963,0.4452,1.281,1.1687,1.252,1.5493,1.2501,1.9573,2.4719,1.592,2.8134,1.9116,3.1035,2.1788,2.9405,1.3733,3.3601,1.6706,3.7258,1.9042,3.0433,1.1261,3.4257,1.3426,3.7354,1.5442,2.8731,0.6652,3.1321,0.6111,3.355,0.5946,1.681,0.4331,1.2714,1.1554,1.2462,1.5361,1.2481,1.9449,2.4502,1.579,2.7952,1.8984,3.0858,2.1644,2.9011,1.3715,3.3198,1.6706,3.6865,1.907,3.001,1.1533,3.3732,1.382,3.6735,1.5902,2.8427,0.6454,3.1054,0.5994,3.327,0.5949,1.6926,0.4168,1.2656,1.1166,1.2478,1.5068,1.2494,1.9073,2.4229,1.5574,2.7567,1.8806,3.0457,2.1466,2.8793,1.368,3.2872,1.6628,3.6409,1.8973,2.9972,1.1661,3.3679,1.3841,3.6732,1.5739,2.8866,0.8415,3.1504,0.9266,3.3726,1.0228,0.0,0.0,0.0,0.0,0.0,0.0,0.0,0.0,0.0,0.0,0.0,0.0,0.0,0.0,-0.8144,1.5006,-0.9704,2.6101,-1.1259,3.3196,-0.5089,0.7785,-0.6232,1.438,-0.6938,2.1515,-0.7788,-0.5309,-0.8361,-0.5596,-0.9228,-0.4913,0.0,0.0,0.0,0.0,0.0,0.0,0.0,0.0,0.0,0.0,0.0,0.0,0.0,0.0,-0.3235,0.3099,-0.4184,0.4252,-0.6748,0.4807,-0.4991,0.8616,-0.7939,1.5413,-1.1437,2.1621,-0.5151,-0.2852,-0.5445,-0.2373,-0.6199,-0.0719,0.0,0.0,0.0,0.0,0.0,0.0,0.0,0.0,0.0,0.0,0.0,0.0,0.0,0.0,-0.4694,-0.0213,-0.4794,-0.0002,-0.4678,0.0334,-0.503,0.3241,-0.6254,0.4698,-0.7364,0.548,-0.3614,-0.2364,0.0,0.0,0.0,0.0,0.0,0.0,-0.0706,-0.4668,0.0,0.0,0.016,-0.453,-0.3288,-0.2612,-0.4638,-0.2147,-0.4835,-0.2154,0.0,0.0,-0.3923,-0.0936,-0.549,-0.1172,0.0,0.0,0.0,0.0,0.0,0.0,0.5285,2.3632,0.5415,3.9423,0.5497,5.1565,False,False,False,True,False,False,right,False,False,False,True,False,False,
video 02.mp4,372655f94428d157,42416,19000,19333,228,232,1.681,0.4331,1.2714,1.1554,1.2462,1.5361,1.2481,1.9449,2.4502,1.579,2.7952,1.8984,3.0858,2.1644,2.9011,1.3715,3.3198,1.6706,3.6865,1.907,3.001,1.1533,3.3732,1.382,3.6735,1.5902,2.8427,0.6454,3.1054,0.5994,3.327,0.5949,1.6926,0.4168,1.2656,1.1166,1.2478,1.5068,1.2494,1.9073,2.4229,1.5574,2.7567,1.8806,3.0457,2.1466,2.8793,1.368,3.2872,1.6628,3.6409,1.8973,2.9972,1.1661,3.3679,1.3841,3.6732,1.5739,2.8866,0.8415,3.1504,0.9266,3.3726,1.0228,1.7029,0.4217,1.2758,1.118,1.2684,1.5,1.2775,1.8948,2.3822,1.484,2.6854,1.7874,2.9579,2.0483,2.8785,1.305,3.282,1.5854,3.6364,1.8151,2.9987,1.1453,3.3726,1.3736,3.6775,1.5733,2.9062,0.9105,3.1693,1.0297,3.3893,1.1483,1.7167,0.4305,1.2818,1.1164,1.2796,1.4798,1.2949,1.863,2.3966,1.4557,2.7048,1.7364,2.9804,1.9775,2.8874,1.279,3.2926,1.5549,3.6476,1.7835,3.0066,1.1358,3.3838,1.3763,3.687,1.5883,2.9248,0.9351,3.1933,1.0645,3.4176,1.1903,1.7473,0.4321,1.2843,1.1216,1.2696,1.4939,1.2646,1.8801,2.4053,1.4433,2.7198,1.7199,3.0016,1.9518,2.9104,1.2548,3.3222,1.506,3.6796,1.7094,3.0326,1.1143,3.4234,1.3518,3.7353,1.5553,2.9772,0.9482,3.2668,1.0898,3.5051,1.2248,0.0,0.0,-0.0706,-0.4668,0.0,0.0,0.016,-0.453,-0.3288,-0.2612,-0.4638,-0.2147,-0.4835,-0.2154,0.0,0.0,-0.3923,-0.0936,-0.549,-0.1172,0.0,0.0,0.0,0.0,0.0,0.0,0.5285,2.3632,0.5415,3.9423,0.5497,5.1565,0.0,0.0,0.0,0.0,0.0,0.0,0.0,0.0,-0.4906,-0.8839,-0.8591,-1.1224,-1.0567,-1.1845,-0.0098,-0.7585,-0.0626,-0.9325,-0.0547,-0.9896,0.0,0.0,0.0,0.0,0.0,0.0,0.2365,0.831,0.2277,1.2421,0.2007,1.5112,0.0,0.0,0.0,0.0,0.0,0.0,0.2078,-0.3782,0.0,0.0,0.2307,-0.607,0.2671,-0.8425,0.0,0.0,0.0,0.0,0.0,0.0,0.0,0.0,0.0,0.0,0.0,0.0,0.0,0.0,0.2857,0.4143,0.3372,0.5002,0.0,0.0,0.0,0.0,0.0,0.0,-0.3658,0.2065,0.0,0.0,0.0,0.0,0.2561,-0.31,0.2765,-0.2913,0.3571,-0.5882,0.3866,-0.8935,0.3138,-0.2592,0.4774,-0.2956,0.5823,-0.3974,0.6318,0.1578,0.8863,0.3047,1.0547,0.416,False,False,False,False,True,False,right,False,False,False,True,False,False,
video 02.mp4,372655f94428d157,42416,19250,19583,231,235,1.7167,0.4305,1.2818,1.1164,1.2796,1.4798,1.2949,1.863,2.3966,1.4557,2.7048,1.7364,2.9804,1.9775,2.8874,1.279,3.2926,1.5549,3.6476,1.7835,3.0066,1.1358,3.3838,1.3763,3.687,1.5883,2.9248,0.9351,3.1933,1.0645,3.4176,1.1903,1.7473,0.4321,1.2843,1.1216,1.2696,1.4939,1.2646,1.8801,2.4053,1.4433,2.7198,1.7199,3.0016,1.9518,2.9104,1.2548,3.3222,1.506,3.6796,1.7094,3.0326,1.1143,3.4234,1.3518,3.7353,1.5553,2.9772,0.9482,3.2668,1.0898,3.5051,1.2248,1.7421,0.4333,1.2825,1.1347,1.2632,1.5144,1.2254,1.8969,2.4303,1.5609,2.7369,1.8767,3.0164,2.1371,2.9581,1.2785,3.3648,1.5168,3.7165,1.7097,3.0561,1.1043,3.4502,1.288,3.7687,1.4383,2.9816,0.961,3.2633,1.0766,3.4967,1.1875,1.738,0.4263,1.2841,1.1343,1.2643,1.5199,1.2311,1.8996,2.4238,1.5932,2.7288,1.9133,3.0131,2.1703,3.0153,1.2493,3.4275,1.4314,3.7976,1.5782,3.0851,1.0462,3.4862,1.1282,3.824,1.1845,2.9919,0.9611,3.2762,1.042,3.5249,1.0901,1.741,0.4395,1.2897,1.1317,1.2645,1.5128,1.2232,1.8853,2.4078,1.5958,2.7106,1.9157,3.0072,2.1706,3.0478,1.1502,3.4725,1.2378,3.8626,1.328,3.1065,0.9533,3.5126,0.9649,3.8525,0.9616,3.013,0.9349,3.2995,0.9277,3.5581,0.9078,0.0,0.0,0.0,0.0,0.0,0.0,-0.3658,0.2065,0.0,0.0,0.0,0.0,0.2561,-0.31,0.2765,-0.2913,0.3571,-0.5882,0.3866,-0.8935,0.3138,-0.2592,0.4774,-0.2956,0.5823,-0.3974,0.6318,0.1578,0.8863,0.3047,1.0547,0.416,0.0,0.0,0.0,0.0,0.0,0.0,-0.4715,0.2021,0.3007,1.4173,0.2061,1.8888,0.1774,2.2333,0.5753,0.2848,0.5127,0.1293,0.4442,0.0038,0.0,0.0,0.3222,-0.7687,0.4025,-1.4098,0.0,0.0,0.0,0.0,-0.1018,-0.4498,0.0,0.0,0.0,0.0,0.0,0.0,0.0,0.0,0.0,0.0,-0.0957,0.4358,0.0,0.0,0.6804,-0.3479,0.7473,-1.0164,0.9659,-1.565,0.3458,-0.6909,0.4288,-1.9024,0.6579,-3.0215,0.0,0.0,0.1536,-0.4124,0.3363,-1.1592,0.0,0.0,0.0,0.0,0.0,0.0,0.0,0.0,0.0,0.0,0.0,0.0,0.0,0.0,0.3921,-1.1934,0.5421,-2.3327,0.7832,-3.0142,0.2577,-1.1195,0.3186,-1.9674,0.3443,-2.6849,0.2541,-0.3163,0.2816,-1.377,0.4,-2.1962,False,False,False,False,False,False,right,False,False,False,False,False,False,
video 02.mp4,372655f94428d157,42416,19500,19833,234,238,1.738,0.4263,1.2841,1.1343,1.2643,1.5199,1.2311,1.8996,2.4238,1.5932,2.7288,1.9133,3.0131,2.1703,3.0153,1.2493,3.4275,1.4314,3.7976,1.5782,3.0851,1.0462,3.4862,1.1282,3.824,1.1845,2.9919,0.9611,3.2762,1.042,3.5249,1.0901,1.741,0.4395,1.2897,1.1317,1.2645,1.5128,1.2232,1.8853,2.4078,1.5958,2.7106,1.9157,3.0072,2.1706,3.0478,1.1502,3.4725,1.2378,3.8626,1.328,3.1065,0.9533,3.5126,0.9649,3.8525,0.9616,3.013,0.9349,3.2995,0.9277,3.5581,0.9078,1.7431,0.4539,1.2603,1.1246,1.2037,1.4984,1.1615,1.8713,2.3958,1.5935,2.7089,1.9117,3.0146,2.1661,3.0313,1.1236,3.4731,1.22,3.8699,1.3249,3.1003,0.9293,3.5178,0.9637,3.8471,0.9799,3.0442,0.9416,3.3463,0.9472,3.6106,0.9455,1.715,0.4371,1.217,1.12,1.155,1.5003,1.0808,1.875,2.387,1.5965,2.6994,1.9098,3.0023,2.1609,3.017,1.1407,3.453,1.257,3.8446,1.3718,3.0914,0.9282,3.5015,0.9639,3.8316,0.9837,3.0193,0.9285,3.314,0.9438,3.5711,0.9502,1.6619,0.4134,1.1898,1.1054,1.1355,1.487,1.0564,1.8637,2.3794,1.5876,2.6879,1.9,2.9787,2.1476,3.0081,1.2147,3.4406,1.3693,3.8324,1.483,3.0682,0.9587,3.4592,1.0058,3.7909,1.0345,2.9163,0.8438,3.1787,0.8309,3.4079,0.8179,0.0,0.0,0.0,0.0,0.0,0.0,0.0,0.0,0.0,0.0,0.0,0.0,0.0,0.0,0.3921,-1.1934,0.5421,-2.3327,0.7832,-3.0142,0.2577,-1.1195,0.3186,-1.9674,0.3443,-2.6849,0.2541,-0.3163,0.2816,-1.377,0.4,-2.1962,0.0,0.0,0.0,0.0,-0.7321,-0.1738,-0.7434,-0.1684,0.0,0.0,0.0,0.0,0.0,0.0,0.0,0.0,0.0,0.0,0.0,0.0,0.0,0.0,0.0,0.0,0.0,0.0,0.0,0.0,0.5638,0.235,0.6321,0.4542,0.0,0.0,-0.5162,-0.0546,-0.5797,0.0235,-0.9614,0.0434,0.0,0.0,0.0,0.0,0.0,0.0,0.0,0.0,-0.24,0.4406,-0.3016,0.5586,0.0,0.0,0.0,0.0,0.0,0.0,0.0,0.0,0.0,0.0,-0.4705,0.0554,-0.6392,-0.2854,0.0,0.0,0.0,0.0,0.0,0.0,0.0,0.0,0.0,0.0,0.0,0.0,-0.1078,0.8911,-0.1494,1.3529,-0.1466,1.3394,-0.2787,0.3669,-0.5096,0.5046,-0.4906,0.6116,-1.2413,-1.0207,-1.6305,-1.3599,-1.9659,-1.5936,False,False,False,False,False,False,right,False,False,False,True,True,False,
video 02.mp4,372655f94428d157,42416,19750,20083,237,241,1.715,0.4371,1.217,1.12,1.155,1.5003,1.0808,1.875,2.387,1.5965,2.6994,1.9098,3.0023,2.1609,3.017,1.1407,3.453,1.257,3.8446,1.3718,3.0914,0.9282,3.5015,0.9639,3.8316,0.9837,3.0193,0.9285,3.314,0.9438,3.5711,0.9502,1.6619,0.4134,1.1898,1.1054,1.1355,1.487,1.0564,1.8637,2.3794,1.5876,2.6879,1.9,2.9787,2.1476,3.0081,1.2147,3.4406,1.3693,3.8324,1.483,3.0682,0.9587,3.4592,1.0058,3.7909,1.0345,2.9163,0.8438,3.1787,0.8309,3.4079,0.8179,1.6398,0.4221,1.173,1.1,1.114,1.4697,1.0411,1.8459,2.3581,1.5767,2.669,1.8871,2.9482,2.1405,2.9034,1.3054,3.3219,1.5314,3.7038,1.7018,3.0021,1.0527,3.3873,1.1615,3.7151,1.2537,2.8296,0.7678,3.0886,0.7348,3.3073,0.7212,1.6264,0.4332,1.1707,1.1035,1.1229,1.4611,1.0749,1.8452,2.3531,1.5758,2.6623,1.8898,2.9314,2.1507,2.8799,1.3281,3.2926,1.5599,3.6629,1.7422,2.9617,1.1078,3.3358,1.2616,3.65,1.4049,2.7917,0.7311,3.0487,0.6947,3.2624,0.6872,1.6254,0.4486,1.1847,1.0991,1.1417,1.4498,1.1188,1.8341,2.3298,1.5639,2.6498,1.8797,2.9266,2.1468,2.8547,1.328,3.2794,1.5546,3.661,1.7325,2.9435,1.1253,3.3263,1.278,3.6429,1.4138,2.7862,0.7171,3.0461,0.6844,3.2631,0.6819,-0.6392,-0.2854,0.0,0.0,0.0,0.0,0.0,0.0,0.0,0.0,0.0,0.0,0.0,0.0,-0.1078,0.8911,-0.1494,1.3529,-0.1466,1.3394,-0.2787,0.3669,-0.5096,0.5046,-0.4906,0.6116,-1.2413,-1.0207,-1.6305,-1.3599,-1.9659,-1.5936,0.0,0.0,0.0,0.0,0.0,0.0,0.0,0.0,0.0,0.0,0.0,0.0,0.0,0.0,-1.2613,1.0937,-1.4295,1.9525,-1.5492,2.6362,-0.7968,1.1332,-0.8669,1.8762,-0.9129,2.6417,-1.0436,-0.916,-1.0847,-1.1579,-1.2114,-1.1653,0.0,0.0,0.0,0.0,0.0,0.0,0.4017,-0.0093,0.0,0.0,0.0,0.0,0.0,0.0,0.0,0.0,-0.3494,0.3392,-0.4877,0.481,-0.481,0.6556,-0.6132,1.1912,-0.775,1.8001,-0.4518,-0.4373,-0.4758,-0.477,-0.5345,-0.4048,0.0,0.0,0.0,0.0,0.0,0.0,0.5286,-0.1328,0.0,0.0,0.0,0.0,0.0,0.0,0.0,0.0,0.0,0.0,0.0,0.0,0.0,0.0,0.0,0.0,0.0,0.0,0.0,0.0,0.0,0.0,0.0,0.0,False,False,False,False,False,False,right,False,False,False,True,True,False,
video 02.mp4,372655f94428d157,42416,20000,20333,240,244,1.6264,0.4332,1.1707,1.1035,1.1229,1.4611,1.0749,1.8452,2.3531,1.5758,2.6623,1.8898,2.9314,2.1507,2.8799,1.3281,3.2926,1.5599,3.6629,1.7422,2.9617,1.1078,3.3358,1.2616,3.65,1.4049,2.7917,0.7311,3.0487,0.6947,3.2624,0.6872,1.6254,0.4486,1.1847,1.0991,1.1417,1.4498,1.1188,1.8341,2.3298,1.5639,2.6498,1.8797,2.9266,2.1468,2.8547,1.328,3.2794,1.5546,3.661,1.7325,2.9435,1.1253,3.3263,1.278,3.6429,1.4138,2.7862,0.7171,3.0461,0.6844,3.2631,0.6819,1.6542,0.432,1.2051,1.0178,1.1587,1.3553,1.1278,1.7116,2.3195,1.4417,2.6318,1.6997,2.9101,1.9245,2.8136,1.3091,3.2249,1.5405,3.5961,1.7302,2.9321,1.1146,3.3089,1.2757,3.6197,1.4131,2.8182,0.8264,3.0764,0.8938,3.2955,0.9619,1.6905,0.4432,1.2255,1.0118,1.1642,1.3533,1.1135,1.6946,2.3475,1.3354,2.6914,1.528,3.0019,1.6842,2.7851,1.2831,3.2109,1.4992,3.5916,1.6742,2.9159,1.1272,3.2967,1.2897,3.6073,1.4195,2.8422,0.9182,3.1038,1.0123,3.3274,1.0844,1.7659,0.5048,1.2558,1.0184,1.1821,1.3536,1.1222,1.7029,2.3903,1.2665,2.7798,1.4344,3.1446,1.5462,2.823,1.2239,3.2878,1.387,3.6916,1.4932,2.952,1.1445,3.37,1.2916,3.6911,1.3922,2.9211,1.0615,3.2094,1.1612,3.4627,1.2138,0.0,0.0,0.0,0.0,0.0,0.0,0.5286,-0.1328,0.0,0.0,0.0,0.0,0.0,0.0,0.0,0.0,0.0,0.0,0.0,0.0,0.0,0.0,0.0,0.0,0.0,0.0,0.0,0.0,0.0,0.0,0.0,0.0,0.3479,-0.2002,0.2458,-0.9804,0.2053,-1.1394,0.1088,-1.4765,-0.1241,-1.4731,-0.2162,-2.1677,-0.1987,-2.6787,-0.4942,-0.2273,-0.6561,-0.1703,-0.7821,-0.0273,0.0,0.0,0.0,0.0,0.0,0.0,0.3863,1.3173,0.3651,2.5233,0.3913,3.3739,0.4318,0.133,0.0,0.0,0.0,0.0,0.0,0.0,0.333,-1.2649,0.7095,-2.0448,1.0929,-2.8609,-0.34,-0.3097,-0.1667,-0.4908,-0.0541,-0.6671,0.0,0.0,0.0,0.0,0.0,0.0,0.2851,1.0923,0.3267,1.4104,0.3797,1.4581,0.9089,0.7422,0.0,0.0,0.0,0.0,0.0,0.0,0.5155,-0.8301,1.0647,-1.1275,1.719,-1.663,0.4571,-0.7129,0.9259,-1.3526,1.2049,-2.1801,0.4354,0.2085,0.8825,0.0229,1.0096,-0.3296,0.951,1.7269,1.2712,1.7939,1.63,1.5594,False,False,False,False,False,False,right,False,False,False,True,True,False,
video 02.mp4,372655f94428d157,42416,20250,20583,243,247,1.6905,0.4432,1.2255,1.0118,1.1642,1.3533,1.1135,1.6946,2.3475,1.3354,2.6914,1.528,3.0019,1.6842,2.7851,1.2831,3.2109,1.4992,3.5916,1.6742,2.9159,1.1272,3.2967,1.2897,3.6073,1.4195,2.8422,0.9182,3.1038,1.0123,3.3274,1.0844,1.7659,0.5048,1.2558,1.0184,1.1821,1.3536,1.1222,1.7029,2.3903,1.2665,2.7798,1.4344,3.1446,1.5462,2.823,1.2239,3.2878,1.387,3.6916,1.4932,2.952,1.1445,3.37,1.2916,3.6911,1.3922,2.9211,1.0615,3.2094,1.1612,3.4627,1.2138,1.7924,0.5102,1.2538,1.0085,1.1681,1.3344,1.0944,1.6708,2.4003,1.2238,2.7924,1.3774,3.1647,1.4872,2.881,1.1684,3.3547,1.2829,3.7567,1.3589,3.0169,1.1495,3.4708,1.2761,3.8036,1.3271,3.0066,1.1607,3.3417,1.2488,3.628,1.2807,1.8115,0.5152,1.2638,1.0344,1.1878,1.3923,1.1318,1.7719,2.4293,1.2074,2.8278,1.3486,3.1989,1.4495,2.9662,1.1385,3.4347,1.2171,3.8279,1.2652,3.1066,1.1398,3.575,1.2303,3.9253,1.2364,3.0819,1.1421,3.427,1.1962,3.727,1.2031,1.7986,0.5325,1.2628,1.0541,1.1949,1.4135,1.1564,1.7986,2.4377,1.2109,2.8435,1.3689,3.2125,1.4908,2.9915,1.1074,3.468,1.1822,3.8806,1.2358,3.1087,1.0798,3.5634,1.1106,3.8997,1.0774,3.1054,1.0828,3.4504,1.0545,3.7487,0.9814,0.9089,0.7422,0.0,0.0,0.0,0.0,0.0,0.0,0.5155,-0.8301,1.0647,-1.1275,1.719,-1.663,0.4571,-0.7129,0.9259,-1.3526,1.2049,-2.1801,0.4354,0.2085,0.8825,0.0229,1.0096,-0.3296,0.951,1.7269,1.2712,1.7939,1.63,1.5594,0.0,0.0,0.0,0.0,0.0,0.0,-0.3348,-0.3865,0.1202,-0.5144,0.1512,-0.687,0.2416,-0.7103,0.6988,-0.6687,0.8059,-1.2535,0.7847,-1.6184,0.7815,0.0609,1.2145,-0.187,1.3548,-0.784,1.0301,1.1956,1.5945,1.0558,1.9915,0.8061,0.0,0.0,0.0,0.0,0.2344,0.6902,0.4458,1.2029,0.0,0.0,0.4214,-0.3428,0.407,-0.4485,1.0145,-0.3563,0.9533,-0.7835,0.847,-1.1158,1.0677,-0.1166,1.2411,-0.5446,1.4494,-1.0798,0.8961,-0.2219,1.0152,-0.6256,1.1778,-0.9239,0.0,0.0,0.0,0.0,0.0,0.0,0.2953,0.3223,0.0,0.0,0.0,0.0,0.1649,0.4976,0.3038,-0.3748,0.4012,-0.4212,0.6349,-0.3536,0.0254,-0.7218,-0.1407,-1.442,-0.3092,-1.9161,0.2841,-0.7144,0.2816,-1.7073,0.2624,-2.6709,False,False,False,False,False,False,right,False,False,False,True,True,False,
video 02.mp4,372655f94428d157,42416,20500,20833,246,250,1.8115,0.5152,1.2638,1.0344,1.1878,1.3923,1.1318,1.7719,2.4293,1.2074,2.8278,1.3486,3.1989,1.4495,2.9662,1.1385,3.4347,1.2171,3.8279,1.2652,3.1066,1.1398,3.575,1.2303,3.9253,1.2364,3.0819,1.1421,3.427,1.1962,3.727,1.2031,1.7986,0.5325,1.2628,1.0541,1.1949,1.4135,1.1564,1.7986,2.4377,1.2109,2.8435,1.3689,3.2125,1.4908,2.9915,1.1074,3.468,1.1822,3.8806,1.2358,3.1087,1.0798,3.5634,1.1106,3.8997,1.0774,3.1054,1.0828,3.4504,1.0545,3.7487,0.9814,1.8011,0.5363,1.2675,1.0675,1.201,1.4428,1.1593,1.8376,2.4414,1.1872,2.8496,1.3404,3.2198,1.4643,2.9984,1.0561,3.4724,1.1176,3.8864,1.1685,3.1253,1.022,3.5833,1.0519,3.9285,1.0429,3.1174,1.0267,3.4529,1.0106,3.7486,0.9608,1.8038,0.5515,1.2714,1.0965,1.2029,1.4792,1.1529,1.8742,2.4846,1.1899,2.896,1.3414,3.266,1.4613,3.0303,1.0534,3.511,1.1202,3.9338,1.1719,3.1453,0.9967,3.5972,1.025,3.9471,1.0246,3.1072,1.0098,3.4281,1.0152,3.7172,0.986,1.8032,0.5213,1.2656,1.0985,1.1981,1.4888,1.1399,1.8818,2.4605,1.2176,2.8267,1.3852,3.1435,1.5381,3.0441,1.0595,3.493,1.1385,3.9008,1.2127,3.1658,0.984,3.6074,1.0164,3.9517,1.0337,3.1365,0.9776,3.4678,0.9678,3.7616,0.9393,0.0,0.0,0.0,0.0,0.0,0.0,0.2953,0.3223,0.0,0.0,0.0,0.0,0.1649,0.4976,0.3038,-0.3748,0.4012,-0.4212,0.6349,-0.3536,0.0254,-0.7218,-0.1407,-1.442,-0.3092,-1.9161,0.2841,-0.7144,0.2816,-1.7073,0.2624,-2.6709,0.0,0.0,0.0,0.0,0.0,0.0,0.0353,0.4695,0.0,0.0,0.0,0.0,0.0,0.0,0.0835,-0.6176,0.053,-0.7777,0.0698,-0.8111,0.2001,-0.6968,0.2404,-0.708,0.3473,-0.4146,0.1445,-0.6758,0.0312,-0.5296,0.0,0.0,0.0,0.0,0.0,0.0,0.0227,0.4339,-0.0761,0.4361,0.5134,0.0324,0.5529,0.0123,0.5502,-0.0359,0.0,0.0,0.4597,0.0314,0.5644,0.0404,0.0,0.0,0.0,0.0,0.0,0.0,0.0,0.0,0.0,0.0,-0.3738,0.2999,0.0,0.0,0.0,0.0,0.0,0.0,0.0,0.0,-0.2894,0.3338,-0.8349,0.527,-1.4756,0.9248,0.0,0.0,0.0,0.0,-0.3966,0.4917,0.0,0.0,0.0,0.0,0.0,0.0,0.353,-0.3881,0.478,-0.5705,0.5348,-0.5619,False,False,False,False,False,False,right,False,False,False,True,True,False,
video 02.mp4,372655f94428d157,42416,20750,21083,249,253,1.8038,0.5515,1.2714,1.0965,1.2029,1.4792,1.1529,1.8742,2.4846,1.1899,2.896,1.3414,3.266,1.4613,3.0303,1.0534,3.511,1.1202,3.9338,1.1719,3.1453,0.9967,3.5972,1.025,3.9471,1.0246,3.1072,1.0098,3.4281,1.0152,3.7172,0.986,1.8032,0.5213,1.2656,1.0985,1.1981,1.4888,1.1399,1.8818,2.4605,1.2176,2.8267,1.3852,3.1435,1.5381,3.0441,1.0595,3.493,1.1385,3.9008,1.2127,3.1658,0.984,3.6074,1.0164,3.9517,1.0337,3.1365,0.9776,3.4678,0.9678,3.7616,0.9393,1.7713,0.4962,1.2608,1.137,1.1933,1.5349,1.1294,1.9414,2.4133,1.4809,2.7413,1.818,3.0508,2.0966,3.0511,1.0743,3.4881,1.1528,3.887,1.2321,3.1517,0.9456,3.5897,0.9556,3.9311,0.9456,3.1097,0.9213,3.4091,0.8816,3.6832,0.8398,1.7007,0.4616,1.2469,1.1535,1.1869,1.5462,1.1151,1.938,2.4158,1.5367,2.731,1.8776,3.0153,2.155,3.0382,1.1484,3.471,1.3228,3.8618,1.4624,3.1174,0.9335,3.5302,0.9851,3.8814,1.0064,2.9328,0.7308,3.2042,0.6641,3.4439,0.6251,1.6827,0.4416,1.2417,1.1483,1.1781,1.5364,1.1081,1.9362,2.4255,1.5613,2.7434,1.8883,3.0172,2.1662,2.9117,1.3143,3.3119,1.6168,3.6616,1.8585,3.038,1.0236,3.4303,1.2109,3.7601,1.3921,2.8593,0.676,3.1179,0.6305,3.3449,0.6146,0.0,0.0,0.0,0.0,0.0,0.0,0.0,0.0,-0.2894,0.3338,-0.8349,0.527,-1.4756,0.9248,0.0,0.0,0.0,0.0,-0.3966,0.4917,0.0,0.0,0.0,0.0,0.0,0.0,0.353,-0.3881,0.478,-0.5705,0.5348,-0.5619,-0.384,-0.3026,-0.0581,0.4638,-0.057,0.555,-0.127,0.717,-0.5694,3.172,-1.0298,5.2143,-1.1175,6.7291,0.0,0.0,0.0,0.0,0.0,0.0,-0.1688,-0.4626,-0.2133,-0.7326,-0.2484,-1.0613,-0.3223,-0.679,-0.7068,-1.0386,-0.9452,-1.1986,-0.8407,-0.4111,0.0,0.0,0.0,0.0,0.0,0.0,0.0295,0.6636,-0.1227,0.7098,-0.4219,0.6956,-0.154,0.8814,-0.2035,2.0232,-0.3,2.7418,-0.4084,-0.1432,-0.7084,0.3514,-0.5911,0.7234,-2.1058,-2.2672,-2.4398,-2.59,-2.8489,-2.5564,0.0,0.0,0.0,0.0,0.0,0.0,0.0,0.0,0.0,0.0,0.0,0.0,0.0,0.0,-1.5244,1.999,-1.9171,3.5421,-2.4127,4.7727,-0.9568,1.0852,-1.2035,2.7205,-1.4624,4.6473,-0.8862,-0.6605,-1.0386,-0.4046,-1.1927,-0.1258,False,False,False,False,False,False,right,False,False,False,True,True,False,
video 02.mp4,372655f94428d157,42416,21000,21333,252,256,1.7007,0.4616,1.2469,1.1535,1.1869,1.5462,1.1151,1.938,2.4158,1.5367,2.731,1.8776,3.0153,2.155,3.0382,1.1484,3.471,1.3228,3.8618,1.4624,3.1174,0.9335,3.5302,0.9851,3.8814,1.0064,2.9328,0.7308,3.2042,0.6641,3.4439,0.6251,1.6827,0.4416,1.2417,1.1483,1.1781,1.5364,1.1081,1.9362,2.4255,1.5613,2.7434,1.8883,3.0172,2.1662,2.9117,1.3143,3.3119,1.6168,3.6616,1.8585,3.038,1.0236,3.4303,1.2109,3.7601,1.3921,2.8593,0.676,3.1179,0.6305,3.3449,0.6146,1.6774,0.4239,1.2308,1.1418,1.174,1.5302,1.1212,1.9375,2.4241,1.5573,2.741,1.8808,3.0105,2.1558,2.869,1.3499,3.2653,1.6606,3.6173,1.9121,3.0144,1.069,3.409,1.2691,3.7398,1.4562,2.838,0.6403,3.0987,0.5864,3.3259,0.5675,1.6774,0.3954,1.2296,1.1255,1.1898,1.5138,1.1708,1.919,2.4155,1.5525,2.7321,1.8761,2.9973,2.152,2.8794,1.3771,3.2772,1.6878,3.6247,1.9416,2.9994,1.137,3.3744,1.3656,3.6808,1.5797,2.8202,0.6275,3.0794,0.5837,3.3031,0.5799,1.674,0.4046,1.2291,1.096,1.1996,1.4778,1.1962,1.8838,2.3837,1.5402,2.7048,1.8728,2.9714,2.1544,2.8492,1.3858,3.253,1.7002,3.6028,1.9492,2.9738,1.166,3.3464,1.3921,3.6487,1.5929,2.8529,0.6976,3.1172,0.7252,3.344,0.7849,0.0,0.0,0.0,0.0,0.0,0.0,0.0,0.0,0.0,0.0,0.0,0.0,0.0,0.0,-1.5244,1.999,-1.9171,3.5421,-2.4127,4.7727,-0.9568,1.0852,-1.2035,2.7205,-1.4624,4.6473,-0.8862,-0.6605,-1.0386,-0.4046,-1.1927,-0.1258,0.0,0.0,0.0,0.0,0.0,0.0,0.0,0.0,0.0,0.0,0.0,0.0,0.0,0.0,-0.5143,0.4295,-0.5607,0.5281,-0.5336,0.6457,-0.2841,0.5473,-0.2562,0.7019,-0.2442,0.7724,-0.2559,-0.4299,-0.2315,-0.5315,-0.2281,-0.5685,0.0,0.0,0.0,0.0,0.0,0.0,0.5907,-0.2204,0.0,0.0,0.0,0.0,0.0,0.0,0.0,0.0,0.0,0.0,0.0,0.0,-0.1789,0.8097,-0.4122,1.1487,-0.7023,1.4704,0.0,0.0,0.0,0.0,0.0,0.0,0.0,0.0,0.0,0.0,0.1176,-0.4339,0.3059,-0.4236,-0.3836,-0.1482,0.0,0.0,0.0,0.0,0.0,0.0,0.0,0.0,0.0,0.0,-0.3088,0.3491,-0.3375,0.3186,-0.3866,0.158,0.3946,0.8445,0.4555,1.7052,0.4927,2.4694,False,False,True,True,False,False,right,False,False,False,True,False,False,
video 02.mp4,372655f94428d157,42416,21250,21583,255,259,1.6774,0.3954,1.2296,1.1255,1.1898,1.5138,1.1708,1.919,2.4155,1.5525,2.7321,1.8761,2.9973,2.152,2.8794,1.3771,3.2772,1.6878,3.6247,1.9416,2.9994,1.137,3.3744,1.3656,3.6808,1.5797,2.8202,0.6275,3.0794,0.5837,3.3031,0.5799,1.674,0.4046,1.2291,1.096,1.1996,1.4778,1.1962,1.8838,2.3837,1.5402,2.7048,1.8728,2.9714,2.1544,2.8492,1.3858,3.253,1.7002,3.6028,1.9492,2.9738,1.166,3.3464,1.3921,3.6487,1.5929,2.8529,0.6976,3.1172,0.7252,3.344,0.7849,1.7101,0.4185,1.2376,1.0762,1.2078,1.455,1.2191,1.8618,2.3784,1.4581,2.6975,1.7903,2.9668,2.0763,2.8264,1.3549,3.2129,1.6752,3.5525,1.9492,2.9758,1.1592,3.3513,1.4044,3.6529,1.6176,2.9009,0.8938,3.1634,1.0162,3.3924,1.1337,1.7363,0.4447,1.2485,1.0939,1.2131,1.4659,1.2231,1.8689,2.4062,1.3954,2.7437,1.6988,3.0283,1.9594,2.8331,1.3289,3.2231,1.6543,3.5626,1.9257,2.9835,1.1593,3.3626,1.4173,3.6627,1.6351,2.9339,0.945,3.1992,1.0733,3.4305,1.1867,1.7787,0.4628,1.2557,1.1112,1.2191,1.4963,1.2223,1.8972,2.4208,1.3148,2.7755,1.5505,3.0876,1.7492,2.8523,1.2606,3.2887,1.5267,3.6822,1.7371,2.9991,1.1449,3.3951,1.3857,3.7014,1.5876,2.988,1.0036,3.2786,1.1451,3.5207,1.2624,0.0,0.0,0.0,0.0,0.1176,-0.4339,0.3059,-0.4236,-0.3836,-0.1482,0.0,0.0,0.0,0.0,0.0,0.0,0.0,0.0,0.0,0.0,-0.3088,0.3491,-0.3375,0.3186,-0.3866,0.158,0.3946,0.8445,0.4555,1.7052,0.4927,2.4694,0.4344,0.1677,0.0,0.0,0.0,0.0,0.0,0.0,-0.0633,-0.9891,-0.0878,-0.9933,-0.0549,-0.9406,-0.2752,-0.3724,-0.4831,-0.3014,-0.6067,-0.0,0.0,0.0,0.0,0.0,0.0,0.0,0.5782,2.3648,0.5564,3.5052,0.5832,4.2035,0.3122,0.3112,0.0,0.0,0.0,0.0,0.0,0.0,0.3303,-0.7459,0.5499,-1.0889,0.7317,-1.3921,0.0,0.0,0.0,0.0,0.0,0.0,0.0,0.0,0.0,0.0,0.0,0.0,0.3926,0.6093,0.426,0.6803,0.4543,0.6302,0.5109,0.2183,0.0,0.0,0.0,0.0,0.0,0.0,0.1765,-0.9721,0.3833,-1.7873,0.715,-2.5327,0.2313,-0.8228,0.7903,-1.5373,1.4408,-2.2717,0.0,0.0,0.3912,-0.381,0.4665,-0.5719,0.6518,0.7064,0.9576,0.8652,1.0857,0.9118,False,False,False,False,True,False,right,False,False,False,True,False,False,
video 02.mp4,372655f94428d157,42416,21500,21833,258,262,1.7363,0.4447,1.2485,1.0939,1.2131,1.4659,1.2231,1.8689,2.4062,1.3954,2.7437,1.6988,3.0283,1.9594,2.8331,1.3289,3.2231,1.6543,3.5626,1.9257,2.9835,1.1593,3.3626,1.4173,3.6627,1.6351,2.9339,0.945,3.1992,1.0733,3.4305,1.1867,1.7787,0.4628,1.2557,1.1112,1.2191,1.4963,1.2223,1.8972,2.4208,1.3148,2.7755,1.5505,3.0876,1.7492,2.8523,1.2606,3.2887,1.5267,3.6822,1.7371,2.9991,1.1449,3.3951,1.3857,3.7014,1.5876,2.988,1.0036,3.2786,1.1451,3.5207,1.2624,1.8484,0.543,1.3003,1.1346,1.2471,1.5203,1.2404,1.9241,2.476,1.2648,2.8751,1.445,3.2316,1.5846,2.9729,1.2086,3.4277,1.3699,3.8358,1.5066,3.1115,1.1422,3.5575,1.3045,3.896,1.3946,3.1263,1.0709,3.4542,1.156,3.7428,1.2046,1.8381,0.5311,1.2975,1.135,1.257,1.5263,1.2615,1.9429,2.4546,1.2165,2.8384,1.3992,3.1892,1.5536,3.0387,1.1047,3.5098,1.2061,3.9316,1.3097,3.1633,1.1017,3.6305,1.1963,3.9913,1.2371,3.0888,1.1725,3.4033,1.2763,3.6944,1.3287,1.8259,0.5159,1.3089,1.1666,1.2691,1.555,1.2537,1.9561,2.48,1.2513,2.8481,1.4547,3.1804,1.6354,3.0943,1.0449,3.5659,1.1556,3.99,1.2759,3.1795,0.9352,3.6517,0.9834,4.0167,1.0101,3.1068,0.9194,3.4365,0.8779,3.7338,0.8253,0.5109,0.2183,0.0,0.0,0.0,0.0,0.0,0.0,0.1765,-0.9721,0.3833,-1.7873,0.715,-2.5327,0.2313,-0.8228,0.7903,-1.5373,1.4408,-2.2717,0.0,0.0,0.3912,-0.381,0.4665,-0.5719,0.6518,0.7064,0.9576,0.8652,1.0857,0.9118,0.8399,0.9668,0.5383,0.2814,0.3374,0.289,0.0,0.0,0.6654,-0.6016,1.1989,-1.2711,1.7345,-1.983,1.4526,-0.6264,1.675,-1.889,1.8506,-2.7776,1.3551,-0.0323,1.9562,-0.9785,2.3452,-2.326,1.6669,0.8101,2.1148,0.1316,2.6761,-0.6957,0.0,0.0,0.0,0.0,0.0,0.0,0.0,0.0,-0.255,-0.575,-0.4365,-0.5448,-0.5041,-0.3689,0.7832,-1.2372,0.977,-1.9504,1.1413,-2.3436,0.6157,-0.4826,0.8696,-1.2884,1.1335,-1.8744,-0.4469,1.2099,-0.6051,1.4315,-0.5755,1.4773,0.0,0.0,0.1374,0.3815,0.0,0.0,0.0,0.0,0.3051,0.4194,0.1171,0.668,-0.1066,0.986,0.6706,-0.7201,0.6759,-0.608,0.7034,-0.4068,0.1953,-2.006,0.2555,-2.5653,0.3069,-2.7353,0.217,-3.049,0.399,-4.8003,0.4745,-6.065,False,False,False,False,False,False,right,False,False,False,True,True,False,
video 02.mp4,372655f94428d157,42416,21750,22083,261,265,1.8381,0.5311,1.2975,1.135,1.257,1.5263,1.2615,1.9429,2.4546,1.2165,2.8384,1.3992,3.1892,1.5536,3.0387,1.1047,3.5098,1.2061,3.9316,1.3097,3.1633,1.1017,3.6305,1.1963,3.9913,1.2371,3.0888,1.1725,3.4033,1.2763,3.6944,1.3287,1.8259,0.5159,1.3089,1.1666,1.2691,1.555,1.2537,1.9561,2.48,1.2513,2.8481,1.4547,3.1804,1.6354,3.0943,1.0449,3.5659,1.1556,3.99,1.2759,3.1795,0.9352,3.6517,0.9834,4.0167,1.0101,3.1068,0.9194,3.4365,0.8779,3.7338,0.8253,1.7607,0.4572,1.2967,1.1828,1.2707,1.5722,1.2577,1.9776,2.5179,1.4928,2.8386,1.8437,3.1289,2.1459,3.1693,1.0583,3.6382,1.1824,4.0516,1.3041,3.1979,0.85,3.6561,0.9001,4.0287,0.9595,3.0669,0.7204,3.3763,0.6658,3.6506,0.6473,1.7046,0.4427,1.3,1.1751,1.2877,1.5443,1.2869,1.9427,2.5482,1.529,2.8421,1.8935,3.1048,2.212,3.144,1.0506,3.5897,1.2183,3.9835,1.3627,3.1767,0.7958,3.6178,0.8947,3.9699,1.0079,2.9981,0.614,3.2811,0.5857,3.527,0.6029,1.7005,0.4328,1.2919,1.1691,1.2958,1.5296,1.3263,1.9295,2.5632,1.5257,2.8638,1.8767,3.1055,2.1808,3.0902,1.1669,3.44,1.5471,3.6446,1.8572,3.1756,0.8982,3.5326,1.2154,3.7261,1.5187,2.9349,0.5632,3.2008,0.5649,3.4,0.6092,0.0,0.0,0.1374,0.3815,0.0,0.0,0.0,0.0,0.3051,0.4194,0.1171,0.668,-0.1066,0.986,0.6706,-0.7201,0.6759,-0.608,0.7034,-0.4068,0.1953,-2.006,0.2555,-2.5653,0.3069,-2.7353,0.217,-3.049,0.399,-4.8003,0.4745,-6.065,-0.7854,-0.7075,0.0,0.0,0.0,0.0,0.0,0.0,0.4577,2.9098,-0.1143,4.6865,-0.621,6.1499,0.903,0.1613,0.8706,0.3228,0.7425,0.3398,0.2221,-1.026,0.0534,-1.0034,0.1446,-0.6097,-0.4814,-2.3984,-0.7243,-2.5545,-1.0024,-2.1444,-0.6679,-0.1724,0.0,0.0,0.0,0.0,0.3477,-0.4157,0.3602,0.4301,0.0414,0.593,-0.2869,0.7876,0.0,0.0,-0.5769,0.4274,-0.8111,0.6971,-0.2522,-0.6454,-0.4564,-0.0642,-0.7004,0.5761,-0.8182,-1.2663,-1.1332,-0.9544,-1.4721,-0.5293,0.0,0.0,0.0,0.0,0.0,0.0,0.474,-0.1584,0.0,0.0,0.0,0.0,0.0,0.0,-0.6493,1.4016,-1.8035,3.9614,-4.0828,5.958,-0.0134,1.2336,-1.026,3.8639,-2.9374,6.1541,-0.7621,-0.6118,-0.9676,-0.2501,-1.5301,0.0758,False,False,False,False,False,False,right,False,False,False,True,True,False,
video 02.mp4,372655f94428d157,42416,22000,22333,264,268,1.7046,0.4427,1.3,1.1751,1.2877,1.5443,1.2869,1.9427,2.5482,1.529,2.8421,1.8935,3.1048,2.212,3.144,1.0506,3.5897,1.2183,3.9835,1.3627,3.1767,0.7958,3.6178,0.8947,3.9699,1.0079,2.9981,0.614,3.2811,0.5857,3.527,0.6029,1.7005,0.4328,1.2919,1.1691,1.2958,1.5296,1.3263,1.9295,2.5632,1.5257,2.8638,1.8767,3.1055,2.1808,3.0902,1.1669,3.44,1.5471,3.6446,1.8572,3.1756,0.8982,3.5326,1.2154,3.7261,1.5187,2.9349,0.5632,3.2008,0.5649,3.4,0.6092,1.6857,0.4276,1.3054,1.1688,1.331,1.5251,1.3768,1.9302,2.5759,1.5012,2.8803,1.8476,3.1099,2.1559,3.0397,1.2053,3.38,1.6039,3.5886,1.9367,3.145,0.95,3.4701,1.2747,3.6588,1.5851,2.9038,0.5303,3.1589,0.5348,3.3452,0.5799,1.7104,0.4555,1.3085,1.1746,1.3242,1.5262,1.3897,1.9362,2.5506,1.3898,2.8653,1.7007,3.1029,1.9908,2.9743,1.2202,3.3461,1.5979,3.606,1.9239,3.0986,1.0271,3.4196,1.3552,3.6174,1.6732,2.941,0.5864,3.1867,0.6003,3.3551,0.7093,1.7732,0.4924,1.3094,1.1572,1.3189,1.526,1.3797,1.9418,2.5245,1.2533,2.8629,1.5691,3.1292,1.8428,2.9513,1.2004,3.3219,1.5863,3.5917,1.9165,3.1151,1.0845,3.4529,1.4483,3.6628,1.7777,3.093,0.9906,3.3374,1.2673,3.4977,1.5314,0.0,0.0,0.0,0.0,0.0,0.0,0.474,-0.1584,0.0,0.0,0.0,0.0,0.0,0.0,-0.6493,1.4016,-1.8035,3.9614,-4.0828,5.958,-0.0134,1.2336,-1.026,3.8639,-2.9374,6.1541,-0.7621,-0.6118,-0.9676,-0.2501,-1.5301,0.0758,0.0,0.0,0.0,0.0,0.4237,-0.0546,0.6094,0.0085,0.0,0.0,0.1991,-0.3502,0.0,0.0,-0.6076,0.462,-0.7231,0.685,-0.6754,0.957,-0.369,0.624,-0.753,0.7147,-0.8111,0.8004,-0.3742,-0.3969,-0.5049,-0.3624,-0.6595,-0.3521,0.2942,0.3319,0.0,0.0,0.0,0.0,0.0,0.0,-0.302,-1.3267,-0.1789,-1.749,-0.0827,-1.9659,-0.779,0.1783,-0.4037,-0.0722,0.0,0.0,-0.5526,0.9184,-0.6018,0.9581,-0.4928,1.0484,0.4432,0.6679,0.3307,0.7794,0.118,1.5401,0.757,0.4452,0.0,0.0,0.0,0.0,0.0,0.0,-0.314,-1.6439,-0.0283,-1.5849,0.3168,-1.783,0.0,0.0,0.0,0.0,0.0,0.0,0.1995,0.6911,0.4015,1.1216,0.5479,1.2589,1.8308,4.8697,1.8158,8.0362,1.7173,9.9051,False,False,False,False,False,False,right,False,False,False,True,True,False,
video 02.mp4,372655f94428d157,42416,22250,22583,267,271,1.7104,0.4555,1.3085,1.1746,1.3242,1.5262,1.3897,1.9362,2.5506,1.3898,2.8653,1.7007,3.1029,1.9908,2.9743,1.2202,3.3461,1.5979,3.606,1.9239,3.0986,1.0271,3.4196,1.3552,3.6174,1.6732,2.941,0.5864,3.1867,0.6003,3.3551,0.7093,1.7732,0.4924,1.3094,1.1572,1.3189,1.526,1.3797,1.9418,2.5245,1.2533,2.8629,1.5691,3.1292,1.8428,2.9513,1.2004,3.3219,1.5863,3.5917,1.9165,3.1151,1.0845,3.4529,1.4483,3.6628,1.7777,3.093,0.9906,3.3374,1.2673,3.4977,1.5314,1.7842,0.5254,1.3064,1.1487,1.3082,1.5198,1.3687,1.9391,2.5332,1.2005,2.8873,1.4912,3.1838,1.7515,2.9765,1.1628,3.3614,1.5408,3.6529,1.8653,3.1355,1.0856,3.4852,1.437,3.7081,1.7542,3.1211,1.0591,3.3809,1.3274,3.5642,1.5875,1.8184,0.5416,1.324,1.175,1.3007,1.5705,1.3108,1.9922,2.5619,1.2235,2.9464,1.4832,3.2706,1.7218,3.0306,1.15,3.4632,1.4766,3.817,1.7521,3.2019,1.0647,3.6019,1.385,3.8795,1.6399,3.1929,1.0291,3.5064,1.2272,3.7655,1.4182,1.817,0.5345,1.3376,1.1819,1.304,1.5916,1.281,2.0044,2.608,1.2273,2.9849,1.4523,3.3118,1.6718,3.1158,1.0653,3.5714,1.2715,3.9649,1.4654,3.2385,0.9794,3.6582,1.1638,3.9817,1.3286,3.1927,0.9801,3.5025,1.1491,3.7736,1.2692,0.757,0.4452,0.0,0.0,0.0,0.0,0.0,0.0,-0.314,-1.6439,-0.0283,-1.5849,0.3168,-1.783,0.0,0.0,0.0,0.0,0.0,0.0,0.1995,0.6911,0.4015,1.1216,0.5479,1.2589,1.8308,4.8697,1.8158,8.0362,1.7173,9.9051,0.1332,0.3976,0.0,0.0,0.0,0.0,0.0,0.0,0.1045,-0.6371,0.2935,-0.9384,0.6579,-1.1008,0.3029,-0.4527,0.4757,-0.5485,0.7371,-0.6166,0.0,0.0,0.3887,-0.1361,0.5447,-0.2831,0.339,0.8258,0.5232,0.7235,0.8014,0.6753,0.4064,0.192,0.0,0.0,-0.0892,0.6031,-0.6899,0.6328,0.3426,0.2742,0.7035,-0.0961,1.0324,-0.3533,0.6452,-0.1524,1.2129,-0.7643,1.953,-1.3479,0.7896,-0.2498,1.3892,-0.6187,2.0407,-1.3602,0.8543,-0.3574,1.4948,-1.192,2.3961,-2.0153,0.0,0.0,0.0,0.0,0.0,0.0,0.0,0.0,0.5549,0.0462,0.4648,-0.3715,0.4966,-0.6024,1.0258,-1.0204,1.3031,-2.4707,1.7829,-3.4542,0.4414,-1.0276,0.6789,-2.6659,1.2316,-3.7508,-0.0024,-0.5903,-0.0474,-0.9407,0.0986,-1.7946,False,False,False,False,False,False,right,False,False,False,True,True,False,
video 02.mp4,372655f94428d157,42416,22500,22833,270,274,1.8184,0.5416,1.324,1.175,1.3007,1.5705,1.3108,1.9922,2.5619,1.2235,2.9464,1.4832,3.2706,1.7218,3.0306,1.15,3.4632,1.4766,3.817,1.7521,3.2019,1.0647,3.6019,1.385,3.8795,1.6399,3.1929,1.0291,3.5064,1.2272,3.7655,1.4182,1.817,0.5345,1.3376,1.1819,1.304,1.5916,1.281,2.0044,2.608,1.2273,2.9849,1.4523,3.3118,1.6718,3.1158,1.0653,3.5714,1.2715,3.9649,1.4654,3.2385,0.9794,3.6582,1.1638,3.9817,1.3286,3.1927,0.9801,3.5025,1.1491,3.7736,1.2692,1.798,0.531,1.338,1.1914,1.3008,1.5968,1.269,1.9965,2.6455,1.1382,2.975,1.3684,3.2714,1.6088,3.1809,0.9194,3.6001,1.1104,3.9479,1.2945,3.2969,0.8521,3.6841,1.0152,3.9917,1.185,3.2316,0.902,3.514,1.0042,3.7637,1.1214,1.7625,0.5673,1.3286,1.1865,1.3217,1.5646,1.3681,1.9548,2.6186,0.9448,2.9043,1.2043,3.1298,1.5073,3.1369,0.7865,3.5455,1.0148,3.8513,1.2332,3.2929,0.7673,3.6603,0.9433,3.9476,1.1313,3.2977,0.8344,3.5782,0.9304,3.8155,1.0748,1.7281,0.5993,1.3009,1.1602,1.3153,1.5034,1.3885,1.8661,2.5875,0.9395,2.8618,1.2232,3.0823,1.5439,3.0898,0.7456,3.4648,0.989,3.7523,1.2327,3.2662,0.7217,3.6294,0.9052,3.8972,1.1063,3.2917,0.7885,3.5772,0.8836,3.8152,1.0257,0.0,0.0,0.0,0.0,0.0,0.0,0.0,0.0,0.5549,0.0462,0.4648,-0.3715,0.4966,-0.6024,1.0258,-1.0204,1.3031,-2.4707,1.7829,-3.4542,0.4414,-1.0276,0.6789,-2.6659,1.2316,-3.7508,-0.0024,-0.5903,-0.0474,-0.9407,0.0986,-1.7946,0.0,0.0,0.0,0.0,0.0,0.0,0.0,0.0,0.4514,-1.0742,-0.1202,-1.0114,-0.4863,-0.7586,0.7839,-1.758,0.3463,-1.9414,-0.2055,-2.0583,0.703,-1.5329,0.3121,-1.79,0.1201,-1.73,0.4684,-0.9412,0.1384,-1.7463,-0.1202,-1.7807,-0.4225,0.4319,0.0,0.0,0.2489,-0.3838,1.1804,-0.4966,-0.3198,-2.3025,-0.8414,-1.9533,-1.6857,-1.2083,-0.5231,-1.5819,-0.6501,-1.1377,-1.1493,-0.7306,-0.0467,-1.0097,-0.2838,-0.8556,-0.5246,-0.6388,0.7871,-0.8043,0.7641,-0.8785,0.6165,-0.555,-0.4146,0.3859,-0.3346,-0.3173,-0.0762,-0.737,0.2449,-1.0688,0.0,0.0,-0.5113,0.2273,-0.5723,0.4402,-0.568,-0.4937,-0.9725,-0.3112,-1.1934,-0.0061,-0.3218,-0.5503,-0.372,-0.4595,-0.6067,-0.3011,-0.0717,-0.5539,-0.0114,-0.5643,-0.0032,-0.5917,False,False,False,False,False,False,right,False,False,False,True,True,False,
video 02.mp4,372655f94428d157,42416,22750,23083,273,277,1.7625,0.5673,1.3286,1.1865,1.3217,1.5646,1.3681,1.9548,2.6186,0.9448,2.9043,1.2043,3.1298,1.5073,3.1369,0.7865,3.5455,1.0148,3.8513,1.2332,3.2929,0.7673,3.6603,0.9433,3.9476,1.1313,3.2977,0.8344,3.5782,0.9304,3.8155,1.0748,1.7281,0.5993,1.3009,1.1602,1.3153,1.5034,1.3885,1.8661,2.5875,0.9395,2.8618,1.2232,3.0823,1.5439,3.0898,0.7456,3.4648,0.989,3.7523,1.2327,3.2662,0.7217,3.6294,0.9052,3.8972,1.1063,3.2917,0.7885,3.5772,0.8836,3.8152,1.0257,1.5881,0.59,1.2675,1.1702,1.299,1.5045,1.373,1.8661,2.5537,1.193,2.8035,1.5613,3.007,1.9009,3.0565,0.736,3.4128,0.9551,3.688,1.2005,3.1643,0.6784,3.5408,0.8353,3.819,1.0492,3.1989,0.7886,3.494,0.8541,3.7227,0.9952,1.5412,0.5589,1.2334,1.1569,1.2901,1.4899,1.3789,1.8525,2.523,1.2815,2.775,1.6535,2.9747,1.9772,2.9943,0.7369,3.3576,0.9807,3.6262,1.228,3.1023,0.6099,3.4797,0.789,3.742,1.006,3.1388,0.7034,3.4463,0.7645,3.6717,0.898,1.5318,0.5206,1.2347,1.1634,1.2871,1.5008,1.3885,1.8711,2.505,1.3594,2.7722,1.7112,2.9583,2.025,2.9689,0.9554,3.3228,1.3199,3.5438,1.6555,3.0467,0.6694,3.4051,0.8606,3.6491,1.1357,2.909,0.5462,3.17,0.5883,3.3779,0.6989,-0.4146,0.3859,-0.3346,-0.3173,-0.0762,-0.737,0.2449,-1.0688,0.0,0.0,-0.5113,0.2273,-0.5723,0.4402,-0.568,-0.4937,-0.9725,-0.3112,-1.1934,-0.0061,-0.3218,-0.5503,-0.372,-0.4595,-0.6067,-0.3011,-0.0717,-0.5539,-0.0114,-0.5643,-0.0032,-0.5917,-1.6857,-0.1118,-0.4023,0.1207,0.0,0.0,0.0,0.0,-0.4077,3.0539,-0.7025,4.0733,-0.9077,4.3012,-0.4011,-0.1147,-0.6267,-0.4089,-0.774,-0.3869,-1.2282,-0.5213,-1.0669,-0.8416,-0.9424,-0.6888,-1.1184,0.0021,-1.0026,-0.3545,-1.1142,-0.3674,-0.5585,-0.3703,-0.4061,-0.1583,0.0,0.0,0.0,0.0,-0.365,1.0542,-0.3393,1.0981,-0.3849,0.9089,-0.7397,0.0101,-0.6566,0.3057,-0.736,0.3266,-0.738,-0.8157,-0.7277,-0.5515,-0.9176,-0.5143,-0.7158,-1.0143,-0.5679,-1.0671,-0.6077,-1.1577,-0.1135,-0.4622,0.0,0.0,0.0,0.0,0.0,0.0,-0.2169,0.939,-0.0339,0.6951,-0.197,0.5764,-0.3067,2.6331,-0.4197,4.0867,-0.9927,5.1513,-0.6694,0.7171,-0.8994,0.8623,-1.1192,1.5623,-2.7682,-1.8948,-3.3291,-2.1229,-3.5394,-2.399,False,False,False,False,False,False,right,False,False,False,True,True,False,
video 02.mp4,372655f94428d157,42416,23000,23333,276,280,1.5412,0.5589,1.2334,1.1569,1.2901,1.4899,1.3789,1.8525,2.523,1.2815,2.775,1.6535,2.9747,1.9772,2.9943,0.7369,3.3576,0.9807,3.6262,1.228,3.1023,0.6099,3.4797,0.789,3.742,1.006,3.1388,0.7034,3.4463,0.7645,3.6717,0.898,1.5318,0.5206,1.2347,1.1634,1.2871,1.5008,1.3885,1.8711,2.505,1.3594,2.7722,1.7112,2.9583,2.025,2.9689,0.9554,3.3228,1.3199,3.5438,1.6555,3.0467,0.6694,3.4051,0.8606,3.6491,1.1357,2.909,0.5462,3.17,0.5883,3.3779,0.6989,1.5625,0.4852,1.2506,1.1674,1.2959,1.5068,1.3918,1.8827,2.5209,1.3684,2.7913,1.7167,2.9824,2.0258,2.9603,1.0649,3.3037,1.4544,3.5001,1.788,3.0499,0.8326,3.3671,1.169,3.5552,1.5122,2.8824,0.5167,3.1338,0.5863,3.3163,0.7136,1.5963,0.4804,1.2473,1.1966,1.2865,1.5228,1.3991,1.9044,2.5357,1.388,2.8267,1.7361,3.0339,2.0411,2.9716,1.1277,3.3126,1.5279,3.5065,1.8596,3.05,0.908,3.3503,1.2752,3.5223,1.6211,2.911,0.5236,3.1566,0.6038,3.3291,0.7395,1.6443,0.4651,1.2507,1.1756,1.2871,1.5174,1.3892,1.9066,2.5524,1.3589,2.8497,1.7284,3.0613,2.0516,2.9912,1.1103,3.3331,1.5199,3.5405,1.8628,3.0754,0.9632,3.3841,1.355,3.5661,1.7164,2.9978,0.8473,3.2156,1.1226,3.3735,1.4101,-0.1135,-0.4622,0.0,0.0,0.0,0.0,0.0,0.0,-0.2169,0.939,-0.0339,0.6951,-0.197,0.5764,-0.3067,2.6331,-0.4197,4.0867,-0.9927,5.1513,-0.6694,0.7171,-0.8994,0.8623,-1.1192,1.5623,-2.7682,-1.8948,-3.3291,-2.1229,-3.5394,-2.399,0.37,-0.4267,0.0,0.0,0.0,0.0,0.0,0.0,0.0,0.0,0.0,0.0,0.0,0.0,-0.1029,1.3193,-0.2304,1.6204,-0.5264,1.5961,0.0376,1.9667,-0.4579,3.7155,-1.1312,4.5369,-0.3204,-0.355,-0.4353,-0.0238,-0.7419,0.1776,0.4023,-0.0573,0.0,0.0,0.0,0.0,0.0,0.0,0.0,0.0,0.4213,0.2318,0.613,0.1826,0.1341,0.7475,0.106,0.8752,0.0756,0.8526,0.0021,0.8973,-0.1999,1.2653,-0.391,1.296,0.0,0.0,0.0,0.0,0.0,0.0,0.5781,-0.1839,0.0,0.0,0.0,0.0,0.0,0.0,0.2005,-0.351,0.0,0.0,0.0,0.0,0.0,0.0,0.0,0.0,0.4093,0.0381,0.3052,0.665,0.4077,0.9612,0.5274,1.149,1.0455,3.9,0.7113,6.2507,0.5348,8.0804,False,False,False,False,False,False,right,False,False,False,True,True,False,
video 02.mp4,372655f94428d157,42416,23250,23583,279,283,1.5963,0.4804,1.2473,1.1966,1.2865,1.5228,1.3991,1.9044,2.5357,1.388,2.8267,1.7361,3.0339,2.0411,2.9716,1.1277,3.3126,1.5279,3.5065,1.8596,3.05,0.908,3.3503,1.2752,3.5223,1.6211,2.911,0.5236,3.1566,0.6038,3.3291,0.7395,1.6443,0.4651,1.2507,1.1756,1.2871,1.5174,1.3892,1.9066,2.5524,1.3589,2.8497,1.7284,3.0613,2.0516,2.9912,1.1103,3.3331,1.5199,3.5405,1.8628,3.0754,0.9632,3.3841,1.355,3.5661,1.7164,2.9978,0.8473,3.2156,1.1226,3.3735,1.4101,1.7083,0.5264,1.2615,1.186,1.2883,1.5197,1.3841,1.916,2.587,1.2095,2.9013,1.568,3.1233,1.9042,3.0181,1.0823,3.3872,1.4781,3.629,1.8162,3.1082,1.0057,3.4297,1.3843,3.6174,1.7303,3.0597,0.9883,3.3019,1.2618,3.4641,1.537,1.7499,0.5439,1.3053,1.1698,1.3264,1.5191,1.3839,1.9189,2.6074,1.0966,2.9248,1.3747,3.1694,1.6526,3.0774,0.9607,3.4601,1.2633,3.7203,1.5318,3.2302,0.9282,3.5818,1.2121,3.8032,1.4739,3.1913,0.9163,3.4532,1.1291,3.6437,1.3623,1.763,0.535,1.2857,1.1523,1.2812,1.5246,1.2775,1.9154,2.5422,1.0375,2.8879,1.253,3.1624,1.4843,3.0587,0.8542,3.4626,1.0552,3.7895,1.2441,3.2391,0.825,3.6061,1.0243,3.8732,1.2103,3.2411,0.8767,3.5345,1.0118,3.7738,1.1638,0.5781,-0.1839,0.0,0.0,0.0,0.0,0.0,0.0,0.2005,-0.351,0.0,0.0,0.0,0.0,0.0,0.0,0.0,0.0,0.4093,0.0381,0.3052,0.665,0.4077,0.9612,0.5274,1.149,1.0455,3.9,0.7113,6.2507,0.5348,8.0804,0.7712,0.7383,0.0,0.0,0.0,0.0,0.0,0.0,0.4171,-1.7994,0.622,-1.9317,0.7472,-1.7757,0.3244,-0.3372,0.6518,-0.5038,1.0665,-0.5618,0.3962,0.5124,0.5493,0.3523,0.618,0.1669,0.7454,1.6989,1.0392,1.6772,1.0913,1.5286,0.4955,0.2084,0.5209,-0.1931,0.4534,-0.0066,0.0,0.0,0.2423,-1.3451,0.2796,-2.3016,0.5489,-2.9948,0.7065,-1.4477,0.8679,-2.557,1.0865,-3.3857,1.4523,-0.9227,1.8105,-2.0495,2.2115,-3.052,1.5664,-0.8576,1.8013,-1.5795,2.1387,-2.0804,0.0,0.0,0.0,0.0,-0.5444,0.0658,-1.2827,-0.0415,-0.7854,-0.7113,-0.445,-1.4657,-0.0836,-2.0278,-0.2261,-1.2828,0.0303,-2.5066,0.8345,-3.466,0.1064,-1.243,0.2934,-2.2627,0.8435,-3.1763,0.6,-0.4774,0.9792,-1.4134,1.5677,-2.3915,False,False,False,False,False,False,right,False,False,False,True,True,False,
video 02.mp4,372655f94428d157,42416,23500,23833,282,286,1.7499,0.5439,1.3053,1.1698,1.3264,1.5191,1.3839,1.9189,2.6074,1.0966,2.9248,1.3747,3.1694,1.6526,3.0774,0.9607,3.4601,1.2633,3.7203,1.5318,3.2302,0.9282,3.5818,1.2121,3.8032,1.4739,3.1913,0.9163,3.4532,1.1291,3.6437,1.3623,1.763,0.535,1.2857,1.1523,1.2812,1.5246,1.2775,1.9154,2.5422,1.0375,2.8879,1.253,3.1624,1.4843,3.0587,0.8542,3.4626,1.0552,3.7895,1.2441,3.2391,0.825,3.6061,1.0243,3.8732,1.2103,3.2411,0.8767,3.5345,1.0118,3.7738,1.1638,1.7549,0.5286,1.2647,1.1479,1.2593,1.5328,1.2435,1.9161,2.5159,1.0171,2.8688,1.2074,3.1663,1.4084,3.0382,0.829,3.4428,1.0234,3.7657,1.2019,3.2327,0.7894,3.5951,0.9803,3.8676,1.1575,3.2527,0.8237,3.5547,0.925,3.809,1.0444,1.6972,0.5226,1.2585,1.1507,1.2652,1.5137,1.2681,1.8957,2.527,1.3951,2.8336,1.7669,3.1052,2.09,3.0481,0.8474,3.4451,1.0606,3.7631,1.2784,3.1954,0.7742,3.5753,0.9605,3.8644,1.16,3.2114,0.8406,3.5309,0.9431,3.7942,1.0862,1.6876,0.522,1.2534,1.1606,1.2677,1.5176,1.2961,1.9003,2.4625,1.4387,2.754,1.8161,3.0331,2.1478,3.0299,0.8662,3.433,1.0846,3.7639,1.3094,3.162,0.7632,3.5605,0.9661,3.8487,1.1802,3.201,0.8359,3.5143,0.9346,3.7685,1.0798,0.0,0.0,0.0,0.0,-0.5444,0.0658,-1.2827,-0.0415,-0.7854,-0.7113,-0.445,-1.4657,-0.0836,-2.0278,-0.2261,-1.2828,0.0303,-2.5066,0.8345,-3.466,0.1064,-1.243,0.2934,-2.2627,0.8435,-3.1763,0.6,-0.4774,0.9792,-1.4134,1.5677,-2.3915,0.0,0.0,0.0,0.0,0.0,0.0,-0.4096,0.0079,-0.3169,-0.2453,-0.2296,-0.5496,0.046,-0.9149,0.0,0.0,-0.2383,-0.3832,-0.2868,-0.5076,-0.0768,-0.4293,-0.1334,-0.5301,-0.0668,-0.6358,0.1397,-0.638,0.2437,-1.0462,0.4236,-1.4386,-0.6874,-0.0712,0.0,0.0,0.0,0.0,0.0,0.0,0.1326,4.4991,-0.4191,6.6606,-0.7264,8.1139,0.0,0.0,0.0271,0.4418,-0.031,0.9101,-0.4435,-0.181,0.0,0.0,0.0,0.0,-0.4906,0.201,0.0,0.0,-0.1757,0.4977,0.0,0.0,0.0,0.0,0.0,0.0,0.0,0.0,-0.7773,0.5251,-0.9591,0.5921,-0.8689,0.6968,0.0,0.0,0.0,0.0,0.0,0.0,-0.4033,-0.1326,0.0,0.0,0.0,0.0,0.0,0.0,0.0,0.0,0.0,0.0,False,False,False,False,False,False,right,False,False,False,True,True,False,
video 02.mp4,372655f94428d157,42416,23750,24083,285,289,1.6972,0.5226,1.2585,1.1507,1.2652,1.5137,1.2681,1.8957,2.527,1.3951,2.8336,1.7669,3.1052,2.09,3.0481,0.8474,3.4451,1.0606,3.7631,1.2784,3.1954,0.7742,3.5753,0.9605,3.8644,1.16,3.2114,0.8406,3.5309,0.9431,3.7942,1.0862,1.6876,0.522,1.2534,1.1606,1.2677,1.5176,1.2961,1.9003,2.4625,1.4387,2.754,1.8161,3.0331,2.1478,3.0299,0.8662,3.433,1.0846,3.7639,1.3094,3.162,0.7632,3.5605,0.9661,3.8487,1.1802,3.201,0.8359,3.5143,0.9346,3.7685,1.0798,1.6723,0.4703,1.2583,1.1607,1.2724,1.526,1.2986,1.914,2.4812,1.4964,2.7756,1.8641,3.0165,2.1819,3.0295,1.0779,3.4318,1.4015,3.7395,1.6781,3.1297,0.8279,3.5117,1.0521,3.7955,1.2945,3.0129,0.7017,3.2867,0.7537,3.5095,0.8667,1.6657,0.4539,1.2535,1.171,1.2703,1.5387,1.2948,1.9298,2.4888,1.4894,2.7892,1.8524,3.0308,2.1644,2.9947,1.179,3.3794,1.54,3.6461,1.8375,3.1015,0.9335,3.4537,1.2333,3.6933,1.5328,2.9561,0.644,3.2172,0.7146,3.4195,0.8381,1.6763,0.4413,1.2593,1.1767,1.2712,1.5471,1.2897,1.9494,2.5005,1.5066,2.8076,1.8666,3.047,2.175,2.9744,1.2407,3.3549,1.6056,3.6186,1.9038,3.0875,1.0183,3.4233,1.3437,3.6517,1.6573,2.944,0.636,3.1983,0.7143,3.3939,0.8418,0.0,0.0,0.0,0.0,0.0,0.0,0.0,0.0,-0.7773,0.5251,-0.9591,0.5921,-0.8689,0.6968,0.0,0.0,0.0,0.0,0.0,0.0,-0.4033,-0.1326,0.0,0.0,0.0,0.0,0.0,0.0,0.0,0.0,0.0,0.0,-0.1841,-0.6228,0.0,0.0,0.0,0.0,0.0,0.0,0.2251,0.6952,0.2598,0.5789,-0.1997,0.4113,-0.0041,2.5504,-0.0153,3.8176,-0.2944,4.4419,-0.3888,0.7792,-0.5886,1.0358,-0.6407,1.3763,-2.2664,-1.6168,-2.7418,-2.1791,-3.1199,-2.5676,0.0,0.0,0.0,0.0,0.0,0.0,0.0,0.0,0.0,0.0,0.0,0.0,0.0,0.0,-0.4142,1.2038,-0.623,1.6487,-1.1118,1.8972,-0.3356,1.2574,-0.69,2.157,-1.2173,2.8371,-0.6756,-0.687,-0.8272,-0.465,-1.0718,-0.3412,0.0,0.0,0.0,0.0,0.0,0.0,0.0,0.0,0.0,0.0,0.0,0.0,0.0,0.0,-0.2452,0.7435,-0.2953,0.7905,-0.3309,0.799,-0.1689,1.0215,-0.3658,1.3306,-0.5008,1.5006,0.0,0.0,0.0,0.0,0.0,0.0,False,False,False,False,False,False,right,False,False,False,True,True,False,
video 02.mp4,372655f94428d157,42416,24000,24333,288,292,1.6657,0.4539,1.2535,1.171,1.2703,1.5387,1.2948,1.9298,2.4888,1.4894,2.7892,1.8524,3.0308,2.1644,2.9947,1.179,3.3794,1.54,3.6461,1.8375,3.1015,0.9335,3.4537,1.2333,3.6933,1.5328,2.9561,0.644,3.2172,0.7146,3.4195,0.8381,1.6763,0.4413,1.2593,1.1767,1.2712,1.5471,1.2897,1.9494,2.5005,1.5066,2.8076,1.8666,3.047,2.175,2.9744,1.2407,3.3549,1.6056,3.6186,1.9038,3.0875,1.0183,3.4233,1.3437,3.6517,1.6573,2.944,0.636,3.1983,0.7143,3.3939,0.8418,1.7059,0.4224,1.2613,1.1508,1.2663,1.5192,1.2924,1.9262,2.5068,1.4805,2.8172,1.8533,3.0678,2.1718,2.9843,1.2414,3.3671,1.6261,3.6415,1.9373,3.1053,1.0457,3.4481,1.4003,3.682,1.7254,3.0151,0.8448,3.2552,1.0686,3.4418,1.3039,1.7099,0.4319,1.2601,1.1595,1.274,1.5198,1.3076,1.9262,2.5277,1.4574,2.8338,1.8365,3.0771,2.1523,2.9899,1.2315,3.3598,1.6238,3.6184,1.9337,3.1072,1.0523,3.4458,1.4133,3.6751,1.7314,3.05,0.9086,3.2965,1.1391,3.4608,1.3685,1.7269,0.4484,1.2709,1.1556,1.2892,1.5073,1.3157,1.9227,2.5724,1.4145,2.8939,1.7765,3.1546,2.0818,3.0552,1.173,3.4504,1.5089,3.7638,1.7819,3.1355,1.0454,3.4931,1.374,3.7402,1.6704,3.0671,1.0249,3.3272,1.2493,3.5047,1.4824,0.0,0.0,0.0,0.0,0.0,0.0,0.0,0.0,0.0,0.0,0.0,0.0,0.0,0.0,-0.2452,0.7435,-0.2953,0.7905,-0.3309,0.799,-0.1689,1.0215,-0.3658,1.3306,-0.5008,1.5006,0.0,0.0,0.0,0.0,0.0,0.0,0.3573,-0.2277,0.0,0.0,0.0,0.0,0.0,0.0,0.0,0.0,0.0,0.0,0.0,0.0,0.0,0.0,0.0,0.0,0.2754,0.404,0.0,0.0,0.2984,0.6818,0.3647,0.8198,0.8567,2.5165,0.6861,4.2696,0.5773,5.5681,0.0,0.0,0.0,0.0,0.0,0.0,0.0,0.0,0.0,0.0,0.0,0.0,0.0,0.0,0.0,0.0,0.0,0.0,0.0,0.0,0.0,0.0,0.0,0.0,0.0,0.0,0.4161,0.7592,0.4915,0.8382,0.2269,0.7684,0.0,0.0,0.0,0.0,0.0,0.0,0.0,0.0,0.5391,-0.5167,0.7245,-0.7234,0.9343,-0.8498,0.7869,-0.7047,1.0921,-1.3835,1.7521,-1.8283,0.0,0.0,0.5698,-0.4738,0.7837,-0.7357,0.2051,1.4009,0.3703,1.3282,0.5289,1.3733,False,False,False,False,False,False,right,False,False,False,True,True,False,
video 02.mp4,372655f94428d157,42416,24250,24583,291,295,1.7099,0.4319,1.2601,1.1595,1.274,1.5198,1.3076,1.9262,2.5277,1.4574,2.8338,1.8365,3.0771,2.1523,2.9899,1.2315,3.3598,1.6238,3.6184,1.9337,3.1072,1.0523,3.4458,1.4133,3.6751,1.7314,3.05,0.9086,3.2965,1.1391,3.4608,1.3685,1.7269,0.4484,1.2709,1.1556,1.2892,1.5073,1.3157,1.9227,2.5724,1.4145,2.8939,1.7765,3.1546,2.0818,3.0552,1.173,3.4504,1.5089,3.7638,1.7819,3.1355,1.0454,3.4931,1.374,3.7402,1.6704,3.0671,1.0249,3.3272,1.2493,3.5047,1.4824,1.732,0.4674,1.2692,1.1532,1.2809,1.5091,1.313,1.928,2.5888,1.2532,2.9116,1.559,3.1788,1.8462,3.0964,1.0245,3.5042,1.2937,3.8202,1.5328,3.1917,0.9534,3.5941,1.195,3.8708,1.4068,3.121,1.0064,3.3767,1.2136,3.5677,1.4297,1.717,0.4768,1.2496,1.1457,1.2538,1.5014,1.2702,1.9045,2.5754,1.1431,2.8903,1.4455,3.1449,1.7616,3.0908,0.9336,3.5006,1.225,3.8053,1.4908,3.2165,0.8697,3.6208,1.1257,3.8919,1.3624,3.1899,0.9463,3.4825,1.1092,3.7128,1.2882,1.6766,0.5269,1.2371,1.1692,1.2401,1.5176,1.2512,1.9126,2.569,1.1413,2.8826,1.4519,3.1378,1.7705,3.0853,0.9134,3.5019,1.1929,3.8164,1.4486,3.2078,0.8479,3.6166,1.0902,3.8899,1.3179,3.2011,0.9155,3.5045,1.0534,3.7381,1.218,0.0,0.0,0.0,0.0,0.0,0.0,0.0,0.0,0.5391,-0.5167,0.7245,-0.7234,0.9343,-0.8498,0.7869,-0.7047,1.0921,-1.3835,1.7521,-1.8283,0.0,0.0,0.5698,-0.4738,0.7837,-0.7357,0.2051,1.4009,0.3703,1.3282,0.5289,1.3733,0.0,0.0,0.0,0.0,0.0,0.0,0.0,0.0,0.1976,-1.9441,0.2138,-2.6199,0.2918,-2.8383,0.4959,-1.789,0.6481,-2.5936,0.6791,-3.0019,0.677,-1.109,1.2172,-2.157,1.5744,-3.1761,0.6504,-0.2224,0.5965,-0.4295,0.7591,-0.636,0.0,0.0,0.0,0.0,0.0,0.0,-0.5092,-0.2802,-0.1593,-1.3109,-0.2547,-1.3507,-0.404,-1.0072,-0.0659,-1.0812,-0.0422,-0.8178,-0.1768,-0.4992,0.2952,-0.9961,0.3174,-0.8241,0.2502,-0.5284,0.8197,-0.7156,1.2592,-1.2437,1.7265,-1.684,-0.4862,0.6032,0.0,0.0,0.0,0.0,0.0,0.0,0.0,0.0,0.0,0.0,0.0,0.0,0.0,0.0,0.0,0.0,0.1331,-0.5092,0.0,0.0,-0.05,-0.4282,-0.0239,-0.5354,0.0,0.0,0.2649,-0.6715,0.3051,-0.8462,False,False,False,False,False,False,right,False,False,False,True,True,False,
video 02.mp4,372655f94428d157,42416,24500,24833,294,298,1.717,0.4768,1.2496,1.1457,1.2538,1.5014,1.2702,1.9045,2.5754,1.1431,2.8903,1.4455,3.1449,1.7616,3.0908,0.9336,3.5006,1.225,3.8053,1.4908,3.2165,0.8697,3.6208,1.1257,3.8919,1.3624,3.1899,0.9463,3.4825,1.1092,3.7128,1.2882,1.6766,0.5269,1.2371,1.1692,1.2401,1.5176,1.2512,1.9126,2.569,1.1413,2.8826,1.4519,3.1378,1.7705,3.0853,0.9134,3.5019,1.1929,3.8164,1.4486,3.2078,0.8479,3.6166,1.0902,3.8899,1.3179,3.2011,0.9155,3.5045,1.0534,3.7381,1.218,1.6717,0.5102,1.2259,1.1616,1.2328,1.5214,1.2411,1.9131,2.5511,1.1553,2.8673,1.4646,3.1299,1.7773,3.073,0.9217,3.4898,1.2056,3.8117,1.4675,3.1954,0.842,3.5979,1.0967,3.8721,1.3385,3.2009,0.8775,3.5121,1.0113,3.7562,1.1746,1.6659,0.493,1.2219,1.1542,1.2213,1.5095,1.2342,1.8992,2.5321,1.2029,2.8271,1.5528,3.075,1.8972,3.0644,0.8926,3.4754,1.1671,3.7955,1.4293,3.1795,0.8224,3.5678,1.0644,3.8279,1.2963,3.1898,0.8625,3.495,0.9806,3.7244,1.1386,1.6607,0.4873,1.2303,1.1324,1.211,1.4788,1.2101,1.8514,2.5953,1.2004,2.8358,1.5013,3.0235,1.7683,3.0714,0.9037,3.4535,1.1653,3.7285,1.4071,3.1789,0.8275,3.5466,1.0455,3.7997,1.2673,3.1555,0.8848,3.4339,1.0172,3.6337,1.1882,-0.4862,0.6032,0.0,0.0,0.0,0.0,0.0,0.0,0.0,0.0,0.0,0.0,0.0,0.0,0.0,0.0,0.0,0.0,0.1331,-0.5092,0.0,0.0,-0.05,-0.4282,-0.0239,-0.5354,0.0,0.0,0.2649,-0.6715,0.3051,-0.8462,0.0,0.0,0.0,0.0,0.0,0.0,0.0,0.0,0.0,0.0,0.0,0.0,0.0,0.0,0.0,0.0,0.0,0.0,0.0,0.0,0.0,0.0,0.0,0.0,0.0,0.0,-0.0019,-0.4579,0.0912,-0.5078,0.2184,-0.5225,0.0,0.0,0.0,0.0,0.0,0.0,0.0,0.0,-0.2256,0.5657,-0.4796,1.0499,-0.6532,1.4276,0.0,0.0,-0.1716,-0.4584,-0.1923,-0.4546,0.0,0.0,-0.3576,-0.384,-0.526,-0.5024,0.0,0.0,-0.2027,-0.3657,-0.3786,-0.4285,0.0,0.0,0.0,0.0,0.0,0.0,-0.2903,-0.576,0.7613,-0.0292,0.1048,-0.6196,-0.6204,-1.5531,0.0,0.0,0.0,0.0,-0.8071,-0.2676,0.0,0.0,0.0,0.0,-0.3398,-0.3498,-0.4134,0.2695,-0.7361,0.4407,-1.0933,0.598,False,False,False,False,False,False,right,False,False,False,True,True,False,
video 02.mp4,372655f94428d157,42416,24750,25083,297,301,1.6659,0.493,1.2219,1.1542,1.2213,1.5095,1.2342,1.8992,2.5321,1.2029,2.8271,1.5528,3.075,1.8972,3.0644,0.8926,3.4754,1.1671,3.7955,1.4293,3.1795,0.8224,3.5678,1.0644,3.8279,1.2963,3.1898,0.8625,3.495,0.9806,3.7244,1.1386,1.6607,0.4873,1.2303,1.1324,1.211,1.4788,1.2101,1.8514,2.5953,1.2004,2.8358,1.5013,3.0235,1.7683,3.0714,0.9037,3.4535,1.1653,3.7285,1.4071,3.1789,0.8275,3.5466,1.0455,3.7997,1.2673,3.1555,0.8848,3.4339,1.0172,3.6337,1.1882,1.6757,0.4858,1.2266,1.0937,1.2077,1.4584,1.2025,1.8319,2.5785,1.0514,2.8414,1.2867,3.0541,1.5405,3.0437,0.8987,3.415,1.1496,3.6958,1.384,3.1754,0.8385,3.5239,1.06,3.7755,1.2838,3.1624,0.868,3.4476,0.9911,3.6627,1.1519,1.6961,0.4788,1.2321,1.048,1.2098,1.4121,1.1953,1.784,2.5524,1.0148,2.831,1.2413,3.057,1.4884,3.0163,0.9017,3.3781,1.1587,3.6541,1.3983,3.1653,0.8538,3.5017,1.0819,3.7475,1.3109,3.1681,0.8614,3.4585,0.9881,3.6873,1.1486,1.6699,0.483,1.2172,1.0688,1.1933,1.4352,1.1768,1.8063,2.498,1.064,2.793,1.3149,3.0334,1.5767,2.9931,0.9076,3.3664,1.1761,3.6512,1.423,3.1438,0.8482,3.4921,1.088,3.7415,1.3297,3.1468,0.8442,3.4352,0.9844,3.6568,1.1564,0.0,0.0,0.0,0.0,0.0,0.0,-0.2903,-0.576,0.7613,-0.0292,0.1048,-0.6196,-0.6204,-1.5531,0.0,0.0,0.0,0.0,-0.8071,-0.2676,0.0,0.0,0.0,0.0,-0.3398,-0.3498,-0.4134,0.2695,-0.7361,0.4407,-1.0933,0.598,0.0,0.0,-0.0449,-0.4658,0.0,0.0,0.0,0.0,-0.2026,-1.7951,0.0683,-2.5861,0.3686,-2.7456,0.0,0.0,-0.4638,-0.189,-0.3946,-0.2783,0.0,0.0,0.0,0.0,0.0,0.0,0.0,0.0,0.0,0.0,0.3493,-0.4375,0.0,0.0,0.066,-0.5443,0.0241,-0.5515,-0.0853,-0.5697,-0.3106,-0.436,-0.1241,-0.5404,0.0341,-0.6199,0.0,0.0,-0.4394,0.108,-0.4964,0.1706,0.0,0.0,0.0,0.0,-0.3333,0.3224,0.0,0.0,0.0,0.0,0.0,0.0,0.0,0.0,0.0,0.0,0.0,0.0,0.0,0.0,-0.6552,0.5927,-0.4584,0.8871,-0.2841,1.0634,0.0,0.0,0.0,0.0,0.0,0.0,0.0,0.0,0.0,0.0,0.0,0.0,0.0,0.0,0.0,0.0,0.0,0.0,False,False,False,False,False,False,right,False,False,False,True,True,False,
video 02.mp4,372655f94428d157,42416,25000,25333,300,304,1.6961,0.4788,1.2321,1.048,1.2098,1.4121,1.1953,1.784,2.5524,1.0148,2.831,1.2413,3.057,1.4884,3.0163,0.9017,3.3781,1.1587,3.6541,1.3983,3.1653,0.8538,3.5017,1.0819,3.7475,1.3109,3.1681,0.8614,3.4585,0.9881,3.6873,1.1486,1.6699,0.483,1.2172,1.0688,1.1933,1.4352,1.1768,1.8063,2.498,1.064,2.793,1.3149,3.0334,1.5767,2.9931,0.9076,3.3664,1.1761,3.6512,1.423,3.1438,0.8482,3.4921,1.088,3.7415,1.3297,3.1468,0.8442,3.4352,0.9844,3.6568,1.1564,1.6342,0.4575,1.2012,1.0722,1.1837,1.4435,1.1795,1.8178,2.4721,1.1518,2.7707,1.4547,3.0206,1.7501,2.9848,0.9104,3.3689,1.1927,3.6645,1.4559,3.1138,0.8325,3.4778,1.0842,3.7349,1.3337,3.1134,0.8281,3.4147,0.9655,3.6448,1.1387,1.6322,0.4562,1.1975,1.0898,1.1902,1.449,1.1915,1.828,2.4299,1.3578,2.7197,1.7147,2.9875,2.0261,2.9648,0.906,3.3521,1.157,3.667,1.401,3.0786,0.823,3.4562,1.0481,3.725,1.267,3.103,0.8481,3.4043,0.9728,3.6359,1.1355,1.6238,0.4503,1.2004,1.0928,1.1958,1.4466,1.2046,1.8233,2.4008,1.3871,2.6835,1.7376,2.9568,2.0437,2.938,0.9005,3.3351,1.142,3.6665,1.3777,3.0596,0.7818,3.4411,0.9974,3.7196,1.211,3.073,0.827,3.3692,0.9505,3.6021,1.1167,0.0,0.0,0.0,0.0,0.0,0.0,0.0,0.0,-0.6552,0.5927,-0.4584,0.8871,-0.2841,1.0634,0.0,0.0,0.0,0.0,0.0,0.0,0.0,0.0,0.0,0.0,0.0,0.0,0.0,0.0,0.0,0.0,0.0,0.0,-0.4306,-0.3076,0.0,0.0,0.0,0.0,0.0,0.0,-0.3124,1.0572,-0.2677,1.6834,-0.1548,2.0897,0.0,0.0,0.0,0.0,0.1599,0.3956,-0.3614,-0.1891,0.0,0.0,0.0,0.0,-0.4015,-0.1939,0.0,0.0,0.0,0.0,0.0,0.0,0.0,0.0,0.0,0.0,0.0,0.0,-0.5026,2.4525,-0.6079,3.0961,-0.3932,3.2857,0.0,0.0,-0.1999,-0.4253,0.0299,-0.6531,-0.4195,-0.1141,-0.2578,-0.4291,-0.118,-0.7942,0.0,0.0,0.0,0.0,0.0,0.0,0.0,0.0,0.0,0.0,0.0,0.0,0.0,0.0,-0.3501,0.3537,-0.4359,0.2756,-0.3705,0.2119,0.0,0.0,0.0,0.0,0.0,0.0,-0.2289,-0.4956,-0.1811,-0.6108,-0.0644,-0.6752,-0.3606,-0.2544,-0.4228,-0.2686,-0.4068,-0.2274,False,False,False,False,False,False,right,False,False,False,True,True,False,
video 02.mp4,372655f94428d157,42416,25250,25583,303,307,1.6322,0.4562,1.1975,1.0898,1.1902,1.449,1.1915,1.828,2.4299,1.3578,2.7197,1.7147,2.9875,2.0261,2.9648,0.906,3.3521,1.157,3.667,1.401,3.0786,0.823,3.4562,1.0481,3.725,1.267,3.103,0.8481,3.4043,0.9728,3.6359,1.1355,1.6238,0.4503,1.2004,1.0928,1.1958,1.4466,1.2046,1.8233,2.4008,1.3871,2.6835,1.7376,2.9568,2.0437,2.938,0.9005,3.3351,1.142,3.6665,1.3777,3.0596,0.7818,3.4411,0.9974,3.7196,1.211,3.073,0.827,3.3692,0.9505,3.6021,1.1167,1.6212,0.4408,1.2214,1.1091,1.2287,1.4605,1.2283,1.8397,2.4228,1.4398,2.7151,1.7761,2.9745,2.0666,2.9517,1.0544,3.3479,1.3325,3.6619,1.5609,3.0541,0.8055,3.4324,1.0089,3.7158,1.2156,2.8871,0.6403,3.1347,0.6652,3.3507,0.7402,1.6021,0.4554,1.2479,1.0787,1.2436,1.4167,1.2262,1.7859,2.5925,1.1498,2.8855,1.3093,3.1145,1.4713,2.9332,1.0234,3.308,1.2275,3.5986,1.4153,2.9995,0.8167,3.3454,0.9389,3.62,1.0936,2.8152,0.5718,3.0556,0.5972,3.2536,0.6701,1.631,0.4435,1.2337,1.1064,1.2411,1.4672,1.2345,1.8425,2.5184,1.0945,2.8397,1.3094,3.0855,1.5466,2.9469,0.9457,3.3487,1.1976,3.6502,1.4264,3.0408,0.7626,3.4189,0.9452,3.6988,1.1436,2.9258,0.6259,3.1828,0.6988,3.3966,0.8097,0.0,0.0,0.0,0.0,0.0,0.0,0.0,0.0,-0.3501,0.3537,-0.4359,0.2756,-0.3705,0.2119,0.0,0.0,0.0,0.0,0.0,0.0,-0.2289,-0.4956,-0.1811,-0.6108,-0.0644,-0.6752,-0.3606,-0.2544,-0.4228,-0.2686,-0.4068,-0.2274,0.0,0.0,0.0,0.0,0.3964,0.1675,0.0,0.0,0.2642,0.6341,0.3806,0.4643,0.0,0.0,0.1651,1.8548,0.1545,2.2949,-0.0554,2.2073,0.0,0.0,0.0,0.0,0.0,0.0,-2.2408,-2.2501,-2.8253,-3.437,-3.0288,-4.5359,0.0,0.0,0.0,0.0,0.0,0.0,0.0,0.0,0.0,0.0,0.0,0.0,0.0,0.0,0.0,0.0,0.0,0.0,0.0,0.0,0.0,0.0,0.0,0.0,0.0,0.0,0.0,0.0,0.0,0.0,0.0,0.0,0.0,0.0,0.0,0.0,0.0,0.0,0.0,0.0,0.5725,-2.0676,0.746,-2.795,0.6645,-3.1136,-0.0286,-0.6513,0.005,-0.8075,-0.0696,-0.8055,0.0,0.0,0.0,0.0,-0.1013,-0.431,0.0,0.0,0.0,0.0,0.2748,0.4164,False,False,False,False,False,False,right,False,False,False,True,True,False,
video 02.mp4,372655f94428d157,42416,25500,25833,306,310,1.6021,0.4554,1.2479,1.0787,1.2436,1.4167,1.2262,1.7859,2.5925,1.1498,2.8855,1.3093,3.1145,1.4713,2.9332,1.0234,3.308,1.2275,3.5986,1.4153,2.9995,0.8167,3.3454,0.9389,3.62,1.0936,2.8152,0.5718,3.0556,0.5972,3.2536,0.6701,1.631,0.4435,1.2337,1.1064,1.2411,1.4672,1.2345,1.8425,2.5184,1.0945,2.8397,1.3094,3.0855,1.5466,2.9469,0.9457,3.3487,1.1976,3.6502,1.4264,3.0408,0.7626,3.4189,0.9452,3.6988,1.1436,2.9258,0.6259,3.1828,0.6988,3.3966,0.8097,1.6233,0.4201,1.2337,1.1077,1.2463,1.4597,1.2465,1.8372,2.5362,1.3708,2.8264,1.6829,3.065,1.959,2.9498,0.959,3.3382,1.2018,3.6221,1.4258,3.0353,0.7452,3.4107,0.912,3.6819,1.0965,2.9288,0.6547,3.1986,0.733,3.4072,0.8511,1.6439,0.4362,1.2345,1.137,1.2543,1.4737,1.2523,1.8694,2.4971,1.3984,2.7853,1.7431,3.034,2.048,2.9763,0.9406,3.3834,1.1828,3.691,1.4095,3.0527,0.7306,3.4474,0.9137,3.7214,1.1034,2.9897,0.7012,3.2552,0.7947,3.4486,0.9314,1.6382,0.4456,1.2279,1.1214,1.249,1.4582,1.2548,1.8477,2.4919,1.2279,2.7958,1.477,3.0568,1.7194,2.9704,0.9253,3.3853,1.171,3.7067,1.3994,3.0761,0.7496,3.4819,0.9391,3.7712,1.137,3.0153,0.7361,3.2902,0.8594,3.5064,1.0136,0.0,0.0,0.0,0.0,0.0,0.0,0.0,0.0,0.5725,-2.0676,0.746,-2.795,0.6645,-3.1136,-0.0286,-0.6513,0.005,-0.8075,-0.0696,-0.8055,0.0,0.0,0.0,0.0,-0.1013,-0.431,0.0,0.0,0.0,0.0,0.2748,0.4164,0.0,0.0,0.0,0.0,0.0,0.0,0.0,0.0,0.2146,3.3296,-0.1593,4.5002,-0.2475,4.9693,0.0,0.0,0.0,0.0,0.0,0.0,0.0,0.0,-0.0981,-0.3992,-0.2037,-0.5668,0.0,0.0,0.1904,0.4114,0.128,0.4985,0.0,0.0,0.0,0.0,0.0,0.0,0.0,0.0,-0.4651,0.3279,-0.4903,0.7165,-0.3685,1.0584,0.0,0.0,0.5381,-0.2261,0.8205,-0.1936,0.0,0.0,0.4371,0.0194,0.4701,0.0812,0.7248,0.5529,0.6736,0.7348,0.4922,0.9558,0.0,0.0,0.0,0.0,0.0,0.0,0.0,0.0,-0.0625,-2.0533,0.1268,-3.2058,0.2753,-3.9589,0.0,0.0,0.0,0.0,0.0,0.0,0.0,0.0,0.4154,0.3068,0.5995,0.4052,0.3091,0.421,0.4209,0.7801,0.697,0.9909,False,False,False,False,False,False,right,False,False,False,True,True,False,
video 02.mp4,372655f94428d157,42416,25750,26083,309,313,1.6439,0.4362,1.2345,1.137,1.2543,1.4737,1.2523,1.8694,2.4971,1.3984,2.7853,1.7431,3.034,2.048,2.9763,0.9406,3.3834,1.1828,3.691,1.4095,3.0527,0.7306,3.4474,0.9137,3.7214,1.1034,2.9897,0.7012,3.2552,0.7947,3.4486,0.9314,1.6382,0.4456,1.2279,1.1214,1.249,1.4582,1.2548,1.8477,2.4919,1.2279,2.7958,1.477,3.0568,1.7194,2.9704,0.9253,3.3853,1.171,3.7067,1.3994,3.0761,0.7496,3.4819,0.9391,3.7712,1.137,3.0153,0.7361,3.2902,0.8594,3.5064,1.0136,1.6131,0.4276,1.2269,1.1205,1.248,1.4553,1.2598,1.8424,2.5108,1.4046,2.7971,1.7263,3.0518,2.0004,2.9869,0.9068,3.3996,1.1258,3.7232,1.3384,3.072,0.7405,3.4696,0.9197,3.757,1.1105,3.0114,0.7482,3.2856,0.8536,3.4899,1.0007,1.661,0.4852,1.233,1.1481,1.251,1.4816,1.2787,1.8861,2.4572,1.4036,2.746,1.7575,3.0154,2.0697,2.9791,0.9019,3.3948,1.1184,3.7341,1.3376,3.0714,0.7444,3.4767,0.9285,3.7651,1.1174,3.0709,0.7906,3.3487,0.8892,3.5685,1.0311,1.6659,0.4916,1.2356,1.1574,1.2571,1.4915,1.296,1.8991,2.4587,1.3935,2.7487,1.7562,3.0113,2.0786,2.9906,0.8777,3.4137,1.0908,3.7656,1.3205,3.0831,0.7386,3.498,0.9219,3.7933,1.112,3.0698,0.8003,3.3495,0.8996,3.5826,1.0469,0.0,0.0,0.0,0.0,0.0,0.0,0.0,0.0,-0.0625,-2.0533,0.1268,-3.2058,0.2753,-3.9589,0.0,0.0,0.0,0.0,0.0,0.0,0.0,0.0,0.4154,0.3068,0.5995,0.4052,0.3091,0.421,0.4209,0.7801,0.697,0.9909,0.0,0.0,0.0,0.0,0.0,0.0,0.0,0.0,0.2282,2.1288,0.0157,3.0041,-0.061,3.3865,0.0,0.0,0.1719,-0.5443,0.198,-0.7343,0.0,0.0,0.0,0.0,0.0,0.0,0.0,0.0,0.0,0.0,0.0,0.0,0.5703,0.6854,0.0,0.0,0.0,0.0,0.2241,0.5202,-0.6387,-0.0119,-0.608,0.3706,-0.433,0.8249,0.0,0.0,0.0,0.0,0.0,0.0,0.0,0.0,0.0,0.0,0.0,0.0,0.7086,0.5047,0.7504,0.4239,0.9351,0.3624,0.0,0.0,0.0,0.0,0.0,0.0,0.0,0.0,0.0,0.0,0.0,0.0,0.0,0.0,0.0,0.0,0.2277,-0.3332,0.3794,-0.2066,0.0,0.0,0.0,0.0,0.0,0.0,0.0,0.0,0.0,0.0,0.0,0.0,False,False,False,False,False,False,right,False,False,False,True,True,False,
video 02.mp4,372655f94428d157,42416,26000,26333,312,316,1.661,0.4852,1.233,1.1481,1.251,1.4816,1.2787,1.8861,2.4572,1.4036,2.746,1.7575,3.0154,2.0697,2.9791,0.9019,3.3948,1.1184,3.7341,1.3376,3.0714,0.7444,3.4767,0.9285,3.7651,1.1174,3.0709,0.7906,3.3487,0.8892,3.5685,1.0311,1.6659,0.4916,1.2356,1.1574,1.2571,1.4915,1.296,1.8991,2.4587,1.3935,2.7487,1.7562,3.0113,2.0786,2.9906,0.8777,3.4137,1.0908,3.7656,1.3205,3.0831,0.7386,3.498,0.9219,3.7933,1.112,3.0698,0.8003,3.3495,0.8996,3.5826,1.0469,1.6518,0.4761,1.2343,1.1316,1.2544,1.4814,1.2956,1.8742,2.478,1.2041,2.7891,1.4978,3.0583,1.7805,2.9939,0.8809,3.4208,1.1118,3.7595,1.3388,3.1019,0.7455,3.5192,0.9362,3.8138,1.1324,3.0691,0.7798,3.3548,0.8848,3.5887,1.0309,1.6457,0.4722,1.2332,1.1241,1.2554,1.4766,1.2893,1.8706,2.5019,1.1662,2.8049,1.4608,3.0578,1.7476,2.9984,0.8912,3.4243,1.1454,3.7555,1.3834,3.1102,0.7619,3.5213,0.9636,3.8117,1.1706,3.0889,0.7766,3.3886,0.8906,3.6297,1.0406,1.6636,0.4709,1.2385,1.1359,1.2588,1.487,1.2922,1.8882,2.4844,1.313,2.7853,1.672,3.0439,1.9918,3.0056,0.8948,3.4262,1.1422,3.7635,1.3863,3.1066,0.7597,3.5155,0.9598,3.8066,1.1696,3.1095,0.7983,3.4105,0.9058,3.6465,1.059,0.0,0.0,0.0,0.0,0.0,0.0,0.0,0.0,0.0,0.0,0.0,0.0,0.0,0.0,0.0,0.0,0.2277,-0.3332,0.3794,-0.2066,0.0,0.0,0.0,0.0,0.0,0.0,0.0,0.0,0.0,0.0,0.0,0.0,0.0,0.0,0.0,0.0,0.0,0.0,0.0,0.0,0.2327,-2.2819,0.4861,-3.1123,0.5658,-3.5916,0.0,0.0,0.0,0.0,0.0,0.0,0.0,0.0,0.0,0.0,0.0,0.0,0.0,0.0,0.0,0.0,0.0,0.0,0.0,0.0,0.0,0.0,0.0,0.0,0.0,0.0,0.2848,-0.4512,0.1882,-0.4412,0.0,0.0,0.0,0.0,0.0412,0.4006,-0.0474,0.5314,0.0,0.0,0.0,0.0,-0.0242,0.4543,0.0,0.0,0.4026,0.0685,0.4884,0.1162,0.0,0.0,0.0,0.0,0.0,0.0,0.0,0.0,-0.2109,1.7681,-0.236,2.5453,-0.1673,2.9421,0.0,0.0,0.0,0.0,0.0,0.0,0.0,0.0,0.0,0.0,0.0,0.0,0.0,0.0,0.0,0.0,0.0,0.0,False,False,False,False,False,False,right,False,False,False,True,True,False,
video 02.mp4,372655f94428d157,42416,26250,26583,315,319,1.6457,0.4722,1.2332,1.1241,1.2554,1.4766,1.2893,1.8706,2.5019,1.1662,2.8049,1.4608,3.0578,1.7476,2.9984,0.8912,3.4243,1.1454,3.7555,1.3834,3.1102,0.7619,3.5213,0.9636,3.8117,1.1706,3.0889,0.7766,3.3886,0.8906,3.6297,1.0406,1.6636,0.4709,1.2385,1.1359,1.2588,1.487,1.2922,1.8882,2.4844,1.313,2.7853,1.672,3.0439,1.9918,3.0056,0.8948,3.4262,1.1422,3.7635,1.3863,3.1066,0.7597,3.5155,0.9598,3.8066,1.1696,3.1095,0.7983,3.4105,0.9058,3.6465,1.059,1.6851,0.482,1.2681,1.1691,1.297,1.5085,1.331,1.9135,2.4974,1.4173,2.8067,1.7803,3.0779,2.0948,3.017,0.9082,3.4415,1.1595,3.7776,1.4134,3.1095,0.7622,3.5215,0.9696,3.8074,1.1815,3.1068,0.7905,3.3997,0.9045,3.6249,1.0658,1.6815,0.4831,1.2968,1.1635,1.3308,1.5037,1.3392,1.9033,2.5283,1.2885,2.8459,1.5053,3.107,1.7169,2.9934,1.0247,3.4016,1.2602,3.7237,1.4841,3.0894,0.8225,3.4789,0.9866,3.7675,1.1757,2.9959,0.6694,3.2542,0.71,3.4735,0.7835,1.7944,0.5981,1.358,1.1811,1.3754,1.5235,1.3945,1.9397,2.7149,1.3053,3.1038,1.4871,3.4223,1.665,3.053,1.3116,3.4195,1.5854,3.7498,1.8446,3.1963,1.0502,3.5667,1.2208,3.853,1.4076,3.0318,0.6753,3.2974,0.6608,3.5424,0.679,0.0,0.0,0.0,0.0,0.0,0.0,0.0,0.0,-0.2109,1.7681,-0.236,2.5453,-0.1673,2.9421,0.0,0.0,0.0,0.0,0.0,0.0,0.0,0.0,0.0,0.0,0.0,0.0,0.0,0.0,0.0,0.0,0.0,0.0,0.0,0.0,0.3567,0.399,0.4609,0.2596,0.467,0.3048,0.1564,1.2572,0.2587,1.304,0.4093,1.2406,0.0,0.0,0.0,0.0,0.0,0.0,0.0,0.0,0.0,0.0,0.0,0.0,0.0,0.0,0.0,0.0,0.0,0.0,0.0,0.0,0.0,0.0,0.4018,-0.0579,0.0,0.0,0.3683,-1.5342,0.4661,-3.2735,0.3468,-4.498,-0.2811,1.3869,-0.4749,1.1982,-0.6414,0.8422,-0.2397,0.7188,-0.507,0.2028,-0.4755,-0.0683,-1.3208,-1.4415,-1.7326,-2.3158,-1.8025,-3.3606,0.0,0.0,0.0,0.0,0.0,0.0,0.0,0.0,0.0,0.0,0.0,0.0,0.0,0.0,0.0,0.0,0.0,0.0,0.0,0.0,0.0,0.0,0.0,0.0,0.0,0.0,0.0,0.0,0.0,0.0,0.0,0.0,False,False,False,False,False,False,right,False,False,False,True,True,False,
video 02.mp4,372655f94428d157,42416,26500,26833,318,322,1.6815,0.4831,1.2968,1.1635,1.3308,1.5037,1.3392,1.9033,2.5283,1.2885,2.8459,1.5053,3.107,1.7169,2.9934,1.0247,3.4016,1.2602,3.7237,1.4841,3.0894,0.8225,3.4789,0.9866,3.7675,1.1757,2.9959,0.6694,3.2542,0.71,3.4735,0.7835,1.7944,0.5981,1.358,1.1811,1.3754,1.5235,1.3945,1.9397,2.7149,1.3053,3.1038,1.4871,3.4223,1.665,3.053,1.3116,3.4195,1.5854,3.7498,1.8446,3.1963,1.0502,3.5667,1.2208,3.853,1.4076,3.0318,0.6753,3.2974,0.6608,3.5424,0.679,1.8129,0.6086,1.363,1.204,1.3795,1.5445,1.4176,1.9643,2.7389,1.319,3.1358,1.5033,3.4616,1.6864,3.0573,1.319,3.4324,1.5905,3.7754,1.8503,3.1723,1.0734,3.53,1.2475,3.7991,1.4275,3.0279,0.6906,3.2861,0.6529,3.5233,0.6462,1.818,0.6046,1.3932,1.2087,1.4068,1.5652,1.4595,1.9845,2.7183,1.3086,3.1241,1.4812,3.4581,1.6488,3.0484,1.2872,3.4373,1.5444,3.7953,1.7825,3.1569,1.0631,3.5205,1.2434,3.7995,1.4236,3.0294,0.6823,3.2931,0.6439,3.5337,0.6319,1.8451,0.6064,1.4376,1.2675,1.4752,1.6101,1.5538,2.0275,2.8731,1.2404,3.3094,1.4146,3.6589,1.5975,3.2651,1.1138,3.7395,1.3405,4.1283,1.5563,3.324,0.9333,3.7417,1.1024,4.0555,1.2812,3.1477,0.6648,3.4222,0.6503,3.6657,0.6669,0.0,0.0,0.0,0.0,0.0,0.0,0.0,0.0,0.0,0.0,0.0,0.0,0.0,0.0,0.0,0.0,0.0,0.0,0.0,0.0,0.0,0.0,0.0,0.0,0.0,0.0,0.0,0.0,0.0,0.0,0.0,0.0,0.0,0.0,0.0,0.0,0.0,0.0,0.2776,0.2958,0.0,0.0,0.3857,0.1942,0.4731,0.2587,0.0,0.0,0.0,0.0,0.0,0.0,-0.289,0.2794,-0.4423,0.3224,-0.649,0.2397,0.0,0.0,0.0,0.0,-0.2291,-0.3961,0.0,0.0,0.0,0.0,0.3256,0.2465,0.4991,0.241,0.0,0.0,0.0,0.0,-0.0413,-0.4477,0.0,0.0,0.0575,-0.5481,0.2366,-0.8065,0.0,0.0,0.0,0.0,0.0,0.0,0.0,0.0,0.0,0.0,0.0,0.0,0.0,0.0,0.0,0.0,0.0,0.0,0.0,0.0,0.0,0.0,0.0,0.0,0.0,0.0,0.0,0.0,0.0,0.0,0.0,0.0,0.0,0.0,0.0,0.0,0.0,0.0,0.0,0.0,0.0,0.0,0.0,0.0,False,False,False,False,False,False,right,False,False,False,True,True,False,
video 02.mp4,372655f94428d157,42416,26750,27083,321,325,1.818,0.6046,1.3932,1.2087,1.4068,1.5652,1.4595,1.9845,2.7183,1.3086,3.1241,1.4812,3.4581,1.6488,3.0484,1.2872,3.4373,1.5444,3.7953,1.7825,3.1569,1.0631,3.5205,1.2434,3.7995,1.4236,3.0294,0.6823,3.2931,0.6439,3.5337,0.6319,1.8451,0.6064,1.4376,1.2675,1.4752,1.6101,1.5538,2.0275,2.8731,1.2404,3.3094,1.4146,3.6589,1.5975,3.2651,1.1138,3.7395,1.3405,4.1283,1.5563,3.324,0.9333,3.7417,1.1024,4.0555,1.2812,3.1477,0.6648,3.4222,0.6503,3.6657,0.6669,1.8191,0.6058,1.4069,1.2203,1.4428,1.5663,1.4995,1.9854,2.7507,1.2349,3.1676,1.3897,3.5243,1.5516,3.0736,1.2597,3.458,1.5276,3.8159,1.7816,3.181,1.036,3.5331,1.2052,3.8024,1.3803,3.0523,0.6754,3.3174,0.6357,3.559,0.6332,1.8496,0.6191,1.4359,1.2666,1.4805,1.6076,1.5674,2.0305,2.8349,1.2424,3.2616,1.4233,3.6122,1.6122,3.1711,1.2392,3.5595,1.5512,3.8881,1.8512,3.2531,1.0276,3.6165,1.248,3.8689,1.4663,3.1395,0.7027,3.4172,0.6736,3.6623,0.6716,1.8256,0.5986,1.4306,1.2319,1.4695,1.5862,1.5232,1.9994,2.7574,1.2272,3.1781,1.3647,3.5304,1.5017,3.0721,1.1731,3.4844,1.3753,3.8604,1.5557,3.1524,0.9965,3.5079,1.1417,3.7863,1.2819,3.0621,0.6826,3.3328,0.6388,3.5746,0.6142,0.0,0.0,0.0,0.0,0.0,0.0,0.0,0.0,0.0,0.0,0.0,0.0,0.0,0.0,0.0,0.0,0.0,0.0,0.0,0.0,0.0,0.0,0.0,0.0,0.0,0.0,0.0,0.0,0.0,0.0,0.0,0.0,0.0,0.0,0.0,0.0,0.0,0.0,0.0,0.0,0.1949,-0.4441,0.262,-0.5513,0.3983,-0.5859,0.0,0.0,0.0,0.0,0.0,0.0,0.0,0.0,0.0,0.0,0.0,0.0,0.0,0.0,0.0,0.0,0.0,0.0,0.0,0.0,0.0,0.0,0.0,0.0,0.0,0.0,0.0,0.0,0.0,0.0,0.0,0.0,-0.5629,0.7506,-1.0783,1.2617,-1.4383,1.7662,-0.4248,0.5646,-0.7494,0.8721,-1.1171,1.1082,0.0,0.0,0.0,0.0,0.0,0.0,0.0,0.0,0.0,0.0,0.0,0.0,0.0,0.0,0.0,0.0,0.0,0.0,0.0,0.0,-0.0088,-0.5185,0.158,-0.9118,0.2662,-1.3527,0.0,0.0,-0.1512,-0.3804,-0.0962,-0.5893,0.0,0.0,0.0,0.0,0.0,0.0,False,False,True,False,False,False,right,False,False,False,True,False,False,
video 02.mp4,372655f94428d157,42416,27000,27333,324,328,1.8496,0.6191,1.4359,1.2666,1.4805,1.6076,1.5674,2.0305,2.8349,1.2424,3.2616,1.4233,3.6122,1.6122,3.1711,1.2392,3.5595,1.5512,3.8881,1.8512,3.2531,1.0276,3.6165,1.248,3.8689,1.4663,3.1395,0.7027,3.4172,0.6736,3.6623,0.6716,1.8256,0.5986,1.4306,1.2319,1.4695,1.5862,1.5232,1.9994,2.7574,1.2272,3.1781,1.3647,3.5304,1.5017,3.0721,1.1731,3.4844,1.3753,3.8604,1.5557,3.1524,0.9965,3.5079,1.1417,3.7863,1.2819,3.0621,0.6826,3.3328,0.6388,3.5746,0.6142,1.8369,0.6011,1.4421,1.2476,1.4786,1.5942,1.5571,2.0013,2.8501,1.2238,3.2934,1.3635,3.6566,1.5084,3.1963,1.0647,3.686,1.2278,4.1019,1.3868,3.2368,0.9173,3.6304,1.0593,3.9302,1.2053,3.0964,0.667,3.3737,0.6374,3.6206,0.6256,1.8683,0.6438,1.4711,1.3163,1.5364,1.6607,1.6182,2.0847,2.8745,1.2735,3.3113,1.4452,3.67,1.6226,3.2206,1.202,3.6552,1.4409,4.0321,1.6653,3.3105,1.046,3.6748,1.2325,3.9374,1.4188,3.1677,0.722,3.443,0.6809,3.6844,0.6709,1.8851,0.6525,1.4897,1.3113,1.5476,1.6621,1.6267,2.0905,2.8608,1.2781,3.3018,1.4425,3.6668,1.6058,3.2072,1.2237,3.6348,1.4592,4.0158,1.6737,3.2944,1.0488,3.6608,1.2313,3.932,1.4057,3.1856,0.7285,3.4603,0.6778,3.7069,0.6533,0.0,0.0,0.0,0.0,0.0,0.0,0.0,0.0,0.0,0.0,0.0,0.0,0.0,0.0,-0.0088,-0.5185,0.158,-0.9118,0.2662,-1.3527,0.0,0.0,-0.1512,-0.3804,-0.0962,-0.5893,0.0,0.0,0.0,0.0,0.0,0.0,0.0,0.0,0.0,0.0,0.0,0.0,0.4091,0.0233,1.1165,-0.0421,1.3898,-0.0143,1.5205,0.0808,1.4961,-1.3067,2.4286,-1.7773,2.9103,-2.0347,1.017,-0.9546,1.4769,-0.9927,1.7332,-0.9226,0.4134,-0.1875,0.4923,-0.0174,0.5542,0.1372,0.0,0.0,0.0,0.0,0.0,0.0,0.0,0.0,0.0,0.0,0.0,0.0,0.0,0.0,0.0,0.0,0.0,0.0,0.0,0.0,0.0,0.0,0.0,0.0,0.0,0.0,0.0,0.0,0.0,0.0,0.0,0.0,0.0,0.0,0.0,0.0,0.0,0.0,0.0,0.0,0.0,0.0,0.0,0.0,0.0,0.0,0.0,0.0,0.0,0.0,0.0,0.0,0.0,0.0,0.0,0.0,0.0,0.0,0.0,0.0,0.0,0.0,0.0,0.0,False,False,False,False,False,False,right,False,False,False,True,True,False,
video 02.mp4,372655f94428d157,42416,27250,27583,327,331,1.8683,0.6438,1.4711,1.3163,1.5364,1.6607,1.6182,2.0847,2.8745,1.2735,3.3113,1.4452,3.67,1.6226,3.2206,1.202,3.6552,1.4409,4.0321,1.6653,3.3105,1.046,3.6748,1.2325,3.9374,1.4188,3.1677,0.722,3.443,0.6809,3.6844,0.6709,1.8851,0.6525,1.4897,1.3113,1.5476,1.6621,1.6267,2.0905,2.8608,1.2781,3.3018,1.4425,3.6668,1.6058,3.2072,1.2237,3.6348,1.4592,4.0158,1.6737,3.2944,1.0488,3.6608,1.2313,3.932,1.4057,3.1856,0.7285,3.4603,0.6778,3.7069,0.6533,1.8977,0.658,1.49,1.3074,1.5468,1.6593,1.6299,2.0877,2.8688,1.2864,3.3204,1.4522,3.6936,1.6152,3.2044,1.2202,3.6451,1.4487,4.0337,1.6554,3.2774,1.0493,3.6477,1.2282,3.9143,1.3951,3.2037,0.7423,3.4905,0.6919,3.7386,0.6648,1.9448,0.6592,1.5104,1.3177,1.5555,1.6665,1.651,2.0923,2.8536,1.236,3.291,1.3851,3.6541,1.5263,3.1861,1.2326,3.617,1.4631,4.0018,1.6673,3.2663,1.0684,3.628,1.2592,3.8816,1.4206,3.2516,0.7763,3.5401,0.7219,3.7889,0.6853,1.9262,0.652,1.5101,1.325,1.5574,1.6763,1.6684,2.0985,2.8634,1.1882,3.3007,1.3248,3.6665,1.4531,3.2109,1.1431,3.6559,1.346,4.0555,1.528,3.3018,0.9785,3.6845,1.1495,3.9698,1.3013,3.2711,0.7497,3.5672,0.7159,3.8207,0.7009,0.0,0.0,0.0,0.0,0.0,0.0,0.0,0.0,0.0,0.0,0.0,0.0,0.0,0.0,0.0,0.0,0.0,0.0,0.0,0.0,0.0,0.0,0.0,0.0,0.0,0.0,0.0,0.0,0.0,0.0,0.0,0.0,0.0,0.0,0.0,0.0,0.0,0.0,0.0,0.0,0.0,0.0,0.0,0.0,0.0,0.0,0.0,0.0,0.0,0.0,0.0,0.0,0.0,0.0,0.0,0.0,0.0,0.0,0.0,0.0,0.3632,0.17,0.3819,0.139,0.5608,0.015,0.0,0.0,0.0,0.0,0.0,0.0,-0.1803,-0.6001,-0.3496,-0.799,-0.4709,-1.0576,0.0,0.0,0.0,0.0,-0.3796,0.1417,0.0,0.0,-0.2341,0.3688,-0.3898,0.3033,0.5699,0.4044,0.5907,0.3573,0.5982,0.2439,0.0,0.0,0.0,0.0,0.0,0.0,0.0,0.0,0.1179,-0.5747,0.1172,-0.7266,0.1498,-0.8816,0.2991,-1.0783,0.4681,-1.4107,0.646,-1.6785,0.4281,-1.0833,0.6797,-1.3213,1.0629,-1.4369,0.0,0.0,0.0,0.0,0.3841,0.188,False,False,False,False,False,False,right,False,False,False,True,True,False,
video 02.mp4,372655f94428d157,42416,27500,27833,330,334,1.9448,0.6592,1.5104,1.3177,1.5555,1.6665,1.651,2.0923,2.8536,1.236,3.291,1.3851,3.6541,1.5263,3.1861,1.2326,3.617,1.4631,4.0018,1.6673,3.2663,1.0684,3.628,1.2592,3.8816,1.4206,3.2516,0.7763,3.5401,0.7219,3.7889,0.6853,1.9262,0.652,1.5101,1.325,1.5574,1.6763,1.6684,2.0985,2.8634,1.1882,3.3007,1.3248,3.6665,1.4531,3.2109,1.1431,3.6559,1.346,4.0555,1.528,3.3018,0.9785,3.6845,1.1495,3.9698,1.3013,3.2711,0.7497,3.5672,0.7159,3.8207,0.7009,1.9361,0.6464,1.5202,1.3415,1.5727,1.711,1.6951,2.1346,2.8565,1.1248,3.303,1.2383,3.6824,1.3495,3.2331,1.1022,3.7155,1.3084,4.1436,1.4888,3.334,0.9709,3.7624,1.1512,4.09,1.3163,3.3019,0.7561,3.6194,0.7617,3.8916,0.7927,1.9452,0.6188,1.5169,1.3484,1.5747,1.7329,1.689,2.1552,2.9549,1.1389,3.4141,1.2632,3.7852,1.3643,3.2674,1.0725,3.7272,1.2545,4.1109,1.3862,3.3398,0.9859,3.742,1.1582,4.05,1.311,3.2781,0.9269,3.5856,1.0251,3.8414,1.1271,1.9857,0.6391,1.5323,1.3783,1.5804,1.7739,1.6978,2.2023,2.9884,1.1318,3.4837,1.2605,3.8881,1.3557,3.341,1.055,3.8425,1.2542,4.2406,1.4057,3.4135,0.9995,3.845,1.1888,4.1564,1.3529,3.3447,1.0125,3.6749,1.1503,3.9237,1.2889,0.0,0.0,0.0,0.0,0.0,0.0,0.0,0.0,0.1179,-0.5747,0.1172,-0.7266,0.1498,-0.8816,0.2991,-1.0783,0.4681,-1.4107,0.646,-1.6785,0.4281,-1.0833,0.6797,-1.3213,1.0629,-1.4369,0.0,0.0,0.0,0.0,0.3841,0.188,0.0,0.0,0.0,0.0,0.1844,0.4181,0.3225,0.4346,-0.0837,-0.7639,0.0277,-1.0429,0.1914,-1.2488,0.2673,-0.4933,0.7181,-0.4527,1.062,-0.4716,0.0,0.0,0.9387,0.0204,1.4488,0.1801,0.0,0.0,0.6288,0.5526,0.8539,1.1058,0.0,0.0,0.0,0.0,0.0,0.0,0.0,0.0,1.1716,0.1673,1.322,0.2963,1.2239,0.1759,0.4087,-0.3531,0.1392,-0.6414,-0.3898,-1.2216,0.0,0.0,0.0,0.0,-0.4766,-0.0622,-0.283,2.0334,-0.4016,3.1346,-0.5978,3.9813,0.4876,0.2444,0.1849,0.3594,0.0678,0.4948,0.1061,0.5677,0.404,-0.085,0.8395,-0.0323,1.2392,-0.1036,0.8863,-0.2105,1.389,-0.0045,1.5635,0.2351,0.8877,0.1646,1.2413,0.3685,1.2827,0.5046,0.803,1.032,1.0757,1.5092,0.9911,1.9491,False,False,False,False,False,False,right,False,False,False,True,True,False,
video 02.mp4,372655f94428d157,42416,27750,28083,333,337,1.9452,0.6188,1.5169,1.3484,1.5747,1.7329,1.689,2.1552,2.9549,1.1389,3.4141,1.2632,3.7852,1.3643,3.2674,1.0725,3.7272,1.2545,4.1109,1.3862,3.3398,0.9859,3.742,1.1582,4.05,1.311,3.2781,0.9269,3.5856,1.0251,3.8414,1.1271,1.9857,0.6391,1.5323,1.3783,1.5804,1.7739,1.6978,2.2023,2.9884,1.1318,3.4837,1.2605,3.8881,1.3557,3.341,1.055,3.8425,1.2542,4.2406,1.4057,3.4135,0.9995,3.845,1.1888,4.1564,1.3529,3.3447,1.0125,3.6749,1.1503,3.9237,1.2889,2.0731,0.6822,1.5428,1.378,1.5849,1.779,1.7257,2.2211,2.9923,1.1264,3.5207,1.2509,3.9601,1.3407,3.4148,1.0706,3.9494,1.2793,4.392,1.4433,3.5304,1.0659,3.9933,1.2904,4.3121,1.4805,3.4873,1.1241,3.8417,1.2893,4.1087,1.4476,2.0666,0.6727,1.5438,1.3623,1.5752,1.7488,1.691,2.1917,3.0715,1.2341,3.54,1.3921,3.9543,1.5276,3.499,1.1299,4.0082,1.3257,4.4553,1.4899,3.561,1.1022,4.0048,1.3004,4.3444,1.4808,3.4901,1.125,3.825,1.2605,4.0947,1.4031,2.0379,0.6725,1.534,1.348,1.5496,1.7459,1.6413,2.1882,2.9742,1.2681,3.3987,1.4352,3.7963,1.5896,3.4598,1.091,3.9803,1.2109,4.4422,1.3254,3.5595,1.0828,4.0636,1.2375,4.4457,1.3418,3.4988,1.1867,3.8562,1.3096,4.1583,1.4147,0.4876,0.2444,0.1849,0.3594,0.0678,0.4948,0.1061,0.5677,0.404,-0.085,0.8395,-0.0323,1.2392,-0.1036,0.8863,-0.2105,1.389,-0.0045,1.5635,0.2351,0.8877,0.1646,1.2413,0.3685,1.2827,0.5046,0.803,1.032,1.0757,1.5092,0.9911,1.9491,1.0535,0.5197,0.0,0.0,0.0,0.0,0.336,0.2264,0.0,0.0,0.4448,-0.1152,0.8675,-0.1806,0.8901,0.1876,1.2878,0.3032,1.8238,0.4526,1.4083,0.7997,1.7872,1.2245,1.8757,1.5366,1.7173,1.3446,2.0099,1.675,2.2299,1.9124,0.0,0.0,0.0,0.0,0.0,0.0,-0.4125,-0.3507,0.9429,1.2822,0.2303,1.6806,-0.0685,2.2251,1.0017,0.7059,0.7009,0.5518,0.7535,0.5549,0.3652,0.4317,0.0,0.0,0.0,0.0,0.0,0.0,0.0,0.0,-0.1667,-0.5298,0.0,0.0,0.0,0.0,0.0,0.0,-0.5984,-0.0418,-1.1724,0.4098,-1.702,0.5197,-1.9032,0.7466,-0.4724,-0.4688,-0.3365,-1.3831,-0.1585,-1.9818,0.0,0.0,0.7091,-0.7582,1.2208,-1.6746,0.1048,0.7443,0.3754,0.5916,0.7655,0.14,False,False,False,False,False,False,right,False,False,False,True,True,False,
video 02.mp4,372655f94428d157,42416,28000,28333,336,340,2.0666,0.6727,1.5438,1.3623,1.5752,1.7488,1.691,2.1917,3.0715,1.2341,3.54,1.3921,3.9543,1.5276,3.499,1.1299,4.0082,1.3257,4.4553,1.4899,3.561,1.1022,4.0048,1.3004,4.3444,1.4808,3.4901,1.125,3.825,1.2605,4.0947,1.4031,2.0379,0.6725,1.534,1.348,1.5496,1.7459,1.6413,2.1882,2.9742,1.2681,3.3987,1.4352,3.7963,1.5896,3.4598,1.091,3.9803,1.2109,4.4422,1.3254,3.5595,1.0828,4.0636,1.2375,4.4457,1.3418,3.4988,1.1867,3.8562,1.3096,4.1583,1.4147,2.0385,0.6455,1.5087,1.351,1.4986,1.7582,1.5308,2.1862,2.846,1.1331,3.2809,1.1793,3.6927,1.2167,3.4118,0.8922,3.9157,0.8741,4.3751,0.8897,3.5456,0.9122,4.028,0.9245,4.3841,0.9156,3.5249,0.9966,3.8942,0.9948,4.2087,0.9667,1.9777,0.6262,1.4765,1.336,1.4665,1.7589,1.4882,2.1738,2.905,0.8283,3.3782,0.722,3.8118,0.5795,3.4108,0.7099,3.9231,0.5771,4.355,0.4066,3.5334,0.7212,4.0049,0.6171,4.3484,0.4897,3.5008,0.8167,3.8662,0.7126,4.1543,0.5832,1.8671,0.634,1.4239,1.3434,1.4198,1.7606,1.4468,2.1438,2.8791,0.7288,3.3707,0.5711,3.8018,0.4028,3.3458,0.583,3.876,0.4167,4.3009,0.2419,3.4687,0.5715,3.926,0.4383,4.2507,0.3114,3.4493,0.6578,3.8182,0.5312,4.0795,0.4055,0.0,0.0,0.0,0.0,0.0,0.0,-0.5984,-0.0418,-1.1724,0.4098,-1.702,0.5197,-1.9032,0.7466,-0.4724,-0.4688,-0.3365,-1.3831,-0.1585,-1.9818,0.0,0.0,0.7091,-0.7582,1.2208,-1.6746,0.1048,0.7443,0.3754,0.5916,0.7655,0.14,0.0,0.0,0.0,0.0,-0.6152,0.1484,-1.3315,-0.0244,-1.5451,-1.6256,-1.4198,-3.0828,-1.2483,-4.4925,-0.5781,-2.3949,-0.7782,-4.0571,-0.8075,-5.2497,-0.1663,-2.0553,-0.4297,-3.7702,-0.7425,-5.1359,0.3149,-2.2907,0.4577,-3.7931,0.6071,-5.3984,-0.7237,-0.2292,-0.3825,-0.1776,0.0,0.0,-0.5077,-0.1469,0.7024,-3.6294,1.1576,-5.444,1.4169,-7.5859,-0.012,-2.1705,0.0875,-3.5364,-0.2391,-5.7513,-0.1453,-2.2739,-0.2742,-3.6603,-0.4253,-5.0694,-0.287,-2.1411,-0.3325,-3.3589,-0.6475,-4.5654,-1.3325,0.0934,-0.6343,0.0888,-0.5626,0.0205,-0.4982,-0.362,-0.312,-1.1983,-0.0901,-1.8192,-0.1196,-2.1282,-0.7824,-1.5294,-0.5678,-1.932,-0.6521,-1.984,-0.7806,-1.8045,-0.9513,-2.1543,-1.1767,-2.1488,-0.6198,-1.9147,-0.578,-2.1855,-0.9011,-2.14,False,False,False,False,False,False,right,False,False,False,True,True,False,
video 02.mp4,372655f94428d157,42416,28250,28583,339,343,1.9777,0.6262,1.4765,1.336,1.4665,1.7589,1.4882,2.1738,2.905,0.8283,3.3782,0.722,3.8118,0.5795,3.4108,0.7099,3.9231,0.5771,4.355,0.4066,3.5334,0.7212,4.0049,0.6171,4.3484,0.4897,3.5008,0.8167,3.8662,0.7126,4.1543,0.5832,1.8671,0.634,1.4239,1.3434,1.4198,1.7606,1.4468,2.1438,2.8791,0.7288,3.3707,0.5711,3.8018,0.4028,3.3458,0.583,3.876,0.4167,4.3009,0.2419,3.4687,0.5715,3.926,0.4383,4.2507,0.3114,3.4493,0.6578,3.8182,0.5312,4.0795,0.4055,1.8243,0.6817,1.4198,1.3465,1.4102,1.7488,1.435,2.1321,2.7908,0.7709,3.2137,0.6392,3.5905,0.4825,3.2467,0.5536,3.7367,0.3998,4.1433,0.2357,3.3772,0.5222,3.809,0.3958,4.1168,0.2644,3.3758,0.5835,3.727,0.4659,3.9873,0.3448,1.8302,0.7353,1.411,1.3574,1.3919,1.7414,1.4228,2.1236,2.7599,0.79,3.1805,0.6798,3.5611,0.5504,3.207,0.5528,3.7054,0.4159,4.1263,0.2652,3.3402,0.5029,3.7778,0.3982,4.0852,0.2923,3.3303,0.5405,3.6804,0.4383,3.9513,0.3437,1.8399,0.7409,1.404,1.335,1.3782,1.7307,1.3859,2.1095,2.671,0.8084,3.0827,0.7077,3.4655,0.6004,3.155,0.5537,3.6444,0.4221,4.0803,0.2887,3.3034,0.4849,3.7377,0.3873,4.066,0.3004,3.2971,0.4876,3.634,0.3886,3.9181,0.3017,-1.3325,0.0934,-0.6343,0.0888,-0.5626,0.0205,-0.4982,-0.362,-0.312,-1.1983,-0.0901,-1.8192,-0.1196,-2.1282,-0.7824,-1.5294,-0.5678,-1.932,-0.6521,-1.984,-0.7806,-1.8045,-0.9513,-2.1543,-1.1767,-2.1488,-0.6198,-1.9147,-0.578,-2.1855,-0.9011,-2.14,-0.5156,0.5749,0.0,0.0,0.0,0.0,0.0,0.0,-1.0632,0.507,-1.8912,0.8212,-2.5462,0.9605,-1.1939,-0.3539,-1.6781,-0.2041,-1.8987,-0.0748,-1.1017,-0.5941,-1.4093,-0.5117,-1.6126,-0.5658,-0.8859,-0.8959,-1.0996,-0.7877,-1.1103,-0.7323,0.0697,0.6385,0.0,0.0,0.0,0.0,0.0,0.0,-0.3676,0.2272,-0.3957,0.4832,-0.3496,0.8078,-0.4728,-0.0099,-0.372,0.1921,-0.2031,0.3517,-0.4409,-0.2295,0.0,0.0,-0.3762,0.3313,-0.5419,-0.5114,-0.5542,-0.3282,-0.4292,-0.0125,0.0,0.0,0.0,0.0,0.0,0.0,-0.4441,-0.1694,-1.0713,0.2217,-1.1781,0.3363,-1.1528,0.6029,-0.6275,0.0113,-0.7352,0.0746,-0.554,0.2826,-0.4434,-0.2171,-0.4823,-0.1316,0.0,0.0,-0.4002,-0.6368,-0.5592,-0.5981,-0.3995,-0.5062,False,False,False,False,False,False,right,False,False,False,True,True,False,
video 02.mp4,372655f94428d157,42416,28500,28833,342,346,1.8302,0.7353,1.411,1.3574,1.3919,1.7414,1.4228,2.1236,2.7599,0.79,3.1805,0.6798,3.5611,0.5504,3.207,0.5528,3.7054,0.4159,4.1263,0.2652,3.3402,0.5029,3.7778,0.3982,4.0852,0.2923,3.3303,0.5405,3.6804,0.4383,3.9513,0.3437,1.8399,0.7409,1.404,1.335,1.3782,1.7307,1.3859,2.1095,2.671,0.8084,3.0827,0.7077,3.4655,0.6004,3.155,0.5537,3.6444,0.4221,4.0803,0.2887,3.3034,0.4849,3.7377,0.3873,4.066,0.3004,3.2971,0.4876,3.634,0.3886,3.9181,0.3017,1.8515,0.7092,1.3972,1.3056,1.38,1.7027,1.3907,2.061,2.5946,0.8418,3.002,0.7877,3.3904,0.745,3.1486,0.5414,3.6259,0.434,4.0698,0.3248,3.3051,0.4716,3.7546,0.3876,4.0921,0.3138,3.3112,0.4853,3.6602,0.399,3.9535,0.3183,1.8396,0.7092,1.386,1.3091,1.3746,1.697,1.3966,2.0528,2.5755,0.8752,2.9886,0.8444,3.3839,0.8183,3.1504,0.5486,3.6277,0.4454,4.0738,0.3473,3.3066,0.4947,3.7665,0.4088,4.1029,0.3323,3.3207,0.5277,3.6723,0.445,3.9629,0.3699,1.858,0.6945,1.3816,1.304,1.3727,1.6832,1.3992,2.0264,2.5673,0.9004,2.9797,0.8837,3.3696,0.8576,3.1287,0.5596,3.5825,0.4742,4.0161,0.4041,3.3018,0.5017,3.7503,0.4253,4.0589,0.3611,3.3298,0.5333,3.6781,0.4588,3.9571,0.3896,0.0,0.0,0.0,0.0,0.0,0.0,-0.4441,-0.1694,-1.0713,0.2217,-1.1781,0.3363,-1.1528,0.6029,-0.6275,0.0113,-0.7352,0.0746,-0.554,0.2826,-0.4434,-0.2171,-0.4823,-0.1316,0.0,0.0,-0.4002,-0.6368,-0.5592,-0.5981,-0.3995,-0.5062,0.14,-0.3813,0.0,0.0,0.0,0.0,0.0579,-0.5839,-0.9204,0.4022,-0.9715,0.9637,-0.9037,1.7415,0.0,0.0,0.0,0.0,-0.1265,0.4348,0.0,0.0,0.0,0.0,0.0,0.0,0.0,0.0,0.0,0.0,0.4259,0.2004,0.0,0.0,0.0,0.0,0.0,0.0,0.0,0.0,-0.2279,0.3985,-0.1602,0.6752,-0.0774,0.873,0.0,0.0,0.0,0.0,0.0,0.0,0.0,0.0,0.0,0.0,0.0,0.0,0.1129,0.5046,0.1437,0.5468,0.1122,0.614,0.0,0.0,0.0,0.0,0.0,0.0,0.0,0.0,0.0,0.0,-0.1064,0.474,-0.1722,0.4736,0.0,0.0,-0.5446,0.346,-0.6942,0.6849,0.0,0.0,0.0,0.0,-0.5304,0.3467,0.0,0.0,0.0,0.0,0.0,0.0,False,False,False,False,False,False,right,False,False,False,True,True,False,
video 02.mp4,372655f94428d157,42416,28750,29083,345,349,1.8396,0.7092,1.386,1.3091,1.3746,1.697,1.3966,2.0528,2.5755,0.8752,2.9886,0.8444,3.3839,0.8183,3.1504,0.5486,3.6277,0.4454,4.0738,0.3473,3.3066,0.4947,3.7665,0.4088,4.1029,0.3323,3.3207,0.5277,3.6723,0.445,3.9629,0.3699,1.858,0.6945,1.3816,1.304,1.3727,1.6832,1.3992,2.0264,2.5673,0.9004,2.9797,0.8837,3.3696,0.8576,3.1287,0.5596,3.5825,0.4742,4.0161,0.4041,3.3018,0.5017,3.7503,0.4253,4.0589,0.3611,3.3298,0.5333,3.6781,0.4588,3.9571,0.3896,1.8677,0.6809,1.3647,1.2908,1.3584,1.6626,1.3926,1.9996,2.5517,0.916,2.9593,0.9134,3.3409,0.8986,3.1103,0.5984,3.5561,0.5389,3.9792,0.4773,3.302,0.5141,3.7402,0.4391,4.0315,0.3628,3.3509,0.5067,3.6925,0.4216,3.9594,0.3246,1.873,0.6453,1.3439,1.2582,1.3333,1.637,1.3702,1.9587,2.5181,0.9304,2.9113,0.9389,3.2889,0.9307,3.0822,0.6298,3.5012,0.6125,3.9079,0.5926,3.2809,0.5318,3.6992,0.5014,3.9854,0.4699,3.3419,0.5144,3.6696,0.4433,3.9257,0.3637,1.7114,0.6255,1.3128,1.2517,1.3108,1.6021,1.3395,1.9445,2.578,1.2166,2.9144,1.4111,3.2033,1.5818,3.0832,0.7128,3.4852,0.7244,3.8707,0.7451,3.2392,0.6581,3.6466,0.659,3.9783,0.6884,3.2495,0.7364,3.5666,0.739,3.8474,0.7868,0.0,0.0,0.0,0.0,0.0,0.0,0.0,0.0,0.0,0.0,-0.1064,0.474,-0.1722,0.4736,0.0,0.0,-0.5446,0.346,-0.6942,0.6849,0.0,0.0,0.0,0.0,-0.5304,0.3467,0.0,0.0,0.0,0.0,0.0,0.0,0.0,0.0,0.0,0.0,0.0,0.0,0.0,0.0,0.0,0.0,-0.2458,0.3569,-0.3465,0.4941,-0.2217,0.4671,-0.3186,0.7803,-0.4449,0.8813,0.0,0.0,0.0,0.0,0.0,0.0,0.2532,-0.3212,0.1737,-0.4481,0.0278,-0.7836,0.0631,-0.4248,-0.2474,-0.3881,-0.2987,-0.3053,-0.2673,-0.4858,-0.3992,0.1715,-0.5717,0.3042,-0.6194,0.3822,-0.3342,0.3739,-0.6531,0.8756,-0.8489,1.3726,0.0,0.0,-0.4882,0.7415,-0.5495,1.2755,0.0,0.0,0.0,0.0,-0.401,0.4652,-1.9468,-0.2383,0.0,0.0,-0.2703,-0.4199,-0.3699,-0.1719,0.7206,3.4483,0.0371,5.6883,-1.0313,7.8442,0.012,1.0005,-0.1928,1.3483,-0.4482,1.8376,-0.5027,1.5215,-0.6335,1.8993,-0.0851,2.6317,-1.1126,2.6747,-1.2413,3.5623,-0.9434,5.0976,False,False,False,False,False,False,right,False,False,False,True,True,False,
video 02.mp4,372655f94428d157,42416,29000,29333,348,352,1.873,0.6453,1.3439,1.2582,1.3333,1.637,1.3702,1.9587,2.5181,0.9304,2.9113,0.9389,3.2889,0.9307,3.0822,0.6298,3.5012,0.6125,3.9079,0.5926,3.2809,0.5318,3.6992,0.5014,3.9854,0.4699,3.3419,0.5144,3.6696,0.4433,3.9257,0.3637,1.7114,0.6255,1.3128,1.2517,1.3108,1.6021,1.3395,1.9445,2.578,1.2166,2.9144,1.4111,3.2033,1.5818,3.0832,0.7128,3.4852,0.7244,3.8707,0.7451,3.2392,0.6581,3.6466,0.659,3.9783,0.6884,3.2495,0.7364,3.5666,0.739,3.8474,0.7868,1.7049,0.5076,1.3132,1.2004,1.3149,1.6026,1.3143,1.9682,2.5627,1.4942,2.8823,1.8159,3.1552,2.0651,3.0054,1.3355,3.3935,1.668,3.711,1.9219,3.1262,1.1415,3.4873,1.4082,3.778,1.6427,3.0976,0.8619,3.3745,0.943,3.5974,1.0294,1.7447,0.4665,1.3229,1.189,1.3181,1.5948,1.3008,1.9876,2.5691,1.5372,2.8972,1.8876,3.1845,2.1671,2.9933,1.3668,3.3871,1.7333,3.7116,2.0195,3.1147,1.1766,3.4707,1.4873,3.7578,1.7575,3.0585,0.956,3.3315,1.1002,3.5642,1.2421,1.7557,0.4588,1.3187,1.1964,1.3181,1.5863,1.3194,1.9929,2.5772,1.5377,2.898,1.8941,3.1729,2.178,2.9936,1.3658,3.3663,1.7446,3.6621,2.0312,3.1209,1.1696,3.4759,1.4902,3.7573,1.7528,3.0655,0.9729,3.3331,1.1286,3.5571,1.2698,-1.9468,-0.2383,0.0,0.0,-0.2703,-0.4199,-0.3699,-0.1719,0.7206,3.4483,0.0371,5.6883,-1.0313,7.8442,0.012,1.0005,-0.1928,1.3483,-0.4482,1.8376,-0.5027,1.5215,-0.6335,1.8993,-0.0851,2.6317,-1.1126,2.6747,-1.2413,3.5623,-0.9434,5.0976,-0.078,-1.4205,0.0049,-0.618,0.0,0.0,-0.3031,0.2863,-0.1832,3.3441,-0.3865,4.8783,-0.5788,5.8231,-0.9376,7.5025,-1.1056,11.3691,-1.9241,14.1789,-1.3605,5.824,-1.9196,9.0265,-2.4128,11.4977,-1.8299,1.512,-2.314,2.4578,-3.0124,2.9234,0.4741,-0.4887,0.0,0.0,0.0,0.0,0.0,0.0,0.0762,0.5125,0.1769,0.8525,0.348,1.2144,0.0,0.0,-0.0753,0.7767,0.0074,1.162,-0.1373,0.4183,-0.1977,0.9418,-0.2405,1.3673,-0.4662,1.1205,-0.5123,1.8719,-0.3951,2.5323,0.0,0.0,0.0,0.0,0.0,0.0,0.0,0.0,0.0,0.0,0.0,0.0,0.0,0.0,0.0,0.0,0.0,0.0,-0.5971,0.1399,0.0,0.0,0.0,0.0,0.0,0.0,0.0,0.0,0.0,0.0,0.0,0.0,False,False,False,False,False,False,right,False,False,False,True,True,False,
video 02.mp4,372655f94428d157,42416,29250,29583,351,355,1.7447,0.4665,1.3229,1.189,1.3181,1.5948,1.3008,1.9876,2.5691,1.5372,2.8972,1.8876,3.1845,2.1671,2.9933,1.3668,3.3871,1.7333,3.7116,2.0195,3.1147,1.1766,3.4707,1.4873,3.7578,1.7575,3.0585,0.956,3.3315,1.1002,3.5642,1.2421,1.7557,0.4588,1.3187,1.1964,1.3181,1.5863,1.3194,1.9929,2.5772,1.5377,2.898,1.8941,3.1729,2.178,2.9936,1.3658,3.3663,1.7446,3.6621,2.0312,3.1209,1.1696,3.4759,1.4902,3.7573,1.7528,3.0655,0.9729,3.3331,1.1286,3.5571,1.2698,1.7994,0.4659,1.3269,1.1952,1.3242,1.5832,1.3264,2.0003,2.5832,1.5355,2.9037,1.8951,3.1808,2.185,3.0028,1.3743,3.3715,1.7502,3.6632,2.0364,3.1339,1.1881,3.4876,1.5049,3.7632,1.7629,3.0909,0.9972,3.3588,1.147,3.5825,1.2777,1.7995,0.4451,1.3291,1.1986,1.3278,1.5897,1.3344,2.009,2.5933,1.5313,2.9111,1.892,3.1839,2.1793,3.0102,1.3672,3.3726,1.7521,3.6508,2.0401,3.1438,1.1767,3.4975,1.5045,3.7718,1.771,3.0988,0.9965,3.3673,1.1536,3.59,1.2946,1.7991,0.4479,1.3266,1.204,1.3316,1.5932,1.3454,2.0151,2.6056,1.5414,2.9212,1.9032,3.1889,2.1906,3.0222,1.3744,3.3818,1.7633,3.6598,2.0564,3.1527,1.1812,3.5033,1.5141,3.7743,1.7868,3.1076,0.9967,3.3756,1.1536,3.5973,1.2965,0.0,0.0,0.0,0.0,0.0,0.0,0.0,0.0,0.0,0.0,0.0,0.0,0.0,0.0,0.0,0.0,0.0,0.0,-0.5971,0.1399,0.0,0.0,0.0,0.0,0.0,0.0,0.0,0.0,0.0,0.0,0.0,0.0,0.5274,0.085,0.0,0.0,0.0,0.0,0.0,0.0,0.0,0.0,0.0,0.0,0.0,0.0,0.0,0.0,0.0,0.0,0.0,0.0,0.0,0.0,0.0,0.0,0.0,0.0,0.3062,0.2938,0.0,0.0,0.0,0.0,0.0,0.0,0.0,0.0,0.0,0.0,0.0,0.0,0.0,0.0,0.0,0.0,0.0,0.0,0.0,0.0,0.0,0.0,0.0,0.0,0.0,0.0,0.0,0.0,0.0,0.0,0.0,0.0,0.0,0.0,0.0,0.0,0.0,0.0,0.0,0.0,0.0,0.0,0.0,0.0,0.0,0.0,0.0,0.0,0.0,0.0,0.0,0.0,0.0,0.0,0.0,0.0,0.0,0.0,0.0,0.0,0.0,0.0,0.0,0.0,0.0,0.0,0.0,0.0,False,False,False,False,False,False,right,False,False,False,True,False,False,
video 02.mp4,372655f94428d157,42416,29500,29833,354,358,1.7995,0.4451,1.3291,1.1986,1.3278,1.5897,1.3344,2.009,2.5933,1.5313,2.9111,1.892,3.1839,2.1793,3.0102,1.3672,3.3726,1.7521,3.6508,2.0401,3.1438,1.1767,3.4975,1.5045,3.7718,1.771,3.0988,0.9965,3.3673,1.1536,3.59,1.2946,1.7991,0.4479,1.3266,1.204,1.3316,1.5932,1.3454,2.0151,2.6056,1.5414,2.9212,1.9032,3.1889,2.1906,3.0222,1.3744,3.3818,1.7633,3.6598,2.0564,3.1527,1.1812,3.5033,1.5141,3.7743,1.7868,3.1076,0.9967,3.3756,1.1536,3.5973,1.2965,1.8086,0.4541,1.3321,1.2031,1.3341,1.5924,1.3452,2.0178,2.614,1.5438,2.9329,1.9069,3.202,2.1977,3.0323,1.3791,3.3936,1.7635,3.6739,2.0562,3.1626,1.1852,3.5183,1.5092,3.7911,1.7736,3.1165,1.0021,3.386,1.1548,3.61,1.2922,1.8146,0.4581,1.3397,1.2091,1.3403,1.598,1.3524,2.0237,2.6227,1.5465,2.9416,1.9102,3.211,2.2013,3.0414,1.3795,3.4005,1.7642,3.6796,2.057,3.1717,1.1848,3.5274,1.5115,3.8009,1.7793,3.1247,1.0043,3.3948,1.1584,3.62,1.2977,1.861,0.5046,1.3524,1.2052,1.3525,1.5969,1.3573,2.016,2.6059,1.379,2.9057,1.5616,3.1645,1.7202,3.0233,1.1967,3.3537,1.3561,3.646,1.5068,3.16,1.1082,3.4962,1.2634,3.7681,1.3983,3.1235,1.0374,3.3912,1.1531,3.6159,1.2738,0.0,0.0,0.0,0.0,0.0,0.0,0.0,0.0,0.0,0.0,0.0,0.0,0.0,0.0,0.0,0.0,0.0,0.0,0.0,0.0,0.0,0.0,0.0,0.0,0.0,0.0,0.0,0.0,0.0,0.0,0.0,0.0,0.0,0.0,0.0,0.0,0.0,0.0,0.0,0.0,0.0,0.0,0.0,0.0,0.0,0.0,0.0,0.0,0.0,0.0,0.0,0.0,0.0,0.0,0.0,0.0,0.0,0.0,0.0,0.0,0.0,0.0,0.0,0.0,0.0,0.0,0.0,0.0,0.0,0.0,0.0,0.0,0.0,0.0,0.0,0.0,0.0,0.0,0.0,0.0,0.0,0.0,0.0,0.0,0.0,0.0,0.0,0.0,0.0,0.0,0.0,0.0,0.0,0.0,0.0,0.0,0.5589,0.5599,0.0,0.0,0.0,0.0,0.0,0.0,-0.203,-2.0187,-0.4319,-4.1999,-0.5609,-5.7963,-0.2179,-2.2024,-0.5635,-4.9165,-0.4047,-6.6285,-0.1408,-0.9218,-0.3764,-2.9881,-0.3958,-4.5906,0.0,0.0,0.0,0.0,0.0,0.0,False,False,False,False,False,False,right,False,False,False,True,True,False,
video 02.mp4,372655f94428d157,42416,29750,30083,357,361,1.8146,0.4581,1.3397,1.2091,1.3403,1.598,1.3524,2.0237,2.6227,1.5465,2.9416,1.9102,3.211,2.2013,3.0414,1.3795,3.4005,1.7642,3.6796,2.057,3.1717,1.1848,3.5274,1.5115,3.8009,1.7793,3.1247,1.0043,3.3948,1.1584,3.62,1.2977,1.861,0.5046,1.3524,1.2052,1.3525,1.5969,1.3573,2.016,2.6059,1.379,2.9057,1.5616,3.1645,1.7202,3.0233,1.1967,3.3537,1.3561,3.646,1.5068,3.16,1.1082,3.4962,1.2634,3.7681,1.3983,3.1235,1.0374,3.3912,1.1531,3.6159,1.2738,1.8881,0.5198,1.3506,1.2391,1.3558,1.633,1.3762,2.0236,2.4917,1.0844,2.8594,1.1306,3.1771,1.1532,2.9399,0.9208,3.2974,0.896,3.6275,0.8823,3.1035,0.8948,3.4667,0.882,3.7614,0.8578,3.0846,0.9061,3.3681,0.8867,3.6163,0.8479,1.9111,0.5736,1.3907,1.2807,1.3898,1.6853,1.4134,2.082,2.5324,1.0386,2.9068,1.066,3.2785,1.0421,3.0145,0.7611,3.3969,0.6608,3.752,0.5679,3.171,0.7007,3.5382,0.629,3.8315,0.5479,3.1561,0.7098,3.4529,0.6516,3.7171,0.5778,1.9066,0.6189,1.4165,1.2926,1.4182,1.6862,1.4602,2.0899,2.5525,1.0504,2.9509,1.0779,3.3469,1.0769,3.1417,0.6835,3.5571,0.539,3.953,0.4355,3.311,0.6603,3.7636,0.5496,4.1109,0.418,3.2488,0.7272,3.5581,0.6818,3.8438,0.5983,0.5589,0.5599,0.0,0.0,0.0,0.0,0.0,0.0,-0.203,-2.0187,-0.4319,-4.1999,-0.5609,-5.7963,-0.2179,-2.2024,-0.5635,-4.9165,-0.4047,-6.6285,-0.1408,-0.9218,-0.3764,-2.9881,-0.3958,-4.5906,0.0,0.0,0.0,0.0,0.0,0.0,0.0,0.0,-0.0216,0.408,0.0391,0.4353,0.0,0.0,-1.376,-3.5493,-0.5575,-5.1927,0.1525,-6.8306,-1.005,-3.3232,-0.6789,-5.5434,-0.2221,-7.5245,-0.6809,-2.572,-0.3547,-4.5952,-0.0801,-6.5126,-0.4687,-1.5814,-0.2782,-3.2099,0.0051,-5.1323,0.2742,0.6402,0.4779,0.4955,0.4055,0.6232,0.4432,0.695,0.4854,-0.5444,0.5633,-0.769,1.2071,-1.323,0.8884,-1.9012,1.1848,-2.8002,1.4819,-3.7421,0.8031,-2.31,0.8502,-3.012,0.8347,-3.6886,0.8507,-2.3371,1.009,-2.7994,1.1999,-3.2155,-0.0545,0.5458,0.0,0.0,0.0,0.0,0.5634,0.0951,0.0,0.0,0.532,0.1441,0.8241,0.4193,1.5321,-0.9353,1.9306,-1.4673,2.4211,-1.5954,1.6872,-0.4874,2.7157,-0.9573,3.3654,-1.5656,1.1166,0.2097,1.2677,0.3642,1.5265,0.248,False,False,False,False,False,False,right,False,False,False,True,True,False,
video 02.mp4,372655f94428d157,42416,30000,30333,360,364,1.9111,0.5736,1.3907,1.2807,1.3898,1.6853,1.4134,2.082,2.5324,1.0386,2.9068,1.066,3.2785,1.0421,3.0145,0.7611,3.3969,0.6608,3.752,0.5679,3.171,0.7007,3.5382,0.629,3.8315,0.5479,3.1561,0.7098,3.4529,0.6516,3.7171,0.5778,1.9066,0.6189,1.4165,1.2926,1.4182,1.6862,1.4602,2.0899,2.5525,1.0504,2.9509,1.0779,3.3469,1.0769,3.1417,0.6835,3.5571,0.539,3.953,0.4355,3.311,0.6603,3.7636,0.5496,4.1109,0.418,3.2488,0.7272,3.5581,0.6818,3.8438,0.5983,1.8982,0.6133,1.4087,1.2772,1.4089,1.6775,1.448,2.0729,2.5648,1.0531,2.9699,1.0783,3.3686,1.0801,3.1651,0.6705,3.6237,0.5299,4.0461,0.4156,3.3216,0.6341,3.7909,0.522,4.1382,0.398,3.3033,0.6941,3.6335,0.6243,3.9159,0.5274,1.9003,0.6196,1.4154,1.2647,1.4195,1.6666,1.4397,2.065,2.6039,1.0547,3.0087,1.0815,3.3995,1.0824,3.1706,0.6857,3.6088,0.5475,4.0117,0.4272,3.3125,0.6587,3.7662,0.5402,4.1043,0.3978,3.3068,0.717,3.6227,0.6466,3.8907,0.5404,1.8976,0.6099,1.4092,1.2619,1.4132,1.662,1.4413,2.0569,2.5929,1.0584,2.9944,1.0946,3.3839,1.1044,3.1669,0.6826,3.6196,0.545,4.0277,0.424,3.3199,0.6557,3.7792,0.5394,4.1073,0.3989,3.3311,0.7033,3.655,0.6228,3.9179,0.511,-0.0545,0.5458,0.0,0.0,0.0,0.0,0.5634,0.0951,0.0,0.0,0.532,0.1441,0.8241,0.4193,1.5321,-0.9353,1.9306,-1.4673,2.4211,-1.5954,1.6872,-0.4874,2.7157,-0.9573,3.3654,-1.5656,1.1166,0.2097,1.2677,0.3642,1.5265,0.248,0.0,0.0,0.0,0.0,0.0,0.0,0.0,0.0,0.0,0.0,0.0,0.0,0.0,0.0,0.0,0.0,0.8022,-0.1093,1.1225,-0.2395,0.0,0.0,0.3292,-0.3318,0.3288,-0.2411,0.6573,-0.3981,0.9082,-0.6922,0.8683,-0.8542,0.0,0.0,0.0,0.0,0.0,0.0,0.0,0.0,0.4645,0.0186,0.4622,0.0378,0.0,0.0,0.0,0.0,0.0,0.0,-0.4105,0.1378,0.0,0.0,0.0,0.0,-0.4028,-0.0024,0.0,0.0,0.0,0.0,0.0,0.0,0.0,0.0,0.0,0.0,0.0,0.0,0.0,0.0,0.0,0.0,0.0,0.0,0.0,0.0,0.0,0.0,0.0,0.0,0.0,0.0,0.0,0.0,0.0,0.0,0.0,0.0,0.0,0.0,0.3892,-0.2866,0.3284,-0.3537,False,False,False,False,False,False,right,False,False,False,True,True,False,
video 02.mp4,372655f94428d157,42416,30250,30583,363,367,1.9003,0.6196,1.4154,1.2647,1.4195,1.6666,1.4397,2.065,2.6039,1.0547,3.0087,1.0815,3.3995,1.0824,3.1706,0.6857,3.6088,0.5475,4.0117,0.4272,3.3125,0.6587,3.7662,0.5402,4.1043,0.3978,3.3068,0.717,3.6227,0.6466,3.8907,0.5404,1.8976,0.6099,1.4092,1.2619,1.4132,1.662,1.4413,2.0569,2.5929,1.0584,2.9944,1.0946,3.3839,1.1044,3.1669,0.6826,3.6196,0.545,4.0277,0.424,3.3199,0.6557,3.7792,0.5394,4.1073,0.3989,3.3311,0.7033,3.655,0.6228,3.9179,0.511,1.8958,0.6335,1.4251,1.2622,1.4261,1.6593,1.4423,2.0578,2.6149,1.067,3.0276,1.1071,3.4186,1.118,3.1499,0.7134,3.5899,0.5973,3.9899,0.4926,3.2892,0.6833,3.7331,0.593,4.0624,0.4731,3.2924,0.7439,3.6001,0.6874,3.8568,0.5953,1.981,0.6667,1.4182,1.1455,1.2525,1.4045,1.0899,1.5863,2.6381,1.0901,3.0384,1.1218,3.4242,1.1318,3.162,0.8105,3.6219,0.7305,4.0248,0.6525,3.302,0.7534,3.7398,0.6919,4.0507,0.6129,3.2987,0.7981,3.6097,0.7656,3.8591,0.731,2.0377,0.6712,1.5067,0.9874,1.38,1.1351,1.2128,1.2983,2.694,1.1106,3.0822,1.1333,3.468,1.1393,3.2461,0.8424,3.6944,0.7865,4.0926,0.752,3.3796,0.794,3.8113,0.7472,4.1104,0.6881,3.3563,0.845,3.6661,0.8176,3.9137,0.7846,0.0,0.0,0.0,0.0,0.0,0.0,0.0,0.0,0.0,0.0,0.0,0.0,0.0,0.0,0.0,0.0,0.0,0.0,0.0,0.0,0.0,0.0,0.0,0.0,0.0,0.0,0.0,0.0,0.3892,-0.2866,0.3284,-0.3537,0.0,0.0,0.0,0.0,0.0,0.0,0.0,0.0,0.0,0.0,0.3991,0.1509,0.418,0.1642,-0.2043,0.3717,-0.3577,0.6297,-0.4559,0.8255,-0.3697,0.3315,-0.5559,0.6466,-0.5409,0.8947,-0.4665,0.4894,-0.662,0.7776,-0.736,1.0151,1.0145,0.3956,-0.0814,-1.3888,-2.0674,-3.0331,-4.1957,-5.613,0.0,0.0,0.0,0.0,0.0,0.0,0.1436,1.1561,0.3806,1.586,0.4152,1.9044,0.152,0.8349,0.0796,1.1767,-0.1385,1.664,0.0754,0.6454,0.1141,0.932,0.0267,1.6162,0.6827,0.0535,1.0664,-1.9043,1.537,-3.2452,1.4812,-3.4702,0.673,0.2464,0.5267,0.1385,0.5277,0.0906,1.014,0.3843,0.8742,0.6746,0.8167,1.1985,0.9356,0.4899,0.8621,0.6664,0.7184,0.9056,0.6942,0.5646,0.68,0.6265,0.6574,0.6459,False,False,False,False,False,False,right,False,False,False,True,True,False,
video 02.mp4,372655f94428d157,42416,30500,30833,366,370,1.981,0.6667,1.4182,1.1455,1.2525,1.4045,1.0899,1.5863,2.6381,1.0901,3.0384,1.1218,3.4242,1.1318,3.162,0.8105,3.6219,0.7305,4.0248,0.6525,3.302,0.7534,3.7398,0.6919,4.0507,0.6129,3.2987,0.7981,3.6097,0.7656,3.8591,0.731,2.0377,0.6712,1.5067,0.9874,1.38,1.1351,1.2128,1.2983,2.694,1.1106,3.0822,1.1333,3.468,1.1393,3.2461,0.8424,3.6944,0.7865,4.0926,0.752,3.3796,0.794,3.8113,0.7472,4.1104,0.6881,3.3563,0.845,3.6661,0.8176,3.9137,0.7846,2.0995,0.675,1.5262,0.9649,1.475,1.0816,1.4584,1.2014,2.7246,1.0983,3.1139,1.1259,3.5051,1.1525,3.2853,0.8499,3.7523,0.8254,4.1814,0.8393,3.4249,0.829,3.8758,0.8181,4.1944,0.7938,3.4259,0.8782,3.742,0.8747,4.0073,0.8685,2.0945,0.6775,1.5179,0.9725,1.4849,1.0887,1.4758,1.1945,2.7521,1.1,3.1388,1.1439,3.5301,1.1971,3.3329,0.8532,3.799,0.8273,4.2317,0.8419,3.4721,0.8362,3.9352,0.8206,4.2548,0.7855,3.4888,0.8979,3.8194,0.8901,4.0937,0.8749,1.9584,0.6379,1.5107,0.935,1.4741,1.0716,1.4326,1.2156,2.7672,1.3319,3.1014,1.5701,3.4089,1.7764,3.3314,0.8457,3.7769,0.8057,4.1933,0.8098,3.4419,0.8801,3.8993,0.8742,4.2411,0.8782,3.4317,1.0507,3.7534,1.0935,4.0296,1.1611,0.6827,0.0535,1.0664,-1.9043,1.537,-3.2452,1.4812,-3.4702,0.673,0.2464,0.5267,0.1385,0.5277,0.0906,1.014,0.3843,0.8742,0.6746,0.8167,1.1985,0.9356,0.4899,0.8621,0.6664,0.7184,0.9056,0.6942,0.5646,0.68,0.6265,0.6574,0.6459,0.7452,0.0463,0.0,0.0,1.1442,-0.6449,2.9585,-1.1668,0.0,0.0,0.0,0.0,0.4459,0.1587,0.4717,0.0898,0.6966,0.4688,1.0704,1.052,0.5452,0.4215,0.7767,0.8548,1.0122,1.2737,0.8381,0.4007,0.9148,0.6874,1.1285,1.0107,0.0,0.0,0.0,0.0,0.0,0.0,0.0,0.0,0.0,0.0,0.0,0.0,0.2979,0.5312,0.5664,0.039,0.5564,0.0229,0.5982,0.0303,0.5624,0.0853,0.7075,0.0288,0.7192,-0.0988,0.7486,0.2344,0.9214,0.184,1.0284,0.0754,-1.639,-0.4763,-0.0875,-0.4521,0.0,0.0,-0.5207,0.2544,0.1811,2.7948,-0.4501,5.135,-1.4599,6.9798,0.0,0.0,0.0,0.0,-0.4619,-0.3863,-0.3638,0.5292,-0.4325,0.6458,-0.1654,1.1174,-0.6876,1.8408,-0.7956,2.4501,-0.7723,3.4486,False,False,False,False,False,False,right,False,False,False,True,True,False,
video 02.mp4,372655f94428d157,42416,30750,31083,369,373,2.0945,0.6775,1.5179,0.9725,1.4849,1.0887,1.4758,1.1945,2.7521,1.1,3.1388,1.1439,3.5301,1.1971,3.3329,0.8532,3.799,0.8273,4.2317,0.8419,3.4721,0.8362,3.9352,0.8206,4.2548,0.7855,3.4888,0.8979,3.8194,0.8901,4.0937,0.8749,1.9584,0.6379,1.5107,0.935,1.4741,1.0716,1.4326,1.2156,2.7672,1.3319,3.1014,1.5701,3.4089,1.7764,3.3314,0.8457,3.7769,0.8057,4.1933,0.8098,3.4419,0.8801,3.8993,0.8742,4.2411,0.8782,3.4317,1.0507,3.7534,1.0935,4.0296,1.1611,1.933,0.5652,1.5026,0.9364,1.4496,1.0744,1.3612,1.2327,2.7131,1.5264,2.9961,1.8684,3.3124,2.1419,3.2833,0.8739,3.7076,0.864,4.1358,0.8986,3.4223,0.847,3.8647,0.8424,4.2179,0.8486,3.4424,0.9486,3.7816,0.9163,4.1016,0.9309,1.9304,0.5305,1.4846,0.9245,1.3999,1.0665,1.2743,1.2194,2.6652,1.5347,2.9418,1.8721,3.259,2.1514,3.2403,0.8853,3.6641,0.8903,4.0929,0.9384,3.3898,0.8172,3.8221,0.8239,4.1823,0.8285,3.4327,0.8605,3.7824,0.8088,4.1111,0.794,1.9321,0.5139,1.4874,0.9162,1.39,1.0639,1.227,1.1993,2.6491,1.5254,2.9305,1.8643,3.249,2.1396,3.2172,0.8832,3.6416,0.8897,4.062,0.9325,3.3713,0.8097,3.8047,0.8232,4.1673,0.8328,3.4147,0.8563,3.7713,0.8153,4.0961,0.8072,-1.639,-0.4763,-0.0875,-0.4521,0.0,0.0,-0.5207,0.2544,0.1811,2.7948,-0.4501,5.135,-1.4599,6.9798,0.0,0.0,0.0,0.0,-0.4619,-0.3863,-0.3638,0.5292,-0.4325,0.6458,-0.1654,1.1174,-0.6876,1.8408,-0.7956,2.4501,-0.7723,3.4486,-0.3068,-0.8761,0.0,0.0,0.0,0.0,-0.8598,0.2054,-0.6518,2.3425,-1.2692,3.5941,-1.1629,4.4027,-0.5801,0.3399,-0.8345,0.7024,-0.6932,1.0697,-0.2367,-0.3989,-0.4176,-0.3825,-0.2786,-0.3564,0.1291,-1.2306,0.3396,-2.1352,0.8673,-2.7734,-0.031,-0.4128,0.0,0.0,-0.5918,-0.0939,-1.0354,-0.1573,-0.5703,0.0991,-0.6459,0.0437,-0.6354,0.1138,-0.5122,0.1354,-0.5177,0.3124,-0.5111,0.4738,-0.3859,-0.3552,-0.5063,-0.2202,-0.4241,-0.2401,-0.1155,-1.0488,0.0091,-1.2793,0.1136,-1.6298,0.0,0.0,0.0,0.0,0.0,0.0,-0.5695,-0.2426,0.0,0.0,0.0,0.0,0.0,0.0,0.0,0.0,0.0,0.0,0.0,0.0,0.0,0.0,0.0,0.0,0.0,0.0,0.0,0.0,0.0,0.0,0.0,0.0,False,False,False,False,False,False,right,False,False,False,True,True,False,
video 02.mp4,372655f94428d157,42416,31000,31333,372,376,1.9304,0.5305,1.4846,0.9245,1.3999,1.0665,1.2743,1.2194,2.6652,1.5347,2.9418,1.8721,3.259,2.1514,3.2403,0.8853,3.6641,0.8903,4.0929,0.9384,3.3898,0.8172,3.8221,0.8239,4.1823,0.8285,3.4327,0.8605,3.7824,0.8088,4.1111,0.794,1.9321,0.5139,1.4874,0.9162,1.39,1.0639,1.227,1.1993,2.6491,1.5254,2.9305,1.8643,3.249,2.1396,3.2172,0.8832,3.6416,0.8897,4.062,0.9325,3.3713,0.8097,3.8047,0.8232,4.1673,0.8328,3.4147,0.8563,3.7713,0.8153,4.0961,0.8072,1.9146,0.499,1.478,0.9116,1.3827,1.0628,1.217,1.1852,2.5977,1.5095,2.8725,1.8368,3.1917,2.1078,3.1769,0.8736,3.6015,0.8772,4.0213,0.9238,3.3414,0.8038,3.7851,0.8249,4.1563,0.8445,3.3788,0.8484,3.7391,0.8101,4.0682,0.8045,1.9119,0.4953,1.4758,0.9061,1.3813,1.0617,1.2125,1.2047,2.616,1.5091,2.893,1.8444,3.2051,2.1261,3.1807,0.8726,3.6103,0.8767,4.0282,0.9283,3.3167,0.8104,3.758,0.8396,4.1231,0.8672,3.3335,0.8677,3.6774,0.838,3.993,0.8434,1.9028,0.5072,1.4586,0.8994,1.3783,1.0612,1.2273,1.2301,2.5929,1.3712,2.8769,1.5769,3.1672,1.7846,3.1767,0.9601,3.6138,1.0315,4.0319,1.1391,3.2957,0.864,3.7307,0.8804,4.0974,0.9161,3.247,0.8508,3.547,0.7989,3.821,0.7801,0.0,0.0,0.0,0.0,0.0,0.0,-0.5695,-0.2426,0.0,0.0,0.0,0.0,0.0,0.0,0.0,0.0,0.0,0.0,0.0,0.0,0.0,0.0,0.0,0.0,0.0,0.0,0.0,0.0,0.0,0.0,0.0,0.0,0.0,0.0,0.0,0.0,0.0,0.0,0.0,0.0,-0.6195,-0.1924,-0.6989,-0.3313,-0.6902,-0.383,-0.4861,-0.116,-0.4832,-0.1505,-0.4905,-0.1059,0.0,0.0,0.0,0.0,0.0,0.0,-0.4322,-0.0949,0.0,0.0,0.0,0.0,0.0,0.0,0.0,0.0,0.0,0.0,0.0,0.0,0.0,0.0,0.0,0.0,0.0,0.0,0.0,0.0,0.0,0.0,0.0,0.0,0.0,0.0,0.0,0.0,-0.3947,0.2702,-0.5395,0.2292,-0.7346,0.3316,-0.8955,0.4625,0.0,0.0,0.0,0.0,0.0,0.0,0.0,0.0,-0.2787,-1.6615,-0.1941,-3.2225,-0.4567,-4.1155,-0.0484,1.0544,0.0415,1.8642,0.0446,2.5397,-0.2533,0.646,-0.3282,0.4923,-0.3105,0.5884,-1.0422,-0.2034,-1.5712,-0.4712,-2.0723,-0.7619,False,False,False,False,False,False,right,False,False,False,True,True,False,
video 02.mp4,372655f94428d157,42416,31250,31583,375,379,1.9119,0.4953,1.4758,0.9061,1.3813,1.0617,1.2125,1.2047,2.616,1.5091,2.893,1.8444,3.2051,2.1261,3.1807,0.8726,3.6103,0.8767,4.0282,0.9283,3.3167,0.8104,3.758,0.8396,4.1231,0.8672,3.3335,0.8677,3.6774,0.838,3.993,0.8434,1.9028,0.5072,1.4586,0.8994,1.3783,1.0612,1.2273,1.2301,2.5929,1.3712,2.8769,1.5769,3.1672,1.7846,3.1767,0.9601,3.6138,1.0315,4.0319,1.1391,3.2957,0.864,3.7307,0.8804,4.0974,0.9161,3.247,0.8508,3.547,0.7989,3.821,0.7801,1.9273,0.5268,1.5003,0.8693,1.3681,1.07,1.1959,1.2775,2.6742,1.1947,3.0275,1.2753,3.3553,1.3559,3.1625,1.1148,3.591,1.2165,3.982,1.3014,3.2715,0.9237,3.6584,0.9526,3.9828,0.9888,3.1671,0.7032,3.4435,0.6422,3.6818,0.6074,1.907,0.5455,1.4678,0.9001,1.3318,1.0946,1.1587,1.3133,2.5998,1.1887,2.9365,1.2644,3.2589,1.3282,2.9445,1.1901,3.2434,1.3227,3.5354,1.4218,3.0702,1.0266,3.2962,1.1114,3.4585,1.1672,3.124,0.716,3.4006,0.6301,3.6261,0.5595,1.9438,0.5794,1.4764,0.9698,1.3515,1.1564,1.1945,1.375,2.7029,1.2568,3.0811,1.3649,3.4254,1.4581,3.0677,1.2406,3.4753,1.382,3.8574,1.4793,3.2116,1.0982,3.5615,1.2038,3.8284,1.2704,3.2075,0.7346,3.5072,0.5981,3.74,0.4803,0.0,0.0,0.0,0.0,0.0,0.0,0.0,0.0,-0.2787,-1.6615,-0.1941,-3.2225,-0.4567,-4.1155,-0.0484,1.0544,0.0415,1.8642,0.0446,2.5397,-0.2533,0.646,-0.3282,0.4923,-0.3105,0.5884,-1.0422,-0.2034,-1.5712,-0.4712,-2.0723,-0.7619,0.0,0.0,0.0,0.0,0.0,0.0,0.0,0.0,0.0,0.0,0.0,0.0,0.0,0.0,0.0,0.0,0.0,0.0,0.0,0.0,0.0,0.0,0.0,0.0,0.0,0.0,0.0,0.0,0.0,0.0,0.0,0.0,0.0,0.0,-0.3861,0.3674,-0.4314,0.2933,-0.4429,0.4261,-0.8853,-0.0703,-1.0831,-0.1299,-1.1476,-0.3296,-2.5952,0.8973,-4.1382,1.2636,-5.3159,1.4326,-2.3958,1.224,-4.3124,1.8911,-6.2414,2.1236,-0.5131,0.1516,-0.5102,-0.1446,-0.6624,-0.5703,0.0,0.0,0.0,0.0,0.0,0.0,0.0,0.0,0.0,0.0,0.0,0.0,0.0,0.0,0.0,0.0,0.0,0.0,0.0,0.0,0.0,0.0,0.0,0.0,0.0,0.0,0.0,0.0,0.0,0.0,0.0,0.0,False,False,False,False,False,False,right,False,False,False,True,True,False,
video 02.mp4,372655f94428d157,42416,31500,31833,378,382,1.907,0.5455,1.4678,0.9001,1.3318,1.0946,1.1587,1.3133,2.5998,1.1887,2.9365,1.2644,3.2589,1.3282,2.9445,1.1901,3.2434,1.3227,3.5354,1.4218,3.0702,1.0266,3.2962,1.1114,3.4585,1.1672,3.124,0.716,3.4006,0.6301,3.6261,0.5595,1.9438,0.5794,1.4764,0.9698,1.3515,1.1564,1.1945,1.375,2.7029,1.2568,3.0811,1.3649,3.4254,1.4581,3.0677,1.2406,3.4753,1.382,3.8574,1.4793,3.2116,1.0982,3.5615,1.2038,3.8284,1.2704,3.2075,0.7346,3.5072,0.5981,3.74,0.4803,1.9484,0.5858,1.471,0.9742,1.3382,1.1654,1.1778,1.3848,2.6797,1.2515,3.0669,1.3581,3.4205,1.4461,3.049,1.248,3.4629,1.3925,3.8533,1.4895,3.2011,1.1037,3.5592,1.2114,3.832,1.2761,3.2073,0.731,3.5102,0.5886,3.746,0.4657,1.9565,0.5862,1.4826,0.9849,1.3688,1.18,1.2243,1.3935,2.6754,1.2474,3.0598,1.3494,3.4176,1.4367,3.0808,1.2486,3.5207,1.3915,3.9424,1.4894,3.226,1.1146,3.5993,1.2233,3.8864,1.2895,3.2202,0.7436,3.5274,0.6012,3.7713,0.4769,1.9524,0.5801,1.4806,0.9936,1.3739,1.1875,1.2536,1.3997,2.6734,1.2452,3.0625,1.345,3.4262,1.4311,3.0952,1.2416,3.5539,1.3872,3.9904,1.4882,3.2224,1.1087,3.5957,1.2255,3.8839,1.3013,3.2129,0.728,3.5194,0.579,3.7677,0.453,0.0,0.0,0.0,0.0,0.0,0.0,0.0,0.0,0.0,0.0,0.0,0.0,0.0,0.0,0.0,0.0,0.0,0.0,0.0,0.0,0.0,0.0,0.0,0.0,0.0,0.0,0.0,0.0,0.0,0.0,0.0,0.0,0.0,0.0,0.0,0.0,0.0,0.0,0.0,0.0,0.0,0.0,0.0,0.0,0.0,0.0,0.0,0.0,0.0,0.0,0.0,0.0,0.0,0.0,0.0,0.0,0.0,0.0,0.0,0.0,0.0,0.0,0.0,0.0,0.0,0.0,0.0,0.0,0.3637,0.1731,0.5531,0.1036,0.0,0.0,0.0,0.0,0.0,0.0,0.0,0.0,0.6877,-0.0122,1.0608,-0.0011,0.0,0.0,0.4782,0.1425,0.6485,0.1597,0.0,0.0,0.0,0.0,0.0,0.0,0.0,0.0,0.0,0.0,0.0,0.0,0.0,0.0,0.0,0.0,0.0,0.0,0.0,0.0,0.0,0.0,0.4001,-0.052,0.5776,-0.0146,0.0,0.0,0.0,0.0,0.0,0.0,0.0,0.0,0.0,0.0,0.0,0.0,False,False,False,False,False,False,right,False,False,False,True,True,False,
video 02.mp4,372655f94428d157,42416,31750,32083,381,385,1.9565,0.5862,1.4826,0.9849,1.3688,1.18,1.2243,1.3935,2.6754,1.2474,3.0598,1.3494,3.4176,1.4367,3.0808,1.2486,3.5207,1.3915,3.9424,1.4894,3.226,1.1146,3.5993,1.2233,3.8864,1.2895,3.2202,0.7436,3.5274,0.6012,3.7713,0.4769,1.9524,0.5801,1.4806,0.9936,1.3739,1.1875,1.2536,1.3997,2.6734,1.2452,3.0625,1.345,3.4262,1.4311,3.0952,1.2416,3.5539,1.3872,3.9904,1.4882,3.2224,1.1087,3.5957,1.2255,3.8839,1.3013,3.2129,0.728,3.5194,0.579,3.7677,0.453,1.9384,0.5776,1.4869,1.0039,1.4013,1.1997,1.2805,1.4055,2.7108,1.2482,3.0974,1.3449,3.46,1.4292,3.1017,1.2412,3.5452,1.3896,3.9691,1.502,3.2122,1.1088,3.5719,1.2167,3.8503,1.2884,3.1954,0.7386,3.4966,0.6053,3.74,0.4983,1.9649,0.5696,1.4963,0.9946,1.4209,1.1953,1.3039,1.3995,2.6939,1.1846,3.0622,1.2067,3.419,1.1964,3.0939,1.2016,3.5308,1.3022,3.9386,1.3446,3.2116,1.0616,3.5628,1.1001,3.8368,1.0924,3.2033,0.7611,3.4952,0.6601,3.7303,0.5681,1.9724,0.5772,1.5059,0.9984,1.463,1.1958,1.3559,1.3893,2.6637,1.1543,3.0197,1.161,3.3715,1.1292,3.0637,1.1614,3.4599,1.208,3.8245,1.1872,3.2055,1.0286,3.5553,1.0412,3.8255,0.9966,3.2202,0.7823,3.5133,0.6977,3.7483,0.6018,0.0,0.0,0.0,0.0,0.0,0.0,0.0,0.0,0.0,0.0,0.0,0.0,0.0,0.0,0.0,0.0,0.4001,-0.052,0.5776,-0.0146,0.0,0.0,0.0,0.0,0.0,0.0,0.0,0.0,0.0,0.0,0.0,0.0,0.0,0.0,0.0,0.0,0.0,0.0,0.0,0.0,0.4512,0.0365,0.42,-0.0009,0.4063,-0.0225,0.0,0.0,0.0,0.0,0.0,0.0,0.0,0.0,0.0,0.0,-0.4038,-0.1561,0.0,0.0,-0.2753,0.3172,-0.3344,0.5464,0.0,0.0,0.0,0.0,0.0,0.0,0.0,0.0,-0.2016,-0.757,-0.4195,-1.6453,-0.488,-2.7712,-0.0923,-0.4719,-0.1708,-1.0407,-0.3633,-1.8736,-0.007,-0.5627,-0.1088,-1.3891,-0.1617,-2.3326,0.0,0.0,-0.0167,0.6517,-0.1157,0.8305,0.0,0.0,0.0,0.0,0.507,0.0067,0.6266,-0.1227,-0.363,-0.3649,-0.5112,-0.551,-0.5723,-0.8095,-0.3643,-0.4836,-0.8539,-1.1345,-1.3745,-1.8964,-0.0733,-0.3968,-0.0905,-0.7088,-0.136,-1.1549,0.0,0.0,0.2184,0.4527,0.2172,0.4069,False,False,False,False,False,False,right,False,False,False,True,True,False,
video 02.mp4,372655f94428d157,42416,32000,32333,384,388,1.9649,0.5696,1.4963,0.9946,1.4209,1.1953,1.3039,1.3995,2.6939,1.1846,3.0622,1.2067,3.419,1.1964,3.0939,1.2016,3.5308,1.3022,3.9386,1.3446,3.2116,1.0616,3.5628,1.1001,3.8368,1.0924,3.2033,0.7611,3.4952,0.6601,3.7303,0.5681,1.9724,0.5772,1.5059,0.9984,1.463,1.1958,1.3559,1.3893,2.6637,1.1543,3.0197,1.161,3.3715,1.1292,3.0637,1.1614,3.4599,1.208,3.8245,1.1872,3.2055,1.0286,3.5553,1.0412,3.8255,0.9966,3.2202,0.7823,3.5133,0.6977,3.7483,0.6018,1.9833,0.5864,1.5102,1.0,1.4674,1.1993,1.3622,1.3909,2.6525,1.151,3.0136,1.1651,3.3695,1.1384,3.0583,1.1337,3.4603,1.1752,3.8266,1.1583,3.2174,1.0056,3.5754,1.0148,3.8462,0.9743,3.2525,0.8152,3.5562,0.7412,3.7975,0.6594,2.0004,0.5819,1.5067,0.9978,1.4367,1.2068,1.2881,1.398,2.5923,1.1465,2.924,1.1577,3.2644,1.1327,3.0557,1.1477,3.4598,1.1918,3.8311,1.178,3.2302,1.0329,3.5871,1.0523,3.8623,1.0208,3.2764,0.846,3.5927,0.7923,3.8454,0.7276,2.0251,0.5839,1.4735,1.0091,1.3447,1.2833,1.232,1.5782,2.6188,1.1442,2.9636,1.1644,3.3126,1.141,3.0921,1.1513,3.5117,1.1889,3.9012,1.1586,3.2455,1.0541,3.6235,1.0699,3.9267,1.0253,3.2854,0.8974,3.6178,0.8609,3.8852,0.7863,0.0,0.0,0.0,0.0,0.507,0.0067,0.6266,-0.1227,-0.363,-0.3649,-0.5112,-0.551,-0.5723,-0.8095,-0.3643,-0.4836,-0.8539,-1.1345,-1.3745,-1.8964,-0.0733,-0.3968,-0.0905,-0.7088,-0.136,-1.1549,0.0,0.0,0.2184,0.4527,0.2172,0.4069,0.0,0.0,0.0,0.0,0.0,0.0,0.0,0.0,0.0,0.0,0.0,0.0,0.0,0.0,0.0,0.0,0.0,0.0,0.0,0.0,0.0,0.0,0.2424,-0.3188,0.0,0.0,0.3896,0.3961,0.517,0.5249,0.5928,0.6929,0.0,0.0,0.0,0.0,0.0,0.0,-0.8921,0.0866,-0.7257,-0.0545,-1.0804,-0.0901,-1.266,-0.0697,0.0,0.0,0.0,0.0,0.0,0.0,0.0,0.0,0.1407,0.4519,0.194,0.5595,0.288,0.371,0.44,0.6152,0.5772,0.8221,0.0,0.0,-0.3957,0.1351,-1.0949,0.9107,-0.6679,2.1443,0.0,0.0,0.472,0.0806,0.5736,0.099,0.4335,0.0429,0.6178,-0.0344,0.834,-0.2317,0.0,0.0,0.4336,0.2101,0.7674,0.0535,0.1069,0.6126,0.2983,0.8164,0.4744,0.6995,False,False,False,False,False,False,right,False,False,False,True,True,False,
video 02.mp4,372655f94428d157,42416,32249,32583,387,391,2.0004,0.5819,1.5067,0.9978,1.4367,1.2068,1.2881,1.398,2.5923,1.1465,2.924,1.1577,3.2644,1.1327,3.0557,1.1477,3.4598,1.1918,3.8311,1.178,3.2302,1.0329,3.5871,1.0523,3.8623,1.0208,3.2764,0.846,3.5927,0.7923,3.8454,0.7276,2.0251,0.5839,1.4735,1.0091,1.3447,1.2833,1.232,1.5782,2.6188,1.1442,2.9636,1.1644,3.3126,1.141,3.0921,1.1513,3.5117,1.1889,3.9012,1.1586,3.2455,1.0541,3.6235,1.0699,3.9267,1.0253,3.2854,0.8974,3.6178,0.8609,3.8852,0.7863,2.0221,0.5786,1.447,1.1719,1.3337,1.5695,1.2481,1.9368,2.6636,1.1362,3.0336,1.1355,3.4029,1.0732,3.1174,1.0784,3.5305,1.0646,3.9102,0.9883,3.2635,0.9994,3.6514,0.9834,3.9894,0.9132,3.2846,0.8731,3.6213,0.8246,3.9,0.7398,1.8927,0.5348,1.287,1.223,1.2049,1.6142,1.1351,1.9989,2.6396,1.0517,3.0372,0.9941,3.4185,0.8669,3.1554,0.9347,3.618,0.886,4.0305,0.7934,3.2502,0.8528,3.6541,0.8034,3.9958,0.7214,3.2055,0.8192,3.5249,0.7664,3.7929,0.6827,1.8699,0.5581,1.3089,1.2201,1.2164,1.6158,1.1271,2.0159,2.6227,1.1145,2.9935,1.1749,3.3406,1.2269,3.1557,0.9159,3.5954,0.8835,4.0057,0.843,3.261,0.8289,3.6657,0.7937,4.0056,0.7308,3.2555,0.8062,3.5872,0.7651,3.8813,0.695,0.0,0.0,-0.3957,0.1351,-1.0949,0.9107,-0.6679,2.1443,0.0,0.0,0.472,0.0806,0.5736,0.099,0.4335,0.0429,0.6178,-0.0344,0.834,-0.2317,0.0,0.0,0.4336,0.2101,0.7674,0.0535,0.1069,0.6126,0.2983,0.8164,0.4744,0.6995,0.0,0.0,-0.3193,1.9608,-0.1333,3.4483,0.1937,4.3205,0.5399,-0.0963,0.8429,-0.3485,1.0883,-0.8166,0.305,-0.8778,0.2265,-1.4973,0.1092,-2.0519,0.2164,-0.659,0.3365,-1.042,0.7544,-1.35,0.0,0.0,0.0419,-0.4373,0.1777,-0.5609,0.0,0.0,0.0,0.0,0.0,0.0,0.0,0.0,0.0,0.0,0.0,0.0,0.0,0.0,0.0,0.0,0.0,0.0,0.0,0.0,0.0,0.0,0.0,0.0,0.0,0.0,0.0,0.0,0.0,0.0,0.0,0.0,0.0,0.0,0.0,0.0,0.0,0.0,0.0,0.0,-0.2009,0.7478,-0.5204,2.1521,-0.927,4.2857,0.0,0.0,0.0,0.0,-0.2946,0.5906,0.0,0.0,0.0,0.0,0.0,0.0,0.5945,-0.1542,0.7424,-0.0157,1.0523,0.1457,False,False,False,False,False,False,right,False,False,False,True,True,False,
video 02.mp4,372655f94428d157,42416,32499,32833,390,394,1.8927,0.5348,1.287,1.223,1.2049,1.6142,1.1351,1.9989,2.6396,1.0517,3.0372,0.9941,3.4185,0.8669,3.1554,0.9347,3.618,0.886,4.0305,0.7934,3.2502,0.8528,3.6541,0.8034,3.9958,0.7214,3.2055,0.8192,3.5249,0.7664,3.7929,0.6827,1.8699,0.5581,1.3089,1.2201,1.2164,1.6158,1.1271,2.0159,2.6227,1.1145,2.9935,1.1749,3.3406,1.2269,3.1557,0.9159,3.5954,0.8835,4.0057,0.843,3.261,0.8289,3.6657,0.7937,4.0056,0.7308,3.2555,0.8062,3.5872,0.7651,3.8813,0.695,1.8099,0.5238,1.3015,1.2341,1.2101,1.6276,1.1342,2.0416,2.6257,1.5653,2.9345,1.9271,3.2649,2.2154,3.1727,0.8476,3.597,0.8174,4.025,0.8309,3.2701,0.7303,3.7145,0.7113,4.0879,0.6775,3.2713,0.7679,3.6066,0.719,3.9263,0.6813,1.793,0.5093,1.292,1.2258,1.2082,1.6274,1.132,2.0304,2.5959,1.5542,2.895,1.9152,3.2094,2.203,3.2136,0.8739,3.6586,0.9033,4.0849,0.9379,3.2933,0.6977,3.7231,0.708,4.0924,0.7052,3.2234,0.6513,3.509,0.5672,3.7814,0.507,1.7597,0.5169,1.2721,1.2276,1.1926,1.6297,1.129,2.0335,2.5421,1.5246,2.8258,1.8713,3.1331,2.1629,3.1306,0.8655,3.5442,0.9059,3.9429,0.9618,3.2457,0.7117,3.6704,0.7345,4.0401,0.7591,3.1824,0.6536,3.4471,0.5415,3.707,0.4612,0.0,0.0,0.0,0.0,0.0,0.0,0.0,0.0,-0.2009,0.7478,-0.5204,2.1521,-0.927,4.2857,0.0,0.0,0.0,0.0,-0.2946,0.5906,0.0,0.0,0.0,0.0,0.0,0.0,0.5945,-0.1542,0.7424,-0.0157,1.0523,0.1457,0.0,0.0,0.0,0.0,0.0,0.0,0.0,0.0,0.0,0.0,0.0,0.0,0.0,0.0,0.0,0.0,0.0,0.0,0.0,0.0,0.0,0.0,0.0,0.0,0.0,0.0,0.0,0.0,0.0,0.0,0.0,0.0,0.0,0.0,0.0,0.0,0.0,0.0,0.0,0.0,0.0,0.0,-0.4758,-0.1436,-0.6695,-0.1489,0.4922,0.3165,0.7431,1.0353,0.7212,1.2886,0.2794,-0.3928,0.0,0.0,0.0,0.0,-0.5768,-1.4052,-1.1758,-1.8287,-1.7455,-2.0997,-0.3964,0.0905,0.0,0.0,0.0,0.0,0.0,0.0,-0.6405,-0.3529,-0.8242,-0.5222,-0.9078,-0.4769,-0.9876,-0.1004,-1.362,0.0314,-1.6908,0.2847,-0.5671,0.1676,-0.628,0.3148,-0.6218,0.6409,-0.4888,0.0281,-0.7361,-0.3065,-0.8867,-0.545,False,False,False,False,False,False,right,False,False,False,True,True,False,
video 02.mp4,372655f94428d157,42416,32749,33083,393,397,1.793,0.5093,1.292,1.2258,1.2082,1.6274,1.132,2.0304,2.5959,1.5542,2.895,1.9152,3.2094,2.203,3.2136,0.8739,3.6586,0.9033,4.0849,0.9379,3.2933,0.6977,3.7231,0.708,4.0924,0.7052,3.2234,0.6513,3.509,0.5672,3.7814,0.507,1.7597,0.5169,1.2721,1.2276,1.1926,1.6297,1.129,2.0335,2.5421,1.5246,2.8258,1.8713,3.1331,2.1629,3.1306,0.8655,3.5442,0.9059,3.9429,0.9618,3.2457,0.7117,3.6704,0.7345,4.0401,0.7591,3.1824,0.6536,3.4471,0.5415,3.707,0.4612,1.7474,0.5122,1.2701,1.2049,1.188,1.6226,1.1114,2.0343,2.5666,1.5645,2.8675,1.8977,3.1717,2.1781,3.0946,1.2819,3.5083,1.5794,3.8694,1.7934,3.2362,0.9547,3.6362,1.099,3.9734,1.2333,3.0514,0.5985,3.3075,0.4896,3.534,0.4109,1.7305,0.5023,1.2619,1.2011,1.1915,1.6103,1.1259,2.027,2.5715,1.5687,2.8999,1.9042,3.1954,2.1822,3.0408,1.3559,3.4621,1.6826,3.8212,1.9149,3.2028,1.0553,3.6131,1.2578,3.9618,1.44,2.993,0.5944,3.2546,0.4917,3.4904,0.4157,1.7239,0.5056,1.2585,1.1918,1.2016,1.5831,1.1445,2.0037,2.5666,1.561,2.9086,1.9033,3.2045,2.1831,3.0232,1.3481,3.4433,1.6824,3.7842,1.9231,3.1915,1.0909,3.6007,1.3206,3.9345,1.5205,2.9992,0.6116,3.2603,0.5121,3.486,0.4325,-0.3964,0.0905,0.0,0.0,0.0,0.0,0.0,0.0,-0.6405,-0.3529,-0.8242,-0.5222,-0.9078,-0.4769,-0.9876,-0.1004,-1.362,0.0314,-1.6908,0.2847,-0.5671,0.1676,-0.628,0.3148,-0.6218,0.6409,-0.4888,0.0281,-0.7361,-0.3065,-0.8867,-0.545,0.0,0.0,0.0,0.0,0.0,0.0,0.0,0.0,0.2952,0.4817,0.5033,0.3181,0.4647,0.1824,-0.4334,5.0166,-0.4325,8.1147,-0.8855,10.0195,-0.1138,2.9276,-0.4124,4.3917,-0.8035,5.7137,-1.5779,-0.6639,-1.6819,-0.6248,-2.0839,-0.6055,0.0,0.0,0.0,0.0,0.0,0.0,0.0,0.0,0.0,0.0,0.0,0.0,0.0,0.0,-0.6414,0.882,-0.5511,1.228,-0.5731,1.446,-0.3987,1.1971,-0.274,1.8908,-0.1379,2.4612,-0.6948,-0.0486,-0.6307,0.024,-0.5194,0.0566,0.0,0.0,0.0,0.0,0.0,0.0,0.0,0.0,0.0,0.0,0.0,0.0,0.0,0.0,0.0,0.0,0.0,0.0,-0.4466,0.099,-0.1351,0.4288,-0.1497,0.7557,-0.3297,0.969,0.0,0.0,0.0,0.0,0.0,0.0,False,False,False,False,False,False,right,False,False,False,True,True,False,
video 02.mp4,372655f94428d157,42416,33000,33333,396,400,1.7305,0.5023,1.2619,1.2011,1.1915,1.6103,1.1259,2.027,2.5715,1.5687,2.8999,1.9042,3.1954,2.1822,3.0408,1.3559,3.4621,1.6826,3.8212,1.9149,3.2028,1.0553,3.6131,1.2578,3.9618,1.44,2.993,0.5944,3.2546,0.4917,3.4904,0.4157,1.7239,0.5056,1.2585,1.1918,1.2016,1.5831,1.1445,2.0037,2.5666,1.561,2.9086,1.9033,3.2045,2.1831,3.0232,1.3481,3.4433,1.6824,3.7842,1.9231,3.1915,1.0909,3.6007,1.3206,3.9345,1.5205,2.9992,0.6116,3.2603,0.5121,3.486,0.4325,1.728,0.5142,1.259,1.1689,1.2105,1.5623,1.19,1.9804,2.5294,1.3874,2.9053,1.638,3.2224,1.8523,2.9466,1.32,3.3608,1.6458,3.7058,1.9116,3.1095,1.1264,3.4825,1.3797,3.7498,1.599,2.9861,0.6318,3.2549,0.5362,3.4822,0.4529,1.7278,0.5552,1.264,1.1682,1.2436,1.5385,1.2416,1.9516,2.5284,1.314,2.9171,1.5143,3.2549,1.6892,2.8955,1.3352,3.2743,1.6332,3.6291,1.8894,3.0288,1.1559,3.3463,1.3887,3.5691,1.5892,3.0033,0.7006,3.2801,0.6333,3.5147,0.5866,1.7999,0.5523,1.2725,1.124,1.2355,1.4626,1.2262,1.8536,2.5608,1.1921,2.9695,1.3515,3.326,1.4791,2.9341,1.2704,3.3322,1.5194,3.6959,1.7123,3.0476,1.1805,3.3921,1.4213,3.6502,1.6048,3.0022,1.1009,3.2595,1.2737,3.468,1.4141,0.0,0.0,0.0,0.0,0.0,0.0,0.0,0.0,0.0,0.0,0.0,0.0,0.0,0.0,0.0,0.0,0.0,0.0,-0.4466,0.099,-0.1351,0.4288,-0.1497,0.7557,-0.3297,0.969,0.0,0.0,0.0,0.0,0.0,0.0,0.0,0.0,0.0,0.0,0.0,0.0,0.549,-0.2808,-0.4484,-2.0911,-0.0392,-3.196,0.215,-3.9862,-0.9219,-0.3388,-0.9932,-0.4407,-0.9442,-0.1379,-0.988,0.4277,-1.4237,0.7121,-2.2255,0.9467,0.0,0.0,0.0,0.0,0.0,0.0,-0.0017,0.4875,0.0,0.0,0.3938,-0.2834,0.6136,-0.3431,-0.0115,-0.874,0.1404,-1.4734,0.3869,-1.9416,-0.6091,0.1806,-1.03,-0.1511,-0.9137,-0.2646,-0.9613,0.3515,-1.6221,0.1081,-2.1513,-0.117,0.2047,0.8187,0.2996,1.1555,0.3865,1.5918,0.868,-0.0351,0.103,-0.5325,-0.0967,-0.9141,-0.185,-1.1807,0.3902,-1.4689,0.6305,-1.9603,0.8574,-2.5311,0.4652,-0.7806,0.6972,-1.3711,0.8058,-2.1337,0.0,0.0,0.5523,0.3921,0.9781,0.1873,-0.0133,4.8232,-0.2484,7.7165,-0.563,9.9692,False,False,False,False,False,False,right,False,False,False,True,True,False,
video 02.mp4,372655f94428d157,42416,33250,33583,399,403,1.7278,0.5552,1.264,1.1682,1.2436,1.5385,1.2416,1.9516,2.5284,1.314,2.9171,1.5143,3.2549,1.6892,2.8955,1.3352,3.2743,1.6332,3.6291,1.8894,3.0288,1.1559,3.3463,1.3887,3.5691,1.5892,3.0033,0.7006,3.2801,0.6333,3.5147,0.5866,1.7999,0.5523,1.2725,1.124,1.2355,1.4626,1.2262,1.8536,2.5608,1.1921,2.9695,1.3515,3.326,1.4791,2.9341,1.2704,3.3322,1.5194,3.6959,1.7123,3.0476,1.1805,3.3921,1.4213,3.6502,1.6048,3.0022,1.1009,3.2595,1.2737,3.468,1.4141,1.8593,0.5743,1.2838,1.0981,1.2253,1.4066,1.2058,1.7635,2.5831,1.1492,3.003,1.2827,3.3812,1.3785,2.9968,1.2193,3.4469,1.4404,3.8542,1.6024,3.1077,1.1616,3.4997,1.3801,3.7938,1.5491,3.1027,1.1078,3.398,1.2339,3.6443,1.3284,1.9541,0.5866,1.3235,1.0725,1.2294,1.384,1.1667,1.7312,2.6663,1.1933,3.0769,1.3333,3.4403,1.4286,3.0719,1.2271,3.5133,1.4233,3.9146,1.5678,3.1924,1.1722,3.5785,1.3679,3.8647,1.5051,3.1912,1.1305,3.4951,1.2481,3.7372,1.3345,1.972,0.6023,1.3419,1.1848,1.2379,1.5739,1.1748,1.9784,2.76,1.2212,3.2173,1.3535,3.6237,1.4232,3.2029,1.1918,3.7059,1.3324,4.1388,1.4282,3.3064,1.1633,3.7538,1.3231,4.0885,1.4196,3.2345,1.1485,3.5561,1.2538,3.8193,1.3223,0.868,-0.0351,0.103,-0.5325,-0.0967,-0.9141,-0.185,-1.1807,0.3902,-1.4689,0.6305,-1.9603,0.8574,-2.5311,0.4652,-0.7806,0.6972,-1.3711,0.8058,-2.1337,0.0,0.0,0.5523,0.3921,0.9781,0.1873,-0.0133,4.8232,-0.2484,7.7165,-0.563,9.9692,0.7158,0.265,0.0,0.0,-0.1233,-0.6752,-0.2459,-1.0858,0.2688,-0.5165,0.4035,-0.8298,0.6652,-1.2119,0.7553,-0.615,1.3814,-0.9511,1.9063,-1.3242,0.724,-0.2273,1.2959,-0.4957,1.73,-0.6707,1.2114,0.0829,1.6686,-0.4802,2.1244,-1.0325,1.1289,0.147,0.4724,-0.3042,0.0,0.0,-0.4651,-0.3844,0.9905,0.5243,0.8799,0.6032,0.7026,0.5961,0.8944,0.0931,0.7914,-0.2039,0.7194,-0.4123,1.0084,0.1257,0.9387,-0.1461,0.8441,-0.5234,1.0533,0.2703,1.1564,0.1698,1.1062,0.0734,0.0,0.0,0.2225,1.3531,0.1013,2.288,0.0974,2.9789,1.1291,0.3361,1.6921,0.2434,2.2106,-0.0653,1.5781,-0.4262,2.3201,-1.0955,2.7018,-1.681,1.3737,-0.1076,2.111,-0.5398,2.6959,-1.0308,0.5212,0.217,0.7345,0.0688,0.9893,-0.1476,False,False,False,False,False,False,right,False,False,False,True,True,False,
video 02.mp4,372655f94428d157,42416,33500,33833,402,406,1.9541,0.5866,1.3235,1.0725,1.2294,1.384,1.1667,1.7312,2.6663,1.1933,3.0769,1.3333,3.4403,1.4286,3.0719,1.2271,3.5133,1.4233,3.9146,1.5678,3.1924,1.1722,3.5785,1.3679,3.8647,1.5051,3.1912,1.1305,3.4951,1.2481,3.7372,1.3345,1.972,0.6023,1.3419,1.1848,1.2379,1.5739,1.1748,1.9784,2.76,1.2212,3.2173,1.3535,3.6237,1.4232,3.2029,1.1918,3.7059,1.3324,4.1388,1.4282,3.3064,1.1633,3.7538,1.3231,4.0885,1.4196,3.2345,1.1485,3.5561,1.2538,3.8193,1.3223,1.983,0.5805,1.3316,1.2252,1.2286,1.6527,1.1501,2.0689,2.7186,1.1765,3.156,1.238,3.5524,1.2407,3.2373,1.1294,3.7446,1.2052,4.1753,1.2436,3.3482,1.1457,3.7977,1.2254,4.1307,1.2385,3.2578,1.1342,3.574,1.1983,3.834,1.2365,1.961,0.6119,1.3304,1.2453,1.2306,1.6727,1.1366,2.0905,2.7419,1.0494,3.1651,1.0549,3.5733,1.0335,3.3486,1.1047,3.8664,1.1368,4.3057,1.135,3.4645,1.1498,3.9163,1.2108,4.2689,1.2251,3.3913,1.1753,3.7512,1.2032,4.0518,1.2154,1.9445,0.6201,1.3309,1.2137,1.2094,1.6366,1.071,2.0446,2.7436,0.9907,3.1493,0.9506,3.5437,0.8807,3.3109,1.0834,3.8062,1.121,4.2314,1.1244,3.4283,1.1327,3.8617,1.1885,4.2178,1.2156,3.3486,1.1466,3.6771,1.1745,3.9602,1.1783,0.0,0.0,0.2225,1.3531,0.1013,2.288,0.0974,2.9789,1.1291,0.3361,1.6921,0.2434,2.2106,-0.0653,1.5781,-0.4262,2.3201,-1.0955,2.7018,-1.681,1.3737,-0.1076,2.111,-0.5398,2.6959,-1.0308,0.5212,0.217,0.7345,0.0688,0.9893,-0.1476,0.0,0.0,-0.1243,0.4859,-0.111,0.9495,-0.2982,1.0904,-0.4994,-0.5388,-0.7382,-1.3925,-0.8596,-2.1989,0.4141,-0.751,0.4658,-1.532,0.4389,-2.2241,0.5041,-0.2119,0.5299,-1.1768,0.508,-2.1815,0.0,0.0,0.2161,-0.6697,0.1775,-1.034,-0.2618,0.3733,0.0,0.0,0.0,0.0,0.0,0.0,0.2778,-1.5122,0.1075,-2.1795,0.2485,-2.4662,1.3252,-0.2945,1.4509,-0.8147,1.5528,-1.2934,1.3844,0.0492,1.412,-0.1735,1.6456,-0.1598,1.5884,0.489,2.1092,0.059,2.5926,-0.2505,0.0,0.0,0.0,0.0,-0.2552,-0.4341,-0.791,-0.5524,0.0195,-0.7077,-0.1905,-1.2566,-0.3561,-1.8408,-0.4541,-0.2572,-0.7254,-0.1898,-0.8952,-0.1273,-0.4363,-0.2069,-0.6579,-0.2691,-0.6154,-0.1145,-0.5146,-0.3452,-0.8924,-0.3465,-1.1034,-0.4473,False,False,False,False,False,False,right,False,False,False,True,True,False,
video 02.mp4,372655f94428d157,42416,33750,34083,405,409,1.961,0.6119,1.3304,1.2453,1.2306,1.6727,1.1366,2.0905,2.7419,1.0494,3.1651,1.0549,3.5733,1.0335,3.3486,1.1047,3.8664,1.1368,4.3057,1.135,3.4645,1.1498,3.9163,1.2108,4.2689,1.2251,3.3913,1.1753,3.7512,1.2032,4.0518,1.2154,1.9445,0.6201,1.3309,1.2137,1.2094,1.6366,1.071,2.0446,2.7436,0.9907,3.1493,0.9506,3.5437,0.8807,3.3109,1.0834,3.8062,1.121,4.2314,1.1244,3.4283,1.1327,3.8617,1.1885,4.2178,1.2156,3.3486,1.1466,3.6771,1.1745,3.9602,1.1783,1.8871,0.598,1.2851,1.1011,1.1416,1.4155,1.0017,1.7361,2.7306,1.0011,3.1322,0.9922,3.5207,0.9658,3.2744,1.0327,3.7594,1.0891,4.1751,1.1154,3.3847,1.0339,3.8029,1.0961,4.1486,1.1403,3.3359,1.0038,3.6773,0.9991,3.958,0.9906,1.831,0.5417,1.2801,1.0778,1.1663,1.4336,1.0518,1.8047,2.5248,1.4032,2.8245,1.7458,3.1524,2.0415,3.1485,0.9873,3.5683,1.0436,3.9841,1.1096,3.3335,0.9305,3.7649,0.9824,4.1226,1.0134,3.3412,0.9915,3.6838,1.0037,3.9836,1.0119,1.8241,0.5358,1.261,1.0585,1.1585,1.3975,1.0656,1.781,2.4553,1.4709,2.746,1.8225,3.0687,2.1229,3.0962,0.9568,3.5076,0.9938,3.9236,1.0614,3.2644,0.8815,3.7001,0.9158,4.0429,0.9184,3.3245,0.9817,3.6625,0.9939,3.9632,0.9947,0.0,0.0,0.0,0.0,-0.2552,-0.4341,-0.791,-0.5524,0.0195,-0.7077,-0.1905,-1.2566,-0.3561,-1.8408,-0.4541,-0.2572,-0.7254,-0.1898,-0.8952,-0.1273,-0.4363,-0.2069,-0.6579,-0.2691,-0.6154,-0.1145,-0.5146,-0.3452,-0.8924,-0.3465,-1.1034,-0.4473,-0.6916,-0.2659,-0.5517,-1.3561,-0.8168,-2.6645,-0.8347,-3.7173,0.0,0.0,-0.206,0.5017,-0.2766,1.0248,-0.4395,-0.6099,-0.564,-0.3845,-0.6788,-0.1093,-0.5253,-1.1903,-0.7087,-1.1134,-0.8333,-0.9072,-0.153,-1.7208,0.0015,-2.1125,-0.0274,-2.2619,-0.6677,-0.6707,0.0,0.0,0.0,0.0,0.597,0.8171,-2.4504,4.7871,-3.6629,8.9708,-4.3853,12.8059,-1.4991,-0.5414,-2.2748,-0.5413,-2.2733,-0.0681,-0.61,-1.2303,-0.4522,-1.3538,-0.3104,-1.5106,0.0,0.0,0.0,0.0,0.0,0.0,0.0,0.0,0.0,0.0,-0.0944,-0.4353,0.0,0.0,-0.8362,0.8148,-0.9451,0.9239,-1.0087,0.9805,-0.6301,-0.3675,-0.7313,-0.6005,-0.7294,-0.5807,-0.8316,-0.5911,-0.7811,-0.8018,-0.9602,-1.1443,0.0,0.0,0.0,0.0,0.0,0.0,False,False,False,False,False,False,right,False,False,False,True,True,False,
video 02.mp4,372655f94428d157,42416,34000,34333,408,412,1.831,0.5417,1.2801,1.0778,1.1663,1.4336,1.0518,1.8047,2.5248,1.4032,2.8245,1.7458,3.1524,2.0415,3.1485,0.9873,3.5683,1.0436,3.9841,1.1096,3.3335,0.9305,3.7649,0.9824,4.1226,1.0134,3.3412,0.9915,3.6838,1.0037,3.9836,1.0119,1.8241,0.5358,1.261,1.0585,1.1585,1.3975,1.0656,1.781,2.4553,1.4709,2.746,1.8225,3.0687,2.1229,3.0962,0.9568,3.5076,0.9938,3.9236,1.0614,3.2644,0.8815,3.7001,0.9158,4.0429,0.9184,3.3245,0.9817,3.6625,0.9939,3.9632,0.9947,1.812,0.5174,1.2504,1.0384,1.1547,1.3728,1.0816,1.7518,2.4351,1.4795,2.7234,1.8188,3.0445,2.1058,3.0848,0.9532,3.4924,0.9946,3.903,1.0688,3.2425,0.8744,3.6743,0.9175,4.0123,0.9316,3.3051,0.9722,3.6405,0.9867,3.9416,0.9922,1.7939,0.5087,1.2408,1.016,1.1411,1.3266,1.0768,1.6763,2.4218,1.4943,2.7085,1.8354,3.0299,2.1267,3.0832,0.9465,3.4932,0.991,3.9094,1.0776,3.2257,0.8413,3.6551,0.868,3.9979,0.8761,3.2661,0.9478,3.5889,0.9591,3.8766,0.9691,1.7894,0.5248,1.2338,1.007,1.1496,1.3139,1.1023,1.6549,2.447,1.2497,2.7627,1.4197,3.1013,1.5816,3.0685,0.9582,3.4995,1.0127,3.924,1.1013,3.2033,0.8642,3.638,0.8855,3.9737,0.8812,3.2037,0.9411,3.513,0.9343,3.7931,0.9049,0.0,0.0,0.0,0.0,-0.0944,-0.4353,0.0,0.0,-0.8362,0.8148,-0.9451,0.9239,-1.0087,0.9805,-0.6301,-0.3675,-0.7313,-0.6005,-0.7294,-0.5807,-0.8316,-0.5911,-0.7811,-0.8018,-0.9602,-1.1443,0.0,0.0,0.0,0.0,0.0,0.0,0.0,0.0,0.0,0.0,0.0,0.0,0.1925,-0.3516,0.0,0.0,0.0,0.0,0.0,0.0,0.0,0.0,0.0,0.0,0.0,0.0,0.0,0.0,0.0,0.0,-0.3678,0.1591,0.0,0.0,0.0,0.0,0.0,0.0,0.0,0.0,0.0,0.0,-0.162,-0.5503,-0.0567,-0.8995,0.0,0.0,0.0,0.0,0.0,0.0,0.0,0.0,0.0,0.0,0.0,0.0,-0.2004,-0.3933,-0.2277,-0.5889,-0.1719,-0.6609,-0.464,-0.291,-0.6141,-0.3282,-0.7736,-0.2755,0.0,0.0,0.0,0.0,0.0,0.0,0.3071,-0.2572,0.3039,-2.9463,0.6522,-5.0085,0.8601,-6.5668,0.0,0.0,0.0,0.0,0.0,0.0,0.0,0.0,0.0,0.0,0.0,0.0,-0.752,-0.0802,-0.9148,-0.2987,-1.0066,-0.773,False,False,False,False,False,False,right,False,False,False,True,True,False,
video 02.mp4,372655f94428d157,42416,34250,34583,411,415,1.7939,0.5087,1.2408,1.016,1.1411,1.3266,1.0768,1.6763,2.4218,1.4943,2.7085,1.8354,3.0299,2.1267,3.0832,0.9465,3.4932,0.991,3.9094,1.0776,3.2257,0.8413,3.6551,0.868,3.9979,0.8761,3.2661,0.9478,3.5889,0.9591,3.8766,0.9691,1.7894,0.5248,1.2338,1.007,1.1496,1.3139,1.1023,1.6549,2.447,1.2497,2.7627,1.4197,3.1013,1.5816,3.0685,0.9582,3.4995,1.0127,3.924,1.1013,3.2033,0.8642,3.638,0.8855,3.9737,0.8812,3.2037,0.9411,3.513,0.9343,3.7931,0.9049,1.8325,0.5144,1.2428,0.9763,1.1509,1.2729,1.0906,1.5908,2.4923,1.1123,2.8625,1.1881,3.2116,1.2478,3.0702,0.9724,3.5127,1.0321,3.9328,1.1001,3.2129,0.8782,3.6352,0.9063,3.9629,0.9092,3.2184,0.8786,3.5317,0.8745,3.8091,0.8429,1.8219,0.4999,1.2279,0.9677,1.1468,1.2494,1.0968,1.5842,2.4849,1.3408,2.8218,1.6497,3.1148,1.9327,3.0896,0.9832,3.531,1.056,3.9379,1.1675,3.2261,0.904,3.6537,0.9491,3.9977,1.0005,3.2072,0.9272,3.537,0.9226,3.8289,0.9188,1.7953,0.4989,1.2258,0.9885,1.1476,1.2814,1.1113,1.6315,2.3921,1.4275,2.6745,1.762,2.9787,2.0509,3.0551,0.9716,3.472,1.0418,3.8701,1.1529,3.199,0.8988,3.627,0.9616,3.9541,1.012,3.2172,0.9634,3.5431,0.9765,3.8303,0.9902,0.0,0.0,0.0,0.0,0.0,0.0,0.3071,-0.2572,0.3039,-2.9463,0.6522,-5.0085,0.8601,-6.5668,0.0,0.0,0.0,0.0,0.0,0.0,0.0,0.0,0.0,0.0,0.0,0.0,-0.752,-0.0802,-0.9148,-0.2987,-1.0066,-0.773,0.5196,-0.1249,0.0,0.0,0.0161,-0.4934,-0.141,-0.7726,0.5454,-1.6554,1.203,-2.791,1.3288,-4.022,0.0,0.0,0.0,0.0,0.0,0.0,0.0,0.0,0.0,0.0,0.0,0.0,0.1769,-0.7535,0.2257,-0.7209,0.1925,-0.7467,0.0,0.0,0.0,0.0,0.0,0.0,0.0,0.0,-0.0883,2.7196,-0.4849,5.4954,-1.1521,8.1539,0.0,0.0,0.0,0.0,0.0603,0.8018,0.0,0.0,0.2196,0.5103,0.4148,1.0865,-0.1339,0.5784,0.0624,0.5725,0.2357,0.9037,0.0,0.0,0.0,0.0,0.0,0.0,0.1753,0.5695,-1.1186,1.0448,-1.775,1.3527,-1.6402,1.4235,-0.4157,-0.1399,-0.7108,-0.1704,-0.8172,-0.1753,0.0,0.0,0.0,0.0,-0.5259,0.1383,0.1207,0.4367,0.0746,0.6495,0.0172,0.8601,False,False,False,False,False,False,right,False,False,False,True,True,False,
video 02.mp4,372655f94428d157,42416,34500,34833,414,418,1.8219,0.4999,1.2279,0.9677,1.1468,1.2494,1.0968,1.5842,2.4849,1.3408,2.8218,1.6497,3.1148,1.9327,3.0896,0.9832,3.531,1.056,3.9379,1.1675,3.2261,0.904,3.6537,0.9491,3.9977,1.0005,3.2072,0.9272,3.537,0.9226,3.8289,0.9188,1.7953,0.4989,1.2258,0.9885,1.1476,1.2814,1.1113,1.6315,2.3921,1.4275,2.6745,1.762,2.9787,2.0509,3.0551,0.9716,3.472,1.0418,3.8701,1.1529,3.199,0.8988,3.627,0.9616,3.9541,1.012,3.2172,0.9634,3.5431,0.9765,3.8303,0.9902,1.7676,0.494,1.2277,1.017,1.1639,1.3422,1.1251,1.7211,2.3665,1.4761,2.6529,1.8112,2.9675,2.0941,3.0281,0.9614,3.4302,1.0292,3.8233,1.1404,3.1719,0.8818,3.597,0.9498,3.925,0.9972,3.2022,0.9652,3.5235,0.9897,3.8062,1.0139,1.7631,0.4925,1.2345,1.0235,1.1774,1.3633,1.1397,1.7469,2.3412,1.4657,2.62,1.7997,2.9327,2.082,3.0037,0.9522,3.394,1.0218,3.7822,1.133,3.1615,0.8715,3.5828,0.9458,3.911,0.9955,3.1977,0.9692,3.5221,0.9969,3.8126,1.0225,1.7467,0.5066,1.241,1.0232,1.1987,1.3662,1.1798,1.7426,2.3971,1.2689,2.7486,1.4319,3.0786,1.5882,2.9986,1.0298,3.4295,1.1348,3.852,1.2376,3.1062,0.8799,3.5196,0.9322,3.8513,0.9671,3.0368,0.8192,3.3071,0.7938,3.5563,0.7663,0.0,0.0,0.0,0.0,0.0,0.0,0.1753,0.5695,-1.1186,1.0448,-1.775,1.3527,-1.6402,1.4235,-0.4157,-0.1399,-0.7108,-0.1704,-0.8172,-0.1753,0.0,0.0,0.0,0.0,-0.5259,0.1383,0.1207,0.4367,0.0746,0.6495,0.0172,0.8601,0.0,0.0,0.0,0.0,0.1958,0.7322,0.1655,1.0793,-0.3078,0.5859,-0.2604,0.5928,-0.1344,0.5206,0.0,0.0,-0.5044,-0.1521,-0.563,-0.1506,0.0,0.0,0.0,0.0,0.0,0.0,0.0,0.0,0.0,0.0,-0.2907,0.2847,0.0,0.0,0.0,0.0,0.0,0.0,0.0,0.0,0.0,0.0,-0.3907,-0.1369,-0.414,-0.1435,0.0,0.0,-0.4303,-0.0883,-0.4899,-0.0888,0.0,0.0,0.0,0.0,0.0,0.0,0.0,0.0,0.0,0.0,0.0,0.0,0.0,0.0,0.0,0.0,0.0,0.0,0.4829,-0.0518,0.6735,-2.3703,1.5492,-4.4309,1.7571,-5.9501,-0.0621,0.9353,0.4271,1.3618,0.8413,1.2608,-0.6656,0.1018,-0.7617,-0.1633,-0.7194,-0.3422,-1.9395,-1.8066,-2.5903,-2.4479,-3.0878,-3.0874,False,False,False,False,False,False,right,False,False,False,True,True,False,
video 02.mp4,372655f94428d157,42416,34750,35083,417,421,1.7631,0.4925,1.2345,1.0235,1.1774,1.3633,1.1397,1.7469,2.3412,1.4657,2.62,1.7997,2.9327,2.082,3.0037,0.9522,3.394,1.0218,3.7822,1.133,3.1615,0.8715,3.5828,0.9458,3.911,0.9955,3.1977,0.9692,3.5221,0.9969,3.8126,1.0225,1.7467,0.5066,1.241,1.0232,1.1987,1.3662,1.1798,1.7426,2.3971,1.2689,2.7486,1.4319,3.0786,1.5882,2.9986,1.0298,3.4295,1.1348,3.852,1.2376,3.1062,0.8799,3.5196,0.9322,3.8513,0.9671,3.0368,0.8192,3.3071,0.7938,3.5563,0.7663,1.9322,0.645,1.3932,1.1181,1.3193,1.4209,1.2607,1.776,2.7072,1.2418,3.1153,1.2822,3.504,1.3158,3.2306,1.2124,3.7345,1.3116,4.2127,1.3826,3.3268,1.044,3.7561,1.0831,4.0998,1.1045,3.2307,0.7929,3.5281,0.7138,3.7997,0.6385,1.7745,0.5366,1.2584,0.9997,1.1967,1.3041,1.1647,1.6405,2.4081,1.1598,2.7675,1.2527,3.106,1.3529,2.8002,1.2595,3.1785,1.5181,3.5569,1.7578,2.9474,1.0358,3.2721,1.1463,3.5117,1.2344,2.9375,0.746,3.1991,0.634,3.4396,0.5343,1.7883,0.5421,1.2736,1.011,1.2206,1.3051,1.2014,1.6506,2.4551,1.1801,2.8319,1.2777,3.1854,1.3674,2.8971,1.2225,3.3319,1.4292,3.7531,1.6158,3.0096,1.0578,3.3854,1.1883,3.6737,1.2919,2.973,0.7189,3.2508,0.5841,3.4968,0.4695,0.0,0.0,0.0,0.0,0.0,0.0,0.4829,-0.0518,0.6735,-2.3703,1.5492,-4.4309,1.7571,-5.9501,-0.0621,0.9353,0.4271,1.3618,0.8413,1.2608,-0.6656,0.1018,-0.7617,-0.1633,-0.7194,-0.3422,-1.9395,-1.8066,-2.5903,-2.4479,-3.0878,-3.0874,0.0,0.0,0.0,0.0,0.0,0.0,0.0,0.0,0.0,0.0,0.0,0.0,0.0,0.0,0.0,0.0,0.0,0.0,0.0,0.0,0.0,0.0,0.0,0.0,0.0,0.0,0.0,0.0,0.0,0.0,0.0,0.0,0.0,0.0,0.0,0.0,0.0,0.0,-0.0906,-0.6116,0.0658,-0.6533,0.113,-1.0732,0.1641,-1.4085,-1.1878,1.3754,-1.503,2.2949,-1.7673,3.1151,-0.9512,0.9332,-1.482,1.282,-2.0336,1.6006,-0.5945,-0.4386,-0.647,-0.9563,-0.6987,-1.3894,0.0,0.0,0.0,0.0,0.0,0.0,0.4425,0.1222,0.5668,0.2435,0.7761,0.302,0.957,0.1739,1.1675,-0.4453,1.8483,-1.0705,2.364,-1.7107,0.7491,0.265,1.3648,0.5061,1.9515,0.6929,0.4284,-0.3258,0.6238,-0.6016,0.6888,-0.7806,False,False,False,False,False,False,right,False,False,False,True,True,False,
video 02.mp4,372655f94428d157,42416,35000,35333,420,424,1.7745,0.5366,1.2584,0.9997,1.1967,1.3041,1.1647,1.6405,2.4081,1.1598,2.7675,1.2527,3.106,1.3529,2.8002,1.2595,3.1785,1.5181,3.5569,1.7578,2.9474,1.0358,3.2721,1.1463,3.5117,1.2344,2.9375,0.746,3.1991,0.634,3.4396,0.5343,1.7883,0.5421,1.2736,1.011,1.2206,1.3051,1.2014,1.6506,2.4551,1.1801,2.8319,1.2777,3.1854,1.3674,2.8971,1.2225,3.3319,1.4292,3.7531,1.6158,3.0096,1.0578,3.3854,1.1883,3.6737,1.2919,2.973,0.7189,3.2508,0.5841,3.4968,0.4695,1.7995,0.5528,1.277,1.0302,1.2258,1.3058,1.2035,1.6429,2.4794,1.1903,2.8603,1.2857,3.2059,1.361,2.8423,1.2154,3.1972,1.3998,3.5255,1.5485,2.9457,1.0435,3.2542,1.1781,3.4699,1.2816,2.9701,0.6797,3.2392,0.55,3.4605,0.4375,1.8378,0.5732,1.2994,1.0431,1.2433,1.3309,1.2339,1.6777,2.4881,1.1546,2.8381,1.2102,3.1782,1.2585,2.8705,1.3373,3.2249,1.6357,3.5544,1.8833,3.0015,1.1144,3.3049,1.2357,3.5312,1.3085,3.0215,0.7129,3.2796,0.5915,3.501,0.4755,1.8787,0.5834,1.3009,1.0538,1.2322,1.3363,1.2188,1.6763,2.4877,1.1057,2.8366,1.1326,3.1829,1.1777,2.8876,1.371,3.2444,1.6969,3.5824,1.9876,3.0497,1.1267,3.3213,1.2178,3.5153,1.2738,3.0992,0.7377,3.3648,0.6456,3.614,0.5536,0.0,0.0,0.0,0.0,0.0,0.0,0.4425,0.1222,0.5668,0.2435,0.7761,0.302,0.957,0.1739,1.1675,-0.4453,1.8483,-1.0705,2.364,-1.7107,0.7491,0.265,1.3648,0.5061,1.9515,0.6929,0.4284,-0.3258,0.6238,-0.6016,0.6888,-0.7806,0.0,0.0,0.0,0.0,0.0,0.0,0.0,0.0,0.0,0.0,0.0,0.0,0.0,0.0,-0.6608,-0.0855,-1.6224,-0.3545,-2.7423,-0.8114,-0.7696,-0.1722,-1.5811,-0.1236,-2.4543,-0.1244,-0.0358,-0.4723,-0.1406,-0.4108,-0.4376,-0.3849,0.4554,0.2434,0.0,0.0,0.0,0.0,0.3621,0.4141,0.1031,-0.425,-0.2641,-0.899,-0.3296,-1.2211,0.336,1.4508,0.3302,2.8089,0.3445,3.9854,0.6649,0.8443,0.6033,0.6859,0.7295,0.3205,0.6125,0.3952,0.4819,0.494,0.483,0.452,0.4926,0.1224,0.0,0.0,0.0,0.0,0.0,0.0,-0.004,-0.5893,-0.0173,-0.9353,0.0563,-0.9726,0.2065,0.4059,0.2342,0.737,0.3374,1.2569,0.5799,0.1481,0.0,0.0,-0.1921,-0.4177,0.9359,0.2988,1.0257,0.6514,1.3606,0.9415,False,False,False,False,False,False,right,False,False,False,True,True,False,
video 02.mp4,372655f94428d157,42416,35250,35583,423,427,1.8378,0.5732,1.2994,1.0431,1.2433,1.3309,1.2339,1.6777,2.4881,1.1546,2.8381,1.2102,3.1782,1.2585,2.8705,1.3373,3.2249,1.6357,3.5544,1.8833,3.0015,1.1144,3.3049,1.2357,3.5312,1.3085,3.0215,0.7129,3.2796,0.5915,3.501,0.4755,1.8787,0.5834,1.3009,1.0538,1.2322,1.3363,1.2188,1.6763,2.4877,1.1057,2.8366,1.1326,3.1829,1.1777,2.8876,1.371,3.2444,1.6969,3.5824,1.9876,3.0497,1.1267,3.3213,1.2178,3.5153,1.2738,3.0992,0.7377,3.3648,0.6456,3.614,0.5536,1.9564,0.5543,1.3097,1.0539,1.2401,1.3599,1.2116,1.6891,2.4765,1.0595,2.8312,1.0543,3.1973,1.0367,2.9784,1.301,3.4111,1.5308,3.8326,1.7084,3.1046,1.1986,3.4302,1.3896,3.7069,1.5251,3.1003,1.1103,3.368,1.2212,3.608,1.294,1.9654,0.5723,1.3131,1.049,1.2344,1.3472,1.1861,1.668,2.4675,1.0452,2.8372,1.0234,3.2286,0.9894,3.0558,1.2169,3.519,1.3307,3.9295,1.4165,3.1704,1.1885,3.5606,1.3225,3.8653,1.4317,3.1166,1.1113,3.3911,1.12,3.6267,1.1168,1.9644,0.5945,1.3289,1.1352,1.2298,1.5321,1.1827,1.8818,2.4615,1.0583,2.8471,1.0623,3.238,1.0423,3.0476,1.1784,3.538,1.2445,3.9611,1.2595,3.1915,1.1647,3.618,1.2322,3.9584,1.249,3.1186,1.1005,3.4024,1.0846,3.6336,1.048,0.4926,0.1224,0.0,0.0,0.0,0.0,0.0,0.0,-0.004,-0.5893,-0.0173,-0.9353,0.0563,-0.9726,0.2065,0.4059,0.2342,0.737,0.3374,1.2569,0.5799,0.1481,0.0,0.0,-0.1921,-0.4177,0.9359,0.2988,1.0257,0.6514,1.3606,0.9415,0.9372,-0.3504,0.0,0.0,0.0,0.0,0.0,0.0,-0.1348,-0.5564,-0.0658,-0.9436,0.1738,-1.6988,1.0941,-0.8434,2.0081,-2.0012,3.0144,-3.3638,0.6619,0.8659,1.3121,2.0689,2.309,3.0276,0.0133,4.4894,0.0388,6.9352,-0.0716,8.9205,0.0,0.0,0.0,0.0,0.0,0.0,0.0,0.0,0.0,0.0,0.0,0.0,0.3724,-0.5633,0.9206,-1.001,1.2856,-2.3824,1.1534,-3.4752,0.7837,-0.1191,1.5531,-0.7983,1.8854,-1.1129,0.0,0.0,0.2756,-1.205,0.2227,-2.1096,0.0,0.0,0.1899,1.0392,-0.055,2.2273,-0.0413,2.5759,0.0,0.0,0.1187,0.4686,0.1141,0.637,-0.0987,-0.4636,0.2286,-1.0378,0.381,-1.8911,0.0,0.0,0.6906,-1.0876,1.1218,-2.2002,0.0,0.0,0.1357,-0.4259,0.0827,-0.8289,False,False,False,False,False,False,right,False,False,False,True,True,False,
video 02.mp4,372655f94428d157,42416,35500,35833,426,430,1.9654,0.5723,1.3131,1.049,1.2344,1.3472,1.1861,1.668,2.4675,1.0452,2.8372,1.0234,3.2286,0.9894,3.0558,1.2169,3.519,1.3307,3.9295,1.4165,3.1704,1.1885,3.5606,1.3225,3.8653,1.4317,3.1166,1.1113,3.3911,1.12,3.6267,1.1168,1.9644,0.5945,1.3289,1.1352,1.2298,1.5321,1.1827,1.8818,2.4615,1.0583,2.8471,1.0623,3.238,1.0423,3.0476,1.1784,3.538,1.2445,3.9611,1.2595,3.1915,1.1647,3.618,1.2322,3.9584,1.249,3.1186,1.1005,3.4024,1.0846,3.6336,1.048,2.0091,0.621,1.3219,1.2524,1.2234,1.6608,1.1285,2.0381,2.515,1.0619,2.9255,1.0428,3.3371,0.9706,3.1466,1.148,3.6569,1.1707,4.0934,1.1415,3.3104,1.1516,3.7637,1.1853,4.1004,1.1554,3.3,1.1232,3.6413,1.0961,3.9048,1.0367,1.7482,0.5558,1.1509,1.135,1.0691,1.5141,0.97,1.8568,2.301,0.9106,2.653,0.8481,3.0186,0.7447,2.886,0.9638,3.2991,0.93,3.6756,0.8779,3.049,0.9636,3.4231,0.9402,3.7254,0.8853,3.0686,1.0167,3.3663,1.0071,3.6219,0.9674,1.748,0.5724,1.1581,1.1147,1.0773,1.4912,0.979,1.8485,2.3811,0.8991,2.7294,0.8476,3.0848,0.7571,2.9154,0.9569,3.3174,0.934,3.6864,0.8911,3.0687,0.9715,3.4379,0.9589,3.7381,0.9143,3.1024,1.0195,3.4201,1.017,3.6977,0.9832,0.0,0.0,0.1899,1.0392,-0.055,2.2273,-0.0413,2.5759,0.0,0.0,0.1187,0.4686,0.1141,0.637,-0.0987,-0.4636,0.2286,-1.0378,0.381,-1.8911,0.0,0.0,0.6906,-1.0876,1.1218,-2.2002,0.0,0.0,0.1357,-0.4259,0.0827,-0.8289,0.5389,0.3202,-0.0835,1.4118,-0.0775,1.55,-0.6529,1.8836,0.6438,0.0429,0.9452,-0.2355,1.1931,-0.8633,1.1927,-0.3668,1.4319,-0.8897,1.5939,-1.4218,1.4323,-0.157,1.7554,-0.5653,1.7112,-1.1282,2.1852,0.2726,2.8777,0.1378,3.2679,-0.1365,0.0,0.0,0.0,0.0,0.0,0.0,0.0,0.0,0.0,0.0,0.0,0.0,0.0,0.0,0.0,0.0,0.0,0.0,0.0,0.0,0.0,0.0,0.0,0.0,0.0,0.0,0.0,0.0,0.0,0.0,0.0,0.0,0.0,0.0,0.0,0.0,0.0,0.0,0.0,0.0,0.9649,-0.1385,0.9204,-0.0056,0.7967,0.1491,0.0,0.0,0.0,0.0,0.0,0.0,0.0,0.0,0.0,0.0,0.0,0.0,0.4065,0.0341,0.6487,0.1193,0.9131,0.1902,False,False,False,False,False,False,right,False,False,False,True,True,False,
video 02.mp4,372655f94428d157,42416,35750,36083,429,433,1.7482,0.5558,1.1509,1.135,1.0691,1.5141,0.97,1.8568,2.301,0.9106,2.653,0.8481,3.0186,0.7447,2.886,0.9638,3.2991,0.93,3.6756,0.8779,3.049,0.9636,3.4231,0.9402,3.7254,0.8853,3.0686,1.0167,3.3663,1.0071,3.6219,0.9674,1.748,0.5724,1.1581,1.1147,1.0773,1.4912,0.979,1.8485,2.3811,0.8991,2.7294,0.8476,3.0848,0.7571,2.9154,0.9569,3.3174,0.934,3.6864,0.8911,3.0687,0.9715,3.4379,0.9589,3.7381,0.9143,3.1024,1.0195,3.4201,1.017,3.6977,0.9832,1.643,0.4803,1.1836,1.0593,1.1093,1.4198,1.023,1.776,2.431,1.493,2.7125,1.7789,3.003,2.0029,2.9722,0.9104,3.3622,0.907,3.7249,0.9388,3.0583,0.8346,3.4417,0.8256,3.7805,0.8366,3.0294,0.856,3.3405,0.8239,3.6191,0.8236,1.6729,0.4874,1.2014,1.0845,1.1252,1.4322,1.0469,1.7993,2.3811,1.4564,2.6782,1.769,2.9823,2.0208,2.9614,0.8868,3.3682,0.9059,3.7536,0.9649,3.0546,0.789,3.4517,0.7893,3.7804,0.7834,3.0573,0.8272,3.3705,0.7782,3.6564,0.7347,1.6847,0.4822,1.21,1.0968,1.1497,1.454,1.0779,1.8341,2.3807,1.4547,2.686,1.7624,2.9894,2.0146,2.9786,0.9259,3.4018,0.9789,3.7958,1.0484,3.0509,0.7733,3.4547,0.7658,3.7878,0.7534,3.0073,0.7746,3.2805,0.7185,3.5416,0.6756,0.0,0.0,0.0,0.0,0.0,0.0,0.0,0.0,0.9649,-0.1385,0.9204,-0.0056,0.7967,0.1491,0.0,0.0,0.0,0.0,0.0,0.0,0.0,0.0,0.0,0.0,0.0,0.0,0.4065,0.0341,0.6487,0.1193,0.9131,0.1902,0.0,0.0,0.0,0.0,0.0,0.0,0.0,0.0,0.0,0.0,0.0,0.0,0.0,0.0,0.0,0.0,0.0,0.0,0.0,0.0,0.0,0.0,0.0,0.0,0.0,0.0,0.0,0.0,0.0,0.0,0.0,0.0,0.0,0.0,0.0,0.0,0.0,0.0,0.0,0.0,-0.5935,-0.4363,-0.408,-0.1177,0.0,0.0,0.0,0.0,0.0,0.0,0.3424,0.3112,-0.0433,-0.543,0.1198,-0.4322,-0.001,-0.634,0.3322,-0.3436,0.3571,-0.5445,0.4441,-1.0583,0.0,0.0,0.0,0.0,0.0,0.0,0.3727,0.4184,0.0,0.0,0.0,0.0,0.0,0.0,0.2075,0.4707,0.4044,0.8789,0.508,1.0057,0.0,0.0,0.0,0.0,0.0,0.0,-0.602,-0.6327,-1.084,-0.7191,-1.3837,-0.7116,False,False,False,False,False,False,right,False,False,False,True,True,False,
video 02.mp4,372655f94428d157,42416,36000,36333,432,436,1.6729,0.4874,1.2014,1.0845,1.1252,1.4322,1.0469,1.7993,2.3811,1.4564,2.6782,1.769,2.9823,2.0208,2.9614,0.8868,3.3682,0.9059,3.7536,0.9649,3.0546,0.789,3.4517,0.7893,3.7804,0.7834,3.0573,0.8272,3.3705,0.7782,3.6564,0.7347,1.6847,0.4822,1.21,1.0968,1.1497,1.454,1.0779,1.8341,2.3807,1.4547,2.686,1.7624,2.9894,2.0146,2.9786,0.9259,3.4018,0.9789,3.7958,1.0484,3.0509,0.7733,3.4547,0.7658,3.7878,0.7534,3.0073,0.7746,3.2805,0.7185,3.5416,0.6756,1.6842,0.4681,1.2239,1.1099,1.1776,1.4665,1.1002,1.8459,2.394,1.4693,2.7161,1.7802,3.0202,2.0312,3.0167,1.0267,3.4626,1.1429,3.8605,1.2213,3.0666,0.7969,3.4767,0.8135,3.8155,0.8184,2.9451,0.72,3.2032,0.6488,3.4473,0.5932,1.6892,0.4814,1.2456,1.118,1.2146,1.4626,1.1578,1.8456,2.4158,1.3582,2.7411,1.6052,3.0393,1.8255,3.0504,1.0249,3.5179,1.1468,3.9373,1.2417,3.0839,0.8086,3.5115,0.8399,3.8669,0.8721,2.936,0.7164,3.1964,0.6528,3.4472,0.6076,1.7145,0.5195,1.2708,1.105,1.2281,1.4545,1.176,1.8255,2.4938,1.1914,2.8791,1.3362,3.2097,1.4855,3.0334,1.0256,3.4959,1.1487,3.9082,1.2514,3.0906,0.8341,3.516,0.8644,3.8661,0.8971,2.9507,0.693,3.2103,0.6357,3.4548,0.5919,0.0,0.0,0.0,0.0,0.0,0.0,0.3727,0.4184,0.0,0.0,0.0,0.0,0.0,0.0,0.2075,0.4707,0.4044,0.8789,0.508,1.0057,0.0,0.0,0.0,0.0,0.0,0.0,-0.602,-0.6327,-1.084,-0.7191,-1.3837,-0.7116,0.0,0.0,0.0,0.0,0.0,0.0,0.0,0.0,0.0,0.0,0.3633,0.2142,0.3714,0.201,0.4593,1.2152,0.7329,1.9764,0.7797,2.0831,0.0,0.0,0.2661,0.5752,0.334,0.7834,-0.7499,-0.658,-0.9322,-0.8398,-1.1356,-0.9933,0.0,0.0,0.0,0.0,0.441,-0.0462,0.6858,-0.0039,0.2592,-1.3227,0.2972,-2.0826,0.2269,-2.4495,0.4005,-0.0215,0.6587,0.0465,0.9145,0.2427,0.0,0.0,0.4143,0.3135,0.6113,0.6389,0.0,0.0,0.0,0.0,0.0,0.0,0.3043,0.4587,0.0,0.0,0.0,0.0,0.0,0.0,0.9402,-2.0106,1.6627,-3.2413,2.0539,-4.0961,0.0,0.0,0.0,0.0,0.0,0.0,0.0,0.0,0.0,0.0,0.0,0.0,0.0,0.0,0.0,0.0,0.0,0.0,False,False,False,False,False,False,right,False,False,False,True,True,False,
video 02.mp4,372655f94428d157,42416,36250,36583,435,439,1.6892,0.4814,1.2456,1.118,1.2146,1.4626,1.1578,1.8456,2.4158,1.3582,2.7411,1.6052,3.0393,1.8255,3.0504,1.0249,3.5179,1.1468,3.9373,1.2417,3.0839,0.8086,3.5115,0.8399,3.8669,0.8721,2.936,0.7164,3.1964,0.6528,3.4472,0.6076,1.7145,0.5195,1.2708,1.105,1.2281,1.4545,1.176,1.8255,2.4938,1.1914,2.8791,1.3362,3.2097,1.4855,3.0334,1.0256,3.4959,1.1487,3.9082,1.2514,3.0906,0.8341,3.516,0.8644,3.8661,0.8971,2.9507,0.693,3.2103,0.6357,3.4548,0.5919,1.7466,0.5496,1.3047,1.1126,1.2749,1.4537,1.2367,1.832,2.5051,1.1329,2.894,1.2265,3.2345,1.316,2.8686,1.1944,3.2307,1.4299,3.5734,1.6326,2.9671,0.9639,3.2979,1.0929,3.5325,1.1941,2.955,0.695,3.2138,0.605,3.4508,0.5167,1.7747,0.5477,1.3158,1.1082,1.2819,1.4368,1.2434,1.8042,2.5321,1.1411,2.9295,1.235,3.2872,1.3128,2.9127,1.1574,3.3143,1.3343,3.6879,1.4749,2.9733,1.001,3.292,1.1477,3.5243,1.245,2.9735,0.6971,3.2424,0.5955,3.4745,0.4916,1.8038,0.5568,1.3353,1.104,1.2997,1.421,1.2556,1.7807,2.5638,1.1539,2.9677,1.2542,3.3302,1.3358,2.9484,1.167,3.3768,1.3365,3.7921,1.4681,3.0046,1.0293,3.3355,1.1691,3.5839,1.2617,3.0161,0.7152,3.2899,0.6024,3.5185,0.493,0.3043,0.4587,0.0,0.0,0.0,0.0,0.0,0.0,0.9402,-2.0106,1.6627,-3.2413,2.0539,-4.0961,0.0,0.0,0.0,0.0,0.0,0.0,0.0,0.0,0.0,0.0,0.0,0.0,0.0,0.0,0.0,0.0,0.0,0.0,0.387,0.3627,0.4085,0.0922,0.5642,-0.0104,0.7313,0.0779,0.1351,-0.7041,0.1796,-1.3221,0.2982,-2.0426,-1.9845,2.0332,-3.195,3.3878,-4.034,4.5925,-1.4881,1.5639,-2.6284,2.7525,-4.0201,3.5788,0.0,0.0,0.0,0.0,-0.048,-0.9059,0.0,0.0,0.0,0.0,0.0,0.0,0.0,0.0,0.0,0.0,0.4227,0.1017,0.6277,-0.0384,0.5243,-0.4396,0.9953,-1.1383,1.3632,-1.8769,0.0745,0.4424,-0.0693,0.6523,-0.0974,0.6051,0.0,0.0,0.0,0.0,0.2818,-0.2981,0.0,0.0,0.0,0.0,0.0,0.0,0.0,0.0,0.3814,0.1549,0.4609,0.2307,0.5179,0.2773,0.4298,0.115,0.7529,0.0264,1.2564,-0.0821,0.3768,0.3409,0.5238,0.2583,0.718,0.2017,0.513,0.218,0.5722,0.0839,0.5295,0.0166,False,False,False,False,False,False,right,False,False,False,True,True,False,
video 02.mp4,372655f94428d157,42416,36500,36833,438,442,1.7747,0.5477,1.3158,1.1082,1.2819,1.4368,1.2434,1.8042,2.5321,1.1411,2.9295,1.235,3.2872,1.3128,2.9127,1.1574,3.3143,1.3343,3.6879,1.4749,2.9733,1.001,3.292,1.1477,3.5243,1.245,2.9735,0.6971,3.2424,0.5955,3.4745,0.4916,1.8038,0.5568,1.3353,1.104,1.2997,1.421,1.2556,1.7807,2.5638,1.1539,2.9677,1.2542,3.3302,1.3358,2.9484,1.167,3.3768,1.3365,3.7921,1.4681,3.0046,1.0293,3.3355,1.1691,3.5839,1.2617,3.0161,0.7152,3.2899,0.6024,3.5185,0.493,1.8309,0.5542,1.3349,1.102,1.2998,1.412,1.2569,1.7653,2.5895,1.1484,2.9859,1.2476,3.3504,1.3437,2.9448,1.2858,3.3576,1.5457,3.7631,1.7705,3.0495,1.0879,3.3949,1.2459,3.6601,1.3584,3.0563,0.7332,3.3357,0.6095,3.5846,0.4959,1.8961,0.5793,1.3477,1.1066,1.3092,1.4273,1.311,1.7947,2.6576,1.0645,3.0644,1.1144,3.4663,1.1615,3.0441,1.3226,3.4658,1.6212,3.8733,1.8621,3.1541,1.0947,3.5201,1.1891,3.8145,1.2685,3.158,0.8606,3.4519,0.7937,3.7408,0.7203,1.9278,0.5994,1.3747,1.1202,1.338,1.4391,1.3126,1.7991,2.6131,1.0355,2.9977,1.0402,3.3578,1.0273,3.0043,1.1152,3.376,1.1845,3.7229,1.2188,3.149,0.956,3.4958,0.9347,3.7915,0.8997,3.1714,0.8543,3.4528,0.795,3.7197,0.7265,0.0,0.0,0.0,0.0,0.0,0.0,0.0,0.0,0.3814,0.1549,0.4609,0.2307,0.5179,0.2773,0.4298,0.115,0.7529,0.0264,1.2564,-0.0821,0.3768,0.3409,0.5238,0.2583,0.718,0.2017,0.513,0.218,0.5722,0.0839,0.5295,0.0166,0.0,0.0,0.0,0.0,0.0,0.0,0.0,0.0,0.0,0.0,0.0,0.0,0.0,0.0,-0.0425,1.4319,-0.2308,2.5203,-0.3502,3.6434,0.5408,0.7061,0.7158,0.9254,0.9186,1.1645,0.4847,0.2166,0.5512,0.0846,0.7974,0.0352,0.7769,0.2992,0.0,0.0,0.0,0.0,0.6442,0.3497,0.8102,-0.9995,0.9346,-1.5864,1.3799,-2.17,1.1815,0.4381,1.2875,0.8995,1.3126,1.0902,1.2454,0.08,1.4897,-0.6763,1.8373,-1.07,1.2109,1.5176,1.3839,2.1934,1.8587,2.6704,0.381,0.2418,0.0,0.0,0.0,0.0,0.0,0.0,-0.5366,-0.3484,-0.8037,-0.893,-1.3078,-1.6162,-0.4793,-2.4997,-1.0823,-5.2625,-1.8123,-7.7511,-0.0616,-1.6706,-0.2928,-3.0655,-0.2772,-4.4436,0.0,0.0,0.0,0.0,0.0,0.0,False,False,False,False,False,False,right,False,False,False,True,True,False,
video 02.mp4,372655f94428d157,42416,36750,37083,441,445,1.8961,0.5793,1.3477,1.1066,1.3092,1.4273,1.311,1.7947,2.6576,1.0645,3.0644,1.1144,3.4663,1.1615,3.0441,1.3226,3.4658,1.6212,3.8733,1.8621,3.1541,1.0947,3.5201,1.1891,3.8145,1.2685,3.158,0.8606,3.4519,0.7937,3.7408,0.7203,1.9278,0.5994,1.3747,1.1202,1.338,1.4391,1.3126,1.7991,2.6131,1.0355,2.9977,1.0402,3.3578,1.0273,3.0043,1.1152,3.376,1.1845,3.7229,1.2188,3.149,0.956,3.4958,0.9347,3.7915,0.8997,3.1714,0.8543,3.4528,0.795,3.7197,0.7265,1.9681,0.562,1.3712,1.1208,1.3277,1.4446,1.2946,1.785,2.6029,1.0014,2.9833,0.9628,3.35,0.8868,3.0382,1.0457,3.4354,1.1059,3.8015,1.1386,3.1907,0.9938,3.5526,1.0442,3.8582,1.0697,3.1698,0.99,3.4643,1.0369,3.7214,1.076,2.0153,0.6033,1.3757,1.1139,1.3113,1.4479,1.2815,1.7865,2.5594,0.9962,2.9266,0.9605,3.3152,0.904,3.1587,1.0941,3.5862,1.1934,3.9677,1.2687,3.322,1.1099,3.723,1.2214,4.0493,1.3185,3.2448,1.0614,3.5462,1.0884,3.8071,1.1106,2.0501,0.6225,1.3798,1.1155,1.3056,1.4474,1.2629,1.7766,2.656,0.973,3.0787,0.932,3.5045,0.8645,3.2492,1.1093,3.7304,1.2159,4.1532,1.3047,3.3776,1.1871,3.7943,1.3427,4.1263,1.4681,3.2939,1.2215,3.6005,1.3403,3.8562,1.444,0.381,0.2418,0.0,0.0,0.0,0.0,0.0,0.0,-0.5366,-0.3484,-0.8037,-0.893,-1.3078,-1.6162,-0.4793,-2.4997,-1.0823,-5.2625,-1.8123,-7.7511,-0.0616,-1.6706,-0.2928,-3.0655,-0.2772,-4.4436,0.0,0.0,0.0,0.0,0.0,0.0,0.4856,-0.4502,0.0,0.0,0.0,0.0,0.0,0.0,-0.1219,-0.4109,-0.1733,-0.9331,-0.0937,-1.6927,0.4088,-0.8375,0.7165,-0.947,0.9463,-0.9662,0.5028,0.4558,0.6846,1.3195,0.8042,2.0492,-0.0186,1.6348,0.138,2.9146,0.0206,4.2099,0.5617,0.4911,0.0,0.0,0.0,0.0,0.0,0.0,-0.5179,-0.0624,-0.6743,-0.0268,-0.4139,0.2044,1.4339,0.5767,1.7951,1.0419,1.9792,1.5496,1.5623,1.3815,2.0292,2.1092,2.2748,2.9615,0.8929,0.8492,0.9755,0.6129,1.0201,0.4129,0.4192,0.231,0.0,0.0,0.0,0.0,0.0,0.0,1.1634,-0.279,1.8323,-0.3444,2.2809,-0.4754,1.0904,0.1836,1.7375,0.2712,2.2352,0.4327,0.6706,0.9309,0.8587,1.4612,0.9273,1.8024,0.5916,1.9294,0.6537,3.0352,0.5918,4.016,False,False,False,False,False,False,right,False,False,False,True,True,False,
video 02.mp4,372655f94428d157,42416,37000,37333,444,448,2.0153,0.6033,1.3757,1.1139,1.3113,1.4479,1.2815,1.7865,2.5594,0.9962,2.9266,0.9605,3.3152,0.904,3.1587,1.0941,3.5862,1.1934,3.9677,1.2687,3.322,1.1099,3.723,1.2214,4.0493,1.3185,3.2448,1.0614,3.5462,1.0884,3.8071,1.1106,2.0501,0.6225,1.3798,1.1155,1.3056,1.4474,1.2629,1.7766,2.656,0.973,3.0787,0.932,3.5045,0.8645,3.2492,1.1093,3.7304,1.2159,4.1532,1.3047,3.3776,1.1871,3.7943,1.3427,4.1263,1.4681,3.2939,1.2215,3.6005,1.3403,3.8562,1.444,2.0339,0.6021,1.3502,1.196,1.2308,1.6302,1.1654,2.0007,2.6314,0.9716,3.0569,0.9407,3.4769,0.8841,3.2453,1.0909,3.7374,1.1585,4.1654,1.2029,3.395,1.1462,3.8195,1.254,4.1599,1.3482,3.3159,1.1605,3.6244,1.2172,3.872,1.2631,2.0124,0.6042,1.3451,1.2788,1.2239,1.7093,1.1238,2.102,2.6879,0.9474,3.1143,0.905,3.5392,0.8335,3.3367,1.0646,3.8501,1.0564,4.307,1.0139,3.477,1.1067,3.9205,1.1073,4.2707,1.0834,3.4269,1.1395,3.7806,1.1353,4.0605,1.0863,1.7683,0.5828,1.2255,1.201,1.1291,1.5911,1.0154,1.9585,2.4993,0.8885,2.8787,0.8428,3.2405,0.7718,3.0974,0.8744,3.549,0.8285,3.9458,0.7655,3.1907,0.8981,3.5754,0.868,3.9019,0.8469,3.1414,0.9565,3.4383,0.9033,3.7051,0.8633,0.4192,0.231,0.0,0.0,0.0,0.0,0.0,0.0,1.1634,-0.279,1.8323,-0.3444,2.2809,-0.4754,1.0904,0.1836,1.7375,0.2712,2.2352,0.4327,0.6706,0.9309,0.8587,1.4612,0.9273,1.8024,0.5916,1.9294,0.6537,3.0352,0.5918,4.016,0.0,0.0,-0.3569,0.971,-0.901,2.203,-1.1754,2.6993,0.0,0.0,0.0,0.0,-0.333,0.2354,0.0,0.0,0.0838,-0.6909,0.1464,-1.2256,0.2095,-0.4928,0.3032,-1.0676,0.4049,-1.4451,0.2646,-0.7345,0.2881,-1.4833,0.1908,-2.1786,0.0,0.0,-0.061,0.9847,-0.0818,0.9417,-0.4954,1.2064,0.6719,-0.2883,0.6834,-0.4246,0.7416,-0.6017,1.0873,-0.3128,1.3416,-1.2157,1.686,-2.2508,0.9765,-0.4706,1.2021,-1.7467,1.3198,-3.152,1.3216,-0.2499,1.8598,-0.9753,2.2441,-2.1049,0.0,0.0,0.0,0.0,0.0,0.0,0.0,0.0,0.0,0.0,0.0,0.0,0.0,0.0,0.0,0.0,0.0,0.0,0.0,0.0,0.0,0.0,0.0,0.0,0.0,0.0,0.0,0.0,0.0,0.0,0.0,0.0,False,False,False,False,False,False,right,False,False,False,True,True,False,
video 02.mp4,372655f94428d157,42416,37250,37583,447,451,2.0124,0.6042,1.3451,1.2788,1.2239,1.7093,1.1238,2.102,2.6879,0.9474,3.1143,0.905,3.5392,0.8335,3.3367,1.0646,3.8501,1.0564,4.307,1.0139,3.477,1.1067,3.9205,1.1073,4.2707,1.0834,3.4269,1.1395,3.7806,1.1353,4.0605,1.0863,1.7683,0.5828,1.2255,1.201,1.1291,1.5911,1.0154,1.9585,2.4993,0.8885,2.8787,0.8428,3.2405,0.7718,3.0974,0.8744,3.549,0.8285,3.9458,0.7655,3.1907,0.8981,3.5754,0.868,3.9019,0.8469,3.1414,0.9565,3.4383,0.9033,3.7051,0.8633,1.8965,0.6231,1.3231,1.2541,1.1934,1.6906,1.0852,2.0743,2.7174,0.9522,3.1331,0.9039,3.5228,0.8264,3.2843,0.9919,3.7916,0.9802,4.232,0.926,3.3888,1.0185,3.8152,1.0116,4.1614,0.9862,3.3106,1.03,3.6404,0.9821,3.9109,0.9317,1.8759,0.6081,1.3162,1.2446,1.1686,1.674,1.057,2.056,2.6913,1.1376,3.0576,1.1564,3.3825,1.1381,3.2503,0.9793,3.747,0.9449,4.1687,0.8838,3.3626,0.9447,3.7896,0.8922,4.1259,0.8317,3.2958,0.9326,3.6241,0.871,3.8871,0.8054,1.8463,0.5571,1.2919,1.2291,1.1769,1.6454,1.0879,2.0371,2.5435,1.4671,2.8566,1.7986,3.1857,2.0648,3.1611,0.9344,3.597,0.9154,4.0244,0.9178,3.3268,0.8977,3.7664,0.8783,4.1171,0.8382,3.3295,0.921,3.6728,0.8709,3.9765,0.8197,0.0,0.0,0.0,0.0,0.0,0.0,0.0,0.0,0.0,0.0,0.0,0.0,0.0,0.0,0.0,0.0,0.0,0.0,0.0,0.0,0.0,0.0,0.0,0.0,0.0,0.0,0.0,0.0,0.0,0.0,0.0,0.0,-0.6982,0.1138,0.0,0.0,0.0,0.0,0.0,0.0,0.0,0.0,0.0,0.0,0.0,0.0,-0.3151,-0.4377,-0.3523,-0.4592,-0.4517,-0.5296,-0.5317,-0.5315,-0.6341,-0.5764,-0.6588,-0.5857,-0.7004,-0.6601,-0.845,-0.9227,-0.9015,-0.9316,0.0,0.0,0.0,0.0,0.0,0.0,0.0,0.0,-0.3103,2.2071,-0.8983,3.0065,-1.6703,3.71,-0.4049,-0.1506,-0.5312,-0.4199,-0.7542,-0.5026,-0.3114,-0.878,-0.3042,-1.4224,-0.4217,-1.8388,-0.1766,-1.1597,-0.1941,-1.3223,-0.2838,-1.5032,-0.3565,-0.6137,0.0,0.0,0.0,0.0,0.3724,-0.2277,-1.7815,3.9702,-2.4218,7.7368,-2.3707,11.1651,-1.0751,-0.5407,-1.807,-0.3555,-1.7378,0.4097,-0.4318,-0.566,0.0,0.0,0.0,0.0,0.4055,-0.1391,0.5874,-0.0019,1.0778,0.1718,False,False,False,False,False,False,right,False,False,False,True,True,False,
video 02.mp4,372655f94428d157,42416,37500,37833,450,454,1.8759,0.6081,1.3162,1.2446,1.1686,1.674,1.057,2.056,2.6913,1.1376,3.0576,1.1564,3.3825,1.1381,3.2503,0.9793,3.747,0.9449,4.1687,0.8838,3.3626,0.9447,3.7896,0.8922,4.1259,0.8317,3.2958,0.9326,3.6241,0.871,3.8871,0.8054,1.8463,0.5571,1.2919,1.2291,1.1769,1.6454,1.0879,2.0371,2.5435,1.4671,2.8566,1.7986,3.1857,2.0648,3.1611,0.9344,3.597,0.9154,4.0244,0.9178,3.3268,0.8977,3.7664,0.8783,4.1171,0.8382,3.3295,0.921,3.6728,0.8709,3.9765,0.8197,1.8017,0.5271,1.2748,1.1968,1.17,1.586,1.0882,1.9796,2.5345,1.5474,2.8473,1.8854,3.1809,2.142,3.1367,0.9075,3.5677,0.8904,3.99,0.907,3.2846,0.8456,3.7246,0.8345,4.0848,0.8032,3.3161,0.9055,3.6612,0.8632,3.9715,0.8222,1.7899,0.5178,1.2717,1.1836,1.1778,1.5692,1.1027,1.9637,2.5085,1.5226,2.8137,1.8616,3.1334,2.1415,3.1505,0.9332,3.5934,0.9533,4.0214,1.0274,3.2708,0.815,3.702,0.7949,4.0604,0.7679,3.2707,0.8833,3.5926,0.838,3.8958,0.8,1.7403,0.5048,1.2716,1.1649,1.1985,1.5597,1.1199,1.9647,2.5339,1.5647,2.8619,1.889,3.1781,2.1547,3.047,1.3254,3.4659,1.6157,3.8341,1.8254,3.1998,1.0006,3.5997,1.1421,3.9336,1.2654,3.0314,0.6914,3.3047,0.6085,3.5462,0.5497,-0.3565,-0.6137,0.0,0.0,0.0,0.0,0.3724,-0.2277,-1.7815,3.9702,-2.4218,7.7368,-2.3707,11.1651,-1.0751,-0.5407,-1.807,-0.3555,-1.7378,0.4097,-0.4318,-0.566,0.0,0.0,0.0,0.0,0.4055,-0.1391,0.5874,-0.0019,1.0778,0.1718,-0.5371,-0.3621,-0.2068,-0.3894,-0.0829,-0.716,0.0034,-0.6936,-0.1079,0.9676,-0.112,1.046,-0.0575,0.9301,-0.2936,-0.3242,-0.3532,-0.3009,-0.4155,-0.1299,-0.5082,-0.6286,-0.5038,-0.5271,-0.3893,-0.4219,0.0,0.0,0.0,0.0,0.0,0.0,0.0,0.0,0.0,0.0,0.0,0.0,0.0,0.0,-0.3091,-0.2954,-0.4005,-0.2835,-0.5661,-0.0056,0.0,0.0,0.306,0.749,0.3743,1.434,0.0,0.0,-0.2682,-0.472,-0.2904,-0.4204,-0.5405,-0.2638,-0.8162,-0.3004,-0.9011,-0.2654,-0.5978,-0.1562,0.0,0.0,0.0,0.0,0.0,0.0,0.3058,0.5075,0.5814,0.3298,0.5387,0.159,-1.2471,4.7251,-1.5358,7.9799,-2.257,9.6136,-0.8559,2.2367,-1.2327,4.1837,-1.5274,5.9941,-2.8833,-2.313,-3.4689,-2.7653,-4.2112,-3.0155,False,False,False,False,False,False,right,False,False,False,True,True,False,
video 02.mp4,372655f94428d157,42416,37750,38083,453,457,1.7899,0.5178,1.2717,1.1836,1.1778,1.5692,1.1027,1.9637,2.5085,1.5226,2.8137,1.8616,3.1334,2.1415,3.1505,0.9332,3.5934,0.9533,4.0214,1.0274,3.2708,0.815,3.702,0.7949,4.0604,0.7679,3.2707,0.8833,3.5926,0.838,3.8958,0.8,1.7403,0.5048,1.2716,1.1649,1.1985,1.5597,1.1199,1.9647,2.5339,1.5647,2.8619,1.889,3.1781,2.1547,3.047,1.3254,3.4659,1.6157,3.8341,1.8254,3.1998,1.0006,3.5997,1.1421,3.9336,1.2654,3.0314,0.6914,3.3047,0.6085,3.5462,0.5497,1.76,0.4956,1.2835,1.164,1.2319,1.5537,1.1615,1.9734,2.5486,1.5701,2.9057,1.8859,3.2203,2.1416,2.9802,1.3952,3.3959,1.7112,3.7631,1.9367,3.1741,1.073,3.5862,1.2429,3.9306,1.3853,3.0011,0.6509,3.2644,0.5517,3.4924,0.4699,1.7626,0.5955,1.294,1.1842,1.2578,1.5524,1.2534,1.9714,2.6143,1.3883,3.034,1.5576,3.3924,1.7114,2.9943,1.3822,3.4364,1.6099,3.8526,1.7992,3.0957,1.1939,3.4859,1.3598,3.7868,1.5049,2.9666,0.7133,3.2275,0.5619,3.4506,0.4411,1.7986,0.5936,1.3024,1.1813,1.2645,1.5497,1.2666,1.9674,2.5299,1.2312,2.9386,1.3499,3.2942,1.4634,2.9332,1.3851,3.3524,1.6276,3.7676,1.8386,3.0763,1.2009,3.4353,1.3894,3.7054,1.5477,2.9935,0.7196,3.2549,0.5768,3.4937,0.4633,-0.5978,-0.1562,0.0,0.0,0.0,0.0,0.0,0.0,0.3058,0.5075,0.5814,0.3298,0.5387,0.159,-1.2471,4.7251,-1.5358,7.9799,-2.257,9.6136,-0.8559,2.2367,-1.2327,4.1837,-1.5274,5.9941,-2.8833,-2.313,-3.4689,-2.7653,-4.2112,-3.0155,0.0,0.0,0.0,0.0,0.4021,-0.0721,0.5019,0.1048,0.0,0.0,0.5274,-0.0372,0.508,-0.1576,-0.8053,0.8414,-0.8434,1.1511,-0.8554,1.342,-0.3088,0.8722,-0.1626,1.2144,-0.0362,1.4449,-0.3655,-0.4877,-0.4856,-0.6837,-0.6486,-0.9613,0.0,0.0,0.0,0.0,0.0,0.0,0.0,0.0,0.0,0.0,0.0,0.0,0.0,0.0,0.0,0.0,0.0,0.0,0.0,0.0,0.0,0.0,0.0,0.0,0.0,0.0,0.0,0.0,0.0,0.0,0.0,0.0,0.4345,-0.0226,0.0,0.0,0.0,0.0,0.0,0.0,-1.017,-1.8924,-1.1496,-2.5026,-1.1838,-2.9888,-0.7357,0.035,-1.0119,0.2131,-1.0247,0.4747,0.0,0.0,-0.6091,0.3571,-0.9804,0.5162,0.0,0.0,0.0,0.0,0.5199,0.2676,False,False,False,False,False,False,right,False,False,False,True,True,False,
video 02.mp4,372655f94428d157,42416,38000,38333,456,460,1.7626,0.5955,1.294,1.1842,1.2578,1.5524,1.2534,1.9714,2.6143,1.3883,3.034,1.5576,3.3924,1.7114,2.9943,1.3822,3.4364,1.6099,3.8526,1.7992,3.0957,1.1939,3.4859,1.3598,3.7868,1.5049,2.9666,0.7133,3.2275,0.5619,3.4506,0.4411,1.7986,0.5936,1.3024,1.1813,1.2645,1.5497,1.2666,1.9674,2.5299,1.2312,2.9386,1.3499,3.2942,1.4634,2.9332,1.3851,3.3524,1.6276,3.7676,1.8386,3.0763,1.2009,3.4353,1.3894,3.7054,1.5477,2.9935,0.7196,3.2549,0.5768,3.4937,0.4633,1.8149,0.5964,1.3313,1.1858,1.2898,1.5723,1.2665,2.0028,2.5146,1.169,2.9219,1.2355,3.2863,1.2824,2.9287,1.3832,3.3418,1.6272,3.7368,1.8258,3.0663,1.198,3.4053,1.367,3.6609,1.4902,3.0513,0.8085,3.3304,0.7684,3.5924,0.7353,1.9351,0.5986,1.3452,1.2013,1.2947,1.6066,1.2819,2.0332,2.6707,1.1586,3.1252,1.2142,3.5578,1.2251,3.1539,1.3514,3.646,1.5802,4.0729,1.7215,3.2603,1.3503,3.6731,1.5651,3.9966,1.7025,3.1899,1.2064,3.4893,1.2595,3.763,1.2775,1.9611,0.6144,1.3435,1.1621,1.2795,1.5295,1.2516,1.9251,2.6198,1.1211,3.0297,1.1583,3.4513,1.1577,3.1422,1.3057,3.6286,1.4994,4.0591,1.6266,3.2656,1.3225,3.6745,1.5062,3.99,1.6064,3.2287,1.2593,3.5335,1.3533,3.8053,1.4026,0.4345,-0.0226,0.0,0.0,0.0,0.0,0.0,0.0,-1.017,-1.8924,-1.1496,-2.5026,-1.1838,-2.9888,-0.7357,0.035,-1.0119,0.2131,-1.0247,0.4747,0.0,0.0,-0.6091,0.3571,-0.9804,0.5162,0.0,0.0,0.0,0.0,0.5199,0.2676,0.0,0.0,0.0,0.0,0.3043,0.2728,-0.0015,0.4265,-0.1838,-0.7491,-0.2012,-1.3781,-0.0942,-2.1809,0.0,0.0,0.0,0.0,-0.371,-0.1549,0.0,0.0,-0.3617,-0.2698,-0.5369,-0.6938,0.697,1.0704,0.9094,2.3088,1.1888,3.2769,0.0,0.0,0.0,0.0,0.0,0.0,0.0,0.0,0.0,0.0,0.0,0.0,0.0,0.0,0.0,0.0,0.0,0.0,0.0,0.0,0.0,0.0,0.0,0.0,0.0,0.0,0.0,0.0,0.0,0.0,0.0,0.0,0.0,0.0,-0.0199,-0.4712,-0.1831,-0.9292,-0.3649,-1.3026,-0.6129,-0.4525,-1.1509,-0.6732,-1.283,-0.8123,-0.1411,-0.5506,-0.2094,-0.9736,-0.1654,-1.1422,0.0,0.0,0.017,-0.71,-0.0791,-1.1569,0.4672,0.6373,0.533,1.1298,0.5086,1.5079,False,False,False,False,False,False,right,False,False,False,True,True,False,
video 02.mp4,372655f94428d157,42416,38250,38583,459,463,1.9351,0.5986,1.3452,1.2013,1.2947,1.6066,1.2819,2.0332,2.6707,1.1586,3.1252,1.2142,3.5578,1.2251,3.1539,1.3514,3.646,1.5802,4.0729,1.7215,3.2603,1.3503,3.6731,1.5651,3.9966,1.7025,3.1899,1.2064,3.4893,1.2595,3.763,1.2775,1.9611,0.6144,1.3435,1.1621,1.2795,1.5295,1.2516,1.9251,2.6198,1.1211,3.0297,1.1583,3.4513,1.1577,3.1422,1.3057,3.6286,1.4994,4.0591,1.6266,3.2656,1.3225,3.6745,1.5062,3.99,1.6064,3.2287,1.2593,3.5335,1.3533,3.8053,1.4026,1.9915,0.6138,1.3427,1.1422,1.2621,1.4759,1.1931,1.8365,2.6152,1.1191,3.0048,1.1523,3.4122,1.1303,3.1151,1.2894,3.5739,1.4358,3.9886,1.4896,3.2453,1.3093,3.6303,1.4556,3.9336,1.5033,3.2211,1.2574,3.5202,1.3336,3.7824,1.3615,2.0009,0.61,1.3318,1.1005,1.2127,1.4287,1.1119,1.7703,2.6423,1.1012,3.044,1.1378,3.4554,1.1199,3.1652,1.2524,3.6465,1.3492,4.052,1.3605,3.275,1.2965,3.6929,1.4019,4.01,1.4216,3.2264,1.2752,3.5285,1.3218,3.7811,1.3199,2.0207,0.6106,1.3268,1.1277,1.1927,1.505,1.1137,1.88,2.6264,1.0922,3.0432,1.097,3.4611,1.0358,3.1793,1.2175,3.6754,1.2474,4.0938,1.1988,3.2957,1.2442,3.7269,1.2716,4.0616,1.237,3.2417,1.2369,3.5515,1.2107,3.801,1.1351,0.0,0.0,-0.0199,-0.4712,-0.1831,-0.9292,-0.3649,-1.3026,-0.6129,-0.4525,-1.1509,-0.6732,-1.283,-0.8123,-0.1411,-0.5506,-0.2094,-0.9736,-0.1654,-1.1422,0.0,0.0,0.017,-0.71,-0.0791,-1.1569,0.4672,0.6373,0.533,1.1298,0.5086,1.5079,0.0,0.0,0.0,0.0,-0.2098,-0.6462,-0.7052,-1.0675,0.0,0.0,0.0,0.0,-0.4721,-0.3299,0.0,0.0,-0.6588,-0.7659,-0.8493,-1.6516,0.0,0.0,-0.5325,-0.6094,-0.6796,-1.2424,0.0,0.0,0.0,0.0,-0.275,-0.4952,0.0,0.0,-0.1288,-0.4956,-0.5877,-0.5615,-0.9672,-0.788,0.0,0.0,0.467,-0.173,0.5146,-0.1241,0.5962,-0.4405,0.8641,-1.0311,0.7543,-1.5369,0.0,0.0,0.7452,-0.6391,0.9096,-0.9733,0.0,0.0,0.0,0.0,-0.0152,-0.4953,0.0,0.0,0.0,0.0,-0.2411,0.9188,0.0224,1.3221,0.0,0.0,-0.0099,-0.4911,0.0685,-1.0127,0.1707,-0.4201,0.3487,-1.2261,0.5035,-1.9474,0.2495,-0.6305,0.41,-1.5697,0.6214,-2.2231,0.1834,-0.4617,0.2777,-1.3385,0.2389,-2.227,False,False,False,False,False,False,right,False,False,False,True,True,False,
video 02.mp4,372655f94428d157,42416,38500,38833,462,466,2.0009,0.61,1.3318,1.1005,1.2127,1.4287,1.1119,1.7703,2.6423,1.1012,3.044,1.1378,3.4554,1.1199,3.1652,1.2524,3.6465,1.3492,4.052,1.3605,3.275,1.2965,3.6929,1.4019,4.01,1.4216,3.2264,1.2752,3.5285,1.3218,3.7811,1.3199,2.0207,0.6106,1.3268,1.1277,1.1927,1.505,1.1137,1.88,2.6264,1.0922,3.0432,1.097,3.4611,1.0358,3.1793,1.2175,3.6754,1.2474,4.0938,1.1988,3.2957,1.2442,3.7269,1.2716,4.0616,1.237,3.2417,1.2369,3.5515,1.2107,3.801,1.1351,2.0084,0.6298,1.3146,1.251,1.1765,1.674,1.0705,2.048,2.6514,1.0401,3.0786,1.0228,3.5101,0.9615,3.2394,1.1578,3.7547,1.1568,4.1998,1.1043,3.3809,1.1826,3.8187,1.1857,4.1558,1.1526,3.3512,1.197,3.6988,1.1542,3.9716,1.084,1.9978,0.6351,1.3011,1.2136,1.1607,1.6396,1.046,2.0428,2.6795,1.0191,3.0865,0.9955,3.4943,0.9162,3.2783,1.1242,3.7702,1.1148,4.2003,1.054,3.4253,1.1505,3.853,1.1338,4.1908,1.0717,3.3963,1.187,3.7221,1.1567,3.9894,1.0914,1.9564,0.6445,1.2881,1.0885,1.1011,1.4384,0.9369,1.7596,2.6768,1.0184,3.0643,0.9835,3.4389,0.9012,3.2629,1.1144,3.7415,1.11,4.1661,1.0709,3.3956,1.1288,3.8152,1.1144,4.1513,1.0693,3.3562,1.164,3.6727,1.1415,3.9371,1.0937,0.0,0.0,0.0,0.0,-0.2411,0.9188,0.0224,1.3221,0.0,0.0,-0.0099,-0.4911,0.0685,-1.0127,0.1707,-0.4201,0.3487,-1.2261,0.5035,-1.9474,0.2495,-0.6305,0.41,-1.5697,0.6214,-2.2231,0.1834,-0.4617,0.2777,-1.3385,0.2389,-2.227,0.0,0.0,-0.1472,1.4849,-0.1948,2.036,-0.5201,2.0241,0.3005,-0.6273,0.4272,-0.894,0.5902,-0.8951,0.723,-0.7198,0.9553,-1.0913,1.2774,-1.139,1.0272,-0.7419,1.1065,-1.0356,1.1343,-1.0168,1.3192,-0.4814,1.7741,-0.6815,2.056,-0.615,0.0,0.0,-0.1605,-0.4447,-0.1886,-0.4086,0.0,0.0,0.335,-0.2496,0.0,0.0,-0.1879,-0.5395,0.4637,-0.4002,0.1838,-0.5008,0.0064,-0.599,0.5279,-0.3818,0.4074,-0.6173,0.4168,-0.964,0.5371,-0.1182,0.0,0.0,0.0,0.0,-0.4981,0.113,-0.1568,-1.5074,-0.7173,-2.425,-1.3147,-3.4116,0.0,0.0,0.0,0.0,-0.6672,-0.1802,0.0,0.0,0.0,0.0,-0.4128,0.2035,-0.3578,-0.2621,-0.4553,-0.234,-0.4753,-0.0283,-0.4828,-0.2773,-0.5951,-0.1835,-0.6302,0.0273,False,False,False,False,False,False,right,False,False,False,True,True,False,
video 02.mp4,372655f94428d157,42416,38750,39083,465,469,1.9978,0.6351,1.3011,1.2136,1.1607,1.6396,1.046,2.0428,2.6795,1.0191,3.0865,0.9955,3.4943,0.9162,3.2783,1.1242,3.7702,1.1148,4.2003,1.054,3.4253,1.1505,3.853,1.1338,4.1908,1.0717,3.3963,1.187,3.7221,1.1567,3.9894,1.0914,1.9564,0.6445,1.2881,1.0885,1.1011,1.4384,0.9369,1.7596,2.6768,1.0184,3.0643,0.9835,3.4389,0.9012,3.2629,1.1144,3.7415,1.11,4.1661,1.0709,3.3956,1.1288,3.8152,1.1144,4.1513,1.0693,3.3562,1.164,3.6727,1.1415,3.9371,1.0937,1.938,0.6542,1.3162,0.9793,1.1262,1.2383,0.9579,1.5056,2.6818,1.0223,3.0475,0.9811,3.4151,0.8973,3.252,1.1384,3.7189,1.1438,4.1343,1.1107,3.3794,1.1546,3.8005,1.1546,4.1409,1.1174,3.313,1.1544,3.6074,1.1317,3.8511,1.0868,1.9291,0.6397,1.2957,1.0797,1.1462,1.4839,1.0178,1.8798,2.6668,1.022,3.0374,0.9868,3.4014,0.9005,3.2245,1.1365,3.6891,1.1491,4.0942,1.1095,3.3633,1.1418,3.7847,1.1539,4.1297,1.1244,3.301,1.1641,3.5874,1.1752,3.8364,1.1707,1.9053,0.6359,1.2819,1.1246,1.1561,1.5568,1.0551,1.9601,2.6432,1.0195,3.0163,0.9936,3.3831,0.9182,3.2062,1.1226,3.6778,1.1461,4.0895,1.1201,3.3308,1.1437,3.7609,1.1614,4.1094,1.1407,3.2751,1.169,3.5826,1.1841,3.849,1.1716,-0.4981,0.113,-0.1568,-1.5074,-0.7173,-2.425,-1.3147,-3.4116,0.0,0.0,0.0,0.0,-0.6672,-0.1802,0.0,0.0,0.0,0.0,-0.4128,0.2035,-0.3578,-0.2621,-0.4553,-0.234,-0.4753,-0.0283,-0.4828,-0.2773,-0.5951,-0.1835,-0.6302,0.0273,0.0,0.0,0.3386,-1.3158,0.3024,-2.4107,0.2533,-3.0602,0.0,0.0,0.0,0.0,0.0,0.0,0.0,0.0,-0.2724,0.4071,-0.3833,0.4803,0.0,0.0,-0.1766,0.4851,-0.1256,0.5793,-0.5204,-0.1157,-0.7858,-0.1182,-1.0356,-0.0837,0.0,0.0,-0.2442,1.1951,0.2375,2.9246,0.7127,4.4545,0.0,0.0,0.0,0.0,0.0,0.0,0.0,0.0,0.0,0.0,-0.477,-0.0145,0.0,0.0,0.0,0.0,0.0,0.0,0.0,0.0,-0.239,0.5186,-0.1746,0.9987,0.0,0.0,-0.1667,0.5416,0.1195,0.8782,0.4504,0.9672,0.0,0.0,0.0,0.0,0.0,0.0,0.0,0.0,0.0,0.0,0.0,0.0,0.0,0.0,0.0,0.0,0.0,0.0,0.0,0.0,0.0,0.0,0.0,0.0,False,False,False,False,False,False,right,False,False,False,True,True,False,
video 02.mp4,372655f94428d157,42416,39000,39333,468,472,1.9291,0.6397,1.2957,1.0797,1.1462,1.4839,1.0178,1.8798,2.6668,1.022,3.0374,0.9868,3.4014,0.9005,3.2245,1.1365,3.6891,1.1491,4.0942,1.1095,3.3633,1.1418,3.7847,1.1539,4.1297,1.1244,3.301,1.1641,3.5874,1.1752,3.8364,1.1707,1.9053,0.6359,1.2819,1.1246,1.1561,1.5568,1.0551,1.9601,2.6432,1.0195,3.0163,0.9936,3.3831,0.9182,3.2062,1.1226,3.6778,1.1461,4.0895,1.1201,3.3308,1.1437,3.7609,1.1614,4.1094,1.1407,3.2751,1.169,3.5826,1.1841,3.849,1.1716,1.8867,0.6035,1.2682,1.1452,1.1545,1.5782,1.0454,1.9746,2.6102,1.0256,2.9771,1.0134,3.3421,0.9653,3.1684,1.1133,3.6377,1.1515,4.0544,1.15,3.2937,1.1371,3.7189,1.1705,4.0714,1.1718,3.2685,1.1414,3.5954,1.1638,3.8764,1.1521,1.8919,0.6139,1.2794,1.1276,1.1596,1.5468,1.0709,1.937,2.5954,1.0168,2.9607,1.0067,3.3293,0.9568,3.166,1.1003,3.6359,1.1342,4.0498,1.1353,3.2866,1.1319,3.7169,1.1617,4.0695,1.159,3.2513,1.1572,3.582,1.1818,3.8664,1.1696,1.8971,0.6157,1.2839,1.0055,1.1599,1.3141,1.0542,1.6122,2.5892,1.0011,2.9547,0.9871,3.3243,0.9388,3.1586,1.1013,3.6271,1.1372,4.0411,1.1402,3.2817,1.1281,3.7098,1.1568,4.0537,1.1521,3.2525,1.1492,3.5794,1.1732,3.8603,1.1639,0.0,0.0,-0.1667,0.5416,0.1195,0.8782,0.4504,0.9672,0.0,0.0,0.0,0.0,0.0,0.0,0.0,0.0,0.0,0.0,0.0,0.0,0.0,0.0,0.0,0.0,0.0,0.0,0.0,0.0,0.0,0.0,0.0,0.0,-0.2244,-0.3909,0.0,0.0,0.0,0.0,0.0,0.0,-0.3976,0.0735,-0.4731,0.2395,-0.4942,0.5673,-0.456,-0.1127,-0.4832,0.0653,-0.4222,0.3608,-0.4461,-0.0796,-0.5063,0.1094,-0.4569,0.3748,0.0,0.0,0.0,0.0,0.3305,-0.2356,0.0,0.0,0.0,0.0,0.0,0.0,0.3043,-0.4476,0.0,0.0,0.0,0.0,0.0,0.0,0.0,0.0,0.0,0.0,0.0,0.0,0.0,0.0,0.0,0.0,0.0,0.0,0.0,0.0,0.0,0.0,0.0,0.0,0.0,0.0,0.055,-1.4711,0.0036,-2.8035,-0.201,-3.9131,0.0,0.0,0.0,0.0,0.0,0.0,0.0,0.0,0.0,0.0,0.0,0.0,0.0,0.0,0.0,0.0,0.0,0.0,0.0,0.0,0.0,0.0,0.0,0.0,False,False,False,False,False,False,right,False,False,False,True,True,False,
video 02.mp4,372655f94428d157,42416,39250,39583,471,475,1.8919,0.6139,1.2794,1.1276,1.1596,1.5468,1.0709,1.937,2.5954,1.0168,2.9607,1.0067,3.3293,0.9568,3.166,1.1003,3.6359,1.1342,4.0498,1.1353,3.2866,1.1319,3.7169,1.1617,4.0695,1.159,3.2513,1.1572,3.582,1.1818,3.8664,1.1696,1.8971,0.6157,1.2839,1.0055,1.1599,1.3141,1.0542,1.6122,2.5892,1.0011,2.9547,0.9871,3.3243,0.9388,3.1586,1.1013,3.6271,1.1372,4.0411,1.1402,3.2817,1.1281,3.7098,1.1568,4.0537,1.1521,3.2525,1.1492,3.5794,1.1732,3.8603,1.1639,1.905,0.6321,1.3193,1.0638,1.2318,1.4331,1.1958,1.8129,2.5966,1.0062,2.962,0.996,3.3291,0.9426,3.1477,1.1085,3.6016,1.1489,4.0016,1.1453,3.2913,1.1332,3.7133,1.1745,4.054,1.1778,3.2734,1.1733,3.5995,1.2257,3.8777,1.2416,1.8663,0.6263,1.307,1.1444,1.2393,1.5463,1.2182,1.9521,2.5681,1.0269,2.9108,1.0465,3.2682,1.026,3.1228,1.0933,3.5825,1.1529,3.9856,1.1661,3.2647,1.1173,3.6894,1.1815,4.0237,1.2059,3.2479,1.1671,3.5772,1.2273,3.8552,1.2521,1.8546,0.5966,1.303,1.1575,1.256,1.5635,1.243,1.9717,2.5541,1.0957,2.9156,1.1665,3.272,1.2067,3.0927,1.0887,3.5591,1.1743,3.9644,1.2262,3.2488,1.0884,3.6742,1.1802,3.9906,1.2221,3.2357,1.0991,3.5564,1.1714,3.8183,1.2025,0.0,0.0,0.055,-1.4711,0.0036,-2.8035,-0.201,-3.9131,0.0,0.0,0.0,0.0,0.0,0.0,0.0,0.0,0.0,0.0,0.0,0.0,0.0,0.0,0.0,0.0,0.0,0.0,0.0,0.0,0.0,0.0,0.0,0.0,0.0,0.0,0.4259,0.7033,0.8654,1.433,1.7054,2.4177,0.0,0.0,0.0,0.0,0.0,0.0,0.0,0.0,0.0,0.0,-0.4756,0.0616,0.0,0.0,0.0,0.0,0.0,0.0,0.0,0.0,0.2413,0.6316,0.2087,0.936,-0.4606,-0.07,-0.1458,0.9593,0.0898,1.3476,0.2671,1.6571,-0.3395,0.2462,-0.6095,0.6014,-0.7256,0.993,0.0,0.0,0.0,0.0,0.0,0.0,0.0,0.0,0.0,0.0,-0.3613,0.3349,0.0,0.0,0.0,0.0,0.0,0.0,0.0,0.0,0.0,0.0,0.0,0.0,0.0,0.0,-0.1688,0.829,0.0573,1.446,0.0458,2.1768,0.0,0.0,0.0,0.0,-0.2558,0.7249,0.0,0.0,0.0,0.0,-0.3986,0.1949,-0.1462,-0.819,-0.2502,-0.6732,-0.4443,-0.5978,False,False,False,False,False,False,right,False,False,False,True,True,False,
video 02.mp4,372655f94428d157,42416,39500,39833,474,478,1.8663,0.6263,1.307,1.1444,1.2393,1.5463,1.2182,1.9521,2.5681,1.0269,2.9108,1.0465,3.2682,1.026,3.1228,1.0933,3.5825,1.1529,3.9856,1.1661,3.2647,1.1173,3.6894,1.1815,4.0237,1.2059,3.2479,1.1671,3.5772,1.2273,3.8552,1.2521,1.8546,0.5966,1.303,1.1575,1.256,1.5635,1.243,1.9717,2.5541,1.0957,2.9156,1.1665,3.272,1.2067,3.0927,1.0887,3.5591,1.1743,3.9644,1.2262,3.2488,1.0884,3.6742,1.1802,3.9906,1.2221,3.2357,1.0991,3.5564,1.1714,3.8183,1.2025,1.8449,0.5719,1.3046,1.1417,1.2499,1.5419,1.2127,1.9476,2.5917,1.2441,2.9598,1.3959,3.2904,1.5206,3.0909,1.1397,3.548,1.2538,3.9543,1.3446,3.237,1.1025,3.6676,1.1925,3.9959,1.2416,3.2111,1.0663,3.5293,1.108,3.7934,1.1113,1.7985,0.5332,1.2889,1.1733,1.2384,1.5594,1.2107,1.9693,2.4372,1.4694,2.7578,1.8145,3.0755,2.1077,3.0505,1.1145,3.4897,1.2358,3.8858,1.3651,3.1969,1.0454,3.6372,1.1605,3.9583,1.2224,3.2054,1.0602,3.5347,1.0985,3.8132,1.1116,1.7405,0.4752,1.2638,1.1712,1.23,1.5503,1.1946,1.9488,2.4266,1.5462,2.7411,1.8872,3.0296,2.1599,3.044,1.1576,3.4734,1.3335,3.8641,1.4641,3.1608,0.9611,3.58,1.037,3.923,1.0852,3.0399,0.8052,3.3226,0.7503,3.5666,0.7045,0.0,0.0,0.0,0.0,0.0,0.0,0.0,0.0,-0.1688,0.829,0.0573,1.446,0.0458,2.1768,0.0,0.0,0.0,0.0,-0.2558,0.7249,0.0,0.0,0.0,0.0,-0.3986,0.1949,-0.1462,-0.819,-0.2502,-0.6732,-0.4443,-0.5978,0.0,0.0,0.0,0.0,0.0,0.0,-0.3646,-0.2904,0.4531,1.788,0.5334,2.7644,0.2216,3.782,-0.0212,0.6152,-0.1329,0.9589,-0.1224,1.4263,0.0,0.0,0.0,0.0,0.0,0.0,-0.2974,-0.3958,-0.3265,-0.7638,-0.3008,-1.0997,-0.5518,-0.4613,-0.1866,0.3761,0.0,0.0,0.0,0.0,-1.8389,2.6824,-2.405,4.9831,-2.5582,6.9892,-0.4809,-0.3001,-0.6947,-0.2148,-0.8151,0.2439,-0.4772,-0.6799,-0.3626,-0.3802,-0.4481,-0.2285,0.0,0.0,0.0,0.0,0.0,0.0,-0.6985,-0.6989,0.0,0.0,0.0,0.0,0.0,0.0,-0.1275,0.9247,-0.2006,0.8756,-0.5526,0.6296,-0.0783,0.5189,-0.1963,1.1772,-0.2613,1.1926,-0.4347,-1.0152,-0.6881,-1.4879,-0.4254,-1.6527,-1.9937,-3.073,-2.5551,-4.1944,-2.9708,-4.9052,False,False,False,False,False,False,right,False,False,False,True,True,False,
video 02.mp4,372655f94428d157,42416,39750,40083,477,481,1.7985,0.5332,1.2889,1.1733,1.2384,1.5594,1.2107,1.9693,2.4372,1.4694,2.7578,1.8145,3.0755,2.1077,3.0505,1.1145,3.4897,1.2358,3.8858,1.3651,3.1969,1.0454,3.6372,1.1605,3.9583,1.2224,3.2054,1.0602,3.5347,1.0985,3.8132,1.1116,1.7405,0.4752,1.2638,1.1712,1.23,1.5503,1.1946,1.9488,2.4266,1.5462,2.7411,1.8872,3.0296,2.1599,3.044,1.1576,3.4734,1.3335,3.8641,1.4641,3.1608,0.9611,3.58,1.037,3.923,1.0852,3.0399,0.8052,3.3226,0.7503,3.5666,0.7045,1.7246,0.4693,1.2535,1.1621,1.2178,1.5443,1.1843,1.949,2.4411,1.5722,2.7723,1.9046,3.062,2.1714,2.9246,1.3614,3.3299,1.6844,3.6767,1.9191,3.0833,1.0968,3.462,1.3194,3.7674,1.5084,2.9382,0.7139,3.2022,0.6393,3.4315,0.5854,1.719,0.4495,1.2598,1.1513,1.2263,1.537,1.2037,1.9433,2.4384,1.5741,2.772,1.9005,3.0606,2.1702,2.8906,1.3949,3.2968,1.7192,3.6523,1.9727,3.0275,1.1457,3.3978,1.3839,3.7041,1.5958,2.9011,0.6822,3.1636,0.6125,3.3934,0.5746,1.7256,0.4227,1.2703,1.1331,1.242,1.5317,1.2165,1.9373,2.4274,1.5881,2.767,1.9136,3.057,2.1818,2.8848,1.4102,3.2972,1.7301,3.6455,1.9762,3.008,1.2005,3.3748,1.4485,3.6717,1.6698,2.8885,0.7186,3.1581,0.6805,3.3893,0.6646,-0.6985,-0.6989,0.0,0.0,0.0,0.0,0.0,0.0,-0.1275,0.9247,-0.2006,0.8756,-0.5526,0.6296,-0.0783,0.5189,-0.1963,1.1772,-0.2613,1.1926,-0.4347,-1.0152,-0.6881,-1.4879,-0.4254,-1.6527,-1.9937,-3.073,-2.5551,-4.1944,-2.9708,-4.9052,0.0,0.0,0.0,0.0,0.0,0.0,0.0,0.0,0.0,0.0,0.375,0.2097,0.3901,0.1378,-1.4388,2.4554,-1.7288,4.2273,-2.2579,5.4821,-0.9345,1.634,-1.4217,3.4022,-1.8738,5.0987,-1.2256,-1.0999,-1.4506,-1.3373,-1.6272,-1.4345,0.0,0.0,0.0,0.0,0.0,0.0,0.0,0.0,0.0,0.0,0.0,0.0,0.0,0.0,-0.4044,0.3985,-0.3942,0.415,-0.2907,0.6381,-0.6645,0.5829,-0.7651,0.7679,-0.7543,1.0407,-0.4417,-0.3773,-0.4599,-0.3189,-0.454,-0.1296,0.0,0.0,0.0,0.0,0.0,0.0,0.0,0.0,0.0,0.0,0.0,0.0,0.0,0.0,0.0,0.0,0.0,0.0,0.0,0.0,-0.2349,0.6597,-0.2767,0.7781,-0.3898,0.8914,-0.1515,0.4385,-0.0665,0.8193,-0.0495,1.0849,False,False,False,False,False,False,right,False,False,False,True,True,False,
video 02.mp4,372655f94428d157,42416,40000,40333,480,484,1.719,0.4495,1.2598,1.1513,1.2263,1.537,1.2037,1.9433,2.4384,1.5741,2.772,1.9005,3.0606,2.1702,2.8906,1.3949,3.2968,1.7192,3.6523,1.9727,3.0275,1.1457,3.3978,1.3839,3.7041,1.5958,2.9011,0.6822,3.1636,0.6125,3.3934,0.5746,1.7256,0.4227,1.2703,1.1331,1.242,1.5317,1.2165,1.9373,2.4274,1.5881,2.767,1.9136,3.057,2.1818,2.8848,1.4102,3.2972,1.7301,3.6455,1.9762,3.008,1.2005,3.3748,1.4485,3.6717,1.6698,2.8885,0.7186,3.1581,0.6805,3.3893,0.6646,1.7596,0.44,1.2725,1.1178,1.252,1.5208,1.2387,1.9372,2.3958,1.4857,2.7223,1.801,3.0047,2.0711,2.8649,1.3871,3.2535,1.7114,3.5912,1.9848,3.0235,1.2097,3.3887,1.4663,3.6787,1.6911,2.9369,0.9007,3.2054,1.02,3.4363,1.1461,1.7767,0.503,1.2792,1.0763,1.2473,1.417,1.2331,1.7932,2.4296,1.3725,2.7733,1.5975,3.0803,1.7935,2.8663,1.3875,3.2629,1.6911,3.6182,1.9453,3.0176,1.2488,3.3906,1.4954,3.6799,1.6991,2.9695,1.0191,3.2389,1.1469,3.4655,1.2593,1.8328,0.5255,1.3005,0.9977,1.2446,1.2926,1.2119,1.6079,2.4566,1.3004,2.8329,1.488,3.1765,1.636,2.8786,1.3833,3.2799,1.6758,3.6425,1.9183,3.0337,1.2669,3.408,1.508,3.6968,1.6998,3.0187,1.0877,3.2876,1.2117,3.5125,1.3191,0.0,0.0,0.0,0.0,0.0,0.0,0.0,0.0,0.0,0.0,0.0,0.0,0.0,0.0,0.0,0.0,0.0,0.0,0.0,0.0,-0.2349,0.6597,-0.2767,0.7781,-0.3898,0.8914,-0.1515,0.4385,-0.0665,0.8193,-0.0495,1.0849,0.4096,0.2077,0.0,0.0,0.0,0.0,0.0,0.0,-0.3804,-1.2338,-0.5378,-1.3565,-0.6302,-1.3338,0.0,0.0,-0.5265,-0.2253,-0.6552,0.1035,0.0,0.0,0.0,0.0,0.0,0.0,0.5832,2.1942,0.5706,4.0895,0.5668,5.8013,0.2035,0.7498,0.0796,-0.4942,-0.0562,-1.2356,-0.0665,-1.7144,0.4025,-1.347,0.6071,-2.423,0.8999,-3.3047,0.0,0.0,0.0,0.0,0.3223,-0.4708,-0.0694,0.4653,0.0,0.0,0.0,0.0,0.3886,1.4101,0.3981,1.5109,0.3476,1.3478,0.6767,0.272,0.2568,-0.9472,-0.0321,-1.4987,-0.2556,-2.2323,0.3256,-0.8686,0.7178,-1.3192,1.1596,-1.8983,0.0,0.0,0.0,0.0,0.2928,-0.3245,0.0,0.0,0.0,0.0,0.0,0.0,0.5922,0.8264,0.587,0.7806,0.5662,0.72,False,False,False,True,True,False,right,False,False,False,True,False,False,
video 02.mp4,372655f94428d157,42416,40250,40583,483,487,1.7767,0.503,1.2792,1.0763,1.2473,1.417,1.2331,1.7932,2.4296,1.3725,2.7733,1.5975,3.0803,1.7935,2.8663,1.3875,3.2629,1.6911,3.6182,1.9453,3.0176,1.2488,3.3906,1.4954,3.6799,1.6991,2.9695,1.0191,3.2389,1.1469,3.4655,1.2593,1.8328,0.5255,1.3005,0.9977,1.2446,1.2926,1.2119,1.6079,2.4566,1.3004,2.8329,1.488,3.1765,1.636,2.8786,1.3833,3.2799,1.6758,3.6425,1.9183,3.0337,1.2669,3.408,1.508,3.6968,1.6998,3.0187,1.0877,3.2876,1.2117,3.5125,1.3191,1.861,0.5469,1.2833,0.9755,1.066,1.2241,0.8475,1.4556,2.4646,1.2374,2.8389,1.3688,3.1932,1.4759,2.9038,1.3793,3.2945,1.6768,3.6481,1.9255,3.0685,1.2733,3.4253,1.5367,3.7028,1.7577,3.0405,1.0949,3.3018,1.2317,3.528,1.3686,1.9059,0.5873,1.3177,0.9374,1.1109,1.1856,0.9128,1.4466,2.5127,1.1765,2.8906,1.2896,3.2597,1.3855,2.9616,1.3825,3.3483,1.6776,3.6951,1.9209,3.1274,1.3158,3.4683,1.5846,3.7349,1.8061,3.0877,1.1538,3.3537,1.2781,3.5863,1.3981,1.9525,0.6319,1.331,1.005,1.1625,1.2825,0.9925,1.5791,2.5498,1.1252,2.944,1.1529,3.346,1.122,2.997,1.3947,3.3897,1.6761,3.7386,1.8919,3.1749,1.386,3.5299,1.6532,3.791,1.841,3.1799,1.345,3.4504,1.504,3.6831,1.6267,0.6767,0.272,0.2568,-0.9472,-0.0321,-1.4987,-0.2556,-2.2323,0.3256,-0.8686,0.7178,-1.3192,1.1596,-1.8983,0.0,0.0,0.0,0.0,0.2928,-0.3245,0.0,0.0,0.0,0.0,0.0,0.0,0.5922,0.8264,0.587,0.7806,0.5662,0.72,0.3389,0.2568,0.0,0.0,-2.152,-0.8254,-4.3903,-1.8348,0.0955,-0.759,0.0727,-1.4363,0.2007,-1.9283,0.0,0.0,0.0,0.0,0.0,0.0,0.4197,0.0761,0.2094,0.3464,0.0727,0.6969,0.0,0.0,0.0,0.0,0.186,0.5965,0.5348,0.482,0.4098,-0.4538,0.534,-0.459,0.7778,-0.1072,0.5736,-0.7248,0.6149,-0.9426,0.792,-1.0768,0.6886,0.0381,0.641,0.0098,0.5595,-0.0549,0.7008,0.5063,0.5116,0.5695,0.3817,0.5767,0.5612,0.7004,0.6183,0.5517,0.6945,0.3513,0.5618,0.5365,0.1601,0.8142,0.6222,1.1681,0.9602,1.5962,0.4463,-0.6191,0.6432,-1.6472,1.0395,-3.1743,0.4254,0.1459,0.4978,-0.0179,0.525,-0.3492,0.5725,0.8459,0.7419,0.8262,0.6766,0.4202,1.1108,2.3038,1.165,2.7216,1.1659,2.7541,False,False,False,False,False,False,right,False,False,False,True,True,False,
video 02.mp4,372655f94428d157,42416,40500,40833,486,490,1.9059,0.5873,1.3177,0.9374,1.1109,1.1856,0.9128,1.4466,2.5127,1.1765,2.8906,1.2896,3.2597,1.3855,2.9616,1.3825,3.3483,1.6776,3.6951,1.9209,3.1274,1.3158,3.4683,1.5846,3.7349,1.8061,3.0877,1.1538,3.3537,1.2781,3.5863,1.3981,1.9525,0.6319,1.331,1.005,1.1625,1.2825,0.9925,1.5791,2.5498,1.1252,2.944,1.1529,3.346,1.122,2.997,1.3947,3.3897,1.6761,3.7386,1.8919,3.1749,1.386,3.5299,1.6532,3.791,1.841,3.1799,1.345,3.4504,1.504,3.6831,1.6267,1.9076,0.5396,1.333,1.0827,1.276,1.4407,1.1945,1.8268,2.5371,1.5049,2.9083,1.8348,3.2824,2.0949,3.0892,1.3598,3.5176,1.6265,3.9113,1.8349,3.2443,1.2811,3.6557,1.5146,3.9879,1.6791,3.2361,1.2532,3.5495,1.4062,3.8103,1.5276,1.8645,0.4863,1.3297,1.0839,1.285,1.4476,1.23,1.8204,2.5058,1.5469,2.8474,1.89,3.1804,2.1672,3.1194,1.2869,3.5663,1.5137,3.9678,1.7006,3.2498,1.1748,3.6836,1.3601,4.0274,1.4924,3.2335,1.1981,3.5583,1.3352,3.8352,1.4406,1.8375,0.4869,1.323,1.0804,1.2698,1.4299,1.219,1.7891,2.4884,1.54,2.8259,1.8837,3.1504,2.172,3.1032,1.2447,3.5459,1.459,3.9377,1.6451,3.2306,1.1014,3.6695,1.262,4.0073,1.3797,3.2008,1.1337,3.5124,1.2393,3.7781,1.3239,0.5618,0.5365,0.1601,0.8142,0.6222,1.1681,0.9602,1.5962,0.4463,-0.6191,0.6432,-1.6472,1.0395,-3.1743,0.4254,0.1459,0.4978,-0.0179,0.525,-0.3492,0.5725,0.8459,0.7419,0.8262,0.6766,0.4202,1.1108,2.3038,1.165,2.7216,1.1659,2.7541,-0.541,-1.1116,0.0234,0.9371,1.3665,1.9064,2.4333,2.9844,-0.1523,4.5756,-0.4303,8.2153,-0.7654,11.7215,1.1118,-0.4203,1.5419,-0.5975,2.0799,-0.6859,0.8362,-1.2634,1.5155,-1.6689,2.3715,-1.9512,0.6776,-1.1057,1.1933,-1.1782,1.5325,-1.1936,-0.5132,-0.6349,0.0,0.0,0.0,0.0,0.4221,-0.0757,-0.3729,0.4998,-0.7243,0.6576,-1.2148,0.8605,0.3595,-0.8674,0.5792,-1.3434,0.6735,-1.5987,0.0654,-1.2659,0.3321,-1.8395,0.4706,-2.2221,-0.0306,-0.6565,0.1046,-0.8452,0.2971,-1.0363,0.0,0.0,0.0,0.0,0.0,0.0,-0.1318,-0.3781,0.0,0.0,0.0,0.0,0.0,0.0,-0.1954,-0.5083,-0.2454,-0.6586,-0.3635,-0.6693,-0.2308,-0.8842,-0.1701,-1.1826,-0.2418,-1.3581,-0.3946,-0.7749,-0.5522,-1.1551,-0.688,-1.4056,False,False,False,False,False,False,right,False,False,False,True,True,False,
video 02.mp4,372655f94428d157,42416,40750,41083,489,493,1.8645,0.4863,1.3297,1.0839,1.285,1.4476,1.23,1.8204,2.5058,1.5469,2.8474,1.89,3.1804,2.1672,3.1194,1.2869,3.5663,1.5137,3.9678,1.7006,3.2498,1.1748,3.6836,1.3601,4.0274,1.4924,3.2335,1.1981,3.5583,1.3352,3.8352,1.4406,1.8375,0.4869,1.323,1.0804,1.2698,1.4299,1.219,1.7891,2.4884,1.54,2.8259,1.8837,3.1504,2.172,3.1032,1.2447,3.5459,1.459,3.9377,1.6451,3.2306,1.1014,3.6695,1.262,4.0073,1.3797,3.2008,1.1337,3.5124,1.2393,3.7781,1.3239,1.82,0.4975,1.3308,1.1598,1.2981,1.5022,1.2561,1.874,2.4878,1.5233,2.828,1.8555,3.1473,2.1279,3.0811,1.2216,3.5264,1.433,3.912,1.6088,3.1905,1.0795,3.6401,1.2516,3.9684,1.3726,3.1582,1.1047,3.4723,1.2148,3.7259,1.3051,1.8215,0.5242,1.3345,1.1517,1.3134,1.5092,1.3055,1.9053,2.5182,1.3743,2.8918,1.6213,3.2213,1.8338,3.0657,1.2042,3.5217,1.406,3.9174,1.5812,3.167,1.1164,3.6241,1.2942,3.9638,1.4248,3.1239,1.1127,3.4485,1.2242,3.7229,1.3059,1.8347,0.5434,1.3306,1.1207,1.2964,1.4608,1.2675,1.8447,2.6283,1.353,3.0218,1.5746,3.3562,1.7603,3.0775,1.2184,3.5465,1.4126,3.9436,1.5712,3.1786,1.1314,3.6262,1.303,3.9638,1.4314,3.1167,1.1102,3.4372,1.219,3.7174,1.2982,0.0,0.0,0.0,0.0,0.0,0.0,-0.1318,-0.3781,0.0,0.0,0.0,0.0,0.0,0.0,-0.1954,-0.5083,-0.2454,-0.6586,-0.3635,-0.6693,-0.2308,-0.8842,-0.1701,-1.1826,-0.2418,-1.3581,-0.3946,-0.7749,-0.5522,-1.1551,-0.688,-1.4056,0.0,0.0,0.0938,0.9564,0.3402,0.8711,0.4464,1.024,0.0,0.0,0.0,0.0,-0.0378,-0.5322,0.0,0.0,0.0,0.0,-0.3089,-0.4375,-0.4834,-0.2641,0.0,0.0,-0.4688,-0.085,-0.5128,-0.3504,-0.4832,-0.2956,-0.6286,-0.2265,0.0,0.0,0.0,0.0,0.0,0.0,0.5884,0.3721,0.3625,-1.7742,0.7591,-2.7883,0.8813,-3.5012,0.0,0.0,0.0,0.0,0.0,0.0,-0.2797,0.4391,-0.1902,0.5081,-0.0549,0.6215,-0.4089,0.096,0.0,0.0,0.0,0.0,0.0,0.0,0.0,0.0,-0.205,-0.5828,-0.4573,-0.7301,1.3267,-0.2565,1.5668,-0.5617,1.6248,-0.8846,0.0,0.0,0.0,0.0,0.0,0.0,0.0,0.0,0.0,0.0,0.0,0.0,0.0,0.0,0.0,0.0,0.0,0.0,False,False,False,False,False,False,right,False,False,False,True,True,False,
video 02.mp4,372655f94428d157,42416,41000,41333,492,496,1.8215,0.5242,1.3345,1.1517,1.3134,1.5092,1.3055,1.9053,2.5182,1.3743,2.8918,1.6213,3.2213,1.8338,3.0657,1.2042,3.5217,1.406,3.9174,1.5812,3.167,1.1164,3.6241,1.2942,3.9638,1.4248,3.1239,1.1127,3.4485,1.2242,3.7229,1.3059,1.8347,0.5434,1.3306,1.1207,1.2964,1.4608,1.2675,1.8447,2.6283,1.353,3.0218,1.5746,3.3562,1.7603,3.0775,1.2184,3.5465,1.4126,3.9436,1.5712,3.1786,1.1314,3.6262,1.303,3.9638,1.4314,3.1167,1.1102,3.4372,1.219,3.7174,1.2982,1.8704,0.5626,1.344,1.108,1.3041,1.4287,1.2638,1.7936,2.6852,1.329,3.0833,1.5185,3.4328,1.6743,3.1129,1.2159,3.5781,1.3826,3.9802,1.5147,3.2036,1.1468,3.6368,1.3056,3.967,1.424,3.1355,1.1244,3.4455,1.2303,3.7153,1.3055,1.8848,0.5686,1.352,1.1023,1.3072,1.4031,1.2808,1.7648,2.7504,1.3153,3.1435,1.4899,3.4945,1.6362,3.1597,1.2073,3.6242,1.369,4.0224,1.5042,3.2259,1.1547,3.6552,1.3128,3.9847,1.4361,3.1388,1.1391,3.4399,1.2517,3.7003,1.3382,1.896,0.5605,1.3637,1.0709,1.3114,1.3486,1.2715,1.6916,2.8114,1.3096,3.2,1.4691,3.5462,1.5999,3.1995,1.1981,3.6538,1.3488,4.0398,1.4746,3.2398,1.1472,3.6564,1.2979,3.9767,1.4209,3.1221,1.1279,3.3929,1.2393,3.6179,1.3319,0.0,0.0,0.0,0.0,-0.205,-0.5828,-0.4573,-0.7301,1.3267,-0.2565,1.5668,-0.5617,1.6248,-0.8846,0.0,0.0,0.0,0.0,0.0,0.0,0.0,0.0,0.0,0.0,0.0,0.0,0.0,0.0,0.0,0.0,0.0,0.0,0.4302,0.2312,0.0,0.0,0.0,0.0,-0.0452,-0.616,0.6855,-0.289,0.7405,-0.677,0.9236,-1.0369,0.4264,-0.03,0.3808,-0.3615,0.441,-0.6804,0.0,0.0,0.0,0.0,0.0,0.0,0.0,0.0,0.0,0.0,0.0,0.0,0.0,0.0,0.0,0.0,0.0,0.0,0.0,0.0,0.7764,-0.1629,0.7165,-0.3398,0.7342,-0.453,0.557,-0.1031,0.5489,-0.1622,0.5025,-0.1248,0.0,0.0,0.0,0.0,0.0,0.0,0.0,0.0,0.0,0.0,-0.1786,0.3885,0.0,0.0,0.1408,-0.3786,0.0501,-0.6574,-0.112,-0.8821,0.7343,-0.0683,0.6818,-0.2501,0.6232,-0.4377,0.4804,-0.1103,0.3561,-0.244,0.2094,-0.3573,0.0,0.0,0.0,0.0,0.0,0.0,0.0,0.0,-0.5663,-0.1502,-0.9927,-0.0758,False,False,False,False,False,False,right,False,False,False,True,True,False,
video 02.mp4,372655f94428d157,42416,41250,41583,495,499,1.8848,0.5686,1.352,1.1023,1.3072,1.4031,1.2808,1.7648,2.7504,1.3153,3.1435,1.4899,3.4945,1.6362,3.1597,1.2073,3.6242,1.369,4.0224,1.5042,3.2259,1.1547,3.6552,1.3128,3.9847,1.4361,3.1388,1.1391,3.4399,1.2517,3.7003,1.3382,1.896,0.5605,1.3637,1.0709,1.3114,1.3486,1.2715,1.6916,2.8114,1.3096,3.2,1.4691,3.5462,1.5999,3.1995,1.1981,3.6538,1.3488,4.0398,1.4746,3.2398,1.1472,3.6564,1.2979,3.9767,1.4209,3.1221,1.1279,3.3929,1.2393,3.6179,1.3319,1.9147,0.5543,1.367,1.0571,1.3075,1.3338,1.2563,1.6585,2.8058,1.311,3.1942,1.4676,3.5362,1.5997,3.1955,1.1992,3.647,1.3564,4.0321,1.4904,3.2595,1.1481,3.669,1.3055,3.9854,1.4388,3.155,1.1158,3.432,1.2289,3.6639,1.3241,1.9213,0.5409,1.3696,1.04,1.3053,1.308,1.2453,1.6199,2.8106,1.315,3.1923,1.4767,3.5281,1.6164,3.2089,1.1995,3.6594,1.3571,4.0385,1.4903,3.269,1.1512,3.6759,1.3134,3.9893,1.4502,3.1579,1.118,3.4306,1.2345,3.6613,1.3352,1.9293,0.5359,1.3634,1.0186,1.2942,1.288,1.2306,1.5921,2.7973,1.2953,3.1775,1.4568,3.5116,1.6019,3.2044,1.1874,3.6501,1.3464,4.0294,1.4863,3.2792,1.1416,3.6855,1.3068,3.9936,1.4442,3.1926,1.1167,3.472,1.2339,3.7092,1.3345,0.0,0.0,0.1408,-0.3786,0.0501,-0.6574,-0.112,-0.8821,0.7343,-0.0683,0.6818,-0.2501,0.6232,-0.4377,0.4804,-0.1103,0.3561,-0.244,0.2094,-0.3573,0.0,0.0,0.0,0.0,0.0,0.0,0.0,0.0,-0.5663,-0.1502,-0.9927,-0.0758,0.0,0.0,0.0,0.0,0.0,0.0,-0.1832,-0.3994,0.0,0.0,0.0,0.0,0.0,0.0,0.0,0.0,0.0,0.0,0.0,0.0,0.0,0.0,0.0,0.0,0.0,0.0,0.3966,-0.1466,0.4719,-0.1253,0.5538,-0.0933,0.0,0.0,0.0,0.0,0.0,0.0,-0.1311,-0.4593,0.0,0.0,0.0,0.0,0.0,0.0,0.0,0.0,0.0,0.0,0.0,0.0,0.0,0.0,0.0,0.0,0.0,0.0,0.0,0.0,0.0,0.0,0.0,0.0,0.0,0.0,0.0,0.0,0.0,0.0,0.0,0.0,0.0,0.0,0.0,0.0,0.0,0.0,0.0,0.0,0.0,0.0,0.0,0.0,0.0,0.0,0.0,0.0,0.0,0.0,0.4181,-0.016,0.499,-0.007,0.577,-0.008,False,False,False,False,False,False,right,False,False,False,True,True,False,
video 02.mp4,372655f94428d157,42416,41500,41833,498,502,1.9213,0.5409,1.3696,1.04,1.3053,1.308,1.2453,1.6199,2.8106,1.315,3.1923,1.4767,3.5281,1.6164,3.2089,1.1995,3.6594,1.3571,4.0385,1.4903,3.269,1.1512,3.6759,1.3134,3.9893,1.4502,3.1579,1.118,3.4306,1.2345,3.6613,1.3352,1.9293,0.5359,1.3634,1.0186,1.2942,1.288,1.2306,1.5921,2.7973,1.2953,3.1775,1.4568,3.5116,1.6019,3.2044,1.1874,3.6501,1.3464,4.0294,1.4863,3.2792,1.1416,3.6855,1.3068,3.9936,1.4442,3.1926,1.1167,3.472,1.2339,3.7092,1.3345,1.9248,0.5371,1.3612,1.0184,1.2923,1.2909,1.2259,1.5905,2.7861,1.2856,3.1669,1.4468,3.4974,1.5945,3.1994,1.1865,3.6448,1.3499,4.0269,1.4956,3.281,1.1323,3.6861,1.2945,3.9958,1.4303,3.1974,1.0992,3.4791,1.2087,3.7236,1.3009,1.9265,0.5468,1.3659,1.0259,1.2986,1.296,1.2385,1.607,2.7947,1.2926,3.1758,1.4582,3.5088,1.6075,3.2007,1.1907,3.6451,1.3551,4.0292,1.5031,3.2883,1.1467,3.6958,1.317,4.0042,1.4591,3.2199,1.1137,3.5139,1.2303,3.7621,1.3308,1.924,0.5606,1.3692,1.0446,1.3062,1.3181,1.2498,1.6388,2.7826,1.2939,3.1644,1.4614,3.4993,1.6113,3.1991,1.1903,3.6469,1.3471,4.0358,1.484,3.2866,1.1648,3.6959,1.3438,4.0021,1.4868,3.2204,1.1296,3.5176,1.2522,3.7695,1.3554,0.0,0.0,0.0,0.0,0.0,0.0,0.0,0.0,0.0,0.0,0.0,0.0,0.0,0.0,0.0,0.0,0.0,0.0,0.0,0.0,0.0,0.0,0.0,0.0,0.0,0.0,0.4181,-0.016,0.499,-0.007,0.577,-0.008,0.0,0.0,0.0,0.0,0.0,0.0,0.0,0.0,0.0,0.0,0.0,0.0,0.0,0.0,0.0,0.0,0.0,0.0,0.0,0.0,0.0,0.0,0.0,0.0,0.0,0.0,0.0,0.0,0.0,0.0,0.1742,-0.4042,0.0,0.0,0.0,0.0,0.0,0.0,0.0,0.0,0.0,0.0,0.0,0.0,0.0,0.0,0.0,0.0,0.0,0.0,0.0,0.0,0.0,0.0,0.0,0.0,0.0,0.0,0.0,0.0,0.4149,0.2573,0.4586,0.355,0.0,0.0,0.0,0.0,0.0,0.0,0.1355,0.3824,0.0,0.0,0.0,0.0,0.0,0.0,0.0,0.0,0.0,0.0,0.0,0.0,0.0,0.0,0.0,0.0,0.0,0.0,0.0,0.0,0.0,0.0,0.0,0.0,False,False,False,False,False,False,right,False,False,False,True,True,False,
video 02.mp4,372655f94428d157,42416,41750,42083,501,505,1.9265,0.5468,1.3659,1.0259,1.2986,1.296,1.2385,1.607,2.7947,1.2926,3.1758,1.4582,3.5088,1.6075,3.2007,1.1907,3.6451,1.3551,4.0292,1.5031,3.2883,1.1467,3.6958,1.317,4.0042,1.4591,3.2199,1.1137,3.5139,1.2303,3.7621,1.3308,1.924,0.5606,1.3692,1.0446,1.3062,1.3181,1.2498,1.6388,2.7826,1.2939,3.1644,1.4614,3.4993,1.6113,3.1991,1.1903,3.6469,1.3471,4.0358,1.484,3.2866,1.1648,3.6959,1.3438,4.0021,1.4868,3.2204,1.1296,3.5176,1.2522,3.7695,1.3554,1.9232,0.5746,1.3807,1.0613,1.3133,1.3294,1.2524,1.6566,2.8323,1.3152,3.2169,1.484,3.5559,1.6324,3.2239,1.1983,3.6721,1.3551,4.0566,1.4888,3.2913,1.1666,3.6974,1.3394,4.0027,1.4774,3.2174,1.1225,3.5093,1.2314,3.7567,1.3213,1.924,0.5826,1.3765,1.0686,1.3063,1.34,1.2573,1.6762,2.8162,1.3199,3.2004,1.498,3.5382,1.6537,3.2148,1.2211,3.6643,1.3944,4.05,1.5387,3.2952,1.1807,3.7063,1.3617,4.0143,1.5039,3.2345,1.1225,3.5306,1.231,3.7828,1.3208,1.9173,0.5872,1.3742,1.0717,1.3004,1.3496,1.2563,1.6913,2.8149,1.3306,3.1985,1.5164,3.5346,1.6776,3.2095,1.2478,3.6616,1.432,4.051,1.5834,3.2925,1.1966,3.7092,1.3792,4.0263,1.5231,3.2271,1.1176,3.5256,1.2178,3.7817,1.2994,0.0,0.0,0.0,0.0,0.0,0.0,0.1355,0.3824,0.0,0.0,0.0,0.0,0.0,0.0,0.0,0.0,0.0,0.0,0.0,0.0,0.0,0.0,0.0,0.0,0.0,0.0,0.0,0.0,0.0,0.0,0.0,0.0,0.0,0.0,0.0,0.0,0.0,0.0,0.0,0.0,0.599,0.2569,0.6328,0.2721,0.682,0.2538,0.0,0.0,0.0,0.0,0.0,0.0,0.0,0.0,0.0,0.0,0.0,0.0,0.0,0.0,0.0,0.0,-0.155,-0.4108,0.0,0.0,0.0,0.0,0.0,0.0,0.0,0.0,0.0,0.0,0.0,0.0,0.0,0.0,0.0,0.0,-0.0932,0.4687,-0.0787,0.5944,0.0,0.0,0.0,0.0,0.0,0.0,0.0,0.0,0.0,0.0,0.0,0.0,0.0,0.0,0.0,0.0,0.0,0.0,0.0,0.0,0.0,0.0,0.0,0.0,0.0,0.0,0.0,0.0,-0.0323,0.4526,0.0113,0.5389,0.0,0.0,0.0,0.0,0.0,0.0,0.0,0.0,0.0,0.0,0.0,0.0,False,False,False,False,False,False,right,False,False,False,True,True,False,
video 02.mp4,372655f94428d157,42416,42000,42333,504,508,1.924,0.5826,1.3765,1.0686,1.3063,1.34,1.2573,1.6762,2.8162,1.3199,3.2004,1.498,3.5382,1.6537,3.2148,1.2211,3.6643,1.3944,4.05,1.5387,3.2952,1.1807,3.7063,1.3617,4.0143,1.5039,3.2345,1.1225,3.5306,1.231,3.7828,1.3208,1.9173,0.5872,1.3742,1.0717,1.3004,1.3496,1.2563,1.6913,2.8149,1.3306,3.1985,1.5164,3.5346,1.6776,3.2095,1.2478,3.6616,1.432,4.051,1.5834,3.2925,1.1966,3.7092,1.3792,4.0263,1.5231,3.2271,1.1176,3.5256,1.2178,3.7817,1.2994,1.9162,0.6011,1.3822,1.0705,1.306,1.3513,1.2582,1.6944,2.8056,1.3338,3.1895,1.5209,3.5242,1.6838,3.2055,1.275,3.6595,1.471,4.0519,1.6331,3.2916,1.205,3.7098,1.3864,4.0307,1.5318,3.2206,1.1111,3.516,1.2064,3.7712,1.2865,1.9116,0.5956,1.3817,1.061,1.3047,1.3393,1.2471,1.6773,2.8066,1.3377,3.1876,1.523,3.5171,1.6884,3.2,1.2768,3.651,1.469,4.0448,1.6338,3.2834,1.1991,3.6987,1.3745,4.021,1.5198,3.2056,1.1054,3.491,1.204,3.7401,1.2937,1.9039,0.5922,1.3794,1.0745,1.2998,1.3532,1.2493,1.697,2.8109,1.3407,3.1882,1.5244,3.5151,1.686,3.1972,1.2766,3.6464,1.4712,4.0346,1.6323,3.2749,1.1945,3.687,1.3704,4.0076,1.5148,3.2018,1.0884,3.4899,1.1775,3.7418,1.2571,0.0,0.0,0.0,0.0,0.0,0.0,0.0,0.0,0.0,0.0,0.0,0.0,0.0,0.0,0.0,0.0,-0.0323,0.4526,0.0113,0.5389,0.0,0.0,0.0,0.0,0.0,0.0,0.0,0.0,0.0,0.0,0.0,0.0,0.0,0.0,0.0,0.0,0.0,0.0,0.0,0.0,0.0,0.0,0.0,0.0,0.0,0.0,0.0,0.0,-0.0251,0.4702,0.0116,0.5982,0.0,0.0,0.0,0.0,0.0,0.0,0.0,0.0,0.0,0.0,0.0,0.0,0.0,0.0,0.0,0.0,0.0,0.0,0.0,0.0,0.0,0.0,0.0,0.0,0.0,0.0,0.0,0.0,0.0,0.0,0.0,0.0,0.0,0.0,0.0,0.0,0.0,0.0,0.0,0.0,0.0,0.0,0.0,0.0,0.0,0.0,0.0,0.0,0.0,0.0,0.0,0.0,0.0,0.0,0.0,0.0,0.0,0.0,0.0,0.0,0.0,0.0,0.0,0.0,0.0,0.0,0.0,0.0,0.0,0.0,0.0,0.0,0.0,0.0,0.0197,-0.4415,False,False,False,False,False,False,right,False,False,False,True,True,False,
