video_file,video_hash,video_width,video_height,video_fps,total_video_frames,video_duration_sec,frame_idx,timestamp_ms,hand,wrist_x,wrist_y,thumb_cmc_x,thumb_cmc_y,thumb_mcp_x,thumb_mcp_y,thumb_ip_x,thumb_ip_y,thumb_tip_x,thumb_tip_y,index_mcp_x,index_mcp_y,index_pip_x,index_pip_y,index_dip_x,index_dip_y,index_tip_x,index_tip_y,middle_mcp_x,middle_mcp_y,middle_pip_x,middle_pip_y,middle_dip_x,middle_dip_y,middle_tip_x,middle_tip_y,ring_mcp_x,ring_mcp_y,ring_pip_x,ring_pip_y,ring_dip_x,ring_dip_y,ring_tip_x,ring_tip_y,pinky_mcp_x,pinky_mcp_y,pinky_pip_x,pinky_pip_y,pinky_dip_x,pinky_dip_y,pinky_tip_x,pinky_tip_y
record5_2.mp4,ae1179fee0e5d8b751f9f701b65a739895ef8e6c87e4c75c9385c130a993055f,640,480,12.03,383,31.833,0,0,None,0.0,0.0,0.0,0.0,0.0,0.0,0.0,0.0,0.0,0.0,0.0,0.0,0.0,0.0,0.0,0.0,0.0,0.0,0.0,0.0,0.0,0.0,0.0,0.0,0.0,0.0,0.0,0.0,0.0,0.0,0.0,0.0,0.0,0.0,0.0,0.0,0.0,0.0,0.0,0.0,0.0,0.0
record5_2.mp4,ae1179fee0e5d8b751f9f701b65a739895ef8e6c87e4c75c9385c130a993055f,640,480,12.03,383,31.833,1,83,None,0.0,0.0,0.0,0.0,0.0,0.0,0.0,0.0,0.0,0.0,0.0,0.0,0.0,0.0,0.0,0.0,0.0,0.0,0.0,0.0,0.0,0.0,0.0,0.0,0.0,0.0,0.0,0.0,0.0,0.0,0.0,0.0,0.0,0.0,0.0,0.0,0.0,0.0,0.0,0.0,0.0,0.0
record5_2.mp4,ae1179fee0e5d8b751f9f701b65a739895ef8e6c87e4c75c9385c130a993055f,640,480,12.03,383,31.833,2,166,None,0.0,0.0,0.0,0.0,0.0,0.0,0.0,0.0,0.0,0.0,0.0,0.0,0.0,0.0,0.0,0.0,0.0,0.0,0.0,0.0,0.0,0.0,0.0,0.0,0.0,0.0,0.0,0.0,0.0,0.0,0.0,0.0,0.0,0.0,0.0,0.0,0.0,0.0,0.0,0.0,0.0,0.0
record5_2.mp4,ae1179fee0e5d8b751f9f701b65a739895ef8e6c87e4c75c9385c130a993055f,640,480,12.03,383,31.833,3,250,None,0.0,0.0,0.0,0.0,0.0,0.0,0.0,0.0,0.0,0.0,0.0,0.0,0.0,0.0,0.0,0.0,0.0,0.0,0.0,0.0,0.0,0.0,0.0,0.0,0.0,0.0,0.0,0.0,0.0,0.0,0.0,0.0,0.0,0.0,0.0,0.0,0.0,0.0,0.0,0.0,0.0,0.0
record5_2.mp4,ae1179fee0e5d8b751f9f701b65a739895ef8e6c87e4c75c9385c130a993055f,640,480,12.03,383,31.833,4,333,None,0.0,0.0,0.0,0.0,0.0,0.0,0.0,0.0,0.0,0.0,0.0,0.0,0.0,0.0,0.0,0.0,0.0,0.0,0.0,0.0,0.0,0.0,0.0,0.0,0.0,0.0,0.0,0.0,0.0,0.0,0.0,0.0,0.0,0.0,0.0,0.0,0.0,0.0,0.0,0.0,0.0,0.0
record5_2.mp4,ae1179fee0e5d8b751f9f701b65a739895ef8e6c87e4c75c9385c130a993055f,640,480,12.03,383,31.833,5,416,None,0.0,0.0,0.0,0.0,0.0,0.0,0.0,0.0,0.0,0.0,0.0,0.0,0.0,0.0,0.0,0.0,0.0,0.0,0.0,0.0,0.0,0.0,0.0,0.0,0.0,0.0,0.0,0.0,0.0,0.0,0.0,0.0,0.0,0.0,0.0,0.0,0.0,0.0,0.0,0.0,0.0,0.0
record5_2.mp4,ae1179fee0e5d8b751f9f701b65a739895ef8e6c87e4c75c9385c130a993055f,640,480,12.03,383,31.833,6,500,None,0.0,0.0,0.0,0.0,0.0,0.0,0.0,0.0,0.0,0.0,0.0,0.0,0.0,0.0,0.0,0.0,0.0,0.0,0.0,0.0,0.0,0.0,0.0,0.0,0.0,0.0,0.0,0.0,0.0,0.0,0.0,0.0,0.0,0.0,0.0,0.0,0.0,0.0,0.0,0.0,0.0,0.0
record5_2.mp4,ae1179fee0e5d8b751f9f701b65a739895ef8e6c87e4c75c9385c130a993055f,640,480,12.03,383,31.833,7,583,None,0.0,0.0,0.0,0.0,0.0,0.0,0.0,0.0,0.0,0.0,0.0,0.0,0.0,0.0,0.0,0.0,0.0,0.0,0.0,0.0,0.0,0.0,0.0,0.0,0.0,0.0,0.0,0.0,0.0,0.0,0.0,0.0,0.0,0.0,0.0,0.0,0.0,0.0,0.0,0.0,0.0,0.0
record5_2.mp4,ae1179fee0e5d8b751f9f701b65a739895ef8e6c87e4c75c9385c130a993055f,640,480,12.03,383,31.833,8,666,None,0.0,0.0,0.0,0.0,0.0,0.0,0.0,0.0,0.0,0.0,0.0,0.0,0.0,0.0,0.0,0.0,0.0,0.0,0.0,0.0,0.0,0.0,0.0,0.0,0.0,0.0,0.0,0.0,0.0,0.0,0.0,0.0,0.0,0.0,0.0,0.0,0.0,0.0,0.0,0.0,0.0,0.0
record5_2.mp4,ae1179fee0e5d8b751f9f701b65a739895ef8e6c87e4c75c9385c130a993055f,640,480,12.03,383,31.833,9,750,None,0.0,0.0,0.0,0.0,0.0,0.0,0.0,0.0,0.0,0.0,0.0,0.0,0.0,0.0,0.0,0.0,0.0,0.0,0.0,0.0,0.0,0.0,0.0,0.0,0.0,0.0,0.0,0.0,0.0,0.0,0.0,0.0,0.0,0.0,0.0,0.0,0.0,0.0,0.0,0.0,0.0,0.0
record5_2.mp4,ae1179fee0e5d8b751f9f701b65a739895ef8e6c87e4c75c9385c130a993055f,640,480,12.03,383,31.833,10,833,None,0.0,0.0,0.0,0.0,0.0,0.0,0.0,0.0,0.0,0.0,0.0,0.0,0.0,0.0,0.0,0.0,0.0,0.0,0.0,0.0,0.0,0.0,0.0,0.0,0.0,0.0,0.0,0.0,0.0,0.0,0.0,0.0,0.0,0.0,0.0,0.0,0.0,0.0,0.0,0.0,0.0,0.0
record5_2.mp4,ae1179fee0e5d8b751f9f701b65a739895ef8e6c87e4c75c9385c130a993055f,640,480,12.03,383,31.833,11,916,None,0.0,0.0,0.0,0.0,0.0,0.0,0.0,0.0,0.0,0.0,0.0,0.0,0.0,0.0,0.0,0.0,0.0,0.0,0.0,0.0,0.0,0.0,0.0,0.0,0.0,0.0,0.0,0.0,0.0,0.0,0.0,0.0,0.0,0.0,0.0,0.0,0.0,0.0,0.0,0.0,0.0,0.0
record5_2.mp4,ae1179fee0e5d8b751f9f701b65a739895ef8e6c87e4c75c9385c130a993055f,640,480,12.03,383,31.833,12,1000,None,0.0,0.0,0.0,0.0,0.0,0.0,0.0,0.0,0.0,0.0,0.0,0.0,0.0,0.0,0.0,0.0,0.0,0.0,0.0,0.0,0.0,0.0,0.0,0.0,0.0,0.0,0.0,0.0,0.0,0.0,0.0,0.0,0.0,0.0,0.0,0.0,0.0,0.0,0.0,0.0,0.0,0.0
record5_2.mp4,ae1179fee0e5d8b751f9f701b65a739895ef8e6c87e4c75c9385c130a993055f,640,480,12.03,383,31.833,13,1083,None,0.0,0.0,0.0,0.0,0.0,0.0,0.0,0.0,0.0,0.0,0.0,0.0,0.0,0.0,0.0,0.0,0.0,0.0,0.0,0.0,0.0,0.0,0.0,0.0,0.0,0.0,0.0,0.0,0.0,0.0,0.0,0.0,0.0,0.0,0.0,0.0,0.0,0.0,0.0,0.0,0.0,0.0
record5_2.mp4,ae1179fee0e5d8b751f9f701b65a739895ef8e6c87e4c75c9385c130a993055f,640,480,12.03,383,31.833,14,1166,Right,0.415467,0.153588,0.524809,0.276352,0.591559,0.447877,0.631324,0.596038,0.649694,0.709979,0.541242,0.309791,0.626017,0.478858,0.677989,0.609448,0.71731,0.703149,0.465585,0.299416,0.529015,0.512471,0.559027,0.681948,0.593051,0.803737,0.384668,0.304674,0.427127,0.514999,0.447169,0.666883,0.482102,0.773702,0.302687,0.309259,0.308098,0.473902,0.316947,0.599833,0.342065,0.699387
record5_2.mp4,ae1179fee0e5d8b751f9f701b65a739895ef8e6c87e4c75c9385c130a993055f,640,480,12.03,383,31.833,15,1250,Right,0.402704,0.130327,0.538014,0.204439,0.655028,0.335917,0.735099,0.470527,0.814143,0.575751,0.579507,0.287116,0.654212,0.485151,0.705804,0.630735,0.749629,0.756336,0.478366,0.295992,0.52699,0.505721,0.56889,0.673914,0.599145,0.80914,0.374825,0.30815,0.407272,0.497969,0.438508,0.652995,0.466927,0.779657,0.282428,0.325253,0.290799,0.48445,0.296207,0.602742,0.296581,0.710524
record5_2.mp4,ae1179fee0e5d8b751f9f701b65a739895ef8e6c87e4c75c9385c130a993055f,640,480,12.03,383,31.833,16,1333,Right,0.397254,0.123577,0.537274,0.190857,0.658051,0.322852,0.740263,0.457128,0.817061,0.560271,0.571137,0.279543,0.650359,0.478755,0.703476,0.624486,0.746934,0.740616,0.472374,0.290884,0.527107,0.502614,0.570884,0.674176,0.601275,0.800254,0.369488,0.306543,0.408719,0.512143,0.438127,0.672586,0.465032,0.795249,0.278766,0.326554,0.288099,0.49827,0.291397,0.620738,0.289572,0.725616
record5_2.mp4,ae1179fee0e5d8b751f9f701b65a739895ef8e6c87e4c75c9385c130a993055f,640,480,12.03,383,31.833,17,1416,Right,0.399577,0.118845,0.536423,0.185166,0.656206,0.316583,0.736662,0.44773,0.809163,0.556889,0.572379,0.284301,0.647514,0.482202,0.703224,0.625882,0.749969,0.745285,0.471191,0.293801,0.520679,0.502327,0.565189,0.673655,0.598787,0.807714,0.368971,0.307543,0.403349,0.511668,0.4348,0.67327,0.466131,0.804489,0.278728,0.325303,0.281119,0.488858,0.28528,0.608169,0.288827,0.718803
record5_2.mp4,ae1179fee0e5d8b751f9f701b65a739895ef8e6c87e4c75c9385c130a993055f,640,480,12.03,383,31.833,18,1500,Right,0.399189,0.118335,0.537553,0.181752,0.658708,0.317025,0.741282,0.453314,0.812996,0.57256,0.56827,0.27955,0.645944,0.478848,0.702059,0.622192,0.748291,0.745686,0.465284,0.293907,0.520523,0.502586,0.567318,0.671809,0.60327,0.809085,0.364921,0.312381,0.403546,0.514166,0.435552,0.676866,0.466569,0.808914,0.277103,0.33265,0.280851,0.49284,0.28576,0.611445,0.292105,0.72254
record5_2.mp4,ae1179fee0e5d8b751f9f701b65a739895ef8e6c87e4c75c9385c130a993055f,640,480,12.03,383,31.833,19,1583,Right,0.4025,0.114446,0.541239,0.189755,0.659824,0.319618,0.739402,0.450307,0.803857,0.567766,0.578848,0.28834,0.643059,0.482269,0.693023,0.625128,0.733935,0.745188,0.471785,0.295184,0.521967,0.499729,0.564728,0.66764,0.597184,0.802635,0.369274,0.308856,0.404802,0.50512,0.431777,0.661449,0.459014,0.785797,0.281131,0.32947,0.285735,0.490974,0.289868,0.607083,0.295296,0.714064
record5_2.mp4,ae1179fee0e5d8b751f9f701b65a739895ef8e6c87e4c75c9385c130a993055f,640,480,12.03,383,31.833,20,1666,Right,0.392356,0.109798,0.529553,0.16975,0.652499,0.305545,0.732704,0.440621,0.806915,0.551389,0.572794,0.269622,0.632815,0.464048,0.673762,0.613689,0.703441,0.73523,0.472087,0.286532,0.516883,0.489747,0.55366,0.662009,0.5779,0.792905,0.369252,0.304866,0.397732,0.497911,0.419395,0.655339,0.441825,0.776955,0.272881,0.327257,0.271683,0.490123,0.268241,0.607945,0.2669,0.71008
record5_2.mp4,ae1179fee0e5d8b751f9f701b65a739895ef8e6c87e4c75c9385c130a993055f,640,480,12.03,383,31.833,21,1750,Right,0.40227,0.105993,0.536608,0.186092,0.653399,0.313953,0.725926,0.449622,0.785812,0.560945,0.586231,0.282987,0.644923,0.468759,0.672136,0.621228,0.687296,0.742287,0.484383,0.288069,0.516011,0.482893,0.531708,0.649764,0.536098,0.773872,0.378388,0.28796,0.393288,0.483087,0.393236,0.645501,0.396049,0.770846,0.279998,0.288966,0.262576,0.456203,0.252793,0.577239,0.247127,0.683033
record5_2.mp4,ae1179fee0e5d8b751f9f701b65a739895ef8e6c87e4c75c9385c130a993055f,640,480,12.03,383,31.833,22,1833,Right,0.406476,0.110387,0.534853,0.187956,0.647401,0.317289,0.717185,0.455042,0.78069,0.559706,0.576342,0.281554,0.637376,0.470348,0.664717,0.624475,0.681012,0.744132,0.474204,0.283955,0.50613,0.483764,0.522423,0.651488,0.526592,0.770361,0.370366,0.281318,0.383659,0.476641,0.386134,0.639939,0.389711,0.761144,0.276349,0.281361,0.25681,0.452299,0.246776,0.573216,0.240479,0.675568
record5_2.mp4,ae1179fee0e5d8b751f9f701b65a739895ef8e6c87e4c75c9385c130a993055f,640,480,12.03,383,31.833,23,1916,Right,0.395948,0.096875,0.527835,0.177811,0.640619,0.303239,0.709007,0.432864,0.755405,0.543837,0.567324,0.278715,0.626452,0.465672,0.661168,0.616673,0.686141,0.737259,0.465032,0.278503,0.499418,0.47271,0.522949,0.644045,0.536214,0.77076,0.36243,0.275861,0.376714,0.465348,0.3872,0.632511,0.398011,0.757614,0.269525,0.278627,0.25345,0.45081,0.247522,0.579232,0.244566,0.689286
record5_2.mp4,ae1179fee0e5d8b751f9f701b65a739895ef8e6c87e4c75c9385c130a993055f,640,480,12.03,383,31.833,24,2000,Right,0.38951,0.090661,0.523511,0.172753,0.644056,0.289824,0.717246,0.412269,0.748302,0.529118,0.566995,0.270945,0.624541,0.460072,0.658579,0.619073,0.684344,0.746158,0.465568,0.25951,0.490338,0.455281,0.511908,0.637489,0.527275,0.766744,0.361537,0.252649,0.369043,0.43789,0.379825,0.619407,0.394201,0.752585,0.268576,0.255187,0.249466,0.429684,0.245945,0.56581,0.247645,0.682578
record5_2.mp4,ae1179fee0e5d8b751f9f701b65a739895ef8e6c87e4c75c9385c130a993055f,640,480,12.03,383,31.833,25,2083,Right,0.375586,0.086797,0.507706,0.176695,0.626965,0.295082,0.703711,0.421079,0.743642,0.537486,0.552055,0.265453,0.614095,0.450551,0.653056,0.602608,0.685634,0.730753,0.450641,0.259458,0.478113,0.449898,0.500631,0.624766,0.516302,0.760405,0.346469,0.257432,0.353628,0.438074,0.368789,0.616444,0.385613,0.754599,0.252898,0.262731,0.233915,0.432756,0.23317,0.562331,0.235418,0.676925
record5_2.mp4,ae1179fee0e5d8b751f9f701b65a739895ef8e6c87e4c75c9385c130a993055f,640,480,12.03,383,31.833,26,2166,Right,0.370841,0.112046,0.511254,0.191387,0.629173,0.305647,0.70224,0.429429,0.747645,0.538131,0.554393,0.289277,0.615831,0.469601,0.652104,0.623397,0.677619,0.746069,0.452282,0.287894,0.483744,0.473946,0.50713,0.653024,0.519694,0.779123,0.347755,0.287331,0.366329,0.473048,0.379128,0.644203,0.394749,0.765556,0.25412,0.29356,0.241625,0.464526,0.241861,0.588868,0.246361,0.689877
record5_2.mp4,ae1179fee0e5d8b751f9f701b65a739895ef8e6c87e4c75c9385c130a993055f,640,480,12.03,383,31.833,27,2250,Right,0.372246,0.125867,0.512954,0.200214,0.633903,0.316793,0.708645,0.437476,0.751865,0.547907,0.552451,0.298336,0.616952,0.475156,0.652367,0.623244,0.68001,0.741807,0.448872,0.297857,0.480403,0.490074,0.503877,0.663603,0.520006,0.786301,0.343054,0.297142,0.357891,0.477097,0.373007,0.646219,0.393654,0.770015,0.248917,0.300025,0.231929,0.461336,0.234083,0.584933,0.242086,0.689242
record5_2.mp4,ae1179fee0e5d8b751f9f701b65a739895ef8e6c87e4c75c9385c130a993055f,640,480,12.03,383,31.833,28,2333,Right,0.367299,0.130807,0.500813,0.205645,0.622918,0.321906,0.698019,0.439936,0.72953,0.544279,0.534767,0.284226,0.605487,0.397522,0.648593,0.521036,0.683343,0.620524,0.436691,0.287348,0.471791,0.468326,0.498443,0.644216,0.516553,0.769614,0.337936,0.295489,0.356707,0.476755,0.369913,0.643651,0.390043,0.761427,0.249384,0.309522,0.229775,0.471924,0.228665,0.594169,0.238839,0.693139
record5_2.mp4,ae1179fee0e5d8b751f9f701b65a739895ef8e6c87e4c75c9385c130a993055f,640,480,12.03,383,31.833,29,2416,Right,0.374305,0.117522,0.512589,0.194272,0.630233,0.307695,0.706656,0.424575,0.744185,0.542978,0.55048,0.285349,0.616588,0.468587,0.656965,0.624395,0.684393,0.746337,0.444007,0.291444,0.478389,0.490164,0.502973,0.666539,0.519673,0.788343,0.33737,0.293277,0.355088,0.479265,0.369572,0.65034,0.388218,0.769845,0.242683,0.29842,0.225759,0.465079,0.228423,0.590616,0.238178,0.692722
record5_2.mp4,ae1179fee0e5d8b751f9f701b65a739895ef8e6c87e4c75c9385c130a993055f,640,480,12.03,383,31.833,30,2500,Right,0.371705,0.10761,0.506967,0.183069,0.625773,0.307318,0.700202,0.434158,0.743668,0.547069,0.552989,0.294129,0.61644,0.473758,0.653176,0.612976,0.681132,0.732704,0.445722,0.30177,0.480546,0.492962,0.504076,0.655867,0.521502,0.784347,0.339888,0.303656,0.356346,0.482192,0.36829,0.639484,0.387725,0.764944,0.244468,0.309027,0.227985,0.468073,0.227764,0.583443,0.237152,0.688426
record5_2.mp4,ae1179fee0e5d8b751f9f701b65a739895ef8e6c87e4c75c9385c130a993055f,640,480,12.03,383,31.833,31,2583,Right,0.377634,0.120093,0.521311,0.196298,0.647416,0.322845,0.725562,0.453136,0.767379,0.571794,0.56004,0.308517,0.623535,0.465337,0.658409,0.608145,0.679125,0.717718,0.450029,0.311403,0.485136,0.495887,0.507602,0.669445,0.521108,0.786553,0.343091,0.311937,0.361954,0.489684,0.372769,0.652287,0.392515,0.761168,0.246895,0.31503,0.225341,0.47928,0.229653,0.599005,0.245806,0.690746
record5_2.mp4,ae1179fee0e5d8b751f9f701b65a739895ef8e6c87e4c75c9385c130a993055f,640,480,12.03,383,31.833,32,2666,Right,0.37161,0.119062,0.518892,0.202956,0.644291,0.322022,0.727423,0.436836,0.803712,0.534205,0.562883,0.306323,0.623551,0.488835,0.664242,0.63892,0.692777,0.755518,0.452812,0.303695,0.484688,0.499745,0.513197,0.675698,0.533251,0.805077,0.344634,0.303502,0.361166,0.482003,0.377609,0.646474,0.400488,0.772177,0.24309,0.312792,0.223077,0.471161,0.228481,0.59097,0.245395,0.696808
record5_2.mp4,ae1179fee0e5d8b751f9f701b65a739895ef8e6c87e4c75c9385c130a993055f,640,480,12.03,383,31.833,33,2750,Right,0.356601,0.116974,0.502726,0.194244,0.638436,0.325761,0.726522,0.454166,0.792109,0.553839,0.556675,0.302469,0.619415,0.472481,0.656524,0.623563,0.677135,0.741135,0.444256,0.304371,0.480282,0.488284,0.51105,0.667317,0.529066,0.793556,0.336167,0.309138,0.36249,0.482621,0.385515,0.648001,0.413072,0.768938,0.234069,0.316967,0.227653,0.471556,0.244592,0.592851,0.269055,0.693618
record5_2.mp4,ae1179fee0e5d8b751f9f701b65a739895ef8e6c87e4c75c9385c130a993055f,640,480,12.03,383,31.833,34,2833,Right,0.355132,0.109914,0.494794,0.17239,0.627435,0.26965,0.71442,0.366676,0.788432,0.452193,0.553895,0.293029,0.618176,0.475752,0.656825,0.624531,0.684843,0.740394,0.444536,0.302555,0.481588,0.496551,0.509065,0.669868,0.528366,0.795056,0.334498,0.304938,0.359587,0.486495,0.376089,0.646208,0.399804,0.76598,0.232881,0.311644,0.223667,0.470154,0.232863,0.584902,0.251921,0.683859
record5_2.mp4,ae1179fee0e5d8b751f9f701b65a739895ef8e6c87e4c75c9385c130a993055f,640,480,12.03,383,31.833,35,2916,Right,0.354201,0.105153,0.493317,0.179918,0.622022,0.274909,0.708588,0.369089,0.778032,0.456477,0.549258,0.292876,0.622231,0.471846,0.668642,0.615555,0.705005,0.733549,0.442099,0.299241,0.481323,0.495066,0.509393,0.668505,0.528818,0.795197,0.335798,0.304602,0.355322,0.48923,0.373433,0.653915,0.397823,0.775652,0.240408,0.313651,0.223565,0.480852,0.230652,0.601777,0.24768,0.704382
record5_2.mp4,ae1179fee0e5d8b751f9f701b65a739895ef8e6c87e4c75c9385c130a993055f,640,480,12.03,383,31.833,36,3000,Right,0.365469,0.101348,0.512027,0.175596,0.63813,0.296283,0.72092,0.416744,0.773002,0.53388,0.561674,0.301934,0.622291,0.48425,0.663387,0.626695,0.696519,0.745026,0.450672,0.31121,0.489112,0.505255,0.52172,0.674873,0.54779,0.80349,0.343788,0.318784,0.364097,0.501131,0.378969,0.655591,0.402213,0.774777,0.245857,0.329243,0.225563,0.487453,0.229023,0.599143,0.243402,0.6956
record5_2.mp4,ae1179fee0e5d8b751f9f701b65a739895ef8e6c87e4c75c9385c130a993055f,640,480,12.03,383,31.833,37,3083,Right,0.370475,0.103511,0.516567,0.178914,0.638708,0.295998,0.716959,0.419001,0.759871,0.545295,0.569292,0.307111,0.628602,0.494655,0.668068,0.639529,0.693415,0.753371,0.458436,0.320384,0.493069,0.521522,0.520757,0.689397,0.539238,0.806833,0.348574,0.324937,0.368788,0.512879,0.380059,0.666023,0.398551,0.776849,0.248897,0.328921,0.227467,0.490161,0.230871,0.603047,0.246174,0.695255
record5_2.mp4,ae1179fee0e5d8b751f9f701b65a739895ef8e6c87e4c75c9385c130a993055f,640,480,12.03,383,31.833,38,3166,Right,0.371738,0.108076,0.520428,0.185637,0.641016,0.301194,0.716364,0.424973,0.757122,0.548034,0.557564,0.295446,0.628269,0.484895,0.669176,0.640185,0.692696,0.753272,0.447152,0.308026,0.486969,0.5061,0.519139,0.68351,0.541211,0.798566,0.337405,0.318318,0.359105,0.49778,0.373464,0.667185,0.393474,0.777035,0.240204,0.332023,0.221922,0.493031,0.226607,0.612756,0.240614,0.70182
record5_2.mp4,ae1179fee0e5d8b751f9f701b65a739895ef8e6c87e4c75c9385c130a993055f,640,480,12.03,383,31.833,39,3250,Right,0.360111,0.099182,0.507167,0.178916,0.632255,0.294313,0.714158,0.405681,0.775145,0.50849,0.54925,0.288716,0.617278,0.478775,0.667719,0.631313,0.704979,0.746412,0.441641,0.289669,0.47877,0.492834,0.511437,0.674273,0.535657,0.800467,0.335459,0.294646,0.358043,0.482121,0.374781,0.65098,0.396464,0.77258,0.239609,0.310814,0.223464,0.478443,0.226511,0.60026,0.23781,0.701342
record5_2.mp4,ae1179fee0e5d8b751f9f701b65a739895ef8e6c87e4c75c9385c130a993055f,640,480,12.03,383,31.833,40,3333,Right,0.359438,0.104872,0.504662,0.183918,0.63107,0.297747,0.711977,0.409383,0.775331,0.502532,0.548304,0.30119,0.616594,0.476381,0.661654,0.626243,0.69363,0.740597,0.440236,0.299734,0.47802,0.49277,0.509032,0.673532,0.529333,0.796479,0.335138,0.298139,0.357311,0.480958,0.376227,0.655902,0.398649,0.781284,0.23824,0.300182,0.225957,0.463808,0.236473,0.593717,0.254644,0.701423
record5_2.mp4,ae1179fee0e5d8b751f9f701b65a739895ef8e6c87e4c75c9385c130a993055f,640,480,12.03,383,31.833,41,3416,Right,0.371808,0.103192,0.507648,0.175355,0.630493,0.29775,0.708938,0.419549,0.757343,0.53516,0.553631,0.30255,0.619162,0.480615,0.6598,0.630799,0.68703,0.752318,0.44715,0.307858,0.486332,0.501269,0.516581,0.678973,0.537152,0.812654,0.343216,0.30815,0.360424,0.487094,0.370644,0.654659,0.384786,0.783451,0.246592,0.310813,0.235248,0.474849,0.234249,0.59081,0.239856,0.69291
record5_2.mp4,ae1179fee0e5d8b751f9f701b65a739895ef8e6c87e4c75c9385c130a993055f,640,480,12.03,383,31.833,42,3500,Right,0.371982,0.107646,0.507227,0.17393,0.631391,0.2926,0.70889,0.414043,0.745513,0.542032,0.553828,0.295332,0.614632,0.480526,0.656375,0.628228,0.688591,0.752268,0.445596,0.301581,0.483443,0.497447,0.514212,0.667704,0.543181,0.807399,0.342099,0.305934,0.355619,0.485826,0.363594,0.650409,0.379697,0.786052,0.247008,0.314318,0.234049,0.475564,0.229856,0.587353,0.234257,0.692151
record5_2.mp4,ae1179fee0e5d8b751f9f701b65a739895ef8e6c87e4c75c9385c130a993055f,640,480,12.03,383,31.833,43,3583,Right,0.373695,0.108258,0.502591,0.17271,0.623667,0.287801,0.702265,0.405573,0.74578,0.524324,0.553078,0.29565,0.617506,0.477953,0.658161,0.621969,0.69007,0.747097,0.449605,0.300174,0.493164,0.48554,0.526748,0.649618,0.556766,0.788657,0.346012,0.303074,0.363779,0.477467,0.373648,0.63896,0.388658,0.777675,0.247486,0.3086,0.229244,0.468137,0.221771,0.579922,0.222061,0.689361
record5_2.mp4,ae1179fee0e5d8b751f9f701b65a739895ef8e6c87e4c75c9385c130a993055f,640,480,12.03,383,31.833,44,3666,Right,0.375523,0.099672,0.50677,0.176491,0.630529,0.292885,0.71009,0.414522,0.746006,0.538346,0.556397,0.302182,0.620995,0.484992,0.659842,0.629369,0.687982,0.751428,0.451966,0.310577,0.488137,0.516267,0.511347,0.688869,0.529307,0.822991,0.348307,0.308776,0.365233,0.492955,0.371623,0.65278,0.381324,0.781006,0.253771,0.305969,0.235205,0.468281,0.227042,0.58466,0.225588,0.694429
record5_2.mp4,ae1179fee0e5d8b751f9f701b65a739895ef8e6c87e4c75c9385c130a993055f,640,480,12.03,383,31.833,45,3750,Right,0.375003,0.106184,0.51321,0.186304,0.629114,0.299115,0.706851,0.413756,0.745263,0.534603,0.551192,0.295801,0.616982,0.476461,0.659544,0.628629,0.685988,0.749864,0.441559,0.305726,0.476273,0.506453,0.501228,0.683776,0.51874,0.808155,0.336752,0.30948,0.352306,0.498682,0.365262,0.663771,0.381538,0.784996,0.247111,0.312829,0.224895,0.472671,0.22038,0.593253,0.220468,0.699137
record5_2.mp4,ae1179fee0e5d8b751f9f701b65a739895ef8e6c87e4c75c9385c130a993055f,640,480,12.03,383,31.833,46,3833,Right,0.377909,0.103492,0.515527,0.18657,0.634403,0.299192,0.712004,0.412923,0.740991,0.537429,0.556504,0.297584,0.617916,0.480096,0.657359,0.632279,0.681397,0.754399,0.444719,0.302603,0.474972,0.502916,0.499319,0.681786,0.518252,0.812869,0.338451,0.304539,0.352555,0.494937,0.364394,0.664807,0.381208,0.794184,0.247196,0.306793,0.224919,0.466596,0.223491,0.590439,0.227287,0.702831
record5_2.mp4,ae1179fee0e5d8b751f9f701b65a739895ef8e6c87e4c75c9385c130a993055f,640,480,12.03,383,31.833,47,3916,Right,0.373516,0.099771,0.511827,0.184666,0.632287,0.296441,0.711797,0.40863,0.740913,0.533921,0.55688,0.303527,0.622264,0.486976,0.664668,0.639643,0.688242,0.756758,0.445985,0.308871,0.479091,0.508611,0.506579,0.690469,0.525514,0.817842,0.338884,0.309333,0.354588,0.497706,0.367129,0.668445,0.382326,0.794548,0.246457,0.310945,0.223352,0.468486,0.221002,0.59298,0.222956,0.703847
record5_2.mp4,ae1179fee0e5d8b751f9f701b65a739895ef8e6c87e4c75c9385c130a993055f,640,480,12.03,383,31.833,48,4000,Right,0.367196,0.096101,0.507194,0.180012,0.630103,0.292669,0.707687,0.411054,0.741196,0.536772,0.549387,0.294466,0.619631,0.483956,0.662474,0.638445,0.686099,0.753861,0.440817,0.304464,0.478272,0.510891,0.507236,0.692708,0.525928,0.813426,0.334863,0.307194,0.352988,0.495727,0.367051,0.667315,0.384118,0.788339,0.242949,0.312151,0.221855,0.475956,0.219964,0.599633,0.223754,0.702577
record5_2.mp4,ae1179fee0e5d8b751f9f701b65a739895ef8e6c87e4c75c9385c130a993055f,640,480,12.03,383,31.833,49,4083,Right,0.375225,0.099569,0.518365,0.186976,0.636922,0.294836,0.711443,0.409205,0.738496,0.535176,0.559565,0.296874,0.623665,0.492067,0.66416,0.646883,0.68659,0.759415,0.44971,0.301782,0.480294,0.511708,0.505,0.693913,0.519265,0.812292,0.342227,0.300309,0.359706,0.490786,0.366815,0.663327,0.375016,0.780824,0.250543,0.301378,0.222556,0.464875,0.20622,0.590065,0.193858,0.68962
record5_2.mp4,ae1179fee0e5d8b751f9f701b65a739895ef8e6c87e4c75c9385c130a993055f,640,480,12.03,383,31.833,50,4166,Right,0.376193,0.096063,0.512249,0.180617,0.635999,0.290341,0.711171,0.409484,0.739796,0.537388,0.553945,0.302493,0.625267,0.493822,0.665444,0.64563,0.687494,0.760684,0.446387,0.317137,0.479965,0.520757,0.502159,0.693744,0.512172,0.811079,0.340998,0.3161,0.35372,0.499536,0.357637,0.662804,0.358665,0.776159,0.25078,0.3122,0.21113,0.465198,0.17349,0.569407,0.13828,0.648415
record5_2.mp4,ae1179fee0e5d8b751f9f701b65a739895ef8e6c87e4c75c9385c130a993055f,640,480,12.03,383,31.833,51,4250,Right,0.375451,0.094309,0.515199,0.179228,0.636057,0.29942,0.709795,0.421802,0.739905,0.551161,0.554553,0.297694,0.620399,0.493895,0.662274,0.642284,0.687141,0.756677,0.443593,0.307119,0.479438,0.516641,0.503117,0.693783,0.52001,0.82319,0.339169,0.312525,0.357925,0.501847,0.366494,0.663367,0.379443,0.781404,0.251337,0.317145,0.215381,0.480528,0.187388,0.594566,0.168549,0.687754
record5_2.mp4,ae1179fee0e5d8b751f9f701b65a739895ef8e6c87e4c75c9385c130a993055f,640,480,12.03,383,31.833,52,4333,Right,0.375206,0.097999,0.513883,0.179666,0.636407,0.296873,0.710973,0.4215,0.74442,0.549741,0.557913,0.310584,0.621565,0.502743,0.662775,0.645328,0.688072,0.759394,0.446734,0.321682,0.479484,0.524545,0.5049,0.697378,0.521421,0.828419,0.342602,0.320118,0.35926,0.506146,0.370067,0.663386,0.383544,0.789116,0.251794,0.313682,0.218424,0.469193,0.194611,0.586004,0.179638,0.693018
record5_2.mp4,ae1179fee0e5d8b751f9f701b65a739895ef8e6c87e4c75c9385c130a993055f,640,480,12.03,383,31.833,53,4416,Right,0.374137,0.109769,0.515353,0.187422,0.635103,0.298436,0.706182,0.417017,0.740933,0.543385,0.560544,0.314043,0.625257,0.504274,0.663625,0.647187,0.689242,0.759555,0.4526,0.324331,0.489148,0.527782,0.518016,0.700333,0.539431,0.831512,0.34971,0.321412,0.363391,0.5044,0.36874,0.664825,0.378284,0.789715,0.254438,0.316489,0.219457,0.474522,0.196805,0.58808,0.1845,0.686981
record5_2.mp4,ae1179fee0e5d8b751f9f701b65a739895ef8e6c87e4c75c9385c130a993055f,640,480,12.03,383,31.833,54,4500,Right,0.374446,0.111895,0.512492,0.189598,0.632979,0.301078,0.707938,0.418795,0.734528,0.544128,0.559746,0.314003,0.628097,0.505432,0.667801,0.647934,0.690808,0.756002,0.454055,0.321573,0.489131,0.529775,0.516401,0.700368,0.533854,0.824718,0.349506,0.31933,0.364115,0.501371,0.371458,0.659301,0.37884,0.778771,0.255791,0.316646,0.222061,0.477555,0.197985,0.590513,0.179312,0.690049
record5_2.mp4,ae1179fee0e5d8b751f9f701b65a739895ef8e6c87e4c75c9385c130a993055f,640,480,12.03,383,31.833,55,4583,Right,0.374537,0.112876,0.511512,0.187459,0.632656,0.295469,0.708234,0.414002,0.737243,0.538625,0.560083,0.310305,0.629213,0.495623,0.667896,0.642485,0.690013,0.752748,0.454916,0.323274,0.494669,0.517932,0.524525,0.687936,0.541979,0.809985,0.349838,0.3211,0.368615,0.500678,0.377299,0.660188,0.384876,0.778324,0.254489,0.316623,0.221774,0.47584,0.199305,0.590083,0.181508,0.687066
record5_2.mp4,ae1179fee0e5d8b751f9f701b65a739895ef8e6c87e4c75c9385c130a993055f,640,480,12.03,383,31.833,56,4666,Right,0.374941,0.105318,0.510155,0.182931,0.634388,0.295839,0.70781,0.414784,0.741822,0.538337,0.569741,0.311752,0.636025,0.498182,0.671734,0.63989,0.69928,0.757203,0.465771,0.318073,0.51406,0.527892,0.544118,0.702981,0.567313,0.842927,0.358625,0.312741,0.378098,0.501237,0.381065,0.669924,0.387662,0.808368,0.257726,0.305886,0.225946,0.469016,0.199961,0.582557,0.18316,0.68658
record5_2.mp4,ae1179fee0e5d8b751f9f701b65a739895ef8e6c87e4c75c9385c130a993055f,640,480,12.03,383,31.833,57,4750,Right,0.369694,0.113406,0.502568,0.181414,0.627068,0.291988,0.706289,0.410495,0.74417,0.533078,0.556864,0.302708,0.626899,0.489833,0.664451,0.631409,0.691451,0.750948,0.452861,0.319378,0.495955,0.528941,0.521418,0.698507,0.540918,0.835861,0.348574,0.323002,0.364057,0.508552,0.366354,0.668635,0.372708,0.800001,0.254302,0.324041,0.222913,0.484662,0.198432,0.59365,0.182809,0.694675
record5_2.mp4,ae1179fee0e5d8b751f9f701b65a739895ef8e6c87e4c75c9385c130a993055f,640,480,12.03,383,31.833,58,4833,Right,0.378849,0.109484,0.515501,0.190059,0.632953,0.298569,0.708576,0.416579,0.745112,0.540389,0.56512,0.305769,0.631083,0.490787,0.670595,0.641191,0.695065,0.75867,0.46022,0.314071,0.490913,0.505963,0.518144,0.675878,0.536997,0.8012,0.353735,0.31267,0.359626,0.492587,0.363728,0.658928,0.368747,0.784687,0.257473,0.311865,0.224436,0.472542,0.201328,0.590048,0.180905,0.69233
record5_2.mp4,ae1179fee0e5d8b751f9f701b65a739895ef8e6c87e4c75c9385c130a993055f,640,480,12.03,383,31.833,59,4916,Right,0.380614,0.108936,0.51769,0.18742,0.636272,0.298936,0.711348,0.419576,0.747726,0.542421,0.566617,0.30863,0.6331,0.494708,0.670709,0.642139,0.695362,0.757658,0.460319,0.318113,0.497549,0.515221,0.52374,0.681942,0.542254,0.807405,0.353374,0.315849,0.363008,0.500953,0.366825,0.665016,0.372806,0.790273,0.256052,0.311127,0.223492,0.474522,0.200379,0.590763,0.180277,0.691471
record5_2.mp4,ae1179fee0e5d8b751f9f701b65a739895ef8e6c87e4c75c9385c130a993055f,640,480,12.03,383,31.833,60,5000,Right,0.376586,0.108284,0.512604,0.181778,0.632837,0.2996,0.708415,0.420391,0.744994,0.546,0.555951,0.303468,0.623353,0.491673,0.662704,0.635505,0.68909,0.754316,0.452429,0.310183,0.49339,0.512661,0.521715,0.682447,0.541727,0.814956,0.351017,0.310549,0.354613,0.50627,0.350564,0.673574,0.350945,0.80714,0.258012,0.311051,0.22507,0.47697,0.201109,0.589321,0.185518,0.68961
record5_2.mp4,ae1179fee0e5d8b751f9f701b65a739895ef8e6c87e4c75c9385c130a993055f,640,480,12.03,383,31.833,61,5083,Right,0.382885,0.101686,0.518556,0.182705,0.635744,0.298509,0.714281,0.416015,0.741252,0.545551,0.558618,0.308726,0.620721,0.495884,0.659976,0.640082,0.686405,0.759878,0.455371,0.310107,0.489563,0.510915,0.518361,0.679263,0.542814,0.809026,0.35223,0.311404,0.346202,0.507899,0.335484,0.678878,0.328569,0.809164,0.260797,0.31293,0.229089,0.483936,0.201735,0.598055,0.179468,0.694254
record5_2.mp4,ae1179fee0e5d8b751f9f701b65a739895ef8e6c87e4c75c9385c130a993055f,640,480,12.03,383,31.833,62,5166,Right,0.381439,0.104121,0.52013,0.183928,0.635739,0.297131,0.709473,0.411038,0.733325,0.539974,0.565055,0.309638,0.624128,0.499399,0.663091,0.643144,0.686951,0.761035,0.45814,0.313271,0.491838,0.506469,0.520418,0.672213,0.54234,0.801773,0.353891,0.313995,0.345239,0.507352,0.32942,0.671992,0.317751,0.797395,0.260569,0.314845,0.229193,0.486526,0.20013,0.60202,0.176367,0.698126
record5_2.mp4,ae1179fee0e5d8b751f9f701b65a739895ef8e6c87e4c75c9385c130a993055f,640,480,12.03,383,31.833,63,5250,Right,0.381811,0.089662,0.517258,0.170393,0.63473,0.296606,0.708704,0.420172,0.742191,0.549076,0.560841,0.295014,0.621158,0.491991,0.66048,0.636076,0.690147,0.757223,0.45682,0.296085,0.491069,0.502534,0.521434,0.668972,0.5479,0.801702,0.354097,0.298268,0.342216,0.505529,0.327637,0.673487,0.318329,0.804028,0.261702,0.303405,0.233362,0.485949,0.204201,0.602808,0.17869,0.701588
record5_2.mp4,ae1179fee0e5d8b751f9f701b65a739895ef8e6c87e4c75c9385c130a993055f,640,480,12.03,383,31.833,64,5333,Right,0.386604,0.092844,0.518512,0.183463,0.635269,0.300025,0.709252,0.417946,0.743588,0.546685,0.565076,0.31573,0.62475,0.504831,0.664549,0.643903,0.69219,0.758168,0.462757,0.318074,0.494218,0.520812,0.520519,0.685,0.539903,0.811178,0.358871,0.315892,0.348521,0.512713,0.333643,0.670842,0.322409,0.787988,0.266141,0.313798,0.231411,0.48963,0.196649,0.60412,0.166294,0.698497
record5_2.mp4,ae1179fee0e5d8b751f9f701b65a739895ef8e6c87e4c75c9385c130a993055f,640,480,12.03,383,31.833,65,5416,Right,0.381157,0.122325,0.519188,0.17853,0.63833,0.299285,0.708157,0.423519,0.749838,0.552068,0.564577,0.306359,0.626144,0.502405,0.667041,0.63986,0.698643,0.764249,0.458902,0.325877,0.513746,0.541884,0.553783,0.722026,0.584671,0.871798,0.355892,0.336275,0.355224,0.539484,0.346618,0.685932,0.346213,0.806901,0.259323,0.342466,0.228378,0.510608,0.197041,0.616425,0.17289,0.709517
record5_2.mp4,ae1179fee0e5d8b751f9f701b65a739895ef8e6c87e4c75c9385c130a993055f,640,480,12.03,383,31.833,66,5500,Right,0.385534,0.113191,0.513846,0.185474,0.630077,0.295443,0.703618,0.408242,0.744604,0.52823,0.56268,0.304318,0.629246,0.486029,0.667538,0.613931,0.702278,0.736214,0.460665,0.321327,0.523241,0.538497,0.570608,0.698861,0.61366,0.843525,0.359163,0.331418,0.353534,0.52137,0.343841,0.666802,0.33977,0.793977,0.265527,0.339666,0.237994,0.499752,0.202157,0.596416,0.173586,0.690171
record5_2.mp4,ae1179fee0e5d8b751f9f701b65a739895ef8e6c87e4c75c9385c130a993055f,640,480,12.03,383,31.833,67,5583,Right,0.387059,0.123916,0.520513,0.190083,0.637084,0.310636,0.71386,0.429474,0.751026,0.545756,0.560471,0.307702,0.625102,0.47629,0.665273,0.601472,0.697872,0.718674,0.459014,0.305334,0.505416,0.500807,0.54453,0.65478,0.577572,0.780752,0.357526,0.310701,0.347827,0.512578,0.338437,0.667473,0.335901,0.795674,0.263609,0.321433,0.23102,0.504658,0.196915,0.612361,0.169025,0.704795
record5_2.mp4,ae1179fee0e5d8b751f9f701b65a739895ef8e6c87e4c75c9385c130a993055f,640,480,12.03,383,31.833,68,5666,Right,0.381869,0.104444,0.508623,0.184853,0.632584,0.299529,0.711,0.416521,0.744795,0.540779,0.558577,0.310729,0.614808,0.486497,0.652828,0.612667,0.686059,0.730202,0.457722,0.310079,0.488635,0.509755,0.514498,0.670305,0.536612,0.803491,0.354942,0.310013,0.349102,0.507233,0.341069,0.665072,0.339686,0.791022,0.264726,0.313104,0.233544,0.485715,0.200856,0.594671,0.17589,0.689247
record5_2.mp4,ae1179fee0e5d8b751f9f701b65a739895ef8e6c87e4c75c9385c130a993055f,640,480,12.03,383,31.833,69,5750,Right,0.386987,0.100818,0.514219,0.185546,0.634935,0.305456,0.715514,0.420181,0.747255,0.543379,0.548931,0.298897,0.612738,0.423386,0.6599,0.527609,0.700084,0.627871,0.449334,0.303428,0.481452,0.504609,0.507923,0.66922,0.52867,0.804965,0.351953,0.312252,0.347697,0.514065,0.341419,0.670298,0.34197,0.789658,0.270129,0.321138,0.230294,0.500876,0.1967,0.608817,0.17327,0.698581
record5_2.mp4,ae1179fee0e5d8b751f9f701b65a739895ef8e6c87e4c75c9385c130a993055f,640,480,12.03,383,31.833,70,5833,Right,0.386911,0.115336,0.514769,0.204467,0.636938,0.332871,0.724767,0.447198,0.781872,0.55315,0.547971,0.312404,0.611983,0.442245,0.658289,0.559999,0.694221,0.680642,0.441626,0.310722,0.476702,0.499179,0.50496,0.665052,0.528333,0.811686,0.34404,0.318948,0.336275,0.509472,0.335515,0.661795,0.339506,0.790441,0.259715,0.329919,0.222358,0.498912,0.193917,0.603924,0.174531,0.702325
record5_2.mp4,ae1179fee0e5d8b751f9f701b65a739895ef8e6c87e4c75c9385c130a993055f,640,480,12.03,383,31.833,71,5916,Right,0.377019,0.1048,0.508735,0.183991,0.631354,0.307223,0.717046,0.421641,0.780323,0.535624,0.545241,0.295726,0.619425,0.479798,0.667784,0.618107,0.705368,0.740236,0.438035,0.305031,0.485476,0.513617,0.518201,0.681428,0.544595,0.819575,0.339629,0.313585,0.337537,0.515835,0.335339,0.673417,0.336439,0.799718,0.255511,0.320061,0.223709,0.490712,0.196138,0.59694,0.173374,0.692349
record5_2.mp4,ae1179fee0e5d8b751f9f701b65a739895ef8e6c87e4c75c9385c130a993055f,640,480,12.03,383,31.833,72,6000,Right,0.37948,0.100705,0.508729,0.18704,0.632328,0.307805,0.715531,0.429005,0.774029,0.552406,0.552346,0.302794,0.617624,0.49418,0.660289,0.631706,0.693993,0.755579,0.445706,0.311903,0.482962,0.5089,0.511559,0.67284,0.534879,0.80951,0.345067,0.31758,0.340988,0.507604,0.337702,0.66186,0.338533,0.786797,0.257876,0.322771,0.226115,0.489416,0.197695,0.596621,0.17478,0.693339
record5_2.mp4,ae1179fee0e5d8b751f9f701b65a739895ef8e6c87e4c75c9385c130a993055f,640,480,12.03,383,31.833,73,6083,Right,0.386234,0.109027,0.514455,0.205819,0.641736,0.344319,0.735878,0.457798,0.821636,0.541152,0.553368,0.31877,0.603066,0.465099,0.643023,0.585704,0.677427,0.703811,0.446034,0.303662,0.474961,0.496236,0.50249,0.663468,0.524592,0.807991,0.34584,0.303183,0.340641,0.492133,0.341854,0.649657,0.346507,0.787249,0.257636,0.30842,0.228325,0.478338,0.202938,0.590178,0.182076,0.69528
record5_2.mp4,ae1179fee0e5d8b751f9f701b65a739895ef8e6c87e4c75c9385c130a993055f,640,480,12.03,383,31.833,74,6166,Right,0.372909,0.098184,0.508017,0.195998,0.638321,0.337419,0.733409,0.456509,0.812962,0.548177,0.550539,0.313911,0.608484,0.494865,0.648416,0.630058,0.678014,0.748834,0.445175,0.298331,0.480219,0.509153,0.511639,0.676844,0.53348,0.808467,0.343703,0.296795,0.343805,0.501402,0.345233,0.663231,0.348225,0.791734,0.254791,0.304246,0.233285,0.483973,0.21202,0.597437,0.190975,0.692142
record5_2.mp4,ae1179fee0e5d8b751f9f701b65a739895ef8e6c87e4c75c9385c130a993055f,640,480,12.03,383,31.833,75,6250,Right,0.371616,0.100342,0.508006,0.187201,0.640094,0.320978,0.731303,0.444927,0.816662,0.538032,0.558415,0.301503,0.612926,0.485672,0.651717,0.6277,0.681944,0.753255,0.448814,0.294045,0.481592,0.503171,0.512551,0.669625,0.533893,0.801311,0.34285,0.296409,0.346124,0.493798,0.353783,0.663616,0.359757,0.801974,0.249185,0.304293,0.235071,0.474508,0.226298,0.589292,0.216095,0.690965
record5_2.mp4,ae1179fee0e5d8b751f9f701b65a739895ef8e6c87e4c75c9385c130a993055f,640,480,12.03,383,31.833,76,6333,Right,0.365901,0.090194,0.494044,0.156823,0.605953,0.250787,0.689239,0.333822,0.749104,0.416779,0.534599,0.296446,0.611389,0.489868,0.661347,0.629715,0.70118,0.749851,0.431684,0.309467,0.476761,0.506004,0.509654,0.655163,0.536186,0.775978,0.332041,0.31692,0.336572,0.510068,0.3408,0.662265,0.342947,0.786909,0.243474,0.322922,0.218337,0.494992,0.194055,0.601582,0.169556,0.697546
record5_2.mp4,ae1179fee0e5d8b751f9f701b65a739895ef8e6c87e4c75c9385c130a993055f,640,480,12.03,383,31.833,77,6416,Right,0.374684,0.131451,0.527567,0.16454,0.661792,0.268994,0.735489,0.398123,0.747543,0.540683,0.557415,0.308715,0.614975,0.494491,0.658438,0.638131,0.686457,0.763344,0.438329,0.333076,0.483511,0.524417,0.519401,0.689648,0.544886,0.820478,0.32806,0.349378,0.345923,0.539836,0.349372,0.693746,0.356972,0.819149,0.228674,0.356445,0.201661,0.514018,0.175747,0.621229,0.160053,0.717205
record5_2.mp4,ae1179fee0e5d8b751f9f701b65a739895ef8e6c87e4c75c9385c130a993055f,640,480,12.03,383,31.833,78,6500,Right,0.373241,0.120735,0.51969,0.201342,0.645945,0.302246,0.720872,0.404643,0.737077,0.53625,0.562717,0.355508,0.62104,0.53642,0.668607,0.667335,0.702451,0.782978,0.451875,0.365785,0.480222,0.549788,0.513443,0.707922,0.543044,0.835268,0.34231,0.366544,0.336541,0.545834,0.332858,0.697393,0.341981,0.82033,0.245823,0.361421,0.208882,0.510843,0.178446,0.618361,0.161108,0.714533
record5_2.mp4,ae1179fee0e5d8b751f9f701b65a739895ef8e6c87e4c75c9385c130a993055f,640,480,12.03,383,31.833,79,6583,Right,0.374451,0.128732,0.515272,0.193976,0.642963,0.294788,0.719014,0.399188,0.744924,0.5298,0.551818,0.341801,0.617899,0.52446,0.663461,0.658442,0.695911,0.776349,0.442618,0.354965,0.479552,0.544475,0.511095,0.701871,0.53842,0.82952,0.338719,0.358688,0.338837,0.541725,0.33548,0.693189,0.342036,0.815848,0.24647,0.356234,0.214822,0.517202,0.18273,0.621586,0.161741,0.710084
record5_2.mp4,ae1179fee0e5d8b751f9f701b65a739895ef8e6c87e4c75c9385c130a993055f,640,480,12.03,383,31.833,80,6666,Right,0.373877,0.121453,0.520669,0.199923,0.647583,0.31837,0.728668,0.42563,0.776511,0.53914,0.557833,0.358116,0.628361,0.537957,0.681448,0.670094,0.723429,0.785473,0.444015,0.365998,0.479676,0.539066,0.514621,0.695564,0.544413,0.827684,0.336074,0.365312,0.333085,0.531369,0.33834,0.685143,0.348483,0.81361,0.243683,0.358358,0.210285,0.511908,0.182588,0.617514,0.161781,0.716199
record5_2.mp4,ae1179fee0e5d8b751f9f701b65a739895ef8e6c87e4c75c9385c130a993055f,640,480,12.03,383,31.833,81,6750,Right,0.371331,0.134427,0.515575,0.201545,0.645469,0.30508,0.728474,0.405406,0.755023,0.53427,0.557979,0.364366,0.630556,0.543712,0.682902,0.675819,0.719122,0.790247,0.444759,0.38117,0.480829,0.556857,0.514958,0.712719,0.54421,0.8405,0.33654,0.38427,0.333657,0.552118,0.337449,0.701818,0.350129,0.826851,0.242726,0.37718,0.207557,0.527466,0.17962,0.62827,0.160877,0.72178
record5_2.mp4,ae1179fee0e5d8b751f9f701b65a739895ef8e6c87e4c75c9385c130a993055f,640,480,12.03,383,31.833,82,6833,Right,0.372902,0.128126,0.523607,0.203512,0.655744,0.319538,0.735823,0.42724,0.777132,0.54977,0.561231,0.359432,0.630538,0.536617,0.678006,0.664835,0.714776,0.778348,0.446464,0.368905,0.484807,0.555887,0.515912,0.71156,0.543355,0.841264,0.339196,0.369884,0.338581,0.548266,0.336401,0.698433,0.343448,0.82443,0.245594,0.363871,0.211048,0.519818,0.179241,0.623186,0.159649,0.71962
record5_2.mp4,ae1179fee0e5d8b751f9f701b65a739895ef8e6c87e4c75c9385c130a993055f,640,480,12.03,383,31.833,83,6916,Right,0.365412,0.119949,0.514005,0.188282,0.64118,0.290262,0.721369,0.376497,0.766523,0.483663,0.560617,0.364338,0.632352,0.552902,0.683688,0.682048,0.722623,0.783835,0.448394,0.372653,0.484384,0.557851,0.515688,0.713051,0.542783,0.835321,0.34021,0.369175,0.337848,0.544225,0.336846,0.692448,0.343068,0.810484,0.24575,0.359045,0.212554,0.521847,0.181614,0.623892,0.160795,0.714344
record5_2.mp4,ae1179fee0e5d8b751f9f701b65a739895ef8e6c87e4c75c9385c130a993055f,640,480,12.03,383,31.833,84,7000,Right,0.3758,0.127173,0.526526,0.201927,0.65265,0.304224,0.724829,0.410084,0.736693,0.537991,0.567391,0.364766,0.635582,0.553621,0.68556,0.679902,0.722984,0.78182,0.454497,0.371398,0.487432,0.552965,0.520087,0.703766,0.549545,0.825074,0.344094,0.370151,0.341312,0.543687,0.338591,0.688853,0.347077,0.805578,0.246476,0.365932,0.21451,0.525734,0.18608,0.630184,0.167874,0.721476
record5_2.mp4,ae1179fee0e5d8b751f9f701b65a739895ef8e6c87e4c75c9385c130a993055f,640,480,12.03,383,31.833,85,7083,Right,0.377151,0.123068,0.523139,0.196619,0.648062,0.304071,0.722741,0.408787,0.743737,0.536266,0.560275,0.350837,0.630829,0.534299,0.679077,0.665078,0.716185,0.777482,0.448833,0.360474,0.486214,0.551188,0.517,0.707128,0.544118,0.831625,0.341023,0.361382,0.33893,0.543939,0.336341,0.693914,0.341663,0.810084,0.246083,0.358207,0.215771,0.52317,0.186796,0.627693,0.167123,0.716742
record5_2.mp4,ae1179fee0e5d8b751f9f701b65a739895ef8e6c87e4c75c9385c130a993055f,640,480,12.03,383,31.833,86,7166,Right,0.375651,0.128795,0.521342,0.20203,0.648198,0.311855,0.727228,0.414061,0.755376,0.535189,0.557551,0.34906,0.626104,0.531565,0.673505,0.665369,0.70809,0.779187,0.444567,0.358107,0.484677,0.546831,0.51621,0.706912,0.540367,0.831954,0.337921,0.360345,0.337776,0.544806,0.33687,0.702073,0.342329,0.823612,0.245359,0.358441,0.212124,0.519041,0.181934,0.624422,0.159646,0.714734
record5_2.mp4,ae1179fee0e5d8b751f9f701b65a739895ef8e6c87e4c75c9385c130a993055f,640,480,12.03,383,31.833,87,7250,Right,0.374792,0.114124,0.513218,0.190283,0.641409,0.298569,0.7211,0.405511,0.746984,0.532195,0.555929,0.32567,0.628323,0.513013,0.682288,0.650558,0.723018,0.775197,0.446241,0.342334,0.489991,0.535021,0.524014,0.701771,0.553366,0.848663,0.339607,0.357326,0.360181,0.53836,0.368612,0.679231,0.38228,0.80223,0.246125,0.369053,0.217614,0.522085,0.186372,0.617884,0.16388,0.713285
record5_2.mp4,ae1179fee0e5d8b751f9f701b65a739895ef8e6c87e4c75c9385c130a993055f,640,480,12.03,383,31.833,88,7333,Right,0.372723,0.122126,0.512219,0.181367,0.637823,0.284012,0.715842,0.389746,0.746395,0.511939,0.559495,0.321893,0.62685,0.513761,0.674481,0.648751,0.712989,0.766465,0.449248,0.338834,0.493976,0.512315,0.532197,0.663574,0.568156,0.79745,0.342225,0.351045,0.354137,0.519923,0.362674,0.664137,0.379916,0.789807,0.245387,0.359881,0.213707,0.511617,0.18459,0.609966,0.163038,0.704233
record5_2.mp4,ae1179fee0e5d8b751f9f701b65a739895ef8e6c87e4c75c9385c130a993055f,640,480,12.03,383,31.833,89,7416,Right,0.374201,0.114701,0.51258,0.182071,0.639741,0.293,0.72079,0.404242,0.747192,0.53483,0.552118,0.314977,0.619745,0.517204,0.671835,0.662537,0.710846,0.787121,0.444556,0.328513,0.484651,0.527011,0.516563,0.690221,0.543431,0.821748,0.339993,0.337899,0.356088,0.5307,0.359866,0.681493,0.372714,0.808084,0.247117,0.345022,0.215824,0.503449,0.189649,0.610109,0.173856,0.707694
record5_2.mp4,ae1179fee0e5d8b751f9f701b65a739895ef8e6c87e4c75c9385c130a993055f,640,480,12.03,383,31.833,90,7500,Right,0.377001,0.111972,0.513546,0.186098,0.637196,0.294678,0.716821,0.402492,0.752277,0.526491,0.545942,0.307068,0.609854,0.502493,0.657514,0.644834,0.693451,0.767984,0.436788,0.31808,0.477281,0.515124,0.511725,0.679369,0.542569,0.81592,0.334177,0.331675,0.349054,0.521401,0.358087,0.67279,0.374062,0.796814,0.246839,0.344711,0.21389,0.508311,0.186869,0.615521,0.167225,0.711855
record5_2.mp4,ae1179fee0e5d8b751f9f701b65a739895ef8e6c87e4c75c9385c130a993055f,640,480,12.03,383,31.833,91,7583,Right,0.372223,0.116911,0.512677,0.187293,0.635055,0.293419,0.715217,0.396378,0.748906,0.521436,0.546972,0.319081,0.605808,0.519195,0.656307,0.662766,0.692357,0.777172,0.438498,0.329017,0.480487,0.531742,0.514929,0.698499,0.543794,0.828637,0.336233,0.337641,0.351033,0.532637,0.35832,0.688142,0.37193,0.814413,0.245055,0.343255,0.209794,0.501185,0.183066,0.608736,0.165961,0.707449
record5_2.mp4,ae1179fee0e5d8b751f9f701b65a739895ef8e6c87e4c75c9385c130a993055f,640,480,12.03,383,31.833,92,7666,Right,0.372791,0.108163,0.514429,0.184492,0.636754,0.292384,0.715679,0.400185,0.741927,0.526217,0.545726,0.303938,0.610567,0.50642,0.66153,0.655308,0.696532,0.774483,0.436372,0.318131,0.477029,0.51915,0.513334,0.690638,0.544473,0.825246,0.332404,0.332969,0.347346,0.51922,0.358181,0.673431,0.37424,0.795777,0.244633,0.347323,0.212664,0.510509,0.185532,0.616454,0.166881,0.710632
record5_2.mp4,ae1179fee0e5d8b751f9f701b65a739895ef8e6c87e4c75c9385c130a993055f,640,480,12.03,383,31.833,93,7750,Right,0.372581,0.109869,0.513277,0.186272,0.634661,0.295263,0.711821,0.401644,0.74278,0.527296,0.547525,0.312387,0.606045,0.511307,0.656472,0.656091,0.692805,0.770304,0.437798,0.322644,0.477773,0.520647,0.51448,0.688536,0.545864,0.820267,0.334482,0.332674,0.348043,0.524176,0.358081,0.680925,0.374357,0.807467,0.244277,0.342682,0.211955,0.503956,0.186616,0.610596,0.1705,0.706362
record5_2.mp4,ae1179fee0e5d8b751f9f701b65a739895ef8e6c87e4c75c9385c130a993055f,640,480,12.03,383,31.833,94,7833,Right,0.376723,0.114198,0.509132,0.185377,0.632195,0.290926,0.71217,0.394526,0.755441,0.515771,0.549479,0.30444,0.612508,0.497239,0.660851,0.63591,0.698171,0.763518,0.441286,0.321878,0.479296,0.515566,0.510184,0.678685,0.538556,0.820242,0.338772,0.336658,0.349745,0.520657,0.356818,0.670711,0.371529,0.798649,0.251088,0.347699,0.218355,0.504519,0.190935,0.605321,0.172958,0.700402
record5_2.mp4,ae1179fee0e5d8b751f9f701b65a739895ef8e6c87e4c75c9385c130a993055f,640,480,12.03,383,31.833,95,7916,Right,0.375793,0.124189,0.514625,0.197627,0.633729,0.299927,0.71421,0.40221,0.734262,0.524673,0.551351,0.315688,0.606656,0.492153,0.65583,0.625961,0.690813,0.741008,0.443611,0.327032,0.479622,0.515909,0.512498,0.684327,0.538835,0.815823,0.338778,0.337778,0.351765,0.530247,0.359381,0.686782,0.375989,0.811469,0.247374,0.346564,0.211011,0.505166,0.185728,0.614331,0.170969,0.711533
record5_2.mp4,ae1179fee0e5d8b751f9f701b65a739895ef8e6c87e4c75c9385c130a993055f,640,480,12.03,383,31.833,96,8000,Right,0.373421,0.091713,0.511284,0.179103,0.631358,0.293556,0.711207,0.412147,0.739569,0.541581,0.54141,0.295248,0.60296,0.501712,0.651557,0.649896,0.682835,0.766125,0.436051,0.309642,0.477604,0.515291,0.51514,0.689381,0.543873,0.823029,0.33433,0.322404,0.351338,0.51377,0.365085,0.669645,0.379482,0.788399,0.249293,0.332306,0.218048,0.500542,0.19075,0.613791,0.169707,0.711
record5_2.mp4,ae1179fee0e5d8b751f9f701b65a739895ef8e6c87e4c75c9385c130a993055f,640,480,12.03,383,31.833,97,8083,Right,0.382365,0.116081,0.51924,0.190268,0.639888,0.29757,0.71147,0.41124,0.746618,0.538905,0.562487,0.325322,0.608441,0.516863,0.651269,0.649234,0.685393,0.768031,0.454642,0.338946,0.492157,0.540783,0.526668,0.708909,0.556302,0.852746,0.351377,0.343555,0.360537,0.530006,0.365882,0.677962,0.378388,0.804768,0.257741,0.342649,0.222671,0.500736,0.190431,0.605298,0.170754,0.703596
record5_2.mp4,ae1179fee0e5d8b751f9f701b65a739895ef8e6c87e4c75c9385c130a993055f,640,480,12.03,383,31.833,98,8166,Right,0.381413,0.108769,0.515272,0.180199,0.629435,0.293556,0.703825,0.403278,0.740578,0.515697,0.55339,0.318124,0.609924,0.516786,0.643978,0.650146,0.673638,0.765394,0.451288,0.323514,0.488303,0.469572,0.517,0.581025,0.544016,0.673509,0.348278,0.328189,0.347405,0.485129,0.343461,0.625894,0.348186,0.747802,0.252263,0.335668,0.215043,0.501151,0.180524,0.605445,0.150978,0.703524
record5_2.mp4,ae1179fee0e5d8b751f9f701b65a739895ef8e6c87e4c75c9385c130a993055f,640,480,12.03,383,31.833,99,8250,Right,0.376267,0.103073,0.507875,0.182781,0.626864,0.295492,0.704118,0.40903,0.742955,0.53316,0.554916,0.327329,0.611818,0.516362,0.652477,0.653811,0.682811,0.774511,0.449296,0.341628,0.486638,0.542352,0.51674,0.712073,0.541512,0.853436,0.346315,0.344913,0.350357,0.527896,0.350619,0.680877,0.356808,0.8103,0.254893,0.342566,0.221046,0.500232,0.191113,0.607718,0.171007,0.708101
record5_2.mp4,ae1179fee0e5d8b751f9f701b65a739895ef8e6c87e4c75c9385c130a993055f,640,480,12.03,383,31.833,100,8333,Right,0.381821,0.102653,0.514256,0.188626,0.630471,0.299704,0.706402,0.414158,0.744088,0.53955,0.548393,0.329644,0.605653,0.517363,0.649287,0.654878,0.676856,0.768445,0.44476,0.336823,0.47624,0.528977,0.504495,0.695179,0.525162,0.828613,0.344086,0.335074,0.345821,0.512361,0.35057,0.663812,0.360265,0.785803,0.254109,0.329365,0.216182,0.488214,0.189186,0.599498,0.171241,0.700366
record5_2.mp4,ae1179fee0e5d8b751f9f701b65a739895ef8e6c87e4c75c9385c130a993055f,640,480,12.03,383,31.833,101,8416,Right,0.380542,0.111771,0.511699,0.187666,0.62771,0.290032,0.703251,0.392799,0.749793,0.514836,0.553415,0.329738,0.607329,0.519979,0.649863,0.659417,0.67954,0.774852,0.447529,0.333828,0.479105,0.531541,0.505627,0.697005,0.526737,0.830142,0.345471,0.331984,0.348934,0.517803,0.351423,0.669685,0.360665,0.79444,0.252541,0.32762,0.214555,0.488882,0.187401,0.59939,0.170801,0.701015
record5_2.mp4,ae1179fee0e5d8b751f9f701b65a739895ef8e6c87e4c75c9385c130a993055f,640,480,12.03,383,31.833,102,8500,Right,0.382096,0.109861,0.516218,0.190169,0.635086,0.299053,0.71006,0.410562,0.745314,0.534481,0.552797,0.330574,0.608326,0.522083,0.650187,0.661551,0.677478,0.773363,0.445585,0.336632,0.47748,0.529623,0.507634,0.697141,0.531415,0.829318,0.34172,0.335732,0.34604,0.51707,0.351106,0.67248,0.362627,0.795481,0.250521,0.331955,0.215443,0.493672,0.188785,0.603085,0.171276,0.699915
record5_2.mp4,ae1179fee0e5d8b751f9f701b65a739895ef8e6c87e4c75c9385c130a993055f,640,480,12.03,383,31.833,103,8583,Right,0.377429,0.120569,0.511825,0.193225,0.631076,0.295689,0.708985,0.398246,0.745094,0.519571,0.549539,0.329647,0.604608,0.520621,0.648738,0.660438,0.678043,0.774661,0.441238,0.340403,0.475087,0.531794,0.506248,0.696892,0.53252,0.831011,0.337863,0.343827,0.342272,0.522185,0.347077,0.673934,0.359618,0.800309,0.246762,0.34197,0.212591,0.493564,0.187672,0.599653,0.17148,0.698537
record5_2.mp4,ae1179fee0e5d8b751f9f701b65a739895ef8e6c87e4c75c9385c130a993055f,640,480,12.03,383,31.833,104,8666,Right,0.380402,0.112031,0.513321,0.189274,0.631211,0.294299,0.707457,0.398274,0.74804,0.520015,0.55002,0.328854,0.603894,0.522799,0.644654,0.662426,0.670974,0.774896,0.442099,0.337984,0.472606,0.531386,0.50234,0.697391,0.526868,0.830087,0.338401,0.340164,0.341229,0.516895,0.347465,0.669265,0.360878,0.794289,0.247648,0.338348,0.213054,0.493856,0.186232,0.601508,0.168984,0.699549
record5_2.mp4,ae1179fee0e5d8b751f9f701b65a739895ef8e6c87e4c75c9385c130a993055f,640,480,12.03,383,31.833,105,8750,Right,0.379032,0.117238,0.50979,0.19208,0.630306,0.297708,0.710999,0.402487,0.754971,0.521315,0.547194,0.323044,0.608101,0.518215,0.654103,0.654406,0.687951,0.769696,0.440747,0.33853,0.471599,0.53225,0.499047,0.692685,0.52185,0.824559,0.339069,0.345042,0.343036,0.525864,0.345576,0.674451,0.356733,0.79843,0.251002,0.343994,0.216524,0.499009,0.188567,0.604619,0.168787,0.702642
record5_2.mp4,ae1179fee0e5d8b751f9f701b65a739895ef8e6c87e4c75c9385c130a993055f,640,480,12.03,383,31.833,106,8833,Right,0.382058,0.1282,0.512444,0.193473,0.638745,0.297823,0.721077,0.406885,0.755036,0.534109,0.554693,0.321063,0.609881,0.488132,0.650518,0.61352,0.679351,0.730936,0.444601,0.337292,0.47236,0.519744,0.498902,0.678894,0.522144,0.818306,0.341682,0.345911,0.342813,0.518388,0.345096,0.662423,0.358306,0.787662,0.253971,0.347657,0.219872,0.497772,0.189908,0.599523,0.170769,0.699019
record5_2.mp4,ae1179fee0e5d8b751f9f701b65a739895ef8e6c87e4c75c9385c130a993055f,640,480,12.03,383,31.833,107,8916,Right,0.378052,0.112432,0.508508,0.187288,0.633347,0.300556,0.714239,0.414563,0.747948,0.540282,0.548548,0.309332,0.604674,0.492444,0.648696,0.629863,0.679477,0.756207,0.438943,0.331478,0.472021,0.520437,0.499672,0.686418,0.521914,0.828394,0.336004,0.347025,0.342799,0.517749,0.351125,0.666252,0.365644,0.79361,0.251045,0.355158,0.217103,0.50961,0.18507,0.612461,0.161347,0.708808
record5_2.mp4,ae1179fee0e5d8b751f9f701b65a739895ef8e6c87e4c75c9385c130a993055f,640,480,12.03,383,31.833,108,9000,Right,0.379501,0.116332,0.517104,0.191202,0.637565,0.301406,0.716097,0.410556,0.752295,0.54074,0.553262,0.327411,0.610458,0.512704,0.655187,0.649648,0.684961,0.767386,0.442945,0.342597,0.476955,0.534367,0.505107,0.695022,0.529472,0.828987,0.339573,0.3511,0.346751,0.535631,0.349748,0.684893,0.360597,0.80812,0.249513,0.353718,0.210385,0.50882,0.178657,0.610775,0.158091,0.705988
record5_2.mp4,ae1179fee0e5d8b751f9f701b65a739895ef8e6c87e4c75c9385c130a993055f,640,480,12.03,383,31.833,109,9083,Right,0.379904,0.110994,0.514624,0.187941,0.635612,0.297856,0.714161,0.402908,0.750132,0.52935,0.551824,0.318776,0.60899,0.514935,0.652941,0.654884,0.682832,0.76862,0.442372,0.330324,0.473485,0.528911,0.502679,0.693244,0.530169,0.827472,0.338983,0.337514,0.343466,0.523182,0.344989,0.671048,0.357326,0.794026,0.249442,0.341538,0.214348,0.499882,0.183107,0.602941,0.162561,0.697335
record5_2.mp4,ae1179fee0e5d8b751f9f701b65a739895ef8e6c87e4c75c9385c130a993055f,640,480,12.03,383,31.833,110,9166,Right,0.379482,0.115741,0.514256,0.192405,0.634369,0.300383,0.711956,0.404068,0.746379,0.5288,0.551117,0.326321,0.60745,0.519844,0.650916,0.660269,0.679146,0.773849,0.442252,0.336717,0.471511,0.531819,0.500233,0.69777,0.525703,0.831681,0.338585,0.342997,0.339418,0.5221,0.343751,0.672478,0.356579,0.795694,0.248782,0.346261,0.210071,0.50308,0.180866,0.60857,0.160537,0.705206
record5_2.mp4,ae1179fee0e5d8b751f9f701b65a739895ef8e6c87e4c75c9385c130a993055f,640,480,12.03,383,31.833,111,9250,Right,0.378219,0.114737,0.510719,0.187271,0.630449,0.298368,0.710535,0.402469,0.753007,0.522959,0.547618,0.320412,0.60399,0.515221,0.646431,0.654782,0.675405,0.769247,0.439844,0.331442,0.472362,0.528721,0.501953,0.690578,0.529777,0.824736,0.337517,0.338792,0.342542,0.525433,0.344727,0.673902,0.357198,0.797653,0.247231,0.342163,0.21131,0.501701,0.182463,0.605268,0.16365,0.699828
record5_2.mp4,ae1179fee0e5d8b751f9f701b65a739895ef8e6c87e4c75c9385c130a993055f,640,480,12.03,383,31.833,112,9333,Right,0.383775,0.117892,0.512589,0.189281,0.633413,0.298772,0.712595,0.406017,0.759019,0.525997,0.54821,0.317291,0.60418,0.507647,0.646869,0.641284,0.68024,0.763212,0.440454,0.332927,0.470073,0.523414,0.498582,0.680484,0.525611,0.819021,0.339566,0.341768,0.343684,0.522442,0.34628,0.667504,0.358479,0.793268,0.253688,0.344277,0.218044,0.499759,0.188102,0.602866,0.166894,0.699962
record5_2.mp4,ae1179fee0e5d8b751f9f701b65a739895ef8e6c87e4c75c9385c130a993055f,640,480,12.03,383,31.833,113,9416,Right,0.378643,0.113492,0.509359,0.189735,0.631285,0.300964,0.70903,0.414278,0.748845,0.54452,0.552398,0.315351,0.610361,0.506181,0.65528,0.646444,0.688937,0.772355,0.44301,0.328275,0.47327,0.521937,0.501268,0.686629,0.52695,0.82764,0.339715,0.337564,0.342559,0.519807,0.348076,0.671654,0.362658,0.801818,0.251991,0.3427,0.215707,0.501827,0.18502,0.607815,0.163587,0.707219
record5_2.mp4,ae1179fee0e5d8b751f9f701b65a739895ef8e6c87e4c75c9385c130a993055f,640,480,12.03,383,31.833,114,9500,Right,0.381218,0.11078,0.51343,0.188657,0.632389,0.306594,0.711087,0.423695,0.742391,0.553598,0.546372,0.310352,0.612126,0.50094,0.658842,0.642892,0.692387,0.766448,0.436051,0.323919,0.470732,0.518863,0.499254,0.68414,0.525662,0.823388,0.334606,0.334413,0.340194,0.514266,0.346469,0.665605,0.359603,0.788653,0.250835,0.341693,0.215633,0.502625,0.185501,0.607933,0.162129,0.703864
record5_2.mp4,ae1179fee0e5d8b751f9f701b65a739895ef8e6c87e4c75c9385c130a993055f,640,480,12.03,383,31.833,115,9583,Right,0.377211,0.123349,0.514579,0.193658,0.633395,0.307741,0.709128,0.425612,0.75328,0.559037,0.551831,0.317953,0.610747,0.513243,0.658444,0.654551,0.692426,0.773848,0.441611,0.332856,0.476906,0.53217,0.505257,0.695245,0.530004,0.829552,0.339615,0.343563,0.346043,0.533724,0.348931,0.683006,0.360345,0.80708,0.249827,0.351096,0.209089,0.509205,0.17805,0.612139,0.159415,0.708209
record5_2.mp4,ae1179fee0e5d8b751f9f701b65a739895ef8e6c87e4c75c9385c130a993055f,640,480,12.03,383,31.833,116,9666,Right,0.383603,0.109878,0.517731,0.183613,0.637255,0.300963,0.712036,0.42023,0.743863,0.551629,0.55196,0.322628,0.615139,0.518745,0.660326,0.656589,0.694299,0.773282,0.441441,0.33232,0.469656,0.525843,0.499765,0.686123,0.528722,0.821356,0.338962,0.336712,0.338923,0.519136,0.343129,0.667201,0.356955,0.788408,0.252968,0.337682,0.214083,0.503627,0.182015,0.611115,0.159143,0.706833
record5_2.mp4,ae1179fee0e5d8b751f9f701b65a739895ef8e6c87e4c75c9385c130a993055f,640,480,12.03,383,31.833,117,9750,Right,0.379156,0.114297,0.513162,0.189403,0.632926,0.300282,0.709339,0.409682,0.749044,0.538971,0.548078,0.313652,0.609894,0.511196,0.657505,0.653432,0.692272,0.774683,0.437622,0.324675,0.469435,0.525128,0.499667,0.690239,0.52796,0.829653,0.335381,0.333131,0.340836,0.521229,0.346159,0.670622,0.359932,0.7957,0.248104,0.338367,0.213455,0.498381,0.184283,0.605207,0.163256,0.704292
record5_2.mp4,ae1179fee0e5d8b751f9f701b65a739895ef8e6c87e4c75c9385c130a993055f,640,480,12.03,383,31.833,118,9833,Right,0.374302,0.112271,0.509662,0.187251,0.626866,0.29861,0.709017,0.406892,0.747927,0.534366,0.53946,0.31814,0.596901,0.50861,0.64922,0.646855,0.688027,0.763166,0.431574,0.33269,0.459594,0.532816,0.491218,0.699562,0.520351,0.834089,0.329945,0.340472,0.331683,0.524289,0.341451,0.675112,0.35959,0.799508,0.243428,0.341973,0.207333,0.502058,0.179468,0.609386,0.161455,0.7067
record5_2.mp4,ae1179fee0e5d8b751f9f701b65a739895ef8e6c87e4c75c9385c130a993055f,640,480,12.03,383,31.833,119,9916,Right,0.371182,0.121066,0.51025,0.192932,0.627603,0.312728,0.70838,0.425095,0.750777,0.552896,0.531686,0.328254,0.582505,0.506713,0.630918,0.643164,0.667273,0.758584,0.424583,0.341179,0.455642,0.539299,0.488111,0.703043,0.518396,0.834633,0.325395,0.349193,0.329073,0.53841,0.334481,0.691657,0.35128,0.821027,0.234665,0.346943,0.190968,0.497935,0.165017,0.60473,0.153345,0.70363
record5_2.mp4,ae1179fee0e5d8b751f9f701b65a739895ef8e6c87e4c75c9385c130a993055f,640,480,12.03,383,31.833,120,10000,Right,0.369705,0.118765,0.504446,0.190226,0.632799,0.302451,0.712491,0.421312,0.753553,0.554678,0.535189,0.318528,0.594148,0.509607,0.64355,0.648795,0.682916,0.775726,0.424495,0.338821,0.460735,0.534463,0.494172,0.694513,0.522636,0.833208,0.32411,0.351224,0.332561,0.528921,0.34249,0.676574,0.359083,0.806132,0.23899,0.35472,0.205483,0.506818,0.178681,0.609923,0.162089,0.710315
record5_2.mp4,ae1179fee0e5d8b751f9f701b65a739895ef8e6c87e4c75c9385c130a993055f,640,480,12.03,383,31.833,121,10083,Right,0.373655,0.115569,0.512232,0.19392,0.632826,0.311616,0.711718,0.425779,0.743701,0.557527,0.543397,0.317679,0.602873,0.51528,0.649417,0.659183,0.683115,0.77493,0.433241,0.329294,0.464626,0.534343,0.497194,0.700709,0.527473,0.830366,0.331674,0.334898,0.338212,0.525131,0.34592,0.680199,0.362545,0.807291,0.243589,0.335571,0.206344,0.493576,0.177387,0.600321,0.159037,0.698661
record5_2.mp4,ae1179fee0e5d8b751f9f701b65a739895ef8e6c87e4c75c9385c130a993055f,640,480,12.03,383,31.833,122,10166,Right,0.375878,0.112849,0.507383,0.190301,0.625652,0.309602,0.708871,0.423185,0.739893,0.552132,0.531718,0.307304,0.593055,0.493136,0.639961,0.628629,0.673452,0.746802,0.426227,0.321848,0.462513,0.51791,0.496248,0.681016,0.526459,0.817248,0.327686,0.333689,0.336015,0.519532,0.344858,0.672583,0.361796,0.798873,0.244959,0.338881,0.211376,0.496258,0.183976,0.602519,0.165718,0.70051
record5_2.mp4,ae1179fee0e5d8b751f9f701b65a739895ef8e6c87e4c75c9385c130a993055f,640,480,12.03,383,31.833,123,10250,Right,0.374829,0.125076,0.508392,0.194559,0.6283,0.316151,0.706994,0.433603,0.751053,0.563564,0.537691,0.312043,0.59731,0.49652,0.64619,0.636533,0.684329,0.763921,0.429237,0.328052,0.466763,0.527458,0.497634,0.690098,0.525602,0.830246,0.33099,0.339145,0.337959,0.528332,0.345013,0.682192,0.360952,0.813245,0.245495,0.342283,0.205565,0.497746,0.177866,0.601644,0.160711,0.700373
record5_2.mp4,ae1179fee0e5d8b751f9f701b65a739895ef8e6c87e4c75c9385c130a993055f,640,480,12.03,383,31.833,124,10333,Right,0.380198,0.117335,0.514316,0.195374,0.632412,0.312027,0.707918,0.429279,0.749699,0.560745,0.546361,0.316773,0.603159,0.504106,0.649067,0.643274,0.684666,0.766892,0.434699,0.328535,0.466767,0.524504,0.497386,0.686972,0.527306,0.826617,0.333898,0.336392,0.337679,0.522072,0.342285,0.674305,0.356815,0.802502,0.247688,0.339317,0.209101,0.499117,0.179743,0.603368,0.161777,0.700816
record5_2.mp4,ae1179fee0e5d8b751f9f701b65a739895ef8e6c87e4c75c9385c130a993055f,640,480,12.03,383,31.833,125,10416,Right,0.379447,0.129227,0.511489,0.201791,0.634444,0.314518,0.715203,0.425022,0.746248,0.550134,0.546396,0.316903,0.604178,0.459316,0.647684,0.576604,0.680962,0.693185,0.436384,0.329635,0.465922,0.5169,0.494025,0.67575,0.520229,0.815621,0.334862,0.340459,0.336732,0.51889,0.340891,0.666181,0.355483,0.791055,0.248235,0.345664,0.210165,0.49982,0.179873,0.599534,0.162647,0.696433
record5_2.mp4,ae1179fee0e5d8b751f9f701b65a739895ef8e6c87e4c75c9385c130a993055f,640,480,12.03,383,31.833,126,10500,Right,0.381389,0.122825,0.512605,0.202937,0.63578,0.320015,0.71751,0.427419,0.74135,0.546989,0.546993,0.322181,0.605647,0.458925,0.647807,0.570634,0.679427,0.686302,0.438305,0.337287,0.467544,0.519996,0.493213,0.673388,0.518721,0.814788,0.335901,0.349179,0.338469,0.521689,0.341468,0.662819,0.356574,0.785232,0.249434,0.354162,0.211238,0.503967,0.181005,0.599907,0.162691,0.694731
record5_2.mp4,ae1179fee0e5d8b751f9f701b65a739895ef8e6c87e4c75c9385c130a993055f,640,480,12.03,383,31.833,127,10583,Right,0.37595,0.126125,0.51282,0.201579,0.632899,0.319831,0.713314,0.431036,0.749931,0.561724,0.547055,0.320642,0.610652,0.499484,0.659629,0.64048,0.694409,0.767782,0.434203,0.335727,0.467373,0.530452,0.496936,0.693345,0.52581,0.835061,0.33334,0.347918,0.338323,0.533082,0.345199,0.68464,0.361076,0.81341,0.247559,0.352945,0.206951,0.50552,0.177072,0.604848,0.157828,0.701453
record5_2.mp4,ae1179fee0e5d8b751f9f701b65a739895ef8e6c87e4c75c9385c130a993055f,640,480,12.03,383,31.833,128,10666,Right,0.378627,0.120342,0.514086,0.195892,0.633144,0.314256,0.711567,0.427308,0.747024,0.554971,0.545272,0.315264,0.611121,0.500403,0.66089,0.641633,0.697088,0.768638,0.431839,0.330121,0.464538,0.526752,0.494637,0.689068,0.524932,0.830181,0.32976,0.344287,0.336043,0.527573,0.342929,0.674546,0.358417,0.798547,0.245587,0.353203,0.20996,0.510978,0.180703,0.610603,0.160905,0.706565
record5_2.mp4,ae1179fee0e5d8b751f9f701b65a739895ef8e6c87e4c75c9385c130a993055f,640,480,12.03,383,31.833,129,10750,Right,0.374156,0.13154,0.5108,0.199595,0.634039,0.31295,0.715643,0.425433,0.748678,0.560941,0.54431,0.310428,0.6122,0.498967,0.66172,0.64271,0.6968,0.771922,0.430449,0.327034,0.466905,0.528542,0.497516,0.694403,0.528379,0.835954,0.328903,0.342351,0.335949,0.528438,0.341445,0.678123,0.35876,0.806344,0.243326,0.352001,0.205419,0.508942,0.176641,0.611628,0.161593,0.709639
record5_2.mp4,ae1179fee0e5d8b751f9f701b65a739895ef8e6c87e4c75c9385c130a993055f,640,480,12.03,383,31.833,130,10833,Right,0.376776,0.115153,0.51072,0.191151,0.632088,0.310389,0.712205,0.42355,0.739136,0.554077,0.5418,0.311876,0.610394,0.501395,0.659718,0.643009,0.69522,0.769099,0.429397,0.326498,0.465233,0.526302,0.495293,0.690251,0.525379,0.831345,0.328595,0.339134,0.336019,0.525619,0.341729,0.673671,0.356671,0.797733,0.246286,0.345684,0.211792,0.504034,0.182985,0.606513,0.16425,0.703877
record5_2.mp4,ae1179fee0e5d8b751f9f701b65a739895ef8e6c87e4c75c9385c130a993055f,640,480,12.03,383,31.833,131,10916,Right,0.376334,0.129806,0.509413,0.20252,0.633918,0.316378,0.71848,0.427752,0.748322,0.5539,0.544895,0.324163,0.611411,0.49139,0.658558,0.618441,0.694866,0.739199,0.433439,0.33873,0.466552,0.527786,0.493431,0.685282,0.519343,0.820867,0.33164,0.347846,0.336414,0.527367,0.341391,0.675963,0.356379,0.80152,0.245811,0.349439,0.209632,0.503149,0.180947,0.602821,0.161754,0.699391
record5_2.mp4,ae1179fee0e5d8b751f9f701b65a739895ef8e6c87e4c75c9385c130a993055f,640,480,12.03,383,31.833,132,11000,Right,0.378134,0.128304,0.509065,0.201296,0.630206,0.311175,0.712342,0.414815,0.734678,0.538494,0.544131,0.323409,0.602684,0.454741,0.647364,0.559535,0.67801,0.660807,0.437041,0.344019,0.467942,0.525785,0.495811,0.684754,0.518289,0.82476,0.335513,0.357629,0.33461,0.533421,0.339959,0.674596,0.355863,0.797312,0.249946,0.361085,0.207795,0.509259,0.17729,0.609537,0.159986,0.708937
record5_2.mp4,ae1179fee0e5d8b751f9f701b65a739895ef8e6c87e4c75c9385c130a993055f,640,480,12.03,383,31.833,133,11083,Right,0.380306,0.13109,0.518158,0.200442,0.63783,0.314686,0.71634,0.425644,0.75045,0.55701,0.549261,0.319025,0.61577,0.500767,0.668723,0.64168,0.708791,0.769242,0.432615,0.335107,0.468123,0.533745,0.49666,0.695315,0.52603,0.836639,0.330234,0.349658,0.337431,0.533169,0.343355,0.683917,0.357468,0.812515,0.245513,0.3574,0.20611,0.510902,0.175654,0.609821,0.155026,0.705862
record5_2.mp4,ae1179fee0e5d8b751f9f701b65a739895ef8e6c87e4c75c9385c130a993055f,640,480,12.03,383,31.833,134,11166,Right,0.373596,0.125603,0.509588,0.19806,0.632477,0.310387,0.712867,0.41925,0.749966,0.548549,0.546,0.315362,0.613658,0.501808,0.665978,0.639738,0.705774,0.763982,0.432646,0.331127,0.466649,0.528781,0.49506,0.687774,0.524465,0.827375,0.33122,0.345397,0.335968,0.530415,0.340211,0.676798,0.354527,0.80149,0.246433,0.354759,0.210136,0.509191,0.181289,0.608702,0.162615,0.705362
record5_2.mp4,ae1179fee0e5d8b751f9f701b65a739895ef8e6c87e4c75c9385c130a993055f,640,480,12.03,383,31.833,135,11250,Right,0.37472,0.121615,0.503527,0.193727,0.631782,0.312607,0.716418,0.421501,0.745362,0.538241,0.53281,0.309868,0.607389,0.440744,0.663018,0.538701,0.71082,0.639358,0.427322,0.33093,0.464793,0.525004,0.496749,0.681618,0.523033,0.822954,0.330505,0.348092,0.337269,0.536843,0.342211,0.68107,0.355986,0.806164,0.250103,0.357366,0.215252,0.511611,0.181484,0.607939,0.159014,0.701106
record5_2.mp4,ae1179fee0e5d8b751f9f701b65a739895ef8e6c87e4c75c9385c130a993055f,640,480,12.03,383,31.833,136,11333,Right,0.376737,0.118234,0.514485,0.20177,0.643223,0.325649,0.731813,0.439377,0.76843,0.54597,0.5406,0.316483,0.627045,0.43308,0.687898,0.539009,0.737571,0.640727,0.435398,0.330186,0.475005,0.520544,0.507454,0.680812,0.53197,0.814869,0.336709,0.341937,0.34697,0.527576,0.356991,0.677896,0.371052,0.801337,0.248781,0.347582,0.212772,0.504821,0.183748,0.604534,0.165046,0.697837
record5_2.mp4,ae1179fee0e5d8b751f9f701b65a739895ef8e6c87e4c75c9385c130a993055f,640,480,12.03,383,31.833,137,11416,Right,0.366822,0.130671,0.5133,0.203064,0.643305,0.321478,0.721518,0.4365,0.752801,0.563394,0.559379,0.32593,0.631148,0.506751,0.685107,0.642674,0.729602,0.765854,0.446078,0.351763,0.495892,0.581097,0.530296,0.750516,0.563788,0.900771,0.344689,0.370008,0.375006,0.588384,0.393871,0.737231,0.417678,0.868858,0.256641,0.378647,0.213505,0.526207,0.175166,0.613441,0.145971,0.703266
record5_2.mp4,ae1179fee0e5d8b751f9f701b65a739895ef8e6c87e4c75c9385c130a993055f,640,480,12.03,383,31.833,138,11500,Right,0.381552,0.130147,0.522937,0.195393,0.644551,0.321774,0.717863,0.442693,0.750777,0.560428,0.560504,0.314536,0.633229,0.504993,0.678364,0.626964,0.716124,0.743247,0.451322,0.331857,0.48302,0.486867,0.497405,0.591386,0.508752,0.698386,0.344882,0.341128,0.315879,0.502038,0.269455,0.624854,0.231451,0.735086,0.247856,0.346294,0.210657,0.485452,0.167399,0.563319,0.120113,0.644749
record5_2.mp4,ae1179fee0e5d8b751f9f701b65a739895ef8e6c87e4c75c9385c130a993055f,640,480,12.03,383,31.833,139,11583,Right,0.382778,0.132406,0.519721,0.189606,0.646261,0.318102,0.718406,0.443132,0.760689,0.566762,0.567587,0.32331,0.641049,0.506217,0.690527,0.631954,0.734947,0.750406,0.461506,0.334462,0.506104,0.513659,0.531054,0.651471,0.555696,0.783267,0.356015,0.342121,0.369338,0.534716,0.374584,0.680375,0.389382,0.818877,0.25421,0.349618,0.212002,0.503896,0.178993,0.590986,0.154533,0.685066
record5_2.mp4,ae1179fee0e5d8b751f9f701b65a739895ef8e6c87e4c75c9385c130a993055f,640,480,12.03,383,31.833,140,11666,Right,0.372284,0.119737,0.51085,0.186747,0.641972,0.305157,0.721863,0.425976,0.75852,0.554576,0.567655,0.327414,0.641544,0.513107,0.686633,0.644016,0.724421,0.762766,0.458743,0.348742,0.511165,0.564211,0.541911,0.728637,0.570848,0.872448,0.354927,0.352966,0.384066,0.552617,0.390768,0.70207,0.4055,0.831425,0.259303,0.349076,0.23645,0.504933,0.211682,0.600398,0.197766,0.691291
record5_2.mp4,ae1179fee0e5d8b751f9f701b65a739895ef8e6c87e4c75c9385c130a993055f,640,480,12.03,383,31.833,141,11750,Right,0.380168,0.119419,0.515979,0.195463,0.63731,0.309009,0.721617,0.424491,0.756714,0.551198,0.549291,0.314729,0.628276,0.498442,0.682758,0.639014,0.724023,0.758939,0.442507,0.331898,0.483259,0.529909,0.515466,0.69105,0.544705,0.819468,0.342509,0.342477,0.356528,0.524869,0.373605,0.676704,0.393642,0.795497,0.257785,0.347252,0.227272,0.50729,0.201677,0.608585,0.179849,0.697871
record5_2.mp4,ae1179fee0e5d8b751f9f701b65a739895ef8e6c87e4c75c9385c130a993055f,640,480,12.03,383,31.833,142,11833,Right,0.374736,0.132368,0.515589,0.196972,0.642971,0.308889,0.726197,0.422069,0.76783,0.554674,0.556884,0.318509,0.629957,0.500951,0.685867,0.640168,0.729171,0.765785,0.441458,0.33471,0.484601,0.527434,0.51868,0.6885,0.551796,0.829843,0.33833,0.350255,0.3573,0.533554,0.372016,0.679097,0.394008,0.803592,0.251704,0.36228,0.22075,0.513762,0.196176,0.613708,0.179352,0.711648
record5_2.mp4,ae1179fee0e5d8b751f9f701b65a739895ef8e6c87e4c75c9385c130a993055f,640,480,12.03,383,31.833,143,11916,Right,0.375193,0.122851,0.500938,0.187002,0.633746,0.297844,0.722311,0.412472,0.771316,0.54025,0.546187,0.307494,0.628482,0.482839,0.683332,0.615925,0.72667,0.743485,0.443937,0.328819,0.490895,0.526338,0.526457,0.695283,0.558612,0.847121,0.347161,0.343136,0.370549,0.533433,0.383851,0.679808,0.404744,0.809234,0.262198,0.350877,0.2336,0.509768,0.206249,0.611526,0.188867,0.709689
record5_2.mp4,ae1179fee0e5d8b751f9f701b65a739895ef8e6c87e4c75c9385c130a993055f,640,480,12.03,383,31.833,144,12000,Right,0.369759,0.108611,0.510413,0.204177,0.624254,0.378107,0.691927,0.541271,0.735967,0.662125,0.561663,0.324327,0.651724,0.438714,0.70588,0.53325,0.754282,0.635561,0.467142,0.331194,0.521502,0.510973,0.560965,0.656788,0.592991,0.790282,0.36239,0.336593,0.380931,0.52374,0.39158,0.674187,0.399893,0.811893,0.256387,0.333962,0.226943,0.488885,0.210027,0.578664,0.19573,0.674232
record5_2.mp4,ae1179fee0e5d8b751f9f701b65a739895ef8e6c87e4c75c9385c130a993055f,640,480,12.03,383,31.833,145,12083,Right,0.373194,0.136145,0.46838,0.259951,0.558581,0.45117,0.620305,0.607773,0.671603,0.712066,0.517738,0.357432,0.598663,0.477878,0.645044,0.567391,0.678922,0.661852,0.47753,0.309922,0.538058,0.437023,0.579539,0.546836,0.604946,0.641948,0.422081,0.288445,0.480909,0.445987,0.530486,0.580317,0.564993,0.701959,0.357925,0.285002,0.374113,0.433094,0.388508,0.536464,0.390739,0.643135
record5_2.mp4,ae1179fee0e5d8b751f9f701b65a739895ef8e6c87e4c75c9385c130a993055f,640,480,12.03,383,31.833,146,12166,Right,0.369167,0.125562,0.505407,0.18722,0.638813,0.300954,0.726628,0.422955,0.767831,0.544775,0.554454,0.313225,0.634216,0.487273,0.684936,0.624235,0.728791,0.747942,0.446623,0.331728,0.486417,0.529759,0.517087,0.690557,0.546954,0.826342,0.341977,0.336665,0.354627,0.511417,0.371663,0.661481,0.390728,0.784055,0.249351,0.335513,0.220851,0.50129,0.193503,0.606122,0.170211,0.696163
record5_2.mp4,ae1179fee0e5d8b751f9f701b65a739895ef8e6c87e4c75c9385c130a993055f,640,480,12.03,383,31.833,147,12250,Right,0.373736,0.133807,0.514468,0.202051,0.642144,0.31038,0.72681,0.417399,0.762803,0.541833,0.557248,0.318278,0.634438,0.500602,0.689873,0.638943,0.732029,0.76252,0.446077,0.334449,0.485744,0.528961,0.516835,0.692046,0.545699,0.826804,0.342751,0.347605,0.356756,0.529301,0.366918,0.675064,0.384094,0.795491,0.256455,0.356737,0.221677,0.509987,0.19262,0.612257,0.171588,0.707499
record5_2.mp4,ae1179fee0e5d8b751f9f701b65a739895ef8e6c87e4c75c9385c130a993055f,640,480,12.03,383,31.833,148,12333,Right,0.380691,0.133773,0.520178,0.199792,0.649227,0.309861,0.731722,0.42268,0.765144,0.552023,0.558402,0.324137,0.635405,0.504789,0.68955,0.645639,0.729924,0.768117,0.447089,0.34202,0.489392,0.535648,0.518931,0.700492,0.545404,0.837015,0.343517,0.353714,0.362359,0.529772,0.372419,0.672913,0.387916,0.789074,0.255778,0.360413,0.223674,0.514516,0.193774,0.615101,0.170915,0.707671
record5_2.mp4,ae1179fee0e5d8b751f9f701b65a739895ef8e6c87e4c75c9385c130a993055f,640,480,12.03,383,31.833,149,12416,Right,0.372399,0.134309,0.512132,0.197226,0.645231,0.307294,0.730725,0.416478,0.773364,0.544349,0.559357,0.327449,0.637351,0.508071,0.693657,0.644309,0.737799,0.768832,0.448046,0.345706,0.489971,0.542699,0.522107,0.701059,0.555765,0.842701,0.345699,0.359574,0.367372,0.547317,0.378842,0.685625,0.399405,0.804112,0.257019,0.366726,0.223026,0.518276,0.193258,0.612353,0.173111,0.70543
record5_2.mp4,ae1179fee0e5d8b751f9f701b65a739895ef8e6c87e4c75c9385c130a993055f,640,480,12.03,383,31.833,150,12500,Right,0.374131,0.127,0.516438,0.20136,0.657639,0.335402,0.74661,0.461637,0.797739,0.579025,0.560517,0.331137,0.641439,0.481921,0.690583,0.597644,0.733426,0.717287,0.452247,0.341293,0.498984,0.540992,0.528489,0.707794,0.556958,0.858763,0.349812,0.347892,0.365283,0.537841,0.368303,0.690866,0.380848,0.828049,0.25832,0.34966,0.224162,0.501513,0.193006,0.592035,0.175079,0.684221
record5_2.mp4,ae1179fee0e5d8b751f9f701b65a739895ef8e6c87e4c75c9385c130a993055f,640,480,12.03,383,31.833,151,12583,Right,0.373444,0.10229,0.504242,0.18319,0.636464,0.309122,0.73031,0.414646,0.80485,0.512506,0.561821,0.304289,0.643566,0.426225,0.698405,0.517516,0.751897,0.617971,0.456533,0.333332,0.500961,0.540851,0.531146,0.699698,0.558259,0.853761,0.354942,0.343856,0.342208,0.520985,0.330633,0.668045,0.328132,0.813441,0.261861,0.342885,0.209659,0.476381,0.166488,0.560102,0.137589,0.655053
record5_2.mp4,ae1179fee0e5d8b751f9f701b65a739895ef8e6c87e4c75c9385c130a993055f,640,480,12.03,383,31.833,152,12666,Right,0.36316,0.105458,0.495109,0.219058,0.606025,0.403063,0.685392,0.562047,0.745617,0.676023,0.546363,0.311098,0.629421,0.409718,0.676186,0.484875,0.716895,0.57137,0.449084,0.309261,0.485492,0.438272,0.4964,0.541334,0.499913,0.641635,0.350527,0.316996,0.336401,0.460029,0.310095,0.581799,0.28661,0.697706,0.257042,0.325088,0.221073,0.461754,0.191186,0.535288,0.159382,0.616449
record5_2.mp4,ae1179fee0e5d8b751f9f701b65a739895ef8e6c87e4c75c9385c130a993055f,640,480,12.03,383,31.833,153,12750,Right,0.381493,0.1031,0.516451,0.18075,0.643484,0.323128,0.731284,0.447253,0.810361,0.540696,0.560865,0.305669,0.645695,0.429119,0.700596,0.518545,0.755464,0.612351,0.458615,0.311206,0.506427,0.505103,0.543,0.657452,0.574647,0.800919,0.352559,0.311414,0.345918,0.485851,0.332626,0.631151,0.326679,0.769861,0.250996,0.30937,0.207047,0.457434,0.168485,0.54367,0.138106,0.637428
record5_2.mp4,ae1179fee0e5d8b751f9f701b65a739895ef8e6c87e4c75c9385c130a993055f,640,480,12.03,383,31.833,154,12833,Right,0.382408,0.12574,0.511854,0.193276,0.647963,0.302537,0.737122,0.419922,0.784045,0.54148,0.553206,0.318265,0.636387,0.500135,0.689885,0.632224,0.734385,0.757711,0.441747,0.339325,0.486381,0.544172,0.516039,0.706104,0.542039,0.850822,0.342053,0.345512,0.3552,0.532897,0.3628,0.681907,0.375092,0.812374,0.258731,0.339796,0.224744,0.494239,0.191052,0.594255,0.166533,0.690303
record5_2.mp4,ae1179fee0e5d8b751f9f701b65a739895ef8e6c87e4c75c9385c130a993055f,640,480,12.03,383,31.833,155,12916,Right,0.371679,0.120998,0.516124,0.198317,0.648847,0.312602,0.736026,0.421522,0.776784,0.550338,0.558028,0.326215,0.63123,0.509997,0.68905,0.649849,0.731781,0.772033,0.446844,0.341143,0.488386,0.538791,0.523045,0.704009,0.554294,0.844272,0.342512,0.353423,0.361208,0.537873,0.374008,0.683377,0.392903,0.805818,0.250778,0.360136,0.216412,0.509064,0.188199,0.608834,0.167322,0.706033
record5_2.mp4,ae1179fee0e5d8b751f9f701b65a739895ef8e6c87e4c75c9385c130a993055f,640,480,12.03,383,31.833,156,13000,Right,0.37632,0.124305,0.515599,0.193698,0.647802,0.31384,0.730536,0.4339,0.781064,0.559261,0.554893,0.324909,0.628793,0.504864,0.685387,0.639912,0.733267,0.764474,0.445339,0.336675,0.486754,0.533364,0.521578,0.693678,0.557725,0.839448,0.34471,0.345911,0.363363,0.536957,0.37448,0.679653,0.395351,0.804835,0.255828,0.351125,0.220709,0.505498,0.19421,0.603626,0.177898,0.700974
record5_2.mp4,ae1179fee0e5d8b751f9f701b65a739895ef8e6c87e4c75c9385c130a993055f,640,480,12.03,383,31.833,157,13083,Right,0.383333,0.131301,0.534055,0.191638,0.673111,0.340631,0.756576,0.485742,0.810847,0.605845,0.573852,0.336214,0.642008,0.48336,0.686989,0.591079,0.728358,0.703624,0.462686,0.342743,0.503638,0.528486,0.529518,0.677558,0.553849,0.815174,0.353107,0.348313,0.367995,0.534219,0.372516,0.677807,0.384902,0.809156,0.24695,0.350503,0.213894,0.503325,0.187598,0.593288,0.172337,0.689077
record5_2.mp4,ae1179fee0e5d8b751f9f701b65a739895ef8e6c87e4c75c9385c130a993055f,640,480,12.03,383,31.833,158,13166,Right,0.374975,0.124428,0.522638,0.19691,0.657541,0.354216,0.744161,0.498149,0.814527,0.611122,0.565953,0.319461,0.636475,0.439604,0.678472,0.537681,0.717822,0.641673,0.458167,0.325247,0.489585,0.474401,0.515726,0.599027,0.542722,0.717822,0.352081,0.333031,0.352892,0.481397,0.359135,0.600515,0.376582,0.715204,0.251283,0.337943,0.210338,0.476639,0.186498,0.564639,0.172619,0.660336
record5_2.mp4,ae1179fee0e5d8b751f9f701b65a739895ef8e6c87e4c75c9385c130a993055f,640,480,12.03,383,31.833,159,13250,Right,0.374681,0.120191,0.509843,0.186603,0.638907,0.337595,0.724827,0.483883,0.789963,0.597663,0.555633,0.303218,0.634115,0.426473,0.681188,0.525699,0.72044,0.627113,0.450741,0.302551,0.487406,0.42454,0.519001,0.54303,0.547,0.648822,0.345238,0.308257,0.35014,0.444995,0.3645,0.572914,0.386288,0.690192,0.242099,0.320031,0.207091,0.465549,0.188313,0.562403,0.176963,0.65796
record5_2.mp4,ae1179fee0e5d8b751f9f701b65a739895ef8e6c87e4c75c9385c130a993055f,640,480,12.03,383,31.833,160,13333,Right,0.382668,0.118671,0.516211,0.194895,0.650899,0.320532,0.742494,0.437553,0.821235,0.52358,0.559645,0.319683,0.624129,0.473301,0.664748,0.596252,0.697555,0.714426,0.452461,0.326581,0.486092,0.522744,0.508734,0.68669,0.524876,0.832299,0.348787,0.328839,0.353862,0.506305,0.359151,0.652713,0.364952,0.781053,0.254029,0.326444,0.216202,0.486192,0.186392,0.587429,0.161837,0.683493
record5_2.mp4,ae1179fee0e5d8b751f9f701b65a739895ef8e6c87e4c75c9385c130a993055f,640,480,12.03,383,31.833,161,13416,Right,0.377802,0.120837,0.514516,0.201931,0.645318,0.320137,0.735423,0.4218,0.805697,0.515441,0.553912,0.325512,0.622145,0.496757,0.673817,0.630982,0.715821,0.75296,0.44394,0.329749,0.477509,0.520856,0.504663,0.68653,0.527849,0.828233,0.340107,0.334867,0.350232,0.510254,0.357825,0.660706,0.370295,0.789416,0.248173,0.340114,0.213968,0.495905,0.186137,0.602003,0.165566,0.702038
record5_2.mp4,ae1179fee0e5d8b751f9f701b65a739895ef8e6c87e4c75c9385c130a993055f,640,480,12.03,383,31.833,162,13500,Right,0.374068,0.119267,0.51368,0.200975,0.645333,0.324081,0.734853,0.434988,0.799808,0.547749,0.552994,0.322742,0.621989,0.502733,0.674968,0.640328,0.716282,0.76384,0.4422,0.331226,0.475905,0.525437,0.50501,0.6899,0.531509,0.830578,0.338598,0.33957,0.348809,0.519971,0.357306,0.666573,0.372897,0.790169,0.247771,0.344831,0.210056,0.501512,0.182298,0.60719,0.16315,0.707167
record5_2.mp4,ae1179fee0e5d8b751f9f701b65a739895ef8e6c87e4c75c9385c130a993055f,640,480,12.03,383,31.833,163,13583,Right,0.376343,0.113773,0.517775,0.199072,0.648955,0.323985,0.734712,0.436469,0.799339,0.547976,0.557965,0.323248,0.626336,0.511114,0.678484,0.651194,0.720812,0.773047,0.446793,0.328258,0.480889,0.528093,0.509762,0.693934,0.535845,0.832525,0.342656,0.33332,0.352715,0.517947,0.360684,0.665298,0.375824,0.786623,0.249795,0.338792,0.214045,0.500634,0.184723,0.605806,0.164087,0.70245
record5_2.mp4,ae1179fee0e5d8b751f9f701b65a739895ef8e6c87e4c75c9385c130a993055f,640,480,12.03,383,31.833,164,13666,Right,0.379132,0.118407,0.518131,0.202936,0.647341,0.326268,0.734493,0.435109,0.799426,0.540011,0.55559,0.334415,0.624359,0.514691,0.675776,0.64921,0.716669,0.767951,0.444541,0.338049,0.479615,0.529137,0.509532,0.692187,0.535502,0.830378,0.340831,0.341717,0.350204,0.517844,0.357613,0.665153,0.371849,0.790944,0.249079,0.346287,0.215491,0.497458,0.188364,0.599545,0.16882,0.696621
record5_2.mp4,ae1179fee0e5d8b751f9f701b65a739895ef8e6c87e4c75c9385c130a993055f,640,480,12.03,383,31.833,165,13750,Right,0.378475,0.122416,0.521847,0.20729,0.653645,0.331952,0.740936,0.443577,0.805707,0.557147,0.557847,0.331967,0.624022,0.513066,0.677152,0.648737,0.720787,0.771153,0.445702,0.33469,0.480897,0.527099,0.512053,0.690013,0.5419,0.832337,0.342456,0.339798,0.353911,0.520926,0.364053,0.666587,0.382798,0.789423,0.25082,0.344479,0.213107,0.501141,0.185474,0.605113,0.167646,0.704262
record5_2.mp4,ae1179fee0e5d8b751f9f701b65a739895ef8e6c87e4c75c9385c130a993055f,640,480,12.03,383,31.833,166,13833,Right,0.381412,0.115031,0.524297,0.21355,0.657931,0.351842,0.750069,0.460802,0.820291,0.551889,0.565701,0.355796,0.633316,0.524946,0.681847,0.651867,0.723418,0.764545,0.455059,0.350667,0.495089,0.550369,0.52367,0.713489,0.549512,0.850318,0.351307,0.344283,0.364272,0.529572,0.366019,0.68502,0.375747,0.81662,0.256414,0.337558,0.218479,0.49219,0.185982,0.591239,0.163639,0.688116
record5_2.mp4,ae1179fee0e5d8b751f9f701b65a739895ef8e6c87e4c75c9385c130a993055f,640,480,12.03,383,31.833,167,13916,Right,0.366506,0.116929,0.503916,0.199203,0.646007,0.329028,0.741976,0.4418,0.8146,0.544361,0.549567,0.329325,0.624635,0.501099,0.676324,0.627537,0.716177,0.749892,0.44161,0.343454,0.479407,0.545773,0.50376,0.708075,0.522653,0.85211,0.340904,0.351102,0.352775,0.539011,0.354486,0.682213,0.364173,0.811208,0.249919,0.352355,0.217165,0.501852,0.183436,0.599478,0.159564,0.696012
record5_2.mp4,ae1179fee0e5d8b751f9f701b65a739895ef8e6c87e4c75c9385c130a993055f,640,480,12.03,383,31.833,168,14000,Right,0.380259,0.119381,0.520096,0.202232,0.648026,0.33025,0.731722,0.445829,0.79254,0.556734,0.556964,0.326575,0.624664,0.50757,0.674812,0.641197,0.71702,0.760713,0.444433,0.333543,0.475727,0.523907,0.503686,0.684576,0.531067,0.821868,0.341973,0.339492,0.34782,0.516216,0.354387,0.66565,0.36993,0.789422,0.254003,0.344379,0.217719,0.506908,0.18715,0.610978,0.16388,0.704167
record5_2.mp4,ae1179fee0e5d8b751f9f701b65a739895ef8e6c87e4c75c9385c130a993055f,640,480,12.03,383,31.833,169,14083,Right,0.379939,0.122764,0.51702,0.202333,0.646524,0.324558,0.733078,0.435953,0.795177,0.549712,0.552854,0.320055,0.620603,0.497494,0.675258,0.635016,0.719543,0.762179,0.438337,0.328394,0.472078,0.519501,0.501183,0.68391,0.529536,0.830207,0.334907,0.340869,0.343868,0.516666,0.355948,0.660318,0.375815,0.782524,0.248198,0.352653,0.210663,0.511954,0.181626,0.615251,0.15976,0.713769
record5_2.mp4,ae1179fee0e5d8b751f9f701b65a739895ef8e6c87e4c75c9385c130a993055f,640,480,12.03,383,31.833,170,14166,Right,0.375805,0.120186,0.515248,0.200709,0.646323,0.325689,0.731509,0.440162,0.796848,0.558423,0.55128,0.328225,0.618214,0.508768,0.674302,0.642152,0.720105,0.766635,0.440477,0.340065,0.473854,0.530381,0.505428,0.690986,0.534369,0.834811,0.338618,0.350578,0.350663,0.528747,0.362169,0.672832,0.381457,0.798646,0.250134,0.357567,0.212411,0.508383,0.180952,0.604793,0.160023,0.698746
record5_2.mp4,ae1179fee0e5d8b751f9f701b65a739895ef8e6c87e4c75c9385c130a993055f,640,480,12.03,383,31.833,171,14250,Right,0.373191,0.116632,0.513893,0.202213,0.64337,0.331301,0.732899,0.44411,0.800666,0.551835,0.548515,0.325448,0.6182,0.504355,0.673145,0.63727,0.718242,0.762292,0.437504,0.335122,0.473407,0.524615,0.504197,0.68735,0.534573,0.832963,0.335968,0.347038,0.3477,0.52681,0.357938,0.669954,0.377576,0.793698,0.248127,0.356691,0.209408,0.508414,0.180567,0.606952,0.160326,0.703441
record5_2.mp4,ae1179fee0e5d8b751f9f701b65a739895ef8e6c87e4c75c9385c130a993055f,640,480,12.03,383,31.833,172,14333,Right,0.374817,0.11857,0.509874,0.20261,0.642952,0.325388,0.73281,0.437937,0.801393,0.547232,0.556801,0.323797,0.6265,0.504956,0.67867,0.638553,0.722604,0.766624,0.446353,0.33166,0.481489,0.528233,0.509245,0.695424,0.537173,0.849011,0.343816,0.339989,0.355851,0.524369,0.361696,0.6716,0.376923,0.801823,0.253106,0.346687,0.215661,0.50207,0.185308,0.601305,0.165334,0.6995
record5_2.mp4,ae1179fee0e5d8b751f9f701b65a739895ef8e6c87e4c75c9385c130a993055f,640,480,12.03,383,31.833,173,14416,Right,0.384337,0.118732,0.517663,0.205956,0.646819,0.338209,0.737361,0.451351,0.810692,0.552796,0.560717,0.328324,0.630033,0.474951,0.676067,0.592809,0.717894,0.710029,0.449686,0.341297,0.489549,0.510166,0.516418,0.653082,0.541549,0.784906,0.348059,0.346626,0.353017,0.499472,0.356982,0.640936,0.369239,0.769348,0.257482,0.345171,0.216417,0.483691,0.182948,0.579115,0.156511,0.677479
record5_2.mp4,ae1179fee0e5d8b751f9f701b65a739895ef8e6c87e4c75c9385c130a993055f,640,480,12.03,383,31.833,174,14500,Right,0.380773,0.116985,0.514149,0.198266,0.648397,0.317133,0.734205,0.432585,0.794708,0.548512,0.560993,0.33605,0.636465,0.507733,0.682789,0.634638,0.719356,0.750002,0.451164,0.351333,0.492163,0.550116,0.517963,0.710686,0.538864,0.848841,0.347727,0.352846,0.360812,0.531242,0.364462,0.681637,0.37629,0.813516,0.254582,0.343666,0.217922,0.492003,0.185091,0.595587,0.161652,0.696447
record5_2.mp4,ae1179fee0e5d8b751f9f701b65a739895ef8e6c87e4c75c9385c130a993055f,640,480,12.03,383,31.833,175,14583,Right,0.377558,0.119391,0.514225,0.2023,0.642716,0.324806,0.729236,0.436647,0.787509,0.551905,0.550492,0.323939,0.620395,0.505112,0.672403,0.640016,0.714781,0.761175,0.440783,0.33001,0.472697,0.520721,0.500744,0.684269,0.526638,0.824747,0.340124,0.336149,0.343238,0.511933,0.350274,0.662376,0.364938,0.788527,0.254158,0.340292,0.214272,0.499856,0.183061,0.606223,0.159876,0.704635
record5_2.mp4,ae1179fee0e5d8b751f9f701b65a739895ef8e6c87e4c75c9385c130a993055f,640,480,12.03,383,31.833,176,14666,Right,0.376395,0.120747,0.51624,0.204665,0.64314,0.328224,0.726396,0.444069,0.792462,0.558433,0.554737,0.324707,0.617814,0.506975,0.670213,0.642078,0.712836,0.764061,0.442661,0.33276,0.472358,0.526802,0.499271,0.690618,0.524613,0.832186,0.340192,0.341321,0.343788,0.51721,0.350421,0.663193,0.365146,0.785512,0.250668,0.348035,0.211625,0.504984,0.182149,0.607543,0.160991,0.704638
record5_2.mp4,ae1179fee0e5d8b751f9f701b65a739895ef8e6c87e4c75c9385c130a993055f,640,480,12.03,383,31.833,177,14750,Right,0.377942,0.12106,0.515012,0.203674,0.642001,0.327393,0.726133,0.441824,0.789243,0.550924,0.550912,0.327511,0.617973,0.507769,0.670373,0.640103,0.713526,0.761395,0.439559,0.336706,0.47221,0.52996,0.498867,0.691877,0.523474,0.831628,0.337845,0.345378,0.342876,0.520327,0.348541,0.66199,0.361949,0.780798,0.250029,0.35206,0.211833,0.508324,0.180703,0.609446,0.157477,0.704238
record5_2.mp4,ae1179fee0e5d8b751f9f701b65a739895ef8e6c87e4c75c9385c130a993055f,640,480,12.03,383,31.833,178,14833,Right,0.372467,0.125806,0.512567,0.207545,0.644452,0.331295,0.733333,0.440739,0.798063,0.547948,0.551022,0.329021,0.620117,0.508005,0.674163,0.642024,0.718411,0.76713,0.438876,0.335115,0.474297,0.52598,0.50266,0.688502,0.529757,0.832799,0.335965,0.343711,0.345096,0.521644,0.351052,0.668641,0.366053,0.795903,0.245512,0.352243,0.209295,0.506171,0.180725,0.602677,0.162272,0.696658
record5_2.mp4,ae1179fee0e5d8b751f9f701b65a739895ef8e6c87e4c75c9385c130a993055f,640,480,12.03,383,31.833,179,14916,Right,0.380389,0.123341,0.534637,0.199195,0.660608,0.373916,0.741528,0.539101,0.789713,0.67212,0.57666,0.335338,0.654064,0.453884,0.700614,0.552803,0.745233,0.66326,0.470124,0.345372,0.526322,0.50822,0.564721,0.633112,0.601973,0.755947,0.361935,0.35735,0.374203,0.541729,0.381132,0.679345,0.396747,0.809188,0.255147,0.360613,0.204697,0.508167,0.173811,0.591861,0.154173,0.685768
record5_2.mp4,ae1179fee0e5d8b751f9f701b65a739895ef8e6c87e4c75c9385c130a993055f,640,480,12.03,383,31.833,180,15000,Right,0.378784,0.113128,0.512314,0.185293,0.640937,0.311856,0.726796,0.43,0.795305,0.531978,0.55828,0.332142,0.634073,0.483645,0.673811,0.608937,0.704744,0.730994,0.44898,0.353303,0.489192,0.554991,0.509674,0.71283,0.526477,0.856879,0.347638,0.355084,0.356791,0.531356,0.354237,0.674353,0.354815,0.799739,0.257098,0.341006,0.218266,0.486415,0.186557,0.582641,0.161655,0.678188
record5_2.mp4,ae1179fee0e5d8b751f9f701b65a739895ef8e6c87e4c75c9385c130a993055f,640,480,12.03,383,31.833,181,15083,Right,0.378108,0.122218,0.516399,0.208183,0.640055,0.330518,0.726403,0.444415,0.788809,0.558346,0.553781,0.328822,0.617219,0.504363,0.668972,0.639868,0.708828,0.760073,0.441719,0.337635,0.472571,0.525806,0.498765,0.688638,0.522926,0.827636,0.339017,0.344974,0.343843,0.517018,0.351421,0.667827,0.365272,0.792264,0.250316,0.348816,0.208195,0.501037,0.180236,0.604958,0.159695,0.703071
record5_2.mp4,ae1179fee0e5d8b751f9f701b65a739895ef8e6c87e4c75c9385c130a993055f,640,480,12.03,383,31.833,182,15166,Right,0.377571,0.123402,0.519691,0.203035,0.646601,0.322395,0.727889,0.434048,0.786225,0.548264,0.553228,0.328207,0.622087,0.510281,0.676617,0.644956,0.721382,0.767371,0.440943,0.337189,0.474025,0.531022,0.502786,0.692497,0.53105,0.83261,0.338466,0.34647,0.344128,0.525135,0.350164,0.66951,0.365095,0.790881,0.251246,0.353076,0.211522,0.510344,0.181093,0.610456,0.159903,0.705612
record5_2.mp4,ae1179fee0e5d8b751f9f701b65a739895ef8e6c87e4c75c9385c130a993055f,640,480,12.03,383,31.833,183,15250,Right,0.376041,0.124259,0.516013,0.200132,0.64441,0.317729,0.727727,0.427182,0.780444,0.544253,0.548925,0.323898,0.620549,0.50725,0.67431,0.640263,0.716829,0.763197,0.438121,0.336326,0.474078,0.525872,0.503847,0.684997,0.531995,0.826916,0.336119,0.346917,0.345885,0.523316,0.352569,0.666232,0.368025,0.78828,0.248957,0.353154,0.213271,0.505905,0.183886,0.605835,0.163319,0.701684
record5_2.mp4,ae1179fee0e5d8b751f9f701b65a739895ef8e6c87e4c75c9385c130a993055f,640,480,12.03,383,31.833,184,15333,Right,0.379431,0.117231,0.517973,0.201186,0.645231,0.322816,0.727613,0.434806,0.78079,0.554734,0.556173,0.322709,0.623315,0.506125,0.674855,0.642658,0.716689,0.767163,0.445142,0.32851,0.475817,0.520999,0.50265,0.684276,0.529239,0.827278,0.341806,0.333951,0.346612,0.512635,0.353369,0.660063,0.369412,0.783368,0.252448,0.336801,0.214184,0.493864,0.185199,0.599567,0.16472,0.698653
record5_2.mp4,ae1179fee0e5d8b751f9f701b65a739895ef8e6c87e4c75c9385c130a993055f,640,480,12.03,383,31.833,185,15416,Right,0.378643,0.112777,0.515718,0.197028,0.639832,0.322795,0.722972,0.440864,0.780918,0.558474,0.546658,0.324027,0.615168,0.504873,0.669216,0.638382,0.713302,0.757948,0.436535,0.333398,0.468453,0.521181,0.498868,0.684098,0.526895,0.824411,0.334811,0.34107,0.339789,0.512329,0.350325,0.65886,0.368218,0.78063,0.247222,0.345829,0.210665,0.505466,0.182768,0.6131,0.161781,0.711292
record5_2.mp4,ae1179fee0e5d8b751f9f701b65a739895ef8e6c87e4c75c9385c130a993055f,640,480,12.03,383,31.833,186,15500,Right,0.370206,0.128714,0.511072,0.207005,0.640487,0.321853,0.725874,0.432564,0.78981,0.551094,0.549062,0.323871,0.614379,0.504735,0.669497,0.639573,0.713788,0.76383,0.433583,0.336847,0.470499,0.52666,0.500853,0.690086,0.53001,0.835402,0.330697,0.349502,0.340127,0.526251,0.347202,0.673242,0.363551,0.799508,0.241928,0.359566,0.205351,0.510838,0.176577,0.608988,0.158535,0.702622
record5_2.mp4,ae1179fee0e5d8b751f9f701b65a739895ef8e6c87e4c75c9385c130a993055f,640,480,12.03,383,31.833,187,15583,Right,0.370947,0.106236,0.513251,0.190318,0.640268,0.316367,0.722277,0.434834,0.778371,0.553939,0.544552,0.316264,0.615449,0.50166,0.669331,0.637274,0.713238,0.760826,0.43317,0.327575,0.468944,0.522659,0.498291,0.688146,0.526032,0.831569,0.331259,0.338819,0.340468,0.517108,0.348187,0.664149,0.363651,0.786179,0.24493,0.346911,0.210922,0.50609,0.182096,0.60965,0.161585,0.705045
record5_2.mp4,ae1179fee0e5d8b751f9f701b65a739895ef8e6c87e4c75c9385c130a993055f,640,480,12.03,383,31.833,188,15666,Right,0.365004,0.116289,0.510697,0.199643,0.638763,0.324062,0.724171,0.440744,0.785303,0.558114,0.550394,0.32808,0.615959,0.512238,0.669494,0.645843,0.712602,0.768237,0.438592,0.339154,0.474009,0.530152,0.504365,0.692021,0.533444,0.834854,0.336006,0.348742,0.344482,0.525956,0.350099,0.675583,0.365531,0.805663,0.24488,0.355516,0.205898,0.50588,0.177919,0.606421,0.16116,0.704043
record5_2.mp4,ae1179fee0e5d8b751f9f701b65a739895ef8e6c87e4c75c9385c130a993055f,640,480,12.03,383,31.833,189,15750,Right,0.366576,0.108008,0.510711,0.18956,0.639363,0.314982,0.721712,0.436402,0.777312,0.552155,0.546172,0.309015,0.617104,0.501197,0.668753,0.638025,0.711562,0.759871,0.436483,0.319671,0.469163,0.520374,0.498253,0.684949,0.525153,0.824324,0.33583,0.330369,0.341625,0.507721,0.349322,0.657323,0.363103,0.780225,0.249098,0.339815,0.215866,0.502037,0.186802,0.6077,0.163915,0.703472
record5_2.mp4,ae1179fee0e5d8b751f9f701b65a739895ef8e6c87e4c75c9385c130a993055f,640,480,12.03,383,31.833,190,15833,Right,0.373627,0.049775,0.518291,0.148345,0.646011,0.290936,0.725732,0.437164,0.787141,0.563434,0.556529,0.277928,0.623384,0.494649,0.668485,0.642707,0.70839,0.767491,0.449514,0.28038,0.478242,0.500243,0.504001,0.678818,0.527478,0.824028,0.347676,0.280882,0.35125,0.475999,0.35902,0.646574,0.370677,0.781601,0.258762,0.283956,0.219822,0.468379,0.19217,0.593583,0.171088,0.704255
record5_2.mp4,ae1179fee0e5d8b751f9f701b65a739895ef8e6c87e4c75c9385c130a993055f,640,480,12.03,383,31.833,191,15916,Right,0.367661,0.012319,0.51044,0.117749,0.635742,0.274103,0.717124,0.42769,0.783504,0.555776,0.554629,0.23244,0.62118,0.471325,0.663896,0.62567,0.702294,0.753826,0.446428,0.234878,0.482112,0.483502,0.505723,0.667454,0.527493,0.81081,0.341693,0.241554,0.35508,0.465877,0.366765,0.638654,0.381505,0.771902,0.254241,0.253456,0.228502,0.451225,0.20562,0.574239,0.188015,0.678861
record5_2.mp4,ae1179fee0e5d8b751f9f701b65a739895ef8e6c87e4c75c9385c130a993055f,640,480,12.03,383,31.833,192,16000,Right,0.371744,-0.004453,0.517196,0.091468,0.636374,0.26233,0.71238,0.435899,0.787403,0.560728,0.549991,0.2229,0.620797,0.47435,0.66342,0.628683,0.7023,0.753273,0.443808,0.230482,0.47641,0.483279,0.500771,0.655146,0.523986,0.786281,0.343236,0.233898,0.353283,0.45995,0.36668,0.628819,0.383549,0.75603,0.256651,0.239918,0.23371,0.445856,0.209032,0.566908,0.189099,0.664395
record5_2.mp4,ae1179fee0e5d8b751f9f701b65a739895ef8e6c87e4c75c9385c130a993055f,640,480,12.03,383,31.833,193,16083,Right,0.382897,-0.009436,0.529148,0.095958,0.64179,0.276073,0.71266,0.459098,0.791259,0.578545,0.557391,0.221749,0.622902,0.47435,0.662784,0.629353,0.697108,0.757123,0.446453,0.223782,0.47728,0.47946,0.500693,0.660663,0.517955,0.800712,0.343758,0.225841,0.351796,0.458085,0.364422,0.633001,0.376621,0.766622,0.256757,0.23223,0.224371,0.439389,0.19872,0.56492,0.177975,0.669691
record5_2.mp4,ae1179fee0e5d8b751f9f701b65a739895ef8e6c87e4c75c9385c130a993055f,640,480,12.03,383,31.833,194,16166,Right,0.384389,-0.023476,0.527896,0.085654,0.640343,0.264476,0.712913,0.445217,0.791968,0.568426,0.563858,0.220638,0.624431,0.475094,0.66459,0.632734,0.700432,0.764739,0.453596,0.222827,0.482808,0.48135,0.504394,0.665495,0.520005,0.808848,0.34944,0.223073,0.356426,0.459489,0.366423,0.63447,0.376518,0.768428,0.260988,0.226174,0.228553,0.431064,0.205266,0.559599,0.187521,0.66833
record5_2.mp4,ae1179fee0e5d8b751f9f701b65a739895ef8e6c87e4c75c9385c130a993055f,640,480,12.03,383,31.833,195,16250,Right,0.388865,-0.026911,0.535568,0.078231,0.646641,0.259419,0.715221,0.440781,0.79187,0.567056,0.570498,0.213204,0.632098,0.472854,0.670631,0.632373,0.703568,0.764528,0.457661,0.212807,0.482749,0.477137,0.504132,0.661216,0.519703,0.803475,0.35305,0.211825,0.357229,0.451609,0.366369,0.628576,0.37672,0.76284,0.264982,0.216981,0.228347,0.426488,0.200087,0.555305,0.178682,0.662592
record5_2.mp4,ae1179fee0e5d8b751f9f701b65a739895ef8e6c87e4c75c9385c130a993055f,640,480,12.03,383,31.833,196,16333,Right,0.385063,-0.034298,0.528321,0.065057,0.641205,0.246873,0.71047,0.432533,0.785156,0.565897,0.562355,0.210382,0.62515,0.465388,0.662433,0.624685,0.694265,0.756602,0.451851,0.211644,0.476817,0.474243,0.498354,0.662494,0.514225,0.810799,0.34975,0.209866,0.350791,0.451227,0.358983,0.63246,0.369109,0.773027,0.263215,0.210772,0.225081,0.415929,0.19795,0.545322,0.177856,0.656271
record5_2.mp4,ae1179fee0e5d8b751f9f701b65a739895ef8e6c87e4c75c9385c130a993055f,640,480,12.03,383,31.833,197,16416,Right,0.376257,-0.030011,0.521689,0.077793,0.634492,0.256215,0.707379,0.434715,0.783326,0.562476,0.548865,0.216252,0.6152,0.464141,0.655234,0.619839,0.689734,0.749159,0.438154,0.216945,0.468036,0.477871,0.492035,0.665396,0.511079,0.8122,0.335586,0.217497,0.341813,0.448582,0.353099,0.627221,0.365708,0.76673,0.249093,0.223083,0.215742,0.429946,0.191357,0.559331,0.174603,0.670386
record5_2.mp4,ae1179fee0e5d8b751f9f701b65a739895ef8e6c87e4c75c9385c130a993055f,640,480,12.03,383,31.833,198,16500,Right,0.367799,-0.01221,0.508113,0.097455,0.623709,0.27273,0.701536,0.444927,0.784347,0.566814,0.547384,0.244652,0.610225,0.484522,0.653759,0.636524,0.692789,0.765519,0.438765,0.241592,0.462741,0.48967,0.484059,0.672318,0.502601,0.818914,0.336963,0.238571,0.33951,0.45388,0.34787,0.624069,0.357602,0.75927,0.249498,0.240699,0.21686,0.442449,0.189992,0.56759,0.170191,0.676764
record5_2.mp4,ae1179fee0e5d8b751f9f701b65a739895ef8e6c87e4c75c9385c130a993055f,640,480,12.03,383,31.833,199,16583,Right,0.371974,-0.010009,0.514201,0.099948,0.630749,0.276746,0.707968,0.451825,0.789196,0.570839,0.546531,0.246574,0.613031,0.48591,0.654435,0.636835,0.69181,0.763338,0.437416,0.245326,0.462006,0.488779,0.482583,0.668754,0.500153,0.810615,0.335916,0.242499,0.339387,0.453236,0.348981,0.626182,0.36122,0.760062,0.24886,0.2448,0.217498,0.445992,0.189286,0.570286,0.167174,0.674811
record5_2.mp4,ae1179fee0e5d8b751f9f701b65a739895ef8e6c87e4c75c9385c130a993055f,640,480,12.03,383,31.833,200,16666,Right,0.383105,-0.019955,0.522204,0.096268,0.639819,0.270382,0.718784,0.441508,0.79728,0.560142,0.56134,0.235212,0.625377,0.474279,0.663819,0.636835,0.69558,0.772957,0.447968,0.235841,0.470662,0.480023,0.48879,0.668426,0.502551,0.81478,0.342039,0.232829,0.347571,0.448245,0.35727,0.619,0.367946,0.749843,0.25182,0.232267,0.214703,0.427197,0.188605,0.550834,0.168919,0.654212
record5_2.mp4,ae1179fee0e5d8b751f9f701b65a739895ef8e6c87e4c75c9385c130a993055f,640,480,12.03,383,31.833,201,16750,Right,0.37933,-0.04658,0.524095,0.070394,0.649516,0.243147,0.731267,0.419982,0.799612,0.558357,0.564337,0.2103,0.634167,0.455996,0.674635,0.622798,0.706192,0.762861,0.449009,0.212502,0.481757,0.461462,0.503832,0.657114,0.519554,0.810511,0.340678,0.213118,0.353668,0.436898,0.366653,0.617531,0.379099,0.758914,0.249759,0.214723,0.218686,0.406075,0.200253,0.533253,0.187362,0.642608
record5_2.mp4,ae1179fee0e5d8b751f9f701b65a739895ef8e6c87e4c75c9385c130a993055f,640,480,12.03,383,31.833,202,16833,Right,0.379397,-0.032093,0.532708,0.079996,0.65433,0.250881,0.728704,0.423654,0.782624,0.565282,0.576301,0.229354,0.637247,0.475402,0.678302,0.638866,0.712575,0.775684,0.461299,0.222382,0.486279,0.475618,0.509012,0.668576,0.530278,0.822295,0.353472,0.216479,0.357774,0.44649,0.367562,0.630111,0.384528,0.776003,0.262604,0.214519,0.227392,0.419952,0.2091,0.554751,0.200756,0.672288
record5_2.mp4,ae1179fee0e5d8b751f9f701b65a739895ef8e6c87e4c75c9385c130a993055f,640,480,12.03,383,31.833,203,16916,Right,0.379859,-0.040527,0.524468,0.061885,0.649877,0.228797,0.729631,0.404527,0.791136,0.548003,0.57401,0.209322,0.642911,0.45649,0.679792,0.62184,0.708716,0.757302,0.463622,0.20843,0.491816,0.461362,0.513575,0.6549,0.53092,0.805762,0.357689,0.204974,0.362496,0.440326,0.373959,0.625668,0.390406,0.771284,0.266586,0.202831,0.227599,0.405103,0.208299,0.537723,0.198277,0.654755
record5_2.mp4,ae1179fee0e5d8b751f9f701b65a739895ef8e6c87e4c75c9385c130a993055f,640,480,12.03,383,31.833,204,17000,Right,0.379741,-0.053372,0.522408,0.052373,0.644411,0.226662,0.721792,0.406859,0.774089,0.551373,0.563161,0.206772,0.632059,0.443497,0.668434,0.602186,0.696167,0.733755,0.453941,0.208378,0.480602,0.450835,0.502254,0.638097,0.519522,0.787101,0.349319,0.206168,0.352407,0.435418,0.36386,0.621841,0.380099,0.77067,0.259824,0.203966,0.220859,0.401248,0.203839,0.533942,0.195665,0.651954
record5_2.mp4,ae1179fee0e5d8b751f9f701b65a739895ef8e6c87e4c75c9385c130a993055f,640,480,12.03,383,31.833,205,17083,Right,0.373201,-0.040147,0.523041,0.071263,0.644224,0.239895,0.718512,0.412095,0.763023,0.55529,0.562786,0.219555,0.623674,0.463423,0.663202,0.624289,0.694181,0.756975,0.449038,0.215756,0.473373,0.463678,0.495849,0.65552,0.514838,0.807098,0.341997,0.213978,0.348423,0.435755,0.361454,0.618371,0.379168,0.76391,0.252099,0.216444,0.215763,0.41685,0.199478,0.551043,0.193471,0.671252
record5_2.mp4,ae1179fee0e5d8b751f9f701b65a739895ef8e6c87e4c75c9385c130a993055f,640,480,12.03,383,31.833,206,17166,Right,0.374696,-0.036707,0.525095,0.071587,0.647682,0.242819,0.719505,0.41808,0.770233,0.55835,0.56175,0.219224,0.625658,0.463027,0.667205,0.624558,0.701428,0.758081,0.447198,0.214751,0.476253,0.462409,0.502256,0.65515,0.523373,0.808314,0.341162,0.212592,0.350416,0.440215,0.364045,0.62601,0.382592,0.772829,0.252245,0.214281,0.215891,0.414702,0.198038,0.548927,0.190174,0.667684
record5_2.mp4,ae1179fee0e5d8b751f9f701b65a739895ef8e6c87e4c75c9385c130a993055f,640,480,12.03,383,31.833,207,17250,Right,0.370448,-0.043045,0.519227,0.062805,0.644552,0.237093,0.71955,0.414459,0.777847,0.555032,0.557893,0.212706,0.625559,0.453556,0.664847,0.613518,0.6971,0.747608,0.446278,0.212244,0.475037,0.452778,0.499769,0.643393,0.520048,0.796493,0.342104,0.211038,0.349031,0.430863,0.360499,0.614962,0.37602,0.761244,0.25341,0.212288,0.218267,0.40586,0.201169,0.536393,0.193037,0.653143
record5_2.mp4,ae1179fee0e5d8b751f9f701b65a739895ef8e6c87e4c75c9385c130a993055f,640,480,12.03,383,31.833,208,17333,Right,0.372945,-0.038478,0.51924,0.067791,0.643628,0.239764,0.72124,0.40951,0.773969,0.549575,0.554347,0.204523,0.618235,0.440751,0.658484,0.600594,0.691369,0.731616,0.442531,0.201071,0.469998,0.437282,0.494783,0.626171,0.515891,0.776436,0.337679,0.199852,0.343553,0.417793,0.353166,0.602185,0.368551,0.746501,0.248783,0.203054,0.212682,0.400149,0.193715,0.53343,0.184912,0.649874
record5_2.mp4,ae1179fee0e5d8b751f9f701b65a739895ef8e6c87e4c75c9385c130a993055f,640,480,12.03,383,31.833,209,17416,Right,0.371953,-0.043077,0.513828,0.066178,0.640929,0.237619,0.718735,0.411197,0.770385,0.551853,0.550704,0.200934,0.611766,0.441063,0.650592,0.604748,0.680111,0.743651,0.437677,0.196584,0.459399,0.439206,0.47568,0.635549,0.484837,0.791596,0.332956,0.193682,0.33524,0.420113,0.343225,0.607805,0.354402,0.75661,0.243727,0.194981,0.206742,0.394646,0.188268,0.52973,0.178736,0.647673
record5_2.mp4,ae1179fee0e5d8b751f9f701b65a739895ef8e6c87e4c75c9385c130a993055f,640,480,12.03,383,31.833,210,17500,Right,0.358687,-0.046426,0.504908,0.068936,0.628396,0.242698,0.70711,0.410916,0.762499,0.550515,0.54518,0.225745,0.603916,0.459672,0.646795,0.61508,0.682886,0.747758,0.43522,0.225501,0.455378,0.459506,0.473675,0.640778,0.491056,0.790581,0.331602,0.221591,0.327586,0.4353,0.336045,0.614217,0.352386,0.762142,0.242165,0.216163,0.203364,0.416422,0.184197,0.547554,0.177038,0.666609
record5_2.mp4,ae1179fee0e5d8b751f9f701b65a739895ef8e6c87e4c75c9385c130a993055f,640,480,12.03,383,31.833,211,17583,Right,0.362079,-0.027784,0.507299,0.0881,0.62809,0.253628,0.702526,0.413848,0.754188,0.545295,0.546311,0.234613,0.605488,0.466726,0.648865,0.62114,0.686842,0.751518,0.435939,0.227064,0.458116,0.462678,0.476962,0.645597,0.495427,0.794657,0.331192,0.220631,0.330981,0.433684,0.33742,0.612764,0.351555,0.758061,0.240682,0.216185,0.205302,0.415563,0.185416,0.545083,0.176241,0.659942
record5_2.mp4,ae1179fee0e5d8b751f9f701b65a739895ef8e6c87e4c75c9385c130a993055f,640,480,12.03,383,31.833,212,17666,Right,0.358938,-0.031732,0.506669,0.07825,0.630873,0.247229,0.705946,0.415197,0.762674,0.549069,0.541975,0.224054,0.607585,0.460814,0.650632,0.616119,0.687996,0.747551,0.431632,0.217873,0.457069,0.455857,0.478061,0.641523,0.497248,0.792232,0.327429,0.213069,0.329461,0.4313,0.337666,0.614122,0.352685,0.759889,0.237973,0.21207,0.201392,0.413464,0.182274,0.545387,0.174283,0.662178
record5_2.mp4,ae1179fee0e5d8b751f9f701b65a739895ef8e6c87e4c75c9385c130a993055f,640,480,12.03,383,31.833,213,17750,Right,0.34522,-0.042682,0.493814,0.056269,0.629116,0.221447,0.711696,0.390206,0.773138,0.526665,0.528699,0.193101,0.601466,0.435504,0.650725,0.598449,0.693047,0.738424,0.416465,0.199483,0.452496,0.443985,0.47704,0.636883,0.495943,0.794121,0.312298,0.207455,0.332223,0.437967,0.345849,0.62197,0.361277,0.768398,0.225744,0.216521,0.208751,0.409198,0.199228,0.53569,0.19373,0.645384
record5_2.mp4,ae1179fee0e5d8b751f9f701b65a739895ef8e6c87e4c75c9385c130a993055f,640,480,12.03,383,31.833,214,17833,Right,0.366261,-0.013229,0.511589,0.097322,0.633118,0.256614,0.710362,0.418163,0.773729,0.542347,0.549817,0.256405,0.608544,0.471763,0.65241,0.618887,0.69139,0.743953,0.439727,0.248758,0.459604,0.470295,0.479766,0.647744,0.499893,0.792381,0.337078,0.240447,0.335631,0.446077,0.342975,0.62012,0.355628,0.761231,0.247514,0.234546,0.215866,0.432968,0.198672,0.558289,0.189565,0.668604
record5_2.mp4,ae1179fee0e5d8b751f9f701b65a739895ef8e6c87e4c75c9385c130a993055f,640,480,12.03,383,31.833,215,17916,Right,0.374463,-0.018559,0.516848,0.08968,0.640417,0.250288,0.715674,0.409346,0.775807,0.54013,0.55307,0.245431,0.616694,0.466386,0.663358,0.61785,0.705152,0.748893,0.442818,0.24092,0.464063,0.464637,0.484429,0.643194,0.505133,0.791696,0.34023,0.234867,0.337369,0.440595,0.345781,0.617785,0.359649,0.759714,0.252142,0.231929,0.217139,0.428202,0.19738,0.553062,0.185881,0.662186
record5_2.mp4,ae1179fee0e5d8b751f9f701b65a739895ef8e6c87e4c75c9385c130a993055f,640,480,12.03,383,31.833,216,18000,Right,0.367823,-0.021028,0.512558,0.092673,0.636678,0.252616,0.713443,0.40872,0.772549,0.542911,0.55125,0.244772,0.613377,0.466043,0.660684,0.619254,0.702938,0.752024,0.440746,0.239552,0.465317,0.460451,0.486775,0.641665,0.5076,0.793309,0.337017,0.232675,0.334985,0.436418,0.343784,0.618099,0.357394,0.765247,0.247768,0.227925,0.212709,0.422124,0.196112,0.55163,0.188441,0.667135
record5_2.mp4,ae1179fee0e5d8b751f9f701b65a739895ef8e6c87e4c75c9385c130a993055f,640,480,12.03,383,31.833,217,18083,Right,0.344755,-0.031729,0.489312,0.071773,0.62607,0.233006,0.711344,0.406033,0.777242,0.546871,0.538843,0.20754,0.611486,0.431758,0.65517,0.587475,0.690129,0.722734,0.431585,0.211289,0.457755,0.446459,0.48123,0.641966,0.498803,0.802907,0.330171,0.212667,0.335872,0.424623,0.346854,0.606004,0.360551,0.754779,0.240133,0.214382,0.213515,0.403081,0.198699,0.533072,0.192276,0.651532
record5_2.mp4,ae1179fee0e5d8b751f9f701b65a739895ef8e6c87e4c75c9385c130a993055f,640,480,12.03,383,31.833,218,18166,Right,0.3546,-0.020581,0.498025,0.074641,0.630043,0.236633,0.708332,0.407071,0.761806,0.543961,0.539639,0.200125,0.601945,0.421945,0.63907,0.583467,0.667277,0.722592,0.427164,0.201339,0.449059,0.431106,0.46602,0.622821,0.477025,0.780521,0.321191,0.205731,0.324676,0.418348,0.334504,0.604568,0.347402,0.755194,0.229621,0.213692,0.200461,0.409523,0.186287,0.541874,0.178913,0.659269
record5_2.mp4,ae1179fee0e5d8b751f9f701b65a739895ef8e6c87e4c75c9385c130a993055f,640,480,12.03,383,31.833,219,18250,Right,0.347518,-0.013091,0.488248,0.095545,0.606826,0.247717,0.685992,0.403378,0.745897,0.532659,0.529541,0.240008,0.593673,0.460379,0.637557,0.611705,0.673675,0.73934,0.423367,0.240537,0.449343,0.463713,0.470939,0.641031,0.489475,0.782945,0.320375,0.239104,0.324191,0.446315,0.338437,0.62442,0.355956,0.765433,0.23196,0.238588,0.201042,0.432874,0.184217,0.560193,0.175321,0.669932
record5_2.mp4,ae1179fee0e5d8b751f9f701b65a739895ef8e6c87e4c75c9385c130a993055f,640,480,12.03,383,31.833,220,18333,Right,0.343433,0.003244,0.482678,0.106442,0.605129,0.255721,0.684974,0.405022,0.73934,0.534279,0.525091,0.246168,0.593287,0.460937,0.641481,0.6105,0.683181,0.738653,0.418928,0.242428,0.449754,0.469939,0.472164,0.64842,0.494327,0.79155,0.316843,0.239796,0.322789,0.44844,0.332096,0.624329,0.346947,0.763337,0.229212,0.241367,0.200833,0.440155,0.182348,0.565497,0.172771,0.673655
record5_2.mp4,ae1179fee0e5d8b751f9f701b65a739895ef8e6c87e4c75c9385c130a993055f,640,480,12.03,383,31.833,221,18416,Right,0.355586,-0.001864,0.492581,0.105792,0.610664,0.257919,0.688171,0.407991,0.74336,0.535561,0.528473,0.254926,0.593368,0.465072,0.641436,0.61089,0.683345,0.737473,0.422278,0.250126,0.446667,0.466575,0.46715,0.639673,0.488199,0.783813,0.320637,0.245825,0.322898,0.444598,0.332551,0.617559,0.347797,0.756705,0.233134,0.245127,0.203711,0.435738,0.18643,0.559068,0.176968,0.668799
record5_2.mp4,ae1179fee0e5d8b751f9f701b65a739895ef8e6c87e4c75c9385c130a993055f,640,480,12.03,383,31.833,222,18500,Right,0.349386,0.001847,0.490481,0.104751,0.608149,0.254868,0.684687,0.402959,0.739517,0.534814,0.53155,0.250303,0.595767,0.466168,0.644742,0.617556,0.686056,0.747981,0.422505,0.249338,0.449615,0.470354,0.470546,0.648892,0.490419,0.794295,0.31804,0.246783,0.325902,0.446576,0.335809,0.618474,0.349855,0.757663,0.229628,0.245222,0.202382,0.431519,0.185905,0.555655,0.176731,0.667931
record5_2.mp4,ae1179fee0e5d8b751f9f701b65a739895ef8e6c87e4c75c9385c130a993055f,640,480,12.03,383,31.833,223,18583,Right,0.356115,-0.01847,0.501255,0.084951,0.629112,0.241084,0.70272,0.403465,0.764002,0.532709,0.540846,0.21893,0.6016,0.44367,0.641851,0.600841,0.676107,0.737027,0.427999,0.222356,0.452304,0.453263,0.472659,0.643422,0.489323,0.797208,0.323229,0.22213,0.33039,0.429415,0.339988,0.610647,0.353204,0.753922,0.2323,0.223883,0.203569,0.41305,0.187333,0.543629,0.179988,0.658293
record5_2.mp4,ae1179fee0e5d8b751f9f701b65a739895ef8e6c87e4c75c9385c130a993055f,640,480,12.03,383,31.833,224,18666,Right,0.347793,-0.01349,0.485207,0.091019,0.597605,0.240747,0.67118,0.38907,0.726678,0.517503,0.519327,0.238668,0.570899,0.44549,0.609795,0.594577,0.641407,0.720366,0.408981,0.236403,0.424169,0.451534,0.443065,0.623454,0.460145,0.760621,0.304526,0.230788,0.302017,0.433775,0.315485,0.599186,0.332674,0.731527,0.212569,0.226292,0.181816,0.415766,0.165141,0.540812,0.154319,0.650267
record5_2.mp4,ae1179fee0e5d8b751f9f701b65a739895ef8e6c87e4c75c9385c130a993055f,640,480,12.03,383,31.833,225,18750,Right,0.33569,0.014671,0.468585,0.112389,0.582756,0.257965,0.660426,0.396626,0.723655,0.519121,0.501666,0.252384,0.551949,0.446599,0.600964,0.588003,0.643348,0.712093,0.395898,0.249641,0.41704,0.453059,0.438369,0.62337,0.458357,0.766065,0.297286,0.24808,0.297778,0.441082,0.305544,0.601606,0.317353,0.732815,0.212107,0.246702,0.180829,0.424186,0.165977,0.543176,0.158209,0.650962
record5_2.mp4,ae1179fee0e5d8b751f9f701b65a739895ef8e6c87e4c75c9385c130a993055f,640,480,12.03,383,31.833,226,18833,Right,0.332143,0.039076,0.463795,0.125213,0.581184,0.257483,0.662782,0.386909,0.72529,0.511346,0.498276,0.267078,0.556198,0.459514,0.607929,0.59673,0.651991,0.719386,0.393328,0.272854,0.416129,0.465236,0.436081,0.625664,0.455561,0.76331,0.297141,0.276525,0.298177,0.452626,0.301977,0.605622,0.30953,0.732612,0.215679,0.277167,0.186402,0.438258,0.169141,0.54759,0.157388,0.650163
record5_2.mp4,ae1179fee0e5d8b751f9f701b65a739895ef8e6c87e4c75c9385c130a993055f,640,480,12.03,383,31.833,227,18916,Right,0.32724,0.041227,0.459353,0.133143,0.573578,0.26724,0.656079,0.391041,0.719868,0.50829,0.491709,0.280704,0.549001,0.462366,0.602861,0.595228,0.64746,0.713249,0.387551,0.289664,0.412671,0.477129,0.43566,0.632397,0.456591,0.766797,0.292996,0.292385,0.298429,0.46761,0.306582,0.618108,0.318673,0.746038,0.21326,0.286906,0.183652,0.438702,0.168328,0.545173,0.157406,0.647501
record5_2.mp4,ae1179fee0e5d8b751f9f701b65a739895ef8e6c87e4c75c9385c130a993055f,640,480,12.03,383,31.833,228,19000,Right,0.328486,0.061693,0.461824,0.141234,0.578863,0.269929,0.658502,0.389634,0.722074,0.50767,0.495451,0.283803,0.553441,0.461972,0.606546,0.596748,0.650354,0.718386,0.390831,0.293201,0.417712,0.481996,0.440598,0.642035,0.461336,0.780977,0.295706,0.301392,0.301857,0.472145,0.310052,0.619065,0.321638,0.742762,0.214827,0.303936,0.183086,0.453334,0.165795,0.555547,0.155112,0.65408
record5_2.mp4,ae1179fee0e5d8b751f9f701b65a739895ef8e6c87e4c75c9385c130a993055f,640,480,12.03,383,31.833,229,19083,Right,0.327433,0.056092,0.461907,0.138735,0.576683,0.270517,0.654443,0.394201,0.72072,0.508666,0.495637,0.280343,0.553564,0.462589,0.605723,0.597056,0.650337,0.715375,0.390567,0.290007,0.417437,0.477072,0.442372,0.632912,0.465983,0.766406,0.295279,0.296195,0.302365,0.468714,0.312691,0.612739,0.326702,0.731866,0.213495,0.29662,0.182486,0.453384,0.164747,0.557163,0.153397,0.654239
record5_2.mp4,ae1179fee0e5d8b751f9f701b65a739895ef8e6c87e4c75c9385c130a993055f,640,480,12.03,383,31.833,230,19166,Right,0.327368,0.046747,0.460835,0.132266,0.57714,0.266829,0.654769,0.391567,0.719613,0.512105,0.496556,0.279576,0.555613,0.466016,0.60787,0.600796,0.653374,0.72146,0.392093,0.287868,0.418077,0.474186,0.441227,0.628666,0.463289,0.764814,0.296831,0.291485,0.302492,0.461249,0.310862,0.604031,0.322176,0.725489,0.215469,0.290161,0.186673,0.4444,0.168672,0.549624,0.155598,0.650468
record5_2.mp4,ae1179fee0e5d8b751f9f701b65a739895ef8e6c87e4c75c9385c130a993055f,640,480,12.03,383,31.833,231,19250,Right,0.327795,0.032045,0.46175,0.123575,0.580194,0.26025,0.656941,0.393146,0.720935,0.512806,0.49882,0.264637,0.559193,0.461211,0.610555,0.599927,0.655735,0.720956,0.395436,0.270993,0.420889,0.471012,0.441536,0.633398,0.461748,0.770383,0.299638,0.271344,0.304523,0.453859,0.311173,0.607656,0.321871,0.734087,0.217034,0.267656,0.190015,0.429806,0.173179,0.5408,0.162163,0.642891
record5_2.mp4,ae1179fee0e5d8b751f9f701b65a739895ef8e6c87e4c75c9385c130a993055f,640,480,12.03,383,31.833,232,19333,Right,0.344691,-0.010296,0.480019,0.086536,0.594105,0.238879,0.66302,0.392497,0.725455,0.515763,0.514428,0.229824,0.572206,0.443184,0.612018,0.588915,0.646132,0.713545,0.409516,0.239045,0.431609,0.447374,0.446451,0.616199,0.456246,0.752752,0.310467,0.239772,0.31368,0.43399,0.314816,0.596221,0.316707,0.724802,0.223822,0.237063,0.193825,0.411085,0.167968,0.526786,0.146246,0.627809
record5_2.mp4,ae1179fee0e5d8b751f9f701b65a739895ef8e6c87e4c75c9385c130a993055f,640,480,12.03,383,31.833,233,19416,Right,0.349824,-0.052554,0.483799,0.046843,0.59766,0.207646,0.66625,0.369657,0.729023,0.498324,0.517778,0.182787,0.576186,0.411,0.610287,0.563054,0.639706,0.689876,0.408569,0.188257,0.427262,0.413166,0.434936,0.589994,0.439395,0.732847,0.308728,0.188956,0.312352,0.388324,0.310595,0.551148,0.309641,0.68066,0.225245,0.190248,0.199407,0.362323,0.176479,0.474616,0.156132,0.573471
record5_2.mp4,ae1179fee0e5d8b751f9f701b65a739895ef8e6c87e4c75c9385c130a993055f,640,480,12.03,383,31.833,234,19500,Right,0.355668,-0.098327,0.481128,0.008953,0.58745,0.183107,0.654697,0.355259,0.714895,0.489712,0.509455,0.143725,0.572188,0.382174,0.607297,0.539437,0.636222,0.667098,0.404445,0.146184,0.433086,0.38399,0.448328,0.564026,0.45584,0.70077,0.307309,0.146989,0.318172,0.360265,0.323537,0.528368,0.327763,0.654155,0.226144,0.150109,0.208916,0.331975,0.198291,0.451594,0.188409,0.553495
record5_2.mp4,ae1179fee0e5d8b751f9f701b65a739895ef8e6c87e4c75c9385c130a993055f,640,480,12.03,383,31.833,235,19583,Right,0.36914,-0.084088,0.492641,0.01978,0.592404,0.186726,0.655538,0.350818,0.71963,0.471104,0.51318,0.133916,0.564877,0.360795,0.597356,0.511581,0.624309,0.637007,0.406417,0.126278,0.428235,0.352573,0.444264,0.526289,0.454179,0.661755,0.309047,0.125538,0.315145,0.333458,0.319938,0.49557,0.323436,0.619269,0.22927,0.131911,0.211856,0.317249,0.201067,0.435923,0.189909,0.535165
record5_2.mp4,ae1179fee0e5d8b751f9f701b65a739895ef8e6c87e4c75c9385c130a993055f,640,480,12.03,383,31.833,236,19666,Right,0.340742,-0.009891,0.471151,0.066038,0.578296,0.205653,0.642878,0.348777,0.706263,0.466058,0.498688,0.189931,0.554928,0.384149,0.599181,0.518153,0.63611,0.633738,0.397394,0.194705,0.42554,0.391007,0.447285,0.544137,0.46455,0.670887,0.306723,0.200415,0.321664,0.385627,0.3317,0.523164,0.34272,0.635616,0.230924,0.206188,0.216523,0.371202,0.206078,0.475058,0.197132,0.56747
record5_2.mp4,ae1179fee0e5d8b751f9f701b65a739895ef8e6c87e4c75c9385c130a993055f,640,480,12.03,383,31.833,237,19750,Right,0.342221,0.018593,0.471005,0.088538,0.577502,0.212263,0.641547,0.34275,0.700062,0.455091,0.499002,0.216089,0.55224,0.397133,0.599295,0.519853,0.641297,0.627023,0.400168,0.22874,0.421918,0.400864,0.442274,0.536129,0.460652,0.65183,0.311445,0.234928,0.317085,0.394826,0.325441,0.522262,0.33719,0.626477,0.234301,0.236347,0.214341,0.38487,0.198433,0.479992,0.185559,0.566435
record5_2.mp4,ae1179fee0e5d8b751f9f701b65a739895ef8e6c87e4c75c9385c130a993055f,640,480,12.03,383,31.833,238,19833,Right,0.351843,0.019396,0.474638,0.096461,0.573153,0.217863,0.635054,0.340865,0.696889,0.447372,0.498,0.233542,0.548927,0.404601,0.595426,0.525297,0.636896,0.630822,0.401471,0.242816,0.420104,0.409728,0.439249,0.543071,0.457046,0.654951,0.313163,0.244124,0.313722,0.397242,0.320177,0.523002,0.329322,0.624112,0.236453,0.240992,0.213261,0.385428,0.196786,0.475872,0.182456,0.556658
record5_2.mp4,ae1179fee0e5d8b751f9f701b65a739895ef8e6c87e4c75c9385c130a993055f,640,480,12.03,383,31.833,239,19916,Right,0.349953,0.038552,0.47195,0.100442,0.577951,0.222562,0.643704,0.345696,0.708911,0.454904,0.49525,0.230848,0.551358,0.397981,0.598462,0.520787,0.636599,0.629867,0.399572,0.242333,0.420433,0.407728,0.441956,0.546234,0.457764,0.66242,0.313212,0.248285,0.317128,0.403837,0.324822,0.53061,0.333369,0.631892,0.237498,0.250295,0.213841,0.396563,0.192759,0.487731,0.174149,0.565806
record5_2.mp4,ae1179fee0e5d8b751f9f701b65a739895ef8e6c87e4c75c9385c130a993055f,640,480,12.03,383,31.833,240,20000,Right,0.345425,0.01877,0.465939,0.088798,0.56963,0.211449,0.635863,0.3354,0.696782,0.446215,0.487843,0.220129,0.545442,0.39578,0.593903,0.518113,0.634494,0.624856,0.392749,0.233565,0.41546,0.406834,0.437159,0.545377,0.454671,0.662551,0.308951,0.238522,0.313539,0.39514,0.321857,0.521637,0.332092,0.627441,0.237535,0.236792,0.21448,0.379001,0.195191,0.470222,0.179215,0.553084
record5_2.mp4,ae1179fee0e5d8b751f9f701b65a739895ef8e6c87e4c75c9385c130a993055f,640,480,12.03,383,31.833,241,20083,Right,0.345517,0.02942,0.468168,0.093161,0.571671,0.210132,0.633213,0.330158,0.694164,0.436032,0.490612,0.223514,0.544204,0.390475,0.590676,0.50949,0.629188,0.615574,0.395323,0.234527,0.416009,0.400178,0.435403,0.534417,0.450516,0.649895,0.310472,0.237705,0.315146,0.39202,0.320418,0.51632,0.32922,0.623119,0.237666,0.234417,0.212268,0.37142,0.192199,0.460573,0.176471,0.544673
record5_2.mp4,ae1179fee0e5d8b751f9f701b65a739895ef8e6c87e4c75c9385c130a993055f,640,480,12.03,383,31.833,242,20166,Right,0.340833,0.018898,0.458385,0.082533,0.560238,0.197815,0.62352,0.31426,0.680417,0.418584,0.481085,0.206676,0.535785,0.378891,0.57997,0.496154,0.617879,0.59807,0.38653,0.217123,0.407334,0.386437,0.424914,0.517864,0.441455,0.629504,0.30185,0.220818,0.30376,0.376753,0.30709,0.498879,0.317026,0.602068,0.229946,0.221283,0.208723,0.363059,0.190964,0.450259,0.177958,0.529201
record5_2.mp4,ae1179fee0e5d8b751f9f701b65a739895ef8e6c87e4c75c9385c130a993055f,640,480,12.03,383,31.833,243,20250,Right,0.33582,0.006227,0.453997,0.073352,0.557611,0.188897,0.620574,0.306333,0.678823,0.411174,0.48082,0.197472,0.533633,0.364032,0.574301,0.481088,0.608914,0.583102,0.386827,0.209633,0.405479,0.379267,0.418949,0.51111,0.431293,0.620802,0.302042,0.21237,0.302832,0.362981,0.30253,0.482753,0.308513,0.58307,0.228299,0.210225,0.205114,0.346189,0.186779,0.431951,0.173098,0.510259
record5_2.mp4,ae1179fee0e5d8b751f9f701b65a739895ef8e6c87e4c75c9385c130a993055f,640,480,12.03,383,31.833,244,20333,Right,0.331791,0.002057,0.446625,0.062127,0.545389,0.172102,0.606839,0.283571,0.660044,0.385913,0.46524,0.183065,0.518869,0.349802,0.561255,0.465023,0.596571,0.564043,0.372113,0.200136,0.391232,0.359646,0.406471,0.485801,0.41941,0.591993,0.288535,0.204737,0.290766,0.352162,0.29332,0.471809,0.300289,0.572104,0.217328,0.201704,0.197244,0.335206,0.181227,0.421407,0.167951,0.49881
record5_2.mp4,ae1179fee0e5d8b751f9f701b65a739895ef8e6c87e4c75c9385c130a993055f,640,480,12.03,383,31.833,245,20416,Right,0.319845,-0.01318,0.436222,0.045951,0.538286,0.157029,0.601127,0.268675,0.653663,0.371691,0.458867,0.165326,0.513658,0.334468,0.55729,0.451535,0.593999,0.553509,0.367175,0.184292,0.38904,0.346254,0.402898,0.476926,0.413872,0.585788,0.285481,0.192515,0.292086,0.340598,0.293082,0.460422,0.298192,0.557302,0.215174,0.193979,0.193012,0.327634,0.173249,0.412151,0.157567,0.485073
record5_2.mp4,ae1179fee0e5d8b751f9f701b65a739895ef8e6c87e4c75c9385c130a993055f,640,480,12.03,383,31.833,246,20500,Right,0.321649,-0.028626,0.432137,0.038657,0.529494,0.156035,0.593427,0.274181,0.651201,0.376763,0.456107,0.16406,0.507307,0.327349,0.549118,0.439048,0.583167,0.536776,0.366269,0.179839,0.385657,0.335766,0.400483,0.460487,0.411914,0.564799,0.28634,0.185543,0.286133,0.327079,0.286296,0.442174,0.290375,0.537759,0.21804,0.185661,0.191131,0.312494,0.172504,0.39469,0.159751,0.469967
record5_2.mp4,ae1179fee0e5d8b751f9f701b65a739895ef8e6c87e4c75c9385c130a993055f,640,480,12.03,383,31.833,247,20583,Right,0.336127,0.00232,0.444229,0.062143,0.534691,0.165365,0.594006,0.268383,0.653355,0.369056,0.461424,0.17171,0.508429,0.326919,0.551572,0.439931,0.585027,0.535744,0.368792,0.186221,0.384372,0.33974,0.40051,0.469507,0.412258,0.573294,0.287923,0.194979,0.288302,0.333881,0.291744,0.449491,0.297761,0.538877,0.220541,0.198708,0.19113,0.324759,0.168385,0.404065,0.152399,0.470326
record5_2.mp4,ae1179fee0e5d8b751f9f701b65a739895ef8e6c87e4c75c9385c130a993055f,640,480,12.03,383,31.833,248,20666,Right,0.339914,0.005948,0.445678,0.062716,0.538583,0.164848,0.600697,0.267101,0.659841,0.366653,0.460696,0.177908,0.508815,0.328421,0.549991,0.441926,0.580549,0.54043,0.369305,0.192115,0.384946,0.338571,0.401198,0.466247,0.412912,0.571414,0.288904,0.197229,0.288551,0.328886,0.290482,0.443476,0.295591,0.537414,0.220537,0.19593,0.191623,0.315163,0.169592,0.396525,0.15345,0.468289
record5_2.mp4,ae1179fee0e5d8b751f9f701b65a739895ef8e6c87e4c75c9385c130a993055f,640,480,12.03,383,31.833,249,20750,Right,0.335729,-0.008909,0.44222,0.050013,0.535289,0.153511,0.595961,0.259194,0.652838,0.364141,0.458564,0.171556,0.508714,0.325937,0.549955,0.439396,0.58021,0.535413,0.371001,0.186259,0.388428,0.33608,0.405203,0.465261,0.417038,0.568878,0.291277,0.189021,0.290089,0.327089,0.290107,0.44295,0.295791,0.539437,0.219475,0.184768,0.189378,0.305571,0.168105,0.39129,0.155825,0.469082
record5_2.mp4,ae1179fee0e5d8b751f9f701b65a739895ef8e6c87e4c75c9385c130a993055f,640,480,12.03,383,31.833,250,20833,Right,0.331621,-0.023387,0.438416,0.048282,0.536095,0.160741,0.602182,0.272522,0.663223,0.376666,0.465471,0.155157,0.517368,0.319288,0.553815,0.440612,0.578746,0.544369,0.376018,0.162631,0.393725,0.326341,0.410469,0.464584,0.421774,0.574914,0.293264,0.160132,0.292549,0.314192,0.296872,0.441273,0.305181,0.546708,0.220013,0.151743,0.190381,0.278551,0.173606,0.374891,0.16371,0.465174
record5_2.mp4,ae1179fee0e5d8b751f9f701b65a739895ef8e6c87e4c75c9385c130a993055f,640,480,12.03,383,31.833,251,20916,Right,0.32052,-0.028736,0.435042,0.050175,0.538136,0.166835,0.607438,0.283902,0.672081,0.381424,0.47613,0.149418,0.527188,0.317501,0.558296,0.442967,0.580618,0.548144,0.386598,0.153554,0.406593,0.324119,0.413865,0.469234,0.413873,0.578134,0.29779,0.149453,0.297157,0.312011,0.295579,0.444934,0.296728,0.547762,0.215346,0.142664,0.180544,0.28003,0.163404,0.382401,0.151262,0.473873
record5_2.mp4,ae1179fee0e5d8b751f9f701b65a739895ef8e6c87e4c75c9385c130a993055f,640,480,12.03,383,31.833,252,21000,Right,0.324847,-0.024002,0.440279,0.065388,0.547107,0.181173,0.61913,0.297178,0.683957,0.389604,0.483202,0.163747,0.533268,0.320268,0.564134,0.442894,0.588147,0.54553,0.391337,0.161656,0.408484,0.324642,0.419879,0.465364,0.424919,0.576064,0.298765,0.15356,0.29261,0.305815,0.293553,0.440877,0.296316,0.548105,0.211777,0.148264,0.171969,0.289474,0.15519,0.393332,0.144172,0.487366
record5_2.mp4,ae1179fee0e5d8b751f9f701b65a739895ef8e6c87e4c75c9385c130a993055f,640,480,12.03,383,31.833,253,21083,Right,0.319129,-0.00261,0.436423,0.081712,0.541762,0.188605,0.610547,0.293968,0.674623,0.386986,0.477761,0.18522,0.528067,0.341132,0.564583,0.461466,0.590721,0.559615,0.38572,0.186405,0.400902,0.343369,0.414714,0.481041,0.423371,0.587042,0.294721,0.181523,0.288467,0.328817,0.289329,0.456437,0.293352,0.554851,0.211294,0.177853,0.172691,0.308537,0.157171,0.406763,0.146825,0.495434
record5_2.mp4,ae1179fee0e5d8b751f9f701b65a739895ef8e6c87e4c75c9385c130a993055f,640,480,12.03,383,31.833,254,21166,Right,0.314499,0.000114,0.42933,0.081779,0.536244,0.189895,0.609101,0.295189,0.675226,0.384485,0.469903,0.194403,0.523571,0.346998,0.56201,0.46349,0.591004,0.561634,0.379391,0.197943,0.397577,0.351309,0.413104,0.485636,0.422762,0.592405,0.290973,0.192976,0.288629,0.337366,0.290655,0.462737,0.295252,0.563194,0.208733,0.188247,0.178146,0.319449,0.162042,0.413798,0.150241,0.500142
record5_2.mp4,ae1179fee0e5d8b751f9f701b65a739895ef8e6c87e4c75c9385c130a993055f,640,480,12.03,383,31.833,255,21250,Right,0.304856,0.015069,0.427838,0.085368,0.534356,0.189396,0.607985,0.294001,0.675559,0.387747,0.466519,0.202845,0.521198,0.357849,0.561563,0.472713,0.591603,0.564854,0.372465,0.216783,0.396935,0.369482,0.422698,0.498411,0.441091,0.597486,0.28278,0.218249,0.288712,0.359294,0.299181,0.477371,0.312088,0.569674,0.200454,0.214669,0.176372,0.343167,0.159051,0.433506,0.145327,0.511489
record5_2.mp4,ae1179fee0e5d8b751f9f701b65a739895ef8e6c87e4c75c9385c130a993055f,640,480,12.03,383,31.833,256,21333,Right,0.306222,0.029666,0.428877,0.088601,0.542153,0.195013,0.617499,0.300407,0.683966,0.394225,0.460129,0.223712,0.517736,0.375765,0.563035,0.482358,0.599307,0.574591,0.366606,0.235046,0.389948,0.381216,0.419931,0.501473,0.445858,0.602969,0.280432,0.234968,0.282788,0.375127,0.289706,0.485023,0.304582,0.579461,0.201528,0.228973,0.179577,0.357902,0.157499,0.439442,0.143373,0.512827
record5_2.mp4,ae1179fee0e5d8b751f9f701b65a739895ef8e6c87e4c75c9385c130a993055f,640,480,12.03,383,31.833,257,21416,Right,0.306159,0.025532,0.427161,0.085495,0.539997,0.197038,0.617232,0.30205,0.685324,0.394091,0.450481,0.201125,0.497237,0.32712,0.539137,0.421578,0.576516,0.512411,0.358612,0.221391,0.385273,0.363481,0.411998,0.482756,0.435021,0.586972,0.274015,0.234741,0.282646,0.376219,0.289202,0.489206,0.302557,0.584784,0.198932,0.239031,0.181635,0.368816,0.158899,0.446978,0.142667,0.516984
record5_2.mp4,ae1179fee0e5d8b751f9f701b65a739895ef8e6c87e4c75c9385c130a993055f,640,480,12.03,383,31.833,258,21500,Right,0.307128,0.02546,0.428544,0.090354,0.53858,0.202575,0.613669,0.305989,0.682103,0.394876,0.46072,0.205599,0.508168,0.360124,0.55089,0.470325,0.58626,0.563748,0.367766,0.215706,0.393765,0.371366,0.419333,0.498999,0.441369,0.603254,0.283366,0.220205,0.288416,0.37069,0.293588,0.490066,0.306236,0.58693,0.206215,0.219257,0.177067,0.355664,0.153267,0.440594,0.137836,0.514412
record5_2.mp4,ae1179fee0e5d8b751f9f701b65a739895ef8e6c87e4c75c9385c130a993055f,640,480,12.03,383,31.833,259,21583,Right,0.310136,0.012443,0.427741,0.084495,0.537082,0.19321,0.616399,0.29048,0.688038,0.373174,0.463788,0.19484,0.517455,0.355771,0.558967,0.471328,0.591737,0.567221,0.372359,0.203529,0.400011,0.367766,0.424981,0.499316,0.445265,0.606086,0.287311,0.20492,0.295022,0.363341,0.301001,0.487215,0.311469,0.587543,0.209289,0.203611,0.182806,0.343874,0.159949,0.43597,0.144306,0.517996
record5_2.mp4,ae1179fee0e5d8b751f9f701b65a739895ef8e6c87e4c75c9385c130a993055f,640,480,12.03,383,31.833,260,21666,Right,0.311167,0.010191,0.435566,0.092389,0.552166,0.205807,0.6331,0.309593,0.702539,0.384068,0.478827,0.203192,0.533554,0.359117,0.567456,0.485208,0.589687,0.585529,0.385352,0.203688,0.412096,0.367454,0.433404,0.51326,0.444953,0.622779,0.293949,0.194513,0.302895,0.350265,0.309298,0.491472,0.315411,0.602878,0.207559,0.180959,0.178625,0.317813,0.162505,0.423067,0.147892,0.516281
record5_2.mp4,ae1179fee0e5d8b751f9f701b65a739895ef8e6c87e4c75c9385c130a993055f,640,480,12.03,383,31.833,261,21750,Right,0.323122,0.007326,0.444673,0.074492,0.565752,0.190352,0.647132,0.300939,0.720032,0.377662,0.492016,0.184585,0.547838,0.348853,0.582049,0.477691,0.608842,0.587091,0.39482,0.18515,0.423637,0.351784,0.442991,0.499578,0.453827,0.620195,0.299248,0.181102,0.305371,0.34777,0.308122,0.491589,0.312777,0.610228,0.208145,0.177225,0.179737,0.329671,0.156941,0.434671,0.13826,0.525882
record5_2.mp4,ae1179fee0e5d8b751f9f701b65a739895ef8e6c87e4c75c9385c130a993055f,640,480,12.03,383,31.833,262,21833,Right,0.332993,0.011522,0.459724,0.083307,0.581117,0.21247,0.667167,0.335032,0.74024,0.418848,0.512466,0.21171,0.565533,0.377864,0.594898,0.501551,0.617843,0.614214,0.413544,0.216277,0.437479,0.385655,0.456695,0.529748,0.466126,0.654004,0.314552,0.213688,0.304076,0.38853,0.291641,0.533102,0.278612,0.657923,0.220642,0.203348,0.182702,0.353746,0.153686,0.454933,0.125926,0.547522
record5_2.mp4,ae1179fee0e5d8b751f9f701b65a739895ef8e6c87e4c75c9385c130a993055f,640,480,12.03,383,31.833,263,21916,Right,0.332777,0.016445,0.460971,0.099465,0.586091,0.231598,0.668587,0.360895,0.728699,0.468973,0.51783,0.230864,0.578839,0.412126,0.61377,0.549638,0.639786,0.67379,0.421931,0.235288,0.453069,0.419188,0.472214,0.577982,0.481687,0.717784,0.320208,0.234407,0.322677,0.416782,0.315534,0.573533,0.306281,0.709844,0.222051,0.23013,0.186481,0.391509,0.154791,0.501741,0.126021,0.605431
record5_2.mp4,ae1179fee0e5d8b751f9f701b65a739895ef8e6c87e4c75c9385c130a993055f,640,480,12.03,383,31.833,264,22000,Right,0.34402,0.043805,0.471859,0.135382,0.59579,0.283895,0.683823,0.419072,0.748294,0.524956,0.537822,0.273806,0.59441,0.464807,0.629422,0.609342,0.65636,0.734633,0.434297,0.269914,0.453577,0.459641,0.466387,0.622153,0.470861,0.759635,0.326038,0.264327,0.320915,0.459165,0.31446,0.625186,0.30736,0.765578,0.223785,0.259093,0.183335,0.441161,0.151164,0.562004,0.120824,0.668375
record5_2.mp4,ae1179fee0e5d8b751f9f701b65a739895ef8e6c87e4c75c9385c130a993055f,640,480,12.03,383,31.833,265,22083,Right,0.341337,0.072996,0.473336,0.167055,0.597665,0.317914,0.680663,0.456142,0.742819,0.570325,0.530664,0.325017,0.587804,0.527779,0.625549,0.677958,0.655196,0.80867,0.421434,0.330116,0.440426,0.552793,0.455027,0.736621,0.463824,0.892869,0.313412,0.328802,0.313035,0.542132,0.3145,0.717512,0.31692,0.862687,0.21444,0.324009,0.172393,0.512576,0.138718,0.638161,0.110371,0.746678
record5_2.mp4,ae1179fee0e5d8b751f9f701b65a739895ef8e6c87e4c75c9385c130a993055f,640,480,12.03,383,31.833,266,22166,Right,0.33669,0.106749,0.477114,0.208994,0.595175,0.349118,0.679924,0.488118,0.741276,0.614005,0.50864,0.356471,0.564762,0.568866,0.611621,0.723819,0.647884,0.856631,0.394269,0.363564,0.409714,0.584771,0.433429,0.763427,0.452298,0.9073,0.289303,0.365419,0.28444,0.574026,0.29283,0.744983,0.305963,0.883292,0.199688,0.362655,0.157001,0.545718,0.126183,0.666566,0.102485,0.771895
record5_2.mp4,ae1179fee0e5d8b751f9f701b65a739895ef8e6c87e4c75c9385c130a993055f,640,480,12.03,383,31.833,267,22250,Right,0.334301,0.13114,0.474924,0.228475,0.597873,0.369014,0.684616,0.504959,0.753617,0.6393,0.502408,0.365424,0.561097,0.571856,0.619542,0.728959,0.667744,0.865964,0.386401,0.367622,0.412624,0.581387,0.44008,0.770467,0.462467,0.928511,0.283444,0.375859,0.286483,0.574598,0.294327,0.747535,0.304033,0.887315,0.198311,0.383663,0.15408,0.559933,0.121729,0.674477,0.096492,0.776763
record5_2.mp4,ae1179fee0e5d8b751f9f701b65a739895ef8e6c87e4c75c9385c130a993055f,640,480,12.03,383,31.833,268,22333,Right,0.331726,0.144449,0.477519,0.243397,0.603799,0.38078,0.685664,0.510174,0.749392,0.639795,0.512528,0.382553,0.566607,0.585786,0.619728,0.739655,0.664174,0.870355,0.397164,0.379698,0.418958,0.598279,0.443124,0.782512,0.462225,0.931813,0.291742,0.382602,0.295272,0.585843,0.298343,0.754532,0.306231,0.88999,0.19715,0.387978,0.154293,0.567408,0.120235,0.679586,0.095071,0.779771
record5_2.mp4,ae1179fee0e5d8b751f9f701b65a739895ef8e6c87e4c75c9385c130a993055f,640,480,12.03,383,31.833,269,22416,Right,0.332347,0.150153,0.479452,0.248316,0.599546,0.379385,0.679875,0.504348,0.739845,0.632732,0.51294,0.382437,0.572369,0.591652,0.623745,0.745248,0.661814,0.872277,0.395048,0.386533,0.418285,0.604311,0.443118,0.78356,0.463267,0.926614,0.288646,0.390451,0.291652,0.592904,0.296338,0.76004,0.306081,0.890597,0.198569,0.392154,0.156071,0.56651,0.125529,0.681737,0.104084,0.782709
record5_2.mp4,ae1179fee0e5d8b751f9f701b65a739895ef8e6c87e4c75c9385c130a993055f,640,480,12.03,383,31.833,270,22500,Right,0.339129,0.142631,0.478822,0.248597,0.599591,0.380943,0.685408,0.504815,0.743786,0.628251,0.508748,0.383289,0.569068,0.585979,0.620077,0.73781,0.657946,0.863926,0.395375,0.385045,0.420624,0.59968,0.443911,0.780338,0.460661,0.922004,0.28991,0.385947,0.29299,0.583715,0.297725,0.753441,0.306111,0.88491,0.199784,0.385185,0.157429,0.559753,0.127295,0.677282,0.104899,0.779711
record5_2.mp4,ae1179fee0e5d8b751f9f701b65a739895ef8e6c87e4c75c9385c130a993055f,640,480,12.03,383,31.833,271,22583,Right,0.33244,0.151702,0.483505,0.249812,0.610998,0.389293,0.703781,0.51243,0.774178,0.612003,0.520806,0.394202,0.574709,0.575085,0.619195,0.722762,0.653351,0.854768,0.402354,0.387892,0.429398,0.594407,0.451341,0.775016,0.469993,0.926389,0.29021,0.388756,0.300155,0.591824,0.305039,0.759744,0.315599,0.899353,0.187884,0.391727,0.149145,0.561976,0.121634,0.670793,0.102934,0.773535
record5_2.mp4,ae1179fee0e5d8b751f9f701b65a739895ef8e6c87e4c75c9385c130a993055f,640,480,12.03,383,31.833,272,22666,Right,0.336923,0.140843,0.478924,0.246589,0.601038,0.383342,0.688459,0.505545,0.747689,0.621091,0.506422,0.386186,0.567701,0.574753,0.620798,0.717073,0.663891,0.842119,0.392413,0.385792,0.415823,0.590748,0.44198,0.767229,0.463755,0.9129,0.288064,0.388305,0.283548,0.579103,0.289608,0.74774,0.300183,0.886212,0.198588,0.393168,0.154816,0.562626,0.125073,0.677109,0.10332,0.783416
record5_2.mp4,ae1179fee0e5d8b751f9f701b65a739895ef8e6c87e4c75c9385c130a993055f,640,480,12.03,383,31.833,273,22750,Right,0.335695,0.145576,0.478088,0.240475,0.604755,0.370129,0.689623,0.492159,0.747823,0.62098,0.508995,0.387014,0.56888,0.587682,0.62191,0.738867,0.663754,0.868309,0.395127,0.388474,0.421805,0.603509,0.44532,0.785693,0.46271,0.935751,0.291857,0.391816,0.295739,0.590288,0.300261,0.756408,0.308092,0.890975,0.201222,0.394135,0.156999,0.567645,0.123232,0.678915,0.098605,0.780296
record5_2.mp4,ae1179fee0e5d8b751f9f701b65a739895ef8e6c87e4c75c9385c130a993055f,640,480,12.03,383,31.833,274,22833,Right,0.344336,0.122481,0.482374,0.227587,0.606428,0.36319,0.68892,0.491473,0.744135,0.619957,0.52287,0.364516,0.582422,0.579794,0.630645,0.733359,0.667942,0.865367,0.410177,0.364189,0.434014,0.595457,0.454439,0.780802,0.47003,0.93143,0.304483,0.360885,0.309693,0.581811,0.310902,0.752907,0.316594,0.889135,0.213201,0.355003,0.171051,0.537579,0.140247,0.65915,0.118546,0.768815
record5_2.mp4,ae1179fee0e5d8b751f9f701b65a739895ef8e6c87e4c75c9385c130a993055f,640,480,12.03,383,31.833,275,22916,Right,0.357506,0.080605,0.499395,0.19795,0.619139,0.352344,0.695534,0.503631,0.752719,0.638701,0.534929,0.321957,0.597008,0.559452,0.638643,0.725066,0.670828,0.859325,0.420005,0.321851,0.446018,0.562436,0.464662,0.752759,0.475924,0.897994,0.312975,0.317495,0.319925,0.541581,0.325291,0.718358,0.331644,0.853761,0.221014,0.31468,0.192434,0.507489,0.172206,0.639229,0.156172,0.75384
record5_2.mp4,ae1179fee0e5d8b751f9f701b65a739895ef8e6c87e4c75c9385c130a993055f,640,480,12.03,383,31.833,276,23000,Right,0.366729,0.044681,0.507863,0.170091,0.620793,0.345339,0.692697,0.508406,0.753308,0.637868,0.540873,0.278141,0.594061,0.527153,0.62815,0.695643,0.656479,0.834379,0.425307,0.26855,0.44659,0.529764,0.461466,0.72531,0.471716,0.876862,0.317043,0.268878,0.320876,0.505494,0.326349,0.689784,0.332367,0.828624,0.227621,0.280072,0.200907,0.486356,0.183201,0.621138,0.16758,0.737972
record5_2.mp4,ae1179fee0e5d8b751f9f701b65a739895ef8e6c87e4c75c9385c130a993055f,640,480,12.03,383,31.833,277,23083,Right,0.361891,0.038289,0.504863,0.155412,0.615087,0.341701,0.685394,0.51829,0.755197,0.649601,0.530284,0.264878,0.589022,0.524018,0.627221,0.689868,0.659352,0.827971,0.415825,0.264599,0.444637,0.528566,0.464256,0.716707,0.478033,0.864694,0.311614,0.270572,0.32263,0.510192,0.330639,0.693023,0.340505,0.835355,0.22617,0.285089,0.208971,0.493133,0.192438,0.624942,0.178411,0.738473
record5_2.mp4,ae1179fee0e5d8b751f9f701b65a739895ef8e6c87e4c75c9385c130a993055f,640,480,12.03,383,31.833,278,23166,Right,0.357326,0.046244,0.49998,0.158466,0.610435,0.340128,0.682253,0.509454,0.752687,0.631002,0.52154,0.285497,0.580501,0.534199,0.620918,0.693613,0.656733,0.827106,0.408738,0.289291,0.437597,0.533224,0.458164,0.711743,0.474115,0.854643,0.304378,0.293695,0.318109,0.515275,0.328642,0.685857,0.340273,0.820615,0.216607,0.302235,0.205047,0.501015,0.189586,0.628213,0.175533,0.738323
record5_2.mp4,ae1179fee0e5d8b751f9f701b65a739895ef8e6c87e4c75c9385c130a993055f,640,480,12.03,383,31.833,279,23250,Right,0.341668,0.067304,0.483809,0.169764,0.598096,0.333761,0.676278,0.490065,0.753064,0.605797,0.509983,0.303596,0.567266,0.534074,0.612304,0.688448,0.651675,0.821322,0.395178,0.315176,0.424298,0.537523,0.45122,0.713619,0.473154,0.859863,0.293356,0.326765,0.306864,0.53189,0.317227,0.698047,0.328715,0.837429,0.210626,0.337432,0.192653,0.513566,0.181115,0.630224,0.172257,0.739095
record5_2.mp4,ae1179fee0e5d8b751f9f701b65a739895ef8e6c87e4c75c9385c130a993055f,640,480,12.03,383,31.833,280,23333,Right,0.33253,0.110211,0.472292,0.195949,0.591787,0.339456,0.677142,0.478761,0.757421,0.59415,0.504956,0.326429,0.56192,0.540079,0.61071,0.68927,0.65175,0.820068,0.388686,0.339547,0.421469,0.559309,0.452779,0.735117,0.478441,0.882648,0.288299,0.355879,0.305204,0.56322,0.318979,0.721083,0.334457,0.853854,0.208712,0.369386,0.193855,0.541553,0.182621,0.653818,0.174419,0.75701
record5_2.mp4,ae1179fee0e5d8b751f9f701b65a739895ef8e6c87e4c75c9385c130a993055f,640,480,12.03,383,31.833,281,23416,Right,0.326266,0.119599,0.463265,0.206828,0.583793,0.342716,0.673855,0.469274,0.755799,0.577969,0.493663,0.348643,0.551616,0.55068,0.600394,0.692081,0.639825,0.81519,0.381241,0.365271,0.417868,0.570131,0.449508,0.736861,0.473559,0.876503,0.284332,0.383746,0.300389,0.568946,0.311599,0.72014,0.323408,0.844241,0.208172,0.397725,0.193631,0.561062,0.176592,0.663112,0.162024,0.75419
record5_2.mp4,ae1179fee0e5d8b751f9f701b65a739895ef8e6c87e4c75c9385c130a993055f,640,480,12.03,383,31.833,282,23500,Right,0.322589,0.140881,0.455559,0.197761,0.585234,0.318028,0.680897,0.428682,0.769648,0.515082,0.481865,0.323501,0.518486,0.475292,0.551041,0.594095,0.573793,0.707821,0.377572,0.353977,0.412555,0.551598,0.443554,0.715373,0.46418,0.855818,0.28454,0.380752,0.299196,0.572562,0.31132,0.717837,0.325977,0.84469,0.206536,0.396865,0.192663,0.560932,0.174118,0.661431,0.161103,0.754079
record5_2.mp4,ae1179fee0e5d8b751f9f701b65a739895ef8e6c87e4c75c9385c130a993055f,640,480,12.03,383,31.833,283,23583,Right,0.312914,0.120091,0.447696,0.183243,0.576758,0.296262,0.674056,0.403318,0.761753,0.501042,0.484029,0.333288,0.539501,0.53982,0.585044,0.684487,0.621065,0.813843,0.37087,0.358524,0.412189,0.571685,0.443048,0.736812,0.467484,0.878577,0.273415,0.377578,0.294498,0.571561,0.308211,0.721151,0.324507,0.848896,0.195876,0.390078,0.185931,0.55926,0.171013,0.664232,0.160155,0.758021
record5_2.mp4,ae1179fee0e5d8b751f9f701b65a739895ef8e6c87e4c75c9385c130a993055f,640,480,12.03,383,31.833,284,23666,Right,0.318658,0.113252,0.455656,0.196666,0.58142,0.33035,0.676083,0.456355,0.756302,0.567567,0.484796,0.335023,0.540271,0.541126,0.587624,0.68698,0.622088,0.811951,0.374331,0.356895,0.413978,0.564118,0.447601,0.733205,0.471628,0.87243,0.278709,0.377645,0.297335,0.570451,0.311885,0.723238,0.327265,0.848194,0.201713,0.390959,0.1834,0.55839,0.167878,0.664033,0.156978,0.756739
record5_2.mp4,ae1179fee0e5d8b751f9f701b65a739895ef8e6c87e4c75c9385c130a993055f,640,480,12.03,383,31.833,285,23750,Right,0.318867,0.122094,0.458562,0.201322,0.590504,0.335458,0.683978,0.461572,0.765349,0.566423,0.490546,0.348221,0.552261,0.551646,0.602784,0.697821,0.64327,0.82882,0.379777,0.366105,0.417524,0.567694,0.450652,0.737613,0.477166,0.883294,0.282717,0.381932,0.300156,0.574079,0.312039,0.72794,0.326785,0.860293,0.204031,0.39263,0.187459,0.559555,0.171529,0.665849,0.160731,0.764267
record5_2.mp4,ae1179fee0e5d8b751f9f701b65a739895ef8e6c87e4c75c9385c130a993055f,640,480,12.03,383,31.833,286,23833,Right,0.324447,0.131738,0.459084,0.19874,0.587618,0.328289,0.682755,0.44729,0.760692,0.5642,0.488581,0.331622,0.55189,0.496024,0.60637,0.624077,0.646945,0.749125,0.379832,0.359696,0.418095,0.549629,0.451127,0.712777,0.475617,0.860381,0.284194,0.385534,0.300915,0.571261,0.314355,0.722799,0.329897,0.855058,0.20606,0.39958,0.190772,0.557676,0.174089,0.658294,0.161684,0.755761
record5_2.mp4,ae1179fee0e5d8b751f9f701b65a739895ef8e6c87e4c75c9385c130a993055f,640,480,12.03,383,31.833,287,23916,Right,0.323545,0.119139,0.462378,0.195292,0.585432,0.324645,0.67666,0.444462,0.755011,0.559288,0.492116,0.343235,0.56241,0.535884,0.619962,0.679651,0.664405,0.809869,0.377498,0.361792,0.418048,0.558797,0.451204,0.724642,0.477179,0.870619,0.280187,0.381504,0.300073,0.570252,0.315211,0.722432,0.329176,0.849674,0.204025,0.394897,0.187601,0.560278,0.173172,0.664884,0.160761,0.761979
record5_2.mp4,ae1179fee0e5d8b751f9f701b65a739895ef8e6c87e4c75c9385c130a993055f,640,480,12.03,383,31.833,288,24000,Right,0.326224,0.12503,0.468794,0.205794,0.595186,0.336325,0.686609,0.451847,0.765392,0.562038,0.50268,0.355793,0.569636,0.543174,0.626129,0.68599,0.67078,0.815457,0.38772,0.373204,0.428386,0.571736,0.458721,0.739579,0.482684,0.887162,0.287202,0.391036,0.306374,0.57612,0.316862,0.728569,0.328055,0.855347,0.206649,0.401162,0.188101,0.564278,0.172682,0.66795,0.160855,0.764461
record5_2.mp4,ae1179fee0e5d8b751f9f701b65a739895ef8e6c87e4c75c9385c130a993055f,640,480,12.03,383,31.833,289,24083,Right,0.325246,0.128794,0.468042,0.209159,0.595915,0.33835,0.688032,0.453343,0.762657,0.567047,0.499624,0.359342,0.567365,0.546602,0.625293,0.68729,0.668554,0.811995,0.384601,0.377091,0.422334,0.56875,0.458189,0.734186,0.48569,0.878971,0.285289,0.394112,0.301529,0.573878,0.316796,0.726354,0.331332,0.854695,0.204521,0.40514,0.186421,0.563081,0.171392,0.66476,0.15985,0.761078
record5_2.mp4,ae1179fee0e5d8b751f9f701b65a739895ef8e6c87e4c75c9385c130a993055f,640,480,12.03,383,31.833,290,24166,Right,0.328269,0.132653,0.471649,0.210252,0.598587,0.340079,0.688653,0.45457,0.76021,0.568662,0.502906,0.363483,0.571283,0.552123,0.628386,0.693702,0.670229,0.818954,0.388572,0.382945,0.424688,0.570397,0.45878,0.73392,0.485563,0.878416,0.289153,0.400062,0.302221,0.574046,0.316303,0.725269,0.330886,0.854125,0.207435,0.409626,0.18688,0.562589,0.171242,0.66418,0.159837,0.761843
record5_2.mp4,ae1179fee0e5d8b751f9f701b65a739895ef8e6c87e4c75c9385c130a993055f,640,480,12.03,383,31.833,291,24250,Right,0.330538,0.136401,0.475219,0.215426,0.601532,0.341092,0.691352,0.4533,0.759969,0.568269,0.505848,0.366433,0.573466,0.557475,0.631688,0.698947,0.675443,0.822992,0.391948,0.382403,0.427129,0.568115,0.4604,0.729602,0.486278,0.869162,0.291618,0.39685,0.305165,0.570832,0.31939,0.721329,0.334348,0.847547,0.207563,0.405099,0.188759,0.564337,0.173381,0.667093,0.161913,0.762768
record5_2.mp4,ae1179fee0e5d8b751f9f701b65a739895ef8e6c87e4c75c9385c130a993055f,640,480,12.03,383,31.833,292,24333,Right,0.326497,0.13614,0.466233,0.209392,0.593531,0.335164,0.686114,0.446438,0.756956,0.559703,0.50416,0.362236,0.568948,0.546941,0.62963,0.684112,0.676894,0.811358,0.393416,0.380708,0.428918,0.567473,0.463615,0.731225,0.494198,0.880668,0.294153,0.396695,0.307568,0.574952,0.318507,0.72155,0.335323,0.853396,0.209478,0.405963,0.187093,0.560411,0.169384,0.660878,0.159376,0.762109
record5_2.mp4,ae1179fee0e5d8b751f9f701b65a739895ef8e6c87e4c75c9385c130a993055f,640,480,12.03,383,31.833,293,24416,Right,0.32334,0.141063,0.468141,0.211134,0.598704,0.334822,0.688273,0.44754,0.761273,0.558206,0.515407,0.365522,0.585773,0.559358,0.639728,0.695928,0.683969,0.821991,0.409019,0.38583,0.468289,0.585149,0.515551,0.750532,0.555616,0.896639,0.30613,0.401189,0.326642,0.57864,0.337683,0.723401,0.352397,0.852792,0.211105,0.410675,0.195284,0.568303,0.173086,0.667773,0.158048,0.765081
record5_2.mp4,ae1179fee0e5d8b751f9f701b65a739895ef8e6c87e4c75c9385c130a993055f,640,480,12.03,383,31.833,294,24500,Right,0.332813,0.133443,0.47323,0.214812,0.599013,0.342547,0.688384,0.456828,0.760594,0.565389,0.517741,0.36817,0.583845,0.553984,0.636461,0.688275,0.681056,0.80968,0.410068,0.382639,0.460683,0.572817,0.504967,0.734666,0.54451,0.876056,0.306546,0.391298,0.321827,0.574423,0.332277,0.730215,0.349283,0.866437,0.210417,0.395735,0.184953,0.55272,0.15946,0.649975,0.143051,0.7459
record5_2.mp4,ae1179fee0e5d8b751f9f701b65a739895ef8e6c87e4c75c9385c130a993055f,640,480,12.03,383,31.833,295,24583,Right,0.342474,0.130859,0.480403,0.215288,0.603788,0.340833,0.691987,0.451514,0.764563,0.560173,0.521438,0.354821,0.586267,0.550937,0.634312,0.688209,0.675918,0.810303,0.413916,0.361294,0.443021,0.527953,0.468164,0.661586,0.493943,0.780021,0.310409,0.364843,0.313834,0.527208,0.312752,0.666424,0.318491,0.785536,0.214895,0.369921,0.183601,0.526485,0.157109,0.625184,0.136802,0.71853
record5_2.mp4,ae1179fee0e5d8b751f9f701b65a739895ef8e6c87e4c75c9385c130a993055f,640,480,12.03,383,31.833,296,24666,Right,0.339884,0.119474,0.479196,0.220977,0.605763,0.350073,0.694298,0.459383,0.764662,0.560499,0.522854,0.367666,0.58595,0.555072,0.638196,0.692712,0.679662,0.813025,0.416241,0.37008,0.447995,0.560317,0.473351,0.724477,0.49235,0.862315,0.311519,0.36846,0.315571,0.547194,0.317606,0.6985,0.323567,0.823812,0.215917,0.366712,0.183255,0.526655,0.158249,0.633772,0.141663,0.735562
record5_2.mp4,ae1179fee0e5d8b751f9f701b65a739895ef8e6c87e4c75c9385c130a993055f,640,480,12.03,383,31.833,297,24750,Right,0.342575,0.122227,0.48239,0.222422,0.606667,0.3513,0.693987,0.465141,0.766354,0.565668,0.519755,0.361435,0.583193,0.550312,0.634614,0.69074,0.675396,0.810722,0.412231,0.364146,0.444075,0.560077,0.470044,0.728242,0.489695,0.867211,0.308665,0.36417,0.314124,0.544012,0.317316,0.699392,0.323847,0.825601,0.216627,0.362627,0.183633,0.52266,0.158555,0.631154,0.140121,0.732702
record5_2.mp4,ae1179fee0e5d8b751f9f701b65a739895ef8e6c87e4c75c9385c130a993055f,640,480,12.03,383,31.833,298,24833,Right,0.342705,0.119852,0.482191,0.217302,0.607068,0.346606,0.693151,0.464185,0.763338,0.576819,0.518369,0.362555,0.58305,0.551096,0.636793,0.691348,0.678746,0.813864,0.411188,0.366956,0.442323,0.560146,0.469339,0.7281,0.489424,0.867677,0.309536,0.365459,0.311466,0.546083,0.315025,0.70238,0.322616,0.83175,0.217649,0.3601,0.178658,0.517761,0.152584,0.628666,0.134693,0.73438
record5_2.mp4,ae1179fee0e5d8b751f9f701b65a739895ef8e6c87e4c75c9385c130a993055f,640,480,12.03,383,31.833,299,24916,Right,0.339764,0.122723,0.482668,0.218609,0.608614,0.346835,0.693962,0.463312,0.761008,0.581258,0.517683,0.366513,0.582046,0.556112,0.636544,0.694667,0.678361,0.817592,0.408953,0.370703,0.435533,0.559295,0.464289,0.72437,0.488595,0.866891,0.306378,0.371592,0.305011,0.544377,0.309488,0.698131,0.318567,0.827814,0.217841,0.368453,0.177498,0.522835,0.15049,0.629617,0.132912,0.734656
record5_2.mp4,ae1179fee0e5d8b751f9f701b65a739895ef8e6c87e4c75c9385c130a993055f,640,480,12.03,383,31.833,300,25000,Right,0.338726,0.113626,0.479941,0.214678,0.605095,0.344981,0.69108,0.461762,0.762085,0.574994,0.517404,0.364553,0.580827,0.555044,0.634668,0.695231,0.67691,0.818848,0.409432,0.364391,0.435659,0.553987,0.463721,0.721818,0.487624,0.865502,0.306111,0.360331,0.30452,0.534087,0.309488,0.691496,0.319309,0.822439,0.215859,0.352628,0.177968,0.514086,0.151747,0.626196,0.134562,0.733074
record5_2.mp4,ae1179fee0e5d8b751f9f701b65a739895ef8e6c87e4c75c9385c130a993055f,640,480,12.03,383,31.833,301,25083,Right,0.342959,0.119136,0.48431,0.221975,0.608017,0.350078,0.695606,0.464156,0.763425,0.576995,0.517421,0.362525,0.580492,0.550762,0.634131,0.692344,0.675278,0.815069,0.409994,0.360795,0.434918,0.552659,0.46235,0.722503,0.485777,0.864088,0.306945,0.357507,0.304924,0.534885,0.310931,0.695144,0.320793,0.824658,0.218374,0.351438,0.177514,0.51432,0.151599,0.628007,0.133833,0.734113
record5_2.mp4,ae1179fee0e5d8b751f9f701b65a739895ef8e6c87e4c75c9385c130a993055f,640,480,12.03,383,31.833,302,25166,Right,0.3374,0.122647,0.478128,0.220256,0.603702,0.345439,0.691645,0.4573,0.760104,0.565293,0.518027,0.360545,0.581745,0.550594,0.636064,0.690847,0.678164,0.8142,0.409855,0.362132,0.437663,0.553462,0.465132,0.720977,0.488091,0.864123,0.306042,0.361552,0.307682,0.538383,0.31197,0.696236,0.320774,0.827541,0.216424,0.357904,0.178636,0.516983,0.152222,0.625873,0.134579,0.730268
record5_2.mp4,ae1179fee0e5d8b751f9f701b65a739895ef8e6c87e4c75c9385c130a993055f,640,480,12.03,383,31.833,303,25250,Right,0.338897,0.125494,0.470762,0.219406,0.596641,0.341787,0.687416,0.453092,0.757747,0.560719,0.508798,0.349248,0.574106,0.526659,0.624784,0.658675,0.666424,0.783389,0.404146,0.3567,0.427366,0.540918,0.451137,0.706123,0.472491,0.851454,0.302688,0.361753,0.3027,0.535395,0.308659,0.692439,0.321115,0.827533,0.215897,0.362283,0.179446,0.518297,0.153882,0.629053,0.13579,0.737081
record5_2.mp4,ae1179fee0e5d8b751f9f701b65a739895ef8e6c87e4c75c9385c130a993055f,640,480,12.03,383,31.833,304,25333,Right,0.342178,0.135969,0.472723,0.223671,0.599585,0.345671,0.690422,0.453673,0.755351,0.563528,0.505306,0.346861,0.551537,0.464461,0.599143,0.562611,0.639899,0.666051,0.402948,0.358435,0.427797,0.533307,0.457565,0.695409,0.482033,0.841887,0.303025,0.368967,0.301141,0.544304,0.307841,0.691923,0.32234,0.824587,0.215515,0.37033,0.177917,0.519732,0.151043,0.624577,0.134749,0.732016
record5_2.mp4,ae1179fee0e5d8b751f9f701b65a739895ef8e6c87e4c75c9385c130a993055f,640,480,12.03,383,31.833,305,25416,Right,0.337177,0.1262,0.475774,0.220285,0.596136,0.343227,0.688238,0.4473,0.76773,0.530973,0.514921,0.360782,0.564655,0.547945,0.610752,0.691447,0.646647,0.813281,0.405094,0.364338,0.436411,0.557356,0.465482,0.72323,0.488948,0.862388,0.299761,0.365478,0.306264,0.543327,0.31419,0.698358,0.325203,0.82952,0.206182,0.363908,0.170336,0.518611,0.148619,0.625641,0.134012,0.728827
record5_2.mp4,ae1179fee0e5d8b751f9f701b65a739895ef8e6c87e4c75c9385c130a993055f,640,480,12.03,383,31.833,306,25500,Right,0.336091,0.113581,0.470824,0.212537,0.589982,0.335459,0.679594,0.439526,0.758744,0.528172,0.511235,0.355671,0.565882,0.544535,0.613417,0.685558,0.65068,0.813098,0.405801,0.364747,0.43581,0.557401,0.462224,0.724821,0.483086,0.869515,0.302605,0.367421,0.30772,0.545356,0.313514,0.697793,0.323363,0.827733,0.211812,0.364351,0.177795,0.519359,0.152953,0.626328,0.136081,0.730193
record5_2.mp4,ae1179fee0e5d8b751f9f701b65a739895ef8e6c87e4c75c9385c130a993055f,640,480,12.03,383,31.833,307,25583,Right,0.335585,0.128826,0.470192,0.22133,0.592133,0.34172,0.684026,0.442858,0.765807,0.525391,0.512115,0.359034,0.56916,0.537603,0.61843,0.677473,0.658128,0.804544,0.405528,0.361231,0.43588,0.54574,0.464198,0.710771,0.487266,0.856441,0.302489,0.362028,0.307616,0.540191,0.316151,0.694414,0.327848,0.827516,0.20844,0.361105,0.171612,0.51734,0.14941,0.623792,0.13498,0.729024
record5_2.mp4,ae1179fee0e5d8b751f9f701b65a739895ef8e6c87e4c75c9385c130a993055f,640,480,12.03,383,31.833,308,25666,Right,0.334224,0.130388,0.473417,0.220288,0.593522,0.339509,0.684771,0.441281,0.762083,0.527,0.512104,0.357047,0.570038,0.543119,0.620294,0.684528,0.659655,0.807172,0.400121,0.366366,0.431826,0.554696,0.459805,0.718809,0.483234,0.858174,0.295523,0.371608,0.300687,0.5453,0.30756,0.69696,0.318297,0.825721,0.205272,0.373473,0.172534,0.525593,0.149411,0.631019,0.132211,0.733794
record5_2.mp4,ae1179fee0e5d8b751f9f701b65a739895ef8e6c87e4c75c9385c130a993055f,640,480,12.03,383,31.833,309,25750,Right,0.327756,0.125419,0.469842,0.210729,0.597512,0.340495,0.693608,0.44849,0.780444,0.541769,0.515107,0.363527,0.572456,0.552389,0.624349,0.690379,0.66569,0.812152,0.404425,0.378214,0.43586,0.57357,0.462328,0.734485,0.484602,0.87167,0.301007,0.383757,0.310539,0.56695,0.316408,0.710101,0.328103,0.835631,0.207627,0.380994,0.174058,0.53001,0.148024,0.62892,0.130994,0.726313
record5_2.mp4,ae1179fee0e5d8b751f9f701b65a739895ef8e6c87e4c75c9385c130a993055f,640,480,12.03,383,31.833,310,25833,Right,0.325845,0.125463,0.458367,0.182173,0.574891,0.274553,0.657534,0.360664,0.724638,0.461943,0.498765,0.364399,0.571354,0.557284,0.626279,0.690846,0.66967,0.809304,0.395075,0.387843,0.42781,0.57573,0.454523,0.729331,0.47611,0.862361,0.296945,0.39452,0.301066,0.564362,0.308194,0.701069,0.319728,0.820644,0.210247,0.388549,0.17446,0.536081,0.147424,0.63572,0.127741,0.734537
record5_2.mp4,ae1179fee0e5d8b751f9f701b65a739895ef8e6c87e4c75c9385c130a993055f,640,480,12.03,383,31.833,311,25916,Right,0.333051,0.132203,0.474496,0.204999,0.597481,0.322164,0.679635,0.438069,0.717162,0.572324,0.507217,0.352347,0.567289,0.54663,0.62075,0.689624,0.660411,0.814927,0.395426,0.370315,0.424849,0.565168,0.452022,0.729143,0.477314,0.867511,0.291091,0.381174,0.30189,0.557397,0.309775,0.702743,0.324489,0.827745,0.202315,0.384468,0.170038,0.533817,0.14405,0.63609,0.126624,0.735723
record5_2.mp4,ae1179fee0e5d8b751f9f701b65a739895ef8e6c87e4c75c9385c130a993055f,640,480,12.03,383,31.833,312,26000,Right,0.335955,0.136076,0.482488,0.218149,0.606583,0.335983,0.684654,0.445203,0.722456,0.570769,0.513574,0.37112,0.572505,0.563695,0.625308,0.701302,0.665497,0.819012,0.40207,0.384073,0.430599,0.581032,0.458087,0.741679,0.482877,0.876611,0.298762,0.389141,0.308902,0.567197,0.31598,0.709288,0.329184,0.829907,0.208997,0.386838,0.173487,0.536942,0.144519,0.633889,0.125499,0.727253
record5_2.mp4,ae1179fee0e5d8b751f9f701b65a739895ef8e6c87e4c75c9385c130a993055f,640,480,12.03,383,31.833,313,26083,Right,0.336718,0.144283,0.482696,0.220058,0.60762,0.333735,0.685054,0.437794,0.71832,0.561174,0.515605,0.379597,0.579195,0.574624,0.633391,0.709827,0.674035,0.826942,0.40314,0.395153,0.434627,0.576749,0.463973,0.731878,0.490357,0.866006,0.298714,0.403826,0.305789,0.573969,0.309001,0.713879,0.320025,0.83236,0.208182,0.404902,0.162474,0.55383,0.123828,0.644808,0.096087,0.730541
record5_2.mp4,ae1179fee0e5d8b751f9f701b65a739895ef8e6c87e4c75c9385c130a993055f,640,480,12.03,383,31.833,314,26166,Right,0.331411,0.134339,0.474447,0.212012,0.596253,0.334223,0.677166,0.444227,0.735363,0.559114,0.503672,0.351912,0.569415,0.551144,0.621947,0.690551,0.663777,0.814284,0.390787,0.375227,0.42567,0.573497,0.453798,0.735118,0.47907,0.875334,0.290034,0.393746,0.29909,0.576944,0.305724,0.718299,0.317651,0.838331,0.204424,0.404528,0.157684,0.554228,0.116548,0.642434,0.083479,0.72541
record5_2.mp4,ae1179fee0e5d8b751f9f701b65a739895ef8e6c87e4c75c9385c130a993055f,640,480,12.03,383,31.833,315,26250,Right,0.334713,0.156231,0.48255,0.216728,0.6095,0.33529,0.685079,0.450957,0.730161,0.57621,0.51138,0.372913,0.573472,0.567159,0.626886,0.70273,0.669665,0.827483,0.394832,0.395571,0.42538,0.573008,0.450838,0.720106,0.475965,0.856575,0.290071,0.407322,0.289525,0.57892,0.29219,0.711901,0.304142,0.83145,0.196178,0.409907,0.149311,0.558956,0.108736,0.64976,0.077907,0.739132
record5_2.mp4,ae1179fee0e5d8b751f9f701b65a739895ef8e6c87e4c75c9385c130a993055f,640,480,12.03,383,31.833,316,26333,Right,0.340339,0.135413,0.478618,0.220642,0.601562,0.335091,0.678011,0.442638,0.725605,0.567167,0.511659,0.383895,0.577634,0.580132,0.630877,0.71383,0.669148,0.831993,0.399833,0.410237,0.426804,0.598573,0.454292,0.752496,0.473405,0.88428,0.297405,0.41824,0.294328,0.5959,0.29594,0.732227,0.299939,0.847666,0.207106,0.413837,0.141075,0.546981,0.084069,0.622389,0.040774,0.694878
record5_2.mp4,ae1179fee0e5d8b751f9f701b65a739895ef8e6c87e4c75c9385c130a993055f,640,480,12.03,383,31.833,317,26416,Right,0.341657,0.144299,0.482492,0.221734,0.60298,0.344757,0.676458,0.460606,0.736883,0.581979,0.513344,0.376852,0.578515,0.57397,0.62929,0.707595,0.668075,0.826617,0.397492,0.402345,0.426559,0.590159,0.452094,0.739478,0.471759,0.871416,0.293835,0.414327,0.290789,0.587607,0.294443,0.716666,0.301147,0.831354,0.204861,0.415531,0.135458,0.558845,0.075373,0.642195,0.026548,0.72459
record5_2.mp4,ae1179fee0e5d8b751f9f701b65a739895ef8e6c87e4c75c9385c130a993055f,640,480,12.03,383,31.833,318,26500,Right,0.344495,0.139033,0.480703,0.219303,0.598003,0.33614,0.675553,0.446233,0.742794,0.564,0.513545,0.374574,0.578807,0.574679,0.630951,0.710185,0.670224,0.829855,0.402779,0.394696,0.429234,0.585966,0.454166,0.738554,0.474271,0.871848,0.301198,0.403002,0.291961,0.574576,0.293778,0.70584,0.299186,0.82188,0.212378,0.401352,0.141604,0.542265,0.084019,0.625318,0.038562,0.707615
record5_2.mp4,ae1179fee0e5d8b751f9f701b65a739895ef8e6c87e4c75c9385c130a993055f,640,480,12.03,383,31.833,319,26583,Right,0.338117,0.1448,0.479955,0.217543,0.605193,0.341113,0.688322,0.450379,0.756543,0.555736,0.519056,0.37077,0.578008,0.554918,0.624537,0.691487,0.662777,0.820426,0.403129,0.382324,0.428099,0.5742,0.451384,0.731066,0.475207,0.874863,0.294484,0.394072,0.289468,0.57451,0.292356,0.7068,0.302561,0.829849,0.195025,0.401249,0.140163,0.548503,0.093073,0.634646,0.056594,0.726377
record5_2.mp4,ae1179fee0e5d8b751f9f701b65a739895ef8e6c87e4c75c9385c130a993055f,640,480,12.03,383,31.833,320,26666,Right,0.338272,0.122436,0.481574,0.218404,0.602798,0.337585,0.681965,0.440624,0.741873,0.548078,0.521186,0.384492,0.583337,0.578259,0.630717,0.710679,0.668234,0.827721,0.409357,0.3999,0.435579,0.596661,0.458752,0.75251,0.476281,0.884663,0.304468,0.400019,0.302181,0.580606,0.307048,0.716078,0.315639,0.832281,0.208511,0.390768,0.151288,0.537163,0.104944,0.630754,0.069446,0.723198
record5_2.mp4,ae1179fee0e5d8b751f9f701b65a739895ef8e6c87e4c75c9385c130a993055f,640,480,12.03,383,31.833,321,26750,Right,0.329045,0.139059,0.477676,0.215496,0.609228,0.35147,0.698135,0.466645,0.770827,0.56047,0.519103,0.378725,0.581875,0.554586,0.629489,0.687347,0.668546,0.816444,0.40024,0.390227,0.430195,0.572154,0.455817,0.728057,0.479151,0.874407,0.289402,0.397307,0.293188,0.572717,0.300489,0.70951,0.312796,0.832545,0.186969,0.39813,0.139195,0.543117,0.101588,0.629193,0.073559,0.71909
record5_2.mp4,ae1179fee0e5d8b751f9f701b65a739895ef8e6c87e4c75c9385c130a993055f,640,480,12.03,383,31.833,322,26833,Right,0.338093,0.112885,0.476403,0.200767,0.593926,0.323161,0.667984,0.438575,0.740129,0.555888,0.514368,0.36934,0.578699,0.566329,0.629878,0.702809,0.669529,0.821411,0.40323,0.390918,0.431167,0.589563,0.457925,0.748396,0.478504,0.883124,0.301291,0.39604,0.30167,0.580262,0.309865,0.716055,0.320585,0.83041,0.210251,0.390288,0.154586,0.543329,0.107485,0.636811,0.07098,0.725505
record5_2.mp4,ae1179fee0e5d8b751f9f701b65a739895ef8e6c87e4c75c9385c130a993055f,640,480,12.03,383,31.833,323,26916,Right,0.338611,0.146122,0.478248,0.216981,0.601835,0.332642,0.677255,0.453541,0.725701,0.583975,0.512479,0.362383,0.576303,0.564063,0.627637,0.705364,0.667622,0.829789,0.398021,0.380152,0.428401,0.575369,0.450229,0.734817,0.46951,0.872124,0.294757,0.392445,0.295785,0.564215,0.300561,0.698839,0.309367,0.816811,0.206093,0.398672,0.151076,0.546318,0.106231,0.635794,0.06937,0.72479
record5_2.mp4,ae1179fee0e5d8b751f9f701b65a739895ef8e6c87e4c75c9385c130a993055f,640,480,12.03,383,31.833,324,27000,Right,0.347617,0.135321,0.486177,0.216725,0.603119,0.330245,0.673611,0.44174,0.717873,0.564386,0.524991,0.372961,0.58693,0.573684,0.636269,0.712426,0.674112,0.835048,0.410335,0.389273,0.436225,0.584378,0.459918,0.744028,0.479889,0.880127,0.303789,0.395345,0.306119,0.573398,0.310219,0.712945,0.319093,0.83095,0.212106,0.394377,0.158639,0.545405,0.112183,0.63609,0.076289,0.721981
record5_2.mp4,ae1179fee0e5d8b751f9f701b65a739895ef8e6c87e4c75c9385c130a993055f,640,480,12.03,383,31.833,325,27083,Right,0.345478,0.136006,0.48366,0.217281,0.601088,0.333087,0.671887,0.445577,0.716418,0.571965,0.522296,0.374594,0.584449,0.57159,0.63325,0.710235,0.671658,0.833302,0.408383,0.390197,0.436042,0.588622,0.458951,0.74741,0.47973,0.883185,0.303462,0.395965,0.306019,0.580187,0.30951,0.718688,0.318991,0.836721,0.21242,0.393978,0.155301,0.547096,0.107044,0.634074,0.070369,0.717626
record5_2.mp4,ae1179fee0e5d8b751f9f701b65a739895ef8e6c87e4c75c9385c130a993055f,640,480,12.03,383,31.833,326,27166,Right,0.341029,0.13292,0.475744,0.206129,0.592192,0.31455,0.666962,0.420744,0.73667,0.531784,0.516851,0.367784,0.584821,0.562345,0.632239,0.699974,0.668999,0.821957,0.406958,0.390469,0.43541,0.584273,0.457449,0.739074,0.474519,0.871137,0.305856,0.399369,0.308178,0.578136,0.312263,0.711962,0.319251,0.824933,0.216545,0.398086,0.160589,0.548293,0.112735,0.636309,0.074312,0.719715
record5_2.mp4,ae1179fee0e5d8b751f9f701b65a739895ef8e6c87e4c75c9385c130a993055f,640,480,12.03,383,31.833,327,27250,Right,0.348394,0.134383,0.48928,0.216171,0.608793,0.332106,0.681896,0.450367,0.735608,0.575677,0.526165,0.374855,0.585189,0.569718,0.633079,0.708899,0.669798,0.831034,0.410069,0.390922,0.43623,0.581262,0.460452,0.740405,0.481032,0.87584,0.303449,0.396783,0.306684,0.572549,0.312811,0.712371,0.32445,0.831169,0.211312,0.394916,0.155678,0.545479,0.108885,0.636755,0.073132,0.723016
record5_2.mp4,ae1179fee0e5d8b751f9f701b65a739895ef8e6c87e4c75c9385c130a993055f,640,480,12.03,383,31.833,328,27333,Right,0.348877,0.137563,0.4936,0.219878,0.616464,0.334673,0.688316,0.449392,0.738767,0.574291,0.537421,0.378292,0.593863,0.575099,0.640126,0.712874,0.675127,0.832642,0.418346,0.393433,0.441843,0.582649,0.463766,0.739056,0.48049,0.872061,0.309197,0.397239,0.311013,0.572001,0.315072,0.707721,0.324521,0.824869,0.214805,0.393186,0.16135,0.541468,0.1138,0.632972,0.077542,0.72068
record5_2.mp4,ae1179fee0e5d8b751f9f701b65a739895ef8e6c87e4c75c9385c130a993055f,640,480,12.03,383,31.833,329,27416,Right,0.348403,0.15137,0.483916,0.222868,0.607285,0.332898,0.685286,0.442135,0.742171,0.559438,0.529817,0.379542,0.599561,0.583529,0.653338,0.728284,0.695452,0.856881,0.417008,0.399345,0.442091,0.584758,0.465781,0.740651,0.484516,0.876069,0.310658,0.405452,0.315853,0.576439,0.320933,0.710665,0.33159,0.827284,0.218437,0.402899,0.166992,0.551295,0.119693,0.638999,0.082717,0.722664
record5_2.mp4,ae1179fee0e5d8b751f9f701b65a739895ef8e6c87e4c75c9385c130a993055f,640,480,12.03,383,31.833,330,27500,Right,0.342567,0.157615,0.479365,0.226744,0.607684,0.350226,0.689203,0.464948,0.753346,0.565832,0.517525,0.361058,0.590984,0.510495,0.644891,0.625826,0.692303,0.738855,0.408479,0.379553,0.442086,0.568341,0.467187,0.727729,0.486405,0.865899,0.305701,0.393401,0.312473,0.578809,0.316927,0.711435,0.328051,0.826635,0.211466,0.401713,0.159841,0.55942,0.11501,0.644462,0.08083,0.726869
record5_2.mp4,ae1179fee0e5d8b751f9f701b65a739895ef8e6c87e4c75c9385c130a993055f,640,480,12.03,383,31.833,331,27583,Right,0.346474,0.135855,0.490643,0.215767,0.613069,0.329752,0.688872,0.44867,0.746831,0.574712,0.531125,0.364643,0.593125,0.565926,0.643643,0.706964,0.683628,0.827226,0.415491,0.384432,0.444072,0.581438,0.468121,0.743408,0.487147,0.876299,0.308354,0.39267,0.316314,0.566872,0.321948,0.709139,0.331562,0.826322,0.21379,0.393037,0.16371,0.546421,0.118633,0.63736,0.082994,0.721693
record5_2.mp4,ae1179fee0e5d8b751f9f701b65a739895ef8e6c87e4c75c9385c130a993055f,640,480,12.03,383,31.833,332,27666,Right,0.341373,0.140671,0.479044,0.215611,0.60735,0.328488,0.689098,0.440022,0.743259,0.565703,0.532351,0.348796,0.601153,0.553589,0.652852,0.696128,0.692047,0.825246,0.419248,0.376994,0.456836,0.586181,0.485128,0.753483,0.506053,0.897279,0.312401,0.393229,0.326777,0.578255,0.336769,0.715889,0.349604,0.833666,0.217903,0.400856,0.177223,0.549426,0.134313,0.639415,0.099568,0.724605
record5_2.mp4,ae1179fee0e5d8b751f9f701b65a739895ef8e6c87e4c75c9385c130a993055f,640,480,12.03,383,31.833,333,27750,Right,0.340562,0.133281,0.476918,0.202486,0.60193,0.326058,0.681933,0.440416,0.749706,0.557703,0.536183,0.350469,0.60966,0.556393,0.655813,0.695454,0.694263,0.820319,0.431261,0.367604,0.486963,0.571863,0.525376,0.730884,0.558143,0.872898,0.323862,0.373566,0.337114,0.558371,0.341059,0.697067,0.351535,0.824419,0.21965,0.373087,0.180742,0.533003,0.142635,0.63152,0.113302,0.730866
record5_2.mp4,ae1179fee0e5d8b751f9f701b65a739895ef8e6c87e4c75c9385c130a993055f,640,480,12.03,383,31.833,334,27833,Right,0.346422,0.139594,0.483688,0.212255,0.60604,0.334287,0.682337,0.450886,0.741513,0.570756,0.530626,0.354309,0.599799,0.550828,0.647832,0.687152,0.687856,0.809857,0.421387,0.373482,0.467797,0.569439,0.501635,0.730485,0.52999,0.87231,0.315276,0.381741,0.333827,0.561604,0.343614,0.702304,0.35556,0.825755,0.220722,0.385513,0.184267,0.539076,0.147931,0.636229,0.116646,0.730766
record5_2.mp4,ae1179fee0e5d8b751f9f701b65a739895ef8e6c87e4c75c9385c130a993055f,640,480,12.03,383,31.833,335,27916,Right,0.350042,0.157774,0.492741,0.225324,0.614865,0.342303,0.692227,0.455921,0.753459,0.570104,0.536131,0.353841,0.601963,0.535925,0.655258,0.671533,0.697937,0.795164,0.422939,0.368191,0.464122,0.550697,0.496674,0.709325,0.524961,0.848223,0.318232,0.381192,0.328089,0.558418,0.338206,0.706869,0.353467,0.834038,0.225582,0.392121,0.181039,0.552911,0.143894,0.650745,0.113942,0.744363
record5_2.mp4,ae1179fee0e5d8b751f9f701b65a739895ef8e6c87e4c75c9385c130a993055f,640,480,12.03,383,31.833,336,28000,Right,0.350416,0.142416,0.492227,0.219032,0.613853,0.337836,0.688152,0.453849,0.743416,0.572752,0.534689,0.35198,0.604997,0.550109,0.658422,0.691603,0.701826,0.816871,0.422237,0.364577,0.465663,0.557727,0.498594,0.720944,0.525338,0.86157,0.317232,0.374697,0.334104,0.552296,0.343816,0.700116,0.356976,0.8262,0.224775,0.383874,0.186122,0.540641,0.14888,0.639272,0.118707,0.733818
record5_2.mp4,ae1179fee0e5d8b751f9f701b65a739895ef8e6c87e4c75c9385c130a993055f,640,480,12.03,383,31.833,337,28083,Right,0.352126,0.151377,0.491069,0.226232,0.613748,0.33893,0.693046,0.452116,0.750704,0.57114,0.53108,0.350446,0.604064,0.544898,0.656665,0.689635,0.696175,0.817473,0.419634,0.370317,0.464731,0.559996,0.497986,0.724509,0.524854,0.866677,0.31611,0.386732,0.333159,0.559008,0.345248,0.709038,0.358254,0.833843,0.225202,0.399904,0.182984,0.553614,0.145329,0.649912,0.113402,0.740669
record5_2.mp4,ae1179fee0e5d8b751f9f701b65a739895ef8e6c87e4c75c9385c130a993055f,640,480,12.03,383,31.833,338,28166,Right,0.349886,0.142277,0.490421,0.215642,0.614662,0.329239,0.6913,0.440159,0.746281,0.562817,0.538409,0.34095,0.608086,0.541427,0.659364,0.685907,0.699371,0.81605,0.425457,0.363235,0.46738,0.562166,0.497338,0.72927,0.522666,0.876601,0.319781,0.378943,0.33902,0.562075,0.34997,0.705656,0.364631,0.830229,0.2268,0.389417,0.188343,0.542657,0.149424,0.636524,0.117625,0.728573
record5_2.mp4,ae1179fee0e5d8b751f9f701b65a739895ef8e6c87e4c75c9385c130a993055f,640,480,12.03,383,31.833,339,28250,Right,0.342564,0.135219,0.48162,0.208679,0.607515,0.332438,0.685458,0.448925,0.744141,0.570327,0.54337,0.357953,0.617305,0.558321,0.663058,0.694399,0.700209,0.819804,0.439669,0.376157,0.496607,0.586131,0.535584,0.752283,0.56682,0.899527,0.332341,0.381467,0.351527,0.574826,0.358317,0.726379,0.369199,0.863592,0.227334,0.380633,0.191817,0.537059,0.158402,0.633486,0.132836,0.734368
record5_2.mp4,ae1179fee0e5d8b751f9f701b65a739895ef8e6c87e4c75c9385c130a993055f,640,480,12.03,383,31.833,340,28333,Right,0.34677,0.147701,0.486646,0.218039,0.606616,0.338322,0.682218,0.456021,0.745259,0.571623,0.536023,0.363931,0.604012,0.549422,0.651395,0.682228,0.691096,0.805189,0.428526,0.379676,0.47551,0.568757,0.510887,0.730372,0.541092,0.875906,0.322299,0.386548,0.332112,0.564355,0.339518,0.706902,0.352973,0.835094,0.223639,0.390242,0.189253,0.541044,0.157839,0.636925,0.133563,0.7343
record5_2.mp4,ae1179fee0e5d8b751f9f701b65a739895ef8e6c87e4c75c9385c130a993055f,640,480,12.03,383,31.833,341,28416,Right,0.351358,0.137813,0.487267,0.21116,0.6063,0.328212,0.683367,0.44739,0.748567,0.568118,0.531485,0.342021,0.601744,0.539665,0.651092,0.683962,0.689004,0.811558,0.42333,0.358188,0.470039,0.556463,0.505813,0.725487,0.533655,0.868885,0.318645,0.370704,0.335559,0.553262,0.345897,0.70611,0.356053,0.831799,0.226604,0.381173,0.193062,0.545561,0.160058,0.651192,0.131297,0.747151
record5_2.mp4,ae1179fee0e5d8b751f9f701b65a739895ef8e6c87e4c75c9385c130a993055f,640,480,12.03,383,31.833,342,28500,Right,0.348228,0.139291,0.484419,0.213548,0.607915,0.328069,0.686575,0.445566,0.748064,0.56709,0.531124,0.34865,0.596808,0.527622,0.646728,0.661825,0.686419,0.784052,0.423355,0.369065,0.467161,0.555655,0.501653,0.714373,0.528193,0.851173,0.320622,0.382078,0.336585,0.555343,0.345707,0.698704,0.356844,0.818462,0.229587,0.389394,0.194222,0.545581,0.159958,0.645717,0.131951,0.74036
record5_2.mp4,ae1179fee0e5d8b751f9f701b65a739895ef8e6c87e4c75c9385c130a993055f,640,480,12.03,383,31.833,343,28583,Right,0.351539,0.150899,0.489366,0.222942,0.610226,0.343627,0.690336,0.455384,0.751911,0.569164,0.531217,0.350149,0.588036,0.503114,0.636826,0.622146,0.677188,0.740847,0.423183,0.368379,0.466739,0.551129,0.502727,0.708812,0.532729,0.850914,0.320951,0.385098,0.333339,0.562192,0.341761,0.708012,0.355189,0.835658,0.228393,0.394526,0.186864,0.549748,0.153764,0.647152,0.128326,0.745321
record5_2.mp4,ae1179fee0e5d8b751f9f701b65a739895ef8e6c87e4c75c9385c130a993055f,640,480,12.03,383,31.833,344,28666,Right,0.352023,0.140053,0.488161,0.214192,0.608267,0.327287,0.684687,0.438632,0.746049,0.560186,0.539892,0.357073,0.606037,0.549403,0.658767,0.688666,0.700695,0.817824,0.429568,0.373696,0.468546,0.56154,0.50245,0.720121,0.531273,0.862349,0.323967,0.381903,0.336211,0.556792,0.345942,0.699517,0.359562,0.824621,0.23055,0.383347,0.191877,0.536388,0.158317,0.634377,0.132843,0.733006
record5_2.mp4,ae1179fee0e5d8b751f9f701b65a739895ef8e6c87e4c75c9385c130a993055f,640,480,12.03,383,31.833,345,28750,Right,0.347801,0.138301,0.485897,0.213658,0.606621,0.330903,0.684875,0.449838,0.746,0.571982,0.531237,0.351041,0.598693,0.546539,0.650246,0.686369,0.688617,0.808668,0.423033,0.369141,0.470077,0.56235,0.508384,0.726292,0.537505,0.865053,0.320323,0.380584,0.338376,0.560613,0.349137,0.707196,0.36119,0.826976,0.229121,0.387081,0.193442,0.547224,0.159318,0.648018,0.131512,0.741569
record5_2.mp4,ae1179fee0e5d8b751f9f701b65a739895ef8e6c87e4c75c9385c130a993055f,640,480,12.03,383,31.833,346,28833,Right,0.346155,0.143005,0.48816,0.214309,0.61204,0.330845,0.687483,0.451308,0.747578,0.573614,0.536206,0.342938,0.604569,0.543497,0.653522,0.685358,0.692498,0.811565,0.426319,0.36507,0.474486,0.57306,0.510482,0.743337,0.538023,0.888796,0.322097,0.377561,0.348876,0.567688,0.363964,0.718734,0.379443,0.845923,0.227908,0.383402,0.195424,0.540875,0.160819,0.641416,0.132537,0.736309
record5_2.mp4,ae1179fee0e5d8b751f9f701b65a739895ef8e6c87e4c75c9385c130a993055f,640,480,12.03,383,31.833,347,28916,Right,0.346388,0.130598,0.483041,0.204335,0.603346,0.328754,0.681045,0.447397,0.747903,0.562616,0.536953,0.349251,0.608085,0.551076,0.653254,0.68579,0.693363,0.808786,0.435052,0.364047,0.48962,0.552431,0.52942,0.700561,0.565209,0.83619,0.330302,0.367622,0.34734,0.551421,0.353547,0.704782,0.366468,0.844582,0.228163,0.365351,0.193602,0.521377,0.159785,0.619171,0.132736,0.718173
record5_2.mp4,ae1179fee0e5d8b751f9f701b65a739895ef8e6c87e4c75c9385c130a993055f,640,480,12.03,383,31.833,348,29000,Right,0.348519,0.15171,0.485031,0.211621,0.607208,0.330014,0.683271,0.449518,0.748666,0.56819,0.532602,0.353571,0.600291,0.548057,0.649049,0.682796,0.691992,0.80738,0.428847,0.366158,0.475885,0.544817,0.514203,0.694345,0.548361,0.832828,0.322789,0.373466,0.332336,0.545094,0.337841,0.691393,0.349264,0.826137,0.221103,0.379736,0.185056,0.532675,0.152953,0.628051,0.125588,0.727862
record5_2.mp4,ae1179fee0e5d8b751f9f701b65a739895ef8e6c87e4c75c9385c130a993055f,640,480,12.03,383,31.833,349,29083,Right,0.345239,0.136378,0.484418,0.210093,0.60587,0.328301,0.680746,0.445868,0.744443,0.565619,0.538395,0.355721,0.606625,0.554682,0.652888,0.691025,0.692258,0.81405,0.432568,0.372482,0.485146,0.573145,0.522764,0.738606,0.554542,0.884534,0.325387,0.377138,0.346724,0.563182,0.353366,0.71357,0.365438,0.847751,0.223707,0.376263,0.19269,0.531219,0.159245,0.631057,0.133144,0.729619
record5_2.mp4,ae1179fee0e5d8b751f9f701b65a739895ef8e6c87e4c75c9385c130a993055f,640,480,12.03,383,31.833,350,29166,Right,0.348316,0.143336,0.485926,0.219262,0.604891,0.336061,0.684636,0.451185,0.744984,0.56852,0.523541,0.350718,0.592439,0.547582,0.644489,0.686318,0.684781,0.806659,0.416273,0.366918,0.460007,0.560996,0.495217,0.720729,0.525049,0.857288,0.313631,0.377636,0.327452,0.558177,0.334652,0.703505,0.345133,0.823599,0.222814,0.384781,0.18804,0.540823,0.155646,0.641381,0.127145,0.735208
record5_2.mp4,ae1179fee0e5d8b751f9f701b65a739895ef8e6c87e4c75c9385c130a993055f,640,480,12.03,383,31.833,351,29250,Right,0.347555,0.138309,0.487871,0.215226,0.609189,0.325625,0.685619,0.439443,0.744123,0.564332,0.530139,0.370926,0.594408,0.573166,0.645073,0.711203,0.683539,0.825669,0.422085,0.384333,0.461456,0.572255,0.498153,0.72848,0.525131,0.857928,0.318316,0.387492,0.333802,0.563895,0.344409,0.705633,0.357035,0.823411,0.22413,0.386014,0.191014,0.537855,0.157456,0.63791,0.130463,0.730966
record5_2.mp4,ae1179fee0e5d8b751f9f701b65a739895ef8e6c87e4c75c9385c130a993055f,640,480,12.03,383,31.833,352,29333,Right,0.345259,0.149673,0.481998,0.225121,0.604448,0.332273,0.682984,0.438976,0.744098,0.556315,0.521913,0.35864,0.5831,0.543114,0.63236,0.674183,0.670912,0.789198,0.415684,0.378338,0.456034,0.563177,0.494007,0.721927,0.52348,0.855381,0.31525,0.391938,0.331632,0.568948,0.343144,0.709139,0.359254,0.827435,0.225715,0.400384,0.189515,0.551786,0.154403,0.647755,0.127578,0.737372
record5_2.mp4,ae1179fee0e5d8b751f9f701b65a739895ef8e6c87e4c75c9385c130a993055f,640,480,12.03,383,31.833,353,29416,Right,0.353037,0.141427,0.487799,0.216759,0.61124,0.331296,0.690083,0.449706,0.749801,0.575859,0.528418,0.359382,0.594733,0.554298,0.645808,0.695606,0.685281,0.822182,0.419972,0.376086,0.459308,0.568539,0.494424,0.72994,0.522325,0.869623,0.318357,0.381419,0.334223,0.565917,0.346476,0.710748,0.362698,0.834711,0.228807,0.377573,0.193543,0.534286,0.159409,0.636801,0.13358,0.733856
record5_2.mp4,ae1179fee0e5d8b751f9f701b65a739895ef8e6c87e4c75c9385c130a993055f,640,480,12.03,383,31.833,354,29500,Right,0.347648,0.149789,0.487575,0.222543,0.61,0.333141,0.689353,0.440892,0.747251,0.564168,0.525387,0.359485,0.589924,0.557347,0.644986,0.695827,0.687992,0.818288,0.41503,0.375426,0.45281,0.569472,0.488966,0.732397,0.519917,0.87304,0.313031,0.384196,0.326262,0.574666,0.337682,0.719955,0.356209,0.846417,0.223307,0.387754,0.182517,0.539432,0.148868,0.639675,0.126007,0.738426
record5_2.mp4,ae1179fee0e5d8b751f9f701b65a739895ef8e6c87e4c75c9385c130a993055f,640,480,12.03,383,31.833,355,29583,Right,0.349107,0.130588,0.490183,0.211239,0.612061,0.327348,0.688233,0.438337,0.741491,0.56108,0.52717,0.355483,0.59326,0.55686,0.64635,0.695634,0.689183,0.816501,0.418847,0.369476,0.454431,0.565567,0.489158,0.725785,0.52077,0.864669,0.316751,0.377751,0.330672,0.560238,0.342987,0.703503,0.360333,0.826374,0.226634,0.382927,0.192076,0.53699,0.16011,0.637722,0.135941,0.734136
record5_2.mp4,ae1179fee0e5d8b751f9f701b65a739895ef8e6c87e4c75c9385c130a993055f,640,480,12.03,383,31.833,356,29666,Right,0.347582,0.139045,0.484208,0.215733,0.607376,0.331275,0.688051,0.443142,0.747302,0.564957,0.527338,0.348507,0.592679,0.545866,0.645671,0.685569,0.688294,0.812495,0.419109,0.366565,0.463624,0.5731,0.499468,0.745219,0.529393,0.895554,0.316675,0.37723,0.33759,0.572572,0.349707,0.723017,0.365518,0.853958,0.225019,0.382494,0.188812,0.537271,0.15549,0.637213,0.130058,0.734041
record5_2.mp4,ae1179fee0e5d8b751f9f701b65a739895ef8e6c87e4c75c9385c130a993055f,640,480,12.03,383,31.833,357,29750,Right,0.346063,0.122598,0.485012,0.203153,0.606032,0.325089,0.684264,0.44187,0.741964,0.56646,0.531269,0.359681,0.599441,0.564304,0.647214,0.699506,0.686498,0.818536,0.426738,0.375072,0.468627,0.578222,0.501548,0.739062,0.529534,0.878677,0.324496,0.37402,0.339687,0.57105,0.343562,0.726399,0.354479,0.862407,0.227964,0.366117,0.189704,0.526239,0.155659,0.627258,0.133079,0.724103
record5_2.mp4,ae1179fee0e5d8b751f9f701b65a739895ef8e6c87e4c75c9385c130a993055f,640,480,12.03,383,31.833,358,29833,Right,0.349265,0.136449,0.491573,0.21458,0.61298,0.330993,0.68811,0.444868,0.744066,0.568601,0.532793,0.364955,0.598795,0.565453,0.647792,0.699391,0.686965,0.816951,0.424743,0.380191,0.464361,0.573789,0.49994,0.730173,0.528992,0.866456,0.320573,0.384377,0.335171,0.566263,0.344358,0.710903,0.356523,0.832693,0.224337,0.384312,0.189199,0.541925,0.155187,0.639715,0.128269,0.731185
record5_2.mp4,ae1179fee0e5d8b751f9f701b65a739895ef8e6c87e4c75c9385c130a993055f,640,480,12.03,383,31.833,359,29916,Right,0.349926,0.129863,0.486843,0.210801,0.608475,0.329495,0.68815,0.439764,0.746668,0.562592,0.527733,0.353984,0.592751,0.552019,0.647177,0.691471,0.690511,0.817186,0.418766,0.368097,0.455574,0.56873,0.488324,0.735271,0.516443,0.879591,0.315633,0.377902,0.328004,0.563588,0.335921,0.707575,0.348634,0.830299,0.225116,0.384912,0.18933,0.545667,0.155854,0.646165,0.130243,0.741122
record5_2.mp4,ae1179fee0e5d8b751f9f701b65a739895ef8e6c87e4c75c9385c130a993055f,640,480,12.03,383,31.833,360,30000,Right,0.349228,0.14616,0.488253,0.226712,0.612019,0.341458,0.693013,0.453786,0.753462,0.570076,0.527924,0.357909,0.592264,0.55003,0.643418,0.692107,0.685373,0.820589,0.416147,0.367037,0.455534,0.555645,0.487631,0.718411,0.515812,0.862985,0.311951,0.37683,0.323432,0.552014,0.333019,0.698646,0.344756,0.824358,0.220068,0.384364,0.181958,0.539611,0.151965,0.639436,0.126976,0.736947
record5_2.mp4,ae1179fee0e5d8b751f9f701b65a739895ef8e6c87e4c75c9385c130a993055f,640,480,12.03,383,31.833,361,30083,Right,0.350296,0.135228,0.4848,0.217149,0.607964,0.331524,0.68971,0.444952,0.744972,0.566242,0.523058,0.344447,0.590836,0.536833,0.639699,0.678481,0.67728,0.80479,0.413456,0.358963,0.452129,0.55435,0.484255,0.720679,0.512314,0.86467,0.311766,0.37176,0.325155,0.550041,0.335745,0.698169,0.34967,0.821888,0.225299,0.381633,0.187362,0.537329,0.15613,0.638483,0.131073,0.733641
record5_2.mp4,ae1179fee0e5d8b751f9f701b65a739895ef8e6c87e4c75c9385c130a993055f,640,480,12.03,383,31.833,362,30166,Right,0.341514,0.139705,0.480712,0.216202,0.604423,0.330416,0.68748,0.440597,0.749251,0.555307,0.51943,0.348867,0.583144,0.549038,0.632909,0.691456,0.673235,0.818069,0.408553,0.36171,0.450826,0.556844,0.485352,0.721981,0.515059,0.866636,0.306847,0.375254,0.320634,0.55401,0.331915,0.700966,0.345127,0.827936,0.218603,0.387994,0.177022,0.546007,0.141751,0.645469,0.114616,0.742339
record5_2.mp4,ae1179fee0e5d8b751f9f701b65a739895ef8e6c87e4c75c9385c130a993055f,640,480,12.03,383,31.833,363,30250,Right,0.338562,0.132097,0.470606,0.211544,0.59883,0.332719,0.692533,0.439858,0.773731,0.531092,0.505635,0.347419,0.596158,0.499488,0.679989,0.599141,0.759195,0.692768,0.401002,0.367317,0.444767,0.565253,0.489444,0.73259,0.529255,0.882817,0.303203,0.385821,0.313396,0.567426,0.325384,0.709755,0.342768,0.83866,0.217538,0.400677,0.182218,0.561214,0.143948,0.655128,0.115583,0.748007
record5_2.mp4,ae1179fee0e5d8b751f9f701b65a739895ef8e6c87e4c75c9385c130a993055f,640,480,12.03,383,31.833,364,30333,Left,0.323579,0.100385,0.426645,0.136902,0.525525,0.21416,0.578299,0.281641,0.600028,0.36211,0.565888,0.476018,0.68518,0.59569,0.76679,0.675898,0.830475,0.746222,0.464819,0.538213,0.519517,0.735947,0.550282,0.876296,0.570779,0.997877,0.355874,0.535025,0.360759,0.707807,0.348812,0.827403,0.33364,0.932269,0.246891,0.476605,0.190296,0.581492,0.142513,0.649691,0.098645,0.705792
record5_2.mp4,ae1179fee0e5d8b751f9f701b65a739895ef8e6c87e4c75c9385c130a993055f,640,480,12.03,383,31.833,365,30416,Left,0.39214,0.272688,0.4916,0.266631,0.601986,0.27166,0.712672,0.25871,0.805815,0.251786,0.613817,0.549877,0.719039,0.7216,0.785581,0.841061,0.83721,0.955696,0.517718,0.610319,0.564091,0.784418,0.588293,0.91675,0.601532,1.04101,0.413691,0.612011,0.416754,0.77249,0.412819,0.880576,0.404739,0.98034,0.315502,0.568179,0.263891,0.676704,0.217808,0.742119,0.17013,0.803494
record5_2.mp4,ae1179fee0e5d8b751f9f701b65a739895ef8e6c87e4c75c9385c130a993055f,640,480,12.03,383,31.833,366,30500,Left,0.245968,0.39585,0.408092,0.389462,0.566723,0.455775,0.669882,0.548481,0.714913,0.61844,0.58066,0.751714,0.630264,0.868531,0.588613,0.726594,0.536344,0.60615,0.496173,0.823846,0.547248,0.91262,0.507555,0.721817,0.461103,0.601486,0.404827,0.861655,0.455428,0.920753,0.433731,0.731922,0.394465,0.614706,0.301599,0.86205,0.355684,0.900939,0.357677,0.752197,0.33595,0.658405
record5_2.mp4,ae1179fee0e5d8b751f9f701b65a739895ef8e6c87e4c75c9385c130a993055f,640,480,12.03,383,31.833,367,30583,None,0.0,0.0,0.0,0.0,0.0,0.0,0.0,0.0,0.0,0.0,0.0,0.0,0.0,0.0,0.0,0.0,0.0,0.0,0.0,0.0,0.0,0.0,0.0,0.0,0.0,0.0,0.0,0.0,0.0,0.0,0.0,0.0,0.0,0.0,0.0,0.0,0.0,0.0,0.0,0.0,0.0,0.0
record5_2.mp4,ae1179fee0e5d8b751f9f701b65a739895ef8e6c87e4c75c9385c130a993055f,640,480,12.03,383,31.833,368,30666,None,0.0,0.0,0.0,0.0,0.0,0.0,0.0,0.0,0.0,0.0,0.0,0.0,0.0,0.0,0.0,0.0,0.0,0.0,0.0,0.0,0.0,0.0,0.0,0.0,0.0,0.0,0.0,0.0,0.0,0.0,0.0,0.0,0.0,0.0,0.0,0.0,0.0,0.0,0.0,0.0,0.0,0.0
record5_2.mp4,ae1179fee0e5d8b751f9f701b65a739895ef8e6c87e4c75c9385c130a993055f,640,480,12.03,383,31.833,369,30750,None,0.0,0.0,0.0,0.0,0.0,0.0,0.0,0.0,0.0,0.0,0.0,0.0,0.0,0.0,0.0,0.0,0.0,0.0,0.0,0.0,0.0,0.0,0.0,0.0,0.0,0.0,0.0,0.0,0.0,0.0,0.0,0.0,0.0,0.0,0.0,0.0,0.0,0.0,0.0,0.0,0.0,0.0
record5_2.mp4,ae1179fee0e5d8b751f9f701b65a739895ef8e6c87e4c75c9385c130a993055f,640,480,12.03,383,31.833,370,30833,None,0.0,0.0,0.0,0.0,0.0,0.0,0.0,0.0,0.0,0.0,0.0,0.0,0.0,0.0,0.0,0.0,0.0,0.0,0.0,0.0,0.0,0.0,0.0,0.0,0.0,0.0,0.0,0.0,0.0,0.0,0.0,0.0,0.0,0.0,0.0,0.0,0.0,0.0,0.0,0.0,0.0,0.0
record5_2.mp4,ae1179fee0e5d8b751f9f701b65a739895ef8e6c87e4c75c9385c130a993055f,640,480,12.03,383,31.833,371,30916,None,0.0,0.0,0.0,0.0,0.0,0.0,0.0,0.0,0.0,0.0,0.0,0.0,0.0,0.0,0.0,0.0,0.0,0.0,0.0,0.0,0.0,0.0,0.0,0.0,0.0,0.0,0.0,0.0,0.0,0.0,0.0,0.0,0.0,0.0,0.0,0.0,0.0,0.0,0.0,0.0,0.0,0.0
record5_2.mp4,ae1179fee0e5d8b751f9f701b65a739895ef8e6c87e4c75c9385c130a993055f,640,480,12.03,383,31.833,372,31000,None,0.0,0.0,0.0,0.0,0.0,0.0,0.0,0.0,0.0,0.0,0.0,0.0,0.0,0.0,0.0,0.0,0.0,0.0,0.0,0.0,0.0,0.0,0.0,0.0,0.0,0.0,0.0,0.0,0.0,0.0,0.0,0.0,0.0,0.0,0.0,0.0,0.0,0.0,0.0,0.0,0.0,0.0
record5_2.mp4,ae1179fee0e5d8b751f9f701b65a739895ef8e6c87e4c75c9385c130a993055f,640,480,12.03,383,31.833,373,31083,None,0.0,0.0,0.0,0.0,0.0,0.0,0.0,0.0,0.0,0.0,0.0,0.0,0.0,0.0,0.0,0.0,0.0,0.0,0.0,0.0,0.0,0.0,0.0,0.0,0.0,0.0,0.0,0.0,0.0,0.0,0.0,0.0,0.0,0.0,0.0,0.0,0.0,0.0,0.0,0.0,0.0,0.0
record5_2.mp4,ae1179fee0e5d8b751f9f701b65a739895ef8e6c87e4c75c9385c130a993055f,640,480,12.03,383,31.833,374,31166,None,0.0,0.0,0.0,0.0,0.0,0.0,0.0,0.0,0.0,0.0,0.0,0.0,0.0,0.0,0.0,0.0,0.0,0.0,0.0,0.0,0.0,0.0,0.0,0.0,0.0,0.0,0.0,0.0,0.0,0.0,0.0,0.0,0.0,0.0,0.0,0.0,0.0,0.0,0.0,0.0,0.0,0.0
record5_2.mp4,ae1179fee0e5d8b751f9f701b65a739895ef8e6c87e4c75c9385c130a993055f,640,480,12.03,383,31.833,375,31250,None,0.0,0.0,0.0,0.0,0.0,0.0,0.0,0.0,0.0,0.0,0.0,0.0,0.0,0.0,0.0,0.0,0.0,0.0,0.0,0.0,0.0,0.0,0.0,0.0,0.0,0.0,0.0,0.0,0.0,0.0,0.0,0.0,0.0,0.0,0.0,0.0,0.0,0.0,0.0,0.0,0.0,0.0
record5_2.mp4,ae1179fee0e5d8b751f9f701b65a739895ef8e6c87e4c75c9385c130a993055f,640,480,12.03,383,31.833,376,31333,None,0.0,0.0,0.0,0.0,0.0,0.0,0.0,0.0,0.0,0.0,0.0,0.0,0.0,0.0,0.0,0.0,0.0,0.0,0.0,0.0,0.0,0.0,0.0,0.0,0.0,0.0,0.0,0.0,0.0,0.0,0.0,0.0,0.0,0.0,0.0,0.0,0.0,0.0,0.0,0.0,0.0,0.0
record5_2.mp4,ae1179fee0e5d8b751f9f701b65a739895ef8e6c87e4c75c9385c130a993055f,640,480,12.03,383,31.833,377,31416,None,0.0,0.0,0.0,0.0,0.0,0.0,0.0,0.0,0.0,0.0,0.0,0.0,0.0,0.0,0.0,0.0,0.0,0.0,0.0,0.0,0.0,0.0,0.0,0.0,0.0,0.0,0.0,0.0,0.0,0.0,0.0,0.0,0.0,0.0,0.0,0.0,0.0,0.0,0.0,0.0,0.0,0.0
record5_2.mp4,ae1179fee0e5d8b751f9f701b65a739895ef8e6c87e4c75c9385c130a993055f,640,480,12.03,383,31.833,378,31500,None,0.0,0.0,0.0,0.0,0.0,0.0,0.0,0.0,0.0,0.0,0.0,0.0,0.0,0.0,0.0,0.0,0.0,0.0,0.0,0.0,0.0,0.0,0.0,0.0,0.0,0.0,0.0,0.0,0.0,0.0,0.0,0.0,0.0,0.0,0.0,0.0,0.0,0.0,0.0,0.0,0.0,0.0
record5_2.mp4,ae1179fee0e5d8b751f9f701b65a739895ef8e6c87e4c75c9385c130a993055f,640,480,12.03,383,31.833,379,31583,None,0.0,0.0,0.0,0.0,0.0,0.0,0.0,0.0,0.0,0.0,0.0,0.0,0.0,0.0,0.0,0.0,0.0,0.0,0.0,0.0,0.0,0.0,0.0,0.0,0.0,0.0,0.0,0.0,0.0,0.0,0.0,0.0,0.0,0.0,0.0,0.0,0.0,0.0,0.0,0.0,0.0,0.0
record5_2.mp4,ae1179fee0e5d8b751f9f701b65a739895ef8e6c87e4c75c9385c130a993055f,640,480,12.03,383,31.833,380,31666,None,0.0,0.0,0.0,0.0,0.0,0.0,0.0,0.0,0.0,0.0,0.0,0.0,0.0,0.0,0.0,0.0,0.0,0.0,0.0,0.0,0.0,0.0,0.0,0.0,0.0,0.0,0.0,0.0,0.0,0.0,0.0,0.0,0.0,0.0,0.0,0.0,0.0,0.0,0.0,0.0,0.0,0.0
record5_2.mp4,ae1179fee0e5d8b751f9f701b65a739895ef8e6c87e4c75c9385c130a993055f,640,480,12.03,383,31.833,381,31750,None,0.0,0.0,0.0,0.0,0.0,0.0,0.0,0.0,0.0,0.0,0.0,0.0,0.0,0.0,0.0,0.0,0.0,0.0,0.0,0.0,0.0,0.0,0.0,0.0,0.0,0.0,0.0,0.0,0.0,0.0,0.0,0.0,0.0,0.0,0.0,0.0,0.0,0.0,0.0,0.0,0.0,0.0
record5_2.mp4,ae1179fee0e5d8b751f9f701b65a739895ef8e6c87e4c75c9385c130a993055f,640,480,12.03,383,31.833,382,31833,None,0.0,0.0,0.0,0.0,0.0,0.0,0.0,0.0,0.0,0.0,0.0,0.0,0.0,0.0,0.0,0.0,0.0,0.0,0.0,0.0,0.0,0.0,0.0,0.0,0.0,0.0,0.0,0.0,0.0,0.0,0.0,0.0,0.0,0.0,0.0,0.0,0.0,0.0,0.0,0.0,0.0,0.0
