video_file,video_hash,video_width,video_height,video_fps,total_video_frames,video_duration_sec,frame_idx,timestamp_ms,hand,wrist_x,wrist_y,thumb_cmc_x,thumb_cmc_y,thumb_mcp_x,thumb_mcp_y,thumb_ip_x,thumb_ip_y,thumb_tip_x,thumb_tip_y,index_mcp_x,index_mcp_y,index_pip_x,index_pip_y,index_dip_x,index_dip_y,index_tip_x,index_tip_y,middle_mcp_x,middle_mcp_y,middle_pip_x,middle_pip_y,middle_dip_x,middle_dip_y,middle_tip_x,middle_tip_y,ring_mcp_x,ring_mcp_y,ring_pip_x,ring_pip_y,ring_dip_x,ring_dip_y,ring_tip_x,ring_tip_y,pinky_mcp_x,pinky_mcp_y,pinky_pip_x,pinky_pip_y,pinky_dip_x,pinky_dip_y,pinky_tip_x,pinky_tip_y
record1_2.mp4,1a5008d3e2e358a67d1d067f0fe8dae92b9e9370533d9f326db45e22b61f82ab,640,480,12.02,625,52.0,0,0,None,0.0,0.0,0.0,0.0,0.0,0.0,0.0,0.0,0.0,0.0,0.0,0.0,0.0,0.0,0.0,0.0,0.0,0.0,0.0,0.0,0.0,0.0,0.0,0.0,0.0,0.0,0.0,0.0,0.0,0.0,0.0,0.0,0.0,0.0,0.0,0.0,0.0,0.0,0.0,0.0,0.0,0.0
record1_2.mp4,1a5008d3e2e358a67d1d067f0fe8dae92b9e9370533d9f326db45e22b61f82ab,640,480,12.02,625,52.0,1,83,None,0.0,0.0,0.0,0.0,0.0,0.0,0.0,0.0,0.0,0.0,0.0,0.0,0.0,0.0,0.0,0.0,0.0,0.0,0.0,0.0,0.0,0.0,0.0,0.0,0.0,0.0,0.0,0.0,0.0,0.0,0.0,0.0,0.0,0.0,0.0,0.0,0.0,0.0,0.0,0.0,0.0,0.0
record1_2.mp4,1a5008d3e2e358a67d1d067f0fe8dae92b9e9370533d9f326db45e22b61f82ab,640,480,12.02,625,52.0,2,166,None,0.0,0.0,0.0,0.0,0.0,0.0,0.0,0.0,0.0,0.0,0.0,0.0,0.0,0.0,0.0,0.0,0.0,0.0,0.0,0.0,0.0,0.0,0.0,0.0,0.0,0.0,0.0,0.0,0.0,0.0,0.0,0.0,0.0,0.0,0.0,0.0,0.0,0.0,0.0,0.0,0.0,0.0
record1_2.mp4,1a5008d3e2e358a67d1d067f0fe8dae92b9e9370533d9f326db45e22b61f82ab,640,480,12.02,625,52.0,3,250,None,0.0,0.0,0.0,0.0,0.0,0.0,0.0,0.0,0.0,0.0,0.0,0.0,0.0,0.0,0.0,0.0,0.0,0.0,0.0,0.0,0.0,0.0,0.0,0.0,0.0,0.0,0.0,0.0,0.0,0.0,0.0,0.0,0.0,0.0,0.0,0.0,0.0,0.0,0.0,0.0,0.0,0.0
record1_2.mp4,1a5008d3e2e358a67d1d067f0fe8dae92b9e9370533d9f326db45e22b61f82ab,640,480,12.02,625,52.0,4,333,Left,0.469066,0.168607,0.335343,0.255588,0.230056,0.373313,0.175266,0.505753,0.110423,0.585884,0.348702,0.297848,0.317254,0.511142,0.300094,0.664775,0.28151,0.78428,0.477267,0.283106,0.497869,0.522136,0.501837,0.696338,0.497565,0.812368,0.568013,0.294856,0.623132,0.514776,0.636369,0.669961,0.638322,0.774354,0.62751,0.325815,0.700263,0.478866,0.750581,0.582706,0.78279,0.668347
record1_2.mp4,1a5008d3e2e358a67d1d067f0fe8dae92b9e9370533d9f326db45e22b61f82ab,640,480,12.02,625,52.0,5,416,Left,0.44759,0.163854,0.329239,0.246047,0.237731,0.361101,0.178645,0.481779,0.111337,0.581702,0.370443,0.32553,0.33885,0.513275,0.316607,0.657748,0.289758,0.787781,0.492272,0.326041,0.511726,0.517585,0.506482,0.680933,0.496449,0.819592,0.577148,0.344186,0.630255,0.506515,0.639017,0.654898,0.63246,0.779305,0.630614,0.367445,0.712701,0.488406,0.756197,0.577711,0.784197,0.671664
record1_2.mp4,1a5008d3e2e358a67d1d067f0fe8dae92b9e9370533d9f326db45e22b61f82ab,640,480,12.02,625,52.0,6,500,Left,0.444624,0.140249,0.326592,0.236576,0.241625,0.366658,0.177014,0.49529,0.107649,0.590241,0.376311,0.328903,0.335375,0.52342,0.313503,0.666752,0.293055,0.793991,0.492909,0.329748,0.507339,0.523708,0.507232,0.681982,0.503468,0.822694,0.580527,0.338908,0.624071,0.50119,0.635012,0.640764,0.639005,0.76146,0.635644,0.351951,0.709432,0.476679,0.755799,0.570477,0.787164,0.66361
record1_2.mp4,1a5008d3e2e358a67d1d067f0fe8dae92b9e9370533d9f326db45e22b61f82ab,640,480,12.02,625,52.0,7,583,Left,0.441748,0.134355,0.32285,0.235713,0.240922,0.370008,0.180724,0.501838,0.109501,0.598999,0.375015,0.326229,0.333382,0.524367,0.311913,0.67134,0.291574,0.802456,0.492122,0.328339,0.505615,0.52013,0.506134,0.681777,0.50289,0.826289,0.580631,0.339935,0.62001,0.49545,0.628984,0.639978,0.631259,0.768314,0.638042,0.356045,0.712329,0.478823,0.757281,0.572948,0.786701,0.669343
record1_2.mp4,1a5008d3e2e358a67d1d067f0fe8dae92b9e9370533d9f326db45e22b61f82ab,640,480,12.02,625,52.0,8,666,Left,0.4405,0.130372,0.323148,0.233831,0.241129,0.370565,0.180793,0.498407,0.110241,0.591734,0.372595,0.326454,0.330956,0.52771,0.31095,0.670309,0.293113,0.796762,0.488781,0.323349,0.504762,0.519243,0.505941,0.677963,0.503936,0.820161,0.576181,0.331695,0.618379,0.493143,0.627825,0.636,0.631362,0.761415,0.631533,0.346895,0.705974,0.474131,0.753048,0.567924,0.785037,0.662359
record1_2.mp4,1a5008d3e2e358a67d1d067f0fe8dae92b9e9370533d9f326db45e22b61f82ab,640,480,12.02,625,52.0,9,750,Left,0.443178,0.12168,0.324939,0.221902,0.241094,0.362264,0.178294,0.496708,0.110568,0.59141,0.376349,0.31322,0.335285,0.50666,0.31481,0.652649,0.296039,0.784874,0.490876,0.314036,0.504965,0.508306,0.506264,0.672326,0.504116,0.819011,0.577631,0.323493,0.618026,0.485912,0.62857,0.631019,0.633801,0.763542,0.634232,0.338494,0.707678,0.468814,0.753501,0.565857,0.78349,0.664149
record1_2.mp4,1a5008d3e2e358a67d1d067f0fe8dae92b9e9370533d9f326db45e22b61f82ab,640,480,12.02,625,52.0,10,833,Left,0.444313,0.128752,0.326042,0.223051,0.238848,0.365951,0.176358,0.49751,0.108937,0.587583,0.376887,0.301594,0.347297,0.449845,0.329286,0.575613,0.312719,0.69717,0.487379,0.306891,0.496962,0.500862,0.496482,0.661748,0.490805,0.807155,0.573486,0.317796,0.613097,0.48367,0.624661,0.632018,0.627307,0.764051,0.63216,0.328908,0.705428,0.456911,0.751299,0.557471,0.781292,0.657823
record1_2.mp4,1a5008d3e2e358a67d1d067f0fe8dae92b9e9370533d9f326db45e22b61f82ab,640,480,12.02,625,52.0,11,916,Left,0.440773,0.107031,0.320479,0.203583,0.236238,0.361577,0.175601,0.503872,0.1,0.594351,0.377425,0.281974,0.355672,0.411085,0.340938,0.519958,0.329471,0.631134,0.490755,0.295107,0.501662,0.486882,0.502896,0.649983,0.500325,0.798969,0.577399,0.314374,0.614516,0.4839,0.6242,0.635502,0.628424,0.773031,0.63359,0.331912,0.704204,0.46314,0.75225,0.561646,0.78746,0.661392
record1_2.mp4,1a5008d3e2e358a67d1d067f0fe8dae92b9e9370533d9f326db45e22b61f82ab,640,480,12.02,625,52.0,12,1000,Left,0.440127,0.10815,0.321022,0.207525,0.239198,0.356615,0.175457,0.499341,0.103117,0.595167,0.373133,0.294076,0.335265,0.49189,0.316466,0.643693,0.300588,0.785695,0.488625,0.299942,0.503708,0.498941,0.507746,0.666677,0.509005,0.818322,0.574787,0.31511,0.616326,0.482374,0.626413,0.634451,0.632541,0.769652,0.629638,0.336304,0.705442,0.469414,0.753792,0.569609,0.788342,0.669482
record1_2.mp4,1a5008d3e2e358a67d1d067f0fe8dae92b9e9370533d9f326db45e22b61f82ab,640,480,12.02,625,52.0,13,1083,Left,0.440146,0.112042,0.321145,0.208251,0.237832,0.359063,0.176423,0.501188,0.101907,0.595287,0.376306,0.293344,0.346135,0.447007,0.326497,0.577058,0.307061,0.702751,0.489665,0.301559,0.503453,0.494093,0.502493,0.65844,0.496702,0.809248,0.57556,0.317982,0.61827,0.488688,0.625441,0.641026,0.625556,0.7777,0.631511,0.337095,0.70624,0.465234,0.752718,0.563126,0.784669,0.66294
record1_2.mp4,1a5008d3e2e358a67d1d067f0fe8dae92b9e9370533d9f326db45e22b61f82ab,640,480,12.02,625,52.0,14,1166,Left,0.437688,0.105769,0.316559,0.201826,0.235007,0.356578,0.175577,0.495771,0.102996,0.593557,0.36868,0.288733,0.331823,0.408515,0.311812,0.499678,0.295286,0.592148,0.483547,0.298413,0.497839,0.488542,0.497387,0.648782,0.492141,0.799591,0.572253,0.315958,0.615876,0.488698,0.624561,0.638179,0.625405,0.770988,0.627302,0.333207,0.705904,0.467831,0.753219,0.567202,0.786387,0.665242
record1_2.mp4,1a5008d3e2e358a67d1d067f0fe8dae92b9e9370533d9f326db45e22b61f82ab,640,480,12.02,625,52.0,15,1250,Left,0.440378,0.107378,0.319646,0.212514,0.238518,0.360631,0.179741,0.50096,0.106385,0.591262,0.368925,0.308069,0.321774,0.500735,0.298511,0.651566,0.277601,0.790629,0.484297,0.309269,0.501705,0.5028,0.50481,0.667178,0.504049,0.81852,0.571916,0.321182,0.618853,0.491054,0.630867,0.638824,0.637197,0.771924,0.627626,0.339598,0.703773,0.470382,0.753155,0.564594,0.788293,0.661952
record1_2.mp4,1a5008d3e2e358a67d1d067f0fe8dae92b9e9370533d9f326db45e22b61f82ab,640,480,12.02,625,52.0,16,1333,Left,0.443514,0.107956,0.323208,0.19823,0.238555,0.350107,0.179519,0.495999,0.106321,0.59188,0.369158,0.293596,0.332371,0.44006,0.30756,0.565841,0.284293,0.69151,0.485177,0.301497,0.499437,0.487449,0.499909,0.649304,0.497129,0.804439,0.574668,0.317763,0.618104,0.483635,0.631657,0.63392,0.637992,0.771838,0.633428,0.335874,0.708232,0.470031,0.757088,0.566308,0.792488,0.66604
record1_2.mp4,1a5008d3e2e358a67d1d067f0fe8dae92b9e9370533d9f326db45e22b61f82ab,640,480,12.02,625,52.0,17,1416,Left,0.439704,0.099494,0.320337,0.186862,0.234397,0.340334,0.176334,0.493032,0.107139,0.599634,0.373541,0.283493,0.333046,0.418654,0.303745,0.538258,0.275161,0.655743,0.490958,0.302015,0.504763,0.487449,0.503136,0.650159,0.496499,0.802102,0.578979,0.32644,0.620968,0.491649,0.629816,0.640451,0.630061,0.774787,0.633339,0.348869,0.708765,0.477022,0.75782,0.571352,0.793057,0.66894
record1_2.mp4,1a5008d3e2e358a67d1d067f0fe8dae92b9e9370533d9f326db45e22b61f82ab,640,480,12.02,625,52.0,18,1500,Left,0.443438,0.114198,0.323233,0.217994,0.24155,0.36101,0.179442,0.500681,0.108458,0.601212,0.372286,0.318239,0.322179,0.514861,0.294833,0.662489,0.269719,0.792117,0.489229,0.320621,0.505811,0.507169,0.506848,0.670859,0.50495,0.81851,0.576729,0.333012,0.618051,0.48882,0.628039,0.636839,0.630986,0.768365,0.63282,0.348822,0.707017,0.473404,0.754516,0.567935,0.785829,0.664045
record1_2.mp4,1a5008d3e2e358a67d1d067f0fe8dae92b9e9370533d9f326db45e22b61f82ab,640,480,12.02,625,52.0,19,1583,Left,0.43986,0.119373,0.322171,0.226355,0.241532,0.363043,0.181813,0.500596,0.11068,0.600958,0.371641,0.325851,0.322371,0.510271,0.292627,0.660176,0.263461,0.791503,0.490356,0.328425,0.508255,0.514593,0.504819,0.679482,0.49598,0.823895,0.579277,0.342101,0.623512,0.49959,0.629971,0.648352,0.625789,0.774969,0.635531,0.359492,0.711768,0.480323,0.757159,0.572798,0.78708,0.667371
record1_2.mp4,1a5008d3e2e358a67d1d067f0fe8dae92b9e9370533d9f326db45e22b61f82ab,640,480,12.02,625,52.0,20,1666,Left,0.444025,0.113086,0.324369,0.218905,0.242213,0.361625,0.181854,0.500377,0.114094,0.599887,0.36997,0.330528,0.318983,0.523174,0.293158,0.669426,0.269082,0.797396,0.486516,0.328597,0.50571,0.51249,0.505878,0.673056,0.501253,0.816982,0.575221,0.335566,0.620149,0.491889,0.628605,0.634603,0.628344,0.762159,0.633714,0.346008,0.708033,0.469561,0.755106,0.562199,0.784693,0.656726
record1_2.mp4,1a5008d3e2e358a67d1d067f0fe8dae92b9e9370533d9f326db45e22b61f82ab,640,480,12.02,625,52.0,21,1750,Left,0.438204,0.114807,0.317942,0.218038,0.238909,0.355611,0.185296,0.494013,0.112534,0.59571,0.369268,0.328776,0.323081,0.508111,0.29471,0.657464,0.266203,0.79104,0.486771,0.328659,0.506013,0.51433,0.505767,0.676035,0.499575,0.819207,0.573993,0.337602,0.620152,0.495539,0.631453,0.642814,0.63205,0.770253,0.630236,0.351095,0.709277,0.472987,0.757917,0.566714,0.791339,0.663232
record1_2.mp4,1a5008d3e2e358a67d1d067f0fe8dae92b9e9370533d9f326db45e22b61f82ab,640,480,12.02,625,52.0,22,1833,Left,0.445896,0.115211,0.325258,0.206123,0.242924,0.35631,0.184395,0.500759,0.113756,0.59994,0.374178,0.312268,0.320882,0.500405,0.295373,0.647133,0.271952,0.781233,0.487518,0.316142,0.515717,0.506145,0.529232,0.664257,0.534763,0.810408,0.571549,0.325668,0.622531,0.491095,0.635451,0.632088,0.640253,0.757822,0.620969,0.339689,0.701579,0.470297,0.753612,0.562237,0.791074,0.656293
record1_2.mp4,1a5008d3e2e358a67d1d067f0fe8dae92b9e9370533d9f326db45e22b61f82ab,640,480,12.02,625,52.0,23,1916,Left,0.451962,0.117934,0.329416,0.204758,0.246773,0.344327,0.183491,0.481258,0.112193,0.583839,0.382935,0.314538,0.32393,0.495382,0.294099,0.638908,0.268249,0.774821,0.497523,0.318344,0.51882,0.471544,0.524959,0.604267,0.526307,0.734021,0.581388,0.333612,0.626763,0.486764,0.63896,0.621067,0.645396,0.747823,0.63221,0.355107,0.704679,0.479292,0.754244,0.568853,0.789437,0.662728
record1_2.mp4,1a5008d3e2e358a67d1d067f0fe8dae92b9e9370533d9f326db45e22b61f82ab,640,480,12.02,625,52.0,24,2000,Left,0.446092,0.117919,0.326942,0.206349,0.243854,0.33489,0.176488,0.454038,0.111826,0.544529,0.377053,0.302952,0.325202,0.491065,0.296668,0.643252,0.271059,0.782116,0.491579,0.305568,0.512659,0.496618,0.512903,0.663411,0.509216,0.815975,0.577776,0.321255,0.624856,0.491979,0.633354,0.640292,0.633766,0.770072,0.632254,0.344748,0.706481,0.473619,0.75257,0.56671,0.786154,0.663806
record1_2.mp4,1a5008d3e2e358a67d1d067f0fe8dae92b9e9370533d9f326db45e22b61f82ab,640,480,12.02,625,52.0,25,2083,Left,0.441481,0.117842,0.323031,0.207942,0.238624,0.31438,0.172884,0.405528,0.105129,0.473926,0.373103,0.31186,0.325255,0.502331,0.291839,0.651911,0.258463,0.786854,0.489892,0.31227,0.51019,0.511559,0.507947,0.681884,0.500759,0.833673,0.579008,0.324607,0.626512,0.495251,0.637074,0.649593,0.63546,0.779612,0.638286,0.341776,0.710862,0.475962,0.756318,0.576808,0.785472,0.67301
record1_2.mp4,1a5008d3e2e358a67d1d067f0fe8dae92b9e9370533d9f326db45e22b61f82ab,640,480,12.02,625,52.0,26,2166,Left,0.44607,0.112867,0.321973,0.202355,0.23255,0.302412,0.17504,0.389317,0.116057,0.460248,0.368886,0.319916,0.323614,0.51367,0.292086,0.659942,0.262095,0.79366,0.486578,0.315945,0.510574,0.51522,0.508512,0.684254,0.502644,0.834605,0.578944,0.323789,0.630032,0.495069,0.637301,0.650379,0.633658,0.783622,0.644184,0.335988,0.712695,0.469042,0.754378,0.57214,0.777003,0.6698
record1_2.mp4,1a5008d3e2e358a67d1d067f0fe8dae92b9e9370533d9f326db45e22b61f82ab,640,480,12.02,625,52.0,27,2250,Left,0.446897,0.114016,0.329384,0.196797,0.246439,0.287454,0.177915,0.367891,0.111003,0.434707,0.377796,0.309637,0.325236,0.503536,0.29342,0.657094,0.262892,0.79079,0.495313,0.315664,0.514913,0.513454,0.510269,0.680164,0.50209,0.827987,0.582343,0.331808,0.632862,0.500613,0.641892,0.648682,0.639462,0.776507,0.639572,0.352097,0.716818,0.477868,0.762866,0.575865,0.793622,0.676035
record1_2.mp4,1a5008d3e2e358a67d1d067f0fe8dae92b9e9370533d9f326db45e22b61f82ab,640,480,12.02,625,52.0,28,2333,Left,0.439771,0.120665,0.319665,0.205451,0.233331,0.317736,0.16703,0.440161,0.1192,0.559135,0.372359,0.308665,0.321788,0.487822,0.290709,0.642745,0.262491,0.784411,0.490241,0.309908,0.511866,0.500197,0.510399,0.669869,0.505487,0.819291,0.57991,0.323777,0.630424,0.488524,0.639068,0.642857,0.635834,0.773778,0.638415,0.341118,0.710031,0.464402,0.756924,0.567316,0.786056,0.66944
record1_2.mp4,1a5008d3e2e358a67d1d067f0fe8dae92b9e9370533d9f326db45e22b61f82ab,640,480,12.02,625,52.0,29,2416,Left,0.432796,0.108315,0.306511,0.206846,0.226864,0.335915,0.178295,0.472365,0.125757,0.593318,0.369951,0.313178,0.325003,0.512037,0.293108,0.666021,0.262867,0.801267,0.488079,0.313074,0.515107,0.505799,0.513392,0.672965,0.506585,0.820798,0.575614,0.323966,0.62874,0.483011,0.637893,0.632926,0.635734,0.761333,0.63163,0.342245,0.710111,0.466515,0.757328,0.563197,0.787057,0.660262
record1_2.mp4,1a5008d3e2e358a67d1d067f0fe8dae92b9e9370533d9f326db45e22b61f82ab,640,480,12.02,625,52.0,30,2500,Left,0.434225,0.107035,0.306749,0.202312,0.225244,0.330287,0.174824,0.469654,0.125986,0.594467,0.372775,0.305822,0.323296,0.494795,0.291527,0.651602,0.260991,0.792196,0.490595,0.308414,0.514944,0.498386,0.513957,0.670666,0.506252,0.819435,0.576644,0.322285,0.629841,0.483899,0.638739,0.636434,0.635353,0.763244,0.629752,0.342211,0.709466,0.46551,0.757694,0.56511,0.788928,0.662643
record1_2.mp4,1a5008d3e2e358a67d1d067f0fe8dae92b9e9370533d9f326db45e22b61f82ab,640,480,12.02,625,52.0,31,2583,Left,0.43475,0.112935,0.307278,0.207544,0.226948,0.334559,0.176174,0.468876,0.127874,0.593584,0.373357,0.304968,0.324883,0.496257,0.292366,0.653931,0.262401,0.796809,0.491421,0.306343,0.517004,0.49892,0.514584,0.673478,0.506431,0.824756,0.577996,0.321753,0.631604,0.481935,0.639211,0.637353,0.634842,0.768047,0.632238,0.344427,0.710111,0.467868,0.759103,0.56757,0.790106,0.664877
record1_2.mp4,1a5008d3e2e358a67d1d067f0fe8dae92b9e9370533d9f326db45e22b61f82ab,640,480,12.02,625,52.0,32,2666,Left,0.44046,0.114145,0.312889,0.211066,0.232026,0.340446,0.17848,0.478879,0.119511,0.604264,0.374265,0.319385,0.325972,0.510605,0.293285,0.662417,0.262639,0.801791,0.493992,0.320457,0.52054,0.505381,0.516947,0.670957,0.507691,0.819541,0.58134,0.333309,0.635287,0.490352,0.639808,0.639582,0.632889,0.767149,0.635907,0.353683,0.714374,0.474624,0.761152,0.570166,0.790082,0.667092
record1_2.mp4,1a5008d3e2e358a67d1d067f0fe8dae92b9e9370533d9f326db45e22b61f82ab,640,480,12.02,625,52.0,33,2750,Left,0.434636,0.106197,0.315047,0.200544,0.23442,0.329493,0.171428,0.463213,0.110422,0.578349,0.371883,0.300377,0.325048,0.496772,0.292559,0.653627,0.261139,0.79389,0.489475,0.305512,0.514612,0.503485,0.512054,0.675474,0.504518,0.823595,0.57575,0.320107,0.630402,0.486391,0.639658,0.638508,0.637614,0.765294,0.628892,0.33943,0.7068,0.469502,0.75416,0.569357,0.784838,0.665492
record1_2.mp4,1a5008d3e2e358a67d1d067f0fe8dae92b9e9370533d9f326db45e22b61f82ab,640,480,12.02,625,52.0,34,2833,Left,0.438614,0.116484,0.313146,0.213052,0.232385,0.329767,0.174835,0.45433,0.119758,0.577355,0.371235,0.311608,0.322825,0.506641,0.289769,0.660468,0.256943,0.799041,0.492169,0.316739,0.516444,0.510903,0.51305,0.682985,0.50439,0.830275,0.582992,0.332508,0.634262,0.491423,0.643829,0.644124,0.638361,0.767182,0.64147,0.352651,0.716055,0.477063,0.761836,0.574699,0.79052,0.664925
record1_2.mp4,1a5008d3e2e358a67d1d067f0fe8dae92b9e9370533d9f326db45e22b61f82ab,640,480,12.02,625,52.0,35,2916,Left,0.436489,0.123039,0.310628,0.224593,0.230901,0.347238,0.17588,0.48266,0.113885,0.608054,0.370126,0.325345,0.323386,0.519437,0.293434,0.671408,0.263626,0.805794,0.491798,0.32949,0.518688,0.515142,0.515465,0.680674,0.505307,0.823216,0.581145,0.343913,0.634123,0.495935,0.637274,0.644145,0.627659,0.767967,0.636279,0.364296,0.716089,0.479666,0.761625,0.572298,0.789756,0.664652
record1_2.mp4,1a5008d3e2e358a67d1d067f0fe8dae92b9e9370533d9f326db45e22b61f82ab,640,480,12.02,625,52.0,36,3000,Left,0.436456,0.11909,0.312162,0.223218,0.232768,0.347897,0.168152,0.486118,0.108935,0.605936,0.376776,0.33229,0.325676,0.528755,0.298026,0.67571,0.270772,0.803043,0.495692,0.337225,0.514478,0.525034,0.515518,0.685521,0.51177,0.823654,0.580735,0.346441,0.628543,0.498882,0.638352,0.638481,0.639876,0.759761,0.630123,0.356828,0.719272,0.461604,0.776942,0.531752,0.818096,0.601044
record1_2.mp4,1a5008d3e2e358a67d1d067f0fe8dae92b9e9370533d9f326db45e22b61f82ab,640,480,12.02,625,52.0,37,3083,Left,0.431887,0.137578,0.30031,0.24854,0.224656,0.362613,0.167136,0.491028,0.10745,0.614204,0.369409,0.343347,0.323293,0.532933,0.297279,0.676672,0.269392,0.802749,0.488503,0.350184,0.51573,0.522548,0.519834,0.684672,0.519311,0.824139,0.575345,0.363135,0.626689,0.494308,0.641964,0.635898,0.643484,0.753845,0.624959,0.377199,0.713378,0.446377,0.771456,0.49194,0.814529,0.540116
record1_2.mp4,1a5008d3e2e358a67d1d067f0fe8dae92b9e9370533d9f326db45e22b61f82ab,640,480,12.02,625,52.0,38,3166,Left,0.433109,0.130311,0.303204,0.238772,0.225136,0.360202,0.165688,0.490035,0.10891,0.609035,0.370593,0.342155,0.326912,0.532501,0.29997,0.674419,0.271322,0.801533,0.488076,0.343742,0.514838,0.519598,0.517633,0.681706,0.514165,0.823977,0.573226,0.352055,0.625213,0.486859,0.638731,0.627594,0.638567,0.748942,0.622484,0.361644,0.714715,0.439691,0.775986,0.488085,0.820466,0.538236
record1_2.mp4,1a5008d3e2e358a67d1d067f0fe8dae92b9e9370533d9f326db45e22b61f82ab,640,480,12.02,625,52.0,39,3250,Left,0.439928,0.117703,0.314718,0.223005,0.234104,0.355321,0.170078,0.491531,0.112636,0.601423,0.381218,0.320986,0.330267,0.513593,0.299254,0.65805,0.27102,0.794886,0.495798,0.324223,0.512819,0.506293,0.514399,0.666883,0.513336,0.81804,0.578352,0.337915,0.62739,0.474246,0.644012,0.60685,0.652331,0.732121,0.627817,0.355633,0.71688,0.44934,0.776803,0.507512,0.821833,0.575093
record1_2.mp4,1a5008d3e2e358a67d1d067f0fe8dae92b9e9370533d9f326db45e22b61f82ab,640,480,12.02,625,52.0,40,3333,Left,0.438043,0.100767,0.314144,0.212172,0.235513,0.349129,0.177688,0.488403,0.114486,0.592412,0.376428,0.325232,0.328711,0.511114,0.300542,0.653377,0.273914,0.792323,0.491635,0.31962,0.5216,0.490405,0.531761,0.651298,0.536343,0.806369,0.574907,0.326,0.629922,0.458756,0.651849,0.594343,0.662338,0.72582,0.626903,0.339173,0.721204,0.432715,0.787967,0.488071,0.836704,0.555906
record1_2.mp4,1a5008d3e2e358a67d1d067f0fe8dae92b9e9370533d9f326db45e22b61f82ab,640,480,12.02,625,52.0,41,3416,Left,0.441372,0.112909,0.320123,0.20533,0.232712,0.352432,0.169644,0.489715,0.113123,0.594128,0.382352,0.31754,0.329909,0.500043,0.29974,0.639398,0.269188,0.775234,0.495849,0.312108,0.522254,0.464583,0.537601,0.601867,0.548378,0.738804,0.577447,0.318083,0.633066,0.481407,0.66384,0.617298,0.686443,0.748485,0.626129,0.330242,0.718317,0.436184,0.785969,0.495998,0.840267,0.565426
record1_2.mp4,1a5008d3e2e358a67d1d067f0fe8dae92b9e9370533d9f326db45e22b61f82ab,640,480,12.02,625,52.0,42,3500,Left,0.457078,0.102118,0.324901,0.198615,0.233155,0.34905,0.174146,0.49164,0.116422,0.595758,0.390331,0.301082,0.334801,0.499635,0.298847,0.638715,0.270243,0.7745,0.507046,0.306608,0.529942,0.469902,0.538271,0.600156,0.543196,0.730705,0.591982,0.328762,0.652714,0.502327,0.680765,0.646284,0.701086,0.786327,0.638365,0.368006,0.725679,0.511772,0.786464,0.594594,0.832972,0.681388
record1_2.mp4,1a5008d3e2e358a67d1d067f0fe8dae92b9e9370533d9f326db45e22b61f82ab,640,480,12.02,625,52.0,43,3583,Left,0.449336,0.129763,0.317838,0.218517,0.229133,0.354337,0.168226,0.491287,0.112846,0.593702,0.384203,0.335119,0.343219,0.506033,0.310504,0.637859,0.283696,0.768484,0.502242,0.341538,0.517617,0.476654,0.524801,0.595457,0.527388,0.711178,0.59039,0.36182,0.636371,0.513643,0.655353,0.650345,0.670656,0.789173,0.643408,0.391645,0.722017,0.509721,0.784333,0.589374,0.831747,0.677212
record1_2.mp4,1a5008d3e2e358a67d1d067f0fe8dae92b9e9370533d9f326db45e22b61f82ab,640,480,12.02,625,52.0,44,3666,Left,0.452799,0.121521,0.327442,0.207741,0.234891,0.351581,0.167482,0.489266,0.099911,0.579066,0.379938,0.298629,0.328938,0.475444,0.30134,0.614797,0.279197,0.749013,0.496338,0.309802,0.519305,0.454602,0.53462,0.578632,0.544316,0.69968,0.584381,0.331185,0.631553,0.484436,0.644267,0.613585,0.654911,0.735166,0.637957,0.362144,0.713698,0.49348,0.771433,0.581617,0.817496,0.6694
record1_2.mp4,1a5008d3e2e358a67d1d067f0fe8dae92b9e9370533d9f326db45e22b61f82ab,640,480,12.02,625,52.0,45,3750,Left,0.44999,0.108669,0.319328,0.19537,0.23085,0.340139,0.169735,0.483529,0.103392,0.584797,0.381167,0.295603,0.341833,0.437056,0.319661,0.551186,0.299209,0.668799,0.494964,0.307842,0.517252,0.47285,0.529157,0.616225,0.535331,0.763812,0.579922,0.328288,0.625867,0.485059,0.639606,0.620037,0.646783,0.750818,0.631457,0.35241,0.708412,0.478572,0.765792,0.56798,0.810079,0.660495
record1_2.mp4,1a5008d3e2e358a67d1d067f0fe8dae92b9e9370533d9f326db45e22b61f82ab,640,480,12.02,625,52.0,46,3833,Left,0.44123,0.100253,0.312411,0.195361,0.222686,0.349728,0.169553,0.495855,0.104385,0.60084,0.376464,0.286506,0.353824,0.406623,0.334489,0.509665,0.317849,0.618222,0.494273,0.296539,0.518997,0.486327,0.527076,0.647806,0.530483,0.802352,0.581057,0.317633,0.624943,0.486296,0.637371,0.634301,0.643153,0.770055,0.632326,0.340956,0.706131,0.476886,0.765595,0.56907,0.812512,0.660487
record1_2.mp4,1a5008d3e2e358a67d1d067f0fe8dae92b9e9370533d9f326db45e22b61f82ab,640,480,12.02,625,52.0,47,3916,Left,0.437806,0.092511,0.30897,0.18854,0.225323,0.339176,0.178288,0.485398,0.110224,0.6014,0.373087,0.276306,0.342381,0.400898,0.322767,0.501361,0.304869,0.603452,0.491672,0.291711,0.515651,0.484299,0.525757,0.644595,0.530128,0.797422,0.579632,0.315718,0.627566,0.489062,0.639843,0.638324,0.645653,0.771151,0.631802,0.342454,0.709222,0.481507,0.767922,0.578563,0.815105,0.671457
record1_2.mp4,1a5008d3e2e358a67d1d067f0fe8dae92b9e9370533d9f326db45e22b61f82ab,640,480,12.02,625,52.0,48,4000,Left,0.437726,0.099727,0.309086,0.1882,0.226686,0.332713,0.177622,0.482744,0.117376,0.605758,0.370264,0.276538,0.335208,0.409197,0.314294,0.527011,0.293835,0.642885,0.492527,0.296237,0.521087,0.490779,0.525488,0.655551,0.522083,0.805858,0.583818,0.323101,0.635861,0.495159,0.644107,0.645002,0.64362,0.774149,0.636957,0.351472,0.715093,0.487291,0.769754,0.583001,0.810956,0.672743
record1_2.mp4,1a5008d3e2e358a67d1d067f0fe8dae92b9e9370533d9f326db45e22b61f82ab,640,480,12.02,625,52.0,49,4083,Left,0.442039,0.113729,0.315124,0.208343,0.231074,0.355451,0.178115,0.493639,0.121476,0.596898,0.373525,0.323379,0.332334,0.510192,0.305245,0.658311,0.280537,0.796121,0.490033,0.321901,0.518567,0.505505,0.526245,0.663415,0.527018,0.812167,0.578168,0.329617,0.62727,0.495697,0.639658,0.639929,0.643205,0.770336,0.634475,0.345372,0.712778,0.480389,0.768898,0.573013,0.806938,0.663733
record1_2.mp4,1a5008d3e2e358a67d1d067f0fe8dae92b9e9370533d9f326db45e22b61f82ab,640,480,12.02,625,52.0,50,4166,Left,0.446969,0.124333,0.323676,0.210809,0.235294,0.354989,0.17597,0.489806,0.114934,0.585267,0.373294,0.32183,0.335744,0.503941,0.308882,0.641766,0.284521,0.776585,0.491117,0.319788,0.51961,0.465047,0.532368,0.588271,0.539311,0.712245,0.580105,0.332434,0.631431,0.48252,0.646545,0.608303,0.657421,0.727758,0.636305,0.356185,0.714323,0.484719,0.77154,0.569776,0.815166,0.658887
record1_2.mp4,1a5008d3e2e358a67d1d067f0fe8dae92b9e9370533d9f326db45e22b61f82ab,640,480,12.02,625,52.0,51,4250,Left,0.445621,0.100453,0.316509,0.200427,0.234132,0.340438,0.175575,0.482712,0.119278,0.59458,0.377513,0.311656,0.332344,0.501336,0.302435,0.649565,0.274463,0.788361,0.495603,0.320131,0.516423,0.510198,0.513146,0.672946,0.503813,0.817028,0.582263,0.335385,0.635619,0.503218,0.641912,0.64849,0.640842,0.780665,0.634561,0.355379,0.716639,0.482329,0.769078,0.575425,0.807296,0.670814
record1_2.mp4,1a5008d3e2e358a67d1d067f0fe8dae92b9e9370533d9f326db45e22b61f82ab,640,480,12.02,625,52.0,52,4333,Left,0.438928,0.104744,0.317533,0.18957,0.232707,0.330738,0.174886,0.478693,0.115632,0.59287,0.370071,0.287395,0.328933,0.443488,0.297924,0.577647,0.268926,0.708817,0.492064,0.300288,0.513134,0.493553,0.508172,0.657651,0.497075,0.807584,0.583564,0.32305,0.634165,0.487678,0.642458,0.639094,0.639968,0.773565,0.640269,0.350074,0.719794,0.484989,0.773246,0.580939,0.808869,0.677247
record1_2.mp4,1a5008d3e2e358a67d1d067f0fe8dae92b9e9370533d9f326db45e22b61f82ab,640,480,12.02,625,52.0,53,4416,Left,0.438579,0.118141,0.312749,0.217518,0.234552,0.345815,0.178916,0.484613,0.109738,0.59286,0.368682,0.323189,0.31865,0.521635,0.294774,0.675472,0.275045,0.805187,0.490693,0.321808,0.516433,0.50545,0.512866,0.674718,0.502971,0.816775,0.581266,0.333516,0.63537,0.487308,0.63978,0.640074,0.633219,0.770094,0.639283,0.354307,0.720615,0.483551,0.772877,0.582434,0.805369,0.679084
record1_2.mp4,1a5008d3e2e358a67d1d067f0fe8dae92b9e9370533d9f326db45e22b61f82ab,640,480,12.02,625,52.0,54,4500,Left,0.440324,0.125384,0.314143,0.216355,0.233027,0.340159,0.172732,0.472702,0.106928,0.580319,0.371705,0.333908,0.326421,0.518047,0.301272,0.667362,0.277434,0.800395,0.493654,0.33833,0.520483,0.503941,0.522792,0.662699,0.516945,0.804472,0.583875,0.348703,0.634314,0.497071,0.640117,0.641728,0.635842,0.769353,0.639163,0.362517,0.723646,0.482602,0.777598,0.578491,0.81399,0.675186
record1_2.mp4,1a5008d3e2e358a67d1d067f0fe8dae92b9e9370533d9f326db45e22b61f82ab,640,480,12.02,625,52.0,55,4583,Left,0.436808,0.121717,0.313881,0.21046,0.230178,0.319425,0.163679,0.439615,0.105813,0.542594,0.371142,0.323234,0.324473,0.516209,0.299989,0.670388,0.275371,0.802621,0.493212,0.335864,0.518652,0.516586,0.518,0.683317,0.508453,0.822306,0.58268,0.350617,0.636688,0.506298,0.640834,0.652734,0.632839,0.776174,0.637671,0.366428,0.722838,0.484089,0.776608,0.580699,0.815137,0.676591
record1_2.mp4,1a5008d3e2e358a67d1d067f0fe8dae92b9e9370533d9f326db45e22b61f82ab,640,480,12.02,625,52.0,56,4666,Left,0.435325,0.129874,0.314575,0.230053,0.230066,0.332236,0.161812,0.439304,0.102382,0.539953,0.371409,0.332818,0.322934,0.525305,0.297141,0.675924,0.270503,0.804298,0.49317,0.341176,0.520684,0.523856,0.517445,0.692141,0.505623,0.830399,0.583498,0.356977,0.640817,0.508771,0.644567,0.657562,0.632919,0.779138,0.639627,0.3767,0.72518,0.488576,0.775224,0.583689,0.808009,0.677894
record1_2.mp4,1a5008d3e2e358a67d1d067f0fe8dae92b9e9370533d9f326db45e22b61f82ab,640,480,12.02,625,52.0,57,4750,Left,0.439433,0.124693,0.316504,0.218398,0.232497,0.342163,0.164035,0.45788,0.102932,0.550692,0.372909,0.334186,0.324074,0.517875,0.300108,0.672069,0.277093,0.808381,0.490603,0.337866,0.515236,0.517084,0.518246,0.683573,0.513395,0.827798,0.580022,0.34713,0.633597,0.504151,0.641963,0.651479,0.638744,0.782272,0.637698,0.358765,0.721223,0.482056,0.776008,0.579617,0.812488,0.676458
record1_2.mp4,1a5008d3e2e358a67d1d067f0fe8dae92b9e9370533d9f326db45e22b61f82ab,640,480,12.02,625,52.0,58,4833,Left,0.441653,0.109555,0.319298,0.200007,0.23465,0.342871,0.169005,0.478968,0.101154,0.581854,0.374864,0.307484,0.330876,0.492797,0.301421,0.641501,0.272732,0.78298,0.492958,0.313179,0.518118,0.474415,0.525269,0.625369,0.526153,0.766201,0.582805,0.330715,0.634933,0.496511,0.644361,0.638044,0.647667,0.763865,0.637185,0.355807,0.71991,0.483669,0.776085,0.574223,0.818453,0.664198
record1_2.mp4,1a5008d3e2e358a67d1d067f0fe8dae92b9e9370533d9f326db45e22b61f82ab,640,480,12.02,625,52.0,59,4916,Left,0.447171,0.11396,0.313866,0.208478,0.227627,0.357078,0.174675,0.496243,0.11502,0.601334,0.382286,0.313819,0.337934,0.496059,0.30708,0.639912,0.278429,0.778248,0.498774,0.317405,0.523114,0.469356,0.529296,0.607896,0.528216,0.741205,0.585297,0.337442,0.634856,0.498267,0.642633,0.634323,0.645847,0.759229,0.637189,0.369035,0.717501,0.496292,0.775491,0.580738,0.821288,0.667091
record1_2.mp4,1a5008d3e2e358a67d1d067f0fe8dae92b9e9370533d9f326db45e22b61f82ab,640,480,12.02,625,52.0,60,5000,Left,0.446197,0.123576,0.318746,0.217041,0.236078,0.36034,0.180525,0.494435,0.111447,0.590572,0.38263,0.327061,0.33879,0.499994,0.307106,0.641678,0.278409,0.778865,0.49891,0.331035,0.523317,0.47711,0.527885,0.609224,0.526092,0.734929,0.586501,0.348752,0.636027,0.505528,0.643033,0.638483,0.645663,0.758613,0.638115,0.37494,0.718819,0.497064,0.774945,0.579377,0.819499,0.663203
record1_2.mp4,1a5008d3e2e358a67d1d067f0fe8dae92b9e9370533d9f326db45e22b61f82ab,640,480,12.02,625,52.0,61,5083,Left,0.440314,0.111277,0.31642,0.207845,0.239572,0.340201,0.180965,0.482022,0.112382,0.592818,0.381584,0.315237,0.326818,0.510955,0.297652,0.662302,0.269841,0.794943,0.499312,0.325642,0.514713,0.514756,0.510457,0.678093,0.500299,0.818695,0.585454,0.342594,0.635475,0.514827,0.638303,0.657958,0.634351,0.782892,0.633767,0.362692,0.717869,0.48808,0.771916,0.580249,0.813188,0.673071
record1_2.mp4,1a5008d3e2e358a67d1d067f0fe8dae92b9e9370533d9f326db45e22b61f82ab,640,480,12.02,625,52.0,62,5166,Left,0.438452,0.117111,0.31377,0.213188,0.235239,0.343228,0.178579,0.477442,0.117313,0.58656,0.37325,0.322134,0.329774,0.516145,0.301,0.663672,0.275051,0.799646,0.491558,0.32102,0.512394,0.509598,0.509431,0.67118,0.501012,0.815994,0.580387,0.331799,0.632147,0.48972,0.641266,0.636121,0.639728,0.765333,0.637047,0.35064,0.717639,0.480097,0.770632,0.575013,0.80393,0.669843
record1_2.mp4,1a5008d3e2e358a67d1d067f0fe8dae92b9e9370533d9f326db45e22b61f82ab,640,480,12.02,625,52.0,63,5250,Left,0.440185,0.11722,0.319253,0.202394,0.235252,0.319817,0.167955,0.441069,0.111724,0.54428,0.373057,0.310863,0.324013,0.503103,0.295113,0.6534,0.268217,0.788474,0.490609,0.314876,0.510654,0.50323,0.508351,0.669165,0.500557,0.816804,0.57819,0.328375,0.629626,0.487233,0.637702,0.637751,0.63543,0.770144,0.634587,0.346809,0.716844,0.475143,0.769821,0.573462,0.804849,0.670636
record1_2.mp4,1a5008d3e2e358a67d1d067f0fe8dae92b9e9370533d9f326db45e22b61f82ab,640,480,12.02,625,52.0,64,5333,Left,0.443499,0.116388,0.317715,0.196049,0.228624,0.312636,0.16359,0.410206,0.100273,0.48993,0.372304,0.317451,0.332046,0.499742,0.304084,0.645823,0.277252,0.783192,0.491799,0.318585,0.517471,0.480942,0.52226,0.631295,0.521288,0.773897,0.582714,0.332875,0.634181,0.491686,0.644037,0.638124,0.645641,0.769002,0.639438,0.353299,0.721618,0.483854,0.778742,0.577496,0.81811,0.668255
record1_2.mp4,1a5008d3e2e358a67d1d067f0fe8dae92b9e9370533d9f326db45e22b61f82ab,640,480,12.02,625,52.0,65,5416,Left,0.440602,0.113497,0.317167,0.195016,0.230774,0.303168,0.170441,0.402114,0.113592,0.48536,0.374341,0.326342,0.332527,0.510966,0.305936,0.658012,0.279541,0.791856,0.494492,0.330363,0.521801,0.499387,0.52325,0.656563,0.515978,0.80125,0.585602,0.343626,0.637602,0.503369,0.643845,0.648301,0.640614,0.779625,0.640853,0.36123,0.724924,0.483453,0.780549,0.577471,0.819567,0.675215
record1_2.mp4,1a5008d3e2e358a67d1d067f0fe8dae92b9e9370533d9f326db45e22b61f82ab,640,480,12.02,625,52.0,66,5500,Left,0.440493,0.122263,0.317003,0.204983,0.233984,0.288807,0.174848,0.372185,0.112748,0.452141,0.374556,0.331929,0.327704,0.530604,0.301773,0.675348,0.275155,0.806524,0.494553,0.342922,0.514531,0.525255,0.513469,0.690764,0.506257,0.834914,0.585996,0.356218,0.637988,0.506364,0.644572,0.652569,0.639026,0.774613,0.644388,0.369317,0.727727,0.48915,0.777286,0.587649,0.809745,0.681188
record1_2.mp4,1a5008d3e2e358a67d1d067f0fe8dae92b9e9370533d9f326db45e22b61f82ab,640,480,12.02,625,52.0,67,5583,Left,0.444922,0.126271,0.322665,0.203251,0.238543,0.286618,0.169645,0.365179,0.101975,0.435163,0.373953,0.325769,0.327894,0.522627,0.302626,0.670199,0.277788,0.805164,0.492965,0.334051,0.513384,0.518359,0.512577,0.681704,0.508275,0.830024,0.584416,0.350185,0.637829,0.507824,0.645623,0.654483,0.641838,0.778567,0.642511,0.367231,0.725662,0.492392,0.776995,0.588512,0.811455,0.681065
record1_2.mp4,1a5008d3e2e358a67d1d067f0fe8dae92b9e9370533d9f326db45e22b61f82ab,640,480,12.02,625,52.0,68,5666,Left,0.438279,0.111748,0.31764,0.1985,0.237078,0.29772,0.171998,0.399485,0.119125,0.495143,0.379043,0.319391,0.3303,0.5141,0.304614,0.666637,0.279714,0.800188,0.497226,0.322831,0.518953,0.514837,0.516937,0.683291,0.508523,0.827626,0.583611,0.336972,0.635291,0.505579,0.641647,0.653597,0.636603,0.776953,0.634922,0.355974,0.718057,0.482717,0.773275,0.579902,0.813344,0.674826
record1_2.mp4,1a5008d3e2e358a67d1d067f0fe8dae92b9e9370533d9f326db45e22b61f82ab,640,480,12.02,625,52.0,69,5750,Left,0.438503,0.134516,0.314233,0.226748,0.233501,0.348915,0.169813,0.481083,0.10765,0.606027,0.373646,0.329284,0.329467,0.5205,0.304275,0.671164,0.280228,0.80759,0.493387,0.330688,0.517688,0.512094,0.516123,0.675754,0.507675,0.816696,0.580842,0.342954,0.6335,0.497276,0.641768,0.645042,0.636901,0.763759,0.635045,0.360851,0.715584,0.481495,0.767714,0.577631,0.8041,0.666441
record1_2.mp4,1a5008d3e2e358a67d1d067f0fe8dae92b9e9370533d9f326db45e22b61f82ab,640,480,12.02,625,52.0,70,5833,Left,0.438185,0.122306,0.310781,0.226469,0.222422,0.361861,0.159774,0.494359,0.101835,0.597214,0.36992,0.348801,0.334706,0.535952,0.308914,0.672691,0.282601,0.800642,0.492815,0.344914,0.518192,0.526294,0.521259,0.683336,0.516591,0.826332,0.583276,0.350515,0.633675,0.495896,0.648492,0.634122,0.651752,0.755068,0.639094,0.363429,0.72482,0.488844,0.782396,0.566594,0.823801,0.643796
record1_2.mp4,1a5008d3e2e358a67d1d067f0fe8dae92b9e9370533d9f326db45e22b61f82ab,640,480,12.02,625,52.0,71,5916,Left,0.43919,0.111506,0.31328,0.22205,0.226697,0.357965,0.158826,0.492916,0.104944,0.595347,0.376246,0.337717,0.336512,0.526973,0.309397,0.664933,0.282437,0.800602,0.49468,0.333041,0.523133,0.513881,0.527347,0.672409,0.52642,0.820937,0.580018,0.340216,0.638453,0.478157,0.655419,0.609885,0.661122,0.734778,0.632302,0.353022,0.725812,0.450783,0.790861,0.503946,0.838559,0.566328
record1_2.mp4,1a5008d3e2e358a67d1d067f0fe8dae92b9e9370533d9f326db45e22b61f82ab,640,480,12.02,625,52.0,72,6000,Left,0.438065,0.130769,0.312484,0.241697,0.224836,0.367321,0.158985,0.492485,0.108324,0.594483,0.373066,0.340426,0.332728,0.525905,0.305694,0.668215,0.280536,0.802908,0.491658,0.334797,0.518819,0.522606,0.523257,0.68596,0.523682,0.835807,0.578548,0.338401,0.634197,0.481325,0.650334,0.619122,0.654346,0.749508,0.631278,0.34628,0.728646,0.432165,0.795848,0.478221,0.844661,0.534997
record1_2.mp4,1a5008d3e2e358a67d1d067f0fe8dae92b9e9370533d9f326db45e22b61f82ab,640,480,12.02,625,52.0,73,6083,Left,0.431325,0.133391,0.305511,0.240173,0.223215,0.358547,0.157083,0.48529,0.10945,0.602244,0.373416,0.334819,0.333563,0.519451,0.30606,0.664623,0.279017,0.80084,0.491187,0.338287,0.518523,0.525033,0.523843,0.689268,0.522876,0.836824,0.577175,0.344847,0.632607,0.485202,0.649534,0.624297,0.652436,0.749468,0.627321,0.351121,0.728905,0.428238,0.799085,0.470257,0.850076,0.517208
record1_2.mp4,1a5008d3e2e358a67d1d067f0fe8dae92b9e9370533d9f326db45e22b61f82ab,640,480,12.02,625,52.0,74,6166,Left,0.429833,0.140419,0.302789,0.251681,0.21868,0.363285,0.156959,0.483938,0.108217,0.602606,0.370126,0.336336,0.334015,0.520014,0.307094,0.668584,0.281158,0.806786,0.487658,0.333797,0.52142,0.52049,0.52623,0.687021,0.524731,0.832593,0.576309,0.339128,0.635081,0.484728,0.649395,0.631273,0.649984,0.756946,0.628808,0.3487,0.731103,0.422535,0.801968,0.46801,0.852149,0.511966
record1_2.mp4,1a5008d3e2e358a67d1d067f0fe8dae92b9e9370533d9f326db45e22b61f82ab,640,480,12.02,625,52.0,75,6250,Left,0.430487,0.116667,0.304674,0.225005,0.219287,0.348513,0.158702,0.47658,0.102393,0.597568,0.371729,0.316588,0.327812,0.515438,0.301678,0.66945,0.277803,0.809745,0.491245,0.322409,0.524358,0.512562,0.528351,0.683433,0.526623,0.832408,0.581255,0.339135,0.639761,0.498289,0.650513,0.652158,0.648544,0.778601,0.636252,0.361135,0.715245,0.480228,0.765898,0.58027,0.804601,0.679552
record1_2.mp4,1a5008d3e2e358a67d1d067f0fe8dae92b9e9370533d9f326db45e22b61f82ab,640,480,12.02,625,52.0,76,6333,Left,0.443922,0.130358,0.317552,0.213111,0.228631,0.350789,0.166759,0.483092,0.10757,0.584491,0.374797,0.318368,0.332919,0.504741,0.307573,0.647848,0.284198,0.78666,0.494334,0.325316,0.523591,0.496659,0.534268,0.644472,0.53761,0.792623,0.582608,0.336085,0.632542,0.485245,0.638746,0.621787,0.637174,0.749026,0.635905,0.350312,0.715277,0.479832,0.768367,0.571402,0.806568,0.664745
record1_2.mp4,1a5008d3e2e358a67d1d067f0fe8dae92b9e9370533d9f326db45e22b61f82ab,640,480,12.02,625,52.0,77,6416,Left,0.454089,0.125145,0.323063,0.207914,0.23024,0.352724,0.169972,0.486461,0.107479,0.584617,0.387794,0.319662,0.342037,0.504682,0.313367,0.641694,0.287316,0.780446,0.509263,0.326601,0.53392,0.467222,0.544707,0.589707,0.548427,0.716641,0.597519,0.348851,0.652024,0.502005,0.670917,0.637784,0.68406,0.768874,0.647235,0.383883,0.721467,0.510246,0.775422,0.588009,0.819421,0.67422
record1_2.mp4,1a5008d3e2e358a67d1d067f0fe8dae92b9e9370533d9f326db45e22b61f82ab,640,480,12.02,625,52.0,78,6500,Left,0.451323,0.136795,0.321524,0.217814,0.231299,0.355836,0.17343,0.486403,0.114363,0.586888,0.382324,0.333161,0.337775,0.514072,0.310184,0.652613,0.286234,0.789463,0.502052,0.34065,0.527464,0.477396,0.543198,0.599237,0.551337,0.721239,0.592342,0.358929,0.646701,0.500397,0.671481,0.631099,0.689208,0.755174,0.646323,0.387915,0.721651,0.510244,0.778249,0.590347,0.822448,0.675891
record1_2.mp4,1a5008d3e2e358a67d1d067f0fe8dae92b9e9370533d9f326db45e22b61f82ab,640,480,12.02,625,52.0,79,6583,Left,0.448377,0.137888,0.323189,0.217439,0.235057,0.349851,0.175162,0.485817,0.10654,0.58135,0.380667,0.320451,0.332741,0.509823,0.310385,0.656994,0.288357,0.792729,0.499082,0.333349,0.520314,0.506825,0.529012,0.658253,0.528166,0.798802,0.588366,0.350861,0.630921,0.517037,0.633191,0.654528,0.630151,0.779535,0.640851,0.371847,0.715708,0.499475,0.76795,0.590929,0.808432,0.683302
record1_2.mp4,1a5008d3e2e358a67d1d067f0fe8dae92b9e9370533d9f326db45e22b61f82ab,640,480,12.02,625,52.0,80,6666,Left,0.441773,0.129844,0.316701,0.225369,0.231944,0.350107,0.176318,0.482533,0.113886,0.587475,0.375392,0.324346,0.33259,0.518387,0.310267,0.670859,0.287579,0.803264,0.496199,0.332802,0.522783,0.521556,0.526926,0.688357,0.521978,0.827069,0.586092,0.347718,0.638591,0.509175,0.644172,0.656581,0.63867,0.775843,0.639995,0.366976,0.718872,0.491617,0.768611,0.586498,0.805307,0.674669
record1_2.mp4,1a5008d3e2e358a67d1d067f0fe8dae92b9e9370533d9f326db45e22b61f82ab,640,480,12.02,625,52.0,81,6750,Left,0.439593,0.124313,0.312896,0.2228,0.23055,0.347981,0.17367,0.482255,0.107238,0.591411,0.373766,0.325106,0.326674,0.522243,0.303476,0.676067,0.280077,0.806138,0.494618,0.331009,0.521609,0.517839,0.525002,0.687664,0.520089,0.826764,0.583853,0.344205,0.638132,0.504936,0.643508,0.655539,0.637819,0.777021,0.63754,0.362095,0.718798,0.48871,0.769582,0.586753,0.80648,0.676858
record1_2.mp4,1a5008d3e2e358a67d1d067f0fe8dae92b9e9370533d9f326db45e22b61f82ab,640,480,12.02,625,52.0,82,6833,Left,0.438298,0.113829,0.311636,0.209301,0.227891,0.346793,0.168947,0.483873,0.104276,0.585752,0.373909,0.314189,0.331691,0.506296,0.305065,0.660606,0.278738,0.800613,0.491753,0.316637,0.522325,0.498838,0.528993,0.669242,0.527408,0.821129,0.580701,0.329934,0.636336,0.495832,0.64222,0.648783,0.63918,0.781991,0.633219,0.350655,0.714977,0.480955,0.768049,0.579085,0.806746,0.67528
record1_2.mp4,1a5008d3e2e358a67d1d067f0fe8dae92b9e9370533d9f326db45e22b61f82ab,640,480,12.02,625,52.0,83,6916,Left,0.444742,0.106302,0.315372,0.201618,0.228688,0.342987,0.169798,0.482213,0.107324,0.587636,0.378067,0.313673,0.330892,0.513267,0.302405,0.662315,0.274803,0.798512,0.497046,0.317595,0.516764,0.488422,0.519116,0.645974,0.514263,0.79005,0.586459,0.333661,0.636267,0.496981,0.643179,0.642858,0.642201,0.773248,0.641244,0.358999,0.719428,0.487244,0.772679,0.581533,0.809784,0.677763
record1_2.mp4,1a5008d3e2e358a67d1d067f0fe8dae92b9e9370533d9f326db45e22b61f82ab,640,480,12.02,625,52.0,84,7000,Left,0.437862,0.095156,0.313544,0.196863,0.230009,0.341262,0.172604,0.482363,0.105842,0.581238,0.374053,0.323131,0.323564,0.521547,0.291375,0.665849,0.259469,0.796952,0.48876,0.321537,0.502458,0.495646,0.503716,0.647199,0.497022,0.782042,0.576173,0.327021,0.62658,0.502934,0.641515,0.645157,0.646355,0.769809,0.629661,0.342038,0.708905,0.475594,0.76465,0.570627,0.807164,0.666551
record1_2.mp4,1a5008d3e2e358a67d1d067f0fe8dae92b9e9370533d9f326db45e22b61f82ab,640,480,12.02,625,52.0,85,7083,Left,0.445507,0.104356,0.322476,0.195243,0.236486,0.339561,0.184117,0.482995,0.131422,0.586975,0.37398,0.312682,0.320787,0.491063,0.281017,0.63154,0.242113,0.760375,0.490485,0.320633,0.485256,0.50402,0.465416,0.650619,0.437579,0.781807,0.581954,0.328661,0.630606,0.505421,0.646916,0.650249,0.651047,0.782673,0.640957,0.342311,0.718641,0.490667,0.776886,0.586494,0.816457,0.681785
record1_2.mp4,1a5008d3e2e358a67d1d067f0fe8dae92b9e9370533d9f326db45e22b61f82ab,640,480,12.02,625,52.0,86,7166,Left,0.444391,0.113811,0.317404,0.214381,0.224052,0.34253,0.157226,0.467856,0.09907,0.560726,0.354951,0.363327,0.28903,0.545354,0.252141,0.674843,0.221429,0.796168,0.47212,0.351196,0.458885,0.535144,0.447655,0.693709,0.438683,0.830587,0.568825,0.345608,0.610865,0.50098,0.625691,0.64271,0.633978,0.777024,0.642512,0.346235,0.71752,0.502795,0.773913,0.596045,0.815338,0.683557
record1_2.mp4,1a5008d3e2e358a67d1d067f0fe8dae92b9e9370533d9f326db45e22b61f82ab,640,480,12.02,625,52.0,87,7250,Left,0.443375,0.109615,0.321289,0.217535,0.230443,0.345216,0.159846,0.473864,0.090791,0.5706,0.359219,0.353189,0.298104,0.541684,0.262758,0.679349,0.228975,0.809937,0.471875,0.351347,0.461094,0.535296,0.453248,0.693981,0.445809,0.835516,0.564292,0.350052,0.611385,0.507473,0.633347,0.646808,0.646766,0.772791,0.633011,0.354068,0.715026,0.491043,0.767562,0.579142,0.810229,0.667634
record1_2.mp4,1a5008d3e2e358a67d1d067f0fe8dae92b9e9370533d9f326db45e22b61f82ab,640,480,12.02,625,52.0,88,7333,Left,0.440346,0.119875,0.320364,0.221533,0.230643,0.343649,0.160742,0.470564,0.092149,0.567338,0.360735,0.350171,0.302592,0.521738,0.266953,0.652806,0.230575,0.780748,0.474694,0.350431,0.463648,0.528686,0.454237,0.686213,0.442848,0.832539,0.566999,0.352951,0.612053,0.502299,0.634397,0.639469,0.645841,0.766178,0.635785,0.360601,0.72033,0.491523,0.773917,0.577044,0.817038,0.666921
record1_2.mp4,1a5008d3e2e358a67d1d067f0fe8dae92b9e9370533d9f326db45e22b61f82ab,640,480,12.02,625,52.0,89,7416,Left,0.444289,0.115461,0.320641,0.220293,0.229987,0.344935,0.162254,0.474568,0.095386,0.569516,0.359466,0.357396,0.294647,0.538188,0.264563,0.676385,0.237217,0.806107,0.473791,0.355331,0.46237,0.530298,0.457024,0.687645,0.451698,0.829084,0.566562,0.358037,0.611596,0.508599,0.63184,0.646441,0.64235,0.77561,0.636566,0.368674,0.719095,0.492758,0.771999,0.581262,0.810636,0.676203
record1_2.mp4,1a5008d3e2e358a67d1d067f0fe8dae92b9e9370533d9f326db45e22b61f82ab,640,480,12.02,625,52.0,90,7500,Left,0.444445,0.117843,0.325077,0.221426,0.233823,0.34618,0.160311,0.471396,0.089134,0.562497,0.362909,0.348252,0.297786,0.531499,0.263131,0.668928,0.231868,0.799818,0.47363,0.347162,0.461007,0.530107,0.452679,0.688711,0.445894,0.831141,0.565786,0.348641,0.612708,0.508485,0.635871,0.648218,0.651281,0.773228,0.635232,0.356089,0.718466,0.490871,0.770217,0.578479,0.812284,0.665855
record1_2.mp4,1a5008d3e2e358a67d1d067f0fe8dae92b9e9370533d9f326db45e22b61f82ab,640,480,12.02,625,52.0,91,7583,Left,0.445333,0.112702,0.322262,0.215603,0.22801,0.341347,0.151306,0.464526,0.093469,0.566207,0.365266,0.343644,0.298829,0.510772,0.259668,0.638924,0.222491,0.765927,0.476728,0.342113,0.462126,0.522857,0.453439,0.682412,0.44543,0.830401,0.567869,0.345386,0.610634,0.50395,0.634524,0.64204,0.65043,0.770263,0.637104,0.354894,0.717648,0.491223,0.771197,0.577179,0.815969,0.665433
record1_2.mp4,1a5008d3e2e358a67d1d067f0fe8dae92b9e9370533d9f326db45e22b61f82ab,640,480,12.02,625,52.0,92,7666,Left,0.446017,0.120062,0.321771,0.221758,0.229353,0.345387,0.156119,0.460935,0.093111,0.553926,0.364149,0.346179,0.30233,0.527431,0.265711,0.664741,0.23003,0.795528,0.476675,0.343859,0.466202,0.526239,0.459748,0.687021,0.453546,0.834607,0.567704,0.348092,0.612653,0.507502,0.636774,0.645363,0.652773,0.771884,0.636391,0.359281,0.717312,0.495628,0.771454,0.582057,0.815926,0.670836
record1_2.mp4,1a5008d3e2e358a67d1d067f0fe8dae92b9e9370533d9f326db45e22b61f82ab,640,480,12.02,625,52.0,93,7750,Left,0.443174,0.120896,0.322676,0.221557,0.230471,0.342331,0.155899,0.45672,0.097108,0.555023,0.36355,0.352954,0.302704,0.534792,0.267491,0.67461,0.232642,0.806668,0.475167,0.347208,0.466815,0.529548,0.458163,0.689827,0.450378,0.835366,0.566215,0.348139,0.61341,0.508393,0.637364,0.647827,0.651745,0.773499,0.635347,0.356263,0.717158,0.491781,0.77105,0.579745,0.814669,0.670129
record1_2.mp4,1a5008d3e2e358a67d1d067f0fe8dae92b9e9370533d9f326db45e22b61f82ab,640,480,12.02,625,52.0,94,7833,Left,0.442436,0.117362,0.323918,0.209334,0.233926,0.31631,0.15994,0.416607,0.100257,0.505782,0.362582,0.349979,0.299326,0.541506,0.263482,0.681513,0.22937,0.810158,0.475788,0.349416,0.466055,0.533148,0.456723,0.693959,0.448457,0.837594,0.566258,0.351224,0.61354,0.508795,0.636115,0.648481,0.649802,0.775579,0.633785,0.35775,0.71896,0.49502,0.772437,0.582713,0.814217,0.672748
record1_2.mp4,1a5008d3e2e358a67d1d067f0fe8dae92b9e9370533d9f326db45e22b61f82ab,640,480,12.02,625,52.0,95,7916,Left,0.440817,0.107076,0.318589,0.211087,0.227289,0.329866,0.158916,0.440989,0.108726,0.537653,0.360294,0.358054,0.300049,0.547529,0.264866,0.685168,0.231594,0.811974,0.474037,0.349074,0.468471,0.533561,0.458266,0.69639,0.449005,0.840886,0.564841,0.348273,0.613414,0.505449,0.634939,0.647131,0.646481,0.776993,0.633513,0.35666,0.717908,0.495385,0.772903,0.585196,0.813917,0.678452
record1_2.mp4,1a5008d3e2e358a67d1d067f0fe8dae92b9e9370533d9f326db45e22b61f82ab,640,480,12.02,625,52.0,96,8000,Left,0.440757,0.118403,0.31578,0.221745,0.221501,0.345634,0.15494,0.473479,0.094163,0.570919,0.35639,0.363793,0.29974,0.555901,0.265364,0.687878,0.232067,0.808048,0.471022,0.364808,0.469429,0.545511,0.463789,0.698968,0.45741,0.836437,0.564351,0.362137,0.613748,0.513959,0.632643,0.649335,0.644042,0.775749,0.633472,0.362606,0.719183,0.494394,0.768847,0.581448,0.807309,0.671138
record1_2.mp4,1a5008d3e2e358a67d1d067f0fe8dae92b9e9370533d9f326db45e22b61f82ab,640,480,12.02,625,52.0,97,8083,Left,0.447521,0.120071,0.319814,0.209158,0.230186,0.335831,0.162359,0.468297,0.092375,0.569649,0.375285,0.348742,0.315215,0.532656,0.276303,0.665217,0.236401,0.789011,0.495501,0.356092,0.503336,0.515291,0.504331,0.648628,0.498581,0.776143,0.585976,0.367468,0.633876,0.535961,0.655269,0.669993,0.666728,0.801124,0.642175,0.379883,0.724541,0.502081,0.782929,0.576209,0.830281,0.661565
record1_2.mp4,1a5008d3e2e358a67d1d067f0fe8dae92b9e9370533d9f326db45e22b61f82ab,640,480,12.02,625,52.0,98,8166,Left,0.437514,0.125127,0.312258,0.219984,0.228004,0.351017,0.164454,0.476769,0.101705,0.571953,0.370231,0.356141,0.316353,0.530943,0.281187,0.657219,0.247504,0.784953,0.482672,0.352291,0.5027,0.497203,0.51472,0.632575,0.522116,0.768218,0.568819,0.352408,0.622453,0.479625,0.648295,0.60103,0.667774,0.719984,0.625421,0.356394,0.723752,0.451806,0.793791,0.505639,0.851052,0.567276
record1_2.mp4,1a5008d3e2e358a67d1d067f0fe8dae92b9e9370533d9f326db45e22b61f82ab,640,480,12.02,625,52.0,99,8250,Left,0.439162,0.11033,0.313977,0.209848,0.228002,0.334875,0.160273,0.461576,0.107135,0.569369,0.381185,0.344657,0.317218,0.52898,0.27531,0.66781,0.237129,0.801025,0.493412,0.348446,0.506686,0.522657,0.508251,0.68169,0.507135,0.828355,0.575377,0.354245,0.628154,0.50184,0.649098,0.635933,0.663227,0.762096,0.628954,0.360948,0.727971,0.465172,0.796483,0.530472,0.850897,0.60136
record1_2.mp4,1a5008d3e2e358a67d1d067f0fe8dae92b9e9370533d9f326db45e22b61f82ab,640,480,12.02,625,52.0,100,8333,Left,0.434729,0.121121,0.306915,0.213972,0.225571,0.335564,0.161987,0.469331,0.104387,0.585367,0.376239,0.340357,0.312686,0.530099,0.272763,0.673566,0.236344,0.80486,0.493367,0.352901,0.509608,0.536694,0.504694,0.701703,0.497642,0.848052,0.578421,0.367573,0.631834,0.520835,0.645681,0.657706,0.650998,0.777302,0.629702,0.382009,0.732086,0.482953,0.801121,0.543426,0.853777,0.607592
record1_2.mp4,1a5008d3e2e358a67d1d067f0fe8dae92b9e9370533d9f326db45e22b61f82ab,640,480,12.02,625,52.0,101,8416,Left,0.438754,0.129065,0.307285,0.22493,0.225459,0.341947,0.157908,0.472888,0.098521,0.590577,0.377805,0.36166,0.312729,0.536166,0.272022,0.675426,0.236111,0.804517,0.496958,0.377804,0.509302,0.550376,0.504203,0.712659,0.495949,0.84988,0.584413,0.390469,0.638209,0.531991,0.648427,0.664615,0.648468,0.779895,0.638239,0.397707,0.740352,0.495797,0.810575,0.563858,0.861705,0.631415
record1_2.mp4,1a5008d3e2e358a67d1d067f0fe8dae92b9e9370533d9f326db45e22b61f82ab,640,480,12.02,625,52.0,102,8500,Left,0.433683,0.122921,0.302018,0.227003,0.216997,0.347489,0.15552,0.480614,0.099988,0.599207,0.370082,0.380944,0.307759,0.553621,0.270031,0.692165,0.236543,0.817236,0.490993,0.392083,0.502499,0.569405,0.49847,0.724544,0.490465,0.853083,0.583477,0.399475,0.637143,0.546651,0.649298,0.676183,0.650702,0.785506,0.641989,0.403337,0.743703,0.505755,0.812163,0.579037,0.861759,0.651173
record1_2.mp4,1a5008d3e2e358a67d1d067f0fe8dae92b9e9370533d9f326db45e22b61f82ab,640,480,12.02,625,52.0,103,8583,Left,0.446633,0.112511,0.307982,0.223856,0.210976,0.357304,0.156967,0.48468,0.110826,0.595446,0.36638,0.367759,0.311457,0.535239,0.271522,0.664129,0.234044,0.795038,0.488898,0.370813,0.504348,0.545238,0.505465,0.699074,0.500022,0.843878,0.584974,0.377503,0.637615,0.536317,0.651549,0.668792,0.655925,0.793786,0.649372,0.386266,0.739006,0.508749,0.805227,0.588343,0.854102,0.667931
record1_2.mp4,1a5008d3e2e358a67d1d067f0fe8dae92b9e9370533d9f326db45e22b61f82ab,640,480,12.02,625,52.0,104,8666,Left,0.441264,0.12616,0.305224,0.221545,0.211162,0.36328,0.150403,0.487286,0.093534,0.576754,0.378932,0.342192,0.326601,0.498464,0.28497,0.619069,0.247621,0.744242,0.495657,0.349236,0.521664,0.495692,0.533596,0.63216,0.542412,0.773926,0.585589,0.368767,0.638814,0.529477,0.652709,0.656672,0.664817,0.784313,0.642335,0.393038,0.733391,0.513219,0.801135,0.584316,0.85748,0.65779
record1_2.mp4,1a5008d3e2e358a67d1d067f0fe8dae92b9e9370533d9f326db45e22b61f82ab,640,480,12.02,625,52.0,105,8750,Right,0.458783,0.145553,0.305307,0.236847,0.200042,0.361737,0.145873,0.482472,0.115888,0.591627,0.383884,0.398591,0.351837,0.520573,0.337288,0.603108,0.332125,0.708129,0.505222,0.401275,0.535422,0.570348,0.559097,0.718164,0.579789,0.871851,0.598145,0.408463,0.647664,0.562016,0.667704,0.705707,0.677885,0.848176,0.660296,0.413292,0.750957,0.525665,0.812181,0.595455,0.856838,0.667181
record1_2.mp4,1a5008d3e2e358a67d1d067f0fe8dae92b9e9370533d9f326db45e22b61f82ab,640,480,12.02,625,52.0,106,8833,Left,0.443153,0.135271,0.299679,0.241572,0.204929,0.362586,0.149528,0.482062,0.107763,0.586492,0.37362,0.415002,0.325154,0.548405,0.286745,0.651345,0.252908,0.770956,0.498157,0.422742,0.534938,0.60036,0.560272,0.76008,0.580289,0.912273,0.593075,0.428454,0.658915,0.5863,0.701243,0.719544,0.731463,0.84636,0.654669,0.430564,0.750356,0.538473,0.819455,0.596423,0.877294,0.660857
record1_2.mp4,1a5008d3e2e358a67d1d067f0fe8dae92b9e9370533d9f326db45e22b61f82ab,640,480,12.02,625,52.0,107,8916,Left,0.452776,0.141896,0.311204,0.229095,0.214178,0.348004,0.156637,0.469747,0.113718,0.576578,0.37259,0.389536,0.319862,0.536004,0.28352,0.646681,0.252396,0.767476,0.49773,0.403002,0.516313,0.579686,0.525848,0.731082,0.529567,0.878255,0.594672,0.412097,0.635046,0.570851,0.64635,0.698828,0.650202,0.826402,0.659624,0.413057,0.75355,0.521545,0.820513,0.587003,0.868374,0.657369
record1_2.mp4,1a5008d3e2e358a67d1d067f0fe8dae92b9e9370533d9f326db45e22b61f82ab,640,480,12.02,625,52.0,108,9000,Left,0.451561,0.124245,0.312351,0.221737,0.218093,0.353593,0.151764,0.479239,0.095425,0.587343,0.377953,0.368443,0.313491,0.536203,0.27128,0.663107,0.233896,0.790875,0.495633,0.378017,0.501025,0.547176,0.506081,0.697407,0.51082,0.841365,0.588204,0.391283,0.631828,0.548048,0.651068,0.675701,0.668007,0.801915,0.652596,0.404132,0.744207,0.521702,0.808709,0.593608,0.860203,0.667342
record1_2.mp4,1a5008d3e2e358a67d1d067f0fe8dae92b9e9370533d9f326db45e22b61f82ab,640,480,12.02,625,52.0,109,9083,Left,0.446209,0.119273,0.315786,0.211151,0.222335,0.34252,0.152997,0.473941,0.09286,0.577029,0.371722,0.345428,0.302828,0.519674,0.264372,0.65486,0.230916,0.785598,0.48829,0.361948,0.496714,0.539378,0.504807,0.69496,0.51257,0.841145,0.578091,0.379434,0.623857,0.539836,0.643703,0.670045,0.661709,0.79249,0.637924,0.394481,0.731361,0.51527,0.798617,0.588896,0.854964,0.664181
record1_2.mp4,1a5008d3e2e358a67d1d067f0fe8dae92b9e9370533d9f326db45e22b61f82ab,640,480,12.02,625,52.0,110,9166,Left,0.440254,0.121867,0.30855,0.210919,0.219434,0.346174,0.157447,0.48002,0.099621,0.584414,0.375593,0.350014,0.315767,0.517072,0.275496,0.647547,0.234829,0.775972,0.492891,0.3613,0.522371,0.543111,0.537185,0.698311,0.545468,0.849164,0.581809,0.374796,0.639208,0.544888,0.659658,0.676905,0.674561,0.806421,0.634773,0.385872,0.730343,0.508762,0.800658,0.578623,0.859131,0.654764
record1_2.mp4,1a5008d3e2e358a67d1d067f0fe8dae92b9e9370533d9f326db45e22b61f82ab,640,480,12.02,625,52.0,111,9250,Left,0.438334,0.114446,0.303055,0.209008,0.215884,0.360125,0.155616,0.489666,0.090515,0.579138,0.372812,0.343318,0.330334,0.510041,0.289822,0.629318,0.254572,0.752932,0.489197,0.337363,0.508524,0.482683,0.519843,0.60654,0.529526,0.72851,0.580086,0.350322,0.631648,0.512401,0.660816,0.642922,0.687184,0.770072,0.637547,0.374979,0.73188,0.514263,0.801401,0.589828,0.858214,0.662651
record1_2.mp4,1a5008d3e2e358a67d1d067f0fe8dae92b9e9370533d9f326db45e22b61f82ab,640,480,12.02,625,52.0,112,9333,Left,0.441195,0.121365,0.306173,0.217879,0.213221,0.35788,0.149818,0.48714,0.088084,0.585599,0.370485,0.354722,0.319724,0.518775,0.280741,0.644586,0.246862,0.773488,0.488613,0.353768,0.500382,0.51464,0.507893,0.651489,0.513409,0.786395,0.581309,0.362089,0.631928,0.524644,0.662842,0.652136,0.689293,0.775789,0.641739,0.376214,0.736181,0.513859,0.808087,0.591201,0.866532,0.666935
record1_2.mp4,1a5008d3e2e358a67d1d067f0fe8dae92b9e9370533d9f326db45e22b61f82ab,640,480,12.02,625,52.0,113,9416,Left,0.441373,0.116864,0.305837,0.224862,0.215611,0.362566,0.154836,0.493116,0.1003,0.595522,0.373268,0.36752,0.315919,0.539966,0.275253,0.666395,0.237136,0.791095,0.488283,0.371527,0.489861,0.54245,0.492572,0.695495,0.49363,0.837572,0.579852,0.378004,0.630843,0.538653,0.65944,0.663626,0.681695,0.781205,0.641952,0.385523,0.733552,0.511698,0.802135,0.586743,0.860476,0.659963
record1_2.mp4,1a5008d3e2e358a67d1d067f0fe8dae92b9e9370533d9f326db45e22b61f82ab,640,480,12.02,625,52.0,114,9500,Left,0.444533,0.107944,0.314162,0.213339,0.221022,0.344889,0.155366,0.479043,0.098463,0.585422,0.370988,0.374668,0.307534,0.554417,0.269438,0.681397,0.233523,0.807815,0.485422,0.378068,0.476861,0.551978,0.478703,0.700617,0.481499,0.83976,0.577604,0.381767,0.624862,0.541164,0.657952,0.660403,0.68587,0.77458,0.642707,0.388261,0.733409,0.519172,0.801739,0.589486,0.862411,0.662142
record1_2.mp4,1a5008d3e2e358a67d1d067f0fe8dae92b9e9370533d9f326db45e22b61f82ab,640,480,12.02,625,52.0,115,9583,Left,0.443282,0.115529,0.312844,0.22031,0.220081,0.355029,0.155042,0.487402,0.099844,0.588861,0.369475,0.378615,0.311949,0.549264,0.274241,0.674513,0.23728,0.798882,0.483698,0.381247,0.477752,0.551747,0.473944,0.700748,0.469566,0.842924,0.573683,0.383988,0.626332,0.537425,0.661482,0.65716,0.688275,0.771241,0.637263,0.38905,0.72857,0.516166,0.799331,0.585478,0.860423,0.657782
record1_2.mp4,1a5008d3e2e358a67d1d067f0fe8dae92b9e9370533d9f326db45e22b61f82ab,640,480,12.02,625,52.0,116,9666,Left,0.441693,0.121182,0.310616,0.227042,0.216806,0.357217,0.150727,0.4813,0.095407,0.580501,0.364436,0.383953,0.301412,0.555503,0.264409,0.680507,0.230312,0.801617,0.480872,0.380211,0.47114,0.54874,0.463374,0.698599,0.456897,0.838217,0.573107,0.382152,0.622058,0.532455,0.654765,0.65109,0.678791,0.765043,0.639514,0.390484,0.732287,0.522122,0.8034,0.592036,0.861692,0.663412
record1_2.mp4,1a5008d3e2e358a67d1d067f0fe8dae92b9e9370533d9f326db45e22b61f82ab,640,480,12.02,625,52.0,117,9750,Left,0.439477,0.126311,0.309034,0.231151,0.214855,0.355122,0.149355,0.479303,0.097011,0.584243,0.360755,0.386912,0.300942,0.55692,0.265418,0.680591,0.23022,0.802714,0.476516,0.38424,0.4671,0.556041,0.461004,0.705455,0.456643,0.846854,0.569952,0.386635,0.622681,0.540782,0.658522,0.659751,0.685705,0.774335,0.637962,0.394486,0.732246,0.52548,0.801244,0.59125,0.860838,0.661427
record1_2.mp4,1a5008d3e2e358a67d1d067f0fe8dae92b9e9370533d9f326db45e22b61f82ab,640,480,12.02,625,52.0,118,9833,Left,0.443555,0.140087,0.311296,0.241196,0.217159,0.360856,0.161004,0.48684,0.133559,0.5917,0.357304,0.368816,0.300962,0.542032,0.266933,0.667065,0.236048,0.791853,0.474448,0.370183,0.461809,0.561022,0.453799,0.715119,0.446655,0.855136,0.570189,0.371493,0.625567,0.538983,0.664762,0.667364,0.695179,0.785282,0.644375,0.374569,0.730024,0.512071,0.794443,0.589194,0.848361,0.66677
record1_2.mp4,1a5008d3e2e358a67d1d067f0fe8dae92b9e9370533d9f326db45e22b61f82ab,640,480,12.02,625,52.0,119,9916,Left,0.440856,0.135363,0.309763,0.236218,0.218123,0.363452,0.14845,0.488865,0.088274,0.589784,0.359914,0.377221,0.304389,0.528477,0.267413,0.644051,0.230274,0.764625,0.478054,0.378965,0.462553,0.558447,0.4484,0.71217,0.43434,0.855,0.574556,0.380671,0.626003,0.54185,0.660268,0.666833,0.684109,0.783014,0.646409,0.383408,0.734988,0.518925,0.801391,0.591666,0.85811,0.666421
record1_2.mp4,1a5008d3e2e358a67d1d067f0fe8dae92b9e9370533d9f326db45e22b61f82ab,640,480,12.02,625,52.0,120,10000,Left,0.440665,0.120902,0.31315,0.222074,0.227863,0.348863,0.158029,0.484817,0.095278,0.590694,0.36219,0.350832,0.29911,0.532771,0.263645,0.665912,0.230214,0.798622,0.476236,0.355445,0.465727,0.543574,0.46251,0.699194,0.461915,0.847623,0.568228,0.366725,0.621836,0.538989,0.660408,0.666217,0.691673,0.780395,0.633127,0.380557,0.725078,0.51918,0.793225,0.585117,0.85649,0.653485
record1_2.mp4,1a5008d3e2e358a67d1d067f0fe8dae92b9e9370533d9f326db45e22b61f82ab,640,480,12.02,625,52.0,121,10083,Left,0.437765,0.120947,0.316522,0.219827,0.221947,0.342478,0.145793,0.46416,0.086168,0.553956,0.358611,0.355924,0.301718,0.538606,0.272763,0.672791,0.244525,0.800444,0.471766,0.358366,0.466086,0.544236,0.466273,0.69992,0.467884,0.841912,0.563113,0.362256,0.618509,0.52977,0.65485,0.657054,0.683405,0.770706,0.630362,0.371102,0.724139,0.509028,0.791317,0.579893,0.850938,0.654513
record1_2.mp4,1a5008d3e2e358a67d1d067f0fe8dae92b9e9370533d9f326db45e22b61f82ab,640,480,12.02,625,52.0,122,10166,Left,0.444436,0.129369,0.325129,0.228302,0.226732,0.343122,0.141974,0.456635,0.078031,0.541855,0.361088,0.347737,0.301657,0.51467,0.268323,0.644256,0.235828,0.770619,0.473138,0.354123,0.458957,0.543884,0.452767,0.700897,0.448588,0.846569,0.566005,0.359171,0.618464,0.529915,0.657415,0.658524,0.688168,0.772677,0.635547,0.365498,0.725139,0.503678,0.790297,0.576391,0.848568,0.650681
record1_2.mp4,1a5008d3e2e358a67d1d067f0fe8dae92b9e9370533d9f326db45e22b61f82ab,640,480,12.02,625,52.0,123,10250,Left,0.445991,0.122037,0.325038,0.22225,0.226406,0.343701,0.143351,0.461961,0.080337,0.549917,0.36169,0.346567,0.300622,0.499662,0.264913,0.617212,0.228899,0.735672,0.47518,0.350309,0.461219,0.535299,0.454621,0.691758,0.449312,0.836724,0.568172,0.3589,0.618516,0.530816,0.659716,0.659093,0.690866,0.770985,0.636992,0.370867,0.728014,0.515127,0.796613,0.590304,0.858319,0.665946
record1_2.mp4,1a5008d3e2e358a67d1d067f0fe8dae92b9e9370533d9f326db45e22b61f82ab,640,480,12.02,625,52.0,124,10333,Left,0.449271,0.110654,0.326386,0.214594,0.225721,0.342645,0.146436,0.459976,0.080187,0.541593,0.363622,0.340653,0.29577,0.52297,0.258656,0.657578,0.224894,0.785151,0.473685,0.343883,0.462839,0.535961,0.459476,0.696849,0.460621,0.84333,0.56503,0.352789,0.617435,0.529803,0.654267,0.664943,0.686179,0.784106,0.63334,0.367278,0.726236,0.512512,0.794025,0.58725,0.854154,0.659319
record1_2.mp4,1a5008d3e2e358a67d1d067f0fe8dae92b9e9370533d9f326db45e22b61f82ab,640,480,12.02,625,52.0,125,10416,Left,0.441628,0.126778,0.316472,0.230398,0.223061,0.356436,0.148617,0.465167,0.08419,0.544088,0.357,0.365227,0.305316,0.544387,0.275175,0.674644,0.246253,0.802941,0.471366,0.365554,0.468377,0.548376,0.468562,0.702866,0.469875,0.847871,0.564982,0.367981,0.61966,0.537464,0.657206,0.669432,0.685668,0.790077,0.632851,0.372546,0.728204,0.512555,0.794209,0.585017,0.851429,0.659104
record1_2.mp4,1a5008d3e2e358a67d1d067f0fe8dae92b9e9370533d9f326db45e22b61f82ab,640,480,12.02,625,52.0,126,10500,Left,0.442786,0.114105,0.316045,0.214036,0.220221,0.347622,0.149863,0.469618,0.085238,0.553435,0.356885,0.373173,0.30645,0.550264,0.277899,0.680327,0.249102,0.808228,0.472608,0.373172,0.48744,0.543314,0.500377,0.689091,0.51043,0.831102,0.566907,0.374655,0.617962,0.536338,0.650602,0.664101,0.678099,0.787702,0.635217,0.376011,0.727519,0.511405,0.79328,0.585032,0.851509,0.663059
record1_2.mp4,1a5008d3e2e358a67d1d067f0fe8dae92b9e9370533d9f326db45e22b61f82ab,640,480,12.02,625,52.0,127,10583,Left,0.442043,0.130999,0.31501,0.224102,0.221692,0.353428,0.152395,0.477978,0.087772,0.57206,0.36593,0.375501,0.309921,0.548757,0.277567,0.676805,0.245239,0.802022,0.48153,0.381923,0.490261,0.541652,0.500201,0.68368,0.50736,0.821059,0.573393,0.390583,0.618953,0.545949,0.642416,0.669081,0.661158,0.788646,0.636212,0.399365,0.73228,0.521619,0.797778,0.588037,0.854093,0.659754
record1_2.mp4,1a5008d3e2e358a67d1d067f0fe8dae92b9e9370533d9f326db45e22b61f82ab,640,480,12.02,625,52.0,128,10666,Left,0.443955,0.13237,0.316775,0.228227,0.221169,0.361096,0.149594,0.489801,0.08221,0.580064,0.361648,0.394207,0.303835,0.563819,0.270761,0.686177,0.239936,0.804864,0.477473,0.406346,0.481519,0.568856,0.492711,0.705042,0.505716,0.837344,0.571104,0.41269,0.616414,0.56708,0.648134,0.680257,0.676719,0.787322,0.636547,0.413295,0.737915,0.533344,0.810251,0.597025,0.871763,0.663998
record1_2.mp4,1a5008d3e2e358a67d1d067f0fe8dae92b9e9370533d9f326db45e22b61f82ab,640,480,12.02,625,52.0,129,10750,Left,0.444949,0.134382,0.315438,0.23761,0.218661,0.376048,0.147207,0.501427,0.074113,0.580144,0.353145,0.38361,0.301297,0.56311,0.273548,0.686997,0.24623,0.805259,0.471085,0.381044,0.483067,0.561136,0.493694,0.709171,0.504084,0.848175,0.566989,0.378691,0.616376,0.54243,0.647222,0.666737,0.673539,0.782574,0.633447,0.375653,0.726917,0.486993,0.794778,0.528455,0.854609,0.571162
record1_2.mp4,1a5008d3e2e358a67d1d067f0fe8dae92b9e9370533d9f326db45e22b61f82ab,640,480,12.02,625,52.0,130,10833,Left,0.436365,0.135398,0.317421,0.242477,0.224233,0.365259,0.153829,0.485906,0.080109,0.573007,0.355327,0.387833,0.306636,0.568696,0.27725,0.690078,0.248499,0.806767,0.472968,0.381081,0.488467,0.565113,0.495284,0.714129,0.502438,0.849737,0.564009,0.369493,0.625598,0.519279,0.660105,0.650582,0.685212,0.772112,0.624602,0.356867,0.73219,0.439551,0.805258,0.463852,0.866569,0.497193
record1_2.mp4,1a5008d3e2e358a67d1d067f0fe8dae92b9e9370533d9f326db45e22b61f82ab,640,480,12.02,625,52.0,131,10916,Left,0.437447,0.127089,0.31533,0.241822,0.220117,0.378599,0.150331,0.50236,0.076617,0.57441,0.352138,0.380402,0.300543,0.562795,0.27297,0.686285,0.245705,0.804945,0.466595,0.37183,0.483895,0.554597,0.494541,0.701134,0.503172,0.836503,0.555196,0.362799,0.619743,0.497461,0.658632,0.62212,0.686327,0.736805,0.616718,0.357174,0.722292,0.443223,0.794876,0.476749,0.854849,0.519046
record1_2.mp4,1a5008d3e2e358a67d1d067f0fe8dae92b9e9370533d9f326db45e22b61f82ab,640,480,12.02,625,52.0,132,11000,Left,0.438672,0.121062,0.319916,0.231677,0.221352,0.363812,0.152418,0.487502,0.080255,0.572989,0.356934,0.374917,0.302325,0.562722,0.274162,0.688086,0.245062,0.807576,0.46907,0.368005,0.488068,0.550993,0.495423,0.699843,0.498906,0.835655,0.554034,0.356252,0.611104,0.488734,0.639696,0.609899,0.659643,0.723449,0.612616,0.347757,0.715874,0.427333,0.78501,0.456338,0.842464,0.49492
record1_2.mp4,1a5008d3e2e358a67d1d067f0fe8dae92b9e9370533d9f326db45e22b61f82ab,640,480,12.02,625,52.0,133,11083,Left,0.438727,0.121119,0.320577,0.231335,0.221716,0.362725,0.152253,0.485132,0.080995,0.570572,0.358862,0.372976,0.304764,0.55965,0.275767,0.684854,0.246445,0.804598,0.470903,0.366489,0.488896,0.549447,0.49431,0.698571,0.497631,0.835952,0.555526,0.357661,0.611636,0.49446,0.640895,0.614335,0.662887,0.727682,0.613799,0.353562,0.711639,0.437387,0.775447,0.472063,0.828448,0.514469
record1_2.mp4,1a5008d3e2e358a67d1d067f0fe8dae92b9e9370533d9f326db45e22b61f82ab,640,480,12.02,625,52.0,134,11166,Left,0.441823,0.125153,0.323249,0.230771,0.223902,0.363069,0.15379,0.485234,0.079642,0.567498,0.355888,0.379717,0.306741,0.557802,0.277386,0.683078,0.244453,0.803006,0.472658,0.378535,0.489382,0.55719,0.493915,0.703309,0.491483,0.8411,0.560153,0.371509,0.609421,0.518621,0.633324,0.644321,0.645447,0.764051,0.619337,0.361581,0.690927,0.470005,0.724888,0.538407,0.749383,0.616862
record1_2.mp4,1a5008d3e2e358a67d1d067f0fe8dae92b9e9370533d9f326db45e22b61f82ab,640,480,12.02,625,52.0,135,11250,Left,0.450293,0.123098,0.322271,0.220187,0.226242,0.34872,0.157713,0.481328,0.081768,0.571338,0.369713,0.356092,0.311974,0.534726,0.277811,0.666462,0.24379,0.793843,0.491828,0.364083,0.519004,0.53924,0.528729,0.695892,0.532175,0.846679,0.581169,0.374864,0.635261,0.528075,0.651062,0.666981,0.65848,0.80666,0.637676,0.387646,0.720035,0.505568,0.778856,0.584607,0.824547,0.67822
record1_2.mp4,1a5008d3e2e358a67d1d067f0fe8dae92b9e9370533d9f326db45e22b61f82ab,640,480,12.02,625,52.0,136,11333,Left,0.437628,0.119777,0.309849,0.220437,0.220716,0.358426,0.153396,0.487398,0.078081,0.571296,0.368938,0.358668,0.31802,0.542381,0.281056,0.671759,0.24448,0.793007,0.488224,0.365607,0.519999,0.509625,0.537331,0.640874,0.547542,0.766445,0.577754,0.375647,0.634474,0.524245,0.65505,0.654786,0.669645,0.781494,0.63149,0.386352,0.722159,0.508177,0.783892,0.582784,0.831379,0.66348
record1_2.mp4,1a5008d3e2e358a67d1d067f0fe8dae92b9e9370533d9f326db45e22b61f82ab,640,480,12.02,625,52.0,137,11416,Left,0.442295,0.13937,0.319177,0.240608,0.227881,0.369389,0.154482,0.49324,0.080612,0.576285,0.372391,0.407393,0.310525,0.576639,0.277567,0.697614,0.247135,0.810548,0.495113,0.418311,0.519631,0.594028,0.547158,0.752178,0.569292,0.896896,0.590483,0.42117,0.640527,0.59068,0.670532,0.724027,0.694849,0.845367,0.650321,0.415805,0.739245,0.534704,0.800367,0.607611,0.849185,0.681776
record1_2.mp4,1a5008d3e2e358a67d1d067f0fe8dae92b9e9370533d9f326db45e22b61f82ab,640,480,12.02,625,52.0,138,11500,Left,0.443209,0.138341,0.315955,0.23372,0.222707,0.360674,0.147662,0.484868,0.077285,0.570265,0.369344,0.374453,0.311618,0.531637,0.275856,0.651189,0.249585,0.772008,0.486208,0.380425,0.501844,0.508857,0.527039,0.614302,0.553514,0.718539,0.578563,0.389498,0.629456,0.537632,0.664051,0.658081,0.697186,0.779078,0.638886,0.400857,0.724011,0.520927,0.783274,0.593453,0.830305,0.669351
record1_2.mp4,1a5008d3e2e358a67d1d067f0fe8dae92b9e9370533d9f326db45e22b61f82ab,640,480,12.02,625,52.0,139,11583,Left,0.444262,0.112605,0.315354,0.208169,0.221307,0.347498,0.148728,0.481175,0.078743,0.566174,0.363247,0.326891,0.316147,0.473846,0.27999,0.580438,0.249634,0.694266,0.481614,0.332551,0.495605,0.48627,0.503371,0.593646,0.507614,0.696864,0.578012,0.344746,0.626622,0.506753,0.652968,0.641534,0.673401,0.769731,0.64229,0.360525,0.721846,0.50688,0.783785,0.594048,0.832954,0.675418
record1_2.mp4,1a5008d3e2e358a67d1d067f0fe8dae92b9e9370533d9f326db45e22b61f82ab,640,480,12.02,625,52.0,140,11666,Left,0.442821,0.125704,0.316098,0.226668,0.224541,0.361062,0.155028,0.490555,0.082129,0.575669,0.361725,0.352795,0.316644,0.496281,0.286651,0.613402,0.254457,0.737119,0.482019,0.358129,0.520499,0.538189,0.547163,0.697238,0.562923,0.8528,0.577094,0.365614,0.633628,0.526236,0.656565,0.66438,0.670764,0.794806,0.638853,0.370179,0.728576,0.504909,0.791939,0.590494,0.842622,0.67894
record1_2.mp4,1a5008d3e2e358a67d1d067f0fe8dae92b9e9370533d9f326db45e22b61f82ab,640,480,12.02,625,52.0,141,11750,Left,0.449611,0.128685,0.317726,0.2165,0.22315,0.349338,0.153179,0.486317,0.08267,0.584592,0.376172,0.310383,0.319484,0.464136,0.282903,0.589759,0.245327,0.71529,0.495786,0.32925,0.507245,0.5062,0.506993,0.660352,0.499796,0.806973,0.587513,0.353344,0.637511,0.515615,0.658875,0.657071,0.669432,0.786844,0.643885,0.375813,0.727232,0.499941,0.787243,0.585457,0.834518,0.672605
record1_2.mp4,1a5008d3e2e358a67d1d067f0fe8dae92b9e9370533d9f326db45e22b61f82ab,640,480,12.02,625,52.0,142,11833,Left,0.443333,0.108988,0.312165,0.205192,0.220424,0.341261,0.150623,0.482124,0.084751,0.588258,0.369101,0.341487,0.311657,0.488278,0.2761,0.605131,0.245481,0.723148,0.487803,0.355517,0.494883,0.529153,0.503984,0.681488,0.508836,0.822931,0.578339,0.366048,0.625348,0.526307,0.647707,0.662418,0.661918,0.789986,0.633484,0.369694,0.718592,0.495135,0.778416,0.579817,0.826828,0.666996
record1_2.mp4,1a5008d3e2e358a67d1d067f0fe8dae92b9e9370533d9f326db45e22b61f82ab,640,480,12.02,625,52.0,143,11916,Left,0.445153,0.117056,0.316463,0.20168,0.217153,0.348307,0.148962,0.492815,0.07892,0.587136,0.370743,0.306891,0.323721,0.434232,0.290555,0.537739,0.260758,0.645401,0.488323,0.323923,0.492221,0.506779,0.49346,0.661703,0.494993,0.813422,0.579795,0.343327,0.625235,0.507486,0.649177,0.642099,0.667719,0.766304,0.639266,0.359733,0.721553,0.496662,0.784079,0.580032,0.835039,0.663586
record1_2.mp4,1a5008d3e2e358a67d1d067f0fe8dae92b9e9370533d9f326db45e22b61f82ab,640,480,12.02,625,52.0,144,12000,Left,0.443544,0.118,0.306684,0.208139,0.20956,0.351712,0.146651,0.488253,0.083184,0.584984,0.36401,0.310204,0.320731,0.424545,0.289138,0.519175,0.260003,0.623282,0.48379,0.323987,0.489343,0.506296,0.493283,0.661894,0.494764,0.815644,0.57721,0.342589,0.623531,0.509543,0.645158,0.649938,0.660058,0.782331,0.639613,0.358567,0.723705,0.493899,0.782547,0.58153,0.828744,0.670348
record1_2.mp4,1a5008d3e2e358a67d1d067f0fe8dae92b9e9370533d9f326db45e22b61f82ab,640,480,12.02,625,52.0,145,12083,Left,0.449226,0.153273,0.32481,0.239256,0.226542,0.362722,0.150896,0.481807,0.084675,0.571984,0.372837,0.349499,0.311816,0.528773,0.278471,0.66911,0.248286,0.802208,0.488349,0.353584,0.495046,0.530123,0.498639,0.687245,0.501585,0.83544,0.579075,0.363666,0.627088,0.519864,0.649378,0.652683,0.665765,0.775901,0.642619,0.376654,0.72778,0.499777,0.786516,0.581255,0.835002,0.666281
record1_2.mp4,1a5008d3e2e358a67d1d067f0fe8dae92b9e9370533d9f326db45e22b61f82ab,640,480,12.02,625,52.0,146,12166,Left,0.443224,0.13509,0.31725,0.229729,0.226628,0.347662,0.151435,0.468531,0.08144,0.569361,0.363977,0.358511,0.310067,0.543202,0.281556,0.681409,0.253838,0.81148,0.484623,0.362852,0.49502,0.54092,0.497507,0.694255,0.498016,0.835905,0.576624,0.3742,0.629044,0.529886,0.650714,0.664007,0.663131,0.783853,0.638828,0.38864,0.725874,0.510276,0.783819,0.591107,0.832282,0.677593
record1_2.mp4,1a5008d3e2e358a67d1d067f0fe8dae92b9e9370533d9f326db45e22b61f82ab,640,480,12.02,625,52.0,147,12250,Left,0.445389,0.134411,0.320753,0.223101,0.227053,0.331664,0.150649,0.428846,0.086301,0.507387,0.364982,0.359271,0.310847,0.539512,0.281223,0.675906,0.252225,0.805395,0.483757,0.364941,0.493388,0.545688,0.496024,0.699939,0.496483,0.842469,0.576223,0.371047,0.625907,0.52845,0.649822,0.662106,0.665991,0.782137,0.641448,0.375626,0.726342,0.506144,0.784495,0.590773,0.834292,0.676776
record1_2.mp4,1a5008d3e2e358a67d1d067f0fe8dae92b9e9370533d9f326db45e22b61f82ab,640,480,12.02,625,52.0,148,12333,Left,0.446035,0.123786,0.323434,0.207574,0.232416,0.310776,0.15157,0.395559,0.079983,0.458827,0.368379,0.353451,0.312159,0.54138,0.280849,0.678999,0.249789,0.808497,0.488683,0.362734,0.496243,0.544133,0.498452,0.698663,0.498206,0.840264,0.580197,0.371287,0.629033,0.532013,0.650369,0.666186,0.663574,0.787512,0.642171,0.377344,0.72805,0.506865,0.785698,0.590832,0.83493,0.678843
record1_2.mp4,1a5008d3e2e358a67d1d067f0fe8dae92b9e9370533d9f326db45e22b61f82ab,640,480,12.02,625,52.0,149,12416,Left,0.44567,0.120123,0.321321,0.211429,0.230299,0.318394,0.151807,0.415559,0.089161,0.496649,0.372688,0.345244,0.312456,0.537506,0.279523,0.678443,0.247983,0.807034,0.491641,0.354541,0.498188,0.538728,0.497769,0.699581,0.496957,0.844112,0.58083,0.368386,0.632422,0.524846,0.6537,0.66251,0.666612,0.785333,0.640754,0.383374,0.729585,0.509155,0.786859,0.592369,0.83437,0.680254
record1_2.mp4,1a5008d3e2e358a67d1d067f0fe8dae92b9e9370533d9f326db45e22b61f82ab,640,480,12.02,625,52.0,150,12500,Left,0.445464,0.121748,0.31928,0.217161,0.229998,0.346874,0.15729,0.48121,0.08662,0.581683,0.369069,0.360523,0.309371,0.547537,0.279887,0.68333,0.252981,0.807201,0.488647,0.371479,0.49336,0.547885,0.49809,0.70249,0.50223,0.841877,0.580561,0.378206,0.629003,0.532573,0.649527,0.664097,0.664471,0.78318,0.642458,0.38317,0.726419,0.503612,0.781132,0.583835,0.82817,0.669956
record1_2.mp4,1a5008d3e2e358a67d1d067f0fe8dae92b9e9370533d9f326db45e22b61f82ab,640,480,12.02,625,52.0,151,12583,Left,0.444761,0.138845,0.319633,0.228595,0.228932,0.357403,0.156303,0.487204,0.087078,0.581359,0.37069,0.37435,0.314614,0.55059,0.28225,0.683086,0.250896,0.807833,0.490147,0.383862,0.496083,0.555736,0.500466,0.704363,0.501699,0.840072,0.582825,0.388962,0.63069,0.542771,0.652291,0.672233,0.666322,0.789818,0.645139,0.389762,0.733459,0.510603,0.790709,0.590028,0.838141,0.675186
record1_2.mp4,1a5008d3e2e358a67d1d067f0fe8dae92b9e9370533d9f326db45e22b61f82ab,640,480,12.02,625,52.0,152,12666,Left,0.445958,0.126191,0.319843,0.222064,0.22752,0.35467,0.155358,0.485846,0.091182,0.582092,0.375187,0.355177,0.318687,0.541096,0.28556,0.674237,0.253695,0.800843,0.493026,0.364228,0.506075,0.540464,0.51093,0.691994,0.512328,0.834395,0.582919,0.374948,0.633365,0.523425,0.651293,0.653285,0.663184,0.775969,0.642055,0.385209,0.730155,0.505362,0.787683,0.581316,0.834154,0.66251
record1_2.mp4,1a5008d3e2e358a67d1d067f0fe8dae92b9e9370533d9f326db45e22b61f82ab,640,480,12.02,625,52.0,153,12750,Left,0.442998,0.121835,0.314894,0.220612,0.225134,0.363753,0.155943,0.49512,0.090184,0.581617,0.376423,0.365799,0.322989,0.545769,0.28876,0.66926,0.254977,0.790717,0.490267,0.366767,0.510539,0.534885,0.522109,0.677032,0.529233,0.819139,0.576599,0.372905,0.631633,0.529359,0.661643,0.660212,0.685626,0.789678,0.631994,0.380578,0.719536,0.495201,0.783219,0.5535,0.838914,0.622589
record1_2.mp4,1a5008d3e2e358a67d1d067f0fe8dae92b9e9370533d9f326db45e22b61f82ab,640,480,12.02,625,52.0,154,12833,Left,0.438326,0.119816,0.32015,0.218619,0.22978,0.363813,0.15729,0.496755,0.08836,0.580614,0.379541,0.360385,0.323525,0.546541,0.286508,0.669623,0.251544,0.791032,0.493126,0.352804,0.515755,0.511738,0.529973,0.646105,0.542118,0.777277,0.576848,0.357414,0.636212,0.509741,0.673379,0.643569,0.700622,0.773959,0.628547,0.367101,0.722047,0.469341,0.792223,0.516096,0.849213,0.573313
record1_2.mp4,1a5008d3e2e358a67d1d067f0fe8dae92b9e9370533d9f326db45e22b61f82ab,640,480,12.02,625,52.0,155,12916,Left,0.433033,0.110395,0.316728,0.220527,0.230756,0.363808,0.160463,0.496209,0.092064,0.582478,0.381756,0.364013,0.32599,0.544931,0.290999,0.668549,0.258269,0.787189,0.495075,0.352079,0.521833,0.515866,0.541075,0.650482,0.559162,0.781353,0.578381,0.351913,0.640608,0.502778,0.683434,0.63389,0.717835,0.761258,0.62859,0.359215,0.734986,0.447767,0.815556,0.483404,0.88284,0.534036
record1_2.mp4,1a5008d3e2e358a67d1d067f0fe8dae92b9e9370533d9f326db45e22b61f82ab,640,480,12.02,625,52.0,156,13000,Left,0.432048,0.132617,0.311649,0.240973,0.228415,0.362441,0.16057,0.489965,0.09647,0.589965,0.378921,0.413253,0.317217,0.574361,0.285533,0.694269,0.258722,0.805934,0.496904,0.412454,0.528768,0.592564,0.55555,0.730584,0.580593,0.857296,0.580852,0.397401,0.649572,0.56069,0.700472,0.694363,0.741556,0.823429,0.626539,0.375594,0.735968,0.443495,0.813373,0.480305,0.878339,0.531375
record1_2.mp4,1a5008d3e2e358a67d1d067f0fe8dae92b9e9370533d9f326db45e22b61f82ab,640,480,12.02,625,52.0,157,13083,Left,0.434842,0.134803,0.306565,0.24131,0.222114,0.361219,0.153659,0.48062,0.093549,0.585593,0.387548,0.414158,0.334374,0.568771,0.293901,0.684873,0.253858,0.80086,0.502971,0.410786,0.543378,0.598529,0.567654,0.749449,0.589441,0.890146,0.587964,0.396835,0.659732,0.574898,0.70499,0.711222,0.741369,0.844655,0.634436,0.375757,0.739591,0.460212,0.813249,0.493668,0.878642,0.537102
record1_2.mp4,1a5008d3e2e358a67d1d067f0fe8dae92b9e9370533d9f326db45e22b61f82ab,640,480,12.02,625,52.0,158,13166,Left,0.431693,0.154339,0.305833,0.253271,0.216798,0.372797,0.147979,0.486895,0.084793,0.56833,0.375493,0.430329,0.323037,0.576574,0.28559,0.689917,0.253194,0.804549,0.492147,0.428212,0.54179,0.591679,0.579184,0.715792,0.611906,0.832905,0.578978,0.412493,0.659621,0.580724,0.723926,0.707824,0.778725,0.833937,0.628223,0.387783,0.737692,0.479426,0.814708,0.525084,0.882198,0.576946
record1_2.mp4,1a5008d3e2e358a67d1d067f0fe8dae92b9e9370533d9f326db45e22b61f82ab,640,480,12.02,625,52.0,159,13250,Left,0.452359,0.14699,0.309746,0.237309,0.202344,0.365723,0.135229,0.485234,0.088573,0.576876,0.364255,0.4,0.331363,0.534882,0.308358,0.627724,0.295619,0.729407,0.482762,0.386095,0.514753,0.535547,0.54287,0.648496,0.564793,0.750767,0.575197,0.383028,0.632202,0.546179,0.673382,0.690024,0.700738,0.820156,0.641033,0.382664,0.725372,0.520407,0.781743,0.612286,0.819587,0.696963
record1_2.mp4,1a5008d3e2e358a67d1d067f0fe8dae92b9e9370533d9f326db45e22b61f82ab,640,480,12.02,625,52.0,160,13333,Left,0.451034,0.148691,0.320807,0.24475,0.226452,0.360945,0.15213,0.482351,0.092036,0.567544,0.373885,0.379225,0.321318,0.554928,0.285318,0.677862,0.25442,0.802617,0.491976,0.38216,0.542797,0.560804,0.586816,0.67397,0.621806,0.782794,0.581722,0.392683,0.662695,0.569969,0.729007,0.704146,0.78227,0.830359,0.637437,0.403415,0.730051,0.539908,0.793069,0.616738,0.842878,0.696356
record1_2.mp4,1a5008d3e2e358a67d1d067f0fe8dae92b9e9370533d9f326db45e22b61f82ab,640,480,12.02,625,52.0,161,13416,Left,0.460289,0.158816,0.32876,0.238199,0.228028,0.344816,0.154214,0.466425,0.096294,0.55639,0.371168,0.363222,0.316525,0.510265,0.280196,0.615645,0.255225,0.721787,0.493442,0.372333,0.517514,0.523946,0.540914,0.62415,0.561426,0.707218,0.588742,0.391305,0.657188,0.558353,0.717765,0.692096,0.768897,0.811409,0.649193,0.413402,0.731869,0.555716,0.792667,0.642899,0.841593,0.726495
record1_2.mp4,1a5008d3e2e358a67d1d067f0fe8dae92b9e9370533d9f326db45e22b61f82ab,640,480,12.02,625,52.0,162,13500,Right,0.450098,0.150021,0.456708,0.308825,0.440493,0.480119,0.400737,0.612985,0.361702,0.699353,0.500041,0.420957,0.50554,0.544258,0.518819,0.6065,0.532621,0.684007,0.477366,0.353692,0.486779,0.500027,0.497146,0.616414,0.497291,0.720751,0.437666,0.317393,0.408281,0.47387,0.380467,0.603224,0.356214,0.723372,0.397205,0.298202,0.345255,0.433883,0.321384,0.520819,0.30079,0.610438
record1_2.mp4,1a5008d3e2e358a67d1d067f0fe8dae92b9e9370533d9f326db45e22b61f82ab,640,480,12.02,625,52.0,163,13583,Left,0.437423,0.163226,0.337175,0.238696,0.253532,0.355721,0.184418,0.465621,0.118108,0.545237,0.31457,0.304308,0.263496,0.425724,0.245708,0.494194,0.231977,0.566868,0.415497,0.295013,0.37055,0.400376,0.349963,0.497384,0.324774,0.57213,0.506386,0.302111,0.477748,0.425152,0.459558,0.561067,0.439654,0.665082,0.580584,0.321917,0.596639,0.448408,0.60338,0.550446,0.600276,0.63353
record1_2.mp4,1a5008d3e2e358a67d1d067f0fe8dae92b9e9370533d9f326db45e22b61f82ab,640,480,12.02,625,52.0,164,13666,Left,0.428052,0.123985,0.324256,0.224494,0.229331,0.361477,0.156431,0.470167,0.090743,0.541714,0.3001,0.292097,0.233646,0.39603,0.197331,0.476591,0.16079,0.558961,0.385639,0.286274,0.340085,0.387883,0.313852,0.496518,0.293145,0.595459,0.477055,0.28401,0.490976,0.399726,0.513371,0.472862,0.537116,0.523859,0.565749,0.284037,0.61429,0.411361,0.65085,0.488941,0.684959,0.549051
record1_2.mp4,1a5008d3e2e358a67d1d067f0fe8dae92b9e9370533d9f326db45e22b61f82ab,640,480,12.02,625,52.0,165,13750,Left,0.461125,0.146019,0.344478,0.22544,0.229635,0.351872,0.154301,0.480136,0.093389,0.553953,0.364833,0.307066,0.333679,0.392007,0.317832,0.469987,0.293333,0.55926,0.48473,0.313987,0.545052,0.497139,0.57751,0.642775,0.59894,0.770867,0.566595,0.324536,0.636162,0.509662,0.674385,0.664908,0.707393,0.79284,0.609143,0.327128,0.676163,0.480088,0.723911,0.587488,0.767012,0.685002
record1_2.mp4,1a5008d3e2e358a67d1d067f0fe8dae92b9e9370533d9f326db45e22b61f82ab,640,480,12.02,625,52.0,166,13833,Left,0.445386,0.125535,0.316258,0.20587,0.220849,0.340068,0.153519,0.474606,0.090726,0.577355,0.373724,0.27092,0.339094,0.352976,0.324015,0.425126,0.30479,0.506652,0.488646,0.297346,0.517274,0.498772,0.52453,0.675027,0.521668,0.832326,0.574539,0.326247,0.632624,0.512536,0.649537,0.662556,0.657416,0.799567,0.62048,0.351209,0.705087,0.497361,0.764544,0.592875,0.812245,0.684878
record1_2.mp4,1a5008d3e2e358a67d1d067f0fe8dae92b9e9370533d9f326db45e22b61f82ab,640,480,12.02,625,52.0,167,13916,Left,0.438881,0.107908,0.309189,0.212146,0.219931,0.358542,0.156089,0.480764,0.08852,0.582032,0.363985,0.324697,0.343197,0.425073,0.322007,0.449287,0.30023,0.466074,0.477525,0.319613,0.495996,0.513694,0.499847,0.677202,0.498439,0.829315,0.565642,0.324192,0.624418,0.516401,0.64434,0.667157,0.656232,0.802431,0.624727,0.3339,0.706802,0.483422,0.761547,0.586428,0.810808,0.684538
record1_2.mp4,1a5008d3e2e358a67d1d067f0fe8dae92b9e9370533d9f326db45e22b61f82ab,640,480,12.02,625,52.0,168,14000,Left,0.441777,0.120197,0.305364,0.210282,0.215325,0.353374,0.154967,0.484934,0.091558,0.596241,0.364843,0.317629,0.334826,0.41698,0.322411,0.455567,0.311847,0.4847,0.483692,0.327276,0.500937,0.510534,0.510663,0.669047,0.514503,0.819877,0.573419,0.343041,0.620496,0.511009,0.639954,0.654997,0.652129,0.787211,0.63087,0.358455,0.709877,0.490683,0.761849,0.583822,0.810101,0.678636
record1_2.mp4,1a5008d3e2e358a67d1d067f0fe8dae92b9e9370533d9f326db45e22b61f82ab,640,480,12.02,625,52.0,169,14083,Left,0.448729,0.130397,0.312321,0.206023,0.215346,0.350642,0.153163,0.488643,0.082368,0.586516,0.381926,0.287476,0.343281,0.382947,0.314783,0.468737,0.287832,0.563122,0.496089,0.305416,0.508236,0.488281,0.513281,0.651755,0.514564,0.812584,0.582229,0.330376,0.627009,0.499164,0.641811,0.646201,0.650428,0.782242,0.636042,0.355789,0.715028,0.491626,0.770024,0.584942,0.815062,0.676319
record1_2.mp4,1a5008d3e2e358a67d1d067f0fe8dae92b9e9370533d9f326db45e22b61f82ab,640,480,12.02,625,52.0,170,14166,Left,0.442751,0.104108,0.307381,0.197905,0.218714,0.343431,0.171586,0.486911,0.122961,0.597179,0.371716,0.303775,0.322634,0.441145,0.288941,0.55556,0.259406,0.675124,0.492817,0.323212,0.506804,0.507898,0.514096,0.665887,0.517267,0.818288,0.585162,0.343671,0.632021,0.502761,0.650606,0.640409,0.662655,0.767815,0.64428,0.367466,0.718946,0.504822,0.773933,0.598543,0.81558,0.691826
record1_2.mp4,1a5008d3e2e358a67d1d067f0fe8dae92b9e9370533d9f326db45e22b61f82ab,640,480,12.02,625,52.0,171,14250,Left,0.44064,0.110235,0.313076,0.21035,0.223664,0.351346,0.158077,0.485225,0.093513,0.586652,0.365404,0.3323,0.31433,0.538537,0.283866,0.681542,0.257853,0.805631,0.486385,0.335705,0.508103,0.531974,0.516205,0.692332,0.5229,0.832687,0.576808,0.346589,0.630908,0.508266,0.648181,0.652418,0.66081,0.781852,0.636869,0.362961,0.718223,0.498936,0.772195,0.587881,0.812587,0.67701
record1_2.mp4,1a5008d3e2e358a67d1d067f0fe8dae92b9e9370533d9f326db45e22b61f82ab,640,480,12.02,625,52.0,172,14333,Left,0.444103,0.111741,0.31303,0.213234,0.221552,0.351503,0.154399,0.484539,0.09279,0.584958,0.37354,0.336447,0.321507,0.528245,0.288647,0.670704,0.259758,0.80428,0.493363,0.337987,0.512337,0.530243,0.517407,0.694799,0.52107,0.845381,0.58281,0.349568,0.634294,0.511851,0.652077,0.65522,0.663554,0.790429,0.643022,0.367788,0.721681,0.499716,0.773567,0.584674,0.812833,0.67432
record1_2.mp4,1a5008d3e2e358a67d1d067f0fe8dae92b9e9370533d9f326db45e22b61f82ab,640,480,12.02,625,52.0,173,14416,Left,0.446081,0.122451,0.315779,0.223932,0.224431,0.35592,0.157782,0.487756,0.094063,0.587265,0.376047,0.345128,0.322433,0.533398,0.288611,0.67448,0.257679,0.803859,0.49784,0.353209,0.518892,0.541537,0.523858,0.699073,0.525847,0.841438,0.586911,0.366537,0.639211,0.521348,0.65421,0.660417,0.662426,0.787244,0.642894,0.381112,0.723654,0.507226,0.775988,0.591562,0.816817,0.679734
record1_2.mp4,1a5008d3e2e358a67d1d067f0fe8dae92b9e9370533d9f326db45e22b61f82ab,640,480,12.02,625,52.0,174,14500,Left,0.444841,0.106772,0.311222,0.215561,0.221887,0.353153,0.152887,0.484924,0.08892,0.587613,0.369981,0.345143,0.320935,0.535979,0.28995,0.673771,0.260574,0.801371,0.492962,0.346935,0.517597,0.538887,0.523683,0.699532,0.525788,0.844314,0.583954,0.357375,0.638318,0.516407,0.655328,0.659781,0.664622,0.789653,0.642082,0.370941,0.722517,0.506001,0.774132,0.593284,0.813635,0.682604
record1_2.mp4,1a5008d3e2e358a67d1d067f0fe8dae92b9e9370533d9f326db45e22b61f82ab,640,480,12.02,625,52.0,175,14583,Left,0.448818,0.103637,0.321187,0.206421,0.233466,0.338186,0.15838,0.462266,0.095961,0.567671,0.384733,0.339475,0.32444,0.525772,0.287311,0.668691,0.253929,0.80543,0.502263,0.346415,0.516754,0.534401,0.519674,0.697064,0.522296,0.847238,0.590194,0.358317,0.638997,0.518863,0.65582,0.661088,0.666313,0.795481,0.647675,0.369124,0.723814,0.501686,0.773989,0.589265,0.812249,0.678042
record1_2.mp4,1a5008d3e2e358a67d1d067f0fe8dae92b9e9370533d9f326db45e22b61f82ab,640,480,12.02,625,52.0,176,14666,Left,0.446403,0.122938,0.320737,0.2202,0.228264,0.340953,0.153591,0.45621,0.086226,0.543825,0.376054,0.35433,0.321106,0.535757,0.288675,0.677137,0.258731,0.805183,0.497397,0.363928,0.518077,0.546783,0.521866,0.701275,0.52238,0.836551,0.589293,0.373608,0.642475,0.52923,0.654306,0.665093,0.658918,0.78881,0.648716,0.381512,0.726478,0.503859,0.775687,0.59052,0.813014,0.681382
record1_2.mp4,1a5008d3e2e358a67d1d067f0fe8dae92b9e9370533d9f326db45e22b61f82ab,640,480,12.02,625,52.0,177,14750,Left,0.441018,0.115189,0.309845,0.222463,0.219305,0.354629,0.145113,0.481636,0.079669,0.582954,0.373624,0.346504,0.323581,0.526293,0.290696,0.66413,0.258697,0.795798,0.494403,0.349202,0.520485,0.535082,0.527167,0.695319,0.530256,0.846416,0.584637,0.35796,0.637383,0.515728,0.655159,0.657569,0.664907,0.791803,0.642272,0.367647,0.72054,0.499011,0.771644,0.582356,0.810298,0.669679
record1_2.mp4,1a5008d3e2e358a67d1d067f0fe8dae92b9e9370533d9f326db45e22b61f82ab,640,480,12.02,625,52.0,178,14833,Left,0.438288,0.132797,0.3171,0.234412,0.225577,0.366781,0.145056,0.489068,0.075076,0.57513,0.379553,0.3713,0.327296,0.545965,0.295915,0.672561,0.266472,0.801671,0.497128,0.362438,0.526335,0.523148,0.548306,0.668924,0.568427,0.814381,0.583554,0.364395,0.64495,0.510186,0.681278,0.642975,0.707899,0.775012,0.634201,0.369883,0.7296,0.461036,0.799606,0.504071,0.856918,0.562475
record1_2.mp4,1a5008d3e2e358a67d1d067f0fe8dae92b9e9370533d9f326db45e22b61f82ab,640,480,12.02,625,52.0,179,14916,Left,0.43534,0.130643,0.311618,0.236417,0.222547,0.370708,0.139517,0.497115,0.068219,0.58401,0.375696,0.373786,0.32591,0.547738,0.293617,0.670159,0.26269,0.798116,0.494699,0.363657,0.524612,0.523422,0.546098,0.664989,0.563128,0.808016,0.583145,0.365358,0.643603,0.507315,0.683611,0.641713,0.711577,0.773663,0.635881,0.373711,0.732113,0.463195,0.80176,0.505427,0.860287,0.562594
record1_2.mp4,1a5008d3e2e358a67d1d067f0fe8dae92b9e9370533d9f326db45e22b61f82ab,640,480,12.02,625,52.0,180,15000,Left,0.441361,0.13928,0.311314,0.242829,0.215819,0.366634,0.136538,0.484189,0.079547,0.580823,0.375354,0.388595,0.326337,0.548157,0.294898,0.662589,0.26696,0.793038,0.496785,0.377528,0.520209,0.529326,0.541127,0.665069,0.560516,0.807904,0.589314,0.375794,0.645633,0.514009,0.687483,0.643402,0.716152,0.772654,0.649043,0.376754,0.740097,0.470385,0.809735,0.517533,0.867801,0.57675
record1_2.mp4,1a5008d3e2e358a67d1d067f0fe8dae92b9e9370533d9f326db45e22b61f82ab,640,480,12.02,625,52.0,181,15083,Right,0.438138,0.134282,0.298754,0.231263,0.195205,0.360046,0.121261,0.48289,0.077455,0.59488,0.360548,0.396993,0.309933,0.555486,0.282983,0.661737,0.260056,0.787501,0.485298,0.385737,0.508197,0.549541,0.530159,0.682014,0.549957,0.824817,0.583408,0.382364,0.64073,0.538502,0.685402,0.674745,0.715379,0.809435,0.646784,0.37963,0.743888,0.489229,0.811823,0.54403,0.869635,0.606572
record1_2.mp4,1a5008d3e2e358a67d1d067f0fe8dae92b9e9370533d9f326db45e22b61f82ab,640,480,12.02,625,52.0,182,15166,Left,0.435374,0.124841,0.306857,0.224824,0.217218,0.344708,0.148209,0.461699,0.095084,0.562265,0.382893,0.40053,0.330805,0.567079,0.294461,0.688519,0.262279,0.821329,0.50513,0.402706,0.538917,0.57339,0.562995,0.708622,0.586708,0.851041,0.592377,0.402822,0.660912,0.549944,0.708574,0.673776,0.745061,0.806148,0.643714,0.396747,0.745656,0.485301,0.816916,0.533106,0.876277,0.600806
record1_2.mp4,1a5008d3e2e358a67d1d067f0fe8dae92b9e9370533d9f326db45e22b61f82ab,640,480,12.02,625,52.0,183,15250,Left,0.449456,0.130727,0.310623,0.231571,0.213319,0.35799,0.15209,0.475886,0.096249,0.580931,0.376707,0.388081,0.332099,0.537547,0.297128,0.649653,0.267856,0.773498,0.501684,0.391881,0.525897,0.54191,0.538997,0.684107,0.545812,0.824528,0.594687,0.399738,0.644184,0.547616,0.657516,0.680894,0.661412,0.810649,0.652247,0.407715,0.740953,0.513065,0.80377,0.583513,0.849544,0.660425
record1_2.mp4,1a5008d3e2e358a67d1d067f0fe8dae92b9e9370533d9f326db45e22b61f82ab,640,480,12.02,625,52.0,184,15333,Left,0.441942,0.129899,0.311734,0.221647,0.221319,0.342776,0.15512,0.476229,0.094742,0.586826,0.378663,0.360693,0.321808,0.542707,0.289913,0.677156,0.257338,0.800371,0.499558,0.371697,0.524268,0.544248,0.535882,0.690659,0.540477,0.830605,0.588248,0.384407,0.63698,0.539048,0.65245,0.667851,0.660025,0.788825,0.64049,0.393755,0.731351,0.507876,0.788973,0.588238,0.832272,0.674567
record1_2.mp4,1a5008d3e2e358a67d1d067f0fe8dae92b9e9370533d9f326db45e22b61f82ab,640,480,12.02,625,52.0,185,15416,Left,0.44624,0.135441,0.30511,0.21926,0.211072,0.344053,0.145207,0.482533,0.08979,0.601854,0.3723,0.342269,0.317369,0.490253,0.281683,0.6174,0.249075,0.743466,0.495071,0.35493,0.513502,0.516454,0.523654,0.663052,0.527068,0.804216,0.588558,0.372822,0.634815,0.530111,0.648727,0.665842,0.654495,0.793729,0.645639,0.390131,0.732096,0.5101,0.791746,0.593236,0.836698,0.680512
record1_2.mp4,1a5008d3e2e358a67d1d067f0fe8dae92b9e9370533d9f326db45e22b61f82ab,640,480,12.02,625,52.0,186,15500,Left,0.448845,0.12797,0.31449,0.212039,0.221843,0.336583,0.152898,0.475272,0.099468,0.594998,0.3805,0.325457,0.315719,0.473749,0.27582,0.599048,0.240706,0.721406,0.50032,0.348157,0.510923,0.524704,0.514242,0.683084,0.509948,0.831051,0.588946,0.368093,0.633789,0.52231,0.645528,0.660485,0.646378,0.789427,0.641929,0.381541,0.73017,0.500069,0.788193,0.589879,0.828803,0.680135
record1_2.mp4,1a5008d3e2e358a67d1d067f0fe8dae92b9e9370533d9f326db45e22b61f82ab,640,480,12.02,625,52.0,187,15583,Left,0.447835,0.12422,0.313701,0.212842,0.220597,0.337204,0.151708,0.476399,0.096228,0.596001,0.374532,0.337966,0.318917,0.490549,0.283302,0.615129,0.252115,0.73727,0.496105,0.353318,0.498144,0.534351,0.500381,0.692012,0.498015,0.836495,0.587766,0.368307,0.626067,0.521577,0.640792,0.66254,0.646018,0.792729,0.647251,0.378347,0.731523,0.49702,0.787928,0.586756,0.827893,0.67843
record1_2.mp4,1a5008d3e2e358a67d1d067f0fe8dae92b9e9370533d9f326db45e22b61f82ab,640,480,12.02,625,52.0,188,15666,Left,0.447375,0.141462,0.315985,0.230198,0.224154,0.353709,0.155066,0.482275,0.09436,0.582704,0.374572,0.355284,0.322187,0.53551,0.291518,0.674051,0.264489,0.806845,0.493828,0.364357,0.503751,0.546439,0.509084,0.702073,0.511447,0.848814,0.582576,0.37267,0.627071,0.522091,0.6436,0.657238,0.652998,0.78114,0.640864,0.37873,0.729489,0.493727,0.786695,0.578155,0.831256,0.667622
record1_2.mp4,1a5008d3e2e358a67d1d067f0fe8dae92b9e9370533d9f326db45e22b61f82ab,640,480,12.02,625,52.0,189,15750,Left,0.444217,0.13557,0.315156,0.222807,0.224989,0.351389,0.15791,0.482582,0.096601,0.586945,0.377497,0.352705,0.326378,0.535875,0.294951,0.671924,0.26495,0.800432,0.494711,0.361322,0.511552,0.539502,0.518475,0.691164,0.521042,0.83684,0.581479,0.370068,0.626171,0.52212,0.642478,0.655853,0.652371,0.780839,0.637657,0.376575,0.727991,0.497523,0.787295,0.581001,0.833583,0.668061
record1_2.mp4,1a5008d3e2e358a67d1d067f0fe8dae92b9e9370533d9f326db45e22b61f82ab,640,480,12.02,625,52.0,190,15833,Left,0.445878,0.134251,0.315985,0.22347,0.226334,0.348,0.156932,0.481042,0.094762,0.59209,0.379196,0.351494,0.324847,0.526941,0.294305,0.665952,0.264691,0.798918,0.498204,0.363631,0.510337,0.541023,0.515837,0.697467,0.516398,0.84361,0.585684,0.375719,0.628892,0.524796,0.643424,0.662301,0.650843,0.787412,0.642039,0.38673,0.73128,0.501069,0.78837,0.583959,0.833421,0.670841
record1_2.mp4,1a5008d3e2e358a67d1d067f0fe8dae92b9e9370533d9f326db45e22b61f82ab,640,480,12.02,625,52.0,191,15916,Left,0.446652,0.139363,0.31662,0.221057,0.225309,0.341258,0.154201,0.474123,0.092324,0.587808,0.374449,0.329226,0.321931,0.491559,0.290177,0.622894,0.260021,0.749906,0.49571,0.344864,0.506504,0.528493,0.512123,0.687674,0.511895,0.835269,0.586127,0.363109,0.627743,0.520871,0.640734,0.663115,0.645821,0.789581,0.642686,0.37837,0.73031,0.497949,0.786664,0.587279,0.829757,0.676609
record1_2.mp4,1a5008d3e2e358a67d1d067f0fe8dae92b9e9370533d9f326db45e22b61f82ab,640,480,12.02,625,52.0,192,16000,Left,0.447157,0.140306,0.315473,0.232987,0.224085,0.352088,0.1521,0.48311,0.089725,0.593652,0.369364,0.370166,0.319942,0.547625,0.295268,0.684021,0.271354,0.810518,0.49202,0.377432,0.507454,0.547704,0.517016,0.700056,0.519327,0.839056,0.582889,0.384471,0.627486,0.530396,0.64332,0.664959,0.649132,0.787733,0.641664,0.387758,0.730279,0.499168,0.788064,0.583519,0.830343,0.672999
record1_2.mp4,1a5008d3e2e358a67d1d067f0fe8dae92b9e9370533d9f326db45e22b61f82ab,640,480,12.02,625,52.0,193,16083,Left,0.447668,0.140277,0.318364,0.225329,0.225923,0.357848,0.16028,0.492017,0.097648,0.590966,0.386497,0.350308,0.332007,0.535686,0.300663,0.673961,0.271584,0.802972,0.503611,0.35985,0.529086,0.513198,0.539501,0.651568,0.544894,0.785789,0.590585,0.375908,0.643113,0.526266,0.657379,0.656117,0.66441,0.778221,0.642565,0.392527,0.729181,0.509529,0.79143,0.586122,0.840629,0.66606
record1_2.mp4,1a5008d3e2e358a67d1d067f0fe8dae92b9e9370533d9f326db45e22b61f82ab,640,480,12.02,625,52.0,194,16166,Left,0.451293,0.142068,0.32075,0.225085,0.226843,0.359959,0.157617,0.490378,0.086332,0.580604,0.378122,0.349609,0.328785,0.505456,0.303714,0.636673,0.280559,0.765307,0.499404,0.35965,0.518149,0.516289,0.531865,0.653943,0.54029,0.790946,0.591799,0.373489,0.636109,0.53199,0.649291,0.659628,0.656092,0.781816,0.648388,0.385879,0.7322,0.500936,0.793379,0.581845,0.838894,0.666583
record1_2.mp4,1a5008d3e2e358a67d1d067f0fe8dae92b9e9370533d9f326db45e22b61f82ab,640,480,12.02,625,52.0,195,16250,Left,0.44866,0.140146,0.315575,0.223838,0.223365,0.35749,0.155379,0.484321,0.088152,0.588354,0.390238,0.316413,0.359941,0.416715,0.343448,0.503447,0.328534,0.597721,0.504273,0.33252,0.521149,0.504825,0.533159,0.652471,0.536878,0.795718,0.588935,0.354897,0.629168,0.522604,0.645567,0.658311,0.653097,0.782149,0.639359,0.372622,0.729422,0.495629,0.789308,0.582811,0.835667,0.670912
record1_2.mp4,1a5008d3e2e358a67d1d067f0fe8dae92b9e9370533d9f326db45e22b61f82ab,640,480,12.02,625,52.0,196,16333,Left,0.446963,0.151543,0.317457,0.234628,0.228931,0.355518,0.157614,0.475294,0.086264,0.580204,0.399373,0.316828,0.386285,0.433455,0.377577,0.53907,0.367304,0.648409,0.515124,0.338033,0.52787,0.517476,0.535775,0.668608,0.535617,0.815764,0.601144,0.360765,0.634266,0.520463,0.647411,0.657519,0.653177,0.783734,0.653832,0.37728,0.738151,0.493408,0.792488,0.581955,0.837742,0.671929
record1_2.mp4,1a5008d3e2e358a67d1d067f0fe8dae92b9e9370533d9f326db45e22b61f82ab,640,480,12.02,625,52.0,197,16416,Left,0.440196,0.140304,0.314095,0.233332,0.22725,0.364675,0.156556,0.490706,0.092471,0.583776,0.385558,0.344606,0.345795,0.535311,0.325814,0.674999,0.309504,0.802526,0.505325,0.354234,0.521335,0.546087,0.529172,0.697436,0.534545,0.836017,0.59542,0.368559,0.647862,0.533032,0.663274,0.669165,0.671405,0.787434,0.651025,0.380973,0.733948,0.5041,0.790742,0.594892,0.833359,0.681092
record1_2.mp4,1a5008d3e2e358a67d1d067f0fe8dae92b9e9370533d9f326db45e22b61f82ab,640,480,12.02,625,52.0,198,16500,Left,0.450123,0.145862,0.319635,0.236508,0.22806,0.366343,0.154431,0.492233,0.094089,0.583034,0.383055,0.347808,0.345036,0.529439,0.324317,0.669563,0.304799,0.804471,0.503555,0.353933,0.520076,0.539584,0.52856,0.695665,0.532275,0.844036,0.594466,0.365275,0.638036,0.519007,0.655627,0.660115,0.665083,0.78953,0.653011,0.377108,0.736545,0.49563,0.792102,0.583294,0.834406,0.671608
record1_2.mp4,1a5008d3e2e358a67d1d067f0fe8dae92b9e9370533d9f326db45e22b61f82ab,640,480,12.02,625,52.0,199,16583,Left,0.447374,0.149169,0.320236,0.246402,0.228458,0.369403,0.15433,0.492391,0.08962,0.588029,0.378412,0.375005,0.344516,0.553612,0.327722,0.689692,0.308666,0.821902,0.499885,0.378545,0.516008,0.551733,0.526412,0.701569,0.529616,0.845492,0.592216,0.384646,0.633777,0.528966,0.649027,0.663214,0.655271,0.787381,0.652548,0.391215,0.738944,0.502675,0.792812,0.586967,0.834779,0.677061
record1_2.mp4,1a5008d3e2e358a67d1d067f0fe8dae92b9e9370533d9f326db45e22b61f82ab,640,480,12.02,625,52.0,200,16666,Left,0.446875,0.139018,0.318441,0.232132,0.227211,0.363397,0.157655,0.488872,0.092912,0.584969,0.379913,0.352339,0.344347,0.54324,0.32897,0.682026,0.312685,0.813933,0.49834,0.356932,0.523788,0.534337,0.538939,0.682794,0.546702,0.826014,0.586113,0.368618,0.634138,0.523092,0.649167,0.655405,0.657487,0.777735,0.640662,0.380251,0.732873,0.500622,0.79166,0.587381,0.837079,0.676392
record1_2.mp4,1a5008d3e2e358a67d1d067f0fe8dae92b9e9370533d9f326db45e22b61f82ab,640,480,12.02,625,52.0,201,16750,Left,0.454274,0.138395,0.324618,0.227647,0.230419,0.35909,0.158482,0.484837,0.092081,0.580897,0.386128,0.35666,0.360802,0.524981,0.348596,0.65519,0.333048,0.787771,0.504558,0.362479,0.521913,0.524819,0.538815,0.6656,0.546413,0.804662,0.593922,0.375613,0.634409,0.532855,0.653837,0.658828,0.663022,0.776773,0.649563,0.387768,0.733146,0.498559,0.789557,0.57987,0.834364,0.667303
record1_2.mp4,1a5008d3e2e358a67d1d067f0fe8dae92b9e9370533d9f326db45e22b61f82ab,640,480,12.02,625,52.0,202,16833,Left,0.447445,0.124945,0.312811,0.211832,0.224234,0.348966,0.158982,0.486834,0.092524,0.595497,0.378518,0.33237,0.342774,0.470821,0.320609,0.586102,0.299767,0.709824,0.50274,0.348435,0.524101,0.516002,0.536377,0.662908,0.541821,0.81306,0.594313,0.368955,0.637578,0.524775,0.654798,0.65919,0.663003,0.78832,0.647632,0.383114,0.731615,0.5019,0.791082,0.584032,0.838324,0.673905
record1_2.mp4,1a5008d3e2e358a67d1d067f0fe8dae92b9e9370533d9f326db45e22b61f82ab,640,480,12.02,625,52.0,203,16916,Left,0.443926,0.114146,0.312461,0.211028,0.222904,0.351906,0.157185,0.490213,0.089141,0.594196,0.379123,0.328747,0.334331,0.491092,0.302743,0.619569,0.271244,0.745752,0.499791,0.343558,0.520225,0.523349,0.528387,0.681782,0.529658,0.832832,0.58801,0.361169,0.635157,0.514767,0.650738,0.657934,0.657508,0.786541,0.640106,0.375955,0.728057,0.494767,0.784643,0.579526,0.829315,0.666594
record1_2.mp4,1a5008d3e2e358a67d1d067f0fe8dae92b9e9370533d9f326db45e22b61f82ab,640,480,12.02,625,52.0,204,17000,Left,0.447973,0.12706,0.316541,0.218325,0.22355,0.351802,0.153908,0.4857,0.094411,0.591437,0.386659,0.334158,0.338965,0.506585,0.306848,0.640642,0.274243,0.771829,0.504982,0.348022,0.520265,0.533695,0.526564,0.69126,0.52503,0.841085,0.591108,0.362536,0.634261,0.515832,0.648326,0.655589,0.653514,0.784333,0.643663,0.374032,0.730422,0.49019,0.785583,0.576083,0.827929,0.665048
record1_2.mp4,1a5008d3e2e358a67d1d067f0fe8dae92b9e9370533d9f326db45e22b61f82ab,640,480,12.02,625,52.0,205,17083,Left,0.447512,0.12277,0.316999,0.212814,0.223992,0.348754,0.15358,0.486531,0.088718,0.588926,0.377027,0.330297,0.322981,0.504292,0.291214,0.64127,0.261625,0.775472,0.499952,0.34631,0.514948,0.525908,0.526741,0.685624,0.531558,0.835102,0.588455,0.362597,0.632735,0.514217,0.646219,0.654767,0.65186,0.779719,0.640908,0.375884,0.729025,0.493212,0.787521,0.580034,0.833319,0.668116
record1_2.mp4,1a5008d3e2e358a67d1d067f0fe8dae92b9e9370533d9f326db45e22b61f82ab,640,480,12.02,625,52.0,206,17166,Left,0.447116,0.135792,0.316571,0.226031,0.228745,0.350533,0.159688,0.483083,0.095379,0.591802,0.380068,0.357509,0.327522,0.547324,0.294827,0.683042,0.263202,0.809857,0.502601,0.371452,0.52056,0.550086,0.529099,0.700116,0.531608,0.843071,0.590762,0.380795,0.63639,0.519742,0.650997,0.651959,0.657711,0.773967,0.645195,0.385467,0.733327,0.496747,0.787671,0.578246,0.831463,0.665237
record1_2.mp4,1a5008d3e2e358a67d1d067f0fe8dae92b9e9370533d9f326db45e22b61f82ab,640,480,12.02,625,52.0,207,17250,Left,0.447165,0.113363,0.318441,0.2109,0.2302,0.349034,0.158519,0.484937,0.089184,0.589119,0.380011,0.345086,0.32267,0.532796,0.28801,0.675655,0.255233,0.81027,0.498047,0.354285,0.517044,0.540224,0.527535,0.69859,0.531901,0.843521,0.584245,0.363047,0.631201,0.51995,0.646138,0.657974,0.654725,0.780951,0.637964,0.370745,0.728062,0.493659,0.78713,0.580574,0.833293,0.669149
record1_2.mp4,1a5008d3e2e358a67d1d067f0fe8dae92b9e9370533d9f326db45e22b61f82ab,640,480,12.02,625,52.0,208,17333,Left,0.441563,0.108803,0.313282,0.201647,0.224695,0.343068,0.157719,0.489052,0.093699,0.598584,0.377561,0.32123,0.31902,0.479295,0.277525,0.610721,0.237874,0.7366,0.495505,0.335687,0.516414,0.520303,0.52363,0.682227,0.52424,0.832782,0.582254,0.353447,0.632863,0.511862,0.647904,0.654144,0.65469,0.783176,0.633865,0.368515,0.725057,0.490356,0.785035,0.576503,0.83077,0.66494
record1_2.mp4,1a5008d3e2e358a67d1d067f0fe8dae92b9e9370533d9f326db45e22b61f82ab,640,480,12.02,625,52.0,209,17416,Left,0.445266,0.115817,0.31319,0.211821,0.225324,0.347516,0.159742,0.489075,0.094965,0.595546,0.375225,0.348726,0.313381,0.53055,0.2772,0.67046,0.243984,0.80293,0.496619,0.359638,0.515152,0.535071,0.524401,0.692354,0.529298,0.839488,0.584849,0.37128,0.633403,0.521378,0.64865,0.657701,0.658241,0.781848,0.640349,0.384167,0.726048,0.504802,0.784279,0.587268,0.831195,0.673636
record1_2.mp4,1a5008d3e2e358a67d1d067f0fe8dae92b9e9370533d9f326db45e22b61f82ab,640,480,12.02,625,52.0,210,17500,Left,0.44571,0.114206,0.320134,0.211324,0.231025,0.350116,0.159103,0.490055,0.087621,0.591784,0.381103,0.342631,0.314214,0.503098,0.273645,0.635355,0.235157,0.759725,0.495728,0.355332,0.510651,0.530195,0.519238,0.688554,0.521328,0.830579,0.582365,0.368484,0.632539,0.522832,0.645411,0.660354,0.65113,0.784685,0.636102,0.378981,0.728392,0.499574,0.786391,0.58478,0.830698,0.672326
record1_2.mp4,1a5008d3e2e358a67d1d067f0fe8dae92b9e9370533d9f326db45e22b61f82ab,640,480,12.02,625,52.0,211,17583,Left,0.440747,0.106644,0.314122,0.194322,0.225356,0.342498,0.15986,0.489447,0.087273,0.594161,0.376098,0.316758,0.330917,0.440426,0.299654,0.54583,0.269113,0.65315,0.492969,0.334981,0.51171,0.51537,0.520723,0.671093,0.522482,0.818642,0.580689,0.354078,0.629536,0.515615,0.645773,0.658349,0.65289,0.787463,0.633392,0.366903,0.726668,0.493682,0.787671,0.58227,0.833742,0.671714
record1_2.mp4,1a5008d3e2e358a67d1d067f0fe8dae92b9e9370533d9f326db45e22b61f82ab,640,480,12.02,625,52.0,212,17666,Left,0.442846,0.120077,0.314259,0.21793,0.227565,0.353612,0.162932,0.491718,0.096569,0.594272,0.371219,0.33122,0.318043,0.519432,0.288459,0.665919,0.261317,0.804399,0.493053,0.341082,0.515698,0.527247,0.524098,0.690572,0.527996,0.842346,0.581291,0.356539,0.633389,0.507781,0.647528,0.652848,0.655638,0.780579,0.635631,0.376303,0.724895,0.497994,0.783365,0.582037,0.831407,0.669197
record1_2.mp4,1a5008d3e2e358a67d1d067f0fe8dae92b9e9370533d9f326db45e22b61f82ab,640,480,12.02,625,52.0,213,17750,Left,0.441659,0.111283,0.31304,0.209878,0.225294,0.351037,0.161441,0.489495,0.093571,0.588929,0.370563,0.33246,0.31618,0.521689,0.283673,0.668487,0.253589,0.803667,0.490623,0.34194,0.512878,0.530468,0.523969,0.692661,0.529825,0.839473,0.578738,0.354481,0.631449,0.514431,0.646583,0.658561,0.655808,0.786414,0.633304,0.368451,0.724487,0.493361,0.782505,0.579629,0.827326,0.668423
record1_2.mp4,1a5008d3e2e358a67d1d067f0fe8dae92b9e9370533d9f326db45e22b61f82ab,640,480,12.02,625,52.0,214,17833,Left,0.446204,0.119868,0.315289,0.210798,0.224581,0.350126,0.157541,0.493307,0.091795,0.598103,0.378101,0.320125,0.323285,0.49078,0.286891,0.628999,0.249441,0.760976,0.496073,0.336093,0.514495,0.520343,0.521724,0.683025,0.522966,0.835677,0.583247,0.354203,0.63054,0.513176,0.645073,0.656732,0.65352,0.787643,0.636141,0.370811,0.724269,0.492021,0.781123,0.576461,0.826988,0.665322
record1_2.mp4,1a5008d3e2e358a67d1d067f0fe8dae92b9e9370533d9f326db45e22b61f82ab,640,480,12.02,625,52.0,215,17916,Left,0.447497,0.122753,0.318608,0.209586,0.226684,0.341861,0.157789,0.482001,0.092221,0.591242,0.378235,0.317465,0.320117,0.474609,0.280369,0.608772,0.243228,0.736272,0.498739,0.337086,0.514921,0.522541,0.521948,0.685029,0.524342,0.834413,0.588706,0.356474,0.632953,0.510994,0.646296,0.654872,0.653231,0.785477,0.643683,0.372074,0.731517,0.495814,0.787548,0.583164,0.829432,0.670359
record1_2.mp4,1a5008d3e2e358a67d1d067f0fe8dae92b9e9370533d9f326db45e22b61f82ab,640,480,12.02,625,52.0,216,18000,Left,0.44255,0.104261,0.310252,0.198066,0.220714,0.337267,0.154043,0.480551,0.093571,0.59475,0.372337,0.318032,0.3201,0.478357,0.284861,0.608078,0.251174,0.735093,0.493898,0.331024,0.510553,0.51595,0.518656,0.680601,0.520025,0.832802,0.583184,0.349264,0.628774,0.508911,0.644542,0.656867,0.6515,0.789514,0.637585,0.367512,0.727391,0.495963,0.786789,0.585535,0.83222,0.67543
record1_2.mp4,1a5008d3e2e358a67d1d067f0fe8dae92b9e9370533d9f326db45e22b61f82ab,640,480,12.02,625,52.0,217,18083,Left,0.447437,0.11329,0.314429,0.199318,0.221845,0.337226,0.154658,0.481953,0.091925,0.592183,0.375049,0.31345,0.31836,0.468349,0.278247,0.599575,0.241357,0.727692,0.49538,0.330532,0.511487,0.515717,0.5189,0.678513,0.521965,0.830334,0.585021,0.35014,0.629235,0.508981,0.644757,0.655192,0.653487,0.790224,0.64061,0.368182,0.727362,0.494373,0.786649,0.582344,0.830783,0.671187
record1_2.mp4,1a5008d3e2e358a67d1d067f0fe8dae92b9e9370533d9f326db45e22b61f82ab,640,480,12.02,625,52.0,218,18166,Left,0.442706,0.123268,0.315266,0.221931,0.226797,0.357001,0.160433,0.490522,0.093692,0.591681,0.375584,0.347817,0.319873,0.527937,0.283392,0.667171,0.24889,0.79762,0.495232,0.353961,0.517687,0.533264,0.526815,0.689682,0.530811,0.836994,0.583085,0.365119,0.633078,0.514654,0.649339,0.654014,0.657596,0.781449,0.639741,0.377864,0.727947,0.495017,0.785594,0.576093,0.829505,0.662843
record1_2.mp4,1a5008d3e2e358a67d1d067f0fe8dae92b9e9370533d9f326db45e22b61f82ab,640,480,12.02,625,52.0,219,18250,Left,0.443479,0.105386,0.312731,0.207315,0.224585,0.349661,0.157056,0.493216,0.092626,0.599486,0.375387,0.330634,0.313466,0.506834,0.278366,0.649628,0.246544,0.785988,0.49148,0.337452,0.511877,0.522851,0.525449,0.689854,0.532661,0.840518,0.57654,0.350893,0.628772,0.509625,0.645545,0.653574,0.654538,0.782378,0.629826,0.366965,0.723741,0.493896,0.783882,0.582042,0.829108,0.671265
record1_2.mp4,1a5008d3e2e358a67d1d067f0fe8dae92b9e9370533d9f326db45e22b61f82ab,640,480,12.02,625,52.0,220,18333,Left,0.443029,0.110031,0.313343,0.200576,0.220467,0.346625,0.153609,0.494325,0.087865,0.596921,0.378786,0.314271,0.323933,0.453369,0.283114,0.568802,0.244472,0.682016,0.49566,0.328291,0.51242,0.513966,0.519833,0.677288,0.521829,0.828712,0.583305,0.346925,0.628928,0.5112,0.645178,0.655867,0.654068,0.787561,0.637459,0.363978,0.724561,0.48974,0.782678,0.577194,0.828012,0.666487
record1_2.mp4,1a5008d3e2e358a67d1d067f0fe8dae92b9e9370533d9f326db45e22b61f82ab,640,480,12.02,625,52.0,221,18416,Left,0.439087,0.107371,0.307145,0.201951,0.216945,0.344149,0.151352,0.492014,0.088303,0.606021,0.375408,0.315428,0.319859,0.465627,0.279648,0.59119,0.241615,0.714018,0.49641,0.331267,0.516102,0.511971,0.523245,0.67762,0.524199,0.831575,0.585288,0.352559,0.633687,0.511098,0.647641,0.65766,0.654264,0.790053,0.636585,0.374875,0.723913,0.503131,0.784522,0.588783,0.833328,0.674931
record1_2.mp4,1a5008d3e2e358a67d1d067f0fe8dae92b9e9370533d9f326db45e22b61f82ab,640,480,12.02,625,52.0,222,18500,Left,0.441386,0.114581,0.310052,0.211735,0.218957,0.352777,0.154336,0.494001,0.090816,0.599978,0.370118,0.325893,0.315739,0.494642,0.280675,0.633213,0.246112,0.766963,0.491651,0.336257,0.511386,0.52033,0.523943,0.687873,0.530124,0.842628,0.581743,0.351746,0.630102,0.511356,0.645935,0.659165,0.655598,0.789204,0.637359,0.368842,0.726424,0.498138,0.785671,0.58733,0.832908,0.674522
record1_2.mp4,1a5008d3e2e358a67d1d067f0fe8dae92b9e9370533d9f326db45e22b61f82ab,640,480,12.02,625,52.0,223,18583,Left,0.442853,0.123889,0.312503,0.222911,0.224724,0.352956,0.160096,0.486971,0.094473,0.591312,0.372806,0.356131,0.316034,0.540236,0.28311,0.678313,0.252302,0.805004,0.492773,0.360677,0.51501,0.539648,0.525498,0.694499,0.530606,0.838828,0.580372,0.368473,0.630381,0.517809,0.647215,0.65623,0.655708,0.782177,0.637133,0.377724,0.724926,0.492939,0.782867,0.576596,0.828377,0.665829
record1_2.mp4,1a5008d3e2e358a67d1d067f0fe8dae92b9e9370533d9f326db45e22b61f82ab,640,480,12.02,625,52.0,224,18666,Left,0.440475,0.11311,0.309175,0.203412,0.218948,0.34793,0.156891,0.494952,0.090803,0.602994,0.371029,0.319142,0.323591,0.453092,0.288083,0.569676,0.253521,0.685235,0.489649,0.330293,0.511339,0.513193,0.521564,0.673074,0.523406,0.820722,0.578566,0.348383,0.628877,0.512144,0.645082,0.658815,0.651056,0.789618,0.632551,0.364374,0.724829,0.490683,0.784383,0.58048,0.829506,0.671971
record1_2.mp4,1a5008d3e2e358a67d1d067f0fe8dae92b9e9370533d9f326db45e22b61f82ab,640,480,12.02,625,52.0,225,18750,Left,0.445038,0.123132,0.314233,0.209459,0.220203,0.351341,0.154154,0.493946,0.085072,0.593082,0.372139,0.317969,0.322371,0.457846,0.285551,0.576558,0.25205,0.693116,0.491445,0.333144,0.511742,0.516985,0.520188,0.675583,0.524213,0.824206,0.581722,0.350759,0.629163,0.51124,0.644119,0.65535,0.653254,0.78693,0.638339,0.364989,0.725042,0.49124,0.784185,0.580323,0.829253,0.66773
record1_2.mp4,1a5008d3e2e358a67d1d067f0fe8dae92b9e9370533d9f326db45e22b61f82ab,640,480,12.02,625,52.0,226,18833,Left,0.438951,0.107584,0.311181,0.198894,0.220158,0.339847,0.152142,0.485327,0.085118,0.594405,0.376227,0.314996,0.322432,0.442936,0.285883,0.556954,0.251335,0.66871,0.494192,0.332899,0.511564,0.51406,0.520678,0.675504,0.523017,0.824014,0.582293,0.352105,0.62842,0.512759,0.642686,0.658397,0.648303,0.788869,0.634816,0.366066,0.724765,0.48905,0.783384,0.578532,0.827952,0.667996
record1_2.mp4,1a5008d3e2e358a67d1d067f0fe8dae92b9e9370533d9f326db45e22b61f82ab,640,480,12.02,625,52.0,227,18916,Left,0.441468,0.111105,0.311223,0.215345,0.225349,0.349633,0.158706,0.486626,0.097776,0.598295,0.37044,0.345778,0.312945,0.532423,0.281067,0.674069,0.251157,0.809164,0.491611,0.349895,0.51378,0.527511,0.524999,0.689352,0.531619,0.842338,0.581679,0.361014,0.632998,0.514123,0.650587,0.656146,0.661064,0.784316,0.640123,0.376626,0.727879,0.499282,0.785892,0.583648,0.832022,0.67122
record1_2.mp4,1a5008d3e2e358a67d1d067f0fe8dae92b9e9370533d9f326db45e22b61f82ab,640,480,12.02,625,52.0,228,19000,Left,0.448945,0.115919,0.321418,0.203458,0.229519,0.351,0.158628,0.493524,0.084692,0.592652,0.37923,0.315251,0.324583,0.465271,0.287271,0.593761,0.251636,0.718435,0.495364,0.331486,0.51173,0.516406,0.519392,0.676291,0.521478,0.82624,0.58381,0.350948,0.62973,0.514835,0.643036,0.658433,0.649496,0.789357,0.639973,0.36562,0.729395,0.489817,0.787226,0.578475,0.828805,0.667137
record1_2.mp4,1a5008d3e2e358a67d1d067f0fe8dae92b9e9370533d9f326db45e22b61f82ab,640,480,12.02,625,52.0,229,19083,Left,0.442447,0.113135,0.311112,0.207735,0.22075,0.35277,0.155313,0.494096,0.088037,0.593119,0.373936,0.322654,0.324506,0.458206,0.286703,0.570526,0.250599,0.684355,0.491783,0.333308,0.509752,0.513141,0.516699,0.672436,0.517003,0.822696,0.580233,0.350587,0.628498,0.511653,0.645107,0.656859,0.652914,0.790361,0.634998,0.367398,0.723633,0.493784,0.784123,0.58108,0.829972,0.671605
record1_2.mp4,1a5008d3e2e358a67d1d067f0fe8dae92b9e9370533d9f326db45e22b61f82ab,640,480,12.02,625,52.0,230,19166,Left,0.447344,0.123928,0.317583,0.222674,0.226565,0.36006,0.158905,0.492575,0.090664,0.585781,0.37161,0.342351,0.314749,0.51668,0.284164,0.660267,0.257136,0.798021,0.490125,0.346941,0.510359,0.528614,0.520993,0.690034,0.52651,0.838687,0.579377,0.358061,0.630827,0.519109,0.645569,0.662282,0.65534,0.79187,0.63663,0.372848,0.726064,0.497358,0.78416,0.582696,0.829432,0.670231
record1_2.mp4,1a5008d3e2e358a67d1d067f0fe8dae92b9e9370533d9f326db45e22b61f82ab,640,480,12.02,625,52.0,231,19250,Left,0.442158,0.123274,0.314374,0.213164,0.224541,0.353468,0.156708,0.493407,0.083476,0.592744,0.370662,0.335359,0.321725,0.498641,0.290386,0.635293,0.257431,0.766599,0.489866,0.344236,0.509419,0.523999,0.518152,0.681323,0.519438,0.827764,0.579251,0.359048,0.62865,0.519321,0.645115,0.660905,0.652793,0.787746,0.635525,0.373669,0.724897,0.497879,0.784082,0.581495,0.831385,0.669978
record1_2.mp4,1a5008d3e2e358a67d1d067f0fe8dae92b9e9370533d9f326db45e22b61f82ab,640,480,12.02,625,52.0,232,19333,Left,0.44156,0.107414,0.31591,0.202793,0.229085,0.349459,0.157749,0.49054,0.086345,0.593768,0.373451,0.314199,0.315581,0.474167,0.279278,0.60832,0.245551,0.737251,0.490706,0.320739,0.509998,0.509732,0.518639,0.677954,0.521653,0.830104,0.579045,0.339985,0.6292,0.507882,0.643886,0.658507,0.651685,0.792406,0.634682,0.362668,0.726497,0.497138,0.786577,0.587458,0.832036,0.677657
record1_2.mp4,1a5008d3e2e358a67d1d067f0fe8dae92b9e9370533d9f326db45e22b61f82ab,640,480,12.02,625,52.0,233,19416,Left,0.442632,0.111962,0.313238,0.215527,0.228265,0.353654,0.163831,0.490043,0.094605,0.591774,0.367619,0.345861,0.311561,0.526771,0.278832,0.668626,0.249439,0.803402,0.487797,0.347029,0.5106,0.528836,0.520923,0.690714,0.526883,0.839803,0.577073,0.357649,0.629499,0.516077,0.644994,0.660705,0.654104,0.789024,0.634582,0.374915,0.72243,0.500991,0.782555,0.584348,0.830554,0.671217
record1_2.mp4,1a5008d3e2e358a67d1d067f0fe8dae92b9e9370533d9f326db45e22b61f82ab,640,480,12.02,625,52.0,234,19500,Left,0.448253,0.117666,0.323264,0.210372,0.230983,0.353767,0.158591,0.492503,0.082765,0.587311,0.376823,0.329831,0.317268,0.497261,0.283697,0.637457,0.250748,0.769964,0.493462,0.33799,0.508868,0.521289,0.51614,0.685278,0.517904,0.835437,0.580769,0.353531,0.630261,0.518389,0.646087,0.663224,0.655712,0.790989,0.636083,0.372182,0.723965,0.500536,0.781663,0.585471,0.829396,0.67264
record1_2.mp4,1a5008d3e2e358a67d1d067f0fe8dae92b9e9370533d9f326db45e22b61f82ab,640,480,12.02,625,52.0,235,19583,Left,0.445285,0.118839,0.314566,0.210816,0.225794,0.352559,0.161676,0.488816,0.092263,0.590024,0.370391,0.338138,0.326769,0.487043,0.292074,0.607274,0.255263,0.73011,0.487115,0.346271,0.50618,0.527889,0.514559,0.683479,0.514603,0.832462,0.577156,0.358781,0.625538,0.522996,0.644835,0.663358,0.653442,0.793885,0.635515,0.369148,0.721183,0.494379,0.780734,0.580202,0.828163,0.670235
record1_2.mp4,1a5008d3e2e358a67d1d067f0fe8dae92b9e9370533d9f326db45e22b61f82ab,640,480,12.02,625,52.0,236,19666,Left,0.445137,0.122915,0.318493,0.209485,0.229286,0.351811,0.162935,0.492476,0.086125,0.590554,0.366096,0.323196,0.320857,0.46933,0.289959,0.595888,0.257616,0.719515,0.485208,0.334777,0.507436,0.518909,0.514904,0.680135,0.515034,0.829727,0.577514,0.352112,0.6281,0.518554,0.646583,0.664285,0.65672,0.795039,0.637115,0.366676,0.723489,0.495162,0.782738,0.581224,0.830781,0.669139
record1_2.mp4,1a5008d3e2e358a67d1d067f0fe8dae92b9e9370533d9f326db45e22b61f82ab,640,480,12.02,625,52.0,237,19750,Left,0.445354,0.116966,0.319928,0.206245,0.230194,0.351721,0.163285,0.493894,0.086369,0.590509,0.368538,0.332544,0.319389,0.479502,0.287114,0.603303,0.253509,0.723859,0.485779,0.345163,0.503159,0.524593,0.51302,0.680867,0.514841,0.825707,0.576573,0.360221,0.625263,0.524671,0.645142,0.664831,0.655652,0.79099,0.634263,0.369672,0.722133,0.493391,0.781828,0.578692,0.828786,0.667283
record1_2.mp4,1a5008d3e2e358a67d1d067f0fe8dae92b9e9370533d9f326db45e22b61f82ab,640,480,12.02,625,52.0,238,19833,Left,0.448093,0.117404,0.321953,0.2121,0.229289,0.354956,0.164281,0.494424,0.092931,0.592213,0.368889,0.345944,0.316419,0.490854,0.283192,0.620194,0.249873,0.748046,0.486243,0.353721,0.50476,0.528,0.515065,0.688549,0.519129,0.839327,0.577274,0.366003,0.628758,0.529083,0.647043,0.668776,0.658414,0.7971,0.637063,0.377691,0.72215,0.500546,0.781246,0.581636,0.830405,0.668756
record1_2.mp4,1a5008d3e2e358a67d1d067f0fe8dae92b9e9370533d9f326db45e22b61f82ab,640,480,12.02,625,52.0,239,19916,Left,0.445142,0.120995,0.319353,0.219255,0.230518,0.355189,0.167775,0.491642,0.094331,0.587736,0.367618,0.362709,0.308254,0.536211,0.276788,0.676612,0.24495,0.80011,0.489553,0.36603,0.507439,0.5424,0.514719,0.70282,0.514639,0.839546,0.581918,0.374505,0.633231,0.537954,0.650498,0.675012,0.658747,0.792394,0.643582,0.386056,0.729548,0.506279,0.786052,0.588514,0.83214,0.674726
record1_2.mp4,1a5008d3e2e358a67d1d067f0fe8dae92b9e9370533d9f326db45e22b61f82ab,640,480,12.02,625,52.0,240,20000,Left,0.441646,0.107397,0.311537,0.197918,0.224304,0.348243,0.15865,0.491607,0.084714,0.592281,0.376589,0.315487,0.33452,0.439872,0.298851,0.544553,0.262703,0.652826,0.492272,0.326263,0.510634,0.511333,0.517243,0.668582,0.515853,0.816538,0.580761,0.347145,0.630889,0.522542,0.645997,0.667399,0.651337,0.798651,0.63593,0.365193,0.724705,0.498847,0.783672,0.585863,0.82938,0.673845
record1_2.mp4,1a5008d3e2e358a67d1d067f0fe8dae92b9e9370533d9f326db45e22b61f82ab,640,480,12.02,625,52.0,241,20083,Left,0.442398,0.106993,0.308629,0.197114,0.220401,0.343399,0.158604,0.487383,0.08763,0.599994,0.368786,0.319949,0.327465,0.43164,0.296224,0.530398,0.26396,0.63512,0.487816,0.334747,0.500996,0.518403,0.510337,0.672621,0.512888,0.821993,0.576408,0.355034,0.623729,0.526277,0.643814,0.669236,0.655121,0.798056,0.630888,0.371313,0.71784,0.499982,0.777879,0.583507,0.827847,0.668512
record1_2.mp4,1a5008d3e2e358a67d1d067f0fe8dae92b9e9370533d9f326db45e22b61f82ab,640,480,12.02,625,52.0,242,20166,Left,0.448936,0.115246,0.323249,0.195938,0.228796,0.343906,0.157079,0.494229,0.080602,0.591677,0.374349,0.303835,0.321822,0.447171,0.285323,0.570934,0.24866,0.689502,0.494338,0.326108,0.507368,0.512683,0.51382,0.67707,0.514355,0.828321,0.583932,0.350799,0.629667,0.513804,0.64729,0.660766,0.655926,0.792609,0.637656,0.368423,0.725313,0.495889,0.78369,0.583604,0.82795,0.672796
record1_2.mp4,1a5008d3e2e358a67d1d067f0fe8dae92b9e9370533d9f326db45e22b61f82ab,640,480,12.02,625,52.0,243,20250,Left,0.443511,0.120561,0.319022,0.214031,0.231912,0.356114,0.16125,0.491086,0.088287,0.585316,0.372285,0.331985,0.317275,0.520828,0.283441,0.667078,0.252374,0.803052,0.489847,0.342343,0.507619,0.532651,0.516566,0.695576,0.522481,0.844528,0.57701,0.355684,0.62818,0.517476,0.646438,0.662475,0.658969,0.791355,0.631355,0.368229,0.721426,0.494776,0.781175,0.580017,0.828442,0.666666
record1_2.mp4,1a5008d3e2e358a67d1d067f0fe8dae92b9e9370533d9f326db45e22b61f82ab,640,480,12.02,625,52.0,244,20333,Left,0.443504,0.10868,0.316122,0.199659,0.227779,0.34499,0.15888,0.489318,0.087623,0.59354,0.370232,0.321193,0.318944,0.472705,0.282407,0.599665,0.246586,0.7252,0.487359,0.332958,0.502186,0.518876,0.5106,0.679988,0.513496,0.830808,0.575986,0.348878,0.6252,0.515101,0.646749,0.662447,0.658901,0.795702,0.630898,0.361834,0.719162,0.489369,0.778939,0.576704,0.825812,0.667077
record1_2.mp4,1a5008d3e2e358a67d1d067f0fe8dae92b9e9370533d9f326db45e22b61f82ab,640,480,12.02,625,52.0,245,20416,Left,0.447459,0.11102,0.322289,0.196078,0.228412,0.343882,0.157081,0.491523,0.083704,0.590274,0.371757,0.312455,0.316712,0.464642,0.280437,0.593016,0.244747,0.715273,0.488416,0.330924,0.502207,0.5175,0.510239,0.681859,0.512925,0.832161,0.577382,0.350454,0.627069,0.51664,0.646962,0.66219,0.658597,0.79256,0.632956,0.363828,0.720552,0.490004,0.77985,0.576781,0.825291,0.66416
record1_2.mp4,1a5008d3e2e358a67d1d067f0fe8dae92b9e9370533d9f326db45e22b61f82ab,640,480,12.02,625,52.0,246,20500,Left,0.444907,0.103782,0.318112,0.186044,0.225408,0.338559,0.154353,0.485584,0.080608,0.588337,0.372862,0.294251,0.325115,0.433938,0.287949,0.552398,0.250407,0.667551,0.488239,0.313564,0.505679,0.503194,0.512905,0.669855,0.515131,0.825375,0.575894,0.337353,0.62465,0.507498,0.643873,0.657241,0.655129,0.792703,0.630912,0.354841,0.718661,0.488576,0.778785,0.576985,0.825973,0.664974
record1_2.mp4,1a5008d3e2e358a67d1d067f0fe8dae92b9e9370533d9f326db45e22b61f82ab,640,480,12.02,625,52.0,247,20583,Left,0.447171,0.109875,0.321502,0.196419,0.22733,0.347625,0.155433,0.494896,0.080441,0.589208,0.373906,0.306576,0.317873,0.461845,0.279735,0.593572,0.241783,0.72163,0.491489,0.32388,0.504759,0.510559,0.512103,0.67705,0.513758,0.832933,0.580609,0.345889,0.626476,0.509571,0.645087,0.656703,0.655973,0.791426,0.636923,0.364795,0.721123,0.49347,0.779122,0.57969,0.82464,0.669253
record1_2.mp4,1a5008d3e2e358a67d1d067f0fe8dae92b9e9370533d9f326db45e22b61f82ab,640,480,12.02,625,52.0,248,20666,Left,0.442793,0.108186,0.316729,0.19828,0.225636,0.349765,0.154118,0.495677,0.081658,0.593257,0.371425,0.309086,0.314652,0.470172,0.276806,0.600215,0.240562,0.725965,0.486338,0.322032,0.500799,0.508093,0.508275,0.673673,0.510721,0.828212,0.573197,0.342098,0.623677,0.508677,0.642287,0.657552,0.652683,0.793967,0.62702,0.36112,0.717515,0.492604,0.778293,0.580547,0.824724,0.670884
record1_2.mp4,1a5008d3e2e358a67d1d067f0fe8dae92b9e9370533d9f326db45e22b61f82ab,640,480,12.02,625,52.0,249,20750,Left,0.447502,0.109899,0.318179,0.208654,0.226889,0.354482,0.160373,0.495507,0.087972,0.58736,0.368172,0.343512,0.305661,0.524215,0.269967,0.666854,0.236856,0.798569,0.486435,0.35018,0.501976,0.528839,0.51063,0.689633,0.514924,0.836227,0.575404,0.361439,0.625155,0.522914,0.642486,0.662653,0.653621,0.787795,0.634137,0.374177,0.719815,0.499688,0.778936,0.58399,0.824843,0.670977
record1_2.mp4,1a5008d3e2e358a67d1d067f0fe8dae92b9e9370533d9f326db45e22b61f82ab,640,480,12.02,625,52.0,250,20833,Left,0.449618,0.108267,0.327918,0.199309,0.234219,0.343223,0.162949,0.485614,0.082928,0.577456,0.376824,0.336504,0.315746,0.477797,0.272318,0.596431,0.228112,0.713052,0.490759,0.347891,0.501641,0.524593,0.503595,0.684169,0.499077,0.832469,0.580003,0.361878,0.62996,0.525846,0.64293,0.6648,0.646571,0.789471,0.637938,0.373131,0.726502,0.502096,0.784046,0.586056,0.828314,0.671894
record1_2.mp4,1a5008d3e2e358a67d1d067f0fe8dae92b9e9370533d9f326db45e22b61f82ab,640,480,12.02,625,52.0,251,20916,Left,0.442039,0.096791,0.313672,0.191464,0.224604,0.346794,0.158556,0.492028,0.081141,0.587965,0.369059,0.315769,0.315362,0.446876,0.277072,0.556057,0.240682,0.662928,0.483649,0.329377,0.500701,0.514012,0.508554,0.673755,0.511073,0.818931,0.572079,0.346419,0.624946,0.52043,0.641486,0.663886,0.650991,0.792127,0.626686,0.358564,0.715842,0.494171,0.776462,0.581611,0.824818,0.667981
record1_2.mp4,1a5008d3e2e358a67d1d067f0fe8dae92b9e9370533d9f326db45e22b61f82ab,640,480,12.02,625,52.0,252,21000,Left,0.443867,0.100685,0.317977,0.188072,0.22467,0.342201,0.157234,0.491169,0.083054,0.587182,0.368241,0.309262,0.318204,0.448988,0.278485,0.563718,0.239091,0.676454,0.485657,0.325578,0.501501,0.510343,0.507666,0.670239,0.508039,0.820622,0.575984,0.344123,0.623495,0.509923,0.642372,0.654169,0.653495,0.785069,0.633093,0.356594,0.719764,0.489191,0.778208,0.576331,0.823197,0.663559
record1_2.mp4,1a5008d3e2e358a67d1d067f0fe8dae92b9e9370533d9f326db45e22b61f82ab,640,480,12.02,625,52.0,253,21083,Left,0.44378,0.098392,0.317559,0.186612,0.222954,0.341579,0.154668,0.488229,0.084232,0.58504,0.367571,0.305304,0.314695,0.451573,0.275602,0.571443,0.237712,0.687766,0.484823,0.321877,0.500425,0.50968,0.505461,0.671858,0.505082,0.822606,0.575086,0.341444,0.622658,0.50951,0.640446,0.656125,0.650812,0.788958,0.632393,0.356303,0.719508,0.490138,0.779423,0.577918,0.825967,0.665515
record1_2.mp4,1a5008d3e2e358a67d1d067f0fe8dae92b9e9370533d9f326db45e22b61f82ab,640,480,12.02,625,52.0,254,21166,Left,0.443625,0.091994,0.315725,0.182955,0.221825,0.341508,0.155452,0.491209,0.080614,0.586285,0.364907,0.305487,0.313123,0.454273,0.274636,0.57581,0.237432,0.692578,0.481922,0.32025,0.498404,0.508787,0.504781,0.673416,0.505933,0.8254,0.57188,0.339005,0.620822,0.507139,0.637813,0.656021,0.647922,0.791216,0.62917,0.354692,0.717571,0.489977,0.778252,0.579334,0.824638,0.668927
record1_2.mp4,1a5008d3e2e358a67d1d067f0fe8dae92b9e9370533d9f326db45e22b61f82ab,640,480,12.02,625,52.0,255,21250,Left,0.444066,0.106863,0.317942,0.204411,0.227337,0.343447,0.162757,0.482956,0.086236,0.579518,0.36273,0.339878,0.303936,0.510677,0.268842,0.652936,0.235577,0.787799,0.483954,0.344181,0.501091,0.527298,0.506189,0.688733,0.507296,0.836946,0.574775,0.356376,0.626281,0.520216,0.642853,0.663817,0.653402,0.792135,0.633678,0.37311,0.719213,0.497763,0.776095,0.579716,0.822978,0.667584
record1_2.mp4,1a5008d3e2e358a67d1d067f0fe8dae92b9e9370533d9f326db45e22b61f82ab,640,480,12.02,625,52.0,256,21333,Left,0.446956,0.106816,0.323376,0.188738,0.230415,0.339593,0.158346,0.486124,0.079471,0.579079,0.370027,0.304051,0.313766,0.451667,0.273092,0.57451,0.233484,0.692519,0.485966,0.321617,0.49858,0.510275,0.502058,0.672886,0.500314,0.823433,0.575234,0.342765,0.622133,0.508835,0.637084,0.655297,0.644036,0.786898,0.631626,0.359057,0.719497,0.494522,0.77793,0.582078,0.822119,0.669818
record1_2.mp4,1a5008d3e2e358a67d1d067f0fe8dae92b9e9370533d9f326db45e22b61f82ab,640,480,12.02,625,52.0,257,21416,Left,0.442675,0.092983,0.316413,0.180704,0.224173,0.338734,0.157933,0.487969,0.084366,0.583365,0.366365,0.301772,0.316473,0.439493,0.280103,0.55481,0.245665,0.667594,0.48281,0.319606,0.49859,0.513306,0.504072,0.674308,0.505401,0.824459,0.571352,0.339509,0.619683,0.50872,0.636883,0.653687,0.647201,0.785091,0.627614,0.353513,0.715845,0.488563,0.775341,0.576596,0.820059,0.665053
record1_2.mp4,1a5008d3e2e358a67d1d067f0fe8dae92b9e9370533d9f326db45e22b61f82ab,640,480,12.02,625,52.0,258,21500,Left,0.440367,0.10159,0.319395,0.185966,0.228083,0.337166,0.160281,0.484365,0.078692,0.57796,0.369105,0.304699,0.317982,0.421347,0.279666,0.528507,0.243187,0.635399,0.483662,0.319477,0.494235,0.506878,0.498397,0.672834,0.496946,0.823587,0.573304,0.337409,0.620425,0.514803,0.637206,0.663455,0.645144,0.79316,0.629925,0.3516,0.719313,0.487215,0.777626,0.577816,0.822525,0.665634
record1_2.mp4,1a5008d3e2e358a67d1d067f0fe8dae92b9e9370533d9f326db45e22b61f82ab,640,480,12.02,625,52.0,259,21583,Left,0.438661,0.090287,0.310033,0.179096,0.220007,0.344365,0.154581,0.494456,0.074371,0.589186,0.359992,0.285564,0.319688,0.405436,0.2948,0.504329,0.270814,0.606235,0.477169,0.297786,0.493586,0.492143,0.500984,0.656615,0.504444,0.811306,0.566631,0.320797,0.615613,0.503416,0.634892,0.655907,0.649318,0.790499,0.622482,0.342696,0.708639,0.489196,0.770341,0.579757,0.821865,0.668209
record1_2.mp4,1a5008d3e2e358a67d1d067f0fe8dae92b9e9370533d9f326db45e22b61f82ab,640,480,12.02,625,52.0,260,21666,Left,0.445312,0.109651,0.321468,0.185497,0.227249,0.336012,0.154691,0.485822,0.075354,0.581666,0.364052,0.284757,0.310736,0.435232,0.273346,0.566372,0.236722,0.691085,0.482739,0.304665,0.497655,0.500191,0.501095,0.670991,0.500834,0.826921,0.572446,0.328195,0.619045,0.500946,0.635791,0.654518,0.647163,0.788801,0.628987,0.34797,0.715787,0.485506,0.773905,0.575786,0.818909,0.662471
record1_2.mp4,1a5008d3e2e358a67d1d067f0fe8dae92b9e9370533d9f326db45e22b61f82ab,640,480,12.02,625,52.0,261,21750,Left,0.446777,0.113491,0.321941,0.202179,0.228863,0.344734,0.157726,0.48503,0.083219,0.577767,0.367713,0.330268,0.308531,0.505466,0.275612,0.651287,0.244041,0.787351,0.486853,0.342647,0.498218,0.527592,0.504276,0.69045,0.505363,0.836545,0.575501,0.356907,0.623477,0.522306,0.63949,0.664887,0.649307,0.79041,0.6315,0.369986,0.719469,0.497003,0.778216,0.582317,0.824724,0.669161
record1_2.mp4,1a5008d3e2e358a67d1d067f0fe8dae92b9e9370533d9f326db45e22b61f82ab,640,480,12.02,625,52.0,262,21833,Left,0.439104,0.09991,0.310528,0.189562,0.223446,0.336947,0.156447,0.482979,0.080028,0.583338,0.358973,0.310162,0.304225,0.458628,0.26576,0.584037,0.227521,0.706106,0.478218,0.324624,0.493457,0.507679,0.501267,0.670512,0.502539,0.821497,0.569844,0.3445,0.618767,0.51081,0.638021,0.658119,0.647697,0.791055,0.627324,0.36001,0.715602,0.493178,0.775185,0.581191,0.822017,0.672543
record1_2.mp4,1a5008d3e2e358a67d1d067f0fe8dae92b9e9370533d9f326db45e22b61f82ab,640,480,12.02,625,52.0,263,21916,Left,0.445277,0.12003,0.321934,0.200906,0.227474,0.344362,0.155536,0.485428,0.080406,0.579156,0.359057,0.320346,0.307181,0.467013,0.275731,0.589687,0.245516,0.709958,0.475635,0.332907,0.491136,0.514224,0.498588,0.673516,0.501163,0.823836,0.566323,0.346945,0.614214,0.508344,0.634964,0.652831,0.647926,0.783083,0.626806,0.35674,0.713285,0.485665,0.772074,0.572009,0.818511,0.660602
record1_2.mp4,1a5008d3e2e358a67d1d067f0fe8dae92b9e9370533d9f326db45e22b61f82ab,640,480,12.02,625,52.0,264,22000,Left,0.443963,0.114451,0.319208,0.199908,0.224601,0.343239,0.154529,0.485041,0.079147,0.580996,0.359238,0.314227,0.306658,0.466102,0.273701,0.592454,0.240945,0.716815,0.480011,0.326513,0.495836,0.51133,0.498656,0.672268,0.496518,0.825007,0.571371,0.346444,0.61979,0.507642,0.634152,0.653211,0.641126,0.785938,0.629761,0.366094,0.716907,0.497423,0.774941,0.58235,0.820028,0.671496
record1_2.mp4,1a5008d3e2e358a67d1d067f0fe8dae92b9e9370533d9f326db45e22b61f82ab,640,480,12.02,625,52.0,265,22083,Left,0.443738,0.113359,0.319416,0.19744,0.225166,0.34276,0.154206,0.485627,0.079037,0.583273,0.358483,0.323235,0.306692,0.475288,0.27401,0.600466,0.241324,0.724107,0.476181,0.33554,0.490024,0.514507,0.497215,0.669254,0.498716,0.817286,0.567497,0.350186,0.615722,0.513426,0.636868,0.654033,0.649936,0.781167,0.6275,0.360858,0.712911,0.491938,0.772741,0.577168,0.821831,0.665527
record1_2.mp4,1a5008d3e2e358a67d1d067f0fe8dae92b9e9370533d9f326db45e22b61f82ab,640,480,12.02,625,52.0,266,22166,Left,0.446939,0.115769,0.321319,0.200185,0.225385,0.344138,0.154419,0.485613,0.078931,0.582476,0.358748,0.317835,0.309097,0.463185,0.277504,0.586751,0.245409,0.710259,0.478985,0.329958,0.497118,0.511848,0.501436,0.673047,0.4999,0.826602,0.571565,0.347665,0.619862,0.505781,0.635723,0.649682,0.644229,0.781116,0.632473,0.363787,0.718258,0.49561,0.776364,0.580024,0.822546,0.668042
record1_2.mp4,1a5008d3e2e358a67d1d067f0fe8dae92b9e9370533d9f326db45e22b61f82ab,640,480,12.02,625,52.0,267,22250,Left,0.444082,0.125412,0.318103,0.202041,0.22533,0.343238,0.154442,0.483561,0.076418,0.583645,0.35679,0.305619,0.307407,0.453332,0.276519,0.583667,0.24496,0.709825,0.478302,0.320243,0.496575,0.504992,0.499955,0.670806,0.498715,0.826153,0.571469,0.342616,0.620958,0.505927,0.638484,0.652814,0.647956,0.784281,0.631544,0.362581,0.719998,0.499044,0.780024,0.587557,0.82771,0.67709
record1_2.mp4,1a5008d3e2e358a67d1d067f0fe8dae92b9e9370533d9f326db45e22b61f82ab,640,480,12.02,625,52.0,268,22333,Left,0.448908,0.116033,0.321142,0.200267,0.224955,0.341644,0.15395,0.485813,0.078812,0.586074,0.358441,0.329166,0.296836,0.503616,0.264216,0.647749,0.23346,0.784493,0.479239,0.340009,0.493552,0.518875,0.503785,0.681688,0.509403,0.82945,0.571918,0.355186,0.620454,0.521835,0.637809,0.664876,0.64958,0.789043,0.632879,0.369799,0.71937,0.501756,0.778281,0.588506,0.826356,0.675836
record1_2.mp4,1a5008d3e2e358a67d1d067f0fe8dae92b9e9370533d9f326db45e22b61f82ab,640,480,12.02,625,52.0,269,22416,Left,0.449076,0.107528,0.322147,0.202508,0.225096,0.341206,0.155553,0.477994,0.084804,0.577498,0.363809,0.341998,0.302395,0.512537,0.268235,0.652721,0.235189,0.786443,0.485328,0.34828,0.499565,0.526155,0.502642,0.686658,0.501316,0.831848,0.577121,0.360139,0.623934,0.522616,0.636912,0.66444,0.644933,0.793125,0.638363,0.374247,0.72072,0.500921,0.777598,0.585207,0.823731,0.673846
record1_2.mp4,1a5008d3e2e358a67d1d067f0fe8dae92b9e9370533d9f326db45e22b61f82ab,640,480,12.02,625,52.0,270,22500,Left,0.443985,0.11272,0.316206,0.201175,0.224687,0.348858,0.15398,0.489415,0.078312,0.583019,0.356344,0.325976,0.302283,0.456089,0.262908,0.564001,0.223686,0.671419,0.474401,0.33842,0.489433,0.515107,0.49616,0.670519,0.497199,0.817929,0.567582,0.353815,0.615579,0.517872,0.635556,0.65906,0.647799,0.787535,0.629454,0.363543,0.715503,0.498807,0.774682,0.584732,0.82432,0.672085
record1_2.mp4,1a5008d3e2e358a67d1d067f0fe8dae92b9e9370533d9f326db45e22b61f82ab,640,480,12.02,625,52.0,271,22583,Left,0.450733,0.117358,0.324146,0.202297,0.228426,0.337394,0.157519,0.479108,0.081876,0.580449,0.361675,0.329175,0.298134,0.494943,0.262919,0.63493,0.227723,0.767179,0.481836,0.342984,0.494908,0.519867,0.500002,0.684578,0.500225,0.834732,0.573982,0.358776,0.62128,0.520394,0.636236,0.66336,0.645329,0.791487,0.63421,0.373639,0.720435,0.500871,0.777945,0.585311,0.825754,0.672186
record1_2.mp4,1a5008d3e2e358a67d1d067f0fe8dae92b9e9370533d9f326db45e22b61f82ab,640,480,12.02,625,52.0,272,22666,Left,0.447438,0.115505,0.322941,0.210022,0.230427,0.344451,0.161018,0.479489,0.08446,0.574442,0.362966,0.349582,0.30002,0.525707,0.265608,0.66533,0.232372,0.792638,0.484843,0.357701,0.496963,0.533398,0.500304,0.69255,0.499397,0.834141,0.576869,0.37007,0.625114,0.528625,0.64041,0.666186,0.648942,0.788136,0.637038,0.385239,0.723167,0.511684,0.779579,0.593953,0.825513,0.681457
record1_2.mp4,1a5008d3e2e358a67d1d067f0fe8dae92b9e9370533d9f326db45e22b61f82ab,640,480,12.02,625,52.0,273,22750,Left,0.447444,0.119158,0.318915,0.210393,0.227749,0.348399,0.156428,0.483614,0.081698,0.584251,0.359965,0.343633,0.299189,0.520731,0.265661,0.661703,0.2332,0.793364,0.48019,0.351679,0.495507,0.529126,0.501664,0.686776,0.505393,0.830203,0.572435,0.364728,0.621423,0.527214,0.640741,0.666966,0.654284,0.790375,0.633494,0.378616,0.718776,0.508236,0.776413,0.591158,0.824173,0.676358
record1_2.mp4,1a5008d3e2e358a67d1d067f0fe8dae92b9e9370533d9f326db45e22b61f82ab,640,480,12.02,625,52.0,274,22833,Left,0.447585,0.121411,0.319397,0.209061,0.226658,0.340351,0.158244,0.476726,0.083783,0.579937,0.357498,0.343348,0.297685,0.519538,0.265031,0.663667,0.232333,0.793966,0.481219,0.351354,0.496566,0.528409,0.500988,0.691375,0.500825,0.834212,0.574596,0.363918,0.622496,0.526772,0.639128,0.670431,0.648488,0.79697,0.635856,0.377393,0.720626,0.504836,0.776585,0.589227,0.821991,0.677469
record1_2.mp4,1a5008d3e2e358a67d1d067f0fe8dae92b9e9370533d9f326db45e22b61f82ab,640,480,12.02,625,52.0,275,22916,Left,0.44849,0.123396,0.321845,0.212643,0.229483,0.342936,0.159833,0.478921,0.085028,0.583174,0.362275,0.347361,0.300606,0.520725,0.26579,0.66297,0.230425,0.793886,0.48465,0.356918,0.497953,0.532611,0.503032,0.691508,0.504472,0.834463,0.577206,0.369585,0.625207,0.534043,0.645032,0.673858,0.658032,0.796762,0.636948,0.382291,0.722331,0.50854,0.778825,0.590355,0.826352,0.675952
record1_2.mp4,1a5008d3e2e358a67d1d067f0fe8dae92b9e9370533d9f326db45e22b61f82ab,640,480,12.02,625,52.0,276,23000,Left,0.446113,0.11608,0.31811,0.204736,0.22759,0.343933,0.157775,0.483899,0.089193,0.588847,0.362824,0.346077,0.30016,0.528998,0.265321,0.668441,0.231014,0.793748,0.484291,0.356347,0.500003,0.537777,0.504749,0.694575,0.506014,0.835162,0.575476,0.367954,0.626317,0.524133,0.64909,0.659944,0.665084,0.779791,0.635332,0.379592,0.724158,0.506042,0.781459,0.580258,0.828445,0.657127
record1_2.mp4,1a5008d3e2e358a67d1d067f0fe8dae92b9e9370533d9f326db45e22b61f82ab,640,480,12.02,625,52.0,277,23083,Left,0.445406,0.117687,0.318816,0.209834,0.227053,0.343333,0.155588,0.480752,0.087174,0.583346,0.36054,0.332533,0.299206,0.525289,0.265639,0.665782,0.234226,0.795845,0.476124,0.337755,0.496664,0.52279,0.503607,0.682258,0.507602,0.826682,0.562811,0.344584,0.616896,0.489651,0.642404,0.622329,0.662397,0.744633,0.61937,0.352895,0.708623,0.455752,0.770069,0.507838,0.82207,0.56571
record1_2.mp4,1a5008d3e2e358a67d1d067f0fe8dae92b9e9370533d9f326db45e22b61f82ab,640,480,12.02,625,52.0,278,23166,Left,0.444432,0.113095,0.321492,0.208268,0.22935,0.338288,0.162416,0.473809,0.092236,0.576306,0.370121,0.346648,0.307368,0.5238,0.270769,0.65569,0.234874,0.779692,0.483302,0.353884,0.508585,0.528651,0.512413,0.679583,0.51103,0.818966,0.565709,0.355017,0.615838,0.499419,0.629035,0.623361,0.636918,0.744102,0.616161,0.353097,0.70699,0.44679,0.768429,0.494126,0.817923,0.551426
record1_2.mp4,1a5008d3e2e358a67d1d067f0fe8dae92b9e9370533d9f326db45e22b61f82ab,640,480,12.02,625,52.0,279,23250,Left,0.446363,0.112802,0.317613,0.203795,0.225898,0.339987,0.162619,0.477352,0.089744,0.577335,0.362372,0.351862,0.303517,0.52903,0.270174,0.668879,0.236345,0.793518,0.480241,0.364014,0.505458,0.537555,0.513696,0.68847,0.511903,0.8228,0.568547,0.370988,0.615365,0.536673,0.627562,0.672655,0.631064,0.796034,0.624152,0.372641,0.694839,0.500586,0.743588,0.59195,0.781862,0.685422
record1_2.mp4,1a5008d3e2e358a67d1d067f0fe8dae92b9e9370533d9f326db45e22b61f82ab,640,480,12.02,625,52.0,280,23333,Left,0.451979,0.113072,0.326317,0.197679,0.232215,0.335562,0.165892,0.475473,0.090219,0.573672,0.367671,0.346255,0.306233,0.522494,0.272008,0.657122,0.237848,0.777716,0.485993,0.360725,0.506381,0.515936,0.510652,0.657677,0.507704,0.788533,0.574765,0.375958,0.619388,0.523245,0.626051,0.652318,0.625381,0.773083,0.632148,0.387224,0.70524,0.513224,0.753359,0.593938,0.788545,0.678232
record1_2.mp4,1a5008d3e2e358a67d1d067f0fe8dae92b9e9370533d9f326db45e22b61f82ab,640,480,12.02,625,52.0,281,23416,Left,0.445627,0.103363,0.32082,0.199164,0.231091,0.341488,0.164862,0.480027,0.091937,0.577859,0.370414,0.336946,0.306724,0.518865,0.269152,0.655541,0.233033,0.780124,0.480399,0.352161,0.50153,0.524864,0.507971,0.672131,0.509743,0.811508,0.563585,0.362405,0.606306,0.521152,0.617309,0.654673,0.625439,0.78187,0.615564,0.367706,0.692781,0.483335,0.746371,0.552035,0.790735,0.624493
record1_2.mp4,1a5008d3e2e358a67d1d067f0fe8dae92b9e9370533d9f326db45e22b61f82ab,640,480,12.02,625,52.0,282,23500,Left,0.445122,0.114655,0.320227,0.204089,0.228378,0.337033,0.162463,0.475706,0.090095,0.579708,0.367467,0.332069,0.307892,0.518009,0.270185,0.665869,0.235066,0.79318,0.487959,0.344362,0.501783,0.527691,0.502101,0.69014,0.499245,0.829348,0.576286,0.360944,0.611968,0.517907,0.615971,0.658324,0.615848,0.77916,0.63059,0.379914,0.709857,0.511486,0.766216,0.595078,0.808531,0.674158
record1_2.mp4,1a5008d3e2e358a67d1d067f0fe8dae92b9e9370533d9f326db45e22b61f82ab,640,480,12.02,625,52.0,283,23583,Left,0.440249,0.105551,0.30971,0.20412,0.223308,0.343597,0.157352,0.485624,0.090961,0.593726,0.366131,0.320002,0.30472,0.526132,0.268489,0.668558,0.234667,0.79331,0.482346,0.332067,0.499779,0.527103,0.503707,0.688629,0.503884,0.831351,0.5669,0.348314,0.608198,0.498086,0.618457,0.639374,0.623729,0.760533,0.61886,0.367456,0.704963,0.482851,0.762782,0.548313,0.808044,0.61237
record1_2.mp4,1a5008d3e2e358a67d1d067f0fe8dae92b9e9370533d9f326db45e22b61f82ab,640,480,12.02,625,52.0,284,23666,Left,0.441942,0.110929,0.312596,0.211028,0.222677,0.345465,0.157366,0.479961,0.09043,0.57732,0.366916,0.33568,0.306293,0.530506,0.268152,0.670956,0.233795,0.796074,0.482405,0.34449,0.498782,0.531979,0.502401,0.689024,0.501837,0.828114,0.566479,0.354754,0.606112,0.504715,0.618197,0.640572,0.62545,0.765625,0.61884,0.365255,0.701347,0.465346,0.761833,0.522283,0.808696,0.584557
record1_2.mp4,1a5008d3e2e358a67d1d067f0fe8dae92b9e9370533d9f326db45e22b61f82ab,640,480,12.02,625,52.0,285,23750,Left,0.443165,0.109579,0.313887,0.208222,0.225055,0.342454,0.162283,0.477382,0.091924,0.571207,0.365636,0.336084,0.306481,0.535722,0.267672,0.67608,0.233605,0.796155,0.483337,0.345831,0.500301,0.532404,0.502058,0.690426,0.500198,0.827405,0.568713,0.357514,0.607779,0.509791,0.618442,0.648033,0.624278,0.773241,0.621367,0.369907,0.707425,0.473733,0.769565,0.533411,0.81568,0.595032
record1_2.mp4,1a5008d3e2e358a67d1d067f0fe8dae92b9e9370533d9f326db45e22b61f82ab,640,480,12.02,625,52.0,286,23833,Left,0.441982,0.105839,0.313768,0.205487,0.227458,0.341764,0.16132,0.477414,0.093079,0.576788,0.366863,0.330981,0.304755,0.53156,0.267146,0.67476,0.234101,0.799395,0.482146,0.338679,0.498911,0.529892,0.502254,0.690192,0.502401,0.827359,0.56748,0.351448,0.609919,0.507298,0.620124,0.645885,0.625641,0.770314,0.622489,0.36748,0.714317,0.477865,0.7784,0.541121,0.826257,0.606272
record1_2.mp4,1a5008d3e2e358a67d1d067f0fe8dae92b9e9370533d9f326db45e22b61f82ab,640,480,12.02,625,52.0,287,23916,Left,0.442051,0.107735,0.313721,0.207498,0.225467,0.344276,0.161206,0.481236,0.091715,0.580122,0.366151,0.331128,0.305078,0.529357,0.268403,0.672748,0.234538,0.798948,0.482135,0.340691,0.49762,0.529056,0.501088,0.688545,0.500105,0.828407,0.569651,0.353674,0.609571,0.506652,0.618718,0.642816,0.622827,0.763519,0.626286,0.368931,0.715052,0.484309,0.776321,0.552279,0.822221,0.619075
record1_2.mp4,1a5008d3e2e358a67d1d067f0fe8dae92b9e9370533d9f326db45e22b61f82ab,640,480,12.02,625,52.0,288,24000,Left,0.443264,0.11413,0.31254,0.208596,0.222249,0.343725,0.158824,0.480852,0.090084,0.582731,0.364447,0.325773,0.303428,0.523729,0.265869,0.671068,0.231862,0.800888,0.483334,0.337569,0.4993,0.529805,0.501792,0.690078,0.501561,0.831324,0.571942,0.353416,0.610309,0.511123,0.618334,0.650391,0.6229,0.771218,0.627828,0.372053,0.717223,0.495856,0.779456,0.568744,0.825853,0.638269
record1_2.mp4,1a5008d3e2e358a67d1d067f0fe8dae92b9e9370533d9f326db45e22b61f82ab,640,480,12.02,625,52.0,289,24083,Left,0.442575,0.123347,0.310477,0.214594,0.222923,0.350552,0.153428,0.487503,0.086531,0.596047,0.365007,0.322497,0.299658,0.522387,0.263229,0.668837,0.23012,0.798185,0.482761,0.336812,0.49961,0.526084,0.502736,0.687874,0.502935,0.833929,0.569176,0.354237,0.610485,0.504511,0.621804,0.643406,0.627603,0.761829,0.622652,0.371963,0.712573,0.48952,0.774797,0.559109,0.824293,0.627143
record1_2.mp4,1a5008d3e2e358a67d1d067f0fe8dae92b9e9370533d9f326db45e22b61f82ab,640,480,12.02,625,52.0,290,24166,Left,0.439676,0.119332,0.305803,0.214896,0.219419,0.346841,0.152817,0.482629,0.088832,0.592052,0.362388,0.333366,0.301006,0.525671,0.265153,0.666523,0.23234,0.794354,0.481121,0.344314,0.498054,0.52873,0.504107,0.687641,0.505949,0.832164,0.568448,0.359283,0.610631,0.505139,0.621096,0.644138,0.624529,0.766317,0.62311,0.375386,0.717068,0.482459,0.784539,0.54936,0.836923,0.620028
record1_2.mp4,1a5008d3e2e358a67d1d067f0fe8dae92b9e9370533d9f326db45e22b61f82ab,640,480,12.02,625,52.0,291,24250,Left,0.44154,0.1149,0.310518,0.206894,0.220831,0.340419,0.154415,0.478852,0.085212,0.587732,0.364709,0.319186,0.300669,0.520429,0.263697,0.668724,0.229901,0.79764,0.485357,0.335139,0.499202,0.526862,0.502008,0.690572,0.501632,0.833933,0.574037,0.356234,0.61315,0.511037,0.618666,0.654311,0.619459,0.777172,0.628759,0.379728,0.722449,0.50545,0.787844,0.585668,0.837469,0.663374
record1_2.mp4,1a5008d3e2e358a67d1d067f0fe8dae92b9e9370533d9f326db45e22b61f82ab,640,480,12.02,625,52.0,292,24333,Left,0.444354,0.116417,0.312552,0.206754,0.223677,0.342678,0.155992,0.483395,0.086627,0.591124,0.364454,0.333783,0.301789,0.529677,0.266027,0.672202,0.234729,0.79862,0.482977,0.347294,0.496986,0.535843,0.501208,0.695148,0.504597,0.838975,0.571523,0.364176,0.609963,0.522362,0.619411,0.660076,0.626608,0.781949,0.629122,0.381773,0.72002,0.507678,0.784246,0.587917,0.83344,0.667184
record1_2.mp4,1a5008d3e2e358a67d1d067f0fe8dae92b9e9370533d9f326db45e22b61f82ab,640,480,12.02,625,52.0,293,24416,Left,0.442315,0.113393,0.311328,0.205182,0.222908,0.342269,0.152632,0.483769,0.087395,0.595483,0.360724,0.3257,0.29642,0.527305,0.2639,0.672373,0.235439,0.796422,0.479282,0.336848,0.497254,0.529659,0.505237,0.69173,0.509655,0.831351,0.567246,0.350973,0.612243,0.507238,0.622237,0.650653,0.625129,0.772772,0.621458,0.364605,0.719788,0.480428,0.791145,0.551213,0.84586,0.621747
record1_2.mp4,1a5008d3e2e358a67d1d067f0fe8dae92b9e9370533d9f326db45e22b61f82ab,640,480,12.02,625,52.0,294,24500,Left,0.44146,0.103991,0.312887,0.203926,0.221818,0.343109,0.155811,0.481015,0.086501,0.587489,0.362776,0.333335,0.299103,0.527013,0.26181,0.669171,0.228296,0.795006,0.481771,0.34463,0.496919,0.531239,0.501106,0.69117,0.501119,0.83274,0.570499,0.35817,0.609951,0.511878,0.617527,0.649666,0.620015,0.771333,0.626836,0.372339,0.720959,0.500256,0.785445,0.582845,0.833112,0.662632
record1_2.mp4,1a5008d3e2e358a67d1d067f0fe8dae92b9e9370533d9f326db45e22b61f82ab,640,480,12.02,625,52.0,295,24583,Left,0.443796,0.11068,0.313484,0.204122,0.223338,0.340157,0.155976,0.479741,0.08742,0.590704,0.363904,0.324612,0.299021,0.523682,0.262389,0.671854,0.229571,0.799837,0.482809,0.337454,0.498959,0.527125,0.502728,0.688558,0.502874,0.830001,0.571011,0.353652,0.612354,0.510662,0.619214,0.651639,0.620901,0.773674,0.627454,0.370983,0.721514,0.49839,0.786305,0.581544,0.83363,0.660884
record1_2.mp4,1a5008d3e2e358a67d1d067f0fe8dae92b9e9370533d9f326db45e22b61f82ab,640,480,12.02,625,52.0,296,24666,Left,0.437394,0.109651,0.308535,0.203981,0.223746,0.344821,0.15487,0.487035,0.088204,0.599133,0.361806,0.320983,0.298072,0.523221,0.263553,0.671401,0.231841,0.798305,0.47953,0.330348,0.500776,0.522128,0.507534,0.687536,0.509773,0.829957,0.567184,0.342806,0.613575,0.497989,0.62341,0.642389,0.624435,0.764471,0.622721,0.354562,0.726453,0.469137,0.801352,0.540602,0.856026,0.609326
record1_2.mp4,1a5008d3e2e358a67d1d067f0fe8dae92b9e9370533d9f326db45e22b61f82ab,640,480,12.02,625,52.0,297,24750,Left,0.438541,0.10688,0.310817,0.208898,0.224305,0.344985,0.155151,0.478907,0.091313,0.587664,0.365902,0.331786,0.302671,0.530778,0.265211,0.674871,0.232129,0.80287,0.480625,0.338309,0.496574,0.532933,0.503715,0.694386,0.509337,0.836795,0.567892,0.345699,0.612137,0.499449,0.625137,0.640102,0.631154,0.764454,0.624935,0.35255,0.729185,0.459632,0.800617,0.528124,0.853748,0.59702
record1_2.mp4,1a5008d3e2e358a67d1d067f0fe8dae92b9e9370533d9f326db45e22b61f82ab,640,480,12.02,625,52.0,298,24833,Left,0.44727,0.11876,0.318811,0.214304,0.226526,0.344831,0.155532,0.476428,0.088452,0.582729,0.364539,0.347379,0.297126,0.536329,0.261866,0.675867,0.231052,0.799681,0.48306,0.360682,0.493147,0.546724,0.500209,0.701723,0.504539,0.838899,0.57329,0.370645,0.609308,0.518611,0.618112,0.654842,0.621803,0.776639,0.633135,0.37796,0.730533,0.493211,0.794253,0.577454,0.839791,0.660321
record1_2.mp4,1a5008d3e2e358a67d1d067f0fe8dae92b9e9370533d9f326db45e22b61f82ab,640,480,12.02,625,52.0,299,24916,Left,0.44231,0.113492,0.312238,0.209741,0.222162,0.34327,0.154637,0.477985,0.085574,0.581784,0.36174,0.33311,0.296728,0.530288,0.2608,0.671431,0.22854,0.793254,0.480905,0.345715,0.499024,0.536092,0.503768,0.692466,0.503965,0.831576,0.56831,0.356763,0.613264,0.51162,0.623681,0.649382,0.626823,0.771809,0.623673,0.36558,0.721428,0.488165,0.785909,0.56819,0.831913,0.647055
record1_2.mp4,1a5008d3e2e358a67d1d067f0fe8dae92b9e9370533d9f326db45e22b61f82ab,640,480,12.02,625,52.0,300,25000,Left,0.44,0.124181,0.309423,0.219885,0.219573,0.348457,0.153166,0.47928,0.084781,0.583272,0.356226,0.334938,0.295768,0.530306,0.262605,0.673854,0.23218,0.800029,0.475696,0.342425,0.49714,0.529302,0.505807,0.687546,0.509632,0.826593,0.564559,0.349096,0.611731,0.50106,0.623133,0.642781,0.626926,0.767896,0.620474,0.35506,0.722604,0.459413,0.791401,0.527376,0.842652,0.59619
record1_2.mp4,1a5008d3e2e358a67d1d067f0fe8dae92b9e9370533d9f326db45e22b61f82ab,640,480,12.02,625,52.0,301,25083,Left,0.443601,0.107255,0.311621,0.202515,0.220792,0.337382,0.154426,0.474855,0.085086,0.583978,0.35967,0.329966,0.295188,0.531069,0.259332,0.675597,0.228204,0.798475,0.480215,0.342783,0.497714,0.531574,0.502863,0.690795,0.504271,0.827761,0.569242,0.355313,0.611543,0.511444,0.618667,0.650071,0.620619,0.771957,0.626452,0.368123,0.724328,0.49408,0.790037,0.576465,0.837598,0.656017
record1_2.mp4,1a5008d3e2e358a67d1d067f0fe8dae92b9e9370533d9f326db45e22b61f82ab,640,480,12.02,625,52.0,302,25166,Left,0.441758,0.103039,0.311217,0.201314,0.21958,0.337774,0.154229,0.47563,0.089869,0.585264,0.36113,0.336956,0.29675,0.534366,0.261173,0.676765,0.229611,0.799916,0.481046,0.34604,0.495918,0.535152,0.500183,0.695373,0.501051,0.832741,0.570198,0.358921,0.610483,0.521378,0.618012,0.659203,0.62122,0.779444,0.627817,0.374364,0.725143,0.50238,0.790156,0.582608,0.838419,0.660786
record1_2.mp4,1a5008d3e2e358a67d1d067f0fe8dae92b9e9370533d9f326db45e22b61f82ab,640,480,12.02,625,52.0,303,25250,Left,0.44433,0.120336,0.314652,0.209043,0.222976,0.343483,0.154023,0.479302,0.083742,0.582041,0.364262,0.33493,0.29777,0.53025,0.261409,0.67362,0.229433,0.797593,0.485508,0.349008,0.498959,0.534341,0.501683,0.692962,0.501113,0.831067,0.574782,0.364834,0.615018,0.519374,0.6215,0.655289,0.623031,0.772402,0.631896,0.380068,0.729013,0.50541,0.793029,0.586703,0.839269,0.66554
record1_2.mp4,1a5008d3e2e358a67d1d067f0fe8dae92b9e9370533d9f326db45e22b61f82ab,640,480,12.02,625,52.0,304,25333,Left,0.447401,0.12137,0.320662,0.215492,0.227008,0.357069,0.158088,0.491341,0.085899,0.571756,0.383315,0.351755,0.321555,0.533531,0.280546,0.664348,0.242557,0.786719,0.499439,0.367543,0.531135,0.542291,0.557041,0.686727,0.577969,0.825357,0.586385,0.383541,0.653014,0.566699,0.693635,0.705676,0.728132,0.842831,0.636918,0.394821,0.730018,0.519409,0.798152,0.591065,0.853331,0.667288
record1_2.mp4,1a5008d3e2e358a67d1d067f0fe8dae92b9e9370533d9f326db45e22b61f82ab,640,480,12.02,625,52.0,305,25416,Left,0.450533,0.143538,0.319187,0.242629,0.227783,0.368011,0.15374,0.48985,0.084611,0.574598,0.381242,0.397914,0.327315,0.556464,0.294887,0.676428,0.264768,0.791711,0.498144,0.412999,0.548203,0.605043,0.598657,0.764783,0.6438,0.915379,0.591792,0.417678,0.676646,0.595407,0.739069,0.72875,0.791198,0.855768,0.652777,0.41147,0.750258,0.530457,0.8106,0.601576,0.860285,0.677356
record1_2.mp4,1a5008d3e2e358a67d1d067f0fe8dae92b9e9370533d9f326db45e22b61f82ab,640,480,12.02,625,52.0,306,25500,Left,0.444284,0.162576,0.320851,0.256765,0.233021,0.37693,0.157917,0.490536,0.084209,0.571802,0.377306,0.440773,0.32934,0.58375,0.301586,0.691474,0.272934,0.794954,0.49472,0.44568,0.562609,0.627272,0.613917,0.76427,0.656162,0.89235,0.587023,0.431871,0.685863,0.587704,0.752993,0.69688,0.806196,0.798677,0.649094,0.405688,0.755021,0.523786,0.818368,0.594494,0.87305,0.667776
record1_2.mp4,1a5008d3e2e358a67d1d067f0fe8dae92b9e9370533d9f326db45e22b61f82ab,640,480,12.02,625,52.0,307,25583,Left,0.448427,0.13759,0.320548,0.229884,0.232657,0.358444,0.158625,0.476488,0.086611,0.565335,0.389,0.375464,0.331758,0.537288,0.310658,0.667971,0.29337,0.794163,0.507545,0.384722,0.554717,0.569028,0.589196,0.713686,0.61868,0.851995,0.59881,0.384942,0.681661,0.55122,0.73117,0.676971,0.772233,0.7959,0.6529,0.375568,0.767661,0.487057,0.836745,0.555061,0.894069,0.622996
record1_2.mp4,1a5008d3e2e358a67d1d067f0fe8dae92b9e9370533d9f326db45e22b61f82ab,640,480,12.02,625,52.0,308,25666,Left,0.455445,0.142826,0.326889,0.225126,0.235167,0.356356,0.163046,0.476225,0.089706,0.5638,0.398511,0.389532,0.353918,0.553348,0.335151,0.678369,0.320961,0.806694,0.523511,0.403509,0.55457,0.569624,0.580825,0.704586,0.608391,0.844592,0.618263,0.404594,0.687885,0.548227,0.732889,0.665267,0.773592,0.785965,0.677839,0.39209,0.775085,0.494782,0.839605,0.559007,0.895385,0.630197
record1_2.mp4,1a5008d3e2e358a67d1d067f0fe8dae92b9e9370533d9f326db45e22b61f82ab,640,480,12.02,625,52.0,309,25750,Left,0.463579,0.124694,0.33448,0.217574,0.241818,0.353387,0.161835,0.479955,0.085152,0.566638,0.407986,0.375727,0.370697,0.537636,0.356584,0.673602,0.343198,0.811741,0.533314,0.38242,0.557916,0.558578,0.583236,0.706111,0.604518,0.851228,0.629739,0.385291,0.694512,0.546604,0.734627,0.675238,0.765309,0.799308,0.689859,0.379184,0.7856,0.493904,0.847003,0.570088,0.899279,0.654544
record1_2.mp4,1a5008d3e2e358a67d1d067f0fe8dae92b9e9370533d9f326db45e22b61f82ab,640,480,12.02,625,52.0,310,25833,Left,0.456362,0.111519,0.327668,0.215163,0.239956,0.342995,0.16189,0.466891,0.09707,0.568534,0.411332,0.333728,0.374289,0.470834,0.361263,0.600748,0.34895,0.734799,0.536054,0.346326,0.561448,0.528819,0.584054,0.68765,0.601903,0.837579,0.629908,0.359062,0.695292,0.525896,0.73529,0.667386,0.764019,0.796733,0.6842,0.361882,0.783005,0.478322,0.844036,0.56384,0.895407,0.653071
record1_2.mp4,1a5008d3e2e358a67d1d067f0fe8dae92b9e9370533d9f326db45e22b61f82ab,640,480,12.02,625,52.0,311,25916,Left,0.450466,0.087339,0.330179,0.194217,0.24973,0.325742,0.179383,0.461765,0.116434,0.577209,0.421602,0.308777,0.381834,0.451986,0.366298,0.586271,0.347355,0.71926,0.547588,0.328419,0.571297,0.517049,0.591331,0.685886,0.60347,0.836955,0.640951,0.347335,0.703107,0.513498,0.738226,0.664401,0.76021,0.799906,0.695415,0.355141,0.793944,0.470031,0.853985,0.564643,0.900901,0.66089
record1_2.mp4,1a5008d3e2e358a67d1d067f0fe8dae92b9e9370533d9f326db45e22b61f82ab,640,480,12.02,625,52.0,312,26000,Left,0.451211,0.088755,0.335054,0.184817,0.262683,0.340131,0.213118,0.489099,0.152757,0.602681,0.428656,0.309346,0.410947,0.458516,0.395471,0.594205,0.375863,0.725726,0.553453,0.320807,0.58485,0.516188,0.599301,0.685944,0.603255,0.838944,0.64381,0.332698,0.711286,0.50791,0.74021,0.657827,0.756777,0.789739,0.696583,0.337253,0.802089,0.463095,0.870713,0.564134,0.923416,0.664495
record1_2.mp4,1a5008d3e2e358a67d1d067f0fe8dae92b9e9370533d9f326db45e22b61f82ab,640,480,12.02,625,52.0,313,26083,Left,0.468506,0.107702,0.352092,0.207834,0.279416,0.364436,0.235289,0.516771,0.168194,0.619238,0.445869,0.331206,0.420168,0.455184,0.401741,0.570652,0.380814,0.682608,0.574201,0.346997,0.599476,0.52814,0.610269,0.692174,0.609839,0.836769,0.665576,0.364014,0.729352,0.520804,0.751735,0.666525,0.763298,0.79352,0.715931,0.377741,0.81676,0.493688,0.883682,0.589972,0.937539,0.687257
record1_2.mp4,1a5008d3e2e358a67d1d067f0fe8dae92b9e9370533d9f326db45e22b61f82ab,640,480,12.02,625,52.0,314,26166,Left,0.468164,0.120904,0.349803,0.215567,0.279218,0.354217,0.232651,0.501293,0.168033,0.619887,0.43593,0.342158,0.40973,0.470402,0.39437,0.5826,0.374821,0.68925,0.570053,0.359084,0.601945,0.532401,0.610696,0.698699,0.603875,0.84272,0.665674,0.374861,0.73917,0.518266,0.763165,0.665382,0.768297,0.789256,0.716581,0.386502,0.820258,0.493998,0.887847,0.585003,0.941203,0.674418
record1_2.mp4,1a5008d3e2e358a67d1d067f0fe8dae92b9e9370533d9f326db45e22b61f82ab,640,480,12.02,625,52.0,315,26250,Left,0.476966,0.143376,0.35749,0.234784,0.283281,0.351257,0.230171,0.498073,0.169962,0.627333,0.444429,0.388799,0.401952,0.593322,0.381372,0.742823,0.36036,0.866983,0.578996,0.41051,0.598777,0.586331,0.603462,0.739789,0.592399,0.855441,0.672989,0.418143,0.743204,0.558193,0.763366,0.688169,0.763292,0.788925,0.723453,0.424665,0.82835,0.522009,0.897079,0.604303,0.94481,0.681396
record1_2.mp4,1a5008d3e2e358a67d1d067f0fe8dae92b9e9370533d9f326db45e22b61f82ab,640,480,12.02,625,52.0,316,26333,Left,0.470298,0.16138,0.344321,0.252748,0.275085,0.362742,0.22131,0.508697,0.163425,0.62896,0.446506,0.416706,0.408438,0.610264,0.392572,0.759138,0.377686,0.882498,0.58107,0.43155,0.602587,0.594394,0.612293,0.73972,0.607734,0.84244,0.672654,0.436401,0.737697,0.568674,0.762882,0.694096,0.766981,0.787693,0.722697,0.436483,0.822488,0.525627,0.890297,0.603698,0.93575,0.673236
record1_2.mp4,1a5008d3e2e358a67d1d067f0fe8dae92b9e9370533d9f326db45e22b61f82ab,640,480,12.02,625,52.0,317,26416,Left,0.472183,0.172528,0.344334,0.267658,0.271942,0.380883,0.220542,0.527965,0.161583,0.629911,0.438811,0.420575,0.400385,0.608284,0.385043,0.755523,0.371447,0.877808,0.574579,0.431044,0.596128,0.596391,0.609244,0.743073,0.606831,0.844579,0.670461,0.434434,0.738517,0.574518,0.765031,0.700472,0.7702,0.790925,0.724701,0.43659,0.823332,0.52902,0.892458,0.606405,0.93952,0.672943
record1_2.mp4,1a5008d3e2e358a67d1d067f0fe8dae92b9e9370533d9f326db45e22b61f82ab,640,480,12.02,625,52.0,318,26500,Left,0.469752,0.1662,0.340878,0.264237,0.27005,0.373691,0.21643,0.521091,0.160513,0.630703,0.439618,0.440583,0.3928,0.636046,0.37861,0.77768,0.367239,0.885427,0.576718,0.45103,0.600013,0.627314,0.609277,0.763408,0.601104,0.84427,0.673077,0.450152,0.740435,0.594008,0.761664,0.713734,0.760912,0.792693,0.727664,0.44422,0.829554,0.530782,0.896454,0.607458,0.938045,0.670601
record1_2.mp4,1a5008d3e2e358a67d1d067f0fe8dae92b9e9370533d9f326db45e22b61f82ab,640,480,12.02,625,52.0,319,26583,Left,0.464601,0.161705,0.343978,0.264127,0.268654,0.379733,0.209253,0.522854,0.152952,0.631875,0.443348,0.430758,0.395412,0.612826,0.376564,0.753989,0.359079,0.863479,0.57702,0.43816,0.596556,0.6232,0.598988,0.762866,0.582684,0.849884,0.673295,0.438851,0.739122,0.600934,0.75838,0.720259,0.752361,0.797629,0.726348,0.439814,0.832957,0.533962,0.896086,0.612075,0.934034,0.677943
record1_2.mp4,1a5008d3e2e358a67d1d067f0fe8dae92b9e9370533d9f326db45e22b61f82ab,640,480,12.02,625,52.0,320,26666,Left,0.469101,0.174744,0.345228,0.275254,0.269433,0.388775,0.209408,0.529926,0.161548,0.631845,0.439681,0.434945,0.39482,0.614033,0.380394,0.753291,0.371159,0.869426,0.57227,0.439169,0.591341,0.611157,0.603863,0.748526,0.602029,0.846093,0.667928,0.437267,0.730518,0.583735,0.756284,0.702755,0.761855,0.790928,0.723319,0.434459,0.821907,0.522234,0.886719,0.59902,0.929133,0.669862
record1_2.mp4,1a5008d3e2e358a67d1d067f0fe8dae92b9e9370533d9f326db45e22b61f82ab,640,480,12.02,625,52.0,321,26750,Left,0.470796,0.168816,0.346259,0.262269,0.270933,0.376216,0.212965,0.520703,0.161668,0.627385,0.445674,0.439638,0.392293,0.62444,0.375803,0.764428,0.363411,0.873596,0.577998,0.449811,0.597545,0.630638,0.606667,0.76465,0.597792,0.843436,0.670723,0.447266,0.734395,0.598168,0.754609,0.7151,0.753123,0.793646,0.724079,0.437032,0.824547,0.523799,0.888027,0.601575,0.92505,0.664791
record1_2.mp4,1a5008d3e2e358a67d1d067f0fe8dae92b9e9370533d9f326db45e22b61f82ab,640,480,12.02,625,52.0,322,26833,Left,0.46238,0.158395,0.345209,0.261035,0.270799,0.378556,0.210547,0.523711,0.154292,0.627532,0.440205,0.430756,0.390799,0.623918,0.37096,0.766962,0.354549,0.87386,0.572987,0.439366,0.588222,0.628362,0.594557,0.768986,0.582536,0.849135,0.668996,0.437608,0.734844,0.606808,0.75918,0.725141,0.757487,0.797483,0.725362,0.433742,0.829701,0.530722,0.895223,0.612223,0.933097,0.677229
record1_2.mp4,1a5008d3e2e358a67d1d067f0fe8dae92b9e9370533d9f326db45e22b61f82ab,640,480,12.02,625,52.0,323,26916,Left,0.462288,0.157292,0.346708,0.263904,0.272478,0.385175,0.212857,0.532446,0.15474,0.63306,0.439713,0.442188,0.392548,0.633533,0.374835,0.767615,0.360972,0.866474,0.570652,0.447766,0.584908,0.63291,0.592131,0.770383,0.582794,0.848803,0.665263,0.440781,0.732139,0.600522,0.75823,0.71731,0.760314,0.792687,0.720649,0.430731,0.823523,0.523335,0.890845,0.601765,0.934149,0.66817
record1_2.mp4,1a5008d3e2e358a67d1d067f0fe8dae92b9e9370533d9f326db45e22b61f82ab,640,480,12.02,625,52.0,324,27000,Left,0.465017,0.145827,0.344094,0.252253,0.27146,0.37353,0.213774,0.518272,0.162732,0.631907,0.438962,0.436585,0.397108,0.617258,0.379638,0.751502,0.362877,0.855533,0.570748,0.443848,0.589887,0.619864,0.596615,0.757102,0.584733,0.845585,0.666774,0.440551,0.731979,0.593642,0.759602,0.71244,0.763614,0.795975,0.722034,0.431809,0.827535,0.525526,0.893404,0.60561,0.932133,0.673108
record1_2.mp4,1a5008d3e2e358a67d1d067f0fe8dae92b9e9370533d9f326db45e22b61f82ab,640,480,12.02,625,52.0,325,27083,Left,0.468526,0.155631,0.345232,0.255623,0.269486,0.370305,0.208022,0.512437,0.159425,0.628608,0.433652,0.428394,0.392294,0.606374,0.378333,0.737603,0.36652,0.843155,0.566075,0.439419,0.582882,0.62398,0.593618,0.761465,0.590602,0.855233,0.662866,0.437383,0.72598,0.59319,0.753603,0.710583,0.761382,0.795354,0.719133,0.42727,0.824439,0.518853,0.891105,0.598108,0.935827,0.67068
record1_2.mp4,1a5008d3e2e358a67d1d067f0fe8dae92b9e9370533d9f326db45e22b61f82ab,640,480,12.02,625,52.0,326,27166,Left,0.467624,0.153227,0.342705,0.254849,0.26754,0.37264,0.209181,0.515413,0.164719,0.629822,0.433859,0.407713,0.393359,0.580139,0.374894,0.716774,0.357592,0.836116,0.567093,0.41627,0.585242,0.587685,0.596083,0.734444,0.592917,0.847276,0.663918,0.421009,0.722325,0.570804,0.751785,0.694446,0.762248,0.792402,0.720331,0.423,0.821017,0.51549,0.888167,0.593487,0.934172,0.669852
record1_2.mp4,1a5008d3e2e358a67d1d067f0fe8dae92b9e9370533d9f326db45e22b61f82ab,640,480,12.02,625,52.0,327,27250,Left,0.452284,0.122904,0.335249,0.219032,0.266421,0.349607,0.214435,0.498025,0.166771,0.628163,0.409191,0.319759,0.368002,0.525211,0.352023,0.682876,0.339185,0.824699,0.536291,0.328046,0.57466,0.503766,0.593896,0.667387,0.606974,0.818023,0.628045,0.344092,0.696267,0.497125,0.719688,0.64598,0.733243,0.770446,0.680182,0.366108,0.783414,0.48006,0.84895,0.577925,0.900497,0.672454
record1_2.mp4,1a5008d3e2e358a67d1d067f0fe8dae92b9e9370533d9f326db45e22b61f82ab,640,480,12.02,625,52.0,328,27333,Left,0.447632,0.117218,0.333039,0.210381,0.26733,0.354492,0.218255,0.502101,0.160629,0.617351,0.415743,0.313088,0.371836,0.512794,0.351214,0.668746,0.330377,0.80426,0.538589,0.321965,0.575606,0.480092,0.589864,0.624052,0.591266,0.748511,0.626121,0.339134,0.693168,0.488263,0.70712,0.630342,0.709325,0.746905,0.673434,0.36444,0.773128,0.47693,0.836505,0.567304,0.882518,0.654645
record1_2.mp4,1a5008d3e2e358a67d1d067f0fe8dae92b9e9370533d9f326db45e22b61f82ab,640,480,12.02,625,52.0,329,27416,Left,0.443091,0.096059,0.331144,0.19711,0.268013,0.352546,0.220685,0.499695,0.162488,0.619941,0.398366,0.285637,0.362978,0.472923,0.346306,0.627368,0.33141,0.764099,0.520374,0.289943,0.556127,0.457865,0.567288,0.615528,0.567312,0.748675,0.610846,0.30204,0.674787,0.458736,0.683975,0.61311,0.684108,0.73795,0.666342,0.320101,0.759121,0.450278,0.81262,0.559828,0.846609,0.660612
record1_2.mp4,1a5008d3e2e358a67d1d067f0fe8dae92b9e9370533d9f326db45e22b61f82ab,640,480,12.02,625,52.0,330,27500,Left,0.431948,0.057938,0.325583,0.167146,0.267411,0.330636,0.219645,0.483634,0.160675,0.604478,0.381886,0.238899,0.359744,0.465674,0.348198,0.636385,0.334924,0.784282,0.499781,0.233539,0.547106,0.43857,0.556549,0.620435,0.554101,0.770051,0.590403,0.250651,0.666738,0.433203,0.680634,0.603001,0.681787,0.74151,0.647937,0.281905,0.738337,0.422798,0.787684,0.539416,0.818453,0.648998
record1_2.mp4,1a5008d3e2e358a67d1d067f0fe8dae92b9e9370533d9f326db45e22b61f82ab,640,480,12.02,625,52.0,331,27583,Left,0.434452,0.070078,0.316474,0.187931,0.247415,0.338005,0.193722,0.475642,0.142888,0.608937,0.375747,0.257008,0.355244,0.462583,0.342243,0.632794,0.328393,0.790662,0.497608,0.236085,0.547453,0.432857,0.559222,0.625283,0.56124,0.785425,0.591478,0.245082,0.665319,0.416286,0.685,0.598726,0.685479,0.74629,0.657673,0.268448,0.733132,0.412403,0.775628,0.537317,0.797021,0.650973
record1_2.mp4,1a5008d3e2e358a67d1d067f0fe8dae92b9e9370533d9f326db45e22b61f82ab,640,480,12.02,625,52.0,332,27666,Left,0.433026,0.046781,0.317279,0.155626,0.233632,0.304383,0.164734,0.439028,0.102661,0.555431,0.387851,0.255861,0.364637,0.473322,0.34926,0.638561,0.336033,0.790693,0.502279,0.238792,0.541199,0.45233,0.550821,0.634095,0.554907,0.792091,0.589064,0.243216,0.655822,0.423466,0.675333,0.593925,0.678303,0.733915,0.648803,0.259053,0.729172,0.410605,0.777193,0.52889,0.803201,0.635886
record1_2.mp4,1a5008d3e2e358a67d1d067f0fe8dae92b9e9370533d9f326db45e22b61f82ab,640,480,12.02,625,52.0,333,27750,Left,0.43815,0.038421,0.320778,0.142614,0.239121,0.286638,0.164272,0.421699,0.107103,0.534679,0.39316,0.25321,0.370813,0.465394,0.357743,0.629351,0.347656,0.782721,0.508371,0.24647,0.537529,0.455288,0.548624,0.633501,0.554349,0.797024,0.593763,0.251378,0.650177,0.429049,0.669231,0.588346,0.677034,0.730092,0.649789,0.263339,0.724803,0.407179,0.773476,0.518074,0.809181,0.62933
record1_2.mp4,1a5008d3e2e358a67d1d067f0fe8dae92b9e9370533d9f326db45e22b61f82ab,640,480,12.02,625,52.0,334,27833,Left,0.43281,0.058876,0.310719,0.164699,0.22375,0.299384,0.165084,0.428918,0.108767,0.540864,0.380351,0.291737,0.367222,0.49684,0.360712,0.650212,0.354725,0.784148,0.497447,0.283182,0.53549,0.47763,0.549442,0.644737,0.556309,0.796227,0.583634,0.278779,0.64123,0.442216,0.663991,0.599384,0.673584,0.739989,0.638536,0.279327,0.715356,0.413514,0.763585,0.522246,0.799586,0.631758
record1_2.mp4,1a5008d3e2e358a67d1d067f0fe8dae92b9e9370533d9f326db45e22b61f82ab,640,480,12.02,625,52.0,335,27916,Left,0.433896,0.067666,0.309144,0.170761,0.224661,0.29732,0.165312,0.42615,0.114416,0.542559,0.377709,0.318872,0.369376,0.507428,0.363783,0.64841,0.355906,0.77925,0.493955,0.313871,0.52637,0.493756,0.541376,0.64798,0.549044,0.792659,0.578838,0.309143,0.632157,0.464785,0.655508,0.613618,0.664998,0.746875,0.630682,0.30425,0.704737,0.425134,0.753657,0.524244,0.795478,0.6284
record1_2.mp4,1a5008d3e2e358a67d1d067f0fe8dae92b9e9370533d9f326db45e22b61f82ab,640,480,12.02,625,52.0,336,28000,Left,0.4328,0.06741,0.309618,0.15647,0.22674,0.283015,0.167958,0.413912,0.112995,0.524583,0.372016,0.320714,0.366126,0.503522,0.36266,0.644584,0.356267,0.773437,0.486777,0.317441,0.522496,0.497714,0.54247,0.6489,0.554161,0.787326,0.569865,0.312166,0.624203,0.473992,0.655186,0.619358,0.671652,0.748489,0.620645,0.30183,0.697212,0.427976,0.749648,0.524823,0.792664,0.622219
record1_2.mp4,1a5008d3e2e358a67d1d067f0fe8dae92b9e9370533d9f326db45e22b61f82ab,640,480,12.02,625,52.0,337,28083,Left,0.432037,0.067277,0.308457,0.153635,0.221631,0.280182,0.161847,0.409064,0.107469,0.518907,0.366894,0.30856,0.358749,0.487404,0.35194,0.632566,0.340037,0.762784,0.483601,0.305254,0.521632,0.489155,0.538638,0.649052,0.545891,0.791581,0.56765,0.303807,0.625906,0.467965,0.654029,0.618653,0.664978,0.751077,0.620333,0.299198,0.698581,0.42926,0.75,0.529976,0.788937,0.630296
record1_2.mp4,1a5008d3e2e358a67d1d067f0fe8dae92b9e9370533d9f326db45e22b61f82ab,640,480,12.02,625,52.0,338,28166,Left,0.429073,0.064909,0.306916,0.146227,0.220514,0.261068,0.159749,0.38494,0.112099,0.496411,0.365943,0.310957,0.353745,0.494952,0.341759,0.642409,0.325052,0.776429,0.483842,0.311552,0.522277,0.493527,0.538964,0.650346,0.545969,0.791947,0.567766,0.309864,0.62714,0.468606,0.656826,0.617562,0.669137,0.747764,0.619373,0.302878,0.69904,0.431012,0.749923,0.52819,0.789162,0.626319
record1_2.mp4,1a5008d3e2e358a67d1d067f0fe8dae92b9e9370533d9f326db45e22b61f82ab,640,480,12.02,625,52.0,339,28250,Left,0.434601,0.069062,0.315266,0.146957,0.226774,0.255272,0.163021,0.373995,0.119801,0.486416,0.370594,0.310275,0.348661,0.493281,0.327179,0.638925,0.303795,0.771133,0.485964,0.307802,0.52207,0.495184,0.534648,0.651735,0.54125,0.792646,0.56922,0.30693,0.628709,0.472034,0.656381,0.621265,0.669153,0.753749,0.622997,0.302969,0.701622,0.431425,0.751751,0.529088,0.789544,0.628914
record1_2.mp4,1a5008d3e2e358a67d1d067f0fe8dae92b9e9370533d9f326db45e22b61f82ab,640,480,12.02,625,52.0,340,28333,Left,0.429569,0.067345,0.315043,0.13899,0.229721,0.235579,0.16008,0.341125,0.100345,0.434677,0.369318,0.315369,0.335223,0.498795,0.312014,0.641547,0.289558,0.772027,0.483172,0.31915,0.516119,0.502789,0.528923,0.65425,0.538117,0.793186,0.565026,0.318895,0.625599,0.479003,0.65436,0.624803,0.670832,0.754042,0.616912,0.311568,0.698364,0.434269,0.747914,0.526748,0.785518,0.62079
record1_2.mp4,1a5008d3e2e358a67d1d067f0fe8dae92b9e9370533d9f326db45e22b61f82ab,640,480,12.02,625,52.0,341,28416,Left,0.42942,0.073954,0.305648,0.149344,0.217265,0.265703,0.153011,0.394209,0.100975,0.51439,0.362989,0.313283,0.33601,0.493125,0.315532,0.637951,0.29438,0.769911,0.480159,0.311949,0.517828,0.493979,0.531733,0.648344,0.541763,0.789619,0.563705,0.314499,0.624656,0.473733,0.654168,0.621563,0.670174,0.750572,0.616442,0.315555,0.699055,0.439471,0.751202,0.532326,0.7912,0.627965
record1_2.mp4,1a5008d3e2e358a67d1d067f0fe8dae92b9e9370533d9f326db45e22b61f82ab,640,480,12.02,625,52.0,342,28500,Left,0.43173,0.072086,0.306599,0.155973,0.217967,0.272617,0.155473,0.39764,0.103873,0.512262,0.363669,0.318548,0.334906,0.499355,0.315016,0.641049,0.293443,0.771863,0.482337,0.318958,0.519347,0.500277,0.533027,0.652202,0.539828,0.793519,0.566858,0.319611,0.626904,0.475095,0.653273,0.616884,0.665728,0.745364,0.618961,0.317067,0.700081,0.441645,0.750265,0.532754,0.788358,0.62941
record1_2.mp4,1a5008d3e2e358a67d1d067f0fe8dae92b9e9370533d9f326db45e22b61f82ab,640,480,12.02,625,52.0,343,28583,Left,0.431482,0.073711,0.308339,0.154635,0.221827,0.261134,0.159032,0.380584,0.106036,0.491376,0.366142,0.32474,0.33337,0.502653,0.311827,0.643361,0.288594,0.773351,0.482258,0.323477,0.51796,0.500552,0.531661,0.652381,0.53819,0.794935,0.566157,0.321993,0.626772,0.474632,0.65385,0.61785,0.665721,0.74694,0.619337,0.317491,0.701098,0.441442,0.750022,0.532709,0.787286,0.630716
record1_2.mp4,1a5008d3e2e358a67d1d067f0fe8dae92b9e9370533d9f326db45e22b61f82ab,640,480,12.02,625,52.0,344,28666,Left,0.433443,0.073714,0.310967,0.151576,0.220984,0.266284,0.155993,0.391109,0.106268,0.509391,0.363304,0.322055,0.333249,0.496292,0.313519,0.638982,0.293185,0.771167,0.47982,0.320857,0.517547,0.498329,0.532992,0.648266,0.543318,0.789177,0.563731,0.321359,0.621202,0.47357,0.649664,0.617614,0.664617,0.746994,0.618068,0.317417,0.698148,0.439556,0.748269,0.530798,0.786446,0.626958
record1_2.mp4,1a5008d3e2e358a67d1d067f0fe8dae92b9e9370533d9f326db45e22b61f82ab,640,480,12.02,625,52.0,345,28750,Left,0.432662,0.079255,0.306471,0.167154,0.21975,0.284605,0.161057,0.413664,0.111353,0.531421,0.364188,0.325565,0.332968,0.50654,0.313417,0.644736,0.292356,0.772929,0.482633,0.326349,0.516859,0.49767,0.530629,0.646825,0.535326,0.784668,0.566766,0.325352,0.623313,0.471357,0.644311,0.610763,0.651703,0.739788,0.618553,0.320381,0.699682,0.438158,0.748399,0.527166,0.785101,0.623897
record1_2.mp4,1a5008d3e2e358a67d1d067f0fe8dae92b9e9370533d9f326db45e22b61f82ab,640,480,12.02,625,52.0,346,28833,Left,0.431725,0.080229,0.309396,0.163493,0.221267,0.275947,0.156385,0.394687,0.104819,0.502456,0.364119,0.324484,0.334713,0.498547,0.314085,0.637598,0.291612,0.770481,0.481552,0.32162,0.516026,0.495964,0.531734,0.646374,0.540616,0.790153,0.565722,0.321594,0.623844,0.473609,0.651446,0.614942,0.664328,0.743347,0.618925,0.318685,0.698662,0.44189,0.748531,0.530346,0.786952,0.625947
record1_2.mp4,1a5008d3e2e358a67d1d067f0fe8dae92b9e9370533d9f326db45e22b61f82ab,640,480,12.02,625,52.0,347,28916,Left,0.431567,0.076776,0.312005,0.152949,0.224064,0.258223,0.155892,0.370035,0.095079,0.46404,0.362536,0.318173,0.329932,0.499025,0.310466,0.640295,0.290452,0.772016,0.478952,0.321385,0.514421,0.498848,0.530647,0.649137,0.540641,0.791144,0.563407,0.322734,0.622614,0.475814,0.649209,0.617358,0.662612,0.745456,0.617267,0.318914,0.698603,0.443465,0.748224,0.534066,0.785346,0.629114
record1_2.mp4,1a5008d3e2e358a67d1d067f0fe8dae92b9e9370533d9f326db45e22b61f82ab,640,480,12.02,625,52.0,348,29000,Left,0.430243,0.081482,0.307039,0.163672,0.216004,0.287437,0.146299,0.414575,0.087064,0.524552,0.357235,0.334859,0.329984,0.510723,0.311642,0.644528,0.291183,0.771581,0.474993,0.33536,0.51031,0.504909,0.529281,0.648913,0.542838,0.785433,0.560041,0.33488,0.616958,0.482141,0.645915,0.61853,0.663389,0.743812,0.615143,0.329056,0.695849,0.450723,0.747533,0.536035,0.788653,0.626378
record1_2.mp4,1a5008d3e2e358a67d1d067f0fe8dae92b9e9370533d9f326db45e22b61f82ab,640,480,12.02,625,52.0,349,29083,Left,0.431556,0.08138,0.304322,0.167994,0.212306,0.292274,0.149214,0.423247,0.088195,0.529236,0.363932,0.328902,0.332388,0.507016,0.311359,0.638509,0.288454,0.76793,0.483165,0.333449,0.512527,0.50371,0.528926,0.648208,0.53697,0.786297,0.566833,0.336927,0.622102,0.48538,0.647679,0.619316,0.66036,0.746642,0.617688,0.336297,0.698664,0.451887,0.75114,0.534472,0.791717,0.62834
record1_2.mp4,1a5008d3e2e358a67d1d067f0fe8dae92b9e9370533d9f326db45e22b61f82ab,640,480,12.02,625,52.0,350,29166,Left,0.426024,0.083583,0.30168,0.173842,0.211711,0.302059,0.146879,0.429677,0.085069,0.527953,0.362845,0.33902,0.333198,0.514542,0.314615,0.642306,0.293353,0.767268,0.480112,0.342345,0.507565,0.512214,0.525012,0.651281,0.535962,0.785709,0.564092,0.339282,0.620046,0.488378,0.654977,0.618883,0.678687,0.740811,0.616088,0.330181,0.698795,0.441374,0.75772,0.510915,0.809423,0.588062
record1_2.mp4,1a5008d3e2e358a67d1d067f0fe8dae92b9e9370533d9f326db45e22b61f82ab,640,480,12.02,625,52.0,351,29250,Left,0.436935,0.095982,0.31012,0.178583,0.217884,0.303461,0.145378,0.428378,0.083463,0.52667,0.370959,0.334506,0.333486,0.509324,0.31391,0.636248,0.293779,0.766366,0.490451,0.343994,0.514276,0.507056,0.537181,0.644235,0.555888,0.783582,0.575907,0.350257,0.632265,0.502645,0.676923,0.632699,0.710697,0.760755,0.625771,0.350908,0.707062,0.447682,0.769732,0.506816,0.825026,0.577563
record1_2.mp4,1a5008d3e2e358a67d1d067f0fe8dae92b9e9370533d9f326db45e22b61f82ab,640,480,12.02,625,52.0,352,29333,Left,0.439982,0.102088,0.311113,0.185668,0.217458,0.307057,0.143407,0.428964,0.078701,0.525978,0.369251,0.343817,0.330357,0.521526,0.31272,0.648275,0.295219,0.772198,0.489581,0.352014,0.513794,0.516994,0.535947,0.650309,0.551871,0.77796,0.576487,0.354962,0.632993,0.508939,0.672748,0.637175,0.700662,0.757733,0.627286,0.349708,0.709581,0.446992,0.771989,0.511108,0.825495,0.581171
record1_2.mp4,1a5008d3e2e358a67d1d067f0fe8dae92b9e9370533d9f326db45e22b61f82ab,640,480,12.02,625,52.0,353,29416,Left,0.436472,0.110639,0.305676,0.184014,0.211758,0.30638,0.144721,0.43497,0.088464,0.541503,0.370155,0.35132,0.331885,0.533989,0.31358,0.657546,0.294719,0.773318,0.493697,0.367159,0.520854,0.539805,0.530485,0.668008,0.529901,0.785861,0.579896,0.373374,0.630431,0.52697,0.644697,0.643376,0.646276,0.74868,0.629288,0.369334,0.716125,0.472566,0.775795,0.538838,0.821796,0.607579
record1_2.mp4,1a5008d3e2e358a67d1d067f0fe8dae92b9e9370533d9f326db45e22b61f82ab,640,480,12.02,625,52.0,354,29500,Left,0.432864,0.109344,0.303842,0.193236,0.215798,0.317099,0.150486,0.439563,0.083747,0.532841,0.363111,0.364174,0.33261,0.545049,0.317211,0.670936,0.299948,0.785653,0.487042,0.374595,0.514632,0.549955,0.52863,0.680694,0.533936,0.79439,0.578224,0.373774,0.625795,0.530569,0.647316,0.649783,0.658194,0.748436,0.634216,0.363327,0.71927,0.478053,0.780019,0.550154,0.829842,0.617884
record1_2.mp4,1a5008d3e2e358a67d1d067f0fe8dae92b9e9370533d9f326db45e22b61f82ab,640,480,12.02,625,52.0,355,29583,Left,0.427335,0.111851,0.304049,0.192087,0.213775,0.316803,0.148715,0.44003,0.084715,0.535782,0.36253,0.383015,0.328796,0.558677,0.314742,0.684948,0.298082,0.785758,0.4904,0.399274,0.531364,0.583542,0.545519,0.700095,0.547126,0.768005,0.582161,0.398677,0.649151,0.569234,0.674226,0.674393,0.681904,0.738914,0.634969,0.381835,0.724584,0.488948,0.788881,0.558374,0.837052,0.609689
record1_2.mp4,1a5008d3e2e358a67d1d067f0fe8dae92b9e9370533d9f326db45e22b61f82ab,640,480,12.02,625,52.0,356,29666,Left,0.437253,0.128576,0.308307,0.200555,0.214448,0.316596,0.138673,0.43633,0.077892,0.532373,0.362859,0.370544,0.330263,0.531199,0.315078,0.664126,0.297747,0.780267,0.488422,0.382132,0.527157,0.561051,0.547343,0.689491,0.55647,0.791631,0.581787,0.384173,0.648073,0.552194,0.683129,0.670287,0.700773,0.766344,0.636582,0.374264,0.726848,0.486208,0.790002,0.561531,0.837638,0.631049
record1_2.mp4,1a5008d3e2e358a67d1d067f0fe8dae92b9e9370533d9f326db45e22b61f82ab,640,480,12.02,625,52.0,357,29750,Left,0.440482,0.11648,0.307212,0.195577,0.213769,0.318303,0.144002,0.439587,0.091357,0.533752,0.370497,0.358196,0.334648,0.525746,0.312236,0.652363,0.292667,0.780268,0.493842,0.370641,0.513691,0.530998,0.527387,0.665546,0.534661,0.794429,0.585058,0.380016,0.635924,0.520919,0.659768,0.641364,0.67288,0.755727,0.641061,0.382499,0.721316,0.482862,0.776924,0.544968,0.821173,0.616295
record1_2.mp4,1a5008d3e2e358a67d1d067f0fe8dae92b9e9370533d9f326db45e22b61f82ab,640,480,12.02,625,52.0,358,29833,Left,0.431344,0.104685,0.303865,0.194314,0.212608,0.313507,0.144793,0.437642,0.08103,0.537319,0.364101,0.370636,0.330077,0.54958,0.314234,0.675129,0.296221,0.787534,0.490773,0.378962,0.522591,0.55535,0.533626,0.688155,0.535126,0.80187,0.582347,0.377476,0.640143,0.526898,0.661709,0.650235,0.670574,0.756296,0.637617,0.368222,0.723602,0.479346,0.780371,0.552287,0.826351,0.626582
record1_2.mp4,1a5008d3e2e358a67d1d067f0fe8dae92b9e9370533d9f326db45e22b61f82ab,640,480,12.02,625,52.0,359,29916,Left,0.429229,0.116323,0.30611,0.206244,0.218859,0.320126,0.151135,0.44452,0.085072,0.54013,0.367653,0.397356,0.331177,0.572621,0.312825,0.694846,0.293695,0.792141,0.49441,0.409968,0.522953,0.589983,0.532376,0.718861,0.531757,0.801612,0.587271,0.404824,0.650137,0.563404,0.678436,0.677656,0.690961,0.753997,0.642778,0.386907,0.729401,0.497829,0.78714,0.569223,0.832369,0.624101
record1_2.mp4,1a5008d3e2e358a67d1d067f0fe8dae92b9e9370533d9f326db45e22b61f82ab,640,480,12.02,625,52.0,360,30000,Left,0.442618,0.1278,0.310351,0.205196,0.214122,0.31364,0.139164,0.435505,0.07615,0.526811,0.369142,0.377019,0.329542,0.538495,0.311241,0.66461,0.293739,0.778861,0.495186,0.383041,0.513683,0.549119,0.526643,0.683788,0.534233,0.79744,0.589977,0.382926,0.645003,0.529229,0.67737,0.649018,0.69809,0.752042,0.649217,0.37836,0.731566,0.491388,0.784548,0.562944,0.828097,0.632783
record1_2.mp4,1a5008d3e2e358a67d1d067f0fe8dae92b9e9370533d9f326db45e22b61f82ab,640,480,12.02,625,52.0,361,30083,Left,0.437059,0.113662,0.303719,0.192253,0.211915,0.30037,0.141464,0.424447,0.085799,0.534621,0.368267,0.35534,0.3285,0.527219,0.31029,0.65599,0.294092,0.781997,0.49615,0.367196,0.514756,0.5371,0.526982,0.672613,0.53579,0.798157,0.590323,0.377126,0.645693,0.520026,0.680919,0.644882,0.705494,0.757896,0.648586,0.384112,0.73051,0.493273,0.782982,0.56062,0.827545,0.633556
record1_2.mp4,1a5008d3e2e358a67d1d067f0fe8dae92b9e9370533d9f326db45e22b61f82ab,640,480,12.02,625,52.0,362,30166,Left,0.437981,0.11959,0.299461,0.20221,0.205805,0.314978,0.138821,0.435018,0.085234,0.53872,0.367843,0.362739,0.332554,0.530616,0.312075,0.655292,0.293137,0.783612,0.497417,0.371972,0.515339,0.53849,0.530098,0.675493,0.539044,0.806198,0.592903,0.379229,0.650891,0.514905,0.69332,0.637578,0.721977,0.748089,0.65298,0.387073,0.733564,0.496134,0.78753,0.563646,0.833163,0.638539
record1_2.mp4,1a5008d3e2e358a67d1d067f0fe8dae92b9e9370533d9f326db45e22b61f82ab,640,480,12.02,625,52.0,363,30250,Left,0.440917,0.127417,0.304687,0.207935,0.207672,0.310743,0.136682,0.431022,0.085076,0.537692,0.369033,0.374254,0.328967,0.537837,0.308776,0.663023,0.291554,0.78587,0.497404,0.383207,0.515313,0.548217,0.527154,0.68242,0.534066,0.80385,0.593409,0.387562,0.648173,0.522656,0.684309,0.642506,0.708705,0.751789,0.654513,0.390948,0.734606,0.49818,0.78829,0.569647,0.83237,0.646781
record1_2.mp4,1a5008d3e2e358a67d1d067f0fe8dae92b9e9370533d9f326db45e22b61f82ab,640,480,12.02,625,52.0,364,30333,Left,0.443898,0.130391,0.306442,0.207345,0.210613,0.311102,0.138844,0.432214,0.082155,0.537313,0.373192,0.38008,0.329681,0.546441,0.30973,0.670112,0.292274,0.786331,0.501286,0.392035,0.519897,0.562875,0.530216,0.69372,0.534933,0.806685,0.595075,0.395824,0.651182,0.535314,0.686483,0.654856,0.709249,0.760443,0.652284,0.39296,0.731419,0.496846,0.783925,0.566923,0.827714,0.641047
record1_2.mp4,1a5008d3e2e358a67d1d067f0fe8dae92b9e9370533d9f326db45e22b61f82ab,640,480,12.02,625,52.0,365,30416,Left,0.445982,0.131218,0.306536,0.20703,0.209144,0.316208,0.13766,0.433825,0.086454,0.532906,0.373122,0.362258,0.331024,0.527247,0.310202,0.654158,0.292473,0.78276,0.499383,0.374476,0.517422,0.538101,0.532602,0.671832,0.543648,0.800263,0.593849,0.383229,0.646262,0.520794,0.682175,0.641524,0.708998,0.756328,0.653045,0.387658,0.731657,0.492516,0.784557,0.558968,0.82844,0.631304
record1_2.mp4,1a5008d3e2e358a67d1d067f0fe8dae92b9e9370533d9f326db45e22b61f82ab,640,480,12.02,625,52.0,366,30500,Left,0.446939,0.121025,0.30898,0.200291,0.213039,0.316019,0.141058,0.435784,0.085859,0.529572,0.370465,0.367703,0.32791,0.53431,0.307212,0.662891,0.290812,0.782737,0.495445,0.378468,0.526639,0.551024,0.545777,0.684204,0.558509,0.801732,0.587976,0.384981,0.650047,0.537461,0.684033,0.659209,0.707704,0.772112,0.645765,0.383692,0.729537,0.490735,0.787352,0.560943,0.832244,0.632765
record1_2.mp4,1a5008d3e2e358a67d1d067f0fe8dae92b9e9370533d9f326db45e22b61f82ab,640,480,12.02,625,52.0,367,30583,Left,0.442048,0.113234,0.306801,0.191797,0.211302,0.311782,0.140395,0.435136,0.083104,0.530636,0.36944,0.360962,0.325651,0.530894,0.306361,0.652449,0.290413,0.780515,0.493249,0.374995,0.512852,0.536022,0.528969,0.667789,0.542701,0.801085,0.584526,0.386016,0.64062,0.528781,0.676211,0.648141,0.703953,0.764929,0.641583,0.390052,0.720752,0.497749,0.776716,0.558307,0.82659,0.629802
record1_2.mp4,1a5008d3e2e358a67d1d067f0fe8dae92b9e9370533d9f326db45e22b61f82ab,640,480,12.02,625,52.0,368,30666,Left,0.439599,0.101631,0.306492,0.189139,0.210295,0.308456,0.138377,0.432104,0.079874,0.53571,0.367737,0.358425,0.326754,0.534328,0.30807,0.658287,0.291596,0.783377,0.492208,0.37009,0.512383,0.54347,0.526216,0.679062,0.53834,0.809628,0.583544,0.377513,0.64018,0.526187,0.676261,0.649235,0.703918,0.764354,0.641769,0.381497,0.721362,0.494259,0.777191,0.558836,0.826498,0.632525
record1_2.mp4,1a5008d3e2e358a67d1d067f0fe8dae92b9e9370533d9f326db45e22b61f82ab,640,480,12.02,625,52.0,369,30750,Left,0.437133,0.100752,0.306147,0.187606,0.210637,0.305262,0.141083,0.426912,0.082233,0.533397,0.367246,0.371274,0.327352,0.543258,0.3087,0.660969,0.29196,0.780227,0.49085,0.384809,0.510911,0.554747,0.528962,0.685086,0.545543,0.813242,0.581535,0.389201,0.636862,0.534078,0.676179,0.651936,0.707337,0.76572,0.638403,0.385353,0.719915,0.491362,0.777762,0.552737,0.829548,0.624769
record1_2.mp4,1a5008d3e2e358a67d1d067f0fe8dae92b9e9370533d9f326db45e22b61f82ab,640,480,12.02,625,52.0,370,30833,Left,0.437212,0.104427,0.306414,0.191322,0.211075,0.309268,0.141549,0.432451,0.083116,0.540636,0.366515,0.372205,0.325825,0.547125,0.307642,0.666306,0.292015,0.785058,0.489461,0.384962,0.508957,0.556343,0.524832,0.686629,0.539184,0.810573,0.579882,0.388165,0.635627,0.531166,0.673544,0.6497,0.703364,0.760718,0.63769,0.384135,0.718993,0.49264,0.775798,0.555068,0.826729,0.625296
record1_2.mp4,1a5008d3e2e358a67d1d067f0fe8dae92b9e9370533d9f326db45e22b61f82ab,640,480,12.02,625,52.0,371,30916,Left,0.435335,0.101597,0.304721,0.187618,0.207679,0.307555,0.138255,0.428345,0.08136,0.533912,0.367727,0.350105,0.326262,0.530996,0.307413,0.656177,0.28962,0.780555,0.488866,0.363824,0.506561,0.52774,0.522027,0.660753,0.534622,0.790611,0.579884,0.372509,0.634022,0.520215,0.668619,0.641797,0.696162,0.757896,0.638225,0.375712,0.718904,0.488711,0.776017,0.554298,0.828135,0.627431
record1_2.mp4,1a5008d3e2e358a67d1d067f0fe8dae92b9e9370533d9f326db45e22b61f82ab,640,480,12.02,625,52.0,372,31000,Left,0.437549,0.098602,0.305702,0.18041,0.209848,0.309084,0.140533,0.431987,0.077064,0.529793,0.364889,0.337257,0.326573,0.520865,0.309271,0.64958,0.29446,0.781024,0.482142,0.347263,0.504406,0.511913,0.529572,0.646491,0.554386,0.784593,0.573445,0.356131,0.627828,0.511448,0.663904,0.630636,0.697438,0.749914,0.634212,0.359948,0.715309,0.480554,0.774403,0.55038,0.828409,0.624822
record1_2.mp4,1a5008d3e2e358a67d1d067f0fe8dae92b9e9370533d9f326db45e22b61f82ab,640,480,12.02,625,52.0,373,31083,Left,0.433931,0.08995,0.30657,0.178077,0.210739,0.308069,0.144415,0.432428,0.083885,0.53249,0.365583,0.340475,0.321531,0.519129,0.303444,0.64447,0.287631,0.774233,0.484,0.349008,0.497113,0.517,0.511781,0.660172,0.525884,0.8042,0.573469,0.356182,0.627407,0.511155,0.66223,0.633539,0.689426,0.752023,0.633435,0.357933,0.71304,0.477072,0.769283,0.547114,0.819404,0.624439
record1_2.mp4,1a5008d3e2e358a67d1d067f0fe8dae92b9e9370533d9f326db45e22b61f82ab,640,480,12.02,625,52.0,374,31166,Left,0.438762,0.093722,0.310134,0.17617,0.213279,0.305731,0.14387,0.430356,0.080992,0.530515,0.365298,0.335754,0.323672,0.514246,0.305063,0.641859,0.28831,0.773516,0.483463,0.344966,0.503058,0.512768,0.523598,0.65609,0.542369,0.802616,0.572801,0.351974,0.625722,0.502564,0.660704,0.625703,0.690218,0.747302,0.631765,0.353876,0.71282,0.475024,0.77278,0.547696,0.826841,0.627135
record1_2.mp4,1a5008d3e2e358a67d1d067f0fe8dae92b9e9370533d9f326db45e22b61f82ab,640,480,12.02,625,52.0,375,31250,Left,0.437611,0.08697,0.310555,0.171059,0.214879,0.302978,0.146274,0.430894,0.082965,0.529619,0.372131,0.324213,0.32798,0.508563,0.306635,0.639137,0.287096,0.775248,0.488461,0.336512,0.502318,0.501159,0.519846,0.639252,0.536749,0.780272,0.576605,0.349563,0.630493,0.503345,0.666095,0.624195,0.696263,0.743738,0.634723,0.358898,0.71361,0.47675,0.771427,0.545023,0.823853,0.621685
record1_2.mp4,1a5008d3e2e358a67d1d067f0fe8dae92b9e9370533d9f326db45e22b61f82ab,640,480,12.02,625,52.0,376,31333,Left,0.434676,0.096512,0.306875,0.178839,0.211634,0.305186,0.141819,0.428017,0.08109,0.533864,0.363912,0.340834,0.327553,0.520189,0.309109,0.646186,0.291695,0.775576,0.481688,0.347739,0.492379,0.516463,0.507084,0.659078,0.520863,0.801908,0.57095,0.352434,0.624428,0.50472,0.663931,0.630473,0.695517,0.748162,0.630211,0.354127,0.713638,0.474684,0.775026,0.545751,0.831131,0.621438
record1_2.mp4,1a5008d3e2e358a67d1d067f0fe8dae92b9e9370533d9f326db45e22b61f82ab,640,480,12.02,625,52.0,377,31416,Left,0.434215,0.095495,0.309468,0.177656,0.215418,0.303486,0.145811,0.427384,0.082338,0.531826,0.363822,0.337061,0.32531,0.51637,0.306877,0.641676,0.289633,0.771098,0.482244,0.347054,0.494419,0.518165,0.509219,0.661912,0.522845,0.807445,0.570846,0.353834,0.62225,0.505028,0.660887,0.630802,0.691444,0.751369,0.629291,0.354969,0.711743,0.476501,0.771992,0.547861,0.826461,0.624948
record1_2.mp4,1a5008d3e2e358a67d1d067f0fe8dae92b9e9370533d9f326db45e22b61f82ab,640,480,12.02,625,52.0,378,31500,Left,0.435922,0.093676,0.307746,0.176832,0.209762,0.306159,0.140772,0.431653,0.078655,0.5311,0.362924,0.335896,0.325,0.516172,0.307363,0.642613,0.290605,0.772941,0.480838,0.342999,0.499576,0.506252,0.519256,0.645937,0.536622,0.789697,0.570237,0.350864,0.624088,0.503118,0.659178,0.627659,0.688166,0.750963,0.62972,0.356478,0.711062,0.474082,0.770374,0.543934,0.825442,0.62402
record1_2.mp4,1a5008d3e2e358a67d1d067f0fe8dae92b9e9370533d9f326db45e22b61f82ab,640,480,12.02,625,52.0,379,31583,Left,0.436939,0.095246,0.312337,0.169778,0.216821,0.295931,0.146387,0.425617,0.083902,0.531566,0.368391,0.338277,0.325727,0.518151,0.304768,0.646168,0.284709,0.77716,0.486923,0.353775,0.503098,0.524927,0.518767,0.666215,0.53242,0.810088,0.574387,0.361699,0.627422,0.511898,0.664607,0.631884,0.694674,0.751443,0.631007,0.361459,0.711586,0.477707,0.770843,0.545885,0.824517,0.622354
record1_2.mp4,1a5008d3e2e358a67d1d067f0fe8dae92b9e9370533d9f326db45e22b61f82ab,640,480,12.02,625,52.0,380,31666,Left,0.434749,0.097764,0.308323,0.18051,0.210735,0.303657,0.136138,0.428236,0.074146,0.536367,0.363618,0.331531,0.324279,0.517073,0.30629,0.646854,0.290005,0.777249,0.481791,0.338815,0.491362,0.516356,0.505307,0.663181,0.518977,0.80753,0.56999,0.344706,0.622721,0.501472,0.660452,0.632475,0.68987,0.754313,0.627422,0.348071,0.709205,0.472071,0.767472,0.546481,0.821414,0.62681
record1_2.mp4,1a5008d3e2e358a67d1d067f0fe8dae92b9e9370533d9f326db45e22b61f82ab,640,480,12.02,625,52.0,381,31750,Left,0.433559,0.094942,0.307263,0.178715,0.214351,0.299919,0.142161,0.426507,0.080994,0.537907,0.362518,0.336917,0.323776,0.518953,0.306283,0.647379,0.28956,0.778478,0.482514,0.347524,0.492883,0.520895,0.50761,0.667647,0.521143,0.81294,0.571645,0.352332,0.624112,0.503767,0.664374,0.632711,0.694594,0.753432,0.628407,0.351515,0.71017,0.471812,0.768222,0.546512,0.822753,0.627766
record1_2.mp4,1a5008d3e2e358a67d1d067f0fe8dae92b9e9370533d9f326db45e22b61f82ab,640,480,12.02,625,52.0,382,31833,Left,0.431885,0.093419,0.307492,0.177869,0.214582,0.303937,0.142175,0.428467,0.078281,0.53428,0.360922,0.334073,0.325783,0.516032,0.307739,0.643811,0.29064,0.774189,0.478733,0.340989,0.490864,0.517805,0.505292,0.665183,0.51898,0.813047,0.567251,0.344449,0.621597,0.500609,0.659818,0.632804,0.689412,0.758055,0.625617,0.343132,0.708856,0.469494,0.768043,0.545407,0.823095,0.62764
record1_2.mp4,1a5008d3e2e358a67d1d067f0fe8dae92b9e9370533d9f326db45e22b61f82ab,640,480,12.02,625,52.0,383,31916,Left,0.432123,0.085353,0.307267,0.17511,0.215559,0.301289,0.147037,0.429559,0.082333,0.536468,0.363771,0.340174,0.325201,0.520822,0.307624,0.648392,0.290135,0.777017,0.482333,0.34625,0.492263,0.517408,0.505935,0.663317,0.518477,0.80735,0.570931,0.349804,0.623721,0.50137,0.661221,0.631172,0.689778,0.754638,0.628716,0.350401,0.710903,0.472972,0.770206,0.54699,0.825737,0.629492
record1_2.mp4,1a5008d3e2e358a67d1d067f0fe8dae92b9e9370533d9f326db45e22b61f82ab,640,480,12.02,625,52.0,384,32000,Left,0.42901,0.088911,0.305315,0.176533,0.215218,0.298874,0.143705,0.42051,0.08892,0.528186,0.362658,0.329784,0.32667,0.509885,0.308546,0.642332,0.290942,0.775591,0.480157,0.331895,0.491621,0.505898,0.50566,0.658382,0.518722,0.809331,0.566795,0.338132,0.621509,0.494496,0.661492,0.629833,0.69057,0.757159,0.623584,0.344935,0.710093,0.470957,0.772077,0.545969,0.827308,0.629937
record1_2.mp4,1a5008d3e2e358a67d1d067f0fe8dae92b9e9370533d9f326db45e22b61f82ab,640,480,12.02,625,52.0,385,32083,Left,0.436096,0.074976,0.314351,0.138948,0.222868,0.243372,0.142022,0.337416,0.06781,0.411106,0.358479,0.303085,0.321951,0.50017,0.303213,0.640602,0.286802,0.777225,0.476306,0.314877,0.492436,0.503873,0.506746,0.6564,0.522337,0.808709,0.565723,0.324099,0.622889,0.491789,0.66225,0.627955,0.69517,0.753497,0.624282,0.32988,0.711173,0.46789,0.77275,0.547449,0.828317,0.62832
record1_2.mp4,1a5008d3e2e358a67d1d067f0fe8dae92b9e9370533d9f326db45e22b61f82ab,640,480,12.02,625,52.0,386,32166,Left,0.436157,0.082125,0.316741,0.155938,0.223855,0.270629,0.14385,0.382436,0.087593,0.480699,0.368398,0.313191,0.328167,0.499408,0.306504,0.635532,0.285241,0.771083,0.486222,0.321713,0.499273,0.502694,0.509153,0.65495,0.51849,0.805777,0.572228,0.334405,0.625521,0.492856,0.660444,0.628495,0.686644,0.755068,0.627861,0.346598,0.712936,0.477284,0.773945,0.549953,0.828373,0.63122
record1_2.mp4,1a5008d3e2e358a67d1d067f0fe8dae92b9e9370533d9f326db45e22b61f82ab,640,480,12.02,625,52.0,387,32250,Left,0.434858,0.084177,0.309025,0.170707,0.216237,0.310404,0.143336,0.440743,0.070996,0.539536,0.359237,0.31829,0.324574,0.506411,0.307537,0.640852,0.292566,0.773399,0.47837,0.321856,0.492469,0.50349,0.506942,0.655998,0.521801,0.805311,0.567512,0.328827,0.623018,0.487917,0.660263,0.624248,0.690594,0.750391,0.626011,0.337082,0.711171,0.470311,0.77323,0.546427,0.828164,0.625791
record1_2.mp4,1a5008d3e2e358a67d1d067f0fe8dae92b9e9370533d9f326db45e22b61f82ab,640,480,12.02,625,52.0,388,32333,Left,0.439709,0.098562,0.313224,0.173724,0.213839,0.310945,0.14184,0.444173,0.069816,0.541252,0.36922,0.321218,0.33068,0.474165,0.313983,0.597939,0.294439,0.728904,0.487486,0.336518,0.491701,0.506024,0.505567,0.656118,0.515638,0.810331,0.575198,0.350397,0.622027,0.503715,0.659844,0.636041,0.687991,0.764546,0.632128,0.356044,0.713156,0.478275,0.774027,0.552265,0.827798,0.635891
record1_2.mp4,1a5008d3e2e358a67d1d067f0fe8dae92b9e9370533d9f326db45e22b61f82ab,640,480,12.02,625,52.0,389,32416,Left,0.43384,0.084269,0.305273,0.164678,0.207183,0.308375,0.134541,0.443981,0.066479,0.549412,0.355527,0.306482,0.318705,0.431873,0.295969,0.532384,0.274968,0.642213,0.473561,0.319712,0.486134,0.49447,0.501322,0.642801,0.514259,0.789716,0.563083,0.332528,0.617051,0.492923,0.65791,0.631308,0.688342,0.756364,0.620493,0.336633,0.707693,0.467764,0.769292,0.548878,0.823508,0.630933
record1_2.mp4,1a5008d3e2e358a67d1d067f0fe8dae92b9e9370533d9f326db45e22b61f82ab,640,480,12.02,625,52.0,390,32500,Left,0.446858,0.09759,0.320712,0.172915,0.216617,0.306538,0.141374,0.439043,0.067653,0.531493,0.362923,0.32164,0.313521,0.489103,0.294567,0.618937,0.276687,0.750621,0.482345,0.337495,0.493692,0.509858,0.508009,0.659462,0.520519,0.806834,0.572599,0.350498,0.622297,0.504121,0.658519,0.631334,0.687896,0.753832,0.633002,0.356738,0.713124,0.478374,0.771803,0.550935,0.822955,0.629626
record1_2.mp4,1a5008d3e2e358a67d1d067f0fe8dae92b9e9370533d9f326db45e22b61f82ab,640,480,12.02,625,52.0,391,32583,Left,0.440648,0.090998,0.317598,0.173126,0.217399,0.308879,0.143777,0.441141,0.069911,0.535487,0.37038,0.342941,0.321619,0.51687,0.299274,0.639788,0.277615,0.765572,0.489663,0.355152,0.49827,0.520326,0.51071,0.663893,0.521746,0.80785,0.578111,0.364072,0.628229,0.511193,0.666021,0.637285,0.696224,0.760746,0.637211,0.367425,0.717876,0.488102,0.776257,0.557354,0.828447,0.635529
record1_2.mp4,1a5008d3e2e358a67d1d067f0fe8dae92b9e9370533d9f326db45e22b61f82ab,640,480,12.02,625,52.0,392,32666,Left,0.434594,0.086841,0.306771,0.171292,0.21076,0.308284,0.139415,0.439826,0.069941,0.542563,0.358936,0.319286,0.317405,0.478874,0.294399,0.604479,0.269864,0.735824,0.478584,0.330469,0.489087,0.502566,0.503322,0.652337,0.514519,0.802467,0.567965,0.341404,0.618919,0.49571,0.658804,0.630375,0.68793,0.755015,0.627167,0.346154,0.711105,0.470317,0.769405,0.546404,0.820535,0.628772
record1_2.mp4,1a5008d3e2e358a67d1d067f0fe8dae92b9e9370533d9f326db45e22b61f82ab,640,480,12.02,625,52.0,393,32750,Left,0.439183,0.098128,0.310807,0.177439,0.211434,0.31283,0.139324,0.442592,0.06851,0.534381,0.362427,0.319658,0.324245,0.479888,0.305985,0.605321,0.285737,0.737682,0.481255,0.331219,0.489779,0.502798,0.503377,0.652014,0.51421,0.803485,0.570797,0.341521,0.618516,0.496183,0.655672,0.627673,0.684108,0.753324,0.631172,0.346035,0.710652,0.47047,0.769027,0.545354,0.820932,0.627529
record1_2.mp4,1a5008d3e2e358a67d1d067f0fe8dae92b9e9370533d9f326db45e22b61f82ab,640,480,12.02,625,52.0,394,32833,Left,0.438243,0.094989,0.312564,0.172817,0.214173,0.310028,0.143128,0.439164,0.072528,0.536462,0.365081,0.334104,0.323237,0.50429,0.303324,0.627889,0.28358,0.755122,0.483142,0.346775,0.493205,0.518631,0.506266,0.66469,0.518832,0.81255,0.57146,0.355662,0.621344,0.507604,0.65901,0.632051,0.689492,0.752185,0.629867,0.357946,0.712801,0.479914,0.772411,0.550844,0.825968,0.628195
record1_2.mp4,1a5008d3e2e358a67d1d067f0fe8dae92b9e9370533d9f326db45e22b61f82ab,640,480,12.02,625,52.0,395,32916,Left,0.432669,0.090672,0.307328,0.174658,0.213637,0.311212,0.142893,0.443814,0.071175,0.544459,0.359797,0.334019,0.320739,0.51283,0.302842,0.63976,0.285307,0.767295,0.478104,0.341206,0.492939,0.515167,0.507824,0.66364,0.521601,0.811399,0.567074,0.345469,0.620142,0.498759,0.658514,0.629724,0.689128,0.754447,0.626721,0.344832,0.710596,0.471417,0.769538,0.54735,0.823421,0.628779
record1_2.mp4,1a5008d3e2e358a67d1d067f0fe8dae92b9e9370533d9f326db45e22b61f82ab,640,480,12.02,625,52.0,396,33000,Left,0.437444,0.087328,0.3107,0.174011,0.212638,0.313867,0.140657,0.444371,0.070865,0.541098,0.363704,0.319603,0.325077,0.494527,0.305419,0.625217,0.284456,0.75903,0.481708,0.328218,0.49301,0.505368,0.506581,0.658409,0.518754,0.810781,0.569677,0.337717,0.620914,0.497211,0.658546,0.630723,0.688121,0.757195,0.627963,0.343378,0.710373,0.472548,0.770002,0.549006,0.823582,0.63068
record1_2.mp4,1a5008d3e2e358a67d1d067f0fe8dae92b9e9370533d9f326db45e22b61f82ab,640,480,12.02,625,52.0,397,33083,Left,0.438522,0.091483,0.311801,0.174888,0.214252,0.310731,0.142671,0.440169,0.073301,0.536262,0.363925,0.32788,0.321455,0.504362,0.30099,0.633104,0.281738,0.762423,0.482404,0.338882,0.494644,0.512406,0.507254,0.659534,0.520593,0.806408,0.571093,0.347911,0.621443,0.502345,0.65773,0.631221,0.688328,0.754767,0.629874,0.351566,0.711283,0.475429,0.770461,0.54862,0.823635,0.627038
record1_2.mp4,1a5008d3e2e358a67d1d067f0fe8dae92b9e9370533d9f326db45e22b61f82ab,640,480,12.02,625,52.0,398,33166,Left,0.439135,0.087808,0.314085,0.167982,0.215117,0.313741,0.139503,0.447542,0.06371,0.541556,0.361068,0.322587,0.324012,0.478389,0.313177,0.599028,0.301776,0.726381,0.478571,0.334075,0.486109,0.507719,0.501862,0.655524,0.515702,0.805421,0.568249,0.342767,0.617389,0.501438,0.656654,0.631513,0.68709,0.75508,0.628113,0.342394,0.708673,0.470075,0.768603,0.54656,0.821265,0.62757
record1_2.mp4,1a5008d3e2e358a67d1d067f0fe8dae92b9e9370533d9f326db45e22b61f82ab,640,480,12.02,625,52.0,399,33250,Left,0.436135,0.091857,0.311762,0.172546,0.210094,0.317301,0.136952,0.44815,0.066771,0.537872,0.358557,0.319323,0.323126,0.454315,0.307042,0.562326,0.290974,0.681388,0.478856,0.33211,0.488288,0.50301,0.502788,0.65077,0.514182,0.79881,0.56998,0.346321,0.621264,0.501735,0.662912,0.634645,0.693081,0.758086,0.630207,0.35259,0.71326,0.479093,0.774631,0.551688,0.829491,0.630642
record1_2.mp4,1a5008d3e2e358a67d1d067f0fe8dae92b9e9370533d9f326db45e22b61f82ab,640,480,12.02,625,52.0,400,33333,Left,0.435947,0.095162,0.31008,0.176529,0.210986,0.313755,0.137872,0.443577,0.066336,0.537668,0.359154,0.332107,0.314778,0.508507,0.296014,0.637046,0.278338,0.768164,0.479626,0.342445,0.492836,0.516623,0.507176,0.665664,0.521399,0.812448,0.570406,0.349391,0.622043,0.502382,0.659577,0.632303,0.69001,0.756171,0.631011,0.349881,0.712856,0.4737,0.771236,0.546539,0.823002,0.625426
record1_2.mp4,1a5008d3e2e358a67d1d067f0fe8dae92b9e9370533d9f326db45e22b61f82ab,640,480,12.02,625,52.0,401,33416,Left,0.434198,0.087515,0.307666,0.175038,0.211629,0.311763,0.140215,0.440187,0.071971,0.536618,0.358726,0.339892,0.317453,0.514329,0.297451,0.641636,0.277445,0.771876,0.47952,0.347391,0.495024,0.519728,0.508768,0.666104,0.521318,0.812546,0.570231,0.3534,0.624993,0.508253,0.664166,0.637447,0.694393,0.761841,0.630764,0.35406,0.713555,0.47542,0.772891,0.545982,0.82508,0.624992
record1_2.mp4,1a5008d3e2e358a67d1d067f0fe8dae92b9e9370533d9f326db45e22b61f82ab,640,480,12.02,625,52.0,402,33500,Left,0.432465,0.083384,0.306975,0.175748,0.211968,0.316308,0.142803,0.443671,0.071512,0.537413,0.360283,0.34585,0.320072,0.519585,0.300382,0.643538,0.280862,0.771459,0.480131,0.351687,0.494648,0.522716,0.508599,0.666992,0.521951,0.813257,0.570009,0.356747,0.624162,0.510163,0.663893,0.637624,0.695374,0.760936,0.630689,0.356706,0.713756,0.478672,0.772872,0.54785,0.825415,0.6258
record1_2.mp4,1a5008d3e2e358a67d1d067f0fe8dae92b9e9370533d9f326db45e22b61f82ab,640,480,12.02,625,52.0,403,33583,Left,0.432264,0.09369,0.306023,0.177638,0.212636,0.314181,0.143433,0.441371,0.075347,0.537013,0.359305,0.33802,0.320315,0.515581,0.298186,0.641014,0.277348,0.769056,0.479142,0.346447,0.494617,0.520611,0.508245,0.666194,0.52228,0.813996,0.569,0.35333,0.622381,0.505074,0.662314,0.631914,0.695205,0.753442,0.628477,0.355316,0.715311,0.479805,0.776744,0.548943,0.830687,0.624386
record1_2.mp4,1a5008d3e2e358a67d1d067f0fe8dae92b9e9370533d9f326db45e22b61f82ab,640,480,12.02,625,52.0,404,33666,Left,0.432528,0.090239,0.306424,0.17926,0.212827,0.314083,0.142035,0.440802,0.071617,0.5343,0.358703,0.337802,0.317425,0.516669,0.296448,0.643085,0.27635,0.768861,0.476305,0.343732,0.493725,0.522524,0.508458,0.667619,0.523021,0.811099,0.564465,0.344782,0.619378,0.500103,0.662872,0.629559,0.699071,0.751585,0.622471,0.339821,0.707887,0.454715,0.769971,0.518956,0.82637,0.58881
record1_2.mp4,1a5008d3e2e358a67d1d067f0fe8dae92b9e9370533d9f326db45e22b61f82ab,640,480,12.02,625,52.0,405,33750,Left,0.433311,0.09822,0.30938,0.186102,0.212557,0.314806,0.142169,0.439019,0.07304,0.537103,0.362205,0.340386,0.319842,0.514968,0.297367,0.640736,0.274411,0.767081,0.479574,0.343388,0.49822,0.51292,0.50936,0.661219,0.519847,0.806345,0.566348,0.344385,0.622375,0.490776,0.659638,0.61774,0.688057,0.741443,0.622665,0.34161,0.716348,0.435432,0.783409,0.483661,0.839887,0.543789
record1_2.mp4,1a5008d3e2e358a67d1d067f0fe8dae92b9e9370533d9f326db45e22b61f82ab,640,480,12.02,625,52.0,406,33833,Left,0.430333,0.108286,0.307663,0.199636,0.212552,0.324969,0.140844,0.445394,0.075128,0.534098,0.360554,0.351954,0.317725,0.532292,0.294753,0.656323,0.271986,0.777874,0.477215,0.355102,0.498851,0.52995,0.51081,0.67271,0.519171,0.809379,0.562806,0.348122,0.617289,0.4914,0.651987,0.613018,0.677928,0.727737,0.616331,0.335557,0.709988,0.422531,0.774521,0.470846,0.831438,0.529189
record1_2.mp4,1a5008d3e2e358a67d1d067f0fe8dae92b9e9370533d9f326db45e22b61f82ab,640,480,12.02,625,52.0,407,33916,Left,0.434556,0.115144,0.305705,0.195841,0.210271,0.321888,0.139535,0.446781,0.07256,0.542915,0.357745,0.343703,0.315959,0.524423,0.294014,0.653053,0.271398,0.77749,0.479328,0.354275,0.498712,0.526417,0.510707,0.672693,0.519886,0.813777,0.569077,0.358888,0.619828,0.505681,0.653887,0.63366,0.680103,0.74904,0.625709,0.357626,0.711098,0.468105,0.773849,0.528902,0.831755,0.595261
record1_2.mp4,1a5008d3e2e358a67d1d067f0fe8dae92b9e9370533d9f326db45e22b61f82ab,640,480,12.02,625,52.0,408,34000,Left,0.439776,0.119902,0.3133,0.195586,0.217841,0.32035,0.142976,0.441809,0.071869,0.539556,0.363296,0.346725,0.318825,0.520776,0.297392,0.647575,0.275683,0.775327,0.486797,0.355143,0.50495,0.520834,0.515821,0.667681,0.526124,0.815764,0.578737,0.359398,0.628718,0.504481,0.662213,0.632068,0.687997,0.751703,0.637048,0.3579,0.73162,0.466531,0.799949,0.522586,0.860277,0.585245
record1_2.mp4,1a5008d3e2e358a67d1d067f0fe8dae92b9e9370533d9f326db45e22b61f82ab,640,480,12.02,625,52.0,409,34083,Left,0.439968,0.119865,0.31279,0.197606,0.217775,0.317106,0.137871,0.438118,0.063812,0.540369,0.359207,0.34082,0.317302,0.525298,0.294458,0.655683,0.271864,0.783882,0.480237,0.356606,0.500464,0.529723,0.511719,0.669444,0.520063,0.807171,0.569677,0.35813,0.621862,0.501845,0.652464,0.628912,0.674382,0.744981,0.623896,0.3507,0.70863,0.450566,0.765942,0.509517,0.817166,0.572234
record1_2.mp4,1a5008d3e2e358a67d1d067f0fe8dae92b9e9370533d9f326db45e22b61f82ab,640,480,12.02,625,52.0,410,34166,Left,0.442949,0.117684,0.314608,0.195298,0.219224,0.319129,0.14237,0.443336,0.07109,0.538513,0.366998,0.348541,0.319188,0.522361,0.297094,0.650259,0.27381,0.77802,0.491188,0.360442,0.503705,0.518248,0.51415,0.668221,0.52125,0.814727,0.583908,0.370813,0.628307,0.513753,0.657807,0.645254,0.677664,0.769291,0.64252,0.37525,0.73024,0.488353,0.794289,0.551199,0.848477,0.622238
record1_2.mp4,1a5008d3e2e358a67d1d067f0fe8dae92b9e9370533d9f326db45e22b61f82ab,640,480,12.02,625,52.0,411,34250,Left,0.435445,0.118538,0.308519,0.203956,0.216248,0.323493,0.137417,0.444818,0.065188,0.548274,0.359075,0.348646,0.31964,0.530339,0.298008,0.660411,0.275492,0.78614,0.483065,0.361364,0.503739,0.534654,0.514844,0.675172,0.522177,0.811238,0.574776,0.363296,0.628416,0.503867,0.654874,0.632327,0.671546,0.748399,0.629367,0.35798,0.72815,0.450639,0.793834,0.507192,0.851127,0.570771
record1_2.mp4,1a5008d3e2e358a67d1d067f0fe8dae92b9e9370533d9f326db45e22b61f82ab,640,480,12.02,625,52.0,412,34333,Left,0.440461,0.104417,0.315445,0.19613,0.220689,0.320433,0.140301,0.447105,0.06586,0.547111,0.359181,0.344396,0.315887,0.535418,0.292422,0.664711,0.269269,0.788629,0.482059,0.363181,0.499516,0.541307,0.509534,0.681234,0.515407,0.815483,0.5731,0.369168,0.621702,0.511415,0.649322,0.639647,0.667645,0.754141,0.629779,0.368638,0.708286,0.478674,0.752995,0.549591,0.791303,0.625479
record1_2.mp4,1a5008d3e2e358a67d1d067f0fe8dae92b9e9370533d9f326db45e22b61f82ab,640,480,12.02,625,52.0,413,34416,Left,0.443881,0.11185,0.317546,0.191925,0.222278,0.320488,0.144815,0.447768,0.069817,0.539803,0.370156,0.347255,0.320853,0.519738,0.299619,0.647865,0.276706,0.77436,0.490712,0.358,0.50243,0.519361,0.512744,0.667582,0.520776,0.811454,0.580883,0.367962,0.626615,0.519495,0.654159,0.64605,0.673308,0.764789,0.637957,0.372478,0.726672,0.483445,0.791865,0.547498,0.848088,0.619624
record1_2.mp4,1a5008d3e2e358a67d1d067f0fe8dae92b9e9370533d9f326db45e22b61f82ab,640,480,12.02,625,52.0,414,34500,Left,0.442228,0.104049,0.317058,0.190883,0.222967,0.317889,0.145666,0.444595,0.071053,0.542631,0.367283,0.360798,0.323165,0.536109,0.30085,0.659786,0.278369,0.782214,0.488896,0.374526,0.502436,0.544328,0.515919,0.681494,0.52706,0.815137,0.58049,0.376847,0.631041,0.517963,0.666412,0.635992,0.694813,0.747443,0.638315,0.371451,0.728034,0.484248,0.793516,0.546205,0.855307,0.615967
record1_2.mp4,1a5008d3e2e358a67d1d067f0fe8dae92b9e9370533d9f326db45e22b61f82ab,640,480,12.02,625,52.0,415,34583,Left,0.437721,0.109325,0.316596,0.18969,0.220963,0.323481,0.147724,0.449321,0.0746,0.536476,0.369019,0.366878,0.324789,0.536161,0.299955,0.655852,0.275851,0.778312,0.490999,0.378201,0.51849,0.535317,0.543842,0.667054,0.568862,0.802763,0.580638,0.378554,0.643804,0.52166,0.693634,0.628454,0.736274,0.735011,0.638271,0.368498,0.729551,0.481232,0.799154,0.542388,0.862741,0.611022
record1_2.mp4,1a5008d3e2e358a67d1d067f0fe8dae92b9e9370533d9f326db45e22b61f82ab,640,480,12.02,625,52.0,416,34666,Left,0.450018,0.128588,0.324176,0.19856,0.228427,0.326757,0.147099,0.451488,0.071654,0.536219,0.382239,0.364641,0.33023,0.528265,0.300536,0.649648,0.275409,0.779587,0.50678,0.385087,0.535996,0.539622,0.564132,0.669452,0.593904,0.802916,0.599044,0.395882,0.673978,0.526601,0.73249,0.629234,0.784789,0.730375,0.654494,0.39837,0.750685,0.502498,0.820239,0.554555,0.883687,0.612791
record1_2.mp4,1a5008d3e2e358a67d1d067f0fe8dae92b9e9370533d9f326db45e22b61f82ab,640,480,12.02,625,52.0,417,34750,Left,0.451539,0.137421,0.316719,0.2091,0.221643,0.330345,0.145541,0.452734,0.069653,0.533577,0.38216,0.401635,0.329787,0.551035,0.29862,0.663545,0.27345,0.77874,0.506506,0.42144,0.527306,0.574216,0.551172,0.691935,0.576627,0.809085,0.601061,0.426698,0.663376,0.563004,0.710091,0.664042,0.751634,0.761023,0.659153,0.417992,0.75349,0.510155,0.818081,0.560239,0.874725,0.61639
record1_2.mp4,1a5008d3e2e358a67d1d067f0fe8dae92b9e9370533d9f326db45e22b61f82ab,640,480,12.02,625,52.0,418,34833,Left,0.45335,0.142152,0.317996,0.213619,0.221921,0.333518,0.146688,0.451765,0.07202,0.531683,0.384994,0.406792,0.329938,0.556903,0.295975,0.670452,0.26977,0.786038,0.504845,0.426039,0.525105,0.589649,0.547875,0.709446,0.572994,0.827123,0.596066,0.428189,0.661473,0.572315,0.711989,0.674015,0.757318,0.771711,0.65278,0.412976,0.747424,0.506496,0.814312,0.557607,0.873846,0.612544
record1_2.mp4,1a5008d3e2e358a67d1d067f0fe8dae92b9e9370533d9f326db45e22b61f82ab,640,480,12.02,625,52.0,419,34916,Left,0.449082,0.13811,0.319865,0.206674,0.221321,0.331776,0.144319,0.451728,0.06982,0.531221,0.382379,0.390296,0.330537,0.540965,0.300363,0.657279,0.27663,0.778339,0.502004,0.403401,0.525594,0.560341,0.549673,0.683411,0.57534,0.809893,0.593068,0.407315,0.658938,0.543287,0.708665,0.64717,0.753179,0.748564,0.650758,0.400171,0.744608,0.502092,0.8142,0.552473,0.876963,0.609071
record1_2.mp4,1a5008d3e2e358a67d1d067f0fe8dae92b9e9370533d9f326db45e22b61f82ab,640,480,12.02,625,52.0,420,35000,Left,0.449575,0.131337,0.31756,0.206306,0.219825,0.332166,0.142618,0.452729,0.071591,0.536901,0.378442,0.39781,0.327429,0.547582,0.297851,0.661198,0.273875,0.779607,0.500486,0.414123,0.521873,0.571301,0.5468,0.692616,0.573909,0.816381,0.592888,0.41739,0.656962,0.557476,0.709121,0.65933,0.755896,0.759011,0.649989,0.405396,0.74301,0.504075,0.812428,0.555567,0.874766,0.613978
record1_2.mp4,1a5008d3e2e358a67d1d067f0fe8dae92b9e9370533d9f326db45e22b61f82ab,640,480,12.02,625,52.0,421,35083,Left,0.448885,0.135969,0.321845,0.201605,0.222762,0.326157,0.145784,0.444556,0.072512,0.525975,0.378157,0.387445,0.326593,0.537269,0.297263,0.650748,0.27363,0.771859,0.500713,0.405418,0.525165,0.554712,0.552928,0.674953,0.583393,0.801744,0.593444,0.412988,0.659662,0.543391,0.712405,0.644956,0.760787,0.745859,0.652174,0.407109,0.745429,0.505238,0.814785,0.554619,0.877447,0.610542
record1_2.mp4,1a5008d3e2e358a67d1d067f0fe8dae92b9e9370533d9f326db45e22b61f82ab,640,480,12.02,625,52.0,422,35166,Left,0.447213,0.130951,0.31815,0.203261,0.220445,0.328915,0.144187,0.449972,0.071715,0.537822,0.376498,0.393966,0.321836,0.540415,0.292593,0.657562,0.269975,0.778575,0.496545,0.411766,0.535358,0.578555,0.572496,0.701366,0.612547,0.824116,0.586368,0.413913,0.661451,0.562835,0.719207,0.658686,0.773756,0.751274,0.640542,0.400206,0.737967,0.504158,0.807813,0.556469,0.872491,0.612393
record1_2.mp4,1a5008d3e2e358a67d1d067f0fe8dae92b9e9370533d9f326db45e22b61f82ab,640,480,12.02,625,52.0,423,35250,Left,0.44908,0.128711,0.318996,0.202385,0.222464,0.328521,0.146384,0.445792,0.069985,0.528116,0.374074,0.394232,0.32199,0.541771,0.294076,0.654741,0.273697,0.775972,0.494473,0.413102,0.523633,0.562951,0.559043,0.679595,0.600052,0.804135,0.586691,0.417787,0.652367,0.552235,0.706383,0.651999,0.760421,0.754689,0.645779,0.406826,0.738892,0.508641,0.809248,0.558655,0.875793,0.612763
record1_2.mp4,1a5008d3e2e358a67d1d067f0fe8dae92b9e9370533d9f326db45e22b61f82ab,640,480,12.02,625,52.0,424,35333,Left,0.447483,0.128116,0.322451,0.201857,0.22405,0.327528,0.145577,0.446114,0.071534,0.533492,0.375124,0.393471,0.324313,0.556322,0.298636,0.671281,0.277732,0.790137,0.495569,0.410365,0.517617,0.566314,0.542687,0.686581,0.571923,0.812227,0.587941,0.416021,0.653215,0.55431,0.706567,0.656645,0.758108,0.757867,0.64843,0.409441,0.739637,0.512416,0.808826,0.557441,0.875927,0.608864
record1_2.mp4,1a5008d3e2e358a67d1d067f0fe8dae92b9e9370533d9f326db45e22b61f82ab,640,480,12.02,625,52.0,425,35416,Left,0.440341,0.140769,0.314606,0.21029,0.221134,0.333713,0.144145,0.454393,0.071032,0.544957,0.374068,0.395802,0.325898,0.553077,0.298321,0.667825,0.275535,0.787591,0.495794,0.41066,0.517483,0.5609,0.542337,0.681199,0.571678,0.804266,0.586874,0.417066,0.65286,0.539935,0.701684,0.634893,0.746328,0.723106,0.644762,0.411947,0.739567,0.505565,0.811721,0.549384,0.880546,0.599344
record1_2.mp4,1a5008d3e2e358a67d1d067f0fe8dae92b9e9370533d9f326db45e22b61f82ab,640,480,12.02,625,52.0,426,35500,Left,0.445211,0.134935,0.31487,0.209001,0.2179,0.33626,0.142811,0.458129,0.072111,0.541151,0.373977,0.398232,0.324285,0.549511,0.29791,0.663029,0.277369,0.779981,0.493058,0.409133,0.515095,0.564846,0.540639,0.683897,0.570188,0.805871,0.582687,0.411085,0.648906,0.540023,0.702667,0.628693,0.751874,0.712633,0.640436,0.403139,0.731956,0.499566,0.803053,0.545022,0.87071,0.597228
record1_2.mp4,1a5008d3e2e358a67d1d067f0fe8dae92b9e9370533d9f326db45e22b61f82ab,640,480,12.02,625,52.0,427,35583,Left,0.447087,0.125218,0.320884,0.196272,0.223631,0.326325,0.143813,0.448168,0.068499,0.536744,0.376177,0.377245,0.329096,0.547724,0.303205,0.663354,0.282372,0.784201,0.497668,0.395054,0.519561,0.554389,0.543751,0.680813,0.57238,0.815917,0.589638,0.406669,0.655242,0.551834,0.706433,0.657252,0.753467,0.760248,0.648343,0.408059,0.741641,0.514777,0.810168,0.560204,0.873297,0.611122
record1_2.mp4,1a5008d3e2e358a67d1d067f0fe8dae92b9e9370533d9f326db45e22b61f82ab,640,480,12.02,625,52.0,428,35666,Left,0.443077,0.12396,0.314956,0.194419,0.220762,0.325326,0.144464,0.449234,0.071167,0.539096,0.374002,0.382726,0.324992,0.546651,0.2985,0.663401,0.277283,0.78474,0.495577,0.400118,0.515705,0.55689,0.539376,0.68117,0.567723,0.812585,0.587751,0.407604,0.648614,0.544753,0.697886,0.652697,0.744639,0.757393,0.646355,0.402909,0.738985,0.508132,0.806927,0.556231,0.87175,0.609995
record1_2.mp4,1a5008d3e2e358a67d1d067f0fe8dae92b9e9370533d9f326db45e22b61f82ab,640,480,12.02,625,52.0,429,35750,Left,0.443418,0.119178,0.317274,0.194865,0.223084,0.326241,0.147668,0.449303,0.069524,0.535369,0.371371,0.386411,0.324857,0.546105,0.300844,0.662759,0.281379,0.785288,0.493313,0.402057,0.514181,0.559548,0.540491,0.68445,0.571217,0.817918,0.586351,0.406627,0.649044,0.551047,0.702484,0.656012,0.752437,0.758158,0.645572,0.398714,0.737447,0.5071,0.805756,0.554616,0.870932,0.608544
record1_2.mp4,1a5008d3e2e358a67d1d067f0fe8dae92b9e9370533d9f326db45e22b61f82ab,640,480,12.02,625,52.0,430,35833,Left,0.444678,0.11367,0.31959,0.191548,0.222282,0.327389,0.146768,0.451914,0.069723,0.5382,0.373143,0.380716,0.325573,0.549797,0.301997,0.667727,0.282842,0.788898,0.493137,0.394747,0.515669,0.556006,0.542291,0.683499,0.573934,0.818725,0.584713,0.400212,0.649556,0.548636,0.702094,0.656814,0.75155,0.762533,0.643767,0.394752,0.738367,0.506611,0.808305,0.556413,0.872963,0.61219
record1_2.mp4,1a5008d3e2e358a67d1d067f0fe8dae92b9e9370533d9f326db45e22b61f82ab,640,480,12.02,625,52.0,431,35916,Left,0.443182,0.11778,0.31827,0.196194,0.22361,0.327616,0.148174,0.449353,0.070913,0.534998,0.370629,0.387861,0.325545,0.555889,0.300922,0.66889,0.279645,0.786114,0.490828,0.402977,0.513978,0.56161,0.540999,0.685609,0.571712,0.817998,0.582973,0.404917,0.647588,0.547992,0.700431,0.653347,0.749929,0.757806,0.643383,0.393329,0.737335,0.502764,0.806688,0.552467,0.871782,0.607832
record1_2.mp4,1a5008d3e2e358a67d1d067f0fe8dae92b9e9370533d9f326db45e22b61f82ab,640,480,12.02,625,52.0,432,36000,Left,0.445539,0.114319,0.321616,0.185465,0.222943,0.319869,0.145375,0.442586,0.072371,0.531847,0.372742,0.372967,0.328104,0.542628,0.30697,0.659868,0.289154,0.783123,0.49428,0.39118,0.515951,0.549832,0.543648,0.677375,0.574542,0.814219,0.587535,0.398276,0.649986,0.545713,0.701626,0.652822,0.750273,0.761062,0.648756,0.391888,0.741379,0.502533,0.81114,0.552691,0.875385,0.60857
record1_2.mp4,1a5008d3e2e358a67d1d067f0fe8dae92b9e9370533d9f326db45e22b61f82ab,640,480,12.02,625,52.0,433,36083,Left,0.443734,0.095417,0.314872,0.185015,0.222497,0.325473,0.147924,0.452658,0.071119,0.54085,0.378746,0.36794,0.333687,0.524204,0.303681,0.640885,0.275262,0.766297,0.495283,0.385395,0.526827,0.566235,0.556521,0.706465,0.586272,0.848313,0.581699,0.388733,0.647186,0.542552,0.697785,0.656039,0.744303,0.765943,0.63748,0.376828,0.735052,0.489772,0.806313,0.549278,0.87093,0.612292
record1_2.mp4,1a5008d3e2e358a67d1d067f0fe8dae92b9e9370533d9f326db45e22b61f82ab,640,480,12.02,625,52.0,434,36166,Left,0.444113,0.090591,0.322032,0.171948,0.230213,0.315974,0.154148,0.450789,0.069266,0.53658,0.380952,0.351375,0.330897,0.47989,0.304101,0.585552,0.285478,0.704308,0.498628,0.377427,0.525968,0.535818,0.555011,0.660164,0.586627,0.790712,0.586532,0.38782,0.647223,0.53546,0.694262,0.648179,0.739467,0.758231,0.640434,0.379815,0.737095,0.491135,0.809782,0.551691,0.874225,0.613205
record1_2.mp4,1a5008d3e2e358a67d1d067f0fe8dae92b9e9370533d9f326db45e22b61f82ab,640,480,12.02,625,52.0,435,36250,Left,0.436019,0.08126,0.313102,0.166567,0.22174,0.321125,0.148722,0.454604,0.068342,0.543136,0.375415,0.323216,0.342643,0.455103,0.323923,0.552086,0.308249,0.659322,0.494468,0.340719,0.505991,0.515794,0.524698,0.660037,0.543974,0.805655,0.583854,0.359381,0.641146,0.523098,0.689816,0.646515,0.730268,0.757882,0.638019,0.368496,0.735402,0.497343,0.806871,0.559712,0.871997,0.624833
record1_2.mp4,1a5008d3e2e358a67d1d067f0fe8dae92b9e9370533d9f326db45e22b61f82ab,640,480,12.02,625,52.0,436,36333,Left,0.443024,0.086077,0.318934,0.171999,0.226717,0.319806,0.148086,0.452832,0.065453,0.540326,0.373214,0.326709,0.337861,0.461286,0.318479,0.563044,0.301612,0.673056,0.493523,0.342576,0.503788,0.515178,0.523389,0.66225,0.542322,0.807131,0.585301,0.359902,0.638583,0.518291,0.685713,0.641929,0.724125,0.750908,0.641278,0.368868,0.736428,0.493758,0.808083,0.557534,0.874312,0.620905
record1_2.mp4,1a5008d3e2e358a67d1d067f0fe8dae92b9e9370533d9f326db45e22b61f82ab,640,480,12.02,625,52.0,437,36416,Left,0.450486,0.083411,0.326743,0.162347,0.2313,0.321067,0.155607,0.462854,0.071858,0.547156,0.379529,0.316294,0.335213,0.470909,0.314118,0.590261,0.2952,0.715238,0.497872,0.33806,0.508826,0.517082,0.526928,0.66932,0.546702,0.82163,0.586901,0.358355,0.64178,0.520585,0.688435,0.642968,0.729488,0.755609,0.642113,0.367675,0.734865,0.492504,0.806468,0.554057,0.870832,0.616409
record1_2.mp4,1a5008d3e2e358a67d1d067f0fe8dae92b9e9370533d9f326db45e22b61f82ab,640,480,12.02,625,52.0,438,36500,Left,0.446192,0.087286,0.325609,0.176672,0.235197,0.327547,0.163823,0.465971,0.084645,0.546707,0.381291,0.349062,0.335461,0.533788,0.317089,0.658012,0.30158,0.781931,0.501772,0.363852,0.513804,0.531956,0.532275,0.676658,0.551394,0.820651,0.591896,0.376027,0.64694,0.524743,0.691182,0.64317,0.729421,0.755061,0.648197,0.381804,0.740034,0.498549,0.809105,0.55647,0.871757,0.62004
record1_2.mp4,1a5008d3e2e358a67d1d067f0fe8dae92b9e9370533d9f326db45e22b61f82ab,640,480,12.02,625,52.0,439,36583,Left,0.443454,0.086924,0.321991,0.180471,0.233468,0.328901,0.165899,0.465856,0.089981,0.554265,0.376355,0.365509,0.332916,0.54452,0.314579,0.666516,0.299851,0.786792,0.497465,0.374641,0.510275,0.54574,0.529444,0.686662,0.551633,0.825279,0.589266,0.378996,0.644527,0.529204,0.68644,0.646322,0.724845,0.75403,0.648648,0.378636,0.74168,0.495898,0.809274,0.553804,0.872202,0.616628
record1_2.mp4,1a5008d3e2e358a67d1d067f0fe8dae92b9e9370533d9f326db45e22b61f82ab,640,480,12.02,625,52.0,440,36666,Left,0.443168,0.085341,0.32328,0.178726,0.236512,0.324374,0.164177,0.460869,0.088102,0.552113,0.37683,0.357858,0.333508,0.539123,0.316457,0.663737,0.302074,0.787661,0.497339,0.368483,0.511273,0.53947,0.530968,0.682881,0.552483,0.823545,0.58831,0.374874,0.645912,0.527268,0.690707,0.647323,0.730366,0.757747,0.647293,0.376477,0.740383,0.496205,0.807312,0.553658,0.870082,0.616519
record1_2.mp4,1a5008d3e2e358a67d1d067f0fe8dae92b9e9370533d9f326db45e22b61f82ab,640,480,12.02,625,52.0,441,36750,Left,0.44317,0.087877,0.323321,0.181992,0.23486,0.328577,0.165142,0.464411,0.089186,0.553269,0.378153,0.363562,0.333351,0.544011,0.315554,0.666539,0.300365,0.786824,0.498377,0.373337,0.511402,0.541441,0.529779,0.683891,0.54982,0.823458,0.589505,0.379213,0.645817,0.52907,0.68793,0.647226,0.724742,0.75618,0.648139,0.380491,0.741794,0.495405,0.809433,0.552161,0.871497,0.615369
record1_2.mp4,1a5008d3e2e358a67d1d067f0fe8dae92b9e9370533d9f326db45e22b61f82ab,640,480,12.02,625,52.0,442,36833,Left,0.441174,0.07599,0.319677,0.170685,0.230538,0.321096,0.15886,0.459679,0.084896,0.557344,0.379194,0.338286,0.339827,0.518137,0.321745,0.648137,0.304239,0.779679,0.496628,0.345511,0.509552,0.521719,0.528621,0.671321,0.547539,0.818399,0.585261,0.353389,0.642651,0.515296,0.687233,0.644486,0.724366,0.76265,0.642764,0.358387,0.738158,0.486008,0.806601,0.549266,0.868524,0.617015
record1_2.mp4,1a5008d3e2e358a67d1d067f0fe8dae92b9e9370533d9f326db45e22b61f82ab,640,480,12.02,625,52.0,443,36916,Left,0.437095,0.075609,0.320036,0.159895,0.228683,0.29944,0.148838,0.425154,0.073583,0.514218,0.373631,0.324254,0.33937,0.501147,0.325755,0.632914,0.312394,0.766679,0.492261,0.337586,0.506432,0.516698,0.527472,0.665111,0.54816,0.816188,0.58068,0.351027,0.638558,0.517897,0.686953,0.648004,0.726356,0.767825,0.635586,0.358231,0.732197,0.485423,0.804876,0.549755,0.869333,0.618375
record1_2.mp4,1a5008d3e2e358a67d1d067f0fe8dae92b9e9370533d9f326db45e22b61f82ab,640,480,12.02,625,52.0,444,37000,Left,0.441909,0.082209,0.324263,0.144599,0.229688,0.26244,0.146038,0.371098,0.073061,0.450173,0.374732,0.311808,0.3423,0.484959,0.327345,0.615496,0.312297,0.750475,0.494897,0.333456,0.509205,0.512396,0.529576,0.661194,0.549868,0.817232,0.5846,0.351661,0.640547,0.51567,0.688792,0.643742,0.728212,0.760997,0.639925,0.360944,0.736752,0.488374,0.80981,0.552076,0.87541,0.619632
record1_2.mp4,1a5008d3e2e358a67d1d067f0fe8dae92b9e9370533d9f326db45e22b61f82ab,640,480,12.02,625,52.0,445,37083,Left,0.441261,0.075793,0.321849,0.144465,0.231313,0.253372,0.153532,0.364278,0.090849,0.460847,0.383187,0.340575,0.334847,0.532398,0.312736,0.663922,0.294939,0.791966,0.503047,0.357667,0.515869,0.535661,0.533321,0.679598,0.55459,0.823196,0.591073,0.37222,0.648414,0.527834,0.691803,0.649178,0.729545,0.758772,0.645685,0.381806,0.743121,0.498763,0.814041,0.556231,0.87864,0.619006
record1_2.mp4,1a5008d3e2e358a67d1d067f0fe8dae92b9e9370533d9f326db45e22b61f82ab,640,480,12.02,625,52.0,446,37166,Left,0.43809,0.089344,0.312162,0.162147,0.21726,0.28697,0.147833,0.419139,0.09915,0.539087,0.376686,0.33993,0.336248,0.527776,0.312686,0.663137,0.292691,0.793494,0.49819,0.350641,0.515753,0.527151,0.534589,0.671391,0.557673,0.814652,0.587071,0.363878,0.648252,0.525201,0.695288,0.65061,0.735338,0.760266,0.641747,0.375172,0.741118,0.497149,0.815298,0.554565,0.882041,0.614154
record1_2.mp4,1a5008d3e2e358a67d1d067f0fe8dae92b9e9370533d9f326db45e22b61f82ab,640,480,12.02,625,52.0,447,37250,Left,0.4347,0.106781,0.304073,0.184253,0.213139,0.308553,0.147736,0.439954,0.094123,0.555538,0.376986,0.35967,0.340465,0.538907,0.317758,0.667254,0.297782,0.794985,0.500076,0.371903,0.51552,0.543381,0.533987,0.681632,0.556769,0.824883,0.590874,0.381973,0.650059,0.533958,0.697387,0.650015,0.737866,0.757166,0.645143,0.388168,0.742416,0.498054,0.813508,0.549694,0.879556,0.607394
record1_2.mp4,1a5008d3e2e358a67d1d067f0fe8dae92b9e9370533d9f326db45e22b61f82ab,640,480,12.02,625,52.0,448,37333,Left,0.438896,0.111053,0.307851,0.185063,0.216306,0.304206,0.145551,0.427343,0.096404,0.54158,0.374631,0.368973,0.339469,0.535111,0.320316,0.659216,0.303882,0.788504,0.497091,0.380607,0.512145,0.54394,0.534176,0.676258,0.558514,0.817532,0.588334,0.388146,0.646339,0.533991,0.697331,0.65153,0.73925,0.762878,0.644526,0.389066,0.741843,0.494334,0.813975,0.547805,0.880955,0.60953
record1_2.mp4,1a5008d3e2e358a67d1d067f0fe8dae92b9e9370533d9f326db45e22b61f82ab,640,480,12.02,625,52.0,449,37416,Left,0.441343,0.102093,0.317376,0.165893,0.225815,0.272125,0.150126,0.387672,0.095008,0.491031,0.378292,0.373714,0.336753,0.546324,0.319399,0.670811,0.305191,0.797959,0.500817,0.387785,0.516511,0.555852,0.535221,0.685118,0.558097,0.821389,0.591308,0.396169,0.65137,0.545525,0.699596,0.656816,0.739272,0.760315,0.648039,0.396463,0.74868,0.503967,0.819899,0.556094,0.884835,0.618082
record1_2.mp4,1a5008d3e2e358a67d1d067f0fe8dae92b9e9370533d9f326db45e22b61f82ab,640,480,12.02,625,52.0,450,37500,Left,0.445165,0.101763,0.320626,0.156113,0.229763,0.25466,0.153202,0.365221,0.102791,0.472417,0.379654,0.351746,0.337634,0.531979,0.31919,0.665092,0.30267,0.797809,0.503093,0.371122,0.516792,0.543548,0.535231,0.679686,0.557849,0.823287,0.595151,0.384907,0.653431,0.544199,0.700957,0.663545,0.740249,0.774257,0.651007,0.388938,0.751411,0.503675,0.821086,0.559777,0.884559,0.623248
record1_2.mp4,1a5008d3e2e358a67d1d067f0fe8dae92b9e9370533d9f326db45e22b61f82ab,640,480,12.02,625,52.0,451,37583,Left,0.446977,0.09632,0.322105,0.158227,0.229664,0.26674,0.158903,0.389384,0.114047,0.500477,0.382275,0.377231,0.33803,0.547963,0.318123,0.67196,0.302815,0.796702,0.503782,0.393521,0.517137,0.552468,0.536231,0.678218,0.55958,0.807049,0.595121,0.40084,0.653392,0.549557,0.697931,0.659836,0.736425,0.764302,0.653094,0.398174,0.753303,0.503077,0.823282,0.556408,0.884769,0.617626
record1_2.mp4,1a5008d3e2e358a67d1d067f0fe8dae92b9e9370533d9f326db45e22b61f82ab,640,480,12.02,625,52.0,452,37666,Left,0.44492,0.101716,0.312876,0.181767,0.220693,0.30157,0.155763,0.431487,0.108734,0.55575,0.380627,0.367277,0.339357,0.545196,0.318486,0.670004,0.299661,0.794695,0.504239,0.380115,0.519876,0.548238,0.538015,0.68112,0.558564,0.817926,0.594125,0.391282,0.654314,0.539949,0.699564,0.658653,0.736574,0.770234,0.648256,0.398119,0.748182,0.504137,0.816922,0.55734,0.88037,0.621672
record1_2.mp4,1a5008d3e2e358a67d1d067f0fe8dae92b9e9370533d9f326db45e22b61f82ab,640,480,12.02,625,52.0,453,37750,Left,0.44229,0.104839,0.314137,0.182072,0.220916,0.295943,0.15226,0.416816,0.11652,0.538149,0.380147,0.367698,0.338608,0.542079,0.317626,0.667706,0.299154,0.796197,0.503222,0.381069,0.517454,0.549679,0.535693,0.684922,0.557171,0.825994,0.594728,0.393358,0.655074,0.544743,0.702026,0.662631,0.740089,0.774218,0.651076,0.40017,0.751161,0.508468,0.82137,0.560563,0.885379,0.622823
record1_2.mp4,1a5008d3e2e358a67d1d067f0fe8dae92b9e9370533d9f326db45e22b61f82ab,640,480,12.02,625,52.0,454,37833,Left,0.447447,0.107116,0.317656,0.165378,0.227989,0.277433,0.156287,0.40626,0.115321,0.536906,0.378586,0.35213,0.341812,0.531638,0.320603,0.663627,0.302179,0.797555,0.502511,0.367964,0.517451,0.536769,0.535388,0.671793,0.557713,0.815427,0.59587,0.382594,0.65402,0.533851,0.700802,0.653492,0.739068,0.764998,0.653636,0.390553,0.752191,0.500879,0.821579,0.55502,0.885125,0.615314
record1_2.mp4,1a5008d3e2e358a67d1d067f0fe8dae92b9e9370533d9f326db45e22b61f82ab,640,480,12.02,625,52.0,455,37916,Left,0.442164,0.098573,0.310901,0.177195,0.219037,0.30276,0.158508,0.431895,0.111748,0.551586,0.381307,0.356744,0.34324,0.539824,0.319969,0.665968,0.300317,0.7932,0.503112,0.370469,0.520171,0.542532,0.537619,0.677279,0.559003,0.816171,0.59118,0.379905,0.647541,0.523276,0.690081,0.637889,0.728146,0.747455,0.64523,0.383631,0.743694,0.492903,0.814444,0.549266,0.879652,0.612368
record1_2.mp4,1a5008d3e2e358a67d1d067f0fe8dae92b9e9370533d9f326db45e22b61f82ab,640,480,12.02,625,52.0,456,38000,Left,0.439658,0.096252,0.310537,0.171067,0.21848,0.295244,0.160363,0.427603,0.113746,0.551813,0.381523,0.35058,0.342126,0.534168,0.319823,0.66094,0.301827,0.789734,0.502351,0.367059,0.527896,0.538155,0.551528,0.671875,0.577324,0.810473,0.589987,0.374002,0.644069,0.518285,0.680379,0.62878,0.714612,0.737513,0.642854,0.372826,0.739337,0.480605,0.810257,0.538641,0.875384,0.603336
record1_2.mp4,1a5008d3e2e358a67d1d067f0fe8dae92b9e9370533d9f326db45e22b61f82ab,640,480,12.02,625,52.0,457,38083,Left,0.439919,0.10709,0.31473,0.182141,0.224894,0.304791,0.164709,0.434432,0.111418,0.553289,0.381874,0.396777,0.339917,0.556129,0.319594,0.673937,0.303866,0.790059,0.506242,0.412031,0.554493,0.585895,0.599199,0.718014,0.646147,0.854149,0.594202,0.410922,0.670362,0.559353,0.726448,0.664173,0.776779,0.766925,0.644366,0.396106,0.750156,0.498303,0.823443,0.553668,0.889436,0.615915
record1_2.mp4,1a5008d3e2e358a67d1d067f0fe8dae92b9e9370533d9f326db45e22b61f82ab,640,480,12.02,625,52.0,458,38166,Left,0.443156,0.122853,0.312189,0.195503,0.223528,0.312995,0.1558,0.438251,0.107681,0.556305,0.385302,0.38724,0.339361,0.538405,0.317053,0.661597,0.296708,0.784825,0.508989,0.401398,0.563247,0.580312,0.611473,0.72043,0.656863,0.856894,0.596887,0.401806,0.675823,0.549323,0.736209,0.654168,0.785109,0.749682,0.648733,0.389097,0.758606,0.491526,0.831647,0.550854,0.896746,0.61548
record1_2.mp4,1a5008d3e2e358a67d1d067f0fe8dae92b9e9370533d9f326db45e22b61f82ab,640,480,12.02,625,52.0,459,38250,Left,0.439601,0.111251,0.308742,0.19479,0.220625,0.311482,0.155873,0.43574,0.112466,0.553278,0.390123,0.41346,0.342007,0.558062,0.316529,0.670683,0.292828,0.780764,0.510736,0.421363,0.558126,0.600658,0.593394,0.733438,0.624023,0.857856,0.595327,0.411346,0.670518,0.566119,0.724308,0.674735,0.765318,0.776118,0.643351,0.386204,0.754469,0.47806,0.827384,0.532131,0.889614,0.594174
record1_2.mp4,1a5008d3e2e358a67d1d067f0fe8dae92b9e9370533d9f326db45e22b61f82ab,640,480,12.02,625,52.0,460,38333,Left,0.45365,0.107541,0.310112,0.189639,0.216492,0.306561,0.154132,0.434836,0.116909,0.551356,0.384031,0.374154,0.338854,0.539051,0.313252,0.660529,0.291536,0.779681,0.507832,0.384578,0.535509,0.551119,0.55493,0.685491,0.569517,0.812739,0.600327,0.388961,0.656875,0.546503,0.684529,0.66732,0.701785,0.77839,0.65524,0.384066,0.755066,0.483415,0.8251,0.550605,0.879066,0.623338
record1_2.mp4,1a5008d3e2e358a67d1d067f0fe8dae92b9e9370533d9f326db45e22b61f82ab,640,480,12.02,625,52.0,461,38416,Left,0.445693,0.094376,0.312853,0.182066,0.225659,0.298732,0.162389,0.424956,0.114721,0.544997,0.387348,0.350892,0.346005,0.49609,0.322528,0.61334,0.299465,0.737526,0.510057,0.366797,0.529497,0.540987,0.546593,0.683257,0.558659,0.820595,0.599962,0.378159,0.651182,0.533155,0.682238,0.658701,0.701702,0.772278,0.653571,0.378888,0.750546,0.481028,0.815946,0.548857,0.870625,0.623597
record1_2.mp4,1a5008d3e2e358a67d1d067f0fe8dae92b9e9370533d9f326db45e22b61f82ab,640,480,12.02,625,52.0,462,38500,Left,0.444888,0.095718,0.312084,0.172383,0.22235,0.298271,0.160158,0.436357,0.108633,0.55804,0.385111,0.350303,0.346632,0.523065,0.330667,0.655701,0.317454,0.784255,0.506999,0.366942,0.53161,0.54026,0.55243,0.680747,0.571009,0.815752,0.595224,0.372776,0.648317,0.526725,0.67842,0.65007,0.701572,0.761583,0.646471,0.36784,0.744009,0.474967,0.814461,0.542736,0.87599,0.614413
record1_2.mp4,1a5008d3e2e358a67d1d067f0fe8dae92b9e9370533d9f326db45e22b61f82ab,640,480,12.02,625,52.0,463,38583,Left,0.44537,0.101548,0.315315,0.178294,0.223483,0.304161,0.163317,0.436473,0.110533,0.554908,0.390205,0.349339,0.353412,0.526591,0.334612,0.659504,0.320073,0.788284,0.513064,0.366823,0.55637,0.561482,0.583243,0.710967,0.611248,0.860487,0.598909,0.376114,0.660073,0.546739,0.691499,0.67539,0.719759,0.796984,0.644532,0.375446,0.744316,0.481281,0.81616,0.53917,0.877763,0.600377
record1_2.mp4,1a5008d3e2e358a67d1d067f0fe8dae92b9e9370533d9f326db45e22b61f82ab,640,480,12.02,625,52.0,464,38666,Left,0.446695,0.117465,0.313561,0.196587,0.222932,0.317569,0.157719,0.442034,0.106623,0.549868,0.38614,0.369768,0.352833,0.531731,0.335124,0.662235,0.318874,0.791381,0.508828,0.377745,0.553493,0.570581,0.588504,0.721351,0.619425,0.86827,0.598248,0.3773,0.662777,0.554494,0.707312,0.685809,0.741922,0.805583,0.64878,0.367262,0.748943,0.474825,0.818265,0.540444,0.876788,0.610079
record1_2.mp4,1a5008d3e2e358a67d1d067f0fe8dae92b9e9370533d9f326db45e22b61f82ab,640,480,12.02,625,52.0,465,38750,Left,0.450344,0.102463,0.313739,0.189821,0.223429,0.315646,0.159641,0.439545,0.11522,0.546565,0.382368,0.371158,0.344005,0.535426,0.321673,0.659482,0.302855,0.783287,0.5035,0.375425,0.534424,0.54262,0.552941,0.680149,0.567508,0.815821,0.593763,0.374962,0.645748,0.534817,0.662186,0.660115,0.669749,0.774332,0.648621,0.368065,0.745445,0.475066,0.812529,0.546819,0.864131,0.623429
record1_2.mp4,1a5008d3e2e358a67d1d067f0fe8dae92b9e9370533d9f326db45e22b61f82ab,640,480,12.02,625,52.0,466,38833,Left,0.439346,0.090454,0.309606,0.178822,0.224745,0.300867,0.164669,0.430328,0.119557,0.55771,0.383985,0.346991,0.351024,0.534324,0.336116,0.666755,0.319302,0.793337,0.506041,0.360001,0.53333,0.539939,0.548402,0.682558,0.557969,0.820464,0.594615,0.366827,0.64446,0.509766,0.670393,0.639134,0.687589,0.751631,0.64581,0.367371,0.741652,0.478271,0.804813,0.551331,0.859396,0.626597
record1_2.mp4,1a5008d3e2e358a67d1d067f0fe8dae92b9e9370533d9f326db45e22b61f82ab,640,480,12.02,625,52.0,467,38916,Left,0.441571,0.090566,0.309859,0.181075,0.221019,0.307567,0.161426,0.439756,0.108425,0.554891,0.378461,0.356847,0.344143,0.535259,0.328637,0.666605,0.31245,0.789758,0.500073,0.366482,0.523556,0.538371,0.541962,0.678385,0.552882,0.810502,0.587852,0.36724,0.63472,0.509912,0.657153,0.636277,0.669737,0.749134,0.641224,0.362444,0.736055,0.468333,0.800571,0.546117,0.853703,0.628591
record1_2.mp4,1a5008d3e2e358a67d1d067f0fe8dae92b9e9370533d9f326db45e22b61f82ab,640,480,12.02,625,52.0,468,39000,Left,0.442196,0.085905,0.316302,0.17334,0.227204,0.299491,0.165482,0.430699,0.114334,0.550975,0.382228,0.3504,0.343971,0.538503,0.325003,0.666769,0.306939,0.787859,0.502964,0.363313,0.527274,0.537501,0.54375,0.677929,0.555508,0.812571,0.588795,0.370606,0.635834,0.518397,0.658569,0.644317,0.674264,0.759712,0.640876,0.370995,0.736037,0.480641,0.801637,0.55387,0.855749,0.632855
record1_2.mp4,1a5008d3e2e358a67d1d067f0fe8dae92b9e9370533d9f326db45e22b61f82ab,640,480,12.02,625,52.0,469,39083,Left,0.439263,0.090548,0.315618,0.179908,0.2278,0.304834,0.165539,0.439642,0.106641,0.557963,0.378424,0.35478,0.340775,0.541917,0.325339,0.671705,0.31154,0.793256,0.498841,0.366394,0.522681,0.539082,0.541371,0.677743,0.555367,0.809472,0.584316,0.371087,0.630461,0.516646,0.651181,0.643576,0.664956,0.759574,0.63498,0.370413,0.730298,0.478985,0.797561,0.553507,0.853211,0.634431
record1_2.mp4,1a5008d3e2e358a67d1d067f0fe8dae92b9e9370533d9f326db45e22b61f82ab,640,480,12.02,625,52.0,470,39166,Left,0.441065,0.095587,0.315026,0.182388,0.227369,0.307596,0.168136,0.437968,0.110519,0.553451,0.380065,0.364437,0.346751,0.541878,0.330779,0.669228,0.314108,0.790367,0.502297,0.378162,0.525856,0.545086,0.54375,0.683282,0.55699,0.814608,0.589968,0.385882,0.636138,0.535388,0.660601,0.656123,0.678138,0.765854,0.642585,0.384966,0.73644,0.489612,0.801856,0.557255,0.856215,0.629823
record1_2.mp4,1a5008d3e2e358a67d1d067f0fe8dae92b9e9370533d9f326db45e22b61f82ab,640,480,12.02,625,52.0,471,39250,Left,0.446248,0.109421,0.316486,0.188936,0.225015,0.309327,0.16176,0.441531,0.107343,0.559333,0.38133,0.373015,0.344295,0.548109,0.328479,0.674089,0.31332,0.79531,0.504479,0.387715,0.527092,0.5519,0.546865,0.687973,0.560966,0.818341,0.59264,0.393999,0.638483,0.538284,0.66156,0.661745,0.676519,0.775725,0.644287,0.391574,0.740385,0.492488,0.805876,0.559542,0.859488,0.635024
record1_2.mp4,1a5008d3e2e358a67d1d067f0fe8dae92b9e9370533d9f326db45e22b61f82ab,640,480,12.02,625,52.0,472,39333,Left,0.446764,0.115716,0.315867,0.188566,0.223043,0.30671,0.15727,0.438699,0.105545,0.55634,0.377219,0.354489,0.346014,0.542494,0.331704,0.672281,0.315819,0.797075,0.501835,0.370255,0.529386,0.542515,0.546975,0.678391,0.559805,0.814389,0.591837,0.376664,0.640617,0.520625,0.665215,0.645136,0.682493,0.761805,0.646112,0.373183,0.741549,0.477074,0.806254,0.542426,0.860463,0.614752
record1_2.mp4,1a5008d3e2e358a67d1d067f0fe8dae92b9e9370533d9f326db45e22b61f82ab,640,480,12.02,625,52.0,473,39416,Left,0.443564,0.09845,0.315735,0.183163,0.226513,0.304101,0.158747,0.43459,0.106968,0.554252,0.378967,0.361278,0.345894,0.545581,0.333636,0.674745,0.316903,0.795851,0.499433,0.373352,0.529691,0.548053,0.552086,0.686105,0.563653,0.815665,0.586145,0.370918,0.63444,0.518068,0.659125,0.63978,0.672355,0.750773,0.638899,0.35538,0.736534,0.459504,0.801164,0.533363,0.853129,0.610005
record1_2.mp4,1a5008d3e2e358a67d1d067f0fe8dae92b9e9370533d9f326db45e22b61f82ab,640,480,12.02,625,52.0,474,39500,Left,0.459424,0.086046,0.339045,0.172097,0.248388,0.297706,0.177244,0.418307,0.127697,0.525956,0.396372,0.333493,0.364356,0.511617,0.350933,0.644497,0.333302,0.779498,0.508469,0.343081,0.535298,0.533383,0.561121,0.685999,0.578835,0.838106,0.591467,0.346338,0.640774,0.519819,0.677236,0.660451,0.704331,0.790857,0.643946,0.339238,0.729545,0.454345,0.788763,0.530743,0.840922,0.611859
record1_2.mp4,1a5008d3e2e358a67d1d067f0fe8dae92b9e9370533d9f326db45e22b61f82ab,640,480,12.02,625,52.0,475,39583,Left,0.47535,0.098774,0.356685,0.179387,0.266546,0.313458,0.198913,0.451594,0.149031,0.566408,0.410071,0.309165,0.381052,0.511563,0.361555,0.655369,0.342169,0.793805,0.522305,0.320846,0.550127,0.524537,0.570959,0.687892,0.587335,0.841289,0.604225,0.326631,0.654878,0.51148,0.686056,0.665008,0.710533,0.80403,0.654815,0.326728,0.733499,0.458804,0.790027,0.546367,0.840503,0.632726
record1_2.mp4,1a5008d3e2e358a67d1d067f0fe8dae92b9e9370533d9f326db45e22b61f82ab,640,480,12.02,625,52.0,476,39666,Left,0.471957,0.115682,0.356967,0.205344,0.276833,0.333338,0.219563,0.475525,0.164371,0.593987,0.407046,0.375245,0.376228,0.573319,0.358786,0.713008,0.342994,0.841211,0.522162,0.381005,0.541266,0.570243,0.561635,0.721096,0.578691,0.861671,0.608619,0.37614,0.647234,0.547399,0.675733,0.687603,0.69987,0.812199,0.663385,0.365506,0.743267,0.502383,0.800901,0.593825,0.853894,0.680667
record1_2.mp4,1a5008d3e2e358a67d1d067f0fe8dae92b9e9370533d9f326db45e22b61f82ab,640,480,12.02,625,52.0,477,39750,Left,0.475565,0.11382,0.361888,0.200738,0.280549,0.333358,0.219256,0.474884,0.160733,0.588869,0.41526,0.350982,0.379936,0.558598,0.357377,0.705721,0.336192,0.836457,0.526006,0.3607,0.541876,0.562153,0.55951,0.721247,0.575379,0.863838,0.609522,0.361883,0.647552,0.545367,0.676173,0.690111,0.701909,0.817821,0.662215,0.357067,0.73935,0.497533,0.79452,0.59141,0.84388,0.679509
record1_2.mp4,1a5008d3e2e358a67d1d067f0fe8dae92b9e9370533d9f326db45e22b61f82ab,640,480,12.02,625,52.0,478,39833,Left,0.474963,0.107097,0.361449,0.197188,0.282353,0.32656,0.220747,0.467644,0.166687,0.588648,0.417373,0.356506,0.38234,0.564435,0.35767,0.709816,0.335051,0.835965,0.527546,0.366467,0.544654,0.571868,0.561947,0.729631,0.577752,0.867793,0.610221,0.364026,0.650027,0.548552,0.679826,0.69516,0.705995,0.821443,0.662707,0.355176,0.739419,0.496809,0.795078,0.59266,0.846368,0.680223
record1_2.mp4,1a5008d3e2e358a67d1d067f0fe8dae92b9e9370533d9f326db45e22b61f82ab,640,480,12.02,625,52.0,479,39916,Left,0.473868,0.115802,0.361356,0.206079,0.281473,0.333954,0.220632,0.471608,0.163328,0.587051,0.417559,0.379502,0.379903,0.576272,0.354654,0.716508,0.332306,0.838682,0.527725,0.387279,0.543507,0.582278,0.560468,0.732267,0.57677,0.865881,0.610632,0.381126,0.649322,0.555627,0.678821,0.695033,0.705389,0.816787,0.663353,0.367314,0.742397,0.504203,0.799651,0.595694,0.851944,0.680839
record1_2.mp4,1a5008d3e2e358a67d1d067f0fe8dae92b9e9370533d9f326db45e22b61f82ab,640,480,12.02,625,52.0,480,40000,Left,0.479758,0.120553,0.364338,0.208302,0.281872,0.338712,0.219424,0.476728,0.160823,0.590407,0.419393,0.379592,0.379871,0.573704,0.35516,0.712673,0.332673,0.836783,0.529843,0.390239,0.543727,0.581452,0.561018,0.732299,0.576143,0.866983,0.613414,0.385094,0.650525,0.557985,0.680451,0.696595,0.707176,0.818558,0.667394,0.371792,0.743816,0.505538,0.799406,0.595208,0.850354,0.680105
record1_2.mp4,1a5008d3e2e358a67d1d067f0fe8dae92b9e9370533d9f326db45e22b61f82ab,640,480,12.02,625,52.0,481,40083,Left,0.480543,0.120118,0.363433,0.206271,0.278804,0.337975,0.217141,0.477901,0.158391,0.59152,0.420909,0.369548,0.380461,0.567535,0.354631,0.709368,0.331358,0.837444,0.531693,0.379278,0.544254,0.570778,0.559225,0.725274,0.57291,0.865213,0.615576,0.378553,0.650145,0.551597,0.677395,0.693222,0.703265,0.819971,0.669995,0.372322,0.746536,0.508862,0.801173,0.597247,0.850706,0.680398
record1_2.mp4,1a5008d3e2e358a67d1d067f0fe8dae92b9e9370533d9f326db45e22b61f82ab,640,480,12.02,625,52.0,482,40166,Left,0.478788,0.10934,0.365131,0.199832,0.281688,0.332918,0.215945,0.476641,0.159081,0.593473,0.424146,0.371073,0.381309,0.565438,0.35999,0.703359,0.342475,0.83276,0.532146,0.382191,0.540387,0.575085,0.556313,0.726715,0.570965,0.866225,0.612886,0.378647,0.650401,0.554055,0.681263,0.694031,0.707993,0.820629,0.664372,0.367184,0.741239,0.501074,0.797445,0.591151,0.848045,0.678527
record1_2.mp4,1a5008d3e2e358a67d1d067f0fe8dae92b9e9370533d9f326db45e22b61f82ab,640,480,12.02,625,52.0,483,40250,Left,0.481633,0.112047,0.366372,0.191316,0.280628,0.32843,0.212756,0.469342,0.151754,0.582146,0.418111,0.349638,0.382719,0.528713,0.366653,0.659964,0.35186,0.788104,0.530269,0.364987,0.539867,0.558574,0.555471,0.710987,0.567825,0.856339,0.614032,0.371491,0.649135,0.547299,0.677064,0.691557,0.700422,0.821547,0.665899,0.368905,0.744584,0.506677,0.802101,0.59676,0.853169,0.683021
record1_2.mp4,1a5008d3e2e358a67d1d067f0fe8dae92b9e9370533d9f326db45e22b61f82ab,640,480,12.02,625,52.0,484,40333,Left,0.476601,0.105785,0.364928,0.189827,0.276839,0.320156,0.206973,0.447278,0.138583,0.541407,0.416355,0.354441,0.378786,0.552443,0.35688,0.694516,0.337506,0.827091,0.527467,0.365137,0.542382,0.557761,0.559171,0.708773,0.573721,0.851052,0.609779,0.368617,0.647341,0.546725,0.673573,0.689416,0.696655,0.818844,0.661375,0.364574,0.739503,0.503929,0.796596,0.593368,0.846405,0.679933
record1_2.mp4,1a5008d3e2e358a67d1d067f0fe8dae92b9e9370533d9f326db45e22b61f82ab,640,480,12.02,625,52.0,485,40416,Left,0.471236,0.103916,0.356734,0.183112,0.269059,0.307524,0.20208,0.439929,0.133255,0.543232,0.410151,0.35964,0.375201,0.557957,0.354049,0.701817,0.335291,0.832973,0.524155,0.371577,0.542999,0.56676,0.56051,0.718732,0.576833,0.860654,0.606867,0.374166,0.648433,0.553735,0.674973,0.696475,0.698606,0.825289,0.656404,0.36805,0.736042,0.507286,0.79554,0.595282,0.849438,0.680912
record1_2.mp4,1a5008d3e2e358a67d1d067f0fe8dae92b9e9370533d9f326db45e22b61f82ab,640,480,12.02,625,52.0,486,40500,Left,0.47232,0.107217,0.354887,0.187877,0.270159,0.317601,0.203698,0.46025,0.141034,0.581204,0.409761,0.34445,0.375174,0.548289,0.354995,0.69828,0.335898,0.834026,0.523834,0.359884,0.541194,0.560464,0.559945,0.722106,0.577497,0.868609,0.6072,0.365261,0.648843,0.546987,0.676813,0.692796,0.702266,0.824208,0.658722,0.363239,0.739723,0.501922,0.79756,0.593073,0.849855,0.679935
record1_2.mp4,1a5008d3e2e358a67d1d067f0fe8dae92b9e9370533d9f326db45e22b61f82ab,640,480,12.02,625,52.0,487,40583,Left,0.470276,0.10209,0.350646,0.188771,0.267218,0.324787,0.201389,0.466565,0.13847,0.585056,0.407842,0.348042,0.372866,0.55331,0.353178,0.700023,0.335885,0.836519,0.521341,0.362871,0.547136,0.54688,0.568274,0.700514,0.587435,0.846451,0.605451,0.370719,0.649287,0.540001,0.6766,0.686555,0.701779,0.82052,0.658222,0.373446,0.738666,0.506604,0.797713,0.592882,0.851734,0.676409
record1_2.mp4,1a5008d3e2e358a67d1d067f0fe8dae92b9e9370533d9f326db45e22b61f82ab,640,480,12.02,625,52.0,488,40666,Left,0.472907,0.121042,0.355074,0.19747,0.271048,0.321102,0.201014,0.457568,0.139232,0.573083,0.408143,0.345775,0.374812,0.551627,0.353085,0.700406,0.331438,0.837324,0.523252,0.362052,0.540593,0.555746,0.558482,0.716258,0.574335,0.865414,0.607403,0.370564,0.651275,0.546847,0.679344,0.693888,0.70278,0.827366,0.658281,0.371893,0.740071,0.505385,0.797047,0.594241,0.849584,0.680693
record1_2.mp4,1a5008d3e2e358a67d1d067f0fe8dae92b9e9370533d9f326db45e22b61f82ab,640,480,12.02,625,52.0,489,40750,Left,0.472706,0.111045,0.354407,0.192162,0.266307,0.317639,0.194767,0.447488,0.127381,0.548941,0.412252,0.359162,0.372846,0.561066,0.350823,0.706384,0.330986,0.840464,0.527157,0.373342,0.543947,0.562203,0.560033,0.71742,0.57456,0.862815,0.61061,0.379519,0.6516,0.545613,0.678571,0.687209,0.702084,0.81623,0.663334,0.378543,0.743583,0.510121,0.800961,0.595212,0.852551,0.679761
record1_2.mp4,1a5008d3e2e358a67d1d067f0fe8dae92b9e9370533d9f326db45e22b61f82ab,640,480,12.02,625,52.0,490,40833,Left,0.467231,0.103942,0.348983,0.182448,0.26051,0.305435,0.190838,0.434332,0.117679,0.530513,0.408452,0.354914,0.373091,0.566712,0.351258,0.713265,0.331254,0.845527,0.522299,0.370706,0.541384,0.56338,0.55796,0.718485,0.572891,0.863534,0.604901,0.375069,0.647698,0.547134,0.674622,0.689595,0.698167,0.820127,0.657265,0.371421,0.737243,0.503611,0.794655,0.590016,0.847262,0.676065
record1_2.mp4,1a5008d3e2e358a67d1d067f0fe8dae92b9e9370533d9f326db45e22b61f82ab,640,480,12.02,625,52.0,491,40916,Left,0.473618,0.121488,0.355359,0.201765,0.267691,0.327765,0.19174,0.464181,0.125389,0.580308,0.410752,0.36048,0.37502,0.564161,0.352731,0.709799,0.331165,0.842036,0.525764,0.374433,0.542224,0.567788,0.557821,0.722556,0.571747,0.866273,0.610598,0.37786,0.651005,0.552956,0.677875,0.696797,0.701448,0.827443,0.663444,0.373531,0.743912,0.50859,0.800008,0.596527,0.851303,0.681324
record1_2.mp4,1a5008d3e2e358a67d1d067f0fe8dae92b9e9370533d9f326db45e22b61f82ab,640,480,12.02,625,52.0,492,41000,Left,0.470094,0.117581,0.350177,0.198414,0.259779,0.329673,0.184025,0.468202,0.118364,0.581655,0.411891,0.347124,0.372169,0.555138,0.350021,0.702464,0.330405,0.839085,0.527533,0.360568,0.542301,0.556265,0.557453,0.7143,0.571532,0.861315,0.611751,0.369006,0.649945,0.542531,0.67693,0.688252,0.700586,0.819306,0.664541,0.371991,0.745694,0.506401,0.802533,0.594705,0.852502,0.680387
record1_2.mp4,1a5008d3e2e358a67d1d067f0fe8dae92b9e9370533d9f326db45e22b61f82ab,640,480,12.02,625,52.0,493,41083,Left,0.470233,0.107638,0.347751,0.198901,0.258629,0.330446,0.184142,0.462438,0.120222,0.572482,0.413649,0.359677,0.374402,0.563053,0.351949,0.706378,0.33246,0.841524,0.527763,0.36939,0.542752,0.561333,0.558737,0.71785,0.572975,0.865765,0.610663,0.373811,0.651884,0.544955,0.678467,0.688912,0.700117,0.820803,0.662472,0.373987,0.74269,0.50524,0.800931,0.592079,0.852268,0.678497
record1_2.mp4,1a5008d3e2e358a67d1d067f0fe8dae92b9e9370533d9f326db45e22b61f82ab,640,480,12.02,625,52.0,494,41166,Left,0.470663,0.100644,0.347156,0.183501,0.256062,0.310422,0.180504,0.438003,0.108845,0.541181,0.410092,0.35039,0.371783,0.557264,0.348912,0.702885,0.328647,0.839355,0.524129,0.363758,0.54003,0.557455,0.55642,0.715193,0.57284,0.865448,0.607287,0.370754,0.649278,0.546003,0.676621,0.691101,0.700975,0.823824,0.660359,0.371861,0.738607,0.5057,0.796057,0.590698,0.849662,0.674428
record1_2.mp4,1a5008d3e2e358a67d1d067f0fe8dae92b9e9370533d9f326db45e22b61f82ab,640,480,12.02,625,52.0,495,41250,Left,0.470687,0.100379,0.350991,0.187993,0.262226,0.319054,0.18424,0.455403,0.118143,0.566986,0.409611,0.346579,0.372435,0.548658,0.352309,0.693798,0.333682,0.829224,0.522664,0.358483,0.537553,0.552825,0.554235,0.712629,0.569563,0.859472,0.606551,0.363806,0.647786,0.538339,0.67644,0.682304,0.700459,0.812389,0.661711,0.363413,0.740329,0.497856,0.797604,0.586925,0.848891,0.673304
record1_2.mp4,1a5008d3e2e358a67d1d067f0fe8dae92b9e9370533d9f326db45e22b61f82ab,640,480,12.02,625,52.0,496,41333,Left,0.474479,0.114015,0.353437,0.197561,0.262553,0.32422,0.186475,0.463233,0.117594,0.576606,0.411201,0.353366,0.37367,0.5543,0.353673,0.69863,0.334304,0.832765,0.525506,0.369475,0.5402,0.559413,0.557702,0.714911,0.573672,0.861198,0.608615,0.374887,0.649465,0.546041,0.677725,0.687739,0.701136,0.818139,0.660092,0.371584,0.739182,0.500695,0.797241,0.587239,0.850256,0.673112
record1_2.mp4,1a5008d3e2e358a67d1d067f0fe8dae92b9e9370533d9f326db45e22b61f82ab,640,480,12.02,625,52.0,497,41416,Left,0.469878,0.10955,0.348828,0.194597,0.257309,0.322144,0.180096,0.449065,0.105229,0.545343,0.405049,0.354479,0.369521,0.551083,0.349435,0.695041,0.330645,0.830954,0.520246,0.367873,0.536975,0.559962,0.554841,0.716747,0.571324,0.864808,0.604997,0.373491,0.646686,0.547029,0.674172,0.689594,0.697184,0.819087,0.658718,0.370915,0.738819,0.508399,0.798019,0.596406,0.851367,0.682712
record1_2.mp4,1a5008d3e2e358a67d1d067f0fe8dae92b9e9370533d9f326db45e22b61f82ab,640,480,12.02,625,52.0,498,41500,Left,0.467213,0.10769,0.349514,0.182841,0.259125,0.296361,0.183541,0.417377,0.120155,0.519287,0.404663,0.35187,0.370177,0.557692,0.348513,0.703218,0.329169,0.838835,0.521323,0.368524,0.537348,0.55874,0.553298,0.714683,0.568175,0.860453,0.606381,0.374272,0.648833,0.544954,0.676345,0.688559,0.698807,0.817548,0.661294,0.370872,0.740958,0.506784,0.798577,0.595449,0.851454,0.681728
record1_2.mp4,1a5008d3e2e358a67d1d067f0fe8dae92b9e9370533d9f326db45e22b61f82ab,640,480,12.02,625,52.0,499,41583,Left,0.470672,0.116815,0.350405,0.197911,0.26085,0.324256,0.184672,0.459216,0.119209,0.571112,0.40714,0.356665,0.370069,0.555134,0.349787,0.70028,0.33108,0.834358,0.520842,0.370324,0.537136,0.561827,0.555142,0.717749,0.570973,0.86234,0.604489,0.374456,0.646365,0.548706,0.675734,0.692722,0.699707,0.823096,0.65694,0.370943,0.738228,0.50181,0.796593,0.589416,0.848952,0.675249
record1_2.mp4,1a5008d3e2e358a67d1d067f0fe8dae92b9e9370533d9f326db45e22b61f82ab,640,480,12.02,625,52.0,500,41666,Left,0.475191,0.106859,0.354559,0.183702,0.262689,0.303888,0.184167,0.428791,0.12211,0.530729,0.407369,0.357432,0.37031,0.556021,0.347862,0.69904,0.327752,0.835865,0.522513,0.374722,0.537053,0.56114,0.554462,0.715781,0.570952,0.862201,0.607361,0.382002,0.647658,0.546961,0.675285,0.686855,0.698363,0.814394,0.663138,0.380051,0.743134,0.513269,0.800417,0.599702,0.851704,0.684262
record1_2.mp4,1a5008d3e2e358a67d1d067f0fe8dae92b9e9370533d9f326db45e22b61f82ab,640,480,12.02,625,52.0,501,41750,Left,0.477784,0.112191,0.357538,0.18545,0.261175,0.304497,0.185232,0.431779,0.126435,0.540617,0.404998,0.366751,0.370617,0.565122,0.349757,0.70493,0.330805,0.836814,0.52162,0.381543,0.538037,0.568264,0.554053,0.719349,0.569647,0.860645,0.607611,0.385415,0.648079,0.551619,0.6751,0.68975,0.697829,0.81487,0.664493,0.379065,0.744065,0.514988,0.800884,0.601152,0.852018,0.68396
record1_2.mp4,1a5008d3e2e358a67d1d067f0fe8dae92b9e9370533d9f326db45e22b61f82ab,640,480,12.02,625,52.0,502,41833,Left,0.477117,0.115691,0.353548,0.189905,0.263156,0.319528,0.187636,0.461365,0.1144,0.574436,0.404869,0.341345,0.373382,0.548274,0.353673,0.694296,0.334046,0.830996,0.520698,0.362807,0.536205,0.557752,0.551222,0.717726,0.565234,0.867781,0.60567,0.372495,0.646847,0.540362,0.674597,0.681489,0.698068,0.810179,0.659523,0.372573,0.736965,0.508059,0.795112,0.592809,0.849921,0.675997
record1_2.mp4,1a5008d3e2e358a67d1d067f0fe8dae92b9e9370533d9f326db45e22b61f82ab,640,480,12.02,625,52.0,503,41916,Left,0.474992,0.105053,0.3549,0.185301,0.267407,0.313569,0.190738,0.455701,0.119105,0.569147,0.406887,0.346844,0.371495,0.551552,0.353378,0.696338,0.336221,0.832402,0.522665,0.368191,0.534802,0.557427,0.550833,0.714663,0.565632,0.862557,0.608259,0.377125,0.647252,0.543445,0.674469,0.684015,0.697373,0.812681,0.663417,0.375653,0.740963,0.510844,0.797037,0.597675,0.849113,0.682795
record1_2.mp4,1a5008d3e2e358a67d1d067f0fe8dae92b9e9370533d9f326db45e22b61f82ab,640,480,12.02,625,52.0,504,42000,Left,0.473948,0.109095,0.354439,0.187694,0.266487,0.322839,0.19268,0.466292,0.118201,0.574906,0.407094,0.357583,0.372897,0.557827,0.354094,0.700805,0.336963,0.833748,0.522998,0.37569,0.536773,0.564592,0.554262,0.718162,0.571349,0.862797,0.609328,0.382551,0.648836,0.553932,0.676716,0.692201,0.701607,0.817992,0.664588,0.379742,0.742562,0.514184,0.79996,0.600126,0.852831,0.683419
record1_2.mp4,1a5008d3e2e358a67d1d067f0fe8dae92b9e9370533d9f326db45e22b61f82ab,640,480,12.02,625,52.0,505,42083,Left,0.47585,0.113544,0.355154,0.196293,0.264229,0.332426,0.188099,0.470666,0.115545,0.574659,0.408907,0.35176,0.370506,0.548276,0.349278,0.690077,0.329214,0.823538,0.522823,0.368548,0.535689,0.558891,0.552265,0.714996,0.56835,0.861261,0.6082,0.377732,0.647025,0.552572,0.674337,0.692468,0.699341,0.818967,0.663687,0.378836,0.742542,0.514436,0.799842,0.599958,0.852697,0.682414
record1_2.mp4,1a5008d3e2e358a67d1d067f0fe8dae92b9e9370533d9f326db45e22b61f82ab,640,480,12.02,625,52.0,506,42166,Left,0.471281,0.108599,0.354533,0.190007,0.266274,0.319016,0.185428,0.447873,0.103784,0.540162,0.399918,0.354824,0.364648,0.555449,0.343484,0.700238,0.324067,0.835327,0.515928,0.372734,0.534139,0.563202,0.552746,0.715798,0.571179,0.859276,0.60289,0.3794,0.645666,0.553371,0.676346,0.693697,0.70397,0.819242,0.65944,0.375081,0.737762,0.511896,0.797152,0.596344,0.851533,0.677294
record1_2.mp4,1a5008d3e2e358a67d1d067f0fe8dae92b9e9370533d9f326db45e22b61f82ab,640,480,12.02,625,52.0,507,42250,Left,0.477312,0.110289,0.359195,0.184548,0.267429,0.306223,0.187992,0.431296,0.111351,0.526957,0.403294,0.355947,0.361995,0.552999,0.338768,0.696529,0.317758,0.831985,0.518308,0.37319,0.533562,0.559908,0.548966,0.71399,0.564948,0.860952,0.604077,0.381798,0.646974,0.549486,0.675493,0.688119,0.700298,0.815872,0.661317,0.380933,0.739762,0.51761,0.797479,0.601741,0.850407,0.685153
record1_2.mp4,1a5008d3e2e358a67d1d067f0fe8dae92b9e9370533d9f326db45e22b61f82ab,640,480,12.02,625,52.0,508,42333,Left,0.48056,0.118049,0.358734,0.192748,0.264995,0.329919,0.187701,0.470603,0.108732,0.572315,0.40397,0.360098,0.364282,0.558066,0.345504,0.699132,0.328816,0.831239,0.520032,0.378229,0.532748,0.56266,0.549434,0.715434,0.566773,0.860768,0.60668,0.38549,0.647088,0.552383,0.675926,0.688208,0.702563,0.812699,0.663309,0.382699,0.738561,0.51826,0.79528,0.601311,0.848616,0.682734
record1_2.mp4,1a5008d3e2e358a67d1d067f0fe8dae92b9e9370533d9f326db45e22b61f82ab,640,480,12.02,625,52.0,509,42416,Left,0.479019,0.108944,0.356805,0.190656,0.260873,0.32905,0.182171,0.468391,0.107672,0.571438,0.403943,0.36597,0.361874,0.559298,0.342183,0.697815,0.32422,0.828709,0.518172,0.384054,0.532386,0.568827,0.547936,0.722083,0.564065,0.867355,0.603479,0.389828,0.645616,0.553078,0.673487,0.684273,0.698752,0.806467,0.660518,0.385175,0.73715,0.517788,0.795557,0.598756,0.84991,0.679799
record1_2.mp4,1a5008d3e2e358a67d1d067f0fe8dae92b9e9370533d9f326db45e22b61f82ab,640,480,12.02,625,52.0,510,42500,Left,0.481093,0.121424,0.361231,0.192179,0.266198,0.314675,0.180391,0.435497,0.098694,0.521005,0.401895,0.358012,0.363424,0.552208,0.343724,0.694886,0.325266,0.831361,0.516244,0.376643,0.53198,0.558819,0.548482,0.712687,0.564647,0.861618,0.601479,0.384729,0.645572,0.54774,0.676069,0.685142,0.701139,0.81472,0.658625,0.38208,0.735565,0.514869,0.794544,0.598019,0.847654,0.683646
record1_2.mp4,1a5008d3e2e358a67d1d067f0fe8dae92b9e9370533d9f326db45e22b61f82ab,640,480,12.02,625,52.0,511,42583,Left,0.475132,0.113603,0.352464,0.194407,0.257643,0.337247,0.179174,0.477491,0.097335,0.572357,0.402513,0.367945,0.362498,0.56314,0.3455,0.704934,0.329166,0.838268,0.519204,0.383583,0.534423,0.562411,0.550742,0.71501,0.565226,0.860689,0.605937,0.389853,0.648827,0.550068,0.67688,0.684128,0.700353,0.809758,0.664417,0.387064,0.739761,0.521761,0.797308,0.605374,0.849284,0.690206
record1_2.mp4,1a5008d3e2e358a67d1d067f0fe8dae92b9e9370533d9f326db45e22b61f82ab,640,480,12.02,625,52.0,512,42666,Left,0.480015,0.114553,0.355798,0.195435,0.259546,0.337334,0.179247,0.477876,0.098174,0.570317,0.407295,0.367301,0.363245,0.556992,0.343348,0.696046,0.324636,0.826887,0.523665,0.386688,0.534797,0.566647,0.549626,0.719823,0.563909,0.865101,0.60994,0.396125,0.65104,0.558081,0.678545,0.68983,0.702314,0.813614,0.666947,0.39484,0.741857,0.524325,0.798878,0.606621,0.850532,0.690341
record1_2.mp4,1a5008d3e2e358a67d1d067f0fe8dae92b9e9370533d9f326db45e22b61f82ab,640,480,12.02,625,52.0,513,42750,Left,0.477113,0.125716,0.353728,0.203444,0.258694,0.341497,0.177519,0.478186,0.097385,0.572309,0.402684,0.368705,0.36055,0.559453,0.339996,0.696822,0.320505,0.826908,0.519934,0.388251,0.533404,0.567996,0.548131,0.72096,0.561306,0.866129,0.607072,0.396365,0.648546,0.557217,0.67598,0.690204,0.698801,0.814742,0.664065,0.393043,0.739055,0.521872,0.797439,0.602617,0.850463,0.685397
record1_2.mp4,1a5008d3e2e358a67d1d067f0fe8dae92b9e9370533d9f326db45e22b61f82ab,640,480,12.02,625,52.0,514,42833,Left,0.481795,0.125224,0.357649,0.207122,0.258825,0.346747,0.175677,0.479429,0.096362,0.568816,0.41136,0.364504,0.366164,0.544433,0.340379,0.67422,0.313642,0.806395,0.526826,0.383947,0.533094,0.561941,0.546104,0.713752,0.556046,0.863433,0.612638,0.395293,0.650965,0.554447,0.678903,0.688975,0.700736,0.816797,0.668646,0.397116,0.743039,0.522939,0.799956,0.602001,0.85058,0.686901
record1_2.mp4,1a5008d3e2e358a67d1d067f0fe8dae92b9e9370533d9f326db45e22b61f82ab,640,480,12.02,625,52.0,515,42916,Left,0.476237,0.118617,0.351588,0.201484,0.254478,0.339463,0.17617,0.473154,0.095636,0.562701,0.400808,0.368745,0.355487,0.562342,0.334552,0.698105,0.317527,0.828805,0.519016,0.385852,0.53348,0.571234,0.549316,0.719713,0.565657,0.861692,0.607109,0.391951,0.64671,0.55342,0.674244,0.686306,0.700665,0.810466,0.664123,0.387107,0.73949,0.518893,0.798288,0.601006,0.851496,0.682761
record1_2.mp4,1a5008d3e2e358a67d1d067f0fe8dae92b9e9370533d9f326db45e22b61f82ab,640,480,12.02,625,52.0,516,43000,Left,0.478557,0.130963,0.352748,0.209691,0.254792,0.346062,0.176958,0.480749,0.097866,0.569028,0.405399,0.380428,0.36011,0.568313,0.340006,0.698416,0.32167,0.825238,0.523103,0.398483,0.543907,0.576269,0.564003,0.725371,0.581755,0.874091,0.610243,0.405406,0.650787,0.558265,0.673795,0.685322,0.695535,0.810224,0.666946,0.402858,0.741612,0.527329,0.798381,0.605037,0.851692,0.686919
record1_2.mp4,1a5008d3e2e358a67d1d067f0fe8dae92b9e9370533d9f326db45e22b61f82ab,640,480,12.02,625,52.0,517,43083,Left,0.479763,0.130627,0.354608,0.206002,0.256737,0.339613,0.17799,0.471524,0.097129,0.561129,0.404429,0.380875,0.358504,0.571338,0.33948,0.701863,0.32523,0.828108,0.522801,0.397208,0.546346,0.56184,0.567661,0.681176,0.587834,0.802019,0.611625,0.401987,0.65258,0.558116,0.68247,0.68173,0.712705,0.80343,0.669455,0.395284,0.740908,0.525601,0.79899,0.601781,0.85241,0.680088
record1_2.mp4,1a5008d3e2e358a67d1d067f0fe8dae92b9e9370533d9f326db45e22b61f82ab,640,480,12.02,625,52.0,518,43166,Left,0.481156,0.128919,0.355937,0.209046,0.257189,0.341887,0.175665,0.474684,0.096135,0.566929,0.404651,0.383513,0.359762,0.57132,0.342486,0.70532,0.328036,0.836201,0.524084,0.398449,0.553135,0.587734,0.576943,0.733061,0.59771,0.878221,0.612938,0.400798,0.653791,0.563365,0.682014,0.692225,0.710063,0.818238,0.670855,0.392588,0.745486,0.527411,0.803783,0.607782,0.857723,0.692705
record1_2.mp4,1a5008d3e2e358a67d1d067f0fe8dae92b9e9370533d9f326db45e22b61f82ab,640,480,12.02,625,52.0,519,43250,Left,0.4739,0.131733,0.350233,0.211958,0.256715,0.342797,0.176967,0.473901,0.096707,0.56772,0.401999,0.390236,0.354039,0.578424,0.333128,0.705834,0.316128,0.827585,0.517572,0.409273,0.523095,0.589809,0.535469,0.733966,0.547739,0.871558,0.605268,0.408146,0.642659,0.564441,0.670699,0.688131,0.696305,0.804731,0.662652,0.392326,0.738421,0.520326,0.795396,0.600888,0.850298,0.682463
record1_2.mp4,1a5008d3e2e358a67d1d067f0fe8dae92b9e9370533d9f326db45e22b61f82ab,640,480,12.02,625,52.0,520,43333,Left,0.470713,0.122038,0.349156,0.209041,0.257667,0.340741,0.17693,0.473016,0.0967,0.567628,0.398828,0.395837,0.354328,0.584481,0.335269,0.712304,0.319158,0.831968,0.515988,0.411277,0.520432,0.589996,0.53354,0.734318,0.545997,0.869181,0.605683,0.409965,0.643513,0.568339,0.673137,0.697638,0.698796,0.815845,0.665828,0.396898,0.742744,0.528062,0.800013,0.608629,0.854189,0.689804
record1_2.mp4,1a5008d3e2e358a67d1d067f0fe8dae92b9e9370533d9f326db45e22b61f82ab,640,480,12.02,625,52.0,521,43416,Left,0.474707,0.127505,0.352339,0.211791,0.256025,0.345058,0.173268,0.476639,0.093177,0.572655,0.405599,0.374231,0.366866,0.557363,0.347542,0.688218,0.327076,0.815545,0.520576,0.389848,0.520638,0.578273,0.531644,0.728512,0.539112,0.867876,0.606941,0.392217,0.642135,0.556298,0.671839,0.692541,0.694237,0.814577,0.663567,0.383967,0.740418,0.516395,0.797373,0.601996,0.850016,0.688376
record1_2.mp4,1a5008d3e2e358a67d1d067f0fe8dae92b9e9370533d9f326db45e22b61f82ab,640,480,12.02,625,52.0,522,43500,Left,0.469751,0.113019,0.348872,0.203355,0.257561,0.336778,0.177108,0.469532,0.096556,0.56371,0.400043,0.384956,0.353071,0.574738,0.331536,0.703681,0.31304,0.824885,0.516177,0.401955,0.520436,0.587591,0.534928,0.732899,0.548504,0.867942,0.604998,0.402154,0.640419,0.562536,0.671567,0.692958,0.699196,0.811626,0.66398,0.389175,0.741641,0.519529,0.798845,0.603334,0.850971,0.686071
record1_2.mp4,1a5008d3e2e358a67d1d067f0fe8dae92b9e9370533d9f326db45e22b61f82ab,640,480,12.02,625,52.0,523,43583,Left,0.471093,0.121064,0.351541,0.205835,0.258805,0.338203,0.178058,0.469568,0.100354,0.56773,0.400678,0.378946,0.354053,0.569456,0.330009,0.701186,0.30963,0.825866,0.514026,0.394474,0.526149,0.578991,0.541263,0.725021,0.557147,0.862105,0.600523,0.394801,0.639949,0.554735,0.669033,0.684931,0.69732,0.805083,0.659906,0.383965,0.73485,0.517671,0.793004,0.599736,0.84921,0.67908
record1_2.mp4,1a5008d3e2e358a67d1d067f0fe8dae92b9e9370533d9f326db45e22b61f82ab,640,480,12.02,625,52.0,524,43666,Left,0.475119,0.121472,0.353116,0.203074,0.257125,0.343132,0.177486,0.479771,0.097792,0.572167,0.402436,0.368615,0.355279,0.557844,0.329964,0.694618,0.308783,0.823282,0.516494,0.384895,0.529837,0.569792,0.544756,0.720586,0.56222,0.865191,0.602636,0.390012,0.645318,0.560068,0.678111,0.695656,0.709697,0.822486,0.660511,0.384006,0.73494,0.520687,0.794118,0.602309,0.849169,0.681105
record1_2.mp4,1a5008d3e2e358a67d1d067f0fe8dae92b9e9370533d9f326db45e22b61f82ab,640,480,12.02,625,52.0,525,43750,Left,0.476418,0.125806,0.356668,0.207529,0.259467,0.34744,0.179763,0.479868,0.099869,0.568791,0.405435,0.38723,0.352273,0.571519,0.329031,0.698799,0.308925,0.821152,0.516837,0.397626,0.531191,0.566916,0.54694,0.704666,0.562976,0.840762,0.601559,0.397528,0.644911,0.54804,0.67302,0.662575,0.700366,0.77455,0.660475,0.38998,0.738897,0.521021,0.798249,0.597311,0.853031,0.676218
record1_2.mp4,1a5008d3e2e358a67d1d067f0fe8dae92b9e9370533d9f326db45e22b61f82ab,640,480,12.02,625,52.0,526,43833,Left,0.476961,0.12584,0.357083,0.204326,0.259215,0.342496,0.179262,0.478892,0.10121,0.571599,0.410675,0.385932,0.358647,0.567904,0.333021,0.695063,0.30949,0.818711,0.522696,0.4014,0.534497,0.575625,0.550326,0.7136,0.567631,0.850775,0.605998,0.405308,0.655515,0.563177,0.692411,0.675479,0.726348,0.783726,0.660119,0.398665,0.740628,0.524178,0.801745,0.591207,0.859303,0.661663
record1_2.mp4,1a5008d3e2e358a67d1d067f0fe8dae92b9e9370533d9f326db45e22b61f82ab,640,480,12.02,625,52.0,527,43916,Left,0.468946,0.131203,0.349328,0.213903,0.25472,0.348994,0.176761,0.476778,0.098497,0.56827,0.405333,0.393386,0.356871,0.574475,0.332089,0.701712,0.310315,0.821957,0.519813,0.405452,0.534093,0.583145,0.548247,0.726088,0.565421,0.865727,0.604482,0.403859,0.656357,0.564228,0.694114,0.684276,0.728141,0.798625,0.655527,0.390485,0.746565,0.498498,0.817403,0.548345,0.88188,0.604133
record1_2.mp4,1a5008d3e2e358a67d1d067f0fe8dae92b9e9370533d9f326db45e22b61f82ab,640,480,12.02,625,52.0,528,44000,Left,0.469645,0.118188,0.346552,0.206075,0.25196,0.346677,0.171,0.477229,0.089177,0.568355,0.403923,0.384269,0.358851,0.572506,0.33366,0.704222,0.312693,0.829892,0.519181,0.399926,0.535052,0.589273,0.550592,0.734697,0.570576,0.875465,0.605173,0.40278,0.651296,0.567454,0.685558,0.692688,0.72054,0.809424,0.659388,0.394037,0.748145,0.515069,0.816448,0.57857,0.881109,0.641427
record1_2.mp4,1a5008d3e2e358a67d1d067f0fe8dae92b9e9370533d9f326db45e22b61f82ab,640,480,12.02,625,52.0,529,44083,Left,0.468364,0.127316,0.343477,0.212959,0.248775,0.350239,0.172561,0.481965,0.093697,0.572529,0.403916,0.393185,0.356273,0.578825,0.33074,0.705631,0.309195,0.827297,0.522003,0.412185,0.534667,0.593743,0.549608,0.733677,0.568234,0.870975,0.609302,0.416228,0.654677,0.573272,0.689273,0.693934,0.723301,0.808408,0.662383,0.406584,0.753056,0.515826,0.823266,0.571673,0.888904,0.630948
record1_2.mp4,1a5008d3e2e358a67d1d067f0fe8dae92b9e9370533d9f326db45e22b61f82ab,640,480,12.02,625,52.0,530,44166,Left,0.468404,0.121395,0.344055,0.211565,0.250468,0.35274,0.173656,0.484713,0.087004,0.56878,0.404679,0.389727,0.357552,0.577687,0.334066,0.70623,0.314434,0.827359,0.522327,0.409173,0.536348,0.594775,0.551562,0.738063,0.570498,0.877042,0.609139,0.415121,0.655292,0.573828,0.689499,0.695556,0.724427,0.809593,0.662729,0.408957,0.754793,0.52253,0.822591,0.587011,0.886825,0.653957
record1_2.mp4,1a5008d3e2e358a67d1d067f0fe8dae92b9e9370533d9f326db45e22b61f82ab,640,480,12.02,625,52.0,531,44250,Left,0.468398,0.117452,0.344604,0.207431,0.252336,0.349383,0.172828,0.481276,0.087801,0.568485,0.405347,0.390945,0.356563,0.577466,0.335131,0.706939,0.317224,0.828906,0.523855,0.409796,0.536782,0.590473,0.553501,0.733986,0.571345,0.873007,0.612298,0.41432,0.656958,0.569413,0.688668,0.692195,0.719324,0.808817,0.669672,0.405937,0.760131,0.524585,0.824585,0.600844,0.883333,0.680356
record1_2.mp4,1a5008d3e2e358a67d1d067f0fe8dae92b9e9370533d9f326db45e22b61f82ab,640,480,12.02,625,52.0,532,44333,Left,0.467976,0.123176,0.345612,0.212458,0.252466,0.352867,0.169934,0.483831,0.084127,0.568826,0.405837,0.391635,0.356367,0.578925,0.332911,0.709133,0.314518,0.831573,0.523558,0.409508,0.536279,0.589972,0.553746,0.7346,0.573927,0.873704,0.612107,0.415662,0.657903,0.576459,0.692729,0.702519,0.727003,0.819727,0.669975,0.410703,0.760041,0.532354,0.825836,0.605845,0.886899,0.679948
record1_2.mp4,1a5008d3e2e358a67d1d067f0fe8dae92b9e9370533d9f326db45e22b61f82ab,640,480,12.02,625,52.0,533,44416,Left,0.463899,0.131191,0.345058,0.220861,0.252996,0.358613,0.172297,0.490709,0.084829,0.573709,0.402135,0.414927,0.35211,0.590643,0.331748,0.718922,0.314921,0.835763,0.524425,0.430724,0.541134,0.61211,0.562382,0.752284,0.58493,0.882184,0.615557,0.429908,0.670625,0.601121,0.707791,0.723138,0.741735,0.83358,0.671378,0.414108,0.766063,0.534026,0.832926,0.608881,0.893056,0.684977
record1_2.mp4,1a5008d3e2e358a67d1d067f0fe8dae92b9e9370533d9f326db45e22b61f82ab,640,480,12.02,625,52.0,534,44500,Left,0.469493,0.147042,0.343046,0.229492,0.249505,0.35909,0.169281,0.4865,0.088194,0.577673,0.402689,0.41302,0.353876,0.588969,0.332493,0.720856,0.312026,0.834687,0.526845,0.429961,0.554829,0.614396,0.57829,0.749195,0.596854,0.867341,0.618732,0.433156,0.673953,0.608392,0.709615,0.734514,0.73731,0.842207,0.673556,0.420978,0.770289,0.53687,0.83731,0.610699,0.893901,0.680674
record1_2.mp4,1a5008d3e2e358a67d1d067f0fe8dae92b9e9370533d9f326db45e22b61f82ab,640,480,12.02,625,52.0,535,44583,Left,0.47042,0.136469,0.341601,0.215755,0.246333,0.354609,0.16693,0.482889,0.087343,0.564338,0.404206,0.395673,0.357081,0.57225,0.33297,0.699949,0.31163,0.82611,0.524551,0.418091,0.541076,0.59086,0.565187,0.725966,0.589023,0.862918,0.615379,0.424545,0.656462,0.582303,0.688615,0.701982,0.720473,0.815623,0.671631,0.414547,0.759599,0.532736,0.823362,0.604672,0.8831,0.676183
record1_2.mp4,1a5008d3e2e358a67d1d067f0fe8dae92b9e9370533d9f326db45e22b61f82ab,640,480,12.02,625,52.0,536,44666,Left,0.468802,0.133414,0.343892,0.213129,0.250547,0.350769,0.169226,0.478992,0.085564,0.56555,0.402801,0.379007,0.361108,0.569208,0.340671,0.703281,0.322288,0.83253,0.522458,0.396367,0.541382,0.578907,0.562164,0.723853,0.583425,0.866584,0.611579,0.40261,0.655204,0.563878,0.687893,0.691654,0.719883,0.811368,0.668922,0.397663,0.757025,0.524981,0.823125,0.60008,0.885087,0.675435
record1_2.mp4,1a5008d3e2e358a67d1d067f0fe8dae92b9e9370533d9f326db45e22b61f82ab,640,480,12.02,625,52.0,537,44750,Left,0.470587,0.126245,0.34512,0.212546,0.251845,0.353324,0.173005,0.482401,0.089464,0.568764,0.406902,0.382213,0.357069,0.57199,0.330479,0.703698,0.307932,0.831466,0.523517,0.400871,0.537522,0.578581,0.558064,0.727918,0.580905,0.876149,0.612299,0.410224,0.65494,0.577735,0.683317,0.703314,0.713905,0.82223,0.669916,0.410346,0.758022,0.533494,0.823132,0.604465,0.884134,0.675756
record1_2.mp4,1a5008d3e2e358a67d1d067f0fe8dae92b9e9370533d9f326db45e22b61f82ab,640,480,12.02,625,52.0,538,44833,Left,0.473454,0.13307,0.346016,0.213227,0.249328,0.355131,0.171434,0.483016,0.088413,0.564678,0.400876,0.384694,0.355849,0.570935,0.332725,0.700303,0.312775,0.827878,0.521031,0.39834,0.539635,0.559864,0.561188,0.683655,0.58354,0.812277,0.613904,0.406521,0.655644,0.567082,0.685959,0.686737,0.718049,0.804016,0.675979,0.406021,0.762445,0.534075,0.827409,0.605906,0.886552,0.67925
record1_2.mp4,1a5008d3e2e358a67d1d067f0fe8dae92b9e9370533d9f326db45e22b61f82ab,640,480,12.02,625,52.0,539,44916,Left,0.476421,0.131139,0.347462,0.213231,0.251718,0.349482,0.1735,0.47816,0.090619,0.565289,0.402982,0.397382,0.351596,0.576571,0.327886,0.703271,0.309787,0.826169,0.520865,0.414829,0.53236,0.577875,0.551117,0.706568,0.571805,0.835991,0.611224,0.417971,0.649903,0.575124,0.681027,0.692666,0.713913,0.808086,0.671141,0.407849,0.760429,0.526424,0.827741,0.600613,0.889382,0.67579
record1_2.mp4,1a5008d3e2e358a67d1d067f0fe8dae92b9e9370533d9f326db45e22b61f82ab,640,480,12.02,625,52.0,540,45000,Left,0.473793,0.128531,0.346358,0.206957,0.25138,0.342839,0.172042,0.475279,0.094381,0.567158,0.401678,0.380762,0.354099,0.569208,0.329568,0.700207,0.307764,0.828658,0.522076,0.401278,0.535427,0.568799,0.554433,0.703471,0.573733,0.838494,0.613913,0.410711,0.653168,0.569392,0.685142,0.691805,0.716593,0.810159,0.674368,0.408828,0.760378,0.534969,0.827268,0.607451,0.889155,0.682058
record1_2.mp4,1a5008d3e2e358a67d1d067f0fe8dae92b9e9370533d9f326db45e22b61f82ab,640,480,12.02,625,52.0,541,45083,Left,0.471217,0.135351,0.346088,0.214797,0.25219,0.347576,0.172847,0.475669,0.092019,0.565649,0.401377,0.39453,0.354358,0.577155,0.33162,0.705536,0.310736,0.82697,0.522808,0.41304,0.539551,0.585699,0.559311,0.724739,0.577271,0.858121,0.614487,0.41662,0.655159,0.574702,0.684484,0.696955,0.711695,0.810941,0.673623,0.406809,0.763558,0.530556,0.829703,0.606542,0.888939,0.681988
record1_2.mp4,1a5008d3e2e358a67d1d067f0fe8dae92b9e9370533d9f326db45e22b61f82ab,640,480,12.02,625,52.0,542,45166,Left,0.473288,0.118727,0.345897,0.206294,0.253255,0.351137,0.174068,0.483343,0.086995,0.568401,0.400596,0.396825,0.351626,0.579242,0.329054,0.709356,0.31033,0.8309,0.520383,0.413438,0.535076,0.578416,0.555681,0.707042,0.575623,0.829242,0.613069,0.417384,0.654356,0.583593,0.685512,0.704522,0.7165,0.817241,0.674466,0.408653,0.764685,0.531096,0.83091,0.60722,0.889892,0.682054
record1_2.mp4,1a5008d3e2e358a67d1d067f0fe8dae92b9e9370533d9f326db45e22b61f82ab,640,480,12.02,625,52.0,543,45250,Left,0.467885,0.115674,0.342521,0.202817,0.249189,0.344804,0.173329,0.477975,0.094143,0.569992,0.400841,0.384547,0.353638,0.572858,0.329423,0.702957,0.308323,0.829508,0.519646,0.402434,0.53816,0.589294,0.554731,0.735689,0.570848,0.877761,0.609403,0.404695,0.652553,0.563341,0.683002,0.687172,0.712207,0.805441,0.668651,0.393683,0.757259,0.521644,0.823517,0.598194,0.885009,0.67593
record1_2.mp4,1a5008d3e2e358a67d1d067f0fe8dae92b9e9370533d9f326db45e22b61f82ab,640,480,12.02,625,52.0,544,45333,Left,0.468487,0.127857,0.34689,0.212747,0.253649,0.346105,0.174154,0.475831,0.096181,0.567803,0.403875,0.398963,0.357745,0.585073,0.33299,0.712696,0.310672,0.834229,0.52199,0.41862,0.526334,0.59585,0.540061,0.737527,0.553926,0.871387,0.611567,0.420846,0.65028,0.577098,0.683538,0.701432,0.712987,0.814334,0.670581,0.409655,0.760772,0.530488,0.82729,0.606221,0.887064,0.681038
record1_2.mp4,1a5008d3e2e358a67d1d067f0fe8dae92b9e9370533d9f326db45e22b61f82ab,640,480,12.02,625,52.0,545,45416,Left,0.46755,0.112908,0.345341,0.205962,0.255403,0.350512,0.173153,0.48474,0.08694,0.573625,0.400716,0.384142,0.350312,0.552093,0.322105,0.6696,0.294557,0.787773,0.519067,0.401983,0.518101,0.579579,0.52966,0.723779,0.539301,0.86344,0.610647,0.408234,0.648233,0.56823,0.684042,0.696732,0.713093,0.811664,0.670362,0.401509,0.762793,0.527231,0.829164,0.605414,0.888819,0.682731
record1_2.mp4,1a5008d3e2e358a67d1d067f0fe8dae92b9e9370533d9f326db45e22b61f82ab,640,480,12.02,625,52.0,546,45500,Left,0.468188,0.11764,0.346158,0.206328,0.253895,0.346156,0.171111,0.477994,0.091893,0.574522,0.405176,0.386719,0.350458,0.542722,0.320173,0.657436,0.291603,0.7744,0.521616,0.40677,0.515918,0.579841,0.52682,0.722806,0.536749,0.861787,0.611676,0.414446,0.647914,0.575492,0.683822,0.704441,0.713393,0.820307,0.671062,0.407853,0.763544,0.528821,0.830667,0.6039,0.891435,0.679225
record1_2.mp4,1a5008d3e2e358a67d1d067f0fe8dae92b9e9370533d9f326db45e22b61f82ab,640,480,12.02,625,52.0,547,45583,Left,0.469207,0.109953,0.347035,0.203712,0.254886,0.343587,0.172225,0.480262,0.087862,0.574277,0.400145,0.392829,0.343045,0.574611,0.317181,0.706746,0.295471,0.833261,0.517069,0.409927,0.521353,0.592479,0.536711,0.73883,0.552772,0.873904,0.606539,0.410355,0.649663,0.575181,0.684563,0.703791,0.717099,0.818939,0.66707,0.39954,0.75985,0.522829,0.82716,0.601112,0.8886,0.678842
record1_2.mp4,1a5008d3e2e358a67d1d067f0fe8dae92b9e9370533d9f326db45e22b61f82ab,640,480,12.02,625,52.0,548,45666,Left,0.469088,0.124676,0.346691,0.211285,0.253207,0.350756,0.174472,0.482703,0.09454,0.568366,0.398665,0.392947,0.350768,0.581436,0.324763,0.707802,0.301982,0.82902,0.517105,0.410034,0.52486,0.589043,0.539049,0.729846,0.554875,0.863544,0.608606,0.411428,0.647058,0.567792,0.678254,0.688367,0.70803,0.798166,0.670432,0.4003,0.759832,0.52785,0.826582,0.600465,0.887794,0.671043
record1_2.mp4,1a5008d3e2e358a67d1d067f0fe8dae92b9e9370533d9f326db45e22b61f82ab,640,480,12.02,625,52.0,549,45750,Left,0.467299,0.116736,0.345344,0.207068,0.25295,0.346401,0.173548,0.480097,0.095349,0.573617,0.40128,0.39614,0.348617,0.581095,0.321657,0.709077,0.298276,0.831476,0.520089,0.413537,0.525495,0.590529,0.539355,0.733001,0.55479,0.867528,0.610663,0.414091,0.650427,0.571845,0.681463,0.692598,0.71059,0.803079,0.670418,0.402094,0.76113,0.528178,0.828977,0.601649,0.890899,0.674657
record1_2.mp4,1a5008d3e2e358a67d1d067f0fe8dae92b9e9370533d9f326db45e22b61f82ab,640,480,12.02,625,52.0,550,45833,Left,0.467897,0.110893,0.347779,0.203269,0.25456,0.343059,0.168718,0.477554,0.088455,0.577386,0.407064,0.384391,0.360385,0.551789,0.338248,0.675794,0.316199,0.800629,0.522142,0.402648,0.519711,0.582858,0.532475,0.72626,0.542858,0.864577,0.609429,0.406192,0.647785,0.570155,0.684188,0.700489,0.713051,0.817435,0.665392,0.395438,0.759603,0.519125,0.827756,0.598373,0.88911,0.678058
record1_2.mp4,1a5008d3e2e358a67d1d067f0fe8dae92b9e9370533d9f326db45e22b61f82ab,640,480,12.02,625,52.0,551,45916,Left,0.469451,0.124864,0.347154,0.211406,0.253095,0.346586,0.170472,0.479723,0.087425,0.568792,0.398971,0.387022,0.3403,0.571575,0.313258,0.704165,0.292046,0.83107,0.516145,0.405859,0.518991,0.58707,0.534318,0.734342,0.552078,0.870571,0.606124,0.408671,0.645928,0.570749,0.679979,0.699083,0.712766,0.81285,0.666723,0.400397,0.756641,0.526517,0.823726,0.603728,0.886773,0.677839
record1_2.mp4,1a5008d3e2e358a67d1d067f0fe8dae92b9e9370533d9f326db45e22b61f82ab,640,480,12.02,625,52.0,552,46000,Left,0.46844,0.117687,0.345409,0.206845,0.25285,0.342561,0.172348,0.476498,0.094359,0.569353,0.399318,0.387136,0.349135,0.576126,0.321955,0.708521,0.296716,0.835027,0.516746,0.403406,0.524812,0.584096,0.540215,0.731316,0.555841,0.869939,0.60704,0.403674,0.647704,0.563033,0.681406,0.688638,0.711328,0.803486,0.668389,0.392375,0.757931,0.520742,0.824739,0.598004,0.885894,0.674763
record1_2.mp4,1a5008d3e2e358a67d1d067f0fe8dae92b9e9370533d9f326db45e22b61f82ab,640,480,12.02,625,52.0,553,46083,Left,0.47457,0.120972,0.34916,0.207708,0.255092,0.341879,0.176512,0.474322,0.095744,0.565745,0.400418,0.401157,0.346783,0.583534,0.318528,0.70991,0.294412,0.830815,0.518244,0.419626,0.52964,0.587537,0.545197,0.723581,0.560174,0.855646,0.609119,0.419238,0.649777,0.574091,0.679358,0.696198,0.7062,0.811842,0.669301,0.404694,0.762372,0.523445,0.828583,0.598767,0.887243,0.675373
record1_2.mp4,1a5008d3e2e358a67d1d067f0fe8dae92b9e9370533d9f326db45e22b61f82ab,640,480,12.02,625,52.0,554,46166,Left,0.466163,0.118122,0.344277,0.206576,0.254427,0.34084,0.179976,0.479179,0.095606,0.574457,0.397632,0.406557,0.348287,0.587964,0.321102,0.714977,0.296353,0.836026,0.516513,0.427026,0.530954,0.60671,0.544819,0.744564,0.55835,0.876517,0.606894,0.424079,0.652192,0.58268,0.682243,0.701105,0.708304,0.812893,0.665766,0.404853,0.759242,0.528513,0.827188,0.602089,0.889079,0.679664
record1_2.mp4,1a5008d3e2e358a67d1d067f0fe8dae92b9e9370533d9f326db45e22b61f82ab,640,480,12.02,625,52.0,555,46250,Left,0.467887,0.128738,0.347609,0.214878,0.256721,0.342057,0.177924,0.473197,0.098149,0.570505,0.403435,0.410062,0.34665,0.583554,0.318416,0.710552,0.294484,0.830755,0.518324,0.429228,0.516587,0.605174,0.527699,0.741355,0.542158,0.867986,0.607103,0.42532,0.646008,0.579086,0.678376,0.694723,0.709004,0.800421,0.667984,0.406186,0.760125,0.527195,0.826025,0.600754,0.887184,0.674845
record1_2.mp4,1a5008d3e2e358a67d1d067f0fe8dae92b9e9370533d9f326db45e22b61f82ab,640,480,12.02,625,52.0,556,46333,Left,0.467502,0.113093,0.345907,0.208812,0.253806,0.342815,0.173751,0.473885,0.094867,0.575789,0.397415,0.41215,0.345164,0.583653,0.317285,0.707642,0.290508,0.829603,0.513179,0.42763,0.509843,0.604762,0.521454,0.740811,0.533909,0.871081,0.603546,0.422191,0.644732,0.578867,0.684524,0.699173,0.719269,0.807197,0.664985,0.401828,0.758713,0.524726,0.825922,0.598969,0.889215,0.675734
record1_2.mp4,1a5008d3e2e358a67d1d067f0fe8dae92b9e9370533d9f326db45e22b61f82ab,640,480,12.02,625,52.0,557,46416,Left,0.474661,0.121577,0.357105,0.204787,0.259109,0.318731,0.16697,0.430274,0.090098,0.513817,0.400082,0.397725,0.341219,0.584881,0.31069,0.715766,0.284025,0.839666,0.516757,0.41397,0.518283,0.594155,0.530402,0.737061,0.545643,0.869824,0.607181,0.415573,0.64582,0.571882,0.676592,0.693828,0.70393,0.804764,0.66978,0.406015,0.763502,0.531932,0.831525,0.606201,0.892455,0.683276
record1_2.mp4,1a5008d3e2e358a67d1d067f0fe8dae92b9e9370533d9f326db45e22b61f82ab,640,480,12.02,625,52.0,558,46500,Left,0.474373,0.109826,0.353623,0.177767,0.255435,0.280624,0.165949,0.38175,0.084357,0.455235,0.397124,0.380667,0.341712,0.572712,0.311488,0.707966,0.287274,0.837607,0.51282,0.403211,0.515682,0.591806,0.527612,0.736336,0.544751,0.874089,0.602876,0.408083,0.645605,0.572258,0.678375,0.696363,0.709024,0.810215,0.66582,0.39988,0.75916,0.530972,0.828392,0.606054,0.891294,0.682904
record1_2.mp4,1a5008d3e2e358a67d1d067f0fe8dae92b9e9370533d9f326db45e22b61f82ab,640,480,12.02,625,52.0,559,46583,Left,0.482102,0.096958,0.363069,0.147044,0.263962,0.24196,0.171353,0.33618,0.085906,0.3984,0.397968,0.388025,0.341986,0.574908,0.311014,0.704663,0.287858,0.828267,0.513239,0.414063,0.516977,0.594289,0.527135,0.732496,0.54359,0.867287,0.605284,0.416711,0.646452,0.576642,0.676702,0.695361,0.706815,0.805506,0.670855,0.402917,0.761413,0.532893,0.830152,0.604709,0.892048,0.676112
record1_2.mp4,1a5008d3e2e358a67d1d067f0fe8dae92b9e9370533d9f326db45e22b61f82ab,640,480,12.02,625,52.0,560,46666,Left,0.483679,0.096345,0.366013,0.152785,0.266829,0.251639,0.175554,0.355597,0.104885,0.439263,0.402147,0.372846,0.347675,0.565232,0.315496,0.69919,0.289475,0.827134,0.518045,0.395282,0.522862,0.584815,0.530321,0.729516,0.542343,0.870063,0.607889,0.402628,0.649113,0.576468,0.680641,0.704562,0.708499,0.822367,0.669933,0.397686,0.758402,0.532219,0.827036,0.60495,0.888027,0.678272
record1_2.mp4,1a5008d3e2e358a67d1d067f0fe8dae92b9e9370533d9f326db45e22b61f82ab,640,480,12.02,625,52.0,561,46750,Left,0.477378,0.104951,0.354956,0.180945,0.258167,0.296698,0.178551,0.42132,0.122095,0.536005,0.406524,0.390118,0.353293,0.577421,0.320414,0.706412,0.291028,0.830277,0.520702,0.41195,0.521931,0.593777,0.5302,0.733871,0.542773,0.868878,0.608751,0.416968,0.648856,0.579163,0.681208,0.704308,0.709999,0.821958,0.668387,0.408608,0.759764,0.53274,0.826588,0.602713,0.886794,0.676239
record1_2.mp4,1a5008d3e2e358a67d1d067f0fe8dae92b9e9370533d9f326db45e22b61f82ab,640,480,12.02,625,52.0,562,46833,Left,0.471352,0.113321,0.348583,0.192967,0.254866,0.308122,0.175895,0.435505,0.108313,0.546483,0.407237,0.403162,0.350212,0.583645,0.318269,0.711726,0.290131,0.83274,0.523401,0.427884,0.521847,0.603781,0.531483,0.743385,0.544821,0.874114,0.61162,0.430222,0.651609,0.581121,0.684124,0.699431,0.712334,0.808928,0.670175,0.417206,0.765626,0.537695,0.833474,0.610162,0.894173,0.686835
record1_2.mp4,1a5008d3e2e358a67d1d067f0fe8dae92b9e9370533d9f326db45e22b61f82ab,640,480,12.02,625,52.0,563,46916,Left,0.481282,0.126703,0.35452,0.185213,0.256718,0.287107,0.169363,0.401831,0.096668,0.499281,0.402317,0.398444,0.34426,0.572465,0.311809,0.704175,0.284027,0.83328,0.518389,0.424422,0.518347,0.594612,0.531275,0.731888,0.547525,0.866319,0.608626,0.431936,0.650569,0.588696,0.685543,0.709849,0.714401,0.82004,0.669736,0.422596,0.766505,0.538504,0.835314,0.609095,0.893834,0.682695
record1_2.mp4,1a5008d3e2e358a67d1d067f0fe8dae92b9e9370533d9f326db45e22b61f82ab,640,480,12.02,625,52.0,564,47000,Left,0.481782,0.105053,0.353027,0.178549,0.248231,0.293113,0.163369,0.408302,0.097029,0.501577,0.403037,0.394346,0.345937,0.582365,0.314472,0.711237,0.287573,0.836696,0.518412,0.419575,0.518604,0.606389,0.528017,0.745366,0.542051,0.878687,0.60806,0.42315,0.648369,0.584329,0.678925,0.70089,0.707642,0.809114,0.670184,0.410382,0.759835,0.535129,0.825889,0.606487,0.886634,0.681518
record1_2.mp4,1a5008d3e2e358a67d1d067f0fe8dae92b9e9370533d9f326db45e22b61f82ab,640,480,12.02,625,52.0,565,47083,Left,0.47618,0.124219,0.350996,0.203207,0.252319,0.327875,0.172811,0.457224,0.098939,0.556479,0.401439,0.410062,0.346978,0.590899,0.319406,0.709997,0.295768,0.824118,0.519093,0.431671,0.52112,0.609268,0.530554,0.746549,0.543258,0.87843,0.61006,0.431381,0.648699,0.586136,0.681473,0.703425,0.71229,0.812702,0.672184,0.414398,0.760222,0.536193,0.824994,0.607064,0.886518,0.679829
record1_2.mp4,1a5008d3e2e358a67d1d067f0fe8dae92b9e9370533d9f326db45e22b61f82ab,640,480,12.02,625,52.0,566,47166,Left,0.471141,0.12453,0.346227,0.207443,0.249365,0.330072,0.170464,0.45822,0.101396,0.562512,0.403844,0.416316,0.34857,0.594812,0.319066,0.715993,0.294097,0.832347,0.519804,0.440182,0.521431,0.616822,0.532907,0.748754,0.548287,0.874671,0.608978,0.439394,0.648984,0.594533,0.681068,0.707083,0.711501,0.811588,0.668505,0.420706,0.760806,0.538125,0.828611,0.60668,0.891424,0.677937
record1_2.mp4,1a5008d3e2e358a67d1d067f0fe8dae92b9e9370533d9f326db45e22b61f82ab,640,480,12.02,625,52.0,567,47250,Left,0.475851,0.137457,0.346395,0.208105,0.243055,0.332708,0.162184,0.457361,0.091978,0.557804,0.402612,0.398454,0.348318,0.581684,0.315885,0.707072,0.288323,0.828871,0.521867,0.422184,0.535201,0.59942,0.553849,0.738326,0.576101,0.874873,0.610902,0.427696,0.655597,0.590277,0.689847,0.713202,0.723068,0.830221,0.666356,0.416966,0.761065,0.52605,0.830869,0.585191,0.894974,0.646919
record1_2.mp4,1a5008d3e2e358a67d1d067f0fe8dae92b9e9370533d9f326db45e22b61f82ab,640,480,12.02,625,52.0,568,47333,Left,0.460497,0.142526,0.334941,0.216378,0.237333,0.337096,0.160311,0.456559,0.090788,0.553491,0.393481,0.421652,0.340546,0.589105,0.315693,0.715158,0.294238,0.829709,0.512905,0.432609,0.53801,0.609238,0.557701,0.740317,0.576457,0.861066,0.600974,0.425583,0.655606,0.600305,0.696294,0.723641,0.730425,0.834083,0.654001,0.402642,0.751009,0.506683,0.822675,0.565094,0.885925,0.624779
record1_2.mp4,1a5008d3e2e358a67d1d067f0fe8dae92b9e9370533d9f326db45e22b61f82ab,640,480,12.02,625,52.0,569,47416,Left,0.468465,0.141952,0.337439,0.211969,0.238033,0.334723,0.162604,0.458693,0.093938,0.557933,0.396961,0.399831,0.345514,0.576964,0.315186,0.703679,0.289501,0.827544,0.515179,0.419119,0.528259,0.588404,0.546615,0.722949,0.567257,0.85899,0.604232,0.421802,0.646834,0.578032,0.676019,0.69731,0.703768,0.81272,0.661768,0.408775,0.756758,0.52905,0.827747,0.600332,0.891607,0.673398
record1_2.mp4,1a5008d3e2e358a67d1d067f0fe8dae92b9e9370533d9f326db45e22b61f82ab,640,480,12.02,625,52.0,570,47500,Left,0.460232,0.127623,0.333391,0.209092,0.239074,0.332474,0.164606,0.460011,0.093246,0.563523,0.396329,0.405532,0.344957,0.583032,0.315761,0.711029,0.290021,0.834607,0.518098,0.423935,0.53079,0.599843,0.546115,0.739727,0.564051,0.875905,0.608002,0.426664,0.651215,0.58069,0.682662,0.700052,0.712228,0.808925,0.664491,0.416913,0.758821,0.534943,0.828358,0.604319,0.893579,0.677235
record1_2.mp4,1a5008d3e2e358a67d1d067f0fe8dae92b9e9370533d9f326db45e22b61f82ab,640,480,12.02,625,52.0,571,47583,Left,0.461864,0.136365,0.33248,0.214363,0.23644,0.336386,0.164385,0.462301,0.095388,0.564928,0.397818,0.40641,0.343434,0.572482,0.313182,0.701359,0.286067,0.825545,0.517865,0.424623,0.536641,0.601251,0.559736,0.747321,0.583445,0.888312,0.6083,0.425867,0.656468,0.594124,0.688654,0.71516,0.717616,0.829069,0.665341,0.413658,0.762609,0.527763,0.831229,0.599048,0.891921,0.67443
record1_2.mp4,1a5008d3e2e358a67d1d067f0fe8dae92b9e9370533d9f326db45e22b61f82ab,640,480,12.02,625,52.0,572,47666,Left,0.469334,0.154246,0.341747,0.224074,0.243202,0.344796,0.166922,0.46616,0.094589,0.562852,0.401552,0.441949,0.347146,0.594918,0.315484,0.715708,0.286996,0.832592,0.524563,0.462224,0.562207,0.660915,0.592694,0.803862,0.622262,0.939379,0.61589,0.456147,0.682939,0.637037,0.734911,0.761478,0.779843,0.878175,0.670616,0.427432,0.769972,0.546396,0.842232,0.612862,0.906397,0.681361
record1_2.mp4,1a5008d3e2e358a67d1d067f0fe8dae92b9e9370533d9f326db45e22b61f82ab,640,480,12.02,625,52.0,573,47750,Left,0.475657,0.143807,0.340481,0.212046,0.243215,0.334517,0.165123,0.45499,0.096123,0.542876,0.40262,0.405566,0.349652,0.571772,0.314845,0.698704,0.284486,0.825579,0.524968,0.423602,0.552466,0.587215,0.577944,0.719208,0.601996,0.849944,0.61934,0.428233,0.675514,0.595177,0.71519,0.723273,0.749121,0.847306,0.678966,0.419255,0.772851,0.540887,0.84098,0.608466,0.900405,0.677295
record1_2.mp4,1a5008d3e2e358a67d1d067f0fe8dae92b9e9370533d9f326db45e22b61f82ab,640,480,12.02,625,52.0,574,47833,Left,0.468043,0.128271,0.337083,0.205369,0.237309,0.332757,0.160483,0.460431,0.094092,0.560954,0.394008,0.400949,0.337634,0.575085,0.309825,0.704279,0.286983,0.834176,0.512615,0.418539,0.523958,0.591681,0.543784,0.731088,0.564892,0.869607,0.605013,0.418983,0.653023,0.581296,0.690552,0.701675,0.725277,0.816882,0.667601,0.405687,0.761295,0.526924,0.828259,0.599559,0.890838,0.674
record1_2.mp4,1a5008d3e2e358a67d1d067f0fe8dae92b9e9370533d9f326db45e22b61f82ab,640,480,12.02,625,52.0,575,47916,Left,0.46862,0.126967,0.336753,0.206046,0.243018,0.330874,0.161759,0.460793,0.093598,0.569787,0.394193,0.388676,0.34313,0.533349,0.311745,0.641921,0.281872,0.75636,0.516065,0.407644,0.523972,0.579022,0.540017,0.72419,0.55474,0.866642,0.610554,0.41614,0.65457,0.570781,0.692271,0.696889,0.722021,0.809786,0.672402,0.410164,0.763753,0.53457,0.830175,0.606599,0.892212,0.680196
record1_2.mp4,1a5008d3e2e358a67d1d067f0fe8dae92b9e9370533d9f326db45e22b61f82ab,640,480,12.02,625,52.0,576,48000,Left,0.469775,0.116296,0.343669,0.19486,0.24259,0.327375,0.162846,0.457091,0.091147,0.559106,0.394738,0.389445,0.348262,0.57588,0.330378,0.703846,0.316931,0.829169,0.515492,0.40732,0.52916,0.588871,0.547758,0.731741,0.567364,0.869554,0.607434,0.410159,0.651454,0.572346,0.685143,0.694013,0.716387,0.805688,0.66808,0.399804,0.758307,0.527469,0.827808,0.600861,0.892091,0.674641
record1_2.mp4,1a5008d3e2e358a67d1d067f0fe8dae92b9e9370533d9f326db45e22b61f82ab,640,480,12.02,625,52.0,577,48083,Left,0.469741,0.130046,0.346424,0.20672,0.245011,0.334828,0.166497,0.460566,0.095909,0.558833,0.402255,0.39543,0.352757,0.57463,0.328858,0.70341,0.311317,0.831129,0.52129,0.414025,0.547545,0.604407,0.571792,0.747948,0.598935,0.890744,0.609714,0.417526,0.654919,0.577873,0.689403,0.696916,0.725367,0.812396,0.667369,0.406711,0.757226,0.531,0.827651,0.603123,0.893701,0.678125
record1_2.mp4,1a5008d3e2e358a67d1d067f0fe8dae92b9e9370533d9f326db45e22b61f82ab,640,480,12.02,625,52.0,578,48166,Left,0.468835,0.136644,0.342682,0.201392,0.241269,0.332161,0.162901,0.457567,0.088473,0.552469,0.395819,0.388555,0.351339,0.563745,0.328952,0.68757,0.314654,0.81352,0.516149,0.40122,0.536289,0.550318,0.564762,0.658651,0.596808,0.772541,0.608541,0.403908,0.650397,0.556739,0.691175,0.67912,0.734608,0.798657,0.670929,0.395976,0.757289,0.529874,0.826979,0.605198,0.891546,0.679852
record1_2.mp4,1a5008d3e2e358a67d1d067f0fe8dae92b9e9370533d9f326db45e22b61f82ab,640,480,12.02,625,52.0,579,48250,Left,0.46441,0.122343,0.33854,0.204438,0.242591,0.332094,0.160905,0.460146,0.090924,0.563446,0.402429,0.380864,0.360411,0.552753,0.341033,0.682684,0.320124,0.816686,0.522059,0.401264,0.537516,0.589439,0.557811,0.746323,0.574132,0.899318,0.610591,0.407173,0.658192,0.56964,0.694225,0.699579,0.722165,0.818974,0.666391,0.398563,0.76036,0.524068,0.828123,0.600603,0.891267,0.680356
record1_2.mp4,1a5008d3e2e358a67d1d067f0fe8dae92b9e9370533d9f326db45e22b61f82ab,640,480,12.02,625,52.0,580,48333,Left,0.466922,0.137348,0.340414,0.210577,0.242005,0.336503,0.160116,0.46223,0.088611,0.560655,0.393855,0.385604,0.349247,0.574464,0.33286,0.706575,0.323638,0.834645,0.512608,0.402405,0.521896,0.579876,0.542453,0.721942,0.566378,0.858804,0.603999,0.405292,0.647842,0.565583,0.685525,0.690333,0.721389,0.80186,0.663808,0.398456,0.757245,0.524298,0.827626,0.59913,0.894818,0.671509
record1_2.mp4,1a5008d3e2e358a67d1d067f0fe8dae92b9e9370533d9f326db45e22b61f82ab,640,480,12.02,625,52.0,581,48416,Left,0.470955,0.132003,0.346151,0.208613,0.247042,0.332868,0.165317,0.458266,0.09798,0.55813,0.399222,0.403519,0.353567,0.589099,0.334514,0.715655,0.321092,0.83952,0.519505,0.424649,0.530992,0.599401,0.551456,0.738622,0.574497,0.875399,0.61117,0.427721,0.655977,0.585899,0.692353,0.705069,0.72659,0.817851,0.670751,0.414447,0.762439,0.534396,0.831235,0.603007,0.895841,0.673583
record1_2.mp4,1a5008d3e2e358a67d1d067f0fe8dae92b9e9370533d9f326db45e22b61f82ab,640,480,12.02,625,52.0,582,48500,Left,0.473303,0.138026,0.342234,0.212837,0.240786,0.337196,0.161829,0.459683,0.091782,0.559917,0.394391,0.408011,0.349287,0.585959,0.331711,0.71044,0.320469,0.833903,0.515175,0.42262,0.531574,0.583989,0.552788,0.707124,0.577405,0.831282,0.608818,0.424512,0.653356,0.579995,0.690878,0.699217,0.72855,0.814607,0.670372,0.414271,0.758443,0.532165,0.826082,0.600495,0.890754,0.671479
record1_2.mp4,1a5008d3e2e358a67d1d067f0fe8dae92b9e9370533d9f326db45e22b61f82ab,640,480,12.02,625,52.0,583,48583,Left,0.48015,0.143345,0.350075,0.213199,0.247884,0.333245,0.165655,0.458896,0.096348,0.562113,0.4023,0.408555,0.352534,0.58401,0.334631,0.710492,0.321638,0.836438,0.521246,0.426582,0.53541,0.589878,0.554602,0.713953,0.575787,0.839398,0.613515,0.428515,0.655478,0.579751,0.691161,0.69629,0.72622,0.810072,0.67629,0.415979,0.761937,0.531909,0.829127,0.601545,0.893833,0.675239
record1_2.mp4,1a5008d3e2e358a67d1d067f0fe8dae92b9e9370533d9f326db45e22b61f82ab,640,480,12.02,625,52.0,584,48666,Left,0.473897,0.125796,0.346347,0.205009,0.247837,0.328114,0.166688,0.454918,0.098278,0.560456,0.403139,0.400187,0.355748,0.58172,0.337649,0.705191,0.324682,0.830543,0.520112,0.422419,0.529395,0.599268,0.546472,0.742573,0.565921,0.884685,0.60918,0.423068,0.653117,0.580162,0.689123,0.70125,0.722884,0.817812,0.668607,0.40666,0.757899,0.529308,0.824466,0.601537,0.887466,0.675501
record1_2.mp4,1a5008d3e2e358a67d1d067f0fe8dae92b9e9370533d9f326db45e22b61f82ab,640,480,12.02,625,52.0,585,48750,Left,0.469196,0.118782,0.343168,0.203233,0.246654,0.32802,0.163289,0.457639,0.096777,0.565698,0.401289,0.391265,0.364561,0.559286,0.347565,0.685328,0.329819,0.812914,0.519557,0.407663,0.525062,0.585622,0.544031,0.733521,0.5601,0.874174,0.609008,0.408588,0.650389,0.569538,0.691349,0.700819,0.723853,0.819294,0.667183,0.394962,0.759514,0.521497,0.829108,0.598144,0.892839,0.676818
record1_2.mp4,1a5008d3e2e358a67d1d067f0fe8dae92b9e9370533d9f326db45e22b61f82ab,640,480,12.02,625,52.0,586,48833,Left,0.468824,0.130769,0.343842,0.210439,0.244461,0.33155,0.163794,0.456381,0.095366,0.559333,0.399076,0.408359,0.347598,0.586906,0.324763,0.711748,0.307955,0.833684,0.518827,0.427338,0.52473,0.606659,0.541739,0.744845,0.561823,0.875429,0.609389,0.425843,0.652516,0.581088,0.688072,0.699817,0.721115,0.807294,0.669158,0.409142,0.762466,0.526334,0.829897,0.599255,0.893115,0.67265
record1_2.mp4,1a5008d3e2e358a67d1d067f0fe8dae92b9e9370533d9f326db45e22b61f82ab,640,480,12.02,625,52.0,587,48916,Left,0.469073,0.132855,0.341145,0.212168,0.239408,0.329365,0.162775,0.454729,0.096409,0.560636,0.396098,0.418742,0.347304,0.595634,0.326384,0.716419,0.310976,0.833893,0.518799,0.4359,0.528521,0.612093,0.545121,0.744528,0.565078,0.873679,0.610649,0.432116,0.65372,0.586812,0.689067,0.702119,0.723295,0.80914,0.67018,0.413756,0.762276,0.53235,0.830507,0.601137,0.895998,0.673168
record1_2.mp4,1a5008d3e2e358a67d1d067f0fe8dae92b9e9370533d9f326db45e22b61f82ab,640,480,12.02,625,52.0,588,49000,Left,0.468698,0.129918,0.338971,0.214131,0.238426,0.334613,0.161738,0.460693,0.096524,0.567054,0.39304,0.417653,0.345088,0.595442,0.325689,0.717843,0.311531,0.834741,0.515005,0.431691,0.528167,0.611845,0.547166,0.74955,0.569006,0.879849,0.606268,0.427399,0.653625,0.582822,0.694868,0.701505,0.732799,0.808717,0.665459,0.410235,0.758257,0.526446,0.827552,0.593101,0.894426,0.662009
record1_2.mp4,1a5008d3e2e358a67d1d067f0fe8dae92b9e9370533d9f326db45e22b61f82ab,640,480,12.02,625,52.0,589,49083,Left,0.477749,0.166549,0.351504,0.222774,0.248755,0.330544,0.163654,0.450855,0.098397,0.558733,0.400192,0.405524,0.350423,0.582784,0.326393,0.705826,0.307799,0.830377,0.522474,0.432062,0.529842,0.603709,0.54655,0.739207,0.569201,0.876116,0.614804,0.440154,0.66423,0.591433,0.711794,0.706121,0.756188,0.812745,0.67361,0.430101,0.766973,0.54115,0.838992,0.595985,0.907971,0.652098
record1_2.mp4,1a5008d3e2e358a67d1d067f0fe8dae92b9e9370533d9f326db45e22b61f82ab,640,480,12.02,625,52.0,590,49166,Left,0.471337,0.147687,0.341733,0.221616,0.241378,0.33772,0.161547,0.458603,0.094189,0.558348,0.397472,0.416708,0.350638,0.593986,0.330732,0.717104,0.313942,0.835164,0.517379,0.431821,0.529006,0.608751,0.545741,0.745723,0.564394,0.878914,0.607487,0.426067,0.65524,0.574195,0.695536,0.689861,0.731656,0.797811,0.665795,0.403908,0.762944,0.505191,0.832641,0.558223,0.898078,0.615634
record1_2.mp4,1a5008d3e2e358a67d1d067f0fe8dae92b9e9370533d9f326db45e22b61f82ab,640,480,12.02,625,52.0,591,49250,Left,0.471538,0.137648,0.346039,0.212807,0.246232,0.330624,0.163164,0.454341,0.095827,0.559863,0.399593,0.397887,0.349371,0.586751,0.327225,0.711883,0.311641,0.833015,0.518816,0.418803,0.528427,0.603169,0.544714,0.740424,0.566159,0.871671,0.608827,0.421531,0.654036,0.574556,0.692844,0.692027,0.731122,0.797214,0.667844,0.409256,0.758036,0.529761,0.826195,0.597033,0.892135,0.662589
record1_2.mp4,1a5008d3e2e358a67d1d067f0fe8dae92b9e9370533d9f326db45e22b61f82ab,640,480,12.02,625,52.0,592,49333,Left,0.473723,0.141651,0.349756,0.215691,0.250338,0.333809,0.168437,0.454763,0.097191,0.553447,0.409766,0.396541,0.356655,0.581615,0.329105,0.706424,0.307707,0.830077,0.528277,0.418171,0.539928,0.598914,0.554678,0.740011,0.574341,0.881931,0.618178,0.424065,0.661725,0.575551,0.692719,0.691069,0.725032,0.803766,0.67784,0.415984,0.767575,0.539753,0.832623,0.609797,0.894242,0.682329
record1_2.mp4,1a5008d3e2e358a67d1d067f0fe8dae92b9e9370533d9f326db45e22b61f82ab,640,480,12.02,625,52.0,593,49416,Left,0.475779,0.142351,0.349954,0.223126,0.24893,0.347143,0.171432,0.467126,0.095882,0.557462,0.410601,0.439049,0.359064,0.594495,0.331287,0.711177,0.31017,0.828533,0.529313,0.452067,0.55666,0.615384,0.590165,0.740921,0.626704,0.86652,0.621068,0.445531,0.676392,0.599272,0.721202,0.707739,0.765796,0.813867,0.682102,0.421647,0.770489,0.537815,0.835701,0.608824,0.896918,0.680096
record1_2.mp4,1a5008d3e2e358a67d1d067f0fe8dae92b9e9370533d9f326db45e22b61f82ab,640,480,12.02,625,52.0,594,49500,Left,0.481431,0.160012,0.353201,0.22384,0.252067,0.343555,0.17419,0.46401,0.09577,0.552871,0.406021,0.43162,0.356014,0.592066,0.330201,0.714203,0.310712,0.835827,0.529056,0.45236,0.560921,0.615368,0.599396,0.721125,0.638718,0.823637,0.623401,0.448073,0.678575,0.619358,0.731332,0.734376,0.782394,0.844614,0.6842,0.423218,0.773417,0.543581,0.839932,0.610623,0.900929,0.676559
record1_2.mp4,1a5008d3e2e358a67d1d067f0fe8dae92b9e9370533d9f326db45e22b61f82ab,640,480,12.02,625,52.0,595,49583,Left,0.475271,0.143961,0.347019,0.216199,0.247233,0.33332,0.167557,0.450226,0.099332,0.541788,0.403428,0.40475,0.352237,0.57327,0.323466,0.701963,0.302749,0.8306,0.520873,0.421401,0.554185,0.592528,0.590708,0.713009,0.628621,0.833463,0.611718,0.418852,0.671058,0.590533,0.722197,0.718755,0.772827,0.844659,0.67136,0.400065,0.763468,0.527335,0.830043,0.604465,0.891801,0.682506
record1_2.mp4,1a5008d3e2e358a67d1d067f0fe8dae92b9e9370533d9f326db45e22b61f82ab,640,480,12.02,625,52.0,596,49666,Left,0.48006,0.1308,0.349875,0.203868,0.247831,0.332013,0.165025,0.462842,0.092528,0.565933,0.412573,0.371486,0.358109,0.522666,0.328107,0.644736,0.300632,0.776441,0.528595,0.39824,0.546651,0.575938,0.570723,0.722438,0.594435,0.873814,0.616341,0.410542,0.662731,0.571326,0.702551,0.694918,0.739539,0.817327,0.672823,0.404452,0.762503,0.531412,0.828056,0.605538,0.889384,0.68269
record1_2.mp4,1a5008d3e2e358a67d1d067f0fe8dae92b9e9370533d9f326db45e22b61f82ab,640,480,12.02,625,52.0,597,49750,Left,0.467764,0.124561,0.339321,0.202175,0.241858,0.333877,0.160768,0.46238,0.090345,0.562826,0.407059,0.366426,0.357292,0.496354,0.320243,0.600237,0.285826,0.709247,0.524506,0.387792,0.531545,0.563335,0.549281,0.714942,0.567895,0.860754,0.615326,0.400985,0.660036,0.563828,0.699435,0.691248,0.733457,0.807902,0.675808,0.399806,0.767726,0.530361,0.833995,0.605648,0.894152,0.677763
record1_2.mp4,1a5008d3e2e358a67d1d067f0fe8dae92b9e9370533d9f326db45e22b61f82ab,640,480,12.02,625,52.0,598,49833,Left,0.470524,0.132804,0.34549,0.216202,0.247613,0.342594,0.166759,0.462766,0.093604,0.55471,0.40093,0.397948,0.347555,0.57431,0.322186,0.704217,0.301365,0.829345,0.518613,0.413357,0.527481,0.591814,0.549096,0.73471,0.574016,0.872284,0.611478,0.416315,0.660845,0.579821,0.701241,0.69955,0.739422,0.809651,0.675626,0.408015,0.765797,0.531617,0.830972,0.605227,0.892382,0.678382
record1_2.mp4,1a5008d3e2e358a67d1d067f0fe8dae92b9e9370533d9f326db45e22b61f82ab,640,480,12.02,625,52.0,599,49916,Left,0.477382,0.139851,0.347872,0.213396,0.244287,0.334818,0.16489,0.460841,0.094976,0.559122,0.402108,0.408913,0.347998,0.583436,0.319363,0.709959,0.297711,0.83174,0.522951,0.422618,0.541307,0.597266,0.563858,0.719613,0.588831,0.836734,0.615517,0.421464,0.656664,0.579834,0.692061,0.695378,0.728646,0.803034,0.677921,0.407102,0.764596,0.530108,0.830711,0.603065,0.892957,0.675458
record1_2.mp4,1a5008d3e2e358a67d1d067f0fe8dae92b9e9370533d9f326db45e22b61f82ab,640,480,12.02,625,52.0,600,50000,Left,0.482218,0.146349,0.35315,0.21121,0.24975,0.328393,0.16822,0.454544,0.095397,0.55332,0.40442,0.403286,0.343293,0.577611,0.314133,0.707668,0.292621,0.834671,0.524405,0.426344,0.536878,0.598565,0.557916,0.728701,0.581907,0.855134,0.617194,0.429321,0.655959,0.586341,0.692547,0.704056,0.730455,0.816509,0.680487,0.415049,0.764468,0.536414,0.830201,0.608615,0.892441,0.680698
record1_2.mp4,1a5008d3e2e358a67d1d067f0fe8dae92b9e9370533d9f326db45e22b61f82ab,640,480,12.02,625,52.0,601,50083,Left,0.470289,0.131083,0.343967,0.216184,0.247976,0.329512,0.166292,0.455093,0.097832,0.563643,0.403501,0.417388,0.34903,0.591983,0.323378,0.717498,0.300479,0.839399,0.520907,0.435831,0.520506,0.615054,0.536663,0.748813,0.55437,0.875148,0.610895,0.433177,0.651004,0.594152,0.69538,0.710817,0.735191,0.814976,0.67173,0.414678,0.762498,0.536084,0.828911,0.607037,0.892508,0.679039
record1_2.mp4,1a5008d3e2e358a67d1d067f0fe8dae92b9e9370533d9f326db45e22b61f82ab,640,480,12.02,625,52.0,602,50166,Left,0.468141,0.119039,0.341425,0.203539,0.243784,0.330332,0.161194,0.46101,0.091017,0.564308,0.395139,0.392459,0.341896,0.573168,0.318029,0.70438,0.297031,0.833646,0.514487,0.408434,0.5168,0.593057,0.534072,0.736206,0.552632,0.872317,0.606623,0.408462,0.649639,0.574193,0.693318,0.699796,0.732376,0.81216,0.669855,0.396628,0.760297,0.530329,0.828641,0.605321,0.893326,0.679534
record1_2.mp4,1a5008d3e2e358a67d1d067f0fe8dae92b9e9370533d9f326db45e22b61f82ab,640,480,12.02,625,52.0,603,50250,Left,0.46795,0.134067,0.346087,0.209098,0.249619,0.33083,0.166484,0.456515,0.097094,0.562225,0.399189,0.39771,0.347269,0.579173,0.322651,0.705234,0.303576,0.828323,0.517722,0.41698,0.522932,0.598085,0.53831,0.739494,0.558959,0.878246,0.609093,0.420309,0.654648,0.580099,0.696123,0.702108,0.735665,0.814033,0.672716,0.40893,0.761136,0.536391,0.827921,0.606479,0.892698,0.675639
record1_2.mp4,1a5008d3e2e358a67d1d067f0fe8dae92b9e9370533d9f326db45e22b61f82ab,640,480,12.02,625,52.0,604,50333,Left,0.468871,0.128281,0.343343,0.212625,0.244319,0.331561,0.162289,0.458906,0.091097,0.564686,0.398288,0.399389,0.347009,0.580726,0.323455,0.711531,0.303738,0.836559,0.516296,0.416535,0.517216,0.600702,0.530853,0.743044,0.549074,0.877562,0.607172,0.416518,0.652795,0.578703,0.693263,0.696909,0.73121,0.803396,0.668626,0.404499,0.759944,0.530407,0.827325,0.601502,0.893194,0.673141
record1_2.mp4,1a5008d3e2e358a67d1d067f0fe8dae92b9e9370533d9f326db45e22b61f82ab,640,480,12.02,625,52.0,605,50416,Left,0.473636,0.134507,0.349493,0.214744,0.251149,0.326954,0.16457,0.450916,0.096899,0.562321,0.404281,0.400523,0.351592,0.57981,0.32512,0.707487,0.299733,0.833834,0.521462,0.42101,0.516944,0.596018,0.53061,0.73535,0.546253,0.869521,0.612511,0.425943,0.654932,0.582082,0.697271,0.701134,0.733754,0.806869,0.674193,0.41798,0.766516,0.541511,0.833849,0.610316,0.8984,0.679599
record1_2.mp4,1a5008d3e2e358a67d1d067f0fe8dae92b9e9370533d9f326db45e22b61f82ab,640,480,12.02,625,52.0,606,50500,Left,0.472097,0.125779,0.349515,0.211997,0.24915,0.328313,0.164457,0.453044,0.092869,0.558364,0.398017,0.408733,0.340673,0.588775,0.315165,0.717025,0.295295,0.842198,0.51293,0.42508,0.514528,0.608824,0.529375,0.746092,0.550712,0.875235,0.602884,0.421928,0.645535,0.576642,0.684911,0.689731,0.724111,0.792119,0.666529,0.405791,0.758208,0.532142,0.827188,0.603547,0.895279,0.675061
record1_2.mp4,1a5008d3e2e358a67d1d067f0fe8dae92b9e9370533d9f326db45e22b61f82ab,640,480,12.02,625,52.0,607,50583,Left,0.472653,0.11726,0.357,0.196141,0.261044,0.309609,0.166,0.419055,0.086494,0.50345,0.398165,0.404753,0.343168,0.588596,0.314214,0.713335,0.291843,0.834939,0.51305,0.422822,0.517546,0.609935,0.531222,0.747758,0.550477,0.881012,0.602357,0.420322,0.647918,0.583097,0.691275,0.701665,0.732434,0.809844,0.664619,0.402306,0.752653,0.533022,0.821608,0.603873,0.888307,0.67553
record1_2.mp4,1a5008d3e2e358a67d1d067f0fe8dae92b9e9370533d9f326db45e22b61f82ab,640,480,12.02,625,52.0,608,50666,Left,0.476851,0.120568,0.357892,0.194543,0.26057,0.297253,0.167573,0.38779,0.080132,0.448785,0.396492,0.39339,0.346806,0.580881,0.319427,0.709606,0.295937,0.832975,0.512562,0.412256,0.517177,0.600169,0.529961,0.744592,0.546901,0.882477,0.602508,0.411944,0.650308,0.576058,0.694851,0.700935,0.735558,0.815031,0.665058,0.396869,0.751992,0.529612,0.819672,0.601706,0.884798,0.675063
record1_2.mp4,1a5008d3e2e358a67d1d067f0fe8dae92b9e9370533d9f326db45e22b61f82ab,640,480,12.02,625,52.0,609,50750,Left,0.478424,0.114524,0.36233,0.192731,0.266494,0.306035,0.170759,0.415505,0.085478,0.492134,0.401787,0.399533,0.34892,0.581585,0.322169,0.709614,0.299997,0.831836,0.516944,0.416508,0.523024,0.60311,0.534706,0.743586,0.550754,0.877789,0.606912,0.415755,0.652804,0.581134,0.69438,0.704227,0.732125,0.819723,0.670005,0.401497,0.755479,0.531608,0.823055,0.602698,0.885592,0.67801
record1_2.mp4,1a5008d3e2e358a67d1d067f0fe8dae92b9e9370533d9f326db45e22b61f82ab,640,480,12.02,625,52.0,610,50833,Left,0.473765,0.137472,0.355288,0.212183,0.260316,0.337031,0.17543,0.46347,0.096057,0.560253,0.404894,0.405707,0.350906,0.584487,0.321679,0.707679,0.297791,0.827637,0.519857,0.428743,0.522412,0.612387,0.532568,0.74908,0.548004,0.881058,0.607183,0.428584,0.652054,0.581585,0.693737,0.699693,0.733911,0.808976,0.666211,0.410976,0.753775,0.535027,0.821074,0.60353,0.887013,0.673057
record1_2.mp4,1a5008d3e2e358a67d1d067f0fe8dae92b9e9370533d9f326db45e22b61f82ab,640,480,12.02,625,52.0,611,50916,Left,0.471866,0.125886,0.348586,0.210234,0.252465,0.337625,0.167229,0.467667,0.086432,0.566292,0.398751,0.392812,0.345434,0.576162,0.319164,0.705351,0.296895,0.828344,0.515254,0.410877,0.515507,0.598186,0.528259,0.742568,0.546196,0.879183,0.604685,0.410604,0.648709,0.57322,0.689585,0.698222,0.728833,0.811815,0.664973,0.397607,0.753201,0.528978,0.819287,0.60116,0.883973,0.67349
record1_2.mp4,1a5008d3e2e358a67d1d067f0fe8dae92b9e9370533d9f326db45e22b61f82ab,640,480,12.02,625,52.0,612,51000,Left,0.472387,0.106487,0.355865,0.197105,0.262377,0.318106,0.173222,0.437617,0.089771,0.52344,0.400181,0.40983,0.347064,0.590454,0.32118,0.716019,0.299067,0.835353,0.516066,0.427908,0.517405,0.61358,0.530901,0.752682,0.548922,0.884884,0.605758,0.428583,0.652931,0.591783,0.696865,0.711919,0.736086,0.821934,0.667098,0.414351,0.758952,0.540115,0.827319,0.607479,0.891997,0.678351
record1_2.mp4,1a5008d3e2e358a67d1d067f0fe8dae92b9e9370533d9f326db45e22b61f82ab,640,480,12.02,625,52.0,613,51083,Left,0.472564,0.105165,0.354511,0.191829,0.264627,0.320835,0.180335,0.453433,0.106065,0.558964,0.401875,0.406703,0.350774,0.584999,0.32104,0.711379,0.295181,0.835476,0.517492,0.428349,0.519127,0.610078,0.531252,0.747311,0.547739,0.879397,0.606803,0.427916,0.652825,0.588333,0.696899,0.708437,0.73639,0.819274,0.667801,0.409624,0.758282,0.536816,0.828936,0.603583,0.895301,0.672778
record1_2.mp4,1a5008d3e2e358a67d1d067f0fe8dae92b9e9370533d9f326db45e22b61f82ab,640,480,12.02,625,52.0,614,51166,Left,0.475048,0.109126,0.361281,0.19317,0.266595,0.311712,0.178795,0.424105,0.098058,0.501392,0.404677,0.397433,0.354148,0.584777,0.324311,0.716049,0.29854,0.839097,0.517865,0.417536,0.521221,0.60501,0.532512,0.744528,0.548551,0.876004,0.606185,0.418426,0.652397,0.585825,0.692001,0.707787,0.72852,0.81796,0.666701,0.404243,0.757879,0.534714,0.826718,0.602875,0.890181,0.672165
record1_2.mp4,1a5008d3e2e358a67d1d067f0fe8dae92b9e9370533d9f326db45e22b61f82ab,640,480,12.02,625,52.0,615,51250,Left,0.476915,0.108199,0.359906,0.1891,0.266467,0.314251,0.181964,0.443301,0.102879,0.540919,0.402913,0.379034,0.350599,0.570835,0.320104,0.705046,0.293929,0.833419,0.518005,0.403265,0.519228,0.5907,0.53059,0.734738,0.547906,0.871333,0.607352,0.4087,0.652068,0.574255,0.691544,0.699004,0.728555,0.812402,0.667717,0.399216,0.756694,0.533075,0.825227,0.601007,0.88969,0.669241
record1_2.mp4,1a5008d3e2e358a67d1d067f0fe8dae92b9e9370533d9f326db45e22b61f82ab,640,480,12.02,625,52.0,616,51333,Left,0.475141,0.117188,0.354906,0.202769,0.261894,0.336241,0.1825,0.472653,0.10202,0.573858,0.40547,0.400162,0.354738,0.581182,0.327206,0.70838,0.303123,0.828085,0.520927,0.419976,0.525918,0.597868,0.540397,0.736605,0.558161,0.869268,0.609774,0.420768,0.653923,0.581979,0.692048,0.7012,0.726798,0.814165,0.669289,0.406698,0.758088,0.532282,0.825533,0.601044,0.887863,0.67255
record1_2.mp4,1a5008d3e2e358a67d1d067f0fe8dae92b9e9370533d9f326db45e22b61f82ab,640,480,12.02,625,52.0,617,51416,Left,0.475472,0.114964,0.352282,0.198197,0.257256,0.332247,0.179339,0.465968,0.099158,0.565452,0.40828,0.391556,0.353534,0.574321,0.323844,0.703936,0.298426,0.826467,0.525246,0.413823,0.540745,0.601531,0.559844,0.744431,0.58155,0.883134,0.612588,0.417289,0.657001,0.584039,0.689955,0.706707,0.722979,0.826256,0.66701,0.405089,0.759865,0.526354,0.82789,0.596886,0.890007,0.672079
record1_2.mp4,1a5008d3e2e358a67d1d067f0fe8dae92b9e9370533d9f326db45e22b61f82ab,640,480,12.02,625,52.0,618,51500,Left,0.476806,0.127805,0.35376,0.204328,0.259191,0.33364,0.176341,0.466124,0.094523,0.568323,0.40452,0.400664,0.351185,0.576665,0.32485,0.710566,0.300463,0.834466,0.527577,0.423848,0.563556,0.636009,0.593141,0.786322,0.621669,0.924617,0.617829,0.423788,0.678217,0.617511,0.722341,0.746162,0.76204,0.865657,0.672133,0.403299,0.765838,0.532691,0.836562,0.603717,0.898665,0.675866
record1_2.mp4,1a5008d3e2e358a67d1d067f0fe8dae92b9e9370533d9f326db45e22b61f82ab,640,480,12.02,625,52.0,619,51583,Left,0.472368,0.124603,0.346789,0.20323,0.251645,0.334061,0.175619,0.469612,0.095443,0.567841,0.400552,0.409596,0.34776,0.583412,0.318555,0.715444,0.291303,0.83963,0.52075,0.435564,0.542793,0.629039,0.558291,0.767627,0.572295,0.897707,0.611807,0.433758,0.662103,0.614129,0.690239,0.736145,0.713065,0.849674,0.66756,0.410993,0.761957,0.530507,0.8305,0.600432,0.889388,0.674133
record1_2.mp4,1a5008d3e2e358a67d1d067f0fe8dae92b9e9370533d9f326db45e22b61f82ab,640,480,12.02,625,52.0,620,51666,Left,0.475073,0.126698,0.34727,0.206898,0.251945,0.33631,0.172011,0.471081,0.091162,0.56858,0.396857,0.398104,0.345096,0.584017,0.320329,0.714223,0.299326,0.838198,0.514896,0.42313,0.524505,0.604819,0.541291,0.73634,0.559264,0.861696,0.605631,0.423389,0.643078,0.57954,0.673125,0.697359,0.704163,0.805762,0.665655,0.406126,0.756119,0.529102,0.821369,0.603244,0.882655,0.677142
record1_2.mp4,1a5008d3e2e358a67d1d067f0fe8dae92b9e9370533d9f326db45e22b61f82ab,640,480,12.02,625,52.0,621,51750,Left,0.469353,0.110988,0.345849,0.200506,0.252994,0.339228,0.175893,0.474154,0.099027,0.570089,0.40652,0.394562,0.355574,0.582548,0.327281,0.709139,0.301298,0.831759,0.523321,0.418229,0.528639,0.602728,0.542465,0.743433,0.557112,0.87488,0.610999,0.421124,0.644957,0.57462,0.674862,0.690137,0.70438,0.794362,0.668831,0.407535,0.755371,0.53048,0.819195,0.599863,0.879431,0.668564
record1_2.mp4,1a5008d3e2e358a67d1d067f0fe8dae92b9e9370533d9f326db45e22b61f82ab,640,480,12.02,625,52.0,622,51833,Left,0.466693,0.113124,0.345923,0.199963,0.253228,0.337845,0.172636,0.469864,0.091292,0.56578,0.402557,0.390641,0.348609,0.574779,0.318147,0.705415,0.293192,0.831989,0.518548,0.410907,0.523167,0.588364,0.538589,0.727518,0.556901,0.861742,0.60667,0.412968,0.642924,0.571769,0.676306,0.699615,0.709698,0.816336,0.664692,0.400751,0.757774,0.526797,0.826892,0.601878,0.889364,0.674606
record1_2.mp4,1a5008d3e2e358a67d1d067f0fe8dae92b9e9370533d9f326db45e22b61f82ab,640,480,12.02,625,52.0,623,51916,Left,0.46329,0.11091,0.342745,0.201444,0.252842,0.333377,0.173884,0.46771,0.095508,0.569812,0.39734,0.405919,0.346134,0.590963,0.316804,0.719571,0.291769,0.839133,0.514789,0.429598,0.523685,0.608767,0.539878,0.737941,0.558336,0.85926,0.604603,0.429243,0.642925,0.58786,0.677338,0.708993,0.711107,0.817643,0.663383,0.411334,0.759895,0.528904,0.82875,0.600835,0.89057,0.672349
record1_2.mp4,1a5008d3e2e358a67d1d067f0fe8dae92b9e9370533d9f326db45e22b61f82ab,640,480,12.02,625,52.0,624,52000,Left,0.466793,0.108966,0.345579,0.201461,0.254219,0.336447,0.176509,0.47054,0.098461,0.572421,0.40011,0.411765,0.343996,0.594059,0.313812,0.7182,0.289586,0.835575,0.515214,0.430538,0.522999,0.612043,0.539105,0.745227,0.558434,0.871494,0.603431,0.424611,0.640814,0.580368,0.672794,0.697739,0.705893,0.805667,0.662903,0.402836,0.755029,0.526747,0.823636,0.601431,0.887888,0.675847
