video_file,video_hash,video_width,video_height,video_fps,total_video_frames,video_duration_sec,frame_idx,timestamp_ms,hand,wrist_x,wrist_y,thumb_cmc_x,thumb_cmc_y,thumb_mcp_x,thumb_mcp_y,thumb_ip_x,thumb_ip_y,thumb_tip_x,thumb_tip_y,index_mcp_x,index_mcp_y,index_pip_x,index_pip_y,index_dip_x,index_dip_y,index_tip_x,index_tip_y,middle_mcp_x,middle_mcp_y,middle_pip_x,middle_pip_y,middle_dip_x,middle_dip_y,middle_tip_x,middle_tip_y,ring_mcp_x,ring_mcp_y,ring_pip_x,ring_pip_y,ring_dip_x,ring_dip_y,ring_tip_x,ring_tip_y,pinky_mcp_x,pinky_mcp_y,pinky_pip_x,pinky_pip_y,pinky_dip_x,pinky_dip_y,pinky_tip_x,pinky_tip_y
video1.mp4,dea74cf05eaf5a5367213199806eb1e8c8bb1ac76da5c3fce588ce4202c0820c,1280,720,12.02,494,41.083,0,0,Left,0.456987,0.380161,0.515558,0.435208,0.558999,0.509602,0.590295,0.5793,0.619469,0.640592,0.486916,0.528267,0.502815,0.656107,0.51144,0.741094,0.519324,0.796151,0.429047,0.542302,0.416642,0.673503,0.406144,0.766717,0.404339,0.817559,0.381914,0.541563,0.354278,0.644985,0.336816,0.725618,0.331663,0.774921,0.348344,0.527801,0.30739,0.600983,0.286119,0.654524,0.275933,0.686366
video1.mp4,dea74cf05eaf5a5367213199806eb1e8c8bb1ac76da5c3fce588ce4202c0820c,1280,720,12.02,494,41.083,1,83,Right,0.453954,0.393782,0.514658,0.431962,0.55708,0.500397,0.583562,0.57597,0.615125,0.641863,0.485401,0.501805,0.499262,0.623973,0.507182,0.7198,0.510069,0.790171,0.429115,0.518784,0.417623,0.651314,0.409263,0.752578,0.400211,0.819712,0.385193,0.527104,0.357416,0.634012,0.338174,0.718848,0.324714,0.774305,0.352875,0.523475,0.311862,0.602431,0.284107,0.653429,0.264868,0.690158
video1.mp4,dea74cf05eaf5a5367213199806eb1e8c8bb1ac76da5c3fce588ce4202c0820c,1280,720,12.02,494,41.083,2,166,Right,0.45046,0.408561,0.513151,0.44165,0.557917,0.502741,0.584438,0.572549,0.615233,0.63568,0.487905,0.502394,0.499664,0.62081,0.5053,0.716113,0.507443,0.789973,0.431236,0.514337,0.416451,0.647056,0.407148,0.743949,0.397934,0.811012,0.386434,0.521765,0.357569,0.632036,0.337372,0.716584,0.322687,0.772676,0.352416,0.518983,0.311584,0.598996,0.284944,0.653122,0.265114,0.694783
video1.mp4,dea74cf05eaf5a5367213199806eb1e8c8bb1ac76da5c3fce588ce4202c0820c,1280,720,12.02,494,41.083,3,250,Right,0.448987,0.406574,0.512282,0.439873,0.557047,0.502248,0.582176,0.575005,0.612444,0.63979,0.484419,0.502342,0.499444,0.624375,0.506778,0.719098,0.510156,0.788437,0.427916,0.518204,0.416287,0.650481,0.406617,0.748778,0.396988,0.81377,0.383814,0.525725,0.357717,0.63411,0.337392,0.718895,0.322371,0.774585,0.351011,0.521521,0.310722,0.599231,0.284053,0.650845,0.264362,0.69006
video1.mp4,dea74cf05eaf5a5367213199806eb1e8c8bb1ac76da5c3fce588ce4202c0820c,1280,720,12.02,494,41.083,4,333,Right,0.449411,0.400694,0.511998,0.437964,0.557494,0.501249,0.583014,0.573514,0.613194,0.638308,0.485305,0.497848,0.499472,0.61876,0.505288,0.715672,0.507264,0.791371,0.428463,0.511094,0.416304,0.644771,0.407327,0.744882,0.398585,0.812529,0.384214,0.519117,0.357577,0.629123,0.337736,0.71625,0.323446,0.773031,0.350968,0.518049,0.31097,0.597793,0.284212,0.651175,0.26412,0.691508
video1.mp4,dea74cf05eaf5a5367213199806eb1e8c8bb1ac76da5c3fce588ce4202c0820c,1280,720,12.02,494,41.083,5,416,Right,0.449364,0.403132,0.512164,0.441211,0.556626,0.504861,0.583001,0.577094,0.613316,0.641646,0.486322,0.498575,0.500458,0.623809,0.506673,0.723265,0.509227,0.794944,0.429583,0.515053,0.416718,0.647888,0.407253,0.746396,0.398505,0.809089,0.385121,0.526097,0.356958,0.635436,0.336561,0.721936,0.322326,0.774048,0.351077,0.526451,0.309993,0.607937,0.282334,0.660157,0.26295,0.695258
video1.mp4,dea74cf05eaf5a5367213199806eb1e8c8bb1ac76da5c3fce588ce4202c0820c,1280,720,12.02,494,41.083,6,500,Right,0.450309,0.399243,0.513158,0.43664,0.558838,0.502215,0.584098,0.575889,0.612957,0.647612,0.486862,0.500666,0.500134,0.625517,0.507464,0.722957,0.510825,0.794633,0.430479,0.51457,0.417406,0.644612,0.408641,0.743087,0.39987,0.811652,0.38591,0.521696,0.358644,0.62589,0.339224,0.711689,0.325104,0.770934,0.352148,0.518337,0.311657,0.594536,0.28488,0.647384,0.265264,0.688987
video1.mp4,dea74cf05eaf5a5367213199806eb1e8c8bb1ac76da5c3fce588ce4202c0820c,1280,720,12.02,494,41.083,7,583,Right,0.44997,0.396573,0.51228,0.433775,0.558436,0.498081,0.584033,0.573696,0.612052,0.644215,0.4853,0.496342,0.500867,0.617074,0.508123,0.713946,0.509548,0.788052,0.42879,0.514928,0.417549,0.642845,0.408984,0.741745,0.398911,0.808748,0.38528,0.526775,0.358061,0.629714,0.33854,0.714922,0.323737,0.769502,0.352809,0.526822,0.31115,0.603459,0.283239,0.655148,0.262931,0.692926
video1.mp4,dea74cf05eaf5a5367213199806eb1e8c8bb1ac76da5c3fce588ce4202c0820c,1280,720,12.02,494,41.083,8,666,Right,0.450878,0.387872,0.514164,0.431385,0.560591,0.501321,0.586306,0.579006,0.614111,0.649826,0.487656,0.491102,0.501422,0.612245,0.507677,0.709522,0.508764,0.785605,0.431205,0.506045,0.419344,0.637737,0.410424,0.738829,0.400029,0.809862,0.38722,0.516633,0.360079,0.623366,0.339492,0.710366,0.323908,0.768587,0.353827,0.517664,0.312132,0.597874,0.284099,0.650897,0.263583,0.692026
video1.mp4,dea74cf05eaf5a5367213199806eb1e8c8bb1ac76da5c3fce588ce4202c0820c,1280,720,12.02,494,41.083,9,750,Right,0.453781,0.378416,0.516093,0.426966,0.561644,0.499428,0.587732,0.575094,0.617586,0.641625,0.492773,0.497161,0.506956,0.624843,0.512297,0.725401,0.512545,0.793131,0.434548,0.507407,0.421498,0.641741,0.411593,0.744493,0.401284,0.811956,0.388838,0.51382,0.360242,0.622349,0.341417,0.715407,0.328681,0.774516,0.353444,0.510079,0.309198,0.591605,0.282328,0.649298,0.264841,0.694011
video1.mp4,dea74cf05eaf5a5367213199806eb1e8c8bb1ac76da5c3fce588ce4202c0820c,1280,720,12.02,494,41.083,10,833,Right,0.461121,0.371239,0.525713,0.420151,0.571877,0.495778,0.595331,0.574326,0.624074,0.648819,0.497715,0.489056,0.508932,0.620808,0.513884,0.721265,0.511226,0.799886,0.439642,0.494613,0.426126,0.62205,0.414045,0.730398,0.399169,0.811637,0.394913,0.497465,0.365363,0.596479,0.343212,0.691458,0.324821,0.761884,0.361883,0.49577,0.315318,0.570145,0.286634,0.632788,0.265065,0.689524
video1.mp4,dea74cf05eaf5a5367213199806eb1e8c8bb1ac76da5c3fce588ce4202c0820c,1280,720,12.02,494,41.083,11,916,Right,0.458393,0.376951,0.521702,0.421268,0.570213,0.498643,0.599967,0.577831,0.633964,0.649743,0.496665,0.475888,0.509035,0.615327,0.514051,0.720733,0.512211,0.80178,0.43567,0.477463,0.421987,0.60385,0.410304,0.717117,0.394719,0.802898,0.389348,0.481497,0.361249,0.574353,0.339653,0.676026,0.320709,0.753314,0.356417,0.483972,0.313236,0.556778,0.288029,0.624643,0.268445,0.688346
video1.mp4,dea74cf05eaf5a5367213199806eb1e8c8bb1ac76da5c3fce588ce4202c0820c,1280,720,12.02,494,41.083,12,1000,Right,0.464724,0.378172,0.524333,0.428196,0.570516,0.502905,0.601562,0.579663,0.632572,0.649818,0.50037,0.454628,0.508967,0.556388,0.517935,0.639074,0.523095,0.715179,0.438584,0.457725,0.422815,0.593024,0.411549,0.708076,0.398899,0.795479,0.389921,0.470796,0.358967,0.582191,0.337297,0.684336,0.322858,0.762397,0.357266,0.480697,0.311989,0.560484,0.287224,0.6292,0.270219,0.689166
video1.mp4,dea74cf05eaf5a5367213199806eb1e8c8bb1ac76da5c3fce588ce4202c0820c,1280,720,12.02,494,41.083,13,1083,Right,0.472922,0.385773,0.526896,0.447363,0.566252,0.518776,0.596047,0.59496,0.630938,0.657643,0.510214,0.464773,0.521975,0.577592,0.528745,0.679449,0.534081,0.763762,0.446999,0.457616,0.424042,0.578778,0.407122,0.690592,0.395313,0.773172,0.397069,0.465671,0.362886,0.566032,0.338487,0.669594,0.326362,0.74984,0.36353,0.477254,0.314684,0.549425,0.288399,0.62259,0.273217,0.689413
video1.mp4,dea74cf05eaf5a5367213199806eb1e8c8bb1ac76da5c3fce588ce4202c0820c,1280,720,12.02,494,41.083,14,1166,Right,0.475452,0.372832,0.525446,0.427133,0.566964,0.507216,0.603034,0.599597,0.638865,0.678553,0.505804,0.454507,0.524108,0.572675,0.536658,0.685874,0.547687,0.78359,0.445267,0.460854,0.429254,0.573199,0.42369,0.678635,0.418772,0.768928,0.398847,0.475769,0.368521,0.56625,0.348176,0.661514,0.333504,0.743915,0.369169,0.489528,0.326822,0.562128,0.300235,0.632178,0.279421,0.699572
video1.mp4,dea74cf05eaf5a5367213199806eb1e8c8bb1ac76da5c3fce588ce4202c0820c,1280,720,12.02,494,41.083,15,1250,Right,0.468028,0.385809,0.525802,0.437654,0.566977,0.515496,0.601746,0.599893,0.637098,0.669064,0.511771,0.472592,0.527945,0.590714,0.539277,0.695038,0.548706,0.783017,0.452639,0.477492,0.433345,0.593451,0.423419,0.69594,0.416149,0.77561,0.402691,0.489452,0.372034,0.596477,0.353193,0.691007,0.342458,0.75779,0.365922,0.498329,0.319908,0.582292,0.288622,0.648289,0.265819,0.703968
video1.mp4,dea74cf05eaf5a5367213199806eb1e8c8bb1ac76da5c3fce588ce4202c0820c,1280,720,12.02,494,41.083,16,1333,Right,0.461634,0.369899,0.522417,0.413981,0.569075,0.489148,0.603448,0.568487,0.63784,0.643487,0.501067,0.467891,0.523733,0.591912,0.539452,0.701069,0.54941,0.792382,0.441522,0.476081,0.433947,0.601434,0.428382,0.71123,0.420284,0.800681,0.395326,0.486476,0.369294,0.588633,0.349537,0.688526,0.335329,0.7676,0.362337,0.493944,0.31748,0.572863,0.288167,0.639587,0.265374,0.70185
video1.mp4,dea74cf05eaf5a5367213199806eb1e8c8bb1ac76da5c3fce588ce4202c0820c,1280,720,12.02,494,41.083,17,1416,Right,0.469034,0.381317,0.522549,0.444911,0.565265,0.556264,0.606373,0.64814,0.649607,0.726874,0.515672,0.482576,0.52541,0.552067,0.543301,0.612964,0.561839,0.677562,0.45884,0.477233,0.439474,0.602269,0.429544,0.703872,0.417438,0.791656,0.407029,0.484742,0.374124,0.58926,0.354444,0.681316,0.340105,0.763008,0.366527,0.490069,0.32191,0.576377,0.291761,0.640159,0.267227,0.704659
video1.mp4,dea74cf05eaf5a5367213199806eb1e8c8bb1ac76da5c3fce588ce4202c0820c,1280,720,12.02,494,41.083,18,1500,Right,0.461906,0.370226,0.524038,0.414582,0.573624,0.491296,0.608787,0.57045,0.637729,0.650945,0.507353,0.487524,0.531339,0.623193,0.54429,0.725642,0.54922,0.80116,0.447816,0.500286,0.442135,0.629669,0.434045,0.736312,0.422197,0.815318,0.400422,0.50839,0.376208,0.613746,0.357524,0.713549,0.341658,0.785579,0.364016,0.509343,0.317484,0.592307,0.287228,0.655733,0.262667,0.709069
video1.mp4,dea74cf05eaf5a5367213199806eb1e8c8bb1ac76da5c3fce588ce4202c0820c,1280,720,12.02,494,41.083,19,1583,Right,0.452799,0.36832,0.514694,0.41555,0.567203,0.488903,0.604327,0.569085,0.637635,0.643098,0.504983,0.474419,0.527875,0.619157,0.541741,0.725672,0.550163,0.799604,0.442303,0.481338,0.434464,0.583956,0.427155,0.679336,0.4179,0.74591,0.393363,0.488679,0.366608,0.566994,0.348608,0.649364,0.331937,0.709528,0.356943,0.498483,0.31369,0.575526,0.284456,0.644301,0.257203,0.699191
video1.mp4,dea74cf05eaf5a5367213199806eb1e8c8bb1ac76da5c3fce588ce4202c0820c,1280,720,12.02,494,41.083,20,1666,Right,0.458753,0.352135,0.520659,0.400989,0.575509,0.492072,0.61066,0.58054,0.649216,0.654753,0.507396,0.466345,0.525248,0.577462,0.54359,0.668777,0.559822,0.760265,0.444168,0.476676,0.432441,0.56481,0.425959,0.647503,0.41621,0.721503,0.396733,0.487459,0.366961,0.559457,0.347964,0.638425,0.329353,0.71294,0.363735,0.498049,0.321006,0.574106,0.292118,0.634675,0.263897,0.695797
video1.mp4,dea74cf05eaf5a5367213199806eb1e8c8bb1ac76da5c3fce588ce4202c0820c,1280,720,12.02,494,41.083,21,1750,Right,0.462628,0.364251,0.522012,0.414165,0.573144,0.504305,0.611744,0.591275,0.651715,0.663791,0.507095,0.470068,0.520899,0.558768,0.534498,0.639434,0.544039,0.719433,0.449258,0.486959,0.443924,0.614736,0.440804,0.71929,0.432344,0.806484,0.401826,0.500546,0.37678,0.603438,0.359737,0.700209,0.345016,0.780294,0.366585,0.505189,0.321388,0.586142,0.29024,0.642641,0.264172,0.698468
video1.mp4,dea74cf05eaf5a5367213199806eb1e8c8bb1ac76da5c3fce588ce4202c0820c,1280,720,12.02,494,41.083,22,1833,Right,0.463488,0.36306,0.524569,0.415269,0.573951,0.49458,0.609821,0.574743,0.641717,0.646954,0.507831,0.477509,0.529826,0.607432,0.54671,0.707824,0.556226,0.797649,0.448841,0.486318,0.445615,0.616775,0.443901,0.732054,0.437769,0.83044,0.402572,0.492009,0.376433,0.589317,0.358145,0.687317,0.343268,0.773086,0.368602,0.494271,0.323569,0.570878,0.292321,0.635849,0.265652,0.70074
video1.mp4,dea74cf05eaf5a5367213199806eb1e8c8bb1ac76da5c3fce588ce4202c0820c,1280,720,12.02,494,41.083,23,1916,Left,0.464709,0.378856,0.39517,0.462461,0.342968,0.583338,0.311052,0.672304,0.287951,0.738058,0.383641,0.482046,0.358514,0.554669,0.336786,0.590916,0.316449,0.633841,0.444795,0.4581,0.439441,0.527041,0.43612,0.591018,0.435132,0.645704,0.503548,0.455579,0.525271,0.554465,0.535106,0.657142,0.54179,0.752003,0.558603,0.463576,0.59583,0.548209,0.625484,0.605416,0.651768,0.65864
video1.mp4,dea74cf05eaf5a5367213199806eb1e8c8bb1ac76da5c3fce588ce4202c0820c,1280,720,12.02,494,41.083,24,2000,Right,0.478212,0.352123,0.421853,0.431342,0.370205,0.544444,0.335506,0.648753,0.302181,0.717522,0.419553,0.467202,0.400691,0.583762,0.397365,0.663393,0.39753,0.741818,0.461103,0.451468,0.449063,0.547255,0.446574,0.630312,0.450974,0.704183,0.502184,0.453483,0.51756,0.547434,0.528645,0.632425,0.543561,0.713916,0.54529,0.472036,0.577821,0.567494,0.603961,0.630688,0.629906,0.685985
video1.mp4,dea74cf05eaf5a5367213199806eb1e8c8bb1ac76da5c3fce588ce4202c0820c,1280,720,12.02,494,41.083,25,2083,Right,0.463058,0.377378,0.523319,0.432648,0.567218,0.521841,0.60075,0.598791,0.633049,0.665745,0.508824,0.474605,0.522856,0.551111,0.536196,0.619276,0.54524,0.688971,0.453266,0.476403,0.444488,0.578332,0.441144,0.658965,0.436351,0.725523,0.404324,0.488414,0.382143,0.582404,0.366989,0.6751,0.356387,0.748796,0.369978,0.501958,0.335701,0.585793,0.312894,0.653643,0.293649,0.717676
video1.mp4,dea74cf05eaf5a5367213199806eb1e8c8bb1ac76da5c3fce588ce4202c0820c,1280,720,12.02,494,41.083,26,2166,Right,0.463778,0.364074,0.520648,0.418936,0.569689,0.501622,0.609679,0.583778,0.653111,0.645676,0.507744,0.490285,0.528562,0.604785,0.541075,0.701421,0.548472,0.779116,0.451521,0.499086,0.452307,0.625828,0.446939,0.735345,0.438533,0.812147,0.40398,0.503883,0.383549,0.61014,0.36694,0.709238,0.353562,0.782809,0.366161,0.5017,0.326979,0.586934,0.300367,0.650414,0.276805,0.704278
video1.mp4,dea74cf05eaf5a5367213199806eb1e8c8bb1ac76da5c3fce588ce4202c0820c,1280,720,12.02,494,41.083,27,2250,Right,0.462001,0.37054,0.521652,0.418728,0.573194,0.492879,0.614203,0.566909,0.654974,0.632974,0.510478,0.484231,0.530133,0.619369,0.543064,0.724237,0.548477,0.806896,0.450336,0.491444,0.448814,0.622967,0.443505,0.738789,0.43392,0.824217,0.4015,0.494513,0.375921,0.587406,0.357397,0.684936,0.340641,0.757468,0.364274,0.494049,0.322417,0.57704,0.293291,0.647073,0.266968,0.70388
video1.mp4,dea74cf05eaf5a5367213199806eb1e8c8bb1ac76da5c3fce588ce4202c0820c,1280,720,12.02,494,41.083,28,2333,Right,0.46388,0.362847,0.524818,0.411998,0.575641,0.484592,0.61459,0.556829,0.653216,0.622252,0.514928,0.481978,0.532366,0.62114,0.544318,0.728379,0.551971,0.796939,0.452537,0.488334,0.44654,0.610965,0.442945,0.7215,0.438431,0.79031,0.403106,0.488073,0.374068,0.573464,0.356877,0.670072,0.343351,0.732366,0.365339,0.48424,0.316997,0.562085,0.287124,0.634632,0.262388,0.687401
video1.mp4,dea74cf05eaf5a5367213199806eb1e8c8bb1ac76da5c3fce588ce4202c0820c,1280,720,12.02,494,41.083,29,2416,Right,0.464179,0.360657,0.527785,0.407034,0.57845,0.485004,0.616226,0.561222,0.653459,0.629607,0.517583,0.482655,0.528673,0.596803,0.531901,0.681817,0.530802,0.738158,0.458025,0.499713,0.453165,0.636055,0.447412,0.743834,0.439144,0.813368,0.408875,0.509384,0.385628,0.618037,0.369897,0.717719,0.356433,0.785904,0.371261,0.508104,0.327192,0.596574,0.295826,0.659603,0.268613,0.70722
video1.mp4,dea74cf05eaf5a5367213199806eb1e8c8bb1ac76da5c3fce588ce4202c0820c,1280,720,12.02,494,41.083,30,2500,Right,0.463513,0.349325,0.526816,0.400104,0.577266,0.476783,0.611239,0.557023,0.64867,0.620305,0.515663,0.491882,0.540641,0.621849,0.55145,0.721305,0.555334,0.800378,0.456158,0.504708,0.453818,0.634164,0.44814,0.74501,0.438484,0.82229,0.407817,0.505985,0.386074,0.615922,0.370105,0.715114,0.356476,0.787625,0.368515,0.498827,0.324041,0.586075,0.294345,0.650838,0.26929,0.704557
video1.mp4,dea74cf05eaf5a5367213199806eb1e8c8bb1ac76da5c3fce588ce4202c0820c,1280,720,12.02,494,41.083,31,2583,Right,0.46655,0.349585,0.529168,0.405581,0.578821,0.484289,0.611505,0.56269,0.639913,0.634754,0.520042,0.4858,0.538127,0.622948,0.54994,0.725136,0.556006,0.801536,0.460877,0.492466,0.455716,0.610862,0.454269,0.716769,0.450783,0.790688,0.4123,0.493502,0.38382,0.583504,0.365703,0.678569,0.350621,0.750227,0.372079,0.490483,0.325034,0.575453,0.295038,0.647885,0.269911,0.707306
video1.mp4,dea74cf05eaf5a5367213199806eb1e8c8bb1ac76da5c3fce588ce4202c0820c,1280,720,12.02,494,41.083,32,2666,Right,0.460449,0.361539,0.527578,0.410171,0.579049,0.488717,0.607744,0.572635,0.631345,0.656216,0.519665,0.472454,0.537787,0.618248,0.551151,0.721661,0.557398,0.802616,0.455536,0.484822,0.450167,0.582512,0.44941,0.669543,0.445018,0.73186,0.405207,0.492477,0.37714,0.574796,0.355251,0.644059,0.334483,0.690913,0.366903,0.500305,0.322631,0.570864,0.289263,0.625867,0.258299,0.66866
video1.mp4,dea74cf05eaf5a5367213199806eb1e8c8bb1ac76da5c3fce588ce4202c0820c,1280,720,12.02,494,41.083,33,2750,Right,0.460497,0.368541,0.522893,0.416647,0.574566,0.50528,0.60977,0.581641,0.644096,0.650489,0.520554,0.475204,0.538669,0.583638,0.550673,0.650993,0.557958,0.721582,0.461543,0.471735,0.461391,0.554748,0.456467,0.615096,0.446154,0.669884,0.409913,0.474186,0.386008,0.550631,0.364179,0.601727,0.341741,0.64787,0.368649,0.477561,0.327164,0.537333,0.294979,0.572373,0.261621,0.607868
video1.mp4,dea74cf05eaf5a5367213199806eb1e8c8bb1ac76da5c3fce588ce4202c0820c,1280,720,12.02,494,41.083,34,2833,Left,0.459754,0.38947,0.520047,0.41144,0.574203,0.48468,0.611228,0.553763,0.642715,0.639313,0.517477,0.477267,0.537745,0.557164,0.550685,0.61226,0.562013,0.653282,0.45518,0.490435,0.453743,0.568569,0.452632,0.625293,0.448466,0.663385,0.405152,0.501307,0.382939,0.58089,0.361823,0.6364,0.340859,0.672298,0.366861,0.502886,0.326917,0.570806,0.294026,0.61322,0.263721,0.645085
video1.mp4,dea74cf05eaf5a5367213199806eb1e8c8bb1ac76da5c3fce588ce4202c0820c,1280,720,12.02,494,41.083,35,2916,Right,0.462031,0.337946,0.52391,0.390108,0.576922,0.46102,0.618125,0.52568,0.656309,0.576271,0.522077,0.505242,0.550059,0.632232,0.567101,0.724252,0.576598,0.798794,0.465396,0.519083,0.468184,0.638602,0.467761,0.740077,0.462786,0.811724,0.417485,0.517807,0.395553,0.621209,0.38111,0.713874,0.36928,0.782658,0.374944,0.507303,0.330829,0.590696,0.299127,0.647778,0.272133,0.693637
video1.mp4,dea74cf05eaf5a5367213199806eb1e8c8bb1ac76da5c3fce588ce4202c0820c,1280,720,12.02,494,41.083,36,3000,Right,0.465125,0.347886,0.526559,0.400278,0.578893,0.457845,0.618694,0.514036,0.654952,0.570404,0.527091,0.50627,0.551376,0.636784,0.565334,0.728157,0.572779,0.795808,0.470896,0.518448,0.472148,0.646387,0.47137,0.744876,0.467289,0.817609,0.423591,0.513716,0.398663,0.614291,0.381254,0.707629,0.366862,0.784392,0.382539,0.497438,0.333983,0.577113,0.299647,0.636058,0.27074,0.690967
video1.mp4,dea74cf05eaf5a5367213199806eb1e8c8bb1ac76da5c3fce588ce4202c0820c,1280,720,12.02,494,41.083,37,3083,Left,0.461677,0.359003,0.525663,0.410372,0.581118,0.481002,0.61972,0.552287,0.6507,0.629966,0.525667,0.506435,0.550529,0.641113,0.564225,0.729792,0.571178,0.779555,0.466287,0.522694,0.467774,0.63255,0.466816,0.728028,0.462566,0.785322,0.415429,0.522381,0.396511,0.616647,0.38218,0.711782,0.369816,0.780536,0.371728,0.51108,0.329045,0.590342,0.300691,0.655755,0.276604,0.703699
video1.mp4,dea74cf05eaf5a5367213199806eb1e8c8bb1ac76da5c3fce588ce4202c0820c,1280,720,12.02,494,41.083,38,3166,Right,0.464263,0.359714,0.530104,0.412074,0.586686,0.484973,0.620208,0.565673,0.650149,0.651598,0.525951,0.50337,0.548915,0.633393,0.565565,0.72585,0.577041,0.798359,0.468444,0.516217,0.470785,0.636425,0.472706,0.741201,0.471281,0.819299,0.418784,0.517953,0.400838,0.621388,0.388688,0.714752,0.378807,0.788748,0.376859,0.511387,0.336081,0.597404,0.306992,0.65803,0.28337,0.710988
video1.mp4,dea74cf05eaf5a5367213199806eb1e8c8bb1ac76da5c3fce588ce4202c0820c,1280,720,12.02,494,41.083,39,3250,Right,0.467628,0.374298,0.531867,0.410685,0.587097,0.488592,0.620751,0.566983,0.648979,0.651545,0.528981,0.489586,0.547001,0.572642,0.554789,0.637546,0.557391,0.700899,0.469104,0.505765,0.467242,0.61404,0.466297,0.710587,0.461396,0.789682,0.417503,0.515177,0.396179,0.616688,0.385817,0.70726,0.378694,0.783314,0.377261,0.511144,0.335971,0.591782,0.307936,0.653159,0.284618,0.709629
video1.mp4,dea74cf05eaf5a5367213199806eb1e8c8bb1ac76da5c3fce588ce4202c0820c,1280,720,12.02,494,41.083,40,3333,Right,0.468078,0.371869,0.534543,0.409624,0.589417,0.491419,0.62133,0.572619,0.650513,0.655472,0.531073,0.488174,0.545513,0.572503,0.55345,0.634066,0.55664,0.694923,0.471656,0.503838,0.469886,0.616489,0.47061,0.714049,0.467165,0.796828,0.419942,0.511098,0.397329,0.609215,0.387584,0.696994,0.381046,0.773447,0.379011,0.505985,0.337822,0.588292,0.308759,0.647921,0.284807,0.70344
video1.mp4,dea74cf05eaf5a5367213199806eb1e8c8bb1ac76da5c3fce588ce4202c0820c,1280,720,12.02,494,41.083,41,3416,Right,0.468298,0.372397,0.534644,0.418203,0.588912,0.492854,0.620378,0.56383,0.647529,0.644894,0.532951,0.506928,0.544135,0.566852,0.551016,0.608546,0.553428,0.648587,0.474782,0.520931,0.472084,0.634703,0.46923,0.729516,0.460813,0.80236,0.423063,0.525805,0.401432,0.626248,0.391298,0.712321,0.38341,0.781713,0.379701,0.512509,0.338517,0.595401,0.308025,0.65744,0.282283,0.715139
video1.mp4,dea74cf05eaf5a5367213199806eb1e8c8bb1ac76da5c3fce588ce4202c0820c,1280,720,12.02,494,41.083,42,3500,Left,0.468744,0.388611,0.525736,0.426637,0.58072,0.502637,0.623669,0.552691,0.668822,0.603752,0.52767,0.526844,0.549344,0.560959,0.569389,0.574915,0.588442,0.574495,0.471451,0.539554,0.47122,0.643482,0.469061,0.738924,0.463345,0.815975,0.420874,0.543027,0.402506,0.637426,0.392487,0.716949,0.385241,0.783083,0.377771,0.524291,0.339814,0.601789,0.307372,0.659988,0.281995,0.716981
video1.mp4,dea74cf05eaf5a5367213199806eb1e8c8bb1ac76da5c3fce588ce4202c0820c,1280,720,12.02,494,41.083,43,3583,Left,0.458696,0.385692,0.519892,0.424575,0.575152,0.483452,0.622374,0.523816,0.672265,0.557755,0.535524,0.554704,0.580924,0.683443,0.610521,0.782806,0.634588,0.861986,0.47214,0.567995,0.476826,0.707828,0.467193,0.789216,0.456849,0.845573,0.416911,0.559729,0.400733,0.661371,0.386373,0.736122,0.37708,0.784083,0.37037,0.531536,0.330955,0.609664,0.301923,0.668305,0.27711,0.712924
video1.mp4,dea74cf05eaf5a5367213199806eb1e8c8bb1ac76da5c3fce588ce4202c0820c,1280,720,12.02,494,41.083,44,3666,Right,0.459116,0.367186,0.524705,0.415723,0.579601,0.480927,0.620551,0.536988,0.662108,0.588446,0.531987,0.531976,0.562602,0.655887,0.579577,0.736462,0.588271,0.801177,0.472689,0.539007,0.471103,0.658649,0.471056,0.754358,0.467988,0.830184,0.419918,0.534485,0.396372,0.634532,0.385318,0.719417,0.377093,0.79521,0.375428,0.523263,0.334927,0.602495,0.308662,0.662442,0.286754,0.724519
video1.mp4,dea74cf05eaf5a5367213199806eb1e8c8bb1ac76da5c3fce588ce4202c0820c,1280,720,12.02,494,41.083,45,3750,Right,0.459327,0.361407,0.525473,0.413112,0.581789,0.495589,0.619937,0.575566,0.649507,0.658523,0.5305,0.512157,0.563125,0.623318,0.579203,0.708485,0.58922,0.790466,0.469632,0.523675,0.471895,0.63627,0.470988,0.738116,0.467636,0.824119,0.416036,0.526426,0.395675,0.621957,0.383976,0.710193,0.377024,0.787841,0.371598,0.520746,0.328144,0.597388,0.302188,0.656484,0.281794,0.71546
video1.mp4,dea74cf05eaf5a5367213199806eb1e8c8bb1ac76da5c3fce588ce4202c0820c,1280,720,12.02,494,41.083,46,3833,Left,0.461739,0.361125,0.520915,0.405697,0.575757,0.48416,0.613384,0.560663,0.643779,0.643813,0.531214,0.524086,0.567896,0.625027,0.593859,0.711107,0.615306,0.782165,0.46977,0.539549,0.474382,0.677943,0.468607,0.768518,0.46194,0.831094,0.416731,0.539393,0.397865,0.648031,0.382139,0.725395,0.374091,0.786349,0.372456,0.523859,0.331285,0.605754,0.303854,0.666094,0.283349,0.720613
video1.mp4,dea74cf05eaf5a5367213199806eb1e8c8bb1ac76da5c3fce588ce4202c0820c,1280,720,12.02,494,41.083,47,3916,Left,0.457392,0.376219,0.515172,0.423148,0.562482,0.49558,0.603799,0.554273,0.642914,0.61125,0.520786,0.538243,0.544359,0.651238,0.56007,0.725724,0.570437,0.778247,0.467974,0.540071,0.467805,0.632349,0.463685,0.701176,0.461066,0.760061,0.41775,0.535197,0.396564,0.623187,0.378938,0.696912,0.367615,0.766123,0.370936,0.522078,0.328266,0.598215,0.302349,0.649123,0.282468,0.699511
video1.mp4,dea74cf05eaf5a5367213199806eb1e8c8bb1ac76da5c3fce588ce4202c0820c,1280,720,12.02,494,41.083,48,4000,Right,0.459571,0.370963,0.507961,0.448174,0.547052,0.539682,0.582348,0.615218,0.615776,0.678863,0.517308,0.509043,0.540134,0.637199,0.55736,0.726922,0.571362,0.789333,0.484615,0.49661,0.494854,0.600438,0.498248,0.681756,0.502911,0.727181,0.44993,0.489291,0.468566,0.595411,0.486092,0.69271,0.503192,0.765931,0.415052,0.48176,0.394542,0.559868,0.385913,0.618217,0.380405,0.663093
video1.mp4,dea74cf05eaf5a5367213199806eb1e8c8bb1ac76da5c3fce588ce4202c0820c,1280,720,12.02,494,41.083,49,4083,Left,0.466001,0.380535,0.417335,0.441426,0.396429,0.507563,0.379082,0.558532,0.351334,0.587852,0.431752,0.483321,0.412955,0.528332,0.402429,0.571827,0.38886,0.604533,0.484985,0.477812,0.519498,0.585921,0.536403,0.681514,0.545401,0.760527,0.530004,0.475439,0.57208,0.591715,0.590273,0.692067,0.600732,0.765795,0.559272,0.475054,0.601088,0.561127,0.627496,0.630366,0.649222,0.684491
video1.mp4,dea74cf05eaf5a5367213199806eb1e8c8bb1ac76da5c3fce588ce4202c0820c,1280,720,12.02,494,41.083,50,4166,Right,0.464671,0.358224,0.51835,0.427594,0.565437,0.506936,0.597854,0.585006,0.630471,0.639453,0.547833,0.494154,0.572969,0.610492,0.58761,0.697759,0.594161,0.767551,0.508143,0.483541,0.540402,0.59522,0.555051,0.6989,0.556062,0.770279,0.458996,0.474429,0.463852,0.577398,0.461607,0.647947,0.457243,0.689849,0.408006,0.468512,0.382057,0.556996,0.364007,0.618745,0.3488,0.668247
video1.mp4,dea74cf05eaf5a5367213199806eb1e8c8bb1ac76da5c3fce588ce4202c0820c,1280,720,12.02,494,41.083,51,4250,Right,0.472941,0.384881,0.520557,0.432635,0.570308,0.512488,0.604672,0.569646,0.633384,0.620583,0.533411,0.501473,0.534424,0.591938,0.532443,0.64935,0.530748,0.708875,0.487484,0.483547,0.479655,0.57351,0.471408,0.644975,0.463377,0.708465,0.442873,0.470557,0.432742,0.575335,0.428349,0.656483,0.425546,0.726165,0.401409,0.464218,0.358329,0.553693,0.332202,0.606269,0.312574,0.64778
video1.mp4,dea74cf05eaf5a5367213199806eb1e8c8bb1ac76da5c3fce588ce4202c0820c,1280,720,12.02,494,41.083,52,4333,Right,0.459805,0.390667,0.521339,0.45436,0.562959,0.559363,0.58594,0.644792,0.605098,0.696254,0.531564,0.516272,0.553439,0.584811,0.563241,0.637198,0.570866,0.693309,0.47486,0.501028,0.473203,0.615975,0.463493,0.714927,0.454133,0.792201,0.422725,0.491858,0.396934,0.601788,0.377395,0.693247,0.36578,0.76935,0.380188,0.481107,0.34082,0.559819,0.317772,0.610211,0.299235,0.653583
video1.mp4,dea74cf05eaf5a5367213199806eb1e8c8bb1ac76da5c3fce588ce4202c0820c,1280,720,12.02,494,41.083,53,4416,Right,0.462175,0.380285,0.517744,0.438637,0.564145,0.526259,0.597276,0.605837,0.640324,0.640483,0.528136,0.522824,0.553024,0.635187,0.563328,0.730008,0.569413,0.810075,0.470465,0.508222,0.465391,0.615192,0.453465,0.715571,0.440306,0.788643,0.419487,0.49107,0.39545,0.585442,0.378541,0.681626,0.361807,0.752375,0.376642,0.480004,0.328728,0.569129,0.295646,0.628786,0.264533,0.67523
video1.mp4,dea74cf05eaf5a5367213199806eb1e8c8bb1ac76da5c3fce588ce4202c0820c,1280,720,12.02,494,41.083,54,4500,Right,0.45843,0.382297,0.523552,0.423815,0.576783,0.49466,0.61109,0.571541,0.644811,0.654214,0.523181,0.526859,0.550225,0.655343,0.561925,0.746041,0.566379,0.816601,0.460952,0.538098,0.459133,0.654711,0.455708,0.752597,0.449204,0.828879,0.409092,0.535872,0.384681,0.629129,0.371264,0.72057,0.360281,0.792357,0.367162,0.525333,0.316139,0.60415,0.281185,0.664354,0.249994,0.715865
video1.mp4,dea74cf05eaf5a5367213199806eb1e8c8bb1ac76da5c3fce588ce4202c0820c,1280,720,12.02,494,41.083,55,4583,Right,0.459155,0.366568,0.520611,0.421677,0.572813,0.493863,0.609357,0.565173,0.642252,0.63989,0.526844,0.523772,0.556172,0.667196,0.571008,0.753972,0.576361,0.80364,0.468183,0.525955,0.468818,0.628227,0.46887,0.708918,0.464079,0.763885,0.416784,0.51684,0.384378,0.596113,0.365325,0.662738,0.34896,0.71377,0.371131,0.501348,0.31778,0.570202,0.280832,0.625026,0.246645,0.670155
video1.mp4,dea74cf05eaf5a5367213199806eb1e8c8bb1ac76da5c3fce588ce4202c0820c,1280,720,12.02,494,41.083,56,4666,Right,0.46009,0.372913,0.523094,0.416006,0.577635,0.485834,0.610664,0.560713,0.642926,0.644526,0.527668,0.527719,0.551738,0.652285,0.568914,0.735739,0.579025,0.804232,0.466881,0.539724,0.465541,0.65379,0.466396,0.746273,0.464448,0.824977,0.414436,0.536822,0.391489,0.631419,0.375582,0.709941,0.363824,0.781445,0.369975,0.523381,0.324656,0.600957,0.290344,0.65398,0.262761,0.707672
video1.mp4,dea74cf05eaf5a5367213199806eb1e8c8bb1ac76da5c3fce588ce4202c0820c,1280,720,12.02,494,41.083,57,4750,Right,0.461372,0.381626,0.525897,0.415161,0.57945,0.494136,0.611842,0.570914,0.645912,0.654262,0.521972,0.513017,0.54091,0.599902,0.551041,0.660848,0.556843,0.726864,0.460375,0.525709,0.460074,0.633948,0.458048,0.725795,0.452665,0.811174,0.407757,0.531894,0.38333,0.628963,0.368261,0.711,0.358243,0.786391,0.365538,0.525792,0.318846,0.60242,0.286203,0.657288,0.258869,0.713345
video1.mp4,dea74cf05eaf5a5367213199806eb1e8c8bb1ac76da5c3fce588ce4202c0820c,1280,720,12.02,494,41.083,58,4833,Right,0.463462,0.364095,0.531165,0.418142,0.585152,0.497771,0.615203,0.575141,0.64574,0.648773,0.524991,0.51793,0.542421,0.636163,0.556498,0.722437,0.566646,0.804042,0.46543,0.522321,0.460601,0.641634,0.45751,0.732013,0.451818,0.814366,0.415301,0.520534,0.388936,0.618724,0.372456,0.703454,0.35804,0.777107,0.371886,0.513945,0.324382,0.597916,0.290021,0.652363,0.259555,0.706515
video1.mp4,dea74cf05eaf5a5367213199806eb1e8c8bb1ac76da5c3fce588ce4202c0820c,1280,720,12.02,494,41.083,59,4916,Left,0.465235,0.362635,0.526083,0.422301,0.577524,0.497207,0.617347,0.564999,0.659365,0.623351,0.527902,0.533146,0.552697,0.659111,0.563762,0.746759,0.568583,0.811104,0.47003,0.538893,0.472036,0.641009,0.46896,0.728056,0.461916,0.794445,0.419338,0.526964,0.392665,0.605967,0.372791,0.687775,0.355401,0.754661,0.373922,0.503474,0.32169,0.576017,0.284397,0.632386,0.2514,0.681025
video1.mp4,dea74cf05eaf5a5367213199806eb1e8c8bb1ac76da5c3fce588ce4202c0820c,1280,720,12.02,494,41.083,60,5000,Right,0.459786,0.368421,0.523404,0.415881,0.575557,0.488896,0.612497,0.553832,0.654526,0.601882,0.525692,0.535417,0.547972,0.655558,0.565448,0.735653,0.578393,0.800835,0.466769,0.543834,0.462807,0.64517,0.46322,0.731616,0.46163,0.807738,0.414462,0.537414,0.385727,0.626594,0.370833,0.708311,0.359699,0.785108,0.368269,0.52134,0.321393,0.600453,0.287644,0.657584,0.25693,0.714318
video1.mp4,dea74cf05eaf5a5367213199806eb1e8c8bb1ac76da5c3fce588ce4202c0820c,1280,720,12.02,494,41.083,61,5083,Right,0.459878,0.377175,0.523731,0.41712,0.574334,0.481625,0.613839,0.541873,0.658583,0.592169,0.523583,0.541063,0.550221,0.666418,0.564386,0.752304,0.571396,0.813208,0.463576,0.552164,0.461185,0.668935,0.462572,0.76228,0.461566,0.836881,0.41205,0.545596,0.385747,0.642429,0.37117,0.729993,0.359945,0.802905,0.368978,0.527289,0.319027,0.605875,0.284338,0.65996,0.25497,0.710861
video1.mp4,dea74cf05eaf5a5367213199806eb1e8c8bb1ac76da5c3fce588ce4202c0820c,1280,720,12.02,494,41.083,62,5166,Right,0.46264,0.375743,0.526775,0.417606,0.578428,0.48083,0.613287,0.542218,0.649168,0.61167,0.525799,0.549285,0.54892,0.683581,0.563721,0.767315,0.572803,0.818462,0.465319,0.555533,0.460554,0.676115,0.459641,0.767718,0.457853,0.838216,0.41357,0.545484,0.387017,0.642361,0.373535,0.725694,0.364272,0.794058,0.370524,0.524216,0.319592,0.604096,0.284371,0.657391,0.25588,0.707219
video1.mp4,dea74cf05eaf5a5367213199806eb1e8c8bb1ac76da5c3fce588ce4202c0820c,1280,720,12.02,494,41.083,63,5250,Right,0.460528,0.375259,0.527081,0.420921,0.580374,0.486384,0.610955,0.555768,0.64017,0.639114,0.524,0.544892,0.548419,0.681411,0.563293,0.766398,0.571797,0.819425,0.463002,0.551386,0.45898,0.675973,0.457724,0.769341,0.455116,0.838035,0.410912,0.542732,0.385008,0.642139,0.371752,0.725907,0.362885,0.794998,0.367698,0.524431,0.318371,0.603974,0.283694,0.657657,0.255502,0.707004
video1.mp4,dea74cf05eaf5a5367213199806eb1e8c8bb1ac76da5c3fce588ce4202c0820c,1280,720,12.02,494,41.083,64,5333,Right,0.462268,0.379901,0.528181,0.423438,0.58135,0.488924,0.612142,0.562391,0.643094,0.648034,0.523892,0.539641,0.545762,0.670058,0.561495,0.757885,0.570825,0.820021,0.462966,0.547093,0.459015,0.664876,0.45804,0.759707,0.455314,0.833485,0.411093,0.541314,0.386452,0.6363,0.372747,0.71904,0.36301,0.789233,0.367196,0.526937,0.317837,0.604341,0.283213,0.658611,0.255492,0.710132
video1.mp4,dea74cf05eaf5a5367213199806eb1e8c8bb1ac76da5c3fce588ce4202c0820c,1280,720,12.02,494,41.083,65,5416,Right,0.460721,0.377655,0.526044,0.41702,0.581879,0.481911,0.62066,0.546748,0.658921,0.616038,0.523709,0.545606,0.547517,0.682686,0.561863,0.766779,0.570503,0.816664,0.463452,0.55181,0.459344,0.671665,0.456998,0.762778,0.453461,0.83118,0.412643,0.541924,0.386384,0.637,0.370541,0.721078,0.359096,0.789953,0.370014,0.521027,0.32092,0.602496,0.286191,0.657882,0.257325,0.70782
video1.mp4,dea74cf05eaf5a5367213199806eb1e8c8bb1ac76da5c3fce588ce4202c0820c,1280,720,12.02,494,41.083,66,5500,Left,0.457841,0.382699,0.524186,0.419646,0.582965,0.479674,0.623936,0.53739,0.664502,0.600002,0.523281,0.53404,0.549017,0.665781,0.563648,0.754185,0.572635,0.816396,0.462726,0.543137,0.460908,0.658468,0.45894,0.753423,0.455171,0.829475,0.409498,0.538236,0.384741,0.630841,0.371913,0.717649,0.362514,0.79407,0.36484,0.524002,0.317465,0.603429,0.284136,0.658158,0.255987,0.70991
video1.mp4,dea74cf05eaf5a5367213199806eb1e8c8bb1ac76da5c3fce588ce4202c0820c,1280,720,12.02,494,41.083,67,5583,Right,0.459407,0.376292,0.526549,0.425805,0.584808,0.501607,0.625242,0.572694,0.662332,0.647644,0.522306,0.522625,0.547622,0.656258,0.563401,0.744954,0.574056,0.812501,0.459874,0.531953,0.457204,0.640787,0.456805,0.731707,0.454556,0.810784,0.406516,0.532008,0.382129,0.62011,0.372377,0.707261,0.365192,0.787774,0.364452,0.525484,0.316687,0.601079,0.283813,0.654782,0.256283,0.710382
video1.mp4,dea74cf05eaf5a5367213199806eb1e8c8bb1ac76da5c3fce588ce4202c0820c,1280,720,12.02,494,41.083,68,5666,Left,0.460388,0.383988,0.525951,0.422555,0.583498,0.496315,0.627689,0.558438,0.668623,0.62642,0.522031,0.537375,0.545021,0.671342,0.561772,0.760289,0.575133,0.816818,0.460652,0.543013,0.455276,0.649721,0.453244,0.736098,0.452473,0.806494,0.408451,0.536266,0.384185,0.630152,0.37115,0.717998,0.363125,0.792958,0.366198,0.518222,0.318195,0.598381,0.284521,0.654083,0.257664,0.705112
video1.mp4,dea74cf05eaf5a5367213199806eb1e8c8bb1ac76da5c3fce588ce4202c0820c,1280,720,12.02,494,41.083,69,5750,Right,0.458755,0.372917,0.527345,0.423159,0.59076,0.49865,0.638751,0.56,0.677128,0.627339,0.522843,0.531138,0.550511,0.655014,0.568652,0.741584,0.582753,0.810939,0.461744,0.535318,0.458755,0.645647,0.45585,0.736099,0.453072,0.813641,0.409325,0.529175,0.385645,0.622254,0.372958,0.70862,0.364882,0.787118,0.36906,0.514893,0.322891,0.595412,0.290705,0.650994,0.262712,0.704765
video1.mp4,dea74cf05eaf5a5367213199806eb1e8c8bb1ac76da5c3fce588ce4202c0820c,1280,720,12.02,494,41.083,70,5833,Right,0.466753,0.368245,0.532228,0.418659,0.589765,0.496973,0.625134,0.571891,0.658455,0.653557,0.530588,0.519268,0.552658,0.657599,0.569821,0.748195,0.579559,0.816604,0.468859,0.525207,0.463948,0.647282,0.463962,0.755427,0.460471,0.844181,0.414878,0.521268,0.387476,0.62893,0.371505,0.728221,0.358215,0.814943,0.370355,0.509202,0.317366,0.590786,0.278275,0.650863,0.245484,0.709787
video1.mp4,dea74cf05eaf5a5367213199806eb1e8c8bb1ac76da5c3fce588ce4202c0820c,1280,720,12.02,494,41.083,71,5916,Left,0.460237,0.378607,0.522686,0.459557,0.571352,0.578763,0.60355,0.675229,0.635849,0.769916,0.524011,0.543757,0.544218,0.661947,0.560391,0.744453,0.569949,0.820935,0.46702,0.527121,0.46001,0.640906,0.45667,0.745883,0.45018,0.840496,0.416159,0.512056,0.385579,0.596508,0.36801,0.674749,0.351635,0.745864,0.377055,0.489623,0.333066,0.558415,0.304229,0.617045,0.27797,0.674173
video1.mp4,dea74cf05eaf5a5367213199806eb1e8c8bb1ac76da5c3fce588ce4202c0820c,1280,720,12.02,494,41.083,72,6000,Right,0.459582,0.388299,0.514793,0.483393,0.552453,0.623593,0.573053,0.739628,0.596386,0.830777,0.508265,0.53317,0.532094,0.621411,0.542997,0.688786,0.549531,0.762022,0.459015,0.516151,0.456257,0.623677,0.451865,0.725137,0.446322,0.818339,0.415029,0.510933,0.398539,0.60969,0.386764,0.710055,0.375754,0.801106,0.382603,0.505,0.34729,0.581528,0.324809,0.641145,0.300659,0.699411
video1.mp4,dea74cf05eaf5a5367213199806eb1e8c8bb1ac76da5c3fce588ce4202c0820c,1280,720,12.02,494,41.083,73,6083,Right,0.464582,0.405002,0.475063,0.504958,0.482143,0.631777,0.499405,0.734589,0.52192,0.80274,0.469175,0.550794,0.480228,0.651119,0.489451,0.726067,0.495773,0.797991,0.461446,0.519151,0.467333,0.625465,0.465805,0.72595,0.462166,0.816697,0.454159,0.492612,0.458419,0.600897,0.452217,0.716986,0.444312,0.821974,0.451188,0.470986,0.447554,0.554704,0.444765,0.625443,0.438628,0.690159
video1.mp4,dea74cf05eaf5a5367213199806eb1e8c8bb1ac76da5c3fce588ce4202c0820c,1280,720,12.02,494,41.083,74,6166,Right,0.466866,0.415434,0.48741,0.514649,0.492345,0.62194,0.488604,0.704961,0.481606,0.738093,0.470005,0.560362,0.446493,0.645295,0.438368,0.713037,0.428281,0.778467,0.459914,0.514665,0.4745,0.601245,0.486178,0.687458,0.492913,0.758101,0.44403,0.479151,0.434918,0.57138,0.427409,0.671318,0.422424,0.758328,0.425238,0.451882,0.388795,0.513747,0.360421,0.57377,0.337311,0.630972
video1.mp4,dea74cf05eaf5a5367213199806eb1e8c8bb1ac76da5c3fce588ce4202c0820c,1280,720,12.02,494,41.083,75,6250,Right,0.454499,0.407985,0.45762,0.489711,0.453675,0.58895,0.451157,0.668057,0.446681,0.711769,0.447499,0.551354,0.446882,0.673111,0.449908,0.75321,0.452025,0.819577,0.446056,0.522596,0.448281,0.640328,0.447919,0.734571,0.446449,0.81284,0.442121,0.492193,0.427375,0.603943,0.414913,0.71026,0.404216,0.796588,0.436633,0.466569,0.403391,0.543362,0.377379,0.614447,0.354957,0.678516
video1.mp4,dea74cf05eaf5a5367213199806eb1e8c8bb1ac76da5c3fce588ce4202c0820c,1280,720,12.02,494,41.083,76,6333,Right,0.462613,0.394878,0.472725,0.520873,0.470912,0.653648,0.476484,0.761168,0.483637,0.830703,0.46691,0.566021,0.506928,0.67473,0.524702,0.765495,0.538811,0.828567,0.460637,0.526268,0.474934,0.642278,0.473156,0.754312,0.472935,0.839663,0.453867,0.493752,0.462461,0.599737,0.453546,0.720467,0.447985,0.819971,0.45414,0.471264,0.454886,0.558204,0.449399,0.63808,0.442992,0.707182
video1.mp4,dea74cf05eaf5a5367213199806eb1e8c8bb1ac76da5c3fce588ce4202c0820c,1280,720,12.02,494,41.083,77,6416,Right,0.462084,0.414329,0.478891,0.51849,0.474923,0.635716,0.457688,0.737244,0.441989,0.795601,0.48934,0.558268,0.513844,0.657787,0.528893,0.741481,0.540042,0.800778,0.471631,0.515861,0.475761,0.596302,0.473075,0.687803,0.469268,0.753964,0.451084,0.484364,0.452789,0.564993,0.44712,0.668206,0.44266,0.753842,0.437447,0.46136,0.440058,0.528854,0.441433,0.590685,0.438272,0.645511
video1.mp4,dea74cf05eaf5a5367213199806eb1e8c8bb1ac76da5c3fce588ce4202c0820c,1280,720,12.02,494,41.083,78,6500,Right,0.461198,0.402494,0.509027,0.444294,0.553717,0.506131,0.591528,0.552544,0.634984,0.571329,0.523774,0.532121,0.543773,0.631788,0.557241,0.70555,0.566961,0.771411,0.476566,0.523634,0.478924,0.633978,0.47795,0.720056,0.473183,0.794695,0.431092,0.506618,0.406843,0.598745,0.389654,0.682636,0.37176,0.754977,0.392319,0.488172,0.351497,0.558972,0.323111,0.603343,0.295402,0.641846
video1.mp4,dea74cf05eaf5a5367213199806eb1e8c8bb1ac76da5c3fce588ce4202c0820c,1280,720,12.02,494,41.083,79,6583,Right,0.462937,0.414399,0.488499,0.501251,0.489098,0.628744,0.477629,0.731872,0.461236,0.772846,0.503756,0.568491,0.509132,0.69391,0.512332,0.787178,0.513943,0.859693,0.46391,0.526917,0.464236,0.652348,0.455913,0.748761,0.445156,0.829953,0.4255,0.508342,0.402252,0.6052,0.386746,0.70817,0.381416,0.799692,0.389721,0.511801,0.354991,0.598038,0.329172,0.671388,0.31068,0.741972
video1.mp4,dea74cf05eaf5a5367213199806eb1e8c8bb1ac76da5c3fce588ce4202c0820c,1280,720,12.02,494,41.083,80,6666,Right,0.465597,0.401157,0.505462,0.488151,0.511202,0.611122,0.491099,0.712044,0.473385,0.77549,0.511777,0.553098,0.533254,0.651852,0.544807,0.734407,0.551983,0.804002,0.474798,0.52206,0.468271,0.627801,0.460719,0.717764,0.452588,0.788468,0.431858,0.497749,0.399178,0.592522,0.379889,0.683266,0.36673,0.75671,0.391319,0.484118,0.340491,0.569574,0.307984,0.623705,0.280972,0.671164
video1.mp4,dea74cf05eaf5a5367213199806eb1e8c8bb1ac76da5c3fce588ce4202c0820c,1280,720,12.02,494,41.083,81,6750,Right,0.46766,0.394176,0.461792,0.500613,0.458755,0.614059,0.463662,0.699445,0.467024,0.741578,0.441113,0.552884,0.429391,0.638609,0.423691,0.700087,0.41614,0.75518,0.449278,0.50176,0.453904,0.575778,0.45489,0.650252,0.453047,0.705766,0.458533,0.459257,0.454247,0.54501,0.449335,0.630476,0.44543,0.703496,0.465729,0.426039,0.439102,0.493998,0.421325,0.557955,0.40885,0.611865
video1.mp4,dea74cf05eaf5a5367213199806eb1e8c8bb1ac76da5c3fce588ce4202c0820c,1280,720,12.02,494,41.083,82,6833,Left,0.456016,0.423257,0.476601,0.522936,0.480434,0.626719,0.474252,0.706817,0.456426,0.737122,0.469267,0.543704,0.493761,0.582102,0.512932,0.620623,0.529538,0.668002,0.444154,0.515292,0.446718,0.600565,0.441598,0.684148,0.439963,0.753771,0.421305,0.501406,0.418353,0.582341,0.41196,0.679143,0.410798,0.765186,0.405929,0.499578,0.373783,0.562328,0.347788,0.617174,0.328042,0.670945
video1.mp4,dea74cf05eaf5a5367213199806eb1e8c8bb1ac76da5c3fce588ce4202c0820c,1280,720,12.02,494,41.083,83,6916,Right,0.451044,0.405601,0.445107,0.478255,0.441434,0.574204,0.443249,0.650546,0.445276,0.695794,0.428295,0.549924,0.416444,0.661678,0.408128,0.722607,0.401463,0.774155,0.423872,0.531316,0.416345,0.63515,0.410981,0.704204,0.404296,0.764142,0.421036,0.511637,0.400263,0.609933,0.38864,0.689713,0.379318,0.755523,0.416324,0.496489,0.395761,0.572027,0.387207,0.631294,0.381014,0.683093
video1.mp4,dea74cf05eaf5a5367213199806eb1e8c8bb1ac76da5c3fce588ce4202c0820c,1280,720,12.02,494,41.083,84,7000,Left,0.455259,0.392819,0.410172,0.469134,0.384686,0.567025,0.364772,0.650008,0.344182,0.707708,0.380198,0.521386,0.340678,0.581551,0.310732,0.621899,0.277983,0.656077,0.419931,0.493755,0.425627,0.593148,0.431956,0.669027,0.432099,0.735538,0.463489,0.46516,0.491086,0.557346,0.50517,0.640036,0.513473,0.712915,0.505892,0.439952,0.543143,0.482302,0.562834,0.527881,0.575329,0.578994
video1.mp4,dea74cf05eaf5a5367213199806eb1e8c8bb1ac76da5c3fce588ce4202c0820c,1280,720,12.02,494,41.083,85,7083,Left,0.466513,0.39157,0.409658,0.461961,0.38397,0.577,0.372304,0.682233,0.366333,0.759419,0.383478,0.527813,0.334246,0.60369,0.300753,0.653181,0.267145,0.698972,0.427416,0.507733,0.41918,0.638099,0.415827,0.723894,0.407081,0.794831,0.477689,0.490354,0.493282,0.608231,0.499496,0.702884,0.501692,0.781823,0.528853,0.479166,0.561509,0.564003,0.580491,0.625686,0.593179,0.683476
video1.mp4,dea74cf05eaf5a5367213199806eb1e8c8bb1ac76da5c3fce588ce4202c0820c,1280,720,12.02,494,41.083,86,7166,Right,0.464287,0.372757,0.528188,0.420572,0.574911,0.492379,0.600576,0.570644,0.631222,0.647524,0.512639,0.529807,0.531243,0.656857,0.547807,0.744281,0.560649,0.816418,0.456669,0.538766,0.455563,0.669328,0.456539,0.76717,0.455562,0.844575,0.409287,0.534769,0.382214,0.644933,0.363261,0.733287,0.349453,0.803893,0.371316,0.519566,0.317664,0.603184,0.281119,0.65691,0.250885,0.70325
video1.mp4,dea74cf05eaf5a5367213199806eb1e8c8bb1ac76da5c3fce588ce4202c0820c,1280,720,12.02,494,41.083,87,7250,Left,0.46622,0.390745,0.444505,0.490518,0.428611,0.616085,0.423429,0.724116,0.426793,0.78916,0.433965,0.550361,0.43329,0.67146,0.438016,0.758996,0.440357,0.829632,0.459127,0.519732,0.469044,0.644632,0.471283,0.74728,0.47273,0.826629,0.485278,0.493814,0.493825,0.616263,0.49623,0.720732,0.502185,0.807635,0.512256,0.481275,0.509689,0.565454,0.502743,0.639569,0.497455,0.711568
video1.mp4,dea74cf05eaf5a5367213199806eb1e8c8bb1ac76da5c3fce588ce4202c0820c,1280,720,12.02,494,41.083,88,7333,Right,0.462193,0.405152,0.515675,0.469999,0.545114,0.549385,0.56247,0.616573,0.585496,0.640795,0.517632,0.555935,0.534443,0.667854,0.551498,0.749825,0.562857,0.820418,0.472445,0.533233,0.484328,0.630766,0.49074,0.708537,0.492799,0.763568,0.426449,0.508611,0.40402,0.590635,0.390287,0.66428,0.380044,0.727944,0.384885,0.486868,0.341278,0.555287,0.311716,0.598813,0.286017,0.633927
video1.mp4,dea74cf05eaf5a5367213199806eb1e8c8bb1ac76da5c3fce588ce4202c0820c,1280,720,12.02,494,41.083,89,7416,Right,0.458937,0.391361,0.52273,0.451968,0.572351,0.51452,0.601267,0.580572,0.638892,0.645234,0.519327,0.564228,0.53829,0.691602,0.554635,0.789527,0.566298,0.863508,0.462604,0.561288,0.458086,0.676757,0.459678,0.776441,0.459021,0.850826,0.413428,0.548649,0.386321,0.638059,0.371411,0.729175,0.356962,0.792797,0.373332,0.531563,0.324813,0.603661,0.29171,0.651648,0.26234,0.685776
video1.mp4,dea74cf05eaf5a5367213199806eb1e8c8bb1ac76da5c3fce588ce4202c0820c,1280,720,12.02,494,41.083,90,7500,Right,0.46276,0.37424,0.526678,0.420362,0.573411,0.485792,0.601644,0.561221,0.63231,0.642295,0.512202,0.551938,0.538152,0.690189,0.558333,0.778246,0.574345,0.839511,0.456592,0.563184,0.455863,0.69147,0.460689,0.78346,0.463536,0.847981,0.409297,0.554011,0.380132,0.661927,0.362381,0.745592,0.348488,0.809066,0.371865,0.532054,0.317639,0.61089,0.280634,0.663999,0.249287,0.708682
video1.mp4,dea74cf05eaf5a5367213199806eb1e8c8bb1ac76da5c3fce588ce4202c0820c,1280,720,12.02,494,41.083,91,7583,Right,0.462164,0.364972,0.524704,0.409661,0.572638,0.481162,0.599843,0.56047,0.627157,0.639934,0.511628,0.543521,0.53661,0.686665,0.555046,0.773043,0.567822,0.823943,0.456869,0.557627,0.464231,0.684282,0.468285,0.775059,0.469186,0.835045,0.409976,0.548223,0.385054,0.650546,0.364963,0.721592,0.349938,0.770399,0.369201,0.521571,0.31232,0.59663,0.272976,0.646049,0.240417,0.682522
video1.mp4,dea74cf05eaf5a5367213199806eb1e8c8bb1ac76da5c3fce588ce4202c0820c,1280,720,12.02,494,41.083,92,7666,Right,0.459425,0.38167,0.521129,0.42122,0.570643,0.493487,0.601612,0.568603,0.630913,0.644984,0.513362,0.527528,0.534727,0.663339,0.55339,0.755682,0.568082,0.829414,0.459171,0.538235,0.467985,0.666317,0.475092,0.756666,0.479741,0.827525,0.411806,0.533333,0.38726,0.631197,0.365045,0.686823,0.34738,0.730536,0.370966,0.514134,0.317578,0.58473,0.277749,0.62599,0.242059,0.658614
video1.mp4,dea74cf05eaf5a5367213199806eb1e8c8bb1ac76da5c3fce588ce4202c0820c,1280,720,12.02,494,41.083,93,7750,Right,0.46361,0.380355,0.523381,0.41972,0.572689,0.489298,0.602017,0.56201,0.63459,0.639824,0.518374,0.546305,0.536811,0.683208,0.554164,0.767716,0.566164,0.825414,0.462625,0.553952,0.465843,0.669581,0.468562,0.749106,0.465737,0.809087,0.414782,0.54319,0.387848,0.629244,0.365086,0.682361,0.34336,0.71737,0.373838,0.516829,0.320418,0.583419,0.279247,0.623448,0.242124,0.652436
video1.mp4,dea74cf05eaf5a5367213199806eb1e8c8bb1ac76da5c3fce588ce4202c0820c,1280,720,12.02,494,41.083,94,7833,Right,0.464129,0.372207,0.528572,0.416258,0.575368,0.486147,0.602032,0.561732,0.63215,0.640449,0.517505,0.551135,0.53792,0.685194,0.555597,0.769889,0.569591,0.835689,0.462134,0.559064,0.466491,0.685226,0.472558,0.778764,0.476893,0.857828,0.413194,0.54736,0.386355,0.653024,0.367968,0.73633,0.355471,0.808197,0.370996,0.520726,0.320949,0.605694,0.28503,0.662143,0.254652,0.713669
video1.mp4,dea74cf05eaf5a5367213199806eb1e8c8bb1ac76da5c3fce588ce4202c0820c,1280,720,12.02,494,41.083,95,7916,Right,0.464964,0.369544,0.527828,0.416024,0.574565,0.488179,0.603163,0.564808,0.633585,0.642875,0.515634,0.554459,0.544827,0.691501,0.566727,0.778014,0.584377,0.840764,0.462035,0.560955,0.464196,0.688762,0.467803,0.778993,0.469606,0.848236,0.414409,0.54887,0.38809,0.651902,0.369456,0.73545,0.355645,0.803568,0.372824,0.523494,0.322261,0.602579,0.287813,0.656854,0.258596,0.706233
video1.mp4,dea74cf05eaf5a5367213199806eb1e8c8bb1ac76da5c3fce588ce4202c0820c,1280,720,12.02,494,41.083,96,8000,Left,0.462219,0.380713,0.523649,0.412625,0.571422,0.486027,0.600441,0.558921,0.630497,0.634011,0.513483,0.549693,0.536399,0.651169,0.549413,0.71194,0.559353,0.750353,0.456885,0.565995,0.459689,0.684319,0.459786,0.765807,0.45766,0.820684,0.40721,0.558907,0.380045,0.650361,0.362356,0.728422,0.350647,0.790881,0.364538,0.532037,0.303305,0.600231,0.261141,0.64498,0.226212,0.680929
video1.mp4,dea74cf05eaf5a5367213199806eb1e8c8bb1ac76da5c3fce588ce4202c0820c,1280,720,12.02,494,41.083,97,8083,Left,0.460641,0.358951,0.522167,0.406677,0.572061,0.486092,0.603848,0.563398,0.631246,0.644134,0.522252,0.528506,0.545754,0.664795,0.558667,0.754496,0.564433,0.813307,0.468792,0.536528,0.472892,0.673374,0.470778,0.775537,0.46781,0.843419,0.422594,0.532061,0.409081,0.64629,0.399336,0.738765,0.396322,0.803375,0.381458,0.513765,0.345871,0.587392,0.325043,0.638062,0.312426,0.671135
video1.mp4,dea74cf05eaf5a5367213199806eb1e8c8bb1ac76da5c3fce588ce4202c0820c,1280,720,12.02,494,41.083,98,8166,Right,0.462654,0.376882,0.521034,0.434096,0.5699,0.514533,0.603853,0.5812,0.631752,0.651472,0.526996,0.505398,0.541837,0.627064,0.549273,0.708592,0.55324,0.780989,0.480695,0.501841,0.486931,0.623733,0.487463,0.708558,0.48862,0.779851,0.436199,0.501743,0.442621,0.617876,0.451028,0.702716,0.460635,0.775931,0.394176,0.498245,0.368892,0.580571,0.356417,0.629647,0.346612,0.67856
video1.mp4,dea74cf05eaf5a5367213199806eb1e8c8bb1ac76da5c3fce588ce4202c0820c,1280,720,12.02,494,41.083,99,8250,Right,0.466821,0.376712,0.489708,0.451001,0.524393,0.534474,0.561767,0.603791,0.597147,0.672886,0.480026,0.5418,0.474772,0.658663,0.484252,0.743978,0.496216,0.829577,0.467795,0.519229,0.464159,0.642989,0.462705,0.746972,0.462274,0.841746,0.456756,0.503316,0.462033,0.616754,0.460656,0.7294,0.46005,0.833981,0.450682,0.487704,0.438822,0.569958,0.42889,0.64213,0.418076,0.718108
video1.mp4,dea74cf05eaf5a5367213199806eb1e8c8bb1ac76da5c3fce588ce4202c0820c,1280,720,12.02,494,41.083,100,8333,Right,0.473483,0.40172,0.515722,0.437898,0.559391,0.515764,0.594523,0.58719,0.62966,0.638173,0.527378,0.489727,0.54593,0.587955,0.555533,0.663764,0.56085,0.725709,0.4898,0.490136,0.505366,0.587232,0.515094,0.666418,0.517022,0.739179,0.450668,0.484581,0.449446,0.582299,0.445465,0.65923,0.439503,0.727463,0.414708,0.473274,0.387254,0.522248,0.368639,0.558538,0.352277,0.596093
video1.mp4,dea74cf05eaf5a5367213199806eb1e8c8bb1ac76da5c3fce588ce4202c0820c,1280,720,12.02,494,41.083,101,8416,Right,0.471723,0.391336,0.522891,0.439054,0.566875,0.514343,0.59772,0.583977,0.628168,0.642527,0.534236,0.514939,0.542055,0.641558,0.550615,0.729867,0.558552,0.808456,0.486945,0.507769,0.494961,0.629665,0.504851,0.72509,0.512008,0.812726,0.439522,0.492367,0.417788,0.604482,0.400796,0.690043,0.385057,0.764373,0.395569,0.472673,0.352509,0.549221,0.323175,0.594867,0.295873,0.633226
video1.mp4,dea74cf05eaf5a5367213199806eb1e8c8bb1ac76da5c3fce588ce4202c0820c,1280,720,12.02,494,41.083,102,8500,Right,0.466967,0.375653,0.525276,0.428654,0.572441,0.506659,0.601276,0.582562,0.634933,0.647335,0.523181,0.528521,0.540507,0.662042,0.550519,0.748823,0.560972,0.820661,0.469748,0.522525,0.469475,0.654745,0.467664,0.746976,0.465001,0.819897,0.424336,0.504891,0.395228,0.616101,0.37055,0.70707,0.348723,0.782212,0.384904,0.479854,0.335249,0.557804,0.297685,0.603997,0.264429,0.640149
video1.mp4,dea74cf05eaf5a5367213199806eb1e8c8bb1ac76da5c3fce588ce4202c0820c,1280,720,12.02,494,41.083,103,8583,Right,0.465578,0.374684,0.530234,0.424619,0.575684,0.498148,0.602678,0.578714,0.631803,0.655575,0.515048,0.549719,0.53334,0.69299,0.544607,0.774225,0.55104,0.810942,0.459391,0.55512,0.459143,0.685021,0.461692,0.780371,0.462646,0.838737,0.41118,0.542985,0.385198,0.650432,0.369158,0.742152,0.357738,0.807486,0.371967,0.520463,0.321143,0.608744,0.285169,0.668282,0.255171,0.712391
video1.mp4,dea74cf05eaf5a5367213199806eb1e8c8bb1ac76da5c3fce588ce4202c0820c,1280,720,12.02,494,41.083,104,8666,Right,0.465589,0.367089,0.531191,0.416873,0.578261,0.489609,0.604919,0.566252,0.63241,0.638861,0.515036,0.560234,0.53211,0.696338,0.543419,0.773772,0.55287,0.818892,0.461185,0.565485,0.463606,0.699097,0.465217,0.78702,0.465267,0.845187,0.413373,0.550596,0.38889,0.657675,0.370929,0.739077,0.35811,0.798005,0.371765,0.522237,0.32117,0.608937,0.285557,0.662426,0.255942,0.70382
video1.mp4,dea74cf05eaf5a5367213199806eb1e8c8bb1ac76da5c3fce588ce4202c0820c,1280,720,12.02,494,41.083,105,8750,Left,0.463177,0.366916,0.524867,0.415138,0.572271,0.487019,0.598909,0.561872,0.625809,0.636028,0.51632,0.558287,0.535729,0.694636,0.548442,0.773164,0.55534,0.814543,0.46167,0.5665,0.465858,0.678852,0.467036,0.761906,0.465565,0.816528,0.413885,0.551794,0.388435,0.640036,0.368222,0.704885,0.353066,0.752079,0.370964,0.520547,0.314349,0.588641,0.276713,0.634012,0.246094,0.669287
video1.mp4,dea74cf05eaf5a5367213199806eb1e8c8bb1ac76da5c3fce588ce4202c0820c,1280,720,12.02,494,41.083,106,8833,Left,0.465285,0.366048,0.525555,0.407694,0.573085,0.483153,0.602132,0.556032,0.630064,0.634769,0.521718,0.593831,0.542357,0.729706,0.556772,0.792872,0.567994,0.799556,0.465731,0.604394,0.467831,0.726155,0.467153,0.791045,0.468199,0.821866,0.414802,0.581919,0.387153,0.681947,0.365826,0.751686,0.353639,0.805502,0.370357,0.533019,0.314061,0.598832,0.276412,0.647193,0.24682,0.687471
video1.mp4,dea74cf05eaf5a5367213199806eb1e8c8bb1ac76da5c3fce588ce4202c0820c,1280,720,12.02,494,41.083,107,8916,Right,0.463796,0.369726,0.528453,0.413897,0.574731,0.486273,0.602162,0.562746,0.632517,0.642008,0.5141,0.554407,0.537555,0.702249,0.55145,0.782125,0.560416,0.811133,0.457366,0.565701,0.457587,0.700651,0.458964,0.789438,0.460321,0.842592,0.409427,0.555218,0.384628,0.663643,0.368782,0.741721,0.359318,0.798324,0.371355,0.528054,0.321585,0.611471,0.285834,0.664083,0.256705,0.703796
video1.mp4,dea74cf05eaf5a5367213199806eb1e8c8bb1ac76da5c3fce588ce4202c0820c,1280,720,12.02,494,41.083,108,9000,Right,0.463233,0.376683,0.530498,0.41982,0.578427,0.486559,0.604525,0.561469,0.631708,0.640919,0.512416,0.541919,0.530442,0.686892,0.54335,0.774993,0.553893,0.829022,0.457214,0.551358,0.458575,0.689149,0.461158,0.782716,0.462722,0.848547,0.409922,0.544703,0.385847,0.652298,0.368045,0.736767,0.355052,0.800035,0.371057,0.526196,0.322319,0.612115,0.286573,0.663676,0.256747,0.704675
video1.mp4,dea74cf05eaf5a5367213199806eb1e8c8bb1ac76da5c3fce588ce4202c0820c,1280,720,12.02,494,41.083,109,9083,Right,0.466404,0.382689,0.528226,0.422108,0.57642,0.489922,0.604281,0.561965,0.63319,0.63769,0.513319,0.531473,0.528786,0.661939,0.543794,0.751775,0.554247,0.821226,0.459311,0.540302,0.464975,0.662775,0.471539,0.755096,0.473851,0.828359,0.412752,0.533219,0.385357,0.620443,0.364986,0.675239,0.347582,0.717001,0.372658,0.512375,0.319413,0.580967,0.279186,0.619874,0.24374,0.651219
video1.mp4,dea74cf05eaf5a5367213199806eb1e8c8bb1ac76da5c3fce588ce4202c0820c,1280,720,12.02,494,41.083,110,9166,Left,0.466243,0.379803,0.527359,0.427795,0.575476,0.499942,0.606659,0.570159,0.636982,0.639806,0.51536,0.54119,0.530414,0.673718,0.544808,0.760152,0.554404,0.827803,0.461291,0.543212,0.465423,0.659302,0.469605,0.746393,0.469568,0.815699,0.414268,0.530429,0.386018,0.612997,0.363238,0.664895,0.342603,0.706593,0.374342,0.506047,0.323225,0.573152,0.284109,0.614494,0.246905,0.650075
video1.mp4,dea74cf05eaf5a5367213199806eb1e8c8bb1ac76da5c3fce588ce4202c0820c,1280,720,12.02,494,41.083,111,9250,Right,0.465781,0.373256,0.530955,0.420973,0.576393,0.493894,0.608135,0.565314,0.64916,0.617103,0.51327,0.519532,0.517283,0.636761,0.520469,0.715179,0.523,0.778645,0.457409,0.529029,0.455639,0.656208,0.455069,0.752419,0.454003,0.828508,0.409555,0.528998,0.383771,0.637348,0.365855,0.727813,0.352836,0.800135,0.371606,0.518208,0.32145,0.603037,0.287392,0.656151,0.258727,0.701236
video1.mp4,dea74cf05eaf5a5367213199806eb1e8c8bb1ac76da5c3fce588ce4202c0820c,1280,720,12.02,494,41.083,112,9333,Right,0.465412,0.382818,0.53108,0.421671,0.580842,0.487679,0.617757,0.54491,0.658446,0.592889,0.51217,0.520022,0.522743,0.627001,0.531841,0.703072,0.538298,0.774462,0.458162,0.531093,0.458686,0.65218,0.460722,0.746401,0.461461,0.82956,0.410697,0.529928,0.384383,0.627551,0.367588,0.713665,0.355962,0.790249,0.372616,0.515168,0.324461,0.595163,0.29265,0.646093,0.265203,0.693747
video1.mp4,dea74cf05eaf5a5367213199806eb1e8c8bb1ac76da5c3fce588ce4202c0820c,1280,720,12.02,494,41.083,113,9416,Left,0.46453,0.370877,0.530979,0.418958,0.582498,0.497927,0.622595,0.563278,0.66499,0.616422,0.514059,0.526142,0.530304,0.631232,0.543807,0.705913,0.553432,0.774788,0.458939,0.533187,0.4576,0.651981,0.456925,0.74654,0.454643,0.827953,0.409817,0.529982,0.381677,0.62864,0.36588,0.717627,0.355117,0.795438,0.371315,0.514466,0.321288,0.597304,0.289948,0.650501,0.262809,0.699127
video1.mp4,dea74cf05eaf5a5367213199806eb1e8c8bb1ac76da5c3fce588ce4202c0820c,1280,720,12.02,494,41.083,114,9500,Right,0.46508,0.368555,0.528878,0.416527,0.577109,0.494079,0.613445,0.559676,0.650632,0.620115,0.514804,0.524549,0.528848,0.627258,0.543154,0.701513,0.554813,0.766185,0.459478,0.528514,0.455794,0.653073,0.454787,0.748372,0.454279,0.831054,0.410418,0.524499,0.38124,0.629772,0.3648,0.719208,0.35505,0.798846,0.370723,0.508695,0.318713,0.593202,0.285917,0.648364,0.259762,0.701317
video1.mp4,dea74cf05eaf5a5367213199806eb1e8c8bb1ac76da5c3fce588ce4202c0820c,1280,720,12.02,494,41.083,115,9583,Right,0.468786,0.363478,0.527676,0.417826,0.57939,0.493095,0.613215,0.566201,0.645206,0.636405,0.520959,0.530723,0.540143,0.658842,0.553261,0.74976,0.560147,0.822001,0.464098,0.529845,0.462209,0.642977,0.459251,0.73975,0.452562,0.821671,0.415239,0.516635,0.383274,0.591731,0.363239,0.662222,0.347042,0.727023,0.374032,0.493025,0.319469,0.551796,0.280666,0.597284,0.24569,0.642556
video1.mp4,dea74cf05eaf5a5367213199806eb1e8c8bb1ac76da5c3fce588ce4202c0820c,1280,720,12.02,494,41.083,116,9666,Left,0.465752,0.368997,0.526542,0.426061,0.578236,0.518635,0.618779,0.588412,0.659555,0.647114,0.52517,0.522456,0.548085,0.630213,0.565227,0.697972,0.578253,0.769642,0.468649,0.508826,0.465765,0.602847,0.462257,0.675638,0.456362,0.747514,0.419759,0.493012,0.391514,0.567771,0.372971,0.633421,0.358034,0.703612,0.380188,0.469979,0.333807,0.52888,0.300956,0.570096,0.271186,0.613537
video1.mp4,dea74cf05eaf5a5367213199806eb1e8c8bb1ac76da5c3fce588ce4202c0820c,1280,720,12.02,494,41.083,117,9750,Right,0.465337,0.380623,0.528478,0.413662,0.581551,0.49516,0.61614,0.574523,0.652248,0.651676,0.519852,0.506114,0.533603,0.584996,0.542979,0.63776,0.546604,0.694829,0.458054,0.523523,0.452621,0.635838,0.450208,0.730494,0.441295,0.811886,0.406531,0.532954,0.373832,0.62601,0.359568,0.709651,0.348165,0.783334,0.367407,0.527659,0.315988,0.606701,0.278955,0.661219,0.245643,0.710807
video1.mp4,dea74cf05eaf5a5367213199806eb1e8c8bb1ac76da5c3fce588ce4202c0820c,1280,720,12.02,494,41.083,118,9833,Left,0.466953,0.380258,0.53285,0.417895,0.585017,0.499351,0.619884,0.574549,0.659797,0.642481,0.521155,0.510176,0.530013,0.583406,0.540337,0.629889,0.548151,0.677269,0.461332,0.522826,0.453673,0.636913,0.451479,0.733463,0.446138,0.816737,0.409255,0.525416,0.378783,0.622743,0.36258,0.707353,0.351067,0.783781,0.36765,0.513399,0.315967,0.595779,0.278102,0.649621,0.247457,0.700892
video1.mp4,dea74cf05eaf5a5367213199806eb1e8c8bb1ac76da5c3fce588ce4202c0820c,1280,720,12.02,494,41.083,119,9916,Right,0.464386,0.372831,0.530553,0.419822,0.585363,0.509684,0.623798,0.589144,0.666094,0.658264,0.520558,0.508223,0.534769,0.598442,0.547376,0.668806,0.556205,0.743363,0.45845,0.517419,0.450465,0.631613,0.447425,0.728168,0.441737,0.817042,0.405842,0.522421,0.377369,0.61892,0.362079,0.708379,0.350435,0.7888,0.365011,0.517458,0.314112,0.599768,0.278116,0.654324,0.247125,0.7069
video1.mp4,dea74cf05eaf5a5367213199806eb1e8c8bb1ac76da5c3fce588ce4202c0820c,1280,720,12.02,494,41.083,120,10000,Right,0.463153,0.362026,0.530895,0.419734,0.584874,0.504727,0.624071,0.581041,0.66699,0.647751,0.521181,0.532433,0.543633,0.664007,0.555801,0.755319,0.562315,0.818263,0.458706,0.539146,0.45112,0.661223,0.44748,0.761682,0.441651,0.837388,0.40639,0.53267,0.378978,0.627494,0.364861,0.723316,0.353532,0.798608,0.36389,0.518049,0.310241,0.596593,0.274883,0.653981,0.246379,0.70533
video1.mp4,dea74cf05eaf5a5367213199806eb1e8c8bb1ac76da5c3fce588ce4202c0820c,1280,720,12.02,494,41.083,121,10083,Left,0.460274,0.382124,0.52782,0.417629,0.582628,0.494012,0.619928,0.567474,0.658839,0.641622,0.521869,0.535402,0.543756,0.666367,0.555351,0.759475,0.560563,0.825403,0.457726,0.545679,0.450668,0.662528,0.446677,0.757051,0.440572,0.83324,0.403976,0.539485,0.377377,0.635437,0.361722,0.72625,0.348237,0.799612,0.360841,0.52142,0.309624,0.601055,0.274191,0.658064,0.243983,0.707954
video1.mp4,dea74cf05eaf5a5367213199806eb1e8c8bb1ac76da5c3fce588ce4202c0820c,1280,720,12.02,494,41.083,122,10166,Left,0.459035,0.382039,0.525072,0.42364,0.581634,0.499609,0.619948,0.574375,0.659994,0.64895,0.522095,0.542025,0.544177,0.667789,0.5567,0.758971,0.562499,0.819675,0.45782,0.551938,0.45244,0.671757,0.44764,0.76727,0.440439,0.838399,0.40309,0.545387,0.376933,0.642701,0.362038,0.732617,0.349922,0.801024,0.358936,0.527131,0.308361,0.603704,0.273846,0.658946,0.246535,0.706336
video1.mp4,dea74cf05eaf5a5367213199806eb1e8c8bb1ac76da5c3fce588ce4202c0820c,1280,720,12.02,494,41.083,123,10250,Right,0.459227,0.374257,0.5252,0.411611,0.586771,0.495238,0.634433,0.557303,0.682428,0.610826,0.514819,0.511895,0.528002,0.588963,0.538681,0.648904,0.547821,0.716079,0.454241,0.51994,0.44969,0.635799,0.443632,0.728738,0.435119,0.81678,0.401869,0.52276,0.375716,0.626159,0.359097,0.713359,0.346462,0.796649,0.361716,0.513379,0.312729,0.595075,0.27757,0.649047,0.247308,0.705518
video1.mp4,dea74cf05eaf5a5367213199806eb1e8c8bb1ac76da5c3fce588ce4202c0820c,1280,720,12.02,494,41.083,124,10333,Left,0.462267,0.392169,0.527192,0.419466,0.58997,0.481887,0.641758,0.518153,0.693555,0.545305,0.522552,0.545208,0.525818,0.634236,0.533968,0.652914,0.543928,0.657168,0.459008,0.554924,0.450306,0.667655,0.445222,0.74917,0.438318,0.81411,0.404425,0.547502,0.377679,0.642859,0.361064,0.722363,0.348432,0.787496,0.361049,0.520531,0.314582,0.604769,0.277901,0.658251,0.247345,0.704996
video1.mp4,dea74cf05eaf5a5367213199806eb1e8c8bb1ac76da5c3fce588ce4202c0820c,1280,720,12.02,494,41.083,125,10416,Left,0.461722,0.401991,0.529187,0.429083,0.594425,0.488992,0.638346,0.539881,0.678194,0.611181,0.524099,0.55713,0.542533,0.681516,0.555734,0.767231,0.563015,0.821291,0.458425,0.566304,0.453326,0.687303,0.446858,0.777684,0.436774,0.849677,0.403029,0.556407,0.377167,0.64419,0.362347,0.730232,0.348811,0.794129,0.3588,0.52813,0.310971,0.605991,0.274467,0.664114,0.24405,0.711873
video1.mp4,dea74cf05eaf5a5367213199806eb1e8c8bb1ac76da5c3fce588ce4202c0820c,1280,720,12.02,494,41.083,126,10500,Left,0.462707,0.389463,0.527946,0.425532,0.589721,0.492866,0.633834,0.553436,0.674309,0.623571,0.524224,0.554284,0.543133,0.681166,0.555714,0.763404,0.563662,0.814124,0.460545,0.56142,0.455076,0.681262,0.450516,0.76946,0.444892,0.838275,0.405885,0.551249,0.379361,0.647374,0.363727,0.730122,0.352188,0.80011,0.362637,0.525286,0.312437,0.606182,0.276907,0.659755,0.248817,0.709195
video1.mp4,dea74cf05eaf5a5367213199806eb1e8c8bb1ac76da5c3fce588ce4202c0820c,1280,720,12.02,494,41.083,127,10583,Left,0.462851,0.376386,0.523812,0.421169,0.584579,0.488676,0.634437,0.53364,0.671924,0.589588,0.52498,0.536619,0.547929,0.688096,0.559936,0.771014,0.565894,0.803327,0.464181,0.530972,0.450176,0.649414,0.439009,0.739584,0.427932,0.807181,0.41494,0.515143,0.37945,0.593437,0.358006,0.681811,0.341452,0.755273,0.376064,0.490926,0.331107,0.555803,0.302669,0.616263,0.279605,0.672538
video1.mp4,dea74cf05eaf5a5367213199806eb1e8c8bb1ac76da5c3fce588ce4202c0820c,1280,720,12.02,494,41.083,128,10666,Right,0.454895,0.376653,0.514228,0.419383,0.57392,0.480695,0.621911,0.524197,0.661207,0.574801,0.522467,0.540062,0.54802,0.701095,0.555026,0.778441,0.554405,0.794419,0.463483,0.540838,0.445841,0.672706,0.432109,0.772301,0.418927,0.832037,0.414631,0.530663,0.373603,0.633361,0.349751,0.727238,0.332369,0.794877,0.374215,0.514708,0.333022,0.606201,0.307345,0.684587,0.286409,0.749207
video1.mp4,dea74cf05eaf5a5367213199806eb1e8c8bb1ac76da5c3fce588ce4202c0820c,1280,720,12.02,494,41.083,129,10750,Right,0.452521,0.390019,0.519646,0.423958,0.57994,0.479546,0.621857,0.529972,0.662247,0.586004,0.513147,0.547247,0.542178,0.684883,0.551433,0.769826,0.551889,0.819466,0.450606,0.55545,0.445027,0.67922,0.439277,0.771955,0.430559,0.830718,0.399014,0.548284,0.373573,0.648215,0.357656,0.732547,0.343896,0.796854,0.358776,0.529359,0.304818,0.602535,0.266589,0.652638,0.232129,0.694285
video1.mp4,dea74cf05eaf5a5367213199806eb1e8c8bb1ac76da5c3fce588ce4202c0820c,1280,720,12.02,494,41.083,130,10833,Left,0.457261,0.395804,0.524769,0.421414,0.585836,0.474767,0.626409,0.520533,0.665977,0.576201,0.519099,0.558152,0.538742,0.690818,0.550802,0.769367,0.557841,0.809469,0.456628,0.569528,0.448782,0.693415,0.442565,0.777073,0.434321,0.840559,0.402911,0.559959,0.376549,0.656107,0.35996,0.735469,0.346318,0.799906,0.359079,0.533026,0.307009,0.610333,0.267405,0.659633,0.234196,0.704202
video1.mp4,dea74cf05eaf5a5367213199806eb1e8c8bb1ac76da5c3fce588ce4202c0820c,1280,720,12.02,494,41.083,131,10916,Left,0.463726,0.381158,0.526888,0.425168,0.585695,0.497253,0.626994,0.566979,0.662439,0.646929,0.521376,0.539088,0.540467,0.66697,0.551974,0.755825,0.55554,0.814207,0.457167,0.54805,0.448617,0.670977,0.44407,0.768768,0.435959,0.838383,0.404756,0.53943,0.373353,0.641814,0.356453,0.728878,0.342748,0.794014,0.365518,0.515338,0.309611,0.575551,0.272025,0.6182,0.241666,0.652082
video1.mp4,dea74cf05eaf5a5367213199806eb1e8c8bb1ac76da5c3fce588ce4202c0820c,1280,720,12.02,494,41.083,132,11000,Left,0.467731,0.382846,0.529855,0.422588,0.590299,0.497549,0.634273,0.561186,0.671977,0.635556,0.525152,0.551142,0.541197,0.673354,0.549456,0.760056,0.552965,0.813668,0.46099,0.554301,0.447665,0.670877,0.439067,0.757006,0.429424,0.823027,0.409737,0.538782,0.376386,0.627672,0.356434,0.709941,0.341002,0.774017,0.369608,0.502624,0.317507,0.562086,0.282309,0.605282,0.254378,0.638705
video1.mp4,dea74cf05eaf5a5367213199806eb1e8c8bb1ac76da5c3fce588ce4202c0820c,1280,720,12.02,494,41.083,133,11083,Left,0.461011,0.362234,0.522435,0.407734,0.577331,0.497702,0.623395,0.56601,0.65821,0.636165,0.529799,0.637932,0.55429,0.778078,0.558736,0.799587,0.556763,0.753621,0.465831,0.642161,0.450038,0.770748,0.448871,0.718764,0.453195,0.64864,0.411445,0.622992,0.374621,0.725952,0.373931,0.700666,0.385151,0.667232,0.366697,0.584933,0.330408,0.641834,0.327463,0.630036,0.335221,0.615146
video1.mp4,dea74cf05eaf5a5367213199806eb1e8c8bb1ac76da5c3fce588ce4202c0820c,1280,720,12.02,494,41.083,134,11166,Left,0.470194,0.365401,0.53195,0.418858,0.580565,0.509531,0.620762,0.569801,0.66123,0.633181,0.546068,0.642253,0.571465,0.793197,0.5711,0.786849,0.564288,0.728561,0.485922,0.626642,0.483773,0.760877,0.470631,0.759702,0.46085,0.747045,0.432665,0.587806,0.411957,0.695173,0.392195,0.740499,0.384176,0.77802,0.386681,0.532141,0.355953,0.595146,0.339215,0.640094,0.333381,0.684557
video1.mp4,dea74cf05eaf5a5367213199806eb1e8c8bb1ac76da5c3fce588ce4202c0820c,1280,720,12.02,494,41.083,135,11250,Left,0.462767,0.381125,0.523317,0.43657,0.574861,0.525086,0.619669,0.591484,0.666013,0.649683,0.540155,0.532188,0.560991,0.654568,0.563437,0.715367,0.563244,0.75126,0.485641,0.528609,0.495109,0.615848,0.492425,0.68581,0.489198,0.739222,0.432975,0.520868,0.415437,0.606805,0.398762,0.696846,0.390172,0.779884,0.38219,0.507944,0.355625,0.588601,0.340254,0.644861,0.333125,0.700371
video1.mp4,dea74cf05eaf5a5367213199806eb1e8c8bb1ac76da5c3fce588ce4202c0820c,1280,720,12.02,494,41.083,136,11333,Right,0.457574,0.384347,0.517049,0.437788,0.572874,0.519069,0.618109,0.588609,0.663006,0.642423,0.523257,0.514969,0.541053,0.630871,0.54613,0.717542,0.546166,0.784277,0.464701,0.508535,0.463778,0.61374,0.457583,0.70598,0.446327,0.767563,0.414482,0.501912,0.390174,0.592074,0.368673,0.684676,0.347884,0.755327,0.370157,0.493457,0.330405,0.56422,0.300521,0.619374,0.272911,0.662498
video1.mp4,dea74cf05eaf5a5367213199806eb1e8c8bb1ac76da5c3fce588ce4202c0820c,1280,720,12.02,494,41.083,137,11416,Right,0.45655,0.379351,0.522457,0.425111,0.58061,0.511042,0.625849,0.585448,0.668784,0.648825,0.516094,0.522894,0.534804,0.630026,0.543324,0.70357,0.5453,0.769132,0.452792,0.534865,0.448711,0.659369,0.444186,0.749,0.434543,0.822828,0.400222,0.53731,0.371424,0.63489,0.352929,0.722376,0.337792,0.800999,0.359022,0.52818,0.305519,0.591702,0.268879,0.637856,0.237473,0.685954
video1.mp4,dea74cf05eaf5a5367213199806eb1e8c8bb1ac76da5c3fce588ce4202c0820c,1280,720,12.02,494,41.083,138,11500,Left,0.459747,0.384075,0.525753,0.430547,0.580256,0.511517,0.622435,0.572866,0.663308,0.635267,0.518226,0.551187,0.529837,0.657307,0.539487,0.713822,0.548066,0.747909,0.45506,0.551939,0.445598,0.662957,0.44075,0.740259,0.438143,0.810758,0.400685,0.543147,0.372303,0.630769,0.355698,0.711919,0.345478,0.787416,0.356218,0.517799,0.303954,0.586746,0.268652,0.636541,0.241342,0.687663
video1.mp4,dea74cf05eaf5a5367213199806eb1e8c8bb1ac76da5c3fce588ce4202c0820c,1280,720,12.02,494,41.083,139,11583,Right,0.457394,0.375125,0.52316,0.420354,0.583154,0.503693,0.630075,0.574324,0.671615,0.642552,0.515675,0.530455,0.533103,0.658796,0.546806,0.749386,0.558033,0.823619,0.452884,0.532051,0.444463,0.642427,0.440878,0.733236,0.437921,0.818284,0.401033,0.529462,0.37311,0.620406,0.357992,0.707756,0.347057,0.790721,0.361242,0.520142,0.308357,0.590225,0.272267,0.640119,0.242429,0.69265
video1.mp4,dea74cf05eaf5a5367213199806eb1e8c8bb1ac76da5c3fce588ce4202c0820c,1280,720,12.02,494,41.083,140,11666,Left,0.45868,0.36714,0.526717,0.423526,0.585166,0.506891,0.629829,0.578304,0.670557,0.649122,0.519957,0.543888,0.536344,0.677577,0.54833,0.768567,0.556909,0.82712,0.455992,0.541687,0.448074,0.665657,0.443492,0.763038,0.438664,0.838073,0.400887,0.529055,0.372875,0.629146,0.355318,0.725892,0.342375,0.802347,0.357123,0.508808,0.304225,0.586215,0.269897,0.642775,0.241855,0.691526
video1.mp4,dea74cf05eaf5a5367213199806eb1e8c8bb1ac76da5c3fce588ce4202c0820c,1280,720,12.02,494,41.083,141,11750,Left,0.459535,0.383738,0.526799,0.429524,0.587142,0.510144,0.633456,0.576812,0.673656,0.647359,0.520143,0.543058,0.534527,0.668248,0.546602,0.755234,0.556795,0.818329,0.454353,0.545124,0.445876,0.657281,0.44253,0.74815,0.439304,0.82659,0.400107,0.535992,0.372271,0.62632,0.357686,0.715546,0.347218,0.794902,0.359155,0.515391,0.304832,0.585872,0.268412,0.63739,0.23865,0.687346
video1.mp4,dea74cf05eaf5a5367213199806eb1e8c8bb1ac76da5c3fce588ce4202c0820c,1280,720,12.02,494,41.083,142,11833,Left,0.465834,0.377059,0.530158,0.435482,0.587658,0.519271,0.634675,0.585179,0.673794,0.651831,0.521008,0.545135,0.535084,0.668683,0.546408,0.753444,0.557076,0.815978,0.456815,0.541301,0.445402,0.659878,0.441385,0.749635,0.439994,0.828986,0.405747,0.52745,0.375502,0.622523,0.358046,0.711457,0.347802,0.792939,0.368698,0.502692,0.315389,0.560993,0.281831,0.60386,0.256384,0.645854
video1.mp4,dea74cf05eaf5a5367213199806eb1e8c8bb1ac76da5c3fce588ce4202c0820c,1280,720,12.02,494,41.083,143,11916,Left,0.469405,0.378416,0.529443,0.430963,0.586987,0.511136,0.633636,0.571158,0.671827,0.637297,0.530035,0.574115,0.543299,0.695253,0.552419,0.774874,0.557925,0.823039,0.468874,0.566688,0.461643,0.690295,0.455145,0.777864,0.447332,0.849835,0.418167,0.537603,0.386259,0.626304,0.364227,0.698277,0.349626,0.757829,0.377366,0.486452,0.329503,0.544228,0.296907,0.580819,0.273374,0.611649
video1.mp4,dea74cf05eaf5a5367213199806eb1e8c8bb1ac76da5c3fce588ce4202c0820c,1280,720,12.02,494,41.083,144,12000,Left,0.456534,0.376864,0.514623,0.431613,0.572408,0.50947,0.622677,0.572137,0.664017,0.635155,0.517959,0.54871,0.53961,0.669114,0.552383,0.757456,0.556826,0.794394,0.462075,0.545002,0.457685,0.653963,0.451433,0.739274,0.443939,0.782216,0.41359,0.528156,0.389435,0.616062,0.369616,0.696888,0.35447,0.741173,0.375135,0.498025,0.332113,0.559731,0.303044,0.604573,0.27977,0.624953
video1.mp4,dea74cf05eaf5a5367213199806eb1e8c8bb1ac76da5c3fce588ce4202c0820c,1280,720,12.02,494,41.083,145,12083,Left,0.45713,0.393997,0.50998,0.493621,0.54429,0.613702,0.561796,0.712131,0.579368,0.803655,0.511746,0.554935,0.525167,0.675487,0.535868,0.76925,0.53792,0.826406,0.469478,0.532343,0.467785,0.632326,0.465378,0.720847,0.458572,0.779365,0.429735,0.512011,0.423936,0.598059,0.417004,0.704704,0.406924,0.785523,0.397107,0.483777,0.375615,0.551591,0.362338,0.609061,0.34923,0.649381
video1.mp4,dea74cf05eaf5a5367213199806eb1e8c8bb1ac76da5c3fce588ce4202c0820c,1280,720,12.02,494,41.083,146,12166,Right,0.470662,0.410418,0.478851,0.508096,0.481943,0.618452,0.486047,0.699011,0.482056,0.743658,0.461851,0.549573,0.432955,0.63012,0.414683,0.686057,0.395269,0.739054,0.458938,0.506002,0.45406,0.588297,0.449411,0.665858,0.437738,0.715136,0.450364,0.479252,0.42444,0.56816,0.403494,0.656643,0.382725,0.721645,0.435205,0.459622,0.380587,0.534149,0.338569,0.59664,0.301529,0.640708
video1.mp4,dea74cf05eaf5a5367213199806eb1e8c8bb1ac76da5c3fce588ce4202c0820c,1280,720,12.02,494,41.083,147,12250,Left,0.448502,0.376837,0.420942,0.471363,0.414082,0.577458,0.41822,0.657115,0.427163,0.709975,0.411819,0.53749,0.409148,0.641814,0.408878,0.708575,0.405171,0.772508,0.432287,0.498785,0.443075,0.605343,0.441361,0.682875,0.433615,0.761166,0.459825,0.458935,0.48226,0.561358,0.480111,0.649509,0.471574,0.730716,0.488355,0.424725,0.500312,0.484786,0.493816,0.532633,0.484973,0.585547
video1.mp4,dea74cf05eaf5a5367213199806eb1e8c8bb1ac76da5c3fce588ce4202c0820c,1280,720,12.02,494,41.083,148,12333,Right,0.45476,0.405383,0.484155,0.498668,0.502914,0.587261,0.517502,0.658457,0.5227,0.68538,0.476736,0.538553,0.50028,0.614105,0.516785,0.67268,0.525721,0.731463,0.443738,0.515073,0.443245,0.617675,0.441936,0.704137,0.440067,0.784792,0.417146,0.494581,0.403656,0.593002,0.390579,0.689884,0.37992,0.774731,0.399544,0.480019,0.367924,0.543746,0.344078,0.596619,0.323819,0.646111
video1.mp4,dea74cf05eaf5a5367213199806eb1e8c8bb1ac76da5c3fce588ce4202c0820c,1280,720,12.02,494,41.083,149,12416,Right,0.457687,0.402587,0.478575,0.500436,0.493141,0.595237,0.504551,0.665556,0.506348,0.679495,0.466497,0.555789,0.465922,0.656244,0.466019,0.727942,0.462148,0.78878,0.442289,0.52472,0.439799,0.633775,0.437007,0.728698,0.431084,0.812584,0.423135,0.491345,0.41115,0.587652,0.398932,0.6918,0.385913,0.779119,0.412302,0.462073,0.388435,0.525178,0.369394,0.582079,0.350797,0.630149
video1.mp4,dea74cf05eaf5a5367213199806eb1e8c8bb1ac76da5c3fce588ce4202c0820c,1280,720,12.02,494,41.083,150,12500,Right,0.44832,0.412265,0.472594,0.471908,0.482553,0.559077,0.478653,0.637312,0.467093,0.688188,0.48542,0.540664,0.492096,0.648303,0.493937,0.725036,0.493087,0.784733,0.458417,0.529501,0.456042,0.643628,0.449591,0.725335,0.441688,0.792089,0.427156,0.512435,0.415704,0.620996,0.407552,0.701372,0.401082,0.764471,0.394205,0.497281,0.365625,0.573364,0.346353,0.626056,0.329794,0.672163
video1.mp4,dea74cf05eaf5a5367213199806eb1e8c8bb1ac76da5c3fce588ce4202c0820c,1280,720,12.02,494,41.083,151,12583,Left,0.451166,0.412674,0.411737,0.475498,0.38114,0.563838,0.360339,0.637927,0.342473,0.69051,0.403477,0.538038,0.397155,0.62102,0.392394,0.675587,0.386984,0.727503,0.440732,0.520459,0.44528,0.608999,0.444278,0.68237,0.439695,0.748844,0.474482,0.505231,0.47619,0.590871,0.474159,0.671733,0.471772,0.737033,0.501128,0.495457,0.51502,0.567728,0.523695,0.626951,0.529691,0.678139
video1.mp4,dea74cf05eaf5a5367213199806eb1e8c8bb1ac76da5c3fce588ce4202c0820c,1280,720,12.02,494,41.083,152,12666,Left,0.454113,0.398091,0.41493,0.461555,0.386893,0.553573,0.364657,0.629073,0.343386,0.673315,0.403982,0.515021,0.382529,0.572101,0.374191,0.61742,0.365775,0.658116,0.439108,0.492701,0.446887,0.578016,0.453737,0.650175,0.455938,0.711763,0.475883,0.470062,0.493835,0.552588,0.502182,0.618756,0.50671,0.674205,0.508696,0.445358,0.540007,0.499131,0.555085,0.545931,0.564962,0.588517
video1.mp4,dea74cf05eaf5a5367213199806eb1e8c8bb1ac76da5c3fce588ce4202c0820c,1280,720,12.02,494,41.083,153,12750,Right,0.452406,0.405107,0.482472,0.47602,0.494236,0.56549,0.495496,0.651927,0.496779,0.699675,0.501688,0.511729,0.521189,0.633815,0.532304,0.731226,0.53684,0.810831,0.460037,0.499776,0.46627,0.634013,0.463597,0.744196,0.456659,0.836831,0.421138,0.492705,0.40008,0.606121,0.378847,0.708899,0.362191,0.790409,0.38723,0.492908,0.35635,0.572685,0.331851,0.638276,0.311009,0.696862
video1.mp4,dea74cf05eaf5a5367213199806eb1e8c8bb1ac76da5c3fce588ce4202c0820c,1280,720,12.02,494,41.083,154,12833,Right,0.457081,0.396698,0.493467,0.466096,0.506613,0.564754,0.5074,0.642913,0.505697,0.684005,0.493219,0.527152,0.515871,0.603771,0.529798,0.671371,0.538598,0.733667,0.456493,0.509737,0.455054,0.623157,0.45396,0.71301,0.451064,0.79025,0.421215,0.493644,0.397657,0.601359,0.384441,0.692371,0.372543,0.766051,0.390941,0.479818,0.346977,0.56297,0.319168,0.618293,0.29418,0.664793
video1.mp4,dea74cf05eaf5a5367213199806eb1e8c8bb1ac76da5c3fce588ce4202c0820c,1280,720,12.02,494,41.083,155,12916,Right,0.460317,0.403039,0.506428,0.484445,0.519501,0.586823,0.51552,0.67499,0.509596,0.72473,0.499307,0.540345,0.516914,0.640548,0.527339,0.71978,0.53198,0.790812,0.454673,0.517703,0.449865,0.622848,0.446589,0.715834,0.442223,0.794855,0.413663,0.503357,0.385557,0.599501,0.36761,0.688818,0.354853,0.762438,0.380735,0.495956,0.335634,0.577889,0.307063,0.639802,0.282098,0.694422
video1.mp4,dea74cf05eaf5a5367213199806eb1e8c8bb1ac76da5c3fce588ce4202c0820c,1280,720,12.02,494,41.083,156,13000,Right,0.471436,0.390205,0.469138,0.491046,0.470751,0.609256,0.479163,0.704013,0.488203,0.76297,0.442046,0.533899,0.421451,0.606687,0.417748,0.662646,0.409971,0.720735,0.452744,0.500864,0.452249,0.590816,0.454099,0.675922,0.451442,0.747371,0.463119,0.476798,0.457648,0.580576,0.456909,0.685458,0.455447,0.775831,0.473384,0.461822,0.450119,0.547604,0.428175,0.625273,0.407718,0.694571
video1.mp4,dea74cf05eaf5a5367213199806eb1e8c8bb1ac76da5c3fce588ce4202c0820c,1280,720,12.02,494,41.083,157,13083,Right,0.456769,0.415295,0.490702,0.499258,0.504093,0.595936,0.510519,0.678356,0.522878,0.720373,0.490082,0.555451,0.504772,0.680995,0.518002,0.778316,0.525963,0.861637,0.454527,0.528201,0.45347,0.657762,0.451029,0.763965,0.446355,0.857862,0.420651,0.502344,0.396668,0.603506,0.379312,0.70159,0.36622,0.785149,0.393519,0.486194,0.358672,0.562837,0.335701,0.618387,0.317409,0.668379
video1.mp4,dea74cf05eaf5a5367213199806eb1e8c8bb1ac76da5c3fce588ce4202c0820c,1280,720,12.02,494,41.083,158,13166,Right,0.453935,0.404604,0.471176,0.496544,0.480163,0.590526,0.490357,0.661851,0.499262,0.690134,0.465236,0.548273,0.477006,0.644177,0.483412,0.716259,0.486707,0.777171,0.449562,0.515041,0.452755,0.623572,0.450602,0.713733,0.446472,0.792826,0.434917,0.482236,0.420165,0.589285,0.405627,0.691359,0.391303,0.77885,0.423998,0.455182,0.391824,0.520665,0.368296,0.578038,0.346168,0.631916
video1.mp4,dea74cf05eaf5a5367213199806eb1e8c8bb1ac76da5c3fce588ce4202c0820c,1280,720,12.02,494,41.083,159,13250,Right,0.455405,0.393823,0.436397,0.467614,0.418104,0.565116,0.407325,0.64009,0.397712,0.687389,0.427543,0.534014,0.430143,0.628745,0.431586,0.696087,0.432449,0.750489,0.440525,0.508549,0.439707,0.604494,0.437286,0.686437,0.433892,0.756136,0.452639,0.479955,0.432455,0.571433,0.416862,0.66181,0.402571,0.738275,0.463496,0.452527,0.432776,0.514809,0.41257,0.576671,0.394537,0.6336
video1.mp4,dea74cf05eaf5a5367213199806eb1e8c8bb1ac76da5c3fce588ce4202c0820c,1280,720,12.02,494,41.083,160,13333,Right,0.467328,0.393485,0.502972,0.46166,0.521829,0.547974,0.528282,0.620536,0.527046,0.66678,0.506142,0.516469,0.523687,0.625725,0.534586,0.707544,0.539707,0.773182,0.468759,0.500135,0.47619,0.612642,0.478252,0.703777,0.475491,0.780311,0.432481,0.479639,0.419354,0.587056,0.410195,0.678805,0.400534,0.753791,0.401569,0.458486,0.364841,0.506805,0.338166,0.544256,0.313929,0.576058
video1.mp4,dea74cf05eaf5a5367213199806eb1e8c8bb1ac76da5c3fce588ce4202c0820c,1280,720,12.02,494,41.083,161,13416,Left,0.465452,0.378279,0.412933,0.451253,0.387727,0.557776,0.388848,0.652557,0.402225,0.717434,0.382882,0.509942,0.351641,0.603112,0.327577,0.675058,0.304414,0.737473,0.429814,0.492916,0.425035,0.603351,0.417052,0.696942,0.403518,0.776896,0.480218,0.473642,0.482334,0.577846,0.472736,0.677779,0.462356,0.764907,0.529159,0.459585,0.541866,0.520235,0.543595,0.569937,0.542901,0.619848
video1.mp4,dea74cf05eaf5a5367213199806eb1e8c8bb1ac76da5c3fce588ce4202c0820c,1280,720,12.02,494,41.083,162,13500,Right,0.466424,0.386394,0.476707,0.513508,0.472557,0.648476,0.472193,0.760255,0.469245,0.831215,0.457703,0.528845,0.463915,0.640347,0.471082,0.72569,0.475628,0.795691,0.456014,0.49681,0.461426,0.622006,0.461136,0.730592,0.464377,0.81341,0.453727,0.474517,0.455979,0.59433,0.449061,0.71254,0.445839,0.815943,0.456185,0.462744,0.454362,0.537826,0.449271,0.615192,0.444064,0.689449
video1.mp4,dea74cf05eaf5a5367213199806eb1e8c8bb1ac76da5c3fce588ce4202c0820c,1280,720,12.02,494,41.083,163,13583,Right,0.461372,0.41298,0.499456,0.481529,0.519555,0.585287,0.544121,0.673983,0.573789,0.728336,0.526379,0.515959,0.541756,0.65049,0.554351,0.741102,0.558383,0.820462,0.476349,0.493246,0.490355,0.635406,0.494781,0.742939,0.48993,0.834062,0.427,0.486129,0.39993,0.590975,0.375923,0.693406,0.35949,0.776772,0.380445,0.497436,0.33933,0.583539,0.309455,0.654056,0.28503,0.718525
video1.mp4,dea74cf05eaf5a5367213199806eb1e8c8bb1ac76da5c3fce588ce4202c0820c,1280,720,12.02,494,41.083,164,13666,Right,0.465459,0.404152,0.503383,0.473134,0.520051,0.582638,0.519066,0.675479,0.512833,0.733724,0.50379,0.526265,0.507462,0.606961,0.5096,0.674048,0.510226,0.73452,0.464238,0.496293,0.453027,0.60423,0.445631,0.691182,0.438329,0.761722,0.42658,0.477265,0.393684,0.579218,0.373118,0.668515,0.3562,0.741941,0.393619,0.463549,0.339479,0.549668,0.306853,0.607255,0.278964,0.653265
video1.mp4,dea74cf05eaf5a5367213199806eb1e8c8bb1ac76da5c3fce588ce4202c0820c,1280,720,12.02,494,41.083,165,13750,Right,0.463955,0.391875,0.478832,0.486021,0.474796,0.593529,0.459826,0.67323,0.437188,0.704056,0.468737,0.549011,0.467172,0.644447,0.463901,0.720554,0.458758,0.785183,0.452265,0.51986,0.445142,0.617388,0.437658,0.705947,0.432513,0.774482,0.432619,0.496801,0.405981,0.594989,0.384329,0.68136,0.369279,0.746362,0.41577,0.477808,0.361469,0.55938,0.324625,0.617645,0.293526,0.663563
video1.mp4,dea74cf05eaf5a5367213199806eb1e8c8bb1ac76da5c3fce588ce4202c0820c,1280,720,12.02,494,41.083,166,13833,Left,0.459392,0.372685,0.415259,0.447598,0.386564,0.551474,0.374909,0.6464,0.36423,0.712695,0.391734,0.513541,0.367077,0.619988,0.35373,0.695172,0.342001,0.762584,0.427339,0.500877,0.41402,0.605564,0.406459,0.683177,0.396277,0.753038,0.467428,0.485675,0.468171,0.586236,0.462572,0.674445,0.454758,0.749457,0.507456,0.469864,0.526891,0.540705,0.537656,0.596813,0.544953,0.647651
video1.mp4,dea74cf05eaf5a5367213199806eb1e8c8bb1ac76da5c3fce588ce4202c0820c,1280,720,12.02,494,41.083,167,13916,Right,0.461763,0.361845,0.518296,0.413929,0.562995,0.49708,0.595808,0.56768,0.623554,0.639271,0.514293,0.492447,0.526481,0.615224,0.536023,0.697947,0.543052,0.770271,0.466933,0.484377,0.46347,0.589658,0.464966,0.663907,0.468687,0.720537,0.421407,0.476478,0.413593,0.579793,0.415426,0.670074,0.418751,0.751992,0.382466,0.464913,0.34104,0.533388,0.312942,0.588087,0.288296,0.63695
video1.mp4,dea74cf05eaf5a5367213199806eb1e8c8bb1ac76da5c3fce588ce4202c0820c,1280,720,12.02,494,41.083,168,14000,Right,0.46442,0.408366,0.518646,0.465325,0.549581,0.546763,0.57529,0.624993,0.61026,0.68219,0.513716,0.5126,0.514734,0.605931,0.520319,0.672181,0.518503,0.741461,0.468259,0.498226,0.459234,0.612869,0.456056,0.69951,0.44836,0.779477,0.423249,0.494845,0.390875,0.609587,0.372283,0.712256,0.356972,0.805701,0.383223,0.49794,0.341085,0.578898,0.315368,0.651201,0.292027,0.72773
video1.mp4,dea74cf05eaf5a5367213199806eb1e8c8bb1ac76da5c3fce588ce4202c0820c,1280,720,12.02,494,41.083,169,14083,Right,0.464048,0.378609,0.521901,0.422843,0.567513,0.498941,0.595423,0.578926,0.629273,0.64491,0.512448,0.508702,0.528882,0.636875,0.537004,0.724004,0.541223,0.801818,0.456917,0.511551,0.45308,0.633265,0.447125,0.728677,0.439171,0.806984,0.411519,0.503261,0.384455,0.604246,0.361977,0.690891,0.342962,0.758277,0.374415,0.490864,0.323663,0.568047,0.286805,0.619484,0.254385,0.660726
video1.mp4,dea74cf05eaf5a5367213199806eb1e8c8bb1ac76da5c3fce588ce4202c0820c,1280,720,12.02,494,41.083,170,14166,Right,0.467488,0.366729,0.526624,0.414672,0.572124,0.490256,0.597277,0.569697,0.626379,0.64779,0.520535,0.507116,0.535135,0.641313,0.543453,0.733258,0.54663,0.809982,0.46534,0.508486,0.464772,0.626806,0.464014,0.722286,0.460448,0.803506,0.418223,0.500125,0.388931,0.590621,0.367076,0.666483,0.348883,0.730966,0.377954,0.48337,0.324137,0.555925,0.283449,0.606441,0.247281,0.650781
video1.mp4,dea74cf05eaf5a5367213199806eb1e8c8bb1ac76da5c3fce588ce4202c0820c,1280,720,12.02,494,41.083,171,14250,Right,0.463361,0.375189,0.52842,0.415713,0.576073,0.486997,0.599205,0.568894,0.626701,0.649556,0.515382,0.509854,0.52349,0.620439,0.525964,0.7035,0.524365,0.77482,0.456433,0.524942,0.449612,0.640967,0.44633,0.738202,0.441208,0.815429,0.406463,0.52743,0.381118,0.627966,0.36359,0.714856,0.349729,0.784757,0.365308,0.518137,0.315381,0.599897,0.279123,0.656938,0.249011,0.707404
video1.mp4,dea74cf05eaf5a5367213199806eb1e8c8bb1ac76da5c3fce588ce4202c0820c,1280,720,12.02,494,41.083,172,14333,Right,0.462027,0.376385,0.528047,0.416311,0.574999,0.487515,0.598127,0.565457,0.628356,0.639993,0.512744,0.501359,0.519495,0.60568,0.523036,0.680999,0.523969,0.751626,0.454755,0.515214,0.447822,0.633461,0.445735,0.728184,0.442748,0.808889,0.405598,0.521146,0.378597,0.615142,0.36219,0.701167,0.3498,0.774012,0.365977,0.517032,0.316743,0.597466,0.28105,0.650336,0.250298,0.698009
video1.mp4,dea74cf05eaf5a5367213199806eb1e8c8bb1ac76da5c3fce588ce4202c0820c,1280,720,12.02,494,41.083,173,14416,Right,0.465615,0.367333,0.525752,0.412775,0.570794,0.490096,0.601434,0.564129,0.638473,0.628577,0.515151,0.510246,0.532547,0.613387,0.544316,0.691337,0.551711,0.765054,0.46108,0.513821,0.457326,0.626497,0.453949,0.716759,0.448857,0.798105,0.413782,0.511897,0.38468,0.612715,0.365561,0.693591,0.3519,0.767737,0.372051,0.499581,0.321201,0.580337,0.286456,0.635034,0.25592,0.687616
video1.mp4,dea74cf05eaf5a5367213199806eb1e8c8bb1ac76da5c3fce588ce4202c0820c,1280,720,12.02,494,41.083,174,14500,Right,0.465737,0.369306,0.524353,0.423749,0.571393,0.501945,0.605924,0.575098,0.642541,0.641042,0.520676,0.517852,0.539837,0.645737,0.55317,0.73601,0.560611,0.81231,0.465464,0.518563,0.468174,0.62996,0.469317,0.721026,0.466483,0.80061,0.417216,0.508648,0.388653,0.589131,0.370094,0.652042,0.354096,0.709421,0.374838,0.491316,0.323287,0.563338,0.285972,0.615006,0.251109,0.663377
video1.mp4,dea74cf05eaf5a5367213199806eb1e8c8bb1ac76da5c3fce588ce4202c0820c,1280,720,12.02,494,41.083,175,14583,Right,0.459192,0.365459,0.522712,0.424965,0.571801,0.511617,0.60879,0.585593,0.6425,0.647846,0.518715,0.500702,0.538273,0.644702,0.551808,0.737775,0.559397,0.820168,0.460816,0.495351,0.461112,0.602823,0.460423,0.685159,0.455254,0.756004,0.409791,0.488303,0.38252,0.570503,0.36106,0.634349,0.340088,0.694736,0.365764,0.47994,0.317659,0.552816,0.279028,0.604115,0.241507,0.651314
video1.mp4,dea74cf05eaf5a5367213199806eb1e8c8bb1ac76da5c3fce588ce4202c0820c,1280,720,12.02,494,41.083,176,14666,Right,0.462826,0.372916,0.527118,0.419639,0.577488,0.494438,0.607575,0.576529,0.640912,0.65716,0.517507,0.531953,0.539387,0.654889,0.551794,0.742035,0.556697,0.812693,0.45697,0.542486,0.451611,0.664192,0.450505,0.762559,0.445524,0.84239,0.406468,0.538059,0.377898,0.639864,0.360478,0.729012,0.345919,0.804492,0.366025,0.522469,0.31613,0.601783,0.282108,0.657804,0.253578,0.712732
video1.mp4,dea74cf05eaf5a5367213199806eb1e8c8bb1ac76da5c3fce588ce4202c0820c,1280,720,12.02,494,41.083,177,14750,Right,0.462516,0.371044,0.526839,0.414051,0.577282,0.490973,0.607037,0.568485,0.637932,0.645527,0.513517,0.532728,0.541073,0.650429,0.562359,0.7359,0.577864,0.808899,0.456746,0.542214,0.452016,0.672367,0.449149,0.771162,0.443825,0.848209,0.407516,0.536909,0.378917,0.640848,0.360705,0.728084,0.346429,0.799122,0.367147,0.521802,0.316859,0.603694,0.281628,0.656098,0.251504,0.702501
video1.mp4,dea74cf05eaf5a5367213199806eb1e8c8bb1ac76da5c3fce588ce4202c0820c,1280,720,12.02,494,41.083,178,14833,Right,0.459771,0.366614,0.521819,0.415011,0.569969,0.500702,0.604557,0.578121,0.637354,0.651899,0.511709,0.515294,0.536609,0.636425,0.557796,0.723156,0.574413,0.806512,0.458342,0.517805,0.459511,0.646169,0.461734,0.748614,0.463918,0.847028,0.41083,0.51572,0.386398,0.621,0.366759,0.706832,0.352058,0.7915,0.371649,0.507612,0.322992,0.590941,0.285189,0.646749,0.251732,0.705047
video1.mp4,dea74cf05eaf5a5367213199806eb1e8c8bb1ac76da5c3fce588ce4202c0820c,1280,720,12.02,494,41.083,179,14916,Right,0.459055,0.373956,0.521119,0.425058,0.573128,0.512825,0.61123,0.586754,0.646002,0.648551,0.51697,0.497203,0.540762,0.620977,0.55928,0.709336,0.572017,0.792358,0.460864,0.494885,0.459084,0.595053,0.455653,0.671108,0.449391,0.740873,0.412722,0.488228,0.38823,0.566883,0.370988,0.630324,0.35533,0.69703,0.370172,0.476957,0.319637,0.540584,0.281659,0.590405,0.246444,0.640567
video1.mp4,dea74cf05eaf5a5367213199806eb1e8c8bb1ac76da5c3fce588ce4202c0820c,1280,720,12.02,494,41.083,180,15000,Right,0.462546,0.362454,0.529297,0.414651,0.58239,0.49468,0.612919,0.576138,0.645061,0.654149,0.517493,0.525982,0.539039,0.64303,0.554564,0.725546,0.5659,0.802396,0.459727,0.530898,0.455726,0.648096,0.457621,0.741949,0.457088,0.825491,0.411233,0.526421,0.384081,0.626286,0.370886,0.713228,0.360807,0.790384,0.371907,0.51479,0.319701,0.5955,0.28392,0.650159,0.252798,0.703018
video1.mp4,dea74cf05eaf5a5367213199806eb1e8c8bb1ac76da5c3fce588ce4202c0820c,1280,720,12.02,494,41.083,181,15083,Right,0.463539,0.376835,0.529312,0.417612,0.580562,0.49549,0.609761,0.570352,0.639914,0.647432,0.516588,0.520926,0.532225,0.615234,0.545468,0.681769,0.554864,0.750712,0.459062,0.532362,0.455769,0.640199,0.457708,0.731389,0.457026,0.812639,0.409049,0.532973,0.383348,0.624946,0.370103,0.708964,0.360462,0.784737,0.369098,0.520573,0.317771,0.599802,0.281234,0.653244,0.250354,0.703477
video1.mp4,dea74cf05eaf5a5367213199806eb1e8c8bb1ac76da5c3fce588ce4202c0820c,1280,720,12.02,494,41.083,182,15166,Right,0.464828,0.370714,0.529724,0.419533,0.577486,0.493817,0.606907,0.569193,0.637838,0.641305,0.519834,0.523293,0.537243,0.655989,0.552127,0.74344,0.564086,0.815277,0.461718,0.529348,0.458032,0.648307,0.458277,0.740442,0.457958,0.821689,0.412584,0.524972,0.384958,0.62235,0.368162,0.708577,0.356558,0.785953,0.371781,0.511292,0.317164,0.587907,0.278602,0.641455,0.245046,0.692306
video1.mp4,dea74cf05eaf5a5367213199806eb1e8c8bb1ac76da5c3fce588ce4202c0820c,1280,720,12.02,494,41.083,183,15250,Right,0.463273,0.371969,0.523024,0.427201,0.571207,0.502891,0.606045,0.569082,0.639212,0.63762,0.529234,0.529724,0.55074,0.666325,0.562093,0.755157,0.565454,0.807579,0.474438,0.527014,0.477116,0.653333,0.476428,0.749186,0.471188,0.815583,0.422732,0.513755,0.392244,0.601226,0.369369,0.673868,0.349865,0.727841,0.375227,0.488715,0.319428,0.557077,0.278786,0.608119,0.243177,0.648996
video1.mp4,dea74cf05eaf5a5367213199806eb1e8c8bb1ac76da5c3fce588ce4202c0820c,1280,720,12.02,494,41.083,184,15333,Right,0.457799,0.380048,0.521626,0.419612,0.574974,0.497054,0.607379,0.578114,0.641823,0.654736,0.513082,0.51596,0.535587,0.619056,0.548777,0.687433,0.556384,0.753756,0.45312,0.533259,0.452763,0.645863,0.45658,0.738048,0.456258,0.821891,0.402023,0.537172,0.377368,0.634034,0.364197,0.715459,0.354327,0.793559,0.360808,0.528801,0.310793,0.602035,0.273694,0.653865,0.241219,0.707441
video1.mp4,dea74cf05eaf5a5367213199806eb1e8c8bb1ac76da5c3fce588ce4202c0820c,1280,720,12.02,494,41.083,185,15416,Right,0.466048,0.36595,0.528664,0.421914,0.576831,0.496979,0.607471,0.568867,0.637355,0.641138,0.519897,0.526277,0.534889,0.659495,0.547129,0.746669,0.555951,0.813991,0.46274,0.527667,0.457644,0.655424,0.455673,0.751187,0.452925,0.833131,0.413474,0.52189,0.385577,0.621084,0.367177,0.705064,0.353854,0.780265,0.371791,0.509719,0.320203,0.589968,0.282495,0.643214,0.250629,0.694784
video1.mp4,dea74cf05eaf5a5367213199806eb1e8c8bb1ac76da5c3fce588ce4202c0820c,1280,720,12.02,494,41.083,186,15500,Left,0.464953,0.362847,0.52695,0.415674,0.575578,0.489315,0.606643,0.562746,0.637105,0.636205,0.518933,0.537875,0.537214,0.658228,0.550812,0.74263,0.559179,0.808945,0.461657,0.543082,0.460801,0.655426,0.458454,0.746692,0.45423,0.819938,0.412151,0.532305,0.386683,0.62595,0.367107,0.710878,0.352429,0.783379,0.369259,0.509221,0.311794,0.581744,0.271463,0.634283,0.237301,0.681825
video1.mp4,dea74cf05eaf5a5367213199806eb1e8c8bb1ac76da5c3fce588ce4202c0820c,1280,720,12.02,494,41.083,187,15583,Right,0.466194,0.364061,0.526469,0.41139,0.574984,0.488551,0.607135,0.561114,0.640719,0.637099,0.523295,0.536897,0.543959,0.667244,0.558861,0.746173,0.571008,0.786985,0.465501,0.541242,0.461582,0.654168,0.458243,0.73783,0.45412,0.798328,0.415837,0.531039,0.386196,0.623372,0.366232,0.705946,0.351458,0.774424,0.371994,0.50832,0.317666,0.584261,0.280123,0.642155,0.247718,0.692861
video1.mp4,dea74cf05eaf5a5367213199806eb1e8c8bb1ac76da5c3fce588ce4202c0820c,1280,720,12.02,494,41.083,188,15666,Right,0.46252,0.376729,0.528209,0.419848,0.576041,0.495816,0.605195,0.574737,0.64063,0.644008,0.51474,0.510587,0.529702,0.612805,0.538004,0.68432,0.542999,0.746764,0.456194,0.524453,0.450444,0.641583,0.45009,0.734253,0.449791,0.814693,0.406881,0.52828,0.381373,0.629399,0.364948,0.714345,0.354526,0.791643,0.368041,0.519043,0.314666,0.593946,0.277733,0.645692,0.24734,0.697732
video1.mp4,dea74cf05eaf5a5367213199806eb1e8c8bb1ac76da5c3fce588ce4202c0820c,1280,720,12.02,494,41.083,189,15750,Left,0.463999,0.367938,0.526729,0.421104,0.577699,0.496558,0.610577,0.570401,0.641184,0.642034,0.51754,0.530116,0.531252,0.648682,0.541222,0.737433,0.547269,0.811913,0.462727,0.537244,0.462558,0.657491,0.462255,0.751809,0.459698,0.833914,0.413916,0.531118,0.386658,0.625248,0.369059,0.706166,0.355777,0.778486,0.369594,0.512114,0.319322,0.591672,0.282822,0.645501,0.250584,0.696124
video1.mp4,dea74cf05eaf5a5367213199806eb1e8c8bb1ac76da5c3fce588ce4202c0820c,1280,720,12.02,494,41.083,190,15833,Right,0.460122,0.371602,0.523474,0.426679,0.573015,0.506194,0.606295,0.578226,0.638886,0.644797,0.520442,0.509103,0.534982,0.637699,0.546353,0.72726,0.551703,0.804903,0.462927,0.510595,0.463308,0.613517,0.463088,0.6956,0.457492,0.767478,0.4125,0.505136,0.385788,0.577392,0.369072,0.638911,0.352018,0.695936,0.369152,0.494097,0.319217,0.558748,0.279496,0.603034,0.242275,0.645661
video1.mp4,dea74cf05eaf5a5367213199806eb1e8c8bb1ac76da5c3fce588ce4202c0820c,1280,720,12.02,494,41.083,191,15916,Right,0.464719,0.365711,0.527831,0.417626,0.577582,0.490748,0.607055,0.572765,0.638786,0.651209,0.520105,0.524265,0.534854,0.649822,0.544354,0.73695,0.549697,0.803905,0.463341,0.538356,0.465799,0.652904,0.467603,0.743582,0.467436,0.812635,0.414629,0.534179,0.389023,0.633778,0.372275,0.723754,0.36007,0.796311,0.37234,0.516676,0.319553,0.600078,0.283578,0.657632,0.254795,0.70687
video1.mp4,dea74cf05eaf5a5367213199806eb1e8c8bb1ac76da5c3fce588ce4202c0820c,1280,720,12.02,494,41.083,192,16000,Right,0.464916,0.371589,0.528912,0.42355,0.578035,0.495943,0.606967,0.572231,0.639375,0.645264,0.517074,0.519286,0.530634,0.646821,0.541404,0.733351,0.549373,0.804301,0.46066,0.526467,0.459198,0.64768,0.460031,0.739936,0.459594,0.817746,0.412557,0.524618,0.388545,0.619111,0.374269,0.701327,0.363969,0.771605,0.372894,0.51414,0.321985,0.594979,0.284911,0.648079,0.254426,0.697731
video1.mp4,dea74cf05eaf5a5367213199806eb1e8c8bb1ac76da5c3fce588ce4202c0820c,1280,720,12.02,494,41.083,193,16083,Right,0.463291,0.379372,0.52803,0.427028,0.579235,0.494318,0.609273,0.568912,0.641027,0.643167,0.515761,0.514542,0.528981,0.643411,0.538019,0.733568,0.542593,0.803331,0.459442,0.526213,0.45866,0.651358,0.459493,0.753489,0.457756,0.832398,0.409903,0.525484,0.388041,0.626634,0.373846,0.716533,0.363315,0.789262,0.36789,0.514901,0.319358,0.595566,0.283857,0.650754,0.255172,0.700856
video1.mp4,dea74cf05eaf5a5367213199806eb1e8c8bb1ac76da5c3fce588ce4202c0820c,1280,720,12.02,494,41.083,194,16166,Left,0.462693,0.376729,0.52702,0.425204,0.575296,0.497355,0.60805,0.563573,0.644521,0.625173,0.518543,0.526512,0.53597,0.658147,0.547637,0.739238,0.555749,0.789091,0.46201,0.531238,0.456694,0.652412,0.456076,0.744063,0.456245,0.817597,0.412084,0.527263,0.387175,0.618999,0.37242,0.703458,0.363153,0.775578,0.370518,0.513812,0.319645,0.593292,0.285154,0.647924,0.256465,0.698019
video1.mp4,dea74cf05eaf5a5367213199806eb1e8c8bb1ac76da5c3fce588ce4202c0820c,1280,720,12.02,494,41.083,195,16250,Right,0.46242,0.374501,0.524325,0.426182,0.576612,0.502043,0.61153,0.581481,0.652273,0.647413,0.512182,0.513511,0.530974,0.637843,0.546191,0.729779,0.556582,0.811602,0.455268,0.526541,0.455914,0.646039,0.458388,0.744307,0.457953,0.828574,0.407731,0.526461,0.385901,0.62501,0.373244,0.711296,0.363459,0.786228,0.369653,0.515847,0.320128,0.592941,0.285613,0.645191,0.258297,0.696413
video1.mp4,dea74cf05eaf5a5367213199806eb1e8c8bb1ac76da5c3fce588ce4202c0820c,1280,720,12.02,494,41.083,196,16333,Right,0.462255,0.372366,0.523755,0.444407,0.572331,0.535834,0.614599,0.604144,0.65375,0.65988,0.509194,0.52986,0.52421,0.637693,0.537405,0.719575,0.547836,0.798736,0.45935,0.527288,0.46205,0.645225,0.464202,0.737822,0.465104,0.825991,0.414762,0.517627,0.39729,0.61353,0.386356,0.706056,0.378379,0.79689,0.379255,0.50247,0.344796,0.588862,0.322687,0.645766,0.304135,0.705298
video1.mp4,dea74cf05eaf5a5367213199806eb1e8c8bb1ac76da5c3fce588ce4202c0820c,1280,720,12.02,494,41.083,197,16416,Right,0.458906,0.369985,0.521924,0.469722,0.568466,0.587489,0.609319,0.678265,0.655261,0.74276,0.520049,0.546535,0.543511,0.648471,0.558765,0.729148,0.572496,0.801222,0.463206,0.529183,0.462032,0.646465,0.458208,0.748693,0.455432,0.832437,0.411323,0.51165,0.393335,0.612288,0.38074,0.710044,0.372676,0.794814,0.375597,0.49464,0.341057,0.577322,0.320753,0.639406,0.301337,0.696799
video1.mp4,dea74cf05eaf5a5367213199806eb1e8c8bb1ac76da5c3fce588ce4202c0820c,1280,720,12.02,494,41.083,198,16500,Right,0.456068,0.373994,0.519137,0.421796,0.569794,0.50268,0.613348,0.57005,0.664098,0.62126,0.516605,0.516698,0.542362,0.644918,0.558379,0.740036,0.56865,0.810715,0.457279,0.524615,0.45542,0.655531,0.45527,0.760862,0.452568,0.841126,0.407264,0.522842,0.383414,0.630344,0.371701,0.723109,0.36357,0.799798,0.367223,0.513217,0.321294,0.595344,0.288031,0.649112,0.259359,0.69707
video1.mp4,dea74cf05eaf5a5367213199806eb1e8c8bb1ac76da5c3fce588ce4202c0820c,1280,720,12.02,494,41.083,199,16583,Right,0.46505,0.361817,0.52746,0.425483,0.580812,0.51578,0.625562,0.596246,0.678934,0.650778,0.520927,0.527365,0.549556,0.656072,0.572029,0.746822,0.591163,0.830208,0.461215,0.532694,0.460202,0.653683,0.461431,0.748761,0.459739,0.82957,0.410462,0.526435,0.387046,0.626452,0.373571,0.712517,0.362535,0.788127,0.369985,0.513231,0.321501,0.5939,0.287518,0.645716,0.257378,0.697179
video1.mp4,dea74cf05eaf5a5367213199806eb1e8c8bb1ac76da5c3fce588ce4202c0820c,1280,720,12.02,494,41.083,200,16666,Right,0.465862,0.358448,0.528568,0.415336,0.581658,0.503935,0.6252,0.583515,0.676354,0.64022,0.523598,0.521257,0.54826,0.64219,0.568716,0.731263,0.586305,0.813058,0.463758,0.526574,0.459508,0.651543,0.461503,0.751281,0.461855,0.835955,0.412893,0.520986,0.387396,0.620752,0.374969,0.710097,0.365922,0.78806,0.371845,0.507648,0.320487,0.592516,0.28563,0.647574,0.256807,0.699402
video1.mp4,dea74cf05eaf5a5367213199806eb1e8c8bb1ac76da5c3fce588ce4202c0820c,1280,720,12.02,494,41.083,201,16750,Right,0.463348,0.354598,0.527353,0.410756,0.582572,0.505348,0.625422,0.585201,0.670944,0.6426,0.520359,0.514707,0.54181,0.628503,0.56193,0.715382,0.58095,0.79953,0.461302,0.52185,0.460591,0.637895,0.461145,0.729321,0.461285,0.815061,0.41143,0.51686,0.387308,0.621287,0.373132,0.709868,0.363986,0.793704,0.370458,0.501114,0.321099,0.585252,0.287757,0.638647,0.261097,0.692631
video1.mp4,dea74cf05eaf5a5367213199806eb1e8c8bb1ac76da5c3fce588ce4202c0820c,1280,720,12.02,494,41.083,202,16833,Right,0.462722,0.355061,0.527325,0.446102,0.570488,0.592727,0.596851,0.717954,0.626126,0.821219,0.511979,0.519226,0.530925,0.596562,0.5466,0.658725,0.562377,0.729502,0.456148,0.510577,0.454901,0.617655,0.45521,0.711213,0.4551,0.797625,0.407288,0.507308,0.385691,0.602878,0.372858,0.695886,0.364269,0.785259,0.372279,0.499521,0.330255,0.582747,0.302846,0.636398,0.279063,0.692063
video1.mp4,dea74cf05eaf5a5367213199806eb1e8c8bb1ac76da5c3fce588ce4202c0820c,1280,720,12.02,494,41.083,203,16916,Left,0.468433,0.377237,0.41226,0.443085,0.384323,0.552825,0.383808,0.650517,0.391489,0.731095,0.415533,0.509505,0.39424,0.58325,0.388229,0.636189,0.381688,0.700183,0.46843,0.514381,0.470286,0.636844,0.477154,0.735759,0.478471,0.82204,0.518747,0.508964,0.541657,0.622225,0.559599,0.712365,0.569377,0.791975,0.565399,0.492049,0.599216,0.563503,0.621682,0.616906,0.638421,0.67025
video1.mp4,dea74cf05eaf5a5367213199806eb1e8c8bb1ac76da5c3fce588ce4202c0820c,1280,720,12.02,494,41.083,204,17000,Right,0.4736,0.378323,0.526294,0.431027,0.570969,0.506474,0.601547,0.576283,0.631016,0.641954,0.537049,0.516324,0.557622,0.650357,0.568138,0.738125,0.573712,0.801607,0.497603,0.509229,0.520454,0.612148,0.531633,0.696286,0.536022,0.747479,0.454194,0.492468,0.451437,0.574764,0.448637,0.633109,0.447601,0.667133,0.408857,0.467963,0.375924,0.517971,0.355109,0.543852,0.339119,0.555871
video1.mp4,dea74cf05eaf5a5367213199806eb1e8c8bb1ac76da5c3fce588ce4202c0820c,1280,720,12.02,494,41.083,205,17083,Right,0.462297,0.388256,0.496677,0.473409,0.523239,0.591525,0.541972,0.686467,0.557324,0.753433,0.509933,0.534757,0.529116,0.639436,0.547194,0.710629,0.561867,0.775953,0.475493,0.496385,0.482857,0.600446,0.483663,0.688653,0.479001,0.758832,0.438112,0.468929,0.422994,0.576788,0.412081,0.681613,0.398003,0.776352,0.401381,0.4476,0.360971,0.523046,0.334179,0.571937,0.307032,0.616155
video1.mp4,dea74cf05eaf5a5367213199806eb1e8c8bb1ac76da5c3fce588ce4202c0820c,1280,720,12.02,494,41.083,206,17166,Right,0.472434,0.398234,0.505283,0.491606,0.50997,0.607314,0.496118,0.699208,0.476182,0.741793,0.506259,0.561472,0.522203,0.650336,0.534681,0.718995,0.543479,0.777989,0.47429,0.515596,0.470704,0.618987,0.467663,0.702265,0.464026,0.768128,0.437694,0.478476,0.406304,0.578466,0.387494,0.663767,0.37253,0.733224,0.403158,0.451579,0.349579,0.522005,0.322504,0.561875,0.300041,0.594976
video1.mp4,dea74cf05eaf5a5367213199806eb1e8c8bb1ac76da5c3fce588ce4202c0820c,1280,720,12.02,494,41.083,207,17250,Left,0.466685,0.39406,0.416428,0.447381,0.371539,0.531356,0.335797,0.594306,0.307489,0.611722,0.402306,0.487992,0.38569,0.561498,0.37525,0.617683,0.36479,0.676064,0.454697,0.484116,0.474079,0.579043,0.482473,0.656668,0.486985,0.723404,0.500562,0.484231,0.519173,0.584502,0.524419,0.669565,0.528801,0.737337,0.534834,0.488363,0.551271,0.577075,0.555789,0.644435,0.555369,0.702279
video1.mp4,dea74cf05eaf5a5367213199806eb1e8c8bb1ac76da5c3fce588ce4202c0820c,1280,720,12.02,494,41.083,208,17333,Right,0.460649,0.388803,0.512409,0.479687,0.533237,0.588624,0.547059,0.686429,0.561034,0.746787,0.505267,0.526143,0.527893,0.650095,0.542354,0.742838,0.549946,0.818064,0.457771,0.501452,0.463372,0.617391,0.460696,0.713288,0.45667,0.788333,0.412381,0.49004,0.396386,0.599234,0.385446,0.707995,0.377572,0.796693,0.374198,0.490738,0.324185,0.575141,0.288085,0.643075,0.257897,0.701773
video1.mp4,dea74cf05eaf5a5367213199806eb1e8c8bb1ac76da5c3fce588ce4202c0820c,1280,720,12.02,494,41.083,209,17416,Right,0.460046,0.387939,0.521646,0.446891,0.563075,0.537687,0.595944,0.612318,0.637494,0.663899,0.514436,0.532644,0.544437,0.651985,0.566394,0.74233,0.583464,0.82116,0.460777,0.522029,0.459156,0.630318,0.455052,0.726261,0.45074,0.804088,0.412044,0.511959,0.38467,0.608783,0.369529,0.699906,0.359392,0.775437,0.371921,0.505641,0.31777,0.593053,0.27971,0.652229,0.24531,0.701846
video1.mp4,dea74cf05eaf5a5367213199806eb1e8c8bb1ac76da5c3fce588ce4202c0820c,1280,720,12.02,494,41.083,210,17500,Right,0.462065,0.376207,0.52646,0.420742,0.573693,0.490211,0.600192,0.566594,0.628034,0.643967,0.513937,0.530104,0.536463,0.653944,0.55409,0.739674,0.567738,0.812049,0.456536,0.536085,0.45987,0.656321,0.463032,0.750675,0.465475,0.832226,0.407583,0.529773,0.38359,0.630693,0.36577,0.717536,0.353249,0.794186,0.366977,0.514627,0.313793,0.593015,0.275016,0.649731,0.241634,0.702476
video1.mp4,dea74cf05eaf5a5367213199806eb1e8c8bb1ac76da5c3fce588ce4202c0820c,1280,720,12.02,494,41.083,211,17583,Left,0.4611,0.374898,0.527122,0.417845,0.575875,0.494886,0.603121,0.569192,0.630924,0.642035,0.520555,0.546954,0.548142,0.672639,0.569041,0.761561,0.586026,0.838888,0.464345,0.545115,0.465411,0.676745,0.464251,0.773376,0.462485,0.85369,0.413318,0.531996,0.384846,0.64042,0.36317,0.722615,0.347511,0.796225,0.367198,0.508075,0.310596,0.58986,0.271572,0.647332,0.238588,0.701862
video1.mp4,dea74cf05eaf5a5367213199806eb1e8c8bb1ac76da5c3fce588ce4202c0820c,1280,720,12.02,494,41.083,212,17666,Left,0.463574,0.391262,0.526305,0.421851,0.577262,0.493662,0.605696,0.564522,0.633097,0.643232,0.513895,0.535351,0.524338,0.610361,0.52889,0.651686,0.529861,0.68618,0.452655,0.551438,0.447134,0.668278,0.442785,0.75967,0.435108,0.831063,0.401226,0.550263,0.375538,0.652308,0.359701,0.728404,0.348609,0.795366,0.362804,0.529823,0.312209,0.603409,0.274791,0.653339,0.243877,0.699897
video1.mp4,dea74cf05eaf5a5367213199806eb1e8c8bb1ac76da5c3fce588ce4202c0820c,1280,720,12.02,494,41.083,213,17750,Left,0.467127,0.387024,0.529385,0.424195,0.577918,0.49991,0.608004,0.567687,0.636909,0.639289,0.513193,0.545994,0.525954,0.616447,0.539115,0.646838,0.55667,0.658177,0.454587,0.552864,0.441868,0.685491,0.434958,0.770897,0.430458,0.834846,0.403977,0.544948,0.374908,0.64676,0.357819,0.720864,0.349181,0.789377,0.364618,0.518618,0.314088,0.601991,0.276273,0.654131,0.245216,0.702196
video1.mp4,dea74cf05eaf5a5367213199806eb1e8c8bb1ac76da5c3fce588ce4202c0820c,1280,720,12.02,494,41.083,214,17833,Left,0.462887,0.383929,0.528161,0.41514,0.57637,0.489197,0.602906,0.559368,0.631289,0.634659,0.511435,0.535038,0.527918,0.626345,0.543262,0.680564,0.560711,0.711053,0.453416,0.543899,0.442725,0.678103,0.438218,0.76707,0.435674,0.833287,0.40309,0.538554,0.374553,0.644243,0.357634,0.723791,0.348988,0.792905,0.364114,0.516474,0.312331,0.601597,0.274865,0.656008,0.245087,0.704056
video1.mp4,dea74cf05eaf5a5367213199806eb1e8c8bb1ac76da5c3fce588ce4202c0820c,1280,720,12.02,494,41.083,215,17916,Right,0.460605,0.377904,0.527742,0.419818,0.578444,0.492925,0.60684,0.566463,0.632389,0.643935,0.51143,0.54209,0.535584,0.675894,0.549833,0.765666,0.55947,0.825774,0.45285,0.544357,0.442271,0.672213,0.438195,0.768932,0.434953,0.84487,0.404445,0.536702,0.375981,0.636079,0.359502,0.722554,0.348194,0.794627,0.367017,0.522114,0.311679,0.602446,0.273418,0.656417,0.241201,0.704603
video1.mp4,dea74cf05eaf5a5367213199806eb1e8c8bb1ac76da5c3fce588ce4202c0820c,1280,720,12.02,494,41.083,216,18000,Left,0.46095,0.375245,0.524521,0.420474,0.573541,0.498636,0.602993,0.570943,0.628668,0.646677,0.516091,0.564752,0.537331,0.694051,0.550728,0.771466,0.562257,0.815952,0.460784,0.561074,0.460676,0.689489,0.461279,0.779039,0.46343,0.851525,0.411477,0.543903,0.382738,0.642404,0.362332,0.724018,0.34971,0.795742,0.367643,0.512387,0.310309,0.590491,0.270381,0.645667,0.23842,0.696339
video1.mp4,dea74cf05eaf5a5367213199806eb1e8c8bb1ac76da5c3fce588ce4202c0820c,1280,720,12.02,494,41.083,217,18083,Left,0.4607,0.378085,0.522953,0.425151,0.5729,0.501484,0.605009,0.571702,0.633037,0.643307,0.531061,0.525736,0.552664,0.635398,0.566768,0.715146,0.577642,0.774348,0.480379,0.525437,0.492239,0.639597,0.499097,0.730426,0.507045,0.792179,0.430345,0.518571,0.426096,0.613409,0.424839,0.689588,0.429712,0.747511,0.382703,0.496809,0.340224,0.568225,0.315497,0.619359,0.299236,0.659597
video1.mp4,dea74cf05eaf5a5367213199806eb1e8c8bb1ac76da5c3fce588ce4202c0820c,1280,720,12.02,494,41.083,218,18166,Right,0.455329,0.373186,0.514666,0.424168,0.565445,0.514327,0.600026,0.588272,0.632817,0.649894,0.509626,0.53262,0.529978,0.636142,0.546325,0.703901,0.560141,0.776886,0.454521,0.526145,0.454175,0.64709,0.453034,0.744738,0.449326,0.836437,0.407187,0.514725,0.381775,0.622379,0.359646,0.707949,0.340419,0.794236,0.368697,0.497566,0.318007,0.569708,0.279296,0.615977,0.242785,0.663956
video1.mp4,dea74cf05eaf5a5367213199806eb1e8c8bb1ac76da5c3fce588ce4202c0820c,1280,720,12.02,494,41.083,219,18250,Right,0.463742,0.371763,0.526891,0.42649,0.574695,0.502852,0.604624,0.578658,0.635206,0.646678,0.509601,0.538845,0.531115,0.658203,0.549821,0.74284,0.562983,0.820564,0.452541,0.546295,0.451015,0.66983,0.45417,0.762524,0.452677,0.839696,0.406806,0.538636,0.377063,0.642061,0.35673,0.723638,0.338212,0.792491,0.371618,0.519356,0.313547,0.56946,0.272378,0.599509,0.236658,0.630164
video1.mp4,dea74cf05eaf5a5367213199806eb1e8c8bb1ac76da5c3fce588ce4202c0820c,1280,720,12.02,494,41.083,220,18333,Left,0.465708,0.391424,0.529149,0.429293,0.57747,0.509206,0.606564,0.576718,0.634456,0.646624,0.518589,0.5513,0.534005,0.666376,0.546143,0.741762,0.552023,0.79994,0.462704,0.552864,0.455115,0.667178,0.453637,0.747336,0.447967,0.813397,0.414887,0.534093,0.373627,0.615623,0.344476,0.669781,0.316504,0.715964,0.377382,0.494066,0.316141,0.512057,0.272815,0.507841,0.233168,0.502707
video1.mp4,dea74cf05eaf5a5367213199806eb1e8c8bb1ac76da5c3fce588ce4202c0820c,1280,720,12.02,494,41.083,221,18416,Left,0.471368,0.379622,0.530326,0.426515,0.577362,0.510375,0.610952,0.575785,0.641405,0.644755,0.527167,0.539041,0.544263,0.656525,0.559397,0.733662,0.569459,0.795966,0.472392,0.538,0.477896,0.653327,0.486229,0.732297,0.489004,0.798525,0.422945,0.518601,0.383344,0.609973,0.354698,0.672709,0.329001,0.723122,0.381829,0.476076,0.320583,0.512103,0.275925,0.520944,0.236543,0.522266
video1.mp4,dea74cf05eaf5a5367213199806eb1e8c8bb1ac76da5c3fce588ce4202c0820c,1280,720,12.02,494,41.083,222,18500,Left,0.463477,0.367358,0.522646,0.42419,0.572678,0.50607,0.606105,0.572889,0.633613,0.641716,0.519989,0.54099,0.537924,0.669381,0.552625,0.75321,0.563166,0.816123,0.461734,0.541134,0.460088,0.669129,0.460552,0.754882,0.457862,0.823188,0.413747,0.520123,0.380367,0.61972,0.35678,0.691386,0.337025,0.75007,0.377512,0.481184,0.320138,0.525874,0.278831,0.543846,0.243938,0.55587
video1.mp4,dea74cf05eaf5a5367213199806eb1e8c8bb1ac76da5c3fce588ce4202c0820c,1280,720,12.02,494,41.083,223,18583,Right,0.459971,0.372147,0.525574,0.418844,0.576371,0.488632,0.603342,0.564644,0.628596,0.644884,0.515016,0.545999,0.537472,0.673317,0.551486,0.757095,0.560739,0.817171,0.456999,0.549395,0.455842,0.665547,0.455626,0.757098,0.453957,0.827937,0.406704,0.53669,0.379736,0.634423,0.36147,0.720477,0.347873,0.791986,0.363812,0.512563,0.310349,0.590137,0.275002,0.647953,0.245142,0.702368
video1.mp4,dea74cf05eaf5a5367213199806eb1e8c8bb1ac76da5c3fce588ce4202c0820c,1280,720,12.02,494,41.083,224,18666,Right,0.461953,0.375076,0.523479,0.421479,0.571244,0.501226,0.601931,0.573314,0.635409,0.642409,0.510985,0.523984,0.523085,0.608485,0.533581,0.671874,0.54384,0.737359,0.454434,0.524367,0.450808,0.639514,0.449013,0.726817,0.447901,0.808164,0.405701,0.519404,0.37801,0.619921,0.357977,0.704449,0.344997,0.783421,0.364736,0.502042,0.312866,0.580752,0.278068,0.636633,0.250061,0.692372
video1.mp4,dea74cf05eaf5a5367213199806eb1e8c8bb1ac76da5c3fce588ce4202c0820c,1280,720,12.02,494,41.083,225,18750,Right,0.463965,0.373751,0.528083,0.42118,0.575537,0.500151,0.604796,0.571046,0.637638,0.63821,0.51432,0.517404,0.527456,0.620101,0.540626,0.695319,0.551531,0.766166,0.456003,0.520977,0.448982,0.643999,0.445545,0.739919,0.440834,0.820275,0.40537,0.517721,0.375013,0.617002,0.356908,0.702591,0.344418,0.775183,0.364528,0.504013,0.313424,0.584403,0.279019,0.640845,0.250268,0.692467
video1.mp4,dea74cf05eaf5a5367213199806eb1e8c8bb1ac76da5c3fce588ce4202c0820c,1280,720,12.02,494,41.083,226,18833,Right,0.461461,0.373679,0.526256,0.424757,0.57727,0.494967,0.604907,0.567668,0.630213,0.64178,0.509809,0.52304,0.524178,0.647226,0.537258,0.738021,0.545807,0.812875,0.453032,0.531487,0.450957,0.651449,0.448386,0.751881,0.442601,0.832095,0.403992,0.528808,0.37661,0.630026,0.359668,0.715942,0.346362,0.786555,0.363628,0.515679,0.314414,0.594443,0.280106,0.649386,0.251013,0.699342
video1.mp4,dea74cf05eaf5a5367213199806eb1e8c8bb1ac76da5c3fce588ce4202c0820c,1280,720,12.02,494,41.083,227,18916,Left,0.461692,0.37596,0.524466,0.421963,0.574747,0.495675,0.604471,0.566445,0.629845,0.634445,0.514711,0.524489,0.527571,0.647092,0.537635,0.735207,0.543889,0.800988,0.459482,0.521011,0.454735,0.624258,0.45054,0.705373,0.444514,0.769484,0.411133,0.506899,0.383241,0.582797,0.362494,0.642966,0.344748,0.690144,0.370711,0.481384,0.322895,0.546797,0.288798,0.594132,0.257712,0.632192
video1.mp4,dea74cf05eaf5a5367213199806eb1e8c8bb1ac76da5c3fce588ce4202c0820c,1280,720,12.02,494,41.083,228,19000,Right,0.463048,0.374873,0.527175,0.421068,0.577513,0.494372,0.603027,0.576173,0.629986,0.653704,0.514933,0.507417,0.531211,0.636771,0.54388,0.731058,0.550431,0.817176,0.45642,0.514414,0.453715,0.642431,0.453448,0.752224,0.450412,0.84798,0.406253,0.511629,0.377236,0.618895,0.357503,0.718051,0.341912,0.805614,0.365569,0.500739,0.314223,0.584015,0.275665,0.646781,0.243367,0.707282
video1.mp4,dea74cf05eaf5a5367213199806eb1e8c8bb1ac76da5c3fce588ce4202c0820c,1280,720,12.02,494,41.083,229,19083,Right,0.460078,0.376341,0.524545,0.4212,0.573554,0.493985,0.601719,0.563916,0.630275,0.637951,0.513296,0.522661,0.529181,0.640353,0.542298,0.726334,0.551411,0.78902,0.457162,0.527294,0.454423,0.654537,0.452174,0.755534,0.448699,0.835228,0.407285,0.5248,0.378958,0.625939,0.360681,0.713728,0.34788,0.786282,0.365148,0.510994,0.314269,0.593036,0.279231,0.6499,0.249926,0.70058
video1.mp4,dea74cf05eaf5a5367213199806eb1e8c8bb1ac76da5c3fce588ce4202c0820c,1280,720,12.02,494,41.083,230,19166,Right,0.459015,0.37828,0.524282,0.42683,0.574042,0.501655,0.602908,0.572044,0.629941,0.64552,0.515458,0.531854,0.533842,0.6641,0.546045,0.750648,0.554197,0.807765,0.458548,0.531218,0.452548,0.658926,0.449833,0.755951,0.448009,0.831272,0.408512,0.526513,0.380064,0.6268,0.361775,0.717422,0.349378,0.79088,0.365846,0.51615,0.311269,0.597742,0.274496,0.65466,0.245022,0.704398
video1.mp4,dea74cf05eaf5a5367213199806eb1e8c8bb1ac76da5c3fce588ce4202c0820c,1280,720,12.02,494,41.083,231,19250,Right,0.459771,0.36997,0.523226,0.420954,0.572838,0.493169,0.600856,0.568627,0.627742,0.646072,0.51349,0.522763,0.530463,0.651775,0.54463,0.743009,0.554358,0.820501,0.455668,0.529596,0.452009,0.651774,0.449712,0.749287,0.446283,0.832425,0.407352,0.527048,0.380761,0.631617,0.362996,0.722699,0.349927,0.801791,0.368025,0.515279,0.316317,0.592488,0.280663,0.648718,0.251514,0.70344
video1.mp4,dea74cf05eaf5a5367213199806eb1e8c8bb1ac76da5c3fce588ce4202c0820c,1280,720,12.02,494,41.083,232,19333,Right,0.461546,0.367103,0.523971,0.427418,0.570235,0.505371,0.601203,0.579593,0.631596,0.646945,0.514533,0.504895,0.528963,0.64428,0.542465,0.742052,0.551469,0.824384,0.457778,0.501562,0.458091,0.6176,0.455742,0.710921,0.451146,0.789223,0.408885,0.494695,0.381801,0.577826,0.363039,0.653218,0.347912,0.717951,0.368671,0.487119,0.321062,0.569065,0.28863,0.631995,0.25911,0.689819
video1.mp4,dea74cf05eaf5a5367213199806eb1e8c8bb1ac76da5c3fce588ce4202c0820c,1280,720,12.02,494,41.083,233,19416,Right,0.462899,0.375543,0.529025,0.423337,0.575271,0.499011,0.599482,0.577781,0.629603,0.649175,0.512288,0.511824,0.524406,0.635185,0.537145,0.723401,0.547701,0.805547,0.456464,0.518502,0.455878,0.636142,0.457025,0.731229,0.45692,0.817312,0.407372,0.517683,0.381044,0.616971,0.361724,0.701534,0.347409,0.777073,0.365514,0.507867,0.318362,0.590227,0.285585,0.647714,0.257027,0.7031
video1.mp4,dea74cf05eaf5a5367213199806eb1e8c8bb1ac76da5c3fce588ce4202c0820c,1280,720,12.02,494,41.083,234,19500,Right,0.458729,0.379814,0.526365,0.429118,0.572854,0.507424,0.603669,0.577229,0.635529,0.640708,0.512957,0.513904,0.529461,0.609024,0.545544,0.682304,0.559743,0.756666,0.457984,0.512564,0.454984,0.634789,0.453496,0.732165,0.451571,0.819754,0.407969,0.510928,0.380006,0.611817,0.363695,0.698572,0.352663,0.777576,0.366845,0.50476,0.317752,0.586187,0.285292,0.644401,0.255979,0.701066
video1.mp4,dea74cf05eaf5a5367213199806eb1e8c8bb1ac76da5c3fce588ce4202c0820c,1280,720,12.02,494,41.083,235,19583,Right,0.460721,0.372211,0.527939,0.420527,0.577771,0.496144,0.607674,0.574205,0.636537,0.652841,0.514457,0.520404,0.535653,0.639944,0.55447,0.725617,0.568,0.805691,0.456869,0.526492,0.456109,0.644294,0.456405,0.737854,0.453696,0.820584,0.407891,0.525204,0.379982,0.627286,0.361199,0.715459,0.346343,0.790932,0.366648,0.51715,0.313728,0.596205,0.278748,0.652363,0.248906,0.706861
video1.mp4,dea74cf05eaf5a5367213199806eb1e8c8bb1ac76da5c3fce588ce4202c0820c,1280,720,12.02,494,41.083,236,19666,Right,0.461792,0.368642,0.528617,0.420172,0.57638,0.500148,0.604525,0.575578,0.633401,0.649537,0.51811,0.5256,0.53892,0.657718,0.556401,0.747372,0.569957,0.819935,0.460325,0.52919,0.458052,0.64825,0.456792,0.745545,0.453839,0.828662,0.40994,0.524935,0.380715,0.621855,0.361987,0.710652,0.347802,0.788483,0.366571,0.514199,0.315286,0.591556,0.280518,0.648148,0.250692,0.704057
video1.mp4,dea74cf05eaf5a5367213199806eb1e8c8bb1ac76da5c3fce588ce4202c0820c,1280,720,12.02,494,41.083,237,19750,Right,0.455645,0.379327,0.517481,0.435045,0.566919,0.518143,0.610354,0.583782,0.65198,0.630168,0.511526,0.533053,0.530305,0.647175,0.543876,0.733567,0.553862,0.806969,0.457827,0.529767,0.453121,0.644829,0.448963,0.736989,0.445798,0.817971,0.409908,0.524454,0.383955,0.623825,0.36569,0.711452,0.351339,0.789203,0.368868,0.514661,0.31858,0.593151,0.285386,0.647917,0.255415,0.701261
video1.mp4,dea74cf05eaf5a5367213199806eb1e8c8bb1ac76da5c3fce588ce4202c0820c,1280,720,12.02,494,41.083,238,19833,Left,0.45775,0.386158,0.524096,0.424545,0.580734,0.488367,0.627186,0.536627,0.670714,0.581013,0.516067,0.538418,0.539621,0.661685,0.554918,0.75095,0.565759,0.82025,0.457477,0.539581,0.454098,0.653467,0.453379,0.753122,0.452661,0.837968,0.406438,0.528798,0.377456,0.623459,0.358995,0.713108,0.344677,0.790677,0.365906,0.510114,0.316571,0.588143,0.283136,0.645913,0.252805,0.702438
video1.mp4,dea74cf05eaf5a5367213199806eb1e8c8bb1ac76da5c3fce588ce4202c0820c,1280,720,12.02,494,41.083,239,19916,Right,0.459353,0.372048,0.526688,0.421685,0.581846,0.49967,0.619161,0.573535,0.65249,0.645154,0.515994,0.536229,0.539641,0.663732,0.556788,0.751604,0.569822,0.823897,0.455701,0.538558,0.453597,0.65234,0.452737,0.748528,0.450458,0.830609,0.403432,0.529449,0.376329,0.629702,0.358748,0.721568,0.345238,0.802051,0.361812,0.511285,0.313186,0.59504,0.28001,0.655514,0.250891,0.712678
video1.mp4,dea74cf05eaf5a5367213199806eb1e8c8bb1ac76da5c3fce588ce4202c0820c,1280,720,12.02,494,41.083,240,20000,Right,0.456838,0.380149,0.524672,0.425341,0.581533,0.50571,0.623066,0.569865,0.657567,0.636449,0.51666,0.527746,0.536889,0.659544,0.552611,0.750755,0.565014,0.820531,0.456884,0.526348,0.451525,0.641585,0.447449,0.736803,0.443928,0.820845,0.405369,0.521735,0.379684,0.620485,0.361702,0.710514,0.347939,0.79049,0.363496,0.511855,0.315445,0.592547,0.281095,0.650102,0.251073,0.705278
video1.mp4,dea74cf05eaf5a5367213199806eb1e8c8bb1ac76da5c3fce588ce4202c0820c,1280,720,12.02,494,41.083,241,20083,Right,0.455701,0.375859,0.521501,0.418097,0.587151,0.496295,0.640033,0.550712,0.688382,0.601641,0.508815,0.525853,0.529694,0.625653,0.546065,0.695079,0.560007,0.769818,0.450597,0.530738,0.448414,0.643583,0.444131,0.736845,0.437944,0.827905,0.400195,0.527502,0.376931,0.625938,0.360784,0.713408,0.348927,0.797415,0.362461,0.512814,0.319841,0.59334,0.290056,0.648782,0.262941,0.705856
video1.mp4,dea74cf05eaf5a5367213199806eb1e8c8bb1ac76da5c3fce588ce4202c0820c,1280,720,12.02,494,41.083,242,20166,Right,0.458615,0.368063,0.526255,0.425535,0.585769,0.512949,0.636771,0.58485,0.678718,0.653827,0.512269,0.535349,0.532407,0.651676,0.551599,0.742384,0.567798,0.826956,0.451723,0.538346,0.448566,0.660706,0.447145,0.759727,0.442892,0.847919,0.400065,0.53137,0.379485,0.634211,0.365018,0.726171,0.352229,0.808432,0.359727,0.514659,0.317079,0.597725,0.287306,0.655473,0.259242,0.710133
video1.mp4,dea74cf05eaf5a5367213199806eb1e8c8bb1ac76da5c3fce588ce4202c0820c,1280,720,12.02,494,41.083,243,20250,Right,0.455549,0.373778,0.51826,0.462416,0.571962,0.591323,0.616569,0.689181,0.653122,0.778965,0.516571,0.548528,0.543693,0.667121,0.568729,0.760385,0.588001,0.852854,0.457444,0.535078,0.452163,0.642229,0.447559,0.735267,0.439114,0.828183,0.406213,0.522884,0.390171,0.610451,0.379576,0.698733,0.367602,0.790866,0.370434,0.508111,0.341538,0.5762,0.323111,0.629527,0.302692,0.690417
video1.mp4,dea74cf05eaf5a5367213199806eb1e8c8bb1ac76da5c3fce588ce4202c0820c,1280,720,12.02,494,41.083,244,20333,Left,0.452128,0.393943,0.518966,0.432973,0.576249,0.520418,0.624064,0.579453,0.673056,0.630388,0.513418,0.542703,0.532187,0.600622,0.546196,0.642097,0.553451,0.693383,0.45091,0.543262,0.445837,0.622226,0.442294,0.684898,0.432817,0.751923,0.39801,0.536317,0.370223,0.612134,0.360662,0.663159,0.351912,0.727729,0.35703,0.513432,0.309106,0.57228,0.275237,0.610537,0.242188,0.659083
video1.mp4,dea74cf05eaf5a5367213199806eb1e8c8bb1ac76da5c3fce588ce4202c0820c,1280,720,12.02,494,41.083,245,20416,Left,0.45912,0.363169,0.524367,0.426598,0.581971,0.521342,0.630992,0.587087,0.672106,0.652471,0.515109,0.54268,0.524722,0.663434,0.538232,0.750397,0.550075,0.823485,0.457269,0.537056,0.451586,0.640135,0.449095,0.723008,0.445678,0.800005,0.410003,0.519124,0.386833,0.606055,0.367465,0.681426,0.350849,0.751979,0.374753,0.488447,0.332889,0.555547,0.303479,0.593922,0.276842,0.629809
video1.mp4,dea74cf05eaf5a5367213199806eb1e8c8bb1ac76da5c3fce588ce4202c0820c,1280,720,12.02,494,41.083,246,20500,Right,0.450613,0.382375,0.512701,0.463503,0.559795,0.565459,0.597767,0.635647,0.630541,0.693987,0.500554,0.549315,0.511367,0.665439,0.521961,0.744549,0.527171,0.814371,0.452495,0.526734,0.453474,0.613613,0.45367,0.689562,0.450259,0.758784,0.412318,0.50255,0.39827,0.58719,0.387246,0.674844,0.375258,0.764031,0.384186,0.475502,0.357383,0.547842,0.337516,0.603777,0.316612,0.658428
video1.mp4,dea74cf05eaf5a5367213199806eb1e8c8bb1ac76da5c3fce588ce4202c0820c,1280,720,12.02,494,41.083,247,20583,Right,0.456826,0.38763,0.522126,0.436533,0.573363,0.517793,0.611447,0.587497,0.649871,0.646907,0.51021,0.543956,0.530659,0.663598,0.542702,0.74605,0.551426,0.810215,0.454171,0.541108,0.451557,0.661773,0.44723,0.755502,0.440489,0.828881,0.406067,0.530759,0.381224,0.626999,0.362393,0.715259,0.346946,0.787865,0.369118,0.513472,0.327803,0.589367,0.2986,0.64466,0.270606,0.694458
video1.mp4,dea74cf05eaf5a5367213199806eb1e8c8bb1ac76da5c3fce588ce4202c0820c,1280,720,12.02,494,41.083,248,20666,Right,0.457827,0.378107,0.524845,0.428905,0.577889,0.508034,0.61846,0.574506,0.654048,0.633292,0.511109,0.541837,0.531598,0.657422,0.548212,0.745178,0.560688,0.820194,0.452545,0.54293,0.449238,0.66101,0.448963,0.756802,0.44791,0.841778,0.402811,0.533369,0.376768,0.635131,0.359117,0.725186,0.345535,0.806837,0.365022,0.515795,0.316118,0.595429,0.28234,0.651365,0.250959,0.706802
video1.mp4,dea74cf05eaf5a5367213199806eb1e8c8bb1ac76da5c3fce588ce4202c0820c,1280,720,12.02,494,41.083,249,20750,Right,0.453265,0.382279,0.514161,0.457263,0.565118,0.557495,0.607811,0.629461,0.639136,0.698405,0.502729,0.557486,0.523208,0.669637,0.539741,0.754115,0.553386,0.824179,0.453202,0.544621,0.453715,0.656857,0.45226,0.752583,0.452245,0.839809,0.410713,0.527418,0.399423,0.625167,0.387921,0.721194,0.380824,0.813982,0.380027,0.505066,0.351357,0.592346,0.332863,0.653122,0.317749,0.71481
video1.mp4,dea74cf05eaf5a5367213199806eb1e8c8bb1ac76da5c3fce588ce4202c0820c,1280,720,12.02,494,41.083,250,20833,Right,0.455077,0.381116,0.521464,0.42081,0.573629,0.500968,0.615575,0.56865,0.657315,0.628145,0.507013,0.528065,0.525882,0.644423,0.540626,0.729053,0.55126,0.804821,0.451103,0.534542,0.452835,0.663228,0.451979,0.760298,0.447355,0.842516,0.403687,0.529291,0.378256,0.635884,0.359715,0.725726,0.344184,0.803289,0.367481,0.51538,0.32196,0.59631,0.289368,0.650418,0.258839,0.700071
video1.mp4,dea74cf05eaf5a5367213199806eb1e8c8bb1ac76da5c3fce588ce4202c0820c,1280,720,12.02,494,41.083,251,20916,Right,0.459129,0.377516,0.526224,0.421855,0.580492,0.501225,0.618853,0.571923,0.652865,0.636837,0.512465,0.536139,0.529869,0.654118,0.544729,0.740778,0.55626,0.814441,0.453514,0.54177,0.44939,0.662167,0.448092,0.759513,0.446163,0.842771,0.403403,0.536047,0.376188,0.641619,0.357202,0.728425,0.3427,0.80302,0.364311,0.520838,0.310687,0.600813,0.273557,0.653077,0.241416,0.700058
video1.mp4,dea74cf05eaf5a5367213199806eb1e8c8bb1ac76da5c3fce588ce4202c0820c,1280,720,12.02,494,41.083,252,21000,Left,0.461584,0.371771,0.524121,0.425487,0.578747,0.506019,0.617464,0.575716,0.652208,0.641152,0.516489,0.544812,0.533874,0.666498,0.546935,0.750298,0.557016,0.816782,0.45658,0.544849,0.449547,0.665505,0.446659,0.758702,0.443314,0.838838,0.40652,0.53012,0.375813,0.626248,0.356898,0.706286,0.343519,0.778241,0.366618,0.502841,0.312513,0.573651,0.27642,0.623263,0.247192,0.670307
video1.mp4,dea74cf05eaf5a5367213199806eb1e8c8bb1ac76da5c3fce588ce4202c0820c,1280,720,12.02,494,41.083,253,21083,Left,0.459113,0.37449,0.52295,0.417478,0.576298,0.497905,0.611402,0.572643,0.64689,0.640514,0.514274,0.53694,0.532149,0.657572,0.549403,0.74257,0.561517,0.820222,0.453148,0.545217,0.448364,0.663127,0.449297,0.761443,0.448412,0.854546,0.401927,0.537946,0.371545,0.641705,0.352941,0.725763,0.339454,0.808284,0.361151,0.515801,0.307024,0.589331,0.269439,0.639527,0.238864,0.693029
video1.mp4,dea74cf05eaf5a5367213199806eb1e8c8bb1ac76da5c3fce588ce4202c0820c,1280,720,12.02,494,41.083,254,21166,Left,0.455023,0.380386,0.523989,0.422053,0.577026,0.499555,0.610807,0.57149,0.646409,0.637385,0.511506,0.536725,0.528078,0.654344,0.539927,0.737909,0.549704,0.796116,0.451744,0.542827,0.447971,0.66387,0.444949,0.754843,0.443625,0.827284,0.400858,0.539403,0.373613,0.643157,0.355704,0.727604,0.344324,0.799672,0.360577,0.522841,0.309378,0.607221,0.275346,0.661164,0.247524,0.708413
video1.mp4,dea74cf05eaf5a5367213199806eb1e8c8bb1ac76da5c3fce588ce4202c0820c,1280,720,12.02,494,41.083,255,21250,Right,0.45886,0.381905,0.525149,0.4235,0.579331,0.500957,0.614055,0.574973,0.648743,0.643863,0.51059,0.535431,0.524756,0.648326,0.540907,0.73221,0.554363,0.812604,0.451494,0.544302,0.44761,0.664395,0.447559,0.758691,0.446429,0.846033,0.402659,0.540544,0.374282,0.64603,0.35591,0.730979,0.342837,0.811213,0.363856,0.523118,0.309608,0.595898,0.272433,0.64376,0.242282,0.694121
video1.mp4,dea74cf05eaf5a5367213199806eb1e8c8bb1ac76da5c3fce588ce4202c0820c,1280,720,12.02,494,41.083,256,21333,Left,0.462271,0.376633,0.527452,0.423498,0.580621,0.499758,0.614308,0.573376,0.645871,0.644211,0.517392,0.551064,0.530729,0.667064,0.544216,0.749018,0.555549,0.815917,0.457775,0.551844,0.450802,0.66904,0.447615,0.761965,0.44444,0.840051,0.407425,0.534804,0.375614,0.63157,0.351909,0.715787,0.334332,0.790453,0.365234,0.501498,0.306258,0.567399,0.267278,0.613954,0.23619,0.658341
video1.mp4,dea74cf05eaf5a5367213199806eb1e8c8bb1ac76da5c3fce588ce4202c0820c,1280,720,12.02,494,41.083,257,21416,Right,0.45551,0.373783,0.523737,0.42107,0.577514,0.499395,0.613024,0.570856,0.644775,0.638575,0.509988,0.535729,0.526682,0.659645,0.541518,0.744497,0.553498,0.814319,0.449402,0.539217,0.443371,0.661251,0.442208,0.757587,0.440944,0.840812,0.398325,0.533247,0.367941,0.635226,0.348842,0.718069,0.335178,0.793587,0.359341,0.51762,0.306013,0.593094,0.270485,0.646676,0.239759,0.698646
video1.mp4,dea74cf05eaf5a5367213199806eb1e8c8bb1ac76da5c3fce588ce4202c0820c,1280,720,12.02,494,41.083,258,21500,Right,0.455921,0.372245,0.524458,0.418939,0.576136,0.497962,0.610166,0.569151,0.643497,0.636015,0.510728,0.536663,0.531246,0.666736,0.54411,0.753158,0.555259,0.809038,0.450349,0.539119,0.444263,0.665179,0.440012,0.759444,0.438062,0.831115,0.399107,0.532026,0.370624,0.6329,0.35212,0.719791,0.340422,0.794532,0.359254,0.514322,0.305298,0.594356,0.269272,0.650339,0.238714,0.700325
video1.mp4,dea74cf05eaf5a5367213199806eb1e8c8bb1ac76da5c3fce588ce4202c0820c,1280,720,12.02,494,41.083,259,21583,Right,0.4609,0.375114,0.526271,0.429284,0.580723,0.505679,0.615819,0.576797,0.649568,0.646308,0.514341,0.544435,0.527774,0.664888,0.542692,0.747977,0.554698,0.823815,0.455876,0.545712,0.450356,0.669796,0.449929,0.766314,0.446657,0.855292,0.407126,0.535646,0.376961,0.642399,0.356304,0.728508,0.339431,0.808236,0.367592,0.513567,0.316074,0.590336,0.279719,0.645703,0.249072,0.703827
video1.mp4,dea74cf05eaf5a5367213199806eb1e8c8bb1ac76da5c3fce588ce4202c0820c,1280,720,12.02,494,41.083,260,21666,Left,0.459906,0.374549,0.521151,0.43024,0.576205,0.51221,0.618991,0.576604,0.653779,0.641912,0.517504,0.532414,0.531284,0.656815,0.546476,0.744623,0.557072,0.814448,0.459352,0.527479,0.453406,0.643022,0.452118,0.730748,0.450112,0.80932,0.410714,0.512494,0.381045,0.596346,0.359481,0.66447,0.342784,0.726966,0.373889,0.487627,0.327371,0.551465,0.29582,0.589493,0.26976,0.62521
video1.mp4,dea74cf05eaf5a5367213199806eb1e8c8bb1ac76da5c3fce588ce4202c0820c,1280,720,12.02,494,41.083,261,21750,Right,0.455738,0.378356,0.5218,0.426144,0.572543,0.508926,0.607724,0.581887,0.640173,0.650989,0.509581,0.543647,0.531798,0.671273,0.547098,0.755991,0.557629,0.821412,0.448774,0.548257,0.447713,0.67299,0.4473,0.768092,0.444974,0.845778,0.398064,0.540136,0.369133,0.640796,0.352274,0.72966,0.340277,0.808435,0.357791,0.522589,0.30712,0.604061,0.2712,0.657988,0.240594,0.708269
video1.mp4,dea74cf05eaf5a5367213199806eb1e8c8bb1ac76da5c3fce588ce4202c0820c,1280,720,12.02,494,41.083,262,21833,Right,0.452647,0.379573,0.521196,0.424171,0.577585,0.511302,0.61636,0.586035,0.651141,0.652154,0.503986,0.528376,0.524068,0.633168,0.53822,0.712684,0.550301,0.787739,0.44721,0.533928,0.443505,0.663173,0.439438,0.757275,0.435891,0.842968,0.399672,0.534431,0.375049,0.638836,0.357458,0.726533,0.344826,0.80831,0.362408,0.52636,0.312917,0.606011,0.280122,0.657317,0.253221,0.710772
video1.mp4,dea74cf05eaf5a5367213199806eb1e8c8bb1ac76da5c3fce588ce4202c0820c,1280,720,12.02,494,41.083,263,21916,Left,0.457773,0.37785,0.523459,0.421103,0.576258,0.50304,0.61206,0.576214,0.646113,0.643073,0.513472,0.543136,0.530739,0.670025,0.548038,0.754868,0.563639,0.823133,0.454434,0.544561,0.450848,0.665105,0.451774,0.761784,0.453764,0.84724,0.403951,0.534248,0.374404,0.639163,0.357146,0.724381,0.346675,0.803056,0.362938,0.514157,0.309668,0.59943,0.274885,0.655206,0.248047,0.710399
video1.mp4,dea74cf05eaf5a5367213199806eb1e8c8bb1ac76da5c3fce588ce4202c0820c,1280,720,12.02,494,41.083,264,22000,Right,0.452645,0.379234,0.515979,0.444131,0.56749,0.536642,0.607748,0.60153,0.641034,0.659694,0.504859,0.536925,0.518027,0.64877,0.531865,0.728667,0.543813,0.806728,0.450834,0.525559,0.441549,0.625251,0.431632,0.699675,0.422628,0.77274,0.405282,0.5154,0.383751,0.613688,0.364272,0.700134,0.348493,0.786351,0.371666,0.503412,0.334013,0.591283,0.305441,0.650286,0.279367,0.711205
video1.mp4,dea74cf05eaf5a5367213199806eb1e8c8bb1ac76da5c3fce588ce4202c0820c,1280,720,12.02,494,41.083,265,22083,Right,0.452736,0.38246,0.518084,0.439439,0.566797,0.529364,0.600634,0.602148,0.633337,0.660989,0.507526,0.526766,0.529472,0.650808,0.547395,0.74347,0.559397,0.82522,0.448734,0.526566,0.446678,0.642549,0.443098,0.729741,0.436434,0.804723,0.400737,0.523735,0.375005,0.62727,0.35959,0.716993,0.346043,0.796247,0.362476,0.516783,0.315022,0.598443,0.280811,0.650921,0.250093,0.696723
video1.mp4,dea74cf05eaf5a5367213199806eb1e8c8bb1ac76da5c3fce588ce4202c0820c,1280,720,12.02,494,41.083,266,22166,Right,0.459244,0.3743,0.525333,0.425116,0.575779,0.505943,0.610537,0.580235,0.646502,0.646108,0.510295,0.528289,0.524639,0.646794,0.541432,0.733648,0.554502,0.81651,0.45149,0.528536,0.444217,0.647146,0.44268,0.742239,0.440024,0.832426,0.40305,0.525034,0.37346,0.627059,0.354312,0.713475,0.33927,0.795308,0.36672,0.516146,0.314362,0.597193,0.277337,0.651656,0.243866,0.707063
video1.mp4,dea74cf05eaf5a5367213199806eb1e8c8bb1ac76da5c3fce588ce4202c0820c,1280,720,12.02,494,41.083,267,22250,Right,0.459498,0.374438,0.527256,0.423273,0.578689,0.501822,0.611463,0.57325,0.644716,0.638848,0.511776,0.535,0.530692,0.658369,0.545813,0.748992,0.556921,0.824572,0.451153,0.537212,0.444109,0.659799,0.44062,0.759135,0.436867,0.843051,0.400718,0.531001,0.373213,0.631017,0.356333,0.720027,0.3443,0.799086,0.361438,0.516507,0.309919,0.597466,0.275856,0.653017,0.247309,0.705634
video1.mp4,dea74cf05eaf5a5367213199806eb1e8c8bb1ac76da5c3fce588ce4202c0820c,1280,720,12.02,494,41.083,268,22333,Right,0.464274,0.380188,0.532077,0.43164,0.583898,0.511249,0.615596,0.582762,0.645418,0.65109,0.515655,0.544914,0.5277,0.662813,0.543653,0.749903,0.555006,0.824478,0.455655,0.547135,0.445353,0.668349,0.440008,0.768818,0.432073,0.853721,0.404945,0.538134,0.370695,0.640504,0.346657,0.72761,0.325914,0.803802,0.36474,0.517358,0.308085,0.589824,0.269804,0.641503,0.236672,0.692886
video1.mp4,dea74cf05eaf5a5367213199806eb1e8c8bb1ac76da5c3fce588ce4202c0820c,1280,720,12.02,494,41.083,269,22416,Right,0.460801,0.376951,0.527302,0.423543,0.579172,0.502553,0.612161,0.57738,0.642673,0.650037,0.513979,0.541524,0.532174,0.670331,0.547647,0.760035,0.557797,0.827958,0.45321,0.54341,0.445996,0.672969,0.439472,0.774407,0.431486,0.854024,0.40243,0.534282,0.36925,0.641067,0.346388,0.730723,0.328874,0.803489,0.362233,0.514681,0.307615,0.596046,0.274058,0.655793,0.247525,0.709362
video1.mp4,dea74cf05eaf5a5367213199806eb1e8c8bb1ac76da5c3fce588ce4202c0820c,1280,720,12.02,494,41.083,270,22500,Right,0.45748,0.372767,0.526272,0.422577,0.579518,0.503283,0.614028,0.578843,0.64613,0.65066,0.514141,0.543948,0.533882,0.677279,0.547504,0.767588,0.557722,0.832829,0.453382,0.544445,0.446789,0.674261,0.44252,0.774596,0.438382,0.85438,0.401477,0.535395,0.37083,0.638583,0.350823,0.726888,0.33625,0.802577,0.360609,0.518489,0.308491,0.59854,0.274897,0.655903,0.246634,0.710217
video1.mp4,dea74cf05eaf5a5367213199806eb1e8c8bb1ac76da5c3fce588ce4202c0820c,1280,720,12.02,494,41.083,271,22583,Left,0.457019,0.374721,0.520029,0.416785,0.572651,0.500102,0.609913,0.567311,0.644718,0.633859,0.508834,0.521735,0.519177,0.603327,0.531898,0.653375,0.547151,0.696728,0.449405,0.527315,0.440912,0.627746,0.436648,0.702446,0.433974,0.765975,0.398643,0.527866,0.368787,0.624366,0.34996,0.705649,0.337029,0.77972,0.360141,0.513672,0.311464,0.594549,0.277759,0.650504,0.24868,0.703239
video1.mp4,dea74cf05eaf5a5367213199806eb1e8c8bb1ac76da5c3fce588ce4202c0820c,1280,720,12.02,494,41.083,272,22666,Left,0.464546,0.378136,0.526933,0.418754,0.578964,0.499832,0.612753,0.568506,0.648509,0.632106,0.514067,0.518889,0.522897,0.605131,0.535883,0.663467,0.54844,0.719452,0.453508,0.521694,0.438833,0.61243,0.431735,0.692568,0.424141,0.762386,0.402598,0.519945,0.369211,0.6009,0.349221,0.680097,0.333234,0.753052,0.363057,0.506503,0.309398,0.580966,0.273243,0.639713,0.241532,0.697127
video1.mp4,dea74cf05eaf5a5367213199806eb1e8c8bb1ac76da5c3fce588ce4202c0820c,1280,720,12.02,494,41.083,273,22750,Right,0.45983,0.362062,0.5271,0.420906,0.578562,0.498774,0.613368,0.571605,0.649902,0.639278,0.515762,0.524724,0.531927,0.658261,0.543492,0.752982,0.550108,0.822933,0.454548,0.529834,0.447601,0.654558,0.441606,0.75569,0.432772,0.834974,0.402957,0.526702,0.373295,0.625263,0.356059,0.717552,0.341769,0.790121,0.360633,0.515999,0.308105,0.600546,0.271931,0.658181,0.241641,0.708317
video1.mp4,dea74cf05eaf5a5367213199806eb1e8c8bb1ac76da5c3fce588ce4202c0820c,1280,720,12.02,494,41.083,274,22833,Left,0.462506,0.371077,0.52369,0.42042,0.578208,0.497538,0.620031,0.563771,0.662431,0.627132,0.517343,0.537949,0.535483,0.668315,0.546811,0.756977,0.552993,0.823964,0.456364,0.540711,0.447357,0.663831,0.441269,0.757434,0.43347,0.832713,0.407162,0.528035,0.374614,0.629535,0.354705,0.719464,0.339701,0.794563,0.368364,0.501274,0.307689,0.56396,0.267539,0.605901,0.236307,0.645051
video1.mp4,dea74cf05eaf5a5367213199806eb1e8c8bb1ac76da5c3fce588ce4202c0820c,1280,720,12.02,494,41.083,275,22916,Left,0.460721,0.374293,0.521382,0.42038,0.578647,0.498523,0.628194,0.55594,0.671912,0.608244,0.51704,0.543867,0.535523,0.667515,0.546176,0.754448,0.552894,0.82308,0.456875,0.54119,0.446823,0.663873,0.441188,0.756841,0.437137,0.838582,0.407192,0.524705,0.374054,0.625769,0.354399,0.711754,0.341788,0.793022,0.366979,0.492678,0.308994,0.553503,0.27169,0.595801,0.242423,0.638431
video1.mp4,dea74cf05eaf5a5367213199806eb1e8c8bb1ac76da5c3fce588ce4202c0820c,1280,720,12.02,494,41.083,276,23000,Left,0.455658,0.390852,0.520696,0.42332,0.579144,0.488715,0.620014,0.54606,0.662851,0.609786,0.516892,0.546827,0.534795,0.682229,0.548426,0.767504,0.556884,0.818827,0.452523,0.554733,0.444016,0.674893,0.438726,0.767721,0.432007,0.840406,0.397891,0.548006,0.368422,0.643216,0.350584,0.734415,0.33581,0.802919,0.354205,0.52796,0.301745,0.604958,0.26446,0.663173,0.233961,0.711667
video1.mp4,dea74cf05eaf5a5367213199806eb1e8c8bb1ac76da5c3fce588ce4202c0820c,1280,720,12.02,494,41.083,277,23083,Left,0.455359,0.37907,0.522125,0.419692,0.580541,0.488624,0.617749,0.559736,0.651115,0.642138,0.516127,0.5381,0.535216,0.670277,0.545832,0.760706,0.552139,0.82194,0.451502,0.545886,0.44442,0.667716,0.440595,0.761238,0.436385,0.832075,0.396945,0.539641,0.369603,0.638742,0.353662,0.728418,0.341701,0.804479,0.354509,0.521824,0.301649,0.599827,0.266469,0.654651,0.23721,0.705196
video1.mp4,dea74cf05eaf5a5367213199806eb1e8c8bb1ac76da5c3fce588ce4202c0820c,1280,720,12.02,494,41.083,278,23166,Right,0.454396,0.370373,0.518167,0.429541,0.571539,0.521975,0.615384,0.592222,0.655286,0.655601,0.505487,0.520296,0.518774,0.619786,0.528285,0.697853,0.536052,0.77413,0.448547,0.517299,0.442021,0.63213,0.434233,0.721295,0.428439,0.80849,0.40117,0.516036,0.377267,0.616037,0.357959,0.706378,0.344266,0.794451,0.366759,0.510439,0.320557,0.591922,0.287567,0.646838,0.259473,0.704573
video1.mp4,dea74cf05eaf5a5367213199806eb1e8c8bb1ac76da5c3fce588ce4202c0820c,1280,720,12.02,494,41.083,279,23250,Right,0.457292,0.367265,0.523318,0.426129,0.574649,0.511437,0.617029,0.584115,0.656291,0.64646,0.50878,0.537635,0.526342,0.659388,0.541909,0.750817,0.552683,0.830128,0.449481,0.538895,0.444629,0.654771,0.44178,0.754586,0.436712,0.840874,0.398149,0.530582,0.370716,0.630576,0.354108,0.72387,0.340444,0.804674,0.356561,0.516369,0.30428,0.595968,0.269416,0.65432,0.238899,0.711256
video1.mp4,dea74cf05eaf5a5367213199806eb1e8c8bb1ac76da5c3fce588ce4202c0820c,1280,720,12.02,494,41.083,280,23333,Left,0.455781,0.370026,0.525226,0.416486,0.575908,0.496026,0.609297,0.56713,0.641044,0.634917,0.513115,0.535269,0.529119,0.665241,0.546052,0.750106,0.562766,0.824388,0.452464,0.536845,0.448009,0.657455,0.447726,0.748503,0.448534,0.833827,0.401066,0.530912,0.372041,0.628328,0.354276,0.709494,0.343024,0.787674,0.360512,0.5173,0.307647,0.599896,0.272164,0.653032,0.242515,0.705014
video1.mp4,dea74cf05eaf5a5367213199806eb1e8c8bb1ac76da5c3fce588ce4202c0820c,1280,720,12.02,494,41.083,281,23416,Left,0.455702,0.373531,0.519552,0.415414,0.573078,0.49466,0.608811,0.567281,0.644703,0.635312,0.510762,0.53726,0.532766,0.656537,0.554306,0.740351,0.574208,0.819133,0.45251,0.542159,0.448044,0.659805,0.445772,0.748588,0.442223,0.830553,0.402254,0.535897,0.372259,0.635064,0.350917,0.713213,0.333904,0.785429,0.3615,0.519366,0.310403,0.600493,0.273329,0.651449,0.241202,0.699727
video1.mp4,dea74cf05eaf5a5367213199806eb1e8c8bb1ac76da5c3fce588ce4202c0820c,1280,720,12.02,494,41.083,282,23500,Right,0.456405,0.380483,0.524797,0.434786,0.574341,0.527977,0.61082,0.603275,0.652639,0.673796,0.510991,0.535883,0.527348,0.630646,0.544127,0.696098,0.5602,0.756727,0.451321,0.530702,0.441787,0.655503,0.436994,0.754697,0.433008,0.841619,0.399781,0.52508,0.365912,0.628016,0.345307,0.715617,0.330695,0.796408,0.362974,0.514356,0.308185,0.590956,0.271856,0.648162,0.238757,0.704619
video1.mp4,dea74cf05eaf5a5367213199806eb1e8c8bb1ac76da5c3fce588ce4202c0820c,1280,720,12.02,494,41.083,283,23583,Right,0.457126,0.372204,0.524008,0.421042,0.57323,0.499365,0.60371,0.572776,0.633362,0.642645,0.510458,0.528151,0.532284,0.652265,0.554673,0.739562,0.57332,0.823161,0.453252,0.527378,0.450032,0.649092,0.450143,0.749993,0.449262,0.844254,0.404095,0.520419,0.373253,0.619976,0.350814,0.702719,0.333343,0.782157,0.364568,0.506766,0.310579,0.586921,0.271775,0.644176,0.237662,0.702638
video1.mp4,dea74cf05eaf5a5367213199806eb1e8c8bb1ac76da5c3fce588ce4202c0820c,1280,720,12.02,494,41.083,284,23666,Right,0.457667,0.375244,0.519824,0.431929,0.568154,0.517682,0.605729,0.58654,0.642694,0.649287,0.51594,0.540701,0.546274,0.663666,0.570145,0.753043,0.59121,0.833564,0.458972,0.5313,0.459476,0.644515,0.457525,0.737288,0.456672,0.819123,0.408092,0.516114,0.381876,0.606422,0.361244,0.679549,0.346287,0.750463,0.365624,0.495649,0.312082,0.568361,0.274914,0.617941,0.242162,0.665657
video1.mp4,dea74cf05eaf5a5367213199806eb1e8c8bb1ac76da5c3fce588ce4202c0820c,1280,720,12.02,494,41.083,285,23750,Right,0.457737,0.375444,0.525102,0.426481,0.574854,0.504624,0.607583,0.578755,0.64162,0.644911,0.513302,0.547608,0.534634,0.664172,0.552541,0.746268,0.566517,0.816447,0.455195,0.548757,0.452997,0.671133,0.453736,0.765712,0.453114,0.846705,0.404785,0.539472,0.377359,0.641457,0.359301,0.723104,0.345854,0.796211,0.363324,0.521651,0.308755,0.598582,0.270419,0.649447,0.237705,0.699838
video1.mp4,dea74cf05eaf5a5367213199806eb1e8c8bb1ac76da5c3fce588ce4202c0820c,1280,720,12.02,494,41.083,286,23833,Right,0.457639,0.377473,0.524635,0.427203,0.574149,0.506242,0.606528,0.578491,0.638709,0.647698,0.514468,0.545356,0.53722,0.670729,0.554733,0.752299,0.568301,0.820201,0.456402,0.547285,0.453753,0.675132,0.45399,0.768203,0.453874,0.850955,0.406305,0.539003,0.377892,0.64296,0.358915,0.725344,0.345392,0.800769,0.365399,0.522367,0.311159,0.600705,0.272691,0.649422,0.241072,0.6982
video1.mp4,dea74cf05eaf5a5367213199806eb1e8c8bb1ac76da5c3fce588ce4202c0820c,1280,720,12.02,494,41.083,287,23916,Right,0.456869,0.376272,0.519431,0.423549,0.56861,0.506518,0.602243,0.583059,0.636055,0.653148,0.511076,0.534242,0.532514,0.65237,0.551665,0.734629,0.567709,0.812958,0.455487,0.536957,0.453479,0.653324,0.453505,0.745332,0.45429,0.835202,0.406372,0.532773,0.381115,0.633119,0.362113,0.715096,0.348721,0.796126,0.364192,0.520724,0.313938,0.600105,0.278362,0.652157,0.248479,0.707216
video1.mp4,dea74cf05eaf5a5367213199806eb1e8c8bb1ac76da5c3fce588ce4202c0820c,1280,720,12.02,494,41.083,288,24000,Right,0.457874,0.372734,0.525522,0.425845,0.574529,0.503285,0.604918,0.579651,0.637898,0.647467,0.515066,0.536824,0.536961,0.665406,0.553721,0.752665,0.56627,0.823719,0.455741,0.538409,0.450877,0.658555,0.449038,0.752018,0.446692,0.829903,0.405932,0.531821,0.377956,0.628883,0.362841,0.716231,0.351622,0.790857,0.365759,0.521158,0.31056,0.598396,0.273765,0.653162,0.242536,0.705634
video1.mp4,dea74cf05eaf5a5367213199806eb1e8c8bb1ac76da5c3fce588ce4202c0820c,1280,720,12.02,494,41.083,289,24083,Right,0.458465,0.365468,0.523633,0.420227,0.573703,0.496321,0.603827,0.573864,0.634836,0.649885,0.514388,0.537249,0.536736,0.66224,0.554611,0.749931,0.567573,0.822818,0.455851,0.541387,0.452018,0.659496,0.450276,0.755224,0.446542,0.836824,0.406055,0.535512,0.378749,0.635399,0.361928,0.721627,0.348676,0.794882,0.364829,0.522515,0.312058,0.598601,0.27611,0.65119,0.245422,0.702903
video1.mp4,dea74cf05eaf5a5367213199806eb1e8c8bb1ac76da5c3fce588ce4202c0820c,1280,720,12.02,494,41.083,290,24166,Right,0.458304,0.360455,0.526849,0.414546,0.578475,0.492554,0.606858,0.57306,0.636095,0.64959,0.514641,0.533679,0.537587,0.663567,0.55423,0.752646,0.564736,0.822691,0.455484,0.539292,0.450912,0.656822,0.449552,0.751877,0.445495,0.829684,0.4056,0.534331,0.377673,0.634119,0.36139,0.72232,0.347824,0.795069,0.365187,0.523209,0.311464,0.604247,0.274655,0.659302,0.243073,0.711482
video1.mp4,dea74cf05eaf5a5367213199806eb1e8c8bb1ac76da5c3fce588ce4202c0820c,1280,720,12.02,494,41.083,291,24250,Right,0.465081,0.340975,0.533468,0.396063,0.584767,0.477631,0.609143,0.563863,0.632947,0.651341,0.51531,0.519204,0.539073,0.655904,0.556965,0.748845,0.567682,0.820667,0.455346,0.527431,0.449852,0.64876,0.448417,0.748592,0.443161,0.828096,0.405422,0.525084,0.37673,0.627506,0.359979,0.720323,0.344786,0.795391,0.365745,0.515216,0.314199,0.597491,0.278447,0.654959,0.246826,0.708877
video1.mp4,dea74cf05eaf5a5367213199806eb1e8c8bb1ac76da5c3fce588ce4202c0820c,1280,720,12.02,494,41.083,292,24333,Right,0.467097,0.322409,0.537533,0.382642,0.587131,0.466217,0.610897,0.557493,0.636332,0.650692,0.520139,0.501693,0.543474,0.654947,0.559257,0.760272,0.566542,0.830796,0.459073,0.509774,0.453762,0.647261,0.45099,0.761016,0.445783,0.842064,0.406859,0.504961,0.377778,0.617179,0.359502,0.723042,0.344871,0.799919,0.364852,0.4946,0.311267,0.586341,0.276905,0.651889,0.249984,0.707677
video1.mp4,dea74cf05eaf5a5367213199806eb1e8c8bb1ac76da5c3fce588ce4202c0820c,1280,720,12.02,494,41.083,293,24416,Right,0.486635,0.320873,0.555465,0.371948,0.612866,0.461915,0.638659,0.551067,0.650298,0.648649,0.543513,0.477804,0.556041,0.624815,0.564394,0.7344,0.562529,0.818512,0.478308,0.488496,0.465833,0.637522,0.45682,0.758519,0.44307,0.848139,0.423125,0.494645,0.390592,0.616867,0.367399,0.724195,0.346854,0.798375,0.381262,0.494744,0.33081,0.590927,0.294338,0.66091,0.263588,0.71696
video1.mp4,dea74cf05eaf5a5367213199806eb1e8c8bb1ac76da5c3fce588ce4202c0820c,1280,720,12.02,494,41.083,294,24500,Left,0.49549,0.372057,0.567986,0.40655,0.628376,0.481503,0.652799,0.551137,0.658226,0.632555,0.5562,0.513879,0.566925,0.65441,0.570113,0.755798,0.563722,0.827214,0.487104,0.528302,0.47559,0.656307,0.462929,0.767689,0.445144,0.851697,0.43143,0.531544,0.401418,0.630877,0.378338,0.73336,0.355907,0.801044,0.390435,0.524068,0.33944,0.607782,0.303515,0.671868,0.274175,0.719922
video1.mp4,dea74cf05eaf5a5367213199806eb1e8c8bb1ac76da5c3fce588ce4202c0820c,1280,720,12.02,494,41.083,295,24583,Right,0.508613,0.362374,0.575832,0.418165,0.630548,0.497192,0.656424,0.578673,0.658547,0.650233,0.557235,0.484298,0.568003,0.626057,0.56933,0.732533,0.564801,0.821967,0.489273,0.48025,0.479599,0.615594,0.471092,0.734611,0.456909,0.830212,0.437823,0.482423,0.403675,0.577563,0.381895,0.675493,0.359933,0.754233,0.403194,0.490032,0.35814,0.574381,0.327923,0.649769,0.296997,0.717948
video1.mp4,dea74cf05eaf5a5367213199806eb1e8c8bb1ac76da5c3fce588ce4202c0820c,1280,720,12.02,494,41.083,296,24666,Right,0.50951,0.361444,0.56967,0.408088,0.614832,0.482906,0.639934,0.557695,0.657958,0.640816,0.554562,0.48783,0.565225,0.639963,0.566988,0.746005,0.567016,0.802569,0.490397,0.484398,0.475946,0.618922,0.458148,0.737525,0.443163,0.809098,0.437051,0.48096,0.405875,0.576601,0.385343,0.682814,0.370812,0.752377,0.396575,0.477489,0.347754,0.559311,0.320946,0.643152,0.301966,0.706838
video1.mp4,dea74cf05eaf5a5367213199806eb1e8c8bb1ac76da5c3fce588ce4202c0820c,1280,720,12.02,494,41.083,297,24750,Right,0.507816,0.377141,0.575304,0.42216,0.623261,0.495653,0.648143,0.56708,0.664819,0.649008,0.562089,0.50755,0.571817,0.649162,0.570637,0.753719,0.563262,0.820147,0.496945,0.508197,0.481213,0.640977,0.466701,0.755628,0.452732,0.835037,0.443234,0.504688,0.411374,0.606363,0.390761,0.714215,0.376095,0.786765,0.402314,0.494332,0.352132,0.570324,0.322394,0.642792,0.300633,0.700699
video1.mp4,dea74cf05eaf5a5367213199806eb1e8c8bb1ac76da5c3fce588ce4202c0820c,1280,720,12.02,494,41.083,298,24833,Right,0.505501,0.374646,0.571398,0.409793,0.619603,0.486281,0.645051,0.567544,0.664755,0.666415,0.558756,0.514332,0.573652,0.650989,0.571593,0.757132,0.561155,0.815064,0.491011,0.527065,0.476681,0.66401,0.458059,0.779821,0.4397,0.838403,0.435402,0.523959,0.407254,0.631676,0.385024,0.735484,0.368002,0.784435,0.392464,0.505727,0.342444,0.58563,0.312615,0.661766,0.291761,0.707031
video1.mp4,dea74cf05eaf5a5367213199806eb1e8c8bb1ac76da5c3fce588ce4202c0820c,1280,720,12.02,494,41.083,299,24916,Right,0.501276,0.37782,0.569531,0.415166,0.619151,0.491799,0.644794,0.574278,0.667599,0.663868,0.553602,0.503417,0.570557,0.649947,0.567669,0.758297,0.555102,0.830065,0.485899,0.508466,0.477603,0.642962,0.457396,0.760152,0.432972,0.824129,0.429905,0.505247,0.402105,0.608114,0.3789,0.712951,0.356805,0.772098,0.387584,0.497052,0.338219,0.578936,0.308795,0.658871,0.284491,0.71326
video1.mp4,dea74cf05eaf5a5367213199806eb1e8c8bb1ac76da5c3fce588ce4202c0820c,1280,720,12.02,494,41.083,300,25000,Right,0.505702,0.376108,0.573692,0.42163,0.621095,0.501696,0.646149,0.583025,0.668813,0.67123,0.556157,0.516049,0.56707,0.660509,0.56566,0.767604,0.558375,0.824448,0.48869,0.520853,0.468639,0.646975,0.450079,0.767523,0.432557,0.834682,0.434631,0.517769,0.400063,0.614975,0.374799,0.726866,0.354227,0.793372,0.394327,0.50647,0.341797,0.584002,0.309764,0.658358,0.285512,0.706536
video1.mp4,dea74cf05eaf5a5367213199806eb1e8c8bb1ac76da5c3fce588ce4202c0820c,1280,720,12.02,494,41.083,301,25083,Right,0.508861,0.378014,0.570853,0.430753,0.61814,0.511924,0.646904,0.592889,0.671751,0.677746,0.551665,0.495837,0.563097,0.649261,0.565894,0.755512,0.561267,0.822769,0.484742,0.493509,0.459186,0.626466,0.441461,0.747188,0.423772,0.831207,0.434183,0.495853,0.393764,0.598842,0.36973,0.708206,0.350559,0.789105,0.398578,0.499251,0.345262,0.578633,0.312897,0.648923,0.287407,0.707574
video1.mp4,dea74cf05eaf5a5367213199806eb1e8c8bb1ac76da5c3fce588ce4202c0820c,1280,720,12.02,494,41.083,302,25166,Right,0.504102,0.377606,0.566564,0.42663,0.615301,0.496325,0.642524,0.576138,0.663951,0.662072,0.547079,0.494855,0.56294,0.632136,0.563208,0.74696,0.556444,0.832684,0.479336,0.496488,0.459579,0.627768,0.439819,0.748479,0.419393,0.833411,0.427278,0.500641,0.392898,0.607841,0.367491,0.71423,0.346995,0.79188,0.391138,0.501608,0.339248,0.579221,0.305107,0.64958,0.277121,0.708432
video1.mp4,dea74cf05eaf5a5367213199806eb1e8c8bb1ac76da5c3fce588ce4202c0820c,1280,720,12.02,494,41.083,303,25250,Right,0.505574,0.37616,0.567557,0.426991,0.61615,0.502908,0.645221,0.585787,0.669508,0.67031,0.540471,0.488704,0.55791,0.639921,0.560664,0.754796,0.559249,0.83126,0.469686,0.48567,0.443145,0.6228,0.422041,0.747164,0.402481,0.830389,0.41884,0.485121,0.377718,0.583968,0.350028,0.689874,0.327013,0.769506,0.387437,0.486419,0.330118,0.555852,0.29206,0.626489,0.259509,0.689055
video1.mp4,dea74cf05eaf5a5367213199806eb1e8c8bb1ac76da5c3fce588ce4202c0820c,1280,720,12.02,494,41.083,304,25333,Right,0.511895,0.37099,0.579007,0.422253,0.620939,0.509447,0.642457,0.590006,0.664726,0.68015,0.540941,0.475302,0.539234,0.582715,0.544213,0.681984,0.547306,0.769819,0.476116,0.474122,0.442199,0.595671,0.424053,0.712075,0.405387,0.809465,0.42472,0.486335,0.378056,0.578881,0.351076,0.689519,0.332348,0.771265,0.389537,0.498337,0.328607,0.566606,0.290587,0.629784,0.262587,0.689978
video1.mp4,dea74cf05eaf5a5367213199806eb1e8c8bb1ac76da5c3fce588ce4202c0820c,1280,720,12.02,494,41.083,305,25416,Right,0.506277,0.390032,0.573321,0.447741,0.615034,0.524768,0.639654,0.60523,0.666279,0.685726,0.535148,0.479141,0.542229,0.607387,0.548065,0.719671,0.548086,0.81841,0.471431,0.479448,0.44278,0.606825,0.424618,0.719711,0.405584,0.807807,0.42215,0.491074,0.382531,0.587768,0.356612,0.690144,0.33912,0.760691,0.389339,0.503899,0.33109,0.572986,0.294242,0.631999,0.267582,0.684923
video1.mp4,dea74cf05eaf5a5367213199806eb1e8c8bb1ac76da5c3fce588ce4202c0820c,1280,720,12.02,494,41.083,306,25500,Right,0.519046,0.37288,0.575428,0.450614,0.614832,0.529567,0.643252,0.611577,0.66263,0.682009,0.543877,0.485217,0.559238,0.615817,0.559072,0.736894,0.556359,0.827841,0.477144,0.477514,0.455003,0.604614,0.435966,0.72673,0.424799,0.799882,0.425326,0.475397,0.388459,0.583677,0.359633,0.686974,0.342798,0.74796,0.393019,0.473614,0.338187,0.546629,0.301111,0.617854,0.274373,0.669012
video1.mp4,dea74cf05eaf5a5367213199806eb1e8c8bb1ac76da5c3fce588ce4202c0820c,1280,720,12.02,494,41.083,307,25583,Right,0.502721,0.380543,0.572682,0.445374,0.616869,0.515593,0.638705,0.594403,0.656621,0.67676,0.541149,0.467657,0.543641,0.599304,0.542993,0.714091,0.540397,0.804318,0.474274,0.468087,0.447243,0.592272,0.428986,0.712208,0.415442,0.798855,0.421824,0.480666,0.383746,0.578029,0.359924,0.690056,0.349038,0.763117,0.386721,0.494015,0.331022,0.567089,0.296299,0.636055,0.275507,0.691453
video1.mp4,dea74cf05eaf5a5367213199806eb1e8c8bb1ac76da5c3fce588ce4202c0820c,1280,720,12.02,494,41.083,308,25666,Right,0.507237,0.388477,0.572937,0.446827,0.613572,0.525841,0.637317,0.603544,0.660193,0.68006,0.539758,0.484789,0.545176,0.615346,0.54559,0.729964,0.543267,0.817427,0.474593,0.485447,0.447229,0.606626,0.428451,0.72611,0.411914,0.810837,0.423359,0.495647,0.383519,0.586803,0.358689,0.695896,0.343502,0.763741,0.387106,0.506397,0.331342,0.57181,0.298199,0.637343,0.276019,0.689718
video1.mp4,dea74cf05eaf5a5367213199806eb1e8c8bb1ac76da5c3fce588ce4202c0820c,1280,720,12.02,494,41.083,309,25750,Right,0.506327,0.390356,0.572994,0.449316,0.614809,0.523564,0.638635,0.601003,0.661918,0.68273,0.540619,0.479392,0.545028,0.608022,0.545575,0.720766,0.541944,0.809436,0.472728,0.479148,0.446516,0.599371,0.429642,0.718624,0.413848,0.80763,0.420063,0.491993,0.383061,0.583986,0.359694,0.69329,0.345613,0.765888,0.385155,0.507208,0.332045,0.574166,0.300224,0.637801,0.278952,0.69224
video1.mp4,dea74cf05eaf5a5367213199806eb1e8c8bb1ac76da5c3fce588ce4202c0820c,1280,720,12.02,494,41.083,310,25833,Right,0.508458,0.383606,0.574969,0.451635,0.616084,0.529146,0.640961,0.607811,0.664392,0.683448,0.536842,0.473821,0.539018,0.598767,0.540716,0.714196,0.536996,0.810459,0.469446,0.472792,0.444087,0.593884,0.429046,0.712368,0.414388,0.800051,0.418754,0.489054,0.381683,0.582145,0.35781,0.689343,0.345233,0.754062,0.386671,0.507714,0.332983,0.571516,0.301453,0.632653,0.281973,0.682426
video1.mp4,dea74cf05eaf5a5367213199806eb1e8c8bb1ac76da5c3fce588ce4202c0820c,1280,720,12.02,494,41.083,311,25916,Right,0.502065,0.395932,0.569217,0.446912,0.614251,0.517508,0.641084,0.592698,0.664323,0.671622,0.538809,0.471841,0.53872,0.580616,0.543172,0.678265,0.5457,0.750638,0.470431,0.475675,0.44584,0.592738,0.43,0.70874,0.417374,0.788238,0.416467,0.492626,0.380661,0.589787,0.358092,0.698818,0.34763,0.769618,0.382102,0.508063,0.32786,0.579302,0.295612,0.645133,0.276888,0.699262
video1.mp4,dea74cf05eaf5a5367213199806eb1e8c8bb1ac76da5c3fce588ce4202c0820c,1280,720,12.02,494,41.083,312,26000,Right,0.500116,0.407206,0.565953,0.45754,0.609072,0.531581,0.634909,0.602582,0.659732,0.683762,0.540555,0.482741,0.549126,0.56196,0.559302,0.639401,0.562973,0.71002,0.471984,0.479704,0.449763,0.58023,0.434202,0.685904,0.416367,0.774094,0.415633,0.495678,0.385411,0.582132,0.362634,0.688442,0.348209,0.763518,0.379024,0.513022,0.333999,0.576666,0.304929,0.638184,0.285439,0.694096
video1.mp4,dea74cf05eaf5a5367213199806eb1e8c8bb1ac76da5c3fce588ce4202c0820c,1280,720,12.02,494,41.083,313,26083,Right,0.508729,0.399977,0.567172,0.473117,0.60499,0.566144,0.631751,0.64612,0.656154,0.711951,0.542836,0.488393,0.558369,0.60874,0.569808,0.724016,0.579738,0.81286,0.475916,0.481834,0.449939,0.592724,0.431436,0.707015,0.417667,0.790069,0.421756,0.495338,0.385619,0.581741,0.358791,0.689028,0.344706,0.761286,0.385742,0.511375,0.334138,0.578674,0.30198,0.644588,0.281848,0.703056
video1.mp4,dea74cf05eaf5a5367213199806eb1e8c8bb1ac76da5c3fce588ce4202c0820c,1280,720,12.02,494,41.083,314,26166,Right,0.506295,0.41448,0.569179,0.453206,0.611858,0.521591,0.637269,0.597111,0.661147,0.678866,0.543984,0.496132,0.55165,0.594148,0.560868,0.690893,0.568778,0.771377,0.47617,0.49764,0.454529,0.607477,0.43756,0.714255,0.424173,0.79005,0.421332,0.509053,0.385807,0.603081,0.361735,0.706424,0.349284,0.776156,0.385354,0.517579,0.334312,0.582778,0.303004,0.650227,0.282277,0.704522
video1.mp4,dea74cf05eaf5a5367213199806eb1e8c8bb1ac76da5c3fce588ce4202c0820c,1280,720,12.02,494,41.083,315,26250,Right,0.500694,0.393769,0.564979,0.453884,0.609906,0.528044,0.639507,0.605222,0.661123,0.680724,0.536386,0.483032,0.549022,0.609031,0.553875,0.724184,0.553507,0.816352,0.467899,0.47937,0.445193,0.600658,0.429117,0.712248,0.414378,0.795154,0.415028,0.49197,0.382337,0.588659,0.35795,0.694077,0.344725,0.763839,0.381573,0.505971,0.333006,0.579102,0.303365,0.645605,0.284078,0.701707
video1.mp4,dea74cf05eaf5a5367213199806eb1e8c8bb1ac76da5c3fce588ce4202c0820c,1280,720,12.02,494,41.083,316,26333,Right,0.500911,0.396329,0.565898,0.447019,0.61069,0.523086,0.639165,0.602105,0.661092,0.680525,0.535653,0.481181,0.548591,0.603378,0.555751,0.711048,0.556954,0.801663,0.469744,0.486244,0.448125,0.607949,0.43237,0.719525,0.419477,0.797567,0.417632,0.498897,0.38216,0.59457,0.359806,0.701091,0.349621,0.76924,0.382985,0.507235,0.330522,0.575643,0.299621,0.642404,0.281293,0.695831
video1.mp4,dea74cf05eaf5a5367213199806eb1e8c8bb1ac76da5c3fce588ce4202c0820c,1280,720,12.02,494,41.083,317,26416,Right,0.50469,0.381404,0.56791,0.44234,0.613447,0.520921,0.638804,0.601866,0.660398,0.683261,0.535095,0.46759,0.537323,0.594776,0.542507,0.705377,0.541242,0.802049,0.468006,0.471152,0.44466,0.594638,0.430588,0.710678,0.416776,0.796507,0.417834,0.486089,0.381069,0.588451,0.359456,0.693507,0.346736,0.766502,0.386888,0.502718,0.334948,0.575571,0.302856,0.639612,0.280577,0.693729
video1.mp4,dea74cf05eaf5a5367213199806eb1e8c8bb1ac76da5c3fce588ce4202c0820c,1280,720,12.02,494,41.083,318,26500,Right,0.504711,0.384706,0.571217,0.458215,0.610658,0.541316,0.637289,0.623888,0.659207,0.696063,0.542043,0.474966,0.546308,0.593852,0.547611,0.714852,0.545772,0.812886,0.475273,0.468628,0.450071,0.584859,0.431573,0.7044,0.416605,0.792665,0.421209,0.482346,0.384952,0.576051,0.358683,0.686052,0.348002,0.756808,0.38581,0.50148,0.331751,0.569579,0.299574,0.638314,0.28154,0.696452
video1.mp4,dea74cf05eaf5a5367213199806eb1e8c8bb1ac76da5c3fce588ce4202c0820c,1280,720,12.02,494,41.083,319,26583,Right,0.507159,0.374291,0.573203,0.437846,0.613225,0.517148,0.637305,0.599158,0.661561,0.679512,0.539325,0.474563,0.538968,0.600779,0.540568,0.708873,0.538697,0.796055,0.473476,0.474792,0.446629,0.599935,0.430529,0.715704,0.415306,0.805681,0.421394,0.48696,0.383873,0.591065,0.360644,0.696586,0.346424,0.772248,0.386543,0.501751,0.332151,0.571737,0.29965,0.634495,0.277626,0.690163
video1.mp4,dea74cf05eaf5a5367213199806eb1e8c8bb1ac76da5c3fce588ce4202c0820c,1280,720,12.02,494,41.083,320,26666,Right,0.50864,0.376715,0.568979,0.446937,0.608492,0.538032,0.634719,0.627127,0.662521,0.709308,0.543184,0.467882,0.539018,0.571613,0.541709,0.667499,0.539026,0.758026,0.475445,0.465768,0.44498,0.579795,0.429936,0.694796,0.413648,0.787809,0.422369,0.480968,0.381783,0.57512,0.358693,0.681987,0.343712,0.761067,0.388328,0.501109,0.333162,0.566675,0.30238,0.62779,0.28038,0.685304
video1.mp4,dea74cf05eaf5a5367213199806eb1e8c8bb1ac76da5c3fce588ce4202c0820c,1280,720,12.02,494,41.083,321,26750,Right,0.508092,0.373624,0.574341,0.433107,0.615628,0.513917,0.636717,0.591977,0.661041,0.674428,0.538548,0.465001,0.536966,0.562242,0.544141,0.652211,0.546181,0.73102,0.473323,0.466867,0.44404,0.575016,0.430094,0.686514,0.415081,0.775469,0.421827,0.482073,0.381418,0.571464,0.358575,0.678645,0.342215,0.756957,0.38933,0.498766,0.336458,0.568997,0.304304,0.631341,0.281243,0.690373
video1.mp4,dea74cf05eaf5a5367213199806eb1e8c8bb1ac76da5c3fce588ce4202c0820c,1280,720,12.02,494,41.083,322,26833,Right,0.504595,0.397148,0.568275,0.459364,0.610449,0.533859,0.63692,0.612988,0.664462,0.695405,0.536543,0.478807,0.536261,0.592509,0.538404,0.706433,0.536128,0.805158,0.469212,0.477427,0.442529,0.584428,0.426601,0.700782,0.411924,0.789589,0.417309,0.494027,0.37988,0.579032,0.356359,0.688859,0.343508,0.759164,0.383037,0.514169,0.330184,0.577867,0.298432,0.641499,0.278213,0.69762
video1.mp4,dea74cf05eaf5a5367213199806eb1e8c8bb1ac76da5c3fce588ce4202c0820c,1280,720,12.02,494,41.083,323,26916,Right,0.503742,0.400132,0.567062,0.448286,0.612608,0.518558,0.641434,0.590205,0.669549,0.665496,0.539282,0.484922,0.538567,0.585251,0.544309,0.683475,0.548462,0.760397,0.470722,0.48471,0.446506,0.590916,0.430723,0.70083,0.418692,0.773917,0.417388,0.497771,0.381965,0.591761,0.358964,0.70033,0.349338,0.766375,0.382623,0.510202,0.328916,0.578345,0.297005,0.645532,0.278968,0.697561
video1.mp4,dea74cf05eaf5a5367213199806eb1e8c8bb1ac76da5c3fce588ce4202c0820c,1280,720,12.02,494,41.083,324,27000,Right,0.50475,0.378191,0.569445,0.437564,0.609954,0.519843,0.635459,0.599687,0.661663,0.675837,0.537242,0.471881,0.543478,0.550197,0.557256,0.625395,0.565878,0.696832,0.471798,0.469917,0.447622,0.575341,0.434357,0.682283,0.420217,0.768978,0.418824,0.485293,0.383245,0.580756,0.362077,0.684948,0.349964,0.765165,0.38521,0.502809,0.334009,0.576051,0.303183,0.639974,0.281869,0.698828
video1.mp4,dea74cf05eaf5a5367213199806eb1e8c8bb1ac76da5c3fce588ce4202c0820c,1280,720,12.02,494,41.083,325,27083,Right,0.507775,0.382557,0.567395,0.455727,0.605472,0.537577,0.632067,0.618616,0.660345,0.698089,0.540841,0.480032,0.54272,0.600206,0.546126,0.715839,0.545098,0.812558,0.47318,0.474074,0.444092,0.595042,0.424349,0.716275,0.40664,0.804552,0.419917,0.487091,0.381201,0.582353,0.35487,0.694602,0.340464,0.767407,0.384038,0.505157,0.329982,0.574986,0.298454,0.642357,0.279049,0.699135
video1.mp4,dea74cf05eaf5a5367213199806eb1e8c8bb1ac76da5c3fce588ce4202c0820c,1280,720,12.02,494,41.083,326,27166,Right,0.510867,0.376486,0.572979,0.444995,0.612708,0.528678,0.638058,0.610437,0.660576,0.69109,0.537228,0.482907,0.537161,0.596403,0.542348,0.703817,0.544098,0.796362,0.470096,0.479988,0.442083,0.598935,0.425134,0.714562,0.411439,0.796282,0.417563,0.490558,0.378043,0.587471,0.352442,0.694385,0.339737,0.761967,0.382123,0.501326,0.327929,0.571675,0.296765,0.63801,0.278975,0.691612
video1.mp4,dea74cf05eaf5a5367213199806eb1e8c8bb1ac76da5c3fce588ce4202c0820c,1280,720,12.02,494,41.083,327,27250,Right,0.499496,0.399058,0.570451,0.447021,0.612446,0.52072,0.634777,0.597834,0.66126,0.674868,0.535773,0.470472,0.542542,0.550501,0.553243,0.625201,0.558764,0.693112,0.469173,0.47421,0.44725,0.578927,0.433757,0.682683,0.419526,0.765953,0.415135,0.492544,0.382941,0.592647,0.361476,0.696488,0.348004,0.77262,0.379296,0.509576,0.329825,0.583996,0.300139,0.645474,0.281099,0.701248
video1.mp4,dea74cf05eaf5a5367213199806eb1e8c8bb1ac76da5c3fce588ce4202c0820c,1280,720,12.02,494,41.083,328,27333,Right,0.502799,0.394988,0.564575,0.467218,0.605166,0.549171,0.635882,0.627541,0.657721,0.685962,0.539891,0.482819,0.5505,0.600353,0.551881,0.718669,0.552902,0.806523,0.472873,0.478497,0.449841,0.598167,0.428816,0.718309,0.416192,0.792342,0.41818,0.491161,0.382907,0.588968,0.354542,0.701491,0.345036,0.765094,0.380576,0.505042,0.328197,0.578094,0.29766,0.650863,0.283274,0.701883
video1.mp4,dea74cf05eaf5a5367213199806eb1e8c8bb1ac76da5c3fce588ce4202c0820c,1280,720,12.02,494,41.083,329,27416,Right,0.501753,0.380507,0.569575,0.442771,0.613917,0.519364,0.637712,0.601686,0.660353,0.683191,0.53379,0.478659,0.538068,0.605852,0.542853,0.720535,0.543064,0.815212,0.46453,0.482736,0.441227,0.603167,0.427255,0.718392,0.414537,0.80418,0.412243,0.498187,0.377879,0.596026,0.356575,0.70158,0.34518,0.770083,0.37811,0.512981,0.326819,0.578758,0.296854,0.642398,0.278037,0.695922
video1.mp4,dea74cf05eaf5a5367213199806eb1e8c8bb1ac76da5c3fce588ce4202c0820c,1280,720,12.02,494,41.083,330,27500,Right,0.504822,0.384782,0.568581,0.452863,0.61301,0.523367,0.639284,0.603847,0.665623,0.679005,0.534944,0.48304,0.541513,0.616929,0.544382,0.732789,0.545222,0.821927,0.464337,0.484703,0.443406,0.607075,0.428091,0.720255,0.416719,0.791866,0.413094,0.496846,0.379832,0.603511,0.357601,0.711293,0.346692,0.773562,0.380695,0.511072,0.330304,0.584977,0.299507,0.653164,0.279953,0.701662
video1.mp4,dea74cf05eaf5a5367213199806eb1e8c8bb1ac76da5c3fce588ce4202c0820c,1280,720,12.02,494,41.083,331,27583,Right,0.509204,0.340246,0.566644,0.446336,0.602808,0.556023,0.630861,0.651405,0.657919,0.698067,0.52602,0.459752,0.532625,0.588447,0.542611,0.696389,0.548274,0.794915,0.462511,0.44614,0.450978,0.558346,0.443508,0.654028,0.437271,0.728848,0.412888,0.460192,0.387517,0.576288,0.366646,0.670365,0.35516,0.749929,0.382521,0.492504,0.340104,0.57413,0.314735,0.631635,0.296263,0.688769
video1.mp4,dea74cf05eaf5a5367213199806eb1e8c8bb1ac76da5c3fce588ce4202c0820c,1280,720,12.02,494,41.083,332,27666,Right,0.505435,0.384319,0.570464,0.451158,0.60941,0.529544,0.634523,0.612758,0.664144,0.684734,0.532816,0.471848,0.533714,0.589527,0.537813,0.698861,0.539343,0.795278,0.465481,0.470602,0.439303,0.592652,0.423767,0.707511,0.412134,0.793575,0.414261,0.485659,0.378367,0.585031,0.354227,0.688802,0.343011,0.762235,0.383413,0.5034,0.330905,0.573912,0.30099,0.640105,0.283659,0.697647
video1.mp4,dea74cf05eaf5a5367213199806eb1e8c8bb1ac76da5c3fce588ce4202c0820c,1280,720,12.02,494,41.083,333,27750,Right,0.505571,0.376641,0.570935,0.449401,0.612341,0.534696,0.640318,0.618634,0.666431,0.679864,0.540245,0.478756,0.548945,0.603197,0.551423,0.718312,0.550992,0.81432,0.472036,0.472091,0.451384,0.585444,0.431781,0.705123,0.418353,0.791155,0.418626,0.478934,0.380179,0.567761,0.350332,0.663651,0.335998,0.727982,0.384681,0.492071,0.324718,0.550512,0.287342,0.608324,0.262678,0.656382
video1.mp4,dea74cf05eaf5a5367213199806eb1e8c8bb1ac76da5c3fce588ce4202c0820c,1280,720,12.02,494,41.083,334,27833,Right,0.507992,0.371791,0.576969,0.439066,0.616016,0.525778,0.63843,0.606807,0.661529,0.682918,0.538094,0.487367,0.5424,0.609507,0.54328,0.719271,0.540377,0.812493,0.473753,0.474321,0.443764,0.599719,0.423575,0.714838,0.403571,0.803914,0.423907,0.469217,0.378817,0.554264,0.349042,0.64274,0.326883,0.708826,0.392003,0.46661,0.326796,0.509441,0.282783,0.550186,0.247083,0.585211
video1.mp4,dea74cf05eaf5a5367213199806eb1e8c8bb1ac76da5c3fce588ce4202c0820c,1280,720,12.02,494,41.083,335,27916,Right,0.502971,0.381846,0.576354,0.438722,0.620568,0.518546,0.643414,0.595032,0.662291,0.673667,0.542541,0.48985,0.546945,0.62062,0.545974,0.732778,0.545012,0.816208,0.474299,0.492558,0.447222,0.622414,0.424427,0.735039,0.40692,0.813057,0.419897,0.501279,0.379658,0.595117,0.351955,0.697713,0.33625,0.765082,0.381222,0.503856,0.319118,0.56732,0.28157,0.631847,0.256837,0.682651
video1.mp4,dea74cf05eaf5a5367213199806eb1e8c8bb1ac76da5c3fce588ce4202c0820c,1280,720,12.02,494,41.083,336,28000,Right,0.495868,0.393789,0.568013,0.438777,0.614474,0.515256,0.640244,0.58737,0.663266,0.662765,0.538839,0.508543,0.545293,0.635799,0.544223,0.739918,0.539556,0.814686,0.472934,0.506481,0.447849,0.633237,0.429942,0.746652,0.412782,0.831421,0.418445,0.507305,0.379471,0.598334,0.355056,0.703485,0.3375,0.778587,0.377701,0.503068,0.315668,0.569119,0.277156,0.630678,0.249143,0.683741
video1.mp4,dea74cf05eaf5a5367213199806eb1e8c8bb1ac76da5c3fce588ce4202c0820c,1280,720,12.02,494,41.083,337,28083,Right,0.502815,0.374527,0.574454,0.434199,0.623499,0.513169,0.647174,0.586256,0.665238,0.664114,0.544225,0.517516,0.555259,0.663693,0.552195,0.769342,0.541954,0.831944,0.475097,0.510775,0.448381,0.641337,0.427559,0.756347,0.407071,0.834018,0.424179,0.507147,0.3831,0.595239,0.356672,0.7018,0.336524,0.773429,0.391253,0.499182,0.322592,0.532809,0.277754,0.56822,0.244392,0.595542
video1.mp4,dea74cf05eaf5a5367213199806eb1e8c8bb1ac76da5c3fce588ce4202c0820c,1280,720,12.02,494,41.083,338,28166,Right,0.504188,0.381719,0.57183,0.44529,0.622257,0.529623,0.648003,0.600624,0.6662,0.681124,0.539445,0.501562,0.542969,0.629541,0.544361,0.735201,0.537189,0.823671,0.473271,0.492447,0.44596,0.623992,0.429606,0.737461,0.40903,0.831127,0.423616,0.495309,0.386411,0.585689,0.359061,0.690871,0.334935,0.769097,0.392517,0.495538,0.332404,0.532806,0.288126,0.565299,0.252186,0.594658
video1.mp4,dea74cf05eaf5a5367213199806eb1e8c8bb1ac76da5c3fce588ce4202c0820c,1280,720,12.02,494,41.083,339,28250,Right,0.506238,0.386788,0.573677,0.434498,0.618384,0.509187,0.640353,0.58253,0.657881,0.670045,0.535771,0.490227,0.540157,0.617213,0.540261,0.731897,0.534392,0.816631,0.468211,0.493567,0.443235,0.617861,0.425925,0.736588,0.407108,0.824482,0.416441,0.505057,0.378423,0.59072,0.354092,0.697377,0.335508,0.769033,0.381109,0.511125,0.315594,0.551476,0.27182,0.59034,0.240711,0.625436
video1.mp4,dea74cf05eaf5a5367213199806eb1e8c8bb1ac76da5c3fce588ce4202c0820c,1280,720,12.02,494,41.083,340,28333,Right,0.503635,0.394456,0.576802,0.458395,0.618054,0.545122,0.640274,0.618661,0.656812,0.685602,0.536955,0.498187,0.537787,0.611398,0.537944,0.717525,0.538732,0.801077,0.471562,0.497861,0.440915,0.614409,0.420775,0.722151,0.403722,0.805377,0.418103,0.507591,0.376454,0.589788,0.350884,0.69167,0.334771,0.764945,0.380599,0.516145,0.318598,0.56769,0.281002,0.622876,0.254786,0.673923
video1.mp4,dea74cf05eaf5a5367213199806eb1e8c8bb1ac76da5c3fce588ce4202c0820c,1280,720,12.02,494,41.083,341,28416,Right,0.505006,0.372559,0.575706,0.429277,0.617581,0.519697,0.639929,0.605631,0.661189,0.689393,0.538481,0.483751,0.540824,0.601505,0.54239,0.714287,0.540969,0.808845,0.472776,0.483396,0.440588,0.607504,0.421924,0.726745,0.405225,0.818215,0.420247,0.490941,0.375416,0.587425,0.349457,0.694237,0.332853,0.769313,0.384177,0.497226,0.320866,0.566628,0.280562,0.631543,0.250593,0.686582
video1.mp4,dea74cf05eaf5a5367213199806eb1e8c8bb1ac76da5c3fce588ce4202c0820c,1280,720,12.02,494,41.083,342,28500,Right,0.485598,0.501137,0.536638,0.608259,0.556995,0.721961,0.547982,0.817502,0.526642,0.867785,0.542084,0.512494,0.544894,0.594418,0.554524,0.66686,0.553923,0.764338,0.488718,0.460428,0.483675,0.530783,0.481056,0.623586,0.468179,0.722327,0.436317,0.453439,0.401277,0.517101,0.375012,0.590748,0.350645,0.65904,0.392062,0.470002,0.34501,0.521545,0.313504,0.578325,0.280735,0.641832
video1.mp4,dea74cf05eaf5a5367213199806eb1e8c8bb1ac76da5c3fce588ce4202c0820c,1280,720,12.02,494,41.083,343,28583,Left,0.479005,0.443039,0.482517,0.540115,0.480544,0.649317,0.480316,0.788269,0.464803,0.836837,0.498652,0.462442,0.501348,0.565616,0.480948,0.681642,0.454189,0.793323,0.489162,0.462267,0.500791,0.570282,0.480538,0.720145,0.456674,0.830331,0.469317,0.480972,0.466825,0.551157,0.463291,0.654254,0.457135,0.739587,0.437592,0.521051,0.399253,0.590405,0.383015,0.686671,0.371167,0.755724
video1.mp4,dea74cf05eaf5a5367213199806eb1e8c8bb1ac76da5c3fce588ce4202c0820c,1280,720,12.02,494,41.083,344,28666,Right,0.505835,0.405665,0.572463,0.498744,0.596582,0.613463,0.604374,0.715161,0.604163,0.785412,0.531657,0.482695,0.515523,0.561272,0.517171,0.651063,0.516726,0.746157,0.462618,0.457345,0.426138,0.52341,0.410951,0.600573,0.39884,0.677463,0.406721,0.464017,0.362119,0.534716,0.337437,0.616702,0.325681,0.697879,0.371354,0.496222,0.3169,0.565291,0.284639,0.627117,0.26283,0.68961
video1.mp4,dea74cf05eaf5a5367213199806eb1e8c8bb1ac76da5c3fce588ce4202c0820c,1280,720,12.02,494,41.083,345,28750,Right,0.500605,0.416098,0.576841,0.469721,0.620433,0.553871,0.642273,0.635941,0.661808,0.705597,0.540566,0.460778,0.537715,0.555419,0.532931,0.657854,0.528391,0.750142,0.469406,0.461169,0.443286,0.573046,0.424125,0.690441,0.410967,0.782391,0.414732,0.480448,0.377251,0.578819,0.349692,0.689115,0.338707,0.765401,0.379816,0.505151,0.324784,0.5758,0.285687,0.641465,0.26155,0.696103
video1.mp4,dea74cf05eaf5a5367213199806eb1e8c8bb1ac76da5c3fce588ce4202c0820c,1280,720,12.02,494,41.083,346,28833,Right,0.503212,0.388758,0.574359,0.446004,0.619018,0.529682,0.644143,0.618975,0.6713,0.690087,0.536004,0.446831,0.535828,0.547641,0.535992,0.639836,0.533539,0.724889,0.470144,0.448806,0.441625,0.560023,0.421967,0.675162,0.409412,0.766291,0.41948,0.4676,0.379242,0.56967,0.350716,0.678499,0.334804,0.760237,0.388094,0.494983,0.329242,0.565427,0.288995,0.624493,0.260017,0.676437
video1.mp4,dea74cf05eaf5a5367213199806eb1e8c8bb1ac76da5c3fce588ce4202c0820c,1280,720,12.02,494,41.083,347,28916,Right,0.496065,0.397609,0.56677,0.456812,0.61515,0.529007,0.654447,0.592558,0.693635,0.624686,0.521111,0.471391,0.529328,0.609064,0.533668,0.725567,0.536008,0.822505,0.453555,0.475236,0.431248,0.593119,0.413877,0.707127,0.399491,0.79741,0.403278,0.494194,0.370308,0.591005,0.345083,0.690729,0.331237,0.762208,0.372528,0.515425,0.318949,0.578337,0.285238,0.629675,0.262558,0.677946
video1.mp4,dea74cf05eaf5a5367213199806eb1e8c8bb1ac76da5c3fce588ce4202c0820c,1280,720,12.02,494,41.083,348,29000,Right,0.491332,0.396228,0.561824,0.445799,0.610842,0.506893,0.652619,0.569991,0.692565,0.604127,0.52215,0.464272,0.53304,0.610663,0.539016,0.726865,0.543353,0.818148,0.453924,0.470878,0.429236,0.588952,0.412508,0.700642,0.402486,0.787461,0.404377,0.490728,0.371107,0.593594,0.345791,0.695404,0.333627,0.770218,0.374472,0.513384,0.319063,0.576562,0.28367,0.628577,0.26232,0.67688
video1.mp4,dea74cf05eaf5a5367213199806eb1e8c8bb1ac76da5c3fce588ce4202c0820c,1280,720,12.02,494,41.083,349,29083,Right,0.499712,0.393093,0.568666,0.459762,0.610781,0.541497,0.643657,0.616493,0.675189,0.663034,0.52911,0.481721,0.531462,0.612564,0.535813,0.727318,0.540765,0.81703,0.461607,0.477568,0.4325,0.593743,0.413653,0.710579,0.401292,0.799317,0.410515,0.491747,0.373244,0.585898,0.344653,0.686521,0.330413,0.757983,0.378737,0.509348,0.322705,0.56917,0.286561,0.619554,0.264636,0.668404
video1.mp4,dea74cf05eaf5a5367213199806eb1e8c8bb1ac76da5c3fce588ce4202c0820c,1280,720,12.02,494,41.083,350,29166,Right,0.503158,0.386546,0.578602,0.456877,0.621134,0.538868,0.640539,0.61184,0.653007,0.685204,0.533591,0.48575,0.532604,0.607551,0.536528,0.72049,0.535381,0.822469,0.465814,0.479961,0.435753,0.596978,0.417998,0.712942,0.399267,0.809467,0.412249,0.490273,0.372438,0.57897,0.346151,0.683655,0.328687,0.764541,0.377283,0.504136,0.317236,0.56379,0.279824,0.619004,0.253006,0.676203
video1.mp4,dea74cf05eaf5a5367213199806eb1e8c8bb1ac76da5c3fce588ce4202c0820c,1280,720,12.02,494,41.083,351,29250,Right,0.506618,0.379913,0.577322,0.454424,0.61813,0.550301,0.640782,0.629015,0.654747,0.692543,0.537017,0.489951,0.534322,0.607821,0.536294,0.717045,0.53657,0.811232,0.469687,0.483332,0.435431,0.608665,0.412672,0.723422,0.392234,0.814728,0.415419,0.490968,0.372894,0.587712,0.344137,0.690755,0.325719,0.770425,0.378648,0.500557,0.315738,0.563122,0.277545,0.619474,0.251459,0.674027
video1.mp4,dea74cf05eaf5a5367213199806eb1e8c8bb1ac76da5c3fce588ce4202c0820c,1280,720,12.02,494,41.083,352,29333,Right,0.506974,0.381724,0.577909,0.44128,0.620035,0.522994,0.64486,0.59753,0.66838,0.669464,0.533628,0.491037,0.532089,0.606342,0.53796,0.705924,0.544113,0.785437,0.468836,0.492302,0.432717,0.620619,0.413203,0.7305,0.396087,0.819553,0.416316,0.501077,0.368957,0.599063,0.341404,0.696845,0.323884,0.773359,0.379361,0.505791,0.316475,0.573896,0.277516,0.628455,0.249674,0.683029
video1.mp4,dea74cf05eaf5a5367213199806eb1e8c8bb1ac76da5c3fce588ce4202c0820c,1280,720,12.02,494,41.083,353,29416,Right,0.494634,0.394824,0.566498,0.449657,0.61017,0.524963,0.631222,0.599158,0.647175,0.678433,0.527594,0.484364,0.534564,0.608099,0.54206,0.722733,0.543033,0.825607,0.459787,0.48474,0.431428,0.602497,0.415514,0.716195,0.398066,0.811689,0.407651,0.497654,0.369401,0.582113,0.345114,0.682804,0.327971,0.758337,0.373669,0.510335,0.314182,0.567504,0.27689,0.622719,0.250449,0.678153
video1.mp4,dea74cf05eaf5a5367213199806eb1e8c8bb1ac76da5c3fce588ce4202c0820c,1280,720,12.02,494,41.083,354,29500,Right,0.502978,0.391715,0.571574,0.455156,0.614692,0.532731,0.638234,0.606683,0.657772,0.681702,0.52745,0.484138,0.529646,0.602971,0.535963,0.715609,0.538833,0.816248,0.462127,0.48466,0.431186,0.607326,0.412713,0.718675,0.393317,0.814134,0.411506,0.499436,0.371944,0.592331,0.34521,0.690409,0.326251,0.767844,0.379302,0.513482,0.318843,0.572602,0.280786,0.622978,0.252019,0.677071
video1.mp4,dea74cf05eaf5a5367213199806eb1e8c8bb1ac76da5c3fce588ce4202c0820c,1280,720,12.02,494,41.083,355,29583,Right,0.509667,0.36385,0.580343,0.424601,0.620354,0.504568,0.63827,0.586007,0.659789,0.663187,0.527834,0.466193,0.530059,0.569301,0.538189,0.663733,0.541269,0.748975,0.463416,0.467565,0.433561,0.582145,0.416319,0.698391,0.400198,0.793322,0.414004,0.482782,0.371503,0.580429,0.345688,0.687948,0.32801,0.775552,0.384046,0.500189,0.320102,0.565998,0.280164,0.624318,0.250108,0.685468
video1.mp4,dea74cf05eaf5a5367213199806eb1e8c8bb1ac76da5c3fce588ce4202c0820c,1280,720,12.02,494,41.083,356,29666,Right,0.50468,0.393875,0.572814,0.458586,0.614651,0.533019,0.632901,0.600991,0.650163,0.674707,0.536716,0.49724,0.541491,0.620046,0.545276,0.737957,0.544771,0.838237,0.467697,0.495097,0.439878,0.613627,0.415426,0.731149,0.391879,0.823323,0.413103,0.508177,0.376083,0.591195,0.345342,0.694348,0.325823,0.766847,0.375717,0.522086,0.316586,0.576542,0.277935,0.630908,0.251559,0.687327
video1.mp4,dea74cf05eaf5a5367213199806eb1e8c8bb1ac76da5c3fce588ce4202c0820c,1280,720,12.02,494,41.083,357,29750,Right,0.501181,0.395126,0.572876,0.455132,0.615463,0.530508,0.63474,0.601892,0.651188,0.680396,0.52694,0.491925,0.528745,0.613313,0.536034,0.725951,0.537677,0.826447,0.460106,0.488985,0.431471,0.604198,0.414239,0.715726,0.39458,0.811305,0.409163,0.502452,0.371356,0.585981,0.345743,0.688856,0.327489,0.765203,0.377223,0.519311,0.317768,0.574264,0.280615,0.627786,0.253341,0.683967
video1.mp4,dea74cf05eaf5a5367213199806eb1e8c8bb1ac76da5c3fce588ce4202c0820c,1280,720,12.02,494,41.083,358,29833,Right,0.50583,0.376892,0.573258,0.431899,0.613811,0.5119,0.636721,0.594023,0.656634,0.682684,0.529761,0.472125,0.533259,0.57367,0.540013,0.682472,0.542662,0.778967,0.464626,0.475416,0.434405,0.590295,0.416551,0.709018,0.400339,0.806942,0.41324,0.492582,0.371354,0.586675,0.344696,0.694431,0.328178,0.773755,0.380465,0.508734,0.317984,0.571533,0.276712,0.627284,0.247687,0.684517
video1.mp4,dea74cf05eaf5a5367213199806eb1e8c8bb1ac76da5c3fce588ce4202c0820c,1280,720,12.02,494,41.083,359,29916,Right,0.503311,0.383606,0.562511,0.458257,0.601969,0.553367,0.632649,0.641064,0.659265,0.728639,0.525484,0.493939,0.532296,0.6089,0.544458,0.722262,0.548671,0.826582,0.461056,0.486544,0.433603,0.606289,0.414182,0.721104,0.392728,0.817206,0.410121,0.497752,0.374628,0.589271,0.346794,0.691976,0.329136,0.769289,0.377107,0.512928,0.32,0.575466,0.282406,0.625023,0.257517,0.679617
video1.mp4,dea74cf05eaf5a5367213199806eb1e8c8bb1ac76da5c3fce588ce4202c0820c,1280,720,12.02,494,41.083,360,30000,Right,0.498711,0.376352,0.565036,0.455817,0.601994,0.554418,0.627602,0.648157,0.648904,0.71306,0.525347,0.480788,0.533008,0.604515,0.541554,0.720982,0.544414,0.824542,0.460189,0.475108,0.432352,0.591989,0.416172,0.703407,0.401579,0.793301,0.409413,0.486481,0.370385,0.58557,0.344361,0.690331,0.329995,0.768343,0.378039,0.502053,0.319426,0.568255,0.282798,0.624024,0.258043,0.677442
video1.mp4,dea74cf05eaf5a5367213199806eb1e8c8bb1ac76da5c3fce588ce4202c0820c,1280,720,12.02,494,41.083,361,30083,Right,0.502385,0.373611,0.572057,0.448431,0.608317,0.546214,0.632436,0.641709,0.651646,0.708489,0.528284,0.460878,0.536802,0.588346,0.550605,0.705944,0.558375,0.819835,0.46174,0.448745,0.433442,0.52666,0.42125,0.616717,0.409193,0.705106,0.411092,0.462898,0.37108,0.535131,0.3478,0.62008,0.329723,0.703909,0.381814,0.494366,0.325988,0.553039,0.289297,0.611611,0.258498,0.677495
video1.mp4,dea74cf05eaf5a5367213199806eb1e8c8bb1ac76da5c3fce588ce4202c0820c,1280,720,12.02,494,41.083,362,30166,Right,0.517656,0.366276,0.574825,0.473239,0.598436,0.600243,0.614203,0.69875,0.629027,0.745421,0.528859,0.476431,0.533211,0.593313,0.54828,0.693506,0.553523,0.799487,0.465241,0.44793,0.442769,0.529487,0.427873,0.612652,0.410951,0.69512,0.414827,0.452001,0.376056,0.524763,0.345749,0.598921,0.321811,0.676122,0.382897,0.480263,0.328957,0.536708,0.287968,0.575059,0.252757,0.622241
video1.mp4,dea74cf05eaf5a5367213199806eb1e8c8bb1ac76da5c3fce588ce4202c0820c,1280,720,12.02,494,41.083,363,30250,Right,0.505884,0.377479,0.571331,0.442137,0.607144,0.543591,0.627589,0.655271,0.645321,0.74939,0.523173,0.462583,0.526725,0.585495,0.539244,0.699615,0.548626,0.804011,0.459449,0.461829,0.429954,0.576343,0.417381,0.683279,0.408798,0.774786,0.410937,0.481852,0.372442,0.580847,0.34807,0.680586,0.334877,0.763385,0.382842,0.512894,0.325611,0.58484,0.287281,0.638426,0.259558,0.692189
video1.mp4,dea74cf05eaf5a5367213199806eb1e8c8bb1ac76da5c3fce588ce4202c0820c,1280,720,12.02,494,41.083,364,30333,Right,0.5102,0.38777,0.578406,0.442143,0.618287,0.51536,0.63808,0.59377,0.662378,0.663268,0.541913,0.46866,0.532755,0.561871,0.531462,0.651442,0.529219,0.736389,0.475006,0.46492,0.444698,0.582169,0.427625,0.698325,0.414922,0.7948,0.422818,0.476122,0.379827,0.580665,0.353141,0.684403,0.336629,0.7661,0.389458,0.495757,0.329978,0.575702,0.289658,0.637737,0.258209,0.691819
video1.mp4,dea74cf05eaf5a5367213199806eb1e8c8bb1ac76da5c3fce588ce4202c0820c,1280,720,12.02,494,41.083,365,30416,Right,0.503153,0.379732,0.567644,0.442657,0.610759,0.517916,0.636115,0.607474,0.661972,0.684737,0.53056,0.469311,0.534607,0.586666,0.538729,0.701837,0.536446,0.808882,0.46468,0.466547,0.439941,0.5773,0.428828,0.699606,0.419621,0.798388,0.415567,0.480141,0.377987,0.579782,0.356369,0.682981,0.34326,0.762298,0.388801,0.501746,0.328429,0.568758,0.288591,0.624962,0.256334,0.674665
video1.mp4,dea74cf05eaf5a5367213199806eb1e8c8bb1ac76da5c3fce588ce4202c0820c,1280,720,12.02,494,41.083,366,30500,Right,0.503611,0.384221,0.570144,0.460588,0.605033,0.539442,0.627264,0.62618,0.653355,0.695161,0.528035,0.475015,0.529835,0.597773,0.53507,0.7152,0.534421,0.820245,0.460716,0.462533,0.435886,0.541215,0.419777,0.633107,0.404415,0.709439,0.408343,0.469742,0.372156,0.541669,0.34441,0.624998,0.324119,0.693668,0.37469,0.488521,0.320585,0.536907,0.281789,0.583671,0.250041,0.632251
video1.mp4,dea74cf05eaf5a5367213199806eb1e8c8bb1ac76da5c3fce588ce4202c0820c,1280,720,12.02,494,41.083,367,30583,Right,0.512043,0.371901,0.574963,0.446521,0.610176,0.53782,0.631008,0.632891,0.656057,0.703443,0.533761,0.457959,0.53463,0.579263,0.541854,0.698441,0.541783,0.808553,0.464439,0.447476,0.434237,0.540328,0.420013,0.645882,0.406793,0.736347,0.41077,0.468316,0.372232,0.563386,0.347678,0.665125,0.330918,0.754334,0.378606,0.507095,0.323132,0.573275,0.287142,0.627858,0.258689,0.685623
video1.mp4,dea74cf05eaf5a5367213199806eb1e8c8bb1ac76da5c3fce588ce4202c0820c,1280,720,12.02,494,41.083,368,30666,Right,0.494913,0.399155,0.567896,0.454288,0.613697,0.524982,0.636242,0.604118,0.664138,0.676761,0.521814,0.469674,0.528243,0.59248,0.530513,0.70867,0.530334,0.805877,0.45588,0.472799,0.43126,0.576899,0.413576,0.699308,0.399438,0.797459,0.407739,0.495107,0.372105,0.576168,0.344792,0.684242,0.330008,0.759753,0.378206,0.523398,0.32367,0.591314,0.284599,0.645569,0.257462,0.693884
video1.mp4,dea74cf05eaf5a5367213199806eb1e8c8bb1ac76da5c3fce588ce4202c0820c,1280,720,12.02,494,41.083,369,30750,Right,0.509179,0.38836,0.572021,0.455314,0.611129,0.530423,0.633708,0.61033,0.65898,0.677338,0.532233,0.478171,0.534485,0.595736,0.533556,0.710405,0.529425,0.807356,0.467553,0.471655,0.439236,0.589709,0.417836,0.71549,0.401026,0.810414,0.419124,0.482552,0.378907,0.570321,0.349645,0.679171,0.333801,0.755142,0.389621,0.501322,0.325796,0.56274,0.282196,0.616612,0.251066,0.665385
video1.mp4,dea74cf05eaf5a5367213199806eb1e8c8bb1ac76da5c3fce588ce4202c0820c,1280,720,12.02,494,41.083,370,30833,Right,0.504578,0.384073,0.576129,0.45022,0.615551,0.526612,0.635257,0.602974,0.656011,0.668824,0.532719,0.480978,0.536069,0.611991,0.535233,0.72832,0.527359,0.831025,0.468051,0.476451,0.441613,0.601186,0.41882,0.71612,0.394485,0.811163,0.418268,0.483705,0.378563,0.564721,0.346256,0.653913,0.322741,0.721965,0.386637,0.495553,0.324414,0.539021,0.280625,0.572562,0.244957,0.603861
video1.mp4,dea74cf05eaf5a5367213199806eb1e8c8bb1ac76da5c3fce588ce4202c0820c,1280,720,12.02,494,41.083,371,30916,Right,0.501722,0.400901,0.575388,0.454122,0.616587,0.528227,0.633862,0.595809,0.649586,0.67257,0.532782,0.489782,0.533642,0.618647,0.532083,0.726079,0.525445,0.818343,0.465949,0.494205,0.437274,0.61712,0.415048,0.724926,0.391303,0.814561,0.412866,0.506708,0.371662,0.5899,0.33716,0.685571,0.310665,0.757439,0.377509,0.517276,0.315197,0.559808,0.272177,0.594287,0.237661,0.628808
video1.mp4,dea74cf05eaf5a5367213199806eb1e8c8bb1ac76da5c3fce588ce4202c0820c,1280,720,12.02,494,41.083,372,31000,Right,0.507742,0.398345,0.578354,0.45119,0.617053,0.521034,0.633264,0.594788,0.648798,0.681139,0.524576,0.498394,0.526624,0.622622,0.529615,0.727306,0.524914,0.821954,0.458392,0.504453,0.432541,0.627789,0.414216,0.726689,0.390896,0.811984,0.408761,0.513327,0.36523,0.595645,0.327715,0.676078,0.296516,0.734329,0.377252,0.518776,0.313416,0.558539,0.267677,0.576324,0.229697,0.59282
video1.mp4,dea74cf05eaf5a5367213199806eb1e8c8bb1ac76da5c3fce588ce4202c0820c,1280,720,12.02,494,41.083,373,31083,Right,0.512338,0.388494,0.583622,0.454042,0.621266,0.53294,0.638803,0.607448,0.659143,0.675691,0.530601,0.493413,0.530258,0.618287,0.529236,0.726701,0.5235,0.827482,0.46221,0.494844,0.435883,0.610851,0.417307,0.720362,0.396923,0.81408,0.410777,0.507132,0.360923,0.582607,0.317585,0.673594,0.284523,0.742955,0.378316,0.520142,0.310632,0.562845,0.263499,0.594157,0.224831,0.624376
video1.mp4,dea74cf05eaf5a5367213199806eb1e8c8bb1ac76da5c3fce588ce4202c0820c,1280,720,12.02,494,41.083,374,31166,Right,0.506585,0.384347,0.581153,0.447321,0.62036,0.523827,0.637737,0.599117,0.659837,0.666519,0.531311,0.484116,0.527621,0.618775,0.527367,0.727664,0.523445,0.826657,0.463446,0.483651,0.433442,0.606317,0.41484,0.712184,0.395334,0.805635,0.411172,0.49222,0.364455,0.586665,0.32565,0.681862,0.29617,0.761267,0.377945,0.501394,0.3133,0.565271,0.271918,0.618408,0.239209,0.674243
video1.mp4,dea74cf05eaf5a5367213199806eb1e8c8bb1ac76da5c3fce588ce4202c0820c,1280,720,12.02,494,41.083,375,31250,Right,0.509734,0.365008,0.571585,0.464948,0.60158,0.586548,0.622571,0.685272,0.642335,0.735766,0.529116,0.479667,0.532006,0.603562,0.537542,0.711971,0.53955,0.819203,0.460213,0.458398,0.432313,0.559196,0.417056,0.649304,0.404397,0.732848,0.406187,0.466231,0.362644,0.567443,0.326731,0.665454,0.303238,0.758434,0.372214,0.490728,0.313234,0.566622,0.274588,0.625799,0.24756,0.690572
video1.mp4,dea74cf05eaf5a5367213199806eb1e8c8bb1ac76da5c3fce588ce4202c0820c,1280,720,12.02,494,41.083,376,31333,Right,0.514192,0.384702,0.583522,0.450251,0.621408,0.539718,0.639147,0.62362,0.653071,0.705915,0.533068,0.477106,0.524396,0.584067,0.528587,0.682879,0.526476,0.786326,0.464769,0.466718,0.43145,0.55642,0.419187,0.651915,0.403933,0.742262,0.4114,0.475155,0.363053,0.566417,0.330515,0.66498,0.304092,0.756475,0.378216,0.490431,0.31638,0.559598,0.275764,0.621726,0.241471,0.691125
video1.mp4,dea74cf05eaf5a5367213199806eb1e8c8bb1ac76da5c3fce588ce4202c0820c,1280,720,12.02,494,41.083,377,31416,Right,0.496073,0.396922,0.572727,0.449356,0.61911,0.522898,0.637907,0.5979,0.662154,0.662577,0.518687,0.477247,0.518249,0.607731,0.516968,0.713951,0.515723,0.802919,0.452849,0.479207,0.43037,0.587575,0.413273,0.694009,0.396676,0.782964,0.404227,0.493932,0.365786,0.575891,0.33034,0.67311,0.304393,0.749301,0.373031,0.510405,0.314508,0.574815,0.274166,0.627638,0.243944,0.680241
video1.mp4,dea74cf05eaf5a5367213199806eb1e8c8bb1ac76da5c3fce588ce4202c0820c,1280,720,12.02,494,41.083,378,31500,Right,0.502605,0.385536,0.577457,0.441165,0.621307,0.516589,0.640519,0.59522,0.659985,0.667187,0.52507,0.478787,0.519365,0.605668,0.516438,0.719096,0.511843,0.821796,0.457539,0.477921,0.431184,0.592336,0.413871,0.695673,0.398674,0.7839,0.406332,0.491291,0.362129,0.583242,0.326012,0.678179,0.300598,0.754167,0.373601,0.508059,0.310701,0.578268,0.268307,0.635861,0.23579,0.69071
video1.mp4,dea74cf05eaf5a5367213199806eb1e8c8bb1ac76da5c3fce588ce4202c0820c,1280,720,12.02,494,41.083,379,31583,Right,0.509344,0.385447,0.580529,0.441551,0.62215,0.51944,0.64301,0.601851,0.665988,0.675253,0.529451,0.482762,0.522555,0.605271,0.517529,0.71376,0.512318,0.809471,0.460185,0.482742,0.429844,0.591757,0.409001,0.697504,0.392712,0.782582,0.408111,0.495755,0.35937,0.578522,0.322901,0.676736,0.299826,0.753535,0.37508,0.50909,0.310995,0.571034,0.268981,0.630675,0.239251,0.687565
video1.mp4,dea74cf05eaf5a5367213199806eb1e8c8bb1ac76da5c3fce588ce4202c0820c,1280,720,12.02,494,41.083,380,31666,Right,0.503842,0.389289,0.571772,0.450374,0.616936,0.554819,0.648837,0.651377,0.670894,0.725115,0.526013,0.481147,0.520714,0.590665,0.525944,0.692765,0.52482,0.79465,0.456665,0.476857,0.425293,0.586455,0.408334,0.688547,0.389684,0.782951,0.401971,0.492822,0.359144,0.587998,0.324102,0.687771,0.298773,0.771777,0.36906,0.514119,0.313283,0.580689,0.277191,0.637559,0.250602,0.700082
video1.mp4,dea74cf05eaf5a5367213199806eb1e8c8bb1ac76da5c3fce588ce4202c0820c,1280,720,12.02,494,41.083,381,31750,Right,0.501846,0.370377,0.570912,0.431782,0.611878,0.513616,0.637147,0.600945,0.66247,0.672684,0.510859,0.461914,0.520944,0.594577,0.531241,0.704161,0.533802,0.809645,0.44926,0.461643,0.426019,0.579521,0.412112,0.684152,0.395265,0.782601,0.404077,0.477022,0.365974,0.574118,0.335809,0.665092,0.311301,0.743392,0.377986,0.499487,0.315319,0.566516,0.272497,0.615458,0.237093,0.668965
video1.mp4,dea74cf05eaf5a5367213199806eb1e8c8bb1ac76da5c3fce588ce4202c0820c,1280,720,12.02,494,41.083,382,31833,Right,0.507222,0.374476,0.56814,0.442605,0.607294,0.524212,0.635245,0.616624,0.668502,0.68948,0.521404,0.471806,0.531118,0.611206,0.539199,0.725644,0.535424,0.823939,0.458167,0.456006,0.42969,0.56482,0.408444,0.670111,0.384847,0.758662,0.412317,0.458123,0.36246,0.530378,0.318137,0.599471,0.28154,0.656985,0.386597,0.473341,0.321509,0.525587,0.272973,0.557474,0.231191,0.588912
video1.mp4,dea74cf05eaf5a5367213199806eb1e8c8bb1ac76da5c3fce588ce4202c0820c,1280,720,12.02,494,41.083,383,31916,Right,0.509813,0.368633,0.57449,0.448034,0.610456,0.534464,0.631478,0.619842,0.659606,0.686604,0.529066,0.475817,0.532658,0.61167,0.538462,0.734075,0.531628,0.841914,0.463957,0.459405,0.429628,0.574024,0.400891,0.698753,0.370518,0.808136,0.415329,0.461485,0.361439,0.545907,0.314496,0.631742,0.276012,0.70818,0.386503,0.476369,0.32098,0.521472,0.271677,0.553748,0.228297,0.587181
video1.mp4,dea74cf05eaf5a5367213199806eb1e8c8bb1ac76da5c3fce588ce4202c0820c,1280,720,12.02,494,41.083,384,32000,Right,0.491425,0.396986,0.566716,0.450954,0.610511,0.523923,0.634134,0.606048,0.662965,0.679086,0.520518,0.473052,0.515786,0.577632,0.518171,0.678378,0.516952,0.774618,0.455754,0.4786,0.426543,0.589146,0.406339,0.699587,0.384376,0.798147,0.404871,0.494413,0.364549,0.581894,0.332976,0.677053,0.306907,0.757082,0.37375,0.512408,0.314413,0.578639,0.274926,0.626745,0.241972,0.671311
video1.mp4,dea74cf05eaf5a5367213199806eb1e8c8bb1ac76da5c3fce588ce4202c0820c,1280,720,12.02,494,41.083,385,32083,Right,0.500404,0.381372,0.57022,0.440678,0.612812,0.517098,0.637165,0.6008,0.661817,0.677305,0.518705,0.484307,0.523107,0.613376,0.52781,0.725203,0.526716,0.82908,0.452508,0.488957,0.42669,0.612549,0.407073,0.718522,0.385081,0.81422,0.404231,0.503654,0.365777,0.590907,0.333659,0.683645,0.309001,0.757034,0.375868,0.519712,0.313196,0.577742,0.271435,0.620597,0.237094,0.664911
video1.mp4,dea74cf05eaf5a5367213199806eb1e8c8bb1ac76da5c3fce588ce4202c0820c,1280,720,12.02,494,41.083,386,32166,Right,0.507452,0.374049,0.574652,0.438852,0.613702,0.514471,0.637007,0.603729,0.663969,0.680749,0.522872,0.471572,0.52717,0.596278,0.532967,0.711519,0.5309,0.818143,0.458722,0.465969,0.431963,0.572639,0.416198,0.683759,0.399371,0.785421,0.412815,0.473542,0.372437,0.55859,0.341297,0.648309,0.316188,0.725232,0.38825,0.490768,0.324891,0.537887,0.281719,0.577466,0.244104,0.62217
video1.mp4,dea74cf05eaf5a5367213199806eb1e8c8bb1ac76da5c3fce588ce4202c0820c,1280,720,12.02,494,41.083,387,32250,Right,0.504208,0.387929,0.573221,0.450371,0.612356,0.529948,0.6347,0.617286,0.663819,0.69,0.523764,0.470832,0.52467,0.58707,0.530717,0.696884,0.528916,0.802611,0.457321,0.462638,0.427652,0.547414,0.412345,0.646797,0.393658,0.740633,0.408078,0.474896,0.364369,0.537456,0.332407,0.623042,0.305406,0.699417,0.378992,0.499765,0.318315,0.542471,0.274994,0.576911,0.236588,0.61505
video1.mp4,dea74cf05eaf5a5367213199806eb1e8c8bb1ac76da5c3fce588ce4202c0820c,1280,720,12.02,494,41.083,388,32333,Right,0.499183,0.397438,0.572021,0.449993,0.614597,0.530846,0.637216,0.618878,0.664359,0.690396,0.514844,0.467441,0.521133,0.586835,0.529825,0.697488,0.53086,0.804313,0.452721,0.467169,0.425186,0.569563,0.410164,0.677465,0.391882,0.778226,0.406146,0.486862,0.364144,0.576193,0.330192,0.672527,0.302933,0.752183,0.377868,0.516201,0.316932,0.584772,0.273142,0.634037,0.236964,0.686549
video1.mp4,dea74cf05eaf5a5367213199806eb1e8c8bb1ac76da5c3fce588ce4202c0820c,1280,720,12.02,494,41.083,389,32416,Right,0.496968,0.391708,0.56387,0.44113,0.60726,0.524604,0.634184,0.616496,0.664935,0.686126,0.522624,0.453889,0.531551,0.558202,0.539895,0.656138,0.540945,0.752804,0.460176,0.458355,0.437905,0.576513,0.418979,0.684662,0.399835,0.775108,0.411152,0.477431,0.370055,0.586729,0.335713,0.683177,0.308414,0.759952,0.378753,0.507924,0.316312,0.583346,0.272039,0.637836,0.235405,0.690505
video1.mp4,dea74cf05eaf5a5367213199806eb1e8c8bb1ac76da5c3fce588ce4202c0820c,1280,720,12.02,494,41.083,390,32500,Right,0.497294,0.384629,0.56627,0.444704,0.609305,0.518765,0.636098,0.603089,0.668961,0.671376,0.519833,0.481055,0.534092,0.614118,0.541552,0.724959,0.542837,0.819559,0.4576,0.4796,0.436717,0.59739,0.418386,0.698465,0.400341,0.783664,0.410631,0.490983,0.37661,0.592906,0.346413,0.684489,0.322756,0.759106,0.382877,0.508877,0.32165,0.571792,0.277897,0.614134,0.24143,0.658685
video1.mp4,dea74cf05eaf5a5367213199806eb1e8c8bb1ac76da5c3fce588ce4202c0820c,1280,720,12.02,494,41.083,391,32583,Right,0.511396,0.36408,0.572381,0.438559,0.609215,0.525135,0.633464,0.613865,0.662405,0.693935,0.533133,0.480478,0.538023,0.62077,0.544243,0.73599,0.541138,0.834357,0.469028,0.468499,0.445148,0.590083,0.426895,0.70815,0.405692,0.804096,0.419673,0.46899,0.373614,0.541108,0.338352,0.621544,0.310483,0.686421,0.388334,0.474327,0.325467,0.528624,0.277384,0.568174,0.237653,0.603926
video1.mp4,dea74cf05eaf5a5367213199806eb1e8c8bb1ac76da5c3fce588ce4202c0820c,1280,720,12.02,494,41.083,392,32666,Right,0.500492,0.404749,0.576237,0.460732,0.616556,0.535018,0.636068,0.612416,0.660725,0.688746,0.534823,0.490552,0.537933,0.610452,0.542504,0.717691,0.54304,0.818143,0.468159,0.494427,0.440288,0.609766,0.420101,0.716106,0.39957,0.812077,0.415933,0.507661,0.372044,0.594409,0.338031,0.685542,0.311902,0.763255,0.381153,0.520612,0.31578,0.576238,0.272603,0.620748,0.237232,0.667733
video1.mp4,dea74cf05eaf5a5367213199806eb1e8c8bb1ac76da5c3fce588ce4202c0820c,1280,720,12.02,494,41.083,393,32750,Right,0.501512,0.395558,0.569863,0.452599,0.61009,0.524495,0.636918,0.604798,0.664504,0.680098,0.528636,0.487921,0.538934,0.618618,0.546667,0.727801,0.546349,0.827552,0.464047,0.493676,0.442905,0.617931,0.428697,0.723482,0.412417,0.818753,0.415234,0.504579,0.375809,0.600668,0.347619,0.688135,0.326659,0.762142,0.385153,0.513501,0.322355,0.569043,0.27923,0.609997,0.244022,0.650024
video1.mp4,dea74cf05eaf5a5367213199806eb1e8c8bb1ac76da5c3fce588ce4202c0820c,1280,720,12.02,494,41.083,394,32833,Right,0.510068,0.379282,0.574836,0.444143,0.619139,0.521551,0.648055,0.604165,0.676,0.683095,0.535964,0.47848,0.545833,0.616309,0.55428,0.727902,0.554938,0.827061,0.471185,0.475962,0.452498,0.608914,0.442334,0.730362,0.430215,0.834478,0.423572,0.481797,0.38342,0.566388,0.35311,0.654636,0.331027,0.730154,0.394982,0.490123,0.332329,0.543855,0.286874,0.588622,0.250903,0.636317
video1.mp4,dea74cf05eaf5a5367213199806eb1e8c8bb1ac76da5c3fce588ce4202c0820c,1280,720,12.02,494,41.083,395,32916,Right,0.500033,0.38725,0.570606,0.444886,0.615898,0.522774,0.645698,0.608042,0.67555,0.68739,0.53699,0.471406,0.545039,0.58149,0.554946,0.687667,0.559335,0.790242,0.473588,0.476824,0.453411,0.597309,0.443074,0.713761,0.431372,0.820534,0.422697,0.492798,0.385947,0.595224,0.361449,0.690861,0.34361,0.773149,0.390514,0.510588,0.329883,0.5805,0.288558,0.632819,0.25406,0.684915
video1.mp4,dea74cf05eaf5a5367213199806eb1e8c8bb1ac76da5c3fce588ce4202c0820c,1280,720,12.02,494,41.083,396,33000,Right,0.505816,0.37537,0.573078,0.438634,0.614227,0.521117,0.64335,0.601013,0.674387,0.674749,0.533805,0.481028,0.540804,0.600024,0.551686,0.702128,0.556657,0.798203,0.473535,0.478799,0.453179,0.613396,0.441269,0.731709,0.428134,0.833043,0.427594,0.484206,0.388445,0.581092,0.36213,0.674562,0.343361,0.755364,0.398733,0.493116,0.333997,0.552234,0.288754,0.597961,0.252809,0.645844
video1.mp4,dea74cf05eaf5a5367213199806eb1e8c8bb1ac76da5c3fce588ce4202c0820c,1280,720,12.02,494,41.083,397,33083,Right,0.513581,0.385547,0.580593,0.443571,0.622176,0.531423,0.648854,0.607385,0.67582,0.681547,0.553342,0.496263,0.556332,0.628895,0.560995,0.729875,0.561297,0.810111,0.495863,0.483963,0.47637,0.601421,0.459544,0.697743,0.441463,0.769983,0.445012,0.474857,0.401395,0.549317,0.363024,0.610013,0.330336,0.652025,0.407398,0.465327,0.346228,0.516367,0.299798,0.551618,0.256657,0.577195
video1.mp4,dea74cf05eaf5a5367213199806eb1e8c8bb1ac76da5c3fce588ce4202c0820c,1280,720,12.02,494,41.083,398,33166,Right,0.510489,0.37824,0.579031,0.44149,0.624577,0.523416,0.653057,0.604087,0.678547,0.679141,0.545388,0.51398,0.549099,0.655477,0.55008,0.757782,0.549999,0.83211,0.484746,0.519257,0.470878,0.654494,0.459943,0.762547,0.450082,0.844254,0.435344,0.518599,0.401621,0.617914,0.376031,0.713998,0.356513,0.791441,0.398119,0.51059,0.337281,0.577149,0.296331,0.624431,0.263775,0.668545
video1.mp4,dea74cf05eaf5a5367213199806eb1e8c8bb1ac76da5c3fce588ce4202c0820c,1280,720,12.02,494,41.083,399,33250,Right,0.508839,0.381989,0.574138,0.429664,0.622039,0.502904,0.647203,0.579397,0.67017,0.658447,0.54637,0.514916,0.558735,0.656678,0.56237,0.765517,0.562816,0.842913,0.485465,0.519084,0.475862,0.654659,0.46274,0.766813,0.448688,0.848978,0.437192,0.508444,0.401252,0.599516,0.371382,0.6833,0.347255,0.744805,0.400495,0.48529,0.338417,0.544519,0.29309,0.590219,0.255567,0.622549
video1.mp4,dea74cf05eaf5a5367213199806eb1e8c8bb1ac76da5c3fce588ce4202c0820c,1280,720,12.02,494,41.083,400,33333,Right,0.510516,0.372692,0.574066,0.428836,0.619142,0.510407,0.646312,0.591305,0.673356,0.667002,0.545268,0.522725,0.557584,0.664891,0.565687,0.773194,0.570905,0.848367,0.485162,0.524539,0.476341,0.656682,0.468539,0.771914,0.461379,0.855983,0.436134,0.513707,0.400516,0.614576,0.373967,0.710611,0.35395,0.787773,0.398041,0.491612,0.333596,0.554684,0.290051,0.604546,0.253992,0.645612
video1.mp4,dea74cf05eaf5a5367213199806eb1e8c8bb1ac76da5c3fce588ce4202c0820c,1280,720,12.02,494,41.083,401,33416,Right,0.508625,0.382075,0.571864,0.436052,0.617812,0.520614,0.651217,0.596917,0.683187,0.667308,0.544988,0.510209,0.566088,0.637894,0.581775,0.742229,0.592032,0.828387,0.483537,0.513894,0.469766,0.648158,0.460571,0.757167,0.449563,0.847915,0.434933,0.513132,0.398717,0.606083,0.373328,0.698283,0.353866,0.7752,0.399835,0.504115,0.333922,0.561571,0.288868,0.602147,0.251656,0.640086
video1.mp4,dea74cf05eaf5a5367213199806eb1e8c8bb1ac76da5c3fce588ce4202c0820c,1280,720,12.02,494,41.083,402,33500,Right,0.511142,0.375481,0.55303,0.49215,0.559067,0.643403,0.546527,0.770679,0.528548,0.857071,0.546643,0.523023,0.539757,0.61977,0.537989,0.689578,0.525296,0.760455,0.503753,0.495381,0.491089,0.603985,0.486197,0.695995,0.475423,0.776717,0.461068,0.475792,0.445449,0.569047,0.438454,0.650008,0.429896,0.719907,0.42491,0.453788,0.391259,0.502266,0.372246,0.535282,0.355364,0.568318
video1.mp4,dea74cf05eaf5a5367213199806eb1e8c8bb1ac76da5c3fce588ce4202c0820c,1280,720,12.02,494,41.083,403,33583,Right,0.504068,0.399127,0.550214,0.489124,0.561938,0.606546,0.556973,0.707625,0.556133,0.760336,0.553539,0.499521,0.582368,0.60567,0.589074,0.71404,0.591258,0.793669,0.496291,0.483474,0.486165,0.596019,0.471302,0.720097,0.459308,0.79874,0.446002,0.485125,0.413008,0.57511,0.388593,0.6899,0.372347,0.773358,0.404501,0.500416,0.34833,0.574462,0.309221,0.640264,0.28061,0.694707
video1.mp4,dea74cf05eaf5a5367213199806eb1e8c8bb1ac76da5c3fce588ce4202c0820c,1280,720,12.02,494,41.083,404,33666,Right,0.502369,0.400327,0.555367,0.485638,0.573341,0.611592,0.572216,0.721342,0.569014,0.803883,0.555803,0.504894,0.584268,0.606866,0.590685,0.714936,0.592584,0.796921,0.495727,0.491207,0.482669,0.615064,0.465444,0.731256,0.450204,0.810578,0.440289,0.494314,0.410197,0.596739,0.384158,0.708533,0.365075,0.78547,0.396332,0.504614,0.345499,0.589011,0.310119,0.656334,0.279937,0.711749
video1.mp4,dea74cf05eaf5a5367213199806eb1e8c8bb1ac76da5c3fce588ce4202c0820c,1280,720,12.02,494,41.083,405,33750,Right,0.502411,0.384737,0.553552,0.468036,0.585402,0.593861,0.60494,0.711246,0.635389,0.799321,0.547747,0.501491,0.578626,0.621646,0.591881,0.729451,0.59937,0.813202,0.485585,0.489514,0.475806,0.612484,0.462042,0.731714,0.446624,0.815955,0.434157,0.486195,0.407543,0.575177,0.386665,0.681284,0.367953,0.75774,0.394643,0.490467,0.338693,0.561559,0.295797,0.619833,0.256933,0.669156
video1.mp4,dea74cf05eaf5a5367213199806eb1e8c8bb1ac76da5c3fce588ce4202c0820c,1280,720,12.02,494,41.083,406,33833,Right,0.500509,0.380063,0.561911,0.430894,0.613831,0.523798,0.654297,0.612137,0.692735,0.696518,0.54587,0.479289,0.5692,0.605927,0.588705,0.719281,0.601277,0.815758,0.481614,0.479696,0.472589,0.580251,0.465739,0.677479,0.451849,0.755201,0.430016,0.48665,0.403998,0.552888,0.381541,0.629455,0.357152,0.6846,0.394105,0.497134,0.343263,0.552936,0.302485,0.594523,0.262107,0.629511
video1.mp4,dea74cf05eaf5a5367213199806eb1e8c8bb1ac76da5c3fce588ce4202c0820c,1280,720,12.02,494,41.083,407,33916,Right,0.498444,0.387001,0.567654,0.437051,0.620079,0.522918,0.660428,0.603998,0.69396,0.677976,0.55017,0.493024,0.574648,0.624428,0.592895,0.729135,0.605669,0.807492,0.486487,0.503873,0.474056,0.637418,0.464299,0.749224,0.452285,0.83574,0.433725,0.514067,0.400993,0.613635,0.378306,0.712596,0.361462,0.789331,0.394454,0.515854,0.339732,0.590528,0.303891,0.647384,0.274822,0.696563
video1.mp4,dea74cf05eaf5a5367213199806eb1e8c8bb1ac76da5c3fce588ce4202c0820c,1280,720,12.02,494,41.083,408,34000,Right,0.49785,0.370882,0.563463,0.439781,0.618594,0.541772,0.669692,0.61647,0.713428,0.681789,0.548516,0.524742,0.568587,0.656218,0.581714,0.754523,0.589381,0.824142,0.487936,0.517072,0.475671,0.6449,0.465981,0.75667,0.455414,0.844078,0.436753,0.50942,0.408186,0.608477,0.386983,0.712784,0.369164,0.799557,0.401592,0.500449,0.353161,0.580922,0.320411,0.639649,0.291767,0.693661
video1.mp4,dea74cf05eaf5a5367213199806eb1e8c8bb1ac76da5c3fce588ce4202c0820c,1280,720,12.02,494,41.083,409,34083,Right,0.48959,0.391772,0.553379,0.422165,0.606097,0.475553,0.650918,0.516705,0.691782,0.55637,0.541782,0.501031,0.569622,0.649229,0.588794,0.750748,0.598674,0.82719,0.475999,0.516334,0.470704,0.645816,0.465497,0.755852,0.453808,0.8433,0.424902,0.522735,0.398168,0.622076,0.381266,0.723888,0.364692,0.800949,0.388088,0.523816,0.338381,0.603805,0.301899,0.662018,0.270082,0.711513
video1.mp4,dea74cf05eaf5a5367213199806eb1e8c8bb1ac76da5c3fce588ce4202c0820c,1280,720,12.02,494,41.083,410,34166,Right,0.494752,0.394175,0.563702,0.428306,0.620264,0.501027,0.662367,0.55434,0.697398,0.613172,0.550596,0.519985,0.578038,0.671794,0.594332,0.770697,0.604314,0.829557,0.487479,0.522167,0.475035,0.655385,0.462981,0.763353,0.450887,0.842879,0.435951,0.519812,0.403643,0.62176,0.379934,0.72078,0.361938,0.791466,0.398393,0.513049,0.342847,0.594135,0.306126,0.654102,0.276231,0.703073
video1.mp4,dea74cf05eaf5a5367213199806eb1e8c8bb1ac76da5c3fce588ce4202c0820c,1280,720,12.02,494,41.083,411,34250,Right,0.502178,0.3713,0.568254,0.422337,0.622122,0.515557,0.658477,0.596541,0.689954,0.676673,0.556953,0.521259,0.583542,0.668829,0.598666,0.768068,0.605714,0.834836,0.492305,0.52473,0.478931,0.659709,0.46752,0.767946,0.451883,0.848112,0.441905,0.522392,0.402149,0.620923,0.377586,0.711784,0.355493,0.785208,0.404565,0.511509,0.341782,0.579224,0.299997,0.638048,0.263156,0.691575
video1.mp4,dea74cf05eaf5a5367213199806eb1e8c8bb1ac76da5c3fce588ce4202c0820c,1280,720,12.02,494,41.083,412,34333,Left,0.497457,0.3773,0.560993,0.428931,0.617678,0.522492,0.659476,0.596597,0.698592,0.67551,0.566331,0.538084,0.589653,0.661932,0.605832,0.752424,0.616014,0.813878,0.50134,0.536798,0.494772,0.657287,0.490097,0.76123,0.480786,0.849642,0.445441,0.525667,0.406673,0.593985,0.38434,0.659597,0.365045,0.724336,0.400914,0.5017,0.349299,0.55485,0.313794,0.600394,0.280402,0.647533
video1.mp4,dea74cf05eaf5a5367213199806eb1e8c8bb1ac76da5c3fce588ce4202c0820c,1280,720,12.02,494,41.083,413,34416,Right,0.489037,0.381937,0.557474,0.423268,0.618748,0.517478,0.663996,0.604662,0.70699,0.671828,0.540917,0.485733,0.556085,0.572387,0.565832,0.640746,0.570859,0.714701,0.472681,0.510481,0.464242,0.637963,0.461019,0.736593,0.4511,0.822963,0.420378,0.525425,0.387851,0.628609,0.371201,0.715643,0.355423,0.798389,0.384683,0.529306,0.333989,0.603513,0.29435,0.651958,0.257195,0.702006
video1.mp4,dea74cf05eaf5a5367213199806eb1e8c8bb1ac76da5c3fce588ce4202c0820c,1280,720,12.02,494,41.083,414,34500,Right,0.50203,0.392719,0.57228,0.426565,0.626546,0.512188,0.666131,0.588327,0.708045,0.653788,0.551454,0.505994,0.552179,0.583933,0.557036,0.641573,0.559918,0.705039,0.486044,0.518235,0.471064,0.638275,0.462189,0.74076,0.450857,0.831735,0.432701,0.525143,0.397308,0.624326,0.374942,0.713602,0.357691,0.793803,0.394385,0.51894,0.337638,0.595996,0.298617,0.647591,0.266359,0.697006
video1.mp4,dea74cf05eaf5a5367213199806eb1e8c8bb1ac76da5c3fce588ce4202c0820c,1280,720,12.02,494,41.083,415,34583,Right,0.501573,0.373361,0.56663,0.433346,0.624142,0.52693,0.670696,0.607399,0.709934,0.673381,0.544274,0.510851,0.559612,0.638734,0.574631,0.733699,0.582638,0.828224,0.481173,0.506946,0.465678,0.640248,0.455498,0.750536,0.440861,0.8497,0.434417,0.504774,0.396512,0.608548,0.37272,0.706939,0.352617,0.796464,0.403599,0.502696,0.343001,0.575924,0.301957,0.630123,0.267299,0.686935
video1.mp4,dea74cf05eaf5a5367213199806eb1e8c8bb1ac76da5c3fce588ce4202c0820c,1280,720,12.02,494,41.083,416,34666,Left,0.497422,0.377505,0.561957,0.42242,0.615506,0.509499,0.654816,0.586721,0.68874,0.662685,0.555375,0.522032,0.571501,0.658866,0.580915,0.764685,0.585835,0.841748,0.495007,0.524426,0.490017,0.665091,0.482751,0.773229,0.471306,0.858229,0.441856,0.520395,0.41249,0.619911,0.387888,0.712291,0.364111,0.786684,0.398046,0.505066,0.347502,0.570353,0.309305,0.625748,0.273439,0.678556
video1.mp4,dea74cf05eaf5a5367213199806eb1e8c8bb1ac76da5c3fce588ce4202c0820c,1280,720,12.02,494,41.083,417,34750,Right,0.49248,0.368417,0.556168,0.42227,0.613082,0.523027,0.658065,0.608957,0.703739,0.672623,0.54606,0.502497,0.558422,0.624265,0.569432,0.714349,0.573316,0.804065,0.481382,0.507886,0.46704,0.635516,0.460078,0.743479,0.447311,0.836901,0.430039,0.510564,0.389486,0.616629,0.365124,0.712326,0.341892,0.800425,0.393542,0.508895,0.336442,0.586984,0.29461,0.643834,0.255768,0.703014
video1.mp4,dea74cf05eaf5a5367213199806eb1e8c8bb1ac76da5c3fce588ce4202c0820c,1280,720,12.02,494,41.083,418,34833,Right,0.487758,0.380604,0.542661,0.468142,0.585487,0.580949,0.624689,0.665699,0.654117,0.742949,0.519275,0.519867,0.517318,0.606334,0.521169,0.674207,0.520393,0.751973,0.475474,0.512954,0.467382,0.626498,0.457316,0.72762,0.443126,0.828925,0.44159,0.511525,0.429933,0.610741,0.413025,0.710793,0.394318,0.809769,0.425579,0.511347,0.405615,0.583736,0.390567,0.642613,0.373266,0.710046
video1.mp4,dea74cf05eaf5a5367213199806eb1e8c8bb1ac76da5c3fce588ce4202c0820c,1280,720,12.02,494,41.083,419,34916,Right,0.499755,0.413076,0.545507,0.491474,0.57269,0.599198,0.595985,0.688111,0.623408,0.759841,0.556557,0.523592,0.595241,0.602835,0.618791,0.684198,0.632843,0.75983,0.50782,0.502634,0.516493,0.611376,0.510744,0.723933,0.502204,0.812441,0.461697,0.496663,0.437367,0.589829,0.409361,0.697256,0.381669,0.783826,0.423118,0.496806,0.377557,0.567175,0.345013,0.627954,0.313384,0.682524
video1.mp4,dea74cf05eaf5a5367213199806eb1e8c8bb1ac76da5c3fce588ce4202c0820c,1280,720,12.02,494,41.083,420,35000,Right,0.510858,0.410044,0.52681,0.506455,0.527304,0.640855,0.523618,0.744321,0.520663,0.804281,0.531536,0.534665,0.531398,0.638712,0.533211,0.70137,0.530339,0.764153,0.510891,0.488156,0.513042,0.597402,0.512187,0.695927,0.499709,0.772883,0.485434,0.459748,0.446802,0.554318,0.41696,0.660069,0.384029,0.744126,0.457831,0.442741,0.414054,0.521962,0.385069,0.587309,0.355402,0.642579
video1.mp4,dea74cf05eaf5a5367213199806eb1e8c8bb1ac76da5c3fce588ce4202c0820c,1280,720,12.02,494,41.083,421,35083,Right,0.493822,0.42405,0.528237,0.52058,0.534751,0.629609,0.527047,0.721249,0.517622,0.753068,0.536238,0.562241,0.555761,0.670716,0.562258,0.767786,0.563955,0.83318,0.495406,0.521288,0.49088,0.629089,0.476461,0.740237,0.461591,0.809185,0.454652,0.493469,0.419722,0.578454,0.391349,0.677393,0.367192,0.742825,0.418399,0.479506,0.363567,0.554655,0.328109,0.60605,0.299017,0.638326
video1.mp4,dea74cf05eaf5a5367213199806eb1e8c8bb1ac76da5c3fce588ce4202c0820c,1280,720,12.02,494,41.083,422,35166,Right,0.498953,0.417946,0.521862,0.523006,0.51687,0.646391,0.502896,0.742471,0.491143,0.779055,0.526658,0.573726,0.543658,0.674487,0.550669,0.766007,0.553246,0.832607,0.496621,0.519603,0.490033,0.62176,0.478067,0.727149,0.466033,0.800817,0.464511,0.483651,0.429393,0.576785,0.403604,0.682195,0.382191,0.76262,0.434294,0.461248,0.373755,0.544949,0.335489,0.612946,0.303145,0.664257
video1.mp4,dea74cf05eaf5a5367213199806eb1e8c8bb1ac76da5c3fce588ce4202c0820c,1280,720,12.02,494,41.083,423,35250,Right,0.504339,0.425057,0.525253,0.527439,0.51901,0.640247,0.497508,0.732248,0.478435,0.767715,0.542385,0.570082,0.554246,0.670214,0.55515,0.768011,0.55313,0.840342,0.505425,0.522572,0.493932,0.626921,0.47857,0.736417,0.46363,0.815406,0.465085,0.4871,0.42637,0.571445,0.398183,0.669432,0.374607,0.742577,0.426538,0.465647,0.3691,0.538629,0.33141,0.5916,0.299328,0.631098
video1.mp4,dea74cf05eaf5a5367213199806eb1e8c8bb1ac76da5c3fce588ce4202c0820c,1280,720,12.02,494,41.083,424,35333,Right,0.501122,0.429934,0.512069,0.542273,0.501411,0.671853,0.485774,0.768878,0.479503,0.817499,0.522294,0.58952,0.541347,0.683895,0.550441,0.775452,0.554188,0.844878,0.499283,0.533968,0.496961,0.626951,0.485693,0.732333,0.470607,0.806921,0.470387,0.492145,0.429399,0.572907,0.393992,0.680212,0.362733,0.762619,0.439062,0.461948,0.377554,0.533727,0.33895,0.60216,0.305474,0.659685
video1.mp4,dea74cf05eaf5a5367213199806eb1e8c8bb1ac76da5c3fce588ce4202c0820c,1280,720,12.02,494,41.083,425,35416,Left,0.489038,0.399454,0.472184,0.52138,0.457128,0.644502,0.450156,0.728167,0.449789,0.766973,0.450332,0.5528,0.431178,0.626861,0.422204,0.680553,0.411793,0.743516,0.473701,0.494037,0.46345,0.583097,0.456514,0.661085,0.445689,0.731287,0.500586,0.448955,0.488962,0.524327,0.477488,0.62192,0.464093,0.708506,0.529981,0.418235,0.525184,0.48184,0.516726,0.542388,0.505237,0.596891
video1.mp4,dea74cf05eaf5a5367213199806eb1e8c8bb1ac76da5c3fce588ce4202c0820c,1280,720,12.02,494,41.083,426,35500,Right,0.495824,0.413889,0.501043,0.511446,0.484796,0.61946,0.468799,0.71286,0.458964,0.765594,0.478176,0.548686,0.471878,0.672373,0.469274,0.757683,0.463326,0.825078,0.469829,0.522686,0.460558,0.632376,0.445848,0.727575,0.431174,0.800633,0.464389,0.506974,0.437376,0.603283,0.410948,0.710742,0.388376,0.794527,0.462324,0.504876,0.417805,0.586416,0.381478,0.652373,0.350713,0.716722
video1.mp4,dea74cf05eaf5a5367213199806eb1e8c8bb1ac76da5c3fce588ce4202c0820c,1280,720,12.02,494,41.083,427,35583,Right,0.506322,0.418505,0.563137,0.50464,0.592617,0.611563,0.611074,0.690069,0.630798,0.728162,0.546206,0.539498,0.556459,0.655799,0.563534,0.754292,0.569144,0.830007,0.48781,0.509945,0.468875,0.611623,0.461511,0.699105,0.456464,0.759139,0.437533,0.490707,0.399212,0.57991,0.376301,0.673533,0.361466,0.751433,0.401794,0.485122,0.343134,0.558016,0.300024,0.62445,0.263512,0.687231
video1.mp4,dea74cf05eaf5a5367213199806eb1e8c8bb1ac76da5c3fce588ce4202c0820c,1280,720,12.02,494,41.083,428,35666,Right,0.497114,0.411876,0.516814,0.48391,0.513306,0.582715,0.508748,0.675365,0.507209,0.72685,0.512815,0.504145,0.518524,0.626022,0.530158,0.719623,0.537085,0.804396,0.479332,0.487448,0.488278,0.612953,0.492016,0.712474,0.489645,0.801194,0.453977,0.492914,0.426717,0.587315,0.397931,0.682587,0.378056,0.763158,0.434824,0.51267,0.400709,0.606023,0.372001,0.680194,0.348332,0.75138
video1.mp4,dea74cf05eaf5a5367213199806eb1e8c8bb1ac76da5c3fce588ce4202c0820c,1280,720,12.02,494,41.083,429,35750,Right,0.484205,0.423412,0.477175,0.477677,0.477052,0.556196,0.479816,0.626956,0.481028,0.673909,0.479117,0.519633,0.495923,0.617874,0.507641,0.684189,0.512451,0.741293,0.481599,0.511391,0.492775,0.625693,0.494953,0.702758,0.491555,0.771217,0.486317,0.509113,0.493438,0.625647,0.493392,0.706479,0.490273,0.770146,0.493257,0.516744,0.496898,0.605152,0.494794,0.66708,0.490172,0.720747
video1.mp4,dea74cf05eaf5a5367213199806eb1e8c8bb1ac76da5c3fce588ce4202c0820c,1280,720,12.02,494,41.083,430,35833,Right,0.502147,0.39053,0.574975,0.429928,0.625374,0.515382,0.657665,0.59364,0.688292,0.668521,0.535386,0.508274,0.53921,0.595005,0.552494,0.662744,0.564853,0.736132,0.474602,0.514692,0.456085,0.636152,0.446162,0.73681,0.434616,0.831815,0.423732,0.518798,0.38522,0.618162,0.362714,0.708866,0.345566,0.79393,0.385646,0.512266,0.324793,0.585028,0.284635,0.638187,0.25153,0.691741
video1.mp4,dea74cf05eaf5a5367213199806eb1e8c8bb1ac76da5c3fce588ce4202c0820c,1280,720,12.02,494,41.083,431,35916,Right,0.49649,0.393693,0.574482,0.456344,0.622786,0.549855,0.658946,0.630057,0.683365,0.705233,0.545826,0.514687,0.553466,0.634322,0.561716,0.737967,0.56729,0.832961,0.483642,0.510677,0.465272,0.64802,0.450858,0.762865,0.438636,0.867835,0.430522,0.509349,0.39261,0.619543,0.365941,0.714077,0.347756,0.803998,0.391263,0.505576,0.333046,0.582548,0.293396,0.638669,0.260449,0.695151
video1.mp4,dea74cf05eaf5a5367213199806eb1e8c8bb1ac76da5c3fce588ce4202c0820c,1280,720,12.02,494,41.083,432,36000,Right,0.499353,0.365007,0.573348,0.426117,0.625392,0.521362,0.655358,0.610721,0.683795,0.686557,0.540354,0.507937,0.553725,0.644517,0.564587,0.747519,0.567778,0.838413,0.472907,0.50659,0.454077,0.634504,0.443197,0.744067,0.427373,0.83949,0.425588,0.509799,0.388201,0.609313,0.366078,0.710456,0.345093,0.798784,0.396733,0.513879,0.337158,0.587772,0.296788,0.646808,0.262047,0.70693
video1.mp4,dea74cf05eaf5a5367213199806eb1e8c8bb1ac76da5c3fce588ce4202c0820c,1280,720,12.02,494,41.083,433,36083,Right,0.498008,0.378007,0.563893,0.436688,0.616029,0.53255,0.655296,0.619381,0.683594,0.699146,0.54121,0.496864,0.55099,0.631626,0.564276,0.738461,0.571328,0.834265,0.478006,0.487404,0.456581,0.612907,0.443367,0.715596,0.428652,0.806816,0.431029,0.492145,0.390127,0.590735,0.364335,0.682728,0.344192,0.764617,0.399352,0.502213,0.341091,0.577324,0.302846,0.641789,0.272688,0.704331
video1.mp4,dea74cf05eaf5a5367213199806eb1e8c8bb1ac76da5c3fce588ce4202c0820c,1280,720,12.02,494,41.083,434,36166,Right,0.494082,0.393005,0.568972,0.439897,0.618943,0.519987,0.648493,0.600201,0.676911,0.673153,0.540237,0.523728,0.551369,0.65835,0.559913,0.762319,0.563996,0.842261,0.476677,0.52145,0.457876,0.648461,0.444604,0.757463,0.431149,0.84518,0.425775,0.519529,0.388823,0.617961,0.364474,0.716642,0.345403,0.798319,0.387357,0.514626,0.326645,0.588284,0.287363,0.645326,0.255466,0.697856
video1.mp4,dea74cf05eaf5a5367213199806eb1e8c8bb1ac76da5c3fce588ce4202c0820c,1280,720,12.02,494,41.083,435,36250,Right,0.501501,0.378605,0.571918,0.427449,0.624127,0.519452,0.653979,0.603046,0.681161,0.674599,0.536401,0.501783,0.532652,0.584224,0.536197,0.655723,0.538504,0.734723,0.476042,0.5111,0.456753,0.639095,0.44682,0.745932,0.436772,0.840981,0.426948,0.518826,0.388456,0.624413,0.364537,0.716932,0.347568,0.802102,0.390402,0.516855,0.330175,0.590428,0.290412,0.643197,0.258216,0.69723
video1.mp4,dea74cf05eaf5a5367213199806eb1e8c8bb1ac76da5c3fce588ce4202c0820c,1280,720,12.02,494,41.083,436,36333,Right,0.503851,0.398513,0.579044,0.44426,0.626417,0.527299,0.651766,0.594136,0.674768,0.662075,0.540218,0.525028,0.536975,0.610391,0.548972,0.673635,0.561022,0.740962,0.477598,0.526939,0.456889,0.647357,0.446354,0.747576,0.435844,0.836182,0.426964,0.525354,0.38863,0.62162,0.366105,0.708323,0.350644,0.78743,0.391794,0.515838,0.33029,0.590022,0.289571,0.63986,0.257268,0.688874
video1.mp4,dea74cf05eaf5a5367213199806eb1e8c8bb1ac76da5c3fce588ce4202c0820c,1280,720,12.02,494,41.083,437,36416,Right,0.499047,0.390229,0.570944,0.440007,0.622317,0.529673,0.654409,0.608642,0.678842,0.680588,0.534373,0.51121,0.540292,0.631726,0.547413,0.729553,0.549793,0.823331,0.473025,0.513813,0.45702,0.647245,0.444813,0.754143,0.43061,0.850946,0.425264,0.51714,0.390131,0.617932,0.366802,0.711982,0.348495,0.79779,0.392423,0.517102,0.334455,0.587693,0.296794,0.639559,0.265544,0.694605
video1.mp4,dea74cf05eaf5a5367213199806eb1e8c8bb1ac76da5c3fce588ce4202c0820c,1280,720,12.02,494,41.083,438,36500,Right,0.50813,0.391852,0.571521,0.447854,0.61843,0.531782,0.652194,0.603347,0.679836,0.676753,0.55338,0.513942,0.557694,0.650186,0.565089,0.751059,0.568048,0.839132,0.4917,0.498851,0.468688,0.633639,0.454407,0.745773,0.438151,0.848614,0.442913,0.490975,0.398262,0.592618,0.365746,0.692455,0.341194,0.783984,0.407187,0.483738,0.353535,0.564476,0.318513,0.639286,0.291791,0.715339
video1.mp4,dea74cf05eaf5a5367213199806eb1e8c8bb1ac76da5c3fce588ce4202c0820c,1280,720,12.02,494,41.083,439,36583,Right,0.494093,0.394306,0.56063,0.454442,0.615357,0.528404,0.653959,0.597664,0.685972,0.665373,0.55665,0.510908,0.571061,0.657956,0.573184,0.767357,0.571311,0.844875,0.495038,0.494459,0.48753,0.630349,0.474229,0.748085,0.459362,0.82972,0.441968,0.483561,0.401235,0.574577,0.367276,0.664446,0.339243,0.729401,0.398252,0.472544,0.33875,0.537583,0.296191,0.598434,0.258082,0.651355
video1.mp4,dea74cf05eaf5a5367213199806eb1e8c8bb1ac76da5c3fce588ce4202c0820c,1280,720,12.02,494,41.083,440,36666,Right,0.469814,0.389974,0.542703,0.428968,0.605186,0.508516,0.645507,0.593879,0.681478,0.680761,0.524598,0.493227,0.544518,0.646363,0.558496,0.761102,0.565741,0.845165,0.449899,0.509397,0.428506,0.654907,0.419815,0.761911,0.407787,0.822238,0.396857,0.516719,0.36219,0.63645,0.345242,0.729402,0.328987,0.785878,0.364673,0.516101,0.316419,0.594253,0.281227,0.653957,0.24974,0.698538
video1.mp4,dea74cf05eaf5a5367213199806eb1e8c8bb1ac76da5c3fce588ce4202c0820c,1280,720,12.02,494,41.083,441,36750,Left,0.488335,0.402643,0.557483,0.446376,0.612491,0.523062,0.656672,0.582946,0.690346,0.63622,0.534233,0.539974,0.556017,0.686515,0.557893,0.78589,0.557727,0.824561,0.464584,0.536662,0.442624,0.654534,0.422964,0.768443,0.407085,0.83012,0.411307,0.528709,0.375527,0.619511,0.34996,0.723374,0.329984,0.795041,0.370071,0.516895,0.314066,0.587099,0.279184,0.652509,0.254347,0.706756
video1.mp4,dea74cf05eaf5a5367213199806eb1e8c8bb1ac76da5c3fce588ce4202c0820c,1280,720,12.02,494,41.083,442,36833,Right,0.492085,0.39535,0.560965,0.46624,0.614425,0.560439,0.65677,0.638257,0.690978,0.703242,0.528378,0.510802,0.544151,0.643558,0.558957,0.749296,0.567384,0.834679,0.457227,0.500947,0.436178,0.627416,0.421991,0.739805,0.40507,0.830761,0.404541,0.503546,0.372592,0.600867,0.348913,0.707196,0.328009,0.79101,0.369662,0.508367,0.317193,0.580865,0.280301,0.640824,0.251036,0.698436
video1.mp4,dea74cf05eaf5a5367213199806eb1e8c8bb1ac76da5c3fce588ce4202c0820c,1280,720,12.02,494,41.083,443,36916,Right,0.496786,0.371077,0.563405,0.447752,0.616742,0.555353,0.651642,0.651371,0.672256,0.737985,0.542365,0.489758,0.559296,0.629592,0.567364,0.74994,0.573459,0.835744,0.471144,0.486095,0.445907,0.611397,0.424395,0.734829,0.407966,0.804563,0.416531,0.496693,0.381942,0.605061,0.357467,0.709361,0.342127,0.762314,0.378566,0.511223,0.328071,0.600154,0.297508,0.681303,0.277809,0.734541
video1.mp4,dea74cf05eaf5a5367213199806eb1e8c8bb1ac76da5c3fce588ce4202c0820c,1280,720,12.02,494,41.083,444,37000,Right,0.492558,0.398111,0.559937,0.4391,0.612326,0.515993,0.64799,0.59605,0.677477,0.666551,0.534421,0.499424,0.552168,0.625132,0.564957,0.735202,0.57445,0.819323,0.463656,0.507494,0.438914,0.632426,0.423143,0.747985,0.409848,0.823871,0.412119,0.518245,0.373369,0.637084,0.356681,0.715143,0.344684,0.761708,0.379423,0.525728,0.325356,0.599955,0.287429,0.659088,0.255659,0.706716
video1.mp4,dea74cf05eaf5a5367213199806eb1e8c8bb1ac76da5c3fce588ce4202c0820c,1280,720,12.02,494,41.083,445,37083,Right,0.496802,0.395741,0.567613,0.44689,0.616355,0.53545,0.651952,0.614718,0.680671,0.692751,0.53238,0.497134,0.545806,0.614348,0.556484,0.725731,0.561828,0.812796,0.463805,0.503951,0.439109,0.634833,0.419268,0.751893,0.401497,0.83335,0.412101,0.516662,0.374161,0.620584,0.347544,0.726004,0.329776,0.796136,0.378571,0.526668,0.318998,0.59447,0.28038,0.648722,0.253505,0.693837
video1.mp4,dea74cf05eaf5a5367213199806eb1e8c8bb1ac76da5c3fce588ce4202c0820c,1280,720,12.02,494,41.083,446,37166,Right,0.501541,0.394689,0.577004,0.451857,0.622892,0.542303,0.646248,0.625092,0.66527,0.706094,0.537331,0.494658,0.544583,0.618355,0.552889,0.73135,0.553331,0.829985,0.469302,0.49804,0.439739,0.627636,0.421979,0.744363,0.401692,0.837184,0.416534,0.511939,0.375512,0.615916,0.347286,0.718535,0.32489,0.790302,0.381269,0.526348,0.319505,0.593285,0.279239,0.64695,0.247886,0.69735
video1.mp4,dea74cf05eaf5a5367213199806eb1e8c8bb1ac76da5c3fce588ce4202c0820c,1280,720,12.02,494,41.083,447,37250,Right,0.501316,0.386747,0.575569,0.449807,0.625763,0.544243,0.65516,0.632184,0.678243,0.719903,0.53484,0.498244,0.541487,0.621849,0.550798,0.733085,0.552543,0.833556,0.466488,0.498533,0.435564,0.625779,0.418073,0.738451,0.39917,0.831791,0.413947,0.511361,0.373614,0.613634,0.345943,0.715759,0.324817,0.789622,0.380432,0.526052,0.321321,0.594916,0.284027,0.648164,0.254681,0.699984
video1.mp4,dea74cf05eaf5a5367213199806eb1e8c8bb1ac76da5c3fce588ce4202c0820c,1280,720,12.02,494,41.083,448,37333,Right,0.492531,0.380246,0.569294,0.442959,0.623175,0.527293,0.659889,0.601206,0.691801,0.670385,0.529874,0.511861,0.541835,0.644238,0.551921,0.75239,0.555871,0.839488,0.460821,0.513098,0.437182,0.637281,0.417844,0.747323,0.397268,0.832477,0.409019,0.523171,0.371412,0.619727,0.34383,0.720977,0.322046,0.791851,0.375396,0.535167,0.316262,0.60321,0.277205,0.653727,0.2475,0.700229
video1.mp4,dea74cf05eaf5a5367213199806eb1e8c8bb1ac76da5c3fce588ce4202c0820c,1280,720,12.02,494,41.083,449,37416,Right,0.497699,0.396291,0.571194,0.466551,0.620492,0.571251,0.652185,0.660774,0.665751,0.741642,0.543106,0.50054,0.553934,0.616554,0.559403,0.724015,0.558068,0.806384,0.473482,0.497891,0.448684,0.632856,0.428953,0.752246,0.411106,0.835609,0.418465,0.50959,0.38288,0.62128,0.353021,0.729254,0.331873,0.804151,0.380302,0.520161,0.321243,0.58411,0.283439,0.649077,0.257059,0.708854
video1.mp4,dea74cf05eaf5a5367213199806eb1e8c8bb1ac76da5c3fce588ce4202c0820c,1280,720,12.02,494,41.083,450,37500,Right,0.497257,0.40098,0.569313,0.461236,0.620258,0.553531,0.651556,0.633352,0.669922,0.714755,0.53992,0.518789,0.547016,0.645944,0.551759,0.750265,0.549508,0.828499,0.469267,0.512421,0.438058,0.642928,0.418337,0.756555,0.399068,0.841451,0.413953,0.518324,0.371633,0.616554,0.343607,0.720053,0.322078,0.795342,0.375006,0.522287,0.314221,0.583899,0.27404,0.644286,0.244255,0.702304
video1.mp4,dea74cf05eaf5a5367213199806eb1e8c8bb1ac76da5c3fce588ce4202c0820c,1280,720,12.02,494,41.083,451,37583,Right,0.496783,0.411284,0.573192,0.451179,0.626992,0.52856,0.65392,0.599514,0.670747,0.685869,0.538961,0.521013,0.546313,0.644662,0.551886,0.748475,0.548329,0.826931,0.469229,0.524129,0.438712,0.643264,0.419756,0.754115,0.397159,0.839616,0.413852,0.533352,0.373635,0.620917,0.345266,0.725158,0.319971,0.795637,0.375015,0.537173,0.316722,0.595408,0.277486,0.648682,0.246235,0.696496
video1.mp4,dea74cf05eaf5a5367213199806eb1e8c8bb1ac76da5c3fce588ce4202c0820c,1280,720,12.02,494,41.083,452,37666,Right,0.498125,0.405375,0.570815,0.453391,0.620288,0.536771,0.647599,0.611851,0.668658,0.689041,0.537595,0.520364,0.547363,0.64237,0.55091,0.752251,0.547833,0.827028,0.467779,0.522629,0.438581,0.648048,0.417963,0.76508,0.397939,0.843084,0.414127,0.53098,0.372522,0.622434,0.346169,0.729238,0.326247,0.797131,0.378537,0.534588,0.314061,0.584243,0.27209,0.635076,0.242277,0.676582
video1.mp4,dea74cf05eaf5a5367213199806eb1e8c8bb1ac76da5c3fce588ce4202c0820c,1280,720,12.02,494,41.083,453,37750,Right,0.500552,0.398249,0.561972,0.468105,0.600741,0.587432,0.623728,0.698017,0.633719,0.796327,0.551831,0.459124,0.565401,0.527414,0.584322,0.587743,0.596055,0.673935,0.500779,0.449345,0.505674,0.536266,0.513212,0.613396,0.513588,0.69741,0.448095,0.46508,0.414467,0.559141,0.379603,0.620362,0.349425,0.676619,0.406274,0.491515,0.35646,0.566989,0.314319,0.610014,0.275366,0.656111
video1.mp4,dea74cf05eaf5a5367213199806eb1e8c8bb1ac76da5c3fce588ce4202c0820c,1280,720,12.02,494,41.083,454,37833,Right,0.491309,0.434114,0.545156,0.487236,0.589427,0.591065,0.613484,0.690732,0.630503,0.781233,0.540041,0.466532,0.5511,0.555433,0.560826,0.622547,0.566236,0.701487,0.475236,0.455449,0.453758,0.544403,0.444845,0.614679,0.428101,0.683975,0.423042,0.467034,0.382585,0.556473,0.359348,0.627207,0.331935,0.679789,0.38443,0.486298,0.33288,0.56347,0.299075,0.618763,0.263241,0.670168
video1.mp4,dea74cf05eaf5a5367213199806eb1e8c8bb1ac76da5c3fce588ce4202c0820c,1280,720,12.02,494,41.083,455,37916,Right,0.50895,0.385223,0.568776,0.440274,0.603692,0.545939,0.637325,0.648867,0.672466,0.726218,0.537115,0.470351,0.544093,0.553716,0.558517,0.632999,0.56203,0.724056,0.476121,0.45372,0.454893,0.540713,0.449734,0.621921,0.443275,0.706027,0.426991,0.47007,0.386838,0.562703,0.363601,0.649072,0.347654,0.739394,0.395885,0.508233,0.343867,0.595402,0.308737,0.652892,0.281519,0.714822
video1.mp4,dea74cf05eaf5a5367213199806eb1e8c8bb1ac76da5c3fce588ce4202c0820c,1280,720,12.02,494,41.083,456,38000,Right,0.510177,0.373726,0.573973,0.452347,0.606675,0.573139,0.633165,0.664876,0.657174,0.727158,0.537289,0.468455,0.536089,0.544918,0.550888,0.612709,0.555554,0.700786,0.471401,0.44818,0.447604,0.52872,0.43988,0.603896,0.429747,0.682468,0.419036,0.464354,0.383117,0.555223,0.358326,0.63646,0.339213,0.723812,0.386892,0.505788,0.337019,0.597155,0.301315,0.659971,0.271493,0.728334
video1.mp4,dea74cf05eaf5a5367213199806eb1e8c8bb1ac76da5c3fce588ce4202c0820c,1280,720,12.02,494,41.083,457,38083,Right,0.507663,0.397994,0.577607,0.435584,0.62287,0.513442,0.650281,0.600815,0.676446,0.680185,0.538126,0.476228,0.537055,0.562476,0.540562,0.647726,0.538475,0.730099,0.469228,0.480867,0.434882,0.60143,0.418476,0.716903,0.407106,0.803746,0.419325,0.499241,0.372794,0.607726,0.349198,0.707605,0.335987,0.782338,0.391493,0.521892,0.336999,0.606916,0.300345,0.672655,0.272321,0.727671
video1.mp4,dea74cf05eaf5a5367213199806eb1e8c8bb1ac76da5c3fce588ce4202c0820c,1280,720,12.02,494,41.083,458,38166,Right,0.502339,0.406131,0.573997,0.451256,0.619203,0.531354,0.648217,0.61789,0.676094,0.701396,0.534535,0.482955,0.538259,0.583206,0.548056,0.686008,0.552695,0.782692,0.46939,0.482928,0.43638,0.594107,0.421233,0.708659,0.408459,0.803029,0.420984,0.503645,0.376665,0.599689,0.351184,0.700031,0.33557,0.777172,0.392799,0.529803,0.337307,0.606565,0.298924,0.668178,0.269577,0.724265
video1.mp4,dea74cf05eaf5a5367213199806eb1e8c8bb1ac76da5c3fce588ce4202c0820c,1280,720,12.02,494,41.083,459,38250,Right,0.506041,0.375028,0.57676,0.44259,0.620878,0.525139,0.648507,0.612026,0.676466,0.684288,0.537058,0.48378,0.542002,0.612913,0.548769,0.720833,0.546543,0.817722,0.472689,0.475183,0.449578,0.600615,0.440702,0.7234,0.430352,0.825679,0.425062,0.486024,0.385893,0.592332,0.362576,0.690066,0.34707,0.768747,0.398049,0.50765,0.34106,0.589279,0.303006,0.656392,0.271308,0.721403
video1.mp4,dea74cf05eaf5a5367213199806eb1e8c8bb1ac76da5c3fce588ce4202c0820c,1280,720,12.02,494,41.083,460,38333,Right,0.501372,0.357468,0.575174,0.437449,0.617286,0.541272,0.645194,0.624575,0.667689,0.686763,0.543381,0.483944,0.543175,0.608463,0.550154,0.712575,0.55136,0.813451,0.47549,0.468007,0.448304,0.558742,0.435141,0.644912,0.422224,0.73224,0.423315,0.479537,0.381511,0.570519,0.351086,0.654235,0.328466,0.736223,0.390995,0.507853,0.336136,0.587585,0.298021,0.651227,0.264895,0.714663
video1.mp4,dea74cf05eaf5a5367213199806eb1e8c8bb1ac76da5c3fce588ce4202c0820c,1280,720,12.02,494,41.083,461,38416,Right,0.502365,0.395815,0.571508,0.44931,0.620211,0.522412,0.645572,0.596251,0.670653,0.667953,0.540154,0.491079,0.529028,0.588955,0.52753,0.673589,0.525719,0.755392,0.477621,0.491026,0.448024,0.610013,0.432813,0.712599,0.4195,0.797286,0.428548,0.501814,0.385306,0.608202,0.358744,0.706758,0.33904,0.786791,0.394011,0.510984,0.333881,0.582417,0.296293,0.642457,0.265714,0.698829
video1.mp4,dea74cf05eaf5a5367213199806eb1e8c8bb1ac76da5c3fce588ce4202c0820c,1280,720,12.02,494,41.083,462,38500,Right,0.497041,0.393025,0.56687,0.437893,0.617867,0.513872,0.646141,0.595675,0.675456,0.674769,0.535651,0.48765,0.546136,0.618512,0.554591,0.730397,0.555632,0.828719,0.474232,0.492531,0.450943,0.628506,0.435581,0.744363,0.418655,0.832008,0.427578,0.503281,0.386596,0.614763,0.35945,0.718349,0.338052,0.794631,0.3948,0.512768,0.335818,0.591747,0.29677,0.651212,0.266344,0.705838
video1.mp4,dea74cf05eaf5a5367213199806eb1e8c8bb1ac76da5c3fce588ce4202c0820c,1280,720,12.02,494,41.083,463,38583,Right,0.500275,0.36518,0.56829,0.425011,0.614928,0.510144,0.643865,0.591742,0.677145,0.664146,0.546839,0.486673,0.548102,0.616221,0.552581,0.721447,0.554897,0.815701,0.483908,0.479232,0.466675,0.569509,0.457512,0.661007,0.447402,0.741699,0.43409,0.475944,0.395563,0.546602,0.372305,0.623733,0.35274,0.690084,0.399013,0.476347,0.337654,0.528505,0.296504,0.575073,0.259619,0.618745
video1.mp4,dea74cf05eaf5a5367213199806eb1e8c8bb1ac76da5c3fce588ce4202c0820c,1280,720,12.02,494,41.083,464,38666,Right,0.494658,0.382296,0.561115,0.441384,0.614302,0.528007,0.653691,0.599982,0.687983,0.659496,0.549645,0.494628,0.551464,0.628109,0.556403,0.72746,0.557185,0.817477,0.482609,0.483955,0.466584,0.588385,0.455921,0.674622,0.438627,0.751419,0.431988,0.476949,0.39473,0.552201,0.366087,0.611283,0.337254,0.664624,0.396175,0.473187,0.344618,0.521836,0.305957,0.555771,0.267731,0.591796
video1.mp4,dea74cf05eaf5a5367213199806eb1e8c8bb1ac76da5c3fce588ce4202c0820c,1280,720,12.02,494,41.083,465,38750,Right,0.490241,0.37078,0.555367,0.432566,0.611257,0.51845,0.646854,0.594375,0.675672,0.670044,0.546594,0.50469,0.556728,0.65219,0.55848,0.750042,0.556879,0.826651,0.480166,0.495405,0.461866,0.601994,0.450099,0.688034,0.435826,0.758335,0.429522,0.482055,0.391173,0.562922,0.367538,0.635987,0.345315,0.701715,0.390791,0.468536,0.335947,0.521204,0.296193,0.562645,0.258873,0.604179
video1.mp4,dea74cf05eaf5a5367213199806eb1e8c8bb1ac76da5c3fce588ce4202c0820c,1280,720,12.02,494,41.083,466,38833,Right,0.490287,0.375031,0.55899,0.425211,0.614315,0.505553,0.645744,0.586665,0.674766,0.671074,0.548944,0.51372,0.559483,0.663138,0.561562,0.768134,0.556677,0.845158,0.481651,0.514899,0.463422,0.658983,0.449826,0.773898,0.433593,0.855259,0.428226,0.506948,0.390442,0.624372,0.367083,0.727009,0.346798,0.804542,0.386357,0.49259,0.327958,0.574089,0.290872,0.637473,0.260817,0.694359
video1.mp4,dea74cf05eaf5a5367213199806eb1e8c8bb1ac76da5c3fce588ce4202c0820c,1280,720,12.02,494,41.083,467,38916,Right,0.495924,0.371191,0.559636,0.430156,0.614442,0.510459,0.651838,0.587906,0.67836,0.6711,0.553841,0.521209,0.565143,0.672623,0.565241,0.766976,0.560717,0.827751,0.491103,0.516298,0.473441,0.639518,0.460389,0.730811,0.445352,0.796683,0.441462,0.505091,0.399316,0.589778,0.374561,0.668322,0.351868,0.731762,0.402129,0.487532,0.346818,0.554314,0.30812,0.612722,0.271384,0.663435
video1.mp4,dea74cf05eaf5a5367213199806eb1e8c8bb1ac76da5c3fce588ce4202c0820c,1280,720,12.02,494,41.083,468,39000,Right,0.494209,0.363817,0.562344,0.424672,0.617655,0.512608,0.648552,0.6008,0.678161,0.679004,0.545398,0.507347,0.557583,0.657584,0.559958,0.758959,0.557688,0.840444,0.479109,0.505034,0.46447,0.620733,0.452377,0.718763,0.435676,0.78785,0.430132,0.497273,0.390058,0.582768,0.365539,0.665145,0.34,0.727881,0.392796,0.488453,0.33505,0.557241,0.291549,0.612568,0.249156,0.658129
video1.mp4,dea74cf05eaf5a5367213199806eb1e8c8bb1ac76da5c3fce588ce4202c0820c,1280,720,12.02,494,41.083,469,39083,Right,0.496835,0.371115,0.564651,0.434093,0.618913,0.516665,0.652068,0.593002,0.678481,0.669599,0.552417,0.52256,0.562441,0.673012,0.563011,0.77516,0.559001,0.852282,0.486325,0.520445,0.470251,0.646805,0.45586,0.7549,0.440467,0.836996,0.433415,0.513559,0.397753,0.613691,0.373658,0.717343,0.353629,0.799715,0.391931,0.504827,0.329816,0.582254,0.288543,0.642146,0.255325,0.694455
video1.mp4,dea74cf05eaf5a5367213199806eb1e8c8bb1ac76da5c3fce588ce4202c0820c,1280,720,12.02,494,41.083,470,39166,Left,0.500528,0.365025,0.56041,0.427755,0.614605,0.512366,0.649335,0.589974,0.675242,0.673779,0.556722,0.532992,0.566893,0.68551,0.56482,0.776508,0.557928,0.836527,0.494459,0.526471,0.477688,0.655676,0.460956,0.754949,0.441612,0.828591,0.44669,0.509387,0.411309,0.594574,0.384501,0.680802,0.360751,0.75205,0.409842,0.485362,0.367831,0.544475,0.340639,0.59924,0.318422,0.652182
video1.mp4,dea74cf05eaf5a5367213199806eb1e8c8bb1ac76da5c3fce588ce4202c0820c,1280,720,12.02,494,41.083,471,39250,Right,0.494901,0.376519,0.55585,0.431774,0.608886,0.509049,0.644501,0.58867,0.672274,0.6692,0.544865,0.521732,0.557714,0.660282,0.559887,0.760896,0.557196,0.836028,0.482245,0.523157,0.462647,0.657008,0.447138,0.769917,0.431886,0.848939,0.434076,0.518703,0.391811,0.616908,0.364324,0.720585,0.343605,0.801497,0.399647,0.507152,0.341061,0.573385,0.301085,0.63315,0.267222,0.682376
video1.mp4,dea74cf05eaf5a5367213199806eb1e8c8bb1ac76da5c3fce588ce4202c0820c,1280,720,12.02,494,41.083,472,39333,Right,0.495316,0.378741,0.566263,0.431731,0.619828,0.515135,0.650471,0.593788,0.678096,0.676384,0.546102,0.512833,0.556864,0.667057,0.562548,0.772561,0.560694,0.846212,0.480022,0.516384,0.460509,0.647034,0.447434,0.761289,0.431546,0.843188,0.430493,0.518479,0.391211,0.623507,0.368715,0.726427,0.349492,0.799949,0.395584,0.51891,0.332565,0.592053,0.29001,0.650747,0.255122,0.699352
video1.mp4,dea74cf05eaf5a5367213199806eb1e8c8bb1ac76da5c3fce588ce4202c0820c,1280,720,12.02,494,41.083,473,39416,Left,0.49057,0.388988,0.556977,0.431516,0.613232,0.513378,0.647725,0.585051,0.677536,0.6682,0.550663,0.530228,0.563042,0.691718,0.564328,0.781415,0.559493,0.829896,0.482847,0.523775,0.459912,0.631103,0.446715,0.710482,0.430711,0.77062,0.430041,0.508264,0.387424,0.576957,0.363739,0.64284,0.341047,0.696391,0.388862,0.488112,0.333557,0.54265,0.292156,0.588272,0.252976,0.627154
video1.mp4,dea74cf05eaf5a5367213199806eb1e8c8bb1ac76da5c3fce588ce4202c0820c,1280,720,12.02,494,41.083,474,39500,Right,0.492296,0.383998,0.561624,0.429541,0.618254,0.511122,0.647336,0.596099,0.676525,0.682517,0.546974,0.519805,0.558713,0.658933,0.562135,0.761003,0.557546,0.846445,0.478607,0.528708,0.460402,0.657993,0.448927,0.769474,0.434835,0.860159,0.423647,0.528473,0.385945,0.632817,0.363001,0.729055,0.343095,0.811736,0.38345,0.520215,0.327944,0.594709,0.289899,0.653066,0.257574,0.708551
video1.mp4,dea74cf05eaf5a5367213199806eb1e8c8bb1ac76da5c3fce588ce4202c0820c,1280,720,12.02,494,41.083,475,39583,Right,0.504673,0.382298,0.56997,0.426323,0.623463,0.506792,0.653096,0.589112,0.678078,0.675832,0.551666,0.5225,0.559063,0.668264,0.562706,0.764596,0.560514,0.836675,0.486811,0.525502,0.461787,0.659063,0.448435,0.769193,0.43213,0.857829,0.437826,0.520662,0.393354,0.623834,0.366938,0.724981,0.342898,0.812786,0.402082,0.507359,0.339611,0.580293,0.296855,0.640642,0.260607,0.699988
video1.mp4,dea74cf05eaf5a5367213199806eb1e8c8bb1ac76da5c3fce588ce4202c0820c,1280,720,12.02,494,41.083,476,39666,Right,0.50139,0.377817,0.565147,0.438875,0.61629,0.523977,0.644381,0.597827,0.674598,0.661996,0.552333,0.507127,0.548471,0.604304,0.543781,0.667544,0.537436,0.733444,0.490628,0.491187,0.465759,0.570396,0.447607,0.635429,0.428218,0.695092,0.440828,0.48711,0.404881,0.551274,0.378868,0.620236,0.353552,0.686252,0.405062,0.485322,0.368101,0.549959,0.340875,0.605462,0.31169,0.661802
video1.mp4,dea74cf05eaf5a5367213199806eb1e8c8bb1ac76da5c3fce588ce4202c0820c,1280,720,12.02,494,41.083,477,39750,Right,0.503946,0.373393,0.566562,0.442541,0.615876,0.537136,0.647698,0.612226,0.679232,0.681874,0.565593,0.521047,0.557165,0.667205,0.545597,0.769071,0.531526,0.845891,0.50615,0.502541,0.479662,0.645099,0.453015,0.761316,0.427404,0.85286,0.458916,0.488405,0.42096,0.598403,0.387158,0.705186,0.360169,0.793125,0.422014,0.474302,0.38231,0.563051,0.358605,0.643163,0.340539,0.717561
video1.mp4,dea74cf05eaf5a5367213199806eb1e8c8bb1ac76da5c3fce588ce4202c0820c,1280,720,12.02,494,41.083,478,39833,Right,0.501041,0.384711,0.555226,0.449563,0.607326,0.538194,0.64608,0.613602,0.68387,0.677446,0.567986,0.509065,0.596811,0.599636,0.610249,0.674308,0.620476,0.739021,0.515622,0.503757,0.516746,0.61436,0.50832,0.713814,0.499238,0.793685,0.466603,0.499395,0.440728,0.597178,0.409072,0.699218,0.383438,0.788008,0.421952,0.491433,0.385694,0.580267,0.357396,0.652111,0.333961,0.722006
video1.mp4,dea74cf05eaf5a5367213199806eb1e8c8bb1ac76da5c3fce588ce4202c0820c,1280,720,12.02,494,41.083,479,39916,Right,0.503827,0.389248,0.554858,0.451638,0.603109,0.541356,0.63871,0.619158,0.672801,0.677292,0.576541,0.488194,0.612566,0.552019,0.638238,0.616984,0.656106,0.68115,0.519843,0.486651,0.521688,0.6134,0.514758,0.725802,0.500599,0.812484,0.464591,0.485365,0.429418,0.59461,0.394264,0.698839,0.359188,0.780779,0.41553,0.478679,0.364559,0.558786,0.327577,0.62207,0.294246,0.676545
video1.mp4,dea74cf05eaf5a5367213199806eb1e8c8bb1ac76da5c3fce588ce4202c0820c,1280,720,12.02,494,41.083,480,40000,Right,0.50407,0.397915,0.555338,0.458174,0.609739,0.536615,0.649237,0.608661,0.683986,0.670644,0.573156,0.490792,0.600492,0.578338,0.618615,0.649567,0.629737,0.714298,0.519367,0.490125,0.510546,0.626109,0.494119,0.741439,0.471728,0.828215,0.468238,0.490494,0.428104,0.601915,0.389053,0.707451,0.352794,0.791122,0.422503,0.485821,0.379433,0.573015,0.349126,0.642875,0.321942,0.706727
video1.mp4,dea74cf05eaf5a5367213199806eb1e8c8bb1ac76da5c3fce588ce4202c0820c,1280,720,12.02,494,41.083,481,40083,Right,0.500789,0.390918,0.556183,0.446563,0.60979,0.528761,0.645113,0.606052,0.673994,0.67859,0.565085,0.50001,0.56652,0.626455,0.560486,0.721775,0.552978,0.798554,0.509075,0.493935,0.482581,0.627659,0.461392,0.739822,0.441286,0.819053,0.459713,0.488336,0.418959,0.593944,0.38552,0.708477,0.356782,0.791453,0.418751,0.485489,0.373989,0.578636,0.344919,0.653521,0.320065,0.713049
video1.mp4,dea74cf05eaf5a5367213199806eb1e8c8bb1ac76da5c3fce588ce4202c0820c,1280,720,12.02,494,41.083,482,40166,Right,0.501657,0.403853,0.556358,0.457224,0.60929,0.538369,0.647867,0.610485,0.684684,0.675258,0.567058,0.484213,0.601191,0.554922,0.625357,0.621915,0.644508,0.684594,0.507644,0.489596,0.500487,0.610469,0.490354,0.716865,0.479484,0.799661,0.455581,0.499047,0.422631,0.602291,0.389306,0.711041,0.362,0.80086,0.412107,0.50387,0.368856,0.589676,0.339324,0.657409,0.315847,0.719155
video1.mp4,dea74cf05eaf5a5367213199806eb1e8c8bb1ac76da5c3fce588ce4202c0820c,1280,720,12.02,494,41.083,483,40250,Right,0.491708,0.378437,0.554511,0.437558,0.610093,0.519547,0.644536,0.599935,0.676365,0.682491,0.539478,0.512952,0.544865,0.65731,0.546437,0.759434,0.543055,0.840094,0.478366,0.514176,0.45825,0.6445,0.441146,0.760205,0.4217,0.840823,0.433548,0.513506,0.400897,0.613019,0.374541,0.720796,0.349472,0.800395,0.403091,0.511685,0.359372,0.587631,0.330701,0.651304,0.3058,0.703567
video1.mp4,dea74cf05eaf5a5367213199806eb1e8c8bb1ac76da5c3fce588ce4202c0820c,1280,720,12.02,494,41.083,484,40333,Right,0.49159,0.387148,0.559264,0.435154,0.61384,0.518808,0.648016,0.596111,0.681957,0.674343,0.547839,0.523435,0.552781,0.662615,0.54837,0.761623,0.539545,0.833037,0.483355,0.524405,0.45861,0.64771,0.440653,0.754125,0.423031,0.831737,0.431266,0.523418,0.391858,0.61545,0.367251,0.712666,0.346945,0.786142,0.390611,0.519506,0.332834,0.594866,0.290518,0.652382,0.254308,0.697736
video1.mp4,dea74cf05eaf5a5367213199806eb1e8c8bb1ac76da5c3fce588ce4202c0820c,1280,720,12.02,494,41.083,485,40416,Right,0.492957,0.389717,0.559305,0.424661,0.615781,0.506773,0.646565,0.592026,0.680844,0.677167,0.534457,0.517798,0.542452,0.646977,0.546194,0.745116,0.542761,0.837456,0.470597,0.529929,0.453659,0.647921,0.442961,0.749743,0.425374,0.838799,0.422564,0.532872,0.388778,0.624686,0.36874,0.715137,0.347301,0.79204,0.388344,0.52761,0.333209,0.593502,0.293369,0.644541,0.258436,0.695519
video1.mp4,dea74cf05eaf5a5367213199806eb1e8c8bb1ac76da5c3fce588ce4202c0820c,1280,720,12.02,494,41.083,486,40500,Left,0.499235,0.377004,0.561966,0.430191,0.612531,0.508081,0.644871,0.588202,0.676852,0.666489,0.538572,0.56961,0.54902,0.690503,0.548191,0.774758,0.544626,0.823502,0.47156,0.578561,0.451701,0.668881,0.435232,0.743076,0.420025,0.792027,0.419385,0.570696,0.384997,0.657051,0.365711,0.735307,0.350258,0.793372,0.379719,0.545505,0.325006,0.609249,0.286275,0.66297,0.255231,0.707729
video1.mp4,dea74cf05eaf5a5367213199806eb1e8c8bb1ac76da5c3fce588ce4202c0820c,1280,720,12.02,494,41.083,487,40583,Right,0.49637,0.378738,0.56089,0.435482,0.613112,0.51327,0.642277,0.591912,0.673074,0.669309,0.546954,0.535794,0.559852,0.691213,0.560243,0.783022,0.556535,0.839479,0.48353,0.532711,0.4633,0.65165,0.445864,0.754805,0.427389,0.83559,0.432905,0.522692,0.393718,0.605313,0.366947,0.697205,0.3425,0.776709,0.395456,0.506966,0.340791,0.565747,0.305471,0.624564,0.274442,0.684216
video1.mp4,dea74cf05eaf5a5367213199806eb1e8c8bb1ac76da5c3fce588ce4202c0820c,1280,720,12.02,494,41.083,488,40666,Right,0.493963,0.379814,0.562688,0.42975,0.616471,0.514815,0.645721,0.60141,0.677684,0.68205,0.539886,0.512866,0.551831,0.647033,0.560829,0.746625,0.562995,0.827953,0.475527,0.518392,0.45434,0.637879,0.440781,0.748052,0.425023,0.83526,0.425592,0.522866,0.387792,0.61711,0.36719,0.713395,0.349907,0.793521,0.390782,0.525635,0.332692,0.596978,0.291267,0.653817,0.254683,0.705241
video1.mp4,dea74cf05eaf5a5367213199806eb1e8c8bb1ac76da5c3fce588ce4202c0820c,1280,720,12.02,494,41.083,489,40750,Right,0.491025,0.394819,0.563756,0.434142,0.617728,0.508253,0.642639,0.590052,0.672949,0.682466,0.539549,0.522712,0.548013,0.663132,0.554055,0.767833,0.552185,0.8451,0.475,0.531647,0.454899,0.656803,0.440983,0.770172,0.422673,0.859141,0.424213,0.534559,0.386521,0.630242,0.364723,0.730058,0.345531,0.802106,0.385066,0.52882,0.325441,0.602045,0.286036,0.661347,0.255662,0.712326
video1.mp4,dea74cf05eaf5a5367213199806eb1e8c8bb1ac76da5c3fce588ce4202c0820c,1280,720,12.02,494,41.083,490,40833,Right,0.490287,0.401819,0.563211,0.435754,0.619105,0.508526,0.646752,0.590206,0.676963,0.678999,0.539693,0.529217,0.550075,0.658817,0.553981,0.765318,0.549266,0.847135,0.474537,0.537597,0.453968,0.660923,0.438872,0.773711,0.42066,0.858459,0.422584,0.540566,0.385255,0.632456,0.362513,0.735146,0.341657,0.808525,0.38443,0.536311,0.325474,0.602988,0.287586,0.660803,0.256618,0.709143
video1.mp4,dea74cf05eaf5a5367213199806eb1e8c8bb1ac76da5c3fce588ce4202c0820c,1280,720,12.02,494,41.083,491,40916,Right,0.486755,0.393772,0.5616,0.434507,0.619474,0.507345,0.646194,0.591951,0.675725,0.67846,0.533308,0.506516,0.542304,0.642977,0.549013,0.751938,0.548673,0.84416,0.467511,0.518651,0.448346,0.643468,0.437258,0.758046,0.423095,0.850405,0.417331,0.527208,0.384835,0.620337,0.36485,0.724569,0.346453,0.807831,0.382486,0.530023,0.326907,0.599297,0.289011,0.656462,0.257635,0.708614
video1.mp4,dea74cf05eaf5a5367213199806eb1e8c8bb1ac76da5c3fce588ce4202c0820c,1280,720,12.02,494,41.083,492,41000,Right,0.496722,0.37996,0.569003,0.428705,0.621392,0.503602,0.645816,0.585751,0.672206,0.672539,0.536408,0.516044,0.543546,0.647979,0.548625,0.75878,0.546604,0.842386,0.47117,0.521714,0.447619,0.650105,0.434004,0.76538,0.419428,0.850972,0.421195,0.52706,0.382707,0.622616,0.361216,0.727516,0.344489,0.801652,0.385517,0.527962,0.32501,0.600352,0.288247,0.661138,0.261297,0.709718
video1.mp4,dea74cf05eaf5a5367213199806eb1e8c8bb1ac76da5c3fce588ce4202c0820c,1280,720,12.02,494,41.083,493,41083,Right,0.498378,0.375911,0.569834,0.433279,0.622369,0.508885,0.648083,0.587262,0.672896,0.670531,0.536845,0.511027,0.545049,0.648355,0.549673,0.758464,0.547714,0.846996,0.472872,0.510592,0.452111,0.641588,0.437859,0.756081,0.422241,0.845483,0.424362,0.514398,0.387648,0.614349,0.365489,0.718611,0.347382,0.800358,0.391128,0.516918,0.329986,0.589818,0.291501,0.6485,0.261356,0.70329
