video_file,video_hash,video_width,video_height,video_fps,total_video_frames,video_duration_sec,frame_idx,timestamp_ms,hand,wrist_x,wrist_y,thumb_cmc_x,thumb_cmc_y,thumb_mcp_x,thumb_mcp_y,thumb_ip_x,thumb_ip_y,thumb_tip_x,thumb_tip_y,index_mcp_x,index_mcp_y,index_pip_x,index_pip_y,index_dip_x,index_dip_y,index_tip_x,index_tip_y,middle_mcp_x,middle_mcp_y,middle_pip_x,middle_pip_y,middle_dip_x,middle_dip_y,middle_tip_x,middle_tip_y,ring_mcp_x,ring_mcp_y,ring_pip_x,ring_pip_y,ring_dip_x,ring_dip_y,ring_tip_x,ring_tip_y,pinky_mcp_x,pinky_mcp_y,pinky_pip_x,pinky_pip_y,pinky_dip_x,pinky_dip_y,pinky_tip_x,pinky_tip_y
v4.mp4,d2a239a6e4f3e90337b286ddd60551b2893f378e713ab85db53263622b457388,1920,1080,12.03,350,29.083,0,0,Right,0.381572,0.171924,0.482201,0.235527,0.563413,0.333915,0.627968,0.409092,0.685643,0.472371,0.515122,0.378579,0.561936,0.542324,0.598598,0.661607,0.624242,0.768577,0.458035,0.395655,0.493164,0.555791,0.511475,0.696934,0.522562,0.833037,0.400332,0.400906,0.411649,0.552209,0.414632,0.693538,0.417128,0.821752,0.350036,0.400463,0.333272,0.507209,0.325781,0.592576,0.318936,0.681552
v4.mp4,d2a239a6e4f3e90337b286ddd60551b2893f378e713ab85db53263622b457388,1920,1080,12.03,350,29.083,1,83,Right,0.387699,0.175654,0.481013,0.231382,0.56276,0.32155,0.622509,0.414353,0.680791,0.477852,0.522846,0.3663,0.576364,0.532091,0.610361,0.640471,0.638468,0.736519,0.460218,0.394994,0.485469,0.558247,0.504571,0.69102,0.518228,0.806284,0.397682,0.405257,0.393618,0.553697,0.39481,0.68512,0.393907,0.800501,0.343355,0.400598,0.302145,0.516818,0.27591,0.592047,0.2541,0.665288
v4.mp4,d2a239a6e4f3e90337b286ddd60551b2893f378e713ab85db53263622b457388,1920,1080,12.03,350,29.083,2,166,Right,0.388284,0.181266,0.484919,0.234673,0.56776,0.325609,0.626622,0.414648,0.68723,0.474697,0.5314,0.360074,0.579774,0.526054,0.613809,0.634014,0.643286,0.729897,0.464838,0.386641,0.489675,0.556296,0.5055,0.694428,0.518322,0.816302,0.399653,0.401008,0.3976,0.560248,0.395011,0.685361,0.39402,0.800532,0.341422,0.404619,0.301337,0.524186,0.273686,0.598621,0.251454,0.674228
v4.mp4,d2a239a6e4f3e90337b286ddd60551b2893f378e713ab85db53263622b457388,1920,1080,12.03,350,29.083,3,250,Right,0.383875,0.186657,0.488165,0.232134,0.57297,0.312599,0.628005,0.396775,0.685887,0.46374,0.535443,0.36266,0.580058,0.517949,0.607748,0.629898,0.628117,0.733143,0.464716,0.388787,0.482391,0.550086,0.499767,0.690323,0.514394,0.816519,0.395217,0.404591,0.396947,0.554192,0.406577,0.687757,0.414151,0.810775,0.330042,0.410138,0.297319,0.516558,0.280988,0.592627,0.270272,0.673064
v4.mp4,d2a239a6e4f3e90337b286ddd60551b2893f378e713ab85db53263622b457388,1920,1080,12.03,350,29.083,4,333,Right,0.376138,0.184185,0.468924,0.24026,0.544263,0.332634,0.58784,0.429223,0.634964,0.510359,0.518996,0.36152,0.567543,0.517567,0.596713,0.627617,0.620268,0.727582,0.461659,0.385869,0.483461,0.554359,0.500997,0.695471,0.517487,0.820528,0.402108,0.399815,0.412212,0.554259,0.425517,0.693706,0.437033,0.82245,0.345489,0.400411,0.320023,0.501838,0.315231,0.578088,0.314559,0.658848
v4.mp4,d2a239a6e4f3e90337b286ddd60551b2893f378e713ab85db53263622b457388,1920,1080,12.03,350,29.083,5,416,Right,0.387953,0.191846,0.483277,0.246291,0.564011,0.32557,0.622335,0.413957,0.68402,0.473312,0.526425,0.35988,0.577199,0.520259,0.609857,0.629914,0.636622,0.727553,0.460806,0.386953,0.48532,0.549355,0.504068,0.683012,0.518276,0.799652,0.396255,0.39984,0.393912,0.549066,0.398364,0.67457,0.399369,0.787153,0.339067,0.399577,0.298033,0.508443,0.274823,0.582436,0.254623,0.658486
v4.mp4,d2a239a6e4f3e90337b286ddd60551b2893f378e713ab85db53263622b457388,1920,1080,12.03,350,29.083,6,500,Right,0.384816,0.166939,0.483741,0.223229,0.568189,0.312508,0.628906,0.401399,0.688061,0.461878,0.529614,0.348519,0.575893,0.513242,0.604813,0.625415,0.627771,0.726161,0.461695,0.37741,0.481078,0.547879,0.497829,0.687346,0.510961,0.809668,0.394786,0.389134,0.394469,0.545142,0.396892,0.673432,0.39951,0.793553,0.335702,0.383084,0.297661,0.484097,0.27589,0.554012,0.257643,0.627541
v4.mp4,d2a239a6e4f3e90337b286ddd60551b2893f378e713ab85db53263622b457388,1920,1080,12.03,350,29.083,7,583,Right,0.385018,0.161067,0.476131,0.214345,0.562846,0.310183,0.622409,0.40576,0.682032,0.475495,0.522699,0.352094,0.573559,0.52243,0.607361,0.629917,0.636989,0.726587,0.458547,0.37146,0.468684,0.505672,0.481998,0.624098,0.493776,0.735007,0.392934,0.372923,0.379953,0.492846,0.37867,0.605097,0.377832,0.715376,0.334859,0.362709,0.299511,0.454455,0.276399,0.521336,0.256156,0.596063
v4.mp4,d2a239a6e4f3e90337b286ddd60551b2893f378e713ab85db53263622b457388,1920,1080,12.03,350,29.083,8,666,Right,0.388449,0.176272,0.479989,0.222091,0.563863,0.316949,0.621539,0.408151,0.68257,0.470548,0.523136,0.355413,0.572748,0.517581,0.60702,0.619407,0.637085,0.71251,0.4595,0.368581,0.47145,0.492832,0.481214,0.59302,0.488924,0.691944,0.394692,0.370039,0.378846,0.488113,0.371317,0.593179,0.363732,0.696005,0.337308,0.363054,0.300856,0.455188,0.273511,0.516436,0.24955,0.58708
v4.mp4,d2a239a6e4f3e90337b286ddd60551b2893f378e713ab85db53263622b457388,1920,1080,12.03,350,29.083,9,750,Right,0.385967,0.173336,0.47354,0.218332,0.556392,0.306343,0.617614,0.391078,0.68433,0.438501,0.519244,0.334895,0.570869,0.503684,0.607741,0.610393,0.639466,0.708907,0.456958,0.352626,0.477339,0.480566,0.495852,0.584948,0.507714,0.685125,0.391392,0.358348,0.380062,0.486836,0.374249,0.588728,0.366663,0.68429,0.331931,0.356249,0.299329,0.449614,0.271865,0.507121,0.247244,0.568473
v4.mp4,d2a239a6e4f3e90337b286ddd60551b2893f378e713ab85db53263622b457388,1920,1080,12.03,350,29.083,10,833,Right,0.382949,0.174398,0.474292,0.219203,0.5525,0.300127,0.611717,0.379436,0.678441,0.413292,0.519402,0.336886,0.568719,0.520815,0.600453,0.630788,0.627666,0.728582,0.456023,0.359838,0.477523,0.523569,0.499276,0.643901,0.517185,0.752876,0.390337,0.364361,0.383616,0.502957,0.385044,0.609768,0.385721,0.710452,0.330063,0.357353,0.300689,0.442348,0.275196,0.5007,0.254512,0.562972
v4.mp4,d2a239a6e4f3e90337b286ddd60551b2893f378e713ab85db53263622b457388,1920,1080,12.03,350,29.083,11,916,Right,0.382449,0.167774,0.473555,0.215498,0.550851,0.295808,0.612842,0.371994,0.67856,0.404261,0.518427,0.337476,0.568136,0.514426,0.600745,0.621767,0.630256,0.7162,0.457196,0.363694,0.479921,0.535619,0.500183,0.660971,0.517536,0.770641,0.394175,0.366713,0.38897,0.504689,0.390793,0.617331,0.393091,0.723754,0.336589,0.354416,0.303377,0.440151,0.277868,0.500415,0.257555,0.565278
v4.mp4,d2a239a6e4f3e90337b286ddd60551b2893f378e713ab85db53263622b457388,1920,1080,12.03,350,29.083,12,1000,Right,0.382944,0.175902,0.473139,0.220852,0.549236,0.293417,0.611831,0.367878,0.677507,0.398152,0.51552,0.341644,0.570287,0.519636,0.606387,0.628503,0.637821,0.723607,0.454058,0.374633,0.485287,0.546668,0.507999,0.677029,0.526119,0.787652,0.391217,0.382102,0.392291,0.541806,0.396087,0.667414,0.399959,0.777429,0.335714,0.370751,0.297042,0.46525,0.271999,0.526517,0.2514,0.587094
v4.mp4,d2a239a6e4f3e90337b286ddd60551b2893f378e713ab85db53263622b457388,1920,1080,12.03,350,29.083,13,1083,Right,0.38143,0.175596,0.476298,0.218653,0.555974,0.29242,0.615685,0.368963,0.681182,0.403898,0.52086,0.344216,0.569991,0.517799,0.60271,0.626653,0.629858,0.723085,0.456533,0.380668,0.485267,0.54852,0.506852,0.678839,0.524746,0.79551,0.392251,0.396986,0.394857,0.559691,0.399026,0.686107,0.40393,0.802671,0.333759,0.393436,0.293537,0.496447,0.269151,0.565732,0.251049,0.639281
v4.mp4,d2a239a6e4f3e90337b286ddd60551b2893f378e713ab85db53263622b457388,1920,1080,12.03,350,29.083,14,1166,Right,0.377252,0.180427,0.474875,0.206809,0.561947,0.275714,0.624407,0.352167,0.688351,0.393386,0.52062,0.33848,0.566934,0.494889,0.594896,0.600954,0.61892,0.701531,0.453407,0.382836,0.484111,0.540083,0.504895,0.673266,0.523041,0.796211,0.38556,0.408049,0.395355,0.558427,0.402726,0.682587,0.412262,0.802237,0.321829,0.411735,0.291054,0.508601,0.276259,0.577396,0.266705,0.652506
v4.mp4,d2a239a6e4f3e90337b286ddd60551b2893f378e713ab85db53263622b457388,1920,1080,12.03,350,29.083,15,1250,Left,0.383884,0.176747,0.337403,0.322798,0.31018,0.469609,0.279825,0.590339,0.256459,0.691379,0.401848,0.418099,0.41299,0.565012,0.411738,0.672197,0.413299,0.780219,0.462135,0.372272,0.494577,0.535541,0.511457,0.674818,0.531404,0.80321,0.509299,0.322786,0.562006,0.477297,0.594369,0.613616,0.625593,0.737717,0.541979,0.271505,0.582318,0.360272,0.610491,0.422492,0.636348,0.483682
v4.mp4,d2a239a6e4f3e90337b286ddd60551b2893f378e713ab85db53263622b457388,1920,1080,12.03,350,29.083,16,1333,Left,0.389098,0.185665,0.33857,0.324764,0.311917,0.462244,0.281148,0.584539,0.26123,0.694086,0.398702,0.40785,0.41901,0.544311,0.427714,0.642875,0.43901,0.744958,0.463229,0.364401,0.492652,0.536519,0.515073,0.675342,0.540084,0.810519,0.516594,0.320946,0.569278,0.470885,0.605611,0.595297,0.636661,0.713737,0.554379,0.279082,0.592848,0.36599,0.619161,0.430598,0.642985,0.498347
v4.mp4,d2a239a6e4f3e90337b286ddd60551b2893f378e713ab85db53263622b457388,1920,1080,12.03,350,29.083,17,1416,Right,0.378903,0.170337,0.474802,0.216171,0.565274,0.310117,0.627227,0.407016,0.6862,0.479828,0.528278,0.34357,0.575961,0.491185,0.604939,0.591173,0.630741,0.687898,0.458703,0.377805,0.47861,0.539498,0.496935,0.676759,0.511453,0.802842,0.39093,0.397784,0.399512,0.552847,0.41181,0.677377,0.424732,0.796785,0.326737,0.398693,0.30105,0.510513,0.28979,0.589852,0.28201,0.667488
v4.mp4,d2a239a6e4f3e90337b286ddd60551b2893f378e713ab85db53263622b457388,1920,1080,12.03,350,29.083,18,1500,Right,0.383014,0.162217,0.477194,0.223494,0.563986,0.308537,0.627176,0.394141,0.68834,0.458142,0.531506,0.334828,0.58713,0.50717,0.625857,0.61366,0.661237,0.704826,0.466694,0.358268,0.485312,0.505691,0.498297,0.626093,0.50957,0.730645,0.399471,0.369812,0.393514,0.500498,0.391515,0.624621,0.391471,0.737603,0.338659,0.374633,0.302388,0.485852,0.277809,0.561914,0.25781,0.637081
v4.mp4,d2a239a6e4f3e90337b286ddd60551b2893f378e713ab85db53263622b457388,1920,1080,12.03,350,29.083,19,1583,Right,0.378463,0.164688,0.47907,0.198392,0.569041,0.280308,0.633076,0.370198,0.692991,0.438693,0.529039,0.325126,0.574399,0.506559,0.597575,0.622702,0.616342,0.726427,0.461283,0.364208,0.491475,0.533562,0.516109,0.667439,0.536658,0.780988,0.391142,0.385004,0.401571,0.544067,0.412522,0.667743,0.424656,0.78073,0.324034,0.386819,0.294476,0.487418,0.277267,0.559773,0.265292,0.631259
v4.mp4,d2a239a6e4f3e90337b286ddd60551b2893f378e713ab85db53263622b457388,1920,1080,12.03,350,29.083,20,1666,Right,0.377556,0.158662,0.474822,0.213013,0.561577,0.295045,0.623693,0.373873,0.686399,0.431625,0.527944,0.337827,0.583059,0.512878,0.618756,0.619333,0.649977,0.715021,0.46398,0.368541,0.496168,0.541344,0.519017,0.675135,0.539754,0.794467,0.398026,0.383414,0.405068,0.543779,0.412217,0.67045,0.420745,0.787098,0.335988,0.382321,0.298695,0.491205,0.274696,0.566621,0.256988,0.64343
v4.mp4,d2a239a6e4f3e90337b286ddd60551b2893f378e713ab85db53263622b457388,1920,1080,12.03,350,29.083,21,1750,Left,0.37879,0.185825,0.348767,0.334443,0.348746,0.471071,0.358053,0.585137,0.37654,0.677976,0.410799,0.410844,0.417498,0.565689,0.419679,0.680183,0.421217,0.79554,0.460949,0.363525,0.495468,0.527493,0.521488,0.661416,0.545626,0.786893,0.500504,0.309815,0.556596,0.451246,0.601161,0.565807,0.638465,0.670993,0.527001,0.25372,0.563491,0.326645,0.592028,0.37354,0.619815,0.419116
v4.mp4,d2a239a6e4f3e90337b286ddd60551b2893f378e713ab85db53263622b457388,1920,1080,12.03,350,29.083,22,1833,Right,0.374328,0.1862,0.449571,0.249173,0.526328,0.337424,0.58318,0.419655,0.637386,0.471247,0.493449,0.345852,0.527512,0.484386,0.550272,0.576208,0.571119,0.664154,0.452576,0.35999,0.479628,0.511157,0.50593,0.642611,0.525815,0.758346,0.410087,0.359185,0.435275,0.495461,0.464389,0.621467,0.48579,0.735641,0.37035,0.347134,0.36579,0.426184,0.378542,0.48683,0.389911,0.549649
v4.mp4,d2a239a6e4f3e90337b286ddd60551b2893f378e713ab85db53263622b457388,1920,1080,12.03,350,29.083,23,1916,Right,0.379058,0.180805,0.469324,0.213216,0.554885,0.28219,0.619077,0.343107,0.680805,0.36616,0.515488,0.319902,0.565483,0.437724,0.601311,0.510061,0.633987,0.577497,0.455953,0.349169,0.479035,0.494795,0.494615,0.611704,0.50604,0.71439,0.395669,0.36897,0.395774,0.511947,0.400761,0.623773,0.405785,0.720403,0.346411,0.381605,0.316533,0.482672,0.299046,0.536093,0.285019,0.587079
v4.mp4,d2a239a6e4f3e90337b286ddd60551b2893f378e713ab85db53263622b457388,1920,1080,12.03,350,29.083,24,2000,Right,0.374034,0.179893,0.433738,0.257262,0.5,0.363645,0.545832,0.45168,0.586016,0.510219,0.489204,0.334901,0.536765,0.439414,0.568743,0.503359,0.600006,0.56821,0.458476,0.324234,0.471668,0.437772,0.48567,0.545712,0.496971,0.647918,0.424629,0.32766,0.432394,0.44259,0.443526,0.552248,0.456208,0.657344,0.395995,0.332738,0.390054,0.428978,0.394287,0.501157,0.397651,0.574465
v4.mp4,d2a239a6e4f3e90337b286ddd60551b2893f378e713ab85db53263622b457388,1920,1080,12.03,350,29.083,25,2083,Right,0.381763,0.18777,0.471973,0.215047,0.558412,0.292106,0.620065,0.3624,0.682084,0.392223,0.516928,0.309335,0.566468,0.429583,0.603707,0.499448,0.639664,0.560722,0.457986,0.329694,0.475459,0.452639,0.488772,0.55139,0.499876,0.63815,0.395294,0.352737,0.389356,0.484616,0.390484,0.598428,0.391604,0.697723,0.339566,0.373997,0.31091,0.504702,0.291628,0.583104,0.273475,0.656437
v4.mp4,d2a239a6e4f3e90337b286ddd60551b2893f378e713ab85db53263622b457388,1920,1080,12.03,350,29.083,26,2166,Right,0.37446,0.175197,0.463043,0.209349,0.556447,0.297108,0.623431,0.368035,0.688213,0.40135,0.513315,0.302685,0.564137,0.421582,0.600865,0.492695,0.636497,0.561945,0.452624,0.333199,0.470302,0.455258,0.483107,0.56116,0.493998,0.661001,0.391654,0.364016,0.387143,0.495437,0.390648,0.598634,0.398153,0.697365,0.33828,0.389425,0.306811,0.51224,0.285782,0.588908,0.267903,0.667662
v4.mp4,d2a239a6e4f3e90337b286ddd60551b2893f378e713ab85db53263622b457388,1920,1080,12.03,350,29.083,27,2250,Right,0.371983,0.180366,0.458363,0.221365,0.54892,0.318332,0.612397,0.403223,0.672681,0.44395,0.509509,0.308466,0.558062,0.416273,0.591505,0.486854,0.623612,0.555345,0.453251,0.340712,0.470216,0.481497,0.486055,0.607162,0.494728,0.715953,0.396073,0.366064,0.405675,0.511456,0.420001,0.632772,0.431149,0.743151,0.34538,0.379112,0.326487,0.491141,0.323401,0.569747,0.319428,0.647612
v4.mp4,d2a239a6e4f3e90337b286ddd60551b2893f378e713ab85db53263622b457388,1920,1080,12.03,350,29.083,28,2333,Right,0.385113,0.189473,0.476622,0.217279,0.563131,0.290423,0.627266,0.363006,0.693513,0.392671,0.521961,0.311795,0.562752,0.419531,0.595313,0.49265,0.628375,0.566272,0.461235,0.352693,0.480503,0.503972,0.498711,0.632053,0.512395,0.746982,0.400935,0.381273,0.401869,0.535167,0.407971,0.659833,0.412391,0.772484,0.346094,0.395172,0.30642,0.515977,0.283859,0.588844,0.265677,0.661531
v4.mp4,d2a239a6e4f3e90337b286ddd60551b2893f378e713ab85db53263622b457388,1920,1080,12.03,350,29.083,29,2416,Right,0.375786,0.185334,0.457705,0.240775,0.540541,0.335013,0.596143,0.421516,0.65241,0.473085,0.506379,0.317225,0.54698,0.414072,0.57735,0.477918,0.607215,0.547799,0.458016,0.342558,0.475068,0.507668,0.497304,0.646572,0.512124,0.77304,0.408918,0.361122,0.418336,0.509598,0.437395,0.636455,0.451314,0.757157,0.363471,0.367664,0.348482,0.470408,0.348564,0.546632,0.350042,0.62592
v4.mp4,d2a239a6e4f3e90337b286ddd60551b2893f378e713ab85db53263622b457388,1920,1080,12.03,350,29.083,30,2500,Right,0.384411,0.194895,0.478233,0.216288,0.56586,0.281252,0.629676,0.353045,0.694226,0.38484,0.524231,0.317566,0.564304,0.43211,0.592076,0.510584,0.619316,0.588986,0.461412,0.358272,0.480419,0.503343,0.496654,0.62793,0.508655,0.738113,0.398306,0.384855,0.400846,0.538076,0.408138,0.664875,0.413346,0.77728,0.34132,0.397451,0.306689,0.519756,0.287402,0.596035,0.271671,0.670602
v4.mp4,d2a239a6e4f3e90337b286ddd60551b2893f378e713ab85db53263622b457388,1920,1080,12.03,350,29.083,31,2583,Right,0.369983,0.17389,0.45573,0.227763,0.548407,0.299738,0.617521,0.365529,0.683102,0.406013,0.515125,0.325808,0.555901,0.483779,0.582177,0.591023,0.605254,0.691342,0.459467,0.355525,0.479081,0.527522,0.497259,0.672763,0.51055,0.80192,0.403852,0.373111,0.419318,0.526877,0.436309,0.661083,0.44933,0.786715,0.351975,0.377293,0.339374,0.478052,0.339202,0.548239,0.340588,0.62036
v4.mp4,d2a239a6e4f3e90337b286ddd60551b2893f378e713ab85db53263622b457388,1920,1080,12.03,350,29.083,32,2666,Right,0.386558,0.183462,0.475859,0.222871,0.556885,0.290635,0.61765,0.363753,0.678762,0.399501,0.524116,0.328146,0.566342,0.500305,0.595641,0.610113,0.619993,0.700992,0.461521,0.356213,0.483115,0.526862,0.500478,0.662402,0.513472,0.774174,0.398704,0.372634,0.39938,0.53,0.407044,0.661111,0.412507,0.774793,0.343099,0.378501,0.309413,0.506058,0.290441,0.589862,0.273454,0.668348
v4.mp4,d2a239a6e4f3e90337b286ddd60551b2893f378e713ab85db53263622b457388,1920,1080,12.03,350,29.083,33,2750,Right,0.378309,0.165814,0.472014,0.211519,0.557424,0.281254,0.622046,0.349452,0.684145,0.38877,0.527163,0.317636,0.569025,0.489727,0.594609,0.606949,0.615977,0.71007,0.462065,0.350878,0.482177,0.527037,0.497621,0.670828,0.512066,0.795932,0.397362,0.372785,0.400859,0.52788,0.408057,0.658086,0.41612,0.778839,0.338069,0.38527,0.306153,0.502901,0.287017,0.578287,0.272465,0.658371
v4.mp4,d2a239a6e4f3e90337b286ddd60551b2893f378e713ab85db53263622b457388,1920,1080,12.03,350,29.083,34,2833,Right,0.378734,0.163193,0.470494,0.212765,0.554628,0.285413,0.618357,0.353933,0.680016,0.395873,0.52474,0.321349,0.568308,0.496217,0.595956,0.612577,0.620195,0.715825,0.460909,0.352783,0.482828,0.528608,0.49934,0.671894,0.514958,0.79849,0.39809,0.371107,0.400318,0.529256,0.406593,0.656855,0.413309,0.774543,0.341492,0.379476,0.307196,0.503444,0.285288,0.582638,0.267102,0.66463
v4.mp4,d2a239a6e4f3e90337b286ddd60551b2893f378e713ab85db53263622b457388,1920,1080,12.03,350,29.083,35,2916,Right,0.374431,0.164294,0.468904,0.211229,0.556068,0.277474,0.621077,0.337649,0.682241,0.379674,0.529207,0.319884,0.569214,0.489972,0.592671,0.607557,0.612229,0.711939,0.46207,0.355218,0.483334,0.52997,0.495921,0.673304,0.508463,0.800358,0.395419,0.375948,0.402841,0.527959,0.411008,0.656884,0.420599,0.778439,0.334353,0.383363,0.305249,0.489837,0.288544,0.561005,0.275727,0.638293
v4.mp4,d2a239a6e4f3e90337b286ddd60551b2893f378e713ab85db53263622b457388,1920,1080,12.03,350,29.083,36,3000,Right,0.378442,0.16491,0.469863,0.217759,0.554906,0.286005,0.618951,0.350681,0.682279,0.393955,0.523488,0.316958,0.566091,0.494025,0.594037,0.613789,0.617158,0.720124,0.458975,0.347906,0.481045,0.534909,0.494565,0.687264,0.504622,0.819912,0.396073,0.364876,0.408561,0.524515,0.419057,0.652533,0.427362,0.771089,0.338141,0.368763,0.303853,0.472314,0.28442,0.546551,0.269509,0.625182
v4.mp4,d2a239a6e4f3e90337b286ddd60551b2893f378e713ab85db53263622b457388,1920,1080,12.03,350,29.083,37,3083,Right,0.383788,0.16778,0.478149,0.225692,0.560697,0.298039,0.623989,0.367163,0.686134,0.417058,0.532983,0.31437,0.572534,0.497326,0.597276,0.621539,0.617468,0.72963,0.466033,0.343759,0.484863,0.528591,0.497375,0.678654,0.508651,0.808427,0.400916,0.35735,0.407214,0.506804,0.412799,0.632626,0.419156,0.750126,0.341346,0.357323,0.310242,0.447201,0.291012,0.516649,0.275792,0.593468
v4.mp4,d2a239a6e4f3e90337b286ddd60551b2893f378e713ab85db53263622b457388,1920,1080,12.03,350,29.083,38,3166,Right,0.385437,0.177229,0.479292,0.229779,0.558802,0.301411,0.621322,0.374337,0.682875,0.424152,0.5317,0.32475,0.572784,0.494985,0.598315,0.61062,0.618685,0.712188,0.467111,0.352663,0.486667,0.522848,0.499204,0.660342,0.510316,0.778603,0.401857,0.363121,0.402041,0.508232,0.405819,0.632413,0.410542,0.746479,0.343229,0.358499,0.311034,0.448499,0.291437,0.51685,0.274635,0.590254
v4.mp4,d2a239a6e4f3e90337b286ddd60551b2893f378e713ab85db53263622b457388,1920,1080,12.03,350,29.083,39,3250,Right,0.386431,0.180968,0.481566,0.229302,0.559688,0.299227,0.619652,0.377283,0.680568,0.427441,0.531942,0.33063,0.573489,0.497518,0.601007,0.609037,0.623597,0.707813,0.467707,0.362449,0.488667,0.52963,0.50343,0.663937,0.51568,0.778999,0.402742,0.375448,0.400935,0.531949,0.404184,0.663014,0.407905,0.779827,0.345307,0.373071,0.311281,0.472934,0.292056,0.543713,0.276636,0.616931
v4.mp4,d2a239a6e4f3e90337b286ddd60551b2893f378e713ab85db53263622b457388,1920,1080,12.03,350,29.083,40,3333,Right,0.383195,0.178953,0.482389,0.217885,0.567775,0.287183,0.62891,0.361507,0.690115,0.402445,0.536503,0.334574,0.576246,0.497848,0.59929,0.609391,0.617652,0.70861,0.469097,0.368719,0.491864,0.526712,0.506041,0.665376,0.517233,0.784282,0.400892,0.387603,0.406524,0.544436,0.410593,0.679571,0.415994,0.802078,0.337463,0.393998,0.310588,0.50649,0.295671,0.580992,0.283886,0.656642
v4.mp4,d2a239a6e4f3e90337b286ddd60551b2893f378e713ab85db53263622b457388,1920,1080,12.03,350,29.083,41,3416,Left,0.379661,0.185274,0.424172,0.290393,0.471952,0.401738,0.502445,0.509095,0.525475,0.60139,0.483556,0.360816,0.523398,0.503334,0.54394,0.603778,0.562757,0.700277,0.466435,0.352612,0.491038,0.524656,0.506566,0.672473,0.520104,0.805273,0.444118,0.340062,0.471244,0.49137,0.491034,0.624509,0.508444,0.748533,0.420686,0.320786,0.423218,0.408456,0.438224,0.469896,0.45525,0.532114
v4.mp4,d2a239a6e4f3e90337b286ddd60551b2893f378e713ab85db53263622b457388,1920,1080,12.03,350,29.083,42,3500,Right,0.385224,0.20012,0.479785,0.221625,0.558097,0.279599,0.609678,0.352756,0.661337,0.387148,0.524511,0.336933,0.559309,0.470389,0.573661,0.560013,0.589167,0.641452,0.464493,0.364159,0.487778,0.511674,0.503885,0.643961,0.514014,0.75389,0.399756,0.382058,0.407998,0.539224,0.415362,0.678457,0.418835,0.792714,0.340343,0.396227,0.312478,0.516086,0.300726,0.590361,0.290087,0.656548
v4.mp4,d2a239a6e4f3e90337b286ddd60551b2893f378e713ab85db53263622b457388,1920,1080,12.03,350,29.083,43,3583,Left,0.39061,0.19642,0.367512,0.335128,0.369038,0.461994,0.373034,0.58133,0.376882,0.687543,0.428105,0.398637,0.432647,0.561216,0.433394,0.672708,0.439691,0.776073,0.471085,0.351295,0.491434,0.518636,0.508332,0.667377,0.523774,0.795163,0.502071,0.307104,0.541732,0.467874,0.57058,0.614881,0.594307,0.745151,0.519045,0.267312,0.549822,0.35255,0.577405,0.422162,0.600704,0.491052
v4.mp4,d2a239a6e4f3e90337b286ddd60551b2893f378e713ab85db53263622b457388,1920,1080,12.03,350,29.083,44,3666,Right,0.395765,0.205517,0.485571,0.238238,0.566894,0.306615,0.623726,0.38309,0.675357,0.427878,0.529611,0.346247,0.576991,0.493645,0.606066,0.596173,0.632572,0.686095,0.469421,0.374749,0.494641,0.527396,0.510523,0.655988,0.522645,0.760634,0.406023,0.384917,0.405057,0.535654,0.407417,0.670225,0.40568,0.781492,0.350268,0.385557,0.319607,0.509034,0.300824,0.593542,0.282484,0.668643
v4.mp4,d2a239a6e4f3e90337b286ddd60551b2893f378e713ab85db53263622b457388,1920,1080,12.03,350,29.083,45,3750,Right,0.387816,0.171499,0.481259,0.218556,0.568779,0.301671,0.633131,0.387271,0.694245,0.445107,0.534465,0.343421,0.580451,0.50952,0.613512,0.609524,0.643639,0.701905,0.473281,0.369275,0.489702,0.519109,0.500744,0.636401,0.509113,0.744134,0.409995,0.381791,0.398024,0.530412,0.388353,0.652341,0.380289,0.766339,0.352799,0.380558,0.314823,0.499929,0.290185,0.576445,0.270004,0.657749
v4.mp4,d2a239a6e4f3e90337b286ddd60551b2893f378e713ab85db53263622b457388,1920,1080,12.03,350,29.083,46,3833,Right,0.384486,0.171095,0.481742,0.21249,0.568807,0.290898,0.631983,0.368556,0.695004,0.419844,0.531355,0.337351,0.577688,0.507638,0.609271,0.614247,0.638202,0.710193,0.468652,0.370206,0.494394,0.52926,0.513897,0.65528,0.532906,0.770443,0.403534,0.387376,0.403829,0.531821,0.406405,0.65492,0.410937,0.774395,0.343431,0.387935,0.31063,0.49689,0.288624,0.572412,0.271275,0.653679
v4.mp4,d2a239a6e4f3e90337b286ddd60551b2893f378e713ab85db53263622b457388,1920,1080,12.03,350,29.083,47,3916,Right,0.380795,0.176972,0.479431,0.214346,0.569445,0.282529,0.635361,0.345451,0.695253,0.386648,0.53155,0.348174,0.5829,0.495737,0.620728,0.588932,0.654369,0.674605,0.471766,0.390023,0.502548,0.554204,0.5257,0.68167,0.543761,0.79637,0.410182,0.409848,0.418433,0.562546,0.42164,0.679285,0.423833,0.789657,0.354747,0.406776,0.325185,0.518497,0.305798,0.58489,0.290302,0.653769
v4.mp4,d2a239a6e4f3e90337b286ddd60551b2893f378e713ab85db53263622b457388,1920,1080,12.03,350,29.083,48,4000,Right,0.383795,0.177203,0.475933,0.211012,0.566913,0.279849,0.634007,0.341131,0.692734,0.376803,0.529112,0.363062,0.583512,0.494017,0.622979,0.565721,0.661282,0.630202,0.475516,0.404196,0.506794,0.553789,0.527912,0.666966,0.54523,0.773059,0.417593,0.422429,0.422442,0.568803,0.422715,0.672879,0.4249,0.774647,0.360667,0.419473,0.324757,0.533326,0.297237,0.599099,0.274694,0.667161
v4.mp4,d2a239a6e4f3e90337b286ddd60551b2893f378e713ab85db53263622b457388,1920,1080,12.03,350,29.083,49,4083,Right,0.376877,0.171152,0.473889,0.212228,0.565901,0.280458,0.638225,0.344491,0.701825,0.384327,0.523558,0.359642,0.578801,0.5258,0.619852,0.620535,0.657778,0.701306,0.466628,0.398493,0.50876,0.564598,0.538115,0.686032,0.562455,0.793024,0.408452,0.416462,0.42308,0.576046,0.430919,0.695891,0.438837,0.804004,0.353701,0.416612,0.322794,0.542925,0.297961,0.617426,0.277906,0.687861
v4.mp4,d2a239a6e4f3e90337b286ddd60551b2893f378e713ab85db53263622b457388,1920,1080,12.03,350,29.083,50,4166,Right,0.381162,0.182288,0.479332,0.223448,0.570049,0.292957,0.64123,0.364858,0.705189,0.415496,0.526758,0.363256,0.583748,0.526824,0.624874,0.623399,0.66232,0.706791,0.468587,0.403695,0.512282,0.568361,0.542522,0.693573,0.568056,0.805643,0.41003,0.422626,0.423235,0.584046,0.429114,0.705015,0.435488,0.815969,0.355076,0.423272,0.320359,0.549211,0.293304,0.624326,0.27226,0.696317
v4.mp4,d2a239a6e4f3e90337b286ddd60551b2893f378e713ab85db53263622b457388,1920,1080,12.03,350,29.083,51,4250,Right,0.383882,0.177932,0.481767,0.221384,0.571694,0.294375,0.640525,0.370331,0.702632,0.423621,0.530184,0.362383,0.587145,0.524758,0.627509,0.623588,0.662988,0.709917,0.472126,0.404485,0.514175,0.568515,0.543806,0.696394,0.56837,0.810988,0.412097,0.423467,0.424328,0.580798,0.429597,0.701876,0.435473,0.812584,0.355505,0.422257,0.319576,0.545127,0.293225,0.620743,0.272331,0.69318
v4.mp4,d2a239a6e4f3e90337b286ddd60551b2893f378e713ab85db53263622b457388,1920,1080,12.03,350,29.083,52,4333,Right,0.383085,0.17981,0.48087,0.221483,0.569498,0.290725,0.636246,0.365321,0.696869,0.424513,0.529692,0.361723,0.587515,0.527118,0.627652,0.628683,0.662811,0.715888,0.471438,0.401015,0.513248,0.566656,0.542703,0.695925,0.567818,0.810731,0.411715,0.419382,0.423775,0.576341,0.429565,0.699066,0.436054,0.810283,0.356285,0.418734,0.321634,0.542163,0.295573,0.61809,0.275672,0.690787
v4.mp4,d2a239a6e4f3e90337b286ddd60551b2893f378e713ab85db53263622b457388,1920,1080,12.03,350,29.083,53,4416,Right,0.383969,0.175348,0.477724,0.214503,0.570004,0.292037,0.637083,0.368917,0.698682,0.424158,0.525387,0.35089,0.586472,0.508825,0.63108,0.608785,0.669887,0.693861,0.466837,0.386124,0.494331,0.557359,0.514329,0.689795,0.531017,0.804205,0.406682,0.401888,0.414507,0.549839,0.422677,0.665906,0.429864,0.772973,0.348664,0.403523,0.313196,0.529259,0.285059,0.605863,0.261488,0.677449
v4.mp4,d2a239a6e4f3e90337b286ddd60551b2893f378e713ab85db53263622b457388,1920,1080,12.03,350,29.083,54,4500,Left,0.385268,0.203529,0.437249,0.320151,0.495916,0.468855,0.542089,0.584837,0.58574,0.665548,0.487205,0.395404,0.530465,0.511086,0.555413,0.575609,0.581234,0.645386,0.463977,0.366857,0.478427,0.486815,0.494429,0.581854,0.508151,0.67333,0.436234,0.341406,0.441914,0.441842,0.451961,0.535792,0.461389,0.629756,0.409486,0.310322,0.401758,0.397831,0.400096,0.466358,0.395526,0.535708
v4.mp4,d2a239a6e4f3e90337b286ddd60551b2893f378e713ab85db53263622b457388,1920,1080,12.03,350,29.083,55,4583,Right,0.381614,0.212769,0.474437,0.237628,0.556905,0.327051,0.611911,0.415012,0.663018,0.486266,0.522549,0.336704,0.570014,0.455449,0.595579,0.527843,0.62052,0.599799,0.463598,0.358575,0.493981,0.464846,0.524017,0.549948,0.55022,0.628231,0.399507,0.376116,0.407788,0.486827,0.416354,0.578108,0.425208,0.665258,0.337853,0.383834,0.323512,0.46763,0.310937,0.519449,0.297203,0.571105
v4.mp4,d2a239a6e4f3e90337b286ddd60551b2893f378e713ab85db53263622b457388,1920,1080,12.03,350,29.083,56,4666,Right,0.392308,0.211134,0.489958,0.236959,0.572568,0.304635,0.629715,0.375325,0.688068,0.429818,0.533996,0.328161,0.59024,0.473787,0.627135,0.567321,0.658713,0.64879,0.473956,0.356998,0.504745,0.477071,0.535669,0.569738,0.565431,0.653727,0.407204,0.374613,0.408635,0.492427,0.415786,0.589085,0.426662,0.67887,0.340237,0.384381,0.316667,0.47258,0.292802,0.526522,0.273691,0.579689
v4.mp4,d2a239a6e4f3e90337b286ddd60551b2893f378e713ab85db53263622b457388,1920,1080,12.03,350,29.083,57,4750,Left,0.389286,0.207735,0.48622,0.233566,0.574825,0.301909,0.63899,0.371797,0.705856,0.427545,0.531873,0.344182,0.590273,0.506406,0.630921,0.605059,0.667617,0.692135,0.472964,0.36858,0.506056,0.496758,0.534533,0.59109,0.562766,0.678518,0.408796,0.379919,0.41587,0.497871,0.42216,0.591022,0.432937,0.68219,0.344644,0.37829,0.317516,0.459942,0.293028,0.515139,0.273632,0.573165
v4.mp4,d2a239a6e4f3e90337b286ddd60551b2893f378e713ab85db53263622b457388,1920,1080,12.03,350,29.083,58,4833,Right,0.385122,0.206585,0.442964,0.265689,0.516731,0.330295,0.571891,0.396616,0.623153,0.456658,0.490867,0.34584,0.500043,0.519482,0.510139,0.623177,0.518675,0.72157,0.469707,0.363393,0.51467,0.556576,0.552088,0.688977,0.579511,0.803457,0.444971,0.362916,0.500496,0.528391,0.548748,0.65087,0.58935,0.762752,0.414659,0.344564,0.428635,0.414949,0.445635,0.47363,0.462068,0.532956
v4.mp4,d2a239a6e4f3e90337b286ddd60551b2893f378e713ab85db53263622b457388,1920,1080,12.03,350,29.083,59,4916,Left,0.396928,0.211827,0.354008,0.320329,0.335778,0.415602,0.315326,0.504685,0.28908,0.58461,0.407722,0.411305,0.423502,0.567494,0.437785,0.678519,0.452422,0.772442,0.47072,0.36432,0.517398,0.548473,0.550593,0.676122,0.578303,0.770614,0.521085,0.316926,0.58381,0.492198,0.626121,0.603365,0.660212,0.6787,0.55303,0.277736,0.622882,0.364873,0.671412,0.414102,0.71237,0.447291
v4.mp4,d2a239a6e4f3e90337b286ddd60551b2893f378e713ab85db53263622b457388,1920,1080,12.03,350,29.083,60,5000,Left,0.385993,0.193653,0.354521,0.322927,0.335235,0.421194,0.308317,0.509613,0.282374,0.584132,0.408894,0.415623,0.428938,0.572934,0.442478,0.683789,0.455065,0.789745,0.466924,0.368833,0.516324,0.544429,0.55486,0.678612,0.591282,0.794965,0.515889,0.315513,0.582916,0.480048,0.631196,0.604574,0.672566,0.712107,0.550966,0.26108,0.608664,0.344185,0.650314,0.398406,0.686132,0.452375
v4.mp4,d2a239a6e4f3e90337b286ddd60551b2893f378e713ab85db53263622b457388,1920,1080,12.03,350,29.083,61,5083,Right,0.382239,0.189377,0.418132,0.303955,0.470899,0.401932,0.513474,0.490848,0.555189,0.558597,0.470391,0.396835,0.48346,0.565037,0.495896,0.668115,0.511715,0.769078,0.46613,0.38162,0.508861,0.55053,0.54991,0.686834,0.587094,0.814911,0.453528,0.351724,0.490896,0.514734,0.520902,0.650333,0.547894,0.774014,0.434479,0.313231,0.434558,0.398769,0.444492,0.458708,0.459026,0.523416
v4.mp4,d2a239a6e4f3e90337b286ddd60551b2893f378e713ab85db53263622b457388,1920,1080,12.03,350,29.083,62,5166,Right,0.385147,0.213056,0.480402,0.228836,0.558282,0.283857,0.614221,0.344122,0.667826,0.367662,0.536614,0.351954,0.59017,0.484148,0.629534,0.568627,0.663002,0.642624,0.477014,0.386959,0.518591,0.538931,0.552244,0.659455,0.577445,0.759218,0.410799,0.405915,0.426039,0.564133,0.446815,0.68477,0.463924,0.783015,0.348858,0.413717,0.316835,0.543377,0.296549,0.613765,0.27663,0.668335
v4.mp4,d2a239a6e4f3e90337b286ddd60551b2893f378e713ab85db53263622b457388,1920,1080,12.03,350,29.083,63,5250,Right,0.374914,0.19996,0.467299,0.230094,0.550943,0.293263,0.606965,0.367248,0.664454,0.408182,0.520848,0.353626,0.576108,0.479167,0.618811,0.55497,0.660786,0.625693,0.467814,0.394694,0.510244,0.553453,0.54842,0.685468,0.583259,0.80251,0.409149,0.413197,0.429611,0.562568,0.453449,0.679983,0.477649,0.785665,0.349963,0.412919,0.323764,0.51547,0.314528,0.574643,0.31478,0.630137
v4.mp4,d2a239a6e4f3e90337b286ddd60551b2893f378e713ab85db53263622b457388,1920,1080,12.03,350,29.083,64,5333,Right,0.376841,0.204519,0.444058,0.286403,0.502687,0.385004,0.53627,0.485801,0.5654,0.567726,0.503846,0.396695,0.550235,0.551988,0.585742,0.651059,0.617647,0.742042,0.475093,0.3983,0.511688,0.551936,0.551635,0.683894,0.588921,0.802082,0.435752,0.383113,0.466359,0.517363,0.504493,0.639249,0.540335,0.752363,0.393011,0.354984,0.386795,0.449857,0.39432,0.518512,0.404286,0.587762
v4.mp4,d2a239a6e4f3e90337b286ddd60551b2893f378e713ab85db53263622b457388,1920,1080,12.03,350,29.083,65,5416,Right,0.387238,0.200479,0.484695,0.236847,0.565611,0.305639,0.621523,0.388579,0.675004,0.452769,0.539775,0.348744,0.596426,0.498974,0.634457,0.601976,0.668897,0.691532,0.480101,0.387586,0.517899,0.541135,0.549513,0.667462,0.5783,0.773382,0.41446,0.406052,0.423899,0.55696,0.444539,0.683796,0.465106,0.791309,0.350599,0.409184,0.314389,0.52895,0.294987,0.601921,0.280206,0.664986
v4.mp4,d2a239a6e4f3e90337b286ddd60551b2893f378e713ab85db53263622b457388,1920,1080,12.03,350,29.083,66,5500,Right,0.383817,0.191333,0.485609,0.233707,0.571103,0.298117,0.631978,0.373421,0.690995,0.431805,0.540045,0.346674,0.596185,0.506051,0.631484,0.61347,0.6619,0.707122,0.47906,0.386733,0.518755,0.544687,0.549192,0.674707,0.576419,0.786842,0.412594,0.405419,0.424834,0.559331,0.442764,0.685547,0.459784,0.794681,0.347629,0.406453,0.313132,0.529247,0.293105,0.607347,0.279028,0.677118
v4.mp4,d2a239a6e4f3e90337b286ddd60551b2893f378e713ab85db53263622b457388,1920,1080,12.03,350,29.083,67,5583,Right,0.383432,0.180682,0.477356,0.228394,0.568603,0.318862,0.635576,0.407876,0.699379,0.46471,0.535649,0.341896,0.592135,0.517742,0.628946,0.627175,0.662264,0.724384,0.477791,0.366634,0.50864,0.511085,0.535095,0.619704,0.55914,0.716327,0.412574,0.384954,0.419543,0.526175,0.428744,0.643797,0.439099,0.752554,0.34676,0.395496,0.316919,0.519369,0.296297,0.593058,0.279897,0.662298
v4.mp4,d2a239a6e4f3e90337b286ddd60551b2893f378e713ab85db53263622b457388,1920,1080,12.03,350,29.083,68,5666,Right,0.390002,0.198265,0.486196,0.234268,0.576524,0.299862,0.638169,0.36808,0.699436,0.426445,0.540516,0.339887,0.599197,0.505197,0.637145,0.608345,0.672383,0.70014,0.480773,0.367255,0.509808,0.496204,0.535984,0.588213,0.564428,0.678775,0.415396,0.387204,0.411579,0.513248,0.416356,0.613938,0.424068,0.709021,0.350367,0.39924,0.31601,0.520951,0.28521,0.594082,0.260047,0.66413
v4.mp4,d2a239a6e4f3e90337b286ddd60551b2893f378e713ab85db53263622b457388,1920,1080,12.03,350,29.083,69,5750,Right,0.382869,0.202473,0.480224,0.260165,0.564547,0.345025,0.615668,0.431459,0.669275,0.509431,0.53713,0.342897,0.593674,0.508075,0.634133,0.608329,0.66975,0.696937,0.477869,0.361789,0.506092,0.492047,0.532018,0.593042,0.557404,0.688408,0.413273,0.380674,0.416345,0.5017,0.425199,0.606649,0.436283,0.703296,0.347911,0.392486,0.319858,0.490312,0.299193,0.556445,0.281969,0.62162
v4.mp4,d2a239a6e4f3e90337b286ddd60551b2893f378e713ab85db53263622b457388,1920,1080,12.03,350,29.083,70,5833,Right,0.377503,0.201189,0.471193,0.239553,0.545886,0.305996,0.591938,0.387453,0.628023,0.453252,0.530512,0.35403,0.58273,0.523833,0.61638,0.640487,0.644379,0.738916,0.475359,0.379184,0.510944,0.554989,0.537914,0.691228,0.56075,0.807606,0.41407,0.385633,0.428694,0.541613,0.44332,0.672527,0.457549,0.79328,0.352478,0.380411,0.321611,0.485686,0.307197,0.559811,0.297652,0.63386
v4.mp4,d2a239a6e4f3e90337b286ddd60551b2893f378e713ab85db53263622b457388,1920,1080,12.03,350,29.083,71,5916,Left,0.384698,0.204189,0.374691,0.349953,0.388421,0.469679,0.405499,0.572457,0.423914,0.657721,0.432274,0.43113,0.460511,0.606731,0.481001,0.725174,0.499519,0.83139,0.468598,0.378712,0.509204,0.546081,0.540658,0.683094,0.568748,0.804007,0.493716,0.321374,0.534856,0.478606,0.562946,0.623577,0.588036,0.753952,0.506135,0.26366,0.523312,0.345931,0.545117,0.421792,0.566434,0.49977
v4.mp4,d2a239a6e4f3e90337b286ddd60551b2893f378e713ab85db53263622b457388,1920,1080,12.03,350,29.083,72,6000,Right,0.392573,0.21157,0.484479,0.232586,0.56516,0.295387,0.62158,0.365895,0.677207,0.399641,0.535773,0.337848,0.59091,0.490752,0.628816,0.593371,0.661973,0.677725,0.474753,0.368812,0.512489,0.530844,0.541432,0.658211,0.563429,0.760606,0.408387,0.387873,0.420591,0.549186,0.438577,0.670899,0.452757,0.76804,0.347963,0.40075,0.318138,0.534291,0.29924,0.611431,0.280781,0.677906
v4.mp4,d2a239a6e4f3e90337b286ddd60551b2893f378e713ab85db53263622b457388,1920,1080,12.03,350,29.083,73,6083,Right,0.376786,0.195042,0.476027,0.223927,0.568027,0.275389,0.639787,0.329315,0.708168,0.352652,0.533814,0.338305,0.591228,0.503854,0.625777,0.612395,0.654657,0.706393,0.472783,0.380242,0.512428,0.542021,0.540889,0.672638,0.565515,0.785382,0.408886,0.40493,0.422744,0.558716,0.437108,0.683368,0.450899,0.794916,0.345902,0.414268,0.311327,0.533798,0.289972,0.61331,0.272695,0.69134
v4.mp4,d2a239a6e4f3e90337b286ddd60551b2893f378e713ab85db53263622b457388,1920,1080,12.03,350,29.083,74,6166,Right,0.3721,0.176467,0.469991,0.219054,0.559174,0.277557,0.629145,0.326434,0.695402,0.346279,0.530796,0.338514,0.595494,0.516315,0.636477,0.625678,0.6724,0.716889,0.472696,0.373949,0.51827,0.549516,0.543892,0.688098,0.56583,0.807721,0.409652,0.39568,0.431775,0.552639,0.443844,0.68004,0.454939,0.795631,0.347762,0.404101,0.317618,0.522439,0.297109,0.59982,0.281146,0.677875
v4.mp4,d2a239a6e4f3e90337b286ddd60551b2893f378e713ab85db53263622b457388,1920,1080,12.03,350,29.083,75,6250,Right,0.372635,0.185635,0.472021,0.238539,0.557929,0.310563,0.617221,0.385539,0.674515,0.443269,0.534167,0.348307,0.593814,0.513979,0.633049,0.623226,0.668186,0.717885,0.474263,0.378366,0.513029,0.54722,0.539753,0.685443,0.564397,0.806772,0.410362,0.396398,0.429256,0.548187,0.446736,0.678517,0.462876,0.79777,0.347639,0.401235,0.322829,0.513901,0.311333,0.591389,0.303793,0.669218
v4.mp4,d2a239a6e4f3e90337b286ddd60551b2893f378e713ab85db53263622b457388,1920,1080,12.03,350,29.083,76,6333,Right,0.376455,0.203664,0.445006,0.277809,0.505881,0.364467,0.537682,0.462947,0.56432,0.548759,0.507161,0.371037,0.54905,0.542502,0.574275,0.663803,0.593687,0.77295,0.473413,0.378283,0.513955,0.537847,0.543552,0.67604,0.567011,0.796781,0.431035,0.37597,0.462671,0.532454,0.485103,0.67397,0.504246,0.802526,0.382937,0.36651,0.367844,0.472592,0.370991,0.552987,0.377604,0.633939
v4.mp4,d2a239a6e4f3e90337b286ddd60551b2893f378e713ab85db53263622b457388,1920,1080,12.03,350,29.083,77,6416,Right,0.393064,0.208503,0.489613,0.239462,0.57391,0.302199,0.635293,0.37219,0.69824,0.420805,0.538503,0.339547,0.592847,0.501466,0.628337,0.606666,0.657147,0.694901,0.473736,0.372898,0.510117,0.538389,0.540426,0.665646,0.565388,0.771414,0.40804,0.390869,0.419711,0.553522,0.435654,0.677478,0.449282,0.783323,0.34767,0.394076,0.309196,0.510399,0.284449,0.582476,0.263774,0.646914
v4.mp4,d2a239a6e4f3e90337b286ddd60551b2893f378e713ab85db53263622b457388,1920,1080,12.03,350,29.083,78,6500,Right,0.376369,0.188221,0.453498,0.266614,0.519062,0.358227,0.554166,0.458234,0.580793,0.544225,0.518961,0.364061,0.557472,0.550133,0.578788,0.678916,0.594602,0.792135,0.476259,0.373414,0.514874,0.54997,0.539154,0.697291,0.556809,0.823989,0.426618,0.369318,0.461206,0.522556,0.48387,0.657742,0.501123,0.779711,0.374072,0.35586,0.365008,0.44937,0.367368,0.519453,0.370218,0.58937
v4.mp4,d2a239a6e4f3e90337b286ddd60551b2893f378e713ab85db53263622b457388,1920,1080,12.03,350,29.083,79,6583,Right,0.384232,0.187127,0.482333,0.228383,0.56753,0.297742,0.626003,0.376549,0.679833,0.42875,0.537677,0.33391,0.583299,0.508351,0.61215,0.62909,0.634045,0.731061,0.47222,0.360169,0.497755,0.532351,0.511274,0.676065,0.51984,0.796604,0.403932,0.369993,0.427392,0.519411,0.435773,0.642337,0.441475,0.751114,0.337666,0.371483,0.313454,0.471974,0.296204,0.539694,0.279819,0.604985
v4.mp4,d2a239a6e4f3e90337b286ddd60551b2893f378e713ab85db53263622b457388,1920,1080,12.03,350,29.083,80,6666,Right,0.385907,0.190589,0.483842,0.227078,0.569973,0.29535,0.630776,0.36653,0.68848,0.414823,0.537648,0.32785,0.58574,0.488855,0.616298,0.592447,0.64383,0.679706,0.474733,0.351382,0.502635,0.491426,0.522939,0.602844,0.541282,0.698137,0.407011,0.364334,0.419686,0.491413,0.42956,0.594122,0.440517,0.685877,0.341268,0.36988,0.317922,0.464256,0.298428,0.523478,0.279999,0.581087
v4.mp4,d2a239a6e4f3e90337b286ddd60551b2893f378e713ab85db53263622b457388,1920,1080,12.03,350,29.083,81,6750,Right,0.377381,0.1961,0.469186,0.227752,0.550075,0.29275,0.606889,0.365884,0.656424,0.413716,0.526261,0.336147,0.568037,0.518457,0.591951,0.639424,0.609933,0.740444,0.468785,0.360978,0.503521,0.540227,0.529944,0.675248,0.551031,0.789212,0.405788,0.368806,0.426394,0.516195,0.44343,0.629817,0.459628,0.736005,0.341974,0.368135,0.320981,0.455212,0.311444,0.513288,0.303414,0.573387
v4.mp4,d2a239a6e4f3e90337b286ddd60551b2893f378e713ab85db53263622b457388,1920,1080,12.03,350,29.083,82,6833,Right,0.384443,0.202714,0.420209,0.313306,0.468818,0.393678,0.508297,0.461054,0.542999,0.510293,0.470522,0.391135,0.47959,0.575246,0.487635,0.688347,0.494839,0.788067,0.468939,0.366378,0.507386,0.557512,0.538176,0.696433,0.559469,0.814593,0.463584,0.327479,0.516485,0.496014,0.558881,0.630393,0.5929,0.751188,0.451528,0.282272,0.466975,0.351895,0.485002,0.411443,0.500231,0.471778
v4.mp4,d2a239a6e4f3e90337b286ddd60551b2893f378e713ab85db53263622b457388,1920,1080,12.03,350,29.083,83,6916,Left,0.391535,0.217632,0.417354,0.31763,0.460065,0.401427,0.49943,0.467893,0.53398,0.509008,0.44818,0.393901,0.457773,0.56846,0.469218,0.686489,0.478966,0.780273,0.462277,0.357575,0.508435,0.54152,0.541205,0.674941,0.564902,0.778566,0.474295,0.312064,0.538327,0.481305,0.583859,0.619309,0.617278,0.72955,0.481348,0.265715,0.530576,0.325727,0.568765,0.376498,0.598247,0.422724
v4.mp4,d2a239a6e4f3e90337b286ddd60551b2893f378e713ab85db53263622b457388,1920,1080,12.03,350,29.083,84,7000,Right,0.394435,0.213824,0.481186,0.221269,0.559025,0.284373,0.617076,0.358084,0.669637,0.394097,0.544704,0.304193,0.59952,0.427687,0.63265,0.519385,0.658431,0.594413,0.485919,0.334737,0.521668,0.511043,0.541445,0.644353,0.559055,0.744042,0.415077,0.357938,0.435351,0.529199,0.446992,0.658249,0.461918,0.761155,0.345815,0.379402,0.338937,0.49157,0.334311,0.556981,0.332096,0.614426
v4.mp4,d2a239a6e4f3e90337b286ddd60551b2893f378e713ab85db53263622b457388,1920,1080,12.03,350,29.083,85,7083,Left,0.390381,0.21627,0.357419,0.335868,0.346729,0.43534,0.348879,0.532493,0.353102,0.615468,0.402714,0.427155,0.428887,0.584685,0.446121,0.686328,0.465232,0.77715,0.464692,0.373155,0.505811,0.55321,0.53763,0.680721,0.563316,0.782465,0.511616,0.314639,0.577092,0.466888,0.624165,0.578054,0.660974,0.666187,0.542388,0.261405,0.601929,0.318258,0.646872,0.358101,0.681188,0.392509
v4.mp4,d2a239a6e4f3e90337b286ddd60551b2893f378e713ab85db53263622b457388,1920,1080,12.03,350,29.083,86,7166,Left,0.38128,0.198095,0.349792,0.335492,0.343739,0.45678,0.326742,0.564906,0.311718,0.65535,0.409173,0.412426,0.432113,0.554509,0.449042,0.655318,0.465538,0.756362,0.463807,0.361767,0.506584,0.525383,0.539289,0.664008,0.5691,0.791507,0.5066,0.307435,0.564439,0.428538,0.610701,0.537609,0.649251,0.635175,0.535084,0.253225,0.58488,0.320022,0.621888,0.359729,0.656774,0.400564
v4.mp4,d2a239a6e4f3e90337b286ddd60551b2893f378e713ab85db53263622b457388,1920,1080,12.03,350,29.083,87,7250,Left,0.380454,0.196627,0.349384,0.344544,0.335533,0.482322,0.300544,0.601538,0.264546,0.700763,0.41187,0.424122,0.45041,0.554118,0.480635,0.641782,0.509698,0.727888,0.465303,0.366284,0.507104,0.524804,0.541281,0.65982,0.574252,0.787208,0.506358,0.302409,0.561285,0.419503,0.603489,0.515718,0.640014,0.600794,0.534469,0.239639,0.58111,0.306544,0.614812,0.344056,0.646144,0.380548
v4.mp4,d2a239a6e4f3e90337b286ddd60551b2893f378e713ab85db53263622b457388,1920,1080,12.03,350,29.083,88,7333,Left,0.382351,0.187399,0.347173,0.344247,0.332372,0.485005,0.298671,0.600635,0.270573,0.698736,0.418534,0.419594,0.455095,0.532317,0.478229,0.59725,0.507177,0.666229,0.472565,0.363349,0.51292,0.530776,0.544758,0.661947,0.578291,0.787708,0.513066,0.299554,0.57235,0.410844,0.620103,0.490944,0.661302,0.568075,0.538878,0.239818,0.583343,0.302893,0.614304,0.335748,0.643384,0.368203
v4.mp4,d2a239a6e4f3e90337b286ddd60551b2893f378e713ab85db53263622b457388,1920,1080,12.03,350,29.083,89,7416,Right,0.373094,0.186417,0.471082,0.20435,0.556268,0.274472,0.607794,0.367622,0.659585,0.425454,0.523348,0.32132,0.582417,0.417384,0.628698,0.46656,0.675583,0.51727,0.466649,0.381621,0.50476,0.547148,0.540705,0.676495,0.568099,0.796025,0.405153,0.417538,0.42389,0.567063,0.448353,0.668848,0.47024,0.766813,0.343444,0.433753,0.315553,0.54246,0.298876,0.603177,0.290363,0.663434
v4.mp4,d2a239a6e4f3e90337b286ddd60551b2893f378e713ab85db53263622b457388,1920,1080,12.03,350,29.083,90,7500,Left,0.376992,0.188159,0.347517,0.337349,0.335367,0.481279,0.305557,0.596949,0.269726,0.684519,0.400716,0.408565,0.431434,0.53837,0.452086,0.631362,0.473777,0.725583,0.460005,0.354221,0.493711,0.509142,0.519447,0.633838,0.541714,0.746626,0.507861,0.29627,0.575316,0.408842,0.625506,0.493861,0.666087,0.571593,0.543036,0.239027,0.601566,0.325331,0.641449,0.385557,0.674405,0.44543
v4.mp4,d2a239a6e4f3e90337b286ddd60551b2893f378e713ab85db53263622b457388,1920,1080,12.03,350,29.083,91,7583,Left,0.376888,0.184506,0.347921,0.335731,0.340841,0.487814,0.310209,0.607244,0.267482,0.700947,0.406198,0.421287,0.442423,0.55645,0.461866,0.652706,0.482528,0.754753,0.46441,0.358975,0.495976,0.483785,0.516131,0.592215,0.536414,0.697813,0.511787,0.298207,0.578891,0.401321,0.627235,0.476507,0.669662,0.550335,0.544959,0.242637,0.605137,0.324311,0.64264,0.382299,0.674996,0.44112
v4.mp4,d2a239a6e4f3e90337b286ddd60551b2893f378e713ab85db53263622b457388,1920,1080,12.03,350,29.083,92,7666,Left,0.373826,0.18531,0.433723,0.281547,0.50278,0.409052,0.550815,0.51878,0.590652,0.594839,0.503867,0.349831,0.550964,0.479984,0.571827,0.556242,0.59464,0.634985,0.478313,0.346688,0.504352,0.474572,0.523907,0.578627,0.539395,0.679185,0.443415,0.350744,0.461572,0.495223,0.479639,0.614878,0.497545,0.730991,0.404453,0.350377,0.398316,0.456611,0.40035,0.527989,0.401227,0.602535
v4.mp4,d2a239a6e4f3e90337b286ddd60551b2893f378e713ab85db53263622b457388,1920,1080,12.03,350,29.083,93,7750,Right,0.391528,0.198568,0.483453,0.224554,0.572446,0.295176,0.635289,0.36546,0.698363,0.419904,0.533292,0.331319,0.592262,0.489832,0.627877,0.590589,0.659795,0.677829,0.475276,0.357429,0.504322,0.48768,0.527407,0.584103,0.550894,0.670962,0.412646,0.376028,0.415404,0.506317,0.427621,0.609205,0.441961,0.702135,0.351326,0.389604,0.3193,0.523811,0.289009,0.603518,0.263937,0.673528
v4.mp4,d2a239a6e4f3e90337b286ddd60551b2893f378e713ab85db53263622b457388,1920,1080,12.03,350,29.083,94,7833,Right,0.380373,0.198774,0.461261,0.255682,0.546431,0.360988,0.6049,0.453179,0.658417,0.522409,0.518344,0.342515,0.570031,0.494627,0.600998,0.587791,0.630789,0.675037,0.472284,0.350397,0.499785,0.476189,0.522858,0.568943,0.545199,0.654802,0.420187,0.364618,0.435341,0.494985,0.453051,0.602257,0.475822,0.707922,0.366323,0.378038,0.345777,0.492306,0.334888,0.560453,0.327504,0.631301
v4.mp4,d2a239a6e4f3e90337b286ddd60551b2893f378e713ab85db53263622b457388,1920,1080,12.03,350,29.083,95,7916,Right,0.388072,0.210222,0.488554,0.244943,0.578997,0.301225,0.634019,0.367531,0.69772,0.425503,0.544391,0.34141,0.601269,0.491028,0.635916,0.595721,0.669185,0.687992,0.482686,0.367889,0.513512,0.482553,0.542888,0.566262,0.57374,0.656632,0.419728,0.390388,0.418083,0.498016,0.42654,0.582026,0.432728,0.666776,0.356451,0.41361,0.327244,0.505422,0.29158,0.564047,0.264518,0.626566
v4.mp4,d2a239a6e4f3e90337b286ddd60551b2893f378e713ab85db53263622b457388,1920,1080,12.03,350,29.083,96,8000,Left,0.384216,0.201125,0.441143,0.263776,0.50324,0.333019,0.542722,0.411564,0.570786,0.490665,0.509264,0.341255,0.549255,0.534999,0.572531,0.661028,0.589754,0.770078,0.48425,0.350958,0.524959,0.5358,0.554796,0.670324,0.576365,0.783082,0.449915,0.34593,0.483279,0.498872,0.506637,0.618659,0.528344,0.732267,0.409278,0.33114,0.40343,0.410577,0.406502,0.474281,0.411701,0.54056
v4.mp4,d2a239a6e4f3e90337b286ddd60551b2893f378e713ab85db53263622b457388,1920,1080,12.03,350,29.083,97,8083,Left,0.392893,0.210691,0.438407,0.270913,0.496541,0.338363,0.53868,0.409907,0.577247,0.477633,0.485665,0.343375,0.497564,0.510633,0.50683,0.616262,0.5155,0.717268,0.479258,0.350334,0.521325,0.536622,0.55533,0.667812,0.579665,0.784125,0.465134,0.343719,0.524748,0.508504,0.570465,0.630375,0.608254,0.744146,0.441858,0.328377,0.457387,0.393711,0.475041,0.448873,0.490494,0.506296
v4.mp4,d2a239a6e4f3e90337b286ddd60551b2893f378e713ab85db53263622b457388,1920,1080,12.03,350,29.083,98,8166,Left,0.39697,0.213012,0.366623,0.319407,0.361168,0.418526,0.359536,0.505811,0.356022,0.586351,0.422376,0.393968,0.442516,0.547753,0.456762,0.654721,0.469416,0.745433,0.47585,0.347847,0.520864,0.525905,0.55112,0.654082,0.57546,0.757514,0.518886,0.296793,0.582136,0.452244,0.627064,0.567577,0.662353,0.65824,0.547029,0.250633,0.611539,0.325225,0.658432,0.379396,0.69714,0.426725
v4.mp4,d2a239a6e4f3e90337b286ddd60551b2893f378e713ab85db53263622b457388,1920,1080,12.03,350,29.083,99,8250,Left,0.388022,0.20246,0.358133,0.326108,0.350258,0.421292,0.343866,0.510022,0.33545,0.591988,0.42024,0.38576,0.441167,0.558254,0.457488,0.677793,0.471626,0.779513,0.472794,0.339175,0.524602,0.527331,0.557642,0.663335,0.585221,0.77052,0.516731,0.293712,0.587033,0.460205,0.634323,0.580747,0.672929,0.674678,0.547295,0.254423,0.61056,0.333494,0.656402,0.378838,0.694566,0.414528
v4.mp4,d2a239a6e4f3e90337b286ddd60551b2893f378e713ab85db53263622b457388,1920,1080,12.03,350,29.083,100,8333,Left,0.385714,0.200719,0.354631,0.324362,0.341677,0.424063,0.324464,0.523775,0.306861,0.615326,0.414813,0.391306,0.437776,0.555479,0.453708,0.670486,0.467106,0.770603,0.471063,0.342083,0.522107,0.527427,0.555091,0.663249,0.583214,0.771518,0.517002,0.293223,0.587533,0.454353,0.634063,0.570406,0.67334,0.662475,0.547833,0.252191,0.611359,0.333854,0.657036,0.378473,0.696903,0.415792
v4.mp4,d2a239a6e4f3e90337b286ddd60551b2893f378e713ab85db53263622b457388,1920,1080,12.03,350,29.083,101,8416,Left,0.384624,0.195429,0.38477,0.328861,0.410992,0.44264,0.436234,0.544828,0.457166,0.632332,0.450545,0.393407,0.471838,0.561554,0.485873,0.673012,0.499874,0.779319,0.477424,0.352216,0.519984,0.521041,0.557417,0.65763,0.588617,0.780318,0.493054,0.309974,0.543024,0.454001,0.584519,0.571098,0.618472,0.677761,0.498042,0.265036,0.520507,0.345157,0.543846,0.407451,0.566714,0.469303
v4.mp4,d2a239a6e4f3e90337b286ddd60551b2893f378e713ab85db53263622b457388,1920,1080,12.03,350,29.083,102,8500,Right,0.385444,0.207099,0.475018,0.218567,0.554783,0.275852,0.611028,0.344738,0.660982,0.383525,0.529948,0.320787,0.587821,0.452669,0.622921,0.545059,0.651422,0.620679,0.477086,0.351285,0.522283,0.510516,0.556012,0.642516,0.57914,0.747408,0.414996,0.376321,0.441702,0.529123,0.467515,0.657073,0.486808,0.758978,0.354851,0.398124,0.33412,0.535684,0.323807,0.614558,0.314049,0.675838
v4.mp4,d2a239a6e4f3e90337b286ddd60551b2893f378e713ab85db53263622b457388,1920,1080,12.03,350,29.083,103,8583,Right,0.380118,0.194482,0.473102,0.217181,0.56333,0.277219,0.633034,0.345071,0.698672,0.382303,0.528491,0.3104,0.595377,0.417707,0.642011,0.486268,0.683766,0.548782,0.475353,0.358515,0.514824,0.501109,0.543697,0.618087,0.566812,0.719586,0.417397,0.390387,0.434402,0.535289,0.453779,0.653235,0.47166,0.758317,0.361749,0.406753,0.333472,0.53832,0.314877,0.618822,0.301239,0.691445
v4.mp4,d2a239a6e4f3e90337b286ddd60551b2893f378e713ab85db53263622b457388,1920,1080,12.03,350,29.083,104,8666,Right,0.384532,0.187045,0.479425,0.207113,0.571853,0.277056,0.639708,0.346851,0.704952,0.384366,0.535286,0.302463,0.598273,0.410036,0.643652,0.470075,0.687003,0.523404,0.476526,0.349653,0.509418,0.480664,0.532495,0.593358,0.552052,0.693265,0.416346,0.388035,0.433894,0.537855,0.449124,0.653083,0.467099,0.757136,0.359888,0.414129,0.333508,0.545888,0.312289,0.619117,0.296928,0.685631
v4.mp4,d2a239a6e4f3e90337b286ddd60551b2893f378e713ab85db53263622b457388,1920,1080,12.03,350,29.083,105,8750,Right,0.382487,0.182347,0.477662,0.213793,0.576489,0.296088,0.646841,0.367573,0.710605,0.411919,0.536667,0.299491,0.596156,0.406961,0.637818,0.469534,0.680554,0.525421,0.47745,0.341671,0.505893,0.469339,0.523068,0.57958,0.54073,0.680194,0.415999,0.379542,0.42502,0.516469,0.431737,0.623902,0.444708,0.725206,0.358255,0.410321,0.332936,0.540622,0.311533,0.615938,0.295692,0.690485
v4.mp4,d2a239a6e4f3e90337b286ddd60551b2893f378e713ab85db53263622b457388,1920,1080,12.03,350,29.083,106,8833,Left,0.383478,0.197451,0.369352,0.321841,0.373236,0.463546,0.34562,0.582587,0.31713,0.673966,0.452425,0.36907,0.511823,0.459526,0.545002,0.518541,0.57906,0.571679,0.46887,0.322434,0.500027,0.449363,0.515597,0.563623,0.52996,0.65963,0.475509,0.290553,0.507234,0.416887,0.529701,0.536646,0.55405,0.643011,0.477342,0.266032,0.487833,0.372061,0.495812,0.450745,0.502842,0.524298
v4.mp4,d2a239a6e4f3e90337b286ddd60551b2893f378e713ab85db53263622b457388,1920,1080,12.03,350,29.083,107,8916,Right,0.390365,0.21865,0.470512,0.234272,0.539725,0.3003,0.582159,0.375074,0.604802,0.43637,0.528307,0.321755,0.589944,0.418388,0.630327,0.485158,0.664946,0.544032,0.475509,0.34623,0.496282,0.465092,0.509925,0.562778,0.523294,0.651165,0.413931,0.368,0.411256,0.485391,0.413543,0.582587,0.418561,0.670851,0.355304,0.390868,0.326602,0.50168,0.302342,0.568348,0.282588,0.633789
v4.mp4,d2a239a6e4f3e90337b286ddd60551b2893f378e713ab85db53263622b457388,1920,1080,12.03,350,29.083,108,9000,Right,0.391209,0.211846,0.472974,0.217279,0.552182,0.281931,0.599897,0.368091,0.635777,0.437,0.518472,0.301681,0.56023,0.443491,0.583014,0.54955,0.602217,0.646915,0.466209,0.331322,0.500317,0.444525,0.527825,0.550976,0.548163,0.649828,0.406094,0.357173,0.428291,0.467262,0.444684,0.568273,0.45841,0.664272,0.34521,0.381164,0.333879,0.466981,0.327642,0.526381,0.322974,0.589222
v4.mp4,d2a239a6e4f3e90337b286ddd60551b2893f378e713ab85db53263622b457388,1920,1080,12.03,350,29.083,109,9083,Left,0.390365,0.224692,0.454564,0.263327,0.517835,0.319633,0.555037,0.394558,0.583601,0.469754,0.496306,0.303017,0.530711,0.436355,0.556803,0.531934,0.576923,0.620331,0.467817,0.316744,0.500483,0.433407,0.532142,0.548948,0.555587,0.651715,0.432746,0.336177,0.460562,0.438574,0.483469,0.547547,0.501663,0.645904,0.394664,0.355415,0.402768,0.418708,0.416148,0.480136,0.427911,0.544958
v4.mp4,d2a239a6e4f3e90337b286ddd60551b2893f378e713ab85db53263622b457388,1920,1080,12.03,350,29.083,110,9166,Left,0.389083,0.23406,0.44718,0.232898,0.509804,0.286546,0.549223,0.367407,0.571462,0.430949,0.505505,0.301413,0.557807,0.424988,0.591272,0.519422,0.6208,0.603479,0.4796,0.32058,0.522449,0.462473,0.556494,0.574938,0.581849,0.675041,0.446098,0.347777,0.480978,0.471112,0.511244,0.569011,0.534467,0.664935,0.412853,0.374875,0.436171,0.46683,0.451514,0.5239,0.46269,0.584358
v4.mp4,d2a239a6e4f3e90337b286ddd60551b2893f378e713ab85db53263622b457388,1920,1080,12.03,350,29.083,111,9250,Left,0.408005,0.226627,0.424492,0.297765,0.459622,0.366953,0.49395,0.429966,0.514472,0.491634,0.467722,0.368609,0.514875,0.519043,0.550871,0.625757,0.582252,0.71705,0.487517,0.33588,0.534583,0.516618,0.570733,0.654302,0.59893,0.774538,0.503906,0.302468,0.562723,0.448227,0.602201,0.567984,0.632142,0.681064,0.515674,0.265454,0.564696,0.331072,0.594125,0.400855,0.614226,0.474747
v4.mp4,d2a239a6e4f3e90337b286ddd60551b2893f378e713ab85db53263622b457388,1920,1080,12.03,350,29.083,112,9333,Right,0.395813,0.22059,0.461909,0.238975,0.525678,0.301223,0.563156,0.385909,0.589851,0.444728,0.521867,0.319875,0.56327,0.481642,0.592284,0.596815,0.618254,0.689508,0.487257,0.331162,0.532869,0.507219,0.568543,0.637651,0.595624,0.740904,0.444664,0.34523,0.50164,0.49864,0.553156,0.616968,0.595077,0.719891,0.401139,0.361837,0.438077,0.458597,0.474148,0.519892,0.504898,0.577044
v4.mp4,d2a239a6e4f3e90337b286ddd60551b2893f378e713ab85db53263622b457388,1920,1080,12.03,350,29.083,113,9416,Left,0.396702,0.217639,0.425534,0.322939,0.471798,0.405914,0.512464,0.476852,0.545783,0.530444,0.487192,0.378118,0.533928,0.541133,0.568031,0.652582,0.596179,0.738796,0.487188,0.333762,0.531872,0.522947,0.561899,0.667292,0.582016,0.78392,0.481185,0.2908,0.523729,0.46031,0.555612,0.60554,0.581474,0.730459,0.472208,0.252047,0.497647,0.350284,0.522401,0.429837,0.544519,0.501685
v4.mp4,d2a239a6e4f3e90337b286ddd60551b2893f378e713ab85db53263622b457388,1920,1080,12.03,350,29.083,114,9500,Right,0.392758,0.218028,0.475254,0.218011,0.546252,0.26979,0.591944,0.346912,0.627478,0.406679,0.540109,0.289385,0.605923,0.39993,0.647107,0.483396,0.6803,0.552063,0.488264,0.32823,0.529272,0.508503,0.558407,0.641921,0.579017,0.744055,0.425077,0.36024,0.451501,0.523994,0.478599,0.643984,0.50152,0.741461,0.362061,0.388505,0.34473,0.520522,0.335743,0.600739,0.326982,0.66699
v4.mp4,d2a239a6e4f3e90337b286ddd60551b2893f378e713ab85db53263622b457388,1920,1080,12.03,350,29.083,115,9583,Right,0.385102,0.212082,0.475395,0.218648,0.551234,0.256062,0.603092,0.324176,0.650949,0.371567,0.533671,0.308167,0.59419,0.456796,0.633966,0.557242,0.665508,0.640979,0.478064,0.352969,0.518006,0.529478,0.548434,0.661457,0.569571,0.76556,0.416891,0.383966,0.447117,0.541538,0.480254,0.660979,0.50855,0.760016,0.357059,0.40915,0.338339,0.530612,0.333541,0.603799,0.330758,0.666588
v4.mp4,d2a239a6e4f3e90337b286ddd60551b2893f378e713ab85db53263622b457388,1920,1080,12.03,350,29.083,116,9666,Right,0.379156,0.203588,0.475141,0.217449,0.562197,0.263509,0.625612,0.328559,0.687289,0.364763,0.533026,0.309527,0.592714,0.446002,0.632598,0.534376,0.667561,0.610162,0.476254,0.361886,0.516098,0.531674,0.550402,0.664758,0.57677,0.774665,0.414759,0.394782,0.442816,0.544606,0.473664,0.655962,0.499507,0.751683,0.353721,0.412412,0.330289,0.531282,0.322539,0.607542,0.317817,0.675991
v4.mp4,d2a239a6e4f3e90337b286ddd60551b2893f378e713ab85db53263622b457388,1920,1080,12.03,350,29.083,117,9750,Right,0.382379,0.181228,0.478358,0.218907,0.563333,0.278822,0.626876,0.359278,0.688604,0.42852,0.539767,0.306103,0.59998,0.469591,0.643,0.575169,0.680578,0.66663,0.483255,0.348851,0.523415,0.524159,0.554057,0.667278,0.579782,0.78963,0.421217,0.377408,0.44808,0.525766,0.472098,0.647135,0.493796,0.753987,0.361061,0.394272,0.333721,0.519969,0.315544,0.603756,0.302381,0.680022
v4.mp4,d2a239a6e4f3e90337b286ddd60551b2893f378e713ab85db53263622b457388,1920,1080,12.03,350,29.083,118,9833,Right,0.385495,0.193389,0.48157,0.217013,0.567919,0.273541,0.629021,0.353748,0.687367,0.427055,0.537807,0.308763,0.603953,0.466891,0.645434,0.571982,0.680017,0.66182,0.480138,0.342199,0.511259,0.484037,0.532686,0.600397,0.552247,0.700841,0.416762,0.366849,0.429772,0.49253,0.442583,0.605526,0.454834,0.706761,0.355852,0.386019,0.330275,0.502534,0.311421,0.58027,0.297276,0.65622
v4.mp4,d2a239a6e4f3e90337b286ddd60551b2893f378e713ab85db53263622b457388,1920,1080,12.03,350,29.083,119,9916,Right,0.386406,0.194055,0.480998,0.216228,0.567825,0.276568,0.629851,0.357766,0.688803,0.429595,0.535905,0.30579,0.598388,0.476444,0.637818,0.588777,0.671991,0.682733,0.478263,0.33607,0.512674,0.490424,0.534585,0.609776,0.554981,0.709411,0.414949,0.358078,0.436215,0.489748,0.451201,0.59831,0.467803,0.695631,0.352729,0.372241,0.332229,0.475298,0.31638,0.548722,0.303832,0.621742
v4.mp4,d2a239a6e4f3e90337b286ddd60551b2893f378e713ab85db53263622b457388,1920,1080,12.03,350,29.083,120,10000,Right,0.383103,0.197994,0.481535,0.219001,0.569284,0.267449,0.628674,0.340026,0.683891,0.415732,0.539708,0.297854,0.595855,0.468799,0.62998,0.580204,0.659655,0.67549,0.479792,0.330835,0.508962,0.48796,0.53069,0.612726,0.551655,0.718816,0.41383,0.355633,0.435154,0.47925,0.454893,0.582828,0.475985,0.676955,0.347688,0.371271,0.33031,0.456052,0.319544,0.523156,0.31147,0.594298
v4.mp4,d2a239a6e4f3e90337b286ddd60551b2893f378e713ab85db53263622b457388,1920,1080,12.03,350,29.083,121,10083,Left,0.381137,0.214087,0.44458,0.274681,0.508548,0.336424,0.54404,0.423495,0.573344,0.513136,0.520404,0.332565,0.559479,0.522788,0.588175,0.654646,0.607693,0.768184,0.493093,0.342559,0.532781,0.528921,0.561656,0.675393,0.580231,0.799205,0.452387,0.346928,0.500919,0.501181,0.541492,0.62298,0.57429,0.736404,0.402634,0.347937,0.398096,0.438833,0.406555,0.508173,0.416896,0.580731
v4.mp4,d2a239a6e4f3e90337b286ddd60551b2893f378e713ab85db53263622b457388,1920,1080,12.03,350,29.083,122,10166,Left,0.395519,0.208595,0.358172,0.32068,0.343977,0.414562,0.334487,0.505315,0.333493,0.589442,0.419588,0.380763,0.44679,0.533559,0.464366,0.633184,0.484023,0.719303,0.478423,0.333019,0.524158,0.525393,0.555535,0.657082,0.579998,0.760257,0.52292,0.286668,0.592321,0.453277,0.635635,0.566998,0.669672,0.658373,0.551245,0.249112,0.613715,0.33853,0.656591,0.39452,0.691173,0.440376
v4.mp4,d2a239a6e4f3e90337b286ddd60551b2893f378e713ab85db53263622b457388,1920,1080,12.03,350,29.083,123,10250,Right,0.387093,0.197747,0.486012,0.218871,0.569444,0.270168,0.628864,0.341942,0.685044,0.409947,0.54041,0.31285,0.59757,0.486003,0.632804,0.596442,0.662775,0.686544,0.479392,0.350385,0.518023,0.532785,0.549189,0.669957,0.578009,0.780191,0.413188,0.372135,0.434154,0.529474,0.454799,0.649545,0.479021,0.754313,0.348675,0.381432,0.323316,0.474051,0.310401,0.541253,0.303592,0.608296
v4.mp4,d2a239a6e4f3e90337b286ddd60551b2893f378e713ab85db53263622b457388,1920,1080,12.03,350,29.083,124,10333,Left,0.383375,0.212168,0.427292,0.295057,0.485214,0.358038,0.529345,0.428165,0.572421,0.492567,0.487902,0.354588,0.496803,0.526277,0.503138,0.637612,0.513344,0.743732,0.482595,0.355928,0.522552,0.530644,0.558165,0.669751,0.588431,0.790693,0.466838,0.352032,0.51195,0.516702,0.553744,0.65037,0.591397,0.771282,0.443012,0.339362,0.443609,0.442329,0.459188,0.521508,0.478997,0.59857
v4.mp4,d2a239a6e4f3e90337b286ddd60551b2893f378e713ab85db53263622b457388,1920,1080,12.03,350,29.083,125,10416,Right,0.39773,0.222949,0.489399,0.229037,0.564221,0.283957,0.614175,0.357682,0.657916,0.414263,0.545515,0.321437,0.601173,0.46305,0.630324,0.567716,0.655371,0.659969,0.486372,0.350452,0.526152,0.51072,0.558672,0.641382,0.583502,0.746371,0.415363,0.375987,0.437963,0.545927,0.463153,0.673134,0.484983,0.776718,0.347365,0.402473,0.328469,0.539996,0.319234,0.625979,0.311388,0.700244
v4.mp4,d2a239a6e4f3e90337b286ddd60551b2893f378e713ab85db53263622b457388,1920,1080,12.03,350,29.083,126,10500,Right,0.38348,0.207548,0.483883,0.219595,0.572385,0.273148,0.633065,0.34939,0.694875,0.399913,0.542983,0.323799,0.597871,0.482351,0.630579,0.589585,0.66147,0.683893,0.483046,0.371213,0.518038,0.52879,0.550366,0.652259,0.580093,0.755509,0.416202,0.400492,0.43334,0.5552,0.456836,0.674129,0.481589,0.777016,0.348992,0.41494,0.321928,0.536938,0.306318,0.615474,0.296651,0.689542
v4.mp4,d2a239a6e4f3e90337b286ddd60551b2893f378e713ab85db53263622b457388,1920,1080,12.03,350,29.083,127,10583,Left,0.38614,0.206799,0.358403,0.347115,0.346853,0.471003,0.328727,0.584876,0.314282,0.679555,0.420286,0.413165,0.439267,0.569744,0.450177,0.68429,0.461845,0.793105,0.477448,0.357516,0.524633,0.519057,0.559609,0.655147,0.591339,0.771994,0.520936,0.301508,0.587079,0.434968,0.637365,0.539535,0.681156,0.631402,0.549136,0.246848,0.593569,0.327787,0.62736,0.393058,0.656918,0.455272
v4.mp4,d2a239a6e4f3e90337b286ddd60551b2893f378e713ab85db53263622b457388,1920,1080,12.03,350,29.083,128,10666,Right,0.368817,0.197902,0.449894,0.259384,0.521506,0.337659,0.56374,0.431628,0.597628,0.510807,0.519367,0.338766,0.570971,0.489806,0.598804,0.589064,0.624647,0.684352,0.48033,0.364851,0.521352,0.52497,0.556171,0.664285,0.584129,0.786573,0.429917,0.381223,0.46406,0.533697,0.495497,0.653064,0.522556,0.761015,0.376086,0.385347,0.367027,0.498918,0.372186,0.577408,0.379632,0.653717
v4.mp4,d2a239a6e4f3e90337b286ddd60551b2893f378e713ab85db53263622b457388,1920,1080,12.03,350,29.083,129,10750,Right,0.388991,0.206879,0.490974,0.230278,0.576866,0.280795,0.636531,0.349314,0.69537,0.402371,0.547566,0.319974,0.602405,0.481107,0.637416,0.593327,0.667479,0.687802,0.486487,0.362907,0.524454,0.52861,0.556628,0.662162,0.584568,0.770926,0.419112,0.392034,0.436504,0.550033,0.458266,0.675334,0.479518,0.778595,0.351183,0.407492,0.323015,0.535722,0.305246,0.618177,0.293046,0.688027
v4.mp4,d2a239a6e4f3e90337b286ddd60551b2893f378e713ab85db53263622b457388,1920,1080,12.03,350,29.083,130,10833,Right,0.385758,0.199387,0.485965,0.225533,0.576108,0.279742,0.636709,0.350244,0.696114,0.417927,0.548985,0.326112,0.610655,0.493061,0.649721,0.596203,0.686809,0.686465,0.487252,0.368628,0.524063,0.535144,0.555421,0.663803,0.587608,0.775779,0.420647,0.398866,0.433081,0.556299,0.451464,0.678435,0.473519,0.785393,0.355123,0.416074,0.327494,0.538832,0.303497,0.616471,0.288233,0.687551
v4.mp4,d2a239a6e4f3e90337b286ddd60551b2893f378e713ab85db53263622b457388,1920,1080,12.03,350,29.083,131,10916,Right,0.386693,0.199356,0.487063,0.221439,0.57893,0.277394,0.639845,0.350155,0.699961,0.419423,0.548055,0.32607,0.61099,0.49015,0.649308,0.594377,0.68492,0.686458,0.485727,0.372649,0.523115,0.5335,0.554842,0.659703,0.587023,0.771099,0.419447,0.404461,0.431448,0.559462,0.451023,0.68042,0.472971,0.788145,0.354074,0.421465,0.326674,0.540542,0.303543,0.6159,0.289095,0.686684
v4.mp4,d2a239a6e4f3e90337b286ddd60551b2893f378e713ab85db53263622b457388,1920,1080,12.03,350,29.083,132,11000,Right,0.38441,0.201051,0.484591,0.214056,0.577513,0.27133,0.639093,0.35199,0.698066,0.419635,0.540499,0.316852,0.599316,0.45362,0.634789,0.535194,0.669324,0.61109,0.480832,0.368054,0.519585,0.5257,0.552437,0.653023,0.581984,0.766953,0.415572,0.405137,0.428999,0.558415,0.446333,0.677238,0.463834,0.782571,0.350793,0.425579,0.322823,0.544138,0.30296,0.619819,0.291297,0.689318
v4.mp4,d2a239a6e4f3e90337b286ddd60551b2893f378e713ab85db53263622b457388,1920,1080,12.03,350,29.083,133,11083,Right,0.382934,0.195848,0.485442,0.226674,0.580701,0.293847,0.643338,0.373041,0.704691,0.439744,0.541687,0.317841,0.603353,0.429278,0.648546,0.490249,0.695321,0.546922,0.482138,0.361991,0.521862,0.520595,0.552713,0.64929,0.582543,0.768528,0.419789,0.397875,0.43359,0.554081,0.446475,0.67027,0.462909,0.776863,0.360162,0.421161,0.329873,0.544807,0.306951,0.619904,0.292608,0.692425
v4.mp4,d2a239a6e4f3e90337b286ddd60551b2893f378e713ab85db53263622b457388,1920,1080,12.03,350,29.083,134,11166,Right,0.381152,0.198841,0.48487,0.217595,0.573718,0.285353,0.631173,0.373597,0.684623,0.446088,0.542727,0.324392,0.602324,0.439743,0.640919,0.509587,0.679049,0.576183,0.484102,0.370487,0.521022,0.521054,0.553176,0.646234,0.581994,0.759053,0.419094,0.40468,0.431445,0.551778,0.448913,0.663177,0.466495,0.762411,0.355065,0.423549,0.324564,0.545037,0.306399,0.621144,0.295945,0.691453
v4.mp4,d2a239a6e4f3e90337b286ddd60551b2893f378e713ab85db53263622b457388,1920,1080,12.03,350,29.083,135,11250,Right,0.386264,0.198932,0.485718,0.23047,0.569781,0.28597,0.630499,0.365933,0.689167,0.436733,0.543255,0.321219,0.603133,0.49199,0.644301,0.597669,0.679048,0.687344,0.484752,0.365287,0.526913,0.525647,0.558955,0.650738,0.586393,0.760107,0.421546,0.396313,0.438053,0.548099,0.454824,0.668172,0.471414,0.774573,0.36012,0.413822,0.328483,0.537337,0.306582,0.616207,0.29326,0.690626
v4.mp4,d2a239a6e4f3e90337b286ddd60551b2893f378e713ab85db53263622b457388,1920,1080,12.03,350,29.083,136,11333,Right,0.387928,0.201675,0.48758,0.23043,0.571412,0.285854,0.629837,0.367234,0.688402,0.439306,0.545468,0.325535,0.606734,0.495576,0.647559,0.601082,0.682511,0.692037,0.487368,0.365643,0.528276,0.527116,0.561061,0.654876,0.589794,0.765575,0.424316,0.393537,0.439356,0.546081,0.455299,0.669582,0.471075,0.778164,0.36304,0.4098,0.333151,0.530335,0.3096,0.606967,0.29463,0.678439
v4.mp4,d2a239a6e4f3e90337b286ddd60551b2893f378e713ab85db53263622b457388,1920,1080,12.03,350,29.083,137,11416,Right,0.385599,0.202279,0.486538,0.229976,0.571609,0.282701,0.628976,0.361692,0.687832,0.43432,0.545655,0.328758,0.605219,0.492999,0.645398,0.595991,0.681399,0.683816,0.486922,0.37092,0.526092,0.533049,0.559981,0.65885,0.591098,0.769781,0.423557,0.399711,0.437475,0.54946,0.456138,0.670768,0.474353,0.780173,0.361537,0.417421,0.331691,0.537783,0.306867,0.615936,0.291254,0.690524
v4.mp4,d2a239a6e4f3e90337b286ddd60551b2893f378e713ab85db53263622b457388,1920,1080,12.03,350,29.083,138,11500,Right,0.383489,0.201928,0.47944,0.229789,0.566241,0.27317,0.632253,0.328263,0.702503,0.349193,0.540173,0.328825,0.603387,0.492053,0.645243,0.593163,0.682218,0.682796,0.483798,0.373451,0.524588,0.533494,0.558017,0.658957,0.587036,0.77347,0.422736,0.400966,0.435958,0.546881,0.451999,0.668076,0.464863,0.777726,0.363768,0.414743,0.335085,0.533361,0.311264,0.609126,0.294788,0.680869
v4.mp4,d2a239a6e4f3e90337b286ddd60551b2893f378e713ab85db53263622b457388,1920,1080,12.03,350,29.083,139,11583,Right,0.37848,0.193608,0.475947,0.222205,0.561622,0.264123,0.622076,0.31466,0.683818,0.346787,0.542558,0.327532,0.602712,0.496873,0.645706,0.599438,0.685675,0.684391,0.483281,0.368698,0.522845,0.533856,0.554238,0.662629,0.584253,0.774614,0.418714,0.396375,0.436046,0.549077,0.452148,0.672672,0.468693,0.781184,0.355195,0.411574,0.330966,0.529658,0.31221,0.600603,0.299124,0.66631
v4.mp4,d2a239a6e4f3e90337b286ddd60551b2893f378e713ab85db53263622b457388,1920,1080,12.03,350,29.083,140,11666,Right,0.384815,0.200449,0.486963,0.22841,0.578088,0.28287,0.637801,0.352894,0.702174,0.409886,0.548006,0.328425,0.607592,0.502294,0.647594,0.604643,0.686257,0.692379,0.4849,0.369903,0.522097,0.533907,0.55495,0.660028,0.588449,0.772351,0.418759,0.400102,0.432842,0.5546,0.451826,0.674403,0.471625,0.778995,0.354568,0.418894,0.328789,0.540646,0.305354,0.615257,0.29002,0.68329
v4.mp4,d2a239a6e4f3e90337b286ddd60551b2893f378e713ab85db53263622b457388,1920,1080,12.03,350,29.083,141,11750,Right,0.385381,0.204354,0.487624,0.235078,0.579649,0.295838,0.640304,0.369905,0.708237,0.430176,0.547376,0.331624,0.609781,0.499899,0.649109,0.607154,0.684662,0.701492,0.485212,0.374157,0.521621,0.538958,0.555728,0.666605,0.590492,0.782003,0.421299,0.403699,0.431254,0.559624,0.451773,0.681834,0.47307,0.791914,0.358526,0.421821,0.328705,0.539287,0.302738,0.614942,0.287536,0.687367
v4.mp4,d2a239a6e4f3e90337b286ddd60551b2893f378e713ab85db53263622b457388,1920,1080,12.03,350,29.083,142,11833,Right,0.382043,0.201524,0.482387,0.231119,0.56979,0.27715,0.631483,0.334617,0.69276,0.378549,0.545654,0.326727,0.60534,0.49307,0.642313,0.604301,0.673633,0.698549,0.486657,0.368175,0.525039,0.529448,0.55675,0.659345,0.585644,0.772776,0.423658,0.396565,0.437923,0.547236,0.455012,0.673039,0.472354,0.787106,0.361539,0.413228,0.332902,0.532943,0.309745,0.608809,0.294021,0.681461
v4.mp4,d2a239a6e4f3e90337b286ddd60551b2893f378e713ab85db53263622b457388,1920,1080,12.03,350,29.083,143,11916,Right,0.379637,0.198112,0.477583,0.226824,0.565373,0.273711,0.631614,0.329132,0.702842,0.34274,0.541191,0.326209,0.603595,0.496768,0.646602,0.597167,0.686474,0.681388,0.483044,0.367761,0.52331,0.532734,0.556686,0.657892,0.586586,0.769993,0.421192,0.396753,0.436796,0.546922,0.454751,0.672118,0.469419,0.784359,0.361974,0.415699,0.334644,0.539265,0.310008,0.615797,0.292993,0.687597
v4.mp4,d2a239a6e4f3e90337b286ddd60551b2893f378e713ab85db53263622b457388,1920,1080,12.03,350,29.083,144,12000,Right,0.382705,0.196944,0.481591,0.229749,0.567521,0.27965,0.624311,0.3434,0.680813,0.394717,0.54847,0.327013,0.607185,0.50457,0.646929,0.611317,0.68432,0.69959,0.488786,0.361054,0.52623,0.530416,0.557633,0.659405,0.588283,0.77045,0.423411,0.38751,0.436904,0.545062,0.454105,0.669733,0.472039,0.778181,0.358703,0.406358,0.331525,0.536201,0.30749,0.617992,0.289494,0.69117
v4.mp4,d2a239a6e4f3e90337b286ddd60551b2893f378e713ab85db53263622b457388,1920,1080,12.03,350,29.083,145,12083,Right,0.382881,0.19789,0.484143,0.230307,0.571164,0.289975,0.633538,0.368341,0.699531,0.430258,0.545777,0.325262,0.60914,0.495698,0.650751,0.602955,0.68895,0.694688,0.487036,0.365861,0.527113,0.536608,0.559731,0.666999,0.590557,0.779947,0.423506,0.394622,0.438794,0.547776,0.456054,0.670548,0.473632,0.778819,0.361337,0.413539,0.333167,0.53366,0.308051,0.611421,0.291573,0.68444
v4.mp4,d2a239a6e4f3e90337b286ddd60551b2893f378e713ab85db53263622b457388,1920,1080,12.03,350,29.083,146,12166,Right,0.385148,0.203127,0.487281,0.234802,0.574889,0.29093,0.635217,0.368571,0.701908,0.428967,0.547207,0.32732,0.608716,0.495003,0.649816,0.600871,0.687244,0.692839,0.487839,0.367209,0.525849,0.531811,0.559119,0.659863,0.590893,0.774836,0.424621,0.395889,0.436641,0.547034,0.454643,0.668631,0.472059,0.77753,0.363264,0.41605,0.334901,0.535892,0.308959,0.611708,0.292532,0.684174
v4.mp4,d2a239a6e4f3e90337b286ddd60551b2893f378e713ab85db53263622b457388,1920,1080,12.03,350,29.083,147,12250,Right,0.383056,0.203793,0.482676,0.231804,0.571865,0.279263,0.634862,0.340244,0.698705,0.381588,0.546338,0.327562,0.602212,0.497037,0.6373,0.606645,0.669259,0.697146,0.485264,0.371213,0.52398,0.533944,0.555536,0.659571,0.585594,0.768218,0.420893,0.401256,0.438354,0.549342,0.458221,0.672323,0.478611,0.783344,0.357406,0.419908,0.330291,0.535959,0.307445,0.609813,0.291873,0.681055
v4.mp4,d2a239a6e4f3e90337b286ddd60551b2893f378e713ab85db53263622b457388,1920,1080,12.03,350,29.083,148,12333,Right,0.380379,0.199589,0.479771,0.231246,0.568588,0.272858,0.631257,0.322355,0.700237,0.340791,0.544723,0.327047,0.60482,0.496852,0.647476,0.601635,0.68526,0.688987,0.484734,0.369377,0.523296,0.535758,0.556668,0.664971,0.587756,0.77917,0.422306,0.399051,0.436691,0.550015,0.454522,0.672992,0.470616,0.782468,0.361569,0.418288,0.335365,0.534109,0.311196,0.606272,0.294906,0.674238
v4.mp4,d2a239a6e4f3e90337b286ddd60551b2893f378e713ab85db53263622b457388,1920,1080,12.03,350,29.083,149,12416,Right,0.384803,0.196088,0.484806,0.230522,0.573773,0.289334,0.634718,0.361142,0.699652,0.417982,0.547756,0.330881,0.60551,0.501349,0.645157,0.606126,0.682914,0.696006,0.487149,0.36716,0.525192,0.52943,0.557126,0.659924,0.588459,0.775832,0.423028,0.394315,0.438229,0.546733,0.455973,0.672948,0.473626,0.78426,0.361387,0.411639,0.33518,0.535692,0.310595,0.613428,0.292808,0.685556
v4.mp4,d2a239a6e4f3e90337b286ddd60551b2893f378e713ab85db53263622b457388,1920,1080,12.03,350,29.083,150,12500,Right,0.38496,0.203284,0.487407,0.236864,0.574647,0.290283,0.636698,0.363958,0.703052,0.423623,0.547426,0.330579,0.607927,0.492995,0.648033,0.598513,0.683959,0.690766,0.488633,0.369443,0.52725,0.530332,0.560934,0.659755,0.591171,0.774761,0.425452,0.39632,0.43746,0.545438,0.454289,0.669281,0.470216,0.78131,0.364175,0.414153,0.335575,0.534239,0.310273,0.611401,0.294477,0.685428
v4.mp4,d2a239a6e4f3e90337b286ddd60551b2893f378e713ab85db53263622b457388,1920,1080,12.03,350,29.083,151,12583,Right,0.384267,0.203052,0.485149,0.233516,0.572666,0.288279,0.634744,0.363654,0.6997,0.422176,0.545511,0.329663,0.605543,0.491834,0.645929,0.594971,0.683079,0.681869,0.48651,0.37,0.527133,0.534176,0.559936,0.662256,0.589964,0.773981,0.422791,0.398062,0.439634,0.546816,0.457668,0.671982,0.475459,0.784602,0.360821,0.416789,0.333795,0.537052,0.308942,0.614052,0.292732,0.686878
v4.mp4,d2a239a6e4f3e90337b286ddd60551b2893f378e713ab85db53263622b457388,1920,1080,12.03,350,29.083,152,12666,Right,0.381819,0.189305,0.481947,0.219831,0.570481,0.285078,0.634241,0.364732,0.696851,0.420216,0.54544,0.329456,0.605234,0.491887,0.64601,0.594316,0.682139,0.682814,0.487378,0.364753,0.52748,0.530678,0.559215,0.65762,0.587072,0.767274,0.422328,0.390835,0.435033,0.545084,0.447756,0.677033,0.460902,0.793322,0.358868,0.407221,0.334284,0.536103,0.31111,0.614832,0.294173,0.686445
v4.mp4,d2a239a6e4f3e90337b286ddd60551b2893f378e713ab85db53263622b457388,1920,1080,12.03,350,29.083,153,12750,Right,0.384281,0.181355,0.480938,0.227441,0.567474,0.285091,0.632105,0.361326,0.697669,0.419404,0.547549,0.331641,0.604666,0.501556,0.645068,0.606171,0.680723,0.705395,0.491974,0.361542,0.529764,0.512033,0.563471,0.631381,0.591766,0.742285,0.426951,0.382882,0.422122,0.524192,0.422922,0.638489,0.423214,0.740524,0.36396,0.397373,0.338603,0.524503,0.315403,0.599824,0.299562,0.670349
v4.mp4,d2a239a6e4f3e90337b286ddd60551b2893f378e713ab85db53263622b457388,1920,1080,12.03,350,29.083,154,12833,Right,0.385764,0.183278,0.484314,0.23107,0.574688,0.288796,0.640612,0.360677,0.706195,0.419569,0.549614,0.33981,0.609284,0.503463,0.65274,0.600368,0.694309,0.692313,0.492525,0.36781,0.529975,0.527632,0.563625,0.65317,0.592972,0.768436,0.427284,0.386999,0.418606,0.533768,0.419247,0.650045,0.419266,0.752405,0.36589,0.398494,0.340284,0.528057,0.316432,0.605941,0.300938,0.678165
v4.mp4,d2a239a6e4f3e90337b286ddd60551b2893f378e713ab85db53263622b457388,1920,1080,12.03,350,29.083,155,12916,Right,0.384484,0.178798,0.483617,0.222216,0.574144,0.284819,0.6393,0.363772,0.703882,0.426633,0.54704,0.340102,0.610345,0.506246,0.655411,0.602178,0.699122,0.689461,0.489248,0.367109,0.531655,0.529489,0.566416,0.653676,0.598753,0.765267,0.423333,0.383501,0.421886,0.553533,0.425211,0.691634,0.429202,0.810489,0.362206,0.390463,0.339195,0.530524,0.316256,0.613462,0.301724,0.689416
v4.mp4,d2a239a6e4f3e90337b286ddd60551b2893f378e713ab85db53263622b457388,1920,1080,12.03,350,29.083,156,13000,Right,0.385684,0.185217,0.484712,0.228429,0.575736,0.28935,0.639963,0.365168,0.706534,0.427758,0.550094,0.338876,0.611521,0.507478,0.654645,0.602898,0.696068,0.692761,0.490648,0.371807,0.533339,0.528127,0.567974,0.650053,0.600468,0.762355,0.424458,0.395105,0.424741,0.564874,0.427803,0.695745,0.433613,0.810953,0.362544,0.409203,0.336805,0.541245,0.310932,0.618794,0.295083,0.69303
v4.mp4,d2a239a6e4f3e90337b286ddd60551b2893f378e713ab85db53263622b457388,1920,1080,12.03,350,29.083,157,13083,Right,0.387924,0.190744,0.487495,0.23408,0.578799,0.29245,0.642135,0.363533,0.707831,0.420759,0.549752,0.342018,0.610351,0.504712,0.651953,0.600266,0.692301,0.689179,0.489661,0.376375,0.532355,0.529481,0.565991,0.652394,0.597869,0.765705,0.423835,0.399617,0.425311,0.566509,0.430262,0.697187,0.437768,0.813171,0.362385,0.412765,0.336135,0.54081,0.310881,0.618094,0.295156,0.693438
v4.mp4,d2a239a6e4f3e90337b286ddd60551b2893f378e713ab85db53263622b457388,1920,1080,12.03,350,29.083,158,13166,Right,0.387424,0.189866,0.486549,0.23199,0.579464,0.292988,0.643821,0.365084,0.709675,0.423993,0.548249,0.338432,0.609758,0.503783,0.651978,0.600864,0.691869,0.690218,0.487935,0.37354,0.531687,0.527593,0.565031,0.652834,0.595676,0.766521,0.422248,0.399592,0.427053,0.564866,0.431992,0.694797,0.43966,0.810059,0.36119,0.41599,0.33562,0.540674,0.310176,0.616375,0.294091,0.690585
v4.mp4,d2a239a6e4f3e90337b286ddd60551b2893f378e713ab85db53263622b457388,1920,1080,12.03,350,29.083,159,13250,Right,0.388674,0.190813,0.488167,0.227891,0.583018,0.288951,0.647994,0.361526,0.712913,0.42018,0.551096,0.336706,0.610763,0.502466,0.650864,0.599432,0.68958,0.689151,0.489163,0.373518,0.531036,0.527127,0.563286,0.652887,0.594147,0.766857,0.421947,0.400805,0.427283,0.565198,0.431281,0.69298,0.439296,0.806372,0.359339,0.417326,0.333662,0.543298,0.308374,0.617429,0.292189,0.689241
v4.mp4,d2a239a6e4f3e90337b286ddd60551b2893f378e713ab85db53263622b457388,1920,1080,12.03,350,29.083,160,13333,Right,0.38262,0.194834,0.479882,0.227194,0.568362,0.306268,0.625905,0.398695,0.677668,0.471979,0.544332,0.323866,0.600007,0.472798,0.631813,0.564072,0.661306,0.653239,0.486197,0.365513,0.528761,0.51559,0.562996,0.646963,0.59124,0.768635,0.419063,0.402271,0.425698,0.560083,0.431228,0.68221,0.437819,0.791299,0.353553,0.426797,0.329716,0.548491,0.311655,0.617885,0.301228,0.684363
v4.mp4,d2a239a6e4f3e90337b286ddd60551b2893f378e713ab85db53263622b457388,1920,1080,12.03,350,29.083,161,13416,Right,0.386977,0.210328,0.487655,0.249538,0.56951,0.322174,0.617308,0.405118,0.662632,0.476851,0.547785,0.340189,0.606337,0.420067,0.655056,0.454279,0.70652,0.489327,0.489854,0.365795,0.526425,0.515994,0.563446,0.6375,0.596393,0.749425,0.426405,0.396333,0.420497,0.564469,0.426326,0.686163,0.432912,0.792451,0.36531,0.425373,0.332448,0.556503,0.306414,0.625853,0.290495,0.69042
v4.mp4,d2a239a6e4f3e90337b286ddd60551b2893f378e713ab85db53263622b457388,1920,1080,12.03,350,29.083,162,13500,Right,0.386885,0.209672,0.486946,0.244937,0.570518,0.308438,0.626022,0.381323,0.683336,0.431607,0.547806,0.342788,0.606951,0.431369,0.652705,0.470008,0.701966,0.511859,0.490085,0.373083,0.526595,0.51681,0.561222,0.634683,0.592515,0.744902,0.425948,0.400136,0.419879,0.565132,0.42488,0.684426,0.430379,0.788252,0.365155,0.424736,0.335743,0.552018,0.311067,0.621507,0.295246,0.687045
v4.mp4,d2a239a6e4f3e90337b286ddd60551b2893f378e713ab85db53263622b457388,1920,1080,12.03,350,29.083,163,13583,Right,0.390502,0.206639,0.492455,0.246131,0.578717,0.299385,0.63833,0.366299,0.698897,0.409655,0.557353,0.345237,0.610837,0.50368,0.650778,0.597458,0.690769,0.68112,0.496405,0.373707,0.530241,0.527892,0.563069,0.651621,0.593329,0.762932,0.426861,0.395064,0.422886,0.563082,0.427119,0.689844,0.433172,0.797335,0.361559,0.412309,0.333065,0.541923,0.31028,0.616327,0.294101,0.686089
v4.mp4,d2a239a6e4f3e90337b286ddd60551b2893f378e713ab85db53263622b457388,1920,1080,12.03,350,29.083,164,13666,Right,0.391489,0.201238,0.492648,0.241521,0.582173,0.297017,0.641175,0.365751,0.706892,0.427059,0.554949,0.35191,0.611639,0.514669,0.654743,0.610112,0.697218,0.697276,0.493902,0.383943,0.530397,0.529809,0.564881,0.649978,0.599102,0.764758,0.428754,0.407137,0.426287,0.566133,0.433182,0.692646,0.441617,0.807225,0.366943,0.424531,0.340409,0.539924,0.313501,0.610901,0.297394,0.685343
v4.mp4,d2a239a6e4f3e90337b286ddd60551b2893f378e713ab85db53263622b457388,1920,1080,12.03,350,29.083,165,13750,Right,0.392068,0.200994,0.492082,0.237786,0.586931,0.293754,0.648969,0.35662,0.713897,0.412719,0.554632,0.34787,0.611792,0.51403,0.652417,0.610828,0.693367,0.698108,0.490451,0.38114,0.52866,0.531652,0.562658,0.652855,0.5986,0.76695,0.423458,0.406281,0.425208,0.566756,0.432683,0.695106,0.443286,0.810954,0.361399,0.425167,0.337744,0.545232,0.311881,0.617582,0.296971,0.690717
v4.mp4,d2a239a6e4f3e90337b286ddd60551b2893f378e713ab85db53263622b457388,1920,1080,12.03,350,29.083,166,13833,Right,0.385193,0.194469,0.487654,0.226922,0.579132,0.296138,0.636394,0.378479,0.693103,0.441711,0.555655,0.330017,0.6153,0.490307,0.655831,0.581222,0.694835,0.668445,0.491403,0.36962,0.529844,0.519725,0.564136,0.646875,0.596462,0.767448,0.420149,0.404556,0.425568,0.562284,0.433688,0.688523,0.442862,0.802377,0.351238,0.430118,0.329668,0.548479,0.309546,0.617252,0.297354,0.685651
v4.mp4,d2a239a6e4f3e90337b286ddd60551b2893f378e713ab85db53263622b457388,1920,1080,12.03,350,29.083,167,13916,Right,0.386514,0.194909,0.487713,0.238664,0.579985,0.306718,0.642519,0.382087,0.707321,0.439942,0.54764,0.326439,0.608919,0.429075,0.656606,0.481439,0.705492,0.536931,0.490756,0.367167,0.528118,0.520356,0.559926,0.644201,0.588589,0.761319,0.427579,0.402091,0.425496,0.563916,0.426634,0.687067,0.430553,0.79903,0.366968,0.425793,0.33625,0.548999,0.309985,0.618992,0.293433,0.688032
v4.mp4,d2a239a6e4f3e90337b286ddd60551b2893f378e713ab85db53263622b457388,1920,1080,12.03,350,29.083,168,14000,Right,0.387389,0.201659,0.487299,0.238598,0.57122,0.309678,0.628156,0.388381,0.683929,0.445675,0.549171,0.338297,0.60698,0.451802,0.646369,0.518756,0.683077,0.590178,0.492517,0.376375,0.532461,0.514402,0.564751,0.639875,0.589396,0.755765,0.426201,0.406615,0.428958,0.560783,0.433335,0.680287,0.43815,0.786798,0.361057,0.426617,0.329616,0.55439,0.309518,0.626335,0.295718,0.693438
v4.mp4,d2a239a6e4f3e90337b286ddd60551b2893f378e713ab85db53263622b457388,1920,1080,12.03,350,29.083,169,14083,Right,0.390072,0.201733,0.489793,0.247282,0.578398,0.300307,0.640658,0.364321,0.70608,0.414063,0.554491,0.345635,0.61196,0.500027,0.655287,0.594277,0.6963,0.681413,0.495423,0.376925,0.530483,0.531663,0.56277,0.652438,0.594506,0.765241,0.429446,0.397989,0.424811,0.56659,0.42695,0.691494,0.431631,0.802424,0.366149,0.409822,0.335987,0.535562,0.310111,0.60934,0.292566,0.682287
v4.mp4,d2a239a6e4f3e90337b286ddd60551b2893f378e713ab85db53263622b457388,1920,1080,12.03,350,29.083,170,14166,Right,0.388243,0.197117,0.487905,0.233589,0.578998,0.292508,0.640288,0.363781,0.705983,0.423554,0.552644,0.349468,0.613487,0.506172,0.655241,0.602233,0.695612,0.691421,0.491188,0.38325,0.529115,0.532017,0.564558,0.653348,0.599871,0.768234,0.425232,0.40612,0.426338,0.565606,0.435172,0.692866,0.44685,0.809196,0.363101,0.422879,0.337704,0.540916,0.311571,0.612937,0.297241,0.686556
v4.mp4,d2a239a6e4f3e90337b286ddd60551b2893f378e713ab85db53263622b457388,1920,1080,12.03,350,29.083,171,14250,Right,0.39082,0.195695,0.490531,0.236007,0.582958,0.29421,0.646616,0.36239,0.711083,0.420207,0.552103,0.343364,0.61248,0.505747,0.652964,0.604194,0.690919,0.695075,0.490063,0.376545,0.530524,0.527955,0.563788,0.652436,0.595382,0.766363,0.423275,0.400743,0.428452,0.560758,0.435384,0.690297,0.444561,0.806324,0.360853,0.416505,0.336659,0.540535,0.31182,0.615501,0.296455,0.688541
v4.mp4,d2a239a6e4f3e90337b286ddd60551b2893f378e713ab85db53263622b457388,1920,1080,12.03,350,29.083,172,14333,Right,0.388691,0.192347,0.488244,0.235899,0.581631,0.297282,0.645215,0.366269,0.711157,0.424346,0.551535,0.341919,0.612285,0.506177,0.65489,0.603852,0.695592,0.695482,0.490273,0.373566,0.530405,0.525817,0.56354,0.650711,0.59578,0.767803,0.424033,0.399449,0.427494,0.559692,0.433095,0.68884,0.440002,0.80545,0.362689,0.417776,0.336361,0.539942,0.310541,0.612815,0.293847,0.685589
v4.mp4,d2a239a6e4f3e90337b286ddd60551b2893f378e713ab85db53263622b457388,1920,1080,12.03,350,29.083,173,14416,Right,0.389659,0.19485,0.488241,0.233887,0.58201,0.293788,0.645636,0.363532,0.709711,0.422914,0.550778,0.341477,0.611494,0.505277,0.653014,0.60018,0.693388,0.687999,0.488657,0.37477,0.529005,0.526913,0.562229,0.651112,0.594841,0.765697,0.422173,0.401294,0.427032,0.562122,0.433665,0.689815,0.442957,0.804354,0.361072,0.42003,0.336033,0.542994,0.310689,0.613955,0.294727,0.683995
v4.mp4,d2a239a6e4f3e90337b286ddd60551b2893f378e713ab85db53263622b457388,1920,1080,12.03,350,29.083,174,14500,Right,0.387789,0.196574,0.48904,0.227993,0.584879,0.290424,0.647887,0.362992,0.710881,0.42422,0.554382,0.330009,0.616827,0.483387,0.659038,0.569978,0.699415,0.654109,0.491441,0.369922,0.528755,0.520832,0.561315,0.643016,0.592743,0.760324,0.422683,0.403423,0.426319,0.558957,0.432107,0.681666,0.439607,0.793478,0.357589,0.427037,0.332056,0.546,0.307361,0.615207,0.29157,0.683382
v4.mp4,d2a239a6e4f3e90337b286ddd60551b2893f378e713ab85db53263622b457388,1920,1080,12.03,350,29.083,175,14583,Right,0.381973,0.193662,0.482734,0.22098,0.569581,0.305873,0.619956,0.403969,0.664459,0.481938,0.54715,0.320526,0.611134,0.424572,0.652396,0.480985,0.693563,0.538986,0.488316,0.358634,0.526779,0.51656,0.558677,0.649862,0.587042,0.769837,0.422724,0.395965,0.432855,0.557651,0.440609,0.673804,0.451809,0.774368,0.358218,0.424556,0.333139,0.553027,0.312041,0.622577,0.298398,0.685254
v4.mp4,d2a239a6e4f3e90337b286ddd60551b2893f378e713ab85db53263622b457388,1920,1080,12.03,350,29.083,176,14666,Right,0.392563,0.20542,0.491667,0.239496,0.580586,0.295159,0.644467,0.361817,0.709529,0.407824,0.552478,0.340067,0.610064,0.483562,0.652126,0.573233,0.691533,0.656912,0.492934,0.376809,0.529409,0.522539,0.562559,0.640876,0.592944,0.748643,0.426004,0.401345,0.424159,0.566724,0.428666,0.688906,0.434115,0.796016,0.360961,0.415523,0.333392,0.542822,0.310958,0.614983,0.294239,0.684257
v4.mp4,d2a239a6e4f3e90337b286ddd60551b2893f378e713ab85db53263622b457388,1920,1080,12.03,350,29.083,177,14750,Right,0.389856,0.193205,0.489191,0.234236,0.578418,0.292364,0.640491,0.364869,0.706688,0.42718,0.552302,0.341765,0.613936,0.507163,0.6574,0.604125,0.698918,0.695608,0.491183,0.375706,0.530563,0.527694,0.564187,0.648922,0.59718,0.762662,0.424682,0.400923,0.426079,0.560215,0.43253,0.689194,0.440371,0.804623,0.363017,0.417722,0.337937,0.540419,0.312273,0.613411,0.296369,0.685114
v4.mp4,d2a239a6e4f3e90337b286ddd60551b2893f378e713ab85db53263622b457388,1920,1080,12.03,350,29.083,178,14833,Right,0.391753,0.195699,0.490512,0.236863,0.579566,0.296238,0.641924,0.366992,0.706849,0.427499,0.551474,0.342683,0.611803,0.505444,0.653468,0.604336,0.691782,0.696012,0.490852,0.374861,0.530997,0.526326,0.564434,0.648902,0.595943,0.761955,0.424863,0.398946,0.428551,0.55898,0.434486,0.688683,0.442633,0.806317,0.362678,0.415358,0.338047,0.54014,0.313179,0.615684,0.297766,0.690683
v4.mp4,d2a239a6e4f3e90337b286ddd60551b2893f378e713ab85db53263622b457388,1920,1080,12.03,350,29.083,179,14916,Right,0.388851,0.192737,0.488569,0.235054,0.578721,0.294325,0.641535,0.365687,0.706639,0.425699,0.550662,0.340879,0.611283,0.504143,0.653604,0.602886,0.69278,0.693604,0.490395,0.374084,0.531705,0.526011,0.565447,0.650111,0.596712,0.763133,0.424484,0.398956,0.428653,0.56021,0.434705,0.69067,0.442936,0.807379,0.36201,0.415783,0.33749,0.541151,0.312452,0.61659,0.296529,0.68982
v4.mp4,d2a239a6e4f3e90337b286ddd60551b2893f378e713ab85db53263622b457388,1920,1080,12.03,350,29.083,180,15000,Right,0.385852,0.186491,0.484573,0.228171,0.573786,0.287445,0.63731,0.360498,0.701172,0.424983,0.551341,0.340274,0.613564,0.502184,0.657642,0.599736,0.69753,0.691733,0.493601,0.374129,0.533828,0.52632,0.566247,0.64916,0.595317,0.762677,0.427812,0.397408,0.430103,0.556679,0.434132,0.6858,0.440507,0.801831,0.364163,0.411076,0.33845,0.537249,0.313153,0.612469,0.296704,0.684989
v4.mp4,d2a239a6e4f3e90337b286ddd60551b2893f378e713ab85db53263622b457388,1920,1080,12.03,350,29.083,181,15083,Right,0.387004,0.183537,0.484491,0.219141,0.574637,0.292527,0.638981,0.37186,0.705023,0.431502,0.550395,0.324382,0.612432,0.492609,0.657415,0.590012,0.698961,0.681715,0.492938,0.356635,0.529097,0.491269,0.563855,0.594763,0.596602,0.691274,0.428301,0.387918,0.428934,0.554754,0.431307,0.677217,0.43833,0.786171,0.365029,0.412739,0.340873,0.545234,0.313517,0.613529,0.294487,0.680455
v4.mp4,d2a239a6e4f3e90337b286ddd60551b2893f378e713ab85db53263622b457388,1920,1080,12.03,350,29.083,182,15166,Right,0.388973,0.189984,0.489059,0.220366,0.580255,0.294056,0.6408,0.368966,0.705589,0.429671,0.551479,0.322884,0.61396,0.484131,0.660033,0.580833,0.703224,0.674425,0.492357,0.359448,0.526897,0.464024,0.562903,0.550483,0.599185,0.639375,0.427532,0.39815,0.425272,0.55346,0.429875,0.676246,0.437727,0.787366,0.363567,0.434437,0.341728,0.553294,0.312391,0.61463,0.29233,0.681266
v4.mp4,d2a239a6e4f3e90337b286ddd60551b2893f378e713ab85db53263622b457388,1920,1080,12.03,350,29.083,183,15250,Right,0.39102,0.189852,0.48883,0.228309,0.578622,0.298545,0.638482,0.371495,0.704419,0.431973,0.553119,0.330955,0.617485,0.489432,0.665246,0.587563,0.711215,0.679864,0.494857,0.362838,0.531191,0.459577,0.567208,0.543908,0.603374,0.633261,0.430508,0.396697,0.423806,0.548826,0.425723,0.675458,0.42994,0.789876,0.367341,0.431339,0.34514,0.550627,0.315023,0.61321,0.294633,0.68079
v4.mp4,d2a239a6e4f3e90337b286ddd60551b2893f378e713ab85db53263622b457388,1920,1080,12.03,350,29.083,184,15333,Right,0.38561,0.184793,0.48079,0.220161,0.57236,0.288138,0.637502,0.367197,0.702871,0.421841,0.548884,0.342053,0.604642,0.529405,0.641678,0.646209,0.674422,0.753661,0.49157,0.369528,0.532235,0.502221,0.569619,0.60586,0.600489,0.701105,0.426616,0.393717,0.430715,0.556575,0.435642,0.684799,0.441383,0.800084,0.361787,0.411705,0.341434,0.540018,0.316156,0.610156,0.296851,0.678244
v4.mp4,d2a239a6e4f3e90337b286ddd60551b2893f378e713ab85db53263622b457388,1920,1080,12.03,350,29.083,185,15416,Right,0.387097,0.188614,0.487174,0.217353,0.579921,0.276687,0.644426,0.351442,0.707171,0.410946,0.554046,0.332465,0.613937,0.498231,0.651259,0.597334,0.686304,0.689485,0.491215,0.376479,0.536562,0.527707,0.571581,0.654166,0.603219,0.767026,0.420813,0.407013,0.429094,0.569317,0.434222,0.695432,0.443008,0.808185,0.353336,0.424379,0.332053,0.544988,0.308993,0.616434,0.294349,0.684841
v4.mp4,d2a239a6e4f3e90337b286ddd60551b2893f378e713ab85db53263622b457388,1920,1080,12.03,350,29.083,186,15500,Right,0.383931,0.18541,0.484806,0.226327,0.579945,0.288026,0.646647,0.358392,0.713214,0.415243,0.554254,0.334892,0.615959,0.504113,0.659288,0.601944,0.700148,0.692379,0.492855,0.373612,0.535785,0.529724,0.5711,0.654869,0.604895,0.769698,0.424217,0.402585,0.427643,0.566648,0.431487,0.693245,0.439659,0.80831,0.358779,0.419661,0.331223,0.541736,0.305633,0.613774,0.289441,0.685979
v4.mp4,d2a239a6e4f3e90337b286ddd60551b2893f378e713ab85db53263622b457388,1920,1080,12.03,350,29.083,187,15583,Right,0.387146,0.182784,0.485598,0.225654,0.575202,0.290621,0.638989,0.368204,0.707795,0.430407,0.552701,0.332788,0.613198,0.504258,0.657969,0.602081,0.700589,0.696779,0.494598,0.364701,0.533874,0.501383,0.571114,0.606581,0.606828,0.7086,0.428179,0.392892,0.427515,0.55569,0.430262,0.681675,0.435714,0.796363,0.364516,0.413546,0.338822,0.541005,0.311595,0.610132,0.293407,0.680082
v4.mp4,d2a239a6e4f3e90337b286ddd60551b2893f378e713ab85db53263622b457388,1920,1080,12.03,350,29.083,188,15666,Right,0.39145,0.191287,0.488062,0.225577,0.578095,0.295004,0.639045,0.371388,0.707434,0.433491,0.551446,0.33098,0.616795,0.498148,0.665385,0.596033,0.711799,0.68953,0.493034,0.364437,0.532046,0.485372,0.570789,0.576246,0.610518,0.669947,0.428947,0.397763,0.424288,0.561859,0.426662,0.683337,0.432136,0.791862,0.366008,0.427579,0.341874,0.554088,0.31168,0.616261,0.291775,0.680329
v4.mp4,d2a239a6e4f3e90337b286ddd60551b2893f378e713ab85db53263622b457388,1920,1080,12.03,350,29.083,189,15750,Right,0.388052,0.183036,0.482433,0.217928,0.573204,0.290754,0.637781,0.369564,0.702927,0.422433,0.549518,0.343019,0.60304,0.531356,0.63949,0.649239,0.672124,0.757628,0.492653,0.371341,0.533717,0.505282,0.571398,0.6072,0.603176,0.700337,0.42702,0.395477,0.431346,0.55754,0.435857,0.679852,0.4436,0.789074,0.361094,0.412008,0.339566,0.543487,0.313931,0.613804,0.294321,0.679972
v4.mp4,d2a239a6e4f3e90337b286ddd60551b2893f378e713ab85db53263622b457388,1920,1080,12.03,350,29.083,190,15833,Right,0.389504,0.194301,0.489386,0.219074,0.581684,0.275151,0.646527,0.348296,0.706686,0.409961,0.555156,0.327782,0.613477,0.500886,0.646512,0.602123,0.677808,0.698734,0.491857,0.3782,0.542889,0.528289,0.581805,0.653317,0.617076,0.763874,0.420438,0.414848,0.429551,0.575373,0.435073,0.698339,0.444855,0.807784,0.351467,0.438448,0.329953,0.556182,0.30654,0.623879,0.291553,0.688833
v4.mp4,d2a239a6e4f3e90337b286ddd60551b2893f378e713ab85db53263622b457388,1920,1080,12.03,350,29.083,191,15916,Right,0.384665,0.185364,0.485182,0.232687,0.578246,0.297245,0.643814,0.365946,0.707574,0.421474,0.555301,0.330257,0.616163,0.501703,0.656424,0.600903,0.695565,0.693313,0.49419,0.367822,0.537798,0.528668,0.574573,0.653506,0.609728,0.768161,0.425418,0.397838,0.426267,0.566062,0.430027,0.694097,0.437371,0.811422,0.359319,0.417778,0.332965,0.540101,0.308274,0.614731,0.292321,0.689884
v4.mp4,d2a239a6e4f3e90337b286ddd60551b2893f378e713ab85db53263622b457388,1920,1080,12.03,350,29.083,192,16000,Right,0.389129,0.189879,0.48675,0.230875,0.579427,0.289516,0.644019,0.359724,0.710449,0.42111,0.551555,0.339243,0.613048,0.508188,0.655437,0.607795,0.695926,0.700015,0.490752,0.377155,0.536236,0.531075,0.574883,0.654749,0.612347,0.768962,0.424099,0.404326,0.428207,0.56776,0.433634,0.693929,0.443027,0.80853,0.361946,0.421759,0.337995,0.539603,0.311739,0.611032,0.295635,0.683864
v4.mp4,d2a239a6e4f3e90337b286ddd60551b2893f378e713ab85db53263622b457388,1920,1080,12.03,350,29.083,193,16083,Right,0.390452,0.195405,0.489501,0.227363,0.582956,0.285627,0.646942,0.357583,0.709525,0.419479,0.554079,0.328431,0.615313,0.497256,0.654931,0.598044,0.693057,0.691587,0.490177,0.371849,0.537088,0.526605,0.57562,0.653425,0.612781,0.768432,0.420347,0.405861,0.427094,0.570138,0.433619,0.696894,0.44364,0.80994,0.354417,0.429656,0.331991,0.549411,0.308614,0.620668,0.293245,0.691198
v4.mp4,d2a239a6e4f3e90337b286ddd60551b2893f378e713ab85db53263622b457388,1920,1080,12.03,350,29.083,194,16166,Right,0.389351,0.188805,0.488747,0.229639,0.583398,0.292615,0.649562,0.363143,0.714717,0.418916,0.556361,0.332486,0.617709,0.505286,0.658638,0.607088,0.697998,0.70157,0.493577,0.372747,0.53798,0.525334,0.574885,0.649432,0.610497,0.762769,0.423876,0.404451,0.427892,0.568919,0.432415,0.695669,0.441113,0.810857,0.357543,0.425391,0.333479,0.544295,0.308871,0.613909,0.292638,0.684976
v4.mp4,d2a239a6e4f3e90337b286ddd60551b2893f378e713ab85db53263622b457388,1920,1080,12.03,350,29.083,195,16250,Right,0.378575,0.194631,0.460932,0.255981,0.527956,0.361093,0.561139,0.474842,0.580268,0.571822,0.52545,0.355717,0.587443,0.489231,0.626827,0.564109,0.662368,0.639229,0.485875,0.370904,0.535859,0.520948,0.576421,0.649015,0.612093,0.764253,0.432393,0.384941,0.455133,0.539286,0.472589,0.652471,0.490849,0.750811,0.37554,0.396608,0.361135,0.523913,0.352113,0.595505,0.351157,0.662101
v4.mp4,d2a239a6e4f3e90337b286ddd60551b2893f378e713ab85db53263622b457388,1920,1080,12.03,350,29.083,196,16333,Right,0.383171,0.211728,0.466216,0.261949,0.533307,0.351674,0.56816,0.443293,0.596619,0.510954,0.530073,0.358113,0.591709,0.453298,0.633444,0.502645,0.674512,0.5578,0.489661,0.371027,0.540797,0.509863,0.579723,0.633574,0.61248,0.747341,0.435017,0.384645,0.459961,0.537459,0.475091,0.657439,0.489034,0.763372,0.378822,0.398372,0.36039,0.527419,0.351047,0.601102,0.347861,0.671643
v4.mp4,d2a239a6e4f3e90337b286ddd60551b2893f378e713ab85db53263622b457388,1920,1080,12.03,350,29.083,197,16416,Right,0.386433,0.212051,0.484164,0.234725,0.556057,0.3097,0.592571,0.39746,0.613841,0.470558,0.547585,0.347669,0.607254,0.448137,0.646469,0.500258,0.685908,0.554659,0.493385,0.372734,0.538569,0.508962,0.577755,0.626704,0.611547,0.734104,0.427986,0.398097,0.44511,0.549014,0.463317,0.662743,0.480371,0.763162,0.362531,0.425953,0.338211,0.56091,0.32314,0.633919,0.313385,0.702392
v4.mp4,d2a239a6e4f3e90337b286ddd60551b2893f378e713ab85db53263622b457388,1920,1080,12.03,350,29.083,198,16500,Right,0.38748,0.208094,0.488736,0.238022,0.562321,0.316474,0.599978,0.405407,0.622481,0.480384,0.552333,0.345065,0.616445,0.437888,0.657305,0.485257,0.69695,0.534721,0.495145,0.372379,0.539556,0.510173,0.577876,0.627173,0.612163,0.733939,0.426942,0.399139,0.434355,0.55165,0.44442,0.667999,0.456654,0.770652,0.359093,0.425824,0.331536,0.554163,0.310902,0.624347,0.298689,0.691086
v4.mp4,d2a239a6e4f3e90337b286ddd60551b2893f378e713ab85db53263622b457388,1920,1080,12.03,350,29.083,199,16583,Right,0.392623,0.208274,0.494678,0.234457,0.57899,0.292412,0.637857,0.365119,0.693832,0.421276,0.558036,0.338409,0.611537,0.488565,0.649503,0.583604,0.685683,0.671452,0.497452,0.377084,0.538843,0.522708,0.576631,0.648995,0.612058,0.765005,0.427018,0.403543,0.430639,0.554505,0.438613,0.680625,0.450293,0.795288,0.356969,0.423235,0.331916,0.538707,0.310793,0.611331,0.296659,0.684654
v4.mp4,d2a239a6e4f3e90337b286ddd60551b2893f378e713ab85db53263622b457388,1920,1080,12.03,350,29.083,200,16666,Right,0.392029,0.201453,0.492226,0.237151,0.58178,0.29551,0.644373,0.366392,0.707645,0.426423,0.555904,0.347385,0.617076,0.510566,0.661149,0.603934,0.702665,0.688333,0.494717,0.383399,0.536125,0.535254,0.57474,0.655484,0.611691,0.765444,0.427688,0.40797,0.429018,0.572016,0.434665,0.699076,0.445323,0.814842,0.364114,0.423127,0.339523,0.540114,0.313784,0.610982,0.297921,0.684105
v4.mp4,d2a239a6e4f3e90337b286ddd60551b2893f378e713ab85db53263622b457388,1920,1080,12.03,350,29.083,201,16750,Right,0.391563,0.197524,0.491586,0.228396,0.584835,0.286584,0.64838,0.356767,0.711534,0.415362,0.557272,0.341754,0.616147,0.511429,0.653869,0.613134,0.689445,0.707638,0.494028,0.381591,0.536236,0.528082,0.573252,0.64994,0.608511,0.761813,0.424806,0.411437,0.429564,0.570391,0.437517,0.695936,0.448427,0.810287,0.357941,0.430899,0.335314,0.549411,0.310817,0.620991,0.295361,0.692455
v4.mp4,d2a239a6e4f3e90337b286ddd60551b2893f378e713ab85db53263622b457388,1920,1080,12.03,350,29.083,202,16833,Right,0.388178,0.191828,0.488622,0.236022,0.580794,0.295559,0.643621,0.362236,0.709119,0.419078,0.555539,0.336805,0.616962,0.505828,0.660596,0.604004,0.702016,0.694851,0.4933,0.372425,0.535969,0.526237,0.573681,0.647661,0.610299,0.761392,0.424683,0.401226,0.428624,0.563481,0.435112,0.690217,0.444054,0.806532,0.358749,0.420922,0.335509,0.541129,0.310685,0.613297,0.294444,0.684999
v4.mp4,d2a239a6e4f3e90337b286ddd60551b2893f378e713ab85db53263622b457388,1920,1080,12.03,350,29.083,203,16916,Right,0.387019,0.197126,0.486772,0.222445,0.569483,0.27903,0.617537,0.361556,0.652107,0.433408,0.556539,0.3409,0.61147,0.514238,0.645003,0.619935,0.675136,0.71784,0.493314,0.381712,0.53626,0.527655,0.572749,0.649041,0.605351,0.758664,0.421793,0.413687,0.430535,0.571495,0.437894,0.695733,0.446257,0.806318,0.35147,0.435049,0.330303,0.553769,0.3087,0.623229,0.295313,0.691858
v4.mp4,d2a239a6e4f3e90337b286ddd60551b2893f378e713ab85db53263622b457388,1920,1080,12.03,350,29.083,204,17000,Right,0.381786,0.190904,0.476218,0.223562,0.563711,0.26643,0.634968,0.301174,0.705525,0.300195,0.543429,0.340915,0.611107,0.5028,0.661216,0.593652,0.706835,0.677704,0.490873,0.384237,0.53863,0.535229,0.577797,0.650315,0.611778,0.76048,0.427216,0.411112,0.427633,0.571323,0.426179,0.690366,0.428324,0.801645,0.365761,0.42378,0.337835,0.541307,0.309262,0.610403,0.289959,0.681968
v4.mp4,d2a239a6e4f3e90337b286ddd60551b2893f378e713ab85db53263622b457388,1920,1080,12.03,350,29.083,205,17083,Right,0.378052,0.185114,0.473937,0.215227,0.563945,0.260302,0.632757,0.300642,0.70111,0.297507,0.538828,0.342616,0.616078,0.506666,0.667832,0.592535,0.715425,0.672801,0.48554,0.385117,0.537952,0.538199,0.576817,0.654006,0.609875,0.762546,0.423099,0.410613,0.427216,0.57269,0.430272,0.693895,0.434585,0.800683,0.363968,0.421951,0.334652,0.550391,0.307727,0.623555,0.290621,0.69269
v4.mp4,d2a239a6e4f3e90337b286ddd60551b2893f378e713ab85db53263622b457388,1920,1080,12.03,350,29.083,206,17166,Right,0.375199,0.183391,0.473951,0.218988,0.55849,0.269765,0.614634,0.326292,0.673701,0.360311,0.543419,0.34483,0.614115,0.505961,0.664003,0.591321,0.710087,0.671443,0.488598,0.379942,0.537023,0.53992,0.575421,0.65958,0.610433,0.77371,0.424912,0.404684,0.424133,0.57086,0.426456,0.691047,0.430823,0.798818,0.364077,0.419137,0.333908,0.54774,0.307459,0.622635,0.292392,0.696443
v4.mp4,d2a239a6e4f3e90337b286ddd60551b2893f378e713ab85db53263622b457388,1920,1080,12.03,350,29.083,207,17250,Right,0.386924,0.191559,0.487646,0.23109,0.577905,0.291063,0.644571,0.355921,0.713837,0.399234,0.554421,0.338626,0.615827,0.506566,0.659181,0.598535,0.700543,0.683386,0.496106,0.376448,0.538707,0.533015,0.577753,0.651999,0.614372,0.760723,0.429341,0.402317,0.426278,0.567712,0.428818,0.692792,0.436778,0.807254,0.364755,0.416116,0.334218,0.54098,0.306612,0.615983,0.289686,0.688312
v4.mp4,d2a239a6e4f3e90337b286ddd60551b2893f378e713ab85db53263622b457388,1920,1080,12.03,350,29.083,208,17333,Right,0.385458,0.194692,0.486744,0.219711,0.577897,0.270245,0.642461,0.327238,0.706754,0.350756,0.554057,0.336557,0.613147,0.506126,0.650351,0.606883,0.683929,0.699845,0.490446,0.380847,0.533747,0.529645,0.571152,0.651529,0.605891,0.762528,0.421024,0.413752,0.428274,0.574726,0.434883,0.698265,0.444362,0.810164,0.354837,0.434829,0.333329,0.554851,0.308564,0.62199,0.29236,0.68815
v4.mp4,d2a239a6e4f3e90337b286ddd60551b2893f378e713ab85db53263622b457388,1920,1080,12.03,350,29.083,209,17416,Right,0.378009,0.187687,0.474461,0.219682,0.564274,0.267078,0.630416,0.317158,0.699383,0.331621,0.539932,0.333777,0.611154,0.499583,0.661404,0.585544,0.706587,0.667413,0.48663,0.37637,0.536832,0.537009,0.577739,0.658117,0.61329,0.774879,0.425056,0.405617,0.428413,0.57112,0.429416,0.692798,0.43233,0.806612,0.36613,0.424282,0.338244,0.546775,0.310059,0.618164,0.293471,0.689645
v4.mp4,d2a239a6e4f3e90337b286ddd60551b2893f378e713ab85db53263622b457388,1920,1080,12.03,350,29.083,210,17500,Right,0.383767,0.190524,0.485603,0.222727,0.581071,0.284457,0.647012,0.357535,0.711518,0.408917,0.551102,0.336101,0.614643,0.505818,0.657328,0.600346,0.698484,0.687391,0.488786,0.377143,0.533836,0.53115,0.571481,0.651627,0.608142,0.762542,0.421065,0.407069,0.42763,0.573588,0.431462,0.697866,0.438152,0.808275,0.35834,0.424879,0.333452,0.550196,0.308313,0.619813,0.291354,0.687553
v4.mp4,d2a239a6e4f3e90337b286ddd60551b2893f378e713ab85db53263622b457388,1920,1080,12.03,350,29.083,211,17583,Right,0.384748,0.192971,0.486803,0.222321,0.57903,0.278957,0.642707,0.34475,0.704682,0.390955,0.553935,0.336677,0.611187,0.515878,0.647571,0.6224,0.680325,0.719418,0.491341,0.376376,0.536792,0.529149,0.574017,0.65214,0.608316,0.763616,0.422388,0.408604,0.429053,0.570567,0.434314,0.693307,0.442984,0.805454,0.356368,0.429767,0.331801,0.549718,0.305935,0.617033,0.28783,0.684586
v4.mp4,d2a239a6e4f3e90337b286ddd60551b2893f378e713ab85db53263622b457388,1920,1080,12.03,350,29.083,212,17666,Right,0.379201,0.186826,0.480173,0.223795,0.569805,0.271113,0.636766,0.312724,0.706383,0.315511,0.54871,0.333377,0.612247,0.505392,0.657467,0.605511,0.696599,0.696352,0.489941,0.372457,0.537402,0.533559,0.576945,0.660957,0.611742,0.77905,0.424284,0.401586,0.430422,0.566935,0.433717,0.694146,0.438605,0.809215,0.363168,0.419392,0.340463,0.541697,0.313769,0.609949,0.296212,0.676583
v4.mp4,d2a239a6e4f3e90337b286ddd60551b2893f378e713ab85db53263622b457388,1920,1080,12.03,350,29.083,213,17750,Right,0.38397,0.193748,0.487166,0.227649,0.580939,0.291711,0.644381,0.366249,0.711078,0.413656,0.552591,0.345585,0.619577,0.511451,0.667329,0.604162,0.714907,0.687229,0.491705,0.377345,0.536607,0.530072,0.574562,0.652256,0.610873,0.764511,0.424642,0.400753,0.427277,0.567496,0.432663,0.69569,0.439798,0.808587,0.362533,0.414554,0.337776,0.545685,0.31121,0.618926,0.292831,0.688788
v4.mp4,d2a239a6e4f3e90337b286ddd60551b2893f378e713ab85db53263622b457388,1920,1080,12.03,350,29.083,214,17833,Right,0.387964,0.199005,0.490161,0.229163,0.58543,0.289175,0.649007,0.358407,0.71711,0.410626,0.553868,0.343807,0.617628,0.507024,0.661337,0.600743,0.702584,0.686855,0.490484,0.381706,0.535371,0.535186,0.574193,0.657966,0.61192,0.772282,0.422943,0.410407,0.429939,0.574018,0.43649,0.697426,0.446077,0.81039,0.359544,0.429662,0.33587,0.550637,0.308767,0.620259,0.292976,0.689565
v4.mp4,d2a239a6e4f3e90337b286ddd60551b2893f378e713ab85db53263622b457388,1920,1080,12.03,350,29.083,215,17916,Right,0.377534,0.197079,0.468039,0.238751,0.555233,0.306214,0.610262,0.383122,0.663046,0.44905,0.537375,0.344213,0.582993,0.528983,0.608647,0.64003,0.632393,0.746858,0.484985,0.379252,0.53167,0.535753,0.572023,0.664543,0.609113,0.785715,0.42564,0.40751,0.443007,0.568447,0.456388,0.692397,0.470473,0.812196,0.36421,0.424589,0.342368,0.528674,0.324239,0.586072,0.315003,0.650452
v4.mp4,d2a239a6e4f3e90337b286ddd60551b2893f378e713ab85db53263622b457388,1920,1080,12.03,350,29.083,216,18000,Right,0.388546,0.204987,0.494757,0.227704,0.58728,0.293918,0.650345,0.36635,0.716691,0.412858,0.555375,0.340083,0.614088,0.504171,0.653665,0.597972,0.69148,0.682674,0.491034,0.383036,0.535149,0.536097,0.574651,0.658326,0.611404,0.768569,0.42236,0.412064,0.424607,0.581149,0.430136,0.702348,0.439101,0.811925,0.357399,0.427465,0.320959,0.534114,0.284798,0.5871,0.256541,0.640811
v4.mp4,d2a239a6e4f3e90337b286ddd60551b2893f378e713ab85db53263622b457388,1920,1080,12.03,350,29.083,217,18083,Right,0.382002,0.202667,0.483341,0.222788,0.58105,0.278731,0.646066,0.344855,0.714186,0.395571,0.546788,0.336127,0.607971,0.512554,0.644864,0.617238,0.679862,0.712512,0.482911,0.381647,0.528733,0.539235,0.568323,0.662776,0.607282,0.774926,0.417627,0.414534,0.423211,0.576878,0.431587,0.695497,0.443283,0.803558,0.355128,0.434399,0.318991,0.536134,0.282609,0.584009,0.25905,0.633139
v4.mp4,d2a239a6e4f3e90337b286ddd60551b2893f378e713ab85db53263622b457388,1920,1080,12.03,350,29.083,218,18166,Right,0.374273,0.189854,0.475385,0.211867,0.574561,0.268152,0.642277,0.334913,0.710049,0.386614,0.542934,0.327889,0.606692,0.504629,0.643607,0.604906,0.67887,0.6991,0.480275,0.375518,0.526908,0.540298,0.566193,0.663861,0.604395,0.774789,0.414809,0.409908,0.421322,0.578541,0.428287,0.698498,0.438527,0.808627,0.352514,0.429401,0.319079,0.530464,0.285971,0.574016,0.2649,0.619758
v4.mp4,d2a239a6e4f3e90337b286ddd60551b2893f378e713ab85db53263622b457388,1920,1080,12.03,350,29.083,219,18250,Right,0.379789,0.188339,0.481921,0.226942,0.573509,0.28147,0.639173,0.349032,0.708389,0.39454,0.545565,0.337109,0.615158,0.505582,0.663866,0.598018,0.709499,0.682046,0.485402,0.373945,0.534449,0.533692,0.575282,0.654553,0.613213,0.765973,0.418967,0.399077,0.425061,0.565543,0.430451,0.691902,0.43732,0.805565,0.357044,0.413166,0.331962,0.539254,0.30872,0.61808,0.295657,0.695365
v4.mp4,d2a239a6e4f3e90337b286ddd60551b2893f378e713ab85db53263622b457388,1920,1080,12.03,350,29.083,220,18333,Right,0.382093,0.196996,0.485853,0.219075,0.575829,0.267177,0.636531,0.333014,0.695158,0.379639,0.550907,0.332374,0.608033,0.50493,0.642631,0.612094,0.673727,0.708451,0.485097,0.378114,0.534616,0.529285,0.574512,0.65447,0.61094,0.767002,0.413326,0.412676,0.428675,0.573572,0.439165,0.698045,0.451831,0.810062,0.342839,0.435602,0.322042,0.550832,0.302937,0.622245,0.291584,0.691967
v4.mp4,d2a239a6e4f3e90337b286ddd60551b2893f378e713ab85db53263622b457388,1920,1080,12.03,350,29.083,221,18416,Right,0.382583,0.19141,0.483065,0.219757,0.576079,0.2734,0.642793,0.334052,0.706321,0.379272,0.549809,0.329815,0.607143,0.51339,0.640322,0.620929,0.671299,0.718557,0.486592,0.375214,0.535756,0.533651,0.574229,0.658037,0.609254,0.76969,0.416213,0.407522,0.427607,0.573134,0.433312,0.693244,0.44439,0.804235,0.346472,0.426614,0.32027,0.54544,0.296074,0.617544,0.280371,0.688968
v4.mp4,d2a239a6e4f3e90337b286ddd60551b2893f378e713ab85db53263622b457388,1920,1080,12.03,350,29.083,222,18500,Right,0.371608,0.188806,0.458494,0.245652,0.54489,0.313543,0.601958,0.386259,0.659189,0.439654,0.526757,0.344188,0.556004,0.525537,0.567677,0.62752,0.581459,0.73483,0.479042,0.37077,0.527825,0.536542,0.569286,0.665497,0.604958,0.788873,0.426071,0.38895,0.451021,0.55387,0.470597,0.676846,0.488835,0.796949,0.369081,0.396783,0.347924,0.491429,0.332365,0.546535,0.326841,0.608298
v4.mp4,d2a239a6e4f3e90337b286ddd60551b2893f378e713ab85db53263622b457388,1920,1080,12.03,350,29.083,223,18583,Right,0.385536,0.211173,0.442764,0.30038,0.501162,0.379024,0.535397,0.456932,0.57331,0.521398,0.484164,0.37567,0.464287,0.547217,0.454402,0.654681,0.448261,0.763837,0.470792,0.372279,0.525841,0.545227,0.573203,0.672212,0.611281,0.783858,0.450575,0.359469,0.518523,0.53673,0.574876,0.663936,0.622724,0.775303,0.422034,0.338037,0.426615,0.429714,0.43555,0.488054,0.446962,0.54388
v4.mp4,d2a239a6e4f3e90337b286ddd60551b2893f378e713ab85db53263622b457388,1920,1080,12.03,350,29.083,224,18666,Right,0.395011,0.214207,0.492312,0.230315,0.570528,0.296886,0.626614,0.372402,0.676974,0.411469,0.546648,0.332809,0.599702,0.47563,0.632119,0.568264,0.66169,0.65039,0.489133,0.370637,0.53549,0.513206,0.577268,0.632657,0.611651,0.733602,0.418664,0.394013,0.432038,0.556891,0.454188,0.685222,0.47628,0.791888,0.348083,0.412931,0.31964,0.538163,0.305766,0.614478,0.297064,0.680574
v4.mp4,d2a239a6e4f3e90337b286ddd60551b2893f378e713ab85db53263622b457388,1920,1080,12.03,350,29.083,225,18750,Right,0.385616,0.202451,0.49159,0.235086,0.580562,0.293257,0.643741,0.358209,0.711149,0.392836,0.555118,0.34083,0.613421,0.502728,0.655109,0.598897,0.694885,0.683687,0.491248,0.381737,0.536202,0.534736,0.577583,0.658902,0.617784,0.773104,0.420435,0.408825,0.425164,0.569856,0.432888,0.693086,0.445363,0.806717,0.352413,0.423836,0.319731,0.545777,0.289916,0.619703,0.269563,0.692721
v4.mp4,d2a239a6e4f3e90337b286ddd60551b2893f378e713ab85db53263622b457388,1920,1080,12.03,350,29.083,226,18833,Right,0.375183,0.193623,0.464772,0.23985,0.54829,0.308102,0.602965,0.387055,0.654026,0.449134,0.526997,0.351357,0.559093,0.531738,0.575266,0.64222,0.592532,0.751544,0.479843,0.382631,0.52946,0.540313,0.570745,0.668586,0.607328,0.791621,0.423682,0.399728,0.445022,0.561051,0.46068,0.682055,0.478588,0.800769,0.36223,0.402736,0.340538,0.500013,0.324371,0.56407,0.31774,0.634926
v4.mp4,d2a239a6e4f3e90337b286ddd60551b2893f378e713ab85db53263622b457388,1920,1080,12.03,350,29.083,227,18916,Right,0.385066,0.208845,0.49072,0.231352,0.57491,0.290826,0.629949,0.359822,0.685052,0.407716,0.543,0.337839,0.570268,0.494522,0.576888,0.581622,0.588031,0.671001,0.476925,0.372443,0.529628,0.533219,0.57081,0.663068,0.607774,0.780308,0.405934,0.392432,0.434664,0.567746,0.456947,0.697831,0.479993,0.812117,0.336824,0.402475,0.317572,0.505933,0.307556,0.569726,0.303626,0.633729
v4.mp4,d2a239a6e4f3e90337b286ddd60551b2893f378e713ab85db53263622b457388,1920,1080,12.03,350,29.083,228,19000,Right,0.383656,0.199106,0.489914,0.22884,0.578913,0.288872,0.644007,0.356525,0.709559,0.394434,0.54713,0.338127,0.605099,0.500139,0.641054,0.596192,0.673728,0.680066,0.48321,0.375445,0.534372,0.527986,0.574831,0.650529,0.610916,0.76015,0.413718,0.401639,0.426654,0.573093,0.436602,0.695316,0.448947,0.803866,0.348016,0.415126,0.323263,0.542489,0.304776,0.619387,0.292058,0.694294
v4.mp4,d2a239a6e4f3e90337b286ddd60551b2893f378e713ab85db53263622b457388,1920,1080,12.03,350,29.083,229,19083,Right,0.378098,0.19244,0.479825,0.21332,0.574288,0.271324,0.640136,0.340031,0.70295,0.386474,0.542198,0.331699,0.584488,0.506354,0.600352,0.610234,0.61799,0.712394,0.478378,0.379163,0.530035,0.534557,0.571746,0.661539,0.610229,0.778391,0.409253,0.412417,0.428591,0.574124,0.443311,0.693456,0.461209,0.805893,0.339076,0.431287,0.311899,0.546519,0.288453,0.614277,0.275283,0.682909
v4.mp4,d2a239a6e4f3e90337b286ddd60551b2893f378e713ab85db53263622b457388,1920,1080,12.03,350,29.083,230,19166,Right,0.373901,0.183056,0.477049,0.207974,0.577203,0.266559,0.650467,0.333537,0.72174,0.378638,0.544324,0.324701,0.600277,0.502791,0.62613,0.606306,0.652347,0.709986,0.478987,0.377095,0.532517,0.537647,0.573334,0.661973,0.610839,0.779595,0.409407,0.410896,0.42152,0.579839,0.429063,0.695346,0.439861,0.803692,0.341003,0.425255,0.305398,0.527441,0.276644,0.587108,0.258161,0.652177
v4.mp4,d2a239a6e4f3e90337b286ddd60551b2893f378e713ab85db53263622b457388,1920,1080,12.03,350,29.083,231,19250,Right,0.375053,0.178598,0.477389,0.218337,0.568518,0.276883,0.636336,0.348415,0.706246,0.396942,0.541052,0.334778,0.613796,0.502387,0.663957,0.59176,0.711093,0.674726,0.483424,0.375715,0.53474,0.538622,0.576749,0.659555,0.615412,0.773042,0.418696,0.401372,0.423971,0.575589,0.427742,0.697039,0.433926,0.807731,0.356884,0.412871,0.32813,0.540378,0.304203,0.620335,0.290502,0.70129
v4.mp4,d2a239a6e4f3e90337b286ddd60551b2893f378e713ab85db53263622b457388,1920,1080,12.03,350,29.083,232,19333,Right,0.383157,0.198968,0.48214,0.233115,0.569792,0.282518,0.633051,0.341737,0.700233,0.385734,0.545289,0.341012,0.610281,0.513223,0.655768,0.610992,0.697608,0.698273,0.485303,0.380159,0.533037,0.539104,0.574637,0.660137,0.614757,0.771361,0.41931,0.407528,0.424794,0.571614,0.430317,0.694443,0.438718,0.805344,0.355651,0.423289,0.325739,0.547941,0.300153,0.623272,0.285525,0.696167
v4.mp4,d2a239a6e4f3e90337b286ddd60551b2893f378e713ab85db53263622b457388,1920,1080,12.03,350,29.083,233,19416,Right,0.381624,0.195512,0.481975,0.230416,0.570353,0.279886,0.633554,0.338836,0.699071,0.38446,0.54597,0.339278,0.610802,0.507101,0.656705,0.603818,0.699136,0.690446,0.486997,0.377849,0.53495,0.535552,0.574855,0.656145,0.612131,0.766465,0.420743,0.405753,0.426681,0.565964,0.432814,0.691191,0.441706,0.804613,0.357046,0.422432,0.329649,0.546475,0.304033,0.622152,0.288785,0.696072
v4.mp4,d2a239a6e4f3e90337b286ddd60551b2893f378e713ab85db53263622b457388,1920,1080,12.03,350,29.083,234,19500,Right,0.387492,0.195543,0.488482,0.235908,0.578168,0.297517,0.63747,0.371494,0.701652,0.434876,0.551872,0.34055,0.611986,0.512252,0.655363,0.612582,0.695607,0.702889,0.487335,0.376419,0.532976,0.531451,0.573598,0.654215,0.613677,0.767935,0.418924,0.404865,0.427178,0.566591,0.43633,0.69167,0.44901,0.805084,0.354559,0.424286,0.328943,0.54895,0.302292,0.623051,0.286865,0.695475
v4.mp4,d2a239a6e4f3e90337b286ddd60551b2893f378e713ab85db53263622b457388,1920,1080,12.03,350,29.083,235,19583,Right,0.390342,0.196592,0.490217,0.226706,0.581559,0.286288,0.64454,0.357959,0.707672,0.418649,0.553147,0.333812,0.615047,0.505316,0.653794,0.604551,0.690036,0.695242,0.489794,0.377361,0.539508,0.527809,0.580591,0.6497,0.618484,0.758233,0.41975,0.409235,0.428891,0.569387,0.436302,0.689895,0.448965,0.798886,0.351341,0.429463,0.326013,0.553289,0.300803,0.625945,0.285745,0.694274
v4.mp4,d2a239a6e4f3e90337b286ddd60551b2893f378e713ab85db53263622b457388,1920,1080,12.03,350,29.083,236,19666,Right,0.384815,0.190098,0.485175,0.217378,0.580239,0.280525,0.644995,0.354507,0.709053,0.418686,0.550508,0.322583,0.616235,0.48172,0.659198,0.570446,0.698966,0.656418,0.489648,0.37029,0.535836,0.52424,0.576627,0.645063,0.613772,0.758588,0.419848,0.40797,0.425179,0.568517,0.432108,0.68694,0.44298,0.796417,0.350505,0.432186,0.322359,0.556924,0.296712,0.629782,0.281451,0.699329
v4.mp4,d2a239a6e4f3e90337b286ddd60551b2893f378e713ab85db53263622b457388,1920,1080,12.03,350,29.083,237,19750,Right,0.379467,0.194373,0.480592,0.227316,0.559286,0.31686,0.603441,0.422641,0.635868,0.509185,0.54688,0.325836,0.615387,0.429913,0.661051,0.479669,0.707005,0.528906,0.490017,0.364377,0.537813,0.520558,0.574836,0.644956,0.607641,0.754747,0.421605,0.401901,0.426519,0.563116,0.431268,0.678531,0.440906,0.777898,0.354589,0.42887,0.323419,0.563722,0.301349,0.635684,0.288993,0.700268
v4.mp4,d2a239a6e4f3e90337b286ddd60551b2893f378e713ab85db53263622b457388,1920,1080,12.03,350,29.083,238,19833,Right,0.380258,0.212352,0.48301,0.230311,0.564444,0.302246,0.608739,0.390845,0.64304,0.462018,0.546222,0.346919,0.608574,0.442371,0.649959,0.489046,0.692549,0.538771,0.489107,0.379303,0.533954,0.518275,0.573531,0.635407,0.609119,0.744216,0.421109,0.407592,0.431201,0.561195,0.443432,0.674012,0.456315,0.775836,0.352792,0.428888,0.32608,0.559161,0.306911,0.632559,0.294385,0.702497
v4.mp4,d2a239a6e4f3e90337b286ddd60551b2893f378e713ab85db53263622b457388,1920,1080,12.03,350,29.083,239,19916,Right,0.390598,0.208077,0.493818,0.244734,0.581132,0.299304,0.640872,0.368447,0.702577,0.418645,0.553371,0.347774,0.61183,0.495339,0.654497,0.5916,0.695323,0.679565,0.493329,0.3838,0.533323,0.526749,0.573557,0.644961,0.61322,0.755337,0.425056,0.407451,0.423429,0.562292,0.431309,0.684301,0.44021,0.791451,0.357911,0.422095,0.330487,0.546694,0.306062,0.622448,0.288141,0.693563
v4.mp4,d2a239a6e4f3e90337b286ddd60551b2893f378e713ab85db53263622b457388,1920,1080,12.03,350,29.083,240,20000,Right,0.38894,0.198004,0.489153,0.221265,0.581274,0.278072,0.644453,0.351943,0.705518,0.415001,0.552818,0.342125,0.611021,0.512337,0.64709,0.614617,0.680292,0.708777,0.489724,0.388071,0.534764,0.529502,0.574826,0.647688,0.612428,0.755221,0.419495,0.419695,0.429953,0.570499,0.438736,0.688855,0.452221,0.797466,0.350536,0.43828,0.327089,0.556083,0.30261,0.627632,0.288338,0.696804
v4.mp4,d2a239a6e4f3e90337b286ddd60551b2893f378e713ab85db53263622b457388,1920,1080,12.03,350,29.083,241,20083,Right,0.385521,0.1944,0.485395,0.23298,0.579224,0.294349,0.641987,0.36266,0.707332,0.428247,0.554268,0.33523,0.619697,0.505722,0.665762,0.598931,0.708856,0.685037,0.492663,0.37349,0.538653,0.53824,0.577271,0.660512,0.61585,0.775053,0.423851,0.404347,0.426936,0.569392,0.432429,0.692248,0.441939,0.80484,0.356225,0.42303,0.327356,0.546587,0.299554,0.621284,0.282739,0.694788
v4.mp4,d2a239a6e4f3e90337b286ddd60551b2893f378e713ab85db53263622b457388,1920,1080,12.03,350,29.083,242,20166,Right,0.388175,0.202414,0.488212,0.238113,0.581461,0.29579,0.642533,0.36472,0.70668,0.42714,0.55322,0.351754,0.612982,0.521455,0.653985,0.622948,0.691359,0.714795,0.489668,0.389823,0.533621,0.537995,0.573464,0.657158,0.612118,0.771027,0.422035,0.416893,0.429898,0.571999,0.439475,0.690936,0.451806,0.801125,0.356429,0.434276,0.330803,0.547647,0.303164,0.616665,0.287428,0.686169
v4.mp4,d2a239a6e4f3e90337b286ddd60551b2893f378e713ab85db53263622b457388,1920,1080,12.03,350,29.083,243,20250,Right,0.389331,0.196786,0.490326,0.219312,0.583731,0.279791,0.64687,0.353235,0.711064,0.414766,0.554656,0.331844,0.619999,0.491259,0.662835,0.583169,0.702395,0.670653,0.492418,0.379995,0.539023,0.527938,0.57886,0.646569,0.615953,0.757406,0.421889,0.414938,0.428475,0.569825,0.435909,0.686806,0.448018,0.794394,0.351228,0.436433,0.325376,0.555732,0.30067,0.624626,0.28597,0.690446
v4.mp4,d2a239a6e4f3e90337b286ddd60551b2893f378e713ab85db53263622b457388,1920,1080,12.03,350,29.083,244,20333,Left,0.3784,0.203807,0.416554,0.331284,0.459631,0.462082,0.479172,0.575228,0.490297,0.671105,0.483254,0.407008,0.532974,0.567019,0.568013,0.66212,0.599403,0.754691,0.4823,0.371158,0.532566,0.520406,0.57567,0.649777,0.615622,0.767528,0.46639,0.34324,0.505957,0.482712,0.539954,0.599432,0.57105,0.700227,0.441774,0.318823,0.442012,0.435822,0.44451,0.517022,0.453108,0.591482
v4.mp4,d2a239a6e4f3e90337b286ddd60551b2893f378e713ab85db53263622b457388,1920,1080,12.03,350,29.083,245,20416,Right,0.382733,0.220641,0.48166,0.233734,0.560479,0.29867,0.605611,0.381915,0.637944,0.454435,0.542949,0.353163,0.603365,0.476388,0.641659,0.542872,0.677251,0.609407,0.488611,0.385575,0.534418,0.527213,0.574166,0.642621,0.60955,0.744904,0.422861,0.407182,0.444993,0.560076,0.475641,0.678719,0.505483,0.786277,0.357169,0.422143,0.336104,0.552164,0.326102,0.629125,0.321243,0.701005
v4.mp4,d2a239a6e4f3e90337b286ddd60551b2893f378e713ab85db53263622b457388,1920,1080,12.03,350,29.083,246,20500,Right,0.39125,0.208539,0.494014,0.23351,0.579417,0.293382,0.636472,0.370812,0.688008,0.428716,0.557415,0.340613,0.611487,0.497549,0.651833,0.595361,0.68961,0.683301,0.493918,0.379903,0.536576,0.521827,0.577936,0.645423,0.615685,0.757036,0.421319,0.409134,0.430936,0.564424,0.442126,0.688535,0.455806,0.797839,0.351263,0.431594,0.325617,0.554668,0.303095,0.625352,0.288497,0.693429
v4.mp4,d2a239a6e4f3e90337b286ddd60551b2893f378e713ab85db53263622b457388,1920,1080,12.03,350,29.083,247,20583,Right,0.388423,0.196446,0.488747,0.231944,0.578537,0.290666,0.641757,0.362225,0.703449,0.425407,0.55267,0.336757,0.611035,0.516613,0.649152,0.620214,0.68504,0.714319,0.491097,0.376756,0.537247,0.525439,0.577806,0.644581,0.615801,0.75268,0.42242,0.407126,0.430011,0.567555,0.435629,0.689165,0.447315,0.80195,0.356292,0.426681,0.330077,0.545512,0.303829,0.616811,0.286811,0.688492
v4.mp4,d2a239a6e4f3e90337b286ddd60551b2893f378e713ab85db53263622b457388,1920,1080,12.03,350,29.083,248,20666,Right,0.38732,0.195342,0.485539,0.231825,0.576367,0.293027,0.639369,0.366937,0.70508,0.43126,0.548566,0.3432,0.610109,0.516324,0.653164,0.617242,0.69229,0.707786,0.487864,0.379239,0.533788,0.531073,0.573369,0.650602,0.611105,0.760165,0.421093,0.40651,0.429581,0.566104,0.436919,0.688897,0.448099,0.801565,0.356409,0.423076,0.331766,0.545477,0.305001,0.619319,0.288277,0.691216
v4.mp4,d2a239a6e4f3e90337b286ddd60551b2893f378e713ab85db53263622b457388,1920,1080,12.03,350,29.083,249,20750,Right,0.389299,0.197659,0.486812,0.233662,0.576164,0.295386,0.637906,0.370767,0.702629,0.436946,0.547904,0.338601,0.612431,0.51183,0.658441,0.605778,0.701506,0.688987,0.4877,0.379057,0.536062,0.535954,0.578323,0.655075,0.618563,0.76152,0.420801,0.408661,0.426862,0.570321,0.432397,0.692591,0.44268,0.801964,0.35646,0.426384,0.330183,0.550973,0.302681,0.625514,0.285796,0.694902
v4.mp4,d2a239a6e4f3e90337b286ddd60551b2893f378e713ab85db53263622b457388,1920,1080,12.03,350,29.083,250,20833,Right,0.388246,0.197034,0.487138,0.23561,0.575428,0.293458,0.638459,0.358895,0.703593,0.418992,0.553031,0.335797,0.617407,0.509895,0.663237,0.608542,0.704836,0.696437,0.492365,0.376474,0.5406,0.536078,0.580299,0.657357,0.617217,0.765544,0.424056,0.407049,0.428987,0.568864,0.434151,0.691605,0.444517,0.803923,0.357223,0.424996,0.329366,0.548104,0.301754,0.622391,0.284344,0.693442
v4.mp4,d2a239a6e4f3e90337b286ddd60551b2893f378e713ab85db53263622b457388,1920,1080,12.03,350,29.083,251,20916,Right,0.386769,0.197146,0.486827,0.234413,0.57837,0.293428,0.641104,0.364228,0.705778,0.426755,0.550631,0.342281,0.61096,0.51758,0.652407,0.621601,0.689974,0.71453,0.488579,0.378947,0.533901,0.530508,0.574205,0.651484,0.612304,0.762559,0.421165,0.407119,0.4306,0.565634,0.439662,0.688612,0.451816,0.801405,0.356178,0.42536,0.331252,0.545817,0.304714,0.618892,0.288868,0.690558
v4.mp4,d2a239a6e4f3e90337b286ddd60551b2893f378e713ab85db53263622b457388,1920,1080,12.03,350,29.083,252,21000,Right,0.384694,0.200557,0.484438,0.221762,0.576218,0.296191,0.636745,0.386,0.693517,0.458752,0.54226,0.341781,0.601064,0.503392,0.636152,0.598701,0.666814,0.690506,0.485024,0.383312,0.531071,0.526398,0.572176,0.646194,0.608885,0.758236,0.418238,0.413608,0.430666,0.56146,0.443133,0.67259,0.458681,0.776667,0.349278,0.431978,0.324495,0.551839,0.305396,0.622313,0.29573,0.69058
v4.mp4,d2a239a6e4f3e90337b286ddd60551b2893f378e713ab85db53263622b457388,1920,1080,12.03,350,29.083,253,21083,Right,0.376046,0.199878,0.472431,0.234329,0.554468,0.290542,0.612983,0.351094,0.669768,0.392792,0.540996,0.342597,0.601414,0.489696,0.642387,0.573853,0.679782,0.652604,0.485803,0.381729,0.536614,0.53475,0.575809,0.662581,0.611692,0.780107,0.419512,0.407405,0.426152,0.557889,0.43451,0.679186,0.447784,0.790256,0.352785,0.420066,0.328585,0.533774,0.314944,0.595784,0.310918,0.655215
v4.mp4,d2a239a6e4f3e90337b286ddd60551b2893f378e713ab85db53263622b457388,1920,1080,12.03,350,29.083,254,21166,Right,0.381058,0.197455,0.480668,0.23149,0.567134,0.27523,0.634911,0.310305,0.701804,0.321684,0.545759,0.349114,0.600723,0.501786,0.634603,0.592781,0.663073,0.678847,0.488428,0.388881,0.535095,0.532229,0.571911,0.65371,0.603922,0.767418,0.421422,0.413263,0.426335,0.55867,0.434992,0.680315,0.446574,0.793133,0.356314,0.423616,0.331897,0.536738,0.313591,0.602188,0.302265,0.665788
v4.mp4,d2a239a6e4f3e90337b286ddd60551b2893f378e713ab85db53263622b457388,1920,1080,12.03,350,29.083,255,21250,Right,0.376352,0.190585,0.481108,0.214613,0.57435,0.274985,0.635908,0.350698,0.697643,0.404675,0.548327,0.339323,0.616647,0.489714,0.661977,0.564062,0.709671,0.630508,0.486812,0.383244,0.534456,0.538146,0.573078,0.654086,0.611393,0.760712,0.418164,0.416971,0.423059,0.579055,0.430689,0.695266,0.440852,0.797093,0.35298,0.43713,0.324745,0.563772,0.301017,0.633132,0.285412,0.697082
v4.mp4,d2a239a6e4f3e90337b286ddd60551b2893f378e713ab85db53263622b457388,1920,1080,12.03,350,29.083,256,21333,Right,0.379162,0.193991,0.481524,0.222239,0.569333,0.273605,0.631232,0.337629,0.690355,0.378051,0.551814,0.335391,0.610765,0.501694,0.645942,0.599239,0.679498,0.689795,0.490365,0.384222,0.541617,0.538529,0.581324,0.660915,0.615512,0.770431,0.41929,0.418498,0.425722,0.579044,0.432051,0.699741,0.441687,0.808029,0.347775,0.437781,0.321519,0.555983,0.300326,0.623716,0.288144,0.689201
v4.mp4,d2a239a6e4f3e90337b286ddd60551b2893f378e713ab85db53263622b457388,1920,1080,12.03,350,29.083,257,21416,Right,0.380671,0.191676,0.479712,0.226671,0.571301,0.275686,0.641181,0.320551,0.713407,0.331028,0.547077,0.342693,0.613068,0.509459,0.658358,0.602782,0.700179,0.688418,0.490431,0.386571,0.537086,0.543391,0.576064,0.660993,0.611978,0.768649,0.424687,0.415209,0.424924,0.575172,0.428903,0.696439,0.436526,0.807311,0.360795,0.42854,0.332757,0.550298,0.306064,0.621543,0.288934,0.691242
v4.mp4,d2a239a6e4f3e90337b286ddd60551b2893f378e713ab85db53263622b457388,1920,1080,12.03,350,29.083,258,21500,Right,0.375612,0.193746,0.477005,0.230413,0.553142,0.305638,0.589293,0.403104,0.609534,0.494796,0.551869,0.341994,0.61742,0.507266,0.660015,0.605972,0.700726,0.695504,0.490687,0.373689,0.535467,0.534408,0.572589,0.658354,0.610256,0.770228,0.419627,0.403242,0.426736,0.567668,0.433782,0.692633,0.44521,0.801837,0.35088,0.424379,0.326431,0.551186,0.305385,0.619176,0.293766,0.68567
v4.mp4,d2a239a6e4f3e90337b286ddd60551b2893f378e713ab85db53263622b457388,1920,1080,12.03,350,29.083,259,21583,Right,0.380948,0.193521,0.483781,0.2411,0.576239,0.297426,0.645791,0.367817,0.718578,0.410007,0.550728,0.330725,0.617162,0.496952,0.665127,0.596632,0.710803,0.688676,0.493849,0.369819,0.54045,0.527913,0.580655,0.651534,0.616745,0.766883,0.427567,0.398978,0.428355,0.555825,0.432334,0.681707,0.438508,0.796055,0.362959,0.416414,0.335318,0.539015,0.307142,0.617589,0.28779,0.694169
v4.mp4,d2a239a6e4f3e90337b286ddd60551b2893f378e713ab85db53263622b457388,1920,1080,12.03,350,29.083,260,21666,Right,0.385471,0.198392,0.487081,0.241801,0.58054,0.294455,0.644028,0.356679,0.714532,0.400241,0.55325,0.352968,0.616385,0.516205,0.66256,0.610464,0.707862,0.694131,0.491837,0.386835,0.533392,0.536475,0.572573,0.652836,0.61153,0.764912,0.425896,0.409525,0.426521,0.565425,0.43592,0.690587,0.445136,0.804967,0.363232,0.425887,0.334902,0.544458,0.306339,0.617471,0.288811,0.69085
v4.mp4,d2a239a6e4f3e90337b286ddd60551b2893f378e713ab85db53263622b457388,1920,1080,12.03,350,29.083,261,21750,Right,0.386254,0.198537,0.487614,0.248951,0.577307,0.30056,0.633835,0.361646,0.695187,0.411362,0.555246,0.354283,0.608557,0.527616,0.648127,0.636855,0.6845,0.734612,0.492332,0.385389,0.533936,0.534873,0.572347,0.655424,0.610916,0.772702,0.424938,0.408934,0.428456,0.559303,0.43907,0.685195,0.449849,0.802295,0.359531,0.427653,0.333652,0.542797,0.309433,0.613728,0.295591,0.686589
v4.mp4,d2a239a6e4f3e90337b286ddd60551b2893f378e713ab85db53263622b457388,1920,1080,12.03,350,29.083,262,21833,Right,0.386026,0.19678,0.487361,0.23861,0.577849,0.290222,0.641767,0.350151,0.710322,0.397775,0.55131,0.348819,0.607123,0.523214,0.647612,0.629161,0.684041,0.724272,0.491203,0.383911,0.534365,0.531646,0.575025,0.648286,0.612363,0.757403,0.424807,0.408687,0.428718,0.563581,0.43658,0.687818,0.446105,0.802991,0.360355,0.424588,0.334082,0.544982,0.307552,0.618681,0.290731,0.692342
v4.mp4,d2a239a6e4f3e90337b286ddd60551b2893f378e713ab85db53263622b457388,1920,1080,12.03,350,29.083,263,21916,Right,0.384681,0.192454,0.485559,0.238957,0.575914,0.294601,0.637408,0.358618,0.701589,0.407619,0.55147,0.3483,0.607592,0.523516,0.647901,0.629779,0.685772,0.724948,0.49009,0.379409,0.533974,0.531356,0.572408,0.653825,0.609368,0.76774,0.422489,0.403595,0.428141,0.557486,0.43698,0.68511,0.446883,0.801215,0.357626,0.420392,0.33243,0.541016,0.308582,0.61417,0.293147,0.68583
v4.mp4,d2a239a6e4f3e90337b286ddd60551b2893f378e713ab85db53263622b457388,1920,1080,12.03,350,29.083,264,22000,Right,0.386723,0.195437,0.487183,0.230503,0.574114,0.286309,0.633494,0.355188,0.692755,0.401443,0.551133,0.350434,0.60455,0.529577,0.640091,0.638394,0.671687,0.733337,0.489256,0.384683,0.535665,0.535886,0.574468,0.654804,0.609607,0.761165,0.420672,0.409499,0.428373,0.566402,0.437129,0.690008,0.448041,0.800775,0.353818,0.42397,0.329215,0.548728,0.305427,0.621585,0.289035,0.690287
v4.mp4,d2a239a6e4f3e90337b286ddd60551b2893f378e713ab85db53263622b457388,1920,1080,12.03,350,29.083,265,22083,Right,0.378063,0.197556,0.476178,0.230091,0.559514,0.273803,0.619055,0.315755,0.67646,0.334182,0.547775,0.344553,0.607208,0.50727,0.646409,0.602377,0.681563,0.686349,0.488475,0.384794,0.539329,0.541805,0.578178,0.663224,0.613662,0.770033,0.420606,0.413634,0.425883,0.573754,0.430886,0.697936,0.439155,0.808304,0.355604,0.429329,0.330267,0.552283,0.306574,0.61854,0.290855,0.682625
v4.mp4,d2a239a6e4f3e90337b286ddd60551b2893f378e713ab85db53263622b457388,1920,1080,12.03,350,29.083,266,22166,Right,0.377726,0.191873,0.476447,0.227627,0.566707,0.267913,0.634973,0.303111,0.704131,0.299122,0.543228,0.341635,0.609049,0.510764,0.654617,0.606794,0.694653,0.693643,0.485289,0.383477,0.534473,0.538355,0.574861,0.657815,0.610579,0.769235,0.420512,0.411457,0.427216,0.568383,0.430969,0.691483,0.435753,0.803204,0.359868,0.427091,0.334997,0.549329,0.308003,0.619349,0.290408,0.68772
v4.mp4,d2a239a6e4f3e90337b286ddd60551b2893f378e713ab85db53263622b457388,1920,1080,12.03,350,29.083,267,22250,Right,0.373153,0.187192,0.471944,0.222213,0.558674,0.269121,0.618194,0.320482,0.680854,0.344532,0.540806,0.348275,0.613423,0.513047,0.664513,0.601887,0.712263,0.683564,0.485501,0.38392,0.535729,0.53933,0.576158,0.657114,0.613568,0.76766,0.421602,0.41079,0.425572,0.573328,0.430982,0.694194,0.436791,0.800204,0.360465,0.427436,0.329978,0.556096,0.302106,0.629264,0.284321,0.698378
v4.mp4,d2a239a6e4f3e90337b286ddd60551b2893f378e713ab85db53263622b457388,1920,1080,12.03,350,29.083,268,22333,Right,0.385346,0.192535,0.487464,0.234581,0.578666,0.291535,0.64461,0.356563,0.713305,0.403962,0.553472,0.345074,0.613431,0.516208,0.655195,0.613558,0.694869,0.702693,0.493854,0.382567,0.537613,0.540384,0.576646,0.657974,0.613944,0.767154,0.426211,0.408391,0.425755,0.568771,0.429759,0.692875,0.437176,0.807492,0.360354,0.422526,0.33024,0.545275,0.302521,0.620252,0.285732,0.69437
v4.mp4,d2a239a6e4f3e90337b286ddd60551b2893f378e713ab85db53263622b457388,1920,1080,12.03,350,29.083,269,22416,Right,0.38325,0.191624,0.483697,0.234585,0.575583,0.290455,0.639057,0.356295,0.707557,0.405874,0.550087,0.344638,0.609788,0.517445,0.652493,0.61915,0.692104,0.711641,0.490232,0.377912,0.535227,0.533935,0.574694,0.655399,0.611639,0.769326,0.423942,0.403925,0.428036,0.559844,0.435489,0.686631,0.443678,0.802654,0.360268,0.422477,0.334255,0.54277,0.307541,0.616139,0.290549,0.688128
v4.mp4,d2a239a6e4f3e90337b286ddd60551b2893f378e713ab85db53263622b457388,1920,1080,12.03,350,29.083,270,22500,Right,0.385115,0.194826,0.489435,0.235781,0.578804,0.289267,0.640436,0.354348,0.70424,0.400208,0.553239,0.350475,0.606704,0.527873,0.644511,0.636967,0.678916,0.734118,0.490403,0.381838,0.532771,0.533344,0.572345,0.653821,0.608732,0.763309,0.421661,0.404633,0.42757,0.560341,0.437239,0.686914,0.447194,0.801049,0.356376,0.419485,0.331846,0.543334,0.307669,0.617528,0.291646,0.689337
v4.mp4,d2a239a6e4f3e90337b286ddd60551b2893f378e713ab85db53263622b457388,1920,1080,12.03,350,29.083,271,22583,Right,0.380238,0.192886,0.477463,0.228523,0.568024,0.273621,0.637194,0.318249,0.708197,0.320684,0.544097,0.339675,0.608908,0.506604,0.653501,0.603727,0.692637,0.691964,0.487513,0.380126,0.534759,0.53271,0.575253,0.65116,0.610656,0.762919,0.423105,0.408428,0.427552,0.562831,0.433298,0.68726,0.438778,0.801025,0.361874,0.426881,0.334988,0.54987,0.30836,0.62234,0.291213,0.692922
v4.mp4,d2a239a6e4f3e90337b286ddd60551b2893f378e713ab85db53263622b457388,1920,1080,12.03,350,29.083,272,22666,Right,0.378087,0.190994,0.479494,0.231152,0.564748,0.294785,0.618294,0.372076,0.669716,0.433053,0.548796,0.341289,0.614137,0.507095,0.661301,0.600323,0.70689,0.683546,0.488221,0.372582,0.53343,0.532407,0.573163,0.655324,0.611629,0.767971,0.421247,0.399128,0.427333,0.564311,0.434363,0.691,0.442708,0.802445,0.358506,0.417244,0.331132,0.547236,0.306264,0.620673,0.290279,0.690248
v4.mp4,d2a239a6e4f3e90337b286ddd60551b2893f378e713ab85db53263622b457388,1920,1080,12.03,350,29.083,273,22750,Right,0.384228,0.197257,0.488591,0.245825,0.574062,0.300252,0.636186,0.364832,0.694368,0.414654,0.556956,0.33789,0.609658,0.512878,0.648494,0.617909,0.684745,0.712484,0.49849,0.373061,0.541654,0.527817,0.579541,0.651371,0.611887,0.763081,0.429411,0.400509,0.431044,0.55998,0.434159,0.687546,0.440385,0.804241,0.360728,0.418944,0.332809,0.540474,0.306928,0.615269,0.288189,0.68972
v4.mp4,d2a239a6e4f3e90337b286ddd60551b2893f378e713ab85db53263622b457388,1920,1080,12.03,350,29.083,274,22833,Right,0.385596,0.199916,0.486433,0.241423,0.574554,0.295223,0.637783,0.36047,0.703053,0.401374,0.553177,0.350453,0.61201,0.518526,0.653154,0.619615,0.692885,0.709206,0.492569,0.385253,0.535144,0.533745,0.573514,0.649012,0.608743,0.753964,0.424597,0.409071,0.427571,0.568648,0.436603,0.694457,0.447092,0.807734,0.359634,0.424068,0.331827,0.543113,0.306043,0.616553,0.289284,0.690092
v4.mp4,d2a239a6e4f3e90337b286ddd60551b2893f378e713ab85db53263622b457388,1920,1080,12.03,350,29.083,275,22916,Right,0.386314,0.195189,0.487201,0.240504,0.574758,0.290874,0.637043,0.351906,0.699315,0.396054,0.554659,0.354219,0.606546,0.533151,0.642245,0.64728,0.673563,0.747873,0.493926,0.385755,0.535953,0.534801,0.574041,0.654142,0.607662,0.763052,0.425773,0.406872,0.430553,0.560402,0.438643,0.686926,0.447954,0.803737,0.359135,0.419501,0.333423,0.539373,0.308633,0.613366,0.292812,0.68758
v4.mp4,d2a239a6e4f3e90337b286ddd60551b2893f378e713ab85db53263622b457388,1920,1080,12.03,350,29.083,276,23000,Right,0.386872,0.195035,0.4881,0.237216,0.579633,0.291405,0.642992,0.352919,0.710918,0.39767,0.553161,0.351091,0.607872,0.52619,0.646863,0.634265,0.682605,0.731744,0.491449,0.383528,0.534043,0.531637,0.571942,0.650335,0.607813,0.761735,0.423478,0.408006,0.428243,0.561365,0.437222,0.686498,0.447601,0.801648,0.357493,0.424317,0.332138,0.544389,0.307063,0.616886,0.291237,0.688823
v4.mp4,d2a239a6e4f3e90337b286ddd60551b2893f378e713ab85db53263622b457388,1920,1080,12.03,350,29.083,277,23083,Right,0.385603,0.190434,0.486661,0.227745,0.571379,0.295635,0.623184,0.383466,0.668032,0.45544,0.556078,0.343626,0.608768,0.52356,0.642533,0.637832,0.673916,0.741136,0.4918,0.377954,0.536808,0.525583,0.574304,0.648621,0.608432,0.757977,0.419639,0.408184,0.429567,0.563228,0.439505,0.688636,0.451543,0.800072,0.348336,0.431537,0.325448,0.551289,0.305437,0.616832,0.293128,0.680645
v4.mp4,d2a239a6e4f3e90337b286ddd60551b2893f378e713ab85db53263622b457388,1920,1080,12.03,350,29.083,278,23166,Right,0.379432,0.196759,0.479805,0.225091,0.562311,0.304963,0.614057,0.406441,0.654416,0.490052,0.54871,0.337057,0.619195,0.473442,0.665623,0.553533,0.707396,0.628109,0.493041,0.379319,0.538229,0.529393,0.573087,0.650839,0.601609,0.757925,0.42359,0.408784,0.427174,0.561609,0.433386,0.679257,0.443145,0.78298,0.352183,0.425082,0.322885,0.549897,0.302469,0.620769,0.289567,0.684834
v4.mp4,d2a239a6e4f3e90337b286ddd60551b2893f378e713ab85db53263622b457388,1920,1080,12.03,350,29.083,279,23250,Right,0.382734,0.195611,0.482145,0.240295,0.569581,0.30762,0.634539,0.380154,0.701426,0.422112,0.545895,0.337502,0.613712,0.490745,0.664677,0.580714,0.71203,0.661411,0.490265,0.366583,0.524817,0.502368,0.559702,0.607505,0.591392,0.704445,0.424642,0.391515,0.422939,0.546983,0.426594,0.669436,0.430915,0.77743,0.359215,0.411429,0.331278,0.540511,0.305972,0.615511,0.284988,0.685119
v4.mp4,d2a239a6e4f3e90337b286ddd60551b2893f378e713ab85db53263622b457388,1920,1080,12.03,350,29.083,280,23333,Right,0.388176,0.194948,0.490862,0.229275,0.580601,0.307314,0.642192,0.382752,0.702299,0.435752,0.549069,0.323061,0.615187,0.477605,0.665606,0.567765,0.711435,0.649674,0.489484,0.354144,0.525325,0.456463,0.560541,0.541302,0.592312,0.620139,0.423141,0.392191,0.428539,0.542847,0.43628,0.663636,0.447406,0.769975,0.356844,0.429413,0.334279,0.552527,0.307569,0.615984,0.287831,0.677668
v4.mp4,d2a239a6e4f3e90337b286ddd60551b2893f378e713ab85db53263622b457388,1920,1080,12.03,350,29.083,281,23416,Right,0.390554,0.197528,0.49064,0.238017,0.581826,0.305842,0.644416,0.37205,0.709172,0.418709,0.548528,0.33204,0.618183,0.485211,0.670211,0.576343,0.719585,0.660147,0.490909,0.361503,0.527121,0.460989,0.563183,0.539054,0.597219,0.618353,0.426816,0.395024,0.425054,0.547966,0.430588,0.671273,0.436397,0.779968,0.363924,0.428948,0.340269,0.552103,0.310285,0.616522,0.287578,0.679313
v4.mp4,d2a239a6e4f3e90337b286ddd60551b2893f378e713ab85db53263622b457388,1920,1080,12.03,350,29.083,282,23500,Right,0.387682,0.200261,0.490155,0.232186,0.580296,0.308503,0.639202,0.383744,0.698493,0.439821,0.547585,0.332851,0.61052,0.483711,0.656589,0.56887,0.701374,0.647999,0.487042,0.360066,0.524337,0.46397,0.561458,0.544286,0.596623,0.622985,0.42271,0.394446,0.4255,0.547937,0.433719,0.671523,0.444574,0.782215,0.35935,0.429825,0.336704,0.554743,0.30734,0.620514,0.287428,0.685229
v4.mp4,d2a239a6e4f3e90337b286ddd60551b2893f378e713ab85db53263622b457388,1920,1080,12.03,350,29.083,283,23583,Right,0.385833,0.196178,0.48082,0.229971,0.57062,0.294334,0.636959,0.361946,0.701317,0.40407,0.545719,0.338803,0.613685,0.499163,0.659395,0.59143,0.700931,0.675901,0.48956,0.374116,0.535429,0.512688,0.574893,0.61428,0.610884,0.710659,0.424289,0.401824,0.42816,0.561836,0.432726,0.682229,0.439572,0.792129,0.360813,0.421232,0.334158,0.546555,0.306927,0.617567,0.286662,0.685614
v4.mp4,d2a239a6e4f3e90337b286ddd60551b2893f378e713ab85db53263622b457388,1920,1080,12.03,350,29.083,284,23666,Right,0.38623,0.197077,0.487796,0.228826,0.572622,0.283268,0.628288,0.357608,0.675494,0.417719,0.554031,0.341877,0.608359,0.514608,0.642058,0.620316,0.673124,0.717085,0.490258,0.382067,0.537724,0.529782,0.578532,0.651761,0.614732,0.758765,0.418596,0.411126,0.429216,0.567818,0.439343,0.693126,0.451958,0.803503,0.34927,0.430566,0.327335,0.551295,0.307365,0.620818,0.294572,0.685937
v4.mp4,d2a239a6e4f3e90337b286ddd60551b2893f378e713ab85db53263622b457388,1920,1080,12.03,350,29.083,285,23750,Right,0.387404,0.199736,0.488508,0.245352,0.573921,0.298037,0.635067,0.357714,0.691922,0.406656,0.558966,0.339539,0.617972,0.509021,0.659566,0.613109,0.69743,0.708318,0.49857,0.37589,0.545226,0.532199,0.584673,0.657118,0.619531,0.768542,0.427732,0.402776,0.430636,0.562492,0.435455,0.690164,0.444169,0.806762,0.357374,0.42056,0.329071,0.542895,0.303661,0.61471,0.286547,0.684348
v4.mp4,d2a239a6e4f3e90337b286ddd60551b2893f378e713ab85db53263622b457388,1920,1080,12.03,350,29.083,286,23833,Right,0.384783,0.197285,0.483431,0.240052,0.567467,0.297251,0.622882,0.370035,0.6724,0.427276,0.551898,0.351553,0.60975,0.528277,0.646225,0.64116,0.678945,0.742111,0.491067,0.384245,0.537706,0.535486,0.576264,0.658516,0.609344,0.767396,0.422059,0.407749,0.430282,0.569751,0.440244,0.697359,0.451691,0.812043,0.354501,0.423295,0.329149,0.542218,0.306935,0.61477,0.292641,0.687403
v4.mp4,d2a239a6e4f3e90337b286ddd60551b2893f378e713ab85db53263622b457388,1920,1080,12.03,350,29.083,287,23916,Right,0.385143,0.199056,0.486315,0.238524,0.577095,0.291073,0.641591,0.351405,0.705129,0.398398,0.555102,0.330982,0.617308,0.502387,0.661466,0.603372,0.702609,0.695251,0.494299,0.371836,0.543381,0.533217,0.5833,0.658108,0.619259,0.769904,0.424542,0.402441,0.429704,0.569113,0.433186,0.694619,0.441454,0.808883,0.356591,0.422732,0.33095,0.544865,0.304847,0.616204,0.28773,0.687127
v4.mp4,d2a239a6e4f3e90337b286ddd60551b2893f378e713ab85db53263622b457388,1920,1080,12.03,350,29.083,288,24000,Right,0.383106,0.198736,0.484356,0.224005,0.572071,0.276015,0.629506,0.344694,0.683076,0.395011,0.552563,0.342791,0.617756,0.507363,0.660596,0.604474,0.703191,0.690682,0.488762,0.383004,0.53436,0.538058,0.573557,0.656201,0.611519,0.760393,0.418703,0.411478,0.423882,0.576036,0.434311,0.700816,0.447627,0.809086,0.352624,0.430267,0.329301,0.551194,0.306878,0.622535,0.293473,0.690577
v4.mp4,d2a239a6e4f3e90337b286ddd60551b2893f378e713ab85db53263622b457388,1920,1080,12.03,350,29.083,289,24083,Right,0.381781,0.190157,0.477185,0.223816,0.566325,0.279159,0.630699,0.342934,0.68997,0.384936,0.547654,0.334526,0.610423,0.515005,0.648409,0.628069,0.682359,0.728031,0.490305,0.374382,0.538609,0.538442,0.575486,0.658363,0.608073,0.765102,0.423339,0.40055,0.430398,0.543974,0.438073,0.648378,0.448919,0.745644,0.354957,0.416184,0.327426,0.531639,0.301186,0.601692,0.283475,0.669571
v4.mp4,d2a239a6e4f3e90337b286ddd60551b2893f378e713ab85db53263622b457388,1920,1080,12.03,350,29.083,290,24166,Right,0.385932,0.194822,0.481537,0.236025,0.572978,0.287636,0.641642,0.348184,0.705745,0.392815,0.554514,0.342502,0.612111,0.525225,0.648823,0.638452,0.681953,0.738449,0.497188,0.377714,0.540986,0.541867,0.575857,0.662161,0.606365,0.770024,0.430569,0.399311,0.433461,0.542583,0.437637,0.654161,0.443689,0.758051,0.362996,0.410759,0.33064,0.520398,0.300701,0.58928,0.279824,0.657128
v4.mp4,d2a239a6e4f3e90337b286ddd60551b2893f378e713ab85db53263622b457388,1920,1080,12.03,350,29.083,291,24250,Right,0.374186,0.193941,0.465754,0.221384,0.551604,0.285862,0.606482,0.37091,0.651772,0.43915,0.539274,0.338717,0.601839,0.506448,0.64011,0.61176,0.67508,0.703793,0.483221,0.376349,0.535162,0.538591,0.573889,0.664278,0.609064,0.773696,0.418988,0.405328,0.440591,0.567474,0.458224,0.690445,0.476981,0.803904,0.35356,0.423219,0.333619,0.539473,0.317332,0.60618,0.308715,0.673752
v4.mp4,d2a239a6e4f3e90337b286ddd60551b2893f378e713ab85db53263622b457388,1920,1080,12.03,350,29.083,292,24333,Right,0.381929,0.200032,0.485962,0.236453,0.574939,0.293995,0.636762,0.365668,0.696611,0.421996,0.550736,0.332252,0.611717,0.501034,0.652694,0.605298,0.692136,0.695304,0.489599,0.374638,0.538992,0.534437,0.578686,0.663467,0.616929,0.77635,0.42026,0.404722,0.433853,0.566067,0.44825,0.692962,0.466702,0.80433,0.352482,0.421794,0.324025,0.544486,0.301447,0.619119,0.286403,0.687851
v4.mp4,d2a239a6e4f3e90337b286ddd60551b2893f378e713ab85db53263622b457388,1920,1080,12.03,350,29.083,293,24416,Right,0.380539,0.206035,0.434132,0.316854,0.49358,0.40641,0.532914,0.488633,0.569617,0.558193,0.492687,0.389912,0.498075,0.570336,0.496883,0.670737,0.500706,0.774634,0.478919,0.376937,0.529558,0.540737,0.577283,0.670632,0.619602,0.789214,0.454042,0.36342,0.492263,0.530602,0.529407,0.666512,0.564717,0.790981,0.420762,0.348717,0.411794,0.455719,0.413437,0.527976,0.425212,0.60085
v4.mp4,d2a239a6e4f3e90337b286ddd60551b2893f378e713ab85db53263622b457388,1920,1080,12.03,350,29.083,294,24500,Left,0.394819,0.218562,0.41969,0.328692,0.469233,0.426431,0.508447,0.508396,0.545554,0.568982,0.47332,0.389658,0.476259,0.554986,0.477681,0.652776,0.483367,0.748892,0.485461,0.36075,0.535344,0.525761,0.579379,0.649572,0.615958,0.758601,0.48643,0.332206,0.547852,0.494815,0.604761,0.627669,0.650069,0.741462,0.480423,0.30552,0.503224,0.401708,0.52753,0.470816,0.550681,0.536188
v4.mp4,d2a239a6e4f3e90337b286ddd60551b2893f378e713ab85db53263622b457388,1920,1080,12.03,350,29.083,295,24583,Right,0.386946,0.220244,0.462487,0.250198,0.53019,0.31814,0.57054,0.399063,0.598466,0.453819,0.509003,0.344613,0.530855,0.497751,0.539757,0.58686,0.548797,0.670854,0.477592,0.36875,0.530335,0.519317,0.574161,0.641585,0.606449,0.745164,0.434776,0.381191,0.483046,0.538972,0.529893,0.672864,0.565587,0.787649,0.388761,0.389994,0.395992,0.492552,0.409158,0.5577,0.420632,0.619427
v4.mp4,d2a239a6e4f3e90337b286ddd60551b2893f378e713ab85db53263622b457388,1920,1080,12.03,350,29.083,296,24666,Right,0.390551,0.220389,0.469313,0.242861,0.54374,0.31189,0.586219,0.397899,0.615301,0.460001,0.518088,0.33969,0.535466,0.49152,0.539485,0.581698,0.545065,0.669628,0.479149,0.368809,0.529963,0.512181,0.571493,0.63752,0.601353,0.747173,0.429071,0.384869,0.461979,0.543423,0.495099,0.679353,0.519394,0.793026,0.376732,0.39985,0.373955,0.51072,0.37769,0.578939,0.382458,0.64144
v4.mp4,d2a239a6e4f3e90337b286ddd60551b2893f378e713ab85db53263622b457388,1920,1080,12.03,350,29.083,297,24750,Right,0.396758,0.212118,0.398802,0.338796,0.445743,0.441987,0.493666,0.516364,0.53362,0.563646,0.452825,0.406423,0.45561,0.56444,0.45617,0.664582,0.459684,0.765409,0.481728,0.358342,0.535284,0.491225,0.57938,0.61993,0.610082,0.740141,0.497446,0.307467,0.551618,0.439671,0.593269,0.585217,0.618879,0.706291,0.504928,0.26769,0.541577,0.35626,0.569624,0.432358,0.594526,0.503258
v4.mp4,d2a239a6e4f3e90337b286ddd60551b2893f378e713ab85db53263622b457388,1920,1080,12.03,350,29.083,298,24833,Right,0.391092,0.220941,0.477525,0.226865,0.550386,0.294765,0.593131,0.38294,0.619995,0.453275,0.535087,0.309744,0.593414,0.426301,0.626544,0.513512,0.652622,0.602051,0.484912,0.348147,0.540154,0.488125,0.581081,0.61581,0.610451,0.730332,0.419443,0.382616,0.446553,0.544763,0.472211,0.681187,0.490984,0.796097,0.354106,0.417946,0.338738,0.540977,0.331501,0.609658,0.327043,0.67109
v4.mp4,d2a239a6e4f3e90337b286ddd60551b2893f378e713ab85db53263622b457388,1920,1080,12.03,350,29.083,299,24916,Right,0.383797,0.211307,0.411086,0.310302,0.464635,0.38992,0.506891,0.463848,0.545437,0.522976,0.463459,0.396883,0.467577,0.557099,0.466416,0.642648,0.47137,0.728163,0.478512,0.369991,0.531194,0.530828,0.57327,0.652754,0.606927,0.763174,0.480577,0.34172,0.543655,0.465588,0.601518,0.569266,0.648568,0.665634,0.473781,0.308152,0.495919,0.392745,0.513569,0.464502,0.53358,0.537066
v4.mp4,d2a239a6e4f3e90337b286ddd60551b2893f378e713ab85db53263622b457388,1920,1080,12.03,350,29.083,300,25000,Left,0.388321,0.211421,0.396434,0.330172,0.438135,0.422746,0.483326,0.500886,0.521124,0.561376,0.450434,0.398404,0.457275,0.556132,0.459944,0.665404,0.462928,0.767725,0.480965,0.362325,0.539417,0.513239,0.581827,0.637491,0.611018,0.739387,0.497473,0.321747,0.569359,0.442113,0.62703,0.544393,0.668665,0.626596,0.501958,0.278872,0.535869,0.364877,0.562559,0.435214,0.584356,0.499606
v4.mp4,d2a239a6e4f3e90337b286ddd60551b2893f378e713ab85db53263622b457388,1920,1080,12.03,350,29.083,301,25083,Left,0.395152,0.227781,0.386495,0.348375,0.424299,0.45097,0.472191,0.534125,0.513697,0.593179,0.440785,0.402082,0.449296,0.555967,0.451347,0.6576,0.457173,0.75221,0.485531,0.356631,0.544005,0.513797,0.58473,0.636273,0.615077,0.732279,0.517877,0.312138,0.590921,0.450015,0.64634,0.57395,0.686722,0.672702,0.537681,0.270031,0.5932,0.349249,0.627948,0.4139,0.65485,0.467322
v4.mp4,d2a239a6e4f3e90337b286ddd60551b2893f378e713ab85db53263622b457388,1920,1080,12.03,350,29.083,302,25166,Right,0.387612,0.215861,0.476906,0.219505,0.556351,0.276571,0.604135,0.359249,0.641707,0.423993,0.536966,0.323233,0.580421,0.475245,0.601446,0.566315,0.622756,0.649372,0.486618,0.363055,0.541882,0.526746,0.584942,0.649025,0.619402,0.749346,0.423893,0.396861,0.462668,0.572327,0.50317,0.701274,0.538533,0.81156,0.361647,0.425009,0.347217,0.550132,0.337922,0.614994,0.33187,0.676586
v4.mp4,d2a239a6e4f3e90337b286ddd60551b2893f378e713ab85db53263622b457388,1920,1080,12.03,350,29.083,303,25250,Right,0.387147,0.214855,0.435751,0.292537,0.495948,0.367017,0.534518,0.446592,0.572975,0.509657,0.490962,0.368152,0.489727,0.544995,0.483769,0.641808,0.483847,0.734966,0.484062,0.368969,0.53804,0.54588,0.581758,0.672399,0.617292,0.782075,0.464189,0.362336,0.515669,0.540136,0.562347,0.677248,0.6045,0.798108,0.434068,0.350286,0.431797,0.463761,0.437461,0.538248,0.448449,0.606377
v4.mp4,d2a239a6e4f3e90337b286ddd60551b2893f378e713ab85db53263622b457388,1920,1080,12.03,350,29.083,304,25333,Right,0.391158,0.213952,0.484575,0.223307,0.56499,0.28008,0.621305,0.352782,0.670894,0.40649,0.544116,0.323839,0.603223,0.453204,0.638678,0.534936,0.669448,0.609857,0.487539,0.369425,0.537593,0.511581,0.574455,0.630222,0.604746,0.73039,0.420957,0.399518,0.440538,0.556016,0.458804,0.6778,0.477943,0.780756,0.355144,0.418267,0.330118,0.546002,0.310643,0.619707,0.296214,0.681989
v4.mp4,d2a239a6e4f3e90337b286ddd60551b2893f378e713ab85db53263622b457388,1920,1080,12.03,350,29.083,305,25416,Right,0.380759,0.206935,0.414983,0.328709,0.466239,0.428468,0.504128,0.51394,0.53922,0.585003,0.473299,0.410616,0.489182,0.57774,0.494711,0.675089,0.501875,0.776803,0.478085,0.3853,0.530151,0.534227,0.574889,0.658755,0.613618,0.775364,0.466979,0.351972,0.509337,0.485766,0.547153,0.594651,0.580465,0.692432,0.443415,0.315009,0.441769,0.418928,0.446112,0.49883,0.457559,0.573131
v4.mp4,d2a239a6e4f3e90337b286ddd60551b2893f378e713ab85db53263622b457388,1920,1080,12.03,350,29.083,306,25500,Right,0.390548,0.216516,0.421526,0.309634,0.474377,0.395126,0.512914,0.48042,0.544243,0.5476,0.477232,0.377447,0.481872,0.541358,0.483684,0.642474,0.488281,0.740449,0.484798,0.362386,0.535887,0.522937,0.579925,0.64704,0.61454,0.753973,0.478882,0.34384,0.537206,0.503288,0.590503,0.635585,0.632512,0.74758,0.465344,0.324273,0.484911,0.422009,0.509156,0.492267,0.530591,0.556849
v4.mp4,d2a239a6e4f3e90337b286ddd60551b2893f378e713ab85db53263622b457388,1920,1080,12.03,350,29.083,307,25583,Right,0.394711,0.220301,0.487394,0.22956,0.56206,0.297221,0.605126,0.385138,0.63315,0.453219,0.538885,0.337015,0.585849,0.480104,0.612558,0.571854,0.636971,0.654056,0.484654,0.371526,0.535716,0.514434,0.579877,0.633718,0.614859,0.735358,0.419785,0.395844,0.442388,0.562271,0.471047,0.686219,0.497422,0.789988,0.35553,0.418937,0.335249,0.545191,0.32351,0.619383,0.31509,0.68379
v4.mp4,d2a239a6e4f3e90337b286ddd60551b2893f378e713ab85db53263622b457388,1920,1080,12.03,350,29.083,308,25666,Right,0.384968,0.218867,0.483282,0.231083,0.564132,0.295724,0.609762,0.383477,0.645531,0.45639,0.548062,0.333905,0.602645,0.486763,0.63263,0.582184,0.659325,0.667755,0.488111,0.383667,0.540107,0.537643,0.580302,0.662138,0.616236,0.771552,0.418971,0.416558,0.443227,0.577098,0.46481,0.694094,0.487648,0.796283,0.349677,0.435583,0.323249,0.554792,0.308721,0.624581,0.300731,0.688422
v4.mp4,d2a239a6e4f3e90337b286ddd60551b2893f378e713ab85db53263622b457388,1920,1080,12.03,350,29.083,309,25750,Right,0.387838,0.211795,0.487671,0.243977,0.569386,0.303292,0.623252,0.378414,0.674272,0.437269,0.551591,0.336232,0.617886,0.491604,0.662975,0.590834,0.704016,0.675751,0.49297,0.376455,0.541013,0.532222,0.578282,0.657789,0.611596,0.765945,0.425033,0.404037,0.43686,0.5602,0.451109,0.684386,0.466499,0.790791,0.357008,0.421073,0.326436,0.5419,0.301724,0.614399,0.283551,0.678496
v4.mp4,d2a239a6e4f3e90337b286ddd60551b2893f378e713ab85db53263622b457388,1920,1080,12.03,350,29.083,310,25833,Right,0.383737,0.204468,0.483802,0.232668,0.571863,0.290725,0.633052,0.366929,0.684741,0.426834,0.547469,0.337562,0.604368,0.510112,0.638087,0.622107,0.669341,0.719741,0.487568,0.380372,0.536364,0.531858,0.577223,0.656214,0.614801,0.763913,0.420179,0.409221,0.43798,0.56489,0.455064,0.689298,0.475326,0.798493,0.352605,0.426618,0.32524,0.54355,0.306918,0.616505,0.29558,0.686764
v4.mp4,d2a239a6e4f3e90337b286ddd60551b2893f378e713ab85db53263622b457388,1920,1080,12.03,350,29.083,311,25916,Left,0.383788,0.21111,0.369753,0.366434,0.386901,0.492046,0.409591,0.600857,0.430508,0.68933,0.430584,0.427161,0.441027,0.585839,0.442327,0.683728,0.447472,0.782774,0.481399,0.370813,0.537926,0.533973,0.585004,0.665543,0.627623,0.779402,0.517265,0.318051,0.584724,0.471087,0.638175,0.597855,0.68459,0.710696,0.537342,0.267754,0.564758,0.349653,0.583868,0.414844,0.605938,0.477919
v4.mp4,d2a239a6e4f3e90337b286ddd60551b2893f378e713ab85db53263622b457388,1920,1080,12.03,350,29.083,312,26000,Right,0.393268,0.222843,0.433694,0.317408,0.480913,0.400753,0.505311,0.485758,0.532404,0.557738,0.479924,0.379602,0.482217,0.557398,0.481362,0.664993,0.483627,0.76841,0.48155,0.364983,0.538091,0.534485,0.581828,0.660838,0.618343,0.773419,0.472186,0.348376,0.53413,0.521282,0.585073,0.657436,0.627797,0.776694,0.454629,0.330117,0.458457,0.432654,0.47034,0.504106,0.486326,0.573743
v4.mp4,d2a239a6e4f3e90337b286ddd60551b2893f378e713ab85db53263622b457388,1920,1080,12.03,350,29.083,313,26083,Right,0.389156,0.223202,0.461097,0.255631,0.535905,0.321873,0.579945,0.400502,0.61007,0.461392,0.51512,0.334027,0.534335,0.497366,0.535434,0.592337,0.537854,0.683092,0.482861,0.358292,0.53347,0.51945,0.576643,0.647827,0.608694,0.75679,0.44077,0.376944,0.490477,0.535872,0.536829,0.663839,0.571239,0.772621,0.396809,0.392597,0.394579,0.50119,0.398444,0.563159,0.402132,0.621918
v4.mp4,d2a239a6e4f3e90337b286ddd60551b2893f378e713ab85db53263622b457388,1920,1080,12.03,350,29.083,314,26166,Left,0.393099,0.217403,0.370018,0.349488,0.377644,0.467048,0.38267,0.551098,0.378291,0.596375,0.420942,0.417436,0.442941,0.569553,0.450547,0.667232,0.458009,0.757127,0.471096,0.359426,0.53427,0.515989,0.577467,0.633071,0.608648,0.732273,0.510214,0.299472,0.580243,0.443478,0.635562,0.563425,0.67522,0.660395,0.536279,0.244472,0.587206,0.318705,0.617791,0.378392,0.637496,0.434364
v4.mp4,d2a239a6e4f3e90337b286ddd60551b2893f378e713ab85db53263622b457388,1920,1080,12.03,350,29.083,315,26250,Right,0.388829,0.225254,0.458019,0.267873,0.528802,0.33518,0.56905,0.413301,0.602707,0.479377,0.506092,0.347645,0.516021,0.526244,0.511749,0.626844,0.510384,0.723305,0.477026,0.369819,0.531571,0.542024,0.572984,0.666425,0.607368,0.769391,0.441124,0.378135,0.490082,0.552646,0.530478,0.685909,0.564579,0.796399,0.400946,0.376467,0.399116,0.474886,0.402765,0.530358,0.407953,0.580986
v4.mp4,d2a239a6e4f3e90337b286ddd60551b2893f378e713ab85db53263622b457388,1920,1080,12.03,350,29.083,316,26333,Right,0.393121,0.222744,0.48532,0.224876,0.560842,0.286093,0.608204,0.367203,0.640869,0.431571,0.537388,0.331903,0.593311,0.480624,0.627069,0.575741,0.656026,0.656174,0.482386,0.372491,0.535796,0.528725,0.58017,0.650214,0.615016,0.742293,0.419173,0.400664,0.441569,0.57093,0.469952,0.690732,0.49553,0.785254,0.356582,0.42192,0.32901,0.537705,0.306121,0.583076,0.286123,0.61821
v4.mp4,d2a239a6e4f3e90337b286ddd60551b2893f378e713ab85db53263622b457388,1920,1080,12.03,350,29.083,317,26416,Right,0.387574,0.21709,0.489488,0.253802,0.575211,0.301429,0.635287,0.368303,0.701742,0.420829,0.550044,0.345708,0.614532,0.498334,0.661839,0.598094,0.70438,0.683499,0.490769,0.381822,0.538222,0.535406,0.579972,0.655131,0.618105,0.764102,0.425361,0.407503,0.43512,0.560415,0.452563,0.680546,0.467454,0.785952,0.361635,0.425267,0.332865,0.550349,0.309451,0.627838,0.294415,0.698187
v4.mp4,d2a239a6e4f3e90337b286ddd60551b2893f378e713ab85db53263622b457388,1920,1080,12.03,350,29.083,318,26500,Right,0.385275,0.206655,0.489337,0.243728,0.575465,0.290917,0.634345,0.35317,0.691697,0.406915,0.553477,0.346013,0.610736,0.516488,0.649134,0.629385,0.682666,0.72501,0.492611,0.378788,0.540458,0.5368,0.580101,0.659669,0.61655,0.768111,0.423999,0.400364,0.439761,0.554378,0.458228,0.681309,0.477752,0.795532,0.354691,0.41329,0.328671,0.537754,0.308062,0.618995,0.295038,0.695944
v4.mp4,d2a239a6e4f3e90337b286ddd60551b2893f378e713ab85db53263622b457388,1920,1080,12.03,350,29.083,319,26583,Right,0.384113,0.20044,0.48316,0.234622,0.568381,0.289443,0.624511,0.363064,0.675807,0.423176,0.548595,0.345315,0.603333,0.525673,0.636808,0.64623,0.665261,0.749087,0.488546,0.378692,0.539037,0.538415,0.579001,0.663302,0.615005,0.771528,0.420332,0.402537,0.44055,0.559118,0.461581,0.68766,0.483368,0.802132,0.349955,0.416454,0.324251,0.540785,0.306592,0.621724,0.297372,0.696728
v4.mp4,d2a239a6e4f3e90337b286ddd60551b2893f378e713ab85db53263622b457388,1920,1080,12.03,350,29.083,320,26666,Left,0.384978,0.212331,0.412182,0.34292,0.457114,0.444098,0.489383,0.527751,0.520076,0.595517,0.470609,0.408843,0.487918,0.58512,0.496544,0.689496,0.508167,0.794582,0.481293,0.373027,0.533257,0.538161,0.578551,0.670712,0.620165,0.792335,0.477551,0.334939,0.513957,0.496975,0.543506,0.637063,0.572933,0.76551,0.461706,0.29744,0.450255,0.402343,0.447591,0.480544,0.456898,0.559133
v4.mp4,d2a239a6e4f3e90337b286ddd60551b2893f378e713ab85db53263622b457388,1920,1080,12.03,350,29.083,321,26750,Right,0.394073,0.223067,0.452629,0.286426,0.513471,0.360624,0.547837,0.434543,0.57696,0.493995,0.496528,0.363275,0.50173,0.538297,0.49837,0.641484,0.496488,0.740055,0.477752,0.365432,0.531063,0.533213,0.574703,0.653671,0.608768,0.756687,0.450641,0.358651,0.503258,0.525619,0.550207,0.655202,0.589462,0.76559,0.417899,0.346516,0.414711,0.446542,0.419328,0.507993,0.425393,0.56563
v4.mp4,d2a239a6e4f3e90337b286ddd60551b2893f378e713ab85db53263622b457388,1920,1080,12.03,350,29.083,322,26833,Left,0.396139,0.220495,0.411157,0.327248,0.450611,0.423439,0.488012,0.497024,0.520408,0.547392,0.452664,0.39399,0.466272,0.547136,0.47196,0.642344,0.478845,0.731773,0.475443,0.357463,0.530527,0.515106,0.574479,0.635691,0.606957,0.740902,0.489713,0.314919,0.544134,0.467761,0.592934,0.600287,0.630533,0.714062,0.494488,0.271734,0.517596,0.356063,0.536129,0.420955,0.551753,0.483049
v4.mp4,d2a239a6e4f3e90337b286ddd60551b2893f378e713ab85db53263622b457388,1920,1080,12.03,350,29.083,323,26916,Right,0.39513,0.221421,0.484513,0.229822,0.561518,0.291286,0.614722,0.370175,0.65935,0.424692,0.540286,0.321393,0.602972,0.439915,0.645107,0.518743,0.682952,0.593606,0.488062,0.357851,0.537856,0.495411,0.578121,0.617526,0.610442,0.724747,0.422941,0.385409,0.43649,0.543295,0.455901,0.673437,0.473706,0.783233,0.357631,0.413349,0.334811,0.537617,0.315197,0.597468,0.299578,0.646289
v4.mp4,d2a239a6e4f3e90337b286ddd60551b2893f378e713ab85db53263622b457388,1920,1080,12.03,350,29.083,324,27000,Right,0.389662,0.216453,0.487764,0.237392,0.566547,0.291647,0.61845,0.361635,0.664764,0.417555,0.553027,0.331057,0.61252,0.486725,0.651893,0.589387,0.687014,0.675604,0.492709,0.363195,0.542553,0.528957,0.582235,0.657469,0.616551,0.764044,0.422123,0.388877,0.438906,0.558402,0.45801,0.688071,0.480111,0.796275,0.353179,0.409823,0.324383,0.546331,0.30353,0.627011,0.289039,0.69558
v4.mp4,d2a239a6e4f3e90337b286ddd60551b2893f378e713ab85db53263622b457388,1920,1080,12.03,350,29.083,325,27083,Right,0.389585,0.217071,0.497441,0.260127,0.581999,0.310576,0.634393,0.376437,0.695697,0.424446,0.560747,0.345397,0.615776,0.514054,0.658154,0.623892,0.694783,0.71456,0.497591,0.374648,0.541159,0.533241,0.581526,0.652027,0.620132,0.761453,0.428555,0.398837,0.439547,0.554456,0.459657,0.681048,0.477333,0.792652,0.358324,0.421397,0.331859,0.546226,0.307385,0.625899,0.291295,0.700741
v4.mp4,d2a239a6e4f3e90337b286ddd60551b2893f378e713ab85db53263622b457388,1920,1080,12.03,350,29.083,326,27166,Right,0.382874,0.205953,0.482701,0.246965,0.567347,0.305107,0.622803,0.376837,0.677233,0.43576,0.54733,0.340158,0.599575,0.525224,0.632727,0.646193,0.661456,0.751829,0.490159,0.370555,0.537357,0.530432,0.578477,0.655137,0.614167,0.763271,0.423625,0.39379,0.439975,0.557639,0.460991,0.685028,0.483777,0.798657,0.353783,0.410106,0.326784,0.5377,0.308239,0.617239,0.298013,0.690857
v4.mp4,d2a239a6e4f3e90337b286ddd60551b2893f378e713ab85db53263622b457388,1920,1080,12.03,350,29.083,327,27250,Right,0.380795,0.212029,0.46811,0.270055,0.548648,0.340335,0.598918,0.420507,0.642653,0.48252,0.528169,0.359286,0.577546,0.544751,0.611142,0.661189,0.639419,0.762253,0.484035,0.375102,0.533078,0.539316,0.576903,0.66671,0.613492,0.777352,0.431347,0.382828,0.451358,0.547956,0.472773,0.678445,0.494812,0.795999,0.374111,0.382191,0.348914,0.496289,0.334435,0.570295,0.328454,0.64029
v4.mp4,d2a239a6e4f3e90337b286ddd60551b2893f378e713ab85db53263622b457388,1920,1080,12.03,350,29.083,328,27333,Right,0.384759,0.220245,0.480831,0.259532,0.560896,0.319444,0.608431,0.398201,0.648246,0.462905,0.545559,0.344192,0.59994,0.515421,0.634749,0.624428,0.666096,0.717858,0.49058,0.376388,0.537375,0.533802,0.576955,0.65958,0.611585,0.768204,0.427954,0.39972,0.440634,0.558388,0.457351,0.683701,0.474809,0.792316,0.36475,0.413103,0.331548,0.526671,0.310225,0.591199,0.29635,0.64991
v4.mp4,d2a239a6e4f3e90337b286ddd60551b2893f378e713ab85db53263622b457388,1920,1080,12.03,350,29.083,329,27416,Right,0.386517,0.216205,0.486286,0.249945,0.573751,0.300312,0.633114,0.367627,0.692584,0.418596,0.551924,0.336347,0.608887,0.511415,0.647532,0.622057,0.683959,0.716065,0.491339,0.37667,0.534429,0.539279,0.57643,0.66344,0.616753,0.768848,0.425504,0.403652,0.433926,0.565071,0.453117,0.691583,0.474949,0.801328,0.361694,0.419037,0.328638,0.533785,0.297186,0.596081,0.27364,0.65056
v4.mp4,d2a239a6e4f3e90337b286ddd60551b2893f378e713ab85db53263622b457388,1920,1080,12.03,350,29.083,330,27500,Right,0.385805,0.209858,0.492183,0.251664,0.580042,0.294199,0.639369,0.354658,0.704194,0.410322,0.554056,0.35499,0.614073,0.516437,0.658539,0.620606,0.698953,0.708826,0.49369,0.387848,0.53832,0.535758,0.579747,0.651309,0.619608,0.759964,0.427128,0.409097,0.440661,0.553133,0.458673,0.67732,0.475083,0.791383,0.360052,0.425437,0.335027,0.543033,0.311382,0.623084,0.297069,0.700824
v4.mp4,d2a239a6e4f3e90337b286ddd60551b2893f378e713ab85db53263622b457388,1920,1080,12.03,350,29.083,331,27583,Right,0.38512,0.203673,0.486941,0.250335,0.573006,0.298993,0.629953,0.363948,0.688372,0.419068,0.556224,0.347887,0.610304,0.521809,0.646847,0.638988,0.676514,0.738807,0.494701,0.381209,0.541116,0.537354,0.578563,0.660413,0.61318,0.773235,0.426172,0.404956,0.443304,0.554147,0.460903,0.681667,0.477437,0.798651,0.355385,0.420409,0.33093,0.536509,0.311814,0.616803,0.300972,0.694492
v4.mp4,d2a239a6e4f3e90337b286ddd60551b2893f378e713ab85db53263622b457388,1920,1080,12.03,350,29.083,332,27666,Right,0.375572,0.200905,0.465937,0.242163,0.541303,0.313199,0.582088,0.406229,0.610574,0.483853,0.529652,0.352444,0.574245,0.535852,0.600534,0.661432,0.621975,0.770364,0.481665,0.376923,0.536178,0.533789,0.57736,0.66156,0.611601,0.771451,0.422924,0.394257,0.451918,0.550121,0.473948,0.679464,0.494962,0.795376,0.35954,0.402276,0.33895,0.521979,0.330142,0.598871,0.328424,0.674082
v4.mp4,d2a239a6e4f3e90337b286ddd60551b2893f378e713ab85db53263622b457388,1920,1080,12.03,350,29.083,333,27750,Right,0.382796,0.206607,0.481241,0.234556,0.565008,0.29058,0.624816,0.359939,0.685306,0.409066,0.544176,0.33681,0.612534,0.489301,0.656695,0.58475,0.696696,0.667159,0.487475,0.377381,0.537888,0.536287,0.576918,0.657849,0.612543,0.763298,0.420288,0.402643,0.432407,0.559775,0.448395,0.680612,0.465695,0.784678,0.353089,0.414509,0.324051,0.540793,0.304153,0.619109,0.29041,0.688154
v4.mp4,d2a239a6e4f3e90337b286ddd60551b2893f378e713ab85db53263622b457388,1920,1080,12.03,350,29.083,334,27833,Right,0.380546,0.210211,0.40356,0.335758,0.450241,0.435007,0.489042,0.518255,0.525087,0.58749,0.462557,0.40704,0.475326,0.573078,0.476296,0.666307,0.481971,0.763984,0.47663,0.379105,0.529514,0.529185,0.577135,0.657582,0.619958,0.776353,0.477676,0.347146,0.526942,0.479947,0.571519,0.592888,0.611368,0.693713,0.467146,0.312825,0.476332,0.409167,0.488392,0.482532,0.507863,0.54969
v4.mp4,d2a239a6e4f3e90337b286ddd60551b2893f378e713ab85db53263622b457388,1920,1080,12.03,350,29.083,335,27916,Right,0.377481,0.218036,0.471181,0.231299,0.546779,0.296325,0.587244,0.382622,0.615614,0.453333,0.53052,0.343441,0.58337,0.458026,0.616645,0.524032,0.647242,0.588264,0.482957,0.378219,0.531632,0.50987,0.575199,0.623097,0.610929,0.721723,0.423642,0.401174,0.457654,0.547885,0.499379,0.665445,0.532657,0.764125,0.36505,0.41871,0.351513,0.554746,0.348823,0.633756,0.350101,0.703926
v4.mp4,d2a239a6e4f3e90337b286ddd60551b2893f378e713ab85db53263622b457388,1920,1080,12.03,350,29.083,336,28000,Right,0.385441,0.219723,0.48238,0.230415,0.55779,0.285105,0.60554,0.354082,0.642539,0.412363,0.544226,0.335143,0.607919,0.442359,0.646989,0.500874,0.684209,0.556708,0.489208,0.379787,0.536179,0.514312,0.574343,0.621215,0.61031,0.715083,0.422165,0.410695,0.439341,0.555231,0.461533,0.665766,0.484267,0.759714,0.355198,0.431062,0.325685,0.56264,0.306071,0.638384,0.292451,0.702212
v4.mp4,d2a239a6e4f3e90337b286ddd60551b2893f378e713ab85db53263622b457388,1920,1080,12.03,350,29.083,337,28083,Right,0.37978,0.21461,0.478867,0.239559,0.560764,0.290295,0.615221,0.371342,0.662282,0.430744,0.543651,0.335396,0.599665,0.5061,0.633179,0.620387,0.663859,0.720949,0.488442,0.38125,0.537897,0.530837,0.577086,0.65487,0.610079,0.763485,0.421515,0.411837,0.437398,0.568144,0.451945,0.694353,0.465456,0.801309,0.353822,0.430387,0.329026,0.550078,0.314334,0.622574,0.306243,0.687747
v4.mp4,d2a239a6e4f3e90337b286ddd60551b2893f378e713ab85db53263622b457388,1920,1080,12.03,350,29.083,338,28166,Right,0.384724,0.209235,0.488771,0.233641,0.57642,0.289132,0.636537,0.365064,0.694405,0.417707,0.551325,0.338812,0.606415,0.513221,0.638852,0.626116,0.66898,0.722861,0.489332,0.381966,0.539149,0.53633,0.57923,0.658423,0.616166,0.764351,0.419917,0.41184,0.436044,0.564395,0.453334,0.684867,0.472338,0.790149,0.351108,0.429947,0.324456,0.550733,0.302966,0.6251,0.287921,0.692888
v4.mp4,d2a239a6e4f3e90337b286ddd60551b2893f378e713ab85db53263622b457388,1920,1080,12.03,350,29.083,339,28250,Right,0.382815,0.20123,0.482522,0.225728,0.571766,0.281673,0.631913,0.360594,0.683315,0.426851,0.545864,0.347908,0.593652,0.529424,0.620856,0.645247,0.646137,0.748107,0.487316,0.39027,0.536208,0.542142,0.577537,0.664968,0.614242,0.772435,0.419882,0.416495,0.43722,0.564748,0.455221,0.686079,0.476219,0.795585,0.349831,0.428768,0.324684,0.545958,0.307071,0.620048,0.299402,0.689588
v4.mp4,d2a239a6e4f3e90337b286ddd60551b2893f378e713ab85db53263622b457388,1920,1080,12.03,350,29.083,340,28333,Right,0.377757,0.204459,0.448396,0.282366,0.511693,0.374457,0.547363,0.479708,0.576096,0.568612,0.507406,0.379383,0.529111,0.562869,0.535496,0.667322,0.544441,0.769634,0.479197,0.383821,0.532646,0.547129,0.57314,0.675902,0.608085,0.789889,0.436894,0.382421,0.467767,0.544177,0.493476,0.674182,0.517932,0.790303,0.38626,0.376667,0.367003,0.492696,0.361955,0.568053,0.367421,0.642323
v4.mp4,d2a239a6e4f3e90337b286ddd60551b2893f378e713ab85db53263622b457388,1920,1080,12.03,350,29.083,341,28416,Right,0.382767,0.22448,0.449652,0.275624,0.517467,0.354257,0.55779,0.44704,0.590109,0.516867,0.505067,0.363303,0.529625,0.531128,0.546195,0.636239,0.560591,0.736947,0.478961,0.38199,0.537103,0.531443,0.581646,0.657311,0.614794,0.765949,0.44059,0.390452,0.505731,0.530137,0.557526,0.640681,0.597049,0.735646,0.396749,0.39172,0.408597,0.497479,0.426191,0.56427,0.441125,0.626745
v4.mp4,d2a239a6e4f3e90337b286ddd60551b2893f378e713ab85db53263622b457388,1920,1080,12.03,350,29.083,342,28500,Right,0.389261,0.216696,0.487377,0.220052,0.561496,0.279795,0.607802,0.357767,0.64086,0.420151,0.544755,0.327706,0.605484,0.444362,0.643925,0.511502,0.677569,0.573571,0.486813,0.371828,0.535679,0.51567,0.576309,0.629972,0.609871,0.725899,0.420104,0.401821,0.438503,0.555035,0.465024,0.669153,0.490468,0.765744,0.355111,0.424165,0.32959,0.560756,0.313496,0.638185,0.304139,0.702625
v4.mp4,d2a239a6e4f3e90337b286ddd60551b2893f378e713ab85db53263622b457388,1920,1080,12.03,350,29.083,343,28583,Right,0.377742,0.216367,0.454753,0.269979,0.520595,0.344237,0.556158,0.442441,0.582986,0.524393,0.519323,0.35261,0.563509,0.520905,0.590234,0.634232,0.614343,0.738346,0.484935,0.375419,0.537401,0.527785,0.577519,0.655757,0.610951,0.76916,0.435036,0.388877,0.45849,0.547166,0.475531,0.683055,0.492173,0.801757,0.379008,0.393571,0.358879,0.509253,0.355375,0.582913,0.358813,0.651633
v4.mp4,d2a239a6e4f3e90337b286ddd60551b2893f378e713ab85db53263622b457388,1920,1080,12.03,350,29.083,344,28666,Right,0.389871,0.216597,0.487225,0.225196,0.570544,0.280588,0.625565,0.358414,0.676822,0.416319,0.55261,0.327071,0.608217,0.485489,0.64392,0.587313,0.676742,0.675117,0.491589,0.376136,0.54,0.526708,0.580261,0.6479,0.616427,0.752095,0.420884,0.411412,0.4398,0.566469,0.458145,0.68583,0.476941,0.786628,0.350483,0.434411,0.324664,0.557353,0.304337,0.627482,0.289302,0.687541
v4.mp4,d2a239a6e4f3e90337b286ddd60551b2893f378e713ab85db53263622b457388,1920,1080,12.03,350,29.083,345,28750,Right,0.386349,0.204323,0.486986,0.23942,0.572462,0.298752,0.628381,0.380183,0.673738,0.44831,0.551024,0.347459,0.60505,0.526233,0.637748,0.642519,0.666816,0.744568,0.491047,0.384929,0.539306,0.535697,0.579511,0.658506,0.615517,0.765655,0.422258,0.41099,0.437393,0.562616,0.454754,0.687789,0.474643,0.798237,0.352335,0.427093,0.326705,0.546707,0.308768,0.621044,0.298307,0.691076
v4.mp4,d2a239a6e4f3e90337b286ddd60551b2893f378e713ab85db53263622b457388,1920,1080,12.03,350,29.083,346,28833,Right,0.381405,0.209643,0.470974,0.256057,0.551304,0.3238,0.599132,0.41498,0.637115,0.494043,0.534862,0.356745,0.584004,0.535156,0.61447,0.650588,0.641954,0.75518,0.488649,0.384743,0.537745,0.536144,0.580289,0.662835,0.617795,0.775455,0.430819,0.401731,0.447712,0.553214,0.464329,0.683392,0.482238,0.800014,0.368628,0.407632,0.343742,0.521905,0.332023,0.594992,0.330452,0.665257
v4.mp4,d2a239a6e4f3e90337b286ddd60551b2893f378e713ab85db53263622b457388,1920,1080,12.03,350,29.083,347,28916,Right,0.378337,0.20616,0.47431,0.237124,0.55203,0.288405,0.603361,0.362689,0.648566,0.417777,0.542069,0.339682,0.602236,0.499415,0.639817,0.604001,0.672693,0.694387,0.48641,0.381465,0.538233,0.53202,0.577615,0.654576,0.612931,0.763528,0.420685,0.40911,0.43591,0.558369,0.452384,0.682125,0.469531,0.791595,0.354172,0.423865,0.32831,0.538795,0.311396,0.607676,0.301575,0.672659
v4.mp4,d2a239a6e4f3e90337b286ddd60551b2893f378e713ab85db53263622b457388,1920,1080,12.03,350,29.083,348,29000,Right,0.376886,0.201535,0.473111,0.230428,0.562359,0.273145,0.634576,0.310511,0.704326,0.306349,0.539402,0.339185,0.602322,0.502956,0.643092,0.60085,0.678589,0.684611,0.484856,0.38378,0.537694,0.545253,0.578881,0.66706,0.614268,0.774938,0.421631,0.412044,0.436066,0.568968,0.448545,0.686,0.462094,0.791063,0.359507,0.425782,0.33004,0.545437,0.305631,0.617668,0.290224,0.68548
v4.mp4,d2a239a6e4f3e90337b286ddd60551b2893f378e713ab85db53263622b457388,1920,1080,12.03,350,29.083,349,29083,Right,0.373899,0.201456,0.461813,0.254054,0.531655,0.340872,0.568062,0.445507,0.59678,0.533423,0.536227,0.351991,0.602146,0.522182,0.641734,0.625648,0.678415,0.71814,0.486973,0.374914,0.542008,0.540867,0.579923,0.666694,0.615574,0.775545,0.425859,0.395985,0.447546,0.560787,0.462155,0.688754,0.47871,0.800329,0.361681,0.411263,0.338167,0.538964,0.322525,0.612441,0.313967,0.679411
