video_file,video_hash,video_width,video_height,video_fps,total_video_frames,video_duration_sec,frame_idx,timestamp_ms,hand,hand_score,wrist_x,wrist_y,wrist_z,wrist_visibility,wrist_presence,thumb_cmc_x,thumb_cmc_y,thumb_cmc_z,thumb_cmc_visibility,thumb_cmc_presence,thumb_mcp_x,thumb_mcp_y,thumb_mcp_z,thumb_mcp_visibility,thumb_mcp_presence,thumb_ip_x,thumb_ip_y,thumb_ip_z,thumb_ip_visibility,thumb_ip_presence,thumb_tip_x,thumb_tip_y,thumb_tip_z,thumb_tip_visibility,thumb_tip_presence,index_mcp_x,index_mcp_y,index_mcp_z,index_mcp_visibility,index_mcp_presence,index_pip_x,index_pip_y,index_pip_z,index_pip_visibility,index_pip_presence,index_dip_x,index_dip_y,index_dip_z,index_dip_visibility,index_dip_presence,index_tip_x,index_tip_y,index_tip_z,index_tip_visibility,index_tip_presence,middle_mcp_x,middle_mcp_y,middle_mcp_z,middle_mcp_visibility,middle_mcp_presence,middle_pip_x,middle_pip_y,middle_pip_z,middle_pip_visibility,middle_pip_presence,middle_dip_x,middle_dip_y,middle_dip_z,middle_dip_visibility,middle_dip_presence,middle_tip_x,middle_tip_y,middle_tip_z,middle_tip_visibility,middle_tip_presence,ring_mcp_x,ring_mcp_y,ring_mcp_z,ring_mcp_visibility,ring_mcp_presence,ring_pip_x,ring_pip_y,ring_pip_z,ring_pip_visibility,ring_pip_presence,ring_dip_x,ring_dip_y,ring_dip_z,ring_dip_visibility,ring_dip_presence,ring_tip_x,ring_tip_y,ring_tip_z,ring_tip_visibility,ring_tip_presence,pinky_mcp_x,pinky_mcp_y,pinky_mcp_z,pinky_mcp_visibility,pinky_mcp_presence,pinky_pip_x,pinky_pip_y,pinky_pip_z,pinky_pip_visibility,pinky_pip_presence,pinky_dip_x,pinky_dip_y,pinky_dip_z,pinky_dip_visibility,pinky_dip_presence,pinky_tip_x,pinky_tip_y,pinky_tip_z,pinky_tip_visibility,pinky_tip_presence
v8.mp4,f074e4450aec1c1c5cb93b17c20fc5c9c6a348d10be735644c3bcb76445ea550,1920,1080,12.07,176,14.583,0,0,Right,0.840817,0.292441,0.115225,1e-06,0.0,0.0,0.410497,0.117023,-0.029099,0.0,0.0,0.513477,0.175813,-0.07803,0.0,0.0,0.581361,0.228638,-0.112515,0.0,0.0,0.646606,0.277123,-0.152746,0.0,0.0,0.499064,0.244415,-0.221497,0.0,0.0,0.575982,0.34111,-0.295817,0.0,0.0,0.630247,0.424964,-0.330667,0.0,0.0,0.665596,0.511039,-0.358328,0.0,0.0,0.429065,0.299199,-0.236075,0.0,0.0,0.501893,0.495546,-0.350328,0.0,0.0,0.544273,0.648373,-0.41488,0.0,0.0,0.573989,0.796912,-0.461253,0.0,0.0,0.357448,0.339577,-0.236874,0.0,0.0,0.388716,0.533148,-0.342167,0.0,0.0,0.415596,0.701688,-0.405679,0.0,0.0,0.435596,0.832384,-0.445566,0.0,0.0,0.294791,0.364878,-0.229125,0.0,0.0,0.303768,0.516896,-0.316856,0.0,0.0,0.316721,0.622859,-0.369298,0.0,0.0,0.332155,0.714716,-0.407192,0.0,0.0
v8.mp4,f074e4450aec1c1c5cb93b17c20fc5c9c6a348d10be735644c3bcb76445ea550,1920,1080,12.07,176,14.583,1,83,Right,0.913823,0.290104,0.114921,2e-06,0.0,0.0,0.425544,0.112947,-0.032645,0.0,0.0,0.52524,0.152814,-0.099973,0.0,0.0,0.593008,0.201271,-0.152538,0.0,0.0,0.66812,0.240458,-0.21107,0.0,0.0,0.503263,0.218097,-0.276083,0.0,0.0,0.591948,0.278965,-0.379203,0.0,0.0,0.647086,0.334084,-0.432675,0.0,0.0,0.688582,0.395122,-0.469616,0.0,0.0,0.437305,0.290209,-0.29345,0.0,0.0,0.499574,0.481272,-0.440996,0.0,0.0,0.552838,0.635028,-0.530189,0.0,0.0,0.591029,0.768544,-0.594211,0.0,0.0,0.368622,0.341688,-0.291814,0.0,0.0,0.38221,0.556215,-0.425416,0.0,0.0,0.419391,0.722719,-0.502179,0.0,0.0,0.442214,0.86058,-0.549831,0.0,0.0,0.305295,0.384734,-0.278869,0.0,0.0,0.29071,0.548624,-0.375903,0.0,0.0,0.285298,0.664091,-0.426252,0.0,0.0,0.283735,0.76384,-0.463814,0.0,0.0
v8.mp4,f074e4450aec1c1c5cb93b17c20fc5c9c6a348d10be735644c3bcb76445ea550,1920,1080,12.07,176,14.583,2,166,Right,0.897534,0.285763,0.099402,2e-06,0.0,0.0,0.420954,0.106742,-0.042094,0.0,0.0,0.527843,0.133354,-0.10724,0.0,0.0,0.605268,0.176216,-0.156091,0.0,0.0,0.690203,0.202816,-0.208603,0.0,0.0,0.497295,0.228903,-0.265065,0.0,0.0,0.577256,0.336657,-0.370256,0.0,0.0,0.636355,0.41409,-0.433689,0.0,0.0,0.688433,0.487116,-0.479743,0.0,0.0,0.427382,0.303135,-0.275692,0.0,0.0,0.487616,0.516805,-0.415494,0.0,0.0,0.539669,0.681318,-0.503084,0.0,0.0,0.576856,0.821925,-0.569017,0.0,0.0,0.358706,0.351578,-0.269647,0.0,0.0,0.373549,0.575648,-0.388161,0.0,0.0,0.410577,0.737305,-0.450894,0.0,0.0,0.434596,0.870988,-0.492786,0.0,0.0,0.299992,0.391144,-0.255909,0.0,0.0,0.285763,0.556799,-0.345928,0.0,0.0,0.281939,0.667404,-0.390086,0.0,0.0,0.286003,0.766119,-0.423831,0.0,0.0
v8.mp4,f074e4450aec1c1c5cb93b17c20fc5c9c6a348d10be735644c3bcb76445ea550,1920,1080,12.07,176,14.583,3,250,Right,0.784718,0.280199,0.080766,1e-06,0.0,0.0,0.409597,0.07778,-0.03967,0.0,0.0,0.517668,0.114824,-0.085604,0.0,0.0,0.600124,0.158857,-0.118984,0.0,0.0,0.681798,0.179754,-0.155704,0.0,0.0,0.49195,0.226486,-0.194617,0.0,0.0,0.5767,0.383712,-0.270828,0.0,0.0,0.63391,0.48521,-0.312425,0.0,0.0,0.681916,0.578363,-0.342319,0.0,0.0,0.423831,0.294763,-0.20413,0.0,0.0,0.489075,0.517663,-0.304258,0.0,0.0,0.535941,0.687882,-0.363396,0.0,0.0,0.567782,0.831395,-0.406907,0.0,0.0,0.354162,0.33988,-0.203966,0.0,0.0,0.376325,0.569524,-0.290527,0.0,0.0,0.406683,0.735346,-0.33485,0.0,0.0,0.426942,0.87727,-0.364099,0.0,0.0,0.293383,0.360294,-0.200254,0.0,0.0,0.285979,0.544434,-0.273597,0.0,0.0,0.284792,0.661848,-0.308074,0.0,0.0,0.288081,0.768935,-0.331867,0.0,0.0
v8.mp4,f074e4450aec1c1c5cb93b17c20fc5c9c6a348d10be735644c3bcb76445ea550,1920,1080,12.07,176,14.583,4,333,Right,0.826492,0.282166,0.088513,1e-06,0.0,0.0,0.404674,0.076333,-0.039445,0.0,0.0,0.514122,0.117391,-0.079875,0.0,0.0,0.605808,0.166522,-0.110266,0.0,0.0,0.688024,0.191536,-0.143325,0.0,0.0,0.490234,0.229221,-0.16036,0.0,0.0,0.576991,0.421425,-0.224326,0.0,0.0,0.631254,0.548002,-0.255644,0.0,0.0,0.670259,0.66179,-0.276791,0.0,0.0,0.423022,0.295877,-0.17038,0.0,0.0,0.491684,0.51694,-0.245936,0.0,0.0,0.538582,0.687195,-0.286674,0.0,0.0,0.565733,0.827437,-0.316871,0.0,0.0,0.353662,0.338119,-0.175155,0.0,0.0,0.379536,0.568917,-0.247805,0.0,0.0,0.40617,0.733057,-0.283226,0.0,0.0,0.425881,0.873817,-0.306031,0.0,0.0,0.29166,0.356225,-0.177863,0.0,0.0,0.284429,0.54385,-0.243726,0.0,0.0,0.281916,0.663323,-0.272606,0.0,0.0,0.282657,0.772039,-0.291117,0.0,0.0
v8.mp4,f074e4450aec1c1c5cb93b17c20fc5c9c6a348d10be735644c3bcb76445ea550,1920,1080,12.07,176,14.583,5,416,Right,0.8132,0.279574,0.082898,1e-06,0.0,0.0,0.40511,0.071555,-0.039166,0.0,0.0,0.516346,0.115067,-0.080138,0.0,0.0,0.609763,0.162891,-0.111676,0.0,0.0,0.693301,0.184421,-0.146072,0.0,0.0,0.491445,0.22341,-0.160275,0.0,0.0,0.571889,0.437868,-0.227369,0.0,0.0,0.623275,0.572304,-0.2606,0.0,0.0,0.661817,0.688088,-0.282275,0.0,0.0,0.424394,0.288749,-0.171081,0.0,0.0,0.49205,0.517789,-0.247942,0.0,0.0,0.538226,0.693943,-0.287147,0.0,0.0,0.565297,0.837232,-0.315647,0.0,0.0,0.355064,0.332426,-0.177379,0.0,0.0,0.380717,0.565748,-0.250943,0.0,0.0,0.405775,0.734675,-0.285158,0.0,0.0,0.426155,0.876866,-0.306505,0.0,0.0,0.292777,0.351772,-0.181992,0.0,0.0,0.284749,0.540082,-0.248742,0.0,0.0,0.283414,0.66105,-0.277854,0.0,0.0,0.284751,0.772144,-0.296046,0.0,0.0
v8.mp4,f074e4450aec1c1c5cb93b17c20fc5c9c6a348d10be735644c3bcb76445ea550,1920,1080,12.07,176,14.583,6,500,Right,0.827963,0.283428,0.089276,1e-06,0.0,0.0,0.409951,0.075469,-0.043263,0.0,0.0,0.519545,0.115055,-0.089529,0.0,0.0,0.611296,0.159849,-0.125158,0.0,0.0,0.695947,0.180963,-0.164163,0.0,0.0,0.490876,0.220849,-0.178722,0.0,0.0,0.570195,0.437775,-0.250689,0.0,0.0,0.621288,0.571751,-0.285794,0.0,0.0,0.659538,0.687746,-0.308719,0.0,0.0,0.4211,0.289864,-0.188801,0.0,0.0,0.489471,0.51958,-0.271039,0.0,0.0,0.537825,0.69417,-0.312297,0.0,0.0,0.566745,0.836909,-0.342794,0.0,0.0,0.35066,0.335975,-0.193613,0.0,0.0,0.378921,0.567714,-0.27142,0.0,0.0,0.406192,0.735919,-0.307562,0.0,0.0,0.427514,0.877427,-0.330728,0.0,0.0,0.288556,0.35815,-0.196607,0.0,0.0,0.282135,0.5432,-0.266933,0.0,0.0,0.282636,0.664634,-0.29854,0.0,0.0,0.285806,0.777311,-0.319091,0.0,0.0
v8.mp4,f074e4450aec1c1c5cb93b17c20fc5c9c6a348d10be735644c3bcb76445ea550,1920,1080,12.07,176,14.583,7,583,Right,0.855272,0.274988,0.076871,1e-06,0.0,0.0,0.399738,0.067775,-0.038574,0.0,0.0,0.510714,0.114683,-0.077418,0.0,0.0,0.603076,0.168909,-0.106807,0.0,0.0,0.686211,0.200189,-0.13879,0.0,0.0,0.488436,0.219816,-0.152084,0.0,0.0,0.569304,0.436348,-0.216645,0.0,0.0,0.620427,0.569431,-0.249583,0.0,0.0,0.659685,0.683652,-0.270826,0.0,0.0,0.421268,0.287596,-0.160966,0.0,0.0,0.490661,0.5221,-0.230477,0.0,0.0,0.537849,0.696982,-0.266291,0.0,0.0,0.566806,0.839079,-0.293084,0.0,0.0,0.352489,0.331656,-0.165919,0.0,0.0,0.381101,0.569076,-0.234029,0.0,0.0,0.407128,0.737568,-0.266855,0.0,0.0,0.427546,0.87821,-0.287688,0.0,0.0,0.291023,0.351247,-0.169315,0.0,0.0,0.285562,0.542146,-0.232228,0.0,0.0,0.284201,0.662449,-0.259693,0.0,0.0,0.284707,0.772165,-0.276764,0.0,0.0
v8.mp4,f074e4450aec1c1c5cb93b17c20fc5c9c6a348d10be735644c3bcb76445ea550,1920,1080,12.07,176,14.583,8,666,Right,0.869852,0.281243,0.081416,1e-06,0.0,0.0,0.410351,0.078083,-0.04058,0.0,0.0,0.519632,0.128723,-0.08276,0.0,0.0,0.602267,0.202527,-0.113974,0.0,0.0,0.673815,0.272154,-0.147828,0.0,0.0,0.494429,0.224235,-0.170586,0.0,0.0,0.572332,0.435348,-0.239682,0.0,0.0,0.622611,0.570123,-0.275179,0.0,0.0,0.660816,0.683931,-0.298564,0.0,0.0,0.424235,0.288342,-0.179516,0.0,0.0,0.49371,0.518177,-0.257834,0.0,0.0,0.539318,0.695872,-0.298457,0.0,0.0,0.567657,0.839957,-0.328451,0.0,0.0,0.35423,0.332475,-0.1831,0.0,0.0,0.381476,0.56595,-0.256176,0.0,0.0,0.407854,0.73654,-0.291693,0.0,0.0,0.42764,0.876624,-0.314801,0.0,0.0,0.292694,0.354341,-0.184881,0.0,0.0,0.28683,0.5443,-0.251569,0.0,0.0,0.285603,0.665425,-0.282041,0.0,0.0,0.285935,0.774012,-0.30162,0.0,0.0
v8.mp4,f074e4450aec1c1c5cb93b17c20fc5c9c6a348d10be735644c3bcb76445ea550,1920,1080,12.07,176,14.583,9,750,Right,0.876494,0.286194,0.093692,2e-06,0.0,0.0,0.41612,0.091634,-0.041715,0.0,0.0,0.521884,0.136016,-0.091267,0.0,0.0,0.601925,0.203215,-0.128556,0.0,0.0,0.678754,0.266714,-0.168544,0.0,0.0,0.49621,0.233898,-0.198108,0.0,0.0,0.574704,0.441574,-0.275418,0.0,0.0,0.62591,0.573146,-0.314351,0.0,0.0,0.664369,0.686111,-0.340557,0.0,0.0,0.427034,0.294099,-0.208877,0.0,0.0,0.491122,0.520021,-0.304659,0.0,0.0,0.537404,0.693878,-0.356156,0.0,0.0,0.566124,0.837225,-0.394048,0.0,0.0,0.356605,0.337861,-0.211323,0.0,0.0,0.378569,0.566385,-0.294718,0.0,0.0,0.406744,0.736684,-0.334807,0.0,0.0,0.426708,0.879562,-0.361889,0.0,0.0,0.292731,0.363458,-0.211095,0.0,0.0,0.284568,0.547098,-0.284792,0.0,0.0,0.282554,0.668468,-0.319055,0.0,0.0,0.285528,0.778256,-0.342247,0.0,0.0
v8.mp4,f074e4450aec1c1c5cb93b17c20fc5c9c6a348d10be735644c3bcb76445ea550,1920,1080,12.07,176,14.583,10,833,Right,0.895834,0.288456,0.092958,2e-06,0.0,0.0,0.4176,0.095424,-0.039648,0.0,0.0,0.521073,0.134518,-0.092577,0.0,0.0,0.599374,0.197865,-0.133405,0.0,0.0,0.678123,0.260675,-0.17762,0.0,0.0,0.497336,0.239691,-0.209817,0.0,0.0,0.582755,0.440751,-0.295743,0.0,0.0,0.638742,0.568928,-0.343169,0.0,0.0,0.68139,0.682688,-0.375884,0.0,0.0,0.429738,0.301688,-0.222121,0.0,0.0,0.490644,0.522203,-0.326619,0.0,0.0,0.536106,0.692236,-0.384855,0.0,0.0,0.566408,0.836841,-0.428521,0.0,0.0,0.359922,0.341971,-0.224947,0.0,0.0,0.377666,0.564123,-0.316362,0.0,0.0,0.406389,0.735455,-0.361876,0.0,0.0,0.425648,0.879324,-0.39297,0.0,0.0,0.296112,0.363756,-0.223958,0.0,0.0,0.285154,0.542722,-0.30429,0.0,0.0,0.283114,0.664662,-0.342692,0.0,0.0,0.287217,0.774613,-0.369546,0.0,0.0
v8.mp4,f074e4450aec1c1c5cb93b17c20fc5c9c6a348d10be735644c3bcb76445ea550,1920,1080,12.07,176,14.583,11,916,Right,0.889797,0.282585,0.091535,1e-06,0.0,0.0,0.413824,0.09399,-0.038167,0.0,0.0,0.517366,0.133523,-0.092119,0.0,0.0,0.592917,0.194394,-0.133715,0.0,0.0,0.674957,0.247203,-0.179292,0.0,0.0,0.494618,0.235071,-0.220719,0.0,0.0,0.5796,0.405529,-0.308905,0.0,0.0,0.638747,0.510751,-0.35689,0.0,0.0,0.687539,0.606982,-0.391232,0.0,0.0,0.429861,0.301634,-0.234288,0.0,0.0,0.490321,0.519763,-0.348885,0.0,0.0,0.534938,0.685581,-0.415637,0.0,0.0,0.566816,0.829806,-0.465607,0.0,0.0,0.360699,0.346833,-0.236413,0.0,0.0,0.374347,0.566847,-0.33663,0.0,0.0,0.404391,0.737167,-0.391043,0.0,0.0,0.423669,0.88028,-0.428211,0.0,0.0,0.297503,0.374532,-0.233523,0.0,0.0,0.284351,0.551369,-0.319572,0.0,0.0,0.282477,0.671943,-0.364709,0.0,0.0,0.288047,0.780833,-0.397542,0.0,0.0
v8.mp4,f074e4450aec1c1c5cb93b17c20fc5c9c6a348d10be735644c3bcb76445ea550,1920,1080,12.07,176,14.583,12,1000,Right,0.902484,0.283892,0.095361,1e-06,0.0,0.0,0.416787,0.098002,-0.037446,0.0,0.0,0.525441,0.134917,-0.090918,0.0,0.0,0.599856,0.197168,-0.129903,0.0,0.0,0.68007,0.250511,-0.172101,0.0,0.0,0.496757,0.223955,-0.232368,0.0,0.0,0.587414,0.340612,-0.321563,0.0,0.0,0.6515,0.411341,-0.36977,0.0,0.0,0.707142,0.477051,-0.40488,0.0,0.0,0.429615,0.29644,-0.244118,0.0,0.0,0.491069,0.51809,-0.365683,0.0,0.0,0.537221,0.681145,-0.437968,0.0,0.0,0.570181,0.819596,-0.491538,0.0,0.0,0.36294,0.346479,-0.242222,0.0,0.0,0.379114,0.568703,-0.346862,0.0,0.0,0.409258,0.735727,-0.403967,0.0,0.0,0.427739,0.874495,-0.44206,0.0,0.0,0.30249,0.38236,-0.233974,0.0,0.0,0.288943,0.559214,-0.32026,0.0,0.0,0.283419,0.675192,-0.365295,0.0,0.0,0.286416,0.775913,-0.398153,0.0,0.0
v8.mp4,f074e4450aec1c1c5cb93b17c20fc5c9c6a348d10be735644c3bcb76445ea550,1920,1080,12.07,176,14.583,13,1083,Right,0.747077,0.289886,0.100655,1e-06,0.0,0.0,0.426175,0.108147,-0.044161,0.0,0.0,0.533856,0.139991,-0.113641,0.0,0.0,0.605652,0.19777,-0.164777,0.0,0.0,0.680628,0.258273,-0.219357,0.0,0.0,0.499628,0.216744,-0.289726,0.0,0.0,0.574748,0.275029,-0.409988,0.0,0.0,0.63369,0.32937,-0.48503,0.0,0.0,0.692634,0.380772,-0.539035,0.0,0.0,0.428234,0.290734,-0.299836,0.0,0.0,0.489286,0.509077,-0.449227,0.0,0.0,0.5354,0.675771,-0.541596,0.0,0.0,0.571603,0.817242,-0.612737,0.0,0.0,0.362318,0.346291,-0.292875,0.0,0.0,0.377936,0.571276,-0.414979,0.0,0.0,0.408534,0.739211,-0.47955,0.0,0.0,0.426197,0.874348,-0.524575,0.0,0.0,0.306964,0.392743,-0.278393,0.0,0.0,0.291361,0.563873,-0.373464,0.0,0.0,0.284251,0.674421,-0.423766,0.0,0.0,0.286977,0.770337,-0.463404,0.0,0.0
v8.mp4,f074e4450aec1c1c5cb93b17c20fc5c9c6a348d10be735644c3bcb76445ea550,1920,1080,12.07,176,14.583,14,1166,Right,0.719265,0.290076,0.114938,1e-06,0.0,0.0,0.431998,0.115594,-0.039381,0.0,0.0,0.537916,0.14502,-0.108976,0.0,0.0,0.603326,0.203479,-0.158456,0.0,0.0,0.675438,0.269108,-0.211742,0.0,0.0,0.500623,0.224649,-0.307182,0.0,0.0,0.578874,0.298546,-0.420781,0.0,0.0,0.637624,0.361308,-0.4833,0.0,0.0,0.690305,0.420694,-0.529027,0.0,0.0,0.427211,0.302153,-0.316303,0.0,0.0,0.491801,0.510427,-0.469714,0.0,0.0,0.539617,0.672206,-0.557818,0.0,0.0,0.576399,0.817284,-0.625494,0.0,0.0,0.361672,0.357983,-0.305479,0.0,0.0,0.381922,0.57355,-0.435499,0.0,0.0,0.413417,0.737645,-0.503111,0.0,0.0,0.429164,0.877273,-0.54923,0.0,0.0,0.305742,0.407256,-0.284575,0.0,0.0,0.292971,0.570655,-0.385721,0.0,0.0,0.285288,0.681738,-0.440559,0.0,0.0,0.286264,0.782544,-0.483754,0.0,0.0
v8.mp4,f074e4450aec1c1c5cb93b17c20fc5c9c6a348d10be735644c3bcb76445ea550,1920,1080,12.07,176,14.583,15,1250,Right,0.877468,0.285205,0.089893,2e-06,0.0,0.0,0.409807,0.078673,-0.041502,0.0,0.0,0.519194,0.125855,-0.082304,0.0,0.0,0.604033,0.199709,-0.111601,0.0,0.0,0.676315,0.276221,-0.142697,0.0,0.0,0.493708,0.223396,-0.162457,0.0,0.0,0.57652,0.434457,-0.226878,0.0,0.0,0.628926,0.566255,-0.259356,0.0,0.0,0.66778,0.675217,-0.280472,0.0,0.0,0.424246,0.286244,-0.169489,0.0,0.0,0.494882,0.518586,-0.241132,0.0,0.0,0.54039,0.694438,-0.276294,0.0,0.0,0.56924,0.837377,-0.301678,0.0,0.0,0.353228,0.328849,-0.171854,0.0,0.0,0.384834,0.564541,-0.239283,0.0,0.0,0.411444,0.73439,-0.269543,0.0,0.0,0.432832,0.876814,-0.288796,0.0,0.0,0.289366,0.348806,-0.17264,0.0,0.0,0.283826,0.538138,-0.235337,0.0,0.0,0.282911,0.661013,-0.2608,0.0,0.0,0.284269,0.771771,-0.275932,0.0,0.0
v8.mp4,f074e4450aec1c1c5cb93b17c20fc5c9c6a348d10be735644c3bcb76445ea550,1920,1080,12.07,176,14.583,16,1333,Right,0.869847,0.287348,0.085808,1e-06,0.0,0.0,0.412172,0.080778,-0.040266,0.0,0.0,0.517592,0.127601,-0.084778,0.0,0.0,0.599976,0.196932,-0.118491,0.0,0.0,0.673712,0.269354,-0.154824,0.0,0.0,0.495283,0.226413,-0.174545,0.0,0.0,0.578134,0.431764,-0.246796,0.0,0.0,0.63101,0.559994,-0.284104,0.0,0.0,0.670492,0.671088,-0.308535,0.0,0.0,0.42792,0.288214,-0.184928,0.0,0.0,0.49404,0.517691,-0.26797,0.0,0.0,0.539609,0.693192,-0.311128,0.0,0.0,0.568024,0.836636,-0.342242,0.0,0.0,0.357826,0.330608,-0.189637,0.0,0.0,0.381024,0.564505,-0.266278,0.0,0.0,0.406858,0.734148,-0.302583,0.0,0.0,0.427527,0.875663,-0.325752,0.0,0.0,0.293727,0.35184,-0.19227,0.0,0.0,0.285168,0.538566,-0.262005,0.0,0.0,0.283687,0.66068,-0.293096,0.0,0.0,0.286207,0.770953,-0.312635,0.0,0.0
v8.mp4,f074e4450aec1c1c5cb93b17c20fc5c9c6a348d10be735644c3bcb76445ea550,1920,1080,12.07,176,14.583,17,1416,Right,0.871977,0.285789,0.089322,1e-06,0.0,0.0,0.412693,0.085359,-0.040458,0.0,0.0,0.519414,0.129452,-0.086896,0.0,0.0,0.600421,0.196696,-0.122089,0.0,0.0,0.673784,0.268578,-0.159944,0.0,0.0,0.495365,0.231156,-0.182766,0.0,0.0,0.578969,0.434965,-0.25841,0.0,0.0,0.631881,0.563549,-0.298629,0.0,0.0,0.671963,0.674608,-0.32543,0.0,0.0,0.427844,0.290857,-0.193566,0.0,0.0,0.493763,0.518768,-0.282171,0.0,0.0,0.538764,0.693682,-0.329515,0.0,0.0,0.567443,0.837496,-0.363944,0.0,0.0,0.357608,0.332067,-0.197777,0.0,0.0,0.379548,0.5637,-0.277106,0.0,0.0,0.405902,0.735241,-0.315039,0.0,0.0,0.426301,0.878413,-0.339895,0.0,0.0,0.293774,0.353264,-0.199719,0.0,0.0,0.285474,0.538659,-0.270916,0.0,0.0,0.283634,0.660378,-0.302975,0.0,0.0,0.286751,0.770985,-0.323791,0.0,0.0
v8.mp4,f074e4450aec1c1c5cb93b17c20fc5c9c6a348d10be735644c3bcb76445ea550,1920,1080,12.07,176,14.583,18,1500,Right,0.878155,0.287382,0.090009,1e-06,0.0,0.0,0.413426,0.084429,-0.039941,0.0,0.0,0.518209,0.129021,-0.086006,0.0,0.0,0.598809,0.196049,-0.121061,0.0,0.0,0.671896,0.268123,-0.158694,0.0,0.0,0.495143,0.229187,-0.181039,0.0,0.0,0.578382,0.433178,-0.25492,0.0,0.0,0.631426,0.561323,-0.2932,0.0,0.0,0.671391,0.672543,-0.318672,0.0,0.0,0.427721,0.29107,-0.191826,0.0,0.0,0.493599,0.518367,-0.278406,0.0,0.0,0.539024,0.693045,-0.324029,0.0,0.0,0.567298,0.836614,-0.357382,0.0,0.0,0.357725,0.333607,-0.196118,0.0,0.0,0.380106,0.565745,-0.274486,0.0,0.0,0.406079,0.736063,-0.311642,0.0,0.0,0.425978,0.878051,-0.335918,0.0,0.0,0.294076,0.355648,-0.198128,0.0,0.0,0.285756,0.540857,-0.269147,0.0,0.0,0.283962,0.662929,-0.301289,0.0,0.0,0.286671,0.773381,-0.322045,0.0,0.0
v8.mp4,f074e4450aec1c1c5cb93b17c20fc5c9c6a348d10be735644c3bcb76445ea550,1920,1080,12.07,176,14.583,19,1583,Right,0.840302,0.289298,0.088897,1e-06,0.0,0.0,0.413002,0.086499,-0.040524,0.0,0.0,0.51907,0.130645,-0.08413,0.0,0.0,0.602197,0.197725,-0.117381,0.0,0.0,0.675353,0.269442,-0.152955,0.0,0.0,0.496219,0.237099,-0.170194,0.0,0.0,0.579675,0.437955,-0.243331,0.0,0.0,0.631889,0.564746,-0.282191,0.0,0.0,0.670848,0.676229,-0.307882,0.0,0.0,0.429115,0.298224,-0.180627,0.0,0.0,0.490542,0.522542,-0.264282,0.0,0.0,0.53529,0.693866,-0.308443,0.0,0.0,0.563875,0.83542,-0.340346,0.0,0.0,0.359248,0.337975,-0.186048,0.0,0.0,0.378931,0.565046,-0.2638,0.0,0.0,0.404934,0.731629,-0.300948,0.0,0.0,0.426017,0.872423,-0.324544,0.0,0.0,0.295042,0.35635,-0.189575,0.0,0.0,0.284031,0.540462,-0.261169,0.0,0.0,0.281721,0.662031,-0.293596,0.0,0.0,0.284263,0.773297,-0.313847,0.0,0.0
v8.mp4,f074e4450aec1c1c5cb93b17c20fc5c9c6a348d10be735644c3bcb76445ea550,1920,1080,12.07,176,14.583,20,1666,Right,0.841289,0.287461,0.086394,1e-06,0.0,0.0,0.412413,0.086079,-0.046578,0.0,0.0,0.517828,0.13097,-0.098537,0.0,0.0,0.598527,0.198744,-0.138939,0.0,0.0,0.676708,0.27103,-0.181919,0.0,0.0,0.494384,0.218519,-0.200579,0.0,0.0,0.5743,0.422561,-0.284385,0.0,0.0,0.628174,0.550396,-0.33116,0.0,0.0,0.671253,0.663208,-0.36362,0.0,0.0,0.428974,0.27733,-0.211474,0.0,0.0,0.483056,0.463295,-0.316886,0.0,0.0,0.531912,0.601863,-0.377883,0.0,0.0,0.568895,0.721247,-0.422642,0.0,0.0,0.360478,0.323764,-0.214685,0.0,0.0,0.376408,0.537563,-0.310366,0.0,0.0,0.403668,0.708631,-0.359808,0.0,0.0,0.425277,0.853012,-0.392081,0.0,0.0,0.297416,0.353868,-0.215023,0.0,0.0,0.286017,0.535912,-0.298418,0.0,0.0,0.281685,0.656799,-0.338976,0.0,0.0,0.284223,0.766012,-0.366347,0.0,0.0
v8.mp4,f074e4450aec1c1c5cb93b17c20fc5c9c6a348d10be735644c3bcb76445ea550,1920,1080,12.07,176,14.583,21,1750,Right,0.758045,0.288881,0.095693,1e-06,0.0,0.0,0.420843,0.087339,-0.03555,0.0,0.0,0.524244,0.127802,-0.09356,0.0,0.0,0.598432,0.206449,-0.139188,0.0,0.0,0.675078,0.280615,-0.188385,0.0,0.0,0.496019,0.225441,-0.236613,0.0,0.0,0.579218,0.419781,-0.334075,0.0,0.0,0.63372,0.551668,-0.389886,0.0,0.0,0.678301,0.665025,-0.428678,0.0,0.0,0.430448,0.286831,-0.253309,0.0,0.0,0.479792,0.446894,-0.376004,0.0,0.0,0.526041,0.555744,-0.441363,0.0,0.0,0.56203,0.643969,-0.490364,0.0,0.0,0.362799,0.33556,-0.258632,0.0,0.0,0.374385,0.53987,-0.372231,0.0,0.0,0.404917,0.708341,-0.429993,0.0,0.0,0.427863,0.845439,-0.467691,0.0,0.0,0.298569,0.372766,-0.257081,0.0,0.0,0.290819,0.545694,-0.348,0.0,0.0,0.285905,0.660691,-0.391519,0.0,0.0,0.287378,0.762161,-0.423219,0.0,0.0
v8.mp4,f074e4450aec1c1c5cb93b17c20fc5c9c6a348d10be735644c3bcb76445ea550,1920,1080,12.07,176,14.583,22,1833,Right,0.755092,0.284519,0.086352,1e-06,0.0,0.0,0.417755,0.087768,-0.041432,0.0,0.0,0.521901,0.134421,-0.100547,0.0,0.0,0.596921,0.213868,-0.146981,0.0,0.0,0.672207,0.279079,-0.195855,0.0,0.0,0.490565,0.21265,-0.231294,0.0,0.0,0.571639,0.418674,-0.329377,0.0,0.0,0.628832,0.553089,-0.384748,0.0,0.0,0.678394,0.668097,-0.422865,0.0,0.0,0.428118,0.259756,-0.246785,0.0,0.0,0.478831,0.417991,-0.369463,0.0,0.0,0.524198,0.518119,-0.428388,0.0,0.0,0.556729,0.595331,-0.470139,0.0,0.0,0.359931,0.308374,-0.253307,0.0,0.0,0.373099,0.524221,-0.367406,0.0,0.0,0.401221,0.702919,-0.417813,0.0,0.0,0.423672,0.84855,-0.44872,0.0,0.0,0.293666,0.353198,-0.254671,0.0,0.0,0.288778,0.533731,-0.346878,0.0,0.0,0.283564,0.653138,-0.387028,0.0,0.0,0.283375,0.760817,-0.414469,0.0,0.0
v8.mp4,f074e4450aec1c1c5cb93b17c20fc5c9c6a348d10be735644c3bcb76445ea550,1920,1080,12.07,176,14.583,23,1916,Right,0.814616,0.288626,0.085817,1e-06,0.0,0.0,0.414673,0.087592,-0.03674,0.0,0.0,0.51823,0.129895,-0.087905,0.0,0.0,0.598966,0.206207,-0.129125,0.0,0.0,0.675674,0.276458,-0.171371,0.0,0.0,0.491598,0.222416,-0.197503,0.0,0.0,0.576044,0.425806,-0.28468,0.0,0.0,0.631967,0.556442,-0.332223,0.0,0.0,0.680442,0.670353,-0.36482,0.0,0.0,0.431702,0.266923,-0.214223,0.0,0.0,0.477482,0.427446,-0.325127,0.0,0.0,0.516755,0.525079,-0.375081,0.0,0.0,0.545316,0.59958,-0.408599,0.0,0.0,0.36353,0.310301,-0.224077,0.0,0.0,0.374603,0.524908,-0.329192,0.0,0.0,0.401085,0.697242,-0.371252,0.0,0.0,0.424791,0.838622,-0.394747,0.0,0.0,0.295424,0.346181,-0.229733,0.0,0.0,0.288934,0.529517,-0.316148,0.0,0.0,0.284654,0.649949,-0.350762,0.0,0.0,0.28569,0.759289,-0.371932,0.0,0.0
v8.mp4,f074e4450aec1c1c5cb93b17c20fc5c9c6a348d10be735644c3bcb76445ea550,1920,1080,12.07,176,14.583,24,2000,Right,0.817462,0.291653,0.103862,1e-06,0.0,0.0,0.425901,0.097872,-0.031199,0.0,0.0,0.527052,0.136988,-0.089625,0.0,0.0,0.597935,0.206809,-0.135631,0.0,0.0,0.676386,0.283207,-0.185099,0.0,0.0,0.502125,0.238563,-0.245868,0.0,0.0,0.580362,0.431292,-0.344501,0.0,0.0,0.63309,0.556139,-0.39924,0.0,0.0,0.676088,0.666052,-0.437021,0.0,0.0,0.432959,0.291056,-0.264233,0.0,0.0,0.482965,0.458207,-0.395699,0.0,0.0,0.532161,0.58235,-0.469875,0.0,0.0,0.574028,0.690533,-0.524767,0.0,0.0,0.364932,0.334733,-0.268185,0.0,0.0,0.375715,0.545583,-0.387457,0.0,0.0,0.405277,0.710448,-0.449928,0.0,0.0,0.428756,0.847409,-0.489938,0.0,0.0,0.302183,0.371181,-0.263914,0.0,0.0,0.292095,0.540523,-0.355816,0.0,0.0,0.285742,0.65591,-0.399851,0.0,0.0,0.287589,0.758864,-0.431917,0.0,0.0
v8.mp4,f074e4450aec1c1c5cb93b17c20fc5c9c6a348d10be735644c3bcb76445ea550,1920,1080,12.07,176,14.583,25,2083,Right,0.889392,0.289795,0.088686,1e-06,0.0,0.0,0.417275,0.086723,-0.040222,0.0,0.0,0.520493,0.131241,-0.089961,0.0,0.0,0.599128,0.200001,-0.127327,0.0,0.0,0.674747,0.272262,-0.167044,0.0,0.0,0.496922,0.226372,-0.198931,0.0,0.0,0.580421,0.433516,-0.279793,0.0,0.0,0.634218,0.558347,-0.321574,0.0,0.0,0.676487,0.665331,-0.349159,0.0,0.0,0.428293,0.284082,-0.210692,0.0,0.0,0.498661,0.499928,-0.308732,0.0,0.0,0.543905,0.66707,-0.358059,0.0,0.0,0.573036,0.805181,-0.392928,0.0,0.0,0.356546,0.326574,-0.214581,0.0,0.0,0.378864,0.556389,-0.301984,0.0,0.0,0.406523,0.726248,-0.340544,0.0,0.0,0.429782,0.867443,-0.364781,0.0,0.0,0.292088,0.352053,-0.215466,0.0,0.0,0.286087,0.534105,-0.291967,0.0,0.0,0.285622,0.655385,-0.324903,0.0,0.0,0.290993,0.765622,-0.345921,0.0,0.0
v8.mp4,f074e4450aec1c1c5cb93b17c20fc5c9c6a348d10be735644c3bcb76445ea550,1920,1080,12.07,176,14.583,26,2166,Right,0.854307,0.286777,0.083913,1e-06,0.0,0.0,0.412177,0.079034,-0.03888,0.0,0.0,0.516883,0.126708,-0.083159,0.0,0.0,0.598258,0.197213,-0.116553,0.0,0.0,0.672457,0.267927,-0.152168,0.0,0.0,0.496781,0.225037,-0.176287,0.0,0.0,0.580741,0.430726,-0.248639,0.0,0.0,0.633915,0.557427,-0.285275,0.0,0.0,0.674865,0.666486,-0.309249,0.0,0.0,0.429631,0.284071,-0.187356,0.0,0.0,0.499034,0.501738,-0.27228,0.0,0.0,0.542476,0.670643,-0.315038,0.0,0.0,0.569051,0.809988,-0.345273,0.0,0.0,0.358037,0.326633,-0.192299,0.0,0.0,0.381277,0.560812,-0.270494,0.0,0.0,0.405675,0.732276,-0.305735,0.0,0.0,0.425656,0.874728,-0.327606,0.0,0.0,0.292474,0.348814,-0.194956,0.0,0.0,0.286057,0.534573,-0.265497,0.0,0.0,0.285082,0.657014,-0.295844,0.0,0.0,0.28912,0.769211,-0.314438,0.0,0.0
v8.mp4,f074e4450aec1c1c5cb93b17c20fc5c9c6a348d10be735644c3bcb76445ea550,1920,1080,12.07,176,14.583,27,2250,Right,0.885071,0.287015,0.085016,1e-06,0.0,0.0,0.415166,0.083081,-0.039267,0.0,0.0,0.519424,0.128431,-0.087305,0.0,0.0,0.597758,0.197025,-0.123824,0.0,0.0,0.671645,0.269211,-0.162656,0.0,0.0,0.498615,0.223828,-0.19156,0.0,0.0,0.5808,0.431518,-0.267467,0.0,0.0,0.633474,0.558778,-0.305387,0.0,0.0,0.674046,0.668155,-0.330585,0.0,0.0,0.430329,0.281191,-0.203034,0.0,0.0,0.497649,0.501679,-0.297247,0.0,0.0,0.542117,0.671903,-0.346424,0.0,0.0,0.570266,0.812169,-0.381633,0.0,0.0,0.358758,0.324323,-0.206513,0.0,0.0,0.380394,0.558171,-0.289914,0.0,0.0,0.405902,0.730885,-0.328281,0.0,0.0,0.426046,0.873396,-0.352815,0.0,0.0,0.294076,0.34958,-0.207163,0.0,0.0,0.287863,0.537827,-0.280093,0.0,0.0,0.28618,0.661341,-0.312479,0.0,0.0,0.290316,0.772515,-0.333372,0.0,0.0
v8.mp4,f074e4450aec1c1c5cb93b17c20fc5c9c6a348d10be735644c3bcb76445ea550,1920,1080,12.07,176,14.583,28,2333,Right,0.887912,0.287781,0.088706,1e-06,0.0,0.0,0.413476,0.082203,-0.039555,0.0,0.0,0.519405,0.127274,-0.08337,0.0,0.0,0.599902,0.197745,-0.115988,0.0,0.0,0.672307,0.272307,-0.150449,0.0,0.0,0.49621,0.220775,-0.176451,0.0,0.0,0.580591,0.431524,-0.246591,0.0,0.0,0.6338,0.558743,-0.281485,0.0,0.0,0.675213,0.666957,-0.304299,0.0,0.0,0.427199,0.279466,-0.186147,0.0,0.0,0.497625,0.5007,-0.268073,0.0,0.0,0.542406,0.671811,-0.309058,0.0,0.0,0.570704,0.811664,-0.338551,0.0,0.0,0.3551,0.322745,-0.189638,0.0,0.0,0.381481,0.558006,-0.265317,0.0,0.0,0.406948,0.731304,-0.299698,0.0,0.0,0.427772,0.874031,-0.321357,0.0,0.0,0.290234,0.346801,-0.19088,0.0,0.0,0.286166,0.535501,-0.259574,0.0,0.0,0.285083,0.659025,-0.289174,0.0,0.0,0.288391,0.770598,-0.307477,0.0,0.0
v8.mp4,f074e4450aec1c1c5cb93b17c20fc5c9c6a348d10be735644c3bcb76445ea550,1920,1080,12.07,176,14.583,29,2416,Right,0.835723,0.288802,0.086475,1e-06,0.0,0.0,0.412508,0.080494,-0.042196,0.0,0.0,0.518038,0.124987,-0.085789,0.0,0.0,0.600383,0.197441,-0.119064,0.0,0.0,0.673267,0.27564,-0.154186,0.0,0.0,0.495662,0.226109,-0.16926,0.0,0.0,0.577197,0.432618,-0.24222,0.0,0.0,0.63006,0.55709,-0.280442,0.0,0.0,0.670746,0.667423,-0.305547,0.0,0.0,0.427914,0.286492,-0.179304,0.0,0.0,0.488069,0.506025,-0.263713,0.0,0.0,0.533517,0.67513,-0.308043,0.0,0.0,0.564313,0.817579,-0.33967,0.0,0.0,0.357517,0.327903,-0.184724,0.0,0.0,0.377538,0.554905,-0.264759,0.0,0.0,0.403154,0.723302,-0.303103,0.0,0.0,0.425401,0.865698,-0.326602,0.0,0.0,0.293316,0.349127,-0.188347,0.0,0.0,0.284315,0.532993,-0.261467,0.0,0.0,0.283051,0.656015,-0.294904,0.0,0.0,0.287145,0.769458,-0.315407,0.0,0.0
v8.mp4,f074e4450aec1c1c5cb93b17c20fc5c9c6a348d10be735644c3bcb76445ea550,1920,1080,12.07,176,14.583,30,2500,Right,0.805297,0.287623,0.08238,1e-06,0.0,0.0,0.407452,0.076344,-0.042543,0.0,0.0,0.514279,0.123267,-0.082931,0.0,0.0,0.597503,0.204748,-0.113825,0.0,0.0,0.671935,0.277786,-0.14505,0.0,0.0,0.489021,0.216725,-0.158477,0.0,0.0,0.571971,0.42293,-0.227335,0.0,0.0,0.627274,0.546663,-0.264751,0.0,0.0,0.673706,0.658139,-0.290994,0.0,0.0,0.426284,0.272219,-0.167959,0.0,0.0,0.473893,0.435438,-0.257073,0.0,0.0,0.521557,0.554415,-0.305343,0.0,0.0,0.557765,0.656925,-0.339512,0.0,0.0,0.358447,0.319193,-0.17283,0.0,0.0,0.374394,0.532687,-0.258116,0.0,0.0,0.401077,0.700174,-0.298385,0.0,0.0,0.423549,0.839027,-0.322269,0.0,0.0,0.295729,0.349651,-0.175902,0.0,0.0,0.287472,0.536412,-0.251786,0.0,0.0,0.283854,0.656848,-0.286326,0.0,0.0,0.286254,0.764716,-0.307176,0.0,0.0
v8.mp4,f074e4450aec1c1c5cb93b17c20fc5c9c6a348d10be735644c3bcb76445ea550,1920,1080,12.07,176,14.583,31,2583,Right,0.772555,0.287974,0.097993,1e-06,0.0,0.0,0.427158,0.096041,-0.029386,0.0,0.0,0.527844,0.136323,-0.093368,0.0,0.0,0.597789,0.212098,-0.143422,0.0,0.0,0.676338,0.280731,-0.19803,0.0,0.0,0.495936,0.221839,-0.26709,0.0,0.0,0.576932,0.416442,-0.373713,0.0,0.0,0.633772,0.552419,-0.431978,0.0,0.0,0.680192,0.664809,-0.471489,0.0,0.0,0.431508,0.274884,-0.285972,0.0,0.0,0.474441,0.435196,-0.418339,0.0,0.0,0.514032,0.537185,-0.480598,0.0,0.0,0.544155,0.618167,-0.527668,0.0,0.0,0.364967,0.31871,-0.291115,0.0,0.0,0.373693,0.525894,-0.415402,0.0,0.0,0.403228,0.704594,-0.475232,0.0,0.0,0.424409,0.849171,-0.513934,0.0,0.0,0.300132,0.356636,-0.286696,0.0,0.0,0.291767,0.527795,-0.381934,0.0,0.0,0.286982,0.65067,-0.426545,0.0,0.0,0.288332,0.757603,-0.46061,0.0,0.0
v8.mp4,f074e4450aec1c1c5cb93b17c20fc5c9c6a348d10be735644c3bcb76445ea550,1920,1080,12.07,176,14.583,32,2666,Right,0.817149,0.288126,0.091444,1e-06,0.0,0.0,0.414342,0.080427,-0.042979,0.0,0.0,0.521318,0.12616,-0.098467,0.0,0.0,0.602474,0.209131,-0.14184,0.0,0.0,0.677815,0.287315,-0.18681,0.0,0.0,0.48464,0.211436,-0.215356,0.0,0.0,0.572067,0.417502,-0.305559,0.0,0.0,0.629738,0.551542,-0.355836,0.0,0.0,0.67816,0.666846,-0.390103,0.0,0.0,0.422763,0.260519,-0.227424,0.0,0.0,0.467448,0.420854,-0.338145,0.0,0.0,0.507902,0.520779,-0.389673,0.0,0.0,0.537023,0.597044,-0.426842,0.0,0.0,0.356669,0.308996,-0.23212,0.0,0.0,0.371528,0.521415,-0.338344,0.0,0.0,0.40044,0.698773,-0.386196,0.0,0.0,0.421924,0.84191,-0.415304,0.0,0.0,0.294226,0.352611,-0.232146,0.0,0.0,0.293004,0.534668,-0.317682,0.0,0.0,0.287747,0.654012,-0.354858,0.0,0.0,0.286322,0.757901,-0.380126,0.0,0.0
v8.mp4,f074e4450aec1c1c5cb93b17c20fc5c9c6a348d10be735644c3bcb76445ea550,1920,1080,12.07,176,14.583,33,2750,Right,0.888789,0.288799,0.096259,1e-06,0.0,0.0,0.416231,0.085116,-0.041755,0.0,0.0,0.521368,0.128558,-0.093864,0.0,0.0,0.598036,0.205992,-0.133959,0.0,0.0,0.67391,0.2806,-0.17593,0.0,0.0,0.493263,0.221608,-0.206808,0.0,0.0,0.575465,0.420655,-0.293858,0.0,0.0,0.630478,0.546986,-0.342961,0.0,0.0,0.673832,0.657589,-0.375663,0.0,0.0,0.426031,0.275605,-0.217407,0.0,0.0,0.468414,0.446711,-0.326173,0.0,0.0,0.51216,0.578622,-0.383686,0.0,0.0,0.545767,0.686558,-0.425268,0.0,0.0,0.358123,0.322678,-0.219722,0.0,0.0,0.372091,0.531886,-0.323183,0.0,0.0,0.402296,0.701808,-0.374923,0.0,0.0,0.424814,0.839986,-0.406143,0.0,0.0,0.297282,0.361443,-0.217201,0.0,0.0,0.29189,0.53914,-0.300969,0.0,0.0,0.287689,0.660841,-0.339877,0.0,0.0,0.288307,0.768492,-0.365819,0.0,0.0
v8.mp4,f074e4450aec1c1c5cb93b17c20fc5c9c6a348d10be735644c3bcb76445ea550,1920,1080,12.07,176,14.583,34,2833,Right,0.892744,0.290889,0.090086,1e-06,0.0,0.0,0.415092,0.08054,-0.042228,0.0,0.0,0.518628,0.126811,-0.088385,0.0,0.0,0.597422,0.199253,-0.122817,0.0,0.0,0.672258,0.274834,-0.159626,0.0,0.0,0.497531,0.224813,-0.183237,0.0,0.0,0.580078,0.431204,-0.258602,0.0,0.0,0.633149,0.558176,-0.297878,0.0,0.0,0.674387,0.667063,-0.323219,0.0,0.0,0.427926,0.285547,-0.192283,0.0,0.0,0.486647,0.502565,-0.276384,0.0,0.0,0.526976,0.67129,-0.317108,0.0,0.0,0.552268,0.807276,-0.346618,0.0,0.0,0.356655,0.326481,-0.195981,0.0,0.0,0.377147,0.551556,-0.276875,0.0,0.0,0.403292,0.721556,-0.315425,0.0,0.0,0.425341,0.861484,-0.339604,0.0,0.0,0.292472,0.349519,-0.197115,0.0,0.0,0.286134,0.530491,-0.270038,0.0,0.0,0.285695,0.654769,-0.302996,0.0,0.0,0.288674,0.767362,-0.323913,0.0,0.0
v8.mp4,f074e4450aec1c1c5cb93b17c20fc5c9c6a348d10be735644c3bcb76445ea550,1920,1080,12.07,176,14.583,35,2916,Right,0.876484,0.288143,0.095566,1e-06,0.0,0.0,0.414586,0.083388,-0.042672,0.0,0.0,0.519357,0.127833,-0.091133,0.0,0.0,0.598053,0.197566,-0.127786,0.0,0.0,0.673658,0.270325,-0.167162,0.0,0.0,0.497264,0.225391,-0.191424,0.0,0.0,0.578581,0.43175,-0.268075,0.0,0.0,0.631946,0.558351,-0.306995,0.0,0.0,0.672296,0.667645,-0.332574,0.0,0.0,0.427721,0.285801,-0.201572,0.0,0.0,0.488634,0.503851,-0.291198,0.0,0.0,0.529821,0.673113,-0.337145,0.0,0.0,0.554889,0.812132,-0.370783,0.0,0.0,0.356436,0.329071,-0.205126,0.0,0.0,0.378372,0.55832,-0.288652,0.0,0.0,0.403909,0.729302,-0.328973,0.0,0.0,0.424338,0.871865,-0.355028,0.0,0.0,0.291937,0.354855,-0.205956,0.0,0.0,0.286481,0.53878,-0.280689,0.0,0.0,0.28494,0.662797,-0.315117,0.0,0.0,0.287869,0.775041,-0.337723,0.0,0.0
v8.mp4,f074e4450aec1c1c5cb93b17c20fc5c9c6a348d10be735644c3bcb76445ea550,1920,1080,12.07,176,14.583,36,3000,Right,0.902157,0.288088,0.092766,1e-06,0.0,0.0,0.417479,0.088853,-0.041887,0.0,0.0,0.520935,0.129973,-0.094614,0.0,0.0,0.597892,0.19806,-0.134584,0.0,0.0,0.674112,0.274133,-0.17729,0.0,0.0,0.497944,0.228058,-0.208715,0.0,0.0,0.579207,0.434093,-0.293883,0.0,0.0,0.633187,0.560865,-0.338824,0.0,0.0,0.67436,0.669275,-0.368052,0.0,0.0,0.428229,0.287742,-0.219267,0.0,0.0,0.487685,0.504742,-0.318136,0.0,0.0,0.529612,0.67255,-0.368534,0.0,0.0,0.556066,0.809725,-0.405622,0.0,0.0,0.357331,0.329253,-0.221824,0.0,0.0,0.37714,0.554921,-0.313261,0.0,0.0,0.40477,0.726138,-0.357888,0.0,0.0,0.425876,0.867357,-0.386684,0.0,0.0,0.293165,0.357033,-0.220545,0.0,0.0,0.286628,0.535879,-0.299993,0.0,0.0,0.284893,0.660362,-0.337314,0.0,0.0,0.288165,0.772293,-0.362445,0.0,0.0
v8.mp4,f074e4450aec1c1c5cb93b17c20fc5c9c6a348d10be735644c3bcb76445ea550,1920,1080,12.07,176,14.583,37,3083,Right,0.906514,0.288583,0.096263,1e-06,0.0,0.0,0.419465,0.088594,-0.042329,0.0,0.0,0.522138,0.129975,-0.095726,0.0,0.0,0.597528,0.198629,-0.136062,0.0,0.0,0.674374,0.272182,-0.179051,0.0,0.0,0.499843,0.226628,-0.213462,0.0,0.0,0.578692,0.434345,-0.299179,0.0,0.0,0.632696,0.560696,-0.343895,0.0,0.0,0.673683,0.66934,-0.373168,0.0,0.0,0.429104,0.286125,-0.223847,0.0,0.0,0.487869,0.502498,-0.326152,0.0,0.0,0.529807,0.670821,-0.38022,0.0,0.0,0.55602,0.810176,-0.420259,0.0,0.0,0.358108,0.32904,-0.225382,0.0,0.0,0.377487,0.555606,-0.31903,0.0,0.0,0.404297,0.727295,-0.365937,0.0,0.0,0.424068,0.869636,-0.396495,0.0,0.0,0.294473,0.358819,-0.22283,0.0,0.0,0.288065,0.539739,-0.303297,0.0,0.0,0.285435,0.663518,-0.341893,0.0,0.0,0.288849,0.774294,-0.368364,0.0,0.0
v8.mp4,f074e4450aec1c1c5cb93b17c20fc5c9c6a348d10be735644c3bcb76445ea550,1920,1080,12.07,176,14.583,38,3166,Right,0.903128,0.289583,0.096677,1e-06,0.0,0.0,0.423052,0.094265,-0.038621,0.0,0.0,0.523606,0.131669,-0.094584,0.0,0.0,0.596538,0.198652,-0.137501,0.0,0.0,0.673521,0.273911,-0.183358,0.0,0.0,0.500476,0.230443,-0.223554,0.0,0.0,0.57858,0.436438,-0.315926,0.0,0.0,0.633053,0.562848,-0.365304,0.0,0.0,0.674418,0.671015,-0.397078,0.0,0.0,0.430214,0.289312,-0.235724,0.0,0.0,0.486558,0.504388,-0.344088,0.0,0.0,0.528793,0.671866,-0.399794,0.0,0.0,0.555284,0.810021,-0.441059,0.0,0.0,0.359352,0.329207,-0.238024,0.0,0.0,0.376059,0.554058,-0.338564,0.0,0.0,0.404002,0.725179,-0.388181,0.0,0.0,0.42382,0.866774,-0.419901,0.0,0.0,0.295301,0.358806,-0.23488,0.0,0.0,0.287229,0.532898,-0.319333,0.0,0.0,0.28512,0.656841,-0.359297,0.0,0.0,0.289383,0.767502,-0.386918,0.0,0.0
v8.mp4,f074e4450aec1c1c5cb93b17c20fc5c9c6a348d10be735644c3bcb76445ea550,1920,1080,12.07,176,14.583,39,3250,Right,0.880919,0.284733,0.098998,1e-06,0.0,0.0,0.417593,0.095571,-0.044518,0.0,0.0,0.519801,0.128686,-0.105669,0.0,0.0,0.58815,0.192028,-0.15219,0.0,0.0,0.664264,0.259353,-0.2028,0.0,0.0,0.496554,0.227496,-0.249946,0.0,0.0,0.581536,0.362585,-0.352802,0.0,0.0,0.647877,0.433163,-0.410409,0.0,0.0,0.704154,0.497402,-0.450352,0.0,0.0,0.432157,0.298081,-0.26149,0.0,0.0,0.483929,0.503692,-0.392357,0.0,0.0,0.527503,0.658254,-0.470087,0.0,0.0,0.560054,0.797253,-0.527868,0.0,0.0,0.364779,0.344992,-0.260453,0.0,0.0,0.372925,0.557551,-0.381674,0.0,0.0,0.401332,0.723865,-0.452012,0.0,0.0,0.418741,0.864471,-0.497786,0.0,0.0,0.301758,0.378881,-0.252189,0.0,0.0,0.286987,0.54265,-0.352257,0.0,0.0,0.282907,0.661986,-0.407397,0.0,0.0,0.287306,0.769227,-0.447634,0.0,0.0
v8.mp4,f074e4450aec1c1c5cb93b17c20fc5c9c6a348d10be735644c3bcb76445ea550,1920,1080,12.07,176,14.583,40,3333,Right,0.875563,0.285514,0.113911,1e-06,0.0,0.0,0.424461,0.111851,-0.048805,0.0,0.0,0.531323,0.149518,-0.121711,0.0,0.0,0.597731,0.211118,-0.177595,0.0,0.0,0.665572,0.276241,-0.23743,0.0,0.0,0.499015,0.210178,-0.288222,0.0,0.0,0.580194,0.272778,-0.402356,0.0,0.0,0.640374,0.324283,-0.466805,0.0,0.0,0.694674,0.377537,-0.513145,0.0,0.0,0.430899,0.283728,-0.300792,0.0,0.0,0.486627,0.479691,-0.456638,0.0,0.0,0.532196,0.641228,-0.551675,0.0,0.0,0.564365,0.781901,-0.621741,0.0,0.0,0.365253,0.341756,-0.296773,0.0,0.0,0.379007,0.553304,-0.431479,0.0,0.0,0.407732,0.723509,-0.505136,0.0,0.0,0.424839,0.864515,-0.55297,0.0,0.0,0.306668,0.393013,-0.284821,0.0,0.0,0.294459,0.563111,-0.386282,0.0,0.0,0.286721,0.678463,-0.440691,0.0,0.0,0.287176,0.778304,-0.482147,0.0,0.0
v8.mp4,f074e4450aec1c1c5cb93b17c20fc5c9c6a348d10be735644c3bcb76445ea550,1920,1080,12.07,176,14.583,41,3416,Right,0.878412,0.285037,0.112606,2e-06,0.0,0.0,0.418609,0.107423,-0.044149,0.0,0.0,0.518126,0.129167,-0.120168,0.0,0.0,0.582495,0.183592,-0.17853,0.0,0.0,0.628138,0.255997,-0.238977,0.0,0.0,0.485734,0.205539,-0.297757,0.0,0.0,0.563248,0.226054,-0.428573,0.0,0.0,0.622578,0.268247,-0.515619,0.0,0.0,0.679811,0.304468,-0.577128,0.0,0.0,0.421401,0.268918,-0.30793,0.0,0.0,0.480888,0.4857,-0.467952,0.0,0.0,0.530372,0.653728,-0.570728,0.0,0.0,0.562081,0.785615,-0.648264,0.0,0.0,0.358299,0.322417,-0.29985,0.0,0.0,0.374339,0.558514,-0.425518,0.0,0.0,0.407416,0.732157,-0.489037,0.0,0.0,0.42639,0.863345,-0.531954,0.0,0.0,0.309966,0.380823,-0.284263,0.0,0.0,0.295624,0.561761,-0.371967,0.0,0.0,0.285923,0.675829,-0.414184,0.0,0.0,0.285656,0.767649,-0.44802,0.0,0.0
v8.mp4,f074e4450aec1c1c5cb93b17c20fc5c9c6a348d10be735644c3bcb76445ea550,1920,1080,12.07,176,14.583,42,3500,Right,0.904371,0.281174,0.104899,2e-06,0.0,0.0,0.411051,0.095428,-0.038944,0.0,0.0,0.513891,0.130782,-0.106048,0.0,0.0,0.5795,0.200435,-0.157545,0.0,0.0,0.621768,0.281055,-0.211471,0.0,0.0,0.482425,0.206465,-0.27045,0.0,0.0,0.555818,0.217559,-0.385224,0.0,0.0,0.61408,0.252902,-0.46091,0.0,0.0,0.672279,0.285829,-0.515798,0.0,0.0,0.420449,0.262138,-0.282105,0.0,0.0,0.482845,0.480751,-0.428828,0.0,0.0,0.530589,0.652263,-0.525035,0.0,0.0,0.56024,0.790574,-0.5969,0.0,0.0,0.35847,0.313769,-0.275876,0.0,0.0,0.381605,0.557522,-0.389605,0.0,0.0,0.41239,0.727172,-0.446784,0.0,0.0,0.430999,0.858403,-0.485268,0.0,0.0,0.310953,0.371676,-0.262851,0.0,0.0,0.298329,0.562286,-0.340816,0.0,0.0,0.286449,0.676238,-0.376492,0.0,0.0,0.283584,0.769198,-0.404936,0.0,0.0
v8.mp4,f074e4450aec1c1c5cb93b17c20fc5c9c6a348d10be735644c3bcb76445ea550,1920,1080,12.07,176,14.583,43,3583,Right,0.856463,0.289257,0.111919,1e-06,0.0,0.0,0.417625,0.107844,-0.048878,0.0,0.0,0.526222,0.136307,-0.123775,0.0,0.0,0.600689,0.195396,-0.179735,0.0,0.0,0.661106,0.246306,-0.23876,0.0,0.0,0.485198,0.219295,-0.296658,0.0,0.0,0.552095,0.224062,-0.425081,0.0,0.0,0.610374,0.248918,-0.512627,0.0,0.0,0.67165,0.269976,-0.575907,0.0,0.0,0.421871,0.281625,-0.305885,0.0,0.0,0.479079,0.487746,-0.457896,0.0,0.0,0.527979,0.646431,-0.558023,0.0,0.0,0.559825,0.777239,-0.636209,0.0,0.0,0.361639,0.333161,-0.297977,0.0,0.0,0.37995,0.562925,-0.420043,0.0,0.0,0.413478,0.724981,-0.485534,0.0,0.0,0.431093,0.854219,-0.532208,0.0,0.0,0.314559,0.391812,-0.283083,0.0,0.0,0.299933,0.565115,-0.372014,0.0,0.0,0.28614,0.674917,-0.416265,0.0,0.0,0.282121,0.768579,-0.452689,0.0,0.0
v8.mp4,f074e4450aec1c1c5cb93b17c20fc5c9c6a348d10be735644c3bcb76445ea550,1920,1080,12.07,176,14.583,44,3666,Right,0.86462,0.290782,0.10571,1e-06,0.0,0.0,0.414171,0.104608,-0.043302,0.0,0.0,0.52247,0.134499,-0.103992,0.0,0.0,0.599008,0.188171,-0.14909,0.0,0.0,0.664463,0.23855,-0.196409,0.0,0.0,0.483196,0.200595,-0.248102,0.0,0.0,0.553525,0.213671,-0.354551,0.0,0.0,0.610093,0.248238,-0.425585,0.0,0.0,0.6693,0.278145,-0.477122,0.0,0.0,0.420912,0.261873,-0.256949,0.0,0.0,0.483087,0.486296,-0.390036,0.0,0.0,0.527638,0.657941,-0.480722,0.0,0.0,0.557373,0.796689,-0.54936,0.0,0.0,0.360143,0.319185,-0.250552,0.0,0.0,0.383891,0.560565,-0.354396,0.0,0.0,0.412005,0.72896,-0.410751,0.0,0.0,0.43043,0.858918,-0.449792,0.0,0.0,0.312834,0.376878,-0.23879,0.0,0.0,0.299926,0.563475,-0.315477,0.0,0.0,0.286253,0.67853,-0.35328,0.0,0.0,0.283601,0.772824,-0.382855,0.0,0.0
v8.mp4,f074e4450aec1c1c5cb93b17c20fc5c9c6a348d10be735644c3bcb76445ea550,1920,1080,12.07,176,14.583,45,3750,Right,0.91613,0.287328,0.098764,1e-06,0.0,0.0,0.409808,0.097077,-0.042255,0.0,0.0,0.520098,0.134113,-0.098674,0.0,0.0,0.600125,0.191519,-0.141274,0.0,0.0,0.666605,0.238755,-0.186559,0.0,0.0,0.480964,0.199946,-0.23105,0.0,0.0,0.553702,0.21235,-0.330492,0.0,0.0,0.609434,0.248102,-0.397819,0.0,0.0,0.66741,0.281911,-0.447,0.0,0.0,0.420928,0.260061,-0.240087,0.0,0.0,0.481121,0.488678,-0.363437,0.0,0.0,0.527738,0.661903,-0.450291,0.0,0.0,0.55782,0.799342,-0.516596,0.0,0.0,0.360793,0.31409,-0.235179,0.0,0.0,0.382905,0.560598,-0.332003,0.0,0.0,0.41221,0.730228,-0.387232,0.0,0.0,0.430131,0.858868,-0.425748,0.0,0.0,0.313736,0.366176,-0.225538,0.0,0.0,0.301751,0.560162,-0.297118,0.0,0.0,0.289283,0.676733,-0.332828,0.0,0.0,0.28482,0.769483,-0.360859,0.0,0.0
v8.mp4,f074e4450aec1c1c5cb93b17c20fc5c9c6a348d10be735644c3bcb76445ea550,1920,1080,12.07,176,14.583,46,3833,Right,0.813606,0.286402,0.105172,1e-06,0.0,0.0,0.404488,0.090934,-0.048884,0.0,0.0,0.510803,0.114674,-0.111073,0.0,0.0,0.584555,0.157735,-0.157651,0.0,0.0,0.640597,0.201275,-0.207744,0.0,0.0,0.482223,0.192496,-0.243085,0.0,0.0,0.556057,0.221927,-0.351234,0.0,0.0,0.614886,0.265659,-0.426157,0.0,0.0,0.672455,0.310463,-0.480618,0.0,0.0,0.42226,0.26806,-0.249469,0.0,0.0,0.482596,0.487218,-0.373701,0.0,0.0,0.526629,0.655038,-0.459149,0.0,0.0,0.5573,0.794321,-0.525805,0.0,0.0,0.363352,0.327579,-0.243312,0.0,0.0,0.383446,0.562719,-0.341624,0.0,0.0,0.411395,0.727046,-0.397606,0.0,0.0,0.426529,0.858182,-0.438084,0.0,0.0,0.313686,0.376872,-0.233045,0.0,0.0,0.3017,0.564387,-0.310376,0.0,0.0,0.289067,0.678481,-0.350577,0.0,0.0,0.282965,0.774678,-0.382167,0.0,0.0
v8.mp4,f074e4450aec1c1c5cb93b17c20fc5c9c6a348d10be735644c3bcb76445ea550,1920,1080,12.07,176,14.583,47,3916,Right,0.866893,0.281667,0.093057,2e-06,0.0,0.0,0.407583,0.079407,-0.041037,0.0,0.0,0.518962,0.120964,-0.078556,0.0,0.0,0.601488,0.191562,-0.104996,0.0,0.0,0.671137,0.260755,-0.133522,0.0,0.0,0.496494,0.227901,-0.155143,0.0,0.0,0.572937,0.427784,-0.220212,0.0,0.0,0.620677,0.560449,-0.257638,0.0,0.0,0.656114,0.671984,-0.28279,0.0,0.0,0.430766,0.289149,-0.16002,0.0,0.0,0.488576,0.509786,-0.231095,0.0,0.0,0.527936,0.680948,-0.27058,0.0,0.0,0.551976,0.821579,-0.300353,0.0,0.0,0.362621,0.332502,-0.160488,0.0,0.0,0.383628,0.563138,-0.227951,0.0,0.0,0.40959,0.729173,-0.263179,0.0,0.0,0.427375,0.86729,-0.286658,0.0,0.0,0.301103,0.351286,-0.159438,0.0,0.0,0.29161,0.538756,-0.222329,0.0,0.0,0.288065,0.659723,-0.25161,0.0,0.0,0.283435,0.770657,-0.27019,0.0,0.0
v8.mp4,f074e4450aec1c1c5cb93b17c20fc5c9c6a348d10be735644c3bcb76445ea550,1920,1080,12.07,176,14.583,48,4000,Right,0.886245,0.284031,0.087223,1e-06,0.0,0.0,0.40721,0.073915,-0.039214,0.0,0.0,0.515769,0.124082,-0.077548,0.0,0.0,0.598092,0.201457,-0.105603,0.0,0.0,0.666813,0.279885,-0.135519,0.0,0.0,0.494589,0.216517,-0.15535,0.0,0.0,0.572017,0.423878,-0.221974,0.0,0.0,0.62113,0.556737,-0.257912,0.0,0.0,0.657326,0.66932,-0.281109,0.0,0.0,0.428039,0.279893,-0.162375,0.0,0.0,0.485485,0.502477,-0.23503,0.0,0.0,0.525764,0.671399,-0.272975,0.0,0.0,0.551174,0.808531,-0.30081,0.0,0.0,0.360266,0.324192,-0.165341,0.0,0.0,0.382419,0.551804,-0.236001,0.0,0.0,0.40791,0.71949,-0.271517,0.0,0.0,0.428203,0.858712,-0.294019,0.0,0.0,0.29919,0.346089,-0.166575,0.0,0.0,0.292573,0.533275,-0.232679,0.0,0.0,0.288513,0.655555,-0.263455,0.0,0.0,0.286191,0.767381,-0.282336,0.0,0.0
v8.mp4,f074e4450aec1c1c5cb93b17c20fc5c9c6a348d10be735644c3bcb76445ea550,1920,1080,12.07,176,14.583,49,4083,Right,0.918241,0.284882,0.092402,1e-06,0.0,0.0,0.409485,0.079197,-0.039024,0.0,0.0,0.516176,0.12526,-0.081577,0.0,0.0,0.59621,0.199614,-0.113039,0.0,0.0,0.667438,0.276367,-0.146515,0.0,0.0,0.497108,0.215634,-0.171547,0.0,0.0,0.573738,0.425022,-0.243226,0.0,0.0,0.621697,0.559202,-0.281485,0.0,0.0,0.656675,0.672645,-0.3059,0.0,0.0,0.430118,0.278051,-0.179142,0.0,0.0,0.486361,0.501686,-0.259238,0.0,0.0,0.526649,0.673156,-0.300744,0.0,0.0,0.551357,0.811517,-0.33115,0.0,0.0,0.362013,0.322865,-0.181131,0.0,0.0,0.382564,0.55259,-0.256582,0.0,0.0,0.40738,0.720658,-0.293623,0.0,0.0,0.426358,0.858743,-0.317253,0.0,0.0,0.300521,0.348115,-0.180725,0.0,0.0,0.293776,0.535152,-0.248841,0.0,0.0,0.288843,0.656655,-0.280082,0.0,0.0,0.286204,0.766244,-0.299744,0.0,0.0
v8.mp4,f074e4450aec1c1c5cb93b17c20fc5c9c6a348d10be735644c3bcb76445ea550,1920,1080,12.07,176,14.583,50,4166,Right,0.89418,0.283113,0.087362,1e-06,0.0,0.0,0.406396,0.076366,-0.038617,0.0,0.0,0.51557,0.125295,-0.078961,0.0,0.0,0.599284,0.201311,-0.108691,0.0,0.0,0.670264,0.279088,-0.140272,0.0,0.0,0.494568,0.21328,-0.161877,0.0,0.0,0.57151,0.424594,-0.230786,0.0,0.0,0.620831,0.559193,-0.267205,0.0,0.0,0.656987,0.671373,-0.290342,0.0,0.0,0.428232,0.277232,-0.169418,0.0,0.0,0.487415,0.503973,-0.243937,0.0,0.0,0.526902,0.674075,-0.2806,0.0,0.0,0.550907,0.809659,-0.307265,0.0,0.0,0.359246,0.322223,-0.172466,0.0,0.0,0.383144,0.549805,-0.245399,0.0,0.0,0.408077,0.718911,-0.279971,0.0,0.0,0.428135,0.857116,-0.301483,0.0,0.0,0.29631,0.346486,-0.173309,0.0,0.0,0.290616,0.532558,-0.240213,0.0,0.0,0.286772,0.655586,-0.270022,0.0,0.0,0.285271,0.76589,-0.288275,0.0,0.0
v8.mp4,f074e4450aec1c1c5cb93b17c20fc5c9c6a348d10be735644c3bcb76445ea550,1920,1080,12.07,176,14.583,51,4250,Right,0.916029,0.286251,0.095352,1e-06,0.0,0.0,0.411965,0.081739,-0.042478,0.0,0.0,0.519649,0.127854,-0.087455,0.0,0.0,0.601202,0.203628,-0.120863,0.0,0.0,0.672735,0.283899,-0.156452,0.0,0.0,0.49718,0.218034,-0.179146,0.0,0.0,0.574102,0.425944,-0.253979,0.0,0.0,0.623,0.559692,-0.294268,0.0,0.0,0.658524,0.674042,-0.320205,0.0,0.0,0.429251,0.281315,-0.186238,0.0,0.0,0.484922,0.502062,-0.270915,0.0,0.0,0.526827,0.671676,-0.315541,0.0,0.0,0.552314,0.809183,-0.348364,0.0,0.0,0.360677,0.326132,-0.187636,0.0,0.0,0.381284,0.553948,-0.267499,0.0,0.0,0.407568,0.721286,-0.307244,0.0,0.0,0.426911,0.858427,-0.33263,0.0,0.0,0.2994,0.350915,-0.18663,0.0,0.0,0.292436,0.537333,-0.258379,0.0,0.0,0.28784,0.660275,-0.291981,0.0,0.0,0.285236,0.770474,-0.313469,0.0,0.0
v8.mp4,f074e4450aec1c1c5cb93b17c20fc5c9c6a348d10be735644c3bcb76445ea550,1920,1080,12.07,176,14.583,52,4333,Right,0.885799,0.285111,0.091558,1e-06,0.0,0.0,0.410392,0.077041,-0.039911,0.0,0.0,0.516796,0.12384,-0.083993,0.0,0.0,0.597699,0.199724,-0.116646,0.0,0.0,0.671487,0.27843,-0.151533,0.0,0.0,0.497066,0.217189,-0.178922,0.0,0.0,0.576898,0.427474,-0.253119,0.0,0.0,0.629943,0.559314,-0.292072,0.0,0.0,0.670065,0.671895,-0.31722,0.0,0.0,0.429625,0.282529,-0.187468,0.0,0.0,0.485592,0.501869,-0.272138,0.0,0.0,0.52697,0.670947,-0.315064,0.0,0.0,0.552813,0.807172,-0.346359,0.0,0.0,0.360197,0.327447,-0.190035,0.0,0.0,0.381448,0.549518,-0.271291,0.0,0.0,0.407893,0.717562,-0.310766,0.0,0.0,0.429066,0.856219,-0.335497,0.0,0.0,0.297293,0.353134,-0.189717,0.0,0.0,0.290766,0.535603,-0.26274,0.0,0.0,0.287371,0.659562,-0.296144,0.0,0.0,0.287234,0.770037,-0.317283,0.0,0.0
v8.mp4,f074e4450aec1c1c5cb93b17c20fc5c9c6a348d10be735644c3bcb76445ea550,1920,1080,12.07,176,14.583,53,4416,Right,0.92412,0.284037,0.098951,1e-06,0.0,0.0,0.417269,0.08803,-0.038995,0.0,0.0,0.524626,0.122937,-0.095965,0.0,0.0,0.594323,0.194386,-0.138181,0.0,0.0,0.665686,0.263802,-0.183403,0.0,0.0,0.50454,0.210707,-0.240684,0.0,0.0,0.597843,0.329673,-0.340435,0.0,0.0,0.665299,0.398835,-0.398215,0.0,0.0,0.721391,0.463373,-0.437678,0.0,0.0,0.43864,0.282948,-0.251658,0.0,0.0,0.485938,0.498653,-0.374302,0.0,0.0,0.527983,0.659789,-0.446457,0.0,0.0,0.556723,0.79566,-0.500326,0.0,0.0,0.371757,0.333048,-0.249923,0.0,0.0,0.380083,0.557898,-0.364001,0.0,0.0,0.406358,0.723691,-0.427795,0.0,0.0,0.421779,0.858454,-0.468622,0.0,0.0,0.310751,0.374494,-0.240696,0.0,0.0,0.295823,0.553711,-0.332476,0.0,0.0,0.286287,0.669045,-0.378536,0.0,0.0,0.28466,0.76739,-0.411399,0.0,0.0
v8.mp4,f074e4450aec1c1c5cb93b17c20fc5c9c6a348d10be735644c3bcb76445ea550,1920,1080,12.07,176,14.583,54,4500,Right,0.930706,0.280274,0.113969,1e-06,0.0,0.0,0.40767,0.094316,-0.029129,0.0,0.0,0.491731,0.124237,-0.087708,0.0,0.0,0.538773,0.170342,-0.134143,0.0,0.0,0.582585,0.216923,-0.186652,0.0,0.0,0.498869,0.202074,-0.244443,0.0,0.0,0.583354,0.301112,-0.340622,0.0,0.0,0.644353,0.367392,-0.395564,0.0,0.0,0.689884,0.434284,-0.434181,0.0,0.0,0.43423,0.271767,-0.261127,0.0,0.0,0.490482,0.493251,-0.386693,0.0,0.0,0.530386,0.658821,-0.465137,0.0,0.0,0.558646,0.801412,-0.522645,0.0,0.0,0.365561,0.327622,-0.262249,0.0,0.0,0.38814,0.550021,-0.375422,0.0,0.0,0.416488,0.709864,-0.44374,0.0,0.0,0.431843,0.844215,-0.488436,0.0,0.0,0.303144,0.370823,-0.254635,0.0,0.0,0.294862,0.545745,-0.343392,0.0,0.0,0.291127,0.64984,-0.391161,0.0,0.0,0.291539,0.742714,-0.426109,0.0,0.0
v8.mp4,f074e4450aec1c1c5cb93b17c20fc5c9c6a348d10be735644c3bcb76445ea550,1920,1080,12.07,176,14.583,55,4583,Right,0.912944,0.275915,0.108714,2e-06,0.0,0.0,0.399634,0.09226,-0.04877,0.0,0.0,0.508472,0.087795,-0.112894,0.0,0.0,0.594286,0.065959,-0.162961,0.0,0.0,0.674255,0.013271,-0.217371,0.0,0.0,0.491062,0.225138,-0.237732,0.0,0.0,0.579201,0.345502,-0.337885,0.0,0.0,0.644087,0.424473,-0.401681,0.0,0.0,0.696414,0.500004,-0.447706,0.0,0.0,0.427561,0.311293,-0.245358,0.0,0.0,0.481289,0.509035,-0.365447,0.0,0.0,0.525173,0.658444,-0.440775,0.0,0.0,0.552812,0.789889,-0.499538,0.0,0.0,0.359979,0.356947,-0.24101,0.0,0.0,0.375312,0.572731,-0.349708,0.0,0.0,0.404828,0.725608,-0.406519,0.0,0.0,0.420586,0.855114,-0.445367,0.0,0.0,0.301155,0.384036,-0.230832,0.0,0.0,0.290504,0.550387,-0.316645,0.0,0.0,0.281985,0.658215,-0.355614,0.0,0.0,0.277754,0.755654,-0.385633,0.0,0.0
v8.mp4,f074e4450aec1c1c5cb93b17c20fc5c9c6a348d10be735644c3bcb76445ea550,1920,1080,12.07,176,14.583,56,4666,Right,0.542485,0.283079,0.097025,1e-06,0.0,0.0,0.393053,0.061757,-0.040204,0.0,0.0,0.504164,0.070358,-0.078072,0.0,0.0,0.591349,0.051653,-0.108655,0.0,0.0,0.665679,-0.001169,-0.143708,0.0,0.0,0.483883,0.209272,-0.145441,0.0,0.0,0.576528,0.322015,-0.209508,0.0,0.0,0.640695,0.402972,-0.246964,0.0,0.0,0.693831,0.486107,-0.275282,0.0,0.0,0.424686,0.30082,-0.156035,0.0,0.0,0.482955,0.500051,-0.234405,0.0,0.0,0.52733,0.65937,-0.286806,0.0,0.0,0.556621,0.798316,-0.327481,0.0,0.0,0.36329,0.352906,-0.16203,0.0,0.0,0.382457,0.560241,-0.239575,0.0,0.0,0.406053,0.714824,-0.285434,0.0,0.0,0.424422,0.855139,-0.316065,0.0,0.0,0.307458,0.371986,-0.166099,0.0,0.0,0.295302,0.547476,-0.235039,0.0,0.0,0.285686,0.662784,-0.269605,0.0,0.0,0.281514,0.77041,-0.294067,0.0,0.0
v8.mp4,f074e4450aec1c1c5cb93b17c20fc5c9c6a348d10be735644c3bcb76445ea550,1920,1080,12.07,176,14.583,57,4750,Right,0.703705,0.280638,0.096494,1e-06,0.0,0.0,0.392394,0.064552,-0.038093,0.0,0.0,0.502565,0.073857,-0.074234,0.0,0.0,0.589931,0.058055,-0.102882,0.0,0.0,0.663457,0.006481,-0.135684,0.0,0.0,0.480735,0.2073,-0.143575,0.0,0.0,0.575393,0.325382,-0.204261,0.0,0.0,0.639967,0.402413,-0.238748,0.0,0.0,0.695586,0.478889,-0.264538,0.0,0.0,0.422001,0.293384,-0.153336,0.0,0.0,0.48153,0.49861,-0.227563,0.0,0.0,0.526799,0.659662,-0.275426,0.0,0.0,0.557766,0.79879,-0.312328,0.0,0.0,0.36086,0.344805,-0.158297,0.0,0.0,0.378424,0.564567,-0.231457,0.0,0.0,0.40317,0.723377,-0.273997,0.0,0.0,0.421887,0.864478,-0.301726,0.0,0.0,0.305633,0.365732,-0.161372,0.0,0.0,0.296275,0.55095,-0.225113,0.0,0.0,0.287936,0.668746,-0.255984,0.0,0.0,0.283123,0.777101,-0.277441,0.0,0.0
v8.mp4,f074e4450aec1c1c5cb93b17c20fc5c9c6a348d10be735644c3bcb76445ea550,1920,1080,12.07,176,14.583,58,4833,Right,0.655238,0.282133,0.098368,1e-06,0.0,0.0,0.393628,0.068179,-0.039645,0.0,0.0,0.503763,0.078091,-0.076266,0.0,0.0,0.591141,0.059777,-0.104923,0.0,0.0,0.664115,0.007397,-0.13777,0.0,0.0,0.48023,0.209311,-0.143761,0.0,0.0,0.573757,0.320111,-0.205526,0.0,0.0,0.638878,0.391688,-0.241969,0.0,0.0,0.695117,0.464788,-0.269101,0.0,0.0,0.422262,0.297414,-0.151917,0.0,0.0,0.480967,0.501796,-0.22543,0.0,0.0,0.526593,0.661306,-0.273405,0.0,0.0,0.557723,0.799705,-0.310684,0.0,0.0,0.361625,0.349535,-0.155474,0.0,0.0,0.379346,0.567632,-0.227975,0.0,0.0,0.405139,0.72446,-0.270465,0.0,0.0,0.423703,0.863422,-0.298262,0.0,0.0,0.306437,0.370532,-0.157291,0.0,0.0,0.296952,0.554771,-0.220801,0.0,0.0,0.289307,0.671002,-0.251618,0.0,0.0,0.284354,0.777618,-0.273042,0.0,0.0
v8.mp4,f074e4450aec1c1c5cb93b17c20fc5c9c6a348d10be735644c3bcb76445ea550,1920,1080,12.07,176,14.583,59,4916,Right,0.703205,0.282723,0.103452,1e-06,0.0,0.0,0.395066,0.071077,-0.041051,0.0,0.0,0.507891,0.080689,-0.078626,0.0,0.0,0.597613,0.070988,-0.10747,0.0,0.0,0.676636,0.02674,-0.140025,0.0,0.0,0.481108,0.208063,-0.147754,0.0,0.0,0.570669,0.32032,-0.210358,0.0,0.0,0.635353,0.391129,-0.247185,0.0,0.0,0.691746,0.464625,-0.275076,0.0,0.0,0.423267,0.294742,-0.155107,0.0,0.0,0.48081,0.49971,-0.233372,0.0,0.0,0.526407,0.659757,-0.285287,0.0,0.0,0.557863,0.799993,-0.325623,0.0,0.0,0.362441,0.348275,-0.157079,0.0,0.0,0.378707,0.567948,-0.231763,0.0,0.0,0.405094,0.726452,-0.275595,0.0,0.0,0.424003,0.867646,-0.304633,0.0,0.0,0.306678,0.371595,-0.157134,0.0,0.0,0.298763,0.556071,-0.220611,0.0,0.0,0.291335,0.670378,-0.251885,0.0,0.0,0.2879,0.77522,-0.27436,0.0,0.0
v8.mp4,f074e4450aec1c1c5cb93b17c20fc5c9c6a348d10be735644c3bcb76445ea550,1920,1080,12.07,176,14.583,60,5000,Right,0.875585,0.270242,0.089565,1e-06,0.0,0.0,0.401057,0.077836,-0.046533,0.0,0.0,0.518928,0.131325,-0.082578,0.0,0.0,0.603236,0.200179,-0.106403,0.0,0.0,0.68381,0.240232,-0.131708,0.0,0.0,0.493233,0.210662,-0.164147,0.0,0.0,0.578549,0.346289,-0.231872,0.0,0.0,0.63849,0.420833,-0.272885,0.0,0.0,0.696329,0.492212,-0.303639,0.0,0.0,0.429127,0.284755,-0.166317,0.0,0.0,0.48591,0.502392,-0.25621,0.0,0.0,0.529175,0.665129,-0.31681,0.0,0.0,0.561384,0.805847,-0.362496,0.0,0.0,0.362967,0.336294,-0.161586,0.0,0.0,0.378837,0.563222,-0.243959,0.0,0.0,0.407342,0.729736,-0.293106,0.0,0.0,0.425865,0.866663,-0.324931,0.0,0.0,0.30438,0.362911,-0.154675,0.0,0.0,0.297082,0.557306,-0.222898,0.0,0.0,0.289734,0.675606,-0.258429,0.0,0.0,0.286535,0.776219,-0.283447,0.0,0.0
v8.mp4,f074e4450aec1c1c5cb93b17c20fc5c9c6a348d10be735644c3bcb76445ea550,1920,1080,12.07,176,14.583,61,5083,Right,0.929145,0.282112,0.115468,2e-06,0.0,0.0,0.421593,0.106987,-0.039241,0.0,0.0,0.526043,0.141177,-0.102601,0.0,0.0,0.595506,0.197148,-0.149872,0.0,0.0,0.674247,0.235861,-0.200936,0.0,0.0,0.501787,0.216457,-0.270076,0.0,0.0,0.582509,0.329887,-0.371297,0.0,0.0,0.639439,0.407922,-0.428682,0.0,0.0,0.689363,0.480142,-0.470881,0.0,0.0,0.433052,0.284109,-0.280884,0.0,0.0,0.485727,0.499149,-0.424408,0.0,0.0,0.529788,0.663519,-0.513169,0.0,0.0,0.560541,0.807137,-0.579149,0.0,0.0,0.365822,0.33551,-0.273625,0.0,0.0,0.38266,0.562659,-0.395171,0.0,0.0,0.41463,0.729925,-0.46096,0.0,0.0,0.433781,0.866831,-0.504797,0.0,0.0,0.308296,0.383305,-0.258038,0.0,0.0,0.296633,0.562617,-0.349967,0.0,0.0,0.287532,0.678652,-0.397171,0.0,0.0,0.28516,0.780185,-0.43319,0.0,0.0
v8.mp4,f074e4450aec1c1c5cb93b17c20fc5c9c6a348d10be735644c3bcb76445ea550,1920,1080,12.07,176,14.583,62,5166,Right,0.910981,0.282537,0.114773,2e-06,0.0,0.0,0.418923,0.108859,-0.049024,0.0,0.0,0.525228,0.137099,-0.119544,0.0,0.0,0.598272,0.197272,-0.171804,0.0,0.0,0.679787,0.232245,-0.226853,0.0,0.0,0.501387,0.216509,-0.286679,0.0,0.0,0.578016,0.323295,-0.404005,0.0,0.0,0.639422,0.399243,-0.477646,0.0,0.0,0.692618,0.469108,-0.529987,0.0,0.0,0.434682,0.293888,-0.292592,0.0,0.0,0.483144,0.496808,-0.439467,0.0,0.0,0.529985,0.660034,-0.532868,0.0,0.0,0.560855,0.801415,-0.605283,0.0,0.0,0.368997,0.346291,-0.281646,0.0,0.0,0.378706,0.566161,-0.40774,0.0,0.0,0.408352,0.729824,-0.47679,0.0,0.0,0.422926,0.865947,-0.523965,0.0,0.0,0.31107,0.396735,-0.262824,0.0,0.0,0.296577,0.565549,-0.35799,0.0,0.0,0.286026,0.677414,-0.407036,0.0,0.0,0.28345,0.775001,-0.445599,0.0,0.0
v8.mp4,f074e4450aec1c1c5cb93b17c20fc5c9c6a348d10be735644c3bcb76445ea550,1920,1080,12.07,176,14.583,63,5250,Right,0.944251,0.28099,0.10976,2e-06,0.0,0.0,0.414854,0.098816,-0.049031,0.0,0.0,0.523485,0.132862,-0.109727,0.0,0.0,0.601386,0.194184,-0.155008,0.0,0.0,0.684571,0.231958,-0.202635,0.0,0.0,0.496758,0.20795,-0.244327,0.0,0.0,0.575909,0.328174,-0.339875,0.0,0.0,0.635102,0.406127,-0.395835,0.0,0.0,0.687617,0.478577,-0.4364,0.0,0.0,0.431844,0.278546,-0.250899,0.0,0.0,0.482529,0.497754,-0.378783,0.0,0.0,0.529572,0.664124,-0.460796,0.0,0.0,0.559415,0.8052,-0.522687,0.0,0.0,0.365156,0.330478,-0.24352,0.0,0.0,0.379349,0.563383,-0.353388,0.0,0.0,0.410121,0.732583,-0.41363,0.0,0.0,0.428286,0.868173,-0.454003,0.0,0.0,0.30626,0.375516,-0.230453,0.0,0.0,0.295011,0.56326,-0.31506,0.0,0.0,0.286423,0.683372,-0.357125,0.0,0.0,0.284637,0.782019,-0.388902,0.0,0.0
v8.mp4,f074e4450aec1c1c5cb93b17c20fc5c9c6a348d10be735644c3bcb76445ea550,1920,1080,12.07,176,14.583,64,5333,Right,0.939819,0.287274,0.107687,2e-06,0.0,0.0,0.416046,0.099027,-0.042457,0.0,0.0,0.524407,0.140779,-0.090979,0.0,0.0,0.606554,0.204886,-0.127122,0.0,0.0,0.68749,0.246679,-0.165579,0.0,0.0,0.501321,0.241151,-0.193837,0.0,0.0,0.578299,0.442049,-0.27379,0.0,0.0,0.63084,0.56786,-0.31805,0.0,0.0,0.669376,0.675981,-0.347058,0.0,0.0,0.434043,0.299327,-0.201703,0.0,0.0,0.486748,0.516609,-0.298432,0.0,0.0,0.5295,0.683494,-0.351905,0.0,0.0,0.553821,0.820179,-0.390981,0.0,0.0,0.363703,0.339542,-0.201249,0.0,0.0,0.379058,0.567537,-0.291201,0.0,0.0,0.406972,0.733814,-0.335337,0.0,0.0,0.425333,0.871599,-0.363016,0.0,0.0,0.299633,0.363661,-0.196924,0.0,0.0,0.291258,0.546115,-0.271906,0.0,0.0,0.286826,0.667298,-0.30418,0.0,0.0,0.285212,0.774226,-0.325422,0.0,0.0
v8.mp4,f074e4450aec1c1c5cb93b17c20fc5c9c6a348d10be735644c3bcb76445ea550,1920,1080,12.07,176,14.583,65,5416,Right,0.907195,0.286498,0.110271,1e-06,0.0,0.0,0.419436,0.101464,-0.042162,0.0,0.0,0.525987,0.14241,-0.097227,0.0,0.0,0.605039,0.202975,-0.138826,0.0,0.0,0.688795,0.248705,-0.183292,0.0,0.0,0.501992,0.229456,-0.223295,0.0,0.0,0.577559,0.430736,-0.31655,0.0,0.0,0.629054,0.560725,-0.366669,0.0,0.0,0.666006,0.674092,-0.398307,0.0,0.0,0.433524,0.293727,-0.23283,0.0,0.0,0.487761,0.503561,-0.343491,0.0,0.0,0.529951,0.669659,-0.402233,0.0,0.0,0.553907,0.808798,-0.445521,0.0,0.0,0.364456,0.338888,-0.232639,0.0,0.0,0.379417,0.559022,-0.337235,0.0,0.0,0.407677,0.724001,-0.390662,0.0,0.0,0.425942,0.861956,-0.424122,0.0,0.0,0.301922,0.373354,-0.226915,0.0,0.0,0.293773,0.547626,-0.312492,0.0,0.0,0.287909,0.668159,-0.353476,0.0,0.0,0.288095,0.77459,-0.38205,0.0,0.0
v8.mp4,f074e4450aec1c1c5cb93b17c20fc5c9c6a348d10be735644c3bcb76445ea550,1920,1080,12.07,176,14.583,66,5500,Right,0.948026,0.283842,0.106412,2e-06,0.0,0.0,0.416192,0.102964,-0.036941,0.0,0.0,0.523358,0.141611,-0.09092,0.0,0.0,0.601604,0.204729,-0.131537,0.0,0.0,0.683389,0.254374,-0.174757,0.0,0.0,0.501721,0.225176,-0.222839,0.0,0.0,0.575406,0.430066,-0.315804,0.0,0.0,0.627061,0.558998,-0.366451,0.0,0.0,0.665307,0.667409,-0.398221,0.0,0.0,0.434643,0.287253,-0.232606,0.0,0.0,0.489412,0.507862,-0.340991,0.0,0.0,0.531321,0.675508,-0.397349,0.0,0.0,0.555903,0.812631,-0.438904,0.0,0.0,0.365536,0.332417,-0.231686,0.0,0.0,0.381896,0.555269,-0.334096,0.0,0.0,0.409201,0.722159,-0.38453,0.0,0.0,0.426712,0.858236,-0.415834,0.0,0.0,0.303165,0.369479,-0.22449,0.0,0.0,0.295518,0.548429,-0.306683,0.0,0.0,0.288478,0.669657,-0.343952,0.0,0.0,0.287459,0.775012,-0.369786,0.0,0.0
v8.mp4,f074e4450aec1c1c5cb93b17c20fc5c9c6a348d10be735644c3bcb76445ea550,1920,1080,12.07,176,14.583,67,5583,Right,0.949368,0.282883,0.102079,2e-06,0.0,0.0,0.414542,0.099275,-0.035875,0.0,0.0,0.521607,0.14254,-0.086583,0.0,0.0,0.601486,0.206203,-0.124863,0.0,0.0,0.681949,0.258324,-0.165387,0.0,0.0,0.502426,0.221607,-0.207955,0.0,0.0,0.576188,0.430344,-0.293628,0.0,0.0,0.627768,0.559672,-0.338912,0.0,0.0,0.666541,0.667885,-0.367357,0.0,0.0,0.43498,0.28379,-0.217938,0.0,0.0,0.491364,0.50639,-0.319758,0.0,0.0,0.533238,0.675604,-0.371391,0.0,0.0,0.557492,0.812056,-0.408798,0.0,0.0,0.364731,0.329894,-0.218033,0.0,0.0,0.383873,0.558221,-0.313316,0.0,0.0,0.408983,0.725905,-0.356577,0.0,0.0,0.426312,0.862615,-0.382842,0.0,0.0,0.301703,0.364142,-0.212847,0.0,0.0,0.295227,0.547448,-0.290165,0.0,0.0,0.288247,0.66941,-0.322674,0.0,0.0,0.286884,0.776006,-0.344137,0.0,0.0
v8.mp4,f074e4450aec1c1c5cb93b17c20fc5c9c6a348d10be735644c3bcb76445ea550,1920,1080,12.07,176,14.583,68,5666,Right,0.960613,0.280721,0.09904,2e-06,0.0,0.0,0.413016,0.102081,-0.033038,0.0,0.0,0.52254,0.145054,-0.08329,0.0,0.0,0.603905,0.203326,-0.12118,0.0,0.0,0.684578,0.24906,-0.160858,0.0,0.0,0.503341,0.209048,-0.20949,0.0,0.0,0.577445,0.42628,-0.293838,0.0,0.0,0.628473,0.559412,-0.336599,0.0,0.0,0.666794,0.668056,-0.363309,0.0,0.0,0.435233,0.265595,-0.220816,0.0,0.0,0.495654,0.495626,-0.322844,0.0,0.0,0.536721,0.670823,-0.372219,0.0,0.0,0.559336,0.809056,-0.407504,0.0,0.0,0.364584,0.3128,-0.221743,0.0,0.0,0.386243,0.551012,-0.315916,0.0,0.0,0.410356,0.724465,-0.355987,0.0,0.0,0.427661,0.862898,-0.379991,0.0,0.0,0.301713,0.351864,-0.217288,0.0,0.0,0.297826,0.539671,-0.293072,0.0,0.0,0.289987,0.663519,-0.323532,0.0,0.0,0.287426,0.769851,-0.343432,0.0,0.0
v8.mp4,f074e4450aec1c1c5cb93b17c20fc5c9c6a348d10be735644c3bcb76445ea550,1920,1080,12.07,176,14.583,69,5750,Right,0.938894,0.278143,0.091972,1e-06,0.0,0.0,0.401271,0.083769,-0.036789,0.0,0.0,0.516187,0.134443,-0.074888,0.0,0.0,0.603812,0.202053,-0.102146,0.0,0.0,0.680765,0.258118,-0.130326,0.0,0.0,0.495711,0.211411,-0.163286,0.0,0.0,0.574615,0.426159,-0.228552,0.0,0.0,0.625094,0.556928,-0.261005,0.0,0.0,0.663156,0.666251,-0.281585,0.0,0.0,0.428715,0.269295,-0.171693,0.0,0.0,0.493949,0.499993,-0.250416,0.0,0.0,0.538433,0.672228,-0.291455,0.0,0.0,0.565843,0.809526,-0.32059,0.0,0.0,0.359578,0.318352,-0.173649,0.0,0.0,0.383471,0.566228,-0.24698,0.0,0.0,0.406266,0.736042,-0.281112,0.0,0.0,0.423894,0.871268,-0.301767,0.0,0.0,0.298842,0.349524,-0.173169,0.0,0.0,0.296583,0.551205,-0.236872,0.0,0.0,0.287974,0.669596,-0.263117,0.0,0.0,0.282614,0.770367,-0.278725,0.0,0.0
v8.mp4,f074e4450aec1c1c5cb93b17c20fc5c9c6a348d10be735644c3bcb76445ea550,1920,1080,12.07,176,14.583,70,5833,Right,0.922749,0.279114,0.090883,2e-06,0.0,0.0,0.400632,0.085413,-0.04097,0.0,0.0,0.51573,0.129322,-0.07996,0.0,0.0,0.60166,0.194731,-0.106902,0.0,0.0,0.67749,0.258489,-0.134301,0.0,0.0,0.492643,0.213857,-0.167356,0.0,0.0,0.573991,0.432939,-0.235739,0.0,0.0,0.625681,0.5624,-0.272349,0.0,0.0,0.666222,0.672725,-0.296137,0.0,0.0,0.425005,0.268868,-0.174011,0.0,0.0,0.488139,0.502901,-0.253774,0.0,0.0,0.530822,0.675044,-0.298227,0.0,0.0,0.55754,0.815017,-0.329841,0.0,0.0,0.355042,0.310793,-0.174149,0.0,0.0,0.370609,0.548867,-0.250674,0.0,0.0,0.390482,0.711547,-0.289412,0.0,0.0,0.404397,0.844464,-0.313479,0.0,0.0,0.293617,0.334387,-0.17186,0.0,0.0,0.268562,0.511804,-0.24253,0.0,0.0,0.243047,0.615031,-0.271918,0.0,0.0,0.223713,0.703193,-0.288567,0.0,0.0
v8.mp4,f074e4450aec1c1c5cb93b17c20fc5c9c6a348d10be735644c3bcb76445ea550,1920,1080,12.07,176,14.583,71,5916,Right,0.894251,0.277631,0.084067,2e-06,0.0,0.0,0.398215,0.088558,-0.039212,0.0,0.0,0.514075,0.135173,-0.081227,0.0,0.0,0.599015,0.189731,-0.112117,0.0,0.0,0.67512,0.251043,-0.144821,0.0,0.0,0.494418,0.202315,-0.173363,0.0,0.0,0.571484,0.426688,-0.244895,0.0,0.0,0.622288,0.560539,-0.281947,0.0,0.0,0.66146,0.670146,-0.306071,0.0,0.0,0.426353,0.251868,-0.183073,0.0,0.0,0.48732,0.496183,-0.263691,0.0,0.0,0.528152,0.668754,-0.305001,0.0,0.0,0.556573,0.805515,-0.33353,0.0,0.0,0.355147,0.291192,-0.186465,0.0,0.0,0.376905,0.516419,-0.26712,0.0,0.0,0.399116,0.669852,-0.307145,0.0,0.0,0.418742,0.795568,-0.332535,0.0,0.0,0.289813,0.314744,-0.186951,0.0,0.0,0.254878,0.464708,-0.265251,0.0,0.0,0.221352,0.555406,-0.297728,0.0,0.0,0.194898,0.635212,-0.316005,0.0,0.0
v8.mp4,f074e4450aec1c1c5cb93b17c20fc5c9c6a348d10be735644c3bcb76445ea550,1920,1080,12.07,176,14.583,72,6000,Right,0.900861,0.277522,0.091869,2e-06,0.0,0.0,0.400671,0.093337,-0.04484,0.0,0.0,0.514941,0.134246,-0.094036,0.0,0.0,0.599472,0.193422,-0.132443,0.0,0.0,0.680243,0.247688,-0.174691,0.0,0.0,0.495924,0.191878,-0.19129,0.0,0.0,0.573548,0.424824,-0.271009,0.0,0.0,0.623062,0.56832,-0.311089,0.0,0.0,0.65954,0.690087,-0.338601,0.0,0.0,0.428868,0.223568,-0.207925,0.0,0.0,0.484024,0.478023,-0.304581,0.0,0.0,0.524833,0.663996,-0.35152,0.0,0.0,0.549719,0.813496,-0.383771,0.0,0.0,0.352781,0.245491,-0.219176,0.0,0.0,0.389046,0.465701,-0.315415,0.0,0.0,0.418397,0.626734,-0.362326,0.0,0.0,0.444942,0.766151,-0.392936,0.0,0.0,0.280326,0.255288,-0.227419,0.0,0.0,0.255571,0.392544,-0.323356,0.0,0.0,0.229732,0.484754,-0.365826,0.0,0.0,0.212973,0.570903,-0.391926,0.0,0.0
v8.mp4,f074e4450aec1c1c5cb93b17c20fc5c9c6a348d10be735644c3bcb76445ea550,1920,1080,12.07,176,14.583,73,6083,Right,0.808946,0.276884,0.092552,2e-06,0.0,0.0,0.401562,0.087695,-0.032422,0.0,0.0,0.511246,0.142664,-0.073654,0.0,0.0,0.594228,0.199598,-0.106112,0.0,0.0,0.673117,0.248831,-0.142454,0.0,0.0,0.491311,0.192666,-0.164871,0.0,0.0,0.566525,0.426254,-0.230722,0.0,0.0,0.615334,0.556827,-0.260742,0.0,0.0,0.648653,0.667406,-0.28047,0.0,0.0,0.426137,0.221192,-0.183744,0.0,0.0,0.494755,0.487217,-0.261978,0.0,0.0,0.536167,0.668728,-0.298177,0.0,0.0,0.558875,0.817377,-0.321721,0.0,0.0,0.351855,0.246315,-0.19643,0.0,0.0,0.380589,0.502475,-0.278,0.0,0.0,0.399058,0.668944,-0.316823,0.0,0.0,0.417878,0.812354,-0.341377,0.0,0.0,0.282864,0.257027,-0.205218,0.0,0.0,0.249808,0.372118,-0.282799,0.0,0.0,0.221764,0.438709,-0.31138,0.0,0.0,0.201863,0.509775,-0.327986,0.0,0.0
v8.mp4,f074e4450aec1c1c5cb93b17c20fc5c9c6a348d10be735644c3bcb76445ea550,1920,1080,12.07,176,14.583,74,6166,Right,0.799175,0.277116,0.093426,1e-06,0.0,0.0,0.385623,0.122132,-0.024154,0.0,0.0,0.475579,0.190304,-0.070661,0.0,0.0,0.533854,0.263394,-0.106796,0.0,0.0,0.586629,0.336385,-0.148781,0.0,0.0,0.458243,0.242507,-0.179771,0.0,0.0,0.462768,0.483465,-0.255062,0.0,0.0,0.470727,0.613008,-0.295494,0.0,0.0,0.483332,0.730272,-0.323238,0.0,0.0,0.422004,0.231888,-0.203777,0.0,0.0,0.487666,0.50041,-0.292728,0.0,0.0,0.5278,0.67997,-0.343151,0.0,0.0,0.556595,0.837112,-0.379247,0.0,0.0,0.376798,0.216098,-0.219003,0.0,0.0,0.424322,0.470066,-0.31087,0.0,0.0,0.464747,0.643415,-0.369436,0.0,0.0,0.504232,0.796104,-0.408803,0.0,0.0,0.333133,0.190091,-0.227298,0.0,0.0,0.329756,0.281855,-0.314234,0.0,0.0,0.326756,0.33825,-0.358191,0.0,0.0,0.331167,0.405902,-0.388257,0.0,0.0
v8.mp4,f074e4450aec1c1c5cb93b17c20fc5c9c6a348d10be735644c3bcb76445ea550,1920,1080,12.07,176,14.583,75,6250,Right,0.941051,0.285916,0.10865,2e-06,0.0,0.0,0.398097,0.085261,-0.023932,0.0,0.0,0.497783,0.139875,-0.063495,0.0,0.0,0.567701,0.207823,-0.09154,0.0,0.0,0.631534,0.280226,-0.125525,0.0,0.0,0.488696,0.17311,-0.173422,0.0,0.0,0.536131,0.323341,-0.22804,0.0,0.0,0.550446,0.42677,-0.25348,0.0,0.0,0.567488,0.513261,-0.272599,0.0,0.0,0.424684,0.206409,-0.193962,0.0,0.0,0.497566,0.477773,-0.257458,0.0,0.0,0.526741,0.658718,-0.292535,0.0,0.0,0.550139,0.789982,-0.318694,0.0,0.0,0.345056,0.245228,-0.204852,0.0,0.0,0.392802,0.524651,-0.275594,0.0,0.0,0.434555,0.690501,-0.3224,0.0,0.0,0.477115,0.812177,-0.357138,0.0,0.0,0.272717,0.271432,-0.209288,0.0,0.0,0.248384,0.37024,-0.28247,0.0,0.0,0.230148,0.414838,-0.316798,0.0,0.0,0.217553,0.46162,-0.340737,0.0,0.0
v8.mp4,f074e4450aec1c1c5cb93b17c20fc5c9c6a348d10be735644c3bcb76445ea550,1920,1080,12.07,176,14.583,76,6333,Right,0.939502,0.285288,0.10507,2e-06,0.0,0.0,0.391026,0.108182,-0.027313,0.0,0.0,0.49745,0.172552,-0.064575,0.0,0.0,0.572768,0.242009,-0.088781,0.0,0.0,0.642623,0.298066,-0.118169,0.0,0.0,0.462989,0.262977,-0.163318,0.0,0.0,0.458256,0.509327,-0.220687,0.0,0.0,0.459902,0.658441,-0.250661,0.0,0.0,0.467102,0.781934,-0.272098,0.0,0.0,0.418997,0.269665,-0.179487,0.0,0.0,0.486064,0.525928,-0.235409,0.0,0.0,0.523374,0.701186,-0.264775,0.0,0.0,0.548078,0.839361,-0.288963,0.0,0.0,0.359912,0.26762,-0.188704,0.0,0.0,0.442884,0.490763,-0.256613,0.0,0.0,0.516551,0.631122,-0.307608,0.0,0.0,0.576159,0.743013,-0.345003,0.0,0.0,0.297155,0.256891,-0.191687,0.0,0.0,0.296346,0.356543,-0.264457,0.0,0.0,0.308348,0.410169,-0.305737,0.0,0.0,0.317709,0.460332,-0.335352,0.0,0.0
v8.mp4,f074e4450aec1c1c5cb93b17c20fc5c9c6a348d10be735644c3bcb76445ea550,1920,1080,12.07,176,14.583,77,6416,Right,0.924045,0.285999,0.100395,2e-06,0.0,0.0,0.399936,0.085707,-0.034404,0.0,0.0,0.508276,0.134015,-0.07573,0.0,0.0,0.592714,0.191044,-0.104812,0.0,0.0,0.66998,0.24482,-0.137462,0.0,0.0,0.49234,0.183958,-0.179453,0.0,0.0,0.576102,0.377051,-0.243362,0.0,0.0,0.627756,0.510421,-0.278484,0.0,0.0,0.664916,0.621497,-0.302592,0.0,0.0,0.426407,0.227407,-0.190598,0.0,0.0,0.492489,0.487798,-0.260917,0.0,0.0,0.537467,0.660085,-0.30134,0.0,0.0,0.565056,0.784832,-0.330499,0.0,0.0,0.349824,0.269154,-0.192354,0.0,0.0,0.37073,0.556232,-0.260086,0.0,0.0,0.397662,0.728863,-0.296829,0.0,0.0,0.418805,0.85258,-0.323306,0.0,0.0,0.283955,0.292301,-0.190352,0.0,0.0,0.248523,0.442101,-0.256684,0.0,0.0,0.215564,0.523162,-0.280999,0.0,0.0,0.182208,0.588806,-0.295279,0.0,0.0
v8.mp4,f074e4450aec1c1c5cb93b17c20fc5c9c6a348d10be735644c3bcb76445ea550,1920,1080,12.07,176,14.583,78,6500,Right,0.863713,0.276379,0.098836,2e-06,0.0,0.0,0.396119,0.087,-0.042009,0.0,0.0,0.50755,0.13057,-0.087629,0.0,0.0,0.591913,0.192273,-0.119848,0.0,0.0,0.67234,0.249954,-0.154168,0.0,0.0,0.483049,0.203152,-0.19115,0.0,0.0,0.568602,0.392499,-0.267045,0.0,0.0,0.626833,0.507864,-0.308901,0.0,0.0,0.673814,0.609499,-0.338123,0.0,0.0,0.417667,0.261858,-0.201193,0.0,0.0,0.476243,0.508738,-0.289126,0.0,0.0,0.523371,0.674173,-0.335772,0.0,0.0,0.556755,0.81003,-0.369647,0.0,0.0,0.348655,0.302736,-0.203359,0.0,0.0,0.368325,0.556359,-0.286993,0.0,0.0,0.39634,0.716541,-0.326712,0.0,0.0,0.419296,0.849102,-0.353401,0.0,0.0,0.284972,0.319601,-0.202503,0.0,0.0,0.24997,0.469525,-0.282815,0.0,0.0,0.220609,0.56584,-0.315172,0.0,0.0,0.197685,0.65128,-0.334617,0.0,0.0
v8.mp4,f074e4450aec1c1c5cb93b17c20fc5c9c6a348d10be735644c3bcb76445ea550,1920,1080,12.07,176,14.583,79,6583,Right,0.901114,0.275397,0.097338,2e-06,0.0,0.0,0.399636,0.091344,-0.05321,0.0,0.0,0.514828,0.130036,-0.106289,0.0,0.0,0.598936,0.192229,-0.144036,0.0,0.0,0.681052,0.254151,-0.184143,0.0,0.0,0.485461,0.204471,-0.21126,0.0,0.0,0.572506,0.355796,-0.295811,0.0,0.0,0.632928,0.446914,-0.343125,0.0,0.0,0.683074,0.536462,-0.377156,0.0,0.0,0.420839,0.265619,-0.219343,0.0,0.0,0.469943,0.509005,-0.323544,0.0,0.0,0.512376,0.67369,-0.383445,0.0,0.0,0.540679,0.810219,-0.426884,0.0,0.0,0.353743,0.306659,-0.219301,0.0,0.0,0.366473,0.553964,-0.317286,0.0,0.0,0.392192,0.7088,-0.366108,0.0,0.0,0.414769,0.838195,-0.398299,0.0,0.0,0.292533,0.328283,-0.216408,0.0,0.0,0.262621,0.488172,-0.305182,0.0,0.0,0.236419,0.589967,-0.343875,0.0,0.0,0.21684,0.677779,-0.368903,0.0,0.0
v8.mp4,f074e4450aec1c1c5cb93b17c20fc5c9c6a348d10be735644c3bcb76445ea550,1920,1080,12.07,176,14.583,80,6666,Right,0.918352,0.276774,0.098071,1e-06,0.0,0.0,0.395323,0.086315,-0.049538,0.0,0.0,0.51305,0.123384,-0.099753,0.0,0.0,0.599068,0.184058,-0.136516,0.0,0.0,0.676753,0.232041,-0.176366,0.0,0.0,0.481468,0.193948,-0.203093,0.0,0.0,0.570766,0.2793,-0.285168,0.0,0.0,0.633329,0.33285,-0.334669,0.0,0.0,0.690019,0.389003,-0.370799,0.0,0.0,0.423513,0.26424,-0.209622,0.0,0.0,0.478645,0.501151,-0.306802,0.0,0.0,0.51714,0.669099,-0.364689,0.0,0.0,0.540594,0.808163,-0.408012,0.0,0.0,0.360601,0.315595,-0.2081,0.0,0.0,0.376112,0.548748,-0.295163,0.0,0.0,0.398359,0.708645,-0.339778,0.0,0.0,0.41144,0.837434,-0.369599,0.0,0.0,0.305501,0.344198,-0.203934,0.0,0.0,0.284398,0.532488,-0.278433,0.0,0.0,0.272651,0.649986,-0.312911,0.0,0.0,0.264296,0.752494,-0.337052,0.0,0.0
v8.mp4,f074e4450aec1c1c5cb93b17c20fc5c9c6a348d10be735644c3bcb76445ea550,1920,1080,12.07,176,14.583,81,6750,Right,0.935254,0.275932,0.10052,1e-06,0.0,0.0,0.402698,0.090436,-0.043654,0.0,0.0,0.519174,0.139073,-0.096367,0.0,0.0,0.601346,0.210915,-0.135767,0.0,0.0,0.677497,0.252827,-0.178547,0.0,0.0,0.487286,0.185931,-0.220076,0.0,0.0,0.571728,0.254786,-0.307856,0.0,0.0,0.63242,0.301006,-0.360688,0.0,0.0,0.68945,0.347085,-0.399012,0.0,0.0,0.422811,0.243095,-0.230622,0.0,0.0,0.476092,0.49268,-0.340079,0.0,0.0,0.515293,0.670189,-0.408693,0.0,0.0,0.537786,0.808784,-0.460392,0.0,0.0,0.356699,0.298256,-0.229965,0.0,0.0,0.375247,0.541218,-0.322877,0.0,0.0,0.400514,0.713122,-0.372341,0.0,0.0,0.414419,0.845023,-0.405948,0.0,0.0,0.302807,0.344971,-0.225234,0.0,0.0,0.294854,0.54056,-0.297507,0.0,0.0,0.289085,0.662969,-0.331341,0.0,0.0,0.285862,0.761987,-0.356926,0.0,0.0
v8.mp4,f074e4450aec1c1c5cb93b17c20fc5c9c6a348d10be735644c3bcb76445ea550,1920,1080,12.07,176,14.583,82,6833,Right,0.948364,0.276794,0.111618,2e-06,0.0,0.0,0.404492,0.103738,-0.044845,0.0,0.0,0.512291,0.1412,-0.109317,0.0,0.0,0.584915,0.205978,-0.158994,0.0,0.0,0.658066,0.235597,-0.212146,0.0,0.0,0.480058,0.199429,-0.257354,0.0,0.0,0.562778,0.224158,-0.368749,0.0,0.0,0.624479,0.245376,-0.43999,0.0,0.0,0.682525,0.263864,-0.488169,0.0,0.0,0.42064,0.259974,-0.267532,0.0,0.0,0.474263,0.486934,-0.40067,0.0,0.0,0.518795,0.654902,-0.484329,0.0,0.0,0.543112,0.786401,-0.546521,0.0,0.0,0.359968,0.314017,-0.263913,0.0,0.0,0.372666,0.547623,-0.377181,0.0,0.0,0.401528,0.711349,-0.439421,0.0,0.0,0.413327,0.837112,-0.479568,0.0,0.0,0.311871,0.36584,-0.254109,0.0,0.0,0.298459,0.548134,-0.335182,0.0,0.0,0.290235,0.665029,-0.374333,0.0,0.0,0.28475,0.756058,-0.404319,0.0,0.0
v8.mp4,f074e4450aec1c1c5cb93b17c20fc5c9c6a348d10be735644c3bcb76445ea550,1920,1080,12.07,176,14.583,83,6916,Right,0.963922,0.279186,0.111674,1e-06,0.0,0.0,0.403789,0.11087,-0.042526,0.0,0.0,0.518812,0.142882,-0.109465,0.0,0.0,0.60091,0.197555,-0.160169,0.0,0.0,0.678415,0.215491,-0.213628,0.0,0.0,0.48259,0.208353,-0.268132,0.0,0.0,0.54809,0.232136,-0.385888,0.0,0.0,0.600513,0.248526,-0.465177,0.0,0.0,0.658249,0.248759,-0.520142,0.0,0.0,0.418752,0.267248,-0.277611,0.0,0.0,0.470159,0.49601,-0.413649,0.0,0.0,0.5146,0.665287,-0.502767,0.0,0.0,0.540237,0.791877,-0.572588,0.0,0.0,0.358788,0.316386,-0.271597,0.0,0.0,0.37447,0.551088,-0.382499,0.0,0.0,0.404327,0.718786,-0.441232,0.0,0.0,0.417847,0.840782,-0.482263,0.0,0.0,0.313133,0.370766,-0.258874,0.0,0.0,0.304972,0.550603,-0.337325,0.0,0.0,0.294238,0.666849,-0.37368,0.0,0.0,0.288791,0.753101,-0.404024,0.0,0.0
v8.mp4,f074e4450aec1c1c5cb93b17c20fc5c9c6a348d10be735644c3bcb76445ea550,1920,1080,12.07,176,14.583,84,7000,Right,0.965851,0.27989,0.103548,1e-06,0.0,0.0,0.406354,0.096793,-0.045534,0.0,0.0,0.526749,0.140182,-0.097383,0.0,0.0,0.615202,0.197207,-0.13801,0.0,0.0,0.693186,0.22477,-0.181102,0.0,0.0,0.481756,0.20176,-0.19805,0.0,0.0,0.552322,0.226897,-0.291215,0.0,0.0,0.603924,0.236102,-0.351651,0.0,0.0,0.656637,0.234105,-0.392532,0.0,0.0,0.422009,0.257914,-0.208703,0.0,0.0,0.475282,0.492598,-0.320531,0.0,0.0,0.516486,0.667609,-0.396115,0.0,0.0,0.539315,0.800904,-0.451579,0.0,0.0,0.359733,0.310511,-0.210151,0.0,0.0,0.377293,0.538526,-0.302408,0.0,0.0,0.403467,0.707092,-0.351497,0.0,0.0,0.420071,0.833234,-0.383193,0.0,0.0,0.308843,0.351503,-0.208722,0.0,0.0,0.300636,0.536824,-0.277262,0.0,0.0,0.29327,0.657235,-0.307544,0.0,0.0,0.289162,0.751384,-0.329804,0.0,0.0
v8.mp4,f074e4450aec1c1c5cb93b17c20fc5c9c6a348d10be735644c3bcb76445ea550,1920,1080,12.07,176,14.583,85,7083,Right,0.959556,0.272866,0.106607,1e-06,0.0,0.0,0.402954,0.095729,-0.039229,0.0,0.0,0.514439,0.139728,-0.094702,0.0,0.0,0.590536,0.199376,-0.138998,0.0,0.0,0.664493,0.227255,-0.186747,0.0,0.0,0.480437,0.185569,-0.220291,0.0,0.0,0.564755,0.217598,-0.31559,0.0,0.0,0.625046,0.23972,-0.373972,0.0,0.0,0.683817,0.257974,-0.413587,0.0,0.0,0.422054,0.246835,-0.233198,0.0,0.0,0.475527,0.481573,-0.357877,0.0,0.0,0.519002,0.653842,-0.438755,0.0,0.0,0.543416,0.786217,-0.496399,0.0,0.0,0.361144,0.305261,-0.233178,0.0,0.0,0.376274,0.535405,-0.339089,0.0,0.0,0.403361,0.704359,-0.397846,0.0,0.0,0.418473,0.832061,-0.434048,0.0,0.0,0.312234,0.358127,-0.227605,0.0,0.0,0.301324,0.54411,-0.302108,0.0,0.0,0.291818,0.663922,-0.336697,0.0,0.0,0.286836,0.7557,-0.362126,0.0,0.0
v8.mp4,f074e4450aec1c1c5cb93b17c20fc5c9c6a348d10be735644c3bcb76445ea550,1920,1080,12.07,176,14.583,86,7166,Right,0.955368,0.284636,0.118298,2e-06,0.0,0.0,0.411568,0.102267,-0.056389,0.0,0.0,0.523891,0.142464,-0.123608,0.0,0.0,0.604482,0.209042,-0.174698,0.0,0.0,0.681882,0.240952,-0.228656,0.0,0.0,0.483161,0.19519,-0.257264,0.0,0.0,0.559043,0.228559,-0.364145,0.0,0.0,0.621519,0.252879,-0.428965,0.0,0.0,0.679422,0.27539,-0.473546,0.0,0.0,0.42227,0.263337,-0.263169,0.0,0.0,0.470536,0.481887,-0.395522,0.0,0.0,0.516073,0.644138,-0.477468,0.0,0.0,0.540146,0.771059,-0.538963,0.0,0.0,0.360476,0.319463,-0.256498,0.0,0.0,0.372665,0.547174,-0.372748,0.0,0.0,0.402274,0.708586,-0.43353,0.0,0.0,0.415554,0.831791,-0.472279,0.0,0.0,0.310446,0.368363,-0.244487,0.0,0.0,0.302109,0.546061,-0.328373,0.0,0.0,0.292741,0.659136,-0.367015,0.0,0.0,0.284554,0.74408,-0.396572,0.0,0.0
v8.mp4,f074e4450aec1c1c5cb93b17c20fc5c9c6a348d10be735644c3bcb76445ea550,1920,1080,12.07,176,14.583,87,7250,Right,0.910967,0.277796,0.099123,2e-06,0.0,0.0,0.394495,0.083467,-0.045942,0.0,0.0,0.510922,0.127031,-0.085764,0.0,0.0,0.600657,0.190122,-0.113749,0.0,0.0,0.677777,0.25197,-0.143406,0.0,0.0,0.48934,0.207672,-0.151022,0.0,0.0,0.556745,0.420251,-0.213929,0.0,0.0,0.604355,0.555552,-0.249847,0.0,0.0,0.640968,0.670843,-0.273735,0.0,0.0,0.427411,0.266844,-0.153383,0.0,0.0,0.479012,0.511729,-0.220635,0.0,0.0,0.513626,0.687081,-0.25629,0.0,0.0,0.534418,0.82663,-0.282537,0.0,0.0,0.359679,0.315569,-0.151873,0.0,0.0,0.381774,0.549621,-0.214869,0.0,0.0,0.401976,0.714728,-0.24235,0.0,0.0,0.417936,0.845198,-0.259777,0.0,0.0,0.298391,0.344167,-0.149794,0.0,0.0,0.298637,0.526986,-0.205765,0.0,0.0,0.295115,0.645242,-0.226917,0.0,0.0,0.290288,0.751164,-0.239625,0.0,0.0
v8.mp4,f074e4450aec1c1c5cb93b17c20fc5c9c6a348d10be735644c3bcb76445ea550,1920,1080,12.07,176,14.583,88,7333,Right,0.933871,0.281186,0.101003,2e-06,0.0,0.0,0.40071,0.085339,-0.042158,0.0,0.0,0.515924,0.130533,-0.084665,0.0,0.0,0.604221,0.192668,-0.115781,0.0,0.0,0.685147,0.243496,-0.148605,0.0,0.0,0.491985,0.204562,-0.166288,0.0,0.0,0.564424,0.429987,-0.233015,0.0,0.0,0.611407,0.57035,-0.26601,0.0,0.0,0.645115,0.68946,-0.286735,0.0,0.0,0.426164,0.262483,-0.172567,0.0,0.0,0.478014,0.507171,-0.249116,0.0,0.0,0.5149,0.68209,-0.284837,0.0,0.0,0.536425,0.818792,-0.310266,0.0,0.0,0.358459,0.310286,-0.173734,0.0,0.0,0.379189,0.548547,-0.245241,0.0,0.0,0.401119,0.715597,-0.274152,0.0,0.0,0.418616,0.849909,-0.291596,0.0,0.0,0.298493,0.341274,-0.17327,0.0,0.0,0.29806,0.529935,-0.235198,0.0,0.0,0.295331,0.651246,-0.2589,0.0,0.0,0.293262,0.759454,-0.273221,0.0,0.0
v8.mp4,f074e4450aec1c1c5cb93b17c20fc5c9c6a348d10be735644c3bcb76445ea550,1920,1080,12.07,176,14.583,89,7416,Right,0.932152,0.276703,0.099135,2e-06,0.0,0.0,0.395524,0.081869,-0.044904,0.0,0.0,0.51391,0.128384,-0.087156,0.0,0.0,0.604849,0.194017,-0.117094,0.0,0.0,0.686046,0.250831,-0.148567,0.0,0.0,0.490462,0.194567,-0.167403,0.0,0.0,0.555905,0.433493,-0.234428,0.0,0.0,0.600224,0.573693,-0.267621,0.0,0.0,0.633387,0.693,-0.288418,0.0,0.0,0.422695,0.255296,-0.171975,0.0,0.0,0.478673,0.502846,-0.246857,0.0,0.0,0.515335,0.679124,-0.282218,0.0,0.0,0.537046,0.820408,-0.307986,0.0,0.0,0.354361,0.306835,-0.17179,0.0,0.0,0.381347,0.551845,-0.241198,0.0,0.0,0.400563,0.719841,-0.269585,0.0,0.0,0.415825,0.855946,-0.287117,0.0,0.0,0.294992,0.34203,-0.170389,0.0,0.0,0.298657,0.534791,-0.230639,0.0,0.0,0.294681,0.655521,-0.254387,0.0,0.0,0.292013,0.76397,-0.269035,0.0,0.0
v8.mp4,f074e4450aec1c1c5cb93b17c20fc5c9c6a348d10be735644c3bcb76445ea550,1920,1080,12.07,176,14.583,90,7500,Right,0.948426,0.278105,0.101885,2e-06,0.0,0.0,0.399371,0.087683,-0.045456,0.0,0.0,0.515945,0.127695,-0.091364,0.0,0.0,0.604846,0.186109,-0.124264,0.0,0.0,0.685618,0.2374,-0.158619,0.0,0.0,0.489209,0.197051,-0.177149,0.0,0.0,0.556067,0.434458,-0.248435,0.0,0.0,0.600258,0.575038,-0.285466,0.0,0.0,0.633916,0.692229,-0.308688,0.0,0.0,0.420557,0.256855,-0.181034,0.0,0.0,0.477338,0.508405,-0.259473,0.0,0.0,0.514771,0.684326,-0.29672,0.0,0.0,0.537885,0.823172,-0.324057,0.0,0.0,0.352417,0.30718,-0.179378,0.0,0.0,0.379288,0.551942,-0.249471,0.0,0.0,0.399926,0.721087,-0.276993,0.0,0.0,0.41584,0.856567,-0.294416,0.0,0.0,0.295048,0.341747,-0.176378,0.0,0.0,0.298671,0.532288,-0.235627,0.0,0.0,0.295034,0.652989,-0.257886,0.0,0.0,0.292171,0.761634,-0.271984,0.0,0.0
v8.mp4,f074e4450aec1c1c5cb93b17c20fc5c9c6a348d10be735644c3bcb76445ea550,1920,1080,12.07,176,14.583,91,7583,Right,0.947202,0.279777,0.102191,2e-06,0.0,0.0,0.401025,0.086916,-0.045372,0.0,0.0,0.516177,0.130165,-0.091304,0.0,0.0,0.604398,0.190895,-0.12424,0.0,0.0,0.686544,0.242235,-0.158844,0.0,0.0,0.492165,0.19652,-0.180092,0.0,0.0,0.556841,0.432916,-0.252048,0.0,0.0,0.600927,0.572135,-0.288173,0.0,0.0,0.634523,0.690839,-0.310751,0.0,0.0,0.423351,0.256687,-0.184748,0.0,0.0,0.478406,0.503757,-0.265492,0.0,0.0,0.515819,0.67815,-0.303293,0.0,0.0,0.538264,0.817564,-0.330909,0.0,0.0,0.354629,0.308053,-0.183656,0.0,0.0,0.378661,0.549852,-0.256522,0.0,0.0,0.399562,0.715888,-0.284978,0.0,0.0,0.416187,0.851091,-0.3027,0.0,0.0,0.296288,0.343929,-0.181021,0.0,0.0,0.299401,0.531136,-0.242494,0.0,0.0,0.296426,0.650184,-0.265798,0.0,0.0,0.294992,0.7583,-0.280528,0.0,0.0
v8.mp4,f074e4450aec1c1c5cb93b17c20fc5c9c6a348d10be735644c3bcb76445ea550,1920,1080,12.07,176,14.583,92,7666,Right,0.948579,0.278122,0.097554,2e-06,0.0,0.0,0.395684,0.080294,-0.042853,0.0,0.0,0.511872,0.126996,-0.08332,0.0,0.0,0.601649,0.19755,-0.111867,0.0,0.0,0.6811,0.256061,-0.141945,0.0,0.0,0.489651,0.200935,-0.159962,0.0,0.0,0.55688,0.43189,-0.225768,0.0,0.0,0.600689,0.570723,-0.25926,0.0,0.0,0.633146,0.687851,-0.279824,0.0,0.0,0.422996,0.260752,-0.164695,0.0,0.0,0.478298,0.507204,-0.235878,0.0,0.0,0.515476,0.681748,-0.269383,0.0,0.0,0.537999,0.820673,-0.293859,0.0,0.0,0.354946,0.308669,-0.165178,0.0,0.0,0.378621,0.551308,-0.232023,0.0,0.0,0.39937,0.717562,-0.259989,0.0,0.0,0.415906,0.85203,-0.277165,0.0,0.0,0.294781,0.339831,-0.164383,0.0,0.0,0.298967,0.52954,-0.222251,0.0,0.0,0.29624,0.648945,-0.244653,0.0,0.0,0.293646,0.756961,-0.258289,0.0,0.0
v8.mp4,f074e4450aec1c1c5cb93b17c20fc5c9c6a348d10be735644c3bcb76445ea550,1920,1080,12.07,176,14.583,93,7750,Right,0.924025,0.27625,0.100463,2e-06,0.0,0.0,0.394658,0.079315,-0.043213,0.0,0.0,0.511773,0.128489,-0.082001,0.0,0.0,0.601065,0.200625,-0.10918,0.0,0.0,0.680813,0.258584,-0.137859,0.0,0.0,0.488489,0.200892,-0.156342,0.0,0.0,0.563453,0.43121,-0.219144,0.0,0.0,0.613763,0.567693,-0.250363,0.0,0.0,0.651605,0.682864,-0.270191,0.0,0.0,0.423388,0.262117,-0.161252,0.0,0.0,0.47804,0.507254,-0.232018,0.0,0.0,0.515341,0.681857,-0.265474,0.0,0.0,0.538761,0.820515,-0.289419,0.0,0.0,0.356674,0.310914,-0.162086,0.0,0.0,0.379247,0.547495,-0.229936,0.0,0.0,0.400166,0.715794,-0.259024,0.0,0.0,0.417829,0.854107,-0.276544,0.0,0.0,0.297317,0.340293,-0.161752,0.0,0.0,0.297353,0.527994,-0.222107,0.0,0.0,0.294537,0.648845,-0.246318,0.0,0.0,0.292401,0.758764,-0.260726,0.0,0.0
v8.mp4,f074e4450aec1c1c5cb93b17c20fc5c9c6a348d10be735644c3bcb76445ea550,1920,1080,12.07,176,14.583,94,7833,Right,0.955702,0.27469,0.105451,1e-06,0.0,0.0,0.40384,0.092808,-0.046262,0.0,0.0,0.518191,0.127983,-0.103196,0.0,0.0,0.601757,0.191246,-0.144507,0.0,0.0,0.687275,0.213023,-0.187116,0.0,0.0,0.49044,0.203984,-0.234614,0.0,0.0,0.572746,0.342653,-0.325196,0.0,0.0,0.63344,0.416195,-0.374685,0.0,0.0,0.686172,0.483008,-0.408779,0.0,0.0,0.426765,0.273575,-0.239756,0.0,0.0,0.472107,0.507547,-0.355706,0.0,0.0,0.514123,0.674096,-0.422752,0.0,0.0,0.538051,0.813979,-0.473256,0.0,0.0,0.362991,0.323215,-0.232353,0.0,0.0,0.374587,0.555491,-0.33408,0.0,0.0,0.39749,0.716583,-0.384554,0.0,0.0,0.409605,0.851553,-0.416961,0.0,0.0,0.306111,0.366499,-0.219461,0.0,0.0,0.300308,0.545443,-0.29508,0.0,0.0,0.292094,0.661908,-0.329506,0.0,0.0,0.291222,0.761181,-0.355365,0.0,0.0
v8.mp4,f074e4450aec1c1c5cb93b17c20fc5c9c6a348d10be735644c3bcb76445ea550,1920,1080,12.07,176,14.583,95,7916,Right,0.932905,0.274091,0.106349,2e-06,0.0,0.0,0.401206,0.095418,-0.049764,0.0,0.0,0.512367,0.10808,-0.115759,0.0,0.0,0.596475,0.123528,-0.166971,0.0,0.0,0.67751,0.100176,-0.222346,0.0,0.0,0.492114,0.19884,-0.245967,0.0,0.0,0.575395,0.292946,-0.343502,0.0,0.0,0.638319,0.344897,-0.403258,0.0,0.0,0.694964,0.399555,-0.447596,0.0,0.0,0.43275,0.269256,-0.254482,0.0,0.0,0.480536,0.496354,-0.379447,0.0,0.0,0.517816,0.657768,-0.45664,0.0,0.0,0.539474,0.795769,-0.515776,0.0,0.0,0.366056,0.322058,-0.249514,0.0,0.0,0.376683,0.550819,-0.354684,0.0,0.0,0.399115,0.709743,-0.406006,0.0,0.0,0.409101,0.839977,-0.441598,0.0,0.0,0.307211,0.364428,-0.239792,0.0,0.0,0.297769,0.546389,-0.318882,0.0,0.0,0.289779,0.661939,-0.353582,0.0,0.0,0.287999,0.762351,-0.381172,0.0,0.0
v8.mp4,f074e4450aec1c1c5cb93b17c20fc5c9c6a348d10be735644c3bcb76445ea550,1920,1080,12.07,176,14.583,96,8000,Right,0.846991,0.274131,0.10236,1e-06,0.0,0.0,0.390541,0.076436,-0.05134,0.0,0.0,0.505075,0.080455,-0.103644,0.0,0.0,0.593191,0.0633,-0.142463,0.0,0.0,0.669463,0.008029,-0.185381,0.0,0.0,0.478956,0.196609,-0.201271,0.0,0.0,0.569905,0.308331,-0.284021,0.0,0.0,0.635965,0.369625,-0.336153,0.0,0.0,0.693786,0.430764,-0.374259,0.0,0.0,0.416786,0.279499,-0.205751,0.0,0.0,0.469266,0.503937,-0.297982,0.0,0.0,0.509108,0.664746,-0.354458,0.0,0.0,0.534431,0.803977,-0.399706,0.0,0.0,0.356452,0.329865,-0.203116,0.0,0.0,0.372606,0.55853,-0.288389,0.0,0.0,0.397374,0.713836,-0.335551,0.0,0.0,0.410588,0.848149,-0.368534,0.0,0.0,0.304619,0.354883,-0.197795,0.0,0.0,0.298377,0.538266,-0.26965,0.0,0.0,0.292318,0.653754,-0.30405,0.0,0.0,0.287382,0.75816,-0.330155,0.0,0.0
v8.mp4,f074e4450aec1c1c5cb93b17c20fc5c9c6a348d10be735644c3bcb76445ea550,1920,1080,12.07,176,14.583,97,8083,Right,0.862917,0.274736,0.106092,1e-06,0.0,0.0,0.386042,0.071082,-0.037996,0.0,0.0,0.50148,0.076422,-0.081381,0.0,0.0,0.586474,0.060896,-0.115658,0.0,0.0,0.659338,0.001361,-0.155241,0.0,0.0,0.477146,0.197041,-0.175178,0.0,0.0,0.564132,0.3008,-0.247208,0.0,0.0,0.629928,0.362487,-0.291097,0.0,0.0,0.687393,0.425024,-0.324005,0.0,0.0,0.416058,0.274831,-0.186419,0.0,0.0,0.469766,0.49954,-0.272036,0.0,0.0,0.510161,0.66659,-0.328103,0.0,0.0,0.535811,0.810328,-0.373032,0.0,0.0,0.357243,0.324754,-0.190013,0.0,0.0,0.375734,0.549922,-0.268667,0.0,0.0,0.397337,0.710036,-0.315231,0.0,0.0,0.410468,0.848328,-0.348059,0.0,0.0,0.306257,0.35323,-0.190692,0.0,0.0,0.299994,0.538763,-0.256827,0.0,0.0,0.291448,0.658635,-0.290256,0.0,0.0,0.285971,0.766329,-0.316068,0.0,0.0
v8.mp4,f074e4450aec1c1c5cb93b17c20fc5c9c6a348d10be735644c3bcb76445ea550,1920,1080,12.07,176,14.583,98,8166,Right,0.80153,0.280822,0.106723,1e-06,0.0,0.0,0.391244,0.070322,-0.053055,0.0,0.0,0.510087,0.082087,-0.099784,0.0,0.0,0.600235,0.083654,-0.13412,0.0,0.0,0.680152,0.046569,-0.172054,0.0,0.0,0.480118,0.194618,-0.178998,0.0,0.0,0.559479,0.292397,-0.251917,0.0,0.0,0.623039,0.34849,-0.297376,0.0,0.0,0.680737,0.405201,-0.331619,0.0,0.0,0.41882,0.27405,-0.182672,0.0,0.0,0.471778,0.497772,-0.269656,0.0,0.0,0.510982,0.666499,-0.327722,0.0,0.0,0.535953,0.811658,-0.373886,0.0,0.0,0.36003,0.327302,-0.18029,0.0,0.0,0.376753,0.553145,-0.260229,0.0,0.0,0.398305,0.713583,-0.307284,0.0,0.0,0.411723,0.85295,-0.340083,0.0,0.0,0.309064,0.357687,-0.176445,0.0,0.0,0.301279,0.543499,-0.243701,0.0,0.0,0.291826,0.660591,-0.277845,0.0,0.0,0.28653,0.766187,-0.303893,0.0,0.0
v8.mp4,f074e4450aec1c1c5cb93b17c20fc5c9c6a348d10be735644c3bcb76445ea550,1920,1080,12.07,176,14.583,99,8250,Right,0.878337,0.273865,0.099723,1e-06,0.0,0.0,0.39564,0.076663,-0.056976,0.0,0.0,0.519071,0.121543,-0.100715,0.0,0.0,0.60634,0.193507,-0.130195,0.0,0.0,0.68727,0.235694,-0.161164,0.0,0.0,0.488387,0.199808,-0.183571,0.0,0.0,0.570806,0.309267,-0.258294,0.0,0.0,0.632729,0.362747,-0.304427,0.0,0.0,0.691239,0.417273,-0.338549,0.0,0.0,0.425876,0.273872,-0.183144,0.0,0.0,0.476372,0.497894,-0.278206,0.0,0.0,0.514334,0.666883,-0.342306,0.0,0.0,0.53857,0.813871,-0.391428,0.0,0.0,0.364614,0.33045,-0.176111,0.0,0.0,0.378959,0.556791,-0.261131,0.0,0.0,0.398256,0.717707,-0.31106,0.0,0.0,0.409256,0.852936,-0.344567,0.0,0.0,0.311873,0.366878,-0.167693,0.0,0.0,0.30399,0.553686,-0.237294,0.0,0.0,0.292563,0.668897,-0.273852,0.0,0.0,0.28686,0.770692,-0.300694,0.0,0.0
v8.mp4,f074e4450aec1c1c5cb93b17c20fc5c9c6a348d10be735644c3bcb76445ea550,1920,1080,12.07,176,14.583,100,8333,Right,0.940813,0.280404,0.109689,2e-06,0.0,0.0,0.412161,0.106048,-0.044353,0.0,0.0,0.521441,0.138529,-0.110988,0.0,0.0,0.597192,0.196679,-0.161999,0.0,0.0,0.678546,0.226603,-0.216488,0.0,0.0,0.494984,0.201327,-0.266779,0.0,0.0,0.576896,0.281258,-0.371147,0.0,0.0,0.636098,0.329091,-0.433339,0.0,0.0,0.692261,0.374812,-0.47771,0.0,0.0,0.430436,0.266245,-0.277085,0.0,0.0,0.477624,0.491875,-0.414745,0.0,0.0,0.517054,0.658838,-0.500726,0.0,0.0,0.540497,0.796349,-0.565735,0.0,0.0,0.363932,0.320196,-0.27092,0.0,0.0,0.377646,0.549564,-0.389379,0.0,0.0,0.401084,0.720639,-0.451896,0.0,0.0,0.411252,0.854804,-0.493263,0.0,0.0,0.309044,0.371947,-0.257326,0.0,0.0,0.300544,0.548692,-0.341174,0.0,0.0,0.290076,0.665788,-0.380045,0.0,0.0,0.285024,0.762099,-0.411065,0.0,0.0
v8.mp4,f074e4450aec1c1c5cb93b17c20fc5c9c6a348d10be735644c3bcb76445ea550,1920,1080,12.07,176,14.583,101,8416,Right,0.955521,0.279364,0.112153,2e-06,0.0,0.0,0.408217,0.108549,-0.049094,0.0,0.0,0.51758,0.136355,-0.118875,0.0,0.0,0.596646,0.193474,-0.171762,0.0,0.0,0.68337,0.221475,-0.228008,0.0,0.0,0.490873,0.21358,-0.269724,0.0,0.0,0.576943,0.310264,-0.376963,0.0,0.0,0.644534,0.363548,-0.44183,0.0,0.0,0.702459,0.414487,-0.487794,0.0,0.0,0.429564,0.284348,-0.276082,0.0,0.0,0.477701,0.502871,-0.409526,0.0,0.0,0.517848,0.66402,-0.487699,0.0,0.0,0.539447,0.798068,-0.547969,0.0,0.0,0.364658,0.335435,-0.267401,0.0,0.0,0.375449,0.56067,-0.382761,0.0,0.0,0.400708,0.720905,-0.438028,0.0,0.0,0.410885,0.847499,-0.475213,0.0,0.0,0.309735,0.38005,-0.25198,0.0,0.0,0.301167,0.548681,-0.335755,0.0,0.0,0.292416,0.660483,-0.372103,0.0,0.0,0.288585,0.755906,-0.401228,0.0,0.0
v8.mp4,f074e4450aec1c1c5cb93b17c20fc5c9c6a348d10be735644c3bcb76445ea550,1920,1080,12.07,176,14.583,102,8500,Right,0.972338,0.281356,0.103477,2e-06,0.0,0.0,0.403036,0.096605,-0.035128,0.0,0.0,0.515937,0.133741,-0.081337,0.0,0.0,0.60104,0.187604,-0.116361,0.0,0.0,0.681844,0.229816,-0.153895,0.0,0.0,0.499092,0.185429,-0.185174,0.0,0.0,0.576918,0.386559,-0.25919,0.0,0.0,0.626699,0.512009,-0.300216,0.0,0.0,0.666755,0.616583,-0.327165,0.0,0.0,0.433905,0.238788,-0.194656,0.0,0.0,0.484743,0.505285,-0.277041,0.0,0.0,0.518876,0.687006,-0.318984,0.0,0.0,0.538096,0.823813,-0.349984,0.0,0.0,0.362764,0.289995,-0.19567,0.0,0.0,0.382891,0.541521,-0.268039,0.0,0.0,0.404344,0.718225,-0.297305,0.0,0.0,0.419446,0.851226,-0.316534,0.0,0.0,0.300155,0.332252,-0.193647,0.0,0.0,0.299694,0.529966,-0.253005,0.0,0.0,0.294407,0.656074,-0.272988,0.0,0.0,0.288693,0.76085,-0.286044,0.0,0.0
v8.mp4,f074e4450aec1c1c5cb93b17c20fc5c9c6a348d10be735644c3bcb76445ea550,1920,1080,12.07,176,14.583,103,8583,Right,0.960419,0.278747,0.105062,2e-06,0.0,0.0,0.396403,0.091853,-0.036851,0.0,0.0,0.513246,0.135184,-0.078112,0.0,0.0,0.600772,0.193261,-0.107668,0.0,0.0,0.679601,0.234512,-0.138846,0.0,0.0,0.48923,0.193661,-0.174578,0.0,0.0,0.568175,0.417418,-0.243166,0.0,0.0,0.619052,0.54922,-0.27869,0.0,0.0,0.657749,0.655352,-0.300656,0.0,0.0,0.421833,0.242156,-0.181135,0.0,0.0,0.478078,0.511468,-0.255719,0.0,0.0,0.515361,0.690756,-0.29092,0.0,0.0,0.537807,0.827717,-0.317055,0.0,0.0,0.354898,0.290925,-0.180787,0.0,0.0,0.38084,0.554788,-0.249508,0.0,0.0,0.401813,0.727712,-0.278732,0.0,0.0,0.41606,0.860925,-0.29739,0.0,0.0,0.297192,0.331065,-0.177729,0.0,0.0,0.300554,0.531579,-0.233619,0.0,0.0,0.295354,0.654489,-0.253836,0.0,0.0,0.289353,0.76064,-0.266947,0.0,0.0
v8.mp4,f074e4450aec1c1c5cb93b17c20fc5c9c6a348d10be735644c3bcb76445ea550,1920,1080,12.07,176,14.583,104,8666,Right,0.96435,0.280098,0.106223,2e-06,0.0,0.0,0.397966,0.094552,-0.041119,0.0,0.0,0.513845,0.138101,-0.085279,0.0,0.0,0.601223,0.19758,-0.117277,0.0,0.0,0.68084,0.240955,-0.150986,0.0,0.0,0.491811,0.192523,-0.177668,0.0,0.0,0.569385,0.414524,-0.247984,0.0,0.0,0.619764,0.544471,-0.28421,0.0,0.0,0.658864,0.652335,-0.306816,0.0,0.0,0.424121,0.24555,-0.183852,0.0,0.0,0.479238,0.508964,-0.260118,0.0,0.0,0.515029,0.686218,-0.294575,0.0,0.0,0.536593,0.824382,-0.319803,0.0,0.0,0.355482,0.296567,-0.183957,0.0,0.0,0.381472,0.555425,-0.254184,0.0,0.0,0.402035,0.725399,-0.282241,0.0,0.0,0.416584,0.859187,-0.299879,0.0,0.0,0.295092,0.337621,-0.181995,0.0,0.0,0.299864,0.53599,-0.239868,0.0,0.0,0.29536,0.656989,-0.26051,0.0,0.0,0.290127,0.763824,-0.273681,0.0,0.0
v8.mp4,f074e4450aec1c1c5cb93b17c20fc5c9c6a348d10be735644c3bcb76445ea550,1920,1080,12.07,176,14.583,105,8750,Right,0.959054,0.279691,0.10622,2e-06,0.0,0.0,0.39988,0.095731,-0.042702,0.0,0.0,0.514825,0.136489,-0.091032,0.0,0.0,0.600593,0.1942,-0.126488,0.0,0.0,0.682736,0.235694,-0.163731,0.0,0.0,0.493202,0.195082,-0.192674,0.0,0.0,0.569238,0.419592,-0.269197,0.0,0.0,0.620511,0.548132,-0.309672,0.0,0.0,0.660872,0.655293,-0.335363,0.0,0.0,0.425665,0.244561,-0.199478,0.0,0.0,0.479474,0.506569,-0.287435,0.0,0.0,0.517397,0.682289,-0.330247,0.0,0.0,0.540237,0.820198,-0.36127,0.0,0.0,0.356765,0.294764,-0.198728,0.0,0.0,0.381167,0.555402,-0.277406,0.0,0.0,0.401699,0.726443,-0.310044,0.0,0.0,0.415793,0.860484,-0.330573,0.0,0.0,0.296814,0.337959,-0.195376,0.0,0.0,0.299916,0.535983,-0.25858,0.0,0.0,0.294133,0.657443,-0.282166,0.0,0.0,0.289771,0.763051,-0.297721,0.0,0.0
v8.mp4,f074e4450aec1c1c5cb93b17c20fc5c9c6a348d10be735644c3bcb76445ea550,1920,1080,12.07,176,14.583,106,8833,Right,0.957626,0.279998,0.108396,2e-06,0.0,0.0,0.399737,0.099587,-0.044715,0.0,0.0,0.516156,0.130654,-0.094252,0.0,0.0,0.602755,0.180824,-0.130665,0.0,0.0,0.685986,0.212099,-0.168556,0.0,0.0,0.489686,0.207697,-0.195678,0.0,0.0,0.573228,0.430768,-0.274214,0.0,0.0,0.629708,0.558127,-0.317292,0.0,0.0,0.675371,0.666208,-0.345589,0.0,0.0,0.423105,0.254469,-0.202246,0.0,0.0,0.47742,0.513267,-0.289286,0.0,0.0,0.515765,0.68651,-0.330643,0.0,0.0,0.539678,0.824085,-0.361568,0.0,0.0,0.354098,0.299034,-0.201806,0.0,0.0,0.381672,0.557453,-0.279674,0.0,0.0,0.402528,0.72953,-0.310249,0.0,0.0,0.416481,0.863874,-0.330144,0.0,0.0,0.294318,0.336013,-0.199137,0.0,0.0,0.298348,0.534337,-0.262859,0.0,0.0,0.293196,0.657152,-0.28573,0.0,0.0,0.289439,0.762293,-0.301162,0.0,0.0
v8.mp4,f074e4450aec1c1c5cb93b17c20fc5c9c6a348d10be735644c3bcb76445ea550,1920,1080,12.07,176,14.583,107,8916,Right,0.94745,0.27714,0.102089,1e-06,0.0,0.0,0.397043,0.085372,-0.045809,0.0,0.0,0.515351,0.125011,-0.091865,0.0,0.0,0.606376,0.186392,-0.124356,0.0,0.0,0.690167,0.224419,-0.158574,0.0,0.0,0.488024,0.211559,-0.18688,0.0,0.0,0.572128,0.409905,-0.262441,0.0,0.0,0.630117,0.518584,-0.304323,0.0,0.0,0.677441,0.612831,-0.332016,0.0,0.0,0.422348,0.270747,-0.19115,0.0,0.0,0.47419,0.521719,-0.273367,0.0,0.0,0.512624,0.691305,-0.313727,0.0,0.0,0.536543,0.828304,-0.3445,0.0,0.0,0.356771,0.314997,-0.189401,0.0,0.0,0.38151,0.566426,-0.266041,0.0,0.0,0.403186,0.729288,-0.300014,0.0,0.0,0.417758,0.863204,-0.322029,0.0,0.0,0.299032,0.345302,-0.185286,0.0,0.0,0.300213,0.53807,-0.249295,0.0,0.0,0.29454,0.655244,-0.274799,0.0,0.0,0.290485,0.759537,-0.292014,0.0,0.0
v8.mp4,f074e4450aec1c1c5cb93b17c20fc5c9c6a348d10be735644c3bcb76445ea550,1920,1080,12.07,176,14.583,108,9000,Right,0.929832,0.274231,0.104734,1e-06,0.0,0.0,0.388959,0.079835,-0.044809,0.0,0.0,0.512665,0.127421,-0.07528,0.0,0.0,0.608372,0.196521,-0.094549,0.0,0.0,0.690002,0.249666,-0.113743,0.0,0.0,0.480938,0.208941,-0.132878,0.0,0.0,0.565013,0.351686,-0.188445,0.0,0.0,0.626313,0.439393,-0.219514,0.0,0.0,0.678294,0.522491,-0.241765,0.0,0.0,0.418653,0.276984,-0.13365,0.0,0.0,0.455082,0.502413,-0.195709,0.0,0.0,0.489347,0.665409,-0.229693,0.0,0.0,0.513865,0.800768,-0.255703,0.0,0.0,0.358661,0.322922,-0.132235,0.0,0.0,0.374026,0.548775,-0.197702,0.0,0.0,0.393512,0.707485,-0.23115,0.0,0.0,0.409202,0.839994,-0.251095,0.0,0.0,0.306486,0.348764,-0.129799,0.0,0.0,0.29962,0.541484,-0.188483,0.0,0.0,0.292543,0.657989,-0.214996,0.0,0.0,0.286877,0.761042,-0.231373,0.0,0.0
v8.mp4,f074e4450aec1c1c5cb93b17c20fc5c9c6a348d10be735644c3bcb76445ea550,1920,1080,12.07,176,14.583,109,9083,Right,0.970205,0.275218,0.10863,1e-06,0.0,0.0,0.395027,0.078449,-0.038896,0.0,0.0,0.506795,0.146217,-0.073112,0.0,0.0,0.582934,0.238989,-0.09503,0.0,0.0,0.647835,0.300389,-0.117544,0.0,0.0,0.485128,0.175245,-0.171183,0.0,0.0,0.578639,0.283253,-0.23487,0.0,0.0,0.639893,0.347842,-0.269077,0.0,0.0,0.695854,0.411064,-0.293609,0.0,0.0,0.42286,0.222005,-0.178021,0.0,0.0,0.461682,0.409451,-0.262151,0.0,0.0,0.494791,0.53978,-0.309457,0.0,0.0,0.519923,0.641339,-0.343355,0.0,0.0,0.357315,0.282269,-0.177688,0.0,0.0,0.373723,0.519387,-0.260574,0.0,0.0,0.393912,0.692328,-0.304642,0.0,0.0,0.412517,0.824213,-0.330934,0.0,0.0,0.299227,0.342007,-0.173719,0.0,0.0,0.299883,0.549394,-0.238989,0.0,0.0,0.292619,0.670616,-0.268199,0.0,0.0,0.288959,0.767435,-0.28745,0.0,0.0
v8.mp4,f074e4450aec1c1c5cb93b17c20fc5c9c6a348d10be735644c3bcb76445ea550,1920,1080,12.07,176,14.583,110,9166,Right,0.928903,0.287421,0.11416,1e-06,0.0,0.0,0.41219,0.090914,-0.059637,0.0,0.0,0.5236,0.132397,-0.120465,0.0,0.0,0.602776,0.191325,-0.165293,0.0,0.0,0.67908,0.235331,-0.212394,0.0,0.0,0.485294,0.177477,-0.247353,0.0,0.0,0.576612,0.306429,-0.344327,0.0,0.0,0.637813,0.384558,-0.39771,0.0,0.0,0.688207,0.457985,-0.43324,0.0,0.0,0.425552,0.22946,-0.25208,0.0,0.0,0.452709,0.387035,-0.37703,0.0,0.0,0.479107,0.486514,-0.440374,0.0,0.0,0.499278,0.572612,-0.48489,0.0,0.0,0.363247,0.29165,-0.247769,0.0,0.0,0.372456,0.508349,-0.371485,0.0,0.0,0.395755,0.680715,-0.43263,0.0,0.0,0.413466,0.827142,-0.468164,0.0,0.0,0.303402,0.35824,-0.238132,0.0,0.0,0.306052,0.531577,-0.332059,0.0,0.0,0.295346,0.653946,-0.372318,0.0,0.0,0.285513,0.762452,-0.399631,0.0,0.0
v8.mp4,f074e4450aec1c1c5cb93b17c20fc5c9c6a348d10be735644c3bcb76445ea550,1920,1080,12.07,176,14.583,111,9250,Right,0.955572,0.279689,0.112684,1e-06,0.0,0.0,0.396403,0.095706,-0.04124,0.0,0.0,0.506515,0.155928,-0.089231,0.0,0.0,0.583044,0.227096,-0.125377,0.0,0.0,0.655737,0.266099,-0.163424,0.0,0.0,0.479272,0.14645,-0.210664,0.0,0.0,0.574608,0.211173,-0.291427,0.0,0.0,0.638628,0.243863,-0.334168,0.0,0.0,0.695949,0.28514,-0.36488,0.0,0.0,0.427327,0.194286,-0.225348,0.0,0.0,0.493286,0.326088,-0.34143,0.0,0.0,0.55495,0.408912,-0.412363,0.0,0.0,0.609914,0.486586,-0.462787,0.0,0.0,0.365393,0.268563,-0.229117,0.0,0.0,0.379687,0.498323,-0.33951,0.0,0.0,0.407685,0.664817,-0.402871,0.0,0.0,0.43061,0.804918,-0.441274,0.0,0.0,0.304389,0.34823,-0.227415,0.0,0.0,0.309458,0.529789,-0.313185,0.0,0.0,0.303053,0.649588,-0.355301,0.0,0.0,0.298339,0.755022,-0.384434,0.0,0.0
v8.mp4,f074e4450aec1c1c5cb93b17c20fc5c9c6a348d10be735644c3bcb76445ea550,1920,1080,12.07,176,14.583,112,9333,Right,0.968127,0.288724,0.123323,1e-06,0.0,0.0,0.412454,0.104761,-0.045412,0.0,0.0,0.516078,0.140428,-0.104757,0.0,0.0,0.59169,0.200874,-0.149265,0.0,0.0,0.66988,0.243852,-0.196505,0.0,0.0,0.485223,0.214839,-0.246832,0.0,0.0,0.576916,0.324963,-0.343821,0.0,0.0,0.640625,0.37833,-0.400548,0.0,0.0,0.698253,0.427428,-0.439625,0.0,0.0,0.426269,0.262491,-0.256669,0.0,0.0,0.468919,0.482139,-0.384746,0.0,0.0,0.516693,0.621109,-0.460219,0.0,0.0,0.554171,0.735533,-0.515248,0.0,0.0,0.364328,0.308812,-0.252659,0.0,0.0,0.376828,0.549443,-0.368331,0.0,0.0,0.400226,0.713151,-0.425042,0.0,0.0,0.417084,0.840613,-0.45929,0.0,0.0,0.310292,0.35736,-0.242315,0.0,0.0,0.306766,0.527918,-0.325337,0.0,0.0,0.296676,0.646983,-0.357895,0.0,0.0,0.288566,0.740481,-0.381024,0.0,0.0
v8.mp4,f074e4450aec1c1c5cb93b17c20fc5c9c6a348d10be735644c3bcb76445ea550,1920,1080,12.07,176,14.583,113,9416,Right,0.948507,0.291008,0.132523,2e-06,0.0,0.0,0.424157,0.130521,-0.036977,0.0,0.0,0.528698,0.150486,-0.109783,0.0,0.0,0.600331,0.203339,-0.164644,0.0,0.0,0.679706,0.250325,-0.222732,0.0,0.0,0.496222,0.231689,-0.300702,0.0,0.0,0.581769,0.315819,-0.417913,0.0,0.0,0.647276,0.381389,-0.491267,0.0,0.0,0.703702,0.435481,-0.544176,0.0,0.0,0.430952,0.298598,-0.310496,0.0,0.0,0.47776,0.517182,-0.455811,0.0,0.0,0.524225,0.676753,-0.542416,0.0,0.0,0.553247,0.805154,-0.61168,0.0,0.0,0.367192,0.342093,-0.300482,0.0,0.0,0.377944,0.579112,-0.42054,0.0,0.0,0.407728,0.736836,-0.477779,0.0,0.0,0.42045,0.857478,-0.518929,0.0,0.0,0.314702,0.387215,-0.281172,0.0,0.0,0.307158,0.550716,-0.369526,0.0,0.0,0.295884,0.663294,-0.408847,0.0,0.0,0.288714,0.756933,-0.441899,0.0,0.0
v8.mp4,f074e4450aec1c1c5cb93b17c20fc5c9c6a348d10be735644c3bcb76445ea550,1920,1080,12.07,176,14.583,114,9500,Right,0.956041,0.285052,0.126033,2e-06,0.0,0.0,0.417675,0.125642,-0.034022,0.0,0.0,0.526105,0.146736,-0.102821,0.0,0.0,0.59994,0.202083,-0.155983,0.0,0.0,0.682487,0.251868,-0.212143,0.0,0.0,0.500219,0.230507,-0.279794,0.0,0.0,0.583544,0.329601,-0.390161,0.0,0.0,0.647689,0.396159,-0.458079,0.0,0.0,0.705682,0.453442,-0.507655,0.0,0.0,0.435978,0.298625,-0.291083,0.0,0.0,0.483309,0.520066,-0.432452,0.0,0.0,0.525842,0.686912,-0.518059,0.0,0.0,0.55245,0.824092,-0.585435,0.0,0.0,0.372514,0.343724,-0.283248,0.0,0.0,0.382284,0.569779,-0.398192,0.0,0.0,0.406178,0.727242,-0.451473,0.0,0.0,0.416697,0.850672,-0.489256,0.0,0.0,0.319221,0.388703,-0.266894,0.0,0.0,0.30853,0.558485,-0.348997,0.0,0.0,0.295952,0.670702,-0.384799,0.0,0.0,0.291097,0.766039,-0.415026,0.0,0.0
v8.mp4,f074e4450aec1c1c5cb93b17c20fc5c9c6a348d10be735644c3bcb76445ea550,1920,1080,12.07,176,14.583,115,9583,Right,0.948658,0.282663,0.125292,2e-06,0.0,0.0,0.414657,0.120103,-0.036944,0.0,0.0,0.523709,0.140401,-0.105239,0.0,0.0,0.597767,0.195775,-0.157577,0.0,0.0,0.679685,0.246031,-0.21339,0.0,0.0,0.495154,0.224771,-0.280227,0.0,0.0,0.579706,0.320388,-0.390135,0.0,0.0,0.644953,0.380266,-0.458214,0.0,0.0,0.705086,0.433827,-0.50835,0.0,0.0,0.431826,0.295994,-0.290276,0.0,0.0,0.481827,0.521059,-0.430674,0.0,0.0,0.525566,0.685223,-0.517407,0.0,0.0,0.553799,0.821377,-0.585943,0.0,0.0,0.368975,0.343936,-0.281584,0.0,0.0,0.382172,0.570356,-0.396497,0.0,0.0,0.405782,0.728412,-0.453042,0.0,0.0,0.414309,0.851407,-0.493384,0.0,0.0,0.317545,0.389066,-0.26461,0.0,0.0,0.307994,0.555392,-0.348631,0.0,0.0,0.295877,0.667312,-0.387949,0.0,0.0,0.290551,0.762691,-0.420853,0.0,0.0
v8.mp4,f074e4450aec1c1c5cb93b17c20fc5c9c6a348d10be735644c3bcb76445ea550,1920,1080,12.07,176,14.583,116,9666,Right,0.958071,0.281714,0.127421,2e-06,0.0,0.0,0.414607,0.126816,-0.032842,0.0,0.0,0.521725,0.145042,-0.099718,0.0,0.0,0.593078,0.196841,-0.151289,0.0,0.0,0.672066,0.245615,-0.205535,0.0,0.0,0.50006,0.225014,-0.276289,0.0,0.0,0.583256,0.318796,-0.387075,0.0,0.0,0.645086,0.385999,-0.456765,0.0,0.0,0.701609,0.444919,-0.507192,0.0,0.0,0.435781,0.289301,-0.288017,0.0,0.0,0.484197,0.51685,-0.429591,0.0,0.0,0.526548,0.68556,-0.51737,0.0,0.0,0.552963,0.823311,-0.585632,0.0,0.0,0.371281,0.336262,-0.280705,0.0,0.0,0.383591,0.566329,-0.396198,0.0,0.0,0.407018,0.726677,-0.451979,0.0,0.0,0.416222,0.850734,-0.490813,0.0,0.0,0.318748,0.385463,-0.264809,0.0,0.0,0.307009,0.558607,-0.347203,0.0,0.0,0.293479,0.672637,-0.383889,0.0,0.0,0.287734,0.768913,-0.414182,0.0,0.0
v8.mp4,f074e4450aec1c1c5cb93b17c20fc5c9c6a348d10be735644c3bcb76445ea550,1920,1080,12.07,176,14.583,117,9750,Right,0.945886,0.279881,0.116847,2e-06,0.0,0.0,0.40228,0.102292,-0.046606,0.0,0.0,0.515486,0.128734,-0.103464,0.0,0.0,0.598346,0.186637,-0.145503,0.0,0.0,0.678633,0.238757,-0.190817,0.0,0.0,0.486305,0.215268,-0.230687,0.0,0.0,0.575721,0.305856,-0.32137,0.0,0.0,0.641905,0.355838,-0.375818,0.0,0.0,0.702166,0.405283,-0.41574,0.0,0.0,0.428354,0.284947,-0.237928,0.0,0.0,0.484625,0.518477,-0.350074,0.0,0.0,0.526824,0.679805,-0.418123,0.0,0.0,0.553185,0.811549,-0.470518,0.0,0.0,0.365512,0.335605,-0.233401,0.0,0.0,0.38074,0.570922,-0.33114,0.0,0.0,0.404084,0.730595,-0.381198,0.0,0.0,0.415015,0.854762,-0.415357,0.0,0.0,0.312392,0.371135,-0.224198,0.0,0.0,0.304239,0.550761,-0.303064,0.0,0.0,0.292984,0.664128,-0.339515,0.0,0.0,0.285477,0.758561,-0.36692,0.0,0.0
v8.mp4,f074e4450aec1c1c5cb93b17c20fc5c9c6a348d10be735644c3bcb76445ea550,1920,1080,12.07,176,14.583,118,9833,Right,0.928949,0.277416,0.102941,1e-06,0.0,0.0,0.395424,0.079983,-0.048001,0.0,0.0,0.5137,0.124656,-0.091623,0.0,0.0,0.601921,0.187625,-0.122954,0.0,0.0,0.678772,0.244017,-0.15617,0.0,0.0,0.482106,0.195203,-0.181981,0.0,0.0,0.571642,0.288727,-0.257779,0.0,0.0,0.636969,0.329737,-0.303945,0.0,0.0,0.696929,0.368836,-0.337503,0.0,0.0,0.42249,0.261428,-0.186712,0.0,0.0,0.46888,0.45271,-0.27777,0.0,0.0,0.506974,0.58893,-0.334774,0.0,0.0,0.534252,0.70094,-0.377826,0.0,0.0,0.360473,0.316276,-0.184822,0.0,0.0,0.378668,0.537963,-0.270893,0.0,0.0,0.398298,0.704299,-0.317998,0.0,0.0,0.411265,0.833678,-0.348464,0.0,0.0,0.308608,0.355038,-0.180122,0.0,0.0,0.303049,0.548415,-0.25245,0.0,0.0,0.293703,0.664722,-0.286799,0.0,0.0,0.286912,0.762141,-0.310505,0.0,0.0
v8.mp4,f074e4450aec1c1c5cb93b17c20fc5c9c6a348d10be735644c3bcb76445ea550,1920,1080,12.07,176,14.583,119,9916,Right,0.925628,0.287409,0.125884,1e-06,0.0,0.0,0.418388,0.115876,-0.06212,0.0,0.0,0.526582,0.161632,-0.138463,0.0,0.0,0.593766,0.23411,-0.193703,0.0,0.0,0.6632,0.294321,-0.251345,0.0,0.0,0.494835,0.191682,-0.304684,0.0,0.0,0.581141,0.267009,-0.426038,0.0,0.0,0.644773,0.301433,-0.496762,0.0,0.0,0.698416,0.33469,-0.543745,0.0,0.0,0.426451,0.248267,-0.311557,0.0,0.0,0.455535,0.390969,-0.463151,0.0,0.0,0.478805,0.492196,-0.548132,0.0,0.0,0.492635,0.577007,-0.611229,0.0,0.0,0.365581,0.310252,-0.30531,0.0,0.0,0.37778,0.509946,-0.45169,0.0,0.0,0.397923,0.684315,-0.534462,0.0,0.0,0.41167,0.826242,-0.586202,0.0,0.0,0.311257,0.384118,-0.290173,0.0,0.0,0.309567,0.550367,-0.391084,0.0,0.0,0.295167,0.673434,-0.44073,0.0,0.0,0.286109,0.767393,-0.479708,0.0,0.0
v8.mp4,f074e4450aec1c1c5cb93b17c20fc5c9c6a348d10be735644c3bcb76445ea550,1920,1080,12.07,176,14.583,120,10000,Right,0.960997,0.286564,0.123177,1e-06,0.0,0.0,0.411528,0.13239,-0.052712,0.0,0.0,0.515561,0.192238,-0.127418,0.0,0.0,0.581239,0.263461,-0.185469,0.0,0.0,0.652412,0.315627,-0.247978,0.0,0.0,0.495399,0.170536,-0.292312,0.0,0.0,0.585073,0.223257,-0.409003,0.0,0.0,0.646576,0.252445,-0.48027,0.0,0.0,0.699386,0.286457,-0.530232,0.0,0.0,0.437718,0.223797,-0.306938,0.0,0.0,0.489991,0.331833,-0.460512,0.0,0.0,0.53993,0.395228,-0.554101,0.0,0.0,0.584245,0.456637,-0.623484,0.0,0.0,0.372699,0.294229,-0.306339,0.0,0.0,0.380068,0.508869,-0.4473,0.0,0.0,0.404649,0.672044,-0.526327,0.0,0.0,0.420264,0.809952,-0.577047,0.0,0.0,0.308744,0.372462,-0.297729,0.0,0.0,0.307467,0.536381,-0.402063,0.0,0.0,0.297237,0.652236,-0.452379,0.0,0.0,0.287169,0.754937,-0.490145,0.0,0.0
v8.mp4,f074e4450aec1c1c5cb93b17c20fc5c9c6a348d10be735644c3bcb76445ea550,1920,1080,12.07,176,14.583,121,10083,Right,0.955484,0.28951,0.117518,1e-06,0.0,0.0,0.4137,0.108345,-0.054492,0.0,0.0,0.517937,0.159007,-0.127365,0.0,0.0,0.58716,0.226959,-0.182949,0.0,0.0,0.657876,0.275012,-0.243045,0.0,0.0,0.485268,0.168632,-0.292998,0.0,0.0,0.57943,0.241783,-0.409246,0.0,0.0,0.642359,0.28162,-0.476636,0.0,0.0,0.695684,0.323613,-0.521646,0.0,0.0,0.428339,0.225601,-0.304596,0.0,0.0,0.465508,0.358644,-0.452502,0.0,0.0,0.500229,0.437,-0.532991,0.0,0.0,0.528982,0.506709,-0.591476,0.0,0.0,0.368763,0.292561,-0.30256,0.0,0.0,0.378463,0.507316,-0.445943,0.0,0.0,0.404717,0.672955,-0.521802,0.0,0.0,0.419443,0.811328,-0.56761,0.0,0.0,0.311609,0.369779,-0.292042,0.0,0.0,0.312726,0.530321,-0.396551,0.0,0.0,0.300888,0.646578,-0.443313,0.0,0.0,0.288351,0.743417,-0.477248,0.0,0.0
v8.mp4,f074e4450aec1c1c5cb93b17c20fc5c9c6a348d10be735644c3bcb76445ea550,1920,1080,12.07,176,14.583,122,10166,Right,0.968333,0.291142,0.116437,2e-06,0.0,0.0,0.412409,0.099321,-0.05194,0.0,0.0,0.519758,0.128875,-0.111414,0.0,0.0,0.60035,0.188393,-0.155381,0.0,0.0,0.674759,0.250735,-0.20286,0.0,0.0,0.484595,0.211605,-0.230292,0.0,0.0,0.574373,0.284847,-0.322457,0.0,0.0,0.643286,0.328619,-0.380213,0.0,0.0,0.70479,0.370963,-0.421138,0.0,0.0,0.427955,0.271356,-0.234911,0.0,0.0,0.473628,0.509263,-0.342952,0.0,0.0,0.514255,0.659799,-0.405519,0.0,0.0,0.540877,0.771599,-0.452723,0.0,0.0,0.363132,0.322678,-0.22881,0.0,0.0,0.378952,0.569737,-0.324253,0.0,0.0,0.40782,0.737214,-0.368694,0.0,0.0,0.424545,0.857123,-0.397988,0.0,0.0,0.309331,0.362122,-0.218776,0.0,0.0,0.303834,0.54221,-0.292534,0.0,0.0,0.298477,0.653204,-0.320026,0.0,0.0,0.291775,0.737315,-0.339957,0.0,0.0
v8.mp4,f074e4450aec1c1c5cb93b17c20fc5c9c6a348d10be735644c3bcb76445ea550,1920,1080,12.07,176,14.583,123,10250,Right,0.963595,0.284454,0.112801,2e-06,0.0,0.0,0.409814,0.108775,-0.045155,0.0,0.0,0.525674,0.135362,-0.105897,0.0,0.0,0.605029,0.196232,-0.151253,0.0,0.0,0.682473,0.260204,-0.199894,0.0,0.0,0.490379,0.211456,-0.242267,0.0,0.0,0.57532,0.295193,-0.340291,0.0,0.0,0.641879,0.341616,-0.401786,0.0,0.0,0.705532,0.384616,-0.445874,0.0,0.0,0.429187,0.269379,-0.250068,0.0,0.0,0.481919,0.518436,-0.363856,0.0,0.0,0.518892,0.692998,-0.432166,0.0,0.0,0.54142,0.831715,-0.485558,0.0,0.0,0.365566,0.320413,-0.245278,0.0,0.0,0.381853,0.564931,-0.34151,0.0,0.0,0.40584,0.733402,-0.389387,0.0,0.0,0.418362,0.858123,-0.423255,0.0,0.0,0.314505,0.364286,-0.235662,0.0,0.0,0.305314,0.549596,-0.311257,0.0,0.0,0.294359,0.66565,-0.344359,0.0,0.0,0.288636,0.759296,-0.370264,0.0,0.0
v8.mp4,f074e4450aec1c1c5cb93b17c20fc5c9c6a348d10be735644c3bcb76445ea550,1920,1080,12.07,176,14.583,124,10333,Right,0.968292,0.282188,0.112337,2e-06,0.0,0.0,0.407366,0.108133,-0.044535,0.0,0.0,0.521816,0.133523,-0.106254,0.0,0.0,0.60065,0.193471,-0.152688,0.0,0.0,0.677705,0.253104,-0.202493,0.0,0.0,0.491411,0.213149,-0.243848,0.0,0.0,0.576198,0.295717,-0.343089,0.0,0.0,0.641638,0.339015,-0.405335,0.0,0.0,0.704555,0.379957,-0.449944,0.0,0.0,0.431389,0.273177,-0.251817,0.0,0.0,0.483087,0.519555,-0.370275,0.0,0.0,0.520337,0.691447,-0.441339,0.0,0.0,0.543042,0.829868,-0.496331,0.0,0.0,0.367853,0.323147,-0.246576,0.0,0.0,0.382583,0.566773,-0.346502,0.0,0.0,0.405845,0.732258,-0.395061,0.0,0.0,0.417262,0.856981,-0.428738,0.0,0.0,0.316631,0.365595,-0.236153,0.0,0.0,0.307424,0.547995,-0.313126,0.0,0.0,0.296201,0.663684,-0.346241,0.0,0.0,0.290585,0.759149,-0.372014,0.0,0.0
v8.mp4,f074e4450aec1c1c5cb93b17c20fc5c9c6a348d10be735644c3bcb76445ea550,1920,1080,12.07,176,14.583,125,10416,Right,0.97691,0.279586,0.116565,2e-06,0.0,0.0,0.406794,0.110939,-0.042044,0.0,0.0,0.517916,0.136047,-0.104739,0.0,0.0,0.593867,0.196417,-0.152216,0.0,0.0,0.669745,0.255164,-0.202792,0.0,0.0,0.490566,0.214144,-0.247255,0.0,0.0,0.576399,0.298573,-0.34656,0.0,0.0,0.641068,0.353701,-0.408405,0.0,0.0,0.700327,0.407167,-0.452614,0.0,0.0,0.431234,0.276031,-0.254872,0.0,0.0,0.481777,0.515388,-0.376155,0.0,0.0,0.520411,0.687697,-0.448134,0.0,0.0,0.542666,0.827321,-0.503584,0.0,0.0,0.368179,0.324726,-0.248163,0.0,0.0,0.383048,0.568565,-0.350112,0.0,0.0,0.406884,0.735666,-0.398595,0.0,0.0,0.417742,0.861882,-0.431694,0.0,0.0,0.316865,0.36803,-0.235542,0.0,0.0,0.308186,0.552288,-0.311991,0.0,0.0,0.296052,0.667228,-0.343986,0.0,0.0,0.288879,0.760845,-0.368956,0.0,0.0
v8.mp4,f074e4450aec1c1c5cb93b17c20fc5c9c6a348d10be735644c3bcb76445ea550,1920,1080,12.07,176,14.583,126,10500,Right,0.960507,0.286966,0.111567,2e-06,0.0,0.0,0.400644,0.099463,-0.041415,0.0,0.0,0.514595,0.137967,-0.083465,0.0,0.0,0.600226,0.192872,-0.113989,0.0,0.0,0.671441,0.259769,-0.146146,0.0,0.0,0.495116,0.212075,-0.158626,0.0,0.0,0.566716,0.431187,-0.219898,0.0,0.0,0.612894,0.567429,-0.251908,0.0,0.0,0.646126,0.68031,-0.272547,0.0,0.0,0.431374,0.263338,-0.163144,0.0,0.0,0.484265,0.531472,-0.229902,0.0,0.0,0.518623,0.710478,-0.261827,0.0,0.0,0.538206,0.847827,-0.285107,0.0,0.0,0.362484,0.309189,-0.162323,0.0,0.0,0.384162,0.567076,-0.223779,0.0,0.0,0.404222,0.738685,-0.247933,0.0,0.0,0.419684,0.869261,-0.263448,0.0,0.0,0.30183,0.339332,-0.160153,0.0,0.0,0.302296,0.534708,-0.213781,0.0,0.0,0.297507,0.655825,-0.231405,0.0,0.0,0.291298,0.759245,-0.241865,0.0,0.0
v8.mp4,f074e4450aec1c1c5cb93b17c20fc5c9c6a348d10be735644c3bcb76445ea550,1920,1080,12.07,176,14.583,127,10583,Right,0.947202,0.284337,0.105761,2e-06,0.0,0.0,0.401196,0.089436,-0.042554,0.0,0.0,0.518627,0.131812,-0.082231,0.0,0.0,0.607774,0.197203,-0.110498,0.0,0.0,0.682627,0.26578,-0.139941,0.0,0.0,0.495264,0.20404,-0.152412,0.0,0.0,0.559569,0.436831,-0.215241,0.0,0.0,0.604639,0.573035,-0.247256,0.0,0.0,0.637133,0.690641,-0.267381,0.0,0.0,0.428233,0.266922,-0.15791,0.0,0.0,0.481282,0.52795,-0.225576,0.0,0.0,0.519036,0.709618,-0.258863,0.0,0.0,0.541296,0.855965,-0.283574,0.0,0.0,0.360856,0.316377,-0.159558,0.0,0.0,0.386574,0.568069,-0.22469,0.0,0.0,0.405179,0.732556,-0.253483,0.0,0.0,0.419181,0.865662,-0.271521,0.0,0.0,0.301134,0.346773,-0.16,0.0,0.0,0.301804,0.538442,-0.21792,0.0,0.0,0.295233,0.654496,-0.240719,0.0,0.0,0.289237,0.756693,-0.254546,0.0,0.0
v8.mp4,f074e4450aec1c1c5cb93b17c20fc5c9c6a348d10be735644c3bcb76445ea550,1920,1080,12.07,176,14.583,128,10666,Right,0.951721,0.282008,0.106692,2e-06,0.0,0.0,0.399441,0.087673,-0.044442,0.0,0.0,0.516602,0.130377,-0.085478,0.0,0.0,0.605391,0.196197,-0.114419,0.0,0.0,0.680902,0.265475,-0.144466,0.0,0.0,0.49732,0.203781,-0.157156,0.0,0.0,0.559645,0.435564,-0.222021,0.0,0.0,0.603689,0.573237,-0.255944,0.0,0.0,0.636606,0.690864,-0.277527,0.0,0.0,0.430339,0.26588,-0.161327,0.0,0.0,0.482337,0.522178,-0.232391,0.0,0.0,0.518233,0.703269,-0.267759,0.0,0.0,0.539812,0.849564,-0.293724,0.0,0.0,0.362621,0.316041,-0.161476,0.0,0.0,0.384436,0.561144,-0.228658,0.0,0.0,0.402374,0.72878,-0.258201,0.0,0.0,0.416363,0.865859,-0.276452,0.0,0.0,0.303142,0.348459,-0.160533,0.0,0.0,0.302939,0.538092,-0.21952,0.0,0.0,0.296932,0.65625,-0.243383,0.0,0.0,0.29222,0.763722,-0.257911,0.0,0.0
v8.mp4,f074e4450aec1c1c5cb93b17c20fc5c9c6a348d10be735644c3bcb76445ea550,1920,1080,12.07,176,14.583,129,10750,Right,0.957829,0.280996,0.110047,2e-06,0.0,0.0,0.399333,0.089884,-0.044515,0.0,0.0,0.516569,0.129481,-0.086321,0.0,0.0,0.606482,0.191557,-0.116046,0.0,0.0,0.684671,0.252354,-0.146876,0.0,0.0,0.49549,0.205783,-0.159706,0.0,0.0,0.558202,0.436905,-0.225763,0.0,0.0,0.602795,0.571989,-0.260051,0.0,0.0,0.636072,0.689218,-0.281939,0.0,0.0,0.42898,0.269129,-0.164299,0.0,0.0,0.479816,0.527849,-0.237498,0.0,0.0,0.51676,0.707639,-0.274303,0.0,0.0,0.538912,0.853929,-0.301439,0.0,0.0,0.362439,0.318984,-0.164528,0.0,0.0,0.384866,0.565823,-0.233082,0.0,0.0,0.402665,0.73076,-0.262874,0.0,0.0,0.416301,0.866757,-0.281503,0.0,0.0,0.303882,0.350089,-0.163563,0.0,0.0,0.303026,0.53779,-0.22322,0.0,0.0,0.295624,0.653518,-0.246852,0.0,0.0,0.289668,0.759031,-0.26139,0.0,0.0
v8.mp4,f074e4450aec1c1c5cb93b17c20fc5c9c6a348d10be735644c3bcb76445ea550,1920,1080,12.07,176,14.583,130,10833,Right,0.929326,0.281652,0.108025,1e-06,0.0,0.0,0.39768,0.085156,-0.043863,0.0,0.0,0.515584,0.127064,-0.08078,0.0,0.0,0.606663,0.19468,-0.106328,0.0,0.0,0.683216,0.260915,-0.132668,0.0,0.0,0.492988,0.215062,-0.143498,0.0,0.0,0.556847,0.441623,-0.205052,0.0,0.0,0.602585,0.572116,-0.237885,0.0,0.0,0.637259,0.685106,-0.258858,0.0,0.0,0.42723,0.27754,-0.146754,0.0,0.0,0.472609,0.513859,-0.212526,0.0,0.0,0.507407,0.677171,-0.245454,0.0,0.0,0.531084,0.80976,-0.269775,0.0,0.0,0.362125,0.32607,-0.147142,0.0,0.0,0.381887,0.557939,-0.211597,0.0,0.0,0.401222,0.71819,-0.24087,0.0,0.0,0.41766,0.849631,-0.258689,0.0,0.0,0.304153,0.354921,-0.146726,0.0,0.0,0.302566,0.538994,-0.204833,0.0,0.0,0.29643,0.653143,-0.22887,0.0,0.0,0.291383,0.756629,-0.242875,0.0,0.0
v8.mp4,f074e4450aec1c1c5cb93b17c20fc5c9c6a348d10be735644c3bcb76445ea550,1920,1080,12.07,176,14.583,131,10916,Right,0.910141,0.287033,0.102134,1e-06,0.0,0.0,0.40584,0.087109,-0.042995,0.0,0.0,0.51484,0.130575,-0.094343,0.0,0.0,0.600164,0.199404,-0.134249,0.0,0.0,0.681751,0.256504,-0.175789,0.0,0.0,0.490726,0.20591,-0.196324,0.0,0.0,0.563485,0.425152,-0.277582,0.0,0.0,0.611253,0.557527,-0.321408,0.0,0.0,0.652994,0.673274,-0.350485,0.0,0.0,0.43058,0.260449,-0.205059,0.0,0.0,0.472442,0.430756,-0.307771,0.0,0.0,0.509401,0.532909,-0.356644,0.0,0.0,0.537031,0.613621,-0.390922,0.0,0.0,0.365298,0.312102,-0.206699,0.0,0.0,0.377902,0.533621,-0.308454,0.0,0.0,0.401256,0.706064,-0.354435,0.0,0.0,0.419066,0.846314,-0.380446,0.0,0.0,0.30501,0.358133,-0.203704,0.0,0.0,0.308427,0.542533,-0.283073,0.0,0.0,0.300853,0.661671,-0.316272,0.0,0.0,0.295703,0.768181,-0.337928,0.0,0.0
v8.mp4,f074e4450aec1c1c5cb93b17c20fc5c9c6a348d10be735644c3bcb76445ea550,1920,1080,12.07,176,14.583,132,11000,Right,0.939205,0.288352,0.104416,1e-06,0.0,0.0,0.40595,0.092334,-0.044817,0.0,0.0,0.513579,0.13165,-0.098501,0.0,0.0,0.597132,0.195093,-0.1402,0.0,0.0,0.678052,0.25267,-0.183455,0.0,0.0,0.491908,0.207723,-0.201262,0.0,0.0,0.562095,0.42469,-0.284311,0.0,0.0,0.609131,0.555146,-0.329228,0.0,0.0,0.650111,0.670122,-0.35883,0.0,0.0,0.431484,0.261179,-0.209444,0.0,0.0,0.471667,0.438947,-0.313279,0.0,0.0,0.5062,0.543497,-0.362621,0.0,0.0,0.532331,0.62682,-0.397335,0.0,0.0,0.365394,0.313736,-0.210295,0.0,0.0,0.375606,0.535396,-0.311491,0.0,0.0,0.397135,0.704254,-0.356445,0.0,0.0,0.413105,0.841613,-0.381994,0.0,0.0,0.304014,0.36099,-0.206834,0.0,0.0,0.307944,0.542826,-0.285166,0.0,0.0,0.300269,0.6601,-0.317708,0.0,0.0,0.294597,0.76559,-0.339064,0.0,0.0
v8.mp4,f074e4450aec1c1c5cb93b17c20fc5c9c6a348d10be735644c3bcb76445ea550,1920,1080,12.07,176,14.583,133,11083,Right,0.922374,0.291054,0.114693,1e-06,0.0,0.0,0.411763,0.101643,-0.042837,0.0,0.0,0.518628,0.136249,-0.104703,0.0,0.0,0.597151,0.198819,-0.152962,0.0,0.0,0.677311,0.260097,-0.20367,0.0,0.0,0.493988,0.205209,-0.239578,0.0,0.0,0.564303,0.422211,-0.335026,0.0,0.0,0.612503,0.556325,-0.388284,0.0,0.0,0.653925,0.672723,-0.424009,0.0,0.0,0.431965,0.261463,-0.249997,0.0,0.0,0.476088,0.429707,-0.370433,0.0,0.0,0.513973,0.530776,-0.431347,0.0,0.0,0.541932,0.612621,-0.476128,0.0,0.0,0.366018,0.317432,-0.249354,0.0,0.0,0.378537,0.542662,-0.363982,0.0,0.0,0.40118,0.713428,-0.418982,0.0,0.0,0.415624,0.849811,-0.452484,0.0,0.0,0.305538,0.370716,-0.242079,0.0,0.0,0.310181,0.54731,-0.327251,0.0,0.0,0.301063,0.664908,-0.364717,0.0,0.0,0.293729,0.768927,-0.391773,0.0,0.0
v8.mp4,f074e4450aec1c1c5cb93b17c20fc5c9c6a348d10be735644c3bcb76445ea550,1920,1080,12.07,176,14.583,134,11166,Right,0.917646,0.291156,0.120986,1e-06,0.0,0.0,0.413862,0.102885,-0.047472,0.0,0.0,0.522292,0.136291,-0.111977,0.0,0.0,0.59948,0.195125,-0.16256,0.0,0.0,0.679252,0.258572,-0.216016,0.0,0.0,0.494258,0.209276,-0.244642,0.0,0.0,0.561915,0.422929,-0.343091,0.0,0.0,0.609025,0.557717,-0.399402,0.0,0.0,0.650148,0.675206,-0.437991,0.0,0.0,0.430717,0.264153,-0.256172,0.0,0.0,0.474262,0.434368,-0.380158,0.0,0.0,0.516149,0.535357,-0.446694,0.0,0.0,0.551731,0.618785,-0.496308,0.0,0.0,0.363954,0.319718,-0.256917,0.0,0.0,0.377004,0.543023,-0.374062,0.0,0.0,0.399347,0.711393,-0.431621,0.0,0.0,0.416289,0.848841,-0.467806,0.0,0.0,0.302434,0.371052,-0.251682,0.0,0.0,0.307589,0.542408,-0.341013,0.0,0.0,0.297291,0.658833,-0.380889,0.0,0.0,0.289867,0.764694,-0.409789,0.0,0.0
v8.mp4,f074e4450aec1c1c5cb93b17c20fc5c9c6a348d10be735644c3bcb76445ea550,1920,1080,12.07,176,14.583,135,11250,Right,0.957492,0.28949,0.111774,2e-06,0.0,0.0,0.403505,0.093255,-0.045986,0.0,0.0,0.518322,0.133296,-0.090684,0.0,0.0,0.604005,0.193398,-0.122664,0.0,0.0,0.676332,0.266002,-0.156535,0.0,0.0,0.492397,0.201327,-0.170668,0.0,0.0,0.558542,0.437321,-0.236508,0.0,0.0,0.604224,0.574073,-0.268956,0.0,0.0,0.638086,0.689381,-0.289182,0.0,0.0,0.423611,0.260945,-0.175399,0.0,0.0,0.484235,0.521189,-0.246743,0.0,0.0,0.524854,0.700168,-0.279939,0.0,0.0,0.550101,0.843774,-0.304346,0.0,0.0,0.354456,0.310662,-0.175309,0.0,0.0,0.382109,0.565527,-0.242249,0.0,0.0,0.40493,0.73291,-0.271013,0.0,0.0,0.423733,0.866317,-0.289389,0.0,0.0,0.294651,0.341857,-0.173921,0.0,0.0,0.299671,0.533012,-0.232907,0.0,0.0,0.295676,0.65278,-0.255671,0.0,0.0,0.291115,0.758752,-0.269997,0.0,0.0
v8.mp4,f074e4450aec1c1c5cb93b17c20fc5c9c6a348d10be735644c3bcb76445ea550,1920,1080,12.07,176,14.583,136,11333,Right,0.955938,0.286246,0.109592,2e-06,0.0,0.0,0.402668,0.092056,-0.046961,0.0,0.0,0.516013,0.135543,-0.092169,0.0,0.0,0.60111,0.2006,-0.124479,0.0,0.0,0.676582,0.270152,-0.158524,0.0,0.0,0.493215,0.19902,-0.173115,0.0,0.0,0.560175,0.435017,-0.240845,0.0,0.0,0.607131,0.57263,-0.274777,0.0,0.0,0.643,0.689112,-0.296247,0.0,0.0,0.424654,0.26047,-0.177522,0.0,0.0,0.485034,0.514733,-0.253545,0.0,0.0,0.526134,0.695626,-0.289961,0.0,0.0,0.552436,0.84076,-0.316509,0.0,0.0,0.355251,0.311585,-0.176911,0.0,0.0,0.381735,0.559962,-0.24671,0.0,0.0,0.403222,0.730215,-0.275804,0.0,0.0,0.42117,0.866805,-0.293972,0.0,0.0,0.295568,0.344575,-0.175179,0.0,0.0,0.301502,0.534196,-0.235969,0.0,0.0,0.297679,0.654127,-0.259644,0.0,0.0,0.294347,0.759971,-0.274364,0.0,0.0
v8.mp4,f074e4450aec1c1c5cb93b17c20fc5c9c6a348d10be735644c3bcb76445ea550,1920,1080,12.07,176,14.583,137,11416,Right,0.949253,0.284815,0.108305,2e-06,0.0,0.0,0.402163,0.091159,-0.046779,0.0,0.0,0.515473,0.134914,-0.091693,0.0,0.0,0.601124,0.200984,-0.123751,0.0,0.0,0.677999,0.269555,-0.157464,0.0,0.0,0.494661,0.20208,-0.171049,0.0,0.0,0.560111,0.437602,-0.239422,0.0,0.0,0.606128,0.575134,-0.274421,0.0,0.0,0.641279,0.691918,-0.296712,0.0,0.0,0.426786,0.264662,-0.175485,0.0,0.0,0.485535,0.518788,-0.25263,0.0,0.0,0.525527,0.699378,-0.291137,0.0,0.0,0.550811,0.84477,-0.31922,0.0,0.0,0.357813,0.315849,-0.174805,0.0,0.0,0.382826,0.560356,-0.245162,0.0,0.0,0.402776,0.728281,-0.275017,0.0,0.0,0.419137,0.864526,-0.293766,0.0,0.0,0.2981,0.348658,-0.172994,0.0,0.0,0.301373,0.535341,-0.234119,0.0,0.0,0.29628,0.653348,-0.258133,0.0,0.0,0.292503,0.758801,-0.273054,0.0,0.0
v8.mp4,f074e4450aec1c1c5cb93b17c20fc5c9c6a348d10be735644c3bcb76445ea550,1920,1080,12.07,176,14.583,138,11500,Right,0.953994,0.282984,0.108874,2e-06,0.0,0.0,0.401908,0.090851,-0.04557,0.0,0.0,0.515982,0.134858,-0.090305,0.0,0.0,0.601752,0.201606,-0.122327,0.0,0.0,0.678377,0.270524,-0.155897,0.0,0.0,0.495477,0.199053,-0.171679,0.0,0.0,0.560808,0.43485,-0.24046,0.0,0.0,0.606386,0.573282,-0.275147,0.0,0.0,0.641065,0.69033,-0.29725,0.0,0.0,0.428075,0.262408,-0.176849,0.0,0.0,0.485989,0.518081,-0.256374,0.0,0.0,0.526113,0.696928,-0.296435,0.0,0.0,0.551791,0.839593,-0.325352,0.0,0.0,0.359059,0.315035,-0.176538,0.0,0.0,0.383145,0.558276,-0.249389,0.0,0.0,0.402824,0.72719,-0.280805,0.0,0.0,0.418941,0.864319,-0.300223,0.0,0.0,0.298991,0.350076,-0.17473,0.0,0.0,0.301487,0.537037,-0.237674,0.0,0.0,0.295612,0.654927,-0.262888,0.0,0.0,0.291921,0.7601,-0.278485,0.0,0.0
v8.mp4,f074e4450aec1c1c5cb93b17c20fc5c9c6a348d10be735644c3bcb76445ea550,1920,1080,12.07,176,14.583,139,11583,Right,0.953661,0.283376,0.108772,2e-06,0.0,0.0,0.401913,0.091748,-0.045635,0.0,0.0,0.515928,0.134194,-0.090371,0.0,0.0,0.60267,0.200439,-0.122401,0.0,0.0,0.679717,0.269633,-0.155931,0.0,0.0,0.494496,0.204302,-0.171023,0.0,0.0,0.559434,0.435754,-0.240111,0.0,0.0,0.605023,0.57372,-0.275723,0.0,0.0,0.639083,0.690553,-0.298446,0.0,0.0,0.427654,0.265995,-0.176048,0.0,0.0,0.485582,0.518927,-0.25542,0.0,0.0,0.52585,0.699864,-0.296363,0.0,0.0,0.5507,0.845171,-0.326207,0.0,0.0,0.358937,0.317191,-0.175536,0.0,0.0,0.384291,0.562788,-0.247814,0.0,0.0,0.404332,0.730089,-0.279288,0.0,0.0,0.420182,0.865414,-0.299071,0.0,0.0,0.299236,0.350616,-0.173551,0.0,0.0,0.30096,0.538449,-0.235662,0.0,0.0,0.295388,0.655236,-0.260344,0.0,0.0,0.292121,0.759103,-0.275755,0.0,0.0
v8.mp4,f074e4450aec1c1c5cb93b17c20fc5c9c6a348d10be735644c3bcb76445ea550,1920,1080,12.07,176,14.583,140,11666,Right,0.948327,0.286042,0.107596,2e-06,0.0,0.0,0.404119,0.091435,-0.045545,0.0,0.0,0.516844,0.135448,-0.09014,0.0,0.0,0.601772,0.200745,-0.122079,0.0,0.0,0.678044,0.267745,-0.15555,0.0,0.0,0.495522,0.201611,-0.170871,0.0,0.0,0.561811,0.438328,-0.239095,0.0,0.0,0.607823,0.576867,-0.273378,0.0,0.0,0.642627,0.693341,-0.295137,0.0,0.0,0.428158,0.264397,-0.175964,0.0,0.0,0.486348,0.519736,-0.254169,0.0,0.0,0.526034,0.699013,-0.293156,0.0,0.0,0.551496,0.841775,-0.321339,0.0,0.0,0.359131,0.316452,-0.175719,0.0,0.0,0.382798,0.559459,-0.24752,0.0,0.0,0.40222,0.728072,-0.278286,0.0,0.0,0.418481,0.864446,-0.297335,0.0,0.0,0.299051,0.350544,-0.174069,0.0,0.0,0.30125,0.537078,-0.236279,0.0,0.0,0.295655,0.655071,-0.260922,0.0,0.0,0.291974,0.760478,-0.276115,0.0,0.0
v8.mp4,f074e4450aec1c1c5cb93b17c20fc5c9c6a348d10be735644c3bcb76445ea550,1920,1080,12.07,176,14.583,141,11750,Right,0.960594,0.281948,0.107243,1e-06,0.0,0.0,0.395887,0.085641,-0.045889,0.0,0.0,0.511142,0.128071,-0.085756,0.0,0.0,0.600126,0.198387,-0.113534,0.0,0.0,0.676522,0.26741,-0.142485,0.0,0.0,0.487023,0.210017,-0.156323,0.0,0.0,0.567287,0.410394,-0.217329,0.0,0.0,0.620138,0.523592,-0.247376,0.0,0.0,0.662708,0.623464,-0.267606,0.0,0.0,0.424423,0.277899,-0.160131,0.0,0.0,0.48014,0.524196,-0.231634,0.0,0.0,0.518994,0.69469,-0.267831,0.0,0.0,0.545175,0.833661,-0.294132,0.0,0.0,0.359481,0.326375,-0.159784,0.0,0.0,0.379444,0.559578,-0.229336,0.0,0.0,0.40107,0.724275,-0.262008,0.0,0.0,0.419764,0.863484,-0.282062,0.0,0.0,0.301766,0.354148,-0.158088,0.0,0.0,0.301344,0.536237,-0.220007,0.0,0.0,0.295358,0.652314,-0.24587,0.0,0.0,0.291128,0.757057,-0.261923,0.0,0.0
v8.mp4,f074e4450aec1c1c5cb93b17c20fc5c9c6a348d10be735644c3bcb76445ea550,1920,1080,12.07,176,14.583,142,11833,Right,0.937199,0.276517,0.109109,1e-06,0.0,0.0,0.389547,0.076637,-0.046609,0.0,0.0,0.509657,0.125287,-0.078429,0.0,0.0,0.602984,0.201794,-0.097809,0.0,0.0,0.679669,0.27009,-0.11695,0.0,0.0,0.480254,0.214435,-0.139249,0.0,0.0,0.56445,0.358369,-0.19607,0.0,0.0,0.623894,0.446551,-0.227933,0.0,0.0,0.673965,0.530157,-0.250767,0.0,0.0,0.41948,0.282661,-0.138697,0.0,0.0,0.456748,0.475033,-0.203257,0.0,0.0,0.489182,0.616373,-0.238281,0.0,0.0,0.514165,0.735388,-0.265193,0.0,0.0,0.359522,0.330825,-0.135633,0.0,0.0,0.374125,0.545398,-0.203164,0.0,0.0,0.396843,0.703865,-0.238512,0.0,0.0,0.416347,0.83623,-0.260255,0.0,0.0,0.307065,0.360377,-0.131383,0.0,0.0,0.301853,0.551252,-0.192306,0.0,0.0,0.295105,0.66756,-0.221102,0.0,0.0,0.292273,0.769572,-0.239321,0.0,0.0
v8.mp4,f074e4450aec1c1c5cb93b17c20fc5c9c6a348d10be735644c3bcb76445ea550,1920,1080,12.07,176,14.583,143,11916,Right,0.912751,0.281859,0.118905,1e-06,0.0,0.0,0.409356,0.093705,-0.047895,0.0,0.0,0.522435,0.129745,-0.111021,0.0,0.0,0.598292,0.193281,-0.156703,0.0,0.0,0.681884,0.245328,-0.205334,0.0,0.0,0.490302,0.185125,-0.268081,0.0,0.0,0.581482,0.298522,-0.368212,0.0,0.0,0.644222,0.362049,-0.42447,0.0,0.0,0.700187,0.422672,-0.463631,0.0,0.0,0.425311,0.256227,-0.275926,0.0,0.0,0.458497,0.415892,-0.406204,0.0,0.0,0.490684,0.523753,-0.481753,0.0,0.0,0.517088,0.615478,-0.539614,0.0,0.0,0.362704,0.320351,-0.269712,0.0,0.0,0.374116,0.534927,-0.397678,0.0,0.0,0.396245,0.708254,-0.47025,0.0,0.0,0.411632,0.848241,-0.516697,0.0,0.0,0.30504,0.38527,-0.254227,0.0,0.0,0.307672,0.553842,-0.344822,0.0,0.0,0.295059,0.672091,-0.38845,0.0,0.0,0.286561,0.77016,-0.422868,0.0,0.0
v8.mp4,f074e4450aec1c1c5cb93b17c20fc5c9c6a348d10be735644c3bcb76445ea550,1920,1080,12.07,176,14.583,144,12000,Right,0.949724,0.280145,0.114606,1e-06,0.0,0.0,0.398642,0.08734,-0.045803,0.0,0.0,0.511274,0.128812,-0.089004,0.0,0.0,0.594359,0.198219,-0.11941,0.0,0.0,0.66693,0.252692,-0.150284,0.0,0.0,0.473818,0.192626,-0.186431,0.0,0.0,0.570134,0.313703,-0.258772,0.0,0.0,0.632264,0.381548,-0.299928,0.0,0.0,0.687958,0.446509,-0.329789,0.0,0.0,0.416134,0.256524,-0.18992,0.0,0.0,0.456324,0.412711,-0.284903,0.0,0.0,0.496986,0.515531,-0.338442,0.0,0.0,0.534247,0.601979,-0.377774,0.0,0.0,0.354391,0.317351,-0.185463,0.0,0.0,0.365826,0.535827,-0.275848,0.0,0.0,0.392028,0.695903,-0.320266,0.0,0.0,0.413674,0.825386,-0.347234,0.0,0.0,0.299527,0.365844,-0.177552,0.0,0.0,0.30244,0.548661,-0.252239,0.0,0.0,0.293758,0.658733,-0.284453,0.0,0.0,0.28724,0.756332,-0.305267,0.0,0.0
v8.mp4,f074e4450aec1c1c5cb93b17c20fc5c9c6a348d10be735644c3bcb76445ea550,1920,1080,12.07,176,14.583,145,12083,Right,0.9655,0.28739,0.105231,2e-06,0.0,0.0,0.403684,0.097185,-0.037251,0.0,0.0,0.514211,0.139191,-0.077715,0.0,0.0,0.598143,0.196601,-0.106913,0.0,0.0,0.67022,0.256343,-0.137935,0.0,0.0,0.495818,0.20864,-0.161408,0.0,0.0,0.572181,0.419406,-0.223074,0.0,0.0,0.619742,0.551632,-0.255593,0.0,0.0,0.656624,0.658991,-0.276651,0.0,0.0,0.431445,0.255465,-0.167613,0.0,0.0,0.495494,0.518448,-0.236422,0.0,0.0,0.536678,0.699237,-0.271957,0.0,0.0,0.562714,0.837159,-0.297975,0.0,0.0,0.360726,0.300675,-0.167089,0.0,0.0,0.38475,0.563,-0.228538,0.0,0.0,0.405316,0.743779,-0.254246,0.0,0.0,0.420677,0.879324,-0.270964,0.0,0.0,0.299513,0.33228,-0.16465,0.0,0.0,0.302272,0.53819,-0.21716,0.0,0.0,0.297643,0.66216,-0.234106,0.0,0.0,0.291491,0.764527,-0.244365,0.0,0.0
v8.mp4,f074e4450aec1c1c5cb93b17c20fc5c9c6a348d10be735644c3bcb76445ea550,1920,1080,12.07,176,14.583,146,12166,Right,0.959996,0.283646,0.108366,2e-06,0.0,0.0,0.406246,0.094087,-0.041444,0.0,0.0,0.518174,0.135233,-0.086353,0.0,0.0,0.602397,0.202332,-0.118878,0.0,0.0,0.678718,0.268933,-0.152614,0.0,0.0,0.492377,0.213386,-0.177688,0.0,0.0,0.566905,0.435374,-0.247956,0.0,0.0,0.6174,0.566539,-0.283106,0.0,0.0,0.656675,0.679272,-0.305676,0.0,0.0,0.425703,0.275654,-0.184737,0.0,0.0,0.488578,0.520175,-0.2719,0.0,0.0,0.535476,0.696603,-0.318031,0.0,0.0,0.565963,0.838828,-0.35108,0.0,0.0,0.356853,0.324486,-0.184238,0.0,0.0,0.37972,0.567251,-0.262097,0.0,0.0,0.402439,0.736795,-0.296445,0.0,0.0,0.419098,0.873797,-0.317366,0.0,0.0,0.297298,0.354616,-0.181157,0.0,0.0,0.30037,0.542139,-0.245447,0.0,0.0,0.294107,0.658647,-0.270433,0.0,0.0,0.291378,0.758974,-0.28613,0.0,0.0
v8.mp4,f074e4450aec1c1c5cb93b17c20fc5c9c6a348d10be735644c3bcb76445ea550,1920,1080,12.07,176,14.583,147,12250,Right,0.960247,0.281269,0.106913,2e-06,0.0,0.0,0.407187,0.095089,-0.042692,0.0,0.0,0.519127,0.136349,-0.091116,0.0,0.0,0.601561,0.203403,-0.126501,0.0,0.0,0.676831,0.275431,-0.162797,0.0,0.0,0.493066,0.21788,-0.191322,0.0,0.0,0.56966,0.43398,-0.26579,0.0,0.0,0.620279,0.563524,-0.302727,0.0,0.0,0.6594,0.675458,-0.326855,0.0,0.0,0.426095,0.278984,-0.197947,0.0,0.0,0.487043,0.515722,-0.294098,0.0,0.0,0.534343,0.690479,-0.344825,0.0,0.0,0.564536,0.832571,-0.381085,0.0,0.0,0.357492,0.325869,-0.195944,0.0,0.0,0.37638,0.563043,-0.280138,0.0,0.0,0.400319,0.732737,-0.317083,0.0,0.0,0.417223,0.870239,-0.339419,0.0,0.0,0.298442,0.356906,-0.190964,0.0,0.0,0.299423,0.544378,-0.259869,0.0,0.0,0.295218,0.664395,-0.288526,0.0,0.0,0.296184,0.768991,-0.306981,0.0,0.0
v8.mp4,f074e4450aec1c1c5cb93b17c20fc5c9c6a348d10be735644c3bcb76445ea550,1920,1080,12.07,176,14.583,148,12333,Right,0.961646,0.280001,0.106744,2e-06,0.0,0.0,0.409402,0.097636,-0.041079,0.0,0.0,0.520375,0.136934,-0.092406,0.0,0.0,0.600397,0.204037,-0.13043,0.0,0.0,0.676769,0.275185,-0.169832,0.0,0.0,0.494618,0.220757,-0.204179,0.0,0.0,0.569765,0.433296,-0.285981,0.0,0.0,0.620655,0.56243,-0.328913,0.0,0.0,0.660041,0.675267,-0.357066,0.0,0.0,0.427975,0.283568,-0.211307,0.0,0.0,0.484929,0.516652,-0.316112,0.0,0.0,0.53188,0.68971,-0.372939,0.0,0.0,0.562654,0.833363,-0.414158,0.0,0.0,0.359747,0.329256,-0.208351,0.0,0.0,0.375458,0.56059,-0.300816,0.0,0.0,0.400032,0.731154,-0.343287,0.0,0.0,0.415925,0.870989,-0.36929,0.0,0.0,0.300636,0.360578,-0.201171,0.0,0.0,0.299072,0.542917,-0.275146,0.0,0.0,0.293164,0.66169,-0.306965,0.0,0.0,0.293978,0.765607,-0.328349,0.0,0.0
v8.mp4,f074e4450aec1c1c5cb93b17c20fc5c9c6a348d10be735644c3bcb76445ea550,1920,1080,12.07,176,14.583,149,12416,Right,0.961436,0.280262,0.106068,2e-06,0.0,0.0,0.409562,0.096211,-0.041283,0.0,0.0,0.5198,0.135937,-0.091211,0.0,0.0,0.599523,0.204102,-0.128059,0.0,0.0,0.675588,0.274213,-0.166195,0.0,0.0,0.494126,0.218177,-0.199823,0.0,0.0,0.569194,0.43105,-0.279358,0.0,0.0,0.619614,0.560273,-0.320509,0.0,0.0,0.658797,0.672834,-0.347441,0.0,0.0,0.426974,0.282737,-0.206453,0.0,0.0,0.483576,0.51405,-0.307787,0.0,0.0,0.530095,0.686866,-0.36224,0.0,0.0,0.560174,0.829394,-0.401771,0.0,0.0,0.358617,0.330161,-0.203508,0.0,0.0,0.375564,0.558155,-0.293729,0.0,0.0,0.400239,0.728247,-0.334997,0.0,0.0,0.416558,0.867817,-0.360322,0.0,0.0,0.29987,0.362647,-0.196603,0.0,0.0,0.298204,0.543159,-0.270169,0.0,0.0,0.292766,0.662481,-0.302009,0.0,0.0,0.293749,0.767772,-0.323169,0.0,0.0
v8.mp4,f074e4450aec1c1c5cb93b17c20fc5c9c6a348d10be735644c3bcb76445ea550,1920,1080,12.07,176,14.583,150,12500,Right,0.952422,0.277583,0.102094,2e-06,0.0,0.0,0.402675,0.089019,-0.039431,0.0,0.0,0.514625,0.133596,-0.08397,0.0,0.0,0.595969,0.204691,-0.116452,0.0,0.0,0.670843,0.27406,-0.150538,0.0,0.0,0.492538,0.205293,-0.181012,0.0,0.0,0.56627,0.422518,-0.25381,0.0,0.0,0.616398,0.554393,-0.292099,0.0,0.0,0.65603,0.664106,-0.317158,0.0,0.0,0.424936,0.267088,-0.187872,0.0,0.0,0.481649,0.504697,-0.273937,0.0,0.0,0.523652,0.677924,-0.318101,0.0,0.0,0.552437,0.816504,-0.350548,0.0,0.0,0.355574,0.314317,-0.187447,0.0,0.0,0.376105,0.545696,-0.266745,0.0,0.0,0.399103,0.719509,-0.302116,0.0,0.0,0.417059,0.860213,-0.324223,0.0,0.0,0.295044,0.345749,-0.18395,0.0,0.0,0.295432,0.532275,-0.251786,0.0,0.0,0.291117,0.654209,-0.280233,0.0,0.0,0.291814,0.762188,-0.298708,0.0,0.0
v8.mp4,f074e4450aec1c1c5cb93b17c20fc5c9c6a348d10be735644c3bcb76445ea550,1920,1080,12.07,176,14.583,151,12583,Right,0.935011,0.273389,0.100312,1e-06,0.0,0.0,0.392765,0.085547,-0.038945,0.0,0.0,0.508022,0.137224,-0.077016,0.0,0.0,0.59261,0.214525,-0.104613,0.0,0.0,0.663176,0.292619,-0.133759,0.0,0.0,0.488185,0.163886,-0.149504,0.0,0.0,0.55902,0.380428,-0.211984,0.0,0.0,0.603379,0.51795,-0.244877,0.0,0.0,0.636862,0.632701,-0.265718,0.0,0.0,0.41864,0.225555,-0.155696,0.0,0.0,0.476482,0.462031,-0.221461,0.0,0.0,0.518122,0.633229,-0.252495,0.0,0.0,0.548321,0.770086,-0.275441,0.0,0.0,0.348667,0.281537,-0.158313,0.0,0.0,0.385621,0.510813,-0.221581,0.0,0.0,0.418669,0.676534,-0.250481,0.0,0.0,0.447251,0.809352,-0.268619,0.0,0.0,0.288263,0.323581,-0.159629,0.0,0.0,0.29809,0.510689,-0.217179,0.0,0.0,0.305479,0.6301,-0.242422,0.0,0.0,0.312764,0.737079,-0.258137,0.0,0.0
v8.mp4,f074e4450aec1c1c5cb93b17c20fc5c9c6a348d10be735644c3bcb76445ea550,1920,1080,12.07,176,14.583,152,12666,Right,0.931121,0.27808,0.106593,1e-06,0.0,0.0,0.394319,0.095038,-0.040879,0.0,0.0,0.508093,0.139722,-0.079597,0.0,0.0,0.591398,0.215301,-0.10807,0.0,0.0,0.661276,0.293032,-0.137901,0.0,0.0,0.483633,0.151167,-0.147897,0.0,0.0,0.556233,0.36588,-0.210305,0.0,0.0,0.598766,0.508165,-0.243078,0.0,0.0,0.629208,0.626692,-0.263135,0.0,0.0,0.414454,0.204594,-0.153131,0.0,0.0,0.475215,0.441378,-0.217301,0.0,0.0,0.518691,0.6133,-0.245613,0.0,0.0,0.548395,0.747816,-0.266516,0.0,0.0,0.344072,0.260146,-0.155359,0.0,0.0,0.382327,0.492938,-0.214941,0.0,0.0,0.421091,0.660467,-0.239481,0.0,0.0,0.453377,0.787065,-0.255016,0.0,0.0,0.283898,0.30611,-0.15711,0.0,0.0,0.298154,0.495817,-0.210033,0.0,0.0,0.314285,0.618539,-0.231303,0.0,0.0,0.328288,0.72318,-0.244482,0.0,0.0
v8.mp4,f074e4450aec1c1c5cb93b17c20fc5c9c6a348d10be735644c3bcb76445ea550,1920,1080,12.07,176,14.583,153,12750,Right,0.94319,0.277908,0.111049,2e-06,0.0,0.0,0.39195,0.093912,-0.044687,0.0,0.0,0.502782,0.139062,-0.092403,0.0,0.0,0.586461,0.22039,-0.128256,0.0,0.0,0.660237,0.301967,-0.16637,0.0,0.0,0.480227,0.129356,-0.179854,0.0,0.0,0.552578,0.347928,-0.254718,0.0,0.0,0.594029,0.491271,-0.29299,0.0,0.0,0.620949,0.611396,-0.316246,0.0,0.0,0.409291,0.182755,-0.186747,0.0,0.0,0.474571,0.418662,-0.264616,0.0,0.0,0.520375,0.587704,-0.295065,0.0,0.0,0.551656,0.718429,-0.317478,0.0,0.0,0.338718,0.243753,-0.189822,0.0,0.0,0.386498,0.472838,-0.261255,0.0,0.0,0.430003,0.635685,-0.287292,0.0,0.0,0.466613,0.757987,-0.303568,0.0,0.0,0.279406,0.300936,-0.19185,0.0,0.0,0.303377,0.485356,-0.252406,0.0,0.0,0.327279,0.607352,-0.276068,0.0,0.0,0.348512,0.712261,-0.291514,0.0,0.0
v8.mp4,f074e4450aec1c1c5cb93b17c20fc5c9c6a348d10be735644c3bcb76445ea550,1920,1080,12.07,176,14.583,154,12833,Right,0.944087,0.276535,0.106954,2e-06,0.0,0.0,0.388873,0.083778,-0.042693,0.0,0.0,0.501307,0.133056,-0.087876,0.0,0.0,0.587246,0.216765,-0.121792,0.0,0.0,0.660185,0.295445,-0.158413,0.0,0.0,0.477331,0.130412,-0.176392,0.0,0.0,0.549404,0.349439,-0.250245,0.0,0.0,0.590693,0.489754,-0.288929,0.0,0.0,0.618568,0.608676,-0.312742,0.0,0.0,0.408843,0.183276,-0.183817,0.0,0.0,0.472852,0.424915,-0.259834,0.0,0.0,0.517868,0.591425,-0.290226,0.0,0.0,0.548549,0.722162,-0.313173,0.0,0.0,0.340671,0.244451,-0.187391,0.0,0.0,0.388925,0.484392,-0.256307,0.0,0.0,0.430886,0.640765,-0.282028,0.0,0.0,0.464526,0.759774,-0.29879,0.0,0.0,0.281781,0.300916,-0.190037,0.0,0.0,0.305326,0.487043,-0.249821,0.0,0.0,0.327886,0.608608,-0.273951,0.0,0.0,0.346682,0.716852,-0.28961,0.0,0.0
v8.mp4,f074e4450aec1c1c5cb93b17c20fc5c9c6a348d10be735644c3bcb76445ea550,1920,1080,12.07,176,14.583,155,12916,Right,0.95242,0.280344,0.106085,2e-06,0.0,0.0,0.391667,0.083446,-0.039189,0.0,0.0,0.50294,0.131047,-0.081843,0.0,0.0,0.587515,0.213619,-0.113847,0.0,0.0,0.657578,0.292329,-0.147999,0.0,0.0,0.478928,0.131969,-0.166107,0.0,0.0,0.554249,0.350496,-0.234998,0.0,0.0,0.595708,0.491042,-0.27063,0.0,0.0,0.622256,0.608907,-0.292053,0.0,0.0,0.410119,0.184059,-0.173467,0.0,0.0,0.476123,0.430691,-0.242799,0.0,0.0,0.521193,0.598434,-0.269928,0.0,0.0,0.549787,0.727895,-0.290384,0.0,0.0,0.340877,0.243417,-0.176853,0.0,0.0,0.390293,0.486489,-0.240336,0.0,0.0,0.432326,0.644027,-0.264033,0.0,0.0,0.464862,0.761891,-0.279369,0.0,0.0,0.280934,0.298578,-0.178961,0.0,0.0,0.304277,0.490692,-0.233713,0.0,0.0,0.326078,0.613324,-0.254279,0.0,0.0,0.344002,0.71894,-0.267264,0.0,0.0
v8.mp4,f074e4450aec1c1c5cb93b17c20fc5c9c6a348d10be735644c3bcb76445ea550,1920,1080,12.07,176,14.583,156,13000,Right,0.953839,0.285116,0.110559,2e-06,0.0,0.0,0.398848,0.089802,-0.040162,0.0,0.0,0.503168,0.134417,-0.09291,0.0,0.0,0.583247,0.214841,-0.133987,0.0,0.0,0.654284,0.297112,-0.178042,0.0,0.0,0.485647,0.148459,-0.197116,0.0,0.0,0.562751,0.361451,-0.278877,0.0,0.0,0.604821,0.502067,-0.321648,0.0,0.0,0.629881,0.620474,-0.34738,0.0,0.0,0.416537,0.196283,-0.207851,0.0,0.0,0.483187,0.437681,-0.292285,0.0,0.0,0.528034,0.605812,-0.324621,0.0,0.0,0.556258,0.734333,-0.348071,0.0,0.0,0.345273,0.252669,-0.212942,0.0,0.0,0.393589,0.489204,-0.288841,0.0,0.0,0.434783,0.648135,-0.315967,0.0,0.0,0.467877,0.766925,-0.333286,0.0,0.0,0.282079,0.307526,-0.215684,0.0,0.0,0.304099,0.494267,-0.278711,0.0,0.0,0.32584,0.616666,-0.301787,0.0,0.0,0.345358,0.722515,-0.316836,0.0,0.0
v8.mp4,f074e4450aec1c1c5cb93b17c20fc5c9c6a348d10be735644c3bcb76445ea550,1920,1080,12.07,176,14.583,157,13083,Right,0.962701,0.285679,0.107914,2e-06,0.0,0.0,0.403909,0.093134,-0.031941,0.0,0.0,0.506543,0.135709,-0.084151,0.0,0.0,0.585397,0.212646,-0.125952,0.0,0.0,0.650062,0.298196,-0.17125,0.0,0.0,0.48824,0.181164,-0.195899,0.0,0.0,0.566465,0.387356,-0.281118,0.0,0.0,0.610653,0.530489,-0.328481,0.0,0.0,0.635738,0.650545,-0.357497,0.0,0.0,0.42239,0.223335,-0.210942,0.0,0.0,0.488023,0.461344,-0.297195,0.0,0.0,0.530623,0.636087,-0.330335,0.0,0.0,0.553746,0.770626,-0.353991,0.0,0.0,0.352205,0.268986,-0.219492,0.0,0.0,0.401191,0.501018,-0.297585,0.0,0.0,0.442453,0.662662,-0.325824,0.0,0.0,0.474109,0.785812,-0.343893,0.0,0.0,0.287637,0.312618,-0.224521,0.0,0.0,0.302423,0.504398,-0.289104,0.0,0.0,0.321469,0.629933,-0.311756,0.0,0.0,0.338853,0.737486,-0.326415,0.0,0.0
v8.mp4,f074e4450aec1c1c5cb93b17c20fc5c9c6a348d10be735644c3bcb76445ea550,1920,1080,12.07,176,14.583,158,13166,Right,0.945013,0.280336,0.107002,2e-06,0.0,0.0,0.39804,0.097221,-0.030178,0.0,0.0,0.504095,0.136396,-0.071842,0.0,0.0,0.585348,0.20104,-0.103911,0.0,0.0,0.652411,0.271049,-0.138337,0.0,0.0,0.486588,0.20572,-0.161732,0.0,0.0,0.564658,0.415385,-0.233852,0.0,0.0,0.616047,0.557025,-0.274656,0.0,0.0,0.651183,0.674668,-0.300139,0.0,0.0,0.420308,0.258254,-0.174006,0.0,0.0,0.484215,0.503778,-0.244592,0.0,0.0,0.525504,0.681666,-0.27515,0.0,0.0,0.552804,0.821678,-0.297079,0.0,0.0,0.351513,0.303601,-0.181228,0.0,0.0,0.406474,0.53433,-0.247846,0.0,0.0,0.445134,0.690516,-0.274019,0.0,0.0,0.476158,0.814624,-0.290704,0.0,0.0,0.288478,0.336796,-0.185782,0.0,0.0,0.295558,0.528089,-0.245426,0.0,0.0,0.306565,0.653862,-0.267488,0.0,0.0,0.31834,0.765104,-0.280478,0.0,0.0
v8.mp4,f074e4450aec1c1c5cb93b17c20fc5c9c6a348d10be735644c3bcb76445ea550,1920,1080,12.07,176,14.583,159,13250,Right,0.835981,0.286728,0.109765,2e-06,0.0,0.0,0.407113,0.098925,-0.042629,0.0,0.0,0.517152,0.134442,-0.085399,0.0,0.0,0.603401,0.192872,-0.118063,0.0,0.0,0.67763,0.266231,-0.152202,0.0,0.0,0.49161,0.260425,-0.14972,0.0,0.0,0.574604,0.462245,-0.218654,0.0,0.0,0.630765,0.592781,-0.257476,0.0,0.0,0.670849,0.706808,-0.282616,0.0,0.0,0.426973,0.319219,-0.15799,0.0,0.0,0.486346,0.561727,-0.229618,0.0,0.0,0.52999,0.741503,-0.265358,0.0,0.0,0.558931,0.888525,-0.290318,0.0,0.0,0.359177,0.357748,-0.163782,0.0,0.0,0.398302,0.575681,-0.233417,0.0,0.0,0.431067,0.737702,-0.265001,0.0,0.0,0.458958,0.87332,-0.284193,0.0,0.0,0.29606,0.375625,-0.16861,0.0,0.0,0.294458,0.551616,-0.23361,0.0,0.0,0.298834,0.672799,-0.260422,0.0,0.0,0.30432,0.782726,-0.275781,0.0,0.0
v8.mp4,f074e4450aec1c1c5cb93b17c20fc5c9c6a348d10be735644c3bcb76445ea550,1920,1080,12.07,176,14.583,160,13333,Right,0.919594,0.288554,0.108314,1e-06,0.0,0.0,0.407866,0.104915,-0.03794,0.0,0.0,0.51692,0.147434,-0.081626,0.0,0.0,0.603402,0.203954,-0.115746,0.0,0.0,0.680541,0.27044,-0.153017,0.0,0.0,0.492763,0.271529,-0.164793,0.0,0.0,0.580213,0.470467,-0.235067,0.0,0.0,0.635903,0.601409,-0.27252,0.0,0.0,0.676798,0.712608,-0.297061,0.0,0.0,0.427705,0.331674,-0.17543,0.0,0.0,0.490405,0.570823,-0.251636,0.0,0.0,0.534503,0.74745,-0.289993,0.0,0.0,0.564703,0.892533,-0.318003,0.0,0.0,0.361291,0.366322,-0.181591,0.0,0.0,0.39997,0.585908,-0.255462,0.0,0.0,0.43479,0.748206,-0.293443,0.0,0.0,0.46254,0.883446,-0.31814,0.0,0.0,0.29908,0.381887,-0.185187,0.0,0.0,0.2963,0.564725,-0.252785,0.0,0.0,0.29736,0.684034,-0.284073,0.0,0.0,0.302208,0.789507,-0.304522,0.0,0.0
v8.mp4,f074e4450aec1c1c5cb93b17c20fc5c9c6a348d10be735644c3bcb76445ea550,1920,1080,12.07,176,14.583,161,13416,Right,0.885246,0.292795,0.11687,1e-06,0.0,0.0,0.418374,0.116299,-0.035073,0.0,0.0,0.524792,0.154237,-0.083688,0.0,0.0,0.606423,0.20614,-0.121871,0.0,0.0,0.685747,0.274346,-0.163679,0.0,0.0,0.499254,0.273378,-0.190119,0.0,0.0,0.58064,0.465564,-0.270441,0.0,0.0,0.634517,0.59867,-0.313196,0.0,0.0,0.671406,0.713588,-0.34102,0.0,0.0,0.431117,0.332769,-0.202745,0.0,0.0,0.487776,0.564455,-0.291264,0.0,0.0,0.530226,0.737598,-0.336476,0.0,0.0,0.558047,0.881215,-0.370684,0.0,0.0,0.363761,0.367684,-0.208303,0.0,0.0,0.398373,0.582305,-0.293012,0.0,0.0,0.433487,0.74039,-0.336942,0.0,0.0,0.459139,0.871631,-0.366124,0.0,0.0,0.300719,0.387499,-0.20945,0.0,0.0,0.296603,0.564284,-0.284274,0.0,0.0,0.299564,0.681416,-0.320795,0.0,0.0,0.307159,0.783009,-0.346452,0.0,0.0
v8.mp4,f074e4450aec1c1c5cb93b17c20fc5c9c6a348d10be735644c3bcb76445ea550,1920,1080,12.07,176,14.583,162,13500,Right,0.908492,0.287197,0.123964,1e-06,0.0,0.0,0.41657,0.12082,-0.033373,0.0,0.0,0.523509,0.155304,-0.085307,0.0,0.0,0.60421,0.207198,-0.126016,0.0,0.0,0.684246,0.275965,-0.170446,0.0,0.0,0.497602,0.261624,-0.206043,0.0,0.0,0.578769,0.456043,-0.291789,0.0,0.0,0.633515,0.591812,-0.337193,0.0,0.0,0.670766,0.707141,-0.366405,0.0,0.0,0.429753,0.323713,-0.218535,0.0,0.0,0.484936,0.556625,-0.314451,0.0,0.0,0.528583,0.732458,-0.362026,0.0,0.0,0.555807,0.876673,-0.398142,0.0,0.0,0.362715,0.362902,-0.222209,0.0,0.0,0.397297,0.57858,-0.312457,0.0,0.0,0.434643,0.739499,-0.357623,0.0,0.0,0.46016,0.872505,-0.387565,0.0,0.0,0.300783,0.390602,-0.220379,0.0,0.0,0.297512,0.565807,-0.29799,0.0,0.0,0.30031,0.684261,-0.335273,0.0,0.0,0.307719,0.786444,-0.361973,0.0,0.0
v8.mp4,f074e4450aec1c1c5cb93b17c20fc5c9c6a348d10be735644c3bcb76445ea550,1920,1080,12.07,176,14.583,163,13583,Right,0.897634,0.284911,0.112162,1e-06,0.0,0.0,0.407634,0.102187,-0.042368,0.0,0.0,0.517078,0.14655,-0.092338,0.0,0.0,0.599316,0.208274,-0.131176,0.0,0.0,0.676292,0.279944,-0.173455,0.0,0.0,0.490999,0.234932,-0.189417,0.0,0.0,0.571013,0.433901,-0.268118,0.0,0.0,0.623247,0.570994,-0.310551,0.0,0.0,0.659109,0.688417,-0.338696,0.0,0.0,0.422495,0.295168,-0.200364,0.0,0.0,0.475852,0.526552,-0.287975,0.0,0.0,0.518038,0.7012,-0.331723,0.0,0.0,0.547504,0.844496,-0.364437,0.0,0.0,0.355009,0.337862,-0.205718,0.0,0.0,0.389405,0.553114,-0.287868,0.0,0.0,0.424685,0.714402,-0.328306,0.0,0.0,0.453585,0.847337,-0.355177,0.0,0.0,0.293225,0.364541,-0.208408,0.0,0.0,0.296263,0.541636,-0.281182,0.0,0.0,0.304597,0.660235,-0.31609,0.0,0.0,0.314909,0.765674,-0.340421,0.0,0.0
v8.mp4,f074e4450aec1c1c5cb93b17c20fc5c9c6a348d10be735644c3bcb76445ea550,1920,1080,12.07,176,14.583,164,13666,Right,0.913134,0.288177,0.120459,2e-06,0.0,0.0,0.417418,0.112013,-0.039955,0.0,0.0,0.521157,0.146703,-0.098346,0.0,0.0,0.595634,0.205717,-0.143311,0.0,0.0,0.672572,0.283877,-0.192008,0.0,0.0,0.495125,0.229605,-0.228358,0.0,0.0,0.571127,0.425757,-0.320336,0.0,0.0,0.62271,0.56167,-0.368084,0.0,0.0,0.657109,0.679313,-0.397983,0.0,0.0,0.425687,0.292916,-0.238757,0.0,0.0,0.473746,0.520206,-0.342986,0.0,0.0,0.517283,0.692684,-0.392798,0.0,0.0,0.546125,0.834144,-0.429912,0.0,0.0,0.35883,0.338278,-0.23973,0.0,0.0,0.388632,0.545687,-0.336811,0.0,0.0,0.426515,0.704703,-0.385196,0.0,0.0,0.453863,0.835306,-0.41654,0.0,0.0,0.298373,0.374423,-0.235111,0.0,0.0,0.299106,0.540284,-0.314791,0.0,0.0,0.308563,0.659016,-0.35431,0.0,0.0,0.321098,0.763127,-0.383123,0.0,0.0
v8.mp4,f074e4450aec1c1c5cb93b17c20fc5c9c6a348d10be735644c3bcb76445ea550,1920,1080,12.07,176,14.583,165,13750,Right,0.89066,0.279584,0.1073,1e-06,0.0,0.0,0.404657,0.092399,-0.043891,0.0,0.0,0.514697,0.138272,-0.098207,0.0,0.0,0.591257,0.215935,-0.140023,0.0,0.0,0.65472,0.316733,-0.185247,0.0,0.0,0.484863,0.191065,-0.201624,0.0,0.0,0.559373,0.393892,-0.284293,0.0,0.0,0.607948,0.535324,-0.329515,0.0,0.0,0.64117,0.656111,-0.359633,0.0,0.0,0.414104,0.251767,-0.211651,0.0,0.0,0.469128,0.487116,-0.301403,0.0,0.0,0.511758,0.661832,-0.343197,0.0,0.0,0.542894,0.800161,-0.374674,0.0,0.0,0.345992,0.301598,-0.215687,0.0,0.0,0.38604,0.520483,-0.294375,0.0,0.0,0.424967,0.683094,-0.328558,0.0,0.0,0.458766,0.811631,-0.352375,0.0,0.0,0.285916,0.338157,-0.217691,0.0,0.0,0.29961,0.51196,-0.286396,0.0,0.0,0.318919,0.630496,-0.318684,0.0,0.0,0.338574,0.734609,-0.342059,0.0,0.0
v8.mp4,f074e4450aec1c1c5cb93b17c20fc5c9c6a348d10be735644c3bcb76445ea550,1920,1080,12.07,176,14.583,166,13833,Right,0.92672,0.283741,0.114516,2e-06,0.0,0.0,0.411717,0.10509,-0.040154,0.0,0.0,0.514613,0.138884,-0.101386,0.0,0.0,0.584531,0.209066,-0.148794,0.0,0.0,0.647955,0.303093,-0.199714,0.0,0.0,0.490613,0.181421,-0.231432,0.0,0.0,0.562538,0.387892,-0.324599,0.0,0.0,0.610073,0.531196,-0.373285,0.0,0.0,0.640392,0.652654,-0.402892,0.0,0.0,0.421733,0.237864,-0.241096,0.0,0.0,0.471497,0.480163,-0.344875,0.0,0.0,0.513455,0.658885,-0.390113,0.0,0.0,0.540626,0.797786,-0.422543,0.0,0.0,0.354154,0.293719,-0.241229,0.0,0.0,0.391669,0.515694,-0.333082,0.0,0.0,0.430219,0.680687,-0.371405,0.0,0.0,0.459754,0.805863,-0.395582,0.0,0.0,0.295183,0.345109,-0.236721,0.0,0.0,0.304002,0.51798,-0.308201,0.0,0.0,0.320163,0.641857,-0.338957,0.0,0.0,0.337318,0.746343,-0.361119,0.0,0.0
v8.mp4,f074e4450aec1c1c5cb93b17c20fc5c9c6a348d10be735644c3bcb76445ea550,1920,1080,12.07,176,14.583,167,13916,Right,0.934992,0.281681,0.113078,2e-06,0.0,0.0,0.401786,0.092191,-0.042905,0.0,0.0,0.509115,0.130071,-0.09548,0.0,0.0,0.586851,0.209854,-0.135612,0.0,0.0,0.648493,0.307789,-0.178343,0.0,0.0,0.484243,0.182254,-0.193635,0.0,0.0,0.557792,0.389947,-0.276326,0.0,0.0,0.603673,0.533909,-0.322239,0.0,0.0,0.633397,0.656205,-0.350483,0.0,0.0,0.41559,0.237669,-0.201649,0.0,0.0,0.469714,0.479283,-0.286247,0.0,0.0,0.511489,0.656557,-0.321464,0.0,0.0,0.539017,0.79405,-0.347249,0.0,0.0,0.348234,0.28815,-0.204586,0.0,0.0,0.387366,0.513209,-0.281543,0.0,0.0,0.427389,0.675011,-0.312817,0.0,0.0,0.459393,0.799774,-0.33277,0.0,0.0,0.289487,0.329719,-0.205318,0.0,0.0,0.300577,0.512599,-0.269024,0.0,0.0,0.318205,0.634555,-0.295433,0.0,0.0,0.335375,0.741764,-0.313377,0.0,0.0
v8.mp4,f074e4450aec1c1c5cb93b17c20fc5c9c6a348d10be735644c3bcb76445ea550,1920,1080,12.07,176,14.583,168,14000,Right,0.945685,0.284717,0.112976,2e-06,0.0,0.0,0.404843,0.098774,-0.04047,0.0,0.0,0.509332,0.135691,-0.09417,0.0,0.0,0.583859,0.210902,-0.135044,0.0,0.0,0.646692,0.303143,-0.178798,0.0,0.0,0.488216,0.180455,-0.203567,0.0,0.0,0.562649,0.38937,-0.287927,0.0,0.0,0.608602,0.534096,-0.334282,0.0,0.0,0.638334,0.656371,-0.362609,0.0,0.0,0.419113,0.233238,-0.212098,0.0,0.0,0.473086,0.478085,-0.299847,0.0,0.0,0.512515,0.658253,-0.337059,0.0,0.0,0.53798,0.796673,-0.364093,0.0,0.0,0.350634,0.28648,-0.213931,0.0,0.0,0.388695,0.517296,-0.291985,0.0,0.0,0.426289,0.681991,-0.32347,0.0,0.0,0.455905,0.806147,-0.343739,0.0,0.0,0.291787,0.332758,-0.212958,0.0,0.0,0.301868,0.517916,-0.276414,0.0,0.0,0.318525,0.642137,-0.302394,0.0,0.0,0.33455,0.749711,-0.320239,0.0,0.0
v8.mp4,f074e4450aec1c1c5cb93b17c20fc5c9c6a348d10be735644c3bcb76445ea550,1920,1080,12.07,176,14.583,169,14083,Right,0.940177,0.286296,0.115781,2e-06,0.0,0.0,0.410571,0.097081,-0.040094,0.0,0.0,0.512738,0.13686,-0.096513,0.0,0.0,0.586694,0.214654,-0.140248,0.0,0.0,0.650148,0.310852,-0.187278,0.0,0.0,0.488825,0.195929,-0.211537,0.0,0.0,0.56453,0.401834,-0.300182,0.0,0.0,0.612115,0.5448,-0.348498,0.0,0.0,0.641519,0.665915,-0.377753,0.0,0.0,0.419027,0.248804,-0.222045,0.0,0.0,0.475438,0.486071,-0.314748,0.0,0.0,0.517083,0.663327,-0.353655,0.0,0.0,0.543316,0.800403,-0.381776,0.0,0.0,0.350608,0.298622,-0.225592,0.0,0.0,0.390974,0.521478,-0.309837,0.0,0.0,0.429686,0.683433,-0.345084,0.0,0.0,0.460388,0.807862,-0.367495,0.0,0.0,0.290476,0.340822,-0.225633,0.0,0.0,0.299423,0.520243,-0.294039,0.0,0.0,0.316127,0.6426,-0.322605,0.0,0.0,0.333329,0.748573,-0.342251,0.0,0.0
v8.mp4,f074e4450aec1c1c5cb93b17c20fc5c9c6a348d10be735644c3bcb76445ea550,1920,1080,12.07,176,14.583,170,14166,Right,0.92533,0.288819,0.1163,2e-06,0.0,0.0,0.414107,0.098771,-0.042269,0.0,0.0,0.518463,0.132683,-0.098306,0.0,0.0,0.595095,0.202574,-0.141652,0.0,0.0,0.659755,0.297478,-0.187889,0.0,0.0,0.49253,0.220016,-0.204962,0.0,0.0,0.572007,0.430738,-0.291743,0.0,0.0,0.623269,0.571097,-0.340101,0.0,0.0,0.657067,0.689373,-0.370059,0.0,0.0,0.423322,0.277176,-0.214164,0.0,0.0,0.48042,0.515937,-0.305478,0.0,0.0,0.523992,0.693996,-0.346692,0.0,0.0,0.552754,0.834179,-0.37631,0.0,0.0,0.355303,0.325016,-0.21658,0.0,0.0,0.397611,0.540703,-0.298674,0.0,0.0,0.435745,0.701973,-0.333469,0.0,0.0,0.465146,0.829938,-0.355688,0.0,0.0,0.2949,0.360549,-0.216001,0.0,0.0,0.301925,0.534968,-0.284353,0.0,0.0,0.314264,0.657598,-0.312178,0.0,0.0,0.327105,0.764575,-0.330674,0.0,0.0
v8.mp4,f074e4450aec1c1c5cb93b17c20fc5c9c6a348d10be735644c3bcb76445ea550,1920,1080,12.07,176,14.583,171,14250,Right,0.894612,0.289878,0.113855,2e-06,0.0,0.0,0.409532,0.09963,-0.03883,0.0,0.0,0.51761,0.136274,-0.082329,0.0,0.0,0.601829,0.204436,-0.115439,0.0,0.0,0.670841,0.287734,-0.149962,0.0,0.0,0.493235,0.243494,-0.158149,0.0,0.0,0.578372,0.453448,-0.227097,0.0,0.0,0.632287,0.588721,-0.263317,0.0,0.0,0.669356,0.701946,-0.286254,0.0,0.0,0.427535,0.305164,-0.167593,0.0,0.0,0.493544,0.548515,-0.241057,0.0,0.0,0.539393,0.727562,-0.274413,0.0,0.0,0.568809,0.870795,-0.297116,0.0,0.0,0.360575,0.34802,-0.173286,0.0,0.0,0.404884,0.563619,-0.241561,0.0,0.0,0.442482,0.72131,-0.270297,0.0,0.0,0.473031,0.851956,-0.287951,0.0,0.0,0.297731,0.373843,-0.177634,0.0,0.0,0.297772,0.552972,-0.241635,0.0,0.0,0.302427,0.6717,-0.267755,0.0,0.0,0.309238,0.777607,-0.282683,0.0,0.0
v8.mp4,f074e4450aec1c1c5cb93b17c20fc5c9c6a348d10be735644c3bcb76445ea550,1920,1080,12.07,176,14.583,172,14333,Right,0.853434,0.295567,0.119743,2e-06,0.0,0.0,0.417266,0.11824,-0.039944,0.0,0.0,0.523094,0.153347,-0.087462,0.0,0.0,0.606166,0.206125,-0.125163,0.0,0.0,0.680835,0.277039,-0.166031,0.0,0.0,0.49729,0.291002,-0.175086,0.0,0.0,0.585141,0.486071,-0.252729,0.0,0.0,0.640865,0.616636,-0.29409,0.0,0.0,0.680998,0.728248,-0.321157,0.0,0.0,0.43266,0.355236,-0.188265,0.0,0.0,0.50123,0.586792,-0.274265,0.0,0.0,0.550058,0.762225,-0.317367,0.0,0.0,0.583662,0.909633,-0.347342,0.0,0.0,0.365311,0.389772,-0.196942,0.0,0.0,0.411636,0.596324,-0.281326,0.0,0.0,0.448219,0.750467,-0.323784,0.0,0.0,0.477282,0.883585,-0.350101,0.0,0.0,0.300694,0.403838,-0.202845,0.0,0.0,0.291894,0.571842,-0.282983,0.0,0.0,0.289449,0.685769,-0.320554,0.0,0.0,0.291402,0.791133,-0.343596,0.0,0.0
v8.mp4,f074e4450aec1c1c5cb93b17c20fc5c9c6a348d10be735644c3bcb76445ea550,1920,1080,12.07,176,14.583,173,14416,Right,0.829098,0.29201,0.108029,1e-06,0.0,0.0,0.410056,0.107668,-0.034451,0.0,0.0,0.5226,0.1567,-0.069106,0.0,0.0,0.611042,0.213226,-0.096536,0.0,0.0,0.686677,0.278623,-0.125926,0.0,0.0,0.496916,0.290257,-0.131441,0.0,0.0,0.587756,0.487245,-0.192008,0.0,0.0,0.642595,0.613471,-0.223157,0.0,0.0,0.682636,0.72176,-0.243933,0.0,0.0,0.43359,0.352311,-0.143463,0.0,0.0,0.50285,0.580987,-0.209444,0.0,0.0,0.547126,0.753754,-0.244565,0.0,0.0,0.577607,0.901719,-0.269487,0.0,0.0,0.367802,0.385647,-0.153233,0.0,0.0,0.414933,0.606281,-0.222584,0.0,0.0,0.446678,0.760833,-0.260095,0.0,0.0,0.472415,0.897959,-0.283424,0.0,0.0,0.303815,0.397382,-0.161042,0.0,0.0,0.292537,0.575753,-0.231314,0.0,0.0,0.285215,0.692435,-0.26541,0.0,0.0,0.282617,0.801408,-0.285624,0.0,0.0
v8.mp4,f074e4450aec1c1c5cb93b17c20fc5c9c6a348d10be735644c3bcb76445ea550,1920,1080,12.07,176,14.583,174,14500,Right,0.829893,0.291734,0.104627,1e-06,0.0,0.0,0.410217,0.105244,-0.035182,0.0,0.0,0.522686,0.154624,-0.070432,0.0,0.0,0.611441,0.210514,-0.098418,0.0,0.0,0.686446,0.277752,-0.128196,0.0,0.0,0.498142,0.287304,-0.133404,0.0,0.0,0.588733,0.481615,-0.195382,0.0,0.0,0.642496,0.61061,-0.227363,0.0,0.0,0.681187,0.721614,-0.248619,0.0,0.0,0.434204,0.348743,-0.14557,0.0,0.0,0.501846,0.574998,-0.213568,0.0,0.0,0.545576,0.750585,-0.249443,0.0,0.0,0.575439,0.900509,-0.274915,0.0,0.0,0.367534,0.382157,-0.155649,0.0,0.0,0.4138,0.600395,-0.226781,0.0,0.0,0.446572,0.754836,-0.264906,0.0,0.0,0.473144,0.891507,-0.28855,0.0,0.0,0.302792,0.394997,-0.163821,0.0,0.0,0.292488,0.575439,-0.235799,0.0,0.0,0.285915,0.692376,-0.270764,0.0,0.0,0.284514,0.800889,-0.291568,0.0,0.0
v8.mp4,f074e4450aec1c1c5cb93b17c20fc5c9c6a348d10be735644c3bcb76445ea550,1920,1080,12.07,176,14.583,175,14583,Right,0.862483,0.287412,0.107182,1e-06,0.0,0.0,0.408189,0.104114,-0.035311,0.0,0.0,0.521173,0.155539,-0.072005,0.0,0.0,0.610658,0.213362,-0.100754,0.0,0.0,0.689026,0.275383,-0.131705,0.0,0.0,0.496914,0.274307,-0.144322,0.0,0.0,0.587437,0.470508,-0.208643,0.0,0.0,0.641904,0.602057,-0.24104,0.0,0.0,0.681044,0.713448,-0.262445,0.0,0.0,0.432339,0.334974,-0.156337,0.0,0.0,0.497916,0.565586,-0.227412,0.0,0.0,0.539785,0.744462,-0.263265,0.0,0.0,0.567042,0.893482,-0.288982,0.0,0.0,0.36592,0.371201,-0.165471,0.0,0.0,0.410739,0.589273,-0.238429,0.0,0.0,0.444435,0.744975,-0.276545,0.0,0.0,0.470885,0.880258,-0.300555,0.0,0.0,0.302652,0.388733,-0.172469,0.0,0.0,0.294229,0.571963,-0.245029,0.0,0.0,0.288587,0.688657,-0.280267,0.0,0.0,0.287049,0.795427,-0.301897,0.0,0.0
