video_file,video_hash,duration_ms,start_ms,end_ms,start_frame,end_frame,wrist1_x,wrist1_y,thumb1_mcp_x,thumb1_mcp_y,thumb1_pip_x,thumb1_pip_y,thumb1_dip_x,thumb1_dip_y,index1_mcp_x,index1_mcp_y,index1_pip_x,index1_pip_y,index1_dip_x,index1_dip_y,middle1_mcp_x,middle1_mcp_y,middle1_pip_x,middle1_pip_y,middle1_dip_x,middle1_dip_y,ring1_mcp_x,ring1_mcp_y,ring1_pip_x,ring1_pip_y,ring1_dip_x,ring1_dip_y,pinky1_mcp_x,pinky1_mcp_y,pinky1_pip_x,pinky1_pip_y,pinky1_dip_x,pinky1_dip_y,wrist2_x,wrist2_y,thumb2_mcp_x,thumb2_mcp_y,thumb2_pip_x,thumb2_pip_y,thumb2_dip_x,thumb2_dip_y,index2_mcp_x,index2_mcp_y,index2_pip_x,index2_pip_y,index2_dip_x,index2_dip_y,middle2_mcp_x,middle2_mcp_y,middle2_pip_x,middle2_pip_y,middle2_dip_x,middle2_dip_y,ring2_mcp_x,ring2_mcp_y,ring2_pip_x,ring2_pip_y,ring2_dip_x,ring2_dip_y,pinky2_mcp_x,pinky2_mcp_y,pinky2_pip_x,pinky2_pip_y,pinky2_dip_x,pinky2_dip_y,wrist3_x,wrist3_y,thumb3_mcp_x,thumb3_mcp_y,thumb3_pip_x,thumb3_pip_y,thumb3_dip_x,thumb3_dip_y,index3_mcp_x,index3_mcp_y,index3_pip_x,index3_pip_y,index3_dip_x,index3_dip_y,middle3_mcp_x,middle3_mcp_y,middle3_pip_x,middle3_pip_y,middle3_dip_x,middle3_dip_y,ring3_mcp_x,ring3_mcp_y,ring3_pip_x,ring3_pip_y,ring3_dip_x,ring3_dip_y,pinky3_mcp_x,pinky3_mcp_y,pinky3_pip_x,pinky3_pip_y,pinky3_dip_x,pinky3_dip_y,wrist4_x,wrist4_y,thumb4_mcp_x,thumb4_mcp_y,thumb4_pip_x,thumb4_pip_y,thumb4_dip_x,thumb4_dip_y,index4_mcp_x,index4_mcp_y,index4_pip_x,index4_pip_y,index4_dip_x,index4_dip_y,middle4_mcp_x,middle4_mcp_y,middle4_pip_x,middle4_pip_y,middle4_dip_x,middle4_dip_y,ring4_mcp_x,ring4_mcp_y,ring4_pip_x,ring4_pip_y,ring4_dip_x,ring4_dip_y,pinky4_mcp_x,pinky4_mcp_y,pinky4_pip_x,pinky4_pip_y,pinky4_dip_x,pinky4_dip_y,wrist5_x,wrist5_y,thumb5_mcp_x,thumb5_mcp_y,thumb5_pip_x,thumb5_pip_y,thumb5_dip_x,thumb5_dip_y,index5_mcp_x,index5_mcp_y,index5_pip_x,index5_pip_y,index5_dip_x,index5_dip_y,middle5_mcp_x,middle5_mcp_y,middle5_pip_x,middle5_pip_y,middle5_dip_x,middle5_dip_y,ring5_mcp_x,ring5_mcp_y,ring5_pip_x,ring5_pip_y,ring5_dip_x,ring5_dip_y,pinky5_mcp_x,pinky5_mcp_y,pinky5_pip_x,pinky5_pip_y,pinky5_dip_x,pinky5_dip_y,wrist1_vx,wrist1_vy,thumb1_mcp_vx,thumb1_mcp_vy,thumb1_pip_vx,thumb1_pip_vy,thumb1_dip_vx,thumb1_dip_vy,index1_mcp_vx,index1_mcp_vy,index1_pip_vx,index1_pip_vy,index1_dip_vx,index1_dip_vy,middle1_mcp_vx,middle1_mcp_vy,middle1_pip_vx,middle1_pip_vy,middle1_dip_vx,middle1_dip_vy,ring1_mcp_vx,ring1_mcp_vy,ring1_pip_vx,ring1_pip_vy,ring1_dip_vx,ring1_dip_vy,pinky1_mcp_vx,pinky1_mcp_vy,pinky1_pip_vx,pinky1_pip_vy,pinky1_dip_vx,pinky1_dip_vy,wrist2_vx,wrist2_vy,thumb2_mcp_vx,thumb2_mcp_vy,thumb2_pip_vx,thumb2_pip_vy,thumb2_dip_vx,thumb2_dip_vy,index2_mcp_vx,index2_mcp_vy,index2_pip_vx,index2_pip_vy,index2_dip_vx,index2_dip_vy,middle2_mcp_vx,middle2_mcp_vy,middle2_pip_vx,middle2_pip_vy,middle2_dip_vx,middle2_dip_vy,ring2_mcp_vx,ring2_mcp_vy,ring2_pip_vx,ring2_pip_vy,ring2_dip_vx,ring2_dip_vy,pinky2_mcp_vx,pinky2_mcp_vy,pinky2_pip_vx,pinky2_pip_vy,pinky2_dip_vx,pinky2_dip_vy,wrist3_vx,wrist3_vy,thumb3_mcp_vx,thumb3_mcp_vy,thumb3_pip_vx,thumb3_pip_vy,thumb3_dip_vx,thumb3_dip_vy,index3_mcp_vx,index3_mcp_vy,index3_pip_vx,index3_pip_vy,index3_dip_vx,index3_dip_vy,middle3_mcp_vx,middle3_mcp_vy,middle3_pip_vx,middle3_pip_vy,middle3_dip_vx,middle3_dip_vy,ring3_mcp_vx,ring3_mcp_vy,ring3_pip_vx,ring3_pip_vy,ring3_dip_vx,ring3_dip_vy,pinky3_mcp_vx,pinky3_mcp_vy,pinky3_pip_vx,pinky3_pip_vy,pinky3_dip_vx,pinky3_dip_vy,wrist4_vx,wrist4_vy,thumb4_mcp_vx,thumb4_mcp_vy,thumb4_pip_vx,thumb4_pip_vy,thumb4_dip_vx,thumb4_dip_vy,index4_mcp_vx,index4_mcp_vy,index4_pip_vx,index4_pip_vy,index4_dip_vx,index4_dip_vy,middle4_mcp_vx,middle4_mcp_vy,middle4_pip_vx,middle4_pip_vy,middle4_dip_vx,middle4_dip_vy,ring4_mcp_vx,ring4_mcp_vy,ring4_pip_vx,ring4_pip_vy,ring4_dip_vx,ring4_dip_vy,pinky4_mcp_vx,pinky4_mcp_vy,pinky4_pip_vx,pinky4_pip_vy,pinky4_dip_vx,pinky4_dip_vy,thumb_touch,index_touch,middle_touch,ring_touch,pinky_touch,hand_move,hand_point_of_view,hand_closer,hovering,daylight,hand_visible,out_of_sync,rightHand,any_difference
video 06.mp4,7008ee79247df857,37666,0,333,0,4,1.2385,0.7049,1.9858,0.6851,2.2888,0.788,2.5621,0.7957,2.4896,1.0964,2.7964,1.2562,3.0409,1.374,2.2957,1.2062,2.5857,1.3893,2.8003,1.5529,1.9741,1.3813,2.1971,1.6215,2.3572,1.8349,1.4517,1.5247,1.4663,1.7285,1.4815,1.9305,1.137,0.6794,1.8805,0.7021,2.1488,0.8272,2.3377,0.909,2.3424,0.8954,2.607,0.959,2.8458,1.0032,2.2919,1.1414,2.6113,1.3206,2.887,1.4674,1.9652,1.3892,2.1898,1.641,2.3761,1.8492,1.4457,1.5265,1.4655,1.7326,1.4961,1.9239,1.1277,0.6799,1.8979,0.7047,2.1951,0.8108,2.4196,0.8687,2.3079,0.8539,2.5472,0.8914,2.7721,0.9105,2.2977,1.1103,2.6425,1.2737,2.9475,1.4124,1.9545,1.4013,2.1896,1.6541,2.4011,1.8535,1.4343,1.5306,1.4498,1.7406,1.4806,1.922,1.1108,0.6821,1.8541,0.7152,2.1241,0.8378,2.3192,0.9264,2.2586,0.8099,2.4771,0.8467,2.6872,0.8657,2.2924,1.0864,2.637,1.256,2.9395,1.4017,1.9545,1.3968,2.1889,1.6529,2.4036,1.8526,1.4302,1.5267,1.4474,1.7366,1.4803,1.9133,1.1339,0.683,1.886,0.7081,2.1701,0.8008,2.4083,0.8601,2.3562,0.9875,2.6256,1.1455,2.8561,1.2656,2.2875,1.2087,2.6128,1.4482,2.8785,1.6392,1.9478,1.3927,2.1842,1.6382,2.3943,1.8321,1.4137,1.5073,1.4419,1.7176,1.4801,1.8957,-1.2237,-0.3074,-1.2678,0.2045,-1.6865,0.4719,-2.7046,1.3646,-1.7733,-2.4208,-2.2812,-3.5811,-2.3502,-4.4664,-0.0459,-0.7811,0.3084,-0.8283,1.0457,-1.0312,0.0,0.0,0.0,0.0,0.0,0.0,0.0,0.0,0.0,0.0,0.0,0.0,0.0,0.0,0.0,0.0,0.5574,-0.1966,0.9872,-0.486,-0.4166,-0.5006,-0.7212,-0.8141,-0.8888,-1.1173,0.0,0.0,0.3766,-0.5647,0.7287,-0.6621,0.0,0.0,0.0,0.0,0.0,0.0,0.0,0.0,0.0,0.0,0.0,0.0,0.0,0.0,-0.5214,0.1246,-0.8456,0.3205,-1.1948,0.6878,-0.5865,-0.5236,-0.8339,-0.5319,-1.0107,-0.5334,0.0,0.0,0.0,0.0,0.0,0.0,0.0,0.0,0.0,0.0,0.0,0.0,0.0,0.0,0.0,0.0,0.0,0.0,0.0,0.0,0.0,0.0,0.5554,-0.446,1.0728,-0.799,1.1765,2.1398,1.7894,3.6004,2.035,4.8184,-0.0593,1.4735,-0.2919,2.3158,-0.7348,2.8622,0.0,0.0,0.0,0.0,0.0,0.0,0.0,0.0,0.0,0.0,0.0,0.0,False,False,True,False,False,False,right,False,False,False,True,False,True,
video 06.mp4,7008ee79247df857,37666,250,583,3,7,1.1108,0.6821,1.8541,0.7152,2.1241,0.8378,2.3192,0.9264,2.2586,0.8099,2.4771,0.8467,2.6872,0.8657,2.2924,1.0864,2.637,1.256,2.9395,1.4017,1.9545,1.3968,2.1889,1.6529,2.4036,1.8526,1.4302,1.5267,1.4474,1.7366,1.4803,1.9133,1.1339,0.683,1.886,0.7081,2.1701,0.8008,2.4083,0.8601,2.3562,0.9875,2.6256,1.1455,2.8561,1.2656,2.2875,1.2087,2.6128,1.4482,2.8785,1.6392,1.9478,1.3927,2.1842,1.6382,2.3943,1.8321,1.4137,1.5073,1.4419,1.7176,1.4801,1.8957,1.1238,0.6739,1.8961,0.694,2.1953,0.7687,2.4593,0.799,2.4063,1.0563,2.6985,1.2136,2.9447,1.327,2.2852,1.2311,2.6035,1.4747,2.8557,1.6721,1.9363,1.3693,2.1652,1.608,2.369,1.8059,1.3975,1.4895,1.4259,1.7001,1.4735,1.8825,1.0916,0.6427,1.887,0.6764,2.1846,0.7499,2.446,0.7715,2.4058,1.0688,2.7018,1.2214,2.9509,1.3326,2.2579,1.2205,2.5726,1.4618,2.8165,1.6605,1.9013,1.3092,2.1401,1.525,2.3516,1.7092,1.3759,1.4625,1.4035,1.6756,1.4563,1.8628,1.0546,0.6302,1.8579,0.6585,2.1552,0.7352,2.4206,0.7565,2.3894,1.0736,2.6811,1.2297,2.9277,1.3485,2.2387,1.2181,2.5545,1.4559,2.7992,1.6503,1.8765,1.2868,2.121,1.4767,2.3371,1.6348,1.3657,1.456,1.3912,1.6606,1.4419,1.8366,0.0,0.0,0.0,0.0,0.5554,-0.446,1.0728,-0.799,1.1765,2.1398,1.7894,3.6004,2.035,4.8184,-0.0593,1.4735,-0.2919,2.3158,-0.7348,2.8622,0.0,0.0,0.0,0.0,0.0,0.0,0.0,0.0,0.0,0.0,0.0,0.0,0.0,0.0,0.0,0.0,0.303,-0.386,0.6153,-0.7363,0.603,0.8284,0.8783,0.8206,1.068,0.7398,0.0,0.0,0.0,0.0,-0.2751,0.3964,0.0,0.0,-0.2283,-0.3643,-0.3046,-0.3156,0.0,0.0,0.0,0.0,0.0,0.0,-0.3839,-0.3711,0.0,0.0,0.0,0.0,0.0,0.0,0.0,0.0,0.0,0.0,0.0,0.0,0.0,0.0,0.0,0.0,-0.4672,-0.1382,-0.4164,-0.7157,-0.2988,-0.9887,-0.2069,-1.152,-0.2564,-0.3225,0.0,0.0,0.0,0.0,-0.4458,-0.1505,-0.35,-0.2152,0.0,0.0,0.0,0.0,0.0,0.0,0.0,0.0,0.0,0.0,0.0,0.0,0.0,0.0,0.0,0.0,-0.2986,-0.2698,-0.23,-0.5812,-0.1757,-0.896,0.0,0.0,0.0,0.0,0.0,0.0,False,False,True,False,False,False,right,False,False,False,True,False,True,
video 06.mp4,7008ee79247df857,37666,500,833,6,10,1.0916,0.6427,1.887,0.6764,2.1846,0.7499,2.446,0.7715,2.4058,1.0688,2.7018,1.2214,2.9509,1.3326,2.2579,1.2205,2.5726,1.4618,2.8165,1.6605,1.9013,1.3092,2.1401,1.525,2.3516,1.7092,1.3759,1.4625,1.4035,1.6756,1.4563,1.8628,1.0546,0.6302,1.8579,0.6585,2.1552,0.7352,2.4206,0.7565,2.3894,1.0736,2.6811,1.2297,2.9277,1.3485,2.2387,1.2181,2.5545,1.4559,2.7992,1.6503,1.8765,1.2868,2.121,1.4767,2.3371,1.6348,1.3657,1.456,1.3912,1.6606,1.4419,1.8366,1.0266,0.6258,1.8327,0.6465,2.1258,0.7195,2.3886,0.7447,2.3683,1.0654,2.6607,1.2147,2.9065,1.3271,2.2086,1.2116,2.518,1.445,2.7576,1.6353,1.8566,1.2802,2.1002,1.482,2.3174,1.6514,1.3551,1.4426,1.3804,1.645,1.43,1.8189,1.0135,0.6159,1.819,0.6451,2.1113,0.7199,2.3663,0.7475,2.3486,1.0559,2.64,1.2023,2.8822,1.307,2.1879,1.1974,2.4911,1.431,2.7252,1.6169,1.849,1.2869,2.0888,1.5081,2.3028,1.691,1.3491,1.4317,1.3803,1.6377,1.4319,1.8162,1.0032,0.6113,1.8066,0.6415,2.0967,0.7197,2.345,0.746,2.3278,1.0422,2.614,1.1869,2.8524,1.2874,2.164,1.1778,2.4623,1.4096,2.6965,1.5907,1.8287,1.285,2.0602,1.51,2.2681,1.6925,1.3462,1.4334,1.3882,1.6417,1.4532,1.8205,-0.4458,-0.1505,-0.35,-0.2152,0.0,0.0,0.0,0.0,0.0,0.0,0.0,0.0,0.0,0.0,0.0,0.0,0.0,0.0,0.0,0.0,-0.2986,-0.2698,-0.23,-0.5812,-0.1757,-0.896,0.0,0.0,0.0,0.0,0.0,0.0,0.0,0.0,0.0,0.0,-0.3547,-0.1894,-0.3851,-0.1423,0.0,0.0,0.0,0.0,0.0,0.0,0.0,0.0,-0.4401,-0.1315,-0.5017,-0.1818,0.0,0.0,0.0,0.0,0.0,0.0,0.0,0.0,0.0,0.0,0.0,0.0,0.0,0.0,0.0,0.0,0.0,0.0,0.0,0.0,0.0,0.0,0.0,0.0,0.0,0.0,0.0,0.0,0.0,0.0,-0.3854,-0.2185,0.0,0.0,0.0,0.0,-0.1743,0.4708,0.0,0.0,0.0,0.0,0.0,0.0,0.0,0.0,0.0,0.0,0.0,0.0,0.0,0.0,0.0,0.0,0.0,0.0,-0.3596,-0.2366,0.0,0.0,-0.3477,-0.2577,-0.3452,-0.3157,0.0,0.0,0.0,0.0,-0.4182,0.0182,0.0,0.0,0.0,0.0,0.0,0.0,False,False,False,True,False,False,right,False,False,False,True,False,True,
video 06.mp4,7008ee79247df857,37666,750,1083,9,13,1.0135,0.6159,1.819,0.6451,2.1113,0.7199,2.3663,0.7475,2.3486,1.0559,2.64,1.2023,2.8822,1.307,2.1879,1.1974,2.4911,1.431,2.7252,1.6169,1.849,1.2869,2.0888,1.5081,2.3028,1.691,1.3491,1.4317,1.3803,1.6377,1.4319,1.8162,1.0032,0.6113,1.8066,0.6415,2.0967,0.7197,2.345,0.746,2.3278,1.0422,2.614,1.1869,2.8524,1.2874,2.164,1.1778,2.4623,1.4096,2.6965,1.5907,1.8287,1.285,2.0602,1.51,2.2681,1.6925,1.3462,1.4334,1.3882,1.6417,1.4532,1.8205,1.0021,0.5976,1.7987,0.6416,2.085,0.7195,2.3282,0.7461,2.3149,1.0346,2.6016,1.1751,2.841,1.2712,2.1492,1.1756,2.4431,1.4056,2.677,1.5849,1.8195,1.2825,2.0437,1.5077,2.2446,1.6903,1.3411,1.4194,1.3885,1.6252,1.4583,1.8049,1.0108,0.5925,1.7982,0.6432,2.0819,0.7214,2.3172,0.744,2.3069,1.0342,2.5888,1.1704,2.8249,1.2602,2.1484,1.1744,2.4416,1.396,2.6739,1.5676,1.8169,1.2822,2.0383,1.5075,2.2343,1.6924,1.3384,1.4105,1.3858,1.6105,1.4545,1.7892,1.0172,0.5799,1.7915,0.6411,2.0693,0.7196,2.302,0.7389,2.3006,1.0316,2.5817,1.1636,2.8185,1.2525,2.146,1.1736,2.4396,1.3901,2.674,1.5614,1.8138,1.2831,2.0324,1.5067,2.2265,1.6931,1.3324,1.4053,1.3781,1.6026,1.4467,1.7816,0.0,0.0,0.0,0.0,0.0,0.0,0.0,0.0,0.0,0.0,0.0,0.0,-0.3596,-0.2366,0.0,0.0,-0.3477,-0.2577,-0.3452,-0.3157,0.0,0.0,0.0,0.0,-0.4182,0.0182,0.0,0.0,0.0,0.0,0.0,0.0,0.0,0.0,0.0,0.0,0.0,0.0,0.0,0.0,0.0,0.0,0.0,0.0,0.0,0.0,0.0,0.0,0.0,0.0,0.0,0.0,0.0,0.0,0.0,0.0,0.0,0.0,0.0,0.0,0.0,0.0,0.0,0.0,0.0,0.0,0.0,0.0,0.0,0.0,0.0,0.0,0.0,0.0,0.0,0.0,0.0,0.0,0.0,0.0,0.0,0.0,0.0,0.0,0.0,0.0,0.0,0.0,0.0,0.0,0.0,0.0,0.0,0.0,0.0,0.0,0.0,0.0,0.0,0.0,0.0,0.0,0.0,0.0,0.0,0.0,0.0,0.0,0.0,0.0,0.0,0.0,0.0,0.0,0.0,0.0,0.0,0.0,0.0,0.0,0.0,0.0,0.0,0.0,0.0,0.0,0.0,0.0,False,False,False,False,True,False,right,False,False,False,True,False,True,
video 06.mp4,7008ee79247df857,37666,1000,1333,12,16,1.0108,0.5925,1.7982,0.6432,2.0819,0.7214,2.3172,0.744,2.3069,1.0342,2.5888,1.1704,2.8249,1.2602,2.1484,1.1744,2.4416,1.396,2.6739,1.5676,1.8169,1.2822,2.0383,1.5075,2.2343,1.6924,1.3384,1.4105,1.3858,1.6105,1.4545,1.7892,1.0172,0.5799,1.7915,0.6411,2.0693,0.7196,2.302,0.7389,2.3006,1.0316,2.5817,1.1636,2.8185,1.2525,2.146,1.1736,2.4396,1.3901,2.674,1.5614,1.8138,1.2831,2.0324,1.5067,2.2265,1.6931,1.3324,1.4053,1.3781,1.6026,1.4467,1.7816,1.018,0.569,1.7756,0.6328,2.051,0.7118,2.2799,0.7302,2.294,1.0236,2.5763,1.1586,2.8114,1.2533,2.1436,1.1679,2.4372,1.3809,2.6696,1.5507,1.8085,1.2834,2.0231,1.5068,2.21,1.6947,1.3234,1.4054,1.366,1.6019,1.4311,1.7817,1.0185,0.5643,1.7721,0.6205,2.0455,0.6968,2.2772,0.7168,2.2895,1.0221,2.5704,1.1576,2.8045,1.2547,2.1357,1.1657,2.4281,1.3772,2.661,1.5487,1.7988,1.2813,2.0134,1.5054,2.1998,1.6962,1.3131,1.4008,1.3538,1.5955,1.4186,1.7742,1.0145,0.5495,1.7605,0.6048,2.0313,0.6851,2.2615,0.7103,2.2794,1.018,2.5629,1.1544,2.796,1.2538,2.126,1.1596,2.4222,1.3699,2.6577,1.542,1.7923,1.277,2.0101,1.4996,2.1967,1.6911,1.3034,1.3965,1.3416,1.5893,1.4037,1.7666,0.0,0.0,0.0,0.0,0.0,0.0,0.0,0.0,0.0,0.0,0.0,0.0,0.0,0.0,0.0,0.0,0.0,0.0,0.0,0.0,0.0,0.0,0.0,0.0,0.0,0.0,0.0,0.0,0.0,0.0,0.0,0.0,0.0,0.0,0.0,0.0,0.0,0.0,0.0,0.0,0.0,0.0,0.0,0.0,0.0,0.0,0.0,0.0,0.0,0.0,0.0,0.0,0.0,0.0,0.0,0.0,0.0,0.0,0.0,0.0,0.0,0.0,0.0,0.0,0.0,0.0,0.0,0.0,0.0,0.0,0.0,0.0,0.0,0.0,0.0,0.0,0.0,0.0,0.0,0.0,0.0,0.0,0.0,0.0,0.0,0.0,0.0,0.0,0.0,0.0,0.0,0.0,0.0,0.0,0.0,0.0,0.0,0.0,0.0,0.0,0.0,0.0,0.0,0.0,0.0,0.0,0.0,0.0,0.0,0.0,0.0,0.0,0.0,0.0,0.0,0.0,0.0,0.0,0.0,0.0,0.0,0.0,0.0,0.0,0.0,0.0,0.0,0.0,False,False,False,False,False,False,right,False,False,False,True,False,True,
video 06.mp4,7008ee79247df857,37666,1250,1583,15,19,1.0185,0.5643,1.7721,0.6205,2.0455,0.6968,2.2772,0.7168,2.2895,1.0221,2.5704,1.1576,2.8045,1.2547,2.1357,1.1657,2.4281,1.3772,2.661,1.5487,1.7988,1.2813,2.0134,1.5054,2.1998,1.6962,1.3131,1.4008,1.3538,1.5955,1.4186,1.7742,1.0145,0.5495,1.7605,0.6048,2.0313,0.6851,2.2615,0.7103,2.2794,1.018,2.5629,1.1544,2.796,1.2538,2.126,1.1596,2.4222,1.3699,2.6577,1.542,1.7923,1.277,2.0101,1.4996,2.1967,1.6911,1.3034,1.3965,1.3416,1.5893,1.4037,1.7666,1.0126,0.5307,1.7537,0.5915,2.0255,0.6743,2.2598,0.7022,2.274,1.0169,2.557,1.1531,2.7894,1.2538,2.1188,1.1588,2.4142,1.3691,2.6486,1.5431,1.7847,1.2664,2.0039,1.49,2.1903,1.6849,1.2969,1.386,1.337,1.5801,1.4003,1.759,1.0101,0.5214,1.7484,0.5864,2.0242,0.6724,2.2634,0.7034,2.2737,1.0154,2.5578,1.1486,2.7924,1.2461,2.1161,1.1599,2.4093,1.3688,2.6434,1.5409,1.7804,1.2619,1.9992,1.4898,2.1848,1.6873,1.2918,1.3802,1.33,1.5767,1.3904,1.7571,1.0106,0.5256,1.7444,0.5912,2.0223,0.6777,2.2628,0.7084,2.2745,1.0179,2.5589,1.1513,2.7927,1.2493,2.1188,1.1614,2.4139,1.37,2.6473,1.5402,1.7803,1.2623,1.9969,1.4909,2.1785,1.6882,1.2916,1.3858,1.3249,1.5836,1.379,1.7641,0.0,0.0,0.0,0.0,0.0,0.0,0.0,0.0,0.0,0.0,0.0,0.0,0.0,0.0,0.0,0.0,0.0,0.0,0.0,0.0,0.0,0.0,0.0,0.0,0.0,0.0,0.0,0.0,0.0,0.0,0.0,0.0,0.0,0.0,0.0,0.0,0.0,0.0,0.0,0.0,0.0,0.0,0.0,0.0,0.0,0.0,0.0,0.0,0.0,0.0,0.0,0.0,0.0,0.0,0.0,0.0,0.0,0.0,0.0,0.0,0.0,0.0,0.0,0.0,0.0,0.0,0.0,0.0,0.0,0.0,0.0,0.0,0.0,0.0,0.0,0.0,0.0,0.0,0.0,0.0,0.0,0.0,0.0,0.0,0.0,0.0,0.0,0.0,0.0,0.0,0.0,0.0,0.0,0.0,0.0,0.0,0.0,0.0,0.0,0.0,0.0,0.0,0.0,0.0,0.0,0.0,0.0,0.0,0.0,0.0,0.0,0.0,0.0,0.0,0.0,0.0,0.0,0.0,0.0,0.0,0.0,0.0,0.0,0.0,0.0,0.0,0.0,0.0,False,False,False,False,False,False,right,False,False,False,True,False,True,
video 06.mp4,7008ee79247df857,37666,1500,1833,18,22,1.0101,0.5214,1.7484,0.5864,2.0242,0.6724,2.2634,0.7034,2.2737,1.0154,2.5578,1.1486,2.7924,1.2461,2.1161,1.1599,2.4093,1.3688,2.6434,1.5409,1.7804,1.2619,1.9992,1.4898,2.1848,1.6873,1.2918,1.3802,1.33,1.5767,1.3904,1.7571,1.0106,0.5256,1.7444,0.5912,2.0223,0.6777,2.2628,0.7084,2.2745,1.0179,2.5589,1.1513,2.7927,1.2493,2.1188,1.1614,2.4139,1.37,2.6473,1.5402,1.7803,1.2623,1.9969,1.4909,2.1785,1.6882,1.2916,1.3858,1.3249,1.5836,1.379,1.7641,1.0097,0.5422,1.7446,0.599,2.0249,0.6745,2.2658,0.7031,2.2746,1.0096,2.558,1.1418,2.7913,1.2388,2.1223,1.161,2.4141,1.3685,2.6475,1.5376,1.7848,1.2669,1.9968,1.4939,2.1788,1.6917,1.2959,1.3801,1.3305,1.5773,1.3878,1.7607,1.0139,0.5606,1.7473,0.6087,2.0292,0.6786,2.268,0.7006,2.2733,1.0101,2.5535,1.1395,2.7833,1.2312,2.1244,1.1575,2.4147,1.3616,2.6429,1.525,1.7847,1.2659,1.9966,1.4886,2.1805,1.6797,1.3033,1.3857,1.34,1.5818,1.3999,1.7621,1.0145,0.5645,1.7489,0.6142,2.0317,0.6784,2.2662,0.6943,2.2733,1.003,2.554,1.1346,2.7841,1.2291,2.1265,1.1499,2.4125,1.3549,2.6372,1.5198,1.7869,1.2659,1.9924,1.4862,2.1732,1.6749,1.3058,1.387,1.3426,1.5819,1.4033,1.7613,0.0,0.0,0.0,0.0,0.0,0.0,0.0,0.0,0.0,0.0,0.0,0.0,0.0,0.0,0.0,0.0,0.0,0.0,0.0,0.0,0.0,0.0,0.0,0.0,0.0,0.0,0.0,0.0,0.0,0.0,0.0,0.0,0.0,0.0,0.0,0.0,0.0,0.0,0.0,0.0,0.0,0.0,0.0,0.0,0.0,0.0,0.0,0.0,0.0,0.0,0.0,0.0,0.0,0.0,0.0,0.0,0.0,0.0,0.0,0.0,0.0,0.0,0.0,0.0,0.0,0.0,0.0,0.0,0.0,0.0,0.0,0.0,0.0,0.0,0.0,0.0,0.0,0.0,0.0,0.0,0.0,0.0,0.0,0.0,0.0,0.0,0.0,0.0,0.0,0.0,0.0,0.0,0.0,0.0,0.0,0.0,0.0,0.0,0.0,0.0,0.0,0.0,0.0,0.0,0.0,0.0,0.0,0.0,0.0,0.0,0.0,0.0,0.0,0.0,0.0,0.0,0.0,0.0,0.0,0.0,0.0,0.0,0.0,0.0,0.0,0.0,0.0,0.0,False,False,False,False,False,False,right,False,False,False,True,False,True,
video 06.mp4,7008ee79247df857,37666,1750,2083,21,25,1.0139,0.5606,1.7473,0.6087,2.0292,0.6786,2.268,0.7006,2.2733,1.0101,2.5535,1.1395,2.7833,1.2312,2.1244,1.1575,2.4147,1.3616,2.6429,1.525,1.7847,1.2659,1.9966,1.4886,2.1805,1.6797,1.3033,1.3857,1.34,1.5818,1.3999,1.7621,1.0145,0.5645,1.7489,0.6142,2.0317,0.6784,2.2662,0.6943,2.2733,1.003,2.554,1.1346,2.7841,1.2291,2.1265,1.1499,2.4125,1.3549,2.6372,1.5198,1.7869,1.2659,1.9924,1.4862,2.1732,1.6749,1.3058,1.387,1.3426,1.5819,1.4033,1.7613,0.9979,0.5681,1.7428,0.5857,2.0371,0.606,2.2618,0.5065,2.2663,0.9976,2.5484,1.1276,2.781,1.2167,2.1261,1.1512,2.4125,1.3562,2.6386,1.5215,1.7958,1.2734,2.005,1.4933,2.1874,1.681,1.3114,1.3979,1.3481,1.5911,1.4101,1.7673,0.9951,0.5683,1.7482,0.5677,2.0434,0.5548,2.2588,0.4257,2.2692,1.0033,2.5459,1.1281,2.7772,1.2112,2.1325,1.1594,2.4165,1.363,2.6422,1.5275,1.808,1.2748,2.0153,1.4914,2.1989,1.6771,1.3202,1.3991,1.3558,1.5932,1.4192,1.7707,0.9895,0.5738,1.7521,0.5628,2.047,0.5369,2.2586,0.4066,2.2718,1.0118,2.5469,1.132,2.7801,1.2112,2.137,1.1688,2.422,1.3738,2.6531,1.541,1.8253,1.2803,2.0313,1.4945,2.2164,1.6793,1.3244,1.3972,1.3604,1.5917,1.4237,1.7728,0.0,0.0,0.0,0.0,0.0,0.0,0.0,0.0,0.0,0.0,0.0,0.0,0.0,0.0,0.0,0.0,0.0,0.0,0.0,0.0,0.0,0.0,0.0,0.0,0.0,0.0,0.0,0.0,0.0,0.0,0.0,0.0,0.0,0.0,0.0,0.0,0.0649,-0.8724,-0.0528,-2.2624,0.0,0.0,0.0,0.0,0.0,0.0,0.0,0.0,0.0,0.0,0.0,0.0,0.0,0.0,0.0,0.0,0.0,0.0,0.0,0.0,0.0,0.0,0.0,0.0,0.0,0.0,0.0,0.0,0.0744,-0.6099,-0.0365,-0.9626,0.0,0.0,0.0,0.0,0.0,0.0,0.0,0.0,0.0,0.0,0.0,0.0,0.0,0.0,0.0,0.0,0.0,0.0,0.0,0.0,0.0,0.0,0.0,0.0,0.0,0.0,0.0,0.0,0.0,0.0,0.0,0.0,0.0,0.0,0.0,0.0,0.0,0.0,0.0,0.0,0.0,0.0,0.0,0.0,0.0,0.0,0.0,0.0,0.0,0.0,0.0,0.0,0.0,0.0,0.0,0.0,False,False,False,False,False,False,right,False,False,False,True,False,True,
video 06.mp4,7008ee79247df857,37666,2000,2333,24,28,0.9951,0.5683,1.7482,0.5677,2.0434,0.5548,2.2588,0.4257,2.2692,1.0033,2.5459,1.1281,2.7772,1.2112,2.1325,1.1594,2.4165,1.363,2.6422,1.5275,1.808,1.2748,2.0153,1.4914,2.1989,1.6771,1.3202,1.3991,1.3558,1.5932,1.4192,1.7707,0.9895,0.5738,1.7521,0.5628,2.047,0.5369,2.2586,0.4066,2.2718,1.0118,2.5469,1.132,2.7801,1.2112,2.137,1.1688,2.422,1.3738,2.6531,1.541,1.8253,1.2803,2.0313,1.4945,2.2164,1.6793,1.3244,1.3972,1.3604,1.5917,1.4237,1.7728,0.9897,0.5717,1.745,0.5847,2.0256,0.6071,2.2457,0.5783,2.2764,1.0179,2.5546,1.1348,2.7904,1.2139,2.1381,1.1732,2.4244,1.3816,2.6579,1.5512,1.8224,1.2789,2.0254,1.4929,2.2058,1.6755,1.3234,1.3893,1.3607,1.5845,1.4225,1.7667,0.993,0.5708,1.7427,0.6025,2.0228,0.667,2.2473,0.6833,2.2756,1.013,2.5548,1.1355,2.7889,1.218,2.1359,1.1649,2.4245,1.3717,2.6561,1.537,1.8117,1.2745,2.0193,1.4908,2.2009,1.6745,1.3157,1.3898,1.354,1.5845,1.415,1.7638,0.9888,0.5681,1.7402,0.6052,2.0245,0.6762,2.2545,0.6843,2.2697,1.005,2.5484,1.1338,2.7809,1.2244,2.1279,1.1555,2.418,1.3618,2.6488,1.5276,1.8008,1.2693,2.01,1.4848,2.1939,1.6678,1.3067,1.3898,1.3469,1.5825,1.4086,1.7594,0.0,0.0,0.0,0.0,0.0,0.0,0.0,0.0,0.0,0.0,0.0,0.0,0.0,0.0,0.0,0.0,0.0,0.0,0.0,0.0,0.0,0.0,0.0,0.0,0.0,0.0,0.0,0.0,0.0,0.0,0.0,0.0,0.0,0.0,0.0,0.0,-0.2586,0.8455,-0.155,2.0687,0.0,0.0,0.0,0.0,0.0,0.0,0.0,0.0,0.0,0.0,0.0,0.0,0.0,0.0,0.0,0.0,0.0,0.0,0.0,0.0,0.0,0.0,0.0,0.0,0.0,0.0,0.0,0.0,-0.0333,0.7131,0.0193,1.2497,0.0,0.0,0.0,0.0,0.0,0.0,0.0,0.0,0.0,0.0,0.0,0.0,0.0,0.0,0.0,0.0,0.0,0.0,0.0,0.0,0.0,0.0,0.0,0.0,0.0,0.0,0.0,0.0,0.0,0.0,0.0,0.0,0.0,0.0,0.0,0.0,0.0,0.0,0.0,0.0,0.0,0.0,0.0,0.0,0.0,0.0,0.0,0.0,0.0,0.0,0.0,0.0,0.0,0.0,0.0,0.0,True,False,False,False,False,False,right,False,False,False,True,False,True,
video 06.mp4,7008ee79247df857,37666,2250,2583,27,31,0.993,0.5708,1.7427,0.6025,2.0228,0.667,2.2473,0.6833,2.2756,1.013,2.5548,1.1355,2.7889,1.218,2.1359,1.1649,2.4245,1.3717,2.6561,1.537,1.8117,1.2745,2.0193,1.4908,2.2009,1.6745,1.3157,1.3898,1.354,1.5845,1.415,1.7638,0.9888,0.5681,1.7402,0.6052,2.0245,0.6762,2.2545,0.6843,2.2697,1.005,2.5484,1.1338,2.7809,1.2244,2.1279,1.1555,2.418,1.3618,2.6488,1.5276,1.8008,1.2693,2.01,1.4848,2.1939,1.6678,1.3067,1.3898,1.3469,1.5825,1.4086,1.7594,0.9894,0.5674,1.7349,0.6074,2.018,0.6787,2.2487,0.6884,2.267,1.0025,2.5449,1.1313,2.776,1.2226,2.1255,1.1548,2.4148,1.3583,2.6437,1.5214,1.7956,1.2669,2.0029,1.4809,2.1854,1.6623,1.3033,1.3873,1.3425,1.5789,1.4029,1.7541,0.9875,0.5685,1.7309,0.606,2.0143,0.6764,2.2461,0.6878,2.2629,0.9983,2.5414,1.1314,2.7716,1.2286,2.1189,1.1469,2.4094,1.3497,2.6385,1.513,1.7906,1.2636,2.0011,1.4782,2.1854,1.66,1.2972,1.3859,1.3372,1.5762,1.3971,1.7498,0.9877,0.5688,1.7304,0.6051,2.0134,0.6752,2.2469,0.686,2.2614,0.9964,2.5398,1.1259,2.7707,1.219,2.1168,1.1475,2.4066,1.3501,2.6342,1.5127,1.7855,1.2609,1.9955,1.4742,2.1808,1.655,1.2949,1.381,1.3352,1.5716,1.3961,1.746,0.0,0.0,0.0,0.0,0.0,0.0,0.0,0.0,0.0,0.0,0.0,0.0,0.0,0.0,0.0,0.0,0.0,0.0,0.0,0.0,0.0,0.0,0.0,0.0,0.0,0.0,0.0,0.0,0.0,0.0,0.0,0.0,0.0,0.0,0.0,0.0,0.0,0.0,0.0,0.0,0.0,0.0,0.0,0.0,0.0,0.0,0.0,0.0,0.0,0.0,0.0,0.0,0.0,0.0,0.0,0.0,0.0,0.0,0.0,0.0,0.0,0.0,0.0,0.0,0.0,0.0,0.0,0.0,0.0,0.0,0.0,0.0,0.0,0.0,0.0,0.0,0.0,0.0,0.0,0.0,0.0,0.0,0.0,0.0,0.0,0.0,0.0,0.0,0.0,0.0,0.0,0.0,0.0,0.0,0.0,0.0,0.0,0.0,0.0,0.0,0.0,0.0,0.0,0.0,0.0,0.0,0.0,0.0,0.0,0.0,0.0,0.0,0.0,0.0,0.0,0.0,0.0,0.0,0.0,0.0,0.0,0.0,0.0,0.0,0.0,0.0,0.0,0.0,False,False,False,False,False,False,right,False,False,False,True,False,True,
video 06.mp4,7008ee79247df857,37666,2500,2833,30,34,0.9875,0.5685,1.7309,0.606,2.0143,0.6764,2.2461,0.6878,2.2629,0.9983,2.5414,1.1314,2.7716,1.2286,2.1189,1.1469,2.4094,1.3497,2.6385,1.513,1.7906,1.2636,2.0011,1.4782,2.1854,1.66,1.2972,1.3859,1.3372,1.5762,1.3971,1.7498,0.9877,0.5688,1.7304,0.6051,2.0134,0.6752,2.2469,0.686,2.2614,0.9964,2.5398,1.1259,2.7707,1.219,2.1168,1.1475,2.4066,1.3501,2.6342,1.5127,1.7855,1.2609,1.9955,1.4742,2.1808,1.655,1.2949,1.381,1.3352,1.5716,1.3961,1.746,0.9905,0.57,1.7301,0.6057,2.012,0.6764,2.2436,0.6891,2.2604,0.9956,2.5385,1.1242,2.7682,1.2163,2.1185,1.1487,2.4083,1.352,2.6355,1.5148,1.787,1.2615,1.996,1.474,2.1803,1.6536,1.296,1.382,1.3357,1.5722,1.3964,1.7457,0.9933,0.569,1.7312,0.6084,2.0124,0.6771,2.2452,0.6887,2.2581,0.9925,2.5361,1.1215,2.766,1.2141,2.1187,1.1463,2.409,1.3499,2.6372,1.5133,1.7887,1.2616,1.9967,1.4749,2.1819,1.6561,1.2956,1.3792,1.3347,1.5699,1.3944,1.7447,0.9963,0.5661,1.7347,0.6113,2.0167,0.6808,2.2498,0.6907,2.2535,0.9798,2.5297,1.1046,2.7586,1.1994,2.1065,1.1043,2.3881,1.2862,2.614,1.4419,1.7873,1.2546,1.9935,1.4715,2.1805,1.6577,1.299,1.3788,1.3348,1.5709,1.392,1.7475,0.0,0.0,0.0,0.0,0.0,0.0,0.0,0.0,0.0,0.0,0.0,0.0,0.0,0.0,0.0,0.0,0.0,0.0,0.0,0.0,0.0,0.0,0.0,0.0,0.0,0.0,0.0,0.0,0.0,0.0,0.0,0.0,0.0,0.0,0.0,0.0,0.0,0.0,0.0,0.0,0.0,0.0,0.0,0.0,0.0,0.0,0.0,0.0,0.0,0.0,0.0,0.0,0.0,0.0,0.0,0.0,0.0,0.0,0.0,0.0,0.0,0.0,0.0,0.0,0.0,0.0,0.0,0.0,0.0,0.0,0.0,0.0,0.0,0.0,0.0,0.0,0.0,0.0,0.0,0.0,0.0,0.0,0.0,0.0,0.0,0.0,0.0,0.0,0.0,0.0,0.0,0.0,0.0,0.0,0.0,0.0,0.0,0.0,0.0,0.0,0.0,0.0,0.0,0.0,0.0,0.0,0.0,0.0,0.0,0.0,-0.147,-0.5066,-0.2514,-0.7677,-0.2794,-0.8606,0.0,0.0,0.0,0.0,0.0,0.0,0.0,0.0,0.0,0.0,0.0,0.0,False,False,False,False,False,False,right,False,False,False,True,False,True,
video 06.mp4,7008ee79247df857,37666,2750,3083,33,37,0.9933,0.569,1.7312,0.6084,2.0124,0.6771,2.2452,0.6887,2.2581,0.9925,2.5361,1.1215,2.766,1.2141,2.1187,1.1463,2.409,1.3499,2.6372,1.5133,1.7887,1.2616,1.9967,1.4749,2.1819,1.6561,1.2956,1.3792,1.3347,1.5699,1.3944,1.7447,0.9963,0.5661,1.7347,0.6113,2.0167,0.6808,2.2498,0.6907,2.2535,0.9798,2.5297,1.1046,2.7586,1.1994,2.1065,1.1043,2.3881,1.2862,2.614,1.4419,1.7873,1.2546,1.9935,1.4715,2.1805,1.6577,1.299,1.3788,1.3348,1.5709,1.392,1.7475,1.0004,0.5731,1.7371,0.6131,2.0182,0.678,2.2498,0.6878,2.255,0.9393,2.5298,1.0362,2.7621,1.0941,2.117,1.1214,2.398,1.316,2.624,1.4747,1.7978,1.257,2.0026,1.4677,2.1896,1.6465,1.3033,1.3848,1.3397,1.5765,1.398,1.7509,1.001,0.5789,1.7401,0.6042,2.0196,0.6675,2.2486,0.6872,2.2539,0.8933,2.5247,0.9681,2.7577,1.0056,2.1164,1.1232,2.3923,1.3283,2.6147,1.4909,1.8031,1.254,2.0097,1.4553,2.2003,1.6241,1.3052,1.3896,1.3428,1.5799,1.4018,1.7524,1.0017,0.584,1.7408,0.6076,2.0191,0.673,2.2481,0.6916,2.2518,0.8862,2.5194,0.9502,2.753,0.9737,2.1159,1.1305,2.3925,1.3445,2.6182,1.5113,1.8067,1.2554,2.0124,1.4543,2.2026,1.6203,1.3084,1.391,1.3471,1.5816,1.4078,1.753,0.0,0.0,0.0,0.0,0.0,0.0,0.0,0.0,0.0,0.0,0.0,0.0,0.0,0.0,-0.147,-0.5066,-0.2514,-0.7677,-0.2794,-0.8606,0.0,0.0,0.0,0.0,0.0,0.0,0.0,0.0,0.0,0.0,0.0,0.0,0.0,0.0,0.0,0.0,0.0,0.0,0.0,0.0,0.018,-0.4885,0.0004,-0.8245,0.0414,-1.2685,0.0,0.0,0.0,0.0,0.12,0.3956,0.0,0.0,0.0,0.0,0.0,0.0,0.0,0.0,0.0,0.0,0.0,0.0,0.0,0.0,0.0,0.0,0.0,0.0,0.0,0.0,-0.0128,-0.5476,-0.0601,-0.8107,-0.0519,-1.0531,0.0,0.0,0.0,0.0,0.0,0.0,0.0,0.0,0.0,0.0,0.0,0.0,0.0,0.0,0.0,0.0,0.0,0.0,0.0,0.0,0.0,0.0,0.0,0.0,0.0,0.0,0.0,0.0,0.0,0.0,0.0,0.0,0.0,0.0,0.0,0.0,0.0,0.0,0.0,0.0,0.0,0.0,0.0,0.0,0.0,0.0,0.0,0.0,0.0,0.0,False,False,True,False,False,False,right,False,False,False,True,False,True,
video 06.mp4,7008ee79247df857,37666,3000,3333,36,40,1.001,0.5789,1.7401,0.6042,2.0196,0.6675,2.2486,0.6872,2.2539,0.8933,2.5247,0.9681,2.7577,1.0056,2.1164,1.1232,2.3923,1.3283,2.6147,1.4909,1.8031,1.254,2.0097,1.4553,2.2003,1.6241,1.3052,1.3896,1.3428,1.5799,1.4018,1.7524,1.0017,0.584,1.7408,0.6076,2.0191,0.673,2.2481,0.6916,2.2518,0.8862,2.5194,0.9502,2.753,0.9737,2.1159,1.1305,2.3925,1.3445,2.6182,1.5113,1.8067,1.2554,2.0124,1.4543,2.2026,1.6203,1.3084,1.391,1.3471,1.5816,1.4078,1.753,0.997,0.5847,1.7359,0.5936,2.0125,0.6599,2.2371,0.6866,2.247,0.8512,2.5115,0.9112,2.7427,0.9409,2.1115,1.1233,2.3883,1.3376,2.6158,1.5036,1.8055,1.2495,2.0149,1.4394,2.2092,1.5961,1.3046,1.3934,1.3444,1.5821,1.4073,1.7516,0.9957,0.5864,1.7368,0.5992,2.0145,0.6655,2.2429,0.6873,2.2422,0.8588,2.507,0.9192,2.7389,0.9458,2.1062,1.1262,2.3851,1.3435,2.6154,1.5119,1.8058,1.252,2.0137,1.443,2.2061,1.6006,1.303,1.3933,1.3422,1.5818,1.4045,1.75,0.9951,0.5867,1.7323,0.5921,2.0087,0.6592,2.2339,0.6848,2.2412,0.8479,2.5039,0.9128,2.7326,0.9488,2.1045,1.1205,2.3835,1.3374,2.6138,1.5049,1.8036,1.2488,2.0128,1.4355,2.2064,1.5891,1.3006,1.3958,1.3401,1.5825,1.4027,1.7492,0.0,0.0,0.0,0.0,0.0,0.0,0.0,0.0,0.0,0.0,0.0,0.0,0.0,0.0,0.0,0.0,0.0,0.0,0.0,0.0,0.0,0.0,0.0,0.0,0.0,0.0,0.0,0.0,0.0,0.0,0.0,0.0,0.0,0.0,0.0,0.0,0.0,0.0,0.0,0.0,-0.0581,-0.4226,-0.0955,-0.4707,-0.1249,-0.396,0.0,0.0,0.0,0.0,0.0,0.0,0.0,0.0,0.0,0.0,0.0,0.0,0.0,0.0,0.0,0.0,0.0,0.0,0.0,0.0,0.0,0.0,0.0,0.0,0.0,0.0,0.0,0.0,0.0,0.0,0.0,0.0,0.0,0.0,0.0,0.0,0.0,0.0,0.0,0.0,0.0,0.0,0.0,0.0,0.0,0.0,0.0,0.0,0.0,0.0,0.0,0.0,0.0,0.0,0.0,0.0,0.0,0.0,0.0,0.0,0.0,0.0,0.0,0.0,0.0,0.0,0.0,0.0,0.0,0.0,0.0,0.0,0.0,0.0,0.0,0.0,0.0,0.0,0.0,0.0,0.0,0.0,False,False,False,False,False,False,right,False,False,False,True,False,True,
video 06.mp4,7008ee79247df857,37666,3250,3583,39,43,0.9957,0.5864,1.7368,0.5992,2.0145,0.6655,2.2429,0.6873,2.2422,0.8588,2.507,0.9192,2.7389,0.9458,2.1062,1.1262,2.3851,1.3435,2.6154,1.5119,1.8058,1.252,2.0137,1.443,2.2061,1.6006,1.303,1.3933,1.3422,1.5818,1.4045,1.75,0.9951,0.5867,1.7323,0.5921,2.0087,0.6592,2.2339,0.6848,2.2412,0.8479,2.5039,0.9128,2.7326,0.9488,2.1045,1.1205,2.3835,1.3374,2.6138,1.5049,1.8036,1.2488,2.0128,1.4355,2.2064,1.5891,1.3006,1.3958,1.3401,1.5825,1.4027,1.7492,1.0084,0.5874,1.7395,0.6025,2.0146,0.6672,2.2497,0.6872,2.2546,0.9447,2.5282,1.0511,2.763,1.1214,2.114,1.1397,2.3959,1.3519,2.6264,1.5202,1.8006,1.2505,2.0076,1.4481,2.1986,1.6171,1.2995,1.3831,1.3383,1.5713,1.4015,1.7417,1.008,0.583,1.7365,0.6097,2.0155,0.6765,2.2515,0.6889,2.2601,0.9744,2.5395,1.0967,2.7756,1.1828,2.1218,1.1383,2.4062,1.347,2.6341,1.5134,1.8031,1.2531,2.0107,1.4623,2.1985,1.6432,1.3034,1.3781,1.34,1.5695,1.4008,1.7429,1.0089,0.5803,1.737,0.6152,2.0157,0.6832,2.2484,0.6958,2.2633,0.9884,2.5418,1.1121,2.7767,1.1975,2.1284,1.1437,2.4138,1.3509,2.6418,1.5163,1.8055,1.2551,2.0114,1.4703,2.1981,1.6558,1.3062,1.3741,1.3415,1.5682,1.4006,1.7446,0.0,0.0,0.0,0.0,0.0,0.0,0.0,0.0,0.0,0.0,0.0,0.0,0.0,0.0,0.0,0.0,0.0,0.0,0.0,0.0,0.0,0.0,0.0,0.0,0.0,0.0,0.0,0.0,0.0,0.0,0.0,0.0,0.0,0.0,0.0,0.0,0.0,0.0,0.0,0.0,0.1614,1.1661,0.292,1.6657,0.3665,2.0789,0.0,0.0,0.0,0.0,0.0,0.0,0.0,0.0,0.0,0.0,0.0,0.0,0.0,0.0,0.0,0.0,0.0,0.0,0.0,0.0,0.0,0.0,0.0,0.0,0.0,0.0,0.0,0.0,0.1352,0.5425,0.1501,0.7308,0.0,0.0,0.0,0.0,0.0,0.0,0.0,0.0,0.0,0.0,0.0,0.0,0.0,0.0,0.0,0.0,0.0,0.0,0.0,0.0,0.0,0.0,0.0,0.0,0.0,0.0,0.0,0.0,0.0,0.0,0.0,0.0,0.0,0.0,0.0,0.0,0.0,0.0,0.0,0.0,0.0,0.0,0.0,0.0,0.0,0.0,0.0,0.0,0.0,0.0,False,True,False,False,False,False,right,False,False,False,True,False,True,
video 06.mp4,7008ee79247df857,37666,3500,3833,42,46,1.008,0.583,1.7365,0.6097,2.0155,0.6765,2.2515,0.6889,2.2601,0.9744,2.5395,1.0967,2.7756,1.1828,2.1218,1.1383,2.4062,1.347,2.6341,1.5134,1.8031,1.2531,2.0107,1.4623,2.1985,1.6432,1.3034,1.3781,1.34,1.5695,1.4008,1.7429,1.0089,0.5803,1.737,0.6152,2.0157,0.6832,2.2484,0.6958,2.2633,0.9884,2.5418,1.1121,2.7767,1.1975,2.1284,1.1437,2.4138,1.3509,2.6418,1.5163,1.8055,1.2551,2.0114,1.4703,2.1981,1.6558,1.3062,1.3741,1.3415,1.5682,1.4006,1.7446,1.0091,0.5796,1.7361,0.6171,2.0136,0.683,2.2433,0.697,2.2644,0.992,2.5432,1.1165,2.7778,1.2036,2.1321,1.1455,2.4183,1.3523,2.646,1.5176,1.8077,1.2579,2.0135,1.4752,2.1996,1.6617,1.3078,1.3729,1.3429,1.5672,1.4016,1.7448,1.0097,0.5809,1.7359,0.617,2.0127,0.6826,2.2424,0.6977,2.2687,0.9923,2.5487,1.1134,2.7844,1.1969,2.1366,1.1467,2.4228,1.3532,2.65,1.5189,1.8109,1.26,2.0157,1.4788,2.2007,1.6665,1.31,1.376,1.345,1.5695,1.4038,1.7476,1.0114,0.5759,1.7443,0.6211,2.0204,0.6852,2.2503,0.6994,2.2715,0.9943,2.5536,1.1125,2.7918,1.1931,2.1378,1.1442,2.4266,1.3501,2.6598,1.5171,1.8097,1.2587,2.0141,1.4787,2.2015,1.6686,1.3104,1.3707,1.3437,1.5663,1.4019,1.7474,0.0,0.0,0.0,0.0,0.0,0.0,0.0,0.0,0.0,0.0,0.0,0.0,0.0,0.0,0.0,0.0,0.0,0.0,0.0,0.0,0.0,0.0,0.0,0.0,0.0,0.0,0.0,0.0,0.0,0.0,0.0,0.0,0.0,0.0,0.0,0.0,0.0,0.0,0.0,0.0,0.0,0.0,0.0,0.0,0.0,0.0,0.0,0.0,0.0,0.0,0.0,0.0,0.0,0.0,0.0,0.0,0.0,0.0,0.0,0.0,0.0,0.0,0.0,0.0,0.0,0.0,0.0,0.0,0.0,0.0,0.0,0.0,0.0,0.0,0.0,0.0,0.0,0.0,0.0,0.0,0.0,0.0,0.0,0.0,0.0,0.0,0.0,0.0,0.0,0.0,0.0,0.0,0.0,0.0,0.0,0.0,0.0,0.0,0.0,0.0,0.0,0.0,0.0,0.0,0.0,0.0,0.0,0.0,0.0,0.0,0.0,0.0,0.0,0.0,0.0,0.0,0.0,0.0,0.0,0.0,0.0,0.0,0.0,0.0,0.0,0.0,0.0,0.0,False,False,False,False,False,False,right,False,False,False,True,False,True,
video 06.mp4,7008ee79247df857,37666,3750,4083,45,49,1.0097,0.5809,1.7359,0.617,2.0127,0.6826,2.2424,0.6977,2.2687,0.9923,2.5487,1.1134,2.7844,1.1969,2.1366,1.1467,2.4228,1.3532,2.65,1.5189,1.8109,1.26,2.0157,1.4788,2.2007,1.6665,1.31,1.376,1.345,1.5695,1.4038,1.7476,1.0114,0.5759,1.7443,0.6211,2.0204,0.6852,2.2503,0.6994,2.2715,0.9943,2.5536,1.1125,2.7918,1.1931,2.1378,1.1442,2.4266,1.3501,2.6598,1.5171,1.8097,1.2587,2.0141,1.4787,2.2015,1.6686,1.3104,1.3707,1.3437,1.5663,1.4019,1.7474,1.0119,0.5756,1.7459,0.6242,2.024,0.6884,2.2529,0.7115,2.2704,0.9658,2.5549,1.0815,2.7947,1.1652,2.1321,1.0754,2.4262,1.2328,2.6749,1.3582,1.8038,1.2564,2.0042,1.4812,2.1976,1.6709,1.3183,1.3759,1.3487,1.5727,1.4054,1.7527,1.0212,0.5828,1.7569,0.6292,2.033,0.6962,2.2636,0.725,2.2724,0.9564,2.5592,1.0678,2.8045,1.1501,2.1327,1.0511,2.4378,1.1901,2.7053,1.3046,1.8015,1.2605,1.998,1.4841,2.192,1.6714,1.3243,1.3805,1.3534,1.5753,1.4113,1.7541,1.0316,0.5839,1.7646,0.629,2.0413,0.6924,2.2776,0.7201,2.2767,0.9603,2.5659,1.0712,2.8138,1.1519,2.1362,1.0492,2.4483,1.1865,2.7209,1.2997,1.8027,1.2624,2.0005,1.4869,2.1953,1.6727,1.3277,1.3874,1.3554,1.584,1.412,1.7619,0.0,0.0,0.0,0.0,0.0,0.0,0.0,0.0,0.0,0.0,0.0,0.0,0.0,0.0,0.0,0.0,0.0,0.0,0.0,0.0,0.0,0.0,0.0,0.0,0.0,0.0,0.0,0.0,0.0,0.0,0.0,0.0,0.0,0.0,0.0,0.0,0.0,0.0,0.0,0.0,0.0,0.0,0.0,0.0,0.0,0.0,-0.0693,-0.8292,-0.0055,-1.4128,0.1823,-1.9155,0.0,0.0,0.0,0.0,0.0,0.0,0.0,0.0,0.0,0.0,0.0,0.0,0.0,0.0,0.0,0.0,0.0,0.0,0.0,0.0,0.0,0.0,0.0,0.0,0.0,0.0,0.0,0.0,0.1381,-0.5088,0.362,-0.6377,0.0,0.0,0.0,0.0,0.0,0.0,0.0,0.0,0.0,0.0,0.0,0.0,0.0,0.0,0.0,0.0,0.0,0.0,0.0,0.0,0.0,0.0,0.0,0.0,0.0,0.0,0.0,0.0,0.0,0.0,0.0,0.0,0.0,0.0,0.0,0.0,0.0,0.0,0.0,0.0,0.0,0.0,0.0,0.0,False,False,False,False,False,False,right,False,False,False,True,False,True,
video 06.mp4,7008ee79247df857,37666,4000,4333,48,52,1.0212,0.5828,1.7569,0.6292,2.033,0.6962,2.2636,0.725,2.2724,0.9564,2.5592,1.0678,2.8045,1.1501,2.1327,1.0511,2.4378,1.1901,2.7053,1.3046,1.8015,1.2605,1.998,1.4841,2.192,1.6714,1.3243,1.3805,1.3534,1.5753,1.4113,1.7541,1.0316,0.5839,1.7646,0.629,2.0413,0.6924,2.2776,0.7201,2.2767,0.9603,2.5659,1.0712,2.8138,1.1519,2.1362,1.0492,2.4483,1.1865,2.7209,1.2997,1.8027,1.2624,2.0005,1.4869,2.1953,1.6727,1.3277,1.3874,1.3554,1.584,1.412,1.7619,1.0414,0.589,1.7763,0.6307,2.0537,0.6903,2.2971,0.7122,2.2911,0.9902,2.579,1.1022,2.8251,1.1778,2.1544,1.1182,2.4578,1.3107,2.7138,1.4751,1.8172,1.2673,2.0204,1.4896,2.2148,1.6775,1.3273,1.3866,1.3565,1.5856,1.4146,1.7661,1.035,0.5923,1.7686,0.6306,2.0465,0.6951,2.2859,0.7137,2.2955,0.9991,2.5811,1.1174,2.8242,1.1963,2.162,1.1431,2.4607,1.3479,2.7072,1.5125,1.8271,1.2716,2.0348,1.4946,2.2253,1.6832,1.3279,1.3897,1.3615,1.5879,1.4229,1.7682,1.0324,0.5919,1.7626,0.6311,2.0413,0.6929,2.2782,0.7089,2.299,1.0048,2.5851,1.1253,2.8272,1.2071,2.1694,1.1553,2.4663,1.3597,2.7075,1.5218,1.8341,1.2764,2.0399,1.5002,2.2278,1.6891,1.3297,1.3904,1.3631,1.5897,1.4217,1.771,0.0,0.0,0.0,0.0,0.0,0.0,0.0,0.0,0.0,0.0,0.0,0.0,0.0,0.0,0.0,0.0,0.0,0.0,0.0,0.0,0.0,0.0,0.0,0.0,0.0,0.0,0.0,0.0,0.0,0.0,0.0,0.0,0.0,0.0,0.0,0.0,0.0,0.0,0.0,0.0,0.1742,0.361,0.1582,0.3737,0.0,0.0,0.2204,0.8309,0.1136,1.4965,-0.0854,2.1133,0.0,0.0,0.0,0.0,0.0,0.0,0.0,0.0,0.0,0.0,0.0,0.0,0.0,0.0,0.0,0.0,0.0,0.0,0.0,0.0,0.0,0.0,0.0,0.0,0.0,0.0,0.0,0.0,0.0354,0.4427,-0.0781,0.4451,0.0,0.0,0.0,0.0,0.0,0.0,0.0,0.0,0.0,0.0,0.0,0.0,0.0,0.0,0.0,0.0,0.0,0.0,0.0,0.0,0.0,0.0,0.0,0.0,0.0,0.0,0.0,0.0,0.0,0.0,0.0,0.0,0.0,0.0,0.0,0.0,0.0,0.0,0.0,0.0,0.0,0.0,0.0,0.0,False,False,True,False,False,False,right,False,False,False,True,False,True,
video 06.mp4,7008ee79247df857,37666,4250,4583,51,55,1.035,0.5923,1.7686,0.6306,2.0465,0.6951,2.2859,0.7137,2.2955,0.9991,2.5811,1.1174,2.8242,1.1963,2.162,1.1431,2.4607,1.3479,2.7072,1.5125,1.8271,1.2716,2.0348,1.4946,2.2253,1.6832,1.3279,1.3897,1.3615,1.5879,1.4229,1.7682,1.0324,0.5919,1.7626,0.6311,2.0413,0.6929,2.2782,0.7089,2.299,1.0048,2.5851,1.1253,2.8272,1.2071,2.1694,1.1553,2.4663,1.3597,2.7075,1.5218,1.8341,1.2764,2.0399,1.5002,2.2278,1.6891,1.3297,1.3904,1.3631,1.5897,1.4217,1.771,1.0318,0.5913,1.7635,0.6304,2.0422,0.6928,2.2764,0.7074,2.3024,1.0081,2.5868,1.1297,2.8283,1.2128,2.17,1.1578,2.4646,1.3625,2.7023,1.5251,1.834,1.2759,2.0402,1.5003,2.2273,1.69,1.3298,1.3894,1.3638,1.589,1.4211,1.7706,1.0242,0.5881,1.7609,0.6244,2.0385,0.6875,2.2716,0.7102,2.298,1.0078,2.5824,1.1306,2.821,1.2132,2.1647,1.1629,2.4601,1.3737,2.6953,1.5412,1.8355,1.2757,2.0556,1.5087,2.2586,1.7079,1.3265,1.3823,1.3628,1.5811,1.4209,1.7623,1.023,0.5802,1.7663,0.6183,2.0414,0.6839,2.2795,0.7113,2.3032,1.0087,2.5833,1.1286,2.8206,1.2145,2.1566,1.1606,2.4488,1.3715,2.6834,1.5446,1.8095,1.2288,2.0281,1.4228,2.2292,1.5898,1.329,1.3785,1.3606,1.5782,1.4182,1.7577,0.0,0.0,0.0,0.0,0.0,0.0,0.0,0.0,0.0,0.0,0.0,0.0,0.0,0.0,0.0,0.0,0.0,0.0,0.0,0.0,0.0,0.0,0.0,0.0,0.0,0.0,0.0,0.0,0.0,0.0,0.0,0.0,0.0,0.0,0.0,0.0,0.0,0.0,0.0,0.0,0.0,0.0,0.0,0.0,0.0,0.0,0.0,0.0,0.0,0.0,0.0,0.0,0.0,0.0,0.0,0.0,0.0,0.0,0.0,0.0,0.0,0.0,0.0,0.0,0.0,0.0,0.0,0.0,0.0,0.0,0.0,0.0,0.0,0.0,0.0,0.0,0.0,0.0,0.0,0.0,0.0,0.0,0.0,0.0,0.0,0.0,0.0,0.0,0.3727,0.2129,0.0,0.0,0.0,0.0,0.0,0.0,0.0,0.0,0.0,0.0,0.0,0.0,0.0,0.0,0.0,0.0,0.0,0.0,0.0,0.0,0.0,0.0,0.0,0.0,0.0,0.0,-0.3142,-0.5655,-0.3309,-1.0352,-0.3543,-1.4231,0.0,0.0,0.0,0.0,0.0,0.0,False,False,False,False,False,False,right,False,False,False,True,False,True,
video 06.mp4,7008ee79247df857,37666,4500,4833,54,58,1.0242,0.5881,1.7609,0.6244,2.0385,0.6875,2.2716,0.7102,2.298,1.0078,2.5824,1.1306,2.821,1.2132,2.1647,1.1629,2.4601,1.3737,2.6953,1.5412,1.8355,1.2757,2.0556,1.5087,2.2586,1.7079,1.3265,1.3823,1.3628,1.5811,1.4209,1.7623,1.023,0.5802,1.7663,0.6183,2.0414,0.6839,2.2795,0.7113,2.3032,1.0087,2.5833,1.1286,2.8206,1.2145,2.1566,1.1606,2.4488,1.3715,2.6834,1.5446,1.8095,1.2288,2.0281,1.4228,2.2292,1.5898,1.329,1.3785,1.3606,1.5782,1.4182,1.7577,1.0175,0.5756,1.7668,0.6131,2.0401,0.6819,2.2807,0.7144,2.3037,1.0151,2.5834,1.1342,2.8214,1.2215,2.1502,1.1618,2.4432,1.371,2.6792,1.5437,1.7923,1.2086,2.0124,1.3883,2.2133,1.5433,1.33,1.3743,1.3588,1.5754,1.4156,1.7537,1.014,0.5716,1.7647,0.6142,2.0358,0.6832,2.2772,0.7174,2.301,1.0191,2.5806,1.1386,2.8192,1.226,2.1462,1.1628,2.4386,1.371,2.676,1.542,1.7869,1.204,2.0069,1.3856,2.2085,1.5436,1.3272,1.3659,1.3567,1.5668,1.4143,1.7466,1.0127,0.5748,1.7623,0.6173,2.0341,0.6847,2.271,0.7214,2.2955,1.0165,2.5766,1.1363,2.8149,1.2181,2.1509,1.1601,2.4438,1.3688,2.6791,1.5366,1.806,1.233,2.0285,1.4578,2.231,1.6583,1.3199,1.361,1.3547,1.5639,1.4134,1.7492,0.0,0.0,0.0,0.0,0.0,0.0,0.0,0.0,0.0,0.0,0.0,0.0,0.0,0.0,0.0,0.0,0.0,0.0,0.0,0.0,-0.3142,-0.5655,-0.3309,-1.0352,-0.3543,-1.4231,0.0,0.0,0.0,0.0,0.0,0.0,0.0,0.0,0.0,0.0,0.0,0.0,0.0,0.0,0.0,0.0,0.0,0.0,0.0,0.0,0.0,0.0,0.0,0.0,0.0,0.0,0.0,0.0,-0.1897,-0.4161,-0.1907,-0.56,0.0,0.0,0.0,0.0,0.0,0.0,0.0,0.0,0.0,0.0,0.0,0.0,0.0,0.0,0.0,0.0,0.0,0.0,0.0,0.0,0.0,0.0,0.0,0.0,0.0,0.0,0.0,0.0,0.0,0.0,0.0,0.0,0.0,0.0,0.0,0.0,0.0,0.0,0.0,0.0,0.0,0.0,0.0,0.0,0.0,0.0,0.0,0.0,0.0,0.0,0.0,0.0,0.0,0.0,0.0,0.0,0.0,0.0,0.2295,0.3485,0.2596,0.87,0.2712,1.3813,0.0,0.0,0.0,0.0,0.0,0.0,False,False,False,False,False,False,right,False,False,False,True,False,True,
video 06.mp4,7008ee79247df857,37666,4750,5083,57,61,1.014,0.5716,1.7647,0.6142,2.0358,0.6832,2.2772,0.7174,2.301,1.0191,2.5806,1.1386,2.8192,1.226,2.1462,1.1628,2.4386,1.371,2.676,1.542,1.7869,1.204,2.0069,1.3856,2.2085,1.5436,1.3272,1.3659,1.3567,1.5668,1.4143,1.7466,1.0127,0.5748,1.7623,0.6173,2.0341,0.6847,2.271,0.7214,2.2955,1.0165,2.5766,1.1363,2.8149,1.2181,2.1509,1.1601,2.4438,1.3688,2.6791,1.5366,1.806,1.233,2.0285,1.4578,2.231,1.6583,1.3199,1.361,1.3547,1.5639,1.4134,1.7492,1.0181,0.5849,1.7647,0.6233,2.0369,0.6932,2.2706,0.7258,2.2944,1.0144,2.5737,1.1354,2.8108,1.2155,2.1522,1.157,2.4463,1.3655,2.6822,1.5307,1.8081,1.2468,2.0261,1.474,2.2218,1.6697,1.3199,1.3701,1.355,1.573,1.4152,1.7578,1.0152,0.5868,1.7621,0.6238,2.0369,0.6892,2.271,0.7139,2.2889,1.0092,2.5695,1.1323,2.8075,1.2127,2.1505,1.1523,2.4439,1.3626,2.68,1.5282,1.8132,1.2561,2.0251,1.4835,2.2176,1.6756,1.3169,1.3749,1.3509,1.5774,1.4111,1.7612,1.0177,0.5869,1.7656,0.626,2.0379,0.6918,2.2685,0.717,2.2874,1.0104,2.5672,1.1319,2.8063,1.2105,2.1481,1.1544,2.4413,1.3635,2.6783,1.5277,1.8135,1.2596,2.0221,1.4835,2.212,1.6725,1.3162,1.3726,1.3517,1.5741,1.4134,1.7568,0.0,0.0,0.0,0.0,0.0,0.0,0.0,0.0,0.0,0.0,0.0,0.0,0.0,0.0,0.0,0.0,0.0,0.0,0.0,0.0,0.2295,0.3485,0.2596,0.87,0.2712,1.3813,0.0,0.0,0.0,0.0,0.0,0.0,0.0,0.0,0.0,0.0,0.0,0.0,0.0,0.0,0.0,0.0,0.0,0.0,0.0,0.0,0.0,0.0,0.0,0.0,0.0,0.0,0.0,0.0,0.0,0.0,0.0,0.0,0.0,0.0,0.0,0.0,0.0,0.0,0.0,0.0,0.0,0.0,0.0,0.0,0.0,0.0,0.0,0.0,0.0,0.0,0.0,0.0,0.0,0.0,0.0,0.0,0.0,0.0,0.0,0.0,0.0,0.0,0.0,0.0,0.0,0.0,0.0,0.0,0.0,0.0,0.0,0.0,0.0,0.0,0.0,0.0,0.0,0.0,0.0,0.0,0.0,0.0,0.0,0.0,0.0,0.0,0.0,0.0,0.0,0.0,0.0,0.0,0.0,0.0,0.0,0.0,0.0,0.0,0.0,0.0,0.0,0.0,False,False,False,True,False,False,right,False,False,False,True,False,True,
video 06.mp4,7008ee79247df857,37666,5000,5333,60,64,1.0152,0.5868,1.7621,0.6238,2.0369,0.6892,2.271,0.7139,2.2889,1.0092,2.5695,1.1323,2.8075,1.2127,2.1505,1.1523,2.4439,1.3626,2.68,1.5282,1.8132,1.2561,2.0251,1.4835,2.2176,1.6756,1.3169,1.3749,1.3509,1.5774,1.4111,1.7612,1.0177,0.5869,1.7656,0.626,2.0379,0.6918,2.2685,0.717,2.2874,1.0104,2.5672,1.1319,2.8063,1.2105,2.1481,1.1544,2.4413,1.3635,2.6783,1.5277,1.8135,1.2596,2.0221,1.4835,2.212,1.6725,1.3162,1.3726,1.3517,1.5741,1.4134,1.7568,1.02,0.5868,1.7651,0.6274,2.0368,0.691,2.2692,0.7138,2.2868,1.0112,2.5646,1.1322,2.8025,1.2105,2.1479,1.152,2.4403,1.3606,2.6777,1.525,1.8138,1.2574,2.0217,1.4826,2.2122,1.672,1.3151,1.3696,1.35,1.5727,1.4119,1.7562,1.014,0.5829,1.7601,0.6287,2.032,0.6969,2.2603,0.7224,2.2771,0.994,2.5547,1.1149,2.792,1.1943,2.1394,1.141,2.4284,1.352,2.6628,1.5177,1.8102,1.2532,2.0175,1.4783,2.2079,1.6674,1.312,1.3679,1.3477,1.5703,1.4088,1.7534,1.008,0.5874,1.7534,0.6275,2.0321,0.6922,2.2647,0.7112,2.2734,0.9578,2.5531,1.0559,2.7923,1.1134,2.1379,1.1365,2.4214,1.3455,2.6512,1.5096,1.817,1.2579,2.0227,1.4811,2.2126,1.6689,1.3154,1.3736,1.3515,1.5744,1.4114,1.7563,0.0,0.0,0.0,0.0,0.0,0.0,0.0,0.0,0.0,0.0,0.0,0.0,0.0,0.0,0.0,0.0,0.0,0.0,0.0,0.0,0.0,0.0,0.0,0.0,0.0,0.0,0.0,0.0,0.0,0.0,0.0,0.0,0.0,0.0,0.0,0.0,0.0,0.0,0.0,0.0,0.0,0.0,0.0,0.0,0.0,0.0,0.0,0.0,0.0,0.0,0.0,0.0,0.0,0.0,0.0,0.0,0.0,0.0,0.0,0.0,0.0,0.0,0.0,0.0,0.0,0.0,0.0,0.0,0.0,0.0,0.0,0.0,0.0,0.0,0.0,0.0,0.0,0.0,0.0,0.0,0.0,0.0,0.0,0.0,0.0,0.0,0.0,0.0,0.0,0.0,0.0,0.0,0.0,0.0,0.0,0.0,0.0,0.0,0.0,0.0,0.0,0.0,0.0,0.0,-0.0436,-0.436,-0.0184,-0.711,0.0035,-0.9745,0.0,0.0,0.0,0.0,0.0,0.0,0.0,0.0,0.0,0.0,0.0,0.0,0.0,0.0,0.0,0.0,0.0,0.0,False,False,False,False,False,False,right,False,False,False,True,False,True,
video 06.mp4,7008ee79247df857,37666,5250,5583,63,67,1.014,0.5829,1.7601,0.6287,2.032,0.6969,2.2603,0.7224,2.2771,0.994,2.5547,1.1149,2.792,1.1943,2.1394,1.141,2.4284,1.352,2.6628,1.5177,1.8102,1.2532,2.0175,1.4783,2.2079,1.6674,1.312,1.3679,1.3477,1.5703,1.4088,1.7534,1.008,0.5874,1.7534,0.6275,2.0321,0.6922,2.2647,0.7112,2.2734,0.9578,2.5531,1.0559,2.7923,1.1134,2.1379,1.1365,2.4214,1.3455,2.6512,1.5096,1.817,1.2579,2.0227,1.4811,2.2126,1.6689,1.3154,1.3736,1.3515,1.5744,1.4114,1.7563,1.0013,0.5912,1.7512,0.6235,2.028,0.684,2.2598,0.7071,2.2649,0.8933,2.539,0.951,2.7774,0.9694,2.136,1.1333,2.4203,1.3467,2.6563,1.5133,1.8176,1.2523,2.0266,1.4639,2.2227,1.6398,1.3225,1.3797,1.3586,1.5783,1.419,1.7584,1.0058,0.594,1.755,0.6248,2.0311,0.6901,2.2638,0.7131,2.2642,0.886,2.5381,0.9407,2.7795,0.9511,2.1314,1.1367,2.4152,1.3541,2.6536,1.5229,1.8224,1.2576,2.0301,1.4654,2.2235,1.6363,1.3251,1.3883,1.3613,1.5853,1.4206,1.7617,1.008,0.5966,1.7553,0.6217,2.0347,0.6849,2.2674,0.7068,2.2607,0.8842,2.5311,0.9498,2.7702,0.9738,2.1341,1.1378,2.4174,1.3559,2.6553,1.5241,1.8263,1.263,2.0333,1.468,2.2256,1.638,1.3253,1.3938,1.3623,1.5896,1.4214,1.7657,0.0,0.0,0.0,0.0,0.0,0.0,0.0,0.0,-0.0436,-0.436,-0.0184,-0.711,0.0035,-0.9745,0.0,0.0,0.0,0.0,0.0,0.0,0.0,0.0,0.0,0.0,0.0,0.0,0.0,0.0,0.0,0.0,0.0,0.0,0.0,0.0,0.0,0.0,0.0,0.0,0.0,0.0,-0.103,-0.7766,-0.1705,-1.2637,-0.1795,-1.7356,0.0,0.0,0.0,0.0,0.0,0.0,0.0,0.0,0.0,0.0,0.0,0.0,0.0,0.0,0.0,0.0,0.0,0.0,0.0,0.0,0.0,0.0,0.0,0.0,0.0,0.0,0.0,0.0,0.0,0.0,0.0,0.0,0.0,0.0,0.0,0.0,0.0,0.0,0.0,0.0,0.0,0.0,0.0,0.0,0.0,0.0,0.0,0.0,0.0,0.0,0.0,0.0,0.0,0.0,0.0,0.0,0.0,0.0,0.0,0.0,0.0,0.0,0.0,0.0,0.0,0.0,0.0,0.0,0.0,0.0,0.0,0.0,0.0,0.0,0.0,0.0,0.0,0.0,0.0,0.0,0.0,0.0,False,False,False,False,False,False,right,False,False,False,True,False,True,
video 06.mp4,7008ee79247df857,37666,5500,5833,66,70,1.0058,0.594,1.755,0.6248,2.0311,0.6901,2.2638,0.7131,2.2642,0.886,2.5381,0.9407,2.7795,0.9511,2.1314,1.1367,2.4152,1.3541,2.6536,1.5229,1.8224,1.2576,2.0301,1.4654,2.2235,1.6363,1.3251,1.3883,1.3613,1.5853,1.4206,1.7617,1.008,0.5966,1.7553,0.6217,2.0347,0.6849,2.2674,0.7068,2.2607,0.8842,2.5311,0.9498,2.7702,0.9738,2.1341,1.1378,2.4174,1.3559,2.6553,1.5241,1.8263,1.263,2.0333,1.468,2.2256,1.638,1.3253,1.3938,1.3623,1.5896,1.4214,1.7657,1.0186,0.5967,1.7618,0.6232,2.0414,0.6849,2.2783,0.7092,2.2663,0.9561,2.5389,1.0829,2.7754,1.1765,2.1407,1.1454,2.4298,1.3635,2.6695,1.5372,1.8242,1.2607,2.0321,1.4722,2.224,1.6493,1.3207,1.3898,1.3588,1.5849,1.4198,1.7599,1.021,0.5911,1.7651,0.6258,2.0452,0.6879,2.2837,0.7066,2.2746,0.9857,2.5473,1.1293,2.781,1.2407,2.1467,1.1429,2.4393,1.358,2.6781,1.5321,1.8185,1.2571,2.0289,1.4741,2.2186,1.658,1.3193,1.3855,1.357,1.5817,1.417,1.759,1.0176,0.5877,1.7635,0.6287,2.0441,0.6919,2.2818,0.7058,2.2759,0.9958,2.5477,1.1464,2.7794,1.2624,2.1456,1.1386,2.4392,1.3535,2.6774,1.5283,1.8159,1.2537,2.0298,1.4748,2.221,1.6616,1.3185,1.3819,1.3562,1.5795,1.4155,1.7587,0.0,0.0,0.0,0.0,0.0,0.0,0.0,0.0,0.0,0.0,0.0,0.0,0.0,0.0,0.0,0.0,0.0,0.0,0.0,0.0,0.0,0.0,0.0,0.0,0.0,0.0,0.0,0.0,0.0,0.0,0.0,0.0,0.0,0.0,0.0,0.0,0.0,0.0,0.0,0.0,0.0667,0.8659,0.0948,1.6029,0.0632,2.4414,0.0,0.0,0.0,0.0,0.0,0.0,0.0,0.0,0.0,0.0,0.0,0.0,0.0,0.0,0.0,0.0,0.0,0.0,0.0,0.0,0.0,0.0,0.0,0.0,0.0,0.0,0.0,0.0,0.0997,0.5527,0.0669,0.7646,0.0,0.0,0.0,0.0,0.0,0.0,0.0,0.0,0.0,0.0,0.0,0.0,0.0,0.0,0.0,0.0,0.0,0.0,0.0,0.0,0.0,0.0,0.0,0.0,0.0,0.0,0.0,0.0,0.0,0.0,0.0,0.0,0.0,0.0,0.0,0.0,0.0,0.0,0.0,0.0,0.0,0.0,0.0,0.0,0.0,0.0,0.0,0.0,0.0,0.0,False,True,False,False,False,False,right,False,False,False,True,False,True,
video 06.mp4,7008ee79247df857,37666,5750,6083,69,73,1.021,0.5911,1.7651,0.6258,2.0452,0.6879,2.2837,0.7066,2.2746,0.9857,2.5473,1.1293,2.781,1.2407,2.1467,1.1429,2.4393,1.358,2.6781,1.5321,1.8185,1.2571,2.0289,1.4741,2.2186,1.658,1.3193,1.3855,1.357,1.5817,1.417,1.759,1.0176,0.5877,1.7635,0.6287,2.0441,0.6919,2.2818,0.7058,2.2759,0.9958,2.5477,1.1464,2.7794,1.2624,2.1456,1.1386,2.4392,1.3535,2.6774,1.5283,1.8159,1.2537,2.0298,1.4748,2.221,1.6616,1.3185,1.3819,1.3562,1.5795,1.4155,1.7587,1.0153,0.5866,1.7625,0.6274,2.0425,0.6916,2.2767,0.7043,2.2752,0.9964,2.5451,1.1472,2.7729,1.2636,2.1431,1.1359,2.4356,1.3512,2.6714,1.5271,1.8155,1.2536,2.0288,1.4758,2.2198,1.6642,1.3188,1.3792,1.3569,1.5765,1.4156,1.7571,1.0107,0.5821,1.7621,0.6275,2.0421,0.6929,2.2761,0.7055,2.2717,0.9954,2.541,1.1463,2.7678,1.2633,2.1396,1.131,2.4321,1.3496,2.6672,1.5301,1.8115,1.248,2.0246,1.4726,2.2163,1.663,1.3158,1.3737,1.3542,1.5721,1.414,1.7541,1.0042,0.5776,1.7616,0.6281,2.042,0.6926,2.2752,0.7067,2.2656,0.9898,2.5349,1.1422,2.7599,1.2643,2.132,1.1191,2.4204,1.3432,2.6501,1.5309,1.8064,1.2416,2.0149,1.4662,2.2029,1.6576,1.3133,1.3699,1.3499,1.5686,1.4086,1.752,0.0,0.0,0.0,0.0,0.0,0.0,0.0,0.0,0.0,0.0,0.0,0.0,0.0,0.0,0.0,0.0,0.0,0.0,0.0,0.0,0.0,0.0,0.0,0.0,0.0,0.0,0.0,0.0,0.0,0.0,0.0,0.0,0.0,0.0,0.0,0.0,0.0,0.0,0.0,0.0,0.0,0.0,0.0,0.0,0.0,0.0,0.0,0.0,0.0,0.0,0.0,0.0,0.0,0.0,0.0,0.0,0.0,0.0,0.0,0.0,0.0,0.0,0.0,0.0,0.0,0.0,0.0,0.0,0.0,0.0,0.0,0.0,0.0,0.0,0.0,0.0,0.0,0.0,0.0,0.0,0.0,0.0,0.0,0.0,0.0,0.0,0.0,0.0,0.0,0.0,0.0,0.0,0.0,0.0,0.0,0.0,0.0,0.0,0.0,0.0,0.0,0.0,0.0,0.0,0.0,0.0,0.0,0.0,0.0,0.0,0.0,0.0,0.0,0.0,0.0,0.0,0.0,0.0,0.0,0.0,0.0,0.0,0.0,0.0,0.0,0.0,0.0,0.0,False,False,False,False,False,False,right,False,False,False,True,False,True,
video 06.mp4,7008ee79247df857,37666,6000,6333,72,76,1.0107,0.5821,1.7621,0.6275,2.0421,0.6929,2.2761,0.7055,2.2717,0.9954,2.541,1.1463,2.7678,1.2633,2.1396,1.131,2.4321,1.3496,2.6672,1.5301,1.8115,1.248,2.0246,1.4726,2.2163,1.663,1.3158,1.3737,1.3542,1.5721,1.414,1.7541,1.0042,0.5776,1.7616,0.6281,2.042,0.6926,2.2752,0.7067,2.2656,0.9898,2.5349,1.1422,2.7599,1.2643,2.132,1.1191,2.4204,1.3432,2.6501,1.5309,1.8064,1.2416,2.0149,1.4662,2.2029,1.6576,1.3133,1.3699,1.3499,1.5686,1.4086,1.752,1.0038,0.5758,1.7559,0.637,2.0311,0.7004,2.2648,0.7197,2.2655,0.9428,2.5382,1.0721,2.7653,1.1837,2.1209,1.0599,2.4022,1.2636,2.6307,1.4446,1.8006,1.2317,1.9981,1.4584,2.1805,1.6528,1.3119,1.3691,1.3429,1.5679,1.3992,1.7525,1.0001,0.5775,1.7525,0.649,2.0202,0.7165,2.25,0.7404,2.2558,0.9419,2.5315,1.0841,2.7599,1.2063,2.0954,1.0387,2.3622,1.2602,2.577,1.4577,1.7914,1.2203,1.9932,1.4503,2.1787,1.6454,1.3094,1.3688,1.3378,1.5656,1.3932,1.7472,1.002,0.5786,1.7568,0.6603,2.0213,0.728,2.2552,0.7486,2.2537,0.9453,2.5335,1.0913,2.7655,1.2201,2.0857,1.0452,2.3463,1.275,2.5588,1.4811,1.7852,1.2183,1.9899,1.4471,2.1752,1.6399,1.31,1.3639,1.3387,1.5612,1.3952,1.7412,0.0,0.0,0.0,0.0,0.0,0.0,0.0,0.0,0.0,0.0,0.0,0.0,0.0,0.0,0.0,0.0,0.0,0.0,0.0,0.0,0.0,0.0,0.0,0.0,0.0,0.0,0.0,0.0,0.0,0.0,0.0,0.0,0.0,0.0,0.0,0.0,0.0,0.0,0.0,0.0,-0.0012,-0.5668,0.0394,-0.8436,0.065,-0.9713,-0.1338,-0.7133,-0.2191,-0.9595,-0.2329,-1.0404,0.0,0.0,0.0,0.0,0.0,0.0,0.0,0.0,0.0,0.0,0.0,0.0,0.0,0.0,0.0,0.0,0.0,0.0,0.0,0.0,0.0,0.0,0.0,0.0,0.0,0.0,0.0,0.0,-0.477,-0.0402,-0.6397,0.1567,0.0,0.0,0.0,0.0,0.0,0.0,0.0,0.0,0.0,0.0,0.0,0.0,0.0,0.0,0.0,0.0,0.0,0.0,0.0,0.0,0.0,0.0,0.0,0.0,0.0,0.0,0.0,0.0,0.0,0.0,0.0,0.0,0.0,0.0,0.0,0.0,0.0,0.0,0.0,0.0,0.0,0.0,0.0,0.0,False,True,False,False,False,False,right,False,False,False,True,False,True,
video 06.mp4,7008ee79247df857,37666,6250,6583,75,79,1.0001,0.5775,1.7525,0.649,2.0202,0.7165,2.25,0.7404,2.2558,0.9419,2.5315,1.0841,2.7599,1.2063,2.0954,1.0387,2.3622,1.2602,2.577,1.4577,1.7914,1.2203,1.9932,1.4503,2.1787,1.6454,1.3094,1.3688,1.3378,1.5656,1.3932,1.7472,1.002,0.5786,1.7568,0.6603,2.0213,0.728,2.2552,0.7486,2.2537,0.9453,2.5335,1.0913,2.7655,1.2201,2.0857,1.0452,2.3463,1.275,2.5588,1.4811,1.7852,1.2183,1.9899,1.4471,2.1752,1.6399,1.31,1.3639,1.3387,1.5612,1.3952,1.7412,1.0053,0.5848,1.7604,0.6728,2.0238,0.7437,2.255,0.763,2.2593,0.9481,2.5421,1.1015,2.7723,1.2391,2.08,1.0486,2.3275,1.2904,2.5158,1.513,1.7856,1.213,1.9938,1.4467,2.1776,1.6432,1.3125,1.3583,1.3436,1.555,1.3991,1.7354,1.0107,0.5906,1.7635,0.6813,2.0263,0.7554,2.2528,0.7775,2.2681,0.9522,2.5534,1.1101,2.7812,1.2498,2.0904,1.0481,2.334,1.2998,2.5121,1.5309,1.7962,1.2126,2.0032,1.451,2.1816,1.6542,1.3158,1.3612,1.3486,1.5573,1.4032,1.7395,1.0104,0.5934,1.7647,0.6773,2.0304,0.7517,2.2572,0.7702,2.2709,0.9507,2.5566,1.111,2.7842,1.2528,2.0963,1.047,2.3358,1.3046,2.5059,1.5405,1.8019,1.2128,2.0077,1.4542,2.1829,1.663,1.3183,1.3665,1.3527,1.5621,1.4074,1.7467,0.0,0.0,0.0,0.0,0.0,0.0,0.0,0.0,0.0,0.0,0.0,0.0,0.0,0.0,0.0,0.0,0.0,0.0,0.0,0.0,0.0,0.0,0.0,0.0,0.0,0.0,0.0,0.0,0.0,0.0,0.0,0.0,0.0,0.0,0.0,0.0,0.0,0.0,0.0,0.0,0.0,0.0,0.0,0.0,0.0,0.0,0.0,0.0,0.0,0.0,-0.5171,0.385,0.0,0.0,0.0,0.0,0.0,0.0,0.0,0.0,0.0,0.0,0.0,0.0,0.0,0.0,0.0,0.0,0.0,0.0,0.0,0.0,0.0,0.0,0.0,0.0,0.0,0.0,0.0,0.0,0.0,0.0,0.0,0.0,0.0,0.0,0.0,0.0,0.0,0.0,0.0,0.0,0.0,0.0,0.0,0.0,0.0,0.0,0.0,0.0,0.0,0.0,0.0,0.0,0.0,0.0,0.0,0.0,0.0,0.0,0.0,0.0,0.0,0.0,0.0,0.0,0.0,0.0,0.0,0.0,0.0,0.0,0.0,0.0,0.0,0.0,0.0,0.0,False,False,True,False,False,False,right,False,False,False,True,False,True,
video 06.mp4,7008ee79247df857,37666,6500,6833,78,82,1.0107,0.5906,1.7635,0.6813,2.0263,0.7554,2.2528,0.7775,2.2681,0.9522,2.5534,1.1101,2.7812,1.2498,2.0904,1.0481,2.334,1.2998,2.5121,1.5309,1.7962,1.2126,2.0032,1.451,2.1816,1.6542,1.3158,1.3612,1.3486,1.5573,1.4032,1.7395,1.0104,0.5934,1.7647,0.6773,2.0304,0.7517,2.2572,0.7702,2.2709,0.9507,2.5566,1.111,2.7842,1.2528,2.0963,1.047,2.3358,1.3046,2.5059,1.5405,1.8019,1.2128,2.0077,1.4542,2.1829,1.663,1.3183,1.3665,1.3527,1.5621,1.4074,1.7467,1.0111,0.5953,1.7667,0.6832,2.0322,0.7622,2.2547,0.7863,2.2718,0.9511,2.5575,1.1142,2.7839,1.2584,2.101,1.0482,2.3417,1.3099,2.5134,1.5468,1.8049,1.2136,2.0119,1.4564,2.1861,1.6653,1.3213,1.3706,1.3571,1.5671,1.4117,1.7515,1.0139,0.5944,1.7699,0.6768,2.0374,0.7513,2.265,0.7752,2.2775,0.954,2.5642,1.1157,2.7929,1.2573,2.1053,1.0569,2.3482,1.3161,2.5245,1.5477,1.8088,1.2187,2.0151,1.4599,2.191,1.6654,1.3241,1.3713,1.3594,1.5687,1.4147,1.7519,1.0139,0.5941,1.7688,0.6634,2.0372,0.7268,2.2716,0.7441,2.2824,0.958,2.565,1.1202,2.7902,1.2618,2.1103,1.0623,2.3542,1.3186,2.5345,1.5472,1.8102,1.2228,2.0165,1.4592,2.1954,1.6601,1.3229,1.3748,1.3561,1.5707,1.4126,1.7519,0.0,0.0,0.0,0.0,0.0,0.0,0.0,0.0,0.0,0.0,0.0,0.0,0.0,0.0,0.0,0.0,0.0,0.0,0.0,0.0,0.0,0.0,0.0,0.0,0.0,0.0,0.0,0.0,0.0,0.0,0.0,0.0,0.0,0.0,0.0,0.0,0.0,0.0,0.0,0.0,0.0,0.0,0.0,0.0,0.0,0.0,0.0,0.0,0.0,0.0,0.0,0.0,0.0,0.0,0.0,0.0,0.0,0.0,0.0,0.0,0.0,0.0,0.0,0.0,0.0,0.0,0.0,0.0,0.0,0.0,0.0,0.0,0.0,0.0,0.0,0.0,0.0,0.0,0.0,0.0,0.0,0.0,0.0,0.0,0.0,0.0,0.0,0.0,0.0,0.0,0.0,0.0,0.0,0.0,0.0,0.0,0.0,0.0,0.0,0.0,0.0,0.0,0.0,0.0,0.0,0.0,0.0,0.0,0.0,0.0,0.0,0.0,0.0,0.0,0.0,0.0,0.0,0.0,0.0,0.0,0.0,0.0,0.0,0.0,0.0,0.0,0.0,0.0,False,False,False,False,False,False,right,False,False,False,True,False,True,
video 06.mp4,7008ee79247df857,37666,6750,7083,81,85,1.0139,0.5944,1.7699,0.6768,2.0374,0.7513,2.265,0.7752,2.2775,0.954,2.5642,1.1157,2.7929,1.2573,2.1053,1.0569,2.3482,1.3161,2.5245,1.5477,1.8088,1.2187,2.0151,1.4599,2.191,1.6654,1.3241,1.3713,1.3594,1.5687,1.4147,1.7519,1.0139,0.5941,1.7688,0.6634,2.0372,0.7268,2.2716,0.7441,2.2824,0.958,2.565,1.1202,2.7902,1.2618,2.1103,1.0623,2.3542,1.3186,2.5345,1.5472,1.8102,1.2228,2.0165,1.4592,2.1954,1.6601,1.3229,1.3748,1.3561,1.5707,1.4126,1.7519,1.015,0.5916,1.7719,0.6636,2.0386,0.7266,2.2723,0.7452,2.291,0.9559,2.5665,1.1248,2.7871,1.2724,2.1182,1.0537,2.3625,1.3142,2.5399,1.5459,1.7997,1.196,2.004,1.4401,2.1798,1.6478,1.3213,1.3655,1.3545,1.5664,1.4111,1.7512,1.013,0.588,1.774,0.6484,2.0382,0.7014,2.2744,0.7285,2.2924,0.9671,2.5654,1.1324,2.7854,1.2781,2.1221,1.0725,2.3659,1.3192,2.5499,1.5409,1.7894,1.1814,1.992,1.396,2.1721,1.5763,1.3353,1.3571,1.3754,1.5557,1.44,1.7379,1.0134,0.5828,1.7765,0.6375,2.0387,0.6859,2.2796,0.7119,2.2953,0.972,2.5657,1.1379,2.7842,1.2871,2.1175,1.0801,2.3661,1.3179,2.5584,1.5324,1.7731,1.1644,1.9779,1.3646,2.1618,1.5373,1.343,1.3536,1.3872,1.5552,1.456,1.7402,0.0,0.0,0.0,0.0,0.0,0.0,0.0,0.0,0.0,0.0,0.0,0.0,0.0,0.0,0.0,0.0,0.0,0.0,0.0,0.0,0.0,0.0,0.0,0.0,0.0,0.0,0.0,0.0,0.0,0.0,0.0,0.0,0.0,0.0,0.0,0.0,0.0,0.0,0.0,0.0,0.0,0.0,0.0,0.0,0.0,0.0,0.0,0.0,0.0,0.0,0.0,0.0,0.0,0.0,0.0,0.0,0.0,0.0,0.0,0.0,0.0,0.0,0.0,0.0,0.0,0.0,0.0,0.0,0.0,0.0,0.0,0.0,0.0,0.0,0.0,0.0,0.0,0.0,0.0,0.0,0.0,0.0,0.0,0.0,0.0,0.0,-0.1426,-0.5244,-0.0918,-0.8514,0.0,0.0,0.0,0.0,0.0,0.0,0.0,0.0,0.0,0.0,0.0,0.0,0.0,0.0,0.0,0.0,0.0,0.0,0.0,0.0,0.0,0.0,0.0,0.0,0.0,0.0,0.0,0.0,-0.1692,-0.3786,-0.123,-0.4695,0.0,0.0,0.0,0.0,0.0,0.0,False,False,False,False,False,False,right,False,False,False,True,False,True,
video 06.mp4,7008ee79247df857,37666,7000,7333,84,88,1.013,0.588,1.774,0.6484,2.0382,0.7014,2.2744,0.7285,2.2924,0.9671,2.5654,1.1324,2.7854,1.2781,2.1221,1.0725,2.3659,1.3192,2.5499,1.5409,1.7894,1.1814,1.992,1.396,2.1721,1.5763,1.3353,1.3571,1.3754,1.5557,1.44,1.7379,1.0134,0.5828,1.7765,0.6375,2.0387,0.6859,2.2796,0.7119,2.2953,0.972,2.5657,1.1379,2.7842,1.2871,2.1175,1.0801,2.3661,1.3179,2.5584,1.5324,1.7731,1.1644,1.9779,1.3646,2.1618,1.5373,1.343,1.3536,1.3872,1.5552,1.456,1.7402,1.0056,0.5797,1.7738,0.6499,2.033,0.7033,2.2785,0.7263,2.2906,0.97,2.561,1.1341,2.7807,1.2863,2.1117,1.0694,2.3639,1.3025,2.5599,1.5199,1.747,1.1359,1.942,1.3234,2.1091,1.4849,1.3378,1.3474,1.3747,1.5496,1.4385,1.7288,0.9971,0.5802,1.7687,0.6386,2.0258,0.6934,2.272,0.7115,2.2855,0.9228,2.553,1.0509,2.7733,1.1788,2.1032,1.0554,2.3494,1.2848,2.5415,1.505,1.7338,1.1265,1.9236,1.3185,2.0858,1.4875,1.3264,1.3398,1.3601,1.5359,1.4246,1.7025,0.9829,0.5821,1.7491,0.6596,2.0069,0.7416,2.2375,0.7812,2.2642,0.8768,2.5457,0.9722,2.7731,1.0542,2.0883,1.0453,2.328,1.2868,2.5113,1.5069,1.7482,1.1499,1.9383,1.3796,2.1001,1.5784,1.3221,1.3448,1.3571,1.5404,1.4154,1.7088,0.0,0.0,0.0,0.0,0.0,0.0,0.0,0.0,0.0,0.0,0.0,0.0,0.0,0.0,0.0,0.0,0.0,0.0,0.0,0.0,0.0,0.0,-0.1692,-0.3786,-0.123,-0.4695,0.0,0.0,0.0,0.0,0.0,0.0,0.0,0.0,0.0,0.0,0.0,0.0,0.0,0.0,0.0,0.0,0.0,0.0,0.0,0.0,0.0,0.0,0.0,0.0,0.0,0.0,-0.3139,-0.3437,-0.4327,-0.4966,-0.6361,-0.6312,0.0,0.0,0.0,0.0,0.0,0.0,0.0,0.0,0.0,0.0,0.0,0.0,0.0,0.0,-0.0601,-0.5613,-0.0953,-0.99,-0.0878,-1.2799,0.0,0.0,0.0,0.0,0.0,0.0,0.0,0.0,0.0,0.0,0.0,0.0,0.0,0.0,0.0,0.0,0.0,0.0,0.0,0.0,0.0,0.0,-0.2273,0.5802,-0.4164,0.8392,-0.257,-0.5553,-0.0876,-0.9485,-0.0026,-1.5012,0.0,0.0,0.0,0.0,0.0,0.0,0.0,0.0,0.1774,0.7356,0.1723,1.0954,0.0,0.0,0.0,0.0,0.0,0.0,False,False,True,True,False,False,right,False,False,False,True,False,True,
video 06.mp4,7008ee79247df857,37666,7250,7583,87,91,0.9971,0.5802,1.7687,0.6386,2.0258,0.6934,2.272,0.7115,2.2855,0.9228,2.553,1.0509,2.7733,1.1788,2.1032,1.0554,2.3494,1.2848,2.5415,1.505,1.7338,1.1265,1.9236,1.3185,2.0858,1.4875,1.3264,1.3398,1.3601,1.5359,1.4246,1.7025,0.9829,0.5821,1.7491,0.6596,2.0069,0.7416,2.2375,0.7812,2.2642,0.8768,2.5457,0.9722,2.7731,1.0542,2.0883,1.0453,2.328,1.2868,2.5113,1.5069,1.7482,1.1499,1.9383,1.3796,2.1001,1.5784,1.3221,1.3448,1.3571,1.5404,1.4154,1.7088,0.972,0.5896,1.7334,0.644,2.0019,0.7193,2.2396,0.7511,2.2537,0.8704,2.5391,0.9733,2.7675,1.0615,2.0753,1.0449,2.3169,1.2927,2.4978,1.5149,1.7569,1.1732,1.949,1.4136,2.1131,1.6184,1.3255,1.3603,1.3677,1.5596,1.4343,1.7337,0.9689,0.5928,1.7359,0.6484,2.0038,0.7237,2.2394,0.7535,2.2506,0.8544,2.536,0.9543,2.7657,1.0406,2.0644,1.0382,2.3042,1.2878,2.4876,1.5105,1.7588,1.1754,1.9521,1.4176,2.1192,1.6241,1.3215,1.3552,1.3632,1.5541,1.4287,1.7303,0.9704,0.5879,1.7356,0.6596,2.0007,0.7427,2.2269,0.7892,2.2483,0.8389,2.5336,0.9433,2.765,1.0345,2.0648,1.0298,2.3027,1.2858,2.4838,1.5122,1.7643,1.172,1.9563,1.4161,2.1235,1.6236,1.3218,1.3466,1.3641,1.546,1.4289,1.7255,0.0,0.0,0.0,0.0,-0.2273,0.5802,-0.4164,0.8392,-0.257,-0.5553,-0.0876,-0.9485,-0.0026,-1.5012,0.0,0.0,0.0,0.0,0.0,0.0,0.0,0.0,0.1774,0.7356,0.1723,1.0954,0.0,0.0,0.0,0.0,0.0,0.0,0.0,0.0,0.0,0.0,0.0,0.0,0.0,0.0,0.0,0.0,0.0,0.0,0.0,0.0,0.0,0.0,0.0,0.0,0.0,0.0,0.0,0.0,0.1292,0.4105,0.1571,0.4812,0.0,0.0,0.0,0.0,0.0,0.0,0.0,0.0,0.0,0.0,0.0,0.0,0.0,0.0,0.0,0.0,0.0,0.0,0.0,0.0,0.0,0.0,0.0,0.0,0.0,0.0,0.0,0.0,0.0,0.0,0.0,0.0,0.0,0.0,0.0,0.0,0.0,0.0,0.0,0.0,0.0,0.0,0.0,0.0,-0.1499,0.4311,0.0,0.0,0.0,0.0,0.0,0.0,0.0,0.0,0.0,0.0,0.0,0.0,0.0,0.0,0.0,0.0,0.0,0.0,0.0,0.0,0.0,0.0,0.0,0.0,False,False,True,True,True,False,right,False,False,False,True,False,True,
video 06.mp4,7008ee79247df857,37666,7500,7833,90,94,0.9689,0.5928,1.7359,0.6484,2.0038,0.7237,2.2394,0.7535,2.2506,0.8544,2.536,0.9543,2.7657,1.0406,2.0644,1.0382,2.3042,1.2878,2.4876,1.5105,1.7588,1.1754,1.9521,1.4176,2.1192,1.6241,1.3215,1.3552,1.3632,1.5541,1.4287,1.7303,0.9704,0.5879,1.7356,0.6596,2.0007,0.7427,2.2269,0.7892,2.2483,0.8389,2.5336,0.9433,2.765,1.0345,2.0648,1.0298,2.3027,1.2858,2.4838,1.5122,1.7643,1.172,1.9563,1.4161,2.1235,1.6236,1.3218,1.3466,1.3641,1.546,1.4289,1.7255,0.9747,0.5883,1.7388,0.6786,2.0005,0.7754,2.214,0.842,2.247,0.8323,2.5319,0.9405,2.7625,1.0365,2.0675,1.025,2.3044,1.2856,2.4808,1.5146,1.771,1.1673,1.964,1.412,2.1309,1.6192,1.324,1.3469,1.3639,1.5466,1.4236,1.7268,0.9787,0.5893,1.7401,0.675,2.0059,0.7663,2.2229,0.8212,2.2507,0.8437,2.531,0.9687,2.7561,1.0869,2.0743,1.0241,2.31,1.2896,2.4824,1.524,1.7794,1.1676,1.9712,1.4143,2.1341,1.6235,1.3261,1.3477,1.3641,1.5473,1.4207,1.7279,0.9886,0.5919,1.7542,0.6773,2.0239,0.7631,2.2444,0.8148,2.2561,0.8825,2.5297,1.0555,2.7429,1.216,2.0919,1.0185,2.3315,1.2914,2.4992,1.5356,1.7859,1.1673,1.9793,1.4161,2.1403,1.628,1.3262,1.3493,1.3649,1.5488,1.4219,1.7295,0.0,0.0,0.0,0.0,0.0,0.0,-0.1499,0.4311,0.0,0.0,0.0,0.0,0.0,0.0,0.0,0.0,0.0,0.0,0.0,0.0,0.0,0.0,0.0,0.0,0.0,0.0,0.0,0.0,0.0,0.0,0.0,0.0,0.0,0.0,0.0,0.0,0.0,0.0,-0.1552,0.6352,0.0,0.0,0.0,0.0,0.0,0.0,0.0,0.0,0.0,0.0,0.0,0.0,0.0,0.0,0.0,0.0,0.0,0.0,0.0,0.0,0.0,0.0,0.0,0.0,0.0,0.0,0.0,0.0,0.0,0.0,0.0,0.0,0.0,0.0,0.0,0.0,-0.0765,0.5992,0.0,0.0,0.0,0.0,0.0,0.0,0.0,0.0,0.0,0.0,0.0,0.0,0.0,0.0,0.0,0.0,0.0,0.0,0.0,0.0,0.0,0.0,0.0,0.0,0.0,0.0,0.065,0.4673,-0.0149,1.0458,-0.1589,1.5563,0.0,0.0,0.0,0.0,0.0,0.0,0.0,0.0,0.0,0.0,0.0,0.0,0.0,0.0,0.0,0.0,0.0,0.0,False,False,False,False,False,False,right,False,False,False,True,True,True,
video 06.mp4,7008ee79247df857,37666,7750,8083,93,97,0.9787,0.5893,1.7401,0.675,2.0059,0.7663,2.2229,0.8212,2.2507,0.8437,2.531,0.9687,2.7561,1.0869,2.0743,1.0241,2.31,1.2896,2.4824,1.524,1.7794,1.1676,1.9712,1.4143,2.1341,1.6235,1.3261,1.3477,1.3641,1.5473,1.4207,1.7279,0.9886,0.5919,1.7542,0.6773,2.0239,0.7631,2.2444,0.8148,2.2561,0.8825,2.5297,1.0555,2.7429,1.216,2.0919,1.0185,2.3315,1.2914,2.4992,1.5356,1.7859,1.1673,1.9793,1.4161,2.1403,1.628,1.3262,1.3493,1.3649,1.5488,1.4219,1.7295,0.9949,0.5943,1.7627,0.6809,2.0337,0.7624,2.2629,0.8077,2.2661,0.8986,2.5365,1.0841,2.7452,1.2541,2.1061,1.0124,2.3493,1.2918,2.5175,1.5435,1.7924,1.1651,1.9884,1.4176,2.1492,1.6333,1.3332,1.3469,1.3731,1.5475,1.4314,1.7296,0.9992,0.6012,1.7675,0.6825,2.0435,0.7647,2.273,0.8108,2.2767,0.9109,2.5463,1.1001,2.7516,1.2707,2.121,1.0129,2.3654,1.2965,2.5309,1.5527,1.802,1.1648,2.0003,1.4205,2.1616,1.64,1.3393,1.3532,1.3785,1.5537,1.4354,1.7365,0.9998,0.6006,1.7679,0.6897,2.0433,0.7786,2.2683,0.8341,2.2753,0.9082,2.5484,1.092,2.7562,1.2572,2.1287,1.0146,2.3756,1.2991,2.5381,1.5547,1.8095,1.1694,2.011,1.4261,2.172,1.6453,1.3467,1.3581,1.3882,1.5592,1.4446,1.7408,0.0,0.0,0.0,0.0,0.0,0.0,0.0,0.0,0.065,0.4673,-0.0149,1.0458,-0.1589,1.5563,0.0,0.0,0.0,0.0,0.0,0.0,0.0,0.0,0.0,0.0,0.0,0.0,0.0,0.0,0.0,0.0,0.0,0.0,0.0,0.0,0.0,0.0,0.0,0.0,0.0,0.0,0.0,0.0,0.0,0.0,0.0282,0.4583,0.0,0.0,0.0,0.0,0.0,0.0,0.0,0.0,0.0,0.0,0.0,0.0,0.0,0.0,0.0,0.0,0.0,0.0,0.0,0.0,0.0,0.0,0.0,0.0,0.0,0.0,0.0,0.0,0.0,0.0,0.0,0.0,0.0,0.0,0.0,0.0,0.0,0.0,0.0,0.0,0.0,0.0,0.0,0.0,0.0,0.0,0.0,0.0,0.0,0.0,0.0,0.0,0.0,0.0,0.0,0.0,0.0,0.0,0.0,0.0,0.0,0.0,0.0,0.0,0.0,0.0,0.0,0.0,0.0,0.0,0.0,0.0,0.0,0.0,0.0,0.0,0.0,0.0,0.0,0.0,0.0,0.0,False,False,False,False,False,False,right,False,False,False,True,True,True,
video 06.mp4,7008ee79247df857,37666,8000,8333,96,100,0.9992,0.6012,1.7675,0.6825,2.0435,0.7647,2.273,0.8108,2.2767,0.9109,2.5463,1.1001,2.7516,1.2707,2.121,1.0129,2.3654,1.2965,2.5309,1.5527,1.802,1.1648,2.0003,1.4205,2.1616,1.64,1.3393,1.3532,1.3785,1.5537,1.4354,1.7365,0.9998,0.6006,1.7679,0.6897,2.0433,0.7786,2.2683,0.8341,2.2753,0.9082,2.5484,1.092,2.7562,1.2572,2.1287,1.0146,2.3756,1.2991,2.5381,1.5547,1.8095,1.1694,2.011,1.4261,2.172,1.6453,1.3467,1.3581,1.3882,1.5592,1.4446,1.7408,0.9994,0.6005,1.7626,0.7003,2.0278,0.8132,2.236,0.9019,2.2784,0.8789,2.5507,1.0528,2.7624,1.2093,2.1219,1.0176,2.3668,1.3005,2.532,1.5518,1.8084,1.1736,2.0105,1.4286,2.1729,1.6439,1.3506,1.3639,1.3922,1.5658,1.4486,1.7463,1.0028,0.6083,1.7728,0.7089,2.0309,0.8282,2.2398,0.9221,2.2884,0.8302,2.5595,0.9804,2.7727,1.1205,2.1108,1.0135,2.3548,1.2943,2.5248,1.5455,1.8028,1.1726,2.0081,1.4285,2.1749,1.6455,1.3533,1.3612,1.3984,1.5645,1.4579,1.7473,1.0011,0.6163,1.7665,0.7242,2.009,0.8759,2.1907,1.0207,2.2971,0.803,2.5704,0.9449,2.7852,1.0773,2.1089,1.006,2.3517,1.2875,2.5214,1.5363,1.8041,1.1719,2.0092,1.431,2.1777,1.6486,1.3559,1.3612,1.4022,1.5642,1.46,1.7457,0.0,0.0,0.0,0.0,0.0,0.0,0.0,0.0,0.0,0.0,0.0,0.0,0.0,0.0,0.0,0.0,0.0,0.0,0.0,0.0,0.0,0.0,0.0,0.0,0.0,0.0,0.0,0.0,0.0,0.0,0.0,0.0,0.0,0.0,0.0,0.0,-0.1874,0.4171,-0.3886,0.8179,0.0,0.0,0.0278,-0.4725,0.0752,-0.5768,0.0,0.0,0.0,0.0,0.0,0.0,0.0,0.0,0.0,0.0,0.0,0.0,0.0,0.0,0.0,0.0,0.0,0.0,0.0,0.0,0.0,0.0,0.0,0.0,0.0,0.0,0.1187,-0.5787,0.105,-0.8614,0.1223,-1.0576,0.0,0.0,0.0,0.0,0.0,0.0,0.0,0.0,0.0,0.0,0.0,0.0,0.0,0.0,0.0,0.0,0.0,0.0,0.0,0.0,0.0,0.0,-0.2628,0.5748,-0.5907,1.1883,0.0,0.0,0.1313,-0.428,0.1512,-0.5196,0.0,0.0,0.0,0.0,0.0,0.0,0.0,0.0,0.0,0.0,0.0,0.0,0.0,0.0,0.0,0.0,0.0,0.0,False,False,False,False,False,False,right,False,False,False,True,True,True,
video 06.mp4,7008ee79247df857,37666,8250,8583,99,103,1.0028,0.6083,1.7728,0.7089,2.0309,0.8282,2.2398,0.9221,2.2884,0.8302,2.5595,0.9804,2.7727,1.1205,2.1108,1.0135,2.3548,1.2943,2.5248,1.5455,1.8028,1.1726,2.0081,1.4285,2.1749,1.6455,1.3533,1.3612,1.3984,1.5645,1.4579,1.7473,1.0011,0.6163,1.7665,0.7242,2.009,0.8759,2.1907,1.0207,2.2971,0.803,2.5704,0.9449,2.7852,1.0773,2.1089,1.006,2.3517,1.2875,2.5214,1.5363,1.8041,1.1719,2.0092,1.431,2.1777,1.6486,1.3559,1.3612,1.4022,1.5642,1.46,1.7457,1.001,0.6114,1.7708,0.7286,2.0222,0.8687,2.2124,0.9999,2.2886,0.8218,2.5643,0.9723,2.7818,1.1137,2.1167,1.0102,2.3602,1.2919,2.5277,1.5408,1.8084,1.1698,2.0121,1.4313,2.1783,1.6512,1.3589,1.361,1.4033,1.5647,1.4581,1.7458,1.0079,0.6117,1.7785,0.7206,2.0478,0.8372,2.2594,0.9203,2.2921,0.8758,2.5674,1.0572,2.7806,1.2206,2.1317,1.0113,2.3802,1.3007,2.5473,1.557,1.8254,1.1691,2.0299,1.4335,2.1948,1.6562,1.3588,1.3675,1.4008,1.5728,1.4547,1.7554,1.0073,0.6104,1.7831,0.7101,2.0653,0.8081,2.2962,0.8645,2.298,0.8921,2.5761,1.0792,2.7887,1.247,2.1386,1.0138,2.3885,1.3046,2.5551,1.5611,1.83,1.1722,2.035,1.4365,2.1998,1.6587,1.361,1.3689,1.4042,1.573,1.4593,1.7548,0.0,0.0,0.0,0.0,-0.2628,0.5748,-0.5907,1.1883,0.0,0.0,0.1313,-0.428,0.1512,-0.5196,0.0,0.0,0.0,0.0,0.0,0.0,0.0,0.0,0.0,0.0,0.0,0.0,0.0,0.0,0.0,0.0,0.0,0.0,0.0,0.0,0.0,0.0,0.0,0.0,0.0,0.0,0.0,0.0,0.0,0.0,-0.0409,0.438,0.0,0.0,0.0,0.0,0.0,0.0,0.0,0.0,0.0,0.0,0.0,0.0,0.0,0.0,0.0,0.0,0.0,0.0,0.0,0.0,0.0,0.0,0.3043,-0.3752,0.5586,-0.9475,0.0414,0.6432,0.0374,1.0107,-0.0145,1.2731,0.0,0.0,0.0,0.0,0.0,0.0,0.0,0.0,0.0,0.0,0.0,0.0,0.0,0.0,0.0,0.0,0.0,0.0,0.0,0.0,0.0,0.0,0.2111,-0.3512,0.4445,-0.6727,0.0,0.0,0.0,0.0,0.0,0.0,0.0,0.0,0.0,0.0,0.0,0.0,0.0,0.0,0.0,0.0,0.0,0.0,0.0,0.0,0.0,0.0,0.0,0.0,False,False,False,False,False,False,right,False,False,False,True,True,True,
video 06.mp4,7008ee79247df857,37666,8500,8833,102,106,1.0079,0.6117,1.7785,0.7206,2.0478,0.8372,2.2594,0.9203,2.2921,0.8758,2.5674,1.0572,2.7806,1.2206,2.1317,1.0113,2.3802,1.3007,2.5473,1.557,1.8254,1.1691,2.0299,1.4335,2.1948,1.6562,1.3588,1.3675,1.4008,1.5728,1.4547,1.7554,1.0073,0.6104,1.7831,0.7101,2.0653,0.8081,2.2962,0.8645,2.298,0.8921,2.5761,1.0792,2.7887,1.247,2.1386,1.0138,2.3885,1.3046,2.5551,1.5611,1.83,1.1722,2.035,1.4365,2.1998,1.6587,1.361,1.3689,1.4042,1.573,1.4593,1.7548,1.0073,0.6094,1.7875,0.7127,2.0726,0.8151,2.3004,0.8823,2.3005,0.9028,2.5804,1.0904,2.7939,1.2584,2.1438,1.0155,2.3948,1.3086,2.5618,1.5669,1.8351,1.174,2.0398,1.4387,2.2043,1.6611,1.3648,1.3688,1.4074,1.5721,1.4617,1.7532,1.0011,0.6049,1.7812,0.6793,2.0622,0.7434,2.2823,0.7547,2.3094,0.8828,2.5898,1.0577,2.7999,1.2142,2.1489,1.0149,2.3952,1.3051,2.5565,1.5628,1.8417,1.1841,2.0442,1.4473,2.2057,1.6705,1.366,1.38,1.4076,1.5851,1.46,1.7686,0.9894,0.6052,1.7642,0.6286,2.0429,0.6613,2.262,0.6825,2.3094,0.8456,2.586,1.0003,2.7954,1.1419,2.1479,1.018,2.3921,1.3066,2.551,1.5632,1.8448,1.1937,2.0431,1.4539,2.2014,1.6761,1.3672,1.3848,1.4104,1.5899,1.4668,1.7771,0.0,0.0,0.0,0.0,0.2111,-0.3512,0.4445,-0.6727,0.0,0.0,0.0,0.0,0.0,0.0,0.0,0.0,0.0,0.0,0.0,0.0,0.0,0.0,0.0,0.0,0.0,0.0,0.0,0.0,0.0,0.0,0.0,0.0,0.0,0.0,0.0,0.0,0.0,0.0,0.0,0.0,0.0,0.0,0.0,0.0,0.0,0.0,0.0,0.0,0.0,0.0,0.0,0.0,0.0,0.0,0.0,0.0,0.0,0.0,0.0,0.0,0.0,0.0,0.0,0.0,0.0,0.0,-0.0749,-0.3965,-0.1246,-0.8545,-0.2156,-1.5181,0.0,0.0,0.1112,-0.3884,0.0707,-0.5259,0.0,0.0,0.0,0.0,0.0,0.0,0.0,0.0,0.0,0.0,0.0,0.0,0.0,0.0,0.0,0.0,0.0,0.0,0.0,0.0,-0.2052,-0.6109,-0.2326,-0.9883,-0.2451,-0.8699,0.0008,-0.4473,-0.045,-0.6923,-0.0536,-0.871,0.0,0.0,0.0,0.0,0.0,0.0,0.0,0.0,0.0,0.0,0.0,0.0,0.0,0.0,0.0,0.0,0.0,0.0,False,False,False,False,False,False,front,False,False,False,True,False,True,
video 06.mp4,7008ee79247df857,37666,8750,9083,105,109,1.0011,0.6049,1.7812,0.6793,2.0622,0.7434,2.2823,0.7547,2.3094,0.8828,2.5898,1.0577,2.7999,1.2142,2.1489,1.0149,2.3952,1.3051,2.5565,1.5628,1.8417,1.1841,2.0442,1.4473,2.2057,1.6705,1.366,1.38,1.4076,1.5851,1.46,1.7686,0.9894,0.6052,1.7642,0.6286,2.0429,0.6613,2.262,0.6825,2.3094,0.8456,2.586,1.0003,2.7954,1.1419,2.1479,1.018,2.3921,1.3066,2.551,1.5632,1.8448,1.1937,2.0431,1.4539,2.2014,1.6761,1.3672,1.3848,1.4104,1.5899,1.4668,1.7771,0.9894,0.6084,1.7605,0.6426,2.0255,0.698,2.2329,0.7387,2.3031,0.8332,2.5779,0.9919,2.7876,1.1392,2.1407,1.0108,2.3852,1.301,2.5439,1.5591,1.8371,1.1871,2.0402,1.4475,2.2026,1.6693,1.3645,1.3809,1.4105,1.5877,1.4672,1.7764,0.9926,0.6178,1.7551,0.6623,2.0079,0.7407,2.2019,0.7976,2.3027,0.8247,2.5783,0.9899,2.7848,1.1421,2.146,1.0056,2.3929,1.3013,2.5463,1.5622,1.8416,1.1867,2.0437,1.4485,2.2012,1.6707,1.3715,1.3793,1.4179,1.5863,1.4713,1.7743,0.9951,0.6152,1.7571,0.6591,2.0137,0.7274,2.2118,0.7712,2.3055,0.8254,2.5808,0.9891,2.7885,1.1397,2.1462,1.007,2.3917,1.3007,2.5478,1.5599,1.8399,1.1848,2.0414,1.4453,2.2001,1.6651,1.3711,1.3824,1.4151,1.5877,1.4685,1.7722,0.0,0.0,-0.2052,-0.6109,-0.2326,-0.9883,-0.2451,-0.8699,0.0008,-0.4473,-0.045,-0.6923,-0.0536,-0.871,0.0,0.0,0.0,0.0,0.0,0.0,0.0,0.0,0.0,0.0,0.0,0.0,0.0,0.0,0.0,0.0,0.0,0.0,0.0,0.0,0.0,0.0,-0.2085,0.4421,-0.3506,0.6767,0.0,0.0,0.0,0.0,0.0,0.0,0.0,0.0,0.0,0.0,0.0,0.0,0.0,0.0,0.0,0.0,0.0,0.0,0.0,0.0,0.0,0.0,0.0,0.0,0.0,0.0,0.0,0.0,-0.2102,0.5083,-0.3688,0.7016,0.0,0.0,0.0,0.0,0.0,0.0,0.0,0.0,0.0,0.0,0.0,0.0,0.0,0.0,0.0,0.0,0.0,0.0,0.0,0.0,0.0,0.0,0.0,0.0,0.0,0.0,0.0,0.0,0.0,0.0,0.0,0.0,0.0,0.0,0.0,0.0,0.0,0.0,0.0,0.0,0.0,0.0,0.0,0.0,0.0,0.0,0.0,0.0,0.0,0.0,0.0,0.0,0.0,0.0,0.0,0.0,False,False,False,False,False,False,right,False,False,False,True,True,True,
video 06.mp4,7008ee79247df857,37666,9000,9333,108,112,0.9926,0.6178,1.7551,0.6623,2.0079,0.7407,2.2019,0.7976,2.3027,0.8247,2.5783,0.9899,2.7848,1.1421,2.146,1.0056,2.3929,1.3013,2.5463,1.5622,1.8416,1.1867,2.0437,1.4485,2.2012,1.6707,1.3715,1.3793,1.4179,1.5863,1.4713,1.7743,0.9951,0.6152,1.7571,0.6591,2.0137,0.7274,2.2118,0.7712,2.3055,0.8254,2.5808,0.9891,2.7885,1.1397,2.1462,1.007,2.3917,1.3007,2.5478,1.5599,1.8399,1.1848,2.0414,1.4453,2.2001,1.6651,1.3711,1.3824,1.4151,1.5877,1.4685,1.7722,0.9865,0.613,1.7465,0.6547,1.9977,0.7328,2.1851,0.7883,2.3061,0.8234,2.5846,0.982,2.794,1.1286,2.1498,1.0064,2.3917,1.3,2.5456,1.5609,1.8456,1.1895,2.044,1.4476,2.2001,1.6663,1.3695,1.3899,1.4119,1.5934,1.4664,1.7786,0.9731,0.6139,1.7391,0.5944,2.0045,0.5869,2.2072,0.5393,2.3031,0.817,2.5796,0.9695,2.7856,1.1103,2.1466,1.0094,2.3878,1.3001,2.5388,1.5583,1.8437,1.1971,2.0398,1.4539,2.1918,1.6724,1.3685,1.3895,1.4123,1.5924,1.469,1.778,0.9832,0.6121,1.7589,0.6582,2.0173,0.7541,2.2178,0.8246,2.3058,0.8204,2.5791,0.9787,2.7832,1.1258,2.1392,1.0051,2.3821,1.2976,2.5365,1.5566,1.8356,1.1899,2.0315,1.4501,2.1817,1.6699,1.3634,1.3833,1.4109,1.586,1.4682,1.7712,0.0,0.0,0.0,0.0,0.0,0.0,0.0,0.0,0.0,0.0,0.0,0.0,0.0,0.0,0.0,0.0,0.0,0.0,0.0,0.0,0.0,0.0,0.0,0.0,0.0,0.0,0.0,0.0,0.0,0.0,0.0,0.0,0.0,0.0,0.0,0.0,0.0,0.0,0.0,0.0,0.0,0.0,0.0,0.0,0.0,0.0,0.0,0.0,0.0,0.0,0.0,0.0,0.0,0.0,0.0,0.0,0.0,0.0,0.0,0.0,0.0,0.0,0.0,0.0,0.0,0.0,-0.0878,-0.7182,0.0803,-1.7368,0.2636,-2.9651,0.0,0.0,0.0,0.0,0.0,0.0,0.0,0.0,0.0,0.0,0.0,0.0,0.0,0.0,0.0,0.0,0.0,0.0,0.0,0.0,0.0,0.0,0.0,0.0,0.0,0.0,0.2387,0.7694,0.1538,2.0145,0.1273,3.4376,0.0,0.0,0.0,0.0,0.0,0.0,0.0,0.0,0.0,0.0,0.0,0.0,0.0,0.0,0.0,0.0,0.0,0.0,0.0,0.0,0.0,0.0,0.0,0.0,False,False,False,False,False,False,right,False,False,False,True,True,True,
video 06.mp4,7008ee79247df857,37666,9250,9583,111,115,0.9731,0.6139,1.7391,0.5944,2.0045,0.5869,2.2072,0.5393,2.3031,0.817,2.5796,0.9695,2.7856,1.1103,2.1466,1.0094,2.3878,1.3001,2.5388,1.5583,1.8437,1.1971,2.0398,1.4539,2.1918,1.6724,1.3685,1.3895,1.4123,1.5924,1.469,1.778,0.9832,0.6121,1.7589,0.6582,2.0173,0.7541,2.2178,0.8246,2.3058,0.8204,2.5791,0.9787,2.7832,1.1258,2.1392,1.0051,2.3821,1.2976,2.5365,1.5566,1.8356,1.1899,2.0315,1.4501,2.1817,1.6699,1.3634,1.3833,1.4109,1.586,1.4682,1.7712,0.983,0.6142,1.7497,0.6545,2.0104,0.7346,2.2149,0.7921,2.2956,0.8207,2.5673,0.9817,2.7717,1.1298,2.1363,1.0032,2.3799,1.2952,2.5356,1.5546,1.8342,1.1869,2.0305,1.4479,2.1839,1.6694,1.3666,1.3749,1.4157,1.581,1.4761,1.7688,0.9887,0.6241,1.7506,0.661,2.0105,0.7378,2.2169,0.7861,2.2996,0.8242,2.5727,0.997,2.776,1.1557,2.1382,1.0018,2.3852,1.2976,2.5397,1.5573,1.8347,1.1814,2.0361,1.4434,2.191,1.6634,1.369,1.3758,1.4177,1.5821,1.473,1.7674,0.9993,0.6294,1.7613,0.6905,2.0132,0.8025,2.2094,0.9094,2.3058,0.8451,2.58,1.0345,2.7817,1.2096,2.1434,1.0038,2.3956,1.2994,2.5539,1.5584,1.8407,1.1816,2.046,1.4446,2.2041,1.6658,1.3728,1.3765,1.4222,1.5809,1.4767,1.7652,0.0,0.0,0.2387,0.7694,0.1538,2.0145,0.1273,3.4376,0.0,0.0,0.0,0.0,0.0,0.0,0.0,0.0,0.0,0.0,0.0,0.0,0.0,0.0,0.0,0.0,0.0,0.0,0.0,0.0,0.0,0.0,0.0,0.0,0.0,0.0,0.0,0.0,0.0,0.0,0.0,0.0,0.0,0.0,0.0,0.0,0.0,0.0,0.0,0.0,0.0,0.0,0.0,0.0,0.0,0.0,0.0,0.0,0.0,0.0,0.0,0.0,0.0,0.0,0.0,0.0,0.0,0.0,0.0,0.0,0.0,0.0,0.0,0.0,0.0,0.0,0.0,0.0,0.0,0.0,0.0,0.0,0.0,0.0,0.0,0.0,0.0,0.0,0.0,0.0,0.0,0.0,0.0,0.0,0.0,0.0,0.0,0.0,0.0,0.0,0.0,0.0,0.0329,0.7785,-0.0909,1.4848,0.0,0.0,0.0878,0.4518,0.069,0.6496,0.0,0.0,0.0,0.0,0.0,0.0,0.0,0.0,0.0,0.0,0.0,0.0,0.0,0.0,0.0,0.0,0.0,0.0,False,False,False,False,False,False,right,False,False,False,True,True,True,
video 06.mp4,7008ee79247df857,37666,9500,9833,114,118,0.9887,0.6241,1.7506,0.661,2.0105,0.7378,2.2169,0.7861,2.2996,0.8242,2.5727,0.997,2.776,1.1557,2.1382,1.0018,2.3852,1.2976,2.5397,1.5573,1.8347,1.1814,2.0361,1.4434,2.191,1.6634,1.369,1.3758,1.4177,1.5821,1.473,1.7674,0.9993,0.6294,1.7613,0.6905,2.0132,0.8025,2.2094,0.9094,2.3058,0.8451,2.58,1.0345,2.7817,1.2096,2.1434,1.0038,2.3956,1.2994,2.5539,1.5584,1.8407,1.1816,2.046,1.4446,2.2041,1.6658,1.3728,1.3765,1.4222,1.5809,1.4767,1.7652,1.0024,0.6285,1.7641,0.6752,2.0255,0.757,2.2386,0.827,2.3076,0.8798,2.5797,1.0725,2.78,1.2471,2.1514,1.0127,2.4039,1.3062,2.5655,1.5651,1.8447,1.1827,2.0477,1.4466,2.2078,1.6691,1.3746,1.3779,1.4198,1.5834,1.4737,1.7674,0.9997,0.6193,1.7647,0.6761,2.0268,0.7453,2.2469,0.8013,2.3084,0.8978,2.5768,1.0884,2.7752,1.2623,2.1495,1.0179,2.4001,1.3078,2.5674,1.5655,1.8446,1.1802,2.0472,1.4433,2.2118,1.6656,1.3745,1.3708,1.4191,1.5775,1.4755,1.7628,1.0017,0.6207,1.7716,0.6763,2.0354,0.741,2.2592,0.7981,2.3084,0.9028,2.5747,1.0929,2.7721,1.2674,2.1504,1.0184,2.3999,1.3069,2.57,1.5648,1.8451,1.1816,2.0476,1.4452,2.2149,1.6679,1.374,1.3724,1.4187,1.579,1.4761,1.7646,0.0,0.0,0.0,0.0,0.0329,0.7785,-0.0909,1.4848,0.0,0.0,0.0878,0.4518,0.069,0.6496,0.0,0.0,0.0,0.0,0.0,0.0,0.0,0.0,0.0,0.0,0.0,0.0,0.0,0.0,0.0,0.0,0.0,0.0,0.0,0.0,0.0,0.0,0.1487,-0.5472,0.3521,-0.9924,0.0212,0.4183,-0.0029,0.4579,-0.0204,0.4512,0.0,0.0,0.0,0.0,0.0,0.0,0.0,0.0,0.0,0.0,0.0,0.0,0.0,0.0,0.0,0.0,0.0,0.0,0.0,0.0,0.0,0.0,0.0,0.0,0.0,0.0,0.0,0.0,0.0,0.0,0.0,0.0,0.0,0.0,0.0,0.0,0.0,0.0,0.0,0.0,0.0,0.0,0.0,0.0,0.0,0.0,0.0,0.0,0.0,0.0,0.0,0.0,0.0,0.0,0.0,0.0,0.0,0.0,0.0,0.0,0.0,0.0,0.0,0.0,0.0,0.0,0.0,0.0,0.0,0.0,0.0,0.0,0.0,0.0,0.0,0.0,0.0,0.0,0.0,0.0,0.0,0.0,False,False,False,False,False,False,right,False,False,False,True,True,True,
video 06.mp4,7008ee79247df857,37666,9750,10083,117,121,0.9997,0.6193,1.7647,0.6761,2.0268,0.7453,2.2469,0.8013,2.3084,0.8978,2.5768,1.0884,2.7752,1.2623,2.1495,1.0179,2.4001,1.3078,2.5674,1.5655,1.8446,1.1802,2.0472,1.4433,2.2118,1.6656,1.3745,1.3708,1.4191,1.5775,1.4755,1.7628,1.0017,0.6207,1.7716,0.6763,2.0354,0.741,2.2592,0.7981,2.3084,0.9028,2.5747,1.0929,2.7721,1.2674,2.1504,1.0184,2.3999,1.3069,2.57,1.5648,1.8451,1.1816,2.0476,1.4452,2.2149,1.6679,1.374,1.3724,1.4187,1.579,1.4761,1.7646,1.0048,0.6223,1.7779,0.6969,2.0409,0.7754,2.26,0.846,2.3086,0.9022,2.5734,1.0948,2.7686,1.2726,2.1495,1.0114,2.4026,1.2979,2.5773,1.5539,1.84,1.1781,2.0452,1.4432,2.2152,1.6666,1.3723,1.3682,1.4175,1.5751,1.4758,1.76,1.0045,0.6263,1.7785,0.6834,2.0432,0.7564,2.2689,0.8251,2.309,0.8969,2.5763,1.0946,2.7708,1.2775,2.151,1.0089,2.4112,1.2947,2.5892,1.5506,1.8274,1.1824,2.0385,1.4489,2.2108,1.6745,1.3633,1.3884,1.4109,1.5993,1.472,1.787,1.0106,0.631,1.7747,0.6723,2.0378,0.7412,2.2585,0.8162,2.3147,0.8945,2.5756,1.0945,2.7605,1.2779,2.1639,1.0041,2.4199,1.2922,2.5838,1.5494,1.828,1.1773,2.0293,1.4452,2.1858,1.67,1.3581,1.3902,1.398,1.5978,1.4473,1.7778,0.0,0.0,0.0,0.0,0.0,0.0,0.0,0.0,0.0,0.0,0.0,0.0,0.0,0.0,0.0,0.0,0.0,0.0,0.0,0.0,0.0,0.0,0.0,0.0,0.0,0.0,0.0,0.0,0.0,0.0,0.0,0.0,0.0,0.0,0.0,0.0,0.066,0.4148,0.0101,0.577,0.0,0.0,0.0,0.0,0.0,0.0,0.0,0.0,0.0,0.0,0.0,0.0,0.0,0.0,0.0,0.0,0.0,0.0,0.0,0.0,0.0,0.0,0.0,0.0,0.0,0.0,0.0,0.0,0.0,0.0,0.0,0.0,0.0,0.0,0.0,0.0,0.0,0.0,0.0,0.0,0.0,0.0,0.0,0.0,0.0,0.0,0.0,0.0,0.0,0.0,0.0,0.0,0.0,0.0,0.0,0.0,0.0,0.0,0.0,0.0,0.0,0.0,0.0,0.0,0.0,0.0,0.0,0.0,0.0,0.0,0.0,0.0,0.0,0.0,0.0,0.0,0.0,0.0,0.0,0.0,0.0,0.0,0.0,0.0,0.0,0.0,0.0,0.0,False,False,False,False,False,False,right,False,False,False,True,True,True,
video 06.mp4,7008ee79247df857,37666,10000,10333,120,124,1.0045,0.6263,1.7785,0.6834,2.0432,0.7564,2.2689,0.8251,2.309,0.8969,2.5763,1.0946,2.7708,1.2775,2.151,1.0089,2.4112,1.2947,2.5892,1.5506,1.8274,1.1824,2.0385,1.4489,2.2108,1.6745,1.3633,1.3884,1.4109,1.5993,1.472,1.787,1.0106,0.631,1.7747,0.6723,2.0378,0.7412,2.2585,0.8162,2.3147,0.8945,2.5756,1.0945,2.7605,1.2779,2.1639,1.0041,2.4199,1.2922,2.5838,1.5494,1.828,1.1773,2.0293,1.4452,2.1858,1.67,1.3581,1.3902,1.398,1.5978,1.4473,1.7778,1.0055,0.627,1.7702,0.6482,2.0358,0.6933,2.2594,0.7473,2.3136,0.8976,2.5659,1.0907,2.7457,1.2711,2.1659,1.0111,2.4176,1.2856,2.5839,1.5317,1.8227,1.1535,2.0174,1.3901,2.1763,1.5915,1.3476,1.3713,1.3591,1.5659,1.3864,1.7315,0.9948,0.623,1.7612,0.6355,2.0318,0.6831,2.2579,0.7291,2.3064,0.8931,2.5576,1.0878,2.7357,1.2664,2.1595,1.0069,2.4119,1.2805,2.5761,1.524,1.8175,1.1607,2.0229,1.4079,2.1891,1.6165,1.3527,1.3878,1.3875,1.5904,1.4387,1.7623,0.9863,0.6192,1.7576,0.6362,2.0287,0.686,2.2527,0.7335,2.2997,0.8947,2.5531,1.0888,2.7347,1.2658,2.1519,0.9953,2.4055,1.2719,2.5725,1.52,1.8117,1.1565,2.0158,1.4095,2.1844,1.6226,1.3478,1.3587,1.3942,1.5646,1.4605,1.7437,0.0,0.0,0.0,0.0,0.0,0.0,0.0,0.0,0.0,0.0,0.0,0.0,0.0,0.0,0.0,0.0,0.0,0.0,0.0,0.0,0.0,0.0,0.0,0.0,0.0,0.0,0.0,0.0,0.0,0.0,0.0,0.0,0.0,0.0,0.0,0.0,-0.0234,-0.5778,0.0105,-0.8297,0.0,0.0,0.0,0.0,0.0,0.0,0.0,0.0,0.0,0.0,0.0,0.0,0.0,0.0,-0.1441,-0.6644,-0.1145,-0.9463,0.0,0.0,-0.4693,-0.3835,-0.734,-0.5584,0.0,0.0,0.0,0.0,0.0,0.0,0.0,0.0,0.0,0.0,0.0,0.0,0.0,0.0,0.0,0.0,0.0,0.0,0.0,0.0,0.0,0.0,0.0,0.0,0.0,0.0,0.0,0.0,0.3382,0.2914,0.6233,0.367,0.0,0.0,0.0,0.0,0.0,0.0,0.0,0.0,0.0,0.0,0.0,0.0,0.0,0.0,0.0,0.0,0.0,0.0,0.0,0.0,0.0,0.0,0.0,0.0,0.0,0.0,0.0,0.0,0.0,0.0,0.0,0.0,False,False,False,False,False,False,right,False,False,False,True,True,True,
video 06.mp4,7008ee79247df857,37666,10250,10583,123,127,0.9948,0.623,1.7612,0.6355,2.0318,0.6831,2.2579,0.7291,2.3064,0.8931,2.5576,1.0878,2.7357,1.2664,2.1595,1.0069,2.4119,1.2805,2.5761,1.524,1.8175,1.1607,2.0229,1.4079,2.1891,1.6165,1.3527,1.3878,1.3875,1.5904,1.4387,1.7623,0.9863,0.6192,1.7576,0.6362,2.0287,0.686,2.2527,0.7335,2.2997,0.8947,2.5531,1.0888,2.7347,1.2658,2.1519,0.9953,2.4055,1.2719,2.5725,1.52,1.8117,1.1565,2.0158,1.4095,2.1844,1.6226,1.3478,1.3587,1.3942,1.5646,1.4605,1.7437,0.9869,0.6139,1.7602,0.6363,2.0276,0.688,2.2605,0.7328,2.2965,0.8929,2.55,1.0849,2.7306,1.2634,2.1429,0.9951,2.3951,1.2646,2.5707,1.5071,1.8069,1.156,2.0064,1.414,2.1801,1.6286,1.3568,1.3173,1.4303,1.5181,1.5264,1.6953,0.9852,0.6064,1.7597,0.6334,2.0269,0.6853,2.2659,0.7279,2.294,0.8871,2.5498,1.0799,2.731,1.2603,2.1402,0.9901,2.393,1.2608,2.5719,1.5043,1.8037,1.1506,2.0017,1.4148,2.1778,1.6327,1.3551,1.2966,1.4361,1.4955,1.5382,1.6739,0.9811,0.6061,1.7548,0.6341,2.0242,0.6851,2.2702,0.7224,2.2937,0.8837,2.5504,1.0772,2.7306,1.259,2.1399,0.9876,2.3921,1.2577,2.5717,1.4992,1.8055,1.1465,2.0022,1.4139,2.1786,1.6331,1.3548,1.2881,1.4369,1.4847,1.5395,1.6623,0.0,0.0,0.0,0.0,0.0,0.0,0.0,0.0,0.0,0.0,0.0,0.0,0.0,0.0,0.0,0.0,0.0,0.0,0.0,0.0,0.0,0.0,0.0,0.0,0.0,0.0,0.0,0.0,0.0,0.0,0.0,0.0,0.0,0.0,0.0,0.0,0.0,0.0,0.0,0.0,0.0,0.0,0.0,0.0,0.0,0.0,0.0,0.0,0.0,0.0,0.0,0.0,0.0,0.0,0.0,0.0,0.0,0.0,0.1081,-0.4992,0.4349,-0.5603,0.7941,-0.5831,0.0,0.0,0.0,0.0,0.0,0.0,0.0,0.0,0.0,0.0,0.0,0.0,0.0,0.0,0.0,0.0,0.0,0.0,0.0,0.0,0.0,0.0,0.0,0.0,0.0,0.0,0.0,0.0,0.0,0.0,0.0,0.0,0.0,0.0,0.0,0.0,0.0,0.0,0.0,0.0,0.0,0.0,0.0,0.0,0.0,0.0,0.0,0.0,0.0,0.0,0.0,0.0,0.0,0.0,0.0,0.0,0.0,0.0,0.0,0.0,0.0,0.0,0.0,0.0,False,False,False,False,True,False,right,False,False,False,True,False,True,
video 06.mp4,7008ee79247df857,37666,10500,10833,126,130,0.9852,0.6064,1.7597,0.6334,2.0269,0.6853,2.2659,0.7279,2.294,0.8871,2.5498,1.0799,2.731,1.2603,2.1402,0.9901,2.393,1.2608,2.5719,1.5043,1.8037,1.1506,2.0017,1.4148,2.1778,1.6327,1.3551,1.2966,1.4361,1.4955,1.5382,1.6739,0.9811,0.6061,1.7548,0.6341,2.0242,0.6851,2.2702,0.7224,2.2937,0.8837,2.5504,1.0772,2.7306,1.259,2.1399,0.9876,2.3921,1.2577,2.5717,1.4992,1.8055,1.1465,2.0022,1.4139,2.1786,1.6331,1.3548,1.2881,1.4369,1.4847,1.5395,1.6623,0.9793,0.6037,1.7563,0.6357,2.0255,0.6893,2.2719,0.7316,2.2918,0.8823,2.55,1.0748,2.733,1.2556,2.136,0.9898,2.3898,1.2606,2.5738,1.5023,1.8023,1.1433,1.9992,1.41,2.1774,1.6283,1.3555,1.2798,1.44,1.4776,1.5434,1.6564,0.9796,0.6021,1.7592,0.6386,2.0286,0.6942,2.277,0.7347,2.2886,0.8814,2.5489,1.0733,2.7343,1.2534,2.1297,0.9919,2.3859,1.2627,2.5748,1.504,1.7971,1.1419,1.9953,1.4073,2.1754,1.6238,1.3562,1.2749,1.4426,1.4735,1.5461,1.6515,0.9829,0.6047,1.7579,0.6512,2.0283,0.7144,2.2747,0.7663,2.292,0.884,2.5547,1.0781,2.7433,1.2567,2.1323,0.9926,2.3876,1.2683,2.5737,1.5094,1.7999,1.1425,1.9962,1.4101,2.1726,1.6247,1.3575,1.2787,1.4442,1.4776,1.546,1.6537,0.0,0.0,0.0,0.0,0.0,0.0,0.0,0.0,0.0,0.0,0.0,0.0,0.0,0.0,0.0,0.0,0.0,0.0,0.0,0.0,0.0,0.0,0.0,0.0,0.0,0.0,0.0,0.0,0.0,0.0,0.0,0.0,0.0,0.0,0.0,0.0,0.0,0.0,0.0,0.0,0.0,0.0,0.0,0.0,0.0,0.0,0.0,0.0,0.0,0.0,0.0,0.0,0.0,0.0,0.0,0.0,0.0,0.0,0.0,0.0,0.0,0.0,0.0,0.0,0.0,0.0,0.0,0.0,0.0,0.0,0.0,0.0,0.0,0.0,0.0,0.0,0.0,0.0,0.0,0.0,0.0,0.0,0.0,0.0,0.0,0.0,0.0,0.0,0.0,0.0,0.0,0.0,0.0,0.0,0.0,0.0,0.0,0.0,0.0,0.0,0.0,0.0,0.0,0.0,0.0,0.0,0.0,0.0,0.0,0.0,0.0,0.0,0.0,0.0,0.0,0.0,0.0,0.0,0.0,0.0,0.0,0.0,0.0,0.0,0.0,0.0,0.0,0.0,False,False,False,False,False,False,right,False,False,False,True,False,True,
video 06.mp4,7008ee79247df857,37666,10750,11083,129,133,0.9796,0.6021,1.7592,0.6386,2.0286,0.6942,2.277,0.7347,2.2886,0.8814,2.5489,1.0733,2.7343,1.2534,2.1297,0.9919,2.3859,1.2627,2.5748,1.504,1.7971,1.1419,1.9953,1.4073,2.1754,1.6238,1.3562,1.2749,1.4426,1.4735,1.5461,1.6515,0.9829,0.6047,1.7579,0.6512,2.0283,0.7144,2.2747,0.7663,2.292,0.884,2.5547,1.0781,2.7433,1.2567,2.1323,0.9926,2.3876,1.2683,2.5737,1.5094,1.7999,1.1425,1.9962,1.4101,2.1726,1.6247,1.3575,1.2787,1.4442,1.4776,1.546,1.6537,0.9806,0.6038,1.7574,0.6447,2.0268,0.7063,2.273,0.7579,2.2906,0.8865,2.5537,1.0778,2.7414,1.2549,2.1232,0.9953,2.3758,1.2657,2.5635,1.5032,1.7926,1.1441,1.9895,1.4092,2.1672,1.6234,1.3552,1.2789,1.4408,1.4771,1.5419,1.6527,0.9791,0.6002,1.756,0.6404,2.0222,0.6969,2.2678,0.7412,2.2875,0.8886,2.5538,1.0727,2.7475,1.2424,2.1216,0.9979,2.3756,1.2654,2.5665,1.5019,1.7932,1.1445,1.9904,1.4078,2.1701,1.6232,1.3505,1.2796,1.4346,1.4759,1.536,1.652,0.9677,0.6094,1.7344,0.6408,1.9929,0.6989,2.2141,0.746,2.2904,0.8453,2.562,1.0038,2.7643,1.1447,2.1279,0.9931,2.3795,1.2687,2.5574,1.5081,1.8039,1.145,2.0018,1.4107,2.1767,1.6287,1.356,1.2855,1.4399,1.4811,1.5359,1.6558,0.0,0.0,0.0,0.0,0.0,0.0,0.0,0.0,0.0,0.0,0.0,0.0,0.0,0.0,0.0,0.0,0.0,0.0,0.0,0.0,0.0,0.0,0.0,0.0,0.0,0.0,0.0,0.0,0.0,0.0,0.0,0.0,0.0,0.0,0.0,0.0,0.0,0.0,0.0,0.0,0.0,0.0,0.0,0.0,0.0,0.0,0.0,0.0,0.0,0.0,0.0,0.0,0.0,0.0,0.0,0.0,0.0,0.0,0.0,0.0,0.0,0.0,0.0,0.0,0.0,0.0,0.0,0.0,0.0,0.0,0.0,0.0,0.0,0.0,0.0,0.0,0.0,0.0,0.0,0.0,0.0,0.0,0.0,0.0,0.0,0.0,0.0,0.0,0.0,0.0,0.0,0.0,0.0,0.0,0.0,0.0,0.0,0.0,0.0,0.0,0.0,0.0,-0.6475,0.0575,0.0347,-0.5211,0.0988,-0.8294,0.2026,-1.1771,0.0,0.0,0.0,0.0,0.0,0.0,0.0,0.0,0.0,0.0,0.0,0.0,0.0,0.0,0.0,0.0,0.0,0.0,False,False,False,False,False,False,right,False,False,False,True,True,True,
video 06.mp4,7008ee79247df857,37666,11000,11333,132,136,0.9791,0.6002,1.756,0.6404,2.0222,0.6969,2.2678,0.7412,2.2875,0.8886,2.5538,1.0727,2.7475,1.2424,2.1216,0.9979,2.3756,1.2654,2.5665,1.5019,1.7932,1.1445,1.9904,1.4078,2.1701,1.6232,1.3505,1.2796,1.4346,1.4759,1.536,1.652,0.9677,0.6094,1.7344,0.6408,1.9929,0.6989,2.2141,0.746,2.2904,0.8453,2.562,1.0038,2.7643,1.1447,2.1279,0.9931,2.3795,1.2687,2.5574,1.5081,1.8039,1.145,2.0018,1.4107,2.1767,1.6287,1.356,1.2855,1.4399,1.4811,1.5359,1.6558,0.9732,0.6181,1.7456,0.6842,1.9976,0.8097,2.2046,0.9348,2.2952,0.8039,2.5748,0.9276,2.7931,1.0371,2.1252,0.9874,2.3741,1.2628,2.5518,1.4997,1.8077,1.1459,2.0052,1.4117,2.1756,1.6272,1.3619,1.2904,1.4471,1.4855,1.54,1.6579,0.9836,0.6215,1.7607,0.6746,2.0175,0.7722,2.232,0.8645,2.3022,0.819,2.5893,0.9522,2.8154,1.0713,2.1257,0.9925,2.3771,1.267,2.5599,1.5021,1.8082,1.1513,2.0085,1.4192,2.1824,1.6346,1.367,1.2925,1.4516,1.4889,1.5457,1.6623,0.9865,0.6207,1.7626,0.6613,2.0226,0.7444,2.2423,0.8194,2.3058,0.8281,2.5971,0.9659,2.8263,1.0897,2.1294,0.9961,2.3821,1.2705,2.5668,1.5064,1.8131,1.1535,2.0138,1.4204,2.1879,1.6368,1.3707,1.2964,1.453,1.493,1.5472,1.6678,0.0,0.0,0.0,0.0,0.0,0.0,-0.6475,0.0575,0.0347,-0.5211,0.0988,-0.8294,0.2026,-1.1771,0.0,0.0,0.0,0.0,0.0,0.0,0.0,0.0,0.0,0.0,0.0,0.0,0.0,0.0,0.0,0.0,0.0,0.0,0.0,0.0,0.1347,0.5228,0.0566,1.335,-0.1138,2.2754,0.0578,-0.4985,0.1537,-0.9177,0.3467,-1.2959,0.0,0.0,0.0,0.0,0.0,0.0,0.0,0.0,0.0,0.0,0.0,0.0,0.0,0.0,0.0,0.0,0.0,0.0,0.0,0.0,0.0,0.0,0.2374,-0.4471,0.3263,-0.8369,0.0,0.0,0.0,0.0,0.2648,0.4072,0.0,0.0,0.0,0.0,0.0,0.0,0.0,0.0,0.0,0.0,0.0,0.0,0.0,0.0,0.0,0.0,0.0,0.0,0.0,0.0,0.0,0.0,0.0,0.0,0.1242,-0.5437,0.0,0.0,0.0,0.0,0.0,0.0,0.0,0.0,0.0,0.0,0.0,0.0,0.0,0.0,0.0,0.0,0.0,0.0,0.0,0.0,0.0,0.0,0.0,0.0,False,False,False,False,False,False,right,False,False,False,True,True,True,
video 06.mp4,7008ee79247df857,37666,11250,11583,135,139,0.9836,0.6215,1.7607,0.6746,2.0175,0.7722,2.232,0.8645,2.3022,0.819,2.5893,0.9522,2.8154,1.0713,2.1257,0.9925,2.3771,1.267,2.5599,1.5021,1.8082,1.1513,2.0085,1.4192,2.1824,1.6346,1.367,1.2925,1.4516,1.4889,1.5457,1.6623,0.9865,0.6207,1.7626,0.6613,2.0226,0.7444,2.2423,0.8194,2.3058,0.8281,2.5971,0.9659,2.8263,1.0897,2.1294,0.9961,2.3821,1.2705,2.5668,1.5064,1.8131,1.1535,2.0138,1.4204,2.1879,1.6368,1.3707,1.2964,1.453,1.493,1.5472,1.6678,0.9945,0.6177,1.7661,0.6519,2.0277,0.7131,2.2631,0.7695,2.3108,0.8779,2.5963,1.0542,2.8135,1.2184,2.1413,0.9981,2.3958,1.2737,2.583,1.5151,1.8164,1.1554,2.0147,1.4224,2.189,1.6395,1.3697,1.3003,1.4504,1.4974,1.5466,1.6734,0.9942,0.6107,1.7672,0.6419,2.0322,0.6966,2.2738,0.7517,2.3109,0.8958,2.5894,1.0821,2.7965,1.254,2.1452,1.0013,2.399,1.2746,2.5881,1.5165,1.8179,1.1574,2.0154,1.4239,2.1922,1.643,1.3681,1.2998,1.4487,1.4965,1.5467,1.6752,0.9911,0.6114,1.7653,0.6391,2.0309,0.6909,2.2764,0.745,2.3096,0.9009,2.5835,1.0898,2.7842,1.265,2.1483,0.9997,2.4038,1.2737,2.5928,1.5178,1.8196,1.1556,2.0173,1.4223,2.193,1.6409,1.3702,1.3024,1.4501,1.4998,1.5476,1.6791,0.0,0.0,0.0,0.0,0.0,0.0,0.1242,-0.5437,0.0,0.0,0.0,0.0,0.0,0.0,0.0,0.0,0.0,0.0,0.0,0.0,0.0,0.0,0.0,0.0,0.0,0.0,0.0,0.0,0.0,0.0,0.0,0.0,0.0,0.0,0.0,0.0,0.0,0.0,0.2503,-0.6009,0.0606,0.5998,-0.0102,1.0641,-0.154,1.55,0.0,0.0,0.0,0.0,0.0,0.0,0.0,0.0,0.0,0.0,0.0,0.0,0.0,0.0,0.0,0.0,0.0,0.0,0.0,0.0,0.0,0.0,0.0,0.0,0.0,0.0,0.0,0.0,0.0,0.0,-0.2024,0.4242,0.0,0.0,0.0,0.0,0.0,0.0,0.0,0.0,0.0,0.0,0.0,0.0,0.0,0.0,0.0,0.0,0.0,0.0,0.0,0.0,0.0,0.0,0.0,0.0,0.0,0.0,0.0,0.0,0.0,0.0,0.0,0.0,0.0,0.0,0.0,0.0,0.0,0.0,0.0,0.0,0.0,0.0,0.0,0.0,0.0,0.0,0.0,0.0,0.0,0.0,False,False,False,False,False,False,right,False,False,False,True,True,True,
video 06.mp4,7008ee79247df857,37666,11500,11833,138,142,0.9942,0.6107,1.7672,0.6419,2.0322,0.6966,2.2738,0.7517,2.3109,0.8958,2.5894,1.0821,2.7965,1.254,2.1452,1.0013,2.399,1.2746,2.5881,1.5165,1.8179,1.1574,2.0154,1.4239,2.1922,1.643,1.3681,1.2998,1.4487,1.4965,1.5467,1.6752,0.9911,0.6114,1.7653,0.6391,2.0309,0.6909,2.2764,0.745,2.3096,0.9009,2.5835,1.0898,2.7842,1.265,2.1483,0.9997,2.4038,1.2737,2.5928,1.5178,1.8196,1.1556,2.0173,1.4223,2.193,1.6409,1.3702,1.3024,1.4501,1.4998,1.5476,1.6791,0.9906,0.6086,1.7674,0.6394,2.0329,0.6922,2.2792,0.7472,2.3085,0.9035,2.5801,1.092,2.7798,1.2672,2.1453,0.9996,2.4004,1.272,2.5925,1.5158,1.8169,1.1554,2.0149,1.4215,2.1933,1.6393,1.3677,1.3008,1.4474,1.4987,1.5461,1.6785,0.9896,0.609,1.7674,0.6368,2.0332,0.6882,2.2802,0.7405,2.3061,0.9037,2.5752,1.0906,2.7739,1.2651,2.1429,0.999,2.3967,1.2691,2.5897,1.5126,1.8141,1.1563,2.0112,1.4213,2.1915,1.6391,1.3655,1.2991,1.4451,1.4957,1.5453,1.6753,0.9897,0.609,1.7684,0.6381,2.0352,0.6915,2.2838,0.7387,2.3052,0.9031,2.5741,1.09,2.773,1.2634,2.1389,0.9993,2.3924,1.2689,2.5868,1.5115,1.8113,1.1564,2.0079,1.4217,2.1881,1.6395,1.3638,1.2977,1.4436,1.494,1.544,1.6736,0.0,0.0,0.0,0.0,0.0,0.0,0.0,0.0,0.0,0.0,0.0,0.0,0.0,0.0,0.0,0.0,0.0,0.0,0.0,0.0,0.0,0.0,0.0,0.0,0.0,0.0,0.0,0.0,0.0,0.0,0.0,0.0,0.0,0.0,0.0,0.0,0.0,0.0,0.0,0.0,0.0,0.0,0.0,0.0,0.0,0.0,0.0,0.0,0.0,0.0,0.0,0.0,0.0,0.0,0.0,0.0,0.0,0.0,0.0,0.0,0.0,0.0,0.0,0.0,0.0,0.0,0.0,0.0,0.0,0.0,0.0,0.0,0.0,0.0,0.0,0.0,0.0,0.0,0.0,0.0,0.0,0.0,0.0,0.0,0.0,0.0,0.0,0.0,0.0,0.0,0.0,0.0,0.0,0.0,0.0,0.0,0.0,0.0,0.0,0.0,0.0,0.0,0.0,0.0,0.0,0.0,0.0,0.0,0.0,0.0,0.0,0.0,0.0,0.0,0.0,0.0,0.0,0.0,0.0,0.0,0.0,0.0,0.0,0.0,0.0,0.0,0.0,0.0,False,False,False,False,False,False,right,False,False,False,True,False,True,
video 06.mp4,7008ee79247df857,37666,11750,12083,141,145,0.9896,0.609,1.7674,0.6368,2.0332,0.6882,2.2802,0.7405,2.3061,0.9037,2.5752,1.0906,2.7739,1.2651,2.1429,0.999,2.3967,1.2691,2.5897,1.5126,1.8141,1.1563,2.0112,1.4213,2.1915,1.6391,1.3655,1.2991,1.4451,1.4957,1.5453,1.6753,0.9897,0.609,1.7684,0.6381,2.0352,0.6915,2.2838,0.7387,2.3052,0.9031,2.5741,1.09,2.773,1.2634,2.1389,0.9993,2.3924,1.2689,2.5868,1.5115,1.8113,1.1564,2.0079,1.4217,2.1881,1.6395,1.3638,1.2977,1.4436,1.494,1.544,1.6736,0.9899,0.6071,1.7654,0.6386,2.03,0.6929,2.278,0.7407,2.305,0.9005,2.5788,1.0765,2.7853,1.2362,2.1375,1.003,2.3907,1.2697,2.5855,1.5089,1.811,1.1583,2.0069,1.4227,2.186,1.6412,1.3637,1.2962,1.444,1.4923,1.544,1.6718,0.9814,0.6096,1.7501,0.6468,2.0094,0.7065,2.2343,0.7609,2.3073,0.8616,2.5851,1.0167,2.7959,1.1546,2.1463,0.9991,2.3959,1.2759,2.5755,1.5192,1.8239,1.1549,2.0178,1.4224,2.19,1.6433,1.3687,1.2947,1.4494,1.4908,1.5434,1.6683,0.9777,0.6201,1.7542,0.6753,2.0118,0.7801,2.2294,0.8677,2.307,0.8045,2.5896,0.9152,2.8113,1.0099,2.1383,0.9947,2.3886,1.2714,2.5688,1.5104,1.8232,1.1561,2.0193,1.4259,2.1901,1.645,1.3735,1.2989,1.4569,1.4958,1.5501,1.6703,0.0,0.0,0.0,0.0,0.0,0.0,0.0,0.0,0.0,0.0,0.0,0.0,0.0,0.0,0.0,0.0,0.0,0.0,0.0,0.0,0.0,0.0,0.0,0.0,0.0,0.0,0.0,0.0,0.0,0.0,0.0,0.0,0.0,0.0,0.0,0.0,0.0,0.0,0.0,0.0,0.0,0.0,0.0,0.0,0.0,0.0,0.0,0.0,0.0,0.0,0.0,0.0,0.0,0.0,0.0,0.0,0.0,0.0,0.0,0.0,0.0,0.0,0.0,0.0,0.0,0.0,0.0,0.0,0.0,0.0,-0.5206,0.241,0.0275,-0.4624,0.0753,-0.7126,0.126,-0.9708,0.0,0.0,0.0,0.0,0.0,0.0,0.0,0.0,0.0,0.0,0.0,0.0,0.0,0.0,0.0,0.0,0.0,0.0,0.0,0.0,0.0,0.0,0.0284,0.8866,-0.0584,1.2869,-0.003,-0.6886,0.0536,-1.2226,0.1851,-1.7439,0.0,0.0,0.0,0.0,0.0,0.0,0.0,0.0,0.0,0.0,0.0,0.0,0.0,0.0,0.0,0.0,0.0,0.0,False,False,False,False,False,False,right,False,False,False,True,False,True,
video 06.mp4,7008ee79247df857,37666,12000,12333,144,148,0.9814,0.6096,1.7501,0.6468,2.0094,0.7065,2.2343,0.7609,2.3073,0.8616,2.5851,1.0167,2.7959,1.1546,2.1463,0.9991,2.3959,1.2759,2.5755,1.5192,1.8239,1.1549,2.0178,1.4224,2.19,1.6433,1.3687,1.2947,1.4494,1.4908,1.5434,1.6683,0.9777,0.6201,1.7542,0.6753,2.0118,0.7801,2.2294,0.8677,2.307,0.8045,2.5896,0.9152,2.8113,1.0099,2.1383,0.9947,2.3886,1.2714,2.5688,1.5104,1.8232,1.1561,2.0193,1.4259,2.1901,1.645,1.3735,1.2989,1.4569,1.4958,1.5501,1.6703,0.9877,0.6278,1.7711,0.6941,2.02,0.8189,2.2336,0.9279,2.3078,0.7911,2.5956,0.8928,2.8256,0.985,2.1311,0.994,2.3829,1.2707,2.5703,1.5108,1.8148,1.155,2.0158,1.4235,2.1877,1.6415,1.3752,1.2994,1.4598,1.4956,1.5532,1.6693,0.9919,0.6281,1.7757,0.6957,2.0275,0.8182,2.2397,0.9277,2.3071,0.7981,2.5951,0.9107,2.823,1.0144,2.1326,0.9976,2.3863,1.2755,2.5717,1.5154,1.8137,1.1584,2.0175,1.4271,2.1898,1.6445,1.3757,1.3016,1.4611,1.4982,1.5531,1.6709,0.9976,0.6219,1.7765,0.6667,2.0394,0.7483,2.2744,0.8115,2.3094,0.8613,2.5907,1.0367,2.8045,1.2051,2.14,1.0036,2.3981,1.2832,2.5884,1.5286,1.8157,1.1599,2.0177,1.4283,2.1921,1.6455,1.3705,1.3018,1.4518,1.4985,1.5469,1.6719,0.0,0.0,0.0,0.0,0.0284,0.8866,-0.0584,1.2869,-0.003,-0.6886,0.0536,-1.2226,0.1851,-1.7439,0.0,0.0,0.0,0.0,0.0,0.0,0.0,0.0,0.0,0.0,0.0,0.0,0.0,0.0,0.0,0.0,0.0,0.0,0.0,0.0,0.0,0.0,0.0986,0.4669,0.0498,0.7242,0.0,0.0,0.0,0.0,0.0,0.0,0.0,0.0,0.0,0.0,0.0,0.0,0.0,0.0,0.0,0.0,0.0,0.0,0.0,0.0,0.0,0.0,0.0,0.0,0.0,0.0,0.0,0.0,0.0,0.0,0.0,0.0,0.0,0.0,0.0,0.0,0.0,0.0,0.0,0.0,0.0,0.0,0.0,0.0,0.0,0.0,0.0,0.0,0.0,0.0,0.0,0.0,0.0,0.0,0.0,0.0,0.0,0.0,0.0,0.0,0.1436,-0.8413,0.4189,-1.4005,0.0276,0.7616,-0.0538,1.5178,-0.2231,2.2972,0.0,0.0,0.0,0.0,0.0,0.0,0.0,0.0,0.0,0.0,0.0,0.0,0.0,0.0,0.0,0.0,0.0,0.0,False,False,False,False,False,False,right,False,False,False,True,True,True,
video 06.mp4,7008ee79247df857,37666,12250,12583,147,151,0.9919,0.6281,1.7757,0.6957,2.0275,0.8182,2.2397,0.9277,2.3071,0.7981,2.5951,0.9107,2.823,1.0144,2.1326,0.9976,2.3863,1.2755,2.5717,1.5154,1.8137,1.1584,2.0175,1.4271,2.1898,1.6445,1.3757,1.3016,1.4611,1.4982,1.5531,1.6709,0.9976,0.6219,1.7765,0.6667,2.0394,0.7483,2.2744,0.8115,2.3094,0.8613,2.5907,1.0367,2.8045,1.2051,2.14,1.0036,2.3981,1.2832,2.5884,1.5286,1.8157,1.1599,2.0177,1.4283,2.1921,1.6455,1.3705,1.3018,1.4518,1.4985,1.5469,1.6719,0.9984,0.6161,1.7741,0.6525,2.0381,0.7138,2.278,0.7752,2.3101,0.89,2.5858,1.0806,2.7889,1.2594,2.1455,1.0011,2.4014,1.2783,2.5918,1.524,1.8176,1.1572,2.0177,1.426,2.1942,1.646,1.3682,1.3011,1.4489,1.4981,1.5467,1.6754,0.9944,0.613,1.7703,0.6411,2.0357,0.6949,2.2778,0.7535,2.3085,0.8985,2.5778,1.0895,2.7743,1.2667,2.1448,0.9993,2.3989,1.2724,2.5894,1.5161,1.8158,1.1555,2.0143,1.4232,2.1931,1.6437,1.3648,1.3011,1.4445,1.4974,1.5443,1.6758,0.991,0.6101,1.7689,0.6332,2.0355,0.6865,2.2802,0.7429,2.3056,0.9005,2.5732,1.0907,2.7694,1.2674,2.1413,0.9983,2.3956,1.2703,2.5876,1.5142,1.813,1.1549,2.0109,1.4229,2.1913,1.6437,1.3623,1.2975,1.4425,1.4935,1.5434,1.6723,0.0,0.0,0.0,0.0,0.1436,-0.8413,0.4189,-1.4005,0.0276,0.7616,-0.0538,1.5178,-0.2231,2.2972,0.0,0.0,0.0,0.0,0.0,0.0,0.0,0.0,0.0,0.0,0.0,0.0,0.0,0.0,0.0,0.0,0.0,0.0,0.0,0.0,0.0,0.0,-0.0162,-0.4163,0.0424,-0.4378,0.0,0.0,-0.0592,0.5291,-0.1876,0.6541,0.0,0.0,0.0,0.0,0.0,0.0,0.0,0.0,0.0,0.0,0.0,0.0,0.0,0.0,0.0,0.0,0.0,0.0,0.0,0.0,0.0,0.0,0.0,0.0,0.0,0.0,0.0,0.0,0.0,0.0,0.0,0.0,0.0,0.0,0.0,0.0,0.0,0.0,0.0,0.0,0.0,0.0,0.0,0.0,0.0,0.0,0.0,0.0,0.0,0.0,0.0,0.0,0.0,0.0,0.0,0.0,0.0,0.0,0.0,0.0,0.0,0.0,0.0,0.0,0.0,0.0,0.0,0.0,0.0,0.0,0.0,0.0,0.0,0.0,0.0,0.0,0.0,0.0,0.0,0.0,0.0,0.0,False,False,False,False,False,False,right,False,False,False,True,True,True,
video 06.mp4,7008ee79247df857,37666,12500,12833,150,154,0.9944,0.613,1.7703,0.6411,2.0357,0.6949,2.2778,0.7535,2.3085,0.8985,2.5778,1.0895,2.7743,1.2667,2.1448,0.9993,2.3989,1.2724,2.5894,1.5161,1.8158,1.1555,2.0143,1.4232,2.1931,1.6437,1.3648,1.3011,1.4445,1.4974,1.5443,1.6758,0.991,0.6101,1.7689,0.6332,2.0355,0.6865,2.2802,0.7429,2.3056,0.9005,2.5732,1.0907,2.7694,1.2674,2.1413,0.9983,2.3956,1.2703,2.5876,1.5142,1.813,1.1549,2.0109,1.4229,2.1913,1.6437,1.3623,1.2975,1.4425,1.4935,1.5434,1.6723,0.9897,0.6035,1.7695,0.6354,2.037,0.6908,2.283,0.7417,2.3044,0.8998,2.5721,1.09,2.7675,1.2667,2.1395,0.999,2.3926,1.2708,2.5845,1.514,1.8115,1.1528,2.008,1.4205,2.188,1.6399,1.3603,1.2906,1.4423,1.4884,1.5431,1.6682,0.9879,0.5967,1.7686,0.6334,2.0334,0.6882,2.2803,0.7338,2.299,0.9005,2.5637,1.0881,2.7581,1.2635,2.1319,0.9999,2.3813,1.2669,2.5757,1.5075,1.8055,1.1509,2.001,1.4165,2.1817,1.6361,1.3582,1.2861,1.4397,1.4825,1.5404,1.6622,0.9848,0.5861,1.7641,0.6137,2.0279,0.6665,2.2713,0.721,2.2895,0.904,2.5517,1.0874,2.7495,1.2636,2.1282,1.0141,2.3778,1.2737,2.5711,1.5122,1.7999,1.1267,1.9984,1.3448,2.1805,1.5295,1.3563,1.2792,1.4324,1.4691,1.5302,1.6457,0.0,0.0,0.0,0.0,0.0,0.0,0.0,0.0,0.0,0.0,0.0,0.0,0.0,0.0,0.0,0.0,0.0,0.0,0.0,0.0,0.0,0.0,0.0,0.0,0.0,0.0,0.0,0.0,0.0,0.0,0.0,0.0,0.0,0.0,0.0,0.0,0.0,0.0,0.0,0.0,0.0,0.0,0.0,0.0,0.0,0.0,0.0,0.0,0.0,0.0,0.0,0.0,0.0,0.0,0.0,0.0,0.0,0.0,0.0,0.0,0.0,0.0,0.0,0.0,0.0,0.0,0.0,0.0,0.0,0.0,0.0,0.0,0.0,0.0,0.0,0.0,0.0,0.0,0.0,0.0,0.0,0.0,0.0,0.0,0.0,0.0,0.0,0.0,0.0,0.0,0.0,0.0,0.0,0.0,0.0,0.0,0.0,0.0,0.0,0.0,0.0,0.0,0.0,0.0,0.0,0.0,0.0,0.0,0.0,0.0,0.0,0.0,0.0,0.0,0.0,0.0,0.0,0.0,-0.0311,-0.8638,-0.014,-1.2848,0.0,0.0,0.0,0.0,0.0,0.0,False,False,False,False,False,False,right,False,False,False,True,False,True,
video 06.mp4,7008ee79247df857,37666,12750,13083,153,157,0.9879,0.5967,1.7686,0.6334,2.0334,0.6882,2.2803,0.7338,2.299,0.9005,2.5637,1.0881,2.7581,1.2635,2.1319,0.9999,2.3813,1.2669,2.5757,1.5075,1.8055,1.1509,2.001,1.4165,2.1817,1.6361,1.3582,1.2861,1.4397,1.4825,1.5404,1.6622,0.9848,0.5861,1.7641,0.6137,2.0279,0.6665,2.2713,0.721,2.2895,0.904,2.5517,1.0874,2.7495,1.2636,2.1282,1.0141,2.3778,1.2737,2.5711,1.5122,1.7999,1.1267,1.9984,1.3448,2.1805,1.5295,1.3563,1.2792,1.4324,1.4691,1.5302,1.6457,0.9797,0.5875,1.7574,0.6139,2.0152,0.6669,2.2622,0.7211,2.282,0.9067,2.5438,1.088,2.7426,1.2653,2.1209,1.0132,2.3697,1.2688,2.566,1.5066,1.7865,1.1034,1.9872,1.2954,2.1687,1.4626,1.3539,1.2745,1.4282,1.4616,1.5282,1.6367,0.9845,0.5872,1.7591,0.6123,2.0145,0.6626,2.2586,0.7122,2.2807,0.9087,2.5386,1.0895,2.7345,1.2687,2.1157,1.0175,2.3628,1.2666,2.5582,1.4995,1.7826,1.1009,1.9826,1.2875,2.1637,1.4504,1.3586,1.272,1.4326,1.4587,1.5321,1.6314,0.9804,0.5879,1.7525,0.6109,2.0092,0.6603,2.2544,0.7111,2.2769,0.909,2.5359,1.0892,2.7334,1.2671,2.1165,1.0169,2.363,1.2656,2.5571,1.4984,1.7822,1.099,1.983,1.2874,2.1657,1.4516,1.3635,1.2728,1.4403,1.4599,1.5429,1.6335,0.0,0.0,0.0,0.0,0.0,0.0,0.0,0.0,0.0,0.0,0.0,0.0,0.0,0.0,0.0,0.0,0.0,0.0,0.0,0.0,0.0,0.0,-0.0311,-0.8638,-0.014,-1.2848,0.0,0.0,0.0,0.0,0.0,0.0,0.0,0.0,0.0,0.0,0.0,0.0,0.0,0.0,0.0,0.0,0.0,0.0,0.0,0.0,0.0,0.0,0.0,0.0,0.0,0.0,0.0,0.0,-0.1357,-0.5956,-0.1422,-0.8053,0.0,0.0,0.0,0.0,0.0,0.0,0.0,0.0,0.0,0.0,0.0,0.0,0.0,0.0,0.0,0.0,0.0,0.0,0.0,0.0,0.0,0.0,0.0,0.0,0.0,0.0,0.0,0.0,0.0,0.0,0.0,0.0,0.0,0.0,0.0,0.0,0.0,0.0,0.0,0.0,0.0,0.0,0.0,0.0,0.0,0.0,0.0,0.0,0.0,0.0,0.0,0.0,0.0,0.0,0.0,0.0,0.0,0.0,0.0,0.0,0.0,0.0,0.0,0.0,0.0,0.0,0.0,0.0,0.0,0.0,False,False,False,False,False,False,right,False,False,False,True,False,True,
video 06.mp4,7008ee79247df857,37666,13000,13333,156,160,0.9845,0.5872,1.7591,0.6123,2.0145,0.6626,2.2586,0.7122,2.2807,0.9087,2.5386,1.0895,2.7345,1.2687,2.1157,1.0175,2.3628,1.2666,2.5582,1.4995,1.7826,1.1009,1.9826,1.2875,2.1637,1.4504,1.3586,1.272,1.4326,1.4587,1.5321,1.6314,0.9804,0.5879,1.7525,0.6109,2.0092,0.6603,2.2544,0.7111,2.2769,0.909,2.5359,1.0892,2.7334,1.2671,2.1165,1.0169,2.363,1.2656,2.5571,1.4984,1.7822,1.099,1.983,1.2874,2.1657,1.4516,1.3635,1.2728,1.4403,1.4599,1.5429,1.6335,0.9701,0.5916,1.7487,0.6152,2.0073,0.6679,2.2534,0.722,2.2694,0.8938,2.5285,1.0783,2.7239,1.2546,2.1093,0.9937,2.3602,1.2495,2.5551,1.4849,1.7844,1.1125,1.9901,1.3466,2.1761,1.5504,1.3549,1.2749,1.4413,1.463,1.5492,1.638,0.9698,0.5929,1.7449,0.6199,2.0062,0.6751,2.2533,0.7233,2.2685,0.8903,2.5319,1.0774,2.7264,1.2544,2.1069,0.9863,2.362,1.2444,2.5564,1.4796,1.7863,1.1237,1.9943,1.3739,2.1809,1.5853,1.3534,1.2781,1.4416,1.4684,1.548,1.6444,0.9712,0.5924,1.7413,0.6205,2.0015,0.6731,2.2444,0.7254,2.2695,0.8892,2.5321,1.077,2.7253,1.2526,2.1112,0.9793,2.3648,1.2412,2.5555,1.4787,1.7911,1.1293,1.998,1.3844,2.1845,1.597,1.3507,1.2808,1.4398,1.472,1.5469,1.6487,0.0,0.0,0.0,0.0,0.0,0.0,0.0,0.0,0.0,0.0,0.0,0.0,0.0,0.0,0.0,0.0,0.0,0.0,0.0,0.0,0.0,0.0,0.0,0.0,0.0,0.0,0.0,0.0,0.0,0.0,0.0,0.0,0.0,0.0,0.0,0.0,0.0,0.0,0.0,0.0,0.0,0.0,0.0,0.0,0.0,0.0,0.0,0.0,0.0,0.0,0.0,0.0,0.0,0.0,0.0859,0.7138,0.1256,1.1894,0.0,0.0,0.0,0.0,0.0,0.0,0.0,0.0,0.0,0.0,0.0,0.0,0.0,0.0,0.0,0.0,0.0,0.0,0.0,0.0,0.0,0.0,0.0,0.0,0.0,0.0,0.0,0.0,0.0,0.0,0.0569,0.4155,0.0,0.0,0.0,0.0,0.0,0.0,0.0,0.0,0.0,0.0,0.0,0.0,0.0,0.0,0.0,0.0,0.0,0.0,0.0,0.0,0.0,0.0,0.0,0.0,0.0,0.0,0.0,0.0,0.0,0.0,0.0,0.0,0.0,0.0,0.0,0.0,0.0,0.0,False,False,False,True,False,False,right,False,False,False,True,False,True,
video 06.mp4,7008ee79247df857,37666,13250,13583,159,163,0.9698,0.5929,1.7449,0.6199,2.0062,0.6751,2.2533,0.7233,2.2685,0.8903,2.5319,1.0774,2.7264,1.2544,2.1069,0.9863,2.362,1.2444,2.5564,1.4796,1.7863,1.1237,1.9943,1.3739,2.1809,1.5853,1.3534,1.2781,1.4416,1.4684,1.548,1.6444,0.9712,0.5924,1.7413,0.6205,2.0015,0.6731,2.2444,0.7254,2.2695,0.8892,2.5321,1.077,2.7253,1.2526,2.1112,0.9793,2.3648,1.2412,2.5555,1.4787,1.7911,1.1293,1.998,1.3844,2.1845,1.597,1.3507,1.2808,1.4398,1.472,1.5469,1.6487,0.9715,0.5976,1.7382,0.6204,1.9972,0.6722,2.2376,0.7304,2.276,0.8829,2.547,1.0596,2.753,1.2192,2.1144,0.9807,2.3671,1.2451,2.5558,1.4825,1.798,1.131,2.0048,1.3877,2.1895,1.6003,1.3504,1.282,1.4398,1.4747,1.5463,1.6526,0.9671,0.6004,1.7363,0.617,2.0002,0.6659,2.2397,0.718,2.2748,0.8595,2.549,1.0072,2.7605,1.1373,2.1194,0.9861,2.3709,1.2501,2.556,1.4859,1.8062,1.1352,2.0139,1.3936,2.1996,1.6083,1.3589,1.2848,1.449,1.4798,1.5553,1.656,0.9697,0.6104,1.7386,0.6365,2.0033,0.6968,2.2409,0.7572,2.285,0.8376,2.5715,0.9718,2.7962,1.0884,2.1247,0.9843,2.3787,1.2553,2.5608,1.4924,1.8176,1.1382,2.0265,1.4014,2.2079,1.6167,1.3652,1.2952,1.4581,1.4912,1.5624,1.6659,0.0,0.0,0.0,0.0,0.0,0.0,0.0,0.0,0.0,0.0,0.0,0.0,0.0,0.0,0.0,0.0,0.0,0.0,0.0,0.0,0.0,0.0,0.0,0.0,0.0,0.0,0.0,0.0,0.0,0.0,0.0,0.0,0.0,0.0,0.0,0.0,0.0,0.0,0.0,0.0,0.0,0.0,0.0,0.0,0.3339,-0.4025,0.0,0.0,0.0,0.0,0.0,0.0,0.0,0.0,0.0,0.0,0.0,0.0,0.0,0.0,0.0,0.0,0.0,0.0,0.0,0.0,0.0,0.0,0.0,0.0,0.0,0.0,0.0,0.0,0.0238,-0.6238,0.0892,-0.9749,0.0,0.0,0.0,0.0,0.0,0.0,0.0,0.0,0.0,0.0,0.0,0.0,0.0,0.0,0.0,0.0,0.0,0.0,0.0,0.0,0.0,0.0,0.0,0.0,0.0141,0.4727,0.0,0.0,0.2712,-0.4265,0.4301,-0.5884,0.0,0.0,0.0,0.0,0.0,0.0,0.0,0.0,0.0,0.0,0.0,0.0,0.0,0.0,0.0,0.0,0.0,0.0,False,False,False,False,False,False,right,False,False,False,True,False,True,
video 06.mp4,7008ee79247df857,37666,13500,13833,162,166,0.9671,0.6004,1.7363,0.617,2.0002,0.6659,2.2397,0.718,2.2748,0.8595,2.549,1.0072,2.7605,1.1373,2.1194,0.9861,2.3709,1.2501,2.556,1.4859,1.8062,1.1352,2.0139,1.3936,2.1996,1.6083,1.3589,1.2848,1.449,1.4798,1.5553,1.656,0.9697,0.6104,1.7386,0.6365,2.0033,0.6968,2.2409,0.7572,2.285,0.8376,2.5715,0.9718,2.7962,1.0884,2.1247,0.9843,2.3787,1.2553,2.5608,1.4924,1.8176,1.1382,2.0265,1.4014,2.2079,1.6167,1.3652,1.2952,1.4581,1.4912,1.5624,1.6659,0.9764,0.6143,1.746,0.6404,2.0101,0.7043,2.2444,0.7745,2.2908,0.8418,2.5806,0.9795,2.8067,1.1013,2.1307,0.9846,2.3857,1.2565,2.5673,1.4948,1.8246,1.1432,2.0341,1.4056,2.216,1.6212,1.373,1.2988,1.4643,1.4963,1.567,1.6724,0.9804,0.6209,1.7472,0.64,2.0094,0.7062,2.2401,0.7805,2.2941,0.8428,2.5835,0.9844,2.8086,1.1102,2.1367,0.986,2.393,1.2599,2.5735,1.4995,1.8306,1.148,2.0428,1.4104,2.2258,1.6271,1.3783,1.3034,1.4695,1.5017,1.5717,1.6794,0.9911,0.6214,1.7571,0.6346,2.0242,0.6972,2.2629,0.7553,2.3,0.8716,2.5836,1.025,2.8031,1.1634,2.1421,0.9928,2.4009,1.2613,2.5886,1.5004,1.834,1.159,2.0433,1.4161,2.2274,1.6311,1.3786,1.3122,1.4665,1.5075,1.5703,1.6848,0.0,0.0,0.0,0.0,0.0,0.0,0.0141,0.4727,0.0,0.0,0.2712,-0.4265,0.4301,-0.5884,0.0,0.0,0.0,0.0,0.0,0.0,0.0,0.0,0.0,0.0,0.0,0.0,0.0,0.0,0.0,0.0,0.0,0.0,0.0,0.0,0.0,0.0,0.0,0.0,0.0,0.0,0.0,0.0,0.0,0.0,0.0,0.0,0.0,0.0,0.0,0.0,0.0,0.0,0.0,0.0,0.0,0.0,0.0,0.0,0.0,0.0,0.0,0.0,0.0,0.0,0.0,0.0,0.0,0.0,0.0,0.0,0.0,0.0,0.0,0.0,0.0,0.0,0.0,0.0,0.0,0.0,0.0,0.0,0.0,0.0,0.0,0.0,0.0,0.0,0.0,0.0,0.0,0.0,0.0,0.0,0.0,0.0,0.0,0.0,0.0,0.0,0.0,0.0,0.2742,-0.3035,0.0,0.0,0.0008,0.4885,-0.0666,0.6401,0.0,0.0,0.0,0.0,0.0,0.0,0.0,0.0,0.0,0.0,0.0,0.0,0.0,0.0,0.0,0.0,0.0,0.0,False,False,False,False,False,False,right,False,False,False,True,False,True,
video 06.mp4,7008ee79247df857,37666,13750,14083,165,169,0.9804,0.6209,1.7472,0.64,2.0094,0.7062,2.2401,0.7805,2.2941,0.8428,2.5835,0.9844,2.8086,1.1102,2.1367,0.986,2.393,1.2599,2.5735,1.4995,1.8306,1.148,2.0428,1.4104,2.2258,1.6271,1.3783,1.3034,1.4695,1.5017,1.5717,1.6794,0.9911,0.6214,1.7571,0.6346,2.0242,0.6972,2.2629,0.7553,2.3,0.8716,2.5836,1.025,2.8031,1.1634,2.1421,0.9928,2.4009,1.2613,2.5886,1.5004,1.834,1.159,2.0433,1.4161,2.2274,1.6311,1.3786,1.3122,1.4665,1.5075,1.5703,1.6848,0.9916,0.6172,1.7575,0.6352,2.0279,0.6992,2.2669,0.7641,2.301,0.907,2.5773,1.1057,2.7862,1.2857,2.1482,0.9906,2.4071,1.2609,2.5952,1.5008,1.8347,1.1549,2.0419,1.4148,2.2246,1.6281,1.3763,1.3143,1.4625,1.5102,1.5668,1.687,0.9947,0.6102,1.7616,0.6307,2.0302,0.6903,2.2725,0.7499,2.3027,0.9188,2.5736,1.127,2.7734,1.316,2.1472,0.9925,2.4069,1.2605,2.5962,1.4993,1.8311,1.1558,2.04,1.4149,2.2245,1.6269,1.375,1.3144,1.4614,1.5107,1.567,1.6871,0.9931,0.6016,1.7596,0.6224,2.0269,0.6759,2.2696,0.7265,2.3006,0.9219,2.5678,1.13,2.7638,1.3199,2.1455,0.9936,2.4023,1.2602,2.5909,1.4993,1.826,1.1505,2.0336,1.4091,2.2187,1.6212,1.3715,1.3082,1.4576,1.5048,1.564,1.6822,0.0,0.0,0.0,0.0,0.0,0.0,0.2742,-0.3035,0.0,0.0,0.0008,0.4885,-0.0666,0.6401,0.0,0.0,0.0,0.0,0.0,0.0,0.0,0.0,0.0,0.0,0.0,0.0,0.0,0.0,0.0,0.0,0.0,0.0,0.0,0.0,0.0,0.0,0.0,0.0,0.0,0.0,0.0116,0.4264,-0.0757,0.9723,-0.203,1.4741,0.0,0.0,0.0,0.0,0.0,0.0,0.0,0.0,0.0,0.0,0.0,0.0,0.0,0.0,0.0,0.0,0.0,0.0,0.0,0.0,0.0,0.0,0.0,0.0,0.0,0.0,0.0,0.0,0.0,0.0,0.0,0.0,0.0,0.0,0.0,0.0,0.0,0.0,0.0,0.0,0.0,0.0,0.0,0.0,0.0,0.0,0.0,0.0,0.0,0.0,0.0,0.0,0.0,0.0,0.0,0.0,0.0,0.0,0.0,0.0,0.0,0.0,0.0,0.0,0.0,0.0,0.0,0.0,0.0,0.0,0.0,0.0,0.0,0.0,0.0,0.0,0.0,0.0,0.0,0.0,0.0,0.0,False,False,False,False,False,False,right,False,False,False,True,True,True,
video 06.mp4,7008ee79247df857,37666,14000,14333,168,172,0.9947,0.6102,1.7616,0.6307,2.0302,0.6903,2.2725,0.7499,2.3027,0.9188,2.5736,1.127,2.7734,1.316,2.1472,0.9925,2.4069,1.2605,2.5962,1.4993,1.8311,1.1558,2.04,1.4149,2.2245,1.6269,1.375,1.3144,1.4614,1.5107,1.567,1.6871,0.9931,0.6016,1.7596,0.6224,2.0269,0.6759,2.2696,0.7265,2.3006,0.9219,2.5678,1.13,2.7638,1.3199,2.1455,0.9936,2.4023,1.2602,2.5909,1.4993,1.826,1.1505,2.0336,1.4091,2.2187,1.6212,1.3715,1.3082,1.4576,1.5048,1.564,1.6822,0.9909,0.5932,1.7594,0.6125,2.0252,0.6621,2.267,0.7136,2.2939,0.9288,2.552,1.1309,2.7437,1.3206,2.1426,1.01,2.397,1.2633,2.5876,1.4958,1.8081,1.1428,2.0131,1.3746,2.1991,1.5672,1.3578,1.3068,1.4345,1.5025,1.5344,1.6808,0.9869,0.5856,1.7503,0.6087,2.0106,0.6505,2.2509,0.6948,2.2857,0.9313,2.5394,1.1299,2.7328,1.317,2.1385,1.0144,2.3918,1.2594,2.5865,1.4842,1.8014,1.1234,2.0089,1.3432,2.1987,1.5319,1.3542,1.2862,1.4287,1.4813,1.5277,1.6626,0.9813,0.5818,1.751,0.6101,2.0105,0.6558,2.2533,0.7014,2.2797,0.9274,2.5322,1.1279,2.7232,1.3191,2.1233,1.0113,2.3769,1.2545,2.5762,1.4765,1.7855,1.1075,1.9934,1.3149,2.1832,1.495,1.349,1.2764,1.4242,1.4685,1.5245,1.6491,0.0,0.0,0.0,0.0,0.0,0.0,0.0,0.0,0.0,0.0,0.0,0.0,0.0,0.0,0.0,0.0,0.0,0.0,0.0,0.0,0.0,0.0,0.0,0.0,0.0,0.0,0.0,0.0,0.0,0.0,0.0,0.0,0.0,0.0,0.0,0.0,0.0,0.0,0.0,0.0,0.0,0.0,0.0,0.0,0.0,0.0,0.0,0.0,0.0,0.0,0.0,0.0,0.0,0.0,-0.2473,-0.4149,-0.2371,-0.6501,0.0,0.0,0.0,0.0,0.0,0.0,0.0,0.0,0.0,0.0,0.0,0.0,0.0,0.0,0.0,0.0,0.0,0.0,0.0,0.0,0.0,0.0,0.0,0.0,0.0,0.0,0.0,0.0,0.0,0.0,-0.0044,-0.4203,0.0,0.0,0.0,0.0,0.0,0.0,0.0,0.0,0.0,0.0,0.0,0.0,0.0,0.0,0.0,0.0,0.0,0.0,0.0,0.0,0.0,0.0,0.0,0.0,0.0,0.0,0.0,0.0,0.0,0.0,-0.1872,-0.4455,0.0,0.0,0.0,0.0,0.0,0.0,False,False,False,False,False,False,right,False,False,False,True,False,True,
video 06.mp4,7008ee79247df857,37666,14250,14583,171,175,0.9869,0.5856,1.7503,0.6087,2.0106,0.6505,2.2509,0.6948,2.2857,0.9313,2.5394,1.1299,2.7328,1.317,2.1385,1.0144,2.3918,1.2594,2.5865,1.4842,1.8014,1.1234,2.0089,1.3432,2.1987,1.5319,1.3542,1.2862,1.4287,1.4813,1.5277,1.6626,0.9813,0.5818,1.751,0.6101,2.0105,0.6558,2.2533,0.7014,2.2797,0.9274,2.5322,1.1279,2.7232,1.3191,2.1233,1.0113,2.3769,1.2545,2.5762,1.4765,1.7855,1.1075,1.9934,1.3149,2.1832,1.495,1.349,1.2764,1.4242,1.4685,1.5245,1.6491,0.9792,0.5845,1.7503,0.6102,2.009,0.6554,2.2502,0.7058,2.2752,0.9266,2.5279,1.1264,2.7182,1.3175,2.1229,1.0094,2.3754,1.2527,2.5731,1.4765,1.7822,1.1093,1.9874,1.3242,2.1759,1.5102,1.3461,1.2736,1.4214,1.4663,1.521,1.6473,0.9704,0.5863,1.7385,0.6157,2.0033,0.6621,2.2476,0.7059,2.2678,0.9161,2.5234,1.1247,2.7137,1.3174,2.1123,0.9892,2.3673,1.2402,2.5609,1.4658,1.7759,1.1166,1.9837,1.3529,2.1708,1.5539,1.3354,1.2803,1.4154,1.4753,1.5165,1.6562,0.9718,0.5898,1.7416,0.6204,2.0071,0.6738,2.2535,0.7134,2.2637,0.9113,2.5197,1.1215,2.7054,1.3164,2.1054,0.9819,2.3613,1.2343,2.5531,1.4617,1.7699,1.1245,1.977,1.3692,2.1621,1.5713,1.3301,1.2857,1.4112,1.482,1.5121,1.6598,0.0,0.0,0.0,0.0,0.0,0.0,0.0,0.0,0.0,0.0,0.0,0.0,0.0,0.0,0.0,0.0,0.0,0.0,0.0,0.0,0.0,0.0,0.0,0.0,-0.1872,-0.4455,0.0,0.0,0.0,0.0,0.0,0.0,0.0,0.0,0.0,0.0,0.0,0.0,0.0,0.0,0.0,0.0,0.0,0.0,0.0,0.0,0.0,0.0,0.0,0.0,0.0,0.0,0.0,0.0,0.0,0.0,0.0,0.0,0.0,0.0,0.0,0.0,0.0,0.0,0.0,0.0,0.0,0.0,0.0,0.0,0.0,0.0,0.0,0.0,0.0,0.0,0.0,0.0,0.0,0.0,0.0,0.0,0.0,0.0,0.0,0.0,0.0,0.0,-0.06,0.5197,0.0,0.0,0.0,0.0,0.0,0.0,0.0,0.0,0.0,0.0,0.0,0.0,0.0,0.0,0.0,0.0,0.0,0.0,0.0,0.0,0.0,0.0,0.0,0.0,0.0,0.0,0.0,0.0,0.0,0.0,0.0,0.0,0.0,0.0,0.0,0.0,0.0,0.0,False,False,False,True,False,False,right,False,False,False,True,False,True,
video 06.mp4,7008ee79247df857,37666,14500,14833,174,178,0.9704,0.5863,1.7385,0.6157,2.0033,0.6621,2.2476,0.7059,2.2678,0.9161,2.5234,1.1247,2.7137,1.3174,2.1123,0.9892,2.3673,1.2402,2.5609,1.4658,1.7759,1.1166,1.9837,1.3529,2.1708,1.5539,1.3354,1.2803,1.4154,1.4753,1.5165,1.6562,0.9718,0.5898,1.7416,0.6204,2.0071,0.6738,2.2535,0.7134,2.2637,0.9113,2.5197,1.1215,2.7054,1.3164,2.1054,0.9819,2.3613,1.2343,2.5531,1.4617,1.7699,1.1245,1.977,1.3692,2.1621,1.5713,1.3301,1.2857,1.4112,1.482,1.5121,1.6598,0.978,0.5934,1.7442,0.6242,2.0106,0.6802,2.2586,0.7224,2.268,0.9088,2.5291,1.1166,2.7178,1.3089,2.108,0.977,2.3608,1.2329,2.5468,1.4624,1.7756,1.1307,1.9803,1.3809,2.1628,1.5843,1.3313,1.2901,1.4124,1.4876,1.5132,1.6651,0.982,0.608,1.7472,0.636,2.0162,0.7011,2.2579,0.7612,2.2816,0.878,2.5632,1.0491,2.7746,1.1984,2.1191,0.9809,2.3691,1.2441,2.5493,1.4754,1.7941,1.1337,1.9953,1.3916,2.1714,1.6014,1.3411,1.294,1.4226,1.4928,1.5202,1.6705,0.9854,0.6241,1.7571,0.6558,2.0207,0.7373,2.2502,0.8192,2.2961,0.8365,2.5853,0.9788,2.8052,1.1026,2.1273,0.9828,2.3803,1.2532,2.5577,1.4857,1.805,1.1404,2.0067,1.402,2.1796,1.6128,1.3528,1.2959,1.4358,1.4966,1.528,1.6744,0.0,0.0,0.0,0.0,0.0,0.0,0.0,0.0,0.0,0.0,0.0,0.0,0.0,0.0,0.0,0.0,0.0,0.0,0.0,0.0,0.0,0.0,0.0,0.0,0.0,0.0,0.0,0.0,0.0,0.0,0.0,0.0,0.0,0.0,0.0,0.0,0.0,0.0,0.0,0.0,0.0,0.0,0.0,0.0,0.0,0.0,0.0,0.0,0.0,0.0,0.0,0.0,0.0,0.0,0.0,0.0,0.0,0.0,0.0,0.0,0.0,0.0,0.0,0.0,0.0,0.0,0.0,0.0,0.0,0.0,-0.0079,0.4616,0.1622,-0.3674,0.4062,-0.8025,0.6753,-1.3151,0.0,0.0,0.0,0.0,0.0,0.0,0.0,0.0,0.0,0.0,0.0,0.0,0.0,0.0,0.0,0.0,0.0,0.0,0.0,0.0,0.0,0.0,0.0538,0.4356,-0.0926,0.6988,0.1746,-0.4993,0.2663,-0.8469,0.3696,-1.1541,0.0,0.0,0.0,0.0,0.0,0.0,0.0,0.0,0.0,0.0,0.0,0.0,0.0,0.0,0.0,0.0,0.0,0.0,False,False,False,False,False,False,right,False,False,False,True,True,True,
video 06.mp4,7008ee79247df857,37666,14750,15083,177,181,0.982,0.608,1.7472,0.636,2.0162,0.7011,2.2579,0.7612,2.2816,0.878,2.5632,1.0491,2.7746,1.1984,2.1191,0.9809,2.3691,1.2441,2.5493,1.4754,1.7941,1.1337,1.9953,1.3916,2.1714,1.6014,1.3411,1.294,1.4226,1.4928,1.5202,1.6705,0.9854,0.6241,1.7571,0.6558,2.0207,0.7373,2.2502,0.8192,2.2961,0.8365,2.5853,0.9788,2.8052,1.1026,2.1273,0.9828,2.3803,1.2532,2.5577,1.4857,1.805,1.1404,2.0067,1.402,2.1796,1.6128,1.3528,1.2959,1.4358,1.4966,1.528,1.6744,0.9863,0.6269,1.7635,0.6722,2.0283,0.7787,2.2483,0.897,2.3027,0.8243,2.5946,0.9653,2.819,1.0896,2.1347,0.9865,2.3885,1.263,2.5656,1.4968,1.809,1.145,2.0088,1.4075,2.1802,1.6171,1.3539,1.2987,1.436,1.4998,1.5273,1.6759,0.9871,0.62,1.7658,0.6612,2.0379,0.7453,2.2741,0.8246,2.3006,0.8642,2.5866,1.0319,2.8007,1.1915,2.1285,0.9904,2.3808,1.2598,2.5607,1.4932,1.8019,1.146,2.0032,1.4054,2.1783,1.6157,1.3517,1.2989,1.4314,1.499,1.5253,1.6768,0.991,0.6162,1.7701,0.6567,2.04,0.7287,2.2855,0.781,2.3039,0.8848,2.5873,1.0685,2.7963,1.2452,2.1319,0.9872,2.3858,1.2568,2.5697,1.4961,1.8008,1.1468,2.0027,1.4046,2.1791,1.6143,1.3524,1.3009,1.4316,1.5024,1.5268,1.6825,0.0,0.0,0.0,0.0,0.0538,0.4356,-0.0926,0.6988,0.1746,-0.4993,0.2663,-0.8469,0.3696,-1.1541,0.0,0.0,0.0,0.0,0.0,0.0,0.0,0.0,0.0,0.0,0.0,0.0,0.0,0.0,0.0,0.0,0.0,0.0,0.0,0.0,0.0,0.0,0.0923,0.4999,-0.0228,0.9368,0.0,0.0,0.0,0.0,0.0,0.0,0.0,0.0,0.0,0.0,0.0,0.0,0.0,0.0,0.0,0.0,0.0,0.0,0.0,0.0,0.0,0.0,0.0,0.0,0.0,0.0,0.0,0.0,0.1142,-0.398,0.3069,-0.8608,-0.0256,0.4754,-0.0956,0.792,-0.2176,1.2131,0.0,0.0,0.0,0.0,0.0,0.0,0.0,0.0,0.0,0.0,0.0,0.0,0.0,0.0,0.0,0.0,0.0,0.0,0.0,0.0,0.0,0.0,0.0,0.0,0.1373,-0.5257,0.0,0.0,0.0088,0.4409,-0.0536,0.6464,0.0,0.0,0.0,0.0,0.0,0.0,0.0,0.0,0.0,0.0,0.0,0.0,0.0,0.0,0.0,0.0,0.0,0.0,False,False,False,False,False,False,right,False,False,False,True,True,True,
video 06.mp4,7008ee79247df857,37666,15000,15333,180,184,0.9871,0.62,1.7658,0.6612,2.0379,0.7453,2.2741,0.8246,2.3006,0.8642,2.5866,1.0319,2.8007,1.1915,2.1285,0.9904,2.3808,1.2598,2.5607,1.4932,1.8019,1.146,2.0032,1.4054,2.1783,1.6157,1.3517,1.2989,1.4314,1.499,1.5253,1.6768,0.991,0.6162,1.7701,0.6567,2.04,0.7287,2.2855,0.781,2.3039,0.8848,2.5873,1.0685,2.7963,1.2452,2.1319,0.9872,2.3858,1.2568,2.5697,1.4961,1.8008,1.1468,2.0027,1.4046,2.1791,1.6143,1.3524,1.3009,1.4316,1.5024,1.5268,1.6825,0.9915,0.6139,1.7721,0.6476,2.0437,0.7115,2.2951,0.754,2.3064,0.8988,2.5874,1.088,2.7937,1.2681,2.1307,0.9918,2.3836,1.2596,2.5681,1.4995,1.8008,1.149,2.0019,1.4048,2.1784,1.6133,1.3526,1.2992,1.4296,1.501,1.5243,1.6813,0.9905,0.6105,1.771,0.6358,2.0416,0.6945,2.2911,0.7429,2.3063,0.9034,2.586,1.093,2.7909,1.2725,2.1311,0.9945,2.3822,1.261,2.5663,1.5013,1.8012,1.1491,2.0001,1.4023,2.1761,1.6095,1.3517,1.2975,1.4272,1.4978,1.5222,1.6782,0.9883,0.606,1.7681,0.628,2.0366,0.684,2.2856,0.7264,2.3034,0.9071,2.5816,1.0944,2.7854,1.2703,2.127,0.9996,2.379,1.2642,2.5654,1.503,1.7972,1.1498,1.997,1.4004,2.1749,1.6064,1.3498,1.2966,1.4247,1.4961,1.5205,1.676,0.0,0.0,0.0,0.0,0.0,0.0,0.1373,-0.5257,0.0,0.0,0.0088,0.4409,-0.0536,0.6464,0.0,0.0,0.0,0.0,0.0,0.0,0.0,0.0,0.0,0.0,0.0,0.0,0.0,0.0,0.0,0.0,0.0,0.0,0.0,0.0,0.0,0.0,0.0,0.0,0.0,0.0,0.0,0.0,0.0,0.0,0.0,0.0,0.0,0.0,0.0,0.0,0.0,0.0,0.0,0.0,0.0,0.0,0.0,0.0,0.0,0.0,0.0,0.0,0.0,0.0,0.0,0.0,0.0,0.0,0.0,0.0,0.0,0.0,0.0,0.0,0.0,0.0,0.0,0.0,0.0,0.0,0.0,0.0,0.0,0.0,0.0,0.0,0.0,0.0,0.0,0.0,0.0,0.0,0.0,0.0,0.0,0.0,0.0,0.0,0.0,0.0,0.0,0.0,0.0,0.0,0.0,0.0,0.0,0.0,0.0,0.0,0.0,0.0,0.0,0.0,0.0,0.0,0.0,0.0,0.0,0.0,0.0,0.0,0.0,0.0,0.0,0.0,0.0,0.0,False,False,False,False,False,False,right,False,False,False,True,False,True,
video 06.mp4,7008ee79247df857,37666,15250,15583,183,187,0.9905,0.6105,1.771,0.6358,2.0416,0.6945,2.2911,0.7429,2.3063,0.9034,2.586,1.093,2.7909,1.2725,2.1311,0.9945,2.3822,1.261,2.5663,1.5013,1.8012,1.1491,2.0001,1.4023,2.1761,1.6095,1.3517,1.2975,1.4272,1.4978,1.5222,1.6782,0.9883,0.606,1.7681,0.628,2.0366,0.684,2.2856,0.7264,2.3034,0.9071,2.5816,1.0944,2.7854,1.2703,2.127,0.9996,2.379,1.2642,2.5654,1.503,1.7972,1.1498,1.997,1.4004,2.1749,1.6064,1.3498,1.2966,1.4247,1.4961,1.5205,1.676,0.981,0.602,1.767,0.6163,2.0393,0.6507,2.2764,0.6528,2.2944,0.9052,2.5695,1.0925,2.7723,1.2635,2.1245,1.0022,2.3771,1.2671,2.5642,1.5028,1.7961,1.1515,1.9988,1.4002,2.1789,1.6063,1.35,1.2979,1.4257,1.4957,1.5212,1.6764,0.9654,0.5968,1.7594,0.5903,2.0408,0.5929,2.2825,0.5575,2.2845,0.9074,2.5618,1.0916,2.7697,1.2563,2.1203,0.9999,2.3735,1.2647,2.5622,1.5004,1.7949,1.1507,1.9954,1.4015,2.1747,1.6126,1.3442,1.3028,1.4181,1.499,1.5147,1.6806,0.9558,0.5928,1.7556,0.5742,2.0391,0.5655,2.287,0.515,2.2755,0.9065,2.5531,1.0873,2.7619,1.2488,2.1101,0.9982,2.3638,1.2576,2.5583,1.4926,1.792,1.1493,1.9941,1.3952,2.1737,1.6063,1.3383,1.3062,1.4126,1.4988,1.5122,1.6789,0.0,0.0,0.0,0.0,0.0,0.0,0.0,0.0,0.0,0.0,0.0,0.0,0.0,0.0,0.0,0.0,0.0,0.0,0.0,0.0,0.0,0.0,0.0,0.0,0.0,0.0,0.0,0.0,0.0,0.0,0.0,0.0,0.0,0.0,0.0,0.0,0.0317,-0.4009,-0.1102,-0.8871,0.0,0.0,0.0,0.0,0.0,0.0,0.0,0.0,0.0,0.0,0.0,0.0,0.0,0.0,0.0,0.0,0.0,0.0,0.0,0.0,0.0,0.0,0.0,0.0,0.0,0.0,0.0,0.0,0.0179,-0.6889,0.0727,-1.1342,0.0,0.0,0.0,0.0,0.0,0.0,0.0,0.0,0.0,0.0,0.0,0.0,0.0,0.0,0.0,0.0,0.0,0.0,0.0,0.0,0.0,0.0,0.0,0.0,0.0,0.0,0.0,0.0,0.0,0.0,0.0544,-0.5125,0.0,0.0,0.0,0.0,0.0,0.0,0.0,0.0,0.0,0.0,0.0,0.0,0.0,0.0,0.0,0.0,0.0,0.0,0.0,0.0,0.0,0.0,0.0,0.0,False,False,False,False,False,False,right,False,False,False,True,False,True,
video 06.mp4,7008ee79247df857,37666,15500,15833,186,190,0.9654,0.5968,1.7594,0.5903,2.0408,0.5929,2.2825,0.5575,2.2845,0.9074,2.5618,1.0916,2.7697,1.2563,2.1203,0.9999,2.3735,1.2647,2.5622,1.5004,1.7949,1.1507,1.9954,1.4015,2.1747,1.6126,1.3442,1.3028,1.4181,1.499,1.5147,1.6806,0.9558,0.5928,1.7556,0.5742,2.0391,0.5655,2.287,0.515,2.2755,0.9065,2.5531,1.0873,2.7619,1.2488,2.1101,0.9982,2.3638,1.2576,2.5583,1.4926,1.792,1.1493,1.9941,1.3952,2.1737,1.6063,1.3383,1.3062,1.4126,1.4988,1.5122,1.6789,0.9526,0.588,1.7472,0.578,2.0295,0.5791,2.2722,0.5469,2.2714,0.9052,2.5468,1.0859,2.7552,1.2463,2.1092,0.9942,2.3625,1.2536,2.5543,1.4888,1.792,1.1487,1.9941,1.3945,2.1716,1.605,1.3341,1.3097,1.411,1.5009,1.511,1.6793,0.9529,0.5979,1.7465,0.6251,2.0178,0.6808,2.2647,0.7237,2.267,0.8963,2.544,1.0782,2.7525,1.2424,2.1038,0.9787,2.3589,1.2427,2.5523,1.4808,1.7856,1.141,1.9922,1.3902,2.1712,1.5987,1.3347,1.3068,1.415,1.4981,1.5161,1.6742,0.9604,0.5991,1.7534,0.6412,2.0263,0.7129,2.2768,0.7511,2.2708,0.8958,2.5476,1.0815,2.7532,1.2525,2.0999,0.9778,2.3564,1.2425,2.548,1.4795,1.781,1.1345,1.9867,1.387,2.166,1.5954,1.3339,1.2927,1.4132,1.4886,1.5133,1.6658,0.0,0.0,0.0,0.0,0.0,0.0,0.0544,-0.5125,0.0,0.0,0.0,0.0,0.0,0.0,0.0,0.0,0.0,0.0,0.0,0.0,0.0,0.0,0.0,0.0,0.0,0.0,0.0,0.0,0.0,0.0,0.0,0.0,0.0,0.0,0.0,0.0,0.0,0.0,-0.1785,0.3841,0.0,0.0,0.0,0.0,0.0,0.0,0.0,0.0,0.0,0.0,0.0,0.0,0.0,0.0,0.0,0.0,0.0,0.0,0.0,0.0,0.0,0.0,0.0,0.0,0.0,0.0,-0.0073,0.5611,-0.1392,1.2099,-0.0896,2.1051,0.0,0.0,0.0,0.0,0.0,0.0,0.0,0.0,0.0,0.0,0.0,0.0,0.0,0.0,0.0,0.0,0.0,0.0,0.0,0.0,0.0,0.0,0.0,0.0,0.0,0.0,0.0,0.0,0.1029,0.3869,0.0,0.0,0.0,0.0,0.0,0.0,0.0,0.0,0.0,0.0,0.0,0.0,0.0,0.0,0.0,0.0,0.0,0.0,0.0,0.0,0.0,0.0,0.0,0.0,0.0,0.0,True,False,False,False,False,False,right,False,False,False,True,False,True,
video 06.mp4,7008ee79247df857,37666,15750,16083,189,193,0.9529,0.5979,1.7465,0.6251,2.0178,0.6808,2.2647,0.7237,2.267,0.8963,2.544,1.0782,2.7525,1.2424,2.1038,0.9787,2.3589,1.2427,2.5523,1.4808,1.7856,1.141,1.9922,1.3902,2.1712,1.5987,1.3347,1.3068,1.415,1.4981,1.5161,1.6742,0.9604,0.5991,1.7534,0.6412,2.0263,0.7129,2.2768,0.7511,2.2708,0.8958,2.5476,1.0815,2.7532,1.2525,2.0999,0.9778,2.3564,1.2425,2.548,1.4795,1.781,1.1345,1.9867,1.387,2.166,1.5954,1.3339,1.2927,1.4132,1.4886,1.5133,1.6658,0.9626,0.5973,1.7517,0.6402,2.0224,0.7116,2.2686,0.7686,2.2711,0.896,2.5456,1.0849,2.7487,1.2617,2.0915,0.9806,2.3427,1.245,2.5308,1.4813,1.7712,1.1314,1.9734,1.3823,2.1499,1.5875,1.3317,1.2848,1.4106,1.4811,1.5099,1.6577,0.9588,0.5955,1.7466,0.6315,2.0201,0.7014,2.2626,0.7618,2.2716,0.8957,2.5438,1.0864,2.7438,1.2642,2.0918,0.9889,2.3406,1.2502,2.5244,1.483,1.7655,1.1238,1.9739,1.3718,2.1539,1.5761,1.3501,1.2963,1.4463,1.4994,1.5554,1.6783,0.9569,0.5901,1.7456,0.6191,2.0181,0.6851,2.2621,0.7405,2.2659,0.8946,2.5337,1.0749,2.7324,1.2489,2.0921,1.0006,2.3361,1.2516,2.5205,1.4834,1.7686,1.1207,1.9794,1.3524,2.1644,1.5481,1.3747,1.3014,1.4839,1.5041,1.6014,1.6849,0.0,0.0,0.0,0.0,0.1029,0.3869,0.0,0.0,0.0,0.0,0.0,0.0,0.0,0.0,0.0,0.0,0.0,0.0,0.0,0.0,0.0,0.0,0.0,0.0,0.0,0.0,0.0,0.0,0.0,0.0,0.0,0.0,0.0,0.0,0.0,0.0,0.0,0.0,0.0,0.0,0.0,0.0,0.0,0.0,0.0,0.0,0.0,0.0,0.0,0.0,0.0,0.0,0.0,0.0,0.0,0.0,0.0,0.0,0.0,0.0,0.0,0.0,0.0,0.0,0.0,0.0,0.0,0.0,0.0,0.0,0.0,0.0,0.0,0.0,0.0,0.0,0.0,0.0,0.0,0.0,0.0,0.0,0.0,0.0,0.0,0.0,0.0,0.0,0.0,0.0,0.0,0.0,0.4259,0.2179,0.5428,0.246,0.0,0.0,0.0,0.0,0.0,0.0,0.0,0.0,0.0,0.0,0.0,0.0,0.0,0.0,0.0,0.0,0.0,0.0,0.0,0.0,0.0,0.0,0.0,0.0,0.0,0.0,0.0,0.0,0.4519,0.0575,0.5533,0.079,False,False,False,False,False,False,right,False,False,False,True,False,True,
video 06.mp4,7008ee79247df857,37666,16000,16333,192,196,0.9588,0.5955,1.7466,0.6315,2.0201,0.7014,2.2626,0.7618,2.2716,0.8957,2.5438,1.0864,2.7438,1.2642,2.0918,0.9889,2.3406,1.2502,2.5244,1.483,1.7655,1.1238,1.9739,1.3718,2.1539,1.5761,1.3501,1.2963,1.4463,1.4994,1.5554,1.6783,0.9569,0.5901,1.7456,0.6191,2.0181,0.6851,2.2621,0.7405,2.2659,0.8946,2.5337,1.0749,2.7324,1.2489,2.0921,1.0006,2.3361,1.2516,2.5205,1.4834,1.7686,1.1207,1.9794,1.3524,2.1644,1.5481,1.3747,1.3014,1.4839,1.5041,1.6014,1.6849,0.9502,0.5882,1.7385,0.6099,2.0111,0.6712,2.2522,0.7229,2.2613,0.8924,2.527,1.0658,2.7261,1.2303,2.0941,1.0109,2.336,1.2581,2.5139,1.4863,1.7783,1.1178,1.9912,1.343,2.1742,1.5363,1.3909,1.3022,1.508,1.5025,1.6244,1.6833,0.9433,0.592,1.7286,0.6081,2.0041,0.6657,2.2443,0.7134,2.2531,0.8852,2.5142,1.0578,2.7088,1.2177,2.0943,1.0032,2.3304,1.2504,2.4982,1.4736,1.7846,1.119,1.992,1.3501,2.1706,1.5472,1.3909,1.2999,1.5094,1.4972,1.6278,1.6767,0.9286,0.5928,1.7127,0.6106,1.9936,0.6685,2.2357,0.7144,2.241,0.8735,2.504,1.0546,2.6969,1.2184,2.0875,0.9842,2.3299,1.2394,2.4985,1.4657,1.7844,1.1189,1.9926,1.3581,2.1681,1.5575,1.3966,1.305,1.5204,1.5066,1.64,1.6879,0.0,0.0,0.0,0.0,0.0,0.0,0.0,0.0,0.0,0.0,0.0,0.0,0.0,0.0,0.0,0.0,0.0,0.0,0.0,0.0,0.0,0.0,0.0,0.0,0.0,0.0,0.0,0.0,0.4519,0.0575,0.5533,0.079,0.0,0.0,0.0,0.0,0.0,0.0,0.0,0.0,0.0,0.0,0.0,0.0,0.0,0.0,0.0,0.0,0.0,0.0,0.0,0.0,0.0,0.0,0.0,0.0,0.0,0.0,0.0,0.0,0.0,0.0,0.0,0.0,0.0,0.0,0.0,0.0,0.0,0.0,0.0,0.0,0.0,0.0,0.0,0.0,0.0,0.0,0.0,0.0,0.0,0.0,0.0,0.0,0.0,0.0,0.0,0.0,0.0,0.0,0.0,0.0,0.0,0.0,0.0,0.0,0.0,0.0,0.0,0.0,0.0,0.0,0.0,0.0,0.0,0.0,0.0,0.0,0.0,0.0,0.0,0.0,0.0,0.0,0.0,0.0,0.0,0.0,0.0,0.0,0.0,0.0,0.0,0.0,0.0,0.0,0.0,0.0,False,False,False,True,False,False,right,False,False,False,True,False,True,
video 06.mp4,7008ee79247df857,37666,16249,16583,195,199,0.9433,0.592,1.7286,0.6081,2.0041,0.6657,2.2443,0.7134,2.2531,0.8852,2.5142,1.0578,2.7088,1.2177,2.0943,1.0032,2.3304,1.2504,2.4982,1.4736,1.7846,1.119,1.992,1.3501,2.1706,1.5472,1.3909,1.2999,1.5094,1.4972,1.6278,1.6767,0.9286,0.5928,1.7127,0.6106,1.9936,0.6685,2.2357,0.7144,2.241,0.8735,2.504,1.0546,2.6969,1.2184,2.0875,0.9842,2.3299,1.2394,2.4985,1.4657,1.7844,1.1189,1.9926,1.3581,2.1681,1.5575,1.3966,1.305,1.5204,1.5066,1.64,1.6879,0.9229,0.5906,1.7088,0.6356,1.9925,0.7051,2.2351,0.7445,2.2399,0.8713,2.5085,1.0595,2.7041,1.228,2.0794,0.9654,2.3266,1.2293,2.4976,1.4599,1.7802,1.1081,1.9908,1.3566,2.1675,1.5579,1.3838,1.3035,1.5055,1.5093,1.6241,1.6893,0.9327,0.5881,1.7186,0.6485,1.9967,0.7188,2.2342,0.7741,2.2435,0.8772,2.5138,1.0683,2.7094,1.2446,2.0765,0.9643,2.3259,1.2329,2.5018,1.4681,1.7715,1.0999,1.9765,1.353,2.1514,1.5572,1.3354,1.2728,1.4239,1.4772,1.516,1.6533,0.9399,0.5832,1.7246,0.65,2.0028,0.7264,2.2382,0.7986,2.2444,0.8813,2.5156,1.0748,2.7119,1.2531,2.0772,0.9703,2.325,1.2376,2.5042,1.471,1.7624,1.1022,1.9624,1.3503,2.1375,1.5513,1.3091,1.2707,1.3796,1.4718,1.4669,1.6486,0.0,0.0,0.0,0.0,0.0,0.0,0.0,0.0,0.0,0.0,0.0,0.0,0.0,0.0,0.0,0.0,0.0,0.0,0.0,0.0,0.0,0.0,0.0,0.0,0.0,0.0,0.0,0.0,0.0,0.0,0.0,0.0,0.0,0.0,0.0,0.0,-0.0128,0.441,0.0,0.0,0.0,0.0,0.0,0.0,0.0,0.0,0.0,0.0,0.0,0.0,0.0,0.0,0.0,0.0,0.0,0.0,0.0,0.0,0.0,0.0,0.0,0.0,0.0,0.0,0.0,0.0,0.0,0.0,0.0,0.0,0.0,0.0,0.0,0.0,0.0,0.0,0.0,0.0,0.0,0.0,0.0,0.0,0.0,0.0,0.0,0.0,0.0,0.0,0.0,0.0,-0.5766,-0.3659,-0.9718,-0.382,-1.2867,-0.4282,0.0,0.0,0.0,0.0,0.0,0.0,0.0,0.0,0.0,0.0,0.0,0.0,0.0,0.0,0.0,0.0,0.0,0.0,0.0,0.0,0.0,0.0,0.0,0.0,0.0,0.0,0.0,0.0,-0.5335,-0.0648,-0.5919,-0.0576,False,False,False,True,True,False,right,False,False,False,True,False,True,
video 06.mp4,7008ee79247df857,37666,16500,16833,198,202,0.9327,0.5881,1.7186,0.6485,1.9967,0.7188,2.2342,0.7741,2.2435,0.8772,2.5138,1.0683,2.7094,1.2446,2.0765,0.9643,2.3259,1.2329,2.5018,1.4681,1.7715,1.0999,1.9765,1.353,2.1514,1.5572,1.3354,1.2728,1.4239,1.4772,1.516,1.6533,0.9399,0.5832,1.7246,0.65,2.0028,0.7264,2.2382,0.7986,2.2444,0.8813,2.5156,1.0748,2.7119,1.2531,2.0772,0.9703,2.325,1.2376,2.5042,1.471,1.7624,1.1022,1.9624,1.3503,2.1375,1.5513,1.3091,1.2707,1.3796,1.4718,1.4669,1.6486,0.9467,0.5879,1.7304,0.6508,2.0101,0.7284,2.2461,0.7911,2.2459,0.8801,2.5213,1.0691,2.7235,1.2432,2.0845,0.9704,2.3324,1.2388,2.5121,1.4745,1.7641,1.1052,1.9609,1.3536,2.135,1.5574,1.3033,1.2698,1.3693,1.4688,1.4543,1.6469,0.9471,0.595,1.7332,0.6373,2.0183,0.7057,2.2638,0.738,2.2505,0.8648,2.536,1.0187,2.7535,1.1531,2.0898,0.9738,2.34,1.2397,2.5208,1.4744,1.7724,1.1118,1.9672,1.3599,2.14,1.5653,1.3089,1.2728,1.374,1.4723,1.4576,1.6502,0.9514,0.6052,1.7338,0.6231,2.0142,0.676,2.2547,0.6989,2.2617,0.8374,2.5542,0.9671,2.781,1.0789,2.1011,0.9716,2.3528,1.2412,2.5324,1.4798,1.7837,1.1145,1.9821,1.3615,2.1555,1.5673,1.3154,1.2829,1.3807,1.4799,1.463,1.6556,0.0,0.0,0.0,0.0,0.0,0.0,0.0,0.0,0.0,0.0,0.0,0.0,0.0,0.0,0.0,0.0,0.0,0.0,0.0,0.0,0.0,0.0,0.0,0.0,0.0,0.0,0.0,0.0,-0.5335,-0.0648,-0.5919,-0.0576,0.0,0.0,0.0,0.0,0.0,0.0,0.0,0.0,0.0,0.0,0.0,0.0,0.0,0.0,0.0,0.0,0.0,0.0,0.0,0.0,0.0,0.0,0.0,0.0,0.0,0.0,0.0,0.0,0.0,0.0,0.0,0.0,0.0,0.0,0.0,0.0,0.0,0.0,0.2104,-0.633,0.0,0.0,0.1746,-0.5996,0.3566,-1.0726,0.0,0.0,0.0,0.0,0.0,0.0,0.0,0.0,0.0,0.0,0.0,0.0,0.0,0.0,0.0,0.0,0.0,0.0,0.0,0.0,0.0,0.0,0.0,0.0,-0.109,-0.4702,0.0,0.0,0.2201,-0.6227,0.3316,-0.8933,0.0,0.0,0.0,0.0,0.0,0.0,0.0,0.0,0.0,0.0,0.0,0.0,0.0,0.0,0.0,0.0,0.0,0.0,False,False,False,False,False,False,right,False,False,False,True,False,True,
video 06.mp4,7008ee79247df857,37666,16750,17083,201,205,0.9471,0.595,1.7332,0.6373,2.0183,0.7057,2.2638,0.738,2.2505,0.8648,2.536,1.0187,2.7535,1.1531,2.0898,0.9738,2.34,1.2397,2.5208,1.4744,1.7724,1.1118,1.9672,1.3599,2.14,1.5653,1.3089,1.2728,1.374,1.4723,1.4576,1.6502,0.9514,0.6052,1.7338,0.6231,2.0142,0.676,2.2547,0.6989,2.2617,0.8374,2.5542,0.9671,2.781,1.0789,2.1011,0.9716,2.3528,1.2412,2.5324,1.4798,1.7837,1.1145,1.9821,1.3615,2.1555,1.5673,1.3154,1.2829,1.3807,1.4799,1.463,1.6556,0.9609,0.6094,1.7464,0.6246,2.0296,0.6837,2.2794,0.7049,2.2754,0.8502,2.5702,0.9893,2.7962,1.1134,2.1102,0.9805,2.3673,1.2476,2.5535,1.4848,1.7908,1.1243,1.9899,1.3697,2.164,1.5758,1.3207,1.2896,1.3849,1.4857,1.4684,1.6614,0.9656,0.6127,1.7544,0.6263,2.0396,0.6855,2.2852,0.7084,2.2868,0.8554,2.5831,1.0032,2.8092,1.1324,2.1241,0.9792,2.3807,1.2528,2.5616,1.4928,1.8048,1.1264,2.0046,1.3772,2.1775,1.5852,1.3262,1.2972,1.3917,1.4957,1.474,1.6717,0.9694,0.6089,1.7614,0.6309,2.0486,0.6981,2.2997,0.7219,2.291,0.8855,2.5786,1.0693,2.7939,1.2429,2.1226,0.9822,2.3781,1.2564,2.5587,1.5006,1.8024,1.1264,2.0035,1.3764,2.1779,1.5839,1.3279,1.2995,1.3922,1.4988,1.4756,1.6754,0.0,0.0,0.0,0.0,0.0,0.0,-0.109,-0.4702,0.0,0.0,0.2201,-0.6227,0.3316,-0.8933,0.0,0.0,0.0,0.0,0.0,0.0,0.0,0.0,0.0,0.0,0.0,0.0,0.0,0.0,0.0,0.0,0.0,0.0,0.0,0.0,0.0,0.0,0.0,0.0,0.0,0.0,0.0,0.0,0.0,0.0,0.1833,0.4147,0.0,0.0,0.0,0.0,0.0,0.0,0.0,0.0,0.0,0.0,0.0,0.0,0.0,0.0,0.0,0.0,0.0,0.0,0.0,0.0,0.0,0.0,0.0,0.0,0.0,0.0,0.0,0.0,0.0,0.0,0.0,0.0,0.0,0.0,0.0,0.0,0.0,0.0,0.0,0.0,0.0,0.0,0.0,0.0,0.0,0.0,0.0,0.0,0.0,0.0,0.0,0.0,0.0,0.0,0.0,0.0,0.0,0.0,0.0,0.0,-0.0544,0.7958,-0.1844,1.3315,0.0,0.0,0.0,0.0,0.0,0.0,0.0,0.0,0.0,0.0,0.0,0.0,0.0,0.0,0.0,0.0,0.0,0.0,False,True,False,False,False,False,right,False,False,False,True,False,True,
video 06.mp4,7008ee79247df857,37666,17000,17333,204,208,0.9656,0.6127,1.7544,0.6263,2.0396,0.6855,2.2852,0.7084,2.2868,0.8554,2.5831,1.0032,2.8092,1.1324,2.1241,0.9792,2.3807,1.2528,2.5616,1.4928,1.8048,1.1264,2.0046,1.3772,2.1775,1.5852,1.3262,1.2972,1.3917,1.4957,1.474,1.6717,0.9694,0.6089,1.7614,0.6309,2.0486,0.6981,2.2997,0.7219,2.291,0.8855,2.5786,1.0693,2.7939,1.2429,2.1226,0.9822,2.3781,1.2564,2.5587,1.5006,1.8024,1.1264,2.0035,1.3764,2.1779,1.5839,1.3279,1.2995,1.3922,1.4988,1.4756,1.6754,0.9685,0.6059,1.7656,0.6354,2.0581,0.7089,2.3112,0.7409,2.2891,0.8996,2.5732,1.095,2.7844,1.2771,2.1201,0.9852,2.374,1.2582,2.5546,1.5016,1.8004,1.1263,2.0023,1.377,2.1791,1.585,1.3285,1.2991,1.3918,1.4998,1.4752,1.6785,0.9697,0.604,1.7683,0.6434,2.0592,0.7219,2.3111,0.7662,2.2898,0.9036,2.5729,1.0998,2.7814,1.2818,2.1208,0.9852,2.3761,1.2592,2.5587,1.5028,1.7999,1.1256,2.0035,1.3766,2.1811,1.5848,1.3291,1.3013,1.3914,1.5008,1.4746,1.6786,0.9696,0.6031,1.7688,0.6502,2.0616,0.7323,2.3119,0.7756,2.2884,0.9043,2.5729,1.0976,2.7839,1.2747,2.1193,0.9843,2.3758,1.2579,2.5605,1.5005,1.7985,1.1262,2.0019,1.378,2.1802,1.5861,1.3275,1.3008,1.3909,1.5006,1.474,1.6799,0.0,0.0,0.0,0.0,0.0,0.0,0.0,0.0,0.0,0.0,-0.0544,0.7958,-0.1844,1.3315,0.0,0.0,0.0,0.0,0.0,0.0,0.0,0.0,0.0,0.0,0.0,0.0,0.0,0.0,0.0,0.0,0.0,0.0,0.0,0.0,0.0,0.0,0.0,0.0,0.0,0.0,0.0,0.0,0.0,0.0,-0.1148,0.4121,0.0,0.0,0.0,0.0,0.0,0.0,0.0,0.0,0.0,0.0,0.0,0.0,0.0,0.0,0.0,0.0,0.0,0.0,0.0,0.0,0.0,0.0,0.0,0.0,0.0,0.0,0.0,0.0,0.0,0.0,0.0,0.0,0.0,0.0,0.0,0.0,0.0,0.0,0.0,0.0,0.0,0.0,0.0,0.0,0.0,0.0,0.0,0.0,0.0,0.0,0.0,0.0,0.0,0.0,0.0,0.0,0.0,0.0,0.0,0.0,0.0,0.0,0.0,0.0,0.0,0.0,0.0,0.0,0.0,0.0,0.0,0.0,0.0,0.0,0.0,0.0,0.0,0.0,0.0,0.0,0.0,0.0,False,True,False,False,False,False,right,False,False,False,True,False,True,
video 06.mp4,7008ee79247df857,37666,17250,17583,207,211,0.9697,0.604,1.7683,0.6434,2.0592,0.7219,2.3111,0.7662,2.2898,0.9036,2.5729,1.0998,2.7814,1.2818,2.1208,0.9852,2.3761,1.2592,2.5587,1.5028,1.7999,1.1256,2.0035,1.3766,2.1811,1.5848,1.3291,1.3013,1.3914,1.5008,1.4746,1.6786,0.9696,0.6031,1.7688,0.6502,2.0616,0.7323,2.3119,0.7756,2.2884,0.9043,2.5729,1.0976,2.7839,1.2747,2.1193,0.9843,2.3758,1.2579,2.5605,1.5005,1.7985,1.1262,2.0019,1.378,2.1802,1.5861,1.3275,1.3008,1.3909,1.5006,1.474,1.6799,0.9723,0.6118,1.7694,0.6659,2.0587,0.7562,2.3009,0.8277,2.2919,0.8751,2.5845,1.0337,2.8076,1.1738,2.1232,0.9868,2.3784,1.2612,2.5612,1.5015,1.8034,1.1269,2.0049,1.3803,2.1798,1.5894,1.3342,1.3028,1.3998,1.5018,1.482,1.6798,0.978,0.6206,1.7749,0.6626,2.0597,0.7474,2.2956,0.8215,2.2939,0.8446,2.5921,0.9751,2.824,1.0913,2.124,0.9846,2.3802,1.2583,2.5638,1.497,1.8093,1.1272,2.0131,1.3796,2.1873,1.5867,1.3379,1.3044,1.4066,1.5049,1.4885,1.6819,0.9866,0.6231,1.7789,0.6637,2.0636,0.7446,2.3014,0.8111,2.2955,0.8704,2.5861,1.0381,2.8069,1.1995,2.1238,0.9857,2.3814,1.2613,2.5681,1.5027,1.8074,1.1287,2.0118,1.3812,2.1877,1.5882,1.3329,1.3022,1.401,1.5023,1.4842,1.6807,0.0,0.0,0.0,0.0,0.0,0.0,0.0,0.0,0.0,0.0,0.0,0.0,0.0,0.0,0.0,0.0,0.0,0.0,0.0,0.0,0.0,0.0,0.0,0.0,0.0,0.0,0.0,0.0,0.0,0.0,0.0,0.0,0.0,0.0,0.0,0.0,0.0,0.0,-0.1328,0.6273,0.0,0.0,0.1405,-0.7696,0.2852,-1.2158,0.0,0.0,0.0,0.0,0.0,0.0,0.0,0.0,0.0,0.0,0.0,0.0,0.0,0.0,0.0,0.0,0.0,0.0,0.0,0.0,0.0,0.0,0.0,0.0,0.0,0.0,0.0,0.0,0.0898,-0.6982,0.1957,-0.9814,0.0,0.0,0.0,0.0,0.0,0.0,0.0,0.0,0.0,0.0,0.0,0.0,0.0,0.0,0.0,0.0,0.0,0.0,0.0,0.0,0.0,0.0,0.0,0.0,0.0,0.0,0.0,0.0,-0.072,0.7597,-0.2062,1.3038,0.0,0.0,0.0,0.0,0.0,0.0,0.0,0.0,0.0,0.0,0.0,0.0,0.0,0.0,0.0,0.0,0.0,0.0,False,False,False,False,False,False,right,False,False,False,True,True,True,
video 06.mp4,7008ee79247df857,37666,17500,17833,210,214,0.978,0.6206,1.7749,0.6626,2.0597,0.7474,2.2956,0.8215,2.2939,0.8446,2.5921,0.9751,2.824,1.0913,2.124,0.9846,2.3802,1.2583,2.5638,1.497,1.8093,1.1272,2.0131,1.3796,2.1873,1.5867,1.3379,1.3044,1.4066,1.5049,1.4885,1.6819,0.9866,0.6231,1.7789,0.6637,2.0636,0.7446,2.3014,0.8111,2.2955,0.8704,2.5861,1.0381,2.8069,1.1995,2.1238,0.9857,2.3814,1.2613,2.5681,1.5027,1.8074,1.1287,2.0118,1.3812,2.1877,1.5882,1.3329,1.3022,1.401,1.5023,1.4842,1.6807,0.9888,0.6197,1.7794,0.6697,2.0658,0.7528,2.3049,0.8197,2.2962,0.8892,2.5807,1.0807,2.7889,1.2621,2.1244,0.9857,2.3795,1.2645,2.5631,1.5094,1.8061,1.1263,2.0085,1.3786,2.1816,1.5861,1.3298,1.3003,1.3947,1.5005,1.4775,1.6808,0.9881,0.6195,1.7828,0.6826,2.0669,0.7726,2.3028,0.8458,2.2963,0.8915,2.5785,1.0928,2.7832,1.28,2.1226,0.9816,2.3782,1.2627,2.5616,1.5076,1.802,1.1243,2.0056,1.3774,2.1789,1.5836,1.3307,1.2998,1.3966,1.5015,1.4794,1.6832,0.9923,0.6182,1.7864,0.6919,2.0689,0.7946,2.3014,0.9007,2.2982,0.8964,2.5742,1.1005,2.7702,1.2911,2.1254,0.9814,2.3762,1.2629,2.5572,1.5088,1.8023,1.1216,2.0031,1.3743,2.1748,1.5809,1.3287,1.2945,1.3938,1.4971,1.4773,1.6793,0.0,0.0,0.0,0.0,0.0,0.0,0.0,0.0,0.0,0.0,-0.072,0.7597,-0.2062,1.3038,0.0,0.0,0.0,0.0,0.0,0.0,0.0,0.0,0.0,0.0,0.0,0.0,0.0,0.0,0.0,0.0,0.0,0.0,0.0,0.0,0.0,0.0,0.0,0.0,0.0,0.0,0.0,0.0,-0.0651,0.5125,-0.2172,0.7541,0.0,0.0,0.0,0.0,0.0,0.0,0.0,0.0,0.0,0.0,0.0,0.0,0.0,0.0,0.0,0.0,0.0,0.0,0.0,0.0,0.0,0.0,0.0,0.0,0.0,0.0,0.0,0.0,0.0,0.0,0.0,0.0,0.0,0.0,0.0,0.0,0.0,0.0,0.0,0.0,0.0,0.0,0.0,0.0,0.0,0.0,0.0,0.0,0.0,0.0,0.0,0.0,0.0,0.0,0.0,0.0,-0.0168,0.6622,0.0,0.0,0.0,0.0,0.0,0.0,0.0,0.0,0.0,0.0,0.0,0.0,0.0,0.0,0.0,0.0,0.0,0.0,0.0,0.0,0.0,0.0,0.0,0.0,False,False,False,False,False,False,right,False,False,False,True,True,True,
video 06.mp4,7008ee79247df857,37666,17750,18083,213,217,0.9881,0.6195,1.7828,0.6826,2.0669,0.7726,2.3028,0.8458,2.2963,0.8915,2.5785,1.0928,2.7832,1.28,2.1226,0.9816,2.3782,1.2627,2.5616,1.5076,1.802,1.1243,2.0056,1.3774,2.1789,1.5836,1.3307,1.2998,1.3966,1.5015,1.4794,1.6832,0.9923,0.6182,1.7864,0.6919,2.0689,0.7946,2.3014,0.9007,2.2982,0.8964,2.5742,1.1005,2.7702,1.2911,2.1254,0.9814,2.3762,1.2629,2.5572,1.5088,1.8023,1.1216,2.0031,1.3743,2.1748,1.5809,1.3287,1.2945,1.3938,1.4971,1.4773,1.6793,0.991,0.6141,1.7824,0.6881,2.0611,0.7854,2.2918,0.8815,2.2959,0.898,2.5719,1.0977,2.7693,1.283,2.121,0.9827,2.3708,1.2621,2.551,1.5068,1.7978,1.1214,1.999,1.3729,2.169,1.5796,1.3271,1.2922,1.3917,1.496,1.474,1.6796,0.9889,0.6202,1.7819,0.6811,2.0581,0.7763,2.2829,0.8717,2.3009,0.8515,2.5765,1.035,2.7784,1.2019,2.1241,0.9798,2.3744,1.2643,2.5499,1.5098,1.8012,1.1197,2.002,1.3734,2.1697,1.5791,1.3278,1.2934,1.3979,1.4986,1.4798,1.68,0.9855,0.623,1.7829,0.6942,2.0458,0.8292,2.2462,0.9803,2.296,0.7964,2.5637,0.9749,2.7578,1.1464,2.1236,0.9721,2.375,1.2638,2.5481,1.517,1.8018,1.1159,2.0038,1.3716,2.1669,1.5782,1.3274,1.2959,1.4001,1.5016,1.4811,1.6824,0.0,0.0,0.0,0.0,0.0,0.0,-0.0168,0.6622,0.0,0.0,0.0,0.0,0.0,0.0,0.0,0.0,0.0,0.0,0.0,0.0,0.0,0.0,0.0,0.0,0.0,0.0,0.0,0.0,0.0,0.0,0.0,0.0,0.0,0.0,0.0,0.0,0.0,0.0,0.0,0.0,0.0,0.0,0.0,0.0,0.0,0.0,0.0,0.0,0.0,0.0,0.0,0.0,0.0,0.0,0.0,0.0,0.0,0.0,0.0,0.0,0.0,0.0,0.0,0.0,0.0,0.0,0.0,0.0,0.0,0.0,0.0,0.0,0.0585,-0.5531,0.0539,-0.7461,0.1075,-0.9662,0.0,0.0,0.0,0.0,0.0,0.0,0.0,0.0,0.0,0.0,0.0,0.0,0.0,0.0,0.0,0.0,0.0,0.0,0.0,0.0,0.0,0.0,-0.1477,0.6364,-0.443,1.308,-0.0584,-0.6642,-0.1536,-0.7251,-0.248,-0.669,0.0,0.0,0.0,0.0,0.0,0.0,0.0,0.0,0.0,0.0,0.0,0.0,0.0,0.0,0.0,0.0,0.0,0.0,False,False,False,False,False,False,right,False,False,False,True,True,True,
video 06.mp4,7008ee79247df857,37666,18000,18333,216,220,0.9889,0.6202,1.7819,0.6811,2.0581,0.7763,2.2829,0.8717,2.3009,0.8515,2.5765,1.035,2.7784,1.2019,2.1241,0.9798,2.3744,1.2643,2.5499,1.5098,1.8012,1.1197,2.002,1.3734,2.1697,1.5791,1.3278,1.2934,1.3979,1.4986,1.4798,1.68,0.9855,0.623,1.7829,0.6942,2.0458,0.8292,2.2462,0.9803,2.296,0.7964,2.5637,0.9749,2.7578,1.1464,2.1236,0.9721,2.375,1.2638,2.5481,1.517,1.8018,1.1159,2.0038,1.3716,2.1669,1.5782,1.3274,1.2959,1.4001,1.5016,1.4811,1.6824,0.9962,0.63,1.7891,0.7013,2.0492,0.837,2.2498,0.9929,2.2975,0.8013,2.547,1.008,2.7094,1.2023,2.125,0.9654,2.3771,1.2595,2.5458,1.5118,1.7985,1.1194,2.0023,1.3743,2.1655,1.5776,1.3275,1.3031,1.4039,1.5074,1.4837,1.6837,0.9976,0.6285,1.7861,0.6843,2.049,0.7925,2.2569,0.9182,2.2917,0.8146,2.537,1.0322,2.6984,1.2397,2.124,0.9645,2.3782,1.2561,2.5496,1.5059,1.7959,1.1203,2.003,1.3735,2.1722,1.5763,1.3231,1.3002,1.3999,1.5044,1.48,1.6808,0.9969,0.6305,1.7858,0.6955,2.0432,0.8285,2.2451,0.9788,2.2907,0.8004,2.5382,1.0133,2.7054,1.2179,2.1209,0.9621,2.3739,1.2586,2.5421,1.5131,1.796,1.1171,2.0018,1.3729,2.1661,1.578,1.3241,1.3003,1.4001,1.504,1.4795,1.681,0.0,0.0,0.0,0.0,-0.1477,0.6364,-0.443,1.308,-0.0584,-0.6642,-0.1536,-0.7251,-0.248,-0.669,0.0,0.0,0.0,0.0,0.0,0.0,0.0,0.0,0.0,0.0,0.0,0.0,0.0,0.0,0.0,0.0,0.0,0.0,0.0,0.0,0.0,0.0,0.0,0.0,0.0,0.0,0.0,0.0,-0.2018,0.3996,-0.5826,0.674,0.0,0.0,0.0,0.0,0.0,0.0,0.0,0.0,0.0,0.0,0.0,0.0,0.0,0.0,0.0,0.0,0.0,0.0,0.0,0.0,0.0,0.0,-0.0031,-0.5301,0.084,-0.8888,0.0,0.0,0.0,0.0,-0.1309,0.4454,0.0,0.0,0.0,0.0,0.0,0.0,0.0,0.0,0.0,0.0,0.0,0.0,0.0,0.0,0.0,0.0,0.0,0.0,0.0,0.0,0.0,0.0,-0.0691,0.4338,-0.1416,0.7302,0.0,0.0,0.0,0.0,0.0,0.0,0.0,0.0,0.0,0.0,0.0,0.0,0.0,0.0,0.0,0.0,0.0,0.0,0.0,0.0,0.0,0.0,0.0,0.0,False,False,False,False,False,False,right,False,False,False,True,True,True,
video 06.mp4,7008ee79247df857,37666,18250,18583,219,223,0.9976,0.6285,1.7861,0.6843,2.049,0.7925,2.2569,0.9182,2.2917,0.8146,2.537,1.0322,2.6984,1.2397,2.124,0.9645,2.3782,1.2561,2.5496,1.5059,1.7959,1.1203,2.003,1.3735,2.1722,1.5763,1.3231,1.3002,1.3999,1.5044,1.48,1.6808,0.9969,0.6305,1.7858,0.6955,2.0432,0.8285,2.2451,0.9788,2.2907,0.8004,2.5382,1.0133,2.7054,1.2179,2.1209,0.9621,2.3739,1.2586,2.5421,1.5131,1.796,1.1171,2.0018,1.3729,2.1661,1.578,1.3241,1.3003,1.4001,1.504,1.4795,1.681,0.9992,0.6285,1.7884,0.7052,2.0446,0.8537,2.2436,1.0133,2.2941,0.7967,2.5444,1.005,2.7168,1.2046,2.12,0.9605,2.3734,1.2579,2.5431,1.5139,1.7967,1.114,2.0024,1.371,2.1658,1.5777,1.3249,1.3019,1.3997,1.506,1.4786,1.6844,1.0022,0.6288,1.7844,0.6927,2.0461,0.8015,2.2552,0.9116,2.2944,0.8291,2.5463,1.0493,2.7186,1.2528,2.1262,0.9642,2.3818,1.2607,2.5541,1.5149,1.798,1.1162,2.0037,1.3739,2.1719,1.5804,1.3225,1.2977,1.3973,1.5021,1.4778,1.6811,1.0015,0.6234,1.7806,0.6754,2.0472,0.7602,2.2652,0.8352,2.2989,0.8391,2.5571,1.0573,2.7418,1.2562,2.1304,0.9696,2.3852,1.2642,2.5614,1.5158,1.8026,1.1193,2.0059,1.3758,2.1757,1.5827,1.3235,1.2963,1.3954,1.5021,1.4758,1.6832,0.0,0.0,0.0,0.0,-0.0691,0.4338,-0.1416,0.7302,0.0,0.0,0.0,0.0,0.0,0.0,0.0,0.0,0.0,0.0,0.0,0.0,0.0,0.0,0.0,0.0,0.0,0.0,0.0,0.0,0.0,0.0,0.0,0.0,0.0,0.0,0.0,0.0,0.0,0.0,-0.0182,0.4147,0.0,0.0,0.0,0.0,0.0,0.0,0.0,0.0,0.0,0.0,0.0,0.0,0.0,0.0,0.0,0.0,0.0,0.0,0.0,0.0,0.0,0.0,0.0,0.0,0.0,0.0,0.0,0.0,0.0182,-0.6216,0.1378,-1.2098,0.0,0.0,0.0219,0.5271,0.0211,0.5746,0.0,0.0,0.0,0.0,0.0,0.0,0.0,0.0,0.0,0.0,0.0,0.0,0.0,0.0,0.0,0.0,0.0,0.0,0.0,0.0,0.0,0.0,0.0131,-0.4974,0.1213,-0.9211,0.0,0.0,0.0,0.0,0.0,0.0,0.0,0.0,0.0,0.0,0.0,0.0,0.0,0.0,0.0,0.0,0.0,0.0,0.0,0.0,0.0,0.0,0.0,0.0,False,False,False,False,False,False,right,False,False,False,True,True,True,
video 06.mp4,7008ee79247df857,37666,18500,18833,222,226,1.0022,0.6288,1.7844,0.6927,2.0461,0.8015,2.2552,0.9116,2.2944,0.8291,2.5463,1.0493,2.7186,1.2528,2.1262,0.9642,2.3818,1.2607,2.5541,1.5149,1.798,1.1162,2.0037,1.3739,2.1719,1.5804,1.3225,1.2977,1.3973,1.5021,1.4778,1.6811,1.0015,0.6234,1.7806,0.6754,2.0472,0.7602,2.2652,0.8352,2.2989,0.8391,2.5571,1.0573,2.7418,1.2562,2.1304,0.9696,2.3852,1.2642,2.5614,1.5158,1.8026,1.1193,2.0059,1.3758,2.1757,1.5827,1.3235,1.2963,1.3954,1.5021,1.4758,1.6832,0.9981,0.6234,1.7839,0.6841,2.0526,0.7865,2.2684,0.8879,2.303,0.8248,2.5671,1.013,2.7628,1.1801,2.1322,0.9726,2.3859,1.2643,2.5601,1.5133,1.8039,1.1238,2.0062,1.3808,2.175,1.5865,1.3278,1.2991,1.4008,1.5043,1.4813,1.6832,0.9897,0.6344,1.7841,0.7056,2.0482,0.8532,2.2519,1.009,2.2995,0.7921,2.5769,0.931,2.7934,1.0519,2.1264,0.963,2.3802,1.2549,2.5524,1.504,1.8058,1.1209,2.008,1.3812,2.1731,1.5883,1.3325,1.3044,1.4056,1.5084,1.4845,1.6868,0.9935,0.6348,1.7872,0.7076,2.0509,0.8494,2.2588,0.9885,2.3056,0.7899,2.5872,0.9329,2.8077,1.064,2.1263,0.9709,2.3787,1.2614,2.5532,1.5109,1.8108,1.1243,2.0136,1.3834,2.177,1.5905,1.3368,1.3053,1.4109,1.508,1.4912,1.6865,0.0,0.0,0.0,0.0,0.0131,-0.4974,0.1213,-0.9211,0.0,0.0,0.0,0.0,0.0,0.0,0.0,0.0,0.0,0.0,0.0,0.0,0.0,0.0,0.0,0.0,0.0,0.0,0.0,0.0,0.0,0.0,0.0,0.0,0.0,0.0,0.0,0.0,0.0,0.0,0.0386,0.6347,0.0,0.0,0.1204,-0.5337,0.2527,-0.917,0.0,0.0,0.0,0.0,0.0,0.0,0.0,0.0,0.0,0.0,0.0,0.0,0.0,0.0,0.0,0.0,0.0,0.0,0.0,0.0,0.0,0.0,-0.0523,0.7934,-0.1968,1.4424,0.0,0.0,0.1176,-0.9762,0.3645,-1.5261,0.0,0.0,0.0,0.0,0.0,0.0,0.0,0.0,0.0,0.0,0.0,0.0,0.0,0.0,0.0,0.0,0.0,0.0,0.0,0.0,0.0,0.0,0.0,0.0,0.0,0.0,0.0,0.0,0.0,0.0,0.0,0.0,0.0,0.0,0.0,0.0,0.0,0.0,0.0,0.0,0.0,0.0,0.0,0.0,0.0,0.0,0.0,0.0,0.0,0.0,False,False,False,False,False,False,right,False,False,False,True,True,True,
video 06.mp4,7008ee79247df857,37666,18750,19083,225,229,0.9897,0.6344,1.7841,0.7056,2.0482,0.8532,2.2519,1.009,2.2995,0.7921,2.5769,0.931,2.7934,1.0519,2.1264,0.963,2.3802,1.2549,2.5524,1.504,1.8058,1.1209,2.008,1.3812,2.1731,1.5883,1.3325,1.3044,1.4056,1.5084,1.4845,1.6868,0.9935,0.6348,1.7872,0.7076,2.0509,0.8494,2.2588,0.9885,2.3056,0.7899,2.5872,0.9329,2.8077,1.064,2.1263,0.9709,2.3787,1.2614,2.5532,1.5109,1.8108,1.1243,2.0136,1.3834,2.177,1.5905,1.3368,1.3053,1.4109,1.508,1.4912,1.6865,0.9962,0.6332,1.7868,0.6882,2.0598,0.7898,2.2855,0.8836,2.3032,0.8531,2.5813,1.0404,2.7908,1.2165,2.1274,0.9787,2.3836,1.2667,2.5655,1.515,1.8074,1.1261,2.012,1.3817,2.1834,1.5875,1.331,1.3047,1.402,1.5068,1.4848,1.6856,0.9984,0.6301,1.7894,0.6817,2.0658,0.7708,2.2982,0.8554,2.3026,0.8828,2.5781,1.0811,2.7813,1.266,2.1248,0.9813,2.3803,1.2667,2.5646,1.515,1.8042,1.1256,2.0074,1.3794,2.1795,1.5851,1.3281,1.3024,1.3957,1.5044,1.4784,1.6844,0.9989,0.6287,1.7917,0.6865,2.0677,0.776,2.2998,0.8651,2.3005,0.8923,2.575,1.0944,2.7738,1.2823,2.1208,0.9805,2.3748,1.2644,2.56,1.5111,1.8003,1.1219,2.0044,1.3763,2.1772,1.5826,1.3277,1.2968,1.3947,1.5004,1.4771,1.6826,0.0,0.0,0.0,0.0,0.0,0.0,0.0,0.0,0.0,0.0,0.0,0.0,0.0,0.0,0.0,0.0,0.0,0.0,0.0,0.0,0.0,0.0,0.0,0.0,0.0,0.0,0.0,0.0,0.0,0.0,0.0,0.0,0.0,0.0,0.0,0.0,0.1074,-0.7186,0.3216,-1.264,-0.0295,0.7613,-0.0711,1.2958,-0.2038,1.8371,0.0,0.0,0.0,0.0,0.0,0.0,0.0,0.0,0.0,0.0,0.0,0.0,0.0,0.0,0.0,0.0,0.0,0.0,0.0,0.0,0.0,0.0,0.0,0.0,0.0,0.0,0.0,0.0,-0.0389,0.4848,-0.113,0.5886,0.0,0.0,0.0,0.0,0.0,0.0,0.0,0.0,0.0,0.0,0.0,0.0,0.0,0.0,0.0,0.0,0.0,0.0,0.0,0.0,0.0,0.0,0.0,0.0,0.0,0.0,0.0,0.0,0.0,0.0,0.0,0.0,0.0,0.0,0.0,0.0,0.0,0.0,0.0,0.0,0.0,0.0,0.0,0.0,0.0,0.0,0.0,0.0,0.0,0.0,False,False,False,False,False,False,right,False,False,False,True,True,True,
video 06.mp4,7008ee79247df857,37666,19000,19333,228,232,0.9984,0.6301,1.7894,0.6817,2.0658,0.7708,2.2982,0.8554,2.3026,0.8828,2.5781,1.0811,2.7813,1.266,2.1248,0.9813,2.3803,1.2667,2.5646,1.515,1.8042,1.1256,2.0074,1.3794,2.1795,1.5851,1.3281,1.3024,1.3957,1.5044,1.4784,1.6844,0.9989,0.6287,1.7917,0.6865,2.0677,0.776,2.2998,0.8651,2.3005,0.8923,2.575,1.0944,2.7738,1.2823,2.1208,0.9805,2.3748,1.2644,2.56,1.5111,1.8003,1.1219,2.0044,1.3763,2.1772,1.5826,1.3277,1.2968,1.3947,1.5004,1.4771,1.6826,0.9998,0.6268,1.7955,0.7041,2.0746,0.8131,2.3031,0.9297,2.3007,0.8934,2.5725,1.1,2.7687,1.2899,2.1259,0.9793,2.3789,1.2657,2.5617,1.5134,1.8034,1.1202,2.0072,1.3768,2.1797,1.5843,1.328,1.2952,1.3951,1.4987,1.4769,1.681,0.9998,0.6224,1.7982,0.7085,2.0759,0.8199,2.3047,0.9416,2.2994,0.8941,2.571,1.1005,2.7666,1.2912,2.1245,0.9808,2.3786,1.268,2.5637,1.5178,1.8025,1.1188,2.0048,1.3737,2.1738,1.5806,1.3295,1.2903,1.3981,1.4949,1.4802,1.6791,0.9989,0.6137,1.7972,0.7046,2.0719,0.815,2.3004,0.9349,2.2979,0.8958,2.5671,1.0993,2.7614,1.2883,2.1247,0.9804,2.3765,1.266,2.5618,1.5166,1.8015,1.1158,2.0022,1.3695,2.1725,1.5775,1.3255,1.2848,1.3938,1.4888,1.476,1.6732,0.0,0.0,0.0,0.0,0.0,0.0,0.0,0.0,0.0,0.0,0.0,0.0,0.0,0.0,0.0,0.0,0.0,0.0,0.0,0.0,0.0,0.0,0.0,0.0,0.0,0.0,0.0,0.0,0.0,0.0,0.0,0.0,0.0,0.0,0.0,0.0,0.0831,0.4466,0.0399,0.7776,0.0,0.0,0.0,0.0,0.0,0.0,0.0,0.0,0.0,0.0,0.0,0.0,0.0,0.0,0.0,0.0,0.0,0.0,0.0,0.0,0.0,0.0,0.0,0.0,0.0,0.0,0.0,0.0,0.0,0.0,0.0,0.0,0.0,0.0,0.0,0.0,0.0,0.0,0.0,0.0,0.0,0.0,0.0,0.0,0.0,0.0,0.0,0.0,0.0,0.0,0.0,0.0,0.0,0.0,0.0,0.0,0.0,0.0,0.0,0.0,0.0,0.0,0.0,0.0,0.0,0.0,0.0,0.0,0.0,0.0,0.0,0.0,0.0,0.0,0.0,0.0,0.0,0.0,0.0,0.0,0.0,0.0,0.0,0.0,0.0,0.0,0.0,0.0,False,False,False,False,False,False,right,False,False,False,True,True,True,
video 06.mp4,7008ee79247df857,37666,19250,19583,231,235,0.9998,0.6224,1.7982,0.7085,2.0759,0.8199,2.3047,0.9416,2.2994,0.8941,2.571,1.1005,2.7666,1.2912,2.1245,0.9808,2.3786,1.268,2.5637,1.5178,1.8025,1.1188,2.0048,1.3737,2.1738,1.5806,1.3295,1.2903,1.3981,1.4949,1.4802,1.6791,0.9989,0.6137,1.7972,0.7046,2.0719,0.815,2.3004,0.9349,2.2979,0.8958,2.5671,1.0993,2.7614,1.2883,2.1247,0.9804,2.3765,1.266,2.5618,1.5166,1.8015,1.1158,2.0022,1.3695,2.1725,1.5775,1.3255,1.2848,1.3938,1.4888,1.476,1.6732,0.9974,0.6053,1.7897,0.6952,2.0607,0.7964,2.2919,0.9026,2.2916,0.8929,2.5565,1.0956,2.748,1.2873,2.123,0.9718,2.3808,1.2406,2.5751,1.4812,1.791,1.1142,1.9905,1.3596,2.1624,1.5638,1.325,1.283,1.3864,1.482,1.4673,1.6625,0.9811,0.6031,1.7692,0.6644,2.0467,0.7434,2.2797,0.8181,2.2181,0.8569,2.4629,1.0306,2.6629,1.2033,2.1034,0.9119,2.383,1.0924,2.6152,1.2635,1.7769,1.1184,1.9803,1.3546,2.1638,1.5486,1.3255,1.2892,1.3776,1.4853,1.4549,1.6596,0.9891,0.6057,1.7712,0.6563,2.0521,0.7308,2.289,0.787,2.2107,0.8596,2.4621,1.0389,2.6641,1.2147,2.108,0.8894,2.4043,1.074,2.6669,1.2592,1.784,1.1171,1.9909,1.3592,2.1815,1.5595,1.3236,1.2987,1.3715,1.4923,1.4468,1.6645,0.0,0.0,0.0,0.0,0.0,0.0,0.0,0.0,0.0,0.0,0.0,0.0,0.0,0.0,0.0,0.0,0.0,0.0,0.0,0.0,0.0,0.0,0.0,0.0,0.0,0.0,0.0,0.0,0.0,0.0,0.0,0.0,0.0,0.0,0.0,0.0,0.0,0.0,-0.1022,-0.3898,0.0,0.0,0.0,0.0,0.0,0.0,0.0,0.0,0.0,0.0,0.1601,-0.4258,0.0,0.0,0.0,0.0,0.0,0.0,0.0,0.0,0.0,0.0,0.0,0.0,0.0,0.0,-0.244,-0.3668,-0.1667,-0.6306,-0.1455,-1.0054,-0.8758,-0.4282,-1.1138,-0.7728,-1.0133,-0.9996,-0.2337,-0.7122,0.0256,-1.7639,0.478,-2.5918,0.0,0.0,0.0,0.0,0.0,0.0,0.0,0.0,0.0,0.0,0.0,0.0,0.0,0.0,0.0,0.0,0.0,0.0,0.0,0.0,0.0,0.0,0.0,0.0,0.0,0.0,0.0,0.0,0.0,0.0,0.623,-0.0517,0.0,0.0,0.0,0.0,0.0,0.0,0.0,0.0,0.0,0.0,0.0,0.0,False,False,False,False,False,False,right,False,False,False,True,True,True,
video 06.mp4,7008ee79247df857,37666,19500,19833,234,238,0.9811,0.6031,1.7692,0.6644,2.0467,0.7434,2.2797,0.8181,2.2181,0.8569,2.4629,1.0306,2.6629,1.2033,2.1034,0.9119,2.383,1.0924,2.6152,1.2635,1.7769,1.1184,1.9803,1.3546,2.1638,1.5486,1.3255,1.2892,1.3776,1.4853,1.4549,1.6596,0.9891,0.6057,1.7712,0.6563,2.0521,0.7308,2.289,0.787,2.2107,0.8596,2.4621,1.0389,2.6641,1.2147,2.108,0.8894,2.4043,1.074,2.6669,1.2592,1.784,1.1171,1.9909,1.3592,2.1815,1.5595,1.3236,1.2987,1.3715,1.4923,1.4468,1.6645,0.9954,0.6098,1.7739,0.659,2.0534,0.7299,2.294,0.7828,2.2177,0.8612,2.4785,1.0429,2.6842,1.2223,2.1121,0.8832,2.4134,1.0776,2.6768,1.2752,1.7847,1.1158,1.9964,1.3601,2.1897,1.5644,1.3239,1.2992,1.3708,1.4938,1.4483,1.666,1.0082,0.6136,1.7883,0.6804,2.0631,0.7749,2.3047,0.8741,2.2502,0.882,2.5169,1.0752,2.7188,1.2584,2.1181,0.9388,2.3976,1.2076,2.6197,1.4559,1.7875,1.1138,2.0033,1.3619,2.1946,1.5707,1.3164,1.2877,1.3736,1.4841,1.4543,1.6596,1.0026,0.6114,1.7861,0.6744,2.0556,0.7625,2.2937,0.8526,2.264,0.8908,2.5325,1.0849,2.7309,1.2669,2.1153,0.9672,2.3849,1.2444,2.5917,1.4925,1.7837,1.1151,1.9975,1.3605,2.1849,1.5667,1.3107,1.279,1.3713,1.4779,1.4524,1.6565,0.0,0.0,0.0,0.0,0.0,0.0,0.0,0.0,0.0,0.0,0.0,0.0,0.0,0.0,0.0,0.0,0.0,0.0,0.623,-0.0517,0.0,0.0,0.0,0.0,0.0,0.0,0.0,0.0,0.0,0.0,0.0,0.0,0.0,0.0,0.0,0.0,0.0,0.0,0.0,0.0,0.0,0.0,0.0,0.0,0.0,0.0,0.0,0.0,0.0,0.0,0.0,0.0,0.0,0.0,0.0,0.0,0.0,0.0,0.0,0.0,0.0,0.0,0.0,0.0,0.0,0.0,0.0,0.0,0.1152,0.5352,0.1275,1.0872,0.387,0.2476,0.4571,0.3843,0.4123,0.4298,0.0712,0.6623,-0.1875,1.5475,-0.6796,2.1516,0.0,0.0,0.0,0.0,0.0,0.0,0.0,0.0,0.0,0.0,0.0,0.0,0.0,0.0,0.0,0.0,0.0,0.0,0.0,0.0,0.0,0.0,0.0,0.0,0.0,0.0,0.0,0.0,-0.1528,0.4431,-0.3376,0.441,0.0,0.0,0.0,0.0,0.0,0.0,0.0,0.0,0.0,0.0,0.0,0.0,False,False,False,False,False,False,right,False,False,False,True,True,True,
video 06.mp4,7008ee79247df857,37666,19750,20083,237,241,1.0082,0.6136,1.7883,0.6804,2.0631,0.7749,2.3047,0.8741,2.2502,0.882,2.5169,1.0752,2.7188,1.2584,2.1181,0.9388,2.3976,1.2076,2.6197,1.4559,1.7875,1.1138,2.0033,1.3619,2.1946,1.5707,1.3164,1.2877,1.3736,1.4841,1.4543,1.6596,1.0026,0.6114,1.7861,0.6744,2.0556,0.7625,2.2937,0.8526,2.264,0.8908,2.5325,1.0849,2.7309,1.2669,2.1153,0.9672,2.3849,1.2444,2.5917,1.4925,1.7837,1.1151,1.9975,1.3605,2.1849,1.5667,1.3107,1.279,1.3713,1.4779,1.4524,1.6565,0.9928,0.6084,1.7749,0.6621,2.0425,0.7434,2.278,0.8237,2.2694,0.8938,2.5374,1.088,2.7369,1.2688,2.1084,0.9785,2.3711,1.2514,2.5702,1.4931,1.7758,1.1163,1.9828,1.359,2.1643,1.5598,1.3066,1.2789,1.3678,1.4782,1.4495,1.6578,0.9871,0.6054,1.7707,0.6386,2.0416,0.7121,2.2793,0.7708,2.2725,0.8954,2.5377,1.0864,2.7375,1.2643,2.1066,0.9999,2.3659,1.264,2.5638,1.4981,1.767,1.1109,1.9739,1.3422,2.1575,1.5359,1.3156,1.2777,1.3744,1.4762,1.455,1.6531,0.9771,0.5971,1.7633,0.6243,2.0354,0.6988,2.2792,0.7547,2.2664,0.8957,2.5337,1.0855,2.7363,1.2618,2.1018,1.0136,2.3645,1.2723,2.5674,1.5009,1.7631,1.1058,1.9744,1.3138,2.1625,1.4879,1.3192,1.2759,1.3761,1.4698,1.4566,1.643,0.0,0.0,0.0,0.0,0.0,0.0,0.0,0.0,0.0,0.0,0.0,0.0,0.0,0.0,0.0,0.0,-0.1528,0.4431,-0.3376,0.441,0.0,0.0,0.0,0.0,0.0,0.0,0.0,0.0,0.0,0.0,0.0,0.0,0.0,0.0,0.0,0.0,0.0,0.0,0.0,0.0,0.0,0.0,0.0,0.0,0.0,0.0,0.0,0.0,0.0,0.0,0.0,0.0,0.0,0.0,0.0,0.0,0.0,0.0,0.0,0.0,0.0,0.0,0.0,0.0,0.0,0.0,0.0,0.0,0.0,0.0,0.0164,-0.6304,0.0,0.0,0.0,0.0,0.0,0.0,0.0,0.0,0.0,0.0,0.0,0.0,0.0,0.0,0.0,0.0,0.0,0.0,0.0,0.0,0.0,0.0,0.0,0.0,0.0,0.0,0.0,0.0,0.0,0.0,0.0,0.0,0.0,0.0,0.0,0.0,0.0,0.0,0.0,0.0,0.0,0.0,0.0,0.0,0.0,0.0,0.0,0.0,0.0608,-0.5779,0.0,0.0,0.0,0.0,0.0,0.0,False,False,False,False,False,False,right,False,False,False,True,True,True,
video 06.mp4,7008ee79247df857,37666,20000,20333,240,244,0.9871,0.6054,1.7707,0.6386,2.0416,0.7121,2.2793,0.7708,2.2725,0.8954,2.5377,1.0864,2.7375,1.2643,2.1066,0.9999,2.3659,1.264,2.5638,1.4981,1.767,1.1109,1.9739,1.3422,2.1575,1.5359,1.3156,1.2777,1.3744,1.4762,1.455,1.6531,0.9771,0.5971,1.7633,0.6243,2.0354,0.6988,2.2792,0.7547,2.2664,0.8957,2.5337,1.0855,2.7363,1.2618,2.1018,1.0136,2.3645,1.2723,2.5674,1.5009,1.7631,1.1058,1.9744,1.3138,2.1625,1.4879,1.3192,1.2759,1.3761,1.4698,1.4566,1.643,0.9675,0.593,1.7587,0.6246,2.0337,0.7024,2.2794,0.7521,2.2613,0.8945,2.529,1.0816,2.7326,1.2559,2.0973,1.0159,2.362,1.2725,2.5661,1.4997,1.7638,1.0985,1.9779,1.3004,2.1668,1.4737,1.319,1.2716,1.3769,1.4616,1.4577,1.6334,0.957,0.5907,1.7512,0.6284,2.0313,0.7098,2.2793,0.7598,2.2547,0.8874,2.5191,1.0752,2.7189,1.2467,2.0951,1.0045,2.3598,1.2634,2.562,1.4904,1.7616,1.1052,1.975,1.3319,2.1647,1.5259,1.3133,1.274,1.3758,1.4673,1.4594,1.6411,0.9596,0.5928,1.7518,0.6356,2.0308,0.7171,2.2775,0.7666,2.2538,0.8848,2.5185,1.0724,2.7182,1.2438,2.0914,0.9953,2.3553,1.2552,2.5566,1.482,1.7567,1.1154,1.9666,1.3564,2.1538,1.5562,1.3064,1.2804,1.3723,1.4756,1.4584,1.6485,0.0,0.0,0.0,0.0,0.0,0.0,0.0,0.0,0.0,0.0,0.0,0.0,0.0,0.0,0.0,0.0,0.0,0.0,0.0,0.0,0.0,0.0,0.0,0.0,0.0608,-0.5779,0.0,0.0,0.0,0.0,0.0,0.0,0.0,0.0,0.0,0.0,0.0,0.0,0.0,0.0,0.0,0.0,0.0,0.0,0.0,0.0,0.0,0.0,0.0,0.0,0.0,0.0,0.0,0.0,0.0,0.0,0.0,0.0,0.0,0.0,0.0,0.0,0.0,0.0,0.0,0.0,0.0,0.0,0.0,0.0,0.0,0.0,0.0,0.0,0.0,0.0,0.0,0.0,0.0,0.0,0.0,0.0,0.0,0.0,0.0,0.0,0.0,0.0,-0.025,0.6214,0.0,0.0,0.0,0.0,0.0,0.0,0.0,0.0,0.0,0.0,0.0,0.0,0.0,0.0,0.0,0.0,0.0,0.0,0.0,0.0,0.0,0.0,0.0,0.0,0.0,0.0,0.0,0.0,0.0,0.0,0.0,0.0,0.0,0.0,0.0,0.0,0.0,0.0,False,False,False,True,False,False,right,False,False,False,True,False,True,
video 06.mp4,7008ee79247df857,37666,20250,20583,243,247,0.957,0.5907,1.7512,0.6284,2.0313,0.7098,2.2793,0.7598,2.2547,0.8874,2.5191,1.0752,2.7189,1.2467,2.0951,1.0045,2.3598,1.2634,2.562,1.4904,1.7616,1.1052,1.975,1.3319,2.1647,1.5259,1.3133,1.274,1.3758,1.4673,1.4594,1.6411,0.9596,0.5928,1.7518,0.6356,2.0308,0.7171,2.2775,0.7666,2.2538,0.8848,2.5185,1.0724,2.7182,1.2438,2.0914,0.9953,2.3553,1.2552,2.5566,1.482,1.7567,1.1154,1.9666,1.3564,2.1538,1.5562,1.3064,1.2804,1.3723,1.4756,1.4584,1.6485,0.9613,0.5972,1.752,0.6426,2.0314,0.7237,2.2776,0.7677,2.2543,0.885,2.52,1.0755,2.719,1.2487,2.0914,0.99,2.356,1.2531,2.5559,1.4822,1.7571,1.1211,1.9636,1.3672,2.1471,1.5675,1.3068,1.281,1.3713,1.4777,1.4553,1.6507,0.9635,0.5987,1.7549,0.6454,2.0366,0.7258,2.2815,0.772,2.2583,0.8891,2.5234,1.0856,2.7207,1.2636,2.0905,0.9916,2.3535,1.2575,2.5519,1.4864,1.7569,1.1236,1.9622,1.3717,2.1439,1.5714,1.3004,1.2822,1.3653,1.4812,1.4504,1.6546,0.9613,0.6077,1.7543,0.6432,2.0355,0.719,2.2773,0.7703,2.26,0.8737,2.5331,1.0484,2.742,1.2003,2.0888,0.9975,2.3529,1.2619,2.5528,1.488,1.7617,1.1274,1.9648,1.3764,2.1469,1.5783,1.301,1.2813,1.3673,1.4833,1.451,1.659,0.0,0.0,0.0,0.0,0.0,0.0,0.0,0.0,0.0,0.0,0.0,0.0,0.0,0.0,0.0,0.0,0.0,0.0,0.0,0.0,0.0,0.0,0.0,0.0,0.0,0.0,0.0,0.0,0.0,0.0,0.0,0.0,0.0,0.0,0.0,0.0,0.0,0.0,0.0,0.0,0.0,0.0,0.0,0.0,0.0,0.0,0.0,0.0,0.0,0.0,0.0,0.0,0.0,0.0,0.0,0.0,0.0,0.0,0.0,0.0,0.0,0.0,0.0,0.0,0.0,0.0,0.0,0.0,0.0,0.0,0.0,0.0,0.0,0.0,0.0,0.0,0.0,0.0,0.0,0.0,0.0,0.0,0.0,0.0,0.0,0.0,0.0,0.0,0.0,0.0,0.0,0.0,0.0,0.0,0.0,0.0,0.0,0.0,0.0,0.0,0.0,0.0,0.0,0.0,0.0,0.0,0.1168,-0.4483,0.2567,-0.7633,0.0,0.0,0.0,0.0,0.0,0.0,0.0,0.0,0.0,0.0,0.0,0.0,0.0,0.0,0.0,0.0,0.0,0.0,False,False,False,False,False,False,right,False,False,False,True,False,True,
video 06.mp4,7008ee79247df857,37666,20500,20833,246,250,0.9635,0.5987,1.7549,0.6454,2.0366,0.7258,2.2815,0.772,2.2583,0.8891,2.5234,1.0856,2.7207,1.2636,2.0905,0.9916,2.3535,1.2575,2.5519,1.4864,1.7569,1.1236,1.9622,1.3717,2.1439,1.5714,1.3004,1.2822,1.3653,1.4812,1.4504,1.6546,0.9613,0.6077,1.7543,0.6432,2.0355,0.719,2.2773,0.7703,2.26,0.8737,2.5331,1.0484,2.742,1.2003,2.0888,0.9975,2.3529,1.2619,2.5528,1.488,1.7617,1.1274,1.9648,1.3764,2.1469,1.5783,1.301,1.2813,1.3673,1.4833,1.451,1.659,0.966,0.6231,1.7594,0.6745,2.0286,0.7877,2.2493,0.901,2.2683,0.818,2.5539,0.929,2.7828,1.0158,2.0886,0.9924,2.3506,1.2581,2.5505,1.4833,1.7664,1.1283,1.9707,1.3771,2.1491,1.5764,1.3086,1.2866,1.377,1.4887,1.4587,1.6638,0.9686,0.6241,1.7587,0.6917,2.02,0.8299,2.2271,0.9692,2.2732,0.7964,2.565,0.892,2.801,0.9647,2.0936,0.992,2.3554,1.2607,2.5552,1.487,1.7773,1.1311,1.9795,1.3831,2.1526,1.5835,1.3181,1.2881,1.3896,1.4916,1.4716,1.6688,0.9728,0.6306,1.7638,0.6921,2.0256,0.8253,2.2359,0.956,2.2782,0.7967,2.5706,0.8981,2.808,0.9782,2.0981,0.9945,2.3599,1.2656,2.5599,1.4941,1.7813,1.1349,1.985,1.387,2.1588,1.5887,1.3192,1.2951,1.3901,1.4984,1.4724,1.677,0.0,0.0,0.0,0.0,0.0,0.0,0.0,0.0,0.0,0.0,0.1168,-0.4483,0.2567,-0.7633,0.0,0.0,0.0,0.0,0.0,0.0,0.0,0.0,0.0,0.0,0.0,0.0,0.0,0.0,0.0,0.0,0.0,0.0,0.0,0.0,0.0,0.0,-0.0842,0.8277,-0.3381,1.5741,0.0997,-0.6707,0.2501,-1.4389,0.4913,-2.2228,0.0,0.0,0.0,0.0,0.0,0.0,0.0,0.0,0.0,0.0,0.0,0.0,0.0,0.0,0.0,0.0,0.0,0.0,0.0,0.0,0.0,0.0,-0.1017,0.5015,-0.2638,0.8119,0.0,0.0,0.133,-0.4399,0.216,-0.608,0.0,0.0,0.0,0.0,0.0,0.0,0.0,0.0,0.0,0.0,0.0,0.0,0.0,0.0,0.0,0.0,0.0,0.0,0.0,0.0,0.0,0.0,0.0,0.0,0.0,0.0,0.0,0.0,0.0,0.0,0.0,0.0,0.0,0.0,0.0,0.0,0.0,0.0,0.0,0.0,0.0,0.0,0.0,0.0,0.0,0.0,0.0,0.0,0.0,0.0,False,False,False,False,False,False,right,False,False,False,True,True,True,
video 06.mp4,7008ee79247df857,37666,20750,21083,249,253,0.9686,0.6241,1.7587,0.6917,2.02,0.8299,2.2271,0.9692,2.2732,0.7964,2.565,0.892,2.801,0.9647,2.0936,0.992,2.3554,1.2607,2.5552,1.487,1.7773,1.1311,1.9795,1.3831,2.1526,1.5835,1.3181,1.2881,1.3896,1.4916,1.4716,1.6688,0.9728,0.6306,1.7638,0.6921,2.0256,0.8253,2.2359,0.956,2.2782,0.7967,2.5706,0.8981,2.808,0.9782,2.0981,0.9945,2.3599,1.2656,2.5599,1.4941,1.7813,1.1349,1.985,1.387,2.1588,1.5887,1.3192,1.2951,1.3901,1.4984,1.4724,1.677,0.9784,0.6291,1.7687,0.6765,2.0381,0.7765,2.264,0.8607,2.2838,0.8329,2.5783,0.9576,2.8138,1.0625,2.1006,1.0049,2.3669,1.2805,2.5716,1.5148,1.783,1.1366,1.9878,1.3872,2.1647,1.5885,1.3175,1.2964,1.3865,1.5011,1.4687,1.6801,0.9804,0.6248,1.7718,0.669,2.0492,0.756,2.2896,0.8162,2.2868,0.8867,2.5753,1.0691,2.8012,1.2342,2.1065,1.0016,2.3725,1.277,2.5726,1.5131,1.7839,1.1351,1.9893,1.3876,2.1662,1.5916,1.3153,1.2969,1.3804,1.5023,1.4618,1.6837,0.9804,0.62,1.775,0.6696,2.0524,0.754,2.2945,0.8198,2.2876,0.9046,2.5717,1.0961,2.7906,1.2686,2.1071,0.999,2.3717,1.2732,2.5725,1.509,1.7844,1.1341,1.9881,1.3876,2.1637,1.5926,1.3156,1.2959,1.3772,1.5015,1.4581,1.684,0.0,0.0,0.0,0.0,0.0,0.0,0.0,0.0,0.0,0.0,0.0,0.0,0.0,0.0,0.0,0.0,0.0,0.0,0.0,0.0,0.0,0.0,0.0,0.0,0.0,0.0,0.0,0.0,0.0,0.0,0.0,0.0,0.0,0.0,0.0,0.0,0.1502,-0.5882,0.3395,-1.1481,0.0664,0.436,0.0929,0.7176,0.0695,1.0163,0.0,0.0,0.0,0.0,0.0,0.0,0.0,0.0,0.0,0.0,0.0,0.0,0.0,0.0,0.0,0.0,0.0,0.0,0.0,0.0,0.0,0.0,0.0,0.0,0.3046,-0.5293,0.036,0.6413,-0.0355,1.3271,-0.1493,2.0434,0.0,0.0,0.0,0.0,0.0,0.0,0.0,0.0,0.0,0.0,0.0,0.0,0.0,0.0,0.0,0.0,0.0,0.0,0.0,0.0,0.0,0.0,0.0,0.0,0.0,0.0,0.0,0.0,0.0,0.0,-0.1285,0.415,0.0,0.0,0.0,0.0,0.0,0.0,0.0,0.0,0.0,0.0,0.0,0.0,0.0,0.0,0.0,0.0,0.0,0.0,False,False,False,False,False,False,right,False,False,False,True,True,True,
video 06.mp4,7008ee79247df857,37666,21000,21333,252,256,0.9804,0.6248,1.7718,0.669,2.0492,0.756,2.2896,0.8162,2.2868,0.8867,2.5753,1.0691,2.8012,1.2342,2.1065,1.0016,2.3725,1.277,2.5726,1.5131,1.7839,1.1351,1.9893,1.3876,2.1662,1.5916,1.3153,1.2969,1.3804,1.5023,1.4618,1.6837,0.9804,0.62,1.775,0.6696,2.0524,0.754,2.2945,0.8198,2.2876,0.9046,2.5717,1.0961,2.7906,1.2686,2.1071,0.999,2.3717,1.2732,2.5725,1.509,1.7844,1.1341,1.9881,1.3876,2.1637,1.5926,1.3156,1.2959,1.3772,1.5015,1.4581,1.684,0.9784,0.6171,1.7749,0.6678,2.0527,0.7521,2.2955,0.8206,2.2865,0.9087,2.5682,1.1009,2.7841,1.2735,2.1066,0.9987,2.3703,1.2726,2.5708,1.5088,1.7836,1.1325,1.986,1.3858,2.1604,1.5907,1.3162,1.2951,1.3761,1.501,1.4566,1.6838,0.9738,0.6138,1.7713,0.6631,2.0504,0.7459,2.2942,0.8137,2.2823,0.9088,2.5624,1.0999,2.7757,1.2711,2.1045,0.9991,2.3677,1.2721,2.5679,1.5076,1.7816,1.1328,1.983,1.3861,2.1578,1.5919,1.3142,1.2915,1.3736,1.497,1.4549,1.6804,0.9664,0.6179,1.7662,0.6329,2.0483,0.6951,2.2974,0.7277,2.2728,0.8946,2.555,1.0624,2.7734,1.2048,2.103,1.0021,2.3668,1.2748,2.5686,1.5123,1.7823,1.1361,1.983,1.3871,2.1595,1.5928,1.3125,1.2948,1.3715,1.4992,1.4538,1.6809,0.0,0.0,0.0,0.0,0.0,0.0,0.0,0.0,0.0,0.0,0.0,0.0,-0.1285,0.415,0.0,0.0,0.0,0.0,0.0,0.0,0.0,0.0,0.0,0.0,0.0,0.0,0.0,0.0,0.0,0.0,0.0,0.0,0.0,0.0,0.0,0.0,0.0,0.0,0.0,0.0,0.0,0.0,0.0,0.0,0.0,0.0,0.0,0.0,0.0,0.0,0.0,0.0,0.0,0.0,0.0,0.0,0.0,0.0,0.0,0.0,0.0,0.0,0.0,0.0,0.0,0.0,0.0,0.0,0.0,0.0,0.0,0.0,0.0,0.0,0.0,0.0,0.0,0.0,0.0,0.0,0.0,0.0,0.0,0.0,0.0,0.0,0.0,0.0,0.0,0.0,0.0,0.0,0.0,0.0,0.0,0.0,0.0,0.0,0.0,0.0,-0.0255,-0.6127,0.0386,-1.0364,0.0,0.0,-0.0887,-0.452,-0.0275,-0.7999,0.0,0.0,0.0,0.0,0.0,0.0,0.0,0.0,0.0,0.0,0.0,0.0,0.0,0.0,0.0,0.0,0.0,0.0,False,False,False,False,False,False,right,False,False,False,True,False,True,
video 06.mp4,7008ee79247df857,37666,21250,21583,255,259,0.9738,0.6138,1.7713,0.6631,2.0504,0.7459,2.2942,0.8137,2.2823,0.9088,2.5624,1.0999,2.7757,1.2711,2.1045,0.9991,2.3677,1.2721,2.5679,1.5076,1.7816,1.1328,1.983,1.3861,2.1578,1.5919,1.3142,1.2915,1.3736,1.497,1.4549,1.6804,0.9664,0.6179,1.7662,0.6329,2.0483,0.6951,2.2974,0.7277,2.2728,0.8946,2.555,1.0624,2.7734,1.2048,2.103,1.0021,2.3668,1.2748,2.5686,1.5123,1.7823,1.1361,1.983,1.3871,2.1595,1.5928,1.3125,1.2948,1.3715,1.4992,1.4538,1.6809,0.9649,0.618,1.7595,0.6053,2.0422,0.6469,2.2995,0.657,2.2793,0.8585,2.57,0.9896,2.7976,1.0985,2.1035,0.9983,2.368,1.2695,2.5701,1.5054,1.7826,1.1397,1.9838,1.3892,2.1614,1.5937,1.3168,1.2977,1.378,1.5006,1.462,1.6795,0.9648,0.6128,1.7627,0.6032,2.0472,0.6499,2.3051,0.6725,2.2784,0.8621,2.5648,1.0049,2.7901,1.1311,2.1012,0.9995,2.3637,1.2626,2.5667,1.4949,1.7788,1.1428,1.9821,1.3906,2.1664,1.5972,1.3133,1.2986,1.3736,1.4998,1.4581,1.6794,0.9751,0.6111,1.7715,0.6273,2.0469,0.6886,2.3009,0.7337,2.285,0.89,2.5682,1.0586,2.7885,1.2188,2.1012,1.0003,2.364,1.2664,2.5685,1.5016,1.7739,1.1407,1.9759,1.3885,2.1558,1.5918,1.3126,1.2951,1.3725,1.4976,1.4568,1.6749,0.0,0.0,0.0,0.0,-0.0255,-0.6127,0.0386,-1.0364,0.0,0.0,-0.0887,-0.452,-0.0275,-0.7999,0.0,0.0,0.0,0.0,0.0,0.0,0.0,0.0,0.0,0.0,0.0,0.0,0.0,0.0,0.0,0.0,0.0,0.0,0.0,0.0,0.0,0.0,-0.073,-0.5798,0.0248,-0.8526,0.0784,-0.4349,0.1806,-0.8768,0.2907,-1.2807,0.0,0.0,0.0,0.0,0.0,0.0,0.0,0.0,0.0,0.0,0.0,0.0,0.0,0.0,0.0,0.0,0.0,0.0,0.0,0.0,0.0,0.0,0.0,0.0,0.0,0.0,0.0,0.0,0.0,0.0,0.0,0.0,0.0,0.0,0.0,0.0,0.0,0.0,0.0,0.0,0.0,0.0,0.0,0.0,0.0,0.0,0.0,0.0,0.0,0.0,0.0,0.0,0.0,0.0,-0.0043,0.4659,-0.0506,0.7372,0.0,0.0,0.0402,0.6471,-0.02,1.0568,0.0,0.0,0.0,0.0,0.0,0.0,0.0,0.0,0.0,0.0,0.0,0.0,0.0,0.0,0.0,0.0,0.0,0.0,True,True,False,False,False,False,right,False,False,False,True,False,True,
video 06.mp4,7008ee79247df857,37666,21500,21833,258,262,0.9648,0.6128,1.7627,0.6032,2.0472,0.6499,2.3051,0.6725,2.2784,0.8621,2.5648,1.0049,2.7901,1.1311,2.1012,0.9995,2.3637,1.2626,2.5667,1.4949,1.7788,1.1428,1.9821,1.3906,2.1664,1.5972,1.3133,1.2986,1.3736,1.4998,1.4581,1.6794,0.9751,0.6111,1.7715,0.6273,2.0469,0.6886,2.3009,0.7337,2.285,0.89,2.5682,1.0586,2.7885,1.2188,2.1012,1.0003,2.364,1.2664,2.5685,1.5016,1.7739,1.1407,1.9759,1.3885,2.1558,1.5918,1.3126,1.2951,1.3725,1.4976,1.4568,1.6749,0.9757,0.6089,1.7696,0.6522,2.0436,0.7319,2.286,0.8113,2.2847,0.9017,2.566,1.0876,2.7833,1.2591,2.1008,0.9977,2.361,1.2654,2.5626,1.4993,1.7753,1.1328,1.9758,1.3819,2.1512,1.5844,1.3126,1.2904,1.3719,1.4946,1.4539,1.6746,0.9779,0.6105,1.7724,0.6764,2.042,0.7693,2.2768,0.8679,2.2837,0.9062,2.5621,1.0942,2.7751,1.2668,2.1014,0.9966,2.3604,1.2657,2.5616,1.5,1.7766,1.1281,1.9752,1.3792,2.1475,1.5832,1.3152,1.2847,1.3736,1.4906,1.4544,1.6729,0.9799,0.613,1.7742,0.6914,2.0431,0.7926,2.2741,0.9024,2.2838,0.9072,2.5618,1.0961,2.7742,1.2671,2.1023,0.9938,2.3617,1.2654,2.5614,1.5011,1.7789,1.1261,1.9768,1.3795,2.1467,1.5848,1.3167,1.2833,1.3749,1.4901,1.4546,1.674,0.0,0.0,0.0,0.0,-0.0043,0.4659,-0.0506,0.7372,0.0,0.0,0.0402,0.6471,-0.02,1.0568,0.0,0.0,0.0,0.0,0.0,0.0,0.0,0.0,0.0,0.0,0.0,0.0,0.0,0.0,0.0,0.0,0.0,0.0,0.0,0.0,0.0,0.0,-0.0396,0.5222,-0.18,0.9348,0.0,0.0,0.0,0.0,-0.0622,0.4851,0.0,0.0,0.0,0.0,0.0,0.0,0.0,0.0,0.0,0.0,0.0,0.0,0.0,0.0,0.0,0.0,0.0,0.0,0.0,0.0,0.0,0.0,-0.0185,0.4451,-0.1087,0.6736,0.0,0.0,0.0,0.0,0.0,0.0,0.0,0.0,0.0,0.0,0.0,0.0,0.0,0.0,0.0,0.0,0.0,0.0,0.0,0.0,0.0,0.0,0.0,0.0,0.0,0.0,0.0,0.0,0.0,0.0,-0.0327,0.4166,0.0,0.0,0.0,0.0,0.0,0.0,0.0,0.0,0.0,0.0,0.0,0.0,0.0,0.0,0.0,0.0,0.0,0.0,0.0,0.0,0.0,0.0,0.0,0.0,False,False,False,False,False,False,right,False,False,False,True,True,True,
video 06.mp4,7008ee79247df857,37666,21750,22083,261,265,0.9779,0.6105,1.7724,0.6764,2.042,0.7693,2.2768,0.8679,2.2837,0.9062,2.5621,1.0942,2.7751,1.2668,2.1014,0.9966,2.3604,1.2657,2.5616,1.5,1.7766,1.1281,1.9752,1.3792,2.1475,1.5832,1.3152,1.2847,1.3736,1.4906,1.4544,1.6729,0.9799,0.613,1.7742,0.6914,2.0431,0.7926,2.2741,0.9024,2.2838,0.9072,2.5618,1.0961,2.7742,1.2671,2.1023,0.9938,2.3617,1.2654,2.5614,1.5011,1.7789,1.1261,1.9768,1.3795,2.1467,1.5848,1.3167,1.2833,1.3749,1.4901,1.4546,1.674,0.9763,0.61,1.7689,0.6813,2.0407,0.7788,2.2752,0.8775,2.2821,0.9031,2.5601,1.0905,2.7728,1.2589,2.1033,0.9912,2.3628,1.2641,2.5612,1.5004,1.7803,1.1284,1.9778,1.3833,2.1478,1.589,1.317,1.2835,1.3767,1.4881,1.4575,1.6699,0.9773,0.6093,1.7722,0.6821,2.0446,0.7809,2.2787,0.8786,2.2844,0.9033,2.5598,1.0926,2.7706,1.2628,2.1021,0.9905,2.3592,1.2639,2.5556,1.5006,1.7768,1.1259,1.9728,1.3803,2.1417,1.5845,1.316,1.2812,1.3769,1.4871,1.4579,1.6693,0.9797,0.6025,1.7747,0.6797,2.0492,0.7812,2.2807,0.8864,2.2857,0.8994,2.5584,1.0911,2.7667,1.2638,2.1045,0.9909,2.3584,1.262,2.5494,1.4968,1.7766,1.1266,1.9727,1.3811,2.1428,1.5865,1.3164,1.2804,1.3773,1.4858,1.4574,1.6684,0.0,0.0,0.0,0.0,0.0,0.0,-0.0327,0.4166,0.0,0.0,0.0,0.0,0.0,0.0,0.0,0.0,0.0,0.0,0.0,0.0,0.0,0.0,0.0,0.0,0.0,0.0,0.0,0.0,0.0,0.0,0.0,0.0,0.0,0.0,0.0,0.0,0.0,0.0,0.0,0.0,0.0,0.0,0.0,0.0,0.0,0.0,0.0,0.0,0.0,0.0,0.0,0.0,0.0,0.0,0.0,0.0,0.0,0.0,0.0,0.0,0.0,0.0,0.0,0.0,0.0,0.0,0.0,0.0,0.0,0.0,0.0,0.0,0.0,0.0,0.0,0.0,0.0,0.0,0.0,0.0,0.0,0.0,0.0,0.0,0.0,0.0,0.0,0.0,0.0,0.0,0.0,0.0,0.0,0.0,0.0,0.0,0.0,0.0,0.0,0.0,0.0,0.0,0.0,0.0,0.0,0.0,0.0,0.0,0.0,0.0,0.0,0.0,0.0,0.0,0.0,0.0,0.0,0.0,0.0,0.0,0.0,0.0,0.0,0.0,0.0,0.0,0.0,0.0,False,False,False,False,False,False,right,False,False,False,True,True,True,
video 06.mp4,7008ee79247df857,37666,22000,22333,264,268,0.9773,0.6093,1.7722,0.6821,2.0446,0.7809,2.2787,0.8786,2.2844,0.9033,2.5598,1.0926,2.7706,1.2628,2.1021,0.9905,2.3592,1.2639,2.5556,1.5006,1.7768,1.1259,1.9728,1.3803,2.1417,1.5845,1.316,1.2812,1.3769,1.4871,1.4579,1.6693,0.9797,0.6025,1.7747,0.6797,2.0492,0.7812,2.2807,0.8864,2.2857,0.8994,2.5584,1.0911,2.7667,1.2638,2.1045,0.9909,2.3584,1.262,2.5494,1.4968,1.7766,1.1266,1.9727,1.3811,2.1428,1.5865,1.3164,1.2804,1.3773,1.4858,1.4574,1.6684,0.9701,0.5985,1.7606,0.6431,2.0377,0.7204,2.273,0.799,2.284,0.9005,2.5541,1.0902,2.7585,1.2606,2.1024,1.0,2.356,1.2619,2.5455,1.4915,1.7759,1.1233,1.9811,1.3676,2.1582,1.5701,1.3473,1.3067,1.4322,1.5188,1.5262,1.7044,0.9552,0.599,1.7474,0.6252,2.0269,0.6927,2.2662,0.7434,2.2773,0.8943,2.5425,1.0747,2.7423,1.2376,2.1053,1.0085,2.3579,1.2616,2.5469,1.4862,1.7859,1.1195,1.9969,1.3427,2.1827,1.5287,1.3904,1.3166,1.497,1.5232,1.6066,1.7054,0.9415,0.5933,1.7371,0.6152,2.0188,0.6824,2.2605,0.7273,2.2575,0.8843,2.5253,1.0608,2.7271,1.2215,2.0963,1.0047,2.3498,1.2531,2.5411,1.475,1.7846,1.1124,1.9949,1.3184,2.1789,1.4948,1.4066,1.3195,1.5148,1.518,1.6268,1.6986,0.0,0.0,0.0,0.0,0.0,0.0,0.0,0.0,0.0,0.0,0.0,0.0,0.0,0.0,0.0,0.0,0.0,0.0,0.0,0.0,0.0,0.0,0.0,0.0,0.0,0.0,0.0,0.0,0.0,0.0,0.0,0.0,0.0,0.0,-0.1697,-0.44,-0.1383,-0.7325,-0.0928,-1.0525,0.0,0.0,0.0,0.0,0.0,0.0,0.0,0.0,0.0,0.0,0.0,0.0,0.0,0.0,0.0,0.0,0.0,0.0,0.3714,0.3172,0.6614,0.3974,0.8288,0.4331,0.0,0.0,0.0,0.0,0.0,0.0,-0.0815,-0.6625,0.0,0.0,0.0,0.0,0.0,0.0,0.0,0.0,0.0,0.0,0.0,0.0,0.0,0.0,0.0,0.0,0.2924,-0.4926,0.513,0.1177,0.7707,0.0525,0.9572,0.0121,0.0,0.0,0.0,0.0,0.0,0.0,0.0,0.0,0.0,0.0,0.0,0.0,0.0,0.0,0.0,0.0,0.0,0.0,0.0,0.0,0.0,0.0,0.0,0.0,-0.0464,-0.4083,0.0,0.0,0.0,0.0,0.0,0.0,False,False,False,False,False,False,right,False,False,False,True,True,True,
video 06.mp4,7008ee79247df857,37666,22250,22583,267,271,0.9552,0.599,1.7474,0.6252,2.0269,0.6927,2.2662,0.7434,2.2773,0.8943,2.5425,1.0747,2.7423,1.2376,2.1053,1.0085,2.3579,1.2616,2.5469,1.4862,1.7859,1.1195,1.9969,1.3427,2.1827,1.5287,1.3904,1.3166,1.497,1.5232,1.6066,1.7054,0.9415,0.5933,1.7371,0.6152,2.0188,0.6824,2.2605,0.7273,2.2575,0.8843,2.5253,1.0608,2.7271,1.2215,2.0963,1.0047,2.3498,1.2531,2.5411,1.475,1.7846,1.1124,1.9949,1.3184,2.1789,1.4948,1.4066,1.3195,1.5148,1.518,1.6268,1.6986,0.9254,0.5931,1.7173,0.605,1.9954,0.6693,2.2326,0.7279,2.2395,0.8783,2.5021,1.0531,2.6982,1.2115,2.0874,1.0,2.3363,1.2468,2.5225,1.4684,1.7733,1.1167,1.9766,1.3309,2.1563,1.5147,1.3966,1.3202,1.5029,1.5169,1.612,1.6966,0.9121,0.5895,1.7032,0.6096,1.9748,0.6781,2.2171,0.7321,2.2266,0.8776,2.4904,1.0542,2.6872,1.2137,2.0609,0.978,2.3184,1.2281,2.5112,1.4502,1.7308,1.1187,1.9419,1.3518,2.1281,1.5401,1.3646,1.3059,1.4758,1.5099,1.5918,1.6846,0.9237,0.5894,1.716,0.6341,1.9836,0.7119,2.2244,0.7664,2.2267,0.8764,2.4894,1.0551,2.6858,1.219,2.0433,0.9753,2.2986,1.2251,2.4948,1.4447,1.7118,1.1165,1.9146,1.3585,2.0936,1.5528,1.3135,1.2674,1.3968,1.4721,1.4928,1.6444,0.0,0.0,0.0,0.0,0.0,0.0,0.0,0.0,0.0,0.0,0.0,0.0,0.0,0.0,0.0,0.0,0.0,0.0,0.0,0.0,0.0,0.0,0.0,0.0,-0.0464,-0.4083,0.0,0.0,0.0,0.0,0.0,0.0,0.0,0.0,0.0,0.0,0.0,0.0,0.0,0.0,0.0,0.0,0.0,0.0,0.0,0.0,0.0,0.0,0.0,0.0,0.0,0.0,0.0,0.0,0.0,0.0,0.0,0.0,0.0,0.0,0.0,0.0,0.0,0.0,0.0,0.0,0.0,0.0,0.0,0.0,0.0,0.0,0.0,0.0,0.0,0.0,0.0,0.0,-0.3156,-0.2619,0.0,0.0,0.0,0.0,-0.5049,0.0233,-0.4128,0.2487,-0.3351,0.3028,-0.3812,-0.1704,0.0,0.0,0.0,0.0,0.0,0.0,0.0,0.0,0.1056,0.4065,0.0873,0.4131,0.0,0.0,0.0,0.0,0.0,0.0,0.0,0.0,0.0,0.0,0.0,0.0,0.0,0.0,0.0,0.0,-0.4157,0.1526,-0.6156,-0.4639,-0.9517,-0.4545,-1.1926,-0.4835,False,False,False,True,True,False,right,False,False,False,True,False,True,
video 06.mp4,7008ee79247df857,37666,22500,22833,270,274,0.9121,0.5895,1.7032,0.6096,1.9748,0.6781,2.2171,0.7321,2.2266,0.8776,2.4904,1.0542,2.6872,1.2137,2.0609,0.978,2.3184,1.2281,2.5112,1.4502,1.7308,1.1187,1.9419,1.3518,2.1281,1.5401,1.3646,1.3059,1.4758,1.5099,1.5918,1.6846,0.9237,0.5894,1.716,0.6341,1.9836,0.7119,2.2244,0.7664,2.2267,0.8764,2.4894,1.0551,2.6858,1.219,2.0433,0.9753,2.2986,1.2251,2.4948,1.4447,1.7118,1.1165,1.9146,1.3585,2.0936,1.5528,1.3135,1.2674,1.3968,1.4721,1.4928,1.6444,0.9325,0.5913,1.728,0.6513,1.9964,0.7455,2.2326,0.8366,2.2278,0.8617,2.4841,1.0501,2.6744,1.221,2.0422,0.9643,2.2955,1.2253,2.4876,1.4515,1.7168,1.1058,1.9147,1.359,2.0873,1.5622,1.3011,1.2474,1.3811,1.4519,1.4735,1.6268,0.9409,0.5995,1.7393,0.6661,2.004,0.7676,2.2413,0.8769,2.2298,0.845,2.4789,1.0425,2.662,1.2253,2.0412,0.9495,2.2936,1.2176,2.4881,1.4499,1.7216,1.0926,1.9197,1.3539,2.0909,1.5605,1.3033,1.2431,1.3829,1.4494,1.4757,1.6244,0.9449,0.6068,1.7539,0.7146,2.0149,0.852,2.2431,0.9995,2.2272,0.8365,2.466,1.0377,2.6392,1.228,2.0317,0.9341,2.2835,1.2031,2.4796,1.4409,1.7235,1.0746,1.9235,1.3389,2.0932,1.5511,1.3123,1.2408,1.3922,1.4496,1.483,1.627,0.0,0.0,0.0,0.0,0.1056,0.4065,0.0873,0.4131,0.0,0.0,0.0,0.0,0.0,0.0,0.0,0.0,0.0,0.0,0.0,0.0,0.0,0.0,0.0,0.0,-0.4157,0.1526,-0.6156,-0.4639,-0.9517,-0.4545,-1.1926,-0.4835,0.0,0.0,0.0,0.0,0.1542,0.4059,0.0998,0.8455,0.0,0.0,0.0,0.0,0.0,0.0,0.0,0.0,0.0,0.0,0.0,0.0,0.0,0.0,0.0,0.0,0.0,0.0,0.0,0.0,0.0,0.0,0.0,0.0,0.0,0.0,0.0,0.0,0.0,0.0,0.1029,0.48,0.0,0.0,0.0,0.0,0.0,0.0,0.0,0.0,0.0,0.0,0.0,0.0,0.0,0.0,0.0,0.0,0.0,0.0,0.0,0.0,0.0,0.0,0.0,0.0,0.0,0.0,0.1758,0.585,0.1306,1.0166,0.0213,1.4778,0.0,0.0,0.0,0.0,0.0,0.0,0.0,0.0,0.0,0.0,0.0,0.0,0.0,0.0,0.0,0.0,0.0,0.0,0.0,0.0,0.0,0.0,0.0,0.0,False,False,False,False,True,False,right,False,False,False,True,True,True,
video 06.mp4,7008ee79247df857,37666,22750,23083,273,277,0.9409,0.5995,1.7393,0.6661,2.004,0.7676,2.2413,0.8769,2.2298,0.845,2.4789,1.0425,2.662,1.2253,2.0412,0.9495,2.2936,1.2176,2.4881,1.4499,1.7216,1.0926,1.9197,1.3539,2.0909,1.5605,1.3033,1.2431,1.3829,1.4494,1.4757,1.6244,0.9449,0.6068,1.7539,0.7146,2.0149,0.852,2.2431,0.9995,2.2272,0.8365,2.466,1.0377,2.6392,1.228,2.0317,0.9341,2.2835,1.2031,2.4796,1.4409,1.7235,1.0746,1.9235,1.3389,2.0932,1.5511,1.3123,1.2408,1.3922,1.4496,1.483,1.627,0.9478,0.6149,1.7572,0.7459,2.0117,0.8872,2.2343,1.0397,2.228,0.8245,2.457,1.0376,2.6129,1.242,2.027,0.9116,2.276,1.1885,2.469,1.4356,1.7264,1.0475,1.9287,1.3144,2.0963,1.5347,1.3155,1.2339,1.3991,1.4487,1.4902,1.6329,0.9531,0.6241,1.7653,0.7563,2.017,0.914,2.2271,1.0876,2.2336,0.8198,2.4565,1.0374,2.6055,1.2481,2.0325,0.9081,2.2825,1.1884,2.472,1.4394,1.7345,1.0474,1.9394,1.3134,2.1042,1.5338,1.3214,1.2424,1.4089,1.4566,1.4993,1.6439,0.9579,0.6304,1.7691,0.7638,2.0207,0.9234,2.2247,1.0972,2.2452,0.8189,2.4658,1.0386,2.6157,1.2508,2.0459,0.9073,2.2981,1.1924,2.4845,1.4463,1.7519,1.048,1.961,1.3167,2.1281,1.5388,1.3266,1.2488,1.4166,1.4647,1.5074,1.6551,0.0,0.0,0.1758,0.585,0.1306,1.0166,0.0213,1.4778,0.0,0.0,0.0,0.0,0.0,0.0,0.0,0.0,0.0,0.0,0.0,0.0,0.0,0.0,0.0,0.0,0.0,0.0,0.0,0.0,0.0,0.0,0.0,0.0,0.0,0.0,0.0,0.0,-0.038,0.4241,-0.1053,0.484,0.0,0.0,0.0,0.0,0.0,0.0,0.0,0.0,0.0,0.0,0.0,0.0,0.0,0.0,0.0,0.0,0.0,0.0,0.0,0.0,0.0,0.0,0.0,0.0,0.0,0.0,0.0,0.0,0.0,0.0,-0.086,0.5703,0.0,0.0,0.0,0.0,0.0,0.0,0.0,0.0,0.0,0.0,0.0,0.0,0.0,0.0,0.0,0.0,0.0,0.0,0.0,0.0,0.0,0.0,0.0,0.0,0.0,0.0,0.0,0.0,0.0,0.0,0.0,0.0,0.0,0.0,0.0,0.0,0.0,0.0,0.0,0.0,0.0,0.0,0.0,0.0,0.0,0.0,0.0,0.0,0.0,0.0,0.0,0.0,0.0,0.0,0.0,0.0,False,False,False,False,False,False,right,False,False,False,True,True,True,
video 06.mp4,7008ee79247df857,37666,23000,23333,276,280,0.9531,0.6241,1.7653,0.7563,2.017,0.914,2.2271,1.0876,2.2336,0.8198,2.4565,1.0374,2.6055,1.2481,2.0325,0.9081,2.2825,1.1884,2.472,1.4394,1.7345,1.0474,1.9394,1.3134,2.1042,1.5338,1.3214,1.2424,1.4089,1.4566,1.4993,1.6439,0.9579,0.6304,1.7691,0.7638,2.0207,0.9234,2.2247,1.0972,2.2452,0.8189,2.4658,1.0386,2.6157,1.2508,2.0459,0.9073,2.2981,1.1924,2.4845,1.4463,1.7519,1.048,1.961,1.3167,2.1281,1.5388,1.3266,1.2488,1.4166,1.4647,1.5074,1.6551,0.9645,0.6286,1.7783,0.7556,2.0346,0.9158,2.2335,1.0891,2.2627,0.8236,2.4841,1.0445,2.6335,1.2562,2.066,0.9119,2.3185,1.1987,2.5002,1.456,1.7723,1.0563,1.9793,1.3243,2.145,1.5477,1.3328,1.2613,1.421,1.4759,1.5109,1.6671,0.9706,0.6234,1.7844,0.7472,2.0555,0.9034,2.267,1.0713,2.278,0.8296,2.5079,1.0515,2.6642,1.262,2.09,0.9246,2.3444,1.2188,2.5214,1.4813,1.7879,1.0757,1.9915,1.3456,2.1554,1.5675,1.3408,1.2737,1.4283,1.4853,1.5186,1.67,0.977,0.6181,1.7776,0.7175,2.0532,0.8525,2.274,0.9944,2.299,0.8377,2.5304,1.0634,2.6855,1.2723,2.1202,0.9446,2.3762,1.2364,2.5521,1.4886,1.8026,1.0943,2.0059,1.3634,2.1712,1.5785,1.3501,1.2814,1.4373,1.4897,1.5269,1.6677,0.0,0.0,0.0,0.0,0.0,0.0,0.0,0.0,0.0,0.0,0.0,0.0,0.0,0.0,0.0,0.0,0.0,0.0,0.0,0.0,0.0,0.0,0.0,0.0,0.0,0.0,0.0,0.0,0.0,0.0,0.0,0.0,0.0,0.0,0.0,0.0,0.0,0.0,0.0,0.0,0.0,0.0,0.0,0.0,0.0,0.0,0.0,0.0,0.0,0.0,0.0,0.0,0.0,0.0,0.0,0.0,0.0,0.0,0.0,0.0,0.0,0.0,0.0,0.0,0.0,0.0,0.0,0.0,0.0,0.0,0.3985,-0.2119,0.0,0.0,0.0,0.0,0.0,0.0,0.0,0.0,0.0,0.0,0.0,0.0,0.0,0.0,0.0,0.0,0.0,0.0,0.0,0.0,0.0,0.0,0.0,0.0,0.0,0.0,0.0,0.0,-0.0271,-0.6131,0.0841,-0.9267,0.0,0.0,0.0,0.0,0.0,0.0,0.3638,0.2409,0.3835,0.2118,0.0,0.0,0.0,0.0,0.0,0.0,0.0,0.0,0.0,0.0,0.0,0.0,0.0,0.0,False,False,False,False,False,False,right,False,False,False,True,True,True,
video 06.mp4,7008ee79247df857,37666,23250,23583,279,283,0.9706,0.6234,1.7844,0.7472,2.0555,0.9034,2.267,1.0713,2.278,0.8296,2.5079,1.0515,2.6642,1.262,2.09,0.9246,2.3444,1.2188,2.5214,1.4813,1.7879,1.0757,1.9915,1.3456,2.1554,1.5675,1.3408,1.2737,1.4283,1.4853,1.5186,1.67,0.977,0.6181,1.7776,0.7175,2.0532,0.8525,2.274,0.9944,2.299,0.8377,2.5304,1.0634,2.6855,1.2723,2.1202,0.9446,2.3762,1.2364,2.5521,1.4886,1.8026,1.0943,2.0059,1.3634,2.1712,1.5785,1.3501,1.2814,1.4373,1.4897,1.5269,1.6677,0.9788,0.6135,1.7686,0.6775,2.0472,0.7879,2.2764,0.8992,2.3102,0.8515,2.547,1.0744,2.7085,1.2766,2.1396,0.9666,2.3982,1.2494,2.5801,1.4908,1.814,1.1189,2.0182,1.3827,2.191,1.5914,1.3538,1.292,1.4357,1.4969,1.5239,1.6703,0.9831,0.6102,1.7782,0.6892,2.0571,0.809,2.2853,0.9288,2.3127,0.8744,2.56,1.0852,2.7368,1.2791,2.1397,0.9771,2.4018,1.2487,2.5939,1.4848,1.8119,1.1252,2.0219,1.3841,2.2042,1.5913,1.3528,1.2954,1.4325,1.4978,1.5211,1.6717,0.9816,0.6032,1.7744,0.6616,2.0586,0.7661,2.2941,0.8572,2.3094,0.8952,2.5667,1.0937,2.7613,1.2747,2.1398,0.9978,2.4097,1.2564,2.6138,1.482,1.8114,1.1505,2.0227,1.4065,2.2104,1.6108,1.3501,1.3006,1.4266,1.4998,1.5138,1.6719,0.0,0.0,0.0,0.0,-0.0271,-0.6131,0.0841,-0.9267,0.0,0.0,0.0,0.0,0.0,0.0,0.3638,0.2409,0.3835,0.2118,0.0,0.0,0.0,0.0,0.0,0.0,0.0,0.0,0.0,0.0,0.0,0.0,0.0,0.0,0.0,0.0,-0.1084,-0.4815,-0.0725,-0.7775,0.0288,-1.147,0.0,0.0,0.0,0.0,0.0,0.0,0.0,0.0,0.0,0.0,0.0,0.0,0.0,0.0,0.0,0.0,0.0,0.0,0.0,0.0,0.0,0.0,0.0,0.0,0.0,0.0,0.0,0.0,0.0,0.0,0.0,0.0,0.0,0.0,0.0,0.0,0.0,0.0,0.0,0.0,0.0,0.0,0.0,0.0,0.0,0.0,0.0,0.0,0.0,0.0,0.0,0.0,0.0,0.0,0.0,0.0,0.0,0.0,0.0,0.0,0.0173,-0.5172,0.106,-0.8627,0.0,0.0,0.0,0.0,0.0,0.0,0.0,0.0,0.0,0.0,0.0,0.0,0.0,0.0,0.0,0.0,0.0,0.0,0.0,0.0,0.0,0.0,0.0,0.0,False,False,False,False,False,False,right,False,False,False,True,True,True,
video 06.mp4,7008ee79247df857,37666,23500,23833,282,286,0.9831,0.6102,1.7782,0.6892,2.0571,0.809,2.2853,0.9288,2.3127,0.8744,2.56,1.0852,2.7368,1.2791,2.1397,0.9771,2.4018,1.2487,2.5939,1.4848,1.8119,1.1252,2.0219,1.3841,2.2042,1.5913,1.3528,1.2954,1.4325,1.4978,1.5211,1.6717,0.9816,0.6032,1.7744,0.6616,2.0586,0.7661,2.2941,0.8572,2.3094,0.8952,2.5667,1.0937,2.7613,1.2747,2.1398,0.9978,2.4097,1.2564,2.6138,1.482,1.8114,1.1505,2.0227,1.4065,2.2104,1.6108,1.3501,1.3006,1.4266,1.4998,1.5138,1.6719,0.97,0.5964,1.7604,0.6432,2.0441,0.7396,2.284,0.8193,2.2963,0.9047,2.5596,1.0956,2.7608,1.2684,2.134,1.0018,2.4071,1.2561,2.6172,1.4778,1.8079,1.1571,2.0235,1.4096,2.2205,1.6132,1.3428,1.3011,1.4187,1.4977,1.5106,1.6699,0.9609,0.5922,1.7539,0.6382,2.037,0.7345,2.2774,0.8081,2.2805,0.9092,2.5486,1.0954,2.7505,1.2619,2.127,1.0005,2.4004,1.2524,2.6094,1.4697,1.8059,1.1595,2.0213,1.4108,2.2171,1.613,1.337,1.3031,1.4119,1.4978,1.504,1.6685,0.9579,0.5879,1.7502,0.6312,2.0323,0.7231,2.2745,0.787,2.2687,0.9144,2.5394,1.0961,2.7453,1.2564,2.12,1.008,2.3965,1.2551,2.6087,1.4674,1.803,1.1687,2.0186,1.4168,2.2147,1.6149,1.3341,1.3036,1.4093,1.4964,1.5024,1.6642,0.0,0.0,0.0,0.0,0.0173,-0.5172,0.106,-0.8627,0.0,0.0,0.0,0.0,0.0,0.0,0.0,0.0,0.0,0.0,0.0,0.0,0.0,0.0,0.0,0.0,0.0,0.0,0.0,0.0,0.0,0.0,0.0,0.0,0.0,0.0,0.0,0.0,0.0,0.0,-0.1216,-0.4558,0.0,0.0,0.0,0.0,0.0,0.0,0.0,0.0,0.0,0.0,0.0,0.0,0.0,0.0,0.0,0.0,0.0,0.0,0.0,0.0,0.0,0.0,0.0,0.0,0.0,0.0,0.0,0.0,0.0,0.0,0.0,0.0,0.0,0.0,0.0,0.0,0.0,0.0,0.0,0.0,0.0,0.0,0.0,0.0,0.0,0.0,0.0,0.0,0.0,0.0,0.0,0.0,0.0,0.0,0.0,0.0,0.0,0.0,0.0,0.0,0.0,0.0,0.0,0.0,0.0,0.0,0.0,0.0,0.0,0.0,0.0,0.0,0.0,0.0,0.0,0.0,0.0,0.0,0.0,0.0,0.0,0.0,0.0,0.0,0.0,0.0,0.0,0.0,False,False,False,False,False,False,right,False,False,False,True,True,True,
video 06.mp4,7008ee79247df857,37666,23750,24083,285,289,0.9609,0.5922,1.7539,0.6382,2.037,0.7345,2.2774,0.8081,2.2805,0.9092,2.5486,1.0954,2.7505,1.2619,2.127,1.0005,2.4004,1.2524,2.6094,1.4697,1.8059,1.1595,2.0213,1.4108,2.2171,1.613,1.337,1.3031,1.4119,1.4978,1.504,1.6685,0.9579,0.5879,1.7502,0.6312,2.0323,0.7231,2.2745,0.787,2.2687,0.9144,2.5394,1.0961,2.7453,1.2564,2.12,1.008,2.3965,1.2551,2.6087,1.4674,1.803,1.1687,2.0186,1.4168,2.2147,1.6149,1.3341,1.3036,1.4093,1.4964,1.5024,1.6642,0.949,0.5911,1.7381,0.6281,2.0237,0.7152,2.2638,0.785,2.2574,0.9002,2.5346,1.0471,2.749,1.1659,2.1212,1.0151,2.3963,1.2634,2.6029,1.4739,1.8162,1.1643,2.0309,1.4119,2.2235,1.6118,1.3354,1.2992,1.4099,1.4903,1.5007,1.6573,0.9417,0.5987,1.7201,0.638,1.9723,0.7405,2.1764,0.841,2.2575,0.8045,2.5409,0.8656,2.7745,0.9003,2.1158,1.0108,2.3897,1.2596,2.5979,1.4659,1.8143,1.1618,2.0288,1.4103,2.2193,1.6093,1.3383,1.2943,1.4169,1.4854,1.5096,1.652,0.9452,0.6065,1.7199,0.6561,1.9596,0.7769,2.1511,0.8912,2.2505,0.7623,2.5368,0.8025,2.7749,0.8188,2.1137,1.0098,2.3854,1.2609,2.594,1.4656,1.8133,1.1621,2.0275,1.4125,2.2171,1.6113,1.3407,1.2966,1.42,1.4869,1.5117,1.6505,0.0,0.0,0.0,0.0,0.0,0.0,0.0,0.0,0.0,0.0,0.0,0.0,0.0,0.0,0.0,0.0,0.0,0.0,0.0,0.0,0.0,0.0,0.0,0.0,0.0,0.0,0.0,0.0,0.0,0.0,0.0,0.0,0.0,0.0,0.0,0.0,0.0,0.0,0.0,0.0,0.0,0.0,-0.0581,-0.5909,0.0445,-1.09,0.0,0.0,0.0,0.0,0.0,0.0,0.0,0.0,0.0,0.0,0.0,0.0,0.0,0.0,0.0,0.0,0.0,0.0,0.0,0.0,0.0,0.0,-0.6119,0.3005,-1.0406,0.6667,0.0014,-1.1394,0.0755,-2.1602,0.3029,-3.1618,0.0,0.0,0.0,0.0,0.0,0.0,0.0,0.0,0.0,0.0,0.0,0.0,0.0,0.0,0.0,0.0,0.0,0.0,0.0,0.0,0.0,0.0,-0.1531,0.4394,-0.3049,0.6043,-0.0846,-0.5083,-0.0499,-0.7602,0.0053,-0.9825,0.0,0.0,0.0,0.0,0.0,0.0,0.0,0.0,0.0,0.0,0.0,0.0,0.0,0.0,0.0,0.0,0.0,0.0,False,False,False,False,False,False,right,False,False,False,True,True,True,
video 06.mp4,7008ee79247df857,37666,24000,24333,288,292,0.9417,0.5987,1.7201,0.638,1.9723,0.7405,2.1764,0.841,2.2575,0.8045,2.5409,0.8656,2.7745,0.9003,2.1158,1.0108,2.3897,1.2596,2.5979,1.4659,1.8143,1.1618,2.0288,1.4103,2.2193,1.6093,1.3383,1.2943,1.4169,1.4854,1.5096,1.652,0.9452,0.6065,1.7199,0.6561,1.9596,0.7769,2.1511,0.8912,2.2505,0.7623,2.5368,0.8025,2.7749,0.8188,2.1137,1.0098,2.3854,1.2609,2.594,1.4656,1.8133,1.1621,2.0275,1.4125,2.2171,1.6113,1.3407,1.2966,1.42,1.4869,1.5117,1.6505,0.943,0.6186,1.7054,0.6509,1.9413,0.7654,2.129,0.8742,2.237,0.7333,2.5254,0.774,2.7683,0.7962,2.1065,1.0077,2.3817,1.2618,2.5916,1.4684,1.8119,1.1592,2.0315,1.4092,2.2247,1.6073,1.3433,1.2994,1.4224,1.4899,1.5114,1.6535,0.9449,0.6265,1.7034,0.6506,1.937,0.7641,2.1277,0.8671,2.2367,0.7276,2.5243,0.7719,2.7674,0.8011,2.1046,1.008,2.3815,1.263,2.5933,1.4707,1.8127,1.1606,2.0357,1.4069,2.228,1.6002,1.348,1.3034,1.4268,1.4941,1.5117,1.6573,0.9517,0.6297,1.7117,0.6588,1.9452,0.7821,2.1384,0.8921,2.2382,0.734,2.525,0.7846,2.7677,0.8205,2.1051,1.0069,2.382,1.2627,2.5967,1.4715,1.8132,1.1636,2.0379,1.4095,2.2299,1.6026,1.3485,1.3011,1.4289,1.4919,1.5146,1.6551,0.0,0.0,0.0,0.0,-0.1531,0.4394,-0.3049,0.6043,-0.0846,-0.5083,-0.0499,-0.7602,0.0053,-0.9825,0.0,0.0,0.0,0.0,0.0,0.0,0.0,0.0,0.0,0.0,0.0,0.0,0.0,0.0,0.0,0.0,0.0,0.0,0.0,0.0,0.0,0.0,0.0,0.0,0.0,0.0,0.0,0.0,0.0,0.0,0.0,0.0,0.0,0.0,0.0,0.0,0.0,0.0,0.0,0.0,0.0,0.0,0.0,0.0,0.0,0.0,0.0,0.0,0.0,0.0,0.0,0.0,0.0,0.0,0.0,0.0,0.0,0.0,0.0,0.0,0.0,0.0,0.0,0.0,0.0,0.0,0.0,0.0,0.0,0.0,0.0,0.0,0.0,0.0,0.0,0.0,0.0,0.0,0.0,0.0,0.0,0.0,0.0,0.0,0.0,0.0,0.0,0.0,0.0,0.0,0.0,0.0,0.0,0.0,0.0,0.0,0.0,0.0,0.0,0.0,0.0,0.0,0.0,0.0,0.0,0.0,0.0,0.0,0.0,0.0,0.0,0.0,0.0,0.0,False,False,False,False,False,False,right,False,False,False,True,True,True,
video 06.mp4,7008ee79247df857,37666,24250,24583,291,295,0.9449,0.6265,1.7034,0.6506,1.937,0.7641,2.1277,0.8671,2.2367,0.7276,2.5243,0.7719,2.7674,0.8011,2.1046,1.008,2.3815,1.263,2.5933,1.4707,1.8127,1.1606,2.0357,1.4069,2.228,1.6002,1.348,1.3034,1.4268,1.4941,1.5117,1.6573,0.9517,0.6297,1.7117,0.6588,1.9452,0.7821,2.1384,0.8921,2.2382,0.734,2.525,0.7846,2.7677,0.8205,2.1051,1.0069,2.382,1.2627,2.5967,1.4715,1.8132,1.1636,2.0379,1.4095,2.2299,1.6026,1.3485,1.3011,1.4289,1.4919,1.5146,1.6551,0.9586,0.6315,1.7138,0.6545,1.9483,0.7791,2.1386,0.893,2.243,0.742,2.53,0.8023,2.7706,0.8458,2.1116,1.0093,2.3906,1.2686,2.6037,1.4798,1.8139,1.1698,2.0392,1.4165,2.2309,1.6085,1.3486,1.3079,1.4299,1.497,1.5167,1.656,0.9793,0.6254,1.7449,0.6496,2.0143,0.7506,2.2582,0.8356,2.2727,0.8687,2.5584,1.0468,2.7873,1.2059,2.1324,1.0099,2.4193,1.2732,2.6417,1.4907,1.8221,1.1673,2.0451,1.422,2.2386,1.619,1.3432,1.3057,1.4214,1.4972,1.511,1.6587,0.9812,0.6157,1.7599,0.6453,2.0342,0.7374,2.2868,0.8025,2.2807,0.9099,2.5621,1.0905,2.7861,1.2506,2.1279,1.0163,2.4128,1.2704,2.6394,1.4846,1.8095,1.1683,2.0309,1.4177,2.2301,1.6139,1.3379,1.2996,1.411,1.4913,1.5038,1.6558,0.0,0.0,0.0,0.0,0.0,0.0,0.0,0.0,0.0,0.0,0.0,0.0,0.0,0.0,0.0,0.0,0.0,0.0,0.0,0.0,0.0,0.0,0.0,0.0,0.0,0.0,0.0,0.0,0.0,0.0,0.0,0.0,0.0,0.0,0.0,0.0,0.0,0.0,0.0,0.0,0.0,0.0,0.0,0.0,0.0,0.0,0.0,0.0,0.0,0.0,0.0,0.0,0.0,0.0,0.0,0.0,0.0,0.0,0.0,0.0,0.0,0.0,0.0,0.0,0.0,0.0,0.0,0.0,0.7859,-0.3395,1.4242,-0.6833,0.3542,1.5085,0.3385,2.9105,0.1997,4.287,0.0,0.0,0.0,0.0,0.4531,0.1295,0.0,0.0,0.0,0.0,0.0,0.0,0.0,0.0,0.0,0.0,0.0,0.0,0.0,0.0,0.0,0.0,0.0,0.0,0.3447,-0.3995,0.0965,0.4967,0.0444,0.526,-0.0151,0.5389,0.0,0.0,0.0,0.0,0.0,0.0,0.0,0.0,0.0,0.0,0.0,0.0,0.0,0.0,0.0,0.0,0.0,0.0,False,False,False,False,False,False,right,False,False,False,True,True,True,
video 06.mp4,7008ee79247df857,37666,24500,24833,294,298,0.9793,0.6254,1.7449,0.6496,2.0143,0.7506,2.2582,0.8356,2.2727,0.8687,2.5584,1.0468,2.7873,1.2059,2.1324,1.0099,2.4193,1.2732,2.6417,1.4907,1.8221,1.1673,2.0451,1.422,2.2386,1.619,1.3432,1.3057,1.4214,1.4972,1.511,1.6587,0.9812,0.6157,1.7599,0.6453,2.0342,0.7374,2.2868,0.8025,2.2807,0.9099,2.5621,1.0905,2.7861,1.2506,2.1279,1.0163,2.4128,1.2704,2.6394,1.4846,1.8095,1.1683,2.0309,1.4177,2.2301,1.6139,1.3379,1.2996,1.411,1.4913,1.5038,1.6558,0.9762,0.6114,1.7608,0.6381,2.0375,0.7262,2.2889,0.7858,2.2791,0.9138,2.5583,1.0911,2.7793,1.2473,2.1242,1.014,2.4076,1.2643,2.6317,1.4772,1.8029,1.1661,2.0251,1.4121,2.227,1.6074,1.3342,1.2971,1.4064,1.4877,1.5009,1.6529,0.9719,0.6041,1.7584,0.6349,2.033,0.722,2.2829,0.7849,2.2754,0.9157,2.5518,1.0928,2.7695,1.2488,2.116,1.0121,2.3967,1.2581,2.6221,1.4682,1.7926,1.1623,2.0125,1.4071,2.2158,1.6019,1.3274,1.2933,1.3991,1.4838,1.4948,1.6497,0.9647,0.6058,1.7528,0.6322,2.0259,0.7174,2.2736,0.7823,2.2685,0.9129,2.5438,1.0878,2.7588,1.2423,2.1103,1.0083,2.3901,1.2535,2.6127,1.464,1.7887,1.1586,2.0092,1.4038,2.2131,1.5992,1.3229,1.2888,1.3957,1.479,1.4918,1.6446,0.0,0.0,0.0,0.0,0.0,0.0,0.3447,-0.3995,0.0965,0.4967,0.0444,0.526,-0.0151,0.5389,0.0,0.0,0.0,0.0,0.0,0.0,0.0,0.0,0.0,0.0,0.0,0.0,0.0,0.0,0.0,0.0,0.0,0.0,0.0,0.0,0.0,0.0,0.0,0.0,0.0,0.0,0.0,0.0,0.0,0.0,0.0,0.0,0.0,0.0,0.0,0.0,0.0,0.0,0.0,0.0,0.0,0.0,0.0,0.0,0.0,0.0,0.0,0.0,0.0,0.0,0.0,0.0,0.0,0.0,0.0,0.0,0.0,0.0,0.0,0.0,0.0,0.0,0.0,0.0,0.0,0.0,0.0,0.0,0.0,0.0,0.0,0.0,0.0,0.0,0.0,0.0,0.0,0.0,0.0,0.0,0.0,0.0,0.0,0.0,0.0,0.0,0.0,0.0,0.0,0.0,0.0,0.0,0.0,0.0,0.0,0.0,0.0,0.0,0.0,0.0,0.0,0.0,0.0,0.0,0.0,0.0,0.0,0.0,0.0,0.0,0.0,0.0,0.0,0.0,False,False,False,False,False,False,right,False,False,False,True,False,True,
video 06.mp4,7008ee79247df857,37666,24750,25083,297,301,0.9719,0.6041,1.7584,0.6349,2.033,0.722,2.2829,0.7849,2.2754,0.9157,2.5518,1.0928,2.7695,1.2488,2.116,1.0121,2.3967,1.2581,2.6221,1.4682,1.7926,1.1623,2.0125,1.4071,2.2158,1.6019,1.3274,1.2933,1.3991,1.4838,1.4948,1.6497,0.9647,0.6058,1.7528,0.6322,2.0259,0.7174,2.2736,0.7823,2.2685,0.9129,2.5438,1.0878,2.7588,1.2423,2.1103,1.0083,2.3901,1.2535,2.6127,1.464,1.7887,1.1586,2.0092,1.4038,2.2131,1.5992,1.3229,1.2888,1.3957,1.479,1.4918,1.6446,0.9593,0.6008,1.7461,0.6239,2.0193,0.7074,2.2666,0.7773,2.2674,0.9094,2.5398,1.0848,2.7523,1.2435,2.1065,1.0103,2.383,1.2546,2.6036,1.4661,1.7767,1.1399,1.994,1.3804,2.1926,1.5757,1.3221,1.2747,1.3936,1.4689,1.4877,1.638,0.9553,0.5942,1.7425,0.6144,2.0155,0.689,2.2632,0.7499,2.2673,0.9088,2.5394,1.0828,2.7513,1.2439,2.1039,1.0235,2.375,1.263,2.5887,1.4743,1.778,1.1058,1.9937,1.3015,2.1851,1.4679,1.3409,1.2588,1.4168,1.4436,1.512,1.6073,0.9509,0.5848,1.7369,0.602,2.0093,0.6707,2.2524,0.7381,2.2641,0.9072,2.5351,1.0799,2.7457,1.2422,2.1012,1.0322,2.3683,1.269,2.5795,1.4816,1.7779,1.0926,1.9944,1.275,2.1873,1.4345,1.3536,1.2612,1.4357,1.444,1.5381,1.6089,0.0,0.0,0.0,0.0,0.0,0.0,0.0,0.0,0.0,0.0,0.0,0.0,0.0,0.0,0.0,0.0,0.0,0.0,0.0,0.0,0.0,0.0,0.0,0.0,0.0,0.0,0.0,0.0,0.0,0.0,0.0,0.0,0.0,0.0,0.0,0.0,0.0,0.0,0.0,0.0,0.0,0.0,0.0,0.0,0.0,0.0,0.0,0.0,0.0,0.0,0.0,0.0,0.0,0.0,0.0,0.0,0.0,0.0,0.0,0.0,0.0,0.0,0.0,0.0,0.0,0.0,0.0,0.0,0.0,0.0,0.0,0.0,0.0,0.0,0.0,0.0,0.0,0.0,0.0,0.0,0.0,0.0,0.0,0.0,0.0156,-0.4052,-0.0038,-0.9393,-0.0895,-1.283,0.0,0.0,0.2769,-0.3001,0.2898,-0.3645,0.0,0.0,0.0,0.0,0.0,0.0,0.0,0.0,0.0,0.0,0.0,0.0,0.0,0.0,0.0,0.0,0.0,0.0,0.0,0.0,0.0,0.0,0.0,0.0,0.0267,-0.4028,0.0,0.0,0.0,0.0,0.0,0.0,False,False,False,False,False,False,right,False,False,False,True,False,True,
video 06.mp4,7008ee79247df857,37666,25000,25333,300,304,0.9553,0.5942,1.7425,0.6144,2.0155,0.689,2.2632,0.7499,2.2673,0.9088,2.5394,1.0828,2.7513,1.2439,2.1039,1.0235,2.375,1.263,2.5887,1.4743,1.778,1.1058,1.9937,1.3015,2.1851,1.4679,1.3409,1.2588,1.4168,1.4436,1.512,1.6073,0.9509,0.5848,1.7369,0.602,2.0093,0.6707,2.2524,0.7381,2.2641,0.9072,2.5351,1.0799,2.7457,1.2422,2.1012,1.0322,2.3683,1.269,2.5795,1.4816,1.7779,1.0926,1.9944,1.275,2.1873,1.4345,1.3536,1.2612,1.4357,1.444,1.5381,1.6089,0.9398,0.5837,1.7285,0.5973,2.0021,0.6663,2.2446,0.7364,2.2539,0.9038,2.5258,1.072,2.7344,1.2321,2.0964,1.0298,2.3645,1.2604,2.5772,1.4685,1.7716,1.0869,1.9899,1.2644,2.1846,1.4207,1.3565,1.2629,1.4455,1.4442,1.5545,1.6085,0.9247,0.5856,1.7151,0.595,1.9931,0.6632,2.2364,0.7339,2.241,0.902,2.5114,1.0677,2.7196,1.2239,2.0906,1.0267,2.3606,1.2529,2.5744,1.4565,1.7634,1.0919,1.9812,1.2752,2.1785,1.4349,1.3583,1.2687,1.4519,1.4516,1.5635,1.6167,0.919,0.5918,1.7034,0.6039,1.982,0.6781,2.2265,0.7513,2.2301,0.8898,2.4967,1.0634,2.6983,1.2199,2.0779,1.0069,2.3496,1.2393,2.5593,1.4414,1.7531,1.1296,1.9744,1.3568,2.1713,1.5411,1.3589,1.2998,1.4653,1.4988,1.5819,1.6663,0.0,0.0,0.0,0.0,0.0,0.0,0.0,0.0,0.0,0.0,0.0,0.0,0.0,0.0,0.0,0.0,0.0,0.0,0.0,0.0,0.0,0.0,0.0,0.0,0.0267,-0.4028,0.0,0.0,0.0,0.0,0.0,0.0,0.0,0.0,0.0,0.0,0.0,0.0,0.0,0.0,0.0,0.0,0.0,0.0,0.0,0.0,0.0,0.0,0.0,0.0,0.0,0.0,0.0,0.0,0.0,0.0,0.0,0.0,0.0,0.0,0.0,0.0,0.0,0.0,0.0,0.0,0.0,0.0,0.0,0.0,0.0,0.0,0.0,0.0,0.0,0.0,0.0,0.0,0.0,0.0,0.0,0.0,0.0,0.0,0.0,0.0,0.0,0.0,0.0,0.0,0.0,0.0,0.0,0.0,0.0,0.0,0.0,0.0,0.0,0.0,0.0,0.0,0.0,0.0,0.0,0.0,0.0,0.0,0.0,0.0,0.0,0.0,0.0,0.0,0.0,0.0,-0.1249,0.4544,-0.0822,0.9832,-0.0871,1.2795,0.0,0.0,0.1621,0.5687,0.2219,0.5972,False,False,False,True,False,False,right,False,False,False,True,False,True,
video 06.mp4,7008ee79247df857,37666,25250,25583,303,307,0.9247,0.5856,1.7151,0.595,1.9931,0.6632,2.2364,0.7339,2.241,0.902,2.5114,1.0677,2.7196,1.2239,2.0906,1.0267,2.3606,1.2529,2.5744,1.4565,1.7634,1.0919,1.9812,1.2752,2.1785,1.4349,1.3583,1.2687,1.4519,1.4516,1.5635,1.6167,0.919,0.5918,1.7034,0.6039,1.982,0.6781,2.2265,0.7513,2.2301,0.8898,2.4967,1.0634,2.6983,1.2199,2.0779,1.0069,2.3496,1.2393,2.5593,1.4414,1.7531,1.1296,1.9744,1.3568,2.1713,1.5411,1.3589,1.2998,1.4653,1.4988,1.5819,1.6663,0.9229,0.5943,1.7084,0.6225,1.9798,0.6955,2.2269,0.7533,2.2258,0.8904,2.493,1.064,2.6972,1.2214,2.0666,0.9926,2.3423,1.227,2.5557,1.4325,1.7419,1.1333,1.9618,1.3721,2.1557,1.5657,1.3455,1.2932,1.448,1.4984,1.5596,1.6695,0.9377,0.59,1.7237,0.6378,1.9863,0.7145,2.2314,0.7806,2.231,0.8938,2.4997,1.0696,2.7067,1.2309,2.0586,0.9914,2.332,1.2317,2.5526,1.4407,1.7281,1.1323,1.9387,1.3715,2.1284,1.5634,1.3014,1.2726,1.378,1.476,1.4735,1.6474,0.9428,0.5894,1.7251,0.6328,1.9854,0.7095,2.2293,0.7784,2.2311,0.8969,2.4991,1.0745,2.7083,1.2377,2.0552,0.9922,2.3241,1.231,2.5444,1.4393,1.7251,1.1286,1.9308,1.3653,2.1176,1.5551,1.2893,1.2602,1.3565,1.4601,1.4462,1.6329,0.0,0.0,0.0,0.0,0.0,0.0,0.0,0.0,0.0,0.0,0.0,0.0,0.0,0.0,0.0,0.0,0.0,0.0,0.0,0.0,-0.1249,0.4544,-0.0822,0.9832,-0.0871,1.2795,0.0,0.0,0.1621,0.5687,0.2219,0.5972,0.0,0.0,0.0,0.0,0.0,0.0,0.0,0.0,0.0,0.0,0.0,0.0,0.0,0.0,0.0,0.0,0.0,0.0,0.0,0.0,0.0,0.0,0.0,0.0,0.0,0.0,0.0,0.0,0.0,0.0,0.0,0.0,0.0,0.0,0.0,0.0,0.0,0.0,0.0,0.0,0.0,0.0,0.0,0.0,0.0,0.0,0.0,0.0,0.0,0.0,0.0,0.0,0.0,0.0,0.0,0.0,0.0,0.0,-0.5242,-0.2457,-0.8332,-0.2666,-1.0243,-0.2632,0.0,0.0,0.0,0.0,0.0,0.0,0.0,0.0,0.0,0.0,0.0,0.0,0.0,0.0,0.0,0.0,0.0,0.0,0.0,0.0,0.0,0.0,0.0,0.0,0.0,0.0,0.0,0.0,0.0,0.0,0.0,0.0,False,False,False,True,True,False,right,False,False,False,True,False,True,
video 06.mp4,7008ee79247df857,37666,25500,25833,306,310,0.9377,0.59,1.7237,0.6378,1.9863,0.7145,2.2314,0.7806,2.231,0.8938,2.4997,1.0696,2.7067,1.2309,2.0586,0.9914,2.332,1.2317,2.5526,1.4407,1.7281,1.1323,1.9387,1.3715,2.1284,1.5634,1.3014,1.2726,1.378,1.476,1.4735,1.6474,0.9428,0.5894,1.7251,0.6328,1.9854,0.7095,2.2293,0.7784,2.2311,0.8969,2.4991,1.0745,2.7083,1.2377,2.0552,0.9922,2.3241,1.231,2.5444,1.4393,1.7251,1.1286,1.9308,1.3653,2.1176,1.5551,1.2893,1.2602,1.3565,1.4601,1.4462,1.6329,0.9417,0.5873,1.723,0.6324,1.9833,0.712,2.2254,0.7889,2.2314,0.8955,2.4991,1.0745,2.7078,1.2399,2.0543,0.988,2.3202,1.229,2.5364,1.4391,1.7236,1.1252,1.9275,1.3632,2.1127,1.5536,1.2834,1.2503,1.3508,1.4484,1.44,1.6218,0.9377,0.593,1.7245,0.6483,1.9892,0.7283,2.2272,0.8076,2.2304,0.8786,2.4929,1.0646,2.69,1.2355,2.0518,0.9611,2.3076,1.2124,2.5015,1.4329,1.723,1.1012,1.9256,1.3464,2.105,1.5448,1.2854,1.2443,1.3557,1.4437,1.4434,1.6211,0.941,0.5961,1.7459,0.7095,2.0184,0.8358,2.2454,0.974,2.2348,0.8539,2.4861,1.0552,2.6652,1.2409,2.0464,0.9251,2.2965,1.1884,2.4834,1.4218,1.7259,1.0712,1.9302,1.3235,2.1057,1.5287,1.2892,1.2396,1.3626,1.4451,1.4502,1.6254,0.0,0.0,0.0,0.0,0.0,0.0,0.0,0.0,0.0,0.0,0.0,0.0,0.0,0.0,0.0,0.0,0.0,0.0,0.0,0.0,0.0,0.0,0.0,0.0,0.0,0.0,0.0,0.0,0.0,0.0,0.0,0.0,0.0,0.0,0.0,0.0,0.0,0.0,0.0,0.0,0.0,0.0,0.0,0.0,0.0,0.0,0.0,0.0,0.0,0.0,0.0,0.0,0.0,0.0,0.0,0.0,0.0,0.0,0.0,0.0,0.0,0.0,0.0,0.0,0.0,0.0,0.0,0.0,0.0,0.0,0.0,0.0,0.0,0.0,0.0,0.0,0.0,0.0,0.0,0.0,0.0,0.0,-0.4155,-0.0735,0.0,0.0,0.0,0.0,0.0,0.0,0.0,0.0,0.0,0.0,0.0,0.0,0.0,0.0,0.2572,0.737,0.3519,1.2953,0.2193,2.0043,0.0,0.0,0.0,0.0,0.0,0.0,-0.0662,-0.4335,0.0,0.0,0.0,0.0,0.0,0.0,0.0,0.0,0.0,0.0,0.0,0.0,0.0,0.0,0.0,0.0,False,False,False,False,False,False,right,False,False,False,True,True,True,
video 06.mp4,7008ee79247df857,37666,25750,26083,309,313,0.9377,0.593,1.7245,0.6483,1.9892,0.7283,2.2272,0.8076,2.2304,0.8786,2.4929,1.0646,2.69,1.2355,2.0518,0.9611,2.3076,1.2124,2.5015,1.4329,1.723,1.1012,1.9256,1.3464,2.105,1.5448,1.2854,1.2443,1.3557,1.4437,1.4434,1.6211,0.941,0.5961,1.7459,0.7095,2.0184,0.8358,2.2454,0.974,2.2348,0.8539,2.4861,1.0552,2.6652,1.2409,2.0464,0.9251,2.2965,1.1884,2.4834,1.4218,1.7259,1.0712,1.9302,1.3235,2.1057,1.5287,1.2892,1.2396,1.3626,1.4451,1.4502,1.6254,0.9466,0.6067,1.7683,0.7774,2.0425,0.9338,2.2663,1.0949,2.2395,0.8435,2.4819,1.054,2.6495,1.2503,2.0433,0.902,2.2914,1.1733,2.4713,1.4169,1.7295,1.0441,1.935,1.3038,2.1039,1.5176,1.2979,1.2316,1.3738,1.446,1.4577,1.6333,0.9503,0.6128,1.7654,0.7759,2.0282,0.9237,2.2485,1.0753,2.2423,0.8346,2.473,1.055,2.6274,1.2626,2.0434,0.8947,2.2889,1.1689,2.4707,1.4154,1.7362,1.0316,1.9387,1.2943,2.1017,1.5111,1.3113,1.2318,1.385,1.4533,1.4619,1.6469,0.9544,0.6237,1.7691,0.7803,2.0238,0.9317,2.2383,1.0891,2.2411,0.836,2.4643,1.0596,2.6128,1.2746,2.0438,0.894,2.2901,1.1691,2.473,1.4191,1.7432,1.0307,1.9458,1.2931,2.1042,1.5108,1.3228,1.237,1.3924,1.4642,1.4633,1.6621,0.0,0.0,0.2572,0.737,0.3519,1.2953,0.2193,2.0043,0.0,0.0,0.0,0.0,0.0,0.0,-0.0662,-0.4335,0.0,0.0,0.0,0.0,0.0,0.0,0.0,0.0,0.0,0.0,0.0,0.0,0.0,0.0,0.0,0.0,0.0,0.0,0.2701,0.8175,0.2904,1.1806,0.2523,1.457,0.0,0.0,0.0,0.0,0.0,0.0,0.0,0.0,0.0,0.0,0.0,0.0,0.0,0.0,0.0,0.0,0.0,0.0,0.0,0.0,0.0,0.0,0.0,0.0,0.0,0.0,0.0,0.0,0.0,0.0,0.0,0.0,0.0,0.0,0.0,0.0,0.0,0.0,0.0,0.0,0.0,0.0,0.0,0.0,0.0,0.0,0.0,0.0,0.0,0.0,0.0,0.0,0.0,0.0,0.0,0.0,0.0,0.0,0.0,0.0,0.0,0.0,0.0,0.0,0.0,0.0,0.0,0.0,0.0,0.0,0.0,0.0,0.0,0.0,0.0,0.0,0.0,0.0,0.0,0.0,0.0,0.0,0.0,0.0,0.0,0.0,0.0,0.0,False,False,False,False,False,False,right,False,False,False,True,True,True,
video 06.mp4,7008ee79247df857,37666,26000,26333,312,316,0.9503,0.6128,1.7654,0.7759,2.0282,0.9237,2.2485,1.0753,2.2423,0.8346,2.473,1.055,2.6274,1.2626,2.0434,0.8947,2.2889,1.1689,2.4707,1.4154,1.7362,1.0316,1.9387,1.2943,2.1017,1.5111,1.3113,1.2318,1.385,1.4533,1.4619,1.6469,0.9544,0.6237,1.7691,0.7803,2.0238,0.9317,2.2383,1.0891,2.2411,0.836,2.4643,1.0596,2.6128,1.2746,2.0438,0.894,2.2901,1.1691,2.473,1.4191,1.7432,1.0307,1.9458,1.2931,2.1042,1.5108,1.3228,1.237,1.3924,1.4642,1.4633,1.6621,0.9631,0.6331,1.7751,0.7792,2.0312,0.9288,2.2431,1.0828,2.2528,0.8362,2.4731,1.0665,2.6232,1.2877,2.0541,0.8955,2.3003,1.1757,2.4829,1.4299,1.756,1.0298,1.9576,1.2949,2.1135,1.5152,1.3309,1.2399,1.4013,1.47,1.4691,1.6705,0.9649,0.6384,1.7752,0.7605,2.0388,0.8958,2.2521,1.0259,2.2608,0.8339,2.4799,1.0685,2.6284,1.2922,2.0639,0.8991,2.3084,1.1794,2.4876,1.434,1.7647,1.0368,1.9676,1.3014,2.1255,1.5222,1.3378,1.2515,1.4072,1.4812,1.4739,1.6806,0.9672,0.6388,1.7799,0.7472,2.0474,0.8739,2.263,0.9946,2.2685,0.8349,2.4879,1.0707,2.6369,1.2951,2.0735,0.9039,2.316,1.1852,2.4938,1.4398,1.7734,1.0442,1.9768,1.3108,2.1354,1.5324,1.3432,1.2614,1.4113,1.489,1.4781,1.686,0.0,0.0,0.0,0.0,0.0,0.0,0.0,0.0,0.0,0.0,0.0,0.0,0.0,0.0,0.0,0.0,0.0,0.0,0.0,0.0,0.0,0.0,0.0,0.0,0.0,0.0,0.0,0.0,0.0,0.0,0.0,0.0,0.0,0.0,0.0,0.0,0.0,0.0,0.0,0.0,0.0,0.0,0.0,0.0,0.0,0.0,0.0,0.0,0.0,0.0,0.0,0.0,0.0,0.0,0.0,0.0,0.0,0.0,0.0,0.0,0.0,0.0,0.0,0.0,0.0,0.0,0.0,0.0,0.0904,-0.393,0.1068,-0.6765,0.0,0.0,0.0,0.0,0.0,0.0,0.0,0.0,0.0,0.0,0.0,0.0,0.0,0.0,0.0,0.0,0.0,0.0,0.0,0.0,0.0,0.0,0.0,0.0,0.0,0.0,0.0,0.0,0.0,0.0,0.0,0.0,0.0,0.0,0.0,0.0,0.0,0.0,0.0,0.0,0.0,0.0,0.0,0.0,0.0,0.0,0.0,0.0,0.0,0.0,0.0,0.0,0.0,0.0,0.0,0.0,False,False,False,False,False,False,right,False,False,False,True,True,True,
video 06.mp4,7008ee79247df857,37666,26250,26583,315,319,0.9649,0.6384,1.7752,0.7605,2.0388,0.8958,2.2521,1.0259,2.2608,0.8339,2.4799,1.0685,2.6284,1.2922,2.0639,0.8991,2.3084,1.1794,2.4876,1.434,1.7647,1.0368,1.9676,1.3014,2.1255,1.5222,1.3378,1.2515,1.4072,1.4812,1.4739,1.6806,0.9672,0.6388,1.7799,0.7472,2.0474,0.8739,2.263,0.9946,2.2685,0.8349,2.4879,1.0707,2.6369,1.2951,2.0735,0.9039,2.316,1.1852,2.4938,1.4398,1.7734,1.0442,1.9768,1.3108,2.1354,1.5324,1.3432,1.2614,1.4113,1.489,1.4781,1.686,0.9688,0.6406,1.7867,0.7498,2.0534,0.872,2.2743,0.9865,2.2726,0.839,2.4947,1.0746,2.6452,1.299,2.0774,0.907,2.3216,1.1882,2.5013,1.4423,1.7758,1.0474,1.9812,1.3149,2.1394,1.5369,1.3456,1.2644,1.4128,1.4929,1.4797,1.6893,0.9683,0.6426,1.784,0.7564,2.0426,0.891,2.2566,1.0325,2.277,0.8301,2.5033,1.0625,2.6576,1.2831,2.0758,0.9046,2.3224,1.1914,2.5076,1.4491,1.776,1.0426,1.9819,1.3107,2.1414,1.5329,1.3466,1.2644,1.4159,1.493,1.4854,1.6886,0.9618,0.6474,1.7749,0.7689,2.022,0.9207,2.2325,1.0697,2.2739,0.7548,2.5389,0.8572,2.7556,0.9405,2.0709,0.9046,2.3226,1.1868,2.5165,1.4404,1.7746,1.0475,1.9834,1.3142,2.1434,1.536,1.3494,1.2705,1.419,1.4969,1.491,1.6937,0.0,0.0,0.0,0.0,0.0,0.0,0.0,0.0,0.0,0.0,0.0,0.0,0.0,0.0,0.0,0.0,0.0,0.0,0.0,0.0,0.0,0.0,0.0,0.0,0.0,0.0,0.0,0.0,0.0,0.0,0.0,0.0,0.0,0.0,0.0,0.0,0.0,0.0,0.0,0.0,0.0,0.0,0.0,0.0,0.0,0.0,0.0,0.0,0.0,0.0,0.0,0.0,0.0,0.0,0.0,0.0,0.0,0.0,0.0,0.0,0.0,0.0,0.0,0.0,0.0,0.0,0.0,0.0,0.0,0.0,-0.2108,0.5483,0.0,0.0,0.0,0.0,0.0,0.0,0.0,0.0,0.0,0.0,0.0,0.0,0.0,0.0,0.0,0.0,0.0,0.0,0.0,0.0,0.0,0.0,0.0,0.0,0.0,0.0,0.0,0.0,-0.2484,0.3575,-0.2899,0.4483,-0.0372,-0.9073,0.4288,-2.4743,1.1802,-4.1266,0.0,0.0,0.0,0.0,0.0,0.0,0.0,0.0,0.0,0.0,0.0,0.0,0.0,0.0,0.0,0.0,0.0,0.0,False,False,False,False,False,False,right,False,False,False,True,True,True,
video 06.mp4,7008ee79247df857,37666,26500,26833,318,322,0.9683,0.6426,1.784,0.7564,2.0426,0.891,2.2566,1.0325,2.277,0.8301,2.5033,1.0625,2.6576,1.2831,2.0758,0.9046,2.3224,1.1914,2.5076,1.4491,1.776,1.0426,1.9819,1.3107,2.1414,1.5329,1.3466,1.2644,1.4159,1.493,1.4854,1.6886,0.9618,0.6474,1.7749,0.7689,2.022,0.9207,2.2325,1.0697,2.2739,0.7548,2.5389,0.8572,2.7556,0.9405,2.0709,0.9046,2.3226,1.1868,2.5165,1.4404,1.7746,1.0475,1.9834,1.3142,2.1434,1.536,1.3494,1.2705,1.419,1.4969,1.491,1.6937,0.9627,0.6498,1.7737,0.7724,2.0175,0.922,2.231,1.0585,2.2775,0.7019,2.566,0.7654,2.8064,0.8226,2.0683,0.9055,2.3223,1.1832,2.5204,1.4314,1.7725,1.0524,1.984,1.3165,2.1445,1.5337,1.3523,1.2743,1.4218,1.4987,1.4941,1.6935,0.9559,0.6467,1.7686,0.7731,2.0179,0.9231,2.2343,1.055,2.2742,0.6756,2.5646,0.7159,2.8055,0.751,2.0681,0.9074,2.3219,1.1813,2.519,1.4269,1.7723,1.056,1.9828,1.3162,2.1424,1.5307,1.3546,1.2758,1.424,1.4975,1.4959,1.691,0.9584,0.6479,1.7736,0.7846,2.0166,0.9484,2.2288,1.0993,2.2747,0.7023,2.5656,0.7703,2.8045,0.8337,2.0689,0.9057,2.3228,1.1833,2.518,1.4324,1.7722,1.0523,1.9847,1.3144,2.1429,1.5292,1.3531,1.2725,1.4231,1.495,1.4943,1.6881,0.0,0.0,0.0,0.0,-0.2484,0.3575,-0.2899,0.4483,-0.0372,-0.9073,0.4288,-2.4743,1.1802,-4.1266,0.0,0.0,0.0,0.0,0.0,0.0,0.0,0.0,0.0,0.0,0.0,0.0,0.0,0.0,0.0,0.0,0.0,0.0,0.0,0.0,0.0,0.0,0.0,0.0,0.0,0.0,0.0434,-0.6371,0.3263,-1.1056,0.6121,-1.4213,0.0,0.0,0.0,0.0,0.0,0.0,0.0,0.0,0.0,0.0,0.0,0.0,0.0,0.0,0.0,0.0,0.0,0.0,0.0,0.0,0.0,0.0,0.0,0.0,0.0,0.0,0.0,0.0,-0.0166,-0.5896,-0.0104,-0.852,0.0,0.0,0.0,0.0,0.0,0.0,0.0,0.0,0.0,0.0,0.0,0.0,0.0,0.0,0.0,0.0,0.0,0.0,0.0,0.0,0.0,0.0,0.0,0.0,-0.0667,0.534,0.0,0.0,0.0124,0.6563,-0.0119,0.9967,0.0,0.0,0.0,0.0,0.0,0.0,0.0,0.0,0.0,0.0,0.0,0.0,0.0,0.0,0.0,0.0,0.0,0.0,False,False,False,False,False,False,right,False,False,False,True,True,True,
video 06.mp4,7008ee79247df857,37666,26750,27083,321,325,0.9559,0.6467,1.7686,0.7731,2.0179,0.9231,2.2343,1.055,2.2742,0.6756,2.5646,0.7159,2.8055,0.751,2.0681,0.9074,2.3219,1.1813,2.519,1.4269,1.7723,1.056,1.9828,1.3162,2.1424,1.5307,1.3546,1.2758,1.424,1.4975,1.4959,1.691,0.9584,0.6479,1.7736,0.7846,2.0166,0.9484,2.2288,1.0993,2.2747,0.7023,2.5656,0.7703,2.8045,0.8337,2.0689,0.9057,2.3228,1.1833,2.518,1.4324,1.7722,1.0523,1.9847,1.3144,2.1429,1.5292,1.3531,1.2725,1.4231,1.495,1.4943,1.6881,0.9514,0.6449,1.7656,0.7404,2.0356,0.8687,2.2615,0.977,2.2508,0.8082,2.515,1.0003,2.717,1.1694,2.0745,0.9093,2.3332,1.1921,2.528,1.4411,1.7774,1.0543,1.9925,1.3215,2.1612,1.5353,1.3498,1.276,1.4176,1.5002,1.4872,1.6909,0.9589,0.6371,1.7759,0.7273,2.0647,0.8352,2.3094,0.9183,2.2558,0.8608,2.5213,1.069,2.7207,1.2626,2.0873,0.9169,2.3457,1.201,2.5366,1.4553,1.7832,1.0582,2.0008,1.3245,2.1733,1.5378,1.3474,1.2759,1.4135,1.498,1.4844,1.6867,0.967,0.6366,1.7818,0.7141,2.0782,0.8168,2.3209,0.8965,2.263,0.8678,2.5274,1.0845,2.7262,1.2831,2.094,0.9203,2.3543,1.2026,2.5465,1.4534,1.7901,1.0658,2.01,1.3341,2.19,1.5494,1.3478,1.2826,1.4116,1.5029,1.4819,1.6917,0.0,0.0,0.0,0.0,0.0,0.0,-0.0667,0.534,0.0,0.0,0.0124,0.6563,-0.0119,0.9967,0.0,0.0,0.0,0.0,0.0,0.0,0.0,0.0,0.0,0.0,0.0,0.0,0.0,0.0,0.0,0.0,0.0,0.0,0.0,0.0,-0.0965,-0.532,0.2291,-0.9597,0.3939,-1.474,-0.2888,1.276,-0.6103,2.77,-1.0549,4.0446,0.0,0.0,0.0,0.0,0.0,0.0,0.0,0.0,0.0,0.0,0.0,0.0,0.0,0.0,0.0,0.0,0.0,0.0,0.0,0.0,0.0,0.0,0.3462,-0.3994,0.5701,-0.6984,0.0604,0.6263,0.0754,0.819,0.0449,1.109,0.0,0.0,0.0,0.0,0.0,0.0,0.0,0.0,0.0,0.0,0.0,0.0,0.0,0.0,0.0,0.0,0.0,0.0,0.0,0.0,0.0,0.0,0.0,0.0,0.0,0.0,0.0,0.0,0.0,0.0,0.0,0.0,0.0,0.0,0.0,0.0,0.0,0.0,0.0,0.0,0.0,0.0,0.0,0.0,0.0,0.0,0.0,0.0,0.0,0.0,False,False,False,False,False,False,right,False,False,False,True,True,True,
video 06.mp4,7008ee79247df857,37666,27000,27333,324,328,0.9589,0.6371,1.7759,0.7273,2.0647,0.8352,2.3094,0.9183,2.2558,0.8608,2.5213,1.069,2.7207,1.2626,2.0873,0.9169,2.3457,1.201,2.5366,1.4553,1.7832,1.0582,2.0008,1.3245,2.1733,1.5378,1.3474,1.2759,1.4135,1.498,1.4844,1.6867,0.967,0.6366,1.7818,0.7141,2.0782,0.8168,2.3209,0.8965,2.263,0.8678,2.5274,1.0845,2.7262,1.2831,2.094,0.9203,2.3543,1.2026,2.5465,1.4534,1.7901,1.0658,2.01,1.3341,2.19,1.5494,1.3478,1.2826,1.4116,1.5029,1.4819,1.6917,0.9689,0.6376,1.7838,0.7055,2.0843,0.7998,2.3308,0.8774,2.2699,0.8792,2.5367,1.0937,2.7329,1.2909,2.105,0.9286,2.3625,1.2111,2.549,1.4637,1.7992,1.0724,2.0182,1.3387,2.1961,1.5539,1.3513,1.2868,1.4145,1.5072,1.4845,1.6968,0.9678,0.6388,1.784,0.7048,2.0883,0.8012,2.3373,0.8767,2.2745,0.8853,2.542,1.0995,2.7378,1.2957,2.1103,0.9326,2.3721,1.2123,2.5617,1.4627,1.8024,1.0799,2.0239,1.3443,2.2044,1.5581,1.3518,1.2929,1.4138,1.5126,1.4836,1.7019,0.9677,0.6356,1.786,0.7101,2.0914,0.8098,2.3406,0.8865,2.2786,0.8831,2.5438,1.0976,2.7384,1.2954,2.1129,0.9334,2.376,1.2112,2.5653,1.4598,1.8028,1.0825,2.0246,1.3471,2.2062,1.5616,1.3513,1.293,1.415,1.5136,1.4858,1.7034,0.0,0.0,0.0,0.0,0.0,0.0,0.0,0.0,0.0,0.0,0.0,0.0,0.0,0.0,0.0,0.0,0.0,0.0,0.0,0.0,0.0,0.0,0.0,0.0,0.0,0.0,0.0,0.0,0.0,0.0,0.0,0.0,0.0,0.0,0.0,0.0,0.0,0.0,0.0,0.0,0.0,0.0,0.0,0.0,0.0,0.0,0.0,0.0,0.0,0.0,0.0,0.0,0.0,0.0,0.0,0.0,0.0,0.0,0.0,0.0,0.0,0.0,0.0,0.0,0.0,0.0,0.0,0.0,0.0,0.0,0.0,0.0,0.0,0.0,0.0,0.0,0.0,0.0,0.0,0.0,0.0,0.0,0.0,0.0,0.0,0.0,0.0,0.0,0.0,0.0,0.0,0.0,0.0,0.0,0.0,0.0,0.0,0.0,0.0,0.0,0.0,0.0,0.0,0.0,0.0,0.0,0.0,0.0,0.0,0.0,0.0,0.0,0.0,0.0,0.0,0.0,0.0,0.0,0.0,0.0,0.0,0.0,0.0,0.0,0.0,0.0,0.0,0.0,False,False,False,False,False,False,right,False,False,False,True,True,True,
video 06.mp4,7008ee79247df857,37666,27250,27583,327,331,0.9678,0.6388,1.784,0.7048,2.0883,0.8012,2.3373,0.8767,2.2745,0.8853,2.542,1.0995,2.7378,1.2957,2.1103,0.9326,2.3721,1.2123,2.5617,1.4627,1.8024,1.0799,2.0239,1.3443,2.2044,1.5581,1.3518,1.2929,1.4138,1.5126,1.4836,1.7019,0.9677,0.6356,1.786,0.7101,2.0914,0.8098,2.3406,0.8865,2.2786,0.8831,2.5438,1.0976,2.7384,1.2954,2.1129,0.9334,2.376,1.2112,2.5653,1.4598,1.8028,1.0825,2.0246,1.3471,2.2062,1.5616,1.3513,1.293,1.415,1.5136,1.4858,1.7034,0.9725,0.6361,1.7955,0.7198,2.093,0.8216,2.3405,0.9045,2.2822,0.8866,2.5464,1.1002,2.7405,1.2997,2.1143,0.9398,2.3777,1.2136,2.5697,1.4591,1.8031,1.0873,2.0251,1.3481,2.2058,1.5607,1.3531,1.2921,1.4162,1.5115,1.4873,1.7003,0.9762,0.6344,1.7949,0.7313,2.0853,0.8371,2.3278,0.9362,2.2837,0.8966,2.548,1.1146,2.7479,1.3204,2.1185,0.9389,2.3993,1.1935,2.6236,1.4187,1.7979,1.0912,2.0209,1.3462,2.2046,1.5555,1.3532,1.2897,1.4136,1.5081,1.4844,1.6938,0.9721,0.6344,1.7891,0.7284,2.0604,0.8243,2.2925,0.9039,2.2635,0.8598,2.5159,1.0489,2.7143,1.2338,2.1127,0.891,2.3968,1.0812,2.6463,1.265,1.7896,1.0836,2.0104,1.332,2.1949,1.54,1.3593,1.2875,1.4153,1.5038,1.485,1.6864,0.0,0.0,0.0,0.0,0.0,0.0,0.0,0.0,0.0,0.0,0.0,0.0,0.0,0.0,0.0,0.0,0.0,0.0,0.0,0.0,0.0,0.0,0.0,0.0,0.0,0.0,0.0,0.0,0.0,0.0,0.0,0.0,0.0,0.0,0.0,0.0,0.0,0.0,0.0,0.0,0.0,0.0,0.0,0.0,0.0,0.0,0.0,0.0,0.0,0.0,0.0,0.0,0.0,0.0,0.0,0.0,0.0,0.0,0.0,0.0,0.0,0.0,0.0,0.0,0.0,0.0,0.0,0.0,0.0,0.0,-0.1516,0.3774,0.0,0.0,0.0,0.0,0.0,0.0,0.0,0.0,0.0,0.0,0.6421,-0.4807,0.0,0.0,0.0,0.0,0.0,0.0,0.0,0.0,0.0,0.0,0.0,0.0,0.0,0.0,0.0,0.0,0.0,0.0,-0.4249,-0.3897,-0.2434,-0.4432,-0.3867,-0.7913,-0.4049,-1.0431,-0.0703,-0.5766,-0.0299,-1.3534,0.2727,-1.8528,0.0,0.0,0.0,0.0,0.0,0.0,0.0,0.0,0.0,0.0,0.0,0.0,False,False,False,False,False,False,right,False,False,False,True,True,True,
video 06.mp4,7008ee79247df857,37666,27500,27833,330,334,0.9762,0.6344,1.7949,0.7313,2.0853,0.8371,2.3278,0.9362,2.2837,0.8966,2.548,1.1146,2.7479,1.3204,2.1185,0.9389,2.3993,1.1935,2.6236,1.4187,1.7979,1.0912,2.0209,1.3462,2.2046,1.5555,1.3532,1.2897,1.4136,1.5081,1.4844,1.6938,0.9721,0.6344,1.7891,0.7284,2.0604,0.8243,2.2925,0.9039,2.2635,0.8598,2.5159,1.0489,2.7143,1.2338,2.1127,0.891,2.3968,1.0812,2.6463,1.265,1.7896,1.0836,2.0104,1.332,2.1949,1.54,1.3593,1.2875,1.4153,1.5038,1.485,1.6864,0.974,0.6319,1.7862,0.7486,2.0424,0.8568,2.2677,0.9558,2.2557,0.8511,2.509,1.0258,2.7166,1.1961,2.1081,0.867,2.4002,1.0408,2.6706,1.2152,1.7765,1.0788,1.9937,1.3213,2.1826,1.5241,1.3526,1.2811,1.4047,1.4927,1.4769,1.6718,0.9733,0.6336,1.779,0.7314,2.033,0.8259,2.2646,0.908,2.2352,0.8439,2.481,1.0111,2.6889,1.173,2.1012,0.8701,2.3982,1.0386,2.6759,1.2042,1.7697,1.0823,1.9871,1.3187,2.1785,1.5141,1.3495,1.2811,1.3993,1.489,1.4707,1.6636,0.9669,0.6367,1.7649,0.7086,2.0225,0.7958,2.2551,0.8804,2.192,0.799,2.4,0.9377,2.5815,1.0603,2.0981,0.8742,2.3974,1.0572,2.6658,1.2327,1.7676,1.0889,1.9857,1.3245,2.1777,1.5183,1.3441,1.2829,1.3944,1.4897,1.4675,1.662,0.0,0.0,0.0,0.0,0.0,0.0,-0.4249,-0.3897,-0.2434,-0.4432,-0.3867,-0.7913,-0.4049,-1.0431,-0.0703,-0.5766,-0.0299,-1.3534,0.2727,-1.8528,0.0,0.0,0.0,0.0,0.0,0.0,0.0,0.0,0.0,0.0,0.0,0.0,0.0,0.0,0.0,0.0,-0.2163,0.391,-0.2987,0.6261,0.0,0.0,0.0,0.0,0.027,-0.4545,0.0,0.0,0.0414,-0.4868,0.2932,-0.5994,0.0,0.0,0.0,0.0,0.0,0.0,0.0,0.0,0.0,0.0,0.0,0.0,0.0,0.0,0.0,0.0,0.0,0.0,-0.0375,-0.5698,0.0,0.0,0.0,0.0,-0.3295,-0.2746,0.0,0.0,0.0,0.0,0.0,0.0,0.0,0.0,0.0,0.0,0.0,0.0,0.0,0.0,0.0,0.0,0.0,0.0,0.0,0.0,0.0,0.0,0.0,0.0,0.0,0.0,-0.5201,-0.5401,-0.9755,-0.8849,-1.2931,-1.3578,0.0,0.0,0.0,0.0,0.0,0.0,0.0,0.0,0.0,0.0,0.0,0.0,0.0,0.0,0.0,0.0,0.0,0.0,False,False,False,False,False,False,right,False,False,False,True,True,True,
video 06.mp4,7008ee79247df857,37666,27750,28083,333,337,0.9733,0.6336,1.779,0.7314,2.033,0.8259,2.2646,0.908,2.2352,0.8439,2.481,1.0111,2.6889,1.173,2.1012,0.8701,2.3982,1.0386,2.6759,1.2042,1.7697,1.0823,1.9871,1.3187,2.1785,1.5141,1.3495,1.2811,1.3993,1.489,1.4707,1.6636,0.9669,0.6367,1.7649,0.7086,2.0225,0.7958,2.2551,0.8804,2.192,0.799,2.4,0.9377,2.5815,1.0603,2.0981,0.8742,2.3974,1.0572,2.6658,1.2327,1.7676,1.0889,1.9857,1.3245,2.1777,1.5183,1.3441,1.2829,1.3944,1.4897,1.4675,1.662,0.9857,0.6355,1.7807,0.7067,2.0604,0.808,2.31,0.9164,2.2258,0.8597,2.4687,1.0525,2.667,1.2362,2.1099,0.9343,2.4023,1.1846,2.6483,1.4154,1.7744,1.092,1.9912,1.3354,2.1778,1.5354,1.3296,1.2751,1.3898,1.4852,1.4669,1.6617,0.9793,0.6417,1.7694,0.6986,2.0486,0.7951,2.298,0.8939,2.2479,0.8889,2.5106,1.099,2.7148,1.2951,2.1133,0.9548,2.3981,1.2222,2.6228,1.4605,1.7942,1.0917,2.0143,1.3423,2.1979,1.5451,1.3337,1.2781,1.3951,1.4914,1.4711,1.6723,0.9709,0.6408,1.767,0.6961,2.0444,0.7896,2.2958,0.8777,2.2602,0.8945,2.5287,1.1074,2.7338,1.306,2.1118,0.9629,2.3936,1.2319,2.6107,1.4686,1.7992,1.0918,2.0201,1.3462,2.202,1.5484,1.3357,1.2781,1.3998,1.4956,1.4755,1.681,0.0,0.0,0.0,0.0,0.0,0.0,0.0,0.0,-0.5201,-0.5401,-0.9755,-0.8849,-1.2931,-1.3578,0.0,0.0,0.0,0.0,0.0,0.0,0.0,0.0,0.0,0.0,0.0,0.0,0.0,0.0,0.0,0.0,0.0,0.0,0.0,0.0,0.0,0.0,0.4565,0.147,0.6619,0.4339,0.4079,0.731,0.8283,1.3835,1.0296,2.1193,0.1425,0.7237,0.0587,1.5355,-0.2118,2.2013,0.0,0.0,0.0,0.0,0.0,0.0,0.0,0.0,0.0,0.0,0.0,0.0,0.0,0.0,0.0,0.0,0.0,0.0,0.0,0.0,0.2622,0.3471,0.4983,0.5532,0.5685,0.7015,0.0,0.0,-0.0493,0.447,-0.3035,0.5378,0.0,0.0,0.0,0.0,0.0,0.0,0.0,0.0,0.0,0.0,0.0,0.0,0.0,0.0,0.0,0.0,0.0,0.0,0.0,0.0,0.0,0.0,0.0,0.0,0.0,0.0,0.0,0.0,0.0,0.0,0.0,0.0,0.0,0.0,0.0,0.0,0.0,0.0,0.0,0.0,0.0,0.0,0.0,0.0,False,False,False,False,False,False,right,False,False,False,True,True,True,
video 06.mp4,7008ee79247df857,37666,28000,28333,336,340,0.9793,0.6417,1.7694,0.6986,2.0486,0.7951,2.298,0.8939,2.2479,0.8889,2.5106,1.099,2.7148,1.2951,2.1133,0.9548,2.3981,1.2222,2.6228,1.4605,1.7942,1.0917,2.0143,1.3423,2.1979,1.5451,1.3337,1.2781,1.3951,1.4914,1.4711,1.6723,0.9709,0.6408,1.767,0.6961,2.0444,0.7896,2.2958,0.8777,2.2602,0.8945,2.5287,1.1074,2.7338,1.306,2.1118,0.9629,2.3936,1.2319,2.6107,1.4686,1.7992,1.0918,2.0201,1.3462,2.202,1.5484,1.3357,1.2781,1.3998,1.4956,1.4755,1.681,0.9587,0.6379,1.7592,0.6926,2.0375,0.782,2.2907,0.8611,2.2648,0.8978,2.5361,1.1079,2.7417,1.3028,2.1128,0.9654,2.3916,1.2337,2.6034,1.4707,1.805,1.0917,2.0232,1.3463,2.2025,1.5479,1.3375,1.2787,1.4022,1.4989,1.4761,1.6876,0.9552,0.6321,1.7632,0.7059,2.0425,0.8093,2.2914,0.9017,2.2688,0.8956,2.5351,1.1045,2.7385,1.2975,2.1138,0.9663,2.3906,1.2338,2.6015,1.469,1.8045,1.0911,2.0205,1.346,2.1992,1.5476,1.3384,1.276,1.4037,1.4975,1.4773,1.6882,0.954,0.6257,1.763,0.6999,2.0436,0.8044,2.2883,0.9,2.2733,0.8926,2.5353,1.1018,2.7361,1.2931,2.1161,0.9691,2.3915,1.2361,2.6007,1.4697,1.8073,1.092,2.0231,1.3463,2.2034,1.5476,1.3376,1.2763,1.4041,1.4967,1.4774,1.6872,0.0,0.0,0.0,0.0,0.0,0.0,0.0,0.0,0.0,0.0,0.0,0.0,0.0,0.0,0.0,0.0,0.0,0.0,0.0,0.0,0.0,0.0,0.0,0.0,0.0,0.0,0.0,0.0,0.0,0.0,0.0,0.0,0.0,0.0,0.0,0.0,0.0,0.0,0.0,0.0,0.0,0.0,0.0,0.0,0.0,0.0,0.0,0.0,0.0,0.0,0.0,0.0,0.0,0.0,0.0,0.0,0.0,0.0,0.0,0.0,0.0,0.0,0.0,0.0,0.0,0.0,0.0,0.0,0.0,0.0,0.0079,0.4836,0.0,0.0,0.0,0.0,0.0,0.0,0.0,0.0,0.0,0.0,0.0,0.0,0.0,0.0,0.0,0.0,0.0,0.0,0.0,0.0,0.0,0.0,0.0,0.0,0.0,0.0,0.0,0.0,0.0,0.0,0.0,0.0,0.0,0.0,0.0,0.0,0.0,0.0,0.0,0.0,0.0,0.0,0.0,0.0,0.0,0.0,0.0,0.0,0.0,0.0,0.0,0.0,0.0,0.0,0.0,0.0,False,False,False,False,False,False,right,False,False,False,True,True,True,
video 06.mp4,7008ee79247df857,37666,28250,28583,339,343,0.9552,0.6321,1.7632,0.7059,2.0425,0.8093,2.2914,0.9017,2.2688,0.8956,2.5351,1.1045,2.7385,1.2975,2.1138,0.9663,2.3906,1.2338,2.6015,1.469,1.8045,1.0911,2.0205,1.346,2.1992,1.5476,1.3384,1.276,1.4037,1.4975,1.4773,1.6882,0.954,0.6257,1.763,0.6999,2.0436,0.8044,2.2883,0.9,2.2733,0.8926,2.5353,1.1018,2.7361,1.2931,2.1161,0.9691,2.3915,1.2361,2.6007,1.4697,1.8073,1.092,2.0231,1.3463,2.2034,1.5476,1.3376,1.2763,1.4041,1.4967,1.4774,1.6872,0.9558,0.6186,1.7689,0.7079,2.0501,0.8244,2.2915,0.9401,2.2786,0.8936,2.534,1.1044,2.7304,1.2956,2.1188,0.9707,2.3918,1.236,2.5984,1.4669,1.8054,1.092,2.0214,1.3463,2.2025,1.5479,1.3363,1.2752,1.4036,1.4962,1.4771,1.6857,0.9599,0.6179,1.7765,0.7215,2.0567,0.8589,2.2907,1.0024,2.2865,0.8927,2.5353,1.1045,2.7251,1.2979,2.1194,0.9671,2.3886,1.2317,2.5923,1.4626,1.802,1.0933,2.0166,1.3475,2.1985,1.551,1.3335,1.2768,1.4009,1.498,1.476,1.6868,0.9689,0.613,1.7816,0.7165,2.0604,0.851,2.2902,0.9894,2.2965,0.8953,2.5467,1.1048,2.7333,1.2968,2.127,0.971,2.3927,1.2345,2.5932,1.4644,1.8023,1.1036,2.0144,1.3588,2.1943,1.5634,1.3341,1.283,1.3991,1.5009,1.4738,1.6864,0.0,0.0,0.0,0.0,0.0,0.0,0.0,0.0,0.0,0.0,0.0,0.0,0.0,0.0,0.0,0.0,0.0,0.0,0.0,0.0,0.0,0.0,0.0,0.0,0.0,0.0,0.0,0.0,0.0,0.0,0.0,0.0,0.0,0.0,0.0,0.0,0.0,0.0,0.0385,0.4828,0.0,0.0,0.0,0.0,0.0,0.0,0.0,0.0,0.0,0.0,0.0,0.0,0.0,0.0,0.0,0.0,0.0,0.0,0.0,0.0,0.0,0.0,0.0,0.0,0.0,0.0,0.0,0.0,0.0791,0.4107,-0.01,0.7417,0.0,0.0,0.0,0.0,0.0,0.0,0.0,0.0,0.0,0.0,0.0,0.0,0.0,0.0,0.0,0.0,0.0,0.0,0.0,0.0,0.0,0.0,0.0,0.0,0.0,0.0,0.0,0.0,0.0,0.0,0.0,0.0,0.0,0.0,0.0,0.0,0.0,0.0,0.0,0.0,0.0,0.0,0.0,0.0,0.0,0.0,0.0,0.0,0.0,0.0,0.0,0.0,0.0,0.0,0.0,0.0,False,False,False,False,False,False,right,False,False,False,True,True,True,
video 06.mp4,7008ee79247df857,37666,28500,28833,342,346,0.9599,0.6179,1.7765,0.7215,2.0567,0.8589,2.2907,1.0024,2.2865,0.8927,2.5353,1.1045,2.7251,1.2979,2.1194,0.9671,2.3886,1.2317,2.5923,1.4626,1.802,1.0933,2.0166,1.3475,2.1985,1.551,1.3335,1.2768,1.4009,1.498,1.476,1.6868,0.9689,0.613,1.7816,0.7165,2.0604,0.851,2.2902,0.9894,2.2965,0.8953,2.5467,1.1048,2.7333,1.2968,2.127,0.971,2.3927,1.2345,2.5932,1.4644,1.8023,1.1036,2.0144,1.3588,2.1943,1.5634,1.3341,1.283,1.3991,1.5009,1.4738,1.6864,0.9705,0.6071,1.775,0.6773,2.0509,0.7863,2.2829,0.893,2.2936,0.9012,2.5485,1.1033,2.7427,1.2864,2.1229,0.9915,2.3929,1.2446,2.6007,1.4637,1.7982,1.1304,2.0106,1.3791,2.1945,1.5759,1.3349,1.2914,1.3965,1.5019,1.4713,1.6817,0.9761,0.6049,1.7714,0.6567,2.0443,0.7509,2.2787,0.8438,2.2932,0.9035,2.5501,1.1015,2.7471,1.2795,2.1194,1.0007,2.3939,1.2501,2.6067,1.4653,1.7906,1.143,2.0051,1.3902,2.1932,1.5859,1.3324,1.2942,1.3969,1.5007,1.476,1.6764,0.9771,0.604,1.7664,0.644,2.0386,0.7297,2.2754,0.8084,2.292,0.903,2.5499,1.0981,2.7474,1.2727,2.117,1.0029,2.3913,1.2488,2.6036,1.4613,1.7829,1.1476,1.9963,1.3925,2.1858,1.5885,1.3283,1.2953,1.393,1.4987,1.4746,1.6724,0.0,0.0,0.0,0.0,0.0,0.0,0.0,0.0,0.0,0.0,0.0,0.0,0.0,0.0,0.0,0.0,0.0,0.0,0.0,0.0,0.0,0.0,0.0,0.0,0.0,0.0,0.0,0.0,0.0,0.0,0.0,0.0,0.0,0.0,-0.0797,-0.4712,-0.1148,-0.7795,-0.088,-1.1621,0.0,0.0,0.0,0.0,0.0,0.0,0.0,0.0,0.0,0.0,0.0,0.0,0.0,0.0,0.0,0.0,0.0,0.0,0.0,0.0,0.0,0.0,0.0,0.0,0.0,0.0,0.0,0.0,-0.0789,-0.4216,-0.0504,-0.5856,0.0,0.0,0.0,0.0,0.0,0.0,0.0,0.0,0.0,0.0,0.0,0.0,0.0,0.0,0.0,0.0,0.0,0.0,0.0,0.0,0.0,0.0,0.0,0.0,0.0,0.0,0.0,0.0,0.0,0.0,-0.0404,-0.4264,0.0,0.0,0.0,0.0,0.0,0.0,0.0,0.0,0.0,0.0,0.0,0.0,0.0,0.0,0.0,0.0,0.0,0.0,0.0,0.0,0.0,0.0,0.0,0.0,False,False,False,False,False,False,right,False,False,False,True,True,True,
video 06.mp4,7008ee79247df857,37666,28750,29083,345,349,0.9761,0.6049,1.7714,0.6567,2.0443,0.7509,2.2787,0.8438,2.2932,0.9035,2.5501,1.1015,2.7471,1.2795,2.1194,1.0007,2.3939,1.2501,2.6067,1.4653,1.7906,1.143,2.0051,1.3902,2.1932,1.5859,1.3324,1.2942,1.3969,1.5007,1.476,1.6764,0.9771,0.604,1.7664,0.644,2.0386,0.7297,2.2754,0.8084,2.292,0.903,2.5499,1.0981,2.7474,1.2727,2.117,1.0029,2.3913,1.2488,2.6036,1.4613,1.7829,1.1476,1.9963,1.3925,2.1858,1.5885,1.3283,1.2953,1.393,1.4987,1.4746,1.6724,0.9737,0.6024,1.7608,0.6364,2.034,0.7192,2.2742,0.7887,2.2866,0.9025,2.5462,1.0939,2.7442,1.2648,2.1133,1.0025,2.388,1.2451,2.6003,1.4546,1.7792,1.1486,1.9956,1.3922,2.1887,1.5894,1.323,1.2943,1.3886,1.4953,1.4724,1.6697,0.9636,0.6044,1.7486,0.6275,2.0211,0.7047,2.2582,0.7801,2.2753,0.8951,2.5441,1.0642,2.7513,1.2105,2.1085,1.0058,2.3817,1.2461,2.5918,1.4548,1.7814,1.1526,1.9984,1.3922,2.1939,1.5874,1.3204,1.2924,1.3866,1.4906,1.4688,1.6642,0.9519,0.6116,1.7342,0.6566,1.99,0.7782,2.1906,0.9093,2.2721,0.7992,2.554,0.8837,2.7822,0.9429,2.1089,0.9893,2.3821,1.2371,2.5855,1.4467,1.7883,1.1435,2.0049,1.3871,2.1945,1.5831,1.3245,1.293,1.3946,1.4916,1.4762,1.6634,0.0,0.0,0.0,0.0,0.0,0.0,-0.0404,-0.4264,0.0,0.0,0.0,0.0,0.0,0.0,0.0,0.0,0.0,0.0,0.0,0.0,0.0,0.0,0.0,0.0,0.0,0.0,0.0,0.0,0.0,0.0,0.0,0.0,0.0,0.0,0.0,0.0,0.0,0.0,0.0,0.0,0.0,0.0,0.0,0.0,0.0,0.0,0.0,0.0,0.0,0.0,0.0,0.0,0.0,0.0,0.0,0.0,0.0,0.0,0.0,0.0,0.0,0.0,0.0,0.0,0.0,0.0,0.0,0.0,0.0,0.0,0.0,0.0,0.0,0.0,0.0,0.0,0.0838,-0.6474,0.0,0.0,0.0,0.0,0.0,0.0,0.0,0.0,0.0,0.0,0.0,0.0,0.0,0.0,0.0,0.0,0.0,0.0,0.0,0.0,0.0,0.0,-0.3752,0.8862,-0.8151,1.5559,-0.039,-1.1555,0.1194,-2.1754,0.3722,-3.224,0.0,0.0,0.0,0.0,0.0,0.0,0.0,0.0,0.0,0.0,0.0,0.0,0.0,0.0,0.0,0.0,0.0,0.0,False,False,False,False,False,False,right,False,False,False,True,True,True,
video 06.mp4,7008ee79247df857,37666,29000,29333,348,352,0.9636,0.6044,1.7486,0.6275,2.0211,0.7047,2.2582,0.7801,2.2753,0.8951,2.5441,1.0642,2.7513,1.2105,2.1085,1.0058,2.3817,1.2461,2.5918,1.4548,1.7814,1.1526,1.9984,1.3922,2.1939,1.5874,1.3204,1.2924,1.3866,1.4906,1.4688,1.6642,0.9519,0.6116,1.7342,0.6566,1.99,0.7782,2.1906,0.9093,2.2721,0.7992,2.554,0.8837,2.7822,0.9429,2.1089,0.9893,2.3821,1.2371,2.5855,1.4467,1.7883,1.1435,2.0049,1.3871,2.1945,1.5831,1.3245,1.293,1.3946,1.4916,1.4762,1.6634,0.9516,0.6164,1.7297,0.6745,1.9791,0.8189,2.1687,0.9661,2.2701,0.7548,2.5571,0.8012,2.7935,0.8254,2.1104,0.9906,2.3829,1.2412,2.5875,1.4521,1.7963,1.1437,2.0093,1.3891,2.194,1.5853,1.336,1.2971,1.4052,1.495,1.4837,1.6644,0.953,0.6211,1.731,0.688,1.9763,0.8443,2.161,1.0009,2.2668,0.7267,2.5584,0.7663,2.8001,0.791,2.109,0.9864,2.3829,1.2413,2.589,1.4548,1.8004,1.1394,2.016,1.386,2.2024,1.5835,1.3407,1.2997,1.4094,1.4961,1.4868,1.6643,0.9594,0.6235,1.7355,0.6926,1.9808,0.8529,2.1674,1.0111,2.271,0.7316,2.5664,0.7866,2.81,0.8266,2.1111,0.9829,2.3849,1.2399,2.591,1.4538,1.802,1.1396,2.018,1.3875,2.2035,1.5844,1.3426,1.3029,1.4118,1.4995,1.4895,1.6682,0.0,0.0,0.0,0.0,-0.3752,0.8862,-0.8151,1.5559,-0.039,-1.1555,0.1194,-2.1754,0.3722,-3.224,0.0,0.0,0.0,0.0,0.0,0.0,0.0,0.0,0.0,0.0,0.0,0.0,0.0,0.0,0.0,0.0,0.0,0.0,0.0,0.0,0.0,0.0,-0.1307,0.49,-0.2642,0.685,-0.024,-0.5345,0.0374,-0.9939,0.1371,-1.415,0.0,0.0,0.0,0.0,0.0,0.0,0.0,0.0,0.0,0.0,0.0,0.0,0.0,0.0,0.0,0.0,0.0,0.0,0.0,0.0,0.0,0.0,0.0,0.0,-0.0911,0.4141,0.0,0.0,0.0156,-0.4156,0.0783,-0.4094,0.0,0.0,0.0,0.0,0.0,0.0,0.0,0.0,0.0,0.0,0.0,0.0,0.0,0.0,0.0,0.0,0.0,0.0,0.0,0.0,0.0,0.0,0.0,0.0,0.0,0.0,0.0,0.0,0.0,0.0,0.1186,0.429,0.0,0.0,0.0,0.0,0.0,0.0,0.0,0.0,0.0,0.0,0.0,0.0,0.0,0.0,0.0,0.0,0.0,0.0,False,False,False,False,False,False,right,False,False,False,True,True,True,
video 06.mp4,7008ee79247df857,37666,29250,29583,351,355,0.953,0.6211,1.731,0.688,1.9763,0.8443,2.161,1.0009,2.2668,0.7267,2.5584,0.7663,2.8001,0.791,2.109,0.9864,2.3829,1.2413,2.589,1.4548,1.8004,1.1394,2.016,1.386,2.2024,1.5835,1.3407,1.2997,1.4094,1.4961,1.4868,1.6643,0.9594,0.6235,1.7355,0.6926,1.9808,0.8529,2.1674,1.0111,2.271,0.7316,2.5664,0.7866,2.81,0.8266,2.1111,0.9829,2.3849,1.2399,2.591,1.4538,1.802,1.1396,2.018,1.3875,2.2035,1.5844,1.3426,1.3029,1.4118,1.4995,1.4895,1.6682,0.9786,0.6175,1.7541,0.6596,2.0213,0.7601,2.2544,0.8387,2.2875,0.858,2.5769,1.0177,2.8088,1.1642,2.1196,0.9973,2.3963,1.2555,2.6093,1.4748,1.799,1.1424,2.0113,1.388,2.1979,1.5851,1.3341,1.3007,1.3986,1.4972,1.4795,1.6681,0.9792,0.6137,1.7558,0.6469,2.0269,0.7358,2.2617,0.8166,2.2901,0.8956,2.5739,1.0698,2.8007,1.2259,2.1193,0.9975,2.3942,1.2485,2.6083,1.4649,1.7947,1.1421,2.0044,1.3859,2.1903,1.5836,1.3303,1.2995,1.3911,1.4964,1.4721,1.6701,0.9683,0.6059,1.7464,0.6383,2.0212,0.726,2.2548,0.8134,2.2843,0.9034,2.5691,1.0803,2.7949,1.2357,2.1166,0.9933,2.3929,1.242,2.6077,1.4583,1.7898,1.139,1.9987,1.3831,2.1845,1.5815,1.3263,1.2947,1.3869,1.493,1.4675,1.6685,0.0,0.0,0.0,0.0,0.0,0.0,0.0,0.0,0.0,0.0,0.0,0.0,0.1186,0.429,0.0,0.0,0.0,0.0,0.0,0.0,0.0,0.0,0.0,0.0,0.0,0.0,0.0,0.0,0.0,0.0,0.0,0.0,0.0,0.0,0.2232,-0.3987,0.4883,-1.1187,1.0484,-2.0771,0.1987,1.5227,0.1266,2.7838,-0.0144,4.0673,0.0,0.0,0.0,0.0,0.0,0.0,0.0,0.0,0.0,0.0,0.0,0.0,0.0,0.0,0.0,0.0,0.0,0.0,0.0,0.0,0.0,0.0,0.0,0.0,0.0,0.0,0.0314,0.4476,-0.0349,0.6198,-0.0961,0.7339,0.0,0.0,0.0,0.0,0.0,0.0,0.0,0.0,0.0,0.0,0.0,0.0,0.0,0.0,0.0,0.0,0.0,0.0,0.0,0.0,0.0,0.0,0.0,0.0,0.0,0.0,0.0,0.0,0.0,0.0,0.0,0.0,0.0,0.0,0.0,0.0,0.0,0.0,0.0,0.0,0.0,0.0,0.0,0.0,0.0,0.0,0.0,0.0,0.0,0.0,False,False,False,False,False,False,right,False,False,False,True,True,True,
video 06.mp4,7008ee79247df857,37666,29500,29833,354,358,0.9792,0.6137,1.7558,0.6469,2.0269,0.7358,2.2617,0.8166,2.2901,0.8956,2.5739,1.0698,2.8007,1.2259,2.1193,0.9975,2.3942,1.2485,2.6083,1.4649,1.7947,1.1421,2.0044,1.3859,2.1903,1.5836,1.3303,1.2995,1.3911,1.4964,1.4721,1.6701,0.9683,0.6059,1.7464,0.6383,2.0212,0.726,2.2548,0.8134,2.2843,0.9034,2.5691,1.0803,2.7949,1.2357,2.1166,0.9933,2.3929,1.242,2.6077,1.4583,1.7898,1.139,1.9987,1.3831,2.1845,1.5815,1.3263,1.2947,1.3869,1.493,1.4675,1.6685,0.9581,0.598,1.7454,0.6323,2.0244,0.7164,2.2657,0.7786,2.2738,0.9011,2.5565,1.0744,2.7787,1.2259,2.1101,0.9886,2.3864,1.2354,2.601,1.4512,1.7835,1.1377,1.9966,1.3796,2.1875,1.5757,1.3211,1.2899,1.3825,1.488,1.4639,1.664,0.9516,0.5924,1.7401,0.6218,2.021,0.7037,2.2706,0.7501,2.2649,0.902,2.5453,1.0699,2.7652,1.2184,2.1013,0.9891,2.3755,1.2309,2.5907,1.444,1.7759,1.1362,1.9909,1.3739,2.1848,1.5675,1.315,1.2841,1.3753,1.4808,1.4576,1.6551,0.9455,0.5952,1.7325,0.629,2.0108,0.7153,2.2534,0.7807,2.2541,0.8962,2.534,1.065,2.7545,1.2156,2.097,0.9827,2.3705,1.2283,2.5838,1.445,1.7735,1.1292,1.9899,1.3665,2.1846,1.561,1.3099,1.2791,1.3731,1.4733,1.4576,1.6474,0.0,0.0,0.0,0.0,0.0,0.0,0.0,0.0,0.0,0.0,0.0,0.0,0.0,0.0,0.0,0.0,0.0,0.0,0.0,0.0,0.0,0.0,0.0,0.0,0.0,0.0,0.0,0.0,0.0,0.0,0.0,0.0,0.0,0.0,0.0,0.0,0.0,0.0,0.1312,-0.4198,0.0,0.0,0.0,0.0,0.0,0.0,0.0,0.0,0.0,0.0,0.0,0.0,0.0,0.0,0.0,0.0,0.0,0.0,0.0,0.0,0.0,0.0,0.0,0.0,0.0,0.0,0.0,0.0,0.0,0.0,0.0,0.0,0.0,0.0,0.0,0.0,0.0,0.0,0.0,0.0,0.0,0.0,0.0,0.0,0.0,0.0,0.0,0.0,0.0,0.0,0.0,0.0,0.0,0.0,0.0,0.0,0.0,0.0,0.0,0.0,0.0,0.0,-0.2073,0.3685,0.0,0.0,0.0,0.0,0.0,0.0,0.0,0.0,0.0,0.0,0.0,0.0,0.0,0.0,0.0,0.0,0.0,0.0,0.0,0.0,0.0,0.0,0.0,0.0,False,False,False,False,False,False,right,False,False,False,True,False,True,
video 06.mp4,7008ee79247df857,37666,29750,30083,357,361,0.9516,0.5924,1.7401,0.6218,2.021,0.7037,2.2706,0.7501,2.2649,0.902,2.5453,1.0699,2.7652,1.2184,2.1013,0.9891,2.3755,1.2309,2.5907,1.444,1.7759,1.1362,1.9909,1.3739,2.1848,1.5675,1.315,1.2841,1.3753,1.4808,1.4576,1.6551,0.9455,0.5952,1.7325,0.629,2.0108,0.7153,2.2534,0.7807,2.2541,0.8962,2.534,1.065,2.7545,1.2156,2.097,0.9827,2.3705,1.2283,2.5838,1.445,1.7735,1.1292,1.9899,1.3665,2.1846,1.561,1.3099,1.2791,1.3731,1.4733,1.4576,1.6474,0.9421,0.5947,1.7295,0.6328,2.0059,0.7189,2.249,0.7884,2.2499,0.8944,2.5294,1.0641,2.749,1.2148,2.09,0.976,2.3651,1.2207,2.5807,1.4344,1.7621,1.1256,1.9801,1.3645,2.1765,1.559,1.3053,1.2767,1.3697,1.4695,1.4553,1.6416,0.9312,0.5928,1.7187,0.6226,1.9929,0.6943,2.2385,0.7546,2.2468,0.8912,2.5237,1.0607,2.739,1.2107,2.0799,0.977,2.3506,1.2177,2.5598,1.4279,1.7614,1.1226,1.9759,1.3602,2.1662,1.5543,1.3292,1.2847,1.4203,1.4877,1.5261,1.6654,0.9167,0.5964,1.7023,0.6244,1.9777,0.6992,2.2186,0.7602,2.2396,0.8823,2.5168,1.0559,2.7315,1.2069,2.0703,0.9715,2.3477,1.212,2.5596,1.4196,1.7637,1.1221,1.9846,1.3603,2.1752,1.5489,1.3765,1.3014,1.5007,1.5099,1.6252,1.6877,0.0,0.0,0.0,0.0,0.0,0.0,-0.2073,0.3685,0.0,0.0,0.0,0.0,0.0,0.0,0.0,0.0,0.0,0.0,0.0,0.0,0.0,0.0,0.0,0.0,0.0,0.0,0.0,0.0,0.0,0.0,0.0,0.0,0.0,0.0,0.0,0.0,0.0,0.0,0.0,0.0,0.0,0.0,0.0,0.0,0.0,0.0,0.0,0.0,0.0,0.0,0.0,0.0,0.0,0.0,0.0,0.0,0.0,0.0,0.0,0.0,0.0,0.0,0.0,0.0,0.0,0.0,0.0,0.0,0.0,0.0,-0.1246,-0.4033,0.0,0.0,0.0,0.0,0.0,0.0,0.0,0.0,0.0,0.0,0.0,0.0,0.0,0.0,0.0,0.0,0.0,0.0,0.0,0.0,0.6034,0.2173,0.8422,0.2828,0.0,0.0,0.0,0.0,0.0,0.0,0.0,0.0,0.0,0.0,0.0,0.0,0.0,0.0,0.0,0.0,0.0,0.0,0.0,0.0,0.0,0.0,0.0,0.0,0.0,0.0,0.5697,0.2011,0.9685,0.2674,1.1941,0.269,False,False,False,False,False,False,right,False,False,False,True,False,True,
video 06.mp4,7008ee79247df857,37666,30000,30333,360,364,0.9312,0.5928,1.7187,0.6226,1.9929,0.6943,2.2385,0.7546,2.2468,0.8912,2.5237,1.0607,2.739,1.2107,2.0799,0.977,2.3506,1.2177,2.5598,1.4279,1.7614,1.1226,1.9759,1.3602,2.1662,1.5543,1.3292,1.2847,1.4203,1.4877,1.5261,1.6654,0.9167,0.5964,1.7023,0.6244,1.9777,0.6992,2.2186,0.7602,2.2396,0.8823,2.5168,1.0559,2.7315,1.2069,2.0703,0.9715,2.3477,1.212,2.5596,1.4196,1.7637,1.1221,1.9846,1.3603,2.1752,1.5489,1.3765,1.3014,1.5007,1.5099,1.6252,1.6877,0.922,0.5957,1.7075,0.6178,1.9873,0.6848,2.2272,0.7443,2.2404,0.8781,2.5159,1.052,2.726,1.2054,2.0792,0.9846,2.3496,1.2231,2.56,1.4303,1.7865,1.1168,2.0074,1.3418,2.2008,1.5263,1.4148,1.3138,1.537,1.5133,1.6602,1.6911,0.9215,0.5986,1.7059,0.6081,1.9872,0.6755,2.2264,0.7329,2.2334,0.8743,2.5051,1.0478,2.7117,1.1998,2.0813,0.9875,2.3491,1.2227,2.5597,1.4272,1.7837,1.1214,1.9981,1.3412,2.1884,1.5198,1.4321,1.3195,1.5546,1.5171,1.6799,1.6951,0.9124,0.6038,1.6943,0.6182,1.9812,0.6956,2.2219,0.7571,2.2228,0.866,2.4948,1.0426,2.7037,1.1936,2.0676,0.9765,2.3402,1.2138,2.551,1.4169,1.7697,1.1357,1.989,1.3653,2.18,1.5439,1.4233,1.3322,1.5546,1.533,1.6838,1.7065,0.0,0.0,0.0,0.0,0.0,0.0,0.0,0.0,0.0,0.0,0.0,0.0,0.0,0.0,0.0,0.0,0.0,0.0,0.0,0.0,0.0,0.0,0.0,0.0,0.0,0.0,0.5697,0.2011,0.9685,0.2674,1.1941,0.269,0.0,0.0,0.0,0.0,0.0,0.0,0.0,0.0,0.0,0.0,0.0,0.0,0.0,0.0,0.0,0.0,0.0,0.0,0.0,0.0,0.0,0.0,0.0,0.0,0.3077,-0.2726,0.4608,0.1496,0.4372,0.0405,0.4215,0.0412,0.0,0.0,0.0,0.0,0.0,0.0,0.0,0.0,0.0,0.0,0.0,0.0,0.0,0.0,0.0,0.0,0.0,0.0,0.0,0.0,0.0,0.0,0.0,0.0,0.0,0.0,0.0,0.0,0.0,0.0,0.0,0.0,0.0,0.0,0.0,0.0,0.0,0.0,0.0,0.0,0.0,0.0,0.0,0.0,0.0,0.0,0.0,0.0,0.0,0.0,0.0,0.0,0.0,0.0,0.0,0.0,0.0,0.0,0.0,0.0,0.0,0.0,0.0,0.0,False,False,False,True,False,False,right,False,False,False,True,False,True,
video 06.mp4,7008ee79247df857,37666,30250,30583,363,367,0.9215,0.5986,1.7059,0.6081,1.9872,0.6755,2.2264,0.7329,2.2334,0.8743,2.5051,1.0478,2.7117,1.1998,2.0813,0.9875,2.3491,1.2227,2.5597,1.4272,1.7837,1.1214,1.9981,1.3412,2.1884,1.5198,1.4321,1.3195,1.5546,1.5171,1.6799,1.6951,0.9124,0.6038,1.6943,0.6182,1.9812,0.6956,2.2219,0.7571,2.2228,0.866,2.4948,1.0426,2.7037,1.1936,2.0676,0.9765,2.3402,1.2138,2.551,1.4169,1.7697,1.1357,1.989,1.3653,2.18,1.5439,1.4233,1.3322,1.5546,1.533,1.6838,1.7065,0.9206,0.5976,1.7053,0.6345,1.9818,0.714,2.2224,0.7766,2.2248,0.8727,2.4981,1.0465,2.7077,1.2001,2.0651,0.9716,2.3387,1.2166,2.5527,1.4282,1.7563,1.1215,1.9695,1.3587,2.1578,1.5437,1.3481,1.2907,1.4396,1.4907,1.544,1.6615,0.9361,0.5924,1.7221,0.6564,1.9912,0.7568,2.2253,0.8547,2.2321,0.8779,2.5039,1.054,2.7119,1.2115,2.0614,0.9745,2.3288,1.2187,2.5418,1.4276,1.7403,1.1179,1.9449,1.3553,2.1273,1.5418,1.3112,1.2684,1.3806,1.4671,1.4708,1.6375,0.9433,0.5985,1.7282,0.6574,1.9944,0.7533,2.2264,0.8396,2.2375,0.8715,2.5079,1.032,2.7179,1.168,2.0651,0.9827,2.3292,1.2247,2.5413,1.429,1.7391,1.1262,1.9376,1.3608,2.1198,1.5439,1.303,1.2699,1.3651,1.468,1.4481,1.6382,0.0,0.0,0.0,0.0,0.0,0.0,0.0,0.0,0.0,0.0,0.0,0.0,0.0,0.0,0.0,0.0,0.0,0.0,0.0,0.0,0.0,0.0,0.0,0.0,0.0,0.0,0.0,0.0,0.0,0.0,0.0,0.0,0.0,0.0,0.0,0.0,0.0,0.0,0.0,0.0,0.0,0.0,0.0,0.0,0.0,0.0,0.0,0.0,0.0,0.0,0.0,0.0,0.0,0.0,0.0,0.0,0.0,0.0,-0.9054,-0.5003,-1.3847,-0.5101,-1.6849,-0.5425,0.0,0.0,0.0,0.0,0.1115,0.5094,0.0338,0.9294,0.0,0.0,0.0,0.0,0.0,0.0,0.0,0.0,0.0,0.0,0.0,0.0,0.0,0.0,0.0,0.0,0.0,0.0,-0.4394,-0.2649,-0.7033,-0.2807,-0.8711,-0.286,0.0,0.0,0.0,0.0,0.0,0.0,0.0,0.0,0.0,0.0,0.0,0.0,0.0724,-0.5238,0.0,0.0,0.0,0.0,0.0,0.0,0.0,0.0,0.0,0.0,0.0,0.0,0.0,0.0,0.0,0.0,0.0,0.0,False,False,False,False,False,False,right,False,False,False,True,True,True,
video 06.mp4,7008ee79247df857,37666,30500,30833,366,370,0.9361,0.5924,1.7221,0.6564,1.9912,0.7568,2.2253,0.8547,2.2321,0.8779,2.5039,1.054,2.7119,1.2115,2.0614,0.9745,2.3288,1.2187,2.5418,1.4276,1.7403,1.1179,1.9449,1.3553,2.1273,1.5418,1.3112,1.2684,1.3806,1.4671,1.4708,1.6375,0.9433,0.5985,1.7282,0.6574,1.9944,0.7533,2.2264,0.8396,2.2375,0.8715,2.5079,1.032,2.7179,1.168,2.0651,0.9827,2.3292,1.2247,2.5413,1.429,1.7391,1.1262,1.9376,1.3608,2.1198,1.5439,1.303,1.2699,1.3651,1.468,1.4481,1.6382,0.9487,0.607,1.7329,0.6702,1.9971,0.7702,2.2289,0.8624,2.2472,0.8275,2.5251,0.9461,2.7497,1.0408,2.0673,0.9815,2.3293,1.2269,2.5392,1.4327,1.7469,1.1244,1.9454,1.3594,2.1233,1.5421,1.3094,1.2683,1.3756,1.4679,1.4541,1.6386,0.9551,0.6189,1.7423,0.7183,1.9935,0.8757,2.199,1.0354,2.2573,0.7833,2.5423,0.8578,2.7753,0.9025,2.079,0.9822,2.3396,1.2338,2.5487,1.4416,1.7607,1.1277,1.962,1.3685,2.1368,1.5528,1.317,1.2745,1.3861,1.4742,1.4645,1.645,0.9643,0.6217,1.7489,0.7077,2.0035,0.8453,2.2143,0.9804,2.2722,0.7924,2.562,0.8817,2.7994,0.9456,2.0917,0.9839,2.3535,1.2426,2.5611,1.4572,1.7767,1.1331,1.9782,1.375,2.1523,1.5595,1.3238,1.2791,1.3933,1.4803,1.4715,1.6527,0.0,0.0,0.0,0.0,0.0,0.0,0.0,0.0,0.0,0.0,0.0,0.0,0.0724,-0.5238,0.0,0.0,0.0,0.0,0.0,0.0,0.0,0.0,0.0,0.0,0.0,0.0,0.0,0.0,0.0,0.0,0.0,0.0,0.0,0.0,0.0,0.0,0.0,0.0,0.0,0.0,0.1164,-0.5299,0.2063,-1.034,0.383,-1.5334,0.0,0.0,0.0,0.0,0.0,0.0,0.0,0.0,0.0,0.0,0.0,0.0,0.0,0.0,0.0,0.0,0.0,0.0,0.0,0.0,0.1121,0.5727,-0.0425,1.2553,-0.3559,2.0595,0.1205,-0.5266,0.2056,-1.0522,0.3041,-1.6461,0.0,0.0,0.0,0.0,0.0,0.0,0.0,0.0,0.0,0.0,0.0,0.0,0.0,0.0,0.0,0.0,0.0,0.0,0.0,0.0,0.0,0.0,0.0,0.0,0.1844,-0.6621,0.0,0.0,0.0,0.0,0.2907,0.5197,0.0,0.0,0.0,0.0,0.0,0.0,0.0,0.0,0.0,0.0,0.0,0.0,0.0,0.0,0.0,0.0,0.0,0.0,False,False,False,False,False,False,right,False,False,False,True,True,True,
video 06.mp4,7008ee79247df857,37666,30750,31083,369,373,0.9551,0.6189,1.7423,0.7183,1.9935,0.8757,2.199,1.0354,2.2573,0.7833,2.5423,0.8578,2.7753,0.9025,2.079,0.9822,2.3396,1.2338,2.5487,1.4416,1.7607,1.1277,1.962,1.3685,2.1368,1.5528,1.317,1.2745,1.3861,1.4742,1.4645,1.645,0.9643,0.6217,1.7489,0.7077,2.0035,0.8453,2.2143,0.9804,2.2722,0.7924,2.562,0.8817,2.7994,0.9456,2.0917,0.9839,2.3535,1.2426,2.5611,1.4572,1.7767,1.1331,1.9782,1.375,2.1523,1.5595,1.3238,1.2791,1.3933,1.4803,1.4715,1.6527,0.9725,0.6275,1.7651,0.7173,2.0238,0.8563,2.2411,0.9909,2.2809,0.8019,2.5703,0.9018,2.8096,0.978,2.0992,0.9861,2.3623,1.2452,2.5705,1.4604,1.7799,1.1329,1.9819,1.3752,2.1573,1.5611,1.3269,1.2825,1.3968,1.4858,1.4749,1.6607,0.9763,0.6213,1.7705,0.7026,2.0299,0.8165,2.2637,0.9139,2.2809,0.8683,2.563,1.039,2.7901,1.1957,2.101,0.9877,2.3676,1.2441,2.5811,1.4593,1.7787,1.1337,1.9835,1.3799,2.1613,1.5711,1.3258,1.2819,1.3918,1.4848,1.4708,1.6593,0.9819,0.6176,1.7798,0.7002,2.0392,0.8124,2.2704,0.9177,2.2813,0.8925,2.5585,1.0753,2.776,1.2413,2.1016,0.9856,2.3681,1.2413,2.5821,1.458,1.7786,1.1298,1.9835,1.378,2.1616,1.5724,1.324,1.2814,1.3847,1.4846,1.4631,1.6604,0.0,0.0,0.0,0.0,0.0,0.0,0.1844,-0.6621,0.0,0.0,0.0,0.0,0.2907,0.5197,0.0,0.0,0.0,0.0,0.0,0.0,0.0,0.0,0.0,0.0,0.0,0.0,0.0,0.0,0.0,0.0,0.0,0.0,0.0,0.0,0.0,0.0,0.0,0.0,0.0,0.0,0.0,0.0,0.0,0.0,0.1231,0.3897,0.0,0.0,0.0,0.0,0.0,0.0,0.0,0.0,0.0,0.0,0.0,0.0,0.0,0.0,0.0,0.0,0.0,0.0,0.0,0.0,0.0,0.0,0.073,-0.4739,0.2696,-0.9167,0.0002,0.7907,-0.0876,1.6337,-0.2327,2.5918,0.0,0.0,0.0,0.0,0.0,0.0,0.0,0.0,0.0,0.0,0.0,0.0,0.0,0.0,0.0,0.0,0.0,0.0,0.0,0.0,0.0,0.0,0.0,0.0,0.0,0.0,0.0,0.0,-0.0543,0.4371,-0.1692,0.55,0.0,0.0,0.0,0.0,0.0,0.0,0.0,0.0,0.0,0.0,0.0,0.0,0.0,0.0,0.0,0.0,0.0,0.0,False,False,False,False,False,False,right,False,False,False,True,True,True,
video 06.mp4,7008ee79247df857,37666,31000,31333,372,376,0.9763,0.6213,1.7705,0.7026,2.0299,0.8165,2.2637,0.9139,2.2809,0.8683,2.563,1.039,2.7901,1.1957,2.101,0.9877,2.3676,1.2441,2.5811,1.4593,1.7787,1.1337,1.9835,1.3799,2.1613,1.5711,1.3258,1.2819,1.3918,1.4848,1.4708,1.6593,0.9819,0.6176,1.7798,0.7002,2.0392,0.8124,2.2704,0.9177,2.2813,0.8925,2.5585,1.0753,2.776,1.2413,2.1016,0.9856,2.3681,1.2413,2.5821,1.458,1.7786,1.1298,1.9835,1.378,2.1616,1.5724,1.324,1.2814,1.3847,1.4846,1.4631,1.6604,0.9797,0.6147,1.7763,0.6908,2.0369,0.8021,2.2681,0.9128,2.2775,0.8994,2.552,1.0851,2.7621,1.2525,2.0991,0.988,2.3673,1.2413,2.5821,1.4566,1.777,1.1327,1.9833,1.3791,2.1614,1.5732,1.3224,1.2808,1.382,1.4828,1.4601,1.658,0.9796,0.6098,1.7726,0.6694,2.0232,0.7572,2.2585,0.8484,2.2649,0.91,2.5355,1.0889,2.7435,1.2626,2.0964,0.9844,2.3738,1.2198,2.6161,1.4301,1.7681,1.1303,1.9762,1.373,2.1573,1.5713,1.3208,1.2695,1.3753,1.4708,1.4558,1.6423,0.9722,0.6124,1.7591,0.6777,2.0059,0.7727,2.2249,0.8686,2.2086,0.8668,2.4523,1.0125,2.6591,1.157,2.0903,0.9084,2.3835,1.043,2.6541,1.1716,1.7623,1.1322,1.9682,1.3683,2.1526,1.5601,1.3288,1.2762,1.376,1.4751,1.4499,1.6433,0.0,0.0,0.0,0.0,0.0,0.0,0.0,0.0,0.0,0.0,-0.0543,0.4371,-0.1692,0.55,0.0,0.0,0.0,0.0,0.0,0.0,0.0,0.0,0.0,0.0,0.0,0.0,0.0,0.0,0.0,0.0,0.0,0.0,0.0,0.0,0.0,0.0,0.0,0.0,0.0,0.0,0.0,0.0,0.0,0.0,0.0,0.0,0.0,0.0,0.0,0.0,0.0,0.0,0.0,0.0,0.0,0.0,0.0,0.0,0.0,0.0,0.0,0.0,0.0,0.0,0.0,0.0,0.0,0.0,-0.1634,-0.5343,-0.1149,-0.7676,0.0,0.0,0.0,0.0,0.0,0.0,0.0,0.0,0.0,0.0,0.4046,-0.3162,0.0,0.0,0.0,0.0,0.0,0.0,0.0,0.0,0.0,0.0,0.0,0.0,0.0,0.0,0.0,0.0,0.0,0.0,-0.4042,0.2434,-0.6789,-0.5208,-1.0019,-0.9194,-1.0164,-1.2728,-0.0734,-0.9164,0.1177,-2.1298,0.4571,-3.1147,0.0,0.0,0.0,0.0,0.0,0.0,0.0,0.0,0.0,0.0,0.0,0.0,False,False,False,False,False,False,right,False,False,False,True,True,True,
video 06.mp4,7008ee79247df857,37666,31250,31583,375,379,0.9796,0.6098,1.7726,0.6694,2.0232,0.7572,2.2585,0.8484,2.2649,0.91,2.5355,1.0889,2.7435,1.2626,2.0964,0.9844,2.3738,1.2198,2.6161,1.4301,1.7681,1.1303,1.9762,1.373,2.1573,1.5713,1.3208,1.2695,1.3753,1.4708,1.4558,1.6423,0.9722,0.6124,1.7591,0.6777,2.0059,0.7727,2.2249,0.8686,2.2086,0.8668,2.4523,1.0125,2.6591,1.157,2.0903,0.9084,2.3835,1.043,2.6541,1.1716,1.7623,1.1322,1.9682,1.3683,2.1526,1.5601,1.3288,1.2762,1.376,1.4751,1.4499,1.6433,0.9824,0.6172,1.7573,0.6493,2.0177,0.7307,2.2644,0.7925,2.2296,0.8892,2.4871,1.0578,2.699,1.2169,2.0986,0.9515,2.3941,1.1476,2.6464,1.3318,1.7666,1.1338,1.9742,1.3731,2.1615,1.565,1.3171,1.2752,1.37,1.4732,1.447,1.6398,0.9812,0.618,1.7565,0.6479,2.0106,0.7336,2.2588,0.8052,2.2426,0.9015,2.5051,1.0796,2.7176,1.2432,2.0966,0.9765,2.3837,1.202,2.6307,1.4019,1.7655,1.1337,1.9747,1.3732,2.1603,1.5657,1.3143,1.2719,1.367,1.4713,1.446,1.6403,0.9749,0.6137,1.7491,0.6447,1.9983,0.7307,2.2413,0.8141,2.2462,0.9059,2.5092,1.0882,2.7187,1.2524,2.0923,0.983,2.3737,1.2134,2.6127,1.4123,1.764,1.1318,1.9715,1.3704,2.1557,1.5598,1.3092,1.2707,1.3628,1.4704,1.4416,1.6402,0.0,0.0,0.0,0.0,0.0,0.0,-0.4042,0.2434,-0.6789,-0.5208,-1.0019,-0.9194,-1.0164,-1.2728,-0.0734,-0.9164,0.1177,-2.1298,0.4571,-3.1147,0.0,0.0,0.0,0.0,0.0,0.0,0.0,0.0,0.0,0.0,0.0,0.0,0.0,0.0,0.0,0.0,0.1422,-0.5064,0.4764,-0.9162,0.0,0.0,0.4194,0.545,0.4801,0.7214,0.1,0.5193,0.1272,1.26,-0.0925,1.9302,0.0,0.0,0.0,0.0,0.0,0.0,0.0,0.0,0.0,0.0,0.0,0.0,0.0,0.0,0.0,0.0,0.0,0.0,0.0,0.0,0.0,0.0,0.0,0.0,0.0,0.0,0.0,0.0,-0.1239,0.6479,-0.1862,0.8345,0.0,0.0,0.0,0.0,0.0,0.0,0.0,0.0,0.0,0.0,0.0,0.0,0.0,0.0,0.0,0.0,0.0,0.0,0.0,0.0,0.0,0.0,0.0,0.0,0.0,0.0,0.0,0.0,0.0,0.0,0.0,0.0,0.0,0.0,0.0,0.0,0.0,0.0,0.0,0.0,0.0,0.0,0.0,0.0,False,False,False,False,False,False,right,False,False,False,True,True,True,
video 06.mp4,7008ee79247df857,37666,31500,31833,378,382,0.9812,0.618,1.7565,0.6479,2.0106,0.7336,2.2588,0.8052,2.2426,0.9015,2.5051,1.0796,2.7176,1.2432,2.0966,0.9765,2.3837,1.202,2.6307,1.4019,1.7655,1.1337,1.9747,1.3732,2.1603,1.5657,1.3143,1.2719,1.367,1.4713,1.446,1.6403,0.9749,0.6137,1.7491,0.6447,1.9983,0.7307,2.2413,0.8141,2.2462,0.9059,2.5092,1.0882,2.7187,1.2524,2.0923,0.983,2.3737,1.2134,2.6127,1.4123,1.764,1.1318,1.9715,1.3704,2.1557,1.5598,1.3092,1.2707,1.3628,1.4704,1.4416,1.6402,0.9765,0.617,1.7537,0.6528,1.9958,0.7398,2.236,0.828,2.2509,0.9058,2.5127,1.0865,2.7197,1.2515,2.0859,0.9845,2.3604,1.2175,2.5957,1.4191,1.7579,1.1287,1.9652,1.3655,2.1463,1.5528,1.3079,1.264,1.3632,1.4662,1.4427,1.6377,0.9596,0.6134,1.7289,0.6466,1.9858,0.7372,2.2169,0.8398,2.2413,0.8874,2.5114,1.0697,2.7248,1.2315,2.0884,0.9788,2.3633,1.222,2.5859,1.4326,1.765,1.1214,1.9711,1.3627,2.1524,1.5535,1.3064,1.2658,1.3636,1.4703,1.4405,1.6444,0.9491,0.6191,1.721,0.665,1.9708,0.7996,2.1681,0.948,2.241,0.7698,2.5201,0.8325,2.7514,0.8641,2.0912,0.9807,2.3666,1.2288,2.5851,1.4368,1.7744,1.1265,1.981,1.3703,2.1576,1.5618,1.3162,1.2727,1.3755,1.477,1.4485,1.6503,0.0,0.0,0.0,0.0,0.0,0.0,0.0,0.0,0.0,0.0,0.0,0.0,0.0,0.0,0.0,0.0,0.0,0.0,0.0,0.0,0.0,0.0,0.0,0.0,0.0,0.0,0.0,0.0,0.0,0.0,0.0,0.0,0.0,0.0,0.0,0.0,0.0,0.0,0.0,0.0,0.0,0.0,0.0,0.0,0.0,0.0,0.0,0.0,0.0,0.0,0.0,0.0,0.0,0.0,0.0,0.0,0.0,0.0,0.0,0.0,0.0,0.0,0.0,0.0,0.0,0.0,0.0,0.0,0.0,0.0,0.0,0.0,0.0,0.0,0.0,0.0,0.0,0.0,0.0,0.0,0.0,0.0,0.0,0.0,0.0,0.0,0.0,0.0,0.0,0.0,0.0,0.0,0.0,0.0,0.0,0.0,0.0,0.0,0.0,0.0,-0.1809,0.7514,-0.5883,1.3037,-0.0037,-1.417,0.1057,-2.858,0.3199,-4.4266,0.0,0.0,0.0,0.0,0.0,0.0,0.0,0.0,0.0,0.0,0.0,0.0,0.0,0.0,0.0,0.0,0.0,0.0,False,False,False,False,False,False,right,False,False,False,True,True,True,
video 06.mp4,7008ee79247df857,37666,31750,32083,381,385,0.9596,0.6134,1.7289,0.6466,1.9858,0.7372,2.2169,0.8398,2.2413,0.8874,2.5114,1.0697,2.7248,1.2315,2.0884,0.9788,2.3633,1.222,2.5859,1.4326,1.765,1.1214,1.9711,1.3627,2.1524,1.5535,1.3064,1.2658,1.3636,1.4703,1.4405,1.6444,0.9491,0.6191,1.721,0.665,1.9708,0.7996,2.1681,0.948,2.241,0.7698,2.5201,0.8325,2.7514,0.8641,2.0912,0.9807,2.3666,1.2288,2.5851,1.4368,1.7744,1.1265,1.981,1.3703,2.1576,1.5618,1.3162,1.2727,1.3755,1.477,1.4485,1.6503,0.9528,0.6198,1.7276,0.6749,1.9808,0.8177,2.1853,0.9596,2.2515,0.7826,2.5356,0.8707,2.7736,0.9322,2.1002,0.9915,2.3781,1.2447,2.5961,1.4523,1.7808,1.1344,1.9887,1.3794,2.1675,1.5706,1.3212,1.2796,1.3832,1.4844,1.4583,1.6576,0.9607,0.6148,1.7433,0.653,2.0057,0.7528,2.2392,0.8274,2.2646,0.8619,2.5418,1.0284,2.7683,1.1764,2.0998,0.9971,2.3818,1.2454,2.6066,1.4501,1.7738,1.1352,1.9846,1.3793,2.1707,1.5679,1.3153,1.2815,1.3759,1.4869,1.4523,1.6591,0.9681,0.6136,1.7553,0.6622,2.0146,0.7614,2.2487,0.8495,2.2719,0.8944,2.5421,1.0752,2.7606,1.2352,2.1015,0.9967,2.3812,1.2399,2.6065,1.4423,1.7735,1.1339,1.9802,1.3765,2.1623,1.5628,1.3184,1.277,1.3767,1.4841,1.4525,1.6584,0.0,0.0,0.0,0.0,-0.1809,0.7514,-0.5883,1.3037,-0.0037,-1.417,0.1057,-2.858,0.3199,-4.4266,0.0,0.0,0.0,0.0,0.0,0.0,0.0,0.0,0.0,0.0,0.0,0.0,0.0,0.0,0.0,0.0,0.0,0.0,0.0,0.0,0.0,0.0,0.0,0.0,0.0,0.0,0.0,0.0,0.1869,0.4594,0.2678,0.8195,0.0,0.0,0.0,0.0,0.0,0.0,0.0,0.0,0.0,0.0,0.0,0.0,0.0,0.0,0.0,0.0,0.0,0.0,0.0,0.0,0.0,0.0,0.2967,-0.7731,0.6412,-1.5742,0.1558,0.9431,0.0738,1.8783,-0.0631,2.9078,0.0,0.0,0.0,0.0,0.0,0.0,0.0,0.0,0.0,0.0,0.0,0.0,0.0,0.0,0.0,0.0,0.0,0.0,0.0,0.0,0.0,0.0,0.0,0.0,0.0,0.0,0.088,0.3918,0.0029,0.5637,-0.0923,0.708,0.0,0.0,0.0,0.0,0.0,0.0,0.0,0.0,0.0,0.0,0.0,0.0,0.0,0.0,0.0,0.0,0.0,0.0,False,False,False,False,False,False,right,False,False,False,True,True,True,
video 06.mp4,7008ee79247df857,37666,32000,32333,384,388,0.9607,0.6148,1.7433,0.653,2.0057,0.7528,2.2392,0.8274,2.2646,0.8619,2.5418,1.0284,2.7683,1.1764,2.0998,0.9971,2.3818,1.2454,2.6066,1.4501,1.7738,1.1352,1.9846,1.3793,2.1707,1.5679,1.3153,1.2815,1.3759,1.4869,1.4523,1.6591,0.9681,0.6136,1.7553,0.6622,2.0146,0.7614,2.2487,0.8495,2.2719,0.8944,2.5421,1.0752,2.7606,1.2352,2.1015,0.9967,2.3812,1.2399,2.6065,1.4423,1.7735,1.1339,1.9802,1.3765,2.1623,1.5628,1.3184,1.277,1.3767,1.4841,1.4525,1.6584,0.9767,0.6135,1.7657,0.6682,2.0209,0.7679,2.2504,0.8688,2.2744,0.905,2.542,1.0876,2.7541,1.2497,2.1029,0.9942,2.3781,1.2351,2.6024,1.4374,1.7751,1.1328,1.981,1.3746,2.1608,1.5615,1.3199,1.2759,1.3773,1.482,1.4524,1.6573,0.9731,0.6097,1.7571,0.6618,2.0114,0.7563,2.2421,0.8547,2.27,0.9067,2.5379,1.0883,2.7494,1.2491,2.0995,0.9942,2.3749,1.2329,2.601,1.436,1.7734,1.1329,1.9777,1.373,2.1556,1.5606,1.3192,1.2731,1.3741,1.4785,1.4485,1.6546,0.9673,0.6116,1.7499,0.6563,2.0108,0.7498,2.2426,0.8452,2.2689,0.8819,2.543,1.034,2.7627,1.1558,2.1055,0.9992,2.3813,1.2436,2.6021,1.4507,1.7777,1.1363,1.9803,1.3765,2.1591,1.5652,1.3182,1.274,1.3754,1.4799,1.4496,1.6564,0.0,0.0,0.0,0.0,0.0,0.0,0.0,0.0,0.088,0.3918,0.0029,0.5637,-0.0923,0.708,0.0,0.0,0.0,0.0,0.0,0.0,0.0,0.0,0.0,0.0,0.0,0.0,0.0,0.0,0.0,0.0,0.0,0.0,0.0,0.0,0.0,0.0,0.0,0.0,0.0,0.0,0.0,0.0,0.0,0.0,0.0,0.0,0.0,0.0,0.0,0.0,0.0,0.0,0.0,0.0,0.0,0.0,0.0,0.0,0.0,0.0,0.0,0.0,0.0,0.0,0.0,0.0,0.0,0.0,0.0,0.0,0.0,0.0,0.0,0.0,0.0,0.0,0.0,0.0,0.0,0.0,0.0,0.0,0.0,0.0,0.0,0.0,0.0,0.0,0.0,0.0,0.0,0.0,0.0,0.0,0.0,0.0,0.0,0.0,0.0,0.0,0.0,0.0,0.0,0.0,0.0,0.0,0.0608,-0.6463,0.1582,-1.1108,0.0,0.0,0.0,0.0,0.0,0.0,0.0,0.0,0.0,0.0,0.0,0.0,0.0,0.0,0.0,0.0,0.0,0.0,False,False,False,False,False,False,right,False,False,False,True,True,True,
video 06.mp4,7008ee79247df857,37666,32249,32583,387,391,0.9731,0.6097,1.7571,0.6618,2.0114,0.7563,2.2421,0.8547,2.27,0.9067,2.5379,1.0883,2.7494,1.2491,2.0995,0.9942,2.3749,1.2329,2.601,1.436,1.7734,1.1329,1.9777,1.373,2.1556,1.5606,1.3192,1.2731,1.3741,1.4785,1.4485,1.6546,0.9673,0.6116,1.7499,0.6563,2.0108,0.7498,2.2426,0.8452,2.2689,0.8819,2.543,1.034,2.7627,1.1558,2.1055,0.9992,2.3813,1.2436,2.6021,1.4507,1.7777,1.1363,1.9803,1.3765,2.1591,1.5652,1.3182,1.274,1.3754,1.4799,1.4496,1.6564,0.9634,0.6182,1.7504,0.6862,2.0015,0.8293,2.2066,0.9787,2.2698,0.8019,2.5499,0.8823,2.7804,0.9386,2.1004,0.9893,2.3724,1.2351,2.5912,1.4422,1.7795,1.1345,1.9816,1.3751,2.1556,1.5632,1.3274,1.2772,1.387,1.4824,1.4606,1.6575,0.9592,0.6217,1.7434,0.6857,1.9921,0.8389,2.1848,0.9953,2.2666,0.7599,2.5508,0.8253,2.7894,0.8672,2.1039,0.9889,2.3786,1.2369,2.5974,1.4435,1.7907,1.1392,1.9959,1.3847,2.1683,1.576,1.3358,1.284,1.3968,1.4881,1.4693,1.6629,0.9703,0.6264,1.7499,0.6867,2.0054,0.8278,2.2116,0.9698,2.2842,0.788,2.5671,0.8873,2.8043,0.9563,2.1203,0.9947,2.3951,1.2491,2.6133,1.4596,1.795,1.1446,2.0033,1.3903,2.1852,1.5811,1.332,1.2921,1.3945,1.497,1.4698,1.67,0.0,0.0,0.0,0.0,0.0,0.0,0.0,0.0,0.0,0.0,0.0608,-0.6463,0.1582,-1.1108,0.0,0.0,0.0,0.0,0.0,0.0,0.0,0.0,0.0,0.0,0.0,0.0,0.0,0.0,0.0,0.0,0.0,0.0,0.0,0.0,0.0,0.0,-0.1114,0.9583,-0.4347,1.6083,0.0107,-0.9644,0.083,-1.8279,0.2126,-2.6167,0.0,0.0,0.0,0.0,0.0,0.0,0.0,0.0,0.0,0.0,0.0,0.0,0.0,0.0,0.0,0.0,0.0,0.0,0.0,0.0,0.0,0.0,0.0,0.0,0.0,0.0,-0.0383,-0.5063,0.0099,-0.6863,0.1095,-0.8604,0.0,0.0,0.0,0.0,0.0,0.0,0.0,0.0,0.0,0.0,0.0,0.0,0.0,0.0,0.0,0.0,0.0,0.0,0.0,0.0,0.0,0.0,0.0,0.0,0.3192,-0.3036,0.0,0.0,0.195,0.7383,0.1773,1.0603,0.0,0.0,0.0,0.0,0.0,0.0,0.0,0.0,0.0,0.0,0.0,0.0,0.0,0.0,0.0,0.0,0.0,0.0,False,False,False,False,False,False,right,False,False,False,True,True,True,
video 06.mp4,7008ee79247df857,37666,32499,32833,390,394,0.9592,0.6217,1.7434,0.6857,1.9921,0.8389,2.1848,0.9953,2.2666,0.7599,2.5508,0.8253,2.7894,0.8672,2.1039,0.9889,2.3786,1.2369,2.5974,1.4435,1.7907,1.1392,1.9959,1.3847,2.1683,1.576,1.3358,1.284,1.3968,1.4881,1.4693,1.6629,0.9703,0.6264,1.7499,0.6867,2.0054,0.8278,2.2116,0.9698,2.2842,0.788,2.5671,0.8873,2.8043,0.9563,2.1203,0.9947,2.3951,1.2491,2.6133,1.4596,1.795,1.1446,2.0033,1.3903,2.1852,1.5811,1.332,1.2921,1.3945,1.497,1.4698,1.67,0.9732,0.6202,1.7582,0.6732,2.018,0.7768,2.2508,0.8531,2.2888,0.8648,2.5634,1.0466,2.789,1.2091,2.1192,0.9941,2.3972,1.2459,2.6209,1.4562,1.7886,1.1426,1.9969,1.3873,2.1805,1.576,1.3267,1.2902,1.3872,1.4961,1.4643,1.6698,0.9744,0.6179,1.763,0.6744,2.0178,0.7749,2.25,0.8674,2.2885,0.8901,2.5556,1.077,2.7666,1.2453,2.1181,0.993,2.3928,1.241,2.6144,1.4508,1.7877,1.1383,1.9937,1.3831,2.1746,1.5727,1.3263,1.2845,1.385,1.4915,1.4618,1.6662,0.972,0.6128,1.7604,0.6693,2.0137,0.7624,2.248,0.8541,2.2835,0.8981,2.5467,1.0831,2.7525,1.2492,2.1128,0.9932,2.3866,1.2373,2.6092,1.4454,1.7819,1.1354,1.9871,1.3774,2.1672,1.5653,1.3236,1.2783,1.3819,1.4858,1.4591,1.6619,0.0,0.0,0.0,0.0,0.0,0.0,0.3192,-0.3036,0.0,0.0,0.195,0.7383,0.1773,1.0603,0.0,0.0,0.0,0.0,0.0,0.0,0.0,0.0,0.0,0.0,0.0,0.0,0.0,0.0,0.0,0.0,0.0,0.0,0.0,0.0,0.0,0.0,0.1515,-0.6152,0.472,-1.406,0.0561,0.9249,-0.0446,1.9187,-0.1847,3.0466,0.0,0.0,0.0,0.0,0.0,0.0,0.0,0.0,0.0,0.0,0.0,0.0,0.0,0.0,0.0,0.0,0.0,0.0,0.0,0.0,0.0,0.0,0.0,0.0,0.0,0.0,0.0,0.0,0.0,0.0,-0.2704,0.4352,0.0,0.0,0.0,0.0,0.0,0.0,0.0,0.0,0.0,0.0,0.0,0.0,0.0,0.0,0.0,0.0,0.0,0.0,0.0,0.0,0.0,0.0,0.0,0.0,0.0,0.0,0.0,0.0,0.0,0.0,0.0,0.0,0.0,0.0,0.0,0.0,0.0,0.0,0.0,0.0,0.0,0.0,0.0,0.0,0.0,0.0,0.0,0.0,0.0,0.0,False,False,False,False,False,False,right,False,False,False,True,True,True,
video 06.mp4,7008ee79247df857,37666,32749,33083,393,397,0.9744,0.6179,1.763,0.6744,2.0178,0.7749,2.25,0.8674,2.2885,0.8901,2.5556,1.077,2.7666,1.2453,2.1181,0.993,2.3928,1.241,2.6144,1.4508,1.7877,1.1383,1.9937,1.3831,2.1746,1.5727,1.3263,1.2845,1.385,1.4915,1.4618,1.6662,0.972,0.6128,1.7604,0.6693,2.0137,0.7624,2.248,0.8541,2.2835,0.8981,2.5467,1.0831,2.7525,1.2492,2.1128,0.9932,2.3866,1.2373,2.6092,1.4454,1.7819,1.1354,1.9871,1.3774,2.1672,1.5653,1.3236,1.2783,1.3819,1.4858,1.4591,1.6619,0.9674,0.6104,1.7529,0.6561,2.0068,0.7428,2.2423,0.8324,2.2756,0.8976,2.5377,1.0811,2.743,1.2455,2.1043,0.9916,2.3776,1.2343,2.5988,1.4427,1.775,1.1331,1.9789,1.3739,2.1577,1.5616,1.3179,1.2755,1.3753,1.4824,1.4529,1.6583,0.9638,0.613,1.7489,0.6658,2.0092,0.7753,2.2371,0.8924,2.2772,0.848,2.5455,0.9925,2.7601,1.1101,2.1079,0.991,2.3797,1.238,2.5947,1.4467,1.7792,1.1341,1.9803,1.3762,2.1565,1.5658,1.3208,1.2775,1.3811,1.4837,1.4574,1.6592,0.9578,0.6221,1.7498,0.6972,2.0029,0.8452,2.2058,0.9994,2.2721,0.7744,2.5488,0.841,2.7763,0.8822,2.1033,0.983,2.3729,1.2322,2.5864,1.4411,1.7838,1.1303,1.9841,1.374,2.1562,1.5646,1.3297,1.2807,1.3889,1.4861,1.4616,1.6622,0.0,0.0,0.0,0.0,0.0,0.0,0.0,0.0,0.0,0.0,0.0,0.0,0.0,0.0,0.0,0.0,0.0,0.0,0.0,0.0,0.0,0.0,0.0,0.0,0.0,0.0,0.0,0.0,0.0,0.0,0.0,0.0,0.0,0.0,0.0,0.0,0.0,0.0,0.0,0.0,0.0,0.0,0.0,0.0,0.0,0.0,0.0,0.0,0.0,0.0,0.0,0.0,0.0,0.0,0.0,0.0,0.0,0.0,0.0,0.0,0.0,0.0,0.0,0.0,0.0,0.0,0.0,0.0,0.0,0.0,-0.0622,0.7142,0.019,-0.591,0.0922,-1.0547,0.2034,-1.6127,0.0,0.0,0.0,0.0,0.0,0.0,0.0,0.0,0.0,0.0,0.0,0.0,0.0,0.0,0.0,0.0,0.0,0.0,0.0,0.0,0.0,0.0,-0.0768,0.8418,-0.3769,1.2885,-0.0614,-0.8864,0.0397,-1.8262,0.1953,-2.7453,0.0,0.0,0.0,0.0,0.0,0.0,0.0,0.0,0.0,0.0,0.0,0.0,0.0,0.0,0.0,0.0,0.0,0.0,False,False,False,False,False,False,right,False,False,False,True,True,True,
video 06.mp4,7008ee79247df857,37666,33000,33333,396,400,0.9638,0.613,1.7489,0.6658,2.0092,0.7753,2.2371,0.8924,2.2772,0.848,2.5455,0.9925,2.7601,1.1101,2.1079,0.991,2.3797,1.238,2.5947,1.4467,1.7792,1.1341,1.9803,1.3762,2.1565,1.5658,1.3208,1.2775,1.3811,1.4837,1.4574,1.6592,0.9578,0.6221,1.7498,0.6972,2.0029,0.8452,2.2058,0.9994,2.2721,0.7744,2.5488,0.841,2.7763,0.8822,2.1033,0.983,2.3729,1.2322,2.5864,1.4411,1.7838,1.1303,1.9841,1.374,2.1562,1.5646,1.3297,1.2807,1.3889,1.4861,1.4616,1.6622,0.9609,0.6216,1.743,0.688,2.002,0.8255,2.2142,0.9669,2.2752,0.7974,2.552,0.9077,2.7793,0.9904,2.1134,0.9885,2.3885,1.2404,2.6052,1.4497,1.7886,1.1366,1.9939,1.3784,2.1734,1.5661,1.3273,1.2863,1.3897,1.4911,1.4645,1.663,0.9693,0.62,1.7544,0.6688,2.0106,0.7689,2.2436,0.8554,2.2779,0.8719,2.547,1.0464,2.7638,1.2037,2.1101,0.9916,2.3852,1.2362,2.6077,1.4394,1.7785,1.1367,1.9867,1.3785,2.1707,1.5648,1.3199,1.2802,1.3801,1.4861,1.4573,1.6593,0.9676,0.6143,1.7555,0.6583,2.0043,0.7471,2.2384,0.8392,2.2669,0.8925,2.5297,1.0746,2.7329,1.2464,2.1007,0.9875,2.3731,1.2229,2.6012,1.4247,1.7701,1.131,1.9788,1.3701,2.1599,1.5587,1.3181,1.2756,1.3763,1.4796,1.4544,1.652,0.0,0.0,0.0,0.0,-0.0768,0.8418,-0.3769,1.2885,-0.0614,-0.8864,0.0397,-1.8262,0.1953,-2.7453,0.0,0.0,0.0,0.0,0.0,0.0,0.0,0.0,0.0,0.0,0.0,0.0,0.0,0.0,0.0,0.0,0.0,0.0,0.0,0.0,0.0,0.0,0.0,0.0,0.1008,-0.3913,0.0,0.0,0.0385,0.8041,0.0355,1.3035,0.0,0.0,0.0,0.0,0.0,0.0,0.0,0.0,0.0,0.0,0.0,0.0,0.0,0.0,0.0,0.0,0.0,0.0,0.0,0.0,0.0,0.0,0.1016,-0.6747,0.3504,-1.3268,0.0324,0.8869,-0.0591,1.6513,-0.1838,2.5393,0.0,0.0,0.0,0.0,0.0,0.0,0.0,0.0,0.0,0.0,0.0,0.0,0.0,0.0,0.0,0.0,0.0,0.0,0.0,0.0,0.0,0.0,0.0,0.0,0.0,0.0,0.0,0.0,0.0,0.0,-0.3727,0.5141,0.0,0.0,0.0,0.0,0.0,0.0,0.0,0.0,0.0,0.0,0.0,0.0,0.0,0.0,0.0,0.0,0.0,0.0,False,False,False,False,False,False,right,False,False,False,True,True,True,
video 06.mp4,7008ee79247df857,37666,33250,33583,399,403,0.9693,0.62,1.7544,0.6688,2.0106,0.7689,2.2436,0.8554,2.2779,0.8719,2.547,1.0464,2.7638,1.2037,2.1101,0.9916,2.3852,1.2362,2.6077,1.4394,1.7785,1.1367,1.9867,1.3785,2.1707,1.5648,1.3199,1.2802,1.3801,1.4861,1.4573,1.6593,0.9676,0.6143,1.7555,0.6583,2.0043,0.7471,2.2384,0.8392,2.2669,0.8925,2.5297,1.0746,2.7329,1.2464,2.1007,0.9875,2.3731,1.2229,2.6012,1.4247,1.7701,1.131,1.9788,1.3701,2.1599,1.5587,1.3181,1.2756,1.3763,1.4796,1.4544,1.652,0.9537,0.5982,1.7364,0.6103,1.9958,0.6913,2.2292,0.789,2.25,0.8946,2.506,1.0812,2.7058,1.249,2.0868,0.9875,2.3635,1.2211,2.5856,1.4229,1.7518,1.1171,1.9676,1.3497,2.1537,1.5368,1.3137,1.2775,1.3762,1.4847,1.4532,1.6591,0.9251,0.5848,1.7101,0.5872,1.9838,0.6623,2.2204,0.7362,2.2266,0.8896,2.4851,1.0703,2.6859,1.2345,2.0731,0.9892,2.3501,1.2166,2.5698,1.4187,1.7617,1.1016,1.9918,1.2969,2.1943,1.4625,1.3613,1.3056,1.4629,1.5045,1.5734,1.6804,0.91,0.5873,1.6972,0.5831,1.9756,0.6624,2.2156,0.7203,2.2062,0.884,2.4658,1.0619,2.6638,1.2212,2.0645,0.9931,2.3411,1.2186,2.5589,1.4163,1.7629,1.0945,1.9939,1.2862,2.1938,1.4488,1.3863,1.3004,1.4963,1.4962,1.6112,1.6694,0.0,0.0,0.0,0.0,0.0,0.0,0.0,0.0,0.0,0.0,0.0,0.0,-0.3727,0.5141,0.0,0.0,0.0,0.0,0.0,0.0,0.0,0.0,0.0,0.0,0.0,0.0,0.0,0.0,0.0,0.0,0.0,0.0,0.0,0.0,-0.2296,-0.5785,-0.1018,-0.6725,-0.111,-0.6042,0.0,0.0,0.0,0.0,0.0,0.0,0.0,0.0,0.0,0.0,0.0,0.0,0.0,0.0,0.0,0.0,0.0,0.0,0.0,0.0,0.0,0.0,0.0,0.0,0.0,0.0,-0.3133,-0.2753,0.0,0.0,-0.1052,-0.6293,0.0,0.0,0.0,0.0,0.0,0.0,0.0,0.0,0.0,0.0,0.0,0.0,0.0,0.0,0.2886,-0.6287,0.4834,-0.8845,0.5661,0.3347,1.0327,0.2352,1.4305,0.2538,0.0,0.0,0.0,0.0,0.0,0.0,0.0,0.0,0.0,0.0,0.0,0.0,0.0,0.0,0.0,0.0,0.0,0.0,0.0,0.0,0.0,0.0,0.0,0.0,0.0,0.0,0.0,0.0,0.4025,-0.0991,0.4559,-0.1324,False,False,False,False,False,False,right,False,False,False,True,True,True,
video 06.mp4,7008ee79247df857,37666,33500,33833,402,406,0.9251,0.5848,1.7101,0.5872,1.9838,0.6623,2.2204,0.7362,2.2266,0.8896,2.4851,1.0703,2.6859,1.2345,2.0731,0.9892,2.3501,1.2166,2.5698,1.4187,1.7617,1.1016,1.9918,1.2969,2.1943,1.4625,1.3613,1.3056,1.4629,1.5045,1.5734,1.6804,0.91,0.5873,1.6972,0.5831,1.9756,0.6624,2.2156,0.7203,2.2062,0.884,2.4658,1.0619,2.6638,1.2212,2.0645,0.9931,2.3411,1.2186,2.5589,1.4163,1.7629,1.0945,1.9939,1.2862,2.1938,1.4488,1.3863,1.3004,1.4963,1.4962,1.6112,1.6694,0.9057,0.5918,1.6845,0.59,1.9701,0.6677,2.2123,0.7268,2.1988,0.8732,2.4577,1.0574,2.6551,1.2173,2.0654,0.9761,2.3423,1.2025,2.5574,1.3988,1.7756,1.0997,1.9989,1.306,2.1903,1.4773,1.3985,1.3014,1.5266,1.4976,1.6555,1.6741,0.9055,0.6006,1.6799,0.5911,1.9696,0.6635,2.2144,0.7161,2.2008,0.867,2.4611,1.0569,2.6584,1.2197,2.0654,0.971,2.3459,1.2009,2.5606,1.3989,1.781,1.1041,2.006,1.3128,2.1956,1.4836,1.4117,1.3115,1.5472,1.5091,1.6773,1.6865,0.9068,0.607,1.6851,0.5895,1.969,0.6615,2.2102,0.7118,2.2037,0.8613,2.4636,1.0526,2.6603,1.2168,2.063,0.9663,2.3459,1.1989,2.564,1.3966,1.785,1.106,2.0108,1.3197,2.1995,1.4877,1.4276,1.3181,1.572,1.5203,1.7116,1.6952,0.0,0.0,0.0,0.0,0.0,0.0,0.0,0.0,0.0,0.0,0.0,0.0,0.0,0.0,0.0,0.0,0.0,0.0,0.0,0.0,0.0,0.0,0.0,0.0,0.0,0.0,0.0,0.0,0.4025,-0.0991,0.4559,-0.1324,0.0,0.0,0.0,0.0,0.0,0.0,0.0,0.0,0.0,0.0,0.0,0.0,0.0,0.0,0.0,0.0,0.0,0.0,0.0,0.0,0.0,0.0,0.0,0.0,0.0,0.0,0.0,0.0,0.0,0.0,0.5337,0.056,0.0,0.0,0.0,0.0,0.0,0.0,0.0,0.0,0.0,0.0,0.0,0.0,0.0,0.0,0.0,0.0,0.0,0.0,0.0,0.0,0.0,0.0,0.0,0.0,0.0,0.0,0.0,0.0,0.0,0.0,0.0,0.0,0.0,0.0,0.0,0.0,0.0,0.0,0.0,0.0,0.0,0.0,0.0,0.0,0.0,0.0,0.0,0.0,0.0,0.0,0.0,0.0,0.0,0.0,0.0,0.0,0.0,0.0,0.0,0.0,0.0,0.0,0.4131,0.105,False,False,False,True,False,False,right,False,False,False,True,False,True,
video 06.mp4,7008ee79247df857,37666,33750,34083,405,409,0.9055,0.6006,1.6799,0.5911,1.9696,0.6635,2.2144,0.7161,2.2008,0.867,2.4611,1.0569,2.6584,1.2197,2.0654,0.971,2.3459,1.2009,2.5606,1.3989,1.781,1.1041,2.006,1.3128,2.1956,1.4836,1.4117,1.3115,1.5472,1.5091,1.6773,1.6865,0.9068,0.607,1.6851,0.5895,1.969,0.6615,2.2102,0.7118,2.2037,0.8613,2.4636,1.0526,2.6603,1.2168,2.063,0.9663,2.3459,1.1989,2.564,1.3966,1.785,1.106,2.0108,1.3197,2.1995,1.4877,1.4276,1.3181,1.572,1.5203,1.7116,1.6952,0.9118,0.6018,1.6909,0.5852,1.9715,0.6481,2.2202,0.6788,2.2106,0.8615,2.4716,1.052,2.6713,1.2173,2.0647,0.9639,2.3497,1.1993,2.5732,1.3989,1.7832,1.0984,2.0033,1.3167,2.1916,1.4852,1.4018,1.2765,1.5206,1.4739,1.6409,1.6392,0.9153,0.6025,1.6993,0.5824,1.9753,0.6339,2.2297,0.6535,2.2149,0.869,2.4816,1.0552,2.6874,1.2186,2.0643,0.9672,2.3461,1.2039,2.5702,1.4065,1.7783,1.0994,1.9954,1.322,2.1846,1.4961,1.3809,1.2557,1.4849,1.4516,1.5947,1.6162,0.9179,0.6018,1.704,0.5818,1.9805,0.6302,2.2377,0.6385,2.2204,0.867,2.4913,1.051,2.7006,1.2144,2.0675,0.9653,2.3511,1.2046,2.5752,1.4122,1.7789,1.0984,1.9967,1.3216,2.1856,1.4983,1.3767,1.2481,1.4751,1.4448,1.5801,1.6115,0.0,0.0,0.0,0.0,0.0,0.0,0.0,0.0,0.0,0.0,0.0,0.0,0.0,0.0,0.0,0.0,0.0,0.0,0.0,0.0,0.0,0.0,0.0,0.0,0.0,0.0,0.0,0.0,0.0,0.0,0.4131,0.105,0.0,0.0,0.0,0.0,0.0,0.0,0.1202,-0.3984,0.0,0.0,0.0,0.0,0.0,0.0,0.0,0.0,0.0,0.0,0.0,0.0,0.0,0.0,0.0,0.0,0.0,0.0,-0.3109,-0.5008,-0.6194,-0.559,-0.8522,-0.6752,0.0,0.0,0.0,0.0,0.0,0.0,0.0,0.0,0.0,0.0,0.0,0.0,0.0,0.0,0.0,0.0,0.0,0.0,0.0,0.0,0.0,0.0,0.0,0.0,0.0,0.0,0.0,0.0,-0.4253,-0.2661,-0.5495,-0.2738,0.0,0.0,0.0,0.0,0.0,0.0,0.0,0.0,0.0,0.0,0.0,0.0,0.0,0.0,0.0,0.0,0.0,0.0,0.0,0.0,0.0,0.0,0.0,0.0,0.0,0.0,0.0,0.0,0.0,0.0,0.0,0.0,False,False,False,False,True,False,right,False,False,False,True,False,True,
video 06.mp4,7008ee79247df857,37666,34000,34333,408,412,0.9153,0.6025,1.6993,0.5824,1.9753,0.6339,2.2297,0.6535,2.2149,0.869,2.4816,1.0552,2.6874,1.2186,2.0643,0.9672,2.3461,1.2039,2.5702,1.4065,1.7783,1.0994,1.9954,1.322,2.1846,1.4961,1.3809,1.2557,1.4849,1.4516,1.5947,1.6162,0.9179,0.6018,1.704,0.5818,1.9805,0.6302,2.2377,0.6385,2.2204,0.867,2.4913,1.051,2.7006,1.2144,2.0675,0.9653,2.3511,1.2046,2.5752,1.4122,1.7789,1.0984,1.9967,1.3216,2.1856,1.4983,1.3767,1.2481,1.4751,1.4448,1.5801,1.6115,0.9207,0.6045,1.7105,0.5798,1.9936,0.6304,2.2562,0.6396,2.2329,0.8398,2.5144,0.988,2.739,1.1042,2.0825,0.9696,2.3702,1.2201,2.5941,1.4353,1.7894,1.1032,2.0043,1.3319,2.1898,1.5107,1.377,1.2498,1.4773,1.4465,1.583,1.6144,0.9205,0.6115,1.7146,0.5732,2.0043,0.6182,2.2687,0.6197,2.2447,0.8085,2.5333,0.9288,2.7663,1.0162,2.0932,0.9754,2.3826,1.2304,2.6058,1.4461,1.8049,1.1111,2.0155,1.3422,2.1974,1.5212,1.3835,1.2513,1.4838,1.4477,1.5862,1.616,0.9228,0.6098,1.7223,0.5696,2.0191,0.6079,2.2838,0.5959,2.2489,0.8087,2.5368,0.9355,2.7691,1.0307,2.1046,0.9852,2.3982,1.2427,2.6217,1.4587,1.8167,1.1239,2.029,1.3567,2.2135,1.5371,1.3885,1.2588,1.4896,1.4538,1.5932,1.6223,0.0,0.0,0.0,0.0,0.0,0.0,0.0,0.0,0.0,0.0,0.0,0.0,0.0,0.0,0.0,0.0,0.0,0.0,0.0,0.0,0.0,0.0,0.0,0.0,0.0,0.0,0.0,0.0,0.0,0.0,0.0,0.0,0.0,0.0,0.0,0.0,0.0,0.0,0.0,0.0,0.0,0.0,0.2783,-0.7596,0.4623,-1.3277,0.0,0.0,0.0,0.0,0.0,0.0,0.0,0.0,0.0,0.0,0.0,0.0,0.0,0.0,0.0,0.0,0.0,0.0,0.0,0.0,0.0,0.0,0.0,0.0,0.0,0.0,0.0,0.0,0.2256,-0.7048,0.3246,-1.0475,0.0,0.0,0.0,0.0,0.0,0.0,0.0,0.0,0.0,0.0,0.0,0.0,0.0,0.0,0.0,0.0,0.0,0.0,0.0,0.0,0.0,0.0,0.0,0.0,0.0,0.0,0.0,0.0,0.0,0.0,0.0,0.0,0.0,0.0,0.0,0.0,0.0,0.0,0.0,0.0,0.0,0.0,0.0,0.0,0.0,0.0,0.0,0.0,0.0,0.0,False,False,False,False,False,False,right,False,False,False,True,False,True,
video 06.mp4,7008ee79247df857,37666,34250,34583,411,415,0.9205,0.6115,1.7146,0.5732,2.0043,0.6182,2.2687,0.6197,2.2447,0.8085,2.5333,0.9288,2.7663,1.0162,2.0932,0.9754,2.3826,1.2304,2.6058,1.4461,1.8049,1.1111,2.0155,1.3422,2.1974,1.5212,1.3835,1.2513,1.4838,1.4477,1.5862,1.616,0.9228,0.6098,1.7223,0.5696,2.0191,0.6079,2.2838,0.5959,2.2489,0.8087,2.5368,0.9355,2.7691,1.0307,2.1046,0.9852,2.3982,1.2427,2.6217,1.4587,1.8167,1.1239,2.029,1.3567,2.2135,1.5371,1.3885,1.2588,1.4896,1.4538,1.5932,1.6223,0.9341,0.6108,1.7334,0.5651,2.027,0.5919,2.2908,0.5716,2.2576,0.8245,2.5402,0.9659,2.7646,1.0847,2.1155,0.9968,2.4112,1.2514,2.6383,1.4684,1.8183,1.1291,2.0367,1.3586,2.226,1.5401,1.3939,1.2609,1.4976,1.4576,1.6032,1.6275,0.9446,0.6123,1.7439,0.5965,2.0284,0.65,2.2891,0.6812,2.2712,0.8711,2.5458,1.0503,2.7669,1.2054,2.1218,0.9978,2.4123,1.2519,2.6406,1.4675,1.8177,1.1235,2.0363,1.3556,2.2246,1.5346,1.3977,1.263,1.5012,1.4631,1.6051,1.6332,0.9445,0.6098,1.7444,0.6149,2.026,0.6902,2.2812,0.765,2.2741,0.8899,2.5448,1.075,2.7636,1.232,2.1202,0.9991,2.4063,1.2479,2.6328,1.4569,1.8174,1.1227,2.0356,1.3596,2.2235,1.5378,1.4017,1.2615,1.5037,1.464,1.6052,1.6342,0.0,0.0,0.0,0.0,0.0,0.0,0.0,0.0,0.0,0.0,0.0,0.0,0.0,0.0,0.0,0.0,0.0,0.0,0.0,0.0,0.0,0.0,0.0,0.0,0.0,0.0,0.0,0.0,0.0,0.0,0.0,0.0,0.0,0.0,0.0,0.0,0.0,0.0,0.0,0.0,0.0,0.0,0.0,0.0,-0.0537,0.6498,0.0,0.0,0.0,0.0,0.0,0.0,0.0,0.0,0.0,0.0,0.0,0.0,0.0,0.0,0.0,0.0,0.0,0.0,0.0,0.0,0.0,0.0,0.0175,0.6927,-0.0201,1.3046,0.161,0.5549,0.0667,1.0045,0.027,1.4378,0.0,0.0,0.0,0.0,0.0,0.0,0.0,0.0,0.0,0.0,0.0,0.0,0.0,0.0,0.0,0.0,0.0,0.0,0.0,0.0,0.0,0.0,-0.0293,0.484,-0.0957,1.0101,0.0,0.0,0.0,0.0,0.0,0.0,0.0,0.0,0.0,0.0,0.0,0.0,0.0,0.0,0.0,0.0,0.0,0.0,0.0,0.0,0.0,0.0,0.0,0.0,True,True,False,False,False,False,right,False,False,False,True,False,True,
video 06.mp4,7008ee79247df857,37666,34500,34833,414,418,0.9446,0.6123,1.7439,0.5965,2.0284,0.65,2.2891,0.6812,2.2712,0.8711,2.5458,1.0503,2.7669,1.2054,2.1218,0.9978,2.4123,1.2519,2.6406,1.4675,1.8177,1.1235,2.0363,1.3556,2.2246,1.5346,1.3977,1.263,1.5012,1.4631,1.6051,1.6332,0.9445,0.6098,1.7444,0.6149,2.026,0.6902,2.2812,0.765,2.2741,0.8899,2.5448,1.075,2.7636,1.232,2.1202,0.9991,2.4063,1.2479,2.6328,1.4569,1.8174,1.1227,2.0356,1.3596,2.2235,1.5378,1.4017,1.2615,1.5037,1.464,1.6052,1.6342,0.9436,0.6085,1.7425,0.6222,2.0216,0.7024,2.2734,0.7878,2.2728,0.8949,2.5408,1.0836,2.7589,1.2438,2.1191,0.9983,2.4052,1.2452,2.6342,1.4511,1.8177,1.1185,2.0337,1.3563,2.2202,1.534,1.4023,1.2567,1.5026,1.461,1.6026,1.6322,0.9409,0.6064,1.7377,0.5959,2.0256,0.6604,2.2792,0.7103,2.2696,0.893,2.5393,1.0799,2.7548,1.2328,2.1149,0.9974,2.4011,1.241,2.6252,1.4412,1.8141,1.1238,2.0336,1.358,2.223,1.5356,1.3986,1.281,1.4997,1.4818,1.6006,1.6486,0.9374,0.6065,1.733,0.5563,2.0285,0.5765,2.2873,0.5618,2.264,0.8898,2.532,1.0748,2.7377,1.2287,2.1225,1.0053,2.413,1.2476,2.6335,1.4485,1.8341,1.1266,2.068,1.3526,2.2688,1.5261,1.4173,1.3051,1.5357,1.5009,1.6572,1.6637,0.0,0.0,0.0,0.0,-0.0293,0.484,-0.0957,1.0101,0.0,0.0,0.0,0.0,0.0,0.0,0.0,0.0,0.0,0.0,0.0,0.0,0.0,0.0,0.0,0.0,0.0,0.0,0.0,0.0,0.0,0.0,0.0,0.0,0.0,0.0,0.0,0.0,0.0,0.0,0.0,0.0,0.0,0.0,0.0,0.0,0.0,0.0,0.0,0.0,0.0,0.0,0.0,0.0,0.0,0.0,0.0,0.0,0.0,0.0,0.0,0.0,0.0,0.0,0.0,0.0,0.0,0.0,0.0,0.0,0.0482,-0.5003,0.0697,-0.9228,0.0,0.0,0.0,0.0,0.0,0.0,0.0,0.0,0.0,0.0,0.0,0.0,0.0,0.0,0.0,0.0,0.0,0.0,0.0,0.0,0.0,0.0,0.0,0.0,0.0,0.0,-0.0569,-0.4781,0.0346,-1.0103,0.0975,-1.7898,0.0,0.0,0.0,0.0,0.0,0.0,0.0,0.0,0.0,0.0,0.0,0.0,0.0,0.0,0.4146,-0.0653,0.5518,-0.1144,0.0,0.0,0.4343,0.2299,0.682,0.1824,False,False,False,False,False,False,right,False,False,False,True,False,True,
video 06.mp4,7008ee79247df857,37666,34750,35083,417,421,0.9409,0.6064,1.7377,0.5959,2.0256,0.6604,2.2792,0.7103,2.2696,0.893,2.5393,1.0799,2.7548,1.2328,2.1149,0.9974,2.4011,1.241,2.6252,1.4412,1.8141,1.1238,2.0336,1.358,2.223,1.5356,1.3986,1.281,1.4997,1.4818,1.6006,1.6486,0.9374,0.6065,1.733,0.5563,2.0285,0.5765,2.2873,0.5618,2.264,0.8898,2.532,1.0748,2.7377,1.2287,2.1225,1.0053,2.413,1.2476,2.6335,1.4485,1.8341,1.1266,2.068,1.3526,2.2688,1.5261,1.4173,1.3051,1.5357,1.5009,1.6572,1.6637,0.9376,0.6155,1.7198,0.5673,2.012,0.6106,2.2611,0.6258,2.2694,0.8944,2.5358,1.0825,2.7432,1.2341,2.1294,1.0031,2.4182,1.2501,2.638,1.4505,1.8446,1.1199,2.0803,1.3499,2.2798,1.5224,1.4292,1.3134,1.5495,1.5115,1.6669,1.6714,0.9401,0.6101,1.723,0.5753,2.0083,0.6355,2.2568,0.6772,2.2709,0.895,2.5353,1.0804,2.7424,1.2321,2.1264,0.9994,2.4143,1.2425,2.6358,1.4398,1.8375,1.1141,2.0742,1.3436,2.2749,1.5129,1.4319,1.3063,1.5533,1.5056,1.6719,1.6626,0.9386,0.6103,1.7201,0.5847,2.0016,0.6562,2.2489,0.7154,2.2712,0.8937,2.5343,1.0811,2.7399,1.2356,2.1245,0.9956,2.4112,1.2412,2.6309,1.4403,1.8318,1.1106,2.0683,1.3426,2.2683,1.5114,1.4256,1.3027,1.5468,1.5021,1.6662,1.6567,0.0,0.0,-0.0569,-0.4781,0.0346,-1.0103,0.0975,-1.7898,0.0,0.0,0.0,0.0,0.0,0.0,0.0,0.0,0.0,0.0,0.0,0.0,0.0,0.0,0.4146,-0.0653,0.5518,-0.1144,0.0,0.0,0.4343,0.2299,0.682,0.1824,0.0,0.0,0.0,0.0,-0.1988,0.411,-0.3165,0.7722,0.0,0.0,0.0,0.0,0.0,0.0,0.0,0.0,0.0,0.0,0.0,0.0,0.0,0.0,0.0,0.0,0.0,0.0,0.0,0.0,0.0,0.0,0.0,0.0,0.0,0.0,0.0,0.0,0.0,0.0,-0.0515,0.6119,0.0,0.0,0.0,0.0,0.0,0.0,0.0,0.0,0.0,0.0,0.0,0.0,0.0,0.0,0.0,0.0,0.0,0.0,0.0,0.0,0.0,0.0,0.0,0.0,0.0,0.0,0.0,0.0,0.0,0.0,-0.0951,0.4598,0.0,0.0,0.0,0.0,0.0,0.0,0.0,0.0,0.0,0.0,0.0,0.0,0.0,0.0,0.0,0.0,0.0,0.0,0.0,0.0,0.0,0.0,0.0,0.0,True,False,False,False,False,False,right,False,False,False,True,False,True,
video 06.mp4,7008ee79247df857,37666,35000,35333,420,424,0.9401,0.6101,1.723,0.5753,2.0083,0.6355,2.2568,0.6772,2.2709,0.895,2.5353,1.0804,2.7424,1.2321,2.1264,0.9994,2.4143,1.2425,2.6358,1.4398,1.8375,1.1141,2.0742,1.3436,2.2749,1.5129,1.4319,1.3063,1.5533,1.5056,1.6719,1.6626,0.9386,0.6103,1.7201,0.5847,2.0016,0.6562,2.2489,0.7154,2.2712,0.8937,2.5343,1.0811,2.7399,1.2356,2.1245,0.9956,2.4112,1.2412,2.6309,1.4403,1.8318,1.1106,2.0683,1.3426,2.2683,1.5114,1.4256,1.3027,1.5468,1.5021,1.6662,1.6567,0.9341,0.6088,1.7109,0.59,1.9858,0.6662,2.2277,0.7303,2.2679,0.8921,2.5287,1.0789,2.7326,1.2329,2.1173,0.9933,2.4024,1.2388,2.62,1.4381,1.8236,1.111,2.0614,1.3428,2.2602,1.509,1.4268,1.3074,1.5544,1.5121,1.6789,1.6688,0.9205,0.6068,1.6993,0.5864,1.9804,0.6651,2.2246,0.7289,2.2543,0.8803,2.5164,1.0704,2.7199,1.2262,2.105,0.9879,2.3929,1.2328,2.6112,1.4317,1.818,1.1122,2.062,1.3395,2.2638,1.5037,1.4331,1.3143,1.5687,1.52,1.6986,1.6843,0.9177,0.6065,1.6995,0.5913,1.9769,0.6681,2.2211,0.7304,2.2483,0.8747,2.5113,1.0645,2.7146,1.2234,2.0983,0.9854,2.3862,1.2294,2.6067,1.4291,1.8146,1.1088,2.059,1.3348,2.2613,1.5014,1.4322,1.3069,1.5727,1.5138,1.7066,1.6823,0.0,0.0,0.0,0.0,0.0,0.0,-0.0951,0.4598,0.0,0.0,0.0,0.0,0.0,0.0,0.0,0.0,0.0,0.0,0.0,0.0,0.0,0.0,0.0,0.0,0.0,0.0,0.0,0.0,0.0,0.0,0.0,0.0,0.0,0.0,0.0,0.0,0.0,0.0,0.0,0.0,0.0,0.0,0.0,0.0,0.0,0.0,0.0,0.0,0.0,0.0,0.0,0.0,0.0,0.0,0.0,0.0,0.0,0.0,0.0,0.0,0.0,0.0,0.0,0.0,0.0,0.0,0.0,0.0,0.0,0.0,0.0,0.0,0.0,0.0,0.0,0.0,0.0,0.0,0.0,0.0,0.0,0.0,0.0,0.0,0.0,0.0,0.0,0.0,0.0,0.0,0.0,0.0,0.0,0.0,0.0,0.0,0.0,0.0,0.0,0.0,0.0,0.0,0.0,0.0,0.0,0.0,0.0,0.0,0.0,0.0,0.0,0.0,0.0,0.0,0.0,0.0,0.0,0.0,0.0,0.0,0.0,0.0,0.0,0.0,0.0,0.0,0.0,0.0,False,False,False,False,False,False,right,False,False,False,True,False,True,
video 06.mp4,7008ee79247df857,37666,35250,35583,423,427,0.9205,0.6068,1.6993,0.5864,1.9804,0.6651,2.2246,0.7289,2.2543,0.8803,2.5164,1.0704,2.7199,1.2262,2.105,0.9879,2.3929,1.2328,2.6112,1.4317,1.818,1.1122,2.062,1.3395,2.2638,1.5037,1.4331,1.3143,1.5687,1.52,1.6986,1.6843,0.9177,0.6065,1.6995,0.5913,1.9769,0.6681,2.2211,0.7304,2.2483,0.8747,2.5113,1.0645,2.7146,1.2234,2.0983,0.9854,2.3862,1.2294,2.6067,1.4291,1.8146,1.1088,2.059,1.3348,2.2613,1.5014,1.4322,1.3069,1.5727,1.5138,1.7066,1.6823,0.9158,0.6004,1.6973,0.5851,1.9755,0.6584,2.2206,0.717,2.2408,0.8694,2.5018,1.0599,2.704,1.218,2.0926,0.9823,2.3793,1.2274,2.599,1.4279,1.8105,1.1069,2.0534,1.3302,2.2557,1.4962,1.4255,1.3008,1.5688,1.5071,1.7037,1.677,0.9095,0.5998,1.6922,0.5763,1.979,0.6474,2.2256,0.6997,2.231,0.8592,2.4926,1.0525,2.6938,1.2129,2.0873,0.9756,2.3737,1.2194,2.5918,1.4206,1.8083,1.1052,2.0499,1.324,2.25,1.4906,1.4292,1.3064,1.5738,1.5091,1.7083,1.68,0.9149,0.6033,1.7003,0.5784,1.9845,0.6434,2.2312,0.6834,2.2331,0.8617,2.4946,1.0534,2.694,1.2147,2.0879,0.9738,2.3764,1.2206,2.5958,1.4239,1.8081,1.0931,2.0454,1.3156,2.2438,1.4829,1.3995,1.2765,1.5273,1.4727,1.6522,1.6364,0.0,0.0,0.0,0.0,0.0,0.0,0.0,0.0,0.0,0.0,0.0,0.0,0.0,0.0,0.0,0.0,0.0,0.0,0.0,0.0,0.0,0.0,0.0,0.0,0.0,0.0,0.0,0.0,0.0,0.0,0.0,0.0,0.0,0.0,0.0,0.0,0.0,0.0,0.0,0.0,0.0,0.0,0.0,0.0,0.0,0.0,0.0,0.0,0.0,0.0,0.0,0.0,0.0,0.0,0.0,0.0,0.0,0.0,0.0,0.0,0.0,0.0,0.0,0.0,0.0,0.0,0.0,0.0,0.0,0.0,0.0,0.0,0.0,0.0,0.0,0.0,0.0,0.0,0.0,0.0,0.0,0.0,0.0,0.0,0.0,0.0,0.0,0.0,0.0,0.0,0.0,0.0,0.0,0.0,0.0,0.0,0.0,0.0,0.0,0.0,0.0,0.0,0.0,0.0,0.0,0.0,0.0,0.0,0.0,0.0,0.0,0.0,0.0,0.0,0.0,0.0,0.0,0.0,0.0,0.0,0.0,0.0,-0.3588,-0.3606,-0.5596,-0.4379,-0.6756,-0.5255,False,False,False,False,False,False,right,False,False,False,True,False,True,
video 06.mp4,7008ee79247df857,37666,35500,35833,426,430,0.9095,0.5998,1.6922,0.5763,1.979,0.6474,2.2256,0.6997,2.231,0.8592,2.4926,1.0525,2.6938,1.2129,2.0873,0.9756,2.3737,1.2194,2.5918,1.4206,1.8083,1.1052,2.0499,1.324,2.25,1.4906,1.4292,1.3064,1.5738,1.5091,1.7083,1.68,0.9149,0.6033,1.7003,0.5784,1.9845,0.6434,2.2312,0.6834,2.2331,0.8617,2.4946,1.0534,2.694,1.2147,2.0879,0.9738,2.3764,1.2206,2.5958,1.4239,1.8081,1.0931,2.0454,1.3156,2.2438,1.4829,1.3995,1.2765,1.5273,1.4727,1.6522,1.6364,0.9157,0.594,1.7,0.57,1.9843,0.6216,2.2348,0.6431,2.2327,0.8608,2.4978,1.0504,2.7012,1.2108,2.0843,0.9676,2.3656,1.2159,2.5826,1.4227,1.8037,1.0883,2.0276,1.3154,2.2214,1.4884,1.3649,1.2468,1.4736,1.4369,1.5824,1.5978,0.9194,0.6022,1.7087,0.5684,1.9911,0.6179,2.2494,0.6347,2.2396,0.825,2.5164,0.9698,2.7385,1.0843,2.0861,0.9746,2.3692,1.2279,2.5911,1.4412,1.8026,1.0932,2.024,1.3163,2.2168,1.4879,1.3581,1.2349,1.4625,1.4216,1.5699,1.5845,0.9205,0.608,1.7085,0.6056,1.9864,0.6963,2.2309,0.7771,2.2452,0.7865,2.5319,0.9053,2.7661,0.9967,2.0907,0.9802,2.3736,1.2393,2.5977,1.4547,1.8107,1.0982,2.029,1.3211,2.2161,1.492,1.3662,1.2397,1.4709,1.4254,1.5752,1.5881,0.0,0.0,0.0,0.0,0.0,0.0,0.0,0.0,0.0,0.0,0.0,0.0,0.0,0.0,0.0,0.0,0.0,0.0,0.0,0.0,0.0,0.0,0.0,0.0,0.0,0.0,-0.3588,-0.3606,-0.5596,-0.4379,-0.6756,-0.5255,0.0,0.0,0.0,0.0,0.0,0.0,0.0431,-0.4854,0.0,0.0,0.0,0.0,0.0,0.0,0.0,0.0,0.0,0.0,0.0,0.0,0.0,0.0,0.0,0.0,0.0,0.0,-0.4169,-0.3575,-0.6478,-0.432,-0.8409,-0.4647,0.0,0.0,0.0,0.0,0.0,0.0,0.0,0.0,0.0818,-0.4265,0.2207,-0.9596,0.4442,-1.5051,0.0,0.0,0.0,0.0,0.0,0.0,0.0,0.0,0.0,0.0,0.0,0.0,0.0,0.0,0.0,0.0,0.0,0.0,0.0,0.0,-0.0029,0.4478,-0.0566,0.9438,-0.2224,1.7152,0.0667,-0.4636,0.1868,-0.7763,0.3316,-1.0558,0.0,0.0,0.0,0.0,0.0,0.0,0.0,0.0,0.0,0.0,0.0,0.0,0.0,0.0,0.0,0.0,0.0,0.0,False,False,False,False,False,False,right,False,False,False,True,True,True,
video 06.mp4,7008ee79247df857,37666,35750,36083,429,433,0.9194,0.6022,1.7087,0.5684,1.9911,0.6179,2.2494,0.6347,2.2396,0.825,2.5164,0.9698,2.7385,1.0843,2.0861,0.9746,2.3692,1.2279,2.5911,1.4412,1.8026,1.0932,2.024,1.3163,2.2168,1.4879,1.3581,1.2349,1.4625,1.4216,1.5699,1.5845,0.9205,0.608,1.7085,0.6056,1.9864,0.6963,2.2309,0.7771,2.2452,0.7865,2.5319,0.9053,2.7661,0.9967,2.0907,0.9802,2.3736,1.2393,2.5977,1.4547,1.8107,1.0982,2.029,1.3211,2.2161,1.492,1.3662,1.2397,1.4709,1.4254,1.5752,1.5881,0.9221,0.6118,1.7055,0.606,1.9834,0.6863,2.2317,0.7419,2.254,0.7856,2.5419,0.9022,2.7786,0.9938,2.0975,0.9887,2.3811,1.2506,2.6059,1.4672,1.8176,1.1044,2.0335,1.3275,2.2204,1.5005,1.3704,1.2392,1.4739,1.4229,1.5768,1.5843,0.9289,0.6076,1.7042,0.5924,1.9779,0.6596,2.2257,0.7049,2.2569,0.8423,2.5335,1.0073,2.7576,1.1524,2.0961,0.9892,2.3725,1.2456,2.5922,1.4608,1.8072,1.0938,2.0261,1.3156,2.2174,1.4898,1.3735,1.2457,1.4742,1.4324,1.5781,1.595,0.9255,0.6033,1.7037,0.583,1.9782,0.6459,2.2209,0.7045,2.2513,0.857,2.5163,1.0379,2.7209,1.2054,2.0909,0.9741,2.3646,1.2056,2.5802,1.411,1.7883,1.0679,2.0162,1.2545,2.2149,1.4104,1.3962,1.2768,1.5074,1.4744,1.6229,1.6464,0.0,0.0,-0.0029,0.4478,-0.0566,0.9438,-0.2224,1.7152,0.0667,-0.4636,0.1868,-0.7763,0.3316,-1.0558,0.0,0.0,0.0,0.0,0.0,0.0,0.0,0.0,0.0,0.0,0.0,0.0,0.0,0.0,0.0,0.0,0.0,0.0,0.0,0.0,0.0,0.0,0.0,0.0,0.01,-0.4238,0.0,0.0,0.0,0.0,0.0,0.0,0.0,0.0,0.0,0.0,0.0,0.0,0.0,0.0,0.0,0.0,0.0,0.0,0.0,0.0,0.0,0.0,0.0,0.0,0.0,0.0,0.0,0.0,0.0,0.0,-0.0717,-0.44,0.0351,0.6746,-0.0997,1.2512,-0.2496,1.8893,0.0,0.0,0.0,0.0,0.0,0.0,0.0,0.0,0.0,0.0,0.0,0.0,0.0,0.0,0.0,0.0,0.0,0.0,0.0,0.0,0.0,0.0,0.0,0.0,0.0,0.0,0.0,0.0,-0.2074,0.3689,-0.4426,0.6383,0.0,0.0,-0.0956,-0.4811,-0.1438,-0.6005,0.0,0.0,-0.1187,-0.7357,-0.0298,-0.957,0.2734,0.374,0.3994,0.5058,0.5389,0.6197,True,True,False,False,False,False,right,False,False,False,True,False,True,
video 06.mp4,7008ee79247df857,37666,36000,36333,432,436,0.9289,0.6076,1.7042,0.5924,1.9779,0.6596,2.2257,0.7049,2.2569,0.8423,2.5335,1.0073,2.7576,1.1524,2.0961,0.9892,2.3725,1.2456,2.5922,1.4608,1.8072,1.0938,2.0261,1.3156,2.2174,1.4898,1.3735,1.2457,1.4742,1.4324,1.5781,1.595,0.9255,0.6033,1.7037,0.583,1.9782,0.6459,2.2209,0.7045,2.2513,0.857,2.5163,1.0379,2.7209,1.2054,2.0909,0.9741,2.3646,1.2056,2.5802,1.411,1.7883,1.0679,2.0162,1.2545,2.2149,1.4104,1.3962,1.2768,1.5074,1.4744,1.6229,1.6464,0.919,0.595,1.7015,0.5849,1.9793,0.6442,2.2185,0.6986,2.2402,0.8527,2.4954,1.0405,2.6904,1.2193,2.0932,0.9234,2.369,1.1257,2.5874,1.3164,1.7865,1.0212,2.0151,1.1894,2.213,1.3386,1.4206,1.2795,1.53,1.4736,1.6483,1.6441,0.9212,0.5928,1.6973,0.5796,1.9788,0.6415,2.2213,0.6886,2.2385,0.8622,2.4987,1.0434,2.6971,1.205,2.0903,0.9593,2.3586,1.1871,2.562,1.3955,1.7957,1.0466,2.0244,1.224,2.2164,1.379,1.4355,1.296,1.5587,1.4867,1.6824,1.6598,0.9189,0.5979,1.6998,0.5789,1.9849,0.6476,2.2267,0.6937,2.2309,0.8612,2.493,1.0392,2.6943,1.1954,2.0817,0.9756,2.3467,1.2161,2.546,1.4305,1.8014,1.0652,2.0377,1.2503,2.2298,1.4127,1.4505,1.3055,1.5854,1.4969,1.7179,1.6721,0.0,0.0,0.0,0.0,0.0,0.0,0.0,0.0,0.0,0.0,-0.2074,0.3689,-0.4426,0.6383,0.0,0.0,-0.0956,-0.4811,-0.1438,-0.6005,0.0,0.0,-0.1187,-0.7357,-0.0298,-0.957,0.2734,0.374,0.3994,0.5058,0.5389,0.6197,0.0,0.0,0.0,0.0,0.0,0.0,0.0,0.0,0.0,0.0,0.0,0.0,-0.3672,0.1666,0.0274,-0.6106,0.0533,-0.9627,0.0866,-1.1393,-0.0216,-0.5624,-0.0139,-0.7847,-0.0232,-0.8642,0.0,0.0,0.0,0.0,0.0,0.0,0.0,0.0,0.0,0.0,0.0,0.0,0.0,0.0,0.0,0.0,0.0,0.0,0.0,0.0,-0.0348,0.4274,-0.1233,0.7301,-0.3031,0.9411,0.0,0.0,0.1113,0.4118,0.041,0.4811,0.0,0.0,0.0,0.0,0.4054,0.187,0.0,0.0,0.0,0.0,0.0,0.0,0.0,0.0,0.0,0.0,0.0,0.0,0.0,0.0,0.0,0.0,0.0,0.0,-0.1925,0.422,0.0,0.0,0.0,0.0,0.1616,0.4057,0.0,0.0,0.0,0.0,0.4277,0.1484,False,False,True,False,False,False,right,False,False,False,True,False,True,
video 06.mp4,7008ee79247df857,37666,36250,36583,435,439,0.9212,0.5928,1.6973,0.5796,1.9788,0.6415,2.2213,0.6886,2.2385,0.8622,2.4987,1.0434,2.6971,1.205,2.0903,0.9593,2.3586,1.1871,2.562,1.3955,1.7957,1.0466,2.0244,1.224,2.2164,1.379,1.4355,1.296,1.5587,1.4867,1.6824,1.6598,0.9189,0.5979,1.6998,0.5789,1.9849,0.6476,2.2267,0.6937,2.2309,0.8612,2.493,1.0392,2.6943,1.1954,2.0817,0.9756,2.3467,1.2161,2.546,1.4305,1.8014,1.0652,2.0377,1.2503,2.2298,1.4127,1.4505,1.3055,1.5854,1.4969,1.7179,1.6721,0.9186,0.6004,1.6954,0.5816,1.9821,0.6526,2.2216,0.6978,2.2345,0.8567,2.4988,1.0411,2.7013,1.1969,2.0801,0.974,2.3451,1.2271,2.5397,1.4439,1.8104,1.0827,2.0433,1.2936,2.23,1.4654,1.4456,1.3103,1.5824,1.5076,1.7116,1.6846,0.9186,0.5953,1.701,0.5908,1.9811,0.6592,2.2246,0.705,2.2354,0.861,2.5033,1.0451,2.7087,1.2026,2.0734,0.9689,2.3412,1.2305,2.5397,1.4563,1.8004,1.0741,2.0281,1.2981,2.2143,1.4767,1.3752,1.267,1.4793,1.4679,1.5828,1.639,0.9152,0.5855,1.6996,0.5798,1.9779,0.6396,2.2259,0.6895,2.2338,0.8597,2.5025,1.0437,2.7095,1.2005,2.0727,0.966,2.3376,1.2294,2.538,1.4554,1.7927,1.0701,2.0143,1.2973,2.2022,1.4786,1.3358,1.2509,1.4223,1.4466,1.5168,1.615,0.0,0.0,0.0,0.0,0.0,0.0,0.0,0.0,0.0,0.0,0.0,0.0,0.0,0.0,0.0,0.0,0.0,0.0,-0.1925,0.422,0.0,0.0,0.0,0.0,0.1616,0.4057,0.0,0.0,0.0,0.0,0.4277,0.1484,0.0,0.0,0.0,0.0,0.0,0.0,0.0,0.0,0.0,0.0,0.0,0.0,0.0,0.0,0.0,0.0,0.0,0.0,0.0,0.0,0.0,0.0,0.0674,0.522,0.0018,0.6351,0.0,0.0,0.0,0.0,0.0,0.0,0.0,0.0,0.0,0.0,0.0,0.0,0.0,0.0,0.0,0.0,0.0,0.0,0.0,0.0,0.0,0.0,0.0,0.0,0.0,0.0,0.0,0.0,0.0,0.0,0.0,0.0,-0.8384,-0.5159,-1.2271,-0.4734,-1.5332,-0.5428,0.0,0.0,0.0,0.0,0.0,0.0,0.0,0.0,0.0,0.0,0.0,0.0,0.0,0.0,0.0,0.0,0.0,0.0,0.0,0.0,0.0,0.0,0.0,0.0,0.0,0.0,-0.475,-0.1939,-0.6864,-0.2567,-0.7942,-0.2888,False,False,False,True,True,False,right,False,False,False,True,False,True,
video 06.mp4,7008ee79247df857,37666,36500,36833,438,442,0.9186,0.5953,1.701,0.5908,1.9811,0.6592,2.2246,0.705,2.2354,0.861,2.5033,1.0451,2.7087,1.2026,2.0734,0.9689,2.3412,1.2305,2.5397,1.4563,1.8004,1.0741,2.0281,1.2981,2.2143,1.4767,1.3752,1.267,1.4793,1.4679,1.5828,1.639,0.9152,0.5855,1.6996,0.5798,1.9779,0.6396,2.2259,0.6895,2.2338,0.8597,2.5025,1.0437,2.7095,1.2005,2.0727,0.966,2.3376,1.2294,2.538,1.4554,1.7927,1.0701,2.0143,1.2973,2.2022,1.4786,1.3358,1.2509,1.4223,1.4466,1.5168,1.615,0.9203,0.5923,1.7064,0.582,1.978,0.6393,2.2221,0.6874,2.2367,0.8573,2.5093,1.0369,2.7233,1.1872,2.0733,0.9675,2.3375,1.2364,2.5417,1.4669,1.7884,1.0685,2.0075,1.2932,2.1967,1.4716,1.3228,1.2499,1.4081,1.4442,1.5048,1.6154,0.9221,0.5932,1.7103,0.5813,1.9854,0.6358,2.2347,0.6737,2.2398,0.8281,2.5168,0.976,2.7374,1.0934,2.0766,0.972,2.3398,1.2438,2.5435,1.4762,1.7955,1.0719,2.0072,1.297,2.1882,1.4766,1.3286,1.2467,1.4096,1.4392,1.5004,1.6081,0.9259,0.6005,1.7148,0.5883,1.9915,0.6443,2.2446,0.6817,2.2481,0.8134,2.529,0.9523,2.7554,1.0651,2.0801,0.976,2.3427,1.2508,2.5497,1.4851,1.8015,1.0749,2.0098,1.2969,2.1917,1.4755,1.3309,1.2465,1.4119,1.4366,1.5039,1.6059,0.0,0.0,0.0,0.0,0.0,0.0,0.0,0.0,0.0,0.0,0.0,0.0,0.0,0.0,0.0,0.0,0.0,0.0,0.0,0.0,0.0,0.0,0.0,0.0,0.0,0.0,-0.475,-0.1939,-0.6864,-0.2567,-0.7942,-0.2888,0.0,0.0,0.0,0.0,0.0,0.0,0.0,0.0,0.0,0.0,0.0,0.0,0.0,0.0,0.0,0.0,0.0,0.0,0.0,0.0,0.0,0.0,0.0,0.0,0.0,0.0,0.0,0.0,0.0,0.0,0.0,0.0,0.0,0.0,0.0,0.0,0.0,0.0,0.0,0.0,0.0,0.0,0.09,-0.7253,0.168,-1.1168,0.0,0.0,0.0,0.0,0.0,0.0,0.0,0.0,0.0,0.0,0.0,0.0,0.0,0.0,0.0,0.0,0.0,0.0,0.0,0.0,0.0,0.0,0.0,0.0,0.0,0.0,0.0,0.0,0.0,0.0,0.2158,-0.3404,0.0,0.0,0.0,0.0,0.0,0.0,0.0,0.0,0.0,0.0,0.0,0.0,0.0,0.0,0.0,0.0,0.0,0.0,False,False,False,False,False,False,right,False,False,False,True,False,True,
video 06.mp4,7008ee79247df857,37666,36750,37083,441,445,0.9221,0.5932,1.7103,0.5813,1.9854,0.6358,2.2347,0.6737,2.2398,0.8281,2.5168,0.976,2.7374,1.0934,2.0766,0.972,2.3398,1.2438,2.5435,1.4762,1.7955,1.0719,2.0072,1.297,2.1882,1.4766,1.3286,1.2467,1.4096,1.4392,1.5004,1.6081,0.9259,0.6005,1.7148,0.5883,1.9915,0.6443,2.2446,0.6817,2.2481,0.8134,2.529,0.9523,2.7554,1.0651,2.0801,0.976,2.3427,1.2508,2.5497,1.4851,1.8015,1.0749,2.0098,1.2969,2.1917,1.4755,1.3309,1.2465,1.4119,1.4366,1.5039,1.6059,0.928,0.6032,1.718,0.6012,1.9973,0.6752,2.2457,0.7309,2.2496,0.7912,2.5322,0.9125,2.7611,1.0091,2.0797,0.9779,2.3401,1.2521,2.5442,1.4837,1.806,1.0748,2.0154,1.2962,2.1972,1.4747,1.3372,1.2493,1.4184,1.4387,1.5095,1.609,0.9338,0.6089,1.7276,0.6528,1.9998,0.7889,2.2265,0.9274,2.2532,0.7659,2.5419,0.8614,2.7776,0.9295,2.0779,0.9759,2.3368,1.2505,2.5408,1.4788,1.8062,1.0734,2.0193,1.2978,2.2016,1.4756,1.3424,1.253,1.4242,1.4422,1.5155,1.612,0.94,0.6033,1.728,0.6252,2.0008,0.724,2.2363,0.8283,2.256,0.8249,2.543,0.9848,2.7739,1.1276,2.0877,0.9775,2.3499,1.2565,2.5523,1.493,1.8089,1.0749,2.024,1.3089,2.2083,1.4923,1.338,1.2549,1.4193,1.4467,1.5092,1.613,0.0,0.0,0.0,0.0,0.0,0.0,0.0,0.0,0.0,0.0,0.0,0.0,0.2158,-0.3404,0.0,0.0,0.0,0.0,0.0,0.0,0.0,0.0,0.0,0.0,0.0,0.0,0.0,0.0,0.0,0.0,0.0,0.0,0.0,0.0,0.0,0.0,0.0,0.0,0.0138,0.5931,0.0,0.0,0.0392,-0.4794,0.0696,-0.6748,0.0,0.0,0.0,0.0,0.0,0.0,0.0,0.0,0.0,0.0,0.0,0.0,0.0,0.0,0.0,0.0,0.0,0.0,0.0,0.0,0.1144,0.6151,0.0305,1.354,-0.2292,2.3389,0.0,0.0,0.1157,-0.6094,0.1958,-0.9476,0.0,0.0,0.0,0.0,0.0,0.0,0.0,0.0,0.0,0.0,0.0,0.0,0.0,0.0,0.0,0.0,0.0,0.0,0.0,0.0,0.0,0.0,0.0112,-0.782,0.1182,-1.1936,0.0347,0.7113,0.0128,1.4869,-0.0444,2.3865,0.0,0.0,0.0,0.0,0.0,0.0,0.0,0.0,0.0,0.0,0.0,0.0,0.0,0.0,0.0,0.0,0.0,0.0,False,False,False,False,False,False,right,False,False,False,True,True,True,
video 06.mp4,7008ee79247df857,37666,37000,37333,444,448,0.9338,0.6089,1.7276,0.6528,1.9998,0.7889,2.2265,0.9274,2.2532,0.7659,2.5419,0.8614,2.7776,0.9295,2.0779,0.9759,2.3368,1.2505,2.5408,1.4788,1.8062,1.0734,2.0193,1.2978,2.2016,1.4756,1.3424,1.253,1.4242,1.4422,1.5155,1.612,0.94,0.6033,1.728,0.6252,2.0008,0.724,2.2363,0.8283,2.256,0.8249,2.543,0.9848,2.7739,1.1276,2.0877,0.9775,2.3499,1.2565,2.5523,1.493,1.8089,1.0749,2.024,1.3089,2.2083,1.4923,1.338,1.2549,1.4193,1.4467,1.5092,1.613,0.9458,0.6068,1.732,0.6159,2.0009,0.6914,2.2454,0.7665,2.2589,0.8682,2.5414,1.0437,2.7675,1.1971,2.0899,0.9803,2.3556,1.2554,2.5649,1.4905,1.8052,1.0781,2.0228,1.3083,2.2113,1.488,1.3347,1.2554,1.4145,1.4484,1.5067,1.6155,0.9473,0.6019,1.7306,0.6037,1.9979,0.6644,2.244,0.7332,2.2626,0.8798,2.5422,1.0602,2.7648,1.2161,2.0945,0.9796,2.3594,1.2505,2.5677,1.4822,1.8048,1.077,2.0219,1.3077,2.2106,1.4872,1.3339,1.2548,1.4127,1.4496,1.5047,1.6173,0.9476,0.6011,1.7324,0.6082,1.9977,0.669,2.2459,0.739,2.2645,0.8859,2.5407,1.0658,2.7582,1.2229,2.0952,0.982,2.3595,1.2499,2.5681,1.4795,1.8026,1.0794,2.0198,1.3081,2.2081,1.486,1.334,1.2537,1.4119,1.4495,1.5043,1.618,0.0,0.0,0.0,0.0,0.0112,-0.782,0.1182,-1.1936,0.0347,0.7113,0.0128,1.4869,-0.0444,2.3865,0.0,0.0,0.0,0.0,0.0,0.0,0.0,0.0,0.0,0.0,0.0,0.0,0.0,0.0,0.0,0.0,0.0,0.0,0.0,0.0,0.0,0.0,0.0,0.0,0.1101,-0.7443,0.035,0.5212,-0.019,0.7102,-0.0767,0.8372,0.0,0.0,0.0,0.0,0.0,0.0,0.0,0.0,0.0,0.0,0.0,0.0,0.0,0.0,0.0,0.0,0.0,0.0,0.0,0.0,0.0,0.0,0.0,0.0,0.0,0.0,0.0,0.0,0.0,0.0,0.0,0.0,0.0,0.0,0.0,0.0,0.0,0.0,0.0,0.0,0.0,0.0,0.0,0.0,0.0,0.0,0.0,0.0,0.0,0.0,0.0,0.0,0.0,0.0,0.0,0.0,0.0,0.0,0.0,0.0,0.0,0.0,0.0,0.0,0.0,0.0,0.0,0.0,0.0,0.0,0.0,0.0,0.0,0.0,0.0,0.0,0.0,0.0,0.0,0.0,0.0,0.0,False,False,False,False,False,False,right,False,False,False,True,True,True,
video 06.mp4,7008ee79247df857,37666,37250,37583,447,451,0.9473,0.6019,1.7306,0.6037,1.9979,0.6644,2.244,0.7332,2.2626,0.8798,2.5422,1.0602,2.7648,1.2161,2.0945,0.9796,2.3594,1.2505,2.5677,1.4822,1.8048,1.077,2.0219,1.3077,2.2106,1.4872,1.3339,1.2548,1.4127,1.4496,1.5047,1.6173,0.9476,0.6011,1.7324,0.6082,1.9977,0.669,2.2459,0.739,2.2645,0.8859,2.5407,1.0658,2.7582,1.2229,2.0952,0.982,2.3595,1.2499,2.5681,1.4795,1.8026,1.0794,2.0198,1.3081,2.2081,1.486,1.334,1.2537,1.4119,1.4495,1.5043,1.618,0.9472,0.603,1.728,0.606,1.9907,0.6633,2.2374,0.7316,2.265,0.8871,2.5405,1.0654,2.7584,1.2171,2.0949,0.984,2.3591,1.2508,2.5676,1.4787,1.7992,1.0815,2.0154,1.3095,2.2034,1.4861,1.3328,1.2525,1.4114,1.4492,1.5041,1.6189,0.9403,0.6039,1.7245,0.6048,1.9892,0.6659,2.2348,0.738,2.2581,0.8675,2.5369,1.0252,2.7602,1.1574,2.0892,0.9814,2.3509,1.2501,2.5572,1.4815,1.7983,1.0762,2.0113,1.305,2.1956,1.4836,1.3353,1.2486,1.4141,1.4469,1.5061,1.6178,0.9372,0.6163,1.7254,0.6246,1.996,0.7185,2.2362,0.8116,2.2585,0.8024,2.5401,0.9107,2.7685,0.9906,2.0872,0.9839,2.3496,1.2568,2.5569,1.487,1.8083,1.0796,2.0199,1.3068,2.1996,1.4838,1.3473,1.254,1.4256,1.4486,1.5125,1.6178,0.0,0.0,0.0,0.0,0.0,0.0,0.0,0.0,0.0,0.0,0.0,0.0,0.0,0.0,0.0,0.0,0.0,0.0,0.0,0.0,0.0,0.0,0.0,0.0,0.0,0.0,0.0,0.0,0.0,0.0,0.0,0.0,0.0,0.0,0.0,0.0,0.0,0.0,0.0,0.0,0.0,0.0,0.0,0.0,0.0,0.0,0.0,0.0,0.0,0.0,0.0,0.0,0.0,0.0,0.0,0.0,0.0,0.0,0.0,0.0,0.0,0.0,0.0,0.0,0.0,0.0,0.0,0.0,0.0,0.0,0.0,0.0,0.0,0.0,-0.0421,-0.4786,0.0206,-0.7105,0.0,0.0,0.0,0.0,0.0,0.0,0.0,0.0,0.0,0.0,0.0,0.0,0.0,0.0,0.0,0.0,0.0,0.0,0.0,0.0,0.0,0.0,0.0819,0.6338,0.0169,0.8868,0.0049,-0.7847,0.0384,-1.3791,0.0999,-2.0102,0.0,0.0,0.0,0.0,0.0,0.0,0.0,0.0,0.0,0.0,0.0,0.0,0.0,0.0,0.0,0.0,0.0,0.0,False,False,False,False,False,False,right,False,False,False,True,True,True,
