video_file,video_hash,video_width,video_height,video_fps,total_video_frames,video_duration_sec,frame_idx,timestamp_ms,hand,hand_score,wrist_x,wrist_y,wrist_z,wrist_visibility,wrist_presence,thumb_cmc_x,thumb_cmc_y,thumb_cmc_z,thumb_cmc_visibility,thumb_cmc_presence,thumb_mcp_x,thumb_mcp_y,thumb_mcp_z,thumb_mcp_visibility,thumb_mcp_presence,thumb_ip_x,thumb_ip_y,thumb_ip_z,thumb_ip_visibility,thumb_ip_presence,thumb_tip_x,thumb_tip_y,thumb_tip_z,thumb_tip_visibility,thumb_tip_presence,index_mcp_x,index_mcp_y,index_mcp_z,index_mcp_visibility,index_mcp_presence,index_pip_x,index_pip_y,index_pip_z,index_pip_visibility,index_pip_presence,index_dip_x,index_dip_y,index_dip_z,index_dip_visibility,index_dip_presence,index_tip_x,index_tip_y,index_tip_z,index_tip_visibility,index_tip_presence,middle_mcp_x,middle_mcp_y,middle_mcp_z,middle_mcp_visibility,middle_mcp_presence,middle_pip_x,middle_pip_y,middle_pip_z,middle_pip_visibility,middle_pip_presence,middle_dip_x,middle_dip_y,middle_dip_z,middle_dip_visibility,middle_dip_presence,middle_tip_x,middle_tip_y,middle_tip_z,middle_tip_visibility,middle_tip_presence,ring_mcp_x,ring_mcp_y,ring_mcp_z,ring_mcp_visibility,ring_mcp_presence,ring_pip_x,ring_pip_y,ring_pip_z,ring_pip_visibility,ring_pip_presence,ring_dip_x,ring_dip_y,ring_dip_z,ring_dip_visibility,ring_dip_presence,ring_tip_x,ring_tip_y,ring_tip_z,ring_tip_visibility,ring_tip_presence,pinky_mcp_x,pinky_mcp_y,pinky_mcp_z,pinky_mcp_visibility,pinky_mcp_presence,pinky_pip_x,pinky_pip_y,pinky_pip_z,pinky_pip_visibility,pinky_pip_presence,pinky_dip_x,pinky_dip_y,pinky_dip_z,pinky_dip_visibility,pinky_dip_presence,pinky_tip_x,pinky_tip_y,pinky_tip_z,pinky_tip_visibility,pinky_tip_presence
v20.mp4,bb8c03ffbf6eed4dea69a58cb3139244a5213ebe449000dd7838a4efe3c30def,1920,1080,12.1,123,10.167,0,0,Left,0.93632,0.445513,0.054344,1e-06,0.0,0.0,0.339543,0.10559,-0.038206,0.0,0.0,0.246283,0.223284,-0.068209,0.0,0.0,0.179905,0.345301,-0.088634,0.0,0.0,0.130508,0.448132,-0.113327,0.0,0.0,0.288815,0.253711,-0.12544,0.0,0.0,0.2404,0.413571,-0.174469,0.0,0.0,0.218402,0.526623,-0.202604,0.0,0.0,0.197206,0.619764,-0.222928,0.0,0.0,0.346751,0.258317,-0.130553,0.0,0.0,0.319289,0.474829,-0.197092,0.0,0.0,0.295283,0.622781,-0.247143,0.0,0.0,0.273838,0.750212,-0.28327,0.0,0.0,0.408846,0.257593,-0.129403,0.0,0.0,0.434043,0.473419,-0.195607,0.0,0.0,0.451512,0.628973,-0.237155,0.0,0.0,0.46384,0.758926,-0.262124,0.0,0.0,0.47034,0.253337,-0.125285,0.0,0.0,0.518014,0.401338,-0.178101,0.0,0.0,0.550166,0.494561,-0.201246,0.0,0.0,0.574152,0.584209,-0.215072,0.0,0.0
v20.mp4,bb8c03ffbf6eed4dea69a58cb3139244a5213ebe449000dd7838a4efe3c30def,1920,1080,12.1,123,10.167,1,83,Left,0.975738,0.441594,0.048042,0.0,0.0,0.0,0.340097,0.106379,-0.040635,0.0,0.0,0.248875,0.235377,-0.073326,0.0,0.0,0.182652,0.346044,-0.09675,0.0,0.0,0.133921,0.438376,-0.12519,0.0,0.0,0.311914,0.273469,-0.140413,0.0,0.0,0.287205,0.490607,-0.189193,0.0,0.0,0.272547,0.626836,-0.215919,0.0,0.0,0.259777,0.74546,-0.235787,0.0,0.0,0.380524,0.27314,-0.142986,0.0,0.0,0.392141,0.452052,-0.205749,0.0,0.0,0.389542,0.564727,-0.241297,0.0,0.0,0.391269,0.665137,-0.267482,0.0,0.0,0.440529,0.263348,-0.140451,0.0,0.0,0.479636,0.446193,-0.199504,0.0,0.0,0.499149,0.573602,-0.229968,0.0,0.0,0.518605,0.687944,-0.250229,0.0,0.0,0.488265,0.252059,-0.136986,0.0,0.0,0.535604,0.378349,-0.186974,0.0,0.0,0.573699,0.453323,-0.207641,0.0,0.0,0.607548,0.521147,-0.220642,0.0,0.0
v20.mp4,bb8c03ffbf6eed4dea69a58cb3139244a5213ebe449000dd7838a4efe3c30def,1920,1080,12.1,123,10.167,2,166,Left,0.828025,0.433756,0.064357,1e-06,0.0,0.0,0.318394,0.157217,-0.038996,0.0,0.0,0.249981,0.278372,-0.111889,0.0,0.0,0.186657,0.350861,-0.168356,0.0,0.0,0.130142,0.44142,-0.230563,0.0,0.0,0.310307,0.310892,-0.290184,0.0,0.0,0.286879,0.504008,-0.395539,0.0,0.0,0.269171,0.62906,-0.454023,0.0,0.0,0.250719,0.741197,-0.496004,0.0,0.0,0.377582,0.302659,-0.302772,0.0,0.0,0.364006,0.416952,-0.43882,0.0,0.0,0.349635,0.487354,-0.515597,0.0,0.0,0.34065,0.557058,-0.577628,0.0,0.0,0.441947,0.297128,-0.298669,0.0,0.0,0.478615,0.437389,-0.419882,0.0,0.0,0.499327,0.572033,-0.495484,0.0,0.0,0.526337,0.67033,-0.550257,0.0,0.0,0.488101,0.285731,-0.285085,0.0,0.0,0.538547,0.40658,-0.370255,0.0,0.0,0.575231,0.469648,-0.421541,0.0,0.0,0.620678,0.533729,-0.466311,0.0,0.0
v20.mp4,bb8c03ffbf6eed4dea69a58cb3139244a5213ebe449000dd7838a4efe3c30def,1920,1080,12.1,123,10.167,3,250,Left,0.614936,0.430623,0.033311,1e-06,0.0,0.0,0.330238,0.116054,-0.049135,0.0,0.0,0.250669,0.243403,-0.104739,0.0,0.0,0.187413,0.34367,-0.148566,0.0,0.0,0.134428,0.438911,-0.195662,0.0,0.0,0.310272,0.292685,-0.203011,0.0,0.0,0.283839,0.505396,-0.276387,0.0,0.0,0.268821,0.634888,-0.314977,0.0,0.0,0.252667,0.750143,-0.344113,0.0,0.0,0.375255,0.290232,-0.210873,0.0,0.0,0.362594,0.407122,-0.314788,0.0,0.0,0.351033,0.470523,-0.372756,0.0,0.0,0.34673,0.52951,-0.415246,0.0,0.0,0.438151,0.281057,-0.210709,0.0,0.0,0.471466,0.441176,-0.305133,0.0,0.0,0.498596,0.572999,-0.362555,0.0,0.0,0.531663,0.67722,-0.401894,0.0,0.0,0.489118,0.264978,-0.206791,0.0,0.0,0.535661,0.401875,-0.280282,0.0,0.0,0.575169,0.470981,-0.322204,0.0,0.0,0.621106,0.534806,-0.354233,0.0,0.0
v20.mp4,bb8c03ffbf6eed4dea69a58cb3139244a5213ebe449000dd7838a4efe3c30def,1920,1080,12.1,123,10.167,4,333,Left,0.687443,0.430241,0.030616,1e-06,0.0,0.0,0.329583,0.116283,-0.048548,0.0,0.0,0.253117,0.244011,-0.108608,0.0,0.0,0.187217,0.342666,-0.155954,0.0,0.0,0.131893,0.436049,-0.207042,0.0,0.0,0.307235,0.281058,-0.220813,0.0,0.0,0.282878,0.499054,-0.301347,0.0,0.0,0.269108,0.633181,-0.343919,0.0,0.0,0.25511,0.750032,-0.374895,0.0,0.0,0.372487,0.27683,-0.228935,0.0,0.0,0.362264,0.401744,-0.337086,0.0,0.0,0.354196,0.466208,-0.394938,0.0,0.0,0.35269,0.522077,-0.437882,0.0,0.0,0.437218,0.270163,-0.228149,0.0,0.0,0.471391,0.440226,-0.327291,0.0,0.0,0.498568,0.579014,-0.387096,0.0,0.0,0.531736,0.683643,-0.428206,0.0,0.0,0.488554,0.258123,-0.222459,0.0,0.0,0.535319,0.403835,-0.297109,0.0,0.0,0.573405,0.474323,-0.338886,0.0,0.0,0.618078,0.534623,-0.371759,0.0,0.0
v20.mp4,bb8c03ffbf6eed4dea69a58cb3139244a5213ebe449000dd7838a4efe3c30def,1920,1080,12.1,123,10.167,5,416,Left,0.875221,0.433161,0.037738,1e-06,0.0,0.0,0.33391,0.116911,-0.041474,0.0,0.0,0.25198,0.243533,-0.085728,0.0,0.0,0.185377,0.350886,-0.119508,0.0,0.0,0.131085,0.442937,-0.156224,0.0,0.0,0.320512,0.282345,-0.167319,0.0,0.0,0.289518,0.490931,-0.227804,0.0,0.0,0.269396,0.625126,-0.259922,0.0,0.0,0.253433,0.743009,-0.283772,0.0,0.0,0.388627,0.279594,-0.172048,0.0,0.0,0.380681,0.427948,-0.250166,0.0,0.0,0.375985,0.492012,-0.288401,0.0,0.0,0.380426,0.544459,-0.315794,0.0,0.0,0.450553,0.274624,-0.170796,0.0,0.0,0.476156,0.446578,-0.239894,0.0,0.0,0.496966,0.576964,-0.276389,0.0,0.0,0.52519,0.685071,-0.301888,0.0,0.0,0.498751,0.26761,-0.167512,0.0,0.0,0.538948,0.403293,-0.222287,0.0,0.0,0.575286,0.473012,-0.249322,0.0,0.0,0.615377,0.534248,-0.2692,0.0,0.0
v20.mp4,bb8c03ffbf6eed4dea69a58cb3139244a5213ebe449000dd7838a4efe3c30def,1920,1080,12.1,123,10.167,6,500,Left,0.949781,0.428633,0.041822,1e-06,0.0,0.0,0.333176,0.123925,-0.040507,0.0,0.0,0.249367,0.244993,-0.078113,0.0,0.0,0.179877,0.359092,-0.106891,0.0,0.0,0.124998,0.457991,-0.139165,0.0,0.0,0.314805,0.287957,-0.143513,0.0,0.0,0.286502,0.484867,-0.199126,0.0,0.0,0.267533,0.622115,-0.230079,0.0,0.0,0.253197,0.743945,-0.251403,0.0,0.0,0.382545,0.285826,-0.14631,0.0,0.0,0.391417,0.495867,-0.205188,0.0,0.0,0.395245,0.656663,-0.24014,0.0,0.0,0.404519,0.793993,-0.269038,0.0,0.0,0.444295,0.273235,-0.144643,0.0,0.0,0.478146,0.463868,-0.195457,0.0,0.0,0.501292,0.601657,-0.223481,0.0,0.0,0.523482,0.716125,-0.244956,0.0,0.0,0.493507,0.254982,-0.143025,0.0,0.0,0.542031,0.390996,-0.1877,0.0,0.0,0.579204,0.47071,-0.209476,0.0,0.0,0.613601,0.541461,-0.22497,0.0,0.0
v20.mp4,bb8c03ffbf6eed4dea69a58cb3139244a5213ebe449000dd7838a4efe3c30def,1920,1080,12.1,123,10.167,7,583,Left,0.934735,0.431001,0.041472,1e-06,0.0,0.0,0.334136,0.121865,-0.039504,0.0,0.0,0.247921,0.242514,-0.075407,0.0,0.0,0.178574,0.358372,-0.102541,0.0,0.0,0.123453,0.457261,-0.133108,0.0,0.0,0.315881,0.285935,-0.140625,0.0,0.0,0.287398,0.480796,-0.195395,0.0,0.0,0.267495,0.617325,-0.226186,0.0,0.0,0.251681,0.738706,-0.247426,0.0,0.0,0.384174,0.284375,-0.143002,0.0,0.0,0.392653,0.495386,-0.200753,0.0,0.0,0.395441,0.657597,-0.235874,0.0,0.0,0.403896,0.796103,-0.265174,0.0,0.0,0.445047,0.273259,-0.140865,0.0,0.0,0.478911,0.464894,-0.19075,0.0,0.0,0.502656,0.6023,-0.218683,0.0,0.0,0.52509,0.715968,-0.240113,0.0,0.0,0.493224,0.256141,-0.138726,0.0,0.0,0.541257,0.393446,-0.182349,0.0,0.0,0.578588,0.472988,-0.203815,0.0,0.0,0.612535,0.544482,-0.219225,0.0,0.0
v20.mp4,bb8c03ffbf6eed4dea69a58cb3139244a5213ebe449000dd7838a4efe3c30def,1920,1080,12.1,123,10.167,8,666,Left,0.940932,0.435059,0.040573,1e-06,0.0,0.0,0.33546,0.124106,-0.034621,0.0,0.0,0.248206,0.24498,-0.066707,0.0,0.0,0.17726,0.360506,-0.091395,0.0,0.0,0.123466,0.459465,-0.119734,0.0,0.0,0.315073,0.287603,-0.128998,0.0,0.0,0.278059,0.462314,-0.180848,0.0,0.0,0.252881,0.583912,-0.210882,0.0,0.0,0.23075,0.697329,-0.232036,0.0,0.0,0.383557,0.291225,-0.133382,0.0,0.0,0.391083,0.497172,-0.18761,0.0,0.0,0.393848,0.655549,-0.222152,0.0,0.0,0.402004,0.792109,-0.251527,0.0,0.0,0.444468,0.281252,-0.13337,0.0,0.0,0.478028,0.471449,-0.181217,0.0,0.0,0.502105,0.604973,-0.208989,0.0,0.0,0.52538,0.71549,-0.23061,0.0,0.0,0.492491,0.260843,-0.132992,0.0,0.0,0.540677,0.395465,-0.174509,0.0,0.0,0.578014,0.471724,-0.195004,0.0,0.0,0.612284,0.540832,-0.21016,0.0,0.0
v20.mp4,bb8c03ffbf6eed4dea69a58cb3139244a5213ebe449000dd7838a4efe3c30def,1920,1080,12.1,123,10.167,9,750,Left,0.946819,0.436515,0.035303,1e-06,0.0,0.0,0.336788,0.123019,-0.032679,0.0,0.0,0.250177,0.245832,-0.063317,0.0,0.0,0.178081,0.358713,-0.086873,0.0,0.0,0.123125,0.455157,-0.113916,0.0,0.0,0.316649,0.282073,-0.125114,0.0,0.0,0.277508,0.439905,-0.17605,0.0,0.0,0.248441,0.548744,-0.205694,0.0,0.0,0.221026,0.65478,-0.226582,0.0,0.0,0.383606,0.289963,-0.130693,0.0,0.0,0.391872,0.494552,-0.1843,0.0,0.0,0.393485,0.654403,-0.219208,0.0,0.0,0.401012,0.790334,-0.248971,0.0,0.0,0.443729,0.282315,-0.131902,0.0,0.0,0.4778,0.473805,-0.180245,0.0,0.0,0.501663,0.605481,-0.208667,0.0,0.0,0.525269,0.713741,-0.23056,0.0,0.0,0.491295,0.262934,-0.132485,0.0,0.0,0.540295,0.397566,-0.173678,0.0,0.0,0.577256,0.471768,-0.193985,0.0,0.0,0.611908,0.538714,-0.209225,0.0,0.0
v20.mp4,bb8c03ffbf6eed4dea69a58cb3139244a5213ebe449000dd7838a4efe3c30def,1920,1080,12.1,123,10.167,10,833,Left,0.956517,0.437627,0.05473,1e-06,0.0,0.0,0.333538,0.131051,-0.035029,0.0,0.0,0.240488,0.252497,-0.065013,0.0,0.0,0.172985,0.361457,-0.087814,0.0,0.0,0.116452,0.445872,-0.113917,0.0,0.0,0.314687,0.275868,-0.118666,0.0,0.0,0.275015,0.377047,-0.169164,0.0,0.0,0.234436,0.42929,-0.200076,0.0,0.0,0.193697,0.478006,-0.22074,0.0,0.0,0.381131,0.288071,-0.123953,0.0,0.0,0.392892,0.491897,-0.174583,0.0,0.0,0.393723,0.650425,-0.210193,0.0,0.0,0.400628,0.782022,-0.240354,0.0,0.0,0.441344,0.283837,-0.125635,0.0,0.0,0.479124,0.472985,-0.175537,0.0,0.0,0.503717,0.604241,-0.206094,0.0,0.0,0.527779,0.713833,-0.228539,0.0,0.0,0.491206,0.267656,-0.126542,0.0,0.0,0.541641,0.398036,-0.167048,0.0,0.0,0.580553,0.468841,-0.185026,0.0,0.0,0.615842,0.532014,-0.198819,0.0,0.0
v20.mp4,bb8c03ffbf6eed4dea69a58cb3139244a5213ebe449000dd7838a4efe3c30def,1920,1080,12.1,123,10.167,11,916,Left,0.93929,0.437155,0.043877,1e-06,0.0,0.0,0.334356,0.121342,-0.034202,0.0,0.0,0.24201,0.249194,-0.064124,0.0,0.0,0.173597,0.359068,-0.087231,0.0,0.0,0.116887,0.445786,-0.11433,0.0,0.0,0.319815,0.263641,-0.120856,0.0,0.0,0.284352,0.371545,-0.171669,0.0,0.0,0.249176,0.440906,-0.202117,0.0,0.0,0.213368,0.512548,-0.223031,0.0,0.0,0.386199,0.28202,-0.12695,0.0,0.0,0.393725,0.483505,-0.178867,0.0,0.0,0.39368,0.643424,-0.213573,0.0,0.0,0.400369,0.780283,-0.243136,0.0,0.0,0.445185,0.282462,-0.129388,0.0,0.0,0.478116,0.47259,-0.180804,0.0,0.0,0.501478,0.600813,-0.210214,0.0,0.0,0.525999,0.709001,-0.231532,0.0,0.0,0.492207,0.267786,-0.130911,0.0,0.0,0.539727,0.403207,-0.172352,0.0,0.0,0.575995,0.474172,-0.190514,0.0,0.0,0.610134,0.53591,-0.204538,0.0,0.0
v20.mp4,bb8c03ffbf6eed4dea69a58cb3139244a5213ebe449000dd7838a4efe3c30def,1920,1080,12.1,123,10.167,12,1000,Left,0.909697,0.431783,0.045144,1e-06,0.0,0.0,0.332776,0.129502,-0.03476,0.0,0.0,0.24595,0.247588,-0.068482,0.0,0.0,0.174763,0.357635,-0.094849,0.0,0.0,0.120164,0.452342,-0.125168,0.0,0.0,0.314061,0.291803,-0.132357,0.0,0.0,0.290589,0.492339,-0.184126,0.0,0.0,0.270497,0.622345,-0.214166,0.0,0.0,0.253197,0.737808,-0.234977,0.0,0.0,0.383439,0.289724,-0.137043,0.0,0.0,0.39345,0.504077,-0.189659,0.0,0.0,0.395173,0.662861,-0.222968,0.0,0.0,0.403156,0.795255,-0.251481,0.0,0.0,0.443923,0.277909,-0.137473,0.0,0.0,0.479069,0.471521,-0.184152,0.0,0.0,0.503256,0.604368,-0.212694,0.0,0.0,0.52644,0.712207,-0.235135,0.0,0.0,0.490413,0.260414,-0.137672,0.0,0.0,0.53918,0.392928,-0.17939,0.0,0.0,0.578855,0.465664,-0.200664,0.0,0.0,0.614625,0.528933,-0.216232,0.0,0.0
v20.mp4,bb8c03ffbf6eed4dea69a58cb3139244a5213ebe449000dd7838a4efe3c30def,1920,1080,12.1,123,10.167,13,1083,Left,0.903158,0.4318,0.046736,1e-06,0.0,0.0,0.334481,0.126515,-0.038822,0.0,0.0,0.248211,0.247589,-0.074222,0.0,0.0,0.176676,0.356666,-0.101245,0.0,0.0,0.120754,0.451666,-0.131839,0.0,0.0,0.31757,0.289715,-0.140388,0.0,0.0,0.291469,0.485216,-0.194773,0.0,0.0,0.271729,0.619489,-0.225871,0.0,0.0,0.255021,0.739864,-0.247627,0.0,0.0,0.385729,0.286366,-0.143472,0.0,0.0,0.39249,0.494072,-0.201626,0.0,0.0,0.394512,0.656796,-0.23867,0.0,0.0,0.403191,0.796839,-0.269767,0.0,0.0,0.445554,0.274798,-0.141776,0.0,0.0,0.478053,0.465298,-0.192985,0.0,0.0,0.503041,0.599557,-0.222983,0.0,0.0,0.528014,0.709454,-0.245554,0.0,0.0,0.492774,0.257654,-0.139795,0.0,0.0,0.539088,0.39465,-0.184058,0.0,0.0,0.576414,0.471926,-0.206196,0.0,0.0,0.611686,0.540555,-0.222196,0.0,0.0
v20.mp4,bb8c03ffbf6eed4dea69a58cb3139244a5213ebe449000dd7838a4efe3c30def,1920,1080,12.1,123,10.167,14,1166,Left,0.895263,0.431089,0.048536,1e-06,0.0,0.0,0.33337,0.128724,-0.04142,0.0,0.0,0.247371,0.245782,-0.078927,0.0,0.0,0.1775,0.355296,-0.107334,0.0,0.0,0.122721,0.452975,-0.139156,0.0,0.0,0.317027,0.291945,-0.145693,0.0,0.0,0.29069,0.484733,-0.202639,0.0,0.0,0.270842,0.619063,-0.235365,0.0,0.0,0.253703,0.739934,-0.257973,0.0,0.0,0.38509,0.287323,-0.147913,0.0,0.0,0.39278,0.496157,-0.20913,0.0,0.0,0.39485,0.658926,-0.248025,0.0,0.0,0.402482,0.798805,-0.280206,0.0,0.0,0.444567,0.275096,-0.145302,0.0,0.0,0.477587,0.464285,-0.199108,0.0,0.0,0.501782,0.600457,-0.230674,0.0,0.0,0.525211,0.712724,-0.254182,0.0,0.0,0.491236,0.25886,-0.142481,0.0,0.0,0.538853,0.39429,-0.188976,0.0,0.0,0.576858,0.470164,-0.212478,0.0,0.0,0.612428,0.539134,-0.229302,0.0,0.0
v20.mp4,bb8c03ffbf6eed4dea69a58cb3139244a5213ebe449000dd7838a4efe3c30def,1920,1080,12.1,123,10.167,15,1250,Left,0.904671,0.433319,0.046007,1e-06,0.0,0.0,0.334741,0.123374,-0.042144,0.0,0.0,0.247049,0.241743,-0.079648,0.0,0.0,0.176905,0.353681,-0.107921,0.0,0.0,0.122225,0.453915,-0.139606,0.0,0.0,0.316299,0.289341,-0.14618,0.0,0.0,0.290539,0.48424,-0.203017,0.0,0.0,0.270918,0.618888,-0.235419,0.0,0.0,0.254072,0.740272,-0.257865,0.0,0.0,0.384575,0.285611,-0.148113,0.0,0.0,0.392622,0.493819,-0.209241,0.0,0.0,0.394907,0.656437,-0.247797,0.0,0.0,0.402771,0.79683,-0.279707,0.0,0.0,0.444344,0.274157,-0.145361,0.0,0.0,0.477457,0.462671,-0.199129,0.0,0.0,0.501758,0.598667,-0.230503,0.0,0.0,0.525411,0.711145,-0.253821,0.0,0.0,0.491317,0.258573,-0.142502,0.0,0.0,0.538964,0.394928,-0.189291,0.0,0.0,0.577086,0.471613,-0.213087,0.0,0.0,0.612571,0.541148,-0.229996,0.0,0.0
v20.mp4,bb8c03ffbf6eed4dea69a58cb3139244a5213ebe449000dd7838a4efe3c30def,1920,1080,12.1,123,10.167,16,1333,Left,0.920927,0.431055,0.049722,0.0,0.0,0.0,0.337168,0.12397,-0.040375,0.0,0.0,0.248967,0.243339,-0.074418,0.0,0.0,0.177242,0.352162,-0.099874,0.0,0.0,0.123922,0.450119,-0.128795,0.0,0.0,0.317773,0.286227,-0.136343,0.0,0.0,0.291568,0.483074,-0.188255,0.0,0.0,0.272072,0.616069,-0.21892,0.0,0.0,0.255449,0.735479,-0.240956,0.0,0.0,0.386089,0.283812,-0.13743,0.0,0.0,0.398762,0.472244,-0.192232,0.0,0.0,0.404639,0.625739,-0.226694,0.0,0.0,0.415426,0.76167,-0.256376,0.0,0.0,0.445235,0.275466,-0.134501,0.0,0.0,0.477727,0.461477,-0.181537,0.0,0.0,0.502373,0.594555,-0.208373,0.0,0.0,0.52681,0.704969,-0.229884,0.0,0.0,0.491266,0.262143,-0.132035,0.0,0.0,0.538196,0.399075,-0.17416,0.0,0.0,0.575396,0.476026,-0.195302,0.0,0.0,0.60932,0.542959,-0.210751,0.0,0.0
v20.mp4,bb8c03ffbf6eed4dea69a58cb3139244a5213ebe449000dd7838a4efe3c30def,1920,1080,12.1,123,10.167,17,1416,Left,0.858149,0.432905,0.057512,1e-06,0.0,0.0,0.33767,0.120413,-0.046154,0.0,0.0,0.251339,0.241888,-0.083502,0.0,0.0,0.180597,0.350009,-0.110706,0.0,0.0,0.127716,0.441868,-0.140306,0.0,0.0,0.322051,0.279784,-0.147172,0.0,0.0,0.292858,0.486989,-0.200565,0.0,0.0,0.270528,0.617535,-0.230881,0.0,0.0,0.250639,0.73624,-0.253783,0.0,0.0,0.390492,0.283808,-0.147206,0.0,0.0,0.392246,0.431213,-0.209544,0.0,0.0,0.386532,0.538519,-0.242527,0.0,0.0,0.386457,0.640128,-0.269555,0.0,0.0,0.450582,0.281824,-0.143639,0.0,0.0,0.477151,0.452765,-0.20055,0.0,0.0,0.499998,0.58382,-0.229628,0.0,0.0,0.525073,0.701452,-0.251791,0.0,0.0,0.496799,0.275105,-0.140267,0.0,0.0,0.539794,0.406016,-0.189173,0.0,0.0,0.57806,0.472418,-0.211773,0.0,0.0,0.616256,0.535179,-0.228321,0.0,0.0
v20.mp4,bb8c03ffbf6eed4dea69a58cb3139244a5213ebe449000dd7838a4efe3c30def,1920,1080,12.1,123,10.167,18,1500,Left,0.693246,0.433817,0.054111,1e-06,0.0,0.0,0.332501,0.122589,-0.053785,0.0,0.0,0.250047,0.241379,-0.103928,0.0,0.0,0.180352,0.343534,-0.141537,0.0,0.0,0.127016,0.438847,-0.182189,0.0,0.0,0.32217,0.288321,-0.189473,0.0,0.0,0.290448,0.493377,-0.258592,0.0,0.0,0.268203,0.622682,-0.297384,0.0,0.0,0.245781,0.739101,-0.326239,0.0,0.0,0.389224,0.28854,-0.191769,0.0,0.0,0.38294,0.432737,-0.279917,0.0,0.0,0.372546,0.526566,-0.329417,0.0,0.0,0.366998,0.612625,-0.367552,0.0,0.0,0.449485,0.284441,-0.188069,0.0,0.0,0.477848,0.447915,-0.267487,0.0,0.0,0.501285,0.579755,-0.31306,0.0,0.0,0.527451,0.691615,-0.345745,0.0,0.0,0.495779,0.276447,-0.183093,0.0,0.0,0.540315,0.405084,-0.247234,0.0,0.0,0.578057,0.469308,-0.281527,0.0,0.0,0.618188,0.530996,-0.30768,0.0,0.0
v20.mp4,bb8c03ffbf6eed4dea69a58cb3139244a5213ebe449000dd7838a4efe3c30def,1920,1080,12.1,123,10.167,19,1583,Right,0.514639,0.430621,0.058755,1e-06,0.0,0.0,0.330859,0.128924,-0.060853,0.0,0.0,0.25017,0.247295,-0.12275,0.0,0.0,0.182056,0.341514,-0.170744,0.0,0.0,0.128462,0.437825,-0.22302,0.0,0.0,0.317188,0.280667,-0.226293,0.0,0.0,0.290034,0.491802,-0.310546,0.0,0.0,0.270327,0.626502,-0.357957,0.0,0.0,0.250201,0.742193,-0.392107,0.0,0.0,0.382978,0.279191,-0.229535,0.0,0.0,0.379386,0.413535,-0.338922,0.0,0.0,0.376964,0.473516,-0.398035,0.0,0.0,0.378652,0.526385,-0.441196,0.0,0.0,0.444978,0.278069,-0.22589,0.0,0.0,0.477888,0.440455,-0.32478,0.0,0.0,0.505058,0.570398,-0.384621,0.0,0.0,0.537379,0.668809,-0.425507,0.0,0.0,0.49299,0.269207,-0.219395,0.0,0.0,0.539615,0.407885,-0.293646,0.0,0.0,0.577567,0.473291,-0.33632,0.0,0.0,0.621051,0.52597,-0.370227,0.0,0.0
v20.mp4,bb8c03ffbf6eed4dea69a58cb3139244a5213ebe449000dd7838a4efe3c30def,1920,1080,12.1,123,10.167,20,1666,Left,0.545,0.433392,0.060105,1e-06,0.0,0.0,0.33017,0.131362,-0.066417,0.0,0.0,0.253048,0.253971,-0.137911,0.0,0.0,0.186333,0.344075,-0.192777,0.0,0.0,0.128767,0.440728,-0.252429,0.0,0.0,0.314614,0.274783,-0.26266,0.0,0.0,0.290106,0.486075,-0.359034,0.0,0.0,0.27068,0.622686,-0.412778,0.0,0.0,0.250858,0.740987,-0.451515,0.0,0.0,0.382158,0.278127,-0.266016,0.0,0.0,0.381423,0.402677,-0.390183,0.0,0.0,0.378679,0.458926,-0.456614,0.0,0.0,0.379171,0.513646,-0.506531,0.0,0.0,0.445935,0.283178,-0.26071,0.0,0.0,0.478433,0.44537,-0.37374,0.0,0.0,0.503218,0.576236,-0.442276,0.0,0.0,0.53446,0.675917,-0.489821,0.0,0.0,0.494071,0.27954,-0.251322,0.0,0.0,0.540688,0.41623,-0.335658,0.0,0.0,0.57766,0.476514,-0.384682,0.0,0.0,0.622351,0.527676,-0.424576,0.0,0.0
v20.mp4,bb8c03ffbf6eed4dea69a58cb3139244a5213ebe449000dd7838a4efe3c30def,1920,1080,12.1,123,10.167,21,1750,Left,0.74007,0.432262,0.04179,1e-06,0.0,0.0,0.327293,0.131309,-0.05219,0.0,0.0,0.253104,0.254,-0.123126,0.0,0.0,0.188805,0.340395,-0.178481,0.0,0.0,0.132307,0.434612,-0.23863,0.0,0.0,0.308206,0.279463,-0.265691,0.0,0.0,0.284968,0.492864,-0.362825,0.0,0.0,0.267803,0.626496,-0.415083,0.0,0.0,0.248406,0.741992,-0.452,0.0,0.0,0.373952,0.276147,-0.274385,0.0,0.0,0.366588,0.401133,-0.401108,0.0,0.0,0.362273,0.466722,-0.470007,0.0,0.0,0.362008,0.523122,-0.522684,0.0,0.0,0.438838,0.275821,-0.271304,0.0,0.0,0.472645,0.446273,-0.388425,0.0,0.0,0.501152,0.586319,-0.461451,0.0,0.0,0.53553,0.6851,-0.511826,0.0,0.0,0.488466,0.270965,-0.261209,0.0,0.0,0.537309,0.415978,-0.346638,0.0,0.0,0.575993,0.48311,-0.396831,0.0,0.0,0.623505,0.53957,-0.437887,0.0,0.0
v20.mp4,bb8c03ffbf6eed4dea69a58cb3139244a5213ebe449000dd7838a4efe3c30def,1920,1080,12.1,123,10.167,22,1833,Left,0.715883,0.432326,0.066331,1e-06,0.0,0.0,0.322123,0.146437,-0.053801,0.0,0.0,0.251333,0.265881,-0.130102,0.0,0.0,0.188511,0.34452,-0.188549,0.0,0.0,0.131866,0.437072,-0.252711,0.0,0.0,0.306009,0.283447,-0.295918,0.0,0.0,0.28537,0.486647,-0.403657,0.0,0.0,0.268063,0.620883,-0.462536,0.0,0.0,0.251237,0.736307,-0.503897,0.0,0.0,0.373543,0.281783,-0.30431,0.0,0.0,0.37112,0.40081,-0.440433,0.0,0.0,0.366759,0.456713,-0.511609,0.0,0.0,0.366368,0.50505,-0.56772,0.0,0.0,0.440534,0.284233,-0.299519,0.0,0.0,0.473951,0.443292,-0.425642,0.0,0.0,0.498918,0.582705,-0.503496,0.0,0.0,0.531473,0.679134,-0.558313,0.0,0.0,0.490859,0.281007,-0.286582,0.0,0.0,0.536214,0.413679,-0.377597,0.0,0.0,0.572662,0.479254,-0.431813,0.0,0.0,0.620847,0.535108,-0.477943,0.0,0.0
v20.mp4,bb8c03ffbf6eed4dea69a58cb3139244a5213ebe449000dd7838a4efe3c30def,1920,1080,12.1,123,10.167,23,1916,Left,0.895745,0.435427,0.044258,1e-06,0.0,0.0,0.332085,0.129371,-0.04042,0.0,0.0,0.24525,0.249496,-0.081019,0.0,0.0,0.176398,0.35602,-0.112714,0.0,0.0,0.123328,0.456646,-0.148024,0.0,0.0,0.316153,0.290182,-0.155879,0.0,0.0,0.288613,0.489346,-0.216304,0.0,0.0,0.268467,0.621994,-0.249966,0.0,0.0,0.251287,0.73992,-0.273224,0.0,0.0,0.38342,0.283042,-0.161636,0.0,0.0,0.387007,0.489448,-0.230351,0.0,0.0,0.386278,0.654541,-0.273486,0.0,0.0,0.393598,0.7927,-0.308085,0.0,0.0,0.442818,0.267594,-0.161625,0.0,0.0,0.477216,0.457433,-0.222096,0.0,0.0,0.501895,0.598956,-0.258312,0.0,0.0,0.530383,0.713547,-0.284374,0.0,0.0,0.489934,0.250255,-0.160674,0.0,0.0,0.536367,0.382705,-0.211338,0.0,0.0,0.573326,0.459078,-0.236943,0.0,0.0,0.611944,0.52617,-0.255174,0.0,0.0
v20.mp4,bb8c03ffbf6eed4dea69a58cb3139244a5213ebe449000dd7838a4efe3c30def,1920,1080,12.1,123,10.167,24,2000,Left,0.921108,0.42776,0.045735,1e-06,0.0,0.0,0.328697,0.131659,-0.037788,0.0,0.0,0.24507,0.249896,-0.075361,0.0,0.0,0.17566,0.356184,-0.104406,0.0,0.0,0.12207,0.454504,-0.136867,0.0,0.0,0.313046,0.291889,-0.146959,0.0,0.0,0.28626,0.488222,-0.203633,0.0,0.0,0.26718,0.620509,-0.235157,0.0,0.0,0.250799,0.739735,-0.256905,0.0,0.0,0.381675,0.28689,-0.151234,0.0,0.0,0.385589,0.495832,-0.215171,0.0,0.0,0.383594,0.657809,-0.255713,0.0,0.0,0.388665,0.795415,-0.28865,0.0,0.0,0.442967,0.275211,-0.149818,0.0,0.0,0.477235,0.465796,-0.206033,0.0,0.0,0.502475,0.599451,-0.239166,0.0,0.0,0.528532,0.705812,-0.262796,0.0,0.0,0.491214,0.259361,-0.147408,0.0,0.0,0.537927,0.397616,-0.194373,0.0,0.0,0.574163,0.474077,-0.218166,0.0,0.0,0.610455,0.541646,-0.234926,0.0,0.0
v20.mp4,bb8c03ffbf6eed4dea69a58cb3139244a5213ebe449000dd7838a4efe3c30def,1920,1080,12.1,123,10.167,25,2083,Left,0.86725,0.428512,0.044903,1e-06,0.0,0.0,0.330866,0.130033,-0.039058,0.0,0.0,0.247181,0.248276,-0.076558,0.0,0.0,0.177177,0.354369,-0.105648,0.0,0.0,0.12231,0.450264,-0.138092,0.0,0.0,0.31519,0.294028,-0.145142,0.0,0.0,0.28771,0.487277,-0.20305,0.0,0.0,0.266465,0.620393,-0.235877,0.0,0.0,0.247897,0.741187,-0.258311,0.0,0.0,0.381973,0.289504,-0.148926,0.0,0.0,0.385855,0.496214,-0.213325,0.0,0.0,0.385443,0.658171,-0.253532,0.0,0.0,0.391671,0.798587,-0.285893,0.0,0.0,0.4415,0.275942,-0.147517,0.0,0.0,0.477932,0.45989,-0.203691,0.0,0.0,0.504005,0.594131,-0.235094,0.0,0.0,0.528974,0.704712,-0.257484,0.0,0.0,0.489229,0.257511,-0.145655,0.0,0.0,0.538452,0.392965,-0.192617,0.0,0.0,0.576243,0.469445,-0.215472,0.0,0.0,0.611967,0.539872,-0.231526,0.0,0.0
v20.mp4,bb8c03ffbf6eed4dea69a58cb3139244a5213ebe449000dd7838a4efe3c30def,1920,1080,12.1,123,10.167,26,2166,Left,0.876383,0.428349,0.046012,1e-06,0.0,0.0,0.330494,0.13274,-0.039968,0.0,0.0,0.247105,0.250286,-0.079269,0.0,0.0,0.176503,0.355547,-0.109822,0.0,0.0,0.120464,0.451657,-0.143879,0.0,0.0,0.314558,0.295388,-0.150166,0.0,0.0,0.287319,0.489168,-0.209239,0.0,0.0,0.266368,0.622992,-0.242245,0.0,0.0,0.248334,0.744268,-0.264796,0.0,0.0,0.380922,0.291266,-0.154091,0.0,0.0,0.384712,0.499872,-0.220408,0.0,0.0,0.385117,0.662261,-0.261279,0.0,0.0,0.39206,0.801639,-0.294028,0.0,0.0,0.440745,0.277152,-0.15254,0.0,0.0,0.47824,0.46022,-0.2102,0.0,0.0,0.504315,0.595121,-0.242227,0.0,0.0,0.529083,0.704961,-0.265068,0.0,0.0,0.489122,0.258448,-0.150453,0.0,0.0,0.538806,0.392706,-0.198614,0.0,0.0,0.576385,0.469195,-0.222167,0.0,0.0,0.612137,0.539748,-0.238773,0.0,0.0
v20.mp4,bb8c03ffbf6eed4dea69a58cb3139244a5213ebe449000dd7838a4efe3c30def,1920,1080,12.1,123,10.167,27,2250,Left,0.818272,0.435749,0.066587,1e-06,0.0,0.0,0.338692,0.136014,-0.034879,0.0,0.0,0.247148,0.249786,-0.064504,0.0,0.0,0.176131,0.34936,-0.087931,0.0,0.0,0.122127,0.434977,-0.114348,0.0,0.0,0.317197,0.280744,-0.115828,0.0,0.0,0.285206,0.421721,-0.163474,0.0,0.0,0.25822,0.510846,-0.190486,0.0,0.0,0.229266,0.598254,-0.209701,0.0,0.0,0.379962,0.295428,-0.121293,0.0,0.0,0.379654,0.464692,-0.17881,0.0,0.0,0.376,0.608747,-0.21386,0.0,0.0,0.376801,0.739073,-0.241718,0.0,0.0,0.439042,0.290547,-0.123221,0.0,0.0,0.472495,0.460289,-0.17633,0.0,0.0,0.498377,0.587987,-0.202513,0.0,0.0,0.520432,0.701288,-0.220637,0.0,0.0,0.489363,0.271987,-0.124958,0.0,0.0,0.5368,0.398729,-0.168605,0.0,0.0,0.57436,0.466717,-0.187086,0.0,0.0,0.60952,0.533467,-0.200182,0.0,0.0
v20.mp4,bb8c03ffbf6eed4dea69a58cb3139244a5213ebe449000dd7838a4efe3c30def,1920,1080,12.1,123,10.167,28,2333,Left,0.930244,0.428511,0.065037,0.0,0.0,0.0,0.331278,0.124383,-0.035666,0.0,0.0,0.239457,0.252928,-0.061153,0.0,0.0,0.173093,0.358614,-0.080132,0.0,0.0,0.127022,0.442523,-0.101932,0.0,0.0,0.319543,0.23559,-0.110606,0.0,0.0,0.279399,0.322391,-0.155017,0.0,0.0,0.233639,0.356831,-0.183734,0.0,0.0,0.186434,0.392283,-0.204897,0.0,0.0,0.388977,0.254256,-0.114269,0.0,0.0,0.387382,0.376226,-0.161904,0.0,0.0,0.3755,0.476717,-0.19309,0.0,0.0,0.37047,0.567062,-0.220851,0.0,0.0,0.450298,0.269354,-0.115935,0.0,0.0,0.473389,0.434635,-0.168131,0.0,0.0,0.494001,0.561275,-0.198457,0.0,0.0,0.517105,0.675129,-0.221215,0.0,0.0,0.4992,0.273765,-0.116952,0.0,0.0,0.53726,0.406511,-0.162032,0.0,0.0,0.575899,0.469874,-0.182204,0.0,0.0,0.614337,0.527986,-0.198141,0.0,0.0
v20.mp4,bb8c03ffbf6eed4dea69a58cb3139244a5213ebe449000dd7838a4efe3c30def,1920,1080,12.1,123,10.167,29,2416,Left,0.560465,0.427133,0.094124,1e-06,0.0,0.0,0.323724,0.153242,-0.058333,0.0,0.0,0.238079,0.275162,-0.105774,0.0,0.0,0.177828,0.367963,-0.142232,0.0,0.0,0.12221,0.442556,-0.182529,0.0,0.0,0.320797,0.257856,-0.17976,0.0,0.0,0.282865,0.341083,-0.249513,0.0,0.0,0.232453,0.339979,-0.293109,0.0,0.0,0.182998,0.337738,-0.324137,0.0,0.0,0.392538,0.267938,-0.180931,0.0,0.0,0.389065,0.386925,-0.254183,0.0,0.0,0.380054,0.46251,-0.300889,0.0,0.0,0.381014,0.528267,-0.341024,0.0,0.0,0.453307,0.278373,-0.178592,0.0,0.0,0.477965,0.445022,-0.249302,0.0,0.0,0.498818,0.567844,-0.293368,0.0,0.0,0.525329,0.672866,-0.328001,0.0,0.0,0.499856,0.276897,-0.17606,0.0,0.0,0.540433,0.401861,-0.233734,0.0,0.0,0.580064,0.461664,-0.262564,0.0,0.0,0.621579,0.515175,-0.287591,0.0,0.0
v20.mp4,bb8c03ffbf6eed4dea69a58cb3139244a5213ebe449000dd7838a4efe3c30def,1920,1080,12.1,123,10.167,30,2500,Left,0.706387,0.423221,0.08718,0.0,0.0,0.0,0.323581,0.150918,-0.043956,0.0,0.0,0.238079,0.274924,-0.080627,0.0,0.0,0.176561,0.37435,-0.109074,0.0,0.0,0.123096,0.447876,-0.141152,0.0,0.0,0.317292,0.251794,-0.144379,0.0,0.0,0.279665,0.338721,-0.201477,0.0,0.0,0.230878,0.354773,-0.237368,0.0,0.0,0.180743,0.368522,-0.26374,0.0,0.0,0.388752,0.262441,-0.148015,0.0,0.0,0.386733,0.384178,-0.207849,0.0,0.0,0.377463,0.460775,-0.245643,0.0,0.0,0.376013,0.52382,-0.279122,0.0,0.0,0.449801,0.272716,-0.148625,0.0,0.0,0.475757,0.439074,-0.208895,0.0,0.0,0.497314,0.564015,-0.245862,0.0,0.0,0.523344,0.669047,-0.275245,0.0,0.0,0.496136,0.272256,-0.148454,0.0,0.0,0.536857,0.399702,-0.198648,0.0,0.0,0.573767,0.462364,-0.22353,0.0,0.0,0.61171,0.516524,-0.245059,0.0,0.0
v20.mp4,bb8c03ffbf6eed4dea69a58cb3139244a5213ebe449000dd7838a4efe3c30def,1920,1080,12.1,123,10.167,31,2583,Left,0.805822,0.420851,0.089641,0.0,0.0,0.0,0.322942,0.150288,-0.043262,0.0,0.0,0.238219,0.275309,-0.079829,0.0,0.0,0.176965,0.372499,-0.108348,0.0,0.0,0.123503,0.444544,-0.140722,0.0,0.0,0.316469,0.251208,-0.142926,0.0,0.0,0.279085,0.345666,-0.199605,0.0,0.0,0.229866,0.368798,-0.235772,0.0,0.0,0.17923,0.389582,-0.262508,0.0,0.0,0.388122,0.264155,-0.147171,0.0,0.0,0.384883,0.388361,-0.207137,0.0,0.0,0.373813,0.463369,-0.245452,0.0,0.0,0.370427,0.527984,-0.279008,0.0,0.0,0.450098,0.276045,-0.148367,0.0,0.0,0.475664,0.443519,-0.208703,0.0,0.0,0.497091,0.566832,-0.246612,0.0,0.0,0.523592,0.672043,-0.276507,0.0,0.0,0.497549,0.276461,-0.14868,0.0,0.0,0.536759,0.404244,-0.19872,0.0,0.0,0.574087,0.465772,-0.224121,0.0,0.0,0.613428,0.520375,-0.246093,0.0,0.0
v20.mp4,bb8c03ffbf6eed4dea69a58cb3139244a5213ebe449000dd7838a4efe3c30def,1920,1080,12.1,123,10.167,32,2666,Left,0.732402,0.421517,0.099119,1e-06,0.0,0.0,0.320818,0.157121,-0.050108,0.0,0.0,0.235685,0.272917,-0.09339,0.0,0.0,0.174483,0.36499,-0.126767,0.0,0.0,0.121446,0.438233,-0.164445,0.0,0.0,0.315437,0.253127,-0.167499,0.0,0.0,0.280587,0.348931,-0.231246,0.0,0.0,0.231146,0.377768,-0.270132,0.0,0.0,0.180489,0.404539,-0.298351,0.0,0.0,0.386972,0.265599,-0.170362,0.0,0.0,0.382952,0.3882,-0.239102,0.0,0.0,0.373062,0.465431,-0.281639,0.0,0.0,0.370991,0.532711,-0.318218,0.0,0.0,0.448719,0.278525,-0.169148,0.0,0.0,0.474761,0.44197,-0.236055,0.0,0.0,0.496627,0.566616,-0.277014,0.0,0.0,0.523608,0.671664,-0.309211,0.0,0.0,0.496652,0.280043,-0.167156,0.0,0.0,0.537655,0.408776,-0.221832,0.0,0.0,0.57636,0.470107,-0.249401,0.0,0.0,0.616794,0.523542,-0.273279,0.0,0.0
v20.mp4,bb8c03ffbf6eed4dea69a58cb3139244a5213ebe449000dd7838a4efe3c30def,1920,1080,12.1,123,10.167,33,2750,Right,0.511692,0.427957,0.097836,1e-06,0.0,0.0,0.32606,0.154545,-0.049803,0.0,0.0,0.238437,0.26747,-0.09118,0.0,0.0,0.177283,0.360157,-0.122333,0.0,0.0,0.124312,0.439037,-0.158319,0.0,0.0,0.322294,0.255025,-0.162877,0.0,0.0,0.28063,0.352446,-0.220799,0.0,0.0,0.237142,0.404903,-0.2546,0.0,0.0,0.193182,0.461233,-0.280083,0.0,0.0,0.388685,0.272196,-0.163788,0.0,0.0,0.385211,0.399371,-0.231227,0.0,0.0,0.37487,0.484564,-0.27273,0.0,0.0,0.372085,0.560163,-0.307597,0.0,0.0,0.445073,0.284033,-0.160272,0.0,0.0,0.476326,0.441132,-0.225023,0.0,0.0,0.498143,0.564918,-0.265475,0.0,0.0,0.522576,0.67123,-0.296646,0.0,0.0,0.489489,0.281629,-0.155953,0.0,0.0,0.534495,0.406601,-0.208391,0.0,0.0,0.572072,0.470285,-0.237769,0.0,0.0,0.609257,0.526779,-0.263067,0.0,0.0
v20.mp4,bb8c03ffbf6eed4dea69a58cb3139244a5213ebe449000dd7838a4efe3c30def,1920,1080,12.1,123,10.167,34,2833,Left,0.904825,0.434471,0.044382,1e-06,0.0,0.0,0.336279,0.125512,-0.033753,0.0,0.0,0.249675,0.242522,-0.065596,0.0,0.0,0.179549,0.350121,-0.090615,0.0,0.0,0.12594,0.447307,-0.119142,0.0,0.0,0.315094,0.299838,-0.123401,0.0,0.0,0.282503,0.49121,-0.171406,0.0,0.0,0.257536,0.612531,-0.197337,0.0,0.0,0.236182,0.72393,-0.215241,0.0,0.0,0.380701,0.303582,-0.127539,0.0,0.0,0.379587,0.506203,-0.179809,0.0,0.0,0.375543,0.655958,-0.212565,0.0,0.0,0.379452,0.788111,-0.239316,0.0,0.0,0.440457,0.292154,-0.127355,0.0,0.0,0.472728,0.474329,-0.17541,0.0,0.0,0.497914,0.600126,-0.203147,0.0,0.0,0.525125,0.704507,-0.22275,0.0,0.0,0.488328,0.270775,-0.126523,0.0,0.0,0.535308,0.403878,-0.167996,0.0,0.0,0.572291,0.475246,-0.18774,0.0,0.0,0.609633,0.538094,-0.201013,0.0,0.0
v20.mp4,bb8c03ffbf6eed4dea69a58cb3139244a5213ebe449000dd7838a4efe3c30def,1920,1080,12.1,123,10.167,35,2916,Left,0.879376,0.430712,0.044508,1e-06,0.0,0.0,0.331472,0.13185,-0.038135,0.0,0.0,0.247892,0.249125,-0.076533,0.0,0.0,0.178071,0.355065,-0.106819,0.0,0.0,0.124398,0.453786,-0.140393,0.0,0.0,0.312833,0.303723,-0.145147,0.0,0.0,0.281595,0.500356,-0.202878,0.0,0.0,0.25688,0.629669,-0.234728,0.0,0.0,0.235101,0.746142,-0.256094,0.0,0.0,0.378228,0.302233,-0.149524,0.0,0.0,0.380119,0.505629,-0.216215,0.0,0.0,0.377491,0.665211,-0.257066,0.0,0.0,0.381179,0.802758,-0.28889,0.0,0.0,0.437869,0.288536,-0.148418,0.0,0.0,0.47433,0.471069,-0.206151,0.0,0.0,0.501734,0.601358,-0.2376,0.0,0.0,0.528401,0.706961,-0.259189,0.0,0.0,0.486036,0.267858,-0.146568,0.0,0.0,0.535525,0.402301,-0.193984,0.0,0.0,0.572498,0.475056,-0.216459,0.0,0.0,0.608601,0.541665,-0.23163,0.0,0.0
v20.mp4,bb8c03ffbf6eed4dea69a58cb3139244a5213ebe449000dd7838a4efe3c30def,1920,1080,12.1,123,10.167,36,3000,Left,0.88984,0.429755,0.046964,1e-06,0.0,0.0,0.332106,0.131425,-0.036637,0.0,0.0,0.24766,0.248959,-0.073179,0.0,0.0,0.176766,0.35582,-0.1021,0.0,0.0,0.122795,0.454127,-0.134341,0.0,0.0,0.312599,0.302521,-0.138804,0.0,0.0,0.279638,0.500512,-0.193784,0.0,0.0,0.254123,0.628303,-0.223828,0.0,0.0,0.232112,0.743666,-0.244,0.0,0.0,0.37732,0.303307,-0.143216,0.0,0.0,0.379062,0.506173,-0.205805,0.0,0.0,0.376815,0.664986,-0.243922,0.0,0.0,0.381612,0.802891,-0.273867,0.0,0.0,0.437133,0.290552,-0.142484,0.0,0.0,0.474316,0.473162,-0.19711,0.0,0.0,0.501756,0.602316,-0.226697,0.0,0.0,0.529117,0.708002,-0.247208,0.0,0.0,0.485704,0.269676,-0.141099,0.0,0.0,0.53559,0.402999,-0.186472,0.0,0.0,0.572799,0.475879,-0.20762,0.0,0.0,0.609196,0.54274,-0.221839,0.0,0.0
v20.mp4,bb8c03ffbf6eed4dea69a58cb3139244a5213ebe449000dd7838a4efe3c30def,1920,1080,12.1,123,10.167,37,3083,Left,0.887655,0.43178,0.049354,1e-06,0.0,0.0,0.33331,0.133006,-0.036036,0.0,0.0,0.247893,0.250839,-0.072011,0.0,0.0,0.176706,0.356606,-0.100209,0.0,0.0,0.123173,0.453476,-0.131749,0.0,0.0,0.312562,0.30199,-0.14112,0.0,0.0,0.278971,0.495182,-0.197538,0.0,0.0,0.253469,0.622519,-0.228958,0.0,0.0,0.230573,0.738857,-0.250231,0.0,0.0,0.378358,0.302546,-0.145385,0.0,0.0,0.380239,0.503279,-0.209669,0.0,0.0,0.376905,0.662039,-0.24956,0.0,0.0,0.380216,0.800459,-0.281139,0.0,0.0,0.437876,0.291442,-0.144177,0.0,0.0,0.4751,0.473541,-0.200339,0.0,0.0,0.501424,0.602383,-0.23143,0.0,0.0,0.527516,0.707244,-0.252983,0.0,0.0,0.485372,0.272376,-0.142099,0.0,0.0,0.535242,0.406201,-0.188587,0.0,0.0,0.572818,0.477181,-0.21081,0.0,0.0,0.608908,0.542996,-0.22592,0.0,0.0
v20.mp4,bb8c03ffbf6eed4dea69a58cb3139244a5213ebe449000dd7838a4efe3c30def,1920,1080,12.1,123,10.167,38,3166,Left,0.881528,0.431233,0.048664,1e-06,0.0,0.0,0.334113,0.12961,-0.035636,0.0,0.0,0.249894,0.246905,-0.069795,0.0,0.0,0.17954,0.35374,-0.096468,0.0,0.0,0.125552,0.451488,-0.126122,0.0,0.0,0.316728,0.301282,-0.132324,0.0,0.0,0.280592,0.487483,-0.184992,0.0,0.0,0.254802,0.609371,-0.214559,0.0,0.0,0.231278,0.721173,-0.235083,0.0,0.0,0.381684,0.303927,-0.135947,0.0,0.0,0.381038,0.490488,-0.197673,0.0,0.0,0.377099,0.640767,-0.236089,0.0,0.0,0.379645,0.774984,-0.266623,0.0,0.0,0.440977,0.294444,-0.134591,0.0,0.0,0.474177,0.473869,-0.188993,0.0,0.0,0.499389,0.600492,-0.218451,0.0,0.0,0.524898,0.705755,-0.239066,0.0,0.0,0.488271,0.276561,-0.132528,0.0,0.0,0.5354,0.409423,-0.178112,0.0,0.0,0.572243,0.47844,-0.199401,0.0,0.0,0.608826,0.542792,-0.213756,0.0,0.0
v20.mp4,bb8c03ffbf6eed4dea69a58cb3139244a5213ebe449000dd7838a4efe3c30def,1920,1080,12.1,123,10.167,39,3250,Left,0.734322,0.43283,0.067698,1e-06,0.0,0.0,0.336423,0.130689,-0.045989,0.0,0.0,0.249005,0.250158,-0.080995,0.0,0.0,0.179416,0.349514,-0.107693,0.0,0.0,0.1213,0.431602,-0.137989,0.0,0.0,0.318411,0.26867,-0.137211,0.0,0.0,0.279998,0.405688,-0.192286,0.0,0.0,0.243245,0.489474,-0.225439,0.0,0.0,0.20685,0.573751,-0.249598,0.0,0.0,0.381087,0.289746,-0.138664,0.0,0.0,0.38283,0.436209,-0.200674,0.0,0.0,0.37919,0.563531,-0.238342,0.0,0.0,0.381771,0.677052,-0.269679,0.0,0.0,0.439475,0.292785,-0.137273,0.0,0.0,0.470158,0.460992,-0.196188,0.0,0.0,0.498362,0.589487,-0.227009,0.0,0.0,0.52635,0.699895,-0.249874,0.0,0.0,0.489068,0.280754,-0.136214,0.0,0.0,0.535207,0.408465,-0.186085,0.0,0.0,0.573934,0.474621,-0.209475,0.0,0.0,0.61214,0.53315,-0.227172,0.0,0.0
v20.mp4,bb8c03ffbf6eed4dea69a58cb3139244a5213ebe449000dd7838a4efe3c30def,1920,1080,12.1,123,10.167,40,3333,Left,0.840748,0.437616,0.063641,1e-06,0.0,0.0,0.338358,0.126308,-0.046563,0.0,0.0,0.2486,0.245306,-0.081417,0.0,0.0,0.180322,0.348081,-0.107716,0.0,0.0,0.124562,0.432214,-0.138175,0.0,0.0,0.323636,0.260224,-0.136255,0.0,0.0,0.282431,0.390339,-0.190498,0.0,0.0,0.242581,0.467085,-0.223888,0.0,0.0,0.203475,0.546508,-0.248039,0.0,0.0,0.387463,0.282662,-0.136806,0.0,0.0,0.388185,0.42985,-0.195884,0.0,0.0,0.38252,0.549643,-0.232141,0.0,0.0,0.383394,0.659262,-0.262686,0.0,0.0,0.444728,0.290082,-0.134749,0.0,0.0,0.473654,0.457885,-0.191827,0.0,0.0,0.498708,0.583725,-0.222349,0.0,0.0,0.525726,0.693667,-0.245444,0.0,0.0,0.49182,0.283586,-0.13313,0.0,0.0,0.535006,0.409795,-0.18183,0.0,0.0,0.572702,0.472868,-0.204534,0.0,0.0,0.610892,0.527882,-0.221928,0.0,0.0
v20.mp4,bb8c03ffbf6eed4dea69a58cb3139244a5213ebe449000dd7838a4efe3c30def,1920,1080,12.1,123,10.167,41,3416,Left,0.924459,0.434587,0.053032,1e-06,0.0,0.0,0.338788,0.120191,-0.044236,0.0,0.0,0.252023,0.237465,-0.080924,0.0,0.0,0.180499,0.344269,-0.108189,0.0,0.0,0.127553,0.439755,-0.139101,0.0,0.0,0.315322,0.273963,-0.141656,0.0,0.0,0.282181,0.463715,-0.193232,0.0,0.0,0.260008,0.587792,-0.223129,0.0,0.0,0.242861,0.703691,-0.244739,0.0,0.0,0.382148,0.278461,-0.142095,0.0,0.0,0.383055,0.454642,-0.198928,0.0,0.0,0.379351,0.592743,-0.232028,0.0,0.0,0.382244,0.721147,-0.259677,0.0,0.0,0.444208,0.276261,-0.138773,0.0,0.0,0.474628,0.462797,-0.189941,0.0,0.0,0.498846,0.592502,-0.216854,0.0,0.0,0.524893,0.70559,-0.23744,0.0,0.0,0.493396,0.268845,-0.135805,0.0,0.0,0.537416,0.403959,-0.181051,0.0,0.0,0.575347,0.474545,-0.201664,0.0,0.0,0.6123,0.537188,-0.216186,0.0,0.0
v20.mp4,bb8c03ffbf6eed4dea69a58cb3139244a5213ebe449000dd7838a4efe3c30def,1920,1080,12.1,123,10.167,42,3500,Left,0.914624,0.431737,0.044895,1e-06,0.0,0.0,0.333966,0.131982,-0.043807,0.0,0.0,0.248664,0.250731,-0.085112,0.0,0.0,0.176615,0.355183,-0.116601,0.0,0.0,0.121122,0.451928,-0.151612,0.0,0.0,0.311805,0.28526,-0.159966,0.0,0.0,0.28176,0.484504,-0.220097,0.0,0.0,0.260454,0.621162,-0.25301,0.0,0.0,0.242714,0.746906,-0.275332,0.0,0.0,0.377348,0.280909,-0.162515,0.0,0.0,0.377167,0.486006,-0.231931,0.0,0.0,0.375027,0.652551,-0.273527,0.0,0.0,0.380288,0.795364,-0.306447,0.0,0.0,0.437712,0.271103,-0.159356,0.0,0.0,0.473692,0.457093,-0.219442,0.0,0.0,0.500494,0.594714,-0.252472,0.0,0.0,0.527796,0.704141,-0.275441,0.0,0.0,0.487192,0.26025,-0.155752,0.0,0.0,0.535942,0.399689,-0.205215,0.0,0.0,0.573056,0.475729,-0.229082,0.0,0.0,0.609481,0.542558,-0.2456,0.0,0.0
v20.mp4,bb8c03ffbf6eed4dea69a58cb3139244a5213ebe449000dd7838a4efe3c30def,1920,1080,12.1,123,10.167,43,3583,Left,0.88616,0.43124,0.045827,1e-06,0.0,0.0,0.330906,0.133132,-0.04383,0.0,0.0,0.2467,0.251733,-0.085332,0.0,0.0,0.175916,0.356157,-0.116806,0.0,0.0,0.121114,0.454274,-0.151379,0.0,0.0,0.310714,0.287732,-0.16122,0.0,0.0,0.280723,0.486354,-0.222409,0.0,0.0,0.260141,0.622153,-0.25606,0.0,0.0,0.242682,0.747558,-0.279138,0.0,0.0,0.377124,0.284402,-0.163672,0.0,0.0,0.377662,0.488878,-0.235433,0.0,0.0,0.374992,0.654681,-0.279759,0.0,0.0,0.379922,0.797173,-0.314862,0.0,0.0,0.437366,0.274897,-0.160074,0.0,0.0,0.474391,0.460703,-0.222246,0.0,0.0,0.500269,0.598168,-0.25788,0.0,0.0,0.527635,0.70739,-0.282688,0.0,0.0,0.48573,0.262821,-0.155789,0.0,0.0,0.535967,0.401485,-0.207039,0.0,0.0,0.574056,0.477155,-0.232951,0.0,0.0,0.611945,0.545022,-0.251128,0.0,0.0
v20.mp4,bb8c03ffbf6eed4dea69a58cb3139244a5213ebe449000dd7838a4efe3c30def,1920,1080,12.1,123,10.167,44,3666,Left,0.899902,0.431632,0.041552,1e-06,0.0,0.0,0.332986,0.128039,-0.041127,0.0,0.0,0.248035,0.248709,-0.08016,0.0,0.0,0.176622,0.354757,-0.109958,0.0,0.0,0.121905,0.452557,-0.142879,0.0,0.0,0.310999,0.28533,-0.153137,0.0,0.0,0.280282,0.484046,-0.21235,0.0,0.0,0.258829,0.619465,-0.245188,0.0,0.0,0.24084,0.743822,-0.267702,0.0,0.0,0.376733,0.283087,-0.156465,0.0,0.0,0.377422,0.487539,-0.22503,0.0,0.0,0.375218,0.652614,-0.267545,0.0,0.0,0.380613,0.795696,-0.301329,0.0,0.0,0.437172,0.274444,-0.154111,0.0,0.0,0.473154,0.46269,-0.214054,0.0,0.0,0.499569,0.598929,-0.248163,0.0,0.0,0.527322,0.708585,-0.271961,0.0,0.0,0.486077,0.262373,-0.15103,0.0,0.0,0.535331,0.402161,-0.200817,0.0,0.0,0.573506,0.477276,-0.225454,0.0,0.0,0.611371,0.545126,-0.242584,0.0,0.0
v20.mp4,bb8c03ffbf6eed4dea69a58cb3139244a5213ebe449000dd7838a4efe3c30def,1920,1080,12.1,123,10.167,45,3750,Left,0.903374,0.42971,0.04342,1e-06,0.0,0.0,0.332103,0.130742,-0.040344,0.0,0.0,0.247541,0.250933,-0.079025,0.0,0.0,0.175977,0.355926,-0.108452,0.0,0.0,0.12065,0.450796,-0.141094,0.0,0.0,0.311054,0.286315,-0.153159,0.0,0.0,0.280838,0.483263,-0.212345,0.0,0.0,0.259069,0.618166,-0.245391,0.0,0.0,0.240761,0.741983,-0.267954,0.0,0.0,0.377465,0.283262,-0.156323,0.0,0.0,0.378018,0.487299,-0.22417,0.0,0.0,0.375256,0.651732,-0.266256,0.0,0.0,0.380073,0.794176,-0.299803,0.0,0.0,0.43773,0.274673,-0.153666,0.0,0.0,0.473699,0.462635,-0.212671,0.0,0.0,0.499634,0.597816,-0.246355,0.0,0.0,0.526641,0.706355,-0.269914,0.0,0.0,0.485877,0.26268,-0.150221,0.0,0.0,0.535589,0.401451,-0.198962,0.0,0.0,0.573609,0.476049,-0.223079,0.0,0.0,0.6107,0.543663,-0.239888,0.0,0.0
v20.mp4,bb8c03ffbf6eed4dea69a58cb3139244a5213ebe449000dd7838a4efe3c30def,1920,1080,12.1,123,10.167,46,3833,Left,0.906006,0.431477,0.049223,1e-06,0.0,0.0,0.334792,0.128113,-0.040495,0.0,0.0,0.248507,0.245374,-0.077805,0.0,0.0,0.176758,0.351462,-0.10608,0.0,0.0,0.122205,0.4487,-0.137406,0.0,0.0,0.312324,0.28209,-0.146351,0.0,0.0,0.281754,0.482433,-0.202123,0.0,0.0,0.259304,0.615713,-0.23351,0.0,0.0,0.240237,0.737554,-0.255239,0.0,0.0,0.377798,0.281282,-0.148482,0.0,0.0,0.378774,0.474821,-0.212002,0.0,0.0,0.376485,0.633698,-0.25086,0.0,0.0,0.381501,0.774623,-0.282233,0.0,0.0,0.437794,0.274286,-0.14548,0.0,0.0,0.472997,0.460674,-0.200452,0.0,0.0,0.499395,0.59539,-0.231055,0.0,0.0,0.526197,0.70599,-0.25313,0.0,0.0,0.485654,0.263874,-0.142139,0.0,0.0,0.53407,0.401221,-0.188381,0.0,0.0,0.571961,0.474813,-0.210681,0.0,0.0,0.608351,0.541069,-0.226262,0.0,0.0
v20.mp4,bb8c03ffbf6eed4dea69a58cb3139244a5213ebe449000dd7838a4efe3c30def,1920,1080,12.1,123,10.167,47,3916,Left,0.900682,0.432307,0.045613,1e-06,0.0,0.0,0.334969,0.12352,-0.038643,0.0,0.0,0.251027,0.246705,-0.078198,0.0,0.0,0.179069,0.350314,-0.108753,0.0,0.0,0.124918,0.440885,-0.142395,0.0,0.0,0.320014,0.286881,-0.15314,0.0,0.0,0.283485,0.4927,-0.207772,0.0,0.0,0.258757,0.61859,-0.23675,0.0,0.0,0.238541,0.735456,-0.258565,0.0,0.0,0.385455,0.28833,-0.157776,0.0,0.0,0.37716,0.442119,-0.226011,0.0,0.0,0.370534,0.536789,-0.262189,0.0,0.0,0.37364,0.623464,-0.290242,0.0,0.0,0.44472,0.284071,-0.156703,0.0,0.0,0.472133,0.45724,-0.217845,0.0,0.0,0.496976,0.583554,-0.249966,0.0,0.0,0.528697,0.692659,-0.273121,0.0,0.0,0.491504,0.276522,-0.154253,0.0,0.0,0.53448,0.410535,-0.204693,0.0,0.0,0.57319,0.478467,-0.22869,0.0,0.0,0.614738,0.541205,-0.245911,0.0,0.0
v20.mp4,bb8c03ffbf6eed4dea69a58cb3139244a5213ebe449000dd7838a4efe3c30def,1920,1080,12.1,123,10.167,48,4000,Left,0.689833,0.4311,0.05758,1e-06,0.0,0.0,0.328471,0.136913,-0.054692,0.0,0.0,0.252678,0.254821,-0.122499,0.0,0.0,0.184711,0.343416,-0.17527,0.0,0.0,0.128465,0.435203,-0.232508,0.0,0.0,0.305238,0.286538,-0.252697,0.0,0.0,0.278845,0.495057,-0.345511,0.0,0.0,0.259903,0.625882,-0.395772,0.0,0.0,0.238318,0.738916,-0.431253,0.0,0.0,0.371435,0.2872,-0.259531,0.0,0.0,0.3631,0.419559,-0.380279,0.0,0.0,0.358199,0.475498,-0.444145,0.0,0.0,0.355824,0.518538,-0.491459,0.0,0.0,0.437479,0.286579,-0.256271,0.0,0.0,0.473401,0.45553,-0.366231,0.0,0.0,0.506159,0.586683,-0.433539,0.0,0.0,0.542505,0.675024,-0.479224,0.0,0.0,0.489217,0.275858,-0.247337,0.0,0.0,0.537657,0.417733,-0.327063,0.0,0.0,0.576182,0.483705,-0.373458,0.0,0.0,0.622423,0.534863,-0.410969,0.0,0.0
v20.mp4,bb8c03ffbf6eed4dea69a58cb3139244a5213ebe449000dd7838a4efe3c30def,1920,1080,12.1,123,10.167,49,4083,Left,0.523039,0.431524,0.061021,1e-06,0.0,0.0,0.323174,0.140461,-0.057483,0.0,0.0,0.254615,0.259755,-0.135243,0.0,0.0,0.193053,0.338518,-0.195865,0.0,0.0,0.136814,0.432116,-0.261441,0.0,0.0,0.304779,0.291421,-0.290237,0.0,0.0,0.279338,0.494695,-0.394832,0.0,0.0,0.260748,0.622941,-0.451259,0.0,0.0,0.239966,0.737508,-0.492189,0.0,0.0,0.369812,0.293636,-0.298995,0.0,0.0,0.362088,0.398212,-0.439555,0.0,0.0,0.353257,0.450611,-0.516301,0.0,0.0,0.347409,0.501953,-0.575586,0.0,0.0,0.434833,0.294883,-0.294338,0.0,0.0,0.471435,0.452745,-0.42043,0.0,0.0,0.502651,0.584958,-0.496451,0.0,0.0,0.539347,0.676018,-0.549884,0.0,0.0,0.48474,0.285399,-0.282642,0.0,0.0,0.532764,0.421024,-0.373951,0.0,0.0,0.572113,0.483038,-0.427116,0.0,0.0,0.621016,0.539799,-0.471572,0.0,0.0
v20.mp4,bb8c03ffbf6eed4dea69a58cb3139244a5213ebe449000dd7838a4efe3c30def,1920,1080,12.1,123,10.167,50,4166,Left,0.719542,0.431744,0.047522,1e-06,0.0,0.0,0.326262,0.131543,-0.055186,0.0,0.0,0.253156,0.254138,-0.129945,0.0,0.0,0.192128,0.338806,-0.188853,0.0,0.0,0.13488,0.428364,-0.252543,0.0,0.0,0.303977,0.27999,-0.274173,0.0,0.0,0.277091,0.489964,-0.372872,0.0,0.0,0.259685,0.62121,-0.425727,0.0,0.0,0.239697,0.738259,-0.464013,0.0,0.0,0.369377,0.282761,-0.283012,0.0,0.0,0.359089,0.388058,-0.418261,0.0,0.0,0.34728,0.451435,-0.493503,0.0,0.0,0.338882,0.510587,-0.550707,0.0,0.0,0.434042,0.282789,-0.278683,0.0,0.0,0.470478,0.444222,-0.39932,0.0,0.0,0.502422,0.583664,-0.47201,0.0,0.0,0.539456,0.681126,-0.522596,0.0,0.0,0.484346,0.273318,-0.26773,0.0,0.0,0.531938,0.412368,-0.355138,0.0,0.0,0.572377,0.479708,-0.405156,0.0,0.0,0.621275,0.541564,-0.446143,0.0,0.0
v20.mp4,bb8c03ffbf6eed4dea69a58cb3139244a5213ebe449000dd7838a4efe3c30def,1920,1080,12.1,123,10.167,51,4250,Left,0.691095,0.429983,0.052702,1e-06,0.0,0.0,0.326208,0.134977,-0.054059,0.0,0.0,0.252438,0.255182,-0.126765,0.0,0.0,0.190381,0.338814,-0.183983,0.0,0.0,0.133421,0.426529,-0.245952,0.0,0.0,0.304351,0.281167,-0.267556,0.0,0.0,0.276231,0.488733,-0.363553,0.0,0.0,0.258643,0.62053,-0.414641,0.0,0.0,0.238675,0.737167,-0.451693,0.0,0.0,0.368966,0.282249,-0.276406,0.0,0.0,0.357994,0.393614,-0.405936,0.0,0.0,0.349139,0.455973,-0.476621,0.0,0.0,0.343405,0.511393,-0.53033,0.0,0.0,0.433554,0.282122,-0.27293,0.0,0.0,0.470166,0.443847,-0.389701,0.0,0.0,0.500649,0.580891,-0.459702,0.0,0.0,0.535988,0.677157,-0.508281,0.0,0.0,0.484415,0.273214,-0.263087,0.0,0.0,0.531592,0.412035,-0.348565,0.0,0.0,0.572496,0.478855,-0.39719,0.0,0.0,0.621057,0.538397,-0.436832,0.0,0.0
v20.mp4,bb8c03ffbf6eed4dea69a58cb3139244a5213ebe449000dd7838a4efe3c30def,1920,1080,12.1,123,10.167,52,4333,Left,0.835063,0.431465,0.041522,1e-06,0.0,0.0,0.329441,0.122666,-0.053208,0.0,0.0,0.24958,0.248384,-0.11605,0.0,0.0,0.184997,0.343119,-0.164039,0.0,0.0,0.127505,0.43282,-0.216064,0.0,0.0,0.309678,0.280039,-0.234898,0.0,0.0,0.27904,0.489645,-0.318953,0.0,0.0,0.257701,0.621941,-0.364228,0.0,0.0,0.237985,0.739066,-0.396702,0.0,0.0,0.378023,0.282586,-0.239139,0.0,0.0,0.369276,0.418886,-0.347003,0.0,0.0,0.364195,0.475555,-0.403348,0.0,0.0,0.364237,0.523651,-0.445338,0.0,0.0,0.44173,0.283058,-0.233972,0.0,0.0,0.477644,0.448725,-0.331198,0.0,0.0,0.504512,0.574631,-0.388732,0.0,0.0,0.537284,0.66547,-0.428333,0.0,0.0,0.490608,0.276408,-0.224518,0.0,0.0,0.536528,0.410446,-0.297341,0.0,0.0,0.57477,0.476285,-0.338765,0.0,0.0,0.618803,0.530753,-0.371503,0.0,0.0
v20.mp4,bb8c03ffbf6eed4dea69a58cb3139244a5213ebe449000dd7838a4efe3c30def,1920,1080,12.1,123,10.167,53,4416,Left,0.947361,0.431048,0.039489,1e-06,0.0,0.0,0.332929,0.124604,-0.038184,0.0,0.0,0.249263,0.243113,-0.076414,0.0,0.0,0.179935,0.352166,-0.105744,0.0,0.0,0.125977,0.451388,-0.138127,0.0,0.0,0.313206,0.287661,-0.147804,0.0,0.0,0.280145,0.489537,-0.203677,0.0,0.0,0.258388,0.622636,-0.233459,0.0,0.0,0.24112,0.742271,-0.253446,0.0,0.0,0.379537,0.286505,-0.150719,0.0,0.0,0.380255,0.493933,-0.215268,0.0,0.0,0.37876,0.654146,-0.253743,0.0,0.0,0.385871,0.791201,-0.284031,0.0,0.0,0.440588,0.27811,-0.147782,0.0,0.0,0.477518,0.468334,-0.203646,0.0,0.0,0.505569,0.599534,-0.233965,0.0,0.0,0.535772,0.704103,-0.254977,0.0,0.0,0.489386,0.266236,-0.143917,0.0,0.0,0.537616,0.407043,-0.190176,0.0,0.0,0.573997,0.480565,-0.211965,0.0,0.0,0.611265,0.544931,-0.226588,0.0,0.0
v20.mp4,bb8c03ffbf6eed4dea69a58cb3139244a5213ebe449000dd7838a4efe3c30def,1920,1080,12.1,123,10.167,54,4500,Left,0.917239,0.432,0.044666,1e-06,0.0,0.0,0.335417,0.127673,-0.039576,0.0,0.0,0.249979,0.244639,-0.077662,0.0,0.0,0.178632,0.352404,-0.107019,0.0,0.0,0.123629,0.450673,-0.139507,0.0,0.0,0.31344,0.289198,-0.145921,0.0,0.0,0.280236,0.485035,-0.20293,0.0,0.0,0.257935,0.619249,-0.234359,0.0,0.0,0.239745,0.740231,-0.255449,0.0,0.0,0.378072,0.290315,-0.148289,0.0,0.0,0.379985,0.492778,-0.21327,0.0,0.0,0.379458,0.654565,-0.252161,0.0,0.0,0.386372,0.794911,-0.282609,0.0,0.0,0.4381,0.282091,-0.14529,0.0,0.0,0.477163,0.46664,-0.20116,0.0,0.0,0.507027,0.596453,-0.230767,0.0,0.0,0.536726,0.701345,-0.251118,0.0,0.0,0.487276,0.268169,-0.141809,0.0,0.0,0.536762,0.403658,-0.187364,0.0,0.0,0.573759,0.476954,-0.208546,0.0,0.0,0.609557,0.54355,-0.222786,0.0,0.0
v20.mp4,bb8c03ffbf6eed4dea69a58cb3139244a5213ebe449000dd7838a4efe3c30def,1920,1080,12.1,123,10.167,55,4583,Left,0.914982,0.428526,0.046962,1e-06,0.0,0.0,0.331541,0.132215,-0.038743,0.0,0.0,0.248028,0.248709,-0.077177,0.0,0.0,0.178028,0.353476,-0.106716,0.0,0.0,0.124348,0.451023,-0.139531,0.0,0.0,0.310557,0.288202,-0.150797,0.0,0.0,0.279815,0.484907,-0.208505,0.0,0.0,0.258427,0.619547,-0.240319,0.0,0.0,0.240687,0.742245,-0.261952,0.0,0.0,0.376775,0.287823,-0.153852,0.0,0.0,0.37982,0.493635,-0.219789,0.0,0.0,0.379066,0.655874,-0.260054,0.0,0.0,0.385621,0.795568,-0.29224,0.0,0.0,0.437365,0.280106,-0.150909,0.0,0.0,0.476516,0.468229,-0.207582,0.0,0.0,0.50596,0.599786,-0.23871,0.0,0.0,0.535687,0.703551,-0.260636,0.0,0.0,0.486035,0.267597,-0.147175,0.0,0.0,0.53539,0.405846,-0.193452,0.0,0.0,0.572297,0.478847,-0.215592,0.0,0.0,0.608625,0.543604,-0.231005,0.0,0.0
v20.mp4,bb8c03ffbf6eed4dea69a58cb3139244a5213ebe449000dd7838a4efe3c30def,1920,1080,12.1,123,10.167,56,4666,Left,0.908012,0.4334,0.043899,1e-06,0.0,0.0,0.334521,0.128999,-0.038435,0.0,0.0,0.249048,0.248206,-0.076358,0.0,0.0,0.177899,0.355772,-0.10552,0.0,0.0,0.12236,0.452713,-0.137933,0.0,0.0,0.31011,0.288299,-0.148844,0.0,0.0,0.279538,0.487015,-0.20613,0.0,0.0,0.258378,0.621507,-0.237358,0.0,0.0,0.240712,0.743895,-0.258546,0.0,0.0,0.376226,0.288329,-0.151949,0.0,0.0,0.379084,0.4958,-0.217783,0.0,0.0,0.378331,0.658999,-0.258163,0.0,0.0,0.384944,0.798961,-0.290223,0.0,0.0,0.436962,0.280198,-0.149212,0.0,0.0,0.476463,0.467455,-0.206414,0.0,0.0,0.505885,0.598746,-0.238507,0.0,0.0,0.535731,0.702247,-0.260746,0.0,0.0,0.485807,0.266795,-0.145566,0.0,0.0,0.53513,0.40557,-0.192427,0.0,0.0,0.572019,0.478246,-0.215389,0.0,0.0,0.608164,0.542836,-0.231249,0.0,0.0
v20.mp4,bb8c03ffbf6eed4dea69a58cb3139244a5213ebe449000dd7838a4efe3c30def,1920,1080,12.1,123,10.167,57,4750,Left,0.924177,0.430808,0.044328,1e-06,0.0,0.0,0.331425,0.133157,-0.038939,0.0,0.0,0.247894,0.255281,-0.078662,0.0,0.0,0.177178,0.359522,-0.109274,0.0,0.0,0.120963,0.45372,-0.143379,0.0,0.0,0.309728,0.290895,-0.156904,0.0,0.0,0.279728,0.488371,-0.215989,0.0,0.0,0.259012,0.621053,-0.248278,0.0,0.0,0.241351,0.743041,-0.270566,0.0,0.0,0.376013,0.288601,-0.160639,0.0,0.0,0.379076,0.493945,-0.229594,0.0,0.0,0.377295,0.656213,-0.27269,0.0,0.0,0.382999,0.794191,-0.307416,0.0,0.0,0.437352,0.279299,-0.157776,0.0,0.0,0.477092,0.469513,-0.21722,0.0,0.0,0.506934,0.60334,-0.251537,0.0,0.0,0.538226,0.706316,-0.275884,0.0,0.0,0.487521,0.266069,-0.15371,0.0,0.0,0.53605,0.406568,-0.202006,0.0,0.0,0.573124,0.481998,-0.226433,0.0,0.0,0.610752,0.548388,-0.243927,0.0,0.0
v20.mp4,bb8c03ffbf6eed4dea69a58cb3139244a5213ebe449000dd7838a4efe3c30def,1920,1080,12.1,123,10.167,58,4833,Left,0.926805,0.430644,0.050962,1e-06,0.0,0.0,0.335428,0.12976,-0.037878,0.0,0.0,0.249341,0.248413,-0.073831,0.0,0.0,0.177537,0.354958,-0.101309,0.0,0.0,0.123156,0.45019,-0.132162,0.0,0.0,0.315454,0.282903,-0.142437,0.0,0.0,0.28254,0.48788,-0.194927,0.0,0.0,0.258554,0.61789,-0.224083,0.0,0.0,0.23934,0.736433,-0.244526,0.0,0.0,0.380556,0.283057,-0.144753,0.0,0.0,0.379822,0.4726,-0.204363,0.0,0.0,0.377379,0.620244,-0.240149,0.0,0.0,0.383967,0.750839,-0.269367,0.0,0.0,0.439794,0.278757,-0.141843,0.0,0.0,0.475975,0.465758,-0.193853,0.0,0.0,0.504619,0.596691,-0.22289,0.0,0.0,0.536063,0.702042,-0.244162,0.0,0.0,0.487472,0.272431,-0.138405,0.0,0.0,0.534474,0.413328,-0.182372,0.0,0.0,0.571998,0.486401,-0.20368,0.0,0.0,0.609406,0.548627,-0.218684,0.0,0.0
v20.mp4,bb8c03ffbf6eed4dea69a58cb3139244a5213ebe449000dd7838a4efe3c30def,1920,1080,12.1,123,10.167,59,4916,Left,0.848892,0.432585,0.058696,1e-06,0.0,0.0,0.335315,0.124539,-0.042941,0.0,0.0,0.252436,0.243348,-0.083084,0.0,0.0,0.18448,0.346136,-0.113605,0.0,0.0,0.134371,0.437002,-0.147365,0.0,0.0,0.31755,0.278206,-0.155902,0.0,0.0,0.280555,0.46264,-0.210343,0.0,0.0,0.255129,0.576149,-0.239486,0.0,0.0,0.232677,0.684091,-0.262298,0.0,0.0,0.382823,0.288611,-0.159979,0.0,0.0,0.373344,0.420329,-0.23347,0.0,0.0,0.363615,0.494914,-0.272091,0.0,0.0,0.363371,0.562468,-0.300985,0.0,0.0,0.444271,0.294763,-0.158693,0.0,0.0,0.472679,0.457357,-0.224687,0.0,0.0,0.5014,0.572862,-0.257895,0.0,0.0,0.537075,0.670849,-0.281328,0.0,0.0,0.495169,0.292797,-0.156454,0.0,0.0,0.535547,0.423215,-0.211144,0.0,0.0,0.572903,0.48243,-0.237502,0.0,0.0,0.614769,0.535229,-0.256509,0.0,0.0
v20.mp4,bb8c03ffbf6eed4dea69a58cb3139244a5213ebe449000dd7838a4efe3c30def,1920,1080,12.1,123,10.167,60,5000,Left,0.658834,0.429163,0.076435,1e-06,0.0,0.0,0.327518,0.132016,-0.055063,0.0,0.0,0.237379,0.266942,-0.095552,0.0,0.0,0.174643,0.369634,-0.124875,0.0,0.0,0.121652,0.448504,-0.158606,0.0,0.0,0.318809,0.247709,-0.16128,0.0,0.0,0.28686,0.348422,-0.220293,0.0,0.0,0.247467,0.401992,-0.25609,0.0,0.0,0.205105,0.460509,-0.283516,0.0,0.0,0.387893,0.268363,-0.160418,0.0,0.0,0.384885,0.382528,-0.229169,0.0,0.0,0.376214,0.470388,-0.27328,0.0,0.0,0.373824,0.553813,-0.310761,0.0,0.0,0.448953,0.28466,-0.156073,0.0,0.0,0.478425,0.443761,-0.225866,0.0,0.0,0.506819,0.562827,-0.268681,0.0,0.0,0.538098,0.665765,-0.300503,0.0,0.0,0.49863,0.287984,-0.151121,0.0,0.0,0.539568,0.417269,-0.208639,0.0,0.0,0.577645,0.472024,-0.239664,0.0,0.0,0.617559,0.521049,-0.265172,0.0,0.0
v20.mp4,bb8c03ffbf6eed4dea69a58cb3139244a5213ebe449000dd7838a4efe3c30def,1920,1080,12.1,123,10.167,61,5083,Left,0.701758,0.428085,0.076086,1e-06,0.0,0.0,0.329332,0.138651,-0.05589,0.0,0.0,0.238863,0.270435,-0.097787,0.0,0.0,0.175045,0.367524,-0.129276,0.0,0.0,0.123032,0.440004,-0.165211,0.0,0.0,0.317763,0.247422,-0.165302,0.0,0.0,0.280654,0.329866,-0.227191,0.0,0.0,0.23483,0.358013,-0.266398,0.0,0.0,0.186179,0.387711,-0.295711,0.0,0.0,0.390056,0.260776,-0.16513,0.0,0.0,0.389141,0.3793,-0.234012,0.0,0.0,0.380006,0.472432,-0.280231,0.0,0.0,0.376899,0.55811,-0.320071,0.0,0.0,0.451725,0.275191,-0.161576,0.0,0.0,0.481254,0.441952,-0.232301,0.0,0.0,0.509109,0.560761,-0.277486,0.0,0.0,0.539564,0.660397,-0.311177,0.0,0.0,0.499885,0.279211,-0.15743,0.0,0.0,0.544296,0.410606,-0.216118,0.0,0.0,0.583235,0.472223,-0.247761,0.0,0.0,0.622627,0.525063,-0.27375,0.0,0.0
v20.mp4,bb8c03ffbf6eed4dea69a58cb3139244a5213ebe449000dd7838a4efe3c30def,1920,1080,12.1,123,10.167,62,5166,Left,0.600168,0.42567,0.076302,1e-06,0.0,0.0,0.328075,0.13823,-0.052923,0.0,0.0,0.23627,0.267528,-0.091855,0.0,0.0,0.174161,0.364396,-0.120881,0.0,0.0,0.123878,0.439391,-0.154381,0.0,0.0,0.317627,0.252065,-0.159207,0.0,0.0,0.282624,0.341247,-0.217391,0.0,0.0,0.23723,0.377443,-0.252459,0.0,0.0,0.187744,0.417523,-0.279288,0.0,0.0,0.388037,0.268266,-0.160378,0.0,0.0,0.385552,0.385837,-0.225558,0.0,0.0,0.37372,0.474407,-0.267279,0.0,0.0,0.367675,0.554631,-0.303905,0.0,0.0,0.449263,0.280212,-0.158625,0.0,0.0,0.480572,0.442729,-0.227681,0.0,0.0,0.510392,0.557807,-0.271308,0.0,0.0,0.542316,0.655672,-0.304199,0.0,0.0,0.498853,0.278303,-0.156264,0.0,0.0,0.547209,0.404699,-0.215314,0.0,0.0,0.592364,0.460276,-0.247703,0.0,0.0,0.637129,0.507724,-0.274251,0.0,0.0
v20.mp4,bb8c03ffbf6eed4dea69a58cb3139244a5213ebe449000dd7838a4efe3c30def,1920,1080,12.1,123,10.167,63,5250,Right,0.581992,0.42591,0.084124,1e-06,0.0,0.0,0.326524,0.136352,-0.061258,0.0,0.0,0.236112,0.262973,-0.102673,0.0,0.0,0.17564,0.360903,-0.132728,0.0,0.0,0.124424,0.438187,-0.16699,0.0,0.0,0.317983,0.247923,-0.164805,0.0,0.0,0.284313,0.340953,-0.225361,0.0,0.0,0.241945,0.38546,-0.262476,0.0,0.0,0.195513,0.437149,-0.29082,0.0,0.0,0.384945,0.272638,-0.161801,0.0,0.0,0.382998,0.391619,-0.229687,0.0,0.0,0.37136,0.480236,-0.274913,0.0,0.0,0.364372,0.56468,-0.314327,0.0,0.0,0.444683,0.290471,-0.156098,0.0,0.0,0.477278,0.447594,-0.225313,0.0,0.0,0.508994,0.564534,-0.26958,0.0,0.0,0.541655,0.664154,-0.303407,0.0,0.0,0.495328,0.292579,-0.150716,0.0,0.0,0.541034,0.418684,-0.207357,0.0,0.0,0.582666,0.475541,-0.239287,0.0,0.0,0.62466,0.524932,-0.266569,0.0,0.0
v20.mp4,bb8c03ffbf6eed4dea69a58cb3139244a5213ebe449000dd7838a4efe3c30def,1920,1080,12.1,123,10.167,64,5333,Left,0.905289,0.431893,0.062212,1e-06,0.0,0.0,0.33213,0.145449,-0.032214,0.0,0.0,0.244887,0.265916,-0.063108,0.0,0.0,0.179089,0.366958,-0.087676,0.0,0.0,0.123769,0.447206,-0.116005,0.0,0.0,0.315483,0.286854,-0.122785,0.0,0.0,0.272525,0.372431,-0.173901,0.0,0.0,0.225627,0.406702,-0.206022,0.0,0.0,0.179365,0.438121,-0.227759,0.0,0.0,0.378631,0.289217,-0.128824,0.0,0.0,0.392614,0.491503,-0.180088,0.0,0.0,0.391379,0.647852,-0.216609,0.0,0.0,0.399512,0.775165,-0.248503,0.0,0.0,0.436979,0.281164,-0.130226,0.0,0.0,0.480885,0.472598,-0.179936,0.0,0.0,0.512316,0.601305,-0.209398,0.0,0.0,0.544901,0.701642,-0.230954,0.0,0.0,0.486559,0.264859,-0.130333,0.0,0.0,0.538312,0.402005,-0.167873,0.0,0.0,0.575632,0.474711,-0.183086,0.0,0.0,0.61011,0.533801,-0.195548,0.0,0.0
v20.mp4,bb8c03ffbf6eed4dea69a58cb3139244a5213ebe449000dd7838a4efe3c30def,1920,1080,12.1,123,10.167,65,5416,Left,0.837812,0.433876,0.061698,1e-06,0.0,0.0,0.330264,0.139725,-0.037598,0.0,0.0,0.239994,0.264186,-0.070427,0.0,0.0,0.174646,0.364452,-0.095272,0.0,0.0,0.116984,0.440764,-0.124173,0.0,0.0,0.318176,0.279816,-0.135119,0.0,0.0,0.269565,0.368146,-0.187052,0.0,0.0,0.22459,0.416214,-0.217591,0.0,0.0,0.179082,0.462487,-0.238799,0.0,0.0,0.38215,0.287587,-0.139173,0.0,0.0,0.390019,0.488443,-0.196484,0.0,0.0,0.388172,0.64491,-0.238232,0.0,0.0,0.394315,0.775325,-0.27333,0.0,0.0,0.438789,0.282754,-0.137567,0.0,0.0,0.48219,0.471071,-0.192984,0.0,0.0,0.513341,0.600662,-0.228074,0.0,0.0,0.545882,0.703081,-0.253011,0.0,0.0,0.485578,0.269648,-0.134389,0.0,0.0,0.534529,0.403947,-0.175923,0.0,0.0,0.570899,0.476648,-0.195572,0.0,0.0,0.605547,0.538376,-0.211595,0.0,0.0
v20.mp4,bb8c03ffbf6eed4dea69a58cb3139244a5213ebe449000dd7838a4efe3c30def,1920,1080,12.1,123,10.167,66,5500,Left,0.935597,0.432889,0.057646,1e-06,0.0,0.0,0.336245,0.129135,-0.03812,0.0,0.0,0.247173,0.239852,-0.070992,0.0,0.0,0.174968,0.347727,-0.096003,0.0,0.0,0.123161,0.446359,-0.124745,0.0,0.0,0.317047,0.282107,-0.129987,0.0,0.0,0.280931,0.445324,-0.17906,0.0,0.0,0.257706,0.561997,-0.206486,0.0,0.0,0.238547,0.670834,-0.225641,0.0,0.0,0.383964,0.291838,-0.131981,0.0,0.0,0.390052,0.493958,-0.187065,0.0,0.0,0.390878,0.652074,-0.222245,0.0,0.0,0.39989,0.786895,-0.251393,0.0,0.0,0.443881,0.28909,-0.12939,0.0,0.0,0.48048,0.475395,-0.180036,0.0,0.0,0.510379,0.600739,-0.208222,0.0,0.0,0.542299,0.700384,-0.2283,0.0,0.0,0.491498,0.277484,-0.126333,0.0,0.0,0.537591,0.411425,-0.168335,0.0,0.0,0.572627,0.482722,-0.188049,0.0,0.0,0.608108,0.543557,-0.201938,0.0,0.0
v20.mp4,bb8c03ffbf6eed4dea69a58cb3139244a5213ebe449000dd7838a4efe3c30def,1920,1080,12.1,123,10.167,67,5583,Left,0.875978,0.437262,0.059782,1e-06,0.0,0.0,0.337361,0.128233,-0.040269,0.0,0.0,0.245293,0.233091,-0.075974,0.0,0.0,0.174718,0.338094,-0.103164,0.0,0.0,0.126591,0.442586,-0.134238,0.0,0.0,0.314913,0.287022,-0.140366,0.0,0.0,0.285599,0.484761,-0.193117,0.0,0.0,0.26464,0.619132,-0.223267,0.0,0.0,0.248678,0.739377,-0.243603,0.0,0.0,0.382947,0.289751,-0.141081,0.0,0.0,0.39025,0.502489,-0.196328,0.0,0.0,0.392002,0.663696,-0.231272,0.0,0.0,0.402465,0.799549,-0.260487,0.0,0.0,0.44414,0.284,-0.137069,0.0,0.0,0.482403,0.47593,-0.186106,0.0,0.0,0.51437,0.601696,-0.214506,0.0,0.0,0.547198,0.699585,-0.235345,0.0,0.0,0.493206,0.272459,-0.132933,0.0,0.0,0.538909,0.409166,-0.174839,0.0,0.0,0.576252,0.477858,-0.19505,0.0,0.0,0.612519,0.534173,-0.209082,0.0,0.0
v20.mp4,bb8c03ffbf6eed4dea69a58cb3139244a5213ebe449000dd7838a4efe3c30def,1920,1080,12.1,123,10.167,68,5666,Left,0.928983,0.434571,0.052681,1e-06,0.0,0.0,0.33618,0.123408,-0.041723,0.0,0.0,0.24837,0.230754,-0.080149,0.0,0.0,0.178671,0.331741,-0.109808,0.0,0.0,0.130856,0.437882,-0.143128,0.0,0.0,0.3174,0.285702,-0.149436,0.0,0.0,0.285653,0.485623,-0.20548,0.0,0.0,0.265576,0.620965,-0.237585,0.0,0.0,0.249776,0.74092,-0.259819,0.0,0.0,0.385905,0.28818,-0.151306,0.0,0.0,0.393134,0.501391,-0.21224,0.0,0.0,0.397838,0.664156,-0.25144,0.0,0.0,0.409155,0.800813,-0.284196,0.0,0.0,0.446555,0.284646,-0.147844,0.0,0.0,0.482337,0.481046,-0.200896,0.0,0.0,0.514281,0.612329,-0.232064,0.0,0.0,0.547016,0.712064,-0.255474,0.0,0.0,0.494392,0.276019,-0.1441,0.0,0.0,0.538903,0.417444,-0.18844,0.0,0.0,0.575898,0.488265,-0.210007,0.0,0.0,0.613318,0.543701,-0.225677,0.0,0.0
v20.mp4,bb8c03ffbf6eed4dea69a58cb3139244a5213ebe449000dd7838a4efe3c30def,1920,1080,12.1,123,10.167,69,5750,Left,0.832476,0.433358,0.060749,1e-06,0.0,0.0,0.336983,0.118579,-0.043477,0.0,0.0,0.247708,0.203499,-0.083435,0.0,0.0,0.175254,0.279415,-0.115108,0.0,0.0,0.121139,0.360686,-0.150524,0.0,0.0,0.316294,0.286858,-0.143894,0.0,0.0,0.283973,0.480842,-0.200156,0.0,0.0,0.263045,0.619175,-0.232976,0.0,0.0,0.247756,0.740486,-0.254984,0.0,0.0,0.382425,0.295475,-0.144302,0.0,0.0,0.392062,0.500062,-0.203344,0.0,0.0,0.396159,0.659152,-0.239235,0.0,0.0,0.408111,0.795038,-0.268269,0.0,0.0,0.442466,0.290608,-0.140285,0.0,0.0,0.480672,0.474902,-0.192029,0.0,0.0,0.513635,0.600733,-0.218863,0.0,0.0,0.547284,0.69961,-0.237792,0.0,0.0,0.491265,0.276038,-0.136611,0.0,0.0,0.538249,0.409691,-0.179728,0.0,0.0,0.575582,0.480764,-0.198274,0.0,0.0,0.611331,0.540183,-0.210465,0.0,0.0
v20.mp4,bb8c03ffbf6eed4dea69a58cb3139244a5213ebe449000dd7838a4efe3c30def,1920,1080,12.1,123,10.167,70,5833,Left,0.901221,0.438053,0.063693,1e-06,0.0,0.0,0.341186,0.1124,-0.037864,0.0,0.0,0.252317,0.190412,-0.076538,0.0,0.0,0.172874,0.22687,-0.109175,0.0,0.0,0.104854,0.236371,-0.147029,0.0,0.0,0.320316,0.274745,-0.140376,0.0,0.0,0.288895,0.477495,-0.194458,0.0,0.0,0.267322,0.615692,-0.226706,0.0,0.0,0.248663,0.735141,-0.249058,0.0,0.0,0.388163,0.283782,-0.14406,0.0,0.0,0.394794,0.49192,-0.198263,0.0,0.0,0.398635,0.657549,-0.232077,0.0,0.0,0.410469,0.795962,-0.260893,0.0,0.0,0.447807,0.280874,-0.142968,0.0,0.0,0.479838,0.473864,-0.190375,0.0,0.0,0.511922,0.606835,-0.218243,0.0,0.0,0.546356,0.707035,-0.238886,0.0,0.0,0.495053,0.267467,-0.142235,0.0,0.0,0.535904,0.409114,-0.181876,0.0,0.0,0.57452,0.484015,-0.199961,0.0,0.0,0.611461,0.540984,-0.212951,0.0,0.0
v20.mp4,bb8c03ffbf6eed4dea69a58cb3139244a5213ebe449000dd7838a4efe3c30def,1920,1080,12.1,123,10.167,71,5916,Left,0.883111,0.437602,0.065874,1e-06,0.0,0.0,0.342975,0.101671,-0.050046,0.0,0.0,0.249401,0.156733,-0.097914,0.0,0.0,0.154848,0.143952,-0.139615,0.0,0.0,0.076035,0.109169,-0.187208,0.0,0.0,0.323259,0.255209,-0.151892,0.0,0.0,0.289974,0.46375,-0.211556,0.0,0.0,0.267626,0.605046,-0.248828,0.0,0.0,0.247877,0.730231,-0.275176,0.0,0.0,0.392126,0.269176,-0.154197,0.0,0.0,0.393513,0.485346,-0.212066,0.0,0.0,0.397209,0.656187,-0.249103,0.0,0.0,0.408426,0.801048,-0.280645,0.0,0.0,0.452619,0.269841,-0.153104,0.0,0.0,0.480433,0.465689,-0.203435,0.0,0.0,0.512118,0.600616,-0.232692,0.0,0.0,0.546509,0.703208,-0.254129,0.0,0.0,0.500306,0.257083,-0.154045,0.0,0.0,0.535255,0.402743,-0.195085,0.0,0.0,0.574085,0.478651,-0.21269,0.0,0.0,0.61181,0.534985,-0.2257,0.0,0.0
v20.mp4,bb8c03ffbf6eed4dea69a58cb3139244a5213ebe449000dd7838a4efe3c30def,1920,1080,12.1,123,10.167,72,6000,Left,0.839354,0.437593,0.063887,1e-06,0.0,0.0,0.342952,0.100444,-0.04904,0.0,0.0,0.244227,0.158807,-0.091081,0.0,0.0,0.147739,0.147373,-0.128245,0.0,0.0,0.068621,0.108466,-0.170874,0.0,0.0,0.319242,0.261851,-0.130823,0.0,0.0,0.285517,0.466502,-0.181676,0.0,0.0,0.264345,0.607122,-0.213153,0.0,0.0,0.245687,0.731353,-0.236254,0.0,0.0,0.388861,0.276896,-0.132509,0.0,0.0,0.393197,0.492796,-0.182969,0.0,0.0,0.400498,0.659976,-0.214322,0.0,0.0,0.413176,0.799944,-0.241282,0.0,0.0,0.44965,0.273088,-0.13246,0.0,0.0,0.479586,0.464315,-0.180334,0.0,0.0,0.516072,0.595827,-0.207413,0.0,0.0,0.552699,0.702433,-0.22613,0.0,0.0,0.49865,0.255079,-0.134871,0.0,0.0,0.536835,0.39875,-0.176068,0.0,0.0,0.578389,0.475134,-0.194024,0.0,0.0,0.617387,0.534993,-0.206363,0.0,0.0
v20.mp4,bb8c03ffbf6eed4dea69a58cb3139244a5213ebe449000dd7838a4efe3c30def,1920,1080,12.1,123,10.167,73,6083,Left,0.705477,0.435729,0.055835,1e-06,0.0,0.0,0.338618,0.106372,-0.048019,0.0,0.0,0.246422,0.207674,-0.082496,0.0,0.0,0.168108,0.292874,-0.110275,0.0,0.0,0.102529,0.358965,-0.14214,0.0,0.0,0.32371,0.277898,-0.126984,0.0,0.0,0.286717,0.47511,-0.173415,0.0,0.0,0.265161,0.611004,-0.201015,0.0,0.0,0.248559,0.734265,-0.221941,0.0,0.0,0.389972,0.285969,-0.12745,0.0,0.0,0.394845,0.499031,-0.179493,0.0,0.0,0.399919,0.666546,-0.212528,0.0,0.0,0.412568,0.80739,-0.240839,0.0,0.0,0.446985,0.279247,-0.125898,0.0,0.0,0.480445,0.466567,-0.177862,0.0,0.0,0.516637,0.595314,-0.205901,0.0,0.0,0.553296,0.701091,-0.22564,0.0,0.0,0.492207,0.262325,-0.125856,0.0,0.0,0.535318,0.40552,-0.171718,0.0,0.0,0.577805,0.47696,-0.192182,0.0,0.0,0.619635,0.533771,-0.206609,0.0,0.0
v20.mp4,bb8c03ffbf6eed4dea69a58cb3139244a5213ebe449000dd7838a4efe3c30def,1920,1080,12.1,123,10.167,74,6166,Left,0.780226,0.434922,0.062242,1e-06,0.0,0.0,0.331869,0.134678,-0.043108,0.0,0.0,0.235874,0.251885,-0.081622,0.0,0.0,0.156765,0.349539,-0.111419,0.0,0.0,0.092536,0.430616,-0.14569,0.0,0.0,0.315432,0.275567,-0.154311,0.0,0.0,0.288037,0.472947,-0.211374,0.0,0.0,0.266676,0.613218,-0.244888,0.0,0.0,0.247427,0.737922,-0.26895,0.0,0.0,0.388427,0.275395,-0.156033,0.0,0.0,0.395912,0.483683,-0.216119,0.0,0.0,0.397949,0.654369,-0.254733,0.0,0.0,0.407764,0.797341,-0.288797,0.0,0.0,0.450506,0.270095,-0.152591,0.0,0.0,0.482364,0.466012,-0.205387,0.0,0.0,0.514842,0.599568,-0.235955,0.0,0.0,0.548779,0.700389,-0.259828,0.0,0.0,0.498393,0.257764,-0.14926,0.0,0.0,0.540109,0.398594,-0.19369,0.0,0.0,0.577981,0.474937,-0.21638,0.0,0.0,0.614934,0.536866,-0.234134,0.0,0.0
v20.mp4,bb8c03ffbf6eed4dea69a58cb3139244a5213ebe449000dd7838a4efe3c30def,1920,1080,12.1,123,10.167,75,6250,Left,0.840028,0.436265,0.064507,1e-06,0.0,0.0,0.333443,0.129317,-0.044902,0.0,0.0,0.236794,0.242209,-0.083627,0.0,0.0,0.158053,0.342854,-0.112822,0.0,0.0,0.095287,0.429639,-0.146085,0.0,0.0,0.316076,0.268386,-0.154373,0.0,0.0,0.287348,0.473605,-0.21018,0.0,0.0,0.265724,0.614312,-0.242358,0.0,0.0,0.246716,0.738826,-0.26539,0.0,0.0,0.387431,0.270757,-0.154404,0.0,0.0,0.394198,0.486547,-0.213141,0.0,0.0,0.396799,0.65645,-0.250972,0.0,0.0,0.406866,0.799656,-0.28442,0.0,0.0,0.448409,0.26898,-0.149332,0.0,0.0,0.481545,0.469875,-0.201169,0.0,0.0,0.51319,0.604947,-0.231336,0.0,0.0,0.546249,0.706855,-0.255089,0.0,0.0,0.495053,0.261568,-0.144424,0.0,0.0,0.537742,0.40739,-0.187989,0.0,0.0,0.574981,0.483689,-0.209899,0.0,0.0,0.611292,0.544309,-0.227196,0.0,0.0
v20.mp4,bb8c03ffbf6eed4dea69a58cb3139244a5213ebe449000dd7838a4efe3c30def,1920,1080,12.1,123,10.167,76,6333,Left,0.911134,0.432949,0.059693,1e-06,0.0,0.0,0.33287,0.124114,-0.04569,0.0,0.0,0.237838,0.239108,-0.085062,0.0,0.0,0.15967,0.340869,-0.115002,0.0,0.0,0.096776,0.429267,-0.149093,0.0,0.0,0.318532,0.27073,-0.156277,0.0,0.0,0.288049,0.476813,-0.212414,0.0,0.0,0.265984,0.615793,-0.244626,0.0,0.0,0.246915,0.739477,-0.267626,0.0,0.0,0.390199,0.275563,-0.156349,0.0,0.0,0.394257,0.491569,-0.215205,0.0,0.0,0.396695,0.660419,-0.252963,0.0,0.0,0.406745,0.802227,-0.286382,0.0,0.0,0.451032,0.275229,-0.151353,0.0,0.0,0.482205,0.473755,-0.203122,0.0,0.0,0.514511,0.606714,-0.233422,0.0,0.0,0.548128,0.705366,-0.25732,0.0,0.0,0.49751,0.26989,-0.146644,0.0,0.0,0.537442,0.415847,-0.189696,0.0,0.0,0.574777,0.489424,-0.211136,0.0,0.0,0.612246,0.544423,-0.228161,0.0,0.0
v20.mp4,bb8c03ffbf6eed4dea69a58cb3139244a5213ebe449000dd7838a4efe3c30def,1920,1080,12.1,123,10.167,77,6416,Left,0.817468,0.435502,0.0608,1e-06,0.0,0.0,0.336217,0.12147,-0.044668,0.0,0.0,0.242791,0.22726,-0.08616,0.0,0.0,0.161256,0.315039,-0.119356,0.0,0.0,0.088812,0.371305,-0.156936,0.0,0.0,0.317426,0.275142,-0.152446,0.0,0.0,0.286184,0.473856,-0.209096,0.0,0.0,0.266195,0.615651,-0.241413,0.0,0.0,0.24947,0.738828,-0.264337,0.0,0.0,0.388173,0.282157,-0.154116,0.0,0.0,0.393493,0.490074,-0.214975,0.0,0.0,0.396036,0.658799,-0.251907,0.0,0.0,0.406316,0.801233,-0.283338,0.0,0.0,0.450179,0.278027,-0.150915,0.0,0.0,0.480557,0.471326,-0.205603,0.0,0.0,0.513696,0.602001,-0.235127,0.0,0.0,0.548386,0.702088,-0.2569,0.0,0.0,0.498604,0.26424,-0.147961,0.0,0.0,0.540025,0.404594,-0.193951,0.0,0.0,0.577412,0.478202,-0.215639,0.0,0.0,0.614552,0.537456,-0.231486,0.0,0.0
v20.mp4,bb8c03ffbf6eed4dea69a58cb3139244a5213ebe449000dd7838a4efe3c30def,1920,1080,12.1,123,10.167,78,6500,Left,0.823608,0.433304,0.060827,1e-06,0.0,0.0,0.33734,0.117627,-0.042816,0.0,0.0,0.240796,0.211444,-0.083214,0.0,0.0,0.154836,0.278172,-0.116402,0.0,0.0,0.078393,0.306565,-0.15452,0.0,0.0,0.318126,0.273235,-0.144031,0.0,0.0,0.287882,0.476835,-0.197052,0.0,0.0,0.266775,0.616354,-0.228073,0.0,0.0,0.24872,0.736088,-0.249991,0.0,0.0,0.38782,0.280563,-0.146262,0.0,0.0,0.393327,0.491276,-0.2001,0.0,0.0,0.396135,0.657496,-0.232816,0.0,0.0,0.406787,0.796944,-0.261306,0.0,0.0,0.449041,0.276334,-0.144316,0.0,0.0,0.479701,0.472313,-0.19297,0.0,0.0,0.512964,0.60315,-0.220259,0.0,0.0,0.548137,0.703163,-0.240869,0.0,0.0,0.497601,0.260664,-0.14305,0.0,0.0,0.537085,0.405358,-0.183688,0.0,0.0,0.576181,0.479193,-0.202261,0.0,0.0,0.614625,0.537343,-0.216315,0.0,0.0
v20.mp4,bb8c03ffbf6eed4dea69a58cb3139244a5213ebe449000dd7838a4efe3c30def,1920,1080,12.1,123,10.167,79,6583,Left,0.786621,0.432718,0.063499,1e-06,0.0,0.0,0.335781,0.118921,-0.041335,0.0,0.0,0.239555,0.211646,-0.080601,0.0,0.0,0.154731,0.265239,-0.11456,0.0,0.0,0.076917,0.278703,-0.154542,0.0,0.0,0.315733,0.275217,-0.137452,0.0,0.0,0.287694,0.476696,-0.188954,0.0,0.0,0.26676,0.616295,-0.21934,0.0,0.0,0.248726,0.738307,-0.241294,0.0,0.0,0.386079,0.284351,-0.142641,0.0,0.0,0.389928,0.494561,-0.191868,0.0,0.0,0.392018,0.66307,-0.221426,0.0,0.0,0.402594,0.80378,-0.248119,0.0,0.0,0.449301,0.276367,-0.144653,0.0,0.0,0.478377,0.472783,-0.191436,0.0,0.0,0.512173,0.604656,-0.217461,0.0,0.0,0.547958,0.706007,-0.237191,0.0,0.0,0.500528,0.253532,-0.147707,0.0,0.0,0.539441,0.398414,-0.189057,0.0,0.0,0.580587,0.474285,-0.207411,0.0,0.0,0.621805,0.531032,-0.221081,0.0,0.0
v20.mp4,bb8c03ffbf6eed4dea69a58cb3139244a5213ebe449000dd7838a4efe3c30def,1920,1080,12.1,123,10.167,80,6666,Left,0.762895,0.430688,0.06098,1e-06,0.0,0.0,0.332099,0.119566,-0.045042,0.0,0.0,0.239684,0.229749,-0.08332,0.0,0.0,0.165291,0.321666,-0.114759,0.0,0.0,0.096387,0.383283,-0.151413,0.0,0.0,0.314778,0.27379,-0.142323,0.0,0.0,0.286544,0.47194,-0.195288,0.0,0.0,0.266425,0.614669,-0.226388,0.0,0.0,0.249438,0.740928,-0.249104,0.0,0.0,0.385053,0.280929,-0.145477,0.0,0.0,0.389248,0.492501,-0.198872,0.0,0.0,0.391748,0.665494,-0.231626,0.0,0.0,0.402189,0.80863,-0.261068,0.0,0.0,0.447781,0.275628,-0.145384,0.0,0.0,0.478595,0.471588,-0.195623,0.0,0.0,0.512904,0.606435,-0.222755,0.0,0.0,0.547728,0.709882,-0.243762,0.0,0.0,0.499351,0.257964,-0.146383,0.0,0.0,0.539456,0.402841,-0.191049,0.0,0.0,0.579663,0.478285,-0.211449,0.0,0.0,0.620468,0.534089,-0.226932,0.0,0.0
v20.mp4,bb8c03ffbf6eed4dea69a58cb3139244a5213ebe449000dd7838a4efe3c30def,1920,1080,12.1,123,10.167,81,6750,Left,0.830423,0.432295,0.061535,1e-06,0.0,0.0,0.332247,0.127797,-0.044177,0.0,0.0,0.23502,0.240731,-0.083434,0.0,0.0,0.153636,0.339465,-0.113723,0.0,0.0,0.085153,0.41218,-0.148259,0.0,0.0,0.316847,0.270528,-0.154014,0.0,0.0,0.287354,0.473023,-0.210261,0.0,0.0,0.266425,0.615551,-0.242742,0.0,0.0,0.248418,0.739701,-0.265824,0.0,0.0,0.38996,0.274976,-0.154535,0.0,0.0,0.396126,0.486944,-0.213851,0.0,0.0,0.396775,0.657353,-0.251459,0.0,0.0,0.405771,0.800495,-0.284411,0.0,0.0,0.451732,0.272705,-0.149846,0.0,0.0,0.482325,0.470552,-0.202339,0.0,0.0,0.514478,0.602548,-0.232367,0.0,0.0,0.548876,0.70216,-0.255557,0.0,0.0,0.498965,0.26261,-0.145323,0.0,0.0,0.539637,0.405893,-0.189415,0.0,0.0,0.577184,0.481096,-0.211421,0.0,0.0,0.614718,0.540808,-0.228384,0.0,0.0
v20.mp4,bb8c03ffbf6eed4dea69a58cb3139244a5213ebe449000dd7838a4efe3c30def,1920,1080,12.1,123,10.167,82,6833,Left,0.776869,0.433981,0.056067,1e-06,0.0,0.0,0.332163,0.12292,-0.041908,0.0,0.0,0.235635,0.234682,-0.079421,0.0,0.0,0.156031,0.332816,-0.108893,0.0,0.0,0.089435,0.409161,-0.14273,0.0,0.0,0.316493,0.270492,-0.146794,0.0,0.0,0.287613,0.470915,-0.200857,0.0,0.0,0.267103,0.61412,-0.232233,0.0,0.0,0.249186,0.739612,-0.25469,0.0,0.0,0.388402,0.275674,-0.148641,0.0,0.0,0.392773,0.487905,-0.20524,0.0,0.0,0.394545,0.659453,-0.241439,0.0,0.0,0.404486,0.803548,-0.273425,0.0,0.0,0.450248,0.273339,-0.145644,0.0,0.0,0.479377,0.471175,-0.196476,0.0,0.0,0.513472,0.602829,-0.225567,0.0,0.0,0.54887,0.702278,-0.248023,0.0,0.0,0.498598,0.262207,-0.142854,0.0,0.0,0.539791,0.405528,-0.186137,0.0,0.0,0.578759,0.480081,-0.207423,0.0,0.0,0.617395,0.538409,-0.223704,0.0,0.0
v20.mp4,bb8c03ffbf6eed4dea69a58cb3139244a5213ebe449000dd7838a4efe3c30def,1920,1080,12.1,123,10.167,83,6916,Left,0.850109,0.435093,0.065055,1e-06,0.0,0.0,0.337173,0.119987,-0.044316,0.0,0.0,0.24053,0.21697,-0.085914,0.0,0.0,0.153268,0.291036,-0.11999,0.0,0.0,0.076295,0.325594,-0.158982,0.0,0.0,0.317266,0.273677,-0.148409,0.0,0.0,0.287478,0.476761,-0.203188,0.0,0.0,0.266693,0.61786,-0.235089,0.0,0.0,0.249205,0.738719,-0.257689,0.0,0.0,0.387399,0.281083,-0.150612,0.0,0.0,0.393675,0.490152,-0.207829,0.0,0.0,0.396327,0.658831,-0.243112,0.0,0.0,0.407264,0.800707,-0.273582,0.0,0.0,0.44915,0.278979,-0.14839,0.0,0.0,0.478697,0.474404,-0.200357,0.0,0.0,0.511926,0.603012,-0.229546,0.0,0.0,0.548055,0.699658,-0.251238,0.0,0.0,0.497862,0.26694,-0.146701,0.0,0.0,0.537252,0.409106,-0.190254,0.0,0.0,0.575654,0.480757,-0.210656,0.0,0.0,0.614345,0.535583,-0.225823,0.0,0.0
v20.mp4,bb8c03ffbf6eed4dea69a58cb3139244a5213ebe449000dd7838a4efe3c30def,1920,1080,12.1,123,10.167,84,7000,Left,0.845276,0.431997,0.06448,1e-06,0.0,0.0,0.335236,0.117395,-0.042895,0.0,0.0,0.239971,0.201189,-0.08389,0.0,0.0,0.152835,0.244334,-0.118469,0.0,0.0,0.075766,0.253197,-0.15853,0.0,0.0,0.319289,0.267677,-0.144733,0.0,0.0,0.288592,0.471908,-0.199976,0.0,0.0,0.267164,0.614902,-0.233052,0.0,0.0,0.248476,0.741014,-0.256525,0.0,0.0,0.389214,0.278125,-0.148415,0.0,0.0,0.391002,0.493641,-0.202365,0.0,0.0,0.393074,0.663642,-0.235453,0.0,0.0,0.404059,0.80758,-0.264659,0.0,0.0,0.450256,0.27503,-0.148066,0.0,0.0,0.478698,0.472774,-0.197118,0.0,0.0,0.511937,0.605645,-0.223765,0.0,0.0,0.547986,0.707307,-0.243781,0.0,0.0,0.498171,0.259869,-0.148727,0.0,0.0,0.535739,0.407452,-0.189892,0.0,0.0,0.575441,0.482143,-0.207182,0.0,0.0,0.616105,0.538871,-0.220233,0.0,0.0
v20.mp4,bb8c03ffbf6eed4dea69a58cb3139244a5213ebe449000dd7838a4efe3c30def,1920,1080,12.1,123,10.167,85,7083,Left,0.786541,0.434313,0.064216,1e-06,0.0,0.0,0.338018,0.113224,-0.043016,0.0,0.0,0.244008,0.19422,-0.083166,0.0,0.0,0.158596,0.225593,-0.118121,0.0,0.0,0.08373,0.217901,-0.159085,0.0,0.0,0.317458,0.269634,-0.13571,0.0,0.0,0.28762,0.472896,-0.187403,0.0,0.0,0.267762,0.615341,-0.218554,0.0,0.0,0.250096,0.739696,-0.240966,0.0,0.0,0.387578,0.280011,-0.140078,0.0,0.0,0.389246,0.492198,-0.18967,0.0,0.0,0.393156,0.662293,-0.21989,0.0,0.0,0.40468,0.804338,-0.246536,0.0,0.0,0.450024,0.273078,-0.141386,0.0,0.0,0.477389,0.470584,-0.18804,0.0,0.0,0.511512,0.603007,-0.214284,0.0,0.0,0.546923,0.70557,-0.233567,0.0,0.0,0.500851,0.251165,-0.144085,0.0,0.0,0.539509,0.396349,-0.184637,0.0,0.0,0.579933,0.471782,-0.201872,0.0,0.0,0.619595,0.527177,-0.214399,0.0,0.0
v20.mp4,bb8c03ffbf6eed4dea69a58cb3139244a5213ebe449000dd7838a4efe3c30def,1920,1080,12.1,123,10.167,86,7166,Left,0.791956,0.434676,0.064446,1e-06,0.0,0.0,0.336089,0.11473,-0.044097,0.0,0.0,0.239538,0.202249,-0.084277,0.0,0.0,0.152852,0.247894,-0.118868,0.0,0.0,0.074905,0.255648,-0.159404,0.0,0.0,0.31462,0.272703,-0.13909,0.0,0.0,0.285913,0.472068,-0.192181,0.0,0.0,0.266251,0.613722,-0.223976,0.0,0.0,0.248924,0.739198,-0.247074,0.0,0.0,0.384798,0.283269,-0.143764,0.0,0.0,0.389256,0.497154,-0.195289,0.0,0.0,0.393849,0.66632,-0.226386,0.0,0.0,0.406141,0.809649,-0.253971,0.0,0.0,0.447113,0.278073,-0.145487,0.0,0.0,0.477007,0.475221,-0.194431,0.0,0.0,0.512705,0.606228,-0.220635,0.0,0.0,0.549304,0.707786,-0.240006,0.0,0.0,0.497812,0.258747,-0.148628,0.0,0.0,0.537153,0.405925,-0.190898,0.0,0.0,0.578132,0.481158,-0.208692,0.0,0.0,0.618365,0.536238,-0.221821,0.0,0.0
v20.mp4,bb8c03ffbf6eed4dea69a58cb3139244a5213ebe449000dd7838a4efe3c30def,1920,1080,12.1,123,10.167,87,7250,Left,0.770833,0.434308,0.057713,1e-06,0.0,0.0,0.332331,0.118915,-0.047367,0.0,0.0,0.234907,0.238927,-0.083041,0.0,0.0,0.156815,0.343055,-0.110712,0.0,0.0,0.089968,0.422343,-0.143128,0.0,0.0,0.314452,0.272178,-0.143021,0.0,0.0,0.285129,0.469648,-0.195103,0.0,0.0,0.265303,0.611641,-0.225385,0.0,0.0,0.248521,0.738284,-0.247727,0.0,0.0,0.38666,0.278993,-0.144055,0.0,0.0,0.392942,0.494752,-0.198722,0.0,0.0,0.394793,0.668976,-0.233009,0.0,0.0,0.404503,0.811819,-0.263834,0.0,0.0,0.448901,0.275513,-0.14192,0.0,0.0,0.479943,0.473364,-0.194686,0.0,0.0,0.514724,0.603674,-0.22319,0.0,0.0,0.550214,0.702587,-0.244599,0.0,0.0,0.499285,0.262461,-0.140776,0.0,0.0,0.537987,0.411173,-0.187039,0.0,0.0,0.578771,0.48589,-0.208689,0.0,0.0,0.619319,0.541479,-0.224997,0.0,0.0
v20.mp4,bb8c03ffbf6eed4dea69a58cb3139244a5213ebe449000dd7838a4efe3c30def,1920,1080,12.1,123,10.167,88,7333,Left,0.817741,0.435343,0.058047,1e-06,0.0,0.0,0.333186,0.124895,-0.044214,0.0,0.0,0.234968,0.238312,-0.08221,0.0,0.0,0.154405,0.338741,-0.111041,0.0,0.0,0.090389,0.421853,-0.143937,0.0,0.0,0.317483,0.268213,-0.151498,0.0,0.0,0.28814,0.471274,-0.207005,0.0,0.0,0.266587,0.611885,-0.239572,0.0,0.0,0.247538,0.736643,-0.262829,0.0,0.0,0.39029,0.271934,-0.151796,0.0,0.0,0.395646,0.487149,-0.20874,0.0,0.0,0.39726,0.657007,-0.245597,0.0,0.0,0.406675,0.800453,-0.278547,0.0,0.0,0.451766,0.270349,-0.147245,0.0,0.0,0.482221,0.47008,-0.197699,0.0,0.0,0.514395,0.602509,-0.226889,0.0,0.0,0.548342,0.702393,-0.250077,0.0,0.0,0.49882,0.261688,-0.143063,0.0,0.0,0.538212,0.40677,-0.185539,0.0,0.0,0.574993,0.48247,-0.206636,0.0,0.0,0.611128,0.542144,-0.223372,0.0,0.0
v20.mp4,bb8c03ffbf6eed4dea69a58cb3139244a5213ebe449000dd7838a4efe3c30def,1920,1080,12.1,123,10.167,89,7416,Left,0.80232,0.434973,0.062494,1e-06,0.0,0.0,0.331311,0.129064,-0.044805,0.0,0.0,0.233731,0.24137,-0.083269,0.0,0.0,0.154178,0.339821,-0.112739,0.0,0.0,0.090568,0.423569,-0.146511,0.0,0.0,0.316704,0.26776,-0.15305,0.0,0.0,0.288615,0.470752,-0.208945,0.0,0.0,0.267403,0.611897,-0.241798,0.0,0.0,0.248542,0.737183,-0.265326,0.0,0.0,0.389932,0.271764,-0.153735,0.0,0.0,0.394424,0.484867,-0.211295,0.0,0.0,0.396047,0.655651,-0.248596,0.0,0.0,0.405103,0.800271,-0.282058,0.0,0.0,0.45215,0.270384,-0.149621,0.0,0.0,0.481897,0.46814,-0.200601,0.0,0.0,0.51406,0.601604,-0.2301,0.0,0.0,0.547524,0.702608,-0.253675,0.0,0.0,0.500152,0.261371,-0.145972,0.0,0.0,0.54023,0.40502,-0.189095,0.0,0.0,0.577362,0.480376,-0.210579,0.0,0.0,0.613984,0.53955,-0.227755,0.0,0.0
v20.mp4,bb8c03ffbf6eed4dea69a58cb3139244a5213ebe449000dd7838a4efe3c30def,1920,1080,12.1,123,10.167,90,7500,Left,0.800937,0.43297,0.060673,1e-06,0.0,0.0,0.331958,0.125576,-0.044589,0.0,0.0,0.235429,0.236915,-0.082714,0.0,0.0,0.155656,0.332777,-0.111966,0.0,0.0,0.091138,0.412892,-0.145568,0.0,0.0,0.317653,0.268564,-0.151359,0.0,0.0,0.288101,0.471512,-0.206375,0.0,0.0,0.266547,0.612665,-0.238587,0.0,0.0,0.247564,0.737823,-0.261656,0.0,0.0,0.389651,0.273209,-0.151729,0.0,0.0,0.393993,0.485285,-0.208549,0.0,0.0,0.395538,0.656044,-0.245138,0.0,0.0,0.404558,0.801256,-0.277871,0.0,0.0,0.451075,0.272158,-0.147389,0.0,0.0,0.481602,0.468658,-0.197694,0.0,0.0,0.514664,0.602764,-0.226848,0.0,0.0,0.548894,0.704835,-0.25003,0.0,0.0,0.498895,0.263541,-0.143565,0.0,0.0,0.539452,0.408197,-0.1862,0.0,0.0,0.577221,0.48339,-0.207402,0.0,0.0,0.614218,0.542326,-0.224218,0.0,0.0
v20.mp4,bb8c03ffbf6eed4dea69a58cb3139244a5213ebe449000dd7838a4efe3c30def,1920,1080,12.1,123,10.167,91,7583,Left,0.849086,0.436178,0.067629,1e-06,0.0,0.0,0.336931,0.123255,-0.043599,0.0,0.0,0.238071,0.2096,-0.086484,0.0,0.0,0.150272,0.26613,-0.121767,0.0,0.0,0.073962,0.289047,-0.162212,0.0,0.0,0.318245,0.266193,-0.154134,0.0,0.0,0.287313,0.470213,-0.211136,0.0,0.0,0.267066,0.613573,-0.244464,0.0,0.0,0.249564,0.736484,-0.267765,0.0,0.0,0.389761,0.274367,-0.156582,0.0,0.0,0.394824,0.483785,-0.215049,0.0,0.0,0.397204,0.653434,-0.250381,0.0,0.0,0.4076,0.795524,-0.280963,0.0,0.0,0.452073,0.272829,-0.154125,0.0,0.0,0.480571,0.469494,-0.206471,0.0,0.0,0.513275,0.600968,-0.235508,0.0,0.0,0.548956,0.699634,-0.257121,0.0,0.0,0.500538,0.261185,-0.152123,0.0,0.0,0.540216,0.405265,-0.195684,0.0,0.0,0.579122,0.479838,-0.215928,0.0,0.0,0.617851,0.537676,-0.230986,0.0,0.0
v20.mp4,bb8c03ffbf6eed4dea69a58cb3139244a5213ebe449000dd7838a4efe3c30def,1920,1080,12.1,123,10.167,92,7666,Left,0.769427,0.435995,0.061609,1e-06,0.0,0.0,0.338566,0.116506,-0.042212,0.0,0.0,0.240452,0.19913,-0.08316,0.0,0.0,0.151698,0.235885,-0.1185,0.0,0.0,0.073698,0.240138,-0.159919,0.0,0.0,0.318502,0.268574,-0.144396,0.0,0.0,0.286394,0.469384,-0.1985,0.0,0.0,0.26575,0.612934,-0.23056,0.0,0.0,0.247879,0.739898,-0.253942,0.0,0.0,0.38802,0.277629,-0.149469,0.0,0.0,0.392041,0.493113,-0.203347,0.0,0.0,0.394135,0.664377,-0.235642,0.0,0.0,0.404357,0.806045,-0.264564,0.0,0.0,0.449776,0.27202,-0.150826,0.0,0.0,0.478576,0.469765,-0.201081,0.0,0.0,0.512762,0.601686,-0.22847,0.0,0.0,0.549037,0.701926,-0.248942,0.0,0.0,0.499665,0.25343,-0.153207,0.0,0.0,0.536793,0.402016,-0.19711,0.0,0.0,0.577926,0.477815,-0.216831,0.0,0.0,0.618986,0.534575,-0.231497,0.0,0.0
v20.mp4,bb8c03ffbf6eed4dea69a58cb3139244a5213ebe449000dd7838a4efe3c30def,1920,1080,12.1,123,10.167,93,7750,Left,0.774915,0.43521,0.064823,1e-06,0.0,0.0,0.337364,0.113477,-0.044412,0.0,0.0,0.239959,0.198547,-0.08654,0.0,0.0,0.155758,0.24422,-0.123156,0.0,0.0,0.077689,0.248468,-0.166103,0.0,0.0,0.314933,0.270398,-0.145177,0.0,0.0,0.286095,0.469188,-0.198554,0.0,0.0,0.26601,0.61108,-0.229683,0.0,0.0,0.249038,0.73599,-0.252373,0.0,0.0,0.387461,0.281206,-0.150177,0.0,0.0,0.392257,0.493263,-0.203959,0.0,0.0,0.394432,0.663938,-0.23509,0.0,0.0,0.405121,0.804357,-0.262551,0.0,0.0,0.451493,0.275018,-0.151832,0.0,0.0,0.480254,0.471985,-0.203401,0.0,0.0,0.51601,0.602665,-0.230506,0.0,0.0,0.553116,0.703522,-0.250118,0.0,0.0,0.502811,0.254288,-0.154526,0.0,0.0,0.540224,0.401852,-0.199706,0.0,0.0,0.584461,0.475951,-0.219044,0.0,0.0,0.628604,0.531334,-0.232963,0.0,0.0
v20.mp4,bb8c03ffbf6eed4dea69a58cb3139244a5213ebe449000dd7838a4efe3c30def,1920,1080,12.1,123,10.167,94,7833,Left,0.770659,0.433127,0.056532,1e-06,0.0,0.0,0.332656,0.124036,-0.041475,0.0,0.0,0.23598,0.246516,-0.074927,0.0,0.0,0.157983,0.348538,-0.101443,0.0,0.0,0.088905,0.413657,-0.133042,0.0,0.0,0.312022,0.273792,-0.135989,0.0,0.0,0.284565,0.471958,-0.18459,0.0,0.0,0.265587,0.612433,-0.212431,0.0,0.0,0.249644,0.737191,-0.233082,0.0,0.0,0.382964,0.278804,-0.138633,0.0,0.0,0.390992,0.494208,-0.187655,0.0,0.0,0.394108,0.665879,-0.21784,0.0,0.0,0.404898,0.807205,-0.245971,0.0,0.0,0.445153,0.275135,-0.137868,0.0,0.0,0.478797,0.472609,-0.184578,0.0,0.0,0.512894,0.603531,-0.210532,0.0,0.0,0.547739,0.703832,-0.231128,0.0,0.0,0.496232,0.262408,-0.137904,0.0,0.0,0.537927,0.408271,-0.178782,0.0,0.0,0.578057,0.484016,-0.198453,0.0,0.0,0.616658,0.540923,-0.214037,0.0,0.0
v20.mp4,bb8c03ffbf6eed4dea69a58cb3139244a5213ebe449000dd7838a4efe3c30def,1920,1080,12.1,123,10.167,95,7916,Left,0.882698,0.432246,0.056259,1e-06,0.0,0.0,0.33232,0.126453,-0.043912,0.0,0.0,0.235376,0.246998,-0.081692,0.0,0.0,0.153551,0.345876,-0.110551,0.0,0.0,0.085513,0.418737,-0.143619,0.0,0.0,0.31477,0.268669,-0.149248,0.0,0.0,0.287622,0.471053,-0.203525,0.0,0.0,0.266382,0.609559,-0.234842,0.0,0.0,0.247385,0.732803,-0.257397,0.0,0.0,0.386313,0.270793,-0.149956,0.0,0.0,0.395083,0.485993,-0.206225,0.0,0.0,0.39715,0.65366,-0.242255,0.0,0.0,0.406688,0.795783,-0.274285,0.0,0.0,0.447111,0.269365,-0.146042,0.0,0.0,0.480878,0.471002,-0.196611,0.0,0.0,0.512379,0.604219,-0.226296,0.0,0.0,0.546025,0.705993,-0.249507,0.0,0.0,0.493386,0.262655,-0.142414,0.0,0.0,0.535342,0.409193,-0.184733,0.0,0.0,0.572816,0.484865,-0.206047,0.0,0.0,0.609651,0.544097,-0.222919,0.0,0.0
v20.mp4,bb8c03ffbf6eed4dea69a58cb3139244a5213ebe449000dd7838a4efe3c30def,1920,1080,12.1,123,10.167,96,8000,Left,0.860659,0.433696,0.066037,1e-06,0.0,0.0,0.33266,0.133608,-0.044228,0.0,0.0,0.236203,0.24945,-0.084866,0.0,0.0,0.155685,0.344305,-0.116341,0.0,0.0,0.086712,0.41684,-0.152405,0.0,0.0,0.315841,0.270708,-0.159392,0.0,0.0,0.288784,0.469821,-0.216952,0.0,0.0,0.267081,0.609508,-0.2501,0.0,0.0,0.247072,0.733342,-0.273723,0.0,0.0,0.389082,0.272163,-0.160999,0.0,0.0,0.394506,0.48472,-0.219949,0.0,0.0,0.3956,0.654733,-0.256214,0.0,0.0,0.403957,0.797902,-0.288877,0.0,0.0,0.451432,0.269549,-0.157502,0.0,0.0,0.482735,0.467635,-0.209963,0.0,0.0,0.513793,0.602157,-0.239774,0.0,0.0,0.546224,0.704037,-0.263492,0.0,0.0,0.499191,0.260554,-0.154186,0.0,0.0,0.540083,0.404205,-0.198586,0.0,0.0,0.577866,0.478267,-0.220667,0.0,0.0,0.615254,0.537165,-0.238335,0.0,0.0
v20.mp4,bb8c03ffbf6eed4dea69a58cb3139244a5213ebe449000dd7838a4efe3c30def,1920,1080,12.1,123,10.167,97,8083,Left,0.869821,0.431158,0.059309,1e-06,0.0,0.0,0.331205,0.131925,-0.041953,0.0,0.0,0.235651,0.249504,-0.079649,0.0,0.0,0.153418,0.346087,-0.108514,0.0,0.0,0.085175,0.418668,-0.141426,0.0,0.0,0.314411,0.271935,-0.149148,0.0,0.0,0.286825,0.469561,-0.203809,0.0,0.0,0.266666,0.609301,-0.235417,0.0,0.0,0.248034,0.733687,-0.258222,0.0,0.0,0.385974,0.27137,-0.150587,0.0,0.0,0.393159,0.482664,-0.208228,0.0,0.0,0.394959,0.65172,-0.244892,0.0,0.0,0.403858,0.795675,-0.277436,0.0,0.0,0.44677,0.268088,-0.147028,0.0,0.0,0.480999,0.46678,-0.198217,0.0,0.0,0.511006,0.602107,-0.227782,0.0,0.0,0.542279,0.706128,-0.25098,0.0,0.0,0.492695,0.260513,-0.14356,0.0,0.0,0.537677,0.405382,-0.186759,0.0,0.0,0.575014,0.481275,-0.208446,0.0,0.0,0.61088,0.543254,-0.225538,0.0,0.0
v20.mp4,bb8c03ffbf6eed4dea69a58cb3139244a5213ebe449000dd7838a4efe3c30def,1920,1080,12.1,123,10.167,98,8166,Left,0.861677,0.429656,0.063542,1e-06,0.0,0.0,0.326928,0.134052,-0.040583,0.0,0.0,0.233767,0.250792,-0.078371,0.0,0.0,0.154222,0.346433,-0.106803,0.0,0.0,0.086289,0.419821,-0.140374,0.0,0.0,0.31552,0.280987,-0.154303,0.0,0.0,0.287711,0.480513,-0.208876,0.0,0.0,0.26555,0.618699,-0.241784,0.0,0.0,0.245064,0.739572,-0.266394,0.0,0.0,0.391656,0.28018,-0.158421,0.0,0.0,0.399078,0.493391,-0.21455,0.0,0.0,0.398531,0.661336,-0.25332,0.0,0.0,0.406154,0.798475,-0.288165,0.0,0.0,0.45514,0.270924,-0.15674,0.0,0.0,0.486635,0.469945,-0.213064,0.0,0.0,0.515267,0.600175,-0.251944,0.0,0.0,0.547868,0.699649,-0.282549,0.0,0.0,0.500786,0.252478,-0.153753,0.0,0.0,0.556094,0.357194,-0.206616,0.0,0.0,0.607773,0.393105,-0.234344,0.0,0.0,0.657498,0.419216,-0.25539,0.0,0.0
v20.mp4,bb8c03ffbf6eed4dea69a58cb3139244a5213ebe449000dd7838a4efe3c30def,1920,1080,12.1,123,10.167,99,8250,Left,0.724553,0.434343,0.034313,1e-06,0.0,0.0,0.334227,0.112538,-0.038184,0.0,0.0,0.239672,0.239474,-0.070095,0.0,0.0,0.16018,0.342003,-0.093787,0.0,0.0,0.095411,0.412937,-0.123961,0.0,0.0,0.310699,0.264276,-0.138574,0.0,0.0,0.277619,0.471671,-0.181585,0.0,0.0,0.256438,0.609551,-0.203212,0.0,0.0,0.239154,0.729176,-0.220638,0.0,0.0,0.38063,0.264403,-0.143048,0.0,0.0,0.394488,0.487522,-0.188863,0.0,0.0,0.396213,0.652458,-0.221113,0.0,0.0,0.404603,0.785346,-0.250089,0.0,0.0,0.442458,0.247734,-0.142222,0.0,0.0,0.48481,0.447188,-0.194922,0.0,0.0,0.508917,0.579459,-0.237678,0.0,0.0,0.535746,0.683449,-0.270878,0.0,0.0,0.48886,0.216442,-0.139546,0.0,0.0,0.549727,0.292859,-0.195451,0.0,0.0,0.590885,0.302759,-0.228132,0.0,0.0,0.630263,0.302025,-0.252051,0.0,0.0
v20.mp4,bb8c03ffbf6eed4dea69a58cb3139244a5213ebe449000dd7838a4efe3c30def,1920,1080,12.1,123,10.167,100,8333,Left,0.908087,0.434082,0.037644,1e-06,0.0,0.0,0.32892,0.110333,-0.035073,0.0,0.0,0.237942,0.236198,-0.072063,0.0,0.0,0.160192,0.339326,-0.100274,0.0,0.0,0.090596,0.412903,-0.135247,0.0,0.0,0.309808,0.268112,-0.149661,0.0,0.0,0.279145,0.486015,-0.198556,0.0,0.0,0.26061,0.618447,-0.223871,0.0,0.0,0.244125,0.729934,-0.243839,0.0,0.0,0.384829,0.265793,-0.157667,0.0,0.0,0.399311,0.492872,-0.214594,0.0,0.0,0.401839,0.654294,-0.254172,0.0,0.0,0.408503,0.775876,-0.287654,0.0,0.0,0.449764,0.244996,-0.158723,0.0,0.0,0.494448,0.44031,-0.223043,0.0,0.0,0.51892,0.56887,-0.270755,0.0,0.0,0.545624,0.665553,-0.306464,0.0,0.0,0.496694,0.2118,-0.156273,0.0,0.0,0.560163,0.259083,-0.218997,0.0,0.0,0.607545,0.249559,-0.252006,0.0,0.0,0.649951,0.238045,-0.275972,0.0,0.0
v20.mp4,bb8c03ffbf6eed4dea69a58cb3139244a5213ebe449000dd7838a4efe3c30def,1920,1080,12.1,123,10.167,101,8416,Left,0.854961,0.433407,0.033743,1e-06,0.0,0.0,0.328021,0.110443,-0.034083,0.0,0.0,0.237861,0.238771,-0.06956,0.0,0.0,0.15997,0.339249,-0.096171,0.0,0.0,0.091927,0.411527,-0.129472,0.0,0.0,0.311113,0.265938,-0.149393,0.0,0.0,0.279103,0.485187,-0.197692,0.0,0.0,0.258923,0.61806,-0.223088,0.0,0.0,0.239766,0.728904,-0.243162,0.0,0.0,0.386731,0.260745,-0.156949,0.0,0.0,0.403301,0.489735,-0.211769,0.0,0.0,0.403216,0.651705,-0.251168,0.0,0.0,0.406632,0.773849,-0.28519,0.0,0.0,0.45149,0.238977,-0.157381,0.0,0.0,0.497951,0.441278,-0.22052,0.0,0.0,0.521938,0.572477,-0.269713,0.0,0.0,0.54801,0.670344,-0.307028,0.0,0.0,0.497682,0.206631,-0.154111,0.0,0.0,0.560583,0.252856,-0.217116,0.0,0.0,0.605704,0.239069,-0.251175,0.0,0.0,0.646173,0.223189,-0.276063,0.0,0.0
v20.mp4,bb8c03ffbf6eed4dea69a58cb3139244a5213ebe449000dd7838a4efe3c30def,1920,1080,12.1,123,10.167,102,8500,Left,0.81652,0.432748,0.039892,1e-06,0.0,0.0,0.327774,0.117312,-0.043943,0.0,0.0,0.234523,0.238517,-0.083857,0.0,0.0,0.156,0.340007,-0.114169,0.0,0.0,0.089033,0.411677,-0.15031,0.0,0.0,0.313991,0.270572,-0.158143,0.0,0.0,0.285789,0.482792,-0.212628,0.0,0.0,0.264204,0.616331,-0.241903,0.0,0.0,0.244011,0.731537,-0.263504,0.0,0.0,0.388463,0.268202,-0.160379,0.0,0.0,0.403998,0.486823,-0.221667,0.0,0.0,0.401,0.646488,-0.262511,0.0,0.0,0.403335,0.775105,-0.295934,0.0,0.0,0.450374,0.252741,-0.156579,0.0,0.0,0.4953,0.449246,-0.21936,0.0,0.0,0.520699,0.576954,-0.264284,0.0,0.0,0.549065,0.67698,-0.296545,0.0,0.0,0.493627,0.22717,-0.150779,0.0,0.0,0.550206,0.312815,-0.209369,0.0,0.0,0.589906,0.330381,-0.241684,0.0,0.0,0.629687,0.33909,-0.264379,0.0,0.0
v20.mp4,bb8c03ffbf6eed4dea69a58cb3139244a5213ebe449000dd7838a4efe3c30def,1920,1080,12.1,123,10.167,103,8583,Left,0.934652,0.429782,0.052762,1e-06,0.0,0.0,0.328307,0.128376,-0.038477,0.0,0.0,0.23583,0.242556,-0.076336,0.0,0.0,0.155529,0.340515,-0.105457,0.0,0.0,0.088384,0.416271,-0.13843,0.0,0.0,0.315014,0.269571,-0.15087,0.0,0.0,0.286723,0.472481,-0.206312,0.0,0.0,0.266053,0.613313,-0.23892,0.0,0.0,0.247292,0.7387,-0.262313,0.0,0.0,0.389437,0.267628,-0.153797,0.0,0.0,0.39548,0.483897,-0.211633,0.0,0.0,0.396382,0.654964,-0.24981,0.0,0.0,0.405473,0.796581,-0.283781,0.0,0.0,0.452787,0.263525,-0.150794,0.0,0.0,0.483788,0.464549,-0.203837,0.0,0.0,0.514326,0.595648,-0.236878,0.0,0.0,0.548306,0.692134,-0.262375,0.0,0.0,0.500318,0.256451,-0.146912,0.0,0.0,0.545946,0.392003,-0.192913,0.0,0.0,0.588818,0.452543,-0.216286,0.0,0.0,0.632034,0.49996,-0.233996,0.0,0.0
v20.mp4,bb8c03ffbf6eed4dea69a58cb3139244a5213ebe449000dd7838a4efe3c30def,1920,1080,12.1,123,10.167,104,8666,Left,0.824767,0.430627,0.050972,1e-06,0.0,0.0,0.330411,0.124972,-0.038493,0.0,0.0,0.236772,0.236744,-0.073498,0.0,0.0,0.158081,0.335862,-0.100778,0.0,0.0,0.093864,0.415716,-0.132094,0.0,0.0,0.315297,0.272723,-0.136441,0.0,0.0,0.284476,0.471004,-0.187308,0.0,0.0,0.263694,0.610443,-0.217323,0.0,0.0,0.246051,0.73505,-0.238821,0.0,0.0,0.386041,0.2737,-0.138371,0.0,0.0,0.391272,0.484867,-0.191045,0.0,0.0,0.39285,0.651197,-0.225401,0.0,0.0,0.403307,0.794582,-0.256008,0.0,0.0,0.447512,0.268039,-0.135542,0.0,0.0,0.482028,0.462278,-0.182029,0.0,0.0,0.512471,0.59372,-0.209323,0.0,0.0,0.544931,0.696754,-0.23116,0.0,0.0,0.495486,0.256546,-0.132866,0.0,0.0,0.544981,0.393722,-0.172649,0.0,0.0,0.584872,0.464211,-0.192051,0.0,0.0,0.623836,0.522514,-0.207153,0.0,0.0
v20.mp4,bb8c03ffbf6eed4dea69a58cb3139244a5213ebe449000dd7838a4efe3c30def,1920,1080,12.1,123,10.167,105,8750,Left,0.851596,0.431344,0.051358,1e-06,0.0,0.0,0.330117,0.126281,-0.037387,0.0,0.0,0.235229,0.238253,-0.072365,0.0,0.0,0.155907,0.335639,-0.099086,0.0,0.0,0.090881,0.413155,-0.130157,0.0,0.0,0.314188,0.27254,-0.140804,0.0,0.0,0.285697,0.470508,-0.192865,0.0,0.0,0.264934,0.608503,-0.224348,0.0,0.0,0.246838,0.731511,-0.247224,0.0,0.0,0.386725,0.269158,-0.143643,0.0,0.0,0.395563,0.487786,-0.195758,0.0,0.0,0.396771,0.654579,-0.231285,0.0,0.0,0.406806,0.795921,-0.263699,0.0,0.0,0.448827,0.262318,-0.14131,0.0,0.0,0.482957,0.466394,-0.189527,0.0,0.0,0.512232,0.597083,-0.220767,0.0,0.0,0.544837,0.697823,-0.246013,0.0,0.0,0.496347,0.251184,-0.138473,0.0,0.0,0.547513,0.383879,-0.18133,0.0,0.0,0.591356,0.443128,-0.203389,0.0,0.0,0.63409,0.490822,-0.220688,0.0,0.0
v20.mp4,bb8c03ffbf6eed4dea69a58cb3139244a5213ebe449000dd7838a4efe3c30def,1920,1080,12.1,123,10.167,106,8833,Left,0.847555,0.432206,0.047038,1e-06,0.0,0.0,0.329336,0.121032,-0.040782,0.0,0.0,0.233402,0.23824,-0.077019,0.0,0.0,0.155597,0.337744,-0.103316,0.0,0.0,0.09018,0.413547,-0.134762,0.0,0.0,0.316039,0.277884,-0.151488,0.0,0.0,0.28722,0.478404,-0.204756,0.0,0.0,0.265941,0.615914,-0.237289,0.0,0.0,0.246208,0.734515,-0.261632,0.0,0.0,0.39322,0.273914,-0.154476,0.0,0.0,0.402262,0.494167,-0.207761,0.0,0.0,0.401171,0.660848,-0.246039,0.0,0.0,0.408354,0.794456,-0.28058,0.0,0.0,0.456247,0.262001,-0.151842,0.0,0.0,0.487677,0.468135,-0.206512,0.0,0.0,0.515251,0.595983,-0.246881,0.0,0.0,0.546289,0.693363,-0.278873,0.0,0.0,0.501354,0.241549,-0.147804,0.0,0.0,0.563294,0.343373,-0.201417,0.0,0.0,0.618561,0.376523,-0.231364,0.0,0.0,0.668724,0.399157,-0.253782,0.0,0.0
v20.mp4,bb8c03ffbf6eed4dea69a58cb3139244a5213ebe449000dd7838a4efe3c30def,1920,1080,12.1,123,10.167,107,8916,Left,0.734905,0.43745,0.032054,1e-06,0.0,0.0,0.334963,0.112881,-0.035369,0.0,0.0,0.236188,0.237784,-0.067514,0.0,0.0,0.158786,0.342428,-0.092567,0.0,0.0,0.095874,0.412596,-0.12385,0.0,0.0,0.310656,0.268378,-0.134738,0.0,0.0,0.278292,0.477145,-0.178068,0.0,0.0,0.256663,0.613066,-0.199898,0.0,0.0,0.239432,0.730654,-0.217657,0.0,0.0,0.37913,0.270848,-0.141373,0.0,0.0,0.391346,0.491078,-0.186464,0.0,0.0,0.392009,0.653948,-0.216722,0.0,0.0,0.398594,0.787977,-0.244523,0.0,0.0,0.440919,0.255519,-0.143393,0.0,0.0,0.473994,0.461836,-0.1921,0.0,0.0,0.489587,0.601194,-0.232151,0.0,0.0,0.50738,0.715793,-0.264656,0.0,0.0,0.490544,0.22391,-0.143936,0.0,0.0,0.539483,0.317807,-0.195952,0.0,0.0,0.57543,0.355953,-0.229105,0.0,0.0,0.610111,0.383375,-0.254431,0.0,0.0
v20.mp4,bb8c03ffbf6eed4dea69a58cb3139244a5213ebe449000dd7838a4efe3c30def,1920,1080,12.1,123,10.167,108,9000,Left,0.913617,0.435466,0.044064,1e-06,0.0,0.0,0.328796,0.117674,-0.043791,0.0,0.0,0.235378,0.242344,-0.082931,0.0,0.0,0.157999,0.348608,-0.112537,0.0,0.0,0.090109,0.41952,-0.147606,0.0,0.0,0.310687,0.27422,-0.154166,0.0,0.0,0.280781,0.48804,-0.207875,0.0,0.0,0.260875,0.619295,-0.237403,0.0,0.0,0.244461,0.73315,-0.259291,0.0,0.0,0.384832,0.271629,-0.157195,0.0,0.0,0.400166,0.494839,-0.217643,0.0,0.0,0.400045,0.653226,-0.25814,0.0,0.0,0.406131,0.778921,-0.291112,0.0,0.0,0.446819,0.258922,-0.154621,0.0,0.0,0.489357,0.459563,-0.216018,0.0,0.0,0.516326,0.58308,-0.258289,0.0,0.0,0.547519,0.679085,-0.288285,0.0,0.0,0.491302,0.237343,-0.150277,0.0,0.0,0.552037,0.33416,-0.204255,0.0,0.0,0.599059,0.36657,-0.233312,0.0,0.0,0.643125,0.387673,-0.253919,0.0,0.0
v20.mp4,bb8c03ffbf6eed4dea69a58cb3139244a5213ebe449000dd7838a4efe3c30def,1920,1080,12.1,123,10.167,109,9083,Left,0.910166,0.431964,0.061977,1e-06,0.0,0.0,0.330922,0.133418,-0.043179,0.0,0.0,0.236723,0.250745,-0.082329,0.0,0.0,0.154366,0.346557,-0.11192,0.0,0.0,0.086918,0.419757,-0.145565,0.0,0.0,0.318383,0.272587,-0.157431,0.0,0.0,0.2863,0.471716,-0.214493,0.0,0.0,0.263269,0.60959,-0.247918,0.0,0.0,0.243625,0.732921,-0.271936,0.0,0.0,0.390691,0.273098,-0.158346,0.0,0.0,0.396105,0.487719,-0.217117,0.0,0.0,0.396325,0.655961,-0.254783,0.0,0.0,0.405737,0.797359,-0.288223,0.0,0.0,0.451696,0.269974,-0.153608,0.0,0.0,0.485137,0.470912,-0.20541,0.0,0.0,0.514842,0.603842,-0.235672,0.0,0.0,0.547986,0.705146,-0.259712,0.0,0.0,0.497068,0.262155,-0.148781,0.0,0.0,0.5426,0.396228,-0.192134,0.0,0.0,0.581754,0.464827,-0.213308,0.0,0.0,0.620428,0.519997,-0.230062,0.0,0.0
v20.mp4,bb8c03ffbf6eed4dea69a58cb3139244a5213ebe449000dd7838a4efe3c30def,1920,1080,12.1,123,10.167,110,9166,Left,0.846187,0.429069,0.056517,1e-06,0.0,0.0,0.328789,0.131888,-0.038599,0.0,0.0,0.233831,0.243201,-0.074777,0.0,0.0,0.155024,0.339482,-0.102926,0.0,0.0,0.090943,0.416753,-0.135185,0.0,0.0,0.314378,0.278349,-0.142295,0.0,0.0,0.284309,0.475372,-0.19491,0.0,0.0,0.263455,0.613689,-0.226272,0.0,0.0,0.24534,0.736984,-0.248852,0.0,0.0,0.386989,0.27577,-0.144961,0.0,0.0,0.394616,0.490146,-0.198522,0.0,0.0,0.395823,0.656802,-0.233746,0.0,0.0,0.405895,0.798323,-0.265493,0.0,0.0,0.449053,0.269888,-0.142645,0.0,0.0,0.481686,0.470875,-0.191416,0.0,0.0,0.511303,0.600089,-0.221036,0.0,0.0,0.544601,0.699457,-0.244558,0.0,0.0,0.496418,0.259522,-0.140127,0.0,0.0,0.544067,0.397329,-0.182297,0.0,0.0,0.586107,0.461627,-0.203219,0.0,0.0,0.627981,0.512681,-0.219448,0.0,0.0
v20.mp4,bb8c03ffbf6eed4dea69a58cb3139244a5213ebe449000dd7838a4efe3c30def,1920,1080,12.1,123,10.167,111,9250,Left,0.785522,0.433279,0.047052,1e-06,0.0,0.0,0.329475,0.123445,-0.038236,0.0,0.0,0.232973,0.241058,-0.072667,0.0,0.0,0.153907,0.340743,-0.098312,0.0,0.0,0.090938,0.414572,-0.128991,0.0,0.0,0.314068,0.280928,-0.143893,0.0,0.0,0.284354,0.482096,-0.193826,0.0,0.0,0.263353,0.616784,-0.223217,0.0,0.0,0.244692,0.734714,-0.245688,0.0,0.0,0.387997,0.276914,-0.148601,0.0,0.0,0.398184,0.495683,-0.200233,0.0,0.0,0.399057,0.658939,-0.237638,0.0,0.0,0.407469,0.79145,-0.271041,0.0,0.0,0.450075,0.262225,-0.147839,0.0,0.0,0.485383,0.47021,-0.201924,0.0,0.0,0.513905,0.599568,-0.242844,0.0,0.0,0.545373,0.700157,-0.274804,0.0,0.0,0.494722,0.237727,-0.145422,0.0,0.0,0.557794,0.340813,-0.198077,0.0,0.0,0.610879,0.380349,-0.228457,0.0,0.0,0.659368,0.411222,-0.251195,0.0,0.0
v20.mp4,bb8c03ffbf6eed4dea69a58cb3139244a5213ebe449000dd7838a4efe3c30def,1920,1080,12.1,123,10.167,112,9333,Left,0.533726,0.433944,0.036017,1e-06,0.0,0.0,0.330251,0.114096,-0.028059,0.0,0.0,0.244059,0.239959,-0.060046,0.0,0.0,0.177896,0.33377,-0.086434,0.0,0.0,0.115338,0.408101,-0.120472,0.0,0.0,0.315257,0.277659,-0.137345,0.0,0.0,0.28392,0.489511,-0.18005,0.0,0.0,0.263386,0.62424,-0.200114,0.0,0.0,0.245044,0.734266,-0.217292,0.0,0.0,0.389159,0.274239,-0.150879,0.0,0.0,0.40312,0.500516,-0.196837,0.0,0.0,0.401919,0.663924,-0.229619,0.0,0.0,0.404592,0.79125,-0.259626,0.0,0.0,0.456197,0.243965,-0.158428,0.0,0.0,0.498406,0.443765,-0.220652,0.0,0.0,0.520219,0.580528,-0.273593,0.0,0.0,0.54301,0.692236,-0.314553,0.0,0.0,0.507313,0.192434,-0.16161,0.0,0.0,0.564226,0.20535,-0.231098,0.0,0.0,0.598252,0.188511,-0.272133,0.0,0.0,0.628522,0.172582,-0.302181,0.0,0.0
v20.mp4,bb8c03ffbf6eed4dea69a58cb3139244a5213ebe449000dd7838a4efe3c30def,1920,1080,12.1,123,10.167,113,9416,Left,0.853115,0.438447,0.043309,1e-06,0.0,0.0,0.329334,0.118223,-0.027652,0.0,0.0,0.239997,0.242967,-0.062048,0.0,0.0,0.161395,0.336676,-0.089451,0.0,0.0,0.092919,0.409344,-0.124598,0.0,0.0,0.308237,0.282384,-0.143046,0.0,0.0,0.28001,0.489859,-0.192475,0.0,0.0,0.260839,0.624104,-0.219471,0.0,0.0,0.243702,0.738331,-0.240817,0.0,0.0,0.386237,0.277974,-0.157339,0.0,0.0,0.400654,0.49717,-0.213324,0.0,0.0,0.397355,0.662368,-0.25472,0.0,0.0,0.397602,0.790111,-0.289773,0.0,0.0,0.455705,0.248995,-0.16447,0.0,0.0,0.49842,0.444859,-0.235105,0.0,0.0,0.5216,0.577702,-0.290815,0.0,0.0,0.546466,0.682963,-0.331427,0.0,0.0,0.50695,0.204172,-0.166389,0.0,0.0,0.559234,0.227139,-0.238432,0.0,0.0,0.594508,0.200693,-0.275701,0.0,0.0,0.626963,0.176962,-0.301759,0.0,0.0
v20.mp4,bb8c03ffbf6eed4dea69a58cb3139244a5213ebe449000dd7838a4efe3c30def,1920,1080,12.1,123,10.167,114,9500,Left,0.960189,0.42775,0.04826,1e-06,0.0,0.0,0.322543,0.12677,-0.035572,0.0,0.0,0.235687,0.246115,-0.073695,0.0,0.0,0.156783,0.346156,-0.103179,0.0,0.0,0.088374,0.417702,-0.137037,0.0,0.0,0.314447,0.281471,-0.151168,0.0,0.0,0.283254,0.483749,-0.208178,0.0,0.0,0.261104,0.618699,-0.242342,0.0,0.0,0.242295,0.737031,-0.267101,0.0,0.0,0.388345,0.278273,-0.157162,0.0,0.0,0.397986,0.4987,-0.215397,0.0,0.0,0.399647,0.662415,-0.25482,0.0,0.0,0.409576,0.795528,-0.28903,0.0,0.0,0.450505,0.265704,-0.156744,0.0,0.0,0.485331,0.46574,-0.211882,0.0,0.0,0.514774,0.593984,-0.248051,0.0,0.0,0.548628,0.694631,-0.275988,0.0,0.0,0.496443,0.246218,-0.154615,0.0,0.0,0.555189,0.3517,-0.203298,0.0,0.0,0.604958,0.403646,-0.228016,0.0,0.0,0.651641,0.44799,-0.24639,0.0,0.0
v20.mp4,bb8c03ffbf6eed4dea69a58cb3139244a5213ebe449000dd7838a4efe3c30def,1920,1080,12.1,123,10.167,115,9583,Left,0.735305,0.427699,0.061007,1e-06,0.0,0.0,0.330714,0.13129,-0.039866,0.0,0.0,0.23731,0.242852,-0.074959,0.0,0.0,0.159436,0.340714,-0.10263,0.0,0.0,0.096695,0.418999,-0.134759,0.0,0.0,0.317962,0.281886,-0.137773,0.0,0.0,0.284128,0.475265,-0.188869,0.0,0.0,0.262041,0.613695,-0.219209,0.0,0.0,0.243387,0.738179,-0.24095,0.0,0.0,0.388508,0.284076,-0.139852,0.0,0.0,0.392417,0.492266,-0.190759,0.0,0.0,0.392713,0.657177,-0.223029,0.0,0.0,0.402614,0.798672,-0.252196,0.0,0.0,0.450369,0.276367,-0.137615,0.0,0.0,0.484482,0.468219,-0.183466,0.0,0.0,0.514663,0.597677,-0.2098,0.0,0.0,0.547405,0.700428,-0.231062,0.0,0.0,0.499845,0.259177,-0.135879,0.0,0.0,0.548901,0.391745,-0.175936,0.0,0.0,0.591464,0.458541,-0.194881,0.0,0.0,0.633115,0.513325,-0.209624,0.0,0.0
v20.mp4,bb8c03ffbf6eed4dea69a58cb3139244a5213ebe449000dd7838a4efe3c30def,1920,1080,12.1,123,10.167,116,9666,Left,0.776973,0.428733,0.057695,1e-06,0.0,0.0,0.331619,0.129473,-0.037955,0.0,0.0,0.237817,0.24214,-0.071906,0.0,0.0,0.159166,0.339719,-0.098903,0.0,0.0,0.09464,0.415689,-0.130368,0.0,0.0,0.317879,0.279932,-0.133573,0.0,0.0,0.284612,0.475535,-0.183436,0.0,0.0,0.261722,0.613531,-0.213112,0.0,0.0,0.242295,0.737316,-0.234424,0.0,0.0,0.388392,0.282842,-0.136398,0.0,0.0,0.393251,0.493958,-0.185083,0.0,0.0,0.39328,0.658016,-0.216139,0.0,0.0,0.40292,0.798647,-0.24454,0.0,0.0,0.449927,0.275422,-0.135045,0.0,0.0,0.484429,0.468214,-0.178931,0.0,0.0,0.514577,0.597138,-0.204397,0.0,0.0,0.547332,0.699084,-0.225266,0.0,0.0,0.498774,0.258235,-0.134213,0.0,0.0,0.548238,0.391917,-0.172905,0.0,0.0,0.591221,0.458768,-0.191204,0.0,0.0,0.632586,0.513088,-0.205524,0.0,0.0
v20.mp4,bb8c03ffbf6eed4dea69a58cb3139244a5213ebe449000dd7838a4efe3c30def,1920,1080,12.1,123,10.167,117,9750,Left,0.769947,0.429042,0.060005,1e-06,0.0,0.0,0.331303,0.131488,-0.038947,0.0,0.0,0.237586,0.243286,-0.073637,0.0,0.0,0.159323,0.340162,-0.101064,0.0,0.0,0.095438,0.416159,-0.132929,0.0,0.0,0.318346,0.279631,-0.136866,0.0,0.0,0.28515,0.473111,-0.188406,0.0,0.0,0.261848,0.611199,-0.219378,0.0,0.0,0.242017,0.735753,-0.241485,0.0,0.0,0.388688,0.282395,-0.139315,0.0,0.0,0.393161,0.4908,-0.189551,0.0,0.0,0.392932,0.655264,-0.221549,0.0,0.0,0.402389,0.79707,-0.250717,0.0,0.0,0.450103,0.275714,-0.137501,0.0,0.0,0.484258,0.467813,-0.182646,0.0,0.0,0.514145,0.597415,-0.208682,0.0,0.0,0.546606,0.699329,-0.229906,0.0,0.0,0.498925,0.259703,-0.136217,0.0,0.0,0.54712,0.392959,-0.175552,0.0,0.0,0.588802,0.460402,-0.194171,0.0,0.0,0.629364,0.514766,-0.208809,0.0,0.0
v20.mp4,bb8c03ffbf6eed4dea69a58cb3139244a5213ebe449000dd7838a4efe3c30def,1920,1080,12.1,123,10.167,118,9833,Left,0.762455,0.430234,0.061207,1e-06,0.0,0.0,0.331111,0.133298,-0.040263,0.0,0.0,0.236964,0.246074,-0.075805,0.0,0.0,0.157635,0.341526,-0.103747,0.0,0.0,0.093326,0.416753,-0.13611,0.0,0.0,0.317288,0.279357,-0.140564,0.0,0.0,0.285239,0.472439,-0.19368,0.0,0.0,0.26178,0.609898,-0.225502,0.0,0.0,0.241617,0.734797,-0.248131,0.0,0.0,0.387435,0.281186,-0.14278,0.0,0.0,0.39259,0.490735,-0.194865,0.0,0.0,0.392554,0.655922,-0.227927,0.0,0.0,0.402131,0.798165,-0.257863,0.0,0.0,0.448587,0.274275,-0.140686,0.0,0.0,0.483826,0.466125,-0.187694,0.0,0.0,0.513947,0.596215,-0.214665,0.0,0.0,0.5465,0.698024,-0.236317,0.0,0.0,0.497033,0.258769,-0.139116,0.0,0.0,0.546492,0.392576,-0.179695,0.0,0.0,0.588513,0.459877,-0.198969,0.0,0.0,0.62917,0.513832,-0.214093,0.0,0.0
v20.mp4,bb8c03ffbf6eed4dea69a58cb3139244a5213ebe449000dd7838a4efe3c30def,1920,1080,12.1,123,10.167,119,9916,Left,0.75725,0.429341,0.051993,1e-06,0.0,0.0,0.328037,0.127993,-0.038709,0.0,0.0,0.235364,0.242431,-0.074643,0.0,0.0,0.158265,0.338894,-0.101818,0.0,0.0,0.094015,0.414335,-0.133927,0.0,0.0,0.317795,0.283792,-0.14783,0.0,0.0,0.287715,0.479517,-0.201442,0.0,0.0,0.265516,0.615213,-0.233812,0.0,0.0,0.245067,0.733743,-0.257861,0.0,0.0,0.392201,0.28239,-0.152312,0.0,0.0,0.398697,0.496531,-0.205319,0.0,0.0,0.397506,0.660875,-0.242639,0.0,0.0,0.404875,0.795713,-0.276304,0.0,0.0,0.454338,0.268623,-0.151302,0.0,0.0,0.486736,0.470831,-0.204748,0.0,0.0,0.516765,0.598092,-0.243049,0.0,0.0,0.549287,0.69713,-0.273485,0.0,0.0,0.499455,0.243677,-0.149028,0.0,0.0,0.558418,0.343276,-0.200396,0.0,0.0,0.609808,0.381297,-0.228643,0.0,0.0,0.6578,0.41106,-0.249904,0.0,0.0
v20.mp4,bb8c03ffbf6eed4dea69a58cb3139244a5213ebe449000dd7838a4efe3c30def,1920,1080,12.1,123,10.167,120,10000,Right,0.790844,0.425596,0.036798,1e-06,0.0,0.0,0.433104,0.11467,-0.036581,0.0,0.0,0.428816,0.204931,-0.078691,0.0,0.0,0.430905,0.245478,-0.114712,0.0,0.0,0.419489,0.266095,-0.158683,0.0,0.0,0.403872,0.280232,-0.144089,0.0,0.0,0.369675,0.497409,-0.184207,0.0,0.0,0.352216,0.632648,-0.202919,0.0,0.0,0.337469,0.743688,-0.218143,0.0,0.0,0.391177,0.274291,-0.150909,0.0,0.0,0.395641,0.502904,-0.195398,0.0,0.0,0.394042,0.671265,-0.224589,0.0,0.0,0.397293,0.808209,-0.249298,0.0,0.0,0.379887,0.235022,-0.152433,0.0,0.0,0.398586,0.444594,-0.204784,0.0,0.0,0.416089,0.593732,-0.252727,0.0,0.0,0.435353,0.713632,-0.288631,0.0,0.0,0.36502,0.171402,-0.151437,0.0,0.0,0.377892,0.215644,-0.2091,0.0,0.0,0.400367,0.224249,-0.243797,0.0,0.0,0.423998,0.22351,-0.267674,0.0,0.0
v20.mp4,bb8c03ffbf6eed4dea69a58cb3139244a5213ebe449000dd7838a4efe3c30def,1920,1080,12.1,123,10.167,121,10083,Left,0.923864,0.426749,0.061792,1e-06,0.0,0.0,0.331181,0.13065,-0.039492,0.0,0.0,0.250115,0.239092,-0.078357,0.0,0.0,0.180717,0.324053,-0.106743,0.0,0.0,0.123933,0.391405,-0.142228,0.0,0.0,0.312735,0.293378,-0.154567,0.0,0.0,0.282417,0.490487,-0.209193,0.0,0.0,0.26578,0.623675,-0.239487,0.0,0.0,0.25067,0.734999,-0.260523,0.0,0.0,0.386227,0.288053,-0.16013,0.0,0.0,0.402823,0.510424,-0.219022,0.0,0.0,0.404634,0.669652,-0.258933,0.0,0.0,0.40428,0.793781,-0.289166,0.0,0.0,0.450387,0.262987,-0.159105,0.0,0.0,0.494182,0.445418,-0.225481,0.0,0.0,0.516589,0.57361,-0.274196,0.0,0.0,0.540082,0.667363,-0.306446,0.0,0.0,0.497083,0.225652,-0.154349,0.0,0.0,0.532861,0.280038,-0.21896,0.0,0.0,0.55595,0.272005,-0.249001,0.0,0.0,0.581893,0.254088,-0.266924,0.0,0.0
v20.mp4,bb8c03ffbf6eed4dea69a58cb3139244a5213ebe449000dd7838a4efe3c30def,1920,1080,12.1,123,10.167,122,10166,Left,0.698949,0.443945,0.034636,1e-06,0.0,0.0,0.336785,0.111334,-0.042643,0.0,0.0,0.246311,0.236196,-0.085845,0.0,0.0,0.167963,0.335053,-0.120098,0.0,0.0,0.096964,0.405538,-0.16127,0.0,0.0,0.314097,0.274888,-0.166124,0.0,0.0,0.282995,0.488477,-0.223085,0.0,0.0,0.262331,0.621741,-0.250564,0.0,0.0,0.244559,0.733427,-0.270352,0.0,0.0,0.386807,0.273031,-0.173035,0.0,0.0,0.398449,0.491991,-0.238858,0.0,0.0,0.394737,0.653953,-0.280617,0.0,0.0,0.395136,0.779839,-0.312842,0.0,0.0,0.452407,0.247827,-0.173784,0.0,0.0,0.499214,0.439505,-0.247727,0.0,0.0,0.523782,0.566565,-0.301944,0.0,0.0,0.549055,0.666065,-0.338292,0.0,0.0,0.502187,0.206505,-0.170788,0.0,0.0,0.549354,0.269431,-0.242527,0.0,0.0,0.57711,0.272592,-0.282289,0.0,0.0,0.605734,0.267637,-0.308339,0.0,0.0
